{
  "format_version":"1.16.100",
  "animation_controllers":{
    "controller.animation.chopper":{
      "states":{
        "default":{
          "transitions":[
            {"1":"query.variant == 20"}
          ]
        },
        "1":{
          "transitions":[
            {"2":"(1.0)"}
          ],
          "on_entry":[
            "/effect @s slowness 100000 20 true"
          ]
        },
        "2":{
          "transitions":[
            {"4":"!(query.variant == 20)"},
            {"3":"query.variant == 20"}
          ],
          "on_entry":[
            "/tp @e[type=op_asa:nami,r=9,tag=help] @s",
            "/tp @e[type=op_asa:usopp,r=9,tag=help] @s"
          ]
        },
        "3":{
          "transitions":[
            {"2":"(1.0)"}
          ]
        },
        "4":{
          "transitions":[
            {"default":"(1.0)"}
          ],
          "on_entry":[
            "/effect @s slowness 0 21 true"
          ]
        }
      }
    }
  }
}