{
  "format_version": "1.8.0",
  "animations": {
    "animation.m14.reload": {
      "loop": false,
      "animation_length": 6.5,
      "timeline": {
        "0.0": "/title @s actionbar Reloading",
        "0.7": "/playsound m14.out @a[r=12] ~ ~ ~",
        "2.0": "/title @s actionbar >Reloading<",
        "3.0": "/title @s actionbar >>Reloading<<",
        "3.4": "/playsound m14.in @a[r=12] ~ ~ ~",
        "4.0": "/title @s actionbar >Reloading<",
        "4.1": "/clear @s gun:m14_emp 0 1",
        "5.3": "/playsound m14.charge @a[r=12] ~ ~ ~",
        "6.0": "/title @s actionbar Reloading",
        "6.3": "/replaceitem entity @s slot.weapon.mainhand 1 gun:m14"
      }
    }
  }
}