{
	"format_version": "1.8.0",
	"animations": {
		"animation.allie.stand": {
			"loop": true,
			"animation_length": 14.08,
			"bones": {
				"Body": {
					"rotation": {
						"0.0": [0, 0, 0],
						"0.76": [0, 360, 0],
						"7.08": [0, 360, 0],
						"7.92": [0, 360, 7],
						"8.44": [0, 360, 7],
						"9.72": [0, 0, -283.3],
						"12.2": [0, 0, -283.3],
						"13.92": [0, 0, 0]
					},
					"position": {
						"0.0": [0, -35.2, 0],
						"0.76": [0, 7.8, 0],
						"1.28": [0, -2.5, 0],
						"1.88": [0, 2.8, 0],
						"2.4": [0, 0, 0],
						"3.2": [0, 0.9, 0],
						"3.96": [0, 0, 0],
						"5.36": [0, 0.9, 0],
						"5.52": [0, -0.7, 0],
						"5.72": [0, 0.6, 0],
						"5.88": [0, -0.3, 0],
						"6.0": [0, 0, 0],
						"6.44": [0, 0.9, 0],
						"7.08": [0, 0, 0],
						"7.92": [0, 0.9, 0],
						"8.44": [0, 0, 0],
						"9.72": [10.7, 1.5, 0],
						"10.28": [10.5, 1.975, 0],
						"11.0": [10.7, 1.5, 0],
						"11.64": [10.5, 1.975, 0],
						"12.2": [10.7, 1.5, 0],
						"13.92": [0, -35.2, 0]
					}
				},
				"head": {
					"rotation": {
						"0.0": [-15, 0, 0],
						"0.76": [-15, 0, 0],
						"1.28": [1, 0, 0],
						"1.88": [0.9763, 0.21643, -12.49816],
						"3.2": [0.98, 0.22, -12.5],
						"3.96": [0, 0, 13],
						"4.68": [0, 0, 0],
						"5.04": [0, 0, 0],
						"5.52": [-10.55, 0, 0],
						"5.68": [6.85, 0, 0],
						"5.84": [-4.35, 0, 0],
						"6.0": [0, 0, 0],
						"7.08": [0, 0, 0],
						"7.92": [0, -17, 17],
						"8.44": [0, -17, 17],
						"9.36": [0, 0, -24],
						"10.16": [0, 0, -33],
						"10.88": [0, 0, -24],
						"12.2": [0, 0, -24]
					}
				},
				"hair": {
					"rotation": {
						"0.0": [0, 0, 0],
						"12.2": [0, 0, 0]
					}
				},
				"closedL": {
					"position": {
						"1.28": [0, 0, 0],
						"1.32": [0, 0, -1],
						"1.72": [0, 0, -1],
						"1.76": [0, 0, 0],
						"5.44": [0, 0, 0],
						"5.48": [0, 0, -1],
						"5.8": [0, 0, -1],
						"5.84": [0, 0, 0],
						"11.24": [0, 0, 0],
						"11.28": [0, 0, -1],
						"11.52": [0, 0, -1],
						"11.56": [0, 0, 0]
					}
				},
				"openL": {
					"position": {
						"1.28": [0, 0, 0],
						"1.32": [0, 0, 1],
						"1.72": [0, 0, 1],
						"1.76": [0, 0, 0],
						"5.44": [0, 0, 0],
						"5.48": [0, 0, 1],
						"5.8": [0, 0, 1],
						"5.84": [0, 0, 0],
						"11.24": [0, 0, 0],
						"11.28": [0, 0, 1],
						"11.52": [0, 0, 1],
						"11.56": [0, 0, 0]
					}
				},
				"irsisFaceL": {
					"position": {
						"7.08": [0, 0, 0],
						"7.92": [-0.1, 0, 0]
					}
				},
				"closedR": {
					"position": {
						"1.28": [0, 0, 0],
						"1.32": [0, 0, -1],
						"1.72": [0, 0, -1],
						"1.76": [0, 0, 0],
						"5.44": [0, 0, 0],
						"5.48": [0, 0, -1],
						"5.8": [0, 0, -1],
						"5.84": [0, 0, 0],
						"11.24": [0, 0, 0],
						"11.28": [0, 0, -1],
						"11.52": [0, 0, -1],
						"11.56": [0, 0, 0]
					}
				},
				"openR": {
					"position": {
						"1.28": [0, 0, 0],
						"1.32": [0, 0, 1],
						"1.72": [0, 0, 1],
						"1.76": [0, 0, 0],
						"5.44": [0, 0, 0],
						"5.48": [0, 0, 1],
						"5.8": [0, 0, 1],
						"5.84": [0, 0, 0],
						"11.24": [0, 0, 0],
						"11.28": [0, 0, 1],
						"11.52": [0, 0, 1],
						"11.56": [0, 0, 0]
					}
				},
				"wideSmugSmile2": {
					"position": {
						"0.0": [0, 0, 1],
						"9.28": [0, 0, 1],
						"9.32": [0, 0, 0],
						"12.2": [0, 0, 0]
					}
				},
				"tongueSmile2": {
					"position": {
						"0.0": [0, 0, -1],
						"9.28": [0, 0, -1],
						"9.32": [0, 0, 0]
					}
				},
				"boobs": {
					"rotation": {
						"4.68": [0, 0, 0],
						"5.04": [0, 0, 0],
						"5.48": [-4.3, 0, 0],
						"5.64": [3.7, 0, 0],
						"5.84": [-2.7, 0, 0],
						"6.0": [1.7, 0, 0],
						"6.2": [-0.9, 0, 0],
						"6.44": [0, 0, 0]
					}
				},
				"armR": {
					"rotation": {
						"0.0": [-180, 0, -47.5],
						"0.76": [-180, 0, -47.5],
						"1.28": [-180, 0, -186.5],
						"1.92": [-145.17744, 82.12365, -126.8449],
						"2.4": [-145.17744, 82.12365, -127.8449],
						"3.96": [-145.17744, 82.12365, -127.8449],
						"4.68": [-202.68, -87.88, -127.84],
						"5.04": [-202.68, -87.88, -127.84],
						"5.68": [-94.68, 14.12, -108.84],
						"7.08": [-94.68, 14.12, -108.84],
						"7.92": [-147.18, -23.38, -194.84],
						"8.44": [-147.18, -23.38, -194.84],
						"9.36": [0, 90, -10],
						"10.16": [-14, 90, -10],
						"10.88": [0, 90, -10],
						"12.2": [0, 90, -10]
					},
					"position": {
						"0.0": [0, -0.6, 0],
						"12.2": [0, -0.6, 0]
					}
				},
				"lowerArmR": {
					"rotation": {
						"1.28": [0, 0, 0],
						"1.88": [100, 0, 0],
						"2.4": [107.5, 0, 0],
						"3.96": [107.5, 0, 0],
						"4.68": [107.5, 0, 0],
						"5.04": [107.5, 0, 0],
						"5.68": [88.5, 0, 0],
						"7.08": [88.5, 0, 0],
						"7.92": [48.5, 0, 0],
						"8.44": [48.5, 0, 0],
						"9.36": [-13, 0, 0],
						"10.16": [-123, 0, 0],
						"10.88": [-13, 0, 0],
						"12.2": [-13, 0, 0]
					}
				},
				"armL": {
					"rotation": {
						"0.0": [0, 0, -137.5],
						"0.76": [0, 0, -137.5],
						"1.28": [0, 0, 6.5],
						"1.88": [-83.85618, 6.28304, 7.56684],
						"2.4": [-89.85618, 6.28304, 7.56684],
						"3.2": [-89.85618, 6.28304, 7.56684],
						"3.96": [-15.36, -76.72, 7.57],
						"4.68": [-15.36, -76.72, 7.57],
						"5.04": [-15.36, -76.72, 7.57],
						"5.68": [-72.36, 17.28, -70.43],
						"7.08": [-72.36, 17.28, -70.43],
						"7.92": [-84.46534, 21.98463, -31.49041],
						"8.44": [-84.47, 21.98, -31.49],
						"9.36": [-10, 7, -132],
						"12.2": [-10, 7, -132]
					},
					"position": {
						"0.0": [-0.25, -0.475, 0],
						"12.2": [-0.25, -0.47, 0]
					}
				},
				"lowerArmL": {
					"rotation": {
						"1.88": [-5, 0, 0],
						"3.16": [-5, 0, 0],
						"3.96": [-106, 0, 0],
						"4.68": [-106, 0, 0],
						"5.04": [-106, 0, 0],
						"5.68": [-97, 0, 0],
						"7.08": [-97, 0, 0],
						"7.92": [-97, 0, 0],
						"8.44": [-97, 0, 0],
						"9.36": [-123.5, 0, 0],
						"12.2": [-123.5, 0, 0]
					}
				},
				"hip": {
					"rotation": {
						"0.0": [0, 0, 0],
						"12.2": [0, 0, 0]
					}
				},
				"tail": {
					"rotation": {
						"0.0": [0, 0, 0],
						"0.76": [0, 0, 0],
						"1.28": [0, 0, -64],
						"8.44": [0, 0, -64],
						"9.36": [0, 0, 52.5],
						"12.2": [0, 0, 52.5]
					},
					"position": {
						"0.0": [0, 0, 0],
						"0.76": [0, 0, 0],
						"1.28": [2.3, 0, 0],
						"8.44": [2.3, 0, 0],
						"12.2": [2.3, 0, 0]
					}
				}
			},
			"sound_effects": {
				"0.04": {
					"effect": "summonMSG1"
				},
				"1.72": {
					"effect": "summonMSG2"
				},
				"3.68": {
					"effect": "summonMSG3"
				},
				"4.48": {
					"effect": "summonMSG4"
				},
				"5.44": {
					"effect": "summonMSG5"
				},
				"7.56": {
					"effect": "summonMSG6"
				},
				"9.68": {
					"effect": "summonMSG8"
				},
				"12.08": {
					"effect": "summonDone"
				}
			}
		},
		"animation.allie.sit": {
			"loop": true,
			"animation_length": 1.12,
			"bones": {
				"steve": {
					"rotation": {
						"0.0": [0, 0, 0],
						"0.16": [-8, 0, 0],
						"0.4": [18.99, 0, 0],
						"0.56": [13.5, 0, 0],
						"0.76": [13.5, 0, 0],
						"1.12": [0, 0, 0]
					}
				},
				"Torso2": {
					"rotation": {
						"0.0": [0, 0, 0],
						"0.16": [11, 0, 0],
						"0.4": [-38.58, 0, 0],
						"0.56": [-28.5, 0, 0],
						"0.76": [-28.5, 0, 0],
						"1.12": [0, 0, 0]
					}
				},
				"RightArm": {
					"rotation": {
						"0.0": [-32.40109, -2.68407, -4.22005],
						"0.16": [-40.4, -2.68, -5.22],
						"0.4": [-19.06, -2.68, -5.22],
						"0.56": [-23.4, -2.68, -5.22],
						"0.76": [-23.4, -2.68, -5.22],
						"1.12": [-32.40109, -2.68407, -4.22005]
					},
					"position": {
						"0.0": [0, -1.5, -0.8],
						"0.16": [0, -1.5, -1.5],
						"0.4": [0, -0.5, -0.37],
						"0.56": [0, -0.7, -0.6],
						"0.76": [0, -0.7, -0.6],
						"1.12": [0, -1.5, -0.8]
					}
				},
				"LeftArm": {
					"rotation": {
						"0.0": [-32.40109, -2.68407, 4.22],
						"0.16": [-41.4, -2.68, 7.22],
						"0.4": [-20.06, -2.68, 7.22],
						"0.56": [-24.4, -2.68, 7.22],
						"0.76": [-24.4, -2.68, 7.22],
						"1.12": [-32.40109, -2.68407, 4.22]
					},
					"position": {
						"0.0": [0, -1.5, -0.8],
						"0.16": [0, -1.7, -1.4],
						"0.4": [0, -0.7, 0.11],
						"0.56": [0, -0.9, -0.2],
						"0.76": [0, -0.9, -0.2],
						"1.12": [0, -1.5, -0.8]
					}
				},
				"Body": {
					"rotation": {
						"0.0": [90, 0, -180],
						"0.24": [90, 0, -180]
					},
					"position": {
						"0.0": [0, 4, 6],
						"0.24": [0, 4, 5],
						"0.44": [0, 4, 6],
						"0.64": [0, 4, 5],
						"0.84": [0, 4, 6],
						"1.04": [0, 4, 6]
					}
				},
				"head": {
					"rotation": {
						"0.0": [-72.5, 0, 0],
						"0.24": [-72.5, 0, 0],
						"0.32": [-81, 0, 0],
						"0.36": [-80.49, 0, 0],
						"0.4": [-82.16, 0, 0],
						"0.48": [-80.5, 0, 0],
						"0.76": [-77.5, 0, 0],
						"0.92": [-73.12, 0, 0],
						"0.96": [-71.1508, 0, 0],
						"1.12": [-72.5, 0, 0]
					},
					"position": {
						"0.0": [0, 0, -0.9],
						"0.24": [0, 0, -0.9],
						"0.28": [0, 0, -1.025],
						"0.48": [0, 0, -1.075],
						"0.76": [0, 0, -1],
						"0.92": [0, 0, -0.97],
						"0.96": [0, 0, -0.97],
						"1.12": [0, 0, -0.9]
					}
				},
				"closedL": {
					"position": {
						"0.16": [0, 0, 0],
						"0.2": [0, 0, -1],
						"1.0": [0, 0, -1],
						"1.04": [0, 0, 0]
					}
				},
				"openL": {
					"position": {
						"0.16": [0, 0, 0],
						"0.2": [0, 0, 1],
						"1.0": [0, 0, 1],
						"1.04": [0, 0, 0]
					}
				},
				"closedR": {
					"position": {
						"0.16": [0, 0, 0],
						"0.2": [0, 0, -1],
						"1.0": [0, 0, -1],
						"1.04": [0, 0, 0]
					}
				},
				"openR": {
					"position": {
						"0.16": [0, 0, 0],
						"0.2": [0, 0, 1],
						"1.0": [0, 0, 1],
						"1.04": [0, 0, 0]
					}
				},
				"wideSmugSmile2": {
					"position": [0, 0, 1]
				},
				"suprisedPikatchu": {
					"position": [0, 0, -1]
				},
				"choker": {
					"position": [0, 0.6, 0]
				},
				"boobs": {
					"rotation": {
						"0.0": [0, 0, 0],
						"0.2": [0, 0, 0],
						"0.36": [-8, 0, 0],
						"0.52": [5, 0, 0],
						"0.6": [-4.7, 0, 0],
						"0.72": [2.2, 0, 0],
						"0.84": [-2.1, 0, 0],
						"0.96": [0, 0, 0]
					}
				},
				"armR": {
					"rotation": {
						"0.0": [76.77876, -51.79713, -13.88893],
						"0.24": [76.77876, -51.79713, -13.88893],
						"0.4": [80.78, -51.8, -13.89],
						"0.52": [75.78, -51.8, -13.89],
						"0.64": [79.78, -51.8, -13.89],
						"0.76": [76.77876, -51.79713, -13.88893]
					}
				},
				"lowerArmR": {
					"rotation": {
						"0.0": [-80.49334, 0, 0],
						"0.24": [-80.49334, 0, 0],
						"0.4": [-86.49, 0, 0],
						"0.52": [-80.49, 0, 0],
						"0.64": [-84.49, 0, 0],
						"0.76": [-80.49334, 0, 0]
					}
				},
				"armL": {
					"rotation": {
						"0.0": [-276.73713, -43.60634, -151.52691],
						"0.24": [-276.73713, -43.60634, -151.52691],
						"0.4": [-279.74, -43.61, -151.53],
						"0.52": [-275.74, -43.61, -151.53],
						"0.64": [-278.74, -43.61, -151.53],
						"0.76": [-276.73713, -43.60634, -151.52691]
					},
					"position": [0, -0.8, -1.1]
				},
				"lowerArmL": {
					"rotation": {
						"0.0": [89.60598, 0, 0],
						"0.24": [89.61, 0, 0],
						"0.4": [91.61, 0, 0],
						"0.52": [91.61, 0, 0],
						"0.64": [91.61, 0, 0],
						"0.76": [89.60598, 0, 0]
					}
				}
			},
			"sound_effects": {
				"0.24": {
					"effect": "deepthroat_slowMSG1"
				},
				"1.04": {
					"effect": "deepthroat_fastDone"
				}
			}
		},
		"animation.allie.walk": {
			"loop": true,
			"animation_length": 1.64,
			"bones": {
				"Body": {
					"position": {
						"0.0": [0, -2.5, 0],
						"0.84": [0, -1.6, 0],
						"1.64": [0, -2.5, 0]
					}
				},
				"head": {
					"rotation": [1, 0, 0]
				},
				"tongueSmile2": {
					"position": [0, 0, -1]
				},
				"armR": {
					"rotation": [-205, 90, -186.5]
				},
				"lowerArmR": {
					"rotation": [90, 0, 0]
				},
				"armL": {
					"rotation": [26, 88.5, 6.5]
				},
				"lowerArmL": {
					"rotation": [-93, 0, 0]
				},
				"hip": {
					"rotation": [0, 0, 0]
				},
				"tail": {
					"rotation": [0, 0, -64],
					"position": [2.3, 0, 0]
				}
			}
		}
	}
}