{
  "format_version": "1.12",
  "minecraft:recipe_shaped": {
    "description": {
      "identifier": "ak_47_c04eba0c"
    },
    "tags": [
      "crafting_table"
    ],
    "pattern": [
      " AA",
      "BBC",
      "  D"
    ],
    "key": {
      "A": {
        "item": "minecraft:iron_ingot",
        "data": 0
      },
      "B": {
        "item": "minecraft:netherite_ingot",
        "data": 0
      },
      "C": {
        "item": "minecraft:gunpowder",
        "data": 0
      },
      "D": {
        "item": "minecraft:log",
        "data": 0
      }
    },
    "result": {
      "item": "mr:ak_47",
      "count": 1
    }
  }
}