{
  "format_version": "1.12",
  "minecraft:recipe_shaped": {
    "description": {
      "identifier": "bullet_proof_armor_e1dcbc5c"
    },
    "tags": [
      "crafting_table"
    ],
    "pattern": [
      " A ",
      "BCB"
    ],
    "key": {
      "A": {
        "item": "minecraft:iron_ingot",
        "data": 0
      },
      "B": {
        "item": "minecraft:netherite_ingot",
        "data": 0
      },
      "C": {
        "item": "minecraft:iron_chestplate",
        "data": 0
      }
    },
    "result": {
      "item": "mr:bullet_proof_armor",
      "count": 1
    }
  }
}