{
  "format_version": "1.12",
  "minecraft:recipe_shaped": {
    "description": {
      "identifier": "cj_armor_842035c2"
    },
    "tags": [
      "crafting_table"
    ],
    "pattern": [
      "ABA",
      "CDC",
      "ACA"
    ],
    "key": {
      "A": {
        "item": "minecraft:iron_ingot",
        "data": 0
      },
      "B": {
        "item": "minecraft:netherite_block",
        "data": 0
      },
      "C": {
        "item": "minecraft:gold_ingot",
        "data": 0
      },
      "D": {
        "item": "minecraft:diamond_helmet",
        "data": 0
      }
    },
    "result": {
      "item": "mr:cj_armor",
      "count": 1
    }
  }
}