{
  "format_version": "1.12",
  "minecraft:recipe_shaped": {
    "description": {
      "identifier": "michael_armor_67aff14a"
    },
    "tags": [
      "crafting_table"
    ],
    "pattern": [
      "ABA",
      "CDC",
      "AEA"
    ],
    "key": {
      "A": {
        "item": "minecraft:iron_ingot",
        "data": 0
      },
      "B": {
        "item": "minecraft:netherite_block",
        "data": 0
      },
      "C": {
        "item": "minecraft:gold_ingot",
        "data": 0
      },
      "D": {
        "item": "minecraft:iron_helmet",
        "data": 0
      },
      "E": {
        "item": "minecraft:diamond",
        "data": 0
      }
    },
    "result": {
      "item": "mr:michael_armor",
      "count": 1
    }
  }
}