{
  "format_version": "1.12",
  "minecraft:recipe_shaped": {
    "description": {
      "identifier": "niko_bellic_armor_1ca36821"
    },
    "tags": [
      "crafting_table"
    ],
    "pattern": [
      "ABA",
      "CDC",
      "EFE"
    ],
    "key": {
      "A": {
        "item": "minecraft:iron_ingot",
        "data": 0
      },
      "B": {
        "item": "minecraft:netherite_ingot",
        "data": 0
      },
      "C": {
        "item": "minecraft:diamond",
        "data": 0
      },
      "D": {
        "item": "minecraft:diamond_helmet",
        "data": 0
      },
      "E": {
        "item": "minecraft:quartz",
        "data": 0
      },
      "F": {
        "item": "minecraft:netherite_block",
        "data": 0
      }
    },
    "result": {
      "item": "mr:niko_bellic_armor",
      "count": 1
    }
  }
}