{
  "format_version": "1.12",
  "minecraft:recipe_shaped": {
    "description": {
      "identifier": "trevor_armor_730764ca"
    },
    "tags": [
      "crafting_table"
    ],
    "pattern": [
      "ABA",
      "CDC",
      "AEA"
    ],
    "key": {
      "A": {
        "item": "minecraft:iron_ingot",
        "data": 0
      },
      "B": {
        "item": "minecraft:diamond_block",
        "data": 0
      },
      "C": {
        "item": "minecraft:copper_block",
        "data": 0
      },
      "D": {
        "item": "minecraft:diamond_helmet",
        "data": 0
      },
      "E": {
        "item": "minecraft:gold_ingot",
        "data": 0
      }
    },
    "result": {
      "item": "mr:trevor_armor",
      "count": 1
    }
  }
}