{
	"format_version": "1.10.0",
	"animation_controllers": {
	  "controller.animation.grabpac_red": {
		"initial_state": "default",
		"states": {
		  "default": {
			"transitions": [
			  {
				"shoot": "query.get_equipped_item_name('main_hand') == 'grabpack_red' && query.cooldown_time_remaining('slot.weapon.mainhand') > 0.01 && !query.is_sneaking"
			  }, 
			{
				"shootoff": "query.get_equipped_item_name('main_hand') == 'grabpack_red' && query.cooldown_time_remaining('slot.weapon.mainhand') > 0.01 && query.is_sneaking"
			  } 
			]
		  },
		"shootoff": {
			"animations": [
			    "grabpackoff"
			 ], 
			"transitions": [
			  {
				"default": "query.get_equipped_item_name('main_hand') == 'grabpack_red' && query.cooldown_time_remaining('slot.weapon.mainhand') < 0.01"
			  }
			]
		  },
		  "shoot": {
			"animations": [
			    "grabpack"
			 ], 
			"transitions": [
			  {
				"default": "query.get_equipped_item_name('main_hand') == 'grabpack_red' && query.cooldown_time_remaining('slot.weapon.mainhand') < 0.01"
			  }
			]
		  }
		}
	  }, 
	"controller.animation.grabpac_green": {
		"initial_state": "default",
		"states": {
		  "default": {
			"transitions": [
			  {
				"shoot": "query.get_equipped_item_name('main_hand') == 'grabpack_green' && query.cooldown_time_remaining('slot.weapon.mainhand') > 0.01 && !query.is_sneaking"
			  }, 
			{
				"shootoff": "query.get_equipped_item_name('main_hand') == 'grabpack_green' && query.cooldown_time_remaining('slot.weapon.mainhand') > 0.01 && query.is_sneaking"
			  } 
			]
		  },
		"shootoff": {
			"animations": [
			    "grabpackoff"
			 ], 
			"transitions": [
			  {
				"default": "query.get_equipped_item_name('main_hand') == 'grabpack_green' && query.cooldown_time_remaining('slot.weapon.mainhand') < 0.01"
			  }
			]
		  },
		  "shoot": {
			"animations": [
			    "grabpack"
			 ], 
			"transitions": [
			  {
				"default": "query.get_equipped_item_name('main_hand') == 'grabpack_green' && query.cooldown_time_remaining('slot.weapon.mainhand') < 0.01"
			  }
			]
		  }
		}
	  }, 
	"controller.animation.grabpac_blue": {
		"initial_state": "default",
		"states": {
		  "default": {
			"transitions": [
			{
				"shootoff": "query.get_equipped_item_name('main_hand') == 'grabpack_blue' && query.cooldown_time_remaining('slot.weapon.mainhand') > 0.01"
			  } 
			]
		  },
		"shootoff": {
			"animations": [
			    "grabpackoff"
			 ], 
			"transitions": [
			  {
				"default": "query.get_equipped_item_name('main_hand') == 'grabpack_blue' && query.cooldown_time_remaining('slot.weapon.mainhand') < 0.01"
			  }
			]
		  }
		}
	  }
  }
}