{
	"format_version": "1.8.0",
	"animations": {
		"animation.m4a1_tpp_draw": {
			"loop": "hold_on_last_frame",
			"animation_length": 0.25,
			"anim_time_update": "query.anim_time + query.delta_time * 0.7",
			"bones": {
				"waist": {
					"rotation": [0, 0, 0]
				},
				"leftArm": {
					"rotation": {
						"0.0833": [-47.5, 0, 5],
						"0.125": [-90, 0, 0],
						"0.2083": [-95.31, 0, -0.62],
						"0.25": [-90, 0, 0]
					},
					"position": {
						"0.0833": [-0.47, 0, -0.78],
						"0.125": [0.5, 0, -1.5],
						"0.2083": [0.38, 0, -1.34],
						"0.25": [0, 0, -1]
					}
				},
				"rightArm": {
					"rotation": {
						"0.0833": [-56.25, -35, 0],
						"0.125": [-90, -35, 0],
						"0.2083": [-94.22, -35, 0],
						"0.25": [-90, -35, 0]
					},
					"position": {
						"0.0833": [1.06, 0, -0.06],
						"0.125": [1.5, 0, -0.5],
						"0.2083": [1.06, 0, -0.06],
						"0.25": [0.5, 0, 0.5]
					}
				},
				"M4a1": {
					"rotation": [0, 2.5, 0],
					"position": [2.5, -2.25, 0.25],
					"scale": [0.9, 0.95, 1]
				},
				"Left_arm_bend": {
					"rotation": [-32.5, 0, 0],
					"position": [0, 1.5, 0]
				},
				"Left_arm_bend7": {
					"rotation": [-22.5, 0, 0],
					"position": [0, 0.75, 0]
				},
				"Jacket_bend2": {
					"rotation": [5, -15, 0],
					"position": [-0.25, 0, 2.25]
				},
				"Jacket_bend": {
					"rotation": [-2.5, -15, 0],
					"position": [0, 0, 2.25],
					"scale": [1, 1.025, 1]
				},
				"Flash1": {
					"position": [0, -999, 0]
				},
				"Flash2": {
					"position": [0, -999, 0]
				},
				"Flash3": {
					"position": [0, -999, 0]
				},
				"root": {
					"rotation": [0, 35, 0]
				},
				"leftLeg": {
					"rotation": [0, 0, -5]
				},
				"rightLeg": {
					"rotation": [0, 0, 5]
				}
			},
			"sound_effects": {
				"0.0": {
					"effect": "m4a1_draw"
				}
			}
		},
		"animation.m4a1_tpp_hold": {
			"loop": true,
			"bones": {
				"waist": {
					"rotation": [0, 0, 0]
				},
				"leftArm": {
					"rotation": [-90, 0, 0],
					"position": [0, 0, -1]
				},
				"rightArm": {
					"rotation": [-90, -35, 0],
					"position": [0.5, 0, 0.5]
				},
				"M4a1": {
					"rotation": [0, 2.5, 0],
					"position": [2.5, -2.25, 0.25],
					"scale": [0.9, 0.95, 1]
				},
				"Left_arm_bend": {
					"rotation": [-32.5, 0, 0],
					"position": [0, 1.5, 0]
				},
				"Left_arm_bend7": {
					"rotation": [-22.5, 0, 0],
					"position": [0, 0.75, 0]
				},
				"Jacket_bend2": {
					"rotation": [5, -15, 0],
					"position": [-0.25, 0, 2.25]
				},
				"Jacket_bend": {
					"rotation": [-2.5, -15, 0],
					"position": [0, 0, 2.25],
					"scale": [1, 1.025, 1]
				},
				"Flash1": {
					"position": [0, -999, 0]
				},
				"Flash2": {
					"position": [0, -999, 0]
				},
				"Flash3": {
					"position": [0, -999, 0]
				},
				"root": {
					"rotation": [0, 35, 0]
				},
				"leftLeg": {
					"rotation": [0, 0, -5]
				},
				"rightLeg": {
					"rotation": [0, 0, 5]
				}
			}
		},
		"animation.m4a1_tpp_shoot": {
			"loop": "hold_on_last_frame",
			"animation_length": 0.20833,
			"anim_time_update": "query.anim_time + query.delta_time * 1.1",
			"bones": {
				"waist": {
					"rotation": [0, 0, 0]
				},
				"leftArm": {
					"rotation": {
						"0.0": [-90, 0, 0],
						"0.0833": [-90, 0, 0],
						"0.125": [-90, 0, 0],
						"0.1667": [-90, 0, 0],
						"0.1875": [-90, 0, 0],
						"0.2708": [-90, 0, 0],
						"0.3125": [-90, 0, 0],
						"0.3542": [-90, 0, 0]
					},
					"position": {
						"0.0": [0, 0, -1],
						"0.0833": [-0.87, 0, -0.57],
						"0.125": [-0.56, 0, -0.72],
						"0.1667": [0, 0, -1],
						"0.1875": [0, 0, -1],
						"0.2708": [-0.87, 0, -0.57],
						"0.3125": [-0.56, 0, -0.72],
						"0.3542": [0, 0, -1]
					}
				},
				"rightArm": {
					"rotation": {
						"0.0": [-90, -35, 0],
						"0.0833": [-90, -35, 0],
						"0.125": [-90, -35, 0],
						"0.1667": [-90, -35, 0],
						"0.1875": [-90, -35, 0],
						"0.2708": [-90, -35, 0],
						"0.3125": [-90, -35, 0],
						"0.3542": [-90, -35, 0],
						"0.375": [-90, -35, 0]
					},
					"position": {
						"0.0": [0.5, 0, 0.5],
						"0.0833": [0.07, 0, 0.93],
						"0.125": [0.22, 0, 0.78],
						"0.1667": [0.5, 0, 0.5],
						"0.1875": [0.5, 0, 0.5],
						"0.2708": [0.07, 0, 0.93],
						"0.3125": [0.22, 0, 0.78],
						"0.3542": [0.5, 0, 0.5],
						"0.375": [0.5, 0, 0.5]
					}
				},
				"M4a1": {
					"rotation": [0, 2.5, 0],
					"position": [2.5, -2.25, 0.25],
					"scale": [0.9, 0.95, 1]
				},
				"Left_arm_bend": {
					"rotation": [-32.5, 0, 0],
					"position": [0, 1.5, 0]
				},
				"Left_arm_bend7": {
					"rotation": [-22.5, 0, 0],
					"position": [0, 0.75, 0]
				},
				"Jacket_bend2": {
					"rotation": [5, -15, 0],
					"position": [-0.25, 0, 2.25]
				},
				"Jacket_bend": {
					"rotation": [-2.5, -15, 0],
					"position": [0, 0, 2.25],
					"scale": [1, 1.025, 1]
				},
				"body": {
					"rotation": {
						"0.0": [0, 0, 0],
						"0.0833": [0, 0, 0],
						"0.125": [0, 0, 0],
						"0.1667": [0, 0, 0]
					},
					"position": {
						"0.0": [0, 0, 0],
						"0.0833": [0, 0, 0],
						"0.125": [0, 0, 0],
						"0.1667": [0, 0, 0]
					}
				},
				"Flash1": {
					"position": [0, -999, 0]
				},
				"Flash2": {
					"position": [0, -999, 0]
				},
				"Flash3": {
					"position": [0, -999, 0]
				},
				"root": {
					"rotation": [0, 35, 0]
				},
				"leftLeg": {
					"rotation": [0, 0, -5]
				},
				"rightLeg": {
					"rotation": [0, 0, 5]
				},
				"Chamber": {
					"position": {
						"0.0": [-2.1, 0, 0],
						"0.1875": [0, 0, 0],
						"0.25": [-2.25, 0, 0],
						"0.375": [-2.23, 0, 0],
						"0.4375": [0, 0, 0]
					}
				},
				"Bullet": {
					"rotation": {
						"0.0": [0, 0, 0],
						"0.0625": [30.5, 0, -33.25],
						"0.125": [249.75, 0, -33.25],
						"0.1875": [30.5, 0, -33.25],
						"0.2083": [100.5, 0, -33.25],
						"0.2292": [127, 0, -33.25],
						"0.3125": [233, 0, -33.25],
						"0.4375": [440.5, 0, -33.25]
					},
					"position": {
						"0.0": [0, 0, 0],
						"0.0625": [0, 0, -0.55],
						"0.125": [-0.83, 1, -2.9],
						"0.1875": [0, -6, -6.55],
						"0.2083": [0, 1, -2.05],
						"0.2292": [-0.2, -0.9, 0.55],
						"0.3125": [1.5, 1.5, -4.05],
						"0.375": [1.5, -1, -5.55],
						"0.4375": [1.5, -7.5, -8.55]
					},
					"scale": {
						"0.1875": [1, 1, 1],
						"0.2083": [0, 0, 0],
						"0.2292": [1, 1, 1],
						"0.3958": [1, 1, 1],
						"0.4375": [0, 0, 0]
					}
				}
			},
			"sound_effects": {
				"0.0": {
					"effect": "m4a1_shoot"
				},
				"0.15": {
					"effect": "m4a1_shoot"
				},
				"0.2083": {
					"effect": "m4a1_shoot"
				}
			}
		},
		"animation.m4a1_tpp_aim_s": {
			"loop": "hold_on_last_frame",
			"animation_length": 0.20833,
			"anim_time_update": "query.anim_time + query.delta_time * 1.1",
			"bones": {
				"waist": {
					"rotation": [0, 0, 0]
				},
				"leftArm": {
					"rotation": {
						"0.0": [-90, 0, 0],
						"0.0833": [-90, 0, 0],
						"0.125": [-90, 0, 0],
						"0.1667": [-90, 0, 0],
						"0.1875": [-90, 0, 0],
						"0.2708": [-90, 0, 0],
						"0.3125": [-90, 0, 0],
						"0.3542": [-90, 0, 0]
					},
					"position": {
						"0.0": [0, 0, -1],
						"0.0833": [-0.87, 0, -0.57],
						"0.125": [-0.56, 0, -0.72],
						"0.1667": [0, 0, -1],
						"0.1875": [0, 0, -1],
						"0.2708": [-0.87, 0, -0.57],
						"0.3125": [-0.56, 0, -0.72],
						"0.3542": [0, 0, -1]
					}
				},
				"rightArm": {
					"rotation": {
						"0.0": [-90, -35, 0],
						"0.0833": [-90, -35, 0],
						"0.125": [-90, -35, 0],
						"0.1667": [-90, -35, 0],
						"0.1875": [-90, -35, 0],
						"0.2708": [-90, -35, 0],
						"0.3125": [-90, -35, 0],
						"0.3542": [-90, -35, 0],
						"0.375": [-90, -35, 0]
					},
					"position": {
						"0.0": [0.5, 0, 0.5],
						"0.0833": [0.07, 0, 0.93],
						"0.125": [0.22, 0, 0.78],
						"0.1667": [0.5, 0, 0.5],
						"0.1875": [0.5, 0, 0.5],
						"0.2708": [0.07, 0, 0.93],
						"0.3125": [0.22, 0, 0.78],
						"0.3542": [0.5, 0, 0.5],
						"0.375": [0.5, 0, 0.5]
					}
				},
				"M4a1": {
					"rotation": [0, 2.5, 0],
					"position": [2.5, -2.25, 0.25],
					"scale": [0.9, 0.95, 1]
				},
				"Left_arm_bend": {
					"rotation": [-32.5, 0, 0],
					"position": [0, 1.5, 0]
				},
				"Left_arm_bend7": {
					"rotation": [-22.5, 0, 0],
					"position": [0, 0.75, 0]
				},
				"Jacket_bend2": {
					"rotation": [5, -15, 0],
					"position": [-0.25, 0, 2.25]
				},
				"Jacket_bend": {
					"rotation": [-2.5, -15, 0],
					"position": [0, 0, 2.25],
					"scale": [1, 1.025, 1]
				},
         "head": {
           "rotation": [0, 0, -10]
         },
				"body": {
					"rotation": {
						"0.0": [0, 0, 0],
						"0.0833": [0, 0, 0],
						"0.125": [0, 0, 0],
						"0.1667": [0, 0, 0]
					},
					"position": {
						"0.0": [0, 0, 0],
						"0.0833": [0, 0, 0],
						"0.125": [0, 0, 0],
						"0.1667": [0, 0, 0]
					}
				},
				"Flash1": {
					"position": [0, -999, 0]
				},
				"Flash2": {
					"position": [0, -999, 0]
				},
				"Flash3": {
					"position": [0, -999, 0]
				},
				"root": {
					"rotation": [0, 35, 0]
				},
				"leftLeg": {
					"rotation": [0, 0, -5]
				},
				"rightLeg": {
					"rotation": [0, 0, 5]
				},
				"Chamber": {
					"position": {
						"0.0": [-2.1, 0, 0],
						"0.1875": [0, 0, 0],
						"0.25": [-2.25, 0, 0],
						"0.375": [-2.23, 0, 0],
						"0.4375": [0, 0, 0]
					}
				},
				"Bullet": {
					"rotation": {
						"0.0": [0, 0, 0],
						"0.0625": [30.5, 0, -33.25],
						"0.125": [249.75, 0, -33.25],
						"0.1875": [30.5, 0, -33.25],
						"0.2083": [100.5, 0, -33.25],
						"0.2292": [127, 0, -33.25],
						"0.3125": [233, 0, -33.25],
						"0.4375": [440.5, 0, -33.25]
					},
					"position": {
						"0.0": [0, 0, 0],
						"0.0625": [0, 0, -0.55],
						"0.125": [-0.83, 1, -2.9],
						"0.1875": [0, -6, -6.55],
						"0.2083": [0, 1, -2.05],
						"0.2292": [-0.2, -0.9, 0.55],
						"0.3125": [1.5, 1.5, -4.05],
						"0.375": [1.5, -1, -5.55],
						"0.4375": [1.5, -7.5, -8.55]
					},
					"scale": {
						"0.1875": [1, 1, 1],
						"0.2083": [0, 0, 0],
						"0.2292": [1, 1, 1],
						"0.3958": [1, 1, 1],
						"0.4375": [0, 0, 0]
					}
				},
         "Bullet2": {
					"rotation": {
						"0.0": [0, 0, 0],
						"0.0208": [0, 0, 0],
						"0.3542": [0, 0, 0]
					},
					"position": {
						"0.0": [0, 0.55, 0],
						"0.0208": [0, 0.675, 0],
						"0.0417": [0.125, 0.73, 0],
						"0.0625": [0.73, 0.73, 0],
						"0.1042": [1.355, 0.73, 0],
						"0.1667": [2.06, 0.73, 0],
						"0.1875": [2.46, 0.73, 0],
						"0.2083": [-0.285, 0.16, 0],
						"0.3542": [0, 0.55, 0],
						"0.375": [0, 0.675, 0],
						"0.3958": [0.125, 0.73, 0],
						"0.4167": [0.73, 0.73, 0],
						"0.4583": [1.355, 0.73, 0],
						"0.5208": [2.06, 0.73, 0],
						"0.5417": [2.46, 0.73, 0]
					}
				},
         "Bullet2": {
					"rotation": {
						"0.0": [0, 0, 0],
						"0.0208": [0, 0, 0],
						"0.3542": [0, 0, 0]
					},
					"position": {
						"0.0": [0, 0.55, 0],
						"0.0208": [0, 0.675, 0],
						"0.0417": [0.125, 0.73, 0],
						"0.0625": [0.73, 0.73, 0],
						"0.1042": [1.355, 0.73, 0],
						"0.1667": [2.06, 0.73, 0],
						"0.1875": [2.46, 0.73, 0],
						"0.2083": [-0.285, 0.16, 0],
						"0.3542": [0, 0.55, 0],
						"0.375": [0, 0.675, 0],
						"0.3958": [0.125, 0.73, 0],
						"0.4167": [0.73, 0.73, 0],
						"0.4583": [1.355, 0.73, 0],
						"0.5208": [2.06, 0.73, 0],
						"0.5417": [2.46, 0.73, 0]
					}
				}
			},
			"sound_effects": {
				"0.0": {
					"effect": "m4a1_shoot"
				},
				"0.15": {
					"effect": "m4a1_shoot"
				},
				"0.2083": {
					"effect": "m4a1_shoot"
				}
			}
		},
		"animation.m4a1_tpp_sprint": {
			"loop": true,
			"bones": {
				"leftArm": {
					"rotation": [-42.5, -20, -22.5],
					"position": [-0.5, -2, 0]
				},
				"rightArm": {
					"rotation": [-57.5, -67.5, 0],
					"position": [-1, 0, -2.5]
				},
				"M4a1": {
					"rotation": [0, 2.5, 0],
					"position": [2.5, -2.25, 0.25],
					"scale": [0.9, 0.95, 1]
				},
				"Left_arm_bend": {
					"rotation": [-32.5, 0, 0],
					"position": [0, 1.5, 0]
				},
				"Left_arm_bend7": {
					"rotation": [-22.5, 0, 0],
					"position": [0, 0.75, 0]
				},
				"Jacket_bend2": {
					"rotation": [5, -15, 0],
					"position": [-0.25, 0, 2.25]
				},
				"Jacket_bend": {
					"rotation": [-2.5, -15, 0],
					"position": [0, 0, 2.25],
					"scale": [1, 1.025, 1]
				},
				"Flash1": {
					"position": [0, -999, 0]
				},
				"Flash2": {
					"position": [0, -999, 0]
				},
				"Flash3": {
					"position": [0, -999, 0]
				}
			}
		},
		"animation.m4a1_tpp_aim": {
			"loop": true,
			"bones": {
				"waist": {
					"rotation": [0, 0, 0]
				},
				"leftArm": {
					"rotation": [-90, 0, 0],
					"position": [0, 0, -1]
				},
				"rightArm": {
					"rotation": [-90, -35, 0],
					"position": [0.5, 0, 0.5]
				},
				"M4a1": {
					"rotation": [0, 2.5, 0],
					"position": [2.5, -2.25, 0.25],
					"scale": [0.9, 0.95, 1]
				},
				"Left_arm_bend": {
					"rotation": [-32.5, 0, 0],
					"position": [0, 1.5, 0]
				},
				"Left_arm_bend7": {
					"rotation": [-22.5, 0, 0],
					"position": [0, 0.75, 0]
				},
				"Jacket_bend2": {
					"rotation": [5, -15, 0],
					"position": [-0.25, 0, 2.25]
				},
				"Jacket_bend": {
					"rotation": [-2.5, -15, 0],
					"position": [0, 0, 2.25],
					"scale": [1, 1.025, 1]
				},
				"Flash1": {
					"position": [0, -999, 0]
				},
				"Flash2": {
					"position": [0, -999, 0]
				},
				"Flash3": {
					"position": [0, -999, 0]
				},
				"head": {
					"rotation": [0, 0, -10]
				},
				"root": {
					"rotation": [0, 35, 0]
				},
				"leftLeg": {
					"rotation": [0, 0, -5]
				},
				"rightLeg": {
					"rotation": [0, 0, 5]
				}
			}
		},
		"animation.m4a1_tpp_attack": {
			"loop": "hold_on_last_frame",
			"animation_length": 1,
			"anim_time_update": "query.anim_time + query.delta_time *2.0",
			"bones": {
				"waist": {
					"rotation": [0, 0, 0]
				},
				"leftArm": {
					"rotation": {
						"0.0": [-90, 0, 0],
						"0.25": [-90, -7.5, 0],
						"0.5": [-105, -10, 0],
						"0.75": [-90, -10, 0],
						"1.0": [-90, 0, 0]
					},
					"position": {
						"0.0": [0, 0, -1],
						"0.25": [0, 0, 2.5],
						"0.5": [-1, -1, 2],
						"0.75": [0, 0, 2.5],
						"1.0": [0, 0, -1]
					}
				},
				"rightArm": {
					"rotation": {
						"0.0": [-90, -35, 0],
						"0.5": [-90, -17.5, 0],
						"1.0": [-90, -35, 0]
					},
					"position": {
						"0.0": [0.5, 0, 0.5],
						"0.5": [1.5, 0, -3.5],
						"1.0": [0.5, 0, 0.5]
					}
				},
				"M4a1": {
					"rotation": {
						"0.0": [0, 2.5, 0],
						"0.5": [0, 2.5, -115],
						"1.0": [0, 2.5, 0]
					},
					"position": {
						"0.0": [2.5, -2.25, 0.25],
						"0.25": [-6, -5.25, 0.25],
						"0.5": [-6.5, -15.25, 0.25],
						"0.75": [-6, -5.25, 0.25],
						"1.0": [2.5, -2.25, 0.25]
					},
					"scale": [0.9, 0.95, 1]
				},
				"Left_arm_bend": {
					"rotation": [-32.5, 0, 0],
					"position": [0, 1.5, 0]
				},
				"Left_arm_bend7": {
					"rotation": [-22.5, 0, 0],
					"position": [0, 0.75, 0]
				},
				"Jacket_bend2": {
					"rotation": [5, -15, 0],
					"position": [-0.25, 0, 2.25]
				},
				"Jacket_bend": {
					"rotation": [-2.5, -15, 0],
					"position": [0, 0, 2.25],
					"scale": [1, 1.025, 1]
				},
				"Flash1": {
					"position": [0, -999, 0]
				},
				"Flash2": {
					"position": [0, -999, 0]
				},
				"Flash3": {
					"position": [0, -999, 0]
				},
				"body": {
					"rotation": {
						"0.0": [0, 0, 0],
						"0.5": [0, -30, 0],
						"1.0": [0, 0, 0]
					}
				},
				"root": {
					"rotation": [0, 35, 0]
				},
				"head": {
					"rotation": {
						"0.0": [0, 0, 0],
						"0.5": [0, -5, 0],
						"1.0": [0, 0, 0]
					}
				},
				"leftLeg": {
					"rotation": {
						"0.0": [0, 0, -5],
						"0.5": [10, -45, -5],
						"1.0": [0, 0, -5]
					},
					"position": {
						"0.0": [0, 0, 0],
						"0.25": [0, 0, 1],
						"0.5": [0, 0, 0],
						"1.0": [0, 0, 0]
					}
				},
				"rightLeg": {
					"rotation": {
						"0.0": [0, 0, 5],
						"0.25": [-17.5, -17.5, 5],
						"0.5": [-15, -35, 5],
						"1.0": [0, 0, 5]
					},
					"position": {
						"0.0": [0, 0, 0],
						"0.5": [0, 0, -1],
						"1.0": [0, 0, 0]
					}
				}
			},
			"sound_effects": {
				"0.0": {
					"effect": "m4a1_attack"
				}
			}
		},
		"animation.m4a1_tpp_reload": {
			"loop": "hold_on_last_frame",
			"animation_length": 2,
			"bones": {
				"waist": {
					"rotation": [0, 0, 0]
				},
				"leftArm": {
					"rotation": {
						"0.0": [-90, 0, 0],
						"0.0833": [-62.45, 0, 0],
						"0.125": [-26.43, 0, 0],
						"0.1667": [-10, 0, 0],
						"0.2083": [-5.04, 0, 0],
						"0.25": [-5.09, 0, 0],
						"0.2917": [-7.5, 0, 0],
						"0.3333": [-7.89, 0, 0],
						"0.375": [-10, 0, 0],
						"0.4583": [-6.85, -0.18, 0.79],
						"0.5": [-10.22, 1.09, -4.92],
						"0.5417": [-24.84, 2.5, -11.25],
						"0.5833": [-44.71, 3.18, -14.33],
						"0.625": [-117.5, 5, -22.5],
						"0.7083": [-127.51, 5.16, -23.2],
						"0.75": [-125, 5, -22.5],
						"0.8333": [-121.72, 5, -22.5],
						"0.875": [-117.5, 5, -22.5],
						"0.9583": [-117.03, 5, -22.5],
						"1.0": [-117.5, 5, -22.5],
						"1.0833": [-117.5, 5, -21.71],
						"1.125": [-117.5, 5, -20.7],
						"1.2083": [-117.5, 5, -21.49],
						"1.25": [-117.5, 5, -27.46],
						"1.3333": [-117.5, 5, -38.49],
						"1.375": [-117.5, 5, -47.5],
						"1.4583": [-117.5, 5, -51.87],
						"1.5": [-117.5, 5, -52.5],
						"1.5833": [-119.43, 5.35, -51.97],
						"1.625": [-114.19, 4.4, -41.49],
						"1.7083": [-106.6, 3.02, -28.32],
						"1.75": [-98.15, 1.48, -13.89],
						"1.8333": [-91.42, 0.26, -2.43],
						"1.875": [-88.28, -0.31, 2.97],
						"1.9167": [-90, 0, 0],
						"1.9583": [-90, 0, 0],
						"2.0": [-90, 0, 0]
					},
					"position": {
						"0.0": [0, 0, -1],
						"0.0833": [0, -0.02, 0.04],
						"0.125": [0, -0.04, 1.39],
						"0.1667": [0, 0, 2],
						"0.2083": [0, 0.07, 2.17],
						"0.25": [0, 0.39, 2.11],
						"0.2917": [0, 0.5, 2],
						"0.3333": [0, 0.42, 2],
						"0.375": [0, 0, 2],
						"0.4583": [0.07, 0.63, 2.16],
						"0.5": [-0.44, -1.11, 1.02],
						"0.5417": [-1, -2.97, -0.25],
						"0.5833": [-1.27, -3.55, -0.85],
						"0.625": [-2, -4.5, -2.5],
						"0.7083": [-2.06, -4.03, -2.92],
						"0.75": [-2, -3.5, -3],
						"0.8333": [-2, -3.94, -2.78],
						"0.875": [-2, -4.5, -2.5],
						"0.9583": [-2, -4.56, -2.47],
						"1.0": [-2, -4.5, -2.5],
						"1.0833": [-2.13, -4.59, -2.5],
						"1.125": [-2.29, -4.72, -2.5],
						"1.2083": [-2.16, -4.62, -2.5],
						"1.25": [-0.76, -3.61, -2.44],
						"1.3333": [1.61, -1.86, -2.41],
						"1.375": [1.81, -1.28, -2.94],
						"1.4583": [0.67, -1.47, -3.82],
						"1.5": [1, -1.59, -4.28],
						"1.5417": [1.5, -1.5, -4],
						"1.5833": [1.47, -1.44, -3.87],
						"1.625": [1.21, -1.14, -3.27],
						"1.7083": [0.81, -0.75, -2.5],
						"1.75": [0.39, -0.36, -1.73],
						"1.8333": [0.07, -0.06, -1.13],
						"1.875": [-0.09, 0.09, -0.81],
						"1.9167": [0, 0, -1],
						"1.9583": [0, 0, -1],
						"2.0": [0, 0, -1]
					}
				},
				"rightArm": {
					"rotation": {
						"0.0": [-90, -35, 0],
						"0.0833": [-96.91, -30.68, 14.69],
						"0.125": [-105.94, -25.04, 33.87],
						"0.1667": [-110, -22.5, 42.5],
						"0.2083": [-111.16, -21.78, 45.05],
						"0.25": [-110.74, -22.04, 44.63],
						"0.2917": [-110, -22.5, 42.5],
						"0.3333": [-110.35, -22.5, 42.26],
						"0.375": [-112.22, -22.5, 41.48],
						"0.4167": [-110, -22.5, 35],
						"0.4583": [-107.48, -22.5, 29.81],
						"0.5": [-95, -22.5, 5.78],
						"0.5833": [-82.52, -22.5, -17.72],
						"0.625": [-77.81, -22.5, -26.09],
						"0.6667": [-80, -22.5, -22.5],
						"0.7083": [-80.66, -22.5, -22.5],
						"0.75": [-83.89, -22.5, -22.5],
						"0.7917": [-85, -22.5, -22.5],
						"0.8333": [-84.98, -22.5, -22.51],
						"0.875": [-84.73, -22.5, -22.63],
						"0.9583": [-84.24, -22.5, -22.83],
						"1.0": [-83.58, -22.5, -23.07],
						"1.0833": [-82.81, -22.5, -23.28],
						"1.125": [-82.01, -22.5, -23.41],
						"1.2083": [-81.25, -22.5, -23.4],
						"1.25": [-80.59, -22.5, -23.19],
						"1.3333": [-80.11, -22.5, -22.72],
						"1.375": [-79.65, -22.5, -19.67],
						"1.4583": [-79.78, -22.5, -13.41],
						"1.5": [-80, -22.5, -10],
						"1.5833": [-79.37, -21.72, -16.87],
						"1.625": [-80, -22.5, -22.5],
						"1.7083": [-82.58, -25.72, -17.61],
						"1.75": [-86.24, -30.3, -9.06],
						"2.0": [-90, -35, 0]
					},
					"position": {
						"0.0": [0.5, 0, 0.5],
						"0.0833": [0.5, 0, 0.5],
						"0.125": [0.5, 0, 0.5],
						"0.1667": [0.5, 0, 0.5],
						"0.2083": [0.5, 0.01, 0.5],
						"0.25": [0.5, 0.07, 0.5],
						"0.2917": [0.5, 0, 0.5],
						"0.3333": [0.5, -0.12, 0.5],
						"0.375": [0.5, -0.7, 0.5],
						"0.4167": [0.5, -1, 0.5],
						"0.4583": [0.5, -1.04, 0.5],
						"0.5": [0.5, -1.03, 0.5],
						"0.5833": [0.5, -0.98, 0.5],
						"0.625": [0.5, -1.31, 0.5],
						"0.6667": [0.5, -1.5, 0.5],
						"0.7083": [0.5, -1.4, 0.5],
						"0.75": [0.5, -0.74, 0.5],
						"0.7917": [0.5, -0.5, 0.5],
						"0.8333": [0.5, -0.54, 0.5],
						"0.875": [0.5, -0.94, 0.5],
						"0.9583": [0.5, -1.41, 0.5],
						"1.0": [0.5, -1.54, 0.5],
						"1.0833": [0.52, -1.54, 0.5],
						"1.125": [0.53, -1.5, 0.5],
						"1.2083": [0.54, -1.46, 0.5],
						"1.25": [0.52, -1.46, 0.5],
						"1.2917": [0.5, -1.5, 0.5],
						"1.3333": [0.43, -1.63, 0.5],
						"1.375": [0.11, -2.28, 0.5],
						"1.4167": [0, -2.5, 0.5],
						"1.4583": [0.02, -2.46, 0.5],
						"1.5": [0.22, -2.06, 0.5],
						"1.5833": [0.45, -1.59, 0.5],
						"1.625": [0.53, -1.44, 0.5],
						"1.7083": [0.54, -1.43, 0.5],
						"1.75": [0.52, -1.46, 0.5],
						"2.0": [0.5, 0, 0.5]
					}
				},
				"M4a1": {
					"rotation": [0, 2.5, 0],
					"position": [2.5, -2.25, 0.25],
					"scale": [0.9, 0.95, 1]
				},
				"Left_arm_bend": {
					"rotation": [-32.5, 0, 0],
					"position": [0, 1.5, 0]
				},
				"Left_arm_bend7": {
					"rotation": [-22.5, 0, 0],
					"position": [0, 0.75, 0]
				},
				"Jacket_bend2": {
					"rotation": [5, -15, 0],
					"position": [-0.25, 0, 2.25]
				},
				"Jacket_bend": {
					"rotation": [-2.5, -15, 0],
					"position": [0, 0, 2.25],
					"scale": [1, 1.025, 1]
				},
				"Flash1": {
					"position": [0, -999, 0]
				},
				"Flash2": {
					"position": [0, -999, 0]
				},
				"Flash3": {
					"position": [0, -999, 0]
				},
				"root": {
					"rotation": [0, 35, 0]
				},
				"leftLeg": {
					"rotation": [0, 0, -5]
				},
				"rightLeg": {
					"rotation": [0, 0, 5]
				}
			},
			"sound_effects": {
				"0.0": {
					"effect": "m4a1_raise"
				},
				"0.2083": {
					"effect": "m4a1_magout"
				},
				"0.3333": {
					"effect": "m4a1_regrip"
				},
				"0.5417": {
					"effect": "m4a1_raise"
				},
				"0.5833": {
					"effect": "m4a1_magin"
				},
				"0.8333": {
					"effect": "m4a1_raise"
				},
				"1.2083": {
					"effect": "m4a1_regrip"
				},
				"1.4583": {
					"effect": "m4a1_release"
				},
				"1.6667": {
					"effect": "m4a1_regrip"
				}
			}
		},
    "animation.m4a1_tpp_inspect": {
			"loop": "hold_on_last_frame",
			"animation_length": 1.75,
			"bones": {
				"waist": {
					"rotation": [0, 0, 0]
				},
				"leftArm": {
					"rotation": [-90, 0, 0],
					"position": [0, 0, -1]
				},
				"rightArm": {
					"rotation": {
						"0.0": [-90, -35, 0],
						"0.0833": [-90, -37.5, 6.09],
						"0.125": [-90, -40, 10],
						"0.2083": [-90, -40.31, 2.19],
						"0.25": [-90, -40, -7.5],
						"0.3333": [-90, -40, -10.08],
						"0.375": [-90, -40, -11.46],
						"0.4583": [-90, -40, -12.26],
						"0.5": [-90, -40, -12.85],
						"0.5833": [-90, -40, -12.72],
						"0.625": [-90, -40, -12.5],
						"0.7083": [-90, -40.77, -15.03],
						"0.75": [-90, -41.23, -16.54],
						"0.7917": [-90, -40, -12.5],
						"0.8333": [-90, -38.89, -8.85],
						"0.875": [-90, -33.51, 8.81],
						"0.9583": [-90, -27.15, 29.69],
						"1.0": [-90, -22.5, 45],
						"1.0833": [-90, -21, 49.98],
						"1.125": [-90, -20.4, 51.99],
						"1.2083": [-90, -20.37, 52.16],
						"1.25": [-90, -20.55, 51.61],
						"1.2917": [-90, -20.62, 51.41],
						"1.3333": [-90, -20.61, 51.45],
						"1.375": [-90, -20.57, 51.65],
						"1.4583": [-90, -20.77, 51.06],
						"1.5": [-90, -21.53, 48.45],
						"1.5417": [-90, -22.5, 45],
						"1.5833": [-90, -23.38, 41.86],
						"1.625": [-90, -27.34, 27.62],
						"1.7083": [-90, -31.83, 11.41],
						"1.75": [-90, -35, 0]
					},
					"position": {
						"0.0": [0.5, 0, 0.5],
						"0.0833": [0.5, -0.39, 0.5],
						"0.125": [0.5, -0.87, 0.5],
						"0.1667": [0.5, -1, 0.5],
						"0.2083": [0.5, -0.98, 0.5],
						"0.25": [0.5, -0.7, 0.5],
						"0.3333": [0.5, -0.29, 0.5],
						"0.375": [0.5, 0, 0.5],
						"0.4583": [0.5, 0.07, 0.5],
						"0.5": [0.5, 0.06, 0.5],
						"0.5833": [0.5, 0.02, 0.5],
						"0.625": [0.5, 0, 0.5],
						"0.7083": [0.5, 0, 0.5],
						"0.75": [0.5, 0, 0.5],
						"0.7917": [0.5, 0, 0.5],
						"0.8333": [0.5, 0, 0.5],
						"0.875": [0.5, 0, 0.5],
						"0.9583": [0.5, 0, 0.5],
						"1.0": [0.5, 0, 0.5],
						"1.0833": [0.5, 0, 0.5],
						"1.125": [0.5, 0, 0.5],
						"1.2083": [0.5, 0, 0.5],
						"1.25": [0.5, 0, 0.5],
						"1.2917": [0.5, 0, 0.5],
						"1.3333": [0.5, 0, 0.5],
						"1.375": [0.5, 0, 0.5],
						"1.4583": [0.5, 0, 0.5],
						"1.5": [0.5, 0, 0.5],
						"1.5417": [0.5, 0, 0.5],
						"1.5833": [0.5, 0, 0.5],
						"1.625": [0.5, 0, 0.5],
						"1.7083": [0.5, 0, 0.5],
						"1.75": [0.5, 0, 0.5]
					}
				},
				"M4a1": {
					"rotation": [0, 2.5, 0],
					"position": [2.5, -2.25, 0.25],
					"scale": [0.9, 0.95, 1]
				},
				"Left_arm_bend": {
					"rotation": [-32.5, 0, 0],
					"position": [0, 1.5, 0]
				},
				"Left_arm_bend7": {
					"rotation": [-22.5, 0, 0],
					"position": [0, 0.75, 0]
				},
				"Jacket_bend2": {
					"rotation": [5, -15, 0],
					"position": [-0.25, 0, 2.25]
				},
				"Jacket_bend": {
					"rotation": [-2.5, -15, 0],
					"position": [0, 0, 2.25],
					"scale": [1, 1.025, 1]
				},
				"Flash1": {
					"position": [0, -999, 0]
				},
				"Flash2": {
					"position": [0, -999, 0]
				},
				"Flash3": {
					"position": [0, -999, 0]
				},
				"root": {
					"rotation": [0, 35, 0]
				},
				"leftLeg": {
					"rotation": [0, 0, -5]
				},
				"rightLeg": {
					"rotation": [0, 0, 5]
				}
			}
		},
     "animation.m4a1_tpp_inspect": {
			"loop": "hold_on_last_frame",
			"animation_length": 1.83333,
			"bones": {
				"waist": {
					"rotation": [0, 0, 0]
				},
				"leftArm": {
					"rotation": {
						"0.0": [-90, 0, 0],
						"0.0833": [-91.39, 0.88, 0],
						"0.125": [-93, 2.1, 0],
						"0.2083": [-88.76, 2.64, 0],
						"0.25": [-71.76, 1.52, 0],
						"0.3333": [-42.19, -1.09, 0],
						"0.375": [-12.84, -3.82, 0],
						"0.4167": [0, -5, 0],
						"0.4583": [2.02, -5.2, 0],
						"0.5": [6.8, -5.92, 0],
						"0.5833": [9.67, -6.65, 0],
						"0.625": [10.63, -7.19, 0],
						"0.7083": [9.67, -7.33, 0],
						"0.75": [6.8, -6.88, 0],
						"0.8333": [2.02, -5.63, 0],
						"0.875": [-6.18, -3, 0],
						"0.9583": [-19.82, 1.41, 0],
						"1.0": [-36.61, 6.84, 0],
						"1.0833": [-54.19, 12.53, 0],
						"1.125": [-70.19, 17.71, 0],
						"1.2083": [-82.26, 21.61, 0],
						"1.25": [-88.7, 23.83, 0],
						"1.3333": [-91.02, 25.12, 0],
						"1.375": [-90.56, 25.62, 0],
						"1.4583": [-88.56, 25.4, 0],
						"1.5": [-86.3, 24.54, 0],
						"1.5833": [-85, 23.1, 0],
						"1.625": [-85.76, 19.08, 0],
						"1.7083": [-87.5, 11.25, 0],
						"1.75": [-89.24, 3.42, 0],
						"1.7917": [-90, 0, 0]
					},
					"position": {
						"0.0": [0, 0, -1],
						"0.0833": [0, 0.02, -1.05],
						"0.125": [0, 0.04, -1.11],
						"0.2083": [0, 0.02, -1.06],
						"0.25": [0, -0.08, -0.77],
						"0.3333": [0, -0.25, -0.25],
						"0.375": [0, -0.42, 0.27],
						"0.4167": [0, -0.5, 0.5],
						"0.4583": [0, -0.51, 0.54],
						"0.5": [0.06, -0.49, 0.62],
						"0.5833": [0.14, -0.44, 0.67],
						"0.625": [0.22, -0.37, 0.69],
						"0.7083": [0.26, -0.34, 0.67],
						"0.75": [0.22, -0.35, 0.62],
						"0.8333": [0.08, -0.44, 0.54],
						"0.875": [-0.25, -0.68, 0.39],
						"0.9583": [-0.82, -1.08, 0.15],
						"1.0": [-1.51, -1.58, -0.15],
						"1.0833": [-2.23, -2.09, -0.46],
						"1.125": [-2.89, -2.56, -0.74],
						"1.2083": [-3.39, -2.92, -0.95],
						"1.25": [-3.67, -3.13, -1.07],
						"1.3333": [-3.85, -3.26, -1.11],
						"1.375": [-3.93, -3.34, -1.1],
						"1.4583": [-3.92, -3.33, -1.07],
						"1.5": [-3.8, -3.25, -1.03],
						"1.5833": [-3.59, -3.08, -1],
						"1.625": [-2.97, -2.54, -1],
						"1.7083": [-1.75, -1.5, -1],
						"1.75": [-0.53, -0.46, -1],
						"1.7917": [0, 0, -1]
					}
				},
				"rightArm": {
					"rotation": {
						"0.0": [-90, -35, 0],
						"0.0833": [-90, -37.5, 6.09],
						"0.125": [-90, -40, 10],
						"0.2083": [-90, -40.31, 2.19],
						"0.25": [-90, -40, -7.5],
						"0.3333": [-90, -40, -10.08],
						"0.375": [-90, -40, -11.46],
						"0.4583": [-90, -40, -12.26],
						"0.5": [-90, -40, -12.85],
						"0.5833": [-90, -40, -12.72],
						"0.625": [-90, -40, -12.5],
						"0.7083": [-90, -40.77, -15.03],
						"0.75": [-90, -41.23, -16.54],
						"0.7917": [-90, -40, -12.5],
						"0.8333": [-90, -38.89, -8.85],
						"0.875": [-90, -33.51, 8.81],
						"0.9583": [-90, -27.15, 29.69],
						"1.0": [-90, -22.5, 45],
						"1.0833": [-90, -21, 49.98],
						"1.125": [-90, -20.4, 51.99],
						"1.2083": [-90, -20.37, 52.16],
						"1.25": [-90, -20.55, 51.61],
						"1.2917": [-90, -20.62, 51.41],
						"1.3333": [-90, -20.61, 51.45],
						"1.375": [-90, -20.57, 51.65],
						"1.4583": [-90, -20.77, 51.06],
						"1.5": [-90, -21.53, 48.45],
						"1.5417": [-90, -22.5, 45],
						"1.5833": [-90, -23.38, 41.86],
						"1.625": [-90, -27.34, 27.62],
						"1.7083": [-90, -31.83, 11.41],
						"1.75": [-90, -35, 0]
					},
					"position": {
						"0.0": [0.5, 0, 0.5],
						"0.0833": [0.5, -0.39, 0.5],
						"0.125": [0.5, -0.87, 0.5],
						"0.1667": [0.5, -1, 0.5],
						"0.2083": [0.5, -0.98, 0.5],
						"0.25": [0.5, -0.7, 0.5],
						"0.3333": [0.5, -0.29, 0.5],
						"0.375": [0.5, 0, 0.5],
						"0.4583": [0.5, 0.07, 0.5],
						"0.5": [0.5, 0.06, 0.5],
						"0.5833": [0.5, 0.02, 0.5],
						"0.625": [0.5, 0, 0.5],
						"0.7083": [0.5, 0, 0.5],
						"0.75": [0.5, 0, 0.5],
						"0.7917": [0.5, 0, 0.5],
						"0.8333": [0.5, 0, 0.5],
						"0.875": [0.5, 0, 0.5],
						"0.9583": [0.5, 0, 0.5],
						"1.0": [0.5, 0, 0.5],
						"1.0833": [0.5, 0, 0.5],
						"1.125": [0.5, 0, 0.5],
						"1.2083": [0.5, 0, 0.5],
						"1.25": [0.5, 0, 0.5],
						"1.2917": [0.5, 0, 0.5],
						"1.3333": [0.5, 0, 0.5],
						"1.375": [0.5, 0, 0.5],
						"1.4583": [0.5, 0, 0.5],
						"1.5": [0.5, 0, 0.5],
						"1.5417": [0.5, 0, 0.5],
						"1.5833": [0.5, 0, 0.5],
						"1.625": [0.5, 0, 0.5],
						"1.7083": [0.5, 0, 0.5],
						"1.75": [0.5, 0, 0.5]
					}
				},
				"M4a1": {
					"rotation": [0, 2.5, 0],
					"position": [2.5, -2.25, 0.25],
					"scale": [0.9, 0.95, 1]
				},
				"Left_arm_bend": {
					"rotation": [-32.5, 0, 0],
					"position": [0, 1.5, 0]
				},
				"Left_arm_bend7": {
					"rotation": [-22.5, 0, 0],
					"position": [0, 0.75, 0]
				},
				"Jacket_bend2": {
					"rotation": [5, -15, 0],
					"position": [-0.25, 0, 2.25]
				},
				"Jacket_bend": {
					"rotation": [-2.5, -15, 0],
					"position": [0, 0, 2.25],
					"scale": [1, 1.025, 1]
				},
				"Flash1": {
					"position": [0, -999, 0]
				},
				"Flash2": {
					"position": [0, -999, 0]
				},
				"Flash3": {
					"position": [0, -999, 0]
				},
				"root": {
					"rotation": [0, 35, 0]
				},
				"leftLeg": {
					"rotation": [0, 0, -5]
				},
				"rightLeg": {
					"rotation": [0, 0, 5]
				}
			},
			"sound_effects": {
				"0.0": {
					"effect": "m4a1_regrip"
				},
				"0.7917": {
					"effect": "m4a1_raise"
				},
				"1.5417": {
					"effect": "m4a1_regrip"
				}
			}
		}
	}
}
