{
	"format_version": "1.10.0",
	"geometry.wither_command": {
		"texturewidth": 1024,
		"textureheight": 1024,
		"visible_bounds_width": 10,
		"visible_bounds_height": 4,
		"visible_bounds_offset": [0, 2, 0],
		"bones": [
			{
				"name": "upperBodyPart1",
				"pivot": [0, 24, 0],
				"reset": true,
				"cubes": [
					{"origin": [-10, 17.1, -0.5], "size": [20, 3, 3], "uv": [0, 16]}
				]
			},
			{
				"name": "upperBodyPart2",
				"parent": "upperBodyPart1",
				"pivot": [-2, 17.1, -0.5],
				"reset": true,
				"cubes": [
					{"origin": [-2, 7.1, -0.5], "size": [3, 10, 3], "uv": [0, 22]},
					{"origin": [-6, 13.6, 0], "size": [11, 2, 2], "uv": [24, 22]},
					{"origin": [-7, 13.6, -6], "size": [2, 2, 6], "uv": [24, 17]},
					{"origin": [-6, 13.6, -8], "size": [3, 2, 2], "uv": [24, 22]},
					{"origin": [4, 13.6, -6], "size": [2, 2, 6], "uv": [24, 17]},
					{"origin": [2, 13.6, -8], "size": [3, 2, 2], "uv": [24, 22], "mirror": true},
					{"origin": [-6, 10.6, 0], "size": [11, 2, 2], "uv": [24, 22]},
					{"origin": [-7, 10.6, -6], "size": [2, 2, 6], "uv": [24, 17]},
					{"origin": [-6, 10.6, -8], "size": [3, 2, 2], "uv": [24, 22]},
					{"origin": [4, 10.6, -6], "size": [2, 2, 6], "uv": [24, 17]},
					{"origin": [2, 10.6, -8], "size": [3, 2, 2], "uv": [25, 21], "mirror": true},
					{"origin": [-6, 7.6, 0], "size": [11, 2, 2], "uv": [24, 22]},
					{"origin": [-7, 7.6, -6], "size": [2, 2, 6], "uv": [24, 17]},
					{"origin": [-6, 7.6, -8], "size": [3, 2, 2], "uv": [24, 22]},
					{"origin": [4, 7.6, -6], "size": [2, 2, 6], "uv": [24, 17]},
					{"origin": [2, 7.6, -8], "size": [3, 2, 2], "uv": [34, 22]},
					{"origin": [-8.5, 3.5, -12], "size": [16, 16, 16], "uv": [0, 35], "inflate": -4.4}
				]
			},
			{
				"name": "upperBodyPart3",
				"parent": "upperBodyPart2",
				"pivot": [0, 24, 0],
				"cubes": [
					{"origin": [0, 18, 0], "size": [3, 6, 3], "uv": [12, 22]}
				]
			},
			{
				"name": "head1",
				"parent": "upperBodyPart1",
				"pivot": [0, 21.5, 0],
				"reset": true,
				"cubes": [
					{"origin": [-4, 20, -4], "size": [8, 8, 8], "uv": [0, 0]}
				]
			},
			{
				"name": "head",
				"parent": "head1",
				"pivot": [0, 16.58, 2.5],
				"reset": true,
				"cubes": [
					{"origin": [-6.36, 16.58, 1.97], "size": [12.72, 10.6, 2.12], "uv": [12, 90]},
					{"origin": [-4.24, 20.82, -8.63], "size": [8.48, 6.36, 2.12], "uv": [1, 91]},
					{"origin": [-4.24, 27.18, 1.97], "size": [8.48, 2.12, 2.12], "uv": [13, 93]},
					{"origin": [-6.572, 19.548, -1.21], "size": [2.12, 2.12, 2.12], "uv": [271, 344], "inflate": -0.5},
					{"origin": [-6.572, 19.548, -3.33], "size": [2.12, 2.12, 2.12], "uv": [271, 344], "inflate": -0.5},
					{"origin": [-6.572, 19.548, -5.45], "size": [2.12, 2.12, 2.12], "uv": [271, 344], "inflate": -0.5},
					{"origin": [-5.3, 19.548, -6.828], "size": [2.12, 2.12, 2.12], "uv": [271, 344], "inflate": -0.5},
					{"origin": [-3.604, 19.548, -8.63], "size": [2.12, 2.12, 2.12], "uv": [271, 344], "inflate": -0.5},
					{"origin": [-1.06, 19.548, -8.63], "size": [2.12, 2.12, 2.12], "uv": [271, 344], "inflate": -0.5},
					{"origin": [1.484, 19.548, -8.63], "size": [2.12, 2.12, 2.12], "uv": [271, 344], "inflate": -0.5},
					{"origin": [3.18, 19.548, -6.828], "size": [2.12, 2.12, 2.12], "uv": [271, 344], "inflate": -0.5},
					{"origin": [4.452, 19.548, -5.45], "size": [2.12, 2.12, 2.12], "uv": [271, 344], "inflate": -0.5},
					{"origin": [4.452, 19.548, -3.33], "size": [2.12, 2.12, 2.12], "uv": [271, 344], "inflate": -0.5},
					{"origin": [4.452, 19.548, -1.21], "size": [2.12, 2.12, 2.12], "uv": [271, 344], "inflate": -0.5},
					{"origin": [-4.24, 20.82, -6.51], "size": [4.24, 2.12, 4.24], "uv": [3, 93]},
					{"origin": [-4.24, 20.82, -2.27], "size": [4.24, 2.12, 4.24], "uv": [6, 92]},
					{"origin": [0, 20.82, -6.51], "size": [4.24, 2.12, 4.24], "uv": [14, 93]},
					{"origin": [0, 20.82, -2.27], "size": [4.24, 2.12, 4.24], "uv": [25, 86]},
					{"origin": [-2.12, 27.18, -6.51], "size": [4.24, 2.12, 2.12], "uv": [16, 77]},
					{"origin": [-4.24, 27.18, -4.39], "size": [4.24, 2.12, 4.24], "uv": [15, 95]},
					{"origin": [-4.24, 25.06, -6.51], "size": [4.24, 2.12, 4.24], "uv": [16, 79]},
					{"origin": [-4.24, 27.18, -0.15], "size": [4.24, 2.12, 4.24], "uv": [6, 91]},
					{"origin": [0, 27.18, -4.39], "size": [4.24, 2.12, 4.24], "uv": [5, 99]},
					{"origin": [0, 25.06, -6.51], "size": [4.24, 2.12, 4.24], "uv": [16, 91]},
					{"origin": [0, 27.18, -0.15], "size": [4.24, 2.12, 4.24], "uv": [9, 94]},
					{"origin": [-6.36, 20.82, -6.51], "size": [2.12, 6.36, 8.48], "uv": [9, 96]},
					{"origin": [4.24, 20.82, -6.51], "size": [2.12, 6.36, 8.48], "uv": [3, 87]},
					{"origin": [-1.06, 22.94, -8.842], "size": [2.12, 2.12, 1.06], "uv": [0, 0]}
				]
			},
			{
				"name": "chin",
				"parent": "head",
				"pivot": [0, 17.852, 2.65],
				"reset": true,
				"cubes": [
					{"origin": [4.24, 17.852, -0.15], "size": [2.12, 2.12, 2.12], "uv": [271, 344], "inflate": -0.5},
					{"origin": [4.24, 17.852, -2.27], "size": [2.12, 2.12, 2.12], "uv": [271, 344], "inflate": -0.5},
					{"origin": [4.24, 17.852, -4.39], "size": [2.12, 2.12, 2.12], "uv": [271, 344], "inflate": -0.5},
					{"origin": [4.24, 17.852, -6.51], "size": [2.12, 2.12, 2.12], "uv": [271, 344], "inflate": -0.5},
					{"origin": [2.438, 17.852, -8.63], "size": [2.12, 2.12, 2.12], "uv": [271, 344], "inflate": -0.5},
					{"origin": [0.318, 17.852, -8.63], "size": [2.12, 2.12, 2.12], "uv": [271, 344], "inflate": -0.5},
					{"origin": [-2.438, 17.852, -8.63], "size": [2.12, 2.12, 2.12], "uv": [271, 344], "inflate": -0.5},
					{"origin": [-4.558, 17.852, -8.63], "size": [2.12, 2.12, 2.12], "uv": [271, 344], "inflate": -0.5},
					{"origin": [-6.784, 17.852, -6.51], "size": [2.12, 2.12, 2.12], "uv": [271, 344], "inflate": -0.5},
					{"origin": [-6.784, 17.852, -4.39], "size": [2.12, 2.12, 2.12], "uv": [271, 344], "inflate": -0.5},
					{"origin": [-6.784, 17.852, -2.27], "size": [2.12, 2.12, 2.12], "uv": [271, 344], "inflate": -0.5},
					{"origin": [-6.784, 17.852, -0.15], "size": [2.12, 2.12, 2.12], "uv": [271, 344], "inflate": -0.5},
					{"origin": [-4.24, 16.58, -8.63], "size": [8.48, 2.12, 2.12], "uv": [12, 86]},
					{"origin": [-4.24, 16.58, -6.51], "size": [4.24, 2.12, 4.24], "uv": [8, 99]},
					{"origin": [-4.24, 16.58, -2.27], "size": [4.24, 2.12, 4.24], "uv": [16, 88]},
					{"origin": [-4.24, 16.58, 1.97], "size": [4.24, 2.12, 2.12], "uv": [21, 99]},
					{"origin": [0, 16.58, -6.51], "size": [4.24, 2.12, 4.24], "uv": [29, 103]},
					{"origin": [0, 16.58, -2.27], "size": [4.24, 2.12, 4.24], "uv": [9, 90]},
					{"origin": [0, 16.58, 1.97], "size": [4.24, 2.12, 2.12], "uv": [25, 89]},
					{"origin": [-6.36, 16.58, -6.51], "size": [2.12, 2.12, 8.48], "uv": [17, 80]},
					{"origin": [4.24, 16.58, -6.51], "size": [2.12, 2.12, 8.48], "uv": [18, 83]}
				]
			},
			{
				"name": "head2",
				"parent": "upperBodyPart1",
				"pivot": [-11, 20, 0],
				"reset": true,
				"cubes": [
					{"origin": [-14, 18, -4], "size": [6, 6, 6], "uv": [32, 0]}
				]
			},
			{
				"name": "head3",
				"parent": "upperBodyPart1",
				"pivot": [11, 20, 0],
				"reset": true,
				"cubes": [
					{"origin": [8, 18, -4], "size": [6, 6, 6], "uv": [32, 0]}
				]
			},
			{
				"name": "mutantBody1",
				"parent": "upperBodyPart1",
				"pivot": [0, 24, 0],
				"reset": true,
				"cubes": [
					{"origin": [-8, 14, 4], "size": [16, 16, 16], "uv": [60, 57]},
					{"origin": [-12, 12, 4], "size": [16, 16, 16], "uv": [60, 57], "inflate": 1.5},
					{"origin": [-4, 12, 4], "size": [16, 16, 16], "uv": [60, 57]},
					{"origin": [-8, 4, 12], "size": [16, 22, 16], "uv": [60, 57], "inflate": 2},
					{"origin": [-20, 11.5, 6], "size": [16, 16, 16], "uv": [60, 57]},
					{"origin": [15, 11, 6], "size": [16, 16, 16], "uv": [60, 57], "inflate": 2},
					{"origin": [-8, 0, 4], "size": [16, 16, 16], "uv": [60, 57]},
					{"origin": [-8, -3, 6], "size": [16, 16, 21], "uv": [60, 57]},
					{"origin": [-11, 0, 2], "size": [16, 16, 16], "uv": [60, 57], "inflate": 2},
					{"origin": [-3, 0, 2], "size": [16, 16, 16], "uv": [60, 57]},
					{"origin": [8, -3, 4], "size": [15, 14, 15], "uv": [201, 41], "inflate": 1},
					{"origin": [-30, 10, 7], "size": [18, 15, 16], "uv": [228, 41], "inflate": 2},
					{"origin": [-21, -5, 6], "size": [16, 16, 16], "uv": [160, 50], "inflate": 1},
					{"origin": [-9, -9, 3], "size": [20, 16, 16], "uv": [484, 91]},
					{"origin": [-16, 24, 10], "size": [16, 16, 16], "uv": [192, 59], "inflate": 2},
					{"origin": [1, 24, 7], "size": [16, 16, 16], "uv": [292, 22], "inflate": 1}
				]
			},
			{
				"name": "mutantBody2",
				"parent": "mutantBody1",
				"pivot": [0, 24, 0],
				"reset": true,
				"cubes": [
					{"origin": [-11, 1, -10], "size": [16, 16, 16], "uv": [60, 57], "inflate": 0.1},
					{"origin": [-3, 0.5, -10], "size": [16, 16, 16], "uv": [60, 57], "inflate": 0.1},
					{"origin": [-8, -11, -4], "size": [16, 16, 16], "uv": [310, 128]}
				]
			},
			{
				"name": "mutantBody3",
				"parent": "mutantBody1",
				"pivot": [0, 24, 0],
				"reset": true,
				"cubes": [
					{"origin": [-10, 5, -9.5], "size": [16, 16, 16], "uv": [60, 57], "inflate": 0.2},
					{"origin": [-3.5, 4, -10], "size": [16, 16, 16], "uv": [60, 57], "inflate": 0.2},
					{"origin": [-11, 3, -8], "size": [16, 16, 16], "uv": [60, 57], "inflate": 0.23},
					{"origin": [-5.5, 4, -8.5], "size": [16, 16, 16], "uv": [60, 57], "inflate": 0.23},
					{"origin": [-5.5, 10, -8.5], "size": [16, 16, 16], "uv": [60, 57], "inflate": 0.23},
					{"origin": [-2.5, 12.5, -8.5], "size": [16, 16, 16], "uv": [60, 57], "inflate": 2},
					{"origin": [-17, 11, -13], "size": [18, 17, 21], "uv": [260, 68]}
				]
			},
			{
				"name": "bone",
				"pivot": [0, 18, 12]
			},
			{
				"name": "blocka1",
				"parent": "bone",
				"pivot": [-36.0096, 24.1984, -20.1696],
				"rotation": [-45, -45, -45],
				"cubes": [
					{"origin": [-39.2832, 20.9248, -27.0096], "size": [6.5472, 6.5472, 6.2736], "uv": [56, 0]}
				]
			},
			{
				"name": "blocka2",
				"parent": "bone",
				"pivot": [39.2832, 24.1984, -20.1696],
				"rotation": [-45, 45, -45],
				"cubes": [
					{"origin": [36.0096, 20.9248, -28.0096], "size": [6.5472, 6.5472, 7.2736], "uv": [56, 0]}
				]
			},
			{
				"name": "blocka3",
				"parent": "bone",
				"pivot": [-36.0096, 24.1984, 51.8496],
				"rotation": [-45, 45, -45],
				"cubes": [
					{"origin": [-39.2832, 20.9248, 48.0096], "size": [6.5472, 6.5472, 6.2736], "uv": [56, 0]}
				]
			},
			{
				"name": "blocka4",
				"parent": "bone",
				"pivot": [39.2832, 24.1984, 51.8496],
				"rotation": [-45, -45, -45],
				"cubes": [
					{"origin": [36.0096, 20.9248, 48.0096], "size": [6.5472, 6.5472, 6.2736], "uv": [56, 0]}
				]
			},
			{
				"name": "blockb1",
				"parent": "bone",
				"pivot": [-26.1888, -5.264, -10.3488],
				"rotation": [-45, -45, -45],
				"cubes": [
					{"origin": [-29.4624, -8.5376, -17.1888], "size": [6.5472, 6.5472, 6.2736], "uv": [56, 0]}
				]
			},
			{
				"name": "blockb2",
				"parent": "bone",
				"pivot": [26.1888, -5.264, -10.3488],
				"rotation": [-45, 45, -45],
				"cubes": [
					{"origin": [22.9152, -8.5376, -17.1888], "size": [6.5472, 6.5472, 6.2736], "uv": [56, 0]}
				]
			},
			{
				"name": "blockb3",
				"parent": "bone",
				"pivot": [-26.1888, -5.264, 45.3024],
				"rotation": [-45, 45, -45],
				"cubes": [
					{"origin": [-29.4624, -8.5376, 35.1888], "size": [6.5472, 6.5472, 6.2736], "uv": [56, 0]}
				]
			},
			{
				"name": "blockb4",
				"parent": "bone",
				"pivot": [26.1888, -5.264, 45.3024],
				"rotation": [-45, -45, -45],
				"cubes": [
					{"origin": [22.9152, -8.5376, 38.1888], "size": [6.5472, 6.5472, 6.2736], "uv": [56, 0]}
				]
			},
			{
				"name": "bone2",
				"pivot": [0, -1, 12],
				"rotation": [0, -45, 0]
			},
			{
				"name": "blocka5",
				"parent": "bone2",
				"pivot": [-36.0096, 5.1984, -20.1696],
				"rotation": [-45, -45, -45],
				"cubes": [
					{"origin": [-39.2832, 1.9248, -27.0096], "size": [6.5472, 6.5472, 6.2736], "uv": [56, 0]}
				]
			},
			{
				"name": "blocka6",
				"parent": "bone2",
				"pivot": [39.2832, 5.1984, -20.1696],
				"rotation": [-45, 45, -45],
				"cubes": [
					{"origin": [36.0096, 1.9248, -28.0096], "size": [6.5472, 6.5472, 7.2736], "uv": [56, 0]}
				]
			},
			{
				"name": "blocka7",
				"parent": "bone2",
				"pivot": [-36.0096, 5.1984, 51.8496],
				"rotation": [-45, 45, -45],
				"cubes": [
					{"origin": [-39.2832, 1.9248, 48.0096], "size": [6.5472, 6.5472, 6.2736], "uv": [56, 0]}
				]
			},
			{
				"name": "blocka8",
				"parent": "bone2",
				"pivot": [39.2832, 5.1984, 51.8496],
				"rotation": [-45, -45, -45],
				"cubes": [
					{"origin": [36.0096, 1.9248, 48.0096], "size": [6.5472, 6.5472, 6.2736], "uv": [56, 0]}
				]
			},
			{
				"name": "blockb5",
				"parent": "bone2",
				"pivot": [-26.1888, -24.264, -10.3488],
				"rotation": [-45, -45, -45],
				"cubes": [
					{"origin": [-29.4624, -27.5376, -17.1888], "size": [6.5472, 6.5472, 6.2736], "uv": [56, 0]}
				]
			},
			{
				"name": "blockb6",
				"parent": "bone2",
				"pivot": [26.1888, -24.264, -10.3488],
				"rotation": [-45, 45, -45],
				"cubes": [
					{"origin": [22.9152, -27.5376, -17.1888], "size": [6.5472, 6.5472, 6.2736], "uv": [56, 0]}
				]
			},
			{
				"name": "blockb7",
				"parent": "bone2",
				"pivot": [-26.1888, -24.264, 45.3024],
				"rotation": [-45, 45, -45],
				"cubes": [
					{"origin": [-29.4624, -27.5376, 35.1888], "size": [6.5472, 6.5472, 6.2736], "uv": [56, 0]}
				]
			},
			{
				"name": "blockb8",
				"parent": "bone2",
				"pivot": [26.1888, -24.264, 45.3024],
				"rotation": [-45, -45, -45],
				"cubes": [
					{"origin": [22.9152, -27.5376, 38.1888], "size": [6.5472, 6.5472, 6.2736], "uv": [56, 0]}
				]
			}
		]
	},
	"geometry.wither_command.tractor_beam": {
		"texturewidth": 1024,
		"textureheight": 128,
		"visible_bounds_width": 3,
		"visible_bounds_height": 4,
		"visible_bounds_offset": [0, 2, 0],
		"bones": [
		    {
				"name": "head1",
				"pivot": [0, 21.5, 0],
				"reset": true
			},
			{
				"name": "beam1",
				"parent":"head1",
				"neverRender": false,
				"reset": true,
				"pivot": [0, 16.58, 2.5],
				"cubes": [
					{"origin": [-1.06, 22.94, -8.842], "size": [2.12, 2.12, -1024], "uv": [0, 0]}
				]
			}
		]
	}
}