{
  "format_version":"1.16.100",
  "animation_controllers":{
    "controller.animation.syankusu":{
      "states":{
        "default":{
          "transitions":[
            {"syankusu":"query.has_target"}
          ]
        },
        "syankusu":{
          "transitions":[
            {"1":"(1.0)"}
          ],
          "on_entry":[
            "/effect @e[r=32] weakness 10 3 true",
            "/effect @e[r=32] slowness 10 3 true",
            "/effect @e[r=32] mining_fatigue 10 7 true",
            "/tell @a[r=32] ギロッ"
          ]
        },
        "1":{
          "transitions":[
            {"default":"variable.time = (variable.time ?? 0);variable.time = variable.time < 200 ? variable.time + 1:0;return variable.time == 0;"}
          ],
          "on_entry":[
            "/effect @e[r=32,family=yonko] weakness 0 4 true",
            "/effect @e[r=32,family=yonko] slowness 0 4 true",
            "/effect @e[r=32,family=yonko] mining_fatigue 0 8 true",
            "/effect @e[r=32,family=taisyo] weakness 0 4 true",
            "/effect @e[r=32,family=taisyo] slowness 0 4 true",
            "/effect @e[r=32,family=taisyo] mining_fatigue 0 8 true",
            "/effect @e[r=32,tag=taisyo] weakness 0 4 true",
            "/effect @e[r=32,tag=taisyo] slowness 0 4 true",
            "/effect @e[r=32,tag=taisyo] mining_fatigue 0 8 true",
            "/effect @e[r=32,tag=yonko] weakness 0 4 true",
            "/effect @e[r=32,tag=yonko] slowness 0 4 true",
            "/effect @e[r=32,tag=yonko] mining_fatigue 0 8 true",
            "/effect @e[r=32,tag=gensui] weakness 0 4 true",
            "/effect @e[r=32,tag=gensui] slowness 0 4 true",
            "/effect @e[r=32,tag=gensui] mining_fatigue 0 8 true",
            "/effect @e[r=32,tag=kaizokuo] weakness 0 4 true",
            "/effect @e[r=32,tag=kaizokuo] slowness 0 4 true",
            "/effect @e[r=32,tag=kaizokuo] mining_fatigue 0 8 true"
          ]
        }
        
      }
    }
  }
}