{
  "tiers": [
    {
      "trades": [
        {
          "wants": [
            {
              "item": "stk:armament_energia",
              "quantity": {
                "min": 6,
                "max": 7
              }
            }
          ],
          "gives": [
            {
              "item": "stk:haki"
            }
          ]
        },
               {
                      "wants": [
            {
              "item": "stk:rei_energia",
              "quantity": {
                "min": 5,
                "max": 5
              }
            }
          ],
          "gives": [
            {
              "item": "stk:rei"
            }
          ]
        
        },
                       {
                      "wants": [
            {
              "item": "stk:obs_energia",
              "quantity": {
                "min": 5,
                "max": 6
              }
            }
          ],
          "gives": [
            {
              "item": "stk:obs"
            }
          ]
        
        },
                       {
                      "wants": [
            {
              "item": "stk:belly2",
              "quantity": {
                "min": 10,
                "max": 10
              }
            }
          ],
          "gives": [
            {
              "item": "stk:meat"
            }
          ]
        
        }

           ]
      
    }
  ]
}
  







