{
  "tiers": [
    {
      "trades": [
        {
          "wants": [
            {
              "item": "stk:belly",
              "quantity": {
                "min": 5,
                "max": 5
              }
            }
          ],
          "gives": [
            {
              "item": "stk:rluffy"
            }
          ]
        },
               {
                      "wants": [
            {
              "item": "stk:belly",
              "quantity": {
                "min": 5,
                "max": 5
              }
            }
          ],
          "gives": [
            {
              "item": "stk:sanjir"
            }
          ]
        
        },
                       {
                      "wants": [
            {
              "item": "stk:belly",
              "quantity": {
                "min": 7,
                "max": 7
              }
            }
          ],
          "gives": [
            {
              "item": "stk:cape"
            }
          ]
        
        },
                              {
                      "wants": [
            {
              "item": "stk:belly",
              "quantity": {
                "min": 7,
                "max": 7
              }
            }
          ],
          "gives": [
            {
              "item": "stk:dcape"
            }
          ]
                              },
                              {
                      "wants": [
            {
              "item": "stk:belly",
              "quantity": {
                "min": 5,
                "max": 5
              }
            }
          ],
          "gives": [
            {
              "item": "stk:jaquet"
            }
          ]
                              },
                              {
                      "wants": [
            {
              "item": "stk:belly",
              "quantity": {
                "min": 5,
                "max": 5
              }
            }
          ],
          "gives": [
            {
              "item": "stk:fjaquet"
            }
          ]
                              },
                              {
                      "wants": [
            {
              "item": "stk:belly",
              "quantity": {
                "min": 5,
                "max": 5
              }
            }
          ],
          "gives": [
            {
              "item": "stk:negao_hat"
            }
          ]
                              },
                              {
                      "wants": [
            {
              "item": "stk:belly",
              "quantity": {
                "min": 5,
                "max": 5
              }
            }
          ],
          "gives": [
            {
              "item": "stk:c_a"
            }
          ]
                              },
                              {
                      "wants": [
            {
              "item": "stk:belly",
              "quantity": {
                "min": 5,
                "max": 5
              }
            }
          ],
          "gives": [
            {
              "item": "stk:c_v"
            }
          ]
                              },
                              {
                      "wants": [
            {
              "item": "stk:belly",
              "quantity": {
                "min": 5,
                "max": 5
              }
            }
          ],
          "gives": [
            {
              "item": "stk:c_ve"
            }
          ]
                              },
                              {
                      "wants": [
            {
              "item": "stk:belly",
              "quantity": {
                "min": 5,
                "max": 5
              }
            }
          ],
          "gives": [
            {
              "item": "stk:c_am"
            }
          ]
        
        }

           ]
      
    }
  ]
}
  






