{
	"format_version": "1.10.0",
	"geometry.boat": {
		"texturewidth": 256,
		"textureheight": 256,
		"visible_bounds_width": 6,
		"visible_bounds_height": 8.5,
		"visible_bounds_offset": [0, 2.75, 0],
		"bones": [
			{
				"name": "bottom",
				"pivot": [1, 20, 0],
				"rotation": [0, 90, 0],
				"cubes": [
					{"origin": [0.5, 28, -26], "size": [1, 1, 3], "uv": [0, 29]},
					{"origin": [0.5, 28, -27], "size": [1, 4, 1], "uv": [0, 0]},
					{"origin": [0.5, 29, -24], "size": [1, 1, 1], "uv": [19, 0]},
					{"origin": [-12, 46, 12.5], "size": [26, 6, 6], "uv": [84, 38]},
					{"origin": [-1, 41, -31.5], "size": [4, 4, 4], "uv": [130, 105]},
					{"origin": [0, 50, -9.5], "size": [6, 14, 6], "uv": [0, 0]},
					{"origin": [-4, 50, -15.5], "size": [5, 8, 5], "uv": [0, 73]},
					{"origin": [-5, 24, 26.5], "size": [12, 8, 2], "uv": [17, 124]},
					{"origin": [-3, 28, 28.5], "size": [8, 4, 6], "uv": [33, 99]},
					{"origin": [-12, 21, -17.5], "size": [26, 3, 31], "uv": [0, 38]},
					{"origin": [14, 16, -10.5], "size": [8, 8, 16], "uv": [0, 99]},
					{"origin": [-20, 16, -10.5], "size": [8, 8, 16], "uv": [49, 100]},
					{"origin": [-17, 48, -22.5], "size": [36, 2, 35], "uv": [0, 0]},
					{"origin": [-5, 21, 22.5], "size": [12, 3, 4], "uv": [0, 21]},
					{"origin": [-9, 21, 13.5], "size": [20, 3, 9], "uv": [84, 51]},
					{"origin": [-7, 24, -16.5], "size": [16, 1, 24], "uv": [0, 73]},
					{"origin": [-12, 24, -19.5], "size": [26, 24, 2], "uv": [81, 73]},
					{"origin": [0, 42, -27.5], "size": [2, 2, 8], "uv": [9, 57]},
					{"origin": [0.5, 33, -25.5], "size": [1, 9, 1], "uv": [26, 38]},
					{"origin": [0, 31, -26], "size": [2, 2, 2], "uv": [9, 29]}
				]
			},
			{
				"name": "front",
				"pivot": [15, 23, 0]
			},
			{
				"name": "back",
				"pivot": [-15, 21, -3],
				"rotation": [90, 0, 0]
			},
			{
				"name": "right",
				"pivot": [-1, 26, -9],
				"mirror": true,
				"cubes": [
					{"origin": [4.5, 24, 13], "size": [6, 24, 2], "uv": [0, 124], "mirror": false},
					{"origin": [4.5, 24, -15], "size": [6, 24, 2], "uv": [115, 112], "mirror": false},
					{"origin": [-17.5, 24, 13], "size": [6, 24, 2], "uv": [98, 112], "mirror": false},
					{"origin": [-17.5, 24, -15], "size": [6, 24, 2], "uv": [0, 38], "mirror": false},
					{"origin": [-11.5, 43, 13], "size": [16, 5, 2], "uv": [108, 20], "mirror": false},
					{"origin": [-11.5, 43, -15], "size": [16, 5, 2], "uv": [108, 12], "mirror": false},
					{"origin": [-11.5, 24, -15], "size": [16, 9, 2], "uv": [108, 0], "mirror": false},
					{"origin": [-11.5, 24, 13], "size": [16, 9, 2], "uv": [82, 100], "mirror": false},
					{"origin": [-11.5, 43, 15], "size": [16, 2, 2], "uv": [119, 100], "mirror": false},
					{"origin": [-11.5, 43, -17], "size": [16, 2, 2], "uv": [119, 67], "mirror": false},
					{"origin": [-11.5, 31, 15], "size": [16, 2, 2], "uv": [108, 28], "mirror": false},
					{"origin": [4.5, 31, 15], "size": [2, 14, 2], "uv": [87, 125], "mirror": false},
					{"origin": [-11.5, 31, -17], "size": [16, 2, 2], "uv": [84, 64], "mirror": false},
					{"origin": [4.5, 31, -17], "size": [2, 14, 2], "uv": [78, 125], "mirror": false},
					{"origin": [-13.5, 31, -17], "size": [2, 14, 2], "uv": [25, 0], "mirror": false},
					{"origin": [10.5, 24, -15], "size": [3, 6, 2], "uv": [134, 51], "mirror": false},
					{"origin": [15.5, 24, 10], "size": [7, 6, 2], "uv": [0, 87], "mirror": false},
					{"origin": [-13.5, 31, 15], "size": [2, 14, 2], "uv": [17, 38], "mirror": false},
					{"origin": [15.5, 24, -12], "size": [7, 6, 2], "uv": [57, 86], "mirror": false},
					{"origin": [22.5, 24, 6], "size": [2, 6, 6], "uv": [46, 125], "mirror": false},
					{"origin": [22.5, 24, -12], "size": [2, 6, 6], "uv": [57, 73], "mirror": false},
					{"origin": [24.5, 24, 6], "size": [4, 8, 2], "uv": [132, 125], "mirror": false},
					{"origin": [24.5, 24, -8], "size": [4, 8, 2], "uv": [132, 114], "mirror": false},
					{"origin": [13.5, 24, 10], "size": [2, 6, 5], "uv": [63, 125], "mirror": false},
					{"origin": [13.5, 24, -15], "size": [2, 6, 5], "uv": [0, 99], "mirror": false},
					{"origin": [10.5, 24, 13], "size": [3, 6, 2], "uv": [17, 135], "mirror": false}
				]
			},
			{
				"name": "left",
				"pivot": [0, 30, -3],
				"rotation": [0, 0, 0]
			},
			{
				"name": "paddle_left",
				"pivot": [0.5, 28, 9],
				"mirror": true
			},
			{
				"name": "paddle_right",
				"pivot": [0.5, 28, -9],
				"mirror": true
			},
			{
				"name": "right2",
				"pivot": [0, 0, 0]
			}
		]
	}
}