{
	"format_version": "1.12",
	"minecraft:recipe_shaped": {
		"description": {
			"identifier": "kuraputi:broomstick_c"
		},
		"tags": [
			"magical_pedestal"
		],
		"pattern": [
			"AAB",
			"C  "
		],
		"key": {
			"A": {
				"item": "minecraft:stripped_crimson_stem"
			},
			"B": {
				"item": "kuraputi:magical_broom_tip"
  },
  "C": {
   "item": "minecraft:soul_lantern"
			}
		},
		"result": {
   "item": "minecraft:spawn_egg",
	  "data": "query.get_actor_info_id('kuraputi:broomstick_c')"
		}
	}
}
