{
  "format_version": "1.10.0",
  "minecraft:entity": {
    "description": {
      "identifier": "mcsm_eps1:wither_storm",
      "is_spawnable": false,
      "is_summonable": true,
      "animations": {
        "start": "controller.animation.ws_start_theme",
        "idle": "controller.animation.true_ws",
        "ws_stop_theme": "controller.animation.ws_stop_theme"
      },
      "scripts": {
        "animate": [
          "start",
          "idle",
          "ws_stop_theme"
        ]
      },
      "is_experimental": false,
      "runtime_identifier": "minecraft:wither"
    },
    "component_groups": {
      "first_form": {
        "minecraft:variant": {
          "value": 0
        },
        "minecraft:timer": {
          "looping": true,
          "time": 50,
          "time_down_event": {
            "event": "form2"
          }
        }
      },
      "form2": {
        "minecraft:variant": {
          "value": 1
        },
        "minecraft:timer": {
          "looping": true,
          "time": 55,
          "time_down_event": {
            "event": "form3"
          }
        }
      },
      "form3": {
        "minecraft:variant": {
          "value": 2
        },
        "minecraft:timer": {
          "looping": true,
          "time": 60,
          "time_down_event": {
            "event": "form4"
          }
        }
      },
      "form4": {
        "minecraft:scale": {
          "value": 1.45
        },
        "minecraft:variant": {
          "value": 3
        },
        "minecraft:timer": {
          "looping": true,
          "time": 65,
          "time_down_event": {
            "event": "form5"
          }
        }
      },
      "form5": {
        "minecraft:is_charged": {
        },
        "minecraft:variant": {
          "value": 4
        },
        "minecraft:scale": {
          "value": 1.85
        },
        "minecraft:timer": {
          "looping": true,
          "time": 75,
          "time_down_event": {
            "event": "to_ex_form"
          }
        }
      },
      "to_ex": {
        "minecraft:transformation": {
          "into": "mcsm_eps1:wither_storm_ex"
        }
      }
    },
    "components": {
      "minecraft:breathable": {
        "totalSupply": 15,
        "suffocateTime": 0
      },
      "minecraft:loot": {
        "table": "loot_tables/entities/the_ws.json"
      },
      "minecraft:spawn_entity": [
        {
          "min_wait_time": 1,
          "max_wait_time": 1,
          "spawn_entity": "mcsm_eps1:ws_block",
          "single_use": false,
          "num_to_spawn": 2,
          "should_leash": false
        }
      ],
      "minecraft:pushable": {
        "is_pushable": false,
        "is_pushable_by_piston": false
      },
      "minecraft:boss": {
        "name":"§l§5Wither Storm",          
        "should_darken_sky": true
      },
      "minecraft:spell_effects": {
        "add_effects": [
          {
            "effect": "resistance",
            "amplifier": 4,
            "visible": false,
            "ambient": false,
            "duration": 9999999
          },
          {
            "effect": "slow_falling",
            "amplifier": 1,
            "visible": false,
            "ambient": false,
            "duration": 2
          }
        ]
      },
      "minecraft:behavior.ranged_attack": {
        "attack_interval_min": 1,
        "attack_interval_max": 2,
        "attack_radius": 60
      },
      "minecraft:shooter": {
        "type": "Arrow",
        "def": "mcsm_eps1:ws_skull"
      },
      "minecraft:follow_range": {
        "value": 100
      },
      "minecraft:damage_sensor": [
        {
          "on_damage": {
            "filters": {
              "test": "is_family",
              "subject": "other",
              "value": "witherstorm"
            }
          },
          "deals_damage": false
        }
      ],
      "minecraft:health": {
        "value": 10000,
        "max": 10000
      },
      "minecraft:behavior.nearest_attackable_target": {
        "priority": 3,
        "within_radius": 100,
          "entity_types": [
            {
              "filters": {
                "all_of": [
                {
                  "test": "is_family",
                  "subject": "other",
                  "operator": "!=",
                  "value": "witherstorm"
                },
                {
                  "test": "is_family",
                  "subject": "other",
                  "operator": "!=",
                  "value": "inanimate"
                }
              ]
            },
            "max_dist": 100
          }
        ],
        "must_see": true
      },
      "minecraft:collision_box": {
        "width": 1,
        "height": 3
      },
      "minecraft:fire_immune": true,
      "minecraft:nameable": {
        "alwaysShow": false,
        "allowNameTagRenaming": false
      },
      "minecraft:movement": {
        "value": 0.25
      },
      "minecraft:navigation.walk": {
        "can_path_over_water": true,
        "avoid_water": true
      },
      "minecraft:movement.basic": {
        "max_turn": 180
      },
      "minecraft:jump.static": {},
      "minecraft:can_climb": {},
      "minecraft:can_fly": {},
      "minecraft:behavior.float": {
        "priority": 1
      },
"minecraft:behavior.hurt_by_target": {
        "priority": 1,
        "entity_types": {
          "filters": { "test": "is_family", "subject": "other", "operator": "!=", "value": "witherstorm" }
        }
      },
      "minecraft:behavior.random_stroll": {
        "priority": 5,
        "speed_multiplier": 1
      },
      "minecraft:behavior.look_at_target": {
        "priority": 5
      },
      "minecraft:behavior.look_at_player": {
        "priority": 6,
        "look_distance": 8
      },
      "minecraft:behavior.random_look_around": {
        "priority": 7
      },
      "minecraft:type_family": {
        "family": [
          "witherstorm",
          "monster",
          "wither",
          "true_ws_target"
        ]
      },
      "minecraft:physics": {},
      "minecraft:experience_reward": {
        "on_death": "query.last_hit_by_player ? 5000 : 2"
      },
      "minecraft:scale": {
        "value": 1.2,
        "max": 1.2
      }
    },
    "events": {
      "minecraft:entity_spawned": {
        "add": {
          "component_groups": [
            "first_form"
          ]
        }
      },
      "to_ex_form": {
        "add": {
          "component_groups": [
            "to_ex"
          ]
        }
      },
      "form2": {
        "add": {
          "component_groups": [
            "form2"
          ]
        },
        "remove": {
          "component_groups": [
            "first_form"
          ]
        }
      },
      "form3": {
        "add": {
          "component_groups": [
            "form3"
          ]
        },
        "remove": {
          "component_groups": [
            "form2"
          ]
        }
      },
      "form4": {
        "add": {
          "component_groups": [
            "form4"
          ]
        },
        "remove": {
          "component_groups": [
            "form3"
          ]
        }
      },
      "form5": {
        "add": {
          "component_groups": [
            "form5"
          ]
        },
        "remove": {
          "component_groups": [
            "form4"
          ]
        }
      }
    }
  }
}
