{
  "format_version": "1.10.0",
  "minecraft:entity": {
    "description": {
      "identifier": "mcsm_eps1:wither_storm_ex",
      "is_spawnable": false,
      "is_summonable": true,
      "animations": {
        "idle": "controller.animation.true_ws_ex",
        "regen": "animation.ws_regen",
        "ws_stop_theme": "controller.animation.ws_stop_theme"
      },
      "scripts": {
        "animate": [
          "idle",
          "regen",
          "ws_stop_theme"
        ]
      },
      "is_experimental": false
    },
    "component_groups": {
      "last_form": {
        "minecraft:variant": {
          "value": 1
        }
      }
    },
    "components": {
      "minecraft:is_charged": {
      },
      "minecraft:scale": {
        "value": 2.15
      },
      "minecraft:spell_effects": {
        "add_effects": [
          {
            "effect": "resistance",
            "amplifier": 4,
            "visible": false,
            "ambient": false,
            "duration": 9999999
          }
        ]
      },
      "minecraft:boss": {
        "name":"§l§5Wither Storm",          
        "should_darken_sky": true
      },
      "minecraft:variant": {
        "value": 0
      },
      "minecraft:knockback_resistance": {
        "value": 10
      },
      "minecraft:timer": {
        "looping": false,
        "time": 60,
        "time_down_event": {
          "event": "to_last_form"
        }
      },
      "minecraft:damage_sensor": [
        {
          "on_damage": {
            "filters": {
              "test": "is_family",
              "subject": "other",
              "value": "witherstorm"
            }
          },
          "deals_damage": false
        }
      ],
      "minecraft:breathable": {
        "totalSupply": 15,
        "suffocateTime": 0
      },
      "minecraft:pushable": {
        "is_pushable": false,
        "is_pushable_by_piston": false
      },
      "minecraft:fire_immune": true,
      "minecraft:nameable": {
        "alwaysShow": false,
        "allowNameTagRenaming": false
      },
      "minecraft:spawn_entity": [
        {
          "min_wait_time": 0.05,
          "max_wait_time": 0.05,
          "spawn_entity": "mcsm_eps1:ws_block",
          "single_use": false,
          "num_to_spawn": 1,
          "should_leash": false
        },
        {
          "min_wait_time": 0.05,
          "max_wait_time": 0.05,
          "spawn_entity": "ws:tractor",
          "single_use": false,
          "num_to_spawn": 1,
          "should_leash": false
        },
        {
          "min_wait_time": 1,
          "max_wait_time": 1,
          "spawn_entity": "ws:lightning",
          "single_use": false,
          "num_to_spawn": 4,
          "should_leash": false
        }
      ],
      "minecraft:health": {
        "value": 100000000,
        "max": 100000000
      },
      "minecraft:area_attack": {
        "damage_range": 45,
        "damage_per_tick": 1,
        "cause": "contact",
        "entity_filter": {
          "all_of": [
            {
              "test": "is_family",
              "subject": "other",
              "operator": "!=",
              "value": "witherstorm"
            },
            {
              "test": "is_family",
              "subject": "other",
              "operator": "!=",
              "value": "inanimate"
            }
          ]
        }
      },
      "minecraft:collision_box": {
        "width": 5,
        "height": 10
      },
      "minecraft:movement": {
        "value": 0.03
      },
      "minecraft:behavior.nearest_attackable_target": {
        "priority": 3,
        "within_radius": 100,
          "entity_types": [
            {
              "filters": {
                "all_of": [
                {
                  "test": "is_family",
                  "subject": "other",
                  "operator": "!=",
                  "value": "witherstorm"
                },
                {
                  "test": "is_family",
                  "subject": "other",
                  "operator": "!=",
                  "value": "inanimate"
                }
              ]
            },
            "max_dist": 100
          }
        ],
        "must_see": true
      },
      "minecraft:navigation.float": {
        "can_path_over_water": true
      },
      "minecraft:behavior.float_wander": {
        "priority": 2,
        "must_reach": true
      },
      "minecraft:can_fly": {},
      "minecraft:shooter": {
        "type": "Arrow",
        "def": "mcsm_eps1:ws_skull2"
      },
      "minecraft:type_family": {
        "family": [
          "witherstorm",
          "monster",
          "true_ws_target"
        ]
      },
      "minecraft:fall_damage": {
        "value": 0
      },
      "minecraft:jump.static": {},
      "minecraft:behavior.float": {
        "priority": 0
      },
      "minecraft:behavior.ranged_attack": {
        "priority": 1,
        "attack_radius": 100,
        "charge_shoot_trigger": 2,
        "charge_charged_trigger": 1,
        "burst_shots": 26,
        "burst_interval": 0.25
      },
      "minecraft:follow_range": {
        "value": 100,
        "max": 100
      },
      "minecraft:behavior.hurt_by_target": {
        "priority": 1,
        "entity_types": {
          "filters": { "test": "is_family", "subject": "other", "operator": "!=", "value": "witherstorm" }
        }
      },
      "minecraft:physics": {},
      "minecraft:experience_reward": {
        "on_death": "query.last_hit_by_player ? 200000 : 1"
      }
    },
    "events": {
      "minecraft:entity_spawned": {
        "add": {
          "component_groups": [
            "first_form"
          ]
        }
      },
      "to_last_form": {
        "add": {
          "component_groups": [
            "last_form"
          ]
        },
        "remove": {
          "component_groups": [
            "first_form"
          ]
        }
      }
    }
  }
}
