{
  "format_version": "1.12.0",
  "minecraft:entity": {
    "description": {
      "identifier": "mcsm_eps1:ws_skull2",
      "is_spawnable": false,
      "animations": {
        "hit": "controller.animation.ws_hit"
      },
      "scripts": {
        "animate": [
          "hit"
        ]
      },
      "is_summonable": true,
      "is_experimental": false,
      "runtime_identifier": "minecraft:arrow"
    },
    "component_groups": {
      "minecraft:exploding": {
        "minecraft:variant": {
          "value": 2
        },
        "minecraft:explode": {
          "fuse_length": 0,
          "fuse_lit": true,
          "power": 6,
          "causes_fire": true,
          "breaks_blocks": true,
          "fire_affected_by_griefing": true,
          "destroy_affected_by_griefing": true
        }
      }
    },
    "components": {
      "minecraft:is_charged": {
      },
      "minecraft:type_family": {
        "family": [
          "inanimate",
          "witherstorm",
          "wither"
        ]
      },
      "minecraft:area_attack": {
        "damage_range": 20,
        "damage_per_tick": 1000000,
        "cause": "contact",
        "entity_filter": {
          "all_of": [
            {
              "test": "is_family",
              "subject": "other",
              "operator": "!=",
              "value": "witherstorm"
            },
            {
              "test": "is_family",
              "subject": "other",
              "operator": "!=",
              "value": "inanimate"
            }
          ]
        }
      },
      "minecraft:collision_box": {
        "width": 0.2,
        "height": 0.2
      },
      "minecraft:projectile": {
        "on_hit": {
          "impact_damage": {
            "damage": 500000,
            "knockback": true,
            "catch_fire": true
          },
          "mob_effect": {
            "effect": "instant_damage",
            "durationeasy": 50,
            "durationnormal": 50,
            "durationhard": 50,
            "amplifier": 255
          },
          "definition_event": {
            "affect_projectile": true,
            "event_trigger": {
              "event": "minecraft:explode",
              "target": "self"
            }
          }
        },
        "power": 2.5,
        "gravity": 0,
        "uncertainty_base": 1,
        "anchor": 1,
        "offset": [
          -1.0,
          0.20,
          0
        ]
      },
      "minecraft:physics": {},
      "minecraft:pushable": {
        "is_pushable": true,
        "is_pushable_by_piston": true
      }
    },
    "events": {
      "minecraft:explode": {
        "add": {
          "component_groups": [
            "minecraft:exploding"
          ]
        }
      }
    }
  }
}
