{
  "format_version": "1.8.0",
  "minecraft:entity": {
    "description": {
      "identifier": "mcsm_eps1:ws_spawn",
      "is_spawnable": true,
      "animations": {
        "idle": "animation.ws_start"
      },
      "scripts": {
        "animate": [
          "idle"
        ]
      },
      "is_summonable": true,
      "is_experimental": false
    },
    "component_groups": {
      "start": {
        "minecraft:variant": {
          "value": 1
        }
      },
      "start2": {
        "minecraft:transformation": {
          "into": "mcsm_eps1:wither_storm<minecraft:entity_spawned>"
        }
      }
    },
    "components": {
      "minecraft:type_family": {
        "family": [
          "witherstorm",
          "inanimate"
        ]
      },
      "minecraft:knockback_resistance": {
        "value": 10
      },
      "minecraft:variant": {
        "value": 0
      },
      "minecraft:damage_sensor": {
        "deals_damage": false
      },
      "minecraft:collision_box": {
        "width": 1,
        "height": 3
      },
      "minecraft:health": {
        "value": 9,
        "max": 9,
        "min": 9
      },
      "minecraft:spell_effects": {
        "add_effects": [
          {
            "effect": "levitation",
            "amplifier": 1,
            "visible": false,
            "ambient": true,
            "duration": 2
          }
        ]
      },
      "minecraft:is_charged": {},
      "minecraft:explode": {
        "fuseLength": 6,
        "fuseLit": true,
        "power": 0,
        "causesFire": false
      },
      "minecraft:scale": {
        "value": 1.2
      },
      "minecraft:knockback_resistance": {
        "value": 100
      }
    },
    "events": {
      "ready": {
        "add": {
          "component_groups": [
            "start"
          ]
        }
      },
      "transform": {
        "add": {
          "component_groups": [
            "start2"
          ]
        },
        "remove": {
          "component_groups": [
            "start"
          ]
        }
      }
    }
  }
}
