{
  "format_version": "1.13.0",
  "minecraft:entity": {
    "description": {
      "identifier": "ws:tractor",
      "is_spawnable": false,
      "is_summonable": true,
      "animations": {
        "idle": "controller.animation.ws_anti_explosion"
      },
      "scripts": {
        "animate": [
          "idle"
        ]
      },
      "is_experimental": false
    },
    "component_groups": {
      "exploded": {
        "minecraft:variant": {
          "value": 2
        }
      }
    },
    "components": {
      "minecraft:collision_box": {
        "height": 0,
        "width": 0
      },
      "minecraft:explode": {
        "fuseLength": 0.5,
        "fuseLit": true,
        "power": 0,
        "causesFire": false,
        "destroyAffectedByGriefing": true
      },
      "minecraft:behavior.knockback_roar": {
        "priority": 1,
        "duration": 0.1,
        "attack_time": 0.1,
        "knockback_damage": 1,
        "knockback_strength": -2,
        "knockback_range": 60,
        "knockback_filters": {
          "all_of": [
            {
              "test": "is_family",
              "subject": "other",
              "operator": "!=",
              "value": "player"
            },
            {
              "test": "is_family",
              "subject": "other",
              "operator": "!=",
              "value": "inanimate"
            },
            {
              "test": "is_family",
              "subject": "other",
              "operator": "!=",
              "value": "witherstorm"
            }
          ]
        },
        "damage_filters": {
          "all_of": [
            {
              "test": "is_family",
              "subject": "other",
              "operator": "!=",
              "value": "witherstorm"
            },
            {
              "test": "is_family",
              "subject": "other",
              "operator": "!=",
              "value": "inanimate"
            }
          ]
        }
      },
      "minecraft:health": {
        "max": 150,
        "value": 150,
        "min": 150
      },
      "minecraft:type_family": {
        "family": [
          "inanimate",
          "witherstorm",
          "player"
        ]
      }
    },
    "events": {
      "going": {
        "add": {
          "component_groups": [
            "exploded"
          ]
        }
      }
    }
  }
}
