{
  "format_version": "1.10.0",
  "minecraft:client_entity": {
    "description": {
      "identifier": "ic:longlegs_poppy",
      "textures": {
        "default": "textures/entity/pamobile/ic_longlegs_poppy"
      },
      "materials": {
        "default": "entity_alphatest"
      },
      "geometry": {
        "default": "geometry.ic_longlegs_poppy"
      },
      "render_controllers": [
        "controller.render.default"
      ],
      "spawn_egg": {
        "texture": "ic:longlegs",
        "texture_index": 0
      },
      "animations": {
      "metplayer" : "animation.longlegs.meetplayer", 
      "death" : "animation.Longlegs.deathanimation",
      "no_target" : "animation.longlegs.notarget",
      "target" : "animation.longlegs.scary",
      "longlegs_controls" : "controller.animation.longlegs",
      "jumpscare": "animation.Longlegs.jumpscare",
        "walk": "animation.Longlegs.move",
        "climb": "animation.Longlegs.climb",
        "hideseek": "animation.longlegs.hideseek",
        "attack" : "animation.Longlegs.attack",
        "idle": "animation.Longlegs.stationary"
      },
      "scripts": {
        "animate": [
            "longlegs_controls", 
            {"no_target" : "!query.has_target" },
            {"hideseek" : "query.is_sprinting && !query.is_sprinting" },
            {"target" : "query.has_target" },
            {"metplayer" : "query.is_sleeping && !query.is_sleeping" },
            {"death" : "query.is_sleeping && !query.is_sleeping" }
        ]
      }
    }
  }
}