{
  "format_version": "1.10.0",
  "minecraft:client_entity": {
    "description": {
      "identifier": "ic:poppy",
      "textures": {
        "default": "textures/entity/pamobile/ic_poppy"
      },
      "materials": {
        "default": "entity_alphatest"
      },
      "geometry": {
        "default": "geometry.ic_poppy"
      },
      "render_controllers": [
        "controller.render.default"
      ],
      "spawn_egg": {
        "texture": "ic:poppy",
        "texture_index": 0
      },
      "animations": {
        "walk": "animation.poppy.walk",
        "grab": "animation.poppy.kidnap",
        "idle": "animation.poppy.stationary",
        "poppy_controls" : "controller.animation.poppy"
      },
      "scripts": {
        "animate": [
          "poppy_controls", 
          {"grab" : "query.is_sprinting && !query.is_sprinting"} 
        ]
      }
    }
  }
}