{
  "format_version": "1.12",
  "minecraft:recipe_shaped": {
    "description": {
      "identifier": "parasite_96593dfb"
    },
    "tags": [
      "crafting_table"
    ],
    "pattern": [
      "ABC",
      "D E"
    ],
    "key": {
      "A": {
        "item": "srp:longarm_armor_fragment",
        "data": 0
      },
      "B": {
        "item": "srp:longarm_armor_fragment",
        "data": 0
      },
      "C": {
        "item": "srp:longarm_armor_fragment",
        "data": 0
      },
      "D": {
        "item": "srp:longarm_armor_fragment",
        "data": 0
      },
      "E": {
        "item": "srp:longarm_armor_fragment",
        "data": 0
      }
    },
    "result": {
      "item": "armor:parasite",
      "count": 1
    }
  }
},
      "count": 1
    }
  }
}