{
  "format_version": "1.12",
  "minecraft:recipe_shaped": {
    "description": {
      "identifier": "boots_676891bc"
    },
    "tags": [
      "crafting_table"
    ],
    "pattern": [
      "A B",
      "C D",
      "E F"
    ],
    "key": {
      "A": {
        "item": "srp:longarm_armor_fragment",
        "data": 0
      },
      "B": {
        "item": "srp:longarm_armor_fragment",
        "data": 0
      },
      "C": {
        "item": "srp:longarm_armor_fragment",
        "data": 0
      },
      "D": {
        "item": "srp:longarm_armor_fragment",
        "data": 0
      },
      "E": {
        "item": "srp:longarm_armor_fragment",
        "data": 0
      },
      "F": {
        "item": "srp:longarm_armor_fragment",
        "data": 0
      }
    },
    "result": {
      "item": "armor:boots",
      "count": 1
    }
  }
}boots",
      "count": 1
    }
  }
}