{
  "format_version": "1.10.0",
  "minecraft:client_entity": {
    "description": {
      "identifier": "mn:hq_estu",
      "materials": {
        "default": "slime"
      },
      "textures": {
        "default": "textures/entity/pamobile/mn_hq_estu"
      },
      "geometry": {
        "default": "geometry.mn_hq_estu_bullet"
      },
      "scripts": {
        "animate": [
          "particles"
        ]
      },
      "animations": {
        "particles": "controller.animation.mn_hq_estu"
      },
      "spawn_egg": {
        "texture": "spawn_egg",
        "texture_index": 99
      },
      "render_controllers": [
        "controller.render.slime"
      ]
    }
  }
}