{
  "format_version" : "1.10.0",
  "animation_controllers" : {
    "controller.animation.item.wield": {
      "initial_state": "first_person",
      "states": {
        "first_person": {
          "animations": [ "wield" ],
          "transitions": [
            {
              "hammer_blocking": "c.is_first_person && q.is_sneaking"
            }
          ]
        },
        "item_blocking": {
          "animations": [ "blocking" ],
          "transitions": [
            {
              "first_person": "c.is_first_person && !q.is_sneaking"
            }
          ]
        }
      }
    }
  }
}
