{"format_version":"1.13.0","minecraft:entity":{"component_groups":{"health":{"minecraft:health":{"max":100,"value":100}}},"components":{"minecraft:behavior.float":{"priority":0},"minecraft:collision_box":{"height":1.8,"width":0.6},"minecraft:health":{"max":100,"value":100},"minecraft:is_hidden_when_invisible":{},"minecraft:knockback_resistance":{"value":1},"minecraft:physics":{},"minecraft:pushable":{"is_pushable":true,"is_pushable_by_piston":true},"minecraft:type_family":{"family":["hwbd_items","inanimate"]}},"description":{"animations":{"jumpscare":"animation.jumpscare"},"identifier":"hw_bd:jumpscare","is_experimental":false,"is_spawnable":false,"is_summonable":true,"runtime_identifier":"hw_bd:jumpscare","scripts":{"animate":["jumpscare"]}},"events":{"health":{"add":{"component_groups":["health"]}}}}}