{
"entity_sounds": {
		"entities": {
 "kuraputi:sound": {
  "volume": 1.0,
  "pitch": [ 0.8, 1.2 ],
  "events": {
    "death": "mob.sound.move"
        }
      },
 "kuraputi:broomstick_o": {
  "volume": 1.0,
  "pitch": [ 0.8, 1.2 ],
  "events": {
    "spawn": {
     "sound": "mob.horse.leather",
     "volume": 1.0,
     "pitch": 0.8
        },
    "hurt": "mob.zombie.wood",
    "death": "mob.zombie.woodbreak",
    "warn": "mob.zombie.woodbreak",
    "purr": "mob.horse.leather"
        }
      },
 "kuraputi:broomstick_b": {
  "volume": 1.0,
  "pitch": [ 0.8, 1.2 ],
  "events": {
    "spawn": {
     "sound": "mob.horse.leather",
     "volume": 1.0,
     "pitch": 0.8
        },
    "hurt": "mob.zombie.wood",
    "death": "mob.zombie.woodbreak",
    "warn": "mob.zombie.woodbreak",
    "purr": "mob.horse.leather"
        }
      },
 "kuraputi:broomstick_d": {
  "volume": 1.0,
  "pitch": [ 0.8, 1.2 ],
  "events": {
    "spawn": {
     "sound": "mob.horse.leather",
     "volume": 1.0,
     "pitch": 0.8
        },
    "hurt": "mob.zombie.wood",
    "death": "mob.zombie.woodbreak",
    "warn": "mob.zombie.woodbreak",
    "purr": "mob.horse.leather"
        }
      },
 "kuraputi:broomstick_a": {
  "volume": 1.0,
  "pitch": [ 0.8, 1.2 ],
  "events": {
    "spawn": {
     "sound": "mob.horse.leather",
     "volume": 1.0,
     "pitch": 0.8
        },
    "hurt": "mob.zombie.wood",
    "death": "mob.zombie.woodbreak",
    "warn": "mob.zombie.woodbreak",
    "purr": "mob.horse.leather"
        }
      },
 "kuraputi:broomstick_j": {
  "volume": 1.0,
  "pitch": [ 0.8, 1.2 ],
  "events": {
    "spawn": {
     "sound": "mob.horse.leather",
     "volume": 1.0,
     "pitch": 0.8
        },
    "hurt": "mob.zombie.wood",
    "death": "mob.zombie.woodbreak",
    "warn": "mob.zombie.woodbreak",
    "purr": "mob.horse.leather"
        }
      },
 "kuraputi:broomstick_s": {
  "volume": 1.0,
  "pitch": [ 0.8, 1.2 ],
  "events": {
    "spawn": {
     "sound": "mob.horse.leather",
     "volume": 1.0,
     "pitch": 0.8
        },
    "hurt": "mob.zombie.wood",
    "death": "mob.zombie.woodbreak",
    "warn": "mob.zombie.woodbreak",
    "purr": "mob.horse.leather"
        }
      },
 "kuraputi:broomstick_w": {
  "volume": 1.0,
  "pitch": [ 0.8, 1.2 ],
  "events": {
    "spawn": {
     "sound": "mob.horse.leather",
     "volume": 1.0,
     "pitch": 0.8
        },
    "hurt": "mob.zombie.wood",
    "death": "mob.zombie.woodbreak",
    "warn": "mob.zombie.woodbreak",
    "purr": "mob.horse.leather"
        }
      },
 "kuraputi:broomstick_c": {
  "volume": 1.0,
  "pitch": [ 0.8, 1.2 ],
  "events": {
    "spawn": {
     "sound": "mob.horse.leather",
     "volume": 1.0,
     "pitch": 0.8
        },
    "hurt": "mob.zombie.wood",
    "death": "mob.zombie.woodbreak",
    "warn": "mob.zombie.woodbreak",
    "purr": "mob.horse.leather"
        }
      }
    }
  }
 }
}
