{
  "format_version": "1.10.0",
  "animation_controllers": {
    "controller.animation.plane_fly": {
      "states": {
        "default": {
          "transitions": [
            {
              "flying": "(1.0)"
            }
          ],
          "on_entry": [
            "/function plane"
          ]
        },
        "flying": {
          "transitions": [
            {
              "default": "query.is_moving"
            }
          ],
          "on_entry": [
            "/function plane"
          ]
        }
      }
    },
    "controller.animation.plane_down": {
      "states": {
        "default": {
          "transitions": [
            {
              "flying": "(1.0)"
            }
          ],
          "on_entry": [
            "/tag @s remove rider"
          ]
        },
        "flying": {
          "transitions": [
            {
              "default": "!query.has_rider"
            }
          ],
          "on_entry": [
            "/tag @s remove rider"
          ]
        }
      }
    },
    "controller.animation.plane_sound": {
      "states": {
        "default": {
          "transitions": [
            {
              "flying": "(1.0)"
            }
          ],
          "on_entry": [
            "/playsound ff.plane @p"
          ]
        },
        "flying": {
          "transitions": [
            {
              "default": "query.has_rider"
            }
          ],
          "on_entry": [
            "/playsound ff.plane @p"
          ]
        }
      }
    }
  }
}