{
	"format_version": "1.8.0",
	"animations": {
		"animation.boris.walk": {
			"loop": true,
			"animation_length": 0.66667,
			"bones": {
				"Kbody": {
					"position": {
						"0.0": [1, -1, 0],
						"0.1667": [0, 0, 0],
						"0.3333": [-1, -1, 0],
						"0.5": [0, 0, 0],
						"0.6667": [1, -1, 0]
					}
				},
				"head": {
					"position": {
						"0.0": [1, -1, 0],
						"0.1667": [0, 0, 0],
						"0.3333": [-1, -1, 0],
						"0.5": [0, 0, 0],
						"0.6667": [1, -1, 0]
					}
				},
				"RightArmUp": {
					"rotation": {
						"0.0": [-20, 0, 0],
						"0.3333": [20, 0, 0],
						"0.6667": [-20, 0, 0]
					},
					"position": {
						"0.0": [0, 5, -11],
						"0.3333": [0, 5, 10],
						"0.6667": [0, 5, -11]
					}
				},
				"RightArmDown": {
					"rotation": {
						"0.0": [-40, 0, 0],
						"0.1667": [0, 0, 0],
						"0.5": [0, 0, 0],
						"0.6667": [-40, 0, 0]
					},
					"position": {
						"0.0": [0, 4, -13],
						"0.1667": [0, 0, 0],
						"0.5": [0, 0, 0],
						"0.6667": [0, 4, -13]
					}
				},
				"LeftArmUp": {
					"rotation": {
						"0.0": [20, 0, 0],
						"0.3333": [-20, 0, 0],
						"0.6667": [20, 0, 0]
					},
					"position": {
						"0.0": [0, 5, 11],
						"0.3333": [0, 5, -11],
						"0.6667": [0, 5, 11]
					}
				},
				"LeftArmDown": {
					"rotation": {
						"0.1667": [0, 0, 0],
						"0.3333": [-40, 0, 0],
						"0.5": [0, 0, 0]
					},
					"position": {
						"0.1667": [0, 0, 0],
						"0.3333": [0, 4, -13],
						"0.5": [0, 0, 0]
					}
				},
				"RightLegUp": {
					"rotation": {
						"0.0": [20, 0, 0],
						"0.3333": [-20, 0, 0],
						"0.6667": [20, 0, 0]
					},
					"position": {
						"0.0": [0, 1, 1],
						"0.3333": [0, 1, -2],
						"0.6667": [0, 1, 1]
					}
				},
				"RightLegDown": {
					"rotation": {
						"0.1667": [0, 0, 0],
						"0.3333": [-20, 0, 0],
						"0.5": [0, 0, 0]
					},
					"position": {
						"0.1667": [0, 0, 0],
						"0.3333": [0, 2, -2],
						"0.5": [0, 0, 0]
					}
				},
				"LeftLegUp": {
					"rotation": {
						"0.0": [-20, 0, 0],
						"0.3333": [20, 0, 0],
						"0.6667": [-20, 0, 0]
					},
					"position": {
						"0.0": [0, 1, -1],
						"0.3333": [0, 0, -1],
						"0.6667": [0, 1, -1]
					}
				},
				"LeftLegDown": {
					"rotation": {
						"0.0": [-20, 0, 0],
						"0.1667": [0, 0, 0],
						"0.5": [0, 0, 0],
						"0.6667": [-20, 0, 0]
					},
					"position": {
						"0.0": [0, 2, -2],
						"0.1667": [0, 0, 0],
						"0.5": [0, 0, 0],
						"0.6667": [0, 2, -2]
					}
				}
			}
		},
		"animation.boris.sleep": {
			"loop": true,
			"animation_length": 2,
			"bones": {
				"Kbody": {
					"position": {
						"0.0": [0, -1, 0],
						"1.0": [0, 1, 0],
						"2.0": [0, -1, 0]
					}
				},
				"head": {
					"rotation": [0, 0, 12.5],
					"position": [-7, 0, 0]
				},
				"RightArmUp": {
					"rotation": [-20, 0, 0],
					"position": [0, 5, -10]
				},
				"RightArmDown": {
					"rotation": [-80, -72.5, 0],
					"position": [8, 10, 3]
				},
				"LeftArmUp": {
					"rotation": [-20, 0, 0],
					"position": [0, 5, -10]
				},
				"LeftArmDown": {
					"rotation": [-80, 75, 0],
					"position": [-10, 14, 3]
				}
			}
		},
		"animation.boris.attack": {
			"animation_length": 1.5,
			"bones": {
				"Kbody": {
					"rotation": {
						"0.0": [0, 0, 0],
						"0.1667": [-10, 17.5, 0],
						"0.9167": [-10, 17.5, 0],
						"1.0": [7.5, 0, 0]
					},
					"position": {
						"0.0": [0, 0, 0],
						"0.9167": [0, 0, 0]
					}
				},
				"RightArmUp": {
					"rotation": {
						"0.0": [0, 0, 0],
						"0.1667": [22.5, 92.5, 132.5],
						"0.9167": [22.5, 92.5, 132.5],
						"1.0": [95, 197.5, 180]
					},
					"position": {
						"0.0": [0, 0, 0],
						"0.0417": [-15, 2, -2],
						"0.0833": [-30, 8, -4],
						"0.125": [-39, 23, -8],
						"0.1667": [-34, 40, -12],
						"0.9167": [-34, 40, -12],
						"0.9583": [-19.5, 42.5, -25],
						"1.0": [7, 27, -20]
					}
				}
			}
		}
	}
}