{
	"format_version": "1.8.0",
	"animations": {
		"animation.charlie.walk": {
			"loop": true,
			"animation_length": 0.66667,
			"bones": {
				"Kbody": {
					"position": {
						"0.0": [1, -1, 0],
						"0.1667": [0, 0, 0],
						"0.3333": [-1, -1, 0],
						"0.5": [0, 0, 0],
						"0.6667": [1, -1, 0]
					}
				},
				"RightArmUp": {
					"rotation": {
						"0.0": [-20, 0, 0],
						"0.3333": [20, 0, 0],
						"0.6667": [-20, 0, 0]
					},
					"position": {
						"0.0": [0, 0, 0],
						"0.3333": [0, 0, 0],
						"0.6667": [0, 0, 0]
					}
				},
				"RightArmDown": {
					"rotation": {
						"0.0": [-20, 0, 0],
						"0.1667": [0, 0, 0],
						"0.5": [0, 0, 0],
						"0.6667": [-20, 0, 0]
					},
					"position": {
						"0.0": [0, 0, 0],
						"0.1667": [0, 0, 0],
						"0.5": [0, 0, 0],
						"0.6667": [0, 0, 0]
					}
				},
				"LeftArmUp": {
					"rotation": {
						"0.0": [20, 0, 0],
						"0.3333": [-20, 0, 0],
						"0.6667": [20, 0, 0]
					},
					"position": {
						"0.0": [0, 0, 0],
						"0.3333": [0, 0, 0],
						"0.6667": [0, 0, 0]
					}
				},
				"LeftArmDown": {
					"rotation": {
						"0.0": [0, 0, 0],
						"0.1667": [-20, 0, 0],
						"0.5": [-20, 0, 0],
						"0.6667": [0, 0, 0]
					},
					"position": {
						"0.0": [0, 0, 0],
						"0.1667": [0, 0, 0],
						"0.5": [0, 0, 0],
						"0.6667": [0, 0, 0]
					}
				},
				"RightLegUp": {
					"rotation": {
						"0.0": [20, 0, 0],
						"0.3333": [-20, 0, 0],
						"0.6667": [20, 0, 0]
					},
					"position": {
						"0.0": [1, -1, 0],
						"0.1667": [0, 0, 0],
						"0.3333": [-1, -1, 0],
						"0.5": [0, 0, 0],
						"0.6667": [1, -1, 0]
					}
				},
				"RightLegDown": {
					"rotation": {
						"0.1667": [0, 0, 0],
						"0.3333": [20, 0, 0],
						"0.5": [0, 0, 0]
					},
					"position": {
						"0.1667": [0, 0, 0],
						"0.3333": [0, 0, 1],
						"0.5": [0, 0, 0]
					}
				},
				"LeftLegUp": {
					"rotation": {
						"0.0": [-20, 0, 0],
						"0.3333": [40, 0, 0],
						"0.6667": [-20, 0, 0]
					},
					"position": {
						"0.0": [1, -1, 0],
						"0.1667": [0, 0, 0],
						"0.3333": [-1, -1, 0],
						"0.5": [0, 0, 0],
						"0.6667": [1, -1, 0]
					}
				},
				"LeftLegDown": {
					"rotation": {
						"0.0": [20, 0, 0],
						"0.1667": [-10, 0, 0],
						"0.5": [-10, 0, 0],
						"0.6667": [20, 0, 0]
					},
					"position": {
						"0.0": [0, 0, 1],
						"0.1667": [0, 0, 0],
						"0.5": [0, 0, 0],
						"0.6667": [0, 0, 1]
					}
				}
			}
		},
		"animation.charlie_box.walk": {
			"loop": true,
			"animation_length": 1,
			"bones": {
				"Kbody": {
					"rotation": {
						"0.0": [10, 10, 0],
						"0.25": [0, 0, 0],
						"0.5": [10, -10, 0],
						"0.75": [0, 0, 0],
						"1.0": [10, 10, 0]
					}
				},
				"RightArmUp": {
					"rotation": {
						"0.0": [0, 0, 0],
						"0.5": [0, 0, 10],
						"1.0": [0, 0, 0]
					}
				},
				"LeftArmUp": {
					"rotation": {
						"0.0": [0, 0, -10],
						"0.5": [0, 0, 0],
						"1.0": [0, 0, -10]
					}
				},
				"RightLegUp": {
					"rotation": {
						"0.0": [20, 0, 0],
						"0.5": [-20, 0, 0],
						"1.0": [20, 0, 0]
					}
				},
				"RightLegDown": {
					"rotation": {
						"0.25": [0, 0, 0],
						"0.5": [20, 0, 0],
						"0.75": [0, 0, 0]
					}
				},
				"LeftLegUp": {
					"rotation": {
						"0.0": [-20, 0, 0],
						"0.5": [20, 0, 0],
						"1.0": [-20, 0, 0]
					}
				},
				"LeftLegDown": {
					"rotation": {
						"0.0": [20, 0, 0],
						"0.25": [0, 0, 0],
						"0.75": [0, 0, 0],
						"1.0": [20, 0, 0]
					}
				}
			}
		}
	}
}