{
	"format_version": "1.8.0",
	"animations": {
		"animation.crocodile.walk": {
			"loop": true,
			"animation_length": 0.66667,
			"bones": {
				"Kbody": {
					"rotation": {
						"0.0": [0, 10, 0],
						"0.3333": [0, -10, 0],
						"0.6667": [0, 10, 0]
					}
				},
				"RightArmUp": {
					"rotation": {
						"0.0": [0, 20, 0],
						"0.3333": [0, -17.5, 0],
						"0.6667": [0, 20, 0]
					},
					"position": {
						"0.0": [4, 0, 0],
						"0.3333": [-2, 0, 0],
						"0.6667": [4, 0, 0]
					}
				},
				"LeftArmUp": {
					"rotation": {
						"0.0": [0, 20, 0],
						"0.3333": [0, -17.5, 0],
						"0.6667": [0, 20, 0]
					},
					"position": {
						"0.0": [2, 0, 0],
						"0.3333": [-4, 0, 0],
						"0.6667": [2, 0, 0]
					}
				},
				"RightLegUp": {
					"rotation": {
						"0.0": [0, 20, 0],
						"0.3333": [0, -17.5, 0],
						"0.6667": [0, 20, 0]
					},
					"position": {
						"0.0": [-1, 0, 0],
						"0.3333": [2, 0, 0],
						"0.6667": [-1, 0, 0]
					}
				},
				"LeftLegUp": {
					"rotation": {
						"0.0": [0, 20, 0],
						"0.3333": [0, -17.5, 0],
						"0.6667": [0, 20, 0]
					},
					"position": {
						"0.0": [-2, 0, 0],
						"0.3333": [1, 0, 0],
						"0.6667": [-2, 0, 0]
					}
				}
			}
		},
		"animation.crocodile.idle": {
			"loop": true,
			"animation_length": 1,
			"bones": {
				"root0": {
					"position": {
						"0.0": [0, 0, 0],
						"0.5": [0, 1, 0],
						"1.0": [0, 0, 0]
					}
				}
			}
		},
		"animation.crocodile.attack": {
			"loop": "hold_on_last_frame",
			"animation_length": 0.66667,
			"bones": {
				"head": {
					"rotation": {
						"0.0": [0, 0, 0],
						"0.1667": [-10, 0, 0],
						"0.5": [-10, 0, 0],
						"0.6667": [0, 0, 0]
					},
					"position": {
						"0.0": [0, 0, 0],
						"0.1667": [0, -2, 3],
						"0.5": [0, -2, 3],
						"0.6667": [0, 0, 0]
					}
				}
			}
		}
	}
}