{
	"format_version": "1.8.0",
	"animations": {
		"animation.hold": {
			"loop": true,
			"bones": {
				"pistolRoot": {
					"rotation": [0, 0, 0],
					"position": [0, 0, 0]
				},
				"pistol": {
					"rotation": [0, 0, 0],
					"position": [0, 0, 0]
				}
			}
		},
		"animation.first_person.hold": {
			"loop": true,
			"animation_length": 0.5,
			"bones": {
				"pistolRoot": {
					"rotation": [50, 40, -60],
					"position": [20, -15, 11]
				},
				"pistol": {
					"rotation": [-2.5, 0, 0],
					"position": {
						"0.0": [0, -12, 0],
						"0.0833": [0, -13, 0],
						"0.1667": [0, -11, 0],
						"0.25": [0, -13, 0],
						"0.3333": [0, -11, 0],
						"0.4167": [0, -9, 0],
						"0.5": [0, -11, 0]
					}
				}
			},
			"sound_effects": {}
		}
	}
}
