{
	"format_version": "1.8.0",
	"animations": {
		"animation.mati.walk": {
			"loop": true,
			"animation_length": 1,
			"bones": {
				"Kbody": {
					"rotation": {
						"0.0": [10, 10, 0],
						"0.25": [0.03451, 0.71006, 0.3744],
						"0.5": [10, -10, 0],
						"0.75": [0.03451, 0.71006, 0.3744],
						"1.0": [10, 10, 0]
					}
				},
				"RightArmUp": {
					"rotation": {
						"0.0": [35, 0, 0],
						"0.1667": [-35, 0, 0],
						"0.5": [-35, 0, 0],
						"0.6667": [35, 0, 0]
					},
					"position": {
						"0.0": [0, 2, 13],
						"0.0833": [0, -1, 0],
						"0.1667": [0, 2, -13],
						"0.5": [0, 2, -13],
						"0.5833": [0, -1, 0],
						"0.6667": [0, 2, 13]
					}
				},
				"RightArmDown": {
					"rotation": {
						"0.0833": [0, 0, 0],
						"0.1667": [-35, 0, 0],
						"0.5": [-35, 0, 0],
						"0.5833": [0, 0, 0]
					},
					"position": {
						"0.0833": [0, 0, 0],
						"0.1667": [0, 1, -8],
						"0.5": [0, 1, -8],
						"0.5833": [0, 0, 0]
					}
				},
				"LeftArmUp": {
					"rotation": {
						"0.0": [-35, 0, 0],
						"0.1667": [35, 0, 0],
						"0.5": [35, 0, 0],
						"0.6667": [-35, 0, 0]
					},
					"position": {
						"0.0": [0, 2, -13],
						"0.0833": [0, -1, 0],
						"0.1667": [0, 2, 13],
						"0.5": [0, 2, 13],
						"0.5833": [0, -1, 0],
						"0.6667": [0, 2, -13]
					}
				},
				"LeftArmDown": {
					"rotation": {
						"0.0": [-35, 0, 0],
						"0.0833": [0, 0, 0],
						"0.5833": [0, 0, 0],
						"0.6667": [-35, 0, 0]
					},
					"position": {
						"0.0": [0, 1, -8],
						"0.0833": [0, 0, 0],
						"0.5833": [0, 0, 0],
						"0.6667": [0, 1, -8]
					}
				},
				"KBody2": {
					"rotation": {
						"0.0": [-60, 0, 0],
						"0.25": [0, 0, 0],
						"0.5": [-60, 0, 0],
						"0.75": [0, 0, 0],
						"1.0": [-60, 0, 0]
					},
					"position": {
						"0.0": [0, -6, -8],
						"0.25": [0, 0, 0],
						"0.5": [0, -6, -8],
						"0.75": [0, 0, 0],
						"1.0": [0, -6, -8]
					}
				},
				"RightLegUp": {
					"rotation": {
						"0.0": [-25, 0, 0],
						"0.25": [0, 0, 0],
						"0.5": [25, 0, 0],
						"0.75": [0, 0, 0],
						"1.0": [-25, 0, 0]
					}
				},
				"LeftLegUp": {
					"rotation": {
						"0.0": [25, 0, 0],
						"0.25": [0, 0, 0],
						"0.5": [-25, 0, 0],
						"0.75": [0, 0, 0],
						"1.0": [25, 0, 0]
					}
				}
			}
		},
		"animation.mati.idle": {
			"loop": true,
			"animation_length": 1,
			"bones": {
				"Kbody": {
					"rotation": {
						"0.0": [0, 0, 0],
						"0.4583": [-2.5, 0, 0],
						"1.0": [0, 0, 0]
					}
				}
			}
		},
		"animation.mati.attack": {
			"loop": "hold_on_last_frame",
			"animation_length": 0.5,
			"bones": {
				"Kbody": {
					"rotation": {
						"0.0": [0, 0, 0],
						"0.0833": [-15, 0, 0],
						"0.1667": [0, 0, 0]
					}
				}
			}
		}
	}
}