{
	"format_version": "1.8.0",
	"animations": {
		"animation.mike.walk": {
			"loop": true,
			"animation_length": 0.66667,
			"bones": {
				"Kbody": {
					"rotation": {
						"0.0": [0, 12.5, 0],
						"0.1667": [0, 0, 0],
						"0.3333": [0, -10, 0],
						"0.5": [0, 0, 0],
						"0.6667": [0, 10, 0]
					},
					"position": {
						"0.0": [0, 1, 0],
						"0.1667": [0, 0, 0],
						"0.3333": [0, 1, 0],
						"0.5": [0, 0, 0],
						"0.6667": [0, 1, 0]
					}
				},
				"RightArmUp": {
					"rotation": {
						"0.0": [20, 0, 0],
						"0.3333": [-20, 0, 0],
						"0.6667": [20, 0, 0]
					},
					"position": {
						"0.0": [0, 0, 1],
						"0.3333": [0, 0, -1],
						"0.6667": [0, 0, 1]
					}
				},
				"RightArmDown": {
					"rotation": {
						"0.0": [0, 0, 0],
						"0.1667": [0, 0, 0],
						"0.3333": [-30, 0, 0],
						"0.5": [0, 0, 0],
						"0.6667": [0, 0, 0]
					},
					"position": {
						"0.1667": [0, 0, 0],
						"0.3333": [0, 0, -1],
						"0.5": [0, 0, 0]
					}
				},
				"LeftArmUp": {
					"rotation": {
						"0.0": [-20, 0, 0],
						"0.3333": [17.5, 0, 0],
						"0.6667": [-20, 0, 0]
					},
					"position": {
						"0.0": [0, 0, -1],
						"0.3333": [0, 0, 1],
						"0.6667": [0, 0, -1]
					}
				},
				"LeftArmDown": {
					"rotation": {
						"0.0": [-30, 0, 0],
						"0.1667": [0, 0, 0],
						"0.5": [0, 0, 0],
						"0.6667": [-30, 0, 0]
					},
					"position": {
						"0.0": [0, 0, -1],
						"0.1667": [0, 0, 0],
						"0.5": [0, 0, 0],
						"0.6667": [0, 0, -1]
					}
				},
				"RightLegUp": {
					"rotation": {
						"0.0": [-20, 10, 0],
						"0.3333": [20, -20, 0],
						"0.6667": [-20, 0, 0]
					},
					"position": {
						"0.0": [0, 1, 0],
						"0.1667": [0, 0, 0.5],
						"0.3333": [0, 1, 1],
						"0.5": [0, 0, 0.5],
						"0.6667": [0, 1, 0]
					}
				},
				"RightLegDown": {
					"rotation": {
						"0.0": [20, 0, 0],
						"0.1667": [0, 0, 0],
						"0.5": [0, 0, 0],
						"0.6667": [20, 0, 0]
					},
					"position": {
						"0.0": [0, 0, 1],
						"0.1667": [0, 0, 0],
						"0.5": [0, 0, 0],
						"0.6667": [0, 0, 1]
					}
				},
				"LeftLegUp": {
					"rotation": {
						"0.0": [20, 10, 0],
						"0.3333": [-20, -20, 0],
						"0.6667": [20, 0, 0]
					},
					"position": {
						"0.0": [0, 1, 0],
						"0.1667": [0, 0, 0],
						"0.3333": [0, 2, 0],
						"0.5": [0, 0, 0],
						"0.6667": [0, 1, 0]
					}
				},
				"LeftLegDown": {
					"rotation": {
						"0.1667": [0, 0, 0],
						"0.3333": [20, 0, 0],
						"0.5": [0, 0, 0]
					},
					"position": {
						"0.1667": [0, 0, 0],
						"0.3333": [0, 0, 1],
						"0.5": [0, 0, 0]
					}
				}
			}
		}
	}
}