{
	"format_version": "1.8.0",
	"animations": {
		"animation.minirod_prototype.walk": {
			"loop": true,
			"animation_length": 0.5,
			"bones": {
				"Kbody": {
					"rotation": {
						"0.0": [0, -10, 0],
						"0.25": [0, 10, 0],
						"0.5": [0, -10, 0]
					},
					"position": {
						"0.0": [0, 1, 0],
						"0.125": [0, 0, 0],
						"0.25": [0, 1, 0],
						"0.375": [0, 0, 0],
						"0.5": [0, 1, 0]
					}
				},
				"head": {
					"rotation": {
						"0.0": [0, 0, 15],
						"0.25": [0, 0, -15],
						"0.5": [0, 0, 15]
					},
					"position": {
						"0.0": [1, 0, 0],
						"0.25": [-1, 0, 0],
						"0.5": [1, 0, 0]
					}
				},
				"RightArmUp": {
					"rotation": {
						"0.0": [-30, 0, 0],
						"0.25": [-20, 0, 0],
						"0.5": [-30, 0, 0]
					},
					"position": {
						"0.0": [0, 0, 3],
						"0.25": [0, 0, 2],
						"0.5": [0, 0, 3]
					}
				},
				"RightArmDown": {
					"rotation": {
						"0.0": [-52.5, 0, 0],
						"0.25": [-60, 0, 0],
						"0.5": [-55, 0, 0]
					},
					"position": {
						"0.0": [0, -3, 5],
						"0.25": [0, -3, 5]
					}
				},
				"LeftArmUp": {
					"rotation": {
						"0.0": [-30, 0, 0],
						"0.25": [-20, 0, 0],
						"0.5": [-30, 0, 0]
					},
					"position": {
						"0.0": [0, 0, 2],
						"0.25": [0, 0, 1],
						"0.5": [0, 0, 2]
					}
				},
				"LeftArmDown": {
					"rotation": {
						"0.0": [-60, 0, -7.5],
						"0.25": [-45, 0, 12.5],
						"0.5": [-60, 0, -5]
					},
					"position": {
						"0.0": [0, -3, 5],
						"0.25": [1, -3, 5],
						"0.5": [0, -3, 5]
					}
				},
				"RightLegUp": {
					"rotation": {
						"0.0": [-15, 0, 0],
						"0.25": [15, 0, 0],
						"0.5": [-15, 0, 0]
					},
					"position": {
						"0.0": [0, 1, 0],
						"0.125": [0, 0, 0],
						"0.25": [0, 1, 0],
						"0.375": [0, 0, 0],
						"0.5": [0, 1, 0]
					}
				},
				"RightLegDown": {
					"rotation": {
						"0.0": [15, 0, 0],
						"0.0833": [0, 0, 0],
						"0.25": [0, 0, 0],
						"0.4167": [0, 0, 0],
						"0.5": [15, 0, 0]
					}
				},
				"LeftLegUp": {
					"rotation": {
						"0.0": [15, 0, 0],
						"0.25": [-15, 0, 0],
						"0.5": [15, 0, 0]
					},
					"position": {
						"0.0": [0, 1, 0],
						"0.125": [0, 0, 0],
						"0.25": [0, 1, 0],
						"0.375": [0, 0, 0],
						"0.5": [0, 1, 0]
					}
				},
				"LeftLegDown": {
					"rotation": {
						"0.0": [0, 0, 0],
						"0.1667": [0, 0, 0],
						"0.25": [15, 0, 0],
						"0.3333": [0, 0, 0],
						"0.5": [0, 0, 0]
					}
				}
			}
		},
		"animation.minirod_prototype.idle": {
			"loop": true,
			"bones": {
				"RightArmUp": {
					"rotation": [-15, 0, 0],
					"position": [0, 0, 1]
				},
				"RightArmDown": {
					"rotation": [-75, 0, 0],
					"position": [0, -6, 6]
				},
				"LeftArmUp": {
					"rotation": [-15, 0, 0],
					"position": [0, 0, 1]
				},
				"LeftArmDown": {
					"rotation": [-77.5, 0, 0],
					"position": [0, -6, 6]
				}
			}
		},
		"animation.minirod_prototype.warning": {
			"loop": true,
			"animation_length": 3,
			"bones": {
				"Kbody": {
					"rotation": {
						"0.0": [0, 0, 0],
						"0.5": [17.5, 0, 0],
						"0.6667": [16.33, 0, 0],
						"3.0": [0, 0, 0]
					},
					"position": [0, 0, 0]
				},
				"head": {
					"rotation": {
						"0.4167": [0, -12.5, 0],
						"0.4583": [0, 12.5, 0],
						"0.5": [0, -12.5, 0],
						"0.5417": [0, 12.5, 0],
						"0.5833": [0, -12.5, 0],
						"0.625": [0, 12.5, 0],
						"0.6667": [0, 0, 0]
					}
				},
				"RightArmUp": {
					"rotation": [-15, 0, 0],
					"position": [0, 0, 1]
				},
				"LeftArmUp": {
					"rotation": [-17.5, 0, 0],
					"position": [0, 0, 1]
				}
			}
		}
	}
}