{
	"format_version": "1.8.0",
	"animations": {
		"animation.minirod.walk": {
			"loop": true,
			"animation_length": 1,
			"bones": {
				"RightArmUp": {
					"rotation": {
						"0.0": [30, 0, 0],
						"0.1667": [-30, 0, 0],
						"0.5": [-30, 0, 0],
						"0.6667": [30, 0, 0]
					},
					"position": {
						"0.0": [0, 0, 1],
						"0.1667": [0, 0, -1],
						"0.5": [0, 0, -1],
						"0.6667": [0, 0, 1]
					}
				},
				"head": {
					"rotation": {
						"0.0": [0, 0, 10],
						"0.1667": [0, 0, -10],
						"0.5": [0, 0, -10],
						"0.6667": [0, 0, 10]
					},
					"position": {
						"0.0": [1, 0, 0],
						"0.1667": [-1, 0, 0],
						"0.5": [-1, 0, 0],
						"0.6667": [1, 0, 0]
					}
				},
				"RightLegUp": {
					"rotation": {
						"0.0": [-30, -10, 0],
						"0.1667": [30, 20, 0],
						"0.5": [30, 20, 0],
						"0.6667": [-30, -10, 0]
					}
				},
				"LeftLegUp": {
					"rotation": {
						"0.0": [30, -10, 2.5],
						"0.1667": [-30, 20, 0],
						"0.5": [-30, 20, 0],
						"0.6667": [30, -10, 0]
					}
				},
				"RightLegDown": {
					"rotation": {
						"0.0": [30, 0, 0],
						"0.1667": [0, 0, 0],
						"0.5": [0, 0, 0],
						"0.6667": [30, 0, 0]
					},
					"position": {
						"0.0": [0, -1, -2],
						"0.1667": [0, 0, 0],
						"0.5": [0, 0, 0],
						"0.6667": [0, -1, -2]
					}
				},
				"LeftLegDown": {
					"rotation": {
						"0.0": [0, 0, 0],
						"0.1667": [30, 0, 0],
						"0.5": [30, 0, 0],
						"0.6667": [0, 0, 0]
					},
					"position": {
						"0.0": [0, 0, 0],
						"0.1667": [0, -1, -2],
						"0.5": [0, -1, -2],
						"0.6667": [0, 0, 0]
					}
				},
				"Kbody": {
					"rotation": {
						"0.0": [0, 10, -10],
						"0.25": [0, 0, 0],
						"0.5": [0, -10, 10],
						"0.75": [0, 0, 0],
						"1.0": [0, 10, -10]
					}
				},
				"RightArmDown": {
					"rotation": {
						"0.0": [0, 0, 0],
						"0.1667": [-30, 0, 0],
						"0.5": [-30, 0, 0],
						"0.6667": [0, 0, 0]
					},
					"position": {
						"0.0": [0, 0, 0],
						"0.1667": [0, -2, 4],
						"0.5": [0, -2, 4],
						"0.6667": [0, 0, 0]
					}
				},
				"LeftArmUp": {
					"rotation": {
						"0.0": [-30, 0, 0],
						"0.1667": [30, 0, 0],
						"0.5": [30, 0, 0],
						"0.6667": [-30, 0, 0]
					},
					"position": {
						"0.0": [0, 0, -1],
						"0.1667": [0, 0, 1],
						"0.5": [0, 0, 1],
						"0.6667": [0, 0, -1]
					}
				},
				"LeftArmDown": {
					"rotation": {
						"0.0": [-30, 0, 0],
						"0.1667": [0, 0, 0],
						"0.5": [0, 0, 0],
						"0.6667": [-30, 0, 0]
					},
					"position": {
						"0.0": [0, -2, 4],
						"0.1667": [0, 0, 0],
						"0.5": [0, 0, 0],
						"0.6667": [0, -2, 4]
					}
				}
			}
		},
		"animation.minirod_chef.walk": {
			"loop": true,
			"animation_length": 1,
			"bones": {
				"RightArmUp": {
					"rotation": [-45, -45, 0],
					"position": [1, 0, -1]
				},
				"head": {
					"rotation": {
						"0.0": [0, 0, 10],
						"0.1667": [0, 0, -10],
						"0.5": [0, 0, -10],
						"0.6667": [0, 0, 10]
					},
					"position": {
						"0.0": [1, 0, 0],
						"0.1667": [-1, 0, 0],
						"0.5": [-1, 0, 0],
						"0.6667": [1, 0, 0]
					}
				},
				"RightArmDown": {
					"rotation": [-45, 0, 0],
					"position": [0, -4, 6]
				},
				"LeftArmUp": {
					"rotation": [-45, 45, 0],
					"position": [-1, 0, -1]
				},
				"LeftArmDown": {
					"rotation": [-45, 0, 0],
					"position": [0, -4, 6]
				},
				"RightLegUp": {
					"rotation": {
						"0.0": [-30, -10, 0],
						"0.1667": [30, 20, 0],
						"0.5": [30, 20, 0],
						"0.6667": [-30, -10, 0]
					}
				},
				"LeftLegUp": {
					"rotation": {
						"0.0": [30, -10, 2.5],
						"0.1667": [-30, 20, 0],
						"0.5": [-30, 20, 0],
						"0.6667": [30, -10, 0]
					}
				},
				"RightLegDown": {
					"rotation": {
						"0.0": [30, 0, 0],
						"0.1667": [0, 0, 0],
						"0.5": [0, 0, 0],
						"0.6667": [30, 0, 0]
					},
					"position": {
						"0.0": [0, -1, -2],
						"0.1667": [0, 0, 0],
						"0.5": [0, 0, 0],
						"0.6667": [0, -1, -2]
					}
				},
				"LeftLegDown": {
					"rotation": {
						"0.0": [0, 0, 0],
						"0.1667": [30, 0, 0],
						"0.5": [30, 0, 0],
						"0.6667": [0, 0, 0]
					},
					"position": {
						"0.0": [0, 0, 0],
						"0.1667": [0, -1, -2],
						"0.5": [0, -1, -2],
						"0.6667": [0, 0, 0]
					}
				},
				"Kbody": {
					"rotation": {
						"0.0": [0, 10, -10],
						"0.25": [0, 0, 0],
						"0.5": [0, -10, 10],
						"0.75": [0, 0, 0],
						"1.0": [0, 10, -10]
					}
				}
			}
		},
		"animation.minirod.idle": {
			"loop": true,
			"animation_length": 1,
			"bones": {
				"Kbody": {
					"rotation": {
						"0.0": [0, 0, 0],
						"0.5": [-5, 0, 0],
						"1.0": [0, 0, 0]
					},
					"position": {
						"0.0": [0, 0, 0],
						"0.5": [0, 0, 1],
						"1.0": [0, 0, 0]
					}
				},
				"RightArmUp": {
					"rotation": {
						"0.0": [0, 0, 0],
						"0.5": [0, 0, 5],
						"1.0": [0, 0, 0]
					},
					"position": {
						"0.0": [0, 0, 0],
						"0.5": [0, 0, 0],
						"1.0": [0, 0, 0]
					}
				},
				"LeftArmUp": {
					"rotation": {
						"0.0": [0, 0, 0],
						"0.5": [0, 0, -5],
						"1.0": [0, 0, 0]
					},
					"position": {
						"0.0": [0, 0, 0],
						"0.5": [0, 0, 0],
						"1.0": [0, 0, 0]
					}
				},
				"RightLegUp": {
					"rotation": {
						"0.0": [0, 0, 0],
						"0.5": [-5, 0, 0],
						"1.0": [0, 0, 0]
					},
					"position": {
						"0.0": [0, 0, 0],
						"0.5": [0, 0, 1],
						"1.0": [0, 0, 0]
					}
				},
				"RightLegDown": {
					"rotation": {
						"0.0": [0, 0, 0],
						"1.0": [0, 0, 0]
					},
					"position": {
						"0.0": [0, 0, 0],
						"1.0": [0, 0, 0]
					}
				},
				"LeftLegUp": {
					"rotation": {
						"0.0": [0, 0, 0],
						"0.5": [-5, 0, 0],
						"1.0": [0, 0, 0]
					},
					"position": {
						"0.0": [0, 0, 0],
						"0.5": [0, 0, 1],
						"1.0": [0, 0, 0]
					}
				}
			}
		},
		"animation.minirod.attack": {
			"loop": "hold_on_last_frame",
			"animation_length": 2.5,
			"bones": {
				"Kbody": {
					"rotation": {
						"0.0": [0, 0, 0],
						"0.5": [0, -357.5, 0],
						"1.0": [0, -717.5, 0],
						"1.5": [0, -1077.5, 0],
						"2.0": [0, -1437.5, 0]
					}
				},
				"head": {
					"rotation": {
						"2.0": [0, 0, 0],
						"2.1667": [15, 0, 0]
					},
					"position": {
						"2.0": [0, 0, 0],
						"2.1667": [0, -1, -1]
					}
				},
				"RightArmUp": {
					"rotation": {
						"0.0": [0, 0, 0],
						"0.1667": [0, 0, 90],
						"2.0": [0, 0, 90],
						"2.1667": [0, 0, 0]
					},
					"position": {
						"0.0": [0, 0, 0],
						"0.1667": [-1, 1, 0],
						"2.0": [-1, 1, 0],
						"2.1667": [0, 0, 0]
					}
				},
				"LeftArmUp": {
					"rotation": {
						"0.0": [0, 0, 0],
						"0.1667": [0, 0, -90],
						"2.0": [0, 0, -90],
						"2.1667": [0, 0, 0]
					},
					"position": {
						"0.0": [0, 0, 0],
						"0.1667": [1, 1, 0],
						"2.0": [1, 1, 0],
						"2.1667": [0, 0, 0]
					}
				}
			}
		},
		"animation.minirod.sprint": {
			"loop": true,
			"animation_length": 1,
			"bones": {
				"root0": {
					"position": {
						"0.0": [0, 3, 0],
						"0.125": [0, 0, 0],
						"0.25": [0, 3, 0],
						"0.375": [0, 0, 0],
						"0.5": [0, 3, 0],
						"0.625": [0, 0, 0],
						"0.75": [0, 3, 0],
						"0.875": [0, 0, 0],
						"1.0": [0, 3, 0]
					}
				},
				"Kbody": {
					"rotation": {
						"0.0": [0, 15, 15],
						"0.25": [0, -15, -15],
						"0.5": [0, 15, 15],
						"0.75": [0, -15, -15],
						"1.0": [0, 15, 15]
					},
					"position": {
						"0.0": [1, 0, 0],
						"0.25": [-1, 0, 0],
						"0.5": [1, 0, 0],
						"0.75": [-1, 0, 0],
						"1.0": [1, 0, 0]
					}
				},
				"head": {
					"rotation": {
						"0.0": [0, 0, 20],
						"0.25": [0, 0, -20],
						"0.5": [0, 0, 20],
						"0.75": [0, 0, -20],
						"1.0": [0, 0, 20]
					},
					"position": {
						"0.0": [1, 0, 0],
						"0.25": [-1, 0, 0],
						"0.5": [1, 0, 0],
						"0.75": [-1, 0, 0],
						"1.0": [1, 0, 0]
					}
				},
				"RightArmUp": {
					"rotation": {
						"0.0": [60, 0, 0],
						"0.125": [0, 0, 0],
						"0.25": [-60, 0, 0],
						"0.375": [0, 0, 0],
						"0.5": [60, 0, 0],
						"0.625": [0, 0, 0],
						"0.75": [-60, 0, 0],
						"0.875": [0, 0, 0],
						"1.0": [60, 0, 0]
					},
					"position": {
						"0.0": [0, 0, 1],
						"0.125": [0, 0, 0],
						"0.25": [0, 0, -1],
						"0.375": [0, 0, 0],
						"0.5": [0, 0, 1],
						"0.625": [0, 0, 0],
						"0.75": [0, 0, -1],
						"0.875": [0, 0, 0],
						"1.0": [0, 0, 1]
					}
				},
				"RightArmDown": {
					"rotation": {
						"0.0": [0, 0, 0],
						"0.25": [-30, 0, 0],
						"0.5": [0, 0, 0],
						"0.75": [-30, 0, 0],
						"1.0": [0, 0, 0]
					},
					"position": {
						"0.0": [0, 0, 0],
						"0.25": [0, -3, 4],
						"0.5": [0, 0, 0],
						"0.75": [0, -3, 4],
						"1.0": [0, 0, 0]
					}
				},
				"LeftArmUp": {
					"rotation": {
						"0.0": [-60, 0, 0],
						"0.125": [0, 0, 0],
						"0.25": [60, 0, 0],
						"0.375": [0, 0, 0],
						"0.5": [-60, 0, 0],
						"0.625": [0, 0, 0],
						"0.75": [60, 0, 0],
						"0.875": [0, 0, 0],
						"1.0": [-60, 0, 0]
					},
					"position": {
						"0.0": [0, 0, -1],
						"0.125": [0, 0, 0],
						"0.25": [0, 0, 1],
						"0.375": [0, 0, 0],
						"0.5": [0, 0, -1],
						"0.625": [0, 0, 0],
						"0.75": [0, 0, 1],
						"0.875": [0, 0, 0],
						"1.0": [0, 0, -1]
					}
				},
				"LeftArmDown": {
					"rotation": {
						"0.0": [-30, 0, 0],
						"0.25": [0, 0, 0],
						"0.5": [-30, 0, 0],
						"0.75": [0, 0, 0],
						"1.0": [-30, 0, 0]
					},
					"position": {
						"0.0": [0, -3, 4],
						"0.25": [0, 0, 0],
						"0.5": [0, -3, 4],
						"0.75": [0, 0, 0],
						"1.0": [0, -3, 4]
					}
				},
				"RightLegUp": {
					"rotation": {
						"0.0": [-60, 0, 0],
						"0.25": [60, 0, 0],
						"0.5": [-60, 0, 0],
						"0.75": [60, 0, 0],
						"1.0": [-60, 0, 0]
					},
					"position": {
						"0.0": [0, 0, -1],
						"0.25": [0, 0, 1],
						"0.5": [0, 0, -1],
						"0.75": [0, 0, 1],
						"1.0": [0, 0, -1]
					}
				},
				"RightLegDown": {
					"rotation": {
						"0.0": [30, 0, 0],
						"0.125": [0, 0, 0],
						"0.25": [30, 0, 0],
						"0.375": [0, 0, 0],
						"0.5": [30, 0, 0],
						"0.625": [0, 0, 0],
						"0.75": [30, 0, 0],
						"0.875": [0, 0, 0],
						"1.0": [30, 0, 0]
					},
					"position": {
						"0.0": [0, -1, -2],
						"0.125": [0, 0, 0],
						"0.25": [0, -1, -2],
						"0.375": [0, 0, 0],
						"0.5": [0, -1, -2],
						"0.625": [0, 0, 0],
						"0.75": [0, -1, -2],
						"0.875": [0, 0, 0],
						"1.0": [0, -1, -2]
					}
				},
				"LeftLegUp": {
					"rotation": {
						"0.0": [60, 0, 0],
						"0.25": [-60, 0, 0],
						"0.5": [60, 0, 0],
						"0.75": [-60, 0, 0],
						"1.0": [60, 0, 0]
					},
					"position": {
						"0.0": [0, 0, 1],
						"0.25": [0, 0, -1],
						"0.5": [0, 0, 1],
						"0.75": [0, 0, -1],
						"1.0": [0, 0, 1]
					}
				},
				"LeftLegDown": {
					"rotation": {
						"0.0": [30, 0, 0],
						"0.125": [0, 0, 0],
						"0.25": [30, 0, 0],
						"0.375": [0, 0, 0],
						"0.5": [30, 0, 0],
						"0.625": [0, 0, 0],
						"0.75": [30, 0, 0],
						"0.875": [0, 0, 0],
						"1.0": [30, 0, 0]
					},
					"position": {
						"0.0": [0, -1, -2],
						"0.125": [0, 0, 0],
						"0.25": [0, -1, -2],
						"0.375": [0, 0, 0],
						"0.5": [0, -1, -2],
						"0.625": [0, 0, 0],
						"0.75": [0, -1, -2],
						"0.875": [0, 0, 0],
						"1.0": [0, -1, -2]
					}
				}
			}
		},
		"animation.minirod_cleaner1.idle": {
			"loop": true,
			"animation_length": 5,
			"bones": {
				"Kbody": {
					"rotation": {
						"0.0": [0, 0, 0],
						"0.5": [-2.5, 0, 0],
						"1.0": [0, 0, 0],
						"1.5": [-2.5, 0, 0],
						"2.0": [0, 0, 0],
						"2.5": [-2.5, 0, 0],
						"3.0": [0, 0, 0],
						"3.1667": [0, 0, 0],
						"3.5": [0, -10, 10],
						"4.0": [0, -10, -10],
						"4.5": [0, -10, 10],
						"4.8333": [0, -10, -10],
						"5.0": [0, 0, 0]
					},
					"position": {
						"3.1667": [0, 0, 0],
						"3.5": [1, 0, 0],
						"4.0": [-1, 0, 0],
						"4.5": [1, 0, 0],
						"4.8333": [-1, 0, 0],
						"5.0": [0, 0, 0]
					}
				},
				"head": {
					"rotation": {
						"3.0": [0, 0, 0],
						"3.1667": [15, 15, 0],
						"4.8333": [15, 15, 0],
						"5.0": [0, 0, 0]
					},
					"position": {
						"3.0": [0, 0, 0],
						"3.1667": [-1, -1, -1],
						"4.8333": [-1, -1, -1],
						"5.0": [0, 0, 0]
					}
				},
				"RightArmUp": {
					"rotation": {
						"3.0": [0, 0, 0],
						"3.1667": [-40, 0, -35],
						"3.5": [-40, 0, -82.5],
						"4.0": [-40, 0, -37.5],
						"4.5": [-40, 0, -82.5],
						"4.8333": [-40, 0, -35],
						"5.0": [0, 0, 0]
					},
					"position": {
						"3.0": [0, 0, 0],
						"3.1667": [0, 0, -1],
						"3.5": [0, 1, -1],
						"4.0": [0, 0, -1],
						"4.5": [0, 1, -1],
						"4.8333": [0, 0, -1],
						"5.0": [0, 0, 0]
					}
				},
				"RightArmDown": {
					"rotation": {
						"3.0": [0, 0, 0],
						"3.1667": [0, 90, 0],
						"4.8333": [0, 90, 0],
						"5.0": [0, 0, 0]
					},
					"position": {
						"3.0": [0, 0, 0],
						"3.1667": [4, 0, 0],
						"4.8333": [4, 0, 0],
						"5.0": [0, 0, 0]
					}
				},
				"LeftArmUp": {
					"rotation": {
						"3.0": [0, 0, 0],
						"3.1667": [-40, 0, 35],
						"3.5": [-85, 20, 35],
						"4.0": [-40, 0, 35],
						"4.5": [-85, 20, 35],
						"4.8333": [-40, 0, 35],
						"5.0": [0, 0, 0]
					},
					"position": {
						"3.0": [0, 0, 0],
						"3.1667": [0, 0, -1],
						"3.5": [0, 1, -1],
						"4.0": [0, 0, -1],
						"4.5": [0, 1, -1],
						"4.8333": [0, 0, -1],
						"5.0": [0, 0, 0]
					}
				},
				"LeftArmDown": {
					"rotation": {
						"3.0": [0, 0, 0],
						"3.1667": [0, 0, 35],
						"4.8333": [0, 0, 35],
						"5.0": [0, 0, 0]
					},
					"position": {
						"3.0": [0, 0, 0],
						"3.1667": [5, -3, 0],
						"4.8333": [5, -3, 0],
						"5.0": [0, 0, 0]
					}
				}
			}
		},
		"animation.minirod_cleaner2.idle": {
			"loop": true,
			"animation_length": 5,
			"bones": {
				"Kbody": {
					"rotation": {
						"0.0": [0, 0, 0],
						"0.5": [-2.5, 0, 0],
						"1.0": [0, 0, 0],
						"1.5": [-2.5, 0, 0],
						"2.0": [0, 0, 0],
						"2.5": [-2.5, 0, 0],
						"3.0": [0, 0, 0],
						"3.5": [-2.5, 0, 0],
						"4.0": [0, 0, 0],
						"4.5": [-2.5, 0, 0],
						"5.0": [0, 0, 0]
					}
				},
				"head": {
					"rotation": {
						"4.0": [0, 0, 0],
						"4.1667": [-30, 0, 0],
						"4.5": [-30, 30, 0],
						"4.8333": [-30, -30, 0],
						"5.0": [0, 0, 0]
					},
					"position": {
						"4.0": [0, 0, 0],
						"4.1667": [0, 0, 2],
						"4.8333": [0, 0, 2],
						"5.0": [0, 0, 0]
					}
				}
			}
		},
		"animation.minirod_mechanic.idle": {
			"loop": true,
			"animation_length": 5,
			"bones": {
				"Kbody": {
					"rotation": {
						"0.0": [0, 0, 0],
						"0.5": [-2.5, 0, 0],
						"1.0": [0, 0, 0],
						"1.5": [-2.5, 0, 0],
						"2.0": [0, 0, 0],
						"2.5": [-2.5, 0, 0],
						"3.0": [0, 0, 0],
						"3.5": [-2.5, 0, 0],
						"4.0": [0, 0, 0],
						"4.1667": [10, -10, -10],
						"4.3333": [20, -20, -10],
						"4.5": [10, -10, -10],
						"4.6667": [20, -20, -10],
						"4.8333": [10, -10, -10],
						"5.0": [0, 0, 0]
					},
					"position": {
						"4.0": [0, 0, 0],
						"4.1667": [-1, 0, -1],
						"4.3333": [-1, 0, -2],
						"4.5": [-1, 0, -1],
						"4.6667": [-1, 0, -2],
						"4.8333": [-1, 0, -1],
						"5.0": [0, 0, 0]
					}
				},
				"RightArmUp": {
					"rotation": {
						"4.0": [0, 0, 0],
						"4.1667": [-30, 0, 0],
						"4.8333": [-30, 0, 0],
						"5.0": [0, 0, 0]
					},
					"position": {
						"4.0": [0, 0, 0],
						"4.1667": [0, 0, -1],
						"4.8333": [0, 0, -1],
						"5.0": [0, 0, 0]
					}
				},
				"RightArmDown": {
					"rotation": {
						"4.0": [0, 0, 0],
						"4.1667": [-30, 0, 0],
						"4.5": [-30, -30, 0],
						"4.8333": [-30, 0, 0],
						"5.0": [0, 0, 0]
					},
					"position": {
						"4.0": [0, 0, 0],
						"4.1667": [0, -3, 4],
						"4.5": [-3, -3, 2],
						"4.8333": [0, -3, 4],
						"5.0": [0, 0, 0]
					}
				},
				"LeftArmUp": {
					"rotation": {
						"4.0": [0, 0, 0],
						"4.1667": [0, 0, -30],
						"4.8333": [0, 0, -30],
						"5.0": [0, 0, 0]
					},
					"position": {
						"4.0": [0, 0, 0],
						"4.1667": [1, 0, 0],
						"4.8333": [1, 0, 0],
						"5.0": [0, 0, 0]
					}
				},
				"LeftArmDown": {
					"rotation": {
						"4.0": [0, 0, 0],
						"4.1667": [-30, 0, 0],
						"4.8333": [-30, 0, 0],
						"5.0": [0, 0, 0]
					},
					"position": {
						"4.0": [0, 0, 0],
						"4.1667": [0, -3, 4],
						"4.8333": [0, -3, 4],
						"5.0": [0, 0, 0]
					}
				}
			}
		},
		"animation.minirod_worker.idle": {
			"loop": true,
			"animation_length": 5,
			"bones": {
				"Kbody": {
					"rotation": {
						"0.0": [0, 0, 0],
						"0.5": [-2.5, 0, 0],
						"1.0": [0, 0, 0],
						"1.5": [-2.5, 0, 0],
						"2.0": [0, 0, 0],
						"2.5": [-2.5, 0, 0],
						"3.0": [0, 0, 0],
						"3.5": [-2.5, 0, 0],
						"4.0": [0, 0, 0],
						"5.0": [0, 0, 0]
					}
				},
				"head": {
					"rotation": {
						"2.0": [0, 0, 0],
						"2.3333": [0, 30, 0],
						"2.6667": [0, -30, 0],
						"3.0": [0, 0, 0],
						"4.0": [0, 0, 0],
						"4.1667": [15, 15, 0],
						"4.8333": [15, 15, 0],
						"5.0": [0, 0, 0]
					},
					"position": {
						"2.0": [0, 0, 0],
						"2.3333": [-1, 0, 0],
						"2.6667": [1, 0, 0],
						"3.0": [0, 0, 0],
						"4.0": [0, 0, 0],
						"4.1667": [0, -1, -1],
						"4.8333": [0, -1, -1],
						"5.0": [0, 0, 0]
					}
				},
				"RightArmUp": {
					"rotation": {
						"4.0": [0, 0, 0],
						"4.1667": [-30, 0, 0],
						"4.8333": [-30, 0, 0],
						"5.0": [0, 0, 0]
					},
					"position": {
						"4.0": [0, 0, 0],
						"4.1667": [0, 0, -1],
						"4.8333": [0, 0, -1],
						"5.0": [0, 0, 0]
					}
				},
				"RightArmDown": {
					"rotation": {
						"4.0": [0, 0, 0],
						"4.1667": [-60, 0, -30],
						"4.8333": [-60, 0, -30],
						"5.0": [0, 0, 0]
					},
					"position": {
						"4.0": [0, 0, 0],
						"4.0833": [-1.5, -4, 3.5],
						"4.1667": [-1, -8, 7],
						"4.8333": [-1, -8, 7],
						"4.9167": [-1.5, -4, 3.5],
						"5.0": [0, 0, 0]
					}
				}
			}
		},
		"animation.minirod_chef.idle": {
			"loop": true,
			"animation_length": 5,
			"bones": {
				"Kbody": {
					"rotation": {
						"0.0": [0, 0, 0],
						"0.5": [-2.5, 0, 0],
						"1.0": [0, 0, 0],
						"1.5": [-2.5, 0, 0],
						"2.0": [0, 0, 0],
						"2.5": [-2.5, 0, 0],
						"3.0": [0, 0, 0],
						"3.5": [-2.5, 0, 0],
						"4.0": [0, 0, 0],
						"4.1667": [0, 0, 0],
						"4.3333": [0, 20, 0],
						"4.5": [0, 0, 0],
						"4.6667": [0, -20, 0],
						"4.8333": [0, 0, 0],
						"5.0": [0, 0, 0]
					}
				},
				"RightArmUp": {
					"rotation": {
						"4.0": [0, 0, 0],
						"4.1667": [-45, -45, 0],
						"4.3333": [-25, -45, 0],
						"4.5": [-45, -45, 0],
						"4.6667": [-25, -45, 0],
						"4.8333": [-45, -45, 0],
						"5.0": [0, 0, 0]
					},
					"position": {
						"4.0": [0, 0, 0],
						"4.1667": [0, 0, 0],
						"4.8333": [0, 0, 0],
						"5.0": [0, 0, 0]
					}
				},
				"RightArmDown": {
					"rotation": {
						"4.0": [0, 0, 0],
						"4.1667": [-45, 0, 0],
						"4.8333": [-45, 0, 0],
						"5.0": [0, 0, 0]
					},
					"position": {
						"4.0": [0, 0, 0],
						"4.1667": [0, -4, 6],
						"4.8333": [0, -4, 6],
						"5.0": [0, 0, 0]
					}
				},
				"LeftArmUp": {
					"rotation": {
						"4.0": [0, 0, 0],
						"4.1667": [-45, 45, 0],
						"4.3333": [-25, 45, 0],
						"4.5": [-45, 45, 0],
						"4.6667": [-25, 45, 0],
						"4.8333": [-45, 45, 0],
						"5.0": [0, 0, 0]
					},
					"position": {
						"4.0": [0, 0, 0],
						"4.1667": [0, 0, 0],
						"4.8333": [0, 0, 0],
						"5.0": [0, 0, 0]
					}
				},
				"LeftArmDown": {
					"rotation": {
						"4.0": [0, 0, 0],
						"4.1667": [-45, 0, 0],
						"4.8333": [-45, 0, 0],
						"5.0": [0, 0, 0]
					},
					"position": {
						"4.0": [0, 0, 0],
						"4.1667": [0, -4, 6],
						"4.8333": [0, -4, 6],
						"5.0": [0, 0, 0]
					}
				}
			}
		}
	}
}