{
	"format_version": "1.8.0",
	"animations": {
		"animation.rod.walk": {
			"loop": true,
			"animation_length": 1,
			"bones": {
				"Kbody": {
					"rotation": {
						"0.0": [0, -10, 10],
						"0.25": [0, 0, 0],
						"0.5": [0, 10, -10],
						"0.75": [0, 0, 0],
						"1.0": [0, -10, 10]
					},
					"position": {
						"0.0": [1, 0, 0],
						"0.25": [0, 0, 0],
						"0.5": [-1, 0, 0],
						"0.75": [0, 0, 0],
						"1.0": [1, 0, 0]
					}
				},
				"RightArmUp": {
					"rotation": {
						"0.0": [-20, 0, 0],
						"0.5": [20, 0, 0],
						"1.0": [-20, 0, 0]
					},
					"position": {
						"0.0": [0, 0, -1],
						"0.5": [0, 0, 1],
						"1.0": [0, 0, -1]
					}
				},
				"RightArmDown": {
					"rotation": {
						"0.0": [-20, 0, 0],
						"0.25": [0, 0, 0],
						"0.75": [0, 0, 0],
						"1.0": [-20, 0, 0]
					},
					"position": {
						"0.0": [0, 1, -2],
						"0.25": [0, 0, 0],
						"0.75": [0, 0, 0],
						"1.0": [0, 1, -2]
					}
				},
				"LeftArmUp": {
					"rotation": {
						"0.0": [20, 0, 0],
						"0.5": [-20, 0, 0],
						"1.0": [20, 0, 0]
					},
					"position": {
						"0.0": [0, 0, 1],
						"0.5": [0, 0, -1],
						"1.0": [0, 0, 1]
					}
				},
				"LeftArmDown": {
					"rotation": {
						"0.25": [0, 0, 0],
						"0.5": [-20, 0, 0],
						"0.75": [0, 0, 0]
					},
					"position": {
						"0.25": [0, 0, 0],
						"0.5": [0, 1, -2],
						"0.75": [0, 0, 0]
					}
				},
				"RightLegUp": {
					"rotation": {
						"0.0": [20, 0, 0],
						"0.5": [-20, 0, 0],
						"1.0": [20, 0, 0]
					},
					"position": {
						"0.0": [0, 0, 1],
						"0.5": [0, 0, -1],
						"1.0": [0, 0, 1]
					}
				},
				"RightLegDown": {
					"rotation": {
						"0.25": [0, 0, 0],
						"0.5": [20, 0, 0],
						"0.75": [0, 0, 0]
					},
					"position": {
						"0.25": [0, 0, 0],
						"0.5": [0, 0, 1],
						"0.75": [0, 0, 0]
					}
				},
				"LeftLegUp": {
					"rotation": {
						"0.0": [-20, 0, 0],
						"0.5": [20, 0, 0],
						"1.0": [-20, 0, 0]
					},
					"position": {
						"0.0": [0, 0, -1],
						"0.5": [0, 0, 1],
						"1.0": [0, 0, -1]
					}
				},
				"LeftLegDown": {
					"rotation": {
						"0.0": [20, 0, 0],
						"0.25": [0, 0, 0],
						"0.75": [0, 0, 0],
						"1.0": [20, 0, 0]
					},
					"position": {
						"0.0": [0, 0, 1],
						"0.25": [0, 0, 0],
						"0.75": [0, 0, 0],
						"1.0": [0, 0, 1]
					}
				},
				"Kbody2": {
					"rotation": {
						"0.0": [-25, 0, 0],
						"0.25": [0, 0, 0],
						"0.5": [-25, 0, 0],
						"0.75": [0, 0, 0],
						"1.0": [-25, 0, 0]
					},
					"position": {
						"0.0": [0, -1, 1],
						"0.25": [0, 0, 0],
						"0.5": [0, -1, 1],
						"0.75": [0, 0, 0],
						"1.0": [0, -1, 1]
					}
				}
			}
		},
		"animation.rod.idle": {
			"loop": true,
			"animation_length": 1,
			"bones": {
				"Kbody": {
					"rotation": {
						"0.0": [0, 0, 0],
						"0.5": [-2.5, 0, 0],
						"1.0": [0, 0, 0]
					}
				},
				"RightArmUp": {
					"rotation": {
						"0.0": [0, 0, 0],
						"0.5": [0, 0, 2.5],
						"1.0": [0, 0, 0]
					}
				},
				"LeftArmUp": {
					"rotation": {
						"0.0": [0, 0, 0],
						"0.5": [0, 0, -2.5],
						"1.0": [0, 0, 0]
					}
				},
				"Kbody2": {
					"rotation": {
						"0.0": [0, 0, 0],
						"0.5": [2.5, 0, 0],
						"1.0": [0, 0, 0]
					}
				}
			}
		},
		"animation.rod.attack": {
			"loop": "hold_on_last_frame",
			"animation_length": 1,
			"bones": {
				"head": {
					"rotation": {
						"0.0": [0, 25, 0],
						"0.25": [0, -25, 0],
						"0.5": [0, 25, 0],
						"0.75": [0, -25, 0],
						"1.0": [0, 25, 0]
					},
					"position": {
						"0.0": [-1, 0, 0],
						"0.25": [1, 0, 0],
						"0.5": [-1, 0, 0],
						"0.75": [1, 0, 0],
						"1.0": [-1, 0, 0]
					}
				},
				"RightArmUp": {
					"rotation": [-90, 0, 0],
					"position": [0, 1, -1]
				},
				"LeftArmUp": {
					"rotation": [-90, 0, 0],
					"position": [0, 1, -1]
				}
			}
		},
		"animation.rod.sprint": {
			"loop": true,
			"animation_length": 0.66667,
			"bones": {
				"root0": {
					"position": {
						"0.0": [0, 5, 0],
						"0.1667": [0, 0, 0],
						"0.3333": [0, 5, 0],
						"0.5": [0, 0, 0],
						"0.6667": [0, 5, 0]
					}
				},
				"Kbody": {
					"rotation": {
						"0.0": [20, -10, -10],
						"0.1667": [10, 0, 0],
						"0.3333": [20, 10, 10],
						"0.5": [10, 0, 0],
						"0.6667": [20, -10, -10]
					},
					"position": {
						"0.0": [0, -1, -3],
						"0.1667": [0, -1, -1],
						"0.3333": [0, -1, -3],
						"0.5": [0, -1, -1],
						"0.6667": [0, -1, -3]
					}
				},
				"RightArmUp": {
					"rotation": {
						"0.0": [-60, 0, 0],
						"0.3333": [60, 0, 0],
						"0.6667": [-60, 0, 0]
					},
					"position": {
						"0.0": [0, 0, -1],
						"0.3333": [0, 0, 1],
						"0.6667": [0, 0, -1]
					}
				},
				"RightArmDown": {
					"rotation": {
						"0.0": [-60, 0, 0],
						"0.1667": [0, 0, 0],
						"0.5": [0, 0, 0],
						"0.6667": [-60, 0, 0]
					},
					"position": {
						"0.0": [0, 4, -5],
						"0.1667": [0, 0, 0],
						"0.5": [0, 0, 0],
						"0.6667": [0, 4, -5]
					}
				},
				"LeftArmUp": {
					"rotation": {
						"0.0": [60, 0, 0],
						"0.3333": [-60, 0, 0],
						"0.6667": [60, 0, 0]
					},
					"position": {
						"0.0": [0, 0, 1],
						"0.3333": [0, 0, -1],
						"0.6667": [0, 0, 1]
					}
				},
				"LeftArmDown": {
					"rotation": {
						"0.1667": [0, 0, 0],
						"0.3333": [-60, 0, 0],
						"0.5": [0, 0, 0]
					},
					"position": {
						"0.1667": [0, 0, 0],
						"0.3333": [0, 4, -5],
						"0.5": [0, 0, 0]
					}
				},
				"RightLegUp": {
					"rotation": {
						"0.0": [60, 0, 0],
						"0.3333": [-60, 0, 0],
						"0.6667": [60, 0, 0]
					},
					"position": {
						"0.0": [0, 0, 1],
						"0.3333": [0, 0, -1],
						"0.6667": [0, 0, 1]
					}
				},
				"RightLegDown": {
					"rotation": {
						"0.0": [60, 0, 0],
						"0.1667": [0, 0, 0],
						"0.3333": [60, 0, 0],
						"0.5": [0, 0, 0],
						"0.6667": [60, 0, 0]
					},
					"position": {
						"0.0": [0, 3, 5],
						"0.1667": [0, 0, 0],
						"0.3333": [0, 3, 5],
						"0.5": [0, 0, 0],
						"0.6667": [0, 3, 5]
					}
				},
				"LeftLegUp": {
					"rotation": {
						"0.0": [-60, 0, 0],
						"0.3333": [60, 0, 0],
						"0.6667": [-60, 0, 0]
					},
					"position": {
						"0.0": [0, 0, -1],
						"0.3333": [0, 0, 1],
						"0.6667": [0, 0, -1]
					}
				},
				"LeftLegDown": {
					"rotation": {
						"0.0": [60, 0, 0],
						"0.1667": [0, 0, 0],
						"0.3333": [60, 0, 0],
						"0.5": [0, 0, 0],
						"0.6667": [60, 0, 0]
					},
					"position": {
						"0.0": [0, 3, 5],
						"0.1667": [0, 0, 0],
						"0.3333": [0, 3, 5],
						"0.5": [0, 0, 0],
						"0.6667": [0, 3, 5]
					}
				},
				"Kbody2": {
					"rotation": {
						"0.0": [-50, 0, 0],
						"0.1667": [-10, 0, 0],
						"0.3333": [-50, 0, 0],
						"0.5": [-10, 0, 0],
						"0.6667": [-50, 0, 0]
					},
					"position": {
						"0.0": [0, -2, 2],
						"0.1667": [0, 0, 1],
						"0.3333": [0, -2, 2],
						"0.5": [0, 0, 1],
						"0.6667": [0, -2, 2]
					}
				}
			}
		}
	}
}