{
	"format_version": "1.12.0",
	"minecraft:geometry": [
		{
			"description": {
				"identifier": "geometry.flagpost",
				"texture_width": 32,
				"texture_height": 32,
				"visible_bounds_width": 3,
				"visible_bounds_height": 6.5,
				"visible_bounds_offset": [0, 2.75, 0]
			},
			"bones": [
				{
					"name": "flagpost",
					"pivot": [0, 0, 0]
				},
				{
					"name": "flag",
					"parent": "flagpost",
					"pivot": [0, 72, 0]
				},
				{
					"name": "bone4",
					"parent": "flag",
					"pivot": [0, 71, -1],
					"cubes": [
						{
							"origin": [-0.5, 65, -7.5],
							"size": [1, 13, 7],
							"uv": {
								"north": {"uv": [24, 0.25], "uv_size": [1, 13.8]},
								"east": {"uv": [0, 0.25], "uv_size": [7, 13.8]},
								"south": {"uv": [8, 7], "uv_size": [0, 2]},
								"west": {"uv": [7, 0.25], "uv_size": [-7, 13.8]},
								"up": {"uv": [16, 2], "uv_size": [10, 4]},
								"down": {"uv": [19, 12], "uv_size": [1, -3]}
							}
						}
					]
				},
				{
					"name": "bone",
					"parent": "flag",
					"pivot": [0, 72, -7.5],
					"cubes": [
						{
							"origin": [-0.5, 65, -14.5],
							"size": [1, 13, 7],
							"uv": {
								"north": {"uv": [24, 0.25], "uv_size": [1, 13.8]},
								"east": {"uv": [7, 0.25], "uv_size": [7, 13.8]},
								"south": {"uv": [7, 0.25], "uv_size": [0, 13.8]},
								"west": {"uv": [14, 0.25], "uv_size": [-7, 13.8]},
								"up": {"uv": [16, 2], "uv_size": [10, 4]},
								"down": {"uv": [19, 12], "uv_size": [1, -3]}
							}
						}
					]
				},
				{
					"name": "bone2",
					"parent": "flag",
					"pivot": [0, 77, -15],
					"cubes": [
						{
							"origin": [-0.5, 65, -21.5],
							"size": [1, 13, 7],
							"uv": {
								"north": {"uv": [24, 0.25], "uv_size": [1, 13.8]},
								"east": {"uv": [14, 0.25], "uv_size": [7, 13.8]},
								"south": {"uv": [15, 0.25], "uv_size": [0, 13.8]},
								"west": {"uv": [21, 0.25], "uv_size": [-7, 13.8]},
								"up": {"uv": [16, 2], "uv_size": [10, 4]},
								"down": {"uv": [19, 12], "uv_size": [1, -3]}
							}
						}
					]
				},
				{
					"name": "bone3",
					"parent": "flag",
					"pivot": [0, 71, -21.5],
					"cubes": [
						{
							"origin": [-0.5, 65, -28.5],
							"size": [1, 13, 7],
							"uv": {
								"north": {"uv": [24, 0.25], "uv_size": [1, 13.8]},
								"east": {"uv": [21, 0.25], "uv_size": [7, 13.8]},
								"south": {"uv": [14, 0.25], "uv_size": [0, 13.8]},
								"west": {"uv": [28, 0.25], "uv_size": [-7, 13.8]},
								"up": {"uv": [16, 2], "uv_size": [10, 4]},
								"down": {"uv": [19, 12], "uv_size": [1, -3]}
							}
						}
					]
				},
				{
					"name": "octagon",
					"parent": "flagpost",
					"pivot": [0, 0.55, 0],
					"rotation": [0, 0, 90],
					"cubes": [
						{
							"origin": [-0.5, -0.07132, -1.5],
							"size": [1, 1.24264, 3],
							"pivot": [0, 0.55, 0],
							"rotation": [-45, 0, 0],
							"uv": {
								"north": {"uv": [23, 25], "uv_size": [1, 1]},
								"east": {"uv": [20, 25], "uv_size": [3, 1]},
								"south": {"uv": [27, 25], "uv_size": [1, 1]},
								"west": {"uv": [24, 25], "uv_size": [3, 1]},
								"up": {"uv": [23, 22], "uv_size": [1, 3]},
								"down": {"uv": [24, 25], "uv_size": [1, -3]}
							}
						},
						{
							"origin": [-0.5, -0.07132, -1.5],
							"size": [1, 1.24264, 3],
							"uv": {
								"north": {"uv": [23, 25], "uv_size": [1, 1]},
								"east": {"uv": [20, 25], "uv_size": [3, 1]},
								"south": {"uv": [27, 25], "uv_size": [1, 1]},
								"west": {"uv": [24, 25], "uv_size": [3, 1]},
								"up": {"uv": [23, 22], "uv_size": [1, 3]},
								"down": {"uv": [24, 25], "uv_size": [1, -3]}
							}
						},
						{
							"origin": [-0.5, -0.95, -0.62132],
							"size": [1, 3, 1.24264],
							"pivot": [0, 0.55, 0],
							"rotation": [-45, 0, 0],
							"uv": {
								"north": {"uv": [21, 23], "uv_size": [1, 3]},
								"east": {"uv": [20, 23], "uv_size": [1, 3]},
								"south": {"uv": [23, 23], "uv_size": [1, 3]},
								"west": {"uv": [22, 23], "uv_size": [1, 3]},
								"up": {"uv": [21, 22], "uv_size": [1, 1]},
								"down": {"uv": [22, 23], "uv_size": [1, -1]}
							}
						},
						{
							"origin": [-0.5, -0.95, -0.62132],
							"size": [1, 3, 1.24264],
							"uv": {
								"north": {"uv": [21, 23], "uv_size": [1, 3]},
								"east": {"uv": [20, 23], "uv_size": [1, 3]},
								"south": {"uv": [23, 23], "uv_size": [1, 3]},
								"west": {"uv": [22, 23], "uv_size": [1, 3]},
								"up": {"uv": [21, 22], "uv_size": [1, 1]},
								"down": {"uv": [22, 23], "uv_size": [1, -1]}
							}
						}
					]
				},
				{
					"name": "pole",
					"parent": "flagpost",
					"pivot": [0, 2.55, 0],
					"rotation": [0, 0, 90],
					"cubes": [
						{
							"origin": [-75.52, 2.25177, -0.72],
							"size": [77.6, 0.59647, 1.44],
							"pivot": [0, 2.55, 0],
							"rotation": [-45, 0, 0],
							"uv": {
								"north": {"uv": [0, 28], "uv_size": [15, 0]},
								"east": {"uv": [5, 19], "uv_size": [0, 1]},
								"south": {"uv": [0, 28], "uv_size": [16, 2]},
								"west": {"uv": [11, 26], "uv_size": [1, 0]},
								"up": {"uv": [0, 24], "uv_size": [11, 1]},
								"down": {"uv": [0, 27], "uv_size": [14, -6]}
							}
						},
						{
							"origin": [-75.52, 2.25177, -0.72],
							"size": [77.6, 0.59647, 1.44],
							"uv": {
								"north": {"uv": [0, 28], "uv_size": [15, 0]},
								"east": {"uv": [5, 19], "uv_size": [0, 1]},
								"south": {"uv": [0, 28], "uv_size": [16, 2]},
								"west": {"uv": [11, 26], "uv_size": [1, 0]},
								"up": {"uv": [0, 24], "uv_size": [11, 1]},
								"down": {"uv": [0, 27], "uv_size": [14, -6]}
							}
						},
						{
							"origin": [-75.52, 1.83, -0.29823],
							"size": [77.6, 1.44, 0.59647],
							"pivot": [0, 2.55, 0],
							"rotation": [-45, 0, 0],
							"uv": {
								"north": {"uv": [0, 28], "uv_size": [15, 0]},
								"east": {"uv": [5, 19], "uv_size": [0, 1]},
								"south": {"uv": [0, 28], "uv_size": [16, 2]},
								"west": {"uv": [11, 26], "uv_size": [1, 0]},
								"up": {"uv": [0, 24], "uv_size": [11, 1]},
								"down": {"uv": [0, 27], "uv_size": [14, -6]}
							}
						},
						{
							"origin": [-75.52, 1.83, -0.29823],
							"size": [77.6, 1.44, 0.59647],
							"uv": {
								"north": {"uv": [0, 28], "uv_size": [15, 0]},
								"east": {"uv": [5, 19], "uv_size": [0, 1]},
								"south": {"uv": [0, 28], "uv_size": [16, 2]},
								"west": {"uv": [11, 26], "uv_size": [1, 0]},
								"up": {"uv": [0, 24], "uv_size": [11, 1]},
								"down": {"uv": [0, 27], "uv_size": [14, -6]}
							}
						}
					]
				}
			]
		}
	]
}