{
	"format_version": "1.12.0",
	"minecraft:geometry": [
		{
			"description": {
				"identifier": "geometry.uniform",
				"texture_width": 457,
				"texture_height": 533,
				"visible_bounds_width": 3,
				"visible_bounds_height": 3.5,
				"visible_bounds_offset": [0, 1.25, 0]
			},
			"bones": [
				{
					"name": "waist",
					"pivot": [0, 24, 0]
				},
				{
					"name": "Body",
					"parent": "waist",
					"pivot": [0, 24, 0]
				},
				{
					"name": "Uniform",
					"parent": "Body",
					"pivot": [0, 24, 0],
					"cubes": [
						{
							"origin": [3.1, 11.3, -2.1],
							"size": [1.1, 1.6, 4.3],
							"uv": {
								"north": {"uv": [10, 10], "uv_size": [25, 25]},
								"east": {"uv": [10, 10], "uv_size": [25, 25]},
								"south": {"uv": [10, 10], "uv_size": [25, 25]},
								"west": {"uv": [10, 10], "uv_size": [25, 25]},
								"up": {"uv": [35, 35], "uv_size": [-25, -25]},
								"down": {"uv": [35, 35], "uv_size": [-25, -25]}
							}
						},
						{
							"origin": [-4.1, 12, -2],
							"size": [1.1, 12, 4.1],
							"uv": {
								"north": {"uv": [186.35567, 0], "uv_size": [35, 100]},
								"east": {"uv": [186.35567, 0], "uv_size": [35, 100]},
								"south": {"uv": [186.35567, 0], "uv_size": [35, 100]},
								"west": {"uv": [186.35567, 0], "uv_size": [35, 100]},
								"up": {"uv": [221.35567, 100], "uv_size": [-35, -100]},
								"down": {"uv": [221.35567, 100], "uv_size": [-35, -100]}
							}
						},
						{
							"origin": [3, 12, -2],
							"size": [1.1, 12, 4.1],
							"uv": {
								"north": {"uv": [75, 0], "uv_size": [35, 100]},
								"east": {"uv": [75, 0], "uv_size": [35, 100]},
								"south": {"uv": [75, 0], "uv_size": [35, 100]},
								"west": {"uv": [75, 0], "uv_size": [35, 100]},
								"up": {"uv": [110, 100], "uv_size": [-35, -100]},
								"down": {"uv": [110, 100], "uv_size": [-35, -100]}
							}
						},
						{
							"origin": [-4.2, 11.3, -2.1],
							"size": [1.1, 1.6, 4.3],
							"uv": {
								"north": {"uv": [10, 10], "uv_size": [25, 25]},
								"east": {"uv": [10, 10], "uv_size": [25, 25]},
								"south": {"uv": [10, 10], "uv_size": [25, 25]},
								"west": {"uv": [10, 10], "uv_size": [25, 25]},
								"up": {"uv": [35, 35], "uv_size": [-25, -25]},
								"down": {"uv": [35, 35], "uv_size": [-25, -25]}
							}
						},
						{
							"origin": [-4.1, 11.3, 0.3],
							"size": [8.2, 1.6, 2.1],
							"uv": {
								"north": {"uv": [10, 10], "uv_size": [25, 25]},
								"east": {"uv": [10, 10], "uv_size": [25, 25]},
								"south": {"uv": [10, 10], "uv_size": [25, 25]},
								"west": {"uv": [10, 10], "uv_size": [25, 25]},
								"up": {"uv": [35, 35], "uv_size": [-25, -25]},
								"down": {"uv": [35, 35], "uv_size": [-25, -25]}
							}
						},
						{
							"origin": [-4, 12, 0.2],
							"size": [8, 12, 2.1],
							"uv": {
								"north": {"uv": [110.49367, 0], "uv_size": [75, 100]},
								"east": {"uv": [110.49367, 0], "uv_size": [75, 100]},
								"south": {"uv": [110.49367, 0], "uv_size": [75, 100]},
								"west": {"uv": [110.49367, 0], "uv_size": [75, 100]},
								"up": {"uv": [185.49367, 100], "uv_size": [-75, -100]},
								"down": {"uv": [185.49367, 100], "uv_size": [-75, -100]}
							}
						},
						{
							"origin": [-30.59817, -0.9606, 0.3001],
							"size": [2.2, 7, 2.1],
							"pivot": [-4.49817, -1.9606, -0.2],
							"rotation": [0, 0, 90],
							"uv": {
								"north": {"uv": [10, 10], "uv_size": [25, 25]},
								"east": {"uv": [10, 10], "uv_size": [25, 25]},
								"south": {"uv": [10, 10], "uv_size": [25, 25]},
								"west": {"uv": [10, 10], "uv_size": [25, 25]},
								"up": {"uv": [35, 35], "uv_size": [-25, -25]},
								"down": {"uv": [35, 35], "uv_size": [-25, -25]}
							}
						},
						{
							"origin": [-4.1, 21, 1.3],
							"size": [8.2, 1, 1.1],
							"uv": {
								"north": {"uv": [10, 10], "uv_size": [25, 25]},
								"east": {"uv": [10, 10], "uv_size": [25, 25]},
								"south": {"uv": [10, 10], "uv_size": [25, 25]},
								"west": {"uv": [10, 10], "uv_size": [25, 25]},
								"up": {"uv": [35, 35], "uv_size": [-25, -25]},
								"down": {"uv": [35, 35], "uv_size": [-25, -25]}
							}
						},
						{
							"origin": [-4, 12, -2.2],
							"size": [8, 12, 2.1],
							"uv": {
								"north": {"uv": [0, 0], "uv_size": [75, 100]},
								"east": {"uv": [0, 0], "uv_size": [75, 100]},
								"south": {"uv": [0, 0], "uv_size": [75, 100]},
								"west": {"uv": [0, 0], "uv_size": [75, 100]},
								"up": {"uv": [75, 100], "uv_size": [-75, -100]},
								"down": {"uv": [75, 100], "uv_size": [-75, -100]}
							}
						},
						{
							"origin": [-4.1, 11.3, -2.3],
							"size": [8.2, 1.6, 2.1],
							"uv": {
								"north": {"uv": [10, 10], "uv_size": [25, 25]},
								"east": {"uv": [10, 10], "uv_size": [25, 25]},
								"south": {"uv": [10, 10], "uv_size": [25, 25]},
								"west": {"uv": [10, 10], "uv_size": [25, 25]},
								"up": {"uv": [35, 35], "uv_size": [-25, -25]},
								"down": {"uv": [35, 35], "uv_size": [-25, -25]}
							}
						},
						{
							"origin": [0.8, 18.5, -2.3],
							"size": [3, 3, 2.1],
							"uv": {
								"north": {"uv": [10, 10], "uv_size": [25, 25]},
								"east": {"uv": [10, 10], "uv_size": [25, 25]},
								"south": {"uv": [10, 10], "uv_size": [25, 25]},
								"west": {"uv": [10, 10], "uv_size": [25, 25]},
								"up": {"uv": [35, 35], "uv_size": [-25, -25]},
								"down": {"uv": [35, 35], "uv_size": [-25, -25]}
							}
						},
						{
							"origin": [5.8, 12.5, -2.3],
							"size": [3, 3, 2.1],
							"pivot": [0, 0, 0],
							"rotation": [0, 0, -20],
							"uv": {
								"north": {"uv": [10, 10], "uv_size": [25, 25]},
								"east": {"uv": [10, 10], "uv_size": [25, 25]},
								"south": {"uv": [10, 10], "uv_size": [25, 25]},
								"west": {"uv": [10, 10], "uv_size": [25, 25]},
								"up": {"uv": [35, 35], "uv_size": [-25, -25]},
								"down": {"uv": [35, 35], "uv_size": [-25, -25]}
							}
						},
						{
							"origin": [5.9, 12.6, -2.4],
							"size": [2.8, 2.8, 2.1],
							"pivot": [0, 0, 0],
							"rotation": [0, 0, -20],
							"uv": {
								"north": {"uv": [10, 10], "uv_size": [25, 25]},
								"east": {"uv": [10, 10], "uv_size": [25, 25]},
								"south": {"uv": [10, 10], "uv_size": [25, 25]},
								"west": {"uv": [10, 10], "uv_size": [25, 25]},
								"up": {"uv": [35, 35], "uv_size": [-25, -25]},
								"down": {"uv": [35, 35], "uv_size": [-25, -25]}
							}
						},
						{
							"origin": [-8.7, 12.6, -2.4],
							"size": [2.8, 2.8, 2.1],
							"pivot": [0, 0, 0],
							"rotation": [0, 0, 20],
							"uv": {
								"north": {"uv": [10, 10], "uv_size": [25, 25]},
								"east": {"uv": [10, 10], "uv_size": [25, 25]},
								"south": {"uv": [10, 10], "uv_size": [25, 25]},
								"west": {"uv": [10, 10], "uv_size": [25, 25]},
								"up": {"uv": [35, 35], "uv_size": [-25, -25]},
								"down": {"uv": [35, 35], "uv_size": [-25, -25]}
							}
						},
						{
							"origin": [-3.7, 18.6, -2.4],
							"size": [2.8, 2.8, 2.1],
							"uv": {
								"north": {"uv": [10, 10], "uv_size": [25, 25]},
								"east": {"uv": [10, 10], "uv_size": [25, 25]},
								"south": {"uv": [10, 10], "uv_size": [25, 25]},
								"west": {"uv": [10, 10], "uv_size": [25, 25]},
								"up": {"uv": [35, 35], "uv_size": [-25, -25]},
								"down": {"uv": [35, 35], "uv_size": [-25, -25]}
							}
						},
						{
							"origin": [0.9, 18.6, -2.4],
							"size": [2.8, 2.8, 2.1],
							"uv": {
								"north": {"uv": [10, 10], "uv_size": [25, 25]},
								"east": {"uv": [10, 10], "uv_size": [25, 25]},
								"south": {"uv": [10, 10], "uv_size": [25, 25]},
								"west": {"uv": [10, 10], "uv_size": [25, 25]},
								"up": {"uv": [35, 35], "uv_size": [-25, -25]},
								"down": {"uv": [35, 35], "uv_size": [-25, -25]}
							}
						},
						{
							"origin": [0.58236, 25.07956, -2.3001],
							"size": [2.8, 1, 4.61],
							"pivot": [6.68236, 1.47956, 0],
							"rotation": [0, 0, -12.5],
							"uv": {
								"north": {"uv": [10, 10], "uv_size": [25, 25]},
								"east": {"uv": [10, 10], "uv_size": [25, 25]},
								"south": {"uv": [10, 10], "uv_size": [25, 25]},
								"west": {"uv": [10, 10], "uv_size": [25, 25]},
								"up": {"uv": [35, 35], "uv_size": [-25, -25]},
								"down": {"uv": [35, 35], "uv_size": [-25, -25]}
							}
						},
						{
							"origin": [-19.87084, 14.36604, -2.3],
							"size": [3.8, 1, 4.61],
							"pivot": [-0.77084, 0.76604, 0],
							"rotation": [0, 0, 50],
							"uv": {
								"north": {"uv": [10, 10], "uv_size": [25, 25]},
								"east": {"uv": [10, 10], "uv_size": [25, 25]},
								"south": {"uv": [10, 10], "uv_size": [25, 25]},
								"west": {"uv": [10, 10], "uv_size": [25, 25]},
								"up": {"uv": [35, 35], "uv_size": [-25, -25]},
								"down": {"uv": [35, 35], "uv_size": [-25, -25]}
							}
						},
						{
							"origin": [0.9, 20.6, -2.45],
							"size": [2.8, 1, 2.1],
							"uv": {
								"north": {"uv": [10, 10], "uv_size": [25, 25]},
								"east": {"uv": [10, 10], "uv_size": [25, 25]},
								"south": {"uv": [10, 10], "uv_size": [25, 25]},
								"west": {"uv": [10, 10], "uv_size": [25, 25]},
								"up": {"uv": [35, 35], "uv_size": [-25, -25]},
								"down": {"uv": [35, 35], "uv_size": [-25, -25]}
							}
						},
						{
							"origin": [0.8, 21.8, -2.31],
							"size": [2.8, 0.8, 2.1],
							"uv": {
								"north": {"uv": [319.56216, 348.99576], "uv_size": [-3.20703, -13.91797]},
								"east": {"uv": [432.027, 507.87467], "uv_size": [20, 20]},
								"south": {"uv": [432.027, 507.87467], "uv_size": [20, 20]},
								"west": {"uv": [432.027, 507.87467], "uv_size": [20, 20]},
								"up": {"uv": [452.027, 527.87467], "uv_size": [-20, -20]},
								"down": {"uv": [452.027, 527.87467], "uv_size": [-20, -20]}
							}
						},
						{
							"origin": [5.9, 14.6, -2.45],
							"size": [2.8, 1, 2.1],
							"pivot": [0, 0, 0],
							"rotation": [0, 0, -20],
							"uv": {
								"north": {"uv": [10, 10], "uv_size": [25, 25]},
								"east": {"uv": [10, 10], "uv_size": [25, 25]},
								"south": {"uv": [10, 10], "uv_size": [25, 25]},
								"west": {"uv": [10, 10], "uv_size": [25, 25]},
								"up": {"uv": [35, 35], "uv_size": [-25, -25]},
								"down": {"uv": [35, 35], "uv_size": [-25, -25]}
							}
						},
						{
							"origin": [-0.4, 12.8, -2.301],
							"size": [0.8, 9, 2.1],
							"uv": {
								"north": {"uv": [10, 10], "uv_size": [25, 25]},
								"east": {"uv": [10, 10], "uv_size": [25, 25]},
								"south": {"uv": [10, 10], "uv_size": [25, 25]},
								"west": {"uv": [10, 10], "uv_size": [25, 25]},
								"up": {"uv": [35, 35], "uv_size": [-25, -25]},
								"down": {"uv": [35, 35], "uv_size": [-25, -25]}
							}
						},
						{
							"origin": [-0.57, 12.8, 0.3001],
							"size": [1, 9, 2.1],
							"uv": {
								"north": {"uv": [10, 10], "uv_size": [25, 25]},
								"east": {"uv": [10, 10], "uv_size": [25, 25]},
								"south": {"uv": [10, 10], "uv_size": [25, 25]},
								"west": {"uv": [10, 10], "uv_size": [25, 25]},
								"up": {"uv": [35, 35], "uv_size": [-25, -25]},
								"down": {"uv": [35, 35], "uv_size": [-25, -25]}
							}
						},
						{
							"origin": [-4.42358, 24.7415, -2.3001],
							"size": [2.8, 1, 4.61],
							"pivot": [-5.72358, -2.8585, 0],
							"rotation": [0, 0, 12.5],
							"uv": {
								"north": {"uv": [10, 10], "uv_size": [25, 25]},
								"east": {"uv": [10, 10], "uv_size": [25, 25]},
								"south": {"uv": [10, 10], "uv_size": [25, 25]},
								"west": {"uv": [10, 10], "uv_size": [25, 25]},
								"up": {"uv": [35, 35], "uv_size": [-25, -25]},
								"down": {"uv": [35, 35], "uv_size": [-25, -25]}
							}
						},
						{
							"origin": [16.3, 13.6, -2.302],
							"size": [3.8, 1, 4.61],
							"pivot": [0, 0, 0],
							"rotation": [0, 0, -50],
							"uv": {
								"north": {"uv": [10, 10], "uv_size": [25, 25]},
								"east": {"uv": [10, 10], "uv_size": [25, 25]},
								"south": {"uv": [10, 10], "uv_size": [25, 25]},
								"west": {"uv": [10, 10], "uv_size": [25, 25]},
								"up": {"uv": [35, 35], "uv_size": [-25, -25]},
								"down": {"uv": [35, 35], "uv_size": [-25, -25]}
							}
						},
						{
							"origin": [-8.7, 14.6, -2.45],
							"size": [2.8, 1, 2.1],
							"pivot": [0, 0, 0],
							"rotation": [0, 0, 20],
							"uv": {
								"north": {"uv": [10, 10], "uv_size": [25, 25]},
								"east": {"uv": [10, 10], "uv_size": [25, 25]},
								"south": {"uv": [10, 10], "uv_size": [25, 25]},
								"west": {"uv": [10, 10], "uv_size": [25, 25]},
								"up": {"uv": [35, 35], "uv_size": [-25, -25]},
								"down": {"uv": [35, 35], "uv_size": [-25, -25]}
							}
						},
						{
							"origin": [-3.7, 20.6, -2.45],
							"size": [2.8, 1, 2.1],
							"uv": {
								"north": {"uv": [10, 10], "uv_size": [25, 25]},
								"east": {"uv": [10, 10], "uv_size": [25, 25]},
								"south": {"uv": [10, 10], "uv_size": [25, 25]},
								"west": {"uv": [10, 10], "uv_size": [25, 25]},
								"up": {"uv": [35, 35], "uv_size": [-25, -25]},
								"down": {"uv": [35, 35], "uv_size": [-25, -25]}
							}
						},
						{
							"origin": [-8.8, 12.5, -2.3],
							"size": [3, 3, 2.1],
							"pivot": [0, 0, 0],
							"rotation": [0, 0, 20],
							"uv": {
								"north": {"uv": [10, 10], "uv_size": [25, 25]},
								"east": {"uv": [10, 10], "uv_size": [25, 25]},
								"south": {"uv": [10, 10], "uv_size": [25, 25]},
								"west": {"uv": [10, 10], "uv_size": [25, 25]},
								"up": {"uv": [35, 35], "uv_size": [-25, -25]},
								"down": {"uv": [35, 35], "uv_size": [-25, -25]}
							}
						},
						{
							"origin": [-3.8, 18.5, -2.3],
							"size": [3, 3, 2.1],
							"uv": {
								"north": {"uv": [10, 10], "uv_size": [25, 25]},
								"east": {"uv": [10, 10], "uv_size": [25, 25]},
								"south": {"uv": [10, 10], "uv_size": [25, 25]},
								"west": {"uv": [10, 10], "uv_size": [25, 25]},
								"up": {"uv": [35, 35], "uv_size": [-25, -25]},
								"down": {"uv": [35, 35], "uv_size": [-25, -25]}
							}
						},
						{
							"origin": [-4, 23.2, -2],
							"size": [8, 1.1, 4.1],
							"uv": {
								"north": {"uv": [0, 0], "uv_size": [75, 30]},
								"east": {"uv": [0, 0], "uv_size": [75, 30]},
								"south": {"uv": [0, 0], "uv_size": [75, 30]},
								"west": {"uv": [0, 0], "uv_size": [75, 30]},
								"up": {"uv": [75, 30], "uv_size": [-75, -30]},
								"down": {"uv": [75, 30], "uv_size": [-75, -30]}
							}
						}
					]
				},
				{
					"name": "rightArm",
					"parent": "Uniform",
					"pivot": [-5, 22, 0],
					"cubes": [
						{
							"origin": [-8, 24, -2],
							"size": [4, 0.1, 4],
							"uv": {
								"north": {"uv": [10, 10], "uv_size": [25, 25]},
								"east": {"uv": [10, 10], "uv_size": [25, 25]},
								"south": {"uv": [10, 10], "uv_size": [25, 25]},
								"west": {"uv": [10, 10], "uv_size": [25, 25]},
								"up": {"uv": [35, 35], "uv_size": [-25, -25]},
								"down": {"uv": [35, 35], "uv_size": [-25, -25]}
							}
						},
						{
							"origin": [-8.25, 20.9, -2.17],
							"size": [1.1, 2.3, 4.34],
							"uv": {
								"north": {"uv": [432.027, 50], "uv_size": [20, 20]},
								"east": {"uv": [432.027, 50], "uv_size": [20, 20]},
								"south": {"uv": [432.027, 50], "uv_size": [20, 20]},
								"west": {"uv": [432.027, 50], "uv_size": [20, 20]},
								"up": {"uv": [452.027, 70], "uv_size": [-20, -20]},
								"down": {"uv": [452.027, 70], "uv_size": [-20, -20]}
							}
						},
						{
							"origin": [-8.2, 13.9, -2.1],
							"size": [1.1, 10.3, 4.2],
							"uv": {
								"north": {"uv": [105, 0], "uv_size": [35, 100]},
								"east": {"uv": [105, 0], "uv_size": [35, 100]},
								"south": {"uv": [105, 0], "uv_size": [35, 100]},
								"west": {"uv": [105, 0], "uv_size": [35, 100]},
								"up": {"uv": [140, 100], "uv_size": [-35, -100]},
								"down": {"uv": [140, 100], "uv_size": [-35, -100]}
							}
						},
						{
							"origin": [-8.2, 11.9, -2.1],
							"size": [1.1, 2.3, 4.2],
							"uv": {
								"north": {"uv": [432.027, 507.87467], "uv_size": [20, 20]},
								"east": {"uv": [432.027, 507.87467], "uv_size": [20, 20]},
								"south": {"uv": [432.027, 507.87467], "uv_size": [20, 20]},
								"west": {"uv": [432.027, 507.87467], "uv_size": [20, 20]},
								"up": {"uv": [452.027, 527.87467], "uv_size": [-20, -20]},
								"down": {"uv": [452.027, 527.87467], "uv_size": [-20, -20]}
							}
						},
						{
							"origin": [-4.9, 13.9, -2.17],
							"size": [1.1, 1.5, 4.35],
							"uv": {
								"north": {"uv": [10, 10], "uv_size": [25, 25]},
								"east": {"uv": [10, 10], "uv_size": [25, 25]},
								"south": {"uv": [10, 10], "uv_size": [25, 25]},
								"west": {"uv": [10, 10], "uv_size": [25, 25]},
								"up": {"uv": [35, 35], "uv_size": [-25, -25]},
								"down": {"uv": [35, 35], "uv_size": [-25, -25]}
							}
						},
						{
							"origin": [-8.3, 13.9, -2.17],
							"size": [1.1, 1.5, 4.34],
							"uv": {
								"north": {"uv": [10, 10], "uv_size": [25, 25]},
								"east": {"uv": [10, 10], "uv_size": [25, 25]},
								"south": {"uv": [10, 10], "uv_size": [25, 25]},
								"west": {"uv": [10, 10], "uv_size": [25, 25]},
								"up": {"uv": [35, 35], "uv_size": [-25, -25]},
								"down": {"uv": [35, 35], "uv_size": [-25, -25]}
							}
						},
						{
							"origin": [-5, 11.9, -2.1],
							"size": [1.1, 12.3, 4.2],
							"uv": {
								"north": {"uv": [35, 0], "uv_size": [35, 100]},
								"east": {"uv": [35, 0], "uv_size": [35, 100]},
								"south": {"uv": [35, 0], "uv_size": [35, 100]},
								"west": {"uv": [35, 0], "uv_size": [35, 100]},
								"up": {"uv": [70, 100], "uv_size": [-35, -100]},
								"down": {"uv": [70, 100], "uv_size": [-35, -100]}
							}
						},
						{
							"origin": [-4.91, 11.9, -2.1],
							"size": [1.1, 2.3, 4.2],
							"uv": {
								"north": {"uv": [432.027, 507.87467], "uv_size": [20, 20]},
								"east": {"uv": [432.027, 507.87467], "uv_size": [20, 20]},
								"south": {"uv": [432.027, 507.87467], "uv_size": [20, 20]},
								"west": {"uv": [432.027, 507.87467], "uv_size": [20, 20]},
								"up": {"uv": [452.027, 527.87467], "uv_size": [-20, -20]},
								"down": {"uv": [452.027, 527.87467], "uv_size": [-20, -20]}
							}
						},
						{
							"origin": [-8, 13.9, -2.2],
							"size": [4, 10.3, 1.1],
							"uv": {
								"north": {"uv": [0, 0], "uv_size": [35, 100]},
								"east": {"uv": [0, 0], "uv_size": [35, 100]},
								"south": {"uv": [0, 0], "uv_size": [35, 100]},
								"west": {"uv": [0, 0], "uv_size": [35, 100]},
								"up": {"uv": [35, 100], "uv_size": [-35, -100]},
								"down": {"uv": [35, 100], "uv_size": [-35, -100]}
							}
						},
						{
							"origin": [-8, 11.9, -2.2],
							"size": [4, 2.3, 1.1],
							"uv": {
								"north": {"uv": [432.027, 507.87467], "uv_size": [20, 20]},
								"east": {"uv": [432.027, 507.87467], "uv_size": [20, 20]},
								"south": {"uv": [432.027, 507.87467], "uv_size": [20, 20]},
								"west": {"uv": [432.027, 507.87467], "uv_size": [20, 20]},
								"up": {"uv": [452.027, 527.87467], "uv_size": [-20, -20]},
								"down": {"uv": [452.027, 527.87467], "uv_size": [-20, -20]}
							}
						},
						{
							"origin": [-8.1, 13.9, -2.3],
							"size": [4.1, 1.5, 1.1],
							"uv": {
								"north": {"uv": [10, 10], "uv_size": [25, 25]},
								"east": {"uv": [10, 10], "uv_size": [25, 25]},
								"south": {"uv": [10, 10], "uv_size": [25, 25]},
								"west": {"uv": [10, 10], "uv_size": [25, 25]},
								"up": {"uv": [35, 35], "uv_size": [-25, -25]},
								"down": {"uv": [35, 35], "uv_size": [-25, -25]}
							}
						},
						{
							"origin": [-8, 11.9, 1.1],
							"size": [4, 3.3, 1.1],
							"uv": {
								"north": {"uv": [432.027, 507.87467], "uv_size": [20, 20]},
								"east": {"uv": [432.027, 507.87467], "uv_size": [20, 20]},
								"south": {"uv": [432.027, 507.87467], "uv_size": [20, 20]},
								"west": {"uv": [432.027, 507.87467], "uv_size": [20, 20]},
								"up": {"uv": [452.027, 527.87467], "uv_size": [-20, -20]},
								"down": {"uv": [452.027, 527.87467], "uv_size": [-20, -20]}
							}
						},
						{
							"origin": [-8, 13.9, 1.1],
							"size": [4, 10.3, 1.1],
							"uv": {
								"north": {"uv": [70, 0], "uv_size": [35, 100]},
								"east": {"uv": [70, 0], "uv_size": [35, 100]},
								"south": {"uv": [70, 0], "uv_size": [35, 100]},
								"west": {"uv": [70, 0], "uv_size": [35, 100]},
								"up": {"uv": [105, 100], "uv_size": [-35, -100]},
								"down": {"uv": [105, 100], "uv_size": [-35, -100]}
							}
						},
						{
							"origin": [-8.1, 13.9, 1.2],
							"size": [4.1, 1.5, 1.1],
							"uv": {
								"north": {"uv": [10, 10], "uv_size": [25, 25]},
								"east": {"uv": [10, 10], "uv_size": [25, 25]},
								"south": {"uv": [10, 10], "uv_size": [25, 25]},
								"west": {"uv": [10, 10], "uv_size": [25, 25]},
								"up": {"uv": [35, 35], "uv_size": [-25, -25]},
								"down": {"uv": [35, 35], "uv_size": [-25, -25]}
							}
						},
						{
							"origin": [-8, 23.2, -2],
							"size": [4, 1.1, 4],
							"uv": {
								"north": {"uv": [0, 0], "uv_size": [35, 30]},
								"east": {"uv": [0, 0], "uv_size": [35, 30]},
								"south": {"uv": [0, 0], "uv_size": [35, 30]},
								"west": {"uv": [0, 0], "uv_size": [35, 30]},
								"up": {"uv": [35, 30], "uv_size": [-35, -30]},
								"down": {"uv": [35, 30], "uv_size": [-35, -30]}
							}
						},
						{
							"origin": [-8, 11.8, -2],
							"size": [4, 1.1, 4],
							"uv": {
								"north": {"uv": [432.027, 507.87467], "uv_size": [20, 20]},
								"east": {"uv": [432.027, 507.87467], "uv_size": [20, 20]},
								"south": {"uv": [432.027, 507.87467], "uv_size": [20, 20]},
								"west": {"uv": [432.027, 507.87467], "uv_size": [20, 20]},
								"up": {"uv": [452.027, 527.87467], "uv_size": [-20, -20]},
								"down": {"uv": [452.027, 527.87467], "uv_size": [-20, -20]}
							}
						},
						{
							"origin": [-8, 12, -2],
							"size": [4, 2, 4],
							"inflate": 0.15,
							"uv": {
								"north": {"uv": [432.027, 507.87467], "uv_size": [20, 20]},
								"east": {"uv": [432.027, 507.87467], "uv_size": [20, 20]},
								"south": {"uv": [432.027, 507.87467], "uv_size": [20, 20]},
								"west": {"uv": [432.027, 507.87467], "uv_size": [20, 20]},
								"up": {"uv": [452.027, 527.87467], "uv_size": [-20, -20]},
								"down": {"uv": [452.027, 527.87467], "uv_size": [-20, -20]}
							}
						},
						{
							"origin": [-8.3, 21.3, -1.6],
							"size": [1.1, 1.6, 3.3],
							"uv": {
								"north": {"uv": [76.16613, 458.65367], "uv_size": [17.35861, 45.53644]},
								"east": {"uv": [15.08046, 458.65367], "uv_size": [78.44428, 45.53644]},
								"south": {"uv": [76.16613, 458.65367], "uv_size": [17.35861, 45.53644]},
								"west": {"uv": [15.08046, 458.65367], "uv_size": [78.44428, 45.53644]},
								"up": {"uv": [93.52478, 460.65367], "uv_size": [-78.44428, -2]},
								"down": {"uv": [93.52474, 503.764], "uv_size": [-78.44428, -2]}
							}
						}
					]
				},
				{
					"name": "leftArm",
					"parent": "Uniform",
					"pivot": [5, 22, 0],
					"cubes": [
						{
							"origin": [4, 11.9, -2.2],
							"size": [4, 2.2, 1.1],
							"uv": {
								"north": {"uv": [432.027, 507.87467], "uv_size": [20, 20]},
								"east": {"uv": [432.027, 507.87467], "uv_size": [20, 20]},
								"south": {"uv": [432.027, 507.87467], "uv_size": [20, 20]},
								"west": {"uv": [432.027, 507.87467], "uv_size": [20, 20]},
								"up": {"uv": [452.027, 527.87467], "uv_size": [-20, -20]},
								"down": {"uv": [452.027, 527.87467], "uv_size": [-20, -20]}
							}
						},
						{
							"origin": [4, 13.9, -2.2],
							"size": [4, 10.2, 1.1],
							"uv": {
								"north": {"uv": [140, 0], "uv_size": [35, 100]},
								"east": {"uv": [140, 0], "uv_size": [35, 100]},
								"south": {"uv": [140, 0], "uv_size": [35, 100]},
								"west": {"uv": [140, 0], "uv_size": [35, 100]},
								"up": {"uv": [175, 100], "uv_size": [-35, -100]},
								"down": {"uv": [175, 100], "uv_size": [-35, -100]}
							}
						},
						{
							"origin": [4, 13.9, -2.3],
							"size": [4.1, 1.5, 1.1],
							"uv": {
								"north": {"uv": [10, 10], "uv_size": [25, 25]},
								"east": {"uv": [10, 10], "uv_size": [25, 25]},
								"south": {"uv": [10, 10], "uv_size": [25, 25]},
								"west": {"uv": [10, 10], "uv_size": [25, 25]},
								"up": {"uv": [35, 35], "uv_size": [-25, -25]},
								"down": {"uv": [35, 35], "uv_size": [-25, -25]}
							}
						},
						{
							"origin": [4, 11.9, 1.1],
							"size": [4, 3.2, 1.1],
							"uv": {
								"north": {"uv": [432.027, 507.87467], "uv_size": [20, 20]},
								"east": {"uv": [432.027, 507.87467], "uv_size": [20, 20]},
								"south": {"uv": [432.027, 507.87467], "uv_size": [20, 20]},
								"west": {"uv": [432.027, 507.87467], "uv_size": [20, 20]},
								"up": {"uv": [452.027, 527.87467], "uv_size": [-20, -20]},
								"down": {"uv": [452.027, 527.87467], "uv_size": [-20, -20]}
							}
						},
						{
							"origin": [4, 14.9, 1.1],
							"size": [4, 9.2, 1.1],
							"uv": {
								"north": {"uv": [210, 0], "uv_size": [35, 100]},
								"east": {"uv": [210, 0], "uv_size": [35, 100]},
								"south": {"uv": [210, 0], "uv_size": [35, 100]},
								"west": {"uv": [210, 0], "uv_size": [35, 100]},
								"up": {"uv": [245, 100], "uv_size": [-35, -100]},
								"down": {"uv": [245, 100], "uv_size": [-35, -100]}
							}
						},
						{
							"origin": [4, 13.9, 0.2],
							"size": [4.1, 1.5, 2.1],
							"uv": {
								"north": {"uv": [10, 10], "uv_size": [25, 25]},
								"east": {"uv": [10, 10], "uv_size": [25, 25]},
								"south": {"uv": [10, 10], "uv_size": [25, 25]},
								"west": {"uv": [10, 10], "uv_size": [25, 25]},
								"up": {"uv": [35, 35], "uv_size": [-25, -25]},
								"down": {"uv": [35, 35], "uv_size": [-25, -25]}
							}
						},
						{
							"origin": [3.8, 13.9, -2.1],
							"size": [1.1, 10.2, 4.2],
							"uv": {
								"north": {"uv": [245, 0], "uv_size": [35, 100]},
								"east": {"uv": [245, 0], "uv_size": [35, 100]},
								"south": {"uv": [245, 0], "uv_size": [35, 100]},
								"west": {"uv": [245, 0], "uv_size": [35, 100]},
								"up": {"uv": [280, 100], "uv_size": [-35, -100]},
								"down": {"uv": [280, 100], "uv_size": [-35, -100]}
							}
						},
						{
							"origin": [3.8, 11.9, -2.1],
							"size": [1.1, 2.2, 4.2],
							"uv": {
								"north": {"uv": [432.027, 507.87467], "uv_size": [20, 20]},
								"east": {"uv": [432.027, 507.87467], "uv_size": [20, 20]},
								"south": {"uv": [432.027, 507.87467], "uv_size": [20, 20]},
								"west": {"uv": [432.027, 507.87467], "uv_size": [20, 20]},
								"up": {"uv": [452.027, 527.87467], "uv_size": [-20, -20]},
								"down": {"uv": [452.027, 527.87467], "uv_size": [-20, -20]}
							}
						},
						{
							"origin": [3.7, 13.9, -2.17],
							"size": [1.1, 1.5, 4.34],
							"uv": {
								"north": {"uv": [10, 10], "uv_size": [25, 25]},
								"east": {"uv": [10, 10], "uv_size": [25, 25]},
								"south": {"uv": [10, 10], "uv_size": [25, 25]},
								"west": {"uv": [10, 10], "uv_size": [25, 25]},
								"up": {"uv": [35, 35], "uv_size": [-25, -25]},
								"down": {"uv": [35, 35], "uv_size": [-25, -25]}
							}
						},
						{
							"origin": [7.1, 11.9, -2.1],
							"size": [1.1, 3.2, 4.2],
							"uv": {
								"north": {"uv": [432.027, 507.87467], "uv_size": [20, 20]},
								"east": {"uv": [432.027, 507.87467], "uv_size": [20, 20]},
								"south": {"uv": [432.027, 507.87467], "uv_size": [20, 20]},
								"west": {"uv": [432.027, 507.87467], "uv_size": [20, 20]},
								"up": {"uv": [452.027, 527.87467], "uv_size": [-20, -20]},
								"down": {"uv": [452.027, 527.87467], "uv_size": [-20, -20]}
							}
						},
						{
							"origin": [7.1, 13.9, -2.1],
							"size": [1.1, 10.2, 4.2],
							"uv": {
								"north": {"uv": [175, 0], "uv_size": [35, 100]},
								"east": {"uv": [175, 0], "uv_size": [35, 100]},
								"south": {"uv": [175, 0], "uv_size": [35, 100]},
								"west": {"uv": [175, 0], "uv_size": [35, 100]},
								"up": {"uv": [210, 100], "uv_size": [-35, -100]},
								"down": {"uv": [210, 100], "uv_size": [-35, -100]}
							}
						},
						{
							"origin": [7.2, 13.9, -2.17],
							"size": [1.1, 1.5, 4.34],
							"uv": {
								"north": {"uv": [10, 10], "uv_size": [25, 25]},
								"east": {"uv": [10, 10], "uv_size": [25, 25]},
								"south": {"uv": [10, 10], "uv_size": [25, 25]},
								"west": {"uv": [10, 10], "uv_size": [25, 25]},
								"up": {"uv": [35, 35], "uv_size": [-25, -25]},
								"down": {"uv": [35, 35], "uv_size": [-25, -25]}
							}
						},
						{
							"origin": [7.2, 20.4, -1.77],
							"size": [1.1, 2.4, 3.6],
							"uv": {
								"north": {"uv": [432.027, 507.87467], "uv_size": [20, 20]},
								"east": {"uv": [432.027, 507.87467], "uv_size": [20, 20]},
								"south": {"uv": [432.027, 507.87467], "uv_size": [20, 20]},
								"west": {"uv": [432.027, 507.87467], "uv_size": [20, 20]},
								"up": {"uv": [452.027, 527.87467], "uv_size": [-20, -20]},
								"down": {"uv": [452.027, 527.87467], "uv_size": [-20, -20]}
							}
						},
						{
							"origin": [7.25, 20.45, -1.6],
							"size": [1.1, 2.3, 3.3],
							"uv": {
								"north": {"uv": [109.62029, 356.66983], "uv_size": [62.78728, 73.12594]},
								"east": {"uv": [109.62029, 356.66983], "uv_size": [62.78728, 73.12594]},
								"south": {"uv": [109.62029, 356.66983], "uv_size": [62.78728, 73.12594]},
								"west": {"uv": [110.07729, 432.22717], "uv_size": [62.78728, 73.12594]},
								"up": {"uv": [172.40757, 429.79577], "uv_size": [-62.78728, -73.12594]},
								"down": {"uv": [172.40757, 429.79577], "uv_size": [-62.78728, -73.12594]}
							}
						},
						{
							"origin": [4, 23.2, -2],
							"size": [4, 1.1, 4],
							"uv": {
								"north": {"uv": [140, 0], "uv_size": [35, 30]},
								"east": {"uv": [140, 0], "uv_size": [35, 30]},
								"south": {"uv": [140, 0], "uv_size": [35, 30]},
								"west": {"uv": [140, 0], "uv_size": [35, 30]},
								"up": {"uv": [175, 30], "uv_size": [-35, -30]},
								"down": {"uv": [175, 30], "uv_size": [-35, -30]}
							}
						},
						{
							"origin": [4, 11.8, -2],
							"size": [4, 1.1, 4],
							"uv": {
								"north": {"uv": [432.027, 507.87467], "uv_size": [20, 20]},
								"east": {"uv": [432.027, 507.87467], "uv_size": [20, 20]},
								"south": {"uv": [432.027, 507.87467], "uv_size": [20, 20]},
								"west": {"uv": [432.027, 507.87467], "uv_size": [20, 20]},
								"up": {"uv": [452.027, 527.87467], "uv_size": [-20, -20]},
								"down": {"uv": [452.027, 527.87467], "uv_size": [-20, -20]}
							}
						},
						{
							"origin": [4, 11.9, -2],
							"size": [4, 0.1, 4],
							"uv": {
								"north": {"uv": [10, 10], "uv_size": [25, 25]},
								"east": {"uv": [10, 10], "uv_size": [25, 25]},
								"south": {"uv": [10, 10], "uv_size": [25, 25]},
								"west": {"uv": [10, 10], "uv_size": [25, 25]},
								"up": {"uv": [35, 35], "uv_size": [-25, -25]},
								"down": {"uv": [35, 35], "uv_size": [-25, -25]}
							}
						},
						{
							"origin": [4, 12, -2],
							"size": [4, 2, 4],
							"inflate": 0.15,
							"uv": {
								"north": {"uv": [432.027, 507.87467], "uv_size": [20, 20]},
								"east": {"uv": [432.027, 507.87467], "uv_size": [20, 20]},
								"south": {"uv": [432.027, 507.87467], "uv_size": [20, 20]},
								"west": {"uv": [432.027, 507.87467], "uv_size": [20, 20]},
								"up": {"uv": [452.027, 527.87467], "uv_size": [-20, -20]},
								"down": {"uv": [452.027, 527.87467], "uv_size": [-20, -20]}
							}
						}
					]
				},
				{
					"name": "rightLeg",
					"parent": "Body",
					"pivot": [-1.9, 12, 0],
					"cubes": [
						{
							"origin": [-3.9, 10.1, -2.1],
							"size": [4, 2, 4.1],
							"uv": {
								"north": {"uv": [10, 10], "uv_size": [25, 25]},
								"east": {"uv": [10, 10], "uv_size": [25, 25]},
								"south": {"uv": [10, 10], "uv_size": [25, 25]},
								"west": {"uv": [10, 10], "uv_size": [25, 25]},
								"up": {"uv": [35, 35], "uv_size": [-25, -25]},
								"down": {"uv": [35, 35], "uv_size": [-25, -25]}
							}
						},
						{
							"origin": [-3.9, 3, -2.2],
							"size": [4, 9, 1.1],
							"uv": {
								"north": {"uv": [0, 100], "uv_size": [35, 100]},
								"east": {"uv": [0, 100], "uv_size": [35, 100]},
								"south": {"uv": [0, 100], "uv_size": [35, 100]},
								"west": {"uv": [0, 100], "uv_size": [35, 100]},
								"up": {"uv": [35, 200], "uv_size": [-35, -100]},
								"down": {"uv": [35, 200], "uv_size": [-35, -100]}
							}
						},
						{
							"origin": [-3.925, 4.9, -2.25],
							"size": [4.05, 4.2, 1.1],
							"uv": {
								"north": {"uv": [0, 100], "uv_size": [35, 100]},
								"east": {"uv": [0, 100], "uv_size": [35, 100]},
								"south": {"uv": [0, 100], "uv_size": [35, 100]},
								"west": {"uv": [0, 100], "uv_size": [35, 100]},
								"up": {"uv": [35, 200], "uv_size": [-35, -100]},
								"down": {"uv": [35, 200], "uv_size": [-35, -100]}
							}
						},
						{
							"origin": [-3.925, 4.9, 1.15],
							"size": [4.05, 4.2, 1.1],
							"uv": {
								"north": {"uv": [140, 100], "uv_size": [35, 100]},
								"east": {"uv": [140, 100], "uv_size": [35, 100]},
								"south": {"uv": [140, 100], "uv_size": [35, 100]},
								"west": {"uv": [140, 100], "uv_size": [35, 100]},
								"up": {"uv": [175, 200], "uv_size": [-35, -100]},
								"down": {"uv": [175, 200], "uv_size": [-35, -100]}
							}
						},
						{
							"origin": [-3.90999, -0.1, -2.25],
							"size": [4, 4.2, 2.1],
							"uv": {
								"north": {"uv": [432.027, 507.87467], "uv_size": [20, 20]},
								"east": {"uv": [432.027, 507.87467], "uv_size": [20, 20]},
								"south": {"uv": [432.027, 507.87467], "uv_size": [20, 20]},
								"west": {"uv": [432.027, 507.87467], "uv_size": [20, 20]},
								"up": {"uv": [452.027, 527.87467], "uv_size": [-20, -20]},
								"down": {"uv": [452.027, 527.87467], "uv_size": [-20, -20]}
							}
						},
						{
							"origin": [-4, 3.9, -2.3],
							"size": [4.1, 0.5, 1.1],
							"uv": {
								"north": {"uv": [432.027, 507.87467], "uv_size": [20, 20]},
								"east": {"uv": [432.027, 507.87467], "uv_size": [20, 20]},
								"south": {"uv": [432.027, 507.87467], "uv_size": [20, 20]},
								"west": {"uv": [432.027, 507.87467], "uv_size": [20, 20]},
								"up": {"uv": [452.027, 527.87467], "uv_size": [-20, -20]},
								"down": {"uv": [452.027, 527.87467], "uv_size": [-20, -20]}
							}
						},
						{
							"origin": [-3.3, -0.2, -2.3],
							"size": [3, 3.9, 4.2],
							"uv": {
								"north": {"uv": [432.027, 507.87467], "uv_size": [20, 20]},
								"east": {"uv": [432.027, 507.87467], "uv_size": [20, 20]},
								"south": {"uv": [432.027, 507.87467], "uv_size": [20, 20]},
								"west": {"uv": [432.027, 507.87467], "uv_size": [20, 20]},
								"up": {"uv": [452.027, 527.87467], "uv_size": [-20, -20]},
								"down": {"uv": [452.027, 527.87467], "uv_size": [-20, -20]}
							}
						},
						{
							"origin": [-3.3, 2.08203, -2.40656],
							"size": [3, 1.9, 0.2],
							"pivot": [0, 2.28203, 6.89344],
							"rotation": [-10, 0, 0],
							"uv": {
								"north": {"uv": [432.027, 507.87467], "uv_size": [20, 20]},
								"east": {"uv": [432.027, 507.87467], "uv_size": [20, 20]},
								"south": {"uv": [432.027, 507.87467], "uv_size": [20, 20]},
								"west": {"uv": [432.027, 507.87467], "uv_size": [20, 20]},
								"up": {"uv": [452.027, 527.87467], "uv_size": [-20, -20]},
								"down": {"uv": [452.027, 527.87467], "uv_size": [-20, -20]}
							}
						},
						{
							"origin": [-3.9, 4, 1.1],
							"size": [4, 8, 1.1],
							"uv": {
								"north": {"uv": [140, 100], "uv_size": [35, 100]},
								"east": {"uv": [140, 100], "uv_size": [35, 100]},
								"south": {"uv": [140, 100], "uv_size": [35, 100]},
								"west": {"uv": [140, 100], "uv_size": [35, 100]},
								"up": {"uv": [175, 200], "uv_size": [-35, -100]},
								"down": {"uv": [175, 200], "uv_size": [-35, -100]}
							}
						},
						{
							"origin": [-3.90999, -0.1, -0.85],
							"size": [4, 4.2, 3.1],
							"uv": {
								"north": {"uv": [432.027, 507.87467], "uv_size": [20, 20]},
								"east": {"uv": [432.027, 507.87467], "uv_size": [20, 20]},
								"south": {"uv": [432.027, 507.87467], "uv_size": [20, 20]},
								"west": {"uv": [432.027, 507.87467], "uv_size": [20, 20]},
								"up": {"uv": [452.027, 527.87467], "uv_size": [-20, -20]},
								"down": {"uv": [452.027, 527.87467], "uv_size": [-20, -20]}
							}
						},
						{
							"origin": [-4, 3.9, 1.2],
							"size": [4, 0.5, 1.1],
							"uv": {
								"north": {"uv": [432.027, 507.87467], "uv_size": [20, 20]},
								"east": {"uv": [432.027, 507.87467], "uv_size": [20, 20]},
								"south": {"uv": [432.027, 507.87467], "uv_size": [20, 20]},
								"west": {"uv": [432.027, 507.87467], "uv_size": [20, 20]},
								"up": {"uv": [452.027, 527.87467], "uv_size": [-20, -20]},
								"down": {"uv": [452.027, 527.87467], "uv_size": [-20, -20]}
							}
						},
						{
							"origin": [-4.1, 3, -2.1],
							"size": [1.1, 9, 4.2],
							"uv": {
								"north": {"uv": [175, 100], "uv_size": [35, 100]},
								"east": {"uv": [175, 100], "uv_size": [35, 100]},
								"south": {"uv": [175, 100], "uv_size": [35, 100]},
								"west": {"uv": [175, 100], "uv_size": [35, 100]},
								"up": {"uv": [210, 200], "uv_size": [-35, -100]},
								"down": {"uv": [210, 200], "uv_size": [-35, -100]}
							}
						},
						{
							"origin": [-4.15, 4.9, -2.12],
							"size": [1.1, 4.2, 4.24],
							"uv": {
								"north": {"uv": [175, 100], "uv_size": [35, 100]},
								"east": {"uv": [175, 100], "uv_size": [35, 100]},
								"south": {"uv": [175, 100], "uv_size": [35, 100]},
								"west": {"uv": [175, 100], "uv_size": [35, 100]},
								"up": {"uv": [210, 200], "uv_size": [-35, -100]},
								"down": {"uv": [210, 200], "uv_size": [-35, -100]}
							}
						},
						{
							"origin": [-0.85, 4.9, -2.12],
							"size": [1.1, 4.2, 4.24],
							"uv": {
								"north": {"uv": [10, 10], "uv_size": [25, 25]},
								"east": {"uv": [10, 10], "uv_size": [25, 25]},
								"south": {"uv": [10, 10], "uv_size": [25, 25]},
								"west": {"uv": [10, 10], "uv_size": [25, 25]},
								"up": {"uv": [35, 35], "uv_size": [-25, -25]},
								"down": {"uv": [35, 35], "uv_size": [-25, -25]}
							}
						},
						{
							"origin": [-4.15, -0.1, -2.12],
							"size": [1.1, 4.2, 4.24],
							"uv": {
								"north": {"uv": [432.027, 507.87467], "uv_size": [20, 20]},
								"east": {"uv": [432.027, 507.87467], "uv_size": [20, 20]},
								"south": {"uv": [432.027, 507.87467], "uv_size": [20, 20]},
								"west": {"uv": [432.027, 507.87467], "uv_size": [20, 20]},
								"up": {"uv": [452.027, 527.87467], "uv_size": [-20, -20]},
								"down": {"uv": [452.027, 527.87467], "uv_size": [-20, -20]}
							}
						},
						{
							"origin": [-0.85, -0.1, -2.25],
							"size": [1.1, 4.2, 4.24],
							"uv": {
								"north": {"uv": [432.027, 507.87467], "uv_size": [20, 20]},
								"east": {"uv": [432.027, 507.87467], "uv_size": [20, 20]},
								"south": {"uv": [432.027, 507.87467], "uv_size": [20, 20]},
								"west": {"uv": [432.027, 507.87467], "uv_size": [20, 20]},
								"up": {"uv": [452.027, 527.87467], "uv_size": [-20, -20]},
								"down": {"uv": [452.027, 527.87467], "uv_size": [-20, -20]}
							}
						},
						{
							"origin": [-4.2, 3.9, -2.12],
							"size": [1.1, 0.5, 4.24],
							"uv": {
								"north": {"uv": [432.027, 507.87467], "uv_size": [20, 20]},
								"east": {"uv": [432.027, 507.87467], "uv_size": [20, 20]},
								"south": {"uv": [432.027, 507.87467], "uv_size": [20, 20]},
								"west": {"uv": [432.027, 507.87467], "uv_size": [20, 20]},
								"up": {"uv": [452.027, 527.87467], "uv_size": [-20, -20]},
								"down": {"uv": [452.027, 527.87467], "uv_size": [-20, -20]}
							}
						},
						{
							"origin": [-0.8, 3.9, -2.12],
							"size": [1.1, 0.5, 4.24],
							"uv": {
								"north": {"uv": [432.027, 507.87467], "uv_size": [20, 20]},
								"east": {"uv": [432.027, 507.87467], "uv_size": [20, 20]},
								"south": {"uv": [432.027, 507.87467], "uv_size": [20, 20]},
								"west": {"uv": [432.027, 507.87467], "uv_size": [20, 20]},
								"up": {"uv": [452.027, 527.87467], "uv_size": [-20, -20]},
								"down": {"uv": [452.027, 527.87467], "uv_size": [-20, -20]}
							}
						},
						{
							"origin": [0.1, 4, -2.1],
							"size": [0.1, 8, 4.2],
							"uv": {
								"north": {"uv": [10, 10], "uv_size": [25, 25]},
								"east": {"uv": [10, 10], "uv_size": [25, 25]},
								"south": {"uv": [10, 10], "uv_size": [25, 25]},
								"west": {"uv": [10, 10], "uv_size": [25, 25]},
								"up": {"uv": [35, 35], "uv_size": [-25, -25]},
								"down": {"uv": [35, 35], "uv_size": [-25, -25]}
							}
						},
						{
							"origin": [-3.2, -0.2, -2.4],
							"size": [2.8, 2.2, 4.2],
							"uv": {
								"north": {"uv": [432.027, 507.87467], "uv_size": [20, 20]},
								"east": {"uv": [432.027, 507.87467], "uv_size": [20, 20]},
								"south": {"uv": [432.027, 507.87467], "uv_size": [20, 20]},
								"west": {"uv": [432.027, 507.87467], "uv_size": [20, 20]},
								"up": {"uv": [452.027, 527.87467], "uv_size": [-20, -20]},
								"down": {"uv": [452.027, 527.87467], "uv_size": [-20, -20]}
							}
						},
						{
							"origin": [-3.2, 1.05926, -2.44731],
							"size": [2.8, 2.2, 0.2],
							"pivot": [0, 1.25926, 2.95269],
							"rotation": [-10, 0, 0],
							"uv": {
								"north": {"uv": [432.027, 507.87467], "uv_size": [20, 20]},
								"east": {"uv": [432.027, 507.87467], "uv_size": [20, 20]},
								"south": {"uv": [432.027, 507.87467], "uv_size": [20, 20]},
								"west": {"uv": [432.027, 507.87467], "uv_size": [20, 20]},
								"up": {"uv": [452.027, 527.87467], "uv_size": [-20, -20]},
								"down": {"uv": [452.027, 527.87467], "uv_size": [-20, -20]}
							}
						}
					]
				},
				{
					"name": "leftLeg",
					"parent": "Body",
					"pivot": [1.9, 12, 0],
					"cubes": [
						{
							"origin": [-0.1, 0, -2],
							"size": [4, 12, 4],
							"uv": {
								"north": {"uv": [10, 10], "uv_size": [25, 25]},
								"east": {"uv": [10, 10], "uv_size": [25, 25]},
								"south": {"uv": [10, 10], "uv_size": [25, 25]},
								"west": {"uv": [10, 10], "uv_size": [25, 25]},
								"up": {"uv": [35, 35], "uv_size": [-25, -25]},
								"down": {"uv": [35, 35], "uv_size": [-25, -25]}
							}
						},
						{
							"origin": [-0.1, 4, -2.2],
							"size": [4, 8, 1.1],
							"uv": {
								"north": {"uv": [35, 100], "uv_size": [35, 100]},
								"east": {"uv": [35, 100], "uv_size": [35, 100]},
								"south": {"uv": [35, 100], "uv_size": [35, 100]},
								"west": {"uv": [35, 100], "uv_size": [35, 100]},
								"up": {"uv": [70, 200], "uv_size": [-35, -100]},
								"down": {"uv": [70, 200], "uv_size": [-35, -100]}
							}
						},
						{
							"origin": [-0.0999, -0.1, -2.25],
							"size": [4, 4.2, 2.1],
							"uv": {
								"north": {"uv": [432.027, 507.87467], "uv_size": [20, 20]},
								"east": {"uv": [432.027, 507.87467], "uv_size": [20, 20]},
								"south": {"uv": [432.027, 507.87467], "uv_size": [20, 20]},
								"west": {"uv": [432.027, 507.87467], "uv_size": [20, 20]},
								"up": {"uv": [452.027, 527.87467], "uv_size": [-20, -20]},
								"down": {"uv": [452.027, 527.87467], "uv_size": [-20, -20]}
							}
						},
						{
							"origin": [-0.1, 3.9, -2.3],
							"size": [4.1, 0.5, 1.1],
							"uv": {
								"north": {"uv": [432.027, 507.87467], "uv_size": [20, 20]},
								"east": {"uv": [432.027, 507.87467], "uv_size": [20, 20]},
								"south": {"uv": [432.027, 507.87467], "uv_size": [20, 20]},
								"west": {"uv": [432.027, 507.87467], "uv_size": [20, 20]},
								"up": {"uv": [452.027, 527.87467], "uv_size": [-20, -20]},
								"down": {"uv": [452.027, 527.87467], "uv_size": [-20, -20]}
							}
						},
						{
							"origin": [0.4, -0.2, -2.3],
							"size": [3, 3.9, 4.2],
							"uv": {
								"north": {"uv": [432.027, 507.87467], "uv_size": [20, 20]},
								"east": {"uv": [432.027, 507.87467], "uv_size": [20, 20]},
								"south": {"uv": [432.027, 507.87467], "uv_size": [20, 20]},
								"west": {"uv": [432.027, 507.87467], "uv_size": [20, 20]},
								"up": {"uv": [452.027, 527.87467], "uv_size": [-20, -20]},
								"down": {"uv": [452.027, 527.87467], "uv_size": [-20, -20]}
							}
						},
						{
							"origin": [0.4, 2.25568, -2.39137],
							"size": [3, 1.9, 0.2],
							"pivot": [0, 2.45568, 5.90863],
							"rotation": [-10, 0, 0],
							"uv": {
								"north": {"uv": [432.027, 507.87467], "uv_size": [20, 20]},
								"east": {"uv": [432.027, 507.87467], "uv_size": [20, 20]},
								"south": {"uv": [432.027, 507.87467], "uv_size": [20, 20]},
								"west": {"uv": [432.027, 507.87467], "uv_size": [20, 20]},
								"up": {"uv": [452.027, 527.87467], "uv_size": [-20, -20]},
								"down": {"uv": [452.027, 527.87467], "uv_size": [-20, -20]}
							}
						},
						{
							"origin": [0.5, -0.2, -2.4],
							"size": [2.8, 2.2, 4.2],
							"uv": {
								"north": {"uv": [432.027, 507.87467], "uv_size": [20, 20]},
								"east": {"uv": [432.027, 507.87467], "uv_size": [20, 20]},
								"south": {"uv": [432.027, 507.87467], "uv_size": [20, 20]},
								"west": {"uv": [432.027, 507.87467], "uv_size": [20, 20]},
								"up": {"uv": [452.027, 527.87467], "uv_size": [-20, -20]},
								"down": {"uv": [452.027, 527.87467], "uv_size": [-20, -20]}
							}
						},
						{
							"origin": [0.5, 0.53832, -2.49289],
							"size": [2.8, 2.2, 0.2],
							"pivot": [0, 0.73832, 5.90711],
							"rotation": [-10, 0, 0],
							"uv": {
								"north": {"uv": [432.027, 507.87467], "uv_size": [20, 20]},
								"east": {"uv": [432.027, 507.87467], "uv_size": [20, 20]},
								"south": {"uv": [432.027, 507.87467], "uv_size": [20, 20]},
								"west": {"uv": [432.027, 507.87467], "uv_size": [20, 20]},
								"up": {"uv": [452.027, 527.87467], "uv_size": [-20, -20]},
								"down": {"uv": [452.027, 527.87467], "uv_size": [-20, -20]}
							}
						},
						{
							"origin": [-0.1, 4, 1.1],
							"size": [4, 8, 1.1],
							"uv": {
								"north": {"uv": [105, 100], "uv_size": [35, 100]},
								"east": {"uv": [105, 100], "uv_size": [35, 100]},
								"south": {"uv": [105, 100], "uv_size": [35, 100]},
								"west": {"uv": [105, 100], "uv_size": [35, 100]},
								"up": {"uv": [140, 200], "uv_size": [-35, -100]},
								"down": {"uv": [140, 200], "uv_size": [-35, -100]}
							}
						},
						{
							"origin": [-0.125, 4.9, 1.15],
							"size": [4.05, 4.2, 1.1],
							"uv": {
								"north": {"uv": [105, 100], "uv_size": [35, 100]},
								"east": {"uv": [105, 100], "uv_size": [35, 100]},
								"south": {"uv": [105, 100], "uv_size": [35, 100]},
								"west": {"uv": [105, 100], "uv_size": [35, 100]},
								"up": {"uv": [140, 200], "uv_size": [-35, -100]},
								"down": {"uv": [140, 200], "uv_size": [-35, -100]}
							}
						},
						{
							"origin": [-0.0999, -0.1, -0.85],
							"size": [4, 4.2, 3.1],
							"uv": {
								"north": {"uv": [432.027, 507.87467], "uv_size": [20, 20]},
								"east": {"uv": [432.027, 507.87467], "uv_size": [20, 20]},
								"south": {"uv": [432.027, 507.87467], "uv_size": [20, 20]},
								"west": {"uv": [432.027, 507.87467], "uv_size": [20, 20]},
								"up": {"uv": [452.027, 527.87467], "uv_size": [-20, -20]},
								"down": {"uv": [452.027, 527.87467], "uv_size": [-20, -20]}
							}
						},
						{
							"origin": [0, 3.9, 1.2],
							"size": [4, 0.5, 1.1],
							"uv": {
								"north": {"uv": [432.027, 507.87467], "uv_size": [20, 20]},
								"east": {"uv": [432.027, 507.87467], "uv_size": [20, 20]},
								"south": {"uv": [432.027, 507.87467], "uv_size": [20, 20]},
								"west": {"uv": [432.027, 507.87467], "uv_size": [20, 20]},
								"up": {"uv": [452.027, 527.87467], "uv_size": [-20, -20]},
								"down": {"uv": [452.027, 527.87467], "uv_size": [-20, -20]}
							}
						},
						{
							"origin": [-0.2, 1.9, -2.1],
							"size": [0.1, 10.2, 4.2],
							"uv": {
								"north": {"uv": [10, 10], "uv_size": [25, 25]},
								"east": {"uv": [10, 10], "uv_size": [25, 25]},
								"south": {"uv": [10, 10], "uv_size": [25, 25]},
								"west": {"uv": [10, 10], "uv_size": [25, 25]},
								"up": {"uv": [35, 35], "uv_size": [-25, -25]},
								"down": {"uv": [35, 35], "uv_size": [-25, -25]}
							}
						},
						{
							"origin": [3, 3, -2.1],
							"size": [1.1, 9.2, 4.2],
							"uv": {
								"north": {"uv": [70, 100], "uv_size": [35, 100]},
								"east": {"uv": [70, 100], "uv_size": [35, 100]},
								"south": {"uv": [70, 100], "uv_size": [35, 100]},
								"west": {"uv": [70, 100], "uv_size": [35, 100]},
								"up": {"uv": [105, 200], "uv_size": [-35, -100]},
								"down": {"uv": [105, 200], "uv_size": [-35, -100]}
							}
						},
						{
							"origin": [3.05, 4.9, -2.12],
							"size": [1.1, 4.2, 4.24],
							"uv": {
								"north": {"uv": [70, 100], "uv_size": [35, 100]},
								"east": {"uv": [70, 100], "uv_size": [35, 100]},
								"south": {"uv": [70, 100], "uv_size": [35, 100]},
								"west": {"uv": [70, 100], "uv_size": [35, 100]},
								"up": {"uv": [105, 200], "uv_size": [-35, -100]},
								"down": {"uv": [105, 200], "uv_size": [-35, -100]}
							}
						},
						{
							"origin": [-0.25, 4.9, -2.12],
							"size": [1.1, 4.2, 4.24],
							"uv": {
								"north": {"uv": [10, 10], "uv_size": [25, 25]},
								"east": {"uv": [10, 10], "uv_size": [25, 25]},
								"south": {"uv": [10, 10], "uv_size": [25, 25]},
								"west": {"uv": [10, 10], "uv_size": [25, 25]},
								"up": {"uv": [35, 35], "uv_size": [-25, -25]},
								"down": {"uv": [35, 35], "uv_size": [-25, -25]}
							}
						},
						{
							"origin": [3.1, 3.9, -2.12],
							"size": [1.1, 0.5, 4.24],
							"uv": {
								"north": {"uv": [432.027, 507.87467], "uv_size": [20, 20]},
								"east": {"uv": [432.027, 507.87467], "uv_size": [20, 20]},
								"south": {"uv": [432.027, 507.87467], "uv_size": [20, 20]},
								"west": {"uv": [432.027, 507.87467], "uv_size": [20, 20]},
								"up": {"uv": [452.027, 527.87467], "uv_size": [-20, -20]},
								"down": {"uv": [452.027, 527.87467], "uv_size": [-20, -20]}
							}
						},
						{
							"origin": [-0.3, 3.9, -2.12],
							"size": [1.1, 0.5, 4.24],
							"uv": {
								"north": {"uv": [432.027, 507.87467], "uv_size": [20, 20]},
								"east": {"uv": [432.027, 507.87467], "uv_size": [20, 20]},
								"south": {"uv": [432.027, 507.87467], "uv_size": [20, 20]},
								"west": {"uv": [432.027, 507.87467], "uv_size": [20, 20]},
								"up": {"uv": [452.027, 527.87467], "uv_size": [-20, -20]},
								"down": {"uv": [452.027, 527.87467], "uv_size": [-20, -20]}
							}
						},
						{
							"origin": [3.05, -0.1, -2.12],
							"size": [1.1, 4.2, 4.24],
							"uv": {
								"north": {"uv": [432.027, 507.87467], "uv_size": [20, 20]},
								"east": {"uv": [432.027, 507.87467], "uv_size": [20, 20]},
								"south": {"uv": [432.027, 507.87467], "uv_size": [20, 20]},
								"west": {"uv": [432.027, 507.87467], "uv_size": [20, 20]},
								"up": {"uv": [452.027, 527.87467], "uv_size": [-20, -20]},
								"down": {"uv": [452.027, 527.87467], "uv_size": [-20, -20]}
							}
						},
						{
							"origin": [-0.25, -0.1, -2.12],
							"size": [1.1, 4.2, 4.24],
							"uv": {
								"north": {"uv": [432.027, 507.87467], "uv_size": [20, 20]},
								"east": {"uv": [432.027, 507.87467], "uv_size": [20, 20]},
								"south": {"uv": [432.027, 507.87467], "uv_size": [20, 20]},
								"west": {"uv": [432.027, 507.87467], "uv_size": [20, 20]},
								"up": {"uv": [452.027, 527.87467], "uv_size": [-20, -20]},
								"down": {"uv": [452.027, 527.87467], "uv_size": [-20, -20]}
							}
						},
						{
							"origin": [-0.1, 10.1, -2.1],
							"size": [4, 2, 4.1],
							"uv": {
								"north": {"uv": [10, 10], "uv_size": [25, 25]},
								"east": {"uv": [10, 10], "uv_size": [25, 25]},
								"south": {"uv": [10, 10], "uv_size": [25, 25]},
								"west": {"uv": [10, 10], "uv_size": [25, 25]},
								"up": {"uv": [35, 35], "uv_size": [-25, -25]},
								"down": {"uv": [35, 35], "uv_size": [-25, -25]}
							}
						}
					]
				}
			]
		}
	]
}