{
   "format_version": [
      1,
      1,
      0
   ],
   "r:carpet1": {
      "textures": "r_carpet1",
      "sound": "cloth"
   },
   "r:carpet3": {
      "textures": "r_carpet3",
      "sound": "cloth"
   },
   "r:carpet2": {
      "textures": "r_carpet2",
      "sound": "cloth"
   },
   "among:wall_candle": {
      "textures": "among_wall_candle",
      "sound": "normal"
   },
   "among:drawer": {
      "textures": "among_drawer",
      "sound": "normal"
   },
   "among:elevator": {
      "textures": "elevator",
      "sound": "normal"
   },
   "among:chandelier": {
      "textures": "among_chandalier",
      "sound": "normal"
   },
   "r:hotel_plant": {
      "textures": "r_hotel_plant",
      "sound": "grass"
   },
   "r:clock": {
      "textures": "r_clock",
      "sound": "itemframe"
   },
   "r:globe": {
      "textures": "r_globe",
      "sound": "stone"
   },
   "r:lamp": {
      "textures": "r_lamp",
      "sound": "stone"
   },
   "r:grandfather_clock": {
      "textures": "r_grandfather_clock",
      "sound": "stone"
   },
   "r:hotel_cart": {
      "textures": "r_hotel_cart",
      "sound": "stone"
   },
   "r:suitcase": {
      "textures": "r_suitcase",
      "sound": "stone"
   },
   "r:page": {
      "textures": "r_page",
      "sound": "cloth"
   },
   "r:typewriter": {
      "textures": "r_typewriter",
      "sound": "normal"
   },
   "r:hanger2": {
      "textures": "r_hanger2",
      "sound": "normal"
   },
   "r:mine_light": {
      "textures": "r_mine_light",
      "sound": "normal"
   },
   "r:hanger": {
      "textures": "r_hanger",
      "sound": "normal"
   },
   "r:bacon_statue": {
      "textures": "r_bacon_statue",
      "sound": "normal"
   },
   "r:air_vent": {
      "textures": "r_air_vent",
      "sound": "normal"
   },
   "r:wooden_wall": {
      "textures": "r_wooden_wall",
      "sound": "normal"
   },
   "r:quil": {
      "textures": "r_quil",
      "sound": "normal"
   },
   "among:drawer2": {
      "textures": "among_drawer2",
      "sound": "normal"
   },
   "r:crate": {
      "textures": "r_crate",
      "sound": "normal"
   }
}