{
	"format_version": "1.12.0",
	"minecraft:geometry": [
		{
			"description": {
				"identifier": "geometry.adabted_bolster",
				"texture_width": 256,
				"texture_height": 256,
				"visible_bounds_width": 9,
				"visible_bounds_height": 4.5,
				"visible_bounds_offset": [0, 1.75, 0]
			},
			"bones": [
				{
					"name": "bone",
					"pivot": [0, 0, 0],
					"cubes": [
						{
							"origin": [-11, 0, -10],
							"size": [21, 3, 12],
							"uv": {
								"north": {"uv": [88, 74], "uv_size": [21, 3]},
								"east": {"uv": [109, 74], "uv_size": [12, 3]},
								"south": {"uv": [126, 35], "uv_size": [21, 3]},
								"west": {"uv": [135, 78], "uv_size": [12, 3]},
								"up": {"uv": [74, 24], "uv_size": [21, 12]},
								"down": {"uv": [24, 89], "uv_size": [21, -12]}
							}
						}
					]
				},
				{
					"name": "bone6",
					"parent": "bone",
					"pivot": [0, 0, -10],
					"cubes": [
						{
							"origin": [-11, 3, -10],
							"size": [21, 5, 10],
							"pivot": [-0.5, 4.5, -5],
							"rotation": [-7.5, 0, 0],
							"uv": {
								"north": {"uv": [108, 63], "uv_size": [21, 5]},
								"east": {"uv": [121, 132], "uv_size": [10, 5]},
								"south": {"uv": [109, 94], "uv_size": [21, 5]},
								"west": {"uv": [48, 133], "uv_size": [10, 5]},
								"up": {"uv": [0, 82], "uv_size": [21, 10]},
								"down": {"uv": [45, 94], "uv_size": [21, -10]}
							}
						}
					]
				},
				{
					"name": "bone7",
					"parent": "bone6",
					"pivot": [-0.5, 4.5, -5],
					"cubes": [
						{
							"origin": [-12.5, 7.5, -11],
							"size": [24, 6, 12],
							"pivot": [-0.5, 10.5, -5],
							"rotation": [-5, 0, 0],
							"uv": {
								"north": {"uv": [98, 6], "uv_size": [24, 6]},
								"east": {"uv": [122, 51], "uv_size": [12, 6]},
								"south": {"uv": [98, 12], "uv_size": [24, 6]},
								"west": {"uv": [123, 0], "uv_size": [12, 6]},
								"up": {"uv": [74, 0], "uv_size": [24, 12]},
								"down": {"uv": [74, 24], "uv_size": [24, -12]}
							}
						}
					]
				},
				{
					"name": "bone49",
					"parent": "bone7",
					"pivot": [4.5, 10.5, -10],
					"cubes": [
						{
							"origin": [3.5, 8.5, -22],
							"size": [3, 6, 12],
							"uv": {
								"north": {"uv": [139, 142], "uv_size": [3, 6]},
								"east": {"uv": [102, 124], "uv_size": [12, 6]},
								"south": {"uv": [142, 142], "uv_size": [3, 6]},
								"west": {"uv": [125, 68], "uv_size": [12, 6]},
								"up": {"uv": [32, 50], "uv_size": [3, 12]},
								"down": {"uv": [35, 62], "uv_size": [3, -12]}
							}
						}
					]
				},
				{
					"name": "bone68",
					"parent": "bone49",
					"pivot": [5, 11.5, -11],
					"cubes": [
						{
							"origin": [2, 9.5, -22],
							"size": [2, 1, 0],
							"pivot": [4, 10, -22],
							"rotation": [0, -15, 0],
							"uv": {
								"north": {"uv": [98, 94], "uv_size": [2, 1]},
								"east": {"uv": [0, 0], "uv_size": [0, 1]},
								"south": {"uv": [100, 57], "uv_size": [2, 1]},
								"west": {"uv": [0, 0], "uv_size": [0, 1]},
								"up": {"uv": [0, 0], "uv_size": [2, 0]},
								"down": {"uv": [0, 0], "uv_size": [2, 0]}
							}
						}
					]
				},
				{
					"name": "bone67",
					"parent": "bone49",
					"pivot": [5, 11.5, -11],
					"cubes": [
						{
							"origin": [2, 11.5, -22],
							"size": [2, 1, 0],
							"pivot": [4, 12, -22],
							"rotation": [0, -12.5, 0],
							"uv": {
								"north": {"uv": [30, 72], "uv_size": [2, 1]},
								"east": {"uv": [0, 0], "uv_size": [0, 1]},
								"south": {"uv": [92, 43], "uv_size": [2, 1]},
								"west": {"uv": [0, 0], "uv_size": [0, 1]},
								"up": {"uv": [0, 0], "uv_size": [2, 0]},
								"down": {"uv": [0, 0], "uv_size": [2, 0]}
							}
						}
					]
				},
				{
					"name": "bone44",
					"parent": "bone7",
					"pivot": [-7.5, 11.5, -10],
					"cubes": [
						{
							"origin": [-8.5, 8.5, -22],
							"size": [3, 7, 11],
							"uv": {
								"north": {"uv": [117, 140], "uv_size": [3, 7]},
								"east": {"uv": [10, 92], "uv_size": [11, 7]},
								"south": {"uv": [141, 83], "uv_size": [3, 7]},
								"west": {"uv": [123, 22], "uv_size": [11, 7]},
								"up": {"uv": [34, 136], "uv_size": [3, 11]},
								"down": {"uv": [37, 147], "uv_size": [3, -11]}
							}
						}
					]
				},
				{
					"name": "bone59",
					"parent": "bone44",
					"pivot": [-7, 12, -25.5],
					"cubes": [
						{
							"origin": [-6, 11, -21.5],
							"size": [3, 1, 0],
							"pivot": [-5.5, 11.5, -21.5],
							"rotation": [0, 25, 0],
							"uv": {
								"north": {"uv": [86, 43], "uv_size": [3, 1]},
								"east": {"uv": [0, 0], "uv_size": [0, 1]},
								"south": {"uv": [89, 43], "uv_size": [3, 1]},
								"west": {"uv": [0, 0], "uv_size": [0, 1]},
								"up": {"uv": [0, 0], "uv_size": [3, 0]},
								"down": {"uv": [0, 0], "uv_size": [3, 0]}
							}
						}
					]
				},
				{
					"name": "bone58",
					"parent": "bone44",
					"pivot": [-7, 12, -23.5],
					"cubes": [
						{
							"origin": [-6, 13, -21.5],
							"size": [3, 1, 0],
							"pivot": [-5.5, 13.5, -21.5],
							"rotation": [0, 17.5, 0],
							"uv": {
								"north": {"uv": [80, 43], "uv_size": [3, 1]},
								"east": {"uv": [0, 0], "uv_size": [0, 1]},
								"south": {"uv": [83, 43], "uv_size": [3, 1]},
								"west": {"uv": [0, 0], "uv_size": [0, 1]},
								"up": {"uv": [0, 0], "uv_size": [3, 0]},
								"down": {"uv": [0, 0], "uv_size": [3, 0]}
							}
						}
					]
				},
				{
					"name": "bone8",
					"parent": "bone7",
					"pivot": [-0.5, 10.5, -5],
					"cubes": [
						{
							"origin": [-14.5, 13.5, -13],
							"size": [28, 6, 15],
							"pivot": [-0.5, 16.5, -5.5],
							"rotation": [-5, 0, 0],
							"uv": {
								"north": {"uv": [94, 51], "uv_size": [28, 6]},
								"east": {"uv": [70, 116], "uv_size": [15, 6]},
								"south": {"uv": [95, 24], "uv_size": [28, 6]},
								"west": {"uv": [102, 118], "uv_size": [15, 6]},
								"up": {"uv": [32, 62], "uv_size": [28, 15]},
								"down": {"uv": [60, 77], "uv_size": [28, -15]}
							}
						}
					]
				},
				{
					"name": "bone48",
					"parent": "bone8",
					"pivot": [6.5, 16.5, -10.5],
					"cubes": [
						{
							"origin": [3.5, 14.5, -23.5],
							"size": [3, 5, 11],
							"uv": {
								"north": {"uv": [145, 144], "uv_size": [3, 5]},
								"east": {"uv": [134, 22], "uv_size": [11, 5]},
								"south": {"uv": [0, 146], "uv_size": [3, 5]},
								"west": {"uv": [134, 46], "uv_size": [11, 5]},
								"up": {"uv": [40, 136], "uv_size": [3, 11]},
								"down": {"uv": [43, 147], "uv_size": [3, -11]}
							}
						}
					]
				},
				{
					"name": "bone66",
					"parent": "bone48",
					"pivot": [5, 17, -13],
					"cubes": [
						{
							"origin": [1, 14, -23],
							"size": [3, 1, 0],
							"pivot": [3.5, 14.5, -23],
							"rotation": [0, -20, 0],
							"uv": {
								"north": {"uv": [97, 57], "uv_size": [3, 1]},
								"east": {"uv": [0, 0], "uv_size": [0, 1]},
								"south": {"uv": [98, 23], "uv_size": [3, 1]},
								"west": {"uv": [0, 0], "uv_size": [0, 1]},
								"up": {"uv": [0, 0], "uv_size": [3, 0]},
								"down": {"uv": [0, 0], "uv_size": [3, 0]}
							}
						}
					]
				},
				{
					"name": "bone65",
					"parent": "bone48",
					"pivot": [5, 17, -13],
					"cubes": [
						{
							"origin": [1, 16, -23],
							"size": [3, 1, 0],
							"pivot": [3.5, 16.5, -23],
							"rotation": [0, -17.5, 0],
							"uv": {
								"north": {"uv": [41, 93], "uv_size": [3, 1]},
								"east": {"uv": [0, 0], "uv_size": [0, 1]},
								"south": {"uv": [94, 57], "uv_size": [3, 1]},
								"west": {"uv": [0, 0], "uv_size": [0, 1]},
								"up": {"uv": [0, 0], "uv_size": [3, 0]},
								"down": {"uv": [0, 0], "uv_size": [3, 0]}
							}
						}
					]
				},
				{
					"name": "bone43",
					"parent": "bone8",
					"pivot": [-5.5, 16.5, -14.5],
					"cubes": [
						{
							"origin": [-8.5, 14.5, -23.5],
							"size": [3, 5, 11],
							"uv": {
								"north": {"uv": [78, 84], "uv_size": [3, 5]},
								"east": {"uv": [131, 124], "uv_size": [11, 5]},
								"south": {"uv": [25, 144], "uv_size": [3, 5]},
								"west": {"uv": [131, 129], "uv_size": [11, 5]},
								"up": {"uv": [28, 136], "uv_size": [3, 11]},
								"down": {"uv": [31, 147], "uv_size": [3, -11]}
							}
						}
					]
				},
				{
					"name": "bone57",
					"parent": "bone43",
					"pivot": [-7, 17, -12.5],
					"cubes": [
						{
							"origin": [-6, 16, -23.5],
							"size": [3, 1, 0],
							"pivot": [-5.5, 16.5, -23.5],
							"rotation": [0, 20, 0],
							"uv": {
								"north": {"uv": [74, 43], "uv_size": [3, 1]},
								"east": {"uv": [0, 0], "uv_size": [0, 1]},
								"south": {"uv": [77, 43], "uv_size": [3, 1]},
								"west": {"uv": [0, 0], "uv_size": [0, 1]},
								"up": {"uv": [0, 0], "uv_size": [3, 0]},
								"down": {"uv": [0, 0], "uv_size": [3, 0]}
							}
						}
					]
				},
				{
					"name": "bone56",
					"parent": "bone43",
					"pivot": [-7, 17, -12.5],
					"cubes": [
						{
							"origin": [-6, 18, -23.5],
							"size": [3, 2, 0],
							"pivot": [-5.5, 19, -23.5],
							"rotation": [0, 22.5, 0],
							"uv": {
								"north": {"uv": [110, 146], "uv_size": [3, 2]},
								"east": {"uv": [0, 0], "uv_size": [0, 2]},
								"south": {"uv": [120, 146], "uv_size": [3, 2]},
								"west": {"uv": [0, 0], "uv_size": [0, 2]},
								"up": {"uv": [0, 0], "uv_size": [3, 0]},
								"down": {"uv": [0, 0], "uv_size": [3, 0]}
							}
						}
					]
				},
				{
					"name": "bone28",
					"parent": "bone8",
					"pivot": [12.5, 16.76172, -11.49429],
					"cubes": [
						{
							"origin": [-2.8153, 16.5, -11.55566],
							"size": [1, 1, 1],
							"uv": {
								"north": {"uv": [87, 58], "uv_size": [1, 1]},
								"east": {"uv": [87, 59], "uv_size": [1, 1]},
								"south": {"uv": [87, 60], "uv_size": [1, 1]},
								"west": {"uv": [87, 61], "uv_size": [1, 1]},
								"up": {"uv": [44, 93], "uv_size": [1, 1]},
								"down": {"uv": [65, 95], "uv_size": [1, -1]}
							}
						},
						{
							"origin": [12.1847, 15.5, -12.55566],
							"size": [10, 2, 2],
							"uv": {
								"north": {"uv": [9, 142], "uv_size": [10, 2]},
								"east": {"uv": [48, 131], "uv_size": [2, 2]},
								"south": {"uv": [142, 10], "uv_size": [10, 2]},
								"west": {"uv": [80, 135], "uv_size": [2, 2]},
								"up": {"uv": [142, 12], "uv_size": [10, 2]},
								"down": {"uv": [142, 31], "uv_size": [10, -2]}
							}
						}
					]
				},
				{
					"name": "bone29",
					"parent": "bone28",
					"pivot": [21.1847, 16.5, -11.55566],
					"cubes": [
						{
							"origin": [22.19327, 15.10743, -12.55566],
							"size": [12, 2, 2],
							"uv": {
								"north": {"uv": [46, 138], "uv_size": [12, 2]},
								"east": {"uv": [46, 136], "uv_size": [2, 2]},
								"south": {"uv": [70, 139], "uv_size": [12, 2]},
								"west": {"uv": [80, 137], "uv_size": [2, 2]},
								"up": {"uv": [139, 94], "uv_size": [12, 2]},
								"down": {"uv": [139, 98], "uv_size": [12, -2]}
							}
						}
					]
				},
				{
					"name": "bone30",
					"parent": "bone29",
					"pivot": [33.19327, 16.10743, -11.55566],
					"cubes": [
						{
							"origin": [20.19327, 16.10743, -11.55566],
							"size": [1, 1, 1],
							"uv": {
								"north": {"uv": [100, 94], "uv_size": [1, 1]},
								"east": {"uv": [101, 23], "uv_size": [1, 1]},
								"south": {"uv": [30, 101], "uv_size": [1, 1]},
								"west": {"uv": [31, 101], "uv_size": [1, 1]},
								"up": {"uv": [32, 101], "uv_size": [1, 1]},
								"down": {"uv": [33, 102], "uv_size": [1, -1]}
							}
						},
						{
							"origin": [34.19327, 15.10743, -12.55566],
							"size": [13, 2, 2],
							"uv": {
								"north": {"uv": [138, 38], "uv_size": [13, 2]},
								"east": {"uv": [62, 144], "uv_size": [2, 2]},
								"south": {"uv": [138, 40], "uv_size": [13, 2]},
								"west": {"uv": [62, 146], "uv_size": [2, 2]},
								"up": {"uv": [138, 57], "uv_size": [13, 2]},
								"down": {"uv": [138, 61], "uv_size": [13, -2]}
							}
						}
					]
				},
				{
					"name": "bone22",
					"parent": "bone8",
					"pivot": [-12.5, 16.5, -5.5],
					"cubes": [
						{
							"origin": [-23.60266, 16.06631, -6.5],
							"size": [9, 2, 2],
							"uv": {
								"north": {"uv": [19, 142], "uv_size": [9, 2]},
								"east": {"uv": [30, 68], "uv_size": [2, 2]},
								"south": {"uv": [142, 31], "uv_size": [9, 2]},
								"west": {"uv": [30, 70], "uv_size": [2, 2]},
								"up": {"uv": [142, 33], "uv_size": [9, 2]},
								"down": {"uv": [46, 144], "uv_size": [9, -2]}
							}
						}
					]
				},
				{
					"name": "bone23",
					"parent": "bone22",
					"pivot": [-22.10266, 17.06631, -5.5],
					"cubes": [
						{
							"origin": [-34.10266, 16.06631, -6.5],
							"size": [11, 2, 2],
							"uv": {
								"north": {"uv": [30, 99], "uv_size": [11, 2]},
								"east": {"uv": [28, 106], "uv_size": [2, 2]},
								"south": {"uv": [109, 99], "uv_size": [11, 2]},
								"west": {"uv": [119, 77], "uv_size": [2, 2]},
								"up": {"uv": [139, 98], "uv_size": [11, 2]},
								"down": {"uv": [46, 142], "uv_size": [11, -2]}
							}
						}
					]
				},
				{
					"name": "bone24",
					"parent": "bone23",
					"pivot": [-33.60266, 17.06631, -5.5],
					"cubes": [
						{
							"origin": [-46.60266, 16.06631, -6.5],
							"size": [13, 2, 2],
							"uv": {
								"north": {"uv": [135, 4], "uv_size": [13, 2]},
								"east": {"uv": [119, 79], "uv_size": [2, 2]},
								"south": {"uv": [137, 68], "uv_size": [13, 2]},
								"west": {"uv": [119, 81], "uv_size": [2, 2]},
								"up": {"uv": [137, 70], "uv_size": [13, 2]},
								"down": {"uv": [137, 74], "uv_size": [13, -2]}
							}
						}
					]
				},
				{
					"name": "bone9",
					"parent": "bone8",
					"pivot": [-0.5, 16.5, -5.5],
					"cubes": [
						{
							"origin": [-16.5, 19.5, -14.5],
							"size": [32, 6, 18],
							"uv": {
								"north": {"uv": [88, 68], "uv_size": [32, 6]},
								"east": {"uv": [108, 57], "uv_size": [18, 6]},
								"south": {"uv": [66, 89], "uv_size": [32, 6]},
								"west": {"uv": [102, 108], "uv_size": [18, 6]},
								"up": {"uv": [38, 44], "uv_size": [32, 18]},
								"down": {"uv": [0, 68], "uv_size": [32, -18]}
							}
						}
					]
				},
				{
					"name": "bone47",
					"parent": "bone9",
					"pivot": [6.5, 22.5, -11.5],
					"cubes": [
						{
							"origin": [3.5, 19.5, -24.5],
							"size": [3, 6, 10],
							"uv": {
								"north": {"uv": [133, 142], "uv_size": [3, 6]},
								"east": {"uv": [131, 112], "uv_size": [10, 6]},
								"south": {"uv": [136, 142], "uv_size": [3, 6]},
								"west": {"uv": [131, 118], "uv_size": [10, 6]},
								"up": {"uv": [95, 137], "uv_size": [3, 10]},
								"down": {"uv": [98, 147], "uv_size": [3, -10]}
							}
						}
					]
				},
				{
					"name": "bone64",
					"parent": "bone47",
					"pivot": [4, 22.5, -14.5],
					"cubes": [
						{
							"origin": [1, 18.5, -24.5],
							"size": [3, 2, 0],
							"pivot": [3.5, 19.5, -24.5],
							"rotation": [0, -17.5, 0],
							"uv": {
								"north": {"uv": [123, 146], "uv_size": [3, 2]},
								"east": {"uv": [0, 0], "uv_size": [0, 2]},
								"south": {"uv": [126, 146], "uv_size": [3, 2]},
								"west": {"uv": [0, 0], "uv_size": [0, 2]},
								"up": {"uv": [0, 0], "uv_size": [3, 0]},
								"down": {"uv": [0, 0], "uv_size": [3, 0]}
							}
						}
					]
				},
				{
					"name": "bone63",
					"parent": "bone47",
					"pivot": [4, 22.5, -14.5],
					"cubes": [
						{
							"origin": [1, 21.5, -23.5],
							"size": [3, 2, 0],
							"pivot": [3.5, 22.5, -23.5],
							"rotation": [0, -15, 0],
							"uv": {
								"north": {"uv": [146, 120], "uv_size": [3, 2]},
								"east": {"uv": [0, 0], "uv_size": [0, 2]},
								"south": {"uv": [146, 122], "uv_size": [3, 2]},
								"west": {"uv": [0, 0], "uv_size": [0, 2]},
								"up": {"uv": [0, 0], "uv_size": [3, 0]},
								"down": {"uv": [0, 0], "uv_size": [3, 0]}
							}
						}
					]
				},
				{
					"name": "bone42",
					"parent": "bone9",
					"pivot": [-6.5, 22.5, -13.5],
					"cubes": [
						{
							"origin": [-8.5, 19.5, -24.5],
							"size": [3, 6, 10],
							"uv": {
								"north": {"uv": [126, 57], "uv_size": [3, 6]},
								"east": {"uv": [104, 130], "uv_size": [10, 6]},
								"south": {"uv": [142, 124], "uv_size": [3, 6]},
								"west": {"uv": [130, 106], "uv_size": [10, 6]},
								"up": {"uv": [67, 137], "uv_size": [3, 10]},
								"down": {"uv": [86, 147], "uv_size": [3, -10]}
							}
						}
					]
				},
				{
					"name": "bone55",
					"parent": "bone42",
					"pivot": [-7, 22.5, -14.5],
					"cubes": [
						{
							"origin": [-6, 21.5, -24.5],
							"size": [3, 2, 0],
							"pivot": [-5.5, 22.5, -24.5],
							"rotation": [0, 12.5, 0],
							"uv": {
								"north": {"uv": [22, 146], "uv_size": [3, 2]},
								"east": {"uv": [0, 0], "uv_size": [0, 2]},
								"south": {"uv": [101, 146], "uv_size": [3, 2]},
								"west": {"uv": [0, 0], "uv_size": [0, 2]},
								"up": {"uv": [0, 0], "uv_size": [3, 0]},
								"down": {"uv": [0, 0], "uv_size": [3, 0]}
							}
						}
					]
				},
				{
					"name": "bone10",
					"parent": "bone9",
					"pivot": [-0.5, 16.5, -5.5],
					"cubes": [
						{
							"origin": [-18.5, 25.5, -16.5],
							"size": [36, 7, 22],
							"pivot": [-0.5, 29, -5.5],
							"rotation": [2.5, 0, 0],
							"uv": {
								"north": {"uv": [74, 36], "uv_size": [36, 7]},
								"east": {"uv": [65, 95], "uv_size": [22, 7]},
								"south": {"uv": [45, 77], "uv_size": [36, 7]},
								"west": {"uv": [87, 95], "uv_size": [22, 7]},
								"up": {"uv": [38, 0], "uv_size": [36, 22]},
								"down": {"uv": [38, 44], "uv_size": [36, -22]}
							}
						}
					]
				},
				{
					"name": "bone46",
					"parent": "bone10",
					"pivot": [-0.5, 29, -5.5],
					"cubes": [
						{
							"origin": [-1.5, 29, -5.5],
							"size": [1, 1, 1],
							"uv": {
								"north": {"uv": [34, 101], "uv_size": [1, 1]},
								"east": {"uv": [35, 101], "uv_size": [1, 1]},
								"south": {"uv": [36, 101], "uv_size": [1, 1]},
								"west": {"uv": [37, 101], "uv_size": [1, 1]},
								"up": {"uv": [38, 101], "uv_size": [1, 1]},
								"down": {"uv": [39, 102], "uv_size": [1, -1]}
							}
						}
					]
				},
				{
					"name": "bone41",
					"parent": "bone10",
					"pivot": [-7.5, 27, -16.5],
					"cubes": [
						{
							"origin": [-8.5, 25, -25.5],
							"size": [3, 7, 9],
							"uv": {
								"north": {"uv": [21, 82], "uv_size": [3, 7]},
								"east": {"uv": [129, 57], "uv_size": [9, 7]},
								"south": {"uv": [82, 139], "uv_size": [3, 7]},
								"west": {"uv": [86, 130], "uv_size": [9, 7]},
								"up": {"uv": [101, 137], "uv_size": [3, 9]},
								"down": {"uv": [121, 146], "uv_size": [3, -9]}
							}
						}
					]
				},
				{
					"name": "bone54",
					"parent": "bone41",
					"pivot": [-7, 28.5, -16],
					"cubes": [
						{
							"origin": [-6, 24.5, -25],
							"size": [4, 2, 0],
							"pivot": [-6, 25.5, -25],
							"rotation": [0, 17.5, 0],
							"uv": {
								"north": {"uv": [58, 146], "uv_size": [4, 2]},
								"east": {"uv": [0, 0], "uv_size": [0, 2]},
								"south": {"uv": [82, 146], "uv_size": [4, 2]},
								"west": {"uv": [0, 0], "uv_size": [0, 2]},
								"up": {"uv": [0, 0], "uv_size": [4, 0]},
								"down": {"uv": [0, 0], "uv_size": [4, 0]}
							}
						}
					]
				},
				{
					"name": "bone53",
					"parent": "bone41",
					"pivot": [-7, 28.5, -16],
					"cubes": [
						{
							"origin": [-6, 27.5, -25],
							"size": [4, 2, 0],
							"pivot": [-5.5, 30, -25],
							"rotation": [0, 20, 0],
							"uv": {
								"north": {"uv": [50, 146], "uv_size": [4, 2]},
								"east": {"uv": [0, 0], "uv_size": [0, 2]},
								"south": {"uv": [54, 146], "uv_size": [4, 2]},
								"west": {"uv": [0, 0], "uv_size": [0, 2]},
								"up": {"uv": [0, 0], "uv_size": [4, 0]},
								"down": {"uv": [0, 0], "uv_size": [4, 0]}
							}
						}
					]
				},
				{
					"name": "bone31",
					"parent": "bone10",
					"pivot": [-0.5, 29, -5.5],
					"cubes": [
						{
							"origin": [17.5, 28, -6.5],
							"size": [9, 2, 2],
							"uv": {
								"north": {"uv": [55, 142], "uv_size": [9, 2]},
								"east": {"uv": [129, 146], "uv_size": [2, 2]},
								"south": {"uv": [142, 100], "uv_size": [9, 2]},
								"west": {"uv": [146, 130], "uv_size": [2, 2]},
								"up": {"uv": [142, 102], "uv_size": [9, 2]},
								"down": {"uv": [142, 106], "uv_size": [9, -2]}
							}
						},
						{
							"origin": [-1.5, 29, -5.5],
							"size": [1, 1, 1],
							"uv": {
								"north": {"uv": [40, 101], "uv_size": [1, 1]},
								"east": {"uv": [101, 94], "uv_size": [1, 1]},
								"south": {"uv": [102, 23], "uv_size": [1, 1]},
								"west": {"uv": [102, 57], "uv_size": [1, 1]},
								"up": {"uv": [102, 94], "uv_size": [1, 1]},
								"down": {"uv": [103, 24], "uv_size": [1, -1]}
							}
						},
						{
							"origin": [3.5, 25, -25.5],
							"size": [3, 7, 9],
							"uv": {
								"north": {"uv": [104, 141], "uv_size": [3, 7]},
								"east": {"uv": [130, 94], "uv_size": [9, 7]},
								"south": {"uv": [107, 141], "uv_size": [3, 7]},
								"west": {"uv": [95, 130], "uv_size": [9, 7]},
								"up": {"uv": [124, 137], "uv_size": [3, 9]},
								"down": {"uv": [127, 146], "uv_size": [3, -9]}
							}
						}
					]
				},
				{
					"name": "bone32",
					"parent": "bone31",
					"pivot": [26, 29, -5.5],
					"cubes": [
						{
							"origin": [26, 28, -6.5],
							"size": [11, 2, 2],
							"uv": {
								"north": {"uv": [141, 63], "uv_size": [11, 2]},
								"east": {"uv": [146, 132], "uv_size": [2, 2]},
								"south": {"uv": [141, 65], "uv_size": [11, 2]},
								"west": {"uv": [146, 138], "uv_size": [2, 2]},
								"up": {"uv": [70, 141], "uv_size": [11, 2]},
								"down": {"uv": [141, 83], "uv_size": [11, -2]}
							}
						}
					]
				},
				{
					"name": "bone33",
					"parent": "bone32",
					"pivot": [36.5, 29, -5.5],
					"cubes": [
						{
							"origin": [36.5, 28, -6.5],
							"size": [13, 2, 2],
							"uv": {
								"north": {"uv": [138, 61], "uv_size": [13, 2]},
								"east": {"uv": [147, 6], "uv_size": [2, 2]},
								"south": {"uv": [133, 138], "uv_size": [13, 2]},
								"west": {"uv": [147, 8], "uv_size": [2, 2]},
								"up": {"uv": [139, 14], "uv_size": [13, 2]},
								"down": {"uv": [139, 18], "uv_size": [13, -2]}
							}
						}
					]
				},
				{
					"name": "bone62",
					"parent": "bone31",
					"pivot": [5, 28.5, -16],
					"cubes": [
						{
							"origin": [0, 25.5, -25],
							"size": [4, 2, 0],
							"pivot": [4, 26.5, -25],
							"rotation": [0, -22.5, 0],
							"uv": {
								"north": {"uv": [146, 116], "uv_size": [4, 2]},
								"east": {"uv": [0, 0], "uv_size": [0, 2]},
								"south": {"uv": [146, 118], "uv_size": [4, 2]},
								"west": {"uv": [0, 0], "uv_size": [0, 2]},
								"up": {"uv": [0, 0], "uv_size": [4, 0]},
								"down": {"uv": [0, 0], "uv_size": [4, 0]}
							}
						}
					]
				},
				{
					"name": "bone61",
					"parent": "bone31",
					"pivot": [5, 28.5, -16],
					"cubes": [
						{
							"origin": [0, 28.5, -25],
							"size": [4, 2, 0],
							"pivot": [3.5, 29.5, -25],
							"rotation": [0, -12.5, 0],
							"uv": {
								"north": {"uv": [146, 112], "uv_size": [4, 2]},
								"east": {"uv": [0, 0], "uv_size": [0, 2]},
								"south": {"uv": [146, 114], "uv_size": [4, 2]},
								"west": {"uv": [0, 0], "uv_size": [0, 2]},
								"up": {"uv": [0, 0], "uv_size": [4, 0]},
								"down": {"uv": [0, 0], "uv_size": [4, 0]}
							}
						}
					]
				},
				{
					"name": "bone25",
					"parent": "bone10",
					"pivot": [-16.5, 29, -5.5],
					"cubes": [
						{
							"origin": [-26.5, 28, -6.5],
							"size": [8, 2, 2],
							"uv": {
								"north": {"uv": [9, 144], "uv_size": [8, 2]},
								"east": {"uv": [119, 83], "uv_size": [2, 2]},
								"south": {"uv": [17, 144], "uv_size": [8, 2]},
								"west": {"uv": [119, 85], "uv_size": [2, 2]},
								"up": {"uv": [46, 144], "uv_size": [8, 2]},
								"down": {"uv": [54, 146], "uv_size": [8, -2]}
							}
						}
					]
				},
				{
					"name": "bone26",
					"parent": "bone25",
					"pivot": [-25.5, 29, -5.5],
					"cubes": [
						{
							"origin": [-37.5, 28, -6.5],
							"size": [11, 2, 2],
							"uv": {
								"north": {"uv": [140, 106], "uv_size": [11, 2]},
								"east": {"uv": [119, 87], "uv_size": [2, 2]},
								"south": {"uv": [140, 108], "uv_size": [11, 2]},
								"west": {"uv": [121, 22], "uv_size": [2, 2]},
								"up": {"uv": [140, 110], "uv_size": [11, 2]},
								"down": {"uv": [133, 142], "uv_size": [11, -2]}
							}
						}
					]
				},
				{
					"name": "bone27",
					"parent": "bone26",
					"pivot": [-36, 29, -5.5],
					"cubes": [
						{
							"origin": [-48, 28, -6.5],
							"size": [11, 2, 2],
							"uv": {
								"north": {"uv": [141, 18], "uv_size": [11, 2]},
								"east": {"uv": [125, 116], "uv_size": [2, 2]},
								"south": {"uv": [141, 20], "uv_size": [11, 2]},
								"west": {"uv": [48, 129], "uv_size": [2, 2]},
								"up": {"uv": [141, 42], "uv_size": [11, 2]},
								"down": {"uv": [141, 46], "uv_size": [11, -2]}
							}
						}
					]
				},
				{
					"name": "bone11",
					"parent": "bone10",
					"pivot": [-0.5, 29, -5.5],
					"cubes": [
						{
							"origin": [-19.5, 32, -17.5],
							"size": [38, 6, 25],
							"pivot": [-0.5, 35, -5],
							"rotation": [2.5, 0, 0],
							"uv": {
								"north": {"uv": [81, 77], "uv_size": [38, 6]},
								"east": {"uv": [95, 30], "uv_size": [25, 6]},
								"south": {"uv": [81, 83], "uv_size": [38, 6]},
								"west": {"uv": [98, 0], "uv_size": [25, 6]},
								"up": {"uv": [0, 0], "uv_size": [38, 25]},
								"down": {"uv": [0, 50], "uv_size": [38, -25]}
							}
						}
					]
				},
				{
					"name": "bone45",
					"parent": "bone11",
					"pivot": [4.5, 35, -18],
					"cubes": [
						{
							"origin": [3.5, 32, -27],
							"size": [3, 4, 10],
							"uv": {
								"north": {"uv": [12, 146], "uv_size": [3, 4]},
								"east": {"uv": [70, 135], "uv_size": [10, 4]},
								"south": {"uv": [15, 146], "uv_size": [3, 4]},
								"west": {"uv": [135, 74], "uv_size": [10, 4]},
								"up": {"uv": [89, 137], "uv_size": [3, 10]},
								"down": {"uv": [92, 147], "uv_size": [3, -10]}
							}
						}
					]
				},
				{
					"name": "bone60",
					"parent": "bone45",
					"pivot": [5, 34, -17],
					"cubes": [
						{
							"origin": [0, 33, -27],
							"size": [4, 2, 0],
							"pivot": [4, 34, -27],
							"rotation": [0, -20, 0],
							"uv": {
								"north": {"uv": [146, 89], "uv_size": [4, 2]},
								"east": {"uv": [0, 0], "uv_size": [0, 2]},
								"south": {"uv": [146, 91], "uv_size": [4, 2]},
								"west": {"uv": [0, 0], "uv_size": [0, 2]},
								"up": {"uv": [0, 0], "uv_size": [4, 0]},
								"down": {"uv": [0, 0], "uv_size": [4, 0]}
							}
						}
					]
				},
				{
					"name": "bone40",
					"parent": "bone11",
					"pivot": [-7.5, 34, -19],
					"cubes": [
						{
							"origin": [-8.5, 32, -27],
							"size": [3, 4, 10],
							"pivot": [-7, 34, -17.5],
							"rotation": [0, 2.5, 0],
							"uv": {
								"north": {"uv": [29, 73], "uv_size": [3, 4]},
								"east": {"uv": [133, 134], "uv_size": [10, 4]},
								"south": {"uv": [9, 146], "uv_size": [3, 4]},
								"west": {"uv": [135, 0], "uv_size": [10, 4]},
								"up": {"uv": [110, 136], "uv_size": [3, 10]},
								"down": {"uv": [64, 147], "uv_size": [3, -10]}
							}
						}
					]
				},
				{
					"name": "bone52",
					"parent": "bone40",
					"pivot": [-7, 34, -17.5],
					"cubes": [
						{
							"origin": [-6, 31, -26.5],
							"size": [4, 2, 0],
							"pivot": [-5.5, 32.5, -26.5],
							"rotation": [0, 15, 0],
							"uv": {
								"north": {"uv": [18, 146], "uv_size": [4, 2]},
								"east": {"uv": [0, 0], "uv_size": [0, 2]},
								"south": {"uv": [46, 146], "uv_size": [4, 2]},
								"west": {"uv": [0, 0], "uv_size": [0, 2]},
								"up": {"uv": [0, 0], "uv_size": [4, 0]},
								"down": {"uv": [0, 0], "uv_size": [4, 0]}
							}
						}
					]
				},
				{
					"name": "bone51",
					"parent": "bone40",
					"pivot": [-6, 34, -27.5]
				},
				{
					"name": "bone50",
					"parent": "bone40",
					"pivot": [-7, 34, -17.5],
					"cubes": [
						{
							"origin": [-6, 34, -26.5],
							"size": [4, 2, 0],
							"pivot": [-5.5, 34.5, -26.5],
							"rotation": [0, 22.5, 0],
							"uv": {
								"north": {"uv": [144, 87], "uv_size": [4, 2]},
								"east": {"uv": [0, 0], "uv_size": [0, 2]},
								"south": {"uv": [145, 128], "uv_size": [4, 2]},
								"west": {"uv": [0, 0], "uv_size": [0, 2]},
								"up": {"uv": [0, 0], "uv_size": [4, 0]},
								"down": {"uv": [0, 0], "uv_size": [4, 0]}
							}
						}
					]
				},
				{
					"name": "bone18",
					"parent": "bone11",
					"pivot": [15.5, 36, -16],
					"cubes": [
						{
							"origin": [13.07018, 38.08899, -18.87074],
							"size": [4, 28, 4],
							"pivot": [15.16094, 38.49908, -15.72784],
							"rotation": [51.18107, -13.80192, 10.86531],
							"uv": {
								"north": {"uv": [86, 102], "uv_size": [4, 28]},
								"east": {"uv": [90, 102], "uv_size": [4, 28]},
								"south": {"uv": [94, 102], "uv_size": [4, 28]},
								"west": {"uv": [98, 102], "uv_size": [4, 28]},
								"up": {"uv": [78, 143], "uv_size": [4, 4]},
								"down": {"uv": [143, 138], "uv_size": [4, -4]}
							}
						}
					]
				},
				{
					"name": "bone19",
					"parent": "bone18",
					"pivot": [22.5, 52.5, -36],
					"cubes": [
						{
							"origin": [20.5, 50.67812, -37.53513],
							"size": [5, 31, 4],
							"pivot": [23, 52.05708, -36.30734],
							"rotation": [175, 0, 0],
							"uv": {
								"north": {"uv": [0, 92], "uv_size": [5, 31]},
								"east": {"uv": [50, 102], "uv_size": [4, 31]},
								"south": {"uv": [5, 92], "uv_size": [5, 31]},
								"west": {"uv": [54, 102], "uv_size": [4, 31]},
								"up": {"uv": [141, 120], "uv_size": [5, 4]},
								"down": {"uv": [142, 10], "uv_size": [5, -4]}
							}
						}
					]
				},
				{
					"name": "bone20",
					"parent": "bone19",
					"pivot": [23, 22, -39],
					"cubes": [
						{
							"origin": [23, 2, -40],
							"size": [0, 21, 3],
							"uv": {
								"north": {"uv": [0, 0], "uv_size": [0, 21]},
								"east": {"uv": [114, 124], "uv_size": [3, 21]},
								"south": {"uv": [0, 0], "uv_size": [0, 21]},
								"west": {"uv": [4, 130], "uv_size": [3, 21]},
								"up": {"uv": [0, 0], "uv_size": [0, 3]},
								"down": {"uv": [0, 3], "uv_size": [0, -3]}
							}
						}
					]
				},
				{
					"name": "bone21",
					"parent": "bone20",
					"pivot": [23, 4.5, -38.5],
					"cubes": [
						{
							"origin": [23, -8.26538, -42.73462],
							"size": [0, 14, 6],
							"pivot": [23, 5.8823, -38.35233],
							"rotation": [85, 0, 0],
							"uv": {
								"north": {"uv": [0, 0], "uv_size": [0, 14]},
								"east": {"uv": [120, 99], "uv_size": [6, 14]},
								"south": {"uv": [0, 0], "uv_size": [0, 14]},
								"west": {"uv": [121, 118], "uv_size": [6, 14]},
								"up": {"uv": [0, 0], "uv_size": [0, 6]},
								"down": {"uv": [0, 6], "uv_size": [0, -6]}
							}
						}
					]
				},
				{
					"name": "bone14",
					"parent": "bone11",
					"pivot": [-15.5, 35, -13],
					"cubes": [
						{
							"origin": [-18.5, 37, -17],
							"size": [4, 27, 4],
							"pivot": [-16.5, 37.5, -15],
							"rotation": [50, 0, -30],
							"uv": {
								"north": {"uv": [28, 109], "uv_size": [4, 27]},
								"east": {"uv": [32, 109], "uv_size": [4, 27]},
								"south": {"uv": [36, 109], "uv_size": [4, 27]},
								"west": {"uv": [40, 109], "uv_size": [4, 27]},
								"up": {"uv": [41, 89], "uv_size": [4, 4]},
								"down": {"uv": [142, 134], "uv_size": [4, -4]}
							}
						}
					]
				},
				{
					"name": "bone15",
					"parent": "bone14",
					"pivot": [-24.5, 51.5, -31],
					"cubes": [
						{
							"origin": [-27.56349, 57.61202, -32.20159],
							"size": [4, 27, 4],
							"pivot": [-25.44114, 56.66585, -30.7431],
							"rotation": [170.14068, 2.24944, 7.15656],
							"uv": {
								"north": {"uv": [44, 109], "uv_size": [4, 27]},
								"east": {"uv": [58, 110], "uv_size": [4, 27]},
								"south": {"uv": [62, 110], "uv_size": [4, 27]},
								"west": {"uv": [66, 110], "uv_size": [4, 27]},
								"up": {"uv": [70, 143], "uv_size": [4, 4]},
								"down": {"uv": [74, 147], "uv_size": [4, -4]}
							}
						}
					]
				},
				{
					"name": "bone16",
					"parent": "bone15",
					"pivot": [-28.5, 28.31663, -35.17664],
					"cubes": [
						{
							"origin": [-28.5, 7.31663, -37.17664],
							"size": [0, 22, 4],
							"uv": {
								"north": {"uv": [0, 0], "uv_size": [0, 22]},
								"east": {"uv": [117, 118], "uv_size": [4, 22]},
								"south": {"uv": [0, 0], "uv_size": [0, 22]},
								"west": {"uv": [121, 68], "uv_size": [4, 22]},
								"up": {"uv": [0, 0], "uv_size": [0, 4]},
								"down": {"uv": [0, 4], "uv_size": [0, -4]}
							}
						}
					]
				},
				{
					"name": "bone17",
					"parent": "bone16",
					"pivot": [-28.5, 9.31663, -35.17664],
					"cubes": [
						{
							"origin": [-28.5, -4.68337, -39.17664],
							"size": [0, 13, 6],
							"pivot": [-28.5, 7.81663, -35.17664],
							"rotation": [90, 0, 0],
							"uv": {
								"north": {"uv": [0, 0], "uv_size": [0, 13]},
								"east": {"uv": [70, 122], "uv_size": [6, 13]},
								"south": {"uv": [0, 0], "uv_size": [0, 13]},
								"west": {"uv": [76, 122], "uv_size": [6, 13]},
								"up": {"uv": [0, 0], "uv_size": [0, 6]},
								"down": {"uv": [0, 6], "uv_size": [0, -6]}
							}
						}
					]
				},
				{
					"name": "bone12",
					"parent": "bone11",
					"pivot": [-0.5, 35, -5],
					"cubes": [
						{
							"origin": [-12.5, 38, -12],
							"size": [24, 8, 14],
							"pivot": [-0.5, 42, -5],
							"rotation": [2.5, 0, 0],
							"uv": {
								"north": {"uv": [41, 94], "uv_size": [24, 8]},
								"east": {"uv": [58, 102], "uv_size": [14, 8]},
								"south": {"uv": [94, 43], "uv_size": [24, 8]},
								"west": {"uv": [72, 102], "uv_size": [14, 8]},
								"up": {"uv": [0, 68], "uv_size": [24, 14]},
								"down": {"uv": [70, 58], "uv_size": [24, -14]}
							}
						}
					]
				},
				{
					"name": "bone37",
					"parent": "bone12",
					"pivot": [-8.5, 42, 3],
					"cubes": [
						{
							"origin": [-10.5, 39, 2],
							"size": [4, 4, 20],
							"uv": {
								"north": {"uv": [145, 74], "uv_size": [4, 4]},
								"east": {"uv": [122, 6], "uv_size": [20, 4]},
								"south": {"uv": [113, 145], "uv_size": [4, 4]},
								"west": {"uv": [122, 10], "uv_size": [20, 4]},
								"up": {"uv": [18, 122], "uv_size": [4, 20]},
								"down": {"uv": [22, 142], "uv_size": [4, -20]}
							}
						}
					]
				},
				{
					"name": "bone38",
					"parent": "bone37",
					"pivot": [-8.5, 41, 21],
					"cubes": [
						{
							"origin": [-10.5, 39, 22],
							"size": [4, 4, 16],
							"uv": {
								"north": {"uv": [145, 124], "uv_size": [4, 4]},
								"east": {"uv": [125, 81], "uv_size": [16, 4]},
								"south": {"uv": [145, 140], "uv_size": [4, 4]},
								"west": {"uv": [125, 85], "uv_size": [16, 4]},
								"up": {"uv": [127, 116], "uv_size": [4, 16]},
								"down": {"uv": [0, 146], "uv_size": [4, -16]}
							}
						}
					]
				},
				{
					"name": "bone39",
					"parent": "bone38",
					"pivot": [-8.5, 41, 37],
					"cubes": [
						{
							"origin": [-9.5, 40, 38],
							"size": [2, 2, 20],
							"uv": {
								"north": {"uv": [32, 147], "uv_size": [2, 2]},
								"east": {"uv": [134, 53], "uv_size": [20, 2]},
								"south": {"uv": [34, 147], "uv_size": [2, 2]},
								"west": {"uv": [134, 55], "uv_size": [20, 2]},
								"up": {"uv": [7, 130], "uv_size": [2, 20]},
								"down": {"uv": [131, 154], "uv_size": [2, -20]}
							}
						}
					]
				},
				{
					"name": "bone34",
					"parent": "bone12",
					"pivot": [8.5, 42, 2],
					"cubes": [
						{
							"origin": [6.5, 39, 2],
							"size": [4, 4, 20],
							"uv": {
								"north": {"uv": [144, 83], "uv_size": [4, 4]},
								"east": {"uv": [121, 18], "uv_size": [20, 4]},
								"south": {"uv": [145, 0], "uv_size": [4, 4]},
								"west": {"uv": [121, 90], "uv_size": [20, 4]},
								"up": {"uv": [10, 122], "uv_size": [4, 20]},
								"down": {"uv": [14, 142], "uv_size": [4, -20]}
							}
						}
					]
				},
				{
					"name": "bone35",
					"parent": "bone34",
					"pivot": [8.5, 41, 21],
					"cubes": [
						{
							"origin": [6.5, 39, 22],
							"size": [4, 4, 17],
							"uv": {
								"north": {"uv": [145, 22], "uv_size": [4, 4]},
								"east": {"uv": [70, 58], "uv_size": [17, 4]},
								"south": {"uv": [145, 46], "uv_size": [4, 4]},
								"west": {"uv": [122, 14], "uv_size": [17, 4]},
								"up": {"uv": [82, 122], "uv_size": [4, 17]},
								"down": {"uv": [126, 116], "uv_size": [4, -17]}
							}
						}
					]
				},
				{
					"name": "bone36",
					"parent": "bone35",
					"pivot": [8.5, 41, 37.5],
					"cubes": [
						{
							"origin": [7.5, 40, 38.5],
							"size": [2, 2, 20],
							"uv": {
								"north": {"uv": [28, 147], "uv_size": [2, 2]},
								"east": {"uv": [134, 27], "uv_size": [20, 2]},
								"south": {"uv": [30, 147], "uv_size": [2, 2]},
								"west": {"uv": [134, 51], "uv_size": [20, 2]},
								"up": {"uv": [48, 109], "uv_size": [2, 20]},
								"down": {"uv": [26, 142], "uv_size": [2, -20]}
							}
						}
					]
				},
				{
					"name": "bone13",
					"parent": "bone12",
					"pivot": [-0.5, 42, -5],
					"cubes": [
						{
							"origin": [-10.5, 46, -10],
							"size": [20, 7, 10],
							"pivot": [-0.5, 42, -5],
							"rotation": [5, 0, 0],
							"uv": {
								"north": {"uv": [10, 99], "uv_size": [20, 7]},
								"east": {"uv": [0, 123], "uv_size": [10, 7]},
								"south": {"uv": [30, 102], "uv_size": [20, 7]},
								"west": {"uv": [125, 74], "uv_size": [10, 7]},
								"up": {"uv": [88, 58], "uv_size": [20, 10]},
								"down": {"uv": [21, 99], "uv_size": [20, -10]}
							}
						}
					]
				},
				{
					"name": "bone2",
					"parent": "bone",
					"pivot": [0, 0, -10],
					"cubes": [
						{
							"origin": [-12, 0, 2],
							"size": [23, 4, 5],
							"uv": {
								"north": {"uv": [102, 114], "uv_size": [23, 4]},
								"east": {"uv": [24, 73], "uv_size": [5, 4]},
								"south": {"uv": [118, 42], "uv_size": [23, 4]},
								"west": {"uv": [141, 90], "uv_size": [5, 4]},
								"up": {"uv": [98, 18], "uv_size": [23, 5]},
								"down": {"uv": [98, 94], "uv_size": [23, -5]}
							}
						}
					]
				},
				{
					"name": "bone3",
					"parent": "bone2",
					"pivot": [-0.5, 2, 1.5],
					"cubes": [
						{
							"origin": [-9.5, 0, 6.5],
							"size": [18, 5, 6],
							"uv": {
								"north": {"uv": [10, 112], "uv_size": [18, 5]},
								"east": {"uv": [24, 68], "uv_size": [6, 5]},
								"south": {"uv": [10, 117], "uv_size": [18, 5]},
								"west": {"uv": [136, 29], "uv_size": [6, 5]},
								"up": {"uv": [102, 102], "uv_size": [18, 6]},
								"down": {"uv": [10, 112], "uv_size": [18, -6]}
							}
						}
					]
				},
				{
					"name": "bone4",
					"parent": "bone3",
					"pivot": [-0.5, 2, 6.5],
					"cubes": [
						{
							"origin": [-8.5, -1, 12.5],
							"size": [16, 5, 6],
							"uv": {
								"north": {"uv": [118, 46], "uv_size": [16, 5]},
								"east": {"uv": [104, 136], "uv_size": [6, 5]},
								"south": {"uv": [120, 30], "uv_size": [16, 5]},
								"west": {"uv": [58, 137], "uv_size": [6, 5]},
								"up": {"uv": [110, 36], "uv_size": [16, 6]},
								"down": {"uv": [70, 116], "uv_size": [16, -6]}
							}
						}
					]
				},
				{
					"name": "bone5",
					"parent": "bone4",
					"pivot": [-0.5, 2, 12.5],
					"cubes": [
						{
							"origin": [-6.5, -1, 18.5],
							"size": [12, 4, 5],
							"uv": {
								"north": {"uv": [126, 38], "uv_size": [12, 4]},
								"east": {"uv": [141, 112], "uv_size": [5, 4]},
								"south": {"uv": [129, 64], "uv_size": [12, 4]},
								"west": {"uv": [141, 116], "uv_size": [5, 4]},
								"up": {"uv": [66, 84], "uv_size": [12, 5]},
								"down": {"uv": [130, 106], "uv_size": [12, -5]}
							}
						}
					]
				}
			]
		}
	]
}