{
	"format_version": "1.12.0",
	"minecraft:geometry": [
		{
			"description": {
				"identifier": "geometry.beckon1",
				"texture_width": 128,
				"texture_height": 40,
				"visible_bounds_width": 4,
				"visible_bounds_height": 5,
				"visible_bounds_offset": [0, 1.5, 0]
			},
			"bones": [
				{
					"name": "bone26",
					"pivot": [0, 1, 0],
					"cubes": [
						{"origin": [-4, 0, -5], "size": [9, 2, 9], "uv": [0, 0]}
					]
				},
				{
					"name": "bone27",
					"parent": "bone26",
					"pivot": [0, 1, 0],
					"cubes": [
						{"origin": [-2, 1, -3], "size": [5, 8, 5], "uv": [9, 0], "mirror": true}
					]
				},
				{
					"name": "bone",
					"pivot": [0, 5, 0],
					"cubes": [
						{"origin": [-1, 5, -2], "size": [3, 9, 3], "uv": [8, 1]}
					]
				},
				{
					"name": "bone2",
					"parent": "bone",
					"pivot": [0, 10, 0],
					"cubes": [
						{"origin": [-2, 14, -3], "size": [5, 4, 5], "uv": [33, 1]}
					]
				},
				{
					"name": "bone3",
					"parent": "bone2",
					"pivot": [0, 17, 0],
					"cubes": [
						{"origin": [-3, 18, -4], "size": [7, 4, 7], "uv": [62, 0]}
					]
				},
				{
					"name": "bone14",
					"parent": "bone3",
					"pivot": [0, 21, 3],
					"rotation": [-27.5, 0, 0],
					"cubes": [
						{"origin": [-1, 20, 2], "size": [3, 5, 2], "pivot": [0, 21, 3], "rotation": [-22.5, 0, 0], "uv": [6, 7.5]}
					]
				},
				{
					"name": "bone18",
					"parent": "bone14",
					"pivot": [0, 21, 3],
					"cubes": [
						{"origin": [-1, 21, 4], "size": [2, 2, 1], "pivot": [-0.5, 21.5, 4.5], "rotation": [-25, 0, 0], "uv": [113, 6.5]}
					]
				},
				{
					"name": "bone15",
					"parent": "bone14",
					"pivot": [0, 25, 4],
					"cubes": [
						{"origin": [-1, 25, 4], "size": [3, 5, 2], "pivot": [0, 25, 4], "rotation": [-30, 0, 0], "uv": [11, 1]}
					]
				},
				{
					"name": "bone16",
					"parent": "bone15",
					"pivot": [0, 29, 7],
					"cubes": [
						{"origin": [-1, 29, 7], "size": [2, 9, 1], "pivot": [0, 28.5, 7.5], "rotation": [-27.5, 0, 0], "uv": [41, 0]}
					]
				},
				{
					"name": "bone11",
					"parent": "bone3",
					"pivot": [4, 21, 0],
					"rotation": [0, 0, 30],
					"cubes": [
						{"origin": [3, 20, -2], "size": [2, 5, 3], "pivot": [4, 21, 0], "rotation": [0, 0, 25], "uv": [9, 0]}
					]
				},
				{
					"name": "bone19",
					"parent": "bone11",
					"pivot": [4, 21, 0],
					"cubes": [
						{"origin": [5, 21, -1], "size": [1, 2, 2], "pivot": [5.5, 21.5, 0.5], "rotation": [0, 0, 25], "uv": [113, 5.75]}
					]
				},
				{
					"name": "bone12",
					"parent": "bone11",
					"pivot": [6, 24, -1],
					"cubes": [
						{"origin": [5, 24, -2], "size": [2, 5, 3], "pivot": [6, 24, -1], "rotation": [0, 0, 30], "uv": [12, 0]}
					]
				},
				{
					"name": "bone13",
					"parent": "bone12",
					"pivot": [8, 28, -1],
					"cubes": [
						{"origin": [8, 28, -2], "size": [1, 10, 2], "pivot": [8.5, 28, -1], "rotation": [0, 0, 15], "uv": [9, 0]}
					]
				},
				{
					"name": "bone8",
					"parent": "bone3",
					"pivot": [-3, 20, 0],
					"rotation": [0, 0, -30],
					"cubes": [
						{"origin": [-4.42262, 20.09369, -2], "size": [2, 5, 3], "pivot": [-3, 21, 0], "rotation": [0, 0, -25], "uv": [79, 1]}
					]
				},
				{
					"name": "bone17",
					"parent": "bone8",
					"pivot": [-3, 21, 0],
					"cubes": [
						{"origin": [-5, 21, -2], "size": [1, 2, 2], "pivot": [-5.5, 21, -1], "rotation": [0, 0, -22.5], "uv": [113, 7.75], "mirror": true}
					]
				},
				{
					"name": "bone9",
					"parent": "bone8",
					"pivot": [-4, 24, 0],
					"cubes": [
						{"origin": [-6.38268, 25.07612, -2], "size": [2, 5, 3], "pivot": [-4, 25, 0], "rotation": [0, 0, -25], "uv": [78, 2]}
					]
				},
				{
					"name": "bone10",
					"parent": "bone9",
					"pivot": [-6, 28, 0],
					"cubes": [
						{"origin": [-8, 29, -1], "size": [1, 9, 2], "pivot": [-6.5, 29.5, 0], "rotation": [0, 0, -22.5], "uv": [11, 0]}
					]
				},
				{
					"name": "bone5",
					"parent": "bone3",
					"pivot": [0, 19, -4],
					"rotation": [35, 0, 0],
					"cubes": [
						{"origin": [-1, 20.06815, -5.51764], "size": [3, 5, 2], "pivot": [0, 21, -4], "rotation": [15, 0, 0], "uv": [11, 0], "mirror": true}
					]
				},
				{
					"name": "bone20",
					"parent": "bone5",
					"pivot": [0, 21, -4],
					"cubes": [
						{"origin": [0, 21, -6], "size": [2, 2, 1], "pivot": [0.5, 21.5, -5.5], "rotation": [10, 0, 0], "uv": [113, 4.875]}
					]
				},
				{
					"name": "bone6",
					"parent": "bone5",
					"pivot": [0, 24, -5],
					"cubes": [
						{"origin": [-1, 25, -6], "size": [3, 5, 2], "pivot": [0, 24, -5], "rotation": [17.5, 0, 0], "uv": [12, 1]}
					]
				},
				{
					"name": "bone7",
					"parent": "bone6",
					"pivot": [0, 29, -6],
					"cubes": [
						{"origin": [-1, 30, -7], "size": [2, 8, 1], "pivot": [0, 30, -6.5], "rotation": [15, 0, 0], "uv": [11, 0], "mirror": true}
					]
				},
				{
					"name": "bone4",
					"parent": "bone3",
					"pivot": [1, 19, 0],
					"cubes": [
						{"origin": [-1, 19, -2], "size": [3, 5, 3], "uv": [110, 5]}
					]
				}
			]
		}
	]
}: [31, 3], "uv_size": [2, 1]},
								"down": {"uv": [33, 4], "uv_size": [2, -1]}
							}
						}
					]
				},
				{
					"name": "bone11",
					"parent": "bone3",
					"pivot": [4, 21, 0],
					"rotation": [0, 0, 30],
					"cubes": [
						{
							"origin": [3, 20, -2],
							"size": [2, 5, 3],
							"pivot": [4, 21, 0],
							"rotation": [0, 0, 25],
							"uv": {
								"north": {"uv": [36, 35], "uv_size": [2, 5]},
								"east": {"uv": [10, 31], "uv_size": [3, 5]},
								"south": {"uv": [37, 0], "uv_size": [2, 5]},
								"west": {"uv": [31, 10], "uv_size": [3, 5]},
								"up": {"uv": [21, 5], "uv_size": [2, 3]},
								"down": {"uv": [34, 28], "uv_size": [2, -3]}
							}
						}
					]
				},
				{
					"name": "bone19",
					"parent": "bone11",
					"pivot": [4, 21, 0],
					"cubes": [
						{
							"origin": [5, 21, -1],
							"size": [1, 2, 2],
							"pivot": [5.5, 21.5, 0.5],
							"rotation": [0, 0, 25],
							"uv": {
								"north": {"uv": [26, 18], "uv_size": [1, 2]},
								"east": {"uv": [29, 40], "uv_size": [2, 2]},
								"south": {"uv": [26, 20], "uv_size": [1, 2]},
								"west": {"uv": [31, 40], "uv_size": [2, 2]},
								"up": {"uv": [26, 22], "uv_size": [1, 2]},
								"down": {"uv": [7, 29], "uv_size": [1, -2]}
							}
						}
					]
				},
				{
					"name": "bone12",
					"parent": "bone11",
					"pivot": [6, 24, -1],
					"cubes": [
						{
							"origin": [5, 24, -2],
							"size": [2, 5, 3],
							"pivot": [6, 24, -1],
							"rotation": [0, 0, 30],
							"uv": {
								"north": {"uv": [5, 37], "uv_size": [2, 5]},
								"east": {"uv": [13, 31], "uv_size": [3, 5]},
								"south": {"uv": [37, 5], "uv_size": [2, 5]},
								"west": {"uv": [31, 15], "uv_size": [3, 5]},
								"up": {"uv": [40, 2], "uv_size": [2, 3]},
								"down": {"uv": [40, 8], "uv_size": [2, -3]}
							}
						}
					]
				},
				{
					"name": "bone13",
					"parent": "bone12",
					"pivot": [8, 28, -1],
					"cubes": [
						{
							"origin": [8, 28, -2],
							"size": [1, 10, 2],
							"pivot": [8.5, 28, -1],
							"rotation": [0, 0, 15],
							"uv": {
								"north": {"uv": [16, 31], "uv_size": [1, 10]},
								"east": {"uv": [5, 27], "uv_size": [2, 10]},
								"south": {"uv": [37, 10], "uv_size": [1, 10]},
								"west": {"uv": [27, 18], "uv_size": [2, 10]},
								"up": {"uv": [7, 29], "uv_size": [1, 2]},
								"down": {"uv": [4, 42], "uv_size": [1, -2]}
							}
						}
					]
				},
				{
					"name": "bone8",
					"parent": "bone3",
					"pivot": [-3, 20, 0],
					"rotation": [0, 0, -30],
					"cubes": [
						{
							"origin": [-4.42262, 20.09369, -2],
							"size": [2, 5, 3],
							"pivot": [-3, 21, 0],
							"rotation": [0, 0, -25],
							"uv": {
								"north": {"uv": [37, 20], "uv_size": [2, 5]},
								"east": {"uv": [31, 20], "uv_size": [3, 5]},
								"south": {"uv": [23, 37], "uv_size": [2, 5]},
								"west": {"uv": [33, 30], "uv_size": [3, 5]},
								"up": {"uv": [40, 8], "uv_size": [2, 3]},
								"down": {"uv": [40, 14], "uv_size": [2, -3]}
							}
						}
					]
				},
				{
					"name": "bone17",
					"parent": "bone8",
					"pivot": [-3, 21, 0],
					"cubes": [
						{
							"origin": [-5, 21, -2],
							"size": [1, 2, 2],
							"pivot": [-5.5, 21, -1],
							"rotation": [0, 0, -22.5],
							"uv": {
								"north": {"uv": [40, 36], "uv_size": [1, 2]},
								"east": {"uv": [40, 32], "uv_size": [2, 2]},
								"south": {"uv": [37, 40], "uv_size": [1, 2]},
								"west": {"uv": [33, 40], "uv_size": [2, 2]},
								"up": {"uv": [40, 38], "uv_size": [1, 2]},
								"down": {"uv": [39, 42], "uv_size": [1, -2]}
							}
						}
					]
				},
				{
					"name": "bone9",
					"parent": "bone8",
					"pivot": [-4, 24, 0],
					"cubes": [
						{
							"origin": [-6.38268, 25.07612, -2],
							"size": [2, 5, 3],
							"pivot": [-4, 25, 0],
							"rotation": [0, 0, -25],
							"uv": {
								"north": {"uv": [25, 37], "uv_size": [2, 5]},
								"east": {"uv": [34, 10], "uv_size": [3, 5]},
								"south": {"uv": [38, 10], "uv_size": [2, 5]},
								"west": {"uv": [34, 15], "uv_size": [3, 5]},
								"up": {"uv": [40, 14], "uv_size": [2, 3]},
								"down": {"uv": [40, 20], "uv_size": [2, -3]}
							}
						}
					]
				},
				{
					"name": "bone10",
					"parent": "bone9",
					"pivot": [-6, 28, 0],
					"cubes": [
						{
							"origin": [-8, 29, -1],
							"size": [1, 9, 2],
							"pivot": [-6.5, 29.5, 0],
							"rotation": [0, 0, -22.5],
							"uv": {
								"north": {"uv": [39, 0], "uv_size": [1, 9]},
								"east": {"uv": [19, 29], "uv_size": [2, 9]},
								"south": {"uv": [39, 20], "uv_size": [1, 9]},
								"west": {"uv": [21, 29], "uv_size": [2, 9]},
								"up": {"uv": [40, 40], "uv_size": [1, 2]},
								"down": {"uv": [7, 43], "uv_size": [1, -2]}
							}
						}
					]
				},
				{
					"name": "bone5",
					"parent": "bone3",
					"pivot": [0, 19, -4],
					"rotation": [35, 0, 0],
					"cubes": [
						{
							"origin": [-1, 20.06815, -5.51764],
							"size": [3, 5, 2],
							"pivot": [0, 21, -4],
							"rotation": [15, 0, 0],
							"uv": {
								"north": {"uv": [34, 20], "uv_size": [3, 5]},
								"east": {"uv": [38, 15], "uv_size": [2, 5]},
								"south": {"uv": [0, 35], "uv_size": [3, 5]},
								"west": {"uv": [17, 38], "uv_size": [2, 5]},
								"up": {"uv": [40, 20], "uv_size": [3, 2]},
								"down": {"uv": [40, 24], "uv_size": [3, -2]}
							}
						}
					]
				},
				{
					"name": "bone20",
					"parent": "bone5",
					"pivot": [0, 21, -4],
					"cubes": [
						{
							"origin": [0, 21, -6],
							"size": [2, 2, 1],
							"pivot": [0.5, 21.5, -5.5],
							"rotation": [10, 0, 0],
							"uv": {
								"north": {"uv": [40, 34], "uv_size": [2, 2]},
								"east": {"uv": [8, 41], "uv_size": [1, 2]},
								"south": {"uv": [35, 40], "uv_size": [2, 2]},
								"west": {"uv": [9, 41], "uv_size": [1, 2]},
								"up": {"uv": [35, 3], "uv_size": [2, 1]},
								"down": {"uv": [40, 29], "uv_size": [2, -1]}
							}
						}
					]
				},
				{
					"name": "bone6",
					"parent": "bone5",
					"pivot": [0, 24, -5],
					"cubes": [
						{
							"origin": [-1, 25, -6],
							"size": [3, 5, 2],
							"pivot": [0, 24, -5],
							"rotation": [17.5, 0, 0],
							"uv": {
								"north": {"uv": [27, 35], "uv_size": [3, 5]},
								"east": {"uv": [19, 38], "uv_size": [2, 5]},
								"south": {"uv": [30, 35], "uv_size": [3, 5]},
								"west": {"uv": [21, 38], "uv_size": [2, 5]},
								"up": {"uv": [40, 24], "uv_size": [3, 2]},
								"down": {"uv": [40, 28], "uv_size": [3, -2]}
							}
						}
					]
				},
				{
					"name": "bone7",
					"parent": "bone6",
					"pivot": [0, 29, -6],
					"cubes": [
						{
							"origin": [-1, 30, -7],
							"size": [2, 8, 1],
							"pivot": [0, 30, -6.5],
							"rotation": [15, 0, 0],
							"uv": {
								"north": {"uv": [23, 29], "uv_size": [2, 8]},
								"east": {"uv": [39, 32], "uv_size": [1, 8]},
								"south": {"uv": [25, 29], "uv_size": [2, 8]},
								"west": {"uv": [0, 40], "uv_size": [1, 8]},
								"up": {"uv": [10, 41], "uv_size": [2, 1]},
								"down": {"uv": [12, 42], "uv_size": [2, -1]}
							}
						}
					]
				},
				{
					"name": "bone4",
					"parent": "bone3",
					"pivot": [1, 19, 0],
					"cubes": [
						{
							"origin": [-1, 19, -2],
							"size": [3, 5, 3],
							"uv": {
								"north": {"uv": [33, 35], "uv_size": [3, 5]},
								"east": {"uv": [7, 36], "uv_size": [3, 5]},
								"south": {"uv": [10, 36], "uv_size": [3, 5]},
								"west": {"uv": [13, 36], "uv_size": [3, 5]},
								"up": {"uv": [34, 0], "uv_size": [3, 3]},
								"down": {"uv": [39, 32], "uv_size": [3, -3]}
							}
						}
					]
				}
			]
		}
	]
}