{
	"format_version": "1.12.0",
	"minecraft:geometry": [
		{
			"description": {
				"identifier": "geometry.bolster",
				"texture_width": 128,
				"texture_height": 110,
				"visible_bounds_width": 4,
				"visible_bounds_height": 5,
				"visible_bounds_offset": [0, 1.5, 0]
			},
			"bones": [
				{
					"name": "bone",
					"pivot": [0, 10, 0],
					"rotation": [-180, 0, 180],
					"cubes": [
						{"origin": [-5, 8, -5], "size": [9, 2, 9], "uv": [60, 18]}
					]
				},
				{
					"name": "bone11",
					"parent": "bone",
					"pivot": [0, 10, 0],
					"cubes": [
						{"origin": [-6, 10, -6], "size": [11, 2, 11], "uv": [46, 78]}
					]
				},
				{
					"name": "bone12",
					"parent": "bone11",
					"pivot": [0, 12, 0],
					"cubes": [
						{"origin": [-7, 12, -7], "size": [13, 3, 13], "uv": [0, 57]}
					]
				},
				{
					"name": "bone13",
					"parent": "bone12",
					"pivot": [0, 15, 0],
					"cubes": [
						{"origin": [-8, 15, -8], "size": [15, 4, 15], "uv": [44, 33]}
					]
				},
				{
					"name": "bone33",
					"parent": "bone13",
					"pivot": [-8, 17, -5],
					"cubes": [
						{"origin": [-13, 16, -7], "size": [5, 3, 3], "pivot": [-8, 17, -5], "rotation": [1.38552, -0.22212, 32.2965], "uv": [62, 67]}
					]
				},
				{
					"name": "bone34",
					"parent": "bone33",
					"pivot": [-12, 19, -5],
					"cubes": [
						{"origin": [-23, 19, -7], "size": [11, 2, 3], "pivot": [-12, 19, -5], "rotation": [0, 0, 47.5], "uv": [3, 9]}
					]
				},
				{
					"name": "bone35",
					"parent": "bone34",
					"pivot": [-19, 27, -5],
					"cubes": [
						{"origin": [-19, 27, -7], "size": [2, 7, 3], "pivot": [-19, 27, -5], "rotation": [0, 0, 12.5], "uv": [0, 8]}
					]
				},
				{
					"name": "bone20",
					"parent": "bone13",
					"pivot": [7, 17, -5],
					"cubes": [
						{"origin": [7, 16, -6], "size": [5, 3, 3], "pivot": [7, 17, -5], "rotation": [0, 0, -10], "uv": [67, 47]}
					]
				},
				{
					"name": "bone21",
					"parent": "bone20",
					"pivot": [11, 18, -5],
					"cubes": [
						{"origin": [12, 17, -6], "size": [10, 2, 3], "pivot": [11, 18, -5], "rotation": [0, 0, -50], "uv": [4, 9]}
					]
				},
				{
					"name": "bone23",
					"parent": "bone21",
					"pivot": [17, 26, -4],
					"cubes": [
						{"origin": [17, 26, -6], "size": [2, 6, 3], "pivot": [17, 26, -4], "rotation": [0, 0, -17.5], "uv": [11, 3]}
					]
				},
				{
					"name": "bone22",
					"parent": "bone21",
					"pivot": [11, 18, -5]
				},
				{
					"name": "bone14",
					"parent": "bone13",
					"pivot": [0, 19, 0],
					"cubes": [
						{"origin": [-9, 19, -9], "size": [17, 4, 17], "uv": [41, 31]}
					]
				},
				{
					"name": "bone36",
					"parent": "bone14",
					"pivot": [-9, 21, 5],
					"cubes": [
						{"origin": [-16, 19, 3], "size": [7, 3, 3], "pivot": [-9, 21, 5], "rotation": [0, 0, 27.5], "uv": [70, 46]}
					]
				},
				{
					"name": "bone37",
					"parent": "bone36",
					"pivot": [-15, 24, 5],
					"cubes": [
						{"origin": [-17, 24, 3], "size": [2, 9, 3], "pivot": [-15, 24, 5], "rotation": [0, 0, -30], "uv": [10, 0]}
					]
				},
				{
					"name": "bone38",
					"parent": "bone37",
					"pivot": [-20, 31, 5],
					"cubes": [
						{"origin": [-21, 31, 3], "size": [2, 6, 3], "pivot": [-20, 31, 5], "rotation": [0, 0, 30], "uv": [48, 0]}
					]
				},
				{
					"name": "bone24",
					"parent": "bone14",
					"pivot": [8, 21, 5],
					"cubes": [
						{"origin": [8, 19, 3], "size": [6, 3, 4], "pivot": [8, 21, 5], "rotation": [0, 0, -25], "uv": [46, 46]}
					]
				},
				{
					"name": "bone25",
					"parent": "bone24",
					"pivot": [13, 24, 5]
				},
				{
					"name": "bone26",
					"parent": "bone25",
					"pivot": [13, 24, 5],
					"cubes": [
						{"origin": [13, 24, 3], "size": [3, 9, 3], "pivot": [13, 24, 5], "rotation": [0, 0, 35], "uv": [10, 0]}
					]
				},
				{
					"name": "bone28",
					"parent": "bone26",
					"pivot": [18, 31, 5],
					"cubes": [
						{"origin": [18, 29, 3], "size": [3, 7, 3], "pivot": [18, 31, 5], "rotation": [0, 0, -27.5], "uv": [11, 0]}
					]
				},
				{
					"name": "bone27",
					"parent": "bone26",
					"pivot": [13, 30, 5]
				},
				{
					"name": "bone15",
					"parent": "bone14",
					"pivot": [0, 23, 0],
					"cubes": [
						{"origin": [-8, 23, -8], "size": [15, 2, 15], "uv": [0, 55]}
					]
				},
				{
					"name": "bone16",
					"parent": "bone15",
					"pivot": [0, 25, 0],
					"cubes": [
						{"origin": [-7, 25, -7], "size": [13, 7, 13], "uv": [49, 33]}
					]
				},
				{
					"name": "bone17",
					"parent": "bone16",
					"pivot": [0, 32, 0],
					"cubes": [
						{"origin": [-8, 32, -8], "size": [15, 6, 15], "uv": [42, 32]}
					]
				},
				{
					"name": "bone39",
					"parent": "bone17",
					"pivot": [-8, 34, 0],
					"cubes": [
						{"origin": [-13, 33, -2], "size": [5, 2, 3], "pivot": [-8, 34, 0], "rotation": [0, 0, 37.5], "uv": [18, 68]}
					]
				},
				{
					"name": "bone40",
					"parent": "bone39",
					"pivot": [-12, 38, 0],
					"cubes": [
						{"origin": [-13, 37, -2], "size": [2, 5, 3], "pivot": [-12, 38, 0], "rotation": [0, 0, -17.5], "uv": [13, 0]}
					]
				},
				{
					"name": "bone41",
					"parent": "bone40",
					"pivot": [-14, 41, 0],
					"cubes": [
						{"origin": [-14, 41, -2], "size": [2, 7, 3], "pivot": [-14, 41, 0], "rotation": [0, 0, -10], "uv": [12, 1]}
					]
				},
				{
					"name": "bone29",
					"parent": "bone17",
					"pivot": [7, 34, -2],
					"cubes": [
						{"origin": [7, 34, -3], "size": [6, 3, 3], "pivot": [7, 34, -2], "rotation": [0, 0, -27.5], "uv": [44, 89]}
					]
				},
				{
					"name": "bone31",
					"parent": "bone29",
					"pivot": [12, 37, -2],
					"cubes": [
						{"origin": [12, 37, -3], "size": [4, 2, 3], "pivot": [12, 37, -2], "rotation": [0, 0, -37.5], "uv": [10, 7]}
					]
				},
				{
					"name": "bone32",
					"parent": "bone31",
					"pivot": [14, 39, -2],
					"cubes": [
						{"origin": [13, 40, -3], "size": [2, 8, 3], "pivot": [14, 39, -2], "rotation": [0, 0, 12.5], "uv": [52, 0]}
					]
				},
				{
					"name": "bone30",
					"parent": "bone29",
					"pivot": [7, 38, -2]
				},
				{
					"name": "bone18",
					"parent": "bone17",
					"pivot": [0, 38, 0],
					"cubes": [
						{"origin": [-7, 38, -7], "size": [13, 3, 13], "uv": [1, 57]}
					]
				},
				{
					"name": "bone19",
					"parent": "bone18",
					"pivot": [0, 41, 0],
					"cubes": [
						{"origin": [-6, 41, -6], "size": [11, 1, 11], "uv": [50, 36]}
					]
				},
				{
					"name": "bone9",
					"parent": "bone",
					"pivot": [3, 9, -5],
					"cubes": [
						{"origin": [1, 7, -12], "size": [3, 2, 7], "pivot": [3, 9, -5], "rotation": [-18.11321, -33.64409, 10.27206], "uv": [5, 4]}
					]
				},
				{
					"name": "bone10",
					"parent": "bone9",
					"pivot": [6, 10, -11],
					"cubes": [
						{"origin": [6, 0, -12], "size": [2, 10, 3], "uv": [11, 0]}
					]
				},
				{
					"name": "bone7",
					"parent": "bone",
					"pivot": [-4, 9, -5],
					"cubes": [
						{"origin": [-5, 7, -11], "size": [3, 2, 6], "pivot": [-4, 9, -5], "rotation": [-19.18246, 23.7695, -7.98205], "uv": [7, 4]}
					]
				},
				{
					"name": "bone8",
					"parent": "bone7",
					"pivot": [-6, 10, -10],
					"cubes": [
						{"origin": [-7, 0, -11], "size": [3, 10, 3], "uv": [11, 1]}
					]
				},
				{
					"name": "bone6",
					"parent": "bone",
					"pivot": [-5, 9, -4]
				},
				{
					"name": "bone4",
					"parent": "bone",
					"pivot": [3, 9, 4],
					"cubes": [
						{"origin": [1, 7, 4], "size": [3, 2, 7], "pivot": [3, 9, 4], "rotation": [17.5, 32.5, 0], "uv": [6, 4]}
					]
				},
				{
					"name": "bone5",
					"parent": "bone4",
					"pivot": [6, 10, 9],
					"cubes": [
						{"origin": [5, 0, 9], "size": [3, 11, 2], "uv": [13, 0]}
					]
				},
				{
					"name": "bone2",
					"parent": "bone",
					"pivot": [-3, 9, 4],
					"cubes": [
						{"origin": [-5, 7, 4], "size": [3, 2, 6], "pivot": [-3, 9, 4], "rotation": [9.57831, -41.97899, 4.64731], "uv": [47, 2]}
					]
				},
				{
					"name": "bone3",
					"parent": "bone2",
					"pivot": [-7, 10, 8],
					"cubes": [
						{"origin": [-8, 0, 7], "size": [3, 10, 3], "uv": [10, 0]}
					]
				}
			]
		}
	]
}