{
	"format_version": "1.12.0",
	"minecraft:geometry": [
		{
			"description": {
				"identifier": "geometry.host",
				"texture_width": 128,
				"texture_height": 128,
				"visible_bounds_width": 4,
				"visible_bounds_height": 3029,
				"visible_bounds_offset": [0, -1510.5, 0]
			},
			"bones": [
				{
					"name": "bone",
					"pivot": [0, 0, 0],
					"cubes": [
						{"origin": [-4, 2, 3], "size": [0, 1, 3], "pivot": [0, 0, 0], "rotation": [2.5, 10, 0], "uv": [54, 6]},
						{"origin": [-4, 0, 3], "size": [3, 3, 1], "pivot": [0, 0, 0], "rotation": [20, 10, 0], "uv": [36, 16]},
						{"origin": [6, 2, 1], "size": [0, 1, 3], "pivot": [0, 0, 0], "rotation": [13.89474, -79.69532, -14.1135], "uv": [50, 31]},
						{"origin": [-1, 2, 3], "size": [0, 1, 3], "pivot": [0, 0, 0], "rotation": [2.5, 10, 0], "uv": [44, 31]},
						{"origin": [-4, 1, 4], "size": [3, 3, 3], "pivot": [0, 0, 0], "rotation": [37.82189, 8.47237, 2.00504], "uv": [21, 74]},
						{"origin": [6, 3, 3], "size": [0, 1, 1], "pivot": [0, 0, 0], "rotation": [13.89474, -79.69532, -14.1135], "uv": [0, 20]},
						{"origin": [-1, 3, 4], "size": [0, 1, 1], "pivot": [0, 0, 0], "rotation": [2.5, 10, 0], "uv": [3, 8]},
						{"origin": [-4, 3, 4], "size": [0, 1, 1], "pivot": [0, 0, 0], "rotation": [2.5, 10, 0], "uv": [2, 0]},
						{"origin": [6, 3, 1], "size": [0, 1, 1], "pivot": [0, 0, 0], "rotation": [13.89474, -79.69532, -14.1135], "uv": [0, 0]}
					]
				},
				{
					"name": "Black",
					"pivot": [0, 0, 0],
					"cubes": [
						{"origin": [-6, 0, 0], "size": [1, 2, 7], "pivot": [0, 0, 0], "rotation": [0, -12.5, 0], "uv": [0, 60]},
						{"origin": [-6, 0, 3], "size": [4, 2, 8], "pivot": [0, 0, 0], "rotation": [0, -52.5, 0], "uv": [36, 15]},
						{"origin": [-6, 0, -2], "size": [12, 4, 5], "pivot": [0, 0, 0], "rotation": [0, -2.5, 0], "uv": [0, 0]},
						{"origin": [-6, 0, -5], "size": [12, 3, 5], "pivot": [0, 0, 0], "rotation": [0, -2.5, 0], "uv": [0, 9]},
						{"origin": [-5, 3, -1], "size": [5, 11, 5], "pivot": [0, 0, 0], "rotation": [5.98154, -5.17521, 22.39332], "uv": [0, 27]},
						{"origin": [-10, 9, -2], "size": [5, 10, 5], "pivot": [0, 0, 0], "rotation": [-51.41635, -56.56651, 49.46872], "uv": [34, 0]},
						{"origin": [-5, 3, -1], "size": [5, 7, 5], "pivot": [0, 0, 0], "rotation": [7.5, -2.5, 0], "uv": [0, 48]},
						{"origin": [-5, -9, 5], "size": [7, 2, 5], "pivot": [0, 0, 0], "rotation": [152.5, -2.5, 0], "uv": [52, 10]},
						{"origin": [-5, -17, 1], "size": [7, 6, 5], "pivot": [0, 0, 0], "rotation": [-180, -2.5, 0], "uv": [20, 29]},
						{"origin": [-5, 3, -1], "size": [7, 5, 3], "pivot": [0, 0, 0], "rotation": [25, -2.5, 0], "uv": [54, 32]},
						{"origin": [3, 2, 1], "size": [3, 0, 3], "pivot": [0, 0, 0], "rotation": [13.89474, -79.69532, -14.1135], "uv": [19, 22]},
						{"origin": [-8, 2, 1], "size": [2, 1, 1], "pivot": [0, 0, 0], "rotation": [4.96212, -9.38033, 16.92845], "uv": [61, 20]},
						{"origin": [6, 2, 1], "size": [0, 0, 3], "pivot": [0, 0, 0], "rotation": [13.89474, -79.69532, -14.1135], "uv": [0, 0]},
						{"origin": [3, 0, -4], "size": [8, 2, 5], "pivot": [0, 0, 0], "rotation": [0, -57.5, 0], "uv": [41, 25]},
						{"origin": [-5, 3, 0], "size": [5, 1, 2], "pivot": [0, 0, 0], "rotation": [-5, -2.5, 0], "uv": [0, 45]},
						{"origin": [-10, 26, 3], "size": [5, 8, 5], "pivot": [0, 0, 0], "rotation": [-100.59346, -64.01351, 104.93406], "uv": [39, 35]},
						{"origin": [-12, 18, -1], "size": [5, 8, 5], "pivot": [0, 0, 0], "rotation": [-51.41635, -56.56651, 49.46872], "uv": [15, 40]},
						{"origin": [-3, 0, -2], "size": [7, 2, 8], "pivot": [0, 0, 0], "rotation": [0, -50, 0], "uv": [0, 17]},
						{"origin": [0, 0, -2], "size": [8, 2, 5], "pivot": [0, 0, 0], "rotation": [0, 47.5, 0], "uv": [30, 48]}
					]
				},
				{
					"name": "bone2",
					"pivot": [0, 0, 0],
					"cubes": [
						{"origin": [-2, 4, -7], "size": [3, 3, 4], "pivot": [0, 0, 0], "rotation": [-13.96793, -50.3939, -0.27725], "uv": [71, 5]},
						{"origin": [-2, 3, -5], "size": [3, 1, 2], "pivot": [0, 0, 0], "rotation": [-13.96793, -50.3939, -0.27725], "uv": [28, 55]},
						{"origin": [-2, 3, -9], "size": [1, 1, 6], "pivot": [0, 0, 0], "rotation": [-70.87644, -67.68595, 49.49089], "uv": [39, 70]},
						{"origin": [-2, 1, -4], "size": [0, 2, 2], "pivot": [0, 0, 0], "rotation": [-13.96793, -50.3939, -0.27725], "uv": [0, 0]},
						{"origin": [1, 2, -6], "size": [0, 1, 2], "pivot": [0, 0, 0], "rotation": [-13.96793, -50.3939, -0.27725], "uv": [0, 11]},
						{"origin": [-2, 2, -6], "size": [0, 1, 2], "pivot": [0, 0, 0], "rotation": [-13.96793, -50.3939, -0.27725], "uv": [0, 2]}
					]
				},
				{
					"name": "b",
					"pivot": [-4.33008, 9.78751, -2.68282],
					"cubes": [
						{"origin": [-4, 7, 4], "size": [2, 2, 7], "pivot": [0, 0, 0], "rotation": [20, -2.5, 0], "uv": [52, 41]},
						{"origin": [-4, -3, 13], "size": [2, 3, 5], "pivot": [0, 0, 0], "rotation": [65, -2.5, 0], "uv": [0, 69]},
						{"origin": [-4, -11, 14], "size": [2, 2, 6], "pivot": [0, 0, 0], "rotation": [95, -2.5, 0], "uv": [10, 64]},
						{"origin": [-4, -14, 17], "size": [2, 1, 4], "pivot": [0, 0, 0], "rotation": [105, -2.5, 0], "uv": [55, 59]}
					]
				},
				{
					"name": "B2",
					"pivot": [0.28089, 2.78311, -8.53955],
					"cubes": [
						{"origin": [-2, 1, 19], "size": [1, 1, 7], "pivot": [0, 0, 0], "rotation": [-88.77713, -86.70386, 131.22304], "uv": [19, 66]},
						{"origin": [-2, -12, 10], "size": [1, 2, 7], "pivot": [0, 0, 0], "rotation": [-51.27713, -86.70386, 131.22304], "uv": [60, 59]},
						{"origin": [-2, -6, 5], "size": [3, 2, 10], "pivot": [0, 0, 0], "rotation": [-127.5, -87.5, -180], "uv": [20, 17]},
						{"origin": [-2, -2, 5], "size": [2, 1, 5], "pivot": [0, 0, 0], "rotation": [-150, -87.5, 180], "uv": [69, 60]}
					]
				},
				{
					"name": "B3",
					"pivot": [0, 0, 0],
					"cubes": [
						{"origin": [3, 8, 9], "size": [1, 3, 1], "pivot": [0, 0, 0], "rotation": [36.77809, -40.53233, -48.99627], "uv": [0, 27]},
						{"origin": [-3, 6, 9], "size": [1, 3, 1], "pivot": [0, 0, 0], "rotation": [-6.48009, -52.21677, 8.17831], "uv": [29, 0]},
						{"origin": [-6, 1, 9], "size": [1, 3, 1], "pivot": [0, 0, 0], "rotation": [-39.95281, -37.42655, 54.03935], "uv": [29, 9]},
						{"origin": [-4, 2, 9], "size": [1, 3, 1], "pivot": [0, 0, 0], "rotation": [0, -52.5, 0], "uv": [35, 0]}
					]
				},
				{
					"name": "B4",
					"pivot": [0, 0, 0],
					"cubes": [
						{"origin": [7, -9, 5], "size": [2, 1, 1], "pivot": [0, 0, 0], "rotation": [48.04773, 20.53354, -53.50449], "uv": [24, 64]},
						{"origin": [8, -8, 0], "size": [2, 1, 1], "pivot": [0, 0, 0], "rotation": [54.6408, -2.67174, -67.25316], "uv": [60, 64]},
						{"origin": [6, -8, -1], "size": [2, 1, 1], "pivot": [0, 0, 0], "rotation": [55.16005, -6.9884, -73.40975], "uv": [67, 30]},
						{"origin": [3, -8, -2], "size": [3, 1, 1], "pivot": [0, 0, 0], "rotation": [56.5934, -12.60837, -81.80748], "uv": [28, 58]}
					]
				},
				{
					"name": "B5",
					"pivot": [4.99255, 13.81417, 3.47056],
					"cubes": [
						{"origin": [-10, 7, -3], "size": [2, 7, 2], "pivot": [0, 0, 0], "rotation": [2.25853, -7.57582, 55.01433], "uv": [33, 75]},
						{"origin": [-8, 15, -3], "size": [3, 7, 2], "pivot": [0, 0, 0], "rotation": [3.54512, -7.06826, 44.94486], "uv": [53, 72]},
						{"origin": [-1, 22, -3], "size": [2, 7, 2], "pivot": [0, 0, 0], "rotation": [5.50873, -5.67605, 27.39059], "uv": [74, 30]},
						{"origin": [-10, 26, -4], "size": [1, 7, 1], "pivot": [0, 0, 0], "rotation": [3.21047, 2.76823, 48.02167], "uv": [35, 40]}
					]
				},
				{
					"name": "shs",
					"pivot": [0, 0, 0],
					"cubes": [
						{"origin": [-1, -8, 2], "size": [1, 1, 6], "pivot": [0, 0, 0], "rotation": [179.66855, -27.46202, -13.76732], "uv": [69, 53]}
					]
				},
				{
					"name": "b6",
					"pivot": [1.6579, 6.31361, 0.69754],
					"cubes": [
						{"origin": [-1, 6, -2], "size": [1, 1, 4], "pivot": [0, 0, 0], "rotation": [27.24868, -22.7554, -10.10076], "uv": [49, 0]},
						{"origin": [-1, 5, -6], "size": [1, 1, 2], "pivot": [0, 0, 0], "rotation": [7.24868, -22.7554, -10.10076], "uv": [20, 67]},
						{"origin": [-1, 0, -10], "size": [1, 1, 2], "pivot": [0, 0, 0], "rotation": [-33.47554, -23.32344, -8.74165], "uv": [20, 64]},
						{"origin": [-1, 6, -12], "size": [1, 1, 2], "pivot": [0, 0, 0], "rotation": [-5.97554, -23.32344, -8.74165], "uv": [61, 17]},
						{"origin": [-1, -3, -12], "size": [1, 1, 3], "pivot": [0, 0, 0], "rotation": [-50.97554, -23.32344, -8.74165], "uv": [0, 21]}
					]
				},
				{
					"name": "bone3",
					"pivot": [0, 0, 0],
					"cubes": [
						{"origin": [-5, 8, -6], "size": [1, 1, 4], "pivot": [0, 0, 0], "rotation": [25.71647, 13.33664, 7.50461], "uv": [29, 0]},
						{"origin": [-1, 8, -10], "size": [1, 1, 5], "pivot": [0, 0, 0], "rotation": [118.64939, 61.24145, 123.09664], "uv": [9, 72]},
						{"origin": [-3, 8, -7], "size": [0, 1, 3], "pivot": [0, 0, 0], "rotation": [35.78195, 43.7715, 27.66605], "uv": [39, 26]},
						{"origin": [-6, 8, -9], "size": [3, 3, 3], "pivot": [0, 0, 0], "rotation": [20.78195, 43.7715, 27.66605], "uv": [63, 73]},
						{"origin": [-6, 6, -3], "size": [3, 3, 1], "pivot": [0, 0, 0], "rotation": [48.28195, 43.7715, 27.66605], "uv": [0, 17]},
						{"origin": [-6, 7, -7], "size": [3, 1, 1], "pivot": [0, 0, 0], "rotation": [20.78195, 43.7715, 27.66605], "uv": [36, 20]},
						{"origin": [-6, 8, -7], "size": [0, 1, 3], "pivot": [0, 0, 0], "rotation": [35.78195, 43.7715, 27.66605], "uv": [36, 19]},
						{"origin": [7, 8, -6], "size": [0, 1, 3], "pivot": [0, 0, 0], "rotation": [148.60306, 35.85993, 161.49152], "uv": [30, 37]}
					]
				},
				{
					"name": "bone4",
					"pivot": [0, 0, 0],
					"cubes": [
						{"origin": [-1, -17, 7], "size": [4, 4, 4], "pivot": [0, 0, 0], "rotation": [167.77892, 59.66234, -6.26992], "uv": [63, 40]},
						{"origin": [0, -13, 7], "size": [4, 1, 1], "pivot": [0, 0, 0], "rotation": [164.15709, 66.94278, -10.31543], "uv": [20, 53]}
					]
				},
				{
					"name": "bone5",
					"pivot": [0, 0, -2],
					"cubes": [
						{"origin": [-1, -20, 1], "size": [0, 1, 5], "pivot": [0, 0, -2], "rotation": [-166.45529, -30.16254, -1.87248], "uv": [34, 10]},
						{"origin": [-1, -15, 1], "size": [0, 1, 5], "pivot": [0, 0, -2], "rotation": [168.54471, -30.16254, -1.87248], "uv": [15, 24]},
						{"origin": [-1, -19, -8], "size": [5, 8, 2], "pivot": [0, 0, -2], "rotation": [-141.45529, -30.16254, -1.87248], "uv": [31, 63]},
						{"origin": [-1, -23, 6], "size": [5, 4, 5], "pivot": [0, 0, -2], "rotation": [178.54471, -30.16254, -1.87248], "uv": [54, 0]},
						{"origin": [-1, -19, 6], "size": [5, 2, 1], "pivot": [0, 0, -2], "rotation": [178.54471, -30.16254, -1.87248], "uv": [71, 12]},
						{"origin": [4, -20, 0], "size": [0, 1, 5], "pivot": [0, 0, -2], "rotation": [-163.95529, -30.16254, -1.87248], "uv": [15, 25]},
						{"origin": [7, -20, -5], "size": [0, 1, 5], "pivot": [0, 0, -2], "rotation": [-157.06443, 56.19378, 27.91304], "uv": [15, 26]},
						{"origin": [1, -15, 8], "size": [1, 1, 5], "pivot": [0, 0, -2], "rotation": [169.73907, -15.42731, -4.92915], "uv": [71, 67]}
					]
				},
				{
					"name": "bone6",
					"pivot": [4, -1, -2],
					"rotation": [0, 40, 0],
					"cubes": [
						{"origin": [-13, 19, -3], "size": [6, 2, 0], "pivot": [4, -1, -2], "rotation": [-39.84567, -47.76314, 34.89072], "uv": [75, 39]},
						{"origin": [-13, 19, 2], "size": [6, 2, 0], "pivot": [4, -1, -2], "rotation": [-39.84567, -47.76314, 34.89072], "uv": [72, 73]},
						{"origin": [-13, 18, -3], "size": [4, 3, 5], "pivot": [4, -1, -2], "rotation": [-45.41605, -42.67367, 42.72477], "uv": [33, 55]},
						{"origin": [-20, 16, -3], "size": [6, 4, 5], "pivot": [4, -1, -2], "rotation": [-51.889, -33.2585, 53.19302], "uv": [51, 50]},
						{"origin": [-12, 18, -3], "size": [3, 0, 5], "pivot": [4, -1, -2], "rotation": [-45.41605, -42.67367, 42.72477], "uv": [17, 17]},
						{"origin": [-1, 20, -17], "size": [5, 2, 0], "pivot": [4, -1, -2], "rotation": [-24.05588, 29.3927, -10.99222], "uv": [36, 25]}
					]
				},
				{
					"name": "Shs2",
					"pivot": [0, 0, 0],
					"cubes": [
						{"origin": [-4, 4, 6], "size": [1, 1, 6], "pivot": [0, 0, 0], "rotation": [38.65985, 14.7149, 24.50513], "uv": [69, 17]}
					]
				},
				{
					"name": "B7",
					"pivot": [0.08759, 19.26181, 1.02592],
					"cubes": [
						{"origin": [4, -16, 0], "size": [7, 2, 2], "pivot": [0, 0, 0], "rotation": [-163.63548, -34.22348, -27.56928], "uv": [69, 0]},
						{"origin": [22, -9, 0], "size": [7, 2, 2], "pivot": [0, 0, 0], "rotation": [-150.50174, -24.28484, -53.98381], "uv": [58, 68]},
						{"origin": [27, -12, 0], "size": [7, 1, 1], "pivot": [0, 0, 0], "rotation": [-143.34045, -30.00222, -48.14605], "uv": [39, 32]},
						{"origin": [14, -13, 0], "size": [7, 3, 2], "pivot": [0, 0, 0], "rotation": [-154.96182, -28.87909, -44.04461], "uv": [62, 25]}
					]
				},
				{
					"name": "Shs3",
					"pivot": [0, 0, 0],
					"cubes": [
						{"origin": [3, 23, -9], "size": [9, 1, 1], "pivot": [0, 0, 0], "rotation": [-16.4715, -34.5709, -15.39036], "uv": [0, 43]}
					]
				},
				{
					"name": "Shs4",
					"pivot": [0, 0, 0],
					"cubes": [
						{"origin": [-10, 24, 17], "size": [1, 1, 7], "pivot": [0, 0, 0], "rotation": [-23.91635, -56.56651, 49.46872], "uv": [60, 17]}
					]
				},
				{
					"name": "B8",
					"pivot": [-10.89027, 33.24142, -2.00534],
					"cubes": [
						{"origin": [20, 39, -15], "size": [1, 6, 1], "pivot": [0, 0, 0], "rotation": [96.43018, -81.70274, -118.26067], "uv": [9, 60]},
						{"origin": [20, 36, 5], "size": [1, 6, 1], "pivot": [0, 0, 0], "rotation": [123.93018, -81.70274, -118.26067], "uv": [0, 77]},
						{"origin": [1, 36, 5], "size": [1, 6, 1], "pivot": [0, 0, 0], "rotation": [-102.93536, -68.90963, 107.48611], "uv": [4, 77]},
						{"origin": [-25, 19, 5], "size": [1, 8, 1], "pivot": [0, 0, 0], "rotation": [-95.07108, -24.31496, 97.48342], "uv": [75, 75]}
					]
				},
				{
					"name": "bone7",
					"pivot": [0, 0, 0],
					"cubes": [
						{"origin": [7, 36, 10], "size": [4, 1, 0], "pivot": [0, 0, 0], "rotation": [-139.31797, 45.60225, -147.39765], "uv": [59, 40]},
						{"origin": [-10, 36, 11], "size": [4, 1, 0], "pivot": [0, 0, 0], "rotation": [-147.44996, -32.04334, 162.33606], "uv": [60, 9]},
						{"origin": [-2, 31, 7], "size": [2, 6, 5], "pivot": [0, 0, 0], "rotation": [-151.8125, -35.84185, 170.13659], "uv": [46, 59]},
						{"origin": [-10, 36, 7], "size": [4, 1, 0], "pivot": [0, 0, 0], "rotation": [-147.44996, -32.04334, 162.33606], "uv": [43, 63]},
						{"origin": [-17, -22, 28], "size": [1, 6, 1], "pivot": [0, 0, 0], "rotation": [127.80266, 42.72164, 26.70977], "uv": [0, 60]},
						{"origin": [-9, 36, 7], "size": [2, 1, 5], "pivot": [0, 0, 0], "rotation": [-146.17469, -30.67465, 159.88595], "uv": [52, 17]},
						{"origin": [-15, -36, -19], "size": [1, 6, 1], "pivot": [0, 0, 0], "rotation": [-140.85854, 36.64577, 20.98703], "uv": [77, 15]},
						{"origin": [-27, 29, 7], "size": [4, 4, 5], "pivot": [0, 0, 0], "rotation": [-137.26009, -13.38225, 136.66371], "uv": [15, 55]}
					]
				}
			]
		}
	]
}