{
	"format_version": "1.10.0",
	"geometry.infected_skeleton": {
		"texturewidth": 64,
		"textureheight": 64,
		"visible_bounds_width": 4,
		"visible_bounds_height": 3,
		"visible_bounds_offset": [0, 1.5, 0],
		"bones": [
			{
				"name": "waist",
				"pivot": [0, 12, 0]
			},
			{
				"name": "body",
				"parent": "waist",
				"pivot": [0, 24, 0]
			},
			{
				"name": "leftArm",
				"parent": "body",
				"pivot": [5, 22, 0],
				"mirror": true
			},
			{
				"name": "bone3",
				"pivot": [0, 0, 0],
				"cubes": [
					{"origin": [-5, 0, -4], "size": [9, 1, 10], "uv": [0, 0]}
				]
			},
			{
				"name": "bone9",
				"parent": "bone3",
				"pivot": [0, 1, 0],
				"cubes": [
					{"origin": [0, 1, -1], "size": [2, 6, 3], "uv": [0, 0]}
				]
			},
			{
				"name": "bone10",
				"parent": "bone9",
				"pivot": [0, 7, 0],
				"cubes": [
					{"origin": [0, 7, -1], "size": [2, 5, 3], "uv": [45, 12]}
				]
			},
			{
				"name": "bone11",
				"parent": "bone10",
				"pivot": [0, 12, 0],
				"cubes": [
					{"origin": [-1, 12, -1], "size": [2, 5, 3], "uv": [44, 32]}
				]
			},
			{
				"name": "bone12",
				"parent": "bone11",
				"pivot": [0, 17, 0],
				"cubes": [
					{"origin": [-3, 15, -2], "size": [6, 9, 4], "uv": [24, 32]}
				]
			},
			{
				"name": "bone24",
				"parent": "bone12",
				"pivot": [0, 15, 0],
				"cubes": [
					{"origin": [-2, 12, -2], "size": [4, 3, 4], "uv": [16, 21]}
				]
			},
			{
				"name": "bone22",
				"parent": "bone12",
				"pivot": [3, 18, -1],
				"rotation": [0, 12.5, 0],
				"cubes": [
					{"origin": [3, 18, -7], "size": [1, 1, 6], "uv": [37, 14]}
				]
			},
			{
				"name": "bone21",
				"parent": "bone12",
				"pivot": [-3, 18, -1],
				"rotation": [-180, -67.5, 180],
				"cubes": [
					{"origin": [-9, 18, -1], "size": [6, 1, 1], "uv": [40, 26]}
				]
			},
			{
				"name": "bone20",
				"parent": "bone12",
				"pivot": [3, 20, 0],
				"rotation": [5.66385, 13.03071, 3.48544],
				"cubes": [
					{"origin": [3, 20, -6], "size": [1, 1, 5], "uv": [41, 1]}
				]
			},
			{
				"name": "bone19",
				"parent": "bone12",
				"pivot": [-3, 20, -2],
				"rotation": [-180, -55, 180],
				"cubes": [
					{"origin": [-8, 20, -2], "size": [5, 1, 1], "uv": [28, 6]}
				]
			},
			{
				"name": "bone18",
				"parent": "bone12",
				"pivot": [1, 17, 0],
				"cubes": [
					{"origin": [1, 11, -1], "size": [3, 6, 2], "uv": [42, 43]}
				]
			},
			{
				"name": "bone17",
				"parent": "bone12",
				"pivot": [-1, 16, 0],
				"cubes": [
					{"origin": [-3, 7, -1], "size": [1, 10, 2], "uv": [16, 42]}
				]
			},
			{
				"name": "bone23",
				"parent": "bone17",
				"pivot": [-2.5, 6.5, 0],
				"cubes": [
					{"origin": [-3, 0, -1], "size": [1, 7, 2], "uv": [0, 11]}
				]
			},
			{
				"name": "bone15",
				"parent": "bone12",
				"pivot": [0, 24, 0],
				"cubes": [
					{"origin": [-4, 24, -4], "size": [4, 8, 8], "uv": [0, 21]}
				]
			},
			{
				"name": "bone16",
				"parent": "bone15",
				"pivot": [0, 27, 0],
				"cubes": [
					{"origin": [0, 27, -3], "size": [3, 3, 6], "uv": [25, 11]}
				]
			},
			{
				"name": "bone2",
				"parent": "bone15",
				"pivot": [0, 24, 0],
				"cubes": [
					{"origin": [0, 24, -4], "size": [4, 3, 8], "uv": [24, 21]}
				]
			},
			{
				"name": "bone14",
				"parent": "bone12",
				"pivot": [-4, 24, 0],
				"rotation": [0, 0, 2.5],
				"cubes": [
					{"origin": [-6, 16, -1], "size": [2, 8, 2], "uv": [8, 42]}
				]
			},
			{
				"name": "bone13",
				"parent": "bone12",
				"pivot": [4, 24, 0],
				"rotation": [0, 0, -2.5],
				"cubes": [
					{"origin": [4, 12, -1], "size": [2, 12, 2], "uv": [0, 37]}
				]
			},
			{
				"name": "bone8",
				"parent": "bone3",
				"pivot": [3, 0, 5],
				"cubes": [
					{"origin": [2, 0, 5], "size": [4, 1, 4], "uv": [8, 37]}
				]
			},
			{
				"name": "bone7",
				"parent": "bone3",
				"pivot": [3, 0, 0],
				"cubes": [
					{"origin": [4, 0, -2], "size": [4, 1, 5], "uv": [28, 0]}
				]
			},
			{
				"name": "bone4",
				"parent": "bone3",
				"pivot": [0, 0, -3],
				"cubes": [
					{"origin": [-1, 0, -8], "size": [4, 1, 4], "uv": [37, 7]}
				]
			},
			{
				"name": "bone5",
				"parent": "bone4",
				"pivot": [-5, 0, -3],
				"cubes": [
					{"origin": [-7, 0, -6], "size": [3, 1, 4], "uv": [40, 21]}
				]
			},
			{
				"name": "bone6",
				"parent": "bone5",
				"pivot": [-5, 0, 4],
				"cubes": [
					{"origin": [-8, 0, 0], "size": [8, 1, 9], "uv": [0, 11]}
				]
			}
		]
	}
}