{
	"format_version": "1.12.0",
	"minecraft:geometry": [
		{
			"description": {
				"identifier": "geometry.infected_spider",
				"texture_width": 64,
				"texture_height": 64,
				"visible_bounds_width": 3,
				"visible_bounds_height": 4.5,
				"visible_bounds_offset": [0, 1.75, 0]
			},
			"bones": [
				{
					"name": "bone",
					"pivot": [1, 3, -1],
					"rotation": [-180, -87.5, 180],
					"cubes": [
						{
							"origin": [-4, 6, -3],
							"size": [7, 5, 7],
							"pivot": [1, 3, -1],
							"rotation": [0, 0, -7.5],
							"uv": {
								"north": {"uv": [12, 19], "uv_size": [7, 5]},
								"east": {"uv": [19, 13], "uv_size": [7, 5]},
								"south": {"uv": [19, 18], "uv_size": [7, 5]},
								"west": {"uv": [20, 0], "uv_size": [7, 5]},
								"up": {"uv": [0, 0], "uv_size": [7, 7]},
								"down": {"uv": [0, 14], "uv_size": [7, -7]}
							}
						}
					]
				},
				{
					"name": "bone26",
					"parent": "bone",
					"pivot": [-3, 7, 4],
					"cubes": [
						{
							"origin": [-4, 7, 4],
							"size": [1, 1, 8],
							"pivot": [-3, 7, 4],
							"rotation": [22.5, 0, 0],
							"uv": {
								"north": {"uv": [6, 18], "uv_size": [1, 1]},
								"east": {"uv": [38, 6], "uv_size": [8, 1]},
								"south": {"uv": [18, 24], "uv_size": [1, 1]},
								"west": {"uv": [41, 25], "uv_size": [8, 1]},
								"up": {"uv": [42, 32], "uv_size": [1, 8]},
								"down": {"uv": [33, 50], "uv_size": [1, -8]}
							}
						}
					]
				},
				{
					"name": "bone27",
					"parent": "bone26",
					"pivot": [-3, 10, 11],
					"cubes": [
						{
							"origin": [-4, 0, 11],
							"size": [1, 11, 1],
							"uv": {
								"north": {"uv": [10, 39], "uv_size": [1, 11]},
								"east": {"uv": [18, 39], "uv_size": [1, 11]},
								"south": {"uv": [19, 39], "uv_size": [1, 11]},
								"west": {"uv": [25, 39], "uv_size": [1, 11]},
								"up": {"uv": [25, 10], "uv_size": [1, 1]},
								"down": {"uv": [11, 26], "uv_size": [1, -1]}
							}
						}
					]
				},
				{
					"name": "bone24",
					"parent": "bone",
					"pivot": [-4, 8, -3],
					"cubes": [
						{
							"origin": [-4, 0, -4],
							"size": [1, 9, 1],
							"pivot": [-4, 8, -3],
							"rotation": [-100.00706, 2.4786, -0.32652],
							"uv": {
								"north": {"uv": [17, 29], "uv_size": [1, 9]},
								"east": {"uv": [30, 42], "uv_size": [1, 9]},
								"south": {"uv": [31, 42], "uv_size": [1, 9]},
								"west": {"uv": [32, 42], "uv_size": [1, 9]},
								"up": {"uv": [6, 14], "uv_size": [1, 1]},
								"down": {"uv": [6, 16], "uv_size": [1, -1]}
							}
						}
					]
				},
				{
					"name": "bone25",
					"parent": "bone24",
					"pivot": [-4, 9, -10],
					"cubes": [
						{
							"origin": [-4, 0, -11],
							"size": [1, 10, 1],
							"uv": {
								"north": {"uv": [26, 39], "uv_size": [1, 10]},
								"east": {"uv": [13, 42], "uv_size": [1, 10]},
								"south": {"uv": [14, 42], "uv_size": [1, 10]},
								"west": {"uv": [15, 42], "uv_size": [1, 10]},
								"up": {"uv": [6, 16], "uv_size": [1, 1]},
								"down": {"uv": [6, 18], "uv_size": [1, -1]}
							}
						}
					]
				},
				{
					"name": "bone2",
					"parent": "bone",
					"pivot": [-5, 7, 1],
					"cubes": [
						{
							"origin": [-10, 5, -3],
							"size": [6, 6, 7],
							"pivot": [-5, 7, 1],
							"rotation": [0, 0, 5],
							"uv": {
								"north": {"uv": [6, 19], "uv_size": [6, 6]},
								"east": {"uv": [7, 0], "uv_size": [7, 6]},
								"south": {"uv": [19, 7], "uv_size": [6, 6]},
								"west": {"uv": [7, 6], "uv_size": [7, 6]},
								"up": {"uv": [7, 12], "uv_size": [6, 7]},
								"down": {"uv": [13, 19], "uv_size": [6, -7]}
							}
						}
					]
				},
				{
					"name": "bone18",
					"parent": "bone2",
					"pivot": [-4, 11, 0],
					"cubes": [
						{
							"origin": [-10, 11, -3],
							"size": [6, 2, 7],
							"pivot": [-4, 11, 0],
							"rotation": [0, 0, 40],
							"uv": {
								"north": {"uv": [38, 27], "uv_size": [6, 2]},
								"east": {"uv": [37, 16], "uv_size": [7, 2]},
								"south": {"uv": [39, 18], "uv_size": [6, 2]},
								"west": {"uv": [38, 0], "uv_size": [7, 2]},
								"up": {"uv": [0, 14], "uv_size": [6, 7]},
								"down": {"uv": [14, 7], "uv_size": [6, -7]}
							}
						}
					]
				},
				{
					"name": "bone3",
					"parent": "bone2",
					"pivot": [-5, 9, 1]
				},
				{
					"name": "bone9",
					"parent": "bone",
					"pivot": [-1, 10, 3],
					"cubes": [
						{
							"origin": [-3, 10, 2],
							"size": [3, 8, 2],
							"pivot": [-1, 10, 3],
							"rotation": [-47.5, 0, 0],
							"uv": {
								"north": {"uv": [25, 23], "uv_size": [3, 8]},
								"east": {"uv": [25, 31], "uv_size": [2, 8]},
								"south": {"uv": [0, 26], "uv_size": [3, 8]},
								"west": {"uv": [32, 0], "uv_size": [2, 8]},
								"up": {"uv": [20, 5], "uv_size": [3, 2]},
								"down": {"uv": [42, 42], "uv_size": [3, -2]}
							}
						},
						{
							"origin": [-3, 10, 1],
							"size": [2, 3, 2],
							"pivot": [-1, 10, 3],
							"rotation": [-45, 0, 0],
							"uv": {
								"north": {"uv": [39, 20], "uv_size": [2, 3]},
								"east": {"uv": [42, 42], "uv_size": [2, 3]},
								"south": {"uv": [43, 7], "uv_size": [2, 3]},
								"west": {"uv": [43, 10], "uv_size": [2, 3]},
								"up": {"uv": [23, 5], "uv_size": [2, 2]},
								"down": {"uv": [43, 25], "uv_size": [2, -2]}
							}
						}
					]
				},
				{
					"name": "bone10",
					"parent": "bone9",
					"pivot": [-1, 16, 8],
					"cubes": [
						{
							"origin": [-3, 8, 8],
							"size": [2, 9, 2],
							"pivot": [-1, 16, 8],
							"rotation": [32.5, 0, 0],
							"uv": {
								"north": {"uv": [28, 21], "uv_size": [2, 9]},
								"east": {"uv": [11, 29], "uv_size": [2, 9]},
								"south": {"uv": [13, 29], "uv_size": [2, 9]},
								"west": {"uv": [15, 29], "uv_size": [2, 9]},
								"up": {"uv": [43, 38], "uv_size": [2, 2]},
								"down": {"uv": [44, 15], "uv_size": [2, -2]}
							}
						}
					]
				},
				{
					"name": "bone11",
					"parent": "bone10",
					"pivot": [-1, 10, 13],
					"cubes": [
						{
							"origin": [-3, 3, 12],
							"size": [2, 7, 2],
							"pivot": [-1, 10, 13],
							"rotation": [-12.5, 0, 0],
							"uv": {
								"north": {"uv": [0, 34], "uv_size": [2, 7]},
								"east": {"uv": [34, 0], "uv_size": [2, 7]},
								"south": {"uv": [34, 7], "uv_size": [2, 7]},
								"west": {"uv": [34, 23], "uv_size": [2, 7]},
								"up": {"uv": [44, 15], "uv_size": [2, 2]},
								"down": {"uv": [44, 28], "uv_size": [2, -2]}
							}
						}
					]
				},
				{
					"name": "bone6",
					"parent": "bone",
					"pivot": [-1, 9, -2],
					"cubes": [
						{
							"origin": [-2, 10, -3],
							"size": [2, 8, 2],
							"pivot": [-1, 9, -2],
							"rotation": [42.5, 0, 0],
							"uv": {
								"north": {"uv": [32, 8], "uv_size": [2, 8]},
								"east": {"uv": [20, 32], "uv_size": [2, 8]},
								"south": {"uv": [22, 32], "uv_size": [2, 8]},
								"west": {"uv": [32, 23], "uv_size": [2, 8]},
								"up": {"uv": [28, 44], "uv_size": [2, 2]},
								"down": {"uv": [44, 30], "uv_size": [2, -2]}
							}
						},
						{
							"origin": [-2, 10, -3],
							"size": [2, 3, 3],
							"pivot": [-1, 9, -2],
							"rotation": [40, 0, 0],
							"uv": {
								"north": {"uv": [43, 20], "uv_size": [2, 3]},
								"east": {"uv": [41, 13], "uv_size": [3, 3]},
								"south": {"uv": [43, 32], "uv_size": [2, 3]},
								"west": {"uv": [41, 29], "uv_size": [3, 3]},
								"up": {"uv": [43, 35], "uv_size": [2, 3]},
								"down": {"uv": [38, 46], "uv_size": [2, -3]}
							}
						}
					]
				},
				{
					"name": "bone7",
					"parent": "bone6",
					"pivot": [-1, 15, -8],
					"cubes": [
						{
							"origin": [-2, 8, -10],
							"size": [2, 9, 2],
							"pivot": [-1, 15, -8],
							"rotation": [-32.5, 0, 0],
							"uv": {
								"north": {"uv": [5, 30], "uv_size": [2, 9]},
								"east": {"uv": [7, 30], "uv_size": [2, 9]},
								"south": {"uv": [9, 30], "uv_size": [2, 9]},
								"west": {"uv": [30, 10], "uv_size": [2, 9]},
								"up": {"uv": [44, 30], "uv_size": [2, 2]},
								"down": {"uv": [34, 46], "uv_size": [2, -2]}
							}
						}
					]
				},
				{
					"name": "bone8",
					"parent": "bone7",
					"pivot": [-1, 10, -12],
					"cubes": [
						{
							"origin": [-2, 3, -14],
							"size": [2, 7, 2],
							"pivot": [-1, 10, -12],
							"rotation": [15, 0, 0],
							"uv": {
								"north": {"uv": [30, 35], "uv_size": [2, 7]},
								"east": {"uv": [35, 30], "uv_size": [2, 7]},
								"south": {"uv": [32, 35], "uv_size": [2, 7]},
								"west": {"uv": [36, 0], "uv_size": [2, 7]},
								"up": {"uv": [36, 44], "uv_size": [2, 2]},
								"down": {"uv": [40, 46], "uv_size": [2, -2]}
							}
						}
					]
				},
				{
					"name": "bone4",
					"parent": "bone",
					"pivot": [2, 8, 1],
					"cubes": [
						{
							"origin": [2, 6, -2],
							"size": [6, 5, 5],
							"pivot": [2, 8, 1],
							"rotation": [0, 0, -17.5],
							"uv": {
								"north": {"uv": [0, 21], "uv_size": [6, 5]},
								"east": {"uv": [14, 7], "uv_size": [5, 5]},
								"south": {"uv": [19, 23], "uv_size": [6, 5]},
								"west": {"uv": [6, 25], "uv_size": [5, 5]},
								"up": {"uv": [12, 24], "uv_size": [6, 5]},
								"down": {"uv": [25, 10], "uv_size": [6, -5]}
							}
						}
					]
				},
				{
					"name": "bone22",
					"parent": "bone4",
					"pivot": [4, 10, -2],
					"cubes": [
						{
							"origin": [3, 9, -9],
							"size": [2, 2, 7],
							"pivot": [4, 10, -2],
							"rotation": [-25, 0, 0],
							"uv": {
								"north": {"uv": [45, 17], "uv_size": [2, 2]},
								"east": {"uv": [38, 2], "uv_size": [7, 2]},
								"south": {"uv": [45, 19], "uv_size": [2, 2]},
								"west": {"uv": [38, 4], "uv_size": [7, 2]},
								"up": {"uv": [2, 38], "uv_size": [2, 7]},
								"down": {"uv": [11, 45], "uv_size": [2, -7]}
							}
						}
					]
				},
				{
					"name": "bone23",
					"parent": "bone22",
					"pivot": [4, 13, -8],
					"cubes": [
						{
							"origin": [3, 2, -9],
							"size": [2, 12, 1],
							"uv": {
								"north": {"uv": [3, 26], "uv_size": [2, 12]},
								"east": {"uv": [27, 31], "uv_size": [1, 12]},
								"south": {"uv": [26, 10], "uv_size": [2, 12]},
								"west": {"uv": [24, 32], "uv_size": [1, 12]},
								"up": {"uv": [22, 45], "uv_size": [2, 1]},
								"down": {"uv": [45, 23], "uv_size": [2, -1]}
							}
						}
					]
				},
				{
					"name": "bone19",
					"parent": "bone4",
					"pivot": [4, 8, 3],
					"cubes": [
						{
							"origin": [3, 8, 3],
							"size": [2, 2, 9],
							"pivot": [4, 8, 3],
							"rotation": [22.5, 0, 0],
							"uv": {
								"north": {"uv": [11, 45], "uv_size": [2, 2]},
								"east": {"uv": [30, 19], "uv_size": [9, 2]},
								"south": {"uv": [45, 11], "uv_size": [2, 2]},
								"west": {"uv": [30, 21], "uv_size": [9, 2]},
								"up": {"uv": [30, 23], "uv_size": [2, 9]},
								"down": {"uv": [28, 39], "uv_size": [2, -9]}
							}
						}
					]
				},
				{
					"name": "bone20",
					"parent": "bone19",
					"pivot": [4, 12, 11],
					"cubes": [
						{
							"origin": [3, 2, 11],
							"size": [2, 11, 1],
							"uv": {
								"north": {"uv": [28, 10], "uv_size": [2, 11]},
								"east": {"uv": [8, 39], "uv_size": [1, 11]},
								"south": {"uv": [18, 28], "uv_size": [2, 11]},
								"west": {"uv": [9, 39], "uv_size": [1, 11]},
								"up": {"uv": [20, 45], "uv_size": [2, 1]},
								"down": {"uv": [45, 22], "uv_size": [2, -1]}
							}
						}
					]
				},
				{
					"name": "bone21",
					"parent": "bone20",
					"pivot": [4, 12, 11]
				},
				{
					"name": "bone5",
					"parent": "bone4",
					"pivot": [7, 11, 1],
					"cubes": [
						{
							"origin": [7, 8, -1],
							"size": [5, 4, 3],
							"pivot": [7, 11, 1],
							"rotation": [0, 0, -27.5],
							"uv": {
								"north": {"uv": [27, 0], "uv_size": [5, 4]},
								"east": {"uv": [13, 38], "uv_size": [3, 4]},
								"south": {"uv": [20, 28], "uv_size": [5, 4]},
								"west": {"uv": [38, 23], "uv_size": [3, 4]},
								"up": {"uv": [32, 16], "uv_size": [5, 3]},
								"down": {"uv": [30, 35], "uv_size": [5, -3]}
							}
						}
					]
				},
				{
					"name": "bone15",
					"parent": "bone5",
					"pivot": [9, 13, 0],
					"cubes": [
						{
							"origin": [8, 11, -8],
							"size": [2, 2, 7],
							"uv": {
								"north": {"uv": [44, 42], "uv_size": [2, 2]},
								"east": {"uv": [34, 14], "uv_size": [7, 2]},
								"south": {"uv": [44, 44], "uv_size": [2, 2]},
								"west": {"uv": [36, 7], "uv_size": [7, 2]},
								"up": {"uv": [36, 23], "uv_size": [2, 7]},
								"down": {"uv": [37, 37], "uv_size": [2, -7]}
							}
						}
					]
				},
				{
					"name": "bone16",
					"parent": "bone15",
					"pivot": [9, 11, -7],
					"cubes": [
						{
							"origin": [8, 6, -8],
							"size": [2, 6, 1],
							"pivot": [9, 11, -7],
							"rotation": [-12.5, 0, 0],
							"uv": {
								"north": {"uv": [16, 38], "uv_size": [2, 6]},
								"east": {"uv": [31, 4], "uv_size": [1, 6]},
								"south": {"uv": [38, 37], "uv_size": [2, 6]},
								"west": {"uv": [27, 43], "uv_size": [1, 6]},
								"up": {"uv": [26, 22], "uv_size": [2, 1]},
								"down": {"uv": [27, 5], "uv_size": [2, -1]}
							}
						}
					]
				},
				{
					"name": "bone17",
					"parent": "bone16",
					"pivot": [9, 7, -8],
					"cubes": [
						{
							"origin": [8, 2, -9],
							"size": [2, 5, 2],
							"pivot": [9, 7, -8],
							"rotation": [2.5, 0, 0],
							"uv": {
								"north": {"uv": [28, 39], "uv_size": [2, 5]},
								"east": {"uv": [39, 29], "uv_size": [2, 5]},
								"south": {"uv": [20, 40], "uv_size": [2, 5]},
								"west": {"uv": [22, 40], "uv_size": [2, 5]},
								"up": {"uv": [45, 0], "uv_size": [2, 2]},
								"down": {"uv": [2, 47], "uv_size": [2, -2]}
							}
						}
					]
				},
				{
					"name": "bone12",
					"parent": "bone5",
					"pivot": [10, 14, 2],
					"cubes": [
						{
							"origin": [8, 11, 2],
							"size": [2, 2, 7],
							"uv": {
								"north": {"uv": [45, 2], "uv_size": [2, 2]},
								"east": {"uv": [36, 9], "uv_size": [7, 2]},
								"south": {"uv": [4, 45], "uv_size": [2, 2]},
								"west": {"uv": [36, 11], "uv_size": [7, 2]},
								"up": {"uv": [34, 37], "uv_size": [2, 7]},
								"down": {"uv": [36, 44], "uv_size": [2, -7]}
							}
						},
						{
							"origin": [8, 13, 1],
							"size": [2, 1, 2],
							"uv": {
								"north": {"uv": [29, 4], "uv_size": [2, 1]},
								"east": {"uv": [32, 31], "uv_size": [2, 1]},
								"south": {"uv": [36, 13], "uv_size": [2, 1]},
								"west": {"uv": [37, 18], "uv_size": [2, 1]},
								"up": {"uv": [45, 4], "uv_size": [2, 2]},
								"down": {"uv": [6, 47], "uv_size": [2, -2]}
							}
						}
					]
				},
				{
					"name": "bone13",
					"parent": "bone12",
					"pivot": [9, 13, 9],
					"cubes": [
						{
							"origin": [8, 7, 8],
							"size": [2, 6, 1],
							"pivot": [9, 13, 9],
							"rotation": [7.5, 0, 0],
							"uv": {
								"north": {"uv": [4, 39], "uv_size": [2, 6]},
								"east": {"uv": [16, 44], "uv_size": [1, 6]},
								"south": {"uv": [6, 39], "uv_size": [2, 6]},
								"west": {"uv": [17, 44], "uv_size": [1, 6]},
								"up": {"uv": [38, 13], "uv_size": [2, 1]},
								"down": {"uv": [41, 27], "uv_size": [2, -1]}
							}
						}
					]
				},
				{
					"name": "bone14",
					"parent": "bone13",
					"pivot": [9, 8, 9],
					"cubes": [
						{
							"origin": [8, 2, 7],
							"size": [2, 5, 2],
							"pivot": [9, 8, 9],
							"rotation": [-2.5, 0, 0],
							"uv": {
								"north": {"uv": [40, 34], "uv_size": [2, 5]},
								"east": {"uv": [40, 39], "uv_size": [2, 5]},
								"south": {"uv": [0, 41], "uv_size": [2, 5]},
								"west": {"uv": [41, 20], "uv_size": [2, 5]},
								"up": {"uv": [45, 7], "uv_size": [2, 2]},
								"down": {"uv": [45, 11], "uv_size": [2, -2]}
							}
						}
					]
				}
			]
		}
	]
}