{
	"format_version": "1.12.0",
	"minecraft:geometry": [
		{
			"description": {
				"identifier": "geometry.summoner",
				"texture_width": 64,
				"texture_height": 64,
				"visible_bounds_width": 3,
				"visible_bounds_height": 4.5,
				"visible_bounds_offset": [0, 1.75, 0]
			},
			"bones": [
				{
					"name": "bone",
					"pivot": [1, 3, -1],
					"rotation": [-180, -87.5, 180],
					"cubes": [
						{
							"origin": [-4, 6, -3],
							"size": [7, 5, 7],
							"pivot": [1, 3, -1],
							"rotation": [0, 0, -7.5],
							"uv": {
								"north": {"uv": [7, 0], "uv_size": [7, 5]},
								"east": {"uv": [7, 5], "uv_size": [7, 5]},
								"south": {"uv": [7, 10], "uv_size": [7, 5]},
								"west": {"uv": [0, 14], "uv_size": [7, 5]},
								"up": {"uv": [0, 0], "uv_size": [7, 7]},
								"down": {"uv": [0, 14], "uv_size": [7, -7]}
							}
						}
					]
				},
				{
					"name": "bone9",
					"parent": "bone",
					"pivot": [-1, 10, 3],
					"cubes": [
						{
							"origin": [-3, 10, 2],
							"size": [3, 8, 2],
							"pivot": [-1, 10, 3],
							"rotation": [-47.5, 0, 0],
							"uv": {
								"north": {"uv": [0, 19], "uv_size": [3, 8]},
								"east": {"uv": [25, 0], "uv_size": [2, 8]},
								"south": {"uv": [3, 19], "uv_size": [3, 8]},
								"west": {"uv": [25, 8], "uv_size": [2, 8]},
								"up": {"uv": [35, 31], "uv_size": [3, 2]},
								"down": {"uv": [35, 35], "uv_size": [3, -2]}
							}
						},
						{
							"origin": [-3, 10, 1],
							"size": [2, 3, 2],
							"pivot": [-1, 10, 3],
							"rotation": [-45, 0, 0],
							"uv": {
								"north": {"uv": [35, 35], "uv_size": [2, 3]},
								"east": {"uv": [36, 0], "uv_size": [2, 3]},
								"south": {"uv": [36, 3], "uv_size": [2, 3]},
								"west": {"uv": [6, 36], "uv_size": [2, 3]},
								"up": {"uv": [30, 36], "uv_size": [2, 2]},
								"down": {"uv": [32, 38], "uv_size": [2, -2]}
							}
						}
					]
				},
				{
					"name": "bone10",
					"parent": "bone9",
					"pivot": [-1, 16, 8],
					"cubes": [
						{
							"origin": [-3, 8, 8],
							"size": [2, 9, 2],
							"pivot": [-1, 16, 8],
							"rotation": [32.5, 0, 0],
							"uv": {
								"north": {"uv": [14, 20], "uv_size": [2, 9]},
								"east": {"uv": [16, 20], "uv_size": [2, 9]},
								"south": {"uv": [18, 20], "uv_size": [2, 9]},
								"west": {"uv": [20, 20], "uv_size": [2, 9]},
								"up": {"uv": [0, 37], "uv_size": [2, 2]},
								"down": {"uv": [2, 39], "uv_size": [2, -2]}
							}
						}
					]
				},
				{
					"name": "bone11",
					"parent": "bone10",
					"pivot": [-1, 10, 13],
					"cubes": [
						{
							"origin": [-3, 3, 12],
							"size": [2, 7, 2],
							"pivot": [-1, 10, 13],
							"rotation": [-12.5, 0, 0],
							"uv": {
								"north": {"uv": [2, 27], "uv_size": [2, 7]},
								"east": {"uv": [4, 27], "uv_size": [2, 7]},
								"south": {"uv": [27, 7], "uv_size": [2, 7]},
								"west": {"uv": [22, 28], "uv_size": [2, 7]},
								"up": {"uv": [4, 37], "uv_size": [2, 2]},
								"down": {"uv": [37, 10], "uv_size": [2, -2]}
							}
						},
						{
							"origin": [-2, 0, 11],
							"size": [1, 4, 1],
							"pivot": [-1, 10, 13],
							"rotation": [5, 0, 0],
							"uv": {
								"north": {"uv": [34, 36], "uv_size": [1, 4]},
								"east": {"uv": [37, 10], "uv_size": [1, 4]},
								"south": {"uv": [12, 37], "uv_size": [1, 4]},
								"west": {"uv": [37, 17], "uv_size": [1, 4]},
								"up": {"uv": [36, 8], "uv_size": [1, 1]},
								"down": {"uv": [36, 22], "uv_size": [1, -1]}
							}
						},
						{
							"origin": [-2, 0, 12],
							"size": [1, 4, 1],
							"pivot": [-1, 10, 13],
							"rotation": [-15, 0, 0],
							"uv": {
								"north": {"uv": [37, 21], "uv_size": [1, 4]},
								"east": {"uv": [24, 37], "uv_size": [1, 4]},
								"south": {"uv": [25, 37], "uv_size": [1, 4]},
								"west": {"uv": [37, 25], "uv_size": [1, 4]},
								"up": {"uv": [37, 14], "uv_size": [1, 1]},
								"down": {"uv": [2, 40], "uv_size": [1, -1]}
							}
						}
					]
				},
				{
					"name": "bone6",
					"parent": "bone",
					"pivot": [-1, 9, -2],
					"cubes": [
						{
							"origin": [-2, 10, -3],
							"size": [2, 8, 2],
							"pivot": [-1, 9, -2],
							"rotation": [42.5, 0, 0],
							"uv": {
								"north": {"uv": [22, 20], "uv_size": [2, 8]},
								"east": {"uv": [23, 8], "uv_size": [2, 8]},
								"south": {"uv": [24, 16], "uv_size": [2, 8]},
								"west": {"uv": [24, 24], "uv_size": [2, 8]},
								"up": {"uv": [31, 5], "uv_size": [2, 2]},
								"down": {"uv": [36, 8], "uv_size": [2, -2]}
							}
						},
						{
							"origin": [-2, 10, -3],
							"size": [2, 3, 3],
							"pivot": [-1, 9, -2],
							"rotation": [40, 0, 0],
							"uv": {
								"north": {"uv": [35, 22], "uv_size": [2, 3]},
								"east": {"uv": [34, 12], "uv_size": [3, 3]},
								"south": {"uv": [35, 25], "uv_size": [2, 3]},
								"west": {"uv": [20, 35], "uv_size": [3, 3]},
								"up": {"uv": [26, 35], "uv_size": [2, 3]},
								"down": {"uv": [35, 31], "uv_size": [2, -3]}
							}
						}
					]
				},
				{
					"name": "bone7",
					"parent": "bone6",
					"pivot": [-1, 15, -8],
					"cubes": [
						{
							"origin": [-2, 8, -10],
							"size": [2, 9, 2],
							"pivot": [-1, 15, -8],
							"rotation": [-32.5, 0, 0],
							"uv": {
								"north": {"uv": [6, 20], "uv_size": [2, 9]},
								"east": {"uv": [8, 20], "uv_size": [2, 9]},
								"south": {"uv": [10, 20], "uv_size": [2, 9]},
								"west": {"uv": [12, 20], "uv_size": [2, 9]},
								"up": {"uv": [9, 36], "uv_size": [2, 2]},
								"down": {"uv": [13, 38], "uv_size": [2, -2]}
							}
						}
					]
				},
				{
					"name": "bone8",
					"parent": "bone7",
					"pivot": [-1, 10, -12],
					"cubes": [
						{
							"origin": [-2, 3, -14],
							"size": [2, 7, 2],
							"pivot": [-1, 10, -12],
							"rotation": [15, 0, 0],
							"uv": {
								"north": {"uv": [20, 8], "uv_size": [2, 7]},
								"east": {"uv": [26, 22], "uv_size": [2, 7]},
								"south": {"uv": [0, 27], "uv_size": [2, 7]},
								"west": {"uv": [27, 0], "uv_size": [2, 7]},
								"up": {"uv": [15, 36], "uv_size": [2, 2]},
								"down": {"uv": [36, 17], "uv_size": [2, -2]}
							}
						},
						{
							"origin": [-2, 0, -11],
							"size": [1, 4, 1],
							"pivot": [-1, 10, -12],
							"rotation": [-15, 0, 0],
							"uv": {
								"north": {"uv": [23, 16], "uv_size": [1, 4]},
								"east": {"uv": [11, 36], "uv_size": [1, 4]},
								"south": {"uv": [17, 36], "uv_size": [1, 4]},
								"west": {"uv": [36, 17], "uv_size": [1, 4]},
								"up": {"uv": [6, 19], "uv_size": [1, 1]},
								"down": {"uv": [22, 15], "uv_size": [1, -1]}
							}
						},
						{
							"origin": [-2, 0, -14],
							"size": [1, 4, 1],
							"pivot": [-1, 10, -12],
							"rotation": [25, 0, 0],
							"uv": {
								"north": {"uv": [18, 36], "uv_size": [1, 4]},
								"east": {"uv": [19, 36], "uv_size": [1, 4]},
								"south": {"uv": [28, 36], "uv_size": [1, 4]},
								"west": {"uv": [29, 36], "uv_size": [1, 4]},
								"up": {"uv": [31, 13], "uv_size": [1, 1]},
								"down": {"uv": [35, 7], "uv_size": [1, -1]}
							}
						}
					]
				},
				{
					"name": "bone4",
					"parent": "bone",
					"pivot": [2, 8, 1],
					"cubes": [
						{
							"origin": [2, 6, -2],
							"size": [6, 5, 5],
							"pivot": [2, 8, 1],
							"rotation": [0, 0, -17.5],
							"uv": {
								"north": {"uv": [14, 0], "uv_size": [6, 5]},
								"east": {"uv": [13, 15], "uv_size": [5, 5]},
								"south": {"uv": [14, 5], "uv_size": [6, 5]},
								"west": {"uv": [18, 15], "uv_size": [5, 5]},
								"up": {"uv": [14, 10], "uv_size": [6, 5]},
								"down": {"uv": [7, 20], "uv_size": [6, -5]}
							}
						}
					]
				},
				{
					"name": "bone5",
					"parent": "bone4",
					"pivot": [7, 11, 1],
					"cubes": [
						{
							"origin": [7, 8, -1],
							"size": [5, 4, 3],
							"pivot": [7, 11, 1],
							"rotation": [0, 0, -27.5],
							"uv": {
								"north": {"uv": [20, 0], "uv_size": [5, 4]},
								"east": {"uv": [29, 9], "uv_size": [3, 4]},
								"south": {"uv": [20, 4], "uv_size": [5, 4]},
								"west": {"uv": [17, 29], "uv_size": [3, 4]},
								"up": {"uv": [26, 16], "uv_size": [5, 3]},
								"down": {"uv": [26, 22], "uv_size": [5, -3]}
							}
						}
					]
				},
				{
					"name": "bone15",
					"parent": "bone5",
					"pivot": [9, 13, 0],
					"cubes": [
						{
							"origin": [8, 11, -8],
							"size": [2, 2, 7],
							"uv": {
								"north": {"uv": [20, 38], "uv_size": [2, 2]},
								"east": {"uv": [6, 29], "uv_size": [7, 2]},
								"south": {"uv": [38, 20], "uv_size": [2, 2]},
								"west": {"uv": [29, 7], "uv_size": [7, 2]},
								"up": {"uv": [13, 29], "uv_size": [2, 7]},
								"down": {"uv": [15, 36], "uv_size": [2, -7]}
							}
						}
					]
				},
				{
					"name": "bone16",
					"parent": "bone15",
					"pivot": [9, 11, -7],
					"cubes": [
						{
							"origin": [8, 6, -8],
							"size": [2, 6, 1],
							"pivot": [9, 11, -7],
							"rotation": [-12.5, 0, 0],
							"uv": {
								"north": {"uv": [30, 24], "uv_size": [2, 6]},
								"east": {"uv": [23, 35], "uv_size": [1, 6]},
								"south": {"uv": [30, 30], "uv_size": [2, 6]},
								"west": {"uv": [8, 36], "uv_size": [1, 6]},
								"up": {"uv": [35, 38], "uv_size": [2, 1]},
								"down": {"uv": [0, 40], "uv_size": [2, -1]}
							}
						}
					]
				},
				{
					"name": "bone17",
					"parent": "bone16",
					"pivot": [9, 7, -8],
					"cubes": [
						{
							"origin": [8, 2, -9],
							"size": [2, 5, 2],
							"pivot": [9, 7, -8],
							"rotation": [-30, 0, 0],
							"uv": {
								"north": {"uv": [31, 16], "uv_size": [2, 5]},
								"east": {"uv": [28, 31], "uv_size": [2, 5]},
								"south": {"uv": [32, 9], "uv_size": [2, 5]},
								"west": {"uv": [24, 32], "uv_size": [2, 5]},
								"up": {"uv": [38, 22], "uv_size": [2, 2]},
								"down": {"uv": [38, 26], "uv_size": [2, -2]}
							}
						},
						{
							"origin": [8, 0, -11],
							"size": [1, 3, 1],
							"pivot": [9, 7, -8],
							"rotation": [7.5, 0, 0],
							"uv": {
								"north": {"uv": [16, 38], "uv_size": [1, 3]},
								"east": {"uv": [22, 38], "uv_size": [1, 3]},
								"south": {"uv": [26, 38], "uv_size": [1, 3]},
								"west": {"uv": [38, 26], "uv_size": [1, 3]},
								"up": {"uv": [39, 4], "uv_size": [1, 1]},
								"down": {"uv": [5, 40], "uv_size": [1, -1]}
							}
						},
						{
							"origin": [8, -1, -9],
							"size": [1, 3, 1],
							"pivot": [9, 7, -8],
							"rotation": [-22.5, 0, 0],
							"uv": {
								"north": {"uv": [27, 38], "uv_size": [1, 3]},
								"east": {"uv": [30, 38], "uv_size": [1, 3]},
								"south": {"uv": [31, 38], "uv_size": [1, 3]},
								"west": {"uv": [38, 31], "uv_size": [1, 3]},
								"up": {"uv": [39, 5], "uv_size": [1, 1]},
								"down": {"uv": [6, 40], "uv_size": [1, -1]}
							}
						}
					]
				},
				{
					"name": "bone12",
					"parent": "bone5",
					"pivot": [10, 14, 2],
					"cubes": [
						{
							"origin": [8, 11, 2],
							"size": [2, 2, 7],
							"uv": {
								"north": {"uv": [37, 29], "uv_size": [2, 2]},
								"east": {"uv": [27, 14], "uv_size": [7, 2]},
								"south": {"uv": [37, 35], "uv_size": [2, 2]},
								"west": {"uv": [28, 22], "uv_size": [7, 2]},
								"up": {"uv": [28, 24], "uv_size": [2, 7]},
								"down": {"uv": [29, 7], "uv_size": [2, -7]}
							}
						},
						{
							"origin": [8, 13, 1],
							"size": [2, 1, 2],
							"uv": {
								"north": {"uv": [33, 6], "uv_size": [2, 1]},
								"east": {"uv": [34, 15], "uv_size": [2, 1]},
								"south": {"uv": [32, 38], "uv_size": [2, 1]},
								"west": {"uv": [38, 34], "uv_size": [2, 1]},
								"up": {"uv": [38, 6], "uv_size": [2, 2]},
								"down": {"uv": [38, 20], "uv_size": [2, -2]}
							}
						}
					]
				},
				{
					"name": "bone13",
					"parent": "bone12",
					"pivot": [9, 13, 9],
					"cubes": [
						{
							"origin": [8, 7, 8],
							"size": [2, 6, 1],
							"pivot": [9, 13, 9],
							"rotation": [7.5, 0, 0],
							"uv": {
								"north": {"uv": [20, 29], "uv_size": [2, 6]},
								"east": {"uv": [22, 8], "uv_size": [1, 6]},
								"south": {"uv": [26, 29], "uv_size": [2, 6]},
								"west": {"uv": [12, 31], "uv_size": [1, 6]},
								"up": {"uv": [29, 13], "uv_size": [2, 1]},
								"down": {"uv": [31, 22], "uv_size": [2, -1]}
							}
						}
					]
				},
				{
					"name": "bone14",
					"parent": "bone13",
					"pivot": [9, 8, 9],
					"cubes": [
						{
							"origin": [8, 2, 7],
							"size": [2, 5, 2],
							"pivot": [9, 8, 9],
							"rotation": [52.5, 0, 0],
							"uv": {
								"north": {"uv": [31, 0], "uv_size": [2, 5]},
								"east": {"uv": [6, 31], "uv_size": [2, 5]},
								"south": {"uv": [8, 31], "uv_size": [2, 5]},
								"west": {"uv": [10, 31], "uv_size": [2, 5]},
								"up": {"uv": [37, 37], "uv_size": [2, 2]},
								"down": {"uv": [38, 2], "uv_size": [2, -2]}
							}
						},
						{
							"origin": [8, -1, 12],
							"size": [1, 4, 1],
							"pivot": [9, 8, 9],
							"rotation": [15, 0, 0],
							"uv": {
								"north": {"uv": [38, 2], "uv_size": [1, 4]},
								"east": {"uv": [9, 38], "uv_size": [1, 4]},
								"south": {"uv": [10, 38], "uv_size": [1, 4]},
								"west": {"uv": [38, 10], "uv_size": [1, 4]},
								"up": {"uv": [39, 2], "uv_size": [1, 1]},
								"down": {"uv": [3, 40], "uv_size": [1, -1]}
							}
						},
						{
							"origin": [8, 1, 13],
							"size": [1, 4, 1],
							"pivot": [9, 8, 9],
							"rotation": [-20, 0, 0],
							"uv": {
								"north": {"uv": [13, 38], "uv_size": [1, 4]},
								"east": {"uv": [14, 38], "uv_size": [1, 4]},
								"south": {"uv": [38, 14], "uv_size": [1, 4]},
								"west": {"uv": [15, 38], "uv_size": [1, 4]},
								"up": {"uv": [39, 3], "uv_size": [1, 1]},
								"down": {"uv": [4, 40], "uv_size": [1, -1]}
							}
						}
					]
				},
				{
					"name": "bone3",
					"parent": "bone",
					"pivot": [-3, 6, -2],
					"cubes": [
						{
							"origin": [-7, 4, -2],
							"size": [3, 3, 3],
							"pivot": [-3, 6, -2],
							"rotation": [0, -20, 0],
							"uv": {
								"north": {"uv": [17, 33], "uv_size": [3, 3]},
								"east": {"uv": [33, 19], "uv_size": [3, 3]},
								"south": {"uv": [32, 33], "uv_size": [3, 3]},
								"west": {"uv": [0, 34], "uv_size": [3, 3]},
								"up": {"uv": [3, 34], "uv_size": [3, 3]},
								"down": {"uv": [34, 12], "uv_size": [3, -3]}
							}
						}
					]
				},
				{
					"name": "bone2",
					"parent": "bone",
					"pivot": [-5, 6, 3],
					"cubes": [
						{
							"origin": [-7, 4, 0],
							"size": [3, 3, 3],
							"pivot": [-5, 6, 3],
							"rotation": [0, 20, 0],
							"uv": {
								"north": {"uv": [32, 24], "uv_size": [3, 3]},
								"east": {"uv": [32, 27], "uv_size": [3, 3]},
								"south": {"uv": [32, 30], "uv_size": [3, 3]},
								"west": {"uv": [33, 0], "uv_size": [3, 3]},
								"up": {"uv": [33, 3], "uv_size": [3, 3]},
								"down": {"uv": [33, 19], "uv_size": [3, -3]}
							}
						}
					]
				}
			]
		}
	]
}