{
	"format_version": "1.12.0",
	"minecraft:geometry": [
		{
			"description": {
				"identifier": "geometry.t2",
				"texture_width": 16,
				"texture_height": 16,
				"visible_bounds_width": 3,
				"visible_bounds_height": 2.5,
				"visible_bounds_offset": [0, 0.75, 0]
			},
			"bones": [
				{
					"name": "bone2",
					"pivot": [0, -2, -1],
					"rotation": [-30.00293, 0.03308, -0.1156],
					"cubes": [
						{"origin": [-2, -3, -6], "size": [4, 5, 3], "pivot": [0, -2, -1], "rotation": [-48.91941, 0.66721, 0.97701], "uv": [0, 0]},
						{"origin": [-3, -7, -6], "size": [6, 7, 3], "pivot": [0, -2, -1], "rotation": [-58.91941, 0.66721, 0.97701], "uv": [0, 0]},
						{"origin": [-2, 2, -5], "size": [4, 7, 2], "pivot": [0, -2, -1], "rotation": [-35.10027, -1.43404, 0.74333], "uv": [0, 0]},
						{"origin": [-2, 2, -3], "size": [4, 7, 1], "pivot": [0, -2, -1], "rotation": [-32.58995, 0.61157, -0.69397], "uv": [0, 0]},
						{"origin": [-2, 7, 2], "size": [4, 7, 1], "pivot": [0, -2, -1], "rotation": [5, 0, 0], "uv": [0, 0]},
						{"origin": [-2, 5, 6], "size": [4, 7, 1], "pivot": [0, -2, -1], "rotation": [20, 0, 0], "uv": [0, 0]},
						{"origin": [-2, 9, 7], "size": [4, 7, 1], "pivot": [0, -2, -1], "rotation": [27.5, 0, 0], "uv": [0, 0]},
						{"origin": [-3, 12, 7], "size": [6, 2, 3], "pivot": [0, -2, -1], "rotation": [30, 0, 0], "uv": [0, 0]},
						{"origin": [-2, 9, 9], "size": [4, 6, 1], "pivot": [0, -2, -1], "rotation": [32.5, 0, 0], "uv": [0, 0]},
						{"origin": [-2, 6, 3], "size": [4, 7, 1], "pivot": [0, -2, -1], "rotation": [7.5, 0, 0], "uv": [0, 0]}
					]
				},
				{
					"name": "bone",
					"pivot": [1, 0, -1],
					"rotation": [0, 15, 0],
					"cubes": [
						{"origin": [0, -4, -9], "size": [3, 3, 3], "pivot": [1, 0, -1], "rotation": [-37.5, 22.5, 0], "uv": [0, 0]},
						{"origin": [0, -5, -12], "size": [3, 3, 4], "pivot": [1, 0, -1], "rotation": [-47.5, 22.5, 0], "uv": [0, 0]},
						{"origin": [0, -8, -14], "size": [3, 3, 5], "pivot": [1, 0, -1], "rotation": [-67.5, 22.5, 0], "uv": [0, 0]},
						{"origin": [0, -11, -17], "size": [3, 2, 6], "pivot": [1, 0, -1], "rotation": [-85, 22.5, 0], "uv": [0, 0]},
						{"origin": [1, -15, -19], "size": [1, 1, 8], "pivot": [1, 0, -1], "rotation": [-105, 22.5, 0], "uv": [0, 0]},
						{"origin": [0, -10, -17], "size": [3, 2, 6], "pivot": [1, 0, -1], "rotation": [-82.5, 22.5, 0], "uv": [0, 0]},
						{"origin": [0, -5, -7], "size": [3, 1, 3], "pivot": [1, 0, -1], "rotation": [-65, 22.5, 0], "uv": [0, 0]}
					]
				},
				{
					"name": "bone3",
					"pivot": [-1, 0, -1],
					"rotation": [0, -50, 0],
					"cubes": [
						{"origin": [-2, -4, -10], "size": [3, 3, 4], "pivot": [-1, 0, -1], "rotation": [-37.5, 22.5, 0], "uv": [0, 0]},
						{"origin": [-2, -5, -14], "size": [3, 3, 5], "pivot": [-1, 0, -1], "rotation": [-47.5, 22.5, 0], "uv": [0, 0]},
						{"origin": [-2, -9, -16], "size": [3, 3, 6], "pivot": [-1, 0, -1], "rotation": [-70, 22.5, 0], "uv": [0, 0]},
						{"origin": [-2, -12, -19], "size": [3, 2, 7], "pivot": [-1, 0, -1], "rotation": [-85, 22.5, 0], "uv": [0, 0]},
						{"origin": [-1, -17, -21], "size": [1, 1, 8], "pivot": [-1, 0, -1], "rotation": [-105, 22.5, 0], "uv": [0, 0]},
						{"origin": [-2, -10, -20], "size": [3, 2, 6], "pivot": [-1, 0, -1], "rotation": [-77.5, 22.5, 0], "uv": [0, 0]},
						{"origin": [-2, -5, -9], "size": [3, 1, 4], "pivot": [-1, 0, -1], "rotation": [-62.5, 22.5, 0], "uv": [0, 0]}
					]
				}
			]
		}
	]
}