{
	"format_version": "1.12.0",
	"minecraft:geometry": [
		{
			"description": {
				"identifier": "geometry.yellow_eye",
				"texture_width": 64,
				"texture_height": 64,
				"visible_bounds_width": 7,
				"visible_bounds_height": 7.5,
				"visible_bounds_offset": [0, 3.25, 0]
			},
			"bones": [
				{
					"name": "bone",
					"pivot": [0, 14, 0],
					"cubes": [
						{"origin": [-2, 14, -5], "size": [8, 9, 8], "uv": [0, 19]}
					]
				},
				{
					"name": "bone7",
					"parent": "bone",
					"pivot": [2, 14, 0],
					"cubes": [
						{"origin": [0, 10, -2], "size": [4, 4, 3], "pivot": [2, 14, 0], "rotation": [15, 0, 0], "uv": [36, 41]}
					]
				},
				{
					"name": "bone8",
					"parent": "bone7",
					"pivot": [2, 10, 0],
					"cubes": [
						{"origin": [1, 6, -1], "size": [2, 4, 3], "pivot": [2, 10, 0], "rotation": [32.5, 0, 0], "uv": [44, 23]}
					]
				},
				{
					"name": "bone9",
					"parent": "bone8",
					"pivot": [2, 7, 2],
					"cubes": [
						{"origin": [1, 1, 2], "size": [2, 6, 2], "pivot": [2, 7, 2], "rotation": [37.5, 0, 0], "uv": [0, 19]}
					]
				},
				{
					"name": "bone6",
					"parent": "bone",
					"pivot": [6, 16, 0],
					"cubes": [
						{"origin": [6, 16, 0], "size": [6, 1, 1], "pivot": [6, 16, 0], "rotation": [0, -32.5, 42.5], "uv": [24, 25]}
					]
				},
				{
					"name": "bone5",
					"parent": "bone",
					"pivot": [-2, 15, 0],
					"cubes": [
						{"origin": [-8, 15, 0], "size": [6, 1, 1], "pivot": [-2, 15, 0], "rotation": [0, 40, -40], "uv": [40, 10]}
					]
				},
				{
					"name": "bone2",
					"parent": "bone",
					"pivot": [0, 23, 0],
					"cubes": [
						{"origin": [-3, 22, -6], "size": [10, 9, 10], "uv": [0, 0]}
					]
				},
				{
					"name": "bone16",
					"parent": "bone2",
					"pivot": [2, 31, 3],
					"cubes": [
						{"origin": [-1, 31, 1], "size": [6, 5, 7], "pivot": [2, 31, 3], "rotation": [-27.5, 0, 0], "uv": [25, 29]}
					]
				},
				{
					"name": "bone18",
					"parent": "bone16",
					"pivot": [2, 31, 8],
					"cubes": [
						{"origin": [1, 30, 8], "size": [1, 1, 5], "pivot": [2, 31, 8], "rotation": [-32.5, 0, 0], "uv": [24, 19]}
					]
				},
				{
					"name": "bone17",
					"parent": "bone16",
					"pivot": [2, 35, 6],
					"cubes": [
						{"origin": [1, 35, 5], "size": [2, 2, 3], "pivot": [2, 35, 6], "rotation": [-27.5, 0, 0], "uv": [44, 30]}
					]
				},
				{
					"name": "bone4",
					"parent": "bone2",
					"pivot": [-2, 31, 0],
					"cubes": [
						{"origin": [-3, 31, -6], "size": [5, 1, 9], "pivot": [-2, 31, 0], "rotation": [0, 0, -35], "uv": [30, 0]}
					]
				},
				{
					"name": "bone10",
					"parent": "bone4",
					"pivot": [-2, 32, 0],
					"cubes": [
						{"origin": [-5, 32, -6], "size": [6, 4, 7], "pivot": [-2, 32, 0], "rotation": [0, 0, -35], "uv": [0, 36]}
					]
				},
				{
					"name": "bone12",
					"parent": "bone10",
					"pivot": [-5, 31, -2],
					"cubes": [
						{"origin": [-10, 31, -2], "size": [5, 1, 1], "pivot": [-5, 31, -2], "rotation": [0, 0, -47.5], "uv": [7, 47]}
					]
				},
				{
					"name": "bone11",
					"parent": "bone10",
					"pivot": [-2, 33, -3],
					"cubes": [
						{"origin": [-3, 33, -4], "size": [2, 5, 3], "pivot": [-2, 33, -3], "rotation": [0, 0, -37.5], "uv": [0, 0]}
					]
				},
				{
					"name": "bone3",
					"parent": "bone2",
					"pivot": [6, 31, -2],
					"cubes": [
						{"origin": [2, 31, -6], "size": [5, 1, 8], "pivot": [6, 31, -2], "rotation": [0, 0, 32.5], "uv": [18, 41]}
					]
				},
				{
					"name": "bone13",
					"parent": "bone3",
					"pivot": [5, 33, -2],
					"cubes": [
						{"origin": [4, 33, -6], "size": [6, 4, 7], "pivot": [5, 33, -2], "rotation": [0, 0, 32.5], "uv": [33, 12]}
					]
				},
				{
					"name": "bone15",
					"parent": "bone13",
					"pivot": [10, 31, -2],
					"cubes": [
						{"origin": [10, 31, -2], "size": [5, 1, 1], "pivot": [10, 31, -2], "rotation": [0, 0, 50], "uv": [32, 27]}
					]
				},
				{
					"name": "bone14",
					"parent": "bone13",
					"pivot": [8, 36, -2],
					"cubes": [
						{"origin": [8, 36, -4], "size": [2, 2, 3], "pivot": [8, 36, -2], "rotation": [0, 0, 35], "uv": [0, 47]}
					]
				}
			]
		}
	]
}