{"format_version":"1.16.100","minecraft:fog_settings":{"description":{"identifier":"pa:parasitebiome"},"distance":{"air":{"fog_start":5,"fog_end":null,"fog_color":null,"render_distance_type":"render"},"water":{"fog_start":0.5,"fog_end":31,"fog_color":"#70914d","render_distance_type":"fixed"},"weather":{"fog_start":null,"fog_end":null,"fog_color":null,"render_distance_type":"render"},"lava":{"fog_start":1,"fog_end":31,"fog_color":"#70914d","render_distance_type":"fixed"},"lava_resistance":{"fog_start":1,"fog_end":31,"fog_color":"#70914d","render_distance_type":"fixed"}}}}