{
  "format_version": "1.10.0",
  "minecraft:client_entity": {
    "description": {
      "identifier": "among:gate_o",
      "materials": {
        "default": "npc"
      },
      "textures": {
        "default": "textures/entity/gate"
      },
      "geometry": {
        "default": "geometry.gate"
      },
      "animations": {
        "gate_o_general": "animation.gate_o.general",

        "general": "controller.animation.gate_o.general"
	    },
      "scripts": {
        "animate": [
          "general"
        ]
      },
      "render_controllers": [
        "controller.render.zombie"
      ],
      "spawn_egg": {
        "texture": "gate",
        "texture_index": 2
      }
    }
  }
}