{
	"format_version": "1.12.0",
	"minecraft:geometry": [
		{
			"description": {
				"identifier": "geometry.huggy_wuggy_bd_statue",
				"texture_width": 148,
				"texture_height": 148,
				"visible_bounds_width": 7,
				"visible_bounds_height": 9,
				"visible_bounds_offset": [0, 3.5, 0]
			},
			"bones": [
				{
					"name": "bone2",
					"pivot": [0, 0, 0],
					"cubes": [
						{"origin": [-5, 14.9325, -2.73736], "size": [10, 7, 8], "pivot": [0, 0, 0], "rotation": [2.5, 0, 0], "uv": [39, 61]},
						{"origin": [-4.79465, 14.61106, -4.63116], "size": [10, 7, 0], "pivot": [0, 0, 0], "rotation": [-2.4816, 0.0981, -0.5233], "uv": [110, 1]},
						{"origin": [6.62726, 16.37778, -2.34039], "size": [3, 4, 4], "pivot": [0, 0, 0], "rotation": [-2.5095, 0.2178, -4.9953], "uv": [98, 55]},
						{"origin": [6.62726, 12.37778, -2.34039], "size": [3, 4, 4], "inflate": 0.01, "pivot": [0, 0, 0], "rotation": [-2.5095, 0.2178, -4.9953], "uv": [45, 96]},
						{"origin": [6.62726, 8.37778, -2.34039], "size": [3, 4, 4], "pivot": [0, 0, 0], "rotation": [-2.5095, 0.2178, -4.9953], "uv": [96, 0]},
						{"origin": [6.62726, 4.31624, -3.06927], "size": [3, 4, 4], "inflate": 0.01, "pivot": [0, 0, 0], "rotation": [-7.5095, 0.2178, -4.9953], "uv": [30, 95]},
						{"origin": [6.62726, 0.31624, -3.06927], "size": [3, 4, 4], "pivot": [0, 0, 0], "rotation": [-7.5095, 0.2178, -4.9953], "uv": [15, 95]},
						{"origin": [6.62726, -3.68376, -3.06927], "size": [3, 4, 4], "inflate": 0.01, "pivot": [0, 0, 0], "rotation": [-7.5095, 0.2178, -4.9953], "uv": [0, 95]},
						{"origin": [6.78021, -7.32575, -3.06927], "size": [3, 4, 4], "pivot": [0, 0, 0], "rotation": [-7.493, 0.5442, -2.5166], "uv": [0, 95]},
						{"origin": [6.78021, -11.32575, -3.06927], "size": [3, 4, 4], "inflate": 0.01, "pivot": [0, 0, 0], "rotation": [-7.493, 0.5442, -2.5166], "uv": [94, 75]},
						{"origin": [7.73581, -14.56098, -3.06926], "size": [3, 4, 4], "pivot": [0, 0, 0], "rotation": [-7.4178, 1.1934, 2.4417], "uv": [93, 28]},
						{"origin": [7.73581, -15.99513, 0.24854], "size": [3, 5, 0], "pivot": [0, 0, 0], "rotation": [-24.9178, 1.1934, 2.4417], "uv": [142, 7]},
						{"origin": [7.73581, -15.35206, -2.28809], "size": [3, 5, 0], "pivot": [0, 0, 0], "rotation": [10.0822, 1.1934, 2.4417], "uv": [142, 7]},
						{"origin": [7.06317, -17.3005, -3.06926], "size": [0, 4, 4], "pivot": [0, 0, 0], "rotation": [-7.4342, -1.0858, -14.9104], "uv": [131, -2]},
						{"origin": [7.73581, -17.16693, -3.49091], "size": [3, 3, 0], "pivot": [0, 0, 0], "rotation": [10.0822, 1.1934, 2.4417], "uv": [142, 7]},
						{"origin": [10.55452, -11.74597, -3.06926], "size": [0, 4, 4], "pivot": [0, 0, 0], "rotation": [-6.7213, 3.3639, 19.8215], "uv": [131, -2], "mirror": true},
						{"origin": [7.73581, -16.68811, 5.83764], "size": [3, 3, 0], "pivot": [0, 0, 0], "rotation": [-42.4178, 1.1934, 2.4417], "uv": [142, 7]},
						{"origin": [11.24087, -15.06265, -3.06927], "size": [0, 3, 4], "pivot": [0, 0, 0], "rotation": [-6.8608, 3.0682, 17.3351], "uv": [139, 0]},
						{"origin": [5.86035, -20.11537, -3.06926], "size": [0, 3, 4], "pivot": [0, 0, 0], "rotation": [-7.4342, -1.0858, -14.9104], "uv": [139, 0]},
						{"origin": [8.23581, -16.56098, -3.06926], "size": [2, 2, 4], "pivot": [0, 0, 0], "rotation": [-7.4178, 1.1934, 2.4417], "uv": [60, 100]},
						{"origin": [12.74205, -15.71651, -3.06926], "size": [2, 3, 4], "pivot": [0, 0, 0], "rotation": [-6.7213, 3.3639, 19.8215], "uv": [98, 46]},
						{"origin": [12.18692, -14.47397, -2.09344], "size": [2, 3, 1], "pivot": [0, 0, 0], "rotation": [-16.7213, 3.3639, 19.8215], "uv": [0, 54]},
						{"origin": [-18.09083, -13.53675, 0.00558], "size": [3, 4, 4], "pivot": [0, 0, 0], "rotation": [-4.7905, -2.1326, 108.3394], "uv": [88, 91]},
						{"origin": [-18.09083, -17.53675, 0.00558], "size": [3, 4, 4], "inflate": 0.01, "pivot": [0, 0, 0], "rotation": [-4.7905, -2.1326, 108.3394], "uv": [73, 91]},
						{"origin": [-18.09083, -21.53675, 0.00558], "size": [3, 4, 4], "pivot": [0, 0, 0], "rotation": [-4.7905, -2.1326, 108.3394], "uv": [58, 91]},
						{"origin": [14.63256, -29.8287, 0.00557], "size": [3, 4, 4], "pivot": [0, 0, 0], "rotation": [-3.9634, 3.4346, 173.1313], "uv": [88, 16]},
						{"origin": [-18.09083, -25.53675, 0.00558], "size": [3, 4, 4], "inflate": 0.01, "pivot": [0, 0, 0], "rotation": [-4.7905, -2.1326, 108.3394], "uv": [89, 66]},
						{"origin": [14.63256, -33.8287, 0.00557], "size": [3, 4, 4], "inflate": 0.01, "pivot": [0, 0, 0], "rotation": [-3.9634, 3.4346, 173.1313], "uv": [47, 86]},
						{"origin": [14.63256, -37.8287, 0.00557], "size": [3, 4, 4], "pivot": [0, 0, 0], "rotation": [-3.9634, 3.4346, 173.1313], "uv": [47, 86]},
						{"origin": [14.63256, -41.8287, 0.00557], "size": [3, 4, 4], "inflate": 0.01, "pivot": [0, 0, 0], "rotation": [-3.9634, 3.4346, 173.1313], "uv": [32, 86]},
						{"origin": [14.63256, -45.8287, 0.00557], "size": [3, 4, 4], "pivot": [0, 0, 0], "rotation": [-3.9634, 3.4346, 173.1313], "uv": [17, 86]},
						{"origin": [14.63256, -44.89107, 12.58345], "size": [3, 5, 0], "pivot": [0, 0, 0], "rotation": [-21.4634, 3.4346, 173.1313], "uv": [142, 7], "mirror": true},
						{"origin": [14.63256, -46.09724, -8.75795], "size": [3, 5, 0], "pivot": [0, 0, 0], "rotation": [13.5366, 3.4346, 173.1313], "uv": [142, 7], "mirror": true},
						{"origin": [4.23737, -49.19495, 0.00558], "size": [0, 4, 4], "pivot": [0, 0, 0], "rotation": [-4.8112, 2.0854, 155.6626], "uv": [131, -2]},
						{"origin": [26.53345, -39.49265, 0.00558], "size": [0, 4, 4], "pivot": [0, 0, 0], "rotation": [-2.7474, 4.4669, -169.357], "uv": [131, -2], "mirror": true},
						{"origin": [14.63256, -40.53748, 26.29083], "size": [3, 3, 0], "pivot": [0, 0, 0], "rotation": [-38.9634, 3.4346, 173.1313], "uv": [142, 7], "mirror": true},
						{"origin": [14.63256, -47.91211, -9.96077], "size": [3, 3, 0], "pivot": [0, 0, 0], "rotation": [13.5366, 3.4346, 173.1313], "uv": [142, 7], "mirror": true},
						{"origin": [5.17037, -51.83077, 0.00554], "size": [0, 3, 4], "pivot": [0, 0, 0], "rotation": [-4.7159, 2.293, 158.1557], "uv": [139, 0], "mirror": true},
						{"origin": [27.73627, -42.30751, 0.00558], "size": [0, 3, 4], "pivot": [0, 0, 0], "rotation": [-2.7474, 4.4669, -169.357], "uv": [139, 0], "mirror": true},
						{"origin": [-3.74789, -45.33947, 19.87901], "size": [2, 2, 4], "pivot": [0, 0, 0], "rotation": [-148.9707, 83.2073, 31.6979], "uv": [99, 96]},
						{"origin": [-17.20828, -45.11403, 19.87896], "size": [2, 3, 4], "pivot": [0, 0, 0], "rotation": [-105.8601, 68.2313, 75.7096], "uv": [40, 28]},
						{"origin": [-16.65315, -39.43996, 25.61098], "size": [2, 3, 1], "pivot": [0, 0, 0], "rotation": [-115.8601, 68.2313, 75.7096], "uv": [0, 49]},
						{"origin": [-5.19145, 22.59929, -3.73735], "size": [18, 13, 11], "inflate": 0.01, "pivot": [0, 0, 0], "rotation": [2.4621, 0.434, -9.9907], "uv": [0, 0]},
						{"origin": [-1.19145, 19.59929, -2.73735], "size": [10, 2, 8], "inflate": -0.01, "pivot": [0, 0, 0], "rotation": [2.4621, 0.434, -9.9907], "uv": [112, 138]},
						{"origin": [-2.29145, 21.59929, -3.73735], "size": [12.2, 1, 11], "pivot": [0, 0, 0], "rotation": [2.4621, 0.434, -9.9907], "uv": [102, 126]},
						{"origin": [-3.19145, 21.59929, -3.73735], "size": [14, 12, 11], "pivot": [0, 0, 0], "rotation": [2.4621, 0.434, -9.9907], "uv": [0, 25]},
						{"origin": [-2.19145, 21.69929, -3.63735], "size": [12, 11, 9], "pivot": [0, 0, 0], "rotation": [2.4621, 0.434, -9.9907], "uv": [42, 40]},
						{"origin": [-2.19145, 21.59929, -3.73735], "size": [12, 0, 11], "pivot": [0, 0, 0], "rotation": [2.4621, 0.434, -9.9907], "uv": [-4, 109]},
						{"origin": [-3.19145, 22.59929, -3.73735], "size": [14, 0, 11], "pivot": [0, 0, 0], "rotation": [2.4621, 0.434, -9.9907], "uv": [81, 106]},
						{"origin": [-5.19145, 26.59929, -3.73735], "size": [18, 0, 11], "pivot": [0, 0, 0], "rotation": [2.4621, 0.434, -9.9907], "uv": [101, 78]},
						{"origin": [-5.19145, 33.59929, -3.73735], "size": [18, 0, 11], "pivot": [0, 0, 0], "rotation": [2.4621, 0.434, -9.9907], "uv": [81, 117]},
						{"origin": [-1.19145, 19.59929, -2.73735], "size": [10, 2, 0], "inflate": -0.01, "pivot": [0, 0, 0], "rotation": [2.4621, 0.434, -9.9907], "uv": [92, 146]},
						{"origin": [4.80855, 28.59929, -4.73735], "size": [3, 3, 1], "pivot": [0, 0, 0], "rotation": [2.4621, 0.434, -9.9907], "uv": [0, 31]},
						{"origin": [4.80855, 28.59929, -3.73735], "size": [3, 3, 1], "pivot": [0, 0, 0], "rotation": [2.4621, 0.434, -9.9907], "uv": [0, 31]},
						{"origin": [4.80855, 28.69929, -5.18735], "size": [3, 3, 2], "inflate": -0.2, "pivot": [0, 0, 0], "rotation": [2.4621, 0.434, -9.9907], "uv": [0, 25]},
						{"origin": [-0.19145, 27.59929, -4.73735], "size": [3, 3, 1], "pivot": [0, 0, 0], "rotation": [2.4621, 0.434, -9.9907], "uv": [0, 6]},
						{"origin": [-0.19145, 27.59929, -3.73735], "size": [3, 3, 1], "pivot": [0, 0, 0], "rotation": [2.4621, 0.434, -9.9907], "uv": [0, 6]},
						{"origin": [-0.19145, 27.49929, -5.18735], "size": [3, 3, 2], "inflate": -0.2, "pivot": [0, 0, 0], "rotation": [2.4621, 0.434, -9.9907], "uv": [0, 0]},
						{"origin": [-3.19145, 21.59929, -3.53735], "size": [14, 7, 1], "inflate": 0.5, "pivot": [0, 0, 0], "rotation": [2.4621, 0.434, -9.9907], "uv": [8, 120]}
					]
				}
			]
		}
	]
}