{
	"format_version": "1.12.0",
	"minecraft:geometry": [
		{
			"description": {
				"identifier": "geometry.huggy_wuggy_bd_statue2",
				"texture_width": 148,
				"texture_height": 148,
				"visible_bounds_width": 7,
				"visible_bounds_height": 8.5,
				"visible_bounds_offset": [0, 3.75, 0]
			},
			"bones": [
				{
					"name": "bone",
					"pivot": [0, 0, 0],
					"cubes": [
						{"origin": [-4.86115, 35.92258, -4.64603], "size": [4, 4, 4], "pivot": [0, 0, 0], "rotation": [-2.5, 17.5, 0], "uv": [34, 77]},
						{"origin": [-4.86115, 31.92258, -4.64603], "size": [4, 4, 4], "inflate": 0.01, "pivot": [0, 0, 0], "rotation": [-2.5, 17.5, 0], "uv": [51, 77]},
						{"origin": [-4.86115, 27.92258, -4.64603], "size": [4, 4, 4], "pivot": [0, 0, 0], "rotation": [-2.5, 17.5, 0], "uv": [64, 82]},
						{"origin": [-4.86115, 24.04694, -2.20235], "size": [4, 4, 4], "inflate": 0.01, "pivot": [0, 0, 0], "rotation": [2.5, 17.5, 0], "uv": [81, 82]},
						{"origin": [-4.86115, 20.04694, -2.20235], "size": [4, 4, 4], "pivot": [0, 0, 0], "rotation": [2.5, 17.5, 0], "uv": [85, 41]},
						{"origin": [-4.86115, 16.04694, -2.20235], "size": [4, 4, 4], "inflate": 0.01, "pivot": [0, 0, 0], "rotation": [2.5, 17.5, 0], "uv": [85, 41]},
						{"origin": [-4.86115, 12.04694, -2.20235], "size": [4, 4, 4], "pivot": [0, 0, 0], "rotation": [2.5, 17.5, 0], "uv": [85, 50]},
						{"origin": [-4.86115, 8.04694, -2.20235], "size": [4, 4, 4], "inflate": 0.01, "pivot": [0, 0, 0], "rotation": [2.5, 17.5, 0], "uv": [85, 50]},
						{"origin": [-4.86115, 4.04694, -2.20235], "size": [4, 4, 4], "pivot": [0, 0, 0], "rotation": [2.5, 17.5, 0], "uv": [0, 86]},
						{"origin": [-2.79079, 1.12242, -4.88174], "size": [0, 7, 4], "pivot": [0, 0, 0], "rotation": [151.1566, 69.9223, 149.6136], "uv": [140, 8], "mirror": true},
						{"origin": [0.46244, 1.08182, -2.20236], "size": [0, 7, 4], "pivot": [0, 0, 0], "rotation": [-0.6764, 17.6596, -10.4899], "uv": [140, 8], "mirror": true},
						{"origin": [-6.09781, 0.08816, -2.20235], "size": [0, 7, 4], "pivot": [0, 0, 0], "rotation": [5.5858, 16.7929, 10.4403], "uv": [140, 8], "mirror": true},
						{"origin": [3.80362, 0.59117, -4.88174], "size": [0, 7, 4], "pivot": [0, 0, 0], "rotation": [-151.1566, 69.9223, -149.6136], "uv": [140, 8], "mirror": true},
						{"origin": [-4.86115, 2.04694, -2.20235], "size": [4, 2, 4], "inflate": 0.01, "pivot": [0, 0, 0], "rotation": [2.5, 17.5, 0], "uv": [98, 37]},
						{"origin": [-4.86115, 0.03617, -3.29145], "size": [4, 2, 4], "inflate": 0.01, "pivot": [0, 0, 0], "rotation": [0, 17.5, 0], "uv": [48, 0]},
						{"origin": [-3.25092, 0.03617, -3.91903], "size": [2, 2, 4], "pivot": [0, 0, 0], "rotation": [0, -2.5, 0], "uv": [86, 100]},
						{"origin": [-4.86115, 0.03617, -6.29145], "size": [4, 2, 3], "inflate": 0.01, "pivot": [0, 0, 0], "rotation": [0, 17.5, 0], "uv": [100, 22]},
						{"origin": [0.86115, 35.76916, -6.38491], "size": [4, 4, 4], "pivot": [0, 0, 0], "rotation": [-5, -17.5, 0], "uv": [17, 77]},
						{"origin": [0.86115, 31.76916, -6.38491], "size": [4, 4, 4], "inflate": 0.01, "pivot": [0, 0, 0], "rotation": [-5, -17.5, 0], "uv": [0, 77]},
						{"origin": [0.86115, 27.76916, -6.38491], "size": [4, 4, 4], "pivot": [0, 0, 0], "rotation": [-5, -17.5, 0], "uv": [76, 61]},
						{"origin": [0.86115, 23.76916, -6.38491], "size": [4, 4, 4], "inflate": 0.01, "pivot": [0, 0, 0], "rotation": [-5, -17.5, 0], "uv": [76, 32]},
						{"origin": [0.86115, 19.76916, -6.38491], "size": [4, 4, 4], "pivot": [0, 0, 0], "rotation": [-5, -17.5, 0], "uv": [72, 73]},
						{"origin": [0.86115, 16.07611, -4.64523], "size": [4, 4, 4], "inflate": 0.01, "pivot": [0, 0, 0], "rotation": [0, -17.5, 0], "uv": [72, 73]},
						{"origin": [0.86115, 12.07611, -4.64523], "size": [4, 4, 4], "pivot": [0, 0, 0], "rotation": [0, -17.5, 0], "uv": [17, 68]},
						{"origin": [0.86115, 8.07611, -4.64523], "size": [4, 4, 4], "inflate": 0.01, "pivot": [0, 0, 0], "rotation": [0, -17.5, 0], "uv": [17, 68]},
						{"origin": [0.86115, 4.07611, -4.64523], "size": [4, 4, 4], "pivot": [0, 0, 0], "rotation": [0, -17.5, 0], "uv": [0, 68]},
						{"origin": [0.37261, 1.4702, -4.88174], "size": [0, 7, 4], "pivot": [0, 0, 0], "rotation": [157.5116, -71.0069, -156.3556], "uv": [140, 8]},
						{"origin": [-0.46751, 1.11054, -4.64523], "size": [0, 7, 4], "pivot": [0, 0, 0], "rotation": [-3.1339, -17.2258, 10.4748], "uv": [140, 8]},
						{"origin": [6.10287, 0.11688, -4.64523], "size": [0, 7, 4], "pivot": [0, 0, 0], "rotation": [3.1339, -17.2258, -10.4748], "uv": [140, 8]},
						{"origin": [-6.19491, 0.09091, -4.88174], "size": [0, 7, 4], "pivot": [0, 0, 0], "rotation": [-145.532, -68.6085, 143.6006], "uv": [140, 8]},
						{"origin": [0.86115, 2.07611, -4.64523], "size": [4, 2, 4], "inflate": 0.01, "pivot": [0, 0, 0], "rotation": [0, -17.5, 0], "uv": [96, 9]},
						{"origin": [0.86115, 0.07611, -5.64523], "size": [4, 2, 4], "inflate": 0.01, "pivot": [0, 0, 0], "rotation": [0, -17.5, 0], "uv": [51, 32]},
						{"origin": [0.86115, 0.07611, -8.64523], "size": [4, 2, 3], "inflate": 0.01, "pivot": [0, 0, 0], "rotation": [0, -17.5, 0], "uv": [98, 84]},
						{"origin": [2.05596, 0.07611, -6.13087], "size": [2, 2, 4], "pivot": [0, 0, 0], "rotation": [0, 2.5, 0], "uv": [73, 100]},
						{"origin": [-5, 39.84779, -7.48623], "size": [10, 7, 8], "pivot": [0, 0, 0], "rotation": [-5, 0, 0], "uv": [59, 0]},
						{"origin": [-5, 37.84779, -7.48623], "size": [10, 2, 8], "pivot": [0, 0, 0], "rotation": [-5, 0, 0], "uv": [112, 19]}
					]
				}
			]
		}
	]
}