{
	"format_version": "1.8.0",
	"animations": {
		"animation.huggy_wuggy.new": {
			"loop": true
		},
		"animation.ftl_huggy_wuggy.looking": {
			"loop": true,
			"bones": {
				"head": {
					"rotation": ["query.target_x_rotation", "query.target_y_rotation", 0]
				}
			}
		},
		"animation.huggy_wuggy.running": {
			"loop": true,
			"animation_length": 0.66667,
			"bones": {
				"waist": {
					"position": {
						"0.0": {
							"post": [0, -1, 0],
							"lerp_mode": "catmullrom"
						},
						"0.0833": {
							"post": [0, -0.2, 0],
							"lerp_mode": "catmullrom"
						},
						"0.1667": {
							"post": [0, 0, 0],
							"lerp_mode": "catmullrom"
						},
						"0.3333": {
							"post": [0, -1, 0],
							"lerp_mode": "catmullrom"
						},
						"0.4167": {
							"post": [0, -0.2, 0],
							"lerp_mode": "catmullrom"
						},
						"0.5": {
							"post": [0, 0, 0],
							"lerp_mode": "catmullrom"
						},
						"0.6667": {
							"post": [0, -1, 0],
							"lerp_mode": "catmullrom"
						}
					}
				},
				"body": {
					"rotation": {
						"0.0": {
							"post": [7.5, 5, 5],
							"lerp_mode": "catmullrom"
						},
						"0.1667": {
							"post": [10, 0, 0],
							"lerp_mode": "catmullrom"
						},
						"0.3333": {
							"post": [7.5, -5, -5],
							"lerp_mode": "catmullrom"
						},
						"0.5": {
							"post": [10, 0, 0],
							"lerp_mode": "catmullrom"
						},
						"0.6667": {
							"post": [7.5, 5, 5],
							"lerp_mode": "catmullrom"
						}
					}
				},
				"head": {
					"rotation": {
						"0.0": {
							"post": [3.78138, -0.36712, 16.88378],
							"lerp_mode": "catmullrom"
						},
						"0.1667": {
							"post": [-1.22, 4.63, 6.88],
							"lerp_mode": "catmullrom"
						},
						"0.3333": {
							"post": [3.78138, 0.3671, 9.38378],
							"lerp_mode": "catmullrom"
						},
						"0.5": {
							"post": [-1.22, 4.63, 6.88],
							"lerp_mode": "catmullrom"
						},
						"0.6667": {
							"post": [3.78138, -0.36712, 16.88378],
							"lerp_mode": "catmullrom"
						}
					}
				},
				"rightarm": {
					"rotation": {
						"0.0": {
							"post": [5, -35, 10],
							"lerp_mode": "catmullrom"
						},
						"0.0833": {
							"post": [0, -35, 16.25],
							"lerp_mode": "catmullrom"
						},
						"0.3333": {
							"post": [-5, -35, 15],
							"lerp_mode": "catmullrom"
						},
						"0.4167": {
							"post": [0, -35, 18.75],
							"lerp_mode": "catmullrom"
						},
						"0.6667": {
							"post": [5, -35, 10],
							"lerp_mode": "catmullrom"
						}
					}
				},
				"rightarmpeice": {
					"rotation": {
						"0.0": {
							"post": [-5, 0, -2.5],
							"lerp_mode": "catmullrom"
						},
						"0.1667": {
							"post": [-17.5, 0, -10],
							"lerp_mode": "catmullrom"
						},
						"0.3333": {
							"post": [-22.5, 0, -2.5],
							"lerp_mode": "catmullrom"
						},
						"0.5": {
							"post": [-10, 0, -17.5],
							"lerp_mode": "catmullrom"
						},
						"0.6667": {
							"post": [-5, 0, -2.5],
							"lerp_mode": "catmullrom"
						}
					}
				},
				"rightarmpeice2": {
					"rotation": {
						"0.0": {
							"post": [2.5, 0, -5],
							"lerp_mode": "catmullrom"
						},
						"0.1667": {
							"post": [-10, 0, 2.5],
							"lerp_mode": "catmullrom"
						},
						"0.3333": {
							"post": [-17.5, 0, -5],
							"lerp_mode": "catmullrom"
						},
						"0.5": {
							"post": [-10, 32.5, 17.5],
							"lerp_mode": "catmullrom"
						},
						"0.6667": {
							"post": [2.5, 0, -5],
							"lerp_mode": "catmullrom"
						}
					}
				},
				"leftarm": {
					"rotation": {
						"0.0": {
							"post": [-5, 35, -15],
							"lerp_mode": "catmullrom"
						},
						"0.0833": {
							"post": [0, 35, -18.75],
							"lerp_mode": "catmullrom"
						},
						"0.3333": {
							"post": [5, 35, -10],
							"lerp_mode": "catmullrom"
						},
						"0.4167": {
							"post": [0, 35, -16.25],
							"lerp_mode": "catmullrom"
						},
						"0.6667": {
							"post": [-5, 35, -15],
							"lerp_mode": "catmullrom"
						}
					}
				},
				"leftarmpeice": {
					"rotation": {
						"0.0": {
							"post": [-22.5, 0, 2.5],
							"lerp_mode": "catmullrom"
						},
						"0.1667": {
							"post": [-10, 0, 17.5],
							"lerp_mode": "catmullrom"
						},
						"0.3333": {
							"post": [-5, 0, 2.5],
							"lerp_mode": "catmullrom"
						},
						"0.5": {
							"post": [-17.5, 0, 10],
							"lerp_mode": "catmullrom"
						},
						"0.6667": {
							"post": [-22.5, 0, 2.5],
							"lerp_mode": "catmullrom"
						}
					}
				},
				"leftarmpeice2": {
					"rotation": {
						"0.0": {
							"post": [-17.5, 0, 5],
							"lerp_mode": "catmullrom"
						},
						"0.1667": {
							"post": [-10, -32.5, -17.5],
							"lerp_mode": "catmullrom"
						},
						"0.3333": {
							"post": [2.5, 0, 5],
							"lerp_mode": "catmullrom"
						},
						"0.5": {
							"post": [-10, 0, -2.5],
							"lerp_mode": "catmullrom"
						},
						"0.6667": {
							"post": [-17.5, 0, 5],
							"lerp_mode": "catmullrom"
						}
					}
				},
				"rightleg": {
					"rotation": {
						"0.0": {
							"post": [-22.5, 15, 2.5],
							"lerp_mode": "catmullrom"
						},
						"0.1667": {
							"post": [0, 0, 2.5],
							"lerp_mode": "catmullrom"
						},
						"0.3333": {
							"post": [12.5, 7.5, 7.5],
							"lerp_mode": "catmullrom"
						},
						"0.5": {
							"post": [-45, 12.5, 5],
							"lerp_mode": "catmullrom"
						},
						"0.6667": {
							"post": [-22.5, 15, 2.5],
							"lerp_mode": "catmullrom"
						}
					}
				},
				"rightlegpeice": {
					"rotation": {
						"0.0": {
							"post": [20, 0, 0],
							"lerp_mode": "catmullrom"
						},
						"0.0417": {
							"post": [20, 0, 12.5],
							"lerp_mode": "catmullrom"
						},
						"0.1667": {
							"post": [0, 0, 0],
							"lerp_mode": "catmullrom"
						},
						"0.3333": {
							"post": [10, 0, 0],
							"lerp_mode": "catmullrom"
						},
						"0.375": {
							"post": [7.5, 0, -12.5],
							"lerp_mode": "catmullrom"
						},
						"0.5": {
							"post": [45, 0, 0],
							"lerp_mode": "catmullrom"
						},
						"0.5833": {
							"post": [20, 0, 0],
							"lerp_mode": "catmullrom"
						},
						"0.6667": {
							"post": [20, 0, 0],
							"lerp_mode": "catmullrom"
						}
					}
				},
				"rightlegpeice2": {
					"rotation": {
						"0.0": {
							"post": [7.5, 0, -2.5],
							"lerp_mode": "catmullrom"
						},
						"0.0417": {
							"post": [6.25, 0, -14.38],
							"lerp_mode": "catmullrom"
						},
						"0.1667": {
							"post": [0, 0, -2.5],
							"lerp_mode": "catmullrom"
						},
						"0.3333": {
							"post": [15, 0, -10],
							"lerp_mode": "catmullrom"
						},
						"0.375": {
							"post": [11.25, 0, 16.87],
							"lerp_mode": "catmullrom"
						},
						"0.5": {
							"post": [27.5, 0, 0],
							"lerp_mode": "catmullrom"
						},
						"0.5833": {
							"post": [5, 0, -1.25],
							"lerp_mode": "catmullrom"
						},
						"0.6667": {
							"post": [7.5, 0, -2.5],
							"lerp_mode": "catmullrom"
						}
					}
				},
				"rightfoot": {
					"rotation": {
						"0.0": {
							"post": [-5, 0, 0],
							"lerp_mode": "catmullrom"
						},
						"0.1667": {
							"post": [0, 0, 0],
							"lerp_mode": "catmullrom"
						},
						"0.25": {
							"post": [-17.5, 3.75, -5],
							"lerp_mode": "catmullrom"
						},
						"0.3333": {
							"post": [-15, 7.5, -10],
							"lerp_mode": "catmullrom"
						},
						"0.4167": {
							"post": [-7.5, 7.5, -10],
							"lerp_mode": "catmullrom"
						},
						"0.5": {
							"post": [30, 7.5, -10],
							"lerp_mode": "catmullrom"
						},
						"0.5833": {
							"post": [-7.5, 3.75, -5],
							"lerp_mode": "catmullrom"
						},
						"0.6667": {
							"post": [-5, 0, 0],
							"lerp_mode": "catmullrom"
						}
					}
				},
				"leftleg": {
					"rotation": {
						"0.0": {
							"post": [12.5, -7.5, -7.5],
							"lerp_mode": "catmullrom"
						},
						"0.1667": {
							"post": [-45, -12.5, -5],
							"lerp_mode": "catmullrom"
						},
						"0.3333": {
							"post": [-22.5, -15, -2.5],
							"lerp_mode": "catmullrom"
						},
						"0.5": {
							"post": [0, 0, -2.5],
							"lerp_mode": "catmullrom"
						},
						"0.6667": {
							"post": [12.5, -7.5, -7.5],
							"lerp_mode": "catmullrom"
						}
					}
				},
				"leftlegpeice": {
					"rotation": {
						"0.0": {
							"post": [10, 0, 0],
							"lerp_mode": "catmullrom"
						},
						"0.0417": {
							"post": [7.5, 0, 12.5],
							"lerp_mode": "catmullrom"
						},
						"0.1667": {
							"post": [45, 0, 0],
							"lerp_mode": "catmullrom"
						},
						"0.25": {
							"post": [20, 0, 0],
							"lerp_mode": "catmullrom"
						},
						"0.3333": {
							"post": [20, 0, 0],
							"lerp_mode": "catmullrom"
						},
						"0.375": {
							"post": [20, 0, -10],
							"lerp_mode": "catmullrom"
						},
						"0.5": {
							"post": [0, 0, 0],
							"lerp_mode": "catmullrom"
						},
						"0.6667": {
							"post": [10, 0, 0],
							"lerp_mode": "catmullrom"
						}
					}
				},
				"leftlegpeice2": {
					"rotation": {
						"0.0": {
							"post": [15, 0, 10],
							"lerp_mode": "catmullrom"
						},
						"0.0417": {
							"post": [11.25, 0, -16.87],
							"lerp_mode": "catmullrom"
						},
						"0.1667": {
							"post": [27.5, 0, 0],
							"lerp_mode": "catmullrom"
						},
						"0.25": {
							"post": [5, 0, 1.25],
							"lerp_mode": "catmullrom"
						},
						"0.3333": {
							"post": [7.5, 0, 2.5],
							"lerp_mode": "catmullrom"
						},
						"0.375": {
							"post": [6.25, 0, 14.38],
							"lerp_mode": "catmullrom"
						},
						"0.5": {
							"post": [0, 0, 2.5],
							"lerp_mode": "catmullrom"
						},
						"0.6667": {
							"post": [15, 0, 10],
							"lerp_mode": "catmullrom"
						}
					}
				},
				"leftfoot": {
					"rotation": {
						"0.0": {
							"post": [-15, -7.5, 10],
							"lerp_mode": "catmullrom"
						},
						"0.0833": {
							"post": [-7.5, -7.5, 10],
							"lerp_mode": "catmullrom"
						},
						"0.1667": {
							"post": [30, -7.5, 10],
							"lerp_mode": "catmullrom"
						},
						"0.25": {
							"post": [-7.5, -3.75, 5],
							"lerp_mode": "catmullrom"
						},
						"0.3333": {
							"post": [-5, 0, 0],
							"lerp_mode": "catmullrom"
						},
						"0.5": {
							"post": [0, 0, 0],
							"lerp_mode": "catmullrom"
						},
						"0.6667": {
							"post": [-15, -7.5, 10],
							"lerp_mode": "catmullrom"
						}
					}
				}
			}
		},
		"animation.huggy_wuggy.moving": {
			"loop": true,
			"animation_length": 0.66667,
			"bones": {
				"waist": {
					"position": {
						"0.0": {
							"post": [0, -1, 0],
							"lerp_mode": "catmullrom"
						},
						"0.0833": {
							"post": [0, -0.2, 0],
							"lerp_mode": "catmullrom"
						},
						"0.1667": {
							"post": [0, 0, 0],
							"lerp_mode": "catmullrom"
						},
						"0.3333": {
							"post": [0, -1, 0],
							"lerp_mode": "catmullrom"
						},
						"0.4167": {
							"post": [0, -0.2, 0],
							"lerp_mode": "catmullrom"
						},
						"0.5": {
							"post": [0, 0, 0],
							"lerp_mode": "catmullrom"
						},
						"0.6667": {
							"post": [0, -1, 0],
							"lerp_mode": "catmullrom"
						}
					}
				},
				"body": {
					"rotation": {
						"0.0": {
							"post": [7.5, 5, 5],
							"lerp_mode": "catmullrom"
						},
						"0.1667": {
							"post": [10, 0, 0],
							"lerp_mode": "catmullrom"
						},
						"0.3333": {
							"post": [7.5, -5, -5],
							"lerp_mode": "catmullrom"
						},
						"0.5": {
							"post": [10, 0, 0],
							"lerp_mode": "catmullrom"
						},
						"0.6667": {
							"post": [7.5, 5, 5],
							"lerp_mode": "catmullrom"
						}
					}
				},
				"head": {
					"rotation": {
						"0.0": {
							"post": [3.78138, -0.36712, 16.88378],
							"lerp_mode": "catmullrom"
						},
						"0.1667": {
							"post": [-1.22, 4.63, 6.88],
							"lerp_mode": "catmullrom"
						},
						"0.3333": {
							"post": [3.78138, 0.3671, 9.38378],
							"lerp_mode": "catmullrom"
						},
						"0.5": {
							"post": [-1.22, 4.63, 6.88],
							"lerp_mode": "catmullrom"
						},
						"0.6667": {
							"post": [3.78138, -0.36712, 16.88378],
							"lerp_mode": "catmullrom"
						}
					}
				},
				"rightarm": {
					"rotation": {
						"0.0": {
							"post": [5, -35, 10],
							"lerp_mode": "catmullrom"
						},
						"0.0833": {
							"post": [0, -35, 16.25],
							"lerp_mode": "catmullrom"
						},
						"0.3333": {
							"post": [-5, -35, 15],
							"lerp_mode": "catmullrom"
						},
						"0.4167": {
							"post": [0, -35, 18.75],
							"lerp_mode": "catmullrom"
						},
						"0.6667": {
							"post": [5, -35, 10],
							"lerp_mode": "catmullrom"
						}
					}
				},
				"rightarmpeice": {
					"rotation": {
						"0.0": {
							"post": [-5, 0, -2.5],
							"lerp_mode": "catmullrom"
						},
						"0.1667": {
							"post": [-17.5, 0, -10],
							"lerp_mode": "catmullrom"
						},
						"0.3333": {
							"post": [-22.5, 0, -2.5],
							"lerp_mode": "catmullrom"
						},
						"0.5": {
							"post": [-10, 0, -17.5],
							"lerp_mode": "catmullrom"
						},
						"0.6667": {
							"post": [-5, 0, -2.5],
							"lerp_mode": "catmullrom"
						}
					}
				},
				"rightarmpeice2": {
					"rotation": {
						"0.0": {
							"post": [2.5, 0, -5],
							"lerp_mode": "catmullrom"
						},
						"0.1667": {
							"post": [-10, 0, 2.5],
							"lerp_mode": "catmullrom"
						},
						"0.3333": {
							"post": [-17.5, 0, -5],
							"lerp_mode": "catmullrom"
						},
						"0.5": {
							"post": [-10, 32.5, 17.5],
							"lerp_mode": "catmullrom"
						},
						"0.6667": {
							"post": [2.5, 0, -5],
							"lerp_mode": "catmullrom"
						}
					}
				},
				"leftarm": {
					"rotation": {
						"0.0": {
							"post": [-5, 35, -15],
							"lerp_mode": "catmullrom"
						},
						"0.0833": {
							"post": [0, 35, -18.75],
							"lerp_mode": "catmullrom"
						},
						"0.3333": {
							"post": [5, 35, -10],
							"lerp_mode": "catmullrom"
						},
						"0.4167": {
							"post": [0, 35, -16.25],
							"lerp_mode": "catmullrom"
						},
						"0.6667": {
							"post": [-5, 35, -15],
							"lerp_mode": "catmullrom"
						}
					}
				},
				"leftarmpeice": {
					"rotation": {
						"0.0": {
							"post": [-22.5, 0, 2.5],
							"lerp_mode": "catmullrom"
						},
						"0.1667": {
							"post": [-10, 0, 17.5],
							"lerp_mode": "catmullrom"
						},
						"0.3333": {
							"post": [-5, 0, 2.5],
							"lerp_mode": "catmullrom"
						},
						"0.5": {
							"post": [-17.5, 0, 10],
							"lerp_mode": "catmullrom"
						},
						"0.6667": {
							"post": [-22.5, 0, 2.5],
							"lerp_mode": "catmullrom"
						}
					}
				},
				"leftarmpeice2": {
					"rotation": {
						"0.0": {
							"post": [-17.5, 0, 5],
							"lerp_mode": "catmullrom"
						},
						"0.1667": {
							"post": [-10, -32.5, -17.5],
							"lerp_mode": "catmullrom"
						},
						"0.3333": {
							"post": [2.5, 0, 5],
							"lerp_mode": "catmullrom"
						},
						"0.5": {
							"post": [-10, 0, -2.5],
							"lerp_mode": "catmullrom"
						},
						"0.6667": {
							"post": [-17.5, 0, 5],
							"lerp_mode": "catmullrom"
						}
					}
				},
				"rightleg": {
					"rotation": {
						"0.0": {
							"post": [-22.5, 15, 2.5],
							"lerp_mode": "catmullrom"
						},
						"0.1667": {
							"post": [0, 0, 2.5],
							"lerp_mode": "catmullrom"
						},
						"0.3333": {
							"post": [12.5, 7.5, 7.5],
							"lerp_mode": "catmullrom"
						},
						"0.5": {
							"post": [-45, 12.5, 5],
							"lerp_mode": "catmullrom"
						},
						"0.6667": {
							"post": [-22.5, 15, 2.5],
							"lerp_mode": "catmullrom"
						}
					}
				},
				"rightlegpeice": {
					"rotation": {
						"0.0": {
							"post": [20, 0, 0],
							"lerp_mode": "catmullrom"
						},
						"0.0417": {
							"post": [20, 0, 12.5],
							"lerp_mode": "catmullrom"
						},
						"0.1667": {
							"post": [0, 0, 0],
							"lerp_mode": "catmullrom"
						},
						"0.3333": {
							"post": [10, 0, 0],
							"lerp_mode": "catmullrom"
						},
						"0.375": {
							"post": [7.5, 0, -12.5],
							"lerp_mode": "catmullrom"
						},
						"0.5": {
							"post": [45, 0, 0],
							"lerp_mode": "catmullrom"
						},
						"0.5833": {
							"post": [20, 0, 0],
							"lerp_mode": "catmullrom"
						},
						"0.6667": {
							"post": [20, 0, 0],
							"lerp_mode": "catmullrom"
						}
					}
				},
				"rightlegpeice2": {
					"rotation": {
						"0.0": {
							"post": [7.5, 0, -2.5],
							"lerp_mode": "catmullrom"
						},
						"0.0417": {
							"post": [6.25, 0, -14.38],
							"lerp_mode": "catmullrom"
						},
						"0.1667": {
							"post": [0, 0, -2.5],
							"lerp_mode": "catmullrom"
						},
						"0.3333": {
							"post": [15, 0, -10],
							"lerp_mode": "catmullrom"
						},
						"0.375": {
							"post": [11.25, 0, 16.87],
							"lerp_mode": "catmullrom"
						},
						"0.5": {
							"post": [27.5, 0, 0],
							"lerp_mode": "catmullrom"
						},
						"0.5833": {
							"post": [5, 0, -1.25],
							"lerp_mode": "catmullrom"
						},
						"0.6667": {
							"post": [7.5, 0, -2.5],
							"lerp_mode": "catmullrom"
						}
					}
				},
				"rightfoot": {
					"rotation": {
						"0.0": {
							"post": [-5, 0, 0],
							"lerp_mode": "catmullrom"
						},
						"0.1667": {
							"post": [0, 0, 0],
							"lerp_mode": "catmullrom"
						},
						"0.25": {
							"post": [-17.5, 3.75, -5],
							"lerp_mode": "catmullrom"
						},
						"0.3333": {
							"post": [-15, 7.5, -10],
							"lerp_mode": "catmullrom"
						},
						"0.4167": {
							"post": [-7.5, 7.5, -10],
							"lerp_mode": "catmullrom"
						},
						"0.5": {
							"post": [30, 7.5, -10],
							"lerp_mode": "catmullrom"
						},
						"0.5833": {
							"post": [-7.5, 3.75, -5],
							"lerp_mode": "catmullrom"
						},
						"0.6667": {
							"post": [-5, 0, 0],
							"lerp_mode": "catmullrom"
						}
					}
				},
				"leftleg": {
					"rotation": {
						"0.0": {
							"post": [12.5, -7.5, -7.5],
							"lerp_mode": "catmullrom"
						},
						"0.1667": {
							"post": [-45, -12.5, -5],
							"lerp_mode": "catmullrom"
						},
						"0.3333": {
							"post": [-22.5, -15, -2.5],
							"lerp_mode": "catmullrom"
						},
						"0.5": {
							"post": [0, 0, -2.5],
							"lerp_mode": "catmullrom"
						},
						"0.6667": {
							"post": [12.5, -7.5, -7.5],
							"lerp_mode": "catmullrom"
						}
					}
				},
				"leftlegpeice": {
					"rotation": {
						"0.0": {
							"post": [10, 0, 0],
							"lerp_mode": "catmullrom"
						},
						"0.0417": {
							"post": [7.5, 0, 12.5],
							"lerp_mode": "catmullrom"
						},
						"0.1667": {
							"post": [45, 0, 0],
							"lerp_mode": "catmullrom"
						},
						"0.25": {
							"post": [20, 0, 0],
							"lerp_mode": "catmullrom"
						},
						"0.3333": {
							"post": [20, 0, 0],
							"lerp_mode": "catmullrom"
						},
						"0.375": {
							"post": [20, 0, -10],
							"lerp_mode": "catmullrom"
						},
						"0.5": {
							"post": [0, 0, 0],
							"lerp_mode": "catmullrom"
						},
						"0.6667": {
							"post": [10, 0, 0],
							"lerp_mode": "catmullrom"
						}
					}
				},
				"leftlegpeice2": {
					"rotation": {
						"0.0": {
							"post": [15, 0, 10],
							"lerp_mode": "catmullrom"
						},
						"0.0417": {
							"post": [11.25, 0, -16.87],
							"lerp_mode": "catmullrom"
						},
						"0.1667": {
							"post": [27.5, 0, 0],
							"lerp_mode": "catmullrom"
						},
						"0.25": {
							"post": [5, 0, 1.25],
							"lerp_mode": "catmullrom"
						},
						"0.3333": {
							"post": [7.5, 0, 2.5],
							"lerp_mode": "catmullrom"
						},
						"0.375": {
							"post": [6.25, 0, 14.38],
							"lerp_mode": "catmullrom"
						},
						"0.5": {
							"post": [0, 0, 2.5],
							"lerp_mode": "catmullrom"
						},
						"0.6667": {
							"post": [15, 0, 10],
							"lerp_mode": "catmullrom"
						}
					}
				},
				"leftfoot": {
					"rotation": {
						"0.0": {
							"post": [-15, -7.5, 10],
							"lerp_mode": "catmullrom"
						},
						"0.0833": {
							"post": [-7.5, -7.5, 10],
							"lerp_mode": "catmullrom"
						},
						"0.1667": {
							"post": [30, -7.5, 10],
							"lerp_mode": "catmullrom"
						},
						"0.25": {
							"post": [-7.5, -3.75, 5],
							"lerp_mode": "catmullrom"
						},
						"0.3333": {
							"post": [-5, 0, 0],
							"lerp_mode": "catmullrom"
						},
						"0.5": {
							"post": [0, 0, 0],
							"lerp_mode": "catmullrom"
						},
						"0.6667": {
							"post": [-15, -7.5, 10],
							"lerp_mode": "catmullrom"
						}
					}
				}
			}
		},
		"animation.huggy_wuggy.ducking": {
			"animation_length": 0.75,
			"bones": {
				"waist": {
					"position": {
						"0.0": {
							"post": [0, 0, 0],
							"lerp_mode": "catmullrom"
						},
						"0.0833": {
							"post": [0, -0.32, 0],
							"lerp_mode": "catmullrom"
						},
						"0.125": {
							"post": [0, -1, 0],
							"lerp_mode": "catmullrom"
						},
						"0.1667": {
							"post": [0, -1.74, 0],
							"lerp_mode": "catmullrom"
						},
						"0.25": {
							"post": [0, -4, 0],
							"lerp_mode": "catmullrom"
						},
						"0.375": {
							"post": [0, -2.12, 0],
							"lerp_mode": "catmullrom"
						},
						"0.5": {
							"post": [0, -1, 0],
							"lerp_mode": "catmullrom"
						},
						"0.625": {
							"post": [0, 0, 0],
							"lerp_mode": "catmullrom"
						},
						"0.75": {
							"post": [0, 0, 0],
							"lerp_mode": "catmullrom"
						}
					}
				},
				"body": {
					"rotation": {
						"0.0": {
							"post": [0, 0, 0],
							"lerp_mode": "catmullrom"
						},
						"0.25": {
							"post": [77.5, 0, 0],
							"lerp_mode": "catmullrom"
						},
						"0.75": {
							"post": [0, 0, 0],
							"lerp_mode": "catmullrom"
						}
					}
				},
				"head": {
					"rotation": {
						"0.0": {
							"post": [0, 0, 0],
							"lerp_mode": "catmullrom"
						},
						"0.25": {
							"post": [40, 0, 0],
							"lerp_mode": "catmullrom"
						},
						"0.75": {
							"post": [0, 0, 0],
							"lerp_mode": "catmullrom"
						}
					}
				},
				"rightarm": {
					"rotation": {
						"0.0": {
							"post": [0, 0, 0],
							"lerp_mode": "catmullrom"
						},
						"0.25": {
							"post": [-47.5, 22.5, 0],
							"lerp_mode": "catmullrom"
						},
						"0.75": {
							"post": [0, 0, 0],
							"lerp_mode": "catmullrom"
						}
					}
				},
				"rightarmpeice": {
					"rotation": {
						"0.0": {
							"post": [0, 0, 0],
							"lerp_mode": "catmullrom"
						},
						"0.25": {
							"post": [-42.5, 0, 0],
							"lerp_mode": "catmullrom"
						},
						"0.75": {
							"post": [0, 0, 0],
							"lerp_mode": "catmullrom"
						}
					}
				},
				"rightarmpeice2": {
					"rotation": {
						"0.0": {
							"post": [0, 0, 0],
							"lerp_mode": "catmullrom"
						},
						"0.25": {
							"post": [17.5, 0, -15],
							"lerp_mode": "catmullrom"
						},
						"0.75": {
							"post": [0, 0, 0],
							"lerp_mode": "catmullrom"
						}
					}
				},
				"righthand": {
					"rotation": {
						"0.0": {
							"post": [0, 0, 0],
							"lerp_mode": "catmullrom"
						},
						"0.25": {
							"post": [0, 0, 40],
							"lerp_mode": "catmullrom"
						},
						"0.75": {
							"post": [0, 0, 0],
							"lerp_mode": "catmullrom"
						}
					}
				},
				"leftarm": {
					"rotation": {
						"0.0": {
							"post": [0, 0, 0],
							"lerp_mode": "catmullrom"
						},
						"0.25": {
							"post": [-60, -20, 0],
							"lerp_mode": "catmullrom"
						},
						"0.75": {
							"post": [0, 0, 0],
							"lerp_mode": "catmullrom"
						}
					}
				},
				"leftarmpeice": {
					"rotation": {
						"0.0": {
							"post": [0, 0, 0],
							"lerp_mode": "catmullrom"
						},
						"0.25": {
							"post": [-25, 0, 25],
							"lerp_mode": "catmullrom"
						},
						"0.75": {
							"post": [0, 0, 0],
							"lerp_mode": "catmullrom"
						}
					}
				},
				"leftarmpeice2": {
					"rotation": {
						"0.0": {
							"post": [0, 0, 0],
							"lerp_mode": "catmullrom"
						},
						"0.25": {
							"post": [15, 0, -15],
							"lerp_mode": "catmullrom"
						},
						"0.75": {
							"post": [0, 0, 0],
							"lerp_mode": "catmullrom"
						}
					}
				},
				"lefthand": {
					"rotation": {
						"0.0": {
							"post": [0, 0, 0],
							"lerp_mode": "catmullrom"
						},
						"0.25": {
							"post": [0, 0, -55],
							"lerp_mode": "catmullrom"
						},
						"0.75": {
							"post": [0, 0, 0],
							"lerp_mode": "catmullrom"
						}
					}
				},
				"rightleg": {
					"rotation": {
						"0.0": {
							"post": [0, 0, 0],
							"lerp_mode": "catmullrom"
						},
						"0.25": {
							"post": [-35, 17.5, 15],
							"lerp_mode": "catmullrom"
						},
						"0.75": {
							"post": [0, 0, 0],
							"lerp_mode": "catmullrom"
						}
					}
				},
				"rightlegpeice": {
					"rotation": {
						"0.0": {
							"post": [0, 0, 0],
							"lerp_mode": "catmullrom"
						},
						"0.25": {
							"post": [50, 0, -22.5],
							"lerp_mode": "catmullrom"
						},
						"0.75": {
							"post": [0, 0, 0],
							"lerp_mode": "catmullrom"
						}
					}
				},
				"rightlegpeice2": {
					"rotation": {
						"0.0": {
							"post": [0, 0, 0],
							"lerp_mode": "catmullrom"
						},
						"0.25": {
							"post": [-32.5, 0, 25],
							"lerp_mode": "catmullrom"
						},
						"0.75": {
							"post": [0, 0, 0],
							"lerp_mode": "catmullrom"
						}
					}
				},
				"rightfoot": {
					"rotation": {
						"0.0": {
							"post": [0, 0, 0],
							"lerp_mode": "catmullrom"
						},
						"0.25": {
							"post": [15, 0, -22.5],
							"lerp_mode": "catmullrom"
						},
						"0.75": {
							"post": [0, 0, 0],
							"lerp_mode": "catmullrom"
						}
					}
				},
				"leftleg": {
					"rotation": {
						"0.0": {
							"post": [0, 0, 0],
							"lerp_mode": "catmullrom"
						},
						"0.25": {
							"post": [-17.5, -20, -12.5],
							"lerp_mode": "catmullrom"
						},
						"0.75": {
							"post": [0, 0, 0],
							"lerp_mode": "catmullrom"
						}
					}
				},
				"leftlegpeice": {
					"rotation": {
						"0.0": {
							"post": [0, 0, 0],
							"lerp_mode": "catmullrom"
						},
						"0.25": {
							"post": [47.5, 0, 32.5],
							"lerp_mode": "catmullrom"
						},
						"0.75": {
							"post": [0, 0, 0],
							"lerp_mode": "catmullrom"
						}
					}
				},
				"leftlegpeice2": {
					"rotation": {
						"0.0": {
							"post": [0, 0, 0],
							"lerp_mode": "catmullrom"
						},
						"0.25": {
							"post": [-55, 0, -30],
							"lerp_mode": "catmullrom"
						},
						"0.75": {
							"post": [0, 0, 0],
							"lerp_mode": "catmullrom"
						}
					}
				},
				"leftfoot": {
					"rotation": {
						"0.0": {
							"post": [0, 0, 0],
							"lerp_mode": "catmullrom"
						},
						"0.25": {
							"post": [30, 0, 12.5],
							"lerp_mode": "catmullrom"
						},
						"0.75": {
							"post": [0, 0, 0],
							"lerp_mode": "catmullrom"
						}
					}
				}
			}
		},
		"animation.huggy_wuggy.general": {
			"loop": true,
			"animation_length": 2.5,
			"bones": {
				"body": {
					"rotation": {
						"0.0": {
							"post": [5, 0, 0],
							"lerp_mode": "catmullrom"
						},
						"1.0833": {
							"post": [7.5, 0, 0],
							"lerp_mode": "catmullrom"
						},
						"2.5": {
							"post": [5, 0, 0],
							"lerp_mode": "catmullrom"
						}
					}
				},
				"head": {
					"rotation": {
						"0.0": {
							"post": [-2.5, 0, 12.5],
							"lerp_mode": "catmullrom"
						},
						"1.0833": {
							"post": [-5, 0, 10],
							"lerp_mode": "catmullrom"
						},
						"2.5": {
							"post": [-2.5, 0, 12.5],
							"lerp_mode": "catmullrom"
						}
					}
				},
				"rightarm": {
					"rotation": {
						"0.0": {
							"post": [12.5, -20, 5],
							"lerp_mode": "catmullrom"
						},
						"1.0833": {
							"post": [13.39407, -20.03681, 7.0483],
							"lerp_mode": "catmullrom"
						},
						"2.5": {
							"post": [12.5, -20, 5],
							"lerp_mode": "catmullrom"
						}
					}
				},
				"rightarmpeice": {
					"rotation": {
						"0.0": {
							"post": [-20, 0, -7.5],
							"lerp_mode": "catmullrom"
						},
						"1.0833": {
							"post": [-32.5, 0, 0],
							"lerp_mode": "catmullrom"
						},
						"2.5": {
							"post": [-20, 0, -7.5],
							"lerp_mode": "catmullrom"
						}
					}
				},
				"rightarmpeice2": {
					"rotation": {
						"0.0": {
							"post": [-7.5, 0, 7.5],
							"lerp_mode": "catmullrom"
						},
						"1.0833": {
							"post": [7.5, 0, -7.5],
							"lerp_mode": "catmullrom"
						},
						"2.5": {
							"post": [-7.5, 0, 7.5],
							"lerp_mode": "catmullrom"
						}
					}
				},
				"righthand": {
					"rotation": [0, -15, -10]
				},
				"leftarm": {
					"rotation": {
						"0.0": {
							"post": [12.5, 20, -5],
							"lerp_mode": "catmullrom"
						},
						"1.0833": {
							"post": [13.39407, 20.0368, -7.0483],
							"lerp_mode": "catmullrom"
						},
						"2.5": {
							"post": [12.5, 20, -5],
							"lerp_mode": "catmullrom"
						}
					}
				},
				"leftarmpeice": {
					"rotation": {
						"0.0": {
							"post": [-20, 0, 7.5],
							"lerp_mode": "catmullrom"
						},
						"1.0833": {
							"post": [-32.5, 0, 0],
							"lerp_mode": "catmullrom"
						},
						"2.5": {
							"post": [-20, 0, 7.5],
							"lerp_mode": "catmullrom"
						}
					}
				},
				"leftarmpeice2": {
					"rotation": {
						"0.0": {
							"post": [-7.5, 0, -7.5],
							"lerp_mode": "catmullrom"
						},
						"1.0833": {
							"post": [7.5, 0, 7.5],
							"lerp_mode": "catmullrom"
						},
						"2.5": {
							"post": [-7.5, 0, -7.5],
							"lerp_mode": "catmullrom"
						}
					}
				},
				"lefthand": {
					"rotation": [0, 15, 10]
				},
				"rightleg": {
					"rotation": [-7.5, 7.5, 0]
				},
				"rightlegpeice": {
					"rotation": [10, 0, 5]
				},
				"rightlegpeice2": {
					"rotation": [-5, 0, -5]
				},
				"rightfoot": {
					"rotation": [2.5, 15, 0]
				},
				"leftleg": {
					"rotation": {
						"0.0": {
							"post": [-7.5, -7.5, 0],
							"lerp_mode": "catmullrom"
						}
					}
				},
				"leftlegpeice": {
					"rotation": [10, 0, -5]
				},
				"leftlegpeice2": {
					"rotation": [-5, 0, 5]
				},
				"leftfoot": {
					"rotation": [2.5, -15, 0]
				}
			}
		},
		"animation.huggy_wuggy.pose1": {
			"loop": true,
			"bones": {
				"waist": {
					"position": [0, -1.6, 0]
				},
				"body": {
					"rotation": [22.5, 7.5, 15]
				},
				"head": {
					"rotation": [-7.5, -10, -17.5]
				},
				"rightarm": {
					"rotation": [30, -20, 27.5]
				},
				"rightarmpeice": {
					"rotation": [-50, 0, -10]
				},
				"rightarmpeice2": {
					"rotation": [-35, 0, -15]
				},
				"righthand": {
					"rotation": [0, -27.5, -10]
				},
				"leftarm": {
					"rotation": [27.5, 0, -27.5]
				},
				"leftarmpeice": {
					"rotation": [-50, 0, 17.5]
				},
				"leftarmpeice2": {
					"rotation": [-20, 0, -12.5]
				},
				"lefthand": {
					"rotation": [0, 20, 22.5]
				},
				"rightleg": {
					"rotation": [-25, 20, 10]
				},
				"rightlegpeice": {
					"rotation": [40, 0, -12.5]
				},
				"rightlegpeice2": {
					"rotation": [-17.5, 0, 7.5]
				},
				"rightfoot": {
					"rotation": [5, 0, -5]
				},
				"leftleg": {
					"rotation": [-17.5, -15, 0]
				},
				"leftlegpeice": {
					"rotation": [25, 0, 5]
				},
				"leftlegpeice2": {
					"rotation": [-25, 0, -17.5]
				},
				"leftfoot": {
					"rotation": [17.5, 0, 15]
				}
			}
		}
	}
} 15]
				}
			}
		}
	}
}