{
  "format_version": "1.10.0",
  "minecraft:client_entity": {
    "description": {
      "identifier": "minecraft:player",
      "materials": {
        "default": "entity_alphatest",
        "enderman": "enderman",
        "cape": "entity_alphatest",
        "animated": "player_animated"
      },
      "textures": {
        "default": "textures/entity/steve",
        "cape": "textures/entity/cape_invisible",
        "forest": "textures/powers/mori/forest",
        "hybrid": "textures/powers/inu/inu",
        "complete": "textures/powers/inu/inu(1)",
                "gear4": "textures/powers/gomu/gear4",
         "gear4_arm": "textures/powers/gomu/gear4",
         "snakeman": "textures/powers/gomu/snakeman",
         "snakeman_arm": "textures/powers/gomu/snakeman",
          "axalote": "textures/powers/sara/axalote",
          "axalote_hibrid": "textures/powers/sara/axalote",
          "dhybrid": "textures/powers/uo/dhybrid",
           "dragon": "textures/powers/uo/dragon"
          
          


      },
      "geometry": {
        "default": "geometry.humanoid.custom",
        "cape": "geometry.cape",
        "forest": "geometry.forest",
         "hybrid": "geometry.inu_hybrid",
          "complete": "geometry.inu",
                                     "gear4": "geometry.gear4",
         "gear4_arm": "geometry.gear4_arm",
         "snakeman": "geometry.snakeman",
         "snakeman_arm": "geometry.gear4_arm",
         "axalote": "geometry.axalote",
         "axalote_hibrid": "geometry.axalote_hibrid",
         "dhybrid": "geometry.dhybrid",
          "dhybrid_arm": "geometry.dhybrid_arm",
         "dragon": "geometry.dragoncompleta"
      },
      "scripts": {
        "scale": "0.9375",
        "initialize": [
          "variable.is_holding_right = 0.0;",
          "variable.is_blinking = 0.0;",
          "variable.last_blink_time = 0.0;",
          "variable.hand_bob = 0.0;"
        ],
        "pre_animation": [
          "variable.helmet_layer_visible = 1.0;",
          "variable.leg_layer_visible = 1.0;",
          "variable.boot_layer_visible = 1.0;",
          "variable.chest_layer_visible = 1.0;",
          "variable.attack_body_rot_y = Math.sin(360*Math.sqrt(variable.attack_time)) * 5.0;",
          "variable.tcos0 = (math.cos(query.modified_distance_moved * 38.17) * query.modified_move_speed / variable.gliding_speed_value) * 57.3;",
          "variable.first_person_rotation_factor = math.sin((1 - variable.attack_time) * 180.0);",
          "variable.hand_bob = query.life_time < 0.01 ? 0.0 : variable.hand_bob + ((query.is_on_ground && query.is_alive ? math.clamp(math.sqrt(math.pow(query.position_delta(0), 2.0) + math.pow(query.position_delta(2), 2.0)), 0.0, 0.1) : 0.0) - variable.hand_bob) * 0.02;",

          "variable.map_angle = math.clamp(1 - variable.player_x_rotation / 45.1, 0.0, 1.0);",
          "variable.item_use_normalized = query.main_hand_item_use_duration / query.main_hand_item_max_duration;"
        ],
        "animate": [
          "root",
          {
            "book_animation": "query.get_equipped_item_name(0, 1) == 'book' && variable.is_first_person"
            
          },
            		         {      "run": "query.variant == 7 && ( query.is_moving && query.is_sprinting && ( query.is_on_ground || !query.is_in_water ) )"
            		       },
            		       
            		       
            		       { 	
            		  	
 "walk": "query.variant == 7 && ( query.is_moving && !query.is_sprinting && ( query.is_on_ground || !query.is_in_water ) )"
       

            		      	     },
      {
       "stop": "query.variant == 7 && ( !query.is_moving && !query.is_sprinting && ( query.is_on_ground || !query.is_in_water ) )"
      },
            		         {      "hrun": "query.variant == 8 && ( query.is_moving && query.is_sprinting && ( query.is_on_ground || !query.is_in_water ) )"
            		       },
            		       
            		       
            		       { 	
            		  	
 "hwalk": "query.variant == 8 && ( query.is_moving && !query.is_sprinting && ( query.is_on_ground || !query.is_in_water ) )"
            		      	     },
            		      	     {
 "hjump": "(query.variant == 8 ) && !query.is_on_ground"
       

            		      	     },
      {
       "hstop": "query.variant == 8 && ( !query.is_moving && !query.is_sprinting && ( query.is_on_ground || !query.is_in_water ) )"
      },
      {
       "hsneak": "query.variant == 8 && ( !query.is_moving && query.is_sneaking && ( query.is_on_ground || !query.is_in_water ) )"
      },
            		         {      "irun": "query.variant == 9 && ( query.is_moving && query.is_sprinting && ( query.is_on_ground || !query.is_in_water ) )"
            		       },
            		       
            		       
            		       { 	
            		  	
 "iwalk": "query.variant == 9 && ( query.is_moving && !query.is_sprinting && ( query.is_on_ground || !query.is_in_water ) )"

            		      	     },
      {
       "istop": "query.variant == 9 && ( !query.is_moving && !query.is_sprinting && ( query.is_on_ground || !query.is_in_water ) )"
      },
            		         {      "grun": "query.variant == 5 && ( query.is_moving && query.is_sprinting && ( query.is_on_ground || !query.is_in_water ) )"
            		       },
            		       
            		       
            		       { 	
            		  	
 "gwalk": "query.variant == 5 && ( query.is_moving && !query.is_sprinting && ( query.is_on_ground || !query.is_in_water ) )"
            		      	     },
            		      	     {
            		      	         "gfly": "(query.variant == 5 ) && query.is_gliding"
            		      	     },
      {
       "gstop": "query.variant == 5 && ( !query.is_moving && !query.is_sprinting && ( query.is_on_ground || !query.is_in_water ) )"
      },
            		         {      "srun": "query.variant == 6 && ( query.is_moving && query.is_sprinting && ( query.is_on_ground || !query.is_in_water ) )"
            		       },
            		       
            		       
            		       { 	
            		  	
 "swalk": "query.variant == 6 && ( query.is_moving && !query.is_sprinting && ( query.is_on_ground || !query.is_in_water ) )"
            		      	     },
            		      	     {
            		      	         "sfly": "(query.variant == 6 ) && query.is_gliding"
            		      	     },
      {
       "sstop": "query.variant == 6 && ( !query.is_moving && !query.is_sprinting && ( query.is_on_ground || !query.is_in_water ) )"
            		         
      },
            		         {      "arun": "query.variant == 11 && ( query.is_moving && query.is_sprinting && ( query.is_on_ground || !query.is_in_water ) )"
            		       },
            		       
            		       
            		       { 	
            		  	
 "awalk": "query.variant == 11 && ( query.is_moving && !query.is_sprinting && ( query.is_on_ground || !query.is_in_water ) )"
            		      	     },
            		      	     {
 "ajump": "(query.variant == 11 ) && !query.is_on_ground"
       

            		      	     },
      {
       "astop": "query.variant == 11 && ( !query.is_moving && !query.is_sprinting && ( query.is_on_ground || !query.is_in_water ) )"
      },
      {
       "asneak": "query.variant == 11 && ( !query.is_moving && query.is_sneaking && ( query.is_on_ground || !query.is_in_water ) )"
      },
      {
       "aatk": "query.variant == 11 && ( variable.attack_time>0 && ( query.is_on_ground || !query.is_in_water ) )"
                   		         
      },
            		         {      "drun": "query.variant == 13 && ( query.is_moving && query.is_sprinting && ( query.is_on_ground || !query.is_in_water ) )"
            		       },
            		       
            		       
            		       { 	
            		  	
 "dwalk": "query.variant == 13 && ( query.is_moving && !query.is_sprinting && ( query.is_on_ground || !query.is_in_water ) )"
        
       

            		      	     },
      {
       "dstop": "query.variant == 13 && ( !query.is_moving && !query.is_sprinting && ( query.is_on_ground || !query.is_in_water ) )"
      },
      {
       "datk": "query.variant == 13 && ( variable.attack_time>0 && ( query.is_on_ground || !query.is_in_water ) )"
      },
            		         {      "drunh": "query.variant == 14 && ( query.is_moving && query.is_sprinting && ( query.is_on_ground || !query.is_in_water ) )"
            		       },
            		       
            		       
            		       { 	
            		  	
 "dwalkh": "query.variant == 14 && ( query.is_moving && !query.is_sprinting && ( query.is_on_ground || !query.is_in_water ) )"
        
       

            		      	     },
      {
       "dstoph": "query.variant == 14 && ( !query.is_moving && !query.is_sprinting && ( query.is_on_ground || !query.is_in_water ) )"
      },
      {
       "dsneakh": "query.variant == 14 && ( !query.is_moving && query.is_sneaking && ( query.is_on_ground || !query.is_in_water ) )"
      },
      {
       "datkh": "query.variant == 14 && ( variable.attack_time>0 && ( query.is_on_ground || !query.is_in_water ) )"
      },
      {
           "dfly": "(query.variant == 13 ) && !query.is_on_ground"
      
          }
        ]
      },
      "animations": {
                                    "run": "animation.forest.walk",
                                    "walk": "animation.forest.walk",
                                                                       "stop": "animation.forest.stop",
                                                                       "hrun": "animation.inu_hybrid.run",
                                    "hwalk": "animation.inu_hybrid.walk",
                                    "hjump": "animation.inu_hybrid.jump",
                                                                       "hstop": "animation.inu_hybrid.stop",
                                                                       "hsneak": "animation.inu_hybrid.sneak",
                                                                         "irun": "animation.inu.walk",
                                    "iwalk": "animation.inu.walk",
                                    
                                                                       "istop": "animation.inu.stop",                                       
                                                                       "gfly": "animation.gear4.stop",
                                    
                                    "grun": "animation.gear4.stop",
                                                                       "gwalk": "animation.gear4.stop",
                                                                       "gstop": "animation.gear4.stop",
                                                                        "sfly": "animation.snakeman.stop",
                                    
                                    "srun": "animation.snakeman.run",
                                                                       "swalk": "animation.snakeman.walk",
                                                                       "sstop": "animation.snakeman.stop",
                                     
"arun": "animation.axalote.walk",
                                    "awalk": "animation.axalote.walk",
                                    "ajump": "animation.axalote.jump",
                                                                       "astop": "animation.axalote.stop",
                                                                       "asneak": "animation.axalote.sneak",

"aatk": "animation.axalote.atk", 
"drun": "animation.dragon.walk",
                                    "dwalk": "animation.dragon.walk",
                                    
                                    "dfly": "animation.dragon.fly",
                                
                                                                      "dstop": "animation.dragon.freeze",
                                                                       "dsneak": "animation.dragon.freeze",

"datk": "animation.dragon.atk",
"drunh": "animation.snakeman.run",
                                    "dwalkh": "animation.dhybrid.walk",
                                
                                                                      "dstoph": "animation.dhybrid.stop",
                                                                       "dsneakh": "animation.dhybrid.stop",

"datkh": "animation.attack1",
                                    
        "book_animation": "animation.book.interface",
        "root": "controller.animation.player.root",
        "base_controller": "controller.animation.player.base",
        "hudplayer":  "controller.animation.player.hudplayer",
        "humanoid_base_pose": "animation.humanoid.base_pose",
        "look_at_target": "controller.animation.humanoid.look_at_target",
        "look_at_target_ui": "animation.player.look_at_target.ui",
        "look_at_target_default": "animation.humanoid.look_at_target.default",
        "look_at_target_gliding": "animation.humanoid.look_at_target.gliding",
        "look_at_target_swimming": "animation.humanoid.look_at_target.swimming",
        "look_at_target_inverted": "animation.player.look_at_target.inverted",
        "cape": "animation.player.cape",
        "move.arms": "animation.player.move.arms",
        "move.legs": "animation.player.move.legs",
        "swimming": "animation.player.swim",
        "swimming.legs": "animation.player.swim.legs",
        "riding.arms": "animation.player.riding.arms",
        "riding.legs": "animation.player.riding.legs",
        "holding": "animation.player.holding",
        "brandish_spear": "animation.humanoid.brandish_spear",
        "charging": "animation.humanoid.charging",
        "attack.positions": "animation.player.attack.positions",
        "attack.rotations": "animation.player.attack.rotations",
        "sneaking": "animation.player.sneaking",
        "bob": "animation.player.bob",
        "damage_nearby_mobs": "animation.humanoid.damage_nearby_mobs",
        "bow_and_arrow": "animation.humanoid.bow_and_arrow",
        "use_item_progress": "animation.humanoid.use_item_progress",
        "skeleton_attack": "animation.skeleton.attack",
        "sleeping": "animation.player.sleeping",
        "first_person_base_pose": "animation.player.first_person.base_pose",
        "first_person_empty_hand": "animation.player.first_person.empty_hand",
        "first_person_swap_item": "animation.player.first_person.swap_item",
        "first_person_attack_controller": "controller.animation.player.first_person_attack",
        "first_person_attack_rotation": "animation.player.first_person.attack_rotation",
        "first_person_vr_attack_rotation": "animation.player.first_person.vr_attack_rotation",
        "first_person_walk": "animation.player.first_person.walk",
        "first_person_map_controller": "controller.animation.player.first_person_map",
        "first_person_map_hold": "animation.player.first_person.map_hold",
        "first_person_map_hold_attack": "animation.player.first_person.map_hold_attack",
        "first_person_map_hold_off_hand": "animation.player.first_person.map_hold_off_hand",
        "first_person_map_hold_main_hand": "animation.player.first_person.map_hold_main_hand",
        "first_person_crossbow_equipped": "animation.player.first_person.crossbow_equipped",
        "third_person_crossbow_equipped": "animation.player.crossbow_equipped",
        "third_person_bow_equipped": "animation.player.bow_equipped",
        "crossbow_hold": "animation.player.crossbow_hold",
        "crossbow_controller": "controller.animation.player.crossbow",
        "shield_block_main_hand": "animation.player.shield_block_main_hand",
        "shield_block_off_hand": "animation.player.shield_block_off_hand",
        "blink": "controller.animation.persona.blink"
      },
      "render_controllers": [
      {
      "controller.render.player.first_person": 
        "variable.is_first_person && (query.variant == 0 || query.variant == 12)"
        
        
        },

      {
      "controller.render.player.third_person": 
        "!variable.is_first_person && !variable.map_face_icon && (query.variant == 0 || query.variant == 12)"
        },

      {
      "controller.render.player.disable":
        "!variable.is_first_person && query.variant != 0"
        },

      {
      "controller.render.player.map":
        "variable.map_face_icon"
        },
        
      {

      "controller.render.forest.first_person":
        "variable.is_first_person && query.variant == 7"
        },
      {
      "controller.render.forest.third_person":
        "!variable.is_first_person && query.variant == 7"
      },
        
      {

      "controller.render.hybrid.first_person":
        "variable.is_first_person && query.variant == 8"
        },
      {
      "controller.render.hybrid.third_person":
        "!variable.is_first_person && query.variant == 8"
      },
        
      {

      "controller.render.complete.first_person":
        "variable.is_first_person && query.variant == 9"
        },
      {
      "controller.render.complete.third_person":
        "!variable.is_first_person && query.variant == 9"
      },
        
      {

      "controller.render.mink.first_person":
        "variable.is_first_person && (query.variant == 0 || query.variant == 0)"
        },
      {
      "controller.render.mink.third_person":
        "!variable.is_first_person && (query.variant == 0 || query.variant == 0)"
      },
        
      {

      "controller.render.fishman.first_person":
        "variable.is_first_person && (query.variant == 0 || query.variant == 0)"
        },
      {
      "controller.render.fishman.third_person":
        "!variable.is_first_person && (query.variant == 0 || query.variant == 0)"
      },
        
      {

      "controller.render.skypian.first_person":
        "variable.is_first_person && (query.variant == 0 || query.variant == 0)"
        },
      {
      "controller.render.skypian.third_person":
        "!variable.is_first_person && (query.variant == 0 || query.variant == 0)"
      },
        
      {

      "controller.render.skypian2.first_person":
        "variable.is_first_person && (query.variant == 0 || query.variant == 0)"
        },
      {
      "controller.render.skypian2.third_person":
        "!variable.is_first_person && (query.variant == 0 || query.variant == 0)"
      },
        
      {

      "controller.render.mink2.first_person":
        "variable.is_first_person && (query.variant == 0 || query.variant == 0)"
        },
      {
      "controller.render.mink2.third_person":
        "!variable.is_first_person && (query.variant == 0 || query.variant == 0)"
      },
        
      {

      "controller.render.fishman2.first_person":
        "variable.is_first_person && (query.variant == 0 || query.variant == 0)"
        },
      {
      "controller.render.fishman2.third_person":
        "!variable.is_first_person && (query.variant == 0 || query.variant == 0)"
      },
        
      {
      "controller.render.gear4.first_person":
        "variable.is_first_person && query.variant == 5"
        },
      {
      "controller.render.gear4.third_person":
        "!variable.is_first_person && query.variant == 5"
      },
        
      {
      "controller.render.snakeman.first_person":
        "variable.is_first_person && query.variant == 6"
        },
      {
      "controller.render.snakeman.third_person":
        "!variable.is_first_person && query.variant == 6"
      },
        
      {
      "controller.render.axalote.first_person":
        "variable.is_first_person && query.variant == 10"
        },
      {
      "controller.render.axalote.third_person":
        "!variable.is_first_person && query.variant == 10"
      },
        
      {
      "controller.render.axalote_hibrid.first_person":
        "variable.is_first_person && query.variant == 11"
        },
      {
      "controller.render.axalote_hibrid.third_person":
        "!variable.is_first_person && query.variant == 11"
      },
        
      {
      "controller.render.dragon.first_person":
        "variable.is_first_person && query.variant == 13"
        },
      {
      "controller.render.dragon.third_person":
        "!variable.is_first_person && query.variant == 13"
      },
        
      {
      "controller.render.kaido.first_person":
        "variable.is_first_person && query.variant == 14"
        },
      {
      "controller.render.kaido.third_person":
        "!variable.is_first_person && query.variant == 14"
        
        }
      ],
      "enable_attachables": true
    }
  }
} 































































































































































































































































































































































































































































































































































































































































































































































































