{
  "resource_pack_name": "teraphobia",
  "texture_name": "atlas.items",
  "texture_data": {
      "basic_wither_storm": {
          "textures": "textures/items/basic_wither_storm"
      },
      "stormborne": {
        "textures": "textures/items/stormborne"
    },
    "commanded_warden": {
      "textures": "textures/items/commanded_warden"
  },
  "command_shard": {
    "textures": "textures/items/command_shard"
},

"storm_arrow": {
  "textures": "textures/items/storm_arrow"
},
"storm_arrow_head": {
  "textures": "textures/items/storm_arrow_head"
},
"storm_bow": {
  "textures": "textures/items/storm_bow"
},
"storm_essence": {
  "textures": "textures/items/storm_essence"
},
"star_of_the_storm": {
  "textures": "textures/items/star_of_the_storm"
}
  }
}