{
  "format_version": "1.16.0",
  "minecraft:entity": {
    "description": {
      "identifier": "ph:flagpost",
      "is_spawnable": true,
      "is_summonable": true,
      "is_experimental": false,
      "scripts": {
        "animate": [
          "moving_engine"
        ]
      }
    },
  "components": {
    "minecraft:type_family": {
      "family": [
        "flag"
      ]
    },
    "minecraft:loot": {
      "table": "loot_tables/empty.json"
    },
    "minecraft:breathable": {
      "totalSupply": 15,
      "suffocateTime": 0,
      "breathesWater": false
    },
    "minecraft:health": {
      "value": 50,
      "max": 50
    },
    "minecraft:knockback_resistance": {
      "value": 2.0
    },
    "minecraft:scale": {
      "value": 1.0
    },
    "minecraft:balloonable": {},
    "minecraft:collision_box": {
      "width": 0.2,
      "height": 5
    },
    "minecraft:damage_sensor": {
      "triggers": {
        "cause": "fall",
        "deals_damage": true
      }
    },
    "minecraft:is_tamed": {},
    "minecraft:fire_immune": false,
    "minecraft:pushable": {
      "is_pushable": false,
      "is_pushable_by_piston": false
    },
    "minecraft:physics": {}
      }
    }
  }