{
  "format_version": "1.10.0",
  "minecraft:attachable": {
    "description": {
      "identifier": "chm:pochita2",
      "materials": {
        "default": "entity_alphatest",
        "enchanted": "entity_alphatest_glint"
      },
      "textures": {
        "default": "textures/entity/Pochita",
        "enchanted": "textures/misc/enchanted_item_glint"
      },
      "geometry": {
        "mainhand": "geometry.Pochita2"
      },
      "render_controllers": [
        "controller.render.pochita"
      ]
    }
  }
}