{
	"format_version": "1.13.0",
	"minecraft:entity": {
		"description": {
			"identifier": "minecraft:player",
			"is_spawnable": false,
			"is_summonable": false,
			"is_experimental": false,
			"scripts": {
				"animate": [
					"walk",
					"item",
					"health",
					"chakra",
					"chakra2",
					"dano",
					"xp",
					"base2",
					"walk2",
					"power",
					"particles",
					"water",
					"hie",
					"fenix",
					"wipc",
					"zp",
					"om",
					"bala",
					"des",
					"di",
					"ominitrix",
					"ch",
					"in",
					"qua",
					"xlr8",
					"m",
					"m2",
					"ultra",
					"cipo",
					"massa",
					"en",
					"run",
					"norun",
					"speed",
					"speed1",
					"poderin1",
					"poderin2",
					"poderin3",
					"menu",
					"tapach",
					"tapaqua",
					"click",
					"shift_click",
					"ultra1",
					"ultragolem",
					"part",
					"pch",
					"pdg",
					"mass",
					"eggv",
					"logia"
				]
			},
			"animations": {
				"walk": "controller.animation.walk",
				"item": "controller.animation.item",
				"health": "controller.animation.health",
				"chakra": "controller.animation.chakra",
				"chakra2": "controller.animation.chakra2",
				"dano": "controller.animation.dano",
				"xp": "controller.animation.xp",
				"base2": "controller.animation.base2",
				"walk2": "controller.animation.walk2",
				"power": "controller.animation.power",
				"particles": "controller.animation.particles",
				"water": "controller.animation.water",
				"hie": "controller.animation.hie",
				"fenix": "controller.animation.fenix",
				"wipc": "controller.animation.wipc",
				"zp": "controller.animation.zp",
				"om": "controller.animation.om",
				"bala": "controller.animation.bala",
				"des": "controller.animation.des",
				"di": "controller.animation.di",
				"ominitrix": "controller.animation.ominitrix",
				"ch": "controller.animation.ch",
				"in": "controller.animation.in",
				"qua": "controller.animation.qua",
				"xlr8": "controller.animation.xlr8",
				"m": "controller.animation.m",
				"m2": "controller.animation.m2",
				"ultra": "controller.animation.ultra",
				"cipo": "controller.animation.cipo",
				"massa": "controller.animation.massa",
				"en": "controller.animation.en",
				"run": "controller.animation.run",
				"norun": "controller.animation.norun",
				"poderin1": "controller.animation.poderin1",
				"poderin2": "controller.animation.poderin2",
				"poderin3": "controller.animation.poderin3",
				"menu": "controller.animation.nrch",
				"rdi": "controller.animation.rdi",
				"ren": "controller.animation.ren",
				"tapach": "controller.animation.tapach",
				"tapaqua": "controller.animation.click",
				"click": "controller.animation.click",
				"shift_click": "controller.animation.shift_click",
				"ultra1": "controller.animation.ultra1",
				"part": "controller.animation.part",
				"pch": "controller.animation.pch",
				"pdg": "controller.animation.pdg",
				"poderu1": "controller.animation.poderu1",
				"mass": "controller.animation.mass",
				"eggv": "controller.animation.eggv",
				"ultragolem": "controller.animation.ultragolem",
				"logia": "controller.animation.logia"
			}
		},
		"component_groups": {
			"minecraft:normal_player": {
				"minecraft:variant": {
					"value": 0
				},
				"minecraft:scale": {
					"value": 1
				},
				"minecraft:health": {
					"value": 100,
					"max": 100
				},
				"minecraft:attack": {
					"damage": 1
				},
				"minecraft:spell_effects": {
					"remove_effects": [
						"speed",
						"jump_boost",
						"strength",
						"resistance",
						"water_breathing",
						"regeneration",
						"fire_resistance",
						"slow_falling",
						"slowness",
						"night_vision",
						"haste",
						"conduit_power",
						"invisibility",
						"blindness",
						"health_boost"
					]
				}
			},
			"stk:mink": {
				"minecraft:variant": {
					"value": 0
				},
				"minecraft:scale": {
					"value": 1
				},
				"minecraft:health": {
					"value": 105,
					"max": 105
				},
				"minecraft:attack": {
					"damage": 3
				},
				"minecraft:spell_effects": {
					"add_effects": [
						{
							"effect": "speed",
							"duration": 100000,
							"amplifier": 2,
							"visible": false
						},
						{
							"effect": "haste",
							"duration": 100000,
							"amplifier": 4,
							"visible": false
						},
						{
							"effect": "jump_boost",
							"duration": 100000,
							"amplifier": 4,
							"visible": false
						}
					]
				}
			},
			"minecraft:fishman": {
				"minecraft:variant": {
					"value": 0
				},
				"minecraft:scale": {
					"value": 1.4
				},
				"minecraft:health": {
					"value": 105,
					"max": 105
				},
				"minecraft:attack": {
					"damage": 5
				},
				"minecraft:spell_effects": {
					"add_effects": [
						{
							"effect": "resistance",
							"duration": 100000,
							"amplifier": 1,
							"visible": false
						},
						{
							"effect": "water_breathing",
							"duration": 100000,
							"amplifier": 225,
							"visible": false
						}
					]
				}
			},
			"minecraft:skypian": {
				"minecraft:variant": {
					"value": 0
				},
				"minecraft:scale": {
					"value": 1
				},
				"minecraft:health": {
					"value": 105,
					"max": 105
				},
				"minecraft:attack": {
					"damage": 3
				},
				"minecraft:spell_effects": {
					"add_effects": [
						{
							"effect": "speed",
							"duration": 100000,
							"amplifier": 2,
							"visible": false
						},
						{
							"effect": "slow_falling",
							"duration": 100000,
							"amplifier": 10,
							"visible": false
						},
						{
							"effect": "resistance",
							"duration": 100000,
							"amplifier": 1,
							"visible": false
						},
						{
							"effect": "haste",
							"duration": 100000,
							"amplifier": 1,
							"visible": false
						},
						{
							"effect": "jump_boost",
							"duration": 100000,
							"amplifier": 4,
							"visible": false
						}
					]
				}
			},
			"minecraft:skypian2": {
				"minecraft:variant": {
					"value": 0
				},
				"minecraft:scale": {
					"value": 1
				},
				"minecraft:health": {
					"value": 105,
					"max": 105
				},
				"minecraft:attack": {
					"damage": 3
				},
				"minecraft:spell_effects": {
					"add_effects": [
						{
							"effect": "speed",
							"duration": 100000,
							"amplifier": 2,
							"visible": false
						},
						{
							"effect": "slow_falling",
							"duration": 100000,
							"amplifier": 10,
							"visible": false
						},
						{
							"effect": "resistance",
							"duration": 100000,
							"amplifier": 1,
							"visible": false
						},
						{
							"effect": "jump_boost",
							"duration": 100000,
							"amplifier": 4,
							"visible": false
						}
					]
				}
			},
			"minecraft:mink2": {
				"minecraft:variant": {
					"value": 0
				},
				"minecraft:scale": {
					"value": 1
				},
				"minecraft:health": {
					"value": 105,
					"max": 105
				},
				"minecraft:attack": {
					"damage": 3
				},
				"minecraft:spell_effects": {
					"add_effects": [
						{
							"effect": "speed",
							"duration": 100000,
							"amplifier": 2,
							"visible": false
						},
						{
							"effect": "haste",
							"duration": 100000,
							"amplifier": 4,
							"visible": false
						},
						{
							"effect": "jump_boost",
							"duration": 100000,
							"amplifier": 4,
							"visible": false
						}
					]
				}
			},
			"minecraft:fishman2": {
				"minecraft:variant": {
					"value": 0
				},
				"minecraft:scale": {
					"value": 1.4
				},
				"minecraft:health": {
					"value": 105,
					"max": 105
				},
				"minecraft:attack": {
					"damage": 5
				},
				"minecraft:spell_effects": {
					"add_effects": [
						{
							"effect": "water_breathing",
							"duration": 100000,
							"amplifier": 1,
							"visible": false
						},
						{
							"effect": "resistance",
							"duration": 100000,
							"amplifier": 3,
							"visible": false
						}
					]
				}
			},
						"minecraft:forest": {
				"minecraft:variant": {
					"value": 7
				},
				"minecraft:scale": {
					"value": 1.4
				},
				"minecraft:health": {
					"value": 140,
					"max": 140
				},
				"minecraft:attack": {
					"damage": 15
				},
				"minecraft:spell_effects": {
					"add_effects": [
						{
							"effect": "resistance",
							"duration": 100000,
							"amplifier": 3,
							"visible": false
						},
						{
						    							"effect": "night_vision",
							"duration": 100000,
							"amplifier": 3,
							"visible": false
						
						}
					]
				}
			},
									"minecraft:hybrid": {
				"minecraft:variant": {
					"value": 8
				},
				"minecraft:scale": {
					"value": 1.0
				},
				"minecraft:health": {
					"value": 140,
					"max": 140
				},
				"minecraft:attack": {
					"damage": 15
				},
				"minecraft:spell_effects": {
					"add_effects": [
						{
							"effect": "resistance",
							"duration": 100000,
							"amplifier": 3,
							"visible": false
						},
						{
						    							"effect": "night_vision",
							"duration": 100000,
							"amplifier": 3,
							"visible": false
						},
						{
						    							"effect": "jump_boost",
							"duration": 100000,
							"amplifier": 3,
							"visible": false
						
						}
					]
				}
			},
			"minecraft:complete": {
				"minecraft:variant": {
					"value": 9
				},
				"minecraft:scale": {
					"value": 0.8
				},
				"minecraft:health": {
					"value": 150,
					"max": 150
				},
				"minecraft:attack": {
					"damage": 9
				},
			
        "minecraft:type_family": {
          "family": [ "player", "inu" ]
        },
				"minecraft:spell_effects": {
					"add_effects": [
						{
							"effect": "resistance",
							"duration": 100000,
							"amplifier": 3,
							"visible": false
						},
						{
						    							"effect": "night_vision",
							"duration": 100000,
							"amplifier": 3,
							"visible": false
						},
						{
						    							"effect": "jump_boost",
							"duration": 100000,
							"amplifier": 3,
							"visible": false
						},
						{
						    							"effect": "speed",
							"duration": 100000,
							"amplifier": 5,
							"visible": false
						
						}
					]
				}
			},
						"minecraft:haki": {
				"minecraft:variant": {
					"value": 0
				},
				"minecraft:scale": {
					"value": 1
				},
				"minecraft:health": {
					"value": 150,
					"max": 150
				},
				"minecraft:attack": {
					"damage": 5
				},
			
        "minecraft:type_family": {
          "family": [ "player", "haki" ]
        },
				"minecraft:spell_effects": {
					"add_effects": [
						{
							"effect": "resistance",
							"duration": 100000,
							"amplifier": 3,
							"visible": false
						
						}
					]
				}
			},
									"minecraft:ryou": {
				"minecraft:variant": {
					"value": 0
				},
				"minecraft:scale": {
					"value": 1
				},
				"minecraft:health": {
					"value": 150,
					"max": 150
				},
				"minecraft:attack": {
					"damage": 5
				},
			
        "minecraft:type_family": {
          "family": [ "player", "haki" ]
        },
				"minecraft:spell_effects": {
					"add_effects": [
						{
							"effect": "resistance",
							"duration": 100000,
							"amplifier": 3,
							"visible": false
						
						}
					]
				}
			},
									"minecraft:reiar": {
				"minecraft:variant": {
					"value": 0
				},
				"minecraft:scale": {
					"value": 1
				},
				"minecraft:health": {
					"value": 150,
					"max": 150
				},
				"minecraft:attack": {
					"damage": 5
				},
			
        "minecraft:type_family": {
          "family": [ "player", "haki" ]
        },
				"minecraft:spell_effects": {
					"add_effects": [
						{
							"effect": "resistance",
							"duration": 100000,
							"amplifier": 3,
							"visible": false
						
						}
					]
				}
			},
			            "minecraft:gear4": {
        "minecraft:variant": {
          "value": 5
        },
        "minecraft:scale": {
          "value": 1.0
        },
        "minecraft:health": {
          "value": 145,
          "max": 145
        },
        "minecraft:attack": {
          "damage": 10
        },
        "minecraft:spell_effects": {
          "add_effects": [
            {
              "effect": "speed",
              "duration": 100000,
              "amplifier": 1,
              "visible": false
            },
            {
                        "effect": "regeneration",
              "duration": 100000,
              "amplifier": 1,
              "visible": false
            },
            {
                        "effect": "resistance",
              "duration": 100000,
              "amplifier": 3,
              "visible": false
            },
            {
                        "effect": "haste",
              "duration": 100000,
              "amplifier": 1,
              "visible": false
            },
            {
                        "effect": "jump_boost",
              "duration": 100000,
              "amplifier": 3,
              "visible": false
                          
            }
          ]
        }
      },
      			            "minecraft:snakeman": {
        "minecraft:variant": {
          "value": 6
        },
        "minecraft:scale": {
          "value": 1.0
        },
        "minecraft:health": {
          "value": 145,
          "max": 145
        },
        "minecraft:attack": {
          "damage": 12
        },
        "minecraft:spell_effects": {
          "add_effects": [
            {
              "effect": "speed",
              "duration": 100000,
              "amplifier": 4,
              "visible": false
            },
            {
                        "effect": "regeneration",
              "duration": 100000,
              "amplifier": 1,
              "visible": false
            },
            {
                        "effect": "resistance",
              "duration": 100000,
              "amplifier": 3,
              "visible": false
            },
            {
                        "effect": "haste",
              "duration": 100000,
              "amplifier": 3,
              "visible": false
            },
            {
                        "effect": "jump_boost",
              "duration": 100000,
              "amplifier": 4,
              "visible": false
                          
            }
          ]
        }
      },
      "minecraft:axalote": {
        "minecraft:variant": {
          "value": 10
        },
        "minecraft:scale": {
          "value": 1.0
        },
        "minecraft:health": {
          "value": 13,
          "max": 13
        },
        "minecraft:attack": {
          "damage": 1
        },
        "minecraft:spell_effects": {
          "add_effects": [
            {
              "effect": "speed",
              "duration": 100000,
              "amplifier": 8,
              "visible": false
            },
            {
                        "effect": "regeneration",
              "duration": 100000,
              "amplifier": 1,
              "visible": false
            },
            {
                        "effect": "resistance",
              "duration": 100000,
              "amplifier": 1,
              "visible": false
            },
            {
                        "effect": "haste",
              "duration": 100000,
              "amplifier": 3,
              "visible": false
            },
            {
                        "effect": "jump_boost",
              "duration": 100000,
              "amplifier": 4,
              "visible": false
                          
            }
          ]
        }
      },
      "minecraft:axalote_hibrid": {
        "minecraft:variant": {
          "value": 11
        },
        "minecraft:scale": {
          "value": 1.0
        },
        "minecraft:health": {
          "value": 145,
          "max": 145
        },
        "minecraft:attack": {
          "damage": 12
        },
        "minecraft:spell_effects": {
          "add_effects": [
            {
              "effect": "slowness",
              "duration": 100000,
              "amplifier": 1,
              "visible": false
            },
            {
                        "effect": "regeneration",
              "duration": 100000,
              "amplifier": 1,
              "visible": false
            },
            {
                        "effect": "resistance",
              "duration": 100000,
              "amplifier": 3,
              "visible": false
            },
            {
                        "effect": "haste",
              "duration": 100000,
              "amplifier": 3,
              "visible": false
            },
            {
                        "effect": "jump_boost",
              "duration": 100000,
              "amplifier": 4,
              "visible": false
                          
            }
          ]
        }
      },
            "minecraft:gear5": {
        "minecraft:variant": {
          "value": 12
        },
        "minecraft:scale": {
          "value": 1.0
        },
        "minecraft:health": {
          "value": 200,
          "max": 200
        },
        "minecraft:attack": {
          "damage": 17
        },
        "minecraft:spell_effects": {
          "add_effects": [
            {
              "effect": "speed",
              "duration": 100000,
              "amplifier": 4,
              "visible": false
            },
            {
                        "effect": "regeneration",
              "duration": 100000,
              "amplifier": 1,
              "visible": false
            },
            {
                        "effect": "resistance",
              "duration": 100000,
              "amplifier": 3,
              "visible": false
            },
            {
                        "effect": "haste",
              "duration": 100000,
              "amplifier": 6,
              "visible": false
            },
            {
                        "effect": "jump_boost",
              "duration": 100000,
              "amplifier": 4,
              "visible": false
                          
            }
          ]
        }
      },
                  "minecraft:dragon": {
        "minecraft:variant": {
          "value": 13
        },
        "minecraft:scale": {
          "value": 5.0
        },
        "minecraft:health": {
          "value": 250,
          "max": 250
        },
        "minecraft:attack": {
          "damage": 10
        },
        "minecraft:spell_effects": {
          "add_effects": [
            {
              "effect": "slowness",
              "duration": 100000,
              "amplifier": 0,
              "visible": false
            },
            {
                        "effect": "regeneration",
              "duration": 100000,
              "amplifier": 1,
              "visible": false
            },
            {
                        "effect": "resistance",
              "duration": 100000,
              "amplifier": 3,
              "visible": false
            },
            {
                        "effect": "haste",
              "duration": 100000,
              "amplifier": 6,
              "visible": false
            },
            {
                        "effect": "jump_boost",
              "duration": 100000,
              "amplifier": 4,
              "visible": false
                          
            }
          ]
        }
      },
                  "minecraft:dhybrid": {
        "minecraft:variant": {
          "value": 14
        },
        "minecraft:scale": {
          "value": 1.4
        },
        "minecraft:health": {
          "value": 200,
          "max": 200
        },
        "minecraft:attack": {
          "damage": 17
        },
        "minecraft:spell_effects": {
          "add_effects": [
            {
              "effect": "speed",
              "duration": 100000,
              "amplifier": 4,
              "visible": false
            },
            {
                        "effect": "regeneration",
              "duration": 100000,
              "amplifier": 1,
              "visible": false
            },
            {
                        "effect": "resistance",
              "duration": 100000,
              "amplifier": 3,
              "visible": false
            },
            {
                        "effect": "haste",
              "duration": 100000,
              "amplifier": 6,
              "visible": false
            },
            {
                        "effect": "jump_boost",
              "duration": 100000,
              "amplifier": 4,
              "visible": false
                          
            }
          ]
        }
      },
			"stk:su": {
				"minecraft:variant": {
					"value": 3
				},
				"minecraft:scale": {
					"value": 1
				},
				"minecraft:health": {
					"value": 20,
					"max": 20
				},
				"minecraft:attack": {
					"damage": 1
				},
				"minecraft:spell_effects": {
					"remove_effects": [
						"speed",
						"jump_boost",
						"strength",
						"resistance",
						"water_breathing",
						"regeneration",
						"fire_resistance",
						"slow_falling",
						"slowness",
						"night_vision",
						"haste",
						"conduit_power",
						"invisibility",
						"blindness",
						"health_boost"
					]
				}
			},
			"minecraft:ch": {
				"minecraft:variant": {
					"value": 5
				},
				"minecraft:scale": {
					"value": 1.2
				},
				"minecraft:health": {
					"value": 20,
					"max": 20
				},
				"minecraft:attack": {
					"damage": 5
				},
				"minecraft:spell_effects": {
					"add_effects": [
						{
							"effect": "fire_resistance",
							"duration": 100000,
							"amplifier": 10,
							"visible": false
						},
						{
							"effect": "jump_boost",
							"duration": 100000,
							"amplifier": 4,
							"visible": false
						},
						{
							"effect": "strength",
							"duration": 100000,
							"amplifier": 2,
							"visible": false
						},
						{
							"effect": "resistance",
							"duration": 100000,
							"amplifier": 4,
							"visible": false
						}
					]
				}
			},
			"minecraft:in": {
				"minecraft:variant": {
					"value": 6
				},
				"minecraft:scale": {
					"value": 1.1
				},
				"minecraft:health": {
					"value": 20,
					"max": 20
				},
				"minecraft:attack": {
					"damage": 3
				},
				"minecraft:spell_effects": {
					"add_effects": [
						{
							"effect": "strenght",
							"duration": 100000,
							"amplifier": 1,
							"visible": false
						},
						{
							"effect": "resistance",
							"duration": 100000,
							"amplifier": 3,
							"visible": false
						},
						{
							"effect": "slow_falling",
							"duration": 100000,
							"amplifier": 1,
							"visible": false
						},
						{
							"effect": "jump_boost",
							"duration": 100000,
							"amplifier": 5,
							"visible": false
						}
					]
				}
			},
			"minecraft:qua": {
				"minecraft:variant": {
					"value": 7
				},
				"minecraft:scale": {
					"value": 1.4
				},
				"minecraft:health": {
					"value": 20,
					"max": 20
				},
				"minecraft:attack": {
					"damage": 6
				},
				"minecraft:spell_effects": {
					"add_effects": [
						{
							"effect": "resistance",
							"duration": 100000,
							"amplifier": 6,
							"visible": false
						},
						{
							"effect": "strength",
							"duration": 100000,
							"amplifier": 6,
							"visible": false
						},
						{
							"effect": "jump_boost",
							"duration": 100000,
							"amplifier": 3,
							"visible": false
						},
						{
							"effect": "regeneration",
							"duration": 100000,
							"amplifier": 4,
							"visible": false
						},
						{
							"effect": "slowness",
							"duration": 100000,
							"amplifier": 1,
							"visible": false
						}
					]
				}
			},
			"minecraft:xlr8": {
				"minecraft:variant": {
					"value": 8
				},
				"minecraft:scale": {
					"value": 1
				},
				"minecraft:health": {
					"value": 20,
					"max": 20
				},
				"minecraft:attack": {
					"damage": 3
				},
				"minecraft:spell_effects": {
					"add_effects": [
						{
							"effect": "resistance",
							"duration": 100000,
							"amplifier": 3,
							"visible": false
						},
						{
							"effect": "jump_boost",
							"duration": 100000,
							"amplifier": 4,
							"visible": false
						}
					]
				}
			},
			"minecraft:m": {
				"minecraft:variant": {
					"value": 9
				},
				"minecraft:scale": {
					"value": 1
				},
				"minecraft:health": {
					"value": 20,
					"max": 20
				},
				"minecraft:attack": {
					"damage": 1
				}
			},
			"minecraft:m2": {
				"minecraft:variant": {
					"value": 10
				},
				"minecraft:scale": {
					"value": 1
				},
				"minecraft:health": {
					"value": 20,
					"max": 20
				},
				"minecraft:attack": {
					"damage": 1
				}
			},
			"minecraft:ultra": {
				"minecraft:variant": {
					"value": 11
				},
				"minecraft:scale": {
					"value": 1.4
				},
				"minecraft:health": {
					"value": 20,
					"max": 20
				},
				"minecraft:attack": {
					"damage": 3
				},
				"minecraft:spell_effects": {
					"add_effects": [
						{
							"effect": "resistance",
							"duration": 100000,
							"amplifier": 5,
							"visible": false
						},
						{
							"effect": "speed",
							"duration": 100000,
							"amplifier": 2,
							"visible": false
						},
						{
							"effect": "regeneration",
							"duration": 100000,
							"amplifier": 4,
							"visible": false
						}
					]
				}
			},
			"minecraft:cipo": {
				"minecraft:variant": {
					"value": 12
				},
				"minecraft:scale": {
					"value": 1.2
				},
				"minecraft:health": {
					"value": 20,
					"max": 20
				},
				"minecraft:attack": {
					"damage": 3
				},
				"minecraft:spell_effects": {
					"add_effects": [
						{
							"effect": "resistance",
							"duration": 100000,
							"amplifier": 4,
							"visible": false
						},
						{
							"effect": "jump_boost",
							"duration": 100000,
							"amplifier": 2,
							"visible": false
						},
						{
							"effect": "speed",
							"duration": 100000,
							"amplifier": 2,
							"visible": false
						},
						{
							"effect": "regeneration",
							"duration": 100000,
							"amplifier": 4,
							"visible": false
						}
					]
				}
			},
			"minecraft:massa": {
				"minecraft:variant": {
					"value": 13
				},
				"minecraft:scale": {
					"value": 0.4
				},
				"minecraft:health": {
					"value": 20,
					"max": 20
				},
				"minecraft:attack": {
					"damage": 3
				},
				"minecraft:spell_effects": {
					"add_effects": [
						{
							"effect": "resistance",
							"duration": 100000,
							"amplifier": 2,
							"visible": false
						},
						{
							"effect": "speed",
							"duration": 100000,
							"amplifier": 3,
							"visible": false
						},
						{
							"effect": "regeneration",
							"duration": 100000,
							"amplifier": 4,
							"visible": false
						}
					]
				}
			},
			"minecraft:en": {
				"minecraft:variant": {
					"value": 14
				},
				"minecraft:scale": {
					"value": 1
				},
				"minecraft:health": {
					"value": 20,
					"max": 20
				},
				"minecraft:attack": {
					"damage": 3
				},
				"minecraft:spell_effects": {
					"add_effects": [
						{
							"effect": "jump_boost",
							"duration": 100000,
							"amplifier": 4,
							"visible": false
						},
						{
							"effect": "water_breathing",
							"duration": 100000,
							"amplifier": 100,
							"visible": false
						},
						{
							"effect": "strength",
							"duration": 100000,
							"amplifier": 2,
							"visible": false
						},
						{
							"effect": "resistance",
							"duration": 100000,
							"amplifier": 3,
							"visible": false
						},
						{
							"effect": "night_vision",
							"duration": 100000,
							"amplifier": 10,
							"visible": false
						}
					]
				}
			},
			"minecraft:aaa": {
				"minecraft:variant": {
					"value": 80
				},
				"minecraft:scale": {
					"value": 1.2
				},
				"minecraft:health": {
					"value": 20,
					"max": 20
				},
				"minecraft:attack": {
					"damage": 3
				},
				"minecraft:spell_effects": {
					"add_effects": [
						{
							"effect": "resistance",
							"duration": 100000,
							"amplifier": 4,
							"visible": false
						},
						{
							"effect": "slowness",
							"duration": 100000,
							"amplifier": 1,
							"visible": false
						},
						{
							"effect": "regeneration",
							"duration": 100000,
							"amplifier": 4,
							"visible": false
						}
					]
				}
			},
			"minecraft:xlr8r": {
				"minecraft:variant": {
					"value": 81
				},
				"minecraft:scale": {
					"value": 1
				},
				"minecraft:health": {
					"value": 20,
					"max": 20
				},
				"minecraft:attack": {
					"damage": 3
				},
				"minecraft:spell_effects": {
					"add_effects": [
						{
							"effect": "resistance",
							"duration": 100000,
							"amplifier": 3,
							"visible": false
						},
						{
							"effect": "speed",
							"duration": 100000,
							"amplifier": 5,
							"visible": false
						},
						{
							"effect": "regeneration",
							"duration": 100000,
							"amplifier": 4,
							"visible": false
						}
					]
				}
			},
			"minecraft:modocipo": {
				"minecraft:variant": {
					"value": 82
				},
				"minecraft:scale": {
					"value": 1.2
				},
				"minecraft:health": {
					"value": 20,
					"max": 20
				},
				"minecraft:attack": {
					"damage": 5
				},
				"minecraft:spell_effects": {
					"add_effects": [
						{
							"effect": "fire_resistance",
							"duration": 100000,
							"amplifier": 10,
							"visible": false
						},
						{
							"effect": "jump_boost",
							"duration": 100000,
							"amplifier": 4,
							"visible": false
						},
						{
							"effect": "strength",
							"duration": 100000,
							"amplifier": 5,
							"visible": false
						},
						{
							"effect": "resistance",
							"duration": 100000,
							"amplifier": 4,
							"visible": false
						},
						{
							"effect": "regeneration",
							"duration": 100000,
							"amplifier": 5,
							"visible": false
						}
					]
				}
			},
			"minecraft:mododi": {
				"minecraft:variant": {
					"value": 83
				},
				"minecraft:scale": {
					"value": 1.2
				},
				"minecraft:health": {
					"value": 20,
					"max": 20
				},
				"minecraft:attack": {
					"damage": 3
				},
				"minecraft:spell_effects": {
					"add_effects": [
						{
							"effect": "jump_boost",
							"duration": 100000,
							"amplifier": 4,
							"visible": false
						},
						{
							"effect": "strength",
							"duration": 100000,
							"amplifier": 5,
							"visible": false
						},
						{
							"effect": "resistance",
							"duration": 100000,
							"amplifier": 7,
							"visible": false
						}
					]
				}
			},
			"minecraft:modoen": {
				"minecraft:variant": {
					"value": 84
				},
				"minecraft:scale": {
					"value": 1
				},
				"minecraft:health": {
					"value": 20,
					"max": 20
				},
				"minecraft:attack": {
					"damage": 3
				},
				"minecraft:spell_effects": {
					"add_effects": [
						{
							"effect": "strenght",
							"duration": 100000,
							"amplifier": 4,
							"visible": false
						},
						{
							"effect": "resistance",
							"duration": 100000,
							"amplifier": 3,
							"visible": false
						},
						{
							"effect": "slow_falling",
							"duration": 100000,
							"amplifier": 1,
							"visible": false
						},
						{
							"effect": "jump_boost",
							"duration": 100000,
							"amplifier": 5,
							"visible": false
						}
					]
				}
			},
			"minecraft:ultragolem": {
				"minecraft:variant": {
					"value": 85
				},
				"minecraft:scale": {
					"value": 1.4
				},
				"minecraft:health": {
					"value": 20,
					"max": 20
				},
				"minecraft:attack": {
					"damage": 3
				},
				"minecraft:spell_effects": {
					"add_effects": [
						{
							"effect": "strenght",
							"duration": 100000,
							"amplifier": 5,
							"visible": false
						},
						{
							"effect": "resistance",
							"duration": 100000,
							"amplifier": 4,
							"visible": false
						},
						{
							"effect": "jump_boost",
							"duration": 100000,
							"amplifier": 1,
							"visible": false
						},
						{
							"effect": "slowness",
							"duration": 100000,
							"amplifier": 1,
							"visible": false
						}
					]
				}
			},
			"ben:poderch1": {
				"minecraft:spawn_entity": [
					{
						"min_wait_time": 0,
						"max_wait_time": 0,
						"single_use": true,
						"spawn_entity": "ben:poderch1",
						"num_to_spawn": 1
					}
				]
			},
			"ben:poderen1": {
				"minecraft:spawn_entity": [
					{
						"min_wait_time": 0,
						"max_wait_time": 0,
						"single_use": true,
						"spawn_entity": "ben:poderen1",
						"num_to_spawn": 1
					}
				]
			},
			"ben:poderu1": {
				"minecraft:spawn_entity": [
					{
						"min_wait_time": 0,
						"max_wait_time": 0,
						"single_use": true,
						"spawn_entity": "ben:poderu1",
						"num_to_spawn": 1
					}
				]
			},
			"ben:poderin1": {
				"minecraft:spawn_entity": [
					{
						"min_wait_time": 0,
						"max_wait_time": 0,
						"single_use": true,
						"spawn_entity": "ben:poderin1",
						"num_to_spawn": 1
					}
				]
			},
			"ben:poderin2": {
				"minecraft:spawn_entity": [
					{
						"min_wait_time": 0,
						"max_wait_time": 0,
						"single_use": true,
						"spawn_entity": "ben:poderin2",
						"num_to_spawn": 1
					}
				]
			},
			"ben:poderin3": {
				"minecraft:spawn_entity": [
					{
						"min_wait_time": 0,
						"max_wait_time": 0,
						"single_use": true,
						"spawn_entity": "ben:poderin3",
						"num_to_spawn": 1
					}
				]
			},
			"minecraft:add_bad_omen": {
				"minecraft:spell_effects": {
					"add_effects": [
						{
							"effect": "bad_omen",
							"duration": 6000,
							"display_on_screen_animation": true
						}
					]
				},
				"minecraft:timer": {
					"time": [
						0,
						0
					],
					"looping": false,
					"time_down_event": {
						"event": "minecraft:clear_add_bad_omen",
						"target": "self"
					}
				}
			},
			"minecraft:clear_bad_omen_spell_effect": {
				"minecraft:spell_effects": {}
			},
			"minecraft:raid_trigger": {
				"minecraft:raid_trigger": {
					"triggered_event": {
						"event": "minecraft:remove_raid_trigger",
						"target": "self"
					}
				},
				"minecraft:spell_effects": {
					"remove_effects": "bad_omen"
				}
			},
		"minecraft:logia": {
        "minecraft:damage_sensor": {
          "triggers":[
            {
              "on_damage":{
                "filters": {
                  "all_of": [
                    {
                      "test":"has_tag","subject":"self","value":"obs"
                    },
                    {
                      "test":"is_family","subject":"other","operator": "!=", "value":"noone"
                    }
                  ]
                },
                "event":"hobs"
              },
              "deals_damage":false
            },
            {
              "on_damage":{
                "filters": {
                  "any_of": [
{ "test":"is_family","subject":"other","value":"boss"},
{ "test": "has_equipment", "domain": "head", "subject": "other", "value": "stk:haki"},
{ "test": "has_equipment", "domain": "head", "subject": "other", "value": "stk:ryou"},
{ "test": "has_equipment", "domain": "head", "subject": "other", "value": "stk:reiar"},
{ "test": "has_equipment", "domain": "head", "subject": "other", "value": "stk:gear4"},
{ "test": "has_equipment", "domain": "head", "subject": "other", "value": "stk:snakeman"},
{ "test": "has_equipment", "domain": "head", "subject": "other", "value": "stk:hybrid"},
{ "test": "has_equipment", "domain": "head", "subject": "other", "value": "stk:complete"},
{ "test": "has_equipment", "domain": "head", "subject": "other", "value": "stk:dhybrid"},
{ "test": "has_equipment", "domain": "head", "subject": "other", "value": "stk:dragon"},
{ "test": "has_equipment", "domain": "head", "subject": "other", "value": "stk:tree_titan"},
{ "test": "has_equipment", "domain": "head", "subject": "other", "value": "stk:axalote"},
{ "test": "has_equipment", "domain": "head", "subject": "other", "value": "stk:axalote_hibrid"}
                  ]
                }
              },
              "deals_damage":true
            },
            {
              "on_damage":{
                "filters": {
                  "any_of": [
                    {
                      "test":"is_family","subject":"other","operator": "!=","value":"noone"
                    }
                  ]
                },
                "event":"logia_particles"
              },
              "deals_damage":false
            }
          ]
        }
       }
		},
		"components": {
			"minecraft:experience_reward": {
				"on_death": "math.min(query.player_level*7,100)"
			},
			"minecraft:type_family": {
				"family": [
					"player"
				]
			},
			"minecraft:is_hidden_when_invisible": {},
			"minecraft:loot": {
				"table": "loot_tables/empty.json"
			},
			"minecraft:collision_box": {
				"width": 0.6,
				"height": 1.8
			},
			"minecraft:can_climb": {},
			"minecraft:movement": {
				"value": 0.1
			},
			"minecraft:hurt_on_condition": {
				"damage_conditions": [
					{
						"filters": {
							"test": "in_lava",
							"subject": "self",
							"operator": "==",
							"value": true
						},
						"cause": "lava",
						"damage_per_tick": 4
					}
				]
			},
			"minecraft:attack": {
				"damage": 1
			},
			"minecraft:player.saturation": {
				"value": 20
			},
			"minecraft:player.exhaustion": {
				"value": 0,
				"max": 4
			},
			"minecraft:player.level": {
				"value": 0,
				"max": 24791
			},
			"minecraft:player.experience": {
				"value": 0,
				"max": 1
			},
			"minecraft:breathable": {
				"total_supply": 15,
				"suffocate_time": -1,
				"inhale_time": 3.75,
				"generates_bubbles": false
			},
			"minecraft:nameable": {
				"always_show": true,
				"allow_name_tag_renaming": false
			},
			"minecraft:physics": {},
			"minecraft:pushable": {
				"is_pushable": false,
				"is_pushable_by_piston": true
			},
			"minecraft:insomnia": {
				"days_until_insomnia": 3
			},
			"minecraft:rideable": {
				"seat_count": 2,
				"family_types": [
					"parrot_tame"
				],
				"pull_in_entities": true,
				"seats": [
					{
						"position": [
							0.4,
							-0.2,
							-0.1
						],
						"min_rider_count": 0,
						"max_rider_count": 0,
						"lock_rider_rotation": 0
					},
					{
						"position": [
							-0.4,
							-0.2,
							-0.1
						],
						"min_rider_count": 1,
						"max_rider_count": 2,
						"lock_rider_rotation": 0
					}
				]
			},
			"minecraft:scaffolding_climber": {},
			"minecraft:environment_sensor": {
				"triggers": [
					{
						"filters": {
							"all_of": [
								{
									"test": "has_mob_effect",
									"subject": "self",
									"value": "bad_omen"
								},
								{
									"test": "is_in_village",
									"subject": "self",
									"value": true
								}
							]
						},
						"event": "minecraft:trigger_raid"
					},
					{
						"filters": {
							"any_of": [
								{
									"test": "has_tag",
									"subject": "self",
									"operator": "==",
									"value": "logia"
								},
								{
									"test": "has_tag",
									"subject": "self",
									"operator": "==",
									"value": "obs"
								}
							]
						},
						"event": "start_logia"
					},
					{
						"filters": {
							"all_of": [
								{
									"test": "has_tag",
									"subject": "self",
									"operator": "!=",
									"value": "logia"
								},
								{
									"test": "has_tag",
									"subject": "self",
									"operator": "!=",
									"value": "obs"
								}
							]
						},
						"event": "end_logia"
					},
					{
						"filters": {
							"all_of": [
								{
									"test": "is_variant",
									"operator": "!=",
									"value": 0
								},
								{
									"test": "has_equipment",
									"domain": "head",
									"operator": "!=",
									"value": "stk:mink"
								},
								{
									"test": "has_equipment",
									"domain": "head",
									"operator": "!=",
									"value": "stk:mink"
								},
								{
									"test": "has_equipment",
									"domain": "head",
									"operator": "!=",
									"value": "stk:fishman"
								},
								{
									"test": "has_equipment",
									"domain": "head",
									"operator": "!=",
									"value": "stk:skypian"
								},
								{
									"test": "has_equipment",
									"domain": "head",
									"operator": "!=",
									"value": "stk:skypian2"
								},
								{
									"test": "has_equipment",
									"domain": "head",
									"operator": "!=",
									"value": "stk:mink2"
								},
								{
									"test": "has_equipment",
									"domain": "head",
									"operator": "!=",
									"value": "stk:fishman2"
								},
								{
								    "test": "has_equipment",
									"domain": "head",
									"operator": "!=",
									"value": "stk:tree_titan"
								},
								{
								    "test": "has_equipment",
									"domain": "head",
									"operator": "!=",
									"value": "stk:hybrid"
								},
								{
								    "test": "has_equipment",
									"domain": "head",
									"operator": "!=",
									"value": "stk:complet"
								},
								{
								    "test": "has_equipment",
									"domain": "head",
									"operator": "!=",
									"value": "stk:haki"
								},
								{
								    "test": "has_equipment",
									"domain": "head",
									"operator": "!=",
									"value": "stk:ryou"
								},
								{
								    "test": "has_equipment",
									"domain": "head",
									"operator": "!=",
									"value": "stk:reiar"
								},
								{                  "test": "has_equipment",
                  "domain": "head",
                  "operator": "!=",
                  "value": "stk:gear4"
                },
                {
                                   "test": "has_equipment",
                  "domain": "head",
                  "operator": "!=",
                  "value": "stk:snakeman"
                },
                {
                                   "test": "has_equipment",
                  "domain": "head",
                  "operator": "!=",
                  "value": "stk:axalote"
                },
                {
                                   "test": "has_equipment",
                  "domain": "head",
                  "operator": "!=",
                  "value": "stk:axalote_hibrid"
                },
                {
                    "test": "has_equipment",
                  "domain": "head",
                  "operator": "!=",
                  "value": "stk:gear5"
                },
                {
						                    "test": "has_equipment",
                  "domain": "head",
                  "operator": "!=",
                  "value": "stk:dragon"
                },
                {
                                        "test": "has_equipment",
                  "domain": "head",
                  "operator": "!=",
                  "value": "stk:dhybrid"
                },
                {
                    "test": "has_equipment",
									"domain": "head",
									"operator": "!=",
									"value": "ben:ch"
								},
								{
									"test": "has_equipment",
									"domain": "head",
									"operator": "!=",
									"value": "ben:in"
								},
								{
									"test": "has_equipment",
									"domain": "head",
									"operator": "!=",
									"value": "ben:qua"
								},
								{
									"test": "has_equipment",
									"domain": "head",
									"operator": "!=",
									"value": "ben:xlr8"
								},
								{
									"test": "has_equipment",
									"domain": "head",
									"operator": "!=",
									"value": "ben:m"
								},
								{
									"test": "has_equipment",
									"domain": "head",
									"operator": "!=",
									"value": "ben:m2"
								},
								{
									"test": "has_equipment",
									"domain": "head",
									"operator": "!=",
									"value": "ben:ultra"
								},
								{
									"test": "has_equipment",
									"domain": "head",
									"operator": "!=",
									"value": "ben:cipo"
								},
								{
									"test": "has_equipment",
									"domain": "head",
									"operator": "!=",
									"value": "ben:massa"
								},
								{
									"test": "has_equipment",
									"domain": "head",
									"operator": "!=",
									"value": "ben:en"
								},
								{
									"test": "has_equipment",
									"domain": "head",
									"operator": "!=",
									"value": "ben:aaa"
								},
								{
									"test": "has_equipment",
									"domain": "head",
									"operator": "!=",
									"value": "ben:xlr8r"
								},
								{
									"test": "has_equipment",
									"domain": "head",
									"operator": "!=",
									"value": "ben:modocipo"
								},
								{
									"test": "has_equipment",
									"domain": "head",
									"operator": "!=",
									"value": "ben:mododi"
								},
								{
									"test": "has_equipment",
									"domain": "head",
									"operator": "!=",
									"value": "ben:modoen"
								},
								{
									"test": "has_equipment",
									"domain": "head",
									"operator": "!=",
									"value": "ben:ultragolem"
								}
							]
						},
						"event": "minecraft:event_normal_player"
					},
					{
						"filters": {
							"all_of": [
								{
									"test": "has_equipment",
									"domain": "head",
									"value": "stk:mink"
								},
								{
									"test": "is_variant",
									"operator": "!=",
									"value": 0
								}
							]
						},
						"event": "stk:mink"
					},
					{
						"filters": {
							"all_of": [
								{
									"test": "has_equipment",
									"domain": "head",
									"value": "stk:su"
								},
								{
									"test": "is_variant",
									"operator": "!=",
									"value": 0
								}
							]
						},
						"event": "stk:su"
					},
					{
						"filters": {
							"all_of": [
								{
									"test": "has_equipment",
									"domain": "head",
									"value": "stk:fishman"
								},
								{
									"test": "is_variant",
									"operator": "!=",
									"value": 0
								}
							]
						},
						"event": "minecraft:fishman"
					},
					{
						"filters": {
							"all_of": [
								{
									"test": "has_equipment",
									"domain": "head",
									"value": "stk:skypian"
								},
								{
									"test": "is_variant",
									"operator": "!=",
									"value": 0
								}
							]
						},
						"event": "minecraft:skypian"
					},
					{
						"filters": {
							"all_of": [
								{
									"test": "has_equipment",
									"domain": "head",
									"value": "stk:skypian2"
								},
								{
									"test": "is_variant",
									"operator": "!=",
									"value": 0
								}
							]
						},
						"event": "minecraft:skypian2"
					},
					{
						"filters": {
							"all_of": [
								{
									"test": "has_equipment",
									"domain": "head",
									"value": "stk:mink2"
								},
								{
									"test": "is_variant",
									"operator": "!=",
									"value": 0
								}
							]
						},
						"event": "minecraft:mink2"
					},
					{
						"filters": {
							"all_of": [
								{
									"test": "has_equipment",
									"domain": "head",
									"value": "stk:fishman2"
								},
								{
									"test": "is_variant",
									"operator": "!=",
									"value": 0
								}
							]
						},
						"event": "minecraft:fishman2"
					},
					{
					    						"filters": {
							"all_of": [
								{
									"test": "has_equipment",
									"domain": "head",
									"value": "stk:tree_titan"
								},
								{
									"test": "is_variant",
									"operator": "!=",
									"value": 7
								}
							]
						},
						"event": "minecraft:forest"
					},
					{
					    			"filters": {
							"all_of": [
								{
									"test": "has_equipment",
									"domain": "head",
									"value": "stk:hybrid"
								},
								{
									"test": "is_variant",
									"operator": "!=",
									"value": 8
								}
							]
						},
						"event": "minecraft:hybrid"
					},
					{
					    "filters": {
							"all_of": [
								{
									"test": "has_equipment",
									"domain": "head",
									"value": "stk:complet"
								},
								{
									"test": "is_variant",
									"operator": "!=",
									"value": 9
								}
							]
						},
						"event": "minecraft:complete"
					},
					{
					    "filters": {
							"all_of": [
								{
									"test": "has_equipment",
									"domain": "head",
									"value": "stk:haki"
								},
								{
									"test": "is_variant",
									"operator": "!=",
									"value": 0
								}
							]
						},
						"event": "minecraft:haki"
					},
					{
					    					    "filters": {
							"all_of": [
								{
									"test": "has_equipment",
									"domain": "head",
									"value": "stk:ryou"
								},
								{
									"test": "is_variant",
									"operator": "!=",
									"value": 0
								}
							]
						},
						"event": "minecraft:ryou"
					},
					{
					    					    "filters": {
							"all_of": [
								{
									"test": "has_equipment",
									"domain": "head",
									"value": "stk:reiar"
								},
								{
									"test": "is_variant",
									"operator": "!=",
									"value": 0
								}
							]
						},
						"event": "minecraft:reiar"
					},
					{
					                "filters": {
              "all_of": [
                {
                  "test": "has_equipment",
                  "domain": "head",
                  "value": "stk:gear4"
                },
                {
                  "test": "is_variant",
                  "operator": "!=",
                  "value": 5
                }
              ]
            },
            "event": "minecraft:gear4"
          },
          {
              "filters": {
              "all_of": [
                {
                  "test": "has_equipment",
                  "domain": "head",
                  "value": "stk:snakeman"
                },
                {
                  "test": "is_variant",
                  "operator": "!=",
                  "value": 6
                }
              ]
            },
            "event": "minecraft:snakeman"
          },
          {
                            "filters": {
              "all_of": [
                {
                  "test": "has_equipment",
                  "domain": "head",
                  "value": "stk:axalote"
                },
                {
                  "test": "is_variant",
                  "operator": "!=",
                  "value": 10
                }
              ]
            },
            "event": "minecraft:axalote"
            
          },
          {
                            "filters": {
              "all_of": [
                {
                  "test": "has_equipment",
                  "domain": "head",
                  "value": "stk:axalote_hibrid"
                },
                {
                  "test": "is_variant",
                  "operator": "!=",
                  "value": 11
                }
              ]
            },
            "event": "minecraft:axalote_hibrid"
          },
          {
              "filters": {
              "all_of": [
                {
                  "test": "has_equipment",
                  "domain": "head",
                  "value": "stk:gear5"
                },
                {
                  "test": "is_variant",
                  "operator": "!=",
                  "value": 11
                }
              ]
            },
            "event": "minecraft:gear5"
          },
          {
                            "filters": {
              "all_of": [
                {
                  "test": "has_equipment",
                  "domain": "head",
                  "value": "stk:dragon"
                },
                {
                  "test": "is_variant",
                  "operator": "!=",
                  "value": 13
                }
              ]
            },
            "event": "minecraft:dragon"
          },
          {
                            "filters": {
              "all_of": [
                {
                  "test": "has_equipment",
                  "domain": "head",
                  "value": "stk:dhybrid"
                },
                {
                  "test": "is_variant",
                  "operator": "!=",
                  "value": 14
                }
              ]
            },
            "event": "minecraft:dhybrid"
          },
          {
						"filters": {
							"all_of": [
								{
									"test": "has_equipment",
									"domain": "head",
									"value": "ben:ch"
								},
								{
									"test": "is_variant",
									"operator": "!=",
									"value": 5
								}
							]
						},
						"event": "minecraft:ch"
					},
					{
						"filters": {
							"all_of": [
								{
									"test": "has_equipment",
									"domain": "head",
									"value": "ben:in"
								},
								{
									"test": "is_variant",
									"operator": "!=",
									"value": 6
								}
							]
						},
						"event": "minecraft:in"
					},
					{
						"filters": {
							"all_of": [
								{
									"test": "has_equipment",
									"domain": "head",
									"value": "ben:qua"
								},
								{
									"test": "is_variant",
									"operator": "!=",
									"value": 7
								}
							]
						},
						"event": "minecraft:qua"
					},
					{
						"filters": {
							"all_of": [
								{
									"test": "has_equipment",
									"domain": "head",
									"value": "ben:xlr8"
								},
								{
									"test": "is_variant",
									"operator": "!=",
									"value": 8
								}
							]
						},
						"event": "minecraft:xlr8"
					},
					{
						"filters": {
							"all_of": [
								{
									"test": "has_equipment",
									"domain": "head",
									"value": "ben:m"
								},
								{
									"test": "is_variant",
									"operator": "!=",
									"value": 9
								}
							]
						},
						"event": "minecraft:m"
					},
					{
						"filters": {
							"all_of": [
								{
									"test": "has_equipment",
									"domain": "head",
									"value": "ben:m2"
								},
								{
									"test": "is_variant",
									"operator": "!=",
									"value": 10
								}
							]
						},
						"event": "minecraft:m2"
					},
					{
						"filters": {
							"all_of": [
								{
									"test": "has_equipment",
									"domain": "head",
									"value": "ben:ultra"
								},
								{
									"test": "is_variant",
									"operator": "!=",
									"value": 11
								}
							]
						},
						"event": "minecraft:ultra"
					},
					{
						"filters": {
							"all_of": [
								{
									"test": "has_equipment",
									"domain": "head",
									"value": "ben:cipo"
								},
								{
									"test": "is_variant",
									"operator": "!=",
									"value": 12
								}
							]
						},
						"event": "minecraft:cipo"
					},
					{
						"filters": {
							"all_of": [
								{
									"test": "has_equipment",
									"domain": "head",
									"value": "ben:massa"
								},
								{
									"test": "is_variant",
									"operator": "!=",
									"value": 13
								}
							]
						},
						"event": "minecraft:massa"
					},
					{
						"filters": {
							"all_of": [
								{
									"test": "has_equipment",
									"domain": "head",
									"value": "ben:en"
								},
								{
									"test": "is_variant",
									"operator": "!=",
									"value": 14
								}
							]
						},
						"event": "minecraft:en"
					},
					{
						"filters": {
							"all_of": [
								{
									"test": "has_equipment",
									"domain": "head",
									"value": "ben:aaa"
								},
								{
									"test": "is_variant",
									"operator": "!=",
									"value": 80
								}
							]
						},
						"event": "minecraft:aaa"
					},
					{
						"filters": {
							"all_of": [
								{
									"test": "has_equipment",
									"domain": "head",
									"value": "ben:xlr8r"
								},
								{
									"test": "is_variant",
									"operator": "!=",
									"value": 81
								}
							]
						},
						"event": "minecraft:xlr8r"
					},
					{
						"filters": {
							"all_of": [
								{
									"test": "has_equipment",
									"domain": "head",
									"value": "ben:modocipo"
								},
								{
									"test": "is_variant",
									"operator": "!=",
									"value": 82
								}
							]
						},
						"event": "minecraft:modocipo"
					},
					{
						"filters": {
							"all_of": [
								{
									"test": "has_equipment",
									"domain": "head",
									"value": "ben:mododi"
								},
								{
									"test": "is_variant",
									"operator": "!=",
									"value": 83
								}
							]
						},
						"event": "minecraft:mododi"
					},
					{
						"filters": {
							"all_of": [
								{
									"test": "has_equipment",
									"domain": "head",
									"value": "ben:modoen"
								},
								{
									"test": "is_variant",
									"operator": "!=",
									"value": 84
								}
							]
						},
						"event": "minecraft:modoen"
					},
					{
						"filters": {
							"all_of": [
								{
									"test": "has_equipment",
									"domain": "head",
									"value": "ben:ultragolem"
								},
								{
									"test": "is_variant",
									"operator": "!=",
									"value": 85
								}
							]
						},
						"event": "minecraft:ultragolem"
					}
				]
			}
		},
		"events": {
			"minecraft:event_normal_player": {
				"add": {
					"component_groups": [
						"minecraft:normal_player"
					]
				},
				"remove": {
					"component_groups": [
						"stk:mink",
						"stk:su",
						"minecraft:fishman",
						"minecraft:skypian",
						"minecraft:skypian2",
						"minecraft:mink2",
						"minecraft:fishman2",
												"minecraft:forest",
												"minecraft:hybrid",
												"minecraft:complete",
												"minecraft:haki",
												"minecraft:ryou",
												"minecraft:reiar",
												"minecraft:gear4",
												"minecraft:snakeman",
												"minecraft:axalote",
												"minecraft:axalote_hibrid",
												"minecraft:gear5",
											"minecraft:dragon",
											"minecraft:dhybrid",
						"minecraft:ch",
						"minecraft:in",
						"minecraft:qua",
						"minecraft:xlr8",
						"minecraft:m",
						"minecraft:m2",
						"minecraft:ultra",
						"minecraft:cipo",
						"minecraft:massa",
						"minecraft:en",
						"minecraft:aaa",
						"minecraft:xlr8r",
						"minecraft:modocipo",
						"minecraft:mododi",
						"minecraft:ultragolem",
						"minecraft:modoen"
					]
				}
			},
			"logia_particles": {
				"run_command": {
					"command": [
						"function logia_particles"
					]
				}
			},
			"start_logia": {
				"add": {
					"component_groups": [
						"minecraft:logia"
					]
				}
			},
			"end_logia": {
				"remove": {
					"component_groups": [
						"minecraft:logia"
					]
				}
			},
						"hobs": {
				"run_command": {
					"command": [
						"function obs"
					]
				}
			},
			"stk:mink": {
				"add": {
					"component_groups": [
						"stk:mink"
					]
				}
			},
			"minecraft:fishman": {
				"add": {
					"component_groups": [
						"minecraft:fishman"
					]
				}
			},
			"stk:su": {
				"add": {
					"component_groups": [
						"stk:su"
					]
				}
			},
			"minecraft:skypian": {
				"add": {
					"component_groups": [
						"minecraft:skypian"
					]
				}
			},
			"minecraft:skypian2": {
				"add": {
					"component_groups": [
						"minecraft:skypian2"
					]
				}
			},
			"minecraft:mink2": {
				"add": {
					"component_groups": [
						"minecraft:mink2"
					]
				}
			},
			"minecraft:fishman2": {
				"add": {
					"component_groups": [
						"minecraft:fishman2"
					]
				}
			},
						"minecraft:forest": {
				"add": {
					"component_groups": [
						"minecraft:forest"
					]
				}
			},
									"minecraft:hybrid": {
				"add": {
					"component_groups": [
						"minecraft:hybrid"
					]
				}
			},
			"minecraft:complete": {
				"add": {
					"component_groups": [
						"minecraft:complete"
											]
				}
			},
			"minecraft:haki": {
				"add": {
					"component_groups": [
						"minecraft:haki"
					]
				}
			},
						"minecraft:ryou": {
				"add": {
					"component_groups": [
						"minecraft:ryou"
					]
				}
			},
						"minecraft:reiar": {
				"add": {
					"component_groups": [
						"minecraft:reiar"
					]
				}
			},
						"minecraft:gear4": {
				"add": {
					"component_groups": [
						"minecraft:gear4"
					]
				}
			},
									"minecraft:snakeman": {
				"add": {
					"component_groups": [
						"minecraft:snakeman"
					]
				}
			},
			"minecraft:axalote": {
				"add": {
					"component_groups": [
						"minecraft:axalote"
					]
				}
			},
			"minecraft:axalote_hibrid": {
				"add": {
					"component_groups": [
						"minecraft:axalote_hibrid"
					]
				}
			},
				"minecraft:gear5": {
				"add": {
					"component_groups": [
						"minecraft:gear5"
					]
				}
			},
							"minecraft:dragon": {
				"add": {
					"component_groups": [
						"minecraft:dragon"
					]
				}
			},
							"minecraft:dhybrid": {
				"add": {
					"component_groups": [
						"minecraft:dhybrid"
					]
				}
			},
			"minecraft:ch": {
				"add": {
					"component_groups": [
						"minecraft:ch"
					]
				}
			},
			"minecraft:in": {
				"add": {
					"component_groups": [
						"minecraft:in"
					]
				}
			},
			"minecraft:qua": {
				"add": {
					"component_groups": [
						"minecraft:qua"
					]
				}
			},
			"minecraft:xlr8": {
				"add": {
					"component_groups": [
						"minecraft:xlr8"
					]
				}
			},
			"minecraft:m": {
				"add": {
					"component_groups": [
						"minecraft:m"
					]
				}
			},
			"minecraft:m2": {
				"add": {
					"component_groups": [
						"minecraft:m2"
					]
				}
			},
			"minecraft:ultra": {
				"add": {
					"component_groups": [
						"minecraft:ultra"
					]
				}
			},
			"minecraft:cipo": {
				"add": {
					"component_groups": [
						"minecraft:cipo"
					]
				}
			},
			"minecraft:massa": {
				"add": {
					"component_groups": [
						"minecraft:massa"
					]
				}
			},
			"minecraft:en": {
				"add": {
					"component_groups": [
						"minecraft:en"
					]
				}
			},
			"minecraft:aaa": {
				"add": {
					"component_groups": [
						"minecraft:aaa"
					]
				}
			},
			"minecraft:xlr8r": {
				"add": {
					"component_groups": [
						"minecraft:xlr8r"
					]
				}
			},
			"minecraft:modocipo": {
				"add": {
					"component_groups": [
						"minecraft:modocipo"
					]
				}
			},
			"minecraft:mododi": {
				"add": {
					"component_groups": [
						"minecraft:mododi"
					]
				}
			},
			"minecraft:modoen": {
				"add": {
					"component_groups": [
						"minecraft:modoen"
					]
				}
			},
			"minecraft:ultragolem": {
				"add": {
					"component_groups": [
						"minecraft:ultragolem"
					]
				}
			},
			"ben:poderch1": {
				"add": {
					"component_groups": [
						"ben:poderch1"
					]
				}
			},
			"ben:poderen1": {
				"add": {
					"component_groups": [
						"ben:poderen1"
					]
				}
			},
			"ben:poderu1": {
				"add": {
					"component_groups": [
						"ben:poderu1"
					]
				}
			},
			"ben:poderin1": {
				"add": {
					"component_groups": [
						"ben:poderin1"
					]
				}
			},
			"ben:poderin2": {
				"add": {
					"component_groups": [
						"ben:poderin2"
					]
				}
			},
			"ben:poderin3": {
				"add": {
					"component_groups": [
						"ben:poderin3"
					]
				}
			},
			"minecraft:gain_bad_omen": {
				"add": {
					"component_groups": [
						"minecraft:add_bad_omen"
					]
				}
			},
			"minecraft:clear_add_bad_omen": {
				"remove": {
					"component_groups": [
						"minecraft:add_bad_omen"
					]
				},
				"add": {
					"component_groups": [
						"minecraft:clear_bad_omen_spell_effect"
					]
				}
			},
			"minecraft:trigger_raid": {
				"add": {
					"component_groups": [
						"minecraft:raid_trigger"
					]
				}
			},
			"minecraft:remove_raid_trigger": {
				"remove": {
					"component_groups": [
						"minecraft:raid_trigger"
					]
				}
			}
		}
	}
}








					
				
			
		
	
































					
				
			
		
	




































































































































































































































































































































































































































































































































































































































































































































































































































































































































































































































































































































































































































































































































































































































					
				
			
		
	

























