{
    "pools": [
        {
            "rolls": 1,
            "entries": [
                {
                    "type": "item",
                    "name": "minecraft:diamond_block",
                    "functions": [
                        {
                            "function": "set_count",
                            "count": {
                                "min": 45,
                                "max": 60
                            }
                        },
                        {
                            "function": "looting_enchant",
                            "count": {
                                "min": 64,
                                "max": 64
                            }
                        }
                    ]
                }
            ]
        }
    ]
}
