{
  "format_version": "1.8.0",
  "animations": {
    "animation.grabpack.hold": {
      "loop": true,
      "bones": {
      "pack": {
          "rotation": [
           90,
            -2.5,
            180
          ],
          "position": [
            -19,
            4,
            3
          ],
          "scale": 1.27
        }, 
        "grab": {
          "rotation": [
           90,
            2.5,
            180
          ],
          "position": [
            17,
            4,
            3
          ],
          "scale": 1.27
        }
      }
    },
    "animation.grabpack.hold_view": {
      "loop": true,
      "animation_length": 11.96667,
      "bones": {
      "pack": {
          "rotation": [
            -90,
            0,
            0
          ],
          "position": [
            0,
            0,
            0
          ]
        }, 
        "grab": {
          "rotation": [
            -90,
            0,
            0
          ],
          "position": [
            0,
            0,
            0
          ]
        }
      }
    }
  }
}