{
  "format_version": "1.10.0",
  "minecraft:entity": {
    "description": {
      "identifier": "goodlord:miner",
      "is_spawnable": true,
      "is_summonable": true,
      "is_experimental": false,
      "scripts": {
        "animate": [ "miner" ]
      },
      "animations": {
        "miner": "controller.animation.miner"
      }
    },
    "component_groups": {
      "miner1": {
        "minecraft:variant": { "value": 0 }
      },   
      "miner2": {
        "minecraft:variant": { "value": 1 }
      },   
      "miner3": {
        "minecraft:variant": { "value": 2 }
      },   
      "miner4": {
        "minecraft:variant": { "value": 3 }
      }
    },

    "components": {
      "minecraft:type_family": {
        "family": [ "miner", "transport" ]
      },
      "minecraft:breathable": {
        "totalSupply": 15,
        "suffocateTime": 0,
        "breathesWater": true
      },
      "minecraft:knockback_resistance": {
        "value": 1.5
      },
      "minecraft:health": {
        "value": 150,
        "max": 150
      },
      "minecraft:healable": {
        "items": [
          {
            "item": "redstone",
            "heal_amount": 4
          },
          {
            "item": "iron_ingot",
            "heal_amount": 13
          }
        ]
      },
      "minecraft:loot": {
        "table": "loot_tables/entities/miner.json"
      },
      "minecraft:collision_box": {
        "width": 3.8,
        "height": 3.2
      },
      "minecraft:fall_damage": {
        "value": 0.02
      },
      "minecraft:movement": {
        "value": 0.15
      },
      "minecraft:underwater_movement": {
        "value": 0.10
      },
      "minecraft:lava_movement": {
        "value": 0.22
      },
      "minecraft:navigation.walk": {
        "is_amphibious": true,
        "avoid_water": true
      },
      "minecraft:movement.basic": {
      },
      "minecraft:jump.static": {
        "jump_power": 0.2
      },
      "minecraft:nameable": {
      },
      "minecraft:horse.jump_strength": {
        "value": 0.5
      },
      "minecraft:rideable": {
        "seat_count": 2,
        "family_types": [
          "player"
        ],
        "interact_text": "action.interact.ride.horse",
        "seats": [
          {
            "position": [ 0.0, 0.95, 0.0 ]
          },
          {
            "position": [ 0.0, 0.9, -0.8 ]
          }
        ]
      },
      "minecraft:behavior.player_ride_tamed": {
      },
      "minecraft:foot_size": {
        "value": 0.0
      },
      "minecraft:input_ground_controlled": {
      },
      "minecraft:can_power_jump": {
      },
      "minecraft:balloonable": {
      },

      "minecraft:is_tamed": {
      },
      "minecraft:break_blocks": {
        "breakable_blocks": [
          "acacia_door",
          "anvil",
          "bamboo_sapling",
          "bamboo",
          "barrel",
          "basalt",
          "beacon",
          "bed",
          "bedrock",
          "beehive",
          "bee_nest",
          "beetroot",
          "bell",
          "birch_door",
          "blackstone",
          "blue_ice",
          "bookshelf",
          "bone_block",
          "brick_block",
          "brown_mushroom",
          "brown_mushroom_block",
          "cactus",
          "carpet",
          "carrots",
          "cauldron",
          "cartography_table",
          "carved_pumpkin",
          "chain",
          "chest",
          "chorus_flower",
          "chorus_plant",
          "clay",
          "coal_block",
          "coal_ore",
          "cobblestone_wall",
          "cobblestone",
          "concrete",
          "copper_ore",
          "coral",
          "coral_block",
          "crafting_table",
          "crimson_door",
          "crimson_nylium",
          "crimson_planks",
          "crimson_stairs",
          "dark_oak_door",
          "dark_oak_stairs",
          "deadbush",
          "deepslate",
          "deepslate_copper_ore",
          "deepslate_gold_ore",
          "deepslate_iron_ore",
          "dirt",
          "double_plant",
          "double_stone_slab",
          "double_wooden_slab",
          "dripstone_block",
          "end_bricks",
          "end_portal",
          "end_portal_frame",
          "end_stone",
          "fence",
          "fence_gate",
          "fletching_table",
          "gilded_blackstone",
          "glass_pane",
          "glass",
          "glowstone",
          "gold_block",
          "gold_ore",
          "grass",
          "grass_path",
          "gravel",
          "hardened_clay",
          "hay_block",
          "iron_bars",
          "iron_door",
          "iron_ore",
          "jungle_door",
          "lapis_ore",
          "leaves",
          "leaves2",
          "lectern",
          "lit_pumpkin",
          "log",
          "log2",
          "melon_block",
          "melon_stem",
          "monster_egg",
          "mossy_cobblestone",
          "mossy_cobblestone_stairs",
          "mycelium",
          "nether_gold_ore",
          "netherrack",
          "oak_stairs",
          "obsidian",
          "packed_ice",
          "planks",
          "pumpkin",
          "purpur_block",
          "purpur_stairs",
          "quartz_ore",
          "red_flower",
          "red_mushroom",
          "red_mushroom_block",
          "redstone_lamp",
          "redstone_ore",
          "reeds",
          "sand",
          "sandstone",
          "sandstone_stairs",
          "sapling",
          "seagrass",
          "smithing_table",
          "smoker",
          "smooth_stone",
          "snow_layer",
          "snow",
          "spruce_door",
          "stained_hardened_clay",
          "standing_sign",
          "stone_brick_stairs",
          "stone_stairs",
          "stone",
          "stripped_acacia_log",
          "stripped_birch_log",
          "stripped_crimson_stem",
          "stripped_dark_oak_log",
          "stripped_jungle_log",
          "stripped_oak_log",
          "stripped_spruce_log",
          "stripped_warped_stem",
          "sweet_berry_bush",
          "tallgrass",
          "tnt",
          "turtle_egg",
          "twisting_vines",
          "vine",
          "wall_sign",
          "warped_nylium",
          "warped_planks",
          "warped_stairs",
          "waterlily",
          "web",
          "wheat",
          "wooden_door",
          "wooden_slab",
          "yellow_flower"
        ]
      },
      "minecraft:fire_immune": {
      },
      "minecraft:physics": {
      }
    },

    "events": {
      "minecraft:entity_spawned": {
        "randomize": [
          {
            "weight": 8,
            "add": { "component_groups": [ "miner1" ] }
          },
          {
            "weight": 8,
            "add": { "component_groups": [ "miner2" ] }
          },
          {
            "weight": 6,
            "add": { "component_groups": [ "miner3" ] }
          },
          {
            "weight": 5,
            "add": { "component_groups": [ "miner4" ] }
          }
        ]
      }
    }
  }
}