{
  "format_version": "1.16.0",
  "minecraft:entity": {
    "description": {
      "identifier": "goodlord:mower",
      "is_spawnable": true,
      "is_summonable": true,
      "is_experimental": false,
      "scripts": {
        "animate": [ "mower" ]
      },
      "animations": {
        "mower": "controller.animation.mower"
      }
    },
    "component_groups": {
      "mower_1": {
        "minecraft:variant": { "value": 0 }
      },   
      "mower_2": {
        "minecraft:variant": { "value": 1 }
      },   
      "mower_3": {
        "minecraft:variant": { "value": 2 }
      },   
      "mower_4": {
        "minecraft:variant": { "value": 3 }
      },   
      "mower_5": {
        "minecraft:variant": { "value": 4 }
      },   
      "mower_6": {
        "minecraft:variant": { "value": 5 }
      },   
      "mower_7": {
        "minecraft:variant": { "value": 6 }
      },
      "mower_8": {
        "minecraft:variant": { "value": 7 }
      },
      "goodlord:convert_grass": {
        "minecraft:mark_variant": {
          "value": 3
        },
        "minecraft:movement": {
          "value": 0.09
        }
      },
      "goodlord:fill_hole": {
        "minecraft:mark_variant": {
          "value": 4
        },
        "minecraft:movement": {
          "value": 0.06
        }
      },
      "goodlord:lay_nothing": {
        "minecraft:mark_variant": {
          "value": 0
        },
        "minecraft:movement": {
          "value": 0.14
        }
      },
      "goodlord:no_petrol": {
        "minecraft:movement": {
          "value": 0.14
        }
      },
      "goodlord:zero_speed": {
        "minecraft:mark_variant": {
          "value": 9
        },
        "minecraft:movement": {
          "value": 0.01
        },
        "minecraft:timer": {
          "looping": false,
          "time": 6,
          "time_down_event": {
            "event": "goodlord:off_mode",
            "target": "self"
          }
        }
      },
      "goodlord:start_timer1": {
        "minecraft:timer": {
          "looping": false,
          "time": 75,
          "time_down_event": {
            "event": "goodlord:slow_it",
            "target": "self"
          }
        }
      },
      "goodlord:start_timer2": {
        "minecraft:timer": {
          "looping": false,
          "time": 15,
          "time_down_event": {
            "event": "goodlord:slow_it",
            "target": "self"
          }
        }
      }
    },
    "components": {
      "minecraft:type_family": {
        "family": [ "mower", "transport" ]
      },
      "minecraft:mark_variant": {
        "value": 2
      },
      "minecraft:breathable": {
        "totalSupply": 15,
        "suffocateTime": 0,
        "breathesWater": true
      },
      "minecraft:knockback_resistance": {
        "value": 1.5
      },
      "minecraft:health": {
        "value": 50,
        "max": 50
      },
      "minecraft:scale": {
        "value": 0.8
      },
      "minecraft:healable": {
        "items": [
          {
            "item": "redstone",
            "heal_amount": 5
          },
          {
            "item": "iron_ingot",
            "heal_amount": 15
          }
        ]
      },
      "minecraft:loot": {
        "table": "loot_tables/entities/mower.json"
      },
      "minecraft:collision_box": {
        "width": 0.9,
        "height": 1.7
      },
      "minecraft:underwater_movement": {
        "value": 0.10
      },
      "minecraft:lava_movement": {
        "value": 0.05
      },
      "minecraft:navigation.walk": {
        "is_amphibious": true,
        "avoid_water": true
      },
      "minecraft:movement.basic": {
      },
      "minecraft:jump.static": {
        "jump_power": 0.2
      },
      "minecraft:nameable": {
      },
      "minecraft:horse.jump_strength": {
        "value": 0.5
      },
      "minecraft:rideable": {
        "seat_count": 2,
        "crouching_skip_interact": true,
        "family_types": [
          "player"
        ],
        "interact_text": "action.interact.ride.horse",
        "seats": [
          {
            "position": [ 0.0, 0.65, -0.05 ]
          },
          {
            "position": [ 0.0, 1.2, -1.2 ]
          }
        ]
      },
      "minecraft:behavior.player_ride_tamed": {
      },
      "minecraft:input_ground_controlled": {
      },
      "minecraft:interact": {
        "interactions": [
          {
            "on_interact": {
              "filters": {
                "all_of": [
                  { "test": "has_equipment", "domain": "hand", "subject": "other", "value": "diamond" }
                ]
              },
              "event": "goodlord:off_mode",
              "target": "self"
            },
            "play_sounds": "power.off",
            "use_item": false,
            "swing": true,
            "interact_text": "action.interact.off_mode"
          },
          {
            "on_interact": {
              "filters": {
                "all_of": [
                  { "test": "has_equipment", "domain": "hand", "subject": "other", "value": "iron_block" }
                ]
              },
              "event": "goodlord:grass_mode",
              "target": "self"
            },
            "play_sounds": "power.on",
            "use_item": true,
            "swing": true,
            "interact_text": "action.interact.mode1"
          },
          {
            "on_interact": {
              "filters": {
                "all_of": [
                  { "test": "has_equipment", "domain": "hand", "subject": "other", "value": "goodlord:grass_fuel" }
                ]
              },
              "event": "goodlord:hole_mode",
              "target": "self"
            },
            "play_sounds": "power.on",
            "use_item": true,
            "swing": true,
            "interact_text": "action.interact.mode2"
          }             
        ]
      },
      "minecraft:break_blocks": {
        "breakable_blocks": [
          "bamboo",
          "brown_mushroom",
          "cactus",
          "carrots",
          "carved_pumpkin",
          "chorus_flower",
          "chorus_plant",
          "deadbush",
          "double_plant",
          "leaves",
          "leaves2",
          "lit_pumpkin",
          "melon_block",
          "melon_stem",
          "pumpkin",
          "red_flower",
          "red_mushroom",
          "reeds",
          "sapling",
          "seagrass",
          "snow_layer",
          "sweet_berry_bush",
          "tallgrass",
          "twisting_vines",
          "vine",
          "waterlily",
          "web",
          "wheat",
          "yellow_flower"
        ]
      },
      "minecraft:can_power_jump": {
      },
      "minecraft:balloonable": {
      },
      "minecraft:is_tamed": {
      },
      "minecraft:fire_immune": {
      },
      "minecraft:physics": {
      }
    },

    "events": {
      "minecraft:entity_spawned": {
        "sequence": [
          {
            "randomize": [
              {
                "weight": 8,
                "add": { "component_groups": [ "mower_1" ] }
              },
              {
                "weight": 8,
                "add": { "component_groups": [ "mower_2" ] }
              },
              {
                "weight": 6,
                "add": { "component_groups": [ "mower_3" ] }
              },
              {
                "weight": 6,
                "add": { "component_groups": [ "mower_4" ] }
              },
              {
                "weight": 5,
                "add": { "component_groups": [ "mower_5" ] }
              },
              {
                "weight": 5,
                "add": { "component_groups": [ "mower_6" ] }
              },
              {
                "weight": 5,
                "add": { "component_groups": [ "mower_7" ] }
              },
              {
                "weight": 5,
                "add": { "component_groups": [ "mower_8" ] }
              }
            ]
          },
          {
            "add": {
              "component_groups": [
                  "goodlord:lay_nothing"
              ]
            }
          }
        ]
      },
      "goodlord:off_mode": {
        "remove": {
          "component_groups": [
            "goodlord:convert_grass", "goodlord:start_timer1", "goodlord:fill_hole", "goodlord:start_timer2"
          ]
        },
        "add": {
          "component_groups": [
            "goodlord:lay_nothing"
          ]
        }
      },
      "goodlord:grass_mode": {
        "remove": {
          "component_groups": [
            "goodlord:lay_nothing", "goodlord:fill_hole"
          ]
        },
        "add": {
          "component_groups": [
            "goodlord:convert_grass", "goodlord:start_timer1"
          ]
        }
      },
      "goodlord:hole_mode": {
        "remove": {
          "component_groups": [
            "goodlord:lay_nothing", "goodlord:convert_grass", "goodlord:start_timer1"
          ]
        },
        "add": {
          "component_groups": [
            "goodlord:fill_hole", "goodlord:start_timer2"
          ]
        }
      },
      "goodlord:slow_it": {
        "remove": {
          "component_groups": [
            "goodlord:convert_grass", "goodlord:start_timer1", "goodlord:fill_hole", "goodlord:start_timer2"
          ]
        },
        "add": {
          "component_groups": [
            "goodlord:zero_speed"
          ]
        }
      }
    }
  }
}