
 {
	"format_version": "1.16.100",
	"minecraft:item": {
		"description": {
			"identifier": "op_asa:barrier_crush",
			"category": "items"
		},
  "components": {
    "tag:op_asa:baribari":{},
    "minecraft:render_offsets": {
      "main_hand": {
        "first_person": { 
          "scale": [0.0,0.0,0.0]
        },
        "third_person": { 
          "scale": [0.0,0.0,0.0]
        }
      }
    },
    "minecraft:on_use":{
      "on_use":{
        "condition":"query.variant == 2727 && !query.is_in_water",
        "event":"op_asa:event1"
      }
    },
    "minecraft:cooldown": {
      "category": "baribari",
      "duration": 3
    },
    "minecraft:use_duration": 99999,
    "minecraft:food": {
      "nutrition": 0,
      "saturation_modifier": "supernatural",
      "can_always_eat": true
    },
    "minecraft:max_stack_size": 1,
    "minecraft:icon":{
      "texture": "barrier_crush"
    },
    "minecraft:display_name":{
      "value":"item.op_asa:barrier_crush.name"
    },
    "minecraft:explodable":false,
    "minecraft:should_despawn":false
  },
  "events":{
    "op_asa:event1":{
      "shoot":{
        "projectile":"op_asa:barrier_crush_p",
        "launch_power":1
      }
    }
  }
  }
}
