
 {
	"format_version": "1.16.100",
	"minecraft:item": {
		"description": {
			"identifier": "op_asa:barriered",
			"category": "items"
		},
  "components": {
    "tag:op_asa:baribari":{},
    "minecraft:render_offsets": {
      "main_hand": {
        "first_person": { 
          "scale": [0.0,0.0,0.0]
        },
        "third_person": { 
          "scale": [0.0,0.0,0.0]
        }
      }
    },
    "minecraft:on_use":{
      "on_use":{
        "condition":"query.variant == 2727 && !query.is_in_water",
        "event":"op_asa:event1"
      }
    },
    "minecraft:cooldown": {
      "category": "baribari",
      "duration": 3
    },
    "minecraft:max_stack_size": 1,
    "minecraft:icon":{
      "texture": "barrier"
    },
    "minecraft:display_name":{
      "value":"item.op_asa:barrier.name"
    },
    "minecraft:explodable":false
  },
  "events":{
    "op_asa:event1":{
      "sequence":[
        {
          "run_command":{
            "command":"function akumanomi/baribari/barrier"
          }
        },
        {
          "run_command":{
            "command":"summon op_asa:barrier_e ^^1^5"
          }
        },
        {
          "run_command":{
            "command":"function akumanomi/baribari/to_barrier_end"
          }
        }
      ]
    }
  }
  }
}
