{
    "format_version": "1.10.0",
    "minecraft:client_entity": {
        "description": {
            "identifier": "vl:minirod_worker",
            "materials": {
                "default": "zombie"
            },
            "textures": {
                "default": "textures/entity/minirod_worker"
            },
            "geometry": {
                "default": "geometry.minirod_worker"
            },
            "animations": {
                "walk": "animation.minirod.walk",
        "idle": "animation.minirod_worker.idle",
                "sprint": "animation.minirod.sprint",
                "look_at_target": "animation.common.look_at_target",
                "move": "controller.animation.vl"
            },
            "scripts": {
                "animate": [

                              {"idle": "query.variant == 1"},
                    "move"
                ],
                "pre_animation": [
                    "variable.attack = Math.sin(variable.attack_time * 30.0);"
                ]
            },
            "render_controllers": [
                "controller.render.default"
            ],
			"spawn_egg": {
        "texture": "minirod_worker",
        "texture_index": 0
            }
        }
    }
}
