{
  "format_version": "1.8.0",
  "animations": {
    "animation.dolphin.turn": {
      "loop": true,
      "bones": {
        "body": {
          "rotation": [
            0,
            "math.clamp(variable.smoot_turn / -4, -38, 38)",
            0
          ]
        },
        "tail": {
          "rotation": [
            0,
            "math.clamp(variable.smoot_turn / -3, -42, 42)",
            0
          ]
        },
        "tail_fin": {
          "rotation": [
            0,
            "math.clamp(variable.smoot_turn / -1, -40, 40)",
            0
          ]
        }
      }
    }
  }
}
