{"format_version": "1.8.0", "animations": {
"animation.look": {"loop": true, "bones": {"neck": {"rotation": ["query.is_stunned ? this : query.target_x_rotation - this", "query.is_stunned ? this : query.target_y_rotation - this", 0]}, "eyelid0": {"rotation": [0, 0, "query.has_target ? -15 : 0"], "position": ["query.has_target ? 0.15 : 0", "query.has_target ? -0.9 : (query.is_stunned ? -0.8 : 0)", 0]}, "eyelid1": {"rotation": [0, 0, "query.has_target ? 15 : 0"], "position": ["query.has_target ? -0.15 : 0", "query.has_target ? -0.9 : (query.is_stunned ? -0.8 : 0)", 0]}}},
"animation.fowl.rest": {"loop": true, "bones": {"body2": {"rotation": ["variable.brot.rest", 0, 0], "position": [0, "-variable.bpos", 0]}, "neck": {"rotation": ["variable.hrot.rest", 0, 0], "position": [0, -2, 0]}}},
"animation.eat": {"loop": true, "bones": {"neck": {"rotation": ["variable.hrot", 0, 0]}}},
"animation.pic": {"loop": true, "bones": {"body2": {"rotation": ["variable.brot - math.cos(query.anim_time*720)*variable.brot", 0, 0]}, "neck": {"rotation": ["variable.nrot - math.cos(query.anim_time*720)*variable.nrot", 0, 0]}}}
}}