{
  "format_version": "1.8.0",
  "animations": {
    "animation.beluga.swim": {
      "loop": true,
      "animation_length": 2.41667,
      "bones": {
        "mainbody": {
          "rotation": {
            "0.0": [
              2.5,
              0,
              0
            ],
            "1.0": [
              -5,
              0,
              0
            ],
            "2.0": [
              2.5,
              0,
              0
            ],
            "2.4167": [
              2.5,
              0,
              0
            ]
          }
        },
        "jaw": {
          "rotation": [
            17.5,
            0,
            0
          ]
        },
        "tail1": {
          "rotation": {
            "0.0": [
              5,
              0,
              0
            ],
            "1.0": [
              -12.5,
              0,
              0
            ],
            "2.4167": [
              5,
              0,
              0
            ]
          }
        },
        "tail2": {
          "rotation": {
            "0.0": [
              5,
              0,
              0
            ],
            "0.6667": [
              3.17,
              0,
              0
            ],
            "1.0": [
              -7.5,
              0,
              0
            ],
            "1.7917": [
              -7.51,
              0,
              0
            ],
            "2.4167": [
              5,
              0,
              0
            ]
          },
          "position": {
            "0.0": [
              0,
              0.9,
              0
            ],
            "0.6667": [
              0,
              0.33,
              0
            ],
            "1.0": [
              0,
              -0.85,
              0
            ],
            "1.7917": [
              0,
              -0.945,
              0
            ],
            "2.4167": [
              0,
              0.9,
              0
            ]
          }
        },
        "tail3": {
          "rotation": {
            "0.0": [
              12.5,
              0,
              0
            ],
            "0.6667": [
              13.08,
              0,
              0
            ],
            "1.0": [
              -12.5,
              0,
              0
            ],
            "1.7917": [
              -18.28,
              0,
              0
            ],
            "2.4167": [
              12.5,
              0,
              0
            ]
          },
          "position": {
            "0.0": [
              0,
              1.1,
              0
            ],
            "0.6667": [
              0,
              1.295,
              0
            ],
            "1.0": [
              0,
              -1.425,
              0
            ],
            "1.7917": [
              0,
              -2.035,
              0
            ],
            "2.4167": [
              0,
              1.1,
              0
            ]
          }
        },
        "fin1": {
          "rotation": {
            "0.0": [
              0,
              0,
              -45
            ],
            "1.125": [
              0,
              0,
              -17.5
            ],
            "2.4167": [
              0,
              0,
              -45
            ]
          }
        },
        "fin2": {
          "rotation": {
            "0.0": [
              0,
              0,
              42.25
            ],
            "1.125": [
              0,
              0,
              22.25
            ],
            "2.4167": [
              0,
              0,
              42.25
            ]
          }
        }
      }
    }
  }
}
