{
  "format_version": "1.8.0",
  "animations": {
    "animation.orca.swim": {
      "loop": true,
      "animation_length": 1.54167,
      "bones": {
        "head": {
          "rotation": {
            "0.0": [
              10,
              0,
              0
            ],
            "0.6667": [
              -12.5,
              0,
              0
            ],
            "1.125": [
              9.29,
              0,
              0
            ],
            "1.5417": [
              10,
              0,
              0
            ]
          }
        },
        "body": {
          "rotation": {
            "0.0": [
              -12.25,
              0,
              0
            ],
            "0.6667": [
              6.25,
              0,
              0
            ],
            "1.5417": [
              -12.25,
              0,
              0
            ]
          }
        },
        "tail": {
          "rotation": {
            "0.0": [
              -7.5,
              0,
              0
            ],
            "0.3333": [
              -3.75,
              0,
              0
            ],
            "0.6667": [
              15,
              0,
              0
            ],
            "1.5417": [
              -7.5,
              0,
              0
            ]
          }
        },
        "tail_fin": {
          "rotation": {
            "0.0": [
              -12.5,
              0,
              0
            ],
            "0.3333": [
              -16.25,
              0,
              0
            ],
            "0.6667": [
              20,
              0,
              0
            ],
            "1.0417": [
              24.03,
              0,
              0
            ],
            "1.5417": [
              -12.5,
              0,
              0
            ]
          },
          "position": {
            "0.0": [
              0,
              -1.15,
              0
            ],
            "0.3333": [
              0,
              -0.78,
              0
            ],
            "0.6667": [
              0,
              1.2,
              0
            ],
            "1.0417": [
              0,
              1.2,
              -0.9
            ],
            "1.5417": [
              0,
              -1.15,
              0
            ]
          }
        },
        "tail3": {
          "rotation": {
            "0.0": [
              -28.5,
              0,
              0
            ],
            "0.3333": [
              -17.5,
              0,
              0
            ],
            "0.6667": [
              10,
              0,
              0
            ],
            "1.0417": [
              32.14,
              0,
              0
            ],
            "1.5417": [
              -28.5,
              0,
              0
            ]
          },
          "position": {
            "0.0": [
              0,
              -2.5,
              0
            ],
            "0.3333": [
              0,
              -2.5,
              0
            ],
            "0.6667": [
              0,
              0.475,
              0
            ],
            "1.0417": [
              0,
              2.955,
              -0.275
            ],
            "1.5417": [
              0,
              -2.5,
              0
            ]
          }
        },
        "left_fin": {
          "rotation": {
            "0.0": [
              20.68809,
              -39.96049,
              52.5684
            ],
            "0.8333": [
              0,
              0,
              37.5
            ],
            "1.5417": [
              20.68809,
              -39.96049,
              52.5684
            ]
          }
        },
        "right_fin": {
          "rotation": {
            "0.0": [
              -24.12515,
              -34.74715,
              -48.53587
            ],
            "0.875": [
              0,
              0,
              -42.5
            ],
            "1.5417": [
              -24.12515,
              -34.74715,
              -48.53587
            ]
          }
        }
      }
    },
    "animation.orca.slowswim": {
      "loop": true,
      "animation_length": 2.5,
      "bones": {
        "mainbody": {
          "rotation": {
            "0.0": [
              2.5,
              0,
              0
            ],
            "1.25": [
              -2.5,
              0,
              0
            ],
            "2.5": [
              2.5,
              0,
              0
            ]
          }
        },
        "tail1": {
          "rotation": {
            "0.0": [
              2.5,
              0,
              0
            ],
            "1.25": [
              -4.93272,
              -0.93784,
              0.42173
            ],
            "2.5": [
              2.5,
              0,
              0
            ]
          }
        },
        "tail2": {
          "rotation": {
            "0.0": [
              2.5,
              0,
              0
            ],
            "0.625": [
              7.5,
              0,
              0
            ],
            "1.25": [
              -7.5,
              0,
              0
            ],
            "1.9583": [
              -6.83,
              0,
              0
            ],
            "2.5": [
              2.5,
              0,
              0
            ]
          }
        },
        "tail3": {
          "rotation": {
            "0.0": [
              5,
              0,
              0
            ],
            "0.625": [
              15,
              0,
              0
            ],
            "1.25": [
              -15,
              0,
              0
            ],
            "1.9583": [
              -16.17,
              0,
              0
            ],
            "2.5": [
              5,
              0,
              0
            ]
          }
        },
        "fin1": {
          "rotation": [
            0,
            0,
            -22.5
          ]
        },
        "fin2": {
          "rotation": [
            0,
            0,
            20
          ]
        }
      }
    }
  }
}
