{
  "format_version": "1.8.0",
  "animations": {
    "animation.dolphin.movexmb2a": {
      "loop": true,
      "bones": {
        "body": {
          "rotation": [
            "(query.target_x_rotation / 2.96) * 2.0 + (-2.865 * math.cos(query.life_time * 320.8))",
            0,
            "query.target_y_rotation - 10.865 + (-2.865 * math.cos(query.life_time * 260.8))"
          ]
        },
        "head": {
          "rotation": [
            "(query.target_x_rotation / 4.20)",
            "(query.target_y_rotation / 4.20)",
            "(query.target_y_rotation / 8.30) - 5.865 + (-20.865 * math.cos(query.life_time * 240.0))"
          ]
        },
        "left_fin": {
          "rotation": [
            "17.19 * math.cos(query.life_time * 400.2) + 22.92",
            0.0,
            0.0
          ]
        },
        "right_fin": {
          "rotation": [
            "-17.19 * math.cos(query.life_time * 400.2) - 22.92",
            0.0,
            0.0
          ]
        },
        "tail": {
          "rotation": [
            "(query.target_x_rotation / 11.50) * -8.865 * math.cos(query.life_time * 310.8)",
            "(query.target_y_rotation / 9.88)",
            "14.73 * math.cos(query.life_time * 220.8)"
          ]
        },
        "tail_fin": {
          "rotation": [
            "-12.865 * math.cos(query.life_time * 320.8)",
            0.0,
            "-36.46 * math.cos(query.life_time * 260.8)"
          ]
        },
        "leftItem": {
          "scale": [
            0,
            0,
            0
          ]
        },
        "leftitem": {
          "scale": [
            0,
            0,
            0
          ]
        },
        "leftArm": {
          "scale": [
            0,
            0,
            0
          ]
        },
        "leftarm": {
          "scale": [
            0,
            0,
            0
          ]
        }
      }
    }
  }
}
