{
  "format_version": "1.8.0",
  "animations": {
    "animation.dolphin.movexmu": {
      "loop": true,
      "bones": {
        "body": {
          "rotation": [
            "query.target_x_rotation - 3.865 + (-2.865 * math.cos(query.life_time * 320.8))",
            "query.target_y_rotation",
            "(query.target_y_rotation / 2.96) * 2.0 + (-2.865 * math.cos(query.life_time * 320.8))"
          ]
        },
        "head": {
          "rotation": [
            "(query.target_x_rotation / 8.30) - 8.865 + (-5.865 * math.cos(query.life_time * 155.0))",
            "(query.target_y_rotation / 5.20)",
            "(query.target_y_rotation / 5.20)"
          ]
        },
        "left_fin": {
          "rotation": [
            0.0,
            0.0,
            "17.19 * math.cos(query.life_time * 400.2) + 22.92"
          ]
        },
        "right_fin": {
          "rotation": [
            0.0,
            0.0,
            "-17.19 * math.cos(query.life_time * 400.2) - 22.92"
          ]
        },
        "tail": {
          "rotation": [
            "-16.73 * math.cos(query.life_time * 300.8)",
            "(query.target_y_rotation / 9.88)",
            "(query.target_y_rotation / 11.50) * -6.865 * math.cos(query.life_time * 310.8)"
          ]
        },
        "tail_fin": {
          "rotation": [
            "-30.46 * math.cos(query.life_time * 280.8)",
            0.0,
            "-8.865 * math.cos(query.life_time * 320.8)"
          ]
        },
        "leftItem": {
          "scale": [
            0,
            0,
            0
          ]
        },
        "leftitem": {
          "scale": [
            0,
            0,
            0
          ]
        },
        "leftArm": {
          "scale": [
            0,
            0,
            0
          ]
        },
        "leftarm": {
          "scale": [
            0,
            0,
            0
          ]
        }
      }
    }
  }
}
