{
  "format_version": "1.8.0",
  "animations": {
    "animation.dolphin.batumi": {
      "animation_length": 10,
      "bones": {
        "body": {
          "rotation": {
            "0.0": [
              0,
              0,
              0
            ],
            "1.0": [
              -7,
              0,
              11
            ],
            "9.0": [
              -5,
              0,
              7
            ],
            "10.0": [
              0,
              0,
              0
            ]
          },
          "position": {
            "0.0": [
              0,
              0,
              0
            ],
            "1.0": [
              1,
              8,
              -28
            ],
            "9.0": [
              1,
              6,
              -28
            ],
            "10.0": [
              0,
              0,
              0
            ]
          }
        },
        "tail": {
          "rotation": {
            "0.0": [
              0,
              0,
              0
            ],
            "1.0": [
              14,
              0,
              0
            ],
            "2.0": [
              7,
              0,
              0
            ],
            "3.0": [
              14,
              0,
              0
            ],
            "4.0": [
              7,
              0,
              0
            ],
            "5.0": [
              14,
              0,
              0
            ],
            "6.0": [
              7,
              0,
              0
            ],
            "7.0": [
              14,
              0,
              0
            ],
            "8.0": [
              7,
              0,
              0
            ],
            "9.0": [
              14,
              0,
              0
            ],
            "10.0": [
              0,
              0,
              0
            ]
          }
        },
        "left_fin": {
          "rotation": {
            "0.0": [
              0,
              0,
              0
            ],
            "1.0": [
              0,
              0,
              -8
            ],
            "2.0": [
              0,
              0,
              8
            ],
            "3.0": [
              0,
              0,
              -8
            ],
            "4.0": [
              0,
              0,
              8
            ],
            "5.0": [
              0,
              0,
              -8
            ],
            "6.0": [
              0,
              0,
              8
            ],
            "7.0": [
              0,
              0,
              -8
            ],
            "8.0": [
              0,
              0,
              8
            ],
            "9.0": [
              0,
              0,
              -8
            ],
            "10.0": [
              0,
              0,
              8
            ]
          }
        },
        "right_fin": {
          "rotation": {
            "0.0": [
              0,
              0,
              0
            ],
            "1.0": [
              0,
              0,
              8
            ],
            "2.0": [
              0,
              0,
              -8
            ],
            "3.0": [
              0,
              0,
              8
            ],
            "4.0": [
              0,
              0,
              -8
            ],
            "5.0": [
              0,
              0,
              8
            ],
            "6.0": [
              0,
              0,
              -8
            ],
            "7.0": [
              0,
              0,
              8
            ],
            "8.0": [
              0,
              0,
              -8
            ],
            "9.0": [
              0,
              0,
              8
            ],
            "10.0": [
              0,
              0,
              -8
            ]
          }
        }
      }
    }
  }
}
