{
  "format_version": "1.8.0",
  "animations": {
    "animation.dolphin.alien": {
      "animation_length": 2.2,
      "bones": {
        "head": {
          "rotation": {
            "0.0": [
              0,
              0,
              0
            ],
            "0.4": [
              20,
              0,
              0
            ],
            "2.0": [
              20,
              0,
              0
            ],
            "2.2": [
              0,
              0,
              0
            ]
          }
        },
        "body": {
          "rotation": {
            "0.0": [
              0,
              0,
              0
            ],
            "0.6": [
              -90,
              0,
              0
            ],
            "2.05": [
              -90,
              0,
              0
            ],
            "2.2": [
              0,
              0,
              0
            ]
          }
        },
        "tail": {
          "rotation": {
            "0.0": [
              0,
              0,
              0
            ],
            "0.66": [
              -20,
              0,
              0
            ],
            "1.96": [
              -36,
              0,
              0
            ],
            "2.2": [
              0,
              0,
              0
            ]
          }
        }
      }
    }
  }
}
