{
  "format_version": "1.8.0",
  "animations": {
    "animation.dolphin.blink3": {
      "loop": true,
      "animation_length": 2.32,
      "bones": {
        "blink": {
          "position": [
            0,
            0.35,
            0.2
          ],
          "scale": {
            "0.0": [
              1,
              0,
              1
            ],
            "2.0": [
              1,
              -0.08,
              1
            ],
            "2.16": [
              1,
              -0.12,
              1
            ],
            "2.32": [
              1,
              0,
              1
            ]
          }
        }
      },
      "override_previous_animation": false,
      "blend_weight": "1.0"
    }
  }
}
