{
  "format_version": "1.8.0",
  "animations": {
    "animation.dolphin.backsideflip": {
      "animation_length": 1.9,
      "bones": {
        "head": {
          "rotation": {
            "0.0": [
              0,
              0,
              0
            ],
            "0.0417": [
              0,
              -20,
              0
            ],
            "1.375": [
              0,
              -18,
              0
            ],
            "1.4583": [
              0,
              0,
              0
            ]
          }
        },
        "body": {
          "rotation": {
            "0.0": [
              0,
              0,
              0
            ],
            "0.0417": [
              0,
              0,
              -90
            ],
            "1.7083": [
              0,
              -720,
              -90
            ],
            "1.8333": [
              0,
              -720,
              0
            ]
          }
        },
        "tail": {
          "rotation": {
            "0.0": [
              0,
              0,
              0
            ],
            "0.0833": [
              0,
              8,
              0
            ],
            "1.4167": [
              0,
              30,
              0
            ],
            "1.6667": [
              0,
              0,
              0
            ]
          }
        }
      }
    }
  }
}
