{
  "format_version": "1.8.0",
  "animations": {
    "animation.dolphin.movexmbx": {
      "loop": true,
      "bones": {
        "body": {
          "rotation": [
            "query.target_x_rotation - 10.865 + (-2.865 * math.cos(query.life_time * 320.8))",
            "query.target_y_rotation",
            "(query.target_y_rotation / 4.24) * 2.0 + (-2.865 * math.cos(query.life_time * 320.8))"
          ]
        },
        "head": {
          "rotation": [
            "(query.target_x_rotation / 8.20) - 7.865 + (-2.865 * math.cos(query.life_time * 220.8))",
            "(query.target_y_rotation / 5.50)",
            "(query.target_y_rotation / 5.50)"
          ]
        },
        "left_fin": {
          "rotation": [
            0.0,
            0.0,
            "17.19 * math.cos(query.life_time * 400.2) + 22.92"
          ]
        },
        "right_fin": {
          "rotation": [
            0.0,
            0.0,
            "-17.19 * math.cos(query.life_time * 400.2) - 22.92"
          ]
        },
        "tail": {
          "rotation": [
            "-20.73 * math.cos(query.life_time * 300.8)",
            "(query.target_y_rotation / 11.50)",
            "(query.target_y_rotation / 14.50) * -8.865 * math.cos(query.life_time * 310.8)"
          ]
        },
        "tail_fin": {
          "rotation": [
            "-40.46 * math.cos(query.life_time * 280.8)",
            0.0,
            "-12.865 * math.cos(query.life_time * 320.8)"
          ]
        }
      }
    }
  }
}
