{
  "format_version": "1.8.0",
  "animations": {
    "animation.dolphin.belly": {
      "animation_length": 16,
      "bones": {
        "head": {
          "rotation": {
            "0.0": [
              0,
              0,
              0
            ],
            "1.2917": [
              5,
              0,
              0
            ],
            "16.0": [
              0,
              0,
              0
            ]
          }
        },
        "body": {
          "rotation": {
            "0.0": [
              0,
              0,
              0
            ],
            "1.25": [
              0,
              0,
              180
            ],
            "14.7917": [
              0,
              0,
              180
            ],
            "16.0": [
              0,
              0,
              0
            ]
          },
          "position": [
            0,
            "4",
            "0"
          ]
        }
      }
    }
  }
}
