{
  "format_version": "1.8.0",
  "animations": {
    "animation.dolphin.bellyrub": {
      "animation_length": 9,
      "bones": {
        "body": {
          "rotation": {
            "0.0": [
              0,
              0,
              0
            ],
            "1.0": [
              0,
              -90,
              160
            ],
            "1.5": [
              0,
              -90,
              180
            ],
            "8.0": [
              0,
              -90,
              180
            ],
            "9.0": [
              0,
              0,
              0
            ]
          },
          "position": {
            "1.0": [
              0,
              3,
              -4
            ],
            "8.0": [
              0,
              3,
              -3
            ],
            "9.0": [
              0,
              0,
              0
            ]
          }
        },
        "tail": {
          "rotation": {
            "0.0": [
              0,
              0,
              0
            ],
            "1.5": [
              0,
              0,
              0
            ],
            "2.0": [
              10,
              0,
              0
            ],
            "3.0": [
              -10,
              0,
              0
            ],
            "4.0": [
              10,
              0,
              0
            ],
            "5.0": [
              -10,
              0,
              0
            ],
            "6.0": [
              10,
              0,
              0
            ],
            "7.0": [
              -10,
              0,
              0
            ],
            "8.0": [
              10,
              0,
              0
            ]
          }
        },
        "left_fin": {
          "rotation": {
            "0.0": [
              0,
              0,
              0
            ],
            "1.5": [
              0,
              0,
              0
            ],
            "2.0": [
              0,
              0,
              -18
            ],
            "3.0": [
              0,
              0,
              18
            ],
            "4.0": [
              0,
              0,
              -18
            ],
            "5.0": [
              0,
              0,
              18
            ],
            "6.0": [
              0,
              0,
              -18
            ],
            "7.0": [
              0,
              0,
              18
            ],
            "8.0": [
              0,
              0,
              -18
            ],
            "9.0": [
              0,
              0,
              18
            ]
          }
        },
        "right_fin": {
          "rotation": {
            "0.0": [
              0,
              0,
              0
            ],
            "1.5": [
              0,
              0,
              0
            ],
            "2.0": [
              0,
              0,
              18
            ],
            "3.0": [
              0,
              0,
              -18
            ],
            "4.0": [
              0,
              0,
              18
            ],
            "5.0": [
              0,
              0,
              -18
            ],
            "6.0": [
              0,
              0,
              18
            ],
            "7.0": [
              0,
              0,
              -18
            ],
            "8.0": [
              0,
              0,
              18
            ],
            "9.0": [
              0,
              0,
              -18
            ]
          }
        }
      }
    }
  }
}
