{
  "format_version": "1.8.0",
  "animations": {
    "animation.dolphin.wiggleo": {
      "animation_length": 6,
      "bones": {
        "head": {
          "rotation": {
            "0.0": [
              0,
              0,
              0
            ],
            "1.0": [
              -34,
              0,
              0
            ],
            "2.0": [
              22,
              0,
              0
            ],
            "3.0": [
              -34,
              0,
              0
            ],
            "4.0": [
              22,
              0,
              0
            ],
            "5.0": [
              -34,
              0,
              0
            ],
            "6.0": [
              0,
              0,
              0
            ]
          }
        },
        "tail": {
          "rotation": {
            "0.0": [
              0,
              0,
              0
            ],
            "1.0": [
              28,
              0,
              0
            ],
            "2.0": [
              -16,
              0,
              0
            ],
            "3.0": [
              28,
              0,
              0
            ],
            "4.0": [
              -16,
              0,
              0
            ],
            "5.0": [
              28,
              0,
              0
            ],
            "6.0": [
              0,
              0,
              0
            ]
          }
        }
      }
    }
  }
}
