{
  "format_version": "1.8.0",
  "animations": {
    "animation.dolphin.backrub": {
      "animation_length": 9,
      "bones": {
        "body": {
          "rotation": {
            "0.0": [
              0,
              0,
              0
            ],
            "1.0": [
              0,
              90,
              0
            ],
            "8.0": [
              0,
              90,
              0
            ],
            "9.0": {
              "post": [
                0,
                0,
                0
              ],
              "lerp_mode": "catmullrom"
            }
          },
          "position": {
            "0.0": [
              0,
              0,
              0
            ],
            "1.0": {
              "post": [
                -4,
                3,
                -3
              ],
              "lerp_mode": "catmullrom"
            },
            "8.0": {
              "post": [
                -4,
                3,
                -3
              ],
              "lerp_mode": "catmullrom"
            },
            "9.0": {
              "post": [
                0,
                0,
                0
              ],
              "lerp_mode": "catmullrom"
            }
          }
        },
        "back_fin": {
          "rotation": {
            "0.0": [
              0,
              0,
              0
            ],
            "1.5": {
              "post": [
                0,
                0,
                11
              ],
              "lerp_mode": "catmullrom"
            },
            "2.5": {
              "post": [
                0,
                0,
                -11
              ],
              "lerp_mode": "catmullrom"
            },
            "3.5": {
              "post": [
                0,
                0,
                11
              ],
              "lerp_mode": "catmullrom"
            },
            "4.5": {
              "post": [
                0,
                0,
                -11
              ],
              "lerp_mode": "catmullrom"
            },
            "5.5": {
              "post": [
                0,
                0,
                11
              ],
              "lerp_mode": "catmullrom"
            },
            "6.5": {
              "post": [
                0,
                0,
                -11
              ],
              "lerp_mode": "catmullrom"
            },
            "7.5": {
              "post": [
                0,
                0,
                11
              ],
              "lerp_mode": "catmullrom"
            }
          }
        }
      }
    }
  }
}
