{
  "format_version": "1.8.0",
  "animations": {
    "animation.dolphin.backflip": {
      "animation_length": 2.208,
      "bones": {
        "head": {
          "rotation": {
            "0.0": [
              0,
              0,
              0
            ],
            "0.5417": [
              -35,
              0,
              0
            ],
            "1.125": [
              0,
              0,
              0
            ]
          }
        },
        "body": {
          "rotation": {
            "0.0": [
              0,
              0,
              0
            ],
            "0.5833": [
              -186.67,
              -2.5,
              0
            ],
            "1.125": [
              -360,
              0,
              0
            ]
          }
        },
        "tail": {
          "rotation": {
            "0.0": [
              0,
              0,
              0
            ],
            "0.5833": [
              60,
              0,
              0
            ],
            "1.3333": [
              0,
              0,
              0
            ]
          }
        },
        "left_fin": {
          "rotation": {
            "0.0": [
              0,
              0,
              0
            ],
            "0.5833": [
              0,
              0,
              -47.5
            ],
            "1.125": [
              0,
              -0.84,
              0.84
            ],
            "2.2083": [
              0,
              -62.5,
              0
            ]
          }
        },
        "right_fin": {
          "rotation": {
            "0.0": [
              0,
              0,
              0
            ],
            "0.5833": [
              0,
              0,
              50
            ],
            "1.125": [
              0,
              0,
              0
            ]
          }
        }
      }
    }
  }
}
