{
  "format_version": "1.8.0",
  "animations": {
    "animation.dolphin.halloween": {
      "animation_length": 19,
      "bones": {
        "head": {
          "rotation": {
            "0.0": [
              0,
              0,
              0
            ],
            "7.0": [
              8640,
              0,
              8640
            ]
          },
          "position": {
            "0.0": [
              0,
              0,
              0
            ],
            "0.125": [
              0,
              7.71,
              -16
            ],
            "0.3333": [
              0,
              18,
              -16
            ],
            "0.875": [
              0,
              30,
              50
            ]
          },
          "scale": {
            "0.0": [
              1,
              1,
              1
            ],
            "0.875": [
              1,
              1,
              1
            ],
            "0.9167": [
              0,
              0,
              0
            ]
          }
        }
      }
    }
  }
}
