{
  "format_version": "1.8.0",
  "animations": {
    "animation.dolphin.doublefrontflip": {
      "animation_length": 1.7,
      "bones": {
        "head": {
          "rotation": {
            "0.0": [
              0,
              0,
              0
            ],
            "1.2083": [
              35,
              0,
              0
            ],
            "1.3333": [
              2.5,
              0,
              0
            ]
          }
        },
        "body": {
          "rotation": {
            "0.0": [
              0,
              0,
              0
            ],
            "1.4583": [
              720,
              0,
              0
            ]
          }
        },
        "tail": {
          "rotation": {
            "0.0": [
              0,
              0,
              0
            ],
            "0.0833": [
              -27.5,
              0,
              0
            ],
            "1.0833": [
              -88,
              0,
              0
            ],
            "1.2917": [
              -22.5,
              0,
              0
            ],
            "1.4167": [
              22,
              0,
              0
            ],
            "1.7083": [
              0,
              0,
              0
            ]
          }
        }
      }
    }
  }
}
