{
  "format_version": "1.8.0",
  "animations": {
    "animation.player.massage": {
      "animation_length": 9,
      "bones": {
        "waist": {
          "rotation": {
            "0.0": [
              0,
              0,
              0
            ],
            "0.75": [
              38,
              0,
              0
            ],
            "8.0": [
              38,
              0,
              0
            ],
            "9.0": [
              0,
              0,
              0
            ]
          }
        },
        "rightArm": {
          "rotation": {
            "0.0": [
              0,
              0,
              0
            ],
            "1.5": [
              -77,
              30,
              0
            ],
            "2.5": [
              -77,
              -22,
              0
            ],
            "4.5": [
              -77,
              26,
              0
            ],
            "6.0": [
              -77,
              -36,
              0
            ],
            "8.0": [
              -77,
              16,
              0
            ],
            "9.0": [
              0,
              0,
              0
            ]
          },
          "position": {
            "1.5": [
              0,
              0,
              -3
            ],
            "6.0": [
              0,
              0,
              -3
            ],
            "9.0": [
              0,
              0,
              0
            ]
          }
        },
        "leftArm": {
          "rotation": {
            "0.0": [
              0,
              0,
              0
            ],
            "0.75": [
              -55,
              0,
              0
            ],
            "1.5": [
              -55,
              20,
              0
            ],
            "3.0": [
              -55,
              -24,
              0
            ],
            "4.5": [
              -55,
              30,
              0
            ],
            "5.5": [
              -55,
              -16,
              0
            ],
            "7.0": [
              -55,
              20,
              0
            ],
            "8.0": [
              -55,
              0,
              0
            ],
            "9.0": [
              0,
              0,
              0
            ]
          }
        },
        "rightLeg": {
          "rotation": {
            "0.0": [
              0,
              0,
              0
            ],
            "0.75": [
              0,
              0,
              0
            ],
            "8.0": [
              0,
              0,
              0
            ],
            "9.0": [
              0,
              0,
              0
            ]
          }
        },
        "leftLeg": {
          "rotation": {
            "0.0": [
              0,
              0,
              0
            ],
            "0.75": [
              0,
              0,
              0
            ],
            "8.0": [
              0,
              0,
              0
            ],
            "9.0": [
              0,
              0,
              0
            ]
          }
        },
        "rightItem": {
          "scale": {
            "0.0": [
              0,
              0,
              0
            ]
          }
        },
        "leftItem": {
          "scale": {
            "0.0": [
              0,
              0,
              0
            ]
          }
        }
      }
    }
  }
}
