{
  "format_version": "1.8.0",
  "animations": {
    "animation.player.batumi": {
      "animation_length": 10,
      "bones": {
        "waist": {
          "rotation": {
            "0.0": [
              0,
              0,
              0
            ],
            "1.0": [
              -84,
              0,
              0
            ],
            "6.5": [
              -90,
              0,
              0
            ],
            "9.0": [
              -77,
              0,
              0
            ],
            "10.0": [
              0,
              0,
              0
            ]
          },
          "position": {
            "0.0": [
              0,
              0,
              0
            ],
            "1.0": [
              0,
              -10,
              0
            ],
            "9.0": [
              0,
              -10,
              0
            ],
            "10.0": [
              0,
              0,
              0
            ]
          }
        },
        "head": {
          "rotation": {
            "0.0": [
              0,
              0,
              0
            ],
            "2.0": [
              0,
              0,
              -18
            ],
            "8.5": [
              0,
              0,
              -18
            ],
            "9.0": [
              0,
              0,
              -18
            ],
            "10.0": [
              0,
              0,
              0
            ]
          }
        },
        "rightArm": {
          "rotation": {
            "0.0": [
              0,
              0,
              0
            ],
            "1.3333": [
              -75,
              0,
              0
            ],
            "3.5": [
              -60,
              0,
              0
            ],
            "5.0": [
              -77,
              0,
              0
            ],
            "6.0": [
              -60,
              0,
              0
            ],
            "8.0": [
              -75,
              0,
              0
            ],
            "9.0": [
              -66,
              0,
              0
            ],
            "10.0": [
              0,
              0,
              0
            ]
          },
          "position": {
            "0.0": [
              0,
              0,
              0
            ],
            "1.3333": [
              0,
              0,
              -3
            ],
            "3.5": [
              0,
              0,
              2
            ],
            "5.0": [
              0,
              0,
              -2
            ],
            "6.0": [
              0,
              0,
              -3
            ],
            "8.0": [
              0,
              0,
              2
            ],
            "9.0": [
              0,
              0,
              -3
            ],
            "10.0": [
              0,
              0,
              0
            ]
          }
        },
        "leftArm": {
          "rotation": {
            "0.0": [
              0,
              0,
              0
            ],
            "1.0": [
              -50,
              0,
              0
            ],
            "2.5": [
              -60,
              0,
              0
            ],
            "4.0": [
              -60,
              0,
              0
            ],
            "6.0": [
              -53,
              0,
              0
            ],
            "7.0": [
              -58,
              0,
              0
            ],
            "8.5": [
              -48,
              0,
              0
            ],
            "9.0": [
              -55,
              0,
              0
            ],
            "10.0": [
              0,
              0,
              0
            ]
          }
        },
        "rightLeg": {
          "rotation": {
            "0.0": [
              0,
              0,
              0
            ],
            "0.8333": [
              -90,
              0,
              42
            ],
            "9.0": [
              -90,
              0,
              32
            ],
            "10.0": [
              0,
              0,
              0
            ]
          },
          "position": {
            "0.0": [
              0,
              0,
              0
            ],
            "0.8333": [
              0,
              -10,
              0
            ],
            "9.0": [
              0,
              -10,
              0
            ],
            "10.0": [
              0,
              0,
              0
            ]
          }
        },
        "leftLeg": {
          "rotation": {
            "0.0": [
              0,
              0,
              0
            ],
            "0.8333": [
              -90,
              0,
              -42
            ],
            "9.0": [
              -90,
              0,
              -32
            ],
            "10.0": [
              0,
              0,
              0
            ]
          },
          "position": {
            "0.0": [
              0,
              0,
              0
            ],
            "0.8333": [
              0,
              -10,
              0
            ],
            "9.0": [
              0,
              -10,
              0
            ],
            "10.0": [
              0,
              0,
              0
            ]
          }
        },
        "rightItem": {
          "scale": 0
        },
        "leftItem": {
          "scale": 0
        }
      }
    }
  }
}
