{
  "format_version": "1.8.0",
  "animations": {
    "animation.player.mixflip": {
      "animation_length": 1.0,
      "bones": {
        "head": {
          "rotation": {
            "0.0": [
              0,
              0,
              0
            ],
            "0.5": [
              10,
              0,
              0
            ]
          }
        },
        "root": {
          "rotation": {
            "0.0": [
              0,
              0,
              0
            ],
            "0.25": [
              0,
              180,
              0
            ],
            "0.65": [
              180,
              240,
              0
            ],
            "1.0": [
              0,
              360,
              0
            ]
          }
        },
        "leftLeg": {
          "rotation": {
            "0.0": [
              0,
              0,
              0
            ],
            "0.8": [
              -66,
              0,
              0
            ],
            "1.0": [
              0,
              0,
              0
            ]
          }
        },
        "rightLeg": {
          "rotation": {
            "0.0": [
              0,
              0,
              0
            ],
            "0.8": [
              66,
              0,
              0
            ],
            "1.0": [
              0,
              0,
              0
            ]
          }
        }
      },
      "override_previous_animation": true
    }
  }
}
