{
  "format_version": "1.8.0",
  "animations": {
    "animation.player.sideflip": {
      "animation_length": 1.0,
      "bones": {
        "head": {
          "rotation": {
            "0.0": [
              0,
              0,
              0
            ],
            "0.0417": [
              0,
              -20,
              0
            ],
            "0.78": [
              0,
              -18,
              0
            ],
            "0.96": [
              0,
              0,
              0
            ]
          }
        },
        "root": {
          "rotation": {
            "0.0": [
              0,
              0,
              0
            ],
            "0.036": [
              0,
              0,
              25
            ],
            "0.77": [
              0,
              -720,
              85
            ],
            "0.98": [
              0,
              -720,
              0
            ]
          },
          "position": {
            "0.0": [
              0,
              0,
              0
            ],
            "0.6": [
              0,
              22,
              0
            ],
            "0.8": [
              0,
              6,
              0
            ]
          }
        },
        "leftLeg": {
          "rotation": {
            "0.0": [
              0,
              0,
              0
            ],
            "0.0833": [
              0,
              0,
              -24
            ],
            "0.38": [
              0,
              0,
              -24
            ],
            "0.98": [
              0,
              0,
              0
            ]
          }
        },
        "rightLeg": {
          "rotation": {
            "0.0": [
              0,
              0,
              0
            ],
            "0.0833": [
              0,
              0,
              64
            ],
            "0.38": [
              0,
              0,
              64
            ],
            "0.98": [
              0,
              0,
              0
            ]
          }
        }
      },
      "override_previous_animation": true
    }
  }
}
