{
  "format_version": "1.8.0",
  "animations": {
    "animation.player.frontflip": {
      "animation_length": 1,
      "bones": {
        "head": {
          "rotation": {
            "0.0": [
              0,
              0,
              0
            ],
            "0.9167": [
              35,
              0,
              0
            ],
            "0.96": [
              2.5,
              0,
              0
            ]
          }
        },
        "root": {
          "rotation": {
            "0.0": [
              0,
              0,
              0
            ],
            "0.96": [
              360,
              0,
              0
            ]
          },
          "position": {
            "0.0": [
              0,
              0,
              0
            ],
            "0.6": [
              0,
              22,
              0
            ],
            "0.9": [
              0,
              6,
              0
            ]
          }
        },
        "leftLeg": {
          "rotation": {
            "0.0": [
              0,
              0,
              0
            ],
            "0.0833": [
              -27.5,
              0,
              0
            ],
            "0.625": [
              -88,
              0,
              0
            ],
            "0.875": [
              -22.5,
              0,
              0
            ],
            "0.98": [
              22,
              0,
              0
            ]
          }
        },
        "rightLeg": {
          "rotation": {
            "0.0": [
              0,
              0,
              0
            ],
            "0.0833": [
              -27.5,
              0,
              0
            ],
            "0.625": [
              -88,
              0,
              0
            ],
            "0.875": [
              -22.5,
              0,
              0
            ],
            "0.98": [
              22,
              0,
              0
            ]
          }
        }
      }
    }
  }
}
