{
  "format_version": "1.8.0",
  "animations": {
    "animation.player.ride.dolphinx": {
      "loop": true,
      "bones": {
        "body": {
          "rotation": [
            90,
            0,
            0
          ],
          "position": [
            0,
            -18,
            -8
          ]
        },
        "leftLeg": {
          "rotation": [
            "85 - -8.80 * math.cos(query.life_time * 220.0)",
            10,
            0
          ],
          "position": [
            0,
            -6,
            4
          ]
        },
        "rightLeg": {
          "rotation": [
            "85 - -8.80 * math.cos(query.life_time * 220.0)",
            -10,
            0
          ],
          "position": [
            0,
            -6,
            4
          ]
        },
        "leftarm": {
          "rotation": [
            -175,
            0,
            0
          ],
          "position": [
            0,
            0,
            0
          ]
        },
        "rightarm": {
          "rotation": [
            -175,
            0,
            0
          ],
          "position": [
            0,
            0,
            0
          ]
        },
        "head": {
          "rotation": [
            20,
            0,
            0
          ],
          "position": [
            0,
            0,
            0
          ]
        },
        "rightItem": {
          "scale": [
            0,
            0,
            0
          ]
        },
        "leftItem": {
          "scale": [
            0,
            0,
            0
          ]
        }
      }
    }
  }
}
