{"format_version": "1.8.0", "animations": {
"animation.ctf.out": {"loop": true, "bones": {"body": {"rotation": [0, 0, -90], "position": [3, 0, 0]}, "af0": {"rotation": [-35, 0, 20]}, "fb0": {"rotation": [0, -25, 20]}, "af1": {"rotation": [0, 5, 0]},
"body1": {"rotation": [0, -15, 0]}}},
"animation.loof": {"loop": true, "bones": {"body": {"rotation": ["query.is_riding ? this : query.target_x_rotation - this", 0, 0]}}},
"animation.seagrr": {"loop": true, "bones": {"mouth": {"rotation": ["variable.grr", 0, 0]}, "p": {"rotation": ["-variable.ugrr", 0, 0]}}},
"animation.stf.sit": {"loop": true, "bones": {"body": {"position": [0, -1.4, 0]}, "fin0": {"rotation": [0, 0, -20]}, "fin1": {"rotation": [0, 0, 20]}, "mouth": {"rotation": [-25, 0, 0]}, "body1": {"position": [0, -0.5, 0]}}},
"animation.str.swim": {"loop": true, "anim_time_update": "query.modified_distance_moved", "bones": {"body": {"position": [0, 2, 0]},
"wa0": {"rotation": ["math.cos(query.anim_time*360)*40", 0, "math.cos(query.anim_time*180)*40"]}, "wb0": {"rotation": ["-math.cos(query.anim_time*360)*40", 0, "math.cos(query.anim_time*180)*80"]},
"wa1": {"rotation": ["-math.cos(query.anim_time*360)*40", 0, "math.cos(query.anim_time*180)*40"]}, "wb1": {"rotation": ["math.cos(query.anim_time*360)*40", 0, "-math.cos(query.anim_time*180)*80"]},
"wc0": {"rotation": ["-math.cos(query.anim_time*360)*80", 0, "-math.cos(query.anim_time*180)*80"]}, "wc1": {"rotation": ["math.cos(query.anim_time*360)*80", 0, "-math.cos(query.anim_time*180)*80"]},
"w0": {"rotation": [0, 0, "-math.cos(query.anim_time*90)*80"]}, "w1": {"rotation": [0, 0, "math.cos(query.anim_time*90)*80"]}}},
"animation.str.dig": {"loop": true, "bones": {"body": {"rotation": [0, "math.cos(query.anim_time*360)*5", 0], "position": [0, -1, 0]},
"w0": {"rotation": [0, 0, "-10-math.cos(query.anim_time*360)*20"]}, "wa0": {"rotation": [0, 0, "-10-math.cos(query.anim_time*360)*20"]}, "wb0": {"rotation": [0, 0, "-10-math.cos(query.anim_time*360)*20"]},
"wc0": {"rotation": [0, 0, "-10-math.cos(query.anim_time*360)*20"]},
"w1": {"rotation": [0, 0, "10+math.cos(query.anim_time*360)*20"]}, "wa1": {"rotation": [0, 0, "10+math.cos(query.anim_time*360)*20"]}, "wb1": {"rotation": [0, 0, "10+math.cos(query.anim_time*360)*20"]},
"wc1": {"rotation": [0, 0, "10+math.cos(query.anim_time*360)*20"]}}},
"animation.str.hid": {"loop": true, "bones": {"body": {"position": [0, -2, 0]}}},
"animation.suf.out": {"loop": true, "bones": {"body": {"rotation": [0, 0, 90], "position": [-8, 0, 0]}, "fin0": {"rotation": [0, 0, -90]}}},
"animation.swd.fix": {"loop": true, "bones": {"body1": {"position": [0, 0, 7]}}},
"animation.tsh.hed": {"loop": true, "bones": {"ujaw": {"rotation": [0, 0, 180], "position": [0, 11, 0]}, "body3": {"scale": [0, 1.7, 4]}}},
"animation.tsh.salto": {"loop": true, "animation_length": 5, "bones": {
"body": {"rotation": {"1.0": [-80, 0, 0], "2.5": [-50, 0, -40], "3.5": [80, 0, 0]}},
"body1": {"rotation": {"1.0": [0, 0, 0], "2.5": [0, -40, 0], "3.5": [0, 15, 0]}}, "body2": {"rotation": {"1.0": [0, 0, 0], "2.5": [0, -45, 0], "3.5": [0, 10, 0]}},
"body3": {"rotation": {"1.0": [0, 0, 0], "2.5": [0, -40, 0], "3.5": [0, 10, 0]}}}},
"animation.zsh.fix": {"loop": true, "bones": {"body2": {"scale": [0.6, 1, 1]}, "body3": {"scale": [0.5, 1, 1]}, "body4": {"rotation": [30, 0, 0]}}}
}}