{
  "format_version": "1.8.0",
  "animations": {
    "animation.herobrine.killing": {
      "timeline": {
        "60.0": [
          "/function herokilling"
        ]
      },
      "animation_length": 76.0,
      "loop": true
    },
    "animation.herobrine.killer_machine": {
      "timeline": {
        "1": [
          "/tp @e[r=20,type=!boss:herobrine_wand_projectile,type=!boss:enchanted_herobrine_wand,type=!boss:error_hero_sikle,type=!boss:herobrine_wand,type=!boss:hero_stone,type=!boss:hero_laser,type=!boss:herobrine,type=!boss:herobrine_obsidian_trident,type=!boss:herobrine_obsidian_sword,type=!boss:herobrine_obsidian_spike,type=!boss:hero_obsidian_shooter,type=!boss:herobrine_bedrock_multiple_spike,type=!boss:herobrine_arm_blaster,type=!boss:hero_ender_spike,type=!boss:herobrine_skull_blaster,type=!boss:hero_extending_obsidian,type=!boss:hero_enchanted_obsidian_shooter,type=!minecraft:player,type=!boss:herobrine_killer_machine] @s"
        ],
        "2": [
          "/tp @e[r=20,type=!boss:herobrine_wand_projectile,type=!boss:enchanted_herobrine_wand,type=!boss:error_hero_sikle,type=!boss:herobrine_wand,type=!boss:hero_stone,type=!boss:hero_laser,type=!boss:herobrine,type=!boss:herobrine_obsidian_trident,type=!boss:herobrine_obsidian_sword,type=!boss:herobrine_obsidian_spike,type=!boss:hero_obsidian_shooter,type=!boss:herobrine_bedrock_multiple_spike,type=!boss:herobrine_arm_blaster,type=!boss:hero_ender_spike,type=!boss:herobrine_skull_blaster,type=!boss:hero_extending_obsidian,type=!boss:hero_enchanted_obsidian_shooter,type=!minecraft:player,type=!boss:herobrine_killer_machine] @s"
        ],
        "3": [
          "/tp @e[r=20,type=!boss:herobrine_wand_projectile,type=!boss:enchanted_herobrine_wand,type=!boss:error_hero_sikle,type=!boss:herobrine_wand,type=!boss:hero_stone,type=!boss:hero_laser,type=!boss:herobrine,type=!boss:herobrine_obsidian_trident,type=!boss:herobrine_obsidian_sword,type=!boss:herobrine_obsidian_spike,type=!boss:hero_obsidian_shooter,type=!boss:herobrine_bedrock_multiple_spike,type=!boss:herobrine_arm_blaster,type=!boss:hero_ender_spike,type=!boss:herobrine_skull_blaster,type=!boss:hero_extending_obsidian,type=!boss:hero_enchanted_obsidian_shooter,type=!minecraft:player,type=!boss:herobrine_killer_machine] @s",
          "/effect @e[r=20,type=!boss:herobrine_wand_projectile,type=!boss:enchanted_herobrine_wand,type=!boss:error_hero_sikle,type=!boss:herobrine_wand,type=!boss:hero_stone,type=!boss:hero_laser,type=!boss:herobrine,type=!boss:herobrine_obsidian_trident,type=!boss:herobrine_obsidian_sword,type=!boss:herobrine_obsidian_spike,type=!boss:hero_obsidian_shooter,type=!boss:herobrine_bedrock_multiple_spike,type=!boss:herobrine_arm_blaster,type=!boss:hero_ender_spike,type=!boss:herobrine_skull_blaster,type=!boss:hero_extending_obsidian,type=!boss:hero_enchanted_obsidian_shooter,type=!minecraft:player,type=!boss:herobrine_killer_machine] slowness 20 255"
        ],
        "4": [
          "/tp @e[r=10,type=!boss:herobrine_wand_projectile,type=!boss:enchanted_herobrine_wand,type=!boss:error_hero_sikle,type=!boss:herobrine_wand,type=!boss:hero_stone,type=!boss:hero_laser,type=!boss:herobrine,type=!boss:herobrine_obsidian_trident,type=!boss:herobrine_obsidian_sword,type=!boss:herobrine_obsidian_spike,type=!boss:hero_obsidian_shooter,type=!boss:herobrine_bedrock_multiple_spike,type=!boss:herobrine_arm_blaster,type=!boss:hero_ender_spike,type=!boss:herobrine_skull_blaster,type=!boss:hero_extending_obsidian,type=!boss:hero_enchanted_obsidian_shooter,type=!minecraft:player,type=!boss:herobrine_killer_machine] 99999999 -99999999 99999999"
        ]
      },
      "animation_length": 10.0,
      "loop": true
    }
  }
}
