{
  "format_version": "1.8.0",
  "geometry.dragon": {
    "visible_bounds_width": 14,
    "visible_bounds_height": 13,
    "visible_bounds_offset": [
      0,
      2,
      0
    ],
    "texturewidth": 256,
    "textureheight": 256,
    "bones": [
      {
        "name": "head",
        "pivot": [
          0.0,
          24.0,
          0.0
        ],
        "cubes": [
          {
            "origin": [
              -6.0,
              20.0,
              -24.0
            ],
            "size": [
              12.0,
              5.0,
              16.0
            ],
            "uv": [
              176,
              44
            ]
          },
          {
            "origin": [
              -8.0,
              16.0,
              -10.0
            ],
            "size": [
              16.0,
              16.0,
              16.0
            ],
            "uv": [
              112,
              30
            ]
          },
          {
            "mirror": true,
            "origin": [
              -5.0,
              32.0,
              -4.0
            ],
            "size": [
              2.0,
              4.0,
              6.0
            ],
            "uv": [
              0,
              0
            ]
          },
          {
            "mirror": true,
            "origin": [
              -5.0,
              25.0,
              -22.0
            ],
            "size": [
              2.0,
              2.0,
              4.0
            ],
            "uv": [
              112,
              0
            ]
          },
          {
            "origin": [
              3.0,
              32.0,
              -4.0
            ],
            "size": [
              2.0,
              4.0,
              6.0
            ],
            "uv": [
              0,
              0
            ]
          },
          {
            "origin": [
              3.0,
              25.0,
              -22.0
            ],
            "size": [
              2.0,
              2.0,
              4.0
            ],
            "uv": [
              112,
              0
            ]
          }
        ]
      },
      {
        "name": "jaw",
        "pivot": [
          0.0,
          20.0,
          -8.0
        ],
        "cubes": [
          {
            "origin": [
              -6.0,
              16.0,
              -24.0
            ],
            "size": [
              12.0,
              4.0,
              16.0
            ],
            "uv": [
              176,
              65
            ]
          }
        ]
      },
      {
        "name": "neck",
        "pivot": [
          0.0,
          24.0,
          0.0
        ],
        "cubes": [
          {
            "origin": [
              -5.0,
              19.0,
              -5.0
            ],
            "size": [
              10.0,
              10.0,
              10.0
            ],
            "uv": [
              192,
              104
            ]
          },
          {
            "origin": [
              -1.0,
              29.0,
              -3.0
            ],
            "size": [
              2.0,
              4.0,
              6.0
            ],
            "uv": [
              48,
              0
            ]
          }
        ]
      },
      {
        "name": "body",
        "pivot": [
          0.0,
          20.0,
          8.0
        ],
        "cubes": [
          {
            "origin": [
              -12.0,
              -4.0,
              -8.0
            ],
            "size": [
              24.0,
              24.0,
              64.0
            ],
            "uv": [
              0,
              0
            ]
          },
          {
            "origin": [
              -1.0,
              20.0,
              -2.0
            ],
            "size": [
              2.0,
              6.0,
              12.0
            ],
            "uv": [
              220,
              53
            ]
          },
          {
            "origin": [
              -1.0,
              20.0,
              18.0
            ],
            "size": [
              2.0,
              6.0,
              12.0
            ],
            "uv": [
              220,
              53
            ]
          },
          {
            "origin": [
              -1.0,
              20.0,
              38.0
            ],
            "size": [
              2.0,
              6.0,
              12.0
            ],
            "uv": [
              220,
              53
            ]
          }
        ]
      },
      {
        "name": "wing",
        "pivot": [
          -12.0,
          19.0,
          2.0
        ],
        "cubes": [
          {
            "origin": [
              -68.0,
              15.0,
              -2.0
            ],
            "size": [
              56.0,
              8.0,
              8.0
            ],
            "uv": [
              112,
              88
            ]
          },
          {
            "origin": [
              -68.0,
              19.0,
              4.0
            ],
            "size": [
              56.0,
              0.0,
              56.0
            ],
            "uv": [
              -56,
              88
            ]
          }
        ]
      },
      {
        "name": "wingtip",
        "pivot": [
          -56.0,
          24.0,
          0.0
        ],
        "cubes": [
          {
            "origin": [
              -112.0,
              22.0,
              -2.0
            ],
            "size": [
              56.0,
              4.0,
              4.0
            ],
            "uv": [
              112,
              136
            ]
          },
          {
            "origin": [
              -112.0,
              24.0,
              2.0
            ],
            "size": [
              56.0,
              0.0,
              56.0
            ],
            "uv": [
              -56,
              144
            ]
          }
        ]
      },
      {
        "name": "wing1",
        "pivot": [
          12.0,
          19.0,
          2.0
        ],
        "cubes": [
          {
            "origin": [
              -44.0,
              15.0,
              -2.0
            ],
            "size": [
              56.0,
              8.0,
              8.0
            ],
            "uv": [
              112,
              88
            ]
          },
          {
            "origin": [
              -44.0,
              19.0,
              4.0
            ],
            "size": [
              56.0,
              0.0,
              56.0
            ],
            "uv": [
              -56,
              88
            ]
          }
        ]
      },
      {
        "name": "wingtip1",
        "pivot": [
          -56.0,
          24.0,
          0.0
        ],
        "cubes": [
          {
            "origin": [
              -112.0,
              22.0,
              -2.0
            ],
            "size": [
              56.0,
              4.0,
              4.0
            ],
            "uv": [
              112,
              136
            ]
          },
          {
            "origin": [
              -112.0,
              24.0,
              2.0
            ],
            "size": [
              56.0,
              0.0,
              56.0
            ],
            "uv": [
              -56,
              144
            ]
          }
        ]
      },
      {
        "name": "rearleg",
        "pivot": [
          -16.0,
          8.0,
          42.0
        ],
        "cubes": [
          {
            "origin": [
              -24.0,
              -20.0,
              34.0
            ],
            "size": [
              16.0,
              32.0,
              16.0
            ],
            "uv": [
              0,
              0
            ]
          }
        ]
      },
      {
        "name": "rearleg1",
        "pivot": [
          16.0,
          8.0,
          42.0
        ],
        "cubes": [
          {
            "origin": [
              8.0,
              -20.0,
              34.0
            ],
            "size": [
              16.0,
              32.0,
              16.0
            ],
            "uv": [
              0,
              0
            ]
          }
        ]
      },
      {
        "name": "frontleg",
        "pivot": [
          -12.0,
          4.0,
          2.0
        ],
        "cubes": [
          {
            "origin": [
              -16.0,
              -16.0,
              -2.0
            ],
            "size": [
              8.0,
              24.0,
              8.0
            ],
            "uv": [
              112,
              104
            ]
          }
        ]
      },
      {
        "name": "frontleg1",
        "pivot": [
          12.0,
          4.0,
          2.0
        ],
        "cubes": [
          {
            "origin": [
              8.0,
              -16.0,
              -2.0
            ],
            "size": [
              8.0,
              24.0,
              8.0
            ],
            "uv": [
              112,
              104
            ]
          }
        ]
      },
      {
        "name": "rearlegtip",
        "pivot": [
          0.0,
          -8.0,
          -4.0
        ],
        "cubes": [
          {
            "origin": [
              -6.0,
              -38.0,
              -4.0
            ],
            "size": [
              12.0,
              32.0,
              12.0
            ],
            "uv": [
              196,
              0
            ]
          }
        ]
      },
      {
        "name": "rearlegtip1",
        "pivot": [
          0.0,
          -8.0,
          -4.0
        ],
        "cubes": [
          {
            "origin": [
              -6.0,
              -38.0,
              -4.0
            ],
            "size": [
              12.0,
              32.0,
              12.0
            ],
            "uv": [
              196,
              0
            ]
          }
        ]
      },
      {
        "name": "frontlegtip",
        "pivot": [
          0.0,
          4.0,
          -1.0
        ],
        "cubes": [
          {
            "origin": [
              -3.0,
              -19.0,
              -4.0
            ],
            "size": [
              6.0,
              24.0,
              6.0
            ],
            "uv": [
              226,
              138
            ]
          }
        ]
      },
      {
        "name": "frontlegtip1",
        "pivot": [
          0.0,
          4.0,
          -1.0
        ],
        "cubes": [
          {
            "origin": [
              -3.0,
              -19.0,
              -4.0
            ],
            "size": [
              6.0,
              24.0,
              6.0
            ],
            "uv": [
              226,
              138
            ]
          }
        ]
      },
      {
        "name": "rearfoot",
        "pivot": [
          0.0,
          -7.0,
          4.0
        ],
        "cubes": [
          {
            "origin": [
              -9.0,
              -13.0,
              -16.0
            ],
            "size": [
              18.0,
              6.0,
              24.0
            ],
            "uv": [
              112,
              0
            ]
          }
        ]
      },
      {
        "name": "rearfoot1",
        "pivot": [
          0.0,
          -7.0,
          4.0
        ],
        "cubes": [
          {
            "origin": [
              -9.0,
              -13.0,
              -16.0
            ],
            "size": [
              18.0,
              6.0,
              24.0
            ],
            "uv": [
              112,
              0
            ]
          }
        ]
      },
      {
        "name": "frontfoot",
        "pivot": [
          0.0,
          1.0,
          0.0
        ],
        "cubes": [
          {
            "origin": [
              -4.0,
              -3.0,
              -12.0
            ],
            "size": [
              8.0,
              4.0,
              16.0
            ],
            "uv": [
              144,
              104
            ]
          }
        ]
      },
      {
        "name": "frontfoot1",
        "pivot": [
          0.0,
          1.0,
          0.0
        ],
        "cubes": [
          {
            "origin": [
              -4.0,
              -3.0,
              -12.0
            ],
            "size": [
              8.0,
              4.0,
              16.0
            ],
            "uv": [
              144,
              104
            ]
          }
        ]
      }
    ]
  },
  "geometry.humanoid": {
    "visible_bounds_width": 1,
    "visible_bounds_height": 1,
    "visible_bounds_offset": [
      0,
      0.5,
      0
    ],
    "bones": [
      {
        "name": "body",
        "pivot": [
          0.0,
          24.0,
          0.0
        ],
        "cubes": [
          {
            "origin": [
              -4.0,
              12.0,
              -2.0
            ],
            "size": [
              8,
              12,
              4
            ],
            "uv": [
              16,
              16
            ]
          }
        ]
      },
      {
        "name": "waist",
        "neverRender": true,
        "pivot": [
          0.0,
          12.0,
          0.0
        ]
      },
      {
        "name": "head",
        "pivot": [
          0.0,
          24.0,
          0.0
        ],
        "cubes": [
          {
            "origin": [
              -4.0,
              24.0,
              -4.0
            ],
            "size": [
              8,
              8,
              8
            ],
            "uv": [
              0,
              0
            ]
          }
        ]
      },
      {
        "name": "hat",
        "pivot": [
          0.0,
          24.0,
          0.0
        ],
        "cubes": [
          {
            "origin": [
              -4.0,
              24.0,
              -4.0
            ],
            "size": [
              8,
              8,
              8
            ],
            "uv": [
              32,
              0
            ],
            "inflate": 0.5
          }
        ],
        "neverRender": true
      },
      {
        "name": "rightArm",
        "pivot": [
          -5.0,
          22.0,
          0.0
        ],
        "cubes": [
          {
            "origin": [
              -8.0,
              12.0,
              -2.0
            ],
            "size": [
              4,
              12,
              4
            ],
            "uv": [
              40,
              16
            ]
          }
        ]
      },
      {
        "name": "rightItem",
        "pivot": [
          -6,
          15,
          1
        ],
        "neverRender": true,
        "parent": "rightArm"
      },
      {
        "name": "leftArm",
        "pivot": [
          5.0,
          22.0,
          0.0
        ],
        "cubes": [
          {
            "origin": [
              4.0,
              12.0,
              -2.0
            ],
            "size": [
              4,
              12,
              4
            ],
            "uv": [
              40,
              16
            ]
          }
        ],
        "mirror": true
      },
      {
        "name": "rightLeg",
        "pivot": [
          -1.9,
          12.0,
          0.0
        ],
        "cubes": [
          {
            "origin": [
              -3.9,
              0.0,
              -2.0
            ],
            "size": [
              4,
              12,
              4
            ],
            "uv": [
              0,
              16
            ]
          }
        ]
      },
      {
        "name": "leftLeg",
        "pivot": [
          1.9,
          12.0,
          0.0
        ],
        "cubes": [
          {
            "origin": [
              -0.1,
              0.0,
              -2.0
            ],
            "size": [
              4,
              12,
              4
            ],
            "uv": [
              0,
              16
            ]
          }
        ],
        "mirror": true
      },
      {
        "name": "helmet",
        "pivot": [
          0.0,
          24.0,
          0.0
        ],
        "neverRender": true
      },
      {
        "name": "rightArmArmor",
        "pivot": [
          -5.0,
          22.0,
          0.0
        ],
        "parent": "rightArm"
      },
      {
        "name": "leftArmArmor",
        "pivot": [
          5.0,
          22.0,
          0.0
        ],
        "parent": "leftArm",
        "mirror": true
      },
      {
        "name": "rightLegging",
        "pivot": [
          -1.9,
          12.0,
          0.0
        ],
        "parent": "rightLeg"
      },
      {
        "name": "leftLegging",
        "pivot": [
          1.9,
          12.0,
          0.0
        ],
        "parent": "leftLeg",
        "mirror": true
      },
      {
        "name": "rightBoot",
        "pivot": [
          -1.9,
          12.0,
          0.0
        ],
        "parent": "rightLeg"
      },
      {
        "name": "leftBoot",
        "pivot": [
          1.9,
          12.0,
          0.0
        ],
        "parent": "leftLeg",
        "mirror": true
      },
      {
        "name": "rightSock",
        "pivot": [
          -1.9,
          12.0,
          0.0
        ],
        "parent": "rightLeg"
      },
      {
        "name": "leftSock",
        "pivot": [
          1.9,
          12.0,
          0.0
        ],
        "parent": "leftLeg",
        "mirror": true
      },
      {
        "name": "bodyArmor",
        "pivot": [
          0.0,
          24.0,
          0.0
        ],
        "parent": "body"
      },
      {
        "name": "belt",
        "pivot": [
          0.0,
          24.0,
          0.0
        ],
        "parent": "body"
      }
    ]
  },
  "geometry.cape": {
    "texturewidth": 64,
    "textureheight": 32,
    "bones": [
      {
        "name": "root",
        "pivot": [
          0.0,
          0.0,
          0.0
        ]
      },
      {
        "name": "body",
        "pivot": [
          0.0,
          24.0,
          0.0
        ],
        "parent": "waist"
      },
      {
        "name": "waist",
        "parent": "root",
        "neverRender": true,
        "pivot": [
          0.0,
          12.0,
          0.0
        ]
      },
      {
        "name": "cape",
        "parent": "body",
        "pivot": [
          0.0,
          24.0,
          3.0
        ],
        "bind_pose_rotation": [
          0.0,
          180.0,
          0.0
        ],
        "rotation": [
          0.0,
          180.0,
          0.0
        ],
        "cubes": [
          {
            "origin": [
              -5.0,
              8.0,
              3.0
            ],
            "size": [
              10,
              16,
              1
            ],
            "uv": [
              0,
              0
            ]
          }
        ]
      }
    ]
  },
  "geometry.elytra": {
    "texturewidth": 64,
    "textureheight": 32,
    "bones": [
      {
        "name": "body",
        "pivot": [
          0.0,
          24.0,
          0.0
        ]
      },
      {
        "name": "left_wing",
        "pivot": [
          0.0,
          24.0,
          0.0
        ],
        "parent": "body",
        "cubes": [
          {
            "origin": [
              -10.0,
              0.0,
              0.0
            ],
            "size": [
              10,
              20,
              2
            ],
            "uv": [
              22,
              0
            ]
          }
        ]
      },
      {
        "name": "right_wing",
        "pivot": [
          0.0,
          24.0,
          0.0
        ],
        "parent": "body",
        "mirror": true,
        "cubes": [
          {
            "origin": [
              0.0,
              0.0,
              0.0
            ],
            "size": [
              10,
              20,
              2
            ],
            "uv": [
              22,
              0
            ]
          }
        ]
      }
    ]
  },
  "geometry.humanoid.custom:geometry.humanoid": {
    "visible_bounds_width": 1,
    "visible_bounds_height": 2,
    "visible_bounds_offset": [
      0,
      1,
      0
    ],
    "bones": [
      {
        "name": "root",
        "pivot": [
          0.0,
          0.0,
          0.0
        ]
      },
      {
        "name": "body",
        "parent": "waist",
        "pivot": [
          0.0,
          24.0,
          0.0
        ],
        "cubes": [
          {
            "origin": [
              -4.0,
              12.0,
              -2.0
            ],
            "size": [
              8,
              12,
              4
            ],
            "uv": [
              16,
              16
            ]
          }
        ]
      },
      {
        "name": "waist",
        "parent": "root",
        "pivot": [
          0.0,
          12.0,
          0.0
        ]
      },
      {
        "name": "head",
        "parent": "body",
        "pivot": [
          0.0,
          24.0,
          0.0
        ],
        "cubes": [
          {
            "origin": [
              -4.0,
              24.0,
              -4.0
            ],
            "size": [
              8,
              8,
              8
            ],
            "uv": [
              0,
              0
            ]
          }
        ]
      },
      {
        "name": "cape",
        "pivot": [
          0.0,
          24,
          3.0
        ],
        "parent": "body"
      },
      {
        "name": "hat",
        "parent": "head",
        "pivot": [
          0.0,
          24.0,
          0.0
        ],
        "cubes": [
          {
            "origin": [
              -4.0,
              24.0,
              -4.0
            ],
            "size": [
              8,
              8,
              8
            ],
            "uv": [
              32,
              0
            ],
            "inflate": 0.5
          }
        ]
      },
      {
        "name": "leftArm",
        "parent": "body",
        "pivot": [
          5.0,
          22.0,
          0.0
        ],
        "cubes": [
          {
            "origin": [
              4.0,
              12.0,
              -2.0
            ],
            "size": [
              4,
              12,
              4
            ],
            "uv": [
              32,
              48
            ]
          }
        ]
      },
      {
        "name": "leftSleeve",
        "parent": "leftArm",
        "pivot": [
          5.0,
          22.0,
          0.0
        ],
        "cubes": [
          {
            "origin": [
              4.0,
              12.0,
              -2.0
            ],
            "size": [
              4,
              12,
              4
            ],
            "uv": [
              48,
              48
            ],
            "inflate": 0.25
          }
        ]
      },
      {
        "name": "leftItem",
        "pivot": [
          6.0,
          15.0,
          1.0
        ],
        "parent": "leftArm"
      },
      {
        "name": "rightArm",
        "parent": "body",
        "pivot": [
          -5.0,
          22.0,
          0.0
        ],
        "cubes": [
          {
            "origin": [
              -8.0,
              12.0,
              -2.0
            ],
            "size": [
              4,
              12,
              4
            ],
            "uv": [
              40,
              16
            ]
          }
        ]
      },
      {
        "name": "rightSleeve",
        "parent": "rightArm",
        "pivot": [
          -5.0,
          22.0,
          0.0
        ],
        "cubes": [
          {
            "origin": [
              -8.0,
              12.0,
              -2.0
            ],
            "size": [
              4,
              12,
              4
            ],
            "uv": [
              40,
              32
            ],
            "inflate": 0.25
          }
        ]
      },
      {
        "name": "rightItem",
        "pivot": [
          -6,
          15,
          1
        ],
        "locators": {
          "lead_hold": [
            -6,
            15,
            1
          ]
        },
        "parent": "rightArm"
      },
      {
        "name": "leftLeg",
        "parent": "root",
        "pivot": [
          1.9,
          12.0,
          0.0
        ],
        "cubes": [
          {
            "origin": [
              -0.1,
              0.0,
              -2.0
            ],
            "size": [
              4,
              12,
              4
            ],
            "uv": [
              16,
              48
            ]
          }
        ]
      },
      {
        "name": "leftPants",
        "parent": "leftLeg",
        "pivot": [
          1.9,
          12.0,
          0.0
        ],
        "cubes": [
          {
            "origin": [
              -0.1,
              0.0,
              -2.0
            ],
            "size": [
              4,
              12,
              4
            ],
            "uv": [
              0,
              48
            ],
            "inflate": 0.25
          }
        ]
      },
      {
        "name": "rightLeg",
        "parent": "root",
        "pivot": [
          -1.9,
          12.0,
          0.0
        ],
        "cubes": [
          {
            "origin": [
              -3.9,
              0.0,
              -2.0
            ],
            "size": [
              4,
              12,
              4
            ],
            "uv": [
              0,
              16
            ]
          }
        ]
      },
      {
        "name": "rightPants",
        "parent": "rightLeg",
        "pivot": [
          -1.9,
          12.0,
          0.0
        ],
        "cubes": [
          {
            "origin": [
              -3.9,
              0.0,
              -2.0
            ],
            "size": [
              4,
              12,
              4
            ],
            "uv": [
              0,
              32
            ],
            "inflate": 0.25
          }
        ]
      },
      {
        "name": "jacket",
        "parent": "body",
        "pivot": [
          0.0,
          24.0,
          0.0
        ],
        "cubes": [
          {
            "origin": [
              -4.0,
              12.0,
              -2.0
            ],
            "size": [
              8,
              12,
              4
            ],
            "uv": [
              16,
              32
            ],
            "inflate": 0.25
          }
        ]
      }
    ]
  },
  "geometry.humanoid.customSlim": {
    "visible_bounds_width": 1,
    "visible_bounds_height": 2,
    "visible_bounds_offset": [
      0,
      1,
      0
    ],
    "bones": [
      {
        "name": "root",
        "pivot": [
          0.0,
          0.0,
          0.0
        ]
      },
      {
        "name": "waist",
        "parent": "root",
        "pivot": [
          0.0,
          12.0,
          0.0
        ]
      },
      {
        "name": "body",
        "parent": "waist",
        "pivot": [
          0.0,
          24.0,
          0.0
        ],
        "cubes": [
          {
            "origin": [
              -4.0,
              12.0,
              -2.0
            ],
            "size": [
              8,
              12,
              4
            ],
            "uv": [
              16,
              16
            ]
          }
        ]
      },
      {
        "name": "head",
        "parent": "body",
        "pivot": [
          0.0,
          24.0,
          0.0
        ],
        "cubes": [
          {
            "origin": [
              -4.0,
              24.0,
              -4.0
            ],
            "size": [
              8,
              8,
              8
            ],
            "uv": [
              0,
              0
            ]
          }
        ]
      },
      {
        "name": "hat",
        "parent": "head",
        "pivot": [
          0.0,
          24.0,
          0.0
        ],
        "cubes": [
          {
            "origin": [
              -4.0,
              24.0,
              -4.0
            ],
            "size": [
              8,
              8,
              8
            ],
            "uv": [
              32,
              0
            ],
            "inflate": 0.5
          }
        ]
      },
      {
        "name": "rightLeg",
        "parent": "root",
        "pivot": [
          -1.9,
          12.0,
          0.0
        ],
        "cubes": [
          {
            "origin": [
              -3.9,
              0.0,
              -2.0
            ],
            "size": [
              4,
              12,
              4
            ],
            "uv": [
              0,
              16
            ]
          }
        ]
      },
      {
        "name": "rightPants",
        "parent": "rightLeg",
        "pivot": [
          -1.9,
          12.0,
          0.0
        ],
        "cubes": [
          {
            "origin": [
              -3.9,
              0.0,
              -2.0
            ],
            "size": [
              4,
              12,
              4
            ],
            "uv": [
              0,
              32
            ],
            "inflate": 0.25
          }
        ]
      },
      {
        "name": "leftLeg",
        "parent": "root",
        "pivot": [
          1.9,
          12.0,
          0.0
        ],
        "cubes": [
          {
            "origin": [
              -0.1,
              0.0,
              -2.0
            ],
            "size": [
              4,
              12,
              4
            ],
            "uv": [
              16,
              48
            ]
          }
        ],
        "mirror": true
      },
      {
        "name": "leftPants",
        "parent": "leftLeg",
        "pivot": [
          1.9,
          12.0,
          0.0
        ],
        "cubes": [
          {
            "origin": [
              -0.1,
              0.0,
              -2.0
            ],
            "size": [
              4,
              12,
              4
            ],
            "uv": [
              0,
              48
            ],
            "inflate": 0.25
          }
        ]
      },
      {
        "name": "leftArm",
        "parent": "body",
        "pivot": [
          5.0,
          21.5,
          0.0
        ],
        "cubes": [
          {
            "origin": [
              4.0,
              11.5,
              -2.0
            ],
            "size": [
              3,
              12,
              4
            ],
            "uv": [
              32,
              48
            ]
          }
        ]
      },
      {
        "name": "leftSleeve",
        "parent": "leftArm",
        "pivot": [
          5.0,
          21.5,
          0.0
        ],
        "cubes": [
          {
            "origin": [
              4.0,
              11.5,
              -2.0
            ],
            "size": [
              3,
              12,
              4
            ],
            "uv": [
              48,
              48
            ],
            "inflate": 0.25
          }
        ]
      },
      {
        "name": "leftItem",
        "pivot": [
          6,
          14.5,
          1
        ],
        "parent": "leftArm"
      },
      {
        "name": "rightArm",
        "parent": "body",
        "pivot": [
          -5.0,
          21.5,
          0.0
        ],
        "cubes": [
          {
            "origin": [
              -7.0,
              11.5,
              -2.0
            ],
            "size": [
              3,
              12,
              4
            ],
            "uv": [
              40,
              16
            ]
          }
        ]
      },
      {
        "name": "rightSleeve",
        "parent": "rightArm",
        "pivot": [
          -5.0,
          21.5,
          0.0
        ],
        "cubes": [
          {
            "origin": [
              -7.0,
              11.5,
              -2.0
            ],
            "size": [
              3,
              12,
              4
            ],
            "uv": [
              40,
              32
            ],
            "inflate": 0.25
          }
        ]
      },
      {
        "name": "rightItem",
        "pivot": [
          -6,
          14.5,
          1
        ],
        "locators": {
          "lead_hold": [
            -6,
            14.5,
            1
          ]
        },
        "parent": "rightArm"
      },
      {
        "name": "jacket",
        "parent": "body",
        "pivot": [
          0.0,
          24.0,
          0.0
        ],
        "cubes": [
          {
            "origin": [
              -4.0,
              12.0,
              -2.0
            ],
            "size": [
              8,
              12,
              4
            ],
            "uv": [
              16,
              32
            ],
            "inflate": 0.25
          }
        ]
      },
      {
        "name": "cape",
        "pivot": [
          0.0,
          24,
          -3.0
        ],
        "parent": "body"
      }
    ]
  },
  "geometry.humanoid.armor1:geometry.zombie": {
    "visible_bounds_width": 2,
    "visible_bounds_height": 2,
    "visible_bounds_offset": [
      0,
      1,
      0
    ],
    "bones": [
      {
        "name": "head",
        "inflate": 1.0
      },
      {
        "name": "hat",
        "inflate": 1.5,
        "neverRender": false
      },
      {
        "name": "body",
        "inflate": 1.01
      },
      {
        "name": "rightArm",
        "inflate": 1.0
      },
      {
        "name": "leftArm",
        "inflate": 1.0
      },
      {
        "name": "rightLeg",
        "inflate": 1.0
      },
      {
        "name": "leftLeg",
        "inflate": 1.0
      }
    ]
  },
  "geometry.humanoid.armor.helmet:geometry.humanoid.armor1": {
    "bones": [
      {
        "name": "body",
        "reset": true
      },
      {
        "name": "rightArm",
        "reset": true
      },
      {
        "name": "leftArm",
        "reset": true
      },
      {
        "name": "rightLeg",
        "reset": true
      },
      {
        "name": "leftLeg",
        "reset": true
      }
    ]
  },
  "geometry.humanoid.armor.chestplate:geometry.humanoid.armor1": {
    "bones": [
      {
        "name": "head",
        "reset": true
      },
      {
        "name": "hat",
        "reset": true
      },
      {
        "name": "rightLeg",
        "reset": true
      },
      {
        "name": "leftLeg",
        "reset": true
      }
    ]
  },
  "geometry.humanoid.armor.leggings:geometry.humanoid.armor2": {
    "bones": [
      {
        "name": "head",
        "reset": true
      },
      {
        "name": "hat",
        "reset": true
      },
      {
        "name": "rightArm",
        "reset": true
      },
      {
        "name": "leftArm",
        "reset": true
      }
    ]
  },
  "geometry.humanoid.armor.boots:geometry.humanoid.armor1": {
    "bones": [
      {
        "name": "head",
        "reset": true
      },
      {
        "name": "hat",
        "reset": true
      },
      {
        "name": "body",
        "reset": true
      },
      {
        "name": "rightArm",
        "reset": true
      },
      {
        "name": "leftArm",
        "reset": true
      }
    ]
  },
  "geometry.humanoid.armor2:geometry.zombie": {
    "visible_bounds_width": 2,
    "visible_bounds_height": 2,
    "visible_bounds_offset": [
      0,
      1,
      0
    ],
    "bones": [
      {
        "name": "head",
        "inflate": 0.5
      },
      {
        "name": "body",
        "inflate": 0.5
      },
      {
        "name": "rightArm",
        "inflate": 0.5
      },
      {
        "name": "leftArm",
        "inflate": 0.5
      },
      {
        "name": "rightLeg",
        "inflate": 0.5
      },
      {
        "name": "leftLeg",
        "inflate": 0.5
      }
    ]
  },
  "geometry.quadruped": {
    "visible_bounds_width": 1,
    "visible_bounds_height": 1,
    "visible_bounds_offset": [
      0,
      0.5,
      0
    ],
    "bones": [
      {
        "name": "body",
        "pivot": [
          0.0,
          19.0,
          2.0
        ],
        "cubes": [
          {
            "origin": [
              -5.0,
              13.0,
              -5.0
            ],
            "size": [
              10,
              16,
              8
            ],
            "uv": [
              28,
              8
            ]
          }
        ]
      },
      {
        "name": "head",
        "pivot": [
          0.0,
          18.0,
          -6.0
        ],
        "cubes": [
          {
            "origin": [
              -4.0,
              14.0,
              -14.0
            ],
            "size": [
              8,
              8,
              8
            ],
            "uv": [
              0,
              0
            ]
          }
        ]
      },
      {
        "name": "leg0",
        "pivot": [
          -3.0,
          12.0,
          7.0
        ],
        "cubes": [
          {
            "origin": [
              -5.0,
              0.0,
              5.0
            ],
            "size": [
              4,
              12,
              4
            ],
            "uv": [
              0,
              16
            ]
          }
        ]
      },
      {
        "name": "leg1",
        "pivot": [
          3.0,
          12.0,
          7.0
        ],
        "cubes": [
          {
            "origin": [
              1.0,
              0.0,
              5.0
            ],
            "size": [
              4,
              12,
              4
            ],
            "uv": [
              0,
              16
            ]
          }
        ]
      },
      {
        "name": "leg2",
        "pivot": [
          -3.0,
          12.0,
          -5.0
        ],
        "cubes": [
          {
            "origin": [
              -5.0,
              0.0,
              -7.0
            ],
            "size": [
              4,
              12,
              4
            ],
            "uv": [
              0,
              16
            ]
          }
        ]
      },
      {
        "name": "leg3",
        "pivot": [
          3.0,
          12.0,
          -5.0
        ],
        "cubes": [
          {
            "origin": [
              1.0,
              0.0,
              -7.0
            ],
            "size": [
              4,
              12,
              4
            ],
            "uv": [
              0,
              16
            ]
          }
        ]
      }
    ]
  },
  "geometry.irongolem": {
    "visible_bounds_width": 3,
    "visible_bounds_height": 3,
    "visible_bounds_offset": [
      0,
      1.5,
      0
    ],
    "texturewidth": 128,
    "textureheight": 128,
    "bones": [
      {
        "name": "body",
        "pivot": [
          0.0,
          31.0,
          0.0
        ],
        "cubes": [
          {
            "origin": [
              -9.0,
              21.0,
              -6.0
            ],
            "size": [
              18,
              12,
              11
            ],
            "uv": [
              0,
              40
            ]
          },
          {
            "origin": [
              -4.5,
              16.0,
              -3.0
            ],
            "size": [
              9,
              5,
              6
            ],
            "uv": [
              0,
              70
            ],
            "inflate": 0.5
          }
        ]
      },
      {
        "name": "head",
        "parent": "body",
        "pivot": [
          0.0,
          31.0,
          -2.0
        ],
        "locators": {
          "lead": [
            0.0,
            31.0,
            -2.0
          ]
        },
        "cubes": [
          {
            "origin": [
              -4.0,
              33.0,
              -7.5
            ],
            "size": [
              8,
              10,
              8
            ],
            "uv": [
              0,
              0
            ]
          },
          {
            "origin": [
              -1.0,
              32.0,
              -9.5
            ],
            "size": [
              2,
              4,
              2
            ],
            "uv": [
              24,
              0
            ]
          }
        ]
      },
      {
        "name": "arm0",
        "parent": "body",
        "pivot": [
          0.0,
          31.0,
          0.0
        ],
        "cubes": [
          {
            "origin": [
              -13.0,
              3.5,
              -3.0
            ],
            "size": [
              4,
              30,
              6
            ],
            "uv": [
              60,
              21
            ]
          }
        ]
      },
      {
        "name": "arm1",
        "parent": "body",
        "pivot": [
          0.0,
          31.0,
          0.0
        ],
        "cubes": [
          {
            "origin": [
              9.0,
              3.5,
              -3.0
            ],
            "size": [
              4,
              30,
              6
            ],
            "uv": [
              60,
              58
            ]
          }
        ]
      },
      {
        "name": "leg0",
        "parent": "body",
        "pivot": [
          -4.0,
          13.0,
          0.0
        ],
        "cubes": [
          {
            "origin": [
              -7.5,
              0.0,
              -3.0
            ],
            "size": [
              6,
              16,
              5
            ],
            "uv": [
              37,
              0
            ]
          }
        ]
      },
      {
        "name": "leg1",
        "parent": "body",
        "mirror": true,
        "pivot": [
          5.0,
          13.0,
          0.0
        ],
        "cubes": [
          {
            "origin": [
              1.5,
              0.0,
              -3.0
            ],
            "size": [
              6,
              16,
              5
            ],
            "uv": [
              60,
              0
            ]
          }
        ]
      }
    ]
  },
  "geometry.chalkboard_small": {
    "visible_bounds_width": 1,
    "visible_bounds_height": 1,
    "visible_bounds_offset": [
      0,
      0.5,
      0
    ],
    "texturewidth": 64,
    "textureheight": 32,
    "bones": [
      {
        "name": "body",
        "cubes": [
          {
            "origin": [
              -8,
              4,
              -1
            ],
            "uv": [
              0,
              0
            ],
            "size": [
              16,
              12,
              2
            ]
          }
        ],
        "pivot": [
          -8.881784e-18,
          0,
          7.105427e-17
        ]
      },
      {
        "name": "rightLeg",
        "cubes": [
          {
            "origin": [
              -1,
              0,
              -1
            ],
            "uv": [
              0,
              14
            ],
            "size": [
              2,
              4,
              2
            ]
          }
        ],
        "pivot": [
          0,
          2.842171e-16,
          7.105427e-17
        ]
      }
    ]
  },
  "geometry.chalkboard_medium": {
    "visible_bounds_width": 1,
    "visible_bounds_height": 1,
    "visible_bounds_offset": [
      0,
      0.5,
      0
    ],
    "texturewidth": 128,
    "textureheight": 32,
    "bones": [
      {
        "name": "body",
        "cubes": [
          {
            "origin": [
              -16,
              4,
              -1
            ],
            "uv": [
              0,
              0
            ],
            "size": [
              32,
              12,
              2
            ]
          }
        ],
        "pivot": [
          0,
          0,
          1.421085e-16
        ]
      },
      {
        "name": "leftLeg",
        "cubes": [
          {
            "origin": [
              10,
              0,
              -1
            ],
            "uv": [
              0,
              14
            ],
            "size": [
              2,
              4,
              2
            ]
          }
        ],
        "pivot": [
          2.273737e-15,
          -5.684342e-16,
          7.105427e-17
        ]
      },
      {
        "name": "rightLeg",
        "cubes": [
          {
            "origin": [
              -12,
              0,
              -1
            ],
            "uv": [
              0,
              14
            ],
            "size": [
              2,
              4,
              2
            ]
          }
        ],
        "pivot": [
          -4.547474e-15,
          -8.526513e-16,
          0
        ]
      }
    ]
  },
  "geometry.chalkboard_large": {
    "visible_bounds_width": 1,
    "visible_bounds_height": 1,
    "visible_bounds_offset": [
      0,
      0.5,
      0
    ],
    "texturewidth": 128,
    "textureheight": 64,
    "bones": [
      {
        "name": "body",
        "cubes": [
          {
            "origin": [
              -24,
              4,
              -1
            ],
            "uv": [
              0,
              0
            ],
            "size": [
              48,
              28,
              2
            ]
          }
        ],
        "pivot": [
          0,
          -1.136868e-15,
          7.105427e-17
        ]
      },
      {
        "name": "leftLeg",
        "cubes": [
          {
            "origin": [
              16,
              0,
              -1
            ],
            "uv": [
              0,
              30
            ],
            "size": [
              2,
              4,
              2
            ]
          }
        ],
        "pivot": [
          0,
          2.842171e-16,
          0
        ]
      },
      {
        "name": "rightLeg",
        "cubes": [
          {
            "origin": [
              -18,
              0,
              -1
            ],
            "uv": [
              0,
              30
            ],
            "size": [
              2,
              4,
              2
            ]
          }
        ],
        "pivot": [
          0,
          2.842171e-16,
          0
        ]
      }
    ]
  },
  "geometry.agent": {
    "visible_bounds_width": 1,
    "visible_bounds_height": 1,
    "visible_bounds_offset": [
      0,
      0.5,
      0
    ],
    "texturewidth": 32,
    "textureheight": 32,
    "bones": [
      {
        "name": "body",
        "pivot": [
          0.0,
          24.0,
          0.0
        ],
        "cubes": [
          {
            "origin": [
              -4.0,
              5.0,
              -2.0
            ],
            "size": [
              8.0,
              4.0,
              4.0
            ],
            "uv": [
              0.0,
              12.0
            ]
          },
          {
            "origin": [
              -3.0,
              3.0,
              -2.0
            ],
            "size": [
              6.0,
              2.0,
              4.0
            ],
            "uv": [
              0.0,
              20.0
            ]
          }
        ]
      },
      {
        "name": "head",
        "parent": "body",
        "pivot": [
          0.0,
          9.0,
          -0.8
        ],
        "cubes": [
          {
            "origin": [
              -3.0,
              9.0,
              -3.0
            ],
            "size": [
              6.0,
              7.0,
              5.0
            ],
            "uv": [
              0.0,
              0.0
            ]
          },
          {
            "origin": [
              -1.0,
              9.0,
              -4.0
            ],
            "size": [
              2.0,
              3.0,
              1.0
            ],
            "uv": [
              17.0,
              1.0
            ]
          }
        ]
      },
      {
        "name": "leftArm",
        "parent": "body",
        "pivot": [
          5.0,
          9.0,
          0.0
        ],
        "cubes": [
          {
            "origin": [
              4.0,
              0.0,
              -1.0
            ],
            "size": [
              2.0,
              9.0,
              2.0
            ],
            "uv": [
              24.0,
              11.0
            ]
          }
        ]
      },
      {
        "name": "rightArm",
        "parent": "body",
        "pivot": [
          -5.0,
          9.0,
          0.0
        ],
        "cubes": [
          {
            "origin": [
              -6.0,
              0.0,
              -1.0
            ],
            "size": [
              2.0,
              9.0,
              2.0
            ],
            "uv": [
              24.0,
              0.0
            ]
          }
        ]
      },
      {
        "name": "leftLeg",
        "parent": "body",
        "pivot": [
          1.9,
          3.0,
          0.0
        ],
        "cubes": [
          {
            "origin": [
              1.0,
              0.0,
              -1.0
            ],
            "size": [
              2.0,
              3.0,
              2.0
            ],
            "uv": [
              8.0,
              26.0
            ]
          }
        ]
      },
      {
        "name": "rightLeg",
        "parent": "body",
        "pivot": [
          -1.9,
          3.0,
          0.0
        ],
        "cubes": [
          {
            "origin": [
              -3.0,
              0.0,
              -1.0
            ],
            "size": [
              2.0,
              3.0,
              2.0
            ],
            "uv": [
              0.0,
              26.0
            ]
          }
        ]
      }
    ]
  },
  "geometry.bed": {
    "visible_bounds_width": 1,
    "visible_bounds_height": 1,
    "visible_bounds_offset": [
      0,
      0.5,
      0
    ],
    "bones": [
      {
        "pivot": [
          0.0,
          24.0,
          0.0
        ],
        "cubes": [
          {
            "origin": [
              0.0,
              0.0,
              0.0
            ],
            "size": [
              16.0,
              32.0,
              6.0
            ],
            "uv": [
              0.0,
              0.0
            ]
          },
          {
            "origin": [
              3.0,
              31.0,
              6.0
            ],
            "size": [
              10.0,
              1.0,
              3.0
            ],
            "uv": [
              38.0,
              2.0
            ]
          },
          {
            "origin": [
              3.0,
              0.0,
              6.0
            ],
            "size": [
              10.0,
              1.0,
              3.0
            ],
            "uv": [
              38.0,
              38.0
            ]
          },
          {
            "origin": [
              15.0,
              3.0,
              6.0
            ],
            "size": [
              1.0,
              26.0,
              3.0
            ],
            "uv": [
              52.0,
              6.0
            ]
          },
          {
            "origin": [
              0.0,
              3.0,
              6.0
            ],
            "size": [
              1.0,
              26.0,
              3.0
            ],
            "uv": [
              44.0,
              6.0
            ]
          }
        ],
        "name": "bed"
      },
      {
        "pivot": [
          5.0,
          22.0,
          0.0
        ],
        "cubes": [
          {
            "origin": [
              13.0,
              29.0,
              6.0
            ],
            "size": [
              3.0,
              3.0,
              3.0
            ],
            "uv": [
              12.0,
              38.0
            ]
          }
        ],
        "name": "leg1"
      },
      {
        "pivot": [
          -5.0,
          22.0,
          0.0
        ],
        "cubes": [
          {
            "origin": [
              0.0,
              29.0,
              6.0
            ],
            "size": [
              3.0,
              3.0,
              3.0
            ],
            "uv": [
              0.0,
              38.0
            ]
          }
        ],
        "name": "leg0"
      },
      {
        "pivot": [
          2.0,
          12.0,
          0.0
        ],
        "cubes": [
          {
            "origin": [
              13.0,
              0.0,
              6.0
            ],
            "size": [
              3.0,
              3.0,
              3.0
            ],
            "uv": [
              12.0,
              44.0
            ]
          }
        ],
        "name": "leg3"
      },
      {
        "pivot": [
          -2.0,
          12.0,
          0.0
        ],
        "cubes": [
          {
            "origin": [
              0.0,
              0.0,
              6.0
            ],
            "size": [
              3.0,
              3.0,
              3.0
            ],
            "uv": [
              0.0,
              44.0
            ]
          }
        ],
        "name": "leg2"
      }
    ],
    "texturewidth": 64,
    "textureheight": 64
  },
  "geometry.player_head": {
    "visible_bounds_width": 1,
    "visible_bounds_height": 1,
    "visible_bounds_offset": [
      0,
      0.5,
      0
    ],
    "texturewidth": 64,
    "textureheight": 64,
    "bones": [
      {
        "name": "head",
        "pivot": [
          0.0,
          24.0,
          0.0
        ],
        "cubes": [
          {
            "origin": [
              -4.0,
              24.0,
              -4.0
            ],
            "size": [
              8,
              8,
              8
            ],
            "uv": [
              0,
              0
            ]
          }
        ]
      }
    ]
  },
  "geometry.mob_head": {
    "visible_bounds_width": 1,
    "visible_bounds_height": 1,
    "visible_bounds_offset": [
      0,
      0.5,
      0
    ],
    "texturewidth": 64,
    "textureheight": 32,
    "bones": [
      {
        "name": "head",
        "pivot": [
          0.0,
          24.0,
          0.0
        ],
        "cubes": [
          {
            "origin": [
              -4.0,
              24.0,
              -4.0
            ],
            "size": [
              8,
              8,
              8
            ],
            "uv": [
              0,
              0
            ]
          }
        ]
      }
    ]
  },
  "geometry.dragon_head": {
    "visible_bounds_width": 1,
    "visible_bounds_height": 1,
    "visible_bounds_offset": [
      0,
      0.5,
      0
    ],
    "texturewidth": 256,
    "textureheight": 256,
    "bones": [
      {
        "name": "head",
        "pivot": [
          0.0,
          24.0,
          0.0
        ],
        "cubes": [
          {
            "origin": [
              -8.0,
              16.0,
              -10.0
            ],
            "size": [
              16.0,
              16.0,
              16.0
            ],
            "uv": [
              112,
              30
            ]
          },
          {
            "mirror": true,
            "origin": [
              -5.0,
              32.0,
              -4.0
            ],
            "size": [
              2.0,
              4.0,
              6.0
            ],
            "uv": [
              0,
              0
            ]
          },
          {
            "origin": [
              3.0,
              32.0,
              -4.0
            ],
            "size": [
              2.0,
              4.0,
              6.0
            ],
            "uv": [
              0,
              0
            ]
          }
        ]
      },
      {
        "name": "snout",
        "pivot": [
          0.0,
          24.0,
          0.0
        ],
        "cubes": [
          {
            "origin": [
              -6.0,
              20.0,
              -24.0
            ],
            "size": [
              12.0,
              5.0,
              16.0
            ],
            "uv": [
              176,
              44
            ]
          },
          {
            "mirror": true,
            "origin": [
              -5.0,
              25.0,
              -22.0
            ],
            "size": [
              2.0,
              2.0,
              4.0
            ],
            "uv": [
              112,
              0
            ]
          },
          {
            "origin": [
              3.0,
              25.0,
              -22.0
            ],
            "size": [
              2.0,
              2.0,
              4.0
            ],
            "uv": [
              112,
              0
            ]
          }
        ]
      },
      {
        "name": "jaw",
        "pivot": [
          0.0,
          20.0,
          -8.0
        ],
        "cubes": [
          {
            "origin": [
              -6.0,
              16.0,
              -24.0
            ],
            "size": [
              12.0,
              4.0,
              16.0
            ],
            "uv": [
              176,
              65
            ]
          }
        ]
      }
    ]
  }
}
