{
	"format_version": "1.12.0",
	"minecraft:geometry": [
		{
			"description": {
				"identifier": "geometry.blue_pipe_opened",
				"texture_width": 64,
				"texture_height": 64,
				"visible_bounds_width": 4,
				"visible_bounds_height": 5.5,
				"visible_bounds_offset": [0, 1.25, 0]
			},
			"bones": [
				{
					"name": "root0",
					"pivot": [0, 0, 0]
				},
				{
					"name": "root2",
					"parent": "root0",
					"pivot": [0, 10, 0]
				},
				{
					"name": "root1",
					"parent": "root2",
					"pivot": [0, 30, 0]
				},
				{
					"name": "Kroot",
					"parent": "root1",
					"pivot": [0, 20, 0]
				},
				{
					"name": "Kwaist",
					"parent": "Kroot",
					"pivot": [0, 12, 0]
				},
				{
					"name": "body0",
					"parent": "Kwaist",
					"pivot": [0, 24, 0]
				},
				{
					"name": "Kbody",
					"parent": "body0",
					"pivot": [0, 12, 0],
					"cubes": [
						{
							"origin": [-6, 0, -6],
							"size": [12, 9, 12],
							"uv": {
								"north": {"uv": [0, 0], "uv_size": [32, 48]},
								"east": {"uv": [0, 0], "uv_size": [32, 48]},
								"south": {"uv": [0, 0], "uv_size": [32, 48]},
								"west": {"uv": [0, 0], "uv_size": [32, 48]},
								"up": {"uv": [32, 48], "uv_size": [-32, -48]},
								"down": {"uv": [32, 48], "uv_size": [-32, -48]}
							}
						},
						{
							"origin": [-5, -1, -5],
							"size": [10, 1, 10],
							"uv": {
								"north": {"uv": [0, 56], "uv_size": [32, 8]},
								"east": {"uv": [0, 56], "uv_size": [32, 8]},
								"south": {"uv": [0, 56], "uv_size": [32, 8]},
								"west": {"uv": [0, 56], "uv_size": [32, 8]},
								"up": {"uv": [32, 64], "uv_size": [-32, -8]},
								"down": {"uv": [32, 64], "uv_size": [-32, -8]}
							}
						},
						{
							"origin": [-5, 9, -5],
							"size": [10, 1, 10],
							"uv": {
								"north": {"uv": [0, 56], "uv_size": [32, 8]},
								"east": {"uv": [0, 56], "uv_size": [32, 8]},
								"south": {"uv": [0, 56], "uv_size": [32, 8]},
								"west": {"uv": [0, 56], "uv_size": [32, 8]},
								"up": {"uv": [32, 64], "uv_size": [-32, -8]},
								"down": {"uv": [32, 64], "uv_size": [-32, -8]}
							}
						},
						{
							"origin": [-5, 3, -5],
							"size": [10, 1, 10],
							"uv": {
								"north": {"uv": [0, 56], "uv_size": [32, 8]},
								"east": {"uv": [0, 56], "uv_size": [32, 8]},
								"south": {"uv": [0, 56], "uv_size": [32, 8]},
								"west": {"uv": [0, 56], "uv_size": [32, 8]},
								"up": {"uv": [32, 64], "uv_size": [-32, -8]},
								"down": {"uv": [32, 64], "uv_size": [-32, -8]}
							}
						},
						{
							"origin": [-5, 0, -7],
							"size": [10, 9, 14],
							"uv": {
								"north": {"uv": [0, 0], "uv_size": [32, 48]},
								"east": {"uv": [0, 0], "uv_size": [32, 48]},
								"south": {"uv": [0, 0], "uv_size": [32, 48]},
								"west": {"uv": [0, 0], "uv_size": [32, 48]},
								"up": {"uv": [32, 48], "uv_size": [-32, -48]},
								"down": {"uv": [32, 48], "uv_size": [-32, -48]}
							}
						},
						{
							"origin": [-4, 2, -8],
							"size": [8, 5, 1],
							"uv": {
								"north": {"uv": [32, 32], "uv_size": [32, 8]},
								"east": {"uv": [32, 32], "uv_size": [32, 8]},
								"south": {"uv": [32, 32], "uv_size": [32, 8]},
								"west": {"uv": [32, 32], "uv_size": [32, 8]},
								"up": {"uv": [64, 40], "uv_size": [-32, -8]},
								"down": {"uv": [64, 40], "uv_size": [-32, -8]}
							}
						},
						{
							"origin": [-7, 0, -5],
							"size": [14, 9, 10],
							"uv": {
								"north": {"uv": [0, 0], "uv_size": [32, 48]},
								"east": {"uv": [0, 0], "uv_size": [32, 48]},
								"south": {"uv": [0, 0], "uv_size": [32, 48]},
								"west": {"uv": [0, 0], "uv_size": [32, 48]},
								"up": {"uv": [32, 48], "uv_size": [-32, -48]},
								"down": {"uv": [32, 48], "uv_size": [-32, -48]}
							}
						},
						{
							"origin": [-7, 9, -5],
							"size": [1, 2, 10],
							"uv": {
								"north": {"uv": [0, 48], "uv_size": [32, 8]},
								"east": {"uv": [0, 48], "uv_size": [32, 8]},
								"south": {"uv": [0, 48], "uv_size": [32, 8]},
								"west": {"uv": [0, 48], "uv_size": [32, 8]},
								"up": {"uv": [32, 56], "uv_size": [-32, -8]},
								"down": {"uv": [32, 56], "uv_size": [-32, -8]}
							}
						},
						{
							"origin": [-7, -2, -5],
							"size": [1, 2, 10],
							"uv": {
								"north": {"uv": [0, 48], "uv_size": [32, 8]},
								"east": {"uv": [0, 48], "uv_size": [32, 8]},
								"south": {"uv": [0, 48], "uv_size": [32, 8]},
								"west": {"uv": [0, 48], "uv_size": [32, 8]},
								"up": {"uv": [32, 56], "uv_size": [-32, -8]},
								"down": {"uv": [32, 56], "uv_size": [-32, -8]}
							}
						},
						{
							"origin": [6, -2, -5],
							"size": [1, 2, 10],
							"uv": {
								"north": {"uv": [0, 48], "uv_size": [32, 8]},
								"east": {"uv": [0, 48], "uv_size": [32, 8]},
								"south": {"uv": [0, 48], "uv_size": [32, 8]},
								"west": {"uv": [0, 48], "uv_size": [32, 8]},
								"up": {"uv": [32, 56], "uv_size": [-32, -8]},
								"down": {"uv": [32, 56], "uv_size": [-32, -8]}
							}
						},
						{
							"origin": [6, 9, -5],
							"size": [1, 2, 10],
							"uv": {
								"north": {"uv": [0, 48], "uv_size": [32, 8]},
								"east": {"uv": [0, 48], "uv_size": [32, 8]},
								"south": {"uv": [0, 48], "uv_size": [32, 8]},
								"west": {"uv": [0, 48], "uv_size": [32, 8]},
								"up": {"uv": [32, 56], "uv_size": [-32, -8]},
								"down": {"uv": [32, 56], "uv_size": [-32, -8]}
							}
						},
						{
							"origin": [5, 9, -6],
							"size": [1, 2, 1],
							"uv": {
								"north": {"uv": [0, 48], "uv_size": [32, 8]},
								"east": {"uv": [0, 48], "uv_size": [32, 8]},
								"south": {"uv": [0, 48], "uv_size": [32, 8]},
								"west": {"uv": [0, 48], "uv_size": [32, 8]},
								"up": {"uv": [32, 56], "uv_size": [-32, -8]},
								"down": {"uv": [32, 56], "uv_size": [-32, -8]}
							}
						},
						{
							"origin": [5, 9, 5],
							"size": [1, 2, 1],
							"uv": {
								"north": {"uv": [0, 48], "uv_size": [32, 8]},
								"east": {"uv": [0, 48], "uv_size": [32, 8]},
								"south": {"uv": [0, 48], "uv_size": [32, 8]},
								"west": {"uv": [0, 48], "uv_size": [32, 8]},
								"up": {"uv": [32, 56], "uv_size": [-32, -8]},
								"down": {"uv": [32, 56], "uv_size": [-32, -8]}
							}
						},
						{
							"origin": [5, -2, 5],
							"size": [1, 2, 1],
							"uv": {
								"north": {"uv": [0, 48], "uv_size": [32, 8]},
								"east": {"uv": [0, 48], "uv_size": [32, 8]},
								"south": {"uv": [0, 48], "uv_size": [32, 8]},
								"west": {"uv": [0, 48], "uv_size": [32, 8]},
								"up": {"uv": [32, 56], "uv_size": [-32, -8]},
								"down": {"uv": [32, 56], "uv_size": [-32, -8]}
							}
						},
						{
							"origin": [-6, -2, 5],
							"size": [1, 2, 1],
							"uv": {
								"north": {"uv": [0, 48], "uv_size": [32, 8]},
								"east": {"uv": [0, 48], "uv_size": [32, 8]},
								"south": {"uv": [0, 48], "uv_size": [32, 8]},
								"west": {"uv": [0, 48], "uv_size": [32, 8]},
								"up": {"uv": [32, 56], "uv_size": [-32, -8]},
								"down": {"uv": [32, 56], "uv_size": [-32, -8]}
							}
						},
						{
							"origin": [-6, -2, -6],
							"size": [1, 2, 1],
							"uv": {
								"north": {"uv": [0, 48], "uv_size": [32, 8]},
								"east": {"uv": [0, 48], "uv_size": [32, 8]},
								"south": {"uv": [0, 48], "uv_size": [32, 8]},
								"west": {"uv": [0, 48], "uv_size": [32, 8]},
								"up": {"uv": [32, 56], "uv_size": [-32, -8]},
								"down": {"uv": [32, 56], "uv_size": [-32, -8]}
							}
						},
						{
							"origin": [5, -2, -6],
							"size": [1, 2, 1],
							"uv": {
								"north": {"uv": [0, 48], "uv_size": [32, 8]},
								"east": {"uv": [0, 48], "uv_size": [32, 8]},
								"south": {"uv": [0, 48], "uv_size": [32, 8]},
								"west": {"uv": [0, 48], "uv_size": [32, 8]},
								"up": {"uv": [32, 56], "uv_size": [-32, -8]},
								"down": {"uv": [32, 56], "uv_size": [-32, -8]}
							}
						},
						{
							"origin": [-6, 9, 5],
							"size": [1, 2, 1],
							"uv": {
								"north": {"uv": [0, 48], "uv_size": [32, 8]},
								"east": {"uv": [0, 48], "uv_size": [32, 8]},
								"south": {"uv": [0, 48], "uv_size": [32, 8]},
								"west": {"uv": [0, 48], "uv_size": [32, 8]},
								"up": {"uv": [32, 56], "uv_size": [-32, -8]},
								"down": {"uv": [32, 56], "uv_size": [-32, -8]}
							}
						},
						{
							"origin": [-6, 9, -6],
							"size": [1, 2, 1],
							"uv": {
								"north": {"uv": [0, 48], "uv_size": [32, 8]},
								"east": {"uv": [0, 48], "uv_size": [32, 8]},
								"south": {"uv": [0, 48], "uv_size": [32, 8]},
								"west": {"uv": [0, 48], "uv_size": [32, 8]},
								"up": {"uv": [32, 56], "uv_size": [-32, -8]},
								"down": {"uv": [32, 56], "uv_size": [-32, -8]}
							}
						},
						{
							"origin": [-5, 9, -7],
							"size": [10, 2, 1],
							"uv": {
								"north": {"uv": [0, 48], "uv_size": [32, 8]},
								"east": {"uv": [0, 48], "uv_size": [32, 8]},
								"south": {"uv": [0, 48], "uv_size": [32, 8]},
								"west": {"uv": [0, 48], "uv_size": [32, 8]},
								"up": {"uv": [32, 56], "uv_size": [-32, -8]},
								"down": {"uv": [32, 56], "uv_size": [-32, -8]}
							}
						},
						{
							"origin": [-5, 9, 6],
							"size": [10, 2, 1],
							"uv": {
								"north": {"uv": [0, 48], "uv_size": [32, 8]},
								"east": {"uv": [0, 48], "uv_size": [32, 8]},
								"south": {"uv": [0, 48], "uv_size": [32, 8]},
								"west": {"uv": [0, 48], "uv_size": [32, 8]},
								"up": {"uv": [32, 56], "uv_size": [-32, -8]},
								"down": {"uv": [32, 56], "uv_size": [-32, -8]}
							}
						},
						{
							"origin": [-5, -2, 6],
							"size": [10, 2, 1],
							"uv": {
								"north": {"uv": [0, 48], "uv_size": [32, 8]},
								"east": {"uv": [0, 48], "uv_size": [32, 8]},
								"south": {"uv": [0, 48], "uv_size": [32, 8]},
								"west": {"uv": [0, 48], "uv_size": [32, 8]},
								"up": {"uv": [32, 56], "uv_size": [-32, -8]},
								"down": {"uv": [32, 56], "uv_size": [-32, -8]}
							}
						},
						{
							"origin": [-5, -2, -7],
							"size": [10, 2, 1],
							"uv": {
								"north": {"uv": [0, 48], "uv_size": [32, 8]},
								"east": {"uv": [0, 48], "uv_size": [32, 8]},
								"south": {"uv": [0, 48], "uv_size": [32, 8]},
								"west": {"uv": [0, 48], "uv_size": [32, 8]},
								"up": {"uv": [32, 56], "uv_size": [-32, -8]},
								"down": {"uv": [32, 56], "uv_size": [-32, -8]}
							}
						}
					]
				},
				{
					"name": "head",
					"parent": "Kbody",
					"pivot": [0, 24, 0]
				},
				{
					"name": "hat",
					"parent": "head",
					"pivot": [0, 24, 0]
				},
				{
					"name": "jacket",
					"parent": "Kbody",
					"pivot": [0, 12, 0]
				},
				{
					"name": "RightArmUp",
					"parent": "Kbody",
					"pivot": [-6, 22, 0]
				},
				{
					"name": "RightArmDown",
					"parent": "RightArmUp",
					"pivot": [-6, 18, 2]
				},
				{
					"name": "rightItem",
					"parent": "RightArmDown",
					"pivot": [-6, 15, 1]
				},
				{
					"name": "Item",
					"parent": "RightArmDown",
					"pivot": [-6, 18, 2]
				},
				{
					"name": "cItem",
					"parent": "RightArmDown",
					"pivot": [-6, 15, 1]
				},
				{
					"name": "LeftArmUp",
					"parent": "Kbody",
					"pivot": [6, 22, 0]
				},
				{
					"name": "LeftArmDown",
					"parent": "LeftArmUp",
					"pivot": [6, 18, 2]
				},
				{
					"name": "LeftItem",
					"parent": "LeftArmDown",
					"pivot": [6, 15, 1]
				},
				{
					"name": "LItem",
					"parent": "LeftArmDown",
					"pivot": [6, 15, 1]
				},
				{
					"name": "KLegs",
					"parent": "Kroot",
					"pivot": [0, 12, 0]
				},
				{
					"name": "RightLegUp",
					"parent": "KLegs",
					"pivot": [-1.9, 12, 0]
				},
				{
					"name": "RightLegDown",
					"parent": "RightLegUp",
					"pivot": [-1.9, 6, -2]
				},
				{
					"name": "LeftLegUp",
					"parent": "KLegs",
					"pivot": [1.9, 12, 0]
				},
				{
					"name": "LeftLegDown",
					"parent": "LeftLegUp",
					"pivot": [1.9, 6, -2]
				}
			]
		}
	]
}