{
	"format_version": "1.12.0",
	"minecraft:geometry": [
		{
			"description": {
				"identifier": "geometry.cabinet_close",
				"texture_width": 64,
				"texture_height": 64,
				"visible_bounds_width": 4,
				"visible_bounds_height": 5.5,
				"visible_bounds_offset": [0, 1.25, 0]
			},
			"bones": [
				{
					"name": "bb_main",
					"pivot": [0, 0, 0],
					"cubes": [
						{
							"origin": [-10, 0, -8],
							"size": [20, 1, 16],
							"uv": {
								"north": {"uv": [0, 32], "uv_size": [32, 32]},
								"east": {"uv": [0, 32], "uv_size": [32, 32]},
								"south": {"uv": [0, 32], "uv_size": [32, 32]},
								"west": {"uv": [0, 32], "uv_size": [32, 32]},
								"up": {"uv": [32, 64], "uv_size": [-32, -32]},
								"down": {"uv": [32, 64], "uv_size": [-32, -32]}
							}
						},
						{
							"origin": [-10, 2, -6],
							"size": [1, 29, 12],
							"uv": {
								"north": {"uv": [32, 0], "uv_size": [32, 32]},
								"east": {"uv": [32, 0], "uv_size": [32, 32]},
								"south": {"uv": [32, 0], "uv_size": [32, 32]},
								"west": {"uv": [32, 0], "uv_size": [32, 32]},
								"up": {"uv": [64, 32], "uv_size": [-32, -32]},
								"down": {"uv": [64, 32], "uv_size": [-32, -32]}
							}
						},
						{
							"origin": [9, 2, -6],
							"size": [1, 29, 12],
							"uv": {
								"north": {"uv": [32, 0], "uv_size": [32, 32]},
								"east": {"uv": [32, 0], "uv_size": [32, 32]},
								"south": {"uv": [32, 0], "uv_size": [32, 32]},
								"west": {"uv": [32, 0], "uv_size": [32, 32]},
								"up": {"uv": [64, 32], "uv_size": [-32, -32]},
								"down": {"uv": [64, 32], "uv_size": [-32, -32]}
							}
						},
						{
							"origin": [9, 1, -7],
							"size": [1, 31, 1],
							"uv": {
								"north": {"uv": [0, 0], "uv_size": [32, 32]},
								"east": {"uv": [0, 0], "uv_size": [32, 32]},
								"south": {"uv": [0, 0], "uv_size": [32, 32]},
								"west": {"uv": [0, 0], "uv_size": [32, 32]},
								"up": {"uv": [32, 32], "uv_size": [-32, -32]},
								"down": {"uv": [32, 32], "uv_size": [-32, -32]}
							}
						},
						{
							"origin": [-10, 1, -7],
							"size": [1, 31, 1],
							"uv": {
								"north": {"uv": [0, 0], "uv_size": [32, 32]},
								"east": {"uv": [0, 0], "uv_size": [32, 32]},
								"south": {"uv": [0, 0], "uv_size": [32, 32]},
								"west": {"uv": [0, 0], "uv_size": [32, 32]},
								"up": {"uv": [32, 32], "uv_size": [-32, -32]},
								"down": {"uv": [32, 32], "uv_size": [-32, -32]}
							}
						},
						{
							"origin": [-1, 2, -7],
							"size": [1, 29, 1],
							"uv": {
								"north": {"uv": [0, 0], "uv_size": [32, 32]},
								"east": {"uv": [0, 0], "uv_size": [32, 32]},
								"south": {"uv": [0, 0], "uv_size": [32, 32]},
								"west": {"uv": [0, 0], "uv_size": [32, 32]},
								"up": {"uv": [32, 32], "uv_size": [-32, -32]},
								"down": {"uv": [32, 32], "uv_size": [-32, -32]}
							}
						},
						{
							"origin": [0, 2, -7],
							"size": [1, 29, 1],
							"uv": {
								"north": {"uv": [0, 0], "uv_size": [32, 32]},
								"east": {"uv": [0, 0], "uv_size": [32, 32]},
								"south": {"uv": [0, 0], "uv_size": [32, 32]},
								"west": {"uv": [0, 0], "uv_size": [32, 32]},
								"up": {"uv": [32, 32], "uv_size": [-32, -32]},
								"down": {"uv": [32, 32], "uv_size": [-32, -32]}
							}
						},
						{
							"origin": [-9, 1, -7],
							"size": [18, 1, 1],
							"uv": {
								"north": {"uv": [0, 0], "uv_size": [32, 32]},
								"east": {"uv": [0, 0], "uv_size": [32, 32]},
								"south": {"uv": [0, 0], "uv_size": [32, 32]},
								"west": {"uv": [0, 0], "uv_size": [32, 32]},
								"up": {"uv": [32, 32], "uv_size": [-32, -32]},
								"down": {"uv": [32, 32], "uv_size": [-32, -32]}
							}
						},
						{
							"origin": [-9, 1, 6],
							"size": [18, 1, 1],
							"uv": {
								"north": {"uv": [0, 0], "uv_size": [32, 32]},
								"east": {"uv": [0, 0], "uv_size": [32, 32]},
								"south": {"uv": [0, 0], "uv_size": [32, 32]},
								"west": {"uv": [0, 0], "uv_size": [32, 32]},
								"up": {"uv": [32, 32], "uv_size": [-32, -32]},
								"down": {"uv": [32, 32], "uv_size": [-32, -32]}
							}
						},
						{
							"origin": [-9, 2, 6],
							"size": [18, 29, 1],
							"uv": {
								"north": {"uv": [32, 0], "uv_size": [32, 32]},
								"east": {"uv": [32, 0], "uv_size": [32, 32]},
								"south": {"uv": [32, 0], "uv_size": [32, 32]},
								"west": {"uv": [32, 0], "uv_size": [32, 32]},
								"up": {"uv": [64, 32], "uv_size": [-32, -32]},
								"down": {"uv": [64, 32], "uv_size": [-32, -32]}
							}
						},
						{
							"origin": [-9, 2, -7],
							"size": [8, 29, 1],
							"uv": {
								"north": {"uv": [32, 0], "uv_size": [32, 32]},
								"east": {"uv": [32, 0], "uv_size": [32, 32]},
								"south": {"uv": [32, 0], "uv_size": [32, 32]},
								"west": {"uv": [32, 0], "uv_size": [32, 32]},
								"up": {"uv": [64, 32], "uv_size": [-32, -32]},
								"down": {"uv": [64, 32], "uv_size": [-32, -32]}
							}
						},
						{
							"origin": [-2, 14, -8],
							"size": [1, 5, 1],
							"uv": {
								"north": {"uv": [32, 32], "uv_size": [32, 32]},
								"east": {"uv": [32, 32], "uv_size": [32, 32]},
								"south": {"uv": [32, 32], "uv_size": [32, 32]},
								"west": {"uv": [32, 32], "uv_size": [32, 32]},
								"up": {"uv": [64, 64], "uv_size": [-32, -32]},
								"down": {"uv": [64, 64], "uv_size": [-32, -32]}
							}
						},
						{
							"origin": [1, 14, -8],
							"size": [1, 5, 1],
							"uv": {
								"north": {"uv": [32, 32], "uv_size": [32, 32]},
								"east": {"uv": [32, 32], "uv_size": [32, 32]},
								"south": {"uv": [32, 32], "uv_size": [32, 32]},
								"west": {"uv": [32, 32], "uv_size": [32, 32]},
								"up": {"uv": [64, 64], "uv_size": [-32, -32]},
								"down": {"uv": [64, 64], "uv_size": [-32, -32]}
							}
						},
						{
							"origin": [1, 2, -7],
							"size": [8, 29, 1],
							"uv": {
								"north": {"uv": [32, 0], "uv_size": [32, 32]},
								"east": {"uv": [32, 0], "uv_size": [32, 32]},
								"south": {"uv": [32, 0], "uv_size": [32, 32]},
								"west": {"uv": [32, 0], "uv_size": [32, 32]},
								"up": {"uv": [64, 32], "uv_size": [-32, -32]},
								"down": {"uv": [64, 32], "uv_size": [-32, -32]}
							}
						},
						{
							"origin": [-9, 31, -7],
							"size": [18, 1, 1],
							"uv": {
								"north": {"uv": [0, 0], "uv_size": [32, 32]},
								"east": {"uv": [0, 0], "uv_size": [32, 32]},
								"south": {"uv": [0, 0], "uv_size": [32, 32]},
								"west": {"uv": [0, 0], "uv_size": [32, 32]},
								"up": {"uv": [32, 32], "uv_size": [-32, -32]},
								"down": {"uv": [32, 32], "uv_size": [-32, -32]}
							}
						},
						{
							"origin": [-9, 31, 6],
							"size": [18, 1, 1],
							"uv": {
								"north": {"uv": [0, 0], "uv_size": [32, 32]},
								"east": {"uv": [0, 0], "uv_size": [32, 32]},
								"south": {"uv": [0, 0], "uv_size": [32, 32]},
								"west": {"uv": [0, 0], "uv_size": [32, 32]},
								"up": {"uv": [32, 32], "uv_size": [-32, -32]},
								"down": {"uv": [32, 32], "uv_size": [-32, -32]}
							}
						},
						{
							"origin": [-10, 1, 6],
							"size": [1, 31, 1],
							"uv": {
								"north": {"uv": [0, 0], "uv_size": [32, 32]},
								"east": {"uv": [0, 0], "uv_size": [32, 32]},
								"south": {"uv": [0, 0], "uv_size": [32, 32]},
								"west": {"uv": [0, 0], "uv_size": [32, 32]},
								"up": {"uv": [32, 32], "uv_size": [-32, -32]},
								"down": {"uv": [32, 32], "uv_size": [-32, -32]}
							}
						},
						{
							"origin": [9, 1, 6],
							"size": [1, 31, 1],
							"uv": {
								"north": {"uv": [0, 0], "uv_size": [32, 32]},
								"east": {"uv": [0, 0], "uv_size": [32, 32]},
								"south": {"uv": [0, 0], "uv_size": [32, 32]},
								"west": {"uv": [0, 0], "uv_size": [32, 32]},
								"up": {"uv": [32, 32], "uv_size": [-32, -32]},
								"down": {"uv": [32, 32], "uv_size": [-32, -32]}
							}
						},
						{
							"origin": [9, 31, -6],
							"size": [1, 1, 12],
							"uv": {
								"north": {"uv": [0, 0], "uv_size": [32, 32]},
								"east": {"uv": [0, 0], "uv_size": [32, 32]},
								"south": {"uv": [0, 0], "uv_size": [32, 32]},
								"west": {"uv": [0, 0], "uv_size": [32, 32]},
								"up": {"uv": [32, 32], "uv_size": [-32, -32]},
								"down": {"uv": [32, 32], "uv_size": [-32, -32]}
							}
						},
						{
							"origin": [9, 1, -6],
							"size": [1, 1, 12],
							"uv": {
								"north": {"uv": [0, 0], "uv_size": [32, 32]},
								"east": {"uv": [0, 0], "uv_size": [32, 32]},
								"south": {"uv": [0, 0], "uv_size": [32, 32]},
								"west": {"uv": [0, 0], "uv_size": [32, 32]},
								"up": {"uv": [32, 32], "uv_size": [-32, -32]},
								"down": {"uv": [32, 32], "uv_size": [-32, -32]}
							}
						},
						{
							"origin": [-10, 31, -6],
							"size": [1, 1, 12],
							"uv": {
								"north": {"uv": [0, 0], "uv_size": [32, 32]},
								"east": {"uv": [0, 0], "uv_size": [32, 32]},
								"south": {"uv": [0, 0], "uv_size": [32, 32]},
								"west": {"uv": [0, 0], "uv_size": [32, 32]},
								"up": {"uv": [32, 32], "uv_size": [-32, -32]},
								"down": {"uv": [32, 32], "uv_size": [-32, -32]}
							}
						},
						{
							"origin": [-10, 1, -6],
							"size": [1, 1, 12],
							"uv": {
								"north": {"uv": [0, 0], "uv_size": [32, 32]},
								"east": {"uv": [0, 0], "uv_size": [32, 32]},
								"south": {"uv": [0, 0], "uv_size": [32, 32]},
								"west": {"uv": [0, 0], "uv_size": [32, 32]},
								"up": {"uv": [32, 32], "uv_size": [-32, -32]},
								"down": {"uv": [32, 32], "uv_size": [-32, -32]}
							}
						},
						{
							"origin": [-9, 31, -6],
							"size": [18, 1, 12],
							"uv": {
								"north": {"uv": [32, 0], "uv_size": [32, 32]},
								"east": {"uv": [32, 0], "uv_size": [32, 32]},
								"south": {"uv": [32, 0], "uv_size": [32, 32]},
								"west": {"uv": [32, 0], "uv_size": [32, 32]},
								"up": {"uv": [64, 32], "uv_size": [-32, -32]},
								"down": {"uv": [64, 32], "uv_size": [-32, -32]}
							}
						},
						{
							"origin": [-9, 1, -6],
							"size": [18, 1, 12],
							"uv": {
								"north": {"uv": [32, 0], "uv_size": [32, 32]},
								"east": {"uv": [32, 0], "uv_size": [32, 32]},
								"south": {"uv": [32, 0], "uv_size": [32, 32]},
								"west": {"uv": [32, 0], "uv_size": [32, 32]},
								"up": {"uv": [64, 32], "uv_size": [-32, -32]},
								"down": {"uv": [64, 32], "uv_size": [-32, -32]}
							}
						}
					]
				}
			]
		}
	]
}