{
	"format_version": "1.12.0",
	"minecraft:geometry": [
		{
			"description": {
				"identifier": "geometry.cage_locked",
				"texture_width": 64,
				"texture_height": 64,
				"visible_bounds_width": 4,
				"visible_bounds_height": 5.5,
				"visible_bounds_offset": [0, 1.25, 0]
			},
			"bones": [
				{
					"name": "root0",
					"pivot": [0, 0, 0]
				},
				{
					"name": "root2",
					"parent": "root0",
					"pivot": [0, 10, 0]
				},
				{
					"name": "root1",
					"parent": "root2",
					"pivot": [0, 30, 0]
				},
				{
					"name": "Kroot",
					"parent": "root1",
					"pivot": [0, 20, 0]
				},
				{
					"name": "Kwaist",
					"parent": "Kroot",
					"pivot": [0, 12, 0]
				},
				{
					"name": "body0",
					"parent": "Kwaist",
					"pivot": [0, 24, 0]
				},
				{
					"name": "Kbody",
					"parent": "body0",
					"pivot": [0, 12, 0],
					"cubes": [
						{
							"origin": [6, 0, 4.5],
							"size": [1, 2, 2.5],
							"uv": {
								"north": {"uv": [32, 0], "uv_size": [32, 32]},
								"east": {"uv": [32, 0], "uv_size": [32, 32]},
								"south": {"uv": [32, 0], "uv_size": [32, 32]},
								"west": {"uv": [32, 0], "uv_size": [32, 32]},
								"up": {"uv": [64, 32], "uv_size": [-32, -32]},
								"down": {"uv": [64, 32], "uv_size": [-32, -32]}
							}
						},
						{
							"origin": [-7, 0, 4.5],
							"size": [1, 2, 2.5],
							"uv": {
								"north": {"uv": [32, 0], "uv_size": [32, 32]},
								"east": {"uv": [32, 0], "uv_size": [32, 32]},
								"south": {"uv": [32, 0], "uv_size": [32, 32]},
								"west": {"uv": [32, 0], "uv_size": [32, 32]},
								"up": {"uv": [64, 32], "uv_size": [-32, -32]},
								"down": {"uv": [64, 32], "uv_size": [-32, -32]}
							}
						},
						{
							"origin": [-7, 0, -7],
							"size": [1, 2, 2.5],
							"uv": {
								"north": {"uv": [32, 0], "uv_size": [32, 32]},
								"east": {"uv": [32, 0], "uv_size": [32, 32]},
								"south": {"uv": [32, 0], "uv_size": [32, 32]},
								"west": {"uv": [32, 0], "uv_size": [32, 32]},
								"up": {"uv": [64, 32], "uv_size": [-32, -32]},
								"down": {"uv": [64, 32], "uv_size": [-32, -32]}
							}
						},
						{
							"origin": [6, 0, -7],
							"size": [1, 2, 2.5],
							"uv": {
								"north": {"uv": [32, 0], "uv_size": [32, 32]},
								"east": {"uv": [32, 0], "uv_size": [32, 32]},
								"south": {"uv": [32, 0], "uv_size": [32, 32]},
								"west": {"uv": [32, 0], "uv_size": [32, 32]},
								"up": {"uv": [64, 32], "uv_size": [-32, -32]},
								"down": {"uv": [64, 32], "uv_size": [-32, -32]}
							}
						},
						{
							"origin": [-8, 1.5, -8],
							"size": [16, 1.5, 16],
							"uv": {
								"north": {"uv": [0, 32], "uv_size": [32, 32]},
								"east": {"uv": [0, 32], "uv_size": [32, 32]},
								"south": {"uv": [0, 32], "uv_size": [32, 32]},
								"west": {"uv": [0, 32], "uv_size": [32, 32]},
								"up": {"uv": [32, 64], "uv_size": [-32, -32]},
								"down": {"uv": [32, 64], "uv_size": [-32, -32]}
							}
						},
						{
							"origin": [-7, 3, -7],
							"size": [1, 7, 14],
							"uv": {
								"north": {"uv": [0, 0], "uv_size": [32, 32]},
								"east": {"uv": [0, 0], "uv_size": [32, 32]},
								"south": {"uv": [0, 0], "uv_size": [32, 32]},
								"west": {"uv": [0, 0], "uv_size": [32, 32]},
								"up": {"uv": [32, 32], "uv_size": [-32, -32]},
								"down": {"uv": [32, 32], "uv_size": [-32, -32]}
							}
						},
						{
							"origin": [6, 3, -7],
							"size": [1, 7, 14],
							"uv": {
								"north": {"uv": [0, 0], "uv_size": [32, 32]},
								"east": {"uv": [0, 0], "uv_size": [32, 32]},
								"south": {"uv": [0, 0], "uv_size": [32, 32]},
								"west": {"uv": [0, 0], "uv_size": [32, 32]},
								"up": {"uv": [32, 32], "uv_size": [-32, -32]},
								"down": {"uv": [32, 32], "uv_size": [-32, -32]}
							}
						},
						{
							"origin": [6, 3, -7],
							"size": [1, 1, 14],
							"uv": {
								"north": {"uv": [0, 0], "uv_size": [32, 32]},
								"east": {"uv": [0, 0], "uv_size": [32, 32]},
								"south": {"uv": [0, 0], "uv_size": [32, 32]},
								"west": {"uv": [0, 0], "uv_size": [32, 32]},
								"up": {"uv": [32, 32], "uv_size": [-32, -32]},
								"down": {"uv": [32, 32], "uv_size": [-32, -32]}
							}
						},
						{
							"origin": [-6, 3, -7],
							"size": [12, 1, 1],
							"uv": {
								"north": {"uv": [0, 0], "uv_size": [32, 32]},
								"east": {"uv": [0, 0], "uv_size": [32, 32]},
								"south": {"uv": [0, 0], "uv_size": [32, 32]},
								"west": {"uv": [0, 0], "uv_size": [32, 32]},
								"up": {"uv": [32, 32], "uv_size": [-32, -32]},
								"down": {"uv": [32, 32], "uv_size": [-32, -32]}
							}
						},
						{
							"origin": [-6, 8, -7],
							"size": [12, 2, 1],
							"uv": {
								"north": {"uv": [0, 0], "uv_size": [32, 32]},
								"east": {"uv": [0, 0], "uv_size": [32, 32]},
								"south": {"uv": [0, 0], "uv_size": [32, 32]},
								"west": {"uv": [0, 0], "uv_size": [32, 32]},
								"up": {"uv": [32, 32], "uv_size": [-32, -32]},
								"down": {"uv": [32, 32], "uv_size": [-32, -32]}
							}
						},
						{
							"origin": [-6, 21, -7],
							"size": [12, 2, 1],
							"uv": {
								"north": {"uv": [0, 0], "uv_size": [32, 32]},
								"east": {"uv": [0, 0], "uv_size": [32, 32]},
								"south": {"uv": [0, 0], "uv_size": [32, 32]},
								"west": {"uv": [0, 0], "uv_size": [32, 32]},
								"up": {"uv": [32, 32], "uv_size": [-32, -32]},
								"down": {"uv": [32, 32], "uv_size": [-32, -32]}
							}
						},
						{
							"origin": [-7, 3, 6],
							"size": [14, 20, 1],
							"uv": {
								"north": {"uv": [0, 0], "uv_size": [32, 32]},
								"east": {"uv": [0, 0], "uv_size": [32, 32]},
								"south": {"uv": [0, 0], "uv_size": [32, 32]},
								"west": {"uv": [0, 0], "uv_size": [32, 32]},
								"up": {"uv": [32, 32], "uv_size": [-32, -32]},
								"down": {"uv": [32, 32], "uv_size": [-32, -32]}
							}
						},
						{
							"origin": [6, 10, -7],
							"size": [1, 13, 1],
							"uv": {
								"north": {"uv": [0, 0], "uv_size": [32, 32]},
								"east": {"uv": [0, 0], "uv_size": [32, 32]},
								"south": {"uv": [0, 0], "uv_size": [32, 32]},
								"west": {"uv": [0, 0], "uv_size": [32, 32]},
								"up": {"uv": [32, 32], "uv_size": [-32, -32]},
								"down": {"uv": [32, 32], "uv_size": [-32, -32]}
							}
						},
						{
							"origin": [-7, 10, -7],
							"size": [1, 13, 1],
							"uv": {
								"north": {"uv": [0, 0], "uv_size": [32, 32]},
								"east": {"uv": [0, 0], "uv_size": [32, 32]},
								"south": {"uv": [0, 0], "uv_size": [32, 32]},
								"west": {"uv": [0, 0], "uv_size": [32, 32]},
								"up": {"uv": [32, 32], "uv_size": [-32, -32]},
								"down": {"uv": [32, 32], "uv_size": [-32, -32]}
							}
						},
						{
							"origin": [-3, 10, -7],
							"size": [1, 11, 1],
							"uv": {
								"north": {"uv": [0, 0], "uv_size": [32, 32]},
								"east": {"uv": [0, 0], "uv_size": [32, 32]},
								"south": {"uv": [0, 0], "uv_size": [32, 32]},
								"west": {"uv": [0, 0], "uv_size": [32, 32]},
								"up": {"uv": [32, 32], "uv_size": [-32, -32]},
								"down": {"uv": [32, 32], "uv_size": [-32, -32]}
							}
						},
						{
							"origin": [-7, 15.7, -8],
							"size": [2, 1.4, 1],
							"uv": {
								"north": {"uv": [0, 32], "uv_size": [32, 32]},
								"east": {"uv": [0, 32], "uv_size": [32, 32]},
								"south": {"uv": [0, 32], "uv_size": [32, 32]},
								"west": {"uv": [0, 32], "uv_size": [32, 32]},
								"up": {"uv": [32, 64], "uv_size": [-32, -32]},
								"down": {"uv": [32, 64], "uv_size": [-32, -32]}
							}
						},
						{
							"origin": [-7, 17, -7.75],
							"size": [0.5, 1, 0.5],
							"uv": {
								"north": {"uv": [32, 32], "uv_size": [32, 32]},
								"east": {"uv": [32, 32], "uv_size": [32, 32]},
								"south": {"uv": [32, 32], "uv_size": [32, 32]},
								"west": {"uv": [32, 32], "uv_size": [32, 32]},
								"up": {"uv": [64, 64], "uv_size": [-32, -32]},
								"down": {"uv": [64, 64], "uv_size": [-32, -32]}
							}
						},
						{
							"origin": [-7, 18, -7.75],
							"size": [2, 0.5, 0.5],
							"uv": {
								"north": {"uv": [32, 32], "uv_size": [32, 32]},
								"east": {"uv": [32, 32], "uv_size": [32, 32]},
								"south": {"uv": [32, 32], "uv_size": [32, 32]},
								"west": {"uv": [32, 32], "uv_size": [32, 32]},
								"up": {"uv": [64, 64], "uv_size": [-32, -32]},
								"down": {"uv": [64, 64], "uv_size": [-32, -32]}
							}
						},
						{
							"origin": [-5.5, 17, -7.75],
							"size": [0.5, 1, 0.5],
							"uv": {
								"north": {"uv": [32, 32], "uv_size": [32, 32]},
								"east": {"uv": [32, 32], "uv_size": [32, 32]},
								"south": {"uv": [32, 32], "uv_size": [32, 32]},
								"west": {"uv": [32, 32], "uv_size": [32, 32]},
								"up": {"uv": [64, 64], "uv_size": [-32, -32]},
								"down": {"uv": [64, 64], "uv_size": [-32, -32]}
							}
						},
						{
							"origin": [2, 10, -7],
							"size": [1, 11, 1],
							"uv": {
								"north": {"uv": [0, 0], "uv_size": [32, 32]},
								"east": {"uv": [0, 0], "uv_size": [32, 32]},
								"south": {"uv": [0, 0], "uv_size": [32, 32]},
								"west": {"uv": [0, 0], "uv_size": [32, 32]},
								"up": {"uv": [32, 32], "uv_size": [-32, -32]},
								"down": {"uv": [32, 32], "uv_size": [-32, -32]}
							}
						},
						{
							"origin": [-7, 10, -4],
							"size": [1, 13, 1],
							"uv": {
								"north": {"uv": [0, 0], "uv_size": [32, 32]},
								"east": {"uv": [0, 0], "uv_size": [32, 32]},
								"south": {"uv": [0, 0], "uv_size": [32, 32]},
								"west": {"uv": [0, 0], "uv_size": [32, 32]},
								"up": {"uv": [32, 32], "uv_size": [-32, -32]},
								"down": {"uv": [32, 32], "uv_size": [-32, -32]}
							}
						},
						{
							"origin": [6, 10, -4],
							"size": [1, 13, 1],
							"uv": {
								"north": {"uv": [0, 0], "uv_size": [32, 32]},
								"east": {"uv": [0, 0], "uv_size": [32, 32]},
								"south": {"uv": [0, 0], "uv_size": [32, 32]},
								"west": {"uv": [0, 0], "uv_size": [32, 32]},
								"up": {"uv": [32, 32], "uv_size": [-32, -32]},
								"down": {"uv": [32, 32], "uv_size": [-32, -32]}
							}
						},
						{
							"origin": [-7, 10, -0.5],
							"size": [1, 13, 1],
							"uv": {
								"north": {"uv": [0, 0], "uv_size": [32, 32]},
								"east": {"uv": [0, 0], "uv_size": [32, 32]},
								"south": {"uv": [0, 0], "uv_size": [32, 32]},
								"west": {"uv": [0, 0], "uv_size": [32, 32]},
								"up": {"uv": [32, 32], "uv_size": [-32, -32]},
								"down": {"uv": [32, 32], "uv_size": [-32, -32]}
							}
						},
						{
							"origin": [6, 10, -0.5],
							"size": [1, 13, 1],
							"uv": {
								"north": {"uv": [0, 0], "uv_size": [32, 32]},
								"east": {"uv": [0, 0], "uv_size": [32, 32]},
								"south": {"uv": [0, 0], "uv_size": [32, 32]},
								"west": {"uv": [0, 0], "uv_size": [32, 32]},
								"up": {"uv": [32, 32], "uv_size": [-32, -32]},
								"down": {"uv": [32, 32], "uv_size": [-32, -32]}
							}
						},
						{
							"origin": [-7, 10, 3],
							"size": [1, 13, 1],
							"uv": {
								"north": {"uv": [0, 0], "uv_size": [32, 32]},
								"east": {"uv": [0, 0], "uv_size": [32, 32]},
								"south": {"uv": [0, 0], "uv_size": [32, 32]},
								"west": {"uv": [0, 0], "uv_size": [32, 32]},
								"up": {"uv": [32, 32], "uv_size": [-32, -32]},
								"down": {"uv": [32, 32], "uv_size": [-32, -32]}
							}
						},
						{
							"origin": [6, 10, 3],
							"size": [1, 13, 1],
							"uv": {
								"north": {"uv": [0, 0], "uv_size": [32, 32]},
								"east": {"uv": [0, 0], "uv_size": [32, 32]},
								"south": {"uv": [0, 0], "uv_size": [32, 32]},
								"west": {"uv": [0, 0], "uv_size": [32, 32]},
								"up": {"uv": [32, 32], "uv_size": [-32, -32]},
								"down": {"uv": [32, 32], "uv_size": [-32, -32]}
							}
						},
						{
							"origin": [-2, 4, -7],
							"size": [4, 4, 1],
							"uv": {
								"north": {"uv": [0, 0], "uv_size": [32, 32]},
								"east": {"uv": [0, 0], "uv_size": [32, 32]},
								"south": {"uv": [0, 0], "uv_size": [32, 32]},
								"west": {"uv": [0, 0], "uv_size": [32, 32]},
								"up": {"uv": [32, 32], "uv_size": [-32, -32]},
								"down": {"uv": [32, 32], "uv_size": [-32, -32]}
							}
						},
						{
							"origin": [-6, 3, 6],
							"size": [12, 1, 1],
							"uv": {
								"north": {"uv": [0, 0], "uv_size": [32, 32]},
								"east": {"uv": [0, 0], "uv_size": [32, 32]},
								"south": {"uv": [0, 0], "uv_size": [32, 32]},
								"west": {"uv": [0, 0], "uv_size": [32, 32]},
								"up": {"uv": [32, 32], "uv_size": [-32, -32]},
								"down": {"uv": [32, 32], "uv_size": [-32, -32]}
							}
						},
						{
							"origin": [-6, 3, -6],
							"size": [12, 1, 12],
							"uv": {
								"north": {"uv": [32, 32], "uv_size": [32, 32]},
								"east": {"uv": [32, 32], "uv_size": [32, 32]},
								"south": {"uv": [32, 32], "uv_size": [32, 32]},
								"west": {"uv": [32, 32], "uv_size": [32, 32]},
								"up": {"uv": [64, 64], "uv_size": [-32, -32]},
								"down": {"uv": [64, 64], "uv_size": [-32, -32]}
							}
						},
						{
							"origin": [-7, 23, -7],
							"size": [14, 1, 14],
							"uv": {
								"north": {"uv": [32, 32], "uv_size": [32, 32]},
								"east": {"uv": [32, 32], "uv_size": [32, 32]},
								"south": {"uv": [32, 32], "uv_size": [32, 32]},
								"west": {"uv": [32, 32], "uv_size": [32, 32]},
								"up": {"uv": [64, 64], "uv_size": [-32, -32]},
								"down": {"uv": [64, 64], "uv_size": [-32, -32]}
							}
						}
					]
				},
				{
					"name": "head",
					"parent": "Kbody",
					"pivot": [0, 24, 0]
				},
				{
					"name": "hat",
					"parent": "head",
					"pivot": [0, 24, 0]
				},
				{
					"name": "jacket",
					"parent": "Kbody",
					"pivot": [0, 12, 0]
				},
				{
					"name": "RightArmUp",
					"parent": "Kbody",
					"pivot": [-6, 22, 0]
				},
				{
					"name": "RightArmDown",
					"parent": "RightArmUp",
					"pivot": [-6, 18, 2]
				},
				{
					"name": "rightItem",
					"parent": "RightArmDown",
					"pivot": [-6, 15, 1]
				},
				{
					"name": "Item",
					"parent": "RightArmDown",
					"pivot": [-6, 18, 2]
				},
				{
					"name": "cItem",
					"parent": "RightArmDown",
					"pivot": [-6, 15, 1]
				},
				{
					"name": "LeftArmUp",
					"parent": "Kbody",
					"pivot": [6, 22, 0]
				},
				{
					"name": "LeftArmDown",
					"parent": "LeftArmUp",
					"pivot": [6, 18, 2]
				},
				{
					"name": "LeftItem",
					"parent": "LeftArmDown",
					"pivot": [6, 15, 1]
				},
				{
					"name": "LItem",
					"parent": "LeftArmDown",
					"pivot": [6, 15, 1]
				},
				{
					"name": "KLegs",
					"parent": "Kroot",
					"pivot": [0, 12, 0]
				},
				{
					"name": "RightLegUp",
					"parent": "KLegs",
					"pivot": [-1.9, 12, 0]
				},
				{
					"name": "RightLegDown",
					"parent": "RightLegUp",
					"pivot": [-1.9, 6, -2]
				},
				{
					"name": "LeftLegUp",
					"parent": "KLegs",
					"pivot": [1.9, 12, 0]
				},
				{
					"name": "LeftLegDown",
					"parent": "LeftLegUp",
					"pivot": [1.9, 6, -2]
				}
			]
		}
	]
}