{
	"format_version": "1.12.0",
	"minecraft:geometry": [
		{
			"description": {
				"identifier": "geometry.charlie_call",
				"texture_width": 64,
				"texture_height": 64,
				"visible_bounds_width": 4,
				"visible_bounds_height": 5.5,
				"visible_bounds_offset": [0, 1.25, 0]
			},
			"bones": [
				{
					"name": "root0",
					"pivot": [0, 0, 0]
				},
				{
					"name": "root2",
					"parent": "root0",
					"pivot": [0, 10, 0]
				},
				{
					"name": "root1",
					"parent": "root2",
					"pivot": [0, 30, 0]
				},
				{
					"name": "Kroot",
					"parent": "root1",
					"pivot": [0, 20, 0]
				},
				{
					"name": "Kwaist",
					"parent": "Kroot",
					"pivot": [0, 12, 0]
				},
				{
					"name": "body0",
					"parent": "Kwaist",
					"pivot": [0, 24, 0]
				},
				{
					"name": "Kbody",
					"parent": "body0",
					"pivot": [0, 12, 0],
					"cubes": [
						{
							"origin": [17, 9, -2],
							"size": [4, 4, 4],
							"pivot": [0, 0, 0],
							"rotation": [0, 0, -45],
							"uv": {
								"north": {"uv": [0, 56], "uv_size": [13, 8]},
								"east": {"uv": [0, 56], "uv_size": [13, 8]},
								"south": {"uv": [0, 56], "uv_size": [13, 8]},
								"west": {"uv": [0, 56], "uv_size": [13, 8]},
								"up": {"uv": [13, 64], "uv_size": [-13, -8]},
								"down": {"uv": [13, 64], "uv_size": [-13, -8]}
							}
						},
						{
							"origin": [-21, 9, -2],
							"size": [4, 4, 4],
							"pivot": [0, 0, 0],
							"rotation": [0, 0, 45],
							"uv": {
								"north": {"uv": [0, 56], "uv_size": [13, 8]},
								"east": {"uv": [0, 56], "uv_size": [13, 8]},
								"south": {"uv": [0, 56], "uv_size": [13, 8]},
								"west": {"uv": [0, 56], "uv_size": [13, 8]},
								"up": {"uv": [13, 64], "uv_size": [-13, -8]},
								"down": {"uv": [13, 64], "uv_size": [-13, -8]}
							}
						},
						{
							"origin": [-5, 12, -4],
							"size": [10, 11, 8],
							"uv": {
								"north": {"uv": [13, 56], "uv_size": [13, 8]},
								"east": {"uv": [13, 56], "uv_size": [13, 8]},
								"south": {"uv": [13, 56], "uv_size": [13, 8]},
								"west": {"uv": [13, 56], "uv_size": [13, 8]},
								"up": {"uv": [26, 64], "uv_size": [-13, -8]},
								"down": {"uv": [26, 64], "uv_size": [-13, -8]}
							}
						},
						{
							"origin": [-3, 23, -3],
							"size": [6, 1, 6],
							"uv": {
								"north": {"uv": [0, 56], "uv_size": [13, 8]},
								"east": {"uv": [0, 56], "uv_size": [13, 8]},
								"south": {"uv": [0, 56], "uv_size": [13, 8]},
								"west": {"uv": [0, 56], "uv_size": [13, 8]},
								"up": {"uv": [13, 64], "uv_size": [-13, -8]},
								"down": {"uv": [13, 64], "uv_size": [-13, -8]}
							}
						},
						{
							"origin": [-2, 24, -2],
							"size": [4, 2, 4],
							"uv": {
								"north": {"uv": [56, 28], "uv_size": [8, 26]},
								"east": {"uv": [56, 28], "uv_size": [8, 26]},
								"south": {"uv": [56, 28], "uv_size": [8, 26]},
								"west": {"uv": [56, 28], "uv_size": [8, 26]},
								"up": {"uv": [64, 54], "uv_size": [-8, -26]},
								"down": {"uv": [64, 54], "uv_size": [-8, -26]}
							}
						}
					]
				},
				{
					"name": "head",
					"parent": "Kbody",
					"pivot": [0, 24, 0],
					"cubes": [
						{
							"origin": [-3.5, 25, -3.5],
							"size": [7, 7, 7],
							"uv": {
								"north": {"uv": [0, 0], "uv_size": [26, 26]},
								"east": {"uv": [0, 28], "uv_size": [26, 26]},
								"south": {"uv": [28, 0], "uv_size": [26, 26]},
								"west": {"uv": [28, 28], "uv_size": [26, 26]},
								"up": {"uv": [54, 20], "uv_size": [-26, -20]},
								"down": {"uv": [64, 54], "uv_size": [-8, -26]}
							}
						}
					]
				},
				{
					"name": "hat",
					"parent": "head",
					"pivot": [0, 24, 0]
				},
				{
					"name": "jacket",
					"parent": "Kbody",
					"pivot": [0, 12, 0]
				},
				{
					"name": "RightArmUp",
					"parent": "Kbody",
					"pivot": [-7, 22, 0],
					"rotation": [0, 0, 135],
					"cubes": [
						{
							"origin": [-9, 17.5, -1.75],
							"size": [3.5, 4, 3.5],
							"uv": {
								"north": {"uv": [56, 28], "uv_size": [8, 26]},
								"east": {"uv": [56, 28], "uv_size": [8, 26]},
								"south": {"uv": [56, 28], "uv_size": [8, 26]},
								"west": {"uv": [56, 28], "uv_size": [8, 26]},
								"up": {"uv": [64, 54], "uv_size": [-8, -26]},
								"down": {"uv": [64, 54], "uv_size": [-8, -26]}
							}
						}
					]
				},
				{
					"name": "RightArmDown",
					"parent": "RightArmUp",
					"pivot": [-5, 19, -2],
					"rotation": [-180, 0, -90],
					"cubes": [
						{
							"origin": [-7, 14.5, -5.75],
							"size": [3.5, 4, 3.5],
							"uv": {
								"north": {"uv": [56, 28], "uv_size": [8, 26]},
								"east": {"uv": [56, 28], "uv_size": [8, 26]},
								"south": {"uv": [56, 28], "uv_size": [8, 26]},
								"west": {"uv": [56, 28], "uv_size": [8, 26]},
								"up": {"uv": [64, 54], "uv_size": [-8, -26]},
								"down": {"uv": [64, 54], "uv_size": [-8, -26]}
							}
						},
						{
							"origin": [-6.5, 13.5, -7.5],
							"size": [2, 1, 7],
							"uv": {
								"north": {"uv": [56, 0], "uv_size": [8, 26]},
								"east": {"uv": [56, 0], "uv_size": [8, 26]},
								"south": {"uv": [56, 0], "uv_size": [8, 26]},
								"west": {"uv": [56, 0], "uv_size": [8, 26]},
								"up": {"uv": [64, 26], "uv_size": [-8, -26]},
								"down": {"uv": [64, 26], "uv_size": [-8, -26]}
							}
						},
						{
							"origin": [-6.5, 12.5, -7.5],
							"size": [2, 1, 2],
							"uv": {
								"north": {"uv": [56, 0], "uv_size": [8, 26]},
								"east": {"uv": [56, 0], "uv_size": [8, 26]},
								"south": {"uv": [56, 0], "uv_size": [8, 26]},
								"west": {"uv": [56, 0], "uv_size": [8, 26]},
								"up": {"uv": [64, 26], "uv_size": [-8, -26]},
								"down": {"uv": [64, 26], "uv_size": [-8, -26]}
							}
						},
						{
							"origin": [-6.5, 12.5, -2.5],
							"size": [2, 1, 2],
							"uv": {
								"north": {"uv": [56, 0], "uv_size": [8, 26]},
								"east": {"uv": [56, 0], "uv_size": [8, 26]},
								"south": {"uv": [56, 0], "uv_size": [8, 26]},
								"west": {"uv": [56, 0], "uv_size": [8, 26]},
								"up": {"uv": [64, 26], "uv_size": [-8, -26]},
								"down": {"uv": [64, 26], "uv_size": [-8, -26]}
							}
						},
						{
							"origin": [-4, 11.5, -10.5],
							"size": [0.5, 2, 0.5],
							"pivot": [1, 1, -4],
							"rotation": [-20, 0, 0],
							"uv": {
								"north": {"uv": [56, 28], "uv_size": [8, 26]},
								"east": {"uv": [56, 28], "uv_size": [8, 26]},
								"south": {"uv": [56, 28], "uv_size": [8, 26]},
								"west": {"uv": [56, 28], "uv_size": [8, 26]},
								"up": {"uv": [64, 54], "uv_size": [-8, -26]},
								"down": {"uv": [64, 54], "uv_size": [-8, -26]}
							}
						},
						{
							"origin": [-7, 12.5, -5.75],
							"size": [0.5, 2, 3.5],
							"uv": {
								"north": {"uv": [56, 28], "uv_size": [8, 26]},
								"east": {"uv": [56, 28], "uv_size": [8, 26]},
								"south": {"uv": [56, 28], "uv_size": [8, 26]},
								"west": {"uv": [56, 28], "uv_size": [8, 26]},
								"up": {"uv": [64, 54], "uv_size": [-8, -26]},
								"down": {"uv": [64, 54], "uv_size": [-8, -26]}
							}
						},
						{
							"origin": [-2.5, 12.55, -5.75],
							"size": [0.5, 2, 0.5],
							"pivot": [1, 1, -4],
							"rotation": [0, 0, -20],
							"uv": {
								"north": {"uv": [56, 28], "uv_size": [8, 26]},
								"east": {"uv": [56, 28], "uv_size": [8, 26]},
								"south": {"uv": [56, 28], "uv_size": [8, 26]},
								"west": {"uv": [56, 28], "uv_size": [8, 26]},
								"up": {"uv": [64, 54], "uv_size": [-8, -26]},
								"down": {"uv": [64, 54], "uv_size": [-8, -26]}
							}
						},
						{
							"origin": [-2.5, 12.55, -2.75],
							"size": [0.5, 2, 0.5],
							"pivot": [1, 1, -4],
							"rotation": [0, 0, -20],
							"uv": {
								"north": {"uv": [56, 28], "uv_size": [8, 26]},
								"east": {"uv": [56, 28], "uv_size": [8, 26]},
								"south": {"uv": [56, 28], "uv_size": [8, 26]},
								"west": {"uv": [56, 28], "uv_size": [8, 26]},
								"up": {"uv": [64, 54], "uv_size": [-8, -26]},
								"down": {"uv": [64, 54], "uv_size": [-8, -26]}
							}
						},
						{
							"origin": [-2.5, 12.55, -3.75],
							"size": [0.5, 2, 0.5],
							"pivot": [1, 1, -4],
							"rotation": [0, 0, -20],
							"uv": {
								"north": {"uv": [56, 28], "uv_size": [8, 26]},
								"east": {"uv": [56, 28], "uv_size": [8, 26]},
								"south": {"uv": [56, 28], "uv_size": [8, 26]},
								"west": {"uv": [56, 28], "uv_size": [8, 26]},
								"up": {"uv": [64, 54], "uv_size": [-8, -26]},
								"down": {"uv": [64, 54], "uv_size": [-8, -26]}
							}
						},
						{
							"origin": [-2.5, 12.55, -4.75],
							"size": [0.5, 2, 0.5],
							"pivot": [1, 1, -4],
							"rotation": [0, 0, -20],
							"uv": {
								"north": {"uv": [56, 28], "uv_size": [8, 26]},
								"east": {"uv": [56, 28], "uv_size": [8, 26]},
								"south": {"uv": [56, 28], "uv_size": [8, 26]},
								"west": {"uv": [56, 28], "uv_size": [8, 26]},
								"up": {"uv": [64, 54], "uv_size": [-8, -26]},
								"down": {"uv": [64, 54], "uv_size": [-8, -26]}
							}
						}
					]
				},
				{
					"name": "rightItem",
					"parent": "RightArmDown",
					"pivot": [-5, 16, -3]
				},
				{
					"name": "Item",
					"parent": "RightArmDown",
					"pivot": [-5, 19, -2]
				},
				{
					"name": "cItem",
					"parent": "RightArmDown",
					"pivot": [-5, 16, -3]
				},
				{
					"name": "LeftArmUp",
					"parent": "Kbody",
					"pivot": [6, 22, 0],
					"cubes": [
						{
							"origin": [4.5, 17.5, -1.75],
							"size": [3.5, 4, 3.5],
							"uv": {
								"north": {"uv": [56, 28], "uv_size": [8, 26]},
								"east": {"uv": [56, 28], "uv_size": [8, 26]},
								"south": {"uv": [56, 28], "uv_size": [8, 26]},
								"west": {"uv": [56, 28], "uv_size": [8, 26]},
								"up": {"uv": [64, 54], "uv_size": [-8, -26]},
								"down": {"uv": [64, 54], "uv_size": [-8, -26]}
							}
						}
					]
				},
				{
					"name": "LeftArmDown",
					"parent": "LeftArmUp",
					"pivot": [6, 18, 2],
					"cubes": [
						{
							"origin": [4.5, 13.5, -1.75],
							"size": [3.5, 4, 3.5],
							"uv": {
								"north": {"uv": [56, 28], "uv_size": [8, 26]},
								"east": {"uv": [56, 28], "uv_size": [8, 26]},
								"south": {"uv": [56, 28], "uv_size": [8, 26]},
								"west": {"uv": [56, 28], "uv_size": [8, 26]},
								"up": {"uv": [64, 54], "uv_size": [-8, -26]},
								"down": {"uv": [64, 54], "uv_size": [-8, -26]}
							}
						},
						{
							"origin": [4.5, 10.5, -5.5],
							"size": [0.5, 2, 0.5],
							"pivot": [0, 0, 0],
							"rotation": [-15, 0, 0],
							"uv": {
								"north": {"uv": [56, 28], "uv_size": [8, 26]},
								"east": {"uv": [56, 28], "uv_size": [8, 26]},
								"south": {"uv": [56, 28], "uv_size": [8, 26]},
								"west": {"uv": [56, 28], "uv_size": [8, 26]},
								"up": {"uv": [64, 54], "uv_size": [-8, -26]},
								"down": {"uv": [64, 54], "uv_size": [-8, -26]}
							}
						},
						{
							"origin": [7.5, 11.5, -1.75],
							"size": [0.5, 2, 3.5],
							"uv": {
								"north": {"uv": [56, 28], "uv_size": [8, 26]},
								"east": {"uv": [56, 28], "uv_size": [8, 26]},
								"south": {"uv": [56, 28], "uv_size": [8, 26]},
								"west": {"uv": [56, 28], "uv_size": [8, 26]},
								"up": {"uv": [64, 54], "uv_size": [-8, -26]},
								"down": {"uv": [64, 54], "uv_size": [-8, -26]}
							}
						},
						{
							"origin": [3, 11.5, -1.75],
							"size": [0.5, 2, 0.5],
							"pivot": [0, 0, 0],
							"rotation": [0, 0, 20],
							"uv": {
								"north": {"uv": [56, 28], "uv_size": [8, 26]},
								"east": {"uv": [56, 28], "uv_size": [8, 26]},
								"south": {"uv": [56, 28], "uv_size": [8, 26]},
								"west": {"uv": [56, 28], "uv_size": [8, 26]},
								"up": {"uv": [64, 54], "uv_size": [-8, -26]},
								"down": {"uv": [64, 54], "uv_size": [-8, -26]}
							}
						},
						{
							"origin": [3, 11.5, -0.75],
							"size": [0.5, 2, 0.5],
							"pivot": [0, 0, 0],
							"rotation": [0, 0, 20],
							"uv": {
								"north": {"uv": [56, 28], "uv_size": [8, 26]},
								"east": {"uv": [56, 28], "uv_size": [8, 26]},
								"south": {"uv": [56, 28], "uv_size": [8, 26]},
								"west": {"uv": [56, 28], "uv_size": [8, 26]},
								"up": {"uv": [64, 54], "uv_size": [-8, -26]},
								"down": {"uv": [64, 54], "uv_size": [-8, -26]}
							}
						},
						{
							"origin": [3, 11.5, 0.25],
							"size": [0.5, 2, 0.5],
							"pivot": [0, 0, 0],
							"rotation": [0, 0, 20],
							"uv": {
								"north": {"uv": [56, 28], "uv_size": [8, 26]},
								"east": {"uv": [56, 28], "uv_size": [8, 26]},
								"south": {"uv": [56, 28], "uv_size": [8, 26]},
								"west": {"uv": [56, 28], "uv_size": [8, 26]},
								"up": {"uv": [64, 54], "uv_size": [-8, -26]},
								"down": {"uv": [64, 54], "uv_size": [-8, -26]}
							}
						},
						{
							"origin": [3, 11.5, 1.25],
							"size": [0.5, 2, 0.5],
							"pivot": [0, 0, 0],
							"rotation": [0, 0, 20],
							"uv": {
								"north": {"uv": [56, 28], "uv_size": [8, 26]},
								"east": {"uv": [56, 28], "uv_size": [8, 26]},
								"south": {"uv": [56, 28], "uv_size": [8, 26]},
								"west": {"uv": [56, 28], "uv_size": [8, 26]},
								"up": {"uv": [64, 54], "uv_size": [-8, -26]},
								"down": {"uv": [64, 54], "uv_size": [-8, -26]}
							}
						}
					]
				},
				{
					"name": "LeftItem",
					"parent": "LeftArmDown",
					"pivot": [6, 15, 1]
				},
				{
					"name": "LItem",
					"parent": "LeftArmDown",
					"pivot": [6, 15, 1]
				},
				{
					"name": "KLegs",
					"parent": "Kroot",
					"pivot": [0, 12, 0]
				},
				{
					"name": "RightLegUp",
					"parent": "KLegs",
					"pivot": [-1.9, 12, 0],
					"cubes": [
						{
							"origin": [-5, 7, -2],
							"size": [4, 6, 4],
							"inflate": 0.03,
							"uv": {
								"north": {"uv": [28, 56], "uv_size": [26, 8]},
								"east": {"uv": [28, 56], "uv_size": [26, 8]},
								"south": {"uv": [28, 56], "uv_size": [26, 8]},
								"west": {"uv": [28, 56], "uv_size": [26, 8]},
								"up": {"uv": [54, 64], "uv_size": [-26, -8]},
								"down": {"uv": [54, 64], "uv_size": [-26, -8]}
							}
						},
						{
							"origin": [-5, 9, -3],
							"size": [10, 3, 6],
							"inflate": 0.03,
							"uv": {
								"north": {"uv": [28, 56], "uv_size": [26, 8]},
								"east": {"uv": [28, 56], "uv_size": [26, 8]},
								"south": {"uv": [28, 56], "uv_size": [26, 8]},
								"west": {"uv": [28, 56], "uv_size": [26, 8]},
								"up": {"uv": [54, 64], "uv_size": [-26, -8]},
								"down": {"uv": [54, 64], "uv_size": [-26, -8]}
							}
						}
					]
				},
				{
					"name": "RightLegDown",
					"parent": "RightLegUp",
					"pivot": [-1.9, 6, -2],
					"cubes": [
						{
							"origin": [-5, 0, -2],
							"size": [4, 3, 4],
							"inflate": 0.03,
							"uv": {
								"north": {"uv": [56, 0], "uv_size": [8, 26]},
								"east": {"uv": [56, 0], "uv_size": [8, 26]},
								"south": {"uv": [56, 0], "uv_size": [8, 26]},
								"west": {"uv": [56, 0], "uv_size": [8, 26]},
								"up": {"uv": [64, 26], "uv_size": [-8, -26]},
								"down": {"uv": [64, 26], "uv_size": [-8, -26]}
							}
						},
						{
							"origin": [-4.75, 3, -1.75],
							"size": [3.5, 4, 3.5],
							"inflate": 0.03,
							"uv": {
								"north": {"uv": [56, 28], "uv_size": [8, 26]},
								"east": {"uv": [56, 28], "uv_size": [8, 26]},
								"south": {"uv": [56, 28], "uv_size": [8, 26]},
								"west": {"uv": [56, 28], "uv_size": [8, 26]},
								"up": {"uv": [64, 54], "uv_size": [-8, -26]},
								"down": {"uv": [64, 54], "uv_size": [-8, -26]}
							}
						},
						{
							"origin": [-5, 1, -4],
							"size": [4, 2, 4],
							"inflate": 0.03,
							"pivot": [0, 0, 0],
							"rotation": [20, 0, 0],
							"uv": {
								"north": {"uv": [56, 0], "uv_size": [8, 26]},
								"east": {"uv": [56, 0], "uv_size": [8, 26]},
								"south": {"uv": [56, 0], "uv_size": [8, 26]},
								"west": {"uv": [56, 0], "uv_size": [8, 26]},
								"up": {"uv": [64, 26], "uv_size": [-8, -26]},
								"down": {"uv": [64, 26], "uv_size": [-8, -26]}
							}
						}
					]
				},
				{
					"name": "LeftLegUp",
					"parent": "KLegs",
					"pivot": [1.9, 12, 0],
					"cubes": [
						{
							"origin": [1, 7, -2],
							"size": [4, 6, 4],
							"inflate": 0.03,
							"uv": {
								"north": {"uv": [54, 64], "uv_size": [-26, -8]},
								"east": {"uv": [54, 64], "uv_size": [-26, -8]},
								"south": {"uv": [54, 64], "uv_size": [-26, -8]},
								"west": {"uv": [54, 64], "uv_size": [-26, -8]},
								"up": {"uv": [28, 56], "uv_size": [26, 8]},
								"down": {"uv": [28, 56], "uv_size": [26, 8]}
							}
						},
						{
							"origin": [-5, 9, -3],
							"size": [10, 3, 6],
							"inflate": 0.03,
							"uv": {
								"north": {"uv": [54, 64], "uv_size": [-26, -8]},
								"east": {"uv": [54, 64], "uv_size": [-26, -8]},
								"south": {"uv": [54, 64], "uv_size": [-26, -8]},
								"west": {"uv": [54, 64], "uv_size": [-26, -8]},
								"up": {"uv": [28, 56], "uv_size": [26, 8]},
								"down": {"uv": [28, 56], "uv_size": [26, 8]}
							}
						}
					]
				},
				{
					"name": "LeftLegDown",
					"parent": "LeftLegUp",
					"pivot": [1.9, 6, -2],
					"cubes": [
						{
							"origin": [1, 0, -2],
							"size": [4, 3, 4],
							"inflate": 0.03,
							"uv": {
								"north": {"uv": [56, 0], "uv_size": [8, 26]},
								"east": {"uv": [56, 0], "uv_size": [8, 26]},
								"south": {"uv": [56, 0], "uv_size": [8, 26]},
								"west": {"uv": [56, 0], "uv_size": [8, 26]},
								"up": {"uv": [64, 26], "uv_size": [-8, -26]},
								"down": {"uv": [64, 26], "uv_size": [-8, -26]}
							}
						},
						{
							"origin": [1.25, 3, -1.75],
							"size": [3.5, 4, 3.5],
							"inflate": 0.03,
							"uv": {
								"north": {"uv": [56, 28], "uv_size": [8, 26]},
								"east": {"uv": [56, 28], "uv_size": [8, 26]},
								"south": {"uv": [56, 28], "uv_size": [8, 26]},
								"west": {"uv": [56, 28], "uv_size": [8, 26]},
								"up": {"uv": [64, 54], "uv_size": [-8, -26]},
								"down": {"uv": [64, 54], "uv_size": [-8, -26]}
							}
						},
						{
							"origin": [1, 1, -4],
							"size": [4, 2, 3],
							"inflate": 0.03,
							"pivot": [0, 0, 0],
							"rotation": [20, 0, 0],
							"uv": {
								"north": {"uv": [56, 0], "uv_size": [8, 26]},
								"east": {"uv": [56, 0], "uv_size": [8, 26]},
								"south": {"uv": [56, 0], "uv_size": [8, 26]},
								"west": {"uv": [56, 0], "uv_size": [8, 26]},
								"up": {"uv": [64, 26], "uv_size": [-8, -26]},
								"down": {"uv": [64, 26], "uv_size": [-8, -26]}
							}
						}
					]
				}
			]
		}
	]
}