{
	"format_version": "1.12.0",
	"minecraft:geometry": [
		{
			"description": {
				"identifier": "geometry.gas",
				"texture_width": 32,
				"texture_height": 32,
				"visible_bounds_width": 3,
				"visible_bounds_height": 3.5,
				"visible_bounds_offset": [0, 1.25, 0]
			},
			"bones": [
				{
					"name": "rightitem",
					"pivot": [0, 5, 0],
					"rotation": [90, 90, 0],
					"cubes": [
						{
							"origin": [-2, 12, 7],
							"size": [6, 1, 3],
							"uv": {
								"north": {"uv": [0, 0], "uv_size": [14, 14]},
								"east": {"uv": [0, 0], "uv_size": [14, 14]},
								"south": {"uv": [0, 0], "uv_size": [14, 14]},
								"west": {"uv": [0, 0], "uv_size": [14, 14]},
								"up": {"uv": [14, 14], "uv_size": [-14, -14]},
								"down": {"uv": [14, 14], "uv_size": [-14, -14]}
							}
						},
						{
							"origin": [-2, 11, 8],
							"size": [6, 1, 2],
							"uv": {
								"north": {"uv": [0, 0], "uv_size": [14, 14]},
								"east": {"uv": [0, 0], "uv_size": [14, 14]},
								"south": {"uv": [0, 0], "uv_size": [14, 14]},
								"west": {"uv": [0, 0], "uv_size": [14, 14]},
								"up": {"uv": [14, 14], "uv_size": [-14, -14]},
								"down": {"uv": [14, 14], "uv_size": [-14, -14]}
							}
						},
						{
							"origin": [-2, 6, 9],
							"size": [6, 5, 1],
							"uv": {
								"north": {"uv": [0, 0], "uv_size": [14, 14]},
								"east": {"uv": [0, 0], "uv_size": [14, 14]},
								"south": {"uv": [0, 0], "uv_size": [14, 14]},
								"west": {"uv": [0, 0], "uv_size": [14, 14]},
								"up": {"uv": [14, 14], "uv_size": [-14, -14]},
								"down": {"uv": [14, 14], "uv_size": [-14, -14]}
							}
						},
						{
							"origin": [-2, 4, 7],
							"size": [6, 1, 3],
							"uv": {
								"north": {"uv": [0, 0], "uv_size": [14, 14]},
								"east": {"uv": [0, 0], "uv_size": [14, 14]},
								"south": {"uv": [0, 0], "uv_size": [14, 14]},
								"west": {"uv": [0, 0], "uv_size": [14, 14]},
								"up": {"uv": [14, 14], "uv_size": [-14, -14]},
								"down": {"uv": [14, 14], "uv_size": [-14, -14]}
							}
						},
						{
							"origin": [-2, 5, 8],
							"size": [6, 1, 2],
							"uv": {
								"north": {"uv": [0, 0], "uv_size": [14, 14]},
								"east": {"uv": [0, 0], "uv_size": [14, 14]},
								"south": {"uv": [0, 0], "uv_size": [14, 14]},
								"west": {"uv": [0, 0], "uv_size": [14, 14]},
								"up": {"uv": [14, 14], "uv_size": [-14, -14]},
								"down": {"uv": [14, 14], "uv_size": [-14, -14]}
							}
						},
						{
							"origin": [-2, 12, -3],
							"size": [6, 1, 3],
							"uv": {
								"north": {"uv": [0, 18], "uv_size": [14, 14]},
								"east": {"uv": [0, 18], "uv_size": [14, 14]},
								"south": {"uv": [0, 18], "uv_size": [14, 14]},
								"west": {"uv": [0, 18], "uv_size": [14, 14]},
								"up": {"uv": [14, 32], "uv_size": [-14, -14]},
								"down": {"uv": [14, 32], "uv_size": [-14, -14]}
							}
						},
						{
							"origin": [-2, 4, -3],
							"size": [6, 1, 3],
							"uv": {
								"north": {"uv": [0, 18], "uv_size": [14, 14]},
								"east": {"uv": [0, 18], "uv_size": [14, 14]},
								"south": {"uv": [0, 18], "uv_size": [14, 14]},
								"west": {"uv": [0, 18], "uv_size": [14, 14]},
								"up": {"uv": [14, 32], "uv_size": [-14, -14]},
								"down": {"uv": [14, 32], "uv_size": [-14, -14]}
							}
						},
						{
							"origin": [-2, 5, -3],
							"size": [6, 1, 2],
							"uv": {
								"north": {"uv": [0, 18], "uv_size": [14, 14]},
								"east": {"uv": [0, 18], "uv_size": [14, 14]},
								"south": {"uv": [0, 18], "uv_size": [14, 14]},
								"west": {"uv": [0, 18], "uv_size": [14, 14]},
								"up": {"uv": [14, 32], "uv_size": [-14, -14]},
								"down": {"uv": [14, 32], "uv_size": [-14, -14]}
							}
						},
						{
							"origin": [-2, 11, -3],
							"size": [6, 1, 2],
							"uv": {
								"north": {"uv": [0, 18], "uv_size": [14, 14]},
								"east": {"uv": [0, 18], "uv_size": [14, 14]},
								"south": {"uv": [0, 18], "uv_size": [14, 14]},
								"west": {"uv": [0, 18], "uv_size": [14, 14]},
								"up": {"uv": [14, 32], "uv_size": [-14, -14]},
								"down": {"uv": [14, 32], "uv_size": [-14, -14]}
							}
						},
						{
							"origin": [-2, 6, -3],
							"size": [6, 5, 1],
							"uv": {
								"north": {"uv": [0, 18], "uv_size": [14, 14]},
								"east": {"uv": [0, 18], "uv_size": [14, 14]},
								"south": {"uv": [0, 18], "uv_size": [14, 14]},
								"west": {"uv": [0, 18], "uv_size": [14, 14]},
								"up": {"uv": [14, 32], "uv_size": [-14, -14]},
								"down": {"uv": [14, 32], "uv_size": [-14, -14]}
							}
						},
						{
							"origin": [-2, 4, 0],
							"size": [6, 9, 7],
							"uv": {
								"north": {"uv": [18, 0], "uv_size": [14, 14]},
								"east": {"uv": [18, 0], "uv_size": [14, 14]},
								"south": {"uv": [18, 0], "uv_size": [14, 14]},
								"west": {"uv": [18, 0], "uv_size": [14, 14]},
								"up": {"uv": [32, 14], "uv_size": [-14, -14]},
								"down": {"uv": [32, 14], "uv_size": [-14, -14]}
							}
						},
						{
							"origin": [4, 8, 0],
							"size": [0.5, 1, 7],
							"pivot": [4.25, 8.5, 3.5],
							"rotation": [45, 0, 0],
							"uv": {
								"north": {"uv": [0, 18], "uv_size": [14, 14]},
								"east": {"uv": [0, 18], "uv_size": [14, 14]},
								"south": {"uv": [0, 18], "uv_size": [14, 14]},
								"west": {"uv": [0, 18], "uv_size": [14, 14]},
								"up": {"uv": [14, 32], "uv_size": [-14, -14]},
								"down": {"uv": [14, 32], "uv_size": [-14, -14]}
							}
						},
						{
							"origin": [-2.5, 8, 0],
							"size": [0.5, 1, 7],
							"pivot": [-2.25, 8.5, 3.5],
							"rotation": [45, 0, 0],
							"uv": {
								"north": {"uv": [0, 18], "uv_size": [14, 14]},
								"east": {"uv": [0, 18], "uv_size": [14, 14]},
								"south": {"uv": [0, 18], "uv_size": [14, 14]},
								"west": {"uv": [0, 18], "uv_size": [14, 14]},
								"up": {"uv": [14, 32], "uv_size": [-14, -14]},
								"down": {"uv": [14, 32], "uv_size": [-14, -14]}
							}
						},
						{
							"origin": [4, 8, 0],
							"size": [0.5, 1, 7],
							"pivot": [4.25, 8.5, 3.5],
							"rotation": [-45, 0, 0],
							"uv": {
								"north": {"uv": [0, 18], "uv_size": [14, 14]},
								"east": {"uv": [0, 18], "uv_size": [14, 14]},
								"south": {"uv": [0, 18], "uv_size": [14, 14]},
								"west": {"uv": [0, 18], "uv_size": [14, 14]},
								"up": {"uv": [14, 32], "uv_size": [-14, -14]},
								"down": {"uv": [14, 32], "uv_size": [-14, -14]}
							}
						},
						{
							"origin": [-2.5, 8, 0],
							"size": [0.5, 1, 7],
							"pivot": [-2.25, 8.5, 3.5],
							"rotation": [-45, 0, 0],
							"uv": {
								"north": {"uv": [0, 18], "uv_size": [14, 14]},
								"east": {"uv": [0, 18], "uv_size": [14, 14]},
								"south": {"uv": [0, 18], "uv_size": [14, 14]},
								"west": {"uv": [0, 18], "uv_size": [14, 14]},
								"up": {"uv": [14, 32], "uv_size": [-14, -14]},
								"down": {"uv": [14, 32], "uv_size": [-14, -14]}
							}
						},
						{
							"origin": [-2, 5, 7],
							"size": [6, 7, 1],
							"uv": {
								"north": {"uv": [18, 0], "uv_size": [14, 14]},
								"east": {"uv": [18, 0], "uv_size": [14, 14]},
								"south": {"uv": [18, 0], "uv_size": [14, 14]},
								"west": {"uv": [18, 0], "uv_size": [14, 14]},
								"up": {"uv": [32, 14], "uv_size": [-14, -14]},
								"down": {"uv": [32, 14], "uv_size": [-14, -14]}
							}
						},
						{
							"origin": [-2, 5, -1],
							"size": [6, 7, 1],
							"uv": {
								"north": {"uv": [18, 0], "uv_size": [14, 14]},
								"east": {"uv": [18, 0], "uv_size": [14, 14]},
								"south": {"uv": [18, 0], "uv_size": [14, 14]},
								"west": {"uv": [18, 0], "uv_size": [14, 14]},
								"up": {"uv": [32, 14], "uv_size": [-14, -14]},
								"down": {"uv": [32, 14], "uv_size": [-14, -14]}
							}
						},
						{
							"origin": [-2, 6, 8],
							"size": [6, 5, 1],
							"uv": {
								"north": {"uv": [18, 0], "uv_size": [14, 14]},
								"east": {"uv": [18, 0], "uv_size": [14, 14]},
								"south": {"uv": [18, 0], "uv_size": [14, 14]},
								"west": {"uv": [18, 0], "uv_size": [14, 14]},
								"up": {"uv": [32, 14], "uv_size": [-14, -14]},
								"down": {"uv": [32, 14], "uv_size": [-14, -14]}
							}
						},
						{
							"origin": [-2, 6, -2],
							"size": [6, 5, 1],
							"uv": {
								"north": {"uv": [18, 0], "uv_size": [14, 14]},
								"east": {"uv": [18, 0], "uv_size": [14, 14]},
								"south": {"uv": [18, 0], "uv_size": [14, 14]},
								"west": {"uv": [18, 0], "uv_size": [14, 14]},
								"up": {"uv": [32, 14], "uv_size": [-14, -14]},
								"down": {"uv": [32, 14], "uv_size": [-14, -14]}
							}
						},
						{
							"origin": [0, 6, 11],
							"size": [2, 5, 1],
							"uv": {
								"north": {"uv": [0, 0], "uv_size": [14, 14]},
								"east": {"uv": [0, 0], "uv_size": [14, 14]},
								"south": {"uv": [0, 0], "uv_size": [14, 14]},
								"west": {"uv": [0, 0], "uv_size": [14, 14]},
								"up": {"uv": [14, 14], "uv_size": [-14, -14]},
								"down": {"uv": [14, 14], "uv_size": [-14, -14]}
							}
						},
						{
							"origin": [0.75, 13, 7.5],
							"size": [0.5, 6, 2],
							"uv": {
								"north": {"uv": [18, 18], "uv_size": [14, 14]},
								"east": {"uv": [18, 18], "uv_size": [14, 14]},
								"south": {"uv": [18, 18], "uv_size": [14, 14]},
								"west": {"uv": [18, 18], "uv_size": [14, 14]},
								"up": {"uv": [32, 32], "uv_size": [-14, -14]},
								"down": {"uv": [32, 32], "uv_size": [-14, -14]}
							}
						},
						{
							"origin": [0.75, 13, 7.5],
							"size": [0.5, 6, 2],
							"pivot": [1, 16, 8.5],
							"rotation": [0, -27.5, 0],
							"uv": {
								"north": {"uv": [18, 18], "uv_size": [14, 14]},
								"east": {"uv": [18, 18], "uv_size": [14, 14]},
								"south": {"uv": [18, 18], "uv_size": [14, 14]},
								"west": {"uv": [18, 18], "uv_size": [14, 14]},
								"up": {"uv": [32, 32], "uv_size": [-14, -14]},
								"down": {"uv": [32, 32], "uv_size": [-14, -14]}
							}
						},
						{
							"origin": [0.75, 13, 7.5],
							"size": [0.5, 6, 2],
							"pivot": [1, 16, 8.5],
							"rotation": [0, -55, 0],
							"uv": {
								"north": {"uv": [18, 18], "uv_size": [14, 14]},
								"east": {"uv": [18, 18], "uv_size": [14, 14]},
								"south": {"uv": [18, 18], "uv_size": [14, 14]},
								"west": {"uv": [18, 18], "uv_size": [14, 14]},
								"up": {"uv": [32, 32], "uv_size": [-14, -14]},
								"down": {"uv": [32, 32], "uv_size": [-14, -14]}
							}
						},
						{
							"origin": [0.75, 13, 7.5],
							"size": [0.5, 6, 2],
							"pivot": [1, 16, 8.5],
							"rotation": [0, -82.5, 0],
							"uv": {
								"north": {"uv": [18, 18], "uv_size": [14, 14]},
								"east": {"uv": [18, 18], "uv_size": [14, 14]},
								"south": {"uv": [18, 18], "uv_size": [14, 14]},
								"west": {"uv": [18, 18], "uv_size": [14, 14]},
								"up": {"uv": [32, 32], "uv_size": [-14, -14]},
								"down": {"uv": [32, 32], "uv_size": [-14, -14]}
							}
						},
						{
							"origin": [0.75, 13, 7.5],
							"size": [0.5, 6, 2],
							"pivot": [1, 16, 8.5],
							"rotation": [0, 82.5, 0],
							"uv": {
								"north": {"uv": [18, 18], "uv_size": [14, 14]},
								"east": {"uv": [18, 18], "uv_size": [14, 14]},
								"south": {"uv": [18, 18], "uv_size": [14, 14]},
								"west": {"uv": [18, 18], "uv_size": [14, 14]},
								"up": {"uv": [32, 32], "uv_size": [-14, -14]},
								"down": {"uv": [32, 32], "uv_size": [-14, -14]}
							}
						},
						{
							"origin": [0.75, 13, 7.5],
							"size": [0.5, 6, 2],
							"pivot": [1, 16, 8.5],
							"rotation": [0, 55, 0],
							"uv": {
								"north": {"uv": [18, 18], "uv_size": [14, 14]},
								"east": {"uv": [18, 18], "uv_size": [14, 14]},
								"south": {"uv": [18, 18], "uv_size": [14, 14]},
								"west": {"uv": [18, 18], "uv_size": [14, 14]},
								"up": {"uv": [32, 32], "uv_size": [-14, -14]},
								"down": {"uv": [32, 32], "uv_size": [-14, -14]}
							}
						},
						{
							"origin": [0.75, 13, 7.5],
							"size": [0.5, 6, 2],
							"pivot": [1, 16, 8.5],
							"rotation": [0, 27.5, 0],
							"uv": {
								"north": {"uv": [18, 18], "uv_size": [14, 14]},
								"east": {"uv": [18, 18], "uv_size": [14, 14]},
								"south": {"uv": [18, 18], "uv_size": [14, 14]},
								"west": {"uv": [18, 18], "uv_size": [14, 14]},
								"up": {"uv": [32, 32], "uv_size": [-14, -14]},
								"down": {"uv": [32, 32], "uv_size": [-14, -14]}
							}
						},
						{
							"origin": [0, 4, 10],
							"size": [2, 3, 1],
							"pivot": [1, 5.5, 10.5],
							"rotation": [-45, 0, 0],
							"uv": {
								"north": {"uv": [0, 0], "uv_size": [14, 14]},
								"east": {"uv": [0, 0], "uv_size": [14, 14]},
								"south": {"uv": [0, 0], "uv_size": [14, 14]},
								"west": {"uv": [0, 0], "uv_size": [14, 14]},
								"up": {"uv": [14, 14], "uv_size": [-14, -14]},
								"down": {"uv": [14, 14], "uv_size": [-14, -14]}
							}
						},
						{
							"origin": [0, 10, 10],
							"size": [2, 3, 1],
							"pivot": [1, 11.5, 10.5],
							"rotation": [45, 0, 0],
							"uv": {
								"north": {"uv": [0, 0], "uv_size": [14, 14]},
								"east": {"uv": [0, 0], "uv_size": [14, 14]},
								"south": {"uv": [0, 0], "uv_size": [14, 14]},
								"west": {"uv": [0, 0], "uv_size": [14, 14]},
								"up": {"uv": [14, 14], "uv_size": [-14, -14]},
								"down": {"uv": [14, 14], "uv_size": [-14, -14]}
							}
						}
					]
				}
			]
		}
	]
}