{
	"format_version": "1.12.0",
	"minecraft:geometry": [
		{
			"description": {
				"identifier": "geometry.j",
				"texture_width": 64,
				"texture_height": 64,
				"visible_bounds_width": 4,
				"visible_bounds_height": 5.5,
				"visible_bounds_offset": [0, 1.25, 0]
			},
			"bones": [
				{
					"name": "root0",
					"pivot": [0, 0, 0]
				},
				{
					"name": "root2",
					"parent": "root0",
					"pivot": [0, 10, 0]
				},
				{
					"name": "root1",
					"parent": "root2",
					"pivot": [0, 30, 0]
				},
				{
					"name": "Kroot",
					"parent": "root1",
					"pivot": [0, 20, 0]
				},
				{
					"name": "Kwaist",
					"parent": "Kroot",
					"pivot": [0, 12, 0]
				},
				{
					"name": "body0",
					"parent": "Kwaist",
					"pivot": [0, 24, 0]
				},
				{
					"name": "Kbody",
					"parent": "body0",
					"pivot": [0, 12, 0],
					"cubes": [
						{
							"origin": [18, 12, -2],
							"size": [6, 5, 4],
							"pivot": [0, 0, 0],
							"rotation": [0, 0, -45],
							"uv": {
								"north": {"uv": [0, 56], "uv_size": [26, 8]},
								"east": {"uv": [0, 56], "uv_size": [26, 8]},
								"south": {"uv": [0, 56], "uv_size": [26, 8]},
								"west": {"uv": [0, 56], "uv_size": [26, 8]},
								"up": {"uv": [26, 64], "uv_size": [-26, -8]},
								"down": {"uv": [26, 64], "uv_size": [-26, -8]}
							}
						},
						{
							"origin": [-24, 12, -2],
							"size": [6, 5, 4],
							"pivot": [0, 0, 0],
							"rotation": [0, 0, 45],
							"uv": {
								"north": {"uv": [0, 56], "uv_size": [26, 8]},
								"east": {"uv": [0, 56], "uv_size": [26, 8]},
								"south": {"uv": [0, 56], "uv_size": [26, 8]},
								"west": {"uv": [0, 56], "uv_size": [26, 8]},
								"up": {"uv": [26, 64], "uv_size": [-26, -8]},
								"down": {"uv": [26, 64], "uv_size": [-26, -8]}
							}
						},
						{
							"origin": [-5, 15, -4],
							"size": [10, 14, 8],
							"uv": {
								"north": {"uv": [0, 56], "uv_size": [26, 8]},
								"east": {"uv": [0, 56], "uv_size": [26, 8]},
								"south": {"uv": [0, 56], "uv_size": [26, 8]},
								"west": {"uv": [0, 56], "uv_size": [26, 8]},
								"up": {"uv": [26, 64], "uv_size": [-26, -8]},
								"down": {"uv": [26, 64], "uv_size": [-26, -8]}
							}
						},
						{
							"origin": [-2, 29, -2],
							"size": [4, 2, 4],
							"uv": {
								"north": {"uv": [56, 28], "uv_size": [8, 26]},
								"east": {"uv": [56, 28], "uv_size": [8, 26]},
								"south": {"uv": [56, 28], "uv_size": [8, 26]},
								"west": {"uv": [56, 28], "uv_size": [8, 26]},
								"up": {"uv": [64, 54], "uv_size": [-8, -26]},
								"down": {"uv": [64, 54], "uv_size": [-8, -26]}
							}
						}
					]
				},
				{
					"name": "head",
					"parent": "Kbody",
					"pivot": [0, 24, 0],
					"cubes": [
						{
							"origin": [-4, 30, -4],
							"size": [8, 8, 8],
							"uv": {
								"north": {"uv": [0, 0], "uv_size": [26, 26]},
								"east": {"uv": [0, 28], "uv_size": [26, 26]},
								"south": {"uv": [28, 0], "uv_size": [26, 26]},
								"west": {"uv": [28, 28], "uv_size": [26, 26]},
								"up": {"uv": [54, 20], "uv_size": [-26, -20]},
								"down": {"uv": [64, 54], "uv_size": [-8, -26]}
							}
						}
					]
				},
				{
					"name": "hat",
					"parent": "head",
					"pivot": [0, 24, 0]
				},
				{
					"name": "jacket",
					"parent": "Kbody",
					"pivot": [0, 12, 0]
				},
				{
					"name": "RightArmUp",
					"parent": "Kbody",
					"pivot": [-6, 22, 0],
					"cubes": [
						{
							"origin": [-8, 19.5, -1.75],
							"size": [3.5, 6, 3.5],
							"uv": {
								"north": {"uv": [56, 28], "uv_size": [8, 26]},
								"east": {"uv": [56, 28], "uv_size": [8, 26]},
								"south": {"uv": [56, 28], "uv_size": [8, 26]},
								"west": {"uv": [56, 28], "uv_size": [8, 26]},
								"up": {"uv": [64, 54], "uv_size": [-8, -26]},
								"down": {"uv": [64, 54], "uv_size": [-8, -26]}
							}
						}
					]
				},
				{
					"name": "RightArmDown",
					"parent": "RightArmUp",
					"pivot": [-6, 18, 2],
					"cubes": [
						{
							"origin": [-8, 13.5, -1.75],
							"size": [3.5, 6, 3.5],
							"uv": {
								"north": {"uv": [56, 28], "uv_size": [8, 26]},
								"east": {"uv": [56, 28], "uv_size": [8, 26]},
								"south": {"uv": [56, 28], "uv_size": [8, 26]},
								"west": {"uv": [56, 28], "uv_size": [8, 26]},
								"up": {"uv": [64, 54], "uv_size": [-8, -26]},
								"down": {"uv": [64, 54], "uv_size": [-8, -26]}
							}
						},
						{
							"origin": [-5, 10.5, -6.5],
							"size": [0.5, 2, 0.5],
							"pivot": [0, 0, 0],
							"rotation": [-20, 0, 0],
							"uv": {
								"north": {"uv": [56, 28], "uv_size": [8, 26]},
								"east": {"uv": [56, 28], "uv_size": [8, 26]},
								"south": {"uv": [56, 28], "uv_size": [8, 26]},
								"west": {"uv": [56, 28], "uv_size": [8, 26]},
								"up": {"uv": [64, 54], "uv_size": [-8, -26]},
								"down": {"uv": [64, 54], "uv_size": [-8, -26]}
							}
						},
						{
							"origin": [-8, 11.5, -1.75],
							"size": [0.5, 2, 3.5],
							"uv": {
								"north": {"uv": [56, 28], "uv_size": [8, 26]},
								"east": {"uv": [56, 28], "uv_size": [8, 26]},
								"south": {"uv": [56, 28], "uv_size": [8, 26]},
								"west": {"uv": [56, 28], "uv_size": [8, 26]},
								"up": {"uv": [64, 54], "uv_size": [-8, -26]},
								"down": {"uv": [64, 54], "uv_size": [-8, -26]}
							}
						},
						{
							"origin": [-3.5, 11.55, -1.75],
							"size": [0.5, 2, 0.5],
							"pivot": [0, 0, 0],
							"rotation": [0, 0, -20],
							"uv": {
								"north": {"uv": [56, 28], "uv_size": [8, 26]},
								"east": {"uv": [56, 28], "uv_size": [8, 26]},
								"south": {"uv": [56, 28], "uv_size": [8, 26]},
								"west": {"uv": [56, 28], "uv_size": [8, 26]},
								"up": {"uv": [64, 54], "uv_size": [-8, -26]},
								"down": {"uv": [64, 54], "uv_size": [-8, -26]}
							}
						},
						{
							"origin": [-3.5, 11.55, 1.25],
							"size": [0.5, 2, 0.5],
							"pivot": [0, 0, 0],
							"rotation": [0, 0, -20],
							"uv": {
								"north": {"uv": [56, 28], "uv_size": [8, 26]},
								"east": {"uv": [56, 28], "uv_size": [8, 26]},
								"south": {"uv": [56, 28], "uv_size": [8, 26]},
								"west": {"uv": [56, 28], "uv_size": [8, 26]},
								"up": {"uv": [64, 54], "uv_size": [-8, -26]},
								"down": {"uv": [64, 54], "uv_size": [-8, -26]}
							}
						},
						{
							"origin": [-3.5, 11.55, 0.25],
							"size": [0.5, 2, 0.5],
							"pivot": [0, 0, 0],
							"rotation": [0, 0, -20],
							"uv": {
								"north": {"uv": [56, 28], "uv_size": [8, 26]},
								"east": {"uv": [56, 28], "uv_size": [8, 26]},
								"south": {"uv": [56, 28], "uv_size": [8, 26]},
								"west": {"uv": [56, 28], "uv_size": [8, 26]},
								"up": {"uv": [64, 54], "uv_size": [-8, -26]},
								"down": {"uv": [64, 54], "uv_size": [-8, -26]}
							}
						},
						{
							"origin": [-3.5, 11.55, -0.75],
							"size": [0.5, 2, 0.5],
							"pivot": [0, 0, 0],
							"rotation": [0, 0, -20],
							"uv": {
								"north": {"uv": [56, 28], "uv_size": [8, 26]},
								"east": {"uv": [56, 28], "uv_size": [8, 26]},
								"south": {"uv": [56, 28], "uv_size": [8, 26]},
								"west": {"uv": [56, 28], "uv_size": [8, 26]},
								"up": {"uv": [64, 54], "uv_size": [-8, -26]},
								"down": {"uv": [64, 54], "uv_size": [-8, -26]}
							}
						}
					]
				},
				{
					"name": "rightItem",
					"parent": "RightArmDown",
					"pivot": [-6, 15, 1]
				},
				{
					"name": "Item",
					"parent": "RightArmDown",
					"pivot": [-6, 18, 2]
				},
				{
					"name": "cItem",
					"parent": "RightArmDown",
					"pivot": [-6, 15, 1]
				},
				{
					"name": "LeftArmUp",
					"parent": "Kbody",
					"pivot": [6, 22, 0],
					"cubes": [
						{
							"origin": [4.5, 19.5, -1.75],
							"size": [3.5, 6, 3.5],
							"uv": {
								"north": {"uv": [56, 28], "uv_size": [8, 26]},
								"east": {"uv": [56, 28], "uv_size": [8, 26]},
								"south": {"uv": [56, 28], "uv_size": [8, 26]},
								"west": {"uv": [56, 28], "uv_size": [8, 26]},
								"up": {"uv": [64, 54], "uv_size": [-8, -26]},
								"down": {"uv": [64, 54], "uv_size": [-8, -26]}
							}
						}
					]
				},
				{
					"name": "LeftArmDown",
					"parent": "LeftArmUp",
					"pivot": [6, 18, 2],
					"cubes": [
						{
							"origin": [4.5, 13.5, -1.75],
							"size": [3.5, 6, 3.5],
							"uv": {
								"north": {"uv": [56, 28], "uv_size": [8, 26]},
								"east": {"uv": [56, 28], "uv_size": [8, 26]},
								"south": {"uv": [56, 28], "uv_size": [8, 26]},
								"west": {"uv": [56, 28], "uv_size": [8, 26]},
								"up": {"uv": [64, 54], "uv_size": [-8, -26]},
								"down": {"uv": [64, 54], "uv_size": [-8, -26]}
							}
						},
						{
							"origin": [4.5, 10.5, -5.5],
							"size": [0.5, 2, 0.5],
							"pivot": [0, 0, 0],
							"rotation": [-15, 0, 0],
							"uv": {
								"north": {"uv": [56, 28], "uv_size": [8, 26]},
								"east": {"uv": [56, 28], "uv_size": [8, 26]},
								"south": {"uv": [56, 28], "uv_size": [8, 26]},
								"west": {"uv": [56, 28], "uv_size": [8, 26]},
								"up": {"uv": [64, 54], "uv_size": [-8, -26]},
								"down": {"uv": [64, 54], "uv_size": [-8, -26]}
							}
						},
						{
							"origin": [7.5, 11.5, -1.75],
							"size": [0.5, 2, 3.5],
							"uv": {
								"north": {"uv": [56, 28], "uv_size": [8, 26]},
								"east": {"uv": [56, 28], "uv_size": [8, 26]},
								"south": {"uv": [56, 28], "uv_size": [8, 26]},
								"west": {"uv": [56, 28], "uv_size": [8, 26]},
								"up": {"uv": [64, 54], "uv_size": [-8, -26]},
								"down": {"uv": [64, 54], "uv_size": [-8, -26]}
							}
						},
						{
							"origin": [3, 11.5, -1.75],
							"size": [0.5, 2, 0.5],
							"pivot": [0, 0, 0],
							"rotation": [0, 0, 20],
							"uv": {
								"north": {"uv": [56, 28], "uv_size": [8, 26]},
								"east": {"uv": [56, 28], "uv_size": [8, 26]},
								"south": {"uv": [56, 28], "uv_size": [8, 26]},
								"west": {"uv": [56, 28], "uv_size": [8, 26]},
								"up": {"uv": [64, 54], "uv_size": [-8, -26]},
								"down": {"uv": [64, 54], "uv_size": [-8, -26]}
							}
						},
						{
							"origin": [3, 11.5, -0.75],
							"size": [0.5, 2, 0.5],
							"pivot": [0, 0, 0],
							"rotation": [0, 0, 20],
							"uv": {
								"north": {"uv": [56, 28], "uv_size": [8, 26]},
								"east": {"uv": [56, 28], "uv_size": [8, 26]},
								"south": {"uv": [56, 28], "uv_size": [8, 26]},
								"west": {"uv": [56, 28], "uv_size": [8, 26]},
								"up": {"uv": [64, 54], "uv_size": [-8, -26]},
								"down": {"uv": [64, 54], "uv_size": [-8, -26]}
							}
						},
						{
							"origin": [3, 11.5, 0.25],
							"size": [0.5, 2, 0.5],
							"pivot": [0, 0, 0],
							"rotation": [0, 0, 20],
							"uv": {
								"north": {"uv": [56, 28], "uv_size": [8, 26]},
								"east": {"uv": [56, 28], "uv_size": [8, 26]},
								"south": {"uv": [56, 28], "uv_size": [8, 26]},
								"west": {"uv": [56, 28], "uv_size": [8, 26]},
								"up": {"uv": [64, 54], "uv_size": [-8, -26]},
								"down": {"uv": [64, 54], "uv_size": [-8, -26]}
							}
						},
						{
							"origin": [3, 11.5, 1.25],
							"size": [0.5, 2, 0.5],
							"pivot": [0, 0, 0],
							"rotation": [0, 0, 20],
							"uv": {
								"north": {"uv": [56, 28], "uv_size": [8, 26]},
								"east": {"uv": [56, 28], "uv_size": [8, 26]},
								"south": {"uv": [56, 28], "uv_size": [8, 26]},
								"west": {"uv": [56, 28], "uv_size": [8, 26]},
								"up": {"uv": [64, 54], "uv_size": [-8, -26]},
								"down": {"uv": [64, 54], "uv_size": [-8, -26]}
							}
						}
					]
				},
				{
					"name": "LeftItem",
					"parent": "LeftArmDown",
					"pivot": [6, 15, 1]
				},
				{
					"name": "LItem",
					"parent": "LeftArmDown",
					"pivot": [6, 15, 1]
				},
				{
					"name": "KLegs",
					"parent": "Kroot",
					"pivot": [0, 12, 0]
				},
				{
					"name": "RightLegUp",
					"parent": "KLegs",
					"pivot": [-1.9, 12, 0],
					"cubes": [
						{
							"origin": [-5, 8, -2],
							"size": [4, 6, 4],
							"inflate": 0.03,
							"uv": {
								"north": {"uv": [28, 56], "uv_size": [26, 8]},
								"east": {"uv": [28, 56], "uv_size": [26, 8]},
								"south": {"uv": [28, 56], "uv_size": [26, 8]},
								"west": {"uv": [28, 56], "uv_size": [26, 8]},
								"up": {"uv": [54, 64], "uv_size": [-26, -8]},
								"down": {"uv": [54, 64], "uv_size": [-26, -8]}
							}
						},
						{
							"origin": [-5, 10, -3],
							"size": [10, 5, 6],
							"inflate": 0.03,
							"uv": {
								"north": {"uv": [28, 56], "uv_size": [26, 8]},
								"east": {"uv": [28, 56], "uv_size": [26, 8]},
								"south": {"uv": [28, 56], "uv_size": [26, 8]},
								"west": {"uv": [28, 56], "uv_size": [26, 8]},
								"up": {"uv": [54, 64], "uv_size": [-26, -8]},
								"down": {"uv": [54, 64], "uv_size": [-26, -8]}
							}
						}
					]
				},
				{
					"name": "RightLegDown",
					"parent": "RightLegUp",
					"pivot": [-1.9, 6, -2],
					"cubes": [
						{
							"origin": [-5, 0, -2],
							"size": [4, 3, 4],
							"inflate": 0.03,
							"uv": {
								"north": {"uv": [56, 0], "uv_size": [8, 26]},
								"east": {"uv": [56, 0], "uv_size": [8, 26]},
								"south": {"uv": [56, 0], "uv_size": [8, 26]},
								"west": {"uv": [56, 0], "uv_size": [8, 26]},
								"up": {"uv": [64, 26], "uv_size": [-8, -26]},
								"down": {"uv": [64, 26], "uv_size": [-8, -26]}
							}
						},
						{
							"origin": [-4.75, 3, -1.75],
							"size": [3.5, 6, 3.5],
							"inflate": 0.03,
							"uv": {
								"north": {"uv": [56, 28], "uv_size": [8, 26]},
								"east": {"uv": [56, 28], "uv_size": [8, 26]},
								"south": {"uv": [56, 28], "uv_size": [8, 26]},
								"west": {"uv": [56, 28], "uv_size": [8, 26]},
								"up": {"uv": [64, 54], "uv_size": [-8, -26]},
								"down": {"uv": [64, 54], "uv_size": [-8, -26]}
							}
						},
						{
							"origin": [-5, 1, -4],
							"size": [4, 2, 4],
							"inflate": 0.03,
							"pivot": [0, 0, 0],
							"rotation": [20, 0, 0],
							"uv": {
								"north": {"uv": [56, 0], "uv_size": [8, 26]},
								"east": {"uv": [56, 0], "uv_size": [8, 26]},
								"south": {"uv": [56, 0], "uv_size": [8, 26]},
								"west": {"uv": [56, 0], "uv_size": [8, 26]},
								"up": {"uv": [64, 26], "uv_size": [-8, -26]},
								"down": {"uv": [64, 26], "uv_size": [-8, -26]}
							}
						}
					]
				},
				{
					"name": "LeftLegUp",
					"parent": "KLegs",
					"pivot": [1.9, 12, 0],
					"cubes": [
						{
							"origin": [1, 8, -2],
							"size": [4, 6, 4],
							"inflate": 0.03,
							"uv": {
								"north": {"uv": [54, 64], "uv_size": [-26, -8]},
								"east": {"uv": [54, 64], "uv_size": [-26, -8]},
								"south": {"uv": [54, 64], "uv_size": [-26, -8]},
								"west": {"uv": [54, 64], "uv_size": [-26, -8]},
								"up": {"uv": [28, 56], "uv_size": [26, 8]},
								"down": {"uv": [28, 56], "uv_size": [26, 8]}
							}
						},
						{
							"origin": [-5, 10, -3],
							"size": [10, 5, 6],
							"inflate": 0.03,
							"uv": {
								"north": {"uv": [54, 64], "uv_size": [-26, -8]},
								"east": {"uv": [54, 64], "uv_size": [-26, -8]},
								"south": {"uv": [54, 64], "uv_size": [-26, -8]},
								"west": {"uv": [54, 64], "uv_size": [-26, -8]},
								"up": {"uv": [28, 56], "uv_size": [26, 8]},
								"down": {"uv": [28, 56], "uv_size": [26, 8]}
							}
						}
					]
				},
				{
					"name": "LeftLegDown",
					"parent": "LeftLegUp",
					"pivot": [1.9, 6, -2],
					"cubes": [
						{
							"origin": [1, 0, -2],
							"size": [4, 3, 4],
							"inflate": 0.03,
							"uv": {
								"north": {"uv": [56, 0], "uv_size": [8, 26]},
								"east": {"uv": [56, 0], "uv_size": [8, 26]},
								"south": {"uv": [56, 0], "uv_size": [8, 26]},
								"west": {"uv": [56, 0], "uv_size": [8, 26]},
								"up": {"uv": [64, 26], "uv_size": [-8, -26]},
								"down": {"uv": [64, 26], "uv_size": [-8, -26]}
							}
						},
						{
							"origin": [1.25, 3, -1.75],
							"size": [3.5, 6, 3.5],
							"inflate": 0.03,
							"uv": {
								"north": {"uv": [56, 28], "uv_size": [8, 26]},
								"east": {"uv": [56, 28], "uv_size": [8, 26]},
								"south": {"uv": [56, 28], "uv_size": [8, 26]},
								"west": {"uv": [56, 28], "uv_size": [8, 26]},
								"up": {"uv": [64, 54], "uv_size": [-8, -26]},
								"down": {"uv": [64, 54], "uv_size": [-8, -26]}
							}
						},
						{
							"origin": [1, 1, -4],
							"size": [4, 2, 3],
							"inflate": 0.03,
							"pivot": [0, 0, 0],
							"rotation": [20, 0, 0],
							"uv": {
								"north": {"uv": [56, 0], "uv_size": [8, 26]},
								"east": {"uv": [56, 0], "uv_size": [8, 26]},
								"south": {"uv": [56, 0], "uv_size": [8, 26]},
								"west": {"uv": [56, 0], "uv_size": [8, 26]},
								"up": {"uv": [64, 26], "uv_size": [-8, -26]},
								"down": {"uv": [64, 26], "uv_size": [-8, -26]}
							}
						}
					]
				}
			]
		}
	]
}