{
	"format_version": "1.12.0",
	"minecraft:geometry": [
		{
			"description": {
				"identifier": "geometry.joseph",
				"texture_width": 64,
				"texture_height": 64,
				"visible_bounds_width": 4,
				"visible_bounds_height": 5.5,
				"visible_bounds_offset": [0, 1.25, 0]
			},
			"bones": [
				{
					"name": "root0",
					"pivot": [0, 0, 0]
				},
				{
					"name": "root2",
					"parent": "root0",
					"pivot": [0, 10, 0]
				},
				{
					"name": "root1",
					"parent": "root2",
					"pivot": [0, 30, 0]
				},
				{
					"name": "Kroot",
					"parent": "root1",
					"pivot": [0, 20, 0]
				},
				{
					"name": "Kwaist",
					"parent": "Kroot",
					"pivot": [0, 12, 0]
				},
				{
					"name": "body0",
					"parent": "Kwaist",
					"pivot": [0, 24, 0]
				},
				{
					"name": "Kbody",
					"parent": "body0",
					"pivot": [-0.0124, 19.47276, 0],
					"cubes": [
						{
							"origin": [-3, 17, -2],
							"size": [6, 9, 4],
							"uv": {
								"north": {"uv": [0, 28], "uv_size": [26, 26]},
								"east": {"uv": [28, 28], "uv_size": [25, 23]},
								"south": {"uv": [28, 28], "uv_size": [25, 23]},
								"west": {"uv": [28, 28], "uv_size": [25, 23]},
								"up": {"uv": [53, 51], "uv_size": [-25, -23]},
								"down": {"uv": [53, 51], "uv_size": [-25, -23]}
							}
						},
						{
							"origin": [-4, 13, -3],
							"size": [8, 11, 1],
							"uv": {
								"north": {"uv": [55, 28], "uv_size": [9, 26]},
								"east": {"uv": [55, 28], "uv_size": [9, 26]},
								"south": {"uv": [55, 28], "uv_size": [9, 26]},
								"west": {"uv": [55, 28], "uv_size": [9, 26]},
								"up": {"uv": [64, 54], "uv_size": [-9, -26]},
								"down": {"uv": [64, 54], "uv_size": [-9, -26]}
							}
						},
						{
							"origin": [1, 22, -3.5],
							"size": [2, 1, 1],
							"uv": {
								"north": {"uv": [37, 6], "uv_size": [9, 11]},
								"east": {"uv": [37, 6], "uv_size": [9, 11]},
								"south": {"uv": [37, 6], "uv_size": [9, 11]},
								"west": {"uv": [37, 6], "uv_size": [9, 11]},
								"up": {"uv": [46, 17], "uv_size": [-9, -11]},
								"down": {"uv": [46, 17], "uv_size": [-9, -11]}
							}
						},
						{
							"origin": [-2.5, 24, -2.5],
							"size": [0.5, 2, 0.5],
							"uv": {
								"north": {"uv": [55, 28], "uv_size": [9, 26]},
								"east": {"uv": [55, 28], "uv_size": [9, 26]},
								"south": {"uv": [55, 28], "uv_size": [9, 26]},
								"west": {"uv": [55, 28], "uv_size": [9, 26]},
								"up": {"uv": [64, 54], "uv_size": [-9, -26]},
								"down": {"uv": [64, 54], "uv_size": [-9, -26]}
							}
						},
						{
							"origin": [-2.5, 26, -2.5],
							"size": [0.5, 0.5, 4.5],
							"uv": {
								"north": {"uv": [55, 28], "uv_size": [9, 26]},
								"east": {"uv": [55, 28], "uv_size": [9, 26]},
								"south": {"uv": [55, 28], "uv_size": [9, 26]},
								"west": {"uv": [55, 28], "uv_size": [9, 26]},
								"up": {"uv": [64, 54], "uv_size": [-9, -26]},
								"down": {"uv": [64, 54], "uv_size": [-9, -26]}
							}
						},
						{
							"origin": [-3, 15, -2.5],
							"size": [0.5, 0.5, 4.5],
							"uv": {
								"north": {"uv": [55, 28], "uv_size": [9, 26]},
								"east": {"uv": [55, 28], "uv_size": [9, 26]},
								"south": {"uv": [55, 28], "uv_size": [9, 26]},
								"west": {"uv": [55, 28], "uv_size": [9, 26]},
								"up": {"uv": [64, 54], "uv_size": [-9, -26]},
								"down": {"uv": [64, 54], "uv_size": [-9, -26]}
							}
						},
						{
							"origin": [2.5, 15, -2.5],
							"size": [0.5, 0.5, 4.5],
							"uv": {
								"north": {"uv": [55, 28], "uv_size": [9, 26]},
								"east": {"uv": [55, 28], "uv_size": [9, 26]},
								"south": {"uv": [55, 28], "uv_size": [9, 26]},
								"west": {"uv": [55, 28], "uv_size": [9, 26]},
								"up": {"uv": [64, 54], "uv_size": [-9, -26]},
								"down": {"uv": [64, 54], "uv_size": [-9, -26]}
							}
						},
						{
							"origin": [-3, 15, 2],
							"size": [6, 0.5, 0.5],
							"uv": {
								"north": {"uv": [55, 28], "uv_size": [9, 26]},
								"east": {"uv": [55, 28], "uv_size": [9, 26]},
								"south": {"uv": [55, 28], "uv_size": [9, 26]},
								"west": {"uv": [55, 28], "uv_size": [9, 26]},
								"up": {"uv": [64, 54], "uv_size": [-9, -26]},
								"down": {"uv": [64, 54], "uv_size": [-9, -26]}
							}
						},
						{
							"origin": [-2.5, 26, 1.5],
							"size": [5, 0.5, 0.5],
							"uv": {
								"north": {"uv": [55, 28], "uv_size": [9, 26]},
								"east": {"uv": [55, 28], "uv_size": [9, 26]},
								"south": {"uv": [55, 28], "uv_size": [9, 26]},
								"west": {"uv": [55, 28], "uv_size": [9, 26]},
								"up": {"uv": [64, 54], "uv_size": [-9, -26]},
								"down": {"uv": [64, 54], "uv_size": [-9, -26]}
							}
						},
						{
							"origin": [2, 26, -2.5],
							"size": [0.5, 0.5, 4.5],
							"uv": {
								"north": {"uv": [55, 28], "uv_size": [9, 26]},
								"east": {"uv": [55, 28], "uv_size": [9, 26]},
								"south": {"uv": [55, 28], "uv_size": [9, 26]},
								"west": {"uv": [55, 28], "uv_size": [9, 26]},
								"up": {"uv": [64, 54], "uv_size": [-9, -26]},
								"down": {"uv": [64, 54], "uv_size": [-9, -26]}
							}
						},
						{
							"origin": [2, 24, -2.5],
							"size": [0.5, 2, 0.5],
							"uv": {
								"north": {"uv": [55, 28], "uv_size": [9, 26]},
								"east": {"uv": [55, 28], "uv_size": [9, 26]},
								"south": {"uv": [55, 28], "uv_size": [9, 26]},
								"west": {"uv": [55, 28], "uv_size": [9, 26]},
								"up": {"uv": [64, 54], "uv_size": [-9, -26]},
								"down": {"uv": [64, 54], "uv_size": [-9, -26]}
							}
						},
						{
							"origin": [-2, 14, -2],
							"size": [4, 3, 4],
							"uv": {
								"north": {"uv": [0, 37], "uv_size": [26, 17]},
								"east": {"uv": [0, 37], "uv_size": [26, 17]},
								"south": {"uv": [0, 37], "uv_size": [26, 17]},
								"west": {"uv": [0, 37], "uv_size": [26, 17]},
								"up": {"uv": [26, 54], "uv_size": [-26, -17]},
								"down": {"uv": [26, 54], "uv_size": [-26, -17]}
							}
						},
						{
							"origin": [-3, 14, -2.5],
							"size": [6, 1, 5],
							"uv": {
								"north": {"uv": [60, 33], "uv_size": [4, 14]},
								"east": {"uv": [60, 33], "uv_size": [4, 14]},
								"south": {"uv": [60, 33], "uv_size": [4, 14]},
								"west": {"uv": [60, 33], "uv_size": [4, 14]},
								"up": {"uv": [64, 47], "uv_size": [-4, -14]},
								"down": {"uv": [64, 47], "uv_size": [-4, -14]}
							}
						},
						{
							"origin": [-3, 14, -2],
							"size": [1, 9, 4],
							"pivot": [-3.5, 17, 0],
							"rotation": [0, 0, -10],
							"uv": {
								"north": {"uv": [23, 28], "uv_size": [3, 26]},
								"east": {"uv": [23, 28], "uv_size": [3, 26]},
								"south": {"uv": [23, 28], "uv_size": [3, 26]},
								"west": {"uv": [23, 28], "uv_size": [3, 26]},
								"up": {"uv": [26, 54], "uv_size": [-3, -26]},
								"down": {"uv": [26, 54], "uv_size": [-3, -26]}
							}
						},
						{
							"origin": [-4, 22, -2],
							"size": [1, 4, 4],
							"uv": {
								"north": {"uv": [23, 28], "uv_size": [3, 26]},
								"east": {"uv": [23, 28], "uv_size": [3, 26]},
								"south": {"uv": [23, 28], "uv_size": [3, 26]},
								"west": {"uv": [23, 28], "uv_size": [3, 26]},
								"up": {"uv": [26, 54], "uv_size": [-3, -26]},
								"down": {"uv": [26, 54], "uv_size": [-3, -26]}
							}
						},
						{
							"origin": [3, 22, -2],
							"size": [1, 4, 4],
							"uv": {
								"north": {"uv": [23, 28], "uv_size": [3, 26]},
								"east": {"uv": [23, 28], "uv_size": [3, 26]},
								"south": {"uv": [23, 28], "uv_size": [3, 26]},
								"west": {"uv": [23, 28], "uv_size": [3, 26]},
								"up": {"uv": [26, 54], "uv_size": [-3, -26]},
								"down": {"uv": [26, 54], "uv_size": [-3, -26]}
							}
						},
						{
							"origin": [2, 14, -2],
							"size": [1, 8, 4],
							"pivot": [3.5, 17, 0],
							"rotation": [0, 0, 10],
							"uv": {
								"north": {"uv": [23, 28], "uv_size": [3, 26]},
								"east": {"uv": [23, 28], "uv_size": [3, 26]},
								"south": {"uv": [23, 28], "uv_size": [3, 26]},
								"west": {"uv": [23, 28], "uv_size": [3, 26]},
								"up": {"uv": [26, 54], "uv_size": [-3, -26]},
								"down": {"uv": [26, 54], "uv_size": [-3, -26]}
							}
						}
					]
				},
				{
					"name": "Kbody2",
					"parent": "Kbody",
					"pivot": [3.5, 17, 0],
					"cubes": [
						{
							"origin": [-4, 2, -3],
							"size": [8, 11, 1],
							"uv": {
								"north": {"uv": [55, 28], "uv_size": [9, 26]},
								"east": {"uv": [55, 28], "uv_size": [9, 26]},
								"south": {"uv": [55, 28], "uv_size": [9, 26]},
								"west": {"uv": [55, 28], "uv_size": [9, 26]},
								"up": {"uv": [64, 54], "uv_size": [-9, -26]},
								"down": {"uv": [64, 54], "uv_size": [-9, -26]}
							}
						}
					]
				},
				{
					"name": "head",
					"parent": "Kbody",
					"pivot": [-0.0405, 29.94997, -1.11111],
					"cubes": [
						{
							"origin": [-1, 26, -1],
							"size": [2, 2, 2],
							"uv": {
								"north": {"uv": [28, 56], "uv_size": [25, 8]},
								"east": {"uv": [28, 56], "uv_size": [25, 8]},
								"south": {"uv": [28, 56], "uv_size": [25, 8]},
								"west": {"uv": [28, 56], "uv_size": [25, 8]},
								"up": {"uv": [53, 64], "uv_size": [-25, -8]},
								"down": {"uv": [53, 64], "uv_size": [-25, -8]}
							}
						},
						{
							"origin": [-0.5, 26, -1.5],
							"size": [1, 1, 1],
							"uv": {
								"north": {"uv": [55, 56], "uv_size": [9, 8]},
								"east": {"uv": [55, 56], "uv_size": [9, 8]},
								"south": {"uv": [55, 56], "uv_size": [9, 8]},
								"west": {"uv": [55, 56], "uv_size": [9, 8]},
								"up": {"uv": [64, 64], "uv_size": [-9, -8]},
								"down": {"uv": [64, 64], "uv_size": [-9, -8]}
							}
						},
						{
							"origin": [-1.5, 26, -1.5],
							"size": [1, 1, 1],
							"pivot": [-1, 26.5, -1],
							"rotation": [0, 0, -45],
							"uv": {
								"north": {"uv": [55, 56], "uv_size": [9, 8]},
								"east": {"uv": [55, 56], "uv_size": [9, 8]},
								"south": {"uv": [55, 56], "uv_size": [9, 8]},
								"west": {"uv": [55, 56], "uv_size": [9, 8]},
								"up": {"uv": [64, 64], "uv_size": [-9, -8]},
								"down": {"uv": [64, 64], "uv_size": [-9, -8]}
							}
						},
						{
							"origin": [0.5, 26, -1.5],
							"size": [1, 1, 1],
							"pivot": [1, 26.5, -1],
							"rotation": [0, 0, -45],
							"uv": {
								"north": {"uv": [55, 56], "uv_size": [9, 8]},
								"east": {"uv": [55, 56], "uv_size": [9, 8]},
								"south": {"uv": [55, 56], "uv_size": [9, 8]},
								"west": {"uv": [55, 56], "uv_size": [9, 8]},
								"up": {"uv": [64, 64], "uv_size": [-9, -8]},
								"down": {"uv": [64, 64], "uv_size": [-9, -8]}
							}
						},
						{
							"origin": [-1.5, 27, -2],
							"size": [3, 2, 4],
							"uv": {
								"north": {"uv": [4, 16], "uv_size": [18, 10]},
								"east": {"uv": [28, 0], "uv_size": [25, 26]},
								"south": {"uv": [28, 0], "uv_size": [25, 26]},
								"west": {"uv": [28, 0], "uv_size": [25, 26]},
								"up": {"uv": [53, 26], "uv_size": [-25, -26]},
								"down": {"uv": [53, 26], "uv_size": [-25, -26]}
							}
						},
						{
							"origin": [-1.5, 29, -2],
							"size": [3, 4, 4],
							"uv": {
								"north": {"uv": [28, 0], "uv_size": [25, 26]},
								"east": {"uv": [28, 0], "uv_size": [25, 26]},
								"south": {"uv": [28, 0], "uv_size": [25, 26]},
								"west": {"uv": [28, 0], "uv_size": [25, 26]},
								"up": {"uv": [53, 26], "uv_size": [-25, -26]},
								"down": {"uv": [53, 26], "uv_size": [-25, -26]}
							}
						},
						{
							"origin": [-1, 30.25, -2.25],
							"size": [0.5, 1.5, 0.5],
							"pivot": [-0.75, 30, -2.25],
							"rotation": [0, 0, -5],
							"uv": {
								"north": {"uv": [8, 4], "uv_size": [3, 7]},
								"east": {"uv": [8, 4], "uv_size": [3, 7]},
								"south": {"uv": [8, 4], "uv_size": [3, 7]},
								"west": {"uv": [8, 4], "uv_size": [3, 7]},
								"up": {"uv": [11, 11], "uv_size": [-3, -7]},
								"down": {"uv": [11, 11], "uv_size": [-3, -7]}
							}
						},
						{
							"origin": [0.5, 30.25, -2.25],
							"size": [0.5, 1.5, 0.5],
							"pivot": [0.75, 30, -2.25],
							"rotation": [0, 0, 5],
							"uv": {
								"north": {"uv": [15, 4], "uv_size": [3, 7]},
								"east": {"uv": [15, 4], "uv_size": [3, 7]},
								"south": {"uv": [15, 4], "uv_size": [3, 7]},
								"west": {"uv": [15, 4], "uv_size": [3, 7]},
								"up": {"uv": [18, 11], "uv_size": [-3, -7]},
								"down": {"uv": [18, 11], "uv_size": [-3, -7]}
							}
						},
						{
							"origin": [-0.75, 28.85, -2.5],
							"size": [1.5, 1.25, 0.5],
							"uv": {
								"north": {"uv": [10, 11], "uv_size": [6, 4]},
								"east": {"uv": [10, 11], "uv_size": [6, 4]},
								"south": {"uv": [10, 11], "uv_size": [6, 4]},
								"west": {"uv": [10, 11], "uv_size": [6, 4]},
								"up": {"uv": [16, 15], "uv_size": [-6, -4]},
								"down": {"uv": [16, 15], "uv_size": [-6, -4]}
							}
						},
						{
							"origin": [-1, 29.35, -2.5],
							"size": [2, 0.25, 0.5],
							"uv": {
								"north": {"uv": [10, 11], "uv_size": [6, 4]},
								"east": {"uv": [10, 11], "uv_size": [6, 4]},
								"south": {"uv": [10, 11], "uv_size": [6, 4]},
								"west": {"uv": [10, 11], "uv_size": [6, 4]},
								"up": {"uv": [16, 15], "uv_size": [-6, -4]},
								"down": {"uv": [16, 15], "uv_size": [-6, -4]}
							}
						},
						{
							"origin": [-2, 29.35, -2.5],
							"size": [1, 0.25, 0.5],
							"uv": {
								"north": {"uv": [55, 56], "uv_size": [9, 8]},
								"east": {"uv": [55, 56], "uv_size": [9, 8]},
								"south": {"uv": [55, 56], "uv_size": [9, 8]},
								"west": {"uv": [55, 56], "uv_size": [9, 8]},
								"up": {"uv": [64, 64], "uv_size": [-9, -8]},
								"down": {"uv": [64, 64], "uv_size": [-9, -8]}
							}
						},
						{
							"origin": [-1.9, 29.55, -2.5],
							"size": [0.8, 0.25, 0.5],
							"uv": {
								"north": {"uv": [55, 56], "uv_size": [9, 8]},
								"east": {"uv": [55, 56], "uv_size": [9, 8]},
								"south": {"uv": [55, 56], "uv_size": [9, 8]},
								"west": {"uv": [55, 56], "uv_size": [9, 8]},
								"up": {"uv": [64, 64], "uv_size": [-9, -8]},
								"down": {"uv": [64, 64], "uv_size": [-9, -8]}
							}
						},
						{
							"origin": [1.1, 29.55, -2.5],
							"size": [0.8, 0.25, 0.5],
							"uv": {
								"north": {"uv": [56, 56], "uv_size": [8, 8]},
								"east": {"uv": [56, 56], "uv_size": [8, 8]},
								"south": {"uv": [56, 56], "uv_size": [8, 8]},
								"west": {"uv": [56, 56], "uv_size": [8, 8]},
								"up": {"uv": [64, 64], "uv_size": [-8, -8]},
								"down": {"uv": [64, 64], "uv_size": [-8, -8]}
							}
						},
						{
							"origin": [-1.9, 29.15, -2.5],
							"size": [0.8, 0.25, 0.5],
							"uv": {
								"north": {"uv": [55, 56], "uv_size": [9, 8]},
								"east": {"uv": [55, 56], "uv_size": [9, 8]},
								"south": {"uv": [55, 56], "uv_size": [9, 8]},
								"west": {"uv": [55, 56], "uv_size": [9, 8]},
								"up": {"uv": [64, 64], "uv_size": [-9, -8]},
								"down": {"uv": [64, 64], "uv_size": [-9, -8]}
							}
						},
						{
							"origin": [1.1, 29.15, -2.5],
							"size": [0.8, 0.25, 0.5],
							"uv": {
								"north": {"uv": [55, 56], "uv_size": [9, 8]},
								"east": {"uv": [55, 56], "uv_size": [9, 8]},
								"south": {"uv": [55, 56], "uv_size": [9, 8]},
								"west": {"uv": [55, 56], "uv_size": [9, 8]},
								"up": {"uv": [64, 64], "uv_size": [-9, -8]},
								"down": {"uv": [64, 64], "uv_size": [-9, -8]}
							}
						},
						{
							"origin": [-2, 29.35, -2.5],
							"size": [1, 0.25, 0.5],
							"pivot": [-1.5, 29.475, -2.25],
							"rotation": [0, 0, -27.5],
							"uv": {
								"north": {"uv": [55, 56], "uv_size": [9, 8]},
								"east": {"uv": [55, 56], "uv_size": [9, 8]},
								"south": {"uv": [55, 56], "uv_size": [9, 8]},
								"west": {"uv": [55, 56], "uv_size": [9, 8]},
								"up": {"uv": [64, 64], "uv_size": [-9, -8]},
								"down": {"uv": [64, 64], "uv_size": [-9, -8]}
							}
						},
						{
							"origin": [-2, 29.35, -2.5],
							"size": [1, 0.25, 0.5],
							"pivot": [-1.5, 29.475, -2.25],
							"rotation": [0, 0, 27.5],
							"uv": {
								"north": {"uv": [55, 56], "uv_size": [9, 8]},
								"east": {"uv": [55, 56], "uv_size": [9, 8]},
								"south": {"uv": [55, 56], "uv_size": [9, 8]},
								"west": {"uv": [55, 56], "uv_size": [9, 8]},
								"up": {"uv": [64, 64], "uv_size": [-9, -8]},
								"down": {"uv": [64, 64], "uv_size": [-9, -8]}
							}
						},
						{
							"origin": [1, 29.35, -2.5],
							"size": [1, 0.25, 0.5],
							"uv": {
								"north": {"uv": [55, 56], "uv_size": [9, 8]},
								"east": {"uv": [55, 56], "uv_size": [9, 8]},
								"south": {"uv": [55, 56], "uv_size": [9, 8]},
								"west": {"uv": [55, 56], "uv_size": [9, 8]},
								"up": {"uv": [64, 64], "uv_size": [-9, -8]},
								"down": {"uv": [64, 64], "uv_size": [-9, -8]}
							}
						},
						{
							"origin": [1, 29.35, -2.5],
							"size": [1, 0.25, 0.5],
							"pivot": [1.5, 29.475, -2.25],
							"rotation": [0, 0, 27.5],
							"uv": {
								"north": {"uv": [55, 56], "uv_size": [9, 8]},
								"east": {"uv": [55, 56], "uv_size": [9, 8]},
								"south": {"uv": [55, 56], "uv_size": [9, 8]},
								"west": {"uv": [55, 56], "uv_size": [9, 8]},
								"up": {"uv": [64, 64], "uv_size": [-9, -8]},
								"down": {"uv": [64, 64], "uv_size": [-9, -8]}
							}
						},
						{
							"origin": [1, 29.35, -2.5],
							"size": [1, 0.25, 0.5],
							"pivot": [1.5, 29.475, -2.25],
							"rotation": [0, 0, -27.5],
							"uv": {
								"north": {"uv": [55, 56], "uv_size": [9, 8]},
								"east": {"uv": [55, 56], "uv_size": [9, 8]},
								"south": {"uv": [55, 56], "uv_size": [9, 8]},
								"west": {"uv": [55, 56], "uv_size": [9, 8]},
								"up": {"uv": [64, 64], "uv_size": [-9, -8]},
								"down": {"uv": [64, 64], "uv_size": [-9, -8]}
							}
						},
						{
							"origin": [-1, 29.35, -2.5],
							"size": [2, 0.25, 0.5],
							"pivot": [0, 29.475, -2.25],
							"rotation": [0, 0, 15],
							"uv": {
								"north": {"uv": [10, 11], "uv_size": [6, 4]},
								"east": {"uv": [10, 11], "uv_size": [6, 4]},
								"south": {"uv": [10, 11], "uv_size": [6, 4]},
								"west": {"uv": [10, 11], "uv_size": [6, 4]},
								"up": {"uv": [16, 15], "uv_size": [-6, -4]},
								"down": {"uv": [16, 15], "uv_size": [-6, -4]}
							}
						},
						{
							"origin": [-1, 29.35, -2.5],
							"size": [2, 0.25, 0.5],
							"pivot": [0, 29.475, -2.25],
							"rotation": [0, 0, -15],
							"uv": {
								"north": {"uv": [10, 11], "uv_size": [6, 4]},
								"east": {"uv": [10, 11], "uv_size": [6, 4]},
								"south": {"uv": [10, 11], "uv_size": [6, 4]},
								"west": {"uv": [10, 11], "uv_size": [6, 4]},
								"up": {"uv": [16, 15], "uv_size": [-6, -4]},
								"down": {"uv": [16, 15], "uv_size": [-6, -4]}
							}
						},
						{
							"origin": [-1, 29.35, -2.5],
							"size": [2, 0.25, 0.5],
							"pivot": [0, 29.475, -2.25],
							"rotation": [0, 0, -30],
							"uv": {
								"north": {"uv": [10, 11], "uv_size": [6, 4]},
								"east": {"uv": [10, 11], "uv_size": [6, 4]},
								"south": {"uv": [10, 11], "uv_size": [6, 4]},
								"west": {"uv": [10, 11], "uv_size": [6, 4]},
								"up": {"uv": [16, 15], "uv_size": [-6, -4]},
								"down": {"uv": [16, 15], "uv_size": [-6, -4]}
							}
						},
						{
							"origin": [-1, 29.35, -2.5],
							"size": [2, 0.25, 0.5],
							"pivot": [0, 29.475, -2.25],
							"rotation": [0, 0, 30],
							"uv": {
								"north": {"uv": [10, 11], "uv_size": [6, 4]},
								"east": {"uv": [10, 11], "uv_size": [6, 4]},
								"south": {"uv": [10, 11], "uv_size": [6, 4]},
								"west": {"uv": [10, 11], "uv_size": [6, 4]},
								"up": {"uv": [16, 15], "uv_size": [-6, -4]},
								"down": {"uv": [16, 15], "uv_size": [-6, -4]}
							}
						},
						{
							"origin": [-1, 26.5, -2],
							"size": [2, 0.5, 4],
							"uv": {
								"north": {"uv": [28, 0], "uv_size": [25, 26]},
								"east": {"uv": [28, 0], "uv_size": [25, 26]},
								"south": {"uv": [28, 0], "uv_size": [25, 26]},
								"west": {"uv": [28, 0], "uv_size": [25, 26]},
								"up": {"uv": [53, 26], "uv_size": [-25, -26]},
								"down": {"uv": [53, 26], "uv_size": [-25, -26]}
							}
						},
						{
							"origin": [-1, 26.5, -2],
							"size": [2, 1, 4],
							"pivot": [0, 29, 0],
							"rotation": [0, 0, -42.5],
							"uv": {
								"north": {"uv": [28, 0], "uv_size": [25, 26]},
								"east": {"uv": [28, 0], "uv_size": [25, 26]},
								"south": {"uv": [28, 0], "uv_size": [25, 26]},
								"west": {"uv": [28, 0], "uv_size": [25, 26]},
								"up": {"uv": [53, 26], "uv_size": [-25, -26]},
								"down": {"uv": [53, 26], "uv_size": [-25, -26]}
							}
						},
						{
							"origin": [-1, 26.5, -2],
							"size": [4, 1, 4],
							"pivot": [0, 29, 0],
							"rotation": [0, 0, -85],
							"uv": {
								"north": {"uv": [28, 0], "uv_size": [25, 26]},
								"east": {"uv": [28, 0], "uv_size": [25, 26]},
								"south": {"uv": [28, 0], "uv_size": [25, 26]},
								"west": {"uv": [28, 0], "uv_size": [25, 26]},
								"up": {"uv": [53, 26], "uv_size": [-25, -26]},
								"down": {"uv": [53, 26], "uv_size": [-25, -26]}
							}
						},
						{
							"origin": [0, 27.5, -2],
							"size": [4, 1, 4],
							"pivot": [0, 29, 0],
							"rotation": [0, 0, -85],
							"uv": {
								"north": {"uv": [28, 0], "uv_size": [25, 26]},
								"east": {"uv": [28, 0], "uv_size": [25, 26]},
								"south": {"uv": [28, 0], "uv_size": [25, 26]},
								"west": {"uv": [28, 0], "uv_size": [25, 26]},
								"up": {"uv": [53, 26], "uv_size": [-25, -26]},
								"down": {"uv": [53, 26], "uv_size": [-25, -26]}
							}
						},
						{
							"origin": [-1, 26.5, -2],
							"size": [2, 1, 4],
							"pivot": [0, 29, 0],
							"rotation": [0, 0, 42.5],
							"uv": {
								"north": {"uv": [28, 0], "uv_size": [25, 26]},
								"east": {"uv": [28, 0], "uv_size": [25, 26]},
								"south": {"uv": [28, 0], "uv_size": [25, 26]},
								"west": {"uv": [28, 0], "uv_size": [25, 26]},
								"up": {"uv": [53, 26], "uv_size": [-25, -26]},
								"down": {"uv": [53, 26], "uv_size": [-25, -26]}
							}
						},
						{
							"origin": [-3, 26.5, -2],
							"size": [4, 1, 4],
							"pivot": [0, 29, 0],
							"rotation": [0, 0, 85],
							"uv": {
								"north": {"uv": [28, 0], "uv_size": [25, 26]},
								"east": {"uv": [28, 0], "uv_size": [25, 26]},
								"south": {"uv": [28, 0], "uv_size": [25, 26]},
								"west": {"uv": [28, 0], "uv_size": [25, 26]},
								"up": {"uv": [53, 26], "uv_size": [-25, -26]},
								"down": {"uv": [53, 26], "uv_size": [-25, -26]}
							}
						},
						{
							"origin": [-4, 27.5, -2],
							"size": [4, 1, 4],
							"pivot": [0, 29, 0],
							"rotation": [0, 0, 85],
							"uv": {
								"north": {"uv": [28, 0], "uv_size": [25, 26]},
								"east": {"uv": [28, 0], "uv_size": [25, 26]},
								"south": {"uv": [28, 0], "uv_size": [25, 26]},
								"west": {"uv": [28, 0], "uv_size": [25, 26]},
								"up": {"uv": [53, 26], "uv_size": [-25, -26]},
								"down": {"uv": [53, 26], "uv_size": [-25, -26]}
							}
						},
						{
							"origin": [-1.00761, 27.32569, -1],
							"size": [2, 1, 2],
							"pivot": [0, 31, 0],
							"rotation": [0, 0, 125],
							"uv": {
								"north": {"uv": [8, 29], "uv_size": [2, 2]},
								"east": {"uv": [8, 29], "uv_size": [2, 2]},
								"south": {"uv": [8, 29], "uv_size": [2, 2]},
								"west": {"uv": [8, 29], "uv_size": [2, 2]},
								"up": {"uv": [10, 31], "uv_size": [-2, -2]},
								"down": {"uv": [10, 31], "uv_size": [-2, -2]}
							}
						},
						{
							"origin": [-1.25, 27.32569, -1],
							"size": [2.5, 0.5, 2],
							"pivot": [0, 31, 0],
							"rotation": [0, 0, 125],
							"uv": {
								"north": {"uv": [9, 30], "uv_size": [1, -1]},
								"east": {"uv": [9, 30], "uv_size": [1, -1]},
								"south": {"uv": [9, 30], "uv_size": [1, -1]},
								"west": {"uv": [9, 30], "uv_size": [1, -1]},
								"up": {"uv": [10, 29], "uv_size": [-1, 1]},
								"down": {"uv": [10, 29], "uv_size": [-1, 1]}
							}
						},
						{
							"origin": [-1.00761, 28.32569, -2],
							"size": [2, 1, 4],
							"pivot": [0, 31, 0],
							"rotation": [0, 0, 125],
							"uv": {
								"north": {"uv": [28, 0], "uv_size": [25, 26]},
								"east": {"uv": [28, 0], "uv_size": [25, 26]},
								"south": {"uv": [28, 0], "uv_size": [25, 26]},
								"west": {"uv": [28, 0], "uv_size": [25, 26]},
								"up": {"uv": [53, 26], "uv_size": [-25, -26]},
								"down": {"uv": [53, 26], "uv_size": [-25, -26]}
							}
						},
						{
							"origin": [-1.00761, 28.32569, -2],
							"size": [2, 1, 4],
							"pivot": [0, 31, 0],
							"rotation": [0, 0, 165],
							"uv": {
								"north": {"uv": [28, 0], "uv_size": [25, 26]},
								"east": {"uv": [28, 0], "uv_size": [25, 26]},
								"south": {"uv": [28, 0], "uv_size": [25, 26]},
								"west": {"uv": [28, 0], "uv_size": [25, 26]},
								"up": {"uv": [53, 26], "uv_size": [-25, -26]},
								"down": {"uv": [53, 26], "uv_size": [-25, -26]}
							}
						},
						{
							"origin": [-1.00761, 28.32569, -2],
							"size": [2, 1, 4],
							"pivot": [0, 31, 0],
							"rotation": [0, 0, -125],
							"uv": {
								"north": {"uv": [28, 0], "uv_size": [25, 26]},
								"east": {"uv": [28, 0], "uv_size": [25, 26]},
								"south": {"uv": [28, 0], "uv_size": [25, 26]},
								"west": {"uv": [28, 0], "uv_size": [25, 26]},
								"up": {"uv": [53, 26], "uv_size": [-25, -26]},
								"down": {"uv": [53, 26], "uv_size": [-25, -26]}
							}
						},
						{
							"origin": [-1.00761, 28.32569, -2],
							"size": [2, 1, 4],
							"pivot": [0, 31, 0],
							"rotation": [0, 0, -165],
							"uv": {
								"north": {"uv": [28, 0], "uv_size": [25, 26]},
								"east": {"uv": [28, 0], "uv_size": [25, 26]},
								"south": {"uv": [28, 0], "uv_size": [25, 26]},
								"west": {"uv": [28, 0], "uv_size": [25, 26]},
								"up": {"uv": [53, 26], "uv_size": [-25, -26]},
								"down": {"uv": [53, 26], "uv_size": [-25, -26]}
							}
						}
					]
				},
				{
					"name": "hat",
					"parent": "head",
					"pivot": [0, 24, 0]
				},
				{
					"name": "jacket",
					"parent": "Kbody",
					"pivot": [0, 12, 0]
				},
				{
					"name": "RightArmUp",
					"parent": "Kbody",
					"pivot": [-4.64396, 23.20113, 0],
					"cubes": [
						{
							"origin": [-5, 23, -1.5],
							"size": [3, 3, 3],
							"pivot": [-4.5, 25, -0.5],
							"rotation": [0, 0, 52.5],
							"uv": {
								"north": {"uv": [5, 36], "uv_size": [2, 2]},
								"east": {"uv": [5, 36], "uv_size": [2, 2]},
								"south": {"uv": [5, 36], "uv_size": [2, 2]},
								"west": {"uv": [5, 36], "uv_size": [2, 2]},
								"up": {"uv": [7, 38], "uv_size": [-2, -2]},
								"down": {"uv": [7, 38], "uv_size": [-2, -2]}
							}
						},
						{
							"origin": [-6.25, 21, -1.25],
							"size": [2.5, 3, 2.5],
							"uv": {
								"north": {"uv": [5, 36], "uv_size": [2, 2]},
								"east": {"uv": [5, 36], "uv_size": [2, 2]},
								"south": {"uv": [5, 36], "uv_size": [2, 2]},
								"west": {"uv": [5, 36], "uv_size": [2, 2]},
								"up": {"uv": [7, 38], "uv_size": [-2, -2]},
								"down": {"uv": [7, 38], "uv_size": [-2, -2]}
							}
						}
					]
				},
				{
					"name": "RightArmDown",
					"parent": "RightArmUp",
					"pivot": [-5.125, 13.99464, 0.0625],
					"cubes": [
						{
							"origin": [-6.25, 15, -1.25],
							"size": [2.5, 6, 2.5],
							"uv": {
								"north": {"uv": [37, 42], "uv_size": [2, 2]},
								"east": {"uv": [37, 42], "uv_size": [2, 2]},
								"south": {"uv": [37, 42], "uv_size": [2, 2]},
								"west": {"uv": [37, 42], "uv_size": [2, 2]},
								"up": {"uv": [39, 44], "uv_size": [-2, -2]},
								"down": {"uv": [39, 44], "uv_size": [-2, -2]}
							}
						},
						{
							"origin": [-6, 14.5, -1],
							"size": [2, 0.5, 2],
							"uv": {
								"north": {"uv": [37, 20], "uv_size": [1, 2]},
								"east": {"uv": [37, 20], "uv_size": [1, 2]},
								"south": {"uv": [37, 20], "uv_size": [1, 2]},
								"west": {"uv": [37, 20], "uv_size": [1, 2]},
								"up": {"uv": [38, 22], "uv_size": [-1, -2]},
								"down": {"uv": [38, 22], "uv_size": [-1, -2]}
							}
						},
						{
							"origin": [-6, 13, -1],
							"size": [0.5, 1.5, 2],
							"uv": {
								"north": {"uv": [37, 12], "uv_size": [1, 2]},
								"east": {"uv": [37, 12], "uv_size": [1, 2]},
								"south": {"uv": [37, 12], "uv_size": [1, 2]},
								"west": {"uv": [37, 12], "uv_size": [1, 2]},
								"up": {"uv": [38, 14], "uv_size": [-1, -2]},
								"down": {"uv": [38, 14], "uv_size": [-1, -2]}
							}
						},
						{
							"origin": [-4.5, 13, -1],
							"size": [0.5, 1.5, 0.5],
							"uv": {
								"north": {"uv": [38, 13], "uv_size": [1, 2]},
								"east": {"uv": [38, 13], "uv_size": [1, 2]},
								"south": {"uv": [38, 13], "uv_size": [1, 2]},
								"west": {"uv": [38, 13], "uv_size": [1, 2]},
								"up": {"uv": [39, 15], "uv_size": [-1, -2]},
								"down": {"uv": [39, 15], "uv_size": [-1, -2]}
							}
						},
						{
							"origin": [-5.5, 12, -1],
							"size": [0.5, 1.5, 0.5],
							"pivot": [-5.25, 12.75, -0.75],
							"rotation": [0, 0, -45],
							"uv": {
								"north": {"uv": [36, 18], "uv_size": [1, 2]},
								"east": {"uv": [36, 18], "uv_size": [1, 2]},
								"south": {"uv": [36, 18], "uv_size": [1, 2]},
								"west": {"uv": [36, 18], "uv_size": [1, 2]},
								"up": {"uv": [37, 20], "uv_size": [-1, -2]},
								"down": {"uv": [37, 20], "uv_size": [-1, -2]}
							}
						},
						{
							"origin": [-5.5, 12, 0.5],
							"size": [0.5, 1.5, 0.5],
							"pivot": [-5.25, 12.75, -0.75],
							"rotation": [0, 0, -45],
							"uv": {
								"north": {"uv": [35, 19], "uv_size": [1, 2]},
								"east": {"uv": [35, 19], "uv_size": [1, 2]},
								"south": {"uv": [35, 19], "uv_size": [1, 2]},
								"west": {"uv": [35, 19], "uv_size": [1, 2]},
								"up": {"uv": [36, 21], "uv_size": [-1, -2]},
								"down": {"uv": [36, 21], "uv_size": [-1, -2]}
							}
						},
						{
							"origin": [-5, 12.5, 1],
							"size": [0.5, 1.5, 0.5],
							"pivot": [-5.25, 12.75, -0.75],
							"rotation": [0, 0, -45],
							"uv": {
								"north": {"uv": [38, 13], "uv_size": [1, 2]},
								"east": {"uv": [38, 13], "uv_size": [1, 2]},
								"south": {"uv": [38, 13], "uv_size": [1, 2]},
								"west": {"uv": [38, 13], "uv_size": [1, 2]},
								"up": {"uv": [39, 15], "uv_size": [-1, -2]},
								"down": {"uv": [39, 15], "uv_size": [-1, -2]}
							}
						},
						{
							"origin": [-5.5, 12, -0.25],
							"size": [0.5, 1.5, 0.5],
							"pivot": [-5.25, 12.75, -0.75],
							"rotation": [0, 0, -45],
							"uv": {
								"north": {"uv": [38, 14], "uv_size": [1, 2]},
								"east": {"uv": [38, 14], "uv_size": [1, 2]},
								"south": {"uv": [38, 14], "uv_size": [1, 2]},
								"west": {"uv": [38, 14], "uv_size": [1, 2]},
								"up": {"uv": [39, 16], "uv_size": [-1, -2]},
								"down": {"uv": [39, 16], "uv_size": [-1, -2]}
							}
						}
					]
				},
				{
					"name": "rightItem",
					"parent": "RightArmDown",
					"pivot": [-6, 15, 1]
				},
				{
					"name": "Item",
					"parent": "RightArmDown",
					"pivot": [-6, 18, 2]
				},
				{
					"name": "cItem",
					"parent": "RightArmDown",
					"pivot": [-6, 15, 1]
				},
				{
					"name": "LeftArmUp",
					"parent": "Kbody",
					"pivot": [4.62012, 23.20628, 0],
					"cubes": [
						{
							"origin": [2, 23, -1.5],
							"size": [3, 3, 3],
							"pivot": [4.5, 25, -0.5],
							"rotation": [0, 0, -50],
							"uv": {
								"north": {"uv": [39, 40], "uv_size": [2, 2]},
								"east": {"uv": [39, 40], "uv_size": [2, 2]},
								"south": {"uv": [39, 40], "uv_size": [2, 2]},
								"west": {"uv": [39, 40], "uv_size": [2, 2]},
								"up": {"uv": [41, 42], "uv_size": [-2, -2]},
								"down": {"uv": [41, 42], "uv_size": [-2, -2]}
							}
						},
						{
							"origin": [3.75, 21, -1.25],
							"size": [2.5, 3, 2.5],
							"uv": {
								"north": {"uv": [39, 40], "uv_size": [2, 2]},
								"east": {"uv": [39, 40], "uv_size": [2, 2]},
								"south": {"uv": [39, 40], "uv_size": [2, 2]},
								"west": {"uv": [39, 40], "uv_size": [2, 2]},
								"up": {"uv": [41, 42], "uv_size": [-2, -2]},
								"down": {"uv": [41, 42], "uv_size": [-2, -2]}
							}
						}
					]
				},
				{
					"name": "LeftArmDown",
					"parent": "LeftArmUp",
					"pivot": [5.11616, 13.9858, 0.0625],
					"cubes": [
						{
							"origin": [3.75, 15, -1.25],
							"size": [2.5, 6, 2.5],
							"uv": {
								"north": {"uv": [40, 45], "uv_size": [2, 2]},
								"east": {"uv": [40, 45], "uv_size": [2, 2]},
								"south": {"uv": [40, 45], "uv_size": [2, 2]},
								"west": {"uv": [40, 45], "uv_size": [2, 2]},
								"up": {"uv": [42, 47], "uv_size": [-2, -2]},
								"down": {"uv": [42, 47], "uv_size": [-2, -2]}
							}
						},
						{
							"origin": [4, 14.5, -1],
							"size": [2, 0.5, 2],
							"uv": {
								"north": {"uv": [40, 15], "uv_size": [2, 2]},
								"east": {"uv": [40, 15], "uv_size": [2, 2]},
								"south": {"uv": [40, 15], "uv_size": [2, 2]},
								"west": {"uv": [40, 15], "uv_size": [2, 2]},
								"up": {"uv": [42, 17], "uv_size": [-2, -2]},
								"down": {"uv": [42, 17], "uv_size": [-2, -2]}
							}
						},
						{
							"origin": [5.5, 13, -1],
							"size": [0.5, 1.5, 2],
							"uv": {
								"north": {"uv": [38, 12], "uv_size": [2, 2]},
								"east": {"uv": [38, 12], "uv_size": [2, 2]},
								"south": {"uv": [38, 12], "uv_size": [2, 2]},
								"west": {"uv": [38, 12], "uv_size": [2, 2]},
								"up": {"uv": [40, 14], "uv_size": [-2, -2]},
								"down": {"uv": [40, 14], "uv_size": [-2, -2]}
							}
						},
						{
							"origin": [4, 13, -1],
							"size": [0.5, 1.5, 0.5],
							"uv": {
								"north": {"uv": [37, 14], "uv_size": [2, 2]},
								"east": {"uv": [37, 14], "uv_size": [2, 2]},
								"south": {"uv": [37, 14], "uv_size": [2, 2]},
								"west": {"uv": [37, 14], "uv_size": [2, 2]},
								"up": {"uv": [39, 16], "uv_size": [-2, -2]},
								"down": {"uv": [39, 16], "uv_size": [-2, -2]}
							}
						},
						{
							"origin": [5, 12, -1],
							"size": [0.5, 1.5, 0.5],
							"pivot": [5.25, 12.75, -0.75],
							"rotation": [0, 0, 45],
							"uv": {
								"north": {"uv": [37, 14], "uv_size": [2, 2]},
								"east": {"uv": [37, 14], "uv_size": [2, 2]},
								"south": {"uv": [37, 14], "uv_size": [2, 2]},
								"west": {"uv": [37, 14], "uv_size": [2, 2]},
								"up": {"uv": [39, 16], "uv_size": [-2, -2]},
								"down": {"uv": [39, 16], "uv_size": [-2, -2]}
							}
						},
						{
							"origin": [5, 12, 0.5],
							"size": [0.5, 1.5, 0.5],
							"pivot": [5.25, 12.75, -0.75],
							"rotation": [0, 0, 45],
							"uv": {
								"north": {"uv": [40, 16], "uv_size": [2, 2]},
								"east": {"uv": [40, 16], "uv_size": [2, 2]},
								"south": {"uv": [40, 16], "uv_size": [2, 2]},
								"west": {"uv": [40, 16], "uv_size": [2, 2]},
								"up": {"uv": [42, 18], "uv_size": [-2, -2]},
								"down": {"uv": [42, 18], "uv_size": [-2, -2]}
							}
						},
						{
							"origin": [5, 12, -0.25],
							"size": [0.5, 1.5, 0.5],
							"pivot": [5.25, 12.75, -0.75],
							"rotation": [0, 0, 45],
							"uv": {
								"north": {"uv": [36, 13], "uv_size": [2, 2]},
								"east": {"uv": [36, 13], "uv_size": [2, 2]},
								"south": {"uv": [36, 13], "uv_size": [2, 2]},
								"west": {"uv": [36, 13], "uv_size": [2, 2]},
								"up": {"uv": [38, 15], "uv_size": [-2, -2]},
								"down": {"uv": [38, 15], "uv_size": [-2, -2]}
							}
						},
						{
							"origin": [4.5, 12.4, 1],
							"size": [0.5, 1.5, 0.5],
							"pivot": [5.25, 12.75, -0.75],
							"rotation": [0, 0, 45],
							"uv": {
								"north": {"uv": [38, 11], "uv_size": [2, 2]},
								"east": {"uv": [38, 11], "uv_size": [2, 2]},
								"south": {"uv": [38, 11], "uv_size": [2, 2]},
								"west": {"uv": [38, 11], "uv_size": [2, 2]},
								"up": {"uv": [40, 13], "uv_size": [-2, -2]},
								"down": {"uv": [40, 13], "uv_size": [-2, -2]}
							}
						}
					]
				},
				{
					"name": "LeftItem",
					"parent": "LeftArmDown",
					"pivot": [6, 15, 1]
				},
				{
					"name": "LItem",
					"parent": "LeftArmDown",
					"pivot": [6, 15, 1]
				},
				{
					"name": "KLegs",
					"parent": "Kroot",
					"pivot": [0, 12, 0]
				},
				{
					"name": "RightLegUp",
					"parent": "KLegs",
					"pivot": [-0.75, 11.5, 0],
					"cubes": [
						{
							"origin": [-2.75, 7, -1.75],
							"size": [2.5, 7, 3.5],
							"inflate": 0.03,
							"uv": {
								"north": {"uv": [0, 56], "uv_size": [13, 8]},
								"east": {"uv": [0, 56], "uv_size": [13, 8]},
								"south": {"uv": [0, 56], "uv_size": [13, 8]},
								"west": {"uv": [0, 56], "uv_size": [13, 8]},
								"up": {"uv": [13, 64], "uv_size": [-13, -8]},
								"down": {"uv": [13, 64], "uv_size": [-13, -8]}
							}
						},
						{
							"origin": [-2.75, 11, -1.75],
							"size": [5.5, 3, 3.5],
							"inflate": 0.03,
							"uv": {
								"north": {"uv": [0, 56], "uv_size": [13, 8]},
								"east": {"uv": [0, 56], "uv_size": [13, 8]},
								"south": {"uv": [0, 56], "uv_size": [13, 8]},
								"west": {"uv": [0, 56], "uv_size": [13, 8]},
								"up": {"uv": [13, 64], "uv_size": [-13, -8]},
								"down": {"uv": [13, 64], "uv_size": [-13, -8]}
							}
						}
					]
				},
				{
					"name": "RightLegDown",
					"parent": "RightLegUp",
					"pivot": [-1.5, 2.07831, -0.86184],
					"cubes": [
						{
							"origin": [-2.5, 1, -1.5],
							"size": [2, 7, 3],
							"inflate": 0.03,
							"uv": {
								"north": {"uv": [13, 64], "uv_size": [-13, -8]},
								"east": {"uv": [13, 64], "uv_size": [-13, -8]},
								"south": {"uv": [13, 64], "uv_size": [-13, -8]},
								"west": {"uv": [13, 64], "uv_size": [-13, -8]},
								"up": {"uv": [0, 56], "uv_size": [13, 8]},
								"down": {"uv": [0, 56], "uv_size": [13, 8]}
							}
						},
						{
							"origin": [-2.75, 0, -1.75],
							"size": [2.5, 2, 3.5],
							"inflate": 0.03,
							"uv": {
								"north": {"uv": [26, 64], "uv_size": [-13, -8]},
								"east": {"uv": [26, 64], "uv_size": [-13, -8]},
								"south": {"uv": [26, 64], "uv_size": [-13, -8]},
								"west": {"uv": [26, 64], "uv_size": [-13, -8]},
								"up": {"uv": [13, 56], "uv_size": [13, 8]},
								"down": {"uv": [13, 56], "uv_size": [13, 8]}
							}
						},
						{
							"origin": [-2.75, 0, -3.75],
							"size": [2.5, 1.5, 2.5],
							"inflate": 0.03,
							"pivot": [-1.5, 0.5, -2.5],
							"rotation": [20, 0, 0],
							"uv": {
								"north": {"uv": [26, 64], "uv_size": [-13, -8]},
								"east": {"uv": [26, 64], "uv_size": [-13, -8]},
								"south": {"uv": [26, 64], "uv_size": [-13, -8]},
								"west": {"uv": [26, 64], "uv_size": [-13, -8]},
								"up": {"uv": [13, 56], "uv_size": [13, 8]},
								"down": {"uv": [13, 56], "uv_size": [13, 8]}
							}
						}
					]
				},
				{
					"name": "LeftLegUp",
					"parent": "KLegs",
					"pivot": [0.75, 11.5, 0],
					"cubes": [
						{
							"origin": [0.25, 7, -1.75],
							"size": [2.5, 7, 3.5],
							"inflate": 0.03,
							"uv": {
								"north": {"uv": [0, 56], "uv_size": [13, 8]},
								"east": {"uv": [0, 56], "uv_size": [13, 8]},
								"south": {"uv": [0, 56], "uv_size": [13, 8]},
								"west": {"uv": [0, 56], "uv_size": [13, 8]},
								"up": {"uv": [13, 64], "uv_size": [-13, -8]},
								"down": {"uv": [13, 64], "uv_size": [-13, -8]}
							}
						},
						{
							"origin": [-2.75, 11, -1.75],
							"size": [5.5, 3, 3.5],
							"inflate": 0.03,
							"uv": {
								"north": {"uv": [0, 56], "uv_size": [13, 8]},
								"east": {"uv": [0, 56], "uv_size": [13, 8]},
								"south": {"uv": [0, 56], "uv_size": [13, 8]},
								"west": {"uv": [0, 56], "uv_size": [13, 8]},
								"up": {"uv": [13, 64], "uv_size": [-13, -8]},
								"down": {"uv": [13, 64], "uv_size": [-13, -8]}
							}
						}
					]
				},
				{
					"name": "LeftLegDown",
					"parent": "LeftLegUp",
					"pivot": [1.5, 2.08333, -0.83333],
					"cubes": [
						{
							"origin": [0.5, 1, -1.5],
							"size": [2, 7, 3],
							"inflate": 0.03,
							"uv": {
								"north": {"uv": [13, 64], "uv_size": [-13, -8]},
								"east": {"uv": [13, 64], "uv_size": [-13, -8]},
								"south": {"uv": [13, 64], "uv_size": [-13, -8]},
								"west": {"uv": [13, 64], "uv_size": [-13, -8]},
								"up": {"uv": [0, 56], "uv_size": [13, 8]},
								"down": {"uv": [0, 56], "uv_size": [13, 8]}
							}
						},
						{
							"origin": [0.25, 0, -1.75],
							"size": [2.5, 2, 3.5],
							"inflate": 0.03,
							"uv": {
								"north": {"uv": [26, 64], "uv_size": [-13, -8]},
								"east": {"uv": [26, 64], "uv_size": [-13, -8]},
								"south": {"uv": [26, 64], "uv_size": [-13, -8]},
								"west": {"uv": [26, 64], "uv_size": [-13, -8]},
								"up": {"uv": [13, 56], "uv_size": [13, 8]},
								"down": {"uv": [13, 56], "uv_size": [13, 8]}
							}
						},
						{
							"origin": [0.25, 0, -3.75],
							"size": [2.5, 1.5, 2.5],
							"inflate": 0.03,
							"pivot": [1.5, 0.75, -2.5],
							"rotation": [20, 0, 0],
							"uv": {
								"north": {"uv": [26, 64], "uv_size": [-13, -8]},
								"east": {"uv": [26, 64], "uv_size": [-13, -8]},
								"south": {"uv": [26, 64], "uv_size": [-13, -8]},
								"west": {"uv": [26, 64], "uv_size": [-13, -8]},
								"up": {"uv": [13, 56], "uv_size": [13, 8]},
								"down": {"uv": [13, 56], "uv_size": [13, 8]}
							}
						}
					]
				}
			]
		}
	]
}