{
	"format_version": "1.12.0",
	"minecraft:geometry": [
		{
			"description": {
				"identifier": "geometry.lis_cage",
				"texture_width": 64,
				"texture_height": 64,
				"visible_bounds_width": 4,
				"visible_bounds_height": 5.5,
				"visible_bounds_offset": [0, 1.25, 0]
			},
			"bones": [
				{
					"name": "root0",
					"pivot": [0, 0, 0]
				},
				{
					"name": "root2",
					"parent": "root0",
					"pivot": [0, 10, 0]
				},
				{
					"name": "root1",
					"parent": "root2",
					"pivot": [0, 30, 0]
				},
				{
					"name": "Kroot",
					"parent": "root1",
					"pivot": [0, 20, 0]
				},
				{
					"name": "Kwaist",
					"parent": "Kroot",
					"pivot": [0, 12, 0]
				},
				{
					"name": "body0",
					"parent": "Kwaist",
					"pivot": [0, 24, 0]
				},
				{
					"name": "Kbody",
					"parent": "body0",
					"pivot": [0, 12, 0],
					"cubes": [
						{
							"origin": [6, 0, 4.5],
							"size": [1, 2, 2.5],
							"uv": {
								"north": {"uv": [61, 57], "uv_size": [2.5, 2]},
								"east": {"uv": [61, 57], "uv_size": [2.5, 2]},
								"south": {"uv": [61, 57], "uv_size": [2.5, 2]},
								"west": {"uv": [61, 57], "uv_size": [2.5, 2]},
								"up": {"uv": [63.5, 59], "uv_size": [-2.5, -2]},
								"down": {"uv": [63.5, 59], "uv_size": [-2.5, -2]}
							}
						},
						{
							"origin": [-7, 0, 4.5],
							"size": [1, 2, 2.5],
							"uv": {
								"north": {"uv": [61, 57], "uv_size": [2.5, 2]},
								"east": {"uv": [61, 57], "uv_size": [2.5, 2]},
								"south": {"uv": [61, 57], "uv_size": [2.5, 2]},
								"west": {"uv": [61, 57], "uv_size": [2.5, 2]},
								"up": {"uv": [63.5, 59], "uv_size": [-2.5, -2]},
								"down": {"uv": [63.5, 59], "uv_size": [-2.5, -2]}
							}
						},
						{
							"origin": [6, 0, -7],
							"size": [1, 2, 2.5],
							"uv": {
								"north": {"uv": [61, 57], "uv_size": [2.5, 2]},
								"east": {"uv": [61, 57], "uv_size": [2.5, 2]},
								"south": {"uv": [61, 57], "uv_size": [2.5, 2]},
								"west": {"uv": [61, 57], "uv_size": [2.5, 2]},
								"up": {"uv": [63.5, 59], "uv_size": [-2.5, -2]},
								"down": {"uv": [63.5, 59], "uv_size": [-2.5, -2]}
							}
						},
						{
							"origin": [-7, 0, -7],
							"size": [1, 2, 2.5],
							"uv": {
								"north": {"uv": [61, 57], "uv_size": [2.5, 2]},
								"east": {"uv": [61, 57], "uv_size": [2.5, 2]},
								"south": {"uv": [61, 57], "uv_size": [2.5, 2]},
								"west": {"uv": [61, 57], "uv_size": [2.5, 2]},
								"up": {"uv": [63.5, 59], "uv_size": [-2.5, -2]},
								"down": {"uv": [63.5, 59], "uv_size": [-2.5, -2]}
							}
						},
						{
							"origin": [-8, 1.5, -8],
							"size": [16, 1.5, 16],
							"uv": {
								"north": {"uv": [56, 60], "uv_size": [4, 4]},
								"east": {"uv": [56, 60], "uv_size": [4, 4]},
								"south": {"uv": [56, 60], "uv_size": [4, 4]},
								"west": {"uv": [56, 60], "uv_size": [4, 4]},
								"up": {"uv": [60, 64], "uv_size": [-4, -4]},
								"down": {"uv": [60, 64], "uv_size": [-4, -4]}
							}
						},
						{
							"origin": [6, 3, -7],
							"size": [1, 7, 14],
							"uv": {
								"north": {"uv": [56, 56], "uv_size": [4, 4]},
								"east": {"uv": [56, 56], "uv_size": [4, 4]},
								"south": {"uv": [56, 56], "uv_size": [4, 4]},
								"west": {"uv": [56, 56], "uv_size": [4, 4]},
								"up": {"uv": [60, 60], "uv_size": [-4, -4]},
								"down": {"uv": [60, 60], "uv_size": [-4, -4]}
							}
						},
						{
							"origin": [-7, 3, -7],
							"size": [1, 7, 14],
							"uv": {
								"north": {"uv": [56, 56], "uv_size": [4, 4]},
								"east": {"uv": [56, 56], "uv_size": [4, 4]},
								"south": {"uv": [56, 56], "uv_size": [4, 4]},
								"west": {"uv": [56, 56], "uv_size": [4, 4]},
								"up": {"uv": [60, 60], "uv_size": [-4, -4]},
								"down": {"uv": [60, 60], "uv_size": [-4, -4]}
							}
						},
						{
							"origin": [-7, 3, 6],
							"size": [14, 20, 1],
							"uv": {
								"north": {"uv": [56, 56], "uv_size": [4, 4]},
								"east": {"uv": [56, 56], "uv_size": [4, 4]},
								"south": {"uv": [56, 56], "uv_size": [4, 4]},
								"west": {"uv": [56, 56], "uv_size": [4, 4]},
								"up": {"uv": [60, 60], "uv_size": [-4, -4]},
								"down": {"uv": [60, 60], "uv_size": [-4, -4]}
							}
						},
						{
							"origin": [-6, 21, -7],
							"size": [12, 2, 1],
							"uv": {
								"north": {"uv": [56, 56], "uv_size": [4, 4]},
								"east": {"uv": [56, 56], "uv_size": [4, 4]},
								"south": {"uv": [56, 56], "uv_size": [4, 4]},
								"west": {"uv": [56, 56], "uv_size": [4, 4]},
								"up": {"uv": [60, 60], "uv_size": [-4, -4]},
								"down": {"uv": [60, 60], "uv_size": [-4, -4]}
							}
						},
						{
							"origin": [-6, 8, -7],
							"size": [12, 2, 1],
							"uv": {
								"north": {"uv": [56, 56], "uv_size": [4, 4]},
								"east": {"uv": [56, 56], "uv_size": [4, 4]},
								"south": {"uv": [56, 56], "uv_size": [4, 4]},
								"west": {"uv": [56, 56], "uv_size": [4, 4]},
								"up": {"uv": [60, 60], "uv_size": [-4, -4]},
								"down": {"uv": [60, 60], "uv_size": [-4, -4]}
							}
						},
						{
							"origin": [-6, 3, -7],
							"size": [12, 1, 1],
							"uv": {
								"north": {"uv": [56, 56], "uv_size": [4, 4]},
								"east": {"uv": [56, 56], "uv_size": [4, 4]},
								"south": {"uv": [56, 56], "uv_size": [4, 4]},
								"west": {"uv": [56, 56], "uv_size": [4, 4]},
								"up": {"uv": [60, 60], "uv_size": [-4, -4]},
								"down": {"uv": [60, 60], "uv_size": [-4, -4]}
							}
						},
						{
							"origin": [-7, 10, -7],
							"size": [1, 13, 1],
							"uv": {
								"north": {"uv": [56, 56], "uv_size": [4, 4]},
								"east": {"uv": [56, 56], "uv_size": [4, 4]},
								"south": {"uv": [56, 56], "uv_size": [4, 4]},
								"west": {"uv": [56, 56], "uv_size": [4, 4]},
								"up": {"uv": [60, 60], "uv_size": [-4, -4]},
								"down": {"uv": [60, 60], "uv_size": [-4, -4]}
							}
						},
						{
							"origin": [-7, 10, -4],
							"size": [1, 13, 1],
							"uv": {
								"north": {"uv": [56, 56], "uv_size": [4, 4]},
								"east": {"uv": [56, 56], "uv_size": [4, 4]},
								"south": {"uv": [56, 56], "uv_size": [4, 4]},
								"west": {"uv": [56, 56], "uv_size": [4, 4]},
								"up": {"uv": [60, 60], "uv_size": [-4, -4]},
								"down": {"uv": [60, 60], "uv_size": [-4, -4]}
							}
						},
						{
							"origin": [-7, 10, 3],
							"size": [1, 13, 1],
							"uv": {
								"north": {"uv": [56, 56], "uv_size": [4, 4]},
								"east": {"uv": [56, 56], "uv_size": [4, 4]},
								"south": {"uv": [56, 56], "uv_size": [4, 4]},
								"west": {"uv": [56, 56], "uv_size": [4, 4]},
								"up": {"uv": [60, 60], "uv_size": [-4, -4]},
								"down": {"uv": [60, 60], "uv_size": [-4, -4]}
							}
						},
						{
							"origin": [6, 10, 3],
							"size": [1, 13, 1],
							"uv": {
								"north": {"uv": [56, 56], "uv_size": [4, 4]},
								"east": {"uv": [56, 56], "uv_size": [4, 4]},
								"south": {"uv": [56, 56], "uv_size": [4, 4]},
								"west": {"uv": [56, 56], "uv_size": [4, 4]},
								"up": {"uv": [60, 60], "uv_size": [-4, -4]},
								"down": {"uv": [60, 60], "uv_size": [-4, -4]}
							}
						},
						{
							"origin": [6, 10, -4],
							"size": [1, 13, 1],
							"uv": {
								"north": {"uv": [56, 56], "uv_size": [4, 4]},
								"east": {"uv": [56, 56], "uv_size": [4, 4]},
								"south": {"uv": [56, 56], "uv_size": [4, 4]},
								"west": {"uv": [56, 56], "uv_size": [4, 4]},
								"up": {"uv": [60, 60], "uv_size": [-4, -4]},
								"down": {"uv": [60, 60], "uv_size": [-4, -4]}
							}
						},
						{
							"origin": [6, 10, -7],
							"size": [1, 13, 1],
							"uv": {
								"north": {"uv": [56, 56], "uv_size": [4, 4]},
								"east": {"uv": [56, 56], "uv_size": [4, 4]},
								"south": {"uv": [56, 56], "uv_size": [4, 4]},
								"west": {"uv": [56, 56], "uv_size": [4, 4]},
								"up": {"uv": [60, 60], "uv_size": [-4, -4]},
								"down": {"uv": [60, 60], "uv_size": [-4, -4]}
							}
						},
						{
							"origin": [-7, 10, -0.5],
							"size": [1, 13, 1],
							"uv": {
								"north": {"uv": [56, 56], "uv_size": [4, 4]},
								"east": {"uv": [56, 56], "uv_size": [4, 4]},
								"south": {"uv": [56, 56], "uv_size": [4, 4]},
								"west": {"uv": [56, 56], "uv_size": [4, 4]},
								"up": {"uv": [60, 60], "uv_size": [-4, -4]},
								"down": {"uv": [60, 60], "uv_size": [-4, -4]}
							}
						},
						{
							"origin": [6, 10, -0.5],
							"size": [1, 13, 1],
							"uv": {
								"north": {"uv": [56, 56], "uv_size": [4, 4]},
								"east": {"uv": [56, 56], "uv_size": [4, 4]},
								"south": {"uv": [56, 56], "uv_size": [4, 4]},
								"west": {"uv": [56, 56], "uv_size": [4, 4]},
								"up": {"uv": [60, 60], "uv_size": [-4, -4]},
								"down": {"uv": [60, 60], "uv_size": [-4, -4]}
							}
						},
						{
							"origin": [-2, 10, -7],
							"size": [1, 11, 1],
							"uv": {
								"north": {"uv": [56, 56], "uv_size": [4, 4]},
								"east": {"uv": [56, 56], "uv_size": [4, 4]},
								"south": {"uv": [56, 56], "uv_size": [4, 4]},
								"west": {"uv": [56, 56], "uv_size": [4, 4]},
								"up": {"uv": [60, 60], "uv_size": [-4, -4]},
								"down": {"uv": [60, 60], "uv_size": [-4, -4]}
							}
						},
						{
							"origin": [1, 10, -7],
							"size": [1, 11, 1],
							"uv": {
								"north": {"uv": [56, 56], "uv_size": [4, 4]},
								"east": {"uv": [56, 56], "uv_size": [4, 4]},
								"south": {"uv": [56, 56], "uv_size": [4, 4]},
								"west": {"uv": [56, 56], "uv_size": [4, 4]},
								"up": {"uv": [60, 60], "uv_size": [-4, -4]},
								"down": {"uv": [60, 60], "uv_size": [-4, -4]}
							}
						},
						{
							"origin": [-7, 15.7, -8],
							"size": [2, 1.4, 1],
							"uv": {
								"north": {"uv": [56, 60], "uv_size": [4, 4]},
								"east": {"uv": [56, 60], "uv_size": [4, 4]},
								"south": {"uv": [56, 60], "uv_size": [4, 4]},
								"west": {"uv": [56, 60], "uv_size": [4, 4]},
								"up": {"uv": [60, 64], "uv_size": [-4, -4]},
								"down": {"uv": [60, 64], "uv_size": [-4, -4]}
							}
						},
						{
							"origin": [-7, 17, -7.75],
							"size": [0.5, 1, 0.5],
							"uv": {
								"north": {"uv": [62, 62], "uv_size": [0.5, 1]},
								"east": {"uv": [62, 62], "uv_size": [0.5, 1]},
								"south": {"uv": [62, 62], "uv_size": [0.5, 1]},
								"west": {"uv": [62, 62], "uv_size": [0.5, 1]},
								"up": {"uv": [62.5, 63], "uv_size": [-0.5, -1]},
								"down": {"uv": [62.5, 63], "uv_size": [-0.5, -1]}
							}
						},
						{
							"origin": [-7, 18, -7.75],
							"size": [2, 0.5, 0.5],
							"uv": {
								"north": {"uv": [62, 64], "uv_size": [2, 0.5]},
								"east": {"uv": [62, 64], "uv_size": [2, 0.5]},
								"south": {"uv": [62, 64], "uv_size": [2, 0.5]},
								"west": {"uv": [62, 64], "uv_size": [2, 0.5]},
								"up": {"uv": [64, 64.5], "uv_size": [-2, -0.5]},
								"down": {"uv": [64, 64.5], "uv_size": [-2, -0.5]}
							}
						},
						{
							"origin": [-5.5, 17, -7.75],
							"size": [0.5, 1, 0.5],
							"uv": {
								"north": {"uv": [64, 63], "uv_size": [0.5, 1]},
								"east": {"uv": [64, 63], "uv_size": [0.5, 1]},
								"south": {"uv": [64, 63], "uv_size": [0.5, 1]},
								"west": {"uv": [64, 63], "uv_size": [0.5, 1]},
								"up": {"uv": [64.5, 64], "uv_size": [-0.5, -1]},
								"down": {"uv": [64.5, 64], "uv_size": [-0.5, -1]}
							}
						},
						{
							"origin": [-2, 4, -7],
							"size": [4, 4, 1],
							"uv": {
								"north": {"uv": [56, 56], "uv_size": [4, 4]},
								"east": {"uv": [56, 56], "uv_size": [4, 4]},
								"south": {"uv": [56, 56], "uv_size": [4, 4]},
								"west": {"uv": [56, 56], "uv_size": [4, 4]},
								"up": {"uv": [60, 60], "uv_size": [-4, -4]},
								"down": {"uv": [60, 60], "uv_size": [-4, -4]}
							}
						},
						{
							"origin": [-6, 3, -6],
							"size": [12, 1, 12],
							"uv": {
								"north": {"uv": [60, 60], "uv_size": [4, 4]},
								"east": {"uv": [60, 60], "uv_size": [4, 4]},
								"south": {"uv": [60, 60], "uv_size": [4, 4]},
								"west": {"uv": [60, 60], "uv_size": [4, 4]},
								"up": {"uv": [64, 64], "uv_size": [-4, -4]},
								"down": {"uv": [64, 64], "uv_size": [-4, -4]}
							}
						},
						{
							"origin": [-6, 4, -2],
							"size": [12, 5, 5],
							"uv": {
								"north": {"uv": [29, 60], "uv_size": [4, 4]},
								"east": {"uv": [29, 60], "uv_size": [4, 4]},
								"south": {"uv": [29, 60], "uv_size": [4, 4]},
								"west": {"uv": [29, 60], "uv_size": [4, 4]},
								"up": {"uv": [33, 64], "uv_size": [-4, -4]},
								"down": {"uv": [33, 64], "uv_size": [-4, -4]}
							}
						},
						{
							"origin": [-4, 4, -1],
							"size": [8, 9, 6],
							"uv": {
								"north": {"uv": [13, 56], "uv_size": [13, 8]},
								"east": {"uv": [13, 56], "uv_size": [13, 8]},
								"south": {"uv": [13, 56], "uv_size": [13, 8]},
								"west": {"uv": [13, 56], "uv_size": [13, 8]},
								"up": {"uv": [26, 64], "uv_size": [-13, -8]},
								"down": {"uv": [26, 64], "uv_size": [-13, -8]}
							}
						},
						{
							"origin": [-6, 10, -2],
							"size": [4, 4, 5],
							"uv": {
								"north": {"uv": [13, 56], "uv_size": [13, 8]},
								"east": {"uv": [13, 56], "uv_size": [13, 8]},
								"south": {"uv": [13, 56], "uv_size": [13, 8]},
								"west": {"uv": [13, 56], "uv_size": [13, 8]},
								"up": {"uv": [26, 64], "uv_size": [-13, -8]},
								"down": {"uv": [26, 64], "uv_size": [-13, -8]}
							}
						},
						{
							"origin": [2, 10, -2],
							"size": [4, 4, 5],
							"uv": {
								"north": {"uv": [13, 56], "uv_size": [13, 8]},
								"east": {"uv": [13, 56], "uv_size": [13, 8]},
								"south": {"uv": [13, 56], "uv_size": [13, 8]},
								"west": {"uv": [13, 56], "uv_size": [13, 8]},
								"up": {"uv": [26, 64], "uv_size": [-13, -8]},
								"down": {"uv": [26, 64], "uv_size": [-13, -8]}
							}
						},
						{
							"origin": [-3, 14, -1],
							"size": [6, 6, 6],
							"uv": {
								"north": {"uv": [0, 0], "uv_size": [26, 26]},
								"east": {"uv": [0, 28], "uv_size": [26, 26]},
								"south": {"uv": [28, 0], "uv_size": [26, 26]},
								"west": {"uv": [28, 28], "uv_size": [26, 26]},
								"up": {"uv": [40, 11], "uv_size": [-6, -6]},
								"down": {"uv": [64, 51], "uv_size": [-6, -9]}
							}
						},
						{
							"origin": [-1.5, 13, 1],
							"size": [3, 2, 3],
							"uv": {
								"north": {"uv": [58, 42], "uv_size": [6, 9]},
								"east": {"uv": [58, 42], "uv_size": [6, 9]},
								"south": {"uv": [58, 42], "uv_size": [6, 9]},
								"west": {"uv": [58, 42], "uv_size": [6, 9]},
								"up": {"uv": [64, 51], "uv_size": [-6, -9]},
								"down": {"uv": [64, 51], "uv_size": [-6, -9]}
							}
						},
						{
							"origin": [-6, 4, -6],
							"size": [5, 5, 5],
							"pivot": [0, 0, 0],
							"rotation": [-10, 0, 0],
							"uv": {
								"north": {"uv": [29, 60], "uv_size": [4, 4]},
								"east": {"uv": [29, 60], "uv_size": [4, 4]},
								"south": {"uv": [29, 60], "uv_size": [4, 4]},
								"west": {"uv": [29, 60], "uv_size": [4, 4]},
								"up": {"uv": [33, 64], "uv_size": [-4, -4]},
								"down": {"uv": [33, 64], "uv_size": [-4, -4]}
							}
						},
						{
							"origin": [1, 4, -4],
							"size": [5, 5, 5],
							"uv": {
								"north": {"uv": [29, 60], "uv_size": [4, 4]},
								"east": {"uv": [29, 60], "uv_size": [4, 4]},
								"south": {"uv": [29, 60], "uv_size": [4, 4]},
								"west": {"uv": [29, 60], "uv_size": [4, 4]},
								"up": {"uv": [33, 64], "uv_size": [-4, -4]},
								"down": {"uv": [33, 64], "uv_size": [-4, -4]}
							}
						},
						{
							"origin": [2.5, 4.5, -9],
							"size": [3, 3, 5],
							"uv": {
								"north": {"uv": [60, 45], "uv_size": [4, 4]},
								"east": {"uv": [60, 45], "uv_size": [4, 4]},
								"south": {"uv": [60, 45], "uv_size": [4, 4]},
								"west": {"uv": [60, 45], "uv_size": [4, 4]},
								"up": {"uv": [64, 49], "uv_size": [-4, -4]},
								"down": {"uv": [64, 49], "uv_size": [-4, -4]}
							}
						},
						{
							"origin": [-5.5, 4.5, -9],
							"size": [3, 3, 5],
							"uv": {
								"north": {"uv": [60, 45], "uv_size": [4, 4]},
								"east": {"uv": [60, 45], "uv_size": [4, 4]},
								"south": {"uv": [60, 45], "uv_size": [4, 4]},
								"west": {"uv": [60, 45], "uv_size": [4, 4]},
								"up": {"uv": [64, 49], "uv_size": [-4, -4]},
								"down": {"uv": [64, 49], "uv_size": [-4, -4]}
							}
						},
						{
							"origin": [2.25, 4.3, -11],
							"size": [3.5, 3.5, 2],
							"uv": {
								"north": {"uv": [60, 15], "uv_size": [4, 4]},
								"east": {"uv": [60, 15], "uv_size": [4, 4]},
								"south": {"uv": [60, 15], "uv_size": [4, 4]},
								"west": {"uv": [60, 15], "uv_size": [4, 4]},
								"up": {"uv": [64, 19], "uv_size": [-4, -4]},
								"down": {"uv": [64, 19], "uv_size": [-4, -4]}
							}
						},
						{
							"origin": [-5.75, 4.3, -11],
							"size": [3.5, 3.5, 2],
							"uv": {
								"north": {"uv": [60, 15], "uv_size": [4, 4]},
								"east": {"uv": [60, 15], "uv_size": [4, 4]},
								"south": {"uv": [60, 15], "uv_size": [4, 4]},
								"west": {"uv": [60, 15], "uv_size": [4, 4]},
								"up": {"uv": [64, 19], "uv_size": [-4, -4]},
								"down": {"uv": [64, 19], "uv_size": [-4, -4]}
							}
						},
						{
							"origin": [2.25, 7.7, -11],
							"size": [3.5, 1.5, 1.5],
							"uv": {
								"north": {"uv": [60, 15], "uv_size": [4, 4]},
								"east": {"uv": [60, 15], "uv_size": [4, 4]},
								"south": {"uv": [60, 15], "uv_size": [4, 4]},
								"west": {"uv": [60, 15], "uv_size": [4, 4]},
								"up": {"uv": [64, 19], "uv_size": [-4, -4]},
								"down": {"uv": [64, 19], "uv_size": [-4, -4]}
							}
						},
						{
							"origin": [-5.75, 7.7, -11],
							"size": [3.5, 1.5, 1.5],
							"uv": {
								"north": {"uv": [60, 15], "uv_size": [4, 4]},
								"east": {"uv": [60, 15], "uv_size": [4, 4]},
								"south": {"uv": [60, 15], "uv_size": [4, 4]},
								"west": {"uv": [60, 15], "uv_size": [4, 4]},
								"up": {"uv": [64, 19], "uv_size": [-4, -4]},
								"down": {"uv": [64, 19], "uv_size": [-4, -4]}
							}
						},
						{
							"origin": [2.5, 10.5, -7],
							"size": [3, 3, 5],
							"uv": {
								"north": {"uv": [60, 45], "uv_size": [4, 4]},
								"east": {"uv": [60, 45], "uv_size": [4, 4]},
								"south": {"uv": [60, 45], "uv_size": [4, 4]},
								"west": {"uv": [60, 45], "uv_size": [4, 4]},
								"up": {"uv": [64, 49], "uv_size": [-4, -4]},
								"down": {"uv": [64, 49], "uv_size": [-4, -4]}
							}
						},
						{
							"origin": [-5.5, 10.5, -9],
							"size": [1, 3, 2],
							"uv": {
								"north": {"uv": [60, 45], "uv_size": [4, 4]},
								"east": {"uv": [60, 45], "uv_size": [4, 4]},
								"south": {"uv": [60, 45], "uv_size": [4, 4]},
								"west": {"uv": [60, 45], "uv_size": [4, 4]},
								"up": {"uv": [64, 49], "uv_size": [-4, -4]},
								"down": {"uv": [64, 49], "uv_size": [-4, -4]}
							}
						},
						{
							"origin": [4.5, 10.5, -9],
							"size": [1, 3, 2],
							"uv": {
								"north": {"uv": [60, 45], "uv_size": [4, 4]},
								"east": {"uv": [60, 45], "uv_size": [4, 4]},
								"south": {"uv": [60, 45], "uv_size": [4, 4]},
								"west": {"uv": [60, 45], "uv_size": [4, 4]},
								"up": {"uv": [64, 49], "uv_size": [-4, -4]},
								"down": {"uv": [64, 49], "uv_size": [-4, -4]}
							}
						},
						{
							"origin": [-5.5, 13, -9.5],
							"size": [2, 0.5, 0.5],
							"uv": {
								"north": {"uv": [60, 45], "uv_size": [4, 4]},
								"east": {"uv": [60, 45], "uv_size": [4, 4]},
								"south": {"uv": [60, 45], "uv_size": [4, 4]},
								"west": {"uv": [60, 45], "uv_size": [4, 4]},
								"up": {"uv": [64, 49], "uv_size": [-4, -4]},
								"down": {"uv": [64, 49], "uv_size": [-4, -4]}
							}
						},
						{
							"origin": [3.5, 13, -9.5],
							"size": [2, 0.5, 0.5],
							"uv": {
								"north": {"uv": [60, 45], "uv_size": [4, 4]},
								"east": {"uv": [60, 45], "uv_size": [4, 4]},
								"south": {"uv": [60, 45], "uv_size": [4, 4]},
								"west": {"uv": [60, 45], "uv_size": [4, 4]},
								"up": {"uv": [64, 49], "uv_size": [-4, -4]},
								"down": {"uv": [64, 49], "uv_size": [-4, -4]}
							}
						},
						{
							"origin": [-5.5, 10.5, -9.5],
							"size": [2, 0.5, 0.5],
							"uv": {
								"north": {"uv": [60, 45], "uv_size": [4, 4]},
								"east": {"uv": [60, 45], "uv_size": [4, 4]},
								"south": {"uv": [60, 45], "uv_size": [4, 4]},
								"west": {"uv": [60, 45], "uv_size": [4, 4]},
								"up": {"uv": [64, 49], "uv_size": [-4, -4]},
								"down": {"uv": [64, 49], "uv_size": [-4, -4]}
							}
						},
						{
							"origin": [3.5, 10.5, -9.5],
							"size": [2, 0.5, 0.5],
							"uv": {
								"north": {"uv": [60, 45], "uv_size": [4, 4]},
								"east": {"uv": [60, 45], "uv_size": [4, 4]},
								"south": {"uv": [60, 45], "uv_size": [4, 4]},
								"west": {"uv": [60, 45], "uv_size": [4, 4]},
								"up": {"uv": [64, 49], "uv_size": [-4, -4]},
								"down": {"uv": [64, 49], "uv_size": [-4, -4]}
							}
						},
						{
							"origin": [-5.5, 12.2, -9.5],
							"size": [2, 0.5, 0.5],
							"uv": {
								"north": {"uv": [60, 45], "uv_size": [4, 4]},
								"east": {"uv": [60, 45], "uv_size": [4, 4]},
								"south": {"uv": [60, 45], "uv_size": [4, 4]},
								"west": {"uv": [60, 45], "uv_size": [4, 4]},
								"up": {"uv": [64, 49], "uv_size": [-4, -4]},
								"down": {"uv": [64, 49], "uv_size": [-4, -4]}
							}
						},
						{
							"origin": [3.5, 12.2, -9.5],
							"size": [2, 0.5, 0.5],
							"uv": {
								"north": {"uv": [60, 45], "uv_size": [4, 4]},
								"east": {"uv": [60, 45], "uv_size": [4, 4]},
								"south": {"uv": [60, 45], "uv_size": [4, 4]},
								"west": {"uv": [60, 45], "uv_size": [4, 4]},
								"up": {"uv": [64, 49], "uv_size": [-4, -4]},
								"down": {"uv": [64, 49], "uv_size": [-4, -4]}
							}
						},
						{
							"origin": [-5.5, 11.3, -9.5],
							"size": [2, 0.5, 0.5],
							"uv": {
								"north": {"uv": [60, 45], "uv_size": [4, 4]},
								"east": {"uv": [60, 45], "uv_size": [4, 4]},
								"south": {"uv": [60, 45], "uv_size": [4, 4]},
								"west": {"uv": [60, 45], "uv_size": [4, 4]},
								"up": {"uv": [64, 49], "uv_size": [-4, -4]},
								"down": {"uv": [64, 49], "uv_size": [-4, -4]}
							}
						},
						{
							"origin": [3.5, 11.3, -9.5],
							"size": [2, 0.5, 0.5],
							"uv": {
								"north": {"uv": [60, 45], "uv_size": [4, 4]},
								"east": {"uv": [60, 45], "uv_size": [4, 4]},
								"south": {"uv": [60, 45], "uv_size": [4, 4]},
								"west": {"uv": [60, 45], "uv_size": [4, 4]},
								"up": {"uv": [64, 49], "uv_size": [-4, -4]},
								"down": {"uv": [64, 49], "uv_size": [-4, -4]}
							}
						},
						{
							"origin": [-3, 13, -8],
							"size": [0.5, 0.5, 2],
							"uv": {
								"north": {"uv": [60, 45], "uv_size": [4, 4]},
								"east": {"uv": [60, 45], "uv_size": [4, 4]},
								"south": {"uv": [60, 45], "uv_size": [4, 4]},
								"west": {"uv": [60, 45], "uv_size": [4, 4]},
								"up": {"uv": [64, 49], "uv_size": [-4, -4]},
								"down": {"uv": [64, 49], "uv_size": [-4, -4]}
							}
						},
						{
							"origin": [2.5, 13, -8],
							"size": [0.5, 0.5, 2],
							"uv": {
								"north": {"uv": [60, 45], "uv_size": [4, 4]},
								"east": {"uv": [60, 45], "uv_size": [4, 4]},
								"south": {"uv": [60, 45], "uv_size": [4, 4]},
								"west": {"uv": [60, 45], "uv_size": [4, 4]},
								"up": {"uv": [64, 49], "uv_size": [-4, -4]},
								"down": {"uv": [64, 49], "uv_size": [-4, -4]}
							}
						},
						{
							"origin": [-5.5, 10.5, -7],
							"size": [3, 3, 5],
							"uv": {
								"north": {"uv": [60, 45], "uv_size": [4, 4]},
								"east": {"uv": [60, 45], "uv_size": [4, 4]},
								"south": {"uv": [60, 45], "uv_size": [4, 4]},
								"west": {"uv": [60, 45], "uv_size": [4, 4]},
								"up": {"uv": [64, 49], "uv_size": [-4, -4]},
								"down": {"uv": [64, 49], "uv_size": [-4, -4]}
							}
						},
						{
							"origin": [-7, 23, -7],
							"size": [14, 1, 14],
							"uv": {
								"north": {"uv": [60, 60], "uv_size": [4, 4]},
								"east": {"uv": [60, 60], "uv_size": [4, 4]},
								"south": {"uv": [60, 60], "uv_size": [4, 4]},
								"west": {"uv": [60, 60], "uv_size": [4, 4]},
								"up": {"uv": [64, 64], "uv_size": [-4, -4]},
								"down": {"uv": [64, 64], "uv_size": [-4, -4]}
							}
						}
					]
				},
				{
					"name": "head",
					"parent": "Kbody",
					"pivot": [0, 24, 0]
				},
				{
					"name": "hat",
					"parent": "head",
					"pivot": [0, 24, 0]
				},
				{
					"name": "jacket",
					"parent": "Kbody",
					"pivot": [0, 12, 0]
				},
				{
					"name": "RightArmUp",
					"parent": "Kbody",
					"pivot": [-6, 22, 0]
				},
				{
					"name": "RightArmDown",
					"parent": "RightArmUp",
					"pivot": [-6, 18, 2]
				},
				{
					"name": "rightItem",
					"parent": "RightArmDown",
					"pivot": [-6, 15, 1]
				},
				{
					"name": "Item",
					"parent": "RightArmDown",
					"pivot": [-6, 18, 2]
				},
				{
					"name": "cItem",
					"parent": "RightArmDown",
					"pivot": [-6, 15, 1]
				},
				{
					"name": "LeftArmUp",
					"parent": "Kbody",
					"pivot": [6, 22, 0]
				},
				{
					"name": "LeftArmDown",
					"parent": "LeftArmUp",
					"pivot": [6, 18, 2]
				},
				{
					"name": "LeftItem",
					"parent": "LeftArmDown",
					"pivot": [6, 15, 1]
				},
				{
					"name": "LItem",
					"parent": "LeftArmDown",
					"pivot": [6, 15, 1]
				},
				{
					"name": "KLegs",
					"parent": "Kroot",
					"pivot": [0, 12, 0]
				},
				{
					"name": "RightLegUp",
					"parent": "KLegs",
					"pivot": [-1.9, 12, 0]
				},
				{
					"name": "RightLegDown",
					"parent": "RightLegUp",
					"pivot": [-1.9, 6, -2]
				},
				{
					"name": "LeftLegUp",
					"parent": "KLegs",
					"pivot": [1.9, 12, 0]
				},
				{
					"name": "LeftLegDown",
					"parent": "LeftLegUp",
					"pivot": [1.9, 6, -2]
				}
			]
		}
	]
}