{
	"format_version": "1.12.0",
	"minecraft:geometry": [
		{
			"description": {
				"identifier": "geometry.locker_close",
				"texture_width": 64,
				"texture_height": 64,
				"visible_bounds_width": 4,
				"visible_bounds_height": 5.5,
				"visible_bounds_offset": [0, 1.25, 0]
			},
			"bones": [
				{
					"name": "root0",
					"pivot": [0, 0, 0]
				},
				{
					"name": "root2",
					"parent": "root0",
					"pivot": [0, 10, 0]
				},
				{
					"name": "root1",
					"parent": "root2",
					"pivot": [0, 30, 0]
				},
				{
					"name": "Kroot",
					"parent": "root1",
					"pivot": [0, 20, 0]
				},
				{
					"name": "Kwaist",
					"parent": "Kroot",
					"pivot": [0, 12, 0]
				},
				{
					"name": "body0",
					"parent": "Kwaist",
					"pivot": [0, 24, 0]
				},
				{
					"name": "Kbody",
					"parent": "body0",
					"pivot": [0, 12, 0],
					"cubes": [
						{
							"origin": [-6, 1, -5],
							"size": [1, 31, 11],
							"uv": {
								"north": {"uv": [9, 25], "uv_size": [8, 12]},
								"east": {"uv": [9, 25], "uv_size": [8, 12]},
								"south": {"uv": [9, 25], "uv_size": [8, 12]},
								"west": {"uv": [9, 25], "uv_size": [8, 12]},
								"up": {"uv": [17, 37], "uv_size": [-8, -12]},
								"down": {"uv": [17, 37], "uv_size": [-8, -12]}
							}
						},
						{
							"origin": [5, 1, -5],
							"size": [1, 31, 11],
							"uv": {
								"north": {"uv": [9, 25], "uv_size": [8, 12]},
								"east": {"uv": [9, 25], "uv_size": [8, 12]},
								"south": {"uv": [9, 25], "uv_size": [8, 12]},
								"west": {"uv": [9, 25], "uv_size": [8, 12]},
								"up": {"uv": [17, 37], "uv_size": [-8, -12]},
								"down": {"uv": [17, 37], "uv_size": [-8, -12]}
							}
						},
						{
							"origin": [-5, 1, 6],
							"size": [10, 31, 1],
							"uv": {
								"north": {"uv": [9, 25], "uv_size": [8, 12]},
								"east": {"uv": [9, 25], "uv_size": [8, 12]},
								"south": {"uv": [9, 25], "uv_size": [8, 12]},
								"west": {"uv": [9, 25], "uv_size": [8, 12]},
								"up": {"uv": [17, 37], "uv_size": [-8, -12]},
								"down": {"uv": [17, 37], "uv_size": [-8, -12]}
							}
						},
						{
							"origin": [-5, 1, -6],
							"size": [10, 3, 1],
							"uv": {
								"north": {"uv": [9, 25], "uv_size": [8, 12]},
								"east": {"uv": [9, 25], "uv_size": [8, 12]},
								"south": {"uv": [9, 25], "uv_size": [8, 12]},
								"west": {"uv": [9, 25], "uv_size": [8, 12]},
								"up": {"uv": [17, 37], "uv_size": [-8, -12]},
								"down": {"uv": [17, 37], "uv_size": [-8, -12]}
							}
						},
						{
							"origin": [-5, 29, -6],
							"size": [10, 3, 1],
							"uv": {
								"north": {"uv": [9, 25], "uv_size": [8, 12]},
								"east": {"uv": [9, 25], "uv_size": [8, 12]},
								"south": {"uv": [9, 25], "uv_size": [8, 12]},
								"west": {"uv": [9, 25], "uv_size": [8, 12]},
								"up": {"uv": [17, 37], "uv_size": [-8, -12]},
								"down": {"uv": [17, 37], "uv_size": [-8, -12]}
							}
						},
						{
							"origin": [-5, 27, -6],
							"size": [10, 1, 1],
							"uv": {
								"north": {"uv": [9, 25], "uv_size": [8, 12]},
								"east": {"uv": [9, 25], "uv_size": [8, 12]},
								"south": {"uv": [9, 25], "uv_size": [8, 12]},
								"west": {"uv": [9, 25], "uv_size": [8, 12]},
								"up": {"uv": [17, 37], "uv_size": [-8, -12]},
								"down": {"uv": [17, 37], "uv_size": [-8, -12]}
							}
						},
						{
							"origin": [-5, 5, -6],
							"size": [10, 1, 1],
							"uv": {
								"north": {"uv": [9, 25], "uv_size": [8, 12]},
								"east": {"uv": [9, 25], "uv_size": [8, 12]},
								"south": {"uv": [9, 25], "uv_size": [8, 12]},
								"west": {"uv": [9, 25], "uv_size": [8, 12]},
								"up": {"uv": [17, 37], "uv_size": [-8, -12]},
								"down": {"uv": [17, 37], "uv_size": [-8, -12]}
							}
						},
						{
							"origin": [-5, 7, -6],
							"size": [10, 19, 1],
							"uv": {
								"north": {"uv": [9, 25], "uv_size": [8, 12]},
								"east": {"uv": [9, 25], "uv_size": [8, 12]},
								"south": {"uv": [9, 25], "uv_size": [8, 12]},
								"west": {"uv": [9, 25], "uv_size": [8, 12]},
								"up": {"uv": [17, 37], "uv_size": [-8, -12]},
								"down": {"uv": [17, 37], "uv_size": [-8, -12]}
							}
						},
						{
							"origin": [-5, 0, -5],
							"size": [10, 1, 11],
							"uv": {
								"north": {"uv": [9, 25], "uv_size": [8, 12]},
								"east": {"uv": [9, 25], "uv_size": [8, 12]},
								"south": {"uv": [9, 25], "uv_size": [8, 12]},
								"west": {"uv": [9, 25], "uv_size": [8, 12]},
								"up": {"uv": [17, 37], "uv_size": [-8, -12]},
								"down": {"uv": [17, 37], "uv_size": [-8, -12]}
							}
						},
						{
							"origin": [-5, 32, -5],
							"size": [10, 1, 11],
							"uv": {
								"north": {"uv": [9, 25], "uv_size": [8, 12]},
								"east": {"uv": [9, 25], "uv_size": [8, 12]},
								"south": {"uv": [9, 25], "uv_size": [8, 12]},
								"west": {"uv": [9, 25], "uv_size": [8, 12]},
								"up": {"uv": [17, 37], "uv_size": [-8, -12]},
								"down": {"uv": [17, 37], "uv_size": [-8, -12]}
							}
						},
						{
							"origin": [-6, 0, -6],
							"size": [1, 33, 1],
							"uv": {
								"north": {"uv": [43, 27], "uv_size": [8, 12]},
								"east": {"uv": [43, 27], "uv_size": [8, 12]},
								"south": {"uv": [43, 27], "uv_size": [8, 12]},
								"west": {"uv": [43, 27], "uv_size": [8, 12]},
								"up": {"uv": [51, 39], "uv_size": [-8, -12]},
								"down": {"uv": [51, 39], "uv_size": [-8, -12]}
							}
						},
						{
							"origin": [5, 0, -6],
							"size": [1, 33, 1],
							"uv": {
								"north": {"uv": [43, 27], "uv_size": [8, 12]},
								"east": {"uv": [43, 27], "uv_size": [8, 12]},
								"south": {"uv": [43, 27], "uv_size": [8, 12]},
								"west": {"uv": [43, 27], "uv_size": [8, 12]},
								"up": {"uv": [51, 39], "uv_size": [-8, -12]},
								"down": {"uv": [51, 39], "uv_size": [-8, -12]}
							}
						},
						{
							"origin": [5, 0, 6],
							"size": [1, 33, 1],
							"uv": {
								"north": {"uv": [43, 27], "uv_size": [8, 12]},
								"east": {"uv": [43, 27], "uv_size": [8, 12]},
								"south": {"uv": [43, 27], "uv_size": [8, 12]},
								"west": {"uv": [43, 27], "uv_size": [8, 12]},
								"up": {"uv": [51, 39], "uv_size": [-8, -12]},
								"down": {"uv": [51, 39], "uv_size": [-8, -12]}
							}
						},
						{
							"origin": [-6, 0, 6],
							"size": [1, 33, 1],
							"uv": {
								"north": {"uv": [43, 27], "uv_size": [8, 12]},
								"east": {"uv": [43, 27], "uv_size": [8, 12]},
								"south": {"uv": [43, 27], "uv_size": [8, 12]},
								"west": {"uv": [43, 27], "uv_size": [8, 12]},
								"up": {"uv": [51, 39], "uv_size": [-8, -12]},
								"down": {"uv": [51, 39], "uv_size": [-8, -12]}
							}
						},
						{
							"origin": [-5, 0, -6],
							"size": [10, 1, 1],
							"uv": {
								"north": {"uv": [43, 27], "uv_size": [8, 12]},
								"east": {"uv": [43, 27], "uv_size": [8, 12]},
								"south": {"uv": [43, 27], "uv_size": [8, 12]},
								"west": {"uv": [43, 27], "uv_size": [8, 12]},
								"up": {"uv": [51, 39], "uv_size": [-8, -12]},
								"down": {"uv": [51, 39], "uv_size": [-8, -12]}
							}
						},
						{
							"origin": [-5, 0, 6],
							"size": [10, 1, 1],
							"uv": {
								"north": {"uv": [43, 27], "uv_size": [8, 12]},
								"east": {"uv": [43, 27], "uv_size": [8, 12]},
								"south": {"uv": [43, 27], "uv_size": [8, 12]},
								"west": {"uv": [43, 27], "uv_size": [8, 12]},
								"up": {"uv": [51, 39], "uv_size": [-8, -12]},
								"down": {"uv": [51, 39], "uv_size": [-8, -12]}
							}
						},
						{
							"origin": [-5, 32, 6],
							"size": [10, 1, 1],
							"uv": {
								"north": {"uv": [43, 27], "uv_size": [8, 12]},
								"east": {"uv": [43, 27], "uv_size": [8, 12]},
								"south": {"uv": [43, 27], "uv_size": [8, 12]},
								"west": {"uv": [43, 27], "uv_size": [8, 12]},
								"up": {"uv": [51, 39], "uv_size": [-8, -12]},
								"down": {"uv": [51, 39], "uv_size": [-8, -12]}
							}
						},
						{
							"origin": [5, 0, -5],
							"size": [1, 1, 11],
							"uv": {
								"north": {"uv": [43, 27], "uv_size": [8, 12]},
								"east": {"uv": [43, 27], "uv_size": [8, 12]},
								"south": {"uv": [43, 27], "uv_size": [8, 12]},
								"west": {"uv": [43, 27], "uv_size": [8, 12]},
								"up": {"uv": [51, 39], "uv_size": [-8, -12]},
								"down": {"uv": [51, 39], "uv_size": [-8, -12]}
							}
						},
						{
							"origin": [5, 32, -5],
							"size": [1, 1, 11],
							"uv": {
								"north": {"uv": [43, 27], "uv_size": [8, 12]},
								"east": {"uv": [43, 27], "uv_size": [8, 12]},
								"south": {"uv": [43, 27], "uv_size": [8, 12]},
								"west": {"uv": [43, 27], "uv_size": [8, 12]},
								"up": {"uv": [51, 39], "uv_size": [-8, -12]},
								"down": {"uv": [51, 39], "uv_size": [-8, -12]}
							}
						},
						{
							"origin": [-6, 32, -5],
							"size": [1, 1, 11],
							"uv": {
								"north": {"uv": [43, 27], "uv_size": [8, 12]},
								"east": {"uv": [43, 27], "uv_size": [8, 12]},
								"south": {"uv": [43, 27], "uv_size": [8, 12]},
								"west": {"uv": [43, 27], "uv_size": [8, 12]},
								"up": {"uv": [51, 39], "uv_size": [-8, -12]},
								"down": {"uv": [51, 39], "uv_size": [-8, -12]}
							}
						},
						{
							"origin": [-6, 0, -5],
							"size": [1, 1, 11],
							"uv": {
								"north": {"uv": [43, 27], "uv_size": [8, 12]},
								"east": {"uv": [43, 27], "uv_size": [8, 12]},
								"south": {"uv": [43, 27], "uv_size": [8, 12]},
								"west": {"uv": [43, 27], "uv_size": [8, 12]},
								"up": {"uv": [51, 39], "uv_size": [-8, -12]},
								"down": {"uv": [51, 39], "uv_size": [-8, -12]}
							}
						},
						{
							"origin": [-5, 32, -6],
							"size": [10, 1, 1],
							"uv": {
								"north": {"uv": [43, 27], "uv_size": [8, 12]},
								"east": {"uv": [43, 27], "uv_size": [8, 12]},
								"south": {"uv": [43, 27], "uv_size": [8, 12]},
								"west": {"uv": [43, 27], "uv_size": [8, 12]},
								"up": {"uv": [51, 39], "uv_size": [-8, -12]},
								"down": {"uv": [51, 39], "uv_size": [-8, -12]}
							}
						}
					]
				},
				{
					"name": "head",
					"parent": "Kbody",
					"pivot": [0, 24, 0]
				},
				{
					"name": "hat",
					"parent": "head",
					"pivot": [0, 24, 0]
				},
				{
					"name": "jacket",
					"parent": "Kbody",
					"pivot": [0, 12, 0]
				},
				{
					"name": "RightArmUp",
					"parent": "Kbody",
					"pivot": [-6, 22, 0]
				},
				{
					"name": "RightArmDown",
					"parent": "RightArmUp",
					"pivot": [-6, 18, 2]
				},
				{
					"name": "rightItem",
					"parent": "RightArmDown",
					"pivot": [-6, 15, 1]
				},
				{
					"name": "Item",
					"parent": "RightArmDown",
					"pivot": [-6, 18, 2]
				},
				{
					"name": "cItem",
					"parent": "RightArmDown",
					"pivot": [-6, 15, 1]
				},
				{
					"name": "LeftArmUp",
					"parent": "Kbody",
					"pivot": [6, 22, 0]
				},
				{
					"name": "LeftArmDown",
					"parent": "LeftArmUp",
					"pivot": [6, 18, 2]
				},
				{
					"name": "LeftItem",
					"parent": "LeftArmDown",
					"pivot": [6, 15, 1]
				},
				{
					"name": "LItem",
					"parent": "LeftArmDown",
					"pivot": [6, 15, 1]
				},
				{
					"name": "KLegs",
					"parent": "Kroot",
					"pivot": [0, 12, 0]
				},
				{
					"name": "RightLegUp",
					"parent": "KLegs",
					"pivot": [-1.9, 12, 0]
				},
				{
					"name": "RightLegDown",
					"parent": "RightLegUp",
					"pivot": [-1.9, 6, -2]
				},
				{
					"name": "LeftLegUp",
					"parent": "KLegs",
					"pivot": [1.9, 12, 0]
				},
				{
					"name": "LeftLegDown",
					"parent": "LeftLegUp",
					"pivot": [1.9, 6, -2]
				}
			]
		}
	]
}