{
	"format_version": "1.12.0",
	"minecraft:geometry": [
		{
			"description": {
				"identifier": "geometry.mati",
				"texture_width": 64,
				"texture_height": 64,
				"visible_bounds_width": 4,
				"visible_bounds_height": 7.5,
				"visible_bounds_offset": [0, 2.25, 0]
			},
			"bones": [
				{
					"name": "root0",
					"pivot": [0, 0, 0]
				},
				{
					"name": "root2",
					"parent": "root0",
					"pivot": [0, 10, 0]
				},
				{
					"name": "root1",
					"parent": "root2",
					"pivot": [0, 30, 0]
				},
				{
					"name": "Kroot",
					"parent": "root1",
					"pivot": [0, 20, 0]
				},
				{
					"name": "Kwaist",
					"parent": "Kroot",
					"pivot": [0, 12, 0]
				},
				{
					"name": "body0",
					"parent": "Kwaist",
					"pivot": [0, 24, 0]
				},
				{
					"name": "Kbody",
					"parent": "body0",
					"pivot": [0, 12, 0],
					"cubes": [
						{
							"origin": [-9, 18, -8],
							"size": [18, 28, 16],
							"uv": {
								"north": {"uv": [0, 28], "uv_size": [2, 26]},
								"east": {"uv": [0, 28], "uv_size": [2, 26]},
								"south": {"uv": [0, 28], "uv_size": [2, 26]},
								"west": {"uv": [0, 28], "uv_size": [2, 26]},
								"up": {"uv": [2, 54], "uv_size": [-2, -26]},
								"down": {"uv": [2, 54], "uv_size": [-2, -26]}
							}
						},
						{
							"origin": [-9, 19, -10],
							"size": [18, 12, 6],
							"pivot": [0, 28.5, -9],
							"rotation": [10, 0, 0],
							"uv": {
								"north": {"uv": [4, 40], "uv_size": [18, 14]},
								"east": {"uv": [0, 28], "uv_size": [2, 26]},
								"south": {"uv": [0, 28], "uv_size": [2, 26]},
								"west": {"uv": [0, 28], "uv_size": [2, 26]},
								"up": {"uv": [2, 54], "uv_size": [-2, -26]},
								"down": {"uv": [2, 54], "uv_size": [-2, -26]}
							}
						},
						{
							"origin": [-9.5, 17, -10],
							"size": [0.5, 2, 0.5],
							"pivot": [0, 28.5, -9],
							"rotation": [10, 0, 0],
							"uv": {
								"north": {"uv": [55, 28], "uv_size": [9, 26]},
								"east": {"uv": [55, 28], "uv_size": [9, 26]},
								"south": {"uv": [55, 28], "uv_size": [9, 26]},
								"west": {"uv": [55, 28], "uv_size": [9, 26]},
								"up": {"uv": [64, 54], "uv_size": [-9, -26]},
								"down": {"uv": [64, 54], "uv_size": [-9, -26]}
							}
						},
						{
							"origin": [-7.5, 17, -10],
							"size": [0.5, 2, 0.5],
							"pivot": [0, 28.5, -9],
							"rotation": [10, 0, 0],
							"uv": {
								"north": {"uv": [55, 28], "uv_size": [9, 26]},
								"east": {"uv": [55, 28], "uv_size": [9, 26]},
								"south": {"uv": [55, 28], "uv_size": [9, 26]},
								"west": {"uv": [55, 28], "uv_size": [9, 26]},
								"up": {"uv": [64, 54], "uv_size": [-9, -26]},
								"down": {"uv": [64, 54], "uv_size": [-9, -26]}
							}
						},
						{
							"origin": [-8.5, 12, -10],
							"size": [0.5, 5, 0.5],
							"pivot": [0, 28.5, -9],
							"rotation": [10, 0, 0],
							"uv": {
								"north": {"uv": [55, 28], "uv_size": [9, 26]},
								"east": {"uv": [55, 28], "uv_size": [9, 26]},
								"south": {"uv": [55, 28], "uv_size": [9, 26]},
								"west": {"uv": [55, 28], "uv_size": [9, 26]},
								"up": {"uv": [64, 54], "uv_size": [-9, -26]},
								"down": {"uv": [64, 54], "uv_size": [-9, -26]}
							}
						},
						{
							"origin": [-8.5, 13, -10],
							"size": [1.5, 0.5, 0.5],
							"pivot": [0, 28.5, -9],
							"rotation": [10, 0, 0],
							"uv": {
								"north": {"uv": [55, 28], "uv_size": [9, 26]},
								"east": {"uv": [55, 28], "uv_size": [9, 26]},
								"south": {"uv": [55, 28], "uv_size": [9, 26]},
								"west": {"uv": [55, 28], "uv_size": [9, 26]},
								"up": {"uv": [64, 54], "uv_size": [-9, -26]},
								"down": {"uv": [64, 54], "uv_size": [-9, -26]}
							}
						},
						{
							"origin": [-8.5, 12, -10],
							"size": [1.5, 0.5, 0.5],
							"pivot": [0, 28.5, -9],
							"rotation": [10, 0, 0],
							"uv": {
								"north": {"uv": [55, 28], "uv_size": [9, 26]},
								"east": {"uv": [55, 28], "uv_size": [9, 26]},
								"south": {"uv": [55, 28], "uv_size": [9, 26]},
								"west": {"uv": [55, 28], "uv_size": [9, 26]},
								"up": {"uv": [64, 54], "uv_size": [-9, -26]},
								"down": {"uv": [64, 54], "uv_size": [-9, -26]}
							}
						},
						{
							"origin": [-9.5, 17, -10],
							"size": [2.5, 0.5, 0.5],
							"pivot": [0, 28.5, -9],
							"rotation": [10, 0, 0],
							"uv": {
								"north": {"uv": [55, 28], "uv_size": [9, 26]},
								"east": {"uv": [55, 28], "uv_size": [9, 26]},
								"south": {"uv": [55, 28], "uv_size": [9, 26]},
								"west": {"uv": [55, 28], "uv_size": [9, 26]},
								"up": {"uv": [64, 54], "uv_size": [-9, -26]},
								"down": {"uv": [64, 54], "uv_size": [-9, -26]}
							}
						},
						{
							"origin": [-9.5, 19, -10],
							"size": [2.5, 0.5, 0.5],
							"pivot": [0, 28.5, -9],
							"rotation": [10, 0, 0],
							"uv": {
								"north": {"uv": [55, 28], "uv_size": [9, 26]},
								"east": {"uv": [55, 28], "uv_size": [9, 26]},
								"south": {"uv": [55, 28], "uv_size": [9, 26]},
								"west": {"uv": [55, 28], "uv_size": [9, 26]},
								"up": {"uv": [64, 54], "uv_size": [-9, -26]},
								"down": {"uv": [64, 54], "uv_size": [-9, -26]}
							}
						},
						{
							"origin": [-9, 19, 6],
							"size": [18, 12, 4],
							"pivot": [0, 28.5, 9],
							"rotation": [-10, 0, 0],
							"uv": {
								"north": {"uv": [0, 28], "uv_size": [2, 26]},
								"east": {"uv": [0, 28], "uv_size": [2, 26]},
								"south": {"uv": [0, 28], "uv_size": [2, 26]},
								"west": {"uv": [0, 28], "uv_size": [2, 26]},
								"up": {"uv": [2, 54], "uv_size": [-2, -26]},
								"down": {"uv": [2, 54], "uv_size": [-2, -26]}
							}
						},
						{
							"origin": [-12, 33.08682, -5.9924],
							"size": [24, 14, 12],
							"pivot": [0, 47.58682, -9.4924],
							"rotation": [-35, 0, 0],
							"uv": {
								"north": {"uv": [0, 28], "uv_size": [26, 12]},
								"east": {"uv": [0, 28], "uv_size": [2, 26]},
								"south": {"uv": [0, 28], "uv_size": [2, 26]},
								"west": {"uv": [0, 28], "uv_size": [2, 26]},
								"up": {"uv": [2, 54], "uv_size": [-2, -26]},
								"down": {"uv": [22, 54], "uv_size": [-18, -13]}
							}
						},
						{
							"origin": [-9, 31, 4],
							"size": [18, 15, 4],
							"pivot": [0, 47.5, 9],
							"rotation": [10, 0, 0],
							"uv": {
								"north": {"uv": [0, 28], "uv_size": [2, 26]},
								"east": {"uv": [0, 28], "uv_size": [2, 26]},
								"south": {"uv": [0, 28], "uv_size": [2, 26]},
								"west": {"uv": [0, 28], "uv_size": [2, 26]},
								"up": {"uv": [2, 54], "uv_size": [-2, -26]},
								"down": {"uv": [2, 54], "uv_size": [-2, -26]}
							}
						},
						{
							"origin": [-11, 19, -8],
							"size": [4, 20, 16],
							"pivot": [-10, 29.5, 0],
							"rotation": [0, 0, -10],
							"uv": {
								"north": {"uv": [0, 28], "uv_size": [2, 26]},
								"east": {"uv": [0, 28], "uv_size": [2, 26]},
								"south": {"uv": [0, 28], "uv_size": [2, 26]},
								"west": {"uv": [0, 28], "uv_size": [2, 26]},
								"up": {"uv": [2, 54], "uv_size": [-2, -26]},
								"down": {"uv": [2, 54], "uv_size": [-2, -26]}
							}
						},
						{
							"origin": [-14, 39, -8],
							"size": [7, 7, 16],
							"pivot": [-10, 46.5, 0],
							"rotation": [0, 0, -10],
							"uv": {
								"north": {"uv": [0, 28], "uv_size": [2, 26]},
								"east": {"uv": [0, 28], "uv_size": [2, 26]},
								"south": {"uv": [0, 28], "uv_size": [2, 26]},
								"west": {"uv": [0, 28], "uv_size": [2, 26]},
								"up": {"uv": [2, 54], "uv_size": [-2, -26]},
								"down": {"uv": [2, 54], "uv_size": [-2, -26]}
							}
						},
						{
							"origin": [7, 19, -8],
							"size": [4, 20, 16],
							"pivot": [9, 29.5, 0],
							"rotation": [0, 0, 10],
							"uv": {
								"north": {"uv": [0, 28], "uv_size": [2, 26]},
								"east": {"uv": [0, 28], "uv_size": [2, 26]},
								"south": {"uv": [0, 28], "uv_size": [2, 26]},
								"west": {"uv": [0, 28], "uv_size": [2, 26]},
								"up": {"uv": [2, 54], "uv_size": [-2, -26]},
								"down": {"uv": [2, 54], "uv_size": [-2, -26]}
							}
						},
						{
							"origin": [7, 39, -8],
							"size": [7, 7, 16],
							"pivot": [10, 46.5, 0],
							"rotation": [0, 0, 10],
							"uv": {
								"north": {"uv": [0, 28], "uv_size": [2, 26]},
								"east": {"uv": [0, 28], "uv_size": [2, 26]},
								"south": {"uv": [0, 28], "uv_size": [2, 26]},
								"west": {"uv": [0, 28], "uv_size": [2, 26]},
								"up": {"uv": [2, 54], "uv_size": [-2, -26]},
								"down": {"uv": [2, 54], "uv_size": [-2, -26]}
							}
						},
						{
							"origin": [-19, 41, -5],
							"size": [38, 5, 10],
							"uv": {
								"north": {"uv": [0, 28], "uv_size": [2, 26]},
								"east": {"uv": [0, 28], "uv_size": [2, 26]},
								"south": {"uv": [0, 28], "uv_size": [2, 26]},
								"west": {"uv": [0, 28], "uv_size": [2, 26]},
								"up": {"uv": [2, 54], "uv_size": [-2, -26]},
								"down": {"uv": [2, 54], "uv_size": [-2, -26]}
							}
						}
					]
				},
				{
					"name": "KBody2",
					"parent": "Kbody",
					"pivot": [6, 15, 1],
					"cubes": [
						{
							"origin": [-8, 4, -10],
							"size": [16, 15, 1],
							"pivot": [0, 28.5, -9],
							"rotation": [10, 0, 0],
							"uv": {
								"north": {"uv": [5, 40], "uv_size": [16, 14]},
								"east": {"uv": [5, 40], "uv_size": [16, 14]},
								"south": {"uv": [5, 40], "uv_size": [16, 14]},
								"west": {"uv": [5, 40], "uv_size": [16, 14]},
								"up": {"uv": [21, 54], "uv_size": [-16, -14]},
								"down": {"uv": [21, 54], "uv_size": [-16, -14]}
							}
						}
					]
				},
				{
					"name": "head",
					"parent": "Kbody",
					"pivot": [0, 24, 0],
					"cubes": [
						{
							"origin": [-5.06, 50, -4],
							"size": [2, 4, 8],
							"uv": {
								"north": {"uv": [28, 0], "uv_size": [25, 26]},
								"east": {"uv": [28, 0], "uv_size": [25, 26]},
								"south": {"uv": [28, 0], "uv_size": [25, 26]},
								"west": {"uv": [28, 0], "uv_size": [25, 26]},
								"up": {"uv": [53, 26], "uv_size": [-25, -26]},
								"down": {"uv": [53, 26], "uv_size": [-25, -26]}
							}
						},
						{
							"origin": [-8, 50, -4],
							"size": [3, 3, 8],
							"uv": {
								"north": {"uv": [55, 28], "uv_size": [9, 26]},
								"east": {"uv": [55, 28], "uv_size": [9, 26]},
								"south": {"uv": [55, 28], "uv_size": [9, 26]},
								"west": {"uv": [55, 28], "uv_size": [9, 26]},
								"up": {"uv": [64, 54], "uv_size": [-9, -26]},
								"down": {"uv": [64, 54], "uv_size": [-9, -26]}
							}
						},
						{
							"origin": [-6, 53, -4],
							"size": [1, 7, 2],
							"uv": {
								"north": {"uv": [55, 28], "uv_size": [9, 26]},
								"east": {"uv": [55, 28], "uv_size": [9, 26]},
								"south": {"uv": [55, 28], "uv_size": [9, 26]},
								"west": {"uv": [55, 28], "uv_size": [9, 26]},
								"up": {"uv": [64, 54], "uv_size": [-9, -26]},
								"down": {"uv": [64, 54], "uv_size": [-9, -26]}
							}
						},
						{
							"origin": [-7, 53, 0.5],
							"size": [2, 7, 2],
							"pivot": [-6.5, 56.5, 1.5],
							"rotation": [0, 0, 17.5],
							"uv": {
								"north": {"uv": [55, 28], "uv_size": [9, 26]},
								"east": {"uv": [55, 28], "uv_size": [9, 26]},
								"south": {"uv": [55, 28], "uv_size": [9, 26]},
								"west": {"uv": [55, 28], "uv_size": [9, 26]},
								"up": {"uv": [64, 54], "uv_size": [-9, -26]},
								"down": {"uv": [64, 54], "uv_size": [-9, -26]}
							}
						},
						{
							"origin": [-7, 53, -2.5],
							"size": [2, 7, 2],
							"pivot": [-6.5, 56.5, -1.5],
							"rotation": [0, 0, 17.5],
							"uv": {
								"north": {"uv": [55, 28], "uv_size": [9, 26]},
								"east": {"uv": [55, 28], "uv_size": [9, 26]},
								"south": {"uv": [55, 28], "uv_size": [9, 26]},
								"west": {"uv": [55, 28], "uv_size": [9, 26]},
								"up": {"uv": [64, 54], "uv_size": [-9, -26]},
								"down": {"uv": [64, 54], "uv_size": [-9, -26]}
							}
						},
						{
							"origin": [5, 53, -2.5],
							"size": [2, 7, 2],
							"pivot": [6.5, 56.5, -1.5],
							"rotation": [0, 0, -17.5],
							"uv": {
								"north": {"uv": [55, 28], "uv_size": [9, 26]},
								"east": {"uv": [55, 28], "uv_size": [9, 26]},
								"south": {"uv": [55, 28], "uv_size": [9, 26]},
								"west": {"uv": [55, 28], "uv_size": [9, 26]},
								"up": {"uv": [64, 54], "uv_size": [-9, -26]},
								"down": {"uv": [64, 54], "uv_size": [-9, -26]}
							}
						},
						{
							"origin": [5, 53, 0.5],
							"size": [2, 7, 2],
							"pivot": [6.5, 56.5, 1.5],
							"rotation": [0, 0, -17.5],
							"uv": {
								"north": {"uv": [55, 28], "uv_size": [9, 26]},
								"east": {"uv": [55, 28], "uv_size": [9, 26]},
								"south": {"uv": [55, 28], "uv_size": [9, 26]},
								"west": {"uv": [55, 28], "uv_size": [9, 26]},
								"up": {"uv": [64, 54], "uv_size": [-9, -26]},
								"down": {"uv": [64, 54], "uv_size": [-9, -26]}
							}
						},
						{
							"origin": [-6, 53, -1],
							"size": [1, 7, 2],
							"uv": {
								"north": {"uv": [55, 28], "uv_size": [9, 26]},
								"east": {"uv": [55, 28], "uv_size": [9, 26]},
								"south": {"uv": [55, 28], "uv_size": [9, 26]},
								"west": {"uv": [55, 28], "uv_size": [9, 26]},
								"up": {"uv": [64, 54], "uv_size": [-9, -26]},
								"down": {"uv": [64, 54], "uv_size": [-9, -26]}
							}
						},
						{
							"origin": [-6, 53, 2],
							"size": [1, 7, 2],
							"uv": {
								"north": {"uv": [55, 28], "uv_size": [9, 26]},
								"east": {"uv": [55, 28], "uv_size": [9, 26]},
								"south": {"uv": [55, 28], "uv_size": [9, 26]},
								"west": {"uv": [55, 28], "uv_size": [9, 26]},
								"up": {"uv": [64, 54], "uv_size": [-9, -26]},
								"down": {"uv": [64, 54], "uv_size": [-9, -26]}
							}
						},
						{
							"origin": [5, 53, -4],
							"size": [1, 7, 2],
							"uv": {
								"north": {"uv": [55, 28], "uv_size": [9, 26]},
								"east": {"uv": [55, 28], "uv_size": [9, 26]},
								"south": {"uv": [55, 28], "uv_size": [9, 26]},
								"west": {"uv": [55, 28], "uv_size": [9, 26]},
								"up": {"uv": [64, 54], "uv_size": [-9, -26]},
								"down": {"uv": [64, 54], "uv_size": [-9, -26]}
							}
						},
						{
							"origin": [5, 53, 2],
							"size": [1, 7, 2],
							"uv": {
								"north": {"uv": [55, 28], "uv_size": [9, 26]},
								"east": {"uv": [55, 28], "uv_size": [9, 26]},
								"south": {"uv": [55, 28], "uv_size": [9, 26]},
								"west": {"uv": [55, 28], "uv_size": [9, 26]},
								"up": {"uv": [64, 54], "uv_size": [-9, -26]},
								"down": {"uv": [64, 54], "uv_size": [-9, -26]}
							}
						},
						{
							"origin": [4, 53, 4],
							"size": [2, 7, 1],
							"uv": {
								"north": {"uv": [55, 28], "uv_size": [9, 26]},
								"east": {"uv": [55, 28], "uv_size": [9, 26]},
								"south": {"uv": [55, 28], "uv_size": [9, 26]},
								"west": {"uv": [55, 28], "uv_size": [9, 26]},
								"up": {"uv": [64, 54], "uv_size": [-9, -26]},
								"down": {"uv": [64, 54], "uv_size": [-9, -26]}
							}
						},
						{
							"origin": [-6, 53, 4],
							"size": [2, 7, 1],
							"uv": {
								"north": {"uv": [55, 28], "uv_size": [9, 26]},
								"east": {"uv": [55, 28], "uv_size": [9, 26]},
								"south": {"uv": [55, 28], "uv_size": [9, 26]},
								"west": {"uv": [55, 28], "uv_size": [9, 26]},
								"up": {"uv": [64, 54], "uv_size": [-9, -26]},
								"down": {"uv": [64, 54], "uv_size": [-9, -26]}
							}
						},
						{
							"origin": [-2.5, 53, 4],
							"size": [2, 7, 1],
							"uv": {
								"north": {"uv": [55, 28], "uv_size": [9, 26]},
								"east": {"uv": [55, 28], "uv_size": [9, 26]},
								"south": {"uv": [55, 28], "uv_size": [9, 26]},
								"west": {"uv": [55, 28], "uv_size": [9, 26]},
								"up": {"uv": [64, 54], "uv_size": [-9, -26]},
								"down": {"uv": [64, 54], "uv_size": [-9, -26]}
							}
						},
						{
							"origin": [0.5, 53, 4],
							"size": [2, 7, 1],
							"uv": {
								"north": {"uv": [55, 28], "uv_size": [9, 26]},
								"east": {"uv": [55, 28], "uv_size": [9, 26]},
								"south": {"uv": [55, 28], "uv_size": [9, 26]},
								"west": {"uv": [55, 28], "uv_size": [9, 26]},
								"up": {"uv": [64, 54], "uv_size": [-9, -26]},
								"down": {"uv": [64, 54], "uv_size": [-9, -26]}
							}
						},
						{
							"origin": [2.25, 53, 4],
							"size": [2, 7, 2],
							"pivot": [3.25, 56.5, 5.5],
							"rotation": [17.5, 0, 0],
							"uv": {
								"north": {"uv": [55, 28], "uv_size": [9, 26]},
								"east": {"uv": [55, 28], "uv_size": [9, 26]},
								"south": {"uv": [55, 28], "uv_size": [9, 26]},
								"west": {"uv": [55, 28], "uv_size": [9, 26]},
								"up": {"uv": [64, 54], "uv_size": [-9, -26]},
								"down": {"uv": [64, 54], "uv_size": [-9, -26]}
							}
						},
						{
							"origin": [-4.25, 53, 4],
							"size": [2, 7, 2],
							"pivot": [-3.25, 56.5, 5.5],
							"rotation": [17.5, 0, 0],
							"uv": {
								"north": {"uv": [55, 28], "uv_size": [9, 26]},
								"east": {"uv": [55, 28], "uv_size": [9, 26]},
								"south": {"uv": [55, 28], "uv_size": [9, 26]},
								"west": {"uv": [55, 28], "uv_size": [9, 26]},
								"up": {"uv": [64, 54], "uv_size": [-9, -26]},
								"down": {"uv": [64, 54], "uv_size": [-9, -26]}
							}
						},
						{
							"origin": [-1, 53, 4],
							"size": [2, 7, 2],
							"pivot": [0, 56.5, 5.5],
							"rotation": [17.5, 0, 0],
							"uv": {
								"north": {"uv": [55, 28], "uv_size": [9, 26]},
								"east": {"uv": [55, 28], "uv_size": [9, 26]},
								"south": {"uv": [55, 28], "uv_size": [9, 26]},
								"west": {"uv": [55, 28], "uv_size": [9, 26]},
								"up": {"uv": [64, 54], "uv_size": [-9, -26]},
								"down": {"uv": [64, 54], "uv_size": [-9, -26]}
							}
						},
						{
							"origin": [5, 53, -1],
							"size": [1, 7, 2],
							"uv": {
								"north": {"uv": [55, 28], "uv_size": [9, 26]},
								"east": {"uv": [55, 28], "uv_size": [9, 26]},
								"south": {"uv": [55, 28], "uv_size": [9, 26]},
								"west": {"uv": [55, 28], "uv_size": [9, 26]},
								"up": {"uv": [64, 54], "uv_size": [-9, -26]},
								"down": {"uv": [64, 54], "uv_size": [-9, -26]}
							}
						},
						{
							"origin": [5, 50, -4],
							"size": [3, 3, 8],
							"uv": {
								"north": {"uv": [55, 28], "uv_size": [9, 26]},
								"east": {"uv": [55, 28], "uv_size": [9, 26]},
								"south": {"uv": [55, 28], "uv_size": [9, 26]},
								"west": {"uv": [55, 28], "uv_size": [9, 26]},
								"up": {"uv": [64, 54], "uv_size": [-9, -26]},
								"down": {"uv": [64, 54], "uv_size": [-9, -26]}
							}
						},
						{
							"origin": [-5, 50, 4],
							"size": [10, 3, 3],
							"uv": {
								"north": {"uv": [55, 28], "uv_size": [9, 26]},
								"east": {"uv": [55, 28], "uv_size": [9, 26]},
								"south": {"uv": [55, 28], "uv_size": [9, 26]},
								"west": {"uv": [55, 28], "uv_size": [9, 26]},
								"up": {"uv": [64, 54], "uv_size": [-9, -26]},
								"down": {"uv": [64, 54], "uv_size": [-9, -26]}
							}
						},
						{
							"origin": [3.06, 50, -4],
							"size": [2, 4, 8],
							"uv": {
								"north": {"uv": [28, 0], "uv_size": [25, 26]},
								"east": {"uv": [28, 0], "uv_size": [25, 26]},
								"south": {"uv": [28, 0], "uv_size": [25, 26]},
								"west": {"uv": [28, 0], "uv_size": [25, 26]},
								"up": {"uv": [53, 26], "uv_size": [-25, -26]},
								"down": {"uv": [53, 26], "uv_size": [-25, -26]}
							}
						},
						{
							"origin": [-4, 46, -4],
							"size": [8, 12, 8],
							"uv": {
								"north": {"uv": [2, 0], "uv_size": [22, 26]},
								"east": {"uv": [28, 0], "uv_size": [25, 26]},
								"south": {"uv": [28, 0], "uv_size": [25, 26]},
								"west": {"uv": [28, 0], "uv_size": [25, 26]},
								"up": {"uv": [53, 26], "uv_size": [-25, -26]},
								"down": {"uv": [53, 26], "uv_size": [-25, -26]}
							}
						},
						{
							"origin": [-4, 58, -4],
							"size": [8, 3, 8],
							"uv": {
								"north": {"uv": [0, 28], "uv_size": [2, 26]},
								"east": {"uv": [0, 28], "uv_size": [2, 26]},
								"south": {"uv": [0, 28], "uv_size": [2, 26]},
								"west": {"uv": [0, 28], "uv_size": [2, 26]},
								"up": {"uv": [2, 54], "uv_size": [-2, -26]},
								"down": {"uv": [2, 54], "uv_size": [-2, -26]}
							}
						},
						{
							"origin": [-3, 61, -4],
							"size": [6, 2, 8],
							"uv": {
								"north": {"uv": [0, 28], "uv_size": [2, 26]},
								"east": {"uv": [0, 28], "uv_size": [2, 26]},
								"south": {"uv": [0, 28], "uv_size": [2, 26]},
								"west": {"uv": [0, 28], "uv_size": [2, 26]},
								"up": {"uv": [2, 54], "uv_size": [-2, -26]},
								"down": {"uv": [2, 54], "uv_size": [-2, -26]}
							}
						},
						{
							"origin": [-2, 61, -4],
							"size": [4, 2, 8],
							"pivot": [0, 56.5, 0],
							"rotation": [0, 0, -40],
							"uv": {
								"north": {"uv": [0, 28], "uv_size": [2, 26]},
								"east": {"uv": [0, 28], "uv_size": [2, 26]},
								"south": {"uv": [0, 28], "uv_size": [2, 26]},
								"west": {"uv": [0, 28], "uv_size": [2, 26]},
								"up": {"uv": [2, 54], "uv_size": [-2, -26]},
								"down": {"uv": [2, 54], "uv_size": [-2, -26]}
							}
						},
						{
							"origin": [-2, 61, -4],
							"size": [4, 2, 8],
							"pivot": [0, 56.5, 0],
							"rotation": [0, 0, 40],
							"uv": {
								"north": {"uv": [0, 28], "uv_size": [2, 26]},
								"east": {"uv": [0, 28], "uv_size": [2, 26]},
								"south": {"uv": [0, 28], "uv_size": [2, 26]},
								"west": {"uv": [0, 28], "uv_size": [2, 26]},
								"up": {"uv": [2, 54], "uv_size": [-2, -26]},
								"down": {"uv": [2, 54], "uv_size": [-2, -26]}
							}
						},
						{
							"origin": [-4, 50.6, -4.6],
							"size": [2, 1, 1],
							"uv": {
								"north": {"uv": [28, 56], "uv_size": [25, 8]},
								"east": {"uv": [28, 56], "uv_size": [25, 8]},
								"south": {"uv": [28, 56], "uv_size": [25, 8]},
								"west": {"uv": [28, 56], "uv_size": [25, 8]},
								"up": {"uv": [53, 64], "uv_size": [-25, -8]},
								"down": {"uv": [53, 64], "uv_size": [-25, -8]}
							}
						},
						{
							"origin": [2, 50.6, -4.6],
							"size": [2, 1, 1],
							"uv": {
								"north": {"uv": [28, 56], "uv_size": [25, 8]},
								"east": {"uv": [28, 56], "uv_size": [25, 8]},
								"south": {"uv": [28, 56], "uv_size": [25, 8]},
								"west": {"uv": [28, 56], "uv_size": [25, 8]},
								"up": {"uv": [53, 64], "uv_size": [-25, -8]},
								"down": {"uv": [53, 64], "uv_size": [-25, -8]}
							}
						},
						{
							"origin": [3.4, 46.2, -4],
							"size": [2, 4, 8],
							"pivot": [0, 18, 0],
							"rotation": [0, 0, -15],
							"uv": {
								"north": {"uv": [28, 0], "uv_size": [25, 26]},
								"east": {"uv": [28, 0], "uv_size": [25, 26]},
								"south": {"uv": [28, 0], "uv_size": [25, 26]},
								"west": {"uv": [28, 0], "uv_size": [25, 26]},
								"up": {"uv": [53, 26], "uv_size": [-25, -26]},
								"down": {"uv": [53, 26], "uv_size": [-25, -26]}
							}
						},
						{
							"origin": [12.2, 51.4, -4],
							"size": [2, 4, 8],
							"pivot": [0, 18, 0],
							"rotation": [0, 0, -15],
							"uv": {
								"north": {"uv": [28, 0], "uv_size": [25, 26]},
								"east": {"uv": [28, 0], "uv_size": [25, 26]},
								"south": {"uv": [28, 0], "uv_size": [25, 26]},
								"west": {"uv": [28, 0], "uv_size": [25, 26]},
								"up": {"uv": [53, 26], "uv_size": [-25, -26]},
								"down": {"uv": [53, 26], "uv_size": [-25, -26]}
							}
						},
						{
							"origin": [-5.4, 46.2, -4],
							"size": [2, 4, 8],
							"pivot": [0, 18, 0],
							"rotation": [0, 0, 15],
							"uv": {
								"north": {"uv": [28, 0], "uv_size": [25, 26]},
								"east": {"uv": [28, 0], "uv_size": [25, 26]},
								"south": {"uv": [28, 0], "uv_size": [25, 26]},
								"west": {"uv": [28, 0], "uv_size": [25, 26]},
								"up": {"uv": [53, 26], "uv_size": [-25, -26]},
								"down": {"uv": [53, 26], "uv_size": [-25, -26]}
							}
						},
						{
							"origin": [-14.2, 51.4, -4],
							"size": [2, 4, 8],
							"pivot": [0, 18, 0],
							"rotation": [0, 0, 15],
							"uv": {
								"north": {"uv": [28, 0], "uv_size": [25, 26]},
								"east": {"uv": [28, 0], "uv_size": [25, 26]},
								"south": {"uv": [28, 0], "uv_size": [25, 26]},
								"west": {"uv": [28, 0], "uv_size": [25, 26]},
								"up": {"uv": [53, 26], "uv_size": [-25, -26]},
								"down": {"uv": [53, 26], "uv_size": [-25, -26]}
							}
						}
					]
				},
				{
					"name": "hat",
					"parent": "head",
					"pivot": [0, 24, 0]
				},
				{
					"name": "head2",
					"parent": "head",
					"pivot": [0, 24, 0],
					"cubes": [
						{
							"origin": [-1, 48, -1],
							"size": [2, 2, 1],
							"uv": {
								"north": {"uv": [0, 56], "uv_size": [26, 8]},
								"east": {"uv": [0, 56], "uv_size": [26, 8]},
								"south": {"uv": [0, 56], "uv_size": [26, 8]},
								"west": {"uv": [0, 56], "uv_size": [26, 8]},
								"up": {"uv": [26, 64], "uv_size": [-26, -8]},
								"down": {"uv": [26, 64], "uv_size": [-26, -8]}
							}
						}
					]
				},
				{
					"name": "jacket",
					"parent": "Kbody",
					"pivot": [0, 12, 0]
				},
				{
					"name": "RightArmUp",
					"parent": "Kbody",
					"pivot": [-6, 22, 0],
					"cubes": [
						{
							"origin": [-18.85376, 29.91174, -5],
							"size": [8, 15, 10],
							"pivot": [-14.75359, 46.2, -0.2],
							"rotation": [0, 0, 7.5],
							"uv": {
								"north": {"uv": [0, 28], "uv_size": [2, 26]},
								"east": {"uv": [0, 28], "uv_size": [2, 26]},
								"south": {"uv": [0, 28], "uv_size": [2, 26]},
								"west": {"uv": [0, 28], "uv_size": [2, 26]},
								"up": {"uv": [2, 54], "uv_size": [-2, -26]},
								"down": {"uv": [2, 54], "uv_size": [-2, -26]}
							}
						}
					]
				},
				{
					"name": "RightArmDown",
					"parent": "RightArmUp",
					"pivot": [-6, 18, 2],
					"cubes": [
						{
							"origin": [-21, 16, -5],
							"size": [8, 15, 10],
							"uv": {
								"north": {"uv": [0, 28], "uv_size": [2, 26]},
								"east": {"uv": [0, 28], "uv_size": [2, 26]},
								"south": {"uv": [0, 28], "uv_size": [2, 26]},
								"west": {"uv": [0, 28], "uv_size": [2, 26]},
								"up": {"uv": [2, 54], "uv_size": [-2, -26]},
								"down": {"uv": [2, 54], "uv_size": [-2, -26]}
							}
						},
						{
							"origin": [-21, 14, -5],
							"size": [8, 2, 10],
							"uv": {
								"north": {"uv": [13, 59], "uv_size": [8, 5]},
								"east": {"uv": [13, 59], "uv_size": [8, 5]},
								"south": {"uv": [13, 59], "uv_size": [8, 5]},
								"west": {"uv": [13, 59], "uv_size": [8, 5]},
								"up": {"uv": [21, 64], "uv_size": [-8, -5]},
								"down": {"uv": [21, 64], "uv_size": [-8, -5]}
							}
						},
						{
							"origin": [-21, 9, -5],
							"size": [2, 5, 10],
							"uv": {
								"north": {"uv": [13, 59], "uv_size": [8, 5]},
								"east": {"uv": [13, 59], "uv_size": [8, 5]},
								"south": {"uv": [13, 59], "uv_size": [8, 5]},
								"west": {"uv": [13, 59], "uv_size": [8, 5]},
								"up": {"uv": [21, 64], "uv_size": [-8, -5]},
								"down": {"uv": [21, 64], "uv_size": [-8, -5]}
							}
						},
						{
							"origin": [-15, 9, -5],
							"size": [2, 5, 2],
							"uv": {
								"north": {"uv": [13, 59], "uv_size": [8, 5]},
								"east": {"uv": [13, 59], "uv_size": [8, 5]},
								"south": {"uv": [13, 59], "uv_size": [8, 5]},
								"west": {"uv": [13, 59], "uv_size": [8, 5]},
								"up": {"uv": [21, 64], "uv_size": [-8, -5]},
								"down": {"uv": [21, 64], "uv_size": [-8, -5]}
							}
						},
						{
							"origin": [-38.64711, 12.80802, -5],
							"size": [2, 5, 2],
							"pivot": [-14.75359, 46.2, -0.2],
							"rotation": [0, 0, -30],
							"uv": {
								"north": {"uv": [13, 59], "uv_size": [8, 5]},
								"east": {"uv": [13, 59], "uv_size": [8, 5]},
								"south": {"uv": [13, 59], "uv_size": [8, 5]},
								"west": {"uv": [13, 59], "uv_size": [8, 5]},
								"up": {"uv": [21, 64], "uv_size": [-8, -5]},
								"down": {"uv": [21, 64], "uv_size": [-8, -5]}
							}
						},
						{
							"origin": [-38.64711, 12.80802, -2],
							"size": [2, 5, 2],
							"pivot": [-14.75359, 46.2, -0.2],
							"rotation": [0, 0, -30],
							"uv": {
								"north": {"uv": [13, 59], "uv_size": [8, 5]},
								"east": {"uv": [13, 59], "uv_size": [8, 5]},
								"south": {"uv": [13, 59], "uv_size": [8, 5]},
								"west": {"uv": [13, 59], "uv_size": [8, 5]},
								"up": {"uv": [21, 64], "uv_size": [-8, -5]},
								"down": {"uv": [21, 64], "uv_size": [-8, -5]}
							}
						},
						{
							"origin": [-38.64711, 12.80802, 1],
							"size": [2, 5, 2],
							"pivot": [-14.75359, 46.2, -0.2],
							"rotation": [0, 0, -30],
							"uv": {
								"north": {"uv": [13, 59], "uv_size": [8, 5]},
								"east": {"uv": [13, 59], "uv_size": [8, 5]},
								"south": {"uv": [13, 59], "uv_size": [8, 5]},
								"west": {"uv": [13, 59], "uv_size": [8, 5]},
								"up": {"uv": [21, 64], "uv_size": [-8, -5]},
								"down": {"uv": [21, 64], "uv_size": [-8, -5]}
							}
						},
						{
							"origin": [-38.64711, 12.80802, 4],
							"size": [2, 5, 2],
							"pivot": [-14.75359, 46.2, -0.2],
							"rotation": [0, 0, -30],
							"uv": {
								"north": {"uv": [13, 59], "uv_size": [8, 5]},
								"east": {"uv": [13, 59], "uv_size": [8, 5]},
								"south": {"uv": [13, 59], "uv_size": [8, 5]},
								"west": {"uv": [13, 59], "uv_size": [8, 5]},
								"up": {"uv": [21, 64], "uv_size": [-8, -5]},
								"down": {"uv": [21, 64], "uv_size": [-8, -5]}
							}
						},
						{
							"origin": [-20, 29, -4],
							"size": [6, 4, 8],
							"uv": {
								"north": {"uv": [20, 62], "uv_size": [6, 2]},
								"east": {"uv": [20, 62], "uv_size": [6, 2]},
								"south": {"uv": [20, 62], "uv_size": [6, 2]},
								"west": {"uv": [20, 62], "uv_size": [6, 2]},
								"up": {"uv": [26, 64], "uv_size": [-6, -2]},
								"down": {"uv": [26, 64], "uv_size": [-6, -2]}
							}
						}
					]
				},
				{
					"name": "rightItem",
					"parent": "RightArmDown",
					"pivot": [-6, 15, 1]
				},
				{
					"name": "Item",
					"parent": "RightArmDown",
					"pivot": [-6, 18, 2]
				},
				{
					"name": "cItem",
					"parent": "RightArmDown",
					"pivot": [-6, 15, 1]
				},
				{
					"name": "LeftArmUp",
					"parent": "Kbody",
					"pivot": [6, 22, 0],
					"cubes": [
						{
							"origin": [10.77544, 29.91687, -5],
							"size": [8, 15, 10],
							"pivot": [14.75359, 46.8, -0.2],
							"rotation": [0, 0, -7.5],
							"uv": {
								"north": {"uv": [0, 28], "uv_size": [2, 26]},
								"east": {"uv": [0, 28], "uv_size": [2, 26]},
								"south": {"uv": [0, 28], "uv_size": [2, 26]},
								"west": {"uv": [0, 28], "uv_size": [2, 26]},
								"up": {"uv": [2, 54], "uv_size": [-2, -26]},
								"down": {"uv": [2, 54], "uv_size": [-2, -26]}
							}
						}
					]
				},
				{
					"name": "LeftArmDown",
					"parent": "LeftArmUp",
					"pivot": [6, 18, 2],
					"cubes": [
						{
							"origin": [13, 16, -5],
							"size": [8, 15, 10],
							"uv": {
								"north": {"uv": [0, 28], "uv_size": [2, 26]},
								"east": {"uv": [0, 28], "uv_size": [2, 26]},
								"south": {"uv": [0, 28], "uv_size": [2, 26]},
								"west": {"uv": [0, 28], "uv_size": [2, 26]},
								"up": {"uv": [2, 54], "uv_size": [-2, -26]},
								"down": {"uv": [2, 54], "uv_size": [-2, -26]}
							}
						},
						{
							"origin": [13, 14, -5],
							"size": [8, 2, 10],
							"uv": {
								"north": {"uv": [12, 56], "uv_size": [9, 8]},
								"east": {"uv": [12, 56], "uv_size": [9, 8]},
								"south": {"uv": [12, 56], "uv_size": [9, 8]},
								"west": {"uv": [12, 56], "uv_size": [9, 8]},
								"up": {"uv": [21, 64], "uv_size": [-9, -8]},
								"down": {"uv": [21, 64], "uv_size": [-9, -8]}
							}
						},
						{
							"origin": [19, 9, -5],
							"size": [2, 5, 10],
							"uv": {
								"north": {"uv": [12, 56], "uv_size": [9, 8]},
								"east": {"uv": [12, 56], "uv_size": [9, 8]},
								"south": {"uv": [12, 56], "uv_size": [9, 8]},
								"west": {"uv": [12, 56], "uv_size": [9, 8]},
								"up": {"uv": [21, 64], "uv_size": [-9, -8]},
								"down": {"uv": [21, 64], "uv_size": [-9, -8]}
							}
						},
						{
							"origin": [13, 9, -5],
							"size": [2, 5, 2],
							"uv": {
								"north": {"uv": [12, 56], "uv_size": [9, 8]},
								"east": {"uv": [12, 56], "uv_size": [9, 8]},
								"south": {"uv": [12, 56], "uv_size": [9, 8]},
								"west": {"uv": [12, 56], "uv_size": [9, 8]},
								"up": {"uv": [21, 64], "uv_size": [-9, -8]},
								"down": {"uv": [21, 64], "uv_size": [-9, -8]}
							}
						},
						{
							"origin": [37.44711, 12.02238, -5],
							"size": [2, 5, 2],
							"pivot": [14.75359, 46.8, -0.2],
							"rotation": [0, 0, 30],
							"uv": {
								"north": {"uv": [12, 56], "uv_size": [9, 8]},
								"east": {"uv": [12, 56], "uv_size": [9, 8]},
								"south": {"uv": [12, 56], "uv_size": [9, 8]},
								"west": {"uv": [12, 56], "uv_size": [9, 8]},
								"up": {"uv": [21, 64], "uv_size": [-9, -8]},
								"down": {"uv": [21, 64], "uv_size": [-9, -8]}
							}
						},
						{
							"origin": [37.44711, 12.02238, 4],
							"size": [2, 5, 2],
							"pivot": [14.75359, 46.8, -0.2],
							"rotation": [0, 0, 30],
							"uv": {
								"north": {"uv": [12, 56], "uv_size": [9, 8]},
								"east": {"uv": [12, 56], "uv_size": [9, 8]},
								"south": {"uv": [12, 56], "uv_size": [9, 8]},
								"west": {"uv": [12, 56], "uv_size": [9, 8]},
								"up": {"uv": [21, 64], "uv_size": [-9, -8]},
								"down": {"uv": [21, 64], "uv_size": [-9, -8]}
							}
						},
						{
							"origin": [37.44711, 12.02238, -2],
							"size": [2, 5, 2],
							"pivot": [14.75359, 46.8, -0.2],
							"rotation": [0, 0, 30],
							"uv": {
								"north": {"uv": [12, 56], "uv_size": [9, 8]},
								"east": {"uv": [12, 56], "uv_size": [9, 8]},
								"south": {"uv": [12, 56], "uv_size": [9, 8]},
								"west": {"uv": [12, 56], "uv_size": [9, 8]},
								"up": {"uv": [21, 64], "uv_size": [-9, -8]},
								"down": {"uv": [21, 64], "uv_size": [-9, -8]}
							}
						},
						{
							"origin": [37.44711, 12.02238, 1],
							"size": [2, 5, 2],
							"pivot": [14.75359, 46.8, -0.2],
							"rotation": [0, 0, 30],
							"uv": {
								"north": {"uv": [12, 56], "uv_size": [9, 8]},
								"east": {"uv": [12, 56], "uv_size": [9, 8]},
								"south": {"uv": [12, 56], "uv_size": [9, 8]},
								"west": {"uv": [12, 56], "uv_size": [9, 8]},
								"up": {"uv": [21, 64], "uv_size": [-9, -8]},
								"down": {"uv": [21, 64], "uv_size": [-9, -8]}
							}
						},
						{
							"origin": [14, 29, -4],
							"size": [6, 4, 8],
							"uv": {
								"north": {"uv": [18, 60], "uv_size": [6, 4]},
								"east": {"uv": [18, 60], "uv_size": [6, 4]},
								"south": {"uv": [18, 60], "uv_size": [6, 4]},
								"west": {"uv": [18, 60], "uv_size": [6, 4]},
								"up": {"uv": [24, 64], "uv_size": [-6, -4]},
								"down": {"uv": [24, 64], "uv_size": [-6, -4]}
							}
						}
					]
				},
				{
					"name": "LeftItem",
					"parent": "LeftArmDown",
					"pivot": [6, 15, 1]
				},
				{
					"name": "KLegs",
					"parent": "Kroot",
					"pivot": [0, 12, 0]
				},
				{
					"name": "RightLegUp",
					"parent": "KLegs",
					"pivot": [-1.9, 12, 0],
					"cubes": [
						{
							"origin": [-7.75, 17, -4.75],
							"size": [7.5, 2, 9.5],
							"inflate": 0.03,
							"uv": {
								"north": {"uv": [0, 56], "uv_size": [26, 8]},
								"east": {"uv": [0, 56], "uv_size": [26, 8]},
								"south": {"uv": [0, 56], "uv_size": [26, 8]},
								"west": {"uv": [0, 56], "uv_size": [26, 8]},
								"up": {"uv": [26, 64], "uv_size": [-26, -8]},
								"down": {"uv": [26, 64], "uv_size": [-26, -8]}
							}
						},
						{
							"origin": [-7.5, 11, -4.5],
							"size": [7, 7, 9],
							"inflate": 0.03,
							"uv": {
								"north": {"uv": [0, 56], "uv_size": [26, 8]},
								"east": {"uv": [0, 56], "uv_size": [26, 8]},
								"south": {"uv": [0, 56], "uv_size": [26, 8]},
								"west": {"uv": [0, 56], "uv_size": [26, 8]},
								"up": {"uv": [26, 64], "uv_size": [-26, -8]},
								"down": {"uv": [26, 64], "uv_size": [-26, -8]}
							}
						}
					]
				},
				{
					"name": "RightLegDown",
					"parent": "RightLegUp",
					"pivot": [-1.9, 6, -2],
					"cubes": [
						{
							"origin": [-7, 0, -4],
							"size": [6, 5, 8],
							"inflate": 0.03,
							"uv": {
								"north": {"uv": [26, 64], "uv_size": [-26, -8]},
								"east": {"uv": [26, 64], "uv_size": [-26, -8]},
								"south": {"uv": [26, 64], "uv_size": [-26, -8]},
								"west": {"uv": [26, 64], "uv_size": [-26, -8]},
								"up": {"uv": [0, 56], "uv_size": [26, 8]},
								"down": {"uv": [0, 56], "uv_size": [26, 8]}
							}
						},
						{
							"origin": [-6.75, 5, -3.75],
							"size": [5.5, 6, 7.5],
							"inflate": 0.03,
							"uv": {
								"north": {"uv": [26, 64], "uv_size": [-26, -8]},
								"east": {"uv": [26, 64], "uv_size": [-26, -8]},
								"south": {"uv": [26, 64], "uv_size": [-26, -8]},
								"west": {"uv": [26, 64], "uv_size": [-26, -8]},
								"up": {"uv": [0, 56], "uv_size": [26, 8]},
								"down": {"uv": [0, 56], "uv_size": [26, 8]}
							}
						},
						{
							"origin": [-7, 3, -10],
							"size": [6, 3, 8],
							"inflate": 0.03,
							"pivot": [0, 0, 0],
							"rotation": [20, 0, 0],
							"uv": {
								"north": {"uv": [26, 64], "uv_size": [-26, -8]},
								"east": {"uv": [26, 64], "uv_size": [-26, -8]},
								"south": {"uv": [26, 64], "uv_size": [-26, -8]},
								"west": {"uv": [26, 64], "uv_size": [-26, -8]},
								"up": {"uv": [0, 56], "uv_size": [26, 8]},
								"down": {"uv": [0, 56], "uv_size": [26, 8]}
							}
						}
					]
				},
				{
					"name": "LeftLegUp",
					"parent": "KLegs",
					"pivot": [1.9, 12, 0],
					"cubes": [
						{
							"origin": [0.25, 17, -4.75],
							"size": [7.5, 2, 9.5],
							"inflate": 0.03,
							"uv": {
								"north": {"uv": [0, 56], "uv_size": [26, 8]},
								"east": {"uv": [0, 56], "uv_size": [26, 8]},
								"south": {"uv": [0, 56], "uv_size": [26, 8]},
								"west": {"uv": [0, 56], "uv_size": [26, 8]},
								"up": {"uv": [26, 64], "uv_size": [-26, -8]},
								"down": {"uv": [26, 64], "uv_size": [-26, -8]}
							}
						},
						{
							"origin": [0.5, 11, -4.5],
							"size": [7, 6, 9],
							"inflate": 0.03,
							"uv": {
								"north": {"uv": [0, 56], "uv_size": [26, 8]},
								"east": {"uv": [0, 56], "uv_size": [26, 8]},
								"south": {"uv": [0, 56], "uv_size": [26, 8]},
								"west": {"uv": [0, 56], "uv_size": [26, 8]},
								"up": {"uv": [26, 64], "uv_size": [-26, -8]},
								"down": {"uv": [26, 64], "uv_size": [-26, -8]}
							}
						}
					]
				},
				{
					"name": "LeftLegDown",
					"parent": "LeftLegUp",
					"pivot": [1.9, 6, -2],
					"cubes": [
						{
							"origin": [1, 3, -10],
							"size": [6, 3, 8],
							"inflate": 0.03,
							"pivot": [0, 0, 0],
							"rotation": [20, 0, 0],
							"uv": {
								"north": {"uv": [26, 64], "uv_size": [-26, -8]},
								"east": {"uv": [26, 64], "uv_size": [-26, -8]},
								"south": {"uv": [26, 64], "uv_size": [-26, -8]},
								"west": {"uv": [26, 64], "uv_size": [-26, -8]},
								"up": {"uv": [0, 56], "uv_size": [26, 8]},
								"down": {"uv": [0, 56], "uv_size": [26, 8]}
							}
						},
						{
							"origin": [1, 0, -4],
							"size": [6, 5, 8],
							"inflate": 0.03,
							"uv": {
								"north": {"uv": [26, 64], "uv_size": [-26, -8]},
								"east": {"uv": [26, 64], "uv_size": [-26, -8]},
								"south": {"uv": [26, 64], "uv_size": [-26, -8]},
								"west": {"uv": [26, 64], "uv_size": [-26, -8]},
								"up": {"uv": [0, 56], "uv_size": [26, 8]},
								"down": {"uv": [0, 56], "uv_size": [26, 8]}
							}
						},
						{
							"origin": [1.25, 5, -3.75],
							"size": [5.5, 6, 7.5],
							"inflate": 0.03,
							"uv": {
								"north": {"uv": [26, 64], "uv_size": [-26, -8]},
								"east": {"uv": [26, 64], "uv_size": [-26, -8]},
								"south": {"uv": [26, 64], "uv_size": [-26, -8]},
								"west": {"uv": [26, 64], "uv_size": [-26, -8]},
								"up": {"uv": [0, 56], "uv_size": [26, 8]},
								"down": {"uv": [0, 56], "uv_size": [26, 8]}
							}
						}
					]
				}
			]
		}
	]
}