{
	"format_version": "1.12.0",
	"minecraft:geometry": [
		{
			"description": {
				"identifier": "geometry.microwavegun",
				"texture_width": 32,
				"texture_height": 32,
				"visible_bounds_width": 3,
				"visible_bounds_height": 3.5,
				"visible_bounds_offset": [0, 1.25, 0]
			},
			"bones": [
				{
					"name": "root",
					"pivot": [0, 0, 0]
				},
				{
					"name": "waist",
					"parent": "root",
					"pivot": [0, 18, 0]
				},
				{
					"name": "body",
					"parent": "waist",
					"pivot": [0, 36, 0]
				},
				{
					"name": "head",
					"parent": "body",
					"pivot": [0, 36, 0]
				},
				{
					"name": "hat",
					"parent": "head",
					"pivot": [0, 36, 0]
				},
				{
					"name": "cape",
					"parent": "body",
					"pivot": [0, 36, 4.5]
				},
				{
					"name": "leftArm",
					"parent": "body",
					"pivot": [7.5, 33, 0]
				},
				{
					"name": "leftSleeve",
					"parent": "leftArm",
					"pivot": [7.5, 33, 0]
				},
				{
					"name": "leftItem",
					"parent": "leftArm",
					"pivot": [9, 22.5, 1.5]
				},
				{
					"name": "rightArm",
					"parent": "body",
					"pivot": [-7.5, 33, 0]
				},
				{
					"name": "rightSleeve",
					"parent": "rightArm",
					"pivot": [-7.5, 33, 0]
				},
				{
					"name": "rightItem",
					"parent": "rightArm",
					"pivot": [-9, 22.5, 1.5],
					"locators": {
						"lead_hold": [-9, 22.5, 1.5]
					}
				},
				{
					"name": "pistolRoot",
					"parent": "rightItem",
					"pivot": [0, 0, 0]
				},
				{
					"name": "pistol",
					"parent": "pistolRoot",
					"pivot": [0, 8, 5],
					"rotation": [-90, 0, -180],
					"cubes": [
						{
							"origin": [-2, 6.5, 7.55],
							"size": [4, 3, 3],
							"pivot": [0, 8, 9.05],
							"rotation": [-90, 0, 0],
							"uv": {
								"north": {"uv": [16, 4], "uv_size": [16, 7]},
								"east": {"uv": [28, 0], "uv_size": [4, 4]},
								"south": {"uv": [16, 4], "uv_size": [16, 7]},
								"west": {"uv": [28, 0], "uv_size": [4, 4]},
								"up": {"uv": [32, 11], "uv_size": [-16, -7]},
								"down": {"uv": [32, 11], "uv_size": [-16, -7]}
							}
						},
						{
							"origin": [-1.5, 6, 7],
							"size": [3, 4, 4],
							"uv": {
								"north": {"uv": [16, 4], "uv_size": [16, 7]},
								"east": {"uv": [16, 4], "uv_size": [16, 7]},
								"south": {"uv": [16, 4], "uv_size": [16, 7]},
								"west": {"uv": [16, 4], "uv_size": [16, 7]},
								"up": {"uv": [32, 11], "uv_size": [-16, -7]},
								"down": {"uv": [32, 11], "uv_size": [-16, -7]}
							}
						},
						{
							"origin": [-0.5, 4, 7],
							"size": [2, 2, 4],
							"uv": {
								"north": {"uv": [0, 18], "uv_size": [16, 7]},
								"east": {"uv": [0, 18], "uv_size": [16, 7]},
								"south": {"uv": [0, 18], "uv_size": [16, 7]},
								"west": {"uv": [0, 18], "uv_size": [16, 7]},
								"up": {"uv": [16, 25], "uv_size": [-16, -7]},
								"down": {"uv": [16, 25], "uv_size": [-16, -7]}
							}
						},
						{
							"origin": [-1, 2, 7],
							"size": [2, 2, 2],
							"uv": {
								"north": {"uv": [16, 11], "uv_size": [16, 7]},
								"east": {"uv": [20, 0], "uv_size": [4, 4]},
								"south": {"uv": [16, 11], "uv_size": [16, 7]},
								"west": {"uv": [20, 0], "uv_size": [4, 4]},
								"up": {"uv": [32, 18], "uv_size": [-16, -7]},
								"down": {"uv": [32, 18], "uv_size": [-16, -7]}
							}
						},
						{
							"origin": [-0.5, -1, 8.5],
							"size": [1, 3.5, 1],
							"uv": {
								"north": {"uv": [16, 18], "uv_size": [16, 7]},
								"east": {"uv": [16, 18], "uv_size": [16, 7]},
								"south": {"uv": [16, 18], "uv_size": [16, 7]},
								"west": {"uv": [16, 18], "uv_size": [16, 7]},
								"up": {"uv": [32, 25], "uv_size": [-16, -7]},
								"down": {"uv": [32, 25], "uv_size": [-16, -7]}
							}
						},
						{
							"origin": [-0.5, -1, 8.5],
							"size": [1, 3.5, 1],
							"pivot": [0, 0.75, 9],
							"rotation": [0, -45, 0],
							"uv": {
								"north": {"uv": [16, 18], "uv_size": [16, 7]},
								"east": {"uv": [16, 18], "uv_size": [16, 7]},
								"south": {"uv": [16, 18], "uv_size": [16, 7]},
								"west": {"uv": [16, 18], "uv_size": [16, 7]},
								"up": {"uv": [32, 25], "uv_size": [-16, -7]},
								"down": {"uv": [32, 25], "uv_size": [-16, -7]}
							}
						},
						{
							"origin": [-1, 1.5, 8],
							"size": [2, 0.5, 2],
							"uv": {
								"north": {"uv": [16, 18], "uv_size": [16, 7]},
								"east": {"uv": [16, 18], "uv_size": [16, 7]},
								"south": {"uv": [16, 18], "uv_size": [16, 7]},
								"west": {"uv": [16, 18], "uv_size": [16, 7]},
								"up": {"uv": [32, 25], "uv_size": [-16, -7]},
								"down": {"uv": [32, 25], "uv_size": [-16, -7]}
							}
						},
						{
							"origin": [-1, -2.5, 10.5],
							"size": [2, 4.5, 1],
							"pivot": [0, 0, 9],
							"rotation": [20, 45, 0],
							"uv": {
								"north": {"uv": [16, 18], "uv_size": [16, 7]},
								"east": {"uv": [16, 18], "uv_size": [16, 7]},
								"south": {"uv": [16, 18], "uv_size": [16, 7]},
								"west": {"uv": [16, 18], "uv_size": [16, 7]},
								"up": {"uv": [32, 25], "uv_size": [-16, -7]},
								"down": {"uv": [32, 25], "uv_size": [-16, -7]}
							}
						},
						{
							"origin": [-1, -2.5, 10.5],
							"size": [2, 4.5, 1],
							"pivot": [0, 0, 9],
							"rotation": [20, -45, 0],
							"uv": {
								"north": {"uv": [16, 18], "uv_size": [16, 7]},
								"east": {"uv": [16, 18], "uv_size": [16, 7]},
								"south": {"uv": [16, 18], "uv_size": [16, 7]},
								"west": {"uv": [16, 18], "uv_size": [16, 7]},
								"up": {"uv": [32, 25], "uv_size": [-16, -7]},
								"down": {"uv": [32, 25], "uv_size": [-16, -7]}
							}
						},
						{
							"origin": [-1, -2.5, 10.5],
							"size": [2, 4.5, 1],
							"pivot": [0, 0, 9],
							"rotation": [-160, 45, 180],
							"uv": {
								"north": {"uv": [16, 18], "uv_size": [16, 7]},
								"east": {"uv": [16, 18], "uv_size": [16, 7]},
								"south": {"uv": [16, 18], "uv_size": [16, 7]},
								"west": {"uv": [16, 18], "uv_size": [16, 7]},
								"up": {"uv": [32, 25], "uv_size": [-16, -7]},
								"down": {"uv": [32, 25], "uv_size": [-16, -7]}
							}
						},
						{
							"origin": [-1, -2.5, 10.5],
							"size": [2, 4.5, 1],
							"pivot": [0, 0, 9],
							"rotation": [-160, -45, 180],
							"uv": {
								"north": {"uv": [16, 18], "uv_size": [16, 7]},
								"east": {"uv": [16, 18], "uv_size": [16, 7]},
								"south": {"uv": [16, 18], "uv_size": [16, 7]},
								"west": {"uv": [16, 18], "uv_size": [16, 7]},
								"up": {"uv": [32, 25], "uv_size": [-16, -7]},
								"down": {"uv": [32, 25], "uv_size": [-16, -7]}
							}
						},
						{
							"origin": [-3, -2.5, 9.5],
							"size": [1, 1, 1],
							"uv": {
								"north": {"uv": [16, 0], "uv_size": [4, 4]},
								"east": {"uv": [16, 0], "uv_size": [4, 4]},
								"south": {"uv": [16, 0], "uv_size": [4, 4]},
								"west": {"uv": [16, 0], "uv_size": [4, 4]},
								"up": {"uv": [20, 4], "uv_size": [-4, -4]},
								"down": {"uv": [20, 4], "uv_size": [-4, -4]}
							}
						},
						{
							"origin": [-0.5, -2.5, 11],
							"size": [1, 1, 1],
							"uv": {
								"north": {"uv": [16, 0], "uv_size": [4, 4]},
								"east": {"uv": [16, 0], "uv_size": [4, 4]},
								"south": {"uv": [16, 0], "uv_size": [4, 4]},
								"west": {"uv": [16, 0], "uv_size": [4, 4]},
								"up": {"uv": [20, 4], "uv_size": [-4, -4]},
								"down": {"uv": [20, 4], "uv_size": [-4, -4]}
							}
						},
						{
							"origin": [0.5, -2.5, 11],
							"size": [1, 1, 1],
							"uv": {
								"north": {"uv": [16, 0], "uv_size": [4, 4]},
								"east": {"uv": [16, 0], "uv_size": [4, 4]},
								"south": {"uv": [16, 0], "uv_size": [4, 4]},
								"west": {"uv": [16, 0], "uv_size": [4, 4]},
								"up": {"uv": [20, 4], "uv_size": [-4, -4]},
								"down": {"uv": [20, 4], "uv_size": [-4, -4]}
							}
						},
						{
							"origin": [-1.5, -2.5, 11],
							"size": [1, 1, 1],
							"uv": {
								"north": {"uv": [16, 0], "uv_size": [4, 4]},
								"east": {"uv": [16, 0], "uv_size": [4, 4]},
								"south": {"uv": [16, 0], "uv_size": [4, 4]},
								"west": {"uv": [16, 0], "uv_size": [4, 4]},
								"up": {"uv": [20, 4], "uv_size": [-4, -4]},
								"down": {"uv": [20, 4], "uv_size": [-4, -4]}
							}
						},
						{
							"origin": [-1.5, -2.5, 6],
							"size": [1, 1, 1],
							"uv": {
								"north": {"uv": [16, 0], "uv_size": [4, 4]},
								"east": {"uv": [16, 0], "uv_size": [4, 4]},
								"south": {"uv": [16, 0], "uv_size": [4, 4]},
								"west": {"uv": [16, 0], "uv_size": [4, 4]},
								"up": {"uv": [20, 4], "uv_size": [-4, -4]},
								"down": {"uv": [20, 4], "uv_size": [-4, -4]}
							}
						},
						{
							"origin": [-0.5, -2.5, 6],
							"size": [1, 1, 1],
							"uv": {
								"north": {"uv": [16, 0], "uv_size": [4, 4]},
								"east": {"uv": [16, 0], "uv_size": [4, 4]},
								"south": {"uv": [16, 0], "uv_size": [4, 4]},
								"west": {"uv": [16, 0], "uv_size": [4, 4]},
								"up": {"uv": [20, 4], "uv_size": [-4, -4]},
								"down": {"uv": [20, 4], "uv_size": [-4, -4]}
							}
						},
						{
							"origin": [0.5, -2.5, 6],
							"size": [1, 1, 1],
							"uv": {
								"north": {"uv": [16, 0], "uv_size": [4, 4]},
								"east": {"uv": [16, 0], "uv_size": [4, 4]},
								"south": {"uv": [16, 0], "uv_size": [4, 4]},
								"west": {"uv": [16, 0], "uv_size": [4, 4]},
								"up": {"uv": [20, 4], "uv_size": [-4, -4]},
								"down": {"uv": [20, 4], "uv_size": [-4, -4]}
							}
						},
						{
							"origin": [-3, -1.5, 6],
							"size": [1, 0.5, 6],
							"uv": {
								"north": {"uv": [18, 20], "uv_size": [4, 4]},
								"east": {"uv": [18, 20], "uv_size": [4, 4]},
								"south": {"uv": [18, 20], "uv_size": [4, 4]},
								"west": {"uv": [18, 20], "uv_size": [4, 4]},
								"up": {"uv": [22, 24], "uv_size": [-4, -4]},
								"down": {"uv": [22, 24], "uv_size": [-4, -4]}
							}
						},
						{
							"origin": [-2, -1.5, 8],
							"size": [1, 4.5, 2],
							"pivot": [-1.5, 0.75, 9],
							"rotation": [0, 0, 25],
							"uv": {
								"north": {"uv": [18, 20], "uv_size": [4, 4]},
								"east": {"uv": [18, 20], "uv_size": [4, 4]},
								"south": {"uv": [18, 20], "uv_size": [4, 4]},
								"west": {"uv": [18, 20], "uv_size": [4, 4]},
								"up": {"uv": [22, 24], "uv_size": [-4, -4]},
								"down": {"uv": [22, 24], "uv_size": [-4, -4]}
							}
						},
						{
							"origin": [1, -1.5, 8],
							"size": [1, 4.5, 2],
							"pivot": [1.5, 0.75, 9],
							"rotation": [0, 0, -25],
							"uv": {
								"north": {"uv": [18, 20], "uv_size": [4, 4]},
								"east": {"uv": [18, 20], "uv_size": [4, 4]},
								"south": {"uv": [18, 20], "uv_size": [4, 4]},
								"west": {"uv": [18, 20], "uv_size": [4, 4]},
								"up": {"uv": [22, 24], "uv_size": [-4, -4]},
								"down": {"uv": [22, 24], "uv_size": [-4, -4]}
							}
						},
						{
							"origin": [-1, -1.5, 10],
							"size": [2, 4.5, 1],
							"pivot": [0, 0.75, 10.5],
							"rotation": [27.5, 0, 0],
							"uv": {
								"north": {"uv": [18, 20], "uv_size": [4, 4]},
								"east": {"uv": [18, 20], "uv_size": [4, 4]},
								"south": {"uv": [18, 20], "uv_size": [4, 4]},
								"west": {"uv": [18, 20], "uv_size": [4, 4]},
								"up": {"uv": [22, 24], "uv_size": [-4, -4]},
								"down": {"uv": [22, 24], "uv_size": [-4, -4]}
							}
						},
						{
							"origin": [-1, -1.5, 7],
							"size": [2, 4.5, 1],
							"pivot": [0, 0.75, 7.5],
							"rotation": [-27.5, 0, 0],
							"uv": {
								"north": {"uv": [18, 20], "uv_size": [4, 4]},
								"east": {"uv": [18, 20], "uv_size": [4, 4]},
								"south": {"uv": [18, 20], "uv_size": [4, 4]},
								"west": {"uv": [18, 20], "uv_size": [4, 4]},
								"up": {"uv": [22, 24], "uv_size": [-4, -4]},
								"down": {"uv": [22, 24], "uv_size": [-4, -4]}
							}
						},
						{
							"origin": [-3, -3.5, 10.5],
							"size": [0.5, 2, 1.5],
							"uv": {
								"north": {"uv": [18, 20], "uv_size": [4, 4]},
								"east": {"uv": [18, 20], "uv_size": [4, 4]},
								"south": {"uv": [18, 20], "uv_size": [4, 4]},
								"west": {"uv": [18, 20], "uv_size": [4, 4]},
								"up": {"uv": [22, 24], "uv_size": [-4, -4]},
								"down": {"uv": [22, 24], "uv_size": [-4, -4]}
							}
						},
						{
							"origin": [2.5, -3.5, 10.5],
							"size": [0.5, 2, 1.5],
							"uv": {
								"north": {"uv": [18, 20], "uv_size": [4, 4]},
								"east": {"uv": [18, 20], "uv_size": [4, 4]},
								"south": {"uv": [18, 20], "uv_size": [4, 4]},
								"west": {"uv": [18, 20], "uv_size": [4, 4]},
								"up": {"uv": [22, 24], "uv_size": [-4, -4]},
								"down": {"uv": [22, 24], "uv_size": [-4, -4]}
							}
						},
						{
							"origin": [2.5, -3.5, 6],
							"size": [0.5, 2, 1.5],
							"uv": {
								"north": {"uv": [18, 20], "uv_size": [4, 4]},
								"east": {"uv": [18, 20], "uv_size": [4, 4]},
								"south": {"uv": [18, 20], "uv_size": [4, 4]},
								"west": {"uv": [18, 20], "uv_size": [4, 4]},
								"up": {"uv": [22, 24], "uv_size": [-4, -4]},
								"down": {"uv": [22, 24], "uv_size": [-4, -4]}
							}
						},
						{
							"origin": [1.5, -3.5, 6],
							"size": [1.5, 2, 0.5],
							"uv": {
								"north": {"uv": [18, 20], "uv_size": [4, 4]},
								"east": {"uv": [18, 20], "uv_size": [4, 4]},
								"south": {"uv": [18, 20], "uv_size": [4, 4]},
								"west": {"uv": [18, 20], "uv_size": [4, 4]},
								"up": {"uv": [22, 24], "uv_size": [-4, -4]},
								"down": {"uv": [22, 24], "uv_size": [-4, -4]}
							}
						},
						{
							"origin": [1.5, -3.5, 11.5],
							"size": [1.5, 2, 0.5],
							"uv": {
								"north": {"uv": [18, 20], "uv_size": [4, 4]},
								"east": {"uv": [18, 20], "uv_size": [4, 4]},
								"south": {"uv": [18, 20], "uv_size": [4, 4]},
								"west": {"uv": [18, 20], "uv_size": [4, 4]},
								"up": {"uv": [22, 24], "uv_size": [-4, -4]},
								"down": {"uv": [22, 24], "uv_size": [-4, -4]}
							}
						},
						{
							"origin": [-3, -3.5, 11.5],
							"size": [1.5, 2, 0.5],
							"uv": {
								"north": {"uv": [18, 20], "uv_size": [4, 4]},
								"east": {"uv": [18, 20], "uv_size": [4, 4]},
								"south": {"uv": [18, 20], "uv_size": [4, 4]},
								"west": {"uv": [18, 20], "uv_size": [4, 4]},
								"up": {"uv": [22, 24], "uv_size": [-4, -4]},
								"down": {"uv": [22, 24], "uv_size": [-4, -4]}
							}
						},
						{
							"origin": [-3, -3.5, 6],
							"size": [1.5, 2, 0.5],
							"uv": {
								"north": {"uv": [18, 20], "uv_size": [4, 4]},
								"east": {"uv": [18, 20], "uv_size": [4, 4]},
								"south": {"uv": [18, 20], "uv_size": [4, 4]},
								"west": {"uv": [18, 20], "uv_size": [4, 4]},
								"up": {"uv": [22, 24], "uv_size": [-4, -4]},
								"down": {"uv": [22, 24], "uv_size": [-4, -4]}
							}
						},
						{
							"origin": [-3, -3.5, 6],
							"size": [0.5, 2, 1.5],
							"uv": {
								"north": {"uv": [18, 20], "uv_size": [4, 4]},
								"east": {"uv": [18, 20], "uv_size": [4, 4]},
								"south": {"uv": [18, 20], "uv_size": [4, 4]},
								"west": {"uv": [18, 20], "uv_size": [4, 4]},
								"up": {"uv": [22, 24], "uv_size": [-4, -4]},
								"down": {"uv": [22, 24], "uv_size": [-4, -4]}
							}
						},
						{
							"origin": [2, -1.5, 6],
							"size": [1, 0.5, 6],
							"uv": {
								"north": {"uv": [18, 20], "uv_size": [4, 4]},
								"east": {"uv": [18, 20], "uv_size": [4, 4]},
								"south": {"uv": [18, 20], "uv_size": [4, 4]},
								"west": {"uv": [18, 20], "uv_size": [4, 4]},
								"up": {"uv": [22, 24], "uv_size": [-4, -4]},
								"down": {"uv": [22, 24], "uv_size": [-4, -4]}
							}
						},
						{
							"origin": [-3, -1.5, 11],
							"size": [6, 0.5, 1],
							"uv": {
								"north": {"uv": [18, 20], "uv_size": [4, 4]},
								"east": {"uv": [18, 20], "uv_size": [4, 4]},
								"south": {"uv": [18, 20], "uv_size": [4, 4]},
								"west": {"uv": [18, 20], "uv_size": [4, 4]},
								"up": {"uv": [22, 24], "uv_size": [-4, -4]},
								"down": {"uv": [22, 24], "uv_size": [-4, -4]}
							}
						},
						{
							"origin": [-3, -1.5, 6],
							"size": [6, 0.5, 1],
							"uv": {
								"north": {"uv": [18, 20], "uv_size": [4, 4]},
								"east": {"uv": [18, 20], "uv_size": [4, 4]},
								"south": {"uv": [18, 20], "uv_size": [4, 4]},
								"west": {"uv": [18, 20], "uv_size": [4, 4]},
								"up": {"uv": [22, 24], "uv_size": [-4, -4]},
								"down": {"uv": [22, 24], "uv_size": [-4, -4]}
							}
						},
						{
							"origin": [2, -2.5, 9.5],
							"size": [1, 1, 1],
							"uv": {
								"north": {"uv": [16, 0], "uv_size": [4, 4]},
								"east": {"uv": [16, 0], "uv_size": [4, 4]},
								"south": {"uv": [16, 0], "uv_size": [4, 4]},
								"west": {"uv": [16, 0], "uv_size": [4, 4]},
								"up": {"uv": [20, 4], "uv_size": [-4, -4]},
								"down": {"uv": [20, 4], "uv_size": [-4, -4]}
							}
						},
						{
							"origin": [2, -2.5, 8.5],
							"size": [1, 1, 1],
							"uv": {
								"north": {"uv": [16, 0], "uv_size": [4, 4]},
								"east": {"uv": [16, 0], "uv_size": [4, 4]},
								"south": {"uv": [16, 0], "uv_size": [4, 4]},
								"west": {"uv": [16, 0], "uv_size": [4, 4]},
								"up": {"uv": [20, 4], "uv_size": [-4, -4]},
								"down": {"uv": [20, 4], "uv_size": [-4, -4]}
							}
						},
						{
							"origin": [2, -2.5, 7.5],
							"size": [1, 1, 1],
							"uv": {
								"north": {"uv": [16, 0], "uv_size": [4, 4]},
								"east": {"uv": [16, 0], "uv_size": [4, 4]},
								"south": {"uv": [16, 0], "uv_size": [4, 4]},
								"west": {"uv": [16, 0], "uv_size": [4, 4]},
								"up": {"uv": [20, 4], "uv_size": [-4, -4]},
								"down": {"uv": [20, 4], "uv_size": [-4, -4]}
							}
						},
						{
							"origin": [-3, -2.5, 8.5],
							"size": [1, 1, 1],
							"uv": {
								"north": {"uv": [16, 0], "uv_size": [4, 4]},
								"east": {"uv": [16, 0], "uv_size": [4, 4]},
								"south": {"uv": [16, 0], "uv_size": [4, 4]},
								"west": {"uv": [16, 0], "uv_size": [4, 4]},
								"up": {"uv": [20, 4], "uv_size": [-4, -4]},
								"down": {"uv": [20, 4], "uv_size": [-4, -4]}
							}
						},
						{
							"origin": [-3, -2.5, 7.5],
							"size": [1, 1, 1],
							"uv": {
								"north": {"uv": [16, 0], "uv_size": [4, 4]},
								"east": {"uv": [16, 0], "uv_size": [4, 4]},
								"south": {"uv": [16, 0], "uv_size": [4, 4]},
								"west": {"uv": [16, 0], "uv_size": [4, 4]},
								"up": {"uv": [20, 4], "uv_size": [-4, -4]},
								"down": {"uv": [20, 4], "uv_size": [-4, -4]}
							}
						},
						{
							"origin": [-1, 2, 9],
							"size": [2, 2, 2],
							"uv": {
								"north": {"uv": [16, 18], "uv_size": [16, 7]},
								"east": {"uv": [16, 18], "uv_size": [16, 7]},
								"south": {"uv": [16, 18], "uv_size": [16, 7]},
								"west": {"uv": [16, 18], "uv_size": [16, 7]},
								"up": {"uv": [32, 25], "uv_size": [-16, -7]},
								"down": {"uv": [32, 25], "uv_size": [-16, -7]}
							}
						},
						{
							"origin": [-1.5, 4, 7],
							"size": [1, 2, 0.5],
							"uv": {
								"north": {"uv": [0, 18], "uv_size": [16, 7]},
								"east": {"uv": [0, 18], "uv_size": [16, 7]},
								"south": {"uv": [0, 18], "uv_size": [16, 7]},
								"west": {"uv": [0, 18], "uv_size": [16, 7]},
								"up": {"uv": [16, 25], "uv_size": [-16, -7]},
								"down": {"uv": [16, 25], "uv_size": [-16, -7]}
							}
						},
						{
							"origin": [-1.5, 4, 10.5],
							"size": [1, 2, 0.5],
							"uv": {
								"north": {"uv": [0, 18], "uv_size": [16, 7]},
								"east": {"uv": [0, 18], "uv_size": [16, 7]},
								"south": {"uv": [0, 18], "uv_size": [16, 7]},
								"west": {"uv": [0, 18], "uv_size": [16, 7]},
								"up": {"uv": [16, 25], "uv_size": [-16, -7]},
								"down": {"uv": [16, 25], "uv_size": [-16, -7]}
							}
						},
						{
							"origin": [-1.5, 4, 9.23],
							"size": [1, 2, 1.3],
							"uv": {
								"north": {"uv": [0, 25], "uv_size": [16, 7]},
								"east": {"uv": [0, 25], "uv_size": [16, 7]},
								"south": {"uv": [0, 25], "uv_size": [16, 7]},
								"west": {"uv": [0, 25], "uv_size": [16, 7]},
								"up": {"uv": [16, 32], "uv_size": [-16, -7]},
								"down": {"uv": [16, 32], "uv_size": [-16, -7]}
							}
						},
						{
							"origin": [-1.5, 4, 7.47],
							"size": [1, 2, 1.3],
							"uv": {
								"north": {"uv": [0, 25], "uv_size": [16, 7]},
								"east": {"uv": [0, 25], "uv_size": [16, 7]},
								"south": {"uv": [0, 25], "uv_size": [16, 7]},
								"west": {"uv": [0, 25], "uv_size": [16, 7]},
								"up": {"uv": [16, 32], "uv_size": [-16, -7]},
								"down": {"uv": [16, 32], "uv_size": [-16, -7]}
							}
						},
						{
							"origin": [-1.5, 4, 8.75],
							"size": [1, 2, 0.5],
							"uv": {
								"north": {"uv": [0, 18], "uv_size": [16, 7]},
								"east": {"uv": [0, 18], "uv_size": [16, 7]},
								"south": {"uv": [0, 18], "uv_size": [16, 7]},
								"west": {"uv": [0, 18], "uv_size": [16, 7]},
								"up": {"uv": [16, 25], "uv_size": [-16, -7]},
								"down": {"uv": [16, 25], "uv_size": [-16, -7]}
							}
						},
						{
							"origin": [-0.5, 10, 2],
							"size": [1, 2, 6],
							"pivot": [0, 9, 4],
							"rotation": [-30, 0, 0],
							"uv": {
								"north": {"uv": [16, 25], "uv_size": [16, 7]},
								"east": {"uv": [16, 25], "uv_size": [16, 7]},
								"south": {"uv": [16, 25], "uv_size": [16, 7]},
								"west": {"uv": [16, 25], "uv_size": [16, 7]},
								"up": {"uv": [32, 32], "uv_size": [-16, -7]},
								"down": {"uv": [32, 32], "uv_size": [-16, -7]}
							}
						},
						{
							"origin": [-0.25, 9, 5],
							"size": [0.5, 1, 3],
							"pivot": [0, 9, 4],
							"rotation": [-30, 0, 0],
							"uv": {
								"north": {"uv": [16, 18], "uv_size": [16, 7]},
								"east": {"uv": [16, 18], "uv_size": [16, 7]},
								"south": {"uv": [16, 18], "uv_size": [16, 7]},
								"west": {"uv": [16, 18], "uv_size": [16, 7]},
								"up": {"uv": [32, 25], "uv_size": [-16, -7]},
								"down": {"uv": [32, 25], "uv_size": [-16, -7]}
							}
						},
						{
							"origin": [-0.25, 2.5, 1],
							"size": [0.5, 5, 0.5],
							"pivot": [0, 9, 4],
							"rotation": [60, 0, 0],
							"uv": {
								"north": {"uv": [16, 18], "uv_size": [16, 7]},
								"east": {"uv": [16, 18], "uv_size": [16, 7]},
								"south": {"uv": [16, 18], "uv_size": [16, 7]},
								"west": {"uv": [16, 18], "uv_size": [16, 7]},
								"up": {"uv": [32, 25], "uv_size": [-16, -7]},
								"down": {"uv": [32, 25], "uv_size": [-16, -7]}
							}
						},
						{
							"origin": [-0.25, 5.5, 11],
							"size": [0.5, 4, 0.5],
							"pivot": [0, 9, 4],
							"rotation": [-60, 0, 0],
							"uv": {
								"north": {"uv": [16, 18], "uv_size": [16, 7]},
								"east": {"uv": [16, 18], "uv_size": [16, 7]},
								"south": {"uv": [16, 18], "uv_size": [16, 7]},
								"west": {"uv": [16, 18], "uv_size": [16, 7]},
								"up": {"uv": [32, 25], "uv_size": [-16, -7]},
								"down": {"uv": [32, 25], "uv_size": [-16, -7]}
							}
						},
						{
							"origin": [-0.25, -2.5, 0.5],
							"size": [0.5, 4, 0.5],
							"pivot": [0, 9, 4],
							"rotation": [30, 0, 0],
							"uv": {
								"north": {"uv": [16, 18], "uv_size": [16, 7]},
								"east": {"uv": [16, 18], "uv_size": [16, 7]},
								"south": {"uv": [16, 18], "uv_size": [16, 7]},
								"west": {"uv": [16, 18], "uv_size": [16, 7]},
								"up": {"uv": [32, 25], "uv_size": [-16, -7]},
								"down": {"uv": [32, 25], "uv_size": [-16, -7]}
							}
						},
						{
							"origin": [-0.25, 5.5, 4],
							"size": [0.5, 5, 0.5],
							"uv": {
								"north": {"uv": [16, 18], "uv_size": [16, 7]},
								"east": {"uv": [16, 18], "uv_size": [16, 7]},
								"south": {"uv": [16, 18], "uv_size": [16, 7]},
								"west": {"uv": [16, 18], "uv_size": [16, 7]},
								"up": {"uv": [32, 25], "uv_size": [-16, -7]},
								"down": {"uv": [32, 25], "uv_size": [-16, -7]}
							}
						},
						{
							"origin": [1, 10, 7],
							"size": [0.5, 1, 1],
							"uv": {
								"north": {"uv": [16, 4], "uv_size": [16, 7]},
								"east": {"uv": [16, 4], "uv_size": [16, 7]},
								"south": {"uv": [16, 4], "uv_size": [16, 7]},
								"west": {"uv": [16, 4], "uv_size": [16, 7]},
								"up": {"uv": [32, 11], "uv_size": [-16, -7]},
								"down": {"uv": [32, 11], "uv_size": [-16, -7]}
							}
						},
						{
							"origin": [-1.5, 10, 7],
							"size": [0.5, 1, 1],
							"uv": {
								"north": {"uv": [16, 4], "uv_size": [16, 7]},
								"east": {"uv": [16, 4], "uv_size": [16, 7]},
								"south": {"uv": [16, 4], "uv_size": [16, 7]},
								"west": {"uv": [16, 4], "uv_size": [16, 7]},
								"up": {"uv": [32, 11], "uv_size": [-16, -7]},
								"down": {"uv": [32, 11], "uv_size": [-16, -7]}
							}
						},
						{
							"origin": [-1, 10, 7.55],
							"size": [2, 0.5, 3],
							"uv": {
								"north": {"uv": [16, 4], "uv_size": [16, 7]},
								"east": {"uv": [16, 4], "uv_size": [16, 7]},
								"south": {"uv": [16, 4], "uv_size": [16, 7]},
								"west": {"uv": [16, 4], "uv_size": [16, 7]},
								"up": {"uv": [32, 11], "uv_size": [-16, -7]},
								"down": {"uv": [32, 11], "uv_size": [-16, -7]}
							}
						},
						{
							"origin": [-1, 6.25, 10.55],
							"size": [2, 3.5, 1],
							"uv": {
								"north": {"uv": [24, 0], "uv_size": [4, 4]},
								"east": {"uv": [24, 0], "uv_size": [4, 4]},
								"south": {"uv": [24, 0], "uv_size": [4, 4]},
								"west": {"uv": [24, 0], "uv_size": [4, 4]},
								"up": {"uv": [28, 4], "uv_size": [-4, -4]},
								"down": {"uv": [28, 4], "uv_size": [-4, -4]}
							}
						}
					]
				}
			]
		}
	]
}
