{
	"format_version": "1.12.0",
	"minecraft:geometry": [
		{
			"description": {
				"identifier": "geometry.minirod_cleaner2",
				"texture_width": 64,
				"texture_height": 64,
				"visible_bounds_width": 4,
				"visible_bounds_height": 5.5,
				"visible_bounds_offset": [0, 1.25, 0]
			},
			"bones": [
				{
					"name": "root0",
					"pivot": [0, 0, 0]
				},
				{
					"name": "root2",
					"parent": "root0",
					"pivot": [0, 10, 0]
				},
				{
					"name": "root1",
					"parent": "root2",
					"pivot": [0, 30, 0]
				},
				{
					"name": "Kroot",
					"parent": "root1",
					"pivot": [0, 20, 0]
				},
				{
					"name": "Kwaist",
					"parent": "Kroot",
					"pivot": [0, 12, 0]
				},
				{
					"name": "body0",
					"parent": "Kwaist",
					"pivot": [0, 24, 0]
				},
				{
					"name": "Kbody",
					"parent": "body0",
					"pivot": [0, 9.32858, 0],
					"cubes": [
						{
							"origin": [-3, 4, -1],
							"size": [6, 2, 2],
							"uv": {
								"north": {"uv": [19, 46], "uv_size": [6, 2]},
								"east": {"uv": [19, 46], "uv_size": [6, 2]},
								"south": {"uv": [19, 46], "uv_size": [6, 2]},
								"west": {"uv": [19, 46], "uv_size": [6, 2]},
								"up": {"uv": [25, 48], "uv_size": [-6, -2]},
								"down": {"uv": [25, 48], "uv_size": [-6, -2]}
							}
						},
						{
							"origin": [-3, 6, -1],
							"size": [6, 7, 2],
							"uv": {
								"north": {"uv": [0, 28], "uv_size": [26, 26]},
								"east": {"uv": [23, 28], "uv_size": [3, 26]},
								"south": {"uv": [28, 28], "uv_size": [26, 26]},
								"west": {"uv": [23, 28], "uv_size": [3, 26]},
								"up": {"uv": [26, 54], "uv_size": [-3, -26]},
								"down": {"uv": [26, 54], "uv_size": [-3, -26]}
							}
						},
						{
							"origin": [-3.25, 6, -1.25],
							"size": [6.5, 0.5, 2.5],
							"uv": {
								"north": {"uv": [0, 56], "uv_size": [26, 8]},
								"east": {"uv": [0, 56], "uv_size": [26, 8]},
								"south": {"uv": [0, 56], "uv_size": [26, 8]},
								"west": {"uv": [0, 56], "uv_size": [26, 8]},
								"up": {"uv": [26, 64], "uv_size": [-26, -8]},
								"down": {"uv": [26, 64], "uv_size": [-26, -8]}
							}
						},
						{
							"origin": [-4.25, 4, -1.25],
							"size": [2.5, 0.5, 0.5],
							"pivot": [-4.5, 4.25, -1],
							"rotation": [0, 0, -45],
							"uv": {
								"north": {"uv": [0, 56], "uv_size": [26, 8]},
								"east": {"uv": [0, 56], "uv_size": [26, 8]},
								"south": {"uv": [0, 56], "uv_size": [26, 8]},
								"west": {"uv": [0, 56], "uv_size": [26, 8]},
								"up": {"uv": [26, 64], "uv_size": [-26, -8]},
								"down": {"uv": [26, 64], "uv_size": [-26, -8]}
							}
						},
						{
							"origin": [-4.68934, 5.06066, 0.75],
							"size": [2.5, 0.5, 0.5],
							"pivot": [-3.43934, 5.31066, 1],
							"rotation": [0, 0, -45],
							"uv": {
								"north": {"uv": [0, 56], "uv_size": [26, 8]},
								"east": {"uv": [0, 56], "uv_size": [26, 8]},
								"south": {"uv": [0, 56], "uv_size": [26, 8]},
								"west": {"uv": [0, 56], "uv_size": [26, 8]},
								"up": {"uv": [26, 64], "uv_size": [-26, -8]},
								"down": {"uv": [26, 64], "uv_size": [-26, -8]}
							}
						},
						{
							"origin": [9, 5, -1],
							"size": [2, 3, 2],
							"pivot": [0, 0, 0],
							"rotation": [0, 0, -40],
							"uv": {
								"north": {"uv": [19, 45], "uv_size": [2, 3]},
								"east": {"uv": [19, 45], "uv_size": [2, 3]},
								"south": {"uv": [19, 45], "uv_size": [2, 3]},
								"west": {"uv": [19, 45], "uv_size": [2, 3]},
								"up": {"uv": [21, 48], "uv_size": [-2, -3]},
								"down": {"uv": [21, 48], "uv_size": [-2, -3]}
							}
						},
						{
							"origin": [-11, 5, -1],
							"size": [2, 3, 2],
							"pivot": [0, 0, 0],
							"rotation": [0, 0, 40],
							"uv": {
								"north": {"uv": [20, 42], "uv_size": [2, 3]},
								"east": {"uv": [20, 42], "uv_size": [2, 3]},
								"south": {"uv": [20, 42], "uv_size": [2, 3]},
								"west": {"uv": [20, 42], "uv_size": [2, 3]},
								"up": {"uv": [22, 45], "uv_size": [-2, -3]},
								"down": {"uv": [22, 45], "uv_size": [-2, -3]}
							}
						}
					]
				},
				{
					"name": "head",
					"parent": "Kbody",
					"pivot": [0.00069, 17.01595, -1.17647],
					"cubes": [
						{
							"origin": [-1, 13, -1],
							"size": [2, 2, 2],
							"uv": {
								"north": {"uv": [28, 0], "uv_size": [25, 26]},
								"east": {"uv": [28, 0], "uv_size": [25, 26]},
								"south": {"uv": [28, 0], "uv_size": [25, 26]},
								"west": {"uv": [28, 0], "uv_size": [25, 26]},
								"up": {"uv": [53, 26], "uv_size": [-25, -26]},
								"down": {"uv": [53, 26], "uv_size": [-25, -26]}
							}
						},
						{
							"origin": [-1.5, 14, -2],
							"size": [3, 2, 4],
							"uv": {
								"north": {"uv": [4, 16], "uv_size": [18, 10]},
								"east": {"uv": [28, 0], "uv_size": [25, 26]},
								"south": {"uv": [28, 0], "uv_size": [25, 26]},
								"west": {"uv": [28, 0], "uv_size": [25, 26]},
								"up": {"uv": [53, 26], "uv_size": [-25, -26]},
								"down": {"uv": [53, 26], "uv_size": [-25, -26]}
							}
						},
						{
							"origin": [-1.5, 16, -2],
							"size": [3, 4, 4],
							"uv": {
								"north": {"uv": [28, 0], "uv_size": [25, 26]},
								"east": {"uv": [28, 0], "uv_size": [25, 26]},
								"south": {"uv": [28, 0], "uv_size": [25, 26]},
								"west": {"uv": [28, 0], "uv_size": [25, 26]},
								"up": {"uv": [53, 26], "uv_size": [-25, -26]},
								"down": {"uv": [53, 26], "uv_size": [-25, -26]}
							}
						},
						{
							"origin": [-1, 17.25, -2.25],
							"size": [0.5, 1.5, 0.5],
							"pivot": [-0.75, 17, -2.25],
							"rotation": [0, 0, -5],
							"uv": {
								"north": {"uv": [8, 4], "uv_size": [3, 7]},
								"east": {"uv": [56, 28], "uv_size": [8, 36]},
								"south": {"uv": [56, 28], "uv_size": [8, 36]},
								"west": {"uv": [56, 28], "uv_size": [8, 36]},
								"up": {"uv": [64, 64], "uv_size": [-8, -36]},
								"down": {"uv": [64, 64], "uv_size": [-8, -36]}
							}
						},
						{
							"origin": [0.5, 17.25, -2.25],
							"size": [0.5, 1.5, 0.5],
							"pivot": [0.75, 17, -2.25],
							"rotation": [0, 0, 5],
							"uv": {
								"north": {"uv": [8, 4], "uv_size": [3, 7]},
								"east": {"uv": [56, 28], "uv_size": [8, 36]},
								"south": {"uv": [56, 28], "uv_size": [8, 36]},
								"west": {"uv": [56, 28], "uv_size": [8, 36]},
								"up": {"uv": [64, 64], "uv_size": [-8, -36]},
								"down": {"uv": [64, 64], "uv_size": [-8, -36]}
							}
						},
						{
							"origin": [-0.75, 15.85, -2.5],
							"size": [1.5, 1.25, 0.5],
							"uv": {
								"north": {"uv": [10, 11], "uv_size": [6, 4]},
								"east": {"uv": [10, 11], "uv_size": [6, 4]},
								"south": {"uv": [10, 11], "uv_size": [6, 4]},
								"west": {"uv": [10, 11], "uv_size": [6, 4]},
								"up": {"uv": [16, 15], "uv_size": [-6, -4]},
								"down": {"uv": [16, 15], "uv_size": [-6, -4]}
							}
						},
						{
							"origin": [-1, 16.35, -2.5],
							"size": [2, 0.25, 0.5],
							"uv": {
								"north": {"uv": [10, 11], "uv_size": [6, 4]},
								"east": {"uv": [10, 11], "uv_size": [6, 4]},
								"south": {"uv": [10, 11], "uv_size": [6, 4]},
								"west": {"uv": [10, 11], "uv_size": [6, 4]},
								"up": {"uv": [16, 15], "uv_size": [-6, -4]},
								"down": {"uv": [16, 15], "uv_size": [-6, -4]}
							}
						},
						{
							"origin": [-2, 16.35, -2.5],
							"size": [1, 0.25, 0.5],
							"uv": {
								"north": {"uv": [28, 56], "uv_size": [25, 8]},
								"east": {"uv": [28, 56], "uv_size": [25, 8]},
								"south": {"uv": [28, 56], "uv_size": [25, 8]},
								"west": {"uv": [28, 56], "uv_size": [25, 8]},
								"up": {"uv": [53, 64], "uv_size": [-25, -8]},
								"down": {"uv": [53, 64], "uv_size": [-25, -8]}
							}
						},
						{
							"origin": [-1.9, 16.55, -2.5],
							"size": [0.8, 0.25, 0.5],
							"uv": {
								"north": {"uv": [28, 56], "uv_size": [25, 8]},
								"east": {"uv": [28, 56], "uv_size": [25, 8]},
								"south": {"uv": [28, 56], "uv_size": [25, 8]},
								"west": {"uv": [28, 56], "uv_size": [25, 8]},
								"up": {"uv": [53, 64], "uv_size": [-25, -8]},
								"down": {"uv": [53, 64], "uv_size": [-25, -8]}
							}
						},
						{
							"origin": [1.1, 16.55, -2.5],
							"size": [0.8, 0.25, 0.5],
							"uv": {
								"north": {"uv": [28, 56], "uv_size": [25, 8]},
								"east": {"uv": [28, 56], "uv_size": [25, 8]},
								"south": {"uv": [28, 56], "uv_size": [25, 8]},
								"west": {"uv": [28, 56], "uv_size": [25, 8]},
								"up": {"uv": [53, 64], "uv_size": [-25, -8]},
								"down": {"uv": [53, 64], "uv_size": [-25, -8]}
							}
						},
						{
							"origin": [-1.9, 16.15, -2.5],
							"size": [0.8, 0.25, 0.5],
							"uv": {
								"north": {"uv": [28, 56], "uv_size": [25, 8]},
								"east": {"uv": [28, 56], "uv_size": [25, 8]},
								"south": {"uv": [28, 56], "uv_size": [25, 8]},
								"west": {"uv": [28, 56], "uv_size": [25, 8]},
								"up": {"uv": [53, 64], "uv_size": [-25, -8]},
								"down": {"uv": [53, 64], "uv_size": [-25, -8]}
							}
						},
						{
							"origin": [1.1, 16.15, -2.5],
							"size": [0.8, 0.25, 0.5],
							"uv": {
								"north": {"uv": [28, 56], "uv_size": [25, 8]},
								"east": {"uv": [28, 56], "uv_size": [25, 8]},
								"south": {"uv": [28, 56], "uv_size": [25, 8]},
								"west": {"uv": [28, 56], "uv_size": [25, 8]},
								"up": {"uv": [53, 64], "uv_size": [-25, -8]},
								"down": {"uv": [53, 64], "uv_size": [-25, -8]}
							}
						},
						{
							"origin": [-2, 16.35, -2.5],
							"size": [1, 0.25, 0.5],
							"pivot": [-1.5, 16.475, -2.25],
							"rotation": [0, 0, -27.5],
							"uv": {
								"north": {"uv": [28, 56], "uv_size": [25, 8]},
								"east": {"uv": [28, 56], "uv_size": [25, 8]},
								"south": {"uv": [28, 56], "uv_size": [25, 8]},
								"west": {"uv": [28, 56], "uv_size": [25, 8]},
								"up": {"uv": [53, 64], "uv_size": [-25, -8]},
								"down": {"uv": [53, 64], "uv_size": [-25, -8]}
							}
						},
						{
							"origin": [-2, 16.35, -2.5],
							"size": [1, 0.25, 0.5],
							"pivot": [-1.5, 16.475, -2.25],
							"rotation": [0, 0, 27.5],
							"uv": {
								"north": {"uv": [28, 56], "uv_size": [25, 8]},
								"east": {"uv": [28, 56], "uv_size": [25, 8]},
								"south": {"uv": [28, 56], "uv_size": [25, 8]},
								"west": {"uv": [28, 56], "uv_size": [25, 8]},
								"up": {"uv": [53, 64], "uv_size": [-25, -8]},
								"down": {"uv": [53, 64], "uv_size": [-25, -8]}
							}
						},
						{
							"origin": [1, 16.35, -2.5],
							"size": [1, 0.25, 0.5],
							"uv": {
								"north": {"uv": [28, 56], "uv_size": [25, 8]},
								"east": {"uv": [28, 56], "uv_size": [25, 8]},
								"south": {"uv": [28, 56], "uv_size": [25, 8]},
								"west": {"uv": [28, 56], "uv_size": [25, 8]},
								"up": {"uv": [53, 64], "uv_size": [-25, -8]},
								"down": {"uv": [53, 64], "uv_size": [-25, -8]}
							}
						},
						{
							"origin": [1, 16.35, -2.5],
							"size": [1, 0.25, 0.5],
							"pivot": [1.5, 16.475, -2.25],
							"rotation": [0, 0, 27.5],
							"uv": {
								"north": {"uv": [28, 56], "uv_size": [25, 8]},
								"east": {"uv": [28, 56], "uv_size": [25, 8]},
								"south": {"uv": [28, 56], "uv_size": [25, 8]},
								"west": {"uv": [28, 56], "uv_size": [25, 8]},
								"up": {"uv": [53, 64], "uv_size": [-25, -8]},
								"down": {"uv": [53, 64], "uv_size": [-25, -8]}
							}
						},
						{
							"origin": [1, 16.35, -2.5],
							"size": [1, 0.25, 0.5],
							"pivot": [1.5, 16.475, -2.25],
							"rotation": [0, 0, -27.5],
							"uv": {
								"north": {"uv": [28, 56], "uv_size": [25, 8]},
								"east": {"uv": [28, 56], "uv_size": [25, 8]},
								"south": {"uv": [28, 56], "uv_size": [25, 8]},
								"west": {"uv": [28, 56], "uv_size": [25, 8]},
								"up": {"uv": [53, 64], "uv_size": [-25, -8]},
								"down": {"uv": [53, 64], "uv_size": [-25, -8]}
							}
						},
						{
							"origin": [-1, 16.35, -2.5],
							"size": [2, 0.25, 0.5],
							"pivot": [0, 16.475, -2.25],
							"rotation": [0, 0, 15],
							"uv": {
								"north": {"uv": [10, 11], "uv_size": [6, 4]},
								"east": {"uv": [10, 11], "uv_size": [6, 4]},
								"south": {"uv": [10, 11], "uv_size": [6, 4]},
								"west": {"uv": [10, 11], "uv_size": [6, 4]},
								"up": {"uv": [16, 15], "uv_size": [-6, -4]},
								"down": {"uv": [16, 15], "uv_size": [-6, -4]}
							}
						},
						{
							"origin": [-1, 16.35, -2.5],
							"size": [2, 0.25, 0.5],
							"pivot": [0, 16.475, -2.25],
							"rotation": [0, 0, -15],
							"uv": {
								"north": {"uv": [10, 11], "uv_size": [6, 4]},
								"east": {"uv": [10, 11], "uv_size": [6, 4]},
								"south": {"uv": [10, 11], "uv_size": [6, 4]},
								"west": {"uv": [10, 11], "uv_size": [6, 4]},
								"up": {"uv": [16, 15], "uv_size": [-6, -4]},
								"down": {"uv": [16, 15], "uv_size": [-6, -4]}
							}
						},
						{
							"origin": [-1, 16.35, -2.5],
							"size": [2, 0.25, 0.5],
							"pivot": [0, 16.475, -2.25],
							"rotation": [0, 0, -30],
							"uv": {
								"north": {"uv": [10, 11], "uv_size": [6, 4]},
								"east": {"uv": [10, 11], "uv_size": [6, 4]},
								"south": {"uv": [10, 11], "uv_size": [6, 4]},
								"west": {"uv": [10, 11], "uv_size": [6, 4]},
								"up": {"uv": [16, 15], "uv_size": [-6, -4]},
								"down": {"uv": [16, 15], "uv_size": [-6, -4]}
							}
						},
						{
							"origin": [-1, 16.35, -2.5],
							"size": [2, 0.25, 0.5],
							"pivot": [0, 16.475, -2.25],
							"rotation": [0, 0, 30],
							"uv": {
								"north": {"uv": [10, 11], "uv_size": [6, 4]},
								"east": {"uv": [10, 11], "uv_size": [6, 4]},
								"south": {"uv": [10, 11], "uv_size": [6, 4]},
								"west": {"uv": [10, 11], "uv_size": [6, 4]},
								"up": {"uv": [16, 15], "uv_size": [-6, -4]},
								"down": {"uv": [16, 15], "uv_size": [-6, -4]}
							}
						},
						{
							"origin": [-1, 13.5, -2],
							"size": [2, 0.5, 4],
							"uv": {
								"north": {"uv": [28, 0], "uv_size": [25, 26]},
								"east": {"uv": [28, 0], "uv_size": [25, 26]},
								"south": {"uv": [28, 0], "uv_size": [25, 26]},
								"west": {"uv": [28, 0], "uv_size": [25, 26]},
								"up": {"uv": [53, 26], "uv_size": [-25, -26]},
								"down": {"uv": [53, 26], "uv_size": [-25, -26]}
							}
						},
						{
							"origin": [-1, 13.5, -2],
							"size": [2, 1, 4],
							"pivot": [0, 16, 0],
							"rotation": [0, 0, -42.5],
							"uv": {
								"north": {"uv": [28, 0], "uv_size": [25, 26]},
								"east": {"uv": [28, 0], "uv_size": [25, 26]},
								"south": {"uv": [28, 0], "uv_size": [25, 26]},
								"west": {"uv": [28, 0], "uv_size": [25, 26]},
								"up": {"uv": [53, 26], "uv_size": [-25, -26]},
								"down": {"uv": [53, 26], "uv_size": [-25, -26]}
							}
						},
						{
							"origin": [-1, 13.5, -2],
							"size": [4, 1, 4],
							"pivot": [0, 16, 0],
							"rotation": [0, 0, -85],
							"uv": {
								"north": {"uv": [28, 0], "uv_size": [25, 26]},
								"east": {"uv": [28, 0], "uv_size": [25, 26]},
								"south": {"uv": [28, 0], "uv_size": [25, 26]},
								"west": {"uv": [28, 0], "uv_size": [25, 26]},
								"up": {"uv": [53, 26], "uv_size": [-25, -26]},
								"down": {"uv": [53, 26], "uv_size": [-25, -26]}
							}
						},
						{
							"origin": [0, 14.5, -2],
							"size": [4, 1, 4],
							"pivot": [0, 16, 0],
							"rotation": [0, 0, -85],
							"uv": {
								"north": {"uv": [28, 0], "uv_size": [25, 26]},
								"east": {"uv": [28, 0], "uv_size": [25, 26]},
								"south": {"uv": [28, 0], "uv_size": [25, 26]},
								"west": {"uv": [28, 0], "uv_size": [25, 26]},
								"up": {"uv": [53, 26], "uv_size": [-25, -26]},
								"down": {"uv": [53, 26], "uv_size": [-25, -26]}
							}
						},
						{
							"origin": [-1, 13.5, -2],
							"size": [2, 1, 4],
							"pivot": [0, 16, 0],
							"rotation": [0, 0, 42.5],
							"uv": {
								"north": {"uv": [28, 0], "uv_size": [25, 26]},
								"east": {"uv": [28, 0], "uv_size": [25, 26]},
								"south": {"uv": [28, 0], "uv_size": [25, 26]},
								"west": {"uv": [28, 0], "uv_size": [25, 26]},
								"up": {"uv": [53, 26], "uv_size": [-25, -26]},
								"down": {"uv": [53, 26], "uv_size": [-25, -26]}
							}
						},
						{
							"origin": [-3, 13.5, -2],
							"size": [4, 1, 4],
							"pivot": [0, 16, 0],
							"rotation": [0, 0, 85],
							"uv": {
								"north": {"uv": [28, 0], "uv_size": [25, 26]},
								"east": {"uv": [28, 0], "uv_size": [25, 26]},
								"south": {"uv": [28, 0], "uv_size": [25, 26]},
								"west": {"uv": [28, 0], "uv_size": [25, 26]},
								"up": {"uv": [53, 26], "uv_size": [-25, -26]},
								"down": {"uv": [53, 26], "uv_size": [-25, -26]}
							}
						},
						{
							"origin": [-4, 14.5, -2],
							"size": [4, 1, 4],
							"pivot": [0, 16, 0],
							"rotation": [0, 0, 85],
							"uv": {
								"north": {"uv": [28, 0], "uv_size": [25, 26]},
								"east": {"uv": [28, 0], "uv_size": [25, 26]},
								"south": {"uv": [28, 0], "uv_size": [25, 26]},
								"west": {"uv": [28, 0], "uv_size": [25, 26]},
								"up": {"uv": [53, 26], "uv_size": [-25, -26]},
								"down": {"uv": [53, 26], "uv_size": [-25, -26]}
							}
						},
						{
							"origin": [-1.00761, 15.32569, -2],
							"size": [2, 1, 4],
							"pivot": [0, 18, 0],
							"rotation": [0, 0, 125],
							"uv": {
								"north": {"uv": [28, 0], "uv_size": [25, 26]},
								"east": {"uv": [28, 0], "uv_size": [25, 26]},
								"south": {"uv": [28, 0], "uv_size": [25, 26]},
								"west": {"uv": [28, 0], "uv_size": [25, 26]},
								"up": {"uv": [53, 26], "uv_size": [-25, -26]},
								"down": {"uv": [53, 26], "uv_size": [-25, -26]}
							}
						},
						{
							"origin": [-1.00761, 15.32569, -2],
							"size": [2, 1, 4],
							"pivot": [0, 18, 0],
							"rotation": [0, 0, 165],
							"uv": {
								"north": {"uv": [28, 0], "uv_size": [25, 26]},
								"east": {"uv": [28, 0], "uv_size": [25, 26]},
								"south": {"uv": [28, 0], "uv_size": [25, 26]},
								"west": {"uv": [28, 0], "uv_size": [25, 26]},
								"up": {"uv": [53, 26], "uv_size": [-25, -26]},
								"down": {"uv": [53, 26], "uv_size": [-25, -26]}
							}
						},
						{
							"origin": [-1.00761, 15.32569, -2],
							"size": [2, 1, 4],
							"pivot": [0, 18, 0],
							"rotation": [0, 0, -125],
							"uv": {
								"north": {"uv": [28, 0], "uv_size": [25, 26]},
								"east": {"uv": [28, 0], "uv_size": [25, 26]},
								"south": {"uv": [28, 0], "uv_size": [25, 26]},
								"west": {"uv": [28, 0], "uv_size": [25, 26]},
								"up": {"uv": [53, 26], "uv_size": [-25, -26]},
								"down": {"uv": [53, 26], "uv_size": [-25, -26]}
							}
						},
						{
							"origin": [-1.00761, 15.32569, -2],
							"size": [2, 1, 4],
							"pivot": [0, 18, 0],
							"rotation": [0, 0, -165],
							"uv": {
								"north": {"uv": [28, 0], "uv_size": [25, 26]},
								"east": {"uv": [28, 0], "uv_size": [25, 26]},
								"south": {"uv": [28, 0], "uv_size": [25, 26]},
								"west": {"uv": [28, 0], "uv_size": [25, 26]},
								"up": {"uv": [53, 26], "uv_size": [-25, -26]},
								"down": {"uv": [53, 26], "uv_size": [-25, -26]}
							}
						},
						{
							"origin": [-2, 20, -2.25],
							"size": [4, 0.5, 4.5],
							"uv": {
								"north": {"uv": [56, 28], "uv_size": [8, 36]},
								"east": {"uv": [56, 28], "uv_size": [8, 36]},
								"south": {"uv": [56, 28], "uv_size": [8, 36]},
								"west": {"uv": [56, 28], "uv_size": [8, 36]},
								"up": {"uv": [64, 64], "uv_size": [-8, -36]},
								"down": {"uv": [64, 64], "uv_size": [-8, -36]}
							}
						},
						{
							"origin": [-1.5, 20.5, -2.25],
							"size": [3, 0.5, 4.5],
							"uv": {
								"north": {"uv": [56, 28], "uv_size": [8, 36]},
								"east": {"uv": [56, 28], "uv_size": [8, 36]},
								"south": {"uv": [56, 28], "uv_size": [8, 36]},
								"west": {"uv": [56, 28], "uv_size": [8, 36]},
								"up": {"uv": [64, 64], "uv_size": [-8, -36]},
								"down": {"uv": [64, 64], "uv_size": [-8, -36]}
							}
						},
						{
							"origin": [-1.5, 20, -4.25],
							"size": [3, 0.5, 2.5],
							"uv": {
								"north": {"uv": [56, 28], "uv_size": [8, 36]},
								"east": {"uv": [56, 28], "uv_size": [8, 36]},
								"south": {"uv": [56, 28], "uv_size": [8, 36]},
								"west": {"uv": [56, 28], "uv_size": [8, 36]},
								"up": {"uv": [64, 64], "uv_size": [-8, -36]},
								"down": {"uv": [64, 64], "uv_size": [-8, -36]}
							}
						}
					]
				},
				{
					"name": "hat",
					"parent": "head",
					"pivot": [0, 24, 0]
				},
				{
					"name": "jacket",
					"parent": "Kbody",
					"pivot": [0, 12, 0]
				},
				{
					"name": "RightArmUp",
					"parent": "Kbody",
					"pivot": [-4, 9.25, 0],
					"cubes": [
						{
							"origin": [-5, 9, -1],
							"size": [2, 2, 2],
							"uv": {
								"north": {"uv": [19, 44], "uv_size": [2, 2]},
								"east": {"uv": [19, 44], "uv_size": [2, 2]},
								"south": {"uv": [19, 44], "uv_size": [2, 2]},
								"west": {"uv": [19, 44], "uv_size": [2, 2]},
								"up": {"uv": [21, 46], "uv_size": [-2, -2]},
								"down": {"uv": [21, 46], "uv_size": [-2, -2]}
							}
						},
						{
							"origin": [-4.5, 8, -1],
							"size": [1, 1, 2],
							"uv": {
								"north": {"uv": [19, 48], "uv_size": [1, 1]},
								"east": {"uv": [19, 48], "uv_size": [1, 1]},
								"south": {"uv": [19, 48], "uv_size": [1, 1]},
								"west": {"uv": [19, 48], "uv_size": [1, 1]},
								"up": {"uv": [20, 49], "uv_size": [-1, -1]},
								"down": {"uv": [20, 49], "uv_size": [-1, -1]}
							}
						}
					]
				},
				{
					"name": "RightArmDown",
					"parent": "RightArmUp",
					"pivot": [-6, 18, 2],
					"cubes": [
						{
							"origin": [-5, 4, -1],
							"size": [1, 2, 2],
							"uv": {
								"north": {"uv": [28, 56], "uv_size": [25, 8]},
								"east": {"uv": [28, 56], "uv_size": [25, 8]},
								"south": {"uv": [28, 56], "uv_size": [25, 8]},
								"west": {"uv": [28, 56], "uv_size": [25, 8]},
								"up": {"uv": [53, 64], "uv_size": [-25, -8]},
								"down": {"uv": [53, 64], "uv_size": [-25, -8]}
							}
						},
						{
							"origin": [-6, 0, 1.5],
							"size": [1, 5, 0.5],
							"uv": {
								"north": {"uv": [56, 0], "uv_size": [8, 26]},
								"east": {"uv": [56, 0], "uv_size": [8, 26]},
								"south": {"uv": [56, 0], "uv_size": [8, 26]},
								"west": {"uv": [56, 0], "uv_size": [8, 26]},
								"up": {"uv": [64, 26], "uv_size": [-8, -26]},
								"down": {"uv": [64, 26], "uv_size": [-8, -26]}
							}
						},
						{
							"origin": [-6, 0, -2],
							"size": [1, 0.5, 4],
							"uv": {
								"north": {"uv": [56, 0], "uv_size": [8, 26]},
								"east": {"uv": [56, 0], "uv_size": [8, 26]},
								"south": {"uv": [56, 0], "uv_size": [8, 26]},
								"west": {"uv": [56, 0], "uv_size": [8, 26]},
								"up": {"uv": [64, 26], "uv_size": [-8, -26]},
								"down": {"uv": [64, 26], "uv_size": [-8, -26]}
							}
						},
						{
							"origin": [-6, 0, 1.5],
							"size": [1, 5, 0.5],
							"pivot": [-5.5, 3, 0],
							"rotation": [0, -27.5, 0],
							"uv": {
								"north": {"uv": [56, 0], "uv_size": [8, 26]},
								"east": {"uv": [56, 0], "uv_size": [8, 26]},
								"south": {"uv": [56, 0], "uv_size": [8, 26]},
								"west": {"uv": [56, 0], "uv_size": [8, 26]},
								"up": {"uv": [64, 26], "uv_size": [-8, -26]},
								"down": {"uv": [64, 26], "uv_size": [-8, -26]}
							}
						},
						{
							"origin": [-6, 0, 1.5],
							"size": [1, 5, 0.5],
							"pivot": [-5.5, 3, 0],
							"rotation": [0, -55, 0],
							"uv": {
								"north": {"uv": [56, 0], "uv_size": [8, 26]},
								"east": {"uv": [56, 0], "uv_size": [8, 26]},
								"south": {"uv": [56, 0], "uv_size": [8, 26]},
								"west": {"uv": [56, 0], "uv_size": [8, 26]},
								"up": {"uv": [64, 26], "uv_size": [-8, -26]},
								"down": {"uv": [64, 26], "uv_size": [-8, -26]}
							}
						},
						{
							"origin": [-6, 0, 1.5],
							"size": [1, 5, 0.5],
							"pivot": [-5.5, 3, 0],
							"rotation": [0, -82.5, 0],
							"uv": {
								"north": {"uv": [56, 0], "uv_size": [8, 26]},
								"east": {"uv": [56, 0], "uv_size": [8, 26]},
								"south": {"uv": [56, 0], "uv_size": [8, 26]},
								"west": {"uv": [56, 0], "uv_size": [8, 26]},
								"up": {"uv": [64, 26], "uv_size": [-8, -26]},
								"down": {"uv": [64, 26], "uv_size": [-8, -26]}
							}
						},
						{
							"origin": [-6, 0, 2],
							"size": [1, 0.5, -4],
							"pivot": [-5.5, 3, 0],
							"rotation": [0, -82.5, 0],
							"uv": {
								"north": {"uv": [56, 0], "uv_size": [8, 26]},
								"east": {"uv": [56, 0], "uv_size": [8, 26]},
								"south": {"uv": [56, 0], "uv_size": [8, 26]},
								"west": {"uv": [56, 0], "uv_size": [8, 26]},
								"up": {"uv": [64, 26], "uv_size": [-8, -26]},
								"down": {"uv": [64, 26], "uv_size": [-8, -26]}
							}
						},
						{
							"origin": [-6, 0, 1.5],
							"size": [1, 5, 0.5],
							"pivot": [-5.5, 3, 0],
							"rotation": [0, 82.5, 0],
							"uv": {
								"north": {"uv": [56, 0], "uv_size": [8, 26]},
								"east": {"uv": [56, 0], "uv_size": [8, 26]},
								"south": {"uv": [56, 0], "uv_size": [8, 26]},
								"west": {"uv": [56, 0], "uv_size": [8, 26]},
								"up": {"uv": [64, 26], "uv_size": [-8, -26]},
								"down": {"uv": [64, 26], "uv_size": [-8, -26]}
							}
						},
						{
							"origin": [-6, 0, 2],
							"size": [1, 0.5, -4],
							"pivot": [-5.5, 3, 0],
							"rotation": [0, 82.5, 0],
							"uv": {
								"north": {"uv": [56, 0], "uv_size": [8, 26]},
								"east": {"uv": [56, 0], "uv_size": [8, 26]},
								"south": {"uv": [56, 0], "uv_size": [8, 26]},
								"west": {"uv": [56, 0], "uv_size": [8, 26]},
								"up": {"uv": [64, 26], "uv_size": [-8, -26]},
								"down": {"uv": [64, 26], "uv_size": [-8, -26]}
							}
						},
						{
							"origin": [-6, 0, 1.5],
							"size": [1, 5, 0.5],
							"pivot": [-5.5, 3, 0],
							"rotation": [0, 55, 0],
							"uv": {
								"north": {"uv": [56, 0], "uv_size": [8, 26]},
								"east": {"uv": [56, 0], "uv_size": [8, 26]},
								"south": {"uv": [56, 0], "uv_size": [8, 26]},
								"west": {"uv": [56, 0], "uv_size": [8, 26]},
								"up": {"uv": [64, 26], "uv_size": [-8, -26]},
								"down": {"uv": [64, 26], "uv_size": [-8, -26]}
							}
						},
						{
							"origin": [-6, 0, 1.5],
							"size": [1, 5, 0.5],
							"pivot": [-5.5, 3, 0],
							"rotation": [0, 27.5, 0],
							"uv": {
								"north": {"uv": [56, 0], "uv_size": [8, 26]},
								"east": {"uv": [56, 0], "uv_size": [8, 26]},
								"south": {"uv": [56, 0], "uv_size": [8, 26]},
								"west": {"uv": [56, 0], "uv_size": [8, 26]},
								"up": {"uv": [64, 26], "uv_size": [-8, -26]},
								"down": {"uv": [64, 26], "uv_size": [-8, -26]}
							}
						},
						{
							"origin": [-6, 0, -2],
							"size": [1, 5, 0.5],
							"uv": {
								"north": {"uv": [56, 0], "uv_size": [8, 26]},
								"east": {"uv": [56, 0], "uv_size": [8, 26]},
								"south": {"uv": [56, 0], "uv_size": [8, 26]},
								"west": {"uv": [56, 0], "uv_size": [8, 26]},
								"up": {"uv": [64, 26], "uv_size": [-8, -26]},
								"down": {"uv": [64, 26], "uv_size": [-8, -26]}
							}
						},
						{
							"origin": [-6, 0, -2],
							"size": [1, 0.5, 4],
							"pivot": [-5.5, 3, 0],
							"rotation": [0, 27.5, 0],
							"uv": {
								"north": {"uv": [56, 0], "uv_size": [8, 26]},
								"east": {"uv": [56, 0], "uv_size": [8, 26]},
								"south": {"uv": [56, 0], "uv_size": [8, 26]},
								"west": {"uv": [56, 0], "uv_size": [8, 26]},
								"up": {"uv": [64, 26], "uv_size": [-8, -26]},
								"down": {"uv": [64, 26], "uv_size": [-8, -26]}
							}
						},
						{
							"origin": [-6, 0, -2],
							"size": [1, 5, 0.5],
							"pivot": [-5.5, 3, 0],
							"rotation": [0, 27.5, 0],
							"uv": {
								"north": {"uv": [56, 0], "uv_size": [8, 26]},
								"east": {"uv": [56, 0], "uv_size": [8, 26]},
								"south": {"uv": [56, 0], "uv_size": [8, 26]},
								"west": {"uv": [56, 0], "uv_size": [8, 26]},
								"up": {"uv": [64, 26], "uv_size": [-8, -26]},
								"down": {"uv": [64, 26], "uv_size": [-8, -26]}
							}
						},
						{
							"origin": [-6, 0, -2],
							"size": [1, 0.5, 4],
							"pivot": [-5.5, 3, 0],
							"rotation": [0, 55, 0],
							"uv": {
								"north": {"uv": [56, 0], "uv_size": [8, 26]},
								"east": {"uv": [56, 0], "uv_size": [8, 26]},
								"south": {"uv": [56, 0], "uv_size": [8, 26]},
								"west": {"uv": [56, 0], "uv_size": [8, 26]},
								"up": {"uv": [64, 26], "uv_size": [-8, -26]},
								"down": {"uv": [64, 26], "uv_size": [-8, -26]}
							}
						},
						{
							"origin": [-6, 0, -2],
							"size": [1, 5, 0.5],
							"pivot": [-5.5, 3, 0],
							"rotation": [0, 55, 0],
							"uv": {
								"north": {"uv": [56, 0], "uv_size": [8, 26]},
								"east": {"uv": [56, 0], "uv_size": [8, 26]},
								"south": {"uv": [56, 0], "uv_size": [8, 26]},
								"west": {"uv": [56, 0], "uv_size": [8, 26]},
								"up": {"uv": [64, 26], "uv_size": [-8, -26]},
								"down": {"uv": [64, 26], "uv_size": [-8, -26]}
							}
						},
						{
							"origin": [-6, 0, -2],
							"size": [1, 5, 0.5],
							"pivot": [-5.5, 3, 0],
							"rotation": [0, 82.5, 0],
							"uv": {
								"north": {"uv": [56, 0], "uv_size": [8, 26]},
								"east": {"uv": [56, 0], "uv_size": [8, 26]},
								"south": {"uv": [56, 0], "uv_size": [8, 26]},
								"west": {"uv": [56, 0], "uv_size": [8, 26]},
								"up": {"uv": [64, 26], "uv_size": [-8, -26]},
								"down": {"uv": [64, 26], "uv_size": [-8, -26]}
							}
						},
						{
							"origin": [-6, 0, -2],
							"size": [1, 5, 0.5],
							"pivot": [-5.5, 3, 0],
							"rotation": [0, -82.5, 0],
							"uv": {
								"north": {"uv": [56, 0], "uv_size": [8, 26]},
								"east": {"uv": [56, 0], "uv_size": [8, 26]},
								"south": {"uv": [56, 0], "uv_size": [8, 26]},
								"west": {"uv": [56, 0], "uv_size": [8, 26]},
								"up": {"uv": [64, 26], "uv_size": [-8, -26]},
								"down": {"uv": [64, 26], "uv_size": [-8, -26]}
							}
						},
						{
							"origin": [-6, 0, -2],
							"size": [1, 5, 0.5],
							"pivot": [-5.5, 3, 0],
							"rotation": [0, -55, 0],
							"uv": {
								"north": {"uv": [56, 0], "uv_size": [8, 26]},
								"east": {"uv": [56, 0], "uv_size": [8, 26]},
								"south": {"uv": [56, 0], "uv_size": [8, 26]},
								"west": {"uv": [56, 0], "uv_size": [8, 26]},
								"up": {"uv": [64, 26], "uv_size": [-8, -26]},
								"down": {"uv": [64, 26], "uv_size": [-8, -26]}
							}
						},
						{
							"origin": [-6, 0, -2],
							"size": [1, 0.5, 4],
							"pivot": [-5.5, 3, 0],
							"rotation": [0, -55, 0],
							"uv": {
								"north": {"uv": [56, 0], "uv_size": [8, 26]},
								"east": {"uv": [56, 0], "uv_size": [8, 26]},
								"south": {"uv": [56, 0], "uv_size": [8, 26]},
								"west": {"uv": [56, 0], "uv_size": [8, 26]},
								"up": {"uv": [64, 26], "uv_size": [-8, -26]},
								"down": {"uv": [64, 26], "uv_size": [-8, -26]}
							}
						},
						{
							"origin": [-6, 0, -2],
							"size": [1, 5, 0.5],
							"pivot": [-5.5, 3, 0],
							"rotation": [0, -27.5, 0],
							"uv": {
								"north": {"uv": [56, 0], "uv_size": [8, 26]},
								"east": {"uv": [56, 0], "uv_size": [8, 26]},
								"south": {"uv": [56, 0], "uv_size": [8, 26]},
								"west": {"uv": [56, 0], "uv_size": [8, 26]},
								"up": {"uv": [64, 26], "uv_size": [-8, -26]},
								"down": {"uv": [64, 26], "uv_size": [-8, -26]}
							}
						},
						{
							"origin": [-6, 0, -2],
							"size": [1, 0.5, 4],
							"pivot": [-5.5, 3, 0],
							"rotation": [0, -27.5, 0],
							"uv": {
								"north": {"uv": [56, 0], "uv_size": [8, 26]},
								"east": {"uv": [56, 0], "uv_size": [8, 26]},
								"south": {"uv": [56, 0], "uv_size": [8, 26]},
								"west": {"uv": [56, 0], "uv_size": [8, 26]},
								"up": {"uv": [64, 26], "uv_size": [-8, -26]},
								"down": {"uv": [64, 26], "uv_size": [-8, -26]}
							}
						},
						{
							"origin": [-5, 3, -1],
							"size": [0.5, 1, 0.5],
							"uv": {
								"north": {"uv": [28, 56], "uv_size": [25, 8]},
								"east": {"uv": [28, 56], "uv_size": [25, 8]},
								"south": {"uv": [28, 56], "uv_size": [25, 8]},
								"west": {"uv": [28, 56], "uv_size": [25, 8]},
								"up": {"uv": [53, 64], "uv_size": [-25, -8]},
								"down": {"uv": [53, 64], "uv_size": [-25, -8]}
							}
						},
						{
							"origin": [-4.5, 4, -3],
							"size": [0.5, 1, 0.5],
							"pivot": [0, 0, 0],
							"rotation": [-20, 0, 0],
							"uv": {
								"north": {"uv": [28, 56], "uv_size": [25, 8]},
								"east": {"uv": [28, 56], "uv_size": [25, 8]},
								"south": {"uv": [28, 56], "uv_size": [25, 8]},
								"west": {"uv": [28, 56], "uv_size": [25, 8]},
								"up": {"uv": [53, 64], "uv_size": [-25, -8]},
								"down": {"uv": [53, 64], "uv_size": [-25, -8]}
							}
						},
						{
							"origin": [-5, 3, 0.5],
							"size": [0.5, 1, 0.5],
							"uv": {
								"north": {"uv": [28, 56], "uv_size": [25, 8]},
								"east": {"uv": [28, 56], "uv_size": [25, 8]},
								"south": {"uv": [28, 56], "uv_size": [25, 8]},
								"west": {"uv": [28, 56], "uv_size": [25, 8]},
								"up": {"uv": [53, 64], "uv_size": [-25, -8]},
								"down": {"uv": [53, 64], "uv_size": [-25, -8]}
							}
						},
						{
							"origin": [-5, 3, -0.25],
							"size": [0.5, 1, 0.5],
							"uv": {
								"north": {"uv": [28, 56], "uv_size": [25, 8]},
								"east": {"uv": [28, 56], "uv_size": [25, 8]},
								"south": {"uv": [28, 56], "uv_size": [25, 8]},
								"west": {"uv": [28, 56], "uv_size": [25, 8]},
								"up": {"uv": [53, 64], "uv_size": [-25, -8]},
								"down": {"uv": [53, 64], "uv_size": [-25, -8]}
							}
						},
						{
							"origin": [-5, 6, -1],
							"size": [2, 2, 2],
							"uv": {
								"north": {"uv": [20, 42], "uv_size": [2, 2]},
								"east": {"uv": [20, 42], "uv_size": [2, 2]},
								"south": {"uv": [20, 42], "uv_size": [2, 2]},
								"west": {"uv": [20, 42], "uv_size": [2, 2]},
								"up": {"uv": [22, 44], "uv_size": [-2, -2]},
								"down": {"uv": [22, 44], "uv_size": [-2, -2]}
							}
						},
						{
							"origin": [-3.5, 8, -1],
							"size": [0.5, 1, 2],
							"uv": {
								"north": {"uv": [22, 47], "uv_size": [0.5, 1]},
								"east": {"uv": [22, 47], "uv_size": [0.5, 1]},
								"south": {"uv": [22, 47], "uv_size": [0.5, 1]},
								"west": {"uv": [22, 47], "uv_size": [0.5, 1]},
								"up": {"uv": [22.5, 48], "uv_size": [-0.5, -1]},
								"down": {"uv": [22.5, 48], "uv_size": [-0.5, -1]}
							}
						},
						{
							"origin": [-5, 8, -1],
							"size": [0.5, 1, 2],
							"uv": {
								"north": {"uv": [20, 46], "uv_size": [0.5, 1]},
								"east": {"uv": [20, 46], "uv_size": [0.5, 1]},
								"south": {"uv": [20, 46], "uv_size": [0.5, 1]},
								"west": {"uv": [20, 46], "uv_size": [0.5, 1]},
								"up": {"uv": [20.5, 47], "uv_size": [-0.5, -1]},
								"down": {"uv": [20.5, 47], "uv_size": [-0.5, -1]}
							}
						}
					]
				},
				{
					"name": "rightItem",
					"parent": "RightArmDown",
					"pivot": [-6, 15, 1]
				},
				{
					"name": "Item",
					"parent": "RightArmDown",
					"pivot": [-6, 18, 2]
				},
				{
					"name": "cItem",
					"parent": "RightArmDown",
					"pivot": [-6, 15, 1]
				},
				{
					"name": "LeftArmUp",
					"parent": "Kbody",
					"pivot": [4, 9.25, 0],
					"cubes": [
						{
							"origin": [3, 9, -1],
							"size": [2, 2, 2],
							"uv": {
								"north": {"uv": [18, 46], "uv_size": [2, 2]},
								"east": {"uv": [18, 46], "uv_size": [2, 2]},
								"south": {"uv": [18, 46], "uv_size": [2, 2]},
								"west": {"uv": [18, 46], "uv_size": [2, 2]},
								"up": {"uv": [20, 48], "uv_size": [-2, -2]},
								"down": {"uv": [20, 48], "uv_size": [-2, -2]}
							}
						},
						{
							"origin": [3.5, 8, -1],
							"size": [1, 1, 2],
							"uv": {
								"north": {"uv": [20, 45], "uv_size": [1, 1]},
								"east": {"uv": [20, 45], "uv_size": [1, 1]},
								"south": {"uv": [20, 45], "uv_size": [1, 1]},
								"west": {"uv": [20, 45], "uv_size": [1, 1]},
								"up": {"uv": [21, 46], "uv_size": [-1, -1]},
								"down": {"uv": [21, 46], "uv_size": [-1, -1]}
							}
						}
					]
				},
				{
					"name": "LeftArmDown",
					"parent": "LeftArmUp",
					"pivot": [6, 18, 2],
					"cubes": [
						{
							"origin": [3, 14, -9],
							"size": [2, 2, 2],
							"pivot": [0, 8, -8],
							"rotation": [-90, 0, 0],
							"uv": {
								"north": {"uv": [21, 45], "uv_size": [2, 2]},
								"east": {"uv": [21, 45], "uv_size": [2, 2]},
								"south": {"uv": [21, 45], "uv_size": [2, 2]},
								"west": {"uv": [21, 45], "uv_size": [2, 2]},
								"up": {"uv": [23, 47], "uv_size": [-2, -2]},
								"down": {"uv": [23, 47], "uv_size": [-2, -2]}
							}
						},
						{
							"origin": [4.5, 16, -9],
							"size": [0.5, 1, 2],
							"pivot": [0, 8, -8],
							"rotation": [-90, 0, 0],
							"uv": {
								"north": {"uv": [19, 47], "uv_size": [0.5, 1]},
								"east": {"uv": [19, 47], "uv_size": [0.5, 1]},
								"south": {"uv": [19, 47], "uv_size": [0.5, 1]},
								"west": {"uv": [19, 47], "uv_size": [0.5, 1]},
								"up": {"uv": [19.5, 48], "uv_size": [-0.5, -1]},
								"down": {"uv": [19.5, 48], "uv_size": [-0.5, -1]}
							}
						},
						{
							"origin": [3, 16, -9],
							"size": [0.5, 1, 2],
							"pivot": [0, 8, -8],
							"rotation": [-90, 0, 0],
							"uv": {
								"north": {"uv": [20, 46], "uv_size": [0.5, 1]},
								"east": {"uv": [20, 46], "uv_size": [0.5, 1]},
								"south": {"uv": [20, 46], "uv_size": [0.5, 1]},
								"west": {"uv": [20, 46], "uv_size": [0.5, 1]},
								"up": {"uv": [20.5, 47], "uv_size": [-0.5, -1]},
								"down": {"uv": [20.5, 47], "uv_size": [-0.5, -1]}
							}
						},
						{
							"origin": [4, 12, -9],
							"size": [1, 2, 2],
							"pivot": [0, 8, -8],
							"rotation": [-90, 0, 0],
							"uv": {
								"north": {"uv": [28, 56], "uv_size": [25, 8]},
								"east": {"uv": [28, 56], "uv_size": [25, 8]},
								"south": {"uv": [28, 56], "uv_size": [25, 8]},
								"west": {"uv": [28, 56], "uv_size": [25, 8]},
								"up": {"uv": [53, 64], "uv_size": [-25, -8]},
								"down": {"uv": [53, 64], "uv_size": [-25, -8]}
							}
						},
						{
							"origin": [4.5, 11, -9],
							"size": [0.5, 1, 0.5],
							"pivot": [0, 8, -8],
							"rotation": [-90, 0, 0],
							"uv": {
								"north": {"uv": [28, 56], "uv_size": [25, 8]},
								"east": {"uv": [28, 56], "uv_size": [25, 8]},
								"south": {"uv": [28, 56], "uv_size": [25, 8]},
								"west": {"uv": [28, 56], "uv_size": [25, 8]},
								"up": {"uv": [53, 64], "uv_size": [-25, -8]},
								"down": {"uv": [53, 64], "uv_size": [-25, -8]}
							}
						},
						{
							"origin": [4, 12, -11],
							"size": [0.5, 1, 0.5],
							"pivot": [0, 8, -8],
							"rotation": [-110, 0, 0],
							"uv": {
								"north": {"uv": [28, 56], "uv_size": [25, 8]},
								"east": {"uv": [28, 56], "uv_size": [25, 8]},
								"south": {"uv": [28, 56], "uv_size": [25, 8]},
								"west": {"uv": [28, 56], "uv_size": [25, 8]},
								"up": {"uv": [53, 64], "uv_size": [-25, -8]},
								"down": {"uv": [53, 64], "uv_size": [-25, -8]}
							}
						},
						{
							"origin": [4.5, 11, -7.5],
							"size": [0.5, 1, 0.5],
							"pivot": [0, 8, -8],
							"rotation": [-90, 0, 0],
							"uv": {
								"north": {"uv": [28, 56], "uv_size": [25, 8]},
								"east": {"uv": [28, 56], "uv_size": [25, 8]},
								"south": {"uv": [28, 56], "uv_size": [25, 8]},
								"west": {"uv": [28, 56], "uv_size": [25, 8]},
								"up": {"uv": [53, 64], "uv_size": [-25, -8]},
								"down": {"uv": [53, 64], "uv_size": [-25, -8]}
							}
						},
						{
							"origin": [4.5, 11, -8.25],
							"size": [0.5, 1, 0.5],
							"pivot": [0, 8, -8],
							"rotation": [-90, 0, 0],
							"uv": {
								"north": {"uv": [28, 56], "uv_size": [25, 8]},
								"east": {"uv": [28, 56], "uv_size": [25, 8]},
								"south": {"uv": [28, 56], "uv_size": [25, 8]},
								"west": {"uv": [28, 56], "uv_size": [25, 8]},
								"up": {"uv": [53, 64], "uv_size": [-25, -8]},
								"down": {"uv": [53, 64], "uv_size": [-25, -8]}
							}
						}
					]
				},
				{
					"name": "LeftItem",
					"parent": "LeftArmDown",
					"pivot": [6, 15, 1]
				},
				{
					"name": "LItem",
					"parent": "LeftArmDown",
					"pivot": [6, 15, 1]
				},
				{
					"name": "KLegs",
					"parent": "Kroot",
					"pivot": [0, 12, 0]
				},
				{
					"name": "RightLegUp",
					"parent": "KLegs",
					"pivot": [-2, 3.25, 0],
					"cubes": [
						{
							"origin": [-2.75, 3, -0.75],
							"size": [1.5, 2, 1.5],
							"inflate": 0.03,
							"uv": {
								"north": {"uv": [0, 56], "uv_size": [26, 8]},
								"east": {"uv": [0, 56], "uv_size": [26, 8]},
								"south": {"uv": [0, 56], "uv_size": [26, 8]},
								"west": {"uv": [0, 56], "uv_size": [26, 8]},
								"up": {"uv": [26, 64], "uv_size": [-26, -8]},
								"down": {"uv": [26, 64], "uv_size": [-26, -8]}
							}
						},
						{
							"origin": [-2.5, 2, -0.5],
							"size": [1, 1, 1],
							"inflate": 0.03,
							"uv": {
								"north": {"uv": [0, 56], "uv_size": [26, 8]},
								"east": {"uv": [0, 56], "uv_size": [26, 8]},
								"south": {"uv": [0, 56], "uv_size": [26, 8]},
								"west": {"uv": [0, 56], "uv_size": [26, 8]},
								"up": {"uv": [26, 64], "uv_size": [-26, -8]},
								"down": {"uv": [26, 64], "uv_size": [-26, -8]}
							}
						}
					]
				},
				{
					"name": "RightLegDown",
					"parent": "RightLegUp",
					"pivot": [-1.9, 6, -2],
					"cubes": [
						{
							"origin": [-3, 0, -1],
							"size": [2, 1, 2],
							"inflate": 0.03,
							"uv": {
								"north": {"uv": [26, 64], "uv_size": [-26, -8]},
								"east": {"uv": [26, 64], "uv_size": [-26, -8]},
								"south": {"uv": [26, 64], "uv_size": [-26, -8]},
								"west": {"uv": [26, 64], "uv_size": [-26, -8]},
								"up": {"uv": [0, 56], "uv_size": [26, 8]},
								"down": {"uv": [0, 56], "uv_size": [26, 8]}
							}
						},
						{
							"origin": [-2.75, 1, -0.75],
							"size": [1.5, 1, 1.5],
							"inflate": 0.03,
							"uv": {
								"north": {"uv": [26, 64], "uv_size": [-26, -8]},
								"east": {"uv": [26, 64], "uv_size": [-26, -8]},
								"south": {"uv": [26, 64], "uv_size": [-26, -8]},
								"west": {"uv": [26, 64], "uv_size": [-26, -8]},
								"up": {"uv": [0, 56], "uv_size": [26, 8]},
								"down": {"uv": [0, 56], "uv_size": [26, 8]}
							}
						},
						{
							"origin": [-3, 0, -2],
							"size": [2, 1, 2],
							"inflate": 0.03,
							"pivot": [0, 0, 0],
							"rotation": [20, 0, 0],
							"uv": {
								"north": {"uv": [26, 64], "uv_size": [-26, -8]},
								"east": {"uv": [26, 64], "uv_size": [-26, -8]},
								"south": {"uv": [26, 64], "uv_size": [-26, -8]},
								"west": {"uv": [26, 64], "uv_size": [-26, -8]},
								"up": {"uv": [0, 56], "uv_size": [26, 8]},
								"down": {"uv": [0, 56], "uv_size": [26, 8]}
							}
						}
					]
				},
				{
					"name": "LeftLegUp",
					"parent": "KLegs",
					"pivot": [2, 3.25, 0],
					"cubes": [
						{
							"origin": [1.25, 3, -0.75],
							"size": [1.5, 2, 1.5],
							"inflate": 0.03,
							"uv": {
								"north": {"uv": [0, 56], "uv_size": [26, 8]},
								"east": {"uv": [0, 56], "uv_size": [26, 8]},
								"south": {"uv": [0, 56], "uv_size": [26, 8]},
								"west": {"uv": [0, 56], "uv_size": [26, 8]},
								"up": {"uv": [26, 64], "uv_size": [-26, -8]},
								"down": {"uv": [26, 64], "uv_size": [-26, -8]}
							}
						},
						{
							"origin": [1.5, 2, -0.5],
							"size": [1, 1, 1],
							"inflate": 0.03,
							"uv": {
								"north": {"uv": [0, 56], "uv_size": [26, 8]},
								"east": {"uv": [0, 56], "uv_size": [26, 8]},
								"south": {"uv": [0, 56], "uv_size": [26, 8]},
								"west": {"uv": [0, 56], "uv_size": [26, 8]},
								"up": {"uv": [26, 64], "uv_size": [-26, -8]},
								"down": {"uv": [26, 64], "uv_size": [-26, -8]}
							}
						}
					]
				},
				{
					"name": "LeftLegDown",
					"parent": "LeftLegUp",
					"pivot": [1.9, 6, -2],
					"cubes": [
						{
							"origin": [1, 0, -2],
							"size": [2, 1, 2],
							"inflate": 0.03,
							"pivot": [0, 0, 0],
							"rotation": [20, 0, 0],
							"uv": {
								"north": {"uv": [26, 64], "uv_size": [-26, -8]},
								"east": {"uv": [26, 64], "uv_size": [-26, -8]},
								"south": {"uv": [26, 64], "uv_size": [-26, -8]},
								"west": {"uv": [26, 64], "uv_size": [-26, -8]},
								"up": {"uv": [0, 56], "uv_size": [26, 8]},
								"down": {"uv": [0, 56], "uv_size": [26, 8]}
							}
						},
						{
							"origin": [1, 0, -1],
							"size": [2, 1, 2],
							"inflate": 0.03,
							"uv": {
								"north": {"uv": [26, 64], "uv_size": [-26, -8]},
								"east": {"uv": [26, 64], "uv_size": [-26, -8]},
								"south": {"uv": [26, 64], "uv_size": [-26, -8]},
								"west": {"uv": [26, 64], "uv_size": [-26, -8]},
								"up": {"uv": [0, 56], "uv_size": [26, 8]},
								"down": {"uv": [0, 56], "uv_size": [26, 8]}
							}
						},
						{
							"origin": [1.25, 1, -0.75],
							"size": [1.5, 1, 1.5],
							"inflate": 0.03,
							"uv": {
								"north": {"uv": [26, 64], "uv_size": [-26, -8]},
								"east": {"uv": [26, 64], "uv_size": [-26, -8]},
								"south": {"uv": [26, 64], "uv_size": [-26, -8]},
								"west": {"uv": [26, 64], "uv_size": [-26, -8]},
								"up": {"uv": [0, 56], "uv_size": [26, 8]},
								"down": {"uv": [0, 56], "uv_size": [26, 8]}
							}
						}
					]
				}
			]
		}
	]
}