{
	"format_version": "1.12.0",
	"minecraft:geometry": [
		{
			"description": {
				"identifier": "geometry.rods_van",
				"texture_width": 64,
				"texture_height": 64,
				"visible_bounds_width": 3,
				"visible_bounds_height": 2,
				"visible_bounds_offset": [0, 1, 0]
			},
			"bones": [
				{
					"name": "root",
					"pivot": [0, 0, 0]
				},
				{
					"name": "waist",
					"parent": "root",
					"pivot": [0, 12, 0]
				},
				{
					"name": "body",
					"parent": "waist",
					"pivot": [0, 24, 0],
					"cubes": [
						{
							"origin": [-8.5, 1, -8],
							"size": [17, 1, 16],
							"uv": {
								"north": {"uv": [40, 0], "uv_size": [24, 18]},
								"east": {"uv": [40, 0], "uv_size": [24, 18]},
								"south": {"uv": [40, 0], "uv_size": [24, 18]},
								"west": {"uv": [40, 0], "uv_size": [24, 18]},
								"up": {"uv": [64, 18], "uv_size": [-24, -18]},
								"down": {"uv": [64, 18], "uv_size": [-24, -18]}
							}
						},
						{
							"origin": [-6.5, 1, -15],
							"size": [13, 1, 7],
							"uv": {
								"north": {"uv": [40, 0], "uv_size": [24, 18]},
								"east": {"uv": [40, 0], "uv_size": [24, 18]},
								"south": {"uv": [40, 0], "uv_size": [24, 18]},
								"west": {"uv": [40, 0], "uv_size": [24, 18]},
								"up": {"uv": [64, 18], "uv_size": [-24, -18]},
								"down": {"uv": [64, 18], "uv_size": [-24, -18]}
							}
						},
						{
							"origin": [-5, 2, -15.25],
							"size": [0.5, 4, 1],
							"uv": {
								"north": {"uv": [40, 0], "uv_size": [24, 18]},
								"east": {"uv": [40, 0], "uv_size": [24, 18]},
								"south": {"uv": [40, 0], "uv_size": [24, 18]},
								"west": {"uv": [40, 0], "uv_size": [24, 18]},
								"up": {"uv": [64, 18], "uv_size": [-24, -18]},
								"down": {"uv": [64, 18], "uv_size": [-24, -18]}
							}
						},
						{
							"origin": [-5, 6, -15.25],
							"size": [10, 0.5, 1],
							"uv": {
								"north": {"uv": [40, 0], "uv_size": [24, 18]},
								"east": {"uv": [40, 0], "uv_size": [24, 18]},
								"south": {"uv": [40, 0], "uv_size": [24, 18]},
								"west": {"uv": [40, 0], "uv_size": [24, 18]},
								"up": {"uv": [64, 18], "uv_size": [-24, -18]},
								"down": {"uv": [64, 18], "uv_size": [-24, -18]}
							}
						},
						{
							"origin": [4.5, 2, -15.25],
							"size": [0.5, 4, 1],
							"uv": {
								"north": {"uv": [40, 0], "uv_size": [24, 18]},
								"east": {"uv": [40, 0], "uv_size": [24, 18]},
								"south": {"uv": [40, 0], "uv_size": [24, 18]},
								"west": {"uv": [40, 0], "uv_size": [24, 18]},
								"up": {"uv": [64, 18], "uv_size": [-24, -18]},
								"down": {"uv": [64, 18], "uv_size": [-24, -18]}
							}
						},
						{
							"origin": [-7.5, 2, -14],
							"size": [2, 3, 5],
							"uv": {
								"north": {"uv": [40, 20], "uv_size": [24, 18]},
								"east": {"uv": [40, 20], "uv_size": [24, 18]},
								"south": {"uv": [40, 20], "uv_size": [24, 18]},
								"west": {"uv": [40, 20], "uv_size": [24, 18]},
								"up": {"uv": [64, 38], "uv_size": [-24, -18]},
								"down": {"uv": [64, 38], "uv_size": [-24, -18]}
							}
						},
						{
							"origin": [-7.5, 2, 9],
							"size": [2, 3, 5],
							"uv": {
								"north": {"uv": [40, 20], "uv_size": [24, 18]},
								"east": {"uv": [40, 20], "uv_size": [24, 18]},
								"south": {"uv": [40, 20], "uv_size": [24, 18]},
								"west": {"uv": [40, 20], "uv_size": [24, 18]},
								"up": {"uv": [64, 38], "uv_size": [-24, -18]},
								"down": {"uv": [64, 38], "uv_size": [-24, -18]}
							}
						},
						{
							"origin": [5.5, 2, -14],
							"size": [2, 3, 5],
							"uv": {
								"north": {"uv": [40, 20], "uv_size": [24, 18]},
								"east": {"uv": [40, 20], "uv_size": [24, 18]},
								"south": {"uv": [40, 20], "uv_size": [24, 18]},
								"west": {"uv": [40, 20], "uv_size": [24, 18]},
								"up": {"uv": [64, 38], "uv_size": [-24, -18]},
								"down": {"uv": [64, 38], "uv_size": [-24, -18]}
							}
						},
						{
							"origin": [5.5, 2, 9],
							"size": [2, 3, 5],
							"uv": {
								"north": {"uv": [40, 20], "uv_size": [24, 18]},
								"east": {"uv": [40, 20], "uv_size": [24, 18]},
								"south": {"uv": [40, 20], "uv_size": [24, 18]},
								"west": {"uv": [40, 20], "uv_size": [24, 18]},
								"up": {"uv": [64, 38], "uv_size": [-24, -18]},
								"down": {"uv": [64, 38], "uv_size": [-24, -18]}
							}
						},
						{
							"origin": [-6.5, 1, 8],
							"size": [13, 1, 7],
							"uv": {
								"north": {"uv": [40, 0], "uv_size": [24, 18]},
								"east": {"uv": [40, 0], "uv_size": [24, 18]},
								"south": {"uv": [40, 0], "uv_size": [24, 18]},
								"west": {"uv": [40, 0], "uv_size": [24, 18]},
								"up": {"uv": [64, 18], "uv_size": [-24, -18]},
								"down": {"uv": [64, 18], "uv_size": [-24, -18]}
							}
						},
						{
							"origin": [6.75, 2, -8],
							"size": [1, 4, 7],
							"uv": {
								"north": {"uv": [40, 40], "uv_size": [24, 18]},
								"east": {"uv": [40, 40], "uv_size": [24, 18]},
								"south": {"uv": [40, 40], "uv_size": [24, 18]},
								"west": {"uv": [40, 40], "uv_size": [24, 18]},
								"up": {"uv": [64, 58], "uv_size": [-24, -18]},
								"down": {"uv": [64, 58], "uv_size": [-24, -18]}
							}
						},
						{
							"origin": [6.75, 2, -1],
							"size": [1, 3, 9],
							"uv": {
								"north": {"uv": [40, 40], "uv_size": [24, 18]},
								"east": {"uv": [40, 40], "uv_size": [24, 18]},
								"south": {"uv": [40, 40], "uv_size": [24, 18]},
								"west": {"uv": [40, 40], "uv_size": [24, 18]},
								"up": {"uv": [64, 58], "uv_size": [-24, -18]},
								"down": {"uv": [64, 58], "uv_size": [-24, -18]}
							}
						},
						{
							"origin": [6.75, 5, -1],
							"size": [1, 4, 9],
							"uv": {
								"north": {"uv": [40, 58], "uv_size": [24, 6]},
								"east": {"uv": [40, 58], "uv_size": [24, 6]},
								"south": {"uv": [40, 58], "uv_size": [24, 6]},
								"west": {"uv": [40, 58], "uv_size": [24, 6]},
								"up": {"uv": [64, 64], "uv_size": [-24, -6]},
								"down": {"uv": [64, 64], "uv_size": [-24, -6]}
							}
						},
						{
							"origin": [6.75, 8, 8],
							"size": [1, 1, 7],
							"uv": {
								"north": {"uv": [40, 58], "uv_size": [24, 6]},
								"east": {"uv": [40, 58], "uv_size": [24, 6]},
								"south": {"uv": [40, 58], "uv_size": [24, 6]},
								"west": {"uv": [40, 58], "uv_size": [24, 6]},
								"up": {"uv": [64, 64], "uv_size": [-24, -6]},
								"down": {"uv": [64, 64], "uv_size": [-24, -6]}
							}
						},
						{
							"origin": [6.75, 1, -9],
							"size": [2, 4, 1],
							"uv": {
								"north": {"uv": [40, 40], "uv_size": [24, 18]},
								"east": {"uv": [40, 40], "uv_size": [24, 18]},
								"south": {"uv": [40, 40], "uv_size": [24, 18]},
								"west": {"uv": [40, 40], "uv_size": [24, 18]},
								"up": {"uv": [64, 58], "uv_size": [-24, -18]},
								"down": {"uv": [64, 58], "uv_size": [-24, -18]}
							}
						},
						{
							"origin": [6.75, 2, -9],
							"size": [2, 2, 1],
							"pivot": [7.75, 2.5, -11.5],
							"rotation": [25, 0, 0],
							"uv": {
								"north": {"uv": [40, 40], "uv_size": [24, 18]},
								"east": {"uv": [40, 40], "uv_size": [24, 18]},
								"south": {"uv": [40, 40], "uv_size": [24, 18]},
								"west": {"uv": [40, 40], "uv_size": [24, 18]},
								"up": {"uv": [64, 58], "uv_size": [-24, -18]},
								"down": {"uv": [64, 58], "uv_size": [-24, -18]}
							}
						},
						{
							"origin": [-8.75, 2, -9],
							"size": [2, 2, 1],
							"pivot": [7.75, 2.5, -11.5],
							"rotation": [25, 0, 0],
							"uv": {
								"north": {"uv": [40, 40], "uv_size": [24, 18]},
								"east": {"uv": [40, 40], "uv_size": [24, 18]},
								"south": {"uv": [40, 40], "uv_size": [24, 18]},
								"west": {"uv": [40, 40], "uv_size": [24, 18]},
								"up": {"uv": [64, 58], "uv_size": [-24, -18]},
								"down": {"uv": [64, 58], "uv_size": [-24, -18]}
							}
						},
						{
							"origin": [6.75, 1, -15],
							"size": [2, 4, 1],
							"uv": {
								"north": {"uv": [40, 40], "uv_size": [24, 18]},
								"east": {"uv": [40, 40], "uv_size": [24, 18]},
								"south": {"uv": [40, 40], "uv_size": [24, 18]},
								"west": {"uv": [40, 40], "uv_size": [24, 18]},
								"up": {"uv": [64, 58], "uv_size": [-24, -18]},
								"down": {"uv": [64, 58], "uv_size": [-24, -18]}
							}
						},
						{
							"origin": [6.75, 4.5, -15],
							"size": [2, 1, 7],
							"uv": {
								"north": {"uv": [40, 40], "uv_size": [24, 18]},
								"east": {"uv": [40, 40], "uv_size": [24, 18]},
								"south": {"uv": [40, 40], "uv_size": [24, 18]},
								"west": {"uv": [40, 40], "uv_size": [24, 18]},
								"up": {"uv": [64, 58], "uv_size": [-24, -18]},
								"down": {"uv": [64, 58], "uv_size": [-24, -18]}
							}
						},
						{
							"origin": [6.75, 5.5, -15],
							"size": [2, 3, 7],
							"uv": {
								"north": {"uv": [40, 58], "uv_size": [24, 6]},
								"east": {"uv": [40, 58], "uv_size": [24, 6]},
								"south": {"uv": [40, 58], "uv_size": [24, 6]},
								"west": {"uv": [40, 58], "uv_size": [24, 6]},
								"up": {"uv": [64, 64], "uv_size": [-24, -6]},
								"down": {"uv": [64, 64], "uv_size": [-24, -6]}
							}
						},
						{
							"origin": [6.75, 5.5, 8],
							"size": [2, 3, 7],
							"uv": {
								"north": {"uv": [40, 58], "uv_size": [24, 6]},
								"east": {"uv": [40, 58], "uv_size": [24, 6]},
								"south": {"uv": [40, 58], "uv_size": [24, 6]},
								"west": {"uv": [40, 58], "uv_size": [24, 6]},
								"up": {"uv": [64, 64], "uv_size": [-24, -6]},
								"down": {"uv": [64, 64], "uv_size": [-24, -6]}
							}
						},
						{
							"origin": [-8.75, 5.5, -15],
							"size": [2, 3, 7],
							"uv": {
								"north": {"uv": [40, 58], "uv_size": [24, 6]},
								"east": {"uv": [40, 58], "uv_size": [24, 6]},
								"south": {"uv": [40, 58], "uv_size": [24, 6]},
								"west": {"uv": [40, 58], "uv_size": [24, 6]},
								"up": {"uv": [64, 64], "uv_size": [-24, -6]},
								"down": {"uv": [64, 64], "uv_size": [-24, -6]}
							}
						},
						{
							"origin": [-8.75, 5.5, 8],
							"size": [2, 3, 7],
							"uv": {
								"north": {"uv": [40, 58], "uv_size": [24, 6]},
								"east": {"uv": [40, 58], "uv_size": [24, 6]},
								"south": {"uv": [40, 58], "uv_size": [24, 6]},
								"west": {"uv": [40, 58], "uv_size": [24, 6]},
								"up": {"uv": [64, 64], "uv_size": [-24, -6]},
								"down": {"uv": [64, 64], "uv_size": [-24, -6]}
							}
						},
						{
							"origin": [-8.25, 8.75, 3],
							"size": [0.5, 0.5, 9],
							"uv": {
								"north": {"uv": [40, 38], "uv_size": [24, -18]},
								"east": {"uv": [40, 38], "uv_size": [24, -18]},
								"south": {"uv": [40, 38], "uv_size": [24, -18]},
								"west": {"uv": [40, 38], "uv_size": [24, -18]},
								"up": {"uv": [64, 20], "uv_size": [-24, 18]},
								"down": {"uv": [64, 20], "uv_size": [-24, 18]}
							}
						},
						{
							"origin": [-8.25, 14, 3],
							"size": [0.5, 0.5, 9],
							"uv": {
								"north": {"uv": [40, 38], "uv_size": [24, -18]},
								"east": {"uv": [40, 38], "uv_size": [24, -18]},
								"south": {"uv": [40, 38], "uv_size": [24, -18]},
								"west": {"uv": [40, 38], "uv_size": [24, -18]},
								"up": {"uv": [64, 20], "uv_size": [-24, 18]},
								"down": {"uv": [64, 20], "uv_size": [-24, 18]}
							}
						},
						{
							"origin": [-8.25, 8.75, 12],
							"size": [0.5, 5.75, 0.5],
							"uv": {
								"north": {"uv": [40, 38], "uv_size": [24, -18]},
								"east": {"uv": [40, 38], "uv_size": [24, -18]},
								"south": {"uv": [40, 38], "uv_size": [24, -18]},
								"west": {"uv": [40, 38], "uv_size": [24, -18]},
								"up": {"uv": [64, 20], "uv_size": [-24, 18]},
								"down": {"uv": [64, 20], "uv_size": [-24, 18]}
							}
						},
						{
							"origin": [-8.25, 8.75, 2.5],
							"size": [0.5, 5.75, 0.5],
							"uv": {
								"north": {"uv": [40, 38], "uv_size": [24, -18]},
								"east": {"uv": [40, 38], "uv_size": [24, -18]},
								"south": {"uv": [40, 38], "uv_size": [24, -18]},
								"west": {"uv": [40, 38], "uv_size": [24, -18]},
								"up": {"uv": [64, 20], "uv_size": [-24, 18]},
								"down": {"uv": [64, 20], "uv_size": [-24, 18]}
							}
						},
						{
							"origin": [-8.25, 8.75, 7.25],
							"size": [0.5, 5.75, 0.5],
							"uv": {
								"north": {"uv": [40, 38], "uv_size": [24, -18]},
								"east": {"uv": [40, 38], "uv_size": [24, -18]},
								"south": {"uv": [40, 38], "uv_size": [24, -18]},
								"west": {"uv": [40, 38], "uv_size": [24, -18]},
								"up": {"uv": [64, 20], "uv_size": [-24, 18]},
								"down": {"uv": [64, 20], "uv_size": [-24, 18]}
							}
						},
						{
							"origin": [-8.5, 5.75, -15.25],
							"size": [1.5, 2.5, 0.25],
							"uv": {
								"north": {"uv": [1, 20], "uv_size": [3, 18]},
								"east": {"uv": [40, 0], "uv_size": [24, 18]},
								"south": {"uv": [40, 0], "uv_size": [24, 18]},
								"west": {"uv": [40, 0], "uv_size": [24, 18]},
								"up": {"uv": [64, 18], "uv_size": [-24, -18]},
								"down": {"uv": [64, 18], "uv_size": [-24, -18]}
							}
						},
						{
							"origin": [-8.5, 4.75, 15],
							"size": [1.5, 3.5, 0.25],
							"uv": {
								"north": {"uv": [40, 0], "uv_size": [24, 18]},
								"east": {"uv": [40, 0], "uv_size": [24, 18]},
								"south": {"uv": [1, 40], "uv_size": [3, 18]},
								"west": {"uv": [40, 0], "uv_size": [24, 18]},
								"up": {"uv": [64, 18], "uv_size": [-24, -18]},
								"down": {"uv": [64, 18], "uv_size": [-24, -18]}
							}
						},
						{
							"origin": [-8.4, 2.75, -15.25],
							"size": [1.25, 2.5, 0.25],
							"uv": {
								"north": {"uv": [30, 20], "uv_size": [1, 1]},
								"east": {"uv": [40, 0], "uv_size": [24, 18]},
								"south": {"uv": [40, 0], "uv_size": [24, 18]},
								"west": {"uv": [40, 0], "uv_size": [24, 18]},
								"up": {"uv": [64, 18], "uv_size": [-24, -18]},
								"down": {"uv": [64, 18], "uv_size": [-24, -18]}
							}
						},
						{
							"origin": [7.1, 2.75, -15.25],
							"size": [1.25, 2.5, 0.25],
							"uv": {
								"north": {"uv": [30, 20], "uv_size": [1, 1]},
								"east": {"uv": [40, 0], "uv_size": [24, 18]},
								"south": {"uv": [40, 0], "uv_size": [24, 18]},
								"west": {"uv": [40, 0], "uv_size": [24, 18]},
								"up": {"uv": [64, 18], "uv_size": [-24, -18]},
								"down": {"uv": [64, 18], "uv_size": [-24, -18]}
							}
						},
						{
							"origin": [7, 5.75, -15.25],
							"size": [1.5, 2.5, 0.25],
							"uv": {
								"north": {"uv": [1, 20], "uv_size": [3, 18]},
								"east": {"uv": [40, 0], "uv_size": [24, 18]},
								"south": {"uv": [40, 0], "uv_size": [24, 18]},
								"west": {"uv": [40, 0], "uv_size": [24, 18]},
								"up": {"uv": [64, 18], "uv_size": [-24, -18]},
								"down": {"uv": [64, 18], "uv_size": [-24, -18]}
							}
						},
						{
							"origin": [7, 4.75, 15],
							"size": [1.5, 3.5, 0.25],
							"uv": {
								"north": {"uv": [40, 0], "uv_size": [24, 18]},
								"east": {"uv": [40, 0], "uv_size": [24, 18]},
								"south": {"uv": [1, 40], "uv_size": [3, 18]},
								"west": {"uv": [40, 0], "uv_size": [24, 18]},
								"up": {"uv": [64, 18], "uv_size": [-24, -18]},
								"down": {"uv": [64, 18], "uv_size": [-24, -18]}
							}
						},
						{
							"origin": [-8.75, 4.5, -15],
							"size": [2, 1, 7],
							"uv": {
								"north": {"uv": [40, 40], "uv_size": [24, 18]},
								"east": {"uv": [40, 40], "uv_size": [24, 18]},
								"south": {"uv": [40, 40], "uv_size": [24, 18]},
								"west": {"uv": [40, 40], "uv_size": [24, 18]},
								"up": {"uv": [64, 58], "uv_size": [-24, -18]},
								"down": {"uv": [64, 58], "uv_size": [-24, -18]}
							}
						},
						{
							"origin": [-8.75, 4.5, 8],
							"size": [2, 1, 7],
							"uv": {
								"north": {"uv": [40, 40], "uv_size": [24, 18]},
								"east": {"uv": [40, 40], "uv_size": [24, 18]},
								"south": {"uv": [40, 40], "uv_size": [24, 18]},
								"west": {"uv": [40, 40], "uv_size": [24, 18]},
								"up": {"uv": [64, 58], "uv_size": [-24, -18]},
								"down": {"uv": [64, 58], "uv_size": [-24, -18]}
							}
						},
						{
							"origin": [6.75, 4.5, 8],
							"size": [2, 1, 7],
							"uv": {
								"north": {"uv": [40, 40], "uv_size": [24, 18]},
								"east": {"uv": [40, 40], "uv_size": [24, 18]},
								"south": {"uv": [40, 40], "uv_size": [24, 18]},
								"west": {"uv": [40, 40], "uv_size": [24, 18]},
								"up": {"uv": [64, 58], "uv_size": [-24, -18]},
								"down": {"uv": [64, 58], "uv_size": [-24, -18]}
							}
						},
						{
							"origin": [6.75, 2, -15],
							"size": [2, 2, 1],
							"pivot": [7.75, 2.5, -11.5],
							"rotation": [-25, 0, 0],
							"uv": {
								"north": {"uv": [40, 40], "uv_size": [24, 18]},
								"east": {"uv": [40, 40], "uv_size": [24, 18]},
								"south": {"uv": [40, 40], "uv_size": [24, 18]},
								"west": {"uv": [40, 40], "uv_size": [24, 18]},
								"up": {"uv": [64, 58], "uv_size": [-24, -18]},
								"down": {"uv": [64, 58], "uv_size": [-24, -18]}
							}
						},
						{
							"origin": [-8.75, 2, -15],
							"size": [2, 2, 1],
							"pivot": [7.75, 2.5, -11.5],
							"rotation": [-25, 0, 0],
							"uv": {
								"north": {"uv": [40, 40], "uv_size": [24, 18]},
								"east": {"uv": [40, 40], "uv_size": [24, 18]},
								"south": {"uv": [40, 40], "uv_size": [24, 18]},
								"west": {"uv": [40, 40], "uv_size": [24, 18]},
								"up": {"uv": [64, 58], "uv_size": [-24, -18]},
								"down": {"uv": [64, 58], "uv_size": [-24, -18]}
							}
						},
						{
							"origin": [-8.75, 1, -15],
							"size": [2, 4, 1],
							"uv": {
								"north": {"uv": [40, 40], "uv_size": [24, 18]},
								"east": {"uv": [40, 40], "uv_size": [24, 18]},
								"south": {"uv": [40, 40], "uv_size": [24, 18]},
								"west": {"uv": [40, 40], "uv_size": [24, 18]},
								"up": {"uv": [64, 58], "uv_size": [-24, -18]},
								"down": {"uv": [64, 58], "uv_size": [-24, -18]}
							}
						},
						{
							"origin": [-6.75, 2, -14.75],
							"size": [13.5, 6, 1],
							"uv": {
								"north": {"uv": [40, 0], "uv_size": [24, 18]},
								"east": {"uv": [40, 0], "uv_size": [24, 18]},
								"south": {"uv": [40, 0], "uv_size": [24, 18]},
								"west": {"uv": [40, 0], "uv_size": [24, 18]},
								"up": {"uv": [64, 18], "uv_size": [-24, -18]},
								"down": {"uv": [64, 18], "uv_size": [-24, -18]}
							}
						},
						{
							"origin": [-6.75, 7, -13.75],
							"size": [13.5, 1, 6],
							"uv": {
								"north": {"uv": [40, 58], "uv_size": [24, 6]},
								"east": {"uv": [40, 58], "uv_size": [24, 6]},
								"south": {"uv": [40, 58], "uv_size": [24, 6]},
								"west": {"uv": [40, 58], "uv_size": [24, 6]},
								"up": {"uv": [64, 64], "uv_size": [-24, -6]},
								"down": {"uv": [64, 64], "uv_size": [-24, -6]}
							}
						},
						{
							"origin": [-6.75, 15.75, -3.75],
							"size": [13.5, 1, 18],
							"uv": {
								"north": {"uv": [40, 58], "uv_size": [24, 6]},
								"east": {"uv": [40, 58], "uv_size": [24, 6]},
								"south": {"uv": [40, 58], "uv_size": [24, 6]},
								"west": {"uv": [40, 58], "uv_size": [24, 6]},
								"up": {"uv": [64, 64], "uv_size": [-24, -6]},
								"down": {"uv": [64, 64], "uv_size": [-24, -6]}
							}
						},
						{
							"origin": [-2.25, 17, -2.75],
							"size": [2, 2, 2],
							"pivot": [-1.25, 17.75, -1.25],
							"rotation": [0, 45, 0],
							"uv": {
								"north": {"uv": [30, 20], "uv_size": [9, 18]},
								"east": {"uv": [30, 20], "uv_size": [9, 18]},
								"south": {"uv": [30, 20], "uv_size": [9, 18]},
								"west": {"uv": [30, 20], "uv_size": [9, 18]},
								"up": {"uv": [39, 38], "uv_size": [-9, -18]},
								"down": {"uv": [39, 38], "uv_size": [-9, -18]}
							}
						},
						{
							"origin": [-1.5, 17.75, -6.75],
							"size": [0.5, 0.5, 4.5],
							"pivot": [-1.25, 17.75, -1.25],
							"rotation": [0, 45, 0],
							"uv": {
								"north": {"uv": [40, 20], "uv_size": [24, 18]},
								"east": {"uv": [40, 20], "uv_size": [24, 18]},
								"south": {"uv": [40, 20], "uv_size": [24, 18]},
								"west": {"uv": [40, 20], "uv_size": [24, 18]},
								"up": {"uv": [64, 38], "uv_size": [-24, -18]},
								"down": {"uv": [64, 38], "uv_size": [-24, -18]}
							}
						},
						{
							"origin": [-3, 16.25, -5.75],
							"size": [0.5, 3.5, 3],
							"pivot": [-1.25, 17.75, -1.25],
							"rotation": [0, 45, 0],
							"uv": {
								"north": {"uv": [30, 20], "uv_size": [9, 18]},
								"east": {"uv": [30, 20], "uv_size": [9, 18]},
								"south": {"uv": [30, 20], "uv_size": [9, 18]},
								"west": {"uv": [30, 20], "uv_size": [9, 18]},
								"up": {"uv": [39, 38], "uv_size": [-9, -18]},
								"down": {"uv": [39, 38], "uv_size": [-9, -18]}
							}
						},
						{
							"origin": [0, 16.25, -5.75],
							"size": [0.5, 3.5, 3],
							"pivot": [-1.25, 17.75, -1.25],
							"rotation": [0, 45, 0],
							"uv": {
								"north": {"uv": [30, 20], "uv_size": [9, 18]},
								"east": {"uv": [30, 20], "uv_size": [9, 18]},
								"south": {"uv": [30, 20], "uv_size": [9, 18]},
								"west": {"uv": [30, 20], "uv_size": [9, 18]},
								"up": {"uv": [39, 38], "uv_size": [-9, -18]},
								"down": {"uv": [39, 38], "uv_size": [-9, -18]}
							}
						},
						{
							"origin": [-3, 19.25, -5.75],
							"size": [3.5, 0.5, 3],
							"pivot": [-1.25, 17.75, -1.25],
							"rotation": [0, 45, 0],
							"uv": {
								"north": {"uv": [30, 20], "uv_size": [9, 18]},
								"east": {"uv": [30, 20], "uv_size": [9, 18]},
								"south": {"uv": [30, 20], "uv_size": [9, 18]},
								"west": {"uv": [30, 20], "uv_size": [9, 18]},
								"up": {"uv": [39, 38], "uv_size": [-9, -18]},
								"down": {"uv": [39, 38], "uv_size": [-9, -18]}
							}
						},
						{
							"origin": [-3, 16.25, -2.75],
							"size": [3.5, 3.5, 0.5],
							"pivot": [-1.25, 17.75, -1.25],
							"rotation": [0, 45, 0],
							"uv": {
								"north": {"uv": [30, 20], "uv_size": [9, 18]},
								"east": {"uv": [30, 20], "uv_size": [9, 18]},
								"south": {"uv": [30, 20], "uv_size": [9, 18]},
								"west": {"uv": [30, 20], "uv_size": [9, 18]},
								"up": {"uv": [39, 38], "uv_size": [-9, -18]},
								"down": {"uv": [39, 38], "uv_size": [-9, -18]}
							}
						},
						{
							"origin": [-3, 16.25, -5.75],
							"size": [3.5, 0.5, 3],
							"pivot": [-1.25, 17.75, -1.25],
							"rotation": [0, 45, 0],
							"uv": {
								"north": {"uv": [30, 20], "uv_size": [9, 18]},
								"east": {"uv": [30, 20], "uv_size": [9, 18]},
								"south": {"uv": [30, 20], "uv_size": [9, 18]},
								"west": {"uv": [30, 20], "uv_size": [9, 18]},
								"up": {"uv": [39, 38], "uv_size": [-9, -18]},
								"down": {"uv": [39, 38], "uv_size": [-9, -18]}
							}
						},
						{
							"origin": [0.25, 17, -2.75],
							"size": [2, 2, 2],
							"pivot": [1.25, 17.75, -1.25],
							"rotation": [0, -45, 0],
							"uv": {
								"north": {"uv": [30, 20], "uv_size": [9, 18]},
								"east": {"uv": [30, 20], "uv_size": [9, 18]},
								"south": {"uv": [30, 20], "uv_size": [9, 18]},
								"west": {"uv": [30, 20], "uv_size": [9, 18]},
								"up": {"uv": [39, 38], "uv_size": [-9, -18]},
								"down": {"uv": [39, 38], "uv_size": [-9, -18]}
							}
						},
						{
							"origin": [1, 17.75, -6.75],
							"size": [0.5, 0.5, 4.5],
							"pivot": [1.25, 17.75, -1.25],
							"rotation": [0, -45, 0],
							"uv": {
								"north": {"uv": [40, 20], "uv_size": [24, 18]},
								"east": {"uv": [40, 20], "uv_size": [24, 18]},
								"south": {"uv": [40, 20], "uv_size": [24, 18]},
								"west": {"uv": [40, 20], "uv_size": [24, 18]},
								"up": {"uv": [64, 38], "uv_size": [-24, -18]},
								"down": {"uv": [64, 38], "uv_size": [-24, -18]}
							}
						},
						{
							"origin": [-0.5, 16.25, -5.75],
							"size": [0.5, 3.5, 3],
							"pivot": [1.25, 17.75, -1.25],
							"rotation": [0, -45, 0],
							"uv": {
								"north": {"uv": [30, 20], "uv_size": [9, 18]},
								"east": {"uv": [30, 20], "uv_size": [9, 18]},
								"south": {"uv": [30, 20], "uv_size": [9, 18]},
								"west": {"uv": [30, 20], "uv_size": [9, 18]},
								"up": {"uv": [39, 38], "uv_size": [-9, -18]},
								"down": {"uv": [39, 38], "uv_size": [-9, -18]}
							}
						},
						{
							"origin": [2.5, 16.25, -5.75],
							"size": [0.5, 3.5, 3],
							"pivot": [1.25, 17.75, -1.25],
							"rotation": [0, -45, 0],
							"uv": {
								"north": {"uv": [30, 20], "uv_size": [9, 18]},
								"east": {"uv": [30, 20], "uv_size": [9, 18]},
								"south": {"uv": [30, 20], "uv_size": [9, 18]},
								"west": {"uv": [30, 20], "uv_size": [9, 18]},
								"up": {"uv": [39, 38], "uv_size": [-9, -18]},
								"down": {"uv": [39, 38], "uv_size": [-9, -18]}
							}
						},
						{
							"origin": [-0.5, 16.25, -5.75],
							"size": [3.5, 0.5, 3],
							"pivot": [1.25, 17.75, -1.25],
							"rotation": [0, -45, 0],
							"uv": {
								"north": {"uv": [30, 20], "uv_size": [9, 18]},
								"east": {"uv": [30, 20], "uv_size": [9, 18]},
								"south": {"uv": [30, 20], "uv_size": [9, 18]},
								"west": {"uv": [30, 20], "uv_size": [9, 18]},
								"up": {"uv": [39, 38], "uv_size": [-9, -18]},
								"down": {"uv": [39, 38], "uv_size": [-9, -18]}
							}
						},
						{
							"origin": [-0.5, 19.25, -5.75],
							"size": [3.5, 0.5, 3],
							"pivot": [1.25, 17.75, -1.25],
							"rotation": [0, -45, 0],
							"uv": {
								"north": {"uv": [30, 20], "uv_size": [9, 18]},
								"east": {"uv": [30, 20], "uv_size": [9, 18]},
								"south": {"uv": [30, 20], "uv_size": [9, 18]},
								"west": {"uv": [30, 20], "uv_size": [9, 18]},
								"up": {"uv": [39, 38], "uv_size": [-9, -18]},
								"down": {"uv": [39, 38], "uv_size": [-9, -18]}
							}
						},
						{
							"origin": [-0.5, 16.25, -2.75],
							"size": [3.5, 3.5, 0.5],
							"pivot": [1.25, 17.75, -1.25],
							"rotation": [0, -45, 0],
							"uv": {
								"north": {"uv": [30, 20], "uv_size": [9, 18]},
								"east": {"uv": [30, 20], "uv_size": [9, 18]},
								"south": {"uv": [30, 20], "uv_size": [9, 18]},
								"west": {"uv": [30, 20], "uv_size": [9, 18]},
								"up": {"uv": [39, 38], "uv_size": [-9, -18]},
								"down": {"uv": [39, 38], "uv_size": [-9, -18]}
							}
						},
						{
							"origin": [-0.75, 17.75, -0.75],
							"size": [1.5, 3, 14],
							"uv": {
								"north": {"uv": [40, 0], "uv_size": [24, 18]},
								"east": {"uv": [0, 0], "uv_size": [39, 18]},
								"south": {"uv": [40, 0], "uv_size": [24, 18]},
								"west": {"uv": [0, 0], "uv_size": [39, 18]},
								"up": {"uv": [64, 18], "uv_size": [-24, -18]},
								"down": {"uv": [64, 18], "uv_size": [-24, -18]}
							}
						},
						{
							"origin": [-2.25, 16.75, -1.75],
							"size": [4.5, 0.5, 2],
							"uv": {
								"north": {"uv": [40, 0], "uv_size": [24, 18]},
								"east": {"uv": [40, 0], "uv_size": [24, 18]},
								"south": {"uv": [40, 0], "uv_size": [24, 18]},
								"west": {"uv": [40, 0], "uv_size": [24, 18]},
								"up": {"uv": [64, 18], "uv_size": [-24, -18]},
								"down": {"uv": [64, 18], "uv_size": [-24, -18]}
							}
						},
						{
							"origin": [-0.75, 16.75, -0.75],
							"size": [1.5, 0.5, 14],
							"uv": {
								"north": {"uv": [40, 0], "uv_size": [24, 18]},
								"east": {"uv": [40, 0], "uv_size": [24, 18]},
								"south": {"uv": [40, 0], "uv_size": [24, 18]},
								"west": {"uv": [40, 0], "uv_size": [24, 18]},
								"up": {"uv": [64, 18], "uv_size": [-24, -18]},
								"down": {"uv": [64, 18], "uv_size": [-24, -18]}
							}
						},
						{
							"origin": [-0.25, 16.75, 10.25],
							"size": [0.5, 2, 1],
							"uv": {
								"north": {"uv": [40, 0], "uv_size": [24, 18]},
								"east": {"uv": [40, 0], "uv_size": [24, 18]},
								"south": {"uv": [40, 0], "uv_size": [24, 18]},
								"west": {"uv": [40, 0], "uv_size": [24, 18]},
								"up": {"uv": [64, 18], "uv_size": [-24, -18]},
								"down": {"uv": [64, 18], "uv_size": [-24, -18]}
							}
						},
						{
							"origin": [-0.25, 16.75, 5.75],
							"size": [0.5, 2, 1],
							"uv": {
								"north": {"uv": [40, 0], "uv_size": [24, 18]},
								"east": {"uv": [40, 0], "uv_size": [24, 18]},
								"south": {"uv": [40, 0], "uv_size": [24, 18]},
								"west": {"uv": [40, 0], "uv_size": [24, 18]},
								"up": {"uv": [64, 18], "uv_size": [-24, -18]},
								"down": {"uv": [64, 18], "uv_size": [-24, -18]}
							}
						},
						{
							"origin": [-0.25, 16.75, 1.25],
							"size": [0.5, 2, 1],
							"uv": {
								"north": {"uv": [40, 0], "uv_size": [24, 18]},
								"east": {"uv": [40, 0], "uv_size": [24, 18]},
								"south": {"uv": [40, 0], "uv_size": [24, 18]},
								"west": {"uv": [40, 0], "uv_size": [24, 18]},
								"up": {"uv": [64, 18], "uv_size": [-24, -18]},
								"down": {"uv": [64, 18], "uv_size": [-24, -18]}
							}
						},
						{
							"origin": [6.75, 15.75, -3.75],
							"size": [1, 1, 18],
							"uv": {
								"north": {"uv": [40, 0], "uv_size": [24, 18]},
								"east": {"uv": [40, 0], "uv_size": [24, 18]},
								"south": {"uv": [40, 0], "uv_size": [24, 18]},
								"west": {"uv": [40, 0], "uv_size": [24, 18]},
								"up": {"uv": [64, 18], "uv_size": [-24, -18]},
								"down": {"uv": [64, 18], "uv_size": [-24, -18]}
							}
						},
						{
							"origin": [-7.75, 15.75, 14.25],
							"size": [15.5, 1, 1],
							"uv": {
								"north": {"uv": [40, 0], "uv_size": [24, 18]},
								"east": {"uv": [40, 0], "uv_size": [24, 18]},
								"south": {"uv": [40, 0], "uv_size": [24, 18]},
								"west": {"uv": [40, 0], "uv_size": [24, 18]},
								"up": {"uv": [64, 18], "uv_size": [-24, -18]},
								"down": {"uv": [64, 18], "uv_size": [-24, -18]}
							}
						},
						{
							"origin": [-7.75, 15.75, -3.75],
							"size": [1, 1, 18],
							"uv": {
								"north": {"uv": [40, 0], "uv_size": [24, 18]},
								"east": {"uv": [40, 0], "uv_size": [24, 18]},
								"south": {"uv": [40, 0], "uv_size": [24, 18]},
								"west": {"uv": [40, 0], "uv_size": [24, 18]},
								"up": {"uv": [64, 18], "uv_size": [-24, -18]},
								"down": {"uv": [64, 18], "uv_size": [-24, -18]}
							}
						},
						{
							"origin": [5.75, 7, -6.75],
							"size": [1, 10, 1],
							"pivot": [6.25, 11, -6.25],
							"rotation": [-30, 0, 0],
							"uv": {
								"north": {"uv": [40, 58], "uv_size": [24, 6]},
								"east": {"uv": [40, 58], "uv_size": [24, 6]},
								"south": {"uv": [40, 58], "uv_size": [24, 6]},
								"west": {"uv": [40, 58], "uv_size": [24, 6]},
								"up": {"uv": [64, 64], "uv_size": [-24, -6]},
								"down": {"uv": [64, 64], "uv_size": [-24, -6]}
							}
						},
						{
							"origin": [6.75, 7, -6.75],
							"size": [1, 10, 1],
							"pivot": [6.25, 11, -6.25],
							"rotation": [-30, 0, 0],
							"uv": {
								"north": {"uv": [40, 0], "uv_size": [24, 18]},
								"east": {"uv": [40, 0], "uv_size": [24, 18]},
								"south": {"uv": [40, 0], "uv_size": [24, 18]},
								"west": {"uv": [40, 0], "uv_size": [24, 18]},
								"up": {"uv": [64, 18], "uv_size": [-24, -18]},
								"down": {"uv": [64, 18], "uv_size": [-24, -18]}
							}
						},
						{
							"origin": [-6.75, 7, -6.75],
							"size": [1, 10, 1],
							"pivot": [6.25, 11, -6.25],
							"rotation": [-30, 0, 0],
							"uv": {
								"north": {"uv": [40, 58], "uv_size": [24, 6]},
								"east": {"uv": [40, 58], "uv_size": [24, 6]},
								"south": {"uv": [40, 58], "uv_size": [24, 6]},
								"west": {"uv": [40, 58], "uv_size": [24, 6]},
								"up": {"uv": [64, 64], "uv_size": [-24, -6]},
								"down": {"uv": [64, 64], "uv_size": [-24, -6]}
							}
						},
						{
							"origin": [-7.75, 7, -6.75],
							"size": [1, 10, 1],
							"pivot": [6.25, 11, -6.25],
							"rotation": [-30, 0, 0],
							"uv": {
								"north": {"uv": [40, 0], "uv_size": [24, 18]},
								"east": {"uv": [40, 0], "uv_size": [24, 18]},
								"south": {"uv": [40, 0], "uv_size": [24, 18]},
								"west": {"uv": [40, 0], "uv_size": [24, 18]},
								"up": {"uv": [64, 18], "uv_size": [-24, -18]},
								"down": {"uv": [64, 18], "uv_size": [-24, -18]}
							}
						},
						{
							"origin": [-7.75, 6, -5.75],
							"size": [1, 11, 1],
							"pivot": [6.25, 11, -6.25],
							"rotation": [-30, 0, 0],
							"uv": {
								"north": {"uv": [40, 58], "uv_size": [24, 6]},
								"east": {"uv": [40, 58], "uv_size": [24, 6]},
								"south": {"uv": [40, 58], "uv_size": [24, 6]},
								"west": {"uv": [40, 58], "uv_size": [24, 6]},
								"up": {"uv": [64, 64], "uv_size": [-24, -6]},
								"down": {"uv": [64, 64], "uv_size": [-24, -6]}
							}
						},
						{
							"origin": [6.75, 6, -5.75],
							"size": [1, 11, 1],
							"pivot": [6.25, 11, -6.25],
							"rotation": [-30, 0, 0],
							"uv": {
								"north": {"uv": [40, 58], "uv_size": [24, 6]},
								"east": {"uv": [40, 58], "uv_size": [24, 6]},
								"south": {"uv": [40, 58], "uv_size": [24, 6]},
								"west": {"uv": [40, 58], "uv_size": [24, 6]},
								"up": {"uv": [64, 64], "uv_size": [-24, -6]},
								"down": {"uv": [64, 64], "uv_size": [-24, -6]}
							}
						},
						{
							"origin": [7, 7, -4.75],
							"size": [0.5, 7, 5],
							"pivot": [6.25, 11, -6.25],
							"rotation": [-30, 0, 0],
							"uv": {
								"north": {"uv": [40, 0], "uv_size": [24, 18]},
								"east": {"uv": [40, 0], "uv_size": [24, 18]},
								"south": {"uv": [40, 0], "uv_size": [24, 18]},
								"west": {"uv": [40, 0], "uv_size": [24, 18]},
								"up": {"uv": [64, 18], "uv_size": [-24, -18]},
								"down": {"uv": [64, 18], "uv_size": [-24, -18]}
							}
						},
						{
							"origin": [-7.25, 7, -4.75],
							"size": [0.5, 7, 5],
							"pivot": [6.25, 11, -6.25],
							"rotation": [-30, 0, 0],
							"uv": {
								"north": {"uv": [40, 0], "uv_size": [24, 18]},
								"east": {"uv": [40, 0], "uv_size": [24, 18]},
								"south": {"uv": [40, 0], "uv_size": [24, 18]},
								"west": {"uv": [40, 0], "uv_size": [24, 18]},
								"up": {"uv": [64, 18], "uv_size": [-24, -18]},
								"down": {"uv": [64, 18], "uv_size": [-24, -18]}
							}
						},
						{
							"origin": [-6, 7, -6.75],
							"size": [12, 1, 1],
							"pivot": [6.25, 11, -6.25],
							"rotation": [-30, 0, 0],
							"uv": {
								"north": {"uv": [40, 58], "uv_size": [24, 6]},
								"east": {"uv": [40, 58], "uv_size": [24, 6]},
								"south": {"uv": [40, 58], "uv_size": [24, 6]},
								"west": {"uv": [40, 58], "uv_size": [24, 6]},
								"up": {"uv": [64, 64], "uv_size": [-24, -6]},
								"down": {"uv": [64, 64], "uv_size": [-24, -6]}
							}
						},
						{
							"origin": [-5.75, 8, -6.75],
							"size": [11.5, 4, 1],
							"pivot": [6.25, 11, -6.25],
							"rotation": [-30, 0, 0],
							"uv": {
								"north": {"uv": [40, 0], "uv_size": [24, 18]},
								"east": {"uv": [40, 0], "uv_size": [24, 18]},
								"south": {"uv": [40, 0], "uv_size": [24, 18]},
								"west": {"uv": [40, 0], "uv_size": [24, 18]},
								"up": {"uv": [64, 18], "uv_size": [-24, -18]},
								"down": {"uv": [64, 18], "uv_size": [-24, -18]}
							}
						},
						{
							"origin": [-5.75, 12, -6.75],
							"size": [11.5, 3, 1],
							"pivot": [6.25, 11, -6.25],
							"rotation": [-30, 0, 0],
							"uv": {
								"north": {"uv": [0, 0], "uv_size": [39, 18]},
								"east": {"uv": [40, 58], "uv_size": [24, 6]},
								"south": {"uv": [40, 58], "uv_size": [24, 6]},
								"west": {"uv": [40, 58], "uv_size": [24, 6]},
								"up": {"uv": [64, 64], "uv_size": [-24, -6]},
								"down": {"uv": [64, 64], "uv_size": [-24, -6]}
							}
						},
						{
							"origin": [-5.75, 15, -6.75],
							"size": [11.5, 2, 1],
							"pivot": [6.25, 11, -6.25],
							"rotation": [-30, 0, 0],
							"uv": {
								"north": {"uv": [40, 58], "uv_size": [24, 6]},
								"east": {"uv": [40, 58], "uv_size": [24, 6]},
								"south": {"uv": [40, 58], "uv_size": [24, 6]},
								"west": {"uv": [40, 58], "uv_size": [24, 6]},
								"up": {"uv": [64, 64], "uv_size": [-24, -6]},
								"down": {"uv": [64, 64], "uv_size": [-24, -6]}
							}
						},
						{
							"origin": [-4.75, 5, -15],
							"size": [1.5, 0.5, 1],
							"uv": {
								"north": {"uv": [40, 20], "uv_size": [24, 18]},
								"east": {"uv": [40, 20], "uv_size": [24, 18]},
								"south": {"uv": [40, 20], "uv_size": [24, 18]},
								"west": {"uv": [40, 20], "uv_size": [24, 18]},
								"up": {"uv": [64, 38], "uv_size": [-24, -18]},
								"down": {"uv": [64, 38], "uv_size": [-24, -18]}
							}
						},
						{
							"origin": [-2.75, 5, -15],
							"size": [5.5, 0.5, 1],
							"uv": {
								"north": {"uv": [40, 20], "uv_size": [24, 18]},
								"east": {"uv": [40, 20], "uv_size": [24, 18]},
								"south": {"uv": [40, 20], "uv_size": [24, 18]},
								"west": {"uv": [40, 20], "uv_size": [24, 18]},
								"up": {"uv": [64, 38], "uv_size": [-24, -18]},
								"down": {"uv": [64, 38], "uv_size": [-24, -18]}
							}
						},
						{
							"origin": [-2.75, 4, -15],
							"size": [5.5, 0.5, 1],
							"uv": {
								"north": {"uv": [40, 20], "uv_size": [24, 18]},
								"east": {"uv": [40, 20], "uv_size": [24, 18]},
								"south": {"uv": [40, 20], "uv_size": [24, 18]},
								"west": {"uv": [40, 20], "uv_size": [24, 18]},
								"up": {"uv": [64, 38], "uv_size": [-24, -18]},
								"down": {"uv": [64, 38], "uv_size": [-24, -18]}
							}
						},
						{
							"origin": [-2.75, 3, -15],
							"size": [5.5, 0.5, 1],
							"uv": {
								"north": {"uv": [40, 20], "uv_size": [24, 18]},
								"east": {"uv": [40, 20], "uv_size": [24, 18]},
								"south": {"uv": [40, 20], "uv_size": [24, 18]},
								"west": {"uv": [40, 20], "uv_size": [24, 18]},
								"up": {"uv": [64, 38], "uv_size": [-24, -18]},
								"down": {"uv": [64, 38], "uv_size": [-24, -18]}
							}
						},
						{
							"origin": [-2.75, 2, -15],
							"size": [5.5, 0.5, 1],
							"uv": {
								"north": {"uv": [40, 20], "uv_size": [24, 18]},
								"east": {"uv": [40, 20], "uv_size": [24, 18]},
								"south": {"uv": [40, 20], "uv_size": [24, 18]},
								"west": {"uv": [40, 20], "uv_size": [24, 18]},
								"up": {"uv": [64, 38], "uv_size": [-24, -18]},
								"down": {"uv": [64, 38], "uv_size": [-24, -18]}
							}
						},
						{
							"origin": [3.25, 5, -15],
							"size": [1.5, 0.5, 1],
							"uv": {
								"north": {"uv": [40, 20], "uv_size": [24, 18]},
								"east": {"uv": [40, 20], "uv_size": [24, 18]},
								"south": {"uv": [40, 20], "uv_size": [24, 18]},
								"west": {"uv": [40, 20], "uv_size": [24, 18]},
								"up": {"uv": [64, 38], "uv_size": [-24, -18]},
								"down": {"uv": [64, 38], "uv_size": [-24, -18]}
							}
						},
						{
							"origin": [3.25, 4, -15],
							"size": [1.5, 0.5, 1],
							"uv": {
								"north": {"uv": [40, 20], "uv_size": [24, 18]},
								"east": {"uv": [40, 20], "uv_size": [24, 18]},
								"south": {"uv": [40, 20], "uv_size": [24, 18]},
								"west": {"uv": [40, 20], "uv_size": [24, 18]},
								"up": {"uv": [64, 38], "uv_size": [-24, -18]},
								"down": {"uv": [64, 38], "uv_size": [-24, -18]}
							}
						},
						{
							"origin": [3.25, 3, -15],
							"size": [1.5, 0.5, 1],
							"uv": {
								"north": {"uv": [40, 20], "uv_size": [24, 18]},
								"east": {"uv": [40, 20], "uv_size": [24, 18]},
								"south": {"uv": [40, 20], "uv_size": [24, 18]},
								"west": {"uv": [40, 20], "uv_size": [24, 18]},
								"up": {"uv": [64, 38], "uv_size": [-24, -18]},
								"down": {"uv": [64, 38], "uv_size": [-24, -18]}
							}
						},
						{
							"origin": [3.25, 2, -15],
							"size": [1.5, 0.5, 1],
							"uv": {
								"north": {"uv": [40, 20], "uv_size": [24, 18]},
								"east": {"uv": [40, 20], "uv_size": [24, 18]},
								"south": {"uv": [40, 20], "uv_size": [24, 18]},
								"west": {"uv": [40, 20], "uv_size": [24, 18]},
								"up": {"uv": [64, 38], "uv_size": [-24, -18]},
								"down": {"uv": [64, 38], "uv_size": [-24, -18]}
							}
						},
						{
							"origin": [-4.75, 4, -15],
							"size": [1.5, 0.5, 1],
							"uv": {
								"north": {"uv": [40, 20], "uv_size": [24, 18]},
								"east": {"uv": [40, 20], "uv_size": [24, 18]},
								"south": {"uv": [40, 20], "uv_size": [24, 18]},
								"west": {"uv": [40, 20], "uv_size": [24, 18]},
								"up": {"uv": [64, 38], "uv_size": [-24, -18]},
								"down": {"uv": [64, 38], "uv_size": [-24, -18]}
							}
						},
						{
							"origin": [-4.75, 3, -15],
							"size": [1.5, 0.5, 1],
							"uv": {
								"north": {"uv": [40, 20], "uv_size": [24, 18]},
								"east": {"uv": [40, 20], "uv_size": [24, 18]},
								"south": {"uv": [40, 20], "uv_size": [24, 18]},
								"west": {"uv": [40, 20], "uv_size": [24, 18]},
								"up": {"uv": [64, 38], "uv_size": [-24, -18]},
								"down": {"uv": [64, 38], "uv_size": [-24, -18]}
							}
						},
						{
							"origin": [-4.75, 2, -15],
							"size": [1.5, 0.5, 1],
							"uv": {
								"north": {"uv": [40, 20], "uv_size": [24, 18]},
								"east": {"uv": [40, 20], "uv_size": [24, 18]},
								"south": {"uv": [40, 20], "uv_size": [24, 18]},
								"west": {"uv": [40, 20], "uv_size": [24, 18]},
								"up": {"uv": [64, 38], "uv_size": [-24, -18]},
								"down": {"uv": [64, 38], "uv_size": [-24, -18]}
							}
						},
						{
							"origin": [-8.75, 1, -9],
							"size": [2, 4, 1],
							"uv": {
								"north": {"uv": [40, 40], "uv_size": [24, 18]},
								"east": {"uv": [40, 40], "uv_size": [24, 18]},
								"south": {"uv": [40, 40], "uv_size": [24, 18]},
								"west": {"uv": [40, 40], "uv_size": [24, 18]},
								"up": {"uv": [64, 58], "uv_size": [-24, -18]},
								"down": {"uv": [64, 58], "uv_size": [-24, -18]}
							}
						},
						{
							"origin": [-8.75, 1, 8],
							"size": [2, 4, 1],
							"uv": {
								"north": {"uv": [40, 40], "uv_size": [24, 18]},
								"east": {"uv": [40, 40], "uv_size": [24, 18]},
								"south": {"uv": [40, 40], "uv_size": [24, 18]},
								"west": {"uv": [40, 40], "uv_size": [24, 18]},
								"up": {"uv": [64, 58], "uv_size": [-24, -18]},
								"down": {"uv": [64, 58], "uv_size": [-24, -18]}
							}
						},
						{
							"origin": [6.75, 1, 8],
							"size": [2, 4, 1],
							"uv": {
								"north": {"uv": [40, 40], "uv_size": [24, 18]},
								"east": {"uv": [40, 40], "uv_size": [24, 18]},
								"south": {"uv": [40, 40], "uv_size": [24, 18]},
								"west": {"uv": [40, 40], "uv_size": [24, 18]},
								"up": {"uv": [64, 58], "uv_size": [-24, -18]},
								"down": {"uv": [64, 58], "uv_size": [-24, -18]}
							}
						},
						{
							"origin": [-8.75, 2, 8],
							"size": [2, 2, 1],
							"pivot": [-7.75, 2.5, 11.5],
							"rotation": [-25, 0, 0],
							"uv": {
								"north": {"uv": [40, 40], "uv_size": [24, 18]},
								"east": {"uv": [40, 40], "uv_size": [24, 18]},
								"south": {"uv": [40, 40], "uv_size": [24, 18]},
								"west": {"uv": [40, 40], "uv_size": [24, 18]},
								"up": {"uv": [64, 58], "uv_size": [-24, -18]},
								"down": {"uv": [64, 58], "uv_size": [-24, -18]}
							}
						},
						{
							"origin": [6.75, 2, 8],
							"size": [2, 2, 1],
							"pivot": [-7.75, 2.5, 11.5],
							"rotation": [-25, 0, 0],
							"uv": {
								"north": {"uv": [40, 40], "uv_size": [24, 18]},
								"east": {"uv": [40, 40], "uv_size": [24, 18]},
								"south": {"uv": [40, 40], "uv_size": [24, 18]},
								"west": {"uv": [40, 40], "uv_size": [24, 18]},
								"up": {"uv": [64, 58], "uv_size": [-24, -18]},
								"down": {"uv": [64, 58], "uv_size": [-24, -18]}
							}
						},
						{
							"origin": [-8.75, 1, 14],
							"size": [2, 4, 1],
							"uv": {
								"north": {"uv": [40, 40], "uv_size": [24, 18]},
								"east": {"uv": [40, 40], "uv_size": [24, 18]},
								"south": {"uv": [40, 40], "uv_size": [24, 18]},
								"west": {"uv": [40, 40], "uv_size": [24, 18]},
								"up": {"uv": [64, 58], "uv_size": [-24, -18]},
								"down": {"uv": [64, 58], "uv_size": [-24, -18]}
							}
						},
						{
							"origin": [6.75, 1, 14],
							"size": [2, 4, 1],
							"uv": {
								"north": {"uv": [40, 40], "uv_size": [24, 18]},
								"east": {"uv": [40, 40], "uv_size": [24, 18]},
								"south": {"uv": [40, 40], "uv_size": [24, 18]},
								"west": {"uv": [40, 40], "uv_size": [24, 18]},
								"up": {"uv": [64, 58], "uv_size": [-24, -18]},
								"down": {"uv": [64, 58], "uv_size": [-24, -18]}
							}
						},
						{
							"origin": [-8.75, 2, 14],
							"size": [2, 2, 1],
							"pivot": [-7.75, 2.5, 11.5],
							"rotation": [25, 0, 0],
							"uv": {
								"north": {"uv": [40, 40], "uv_size": [24, 18]},
								"east": {"uv": [40, 40], "uv_size": [24, 18]},
								"south": {"uv": [40, 40], "uv_size": [24, 18]},
								"west": {"uv": [40, 40], "uv_size": [24, 18]},
								"up": {"uv": [64, 58], "uv_size": [-24, -18]},
								"down": {"uv": [64, 58], "uv_size": [-24, -18]}
							}
						},
						{
							"origin": [6.75, 2, 14],
							"size": [2, 2, 1],
							"pivot": [-7.75, 2.5, 11.5],
							"rotation": [25, 0, 0],
							"uv": {
								"north": {"uv": [40, 40], "uv_size": [24, 18]},
								"east": {"uv": [40, 40], "uv_size": [24, 18]},
								"south": {"uv": [40, 40], "uv_size": [24, 18]},
								"west": {"uv": [40, 40], "uv_size": [24, 18]},
								"up": {"uv": [64, 58], "uv_size": [-24, -18]},
								"down": {"uv": [64, 58], "uv_size": [-24, -18]}
							}
						},
						{
							"origin": [-7.75, 2, -8],
							"size": [1, 4, 7],
							"uv": {
								"north": {"uv": [40, 40], "uv_size": [24, 18]},
								"east": {"uv": [40, 40], "uv_size": [24, 18]},
								"south": {"uv": [40, 40], "uv_size": [24, 18]},
								"west": {"uv": [40, 40], "uv_size": [24, 18]},
								"up": {"uv": [64, 58], "uv_size": [-24, -18]},
								"down": {"uv": [64, 58], "uv_size": [-24, -18]}
							}
						},
						{
							"origin": [-7.75, 2, -1],
							"size": [1, 3, 9],
							"uv": {
								"north": {"uv": [40, 40], "uv_size": [24, 18]},
								"east": {"uv": [40, 40], "uv_size": [24, 18]},
								"south": {"uv": [40, 40], "uv_size": [24, 18]},
								"west": {"uv": [40, 40], "uv_size": [24, 18]},
								"up": {"uv": [64, 58], "uv_size": [-24, -18]},
								"down": {"uv": [64, 58], "uv_size": [-24, -18]}
							}
						},
						{
							"origin": [-6.75, 5, -1],
							"size": [-1, 4, 9],
							"uv": {
								"north": {"uv": [40, 58], "uv_size": [24, 6]},
								"east": {"uv": [40, 58], "uv_size": [24, 6]},
								"south": {"uv": [40, 58], "uv_size": [24, 6]},
								"west": {"uv": [40, 58], "uv_size": [24, 6]},
								"up": {"uv": [64, 64], "uv_size": [-24, -6]},
								"down": {"uv": [64, 64], "uv_size": [-24, -6]}
							}
						},
						{
							"origin": [6.75, 9, -1],
							"size": [1, 5, 16],
							"uv": {
								"north": {"uv": [40, 58], "uv_size": [24, 6]},
								"east": {"uv": [40, 58], "uv_size": [24, 6]},
								"south": {"uv": [40, 58], "uv_size": [24, 6]},
								"west": {"uv": [40, 58], "uv_size": [24, 6]},
								"up": {"uv": [64, 64], "uv_size": [-24, -6]},
								"down": {"uv": [64, 64], "uv_size": [-24, -6]}
							}
						},
						{
							"origin": [5.75, 2, 14],
							"size": [1, 14, 1],
							"uv": {
								"north": {"uv": [40, 58], "uv_size": [24, 6]},
								"east": {"uv": [40, 58], "uv_size": [24, 6]},
								"south": {"uv": [40, 58], "uv_size": [24, 6]},
								"west": {"uv": [40, 58], "uv_size": [24, 6]},
								"up": {"uv": [64, 64], "uv_size": [-24, -6]},
								"down": {"uv": [64, 64], "uv_size": [-24, -6]}
							}
						},
						{
							"origin": [-5.75, 2, 14],
							"size": [11.5, 1, 1],
							"uv": {
								"north": {"uv": [40, 58], "uv_size": [24, 6]},
								"east": {"uv": [40, 58], "uv_size": [24, 6]},
								"south": {"uv": [40, 58], "uv_size": [24, 6]},
								"west": {"uv": [40, 58], "uv_size": [24, 6]},
								"up": {"uv": [64, 64], "uv_size": [-24, -6]},
								"down": {"uv": [64, 64], "uv_size": [-24, -6]}
							}
						},
						{
							"origin": [-6.75, 2, 14],
							"size": [1, 14, 1],
							"uv": {
								"north": {"uv": [40, 58], "uv_size": [24, 6]},
								"east": {"uv": [40, 58], "uv_size": [24, 6]},
								"south": {"uv": [40, 58], "uv_size": [24, 6]},
								"west": {"uv": [40, 58], "uv_size": [24, 6]},
								"up": {"uv": [64, 64], "uv_size": [-24, -6]},
								"down": {"uv": [64, 64], "uv_size": [-24, -6]}
							}
						},
						{
							"origin": [-7.75, 9, -1],
							"size": [1, 5, 4],
							"uv": {
								"north": {"uv": [40, 58], "uv_size": [24, 6]},
								"east": {"uv": [40, 58], "uv_size": [24, 6]},
								"south": {"uv": [40, 58], "uv_size": [24, 6]},
								"west": {"uv": [40, 58], "uv_size": [24, 6]},
								"up": {"uv": [64, 64], "uv_size": [-24, -6]},
								"down": {"uv": [64, 64], "uv_size": [-24, -6]}
							}
						},
						{
							"origin": [-7.75, 12, -4],
							"size": [1, 2, 3],
							"uv": {
								"north": {"uv": [40, 58], "uv_size": [24, 6]},
								"east": {"uv": [40, 58], "uv_size": [24, 6]},
								"south": {"uv": [40, 58], "uv_size": [24, 6]},
								"west": {"uv": [40, 58], "uv_size": [24, 6]},
								"up": {"uv": [64, 64], "uv_size": [-24, -6]},
								"down": {"uv": [64, 64], "uv_size": [-24, -6]}
							}
						},
						{
							"origin": [6.75, 12, -4],
							"size": [1, 2, 3],
							"uv": {
								"north": {"uv": [40, 58], "uv_size": [24, 6]},
								"east": {"uv": [40, 58], "uv_size": [24, 6]},
								"south": {"uv": [40, 58], "uv_size": [24, 6]},
								"west": {"uv": [40, 58], "uv_size": [24, 6]},
								"up": {"uv": [64, 64], "uv_size": [-24, -6]},
								"down": {"uv": [64, 64], "uv_size": [-24, -6]}
							}
						},
						{
							"origin": [-7.75, 8, 8],
							"size": [1, 1, 7],
							"uv": {
								"north": {"uv": [40, 58], "uv_size": [24, 6]},
								"east": {"uv": [40, 58], "uv_size": [24, 6]},
								"south": {"uv": [40, 58], "uv_size": [24, 6]},
								"west": {"uv": [40, 58], "uv_size": [24, 6]},
								"up": {"uv": [64, 64], "uv_size": [-24, -6]},
								"down": {"uv": [64, 64], "uv_size": [-24, -6]}
							}
						},
						{
							"origin": [-7.75, 9, 12],
							"size": [1, 5, 3],
							"uv": {
								"north": {"uv": [40, 58], "uv_size": [24, 6]},
								"east": {"uv": [40, 58], "uv_size": [24, 6]},
								"south": {"uv": [40, 58], "uv_size": [24, 6]},
								"west": {"uv": [40, 58], "uv_size": [24, 6]},
								"up": {"uv": [64, 64], "uv_size": [-24, -6]},
								"down": {"uv": [64, 64], "uv_size": [-24, -6]}
							}
						},
						{
							"origin": [-7.75, 14, -3],
							"size": [1, 1.75, 18],
							"uv": {
								"north": {"uv": [40, 58], "uv_size": [24, 6]},
								"east": {"uv": [40, 58], "uv_size": [24, 6]},
								"south": {"uv": [40, 58], "uv_size": [24, 6]},
								"west": {"uv": [40, 58], "uv_size": [24, 6]},
								"up": {"uv": [64, 64], "uv_size": [-24, -6]},
								"down": {"uv": [64, 64], "uv_size": [-24, -6]}
							}
						},
						{
							"origin": [6.75, 14, -3],
							"size": [1, 1.75, 18],
							"uv": {
								"north": {"uv": [40, 58], "uv_size": [24, 6]},
								"east": {"uv": [40, 58], "uv_size": [24, 6]},
								"south": {"uv": [40, 58], "uv_size": [24, 6]},
								"west": {"uv": [40, 58], "uv_size": [24, 6]},
								"up": {"uv": [64, 64], "uv_size": [-24, -6]},
								"down": {"uv": [64, 64], "uv_size": [-24, -6]}
							}
						},
						{
							"origin": [-7.75, 9, 3],
							"size": [1, 5, 9],
							"uv": {
								"north": {"uv": [40, 0], "uv_size": [24, 18]},
								"east": {"uv": [40, 0], "uv_size": [24, 18]},
								"south": {"uv": [40, 0], "uv_size": [24, 18]},
								"west": {"uv": [40, 0], "uv_size": [24, 18]},
								"up": {"uv": [64, 18], "uv_size": [-24, -18]},
								"down": {"uv": [64, 18], "uv_size": [-24, -18]}
							}
						},
						{
							"origin": [-7.75, 6, -2],
							"size": [1, 6, 1],
							"uv": {
								"north": {"uv": [40, 58], "uv_size": [24, 6]},
								"east": {"uv": [40, 58], "uv_size": [24, 6]},
								"south": {"uv": [40, 58], "uv_size": [24, 6]},
								"west": {"uv": [40, 58], "uv_size": [24, 6]},
								"up": {"uv": [64, 64], "uv_size": [-24, -6]},
								"down": {"uv": [64, 64], "uv_size": [-24, -6]}
							}
						},
						{
							"origin": [6.75, 6, -2],
							"size": [1, 6, 1],
							"uv": {
								"north": {"uv": [40, 58], "uv_size": [24, 6]},
								"east": {"uv": [40, 58], "uv_size": [24, 6]},
								"south": {"uv": [40, 58], "uv_size": [24, 6]},
								"west": {"uv": [40, 58], "uv_size": [24, 6]},
								"up": {"uv": [64, 64], "uv_size": [-24, -6]},
								"down": {"uv": [64, 64], "uv_size": [-24, -6]}
							}
						},
						{
							"origin": [-7.75, 11, -5],
							"size": [1, 1, 4],
							"uv": {
								"north": {"uv": [40, 58], "uv_size": [24, 6]},
								"east": {"uv": [40, 58], "uv_size": [24, 6]},
								"south": {"uv": [40, 58], "uv_size": [24, 6]},
								"west": {"uv": [40, 58], "uv_size": [24, 6]},
								"up": {"uv": [64, 64], "uv_size": [-24, -6]},
								"down": {"uv": [64, 64], "uv_size": [-24, -6]}
							}
						},
						{
							"origin": [6.75, 11, -5],
							"size": [1, 1, 4],
							"uv": {
								"north": {"uv": [40, 58], "uv_size": [24, 6]},
								"east": {"uv": [40, 58], "uv_size": [24, 6]},
								"south": {"uv": [40, 58], "uv_size": [24, 6]},
								"west": {"uv": [40, 58], "uv_size": [24, 6]},
								"up": {"uv": [64, 64], "uv_size": [-24, -6]},
								"down": {"uv": [64, 64], "uv_size": [-24, -6]}
							}
						},
						{
							"origin": [-7.75, 7, -5],
							"size": [1, 5, 1],
							"uv": {
								"north": {"uv": [40, 58], "uv_size": [24, 6]},
								"east": {"uv": [40, 58], "uv_size": [24, 6]},
								"south": {"uv": [40, 58], "uv_size": [24, 6]},
								"west": {"uv": [40, 58], "uv_size": [24, 6]},
								"up": {"uv": [64, 64], "uv_size": [-24, -6]},
								"down": {"uv": [64, 64], "uv_size": [-24, -6]}
							}
						},
						{
							"origin": [6.75, 7, -5],
							"size": [1, 5, 1],
							"uv": {
								"north": {"uv": [40, 58], "uv_size": [24, 6]},
								"east": {"uv": [40, 58], "uv_size": [24, 6]},
								"south": {"uv": [40, 58], "uv_size": [24, 6]},
								"west": {"uv": [40, 58], "uv_size": [24, 6]},
								"up": {"uv": [64, 64], "uv_size": [-24, -6]},
								"down": {"uv": [64, 64], "uv_size": [-24, -6]}
							}
						},
						{
							"origin": [-7.75, 6, -8],
							"size": [1, 1, 7],
							"uv": {
								"north": {"uv": [40, 58], "uv_size": [24, 6]},
								"east": {"uv": [40, 58], "uv_size": [24, 6]},
								"south": {"uv": [40, 58], "uv_size": [24, 6]},
								"west": {"uv": [40, 58], "uv_size": [24, 6]},
								"up": {"uv": [64, 64], "uv_size": [-24, -6]},
								"down": {"uv": [64, 64], "uv_size": [-24, -6]}
							}
						},
						{
							"origin": [6.75, 6, -8],
							"size": [1, 1, 7],
							"uv": {
								"north": {"uv": [40, 58], "uv_size": [24, 6]},
								"east": {"uv": [40, 58], "uv_size": [24, 6]},
								"south": {"uv": [40, 58], "uv_size": [24, 6]},
								"west": {"uv": [40, 58], "uv_size": [24, 6]},
								"up": {"uv": [64, 64], "uv_size": [-24, -6]},
								"down": {"uv": [64, 64], "uv_size": [-24, -6]}
							}
						}
					]
				},
				{
					"name": "head",
					"parent": "body",
					"pivot": [0, 24, 0],
					"cubes": [
						{
							"origin": [-4, 4, -4],
							"size": [8, 8, 8],
							"uv": {
								"north": {"uv": [8, 8], "uv_size": [8, 8]},
								"east": {"uv": [0, 8], "uv_size": [8, 8]},
								"south": {"uv": [24, 8], "uv_size": [8, 8]},
								"west": {"uv": [16, 8], "uv_size": [8, 8]},
								"up": {"uv": [8, 0], "uv_size": [8, 8]},
								"down": {"uv": [16, 8], "uv_size": [8, -8]}
							}
						}
					]
				},
				{
					"name": "hat",
					"parent": "head",
					"pivot": [0, 24, 0]
				},
				{
					"name": "cape",
					"parent": "body",
					"pivot": [0, 24, 3]
				},
				{
					"name": "leftArm",
					"parent": "body",
					"pivot": [5, 22, 0],
					"cubes": [
						{
							"origin": [6, 0, -12],
							"size": [2, 4, 1],
							"uv": {
								"north": {"uv": [5, 20], "uv_size": [24, 18]},
								"east": {"uv": [5, 20], "uv_size": [24, 18]},
								"south": {"uv": [5, 20], "uv_size": [24, 18]},
								"west": {"uv": [5, 20], "uv_size": [24, 18]},
								"up": {"uv": [29, 38], "uv_size": [-24, -18]},
								"down": {"uv": [29, 38], "uv_size": [-24, -18]}
							}
						},
						{
							"origin": [5.75, 0.5, -12],
							"size": [2.5, 3, 1],
							"uv": {
								"north": {"uv": [40, 0], "uv_size": [24, 18]},
								"east": {"uv": [40, 0], "uv_size": [24, 18]},
								"south": {"uv": [40, 0], "uv_size": [24, 18]},
								"west": {"uv": [40, 0], "uv_size": [24, 18]},
								"up": {"uv": [64, 18], "uv_size": [-24, -18]},
								"down": {"uv": [64, 18], "uv_size": [-24, -18]}
							}
						},
						{
							"origin": [5.75, 0.5, -12],
							"size": [2.5, 3, 1],
							"pivot": [0, 2, -11.5],
							"rotation": [52.5, 0, 0],
							"uv": {
								"north": {"uv": [40, 0], "uv_size": [24, 18]},
								"east": {"uv": [40, 0], "uv_size": [24, 18]},
								"south": {"uv": [40, 0], "uv_size": [24, 18]},
								"west": {"uv": [40, 0], "uv_size": [24, 18]},
								"up": {"uv": [64, 18], "uv_size": [-24, -18]},
								"down": {"uv": [64, 18], "uv_size": [-24, -18]}
							}
						},
						{
							"origin": [5.75, 0.5, -12],
							"size": [2.5, 3, 1],
							"pivot": [0, 2, -11.5],
							"rotation": [-52.5, 0, 0],
							"uv": {
								"north": {"uv": [40, 0], "uv_size": [24, 18]},
								"east": {"uv": [40, 0], "uv_size": [24, 18]},
								"south": {"uv": [40, 0], "uv_size": [24, 18]},
								"west": {"uv": [40, 0], "uv_size": [24, 18]},
								"up": {"uv": [64, 18], "uv_size": [-24, -18]},
								"down": {"uv": [64, 18], "uv_size": [-24, -18]}
							}
						},
						{
							"origin": [5.75, 0.5, -12],
							"size": [2.5, 3, 1],
							"pivot": [0, 2, -11.5],
							"rotation": [37.5, 0, 0],
							"uv": {
								"north": {"uv": [40, 0], "uv_size": [24, 18]},
								"east": {"uv": [40, 0], "uv_size": [24, 18]},
								"south": {"uv": [40, 0], "uv_size": [24, 18]},
								"west": {"uv": [40, 0], "uv_size": [24, 18]},
								"up": {"uv": [64, 18], "uv_size": [-24, -18]},
								"down": {"uv": [64, 18], "uv_size": [-24, -18]}
							}
						},
						{
							"origin": [5.75, 0.5, -12],
							"size": [2.5, 3, 1],
							"pivot": [0, 2, -11.5],
							"rotation": [-37.5, 0, 0],
							"uv": {
								"north": {"uv": [40, 0], "uv_size": [24, 18]},
								"east": {"uv": [40, 0], "uv_size": [24, 18]},
								"south": {"uv": [40, 0], "uv_size": [24, 18]},
								"west": {"uv": [40, 0], "uv_size": [24, 18]},
								"up": {"uv": [64, 18], "uv_size": [-24, -18]},
								"down": {"uv": [64, 18], "uv_size": [-24, -18]}
							}
						},
						{
							"origin": [5.75, 0.5, -12],
							"size": [2.5, 3, 1],
							"pivot": [0, 2, -11.5],
							"rotation": [90, 0, 0],
							"uv": {
								"north": {"uv": [40, 0], "uv_size": [24, 18]},
								"east": {"uv": [40, 0], "uv_size": [24, 18]},
								"south": {"uv": [40, 0], "uv_size": [24, 18]},
								"west": {"uv": [40, 0], "uv_size": [24, 18]},
								"up": {"uv": [64, 18], "uv_size": [-24, -18]},
								"down": {"uv": [64, 18], "uv_size": [-24, -18]}
							}
						},
						{
							"origin": [6, 0, -12],
							"size": [2, 4, 1],
							"pivot": [0, 2, -11.5],
							"rotation": [27.5, 0, 0],
							"uv": {
								"north": {"uv": [5, 20], "uv_size": [24, 18]},
								"east": {"uv": [5, 20], "uv_size": [24, 18]},
								"south": {"uv": [5, 20], "uv_size": [24, 18]},
								"west": {"uv": [5, 20], "uv_size": [24, 18]},
								"up": {"uv": [29, 38], "uv_size": [-24, -18]},
								"down": {"uv": [29, 38], "uv_size": [-24, -18]}
							}
						},
						{
							"origin": [6, 0, -12],
							"size": [2, 4, 1],
							"pivot": [0, 2, -11.5],
							"rotation": [45, 0, 0],
							"uv": {
								"north": {"uv": [5, 20], "uv_size": [24, 18]},
								"east": {"uv": [5, 20], "uv_size": [24, 18]},
								"south": {"uv": [5, 20], "uv_size": [24, 18]},
								"west": {"uv": [5, 20], "uv_size": [24, 18]},
								"up": {"uv": [29, 38], "uv_size": [-24, -18]},
								"down": {"uv": [29, 38], "uv_size": [-24, -18]}
							}
						},
						{
							"origin": [6, 0, -12],
							"size": [2, 4, 1],
							"pivot": [0, 2, -11.5],
							"rotation": [62.5, 0, 0],
							"uv": {
								"north": {"uv": [5, 20], "uv_size": [24, 18]},
								"east": {"uv": [5, 20], "uv_size": [24, 18]},
								"south": {"uv": [5, 20], "uv_size": [24, 18]},
								"west": {"uv": [5, 20], "uv_size": [24, 18]},
								"up": {"uv": [29, 38], "uv_size": [-24, -18]},
								"down": {"uv": [29, 38], "uv_size": [-24, -18]}
							}
						},
						{
							"origin": [6, 0, -12],
							"size": [2, 4, 1],
							"pivot": [0, 2, -11.5],
							"rotation": [90, 0, 0],
							"uv": {
								"north": {"uv": [5, 20], "uv_size": [24, 18]},
								"east": {"uv": [5, 20], "uv_size": [24, 18]},
								"south": {"uv": [5, 20], "uv_size": [24, 18]},
								"west": {"uv": [5, 20], "uv_size": [24, 18]},
								"up": {"uv": [29, 38], "uv_size": [-24, -18]},
								"down": {"uv": [29, 38], "uv_size": [-24, -18]}
							}
						},
						{
							"origin": [6, 0, -12],
							"size": [2, 4, 1],
							"pivot": [0, 2, -11.5],
							"rotation": [-55, 0, 0],
							"uv": {
								"north": {"uv": [5, 20], "uv_size": [24, 18]},
								"east": {"uv": [5, 20], "uv_size": [24, 18]},
								"south": {"uv": [5, 20], "uv_size": [24, 18]},
								"west": {"uv": [5, 20], "uv_size": [24, 18]},
								"up": {"uv": [29, 38], "uv_size": [-24, -18]},
								"down": {"uv": [29, 38], "uv_size": [-24, -18]}
							}
						},
						{
							"origin": [6, 0, -12],
							"size": [2, 4, 1],
							"pivot": [0, 2, -11.5],
							"rotation": [-72.5, 0, 0],
							"uv": {
								"north": {"uv": [5, 20], "uv_size": [24, 18]},
								"east": {"uv": [5, 20], "uv_size": [24, 18]},
								"south": {"uv": [5, 20], "uv_size": [24, 18]},
								"west": {"uv": [5, 20], "uv_size": [24, 18]},
								"up": {"uv": [29, 38], "uv_size": [-24, -18]},
								"down": {"uv": [29, 38], "uv_size": [-24, -18]}
							}
						},
						{
							"origin": [6, 0, -12],
							"size": [2, 4, 1],
							"pivot": [0, 2, -11.5],
							"rotation": [-27.5, 0, 0],
							"uv": {
								"north": {"uv": [5, 20], "uv_size": [24, 18]},
								"east": {"uv": [5, 20], "uv_size": [24, 18]},
								"south": {"uv": [5, 20], "uv_size": [24, 18]},
								"west": {"uv": [5, 20], "uv_size": [24, 18]},
								"up": {"uv": [29, 38], "uv_size": [-24, -18]},
								"down": {"uv": [29, 38], "uv_size": [-24, -18]}
							}
						},
						{
							"origin": [-8, 0, -12],
							"size": [2, 4, 1],
							"uv": {
								"north": {"uv": [5, 20], "uv_size": [24, 18]},
								"east": {"uv": [5, 20], "uv_size": [24, 18]},
								"south": {"uv": [5, 20], "uv_size": [24, 18]},
								"west": {"uv": [5, 20], "uv_size": [24, 18]},
								"up": {"uv": [29, 38], "uv_size": [-24, -18]},
								"down": {"uv": [29, 38], "uv_size": [-24, -18]}
							}
						},
						{
							"origin": [-8, 0, -12],
							"size": [2, 4, 1],
							"pivot": [0, 2, -11.5],
							"rotation": [27.5, 0, 0],
							"uv": {
								"north": {"uv": [5, 20], "uv_size": [24, 18]},
								"east": {"uv": [5, 20], "uv_size": [24, 18]},
								"south": {"uv": [5, 20], "uv_size": [24, 18]},
								"west": {"uv": [5, 20], "uv_size": [24, 18]},
								"up": {"uv": [29, 38], "uv_size": [-24, -18]},
								"down": {"uv": [29, 38], "uv_size": [-24, -18]}
							}
						},
						{
							"origin": [-8, 0, -12],
							"size": [2, 4, 1],
							"pivot": [0, 2, -11.5],
							"rotation": [-27.5, 0, 0],
							"uv": {
								"north": {"uv": [5, 20], "uv_size": [24, 18]},
								"east": {"uv": [5, 20], "uv_size": [24, 18]},
								"south": {"uv": [5, 20], "uv_size": [24, 18]},
								"west": {"uv": [5, 20], "uv_size": [24, 18]},
								"up": {"uv": [29, 38], "uv_size": [-24, -18]},
								"down": {"uv": [29, 38], "uv_size": [-24, -18]}
							}
						},
						{
							"origin": [-8, 0, -12],
							"size": [2, 4, 1],
							"pivot": [0, 2, -11.5],
							"rotation": [62.5, 0, 0],
							"uv": {
								"north": {"uv": [5, 20], "uv_size": [24, 18]},
								"east": {"uv": [5, 20], "uv_size": [24, 18]},
								"south": {"uv": [5, 20], "uv_size": [24, 18]},
								"west": {"uv": [5, 20], "uv_size": [24, 18]},
								"up": {"uv": [29, 38], "uv_size": [-24, -18]},
								"down": {"uv": [29, 38], "uv_size": [-24, -18]}
							}
						},
						{
							"origin": [-8, 0, -12],
							"size": [2, 4, 1],
							"pivot": [0, 2, -11.5],
							"rotation": [-55, 0, 0],
							"uv": {
								"north": {"uv": [5, 20], "uv_size": [24, 18]},
								"east": {"uv": [5, 20], "uv_size": [24, 18]},
								"south": {"uv": [5, 20], "uv_size": [24, 18]},
								"west": {"uv": [5, 20], "uv_size": [24, 18]},
								"up": {"uv": [29, 38], "uv_size": [-24, -18]},
								"down": {"uv": [29, 38], "uv_size": [-24, -18]}
							}
						},
						{
							"origin": [-8, 0, -12],
							"size": [2, 4, 1],
							"pivot": [0, 2, -11.5],
							"rotation": [90, 0, 0],
							"uv": {
								"north": {"uv": [5, 20], "uv_size": [24, 18]},
								"east": {"uv": [5, 20], "uv_size": [24, 18]},
								"south": {"uv": [5, 20], "uv_size": [24, 18]},
								"west": {"uv": [5, 20], "uv_size": [24, 18]},
								"up": {"uv": [29, 38], "uv_size": [-24, -18]},
								"down": {"uv": [29, 38], "uv_size": [-24, -18]}
							}
						},
						{
							"origin": [-8, 0, -12],
							"size": [2, 4, 1],
							"pivot": [0, 2, -11.5],
							"rotation": [45, 0, 0],
							"uv": {
								"north": {"uv": [5, 20], "uv_size": [24, 18]},
								"east": {"uv": [5, 20], "uv_size": [24, 18]},
								"south": {"uv": [5, 20], "uv_size": [24, 18]},
								"west": {"uv": [5, 20], "uv_size": [24, 18]},
								"up": {"uv": [29, 38], "uv_size": [-24, -18]},
								"down": {"uv": [29, 38], "uv_size": [-24, -18]}
							}
						},
						{
							"origin": [-8, 0, -12],
							"size": [2, 4, 1],
							"pivot": [0, 2, -11.5],
							"rotation": [-72.5, 0, 0],
							"uv": {
								"north": {"uv": [5, 20], "uv_size": [24, 18]},
								"east": {"uv": [5, 20], "uv_size": [24, 18]},
								"south": {"uv": [5, 20], "uv_size": [24, 18]},
								"west": {"uv": [5, 20], "uv_size": [24, 18]},
								"up": {"uv": [29, 38], "uv_size": [-24, -18]},
								"down": {"uv": [29, 38], "uv_size": [-24, -18]}
							}
						},
						{
							"origin": [-8.25, 0.5, -12],
							"size": [2.5, 3, 1],
							"uv": {
								"north": {"uv": [40, 0], "uv_size": [24, 18]},
								"east": {"uv": [40, 0], "uv_size": [24, 18]},
								"south": {"uv": [40, 0], "uv_size": [24, 18]},
								"west": {"uv": [40, 0], "uv_size": [24, 18]},
								"up": {"uv": [64, 18], "uv_size": [-24, -18]},
								"down": {"uv": [64, 18], "uv_size": [-24, -18]}
							}
						},
						{
							"origin": [-8.25, 0.5, -12],
							"size": [2.5, 3, 1],
							"pivot": [0, 2, -11.5],
							"rotation": [90, 0, 0],
							"uv": {
								"north": {"uv": [40, 0], "uv_size": [24, 18]},
								"east": {"uv": [40, 0], "uv_size": [24, 18]},
								"south": {"uv": [40, 0], "uv_size": [24, 18]},
								"west": {"uv": [40, 0], "uv_size": [24, 18]},
								"up": {"uv": [64, 18], "uv_size": [-24, -18]},
								"down": {"uv": [64, 18], "uv_size": [-24, -18]}
							}
						},
						{
							"origin": [-8.25, 0.5, -12],
							"size": [2.5, 3, 1],
							"pivot": [0, 2, -11.5],
							"rotation": [37.5, 0, 0],
							"uv": {
								"north": {"uv": [40, 0], "uv_size": [24, 18]},
								"east": {"uv": [40, 0], "uv_size": [24, 18]},
								"south": {"uv": [40, 0], "uv_size": [24, 18]},
								"west": {"uv": [40, 0], "uv_size": [24, 18]},
								"up": {"uv": [64, 18], "uv_size": [-24, -18]},
								"down": {"uv": [64, 18], "uv_size": [-24, -18]}
							}
						},
						{
							"origin": [-8.25, 0.5, -12],
							"size": [2.5, 3, 1],
							"pivot": [0, 2, -11.5],
							"rotation": [-37.5, 0, 0],
							"uv": {
								"north": {"uv": [40, 0], "uv_size": [24, 18]},
								"east": {"uv": [40, 0], "uv_size": [24, 18]},
								"south": {"uv": [40, 0], "uv_size": [24, 18]},
								"west": {"uv": [40, 0], "uv_size": [24, 18]},
								"up": {"uv": [64, 18], "uv_size": [-24, -18]},
								"down": {"uv": [64, 18], "uv_size": [-24, -18]}
							}
						},
						{
							"origin": [-8.25, 0.5, -12],
							"size": [2.5, 3, 1],
							"pivot": [0, 2, -11.5],
							"rotation": [52.5, 0, 0],
							"uv": {
								"north": {"uv": [40, 0], "uv_size": [24, 18]},
								"east": {"uv": [40, 0], "uv_size": [24, 18]},
								"south": {"uv": [40, 0], "uv_size": [24, 18]},
								"west": {"uv": [40, 0], "uv_size": [24, 18]},
								"up": {"uv": [64, 18], "uv_size": [-24, -18]},
								"down": {"uv": [64, 18], "uv_size": [-24, -18]}
							}
						},
						{
							"origin": [-8.25, 0.5, -12],
							"size": [2.5, 3, 1],
							"pivot": [0, 2, -11.5],
							"rotation": [-52.5, 0, 0],
							"uv": {
								"north": {"uv": [40, 0], "uv_size": [24, 18]},
								"east": {"uv": [40, 0], "uv_size": [24, 18]},
								"south": {"uv": [40, 0], "uv_size": [24, 18]},
								"west": {"uv": [40, 0], "uv_size": [24, 18]},
								"up": {"uv": [64, 18], "uv_size": [-24, -18]},
								"down": {"uv": [64, 18], "uv_size": [-24, -18]}
							}
						}
					]
				},
				{
					"name": "leftSleeve",
					"parent": "leftArm",
					"pivot": [5, 22, 0]
				},
				{
					"name": "leftItem",
					"parent": "leftArm",
					"pivot": [6, 15, 1]
				},
				{
					"name": "rightArm",
					"parent": "body",
					"pivot": [-5, 22, 0],
					"cubes": [
						{
							"origin": [6, 0, 11],
							"size": [2, 4, 1],
							"uv": {
								"north": {"uv": [5, 20], "uv_size": [24, 18]},
								"east": {"uv": [5, 20], "uv_size": [24, 18]},
								"south": {"uv": [5, 20], "uv_size": [24, 18]},
								"west": {"uv": [5, 20], "uv_size": [24, 18]},
								"up": {"uv": [29, 38], "uv_size": [-24, -18]},
								"down": {"uv": [29, 38], "uv_size": [-24, -18]}
							}
						},
						{
							"origin": [5.75, 0.5, 11],
							"size": [2.5, 3, 1],
							"uv": {
								"north": {"uv": [40, 0], "uv_size": [24, 18]},
								"east": {"uv": [40, 0], "uv_size": [24, 18]},
								"south": {"uv": [40, 0], "uv_size": [24, 18]},
								"west": {"uv": [40, 0], "uv_size": [24, 18]},
								"up": {"uv": [64, 18], "uv_size": [-24, -18]},
								"down": {"uv": [64, 18], "uv_size": [-24, -18]}
							}
						},
						{
							"origin": [5.75, 0.5, 11],
							"size": [2.5, 3, 1],
							"pivot": [0, 2, 11.5],
							"rotation": [52.5, 0, 0],
							"uv": {
								"north": {"uv": [40, 0], "uv_size": [24, 18]},
								"east": {"uv": [40, 0], "uv_size": [24, 18]},
								"south": {"uv": [40, 0], "uv_size": [24, 18]},
								"west": {"uv": [40, 0], "uv_size": [24, 18]},
								"up": {"uv": [64, 18], "uv_size": [-24, -18]},
								"down": {"uv": [64, 18], "uv_size": [-24, -18]}
							}
						},
						{
							"origin": [5.75, 0.5, 11],
							"size": [2.5, 3, 1],
							"pivot": [0, 2, 11.5],
							"rotation": [-52.5, 0, 0],
							"uv": {
								"north": {"uv": [40, 0], "uv_size": [24, 18]},
								"east": {"uv": [40, 0], "uv_size": [24, 18]},
								"south": {"uv": [40, 0], "uv_size": [24, 18]},
								"west": {"uv": [40, 0], "uv_size": [24, 18]},
								"up": {"uv": [64, 18], "uv_size": [-24, -18]},
								"down": {"uv": [64, 18], "uv_size": [-24, -18]}
							}
						},
						{
							"origin": [5.75, 0.5, 11],
							"size": [2.5, 3, 1],
							"pivot": [0, 2, 11.5],
							"rotation": [37.5, 0, 0],
							"uv": {
								"north": {"uv": [40, 0], "uv_size": [24, 18]},
								"east": {"uv": [40, 0], "uv_size": [24, 18]},
								"south": {"uv": [40, 0], "uv_size": [24, 18]},
								"west": {"uv": [40, 0], "uv_size": [24, 18]},
								"up": {"uv": [64, 18], "uv_size": [-24, -18]},
								"down": {"uv": [64, 18], "uv_size": [-24, -18]}
							}
						},
						{
							"origin": [5.75, 0.5, 11],
							"size": [2.5, 3, 1],
							"pivot": [0, 2, 11.5],
							"rotation": [-37.5, 0, 0],
							"uv": {
								"north": {"uv": [40, 0], "uv_size": [24, 18]},
								"east": {"uv": [40, 0], "uv_size": [24, 18]},
								"south": {"uv": [40, 0], "uv_size": [24, 18]},
								"west": {"uv": [40, 0], "uv_size": [24, 18]},
								"up": {"uv": [64, 18], "uv_size": [-24, -18]},
								"down": {"uv": [64, 18], "uv_size": [-24, -18]}
							}
						},
						{
							"origin": [5.75, 0.5, 11],
							"size": [2.5, 3, 1],
							"pivot": [0, 2, 11.5],
							"rotation": [90, 0, 0],
							"uv": {
								"north": {"uv": [40, 0], "uv_size": [24, 18]},
								"east": {"uv": [40, 0], "uv_size": [24, 18]},
								"south": {"uv": [40, 0], "uv_size": [24, 18]},
								"west": {"uv": [40, 0], "uv_size": [24, 18]},
								"up": {"uv": [64, 18], "uv_size": [-24, -18]},
								"down": {"uv": [64, 18], "uv_size": [-24, -18]}
							}
						},
						{
							"origin": [6, 0, 11],
							"size": [2, 4, 1],
							"pivot": [0, 2, 11.5],
							"rotation": [-90, 0, 0],
							"uv": {
								"north": {"uv": [5, 20], "uv_size": [24, 18]},
								"east": {"uv": [5, 20], "uv_size": [24, 18]},
								"south": {"uv": [5, 20], "uv_size": [24, 18]},
								"west": {"uv": [5, 20], "uv_size": [24, 18]},
								"up": {"uv": [29, 38], "uv_size": [-24, -18]},
								"down": {"uv": [29, 38], "uv_size": [-24, -18]}
							}
						},
						{
							"origin": [6, 0, 11],
							"size": [2, 4, 1],
							"pivot": [0, 2, 11.5],
							"rotation": [-27.5, 0, 0],
							"uv": {
								"north": {"uv": [5, 20], "uv_size": [24, 18]},
								"east": {"uv": [5, 20], "uv_size": [24, 18]},
								"south": {"uv": [5, 20], "uv_size": [24, 18]},
								"west": {"uv": [5, 20], "uv_size": [24, 18]},
								"up": {"uv": [29, 38], "uv_size": [-24, -18]},
								"down": {"uv": [29, 38], "uv_size": [-24, -18]}
							}
						},
						{
							"origin": [6, 0, 11],
							"size": [2, 4, 1],
							"pivot": [0, 2, 11.5],
							"rotation": [27.5, 0, 0],
							"uv": {
								"north": {"uv": [5, 20], "uv_size": [24, 18]},
								"east": {"uv": [5, 20], "uv_size": [24, 18]},
								"south": {"uv": [5, 20], "uv_size": [24, 18]},
								"west": {"uv": [5, 20], "uv_size": [24, 18]},
								"up": {"uv": [29, 38], "uv_size": [-24, -18]},
								"down": {"uv": [29, 38], "uv_size": [-24, -18]}
							}
						},
						{
							"origin": [6, 0, 11],
							"size": [2, 4, 1],
							"pivot": [0, 2, 11.5],
							"rotation": [-62.5, 0, 0],
							"uv": {
								"north": {"uv": [5, 20], "uv_size": [24, 18]},
								"east": {"uv": [5, 20], "uv_size": [24, 18]},
								"south": {"uv": [5, 20], "uv_size": [24, 18]},
								"west": {"uv": [5, 20], "uv_size": [24, 18]},
								"up": {"uv": [29, 38], "uv_size": [-24, -18]},
								"down": {"uv": [29, 38], "uv_size": [-24, -18]}
							}
						},
						{
							"origin": [6, 0, 11],
							"size": [2, 4, 1],
							"pivot": [0, 2, 11.5],
							"rotation": [62.5, 0, 0],
							"uv": {
								"north": {"uv": [5, 20], "uv_size": [24, 18]},
								"east": {"uv": [5, 20], "uv_size": [24, 18]},
								"south": {"uv": [5, 20], "uv_size": [24, 18]},
								"west": {"uv": [5, 20], "uv_size": [24, 18]},
								"up": {"uv": [29, 38], "uv_size": [-24, -18]},
								"down": {"uv": [29, 38], "uv_size": [-24, -18]}
							}
						},
						{
							"origin": [6, 0, 11],
							"size": [2, 4, 1],
							"pivot": [0, 2, 11.5],
							"rotation": [-45, 0, 0],
							"uv": {
								"north": {"uv": [5, 20], "uv_size": [24, 18]},
								"east": {"uv": [5, 20], "uv_size": [24, 18]},
								"south": {"uv": [5, 20], "uv_size": [24, 18]},
								"west": {"uv": [5, 20], "uv_size": [24, 18]},
								"up": {"uv": [29, 38], "uv_size": [-24, -18]},
								"down": {"uv": [29, 38], "uv_size": [-24, -18]}
							}
						},
						{
							"origin": [6, 0, 11],
							"size": [2, 4, 1],
							"pivot": [0, 2, 11.5],
							"rotation": [45, 0, 0],
							"uv": {
								"north": {"uv": [5, 20], "uv_size": [24, 18]},
								"east": {"uv": [5, 20], "uv_size": [24, 18]},
								"south": {"uv": [5, 20], "uv_size": [24, 18]},
								"west": {"uv": [5, 20], "uv_size": [24, 18]},
								"up": {"uv": [29, 38], "uv_size": [-24, -18]},
								"down": {"uv": [29, 38], "uv_size": [-24, -18]}
							}
						},
						{
							"origin": [-8, 0, 11],
							"size": [2, 4, 1],
							"pivot": [0, 2, 11.5],
							"rotation": [45, 0, 0],
							"uv": {
								"north": {"uv": [5, 20], "uv_size": [24, 18]},
								"east": {"uv": [5, 20], "uv_size": [24, 18]},
								"south": {"uv": [5, 20], "uv_size": [24, 18]},
								"west": {"uv": [5, 20], "uv_size": [24, 18]},
								"up": {"uv": [29, 38], "uv_size": [-24, -18]},
								"down": {"uv": [29, 38], "uv_size": [-24, -18]}
							}
						},
						{
							"origin": [-8, 0, 11],
							"size": [2, 4, 1],
							"pivot": [0, 2, 11.5],
							"rotation": [-45, 0, 0],
							"uv": {
								"north": {"uv": [5, 20], "uv_size": [24, 18]},
								"east": {"uv": [5, 20], "uv_size": [24, 18]},
								"south": {"uv": [5, 20], "uv_size": [24, 18]},
								"west": {"uv": [5, 20], "uv_size": [24, 18]},
								"up": {"uv": [29, 38], "uv_size": [-24, -18]},
								"down": {"uv": [29, 38], "uv_size": [-24, -18]}
							}
						},
						{
							"origin": [-8, 0, 11],
							"size": [2, 4, 1],
							"pivot": [0, 2, 11.5],
							"rotation": [62.5, 0, 0],
							"uv": {
								"north": {"uv": [5, 20], "uv_size": [24, 18]},
								"east": {"uv": [5, 20], "uv_size": [24, 18]},
								"south": {"uv": [5, 20], "uv_size": [24, 18]},
								"west": {"uv": [5, 20], "uv_size": [24, 18]},
								"up": {"uv": [29, 38], "uv_size": [-24, -18]},
								"down": {"uv": [29, 38], "uv_size": [-24, -18]}
							}
						},
						{
							"origin": [-8, 0, 11],
							"size": [2, 4, 1],
							"pivot": [0, 2, 11.5],
							"rotation": [-62.5, 0, 0],
							"uv": {
								"north": {"uv": [5, 20], "uv_size": [24, 18]},
								"east": {"uv": [5, 20], "uv_size": [24, 18]},
								"south": {"uv": [5, 20], "uv_size": [24, 18]},
								"west": {"uv": [5, 20], "uv_size": [24, 18]},
								"up": {"uv": [29, 38], "uv_size": [-24, -18]},
								"down": {"uv": [29, 38], "uv_size": [-24, -18]}
							}
						},
						{
							"origin": [-8, 0, 11],
							"size": [2, 4, 1],
							"pivot": [0, 2, 11.5],
							"rotation": [27.5, 0, 0],
							"uv": {
								"north": {"uv": [5, 20], "uv_size": [24, 18]},
								"east": {"uv": [5, 20], "uv_size": [24, 18]},
								"south": {"uv": [5, 20], "uv_size": [24, 18]},
								"west": {"uv": [5, 20], "uv_size": [24, 18]},
								"up": {"uv": [29, 38], "uv_size": [-24, -18]},
								"down": {"uv": [29, 38], "uv_size": [-24, -18]}
							}
						},
						{
							"origin": [-8, 0, 11],
							"size": [2, 4, 1],
							"pivot": [0, 2, 11.5],
							"rotation": [-27.5, 0, 0],
							"uv": {
								"north": {"uv": [5, 20], "uv_size": [24, 18]},
								"east": {"uv": [5, 20], "uv_size": [24, 18]},
								"south": {"uv": [5, 20], "uv_size": [24, 18]},
								"west": {"uv": [5, 20], "uv_size": [24, 18]},
								"up": {"uv": [29, 38], "uv_size": [-24, -18]},
								"down": {"uv": [29, 38], "uv_size": [-24, -18]}
							}
						},
						{
							"origin": [-8, 0, 11],
							"size": [2, 4, 1],
							"pivot": [0, 2, 11.5],
							"rotation": [-90, 0, 0],
							"uv": {
								"north": {"uv": [5, 20], "uv_size": [24, 18]},
								"east": {"uv": [5, 20], "uv_size": [24, 18]},
								"south": {"uv": [5, 20], "uv_size": [24, 18]},
								"west": {"uv": [5, 20], "uv_size": [24, 18]},
								"up": {"uv": [29, 38], "uv_size": [-24, -18]},
								"down": {"uv": [29, 38], "uv_size": [-24, -18]}
							}
						},
						{
							"origin": [-8, 0, 11],
							"size": [2, 4, 1],
							"uv": {
								"north": {"uv": [5, 20], "uv_size": [24, 18]},
								"east": {"uv": [5, 20], "uv_size": [24, 18]},
								"south": {"uv": [5, 20], "uv_size": [24, 18]},
								"west": {"uv": [5, 20], "uv_size": [24, 18]},
								"up": {"uv": [29, 38], "uv_size": [-24, -18]},
								"down": {"uv": [29, 38], "uv_size": [-24, -18]}
							}
						},
						{
							"origin": [-8.25, 0.5, 11],
							"size": [2.5, 3, 1],
							"uv": {
								"north": {"uv": [40, 0], "uv_size": [24, 18]},
								"east": {"uv": [40, 0], "uv_size": [24, 18]},
								"south": {"uv": [40, 0], "uv_size": [24, 18]},
								"west": {"uv": [40, 0], "uv_size": [24, 18]},
								"up": {"uv": [64, 18], "uv_size": [-24, -18]},
								"down": {"uv": [64, 18], "uv_size": [-24, -18]}
							}
						},
						{
							"origin": [-8.25, 0.5, 11],
							"size": [2.5, 3, 1],
							"pivot": [0, 2, 11.5],
							"rotation": [90, 0, 0],
							"uv": {
								"north": {"uv": [40, 0], "uv_size": [24, 18]},
								"east": {"uv": [40, 0], "uv_size": [24, 18]},
								"south": {"uv": [40, 0], "uv_size": [24, 18]},
								"west": {"uv": [40, 0], "uv_size": [24, 18]},
								"up": {"uv": [64, 18], "uv_size": [-24, -18]},
								"down": {"uv": [64, 18], "uv_size": [-24, -18]}
							}
						},
						{
							"origin": [-8.25, 0.5, 11],
							"size": [2.5, 3, 1],
							"pivot": [0, 2, 11.5],
							"rotation": [37.5, 0, 0],
							"uv": {
								"north": {"uv": [40, 0], "uv_size": [24, 18]},
								"east": {"uv": [40, 0], "uv_size": [24, 18]},
								"south": {"uv": [40, 0], "uv_size": [24, 18]},
								"west": {"uv": [40, 0], "uv_size": [24, 18]},
								"up": {"uv": [64, 18], "uv_size": [-24, -18]},
								"down": {"uv": [64, 18], "uv_size": [-24, -18]}
							}
						},
						{
							"origin": [-8.25, 0.5, 11],
							"size": [2.5, 3, 1],
							"pivot": [0, 2, 11.5],
							"rotation": [-37.5, 0, 0],
							"uv": {
								"north": {"uv": [40, 0], "uv_size": [24, 18]},
								"east": {"uv": [40, 0], "uv_size": [24, 18]},
								"south": {"uv": [40, 0], "uv_size": [24, 18]},
								"west": {"uv": [40, 0], "uv_size": [24, 18]},
								"up": {"uv": [64, 18], "uv_size": [-24, -18]},
								"down": {"uv": [64, 18], "uv_size": [-24, -18]}
							}
						},
						{
							"origin": [-8.25, 0.5, 11],
							"size": [2.5, 3, 1],
							"pivot": [0, 2, 11.5],
							"rotation": [52.5, 0, 0],
							"uv": {
								"north": {"uv": [40, 0], "uv_size": [24, 18]},
								"east": {"uv": [40, 0], "uv_size": [24, 18]},
								"south": {"uv": [40, 0], "uv_size": [24, 18]},
								"west": {"uv": [40, 0], "uv_size": [24, 18]},
								"up": {"uv": [64, 18], "uv_size": [-24, -18]},
								"down": {"uv": [64, 18], "uv_size": [-24, -18]}
							}
						},
						{
							"origin": [-8.25, 0.5, 11],
							"size": [2.5, 3, 1],
							"pivot": [0, 2, 11.5],
							"rotation": [-52.5, 0, 0],
							"uv": {
								"north": {"uv": [40, 0], "uv_size": [24, 18]},
								"east": {"uv": [40, 0], "uv_size": [24, 18]},
								"south": {"uv": [40, 0], "uv_size": [24, 18]},
								"west": {"uv": [40, 0], "uv_size": [24, 18]},
								"up": {"uv": [64, 18], "uv_size": [-24, -18]},
								"down": {"uv": [64, 18], "uv_size": [-24, -18]}
							}
						}
					]
				},
				{
					"name": "rightSleeve",
					"parent": "rightArm",
					"pivot": [-5, 22, 0]
				},
				{
					"name": "rightItem",
					"parent": "rightArm",
					"pivot": [-6, 15, 1],
					"locators": {
						"lead_hold": [-6, 15, 1]
					}
				},
				{
					"name": "jacket",
					"parent": "body",
					"pivot": [0, 24, 0]
				},
				{
					"name": "leftLeg",
					"parent": "root",
					"pivot": [1.9, 12, 0],
					"cubes": [
						{
							"origin": [-0.1, 3, 14],
							"size": [6, 3, 1],
							"uv": {
								"north": {"uv": [40, 40], "uv_size": [24, 18]},
								"east": {"uv": [40, 40], "uv_size": [24, 18]},
								"south": {"uv": [40, 40], "uv_size": [24, 18]},
								"west": {"uv": [40, 40], "uv_size": [24, 18]},
								"up": {"uv": [64, 58], "uv_size": [-24, -18]},
								"down": {"uv": [64, 58], "uv_size": [-24, -18]}
							}
						},
						{
							"origin": [-0.1, 6, 14],
							"size": [6, 10, 1],
							"uv": {
								"north": {"uv": [40, 58], "uv_size": [24, 6]},
								"east": {"uv": [40, 58], "uv_size": [24, 6]},
								"south": {"uv": [40, 58], "uv_size": [24, 6]},
								"west": {"uv": [40, 58], "uv_size": [24, 6]},
								"up": {"uv": [64, 64], "uv_size": [-24, -6]},
								"down": {"uv": [64, 64], "uv_size": [-24, -6]}
							}
						},
						{
							"origin": [0.4, 8, 15],
							"size": [2.5, 0.5, 0.5],
							"uv": {
								"north": {"uv": [40, 20], "uv_size": [24, 18]},
								"east": {"uv": [40, 20], "uv_size": [24, 18]},
								"south": {"uv": [40, 20], "uv_size": [24, 18]},
								"west": {"uv": [40, 20], "uv_size": [24, 18]},
								"up": {"uv": [64, 38], "uv_size": [-24, -18]},
								"down": {"uv": [64, 38], "uv_size": [-24, -18]}
							}
						},
						{
							"origin": [3.4, 4, 15],
							"size": [2.5, 0.5, 0.5],
							"uv": {
								"north": {"uv": [40, 20], "uv_size": [24, 18]},
								"east": {"uv": [40, 20], "uv_size": [24, 18]},
								"south": {"uv": [40, 20], "uv_size": [24, 18]},
								"west": {"uv": [40, 20], "uv_size": [24, 18]},
								"up": {"uv": [64, 38], "uv_size": [-24, -18]},
								"down": {"uv": [64, 38], "uv_size": [-24, -18]}
							}
						},
						{
							"origin": [3.4, 14, 15],
							"size": [2.5, 0.5, 0.5],
							"uv": {
								"north": {"uv": [40, 20], "uv_size": [24, 18]},
								"east": {"uv": [40, 20], "uv_size": [24, 18]},
								"south": {"uv": [40, 20], "uv_size": [24, 18]},
								"west": {"uv": [40, 20], "uv_size": [24, 18]},
								"up": {"uv": [64, 38], "uv_size": [-24, -18]},
								"down": {"uv": [64, 38], "uv_size": [-24, -18]}
							}
						}
					]
				},
				{
					"name": "leftPants",
					"parent": "leftLeg",
					"pivot": [1.9, 12, 0]
				},
				{
					"name": "rightLeg",
					"parent": "root",
					"pivot": [-1.9, 12, 0],
					"cubes": [
						{
							"origin": [-5.9, 3, 14],
							"size": [6, 2, 1],
							"uv": {
								"north": {"uv": [40, 40], "uv_size": [24, 18]},
								"east": {"uv": [40, 40], "uv_size": [24, 18]},
								"south": {"uv": [40, 40], "uv_size": [24, 18]},
								"west": {"uv": [40, 40], "uv_size": [24, 18]},
								"up": {"uv": [64, 58], "uv_size": [-24, -18]},
								"down": {"uv": [64, 58], "uv_size": [-24, -18]}
							}
						},
						{
							"origin": [-1.4, 5, 13.75],
							"size": [0.5, 3, 1.5],
							"uv": {
								"north": {"uv": [40, 20], "uv_size": [24, 18]},
								"east": {"uv": [40, 20], "uv_size": [24, 18]},
								"south": {"uv": [40, 20], "uv_size": [24, 18]},
								"west": {"uv": [40, 20], "uv_size": [24, 18]},
								"up": {"uv": [64, 38], "uv_size": [-24, -18]},
								"down": {"uv": [64, 38], "uv_size": [-24, -18]}
							}
						},
						{
							"origin": [-5, 5, 13.75],
							"size": [0.5, 3, 1.5],
							"uv": {
								"north": {"uv": [40, 20], "uv_size": [24, 18]},
								"east": {"uv": [40, 20], "uv_size": [24, 18]},
								"south": {"uv": [40, 20], "uv_size": [24, 18]},
								"west": {"uv": [40, 20], "uv_size": [24, 18]},
								"up": {"uv": [64, 38], "uv_size": [-24, -18]},
								"down": {"uv": [64, 38], "uv_size": [-24, -18]}
							}
						},
						{
							"origin": [-4.95, 5, 13.75],
							"size": [4, 0.5, 1.5],
							"uv": {
								"north": {"uv": [40, 20], "uv_size": [24, 18]},
								"east": {"uv": [40, 20], "uv_size": [24, 18]},
								"south": {"uv": [40, 20], "uv_size": [24, 18]},
								"west": {"uv": [40, 20], "uv_size": [24, 18]},
								"up": {"uv": [64, 38], "uv_size": [-24, -18]},
								"down": {"uv": [64, 38], "uv_size": [-24, -18]}
							}
						},
						{
							"origin": [-4.95, 7.5, 13.75],
							"size": [4, 0.5, 1.5],
							"uv": {
								"north": {"uv": [40, 20], "uv_size": [24, 18]},
								"east": {"uv": [40, 20], "uv_size": [24, 18]},
								"south": {"uv": [40, 20], "uv_size": [24, 18]},
								"west": {"uv": [40, 20], "uv_size": [24, 18]},
								"up": {"uv": [64, 38], "uv_size": [-24, -18]},
								"down": {"uv": [64, 38], "uv_size": [-24, -18]}
							}
						},
						{
							"origin": [-5.75, 14, 13.75],
							"size": [2.5, 0.5, 1.5],
							"uv": {
								"north": {"uv": [40, 20], "uv_size": [24, 18]},
								"east": {"uv": [40, 20], "uv_size": [24, 18]},
								"south": {"uv": [40, 20], "uv_size": [24, 18]},
								"west": {"uv": [40, 20], "uv_size": [24, 18]},
								"up": {"uv": [64, 38], "uv_size": [-24, -18]},
								"down": {"uv": [64, 38], "uv_size": [-24, -18]}
							}
						},
						{
							"origin": [-5.75, 4, 13.75],
							"size": [2.5, 0.5, 1.5],
							"uv": {
								"north": {"uv": [40, 20], "uv_size": [24, 18]},
								"east": {"uv": [40, 20], "uv_size": [24, 18]},
								"south": {"uv": [40, 20], "uv_size": [24, 18]},
								"west": {"uv": [40, 20], "uv_size": [24, 18]},
								"up": {"uv": [64, 38], "uv_size": [-24, -18]},
								"down": {"uv": [64, 38], "uv_size": [-24, -18]}
							}
						},
						{
							"origin": [-4.95, 5.75, 13.75],
							"size": [4, 0.25, 1.5],
							"uv": {
								"north": {"uv": [40, 20], "uv_size": [24, 18]},
								"east": {"uv": [40, 20], "uv_size": [24, 18]},
								"south": {"uv": [40, 20], "uv_size": [24, 18]},
								"west": {"uv": [40, 20], "uv_size": [24, 18]},
								"up": {"uv": [64, 38], "uv_size": [-24, -18]},
								"down": {"uv": [64, 38], "uv_size": [-24, -18]}
							}
						},
						{
							"origin": [-4.95, 6.25, 13.75],
							"size": [4, 0.25, 1.5],
							"uv": {
								"north": {"uv": [40, 20], "uv_size": [24, 18]},
								"east": {"uv": [40, 20], "uv_size": [24, 18]},
								"south": {"uv": [40, 20], "uv_size": [24, 18]},
								"west": {"uv": [40, 20], "uv_size": [24, 18]},
								"up": {"uv": [64, 38], "uv_size": [-24, -18]},
								"down": {"uv": [64, 38], "uv_size": [-24, -18]}
							}
						},
						{
							"origin": [-4.95, 6.25, 13.75],
							"size": [4, 0.25, 1.5],
							"uv": {
								"north": {"uv": [40, 20], "uv_size": [24, 18]},
								"east": {"uv": [40, 20], "uv_size": [24, 18]},
								"south": {"uv": [40, 20], "uv_size": [24, 18]},
								"west": {"uv": [40, 20], "uv_size": [24, 18]},
								"up": {"uv": [64, 38], "uv_size": [-24, -18]},
								"down": {"uv": [64, 38], "uv_size": [-24, -18]}
							}
						},
						{
							"origin": [-4.95, 6.75, 13.75],
							"size": [4, 0.25, 1.5],
							"uv": {
								"north": {"uv": [40, 20], "uv_size": [24, 18]},
								"east": {"uv": [40, 20], "uv_size": [24, 18]},
								"south": {"uv": [40, 20], "uv_size": [24, 18]},
								"west": {"uv": [40, 20], "uv_size": [24, 18]},
								"up": {"uv": [64, 38], "uv_size": [-24, -18]},
								"down": {"uv": [64, 38], "uv_size": [-24, -18]}
							}
						},
						{
							"origin": [-0.9, 5, 14],
							"size": [1, 1, 1],
							"uv": {
								"north": {"uv": [40, 40], "uv_size": [24, 18]},
								"east": {"uv": [40, 40], "uv_size": [24, 18]},
								"south": {"uv": [40, 40], "uv_size": [24, 18]},
								"west": {"uv": [40, 40], "uv_size": [24, 18]},
								"up": {"uv": [64, 58], "uv_size": [-24, -18]},
								"down": {"uv": [64, 58], "uv_size": [-24, -18]}
							}
						},
						{
							"origin": [-5.9, 5, 14],
							"size": [1, 1, 1],
							"uv": {
								"north": {"uv": [40, 40], "uv_size": [24, 18]},
								"east": {"uv": [40, 40], "uv_size": [24, 18]},
								"south": {"uv": [40, 40], "uv_size": [24, 18]},
								"west": {"uv": [40, 40], "uv_size": [24, 18]},
								"up": {"uv": [64, 58], "uv_size": [-24, -18]},
								"down": {"uv": [64, 58], "uv_size": [-24, -18]}
							}
						},
						{
							"origin": [-5.9, 8, 14],
							"size": [6, 8, 1],
							"uv": {
								"north": {"uv": [40, 58], "uv_size": [24, 6]},
								"east": {"uv": [40, 58], "uv_size": [24, 6]},
								"south": {"uv": [40, 58], "uv_size": [24, 6]},
								"west": {"uv": [40, 58], "uv_size": [24, 6]},
								"up": {"uv": [64, 64], "uv_size": [-24, -6]},
								"down": {"uv": [64, 64], "uv_size": [-24, -6]}
							}
						},
						{
							"origin": [-0.9, 6, 14],
							"size": [1, 2, 1],
							"uv": {
								"north": {"uv": [40, 58], "uv_size": [24, 6]},
								"east": {"uv": [40, 58], "uv_size": [24, 6]},
								"south": {"uv": [40, 58], "uv_size": [24, 6]},
								"west": {"uv": [40, 58], "uv_size": [24, 6]},
								"up": {"uv": [64, 64], "uv_size": [-24, -6]},
								"down": {"uv": [64, 64], "uv_size": [-24, -6]}
							}
						},
						{
							"origin": [-5.9, 6, 14],
							"size": [1, 2, 1],
							"uv": {
								"north": {"uv": [40, 58], "uv_size": [24, 6]},
								"east": {"uv": [40, 58], "uv_size": [24, 6]},
								"south": {"uv": [40, 58], "uv_size": [24, 6]},
								"west": {"uv": [40, 58], "uv_size": [24, 6]},
								"up": {"uv": [64, 64], "uv_size": [-24, -6]},
								"down": {"uv": [64, 64], "uv_size": [-24, -6]}
							}
						}
					]
				},
				{
					"name": "rightPants",
					"pivot": [-1.9, 12, 0]
				}
			]
		}
	]
}