{
	"format_version": "1.12.0",
	"minecraft:geometry": [
		{
			"description": {
				"identifier": "geometry.slingshot",
				"texture_width": 32,
				"texture_height": 32,
				"visible_bounds_width": 3,
				"visible_bounds_height": 3.5,
				"visible_bounds_offset": [0, 1.25, 0]
			},
			"bones": [
				{
					"name": "root",
					"pivot": [0, 0, 0]
				},
				{
					"name": "waist",
					"parent": "root",
					"pivot": [0, 18, 0]
				},
				{
					"name": "body",
					"parent": "waist",
					"pivot": [0, 36, 0]
				},
				{
					"name": "head",
					"parent": "body",
					"pivot": [0, 36, 0]
				},
				{
					"name": "hat",
					"parent": "head",
					"pivot": [0, 36, 0]
				},
				{
					"name": "cape",
					"parent": "body",
					"pivot": [0, 36, 4.5]
				},
				{
					"name": "leftArm",
					"parent": "body",
					"pivot": [7.5, 33, 0]
				},
				{
					"name": "leftSleeve",
					"parent": "leftArm",
					"pivot": [7.5, 33, 0]
				},
				{
					"name": "leftItem",
					"parent": "leftArm",
					"pivot": [9, 22.5, 1.5]
				},
				{
					"name": "rightArm",
					"parent": "body",
					"pivot": [-7.5, 33, 0]
				},
				{
					"name": "rightSleeve",
					"parent": "rightArm",
					"pivot": [-7.5, 33, 0]
				},
				{
					"name": "rightItem",
					"parent": "rightArm",
					"pivot": [-9, 22.5, 1.5],
					"locators": {
						"lead_hold": [-9, 22.5, 1.5]
					}
				},
				{
					"name": "pistolRoot",
					"parent": "rightItem",
					"pivot": [0, 0, 0]
				},
				{
					"name": "pistol",
					"parent": "pistolRoot",
					"pivot": [0, 5, 0],
					"rotation": [90, 90, 0],
					"cubes": [
						{
							"origin": [-1, 4.5, -1],
							"size": [1, 1, 5],
							"uv": {
								"north": {"uv": [0, 4], "uv_size": [16, 7]},
								"east": {"uv": [0, 4], "uv_size": [16, 7]},
								"south": {"uv": [0, 4], "uv_size": [16, 7]},
								"west": {"uv": [0, 4], "uv_size": [16, 7]},
								"up": {"uv": [16, 11], "uv_size": [-16, -7]},
								"down": {"uv": [16, 11], "uv_size": [-16, -7]}
							}
						},
						{
							"origin": [-5, 7, 9],
							"size": [4, 1, 1],
							"uv": {
								"north": {"uv": [16, 8], "uv_size": [16, 7]},
								"east": {"uv": [16, 8], "uv_size": [16, 7]},
								"south": {"uv": [16, 8], "uv_size": [16, 7]},
								"west": {"uv": [16, 8], "uv_size": [16, 7]},
								"up": {"uv": [32, 15], "uv_size": [-16, -7]},
								"down": {"uv": [32, 15], "uv_size": [-16, -7]}
							}
						},
						{
							"origin": [-5, 2, 9],
							"size": [4, 1, 1],
							"uv": {
								"north": {"uv": [16, 8], "uv_size": [16, 7]},
								"east": {"uv": [16, 8], "uv_size": [16, 7]},
								"south": {"uv": [16, 8], "uv_size": [16, 7]},
								"west": {"uv": [16, 8], "uv_size": [16, 7]},
								"up": {"uv": [32, 15], "uv_size": [-16, -7]},
								"down": {"uv": [32, 15], "uv_size": [-16, -7]}
							}
						},
						{
							"origin": [-7, 3.5, 9],
							"size": [1, 3, 1],
							"uv": {
								"north": {"uv": [16, 8], "uv_size": [16, 7]},
								"east": {"uv": [16, 8], "uv_size": [16, 7]},
								"south": {"uv": [16, 8], "uv_size": [16, 7]},
								"west": {"uv": [16, 8], "uv_size": [16, 7]},
								"up": {"uv": [32, 15], "uv_size": [-16, -7]},
								"down": {"uv": [32, 15], "uv_size": [-16, -7]}
							}
						},
						{
							"origin": [-7, 3.5, 9],
							"size": [1, 3, 1],
							"pivot": [-4.5, 5, 9.5],
							"rotation": [0, 0, 62.5],
							"uv": {
								"north": {"uv": [16, 8], "uv_size": [16, 7]},
								"east": {"uv": [16, 8], "uv_size": [16, 7]},
								"south": {"uv": [16, 8], "uv_size": [16, 7]},
								"west": {"uv": [16, 8], "uv_size": [16, 7]},
								"up": {"uv": [32, 15], "uv_size": [-16, -7]},
								"down": {"uv": [32, 15], "uv_size": [-16, -7]}
							}
						},
						{
							"origin": [-7, 3.5, 9],
							"size": [1, 3, 1],
							"pivot": [-4.5, 5, 9.5],
							"rotation": [0, 0, -62.5],
							"uv": {
								"north": {"uv": [16, 8], "uv_size": [16, 7]},
								"east": {"uv": [16, 8], "uv_size": [16, 7]},
								"south": {"uv": [16, 8], "uv_size": [16, 7]},
								"west": {"uv": [16, 8], "uv_size": [16, 7]},
								"up": {"uv": [32, 15], "uv_size": [-16, -7]},
								"down": {"uv": [32, 15], "uv_size": [-16, -7]}
							}
						},
						{
							"origin": [-1, 4.5, 3],
							"size": [1, 1, 7],
							"pivot": [-1, 5, 3],
							"rotation": [-20, 0, 0],
							"uv": {
								"north": {"uv": [0, 4], "uv_size": [16, 7]},
								"east": {"uv": [0, 4], "uv_size": [16, 7]},
								"south": {"uv": [0, 4], "uv_size": [16, 7]},
								"west": {"uv": [0, 4], "uv_size": [16, 7]},
								"up": {"uv": [16, 11], "uv_size": [-16, -7]},
								"down": {"uv": [16, 11], "uv_size": [-16, -7]}
							}
						},
						{
							"origin": [-1, 4.5, 3],
							"size": [1, 1, 7],
							"pivot": [-1, 5, 3],
							"rotation": [20, 0, 0],
							"uv": {
								"north": {"uv": [0, 4], "uv_size": [16, 7]},
								"east": {"uv": [0, 4], "uv_size": [16, 7]},
								"south": {"uv": [0, 4], "uv_size": [16, 7]},
								"west": {"uv": [0, 4], "uv_size": [16, 7]},
								"up": {"uv": [16, 11], "uv_size": [-16, -7]},
								"down": {"uv": [16, 11], "uv_size": [-16, -7]}
							}
						}
					]
				}
			]
		}
	]
}
