{
  "format_version": "1.10.0",
  "minecraft:client_entity": {
    "description": {
      "identifier": "ag1:charles",
      "min_engine_version": "1.8.0",
      "materials": {
        "default": "vindicator"
      },
      "textures": {
        "default": "textures/entity/Choo choo charles ag1"
      },
      "geometry": {
        "default": "geometry.Choo_choo_charles_ag1"
      },
      "spawn_egg": {
        "base_color": "#ff0000",
        "overlay_color": "#ff0000"
      },
      "scripts": {
        "scale": "0.9375",
        "animate": [
          "controller_base",
          "look_at_target",
          "air"
        ]
      },
      "animations": {
        "look_at_target": "animation.charles.lookattarget",
        "idle_mouth": "animation.Choo_choo_charles_ag1.gen",
        "biting": "animation.Choo_choo_charles_ag1.att",
        "walk": "animation.Choo_choo_charles_ag1.mov",
        "controller_look_at_target": "controller.animation.custom.look_at_target",
        "controller_base": "controller.animation.custom",
        "air": "animation.Choo_choo_charles_ag1.air"
      },
      "render_controllers": [
        "controller.render.vindicator"
      ],
      "enable_attachables": true,
      "particle_effects": {
        "air": "ag1:air"
      }
    }
  }
}