{
	"format_version": "1.10.0",
	"particle_effect": {
		"description": {
			"identifier": "ag1:arm",
			"basic_render_parameters": {
				"material": "particles_alpha",
				"texture": "textures/particle/Arm ag1"
			}
		},
		"components": {
			"minecraft:emitter_rate_steady": {
				"spawn_rate": 2,
				"max_particles": 1000
			},
			"minecraft:emitter_lifetime_expression": {
				"activation_expression": 1
			},
			"minecraft:emitter_shape_box": {
				"direction": "outwards"
			},
			"minecraft:particle_lifetime_expression": {
				"max_lifetime": "Math.random(1, 100)"
			},
			"minecraft:particle_initial_speed": 10,
			"minecraft:particle_motion_dynamic": {
				"linear_drag_coefficient": 10
			},
			"minecraft:particle_appearance_billboard": {
				"size": [0.1, 0.1],
				"facing_camera_mode": "lookat_xyz",
				"uv": {
					"texture_width": 16,
					"texture_height": 16,
					"uv": [0, 0],
					"uv_size": [3, 3]
				}
			}
		}
	}
}