{
  "entity_sounds": {
    "entities": {
      "goodlord:road_tractor": {
        "volume": 0.75,
        "pitch" : [ 0.70, 1.00 ],
        "events": {
          "hurt": "mob.road_tractor.hurt",
          "death": "mob.road_tractor.death",
          "step" : {
            "sound" : "mob.road_tractor.step",
            "volume" : 1.1
          },
          "eat": "mob.road_tractor.eat"
        }
      },
      "goodlord:rail_tractor": {
        "volume": 0.75,
        "pitch" : [ 1.10, 1.20 ],
        "events": {
          "hurt": "mob.road_tractor.hurt",
          "death": "mob.road_tractor.death",
          "step" : {
            "sound" : "mob.rail_tractor.step",
            "volume" : 0.9
          },
          "eat": "mob.road_tractor.eat"
        }
      },
      "goodlord:mower": {
        "volume": 0.75,
        "pitch" : [ 1.10, 1.20 ],
        "events": {
          "hurt": "mob.road_tractor.hurt",
          "death": "mob.road_tractor.death",
          "step" : {
            "sound" : "mob.mower.step",
            "volume" : 0.9
          },
          "eat": "mob.road_tractor.eat"
        }
      },
      "goodlord:highway_tractor": {
        "volume": 0.75,
        "pitch" : [ 0.70, 1.00 ],
        "events": {
          "hurt": "mob.road_tractor.hurt",
          "death": "mob.road_tractor.death",
          "step" : {
            "sound" : "mob.miner.step",
            "volume" : 1.1
          },
          "eat": "mob.road_tractor.eat"
        }
      },
      "goodlord:miner": {
        "volume": 0.75,
        "pitch" : [ 1.10, 1.20 ],
        "events": {
          "hurt": "mob.road_tractor.hurt",
          "death": "mob.road_tractor.death",
          "step" : {
            "sound" : "mob.miner.step",
            "volume" : 1.1
          },
          "eat": "mob.road_tractor.eat"
        }
      },
      "goodlord:wall_builder": {
        "volume": 0.65,
        "pitch" : [ 1.20, 1.30 ],
        "events": {
          "hurt": "mob.road_tractor.hurt",
          "death": "mob.road_tractor.death",
          "step" : {
            "sound" : "mob.miner.step",
            "volume" : 1.0
          },
          "eat": "mob.road_tractor.eat"
        }
      },
      "goodlord:paver": {
        "volume": 0.65,
        "pitch" : [ 1.10, 1.20 ],
        "events": {
          "hurt": "mob.road_tractor.hurt",
          "death": "mob.road_tractor.death",
          "step" : {
            "sound" : "mob.mower.step",
            "volume" : 0.9
          },
          "eat": "mob.road_tractor.eat"
        }
      },
      "goodlord:cement_truck": {
        "volume": 0.75,
        "pitch" : [ 0.80, 1.00 ],
        "events": {
          "hurt": "mob.road_tractor.hurt",
          "death": "mob.road_tractor.death",
          "step" : {
            "sound" : "mob.cement_truck.step",
            "volume" : 1.0
          },
          "eat": "mob.road_tractor.eat"
        }
      }
    },
    "individual_event_sounds" : {
     "events" : {
       "goodlord:c_nothing" : {
          "pitch" : 1.0,
          "sound" : "mob.horse.leather",
          "volume" : 0.50
        }
      }
    }
  }
}