{
  "format_version": "1.16.0",
  "minecraft:entity": {
      "description": {
          "identifier": "57:basic_wither_storm_death",
          "is_spawnable": false,
          "is_summonable": true,
          "is_experimental": false,
          "runtime_identifier": "minecraft:ender_dragon"
      },
      "component_groups": {
              
          "death": {
            "minecraft:health": {
                "value": 0,
                "max": 0
            }
          }
      },
      "components": {
        "minecraft:timer": {
            "looping": false,
            "time": 0.025,
            "time_down_event": {
                "event": "death"
            }
        },
        "minecraft:knockback_resistance": {
            "value": 100
          },
          "minecraft:nameable": {},
          "minecraft:type_family": {
              "family": ["summon","inanimate","b_w_s"]
          },
          "minecraft:collision_box": {
            "width": 8,
            "height": 8
          },
          "minecraft:health": {
              "value": 1,
              "max": 1,
              "min": 1
          },
          "minecraft:fire_immune": true,
          "minecraft:damage_sensor": {
            "triggers": {
                "cause": "all",
                "deals_damage": false
            }
        },
          "minecraft:physics": {
              "has_gravity": false,
              "has_collision": false
          },
          "minecraft:pushable": {
              "is_pushable": false,
              "is_pushable_by_piston": false
          }
      },
      "events": {
        "death": {
            "run_command": {
                "command": [
                    "tp @s @s",
                    "particle 57:basic_wither_storm_flare ^ ^35 ^-10",
                    "execute @a[r=100] ~~~ playsound mob.wither_storm_death @s",
                    "give @p[r=150] 57:star_of_the_storm"
                ]
            },
            "add": {
                "component_groups": [
                    "death"
                ]
            }
          },
        "death2": {
            "add": {
                "component_groups": [
                    "death"
                ]
            }
        }
      }
  }
}