{
  "format_version": "1.16.0",
  "minecraft:entity": {
    "description": {
      "identifier": "57:basic_wither_storm",
      "is_spawnable": true,
      "is_summonable": true,
      "is_experimental": false
    },
    "component_groups":{
      
      "sev_init":{
        "minecraft:is_illager_captain": {
  }

},
      "sev_ride":{
              "minecraft:rideable": {
        "seat_count": 1,
        "family_types": [
          "wither"
        ],
        "seats": {
          "position": [ 25.0, 1.0, 0.0 ]
        }
      },
      "minecraft:addrider": {
        "entity_type": "57:basic_wither_storm<severed>"
      }
      },
      "boss":{
        "minecraft:experience_reward": {
          "on_death": "5000"
        },
        "minecraft:boss": {
          "name": "Wither Storm",
          "should_darken_sky": true,
          "hud_range": 60
        }
      },
      "severed2":{
        "minecraft:environment_sensor": {
          "triggers": [
              {
                  "filters": {
                      "all_of": [
                          { 
                              "test": "is_riding",
                              "subject": "self",
                              "operator": "==",
                              "value": false
                          }
                      ]
                  },
                  "event": "die"
              }
          ]
      },
        "minecraft:timer": {
          "looping": true,
          "time": 0.5,
          "time_down_event": {
              "event": "sev_init"
          }
      },
        "minecraft:is_baby": {
        },
        "minecraft:damage_sensor": {
          "triggers": [    
              {
                  "on_damage": {
                      "filters": {
                          "test": "is_family",
                          "subject": "other",
                          "value": "lightning"
                      }
                  },
                  "deals_damage": false
              },
              {
                "on_damage": {
                    "filters": {
                        "test": "is_family",
                        "subject": "other",
                        "value": "undead"
                    }
                },
                "deals_damage": false
            },
              {
                  "cause": "fall",
                  "deals_damage": false
              }, {
                  "cause": "fire_tick",
                  "deals_damage": false
              },
              {
                  "cause": "block_explosion",
                  "deals_damage": false
              },
              {
                "cause": "entity_explosion",
                "deals_damage": false
            },
            {
              "cause": "void",
              "deals_damage": false
          },
          {
            "cause": "wither",
            "deals_damage": false
        },
          {
            "cause": "magic",
            "deals_damage": false
        },
              {
                  "cause": "fire",
                  "deals_damage": false
              }, {
                  "on_damage": {
                      "filters": {
                          "all_of": [{
                              "test": "is_family",
                              "subject": "other",
                              "value": "irongolem"
                          }]
                      }
                  },
                  "deals_damage": false
              }
          ]
      },
      "minecraft:movement": {
        "value": 0.0
      },
      "minecraft:navigation.float": {
        "can_path_over_water": true
      },
      "minecraft:jump.static": {
      },
      "minecraft:can_climb": {
      },
      "minecraft:can_fly": {
      },
      "minecraft:behavior.float": {
        "priority": 0
      },
      "minecraft:behavior.ranged_attack": {
        "priority": 1,
        "burst_shots": 3,
    "burst_interval": 0.5,
        "attack_radius": 99,
        "charge_shoot_trigger": 1,
        "charge_charged_trigger": 1
    },
      "minecraft:behavior.hurt_by_target": {
        "priority": 2
      },
      "minecraft:behavior.nearest_attackable_target": {
        "priority": 3,
        "entity_types": [
          {
            "filters": { "test" :  "is_family", "subject" : "other", "value" :  "weener"},
            "max_dist": 99
          },
          {
            "filters": {
               "all_of": [
                {
                  
                    "test": "is_family",
                    "subject": "other",
                    "operator": "!=",
                    "value": "wither"
                  
                },
                {
                  
                    "test": "is_family",
                    "subject": "other",
                    "operator": "!=",
                    "value": "inanimate"
                  
                },
                {
                  
                    "test": "is_family",
                    "subject": "other",
                    "operator": "!=",
                    "value": "summon"
                  
                },
                {
                  
                    "test": "is_family",
                    "subject": "other",
                    "operator": "!=",
                    "value": "ezekiel"
                  
                }
              ]
            },
            "max_dist": 99
          }
        ],
        "must_see": true
      },
      "minecraft:follow_range": {
        "value": 99,
        "max": 99
      }
      },
      "severed":{
        "minecraft:environment_sensor": {
          "triggers": [
              {
                  "filters": {
                      "all_of": [
                          { 
                              "test": "is_riding",
                              "subject": "self",
                              "operator": "==",
                              "value": false
                          }
                      ]
                  },
                  "event": "die"
              }
          ]
      },
        "minecraft:timer": {
          "looping": true,
          "time": 0.5,
          "time_down_event": {
              "event": "sev_init"
          }
      },
              "minecraft:rideable": {
        "seat_count": 1,
        "family_types": [
          "wither"
        ],
        "seats": {
          "position": [ -50.0, 1.0, 0.0 ]
        }
      },
      "minecraft:addrider": {
        "entity_type": "57:basic_wither_storm<severed2>"
      },
        "minecraft:is_baby": {
        },
        "minecraft:damage_sensor": {
          "triggers": [    
              {
                  "on_damage": {
                      "filters": {
                          "test": "is_family",
                          "subject": "other",
                          "value": "lightning"
                      }
                  },
                  "deals_damage": false
              },
              {
                "on_damage": {
                    "filters": {
                        "test": "is_family",
                        "subject": "other",
                        "value": "undead"
                    }
                },
                "deals_damage": false
            },
              {
                  "cause": "fall",
                  "deals_damage": false
              }, {
                  "cause": "fire_tick",
                  "deals_damage": false
              },
              {
                  "cause": "block_explosion",
                  "deals_damage": false
              },
              {
                "cause": "entity_explosion",
                "deals_damage": false
            },
            {
              "cause": "void",
              "deals_damage": false
          },
          {
            "cause": "wither",
            "deals_damage": false
        },
          {
            "cause": "magic",
            "deals_damage": false
        },
              {
                  "cause": "fire",
                  "deals_damage": false
              }, {
                  "on_damage": {
                      "filters": {
                          "all_of": [{
                              "test": "is_family",
                              "subject": "other",
                              "value": "irongolem"
                          }]
                      }
                  },
                  "deals_damage": false
              }
          ]
      },
      "minecraft:movement": {
        "value": 0.0
      },
      "minecraft:navigation.float": {
        "can_path_over_water": true
      },
      "minecraft:jump.static": {
      },
      "minecraft:can_climb": {
      },
      "minecraft:can_fly": {
      },
      "minecraft:behavior.float": {
        "priority": 0
      },
      "minecraft:behavior.ranged_attack": {
        "priority": 1,
        "burst_shots": 3,
    "burst_interval": 0.5,
        "attack_radius": 99,
        "charge_shoot_trigger": 1,
        "charge_charged_trigger": 1
    },
      "minecraft:behavior.hurt_by_target": {
        "priority": 2
      },
      "minecraft:behavior.nearest_attackable_target": {
        "priority": 3,
        "entity_types": [
          {
            "filters": { "test" :  "is_family", "subject" : "other", "value" :  "weener"},
            "max_dist": 99
          },
          {
            "filters": {
               "all_of": [
                {
                  
                    "test": "is_family",
                    "subject": "other",
                    "operator": "!=",
                    "value": "wither"
                  
                },
                {
                  
                    "test": "is_family",
                    "subject": "other",
                    "operator": "!=",
                    "value": "inanimate"
                  
                },
                {
                  
                    "test": "is_family",
                    "subject": "other",
                    "operator": "!=",
                    "value": "summon"
                  
                },
                {
                  
                    "test": "is_family",
                    "subject": "other",
                    "operator": "!=",
                    "value": "ezekiel"
                  
                }
              ]
            },
            "max_dist": 99
          }
        ],
        "must_see": true
      },
      "minecraft:follow_range": {
        "value": 99,
        "max": 99
      }
      },
      "die":{
        "minecraft:ambient_sound_interval":{
          "priority": 4,
          "event_name": "ambient",
          "range": 999999.0,
          "value": 999999.0
        },
        "minecraft:health": {
          "value": 0,
          "max": 0
        },
        "minecraft:scale": {
          "value": 0
        }
      },
      "death": {
        "minecraft:transformation": {
          "into": "57:basic_wither_storm_death"
      },
        "minecraft:is_saddled": {
        },
        "minecraft:physics": {
          "has_gravity": false
        },
        "minecraft:ambient_sound_interval":{
          "priority": 4,
          "event_name": "ambient",
          "range": 999999.0,
          "value": 999999.0
        },
        "minecraft:timer": {
          "looping": false,
          "time": 10,
          "time_down_event": {
              "event": "die"
          }
      },
      "minecraft:is_stunned":{}
    },
      "revive": {
        "minecraft:ambient_sound_interval":{
          "priority": 4,
          "event_name": "ambient",
          "range": 999999.0,
          "value": 999999.0
        },
        "minecraft:timer": {
          "looping": false,
          "time": 1.7,
          "time_down_event": {
              "event": "phase8"
          }
      },
        "minecraft:variant": {
          "value": 100
        },
        "minecraft:damage_sensor": {
          "triggers": [
              {
                  "cause": "all",
                  "deals_damage": false
              }
          ]
      }
      },
      "fake_land": {
        "minecraft:ambient_sound_interval":{
          "priority": 4,
          "event_name": "ambient",
          "range": 999999.0,
          "value": 999999.0
        },
        "minecraft:timer": {
          "looping": false,
          "time": 2.1,
          "time_down_event": {
              "event": "fake_land_tag"
          }
      },
        "minecraft:variant": {
          "value": 99
        },
        "minecraft:damage_sensor": {
          "triggers": [    
              {
                  "on_damage": {
                      "filters": {
                          "test": "is_family",
                          "subject": "other",
                          "value": "lightning"
                      }
                  },
                  "deals_damage": false
              },
              {
                "on_damage": {
                    "filters": {
                        "test": "is_family",
                        "subject": "other",
                        "value": "undead"
                    }
                },
                "deals_damage": false
            },
              {
                  "cause": "fall",
                  "deals_damage": false
              }, {
                  "cause": "fire_tick",
                  "deals_damage": false
              },
              {
                  "cause": "block_explosion",
                  "deals_damage": false
              },
              {
                "cause": "entity_explosion",
                "deals_damage": false
            },
            {
              "cause": "void",
              "deals_damage": false
          },
          {
            "cause": "wither",
            "deals_damage": false
        },
        {
          "cause": "projectile",
          "deals_damage": false
      },
          {
            "cause": "magic",
            "deals_damage": false
        },
              {
                  "cause": "fire",
                  "deals_damage": false
              }, 
              {
                  "on_damage": {
                      "filters": {
                          "all_of": [{
                              "test": "has_tag",
                              "subject": "self",
                              "operator": "==",
                              "value": "fake_landed"
                          }]
                      },
                      "event":"revive"
                  },
                  "deals_damage": true
              }
          ]
      }
      },
      "fake_fall": {
        "minecraft:ambient_sound_interval":{
          "priority": 4,
          "event_name": "ambient",
          "range": 999999.0,
          "value": 999999.0
        },
        "minecraft:variant": {
          "value": 98
        },
        "minecraft:timer": {
          "looping": true,
          "time": 0.1,
          "time_down_event": {
              "event": "fake_land"
          }
      },
        "minecraft:damage_sensor": {
          "triggers": [    
              
              {
                  "cause": "all",
                  "deals_damage": false
              }
          ]
      }
      },
      "poof": {
        "minecraft:explode": {
          "fuse_length": 0,
          "fuse_lit": true,
          "power": 1,
          "causes_fire": false,
          "destroy_affected_by_griefing": true
        }
      },
      "phase1":{
        "minecraft:spawn_entity": {
          "entities": {
              "min_wait_time": 2,
              "max_wait_time": 4,
              "spawn_entity": "57:basic_wither_storm_rubble",
              "spawn_event": "random"
          }
      },
        "minecraft:timer": {
          "looping": false,
          "time": 80,
          "time_down_event": {
              "event": "phase2"
          }
      },
        "minecraft:variant": {
          "value": 1
        },
        "minecraft:damage_sensor": {
          "triggers": [    
              {
                  "on_damage": {
                      "filters": {
                          "test": "is_family",
                          "subject": "other",
                          "value": "lightning"
                      }
                  },
                  "deals_damage": false
              },
              {
                "on_damage": {
                    "filters": {
                        "test": "is_family",
                        "subject": "other",
                        "value": "undead"
                    }
                },
                "deals_damage": false
            },
              {
                  "cause": "fall",
                  "deals_damage": false
              }, {
                  "cause": "fire_tick",
                  "deals_damage": false
              },
              {
                  "cause": "block_explosion",
                  "deals_damage": false
              },
              {
                "cause": "entity_explosion",
                "deals_damage": false
            },
            {
              "cause": "void",
              "deals_damage": false
          },
          {
            "cause": "wither",
            "deals_damage": false
        },
          {
            "cause": "magic",
            "deals_damage": false
        },
              {
                  "cause": "fire",
                  "deals_damage": false
              }, {
                  "on_damage": {
                      "filters": {
                          "all_of": [{
                              "test": "is_family",
                              "subject": "other",
                              "value": "irongolem"
                          }]
                      }
                  },
                  "deals_damage": false
              }
          ]
      },
      "minecraft:movement": {
        "value": 0.02
      },
      "minecraft:navigation.float": {
        "can_path_over_water": true
      },
      "minecraft:jump.static": {
      },
      "minecraft:can_climb": {
      },
      "minecraft:can_fly": {
      },
      "minecraft:behavior.float": {
        "priority": 0
      },
      "minecraft:behavior.ranged_attack": {
        "priority": 1,
        "burst_shots": 3,
    "burst_interval": 0.5,
        "attack_radius": 99,
        "charge_shoot_trigger": 1,
        "charge_charged_trigger": 1
    },
      "minecraft:behavior.hurt_by_target": {
        "priority": 2
      },
      "minecraft:behavior.nearest_attackable_target": {
        "priority": 3,
        "entity_types": [
          {
            "filters": { "test" :  "is_family", "subject" : "other", "value" :  "weener"},
            "max_dist": 99
          },
          {
            "filters": {
               "all_of": [
                {
                  
                    "test": "is_family",
                    "subject": "other",
                    "operator": "!=",
                    "value": "wither"
                  
                },
                {
                  
                    "test": "is_family",
                    "subject": "other",
                    "operator": "!=",
                    "value": "inanimate"
                  
                },
                {
                  
                    "test": "is_family",
                    "subject": "other",
                    "operator": "!=",
                    "value": "summon"
                  
                },
                {
                  
                    "test": "is_family",
                    "subject": "other",
                    "operator": "!=",
                    "value": "ezekiel"
                  
                }
              ]
            },
            "max_dist": 99
          }
        ],
        "must_see": true
      },
      "minecraft:behavior.float_wander": {
        "priority": 2,
        "must_reach": true,
        "xz_dist": 20,
        "y_dist": 3
      },
      "minecraft:follow_range": {
        "value": 99,
        "max": 99
      }
      },
      "phase2":{
        "minecraft:spawn_entity": {
          "entities": {
              "min_wait_time": 2,
              "max_wait_time": 3,
              "spawn_entity": "57:basic_wither_storm_rubble",
              "spawn_event": "random"
          }
      },
        "minecraft:timer": {
          "looping": false,
          "time": 80,
          "time_down_event": {
              "event": "phase3"
          }
      },
        "minecraft:variant": {
          "value": 2
        },
        "minecraft:damage_sensor": {
          "triggers": [    
              {
                  "on_damage": {
                      "filters": {
                          "test": "is_family",
                          "subject": "other",
                          "value": "lightning"
                      }
                  },
                  "deals_damage": false
              },
              {
                "on_damage": {
                    "filters": {
                        "test": "is_family",
                        "subject": "other",
                        "value": "undead"
                    }
                },
                "deals_damage": false
            },
              {
                  "cause": "fall",
                  "deals_damage": false
              }, {
                  "cause": "fire_tick",
                  "deals_damage": false
              },
              {
                  "cause": "block_explosion",
                  "deals_damage": false
              },
              {
                "cause": "entity_explosion",
                "deals_damage": false
            },
            {
              "cause": "void",
              "deals_damage": false
          },
          {
            "cause": "wither",
            "deals_damage": false
        },
          {
            "cause": "magic",
            "deals_damage": false
        },
              {
                  "cause": "fire",
                  "deals_damage": false
              }, {
                  "on_damage": {
                      "filters": {
                          "all_of": [{
                              "test": "is_family",
                              "subject": "other",
                              "value": "irongolem"
                          }]
                      }
                  },
                  "deals_damage": false
              }
          ]
      },
      "minecraft:movement": {
        "value": 0.02
      },
      "minecraft:navigation.float": {
        "can_path_over_water": true
      },
      "minecraft:jump.static": {
      },
      "minecraft:can_climb": {
      },
      "minecraft:can_fly": {
      },
      "minecraft:behavior.float": {
        "priority": 0
      },
      "minecraft:behavior.ranged_attack": {
        "priority": 1,
        "burst_shots": 4,
    "burst_interval": 0.4,
        "attack_radius": 99,
        "charge_shoot_trigger": 1,
        "charge_charged_trigger": 1
    },
      "minecraft:behavior.hurt_by_target": {
        "priority": 2
      },
      "minecraft:behavior.nearest_attackable_target": {
        "priority": 3,
        "entity_types": [
          {
            "filters": { "test" :  "is_family", "subject" : "other", "value" :  "weener"},
            "max_dist": 99
          },
          {
            "filters": {
               "all_of": [
                {
                  
                    "test": "is_family",
                    "subject": "other",
                    "operator": "!=",
                    "value": "wither"
                  
                },
                {
                  
                    "test": "is_family",
                    "subject": "other",
                    "operator": "!=",
                    "value": "inanimate"
                  
                },
                {
                  
                    "test": "is_family",
                    "subject": "other",
                    "operator": "!=",
                    "value": "summon"
                  
                },
                {
                  
                    "test": "is_family",
                    "subject": "other",
                    "operator": "!=",
                    "value": "ezekiel"
                  
                }
              ]
            },
            "max_dist": 99
          }
        ],
        "must_see": true
      },
      "minecraft:behavior.float_wander": {
        "priority": 2,
        "must_reach": true,
        "xz_dist": 20,
        "y_dist": 3
      },
      "minecraft:follow_range": {
        "value": 99,
        "max": 99
      }
      },
      "phase3":{
        "minecraft:spawn_entity": {
          "entities": {
              "min_wait_time": 1,
              "max_wait_time": 3,
              "spawn_entity": "57:basic_wither_storm_rubble",
              "spawn_event": "random"
          }
      },
        "minecraft:timer": {
          "looping": false,
          "time": 80,
          "time_down_event": {
              "event": "phase4"
          }
      },
        "minecraft:variant": {
          "value": 3
        },
        "minecraft:damage_sensor": {
          "triggers": [    
              {
                  "on_damage": {
                      "filters": {
                          "test": "is_family",
                          "subject": "other",
                          "value": "lightning"
                      }
                  },
                  "deals_damage": false
              },
              {
                "on_damage": {
                    "filters": {
                        "test": "is_family",
                        "subject": "other",
                        "value": "undead"
                    }
                },
                "deals_damage": false
            },
              {
                  "cause": "fall",
                  "deals_damage": false
              }, {
                  "cause": "fire_tick",
                  "deals_damage": false
              },
              {
                  "cause": "block_explosion",
                  "deals_damage": false
              },
              {
                "cause": "entity_explosion",
                "deals_damage": false
            },
            {
              "cause": "void",
              "deals_damage": false
          },
          {
            "cause": "wither",
            "deals_damage": false
        },
          {
            "cause": "magic",
            "deals_damage": false
        },
              {
                  "cause": "fire",
                  "deals_damage": false
              }, {
                  "on_damage": {
                      "filters": {
                          "all_of": [{
                              "test": "is_family",
                              "subject": "other",
                              "value": "irongolem"
                          }]
                      }
                  },
                  "deals_damage": false
              }
          ]
      },
      "minecraft:movement": {
        "value": 0.02
      },
      "minecraft:navigation.float": {
        "can_path_over_water": true
      },
      "minecraft:jump.static": {
      },
      "minecraft:can_climb": {
      },
      "minecraft:can_fly": {
      },
      "minecraft:behavior.float": {
        "priority": 0
      },
      "minecraft:behavior.ranged_attack": {
        "priority": 1,
        "burst_shots": 5,
    "burst_interval": 0.3,
        "attack_radius": 99,
        "charge_shoot_trigger": 1,
        "charge_charged_trigger": 1
    },
      "minecraft:behavior.hurt_by_target": {
        "priority": 2
      },
      "minecraft:behavior.nearest_attackable_target": {
        "priority": 3,
        "entity_types": [
          {
            "filters": { "test" :  "is_family", "subject" : "other", "value" :  "weener"},
            "max_dist": 99
          },
          {
            "filters": {
               "all_of": [
                {
                  
                    "test": "is_family",
                    "subject": "other",
                    "operator": "!=",
                    "value": "wither"
                  
                },
                {
                  
                    "test": "is_family",
                    "subject": "other",
                    "operator": "!=",
                    "value": "inanimate"
                  
                },
                {
                  
                    "test": "is_family",
                    "subject": "other",
                    "operator": "!=",
                    "value": "summon"
                  
                },
                {
                  
                    "test": "is_family",
                    "subject": "other",
                    "operator": "!=",
                    "value": "ezekiel"
                  
                }
              ]
            },
            "max_dist": 99
          }
        ],
        "must_see": true
      },
      "minecraft:behavior.float_wander": {
        "priority": 2,
        "must_reach": true,
        "xz_dist": 20,
        "y_dist": 3
      },
      "minecraft:follow_range": {
        "value": 99,
        "max": 99
      }
      },
      "phase4":{
        "minecraft:spawn_entity": {
          "entities": {
              "min_wait_time": 1,
              "max_wait_time": 2,
              "spawn_entity": "57:basic_wither_storm_rubble",
              "spawn_event": "random"
          }
      },
        "minecraft:timer": {
          "looping": false,
          "time": 80,
          "time_down_event": {
              "event": "phase5"
          }
      },
        "minecraft:variant": {
          "value": 4
        },
        "minecraft:damage_sensor": {
          "triggers": [    
              {
                  "on_damage": {
                      "filters": {
                          "test": "is_family",
                          "subject": "other",
                          "value": "lightning"
                      }
                  },
                  "deals_damage": false
              },
              {
                "on_damage": {
                    "filters": {
                        "test": "is_family",
                        "subject": "other",
                        "value": "undead"
                    }
                },
                "deals_damage": false
            },
              {
                  "cause": "fall",
                  "deals_damage": false
              }, {
                  "cause": "fire_tick",
                  "deals_damage": false
              },
              {
                  "cause": "block_explosion",
                  "deals_damage": false
              },
              {
                "cause": "entity_explosion",
                "deals_damage": false
            },
            {
              "cause": "void",
              "deals_damage": false
          },
          {
            "cause": "wither",
            "deals_damage": false
        },
          {
            "cause": "magic",
            "deals_damage": false
        },
              {
                  "cause": "fire",
                  "deals_damage": false
              }, {
                  "on_damage": {
                      "filters": {
                          "all_of": [{
                              "test": "is_family",
                              "subject": "other",
                              "value": "irongolem"
                          }]
                      }
                  },
                  "deals_damage": false
              }
          ]
      },
      "minecraft:movement": {
        "value": 0.02
      },
      "minecraft:navigation.float": {
        "can_path_over_water": true
      },
      "minecraft:jump.static": {
      },
      "minecraft:can_climb": {
      },
      "minecraft:can_fly": {
      },
      "minecraft:behavior.float": {
        "priority": 0
      },
      "minecraft:behavior.ranged_attack": {
        "priority": 1,
        "burst_shots": 6,
    "burst_interval": 0.2,
        "attack_radius": 99,
        "charge_shoot_trigger": 1,
        "charge_charged_trigger": 1
    },
      "minecraft:behavior.hurt_by_target": {
        "priority": 2
      },
      "minecraft:behavior.nearest_attackable_target": {
        "priority": 3,
        "entity_types": [
          {
            "filters": { "test" :  "is_family", "subject" : "other", "value" :  "weener"},
            "max_dist": 99
          },
          {
            "filters": {
               "all_of": [
                {
                  
                    "test": "is_family",
                    "subject": "other",
                    "operator": "!=",
                    "value": "wither"
                  
                },
                {
                  
                    "test": "is_family",
                    "subject": "other",
                    "operator": "!=",
                    "value": "inanimate"
                  
                },
                {
                  
                    "test": "is_family",
                    "subject": "other",
                    "operator": "!=",
                    "value": "summon"
                  
                },
                {
                  
                    "test": "is_family",
                    "subject": "other",
                    "operator": "!=",
                    "value": "ezekiel"
                  
                }
              ]
            },
            "max_dist": 99
          }
        ],
        "must_see": true
      },
      "minecraft:behavior.float_wander": {
        "priority": 2,
        "must_reach": true,
        "xz_dist": 20,
        "y_dist": 3
      },
      "minecraft:follow_range": {
        "value": 99,
        "max": 99
      }
      },
      "phase5":{
        
        "minecraft:spawn_entity": {
          "entities": {
              "min_wait_time": 1,
              "max_wait_time": 2,
              "spawn_entity": "57:basic_wither_storm_rubble",
              "spawn_event": "random"
          }
      },
        "minecraft:timer": {
          "looping": false,
          "time": 80,
          "time_down_event": {
              "event": "phase6"
          }
      },
        "minecraft:variant": {
          "value": 5
        },
        "minecraft:damage_sensor": {
          "triggers": [    
              {
                  "on_damage": {
                      "filters": {
                          "test": "is_family",
                          "subject": "other",
                          "value": "lightning"
                      }
                  },
                  "deals_damage": false
              },
              {
                "on_damage": {
                    "filters": {
                        "test": "is_family",
                        "subject": "other",
                        "value": "undead"
                    }
                },
                "deals_damage": false
            },
              {
                  "cause": "fall",
                  "deals_damage": false
              }, {
                  "cause": "fire_tick",
                  "deals_damage": false
              },
              {
                  "cause": "block_explosion",
                  "deals_damage": false
              },
              {
                "cause": "entity_explosion",
                "deals_damage": false
            },
            {
              "cause": "void",
              "deals_damage": false
          },
          {
            "cause": "wither",
            "deals_damage": false
        },
          {
            "cause": "magic",
            "deals_damage": false
        },
              {
                  "cause": "fire",
                  "deals_damage": false
              }, {
                  "on_damage": {
                      "filters": {
                          "all_of": [{
                              "test": "is_family",
                              "subject": "other",
                              "value": "irongolem"
                          }]
                      }
                  },
                  "deals_damage": false
              }
          ]
      },
      "minecraft:movement": {
        "value": 0.0
      },
      "minecraft:navigation.float": {
        "can_path_over_water": true
      },
      "minecraft:jump.static": {
      },
      "minecraft:can_climb": {
      },
      "minecraft:can_fly": {
      },
      "minecraft:behavior.float": {
        "priority": 0
      },
      "minecraft:behavior.ranged_attack": {
        "priority": 1,
        "burst_shots": 7,
    "burst_interval": 0.1,
        "attack_radius": 99,
        "charge_shoot_trigger": 1,
        "charge_charged_trigger": 1
    },
      "minecraft:behavior.hurt_by_target": {
        "priority": 2
      },
      "minecraft:behavior.nearest_attackable_target": {
        "priority": 3,
        "entity_types": [
          {
            "filters": { "test" :  "is_family", "subject" : "other", "value" :  "weener"},
            "max_dist": 99
          },
          {
            "filters": {
               "all_of": [
                {
                  
                    "test": "is_family",
                    "subject": "other",
                    "operator": "!=",
                    "value": "wither"
                  
                },
                {
                  
                    "test": "is_family",
                    "subject": "other",
                    "operator": "!=",
                    "value": "inanimate"
                  
                },
                {
                  
                    "test": "is_family",
                    "subject": "other",
                    "operator": "!=",
                    "value": "summon"
                  
                },
                {
                  
                    "test": "is_family",
                    "subject": "other",
                    "operator": "!=",
                    "value": "ezekiel"
                  
                }
              ]
            },
            "max_dist": 99
          }
        ],
        "must_see": true
      },
      "minecraft:behavior.float_wander": {
        "priority": 2,
        "must_reach": true,
        "xz_dist": 20,
        "y_dist": 3
      },
      "minecraft:follow_range": {
        "value": 99,
        "max": 99
      }
      },
      "phase6":{
        "minecraft:spawn_entity": {
          "entities": {
              "min_wait_time": 1,
              "max_wait_time": 1.5,
              "spawn_entity": "57:basic_wither_storm_rubble",
              "spawn_event": "random"
          }
      },
        "minecraft:timer": {
          "looping": false,
          "time": 80,
          "time_down_event": {
              "event": "phase7"
          }
      },
        "minecraft:variant": {
          "value": 6
        },
        "minecraft:damage_sensor": {
          "triggers": [    
              {
                  "on_damage": {
                      "filters": {
                          "test": "is_family",
                          "subject": "other",
                          "value": "lightning"
                      }
                  },
                  "deals_damage": false
              },
              {
                "on_damage": {
                    "filters": {
                        "test": "is_family",
                        "subject": "other",
                        "value": "undead"
                    }
                },
                "deals_damage": false
            },
              {
                  "cause": "fall",
                  "deals_damage": false
              }, {
                  "cause": "fire_tick",
                  "deals_damage": false
              },
              {
                  "cause": "block_explosion",
                  "deals_damage": false
              },
              {
                "cause": "entity_explosion",
                "deals_damage": false
            },
            {
              "cause": "void",
              "deals_damage": false
          },
          {
            "cause": "wither",
            "deals_damage": false
        },
          {
            "cause": "magic",
            "deals_damage": false
        },
              {
                  "cause": "fire",
                  "deals_damage": false
              }, {
                  "on_damage": {
                      "filters": {
                          "all_of": [{
                              "test": "is_family",
                              "subject": "other",
                              "value": "irongolem"
                          }]
                      }
                  },
                  "deals_damage": false
              }
          ]
      },
      "minecraft:movement": {
        "value": 0.0
      },
      "minecraft:navigation.float": {
        "can_path_over_water": true
      },
      "minecraft:jump.static": {
      },
      "minecraft:can_climb": {
      },
      "minecraft:can_fly": {
      },
      "minecraft:behavior.float": {
        "priority": 0
      },
      "minecraft:behavior.ranged_attack": {
        "priority": 1,
        "burst_shots": 8,
    "burst_interval": 0.1,
        "attack_radius": 99,
        "charge_shoot_trigger": 1,
        "charge_charged_trigger": 1
    },
      "minecraft:behavior.hurt_by_target": {
        "priority": 2
      },
      "minecraft:behavior.nearest_attackable_target": {
        "priority": 3,
        "entity_types": [
          {
            "filters": { "test" :  "is_family", "subject" : "other", "value" :  "weener"},
            "max_dist": 99
          },
          {
            "filters": {
               "all_of": [
                {
                  
                    "test": "is_family",
                    "subject": "other",
                    "operator": "!=",
                    "value": "wither"
                  
                },
                {
                  
                    "test": "is_family",
                    "subject": "other",
                    "operator": "!=",
                    "value": "inanimate"
                  
                },
                {
                  
                    "test": "is_family",
                    "subject": "other",
                    "operator": "!=",
                    "value": "summon"
                  
                },
                {
                  
                    "test": "is_family",
                    "subject": "other",
                    "operator": "!=",
                    "value": "ezekiel"
                  
                }
              ]
            },
            "max_dist": 99
          }
        ],
        "must_see": true
      },
      "minecraft:behavior.float_wander": {
        "priority": 2,
        "must_reach": true,
        "xz_dist": 20,
        "y_dist": 3
      },
      "minecraft:follow_range": {
        "value": 99,
        "max": 99
      }
      },
      "phase7":{
        "minecraft:spawn_entity": {
          "entities": {
              "min_wait_time": 1,
              "max_wait_time": 1.4,
              "spawn_entity": "57:basic_wither_storm_rubble",
              "spawn_event": "random"
          }
      },
        "minecraft:variant": {
          "value": 7
        },
        "minecraft:damage_sensor": {
          "triggers": [    
              {
                  "on_damage": {
                      "filters": {
                          "test": "is_family",
                          "subject": "other",
                          "value": "lightning"
                      }
                  },
                  "deals_damage": false
              },
              {
                "on_damage": {
                    "filters": {
                        "test": "is_family",
                        "subject": "other",
                        "value": "undead"
                    }
                },
                "deals_damage": false
            },
              {
                  "cause": "fall",
                  "deals_damage": false
              }, {
                  "cause": "fire_tick",
                  "deals_damage": false
              },
              {
                  "cause": "block_explosion",
                  "deals_damage": false
              },
              {
                "cause": "entity_explosion",
                "deals_damage": false
            },
            {
              "cause": "void",
              "deals_damage": false
          },
          {
            "cause": "wither",
            "deals_damage": false
        },
          {
            "cause": "magic",
            "deals_damage": false
        },
              {
                  "cause": "fire",
                  "deals_damage": false
              }, {
                  "on_damage": {
                      "filters": {
                          "all_of": [{
                              "test": "is_family",
                              "subject": "other",
                              "value": "irongolem"
                          }]
                      }
                  },
                  "deals_damage": false
              }
          ]
      },
      "minecraft:movement": {
        "value": 0.0
      },
      "minecraft:navigation.float": {
        "can_path_over_water": true
      },
      "minecraft:jump.static": {
      },
      "minecraft:can_climb": {
      },
      "minecraft:can_fly": {
      },
      "minecraft:behavior.float": {
        "priority": 0
      },
      "minecraft:behavior.ranged_attack": {
        "priority": 1,
        "burst_shots": 9,
    "burst_interval": 0.1,
        "attack_radius": 99,
        "charge_shoot_trigger": 0.5,
        "charge_charged_trigger": 0.5
    },
      "minecraft:behavior.hurt_by_target": {
        "priority": 2
      },
      "minecraft:behavior.nearest_attackable_target": {
        "priority": 3,
        "entity_types": [
          {
            "filters": { "test" :  "is_family", "subject" : "other", "value" :  "weener"},
            "max_dist": 99
          },
          {
            "filters": {
               "all_of": [
                {
                  
                    "test": "is_family",
                    "subject": "other",
                    "operator": "!=",
                    "value": "wither"
                  
                },
                {
                  
                    "test": "is_family",
                    "subject": "other",
                    "operator": "!=",
                    "value": "inanimate"
                  
                },
                {
                  
                    "test": "is_family",
                    "subject": "other",
                    "operator": "!=",
                    "value": "summon"
                  
                },
                {
                  
                    "test": "is_family",
                    "subject": "other",
                    "operator": "!=",
                    "value": "ezekiel"
                  
                }
              ]
            },
            "max_dist": 99
          }
        ],
        "must_see": true
      },
      "minecraft:behavior.float_wander": {
        "priority": 2,
        "must_reach": true,
        "xz_dist": 20,
        "y_dist": 3
      },
      "minecraft:follow_range": {
        "value": 99,
        "max": 99
      }
      },
      "phase8":{
        "minecraft:spawn_entity": {
          "entities": {
              "min_wait_time": 1,
              "max_wait_time": 1.3,
              "spawn_entity": "57:basic_wither_storm_rubble",
              "spawn_event": "random"
          }
      },
        "minecraft:timer": {
          "looping": false,
          "time": 50,
          "time_down_event": {
              "event": "phase9"
          }
      },
        "minecraft:variant": {
          "value": 8
        },
        "minecraft:damage_sensor": {
          "triggers": [    
              {
                  "on_damage": {
                      "filters": {
                          "test": "is_family",
                          "subject": "other",
                          "value": "lightning"
                      }
                  },
                  "deals_damage": false
              },
              {
                "on_damage": {
                    "filters": {
                        "test": "is_family",
                        "subject": "other",
                        "value": "undead"
                    }
                },
                "deals_damage": false
            },
              {
                  "cause": "fall",
                  "deals_damage": false
              }, {
                  "cause": "fire_tick",
                  "deals_damage": false
              },
              {
                  "cause": "block_explosion",
                  "deals_damage": false
              },
              {
                "cause": "entity_explosion",
                "deals_damage": false
            },
            {
              "cause": "void",
              "deals_damage": false
          },
          {
            "cause": "wither",
            "deals_damage": false
        },
          {
            "cause": "magic",
            "deals_damage": false
        },
              {
                  "cause": "fire",
                  "deals_damage": false
              }, {
                  "on_damage": {
                      "filters": {
                          "all_of": [{
                              "test": "is_family",
                              "subject": "other",
                              "value": "irongolem"
                          }]
                      }
                  },
                  "deals_damage": false
              }
          ]
      },
      "minecraft:movement": {
        "value": 0.0
      },
      "minecraft:navigation.float": {
        "can_path_over_water": true
      },
      "minecraft:jump.static": {
      },
      "minecraft:can_climb": {
      },
      "minecraft:can_fly": {
      },
      "minecraft:behavior.float": {
        "priority": 0
      },
      "minecraft:behavior.ranged_attack": {
        "priority": 1,
        "burst_shots": 10,
    "burst_interval": 0.1,
        "attack_radius": 99,
        "charge_shoot_trigger": 0.4,
        "charge_charged_trigger": 0.4
    },
      "minecraft:behavior.hurt_by_target": {
        "priority": 2
      },
      "minecraft:behavior.nearest_attackable_target": {
        "priority": 3,
        "entity_types": [
          {
            "filters": { "test" :  "is_family", "subject" : "other", "value" :  "weener"},
            "max_dist": 99
          },
          {
            "filters": {
               "all_of": [
                {
                  
                    "test": "is_family",
                    "subject": "other",
                    "operator": "!=",
                    "value": "wither"
                  
                },
                {
                  
                    "test": "is_family",
                    "subject": "other",
                    "operator": "!=",
                    "value": "inanimate"
                  
                },
                {
                  
                    "test": "is_family",
                    "subject": "other",
                    "operator": "!=",
                    "value": "summon"
                  
                },
                {
                  
                    "test": "is_family",
                    "subject": "other",
                    "operator": "!=",
                    "value": "ezekiel"
                  
                }
              ]
            },
            "max_dist": 99
          }
        ],
        "must_see": true
      },
      "minecraft:behavior.float_wander": {
        "priority": 2,
        "must_reach": true,
        "xz_dist": 20,
        "y_dist": 3
      },
      "minecraft:follow_range": {
        "value": 99,
        "max": 99
      }
      },
      "phase9":{
        "minecraft:spawn_entity": {
          "entities": {
              "min_wait_time": 1,
              "max_wait_time": 1.1,
              "spawn_entity": "57:basic_wither_storm_rubble",
              "spawn_event": "random"
          }
      },
        "minecraft:timer": {
          "looping": false,
          "time": 50,
          "time_down_event": {
              "event": "phase10"
          }
      },
        "minecraft:variant": {
          "value": 9
        },
        "minecraft:damage_sensor": {
          "triggers": [    
              {
                  "on_damage": {
                      "filters": {
                          "test": "is_family",
                          "subject": "other",
                          "value": "lightning"
                      }
                  },
                  "deals_damage": false
              },
              {
                "on_damage": {
                    "filters": {
                        "test": "is_family",
                        "subject": "other",
                        "value": "undead"
                    }
                },
                "deals_damage": false
            },
              {
                  "cause": "fall",
                  "deals_damage": false
              }, {
                  "cause": "fire_tick",
                  "deals_damage": false
              },
              {
                  "cause": "block_explosion",
                  "deals_damage": false
              },
              {
                "cause": "entity_explosion",
                "deals_damage": false
            },
            {
              "cause": "void",
              "deals_damage": false
          },
          {
            "cause": "wither",
            "deals_damage": false
        },
          {
            "cause": "magic",
            "deals_damage": false
        },
              {
                  "cause": "fire",
                  "deals_damage": false
              }, {
                  "on_damage": {
                      "filters": {
                          "all_of": [{
                              "test": "is_family",
                              "subject": "other",
                              "value": "irongolem"
                          }]
                      }
                  },
                  "deals_damage": false
              }
          ]
      },
      "minecraft:movement": {
        "value": 0.0
      },
      "minecraft:navigation.float": {
        "can_path_over_water": true
      },
      "minecraft:jump.static": {
      },
      "minecraft:can_climb": {
      },
      "minecraft:can_fly": {
      },
      "minecraft:behavior.float": {
        "priority": 0
      },
      "minecraft:behavior.ranged_attack": {
        "priority": 1,
        "burst_shots": 11,
    "burst_interval": 0.1,
        "attack_radius": 99,
        "charge_shoot_trigger": 0.3,
        "charge_charged_trigger": 0.3
    },
      "minecraft:behavior.hurt_by_target": {
        "priority": 2
      },
      "minecraft:behavior.nearest_attackable_target": {
        "priority": 3,
        "entity_types": [
          {
            "filters": { "test" :  "is_family", "subject" : "other", "value" :  "weener"},
            "max_dist": 99
          },
          {
            "filters": {
               "all_of": [
                {
                  
                    "test": "is_family",
                    "subject": "other",
                    "operator": "!=",
                    "value": "wither"
                  
                },
                {
                  
                    "test": "is_family",
                    "subject": "other",
                    "operator": "!=",
                    "value": "inanimate"
                  
                },
                {
                  
                    "test": "is_family",
                    "subject": "other",
                    "operator": "!=",
                    "value": "summon"
                  
                },
                {
                  
                    "test": "is_family",
                    "subject": "other",
                    "operator": "!=",
                    "value": "ezekiel"
                  
                }
              ]
            },
            "max_dist": 99
          }
        ],
        "must_see": true
      },
      "minecraft:behavior.float_wander": {
        "priority": 2,
        "must_reach": true,
        "xz_dist": 20,
        "y_dist": 3
      },
      "minecraft:follow_range": {
        "value": 99,
        "max": 99
      }
      },
      "phase10":{
        "minecraft:spawn_entity": {
          "entities": {
              "min_wait_time": 1,
              "max_wait_time": 1,
              "spawn_entity": "57:basic_wither_storm_rubble",
              "spawn_event": "random"
          }
      },
        "minecraft:variant": {
          "value": 10
        },
        "minecraft:damage_sensor": {
          "triggers": [    
              {
                  "on_damage": {
                      "filters": {
                          "test": "is_family",
                          "subject": "other",
                          "value": "lightning"
                      }
                  },
                  "deals_damage": false
              },
              {
                "on_damage": {
                    "filters": {
                        "test": "is_family",
                        "subject": "other",
                        "value": "undead"
                    }
                },
                "deals_damage": false
            },
              {
                  "cause": "fall",
                  "deals_damage": false
              }, {
                  "cause": "fire_tick",
                  "deals_damage": false
              },
              {
                  "cause": "block_explosion",
                  "deals_damage": false
              },
              {
                "cause": "entity_explosion",
                "deals_damage": false
            },
            {
              "cause": "void",
              "deals_damage": false
          },
          {
            "cause": "wither",
            "deals_damage": false
        },
          {
            "cause": "magic",
            "deals_damage": false
        },
              {
                  "cause": "fire",
                  "deals_damage": false
              }, {
                  "on_damage": {
                      "filters": {
                          "all_of": [{
                              "test": "is_family",
                              "subject": "other",
                              "value": "irongolem"
                          }]
                      }
                  },
                  "deals_damage": false
              }
          ]
      },
      "minecraft:movement": {
        "value": 0.0
      },
      "minecraft:navigation.float": {
        "can_path_over_water": true
      },
      "minecraft:jump.static": {
      },
      "minecraft:can_climb": {
      },
      "minecraft:can_fly": {
      },
      "minecraft:behavior.float": {
        "priority": 0
      },
      "minecraft:behavior.ranged_attack": {
        "priority": 1,
        "burst_shots": 12,
    "burst_interval": 0.1,
        "attack_radius": 99,
        "charge_shoot_trigger": 0.2,
        "charge_charged_trigger": 0.2
    },
      "minecraft:behavior.hurt_by_target": {
        "priority": 2
      },
      "minecraft:behavior.nearest_attackable_target": {
        "priority": 3,
        "entity_types": [
          {
            "filters": { "test" :  "is_family", "subject" : "other", "value" :  "weener"},
            "max_dist": 99
          },
          {
            "filters": {
               "all_of": [
                {
                  
                    "test": "is_family",
                    "subject": "other",
                    "operator": "!=",
                    "value": "wither"
                  
                },
                {
                  
                    "test": "is_family",
                    "subject": "other",
                    "operator": "!=",
                    "value": "inanimate"
                  
                },
                {
                  
                    "test": "is_family",
                    "subject": "other",
                    "operator": "!=",
                    "value": "summon"
                  
                },
                {
                  
                    "test": "is_family",
                    "subject": "other",
                    "operator": "!=",
                    "value": "ezekiel"
                  
                }
              ]
            },
            "max_dist": 99
          }
        ],
        "must_see": true
      },
      "minecraft:behavior.float_wander": {
        "priority": 2,
        "must_reach": true,
        "xz_dist": 20,
        "y_dist": 3
      },
      "minecraft:follow_range": {
        "value": 99,
        "max": 99
      }
      }
    },
    "components": {
      "minecraft:variant": {
        "value": 1
      },

      "minecraft:breathable": {
        "total_supply": 15,
        "suffocate_time": 0
      },

      "minecraft:damage_sensor": {
        "triggers": [    
            
            {
                "cause": "all",
                "deals_damage": false
            }
        ]
    },
      "minecraft:shooter": {
        "def": "57:basic_wither_storm_skull"
    },
      "minecraft:health": {
        "value": 600,
        "max": 600,
        "min": 600
      },
      "minecraft:knockback_resistance": {
        "value": 100
      },
      "minecraft:collision_box": {
        "width": 2,
        "height": 2
      },
      "minecraft:fire_immune": {
      },

      "minecraft:movement": {
        "value": 0.0
      },
      "minecraft:timer": {
        "looping": false,
        "time": 10,
        "time_down_event": {
            "event": "phase1"
        }
    },
      "minecraft:type_family": {
        "family": ["skeleton", "undead", "basic_wither_storm", "bws", "monster", "mob", "wither","b_w_s" ]
      },
      "minecraft:persistent": {
      },
      "minecraft:physics": {
      },
      "minecraft:pushable": {
        "is_pushable": false,
        "is_pushable_by_piston": false
      },
      "minecraft:conditional_bandwidth_optimization": {
      }
    },

    "events": {
      "minecraft:entity_spawned": {

      },
      "poof": {
        "add": {
          "component_groups": [
            "poof"
          ]
        }
      },
      "severed": {
        "add": {
          "component_groups": [
            "severed"
          ]
        },
        "run_command": {
          "command": [
            "tag @s add bws_summon"
          ]
      }
      },
      "severed2": {
        "run_command": {
          "command": [
              "tag @s add bws_summon"
          ]
      },
        "add": {
          "component_groups": [
            "severed2"
          ]
        }
      },
      "sev_init": {
        "sequence":[
          {
            "filters": {
              "test": "is_riding", "subject": "self", "operator": "!=", "value": "true"
          },
          "run_command": {
            "command": [
              ""
            ]
        }
      }
    ]
      },
      "phase1": {
        "sequence":[
          {
            "filters": {
              "test": "has_tag", "subject": "self", "operator": "!=", "value": "bws_summon"
          },
          "run_command": {
            "command": [
                "tag @s add bws_music",
                "tag @s add bws_yeah",
                "tag @s add bws_small"
            ]
        },
        "remove": {
          "component_groups": [
            "phase0"
          ]
        },
        "add": {
          "component_groups": [
            "phase1",
            "boss"
          ]
        }
      }
    ]
      },
      "phase2": {
        "sequence":[
          {
            "filters": {
              "test": "has_tag", "subject": "self", "operator": "!=", "value": "bws_summon"
          },
        "run_command": {
          "command": [
              "spreadplayers ~ ~ 0 1 @s"
          ]
      },
        "remove": {
          "component_groups": [
            "phase1"
          ]
        },
        "add": {
          "component_groups": [
            "phase2"
          ]
        }
      }
    ]
      },
      "phase3": {
        "sequence":[
          {
            "filters": {
              "test": "has_tag", "subject": "self", "operator": "!=", "value": "bws_summon"
          },
        "run_command": {
          "command": [
              "spreadplayers ~ ~ 0 1 @s"
          ]
      },
        "remove": {
          "component_groups": [
            "phase2"
          ]
        },
        "add": {
          "component_groups": [
            "phase3"
          ]
        }
      }
    ]
      },
      "phase4": {
        "sequence":[
          {
            "filters": {
              "test": "has_tag", "subject": "self", "operator": "!=", "value": "bws_summon"
          },
        "run_command": {
          "command": [
              "spreadplayers ~ ~ 0 1 @s"
          ]
      },
        "remove": {
          "component_groups": [
            "phase3"
          ]
        },
        "add": {
          "component_groups": [
            "phase4"
          ]
        }
      }
    ]
      },
      "phase5": {
        "sequence":[
          {
            "filters": {
              "test": "has_tag", "subject": "self", "operator": "!=", "value": "bws_summon"
          },
        "run_command": {
          "command": [
          "tag @s remove bws_small",
            "spreadplayers ~ ~ 0 1 @s",
              "tp @s ~ ~20 ~",
              "tag @s add bws_tractor"
          ]
      },
        "remove": {
          "component_groups": [
            "phase4"
          ]
        },
        "add": {
          "component_groups": [
            "phase5"
          ]
        }
      }
    ]
      },
      "phase6": {
        "sequence":[
          {
            "filters": {
              "test": "has_tag", "subject": "self", "operator": "!=", "value": "bws_summon"
          },
        "remove": {
          "component_groups": [
            "phase5"
          ]
        },
        "add": {
          "component_groups": [
            "phase6"
          ]
        }
      }
    ]
      },
      "phase7": {
        "sequence":[
          {
            "filters": {
              "test": "has_tag", "subject": "self", "operator": "!=", "value": "bws_summon"
          },
          "run_command": {
            "command": [
                "tag @s add bws_faller"
            ]
        },
        "remove": {
          "component_groups": [
            "phase6"
          ]
        },
        "add": {
          "component_groups": [
            "phase7"
          ]
        }
      }
    ]
      },
      "phase8": {
        "sequence":[
          {
            "filters": {
              "test": "has_tag", "subject": "self", "operator": "!=", "value": "bws_summon"
          },
        "remove": {
          "component_groups": [
            "phase7",
            "fake_fall",
            "fake_land",
            "revive"
          ]
        },
        "add": {
          "component_groups": [
            "phase8",
            "sev_ride"
          ]
        },
        "run_command": {
          "command": [
              "tp @s ~ ~20 ~",
              "tag @s add bws_tractor"
          ]
      }
    }
  ]
      },
      "target_tag": {
        "sequence":[
          {
            "filters": {
              "test": "has_tag", "subject": "self", "operator": "!=", "value": "bws_summon"
          },
        "run_command": {
            "command": [
                "scoreboard players add @s[scores={bws_tar=..7}] bws_tar 2"
            ],
            "target": "target"
        }
      }
    ]
    },
      "phase9": {
        "sequence":[
          {
            "filters": {
              "test": "has_tag", "subject": "self", "operator": "!=", "value": "bws_summon"
          },
        "remove": {
          "component_groups": [
            "phase8"
          ]
        },
        "add": {
          "component_groups": [
            "phase9"
          ]
        }
      }
    ]
      },
      "phase10": {
        "sequence":[
          {
            "filters": {
              "test": "has_tag", "subject": "self", "operator": "!=", "value": "bws_summon"
          },
          "run_command": {
            "command": [
                "tag @s add bws_final"
            ]
        },
        "remove": {
          "component_groups": [
            "phase9"
          ]
        },
        "add": {
          "component_groups": [
            "phase10"
          ]
        }
      }
    ]
      },

      "fake_fall": {
        "run_command": {
          "command": [
              "tag @s remove bws_music",
              "tag @s remove bws_tractor",
              "tag @s remove bws_small",
              "tag @s remove bws_faller"
          ]
      },
        "remove": {
          "component_groups": [
            "phase1",
            "phase2",
            "phase3",
            "phase4",
            "phase5",
            "phase6",
            "phase7"
          ]
        },
        "add": {
          "component_groups": [
            "fake_fall"
          ]
        }
      },
      "fake_land": {
        "sequence":[
          {
            "filters": {
              "test": "on_ground"
          },
        "remove": {
          "component_groups": [
            "fake_fall"
          ]
        },
        "add": {
          "component_groups": [
            "fake_land"
          ]
        }
      }
    ]
      },
      "fake_land_tag": {
        "run_command": {
          "command": [
            "tag @s add fake_landed"
          ]
      }
    },
      "revive": {
        "run_command": {
          "command": [
            "tag @s add bws_music",
            "tag @s remove fake_landed"
          ]
      },
        "remove": {
          "component_groups": [
            "fake_fall","fake_land"
          ]
        },
        "add": {
          "component_groups": [
            "revive"
          ]
        }
      },
      "die": {
        "add": {
          "component_groups": [
            "die"
          ]
        }
      },
      "death": {
        "sequence":[
          {
            "filters": {
              "all_of": [
                {
              "test": "is_variant", "value": 10
                },
                {
                  "test": "has_tag", "value": "bws_summon", "subject": "self", "operator": "!="
                    }
              ]
          },
          "run_command": {
            "command": [
              "tag @s remove bws_music",
              "tag @s add bws_die",
              "playsound mob.wither_storm.death @a[r=100]",
              "tp @s @s",
              "camerashake add @a[r=70] 0.5 10 rotational"
            ]
        },
        "remove": {
          "component_groups": [
            "phase1",
            "phase2",
            "phase3",
            "phase4",
            "phase5",
            "phase6",
            "phase7",
            "phase8",
            "phase9",
            "phase10",
            "fake_fall",
            "fake_land",
            "revive"
          ]
        },
        "add": {
          "component_groups": [
            "death"
          ]
        }
      }
    ]
      }
    }
  }
}