{
  "format_version": "1.16.0",
  "minecraft:entity": {
      "description": {
          "identifier": "57:bws_spawn",
          "is_spawnable": false,
          "is_summonable": true,
          "is_experimental": false,
          "scripts": {
              "animate": [
                  "skyrim"
              ]
          },
          "animations": {
              "skyrim": "controller.animation.bws.spawn"
          }
      },
      "component_groups": {
          "dead": {
            "minecraft:instant_despawn": {
            }
          }
      },
      "components": {
          "minecraft:timer": {
              "time": 0.3,
              "looping": false,
              "time_down_event": {
                  "event": "dead"
              }
          },
          "minecraft:damage_sensor": {
              "triggers": [{
                  "cause": "all",
                  "deals_damage": false
              }]
          },
          "minecraft:nameable": {},
          "minecraft:type_family": {
              "family": ["summon", "inanimate"]
          },
          "minecraft:collision_box": {
              "width": 0.5,
              "height": 0.5
          },
          "minecraft:scale": {
              "value": 1
          },
          "minecraft:health": {
              "value": 2000,
              "max": 2000
          },
          "minecraft:fire_immune": true,
          "minecraft:physics": {
              "has_gravity": false,
              "has_collision": false
          },
          "minecraft:pushable": {
              "is_pushable": false,
              "is_pushable_by_piston": false
          }
      },
      "events": {
          "dead": {
              "add": {
                  "component_groups": [
                      "dead"
                  ]
              }
          }
      }
  }
}