{
  "format_version": "1.16.0",
  "minecraft:entity": {
      "description": {
          "identifier": "57:commanded_warden",
          "is_spawnable": true,
          "is_summonable": true,
          "is_experimental": false
      },
      "component_groups": {
        "nont":{},
        "spawned":{
            "minecraft:is_saddled":{} 
        },
        "no":{
            "minecraft:explode": {
                "fuse_length": 0,
                "fuse_lit": true,
                "power": 1,
                "causes_fire": false,
                "destroy_affected_by_griefing": true
              }
        },
          "dead": {
              "minecraft:transformation": {
            "into": "57:commanded_warden_death<shine>"
          }
          },
          "dead2": {
            "minecraft:transformation": {
          "into": "57:commanded_warden_death<grief>"
        }
        },
          "random": {
            "minecraft:behavior.look_at_player": {
                "priority": 7,
                "look_distance": 8
            },
            "minecraft:behavior.random_look_around": {
                "priority": 8
            },
              "minecraft:attack": {
                  "damage": 30,
                  "effect_name": "blindness",
                  "effect_duration": 1
              },
              "minecraft:behavior.melee_attack": {
                  "priority": 4,
                  "track_target": true,
                  "speed_multiplier": 1.6,
                  "reach_multiplier": 5,
                  "melee_fov": 360
              },
              "minecraft:timer": {
                  "looping": true,
                  "time": 7,
                  "time_down_event": {
                      "event": "random_do"
                  }
              },
              "minecraft:is_sheared": {},
              "minecraft:movement": {
                  "value": 0.28
              }
          },
          "smash_do": {
              "minecraft:timer": {
                  "looping": false,
                  "time": 1,
                  "time_down_event": {
                      "event": "random"
                  }
              }
          },
          "smash": {
            "minecraft:is_baby": {},
            "minecraft:movement": {
                "value": 0.0
            }
          },
          "swipe": {
            "minecraft:is_tamed": {},
            "minecraft:movement": {
                "value": 0.0
            },
            "minecraft:timer": {
                "looping": false,
                "time": 1.5,
                "time_down_event": {
                    "event": "swipe_do"
                }
            },
            "minecraft:behavior.knockback_roar": {
                "priority": 1,
                "duration": 3,
                "attack_time": 1.5,
                "knockback_damage": 19,
                "knockback_strength": 1,
                "knockback_range": 30,
                "knockback_filters": {
                    "test": "is_family",
                    "subject": "other",
                    "operator": "!=",
                    "value": "commanded_warden"
                },
                "damage_filters": {
                    "test": "is_family",
                    "subject": "other",
                    "operator": "!=",
                    "value": "commanded_warden"
                },
                "on_roar_end": {
                    "event": "random"
                },
                "cooldown_time": 0.1
            }
        },
        "roar_do":{
            "minecraft:timer": {
                "looping": false,
                "time": 4.9,
                "time_down_event": {
                    "event": "random"
                }
            },
            "minecraft:behavior.knockback_roar": {
                "priority": 1,
                "duration": 0.1,
                "attack_time": 0.1,
                "knockback_damage": 8,
                "knockback_strength": 2,
                "knockback_range": 35,
                "knockback_filters": {
                    "test": "is_family",
                    "subject": "other",
                    "operator": "!=",
                    "value": "commanded_warden"
                },
                "damage_filters": {
                    "test": "is_family",
                    "subject": "other",
                    "operator": "!=",
                    "value": "commanded_warden"
                },
                "on_roar_end": {
                    "event": "nag"
                },
                "cooldown_time": 0.1
            }
        },
          "roar": {
            "minecraft:timer": {
                "looping": false,
                "time": 1.1,
                "time_down_event": {
                    "event": "roar_do"
                }
            },
            "minecraft:is_stunned": {},
            "minecraft:movement": {
                "value": 0.0
            }
        },
        "smash2": {
            "minecraft:behavior.knockback_roar": {
                "priority": 1,
                "duration": 1.5,
                "attack_time": 1.5,
                "knockback_damage": 50,
                "knockback_strength": 7,
                "knockback_range": 20,
                "knockback_filters": {
                    "test": "is_family",
                    "subject": "other",
                    "operator": "!=",
                    "value": "commanded_warden"
                },
                "damage_filters": {
                    "test": "is_family",
                    "subject": "other",
                    "operator": "!=",
                    "value": "commanded_warden"
                },
                "on_roar_end": {
                    "event": "smash_do"
                },
                "cooldown_time": 0.1
            }
        },
          "clap": {
            "minecraft:shooter": {
                "def": "minecraft:literally_nothing"
              },
            "minecraft:behavior.ranged_attack": {
                "priority": 1,
                "attack_radius": 64,
                "charge_shoot_trigger": 2,
                "charge_charged_trigger": 1
              },
              "minecraft:is_chested": {},
              "minecraft:timer": {
                  "looping": false,
                  "time": 1,
                  "time_down_event": {
                      "event": "clap_do"
                  }
              },
              "minecraft:movement": {
                  "value": 0.0
              }
          },
          "clap_do": {
              "minecraft:timer": {
                  "looping": false,
                  "time": 1,
                  "time_down_event": {
                      "event": "random"
                  }
              }
          },

          "beam": {
            "minecraft:shooter": {
                "def": "minecraft:literally_nothing"
              },
            "minecraft:behavior.ranged_attack": {
                "priority": 1,
                "attack_radius": 64,
                "charge_shoot_trigger": 2,
                "charge_charged_trigger": 1
              },
              "minecraft:is_tamed": {},
              "minecraft:timer": {
                  "looping": false,
                  "time": 0.5,
                  "time_down_event": {
                      "event": "beam_do"
                  }
              },
              "minecraft:movement": {
                  "value": 0.0
              }
          },
          "beam_do": {
            "minecraft:is_charged": {},
              "minecraft:timer": {
                  "looping": false,
                  "time": 9.3,
                  "time_down_event": {
                      "event": "random"
                  }
              }
          },

          "teleport": {
              "minecraft:is_ignited": {},
              "minecraft:timer": {
                  "looping": false,
                  "time": 0.6,
                  "time_down_event": {
                      "event": "teleport_do"
                  }
              },
              "minecraft:movement": {
                  "value": 0.0
              }
          },
          "teleport_do": {
              "minecraft:timer": {
                  "looping": false,
                  "time": 1,
                  "time_down_event": {
                      "event": "random"
                  }
              }
          }
      },
      "components": {
        "minecraft:damage_sensor": {
            "triggers": [    
                {
                    "on_damage": {
                        "filters": {
                            "test": "is_family",
                            "subject": "other",
                            "value": "lightning"
                        }
                    },
                    "deals_damage": false
                },
                {
                  "on_damage": {
                      "filters": {
                          "test": "is_family",
                          "subject": "other",
                          "value": "undead"
                      }
                  },
                  "deals_damage": false
              },
                {
                    "cause": "fall",
                    "deals_damage": false
                }, {
                    "cause": "fire_tick",
                    "deals_damage": false
                },
                {
                    "cause": "block_explosion",
                    "deals_damage": false
                },
                {
                  "cause": "entity_explosion",
                  "deals_damage": false
              },
                {
                  "cause": "projectile",
                  "deals_damage": false
              },
              {
                "cause": "void",
                "deals_damage": false
            },
            {
              "cause": "wither",
              "deals_damage": false
          },
            {
              "cause": "magic",
              "deals_damage": false
          },
                {
                    "cause": "fire",
                    "deals_damage": false
                }, {
                    "on_damage": {
                        "filters": {
                            "all_of": [{
                                "test": "is_family",
                                "subject": "other",
                                "value": "irongolem"
                            }]
                        }
                    },
                    "deals_damage": false
                }
            ]
        },
          "minecraft:boss": {
              "name": "Commanded Warden",

              "should_darken_sky": true,
              "hud_range": 50
          },
          "minecraft:on_death": {
              "event": "dead",
              "target": "self"
          },
          "minecraft:is_hidden_when_invisible": {},

          "minecraft:nameable": {},
          "minecraft:breathable": {
              "total_supply": 15,
              "suffocate_time": 0,
              "breathes_water": true
          },
          "minecraft:health": {
              "value": 1000,
              "max": 1000
          },
          "minecraft:knockback_resistance": {
              "value": 100
          },
          "minecraft:collision_box": {
            "width": 0.75,
            "height": 6.8
          },

          "minecraft:movement": {
              "value": 0.0
          },
          "minecraft:underwater_movement": {
            "value": 0.4
        },
          "minecraft:navigation.walk": {
              "is_amphibious": true,
              "can_swim": true,
              "avoid_sun": true,
              "avoid_water": true
          },
          "minecraft:movement.basic": {},
          "minecraft:jump.static": {},
          "minecraft:can_climb": {},
          "minecraft:fire_immune": {},
          "minecraft:behavior.hurt_by_target": {
              "priority": 1
          },
          "minecraft:behavior.nearest_attackable_target": {
              "priority": 2,
              "must_see": true,
              "entity_types": [{
                      "filters": {
                          "test": "is_family",
                          "subject": "other",
                          "value": "player"
                      },
                      "max_dist": 48
                  },
                  {
                      "filters": {
                          "test": "is_family",
                          "subject": "other",
                          "value": "irongolem"
                      },
                      "max_dist": 48
                  },
                  {
                      "filters": {
                          "test": "is_family",
                          "subject": "other",
                          "value": "villager"
                      },
                      "max_dist": 48
                  }
              ]
          },
          "minecraft:follow_range": {
            "value": 48,
            "max": 48
          },
          "minecraft:behavior.random_stroll": {
              "priority": 6,
              "speed_multiplier": 1
          },
          "minecraft:type_family": {
              "family": ["monster", "mob", "commanded_warden", "cw_music","wither"]
          },
          "minecraft:physics": {},
          "minecraft:pushable": {
              "is_pushable": false,
              "is_pushable_by_piston": true
          },
          "minecraft:timer": {
              "looping": false,
              "time": 7,
              "time_down_event": {
                  "event": "random2"
              }
          },
          "minecraft:conditional_bandwidth_optimization": {}
      },

      "events": {
          "random_do": {
              "randomize": [
                  {
                    "filters": {
                        "test": "has_target"
                    },
                    "weight": 10,
                    "add": {
                        "component_groups": ["smash","smash2"]
                    },
                    "remove": {
                        "component_groups": ["random"]
                    }
                },
                {
                    "filters": {
                        "test": "has_target"
                    },
                    "weight": 10,
                    "add": {
                        "component_groups": ["roar"]
                    },
                    "remove": {
                        "component_groups": ["random"]
                    }
                },
                {
                    "filters": {
                        "test": "has_target"
                    },
                    "weight": 10,
                    "add": {
                        "component_groups": ["swipe"]
                    },
                    "remove": {
                        "component_groups": ["random"]
                    }
                }
              ]
          },
          
          "smash_do": {
            "run_command": {
                "command": [
                    "execute @e[type=!57:commanded_warden,type=!item,type=!xp_orb,family=!inanimate,r=25] ~~~ effect @s levitation 1 20 true",
                    "camerashake add @a[r=70] 0.5 1 rotational"
                ]
            },
            "remove": {
                "component_groups": [
                    "smash2"
                ]
            },
            "add": {
                "component_groups": [
                    "smash_do"
                ]
            }
        },
        "roar_do": {
            "add": {
                "component_groups": [
                    "roar_do"
                ]
            }
        },

        "teleport_do": {
            "run_command": {
                "command": [
                    "tp @s @e[tag=cw_target,c=1]"
                ]
            },
            "add": {
                "component_groups": [
                    "teleport_do"
                ]
            }
        },
        "beam_do": {
            "run_command": {
                "command": [
                    "tag @s add cw_beam"
                ]
            },
            "add": {
                "component_groups": [
                    "beam_do"
                ]
            }
        },
        "swipe_do": {
            "run_command": {
                "command": [
                    "execute @e[type=!57:commanded_warden,type=!item,type=!xp_orb,family=!inanimate,r=30] ~~~ effect @s levitation 1 20 true",
                    "camerashake add @a[r=70] 0.5 1 rotational"
                ]
            }
        },

          "random": {
            "run_command": {
                "command": [
                    "tag @s remove cw_beam"
                ]
            },
              "remove": {
                  "component_groups": [
                      "swipe", "clap", "clap_do","roar","smash","smash_do","smash2","roar_do",
                      "teleport", "beam",  "teleport_do", "beam_do", "swipe_do"
                  ]
              },
              "add": {
                  "component_groups": [
                      "random"
                  ]
              }
          },
          "random2": {
            "add": {
                "component_groups": [
                    "random","spawned"
                ]
            }
        },
          "clap_do": {
            "run_command": {
                "command": [
                    "summon lightning_bolt ~~~",
                    "summon ender_crystal ~1~~ minecraft:crystal_explode",
                    "summon ender_crystal ~~~1 minecraft:crystal_explode",
                    "summon ender_crystal ~-1~~ minecraft:crystal_explode",
                    "summon ender_crystal ~~~-1 minecraft:crystal_explode",
                    "summon ender_crystal ~1~~1 minecraft:crystal_explode",
                    "summon ender_crystal ~-1~~-1 minecraft:crystal_explode",
                    "summon ender_crystal ~1~~-1 minecraft:crystal_explode",
                    "summon ender_crystal ~-1~~1 minecraft:crystal_explode",
                    "summon ender_crystal ~~~ minecraft:crystal_explode",
                    "summon ender_crystal ~~1~ minecraft:crystal_explode",
                    "camerashake add @a[r=70] 0.5 1 rotational"
                ],
                "target":"target"
            },
            "add": {
                "component_groups": [
                    "clap_do"
                ]
            }
          },
          "chance": {
            "randomize": [{
              "weight": 0,
              "remove": {
              },
              "add": {
                "component_groups": [
                  "nont"
                ]
              }
            },
            {
              "weight": 100,
              "remove": {
              },
              "add": {
                "component_groups": [
                  "no"
                ]
              }
            }
          ]
          },
          "target_tag": {
            "run_command": {
                "command": [
                    "scoreboard players add @s[scores={cw_tar=..7}] cw_tar 2"
                ],
                "target": "target"
            }
        },
          "dead": {
            "sequence": [
            {
                "add": {
                    "component_groups": [
                        "dead"
                    ]
                }
              }
        ]
          }
      }
  }
}