{
  "format_version": "1.16.0",
  "minecraft:entity": {
      "description": {
          "identifier": "57:commanded_warden_death",
          "is_spawnable": false,
          "is_summonable": true,
          "is_experimental": false,
          "runtime_identifier": "minecraft:ender_dragon"
      },
      "component_groups": {
              
          "death": {
            "minecraft:health": {
                "value": 0,
                "max":0
            }
          }
      },
      "components": {
        "minecraft:knockback_resistance": {
            "value": 100
          },
          "minecraft:nameable": {},
          "minecraft:type_family": {
              "family": ["summon","inanimate"]
          },
          "minecraft:collision_box": {
            "width": 0.4,
            "height": 0.75
          },
          "minecraft:health": {
              "value": 2000,
              "max": 2000,
              "min": 2000
          },
          "minecraft:fire_immune": true,
          "minecraft:damage_sensor": {
            "triggers": {
                "cause": "all",
                "deals_damage": false
            }
        },
        "minecraft:timer": {
            "time": 0.1,
            "looping": false,
            "time_down_event": {
                "event": "death"
            }
        },
          "minecraft:physics": {
              "has_gravity": true,
              "has_collision": true
          },
          "minecraft:loot": {
            "table": "loot_tables/entities/commanded_warden.json"
        },
          "minecraft:pushable": {
              "is_pushable": false,
              "is_pushable_by_piston": false
          }
      },
      "events": {
        "shine": {
            "run_command": {
                "command": [
                    "tp @s ~~~"
                ]
            }
          },
          "death": {
            "run_command": {
                "command": [
                    "tp @s ~~~"
                ]
            },
            "add": {
                "component_groups": [
                    "death"
                ]
            }
        },
        "grief": {
            "run_command": {
                "command": [
                    "tp @s ~~~"
                ]
            },
            "add": {
                "component_groups": [
                    "death"
                ]
            }
        }
      }
  }
}