{
  "format_version": "1.16.0",
  "minecraft:entity": {
      "description": {
          "identifier": "57:stormborne_grief",
          "is_spawnable": false,
          "is_summonable": true,
          "is_experimental": false
      },
      "component_groups": {
          "death": {
            "minecraft:timer": {
                "time": 1,
                "looping": false,
                "time_down_event": {
                    "event": "death2"
                }
            }
          },
          "death2": {
            "minecraft:health": {
                "value": 0,
                "max": 0
            }
          }
      },
      "components": {
        "minecraft:knockback_resistance": {
            "value": 100
          },
          "minecraft:nameable": {},
          "minecraft:type_family": {
              "family": ["summon","inanimate"]
          },
          "minecraft:collision_box": {
            "width": 0.5,
            "height": 0.5
          },
          "minecraft:health": {
              "value": 2000,
              "max": 2000,
              "min": 2000
          },
          "minecraft:fire_immune": true,
          "minecraft:damage_sensor": {
            "triggers": {
                "cause": "all",
                "deals_damage": false
            }
        },
        "minecraft:timer": {
            "time": 11,
            "looping": false,
            "time_down_event": {
                "event": "death"
            }
        },
          "minecraft:physics": {
              "has_gravity": false,
              "has_collision": false
          },
          "minecraft:pushable": {
              "is_pushable": false,
              "is_pushable_by_piston": false
          }
      },
      "events": {
        "shine": {
            "run_command": {
                "command": [
                    "tp @s ~~~",
                    "tag @s add sb_grief"
                ]
            }
          },
          "death2": {
            "add": {
                "component_groups": [
                    "death2"
                ]
            }
          },
        "death": {
            "run_command": {
                "command": [
                    "execute @s[tag=sb_grief] ~~~ tag @s add sb_griefer",
                    "fill ~ ~1 ~ ~ ~1 ~ air -1 replace barrier"
                ]
            },
            "add": {
                "component_groups": [
                    "death"
                ]
            }
        }
      }
  }
}