{
	"format_version": "1.8.0",
	"geometry.train": {
		"texturewidth": 256,
		"textureheight": 256,
		"visible_bounds_width": 5,
		"visible_bounds_height": 4,
		"visible_bounds_offset": [0, 2, 0],
		"bones": [
			{
				"name": "body",
				"pivot": [0, 2, 0],
				"cubes": [
					{"origin": [-16, 5, -6], "size": [39, 4, 12], "uv": [94, 94]},
					{"origin": [-19, 11, -9], "size": [45, 1, 18], "uv": [0, 0]},
					{"origin": [5, 4, -8], "size": [1, 1, 16], "uv": [20, 119]},
					{"origin": [-16, 9, -7], "size": [39, 1, 14], "uv": [0, 83]},
					{"origin": [-16, 10, -8], "size": [39, 1, 16], "uv": [0, 66]},
					{"origin": [16, 4, -8], "size": [1, 1, 16], "uv": [92, 142]},
					{"origin": [-5, 4, -8], "size": [1, 1, 16], "uv": [110, 143]},
					{"origin": [-12, 4, -8], "size": [1, 1, 16], "uv": [22, 142]},
					{"origin": [-16, 12, -7], "size": [39, 14, 14], "uv": [0, 38]},
					{"origin": [-15, 12, -7], "size": [1, 12, 14], "uv": [62, 134]},
					{"origin": [-14, 12, -7], "size": [35, 7, 1], "uv": [106, 51]},
					{"origin": [-14, 19, -7], "size": [4, 14, 1], "uv": [20, 119]},
					{"origin": [-3, 19, -7], "size": [3, 14, 1], "uv": [118, 142]},
					{"origin": [7, 19, -7], "size": [3, 14, 1], "uv": [110, 142]},
					{"origin": [17, 19, -7], "size": [4, 14, 1], "uv": [40, 142]},
					{"origin": [-15, 24, -7], "size": [1, 6, 4], "uv": [150, 0]},
					{"origin": [-15, 24, 3], "size": [1, 6, 4], "uv": [92, 38]},
					{"origin": [-15, 30, -7], "size": [1, 5, 14], "uv": [148, 148]},
					{"origin": [-14, 33, -7], "size": [35, 2, 1], "uv": [92, 91]},
					{"origin": [-14, 12, 6], "size": [35, 7, 1], "uv": [114, 114]},
					{"origin": [-14, 19, 6], "size": [4, 14, 1], "uv": [58, 119]},
					{"origin": [-3, 19, 6], "size": [3, 14, 1], "uv": [164, 167]},
					{"origin": [7, 19, 6], "size": [3, 14, 1], "uv": [156, 167]},
					{"origin": [-14, 33, 6], "size": [35, 2, 1], "uv": [106, 59]},
					{"origin": [17, 19, 6], "size": [4, 14, 1], "uv": [0, 66]},
					{"origin": [21, 12, -7], "size": [1, 12, 14], "uv": [132, 132]},
					{"origin": [21, 24, 3], "size": [1, 6, 4], "uv": [152, 126]},
					{"origin": [21, 24, -7], "size": [1, 6, 4], "uv": [92, 145]},
					{"origin": [21, 30, -7], "size": [1, 5, 14], "uv": [150, 0]},
					{"origin": [-19, 35, -9], "size": [45, 1, 18], "uv": [0, 19]},
					{"origin": [-16, 36, -6], "size": [39, 1, 12], "uv": [92, 38]},
					{"origin": [-13, 37, -3], "size": [33, 1, 6], "uv": [92, 84]},
					{"origin": [-8, 12, -4], "size": [3, 4, 8], "uv": [84, 159]},
					{"origin": [-5, 12, -4], "size": [2, 12, 8], "uv": [20, 159]},
					{"origin": [2, 12, -4], "size": [3, 4, 8], "uv": [106, 160]},
					{"origin": [5, 12, -4], "size": [2, 12, 8], "uv": [0, 98]},
					{"origin": [12, 12, -4], "size": [3, 4, 8], "uv": [56, 163]},
					{"origin": [15, 12, -4], "size": [2, 12, 8], "uv": [0, 152]},
					{"origin": [-10, 4, -8], "size": [1, 1, 16], "uv": [40, 144]},
					{"origin": [-16, 12, -6], "size": [16, 12, 12], "uv": [70, 110]},
					{"origin": [-13, 9, -10], "size": [10, 4, 4], "uv": [154, 73]},
					{"origin": [-11, 13, -8], "size": [6, 2, 2], "uv": [86, 102]},
					{"origin": [-20, 10, -7], "size": [2, 3, 14], "uv": [148, 122]},
					{"origin": [-21, 8, -6], "size": [1, 2, 12], "uv": [152, 21]},
					{"origin": [-20, 8, -8], "size": [1, 2, 2], "uv": [0, 10]},
					{"origin": [-20, 8, 6], "size": [1, 2, 2], "uv": [12, 19]},
					{"origin": [-21, 6, -9], "size": [1, 2, 4], "uv": [0, 91]},
					{"origin": [-21, 6, 5], "size": [1, 2, 4], "uv": [8, 10]},
					{"origin": [-22, 4, -10], "size": [1, 2, 6], "uv": [0, 83]},
					{"origin": [-22, 4, 4], "size": [1, 2, 6], "uv": [0, 10]},
					{"origin": [-23, 3, -11], "size": [1, 1, 8], "uv": [94, 66]},
					{"origin": [-23, 3, 3], "size": [1, 1, 8], "uv": [0, 119]},
					{"origin": [-22, 6, -5], "size": [1, 2, 10], "uv": [134, 158]},
					{"origin": [-23, 4, -4], "size": [1, 2, 8], "uv": [0, 0]},
					{"origin": [-24, 3, -3], "size": [1, 1, 6], "uv": [94, 75]},
					{"origin": [-25, 2, -2], "size": [1, 1, 4], "uv": [102, 75]},
					{"origin": [-11, 13, 6], "size": [6, 2, 2], "uv": [86, 98]},
					{"origin": [-13, 9, 6], "size": [10, 4, 4], "uv": [128, 122]},
					{"origin": [-17, 16, -2], "size": [1, 5, 4], "uv": [70, 160]},
					{"origin": [-18, 20, -2], "size": [1, 1, 4], "uv": [44, 129]},
					{"origin": [-18, 16, -2], "size": [1, 1, 4], "uv": [26, 130]},
					{"origin": [-18, 17, -2], "size": [1, 3, 1], "uv": [14, 10]},
					{"origin": [-18, 17, 1], "size": [1, 3, 1], "uv": [8, 10]},
					{"origin": [0, 12, -7], "size": [12, 14, 14], "uv": [112, 5]},
					{"origin": [12, 12, -9], "size": [1, 15, 18], "uv": [0, 119]},
					{"origin": [12, 33, -9], "size": [1, 2, 18], "uv": [108, 122]},
					{"origin": [12, 27, -9], "size": [1, 6, 1], "uv": [10, 0]},
					{"origin": [26, 22, -9], "size": [1, 11, 1], "uv": [10, 66]},
					{"origin": [18, 22, -9], "size": [3, 11, 1], "uv": [166, 122]},
					{"origin": [18, 22, 8], "size": [3, 11, 1], "uv": [166, 19]},
					{"origin": [26, 22, 8], "size": [1, 11, 1], "uv": [106, 62]},
					{"origin": [12, 27, -5], "size": [1, 1, 10], "uv": [118, 162]},
					{"origin": [12, 28, -1], "size": [1, 5, 2], "uv": [0, 0]},
					{"origin": [-11, 24, -3], "size": [6, 3, 6], "uv": [162, 139]},
					{"origin": [-17, 25, -1], "size": [6, 1, 2], "uv": [108, 12]},
					{"origin": [3, 26, -3], "size": [6, 4, 6], "uv": [40, 161]},
					{"origin": [-10, 27, -2], "size": [4, 7, 4], "uv": [0, 19]},
					{"origin": [-18, 26, -2], "size": [3, 6, 4], "uv": [0, 38]},
					{"origin": [-17, 32, -1], "size": [1, 1, 2], "uv": [12, 30]},
					{"origin": [4, 30, -2], "size": [4, 2, 4], "uv": [0, 30]},
					{"origin": [-11, 34, -3], "size": [6, 3, 6], "uv": [164, 85]},
					{"origin": [-12, 37, -4], "size": [8, 4, 8], "uv": [62, 98]},
					{"origin": [12, 28, -5], "size": [1, 5, 1], "uv": [0, 83]},
					{"origin": [12, 28, 4], "size": [1, 5, 1], "uv": [8, 83]},
					{"origin": [12, 27, 8], "size": [1, 6, 1], "uv": [14, 0]},
					{"origin": [13, 33, -9], "size": [17, 2, 1], "uv": [108, 0]},
					{"origin": [13, 33, 8], "size": [17, 2, 1], "uv": [108, 33]},
					{"origin": [27, 12, -9], "size": [1, 5, 18], "uv": [38, 119]},
					{"origin": [13, 12, -9], "size": [14, 10, 1], "uv": [78, 134]},
					{"origin": [13, 12, 8], "size": [14, 10, 1], "uv": [154, 62]},
					{"origin": [10, 11, -10], "size": [21, 1, 20], "uv": [92, 63]},
					{"origin": [10, 35, -10], "size": [21, 1, 20], "uv": [0, 98]}
				],
				"locators": {
					"lead": [7, 8, 0]
				}
			},
			{
				"name": "wheels",
				"parent": "body",
				"pivot": [0, 2, 0]
			},
			{
				"name": "2",
				"parent": "wheels",
				"pivot": [-5, 4, 0],
				"cubes": [
					{"origin": [-7, 2, 7], "size": [4, 4, 1], "uv": [38, 128]},
					{"origin": [-7, 2, -8], "size": [4, 4, 1], "uv": [62, 110]}
				]
			},
			{
				"name": "1",
				"parent": "wheels",
				"pivot": [-11, 4, 0],
				"cubes": [
					{"origin": [-13, 2, -8], "size": [4, 4, 1], "uv": [72, 110]},
					{"origin": [-13, 2, 7], "size": [4, 4, 1], "uv": [108, 134]}
				]
			},
			{
				"name": "3",
				"parent": "wheels",
				"pivot": [-9, 6, 0],
				"cubes": [
					{"origin": [-13, 2, -9], "size": [8, 8, 1], "uv": [38, 119]},
					{"origin": [-13, 2, 8], "size": [8, 8, 1], "uv": [164, 148]}
				]
			},
			{
				"name": "5",
				"parent": "wheels",
				"pivot": [16, 6, 0],
				"cubes": [
					{"origin": [12, 2, 8], "size": [8, 8, 1], "uv": [128, 130]},
					{"origin": [12, 2, -9], "size": [8, 8, 1], "uv": [0, 128]}
				]
			},
			{
				"name": "4",
				"parent": "wheels",
				"pivot": [6, 6, 0],
				"cubes": [
					{"origin": [2, 2, -9], "size": [8, 8, 1], "uv": [166, 0]},
					{"origin": [2, 2, 8], "size": [8, 8, 1], "uv": [108, 3]}
				]
			}
		]
	}
}