{
  "format_version":"1.16.100",
  "animation_controllers":{
    "controller.animation.franky":{
      "states":{
        "default":{
          "transitions":[
            {"1":"query.get_equipped_item_name == 'cola'"},
            {"shoot":"query.is_sheared && query.has_target"}
          ]
        },
        "shoot":{
          "transitions":[
            {"default":"!query.is_sheared || !query.has_target"}
          ],
          "on_entry":[
            "/effect @s slowness 1000 20 true"
          ],
          "on_exit":[
            "/effect @s slowness 0 21 true"
          ]
        },
        "1":{
          "transitions":[
            {"2":"variable.time = (variable.time ?? 0);variable.time = variable.time < 20 ? variable.time + 1:0;return variable.time == 0;"}
          ]
        },
        "2":{
          "transitions":[
            {"3":"(1.0)"}
          ],
          "on_entry":[
            "/replaceitem entity @s slot.weapon.mainhand 0 air"
          ]
        },
        "3":{
          "transitions":[
            {"4":"(1.0)"}
          ],
          "on_entry":[
            "/tag @s add super"
          ]
        },
        "4":{
          "transitions":[
            {"default":"(1.0)"}
          ],
          "on_entry":[
            "/tag @s remove super"
          ]
        }
      }
    }
  }
}