{
  "format_version": "1.10.0",
  "minecraft:client_entity": {
    "description": {
      "identifier": "minecraft:fishing_hook",
      "materials": {
        "default": "fishing_hook"
      },
      "textures": {
        "default": "textures/entity/fishhook"
      },
      "geometry": {
        "default": "geometry.fishing_hook"
      },
       "animations": {
         "lasso_get": "animation.lasso_get"
      },
      "scripts": {
        "animate": [
        "lasso_get"
        ]
      },
      "render_controllers": [ "controller.render.fishing_hook" ]
    }
  }
}
