
 {
	"format_version": "1.16.100",
	"minecraft:item": {
		"description": {
			"identifier": "op_asa:dokufugu",
      "category": "equipment"
    },
    "components": {
      "tag:op_asa:dokudoku":{},
      "minecraft:render_offsets": {
        "main_hand": {
          "first_person": { 
            "scale": [0.0,0.0,0.0]
          },
          "third_person": { 
            "scale": [0.0,0.0,0.0]
          }
        }
      },
      "minecraft:on_use":{
        "on_use":{
          "condition":"(q.variant == 2730 || q.variant == 273011) && !query.is_in_water",
          "event":"op_asa:event1"
        }
      },
      "minecraft:cooldown": {
        "category": "dokudoku",
        "duration": 1
      },
      "minecraft:max_stack_size": 1,
      "minecraft:hand_equipped":true,
      "minecraft:icon":{
        "texture": "dokufugu"
      },
      "minecraft:display_name":{
        "value":"dokufugu"
      }
    },
    "events":{
      "op_asa:event1":{
        "shoot":{
          "projectile":"op_asa:dokufugu_p",
          "launch_power":1
        }
      }
    }
  }
}

