{
  "format_version": "1.10.0",
  "animation_controllers": {
    "controller.animation.ff_plane.move": {
      "initial_state": "walking",
      "states": {
        "flying": {
          "animations": [
            "fly"
          ],
          "blend_transition": 0.2,
          "blend_via_shortest_path": true,
          "transitions": [
            {
              "walking": "query.is_on_ground \u003d\u003d 1"
            }
          ]
        },
        "walking": {
          "animations": [
            "land"
          ],
          "blend_transition": 0.2,
          "blend_via_shortest_path": true,
          "transitions": [
            {
              "flying": "query.is_on_ground \u003d\u003d 0"
            }
          ]
        }
      }
    },
    "controller.animation.motor.move": {
      "initial_state": "default",
      "states": {
        "default": {
          "animations": [
            {
              "walk": "query.modified_move_speed"
            }
          ]
        }
      }
    }
  }
}