{
	"format_version": "1.12.0",
	"minecraft:geometry": [
		{
			"description": {
				"identifier": "geometry.ic_charles",
				"texture_width": 256,
				"texture_height": 256,
				"visible_bounds_width": 6,
				"visible_bounds_height": 5,
				"visible_bounds_offset": [0, 1.5, 0]
			},
			"bones": [
				{
					"name": "root",
					"pivot": [0, -8, 0]
				},
				{
					"name": "body",
					"parent": "root",
					"pivot": [0, 20, 0]
				},
				{
					"name": "right_leg1",
					"parent": "body",
					"pivot": [-5, 13, -11],
					"cubes": [
						{"origin": [-26, 11, -14], "size": [20, 4, 4], "pivot": [-5, 13, -11], "rotation": [-5.43327, -47.2626, 37.37872], "uv": [0, 85]},
						{"origin": [-17.8704, 19.18664, -29.40712], "size": [4.4, 4.4, 4.4], "pivot": [-15.6704, 21.38664, -27.20712], "rotation": [30.38564, -38.44868, -13.31914], "uv": [32, 50]}
					]
				},
				{
					"name": "right_leg12",
					"parent": "right_leg1",
					"pivot": [-15, 21.25, -27.25],
					"rotation": [15, 0, 0],
					"cubes": [
						{"origin": [-24.52629, 19.0051, -36.82892], "size": [13, 3, 4], "pivot": [-18.02629, 21.0051, -33.32892], "rotation": [128.76023, -62.72179, -36.50129], "uv": [138, 108]},
						{"origin": [-22.47832, 16.29068, -42.45361], "size": [3.18, 3.18, 4.24], "pivot": [-21.88832, 17.38068, -39.83361], "rotation": [155.06567, -32.03605, -70.55508], "uv": [32, 58]}
					]
				},
				{
					"name": "right_leg13",
					"parent": "right_leg12",
					"pivot": [-20, 18.25, -39.25],
					"rotation": [15, 0, 0],
					"cubes": [
						{"origin": [-31.52629, 17.5051, -52.07892], "size": [12, 2, 3], "pivot": [-23.02629, 18.0051, -45.32892], "rotation": [164.73677, -31.72597, -89.73737], "uv": [0, 93]},
						{"origin": [-33.52629, 18.0051, -52.07892], "size": [3, 1, 2], "pivot": [-23.02629, 18.0051, -45.32892], "rotation": [164.73677, -31.72597, -89.73737], "uv": [37, 94]}
					]
				},
				{
					"name": "left_leg1",
					"parent": "body",
					"pivot": [5, 13, -11],
					"cubes": [
						{"origin": [6, 11, -14], "size": [20, 4, 4], "pivot": [5, 13, -11], "rotation": [-5.43327, 47.2626, -37.37872], "uv": [0, 85], "mirror": true},
						{"origin": [13.4704, 19.18664, -29.40712], "size": [4.4, 4.4, 4.4], "pivot": [15.6704, 21.38664, -27.20712], "rotation": [30.38564, 38.44868, 13.31914], "uv": [32, 50], "mirror": true}
					]
				},
				{
					"name": "left_leg12",
					"parent": "left_leg1",
					"pivot": [15, 21.25, -27.25],
					"rotation": [15, 0, 0],
					"cubes": [
						{"origin": [11.52629, 19.0051, -36.82892], "size": [13, 3, 4], "pivot": [18.02629, 21.0051, -33.32892], "rotation": [128.76023, 62.72179, 36.50129], "uv": [138, 108], "mirror": true},
						{"origin": [19.29832, 16.29068, -42.45361], "size": [3.18, 3.18, 4.24], "pivot": [21.88832, 17.38068, -39.83361], "rotation": [155.06567, 32.03605, 70.55508], "uv": [32, 58], "mirror": true}
					]
				},
				{
					"name": "left_leg13",
					"parent": "left_leg12",
					"pivot": [20, 18.25, -39.25],
					"rotation": [15, 0, 0],
					"cubes": [
						{"origin": [19.52629, 17.5051, -52.07892], "size": [12, 2, 3], "pivot": [23.02629, 18.0051, -45.32892], "rotation": [164.73677, 31.72597, 89.73737], "uv": [0, 93], "mirror": true},
						{"origin": [30.52629, 18.0051, -52.07892], "size": [3, 1, 2], "pivot": [23.02629, 18.0051, -45.32892], "rotation": [164.73677, 31.72597, 89.73737], "uv": [37, 94], "mirror": true}
					]
				},
				{
					"name": "right_leg2",
					"parent": "body",
					"pivot": [-5, 13, -8],
					"rotation": [-25.02832, 33.27083, 4.13382],
					"cubes": [
						{"origin": [-26, 11, -11], "size": [20, 4, 4], "pivot": [-5, 13, -8], "rotation": [-5.43327, -47.2626, 37.37872], "uv": [0, 35]},
						{"origin": [-17.8704, 19.18664, -26.40712], "size": [4.4, 4.4, 4.4], "pivot": [-15.6704, 21.38664, -24.20712], "rotation": [30.38564, -38.44868, -13.31914], "uv": [0, 50]}
					]
				},
				{
					"name": "right_leg22",
					"parent": "right_leg2",
					"pivot": [-15, 21.25, -24.25],
					"rotation": [44.79769, 1.82444, -2.0859],
					"cubes": [
						{"origin": [-25.52629, 19.0051, -33.82892], "size": [14, 3, 4], "pivot": [-18.02629, 21.0051, -30.32892], "rotation": [128.76023, -62.72179, -36.50129], "uv": [96, 90]},
						{"origin": [-24.47832, 16.29068, -38.45361], "size": [4.18, 3.18, 4.24], "pivot": [-21.88832, 17.38068, -36.83361], "rotation": [155.06567, -32.03605, -70.55508], "uv": [0, 58]}
					]
				},
				{
					"name": "right_leg4",
					"parent": "right_leg22",
					"pivot": [-20, 18.25, -36.25],
					"rotation": [15, 0, 0],
					"cubes": [
						{"origin": [-37.52629, 17.5051, -49.07892], "size": [18, 2, 3], "pivot": [-23.02629, 18.0051, -42.32892], "rotation": [164.73677, -31.72597, -89.73737], "uv": [0, 43]},
						{"origin": [-40.52629, 18.0051, -49.07892], "size": [4, 1, 2], "pivot": [-23.02629, 18.0051, -42.32892], "rotation": [164.73677, -31.72597, -89.73737], "uv": [27, 93]}
					]
				},
				{
					"name": "left_leg2",
					"parent": "body",
					"pivot": [5, 13, -8],
					"rotation": [-25.02832, -33.27083, -4.13382],
					"cubes": [
						{"origin": [6, 11, -11], "size": [20, 4, 4], "pivot": [5, 13, -8], "rotation": [-5.43327, 47.2626, -37.37872], "uv": [0, 35], "mirror": true},
						{"origin": [13.4704, 19.18664, -26.40712], "size": [4.4, 4.4, 4.4], "pivot": [15.6704, 21.38664, -24.20712], "rotation": [30.38564, 38.44868, 13.31914], "uv": [0, 50], "mirror": true}
					]
				},
				{
					"name": "left_leg22",
					"parent": "left_leg2",
					"pivot": [15, 21.25, -24.25],
					"rotation": [44.79769, -1.82444, 2.0859],
					"cubes": [
						{"origin": [11.52629, 19.0051, -33.82892], "size": [14, 3, 4], "pivot": [18.02629, 21.0051, -30.32892], "rotation": [128.76023, 62.72179, 36.50129], "uv": [96, 90], "mirror": true},
						{"origin": [20.29832, 16.29068, -38.45361], "size": [4.18, 3.18, 4.24], "pivot": [21.88832, 17.38068, -36.83361], "rotation": [155.06567, 32.03605, 70.55508], "uv": [0, 58], "mirror": true}
					]
				},
				{
					"name": "left_leg4",
					"parent": "left_leg22",
					"pivot": [20, 18.25, -36.25],
					"rotation": [15, 0, 0],
					"cubes": [
						{"origin": [19.52629, 17.5051, -49.07892], "size": [18, 2, 3], "pivot": [23.02629, 18.0051, -42.32892], "rotation": [164.73677, 31.72597, 89.73737], "uv": [0, 43], "mirror": true},
						{"origin": [36.52629, 18.0051, -49.07892], "size": [4, 1, 2], "pivot": [23.02629, 18.0051, -42.32892], "rotation": [164.73677, 31.72597, 89.73737], "uv": [27, 93], "mirror": true}
					]
				},
				{
					"name": "right_leg3",
					"parent": "body",
					"pivot": [-5, 13, -4],
					"rotation": [-11.94944, 49.32402, 13.93479],
					"cubes": [
						{"origin": [-26, 11, -7], "size": [20, 4, 4], "pivot": [-5, 13, -4], "rotation": [-5.43327, -47.2626, 37.37872], "uv": [0, 35]},
						{"origin": [-17.8704, 19.18664, -22.40712], "size": [4.4, 4.4, 4.4], "pivot": [-15.6704, 21.38664, -20.20712], "rotation": [30.38564, -38.44868, -13.31914], "uv": [0, 50]}
					]
				},
				{
					"name": "right_leg32",
					"parent": "right_leg3",
					"pivot": [-15, 21.25, -20.25],
					"rotation": [44.79769, 1.82444, -2.0859],
					"cubes": [
						{"origin": [-25.52629, 19.0051, -29.82892], "size": [14, 3, 4], "pivot": [-18.02629, 21.0051, -26.32892], "rotation": [128.76023, -62.72179, -36.50129], "uv": [96, 90]},
						{"origin": [-24.47832, 16.29068, -34.45361], "size": [4.18, 3.18, 4.24], "pivot": [-21.88832, 17.38068, -32.83361], "rotation": [155.06567, -32.03605, -70.55508], "uv": [0, 58]}
					]
				},
				{
					"name": "right_leg33",
					"parent": "right_leg32",
					"pivot": [-20, 18.25, -32.25],
					"rotation": [14.78217, 2.57594, -9.6658],
					"cubes": [
						{"origin": [-37.52629, 17.5051, -45.07892], "size": [18, 2, 3], "pivot": [-23.02629, 18.0051, -38.32892], "rotation": [164.73677, -31.72597, -89.73737], "uv": [0, 43]},
						{"origin": [-40.52629, 18.0051, -45.07892], "size": [4, 1, 2], "pivot": [-23.02629, 18.0051, -38.32892], "rotation": [164.73677, -31.72597, -89.73737], "uv": [27, 93]}
					]
				},
				{
					"name": "left_leg3",
					"parent": "body",
					"pivot": [5, 13, -4],
					"rotation": [-11.94944, -49.32402, -13.93479],
					"cubes": [
						{"origin": [6, 11, -7], "size": [20, 4, 4], "pivot": [5, 13, -4], "rotation": [-5.43327, 47.2626, -37.37872], "uv": [0, 35], "mirror": true},
						{"origin": [13.4704, 19.18664, -22.40712], "size": [4.4, 4.4, 4.4], "pivot": [15.6704, 21.38664, -20.20712], "rotation": [30.38564, 38.44868, 13.31914], "uv": [0, 50], "mirror": true}
					]
				},
				{
					"name": "left_leg32",
					"parent": "left_leg3",
					"pivot": [15, 21.25, -20.25],
					"rotation": [44.79769, -1.82444, 2.0859],
					"cubes": [
						{"origin": [11.52629, 19.0051, -29.82892], "size": [14, 3, 4], "pivot": [18.02629, 21.0051, -26.32892], "rotation": [128.76023, 62.72179, 36.50129], "uv": [96, 90], "mirror": true},
						{"origin": [20.29832, 16.29068, -34.45361], "size": [4.18, 3.18, 4.24], "pivot": [21.88832, 17.38068, -32.83361], "rotation": [155.06567, 32.03605, 70.55508], "uv": [0, 58], "mirror": true}
					]
				},
				{
					"name": "left_leg33",
					"parent": "left_leg32",
					"pivot": [20, 18.25, -32.25],
					"rotation": [14.78217, -2.57594, 9.6658],
					"cubes": [
						{"origin": [19.52629, 17.5051, -45.07892], "size": [18, 2, 3], "pivot": [23.02629, 18.0051, -38.32892], "rotation": [164.73677, 31.72597, 89.73737], "uv": [0, 43], "mirror": true},
						{"origin": [36.52629, 18.0051, -45.07892], "size": [4, 1, 2], "pivot": [23.02629, 18.0051, -38.32892], "rotation": [164.73677, 31.72597, 89.73737], "uv": [27, 93], "mirror": true}
					]
				},
				{
					"name": "right_leg5",
					"parent": "body",
					"pivot": [-5, 13, 0],
					"rotation": [3.07064, 67.14483, 26.90684],
					"cubes": [
						{"origin": [-26, 11, -3], "size": [20, 4, 4], "pivot": [-5, 13, 0], "rotation": [-5.43327, -47.2626, 37.37872], "uv": [0, 35]},
						{"origin": [-17.8704, 19.18664, -18.40712], "size": [4.4, 4.4, 4.4], "pivot": [-15.6704, 21.38664, -16.20712], "rotation": [30.38564, -38.44868, -13.31914], "uv": [0, 50]}
					]
				},
				{
					"name": "right_leg8",
					"parent": "right_leg5",
					"pivot": [-15, 21.25, -16.25],
					"rotation": [57.29769, 1.82444, -2.0859],
					"cubes": [
						{"origin": [-25.52629, 19.0051, -25.82892], "size": [14, 3, 4], "pivot": [-18.02629, 21.0051, -22.32892], "rotation": [128.76023, -62.72179, -36.50129], "uv": [96, 90]},
						{"origin": [-24.47832, 16.29068, -30.45361], "size": [4.18, 3.18, 4.24], "pivot": [-21.88832, 17.38068, -28.83361], "rotation": [155.06567, -32.03605, -70.55508], "uv": [0, 58]}
					]
				},
				{
					"name": "right_leg9",
					"parent": "right_leg8",
					"pivot": [-20, 18.25, -28.25],
					"rotation": [15, 0, 0],
					"cubes": [
						{"origin": [-37.52629, 17.5051, -41.07892], "size": [18, 2, 3], "pivot": [-23.02629, 18.0051, -34.32892], "rotation": [164.73677, -31.72597, -89.73737], "uv": [0, 43]},
						{"origin": [-40.52629, 18.0051, -41.07892], "size": [4, 1, 2], "pivot": [-23.02629, 18.0051, -34.32892], "rotation": [164.73677, -31.72597, -89.73737], "uv": [27, 93]}
					]
				},
				{
					"name": "left_leg5",
					"parent": "body",
					"pivot": [5, 13, 0],
					"rotation": [3.07064, -67.14483, -26.90684],
					"cubes": [
						{"origin": [6, 11, -3], "size": [20, 4, 4], "pivot": [5, 13, 0], "rotation": [-5.43327, 47.2626, -37.37872], "uv": [0, 35], "mirror": true},
						{"origin": [13.4704, 19.18664, -18.40712], "size": [4.4, 4.4, 4.4], "pivot": [15.6704, 21.38664, -16.20712], "rotation": [30.38564, 38.44868, 13.31914], "uv": [0, 50], "mirror": true}
					]
				},
				{
					"name": "left_leg8",
					"parent": "left_leg5",
					"pivot": [15, 21.25, -16.25],
					"rotation": [57.29769, -1.82444, 2.0859],
					"cubes": [
						{"origin": [11.52629, 19.0051, -25.82892], "size": [14, 3, 4], "pivot": [18.02629, 21.0051, -22.32892], "rotation": [128.76023, 62.72179, 36.50129], "uv": [96, 90], "mirror": true},
						{"origin": [20.29832, 16.29068, -30.45361], "size": [4.18, 3.18, 4.24], "pivot": [21.88832, 17.38068, -28.83361], "rotation": [155.06567, 32.03605, 70.55508], "uv": [0, 58], "mirror": true}
					]
				},
				{
					"name": "left_leg9",
					"parent": "left_leg8",
					"pivot": [20, 18.25, -28.25],
					"rotation": [15, 0, 0],
					"cubes": [
						{"origin": [19.52629, 17.5051, -41.07892], "size": [18, 2, 3], "pivot": [23.02629, 18.0051, -34.32892], "rotation": [164.73677, 31.72597, 89.73737], "uv": [0, 43], "mirror": true},
						{"origin": [36.52629, 18.0051, -41.07892], "size": [4, 1, 2], "pivot": [23.02629, 18.0051, -34.32892], "rotation": [164.73677, 31.72597, 89.73737], "uv": [27, 93], "mirror": true}
					]
				},
				{
					"name": "train",
					"parent": "body",
					"pivot": [0, 20, 0],
					"cubes": [
						{"origin": [-12, 12, -24], "size": [24, 2, 48], "uv": [0, 50]},
						{"origin": [-12, 7, -24], "size": [24, 2, 48], "uv": [0, 0]},
						{"origin": [-11.5, 9, -23.5], "size": [23, 3, 47], "uv": [97, 3]},
						{"origin": [-6, 14, -23], "size": [12, 2, 26], "uv": [88, 100]},
						{"origin": [-11, 14, 2], "size": [22, 32, 2], "uv": [96, 0]},
						{"origin": [9.5, 14, 1.5], "size": [3, 32, 3], "uv": [92, 174]},
						{"origin": [-12.5, 14, 21.5], "size": [3, 32, 3], "uv": [56, 171]},
						{"origin": [-12.5, 14, 1.5], "size": [3, 32, 3], "uv": [80, 171]},
						{"origin": [12, 39, 2], "size": [10, 10, 0], "uv": [179, 155]},
						{"origin": [6, 8.5, -23.75], "size": [4, 4, 1], "uv": [0, 111]},
						{"origin": [-22, 39, 2], "size": [10, 10, 0], "uv": [179, 155], "mirror": true},
						{"origin": [9.5, 14, 21.5], "size": [3, 32, 3], "uv": [68, 171]},
						{"origin": [-12, 14, 4], "size": [24, 32, 20], "uv": [0, 100]},
						{"origin": [-11, 45, 1], "size": [22, 4, 24], "uv": [96, 53]},
						{"origin": [10.58458, 46.34461, 1.1], "size": [4, 3, 24], "pivot": [7.58458, 47.84461, 12], "rotation": [0, 0, 15], "uv": [0, 152]},
						{"origin": [-10, 8.5, -23.75], "size": [4, 4, 1], "uv": [106, 71]},
						{"origin": [-14.58458, 46.34461, 1.1], "size": [4, 3, 24], "pivot": [-7.58458, 47.84461, 12], "rotation": [0, 0, -15], "uv": [134, 128]},
						{"origin": [-2.28, 10.19, -24.645], "size": [4.56, 4.56, 1.14], "uv": [96, 71]}
					]
				},
				{
					"name": "octagon",
					"parent": "train",
					"pivot": [0, 25, -2],
					"cubes": [
						{"origin": [-4.10071, 15.1, -10.9], "size": [8.20143, 19.8, 16.8], "pivot": [0, 25, -4], "rotation": [0, 0, 45], "uv": [0, 50]},
						{"origin": [-4.10071, 15.1, -10.9], "size": [8.20143, 19.8, 16.8], "uv": [0, 0]},
						{"origin": [-9.9, 20.89929, -10.9], "size": [19.8, 8.20143, 16.8], "pivot": [0, 25, -4], "rotation": [0, 0, 45], "uv": [138, 84]},
						{"origin": [-9.9, 20.89929, -10.9], "size": [19.8, 8.20143, 16.8], "uv": [88, 128]}
					]
				},
				{
					"name": "octagon2",
					"parent": "octagon",
					"pivot": [0, 25, -21],
					"cubes": [
						{"origin": [-4.10071, 15.1, -21.9], "size": [8.20143, 19.8, 11.8], "pivot": [0, 25, -21], "rotation": [0, 0, 45], "uv": [166, 108]},
						{"origin": [-4.10071, 15.1, -21.9], "size": [8.20143, 19.8, 11.8], "uv": [152, 155]},
						{"origin": [-3, 33, -19], "size": [6, 12, 6], "uv": [96, 53]},
						{"origin": [-3.5, 43, -19.5], "size": [7, 4, 7], "uv": [138, 115]},
						{"origin": [-9.9, 20.89929, -21.9], "size": [19.8, 8.20143, 11.8], "pivot": [0, 25, -21], "rotation": [0, 0, 45], "uv": [92, 155]},
						{"origin": [-9.9, 20.89929, -21.9], "size": [19.8, 8.20143, 11.8], "uv": [32, 152]}
					]
				},
				{
					"name": "octagon3",
					"parent": "octagon2",
					"pivot": [0, 25, -6],
					"cubes": [
						{"origin": [-4.42877, 14.308, -6.972], "size": [8.85754, 21.384, 1.944], "pivot": [0, 25, -6], "rotation": [0, 0, 45], "uv": [152, 185]},
						{"origin": [-4.42877, 14.308, -6.972], "size": [8.85754, 21.384, 1.944], "uv": [30, 179]},
						{"origin": [-10.692, 20.57123, -6.972], "size": [21.384, 8.85754, 1.944], "uv": [68, 100]},
						{"origin": [-4.42877, 14.308, -15.972], "size": [8.85754, 21.384, 1.944], "pivot": [0, 25, -15], "rotation": [0, 0, 45], "uv": [134, 174]}
					]
				},
				{
					"name": "octagon4",
					"parent": "octagon3",
					"pivot": [0, 25, -15],
					"cubes": [
						{"origin": [-4.42877, 14.308, -15.972], "size": [8.85754, 21.384, 1.944], "uv": [0, 152]},
						{"origin": [-10.692, 20.57123, -15.972], "size": [21.384, 8.85754, 1.944], "pivot": [0, 25, -15], "rotation": [0, 0, 45], "uv": [96, 81]},
						{"origin": [-10.692, 20.57123, -15.972], "size": [21.384, 8.85754, 1.944], "uv": [96, 34]},
						{"origin": [-10.692, 20.57123, -6.972], "size": [21.384, 8.85754, 1.944], "pivot": [0, 25, -6], "rotation": [0, 0, 45], "uv": [68, 109]}
					]
				},
				{
					"name": "wheel2",
					"parent": "train",
					"pivot": [8, 7, -18],
					"cubes": [
						{"origin": [7, 5.34315, -22], "size": [2, 3.31371, 8], "pivot": [11, 7, -18], "rotation": [-45, 0, 0], "uv": [178, 141], "mirror": true},
						{"origin": [7, 5.34315, -22], "size": [2, 3.31371, 8], "uv": [166, 138], "mirror": true},
						{"origin": [7, 3, -19.65685], "size": [2, 8, 3.31371], "pivot": [11, 7, -18], "rotation": [-45, 0, 0], "uv": [122, 174], "mirror": true},
						{"origin": [7, 3, -19.65685], "size": [2, 8, 3.31371], "uv": [104, 174], "mirror": true}
					]
				},
				{
					"name": "wheel3",
					"parent": "wheel2",
					"pivot": [8, 7, -8],
					"cubes": [
						{"origin": [7, 5.34315, -12], "size": [2, 3.31371, 8], "pivot": [11, 7, -8], "rotation": [-45, 0, 0], "uv": [141, 155], "mirror": true},
						{"origin": [7, 5.34315, -12], "size": [2, 3.31371, 8], "uv": [81, 152], "mirror": true},
						{"origin": [7, 3, -9.65685], "size": [2, 8, 3.31371], "pivot": [11, 7, -8], "rotation": [-45, 0, 0], "uv": [164, 53], "mirror": true},
						{"origin": [7, 3, -9.65685], "size": [2, 8, 3.31371], "uv": [32, 152], "mirror": true}
					]
				},
				{
					"name": "wheel4",
					"parent": "wheel3",
					"pivot": [8, 7, 2],
					"cubes": [
						{"origin": [7, 5.34315, -2], "size": [2, 3.31371, 8], "pivot": [11, 7, 2], "rotation": [-45, 0, 0], "uv": [132, 82], "mirror": true},
						{"origin": [7, 5.34315, -2], "size": [2, 3.31371, 8], "uv": [0, 100], "mirror": true},
						{"origin": [7, 3, 0.34315], "size": [2, 8, 3.31371], "pivot": [11, 7, 2], "rotation": [-45, 0, 0], "uv": [142, 128], "mirror": true},
						{"origin": [7, 3, 0.34315], "size": [2, 8, 3.31371], "uv": [88, 128], "mirror": true}
					]
				},
				{
					"name": "wheel9",
					"parent": "wheel3",
					"pivot": [8, 9, 15],
					"cubes": [
						{"origin": [6.5, 6.51472, 9], "size": [3, 4.97056, 12], "pivot": [12.5, 9, 15], "rotation": [-45, 0, 0], "uv": [104, 174], "mirror": true},
						{"origin": [6.5, 6.51472, 9], "size": [3, 4.97056, 12], "uv": [164, 53], "mirror": true},
						{"origin": [6.5, 3, 12.51472], "size": [3, 12, 4.97056], "pivot": [12.5, 9, 15], "rotation": [-45, 0, 0], "uv": [32, 0], "mirror": true},
						{"origin": [6.5, 3, 12.51472], "size": [3, 12, 4.97056], "uv": [0, 0], "mirror": true}
					]
				},
				{
					"name": "wheel5",
					"parent": "train",
					"pivot": [-8, 7, -18],
					"cubes": [
						{"origin": [-9, 5.34315, -22], "size": [2, 3.31371, 8], "pivot": [-11, 7, -18], "rotation": [-45, 0, 0], "uv": [178, 141]},
						{"origin": [-9, 5.34315, -22], "size": [2, 3.31371, 8], "uv": [166, 138]},
						{"origin": [-9, 3, -19.65685], "size": [2, 8, 3.31371], "pivot": [-11, 7, -18], "rotation": [-45, 0, 0], "uv": [122, 174]},
						{"origin": [-9, 3, -19.65685], "size": [2, 8, 3.31371], "uv": [104, 174]}
					]
				},
				{
					"name": "wheel6",
					"parent": "wheel5",
					"pivot": [-8, 7, -8],
					"cubes": [
						{"origin": [-9, 5.34315, -12], "size": [2, 3.31371, 8], "pivot": [-11, 7, -8], "rotation": [-45, 0, 0], "uv": [141, 155]},
						{"origin": [-9, 5.34315, -12], "size": [2, 3.31371, 8], "uv": [81, 152]},
						{"origin": [-9, 3, -9.65685], "size": [2, 8, 3.31371], "pivot": [-11, 7, -8], "rotation": [-45, 0, 0], "uv": [164, 53]},
						{"origin": [-9, 3, -9.65685], "size": [2, 8, 3.31371], "uv": [32, 152]}
					]
				},
				{
					"name": "wheel7",
					"parent": "wheel6",
					"pivot": [-8, 7, 2],
					"cubes": [
						{"origin": [-9, 5.34315, -2], "size": [2, 3.31371, 8], "pivot": [-11, 7, 2], "rotation": [-45, 0, 0], "uv": [132, 82]},
						{"origin": [-9, 5.34315, -2], "size": [2, 3.31371, 8], "uv": [0, 100]},
						{"origin": [-9, 3, 0.34315], "size": [2, 8, 3.31371], "pivot": [-11, 7, 2], "rotation": [-45, 0, 0], "uv": [142, 128]},
						{"origin": [-9, 3, 0.34315], "size": [2, 8, 3.31371], "uv": [88, 128]}
					]
				},
				{
					"name": "wheel8",
					"parent": "wheel6",
					"pivot": [-8, 9, 15],
					"cubes": [
						{"origin": [-9.5, 6.51472, 9], "size": [3, 4.97056, 12], "pivot": [-12.5, 9, 15], "rotation": [-45, 0, 0], "uv": [104, 174]},
						{"origin": [-9.5, 6.51472, 9], "size": [3, 4.97056, 12], "uv": [164, 53]},
						{"origin": [-9.5, 3, 12.51472], "size": [3, 12, 4.97056], "pivot": [-12.5, 9, 15], "rotation": [-45, 0, 0], "uv": [32, 0]},
						{"origin": [-9.5, 3, 12.51472], "size": [3, 12, 4.97056], "uv": [0, 0]}
					]
				},
				{
					"name": "face",
					"parent": "train",
					"pivot": [0, 25, -22],
					"cubes": [
						{"origin": [-7, 18, -22.5], "size": [14, 14, 1], "uv": [0, 179]}
					]
				},
				{
					"name": "smile",
					"parent": "face",
					"pivot": [0.25, 18.5, -22.6],
					"cubes": [
						{"origin": [-7.25, 16.5, -22.6], "size": [15, 4, 0], "uv": [164, 69]}
					]
				},
				{
					"name": "smile2",
					"parent": "smile",
					"pivot": [0.25, 22.5, -22.6],
					"cubes": [
						{"origin": [-7.25, 20.5, -22.6], "size": [15, 4, 0], "uv": [96, 43]}
					]
				}
			]
		}
	]
}