{
  "resource_pack_name": "vanilla",
  "texture_name": "atlas.items",
  "texture_data": {
    "hw_bd:dead_entity": {
      "textures": "textures/items/dead_entity"
    },
    "hw_bd:crouching": {
      "textures": "textures/items/crouching"
    },
    "hw_bd:statue": {
      "textures": "textures/items/statue"
    },
    "hw_bd:regeneration": {
      "textures": "textures/items/regeneration"
    },
    "hw_bd:jumpscare": {
      "textures": "textures/items/jumpscare"
    },
    "hw_bd:jumpscare2": {
      "textures": "textures/items/jumpscare2"
    }
  }
}