{
  "format_version": "1.8.0",
  "minecraft:client_entity": {
    "description": {
      "identifier": "drop:scar_megalodon_empty",
      "materials": {
        "default": "slime"
      },
      "textures": {
        "default": "textures/freefire/gun/scar_megalodon"
      },
      "geometry": {
        "default": "geometry.scar_megalodon_drop"
      },
      "scripts": {
        "scale": "1.25"
      },
      "render_controllers": [
        "controller.render.freefire"
      ]
    }
  }
}"render_controllers": [
        "controller.render.slime"
      ]
    }
  }
}