{
  "format_version":"1.16.100",
  "animation_controllers":{
    "controller.animation.aokizi":{
      "states":{
        "default":{
          "transitions":[
            {"k":"query.variant == 27000"},
            {"kurouzu":"query.variant == 270"},
            {"aokizi1":"query.has_target && !query.is_in_water"}
          ]
        },
        "aokizi1":{
          "transitions":[
            {"default":"variable.time = (variable.time ?? 0);variable.time = variable.time < 200 ? variable.time + 1:0;return variable.time == 0;"}
          ],
          "on_entry":[
            "/fill ~-32~-6~-32 ~32~~32 ice 0 replace water"
          ]
        },
        "kurouzu":{
          "transitions":[
            {"default":"query.variant == 0"}
          ]
        },
        "k":{}
      }
    }
  }
}