{
  "resource_pack_name": "vanilla",
  "texture_name": "atlas.items",
  "texture_data": {
  	
   //Items
  
	"chainsawMan": { "textures": "textures/items/chainsawM" },
	"change": { "textures": "textures/items/Change" },
	"untransform": { "textures": "textures/items/untransform" },
	"pochita": { "textures": "textures/items/Pochita" },
	"areaCut": { "textures": "textures/items/areaCut" },
	"dashCut": { "textures": "textures/items/dashCut" },
	"S.C.M": { "textures": "textures/items/S.C.M" }
	}
}
