{
	"format_version": "1.8.0",
	"animations": {
		"animation.ic_cultist.shoot": {
			"loop": true,
			"animation_length": 2,
			"anim_time_update": "query.anim_time + query.delta_time * 0.5",
			"bones": {
				"waist": {
					"rotation": {
						"0.0": [0, 32.5, 0],
						"1.0": [0, 32.5, 0],
						"1.0833": [-5, 32.5, 0],
						"2.0": [0, 32.5, 0]
					}
				},
				"head": {
					"rotation": {
						"0.0": [17.5, 0, -12.5],
						"1.0": [17.5, 0, -12.5],
						"1.0833": [7.5, 0, -12.5],
						"2.0": [17.5, 0, -12.5]
					}
				},
				"leftArm": {
					"rotation": {
						"0.0": [-65.48902, 3.30388, 35.83501],
						"1.0": [-65.48902, 3.30388, 35.83501],
						"1.0833": [-75.49, 3.3, 35.84],
						"2.0": [-65.48902, 3.30388, 35.83501]
					},
					"position": {
						"0.0": [1, 1, -2],
						"1.0": [1, 1, -2],
						"1.0833": [-0.25, 1, -0.5],
						"2.0": [1, 1, -2]
					}
				},
				"rightArm": {
					"rotation": {
						"0.0": [-70.34902, -31.3213, -16.48457],
						"1.0": [-70.34902, -31.3213, -16.48457],
						"1.0833": [-75.35, -31.32, -16.48],
						"2.0": [-70.34902, -31.3213, -16.48457]
					},
					"position": {
						"0.0": [2, 0, 1],
						"1.0": [2, 0, 1],
						"1.0833": [-0.25, 0, 3.25],
						"2.0": [2, 0, 1]
					}
				},
				"rightleg": {
					"rotation": {
						"0.0": [0, 52.5, 0],
						"1.0": [0, 52.5, 0],
						"2.0": [0, 52.5, 0]
					}
				},
				"leftleg": {
					"rotation": {
						"0.0": [0, -25, 0],
						"1.0": [0, -25, 0],
						"2.0": [0, -25, 0]
					}
				},
				"gunfire": {
					"position": {
						"0.9583": [0, 0, 0],
						"1.0417": {"pre": [0, 0, 0], "post": [0, -9.5, 0]},
						"1.125": {"pre": [0, -9.5, 0], "post": [0, 0, 0]}
					},
					"scale": {
						"0.9583": [1, 1, 1],
						"1.0417": {"pre": [1, 1, 1], "post": [10, 10, 10]},
						"1.125": {"pre": [10, 10, 10], "post": [1, 1, 1]}
					}
				}
			}
		}
	}
}