{
	"format_version": "1.8.0",
	"animations": {
		"animation.ic_cultist.walk": {
			"loop": true,
			"animation_length": 1,
			"anim_time_update": "query.anim_time + query.delta_time * (query.ground_speed /2)",
			"bones": {
				"waist": {
					"rotation": [2.5, 0, 0],
					"position": {
						"0.0": [0, -1, 0],
						"0.25": [0, 0, 0],
						"0.5": [0, -1, 0],
						"0.75": [0, 0, 0],
						"1.0": [0, -1, 0]
					}
				},
				"leftArm": {
					"rotation": {
						"0.0": [-35, 0, 0],
						"0.25": [-40, 0, 0],
						"0.5": [-35, 0, 0],
						"0.75": [-40, 0, 0],
						"1.0": [-35, 0, 0]
					}
				},
				"rightArm": {
					"rotation": {
						"0.0": [-35.98124, -9.84655, -17.49524],
						"0.25": [-38.48124, -9.84655, -17.49524],
						"0.5": [-35.98124, -9.84655, -17.49524],
						"0.75": [-38.48124, -9.84655, -17.49524],
						"1.0": [-35.98124, -9.84655, -17.49524]
					}
				},
				"rightleg": {
					"rotation": {
						"0.0": [-25, 0, 0],
						"0.25": [0, 0, 0],
						"0.5": [25, 0, 0],
						"0.75": [0, 0, 0],
						"1.0": [-25, 0, 0]
					},
					"position": {
						"0.0": [0, 0, -1],
						"0.25": [0, 0, -1],
						"0.5": [0, 0, 1],
						"0.75": [0, 2, 0],
						"1.0": [0, 0, -1]
					}
				},
				"leftleg": {
					"rotation": {
						"0.0": [25, 0, 0],
						"0.25": [0, 0, 0],
						"0.5": [-25, 0, 0],
						"0.75": [0, 0, 0],
						"1.0": [25, 0, 0]
					},
					"position": {
						"0.0": [0, 0, 1],
						"0.25": [0, 2, 0],
						"0.5": [0, 0, -1],
						"0.75": [0, 0, -1],
						"1.0": [0, 0, 1]
					}
				},
				"gun": {
					"rotation": [10, 0, -65]
				}
			}
		}
	}
}