{
  "format_version": "1.10.0",
  "animation_controllers": {
    "controller.animation.srp_spawn4": {
      "initial_state": "preshoot",
      "states": {
        "preshoot": {
          "transitions": [
            {
              "shoot": "q.get_equipped_item_name(0) == 'spawn4' && q.is_using_item"
            }
          ]
        },
        "shooting": {
          "on_entry": [
            "v.delaytime = q.life_time;"
          ],
          "transitions": [
            {
              "preshoot": "q.get_equipped_item_name(0) != 'spawn4' || !q.is_using_item"
            },
            {
              "shoot": "q.get_equipped_item_name(0) != 'spawn4' || !q.is_using_item"
            }
          ]
        },
        "shoot": {
          "on_entry": [
            "@s srp:spawn4_fire",
            "/playsound srp_spawn4_shot"
          ],
          "transitions": [
            {
              "shooting": "1.0"
            }
          ],
          "on_exit": [
            "v.bullet_fire = q.life_time;",
            "/clear @s srp:spawn4 0 1",
            "/summon lightning_bolt"
          ]
        }
      }
    }
  }
}