{
 "format_version" : "1.14.0",
 "sound_definitions" : {
    "mob.road_tractor.step": {
      "category": "neutral",
      "sounds": [
        "sounds/mob/road_tractor/step1",
        "sounds/mob/road_tractor/step3"
      ]
    },
    "mob.road_tractor.stop": {
      "category": "neutral",
      "sounds": [
        "sounds/mob/road_tractor/step4"
      ]
    },
    "mob.road_tractor.eat": {
      "category": "neutral",
      "sounds": [
        "sounds/mob/road_tractor/eat1",
        "sounds/mob/road_tractor/eat2"
      ]
    },
    "mob.road_tractor.hurt": {
      "category": "hostile",
      "sounds": [
        "sounds/mob/road_tractor/hurt1",
        "sounds/mob/road_tractor/hurt2"
      ]
    },
    "mob.road_tractor.build": {
      "category": "neutral",
      "volume": 0.1,
      "pitch" : [ 0.80, 1.20 ],
      "sounds": [
        "sounds/mob/road_tractor/build1",
        "sounds/mob/road_tractor/build2"
      ]
    },
    "mob.road_tractor.buildw": {
      "category": "neutral",
      "volume": 0.1,
      "pitch" : [ 0.80, 1.20 ],
      "sounds": [
        "sounds/mob/road_tractor/buildw1",
        "sounds/mob/road_tractor/buildw2",
        "sounds/mob/road_tractor/buildw3"
      ]
    },
    "mob.road_tractor.c_nothing": {
      "category": "neutral",
      "pitch" : [ 0.80, 1.20 ],
      "sounds": [
        "sounds/mob/road_tractor/c_nothing"
      ]
    },
    "mob.road_tractor.death": {
      "category": "hostile",
      "pitch" : [ 0.80, 1.20 ],
      "sounds": [
        "sounds/mob/road_tractor/death1"
      ]
    },
    "mob.rail_tractor.step": {
      "category": "neutral",
      "pitch" : [ 0.90, 1.10 ],
      "sounds": [
        "sounds/mob/road_tractor/step1",
        "sounds/mob/road_tractor/step3"
      ]
    },
    "mob.rail_tractor.build": {
      "category": "neutral",
      "volume": 0.1,
      "pitch" : [ 0.80, 1.20 ],
      "sounds": [
        "sounds/mob/rail_tractor/build1",
        "sounds/mob/rail_tractor/build2"
      ]
    },
    "mob.cement_truck.step": {
      "category": "neutral",
      "sounds": [
        "sounds/mob/cement_truck/step1",
        "sounds/mob/cement_truck/step2",
        "sounds/mob/cement_truck/step4"
      ]
    },
    "mob.mower.step": {
      "category": "neutral",
      "pitch" : [ 0.80, 1.20 ],
      "sounds": [
        "sounds/mob/mower/step1",
        "sounds/mob/mower/step2"
      ]
    },
    "mob.miner.step": {
      "category": "neutral",
      "sounds": [
        "sounds/mob/miner/step1"
      ]
    }
  }
}
