{
  "format_version": "1.8.0",
  "animations": {
    "animation.k3.reload": {
      "loop": false,
      "animation_length": 11.30,
      "timeline": {
        "0.0": "/title @s actionbar Reloading",
        "0.92": "/playsound k3.open @a[r=12] ~ ~ ~",
        "2.0": "/title @s actionbar >Reloading<",
        "2.35": "/playsound k3.out @a[r=12] ~ ~ ~",
        "4.0": "/title @s actionbar >>Reloading<<",
        "5.0": "/title @s actionbar >>>Reloading<<<",
        "4.1": "/playsound k3.in @a[r=12] ~ ~ ~",
        "6.0": "/title @s actionbar >>Reloading<<",
        "7.1": "/playsound k3.close @a[r=12] ~ ~ ~",
        "8.0": "/title @s actionbar >Reloading<",
        "8.85": "/playsound k3.charge @a[r=12] ~ ~ ~",
        "10.0": "/clear @s gun:k3_emp 0 1",
        "10.05": "/title @s actionbar Reloading",
        "11.2": "/replaceitem entity @s slot.weapon.mainhand 1 gun:k3"
      }
    }
  }
}