{
	"format_version": "1.8.0",
	"animations": {
		"animation.Longlegs.jumpscare": {
			"loop": true,
			"animation_length": 1.25,
			"bones": {
				"rightarm": {
					"rotation": {
						"0.0": {
							"post": [0, 0, 0],
							"lerp_mode": "catmullrom"
						},
						"0.25": {
							"post": [-60, 0, 0],
							"lerp_mode": "catmullrom"
						},
						"0.875": {
							"post": [-60, 0, 0],
							"lerp_mode": "catmullrom"
						},
						"1.0": {
							"post": [0, 0, 0],
							"lerp_mode": "catmullrom"
						},
						"1.25": {
							"post": [0, 0, 0],
							"lerp_mode": "catmullrom"
						}
					},
					"position": {
						"0.0": {
							"post": [0, 0, 0],
							"lerp_mode": "catmullrom"
						},
						"0.25": {
							"post": [0, 14, -11],
							"lerp_mode": "catmullrom"
						},
						"0.875": {
							"post": [0, 14, -11],
							"lerp_mode": "catmullrom"
						},
						"1.0": {
							"post": [0, 0, 0],
							"lerp_mode": "catmullrom"
						},
						"1.25": {
							"post": [0, 0, 0],
							"lerp_mode": "catmullrom"
						}
					}
				},
				"leftarm": {
					"rotation": {
						"0.0": {
							"post": [0, 0, 0],
							"lerp_mode": "catmullrom"
						},
						"0.25": {
							"post": [-70, 0, 0],
							"lerp_mode": "catmullrom"
						},
						"0.875": {
							"post": [-70, 0, 0],
							"lerp_mode": "catmullrom"
						},
						"1.0": {
							"post": [0, 0, 0],
							"lerp_mode": "catmullrom"
						},
						"1.25": {
							"post": [0, 0, 0],
							"lerp_mode": "catmullrom"
						}
					},
					"position": {
						"0.0": {
							"post": [0, 0, 0],
							"lerp_mode": "catmullrom"
						},
						"0.25": {
							"post": [0, 15, -13],
							"lerp_mode": "catmullrom"
						},
						"0.875": {
							"post": [0, 15, -13],
							"lerp_mode": "catmullrom"
						},
						"1.0": {
							"post": [0, 0, 0],
							"lerp_mode": "catmullrom"
						},
						"1.25": {
							"post": [0, 0, 0],
							"lerp_mode": "catmullrom"
						}
					}
				},
				"Body": {
					"rotation": {
						"0.0": {
							"post": [0, 0, 0],
							"lerp_mode": "catmullrom"
						},
						"0.25": {
							"post": [-42.5, 0, 0],
							"lerp_mode": "catmullrom"
						},
						"0.75": {
							"post": [-42.5, 0, 0],
							"lerp_mode": "catmullrom"
						},
						"0.875": {
							"post": [0, 0, 0],
							"lerp_mode": "catmullrom"
						},
						"1.25": {
							"post": [0, 0, 0],
							"lerp_mode": "catmullrom"
						}
					},
					"position": {
						"0.0": {
							"post": [0, 0, 0],
							"lerp_mode": "catmullrom"
						},
						"0.25": {
							"post": [0, 6, -9],
							"lerp_mode": "catmullrom"
						},
						"0.75": {
							"post": [0, 6, -9],
							"lerp_mode": "catmullrom"
						},
						"0.875": {
							"post": [0, 0, -3],
							"lerp_mode": "catmullrom"
						},
						"1.25": {
							"post": [0, 0, 0],
							"lerp_mode": "catmullrom"
						}
					}
				},
				"body2": {
					"rotation": {
						"0.0": {
							"post": [0, 0, 0],
							"lerp_mode": "catmullrom"
						},
						"0.25": {
							"post": [-25, 0, 0],
							"lerp_mode": "catmullrom"
						},
						"0.75": {
							"post": [-25, 0, 0],
							"lerp_mode": "catmullrom"
						},
						"0.875": {
							"post": [0, 0, 0],
							"lerp_mode": "catmullrom"
						},
						"1.25": {
							"post": [0, 0, 0],
							"lerp_mode": "catmullrom"
						}
					},
					"position": {
						"0.0": {
							"post": [0, 0, 0],
							"lerp_mode": "catmullrom"
						},
						"0.25": {
							"post": [0, 4, -5],
							"lerp_mode": "catmullrom"
						},
						"0.75": {
							"post": [0, 4, -5],
							"lerp_mode": "catmullrom"
						},
						"0.875": {
							"post": [0, 0, 0],
							"lerp_mode": "catmullrom"
						},
						"1.25": {
							"post": [0, 0, 0],
							"lerp_mode": "catmullrom"
						}
					}
				},
				"head": {
					"rotation": {
						"0.0": {
							"post": [0, 0, 0],
							"lerp_mode": "catmullrom"
						},
						"0.25": {
							"post": [87.5, 0, 0],
							"lerp_mode": "catmullrom"
						},
						"0.75": {
							"post": [87.5, 0, 0],
							"lerp_mode": "catmullrom"
						},
						"0.875": {
							"post": [17.5, 0, 0],
							"lerp_mode": "catmullrom"
						},
						"1.25": {
							"post": [0, 0, 0],
							"lerp_mode": "catmullrom"
						}
					},
					"position": {
						"0.0": {
							"post": [0, 0, 0],
							"lerp_mode": "catmullrom"
						},
						"0.25": {
							"post": [0, 0, 1],
							"lerp_mode": "catmullrom"
						},
						"0.3125": {
							"post": [1, -0.01, 1.03],
							"lerp_mode": "catmullrom"
						},
						"0.375": {
							"post": [0.95, -0.02, 0.01],
							"lerp_mode": "catmullrom"
						},
						"0.4375": {
							"post": [-1.17, -0.03, 0.05],
							"lerp_mode": "catmullrom"
						},
						"0.5": {
							"post": [-1.13, -0.04, 0.16],
							"lerp_mode": "catmullrom"
						},
						"0.5625": {
							"post": [0.1, -0.06, 0.29],
							"lerp_mode": "catmullrom"
						},
						"0.625": {
							"post": [1, -0.01, 1.03],
							"lerp_mode": "catmullrom"
						},
						"0.6875": {
							"post": [0.95, -0.02, 0.01],
							"lerp_mode": "catmullrom"
						},
						"0.75": {
							"post": [0, 0, 1],
							"lerp_mode": "catmullrom"
						},
						"0.875": {
							"post": [0, 1, 3],
							"lerp_mode": "catmullrom"
						},
						"1.25": {
							"post": [0, 0, 0],
							"lerp_mode": "catmullrom"
						}
					}
				}
			}
		}
	}
}