{
	"format_version": "1.8.0",
	"animations": {
		"animation.longlegs.hideseek": {
			"loop": true,
			"animation_length": 30,
			"bones": {
				"Body": {
					"rotation": {
						"0.0": {
							"post": [0, 0, 0],
							"lerp_mode": "catmullrom"
						},
						"1.0": {
							"post": [0, 0, 0],
							"lerp_mode": "catmullrom"
						},
						"2.0": {
							"post": [-62.5, 0, 0],
							"lerp_mode": "catmullrom"
						},
						"3.3333": {
							"post": [-62.5, 0, 0],
							"lerp_mode": "catmullrom"
						},
						"3.5": {
							"post": [-35, 0, 0],
							"lerp_mode": "catmullrom"
						},
						"7.6667": {
							"post": [-35, 0, 0],
							"lerp_mode": "catmullrom"
						},
						"8.0": {
							"post": [-17.5, 0, 0],
							"lerp_mode": "catmullrom"
						},
						"10.25": {
							"post": [-17.5, 0, 0],
							"lerp_mode": "catmullrom"
						},
						"12.0": {
							"post": [-17.5, 0, 0],
							"lerp_mode": "catmullrom"
						},
						"17.0": {
							"post": [25, 0, 0],
							"lerp_mode": "catmullrom"
						},
						"17.1667": {
							"post": [25, 0, 0],
							"lerp_mode": "catmullrom"
						},
						"17.5": {
							"post": [25, 0, 0],
							"lerp_mode": "catmullrom"
						},
						"17.75": {
							"post": [25, 0, 0],
							"lerp_mode": "catmullrom"
						},
						"27.1667": {
							"post": [25, 0, 0],
							"lerp_mode": "catmullrom"
						},
						"30.0": {
							"post": [25, 0, 0],
							"lerp_mode": "catmullrom"
						}
					},
					"position": {
						"0.0": {
							"post": [0, 0, 0],
							"lerp_mode": "catmullrom"
						},
						"1.0": {
							"post": [0, 0, 0],
							"lerp_mode": "catmullrom"
						},
						"2.0": {
							"post": [0, 12, -15],
							"lerp_mode": "catmullrom"
						},
						"3.3333": {
							"post": [0, 12, -15],
							"lerp_mode": "catmullrom"
						},
						"3.5": {
							"post": [0, 4, -10],
							"lerp_mode": "catmullrom"
						},
						"7.6667": {
							"post": [0, 4, -10],
							"lerp_mode": "catmullrom"
						},
						"8.0": {
							"post": [0, 0, -5],
							"lerp_mode": "catmullrom"
						},
						"10.25": {
							"post": [0, 0, -5],
							"lerp_mode": "catmullrom"
						},
						"10.5": {
							"post": [0, 0, -10],
							"lerp_mode": "catmullrom"
						},
						"12.0": {
							"post": [0, 0, -10],
							"lerp_mode": "catmullrom"
						},
						"17.0": {
							"post": [0, 3, 11],
							"lerp_mode": "catmullrom"
						},
						"17.1667": {
							"post": [0, 3, -3],
							"lerp_mode": "catmullrom"
						},
						"17.5": {
							"post": [0, 3, -3],
							"lerp_mode": "catmullrom"
						},
						"17.6667": {
							"post": [0, 3, 3],
							"lerp_mode": "catmullrom"
						},
						"17.75": {
							"post": [0, 3, 3],
							"lerp_mode": "catmullrom"
						},
						"27.1667": {
							"post": [0, 3, 0],
							"lerp_mode": "catmullrom"
						},
						"30.0": {
							"post": [0, 3, 0],
							"lerp_mode": "catmullrom"
						}
					}
				},
				"body2": {
					"rotation": {
						"0.0": {
							"post": [0, 0, 0],
							"lerp_mode": "catmullrom"
						},
						"12.0": {
							"post": [0, 0, 0],
							"lerp_mode": "catmullrom"
						},
						"17.0": {
							"post": [-20, 0, 0],
							"lerp_mode": "catmullrom"
						},
						"30.0": {
							"post": [-20, 0, 0],
							"lerp_mode": "catmullrom"
						}
					},
					"position": {
						"0.0": {
							"post": [0, 0, 0],
							"lerp_mode": "catmullrom"
						},
						"12.0": {
							"post": [0, 0, 0],
							"lerp_mode": "catmullrom"
						},
						"17.0": {
							"post": [0, 4, -2],
							"lerp_mode": "catmullrom"
						},
						"30.0": {
							"post": [0, 4, -2],
							"lerp_mode": "catmullrom"
						}
					}
				},
				"head": {
					"rotation": {
						"0.0": {
							"post": [0, 0, 0],
							"lerp_mode": "catmullrom"
						},
						"1.0": {
							"post": [0, 0, 0],
							"lerp_mode": "catmullrom"
						},
						"2.0": {
							"post": [85, 0, 0],
							"lerp_mode": "catmullrom"
						},
						"3.3333": {
							"post": [85, 0, 0],
							"lerp_mode": "catmullrom"
						},
						"3.5": {
							"post": [50, 0, 0],
							"lerp_mode": "catmullrom"
						},
						"4.5": {
							"post": [50, 0, 0],
							"lerp_mode": "catmullrom"
						},
						"4.6667": {
							"post": [-5, 0, 0],
							"lerp_mode": "catmullrom"
						},
						"5.0": {
							"post": [-5, 0, 0],
							"lerp_mode": "catmullrom"
						},
						"5.25": {
							"post": [32.5, 0, 0],
							"lerp_mode": "catmullrom"
						},
						"6.5": {
							"post": [32.5, 0, 0],
							"lerp_mode": "catmullrom"
						},
						"6.6667": {
							"post": [32.04589, 2.99318, -17.25002],
							"lerp_mode": "catmullrom"
						},
						"8.5": {
							"post": [32.05, 2.99, -17.25],
							"lerp_mode": "catmullrom"
						},
						"8.75": {
							"post": [0, 0, 0],
							"lerp_mode": "catmullrom"
						},
						"9.0": {
							"post": [0, 0, 0],
							"lerp_mode": "catmullrom"
						},
						"9.75": {
							"post": [0, 0, 22.5],
							"lerp_mode": "catmullrom"
						},
						"10.25": {
							"post": [0, 0, 22.5],
							"lerp_mode": "catmullrom"
						},
						"10.5": {
							"post": [30, 0, 0],
							"lerp_mode": "catmullrom"
						},
						"12.0": {
							"post": [30, 0, 0],
							"lerp_mode": "catmullrom"
						},
						"17.0": {
							"post": [7.5, 0, 0],
							"lerp_mode": "catmullrom"
						},
						"17.1667": {
							"post": [7.98918, -3.84097, -14.51082],
							"lerp_mode": "catmullrom"
						},
						"19.125": {
							"post": [7.99, -3.84, -14.51],
							"lerp_mode": "catmullrom"
						},
						"19.2917": {
							"post": [8.3685, 5.07889, 19.37104],
							"lerp_mode": "catmullrom"
						},
						"20.375": {
							"post": [8.3685, 5.07889, 19.37104],
							"lerp_mode": "catmullrom"
						},
						"20.5417": {
							"post": [8.16577, -4.46275, -16.93758],
							"lerp_mode": "catmullrom"
						},
						"21.4167": {
							"post": [8.16577, -4.46275, -16.93758],
							"lerp_mode": "catmullrom"
						},
						"21.5833": {
							"post": [7.84124, 3.21181, 12.08775],
							"lerp_mode": "catmullrom"
						},
						"22.4583": {
							"post": [7.84124, 3.21181, 12.08775],
							"lerp_mode": "catmullrom"
						},
						"22.625": {
							"post": [7.84093, -3.21039, -12.08598],
							"lerp_mode": "catmullrom"
						},
						"23.5833": {
							"post": [7.84093, -3.21039, -12.08598],
							"lerp_mode": "catmullrom"
						},
						"23.75": {
							"post": [8.3685, 5.07889, 19.37104],
							"lerp_mode": "catmullrom"
						},
						"24.625": {
							"post": [8.3685, 5.07889, 19.37104],
							"lerp_mode": "catmullrom"
						},
						"24.7917": {
							"post": [8.16577, -4.46275, -16.93758],
							"lerp_mode": "catmullrom"
						},
						"25.75": {
							"post": [8.16577, -4.46275, -16.93758],
							"lerp_mode": "catmullrom"
						},
						"25.9167": {
							"post": [7.84124, 3.21181, 12.08775],
							"lerp_mode": "catmullrom"
						},
						"27.3333": {
							"post": [7.84124, 3.21181, 12.08775],
							"lerp_mode": "catmullrom"
						},
						"27.5": {
							"post": [7.84093, -3.21039, -12.08598],
							"lerp_mode": "catmullrom"
						},
						"28.8333": {
							"post": [7.84093, -3.21039, -12.08598],
							"lerp_mode": "catmullrom"
						},
						"29.0": {
							"post": [0, 0, 0],
							"lerp_mode": "catmullrom"
						},
						"30.0": {
							"post": [0, 0, 0],
							"lerp_mode": "catmullrom"
						}
					},
					"position": {
						"0.0": {
							"post": [0, 0, 0],
							"lerp_mode": "catmullrom"
						},
						"1.0": {
							"post": [0, 0, 0],
							"lerp_mode": "catmullrom"
						},
						"2.0": {
							"post": [0, 0, 0],
							"lerp_mode": "catmullrom"
						},
						"3.3333": {
							"post": [0, 0, 0],
							"lerp_mode": "catmullrom"
						},
						"3.5": {
							"post": [0, 0, 0],
							"lerp_mode": "catmullrom"
						},
						"4.5": {
							"post": [0, 0, 0],
							"lerp_mode": "catmullrom"
						},
						"4.6667": {
							"post": [0, 0, 0],
							"lerp_mode": "catmullrom"
						},
						"5.0": {
							"post": [0, 0, 0],
							"lerp_mode": "catmullrom"
						},
						"5.25": {
							"post": [0, 0, 0],
							"lerp_mode": "catmullrom"
						},
						"6.5": {
							"post": [0, 0, 0],
							"lerp_mode": "catmullrom"
						},
						"6.6667": {
							"post": [0, 0, 0],
							"lerp_mode": "catmullrom"
						},
						"8.5": {
							"post": [0, 0, 0],
							"lerp_mode": "catmullrom"
						},
						"8.75": {
							"post": [0, 0, 0],
							"lerp_mode": "catmullrom"
						},
						"9.0": {
							"post": [0, 0, 0],
							"lerp_mode": "catmullrom"
						},
						"9.75": {
							"post": [0, 0, 0],
							"lerp_mode": "catmullrom"
						},
						"10.25": {
							"post": [0, 0, 0],
							"lerp_mode": "catmullrom"
						},
						"10.5": {
							"post": [0, 0, 0],
							"lerp_mode": "catmullrom"
						},
						"12.0": {
							"post": [0, 0, 0],
							"lerp_mode": "catmullrom"
						},
						"17.0": {
							"post": [0, 0, 0],
							"lerp_mode": "catmullrom"
						},
						"19.125": {
							"post": [0, 0, 0],
							"lerp_mode": "catmullrom"
						},
						"19.2917": {
							"post": [0, 0, 0],
							"lerp_mode": "catmullrom"
						},
						"20.375": {
							"post": [0, 0, 0],
							"lerp_mode": "catmullrom"
						},
						"20.5417": {
							"post": [0, 0, 0],
							"lerp_mode": "catmullrom"
						},
						"21.4167": {
							"post": [0, 0, 0],
							"lerp_mode": "catmullrom"
						},
						"21.5833": {
							"post": [0, 0, 0],
							"lerp_mode": "catmullrom"
						},
						"22.4583": {
							"post": [0, 0, 0],
							"lerp_mode": "catmullrom"
						},
						"22.625": {
							"post": [0, 0, 0],
							"lerp_mode": "catmullrom"
						},
						"23.5833": {
							"post": [0, 0, 0],
							"lerp_mode": "catmullrom"
						},
						"23.75": {
							"post": [0, 0, 0],
							"lerp_mode": "catmullrom"
						},
						"24.625": {
							"post": [0, 0, 0],
							"lerp_mode": "catmullrom"
						},
						"24.7917": {
							"post": [0, 0, 0],
							"lerp_mode": "catmullrom"
						},
						"25.75": {
							"post": [0, 0, 0],
							"lerp_mode": "catmullrom"
						},
						"25.9167": {
							"post": [0, 0, 0],
							"lerp_mode": "catmullrom"
						},
						"27.3333": {
							"post": [0, 0, 0],
							"lerp_mode": "catmullrom"
						},
						"27.5": {
							"post": [0, 0, 0],
							"lerp_mode": "catmullrom"
						},
						"28.8333": {
							"post": [0, 0, 0],
							"lerp_mode": "catmullrom"
						},
						"29.0": {
							"post": [0, 0, 0],
							"lerp_mode": "catmullrom"
						},
						"30.0": {
							"post": [0, 0, 0],
							"lerp_mode": "catmullrom"
						}
					}
				},
				"leftarm": {
					"rotation": {
						"0.0": {
							"post": [0, 0, 0],
							"lerp_mode": "catmullrom"
						},
						"1.0": {
							"post": [0, 0, 0],
							"lerp_mode": "catmullrom"
						},
						"2.0": {
							"post": [0, 0, -35],
							"lerp_mode": "catmullrom"
						},
						"3.3333": {
							"post": [0, 0, -45],
							"lerp_mode": "catmullrom"
						},
						"3.5": {
							"post": [0, 0, 77.5],
							"lerp_mode": "catmullrom"
						},
						"5.0": {
							"post": [0, 0, 77.5],
							"lerp_mode": "catmullrom"
						},
						"5.25": {
							"post": [0, 0, -5],
							"lerp_mode": "catmullrom"
						},
						"7.6667": {
							"post": [0, 0, -5],
							"lerp_mode": "catmullrom"
						},
						"7.8333": {
							"post": [-7.98205, 23.7695, -41.68246],
							"lerp_mode": "catmullrom"
						},
						"8.0": {
							"post": [0, 65, 0],
							"lerp_mode": "catmullrom"
						},
						"12.0": {
							"post": [0, 65, 0],
							"lerp_mode": "catmullrom"
						},
						"17.0": {
							"post": [-79.7043, 13.90597, -23.14712],
							"lerp_mode": "catmullrom"
						},
						"17.1667": {
							"post": [-79.7, 13.91, -23.15],
							"lerp_mode": "catmullrom"
						},
						"30.0": {
							"post": [-79.7, 13.91, -23.15],
							"lerp_mode": "catmullrom"
						}
					},
					"position": {
						"0.0": {
							"post": [0, 0, 0],
							"lerp_mode": "catmullrom"
						},
						"1.0": {
							"post": [0, 0, 0],
							"lerp_mode": "catmullrom"
						},
						"2.0": {
							"post": [9, 19, 0],
							"lerp_mode": "catmullrom"
						},
						"3.3333": {
							"post": [9, 19, 0],
							"lerp_mode": "catmullrom"
						},
						"3.5": {
							"post": [-9, 24, -2],
							"lerp_mode": "catmullrom"
						},
						"5.0": {
							"post": [-9, 24, -2],
							"lerp_mode": "catmullrom"
						},
						"5.25": {
							"post": [2, 10, -2],
							"lerp_mode": "catmullrom"
						},
						"7.6667": {
							"post": [2, 10, -2],
							"lerp_mode": "catmullrom"
						},
						"7.8333": {
							"post": [13, 10, -4.5],
							"lerp_mode": "catmullrom"
						},
						"8.0": {
							"post": [10, 2, -7],
							"lerp_mode": "catmullrom"
						},
						"12.0": {
							"post": [10, 2, -7],
							"lerp_mode": "catmullrom"
						},
						"14.5": {
							"post": [3.5, 3, -12],
							"lerp_mode": "catmullrom"
						},
						"17.0": {
							"post": [3, 7, -13],
							"lerp_mode": "catmullrom"
						},
						"17.1667": {
							"post": [3, 7, -25],
							"lerp_mode": "catmullrom"
						},
						"30.0": {
							"post": [3, 7, -25],
							"lerp_mode": "catmullrom"
						}
					}
				},
				"leftarm4": {
					"rotation": {
						"0.0": {
							"post": [0, 0, 0],
							"lerp_mode": "catmullrom"
						},
						"12.0": {
							"post": [0, 0, 0],
							"lerp_mode": "catmullrom"
						},
						"14.5": {
							"post": [52.38, 29.58, 6.37],
							"lerp_mode": "catmullrom"
						},
						"17.0": {
							"post": [104.75144, 59.16159, 12.73916],
							"lerp_mode": "catmullrom"
						},
						"30.0": {
							"post": [104.75, 59.16, 12.74],
							"lerp_mode": "catmullrom"
						}
					},
					"position": {
						"0.0": {
							"post": [0, 0, 0],
							"lerp_mode": "catmullrom"
						},
						"12.0": {
							"post": [0, 0, 0],
							"lerp_mode": "catmullrom"
						},
						"14.5": {
							"post": [4, 7.5, 5.5],
							"lerp_mode": "catmullrom"
						},
						"17.0": {
							"post": [7, 9, 6],
							"lerp_mode": "catmullrom"
						},
						"30.0": {
							"post": [8, 7, 3],
							"lerp_mode": "catmullrom"
						}
					}
				},
				"rightarm": {
					"rotation": {
						"0.0": {
							"post": [0, 0, 0],
							"lerp_mode": "catmullrom"
						},
						"1.0": {
							"post": [0, 0, 0],
							"lerp_mode": "catmullrom"
						},
						"2.0": {
							"post": [-35, 40, 0],
							"lerp_mode": "catmullrom"
						},
						"3.3333": {
							"post": [-35, 40, 0],
							"lerp_mode": "catmullrom"
						},
						"3.5": {
							"post": [-35, 40, 0],
							"lerp_mode": "catmullrom"
						},
						"10.5": {
							"post": [-35, 40, 0],
							"lerp_mode": "catmullrom"
						},
						"17.0": {
							"post": [-95.78456, -7.22086, 5.56664],
							"lerp_mode": "catmullrom"
						},
						"17.1667": {
							"post": [-95.78, -7.22, 5.57],
							"lerp_mode": "catmullrom"
						},
						"30.0": {
							"post": [-95.78, -7.22, 5.57],
							"lerp_mode": "catmullrom"
						}
					},
					"position": {
						"0.0": {
							"post": [0, 0, 0],
							"lerp_mode": "catmullrom"
						},
						"1.0": {
							"post": [0, 0, 0],
							"lerp_mode": "catmullrom"
						},
						"2.0": {
							"post": [-3, 16, -13],
							"lerp_mode": "catmullrom"
						},
						"3.3333": {
							"post": [-3, 16, -13],
							"lerp_mode": "catmullrom"
						},
						"3.5": {
							"post": [-3, 10, -13],
							"lerp_mode": "catmullrom"
						},
						"10.5": {
							"post": [-3, 10, -13],
							"lerp_mode": "catmullrom"
						},
						"17.0": {
							"post": [1, 13, -20],
							"lerp_mode": "catmullrom"
						},
						"17.1667": {
							"post": [1, 13, -29],
							"lerp_mode": "catmullrom"
						},
						"30.0": {
							"post": [1, 13, -29],
							"lerp_mode": "catmullrom"
						}
					}
				},
				"leftleg": {
					"rotation": {
						"0.0": {
							"post": [0, 0, 0],
							"lerp_mode": "catmullrom"
						},
						"30.0": {
							"post": [0, 0, 0],
							"lerp_mode": "catmullrom"
						}
					},
					"position": {
						"0.0": {
							"post": [0, 0, 0],
							"lerp_mode": "catmullrom"
						},
						"4.9167": {
							"post": [0, 0, 2],
							"lerp_mode": "catmullrom"
						},
						"5.125": {
							"post": [0, 5, 2],
							"lerp_mode": "catmullrom"
						},
						"5.3333": {
							"post": [0, 3, -4],
							"lerp_mode": "catmullrom"
						},
						"5.5417": {
							"post": [0, 0, -3],
							"lerp_mode": "catmullrom"
						},
						"7.0": {
							"post": [0, 0, 2],
							"lerp_mode": "catmullrom"
						},
						"7.2083": {
							"post": [0, 5, 2],
							"lerp_mode": "catmullrom"
						},
						"7.4167": {
							"post": [0, 3, -4],
							"lerp_mode": "catmullrom"
						},
						"7.625": {
							"post": [0, 0, -3],
							"lerp_mode": "catmullrom"
						},
						"8.875": {
							"post": [0, 0, 2],
							"lerp_mode": "catmullrom"
						},
						"9.0833": {
							"post": [0, 5, 2],
							"lerp_mode": "catmullrom"
						},
						"9.7917": {
							"post": [0, 3, -4],
							"lerp_mode": "catmullrom"
						},
						"10.0": {
							"post": [0, 0, -3],
							"lerp_mode": "catmullrom"
						},
						"30.0": {
							"post": [0, 0, -3],
							"lerp_mode": "catmullrom"
						}
					}
				},
				"rightLeg": {
					"rotation": {
						"0.0": {
							"post": [0, 0, 0],
							"lerp_mode": "catmullrom"
						},
						"30.0": {
							"post": [0, 0, 0],
							"lerp_mode": "catmullrom"
						}
					},
					"position": {
						"0.0": {
							"post": [0, 0, 0],
							"lerp_mode": "catmullrom"
						},
						"4.5": {
							"post": [0, 0, 2],
							"lerp_mode": "catmullrom"
						},
						"4.7083": {
							"post": [0, 5, 2],
							"lerp_mode": "catmullrom"
						},
						"4.9167": {
							"post": [0, 3, -4],
							"lerp_mode": "catmullrom"
						},
						"5.125": {
							"post": [0, 0, -3],
							"lerp_mode": "catmullrom"
						},
						"8.0": {
							"post": [0, 0, 2],
							"lerp_mode": "catmullrom"
						},
						"8.2083": {
							"post": [0, 5, 2],
							"lerp_mode": "catmullrom"
						},
						"8.4167": {
							"post": [0, 3, -4],
							"lerp_mode": "catmullrom"
						},
						"8.625": {
							"post": [0, 0, -3],
							"lerp_mode": "catmullrom"
						},
						"9.8333": {
							"post": [0, 0, 2],
							"lerp_mode": "catmullrom"
						},
						"10.0417": {
							"post": [0, 5, 2],
							"lerp_mode": "catmullrom"
						},
						"10.25": {
							"post": [0, 3, -4],
							"lerp_mode": "catmullrom"
						},
						"10.4583": {
							"post": [0, 0, -3],
							"lerp_mode": "catmullrom"
						},
						"30.0": {
							"post": [0, 0, -3],
							"lerp_mode": "catmullrom"
						}
					}
				},
				"body_main": {
					"rotation": {
						"0.0": {
							"post": [0, 0, 0],
							"lerp_mode": "catmullrom"
						},
						"4.5": {
							"post": [0, 0, 0],
							"lerp_mode": "catmullrom"
						},
						"5.25": {
							"post": [0, 0, 0],
							"lerp_mode": "catmullrom"
						},
						"7.0": {
							"post": [0, 0, 0],
							"lerp_mode": "catmullrom"
						},
						"10.5": {
							"post": [0, 0, 0],
							"lerp_mode": "catmullrom"
						},
						"30.0": {
							"post": [0, 0, 0],
							"lerp_mode": "catmullrom"
						}
					},
					"position": {
						"0.0": {
							"post": [0, 0, 0],
							"lerp_mode": "catmullrom"
						},
						"4.5": {
							"post": [0, 0, 0],
							"lerp_mode": "catmullrom"
						},
						"5.25": {
							"post": [0, 0, -11],
							"lerp_mode": "catmullrom"
						},
						"7.0": {
							"post": [0, 0, -11],
							"lerp_mode": "catmullrom"
						},
						"10.5": {
							"post": [0, 0, -25],
							"lerp_mode": "catmullrom"
						},
						"30.0": {
							"post": [0, 0, -25],
							"lerp_mode": "catmullrom"
						}
					}
				},
				"Head5": {
					"rotation": {
						"0.0": [0, 0, 0],
						"17.0": [0, 0, 0],
						"17.1667": [0, 0, 0],
						"30.0": [0, 0, 0]
					},
					"position": {
						"0.0": [0, 0, 1],
						"17.0": [0, 0, 1],
						"17.1667": [0, 0, -1],
						"30.0": [0, 0, -1]
					}
				},
				"leftarm1": {
					"rotation": [0, 0, 0],
					"position": {
						"12.0": {
							"pre": [0, 0, 0],
							"post": [0, 0, 0],
							"lerp_mode": "catmullrom"
						},
						"17.0": {
							"post": [1, 2, 0],
							"lerp_mode": "catmullrom"
						},
						"30.0": {
							"post": [1, 2, 0],
							"lerp_mode": "catmullrom"
						}
					}
				},
				"leftarm2": {
					"rotation": {
						"12.0": {
							"pre": [0, 0, 0],
							"post": [0, 0, 0],
							"lerp_mode": "catmullrom"
						},
						"17.0": {
							"post": [0, 0, 0],
							"lerp_mode": "catmullrom"
						},
						"30.0": {
							"post": [0, 0, 0],
							"lerp_mode": "catmullrom"
						}
					},
					"position": {
						"12.0": {
							"pre": [0, 0, 0],
							"post": [0, 0, 0],
							"lerp_mode": "catmullrom"
						},
						"17.0": {
							"post": [0, 0, 0],
							"lerp_mode": "catmullrom"
						},
						"30.0": {
							"post": [0, 0, 0],
							"lerp_mode": "catmullrom"
						}
					}
				},
				"leftarm3": {
					"rotation": {
						"12.0": {
							"pre": [0, 0, 0],
							"post": [0, 0, 0],
							"lerp_mode": "catmullrom"
						},
						"17.0": {
							"post": [-10, 0, 35],
							"lerp_mode": "catmullrom"
						},
						"30.0": {
							"post": [-10, 0, 35],
							"lerp_mode": "catmullrom"
						}
					},
					"position": {
						"12.0": {
							"pre": [0, 0, 0],
							"post": [0, 0, 0],
							"lerp_mode": "catmullrom"
						},
						"17.0": {
							"post": [-1, 11, -2],
							"lerp_mode": "catmullrom"
						},
						"30.0": {
							"post": [-1, 11, -2],
							"lerp_mode": "catmullrom"
						}
					}
				},
				"rightarm1": {
					"rotation": {
						"12.0": {
							"pre": [0, 0, 0],
							"post": [0, 0, 0],
							"lerp_mode": "catmullrom"
						},
						"17.0": {
							"post": [0, 0, 0],
							"lerp_mode": "catmullrom"
						},
						"30.0": {
							"post": [0, 0, 0],
							"lerp_mode": "catmullrom"
						}
					},
					"position": {
						"12.0": {
							"pre": [0, 0, 0],
							"post": [0, 0, 0],
							"lerp_mode": "catmullrom"
						},
						"17.0": {
							"post": [-3, 5, 0],
							"lerp_mode": "catmullrom"
						},
						"30.0": {
							"post": [-3, 5, 0],
							"lerp_mode": "catmullrom"
						}
					}
				},
				"rightarm2": {
					"rotation": {
						"12.0": {
							"pre": [0, 0, 0],
							"post": [0, 0, 0],
							"lerp_mode": "catmullrom"
						},
						"17.0": {
							"post": [0, 0, 0],
							"lerp_mode": "catmullrom"
						},
						"30.0": {
							"post": [0, 0, 0],
							"lerp_mode": "catmullrom"
						}
					},
					"position": {
						"12.0": {
							"pre": [0, 0, 0],
							"post": [0, 0, 0],
							"lerp_mode": "catmullrom"
						},
						"17.0": {
							"post": [0, 0, 0],
							"lerp_mode": "catmullrom"
						},
						"30.0": {
							"post": [0, 0, 0],
							"lerp_mode": "catmullrom"
						}
					}
				},
				"rightarm4": {
					"rotation": {
						"12.0": {
							"pre": [0, 0, 0],
							"post": [0, 0, 0],
							"lerp_mode": "catmullrom"
						},
						"14.5": {
							"post": [0, -41.25, 48.75],
							"lerp_mode": "catmullrom"
						},
						"17.0": {
							"post": [0, -82.5, 97.5],
							"lerp_mode": "catmullrom"
						},
						"30.0": {
							"post": [0, -82.5, 97.5],
							"lerp_mode": "catmullrom"
						}
					},
					"position": {
						"12.0": {
							"pre": [0, 0, 0],
							"post": [0, 0, 0],
							"lerp_mode": "catmullrom"
						},
						"14.5": {
							"post": [-10.5, -3, 7],
							"lerp_mode": "catmullrom"
						},
						"17.0": {
							"post": [-14, 6, 8],
							"lerp_mode": "catmullrom"
						},
						"30.0": {
							"post": [-13, 6, 6],
							"lerp_mode": "catmullrom"
						}
					}
				},
				"rightarm3": {
					"rotation": {
						"12.0": {
							"pre": [0, 0, 0],
							"post": [0, 0, 0],
							"lerp_mode": "catmullrom"
						},
						"17.0": {
							"post": [0, 0, -47.5],
							"lerp_mode": "catmullrom"
						},
						"30.0": {
							"post": [0, 0, -47.5],
							"lerp_mode": "catmullrom"
						}
					},
					"position": {
						"12.0": {
							"pre": [0, 0, 0],
							"post": [0, 0, 0],
							"lerp_mode": "catmullrom"
						},
						"17.0": {
							"post": [7, 15, 0],
							"lerp_mode": "catmullrom"
						},
						"30.0": {
							"post": [7, 15, 0],
							"lerp_mode": "catmullrom"
						}
					}
				}
			}
		}
	}
}