{
	"format_version": "1.8.0",
	"animations": {
		"animation.Longlegs.talk": {
			"loop": true,
			"animation_length": 4.08333,
			"bones": {
				"Body": {
					"rotation": [-45, 0, 0],
					"position": [0, 10, -8]
				},
				"Head": {
					"rotation": {
						"0.0417": [45, 0, 0],
						"0.1667": [40, 0, 0],
						"0.3333": [49.75778, -4.81281, 5.7589],
						"0.6667": [49.76259, 4.74484, -2.30661],
						"0.8333": [44.94729, 1.21713, 1.24211],
						"1.0": [40, 0, 0],
						"1.1667": [49.75778, -4.81281, 5.7589],
						"1.5": [49.76259, 4.74484, -2.30661],
						"1.6667": [44.94729, 1.21713, 1.24211],
						"1.8333": [40, 0, 0],
						"2.0": [49.75778, -4.81281, 5.7589],
						"2.3333": [49.76259, 4.74484, -2.30661],
						"2.5": [44.94729, 1.21713, 1.24211],
						"2.6667": [40, 0, 0],
						"2.8333": [49.75778, -4.81281, 5.7589],
						"3.1667": [49.76259, 4.74484, -2.30661],
						"3.3333": [44.94729, 1.21713, 1.24211],
						"3.4167": [40, 0, 0],
						"3.5833": [49.75778, -4.81281, 5.7589],
						"3.9167": [49.76259, 4.74484, -2.30661],
						"4.0833": [44.94729, 1.21713, 1.24211]
					},
					"position": [0, 10, 7]
				},
				"rightarm": {
					"rotation": [-94.33287, -2.49762, -29.9055],
					"position": [4, 22, -15]
				},
				"leftarm": {
					"rotation": [-87.5, 0, 0],
					"position": [0, 17, -15]
				}
			}
		}
	}
}