{
	"format_version": "1.8.0",
	"animations": {
		"animation.longlegs.meetplayer": {
			"animation_length": 70,
			"bones": {
				"body_main": {
					"rotation": {
						"0.0": {
							"post": [0, 0, 0],
							"lerp_mode": "catmullrom"
						},
						"4.0": {
							"post": [0, 0, 0],
							"lerp_mode": "catmullrom"
						},
						"70.0": {
							"post": [0, 0, 0],
							"lerp_mode": "catmullrom"
						}
					},
					"position": {
						"0.0": {
							"post": [0, 160, 0],
							"lerp_mode": "catmullrom"
						},
						"4.0": {
							"post": [0, 160, 0],
							"lerp_mode": "catmullrom"
						},
						"8.0": {
							"post": [0, 80, 0],
							"lerp_mode": "catmullrom"
						},
						"65.0": {
							"post": [0, 80, 0],
							"lerp_mode": "catmullrom"
						},
						"68.0": {
							"post": [0, 327, 0],
							"lerp_mode": "catmullrom"
						},
						"70.0": {
							"post": [0, 327, 0],
							"lerp_mode": "catmullrom"
						}
					}
				},
				"leftarm": {
					"rotation": {
						"0.0": {
							"post": [0, 0, -82.5],
							"lerp_mode": "catmullrom"
						},
						"0.0833": {
							"post": [0, 0, 0],
							"lerp_mode": "catmullrom"
						},
						"3.0": {
							"post": [0, 0, 0],
							"lerp_mode": "catmullrom"
						},
						"3.5": {
							"post": [0, 0, 0],
							"lerp_mode": "catmullrom"
						},
						"3.5833": {
							"post": [0, 0, -82.5],
							"lerp_mode": "catmullrom"
						},
						"4.0": {
							"post": [0, 0, -82.5],
							"lerp_mode": "catmullrom"
						},
						"4.5": {
							"post": [0, 175, -82.5],
							"lerp_mode": "catmullrom"
						},
						"5.5": {
							"post": [0, 0, -82.5],
							"lerp_mode": "catmullrom"
						},
						"6.75": {
							"post": [0, 175, -82.5],
							"lerp_mode": "catmullrom"
						},
						"7.75": {
							"post": [0, 0, -82.5],
							"lerp_mode": "catmullrom"
						},
						"21.75": {
							"post": [0, 0, -82.5],
							"lerp_mode": "catmullrom"
						},
						"23.5": {
							"post": [0, 0, -111.79],
							"lerp_mode": "catmullrom"
						},
						"25.0": {
							"post": [0, 0, -250],
							"lerp_mode": "catmullrom"
						},
						"65.0833": {
							"post": [0, 0, -250],
							"lerp_mode": "catmullrom"
						},
						"65.5": {
							"post": [0, 180, -250],
							"lerp_mode": "catmullrom"
						},
						"65.8333": {
							"post": [0, 0, -250],
							"lerp_mode": "catmullrom"
						},
						"66.25": {
							"post": [0, 180, -250],
							"lerp_mode": "catmullrom"
						},
						"66.5833": {
							"post": [0, 0, -250],
							"lerp_mode": "catmullrom"
						},
						"67.0": {
							"post": [0, 180, -250],
							"lerp_mode": "catmullrom"
						},
						"67.3333": {
							"post": [0, 0, -250],
							"lerp_mode": "catmullrom"
						},
						"67.75": {
							"post": [0, 180, -250],
							"lerp_mode": "catmullrom"
						},
						"68.0833": {
							"post": [0, 0, -250],
							"lerp_mode": "catmullrom"
						},
						"70.0": {
							"post": [0, 0, -250],
							"lerp_mode": "catmullrom"
						}
					},
					"position": {
						"0.0": {
							"post": [20, 11, 0],
							"lerp_mode": "catmullrom"
						},
						"0.0833": {
							"post": [0, 0, 0],
							"lerp_mode": "catmullrom"
						},
						"3.0": {
							"post": [0, 0, 0],
							"lerp_mode": "catmullrom"
						},
						"3.5": {
							"post": [0, 0, 0],
							"lerp_mode": "catmullrom"
						},
						"3.5833": {
							"post": [20, 11, 0],
							"lerp_mode": "catmullrom"
						},
						"4.0": {
							"post": [20, 11, 0],
							"lerp_mode": "catmullrom"
						},
						"4.5": {
							"post": [20, 13, -15],
							"lerp_mode": "catmullrom"
						},
						"5.5": {
							"post": [20, 13, -2],
							"lerp_mode": "catmullrom"
						},
						"6.75": {
							"post": [20, 13, -15],
							"lerp_mode": "catmullrom"
						},
						"7.75": {
							"post": [20, 13, -2],
							"lerp_mode": "catmullrom"
						},
						"21.75": {
							"post": [20, 13, -2],
							"lerp_mode": "catmullrom"
						},
						"23.5": {
							"post": [4.53, 23.12, -2],
							"lerp_mode": "catmullrom"
						},
						"25.0": {
							"post": [-21, 26, -2],
							"lerp_mode": "catmullrom"
						},
						"65.0833": {
							"post": [-21, 26, -2],
							"lerp_mode": "catmullrom"
						},
						"65.5": {
							"post": [-21, 25, -18],
							"lerp_mode": "catmullrom"
						},
						"65.8333": {
							"post": [-21, 26, -2],
							"lerp_mode": "catmullrom"
						},
						"66.25": {
							"post": [-21, 25, -18],
							"lerp_mode": "catmullrom"
						},
						"66.5833": {
							"post": [-21, 26, -2],
							"lerp_mode": "catmullrom"
						},
						"67.0": {
							"post": [-21, 25, -18],
							"lerp_mode": "catmullrom"
						},
						"67.3333": {
							"post": [-21, 26, -2],
							"lerp_mode": "catmullrom"
						},
						"67.75": {
							"post": [-21, 25, -18],
							"lerp_mode": "catmullrom"
						},
						"68.0833": {
							"post": [-21, 26, -2],
							"lerp_mode": "catmullrom"
						},
						"70.0": {
							"post": [-21, 26, -2],
							"lerp_mode": "catmullrom"
						}
					}
				},
				"leftarm2": {
					"rotation": {
						"0.0": {
							"post": [0, 0, 0],
							"lerp_mode": "catmullrom"
						},
						"0.25": {
							"post": [0, 0, 12.5],
							"lerp_mode": "catmullrom"
						},
						"3.0": {
							"post": [0, 0, 12.5],
							"lerp_mode": "catmullrom"
						},
						"3.5": {
							"post": [0, 0, 0],
							"lerp_mode": "catmullrom"
						},
						"70.0": {
							"post": [0, 0, 0],
							"lerp_mode": "catmullrom"
						}
					},
					"position": {
						"0.0": {
							"post": [0, 0, 0],
							"lerp_mode": "catmullrom"
						},
						"0.25": {
							"post": [-14, -72, 0],
							"lerp_mode": "catmullrom"
						},
						"3.0": {
							"post": [-14, -72, 0],
							"lerp_mode": "catmullrom"
						},
						"3.5": {
							"post": [0, 0, 0],
							"lerp_mode": "catmullrom"
						},
						"70.0": {
							"post": [0, 0, 0],
							"lerp_mode": "catmullrom"
						}
					},
					"scale": {
						"0.0": {
							"post": [1, 1, 1],
							"lerp_mode": "catmullrom"
						},
						"0.25": {
							"post": [1, 1, 7],
							"lerp_mode": "catmullrom"
						},
						"3.0": {
							"post": [1, 1, 7],
							"lerp_mode": "catmullrom"
						},
						"3.5": {
							"post": [1, 1, 1],
							"lerp_mode": "catmullrom"
						},
						"70.0": {
							"post": [1, 1, 1],
							"lerp_mode": "catmullrom"
						}
					}
				},
				"leftarm4": {
					"rotation": {
						"0.0": {
							"post": [0, 0, 0],
							"lerp_mode": "catmullrom"
						},
						"0.25": {
							"post": [77.5, 0, 0],
							"lerp_mode": "catmullrom"
						},
						"3.0": {
							"post": [77.5, 0, 0],
							"lerp_mode": "catmullrom"
						},
						"3.5": {
							"post": [0, 0, 0],
							"lerp_mode": "catmullrom"
						},
						"70.0": {
							"post": [0, 0, 0],
							"lerp_mode": "catmullrom"
						}
					},
					"position": {
						"0.0": {
							"post": [0, 0, 0],
							"lerp_mode": "catmullrom"
						},
						"0.25": {
							"post": [-13.94, -79.15, -2.53],
							"lerp_mode": "catmullrom"
						},
						"1.5": {
							"post": [-14.94, -82.15, -3.53],
							"lerp_mode": "catmullrom"
						},
						"3.0": {
							"post": [-14, -78, -3],
							"lerp_mode": "catmullrom"
						},
						"3.5": {
							"post": [0, 0, 0],
							"lerp_mode": "catmullrom"
						},
						"70.0": {
							"post": [0, 0, 0],
							"lerp_mode": "catmullrom"
						}
					}
				},
				"head": {
					"rotation": {
						"0.0": {
							"post": [62.5, 0, 0],
							"lerp_mode": "catmullrom"
						},
						"9.5": {
							"post": [62.5, 0, 0],
							"lerp_mode": "catmullrom"
						},
						"12.0": {
							"post": [64.74682, 17.04679, 14.9092],
							"lerp_mode": "catmullrom"
						},
						"15.5": {
							"post": [64.75, 17.05, 14.91],
							"lerp_mode": "catmullrom"
						},
						"15.75": {
							"post": [62.50211, 0.00389, -0.00013],
							"lerp_mode": "catmullrom"
						},
						"16.5": {
							"post": [62.24899, -5.75457, 8.25741],
							"lerp_mode": "catmullrom"
						},
						"17.5": {
							"post": [61.2141, 11.74003, -7.59567],
							"lerp_mode": "catmullrom"
						},
						"17.75": {
							"post": [53.81603, 12.41628, -7.20141],
							"lerp_mode": "catmullrom"
						},
						"18.0": {
							"post": [55.95384, 4.5276, 6.47255],
							"lerp_mode": "catmullrom"
						},
						"18.25": {
							"post": [68.89793, 4.82317, 7.25647],
							"lerp_mode": "catmullrom"
						},
						"18.5": {
							"post": [70.2675, 12.21043, 15.06131],
							"lerp_mode": "catmullrom"
						},
						"19.5": {
							"post": [66.96674, 1.84316, 3.04565],
							"lerp_mode": "catmullrom"
						},
						"21.5": {
							"post": [66.29917, 8.81269, -4.15378],
							"lerp_mode": "catmullrom"
						},
						"21.75": {
							"post": [66.28, 9.03, -4.38],
							"lerp_mode": "catmullrom"
						},
						"25.0": {
							"post": [-1.0053, -0.79955, -1.37287],
							"lerp_mode": "catmullrom"
						},
						"25.5": {
							"post": [-1.0053, -0.79955, -1.37287],
							"lerp_mode": "catmullrom"
						},
						"25.75": {
							"post": [0.19575, -7.65619, -17.52774],
							"lerp_mode": "catmullrom"
						},
						"26.25": {
							"post": [1.05534, 9.88484, 24.08182],
							"lerp_mode": "catmullrom"
						},
						"27.0": {
							"post": [6.05534, 9.88484, 24.08182],
							"lerp_mode": "catmullrom"
						},
						"28.0": {
							"post": [3.39071, 0.52861, -4.57532],
							"lerp_mode": "catmullrom"
						},
						"28.5": {
							"post": [4.85144, -7.46778, -28.32987],
							"lerp_mode": "catmullrom"
						},
						"29.0": {
							"post": [3.91774, 4.58106, 7.2588],
							"lerp_mode": "catmullrom"
						},
						"29.25": {
							"post": [13.91774, 4.58106, 7.2588],
							"lerp_mode": "catmullrom"
						},
						"29.5": {
							"post": [12.94659, 1.8018, -10.04785],
							"lerp_mode": "catmullrom"
						},
						"30.25": {
							"post": [12.95, 1.8, -10.05],
							"lerp_mode": "catmullrom"
						},
						"30.5": {
							"post": [14.34851, 5.30622, 12.22201],
							"lerp_mode": "catmullrom"
						},
						"30.75": {
							"post": [21.84851, 5.30622, 12.22201],
							"lerp_mode": "catmullrom"
						},
						"31.25": {
							"post": [-0.65149, 5.30622, 12.22201],
							"lerp_mode": "catmullrom"
						},
						"31.75": {
							"post": [-1.16221, -1.69169, -3.83598],
							"lerp_mode": "catmullrom"
						},
						"32.25": {
							"post": [-0.64889, 5.30724, 12.21829],
							"lerp_mode": "catmullrom"
						},
						"33.0": {
							"post": [8.44557, 1.76042, -2.38662],
							"lerp_mode": "catmullrom"
						},
						"34.25": {
							"post": [9.40774, -5.43571, -31.54889],
							"lerp_mode": "catmullrom"
						},
						"34.75": {
							"post": [8.81562, -17.59874, -28.60057],
							"lerp_mode": "catmullrom"
						},
						"35.5": {
							"post": [8.19741, 5.48254, 19.92508],
							"lerp_mode": "catmullrom"
						},
						"36.0": {
							"post": [25.69741, 5.48254, 19.92508],
							"lerp_mode": "catmullrom"
						},
						"36.5": {
							"post": [26.15681, 2.38801, 29.77863],
							"lerp_mode": "catmullrom"
						},
						"37.25": {
							"post": [4.64149, 3.80629, 2.27356],
							"lerp_mode": "catmullrom"
						},
						"37.75": {
							"post": [4.64, 3.81, 2.27],
							"lerp_mode": "catmullrom"
						},
						"38.25": {
							"post": [-3.15627, 29.83244, -7.12545],
							"lerp_mode": "catmullrom"
						},
						"43.0": {
							"post": [-3.16, 29.83, -7.13],
							"lerp_mode": "catmullrom"
						},
						"43.25": {
							"post": [11.84, 29.83, -7.13],
							"lerp_mode": "catmullrom"
						},
						"44.0": {
							"post": [11.84, 29.83, -7.13],
							"lerp_mode": "catmullrom"
						},
						"44.25": {
							"post": [-1.7681, 25.28474, -20.27694],
							"lerp_mode": "catmullrom"
						},
						"44.75": {
							"post": [5.7285, 30.5805, -4.37057],
							"lerp_mode": "catmullrom"
						},
						"45.25": {
							"post": [0.50272, 27.25048, -15.14939],
							"lerp_mode": "catmullrom"
						},
						"45.75": {
							"post": [-4.73142, 22.02155, -27.65157],
							"lerp_mode": "catmullrom"
						},
						"46.0": {
							"post": [5.7285, 30.5805, -4.37057],
							"lerp_mode": "catmullrom"
						},
						"46.25": {
							"post": [13.2285, 30.5805, -4.37057],
							"lerp_mode": "catmullrom"
						},
						"46.5": {
							"post": [6.3822, 27.81822, -18.34709],
							"lerp_mode": "catmullrom"
						},
						"46.75": {
							"post": [1.3822, 27.81822, -18.34709],
							"lerp_mode": "catmullrom"
						},
						"47.5": {
							"post": [1.38, 27.82, -18.35],
							"lerp_mode": "catmullrom"
						},
						"47.75": {
							"post": [-6.25293, -7.58401, -5.56542],
							"lerp_mode": "catmullrom"
						},
						"49.75": {
							"post": [-6.25293, -7.58401, -5.56542],
							"lerp_mode": "catmullrom"
						},
						"50.0": {
							"post": [-21.25, -7.58, -5.57],
							"lerp_mode": "catmullrom"
						},
						"53.5": {
							"post": [-21.25, -7.58, -5.57],
							"lerp_mode": "catmullrom"
						},
						"63.5": {
							"post": [-31.25, -7.58, -5.57],
							"lerp_mode": "catmullrom"
						},
						"70.0": {
							"post": [-31.25, -7.58, -5.57],
							"lerp_mode": "catmullrom"
						}
					},
					"position": {
						"0.0": {
							"post": [0, 0, 0],
							"lerp_mode": "catmullrom"
						},
						"9.5": {
							"post": [0, 0, 0],
							"lerp_mode": "catmullrom"
						},
						"12.0": {
							"post": [0, 0, 0],
							"lerp_mode": "catmullrom"
						},
						"15.5": {
							"post": [0, 0, 0],
							"lerp_mode": "catmullrom"
						},
						"21.5": {
							"post": [0, 0, 0],
							"lerp_mode": "catmullrom"
						},
						"21.75": {
							"post": [0, 0, 0],
							"lerp_mode": "catmullrom"
						},
						"25.0": {
							"post": [0, 0, 0],
							"lerp_mode": "catmullrom"
						},
						"25.5": {
							"post": [0, 0, 0],
							"lerp_mode": "catmullrom"
						},
						"25.75": {
							"post": [0, 0, 0],
							"lerp_mode": "catmullrom"
						},
						"53.5": {
							"post": [0, 0, 0],
							"lerp_mode": "catmullrom"
						},
						"63.5": {
							"post": [0, 41, -31],
							"lerp_mode": "catmullrom"
						},
						"70.0": {
							"post": [0, 41, -31],
							"lerp_mode": "catmullrom"
						}
					}
				},
				"leftarm1": {
					"rotation": {
						"0.0": {
							"post": [0, 0, 50],
							"lerp_mode": "catmullrom"
						},
						"70.0": {
							"post": [0, 0, 50],
							"lerp_mode": "catmullrom"
						}
					},
					"position": {
						"0.0": {
							"post": [-10, 12, 0],
							"lerp_mode": "catmullrom"
						},
						"70.0": {
							"post": [-10, 12, 0],
							"lerp_mode": "catmullrom"
						}
					}
				},
				"rightarm": {
					"rotation": {
						"0.0": {
							"post": [0, 0, 122.5],
							"lerp_mode": "catmullrom"
						},
						"9.5": {
							"post": [0, 0, 122.5],
							"lerp_mode": "catmullrom"
						},
						"12.0": {
							"post": [-10, 0, -17.5],
							"lerp_mode": "catmullrom"
						},
						"12.3333": {
							"post": [-10.41, 0, -27.1],
							"lerp_mode": "catmullrom"
						},
						"12.75": {
							"post": [-10, 0, -17.5],
							"lerp_mode": "catmullrom"
						},
						"13.0": {
							"post": [-15, 0, -17.5],
							"lerp_mode": "catmullrom"
						},
						"13.25": {
							"post": [-15.12353, -7.24305, -15.54845],
							"lerp_mode": "catmullrom"
						},
						"13.5": {
							"post": [-15, 0, -17.5],
							"lerp_mode": "catmullrom"
						},
						"13.75": {
							"post": [-10, 0, -17.5],
							"lerp_mode": "catmullrom"
						},
						"14.0": {
							"post": [-19.98247, 0.85481, -15.15059],
							"lerp_mode": "catmullrom"
						},
						"14.25": {
							"post": [-20.21163, -8.54402, -11.71018],
							"lerp_mode": "catmullrom"
						},
						"14.5": {
							"post": [-19.98, 0.85, -15.15],
							"lerp_mode": "catmullrom"
						},
						"14.75": {
							"post": [-20.10018, -6.19708, -12.57874],
							"lerp_mode": "catmullrom"
						},
						"15.0": {
							"post": [-32.60018, -6.19708, -12.57874],
							"lerp_mode": "catmullrom"
						},
						"21.75": {
							"post": [-33.05, -6.2, -12.58],
							"lerp_mode": "catmullrom"
						},
						"23.5": {
							"post": [-8, -6.2, -180],
							"lerp_mode": "catmullrom"
						},
						"37.75": {
							"post": [-8, -6.2, -180],
							"lerp_mode": "catmullrom"
						},
						"38.5": {
							"post": [-123, -6.2, -180],
							"lerp_mode": "catmullrom"
						},
						"38.75": {
							"post": [-123.50594, -0.70683, -171.62539],
							"lerp_mode": "catmullrom"
						},
						"39.25": {
							"post": [-122.08543, -10.23869, -186.38679],
							"lerp_mode": "catmullrom"
						},
						"39.6667": {
							"post": [-123.4551, -2.08612, -173.71114],
							"lerp_mode": "catmullrom"
						},
						"39.9167": {
							"post": [-122.74667, -7.55711, -182.11486],
							"lerp_mode": "catmullrom"
						},
						"40.1667": {
							"post": [-123.50594, -0.70683, -171.62539],
							"lerp_mode": "catmullrom"
						},
						"40.4167": {
							"post": [-123, -6.2, -180],
							"lerp_mode": "catmullrom"
						},
						"41.0": {
							"post": [-110.5, -6.2, -180],
							"lerp_mode": "catmullrom"
						},
						"41.25": {
							"post": [-111.09783, -3.53347, -172.96399],
							"lerp_mode": "catmullrom"
						},
						"41.5": {
							"post": [-110.5, -6.2, -180],
							"lerp_mode": "catmullrom"
						},
						"41.75": {
							"post": [-109.19121, -9.60273, -189.49508],
							"lerp_mode": "catmullrom"
						},
						"42.0": {
							"post": [-96.69, -9.6, -189.5],
							"lerp_mode": "catmullrom"
						},
						"42.5": {
							"post": [-121.69, -9.6, -189.5],
							"lerp_mode": "catmullrom"
						},
						"70.0": {
							"post": [-121.69, -9.6, -189.5],
							"lerp_mode": "catmullrom"
						}
					},
					"position": {
						"0.0": {
							"post": [-15, 22, 0],
							"lerp_mode": "catmullrom"
						},
						"9.5": {
							"post": [-15, 22, 0],
							"lerp_mode": "catmullrom"
						},
						"12.0": {
							"post": [1, 2, -2],
							"lerp_mode": "catmullrom"
						},
						"12.3333": {
							"post": [2.1, 1.63, -2.14],
							"lerp_mode": "catmullrom"
						},
						"12.75": {
							"post": [1, 2, -2],
							"lerp_mode": "catmullrom"
						},
						"21.75": {
							"post": [0.97, 2.01, -11],
							"lerp_mode": "catmullrom"
						},
						"22.25": {
							"post": [5.99, 8.34, -8.28],
							"lerp_mode": "catmullrom"
						},
						"23.0": {
							"post": [-4.55, 29.71, -5.44],
							"lerp_mode": "catmullrom"
						},
						"23.5": {
							"post": [-10.02, 29.35, -4.77],
							"lerp_mode": "catmullrom"
						},
						"25.0": {
							"post": [1, 31, -4],
							"lerp_mode": "catmullrom"
						},
						"37.75": {
							"post": [1, 31, -4],
							"lerp_mode": "catmullrom"
						},
						"38.5": {
							"post": [1, 18, -23],
							"lerp_mode": "catmullrom"
						},
						"70.0": {
							"post": [1, 18, -23],
							"lerp_mode": "catmullrom"
						}
					}
				},
				"root": {
					"rotation": {
						"0.0": {
							"post": [80, 0, 0],
							"lerp_mode": "catmullrom"
						},
						"22.0": {
							"post": [80, 0, 0],
							"lerp_mode": "catmullrom"
						},
						"38.0": {
							"post": [80, 180, 0],
							"lerp_mode": "catmullrom"
						},
						"70.0": {
							"post": [80, 0, 0],
							"lerp_mode": "catmullrom"
						}
					},
					"position": {
						"0.0": {
							"post": [2, -26, -4],
							"lerp_mode": "catmullrom"
						},
						"22.0": {
							"post": [2, -26, -4],
							"lerp_mode": "catmullrom"
						},
						"38.0": {
							"post": [2, -28, 6],
							"lerp_mode": "catmullrom"
						},
						"70.0": {
							"post": [2, -26, -4],
							"lerp_mode": "catmullrom"
						}
					},
					"scale": {
						"0.0": {
							"post": [0.5, 0.5, 0.5],
							"lerp_mode": "catmullrom"
						},
						"70.0": {
							"post": [0.5, 0.5, 0.5],
							"lerp_mode": "catmullrom"
						}
					}
				},
				"Body": {
					"rotation": {
						"0.0": {
							"post": [0, 0, 0],
							"lerp_mode": "catmullrom"
						},
						"21.75": {
							"post": [0, 0, 0],
							"lerp_mode": "catmullrom"
						},
						"25.0": {
							"post": [-25, 0, -180],
							"lerp_mode": "catmullrom"
						},
						"70.0": {
							"post": [-25, 0, -180],
							"lerp_mode": "catmullrom"
						}
					},
					"position": {
						"0.0": {
							"post": [0, 0, 0],
							"lerp_mode": "catmullrom"
						},
						"21.75": {
							"post": [0, 0, 0],
							"lerp_mode": "catmullrom"
						},
						"25.0": {
							"post": [0, 26, -7],
							"lerp_mode": "catmullrom"
						},
						"70.0": {
							"post": [0, 26, -7],
							"lerp_mode": "catmullrom"
						}
					}
				},
				"leftleg": {
					"rotation": {
						"0.0": {
							"post": [0, 0, -85],
							"lerp_mode": "catmullrom"
						},
						"4.0833": {
							"post": [0, 0, -85],
							"lerp_mode": "catmullrom"
						},
						"5.5": {
							"post": [0, 180, -85],
							"lerp_mode": "catmullrom"
						},
						"6.5": {
							"post": [0, 0, -85],
							"lerp_mode": "catmullrom"
						},
						"8.0": {
							"post": [0, 180, -85],
							"lerp_mode": "catmullrom"
						},
						"22.0": {
							"post": [0, 0, -82.5],
							"lerp_mode": "catmullrom"
						},
						"23.5": {
							"post": [0, 0, -111.79],
							"lerp_mode": "catmullrom"
						},
						"25.5": {
							"post": [0, 0, -250],
							"lerp_mode": "catmullrom"
						},
						"65.0": {
							"post": [0, 0, -250],
							"lerp_mode": "catmullrom"
						},
						"65.4167": {
							"post": [0, 180, -250],
							"lerp_mode": "catmullrom"
						},
						"65.75": {
							"post": [0, 0, -250],
							"lerp_mode": "catmullrom"
						},
						"66.1667": {
							"post": [0, 180, -250],
							"lerp_mode": "catmullrom"
						},
						"66.5": {
							"post": [0, 0, -250],
							"lerp_mode": "catmullrom"
						},
						"66.9167": {
							"post": [0, 180, -250],
							"lerp_mode": "catmullrom"
						},
						"67.25": {
							"post": [0, 0, -250],
							"lerp_mode": "catmullrom"
						},
						"67.6667": {
							"post": [0, 180, -250],
							"lerp_mode": "catmullrom"
						},
						"68.0": {
							"post": [0, 0, -250],
							"lerp_mode": "catmullrom"
						},
						"70.0": {
							"post": [0, 0, -250],
							"lerp_mode": "catmullrom"
						}
					},
					"position": {
						"0.0": {
							"post": [24, 18, 0],
							"lerp_mode": "catmullrom"
						},
						"4.0833": {
							"post": [24, 18, 0],
							"lerp_mode": "catmullrom"
						},
						"5.5": {
							"post": [24, 19, 15],
							"lerp_mode": "catmullrom"
						},
						"6.5": {
							"post": [24, 21, 0],
							"lerp_mode": "catmullrom"
						},
						"8.0": {
							"post": [24, 19, 15],
							"lerp_mode": "catmullrom"
						},
						"22.0": {
							"post": [23, 17, -2],
							"lerp_mode": "catmullrom"
						},
						"23.5": {
							"post": [4.53, 23.12, -2],
							"lerp_mode": "catmullrom"
						},
						"24.0833": {
							"post": [-3.17, 36.28, -2],
							"lerp_mode": "catmullrom"
						},
						"25.5": {
							"post": [-21, 26, -2],
							"lerp_mode": "catmullrom"
						},
						"65.0": {
							"post": [-21, 26, -2],
							"lerp_mode": "catmullrom"
						},
						"65.4167": {
							"post": [-21, 26, 13],
							"lerp_mode": "catmullrom"
						},
						"65.75": {
							"post": [-21, 26, -2],
							"lerp_mode": "catmullrom"
						},
						"66.1667": {
							"post": [-21, 26, 13],
							"lerp_mode": "catmullrom"
						},
						"66.5": {
							"post": [-21, 26, -2],
							"lerp_mode": "catmullrom"
						},
						"66.9167": {
							"post": [-21, 26, 13],
							"lerp_mode": "catmullrom"
						},
						"67.25": {
							"post": [-21, 26, -2],
							"lerp_mode": "catmullrom"
						},
						"67.6667": {
							"post": [-21, 26, 13],
							"lerp_mode": "catmullrom"
						},
						"68.0": {
							"post": [-21, 26, -2],
							"lerp_mode": "catmullrom"
						},
						"70.0": {
							"post": [-21, 26, -2],
							"lerp_mode": "catmullrom"
						}
					}
				},
				"rightLeg": {
					"rotation": {
						"0.0": {
							"post": [0, 180, 90],
							"lerp_mode": "catmullrom"
						},
						"4.75": {
							"post": [0, 180, 90],
							"lerp_mode": "catmullrom"
						},
						"5.5": {
							"post": [0, 0, 90],
							"lerp_mode": "catmullrom"
						},
						"7.0": {
							"post": [0, 180, 90],
							"lerp_mode": "catmullrom"
						},
						"8.5": {
							"post": [0, 0, 90],
							"lerp_mode": "catmullrom"
						},
						"22.0": {
							"post": [-33.05, -6.2, -12.58],
							"lerp_mode": "catmullrom"
						},
						"23.5": {
							"post": [-8, -6.2, -180],
							"lerp_mode": "catmullrom"
						},
						"25.0": {
							"post": [-8, -6.2, -90],
							"lerp_mode": "catmullrom"
						},
						"65.0833": {
							"post": [-8, -6.2, -90],
							"lerp_mode": "catmullrom"
						},
						"65.5": {
							"post": [-8, 180, -90],
							"lerp_mode": "catmullrom"
						},
						"65.8333": {
							"post": [-8, -6.2, -90],
							"lerp_mode": "catmullrom"
						},
						"66.25": {
							"post": [-8, 180, -90],
							"lerp_mode": "catmullrom"
						},
						"66.5833": {
							"post": [-8, -6.2, -90],
							"lerp_mode": "catmullrom"
						},
						"67.0": {
							"post": [-8, 180, -90],
							"lerp_mode": "catmullrom"
						},
						"67.3333": {
							"post": [-8, -6.2, -90],
							"lerp_mode": "catmullrom"
						},
						"67.75": {
							"post": [-8, 180, -90],
							"lerp_mode": "catmullrom"
						},
						"68.0833": {
							"post": [-8, -6.2, -90],
							"lerp_mode": "catmullrom"
						},
						"70.0": {
							"post": [-8, -6.2, -90],
							"lerp_mode": "catmullrom"
						}
					},
					"position": {
						"0.0": {
							"post": [-24, 24, 19],
							"lerp_mode": "catmullrom"
						},
						"4.75": {
							"post": [-24, 24, 19],
							"lerp_mode": "catmullrom"
						},
						"5.5": {
							"post": [-24, 24, -2],
							"lerp_mode": "catmullrom"
						},
						"7.0": {
							"post": [-24, 24, 19],
							"lerp_mode": "catmullrom"
						},
						"8.5": {
							"post": [-24, 24, -2],
							"lerp_mode": "catmullrom"
						},
						"22.0": {
							"post": [0.97, 11.01, -8],
							"lerp_mode": "catmullrom"
						},
						"22.75": {
							"post": [1.35, 26.77, -6.75],
							"lerp_mode": "catmullrom"
						},
						"23.5": {
							"post": [-11.02, 34.35, -4.77],
							"lerp_mode": "catmullrom"
						},
						"25.0": {
							"post": [24, 20, -5],
							"lerp_mode": "catmullrom"
						},
						"65.0833": {
							"post": [24, 20, -5],
							"lerp_mode": "catmullrom"
						},
						"65.5": {
							"post": [24, 20, 16],
							"lerp_mode": "catmullrom"
						},
						"65.8333": {
							"post": [24, 20, -5],
							"lerp_mode": "catmullrom"
						},
						"66.25": {
							"post": [24, 20, 16],
							"lerp_mode": "catmullrom"
						},
						"66.5833": {
							"post": [24, 20, -5],
							"lerp_mode": "catmullrom"
						},
						"67.0": {
							"post": [24, 20, 16],
							"lerp_mode": "catmullrom"
						},
						"67.3333": {
							"post": [24, 20, -5],
							"lerp_mode": "catmullrom"
						},
						"67.75": {
							"post": [24, 20, 16],
							"lerp_mode": "catmullrom"
						},
						"68.0833": {
							"post": [24, 20, -5],
							"lerp_mode": "catmullrom"
						},
						"70.0": {
							"post": [24, 20, -5],
							"lerp_mode": "catmullrom"
						}
					}
				},
				"Head4": {
					"rotation": {
						"0.0": {
							"post": [0, 0, 0],
							"lerp_mode": "catmullrom"
						},
						"53.5": {
							"post": [37.5, 0, 0],
							"lerp_mode": "catmullrom"
						},
						"63.5": {
							"post": [37.5, 0, 0],
							"lerp_mode": "catmullrom"
						},
						"70.0": {
							"post": [37.5, 0, 0],
							"lerp_mode": "catmullrom"
						}
					},
					"position": {
						"0.0": {
							"post": [0, 0, 0],
							"lerp_mode": "catmullrom"
						},
						"53.5": {
							"post": [0, 13, 4],
							"lerp_mode": "catmullrom"
						},
						"55.0": {
							"post": [0.11, 12.55, 26.13],
							"lerp_mode": "catmullrom"
						},
						"57.1667": {
							"post": [0.32, 12.11, 57.43],
							"lerp_mode": "catmullrom"
						},
						"62.0": {
							"post": [0.89, 3.36, 132.6],
							"lerp_mode": "catmullrom"
						},
						"63.5": {
							"post": [1, 2, 155],
							"lerp_mode": "catmullrom"
						},
						"70.0": {
							"post": [1, 2, 155],
							"lerp_mode": "catmullrom"
						}
					},
					"scale": {
						"53.5": [1, 1, 1],
						"63.5": [1, 1, 7.7],
						"70.0": [1, 1, 7.7]
					}
				}
			}
		}
	}
}