{
  "entity_sounds": {
    "entities": {
      "mb:dolphin": {
        "volume": 1.0,
        "pitch": [
          0.8,
          1.2
        ],
        "events": {
          "ambient": "mob.dolphin.idle",
          "ambient.in.water": "mob.dolphin.idle_water",
          "attack": "mob.dolphin.attack",
          "breathe": "mob.dolphin.blowhole",
          "death": "mob.dolphin.death",
          "death.in.water": "mob.dolphin.death",
          "hurt": "mob.dolphin.hurt",
          "hurt.in.water": "mob.dolphin.hurt",
          "splash": "mob.dolphin.splash",
          "swim": "mob.dolphin.swim",
          "eat": {
            "pitch": 1,
            "sound": "mob.dolphin.eat",
            "volume": 0.7
          },
          "jump": {
            "pitch": 1,
            "sound": "mob.dolphin.jump",
            "volume": 0.7
          }
        }
      }
    }
  },
  "individual_event_sounds": {
    "events": {
      "farting.fart": {
        "volume": 1.0,
        "sound": "mb.farting.fart",
        "pitch": [
          1.2,
          0.6
        ]
      },
      "kitty.evil": {
        "volume": 1.0,
        "sound": "mb.kitty.evil",
        "pitch": [
          1.2,
          0.6
        ]
      },
      "crazy.laugh": {
        "volume": 1.0,
        "sound": "mb.crazy.laugh",
        "pitch": [
          1.2,
          0.6
        ]
      },
      "horror.cpz": {
        "volume": 0.75,
        "sound": "mb.horror.cpz",
        "pitch": [
          1.2,
          0.6
        ]
      },
      "give.cpz": {
        "volume": 0.64,
        "sound": "mb.give.cpz",
        "pitch": [
          1.2,
          0.6
        ]
      },
      "victory.cpz": {
        "volume": 1.0,
        "sound": "mb.victory.cpz",
        "pitch": [
          1.2,
          0.6
        ]
      }
    }
  }
}
