{
  "format_version": "1.8.0",
  "animations": {
    "animation.pa_edward_morph.move": {
      "loop": true,
      "animation_length": 1.5625,
      "anim_time_update": "query.anim_time + query.delta_time * (query.ground_speed / 1.5)",
      "blend_weight": "1.2",
      "bones": {
        "body": {
          "position": {
            "0.0": [
              0,
              -1,
              0
            ],
            "0.375": [
              0,
              1,
              0
            ],
            "0.75": [
              0,
              -1,
              0
            ],
            "1.125": [
              0,
              1,
              0
            ],
            "1.5": [
              0,
              -1,
              0
            ]
          }
        },
        "smile": {
          "position": {
            "0.0": [
              0,
              0,
              0
            ],
            "0.75": [
              0,
              -1,
              0
            ],
            "1.5": [
              0,
              0,
              0
            ]
          }
        },
        "smile2": {
          "position": {
            "0.0": [
              0,
              0,
              0
            ],
            "0.75": [
              0,
              1,
              0
            ],
            "1.5": [
              0,
              0,
              0
            ]
          }
        },
        "right_leg1": {
          "rotation": {
            "0.0": [
              -4.37643,
              17.04619,
              5.21784
            ],
            "0.375": [
              10.38261,
              12.13363,
              4.27863
            ],
            "0.75": [
              0,
              15,
              0
            ],
            "1.125": [
              0,
              25,
              0
            ],
            "1.5": [
              -4.37643,
              17.04619,
              5.21784
            ]
          },
          "position": {
            "0.0": [
              0,
              2,
              0
            ],
            "0.375": [
              0,
              2,
              0
            ],
            "0.75": [
              0,
              0,
              0
            ],
            "1.125": [
              0,
              0,
              0
            ],
            "1.5": [
              0,
              2,
              0
            ]
          }
        },
        "right_leg12": {
          "rotation": {
            "0.0": [
              0,
              15,
              0
            ],
            "0.375": [
              0,
              0,
              0
            ],
            "0.75": [
              0,
              15,
              0
            ],
            "1.125": [
              0,
              15,
              0
            ],
            "1.5": [
              0,
              15,
              0
            ]
          }
        },
        "right_leg2": {
          "rotation": {
            "0.375": [
              -4.7,
              8.81,
              -4.68
            ],
            "0.75": [
              8.0607,
              3.37716,
              19.34154
            ],
            "1.125": [
              -5.06794,
              -5.76134,
              -5.03356
            ],
            "1.5": [
              -1.08176,
              -0.0392,
              1.2281
            ]
          },
          "position": {
            "0.0": [
              0,
              0,
              0
            ],
            "0.375": [
              0,
              0,
              0
            ],
            "0.75": [
              0,
              2,
              0
            ],
            "1.125": [
              0,
              0,
              0
            ],
            "1.5": [
              0,
              0,
              0
            ]
          }
        },
        "right_leg22": {
          "rotation": {
            "0.0": [
              0,
              0,
              0
            ],
            "0.375": [
              0,
              0,
              0
            ],
            "0.75": [
              0,
              0,
              0
            ],
            "1.125": [
              0,
              -12.5,
              0
            ],
            "1.5": [
              0,
              0,
              0
            ]
          }
        },
        "right_leg3": {
          "rotation": {
            "0.0": [
              -10,
              -5,
              0
            ],
            "0.375": [
              5.47497,
              -7.44799,
              0.69497
            ],
            "0.75": [
              0,
              0,
              0
            ],
            "1.125": [
              0,
              12.5,
              0
            ],
            "1.5": [
              -10,
              -5,
              0
            ]
          },
          "position": {
            "0.0": [
              0,
              2,
              0
            ],
            "0.375": [
              0,
              0,
              0
            ],
            "0.75": [
              0,
              0,
              0
            ],
            "1.125": [
              0,
              0,
              0
            ],
            "1.5": [
              0,
              2,
              0
            ]
          }
        },
        "right_leg32": {
          "rotation": {
            "0.0": [
              0,
              0,
              5
            ],
            "0.375": [
              0,
              0,
              0
            ],
            "0.75": [
              0.08348,
              1.77285,
              6.76471
            ],
            "1.125": [
              0,
              0,
              5
            ],
            "1.5": [
              0,
              0,
              5
            ]
          }
        },
        "right_leg5": {
          "rotation": {
            "0.0": [
              -35.40337,
              -6.08347,
              -25.34109
            ],
            "0.375": [
              -33.10041,
              2.90581,
              -24.84195
            ],
            "0.75": [
              -30.51662,
              -1.89722,
              -11.48658
            ],
            "1.125": [
              -56.00609,
              -15.20893,
              -40.98091
            ],
            "1.5": [
              -35.40337,
              -6.08347,
              -25.34109
            ]
          },
          "position": {
            "0.0": [
              0,
              0,
              0
            ],
            "0.375": [
              0,
              0,
              0
            ],
            "0.75": [
              0,
              2,
              0
            ],
            "1.125": [
              0,
              0,
              0
            ],
            "1.5": [
              0,
              0,
              0
            ]
          }
        },
        "right_leg8": {
          "rotation": {
            "0.0": [
              0,
              0,
              -1.25
            ],
            "0.375": [
              0,
              0,
              0
            ],
            "0.75": [
              0,
              0,
              -2.5
            ],
            "1.125": [
              0,
              0,
              -2.5
            ],
            "1.5": [
              0,
              0,
              -1.25
            ]
          }
        },
        "left_leg1": {
          "rotation": {
            "0.0": [
              0,
              -15,
              0
            ],
            "0.375": [
              0,
              -25,
              0
            ],
            "0.75": [
              -4.37643,
              -17.04619,
              -5.21784
            ],
            "1.125": [
              10.38261,
              -12.13363,
              -4.27863
            ],
            "1.5": [
              0,
              -15,
              0
            ]
          },
          "position": {
            "0.0": [
              0,
              0,
              0
            ],
            "0.375": [
              0,
              0,
              0
            ],
            "0.75": [
              0,
              2,
              0
            ],
            "1.125": [
              0,
              2,
              0
            ],
            "1.5": [
              0,
              0,
              0
            ]
          }
        },
        "left_leg12": {
          "rotation": {
            "0.0": [
              0,
              -15,
              0
            ],
            "0.375": [
              0,
              -15,
              0
            ],
            "0.75": [
              0,
              -15,
              0
            ],
            "1.125": [
              0,
              0,
              0
            ],
            "1.5": [
              0,
              -15,
              0
            ]
          }
        },
        "left_leg2": {
          "rotation": {
            "0.0": [
              8.0607,
              -3.37716,
              -19.34154
            ],
            "0.375": [
              -5.06794,
              5.76134,
              5.03356
            ],
            "0.75": [
              -1.08176,
              0.0392,
              -1.2281
            ],
            "1.125": [
              -4.7,
              -8.81,
              4.68
            ],
            "1.5": [
              8.0607,
              -3.37716,
              -19.34154
            ]
          },
          "position": {
            "0.0": [
              0,
              2,
              0
            ],
            "0.375": [
              0,
              0,
              0
            ],
            "0.75": [
              0,
              0,
              0
            ],
            "1.125": [
              0,
              0,
              0
            ],
            "1.5": [
              0,
              2,
              0
            ]
          }
        },
        "left_leg22": {
          "rotation": {
            "0.0": [
              0,
              0,
              0
            ],
            "0.375": [
              0,
              12.5,
              0
            ],
            "0.75": [
              0,
              0,
              0
            ],
            "1.125": [
              0,
              0,
              0
            ],
            "1.5": [
              0,
              0,
              0
            ]
          }
        },
        "left_leg3": {
          "rotation": {
            "0.0": [
              0,
              0,
              0
            ],
            "0.375": [
              0,
              -12.5,
              0
            ],
            "0.75": [
              -10,
              5,
              0
            ],
            "1.125": [
              5.47497,
              7.44799,
              -0.69497
            ],
            "1.5": [
              0,
              0,
              0
            ]
          },
          "position": {
            "0.0": [
              0,
              0,
              0
            ],
            "0.375": [
              0,
              0,
              0
            ],
            "0.75": [
              0,
              2,
              0
            ],
            "1.125": [
              0,
              0,
              0
            ],
            "1.5": [
              0,
              0,
              0
            ]
          }
        },
        "left_leg32": {
          "rotation": {
            "0.0": [
              0.08348,
              -1.77285,
              -6.76471
            ],
            "0.375": [
              0,
              0,
              -5
            ],
            "0.75": [
              0,
              0,
              -5
            ],
            "1.125": [
              0,
              0,
              0
            ],
            "1.5": [
              0.08348,
              -1.77285,
              -6.76471
            ]
          }
        },
        "left_leg5": {
          "rotation": {
            "0.0": [
              -30.51662,
              1.89722,
              11.48658
            ],
            "0.375": [
              -56.00609,
              15.20893,
              40.98091
            ],
            "0.75": [
              -35.40337,
              6.08347,
              25.34109
            ],
            "1.125": [
              -33.10041,
              -2.90581,
              24.84195
            ],
            "1.5": [
              -30.51662,
              1.89722,
              11.48658
            ]
          },
          "position": {
            "0.0": [
              0,
              2,
              0
            ],
            "0.375": [
              0,
              0,
              0
            ],
            "0.75": [
              0,
              0,
              0
            ],
            "1.125": [
              0,
              0,
              0
            ],
            "1.5": [
              0,
              2,
              0
            ]
          }
        },
        "left_leg8": {
          "rotation": {
            "0.0": [
              0,
              0,
              2.5
            ],
            "0.375": [
              0,
              0,
              2.5
            ],
            "0.75": [
              0,
              0,
              1.25
            ],
            "1.125": [
              0,
              0,
              0
            ],
            "1.5": [
              0,
              0,
              2.5
            ]
          }
        },
        "train": {
          "rotation": {
            "0.0": [
              0,
              0,
              0
            ],
            "1.125": [
              0,
              0,
              -4.12
            ],
            "1.5": [
              0,
              0,
              0
            ]
          }
        },
        "face": {
          "rotation": {
            "0.0": [
              0,
              0,
              0
            ],
            "0.1875": [
              0,
              -10,
              0
            ],
            "0.5625": [
              0,
              10,
              0
            ],
            "1.0625": [
              0,
              -17.5,
              0
            ],
            "1.3125": [
              0,
              0,
              0
            ]
          }
        }
      }
    }
  }
}