{
  "format_version": "1.8.0",
  "render_controllers": {
    "controller.render.wither_storm": {
      "arrays": {
        "materials": {
          "Array.materials": [ "Material.default", "Material.invisible" ]
        }
      },
      "part_visibility": [
        { "head1": "query.is_sheared==0" },
        { "chin": "query.is_sheared==1" },
        { "head": "query.is_sheared==1" },
        { "mutantBody0": "query.is_chested==1" },
        { "mutantBody1": "query.is_baby==1" },
        { "mutantBody2": "query.is_saddled==1" },
        { "mutantBody3": "query.is_chested==1" },
        { "head1v2": "query.anim_time>4||query.is_powered==1" },
        { "chin1": "query.anim_time>4||query.is_powered==1" },
        { "head2v2": "query.anim_time>4||query.is_powered==1" },
        { "chin2": "query.anim_time>4||query.is_powered==1" },
        { "head3v2": "query.anim_time>4||query.is_powered==1" },
        { "chin3": "query.anim_time>4||query.is_powered==1" }
      ],
      "geometry": "Geometry.default",
      "materials": [ { "*": "Array.materials[query.is_invisible]" } ],
      "textures": [ "Texture.default" ]
    },
    
    "controller.render.wither_storm.tractor_beam": {
      "geometry": "Geometry.beam",
      "materials": [ { "*": "Material.beam" } ],
      "textures": [ "Texture.beam" ],
      "part_visibility": [
        { "*": "query.is_powered==1" }
      ],
      "uv_anim": {
        "offset": [
          "(Math.floor(query.life_time * 20.0) + query.frame_alpha) * 0.01",
          "(Math.floor(query.life_time * 20.0) + query.frame_alpha) * 0.01"
        ],
        "scale": [ 1.0, 1.0 ]
      },
      "ignore_lighting": true
    },
    "controller.render.wst1": {
      "geometry": "Geometry.tentacles1",
      "materials": [ { "*": "Material.default" } ],
      "textures": [ "Texture.default" ],
      "part_visibility": [
        { "*": "query.anim_time>3||query.is_powered==1" }
      ]
    },
    "controller.render.wst2": {
      "geometry": "Geometry.tentacles2",
      "materials": [ { "*": "Material.default" } ],
      "textures": [ "Texture.default" ],
      "part_visibility": [
        { "*": "query.anim_time>3||query.is_powered==1" }
      ]
    },
    "controller.render.wst3": {
      "geometry": "Geometry.tentacles3",
      "materials": [ { "*": "Material.default" } ],
      "textures": [ "Texture.default" ],
      "part_visibility": [
        { "*": "query.anim_time>3||query.is_powered==1" }
      ]
    },
    "controller.render.wst4": {
      "geometry": "Geometry.tentacles4",
      "materials": [ { "*": "Material.default" } ],
      "textures": [ "Texture.default" ],
      "part_visibility": [
        { "*": "query.anim_time>3||query.is_powered==1" }
      ]
    },
    "controller.render.wst5": {
      "geometry": "Geometry.tentacles5",
      "materials": [ { "*": "Material.default" } ],
      "textures": [ "Texture.default" ],
      "part_visibility": [
        { "*": "query.anim_time>3||query.is_powered==1" }
      ]
    }
    
  }
}
