{
  "format_version": "1.12.0",
  "minecraft:geometry": [
    {
      "description": {
        "identifier": "geometry.kd_kawaii_menu1",
        "texture_width": 64,
        "texture_height": 64,
        "visible_bounds_width": 2,
        "visible_bounds_height": 2.5,
        "visible_bounds_offset": [
          0,
          0.75,
          0
        ]
      },
      "bones": [
        {
          "name": "bb_main",
          "pivot": [
            0,
            0,
            0
          ],
          "cubes": [
            {
              "origin": [
                5.0,
                -1.0,
                -5.0
              ],
              "size": [
                1.0,
                21.0,
                1.0
              ],
              "pivot": [
                0.0,
                0.0,
                0.0
              ],
              "rotation": [
                -12.5,
                0.0,
                0.0
              ],
              "uv": [
                28,
                23
              ],
              "inflate": 0
            },
            {
              "origin": [
                -6.0,
                -1.0,
                -5.0
              ],
              "size": [
                1.0,
                21.0,
                1.0
              ],
              "pivot": [
                0.0,
                0.0,
                0.0
              ],
              "rotation": [
                -12.5,
                0.0,
                0.0
              ],
              "uv": [
                28,
                0
              ],
              "inflate": 0
            },
            {
              "origin": [
                -5.0,
                1.0,
                -5.0
              ],
              "size": [
                10.0,
                19.0,
                1.0
              ],
              "pivot": [
                0.0,
                0.0,
                0.0
              ],
              "rotation": [
                -12.5,
                0.0,
                0.0
              ],
              "uv": [
                0,
                21
              ],
              "inflate": 0
            },
            {
              "origin": [
                -5.0,
                1.0,
                4.0
              ],
              "size": [
                10.0,
                19.0,
                1.0
              ],
              "pivot": [
                0.0,
                0.0,
                0.0
              ],
              "rotation": [
                12.5,
                0.0,
                0.0
              ],
              "uv": [
                0,
                0
              ],
              "inflate": 0
            },
            {
              "origin": [
                -6.0,
                -1.0,
                4.0
              ],
              "size": [
                1.0,
                21.0,
                1.0
              ],
              "pivot": [
                0.0,
                0.0,
                0.0
              ],
              "rotation": [
                12.5,
                0.0,
                0.0
              ],
              "uv": [
                23,
                23
              ],
              "inflate": 0
            },
            {
              "origin": [
                5.0,
                -1.0,
                4.0
              ],
              "size": [
                1.0,
                21.0,
                1.0
              ],
              "pivot": [
                0.0,
                0.0,
                0.0
              ],
              "rotation": [
                12.5,
                0.0,
                0.0
              ],
              "uv": [
                23,
                0
              ],
              "inflate": 0
            }
          ]
        }
      ]
    }
  ]
}