{
  "format_version": "1.12.0",
  "minecraft:geometry": [
    {
      "description": {
        "identifier": "geometry.kd_kawaii_laptop2",
        "texture_width": 64,
        "texture_height": 64,
        "visible_bounds_width": 2,
        "visible_bounds_height": 2.5,
        "visible_bounds_offset": [
          0,
          0.75,
          0
        ]
      },
      "bones": [
        {
          "name": "bone",
          "pivot": [
            0,
            0,
            0
          ]
        },
        {
          "name": "bone2",
          "pivot": [
            0,
            0,
            0
          ],
          "cubes": [
            {
              "origin": [
                -7.0,
                0.0,
                -7.0
              ],
              "size": [
                14.0,
                1.0,
                10.0
              ],
              "uv": [
                0,
                0
              ],
              "inflate": 0
            },
            {
              "origin": [
                -7.0,
                1.0,
                2.0
              ],
              "size": [
                14.0,
                11.0,
                1.0
              ],
              "pivot": [
                0.0,
                0.0,
                0.0
              ],
              "rotation": [
                -12.5,
                0.0,
                0.0
              ],
              "uv": [
                0,
                12
              ],
              "inflate": 0
            }
          ],
          "parent": "bone"
        }
      ]
    }
  ]
}