{
  "format_version": "1.12.0",
  "minecraft:geometry": [
    {
      "description": {
        "identifier": "geometry.kd_kawaii_milkbox2",
        "texture_width": 32,
        "texture_height": 32,
        "visible_bounds_width": 2,
        "visible_bounds_height": 2.5,
        "visible_bounds_offset": [
          0,
          0.75,
          0
        ]
      },
      "bones": [
        {
          "name": "bb_main",
          "pivot": [
            0,
            0,
            0
          ],
          "cubes": [
            {
              "origin": [
                -4.0,
                0.0,
                -5.0
              ],
              "size": [
                8.0,
                12.0,
                8.0
              ],
              "uv": [
                0,
                0
              ],
              "inflate": 0
            },
            {
              "origin": [
                -3.0,
                12.0,
                -4.0
              ],
              "size": [
                6.0,
                1.0,
                6.0
              ],
              "uv": [
                0,
                21
              ],
              "inflate": 0
            }
          ]
        }
      ]
    }
  ]
}