{
  "format_version": "1.12.0",
  "minecraft:geometry": [
    {
      "description": {
        "identifier": "geometry.kd_kawaii_kitkat",
        "texture_width": 32,
        "texture_height": 32,
        "visible_bounds_width": 2,
        "visible_bounds_height": 1.5,
        "visible_bounds_offset": [
          0,
          0.25,
          0
        ]
      },
      "bones": [
        {
          "name": "bone",
          "pivot": [
            0,
            0,
            0
          ],
          "cubes": [
            {
              "origin": [
                -4.0,
                0.0,
                -7.0
              ],
              "size": [
                6.0,
                3.0,
                9.0
              ],
              "pivot": [
                0.0,
                0.0,
                0.0
              ],
              "rotation": [
                0.0,
                32.5,
                0.0
              ],
              "uv": [
                0,
                0
              ],
              "inflate": 0
            },
            {
              "origin": [
                -3.0,
                0.0,
                2.0
              ],
              "size": [
                2.0,
                2.0,
                4.0
              ],
              "pivot": [
                0.0,
                0.0,
                0.0
              ],
              "rotation": [
                0.0,
                25.0,
                0.0
              ],
              "uv": [
                15,
                13
              ],
              "inflate": 0
            },
            {
              "origin": [
                -1.0,
                0.0,
                0.0
              ],
              "size": [
                2.0,
                2.0,
                5.0
              ],
              "pivot": [
                0.0,
                0.0,
                0.0
              ],
              "rotation": [
                0.0,
                32.5,
                0.0
              ],
              "uv": [
                0,
                13
              ],
              "inflate": 0
            }
          ]
        }
      ]
    }
  ]
}