{
  "format_version": "1.12.0",
  "minecraft:geometry": [
    {
      "description": {
        "identifier": "geometry.kd_painting1",
        "texture_width": 128,
        "texture_height": 128,
        "visible_bounds_width": 2,
        "visible_bounds_height": 2.5,
        "visible_bounds_offset": [
          0,
          0.75,
          0
        ]
      },
      "bones": [
        {
          "name": "bb_main",
          "pivot": [
            0,
            0,
            0
          ],
          "cubes": [
            {
              "origin": [
                -8.0,
                0.0,
                7.0
              ],
              "size": [
                32.0,
                21.0,
                1.0
              ],
              "uv": [
                0,
                0
              ],
              "inflate": 0
            }
          ]
        }
      ]
    }
  ]
}