{
    "format_version": "1.16.100",
    "minecraft:item": {
        "description": {
            "category": "equipment",
            "identifier": "vatonage:dirty_water"
        },
        "components": {
            "minecraft:max_stack_size": 4,
            "minecraft:icon": {
                "texture": "dirty_water"
            },
            "minecraft:display_name": {
                "value": "Dirty Drinking Water"
            },
         "minecraft:on_use":{
            "on_use":{
               "event":"used"
            }
         }
      },
      "events":{
         "used":{
            "swing":{
            },
            "run_command":{
               "command":[
                  "function dirty_water"
               ]
            }
         }
      }
   }
}