{
	"format_version": "1.8.0",
	"minecraft:attachable": {
	 "description": {
		"identifier": "gear:helmet_ph",
		"materials": {
			"default": "armor",
			"enchanted": "armor_enchanted"
		},
		"textures": {
			"default": "textures/ph/philarpat",
			"enchanted": "textures/misc/enchanted_item_glint"
		},
		"geometry": {
			"default": "geometry.helmet"
		},
		"scripts": {
			"parent_setup": "variable.helmet_layer_visible = 0.0;"
		},
		"render_controllers": [
			"controller.render.armor"
			]
		}
	}
}