{
	"format_version": "1.12.0",
	"minecraft:geometry": [
		{
			"description": {
				"identifier": "geometry.backpack_rabbit",
				"texture_width": 64,
				"texture_height": 64,
				"visible_bounds_width": 3,
				"visible_bounds_height": 3,
				"visible_bounds_offset": [0, 0.5, 0]
			},
			"bones": [
				{
					"name": "root",
					"pivot": [0, 0, 0]
				},
				{
					"name": "waist",
					"parent": "root",
					"pivot": [0, 0, 0]
				},
				{
					"name": "body",
					"parent": "waist",
					"pivot": [0, 0, 0]
				},
				{
					"name": "backpack_rabbit",
					"parent": "body",
					"pivot": [0, 12, -1],
					"cubes": [
						{
							"origin": [-3, 0.3, 2.5],
							"size": [1.5, 2.2, 1.5],
							"uv": {
								"north": {"uv": [24, 1], "uv_size": [1, 2]},
								"east": {"uv": [23, 1], "uv_size": [1, 2]},
								"south": {"uv": [26, 1], "uv_size": [1, 2]},
								"west": {"uv": [25, 1], "uv_size": [1, 2]},
								"up": {"uv": [24, 0], "uv_size": [1, 1]},
								"down": {"uv": [25, 1], "uv_size": [1, -1]}
							}
						},
						{
							"origin": [1.5, 0.3, 2.5],
							"size": [1.5, 2.2, 1.5],
							"uv": {
								"north": {"uv": [25, 1], "uv_size": [-1, 2]},
								"east": {"uv": [26, 1], "uv_size": [-1, 2]},
								"south": {"uv": [27, 1], "uv_size": [-1, 2]},
								"west": {"uv": [24, 1], "uv_size": [-1, 2]},
								"up": {"uv": [25, 0], "uv_size": [-1, 1]},
								"down": {"uv": [26, 1], "uv_size": [-1, -1]}
							}
						},
						{
							"origin": [-2.2, 2.3, 2],
							"size": [4.5, 2.2, 2],
							"uv": {
								"north": {"uv": [23, 3], "uv_size": [4, 2]},
								"east": {"uv": [21, 3], "uv_size": [2, 2]},
								"south": {"uv": [29, 3], "uv_size": [4, 2]},
								"west": {"uv": [27, 3], "uv_size": [2, 2]},
								"up": {"uv": [23, 1], "uv_size": [4, 2]},
								"down": {"uv": [27, 3], "uv_size": [4, -2]}
							}
						},
						{
							"origin": [-3.1, 4.3, 2],
							"size": [1.3, 2.2, 2],
							"uv": {
								"north": {"uv": [3, 2], "uv_size": [1, 2]},
								"east": {"uv": [1, 2], "uv_size": [2, 2]},
								"south": {"uv": [6, 2], "uv_size": [1, 2]},
								"west": {"uv": [4, 2], "uv_size": [2, 2]},
								"up": {"uv": [3, 0], "uv_size": [1, 2]},
								"down": {"uv": [4, 2], "uv_size": [1, -2]}
							}
						},
						{
							"origin": [-3.5, 2.3, 2],
							"size": [1.3, 2.2, 2],
							"uv": {
								"north": {"uv": [2, 2], "uv_size": [1, 2]},
								"east": {"uv": [0, 2], "uv_size": [2, 2]},
								"south": {"uv": [5, 2], "uv_size": [1, 2]},
								"west": {"uv": [3, 2], "uv_size": [2, 2]},
								"up": {"uv": [2, 0], "uv_size": [1, 2]},
								"down": {"uv": [3, 2], "uv_size": [1, -2]}
							}
						},
						{
							"origin": [2.2, 2.3, 2],
							"size": [1.3, 2.2, 2],
							"uv": {
								"north": {"uv": [3, 2], "uv_size": [-1, 2]},
								"east": {"uv": [5, 2], "uv_size": [-2, 2]},
								"south": {"uv": [6, 2], "uv_size": [-1, 2]},
								"west": {"uv": [2, 2], "uv_size": [-2, 2]},
								"up": {"uv": [3, 0], "uv_size": [-1, 2]},
								"down": {"uv": [4, 2], "uv_size": [-1, -2]}
							}
						},
						{
							"origin": [1.8, 4.3, 2],
							"size": [1.3, 2.2, 2],
							"uv": {
								"north": {"uv": [3, 2], "uv_size": [-1, 2]},
								"east": {"uv": [5, 2], "uv_size": [-2, 2]},
								"south": {"uv": [6, 2], "uv_size": [-1, 2]},
								"west": {"uv": [2, 2], "uv_size": [-2, 2]},
								"up": {"uv": [3, 0], "uv_size": [-1, 2]},
								"down": {"uv": [4, 2], "uv_size": [-1, -2]}
							}
						},
						{
							"origin": [-2.3, 4.3, 1.8],
							"size": [4.6, 2.2, 2.5],
							"uv": {
								"north": {"uv": [22, 2], "uv_size": [4, 2]},
								"east": {"uv": [20, 2], "uv_size": [2, 2]},
								"south": {"uv": [28, 2], "uv_size": [4, 2]},
								"west": {"uv": [26, 2], "uv_size": [2, 2]},
								"up": {"uv": [22, 0], "uv_size": [4, 2]},
								"down": {"uv": [26, 2], "uv_size": [4, -2]}
							}
						},
						{
							"origin": [-1.4, 2.3, 3.7],
							"size": [2.8, 1.5, 0.5],
							"uv": {
								"north": {"uv": [13, 6], "uv_size": [2, 1]},
								"east": {"uv": [13, 6], "uv_size": [0, 1]},
								"south": {"uv": [15, 6], "uv_size": [2, 1]},
								"west": {"uv": [15, 6], "uv_size": [0, 1]},
								"up": {"uv": [13, 6], "uv_size": [2, 0]},
								"down": {"uv": [15, 6], "uv_size": [2, 0]}
							}
						},
						{
							"origin": [-1.1, 2.3, 3.8],
							"size": [2.2, 1.2, 0.5],
							"uv": {
								"north": {"uv": [0, 0], "uv_size": [2, 1]},
								"east": {"uv": [0, 0], "uv_size": [0, 1]},
								"south": {"uv": [2, 0], "uv_size": [2, 1]},
								"west": {"uv": [2, 0], "uv_size": [0, 1]},
								"up": {"uv": [0, 0], "uv_size": [2, 0]},
								"down": {"uv": [2, 0], "uv_size": [2, 0]}
							}
						},
						{
							"origin": [0.6, 5.3, 4],
							"size": [2.2, 1.2, 0.5],
							"uv": {
								"north": {"uv": [0, 13], "uv_size": [2, 1]},
								"east": {"uv": [0, 13], "uv_size": [0, 1]},
								"south": {"uv": [2, 13], "uv_size": [2, 1]},
								"west": {"uv": [2, 13], "uv_size": [0, 1]},
								"up": {"uv": [0, 13], "uv_size": [2, 0]},
								"down": {"uv": [2, 13], "uv_size": [2, 0]}
							}
						},
						{
							"origin": [-2.7, 5.3, 4],
							"size": [2.2, 1.2, 0.5],
							"uv": {
								"north": {"uv": [2, 13], "uv_size": [-2, 1]},
								"east": {"uv": [2, 13], "uv_size": [0, 1]},
								"south": {"uv": [4, 13], "uv_size": [-2, 1]},
								"west": {"uv": [0, 13], "uv_size": [0, 1]},
								"up": {"uv": [2, 13], "uv_size": [-2, 0]},
								"down": {"uv": [4, 13], "uv_size": [-2, 0]}
							}
						},
						{
							"origin": [-2.4, 10.2, 3.1],
							"size": [2.2, 1, 1],
							"uv": {
								"north": {"uv": [22, 0], "uv_size": [-2, 1]},
								"east": {"uv": [22, 0], "uv_size": [0, 1]},
								"south": {"uv": [24, 0], "uv_size": [-2, 1]},
								"west": {"uv": [20, 0], "uv_size": [0, 1]},
								"up": {"uv": [22, 0], "uv_size": [-2, 0]},
								"down": {"uv": [24, 0], "uv_size": [-2, 0]}
							}
						},
						{
							"origin": [-2.3, 6.3, 2.3],
							"size": [4.6, 2.2, 1.5],
							"uv": {
								"north": {"uv": [1, 1], "uv_size": [4, 2]},
								"east": {"uv": [0, 1], "uv_size": [1, 2]},
								"south": {"uv": [6, 1], "uv_size": [4, 2]},
								"west": {"uv": [5, 1], "uv_size": [1, 2]},
								"up": {"uv": [1, 0], "uv_size": [4, 1]},
								"down": {"uv": [5, 1], "uv_size": [4, -1]}
							}
						},
						{
							"origin": [-2.8, 7.3, 2],
							"size": [5.6, 3.2, 2],
							"uv": {
								"north": {"uv": [2, 2], "uv_size": [5, 3]},
								"east": {"uv": [0, 2], "uv_size": [2, 3]},
								"south": {"uv": [9, 2], "uv_size": [5, 3]},
								"west": {"uv": [7, 2], "uv_size": [2, 3]},
								"up": {"uv": [2, 0], "uv_size": [5, 2]},
								"down": {"uv": [7, 2], "uv_size": [5, -2]}
							}
						},
						{
							"origin": [-1.7, 8.3, 4],
							"size": [0.5, 1, 0.7],
							"uv": {
								"north": {"uv": [26, 14], "uv_size": [0, 1]},
								"east": {"uv": [26, 14], "uv_size": [0, 1]},
								"south": {"uv": [26, 14], "uv_size": [0, 1]},
								"west": {"uv": [26, 14], "uv_size": [0, 1]},
								"up": {"uv": [26, 14], "uv_size": [0, 0]},
								"down": {"uv": [26, 14], "uv_size": [0, 0]}
							}
						},
						{
							"origin": [1.3, 8.3, 4],
							"size": [0.5, 1, 0.7],
							"uv": {
								"north": {"uv": [24, 14], "uv_size": [0, 1]},
								"east": {"uv": [24, 14], "uv_size": [0, 1]},
								"south": {"uv": [24, 14], "uv_size": [0, 1]},
								"west": {"uv": [24, 14], "uv_size": [0, 1]},
								"up": {"uv": [24, 14], "uv_size": [0, 0]},
								"down": {"uv": [24, 14], "uv_size": [0, 0]}
							}
						},
						{
							"origin": [-2.5, 9.3, 2.1],
							"size": [5, 1.8, 1.8],
							"uv": {
								"north": {"uv": [3, 4], "uv_size": [5, 1]},
								"east": {"uv": [1, 4], "uv_size": [2, 1]},
								"south": {"uv": [10, 4], "uv_size": [5, 1]},
								"west": {"uv": [8, 4], "uv_size": [2, 1]},
								"up": {"uv": [3, 2], "uv_size": [5, 2]},
								"down": {"uv": [8, 4], "uv_size": [5, -2]}
							}
						},
						{
							"origin": [-2.6, 10.3, 2.3],
							"size": [0.8, 3.3, 1.4],
							"pivot": [0, 12, -1],
							"rotation": [0, 0, -17.5],
							"uv": {
								"north": {"uv": [23, 1], "uv_size": [0, 3]},
								"east": {"uv": [22, 1], "uv_size": [1, 3]},
								"south": {"uv": [24, 1], "uv_size": [0, 3]},
								"west": {"uv": [23, 1], "uv_size": [1, 3]},
								"up": {"uv": [23, 0], "uv_size": [0, 1]},
								"down": {"uv": [23, 1], "uv_size": [0, -1]}
							}
						},
						{
							"origin": [1.8, 10.3, 2.3],
							"size": [0.8, 5.3, 1.4],
							"pivot": [0, 12, -1],
							"rotation": [0, 0, 17.5],
							"uv": {
								"north": {"uv": [23, 1], "uv_size": [0, 5]},
								"east": {"uv": [24, 1], "uv_size": [-1, 5]},
								"south": {"uv": [24, 1], "uv_size": [0, 5]},
								"west": {"uv": [23, 1], "uv_size": [-1, 5]},
								"up": {"uv": [23, 0], "uv_size": [0, 1]},
								"down": {"uv": [23, 1], "uv_size": [0, -1]}
							}
						},
						{
							"origin": [-5.4, 13.5, 2.3],
							"size": [0.8, 1.8, 1.4],
							"pivot": [-3, 15, -1],
							"rotation": [0, 0, -70],
							"uv": {
								"north": {"uv": [24, 3], "uv_size": [0, 1]},
								"east": {"uv": [23, 3], "uv_size": [1, 1]},
								"south": {"uv": [25, 3], "uv_size": [0, 1]},
								"west": {"uv": [24, 3], "uv_size": [1, 1]},
								"up": {"uv": [24, 2], "uv_size": [0, 1]},
								"down": {"uv": [24, 3], "uv_size": [0, -1]}
							}
						},
						{
							"origin": [-4.6, 12, 2.3],
							"size": [0.8, 1.7, 1.4],
							"pivot": [-4.31388, 12.77955, 3],
							"rotation": [0.05414, -0.21105, -117.50961],
							"uv": {
								"north": {"uv": [23, 1], "uv_size": [0, 1]},
								"east": {"uv": [22, 1], "uv_size": [1, 1]},
								"south": {"uv": [24, 1], "uv_size": [0, 1]},
								"west": {"uv": [23, 1], "uv_size": [1, 1]},
								"up": {"uv": [23, 0], "uv_size": [0, 1]},
								"down": {"uv": [23, 1], "uv_size": [0, -1]}
							}
						},
						{
							"origin": [-3.6, 2.4, -2],
							"size": [0.3, 1, 5],
							"inflate": 0.1,
							"uv": {
								"north": {"uv": [26, 5], "uv_size": [0, 1]},
								"east": {"uv": [21, 5], "uv_size": [5, 1]},
								"south": {"uv": [31, 5], "uv_size": [0, 1]},
								"west": {"uv": [26, 5], "uv_size": [5, 1]},
								"up": {"uv": [26, 0], "uv_size": [0, 5]},
								"down": {"uv": [26, 5], "uv_size": [0, -5]}
							}
						},
						{
							"origin": [3.3, 2.4, -2],
							"size": [0.3, 1, 5],
							"inflate": 0.1,
							"uv": {
								"north": {"uv": [26, 6], "uv_size": [0, 1]},
								"east": {"uv": [31, 6], "uv_size": [-5, 1]},
								"south": {"uv": [31, 6], "uv_size": [0, 1]},
								"west": {"uv": [26, 6], "uv_size": [-5, 1]},
								"up": {"uv": [26, 1], "uv_size": [0, 5]},
								"down": {"uv": [26, 6], "uv_size": [0, -5]}
							}
						},
						{
							"origin": [-3.1, 8.4, -1],
							"size": [0.3, 1, 2],
							"inflate": 0.1,
							"uv": {
								"north": {"uv": [22, 2], "uv_size": [0, 1]},
								"east": {"uv": [20, 2], "uv_size": [2, 1]},
								"south": {"uv": [24, 2], "uv_size": [0, 1]},
								"west": {"uv": [22, 2], "uv_size": [2, 1]},
								"up": {"uv": [22, 0], "uv_size": [0, 2]},
								"down": {"uv": [22, 2], "uv_size": [0, -2]}
							}
						},
						{
							"origin": [2.8, 8.4, -1],
							"size": [0.3, 1, 2],
							"inflate": 0.1,
							"uv": {
								"north": {"uv": [25, 2], "uv_size": [0, 1]},
								"east": {"uv": [27, 2], "uv_size": [-2, 1]},
								"south": {"uv": [27, 2], "uv_size": [0, 1]},
								"west": {"uv": [25, 2], "uv_size": [-2, 1]},
								"up": {"uv": [25, 0], "uv_size": [0, 2]},
								"down": {"uv": [25, 2], "uv_size": [0, -2]}
							}
						},
						{
							"origin": [-3.6, 2.4, -2],
							"size": [0.3, 7, 1],
							"inflate": 0.1,
							"uv": {
								"north": {"uv": [24, 1], "uv_size": [0, 7]},
								"east": {"uv": [23, 1], "uv_size": [1, 7]},
								"south": {"uv": [25, 1], "uv_size": [0, 7]},
								"west": {"uv": [24, 1], "uv_size": [1, 7]},
								"up": {"uv": [24, 0], "uv_size": [0, 1]},
								"down": {"uv": [24, 1], "uv_size": [0, -1]}
							}
						},
						{
							"origin": [3.3, 2.4, -2],
							"size": [0.3, 7, 1],
							"inflate": 0.1,
							"uv": {
								"north": {"uv": [24, 1], "uv_size": [0, 7]},
								"east": {"uv": [25, 1], "uv_size": [-1, 7]},
								"south": {"uv": [25, 1], "uv_size": [0, 7]},
								"west": {"uv": [24, 1], "uv_size": [-1, 7]},
								"up": {"uv": [24, 0], "uv_size": [0, 1]},
								"down": {"uv": [24, 1], "uv_size": [0, -1]}
							}
						},
						{
							"origin": [-2.6, 9.4, 0],
							"size": [0.3, 1, 2],
							"inflate": 0.1,
							"uv": {
								"north": {"uv": [23, 2], "uv_size": [0, 1]},
								"east": {"uv": [21, 2], "uv_size": [2, 1]},
								"south": {"uv": [25, 2], "uv_size": [0, 1]},
								"west": {"uv": [23, 2], "uv_size": [2, 1]},
								"up": {"uv": [23, 0], "uv_size": [0, 2]},
								"down": {"uv": [23, 2], "uv_size": [0, -2]}
							}
						},
						{
							"origin": [2.3, 9.4, 0],
							"size": [0.3, 1, 2],
							"inflate": 0.1,
							"uv": {
								"north": {"uv": [24, 3], "uv_size": [0, 1]},
								"east": {"uv": [26, 3], "uv_size": [-2, 1]},
								"south": {"uv": [26, 3], "uv_size": [0, 1]},
								"west": {"uv": [24, 3], "uv_size": [-2, 1]},
								"up": {"uv": [24, 1], "uv_size": [0, 2]},
								"down": {"uv": [24, 3], "uv_size": [0, -2]}
							}
						}
					]
				}
			]
		}
	]
}