{
	"format_version": "1.12.0",
	"minecraft:geometry": [
		{
			"description": {
				"identifier": "geometry.backpack_mechanical_wing",
				"texture_width": 32,
				"texture_height": 32,
				"visible_bounds_width": 3,
				"visible_bounds_height": 3,
				"visible_bounds_offset": [0, 0.5, 0]
			},
			"bones": [
				{
					"name": "root",
					"pivot": [0, 0, 0]
				},
				{
					"name": "waist",
					"parent": "root",
					"pivot": [0, -2, 0]
				},
				{
					"name": "body",
					"parent": "waist",
					"pivot": [0, -2, 0]
				},
				{
					"name": "backpack_mechanical_wing",
					"parent": "body",
					"pivot": [0.02486, 5.99209, 2.9929],
					"rotation": [0, -90, 0],
					"cubes": [
						{
							"origin": [-0.46804, 5.50272, 5.01776],
							"size": [1, 0.99456, 0.5],
							"pivot": [0.03196, 6, 3.01776],
							"rotation": [45, 0, 0],
							"uv": {
								"north": {"uv": [12, 14], "uv_size": [1, 1]},
								"east": {"uv": [14, 12], "uv_size": [1, 1]},
								"south": {"uv": [13, 14], "uv_size": [1, 1]},
								"west": {"uv": [14, 13], "uv_size": [1, 1]},
								"up": {"uv": [14, 14], "uv_size": [1, 1]},
								"down": {"uv": [0, 16], "uv_size": [1, -1]}
							}
						},
						{
							"origin": [-0.46804, 5.50272, 0.51776],
							"size": [1, 0.99456, 0.5],
							"pivot": [0.03196, 6, 3.01776],
							"rotation": [45, 0, 0],
							"uv": {
								"north": {"uv": [16, 16], "uv_size": [1, 1]},
								"east": {"uv": [0, 17], "uv_size": [1, 1]},
								"south": {"uv": [17, 0], "uv_size": [1, 1]},
								"west": {"uv": [1, 17], "uv_size": [1, 1]},
								"up": {"uv": [17, 1], "uv_size": [1, 1]},
								"down": {"uv": [2, 18], "uv_size": [1, -1]}
							}
						},
						{
							"origin": [-0.46804, 5.50272, 5.01776],
							"size": [1, 0.99456, 0.5],
							"pivot": [0.03196, 6, 3.01776],
							"rotation": [22.5, 0, 0],
							"uv": {
								"north": {"uv": [1, 15], "uv_size": [1, 1]},
								"east": {"uv": [15, 1], "uv_size": [1, 1]},
								"south": {"uv": [15, 2], "uv_size": [1, 1]},
								"west": {"uv": [3, 15], "uv_size": [1, 1]},
								"up": {"uv": [4, 15], "uv_size": [1, 1]},
								"down": {"uv": [15, 5], "uv_size": [1, -1]}
							}
						},
						{
							"origin": [-0.46804, 5.50272, 0.51776],
							"size": [1, 0.99456, 0.5],
							"pivot": [0.03196, 6, 3.01776],
							"rotation": [22.5, 0, 0],
							"uv": {
								"north": {"uv": [17, 2], "uv_size": [1, 1]},
								"east": {"uv": [3, 17], "uv_size": [1, 1]},
								"south": {"uv": [17, 3], "uv_size": [1, 1]},
								"west": {"uv": [4, 17], "uv_size": [1, 1]},
								"up": {"uv": [17, 4], "uv_size": [1, 1]},
								"down": {"uv": [5, 18], "uv_size": [1, -1]}
							}
						},
						{
							"origin": [-0.46804, 5.50272, 5.01776],
							"size": [1, 0.99456, 0.5],
							"uv": {
								"north": {"uv": [15, 5], "uv_size": [1, 1]},
								"east": {"uv": [6, 15], "uv_size": [1, 1]},
								"south": {"uv": [7, 15], "uv_size": [1, 1]},
								"west": {"uv": [15, 7], "uv_size": [1, 1]},
								"up": {"uv": [15, 8], "uv_size": [1, 1]},
								"down": {"uv": [9, 16], "uv_size": [1, -1]}
							}
						},
						{
							"origin": [-0.46804, 5.50272, 0.51776],
							"size": [1, 0.99456, 0.5],
							"uv": {
								"north": {"uv": [17, 5], "uv_size": [1, 1]},
								"east": {"uv": [6, 17], "uv_size": [1, 1]},
								"south": {"uv": [17, 6], "uv_size": [1, 1]},
								"west": {"uv": [7, 17], "uv_size": [1, 1]},
								"up": {"uv": [17, 7], "uv_size": [1, 1]},
								"down": {"uv": [8, 18], "uv_size": [1, -1]}
							}
						},
						{
							"origin": [-0.46804, 5.50272, 5.01776],
							"size": [1, 0.99456, 0.5],
							"pivot": [0.03196, 6, 3.01776],
							"rotation": [-22.5, 0, 0],
							"uv": {
								"north": {"uv": [10, 15], "uv_size": [1, 1]},
								"east": {"uv": [15, 10], "uv_size": [1, 1]},
								"south": {"uv": [15, 11], "uv_size": [1, 1]},
								"west": {"uv": [12, 15], "uv_size": [1, 1]},
								"up": {"uv": [15, 12], "uv_size": [1, 1]},
								"down": {"uv": [13, 16], "uv_size": [1, -1]}
							}
						},
						{
							"origin": [-0.46804, 5.50272, 0.51776],
							"size": [1, 0.99456, 0.5],
							"pivot": [0.03196, 6, 3.01776],
							"rotation": [-22.5, 0, 0],
							"uv": {
								"north": {"uv": [17, 14], "uv_size": [1, 1]},
								"east": {"uv": [15, 17], "uv_size": [1, 1]},
								"south": {"uv": [17, 15], "uv_size": [1, 1]},
								"west": {"uv": [16, 17], "uv_size": [1, 1]},
								"up": {"uv": [17, 16], "uv_size": [1, 1]},
								"down": {"uv": [17, 18], "uv_size": [1, -1]}
							}
						},
						{
							"origin": [-0.46804, 5.50272, 5.01776],
							"size": [1, 0.99456, 0.5],
							"pivot": [0.03196, 6, 3.01776],
							"rotation": [-45, 0, 0],
							"uv": {
								"north": {"uv": [15, 13], "uv_size": [1, 1]},
								"east": {"uv": [14, 15], "uv_size": [1, 1]},
								"south": {"uv": [15, 14], "uv_size": [1, 1]},
								"west": {"uv": [15, 15], "uv_size": [1, 1]},
								"up": {"uv": [0, 16], "uv_size": [1, 1]},
								"down": {"uv": [16, 1], "uv_size": [1, -1]}
							}
						},
						{
							"origin": [-0.46804, 7.09371, 1.17677],
							"size": [1, 0.99456, 0.5],
							"pivot": [0.03196, 7.59099, 1.42677],
							"rotation": [-45, 0, 0],
							"uv": {
								"north": {"uv": [17, 11], "uv_size": [1, 1]},
								"east": {"uv": [12, 17], "uv_size": [1, 1]},
								"south": {"uv": [17, 12], "uv_size": [1, 1]},
								"west": {"uv": [13, 17], "uv_size": [1, 1]},
								"up": {"uv": [17, 13], "uv_size": [1, 1]},
								"down": {"uv": [14, 18], "uv_size": [1, -1]}
							}
						},
						{
							"origin": [-0.46804, 8, 2.52048],
							"size": [1, 0.5, 0.99456],
							"pivot": [0.03196, 6, 3.01776],
							"rotation": [22.5, 0, 0],
							"uv": {
								"north": {"uv": [1, 16], "uv_size": [1, 1]},
								"east": {"uv": [16, 1], "uv_size": [1, 1]},
								"south": {"uv": [2, 16], "uv_size": [1, 1]},
								"west": {"uv": [16, 2], "uv_size": [1, 1]},
								"up": {"uv": [3, 16], "uv_size": [1, 1]},
								"down": {"uv": [16, 4], "uv_size": [1, -1]}
							}
						},
						{
							"origin": [-0.46804, 3.5, 2.52048],
							"size": [1, 0.5, 0.99456],
							"pivot": [0.03196, 6, 3.01776],
							"rotation": [22.5, 0, 0],
							"uv": {
								"north": {"uv": [17, 8], "uv_size": [1, 1]},
								"east": {"uv": [9, 17], "uv_size": [1, 1]},
								"south": {"uv": [17, 9], "uv_size": [1, 1]},
								"west": {"uv": [10, 17], "uv_size": [1, 1]},
								"up": {"uv": [17, 10], "uv_size": [1, 1]},
								"down": {"uv": [11, 18], "uv_size": [1, -1]}
							}
						},
						{
							"origin": [-0.46804, 3.5, 2.52048],
							"size": [1, 0.5, 0.99456],
							"uv": {
								"north": {"uv": [4, 16], "uv_size": [1, 1]},
								"east": {"uv": [16, 4], "uv_size": [1, 1]},
								"south": {"uv": [5, 16], "uv_size": [1, 1]},
								"west": {"uv": [16, 5], "uv_size": [1, 1]},
								"up": {"uv": [6, 16], "uv_size": [1, 1]},
								"down": {"uv": [16, 7], "uv_size": [1, -1]}
							}
						},
						{
							"origin": [-0.46804, 8, 2.52048],
							"size": [1, 0.5, 0.99456],
							"uv": {
								"north": {"uv": [10, 16], "uv_size": [1, 1]},
								"east": {"uv": [16, 10], "uv_size": [1, 1]},
								"south": {"uv": [11, 16], "uv_size": [1, 1]},
								"west": {"uv": [16, 11], "uv_size": [1, 1]},
								"up": {"uv": [12, 16], "uv_size": [1, 1]},
								"down": {"uv": [16, 13], "uv_size": [1, -1]}
							}
						},
						{
							"origin": [-0.23224, 7.4, 1.92778],
							"size": [0.5, 0.5, 0.79565],
							"pivot": [0.01776, 7.61679, 2.32561],
							"rotation": [17.5, 0, 0],
							"uv": {
								"north": {"uv": [7, 20], "uv_size": [1, 1]},
								"east": {"uv": [20, 7], "uv_size": [1, 1]},
								"south": {"uv": [8, 20], "uv_size": [1, 1]},
								"west": {"uv": [20, 8], "uv_size": [1, 1]},
								"up": {"uv": [9, 20], "uv_size": [1, 1]},
								"down": {"uv": [20, 10], "uv_size": [1, -1]}
							}
						},
						{
							"origin": [-0.23224, 4.36474, 3.98274],
							"size": [0.5, 0.79565, 0.5],
							"pivot": [0.01776, 4.76256, 4.23274],
							"rotation": [-40, 0, 0],
							"uv": {
								"north": {"uv": [4, 20], "uv_size": [1, 1]},
								"east": {"uv": [20, 4], "uv_size": [1, 1]},
								"south": {"uv": [5, 20], "uv_size": [1, 1]},
								"west": {"uv": [20, 5], "uv_size": [1, 1]},
								"up": {"uv": [6, 20], "uv_size": [1, 1]},
								"down": {"uv": [20, 7], "uv_size": [1, -1]}
							}
						},
						{
							"origin": [-0.23224, 5.60218, 0.8953],
							"size": [0.5, 0.79565, 0.5],
							"pivot": [-0.93224, 6, 2.9953],
							"rotation": [-22.5, 0, 0],
							"uv": {
								"north": {"uv": [1, 20], "uv_size": [1, 1]},
								"east": {"uv": [20, 1], "uv_size": [1, 1]},
								"south": {"uv": [2, 20], "uv_size": [1, 1]},
								"west": {"uv": [20, 2], "uv_size": [1, 1]},
								"up": {"uv": [3, 20], "uv_size": [1, 1]},
								"down": {"uv": [20, 4], "uv_size": [1, -1]}
							}
						},
						{
							"origin": [-0.23224, 5.60218, 4.4953],
							"size": [0.5, 0.79565, 0.6],
							"uv": {
								"north": {"uv": [19, 17], "uv_size": [1, 1]},
								"east": {"uv": [18, 19], "uv_size": [1, 1]},
								"south": {"uv": [19, 18], "uv_size": [1, 1]},
								"west": {"uv": [19, 19], "uv_size": [1, 1]},
								"up": {"uv": [0, 20], "uv_size": [1, 1]},
								"down": {"uv": [20, 1], "uv_size": [1, -1]}
							}
						},
						{
							"origin": [-0.23224, 3.9, 2.59748],
							"size": [0.5, 0.5, 0.79565],
							"uv": {
								"north": {"uv": [19, 14], "uv_size": [1, 1]},
								"east": {"uv": [15, 19], "uv_size": [1, 1]},
								"south": {"uv": [19, 15], "uv_size": [1, 1]},
								"west": {"uv": [16, 19], "uv_size": [1, 1]},
								"up": {"uv": [19, 16], "uv_size": [1, 1]},
								"down": {"uv": [17, 20], "uv_size": [1, -1]}
							}
						},
						{
							"origin": [-0.23224, 3.9, 2.59748],
							"size": [0.5, 0.5, 0.79565],
							"pivot": [-0.93224, 6, 2.9953],
							"rotation": [-22.5, 0, 0],
							"uv": {
								"north": {"uv": [19, 11], "uv_size": [1, 1]},
								"east": {"uv": [12, 19], "uv_size": [1, 1]},
								"south": {"uv": [19, 12], "uv_size": [1, 1]},
								"west": {"uv": [13, 19], "uv_size": [1, 1]},
								"up": {"uv": [19, 13], "uv_size": [1, 1]},
								"down": {"uv": [14, 20], "uv_size": [1, -1]}
							}
						},
						{
							"origin": [-0.23224, 5.60218, 4.4953],
							"size": [0.5, 0.79565, 0.5],
							"pivot": [-0.93224, 6, 2.9953],
							"rotation": [45, 0, 0],
							"uv": {
								"north": {"uv": [19, 8], "uv_size": [1, 1]},
								"east": {"uv": [9, 19], "uv_size": [1, 1]},
								"south": {"uv": [19, 9], "uv_size": [1, 1]},
								"west": {"uv": [10, 19], "uv_size": [1, 1]},
								"up": {"uv": [19, 10], "uv_size": [1, 1]},
								"down": {"uv": [11, 20], "uv_size": [1, -1]}
							}
						},
						{
							"origin": [-0.23224, 5.60218, 0.8953],
							"size": [0.5, 0.79565, 0.5],
							"pivot": [-0.93224, 6, 2.9953],
							"rotation": [45, 0, 0],
							"uv": {
								"north": {"uv": [19, 5], "uv_size": [1, 1]},
								"east": {"uv": [6, 19], "uv_size": [1, 1]},
								"south": {"uv": [19, 6], "uv_size": [1, 1]},
								"west": {"uv": [7, 19], "uv_size": [1, 1]},
								"up": {"uv": [19, 7], "uv_size": [1, 1]},
								"down": {"uv": [8, 20], "uv_size": [1, -1]}
							}
						},
						{
							"origin": [-0.23224, 5.60218, 0.8953],
							"size": [0.5, 0.79565, 0.5],
							"pivot": [-0.93224, 6, 2.9953],
							"rotation": [22.5, 0, 0],
							"uv": {
								"north": {"uv": [19, 2], "uv_size": [1, 1]},
								"east": {"uv": [3, 19], "uv_size": [1, 1]},
								"south": {"uv": [19, 3], "uv_size": [1, 1]},
								"west": {"uv": [4, 19], "uv_size": [1, 1]},
								"up": {"uv": [19, 4], "uv_size": [1, 1]},
								"down": {"uv": [5, 20], "uv_size": [1, -1]}
							}
						},
						{
							"origin": [-0.23224, 7.5, 2.59748],
							"size": [0.5, 0.5, 0.79565],
							"pivot": [-0.93224, 6, 2.9953],
							"rotation": [-22.5, 0, 0],
							"uv": {
								"north": {"uv": [18, 18], "uv_size": [1, 1]},
								"east": {"uv": [0, 19], "uv_size": [1, 1]},
								"south": {"uv": [19, 0], "uv_size": [1, 1]},
								"west": {"uv": [1, 19], "uv_size": [1, 1]},
								"up": {"uv": [19, 1], "uv_size": [1, 1]},
								"down": {"uv": [2, 20], "uv_size": [1, -1]}
							}
						},
						{
							"origin": [-0.23224, 7.5, 2.59748],
							"size": [0.5, 0.5, 0.79565],
							"uv": {
								"north": {"uv": [15, 18], "uv_size": [1, 1]},
								"east": {"uv": [18, 15], "uv_size": [1, 1]},
								"south": {"uv": [16, 18], "uv_size": [1, 1]},
								"west": {"uv": [18, 16], "uv_size": [1, 1]},
								"up": {"uv": [17, 18], "uv_size": [1, 1]},
								"down": {"uv": [18, 18], "uv_size": [1, -1]}
							}
						},
						{
							"origin": [-0.23224, 4.04082, 3.30544],
							"size": [0.5, 0.5, 0.79565],
							"pivot": [0.01776, 4.29082, 3.70327],
							"rotation": [27.5, 0, 0],
							"uv": {
								"north": {"uv": [12, 18], "uv_size": [1, 1]},
								"east": {"uv": [18, 12], "uv_size": [1, 1]},
								"south": {"uv": [13, 18], "uv_size": [1, 1]},
								"west": {"uv": [18, 13], "uv_size": [1, 1]},
								"up": {"uv": [14, 18], "uv_size": [1, 1]},
								"down": {"uv": [18, 15], "uv_size": [1, -1]}
							}
						},
						{
							"origin": [-0.23224, 6.91032, 1.43715],
							"size": [0.5, 0.79565, 0.5],
							"pivot": [0.01776, 7.30815, 1.68715],
							"rotation": [-47.5, 0, 0],
							"uv": {
								"north": {"uv": [9, 18], "uv_size": [1, 1]},
								"east": {"uv": [18, 9], "uv_size": [1, 1]},
								"south": {"uv": [10, 18], "uv_size": [1, 1]},
								"west": {"uv": [18, 10], "uv_size": [1, 1]},
								"up": {"uv": [11, 18], "uv_size": [1, 1]},
								"down": {"uv": [18, 12], "uv_size": [1, -1]}
							}
						},
						{
							"origin": [-0.23224, 5.60218, 4.4953],
							"size": [0.5, 0.79565, 0.5],
							"pivot": [-0.93224, 6, 2.9953],
							"rotation": [-22.5, 0, 0],
							"uv": {
								"north": {"uv": [6, 18], "uv_size": [1, 1]},
								"east": {"uv": [18, 6], "uv_size": [1, 1]},
								"south": {"uv": [7, 18], "uv_size": [1, 1]},
								"west": {"uv": [18, 7], "uv_size": [1, 1]},
								"up": {"uv": [8, 18], "uv_size": [1, 1]},
								"down": {"uv": [18, 9], "uv_size": [1, -1]}
							}
						},
						{
							"origin": [-0.23224, 5.60218, 0.8953],
							"size": [0.5, 0.79565, 0.5],
							"uv": {
								"north": {"uv": [3, 18], "uv_size": [1, 1]},
								"east": {"uv": [18, 3], "uv_size": [1, 1]},
								"south": {"uv": [4, 18], "uv_size": [1, 1]},
								"west": {"uv": [18, 4], "uv_size": [1, 1]},
								"up": {"uv": [5, 18], "uv_size": [1, 1]},
								"down": {"uv": [18, 6], "uv_size": [1, -1]}
							}
						},
						{
							"origin": [-0.23224, 5.60218, 4.4953],
							"size": [0.5, 0.79565, 0.5],
							"pivot": [-0.93224, 6, 2.9953],
							"rotation": [22.5, 0, 0],
							"uv": {
								"north": {"uv": [0, 18], "uv_size": [1, 1]},
								"east": {"uv": [18, 0], "uv_size": [1, 1]},
								"south": {"uv": [1, 18], "uv_size": [1, 1]},
								"west": {"uv": [18, 1], "uv_size": [1, 1]},
								"up": {"uv": [2, 18], "uv_size": [1, 1]},
								"down": {"uv": [18, 3], "uv_size": [1, -1]}
							}
						},
						{
							"origin": [-0.46804, 3.5, 2.52048],
							"size": [1, 0.5, 0.99456],
							"pivot": [0.03196, 6, 3.01776],
							"rotation": [-22.5, 0, 0],
							"uv": {
								"north": {"uv": [7, 16], "uv_size": [1, 1]},
								"east": {"uv": [16, 7], "uv_size": [1, 1]},
								"south": {"uv": [8, 16], "uv_size": [1, 1]},
								"west": {"uv": [16, 8], "uv_size": [1, 1]},
								"up": {"uv": [9, 16], "uv_size": [1, 1]},
								"down": {"uv": [16, 10], "uv_size": [1, -1]}
							}
						},
						{
							"origin": [-0.46804, 8, 2.52048],
							"size": [1, 0.5, 0.99456],
							"pivot": [0.03196, 6, 3.01776],
							"rotation": [-22.5, 0, 0],
							"uv": {
								"north": {"uv": [13, 16], "uv_size": [1, 1]},
								"east": {"uv": [16, 13], "uv_size": [1, 1]},
								"south": {"uv": [14, 16], "uv_size": [1, 1]},
								"west": {"uv": [16, 14], "uv_size": [1, 1]},
								"up": {"uv": [15, 16], "uv_size": [1, 1]},
								"down": {"uv": [16, 16], "uv_size": [1, -1]}
							}
						}
					]
				},
				{
					"name": "kanan",
					"parent": "backpack_mechanical_wing",
					"pivot": [0.02486, 5.99209, 2.9929],
					"cubes": [
						{
							"origin": [-0.23224, 6.6, 5.02326],
							"size": [0.5, 0.79565, 1.5],
							"pivot": [0.01776, 6.92319, 5.77326],
							"rotation": [37.5, 0, 0],
							"uv": {
								"north": {"uv": [11, 20], "uv_size": [1, 1]},
								"east": {"uv": [8, 10], "uv_size": [2, 1]},
								"south": {"uv": [20, 11], "uv_size": [1, 1]},
								"west": {"uv": [10, 9], "uv_size": [2, 1]},
								"up": {"uv": [5, 10], "uv_size": [1, 2]},
								"down": {"uv": [10, 12], "uv_size": [1, -2]}
							}
						},
						{
							"origin": [-0.23224, 6.93856, 4.77857],
							"size": [0.5, 0.79565, 1.5],
							"pivot": [0.01776, 7.42354, 4.53238],
							"rotation": [12.5, 0, 0],
							"uv": {
								"north": {"uv": [10, 20], "uv_size": [1, 1]},
								"east": {"uv": [9, 5], "uv_size": [2, 1]},
								"south": {"uv": [20, 10], "uv_size": [1, 1]},
								"west": {"uv": [8, 9], "uv_size": [2, 1]},
								"up": {"uv": [10, 0], "uv_size": [1, 2]},
								"down": {"uv": [4, 12], "uv_size": [1, -2]}
							}
						},
						{
							"origin": [-0.23224, 7.37268, 6.1],
							"size": [0.5, 0.79565, 1.8],
							"pivot": [0.01776, 7.77051, 6.50012],
							"rotation": [35, 0, 0],
							"uv": {
								"north": {"uv": [12, 20], "uv_size": [1, 1]},
								"east": {"uv": [11, 0], "uv_size": [2, 1]},
								"south": {"uv": [20, 12], "uv_size": [1, 1]},
								"west": {"uv": [11, 1], "uv_size": [2, 1]},
								"up": {"uv": [2, 11], "uv_size": [1, 2]},
								"down": {"uv": [3, 13], "uv_size": [1, -2]}
							}
						},
						{
							"origin": [-0.23224, 8.37311, 7.37005],
							"size": [0.5, 0.79565, 3.5],
							"pivot": [0.01776, 8.70924, 7.70719],
							"rotation": [65, 0, 0],
							"uv": {
								"north": {"uv": [13, 20], "uv_size": [1, 1]},
								"east": {"uv": [0, 0], "uv_size": [4, 1]},
								"south": {"uv": [20, 13], "uv_size": [1, 1]},
								"west": {"uv": [0, 1], "uv_size": [4, 1]},
								"up": {"uv": [0, 2], "uv_size": [1, 4]},
								"down": {"uv": [1, 6], "uv_size": [1, -4]}
							}
						},
						{
							"origin": [-0.23224, 11.08686, 7.8],
							"size": [0.5, 0.79565, 1],
							"inflate": -0.1,
							"uv": {
								"north": {"uv": [21, 20], "uv_size": [1, 1]},
								"east": {"uv": [21, 21], "uv_size": [1, 1]},
								"south": {"uv": [0, 22], "uv_size": [1, 1]},
								"west": {"uv": [22, 0], "uv_size": [1, 1]},
								"up": {"uv": [1, 22], "uv_size": [1, 1]},
								"down": {"uv": [22, 2], "uv_size": [1, -1]}
							}
						},
						{
							"origin": [-0.23224, 11.08686, 7.2],
							"size": [0.5, 0.79565, 1],
							"inflate": -0.2,
							"pivot": [0.01776, 11.48469, 8.7],
							"rotation": [5, 0, 0],
							"uv": {
								"north": {"uv": [2, 22], "uv_size": [1, 1]},
								"east": {"uv": [22, 2], "uv_size": [1, 1]},
								"south": {"uv": [3, 22], "uv_size": [1, 1]},
								"west": {"uv": [22, 3], "uv_size": [1, 1]},
								"up": {"uv": [4, 22], "uv_size": [1, 1]},
								"down": {"uv": [22, 5], "uv_size": [1, -1]}
							}
						},
						{
							"origin": [-0.23224, 11.6, 5.8],
							"size": [0.5, 0.79565, 3],
							"pivot": [0.01776, 11.70924, 8.70719],
							"rotation": [-170, 0, 0],
							"uv": {
								"north": {"uv": [14, 20], "uv_size": [1, 1]},
								"east": {"uv": [4, 0], "uv_size": [3, 1]},
								"south": {"uv": [20, 14], "uv_size": [1, 1]},
								"west": {"uv": [4, 1], "uv_size": [3, 1]},
								"up": {"uv": [4, 4], "uv_size": [1, 3]},
								"down": {"uv": [5, 7], "uv_size": [1, -3]}
							}
						},
						{
							"origin": [-0.23224, 11.6, 4],
							"size": [0.5, 0.79565, 2],
							"inflate": -0.1,
							"pivot": [0.01776, 11.70924, 8.70719],
							"rotation": [-170, 0, 0],
							"uv": {
								"north": {"uv": [21, 0], "uv_size": [1, 1]},
								"east": {"uv": [11, 10], "uv_size": [2, 1]},
								"south": {"uv": [1, 21], "uv_size": [1, 1]},
								"west": {"uv": [11, 11], "uv_size": [2, 1]},
								"up": {"uv": [9, 11], "uv_size": [1, 2]},
								"down": {"uv": [0, 14], "uv_size": [1, -2]}
							}
						},
						{
							"origin": [-0.23224, 12.15718, 11.3],
							"size": [0.5, 0.79565, 2],
							"inflate": -0.2,
							"pivot": [0.01776, 12.38136, 13.18082],
							"rotation": [177.5, 0, 0],
							"uv": {
								"north": {"uv": [21, 1], "uv_size": [1, 1]},
								"east": {"uv": [12, 2], "uv_size": [2, 1]},
								"south": {"uv": [2, 21], "uv_size": [1, 1]},
								"west": {"uv": [12, 3], "uv_size": [2, 1]},
								"up": {"uv": [1, 12], "uv_size": [1, 2]},
								"down": {"uv": [4, 14], "uv_size": [1, -2]}
							}
						},
						{
							"origin": [-0.3, 10.84159, 11.3],
							"size": [0.6, 1, 2.5],
							"inflate": -0.3,
							"pivot": [0, 11.47212, 11.62771],
							"rotation": [-160.59405, -0.77171, -3.81704],
							"uv": {
								"north": {"uv": [21, 14], "uv_size": [1, 1]},
								"east": {"uv": [7, 0], "uv_size": [3, 1]},
								"south": {"uv": [15, 21], "uv_size": [1, 1]},
								"west": {"uv": [7, 1], "uv_size": [3, 1]},
								"up": {"uv": [5, 7], "uv_size": [1, 3]},
								"down": {"uv": [7, 9], "uv_size": [1, -3]}
							}
						},
						{
							"origin": [-0.3, 11.31149, 11.20547],
							"size": [0.6, 1, 4],
							"inflate": -0.3,
							"pivot": [0, 11.81149, 13.20547],
							"rotation": [-172.5, 0, 0],
							"uv": {
								"north": {"uv": [5, 22], "uv_size": [1, 1]},
								"east": {"uv": [2, 2], "uv_size": [4, 1]},
								"south": {"uv": [22, 5], "uv_size": [1, 1]},
								"west": {"uv": [2, 3], "uv_size": [4, 1]},
								"up": {"uv": [2, 4], "uv_size": [1, 4]},
								"down": {"uv": [3, 8], "uv_size": [1, -4]}
							}
						},
						{
							"origin": [-0.23224, 11.6, 5.5],
							"size": [0.5, 0.79565, 2.5],
							"pivot": [0.01776, 11.70924, 8.70719],
							"rotation": [152.5, 0, 0],
							"uv": {
								"north": {"uv": [15, 20], "uv_size": [1, 1]},
								"east": {"uv": [6, 2], "uv_size": [3, 1]},
								"south": {"uv": [20, 15], "uv_size": [1, 1]},
								"west": {"uv": [6, 3], "uv_size": [3, 1]},
								"up": {"uv": [0, 6], "uv_size": [1, 3]},
								"down": {"uv": [1, 9], "uv_size": [1, -3]}
							}
						},
						{
							"origin": [-0.23224, 11.6, 3.6],
							"size": [0.5, 0.79565, 2],
							"inflate": -0.1,
							"pivot": [0.01776, 11.70924, 8.70719],
							"rotation": [152.5, 0, 0],
							"uv": {
								"north": {"uv": [21, 2], "uv_size": [1, 1]},
								"east": {"uv": [12, 4], "uv_size": [2, 1]},
								"south": {"uv": [3, 21], "uv_size": [1, 1]},
								"west": {"uv": [5, 12], "uv_size": [2, 1]},
								"up": {"uv": [7, 12], "uv_size": [1, 2]},
								"down": {"uv": [12, 9], "uv_size": [1, -2]}
							}
						},
						{
							"origin": [-0.23224, 11.6, 2],
							"size": [0.5, 0.79565, 2],
							"inflate": -0.2,
							"pivot": [0.01776, 11.70924, 8.70719],
							"rotation": [152.5, 0, 0],
							"uv": {
								"north": {"uv": [21, 3], "uv_size": [1, 1]},
								"east": {"uv": [12, 9], "uv_size": [2, 1]},
								"south": {"uv": [4, 21], "uv_size": [1, 1]},
								"west": {"uv": [10, 12], "uv_size": [2, 1]},
								"up": {"uv": [12, 12], "uv_size": [1, 2]},
								"down": {"uv": [13, 2], "uv_size": [1, -2]}
							}
						},
						{
							"origin": [-0.33224, 8.95167, 6.68884],
							"size": [0.6, 1.3, 3],
							"inflate": -0.3,
							"pivot": [-0.03224, 9.94369, 9.12853],
							"rotation": [165, 0, 0],
							"uv": {
								"north": {"uv": [21, 15], "uv_size": [1, 1]},
								"east": {"uv": [8, 6], "uv_size": [3, 1]},
								"south": {"uv": [16, 21], "uv_size": [1, 1]},
								"west": {"uv": [8, 7], "uv_size": [3, 1]},
								"up": {"uv": [2, 8], "uv_size": [1, 3]},
								"down": {"uv": [3, 11], "uv_size": [1, -3]}
							}
						},
						{
							"origin": [-0.33224, 8.8, 11],
							"size": [0.6, 1, 2.5],
							"inflate": -0.3,
							"pivot": [-0.03224, 9.25965, 12.00792],
							"rotation": [157.5, 0, 0],
							"uv": {
								"north": {"uv": [21, 16], "uv_size": [1, 1]},
								"east": {"uv": [8, 8], "uv_size": [3, 1]},
								"south": {"uv": [17, 21], "uv_size": [1, 1]},
								"west": {"uv": [9, 2], "uv_size": [3, 1]},
								"up": {"uv": [0, 9], "uv_size": [1, 3]},
								"down": {"uv": [1, 12], "uv_size": [1, -3]}
							}
						},
						{
							"origin": [-0.33224, 8.00165, 10.2754],
							"size": [0.6, 1, 2.2],
							"inflate": -0.3,
							"pivot": [-0.03224, 8.76047, 12.34133],
							"rotation": [164.98635, 2.41476, -0.64743],
							"uv": {
								"north": {"uv": [21, 17], "uv_size": [1, 1]},
								"east": {"uv": [6, 14], "uv_size": [2, 1]},
								"south": {"uv": [18, 21], "uv_size": [1, 1]},
								"west": {"uv": [14, 6], "uv_size": [2, 1]},
								"up": {"uv": [14, 7], "uv_size": [1, 2]},
								"down": {"uv": [8, 16], "uv_size": [1, -2]}
							}
						},
						{
							"origin": [-0.23224, 8.80296, 7.2],
							"size": [0.5, 0.79565, 2.5],
							"pivot": [0.01776, 9.66253, 8.84823],
							"rotation": [125.08937, 2.30644, 4.43745],
							"uv": {
								"north": {"uv": [16, 20], "uv_size": [1, 1]},
								"east": {"uv": [6, 4], "uv_size": [3, 1]},
								"south": {"uv": [20, 16], "uv_size": [1, 1]},
								"west": {"uv": [6, 5], "uv_size": [3, 1]},
								"up": {"uv": [6, 6], "uv_size": [1, 3]},
								"down": {"uv": [4, 10], "uv_size": [1, -3]}
							}
						},
						{
							"origin": [-0.31352, 9.65885, 5.72707],
							"size": [0.6, 1.3, 3],
							"inflate": -0.3,
							"pivot": [-0.05058, 10.0804, 8.51728],
							"rotation": [135.08937, 2.30644, 4.43745],
							"uv": {
								"north": {"uv": [21, 18], "uv_size": [1, 1]},
								"east": {"uv": [9, 3], "uv_size": [3, 1]},
								"south": {"uv": [19, 21], "uv_size": [1, 1]},
								"west": {"uv": [9, 4], "uv_size": [3, 1]},
								"up": {"uv": [6, 9], "uv_size": [1, 3]},
								"down": {"uv": [7, 12], "uv_size": [1, -3]}
							}
						},
						{
							"origin": [-0.37359, 8.31413, 8.31317],
							"size": [0.6, 1, 2.3],
							"inflate": -0.3,
							"pivot": [-0.1509, 8.35515, 10.34825],
							"rotation": [117.47766, 3.46225, 2.21783],
							"uv": {
								"north": {"uv": [21, 19], "uv_size": [1, 1]},
								"east": {"uv": [9, 14], "uv_size": [2, 1]},
								"south": {"uv": [20, 21], "uv_size": [1, 1]},
								"west": {"uv": [14, 9], "uv_size": [2, 1]},
								"up": {"uv": [14, 10], "uv_size": [1, 2]},
								"down": {"uv": [11, 16], "uv_size": [1, -2]}
							}
						},
						{
							"origin": [-0.256, 8.32038, 7.96129],
							"size": [0.5, 0.79565, 1.5],
							"inflate": -0.1,
							"pivot": [-0.04306, 8.96521, 9.60327],
							"rotation": [115.08937, 2.30644, 4.43745],
							"uv": {
								"north": {"uv": [21, 4], "uv_size": [1, 1]},
								"east": {"uv": [2, 13], "uv_size": [2, 1]},
								"south": {"uv": [5, 21], "uv_size": [1, 1]},
								"west": {"uv": [5, 13], "uv_size": [2, 1]},
								"up": {"uv": [13, 5], "uv_size": [1, 2]},
								"down": {"uv": [13, 9], "uv_size": [1, -2]}
							}
						},
						{
							"origin": [-0.35008, 6.82581, 9.86649],
							"size": [0.5, 0.79565, 1.5],
							"inflate": -0.2,
							"pivot": [-0.10008, 7.22364, 10.61649],
							"rotation": [105.08937, 2.30644, 4.43745],
							"uv": {
								"north": {"uv": [21, 5], "uv_size": [1, 1]},
								"east": {"uv": [8, 13], "uv_size": [2, 1]},
								"south": {"uv": [6, 21], "uv_size": [1, 1]},
								"west": {"uv": [10, 13], "uv_size": [2, 1]},
								"up": {"uv": [13, 10], "uv_size": [1, 2]},
								"down": {"uv": [13, 14], "uv_size": [1, -2]}
							}
						},
						{
							"origin": [-0.40743, 6.8, 8.5],
							"size": [0.5, 0.79565, 1.5],
							"pivot": [-0.15743, 7.64164, 8.3937],
							"rotation": [115.08937, 2.30644, 4.43745],
							"uv": {
								"north": {"uv": [17, 20], "uv_size": [1, 1]},
								"east": {"uv": [11, 5], "uv_size": [2, 1]},
								"south": {"uv": [20, 17], "uv_size": [1, 1]},
								"west": {"uv": [11, 6], "uv_size": [2, 1]},
								"up": {"uv": [11, 7], "uv_size": [1, 2]},
								"down": {"uv": [8, 13], "uv_size": [1, -2]}
							}
						},
						{
							"origin": [-0.40743, 6.8, 7.5],
							"size": [0.5, 0.79565, 1.5],
							"inflate": -0.1,
							"pivot": [-0.15743, 7.64164, 8.3937],
							"rotation": [107.58937, 2.30644, 4.43745],
							"uv": {
								"north": {"uv": [21, 6], "uv_size": [1, 1]},
								"east": {"uv": [0, 14], "uv_size": [2, 1]},
								"south": {"uv": [7, 21], "uv_size": [1, 1]},
								"west": {"uv": [14, 0], "uv_size": [2, 1]},
								"up": {"uv": [14, 1], "uv_size": [1, 2]},
								"down": {"uv": [2, 16], "uv_size": [1, -2]}
							}
						},
						{
							"origin": [-0.42206, 6.6, 7.5],
							"size": [0.5, 0.79565, 1.5],
							"inflate": -0.2,
							"pivot": [-0.24937, 7.21645, 8.85579],
							"rotation": [97.58937, 2.30644, 4.43745],
							"uv": {
								"north": {"uv": [21, 7], "uv_size": [1, 1]},
								"east": {"uv": [3, 14], "uv_size": [2, 1]},
								"south": {"uv": [8, 21], "uv_size": [1, 1]},
								"west": {"uv": [14, 3], "uv_size": [2, 1]},
								"up": {"uv": [14, 4], "uv_size": [1, 2]},
								"down": {"uv": [5, 16], "uv_size": [1, -2]}
							}
						},
						{
							"origin": [-0.44903, 7.3, 7.8],
							"size": [0.5, 0.79565, 1],
							"pivot": [-0.19903, 7.45053, 7.73114],
							"rotation": [90.08937, 2.30644, 4.43745],
							"uv": {
								"north": {"uv": [18, 20], "uv_size": [1, 1]},
								"east": {"uv": [20, 18], "uv_size": [1, 1]},
								"south": {"uv": [19, 20], "uv_size": [1, 1]},
								"west": {"uv": [20, 19], "uv_size": [1, 1]},
								"up": {"uv": [20, 20], "uv_size": [1, 1]},
								"down": {"uv": [0, 22], "uv_size": [1, -1]}
							}
						},
						{
							"origin": [-0.44903, 7.3, 7],
							"size": [0.5, 0.79565, 1],
							"inflate": -0.1,
							"pivot": [-0.19903, 7.45053, 7.73114],
							"rotation": [82.58937, 2.30644, 4.43745],
							"uv": {
								"north": {"uv": [21, 8], "uv_size": [1, 1]},
								"east": {"uv": [9, 21], "uv_size": [1, 1]},
								"south": {"uv": [21, 9], "uv_size": [1, 1]},
								"west": {"uv": [10, 21], "uv_size": [1, 1]},
								"up": {"uv": [21, 10], "uv_size": [1, 1]},
								"down": {"uv": [11, 22], "uv_size": [1, -1]}
							}
						},
						{
							"origin": [-0.50194, 6.47118, 6.4],
							"size": [0.5, 0.79565, 1],
							"inflate": -0.2,
							"pivot": [-0.32925, 7.00068, 7.2928],
							"rotation": [80.08937, 2.30644, 4.43745],
							"uv": {
								"north": {"uv": [21, 11], "uv_size": [1, 1]},
								"east": {"uv": [12, 21], "uv_size": [1, 1]},
								"south": {"uv": [21, 12], "uv_size": [1, 1]},
								"west": {"uv": [13, 21], "uv_size": [1, 1]},
								"up": {"uv": [21, 13], "uv_size": [1, 1]},
								"down": {"uv": [14, 22], "uv_size": [1, -1]}
							}
						}
					]
				},
				{
					"name": "kiri",
					"parent": "backpack_mechanical_wing",
					"pivot": [0.02486, 5.99209, 3.0071],
					"cubes": [
						{
							"origin": [-0.23224, 6.6, -0.52326],
							"size": [0.5, 0.79565, 1.5],
							"pivot": [0.01776, 6.92319, 0.22674],
							"rotation": [-37.5, 0, 0],
							"uv": {
								"north": {"uv": [21, 11], "uv_size": [-1, 1]},
								"east": {"uv": [10, 10], "uv_size": [-2, 1]},
								"south": {"uv": [12, 20], "uv_size": [-1, 1]},
								"west": {"uv": [12, 9], "uv_size": [-2, 1]},
								"up": {"uv": [5, 12], "uv_size": [1, -2]},
								"down": {"uv": [10, 10], "uv_size": [1, 2]}
							}
						},
						{
							"origin": [-0.23224, 6.93856, -0.27857],
							"size": [0.5, 0.79565, 1.5],
							"pivot": [0.01776, 7.42354, 1.46762],
							"rotation": [-12.5, 0, 0],
							"uv": {
								"north": {"uv": [21, 10], "uv_size": [-1, 1]},
								"east": {"uv": [11, 5], "uv_size": [-2, 1]},
								"south": {"uv": [11, 20], "uv_size": [-1, 1]},
								"west": {"uv": [10, 9], "uv_size": [-2, 1]},
								"up": {"uv": [10, 2], "uv_size": [1, -2]},
								"down": {"uv": [4, 10], "uv_size": [1, 2]}
							}
						},
						{
							"origin": [-0.23224, 7.37268, -1.9],
							"size": [0.5, 0.79565, 1.8],
							"pivot": [0.01776, 7.77051, -0.50012],
							"rotation": [-35, 0, 0],
							"uv": {
								"north": {"uv": [21, 12], "uv_size": [-1, 1]},
								"east": {"uv": [13, 0], "uv_size": [-2, 1]},
								"south": {"uv": [13, 20], "uv_size": [-1, 1]},
								"west": {"uv": [13, 1], "uv_size": [-2, 1]},
								"up": {"uv": [2, 13], "uv_size": [1, -2]},
								"down": {"uv": [3, 11], "uv_size": [1, 2]}
							}
						},
						{
							"origin": [-0.23224, 8.37311, -4.87005],
							"size": [0.5, 0.79565, 3.5],
							"pivot": [0.01776, 8.70924, -1.70719],
							"rotation": [-65, 0, 0],
							"uv": {
								"north": {"uv": [21, 13], "uv_size": [-1, 1]},
								"east": {"uv": [4, 0], "uv_size": [-4, 1]},
								"south": {"uv": [14, 20], "uv_size": [-1, 1]},
								"west": {"uv": [4, 1], "uv_size": [-4, 1]},
								"up": {"uv": [0, 6], "uv_size": [1, -4]},
								"down": {"uv": [1, 2], "uv_size": [1, 4]}
							}
						},
						{
							"origin": [-0.23224, 11.08686, -2.8],
							"size": [0.5, 0.79565, 1],
							"inflate": -0.1,
							"uv": {
								"north": {"uv": [1, 22], "uv_size": [-1, 1]},
								"east": {"uv": [22, 21], "uv_size": [-1, 1]},
								"south": {"uv": [22, 20], "uv_size": [-1, 1]},
								"west": {"uv": [23, 0], "uv_size": [-1, 1]},
								"up": {"uv": [1, 23], "uv_size": [1, -1]},
								"down": {"uv": [22, 1], "uv_size": [1, 1]}
							}
						},
						{
							"origin": [-0.23224, 11.08686, -2.2],
							"size": [0.5, 0.79565, 1],
							"inflate": -0.2,
							"pivot": [0.01776, 11.48469, -2.7],
							"rotation": [-5, 0, 0],
							"uv": {
								"north": {"uv": [4, 22], "uv_size": [-1, 1]},
								"east": {"uv": [23, 2], "uv_size": [-1, 1]},
								"south": {"uv": [3, 22], "uv_size": [-1, 1]},
								"west": {"uv": [23, 3], "uv_size": [-1, 1]},
								"up": {"uv": [4, 23], "uv_size": [1, -1]},
								"down": {"uv": [22, 4], "uv_size": [1, 1]}
							}
						},
						{
							"origin": [-0.23224, 11.6, -2.8],
							"size": [0.5, 0.79565, 3],
							"pivot": [0.01776, 11.70924, -2.70719],
							"rotation": [170, 0, 0],
							"uv": {
								"north": {"uv": [21, 14], "uv_size": [-1, 1]},
								"east": {"uv": [7, 0], "uv_size": [-3, 1]},
								"south": {"uv": [15, 20], "uv_size": [-1, 1]},
								"west": {"uv": [7, 1], "uv_size": [-3, 1]},
								"up": {"uv": [4, 7], "uv_size": [1, -3]},
								"down": {"uv": [5, 4], "uv_size": [1, 3]}
							}
						},
						{
							"origin": [-0.23224, 11.6, 0],
							"size": [0.5, 0.79565, 2],
							"inflate": -0.1,
							"pivot": [0.01776, 11.70924, -2.70719],
							"rotation": [170, 0, 0],
							"uv": {
								"north": {"uv": [2, 21], "uv_size": [-1, 1]},
								"east": {"uv": [13, 10], "uv_size": [-2, 1]},
								"south": {"uv": [22, 0], "uv_size": [-1, 1]},
								"west": {"uv": [13, 11], "uv_size": [-2, 1]},
								"up": {"uv": [9, 13], "uv_size": [1, -2]},
								"down": {"uv": [0, 12], "uv_size": [1, 2]}
							}
						},
						{
							"origin": [-0.23224, 12.15718, -7.3],
							"size": [0.5, 0.79565, 2],
							"inflate": -0.2,
							"pivot": [0.01776, 12.38136, -7.18082],
							"rotation": [-177.5, 0, 0],
							"uv": {
								"north": {"uv": [3, 21], "uv_size": [-1, 1]},
								"east": {"uv": [14, 2], "uv_size": [-2, 1]},
								"south": {"uv": [22, 1], "uv_size": [-1, 1]},
								"west": {"uv": [14, 3], "uv_size": [-2, 1]},
								"up": {"uv": [1, 14], "uv_size": [1, -2]},
								"down": {"uv": [4, 12], "uv_size": [1, 2]}
							}
						},
						{
							"origin": [-0.3, 10.84159, -7.8],
							"size": [0.6, 1, 2.5],
							"inflate": -0.3,
							"pivot": [0, 11.47212, -5.62771],
							"rotation": [160.59405, 0.77171, -3.81704],
							"uv": {
								"north": {"uv": [16, 21], "uv_size": [-1, 1]},
								"east": {"uv": [10, 0], "uv_size": [-3, 1]},
								"south": {"uv": [22, 14], "uv_size": [-1, 1]},
								"west": {"uv": [10, 1], "uv_size": [-3, 1]},
								"up": {"uv": [5, 10], "uv_size": [1, -3]},
								"down": {"uv": [7, 6], "uv_size": [1, 3]}
							}
						},
						{
							"origin": [-0.3, 11.31149, -9.20547],
							"size": [0.6, 1, 4],
							"inflate": -0.3,
							"pivot": [0, 11.81149, -7.20547],
							"rotation": [172.5, 0, 0],
							"uv": {
								"north": {"uv": [23, 5], "uv_size": [-1, 1]},
								"east": {"uv": [6, 2], "uv_size": [-4, 1]},
								"south": {"uv": [6, 22], "uv_size": [-1, 1]},
								"west": {"uv": [6, 3], "uv_size": [-4, 1]},
								"up": {"uv": [2, 8], "uv_size": [1, -4]},
								"down": {"uv": [3, 4], "uv_size": [1, 4]}
							}
						},
						{
							"origin": [-0.23224, 11.6, -2],
							"size": [0.5, 0.79565, 2.5],
							"pivot": [0.01776, 11.70924, -2.70719],
							"rotation": [-152.5, 0, 0],
							"uv": {
								"north": {"uv": [21, 15], "uv_size": [-1, 1]},
								"east": {"uv": [9, 2], "uv_size": [-3, 1]},
								"south": {"uv": [16, 20], "uv_size": [-1, 1]},
								"west": {"uv": [9, 3], "uv_size": [-3, 1]},
								"up": {"uv": [0, 9], "uv_size": [1, -3]},
								"down": {"uv": [1, 6], "uv_size": [1, 3]}
							}
						},
						{
							"origin": [-0.23224, 11.6, 0.4],
							"size": [0.5, 0.79565, 2],
							"inflate": -0.1,
							"pivot": [0.01776, 11.70924, -2.70719],
							"rotation": [-152.5, 0, 0],
							"uv": {
								"north": {"uv": [4, 21], "uv_size": [-1, 1]},
								"east": {"uv": [14, 4], "uv_size": [-2, 1]},
								"south": {"uv": [22, 2], "uv_size": [-1, 1]},
								"west": {"uv": [7, 12], "uv_size": [-2, 1]},
								"up": {"uv": [7, 14], "uv_size": [1, -2]},
								"down": {"uv": [12, 7], "uv_size": [1, 2]}
							}
						},
						{
							"origin": [-0.23224, 11.6, 2],
							"size": [0.5, 0.79565, 2],
							"inflate": -0.2,
							"pivot": [0.01776, 11.70924, -2.70719],
							"rotation": [-152.5, 0, 0],
							"uv": {
								"north": {"uv": [5, 21], "uv_size": [-1, 1]},
								"east": {"uv": [14, 9], "uv_size": [-2, 1]},
								"south": {"uv": [22, 3], "uv_size": [-1, 1]},
								"west": {"uv": [12, 12], "uv_size": [-2, 1]},
								"up": {"uv": [12, 14], "uv_size": [1, -2]},
								"down": {"uv": [13, 0], "uv_size": [1, 2]}
							}
						},
						{
							"origin": [-0.33224, 8.95167, -3.68884],
							"size": [0.6, 1.3, 3],
							"inflate": -0.3,
							"pivot": [-0.03224, 9.94369, -3.12853],
							"rotation": [-165, 0, 0],
							"uv": {
								"north": {"uv": [17, 21], "uv_size": [-1, 1]},
								"east": {"uv": [11, 6], "uv_size": [-3, 1]},
								"south": {"uv": [22, 15], "uv_size": [-1, 1]},
								"west": {"uv": [11, 7], "uv_size": [-3, 1]},
								"up": {"uv": [2, 11], "uv_size": [1, -3]},
								"down": {"uv": [3, 8], "uv_size": [1, 3]}
							}
						},
						{
							"origin": [-0.33224, 8.8, -7.5],
							"size": [0.6, 1, 2.5],
							"inflate": -0.3,
							"pivot": [-0.03224, 9.25965, -6.00792],
							"rotation": [-157.5, 0, 0],
							"uv": {
								"north": {"uv": [18, 21], "uv_size": [-1, 1]},
								"east": {"uv": [11, 8], "uv_size": [-3, 1]},
								"south": {"uv": [22, 16], "uv_size": [-1, 1]},
								"west": {"uv": [12, 2], "uv_size": [-3, 1]},
								"up": {"uv": [0, 12], "uv_size": [1, -3]},
								"down": {"uv": [1, 9], "uv_size": [1, 3]}
							}
						},
						{
							"origin": [-0.33224, 8.00165, -6.4754],
							"size": [0.6, 1, 2.2],
							"inflate": -0.3,
							"pivot": [-0.03224, 8.76047, -6.34133],
							"rotation": [-164.98635, -2.41476, -0.64743],
							"uv": {
								"north": {"uv": [19, 21], "uv_size": [-1, 1]},
								"east": {"uv": [8, 14], "uv_size": [-2, 1]},
								"south": {"uv": [22, 17], "uv_size": [-1, 1]},
								"west": {"uv": [16, 6], "uv_size": [-2, 1]},
								"up": {"uv": [14, 9], "uv_size": [1, -2]},
								"down": {"uv": [8, 14], "uv_size": [1, 2]}
							}
						},
						{
							"origin": [-0.23224, 8.80296, -3.7],
							"size": [0.5, 0.79565, 2.5],
							"pivot": [0.01776, 9.66253, -2.84823],
							"rotation": [-125.08937, -2.30644, 4.43745],
							"uv": {
								"north": {"uv": [21, 16], "uv_size": [-1, 1]},
								"east": {"uv": [9, 4], "uv_size": [-3, 1]},
								"south": {"uv": [17, 20], "uv_size": [-1, 1]},
								"west": {"uv": [9, 5], "uv_size": [-3, 1]},
								"up": {"uv": [6, 9], "uv_size": [1, -3]},
								"down": {"uv": [4, 7], "uv_size": [1, 3]}
							}
						},
						{
							"origin": [-0.31352, 9.65885, -2.72707],
							"size": [0.6, 1.3, 3],
							"inflate": -0.3,
							"pivot": [-0.05058, 10.0804, -2.51728],
							"rotation": [-135.08937, -2.30644, 4.43745],
							"uv": {
								"north": {"uv": [20, 21], "uv_size": [-1, 1]},
								"east": {"uv": [12, 3], "uv_size": [-3, 1]},
								"south": {"uv": [22, 18], "uv_size": [-1, 1]},
								"west": {"uv": [12, 4], "uv_size": [-3, 1]},
								"up": {"uv": [6, 12], "uv_size": [1, -3]},
								"down": {"uv": [7, 9], "uv_size": [1, 3]}
							}
						},
						{
							"origin": [-0.37359, 8.31413, -4.61317],
							"size": [0.6, 1, 2.3],
							"inflate": -0.3,
							"pivot": [-0.1509, 8.35515, -4.34825],
							"rotation": [-117.47766, -3.46225, 2.21783],
							"uv": {
								"north": {"uv": [21, 21], "uv_size": [-1, 1]},
								"east": {"uv": [11, 14], "uv_size": [-2, 1]},
								"south": {"uv": [22, 19], "uv_size": [-1, 1]},
								"west": {"uv": [16, 9], "uv_size": [-2, 1]},
								"up": {"uv": [14, 12], "uv_size": [1, -2]},
								"down": {"uv": [11, 14], "uv_size": [1, 2]}
							}
						},
						{
							"origin": [-0.256, 8.32038, -3.46129],
							"size": [0.5, 0.79565, 1.5],
							"inflate": -0.1,
							"pivot": [-0.04306, 8.96521, -3.60327],
							"rotation": [-115.08937, -2.30644, 4.43745],
							"uv": {
								"north": {"uv": [6, 21], "uv_size": [-1, 1]},
								"east": {"uv": [4, 13], "uv_size": [-2, 1]},
								"south": {"uv": [22, 4], "uv_size": [-1, 1]},
								"west": {"uv": [7, 13], "uv_size": [-2, 1]},
								"up": {"uv": [13, 7], "uv_size": [1, -2]},
								"down": {"uv": [13, 7], "uv_size": [1, 2]}
							}
						},
						{
							"origin": [-0.35008, 6.82581, -5.36649],
							"size": [0.5, 0.79565, 1.5],
							"inflate": -0.2,
							"pivot": [-0.10008, 7.22364, -4.61649],
							"rotation": [-105.08937, -2.30644, 4.43745],
							"uv": {
								"north": {"uv": [7, 21], "uv_size": [-1, 1]},
								"east": {"uv": [10, 13], "uv_size": [-2, 1]},
								"south": {"uv": [22, 5], "uv_size": [-1, 1]},
								"west": {"uv": [12, 13], "uv_size": [-2, 1]},
								"up": {"uv": [13, 12], "uv_size": [1, -2]},
								"down": {"uv": [13, 12], "uv_size": [1, 2]}
							}
						},
						{
							"origin": [-0.40743, 6.8, -4],
							"size": [0.5, 0.79565, 1.5],
							"pivot": [-0.15743, 7.64164, -2.3937],
							"rotation": [-115.08937, -2.30644, 4.43745],
							"uv": {
								"north": {"uv": [21, 17], "uv_size": [-1, 1]},
								"east": {"uv": [13, 5], "uv_size": [-2, 1]},
								"south": {"uv": [18, 20], "uv_size": [-1, 1]},
								"west": {"uv": [13, 6], "uv_size": [-2, 1]},
								"up": {"uv": [11, 9], "uv_size": [1, -2]},
								"down": {"uv": [8, 11], "uv_size": [1, 2]}
							}
						},
						{
							"origin": [-0.40743, 6.8, -3],
							"size": [0.5, 0.79565, 1.5],
							"inflate": -0.1,
							"pivot": [-0.15743, 7.64164, -2.3937],
							"rotation": [-107.58937, -2.30644, 4.43745],
							"uv": {
								"north": {"uv": [8, 21], "uv_size": [-1, 1]},
								"east": {"uv": [2, 14], "uv_size": [-2, 1]},
								"south": {"uv": [22, 6], "uv_size": [-1, 1]},
								"west": {"uv": [16, 0], "uv_size": [-2, 1]},
								"up": {"uv": [14, 3], "uv_size": [1, -2]},
								"down": {"uv": [2, 14], "uv_size": [1, 2]}
							}
						},
						{
							"origin": [-0.42206, 6.6, -3],
							"size": [0.5, 0.79565, 1.5],
							"inflate": -0.2,
							"pivot": [-0.24937, 7.21645, -2.85579],
							"rotation": [-97.58937, -2.30644, 4.43745],
							"uv": {
								"north": {"uv": [9, 21], "uv_size": [-1, 1]},
								"east": {"uv": [5, 14], "uv_size": [-2, 1]},
								"south": {"uv": [22, 7], "uv_size": [-1, 1]},
								"west": {"uv": [16, 3], "uv_size": [-2, 1]},
								"up": {"uv": [14, 6], "uv_size": [1, -2]},
								"down": {"uv": [5, 14], "uv_size": [1, 2]}
							}
						},
						{
							"origin": [-0.44903, 7.3, -2.8],
							"size": [0.5, 0.79565, 1],
							"pivot": [-0.19903, 7.45053, -1.73114],
							"rotation": [-90.08937, -2.30644, 4.43745],
							"uv": {
								"north": {"uv": [20, 20], "uv_size": [-1, 1]},
								"east": {"uv": [21, 18], "uv_size": [-1, 1]},
								"south": {"uv": [19, 20], "uv_size": [-1, 1]},
								"west": {"uv": [21, 19], "uv_size": [-1, 1]},
								"up": {"uv": [20, 21], "uv_size": [1, -1]},
								"down": {"uv": [0, 21], "uv_size": [1, 1]}
							}
						},
						{
							"origin": [-0.44903, 7.3, -2],
							"size": [0.5, 0.79565, 1],
							"inflate": -0.1,
							"pivot": [-0.19903, 7.45053, -1.73114],
							"rotation": [-82.58937, -2.30644, 4.43745],
							"uv": {
								"north": {"uv": [22, 9], "uv_size": [-1, 1]},
								"east": {"uv": [10, 21], "uv_size": [-1, 1]},
								"south": {"uv": [22, 8], "uv_size": [-1, 1]},
								"west": {"uv": [11, 21], "uv_size": [-1, 1]},
								"up": {"uv": [21, 11], "uv_size": [1, -1]},
								"down": {"uv": [11, 21], "uv_size": [1, 1]}
							}
						},
						{
							"origin": [-0.50194, 6.47118, -1.4],
							"size": [0.5, 0.79565, 1],
							"inflate": -0.2,
							"pivot": [-0.32925, 7.00068, -1.2928],
							"rotation": [-80.08937, -2.30644, 4.43745],
							"uv": {
								"north": {"uv": [22, 12], "uv_size": [-1, 1]},
								"east": {"uv": [13, 21], "uv_size": [-1, 1]},
								"south": {"uv": [22, 11], "uv_size": [-1, 1]},
								"west": {"uv": [14, 21], "uv_size": [-1, 1]},
								"up": {"uv": [21, 14], "uv_size": [1, -1]},
								"down": {"uv": [14, 21], "uv_size": [1, 1]}
							}
						}
					]
				}
			]
		}
	]
}