{
	"format_version": "1.12.0",
	"minecraft:geometry": [
		{
			"description": {
				"identifier": "geometry.backpack_normal",
				"texture_width": 32,
				"texture_height": 32,
				"visible_bounds_width": 3,
				"visible_bounds_height": 3,
				"visible_bounds_offset": [0, 0.5, 0]
			},
			"bones": [
				{
					"name": "root",
					"pivot": [0, 0, 0]
				},
				{
					"name": "waist",
					"parent": "root",
					"pivot": [0, -2, 0]
				},
				{
					"name": "body",
					"parent": "waist",
					"pivot": [0, -2, 0]
				},
				{
					"name": "backpack",
					"parent": "body",
					"pivot": [-0.00625, 4.73125, 2.5875],
					"cubes": [
						{
							"origin": [-3.6, 0.4, -0.8],
							"size": [0.3, 1, 2.7],
							"inflate": 0.1,
							"uv": {
								"north": {"uv": [6, 25], "uv_size": [0.25, 1]},
								"east": {"uv": [11, 21], "uv_size": [3, 1]},
								"south": {"uv": [9, 25], "uv_size": [0.25, 1]},
								"west": {"uv": [22, 10], "uv_size": [3, 1]},
								"up": {"uv": [13, 23], "uv_size": [0.25, 3]},
								"down": {"uv": [21, 26], "uv_size": [0.25, -3]}
							}
						},
						{
							"origin": [3.3, 0.4, -0.8],
							"size": [0.3, 1, 2.7],
							"inflate": 0.1,
							"uv": {
								"north": {"uv": [10, 25], "uv_size": [0.25, 1]},
								"east": {"uv": [11, 22], "uv_size": [3, 1]},
								"south": {"uv": [25, 10], "uv_size": [0.25, 1]},
								"west": {"uv": [22, 11], "uv_size": [3, 1]},
								"up": {"uv": [22, 23], "uv_size": [0.25, 3]},
								"down": {"uv": [23, 25], "uv_size": [0.25, -3]}
							}
						},
						{
							"origin": [-3.7, 0.4, 2],
							"size": [7.3, 8.5, 2],
							"inflate": 0.1,
							"uv": {
								"north": {"uv": [0, 10], "uv_size": [7.25, 8.5]},
								"east": {"uv": [18, 0], "uv_size": [2, 8.5]},
								"south": {"uv": [8, 10], "uv_size": [7.25, 8.5]},
								"west": {"uv": [16, 18], "uv_size": [2, 8.5]},
								"up": {"uv": [18, 18], "uv_size": [7.25, 2]},
								"down": {"uv": [0, 21], "uv_size": [7.25, -2]}
							}
						},
						{
							"origin": [-4.3, -0.3, 4],
							"size": [8.5, 9.5, 1],
							"inflate": -0.9,
							"uv": {
								"north": {"uv": [0, 0], "uv_size": [8.5, 9.5]},
								"east": {"uv": [14, 19], "uv_size": [1, 9.5]},
								"south": {"uv": [9, 0], "uv_size": [8.5, 9.5]},
								"west": {"uv": [15, 19], "uv_size": [1, 9.5]},
								"up": {"uv": [18, 9], "uv_size": [8.5, 1]},
								"down": {"uv": [20, 3], "uv_size": [8.5, -1]}
							}
						},
						{
							"origin": [-3, 5.8, 5],
							"size": [6, 2, 1],
							"inflate": 0.1,
							"uv": {
								"north": {"uv": [8, 19], "uv_size": [6, 2]},
								"east": {"uv": [5, 23], "uv_size": [1, 2]},
								"south": {"uv": [20, 0], "uv_size": [6, 2]},
								"west": {"uv": [6, 23], "uv_size": [1, 2]},
								"up": {"uv": [20, 3], "uv_size": [6, 1]},
								"down": {"uv": [20, 5], "uv_size": [6, -1]}
							}
						},
						{
							"origin": [-3, 1, 5],
							"size": [6, 4, 1],
							"inflate": 0.1,
							"uv": {
								"north": {"uv": [16, 10], "uv_size": [6, 4]},
								"east": {"uv": [9, 21], "uv_size": [1, 4]},
								"south": {"uv": [16, 14], "uv_size": [6, 4]},
								"west": {"uv": [10, 21], "uv_size": [1, 4]},
								"up": {"uv": [20, 5], "uv_size": [6, 1]},
								"down": {"uv": [20, 7], "uv_size": [6, -1]}
							}
						},
						{
							"origin": [-3, 1.6, 6.2],
							"size": [6, 0.8, 0],
							"inflate": 0.1,
							"uv": {
								"north": {"uv": [20, 7], "uv_size": [6, 0.75]},
								"east": {"uv": [0, 0], "uv_size": [0, 0.75]},
								"south": {"uv": [20, 8], "uv_size": [6, 0.75]},
								"west": {"uv": [0, 0], "uv_size": [0, 0.75]},
								"up": {"uv": [0, 0], "uv_size": [6, 0]},
								"down": {"uv": [0, 0], "uv_size": [6, 0]}
							}
						},
						{
							"origin": [-3, 3.4, 6.2],
							"size": [6, 0.8, 0],
							"inflate": 0.1,
							"uv": {
								"north": {"uv": [3, 21], "uv_size": [6, 0.75]},
								"east": {"uv": [0, 0], "uv_size": [0, 0.75]},
								"south": {"uv": [21, 20], "uv_size": [6, 0.75]},
								"west": {"uv": [0, 0], "uv_size": [0, 0.75]},
								"up": {"uv": [0, 0], "uv_size": [6, 0]},
								"down": {"uv": [0, 0], "uv_size": [6, 0]}
							}
						},
						{
							"origin": [-3, 6.4, 6.2],
							"size": [6, 0.8, 0],
							"inflate": 0.1,
							"uv": {
								"north": {"uv": [21, 21], "uv_size": [6, 0.75]},
								"east": {"uv": [0, 0], "uv_size": [0, 0.75]},
								"south": {"uv": [3, 22], "uv_size": [6, 0.75]},
								"west": {"uv": [0, 0], "uv_size": [0, 0.75]},
								"up": {"uv": [0, 0], "uv_size": [6, 0]},
								"down": {"uv": [0, 0], "uv_size": [6, 0]}
							}
						},
						{
							"origin": [-0.4, 1, 6.2],
							"size": [0.8, 6.8, 0],
							"inflate": 0.1,
							"uv": {
								"north": {"uv": [1, 21], "uv_size": [0.75, 6.75]},
								"east": {"uv": [0, 0], "uv_size": [0, 6.75]},
								"south": {"uv": [2, 21], "uv_size": [0.75, 6.75]},
								"west": {"uv": [0, 0], "uv_size": [0, 6.75]},
								"up": {"uv": [0, 0], "uv_size": [0.75, 0]},
								"down": {"uv": [0, 0], "uv_size": [0.75, 0]}
							}
						},
						{
							"origin": [-3.6, 0.4, -2],
							"size": [0.3, 6.4, 1],
							"inflate": 0.1,
							"uv": {
								"north": {"uv": [7, 23], "uv_size": [0.25, 7]},
								"east": {"uv": [18, 20], "uv_size": [1, 7]},
								"south": {"uv": [8, 23], "uv_size": [0.25, 7]},
								"west": {"uv": [19, 20], "uv_size": [1, 7]},
								"up": {"uv": [25, 11], "uv_size": [0.25, 1]},
								"down": {"uv": [25, 13], "uv_size": [0.25, -1]}
							}
						},
						{
							"origin": [3.3, 0.4, -2],
							"size": [0.3, 6.4, 1],
							"inflate": 0.1,
							"uv": {
								"north": {"uv": [11, 23], "uv_size": [0.25, 7]},
								"east": {"uv": [20, 20], "uv_size": [1, 7]},
								"south": {"uv": [12, 23], "uv_size": [0.25, 7]},
								"west": {"uv": [0, 21], "uv_size": [1, 7]},
								"up": {"uv": [25, 13], "uv_size": [0.25, 1]},
								"down": {"uv": [25, 15], "uv_size": [0.25, -1]}
							}
						},
						{
							"origin": [-3.6, 7.4, 0],
							"size": [0.3, 1, 2],
							"inflate": 0.1,
							"uv": {
								"north": {"uv": [25, 15], "uv_size": [0.25, 1]},
								"east": {"uv": [22, 12], "uv_size": [2, 1]},
								"south": {"uv": [25, 16], "uv_size": [0.25, 1]},
								"west": {"uv": [22, 13], "uv_size": [2, 1]},
								"up": {"uv": [3, 24], "uv_size": [0.25, 2]},
								"down": {"uv": [4, 26], "uv_size": [0.25, -2]}
							}
						},
						{
							"origin": [-3.6, 7, -2],
							"size": [0.3, 1, 2],
							"inflate": 0.1,
							"uv": {
								"north": {"uv": [23, 25], "uv_size": [0.25, 1]},
								"east": {"uv": [22, 16], "uv_size": [2, 1]},
								"south": {"uv": [25, 23], "uv_size": [0.25, 1]},
								"west": {"uv": [22, 17], "uv_size": [2, 1]},
								"up": {"uv": [24, 16], "uv_size": [0.25, 2]},
								"down": {"uv": [24, 24], "uv_size": [0.25, -2]}
							}
						},
						{
							"origin": [3.3, 7.4, 0],
							"size": [0.3, 1, 2],
							"inflate": 0.1,
							"uv": {
								"north": {"uv": [25, 17], "uv_size": [0.25, 1]},
								"east": {"uv": [22, 14], "uv_size": [2, 1]},
								"south": {"uv": [25, 22], "uv_size": [0.25, 1]},
								"west": {"uv": [22, 15], "uv_size": [2, 1]},
								"up": {"uv": [24, 12], "uv_size": [0.25, 2]},
								"down": {"uv": [24, 16], "uv_size": [0.25, -2]}
							}
						},
						{
							"origin": [3.3, 7, -2],
							"size": [0.3, 1, 2],
							"inflate": 0.1,
							"uv": {
								"north": {"uv": [25, 24], "uv_size": [0.25, 1]},
								"east": {"uv": [21, 22], "uv_size": [2, 1]},
								"south": {"uv": [25, 25], "uv_size": [0.25, 1]},
								"west": {"uv": [3, 23], "uv_size": [2, 1]},
								"up": {"uv": [24, 24], "uv_size": [0.25, 2]},
								"down": {"uv": [5, 27], "uv_size": [0.25, -2]}
							}
						}
					]
				}
			]
		}
	]
}