{
	"format_version": "1.12.0",
	"minecraft:geometry": [
		{
			"description": {
				"identifier": "geometry.backpack_muter",
				"texture_width": 32,
				"texture_height": 32,
				"visible_bounds_width": 3,
				"visible_bounds_height": 3,
				"visible_bounds_offset": [0, 0.5, 0]
			},
			"bones": [
				{
					"name": "root",
					"pivot": [0, 0, 0]
				},
				{
					"name": "waist",
					"parent": "root",
					"pivot": [0, -2, 0]
				},
				{
					"name": "body",
					"parent": "waist",
					"pivot": [0, -2, 0]
				},
				{
					"name": "backpack_muter",
					"parent": "body",
					"pivot": [0.0158, 4.00285, -0.27588],
					"cubes": [
						{
							"origin": [1.41485, 6.51751, -1.8827],
							"size": [1, 0.4, 1.5],
							"pivot": [1.91485, 6.71751, -1.1327],
							"rotation": [19.33349, -5.0367, 0.448],
							"uv": {
								"north": {"uv": [27, 4], "uv_size": [1, 1]},
								"east": {"uv": [22, 5], "uv_size": [2, 1]},
								"south": {"uv": [27, 5], "uv_size": [1, 1]},
								"west": {"uv": [22, 6], "uv_size": [2, 1]},
								"up": {"uv": [23, 2], "uv_size": [1, 2]},
								"down": {"uv": [23, 10], "uv_size": [1, -2]}
							}
						},
						{
							"origin": [1.50439, 5.74799, -2.96684],
							"size": [1, 0.4, 1.5],
							"pivot": [2.00439, 5.94799, -2.21684],
							"rotation": [51.83349, -5.0367, 0.448],
							"uv": {
								"north": {"uv": [27, 6], "uv_size": [1, 1]},
								"east": {"uv": [22, 11], "uv_size": [2, 1]},
								"south": {"uv": [27, 7], "uv_size": [1, 1]},
								"west": {"uv": [23, 10], "uv_size": [2, 1]},
								"up": {"uv": [23, 13], "uv_size": [1, 2]},
								"down": {"uv": [23, 22], "uv_size": [1, -2]}
							}
						},
						{
							"origin": [1.53653, 4.52442, -3.44012],
							"size": [1, 0.4, 1.5],
							"pivot": [2.03653, 4.72442, -2.69012],
							"rotation": [86.83349, -5.0367, 0.448],
							"uv": {
								"north": {"uv": [8, 27], "uv_size": [1, 1]},
								"east": {"uv": [23, 15], "uv_size": [2, 1]},
								"south": {"uv": [27, 8], "uv_size": [1, 1]},
								"west": {"uv": [21, 23], "uv_size": [2, 1]},
								"up": {"uv": [23, 22], "uv_size": [1, 2]},
								"down": {"uv": [24, 2], "uv_size": [1, -2]}
							}
						},
						{
							"origin": [1.17238, 6.51941, 0.84197],
							"size": [1, 0.4, 1.5],
							"pivot": [1.67238, 6.71941, 1.59197],
							"rotation": [-19.5, -5.03671, 0.44802],
							"uv": {
								"north": {"uv": [9, 27], "uv_size": [1, 1]},
								"east": {"uv": [24, 2], "uv_size": [2, 1]},
								"south": {"uv": [10, 27], "uv_size": [1, 1]},
								"west": {"uv": [24, 3], "uv_size": [2, 1]},
								"up": {"uv": [24, 5], "uv_size": [1, 2]},
								"down": {"uv": [24, 9], "uv_size": [1, -2]}
							}
						},
						{
							"origin": [1.29552, 6.74996, -0.53469],
							"size": [1, 0.4, 1.5],
							"pivot": [1.79552, 6.94996, 0.21531],
							"rotation": [0, -5.03671, 0.44802],
							"uv": {
								"north": {"uv": [27, 10], "uv_size": [1, 1]},
								"east": {"uv": [24, 9], "uv_size": [2, 1]},
								"south": {"uv": [11, 27], "uv_size": [1, 1]},
								"west": {"uv": [10, 24], "uv_size": [2, 1]},
								"up": {"uv": [24, 11], "uv_size": [1, 2]},
								"down": {"uv": [24, 15], "uv_size": [1, -2]}
							}
						},
						{
							"origin": [1.53653, 3.07558, -3.44012],
							"size": [1, 0.4, 1.5],
							"pivot": [2.03653, 3.27558, -2.69012],
							"rotation": [-86.83349, -5.0367, -0.448],
							"uv": {
								"north": {"uv": [27, 11], "uv_size": [1, 1]},
								"east": {"uv": [15, 24], "uv_size": [2, 1]},
								"south": {"uv": [12, 27], "uv_size": [1, 1]},
								"west": {"uv": [24, 16], "uv_size": [2, 1]},
								"up": {"uv": [24, 17], "uv_size": [1, 2]},
								"down": {"uv": [18, 26], "uv_size": [1, -2]}
							}
						},
						{
							"origin": [1.29552, 0.85004, -0.53469],
							"size": [1, 0.4, 1.5],
							"pivot": [1.79552, 1.05004, 0.21531],
							"rotation": [0, -5.03671, -0.44802],
							"uv": {
								"north": {"uv": [27, 12], "uv_size": [1, 1]},
								"east": {"uv": [19, 24], "uv_size": [2, 1]},
								"south": {"uv": [13, 27], "uv_size": [1, 1]},
								"west": {"uv": [24, 19], "uv_size": [2, 1]},
								"up": {"uv": [24, 20], "uv_size": [1, 2]},
								"down": {"uv": [21, 26], "uv_size": [1, -2]}
							}
						},
						{
							"origin": [1.50439, 1.85201, -2.96684],
							"size": [1, 0.4, 1.5],
							"pivot": [2.00439, 2.05201, -2.21684],
							"rotation": [-51.83349, -5.0367, -0.448],
							"uv": {
								"north": {"uv": [27, 13], "uv_size": [1, 1]},
								"east": {"uv": [22, 24], "uv_size": [2, 1]},
								"south": {"uv": [14, 27], "uv_size": [1, 1]},
								"west": {"uv": [24, 22], "uv_size": [2, 1]},
								"up": {"uv": [24, 23], "uv_size": [1, 2]},
								"down": {"uv": [25, 2], "uv_size": [1, -2]}
							}
						},
						{
							"origin": [1.41485, 1.08249, -1.8827],
							"size": [1, 0.4, 1.5],
							"pivot": [1.91485, 1.28249, -1.1327],
							"rotation": [-19.33349, -5.0367, -0.448],
							"uv": {
								"north": {"uv": [15, 27], "uv_size": [1, 1]},
								"east": {"uv": [2, 25], "uv_size": [2, 1]},
								"south": {"uv": [27, 15], "uv_size": [1, 1]},
								"west": {"uv": [25, 4], "uv_size": [2, 1]},
								"up": {"uv": [4, 25], "uv_size": [1, 2]},
								"down": {"uv": [25, 7], "uv_size": [1, -2]}
							}
						},
						{
							"origin": [1.17238, 1.08059, 0.84197],
							"size": [1, 0.4, 1.5],
							"pivot": [1.67238, 1.28059, 1.59197],
							"rotation": [19.5, -5.03671, -0.44802],
							"uv": {
								"north": {"uv": [16, 27], "uv_size": [1, 1]},
								"east": {"uv": [25, 7], "uv_size": [2, 1]},
								"south": {"uv": [27, 16], "uv_size": [1, 1]},
								"west": {"uv": [8, 25], "uv_size": [2, 1]},
								"up": {"uv": [10, 25], "uv_size": [1, 2]},
								"down": {"uv": [25, 12], "uv_size": [1, -2]}
							}
						},
						{
							"origin": [1.08701, 1.5, 2.21895],
							"size": [1, 0.4, 1],
							"pivot": [1.58701, 1.61374, 2.53097],
							"rotation": [42, -5.03671, -0.44802],
							"uv": {
								"north": {"uv": [17, 27], "uv_size": [1, 1]},
								"east": {"uv": [27, 17], "uv_size": [1, 1]},
								"south": {"uv": [27, 18], "uv_size": [1, 1]},
								"west": {"uv": [19, 27], "uv_size": [1, 1]},
								"up": {"uv": [27, 19], "uv_size": [1, 1]},
								"down": {"uv": [20, 28], "uv_size": [1, -1]}
							}
						},
						{
							"origin": [1.0058, 3, -5.88105],
							"size": [1, 0.4, 1],
							"pivot": [1.58701, -5.61374, 2.53097],
							"rotation": [-42, -5.03671, 0.44802],
							"uv": {
								"north": {"uv": [27, 20], "uv_size": [1, 1]},
								"east": {"uv": [27, 21], "uv_size": [1, 1]},
								"south": {"uv": [22, 27], "uv_size": [1, 1]},
								"west": {"uv": [27, 22], "uv_size": [1, 1]},
								"up": {"uv": [23, 27], "uv_size": [1, 1]},
								"down": {"uv": [27, 24], "uv_size": [1, -1]}
							}
						},
						{
							"origin": [-2.38325, 6.51751, -1.8827],
							"size": [1, 0.4, 1.5],
							"pivot": [-1.88325, 6.71751, -1.1327],
							"rotation": [19.33349, 5.0367, -0.448],
							"uv": {
								"north": {"uv": [28, 4], "uv_size": [-1, 1]},
								"east": {"uv": [24, 6], "uv_size": [-2, 1]},
								"south": {"uv": [28, 5], "uv_size": [-1, 1]},
								"west": {"uv": [24, 5], "uv_size": [-2, 1]},
								"up": {"uv": [24, 2], "uv_size": [-1, 2]},
								"down": {"uv": [24, 10], "uv_size": [-1, -2]}
							}
						},
						{
							"origin": [-2.47279, 5.74799, -2.96684],
							"size": [1, 0.4, 1.5],
							"pivot": [-1.97279, 5.94799, -2.21684],
							"rotation": [51.83349, 5.0367, -0.448],
							"uv": {
								"north": {"uv": [28, 6], "uv_size": [-1, 1]},
								"east": {"uv": [25, 10], "uv_size": [-2, 1]},
								"south": {"uv": [28, 7], "uv_size": [-1, 1]},
								"west": {"uv": [24, 11], "uv_size": [-2, 1]},
								"up": {"uv": [24, 13], "uv_size": [-1, 2]},
								"down": {"uv": [24, 22], "uv_size": [-1, -2]}
							}
						},
						{
							"origin": [-2.50493, 4.52442, -3.44012],
							"size": [1, 0.4, 1.5],
							"pivot": [-2.00493, 4.72442, -2.69012],
							"rotation": [86.83349, 5.0367, -0.448],
							"uv": {
								"north": {"uv": [9, 27], "uv_size": [-1, 1]},
								"east": {"uv": [23, 23], "uv_size": [-2, 1]},
								"south": {"uv": [28, 8], "uv_size": [-1, 1]},
								"west": {"uv": [25, 15], "uv_size": [-2, 1]},
								"up": {"uv": [24, 22], "uv_size": [-1, 2]},
								"down": {"uv": [25, 2], "uv_size": [-1, -2]}
							}
						},
						{
							"origin": [-2.14078, 6.51941, 0.84197],
							"size": [1, 0.4, 1.5],
							"pivot": [-1.64078, 6.71941, 1.59197],
							"rotation": [-19.5, 5.03671, -0.44802],
							"uv": {
								"north": {"uv": [10, 27], "uv_size": [-1, 1]},
								"east": {"uv": [26, 3], "uv_size": [-2, 1]},
								"south": {"uv": [11, 27], "uv_size": [-1, 1]},
								"west": {"uv": [26, 2], "uv_size": [-2, 1]},
								"up": {"uv": [25, 5], "uv_size": [-1, 2]},
								"down": {"uv": [25, 9], "uv_size": [-1, -2]}
							}
						},
						{
							"origin": [-2.26392, 6.74996, -0.53469],
							"size": [1, 0.4, 1.5],
							"pivot": [-1.76392, 6.94996, 0.21531],
							"rotation": [0, 5.03671, -0.44802],
							"uv": {
								"north": {"uv": [28, 10], "uv_size": [-1, 1]},
								"east": {"uv": [12, 24], "uv_size": [-2, 1]},
								"south": {"uv": [12, 27], "uv_size": [-1, 1]},
								"west": {"uv": [26, 9], "uv_size": [-2, 1]},
								"up": {"uv": [25, 11], "uv_size": [-1, 2]},
								"down": {"uv": [25, 15], "uv_size": [-1, -2]}
							}
						},
						{
							"origin": [-2.50493, 3.07558, -3.44012],
							"size": [1, 0.4, 1.5],
							"pivot": [-2.00493, 3.27558, -2.69012],
							"rotation": [-86.83349, 5.0367, 0.448],
							"uv": {
								"north": {"uv": [28, 11], "uv_size": [-1, 1]},
								"east": {"uv": [26, 16], "uv_size": [-2, 1]},
								"south": {"uv": [13, 27], "uv_size": [-1, 1]},
								"west": {"uv": [17, 24], "uv_size": [-2, 1]},
								"up": {"uv": [25, 17], "uv_size": [-1, 2]},
								"down": {"uv": [19, 26], "uv_size": [-1, -2]}
							}
						},
						{
							"origin": [-2.26392, 0.85004, -0.53469],
							"size": [1, 0.4, 1.5],
							"pivot": [-1.76392, 1.05004, 0.21531],
							"rotation": [0, 5.03671, 0.44802],
							"uv": {
								"north": {"uv": [28, 12], "uv_size": [-1, 1]},
								"east": {"uv": [26, 19], "uv_size": [-2, 1]},
								"south": {"uv": [14, 27], "uv_size": [-1, 1]},
								"west": {"uv": [21, 24], "uv_size": [-2, 1]},
								"up": {"uv": [25, 20], "uv_size": [-1, 2]},
								"down": {"uv": [22, 26], "uv_size": [-1, -2]}
							}
						},
						{
							"origin": [-2.47279, 1.85201, -2.96684],
							"size": [1, 0.4, 1.5],
							"pivot": [-1.97279, 2.05201, -2.21684],
							"rotation": [-51.83349, 5.0367, 0.448],
							"uv": {
								"north": {"uv": [28, 13], "uv_size": [-1, 1]},
								"east": {"uv": [26, 22], "uv_size": [-2, 1]},
								"south": {"uv": [15, 27], "uv_size": [-1, 1]},
								"west": {"uv": [24, 24], "uv_size": [-2, 1]},
								"up": {"uv": [25, 23], "uv_size": [-1, 2]},
								"down": {"uv": [26, 2], "uv_size": [-1, -2]}
							}
						},
						{
							"origin": [-2.38325, 1.08249, -1.8827],
							"size": [1, 0.4, 1.5],
							"pivot": [-1.88325, 1.28249, -1.1327],
							"rotation": [-19.33349, 5.0367, 0.448],
							"uv": {
								"north": {"uv": [16, 27], "uv_size": [-1, 1]},
								"east": {"uv": [27, 4], "uv_size": [-2, 1]},
								"south": {"uv": [28, 15], "uv_size": [-1, 1]},
								"west": {"uv": [4, 25], "uv_size": [-2, 1]},
								"up": {"uv": [5, 25], "uv_size": [-1, 2]},
								"down": {"uv": [26, 7], "uv_size": [-1, -2]}
							}
						},
						{
							"origin": [-2.14078, 1.08059, 0.84197],
							"size": [1, 0.4, 1.5],
							"pivot": [-1.64078, 1.28059, 1.59197],
							"rotation": [19.5, 5.03671, 0.44802],
							"uv": {
								"north": {"uv": [17, 27], "uv_size": [-1, 1]},
								"east": {"uv": [10, 25], "uv_size": [-2, 1]},
								"south": {"uv": [28, 16], "uv_size": [-1, 1]},
								"west": {"uv": [27, 7], "uv_size": [-2, 1]},
								"up": {"uv": [11, 25], "uv_size": [-1, 2]},
								"down": {"uv": [26, 12], "uv_size": [-1, -2]}
							}
						},
						{
							"origin": [-2.05541, 1.5, 2.21895],
							"size": [1, 0.4, 1],
							"pivot": [-1.55541, 1.61374, 2.53097],
							"rotation": [42, 5.03671, 0.44802],
							"uv": {
								"north": {"uv": [18, 27], "uv_size": [-1, 1]},
								"east": {"uv": [20, 27], "uv_size": [-1, 1]},
								"south": {"uv": [28, 18], "uv_size": [-1, 1]},
								"west": {"uv": [28, 17], "uv_size": [-1, 1]},
								"up": {"uv": [28, 19], "uv_size": [-1, 1]},
								"down": {"uv": [21, 28], "uv_size": [-1, -1]}
							}
						},
						{
							"origin": [-1.9742, 3, -5.88105],
							"size": [1, 0.4, 1],
							"pivot": [-1.55541, -5.61374, 2.53097],
							"rotation": [-42, 5.03671, -0.44802],
							"uv": {
								"north": {"uv": [28, 20], "uv_size": [-1, 1]},
								"east": {"uv": [28, 22], "uv_size": [-1, 1]},
								"south": {"uv": [23, 27], "uv_size": [-1, 1]},
								"west": {"uv": [28, 21], "uv_size": [-1, 1]},
								"up": {"uv": [24, 27], "uv_size": [-1, 1]},
								"down": {"uv": [28, 24], "uv_size": [-1, -1]}
							}
						}
					]
				},
				{
					"name": "bulat",
					"parent": "backpack_muter",
					"pivot": [0.0158, 4, 2.96895],
					"rotation": [0, 90, 0],
					"cubes": [
						{
							"origin": [-0.2342, 3.40326, -0.03105],
							"size": [0.5, 1.19347, 6],
							"pivot": [-7.7342, 4, 2.96895],
							"rotation": [45, 0, 0],
							"uv": {
								"north": {"uv": [27, 24], "uv_size": [1, 1]},
								"east": {"uv": [0, 0], "uv_size": [6, 1]},
								"south": {"uv": [25, 27], "uv_size": [1, 1]},
								"west": {"uv": [0, 1], "uv_size": [6, 1]},
								"up": {"uv": [0, 2], "uv_size": [1, 6]},
								"down": {"uv": [1, 8], "uv_size": [1, -6]}
							}
						},
						{
							"origin": [-0.2342, 3.40326, -0.03105],
							"size": [0.5, 1.19347, 6],
							"pivot": [-7.7342, 4, 2.96895],
							"rotation": [22.5, 0, 0],
							"uv": {
								"north": {"uv": [26, 27], "uv_size": [1, 1]},
								"east": {"uv": [2, 2], "uv_size": [6, 1]},
								"south": {"uv": [27, 26], "uv_size": [1, 1]},
								"west": {"uv": [2, 3], "uv_size": [6, 1]},
								"up": {"uv": [2, 4], "uv_size": [1, 6]},
								"down": {"uv": [3, 10], "uv_size": [1, -6]}
							}
						},
						{
							"origin": [-0.2342, 3.40326, -0.03105],
							"size": [0.5, 1.19347, 6],
							"uv": {
								"north": {"uv": [27, 27], "uv_size": [1, 1]},
								"east": {"uv": [4, 4], "uv_size": [6, 1]},
								"south": {"uv": [0, 28], "uv_size": [1, 1]},
								"west": {"uv": [4, 5], "uv_size": [6, 1]},
								"up": {"uv": [4, 6], "uv_size": [1, 6]},
								"down": {"uv": [5, 12], "uv_size": [1, -6]}
							}
						},
						{
							"origin": [-0.2342, 3.40326, -0.03105],
							"size": [0.5, 1.19347, 6],
							"pivot": [-7.7342, 4, 2.96895],
							"rotation": [-22.5, 0, 0],
							"uv": {
								"north": {"uv": [28, 0], "uv_size": [1, 1]},
								"east": {"uv": [6, 0], "uv_size": [6, 1]},
								"south": {"uv": [28, 1], "uv_size": [1, 1]},
								"west": {"uv": [6, 1], "uv_size": [6, 1]},
								"up": {"uv": [6, 6], "uv_size": [1, 6]},
								"down": {"uv": [7, 12], "uv_size": [1, -6]}
							}
						},
						{
							"origin": [-0.2342, 3.40326, -0.03105],
							"size": [0.5, 1.19347, 6],
							"pivot": [-7.7342, 4, 2.96895],
							"rotation": [-45, 0, 0],
							"uv": {
								"north": {"uv": [3, 28], "uv_size": [1, 1]},
								"east": {"uv": [8, 2], "uv_size": [6, 1]},
								"south": {"uv": [28, 4], "uv_size": [1, 1]},
								"west": {"uv": [8, 3], "uv_size": [6, 1]},
								"up": {"uv": [0, 8], "uv_size": [1, 6]},
								"down": {"uv": [1, 14], "uv_size": [1, -6]}
							}
						},
						{
							"origin": [-0.2342, 1, 2.37221],
							"size": [0.5, 6, 1.19347],
							"pivot": [-7.7342, 4, 2.96895],
							"rotation": [22.5, 0, 0],
							"uv": {
								"north": {"uv": [8, 6], "uv_size": [1, 6]},
								"east": {"uv": [9, 6], "uv_size": [1, 6]},
								"south": {"uv": [2, 10], "uv_size": [1, 6]},
								"west": {"uv": [3, 10], "uv_size": [1, 6]},
								"up": {"uv": [5, 28], "uv_size": [1, 1]},
								"down": {"uv": [28, 6], "uv_size": [1, -1]}
							}
						},
						{
							"origin": [-0.2342, 1, 2.37221],
							"size": [0.5, 6, 1.19347],
							"uv": {
								"north": {"uv": [10, 4], "uv_size": [1, 6]},
								"east": {"uv": [10, 10], "uv_size": [1, 6]},
								"south": {"uv": [11, 4], "uv_size": [1, 6]},
								"west": {"uv": [11, 10], "uv_size": [1, 6]},
								"up": {"uv": [6, 28], "uv_size": [1, 1]},
								"down": {"uv": [28, 7], "uv_size": [1, -1]}
							}
						},
						{
							"origin": [-0.2342, 1, 2.37221],
							"size": [0.5, 6, 1.19347],
							"pivot": [-7.7342, 4, 2.96895],
							"rotation": [-22.5, 0, 0],
							"uv": {
								"north": {"uv": [4, 12], "uv_size": [1, 6]},
								"east": {"uv": [12, 4], "uv_size": [1, 6]},
								"south": {"uv": [5, 12], "uv_size": [1, 6]},
								"west": {"uv": [6, 12], "uv_size": [1, 6]},
								"up": {"uv": [7, 28], "uv_size": [1, 1]},
								"down": {"uv": [28, 8], "uv_size": [1, -1]}
							}
						}
					]
				},
				{
					"name": "lingkaran_muter",
					"parent": "backpack_muter",
					"pivot": [0.0158, 4, 3.46895],
					"rotation": [0, -90, 7.5],
					"cubes": [
						{
							"origin": [-0.2342, 3.50272, 0.96895],
							"size": [0.5, 0.99456, 5],
							"pivot": [-7.7342, 4, 3.46895],
							"rotation": [45, 0, 0],
							"uv": {
								"north": {"uv": [8, 28], "uv_size": [1, 1]},
								"east": {"uv": [12, 0], "uv_size": [5, 1]},
								"south": {"uv": [28, 8], "uv_size": [1, 1]},
								"west": {"uv": [12, 1], "uv_size": [5, 1]},
								"up": {"uv": [7, 12], "uv_size": [1, 5]},
								"down": {"uv": [8, 17], "uv_size": [1, -5]}
							}
						},
						{
							"origin": [-0.2342, 3.50272, 0.96895],
							"size": [0.5, 0.99456, 5],
							"pivot": [-7.7342, 4, 3.46895],
							"rotation": [22.5, 0, 0],
							"uv": {
								"north": {"uv": [9, 28], "uv_size": [1, 1]},
								"east": {"uv": [12, 10], "uv_size": [5, 1]},
								"south": {"uv": [28, 9], "uv_size": [1, 1]},
								"west": {"uv": [12, 11], "uv_size": [5, 1]},
								"up": {"uv": [9, 12], "uv_size": [1, 5]},
								"down": {"uv": [12, 17], "uv_size": [1, -5]}
							}
						},
						{
							"origin": [-0.2342, 3.50272, 0.96895],
							"size": [0.5, 0.99456, 5],
							"uv": {
								"north": {"uv": [1, 30], "uv_size": [1, 1]},
								"east": {"uv": [14, 2], "uv_size": [5, 1]},
								"south": {"uv": [30, 1], "uv_size": [1, 1]},
								"west": {"uv": [14, 3], "uv_size": [5, 1]},
								"up": {"uv": [17, 13], "uv_size": [1, 5]},
								"down": {"uv": [14, 22], "uv_size": [1, -5]}
							}
						},
						{
							"origin": [-0.2342, 3.50272, 0.96895],
							"size": [0.5, 0.99456, 5],
							"pivot": [-7.7342, 4, 3.46895],
							"rotation": [-22.5, 0, 0],
							"uv": {
								"north": {"uv": [10, 28], "uv_size": [1, 1]},
								"east": {"uv": [13, 4], "uv_size": [5, 1]},
								"south": {"uv": [28, 10], "uv_size": [1, 1]},
								"west": {"uv": [13, 5], "uv_size": [5, 1]},
								"up": {"uv": [13, 12], "uv_size": [1, 5]},
								"down": {"uv": [0, 19], "uv_size": [1, -5]}
							}
						},
						{
							"origin": [-0.2342, 3.50272, 0.96895],
							"size": [0.5, 0.99456, 5],
							"pivot": [-7.7342, 4, 3.46895],
							"rotation": [-45, 0, 0],
							"uv": {
								"north": {"uv": [11, 28], "uv_size": [1, 1]},
								"east": {"uv": [13, 6], "uv_size": [5, 1]},
								"south": {"uv": [28, 11], "uv_size": [1, 1]},
								"west": {"uv": [13, 7], "uv_size": [5, 1]},
								"up": {"uv": [1, 14], "uv_size": [1, 5]},
								"down": {"uv": [14, 17], "uv_size": [1, -5]}
							}
						},
						{
							"origin": [-0.2342, 1.5, 2.97167],
							"size": [0.5, 5, 0.99456],
							"pivot": [-7.7342, 4, 3.46895],
							"rotation": [22.5, 0, 0],
							"uv": {
								"north": {"uv": [15, 12], "uv_size": [1, 5]},
								"east": {"uv": [2, 16], "uv_size": [1, 5]},
								"south": {"uv": [3, 16], "uv_size": [1, 5]},
								"west": {"uv": [10, 16], "uv_size": [1, 5]},
								"up": {"uv": [12, 28], "uv_size": [1, 1]},
								"down": {"uv": [28, 13], "uv_size": [1, -1]}
							}
						},
						{
							"origin": [-0.2342, 1.5, 2.97167],
							"size": [0.5, 5, 0.99456],
							"uv": {
								"north": {"uv": [11, 16], "uv_size": [1, 5]},
								"east": {"uv": [16, 12], "uv_size": [1, 5]},
								"south": {"uv": [7, 17], "uv_size": [1, 5]},
								"west": {"uv": [8, 17], "uv_size": [1, 5]},
								"up": {"uv": [13, 28], "uv_size": [1, 1]},
								"down": {"uv": [28, 14], "uv_size": [1, -1]}
							}
						},
						{
							"origin": [-0.2342, 1.5, 2.97167],
							"size": [0.5, 5, 0.99456],
							"pivot": [-7.7342, 4, 3.46895],
							"rotation": [-22.5, 0, 0],
							"uv": {
								"north": {"uv": [17, 8], "uv_size": [1, 5]},
								"east": {"uv": [9, 17], "uv_size": [1, 5]},
								"south": {"uv": [12, 17], "uv_size": [1, 5]},
								"west": {"uv": [13, 17], "uv_size": [1, 5]},
								"up": {"uv": [14, 28], "uv_size": [1, 1]},
								"down": {"uv": [28, 15], "uv_size": [1, -1]}
							}
						}
					]
				},
				{
					"name": "duri",
					"parent": "lingkaran_muter",
					"pivot": [0.0158, 6.52162, 6.08258],
					"cubes": [
						{
							"origin": [-0.1342, 3, 5.71895],
							"size": [0.3, 2, 1],
							"pivot": [-7.7342, 4, 3.46895],
							"rotation": [45, 0, 0],
							"uv": {
								"north": {"uv": [11, 25], "uv_size": [1, 2]},
								"east": {"uv": [12, 25], "uv_size": [1, 2]},
								"south": {"uv": [25, 12], "uv_size": [1, 2]},
								"west": {"uv": [13, 25], "uv_size": [1, 2]},
								"up": {"uv": [15, 28], "uv_size": [1, 1]},
								"down": {"uv": [28, 16], "uv_size": [1, -1]}
							}
						},
						{
							"origin": [-0.1342, 5.09918, 6.06038],
							"size": [0.3, 1, 2],
							"inflate": -0.1,
							"pivot": [0.0158, 5.53749, 5.64752],
							"rotation": [50, 0, 0],
							"uv": {
								"north": {"uv": [17, 28], "uv_size": [1, 1]},
								"east": {"uv": [25, 17], "uv_size": [2, 1]},
								"south": {"uv": [28, 17], "uv_size": [1, 1]},
								"west": {"uv": [25, 18], "uv_size": [2, 1]},
								"up": {"uv": [17, 25], "uv_size": [1, 2]},
								"down": {"uv": [19, 27], "uv_size": [1, -2]}
							}
						},
						{
							"origin": [-0.1342, 5.7924, 5.51895],
							"size": [0.3, 1, 2.3],
							"inflate": -0.1,
							"pivot": [0.0158, 5.98631, 5.25004],
							"rotation": [30, 0, 0],
							"uv": {
								"north": {"uv": [16, 28], "uv_size": [1, 1]},
								"east": {"uv": [25, 8], "uv_size": [2, 1]},
								"south": {"uv": [28, 16], "uv_size": [1, 1]},
								"west": {"uv": [14, 25], "uv_size": [2, 1]},
								"up": {"uv": [25, 14], "uv_size": [1, 2]},
								"down": {"uv": [16, 27], "uv_size": [1, -2]}
							}
						}
					]
				},
				{
					"name": "duri4",
					"parent": "lingkaran_muter",
					"pivot": [0.0158, 2.52162, 5.35532],
					"rotation": [175, 0, 0],
					"cubes": [
						{
							"origin": [-0.1342, 0.20795, 4.24023],
							"size": [0.3, 2, 1],
							"pivot": [-7.7342, 1.20795, 7.49023],
							"rotation": [-45, 0, 0],
							"uv": {
								"north": {"uv": [26, 19], "uv_size": [1, 2]},
								"east": {"uv": [21, 26], "uv_size": [1, 2]},
								"south": {"uv": [26, 21], "uv_size": [1, 2]},
								"west": {"uv": [24, 26], "uv_size": [1, 2]},
								"up": {"uv": [24, 28], "uv_size": [1, 1]},
								"down": {"uv": [28, 25], "uv_size": [1, -1]}
							}
						},
						{
							"origin": [-0.1342, 2.30713, 2.8988],
							"size": [0.3, 1, 2],
							"inflate": -0.1,
							"pivot": [0.0158, 2.74544, 5.31167],
							"rotation": [-50, 0, 0],
							"uv": {
								"north": {"uv": [25, 28], "uv_size": [1, 1]},
								"east": {"uv": [25, 26], "uv_size": [2, 1]},
								"south": {"uv": [28, 25], "uv_size": [1, 1]},
								"west": {"uv": [26, 25], "uv_size": [2, 1]},
								"up": {"uv": [27, 0], "uv_size": [1, 2]},
								"down": {"uv": [1, 29], "uv_size": [1, -2]}
							}
						},
						{
							"origin": [-0.1342, 3.00035, 3.14023],
							"size": [0.3, 1, 2.3],
							"inflate": -0.1,
							"pivot": [0.0158, 3.19426, 5.70915],
							"rotation": [-30, 0, 0],
							"uv": {
								"north": {"uv": [26, 28], "uv_size": [1, 1]},
								"east": {"uv": [27, 2], "uv_size": [2, 1]},
								"south": {"uv": [28, 26], "uv_size": [1, 1]},
								"west": {"uv": [27, 3], "uv_size": [2, 1]},
								"up": {"uv": [2, 27], "uv_size": [1, 2]},
								"down": {"uv": [4, 29], "uv_size": [1, -2]}
							}
						}
					]
				},
				{
					"name": "duri2",
					"parent": "lingkaran_muter",
					"pivot": [0.0158, 2.92101, 0.88446],
					"rotation": [175, 0, 0],
					"cubes": [
						{
							"origin": [-0.1342, 0.31111, 0.66663],
							"size": [0.3, 2, 1],
							"pivot": [-7.7342, 1.31111, -1.58337],
							"rotation": [45, 0, 0],
							"uv": {
								"north": {"uv": [20, 25], "uv_size": [1, 2]},
								"east": {"uv": [25, 20], "uv_size": [1, 2]},
								"south": {"uv": [22, 25], "uv_size": [1, 2]},
								"west": {"uv": [23, 25], "uv_size": [1, 2]},
								"up": {"uv": [18, 28], "uv_size": [1, 1]},
								"down": {"uv": [28, 19], "uv_size": [1, -1]}
							}
						},
						{
							"origin": [-0.1342, 2.41028, 1.00806],
							"size": [0.3, 1, 2],
							"inflate": -0.1,
							"pivot": [0.0158, 2.8486, 0.59519],
							"rotation": [50, 0, 0],
							"uv": {
								"north": {"uv": [19, 28], "uv_size": [1, 1]},
								"east": {"uv": [25, 23], "uv_size": [2, 1]},
								"south": {"uv": [28, 19], "uv_size": [1, 1]},
								"west": {"uv": [24, 25], "uv_size": [2, 1]},
								"up": {"uv": [0, 26], "uv_size": [1, 2]},
								"down": {"uv": [26, 2], "uv_size": [1, -2]}
							}
						},
						{
							"origin": [-0.1342, 3.10351, 0.46663],
							"size": [0.3, 1, 2.3],
							"inflate": -0.1,
							"pivot": [0.0158, 3.29742, 0.19771],
							"rotation": [30, 0, 0],
							"uv": {
								"north": {"uv": [20, 28], "uv_size": [1, 1]},
								"east": {"uv": [25, 24], "uv_size": [2, 1]},
								"south": {"uv": [28, 20], "uv_size": [1, 1]},
								"west": {"uv": [1, 26], "uv_size": [2, 1]},
								"up": {"uv": [26, 2], "uv_size": [1, 2]},
								"down": {"uv": [3, 28], "uv_size": [1, -2]}
							}
						}
					]
				},
				{
					"name": "duri3",
					"parent": "lingkaran_muter",
					"pivot": [0.0158, 5.07899, 0.88446],
					"rotation": [-177.5, 0, 0],
					"cubes": [
						{
							"origin": [-0.1342, 5.30489, 0.52806],
							"size": [0.3, 2, 1],
							"pivot": [-7.7342, 6.30489, -1.72194],
							"rotation": [-45, 0, 0],
							"uv": {
								"north": {"uv": [5, 26], "uv_size": [1, 2]},
								"east": {"uv": [26, 5], "uv_size": [1, 2]},
								"south": {"uv": [6, 26], "uv_size": [1, 2]},
								"west": {"uv": [7, 26], "uv_size": [1, 2]},
								"up": {"uv": [21, 28], "uv_size": [1, 1]},
								"down": {"uv": [28, 22], "uv_size": [1, -1]}
							}
						},
						{
							"origin": [-0.1342, 4.20571, 0.86949],
							"size": [0.3, 1, 2],
							"inflate": -0.1,
							"pivot": [0.0158, 4.7674, 0.45662],
							"rotation": [-50, 0, 0],
							"uv": {
								"north": {"uv": [22, 28], "uv_size": [1, 1]},
								"east": {"uv": [8, 26], "uv_size": [2, 1]},
								"south": {"uv": [28, 22], "uv_size": [1, 1]},
								"west": {"uv": [26, 9], "uv_size": [2, 1]},
								"up": {"uv": [26, 10], "uv_size": [1, 2]},
								"down": {"uv": [26, 14], "uv_size": [1, -2]}
							}
						},
						{
							"origin": [-0.1342, 3.51249, 0.32806],
							"size": [0.3, 1, 2.3],
							"inflate": -0.1,
							"pivot": [0.0158, 4.31858, 0.05914],
							"rotation": [-30, 0, 0],
							"uv": {
								"north": {"uv": [23, 28], "uv_size": [1, 1]},
								"east": {"uv": [14, 26], "uv_size": [2, 1]},
								"south": {"uv": [28, 23], "uv_size": [1, 1]},
								"west": {"uv": [26, 14], "uv_size": [2, 1]},
								"up": {"uv": [26, 15], "uv_size": [1, 2]},
								"down": {"uv": [18, 28], "uv_size": [1, -2]}
							}
						}
					]
				},
				{
					"name": "bulat2",
					"parent": "backpack_muter",
					"pivot": [0.0158, 4, 4.21895],
					"rotation": [0, 90, 0],
					"cubes": [
						{
							"origin": [0.0158, 3.60218, 2.21895],
							"size": [0.5, 0.79565, 4],
							"pivot": [-7.4842, 4, 4.21895],
							"rotation": [45, 0, 0],
							"uv": {
								"north": {"uv": [27, 28], "uv_size": [1, 1]},
								"east": {"uv": [13, 8], "uv_size": [4, 1]},
								"south": {"uv": [28, 27], "uv_size": [1, 1]},
								"west": {"uv": [13, 9], "uv_size": [4, 1]},
								"up": {"uv": [15, 17], "uv_size": [1, 4]},
								"down": {"uv": [16, 21], "uv_size": [1, -4]}
							}
						},
						{
							"origin": [0.0158, 3.60218, 2.21895],
							"size": [0.5, 0.79565, 4],
							"pivot": [-7.4842, 4, 4.21895],
							"rotation": [22.5, 0, 0],
							"uv": {
								"north": {"uv": [28, 28], "uv_size": [1, 1]},
								"east": {"uv": [17, 0], "uv_size": [4, 1]},
								"south": {"uv": [0, 29], "uv_size": [1, 1]},
								"west": {"uv": [17, 1], "uv_size": [4, 1]},
								"up": {"uv": [4, 18], "uv_size": [1, 4]},
								"down": {"uv": [18, 8], "uv_size": [1, -4]}
							}
						},
						{
							"origin": [0.0158, 3.60218, 2.21895],
							"size": [0.5, 0.79565, 4],
							"uv": {
								"north": {"uv": [29, 0], "uv_size": [1, 1]},
								"east": {"uv": [18, 8], "uv_size": [4, 1]},
								"south": {"uv": [1, 29], "uv_size": [1, 1]},
								"west": {"uv": [18, 9], "uv_size": [4, 1]},
								"up": {"uv": [5, 18], "uv_size": [1, 4]},
								"down": {"uv": [6, 22], "uv_size": [1, -4]}
							}
						},
						{
							"origin": [0.0158, 3.60218, 2.21895],
							"size": [0.5, 0.79565, 4],
							"pivot": [-7.4842, 4, 4.21895],
							"rotation": [-22.5, 0, 0],
							"uv": {
								"north": {"uv": [29, 1], "uv_size": [1, 1]},
								"east": {"uv": [18, 10], "uv_size": [4, 1]},
								"south": {"uv": [2, 29], "uv_size": [1, 1]},
								"west": {"uv": [18, 11], "uv_size": [4, 1]},
								"up": {"uv": [18, 12], "uv_size": [1, 4]},
								"down": {"uv": [18, 20], "uv_size": [1, -4]}
							}
						},
						{
							"origin": [0.0158, 3.60218, 2.21895],
							"size": [0.5, 0.79565, 4],
							"pivot": [-7.4842, 4, 4.21895],
							"rotation": [-45, 0, 0],
							"uv": {
								"north": {"uv": [29, 2], "uv_size": [1, 1]},
								"east": {"uv": [19, 2], "uv_size": [4, 1]},
								"south": {"uv": [3, 29], "uv_size": [1, 1]},
								"west": {"uv": [19, 3], "uv_size": [4, 1]},
								"up": {"uv": [17, 18], "uv_size": [1, 4]},
								"down": {"uv": [0, 23], "uv_size": [1, -4]}
							}
						},
						{
							"origin": [0.0158, 2, 3.82113],
							"size": [0.5, 4, 0.79565],
							"pivot": [-7.4842, 4, 4.21895],
							"rotation": [22.5, 0, 0],
							"uv": {
								"north": {"uv": [1, 19], "uv_size": [1, 4]},
								"east": {"uv": [19, 4], "uv_size": [1, 4]},
								"south": {"uv": [19, 12], "uv_size": [1, 4]},
								"west": {"uv": [19, 16], "uv_size": [1, 4]},
								"up": {"uv": [29, 3], "uv_size": [1, 1]},
								"down": {"uv": [4, 30], "uv_size": [1, -1]}
							}
						},
						{
							"origin": [0.0158, 2, 3.82113],
							"size": [0.5, 4, 0.79565],
							"uv": {
								"north": {"uv": [20, 4], "uv_size": [1, 4]},
								"east": {"uv": [20, 12], "uv_size": [1, 4]},
								"south": {"uv": [20, 16], "uv_size": [1, 4]},
								"west": {"uv": [18, 20], "uv_size": [1, 4]},
								"up": {"uv": [29, 4], "uv_size": [1, 1]},
								"down": {"uv": [5, 30], "uv_size": [1, -1]}
							}
						},
						{
							"origin": [0.0158, 2, 3.82113],
							"size": [0.5, 4, 0.79565],
							"pivot": [-7.4842, 4, 4.21895],
							"rotation": [-22.5, 0, 0],
							"uv": {
								"north": {"uv": [19, 20], "uv_size": [1, 4]},
								"east": {"uv": [20, 20], "uv_size": [1, 4]},
								"south": {"uv": [2, 21], "uv_size": [1, 4]},
								"west": {"uv": [3, 21], "uv_size": [1, 4]},
								"up": {"uv": [29, 5], "uv_size": [1, 1]},
								"down": {"uv": [6, 30], "uv_size": [1, -1]}
							}
						}
					]
				},
				{
					"name": "bulat3",
					"parent": "backpack_muter",
					"pivot": [0.0158, 4, 4.21895],
					"rotation": [0, -90, 0],
					"cubes": [
						{
							"origin": [0.0158, 3.70163, 5.41895],
							"size": [0.5, 0.59674, 0.3],
							"pivot": [-7.4842, 4, 4.21895],
							"rotation": [45, 0, 0],
							"uv": {
								"north": {"uv": [29, 6], "uv_size": [1, 1]},
								"east": {"uv": [7, 29], "uv_size": [1, 1]},
								"south": {"uv": [29, 7], "uv_size": [1, 1]},
								"west": {"uv": [8, 29], "uv_size": [1, 1]},
								"up": {"uv": [29, 8], "uv_size": [1, 1]},
								"down": {"uv": [9, 30], "uv_size": [1, -1]}
							}
						},
						{
							"origin": [0.0158, 3.70163, 5.41895],
							"size": [0.5, 0.5, 0.8],
							"inflate": -0.1,
							"pivot": [-7.4842, 4, 4.21895],
							"rotation": [42.5, 0, 0],
							"uv": {
								"north": {"uv": [31, 15], "uv_size": [1, 1]},
								"east": {"uv": [16, 31], "uv_size": [1, 1]},
								"south": {"uv": [31, 16], "uv_size": [1, 1]},
								"west": {"uv": [17, 31], "uv_size": [1, 1]},
								"up": {"uv": [31, 17], "uv_size": [1, 1]},
								"down": {"uv": [18, 32], "uv_size": [1, -1]}
							}
						},
						{
							"origin": [0.0158, 3.70163, 2.71895],
							"size": [0.5, 0.59674, 0.3],
							"pivot": [-7.4842, 4, 4.21895],
							"rotation": [45, 0, 0],
							"uv": {
								"north": {"uv": [14, 30], "uv_size": [1, 1]},
								"east": {"uv": [30, 14], "uv_size": [1, 1]},
								"south": {"uv": [15, 30], "uv_size": [1, 1]},
								"west": {"uv": [30, 15], "uv_size": [1, 1]},
								"up": {"uv": [16, 30], "uv_size": [1, 1]},
								"down": {"uv": [30, 17], "uv_size": [1, -1]}
							}
						},
						{
							"origin": [0.0158, 2.74704, 2.51895],
							"size": [0.5, 0.5, 0.8],
							"inflate": -0.1,
							"pivot": [0.2658, 3.04541, 3.26436],
							"rotation": [45, 0, 0],
							"uv": {
								"north": {"uv": [31, 21], "uv_size": [1, 1]},
								"east": {"uv": [22, 31], "uv_size": [1, 1]},
								"south": {"uv": [31, 22], "uv_size": [1, 1]},
								"west": {"uv": [23, 31], "uv_size": [1, 1]},
								"up": {"uv": [31, 23], "uv_size": [1, 1]},
								"down": {"uv": [24, 32], "uv_size": [1, -1]}
							}
						},
						{
							"origin": [0.0158, 3.70163, 5.41895],
							"size": [0.5, 0.59674, 0.3],
							"pivot": [-7.4842, 4, 4.21895],
							"rotation": [22.5, 0, 0],
							"uv": {
								"north": {"uv": [29, 9], "uv_size": [1, 1]},
								"east": {"uv": [10, 29], "uv_size": [1, 1]},
								"south": {"uv": [29, 10], "uv_size": [1, 1]},
								"west": {"uv": [11, 29], "uv_size": [1, 1]},
								"up": {"uv": [29, 11], "uv_size": [1, 1]},
								"down": {"uv": [12, 30], "uv_size": [1, -1]}
							}
						},
						{
							"origin": [0.0158, 3.70163, 2.71895],
							"size": [0.5, 0.59674, 0.3],
							"pivot": [-7.4842, 4, 4.21895],
							"rotation": [22.5, 0, 0],
							"uv": {
								"north": {"uv": [11, 30], "uv_size": [1, 1]},
								"east": {"uv": [30, 11], "uv_size": [1, 1]},
								"south": {"uv": [12, 30], "uv_size": [1, 1]},
								"west": {"uv": [30, 12], "uv_size": [1, 1]},
								"up": {"uv": [13, 30], "uv_size": [1, 1]},
								"down": {"uv": [30, 14], "uv_size": [1, -1]}
							}
						},
						{
							"origin": [0.0158, 3.70163, 5.41895],
							"size": [0.5, 0.59674, 0.3],
							"uv": {
								"north": {"uv": [29, 12], "uv_size": [1, 1]},
								"east": {"uv": [13, 29], "uv_size": [1, 1]},
								"south": {"uv": [29, 13], "uv_size": [1, 1]},
								"west": {"uv": [14, 29], "uv_size": [1, 1]},
								"up": {"uv": [29, 14], "uv_size": [1, 1]},
								"down": {"uv": [15, 30], "uv_size": [1, -1]}
							}
						},
						{
							"origin": [0.0158, 3.70163, 5.61895],
							"size": [0.5, 0.59674, 1],
							"inflate": -0.1,
							"uv": {
								"north": {"uv": [31, 6], "uv_size": [1, 1]},
								"east": {"uv": [7, 31], "uv_size": [1, 1]},
								"south": {"uv": [31, 7], "uv_size": [1, 1]},
								"west": {"uv": [8, 31], "uv_size": [1, 1]},
								"up": {"uv": [31, 8], "uv_size": [1, 1]},
								"down": {"uv": [9, 32], "uv_size": [1, -1]}
							}
						},
						{
							"origin": [0.0158, 3.70163, 1.81895],
							"size": [0.5, 0.59674, 1],
							"inflate": -0.1,
							"uv": {
								"north": {"uv": [31, 12], "uv_size": [1, 1]},
								"east": {"uv": [13, 31], "uv_size": [1, 1]},
								"south": {"uv": [31, 13], "uv_size": [1, 1]},
								"west": {"uv": [14, 31], "uv_size": [1, 1]},
								"up": {"uv": [31, 14], "uv_size": [1, 1]},
								"down": {"uv": [15, 32], "uv_size": [1, -1]}
							}
						},
						{
							"origin": [0.0158, 3.70163, 2.71895],
							"size": [0.5, 0.59674, 0.3],
							"uv": {
								"north": {"uv": [2, 30], "uv_size": [1, 1]},
								"east": {"uv": [30, 2], "uv_size": [1, 1]},
								"south": {"uv": [3, 30], "uv_size": [1, 1]},
								"west": {"uv": [30, 3], "uv_size": [1, 1]},
								"up": {"uv": [4, 30], "uv_size": [1, 1]},
								"down": {"uv": [30, 5], "uv_size": [1, -1]}
							}
						},
						{
							"origin": [0.0158, 3.70163, 5.41895],
							"size": [0.5, 0.59674, 0.3],
							"pivot": [-7.4842, 4, 4.21895],
							"rotation": [-22.5, 0, 0],
							"uv": {
								"north": {"uv": [29, 15], "uv_size": [1, 1]},
								"east": {"uv": [16, 29], "uv_size": [1, 1]},
								"south": {"uv": [29, 16], "uv_size": [1, 1]},
								"west": {"uv": [17, 29], "uv_size": [1, 1]},
								"up": {"uv": [29, 17], "uv_size": [1, 1]},
								"down": {"uv": [18, 30], "uv_size": [1, -1]}
							}
						},
						{
							"origin": [0.0158, 3.70163, 2.71895],
							"size": [0.5, 0.59674, 0.3],
							"pivot": [-7.4842, 4, 4.21895],
							"rotation": [-22.5, 0, 0],
							"uv": {
								"north": {"uv": [5, 30], "uv_size": [1, 1]},
								"east": {"uv": [30, 5], "uv_size": [1, 1]},
								"south": {"uv": [6, 30], "uv_size": [1, 1]},
								"west": {"uv": [30, 6], "uv_size": [1, 1]},
								"up": {"uv": [7, 30], "uv_size": [1, 1]},
								"down": {"uv": [30, 8], "uv_size": [1, -1]}
							}
						},
						{
							"origin": [0.0158, 3.70163, 5.41895],
							"size": [0.5, 0.59674, 0.3],
							"pivot": [-7.4842, 4, 4.21895],
							"rotation": [-45, 0, 0],
							"uv": {
								"north": {"uv": [29, 18], "uv_size": [1, 1]},
								"east": {"uv": [19, 29], "uv_size": [1, 1]},
								"south": {"uv": [29, 19], "uv_size": [1, 1]},
								"west": {"uv": [20, 29], "uv_size": [1, 1]},
								"up": {"uv": [29, 20], "uv_size": [1, 1]},
								"down": {"uv": [21, 30], "uv_size": [1, -1]}
							}
						},
						{
							"origin": [0.0158, 3.70163, 5.41895],
							"size": [0.5, 0.5, 0.8],
							"inflate": -0.1,
							"pivot": [-7.4842, 4, 4.21895],
							"rotation": [-45, 0, 0],
							"uv": {
								"north": {"uv": [31, 18], "uv_size": [1, 1]},
								"east": {"uv": [19, 31], "uv_size": [1, 1]},
								"south": {"uv": [31, 19], "uv_size": [1, 1]},
								"west": {"uv": [20, 31], "uv_size": [1, 1]},
								"up": {"uv": [31, 20], "uv_size": [1, 1]},
								"down": {"uv": [21, 32], "uv_size": [1, -1]}
							}
						},
						{
							"origin": [0.0158, 3.70163, 2.71895],
							"size": [0.5, 0.59674, 0.3],
							"pivot": [-7.4842, 4, 4.21895],
							"rotation": [-45, 0, 0],
							"uv": {
								"north": {"uv": [8, 30], "uv_size": [1, 1]},
								"east": {"uv": [30, 8], "uv_size": [1, 1]},
								"south": {"uv": [9, 30], "uv_size": [1, 1]},
								"west": {"uv": [30, 9], "uv_size": [1, 1]},
								"up": {"uv": [10, 30], "uv_size": [1, 1]},
								"down": {"uv": [30, 11], "uv_size": [1, -1]}
							}
						},
						{
							"origin": [0.0158, 3.70163, 2.21895],
							"size": [0.5, 0.5, 0.8],
							"inflate": -0.1,
							"pivot": [-7.4842, 4, 4.21895],
							"rotation": [-45, 0, 0],
							"uv": {
								"north": {"uv": [31, 24], "uv_size": [1, 1]},
								"east": {"uv": [25, 31], "uv_size": [1, 1]},
								"south": {"uv": [31, 25], "uv_size": [1, 1]},
								"west": {"uv": [26, 31], "uv_size": [1, 1]},
								"up": {"uv": [31, 26], "uv_size": [1, 1]},
								"down": {"uv": [27, 32], "uv_size": [1, -1]}
							}
						},
						{
							"origin": [0.0158, 2.5, 3.92058],
							"size": [0.5, 0.3, 0.59674],
							"pivot": [-7.4842, 4, 4.21895],
							"rotation": [22.5, 0, 0],
							"uv": {
								"north": {"uv": [29, 21], "uv_size": [1, 1]},
								"east": {"uv": [22, 29], "uv_size": [1, 1]},
								"south": {"uv": [29, 22], "uv_size": [1, 1]},
								"west": {"uv": [23, 29], "uv_size": [1, 1]},
								"up": {"uv": [29, 23], "uv_size": [1, 1]},
								"down": {"uv": [24, 30], "uv_size": [1, -1]}
							}
						},
						{
							"origin": [0.0158, 5.2, 3.92058],
							"size": [0.5, 0.3, 0.59674],
							"pivot": [-7.4842, 4, 4.21895],
							"rotation": [22.5, 0, 0],
							"uv": {
								"north": {"uv": [20, 30], "uv_size": [1, 1]},
								"east": {"uv": [30, 20], "uv_size": [1, 1]},
								"south": {"uv": [21, 30], "uv_size": [1, 1]},
								"west": {"uv": [30, 21], "uv_size": [1, 1]},
								"up": {"uv": [22, 30], "uv_size": [1, 1]},
								"down": {"uv": [30, 23], "uv_size": [1, -1]}
							}
						},
						{
							"origin": [0.0158, 5.2, 3.92058],
							"size": [0.5, 0.3, 0.59674],
							"uv": {
								"north": {"uv": [29, 24], "uv_size": [1, 1]},
								"east": {"uv": [25, 29], "uv_size": [1, 1]},
								"south": {"uv": [29, 25], "uv_size": [1, 1]},
								"west": {"uv": [26, 29], "uv_size": [1, 1]},
								"up": {"uv": [29, 26], "uv_size": [1, 1]},
								"down": {"uv": [27, 30], "uv_size": [1, -1]}
							}
						},
						{
							"origin": [0.0158, 5.39144, 4.05111],
							"size": [0.5, 1, 0.59674],
							"inflate": -0.1,
							"uv": {
								"north": {"uv": [31, 3], "uv_size": [1, 1]},
								"east": {"uv": [4, 31], "uv_size": [1, 1]},
								"south": {"uv": [31, 4], "uv_size": [1, 1]},
								"west": {"uv": [5, 31], "uv_size": [1, 1]},
								"up": {"uv": [31, 5], "uv_size": [1, 1]},
								"down": {"uv": [6, 32], "uv_size": [1, -1]}
							}
						},
						{
							"origin": [0.0158, 1.6, 3.92058],
							"size": [0.5, 1, 0.59674],
							"inflate": -0.1,
							"uv": {
								"north": {"uv": [31, 9], "uv_size": [1, 1]},
								"east": {"uv": [10, 31], "uv_size": [1, 1]},
								"south": {"uv": [31, 10], "uv_size": [1, 1]},
								"west": {"uv": [11, 31], "uv_size": [1, 1]},
								"up": {"uv": [31, 11], "uv_size": [1, 1]},
								"down": {"uv": [12, 32], "uv_size": [1, -1]}
							}
						},
						{
							"origin": [0.0158, 2.5, 3.92058],
							"size": [0.5, 0.3, 0.59674],
							"uv": {
								"north": {"uv": [23, 30], "uv_size": [1, 1]},
								"east": {"uv": [30, 23], "uv_size": [1, 1]},
								"south": {"uv": [24, 30], "uv_size": [1, 1]},
								"west": {"uv": [30, 24], "uv_size": [1, 1]},
								"up": {"uv": [25, 30], "uv_size": [1, 1]},
								"down": {"uv": [30, 26], "uv_size": [1, -1]}
							}
						},
						{
							"origin": [0.0158, 5.2, 3.92058],
							"size": [0.5, 0.3, 0.59674],
							"pivot": [-7.4842, 4, 4.21895],
							"rotation": [-22.5, 0, 0],
							"uv": {
								"north": {"uv": [29, 27], "uv_size": [1, 1]},
								"east": {"uv": [28, 29], "uv_size": [1, 1]},
								"south": {"uv": [29, 28], "uv_size": [1, 1]},
								"west": {"uv": [29, 29], "uv_size": [1, 1]},
								"up": {"uv": [0, 30], "uv_size": [1, 1]},
								"down": {"uv": [30, 1], "uv_size": [1, -1]}
							}
						},
						{
							"origin": [0.0158, 2.5, 3.92058],
							"size": [0.5, 0.3, 0.59674],
							"pivot": [-7.4842, 4, 4.21895],
							"rotation": [-22.5, 0, 0],
							"uv": {
								"north": {"uv": [17, 30], "uv_size": [1, 1]},
								"east": {"uv": [30, 17], "uv_size": [1, 1]},
								"south": {"uv": [18, 30], "uv_size": [1, 1]},
								"west": {"uv": [30, 18], "uv_size": [1, 1]},
								"up": {"uv": [19, 30], "uv_size": [1, 1]},
								"down": {"uv": [30, 20], "uv_size": [1, -1]}
							}
						}
					]
				},
				{
					"name": "bulat4",
					"parent": "backpack_muter",
					"pivot": [0.0158, 4, 4.51895],
					"rotation": [0, 90, 0],
					"cubes": [
						{
							"origin": [0.0158, 3.75136, 3.26895],
							"size": [0.5, 0.49728, 2.5],
							"pivot": [-7.4842, 4, 4.51895],
							"rotation": [45, 0, 0],
							"uv": {
								"north": {"uv": [26, 30], "uv_size": [1, 1]},
								"east": {"uv": [21, 0], "uv_size": [3, 1]},
								"south": {"uv": [30, 26], "uv_size": [1, 1]},
								"west": {"uv": [21, 1], "uv_size": [3, 1]},
								"up": {"uv": [21, 4], "uv_size": [1, 3]},
								"down": {"uv": [10, 24], "uv_size": [1, -3]}
							}
						},
						{
							"origin": [0.0158, 3.75136, 3.26895],
							"size": [0.5, 0.49728, 2.5],
							"pivot": [-7.4842, 4, 4.51895],
							"rotation": [22.5, 0, 0],
							"uv": {
								"north": {"uv": [27, 30], "uv_size": [1, 1]},
								"east": {"uv": [21, 7], "uv_size": [3, 1]},
								"south": {"uv": [30, 27], "uv_size": [1, 1]},
								"west": {"uv": [21, 12], "uv_size": [3, 1]},
								"up": {"uv": [11, 21], "uv_size": [1, 3]},
								"down": {"uv": [21, 16], "uv_size": [1, -3]}
							}
						},
						{
							"origin": [0.0158, 3.75136, 3.26895],
							"size": [0.5, 0.49728, 2.5],
							"uv": {
								"north": {"uv": [28, 30], "uv_size": [1, 1]},
								"east": {"uv": [21, 16], "uv_size": [3, 1]},
								"south": {"uv": [30, 28], "uv_size": [1, 1]},
								"west": {"uv": [21, 17], "uv_size": [3, 1]},
								"up": {"uv": [15, 21], "uv_size": [1, 3]},
								"down": {"uv": [16, 24], "uv_size": [1, -3]}
							}
						},
						{
							"origin": [0.0158, 3.75136, 3.26895],
							"size": [0.5, 0.49728, 2.5],
							"pivot": [-7.4842, 4, 4.51895],
							"rotation": [-22.5, 0, 0],
							"uv": {
								"north": {"uv": [29, 30], "uv_size": [1, 1]},
								"east": {"uv": [21, 18], "uv_size": [3, 1]},
								"south": {"uv": [30, 29], "uv_size": [1, 1]},
								"west": {"uv": [21, 19], "uv_size": [3, 1]},
								"up": {"uv": [21, 20], "uv_size": [1, 3]},
								"down": {"uv": [4, 25], "uv_size": [1, -3]}
							}
						},
						{
							"origin": [0.0158, 3.75136, 3.26895],
							"size": [0.5, 0.49728, 2.5],
							"pivot": [-7.4842, 4, 4.51895],
							"rotation": [-45, 0, 0],
							"uv": {
								"north": {"uv": [30, 30], "uv_size": [1, 1]},
								"east": {"uv": [22, 4], "uv_size": [3, 1]},
								"south": {"uv": [0, 31], "uv_size": [1, 1]},
								"west": {"uv": [5, 22], "uv_size": [3, 1]},
								"up": {"uv": [8, 22], "uv_size": [1, 3]},
								"down": {"uv": [22, 11], "uv_size": [1, -3]}
							}
						},
						{
							"origin": [0.0158, 2.75, 4.27031],
							"size": [0.5, 2.5, 0.49728],
							"pivot": [-7.4842, 4, 4.51895],
							"rotation": [22.5, 0, 0],
							"uv": {
								"north": {"uv": [9, 22], "uv_size": [1, 3]},
								"east": {"uv": [12, 22], "uv_size": [1, 3]},
								"south": {"uv": [13, 22], "uv_size": [1, 3]},
								"west": {"uv": [22, 13], "uv_size": [1, 3]},
								"up": {"uv": [31, 0], "uv_size": [1, 1]},
								"down": {"uv": [1, 32], "uv_size": [1, -1]}
							}
						},
						{
							"origin": [0.0158, 2.75, 4.27031],
							"size": [0.5, 2.5, 0.49728],
							"uv": {
								"north": {"uv": [14, 22], "uv_size": [1, 3]},
								"east": {"uv": [17, 22], "uv_size": [1, 3]},
								"south": {"uv": [22, 20], "uv_size": [1, 3]},
								"west": {"uv": [0, 23], "uv_size": [1, 3]},
								"up": {"uv": [31, 1], "uv_size": [1, 1]},
								"down": {"uv": [2, 32], "uv_size": [1, -1]}
							}
						},
						{
							"origin": [0.0158, 2.75, 4.27031],
							"size": [0.5, 2.5, 0.49728],
							"pivot": [-7.4842, 4, 4.51895],
							"rotation": [-22.5, 0, 0],
							"uv": {
								"north": {"uv": [1, 23], "uv_size": [1, 3]},
								"east": {"uv": [5, 23], "uv_size": [1, 3]},
								"south": {"uv": [6, 23], "uv_size": [1, 3]},
								"west": {"uv": [7, 23], "uv_size": [1, 3]},
								"up": {"uv": [31, 2], "uv_size": [1, 1]},
								"down": {"uv": [3, 32], "uv_size": [1, -1]}
							}
						}
					]
				}
			]
		}
	]
}