{
	"format_version": "1.12.0",
	"minecraft:geometry": [
		{
			"description": {
				"identifier": "geometry.backpack_dragon",
				"texture_width": 64,
				"texture_height": 64,
				"visible_bounds_width": 3,
				"visible_bounds_height": 3,
				"visible_bounds_offset": [0, 0.5, 0]
			},
			"bones": [
				{
					"name": "root",
					"pivot": [0, 0, 0]
				},
				{
					"name": "waist",
					"parent": "root",
					"pivot": [0, 0, 0]
				},
				{
					"name": "body",
					"parent": "waist",
					"pivot": [0, 0, 0]
				},
				{
					"name": "backpack_dragon",
					"parent": "body",
					"pivot": [0, 12, 0],
					"cubes": [
						{
							"origin": [-3.5, 1, 3],
							"size": [6, 1, 2],
							"uv": {
								"north": {"uv": [24, 2], "uv_size": [6, 1]},
								"east": {"uv": [22, 2], "uv_size": [2, 1]},
								"south": {"uv": [32, 2], "uv_size": [6, 1]},
								"west": {"uv": [30, 2], "uv_size": [2, 1]},
								"up": {"uv": [24, 0], "uv_size": [6, 2]},
								"down": {"uv": [30, 2], "uv_size": [6, -2]}
							}
						},
						{
							"origin": [-2.5, 0, 3],
							"size": [4, 1, 2],
							"uv": {
								"north": {"uv": [25, 2], "uv_size": [4, 1]},
								"east": {"uv": [23, 2], "uv_size": [2, 1]},
								"south": {"uv": [31, 2], "uv_size": [4, 1]},
								"west": {"uv": [29, 2], "uv_size": [2, 1]},
								"up": {"uv": [25, 0], "uv_size": [4, 2]},
								"down": {"uv": [29, 2], "uv_size": [4, -2]}
							}
						},
						{
							"origin": [-1.5, -1, 4],
							"size": [2, 1, 1],
							"uv": {
								"north": {"uv": [24, 2], "uv_size": [2, 1]},
								"east": {"uv": [23, 2], "uv_size": [1, 1]},
								"south": {"uv": [27, 2], "uv_size": [2, 1]},
								"west": {"uv": [26, 2], "uv_size": [1, 1]},
								"up": {"uv": [24, 1], "uv_size": [2, 1]},
								"down": {"uv": [26, 2], "uv_size": [2, -1]}
							}
						},
						{
							"origin": [-1.5, -2, 4],
							"size": [1, 1, 1],
							"uv": {
								"north": {"uv": [25, 1], "uv_size": [1, 1]},
								"east": {"uv": [24, 1], "uv_size": [1, 1]},
								"south": {"uv": [27, 1], "uv_size": [1, 1]},
								"west": {"uv": [26, 1], "uv_size": [1, 1]},
								"up": {"uv": [25, 0], "uv_size": [1, 1]},
								"down": {"uv": [26, 1], "uv_size": [1, -1]}
							}
						},
						{
							"origin": [-3.5, 2, 3],
							"size": [7, 9, 2],
							"uv": {
								"north": {"uv": [24, 2], "uv_size": [7, 9]},
								"east": {"uv": [22, 2], "uv_size": [2, 9]},
								"south": {"uv": [33, 2], "uv_size": [7, 9]},
								"west": {"uv": [31, 2], "uv_size": [2, 9]},
								"up": {"uv": [24, 0], "uv_size": [7, 2]},
								"down": {"uv": [31, 2], "uv_size": [7, -2]}
							}
						},
						{
							"origin": [-3.5, 2, 2],
							"size": [7, 9, 1],
							"uv": {
								"north": {"uv": [1, 1], "uv_size": [7, 9]},
								"east": {"uv": [0, 1], "uv_size": [1, 9]},
								"south": {"uv": [9, 1], "uv_size": [7, 9]},
								"west": {"uv": [8, 1], "uv_size": [1, 9]},
								"up": {"uv": [1, 0], "uv_size": [7, 1]},
								"down": {"uv": [8, 1], "uv_size": [7, -1]}
							}
						},
						{
							"origin": [-1.5, 11.65889, -0.10583],
							"size": [3, 2, 0],
							"pivot": [0, 23, 3],
							"rotation": [15, 0, 0],
							"uv": {
								"north": {"uv": [14, 48], "uv_size": [3, 2]},
								"east": {"uv": [14, 48], "uv_size": [0, 2]},
								"south": {"uv": [17, 48], "uv_size": [3, 2]},
								"west": {"uv": [17, 48], "uv_size": [0, 2]},
								"up": {"uv": [14, 48], "uv_size": [3, 0]},
								"down": {"uv": [17, 48], "uv_size": [3, 0]}
							}
						},
						{
							"origin": [-3.6, 2.4, -1],
							"size": [1, 1, 5],
							"inflate": 0.1,
							"uv": {
								"north": {"uv": [27, 19], "uv_size": [1, 1]},
								"east": {"uv": [22, 19], "uv_size": [5, 1]},
								"south": {"uv": [33, 19], "uv_size": [1, 1]},
								"west": {"uv": [28, 19], "uv_size": [5, 1]},
								"up": {"uv": [27, 14], "uv_size": [1, 5]},
								"down": {"uv": [28, 19], "uv_size": [1, -5]}
							}
						},
						{
							"origin": [2.6, 2.4, -1],
							"size": [1, 1, 5],
							"inflate": 0.1,
							"uv": {
								"north": {"uv": [26, 19], "uv_size": [1, 1]},
								"east": {"uv": [21, 19], "uv_size": [5, 1]},
								"south": {"uv": [32, 19], "uv_size": [1, 1]},
								"west": {"uv": [27, 19], "uv_size": [5, 1]},
								"up": {"uv": [26, 14], "uv_size": [1, 5]},
								"down": {"uv": [27, 19], "uv_size": [1, -5]}
							}
						},
						{
							"origin": [-3.6, 9.4, -1],
							"size": [1, 1, 5],
							"inflate": 0.1,
							"uv": {
								"north": {"uv": [27, 20], "uv_size": [1, 1]},
								"east": {"uv": [22, 20], "uv_size": [5, 1]},
								"south": {"uv": [33, 20], "uv_size": [1, 1]},
								"west": {"uv": [28, 20], "uv_size": [5, 1]},
								"up": {"uv": [27, 15], "uv_size": [1, 5]},
								"down": {"uv": [28, 20], "uv_size": [1, -5]}
							}
						},
						{
							"origin": [-3.6, 2.4, -1],
							"size": [1, 8, 1],
							"inflate": 0.1,
							"uv": {
								"north": {"uv": [24, 16], "uv_size": [1, 8]},
								"east": {"uv": [23, 16], "uv_size": [1, 8]},
								"south": {"uv": [26, 16], "uv_size": [1, 8]},
								"west": {"uv": [25, 16], "uv_size": [1, 8]},
								"up": {"uv": [24, 15], "uv_size": [1, 1]},
								"down": {"uv": [25, 16], "uv_size": [1, -1]}
							}
						},
						{
							"origin": [-1.5, 10, 2],
							"size": [3, 3, 0],
							"inflate": 0.25,
							"uv": {
								"north": {"uv": [0, 0], "uv_size": [3, 3]},
								"east": {"uv": [0, 0], "uv_size": [0, 3]},
								"south": {"uv": [3, 0], "uv_size": [3, 3]},
								"west": {"uv": [3, 0], "uv_size": [0, 3]},
								"up": {"uv": [0, 0], "uv_size": [3, 0]},
								"down": {"uv": [3, 0], "uv_size": [3, 0]}
							}
						},
						{
							"origin": [2.6, 9.4, -1],
							"size": [1, 1, 5],
							"inflate": 0.1,
							"uv": {
								"north": {"uv": [28, 19], "uv_size": [-1, 1]},
								"east": {"uv": [33, 19], "uv_size": [-5, 1]},
								"south": {"uv": [34, 19], "uv_size": [-1, 1]},
								"west": {"uv": [27, 19], "uv_size": [-5, 1]},
								"up": {"uv": [28, 14], "uv_size": [-1, 5]},
								"down": {"uv": [29, 19], "uv_size": [-1, -5]}
							}
						},
						{
							"origin": [2.5, 13, 2.4],
							"size": [2, 3, 2.5],
							"inflate": 0.25,
							"pivot": [3, 4, 1],
							"rotation": [0, 0, -22.5],
							"uv": {
								"north": {"uv": [24, 3], "uv_size": [2, 4]},
								"east": {"uv": [21, 3], "uv_size": [3, 4]},
								"south": {"uv": [29, 3], "uv_size": [2, 4]},
								"west": {"uv": [26, 3], "uv_size": [3, 4]},
								"up": {"uv": [24, 0], "uv_size": [2, 3]},
								"down": {"uv": [26, 3], "uv_size": [2, -3]}
							}
						},
						{
							"origin": [2.5, 13.2, 1.9],
							"size": [2, 2, 0],
							"inflate": 0.25,
							"pivot": [3, 4, 0],
							"rotation": [0, 0, -22.5],
							"uv": {
								"north": {"uv": [0, 0], "uv_size": [2, 4]},
								"east": {"uv": [0, 0], "uv_size": [0, 4]},
								"south": {"uv": [2, 0], "uv_size": [2, 4]},
								"west": {"uv": [2, 0], "uv_size": [0, 4]},
								"up": {"uv": [0, 0], "uv_size": [2, 0]},
								"down": {"uv": [2, 0], "uv_size": [2, 0]}
							}
						},
						{
							"origin": [10.5, 31, 3],
							"size": [0, 2, 1],
							"inflate": 0.25,
							"pivot": [11, 20, 0],
							"rotation": [0, 0, -100],
							"uv": {
								"north": {"uv": [13, 17], "uv_size": [0, 2]},
								"east": {"uv": [12, 17], "uv_size": [1, 2]},
								"south": {"uv": [14, 17], "uv_size": [0, 2]},
								"west": {"uv": [13, 17], "uv_size": [1, 2]},
								"up": {"uv": [13, 16], "uv_size": [0, 1]},
								"down": {"uv": [13, 17], "uv_size": [0, -1]}
							}
						},
						{
							"origin": [7.5, 29, 5.5],
							"size": [0, 1, 0],
							"inflate": 0.25,
							"pivot": [8, 18, 0.5],
							"rotation": [0, 0, -100],
							"uv": {
								"north": {"uv": [12, 16], "uv_size": [0, 1]},
								"east": {"uv": [12, 16], "uv_size": [0, 1]},
								"south": {"uv": [12, 16], "uv_size": [0, 1]},
								"west": {"uv": [12, 16], "uv_size": [0, 1]},
								"up": {"uv": [12, 16], "uv_size": [0, 0]},
								"down": {"uv": [12, 16], "uv_size": [0, 0]}
							}
						},
						{
							"origin": [7.5, 29, 1.5],
							"size": [0, 1, 0],
							"inflate": 0.25,
							"pivot": [8, 18, -3.5],
							"rotation": [0, 0, -100],
							"uv": {
								"north": {"uv": [12, 16], "uv_size": [0, 1]},
								"east": {"uv": [12, 16], "uv_size": [0, 1]},
								"south": {"uv": [12, 16], "uv_size": [0, 1]},
								"west": {"uv": [12, 16], "uv_size": [0, 1]},
								"up": {"uv": [12, 16], "uv_size": [0, 0]},
								"down": {"uv": [12, 16], "uv_size": [0, 0]}
							}
						},
						{
							"origin": [-10.5, 11, 3],
							"size": [6, 1, 1],
							"inflate": 0.25,
							"pivot": [-8, 1, 0],
							"rotation": [0, 0, 12.5],
							"uv": {
								"north": {"uv": [22, 1], "uv_size": [6, 1]},
								"east": {"uv": [21, 1], "uv_size": [1, 1]},
								"south": {"uv": [29, 1], "uv_size": [6, 1]},
								"west": {"uv": [28, 1], "uv_size": [1, 1]},
								"up": {"uv": [22, 0], "uv_size": [6, 1]},
								"down": {"uv": [28, 1], "uv_size": [6, -1]}
							}
						},
						{
							"origin": [4.5, 11, 3],
							"size": [6, 1, 1],
							"inflate": 0.25,
							"pivot": [8, 1, 0],
							"rotation": [0, 0, -12.5],
							"uv": {
								"north": {"uv": [29, 1], "uv_size": [-6, 1]},
								"east": {"uv": [30, 1], "uv_size": [-1, 1]},
								"south": {"uv": [36, 1], "uv_size": [-6, 1]},
								"west": {"uv": [23, 1], "uv_size": [-1, 1]},
								"up": {"uv": [29, 0], "uv_size": [-6, 1]},
								"down": {"uv": [35, 1], "uv_size": [-6, -1]}
							}
						},
						{
							"origin": [1.66416, 6.25754, 3.5],
							"size": [6, 3, 0],
							"inflate": 0.25,
							"pivot": [8.16416, -3.74246, 0.5],
							"rotation": [0, 0, 27.5],
							"uv": {
								"north": {"uv": [27, 13], "uv_size": [-6, 3]},
								"east": {"uv": [27, 13], "uv_size": [0, 3]},
								"south": {"uv": [33, 13], "uv_size": [-6, 3]},
								"west": {"uv": [21, 13], "uv_size": [0, 3]},
								"up": {"uv": [27, 13], "uv_size": [-6, 0]},
								"down": {"uv": [33, 13], "uv_size": [-6, 0]}
							}
						},
						{
							"origin": [-13.66416, 15.25754, 3.5],
							"size": [2, 0, 0],
							"inflate": 0.25,
							"pivot": [-18.16416, 3.25754, 0.5],
							"rotation": [0, 0, 22.5],
							"uv": {
								"north": {"uv": [12, 16], "uv_size": [2, 0]},
								"east": {"uv": [12, 16], "uv_size": [0, 0]},
								"south": {"uv": [14, 16], "uv_size": [2, 0]},
								"west": {"uv": [14, 16], "uv_size": [0, 0]},
								"up": {"uv": [12, 16], "uv_size": [2, 0]},
								"down": {"uv": [14, 16], "uv_size": [2, 0]}
							}
						},
						{
							"origin": [-0.66416, 6.25754, 3.5],
							"size": [5, 3, 0],
							"inflate": 0.25,
							"pivot": [-2.16416, -3.74246, 0.5],
							"rotation": [0, 0, -27.5],
							"uv": {
								"north": {"uv": [21, 13], "uv_size": [5, 3]},
								"east": {"uv": [21, 13], "uv_size": [0, 3]},
								"south": {"uv": [26, 13], "uv_size": [5, 3]},
								"west": {"uv": [26, 13], "uv_size": [0, 3]},
								"up": {"uv": [21, 13], "uv_size": [5, 0]},
								"down": {"uv": [26, 13], "uv_size": [5, 0]}
							}
						},
						{
							"origin": [-4.33584, 6.25754, 3.5],
							"size": [5, 3, 0],
							"inflate": 0.25,
							"pivot": [2.16416, -3.74246, 0.5],
							"rotation": [0, 0, 27.5],
							"uv": {
								"north": {"uv": [26, 14], "uv_size": [-5, 3]},
								"east": {"uv": [26, 14], "uv_size": [0, 3]},
								"south": {"uv": [31, 14], "uv_size": [-5, 3]},
								"west": {"uv": [21, 14], "uv_size": [0, 3]},
								"up": {"uv": [26, 14], "uv_size": [-5, 0]},
								"down": {"uv": [31, 14], "uv_size": [-5, 0]}
							}
						},
						{
							"origin": [-1.33584, 6.25754, 3.5],
							"size": [7, 4, 0],
							"inflate": 0.25,
							"pivot": [5.16416, -2.74246, 0.5],
							"rotation": [0, 0, 27.5],
							"uv": {
								"north": {"uv": [28, 14], "uv_size": [-7, 4]},
								"east": {"uv": [28, 14], "uv_size": [0, 4]},
								"south": {"uv": [35, 14], "uv_size": [-7, 4]},
								"west": {"uv": [21, 14], "uv_size": [0, 4]},
								"up": {"uv": [28, 14], "uv_size": [-7, 0]},
								"down": {"uv": [35, 14], "uv_size": [-7, 0]}
							}
						},
						{
							"origin": [-9.5, 11, 3],
							"size": [8, 0, 1],
							"inflate": 0.25,
							"pivot": [-6, 0, 0],
							"rotation": [0, 0, -27.5],
							"uv": {
								"north": {"uv": [23, 3], "uv_size": [8, 0]},
								"east": {"uv": [22, 3], "uv_size": [1, 0]},
								"south": {"uv": [32, 3], "uv_size": [8, 0]},
								"west": {"uv": [31, 3], "uv_size": [1, 0]},
								"up": {"uv": [23, 2], "uv_size": [8, 1]},
								"down": {"uv": [31, 3], "uv_size": [8, -1]}
							}
						},
						{
							"origin": [-0.5, 14, 3],
							"size": [6, 0, 1],
							"inflate": 0.25,
							"pivot": [1, 3, 0],
							"rotation": [0, 1.5, -70],
							"uv": {
								"north": {"uv": [23, 2], "uv_size": [6, 0]},
								"east": {"uv": [22, 2], "uv_size": [1, 0]},
								"south": {"uv": [30, 2], "uv_size": [6, 0]},
								"west": {"uv": [29, 2], "uv_size": [1, 0]},
								"up": {"uv": [23, 1], "uv_size": [6, 1]},
								"down": {"uv": [29, 2], "uv_size": [6, -1]}
							}
						},
						{
							"origin": [-5.5, 14, 3],
							"size": [6, 0, 1],
							"inflate": 0.25,
							"pivot": [-1, 3, 0],
							"rotation": [0, -1.5, 70],
							"uv": {
								"north": {"uv": [30, 2], "uv_size": [-6, 0]},
								"east": {"uv": [31, 2], "uv_size": [-1, 0]},
								"south": {"uv": [37, 2], "uv_size": [-6, 0]},
								"west": {"uv": [24, 2], "uv_size": [-1, 0]},
								"up": {"uv": [30, 1], "uv_size": [-6, 1]},
								"down": {"uv": [36, 2], "uv_size": [-6, -1]}
							}
						},
						{
							"origin": [1.5, 11, 3],
							"size": [8, 0, 1],
							"inflate": 0.25,
							"pivot": [6, 0, 0],
							"rotation": [0, 0, 27.5],
							"uv": {
								"north": {"uv": [31, 3], "uv_size": [-8, 0]},
								"east": {"uv": [32, 3], "uv_size": [-1, 0]},
								"south": {"uv": [40, 3], "uv_size": [-8, 0]},
								"west": {"uv": [23, 3], "uv_size": [-1, 0]},
								"up": {"uv": [31, 2], "uv_size": [-8, 1]},
								"down": {"uv": [39, 3], "uv_size": [-8, -1]}
							}
						},
						{
							"origin": [2.6, 2.4, -1],
							"size": [1, 8, 1],
							"inflate": 0.1,
							"uv": {
								"north": {"uv": [26, 15], "uv_size": [-1, 8]},
								"east": {"uv": [27, 15], "uv_size": [-1, 8]},
								"south": {"uv": [28, 15], "uv_size": [-1, 8]},
								"west": {"uv": [25, 15], "uv_size": [-1, 8]},
								"up": {"uv": [26, 14], "uv_size": [-1, 1]},
								"down": {"uv": [27, 15], "uv_size": [-1, -1]}
							}
						},
						{
							"origin": [2.5, 22, 3],
							"size": [6, 0, 1],
							"inflate": 0.25,
							"pivot": [4, 11, 0],
							"rotation": [0, 1.5, -110],
							"uv": {
								"north": {"uv": [23, 2], "uv_size": [6, 0]},
								"east": {"uv": [22, 2], "uv_size": [1, 0]},
								"south": {"uv": [30, 2], "uv_size": [6, 0]},
								"west": {"uv": [29, 2], "uv_size": [1, 0]},
								"up": {"uv": [23, 1], "uv_size": [6, 1]},
								"down": {"uv": [29, 2], "uv_size": [6, -1]}
							}
						},
						{
							"origin": [-8.5, 22, 3],
							"size": [6, 0, 1],
							"inflate": 0.25,
							"pivot": [-4, 11, 0],
							"rotation": [0, -1.5, 110],
							"uv": {
								"north": {"uv": [29, 3], "uv_size": [-6, 0]},
								"east": {"uv": [30, 3], "uv_size": [-1, 0]},
								"south": {"uv": [36, 3], "uv_size": [-6, 0]},
								"west": {"uv": [23, 3], "uv_size": [-1, 0]},
								"up": {"uv": [29, 2], "uv_size": [-6, 1]},
								"down": {"uv": [35, 3], "uv_size": [-6, -1]}
							}
						},
						{
							"origin": [-1.5, 10, 2.4],
							"size": [3, 3, 2.5],
							"inflate": 0.25,
							"uv": {
								"north": {"uv": [25, 3], "uv_size": [3, 3]},
								"east": {"uv": [22, 3], "uv_size": [3, 3]},
								"south": {"uv": [31, 3], "uv_size": [3, 3]},
								"west": {"uv": [28, 3], "uv_size": [3, 3]},
								"up": {"uv": [25, 0], "uv_size": [3, 3]},
								"down": {"uv": [28, 3], "uv_size": [3, -3]}
							}
						},
						{
							"origin": [5.5, 27, 2],
							"size": [2, 5, 3],
							"inflate": 0.25,
							"pivot": [7, 19, 0],
							"rotation": [0, 0, -107.5],
							"uv": {
								"north": {"uv": [25, 3], "uv_size": [2, 5]},
								"east": {"uv": [22, 3], "uv_size": [3, 5]},
								"south": {"uv": [30, 3], "uv_size": [2, 5]},
								"west": {"uv": [27, 3], "uv_size": [3, 5]},
								"up": {"uv": [25, 0], "uv_size": [2, 3]},
								"down": {"uv": [27, 3], "uv_size": [2, -3]}
							}
						},
						{
							"origin": [11.66416, 15.25754, 3.5],
							"size": [2, 0, 0],
							"inflate": 0.25,
							"pivot": [18.16416, 3.25754, 0.5],
							"rotation": [0, 0, -22.5],
							"uv": {
								"north": {"uv": [14, 16], "uv_size": [-2, 0]},
								"east": {"uv": [14, 16], "uv_size": [0, 0]},
								"south": {"uv": [16, 16], "uv_size": [-2, 0]},
								"west": {"uv": [12, 16], "uv_size": [0, 0]},
								"up": {"uv": [14, 16], "uv_size": [-2, 0]},
								"down": {"uv": [16, 16], "uv_size": [-2, 0]}
							}
						},
						{
							"origin": [-7.66416, 6.25754, 3.5],
							"size": [6, 3, 0],
							"inflate": 0.25,
							"pivot": [-8.16416, -3.74246, 0.5],
							"rotation": [0, 0, -27.5],
							"uv": {
								"north": {"uv": [21, 14], "uv_size": [6, 3]},
								"east": {"uv": [21, 14], "uv_size": [0, 3]},
								"south": {"uv": [27, 14], "uv_size": [6, 3]},
								"west": {"uv": [27, 14], "uv_size": [0, 3]},
								"up": {"uv": [21, 14], "uv_size": [6, 0]},
								"down": {"uv": [27, 14], "uv_size": [6, 0]}
							}
						},
						{
							"origin": [-5.66416, 6.25754, 3.5],
							"size": [7, 4, 0],
							"inflate": 0.25,
							"pivot": [-5.16416, -2.74246, 0.5],
							"rotation": [0, 0, -27.5],
							"uv": {
								"north": {"uv": [21, 13], "uv_size": [7, 4]},
								"east": {"uv": [21, 13], "uv_size": [0, 4]},
								"south": {"uv": [28, 13], "uv_size": [7, 4]},
								"west": {"uv": [28, 13], "uv_size": [0, 4]},
								"up": {"uv": [21, 13], "uv_size": [7, 0]},
								"down": {"uv": [28, 13], "uv_size": [7, 0]}
							}
						}
					]
				}
			]
		}
	]
}