{
	"format_version": "1.12.0",
	"minecraft:geometry": [
		{
			"description": {
				"identifier": "geometry.backpack_brother_chicken",
				"texture_width": 32,
				"texture_height": 32,
				"visible_bounds_width": 3,
				"visible_bounds_height": 3,
				"visible_bounds_offset": [0, 0.5, 0]
			},
			"bones": [
				{
					"name": "root",
					"pivot": [0, 0, 0]
				},
				{
					"name": "waist",
					"parent": "root",
					"pivot": [0, -2, 0]
				},
				{
					"name": "body",
					"parent": "waist",
					"pivot": [0, -2, 0]
				},
				{
					"name": "brother_chicken",
					"parent": "body",
					"pivot": [1.18921, 5.57515, 3.07089],
					"cubes": [
						{
							"origin": [3.3, 1.4, -0.8],
							"size": [0.3, 1, 1.7],
							"inflate": 0.1,
							"uv": {
								"north": {"uv": [13, 16], "uv_size": [0.25, 1]},
								"east": {"uv": [4, 21], "uv_size": [1.75, 1]},
								"south": {"uv": [22, 16], "uv_size": [0.25, 1]},
								"west": {"uv": [21, 17], "uv_size": [1.75, 1]},
								"up": {"uv": [19, 22], "uv_size": [0.25, 1.75]},
								"down": {"uv": [20, 23.75], "uv_size": [0.25, -1.75]}
							}
						},
						{
							"origin": [-3.6, 1.4, -0.8],
							"size": [0.3, 1, 1.7],
							"inflate": 0.1,
							"uv": {
								"north": {"uv": [13.25, 16], "uv_size": [-0.25, 1]},
								"east": {"uv": [22.75, 17], "uv_size": [-1.75, 1]},
								"south": {"uv": [22.25, 16], "uv_size": [-0.25, 1]},
								"west": {"uv": [5.75, 21], "uv_size": [-1.75, 1]},
								"up": {"uv": [19.25, 22], "uv_size": [-0.25, 1.75]},
								"down": {"uv": [20.25, 23.75], "uv_size": [-0.25, -1.75]}
							}
						},
						{
							"origin": [2.26351, 1.4, 0.6],
							"size": [0.3, 1, 2],
							"inflate": 0.1,
							"pivot": [2.45, 1.9, 2.55],
							"rotation": [0, -32.5, 0],
							"uv": {
								"north": {"uv": [22, 22], "uv_size": [0.25, 1]},
								"east": {"uv": [20, 16], "uv_size": [2, 1]},
								"south": {"uv": [0, 23], "uv_size": [0.25, 1]},
								"west": {"uv": [19, 20], "uv_size": [2, 1]},
								"up": {"uv": [16, 22], "uv_size": [0.25, 2]},
								"down": {"uv": [22, 20], "uv_size": [0.25, -2]}
							}
						},
						{
							"origin": [-2.56351, 1.4, 0.6],
							"size": [0.3, 1, 2],
							"inflate": 0.1,
							"pivot": [-2.45, 1.9, 2.55],
							"rotation": [0, 32.5, 0],
							"uv": {
								"north": {"uv": [22.25, 22], "uv_size": [-0.25, 1]},
								"east": {"uv": [21, 20], "uv_size": [-2, 1]},
								"south": {"uv": [0.25, 23], "uv_size": [-0.25, 1]},
								"west": {"uv": [22, 16], "uv_size": [-2, 1]},
								"up": {"uv": [16.25, 22], "uv_size": [-0.25, 2]},
								"down": {"uv": [22.25, 20], "uv_size": [-0.25, -2]}
							}
						},
						{
							"origin": [-2.3, 5, 2],
							"size": [4.5, 3.5, 4],
							"inflate": -0.2,
							"uv": {
								"north": {"uv": [0, 12], "uv_size": [4.5, 4.5]},
								"east": {"uv": [5, 12], "uv_size": [4, 4.5]},
								"south": {"uv": [12, 1], "uv_size": [4.5, 3.5]},
								"west": {"uv": [12, 5], "uv_size": [4, 4.5]},
								"up": {"uv": [9, 12], "uv_size": [4.5, 4]},
								"down": {"uv": [14, 14], "uv_size": [4.5, -4]}
							}
						},
						{
							"origin": [-2.3, 7.9, 2],
							"size": [4.5, 1.5, 4],
							"inflate": -0.4,
							"uv": {
								"north": {"uv": [0, 12], "uv_size": [3.5, 1.5]},
								"east": {"uv": [5, 12], "uv_size": [5, 1.5]},
								"south": {"uv": [12, 0], "uv_size": [4.5, 1.5]},
								"west": {"uv": [12, 5], "uv_size": [4, 1.5]},
								"up": {"uv": [9, 12], "uv_size": [4.5, 4]},
								"down": {"uv": [14, 14], "uv_size": [4.5, -4]}
							}
						},
						{
							"origin": [-0.8, 8, 1.8],
							"size": [1.5, 1.3, 4.4],
							"inflate": -0.2,
							"uv": {
								"north": {"uv": [19, 17], "uv_size": [1.5, 2.25]},
								"east": {"uv": [17, 0], "uv_size": [4.5, 2.25]},
								"south": {"uv": [0, 20], "uv_size": [1.5, 2.25]},
								"west": {"uv": [4, 17], "uv_size": [4.5, 2.25]},
								"up": {"uv": [13, 17], "uv_size": [1.5, 4.5]},
								"down": {"uv": [15, 21.5], "uv_size": [1.5, -4.5]}
							}
						},
						{
							"origin": [-0.8, 8.7, 1.8],
							"size": [1.5, 1.3, 4.4],
							"inflate": -0.3,
							"uv": {
								"north": {"uv": [19, 17], "uv_size": [1.5, 2.25]},
								"east": {"uv": [17, 0], "uv_size": [4.5, 2.25]},
								"south": {"uv": [0, 20], "uv_size": [1.5, 2.25]},
								"west": {"uv": [4, 17], "uv_size": [4.5, 2.25]},
								"up": {"uv": [13, 17], "uv_size": [1.5, 4.5]},
								"down": {"uv": [15, 21.5], "uv_size": [1.5, -4.5]}
							}
						},
						{
							"origin": [-0.8, 9.3, 1.8],
							"size": [1.5, 1.3, 4.4],
							"inflate": -0.4,
							"uv": {
								"north": {"uv": [19, 17], "uv_size": [1.5, 2.25]},
								"east": {"uv": [17, 0], "uv_size": [4.5, 2.25]},
								"south": {"uv": [0, 20], "uv_size": [1.5, 2.25]},
								"west": {"uv": [4, 17], "uv_size": [4.5, 2.25]},
								"up": {"uv": [13, 17], "uv_size": [1.5, 4.5]},
								"down": {"uv": [15, 21.5], "uv_size": [1.5, -4.5]}
							}
						},
						{
							"origin": [-0.8, 5.8, 5.6],
							"size": [1.5, 1.5, 1],
							"inflate": -0.2,
							"uv": {
								"north": {"uv": [12, 10], "uv_size": [1.5, 1.5]},
								"east": {"uv": [22, 1], "uv_size": [1, 1.5]},
								"south": {"uv": [2, 20], "uv_size": [1.5, 1.5]},
								"west": {"uv": [2, 22], "uv_size": [1, 1.5]},
								"up": {"uv": [3, 22], "uv_size": [1.5, 1]},
								"down": {"uv": [22, 6], "uv_size": [1.5, -1]}
							}
						},
						{
							"origin": [-0.8, 5.8, 6],
							"size": [1.5, 1.5, 1],
							"inflate": -0.3,
							"uv": {
								"north": {"uv": [7, 20], "uv_size": [1.5, 1.5]},
								"east": {"uv": [5, 22], "uv_size": [1, 1.5]},
								"south": {"uv": [9, 20], "uv_size": [1.5, 1.5]},
								"west": {"uv": [22, 6], "uv_size": [1, 1.5]},
								"up": {"uv": [7, 22], "uv_size": [1.5, 1]},
								"down": {"uv": [22, 9], "uv_size": [1.5, -1]}
							}
						},
						{
							"origin": [-0.8, 5.75, 6.3],
							"size": [1.5, 1.5, 1],
							"inflate": -0.4,
							"uv": {
								"north": {"uv": [11, 20], "uv_size": [1.5, 1.5]},
								"east": {"uv": [9, 22], "uv_size": [1, 1.5]},
								"south": {"uv": [20, 14], "uv_size": [1.5, 1.5]},
								"west": {"uv": [10, 22], "uv_size": [1, 1.5]},
								"up": {"uv": [22, 9], "uv_size": [1.5, 1]},
								"down": {"uv": [11, 23], "uv_size": [1.5, -1]}
							}
						},
						{
							"origin": [-2.7, 1.9, 2],
							"size": [5.3, 3, 4],
							"inflate": 0.1,
							"uv": {
								"north": {"uv": [14, 14], "uv_size": [5.25, 3]},
								"east": {"uv": [9, 16], "uv_size": [4, 3]},
								"south": {"uv": [16, 5], "uv_size": [5.25, 3]},
								"west": {"uv": [0, 17], "uv_size": [4, 3]},
								"up": {"uv": [0, 0], "uv_size": [5.25, 4]},
								"down": {"uv": [0, 8], "uv_size": [5.25, -4]}
							}
						},
						{
							"origin": [-2.7, 4.8, 2],
							"size": [5.3, 1, 4],
							"inflate": -0.1,
							"uv": {
								"north": {"uv": [16, 8], "uv_size": [5.25, 1]},
								"east": {"uv": [9, 19], "uv_size": [4, 1]},
								"south": {"uv": [16, 9], "uv_size": [5.25, 1]},
								"west": {"uv": [19, 10], "uv_size": [4, 1]},
								"up": {"uv": [6, 0], "uv_size": [5.25, 4]},
								"down": {"uv": [6, 8], "uv_size": [5.25, -4]}
							}
						},
						{
							"origin": [-2.7, 1, 2],
							"size": [5.3, 1, 4],
							"inflate": -0.1,
							"uv": {
								"north": {"uv": [17, 3], "uv_size": [5.25, 1]},
								"east": {"uv": [19, 11], "uv_size": [4, 1]},
								"south": {"uv": [17, 4], "uv_size": [5.25, 1]},
								"west": {"uv": [19, 12], "uv_size": [4, 1]},
								"up": {"uv": [0, 8], "uv_size": [5.25, 4]},
								"down": {"uv": [6, 12], "uv_size": [5.25, -4]}
							}
						},
						{
							"origin": [3.3, 1.4, -2],
							"size": [0.3, 6.4, 1],
							"inflate": 0.1,
							"uv": {
								"north": {"uv": [6, 21], "uv_size": [0.25, 6.5]},
								"east": {"uv": [17, 17], "uv_size": [1, 6.5]},
								"south": {"uv": [21, 18], "uv_size": [0.25, 6.5]},
								"west": {"uv": [18, 17], "uv_size": [1, 6.5]},
								"up": {"uv": [22, 20], "uv_size": [0.25, 1]},
								"down": {"uv": [22, 22], "uv_size": [0.25, -1]}
							}
						},
						{
							"origin": [-3.6, 1.4, -2],
							"size": [0.3, 6.4, 1],
							"inflate": 0.1,
							"uv": {
								"north": {"uv": [6.25, 21], "uv_size": [-0.25, 6.5]},
								"east": {"uv": [19, 17], "uv_size": [-1, 6.5]},
								"south": {"uv": [21.25, 18], "uv_size": [-0.25, 6.5]},
								"west": {"uv": [18, 17], "uv_size": [-1, 6.5]},
								"up": {"uv": [22.25, 20], "uv_size": [-0.25, 1]},
								"down": {"uv": [22.25, 22], "uv_size": [-0.25, -1]}
							}
						},
						{
							"origin": [1.21757, 8.4, -0.60461],
							"size": [0.3, 0.8, 3],
							"inflate": 0.1,
							"pivot": [1.45, 8.9, 3],
							"rotation": [5, -35, 0],
							"uv": {
								"north": {"uv": [23, 2], "uv_size": [0.25, 0.75]},
								"east": {"uv": [19, 13], "uv_size": [3, 0.75]},
								"south": {"uv": [3, 23], "uv_size": [0.25, 0.75]},
								"west": {"uv": [4, 20], "uv_size": [3, 0.75]},
								"up": {"uv": [13, 22], "uv_size": [0.25, 3]},
								"down": {"uv": [22, 16], "uv_size": [0.25, -3]}
							}
						},
						{
							"origin": [-1.51757, 8.4, -0.60461],
							"size": [0.3, 0.8, 3],
							"inflate": 0.1,
							"pivot": [-1.45, 8.9, 3],
							"rotation": [5, 35, 0],
							"uv": {
								"north": {"uv": [23.25, 2], "uv_size": [-0.25, 0.75]},
								"east": {"uv": [7, 20], "uv_size": [-3, 0.75]},
								"south": {"uv": [3.25, 23], "uv_size": [-0.25, 0.75]},
								"west": {"uv": [22, 13], "uv_size": [-3, 0.75]},
								"up": {"uv": [13.25, 22], "uv_size": [-0.25, 3]},
								"down": {"uv": [22.25, 16], "uv_size": [-0.25, -3]}
							}
						},
						{
							"origin": [3.3, 8, -2],
							"size": [0.3, 0.8, 2],
							"inflate": 0.1,
							"uv": {
								"north": {"uv": [1, 23], "uv_size": [0.25, 0.75]},
								"east": {"uv": [19, 21], "uv_size": [2, 0.75]},
								"south": {"uv": [23, 1], "uv_size": [0.25, 0.75]},
								"west": {"uv": [22, 0], "uv_size": [2, 0.75]},
								"up": {"uv": [14, 22], "uv_size": [0.25, 2]},
								"down": {"uv": [15, 24], "uv_size": [0.25, -2]}
							}
						},
						{
							"origin": [-3.6, 8, -2],
							"size": [0.3, 0.8, 2],
							"inflate": 0.1,
							"uv": {
								"north": {"uv": [1.25, 23], "uv_size": [-0.25, 0.75]},
								"east": {"uv": [24, 0], "uv_size": [-2, 0.75]},
								"south": {"uv": [23.25, 1], "uv_size": [-0.25, 0.75]},
								"west": {"uv": [21, 21], "uv_size": [-2, 0.75]},
								"up": {"uv": [14.25, 22], "uv_size": [-0.25, 2]},
								"down": {"uv": [15.25, 24], "uv_size": [-0.25, -2]}
							}
						}
					]
				}
			]
		}
	]
}