{
	"format_version": "1.16.100",
	"minecraft:item": {
		"description": {
			"identifier": "bd:huggy_statue_form",
			"category": "equipment"
		},
		"components": {
			"minecraft:max_stack_size": 1,
			"minecraft:use_duration": 6,
			"minecraft:cooldown": {
				"duration": 50,
				"category": "huggy_statue_cooldown"
			},
			"minecraft:icon": {
				"texture": "huggy_statue_form"
			},
			"minecraft:display_name": {
				"value": "§6§lbecome inanimate"
			},
			"minecraft:use_animation": "bow",
			"minecraft:on_use": {
				"on_use": {
					"event": "bd:shoot",
					"target": "self"
				}
			},
			"minecraft:render_offsets": {
			    "main_hand": {
			        "third_person": {
			            "scale": [0, 0, 0]
			        }
			    }
			},
			"minecraft:hand_equipped": true
		},
		"events": {
			"bd:shoot": {
				"condition": "query.main_hand_item_max_duration > 3",
				"sequence": [
					{
						"run_command": {
						  "command": [
							"event entity @s bd:huggy_statue_form",
							"replaceitem entity @s slot.weapon.mainhand 0 bd:huggy_statue_form_stop 1 0 {\"minecraft:item_lock\":{ \"mode\": \"lock_in_inventory\",\"mode\":\"lock_in_slot\" },\"minecraft:keep_on_death\":{}}"
						  ],
						  "target": "holder"
						}
					}
				]
			}
		}
	}
}