{
  "format_version": "1.8.0",
  "minecraft:client_entity": {
    "description": {
      "identifier": "mcsm_eps1:wither_storm",
      "materials": {
        "default": "spider",
        "form2": "spider",
        "form3": "spider",
        "form4": "spider",
        "form5": "spider",
        "charged": "charged_creeper"
      },
      "textures": {
        "default": "ws",
        "form2": "ws",
        "form3": "ws",
        "form4": "ws",
        "form5": "ws",
        "charged": "ws_beam_tractor"
      },
      "spawn_egg": {
        "texture": "ws_icon",
        "texture_index": 0
      },
      "geometry": {
        "default": "geometry.the_ws1",
        "form2": "geometry.the_ws2",
        "form3": "geometry.the_ws3",
        "form4": "geometry.the_ws4",
        "form5": "geometry.the_ws5",
        "charged": "geometry.the_ws4_beam_tractor"
      },
      "scripts": {
        "pre_animation": [
          "variable.base_scale = 2;",
          "variable.swell_clamped = Math.clamp(query.swell_amount, 0.0, 1.0);",
          "variable.wobble = 1.0 + Math.sin(query.swell_amount * 5730) * query.swell_amount * 0.01;",
          "variable.swell_adjustment = Math.pow(variable.swell_clamped, 4);",
          "variable.scale_xz = (1.0 + variable.swell_adjustment * 0.4) * variable.wobble;",
          "variable.scale_y = (1.0 + variable.swell_adjustment * 0.1) / variable.wobble;",
          "variable.body_base_rotation = Math.cos(query.life_time * 114.6);",
          "variable.upper_body_rotation = (0.065 + 0.05 * variable.body_base_rotation) * 180 + query.target_x_rotation;",
          "variable.is_invulnerable = query.invulnerable_ticks > 0.0;",
          "variable.display_normal_skin = (query.invulnerable_ticks <= 0) || ((query.invulnerable_ticks <= 80) && (Math.mod(query.invulnerable_ticks / 5, 2) == 1));"
        ],
        "scalex": "variable.scale_xz * variable.base_scale",
        "scaley": "variable.scale_y * variable.base_scale",
        "scalez": "variable.scale_xz * variable.base_scale"
      },
      "animations": {
        "scale": "animation.wither_boss.scale",
        "move": "animation.wither_boss.move",
        "idle1": "animation.the_ws5.idle",
        "idle2": "animation.the_ws2.idle",
        "look_at_target": "animation.wither_boss.look_at_target"
      },
      "animation_controllers": [
        {
          "move": "controller.animation.wither_boss.move"
        },
        {
          "move1": "controller.animation.ws.idling"
        }
      ],
      "render_controllers": [
        "controller.render.ws_forms",
        "controller.render.creeper_armor"
      ]
    }
  }
}