{
  "format_version": "1.10.0",
  "minecraft:client_entity": {
    "description": {
      "identifier": "mcsm_eps1:ws_skull",
      "materials": {
        "default": "spider",
        "charged": "charged_creeper"
      },
      "textures": {
        "default": "ws2",
        "charged": "ws_skull_fire"
      },
      "geometry": {
        "default": "geometry.the_ws_skull",
        "charged": "geometry.the_ws_skull_fire_blast"
      },
      "animations": {
        "move": "animation.arrow.move"
      },
      "scripts": {
        "scale": "2",
        "animate": [
          "move"
        ]
      },
      "render_controllers": [ "controller.render.skeleton",        "controller.render.creeper_armor" ]
    }
  }
}
