{
  "format_version": "1.10.0",
  "minecraft:client_entity": {
    "description": {
      "identifier": "mcsm_eps1:ws_spawn",
      "materials": {
        "default": "npc",
        "st": "spider"
      },
      "textures": {
        "default": "ws_start",
        "st": "ws"
      },
      "geometry": {
        "default": "geometry.the_ws1",
        "st": "geometry.the_ws1"
      },
      "spawn_egg": {
        "texture": "ws_icon",
        "texture_index": 0
      },
      "animations": {
        "move": "animation.the_ws1.spawn"
      },
      "scripts": {
        "scale": "2",
        "animate": [
          "move"
        ]
      },
      "render_controllers": [ "controller.render.ws_start" ]
    }
  }
}
