{
  "format_version": "1.10",
  "minecraft:entity": {
    "description": {
      "identifier": "minecraft:player",
      "is_spawnable": false,
      "is_summonable": false,
      "is_experimental": false,
      "scripts": {
        "animate": [
            "r4a3",
            "m16a1",
            "k3",
            "m14",
            "m3",
            "mssr",
            "glock17",
            "m1911",
            "recoil",
            "reloading",
            "gunshoot"
        ]
      },
      "animations": {
        "gunsetup": "controller.animation.gunsetup",
        "recoil": "controller.animation.recoil",
        "r4a3": "controller.animation.r4a3",
        "r4a3reload": "animation.r4a3.reload",
        "r4a3shoot": "animation.r4a3.shoot",
        "m16a1": "controller.animation.m16a1",
        "m16a1reload": "animation.m16a1.reload",
        "m16a1shoot": "animation.m16a1.shoot",
        "k3": "controller.animation.k3",
        "k3reload": "animation.k3.reload",
        "k3shoot": "animation.k3.shoot",
        "m14": "controller.animation.m14",
        "m14reload": "animation.m14.reload",
        "m14shoot": "animation.m14.shoot",
        "m3": "controller.animation.m3",
        "m3reload": "animation.m3.reload",
        "m3shoot": "animation.m3.shoot",
        "glock17": "controller.animation.glock17",
        "glock17reload": "animation.glock17.reload",
        "glock17shoot": "animation.glock17.shoot",
        "m1911": "controller.animation.m1911",
        "m1911reload": "animation.m1911.reload",
        "m1911shoot": "animation.m1911.shoot",
        "reloading": "controller.animation.reloading",
        "gunshoot": "controller.animation.gunshoot",
        "mssr": "controller.animation.mssr",
        "mssrreload": "animation.mssr.reload",
        "mssrshoot": "animation.mssr.shoot"
      }
    },
    "component_groups": {
      "gun:m14_fire": {
        "minecraft:spawn_entity": [
          {
            "min_wait_time": 0,
            "max_wait_time": 0,
            "single_use": true,
            "spawn_entity": "bullet:308s",
            "num_to_spawn": 1
          }
        ]
      },
      "gun:m3_fire": {
        "minecraft:spawn_entity": [
          {
            "min_wait_time": 0,
            "max_wait_time": 0,
            "single_use": true,
            "spawn_entity": "bullet:45acp_smg",
            "num_to_spawn": 1
          }
        ]
      },
      "gun:glock17_fire": {
        "minecraft:spawn_entity": [
          {
            "min_wait_time": 0,
            "max_wait_time": 0,
            "single_use": true,
            "spawn_entity": "bullet:9mmp",
            "num_to_spawn": 1
          }
        ]
      },
      "gun:m1911_fire": {
        "minecraft:spawn_entity": [
          {
            "min_wait_time": 0,
            "max_wait_time": 0,
            "single_use": true,
            "spawn_entity": "bullet:45acp",
            "num_to_spawn": 1
          }
        ]
      },
      "gun:r4a3_fire": {
        "minecraft:spawn_entity": [
          {
            "min_wait_time": 0,
            "max_wait_time": 0,
            "single_use": true,
            "spawn_entity": "bullet:556c",
            "num_to_spawn": 1
          }
        ]
      },
      "gun:m16a1_fire": {
        "minecraft:spawn_entity": [
          {
            "min_wait_time": 0,
            "max_wait_time": 0,
            "single_use": true,
            "spawn_entity": "bullet:556r",
            "num_to_spawn": 1
          }
        ]
      },
      "gun:k3_fire": {
        "minecraft:spawn_entity": [
          {
            "min_wait_time": 0,
            "max_wait_time": 0,
            "single_use": true,
            "spawn_entity": "bullet:556c",
            "num_to_spawn": 1       
          }
        ]
      },
      "slowgun": {
        "minecraft:movement": {
          "value": 0.08
        }
      },
      "slowgun2": {
        "minecraft:movement": {
          "value": 0.085
        }
      },
      "gun:mssr_fire": {
        "minecraft:spawn_entity": [
          {
            "min_wait_time": 0,
            "max_wait_time": 0,
            "single_use": true,
            "spawn_entity": "bullet:308s",
            "num_to_spawn": 1
          }
        ]
      },
      "scope": {
        "minecraft:movement": {
          "value": -20
        }
      }
    },
    "components": {
      "minecraft:type_family": {
        "family": [
          "player"
        ]
      },
      "minecraft:loot": {
        "table": "loot_tables/empty.json"
      },
      "minecraft:collision_box": {
        "width": 0.6,
        "height": 1.8
      },
      "minecraft:can_climb": {},
      "minecraft:movement": {
        "value": 0.1
      },
      "minecraft:environment_sensor": [
        {
          "on_environment": {
            "filters": {
              "all_of": [
                {
                  "test": "has_equipment",
                  "subject": "self",
                  "domain": "hand",
                  "value": "gun:mssr"
                },
                {
                  "test": "is_sneaking",
                  "subject": "self",
                  "operator": "equals",
                  "value": true
                },
                {
                  "test": "is_family",
                  "subject": "self",
                  "value": "player"
                }
              ]
            },
            "event": "scope"
          }
        },
        {      
          "on_environment": {
            "filters": {
              "all_of": [
                {
                  "test": "has_equipment",
                  "subject": "self",
                  "domain": "hand",
                  "value": "gun:k3"
                },
                {
                  "test": "is_family",
                  "subject": "self",
                  "value": "player"
                }
              ]
            },
            "event": "slowgun"
          }
        },
        {      
          "on_environment": {
            "filters": {
              "all_of": [
                {
                  "test": "has_equipment",
                  "subject": "self",
                  "domain": "hand",
                  "value": "gun:k3_emp"
                },
                {
                  "test": "is_family",
                  "subject": "self",
                  "value": "player"
                }
              ]
            },
            "event": "slowgun2"
          }
        }
      ],
      "minecraft:player.saturation": {
        "value": 20
      },
      "minecraft:player.exhaustion": {
        "value": 0,
        "max": 4
      },
      "minecraft:player.level": {
        "value": 0,
        "max": 24791
      },
      "minecraft:player.experience": {
        "value": 0,
        "max": 1
      },
      "minecraft:breathable": {
        "totalSupply": 15,
        "suffocateTime": -1,
        "inhaleTime": 3.75,
        "generatesBubbles": false
      },
      "minecraft:nameable": {
        "alwaysShow": true,
        "allowNameTagRenaming": false
      },
      "minecraft:physics": {},
      "minecraft:insomnia": {
        "days_until_insomnia": 3
      },
      "minecraft:rideable": {
        "seat_count": 2,
        "family_types": [
          "parrot_tame"
        ],
        "pull_in_entities": true,
        "seats": [
          {
            "position": [
              0.4,
              -0.15,
              0.04
            ],
            "min_rider_count": 0,
            "max_rider_count": 0,
            "lock_rider_rotation": 0
          },
          {
            "position": [
              -0.4,
              -0.15,
              0.04
            ],
            "min_rider_count": 1,
            "max_rider_count": 2,
            "lock_rider_rotation": 0
          }
        ]
      },
      "minecraft:scaffolding_climber": {}
    },
    "events": {
      "gun:m14_fire": {
        "add": {
          "component_groups": [
            "gun:m14_fire"    
          ]
        }
      },
      "gun:m3_fire": {
        "add": {
          "component_groups": [
            "gun:m3_fire"
          ]
        }
      },
      "gun:glock17_fire": {
        "add": {
          "component_groups": [
            "gun:glock17_fire"
          ]
        }
      },
      "gun:m1911_fire": {
        "add": {
          "component_groups": [
            "gun:m1911_fire"   
          ]
        }
      },
      "gun:mssr_fire": {
        "add": {
          "component_groups": [
            "gun:mssr_fire"
          ]
        }
      },
      "gun:r4a3_fire": {
        "add": {
          "component_groups": [
            "gun:r4a3_fire"
          ]
        }
      },
      "gun:m16a1_fire": {
        "add": {
          "component_groups": [
            "gun:m16a1_fire"
          ]
        }
      },
      "gun:k3_fire": {
        "add": {
          "component_groups": [
            "gun:k3_fire"    
          ]
        }
      },
      "scope": {
        "add": {
          "component_groups": [
            "scope"         
          ]
        }
      },
      "slowgun": {
        "add": {
          "component_groups": [
            "slowgun" 
          ]
        }
      },
      "slowgun2": {
        "add": {
          "component_groups": [
            "slowgun2"
          ]
        }
      }
    }
  }
}