{
  "resource_pack_name": "road_tractor",
  "texture_name": "atlas.items",
  "texture_data": {
    "road_tractor": {
      "textures": "textures/items/road_tractor"
    },
    "rail_tractor": {
      "textures": "textures/items/rail_tractor"
    },
    "mower": {
      "textures": "textures/items/mower"
    },
    "grass_fuel": {
      "textures": "textures/items/grass_fuel"
    },
    "highway_tractor": {
      "textures": "textures/items/highway_tractor"
    },
    "cement_truck": {
      "textures": "textures/items/cement_truck"
    },
    "miner": {
      "textures": "textures/items/miner"
    },
    "paver": {
      "textures": "textures/items/paver"
    },
    "wall_builder": {
      "textures": "textures/items/wall_builder"
    }
  }
}