{
  "resource_pack_name": "vanilla",
  "texture_name": "atlas.items",
  "texture_data": {
    "egg_camel": {
      "textures": "textures/items/egg_camel"
    },
    "egg_lion": {
      "textures": "textures/items/egg_lion"
    },
    "egg_penguin": {
      "textures": "textures/items/egg_penguin"
    },
    "egg_tiger": {
      "textures": "textures/items/egg_tiger"
    },
    "egg_elephant": {
      "textures": "textures/items/egg_elephant"
    },
    "egg_deer": {
      "textures": "textures/items/egg_deer"
    },
    "egg_panther": {
      "textures": "textures/items/egg_panther"
    },
    "egg_frog": {
      "textures": "textures/items/egg_frog"
    },
    "egg_crocodile": {
      "textures": "textures/items/egg_crocodile"
    },
    "egg_mouse": {
      "textures": "textures/items/egg_mouse"
    },
    "gallardo": {
      "textures": "textures/items/gallardo"
    },
    "bench": {
      "textures": "textures/items/bench"
    },
    "christmas_tree": {
      "textures": "textures/items/christmas_tree"
    },
    "tivi": {
      "textures": "textures/items/tivi"
    },
    "closet": {
      "textures": "textures/items/closet"
    },
    "laptop": {
      "textures": "textures/items/laptop"
    },
    "piano": {
      "textures": "textures/items/piano"
    },
    "armchairs": {
      "textures": "textures/items/armchairs"
    },
    "chair": {
      "textures": "textures/items/chair"
    },
    "big_table": {
      "textures": "textures/items/big_table"
    },
    "small_table": {
      "textures": "textures/items/small_table"
    },
    "drone": {
      "textures": "textures/items/drone"
    },
    "colorful_gifts": {
      "textures": "textures/items/colorful_gifts"
    },
    "mn_hq_apara": {
      "textures": "textures/items/pamobile/mn_hq_apara"
    },
    "mn_hq_bonba": {
      "textures": "textures/items/pamobile/mn_hq_bonba"
    },
    "mn_hq_alarte": {
      "textures": "textures/items/pamobile/mn_hq_alarte"
    },
    "mn_hq_confu": {
      "textures": "textures/items/pamobile/mn_hq_confu"
    },
    "mn_hq_estu": {
      "textures": "textures/items/pamobile/mn_hq_estu"
    },
    "mn_hq_levio": {
      "textures": "textures/items/pamobile/mn_hq_levio"
    },
    "mn_chapeu_celetor": {
      "textures": [
        "textures/items/pamobile/mn_chapeu_celetor"
      ]
    },
    "mn_oculos_1": {
      "textures": [
        "textures/items/pamobile/mn_oculos_1"
      ]
    },
    "mn_casaco_riffinoria": {
      "textures": [
        "textures/items/pamobile/mn_casaco_riffinoria"
      ]
    },
    "mn_casaco_sonserina": {
      "textures": [
        "textures/items/pamobile/mn_casaco_sonserina"
      ]
    },
    "mn_casaco_lufa": {
      "textures": [
        "textures/items/pamobile/mn_casaco_lufa"
      ]
    },
    "mn_casaco_corvinal": {
      "textures": [
        "textures/items/pamobile/mn_casaco_corvinal"
      ]
    },
    "mn:galeao_prata": {
      "textures": "textures/items/pamobile/mn_galeao_prata"
    },
    "mn:galeao_ouro": {
      "textures": "textures/items/pamobile/mn_galeao_ouro"
    },
    "mn:frag_magia": {
      "textures": "textures/items/pamobile/mn_frag_magia"
    },
    "mn:olivaras": {
      "textures": "textures/items/pamobile/mn_olivaras"
    },
    "mn:feijao": {
      "textures": "textures/items/pamobile/mn_feijao"
    },
    "mn:cerveja_amanteigada": {
      "textures": "textures/items/pamobile/mn_cerveja_amanteigada"
    },
    "mn:sapo_cholocate": {
      "textures": "textures/items/pamobile/mn_sapo_cholocate"
    },
    "mn:vend_roupas": {
      "textures": "textures/items/pamobile/mn_vend_roupas"
    },
    "mn_varinha": {
      "textures": "textures/items/pamobile/mn_varinha"
    },
    "mn_lumus": {
      "textures": "textures/items/pamobile/mn_lumus"
    },
    "mn_petrificus": {
      "textures": "textures/items/pamobile/mn_petrificus"
    }
  }
}