{
	"format_version": "1.8.0",
	"animations": {
		"animation.k3.low": {
			"loop": true,
			"animation_length": 4.79,
			"bones": {
				"root": {
					"rotation": [0, 180, 0],
					"position": [0, 0, -2]
				},
				"rightArm": {
					"rotation": [-90, 0, 8],
					"position": [2, -1.4, -1.8]
				},
				"leftArm": {
					"rotation": [-92.5, 35, 10],
					"position": [0, -3.5, -6]
				},
				"tool": {
					"position": [-2, 13, 11],
					"scale": 0.2
				},
				"k3": {
					"rotation": [90, 0, 0],
					"position": [-6, 2.5, -3.3],
					"scale": 0.23
				},
				"bone29": {
					"position": [0, 0, 0]
				}
			}
		},
		"animation.k3.sight": {
			"loop": true,
			"bones": {
				"root": {
					"rotation": [0, 180, 0],
					"position": [0, 0, -2]
				},
				"rightArm": {
					"rotation": [-90, 0, 0],
					"position": [5.92, -0.4, 0]
				},
				"leftArm": {
					"rotation": [-112.5, 52.5, 10],
					"position": [2.5, -4.5, -12.5]
				},
				"tool": {
					"position": [-2, 14, 10],
					"scale": 0.2
				},
				"k3": {
					"rotation": [90, 0, 0],
					"position": [-5.89, 3, -3.4],
					"scale": 0.23
				}
			}
		},
		"animation.k3.reload": {
			"loop": "hold_on_last_frame",
			"animation_length": 11.26,
			"bones": {
				"556": {
					"position": {
						"4.34": [0, 0, 0],
						"4.4": [0, 1, 0],
						"4.5": [0, 2.4, -12]
					},
					"scale": {
						"0.0": [0, 0, 0],
						"2.57": [0, 0, 0],
						"2.64": [1, 1, 1]
					}
				},
				"leftArm": {
					"rotation": {
						"0.0": [-92.5, 35, 10],
						"0.1": [-92.5, 35, 10],
						"0.29": [-72.5, 22.5, 10],
						"0.45": [-95, 22.5, 10],
						"0.57": [-107.81, 12.74, 14.39],
						"0.77": [-102.5, 49.82, 21.71],
						"0.86": [-95, 57.5, 25],
						"1.1": [-132.5, 27.5, 5],
						"1.26": [-132.5, 27.5, 5],
						"1.63": [-91.02, 0.83, 14.54],
						"1.76": [-72.5, 22.5, 10],
						"1.86": [-77.5, 25, 12.5],
						"2.01": [-74.54, 19.67, 11.51],
						"2.11": [-66.48, 6.77, 10.85],
						"2.24": [-67.5, -10, 10],
						"2.38": [-2.5, -10, 10],
						"2.55": [4.91, -0.15, 10],
						"3.2": [-15, 37.5, 10],
						"3.44": [-12.5, 0, 12.5],
						"4.03": [-62.87, 9.63, 12.31],
						"4.27": [-68.35, 13.92, 17.87],
						"4.35": [-68.35, 13.92, 17.87],
						"4.62": [-67.5, 25, 22.5],
						"4.76": [-67.5, 25, 22.5],
						"5.08": [-78.75, 9.82, 22.5],
						"5.23": [-90, 25, 15],
						"5.31": [-91.72, 27.18, 7.5],
						"5.38": [-96.04, 29.08, 15],
						"5.46": [-103.3, 33.68, 15],
						"5.53": [-102.81, 37.57, 11.35],
						"5.59": [-100, 41.5, 12.5],
						"6.06": [-97.5, 42.5, 12.5],
						"6.31": [-97.5, 42.88, 7.88],
						"7.07": [-132.5, 27.5, 5],
						"7.23": [-132.5, 27.5, 5],
						"7.48": [-102.5, 49.82, 21.71],
						"7.57": [-102.5, 49.82, 21.71],
						"7.72": [-96.05, -1.21, 12.91],
						"7.8": [-82.15, 3.5, 8.64],
						"7.86": [-71.73, 20.16, 5.43],
						"8.19": [-81.81, 21.24, 5.93],
						"8.41": [-81.05, 21.96, 6.26],
						"8.51": [-81.05, 14.46, 6.26],
						"9.07": [-83.76, 27.78, 7.26],
						"9.24": [-83.48, 27.7, 7.16],
						"9.63": [-80.34, 25.01, 6.92],
						"10.03": [-78.1, 25.73, 6.68],
						"10.72": [-81.05, 24.46, 6.26],
						"11.24": [-92.5, 35, 10]
					},
					"position": {
						"0.0": [0, -3.5, -6],
						"0.1": [0, -3.5, -6],
						"0.3": [0, -3.5, -5],
						"0.86": [-0.5, -1, -2],
						"1.1": [-0.5, 1, -3],
						"1.26": [-0.5, 1, -3],
						"1.76": [-0.5, -1, 1],
						"1.86": [-0.5, -1, 1],
						"2.24": [-0.5, -1, 1],
						"2.38": [-0.5, -1, 0],
						"2.55": [-0.5, -1, 0],
						"3.2": [-0.5, 0, 0],
						"3.43": [-0.5, -0.21, 0.21],
						"4.03": [-0.5, -0.77, -1.23],
						"4.27": [-0.5, -0.9, -1.65],
						"4.35": [-0.5, -0.9, -1.65],
						"4.62": [-0.8, -1, -2],
						"4.76": [-0.8, -1, -2],
						"5.23": [-0.54, -0.15, -2.43],
						"5.31": [-0.3, 0, -2.5],
						"5.46": [-0.5, 0.1, -4.1],
						"5.59": [-0.5, 0.24, -5.24],
						"6.06": [-0.5, 0.24, -5.24],
						"6.31": [-0.5, 0.24, -5.24],
						"7.07": [-0.5, 1, -3],
						"7.23": [-0.5, 1, -3],
						"7.57": [-0.5, -1, -2],
						"7.85": [-0.5, -1, 0],
						"8.41": [0.5, -1, -2],
						"8.51": [-0.5, -1, -1],
						"9.07": [0.5, -1, 0.57],
						"10.03": [-0.5, -1, 0.56],
						"10.72": [-0.5, -1, -0.44],
						"10.87": [-0.5, 0.5, -0.89],
						"11.24": [0, -3.5, -6]
					}
				},
				"rightArm": {
					"rotation": {
						"0.0": [-90, 0, 8],
						"0.1": [-90, 0, 8],
						"0.5": [-85, -16.26, 11.01],
						"0.67": [-85, -20.73, 15],
						"0.86": [-82.5, -20.73, 15],
						"1.07": [-87.5, -20.73, 15],
						"1.13": [-85, -20.73, 12.5],
						"1.26": [-85, -20.73, 15],
						"1.38": [-85, -20.73, 15],
						"1.56": [-89, -18.23, 12.5],
						"1.67": [-85, -18.23, 12.5],
						"1.75": [-85, -18.23, 15],
						"1.82": [-85, -18.23, 11.41],
						"1.98": [-85, -17, 2.5],
						"2.11": [-85, -18.23, 13.91],
						"2.19": [-85, -18.23, 8.91],
						"2.43": [-85, -19.28, 2.51],
						"2.99": [-85, -13.39, 4.23],
						"3.32": [-85, -10.73, -13.59],
						"3.45": [-85, -10.73, -11.09],
						"3.59": [-85, -10.73, -13.59],
						"3.7": [-82.5, -10.73, -11.09],
						"4.03": [-85, -10.73, -4.45],
						"4.35": [-85, -10.73, -8.59],
						"4.54": [-85, -8.23, -1.09],
						"4.75": [-85, -10.73, -1.09],
						"5.17": [-90, -10.73, -1.09],
						"5.55": [-87.5, -10.73, 1.41],
						"5.8": [-86, -10.73, 1.41],
						"6.32": [-87.5, -10.73, 1.41],
						"6.52": [-87.5, -10.73, -1.09],
						"7.04": [-87.5, -20.73, 15],
						"7.1": [-85, -20.73, 12.5],
						"7.23": [-85, -20.73, 15],
						"7.42": [-83.52, -20.73, 12.5],
						"7.55": [-82.5, -20.73, 15],
						"7.71": [-85, -20.73, 17.5],
						"7.87": [-85, -20.73, 15],
						"8.41": [-91.33, -5.18, 15],
						"8.51": [-92.5, -5.73, 15],
						"9.07": [-102.5, -3.23, 15],
						"9.24": [-105, -3.23, 15],
						"10.72": [-92.5, -8.23, 15],
						"11.24": [-90, 0, 8]
					},
					"position": {
						"0.0": [2, -1.4, -1.8],
						"0.1": [2, -1.4, -1.8],
						"0.87": [1, 0, 0],
						"1.02": [1, 0.5, 0],
						"1.07": [1, 0.5, 0.3],
						"1.4": [1, 0.5, 0.3],
						"1.55": [1, 0.8, 0.3],
						"1.69": [1, 0.5, 0.7],
						"2.32": [1, 0.5, 0.7],
						"2.43": [0.5, 0, 0.7],
						"2.84": [1, 0.5, 0.7],
						"3.53": [1, 0.5, 0.7],
						"4.08": [1, 0, 0.7],
						"4.35": [1, 0, 0.7],
						"4.54": [0.5, -0.3, 0.7],
						"4.74": [0.5, -0.3, 0.7],
						"5.17": [1, 0, 0.7],
						"5.55": [1, 0, 0.7],
						"5.8": [1, -0.1, 0.7],
						"6.32": [1, 0, 0.7],
						"6.99": [2, -0.9, -1.8],
						"7.04": [2, -0.7, -1.8],
						"7.85": [1, 0.5, 0.3],
						"8.19": [1.43, 1, 0.3],
						"8.41": [3.82, -0.03, 0.3],
						"8.76": [2.11, -0.05, 0.96],
						"9.07": [1, 0.5, -2.7],
						"9.15": [1, 0.5, -3.7],
						"9.24": [1, 0.5, -2.7],
						"9.63": [1, 0.5, 0],
						"10.03": [1, 0.5, -2.7],
						"10.72": [2, -0.5, 0.3],
						"10.87": [1.71, 0.8, 0.21],
						"11.24": [2, -1.4, -1.8]
					}
				},
				"body": {
					"rotation": {
						"1.45": [0, 0, 0],
						"1.49": [0, 0, -2.5],
						"1.57": [0, 0, 0],
						"1.61": [0, 0, 5],
						"1.69": [0, 0, 0],
						"1.85": [0, 0, 0]
					},
					"position": {
						"0.21": [0, 0, 0],
						"0.6": [0, 0, -2],
						"8.41": [0, 0, -2],
						"8.51": [0, 0, -2],
						"10.24": [0, 0, -2],
						"11.15": [0, 0, -2],
						"11.25": [0, 0, 0]
					}
				},
				"tool": {
					"position": [-2, 14, 12],
					"scale": 0.2
				},
				"k3": {
					"rotation": {
						"0.0": [90, 0, 0],
						"8.41": [90, 0, 0],
						"9.07": [97.5, 0, -5],
						"9.24": [100, 0, -5],
						"10.03": [98, 0, -5],
						"10.72": [90, 0, 0],
						"11.24": [90, 0, 0]
					},
					"position": {
						"0.0": [-6, 2.5, -3.3],
						"8.19": [-6, 2.5, -3.3],
						"8.41": [-6, 2.5, -3.3],
						"8.76": [-3.88, 3.42, -2.24],
						"9.07": [-2, 8, -1.3],
						"9.15": [-2, 9, -1.02],
						"9.24": [-2, 8, -0.7],
						"9.63": [-2, 5.3, 0],
						"10.03": [-2, 8, -0.7],
						"10.71": [-6, 2.5, -3.3],
						"11.24": [-6, 2.5, -3.3]
					},
					"scale": {
						"0.0": [0.23, 0.23, 0.23],
						"0.6": [0.23, 0.23, 0.23],
						"11.15": [0.23, 0.23, 0.23],
						"11.24": [0.23, 0.23, 0.23]
					}
				},
				"root": {
					"rotation": [0, 180, 0],
					"position": [0, 0, -2]
				},
				"trapdoor": {
					"rotation": {
						"0.86": [0, 0, 0],
						"1.1": [70, 0, 0],
						"1.26": [70, 0, 0],
						"7.22": [70, 0, 0],
						"7.48": [0, 0, 0]
					}
				},
				"mag": {
					"rotation": {
						"2.02": [0, 0, 0],
						"2.24": [15.97, 4.58, 0],
						"2.38": [87.5, 7.5, 0],
						"2.55": [87.5, 7.5, 0],
						"3.22": [60, 55, 0],
						"3.44": [60, 12.5, 5],
						"3.67": [54.53, 19.32, 5],
						"4.03": [7.5, 30, 5],
						"4.61": [0, 0, 0],
						"4.75": [0, 0, 0]
					},
					"position": {
						"1.86": [0, 0, 0],
						"2.02": [5, 0, 0],
						"2.24": [28.88, -6.22, -8.27],
						"2.32": [31.81, -32.95, -4.54],
						"2.38": [34, -53, 5],
						"2.55": [34, -53, 23],
						"3.22": [8, -46, 18],
						"3.44": [20, -50, 14],
						"3.67": [18.44, -40.41, 2.71],
						"3.84": [17.29, -26.05, -0.15],
						"4.03": [16, -10, 3],
						"4.27": [7.07, 0, 1.33],
						"4.35": [7.07, 0, 1.33],
						"4.61": [0, 0, 0],
						"4.75": [0, 0, 0]
					},
					"scale": {
						"2.51": [1, 1, 1],
						"2.55": [0, 0, 0],
						"3.23": [0, 0, 0],
						"3.3": [1, 1, 1]
					}
				},
				"chain": {
					"rotation": {
						"5.45": [0, 0, 0],
						"5.55": [0, 0, 2],
						"5.72": [0, 0, 2],
						"6.05": [0, 0, 2],
						"6.32": [0, 0, 0]
					},
					"position": {
						"4.52": [0, -13, 0],
						"5.29": [0, -13, 0],
						"5.45": [0, -5.3, 0],
						"5.56": [0, 0.8, 0],
						"5.72": [0, 0.8, 0],
						"6.06": [0, 0.8, 0],
						"6.32": [0, 0, 0]
					},
					"scale": {
						"0.0": [0, 0, 0],
						"3.16": [0, 0, 0],
						"3.23": [1, 1, 1]
					}
				},
				"carryhandle": {
					"rotation": {
						"0.14": [0, 0, 0],
						"0.44": [5, 0, 0],
						"0.49": [0, 0, 0],
						"0.89": [0, 0, 0],
						"1.05": [17.5, 0, 0],
						"1.17": [0, 0, 0],
						"1.41": [0, 0, 0],
						"1.57": [15, 0, 0],
						"1.69": [0, 0, 0],
						"1.9": [0, 0, 0],
						"2.04": [5, 0, 0],
						"2.19": [0, 0, 0],
						"2.99": [0, 0, 0],
						"3.33": [-3, 0, 0],
						"3.48": [0, 0, 0],
						"3.78": [0, 0, 0],
						"3.92": [-2, 0, 0],
						"4.01": [0, 0, 0],
						"4.35": [0, 0, 0],
						"4.53": [-5, 0, 0],
						"4.72": [0, 0, 0],
						"5.18": [10, 0, 0],
						"5.26": [0, 0, 0],
						"5.56": [0, 0, 0],
						"5.79": [-4, 0, 0],
						"5.87": [0, 0, 0],
						"6.32": [2.5, 0, 0],
						"6.51": [-5.67, 0, 0],
						"7.05": [25, 0, 0],
						"7.13": [0, 0, 0],
						"7.42": [0, 0, 0],
						"7.56": [-5, 0, 0],
						"7.63": [0, 0, 0],
						"7.85": [0, 0, 0],
						"8.19": [20, 0, 0],
						"8.51": [-3, 0, 0],
						"8.65": [0, 0, 0],
						"9.24": [0, 0, 0],
						"9.72": [14, 0, 0],
						"9.85": [-8, 0, 0],
						"10.01": [0, 0, 0],
						"10.72": [10, 0, 0],
						"10.88": [0, 0, 0],
						"11.11": [-15, 0, 0],
						"11.23": [0, 0, 0]
					}
				},
				"charginghandle": {
					"position": {
						"9.23": [0, 0, 0],
						"9.64": [0, 0, 12],
						"10.04": [0, 0, 0]
					}
				},
				"octagon5": {
					"rotation": {
						"9.17": [0, 0, 0],
						"9.22": [0, 90, 0],
						"10.03": [0, 90, 0],
						"10.12": [0, 0, 0]
					}
				},
				"bolt": {
					"position": {
						"0.0": [0, 0, -28],
						"9.23": [0, 0, -28],
						"9.63": [0, 0, 0]
					}
				},
				"556f": {
					"position": {
						"4.52": [10, 6, 0],
						"5.29": [10, 6, 0],
						"5.46": [5.7, 7, 0],
						"5.56": [0, 0, 0],
						"5.72": [0, 0, 0]
					}
				},
				"octagon21": {
					"position": [0, 0, 0]
				},
				"link": {
					"rotation": {
						"5.28": [0, 0, 0],
						"5.56": [0, 0, 0]
					},
					"position": {
						"5.28": [0, 0, 0],
						"5.56": [0, 0, 0]
					},
					"scale": 1
				},
				"556f2": {
					"rotation": {
						"5.29": [0, 0, 0],
						"5.45": [0, 0, 0],
						"5.5": [0, 0, 0],
						"5.56": [0, 0, 0]
					},
					"position": {
						"4.52": [8, 2, 0],
						"5.29": [8, 2, 0],
						"5.45": [4.26, 2.81, 0],
						"5.5": [2.32, 1.53, 0],
						"5.56": [0, 0, 0]
					},
					"scale": 1
				},
				"casing3": {
					"rotation": [0, 0, 0]
				},
				"bone29": {
					"rotation": {
						"3.32": [100, 0, 0],
						"4.52": [100, 0, 0],
						"5.3": [100, 0, 0],
						"5.46": [90.5, 0, 0],
						"5.5": [71.8, 0, 0],
						"5.55": [0, 0, 0]
					},
					"position": {
						"3.32": [0, 0, 0],
						"4.52": [0, 0, 0.15],
						"5.3": [0, 0, 0],
						"5.46": [0, 0, -0.2],
						"5.53": [0, 0, -0.3],
						"5.56": [0, 0, 0]
					},
					"scale": {
						"3.32": [1, 0.9, 0.7],
						"4.52": [1, 0.86, 0.68],
						"5.3": [1, 0.86, 0.68],
						"5.46": [1, 0.93, 0.85],
						"5.5": [1, 0.96, 0.61],
						"5.53": [1, 0.98, 0.81],
						"5.56": [1, 1, 1]
					}
				},
				"bone21": {
					"rotation": {
						"4.52": [77.5, 0, 0],
						"5.29": [77.5, 0, 0],
						"5.45": [79.07, 0, 0],
						"5.56": [0, 0, 0],
						"5.72": [0, 0, 0]
					},
					"position": {
						"4.52": [0, -1, 1.7],
						"5.29": [0, -1, 1.7],
						"5.45": [0, -0.41, 1.69],
						"5.56": [0, 0, 0],
						"5.72": [0, 0, 0]
					}
				},
				"556f3": {
					"position": {
						"4.52": [5, 0, 0],
						"5.29": [5, 0, 0],
						"5.46": [1.85, 1, 0],
						"5.56": [0, 0, 0],
						"5.72": [0, 0, 0]
					}
				},
				"octagon32": {
					"position": [0, 0, 0]
				},
				"556f8": {
					"rotation": {
						"5.29": [0, 0, 0],
						"5.46": [0, 0, 0],
						"5.56": [0, 0, 0]
					},
					"position": {
						"4.52": [3, 0, 0],
						"5.29": [3, 0, 0],
						"5.46": [0.29, 0, 0],
						"5.56": [0, 0, 0]
					}
				},
				"bone22": {
					"rotation": {
						"5.28": [0, 0, 0],
						"5.45": [37.5, 0, 0],
						"5.55": [0, 0, 0]
					},
					"position": {
						"5.28": [0, 0, 0],
						"5.45": [0, 0, 0],
						"5.55": [0, 0, 0]
					}
				},
				"556f4": {
					"rotation": [0, 0, 0],
					"position": {
						"5.29": [2, 0, 0],
						"5.55": [0, 0, 0]
					}
				},
				"octagon38": {
					"rotation": {
						"5.29": [0, 0, 0],
						"5.56": [0, 0, 0]
					},
					"position": {
						"5.29": [0, 0, 0],
						"5.56": [0, 0, 0]
					}
				},
				"bone23": {
					"rotation": {
						"5.27": [0, 0, 0],
						"5.45": [-10, 0, 0],
						"5.55": [0, 0, 0]
					},
					"position": {
						"5.27": [0, 0, 0],
						"5.45": [0, 0, 0.5],
						"5.55": [0, 0, 0]
					}
				}
			}
		},
		"animation.k3.hold.mag": {
			"loop": true,
			"animation_length": 1.379,
			"bones": {
				"root": {
					"rotation": [0, 180, 0],
					"position": [0, 0, -2]
				},
				"rightArm": {
					"rotation": [-90, 0, 12.5],
					"position": [1, -1, -4]
				},
				"leftArm": {
					"position": [0, 0, 0]
				},
				"tool": {
					"position": [-2, 13, 11],
					"scale": 0.2
				},
				"k3": {
					"rotation": [90, 0, 0],
					"scale": 0.23
				},
				"lower": {
					"scale": 0
				},
				"upper": {
					"scale": 0
				},
				"Stock": {
					"scale": 0
				},
				"magazine": {
					"position": [0, 33, -6],
					"scale": 0.26
				},
				"pistolgrip": {
					"scale": 0
				},
				"barrelassembly": {
					"scale": 0
				},
				"handguard": {
					"scale": 0
				},
				"receiver": {
					"scale": 0
				},
				"mag": {
					"position": [-21, 23, 26]
				},
				"chain": {
					"position": [0, -13, 0]
				},
				"556f2": {
					"position": [8, 2, 0]
				},
				"bone21": {
					"rotation": [77.5, 0, 0],
					"position": [0, -1, 1.7]
				},
				"556f3": {
					"position": [5, 0, 0]
				},
				"556f8": {
					"position": [3, 0, 0]
				}
			}
		},
		"animation.k3.draw": {
			"loop": "hold_on_last_frame",
			"animation_length": 0.8,
			"bones": {
				"root": {
					"rotation": [0, 180, 0],
					"position": [0, 0, -2]
				},
				"rightArm": {
					"rotation": {
						"0.0": [0, 0, 0],
						"0.36": [-71.25, 0, 6],
						"0.48": [-95, 0, 8],
						"0.72": [-90, 0, 8]
					},
					"position": {
						"0.0": [0, 0, 0],
						"0.72": [2, -1.4, -1.8]
					}
				},
				"leftArm": {
					"rotation": {
						"0.0": [0, 0, 0],
						"0.24": [-46.25, 29.17, 5],
						"0.36": [-69.37, 36.25, 7.5],
						"0.48": [-85, 42.5, 10],
						"0.72": [-92.5, 35, 10]
					},
					"position": {
						"0.0": [0, 0, 0],
						"0.24": [-1.83, -2.33, -2.33],
						"0.36": [0.25, -2, -3.5],
						"0.48": [0, -1.5, -6],
						"0.72": [0, -3.5, -6]
					}
				},
				"tool": {
					"position": [-2, 13, 11],
					"scale": 0.2
				},
				"k3": {
					"rotation": [90, 0, 0],
					"position": [-6, 2.5, -3.3],
					"scale": 0.23
				},
				"carryhandle": {
					"rotation": {
						"0.08": [0, 0, 0],
						"0.48": [20, 0, 0],
						"0.64": [0, 0, 0]
					}
				}
			},
			"sound_effects": {
				"0.2": {
					"effect": "rifle.draw"
				}
			}
		},
		"animation.k3.sprint": {
			"loop": true,
			"bones": {
				"root": {
					"rotation": [0, 180, 0],
					"position": [0, 0, -2]
				},
				"rightArm": {
					"rotation": [-80, -48.23, 25],
					"position": [1, -0.2, -5.5]
				},
				"leftArm": {
					"rotation": [-62.5, 2.5, -12.5],
					"position": [1, -2, -6.5]
				},
				"tool": {
					"position": [-2, 13, 11],
					"scale": 0.2
				},
				"k3": {
					"rotation": [90, 0, 0],
					"position": [-6, 2.5, -3.3],
					"scale": 0.23
				}
			}
		},
		"animation.k3.shoot": {
			"animation_length": 0.64,
			"bones": {
				"556": {
					"position": {
						"0.12": [0, 1, 0],
						"0.16": [0, 2.5, -3],
						"0.24": [0, 2.5, -12]
					}
				},
				"hole3": {
					"rotation": {
						"0.0": [0, 0, 0],
						"0.08": [45, 0, 0],
						"0.12": [0, 0, 0]
					}
				},
				"rightArm": {
					"rotation": {
						"0.0": [0, 0, 0],
						"0.08": [-3, 0, 0],
						"0.2": [0, 0, 0]
					},
					"position": {
						"0.0": [0, 0, 0],
						"0.08": [0, 0, 1.5],
						"0.2": [0, 0, 0]
					}
				},
				"leftArm": {
					"position": {
						"0.04": [0, 0, 0],
						"0.12": [-0.5, 0, 1],
						"0.24": [0, 0, 0]
					}
				},
				"cartridge": {
					"position": {
						"0.12": [0, 0, 0],
						"0.16": [0, 0.5, 0],
						"0.24": [0, 2, -6]
					}
				},
				"trigger": {
					"rotation": {
						"0.0": [0, 0, 0],
						"0.04": [22.5, 0, 0]
					},
					"position": [0, 0, 0]
				},
				"boltcarrier": {
					"position": {
						"0.04": [0, 0, 0],
						"0.12": [0, 0, 13],
						"0.24": [0, 0, 0]
					}
				},
				"casing2": {
					"rotation": {
						"0.22": [0, 0, 0],
						"0.28": [175, 332.5, 0],
						"0.38": [265, 560, 0],
						"0.52": [375, 967.5, 0]
					},
					"position": {
						"0.12": [0, 0, 0],
						"0.18": [-2, 1, -1],
						"0.22": [-4, 4, -2.5],
						"0.28": [-17, -9, -2.5],
						"0.38": [-33, -28, -2.5],
						"0.46": [-60.86, -83.43, -2.5],
						"0.52": [-73, -125, -2.5]
					}
				},
				"bullet2": {
					"scale": {
						"0.04": [1, 1, 1],
						"0.1": [0, 0, 0]
					}
				},
				"bolt": {
					"position": {
						"0.0": [0, 0, 0],
						"0.06": [0, 0, -28],
						"0.14": [0, 0, 0]
					}
				},
				"556f": {
					"position": {
						"0.0": [0, 0, 0],
						"0.06": [0, -2, -17],
						"0.12": [0, -1, 1]
					}
				},
				"link": {
					"rotation": {
						"0.24": [0, 0, 0],
						"0.38": [0, 157.5, -127.5],
						"0.52": [7.5, 305, -247.5]
					},
					"position": {
						"0.12": [0, 0, 0],
						"0.2": [-2, 3, -1],
						"0.24": [-3, 4, -1],
						"0.28": [-5, 4, -1],
						"0.38": [-16, -8, -1],
						"0.6": [-73, -125, -2.5]
					}
				},
				"556f2": {
					"position": {
						"0.04": [0, 0, 0],
						"0.18": [-3, -2, 0]
					}
				},
				"bone29": {
					"scale": {
						"0.0": [1, 1, 1],
						"0.06": [0, 0, 0]
					}
				},
				"bone21": {
					"rotation": {
						"0.04": [0, 0, 0],
						"0.18": [-30, 0, 0]
					},
					"position": {
						"0.04": [0, 0, 0],
						"0.18": [0, 1, 0]
					},
					"scale": {
						"0.04": [1, 1, 1],
						"0.18": [1, 1, 1.3]
					}
				},
				"556f3": {
					"position": {
						"0.04": [0, 0, 0],
						"0.18": [-3, 0, 0]
					}
				},
				"556f8": {
					"position": {
						"0.04": [0, 0, 0],
						"0.18": [-2, 1, 0]
					}
				},
				"bone22": {
					"rotation": {
						"0.04": [0, 0, 0],
						"0.18": [-30, 0, 0]
					},
					"position": {
						"0.04": [0, 0, 0],
						"0.18": [0, 0, 0]
					},
					"scale": {
						"0.04": [1, 1, 1],
						"0.18": [1, 1, 1.5]
					}
				},
				"556f4": {
					"position": {
						"0.04": [0, 0, 0],
						"0.18": [-1, 2, 0]
					}
				},
				"bone23": {
					"rotation": {
						"0.04": [0, 0, 0],
						"0.18": [-32.5, 0, 0]
					},
					"position": {
						"0.04": [0, 0, 0],
						"0.18": [0, 0, 1]
					}
				},
				"556f9": {
					"position": {
						"0.04": [0, 0, 0],
						"0.18": [-2, 1, 0]
					}
				},
				"bone24": {
					"rotation": {
						"0.04": [0, 0, 0],
						"0.18": [32.5, 0, 0]
					},
					"position": {
						"0.04": [0, 0, 0],
						"0.18": [0, 0, -0.7]
					}
				},
				"556f5": {
					"position": {
						"0.04": [0, 0, 0],
						"0.18": [-1, 2, 0]
					}
				},
				"bone25": {
					"rotation": {
						"0.04": [0, 0, 0],
						"0.18": [-30, 0, 0]
					},
					"position": {
						"0.04": [0, 0, 0],
						"0.18": [0, -0.2, 0.85]
					}
				},
				"556f6": {
					"position": {
						"0.04": [0, 0, 0],
						"0.18": [1, 2, 0]
					}
				},
				"bone26": {
					"rotation": {
						"0.04": [0, 0, 0],
						"0.18": [-60, 0, 0]
					},
					"position": {
						"0.04": [0, 0, 0],
						"0.18": [0, 0, 1]
					},
					"scale": {
						"0.04": [1, 1, 1],
						"0.18": [1, 0.8, 0.9]
					}
				},
				"556f10": {
					"position": {
						"0.04": [0, 0, 0],
						"0.18": [0, 3, 0]
					}
				},
				"bone27": {
					"rotation": {
						"0.04": [0, 0, 0],
						"0.18": [30, 0, 0]
					},
					"position": {
						"0.04": [0, 0, 0],
						"0.18": [0, 0, -0.7]
					},
					"scale": {
						"0.04": [1, 1, 1],
						"0.18": [1, 1, 1]
					}
				},
				"556f7": {
					"position": {
						"0.04": [0, 0, 0],
						"0.18": [-1, 2, 0]
					}
				},
				"bone28": {
					"rotation": {
						"0.04": [0, 0, 0],
						"0.18": [22.5, 0, 0]
					},
					"position": {
						"0.04": [0, 0, 0],
						"0.18": [0, 1, 0]
					}
				},
				"556f11": {
					"position": {
						"0.04": [0, 0, 0],
						"0.18": [0, 2, 0]
					}
				},
				"bone30": {
					"rotation": {
						"0.04": [0, 0, 0],
						"0.18": [-25, 0, 0]
					},
					"position": {
						"0.04": [0, 0, 0],
						"0.18": [0, 1, 0.35]
					}
				},
				"carryhandle": {
					"rotation": {
						"0.0": [0, 0, 0],
						"0.08": [12, 0, 0],
						"0.16": [0, 0, 0]
					}
				}
			},
			"particle_effects": {
				"0.04": {
					"effect": "fx.muzzle2",
					"locator": "muzzle5"
				},
				"0.12": {
					"effect": "fx.port",
					"locator": "port5"
				}
			}
		},
		"animation.k3.emp": {
			"loop": true,
			"bones": {
				"root": {
					"rotation": [0, 180, 0],
					"position": [0, 0, -2]
				},
				"rightArm": {
					"rotation": [-90, 0, 8],
					"position": [2, -1.4, -1.8]
				},
				"leftArm": {
					"rotation": [-92.5, 35, 10],
					"position": [0, -3.5, -6]
				},
				"tool": {
					"position": [-2, 13, 11],
					"scale": 0.2
				},
				"k3": {
					"rotation": [90, 0, 0],
					"position": [-6, 2.5, -3.3],
					"scale": 0.23
				},
				"chain": {
					"scale": 0
				}
			}
		},
		"animation.k3.low.tp": {
			"loop": true,
			"bones": {
				"leftArm": {
					"rotation": [-72.5, 30, 10],
					"position": [-0.5, -1, -2]
				},
				"rightArm": {
					"rotation": [-85, -5.73, 10],
					"position": [1, 0, 0]
				},
				"body": {
					"rotation": ["query.target_x_rotation*0.38", "query.target_y_rotation", 0]
				},
				"tool": {
					"position": [-2, 14, 12],
					"scale": 0.2
				},
				"k3": {
					"rotation": [90, 0, 0],
					"position": [-6, 5, -3.3],
					"scale": 0.21
				}
			}
		},
		"animation.k3.sight.tp": {
			"loop": true,
			"bones": {
				"leftArm": {
					"rotation": [-90, 30, 2.5],
					"position": [-0.5, -1, -1]
				},
				"rightArm": {
					"rotation": [-90, -5.73, 1],
					"position": [1, 0, 1]
				},
				"body": {
					"rotation": ["query.target_x_rotation*0.38", "query.target_y_rotation", 0]
				},
				"tool": {
					"position": [-2, 14, 12],
					"scale": 0.2
				},
				"head": {
					"rotation": [4, 0, 0]
				},
				"k3": {
					"rotation": [90, 0, 0],
					"position": [-5.95, 5.1, -3.3],
					"scale": 0.21
				}
			},
			"sound_effects": {
				"0.0": {
					"effect": "rifle.ads"
				}
			}
		},
		"animation.k3.reload.tp": {
			"loop": "hold_on_last_frame",
			"animation_length": 11.26,
			"bones": {
				"556": {
					"position": {
						"4.34": [0, 0, 0],
						"4.4": [0, 1, 0],
						"4.5": [0, 2.4, -12]
					},
					"scale": {
						"0.0": [0, 0, 0],
						"2.57": [0, 0, 0],
						"2.64": [1, 1, 1]
					}
				},
				"leftArm": {
					"rotation": {
						"0.0": [-72.5, 30, 10],
						"0.1": [-72.5, 30, 10],
						"0.29": [-72.5, 22.5, 10],
						"0.45": [-95, 22.5, 10],
						"0.77": [-102.5, 49.82, 21.71],
						"0.86": [-95, 57.5, 25],
						"1.1": [-132.5, 27.5, 5],
						"1.26": [-132.5, 27.5, 5],
						"1.63": [-91.02, 0.83, 14.54],
						"1.76": [-72.5, 22.5, 10],
						"1.86": [-77.5, 25, 12.5],
						"2.01": [-74.54, 19.67, 11.51],
						"2.11": [-66.48, 6.77, 10.85],
						"2.24": [-67.5, -10, 10],
						"2.38": [-2.5, -10, 10],
						"2.55": [4.91, -0.15, 10],
						"3.2": [-15, 37.5, 10],
						"3.44": [-12.5, 0, 12.5],
						"4.03": [-62.87, 9.63, 12.31],
						"4.27": [-68.35, 13.92, 17.87],
						"4.35": [-68.35, 13.92, 17.87],
						"4.62": [-67.5, 25, 22.5],
						"4.76": [-67.5, 25, 22.5],
						"5.08": [-78.75, 9.82, 22.5],
						"5.23": [-90, 30, 15],
						"5.38": [-96.04, 34.08, 15],
						"5.45": [-100.8, 33.68, 15],
						"5.53": [-100.31, 37.57, 11.35],
						"5.62": [-100, 40, 12.5],
						"5.98": [-97.5, 40, 12.5],
						"6.32": [-97.5, 40, 5],
						"7.07": [-132.5, 27.5, 5],
						"7.23": [-132.5, 27.5, 5],
						"7.48": [-102.5, 49.82, 21.71],
						"7.57": [-102.5, 49.82, 21.71],
						"7.72": [-96.05, -1.21, 12.91],
						"7.8": [-82.15, 3.5, 8.64],
						"7.86": [-71.73, 20.16, 5.43],
						"8.19": [-81.81, 21.24, 5.93],
						"8.41": [-81.05, 26.96, 6.26],
						"8.51": [-81.05, 26.96, 6.26],
						"9.07": [-83.76, 27.78, 7.26],
						"9.24": [-83.48, 27.7, 7.16],
						"9.63": [-80.34, 25.01, 6.92],
						"10.03": [-78.1, 25.73, 6.68],
						"10.72": [-81.05, 24.46, 6.26],
						"11.24": [-72.5, 30, 10]
					},
					"position": {
						"0.0": [-0.5, -1, -2],
						"0.1": [-0.5, -1, -2],
						"0.3": [-0.5, -1, -1],
						"0.86": [-0.5, -1, -2],
						"1.1": [-0.5, 1, -3],
						"1.26": [-0.5, 1, -3],
						"1.76": [-0.5, -1, 1],
						"1.86": [-0.5, -1, 1],
						"2.24": [-0.5, -1, 1],
						"2.38": [-0.5, -1, 0],
						"2.55": [-0.5, -1, 0],
						"3.2": [-0.5, 0, 0],
						"3.43": [-0.5, -0.21, 0.21],
						"4.03": [-0.5, -0.77, -1.23],
						"4.27": [-0.5, -0.9, -1.65],
						"4.35": [-0.5, -0.9, -1.65],
						"4.62": [-0.8, -1, -2],
						"4.76": [-0.8, -1, -2],
						"5.23": [-0.5, 0, -2],
						"5.38": [-0.5, 0.1, -2.1],
						"5.56": [-1.5, 0.24, -2.24],
						"7.07": [-0.5, 1, -3],
						"7.23": [-0.5, 1, -3],
						"7.57": [-0.5, -1, -2],
						"7.85": [-0.5, -1, 0],
						"8.41": [-0.5, -1, 0],
						"8.51": [-0.5, -1, 0.56],
						"10.03": [-0.5, -1, 0.56],
						"10.72": [-0.5, -1, -0.44],
						"10.87": [-0.5, 0.5, -0.89],
						"11.24": [-0.5, -1, -2]
					}
				},
				"rightArm": {
					"rotation": {
						"0.0": [-85, -5.73, 10],
						"0.1": [-85, -5.73, 10],
						"0.5": [-85, -16.26, 11.01],
						"0.67": [-85, -20.73, 15],
						"0.86": [-82.5, -20.73, 15],
						"1.07": [-87.5, -20.73, 15],
						"1.13": [-85, -20.73, 12.5],
						"1.26": [-85, -20.73, 15],
						"1.38": [-85, -20.73, 15],
						"1.56": [-89, -18.23, 12.5],
						"1.67": [-85, -18.23, 12.5],
						"1.75": [-85, -18.23, 15],
						"1.82": [-85, -18.23, 11.41],
						"1.98": [-85, -17, 2.5],
						"2.11": [-85, -18.23, 13.91],
						"2.19": [-85, -18.23, 8.91],
						"2.99": [-85, -13.39, 4.23],
						"3.32": [-85, -10.73, -6.09],
						"3.77": [-85, -10.73, -1.09],
						"4.35": [-85, -10.73, -1.09],
						"4.54": [-85, -8.23, -1.09],
						"4.75": [-85, -10.73, -1.09],
						"5.17": [-90, -10.73, -1.09],
						"5.55": [-87.5, -10.73, 1.41],
						"5.8": [-86, -10.73, 1.41],
						"6.32": [-87.5, -10.73, 1.41],
						"6.52": [-87.5, -10.73, -1.09],
						"7.04": [-87.5, -20.73, 15],
						"7.1": [-85, -20.73, 12.5],
						"7.23": [-85, -20.73, 15],
						"7.42": [-83.52, -20.73, 12.5],
						"7.55": [-82.5, -20.73, 15],
						"7.71": [-85, -20.73, 17.5],
						"7.87": [-85, -20.73, 15],
						"8.51": [-92.5, -8.23, 15],
						"9.07": [-102.5, -3.23, 15],
						"9.24": [-105, -3.23, 15],
						"10.72": [-92.5, -8.23, 15],
						"11.24": [-85, -5.73, 10]
					},
					"position": {
						"0.0": [1, 0, 0],
						"0.1": [1, 0, 0],
						"0.87": [1, 0, 0],
						"1.02": [1, 0.5, 0],
						"1.07": [1, 0.5, 0.3],
						"1.4": [1, 0.5, 0.3],
						"1.55": [1, 0.8, 0.3],
						"1.69": [1, 0.5, 0.7],
						"3.53": [1, 0.5, 0.7],
						"4.08": [1, 0, 0.7],
						"4.35": [1, 0, 0.7],
						"4.54": [0.5, -0.3, 0.7],
						"4.74": [0.5, -0.3, 0.7],
						"5.17": [1, 0, 0.7],
						"5.55": [1, 0, 0.7],
						"5.8": [1, -0.1, 0.7],
						"6.32": [1, 0, 0.7],
						"6.99": [1, 0.5, 0],
						"7.04": [1, 0.5, 0.3],
						"7.85": [1, 0.5, 0.3],
						"8.19": [1.43, 1, 0.3],
						"8.51": [2, -0.5, 0.3],
						"9.07": [0, 0.5, -2.7],
						"9.15": [0, 0.5, -3.7],
						"9.24": [0, 0.5, -2.7],
						"9.63": [0, 0.5, 0],
						"10.03": [0, 0.5, -2.7],
						"10.72": [2, -0.5, 0.3],
						"10.87": [1.71, 0.8, 0.21],
						"11.24": [1, 0, 0]
					}
				},
				"body": {
					"rotation": ["query.target_x_rotation*0.38", "query.target_y_rotation", 0]
				},
				"tool": {
					"position": [-2, 14, 12],
					"scale": 0.2
				},
				"k3": {
					"rotation": {
						"0.0": [90, 0, 0],
						"8.41": [90, 0, 0],
						"9.07": [97.5, 0, -5],
						"9.24": [100, 0, -5],
						"10.03": [98, 0, -5],
						"10.72": [90, 0, 0],
						"11.24": [90, 0, 0]
					},
					"position": {
						"0.0": [-6, 5, -3.3],
						"8.41": [-6, 5, -3.3],
						"9.07": [-2, 8, -1.3],
						"9.15": [-2, 9, -1.02],
						"9.24": [-2, 8, -0.7],
						"9.63": [-2, 5.3, 0],
						"10.03": [-2, 8, -0.7],
						"10.71": [-6, 5, -3.3],
						"11.24": [-6, 5, -3.3]
					},
					"scale": {
						"0.0": [0.21, 0.21, 0.21],
						"11.24": [0.21, 0.21, 0.21]
					}
				},
				"trapdoor": {
					"rotation": {
						"0.86": [0, 0, 0],
						"1.1": [70, 0, 0],
						"1.26": [70, 0, 0],
						"7.22": [70, 0, 0],
						"7.48": [0, 0, 0]
					}
				},
				"mag": {
					"rotation": {
						"2.02": [0, 0, 0],
						"2.24": [15.97, 4.58, 0],
						"2.38": [87.5, 7.5, 0],
						"2.55": [87.5, 7.5, 0],
						"3.22": [60, 55, 0],
						"3.44": [60, 12.5, 5],
						"3.67": [54.53, 19.32, 5],
						"4.03": [7.5, 30, 5],
						"4.61": [0, 0, 0],
						"4.75": [0, 0, 0]
					},
					"position": {
						"1.86": [0, 0, 0],
						"2.02": [5, 0, 0],
						"2.24": [28.88, -6.22, -8.27],
						"2.32": [31.81, -32.95, -4.54],
						"2.38": [34, -53, 5],
						"2.55": [34, -53, 23],
						"3.22": [8, -46, 18],
						"3.44": [20, -50, 14],
						"3.67": [18.44, -40.41, 2.71],
						"3.84": [17.29, -26.05, -0.15],
						"4.03": [16, -10, 3],
						"4.27": [7.07, 0, 1.33],
						"4.35": [7.07, 0, 1.33],
						"4.61": [0, 0, 0],
						"4.75": [0, 0, 0]
					},
					"scale": {
						"2.51": [1, 1, 1],
						"2.55": [0, 0, 0],
						"3.23": [0, 0, 0],
						"3.3": [1, 1, 1]
					}
				},
				"chain": {
					"rotation": {
						"5.45": [0, 0, 0],
						"5.55": [0, 0, 2],
						"5.72": [0, 0, 2],
						"6.05": [0, 0, 2],
						"6.32": [0, 0, 0]
					},
					"position": {
						"4.52": [0, -13, 0],
						"5.29": [0, -13, 0],
						"5.45": [0, -5.3, 0],
						"5.56": [0, 0.8, 0],
						"5.72": [0, 0.8, 0],
						"6.06": [0, 0.8, 0],
						"6.32": [0, 0, 0]
					},
					"scale": {
						"0.0": [0, 0, 0],
						"3.16": [0, 0, 0],
						"3.23": [1, 1, 1]
					}
				},
				"carryhandle": {
					"rotation": {
						"0.14": [0, 0, 0],
						"0.44": [5, 0, 0],
						"0.49": [0, 0, 0],
						"0.89": [0, 0, 0],
						"1.05": [17.5, 0, 0],
						"1.17": [0, 0, 0],
						"1.41": [0, 0, 0],
						"1.57": [15, 0, 0],
						"1.69": [0, 0, 0],
						"1.9": [0, 0, 0],
						"2.04": [5, 0, 0],
						"2.19": [0, 0, 0],
						"2.99": [0, 0, 0],
						"3.33": [-3, 0, 0],
						"3.48": [0, 0, 0],
						"3.78": [0, 0, 0],
						"3.92": [-2, 0, 0],
						"4.01": [0, 0, 0],
						"4.35": [0, 0, 0],
						"4.53": [-5, 0, 0],
						"4.72": [0, 0, 0],
						"5.18": [10, 0, 0],
						"5.26": [0, 0, 0],
						"5.56": [0, 0, 0],
						"5.79": [-4, 0, 0],
						"5.87": [0, 0, 0],
						"6.32": [2.5, 0, 0],
						"6.51": [-5.67, 0, 0],
						"7.05": [25, 0, 0],
						"7.13": [0, 0, 0],
						"7.42": [0, 0, 0],
						"7.56": [-5, 0, 0],
						"7.63": [0, 0, 0],
						"7.85": [0, 0, 0],
						"8.19": [20, 0, 0],
						"8.51": [-3, 0, 0],
						"8.65": [0, 0, 0],
						"9.24": [0, 0, 0],
						"9.72": [14, 0, 0],
						"9.85": [-8, 0, 0],
						"10.01": [0, 0, 0],
						"10.72": [10, 0, 0],
						"10.88": [0, 0, 0],
						"11.11": [-15, 0, 0],
						"11.23": [0, 0, 0]
					}
				},
				"charginghandle": {
					"position": {
						"9.23": [0, 0, 0],
						"9.64": [0, 0, 12],
						"10.04": [0, 0, 0]
					}
				},
				"octagon5": {
					"rotation": {
						"9.07": [0, 0, 0],
						"9.17": [0, 90, 0],
						"10.03": [0, 90, 0],
						"10.12": [0, 0, 0]
					}
				},
				"bolt": {
					"position": {
						"0.0": [0, 0, -28],
						"9.23": [0, 0, -28],
						"9.63": [0, 0, 0]
					}
				},
				"556f": {
					"position": {
						"4.52": [10, 6, 0],
						"5.29": [10, 6, 0],
						"5.46": [5.7, 7, 0],
						"5.56": [0, 0, 0],
						"5.72": [0, 0, 0]
					}
				},
				"octagon21": {
					"position": [0, 0, 0]
				},
				"link": {
					"rotation": {
						"5.28": [0, 0, 0],
						"5.56": [0, 0, 0]
					},
					"position": {
						"5.28": [0, 0, 0],
						"5.56": [0, 0, 0]
					},
					"scale": 1
				},
				"556f2": {
					"rotation": {
						"5.29": [0, 0, 0],
						"5.45": [0, 0, 0],
						"5.5": [0, 0, 0],
						"5.56": [0, 0, 0]
					},
					"position": {
						"4.52": [8, 2, 0],
						"5.29": [8, 2, 0],
						"5.45": [4.26, 2.81, 0],
						"5.5": [2.32, 1.53, 0],
						"5.56": [0, 0, 0]
					},
					"scale": 1
				},
				"casing3": {
					"rotation": [0, 0, 0]
				},
				"bone29": {
					"rotation": {
						"3.32": [100, 0, 0],
						"4.52": [100, 0, 0],
						"5.3": [100, 0, 0],
						"5.46": [90.5, 0, 0],
						"5.5": [71.8, 0, 0],
						"5.55": [0, 0, 0]
					},
					"position": {
						"3.32": [0, 0, 0],
						"4.52": [0, 0, 0.15],
						"5.3": [0, 0, 0],
						"5.46": [0, 0, -0.2],
						"5.53": [0, 0, -0.3],
						"5.56": [0, 0, 0]
					},
					"scale": {
						"3.32": [1, 0.9, 0.7],
						"4.52": [1, 0.86, 0.68],
						"5.3": [1, 0.86, 0.68],
						"5.46": [1, 0.93, 0.85],
						"5.5": [1, 0.96, 0.61],
						"5.53": [1, 0.98, 0.81],
						"5.56": [1, 1, 1]
					}
				},
				"bone21": {
					"rotation": {
						"4.52": [77.5, 0, 0],
						"5.29": [77.5, 0, 0],
						"5.45": [79.07, 0, 0],
						"5.56": [0, 0, 0],
						"5.72": [0, 0, 0]
					},
					"position": {
						"4.52": [0, -1, 1.7],
						"5.29": [0, -1, 1.7],
						"5.45": [0, -0.41, 1.69],
						"5.56": [0, 0, 0],
						"5.72": [0, 0, 0]
					}
				},
				"556f3": {
					"position": {
						"4.52": [5, 0, 0],
						"5.29": [5, 0, 0],
						"5.46": [1.85, 1, 0],
						"5.56": [0, 0, 0],
						"5.72": [0, 0, 0]
					}
				},
				"octagon32": {
					"position": [0, 0, 0]
				},
				"556f8": {
					"rotation": {
						"5.29": [0, 0, 0],
						"5.46": [0, 0, 0],
						"5.56": [0, 0, 0]
					},
					"position": {
						"4.52": [3, 0, 0],
						"5.29": [3, 0, 0],
						"5.46": [0.29, 0, 0],
						"5.56": [0, 0, 0]
					}
				},
				"bone22": {
					"rotation": {
						"5.28": [0, 0, 0],
						"5.45": [37.5, 0, 0],
						"5.55": [0, 0, 0]
					},
					"position": {
						"5.28": [0, 0, 0],
						"5.45": [0, 0, 0],
						"5.55": [0, 0, 0]
					}
				},
				"556f4": {
					"rotation": [0, 0, 0],
					"position": {
						"5.29": [2, 0, 0],
						"5.55": [0, 0, 0]
					}
				},
				"octagon38": {
					"rotation": {
						"5.29": [0, 0, 0],
						"5.56": [0, 0, 0]
					},
					"position": {
						"5.29": [0, 0, 0],
						"5.56": [0, 0, 0]
					}
				},
				"bone23": {
					"rotation": {
						"5.27": [0, 0, 0],
						"5.45": [-10, 0, 0],
						"5.55": [0, 0, 0]
					},
					"position": {
						"5.27": [0, 0, 0],
						"5.45": [0, 0, 0.5],
						"5.55": [0, 0, 0]
					}
				}
			}
		},
		"animation.k3.hold.mag.tp": {
			"loop": true,
			"bones": {
				"rightArm": {
					"rotation": [-90, 0, 12.5],
					"position": [0, 0, 0]
				},
				"leftArm": {
					"position": [0, 0, 0]
				},
				"tool": {
					"position": [-2, 13, 11],
					"scale": 0.2
				},
				"k3": {
					"rotation": [90, 0, 0],
					"position": [-6, 5, -3.3],
					"scale": 0.21
				},
				"body": {
					"rotation": ["query.target_x_rotation*0.35", "query.target_y_rotation", 0]
				},
				"lower": {
					"scale": 0.0001
				},
				"upper": {
					"scale": 0.0001
				},
				"Stock": {
					"scale": 0.0001
				},
				"magazine": {
					"position": [-27, 135, -54]
				},
				"pistolgrip": {
					"scale": 0
				},
				"barrelassembly": {
					"scale": 0
				},
				"handguard": {
					"scale": 0
				},
				"receiver": {
					"scale": 0
				},
				"mag": {
					"position": [6, 2, 3]
				},
				"chain": {
					"position": [0, -13, 0]
				},
				"556f2": {
					"position": [8, 2, 0]
				},
				"bone21": {
					"rotation": [77.5, 0, 0],
					"position": [0, -1, 1.7]
				},
				"556f3": {
					"position": [5, 0, 0]
				}
			}
		},
		"animation.k3.draw.tp": {
			"loop": "hold_on_last_frame",
			"animation_length": 0.72,
			"bones": {
				"rightArm": {
					"rotation": {
						"0.0": [0, 0, 0],
						"0.36": [-71.25, 0, 6],
						"0.4": [-71.25, 0, 6],
						"0.48": [-95, 0, 8],
						"0.72": [-85, -5.73, 10]
					},
					"position": {
						"0.0": [0, 0, 0],
						"0.72": [1, 0, 0]
					}
				},
				"leftArm": {
					"rotation": {
						"0.0": [0, 0, 0],
						"0.4": [-65.42, 27.29, 8.33],
						"0.48": [-87.5, 33.75, 10],
						"0.72": [-75, 30, 10]
					},
					"position": {
						"0.0": [0, 0, 0],
						"0.36": [-2, -0.75, -1.5],
						"0.4": [-2, -0.75, -1.5],
						"0.48": [-1.5, -1, -2],
						"0.72": [-0.5, -1, -2]
					}
				},
				"tool": {
					"position": [-2, 13, 11],
					"scale": 0.2
				},
				"k3": {
					"rotation": [90, 0, 0],
					"position": [-6, 5, -3.3],
					"scale": 0.21
				},
				"body": {
					"rotation": ["query.target_x_rotation*0.35", "query.target_y_rotation", 0]
				},
				"carryhandle": {
					"rotation": {
						"0.04": [0, 0, 0],
						"0.44": [20, 0, 0],
						"0.6": [0, 0, 0]
					}
				}
			},
			"sound_effects": {
				"0.2": {
					"effect": "rifle.draw"
				}
			}
		},
		"animation.k3.sprint.tp": {
			"loop": true,
			"bones": {
				"leftArm": {
					"rotation": [-47.5, 15, -12.5],
					"position": [0, 0, -3]
				},
				"rightArm": {
					"rotation": [-80, -45.73, 22.5],
					"position": [0, -1, 0]
				},
				"tool": {
					"position": [-2, 14, 12],
					"scale": 0.2
				},
				"k3": {
					"rotation": [90, 0, 0],
					"position": [-6, 3, -3.3],
					"scale": 0.21
				},
				"head": {
					"rotation": [5, 0, 0]
				}
			}
		},
		"animation.k3.new": {
			"loop": true
		}
	}
}