{ 
	"entity_sounds": {
		"entities": {
      "srp:buglin": {
        "volume": 1.0,
        "pitch": [ 0.76, 1.14 ],
        "events": {
          "ambient": "entity.buglin.idle",
          "hurt": "entity.buglin.hurt",
          "death": "entity.buglin.death"
        }
      },
      "srp:rupter": {
        "volume": 1.0,
        "pitch": [ 0.76, 1.14 ],
        "events": {
          "ambient": "entity.rupter.idle",
          "hurt": "entity.rupter.hurt",
          "death": "entity.rupter.death"
        }
      },
      "srp:infected_pig": {
        "volume": 1.0,
        "pitch": [ 0.76, 1.14 ],
        "events": {
          "ambient": "entity.infected_pig.idle",
          "hurt": "entity.infected_pig.hurt",
          "death": "entity.infected_pig.death"
        }
      },
      "srp:infected_sheep": {
        "volume": 1.0,
        "pitch": [ 0.76, 1.14 ],
        "events": {
          "ambient": "entity.infected_sheep.idle",
          "hurt": "entity.infected_sheep.hurt",
          "death": "entity.infected_sheep.death"
        }
      },
      "srp:infected_cow": {
        "volume": 1.0,
        "pitch": [ 0.76, 1.14 ],
        "events": {
          "ambient": "entity.infected_cow.idle",
          "hurt": "entity.infected_cow.hurt",
          "death": "entity.infected_cow.death"
        }
      },
      "srp:infected_wolf": {
        "volume": 1.0,
        "pitch": [ 0.76, 1.14 ],
        "events": {
          "ambient": "entity.infected_wolf.idle",
          "hurt": "entity.infected_wolf.hurt",
          "death": "entity.infected_wolf.death"
        }
      },
      "srp:infected_villager": {
        "volume": 1.0,
        "pitch": [ 0.76, 1.14 ],
        "events": {
          "ambient": "entity.infected_villager.idle",
          "hurt": "entity.infected_villager.hurt",
          "death": "entity.infected_villager.death"
        }
      },
      "srp:infected_villagerv2": {
        "volume": 1.0,
        "pitch": [ 0.76, 1.14 ],
        "events": {
          "ambient": "entity.infected_villagerv2.idle",
          "hurt": "entity.infected_villagerv2.hurt",
          "death": "entity.infected_villagerv2.death"
        }
      },
      "srp:infected_human": {
        "volume": 1.0,
        "pitch": [ 0.76, 1.14 ],
        "events": {
          "ambient": "entity.infected_human.idle",
          "hurt": "entity.infected_human.hurt",
          "death": "entity.infected_human.death"
        }
      },
      "srp:infected_humanv2": {
        "volume": 1.0,
        "pitch": [ 0.76, 1.14 ],
        "events": {
          "ambient": "entity.infected_humanv2.idle",
          "hurt": "entity.infected_humanv2.hurt",
          "death": "entity.infected_humanv2.death"
        }
      },
      "srp:head_infected_pig": {
        "volume": 1.0,
        "pitch": [ 0.76, 1.14 ],
        "events": {
          "ambient": "entity.head_infected_pig.idle",
          "hurt": "entity.head_infected_pig.hurt",
          "death": "entity.head_infected_pig.death"
        }
      },
      "srp:head_infected_sheep": {
        "volume": 1.0,
        "pitch": [ 0.76, 1.14 ],
        "events": {
          "ambient": "entity.head_infected_sheep.idle",
          "hurt": "entity.head_infected_sheep.hurt",
          "death": "entity.head_infected_sheep.death"
        }
      },
      "srp:head_infected_cow": {
        "volume": 1.0,
        "pitch": [ 0.76, 1.14 ],
        "events": {
          "ambient": "entity.head_infected_cow.idle",
          "hurt": "entity.head_infected_cow.hurt",
          "death": "entity.head_infected_cow.death"
        }
      },
      "srp:head_infected_wolf": {
        "volume": 1.0,
        "pitch": [ 0.76, 1.14 ],
        "events": {
          "ambient": "entity.head_infected_wolf.idle",
          "hurt": "entity.head_infected_wolf.hurt",
          "death": "entity.head_infected_wolf.death"
        }
      },
      "srp:head_infected_villager": {
        "volume": 1.0,
        "pitch": [ 0.76, 1.14 ],
        "events": {
          "ambient": "entity.head_infected_villager.idle",
          "hurt": "entity.head_infected_villager.hurt",
          "death": "entity.head_infected_villager.death"
        }
      }
	}
  }
}
