{
	"format_version": "1.10.0",
	"animation_controllers": {
		"controller.animation.icy_golem_boss": {
			"states": {
				"default": {
					"transitions": [
						{
							"cracked": "query.variant == 1"
						}
					],
					"on_entry": [
						"/function heal"
					]
				},
				"cracked": {
					"transitions": [
						{
							"no_legs": "query.variant == 2"
						}
					],
					"on_entry": [
						"/function heal"
					]
				},
				"no_legs": {
					"transitions": [
						{
							"no_arms": "query.variant == 3"
						}
					],
					"on_entry": [
						"/function heal"
					]
				},
				"no_arms": {
					"on_entry": [
						"/function heal"
					]
				}
			}
		}
	}
}