{
	"format_version": "1.10.0",
	"particle_effect": {
		"description": {
			"identifier": "ic:burst",
			"basic_render_parameters": {
				"material": "particles_blend",
				"texture": "textures/particles/ic_burst"
			}
		},
		"components": {
			"minecraft:emitter_rate_instant": {
				"num_particles": 20
			},
			"minecraft:emitter_lifetime_once": {
				"active_time": 1
			},
			"minecraft:emitter_shape_point": {},
			 "minecraft:particle_lifetime_expression": {
        "max_lifetime": "Math.random(0.75, 1.25)" 
      },
			"minecraft:particle_initial_speed": 10,
			"minecraft:particle_motion_dynamic": {
            "linear_drag_coefficient": 3.0
               },
			"minecraft:particle_appearance_billboard": {
				"size": [0.25,0.25],
				"facing_camera_mode": "lookat_xyz",
				"uv": {
					"texture_width": 16,
					"texture_height": 16,
					"uv": [0, 0],
					"uv_size": [16, 16]
				}
			}
		}
	}
}