{
  "ff.plane": {
    "category": "block",
    "sounds": [
      {
        "name": "sounds/freefire/plane",
        "load_on_low_memory": true
      }
    ]
  },
  "ff.jeep": {
    "category": "block",
    "sounds": [
      {
        "name": "sounds/freefire/jeep",
        "load_on_low_memory": true
      }
    ]
  },
  "ff.lambo": {
    "category": "block",
    "sounds": [
      {
        "name": "sounds/freefire/lambo",
        "load_on_low_memory": true
      }
    ]
  },
  "ff.motor": {
    "category": "block",
    "sounds": [
      {
        "name": "sounds/freefire/motor",
        "load_on_low_memory": true
      }
    ]
  },
  "ff.monster": {
    "category": "block",
    "sounds": [
      {
        "name": "sounds/freefire/monster",
        "load_on_low_memory": true
      }
    ]
  }
}": "block",
        "sounds": [
            {
                "name": "sounds/aircraft/jet",
                "load_on_low_memory": true
            }
        ]
    }
}