{
	"format_version" : "1.10.0",
	"animation_controllers" : {
		"controller.animation.mower.move" : {
			"initial_state" : "default",
			"states" : {
				"default" : {
					"animations" : [
            {
							"move" : "query.modified_move_speed && q.mark_variant == 3"
						}
					],
          "blend_transition" : 0.3,
					"transitions" : [
						{
							"no_smoke" : "query.modified_move_speed < 0.1"
						},
						{
							"just_smoke" : "query.modified_move_speed > 0.1 && q.mark_variant != 3"
						}
					],
          "particle_effects": [
            {
              "effect": "flying_grass",
              "locator": "cutter"
            },
            {
              "effect": "dust_builder",
              "locator": "stacko"
            }
          ]
				},
        "just_smoke" : {
          "blend_transition" : 0.3,
					"animations" : [ { "move" : "query.modified_move_speed" } ],
					"transitions" : [
						{
							"default" : "query.modified_move_speed > 0.1 && q.mark_variant == 3"
						},
						{
							"no_smoke" : "query.modified_move_speed < 0.1"
						}
					],
          "particle_effects": [
            {
              "effect": "dust_builder",
              "locator": "stacko"
            }
          ]
        },
				"no_smoke" : {
          "blend_transition" : 0.3,
					"animations" : [ { "move" : "query.modified_move_speed" } ],
					"transitions" : [
						{
							"default" : "query.modified_move_speed > 0.1 && q.mark_variant == 3"
						},
						{
							"just_smoke" : "query.modified_move_speed > 0.1 && q.mark_variant != 3"
						}
					]
				}
			}
		}
	}
}
