{
    "format_version": "1.10.0",
    "minecraft:client_entity": {
        "description": {
            "identifier": "en:boris",
            "materials": {
                "default": "zombie"
            },
            "textures": {
                "default": "textures\/entities\/boris"
            },
            "geometry": {
                "default": "geometry.boris"
            },
            "animations": {
                "walk": "[]",
                "idle": "animation.boris.idle",
                "cooldown": "[]",
                "move": "[]"
            },
            "scripts": {
                "animate": [
                    {
                        "idle": "query.variant == 1"
                    },
                    "move",
                    "idle"
                ],
                "pre_animation": [
                    "variable.attack = Math.sin(variable.attack_time * 30.0);"
                ]
            },
            "render_controllers": [
                "controller.render.default"
            ],
            "spawn_egg": {
                "texture": "spawn",
                "texture_index": 0
            }
        }
    }
}