{
  "format_version": "1.10.0",
  "particle_effect": {
    "description": {
      "identifier": "minecraft:m1014_draco_particle",
      "basic_render_parameters": {
        "material": "particles_alpha",
        "texture": "textures/particle/m1014_draco"
      }
    },
    "components": {
      "minecraft:emitter_initialization": {
        "creation_expression": "v.acceleration.x \u003d 1.0; v.acceleration.z \u003d 1.0; v.acceleration.y \u003d 1.0;"
      },
      "minecraft:emitter_rate_instant": {
        "num_particles": 1
      },
      "minecraft:emitter_lifetime_once": {
        "active_time": 1
      },
      "minecraft:emitter_shape_point": {},
      "minecraft:particle_lifetime_expression": {
        "max_lifetime": "3 / Math.Random(1, 5) + 0.1"
      },
      "minecraft:particle_initial_speed": 1,
      "minecraft:particle_motion_dynamic": {
        "linear_acceleration": [
          "v.acceleration.x * 15",
          "v.acceleration.y",
          "v.acceleration.z * 15"
        ],
        "linear_drag_coefficient": 2.5
      },
      "minecraft:particle_appearance_billboard": {
        "size": [
          "v.particle_random_1 * v.particle_random_2 * 0.6 + 0.1",
          "v.particle_random_1 * v.particle_random_2 * 0.6 + 0.1"
        ],
        "facing_camera_mode": "lookat_xyz",
        "uv": {
          "texture_width": 128,
          "texture_height": 128,
          "flipbook": {
            "base_UV": [
              56,
              0
            ],
            "size_UV": [
              8,
              8
            ],
            "step_UV": [
              -8,
              0
            ],
            "frames_per_second": 8,
            "max_frame": 8,
            "stretch_to_lifetime": true
          }
        }
      },
      "minecraft:particle_appearance_lighting": {}
    }
  }
}
  }
}