{
  "animation_controllers": {
    "controller.animation.chocho_jumpscare": {
      "initial_state": "default",
      "states": {
        "add": {
          "on_entry": [
            "/scoreboard objectives add eee dummy",
            "/effect @e[r\u003d2,type\u003d!os:chocho] blindness 2 1 true",
            "/scoreboard players add @e[r\u003d3,type\u003d!os:chocho] eee 1",
            "/execute @e[scores\u003d{eee\u003d12..1000}] ~ ~ ~event entity @e[type\u003dos:chocho,r\u003d5] tb:jumpscare_stop",
            "/execute @e[scores\u003d{eee\u003d12..1000}] ~ ~ ~tag @e[type\u003dos:chocho,r\u003d5] remove eee",
            "/kill @e[scores\u003d{eee\u003d12..1000}]",
            "/scoreboard players set @a[scores\u003d{eee\u003d12..1000}] eee 0"
          ],
          "transitions": [
            {
              "default": "1.0"
            }
          ]
        },
        "attack": {
          "on_entry": [
            "/tag @s add eee",
            "/execute @s ~ ~ ~ ride @e[r\u003d3,type\u003d!os:chocho] start_riding @s",
            "/effect @s slowness 2 255 true",
            "/camerashake add @s 4 1"
          ],
          "transitions": [
            {
              "default": "1.0"
            }
          ]
        },
        "default": {
          "transitions": [
            {
              "attack": "variable.attack_time \u003e 0 \u0026\u0026 !query.is_stunned"
            },
            {
              "add": "query.has_rider \u0026\u0026 !query.is_stunned"
            }
          ]
        }
      }
    }
  },
  "format_version": "1.10.0"
}