{
  "resource_pack_name": "Tirtaajalh",
  "texture_name": "atlas.items",
  "texture_data": {
    "emote_dracos_summon": {
      "textures": "textures/emote/dracos_summon"
    },
    "emote_feeding_time": {
      "textures": "textures/emote/feeding_time"
    },
    "emote_draco_soul": {
      "textures": "textures/emote/draco_soul"
    },
    "emote_cobra_rising": {
      "textures": "textures/emote/cobra_rising"
    },
    "emote_born_of_light": {
      "textures": "textures/emote/born_of_light"
    },
    "emote_boold_wraith": {
      "textures": "textures/emote/boold_wraith"
    },
    "emote_the_chosen_victor": {
      "textures": "textures/emote/the_chosen_victor"
    },
    "emote_predator_pulse": {
      "textures": "textures/emote/predator_pulse"
    },
    "emote_cobra_dance": {
      "textures": "textures/emote/cobra_dance"
    },
    "emote_ffwc_throne": {
      "textures": "textures/emote/ffwc_throne"
    },
    "emote_pirates_flag": {
      "textures": "textures/emote/pirates_flag"
    }
  }
}