{
    "format_version": "1.10.0",
    "minecraft:client_entity": {
        "description": {
            "identifier": "en:lis",
            "materials": {
                "default": "zombie"
            },
            "textures": {
                "default": "textures\/entities\/lis"
            },
            "geometry": {
                "default": "geometry.lis"
            },
            "animations": {
                "walk": "animation.human.run",
                "move": "controller.animation.lilcraft.move"
            },
            "scripts": {
                "animate": [
                    "move"
                ],
                "pre_animation": [
                    "variable.attack = Math.sin(variable.attack_time * 30.0);"
                ]
            },
            "render_controllers": [
                "controller.render.default"
            ],
            "spawn_egg": {
                "texture": "spawn",
                "texture_index": 0
            }
        }
    }
}