{
  "format_version": "1.8.0",
  "animations": {
    "animation.mn_petrificus.first_person": {
      "loop": true,
      "animation_length": 0.83333,
      "bones": {
        "bone": {
          "rotation": {
            "0.0": [
              0,
              0,
              -180
            ],
            "0.8333": [
              -720,
              0,
              630
            ]
          },
          "position": [
            0,
            0,
            -0.7
          ]
        }
      }
    },
    "animation.mn_petrificus.third_person": {
      "loop": true,
      "animation_length": 0.5,
      "bones": {
        "bone": {
          "rotation": {
            "0.0": [
              0,
              630,
              0
            ],
            "0.5": [
              -180,
              1080,
              -450
            ]
          },
          "position": [
            0,
            0,
            -0.7
          ]
        }
      }
    }
  }
}