{
  "format_version": "1.10.0",
  "animation_controllers": {
    "controller.animation.k3": {
      "initial_state": "setup",
      "states": {
        "setup": {
          "transitions": [
            {     
              "k3.100": "query.get_equipped_item_name=='k3' && query.is_using_item && query.all_animations_finished"
            }
          ]
        },
        "k3.100": {
          "animations": [
            "k3shoot"
          ],
          "transitions": [
            {
              "k3.99": "query.get_equipped_item_name=='k3' && query.is_using_item && query.all_animations_finished"
            }
          ],
          "on_entry": [
            "/title @s actionbar 99/100"
          ]
        },
        "k3.99": {
          "animations": [
            "k3shoot"
          ],
          "transitions": [
            {
              "k3.98": "query.get_equipped_item_name=='k3' && query.is_using_item && query.all_animations_finished"
            }
          ],
          "on_entry": [
            "/title @s actionbar 98/100"
          ]
        },
        "k3.98": {
          "animations": [
            "k3shoot"
          ],
          "transitions": [
            {
              "k3.97": "query.get_equipped_item_name=='k3' && query.is_using_item && query.all_animations_finished"
            }
          ],
          "on_entry": [
            "/title @s actionbar 97/100"
          ]
        },
        "k3.97": {
          "animations": [
            "k3shoot"
          ],
          "transitions": [
            {
              "k3.96": "query.get_equipped_item_name=='k3' && query.is_using_item && query.all_animations_finished"
            }
          ],
          "on_entry": [
            "/title @s actionbar 96/100"
          ]
        },
        "k3.96": {
          "animations": [
            "k3shoot"
          ],
          "transitions": [
            {
              "k3.95": "query.get_equipped_item_name=='k3' && query.is_using_item && query.all_animations_finished"
            }
          ],
          "on_entry": [
            "/title @s actionbar 95/100"
          ]
        },
        "k3.95": {
          "animations": [
            "k3shoot"
          ],
          "transitions": [
            {
              "k3.94": "query.get_equipped_item_name=='k3' && query.is_using_item && query.all_animations_finished"
            }
          ],
          "on_entry": [
            "/title @s actionbar 94/100"
          ]
        },
        "k3.94": {
          "animations": [
            "k3shoot"
          ],
          "transitions": [
            {
              "k3.93": "query.get_equipped_item_name=='k3' && query.is_using_item && query.all_animations_finished"
            }
          ],
          "on_entry": [
            "/title @s actionbar 93/100"
          ]
        },
        "k3.93": {
          "animations": [
            "k3shoot"
          ],
          "transitions": [
            {
              "k3.92": "query.get_equipped_item_name=='k3' && query.is_using_item && query.all_animations_finished"
            }
          ],
          "on_entry": [
            "/title @s actionbar 92/100"
          ]
        },
        "k3.92": {
          "animations": [
            "k3shoot"
          ],
          "transitions": [
            {
              "k3.91": "query.get_equipped_item_name=='k3' && query.is_using_item && query.all_animations_finished"
            }
          ],
          "on_entry": [
            "/title @s actionbar 91/100"
          ]
        },
        "k3.91": {
          "animations": [
            "k3shoot"
          ],
          "transitions": [
            {
              "k3.90": "query.get_equipped_item_name=='k3' && query.is_using_item && query.all_animations_finished"
            }
          ],
          "on_entry": [
            "/title @s actionbar 90/100"
          ]
        },
        "k3.90": {
          "animations": [
            "k3shoot"
          ],
          "transitions": [
            {
              "k3.89": "query.get_equipped_item_name=='k3' && query.is_using_item && query.all_animations_finished"
            }
          ],
          "on_entry": [
            "/title @s actionbar 89/100"
          ]
        },
        "k3.89": {
          "animations": [
            "k3shoot"
          ],
          "transitions": [
            {
              "k3.88": "query.get_equipped_item_name=='k3' && query.is_using_item && query.all_animations_finished"
            }
          ],
          "on_entry": [
            "/title @s actionbar 88/100"
          ]
        },
        "k3.88": {
          "animations": [
            "k3shoot"
          ],
          "transitions": [
            {
              "k3.87": "query.get_equipped_item_name=='k3' && query.is_using_item && query.all_animations_finished"
            }
          ],
          "on_entry": [
            "/title @s actionbar 87/100"
          ]
        },
        "k3.87": {
          "animations": [
            "k3shoot"
          ],
          "transitions": [
            {
              "k3.86": "query.get_equipped_item_name=='k3' && query.is_using_item && query.all_animations_finished"
            }
          ],
          "on_entry": [
            "/title @s actionbar 86/100"
          ]
        },
        "k3.86": {
          "animations": [
            "k3shoot"
          ],
          "transitions": [
            {
              "k3.85": "query.get_equipped_item_name=='k3' && query.is_using_item && query.all_animations_finished"
            }
          ],
          "on_entry": [
            "/title @s actionbar 85/100"
          ]
        },
        "k3.85": {
          "animations": [
            "k3shoot"
          ],
          "transitions": [
            {
              "k3.84": "query.get_equipped_item_name=='k3' && query.is_using_item && query.all_animations_finished"
            }
          ],
          "on_entry": [
            "/title @s actionbar 84/100"
          ]
        },
        "k3.84": {
          "animations": [
            "k3shoot"
          ],
          "transitions": [
            {
              "k3.83": "query.get_equipped_item_name=='k3' && query.is_using_item && query.all_animations_finished"
            }
          ],
          "on_entry": [
            "/title @s actionbar 83/100"
          ]
        },
        "k3.83": {
          "animations": [
            "k3shoot"
          ],
          "transitions": [
            {
              "k3.82": "query.get_equipped_item_name=='k3' && query.is_using_item && query.all_animations_finished"
            }
          ],
          "on_entry": [
            "/title @s actionbar 82/100"
          ]
        },
        "k3.82": {
          "animations": [
            "k3shoot"
          ],
          "transitions": [
            {
              "k3.81": "query.get_equipped_item_name=='k3' && query.is_using_item && query.all_animations_finished"
            }
          ],
          "on_entry": [
            "/title @s actionbar 81/100"
          ]
        },
        "k3.81": {
          "transitions": [
            {
              "k3.80": "query.get_equipped_item_name=='k3' && query.is_using_item"
            }
          ]
        },
        "k3.80": {
          "animations": [
            "k3shoot"
          ],
          "transitions": [
            {
              "k3.80": "query.get_equipped_item_name=='k3' && query.is_using_item && query.all_animations_finished"
            }
          ],
          "on_entry": [
            "/title @s actionbar 80/100"
          ]
        },
        "k3.80": {
          "animations": [
            "k3shoot"
          ],
          "transitions": [
            {
              "k3.79": "query.get_equipped_item_name=='k3' && query.is_using_item && query.all_animations_finished"
            }
          ],
          "on_entry": [
            "/title @s actionbar 79/100"
          ]
        },
        "k3.79": {
          "animations": [
            "k3shoot"
          ],
          "transitions": [
            {
              "k3.78": "query.get_equipped_item_name=='k3' && query.is_using_item && query.all_animations_finished"
            }
          ],
          "on_entry": [
            "/title @s actionbar 78/100"
          ]
        },
        "k3.78": {
          "animations": [
            "k3shoot"
          ],
          "transitions": [
            {
              "k3.77": "query.get_equipped_item_name=='k3' && query.is_using_item && query.all_animations_finished"
            }
          ],
          "on_entry": [
            "/title @s actionbar 77/100"
          ]
        },
        "k3.77": {
          "animations": [
            "k3shoot"
          ],
          "transitions": [
            {
              "k3.76": "query.get_equipped_item_name=='k3' && query.is_using_item && query.all_animations_finished"
            }
          ],
          "on_entry": [
            "/title @s actionbar 76/100"
          ]
        },
        "k3.76": {
          "animations": [
            "k3shoot"
          ],
          "transitions": [
            {
              "k3.75": "query.get_equipped_item_name=='k3' && query.is_using_item && query.all_animations_finished"
            }
          ],
          "on_entry": [
            "/title @s actionbar 75/100"
          ]
        },
        "k3.75": {
          "animations": [
            "k3shoot"
          ],
          "transitions": [
            {
              "k3.74": "query.get_equipped_item_name=='k3' && query.is_using_item && query.all_animations_finished"
            }
          ],
          "on_entry": [
            "/title @s actionbar 74/100"
          ]
        },
        "k3.74": {
          "animations": [
            "k3shoot"
          ],
          "transitions": [
            {
              "k3.73": "query.get_equipped_item_name=='k3' && query.is_using_item && query.all_animations_finished"
            }
          ],
          "on_entry": [
            "/title @s actionbar 73/100"
          ]
        },
        "k3.73": {
          "animations": [
            "k3shoot"
          ],
          "transitions": [
            {
              "k3.72": "query.get_equipped_item_name=='k3' && query.is_using_item && query.all_animations_finished"
            }
          ],
          "on_entry": [
            "/title @s actionbar 72/100"
          ]
        },
        "k3.72": {
          "animations": [
            "k3shoot"
          ],
          "transitions": [
            {
              "k3.71": "query.get_equipped_item_name=='k3' && query.is_using_item && query.all_animations_finished"
            }
          ],
          "on_entry": [
            "/title @s actionbar 71/100"
          ]
        },
        "k3.71": {
          "animations": [
            "k3shoot"
          ],
          "transitions": [
            {
              "k3.70": "query.get_equipped_item_name=='k3' && query.is_using_item && query.all_animations_finished"
            }
          ],
          "on_entry": [
            "/title @s actionbar 70/100"
          ]
        },
        "k3.70": {
          "animations": [
            "k3shoot"
          ],
          "transitions": [
            {
              "k3.69": "query.get_equipped_item_name=='k3' && query.is_using_item && query.all_animations_finished"
            }
          ],
          "on_entry": [
            "/title @s actionbar 69/100"
          ]
        },
        "k3.69": {
          "animations": [
            "k3shoot"
          ],
          "transitions": [
            {
              "k3.68": "query.get_equipped_item_name=='k3' && query.is_using_item && query.all_animations_finished"
            }
          ],
          "on_entry": [
            "/title @s actionbar 68/100"
          ]
        },
        "k3.68": {
          "animations": [
            "k3shoot"
          ],
          "transitions": [
            {
              "k3.67": "query.get_equipped_item_name=='k3' && query.is_using_item && query.all_animations_finished"
            }
          ],
          "on_entry": [
            "/title @s actionbar 67/100"
          ]
        },
        "k3.67": {
          "animations": [
            "k3shoot"
          ],
          "transitions": [
            {
              "k3.66": "query.get_equipped_item_name=='k3' && query.is_using_item && query.all_animations_finished"
            }
          ],
          "on_entry": [
            "/title @s actionbar 66/100"
          ]
        },
        "k3.66": {
          "animations": [
            "k3shoot"
          ],
          "transitions": [
            {
              "k3.65": "query.get_equipped_item_name=='k3' && query.is_using_item && query.all_animations_finished"
            }
          ],
          "on_entry": [
            "/title @s actionbar 65/100"
          ]
        },
        "k3.65": {
          "animations": [
            "k3shoot"
          ],
          "transitions": [
            {
              "k3.64": "query.get_equipped_item_name=='k3' && query.is_using_item && query.all_animations_finished"
            }
          ],
          "on_entry": [
            "/title @s actionbar 64/100"
          ]
        },
        "k3.64": {
          "animations": [
            "k3shoot"
          ],
          "transitions": [
            {
              "k3.63": "query.get_equipped_item_name=='k3' && query.is_using_item && query.all_animations_finished"
            }
          ],
          "on_entry": [
            "/title @s actionbar 63/100"
          ]
        },
        "k3.63": {
          "animations": [
            "k3shoot"
          ],
          "transitions": [
            {
              "k3.62": "query.get_equipped_item_name=='k3' && query.is_using_item && query.all_animations_finished"
            }
          ],
          "on_entry": [
            "/title @s actionbar 62/100"
          ]
        },
        "k3.62": {
          "animations": [
            "k3shoot"
          ],
          "transitions": [
            {
              "k3.61": "query.get_equipped_item_name=='k3' && query.is_using_item && query.all_animations_finished"
            }
          ],
          "on_entry": [
            "/title @s actionbar 61/100"
          ]
        },
        "k3.61": {
          "animations": [
            "k3shoot"
          ],
          "transitions": [
            {
              "k3.60": "query.get_equipped_item_name=='k3' && query.is_using_item && query.all_animations_finished"
            }
          ],
          "on_entry": [
            "/title @s actionbar 60/100"
          ]
        },
        "k3.60": {
          "animations": [
            "k3shoot"
          ],
          "transitions": [
            {
              "k3.59": "query.get_equipped_item_name=='k3' && query.is_using_item && query.all_animations_finished"
            }
          ],
          "on_entry": [
            "/title @s actionbar 59/100"
          ]
        },
        "k3.59": {
          "animations": [
            "k3shoot"
          ],
          "transitions": [
            {
              "k3.58": "query.get_equipped_item_name=='k3' && query.is_using_item && query.all_animations_finished"
            }
          ],
          "on_entry": [
            "/title @s actionbar 58/100"
          ]
        },
        "k3.58": {
          "animations": [
            "k3shoot"
          ],
          "transitions": [
            {
              "k3.57": "query.get_equipped_item_name=='k3' && query.is_using_item && query.all_animations_finished"
            }
          ],
          "on_entry": [
            "/title @s actionbar 57/100"
          ]
        },
        "k3.57": {
          "animations": [
            "k3shoot"
          ],
          "transitions": [
            {
              "k3.56": "query.get_equipped_item_name=='k3' && query.is_using_item && query.all_animations_finished"
            }
          ],
          "on_entry": [
            "/title @s actionbar 56/100"
          ]
        },
        "k3.56": {
          "animations": [
            "k3shoot"
          ],
          "transitions": [
            {
              "k3.55": "query.get_equipped_item_name=='k3' && query.is_using_item && query.all_animations_finished"
            }
          ],
          "on_entry": [
            "/title @s actionbar 55/100"
          ]
        },
        "k3.55": {
          "animations": [
            "k3shoot"
          ],
          "transitions": [
            {
              "k3.54": "query.get_equipped_item_name=='k3' && query.is_using_item && query.all_animations_finished"
            }
          ],
          "on_entry": [
            "/title @s actionbar 54/100"
          ]
        },
        "k3.54": {
          "animations": [
            "k3shoot"
          ],
          "transitions": [
            {
              "k3.53": "query.get_equipped_item_name=='k3' && query.is_using_item && query.all_animations_finished"
            }
          ],
          "on_entry": [
            "/title @s actionbar 53/100"
          ]
        },
        "k3.53": {
          "animations": [
            "k3shoot"
          ],
          "transitions": [
            {
              "k3.52": "query.get_equipped_item_name=='k3' && query.is_using_item && query.all_animations_finished"
            }
          ],
          "on_entry": [
            "/title @s actionbar 52/100"
          ]
        },
        "k3.52": {
          "animations": [
            "k3shoot"
          ],
          "transitions": [
            {
              "k3.51": "query.get_equipped_item_name=='k3' && query.is_using_item && query.all_animations_finished"
            }
          ],
          "on_entry": [
            "/title @s actionbar 51/100"
          ]
        },
        "k3.51": {
          "animations": [
            "k3shoot"
          ],
          "transitions": [
            {
              "k3.50": "query.get_equipped_item_name=='k3' && query.is_using_item && query.all_animations_finished"
            }
          ],
          "on_entry": [
            "/title @s actionbar 50/100"
          ]
        },
        "k3.50": {
          "animations": [
            "k3shoot"
          ],
          "transitions": [
            {
              "k3.49": "query.get_equipped_item_name=='k3' && query.is_using_item && query.all_animations_finished"
            }
          ],
          "on_entry": [
            "/title @s actionbar 49/100"
          ]
        },
        "k3.49": {
          "animations": [
            "k3shoot"
          ],
          "transitions": [
            {
              "k3.48": "query.get_equipped_item_name=='k3' && query.is_using_item && query.all_animations_finished"
            }
          ],
          "on_entry": [
            "/title @s actionbar 48/100"
          ]
        },
        "k3.48": {
          "animations": [
            "k3shoot"
          ],
          "transitions": [
            {
              "k3.47": "query.get_equipped_item_name=='k3' && query.is_using_item && query.all_animations_finished"
            }
          ],
          "on_entry": [
            "/title @s actionbar 47/100"
          ]
        },
        "k3.47": {
          "animations": [
            "k3shoot"
          ],
          "transitions": [
            {
              "k3.46": "query.get_equipped_item_name=='k3' && query.is_using_item && query.all_animations_finished"
            }
          ],
          "on_entry": [
            "/title @s actionbar 46/100"
          ]
        },
        "k3.46": {
          "animations": [
            "k3shoot"
          ],
          "transitions": [
            {
              "k3.45": "query.get_equipped_item_name=='k3' && query.is_using_item && query.all_animations_finished"
            }
          ],
          "on_entry": [
            "/title @s actionbar 45/100"
          ]
        },
        "k3.45": {
          "animations": [
            "k3shoot"
          ],
          "transitions": [
            {
              "k3.44": "query.get_equipped_item_name=='k3' && query.is_using_item && query.all_animations_finished"
            }
          ],
          "on_entry": [
            "/title @s actionbar 44/100"
          ]
        },
        "k3.44": {
          "animations": [
            "k3shoot"
          ],
          "transitions": [
            {
              "k3.43": "query.get_equipped_item_name=='k3' && query.is_using_item && query.all_animations_finished"
            }
          ],
          "on_entry": [
            "/title @s actionbar 43/100"
          ]
        },
        "k3.43": {
          "animations": [
            "k3shoot"
          ],
          "transitions": [
            {
              "k3.42": "query.get_equipped_item_name=='k3' && query.is_using_item && query.all_animations_finished"
            }
          ],
          "on_entry": [
            "/title @s actionbar 42/100"
          ]
        },
        "k3.42": {
          "animations": [
            "k3shoot"
          ],
          "transitions": [
            {
              "k3.41": "query.get_equipped_item_name=='k3' && query.is_using_item && query.all_animations_finished"
            }
          ],
          "on_entry": [
            "/title @s actionbar 41/100"
          ]
        },
        "k3.41": {
          "animations": [
            "k3shoot"
          ],
          "transitions": [
            {
              "k3.40": "query.get_equipped_item_name=='k3' && query.is_using_item && query.all_animations_finished"
            }
          ],
          "on_entry": [
            "/title @s actionbar 40/100"
          ]
        },
        "k3.40": {
          "animations": [
            "k3shoot"
          ],
          "transitions": [
            {
              "k3.39": "query.get_equipped_item_name=='k3' && query.is_using_item && query.all_animations_finished"
            }
          ],
          "on_entry": [
            "/title @s actionbar 39/100"
          ]
        },
        "k3.39": {
          "animations": [
            "k3shoot"
          ],
          "transitions": [
            {
              "k3.38": "query.get_equipped_item_name=='k3' && query.is_using_item && query.all_animations_finished"
            }
          ],
          "on_entry": [
            "/title @s actionbar 38/100"
          ]
        },
        "k3.38": {
          "animations": [
            "k3shoot"
          ],
          "transitions": [
            {
              "k3.37": "query.get_equipped_item_name=='k3' && query.is_using_item && query.all_animations_finished"
            }
          ],
          "on_entry": [
            "/title @s actionbar 37/100"
          ]
        },
        "k3.37": {
          "animations": [
            "k3shoot"
          ],
          "transitions": [
            {
              "k3.36": "query.get_equipped_item_name=='k3' && query.is_using_item && query.all_animations_finished"
            }
          ],
          "on_entry": [
            "/title @s actionbar 36/100"
          ]
        },
        "k3.36": {
          "animations": [
            "k3shoot"
          ],
          "transitions": [
            {
              "k3.35": "query.get_equipped_item_name=='k3' && query.is_using_item && query.all_animations_finished"
            }
          ],
          "on_entry": [
            "/title @s actionbar 35/100"
          ]
        },
        "k3.35": {
          "animations": [
            "k3shoot"
          ],
          "transitions": [
            {
              "k3.34": "query.get_equipped_item_name=='k3' && query.is_using_item && query.all_animations_finished"
            }
          ],
          "on_entry": [
            "/title @s actionbar 34/100"
          ]
        },
        "k3.34": {
          "animations": [
            "k3shoot"
          ],
          "transitions": [
            {
              "k3.33": "query.get_equipped_item_name=='k3' && query.is_using_item && query.all_animations_finished"
            }
          ],
          "on_entry": [
            "/title @s actionbar 33/100"
          ]
        },
        "k3.33": {
          "animations": [
            "k3shoot"
          ],
          "transitions": [
            {
              "k3.32": "query.get_equipped_item_name=='k3' && query.is_using_item && query.all_animations_finished"
            }
          ],
          "on_entry": [
            "/title @s actionbar 32/100"
          ]
        },
        "k3.32": {
          "animations": [
            "k3shoot"
          ],
          "transitions": [
            {
              "k3.31": "query.get_equipped_item_name=='k3' && query.is_using_item && query.all_animations_finished"
            }
          ],
          "on_entry": [
            "/title @s actionbar 31/100"
          ]
        },
        "k3.31": {
          "transitions": [
            {
              "k3.30": "query.get_equipped_item_name=='k3' && query.is_using_item"
            }
          ]
        },
        "k3.30": {
          "animations": [
            "k3shoot"
          ],
          "transitions": [
            {
              "k3.30": "query.get_equipped_item_name=='k3' && query.is_using_item && query.all_animations_finished"
            }
          ],
          "on_entry": [
            "/title @s actionbar 30/100"
          ]
        },
        "k3.30": {
          "animations": [
            "k3shoot"
          ],
          "transitions": [
            {
              "k3.29": "query.get_equipped_item_name=='k3' && query.is_using_item && query.all_animations_finished"
            }
          ],
          "on_entry": [
            "/title @s actionbar 29/100"
          ]
        },
        "k3.29": {
          "animations": [
            "k3shoot"
          ],
          "transitions": [
            {
              "k3.28": "query.get_equipped_item_name=='k3' && query.is_using_item && query.all_animations_finished"
            }
          ],
          "on_entry": [
            "/title @s actionbar 28/100"
          ]
        },
        "k3.28": {
          "animations": [
            "k3shoot"
          ],
          "transitions": [
            {
              "k3.27": "query.get_equipped_item_name=='k3' && query.is_using_item && query.all_animations_finished"
            }
          ],
          "on_entry": [
            "/title @s actionbar 27/100"
          ]
        },
        "k3.27": {
          "animations": [
            "k3shoot"
          ],
          "transitions": [
            {
              "k3.26": "query.get_equipped_item_name=='k3' && query.is_using_item && query.all_animations_finished"
            }
          ],
          "on_entry": [
            "/title @s actionbar 26/100"
          ]
        },
        "k3.26": {
          "animations": [
            "k3shoot"
          ],
          "transitions": [
            {
              "k3.25": "query.get_equipped_item_name=='k3' && query.is_using_item && query.all_animations_finished"
            }
          ],
          "on_entry": [
            "/title @s actionbar 25/100"
          ]
        },
        "k3.25": {
          "animations": [
            "k3shoot"
          ],
          "transitions": [
            {
              "k3.24": "query.get_equipped_item_name=='k3' && query.is_using_item && query.all_animations_finished"
            }
          ],
          "on_entry": [
            "/title @s actionbar 24/100"
          ]
        },
        "k3.24": {
          "animations": [
            "k3shoot"
          ],
          "transitions": [
            {
              "k3.23": "query.get_equipped_item_name=='k3' && query.is_using_item && query.all_animations_finished"
            }
          ],
          "on_entry": [
            "/title @s actionbar 23/100"
          ]
        },
        "k3.23": {
          "animations": [
            "k3shoot"
          ],
          "transitions": [
            {
              "k3.22": "query.get_equipped_item_name=='k3' && query.is_using_item && query.all_animations_finished"
            }
          ],
          "on_entry": [
            "/title @s actionbar 22/100"
          ]
        },
        "k3.22": {
          "animations": [
            "k3shoot"
          ],
          "transitions": [
            {
              "k3.21": "query.get_equipped_item_name=='k3' && query.is_using_item && query.all_animations_finished"
            }
          ],
          "on_entry": [
            "/title @s actionbar 21/100"
          ]
        },
        "k3.21": {
          "animations": [
            "k3shoot"
          ],
          "transitions": [
            {
              "k3.20": "query.get_equipped_item_name=='k3' && query.is_using_item && query.all_animations_finished"
            }
          ],
          "on_entry": [
            "/title @s actionbar 20/100"
          ]
        },
        "k3.20": {
          "animations": [
            "k3shoot"
          ],
          "transitions": [
            {
              "k3.19": "query.get_equipped_item_name=='k3' && query.is_using_item && query.all_animations_finished"
            }
          ],
          "on_entry": [
            "/title @s actionbar 19/100"
          ]
        },
        "k3.19": {
          "animations": [
            "k3shoot"
          ],
          "transitions": [
            {
              "k3.18": "query.get_equipped_item_name=='k3' && query.is_using_item && query.all_animations_finished"
            }
          ],
          "on_entry": [
            "/title @s actionbar 18/100"
          ]
        },
        "k3.18": {
          "animations": [
            "k3shoot"
          ],
          "transitions": [
            {
              "k3.17": "query.get_equipped_item_name=='k3' && query.is_using_item && query.all_animations_finished"
            }
          ],
          "on_entry": [
            "/title @s actionbar 17/100"
          ]
        },
        "k3.17": {
          "animations": [
            "k3shoot"
          ],
          "transitions": [
            {
              "k3.16": "query.get_equipped_item_name=='k3' && query.is_using_item && query.all_animations_finished"
            }
          ],
          "on_entry": [
            "/title @s actionbar 16/100"
          ]
        },
        "k3.16": {
          "animations": [
            "k3shoot"
          ],
          "transitions": [
            {
              "k3.15": "query.get_equipped_item_name=='k3' && query.is_using_item && query.all_animations_finished"
            }
          ],
          "on_entry": [
            "/title @s actionbar 15/100"
          ]
        },
        "k3.15": {
          "animations": [
            "k3shoot"
          ],
          "transitions": [
            {
              "k3.14": "query.get_equipped_item_name=='k3' && query.is_using_item && query.all_animations_finished"
            }
          ],
          "on_entry": [
            "/title @s actionbar 14/100"
          ]
        },
        "k3.14": {
          "animations": [
            "k3shoot"
          ],
          "transitions": [
            {
              "k3.13": "query.get_equipped_item_name=='k3' && query.is_using_item && query.all_animations_finished"
            }
          ],
          "on_entry": [
            "/title @s actionbar 13/100"
          ]
        },
        "k3.13": {
          "animations": [
            "k3shoot"
          ],
          "transitions": [
            {
              "k3.12": "query.get_equipped_item_name=='k3' && query.is_using_item && query.all_animations_finished"
            }
          ],
          "on_entry": [
            "/title @s actionbar 12/100"
          ]
        },
        "k3.12": {
          "animations": [
            "k3shoot"
          ],
          "transitions": [
            {
              "k3.11": "query.get_equipped_item_name=='k3' && query.is_using_item && query.all_animations_finished"
            }
          ],
          "on_entry": [
            "/title @s actionbar 11/100"
          ]
        },
        "k3.11": {
          "animations": [
            "k3shoot"
          ],
          "transitions": [
            {
              "k3.10": "query.get_equipped_item_name=='k3' && query.is_using_item && query.all_animations_finished"
            }
          ],
          "on_entry": [
            "/title @s actionbar 10/100"
          ]
        },
        "k3.10": {
          "animations": [
            "k3shoot"
          ],
          "transitions": [
            {
              "k3.9": "query.get_equipped_item_name=='k3' && query.is_using_item && query.all_animations_finished"
            }
          ],
          "on_entry": [
            "/title @s actionbar 9/100"
          ]
        },
        "k3.9": {
          "animations": [
            "k3shoot"
          ],
          "transitions": [
            {
              "k3.8": "query.get_equipped_item_name=='k3' && query.is_using_item && query.all_animations_finished"
            }
          ],
          "on_entry": [
            "/title @s actionbar 8/100"
          ]
        },
        "k3.8": {
          "animations": [
            "k3shoot"
          ],
          "transitions": [
            {
              "k3.7": "query.get_equipped_item_name=='k3' && query.is_using_item && query.all_animations_finished"
            }
          ],
          "on_entry": [
            "/title @s actionbar 7/100"
          ]
        },
        "k3.7": {
          "animations": [
            "k3shoot"
          ],
          "transitions": [
            {
              "k3.6": "query.get_equipped_item_name=='k3' && query.is_using_item && query.all_animations_finished"
            }
          ],
          "on_entry": [
            "/title @s actionbar 6/100"
          ]
        },
        "k3.6": {
          "animations": [
            "k3shoot"
          ],
          "transitions": [
            {
              "k3.5": "query.get_equipped_item_name=='k3' && query.is_using_item && query.all_animations_finished"
            }
          ],
          "on_entry": [
            "/title @s actionbar 5/100"
          ]
        },
        "k3.5": {
          "animations": [
            "k3shoot"
          ],
          "transitions": [
            {
              "k3.4": "query.get_equipped_item_name=='k3' && query.is_using_item && query.all_animations_finished"
            }
          ],
          "on_entry": [
            "/title @s actionbar 4/100"
          ]
        },
        "k3.4": {
          "animations": [
            "k3shoot"
          ],
          "transitions": [
            {
              "k3.3": "query.get_equipped_item_name=='k3' && query.is_using_item && query.all_animations_finished"
            }
          ],
          "on_entry": [
            "/title @s actionbar 3/100"
          ]
        },
        "k3.3": {
          "animations": [
            "k3shoot"
          ],
          "transitions": [
            {
              "k3.2": "query.get_equipped_item_name=='k3' && query.is_using_item && query.all_animations_finished"
            }
          ],
          "on_entry": [
            "/title @s actionbar 2/100"
          ]
        },
        "k3.2": {
          "animations": [
            "k3shoot"
          ],
          "transitions": [
            {
              "k3.1": "query.get_equipped_item_name=='k3' && query.is_using_item && query.all_animations_finished"
            }
          ],
          "on_entry": [
            "/title @s actionbar §c1/100"
          ]
        },
        "k3.1": {
          "transitions": [
            {
              "k3.0": "query.get_equipped_item_name=='k3' && query.is_using_item"
            }
          ],
          "on_entry": [
            "@s gun:k3_fire",
            "/replaceitem entity @s slot.weapon.mainhand 0 gun:k3 1 1",
            "/title @s actionbar §c0/100"
          ]
        },
        "k3.0": {
          "transitions": [
            {
              "setup": "query.all_animations_finished"
            }
          ],
          "on_entry": [
            "/playsound guns.dryfire6 @a[r=15] ~ ~ ~",
            "/replaceitem entity @p slot.weapon.mainhand 0 gun:k3_emp 1 0",
            "/title @s actionbar §c//EMPTY//"
          ]
        }
      }
    }
  }
}