{
  "format_version": "1.10.0",
  "animation_controllers": {
    "controller.animation.m14": {
      "initial_state": "setup",
      "states": {
        "setup": {
          "transitions": [
            {
              "m14.20": "query.get_equipped_item_name=='m14' && query.is_using_item"
            }
          ]
        },
        "m14.20": {
          "transitions": [
            {
              "m14.19": "query.get_equipped_item_name=='m14' && query.is_using_item"
            }
          ],
          "on_entry": [
            "@s gun:m14_fire",
            "/replaceitem entity @s slot.weapon.mainhand 0 gun:m14 1 1",
            "/title @s actionbar 19/20"
          ]
        },
        "m14.19": {
          "transitions": [
            {
              "m14.18": "query.get_equipped_item_name=='m14' && query.is_using_item"
            }
          ],
          "on_entry": [
            "@s gun:m14_fire",
            "/replaceitem entity @s slot.weapon.mainhand 0 gun:m14 1 0",
            "/title @s actionbar 18/20"
          ]
        },
        "m14.18": {
          "transitions": [
            {
              "m14.17": "query.get_equipped_item_name=='m14' && query.is_using_item"
            }
          ],
          "on_entry": [
            "@s gun:m14_fire",
            "/replaceitem entity @s slot.weapon.mainhand 0 gun:m14 1 1",
            "/title @s actionbar 17/20"
          ]
        },
        "m14.17": {
          "transitions": [
            {
              "m14.16": "query.get_equipped_item_name=='m14' && query.is_using_item"
            }
          ],
          "on_entry": [
            "@s gun:m14_fire",
            "/replaceitem entity @s slot.weapon.mainhand 0 gun:m14 1 0",
            "/title @s actionbar 16/20"
          ]
        },
        "m14.16": {
          "transitions": [
            {
              "m14.15": "query.get_equipped_item_name=='m14' && query.is_using_item"
            }
          ],
          "on_entry": [
            "@s gun:m14_fire",
            "/replaceitem entity @s slot.weapon.mainhand 0 gun:m14 1 1",
            "/title @s actionbar 15/20"
          ]
        },
        "m14.15": {
          "transitions": [
            {
              "m14.14": "query.get_equipped_item_name=='m14' && query.is_using_item"
            }
          ],
          "on_entry": [
            "@s gun:m14_fire",
            "/replaceitem entity @s slot.weapon.mainhand 0 gun:m14 1 0",
            "/title @s actionbar 14/20"
          ]
        },
        "m14.14": {
          "transitions": [
            {
              "m14.13": "query.get_equipped_item_name=='m14' && query.is_using_item"
            }
          ],
          "on_entry": [
            "@s gun:m14_fire",
            "/replaceitem entity @s slot.weapon.mainhand 0 gun:m14 1 1",
            "/title @s actionbar 13/20"
          ]
        },
        "m14.13": {
          "transitions": [
            {
              "m14.12": "query.get_equipped_item_name=='m14' && query.is_using_item"
            }
          ],
          "on_entry": [
            "@s gun:m14_fire",
            "/replaceitem entity @s slot.weapon.mainhand 0 gun:m14 1 0",
            "/title @s actionbar 12/20"
          ]
        },
        "m14.12": {
          "transitions": [
            {
              "m14.11": "query.get_equipped_item_name=='m14' && query.is_using_item"
            }
          ],
          "on_entry": [
            "@s gun:m14_fire",
            "/replaceitem entity @s slot.weapon.mainhand 0 gun:m14 1 1",
            "/title @s actionbar 11/20"
          ]
        },
        "m14.11": {
          "transitions": [
            {
              "m14.10": "query.get_equipped_item_name=='m14' && query.is_using_item"
            }
          ],
          "on_entry": [
            "@s gun:m14_fire",
            "/replaceitem entity @s slot.weapon.mainhand 0 gun:m14 1 0",
            "/title @s actionbar 10/20"
          ]
        },
        "m14.10": {
          "transitions": [
            {
              "m14.9": "query.get_equipped_item_name=='m14' && query.is_using_item"
            }
          ],
          "on_entry": [
            "@s gun:m14_fire",
            "/replaceitem entity @s slot.weapon.mainhand 0 gun:m14 1 1",
            "/title @s actionbar 9/20"
          ]
        },
        "m14.9": {
          "transitions": [
            {
              "m14.8": "query.get_equipped_item_name=='m14' && query.is_using_item"
            }
          ],
          "on_entry": [
            "@s gun:m14_fire",
            "/replaceitem entity @s slot.weapon.mainhand 0 gun:m14 1 0",
            "/title @s actionbar 8/20"
          ]
        },
        "m14.8": {
          "transitions": [
            {
              "m14.7": "query.get_equipped_item_name=='m14' && query.is_using_item"
            }
          ],
          "on_entry": [
            "@s gun:m14_fire",
            "/replaceitem entity @s slot.weapon.mainhand 0 gun:m14 1 1",
            "/title @s actionbar 7/20"
          ]
        },
        "m14.7": {
          "transitions": [
            {
              "m14.6": "query.get_equipped_item_name=='m14' && query.is_using_item"
            }
          ],
          "on_entry": [
            "@s gun:m14_fire",
            "/replaceitem entity @s slot.weapon.mainhand 0 gun:m14 1 0",
            "/title @s actionbar 6/20"
          ]
        },
        "m14.6": {
          "transitions": [
            {
              "m14.5": "query.get_equipped_item_name=='m14' && query.is_using_item"
            }
          ],
          "on_entry": [
            "@s gun:m14_fire",
            "/replaceitem entity @s slot.weapon.mainhand 0 gun:m14 1 1",
            "/title @s actionbar 5/20"
          ]
        },
        "m14.5": {
          "transitions": [
            {
              "m14.4": "query.get_equipped_item_name=='m14' && query.is_using_item"
            }
          ],
          "on_entry": [
            "@s gun:m14_fire",
            "/replaceitem entity @s slot.weapon.mainhand 0 gun:m14 1 0",
            "/title @s actionbar 4/20"
          ]
        },
        "m14.4": {
          "transitions": [
            {
              "m14.3": "query.get_equipped_item_name=='m14' && query.is_using_item"
            }
          ],
          "on_entry": [
            "@s gun:m14_fire",
            "/replaceitem entity @s slot.weapon.mainhand 0 gun:m14 1 1",
            "/title @s actionbar 3/20"
          ]
        },
        "m14.3": {
          "transitions": [
            {
              "m14.2": "query.get_equipped_item_name=='m14' && query.is_using_item"
            }
          ],
          "on_entry": [
            "@s gun:m14_fire",
            "/replaceitem entity @s slot.weapon.mainhand 0 gun:m14 1 0",
            "/title @s actionbar 2/20"
          ]
        },
        "m14.2": {
          "transitions": [
            {
              "m14.1": "query.get_equipped_item_name=='m14' && query.is_using_item"
            }
          ],
          "on_entry": [
            "@s gun:m14_fire",
            "/replaceitem entity @s slot.weapon.mainhand 0 gun:m14 1 1",
            "/title @s actionbar §c1/20"
          ]
        },
        "m14.1": {
          "transitions": [
            {
              "m14.0": "query.get_equipped_item_name=='m14' && query.is_using_item"
            }
          ],
          "on_entry": [
            "@s gun:m14_fire",
            "/replaceitem entity @s slot.weapon.mainhand 0 gun:m14 1 0",
            "/title @s actionbar §c0/20"
          ]
        },
        "m14.0": {
          "transitions": [
            {
              "setup": "query.all_animations_finished"
            }
          ],
          "on_entry": [
            "/playsound guns.dryfire5 @a[r=15] ~ ~ ~",
            "/replaceitem entity @p slot.weapon.mainhand 0 gun:m14_emp 1 0",
            "/title @s actionbar §c//EMPTY//"
          ]
        }
      }
    }
  }
}