{
  "format_version": "1.10.0",
  "animation_controllers": {
    "controller.animation.m16a1": {
      "initial_state": "setup",
      "states": {
        "setup": {
          "transitions": [
            {
              "m16a1.30": "query.get_equipped_item_name=='m16a1' && query.is_using_item"
            }
          ]
        },
        "m16a1.30": {
          "animations": [
            "m16a1shoot"
          ],
          "transitions": [
            {
              "m16a1.30": "query.get_equipped_item_name=='m16a1' && query.is_using_item && query.all_animations_finished"
            }
          ],
          "on_entry": [
            "/title @s actionbar 30/30"
          ]
        },
        "m16a1.30": {
          "animations": [
            "m16a1shoot"
          ],
          "transitions": [
            {
              "m16a1.29": "query.get_equipped_item_name=='m16a1' && query.is_using_item && query.all_animations_finished"
            }
          ],
          "on_entry": [
            "/title @s actionbar 29/30"
          ]
        },
        "m16a1.29": {
          "animations": [
            "m16a1shoot"
          ],
          "transitions": [
            {
              "m16a1.28": "query.get_equipped_item_name=='m16a1' && query.is_using_item && query.all_animations_finished"
            }
          ],
          "on_entry": [
            "/title @s actionbar 28/30"
          ]
        },
        "m16a1.28": {
          "animations": [
            "m16a1shoot"
          ],
          "transitions": [
            {
              "m16a1.27": "query.get_equipped_item_name=='m16a1' && query.is_using_item && query.all_animations_finished"
            }
          ],
          "on_entry": [
            "/title @s actionbar 27/30"
          ]
        },
        "m16a1.27": {
          "animations": [
            "m16a1shoot"
          ],
          "transitions": [
            {
              "m16a1.26": "query.get_equipped_item_name=='m16a1' && query.is_using_item && query.all_animations_finished"
            }
          ],
          "on_entry": [
            "/title @s actionbar 26/30"
          ]
        },
        "m16a1.26": {
          "animations": [
            "m16a1shoot"
          ],
          "transitions": [
            {
              "m16a1.25": "query.get_equipped_item_name=='m16a1' && query.is_using_item && query.all_animations_finished"
            }
          ],
          "on_entry": [
            "/title @s actionbar 25/30"
          ]
        },
        "m16a1.25": {
          "animations": [
            "m16a1shoot"
          ],
          "transitions": [
            {
              "m16a1.24": "query.get_equipped_item_name=='m16a1' && query.is_using_item && query.all_animations_finished"
            }
          ],
          "on_entry": [
            "/title @s actionbar 24/30"
          ]
        },
        "m16a1.24": {
          "animations": [
            "m16a1shoot"
          ],
          "transitions": [
            {
              "m16a1.23": "query.get_equipped_item_name=='m16a1' && query.is_using_item && query.all_animations_finished"
            }
          ],
          "on_entry": [
            "/title @s actionbar 23/30"
          ]
        },
        "m16a1.23": {
          "animations": [
            "m16a1shoot"
          ],
          "transitions": [
            {
              "m16a1.22": "query.get_equipped_item_name=='m16a1' && query.is_using_item && query.all_animations_finished"
            }
          ],
          "on_entry": [
            "/title @s actionbar 22/30"
          ]
        },
        "m16a1.22": {
          "animations": [
            "m16a1shoot"
          ],
          "transitions": [
            {
              "m16a1.21": "query.get_equipped_item_name=='m16a1' && query.is_using_item && query.all_animations_finished"
            }
          ],
          "on_entry": [
            "/title @s actionbar 21/30"
          ]
        },
        "m16a1.21": {
          "animations": [
            "m16a1shoot"
          ],
          "transitions": [
            {
              "m16a1.20": "query.get_equipped_item_name=='m16a1' && query.is_using_item && query.all_animations_finished"
            }
          ],
          "on_entry": [
            "/title @s actionbar 20/30"
          ]
        },
        "m16a1.20": {
          "animations": [
            "m16a1shoot"
          ],
          "transitions": [
            {
              "m16a1.19": "query.get_equipped_item_name=='m16a1' && query.is_using_item && query.all_animations_finished"
            }
          ],
          "on_entry": [
            "/title @s actionbar 19/30"
          ]
        },
        "m16a1.19": {
          "animations": [
            "m16a1shoot"
          ],
          "transitions": [
            {
              "m16a1.18": "query.get_equipped_item_name=='m16a1' && query.is_using_item && query.all_animations_finished"
            }
          ],
          "on_entry": [
            "/title @s actionbar 18/30"
          ]
        },
        "m16a1.18": {
          "animations": [
            "m16a1shoot"
          ],
          "transitions": [
            {
              "m16a1.17": "query.get_equipped_item_name=='m16a1' && query.is_using_item && query.all_animations_finished"
            }
          ],
          "on_entry": [
            "/title @s actionbar 17/30"
          ]
        },
        "m16a1.17": {
          "animations": [
            "m16a1shoot"
          ],
          "transitions": [
            {
              "m16a1.16": "query.get_equipped_item_name=='m16a1' && query.is_using_item && query.all_animations_finished"
            }
          ],
          "on_entry": [
            "/title @s actionbar 16/30"
          ]
        },
        "m16a1.16": {
          "animations": [
            "m16a1shoot"
          ],
          "transitions": [
            {
              "m16a1.15": "query.get_equipped_item_name=='m16a1' && query.is_using_item && query.all_animations_finished"
            }
          ],
          "on_entry": [
            "/title @s actionbar 15/30"
          ]
        },
        "m16a1.15": {
          "animations": [
            "m16a1shoot"
          ],
          "transitions": [
            {
              "m16a1.14": "query.get_equipped_item_name=='m16a1' && query.is_using_item && query.all_animations_finished"
            }
          ],
          "on_entry": [
            "/title @s actionbar 14/30"
          ]
        },
        "m16a1.14": {
          "animations": [
            "m16a1shoot"
          ],
          "transitions": [
            {
              "m16a1.13": "query.get_equipped_item_name=='m16a1' && query.is_using_item && query.all_animations_finished"
            }
          ],
          "on_entry": [
            "/title @s actionbar 13/30"
          ]
        },
        "m16a1.13": {
          "animations": [
            "m16a1shoot"
          ],
          "transitions": [
            {
              "m16a1.12": "query.get_equipped_item_name=='m16a1' && query.is_using_item && query.all_animations_finished"
            }
          ],
          "on_entry": [
            "/title @s actionbar 12/30"
          ]
        },
        "m16a1.12": {
          "animations": [
            "m16a1shoot"
          ],
          "transitions": [
            {
              "m16a1.11": "query.get_equipped_item_name=='m16a1' && query.is_using_item && query.all_animations_finished"
            }
          ],
          "on_entry": [
            "/title @s actionbar 11/30"
          ]
        },
        "m16a1.11": {
          "animations": [
            "m16a1shoot"
          ],
          "transitions": [
            {
              "m16a1.10": "query.get_equipped_item_name=='m16a1' && query.is_using_item && query.all_animations_finished"
            }
          ],
          "on_entry": [
            "/title @s actionbar 10/30"
          ]
        },
        "m16a1.10": {
          "animations": [
            "m16a1shoot"
          ],
          "transitions": [
            {
              "m16a1.9": "query.get_equipped_item_name=='m16a1' && query.is_using_item && query.all_animations_finished"
            }
          ],
          "on_entry": [
            "/title @s actionbar 9/30"
          ]
        },
        "m16a1.9": {
          "animations": [
            "m16a1shoot"
          ],
          "transitions": [
            {
              "m16a1.8": "query.get_equipped_item_name=='m16a1' && query.is_using_item && query.all_animations_finished"
            }
          ],
          "on_entry": [
            "/title @s actionbar 8/30"
          ]
        },
        "m16a1.8": {
          "animations": [
            "m16a1shoot"
          ],
          "transitions": [
            {
              "m16a1.7": "query.get_equipped_item_name=='m16a1' && query.is_using_item && query.all_animations_finished"
            }
          ],
          "on_entry": [
            "/title @s actionbar 7/30"
          ]
        },
        "m16a1.7": {
          "animations": [
            "m16a1shoot"
          ],
          "transitions": [
            {
              "m16a1.6": "query.get_equipped_item_name=='m16a1' && query.is_using_item && query.all_animations_finished"
            }
          ],
          "on_entry": [
            "/title @s actionbar 6/30"
          ]
        },
        "m16a1.6": {
          "animations": [
            "m16a1shoot"
          ],
          "transitions": [
            {
              "m16a1.5": "query.get_equipped_item_name=='m16a1' && query.is_using_item && query.all_animations_finished"
            }
          ],
          "on_entry": [
            "/title @s actionbar 5/30"
          ]
        },
        "m16a1.5": {
          "animations": [
            "m16a1shoot"
          ],
          "transitions": [
            {
              "m16a1.4": "query.get_equipped_item_name=='m16a1' && query.is_using_item && query.all_animations_finished"
            }
          ],
          "on_entry": [
            "/title @s actionbar 4/30"
          ]
        },
        "m16a1.4": {
          "animations": [
            "m16a1shoot"
          ],
          "transitions": [
            {
              "m16a1.3": "query.get_equipped_item_name=='m16a1' && query.is_using_item && query.all_animations_finished"
            }
          ],
          "on_entry": [
            "/title @s actionbar 3/30"
          ]
        },
        "m16a1.3": {
          "animations": [
            "m16a1shoot"
          ],
          "transitions": [
            {
              "m16a1.2": "query.get_equipped_item_name=='m16a1' && query.is_using_item && query.all_animations_finished"
            }
          ],
          "on_entry": [
            "/title @s actionbar 2/30"
          ]
        },
        "m16a1.2": {
          "animations": [
            "m16a1shoot"
          ],
          "transitions": [
            {
              "m16a1.1": "query.get_equipped_item_name=='m16a1' && query.is_using_item && query.all_animations_finished"
            }
          ],
          "on_entry": [
            "/title @s actionbar §c1/30"
          ]
        },
        "m16a1.1": {
          "transitions": [
            {
              "m16a1.0": "query.get_equipped_item_name=='m16a1' && query.is_using_item"
            }
          ],
          "on_entry": [
            "@s gun:m16a1_fire",
            "/replaceitem entity @s slot.weapon.mainhand 0 gun:m16a1 1 1",
            "/title @s actionbar §c0/30"
          ]
        },
        "m16a1.0": {
          "transitions": [
            {
              "setup": "query.all_animations_finished"
            }
          ],
          "on_entry": [
            "/playsound guns.dryfire5 @a[r=15] ~ ~ ~",
            "/replaceitem entity @p slot.weapon.mainhand 0 gun:m16a1_emp 1 0",
            "/title @s actionbar §c//EMPTY//"
          ]
        }
      }
    }
  }
}