{
  "format_version": "1.10.0",
  "animation_controllers": {
    "controller.animation.m3": {
      "initial_state": "setup",
      "states": {
        "setup": {
          "transitions": [
            {
              "m3.30": "query.get_equipped_item_name=='m3' && query.is_using_item"
            }
          ]
        },
        "m3.30": {
          "transitions": [
            {
              "m3.29": "query.get_equipped_item_name=='m3' && query.is_using_item"
            }
          ],
          "on_entry": [
            "@s gun:m3_fire",
            "/replaceitem entity @s slot.weapon.mainhand 0 gun:m3 1 4",
            "/title @s actionbar 29/30"
          ]
        },
        "m3.29": {
          "transitions": [
            {
              "m3.28": "query.get_equipped_item_name=='m3' && query.is_using_item"
            }
          ],
          "on_entry": [
            "@s gun:m3_fire",
            "/replaceitem entity @s slot.weapon.mainhand 0 gun:m3 1 3",
            "/title @s actionbar 28/30"
          ]
        },
        "m3.28": {
          "transitions": [
            {
              "m3.27": "query.get_equipped_item_name=='m3' && query.is_using_item"
            }
          ],
          "on_entry": [
            "@s gun:m3_fire",
            "/replaceitem entity @s slot.weapon.mainhand 0 gun:m3 1 4",
            "/title @s actionbar 27/30"
          ]
        },
        "m3.27": {
          "transitions": [
            {
              "m3.26": "query.get_equipped_item_name=='m3' && query.is_using_item"
            }
          ],
          "on_entry": [
            "@s gun:m3_fire",
            "/replaceitem entity @s slot.weapon.mainhand 0 gun:m3 1 3",
            "/title @s actionbar 26/30"
          ]
        },
        "m3.26": {
          "transitions": [
            {
              "m3.25": "query.get_equipped_item_name=='m3' && query.is_using_item"
            }
          ],
          "on_entry": [
            "@s gun:m3_fire",
            "/replaceitem entity @s slot.weapon.mainhand 0 gun:m3 1 4",
            "/title @s actionbar 25/30"
          ]
        },
        "m3.25": {
          "transitions": [
            {
              "m3.24": "query.get_equipped_item_name=='m3' && query.is_using_item"
            }
          ],
          "on_entry": [
            "@s gun:m3_fire",
            "/replaceitem entity @s slot.weapon.mainhand 0 gun:m3 1 3",
            "/title @s actionbar 24/30"
          ]
        },
        "m3.24": {
          "transitions": [
            {
              "m3.23": "query.get_equipped_item_name=='m3' && query.is_using_item"
            }
          ],
          "on_entry": [
            "@s gun:m3_fire",
            "/replaceitem entity @s slot.weapon.mainhand 0 gun:m3 1 4",
            "/title @s actionbar 23/30"
          ]
        },
        "m3.23": {
          "transitions": [
            {
              "m3.22": "query.get_equipped_item_name=='m3' && query.is_using_item"
            }
          ],
          "on_entry": [
            "@s gun:m3_fire",
            "/replaceitem entity @s slot.weapon.mainhand 0 gun:m3 1 3",
            "/title @s actionbar 22/30"
          ]
        },
        "m3.22": {
          "transitions": [
            {
              "m3.21": "query.get_equipped_item_name=='m3' && query.is_using_item"
            }
          ],
          "on_entry": [
            "@s gun:m3_fire",
            "/replaceitem entity @s slot.weapon.mainhand 0 gun:m3 1 4",
            "/title @s actionbar 21/30"
          ]
        },
        "m3.21": {
          "transitions": [
            {
              "m3.20": "query.get_equipped_item_name=='m3' && query.is_using_item"
            }
          ],
          "on_entry": [
            "@s gun:m3_fire",
            "/replaceitem entity @s slot.weapon.mainhand 0 gun:m3 1 3",
            "/title @s actionbar 20/30"  
          ]
        },           
        "m3.20": {
          "transitions": [
            {
              "m3.19": "query.get_equipped_item_name=='m3' && query.is_using_item"
            }
          ],
          "on_entry": [
            "@s gun:m3_fire",
            "/replaceitem entity @s slot.weapon.mainhand 0 gun:m3 1 4",
            "/title @s actionbar 19/30"
          ]
        },
        "m3.19": {
          "transitions": [
            {
              "m3.18": "query.get_equipped_item_name=='m3' && query.is_using_item"
            }
          ],
          "on_entry": [
            "@s gun:m3_fire",
            "/replaceitem entity @s slot.weapon.mainhand 0 gun:m3 1 3",
            "/title @s actionbar 18/30"
          ]
        },
        "m3.18": {
          "transitions": [
            {
              "m3.17": "query.get_equipped_item_name=='m3' && query.is_using_item"
            }
          ],
          "on_entry": [
            "@s gun:m3_fire",
            "/replaceitem entity @s slot.weapon.mainhand 0 gun:m3 1 4",
            "/title @s actionbar 17/30"
          ]
        },
        "m3.17": {
          "transitions": [
            {
              "m3.16": "query.get_equipped_item_name=='m3' && query.is_using_item"
            }
          ],
          "on_entry": [
            "@s gun:m3_fire",
            "/replaceitem entity @s slot.weapon.mainhand 0 gun:m3 1 3",
            "/title @s actionbar 16/30"
          ]
        },
        "m3.16": {
          "transitions": [
            {
              "m3.15": "query.get_equipped_item_name=='m3' && query.is_using_item"
            }
          ],
          "on_entry": [
            "@s gun:m3_fire",
            "/replaceitem entity @s slot.weapon.mainhand 0 gun:m3 1 4",
            "/title @s actionbar 15/30"
          ]
        },
        "m3.15": {
          "transitions": [
            {
              "m3.14": "query.get_equipped_item_name=='m3' && query.is_using_item"
            }
          ],
          "on_entry": [
            "@s gun:m3_fire",
            "/replaceitem entity @s slot.weapon.mainhand 0 gun:m3 1 3",
            "/title @s actionbar 14/30"
          ]
        },
        "m3.14": {
          "transitions": [
            {
              "m3.13": "query.get_equipped_item_name=='m3' && query.is_using_item"
            }
          ],
          "on_entry": [
            "@s gun:m3_fire",
            "/replaceitem entity @s slot.weapon.mainhand 0 gun:m3 1 4",
            "/title @s actionbar 13/30"
          ]
        },
        "m3.13": {
          "transitions": [
            {
              "m3.12": "query.get_equipped_item_name=='m3' && query.is_using_item"
            }
          ],
          "on_entry": [
            "@s gun:m3_fire",
            "/replaceitem entity @s slot.weapon.mainhand 0 gun:m3 1 3",
            "/title @s actionbar 12/30"
          ]
        },
        "m3.12": {
          "transitions": [
            {
              "m3.11": "query.get_equipped_item_name=='m3' && query.is_using_item"
            }
          ],
          "on_entry": [
            "@s gun:m3_fire",
            "/replaceitem entity @s slot.weapon.mainhand 0 gun:m3 1 4",
            "/title @s actionbar 11/30"
          ]
        },
        "m3.11": {
          "transitions": [
            {
              "m3.10": "query.get_equipped_item_name=='m3' && query.is_using_item"
            }
          ],
          "on_entry": [
            "@s gun:m3_fire",
            "/replaceitem entity @s slot.weapon.mainhand 0 gun:m3 1 3",
            "/title @s actionbar 10/30"
          ]
        },
        "m3.10": {
          "transitions": [
            {
              "m3.9": "query.get_equipped_item_name=='m3' && query.is_using_item"
            }
          ],
          "on_entry": [
            "@s gun:m3_fire",
            "/replaceitem entity @s slot.weapon.mainhand 0 gun:m3 1 4",
            "/title @s actionbar 9/30"
          ]
        },
        "m3.9": {
          "transitions": [
            {
              "m3.8": "query.get_equipped_item_name=='m3' && query.is_using_item"
            }
          ],
          "on_entry": [
            "@s gun:m3_fire",
            "/replaceitem entity @s slot.weapon.mainhand 0 gun:m3 1 3",
            "/title @s actionbar 8/30"
          ]
        },
        "m3.8": {
          "transitions": [
            {
              "m3.7": "query.get_equipped_item_name=='m3' && query.is_using_item"
            }
          ],
          "on_entry": [
            "@s gun:m3_fire",
            "/replaceitem entity @s slot.weapon.mainhand 0 gun:m3 1 4",
            "/title @s actionbar 7/30"
          ]
        },
        "m3.7": {
          "transitions": [
            {
              "m3.6": "query.get_equipped_item_name=='m3' && query.is_using_item"
            }
          ],
          "on_entry": [
            "@s gun:m3_fire",
            "/replaceitem entity @s slot.weapon.mainhand 0 gun:m3 1 3",
            "/title @s actionbar 6/30"
          ]
        },
        "m3.6": {
          "transitions": [
            {
              "m3.5": "query.get_equipped_item_name=='m3' && query.is_using_item"
            }
          ],
          "on_entry": [
            "@s gun:m3_fire",
            "/replaceitem entity @s slot.weapon.mainhand 0 gun:m3 1 4",
            "/title @s actionbar 5/30"
          ]
        },
        "m3.5": {
          "transitions": [
            {
              "m3.4": "query.get_equipped_item_name=='m3' && query.is_using_item"
            }
          ],
          "on_entry": [
            "@s gun:m3_fire",
            "/replaceitem entity @s slot.weapon.mainhand 0 gun:m3 1 3",
            "/title @s actionbar 4/30"
          ]
        },
        "m3.4": {
          "transitions": [
            {
              "m3.3": "query.get_equipped_item_name=='m3' && query.is_using_item"
            }
          ],
          "on_entry": [
            "@s gun:m3_fire",
            "/replaceitem entity @s slot.weapon.mainhand 0 gun:m3 1 4",
            "/title @s actionbar 3/30"
          ]
        },
        "m3.3": {
          "transitions": [
            {
              "m3.2": "query.get_equipped_item_name=='m3' && query.is_using_item"
            }
          ],
          "on_entry": [
            "@s gun:m3_fire",
            "/replaceitem entity @s slot.weapon.mainhand 0 gun:m3 1 3",
            "/title @s actionbar 2/30"
          ]
        },
        "m3.2": {
          "transitions": [
            {
              "m3.1": "query.get_equipped_item_name=='m3' && query.is_using_item"
            }
          ],
          "on_entry": [
            "@s gun:m3_fire",
            "/replaceitem entity @s slot.weapon.mainhand 0 gun:m3 1 4",
            "/title @s actionbar §c1/30"
          ]
        },
        "m3.1": {
          "transitions": [
            {
              "m3.0": "query.get_equipped_item_name=='m3' && query.is_using_item"
            }
          ],
          "on_entry": [
            "@s gun:m3_fire",
            "/replaceitem entity @s slot.weapon.mainhand 0 gun:m3 1 3",
            "/title @s actionbar §c0/30"
          ]
        },
        "m3.0": {
          "transitions": [
            {
              "setup": "query.all_animations_finished"
            }
          ],
          "on_entry": [
            "/playsound guns.dryfire5 @a[r=15] ~ ~ ~",
            "/replaceitem entity @p slot.weapon.mainhand 0 gun:m3_emp 1 0",
            "/title @s actionbar §c//EMPTY//"
          ]
        }
      }
    }
  }
}