{
  "format_version": "1.10.0",
  "animation_controllers": {
    "controller.animation.mssr": {
      "initial_state": "setup",
      "states": {
        "setup": {
          "transitions": [
            {
              "mssr.20": "query.get_equipped_item_name=='mssr' && query.is_using_item"
            }
          ]
        },
        "mssr.20": {
          "transitions": [
            {
              "mssr.19": "query.get_equipped_item_name=='mssr' && query.is_using_item"
            }
          ],
          "on_entry": [
            "@s gun:mssr_fire",
            "/replaceitem entity @s slot.weapon.mainhand 0 gun:mssr 1 1",
            "/title @s actionbar 19/20"
          ]
        },
        "mssr.19": {
          "transitions": [
            {
              "mssr.18": "query.get_equipped_item_name=='mssr' && query.is_using_item"
            }
          ],
          "on_entry": [
            "@s gun:mssr_fire",
            "/replaceitem entity @s slot.weapon.mainhand 0 gun:mssr 1 0",
            "/title @s actionbar 18/20"
          ]
        },
        "mssr.18": {
          "transitions": [
            {
              "mssr.17": "query.get_equipped_item_name=='mssr' && query.is_using_item"
            }
          ],
          "on_entry": [
            "@s gun:mssr_fire",
            "/replaceitem entity @s slot.weapon.mainhand 0 gun:mssr 1 1",
            "/title @s actionbar 17/20"
          ]
        },
        "mssr.17": {
          "transitions": [
            {
              "mssr.16": "query.get_equipped_item_name=='mssr' && query.is_using_item"
            }
          ],
          "on_entry": [
            "@s gun:mssr_fire",
            "/replaceitem entity @s slot.weapon.mainhand 0 gun:mssr 1 0",
            "/title @s actionbar 16/20"
          ]
        },
        "mssr.16": {
          "transitions": [
            {
              "mssr.15": "query.get_equipped_item_name=='mssr' && query.is_using_item"
            }
          ],
          "on_entry": [
            "@s gun:mssr_fire",
            "/replaceitem entity @s slot.weapon.mainhand 0 gun:mssr 1 1",
            "/title @s actionbar 15/20"
          ]
        },
        "mssr.15": {
          "transitions": [
            {
              "mssr.14": "query.get_equipped_item_name=='mssr' && query.is_using_item"
            }
          ],
          "on_entry": [
            "@s gun:mssr_fire",
            "/replaceitem entity @s slot.weapon.mainhand 0 gun:mssr 1 0",
            "/title @s actionbar 14/20"
          ]
        },
        "mssr.14": {
          "transitions": [
            {
              "mssr.13": "query.get_equipped_item_name=='mssr' && query.is_using_item"
            }
          ],
          "on_entry": [
            "@s gun:mssr_fire",
            "/replaceitem entity @s slot.weapon.mainhand 0 gun:mssr 1 1",
            "/title @s actionbar 13/20"
          ]
        },
        "mssr.13": {
          "transitions": [
            {
              "mssr.12": "query.get_equipped_item_name=='mssr' && query.is_using_item"
            }
          ],
          "on_entry": [
            "@s gun:mssr_fire",
            "/replaceitem entity @s slot.weapon.mainhand 0 gun:mssr 1 0",
            "/title @s actionbar 12/20"
          ]
        },
        "mssr.12": {
          "transitions": [
            {
              "mssr.11": "query.get_equipped_item_name=='mssr' && query.is_using_item"
            }
          ],
          "on_entry": [
            "@s gun:mssr_fire",
            "/replaceitem entity @s slot.weapon.mainhand 0 gun:mssr 1 1",
            "/title @s actionbar 11/20"
          ]
        },
        "mssr.11": {
          "transitions": [
            {
              "mssr.10": "query.get_equipped_item_name=='mssr' && query.is_using_item"
            }
          ],
          "on_entry": [
            "@s gun:mssr_fire",
            "/replaceitem entity @s slot.weapon.mainhand 0 gun:mssr 1 0",
            "/title @s actionbar 10/20"
          ]
        },
        "mssr.10": {
          "transitions": [
            {
              "mssr.9": "query.get_equipped_item_name=='mssr' && query.is_using_item"
            }
          ],
          "on_entry": [
            "@s gun:mssr_fire",
            "/replaceitem entity @s slot.weapon.mainhand 0 gun:mssr 1 1",
            "/title @s actionbar 9/20"
          ]
        },
        "mssr.9": {
          "transitions": [
            {
              "mssr.8": "query.get_equipped_item_name=='mssr' && query.is_using_item"
            }
          ],
          "on_entry": [
            "@s gun:mssr_fire",
            "/replaceitem entity @s slot.weapon.mainhand 0 gun:mssr 1 0",
            "/title @s actionbar 8/20"
          ]
        },
        "mssr.8": {
          "transitions": [
            {
              "mssr.7": "query.get_equipped_item_name=='mssr' && query.is_using_item"
            }
          ],
          "on_entry": [
            "@s gun:mssr_fire",
            "/replaceitem entity @s slot.weapon.mainhand 0 gun:mssr 1 1",
            "/title @s actionbar 7/20"
          ]
        },
        "mssr.7": {
          "transitions": [
            {
              "mssr.6": "query.get_equipped_item_name=='mssr' && query.is_using_item"
            }
          ],
          "on_entry": [
            "@s gun:mssr_fire",
            "/replaceitem entity @s slot.weapon.mainhand 0 gun:mssr 1 0",
            "/title @s actionbar 6/20"
          ]
        },
        "mssr.6": {
          "transitions": [
            {
              "mssr.5": "query.get_equipped_item_name=='mssr' && query.is_using_item"
            }
          ],
          "on_entry": [
            "@s gun:mssr_fire",
            "/replaceitem entity @s slot.weapon.mainhand 0 gun:mssr 1 1",
            "/title @s actionbar 5/20"
          ]
        },
        "mssr.5": {
          "transitions": [
            {
              "mssr.4": "query.get_equipped_item_name=='mssr' && query.is_using_item"
            }
          ],
          "on_entry": [
            "@s gun:mssr_fire",
            "/replaceitem entity @s slot.weapon.mainhand 0 gun:mssr 1 0",
            "/title @s actionbar 4/20"
          ]
        },
        "mssr.4": {
          "transitions": [
            {
              "mssr.3": "query.get_equipped_item_name=='mssr' && query.is_using_item"
            }
          ],
          "on_entry": [
            "@s gun:mssr_fire",
            "/replaceitem entity @s slot.weapon.mainhand 0 gun:mssr 1 1",
            "/title @s actionbar 3/20"
          ]
        },
        "mssr.3": {
          "transitions": [
            {
              "mssr.2": "query.get_equipped_item_name=='mssr' && query.is_using_item"
            }
          ],
          "on_entry": [
            "@s gun:mssr_fire",
            "/replaceitem entity @s slot.weapon.mainhand 0 gun:mssr 1 0",
            "/title @s actionbar 2/20"
          ]
        },
        "mssr.2": {
          "transitions": [
            {
              "mssr.1": "query.get_equipped_item_name=='mssr' && query.is_using_item"
            }
          ],
          "on_entry": [
            "@s gun:mssr_fire",
            "/replaceitem entity @s slot.weapon.mainhand 0 gun:mssr 1 1",
            "/title @s actionbar §c1/20"
          ]
        },
        "mssr.1": {
          "transitions": [
            {
              "mssr.0": "query.get_equipped_item_name=='mssr' && query.is_using_item"
            }
          ],
          "on_entry": [
            "@s gun:mssr_fire",
            "/replaceitem entity @s slot.weapon.mainhand 0 gun:mssr 1 0",
            "/title @s actionbar §c0/20"
          ]
        },
        "mssr.0": {
          "transitions": [
            {
              "setup": "query.all_animations_finished"
            }
          ],
          "on_entry": [
            "/playsound guns.dryfire5 @a[r=15] ~ ~ ~",
            "/replaceitem entity @p slot.weapon.mainhand 0 gun:mssr_emp 1 0",
            "/title @s actionbar §c//EMPTY//"
          ]
        }
      }
    }
  }
}