{
  "format_version": "1.10.0",
  "animation_controllers": {
    "controller.animation.r4a3": {
      "initial_state": "setup",
      "states": {
        "setup": {
          "transitions": [
            {
              "r4a3.30": "query.get_equipped_item_name=='r4a3' && query.is_using_item"
            }
          ]
        },
        "r4a3.30": {
          "animations": [
            "r4a3shoot"
          ],
          "transitions": [
            {
              "r4a3.30": "query.get_equipped_item_name=='r4a3' && query.is_using_item && query.all_animations_finished"
            }
          ],
          "on_entry": [
            "/title @s actionbar 30/30"
          ]
        },
        "r4a3.30": {
          "animations": [
            "r4a3shoot"
          ],
          "transitions": [
            {
              "r4a3.29": "query.get_equipped_item_name=='r4a3' && query.is_using_item && query.all_animations_finished"
            }
          ],
          "on_entry": [
            "/title @s actionbar 29/30"
          ]
        },
        "r4a3.29": {
          "animations": [
            "r4a3shoot"
          ],
          "transitions": [
            {
              "r4a3.28": "query.get_equipped_item_name=='r4a3' && query.is_using_item && query.all_animations_finished"
            }
          ],
          "on_entry": [
            "/title @s actionbar 28/30"
          ]
        },
        "r4a3.28": {
          "animations": [
            "r4a3shoot"
          ],
          "transitions": [
            {
              "r4a3.27": "query.get_equipped_item_name=='r4a3' && query.is_using_item && query.all_animations_finished"
            }
          ],
          "on_entry": [
            "/title @s actionbar 27/30"
          ]
        },
        "r4a3.27": {
          "animations": [
            "r4a3shoot"
          ],
          "transitions": [
            {
              "r4a3.26": "query.get_equipped_item_name=='r4a3' && query.is_using_item && query.all_animations_finished"
            }
          ],
          "on_entry": [
            "/title @s actionbar 26/30"
          ]
        },
        "r4a3.26": {
          "animations": [
            "r4a3shoot"
          ],
          "transitions": [
            {
              "r4a3.25": "query.get_equipped_item_name=='r4a3' && query.is_using_item && query.all_animations_finished"
            }
          ],
          "on_entry": [
            "/title @s actionbar 25/30"
          ]
        },
        "r4a3.25": {
          "animations": [
            "r4a3shoot"
          ],
          "transitions": [
            {
              "r4a3.24": "query.get_equipped_item_name=='r4a3' && query.is_using_item && query.all_animations_finished"
            }
          ],
          "on_entry": [
            "/title @s actionbar 24/30"
          ]
        },
        "r4a3.24": {
          "animations": [
            "r4a3shoot"
          ],
          "transitions": [
            {
              "r4a3.23": "query.get_equipped_item_name=='r4a3' && query.is_using_item && query.all_animations_finished"
            }
          ],
          "on_entry": [
            "/title @s actionbar 23/30"
          ]
        },
        "r4a3.23": {
          "animations": [
            "r4a3shoot"
          ],
          "transitions": [
            {
              "r4a3.22": "query.get_equipped_item_name=='r4a3' && query.is_using_item && query.all_animations_finished"
            }
          ],
          "on_entry": [
            "/title @s actionbar 22/30"
          ]
        },
        "r4a3.22": {
          "animations": [
            "r4a3shoot"
          ],
          "transitions": [
            {
              "r4a3.21": "query.get_equipped_item_name=='r4a3' && query.is_using_item && query.all_animations_finished"
            }
          ],
          "on_entry": [
            "/title @s actionbar 21/30"
          ]
        },
        "r4a3.21": {
          "animations": [
            "r4a3shoot"
          ],
          "transitions": [
            {
              "r4a3.20": "query.get_equipped_item_name=='r4a3' && query.is_using_item && query.all_animations_finished"
            }
          ],
          "on_entry": [
            "/title @s actionbar 20/30"
          ]
        },
        "r4a3.20": {
          "animations": [
            "r4a3shoot"
          ],
          "transitions": [
            {
              "r4a3.19": "query.get_equipped_item_name=='r4a3' && query.is_using_item && query.all_animations_finished"
            }
          ],
          "on_entry": [
            "/title @s actionbar 19/30"
          ]
        },
        "r4a3.19": {
          "animations": [
            "r4a3shoot"
          ],
          "transitions": [
            {
              "r4a3.18": "query.get_equipped_item_name=='r4a3' && query.is_using_item && query.all_animations_finished"
            }
          ],
          "on_entry": [
            "/title @s actionbar 18/30"
          ]
        },
        "r4a3.18": {
          "animations": [
            "r4a3shoot"
          ],
          "transitions": [
            {
              "r4a3.17": "query.get_equipped_item_name=='r4a3' && query.is_using_item && query.all_animations_finished"
            }
          ],
          "on_entry": [
            "/title @s actionbar 17/30"
          ]
        },
        "r4a3.17": {
          "animations": [
            "r4a3shoot"
          ],
          "transitions": [
            {
              "r4a3.16": "query.get_equipped_item_name=='r4a3' && query.is_using_item && query.all_animations_finished"
            }
          ],
          "on_entry": [
            "/title @s actionbar 16/30"
          ]
        },
        "r4a3.16": {
          "animations": [
            "r4a3shoot"
          ],
          "transitions": [
            {
              "r4a3.15": "query.get_equipped_item_name=='r4a3' && query.is_using_item && query.all_animations_finished"
            }
          ],
          "on_entry": [
            "/title @s actionbar 15/30"
          ]
        },
        "r4a3.15": {
          "animations": [
            "r4a3shoot"
          ],
          "transitions": [
            {
              "r4a3.14": "query.get_equipped_item_name=='r4a3' && query.is_using_item && query.all_animations_finished"
            }
          ],
          "on_entry": [
            "/title @s actionbar 14/30"
          ]
        },
        "r4a3.14": {
          "animations": [
            "r4a3shoot"
          ],
          "transitions": [
            {
              "r4a3.13": "query.get_equipped_item_name=='r4a3' && query.is_using_item && query.all_animations_finished"
            }
          ],
          "on_entry": [
            "/title @s actionbar 13/30"
          ]
        },
        "r4a3.13": {
          "animations": [
            "r4a3shoot"
          ],
          "transitions": [
            {
              "r4a3.12": "query.get_equipped_item_name=='r4a3' && query.is_using_item && query.all_animations_finished"
            }
          ],
          "on_entry": [
            "/title @s actionbar 12/30"
          ]
        },
        "r4a3.12": {
          "animations": [
            "r4a3shoot"
          ],
          "transitions": [
            {
              "r4a3.11": "query.get_equipped_item_name=='r4a3' && query.is_using_item && query.all_animations_finished"
            }
          ],
          "on_entry": [
            "/title @s actionbar 11/30"
          ]
        },
        "r4a3.11": {
          "animations": [
            "r4a3shoot"
          ],
          "transitions": [
            {
              "r4a3.10": "query.get_equipped_item_name=='r4a3' && query.is_using_item && query.all_animations_finished"
            }
          ],
          "on_entry": [
            "/title @s actionbar 10/30"
          ]
        },
        "r4a3.10": {
          "animations": [
            "r4a3shoot"
          ],
          "transitions": [
            {
              "r4a3.9": "query.get_equipped_item_name=='r4a3' && query.is_using_item && query.all_animations_finished"
            }
          ],
          "on_entry": [
            "/title @s actionbar 9/30"
          ]
        },
        "r4a3.9": {
          "animations": [
            "r4a3shoot"
          ],
          "transitions": [
            {
              "r4a3.8": "query.get_equipped_item_name=='r4a3' && query.is_using_item && query.all_animations_finished"
            }
          ],
          "on_entry": [
            "/title @s actionbar 8/30"
          ]
        },
        "r4a3.8": {
          "animations": [
            "r4a3shoot"
          ],
          "transitions": [
            {
              "r4a3.7": "query.get_equipped_item_name=='r4a3' && query.is_using_item && query.all_animations_finished"
            }
          ],
          "on_entry": [
            "/title @s actionbar 7/30"
          ]
        },
        "r4a3.7": {
          "animations": [
            "r4a3shoot"
          ],
          "transitions": [
            {
              "r4a3.6": "query.get_equipped_item_name=='r4a3' && query.is_using_item && query.all_animations_finished"
            }
          ],
          "on_entry": [
            "/title @s actionbar 6/30"
          ]
        },
        "r4a3.6": {
          "animations": [
            "r4a3shoot"
          ],
          "transitions": [
            {
              "r4a3.5": "query.get_equipped_item_name=='r4a3' && query.is_using_item && query.all_animations_finished"
            }
          ],
          "on_entry": [
            "/title @s actionbar 5/30"
          ]
        },
        "r4a3.5": {
          "animations": [
            "r4a3shoot"
          ],
          "transitions": [
            {
              "r4a3.4": "query.get_equipped_item_name=='r4a3' && query.is_using_item && query.all_animations_finished"
            }
          ],
          "on_entry": [
            "/title @s actionbar 4/30"
          ]
        },
        "r4a3.4": {
          "animations": [
            "r4a3shoot"
          ],
          "transitions": [
            {
              "r4a3.3": "query.get_equipped_item_name=='r4a3' && query.is_using_item && query.all_animations_finished"
            }
          ],
          "on_entry": [
            "/title @s actionbar 3/30"
          ]
        },
        "r4a3.3": {
          "animations": [
            "r4a3shoot"
          ],
          "transitions": [
            {
              "r4a3.2": "query.get_equipped_item_name=='r4a3' && query.is_using_item && query.all_animations_finished"
            }
          ],
          "on_entry": [
            "/title @s actionbar 2/30"
          ]
        },
        "r4a3.2": {
          "animations": [
            "r4a3shoot"
          ],
          "transitions": [
            {
              "r4a3.1": "query.get_equipped_item_name=='r4a3' && query.is_using_item && query.all_animations_finished"
            }
          ],
          "on_entry": [
            "/title @s actionbar §c1/30"
          ]
        },
        "r4a3.1": {
          "transitions": [
            {
              "r4a3.0": "query.get_equipped_item_name=='r4a3' && query.is_using_item"
            }
          ],
          "on_entry": [
            "@s gun:r4a3_fire",
            "/replaceitem entity @s slot.weapon.mainhand 0 gun:r4a3 1 1",
            "/title @s actionbar §c0/30"
          ]
        },
        "r4a3.0": {
          "transitions": [
            {
              "setup": "query.all_animations_finished"
            }
          ],
          "on_entry": [
            "/playsound guns.dryfire5 @a[r=15] ~ ~ ~ 1 1.15",
            "/replaceitem entity @p slot.weapon.mainhand 0 gun:r4a3_emp 1 0",
            "/title @s actionbar §c//EMPTY//"
          ]
        }
      }
    }
  }
}