{
  "format_version": "1.10",
  "minecraft:item": {
    "description": {
      "identifier": "mn:feijao",
      "category": "items"
    },
    "components": {
      "minecraft:hand_equipped": false,
      "minecraft:max_stack_size": 64,
      "minecraft:foil": false,
      "minecraft:stack_by_data": true,
      "minecraft:food": {
        "saturation_modifier": "supernatural",
        "nutrition": 7,
        "can_always_eat": false,
        "effects": [
          {
            "name": "jump_boost",
            "chance": 3,
            "duration": 30,
            "amplifier": 3
          }
        ],
        "remove_effects": []
      },
      "minecraft:use_duration": 30
    }
  }
}