{
   "format_version": "1.13.0",
   "minecraft:entity": {
      "description": {
         "identifier": "doors:seek_hand",
         "is_spawnable": true,
         "is_summonable": true,
         "is_experimental": false,
         "scripts": {
            "animate": [
               "tp"
            ]
         },
         "animations": {
            "tp": "controller.animation.hand_tp"
         }
      },
      "component_groups": {},
      "components": {
         "minecraft:attack": {
            "damage": 0
         },
         "minecraft:type_family": {
            "family": [
               "doors_creature"
            ]
         },
         "minecraft:collision_box": {
            "height": 2,
            "width": 0.4
         },
         "minecraft:underwater_movement": {
            "value": 0.06
         },
         "minecraft:movement.generic": {},
         "minecraft:jump.static": {},
         "minecraft:can_climb": {},
         "minecraft:health": {
            "value": 600,
            "max": 600
         },
         "minecraft:movement": {
            "value": 0
         },
         "minecraft:navigation.generic": {
            "is_amphibious": true,
            "can_path_over_water": false,
            "can_break_doors": true,
            "can_swim": false,
            "can_walk": true,
            "avoid_sun": false
         },
         "minecraft:behavior.move_towards_restriction": {
            "priority": 5,
            "speed_multiplier": 1
         },
         "minecraft:behavior.random_stroll": {
            "priority": 6,
            "speed_multiplier": 1
         },
         "minecraft:behavior.look_at_player": {
            "priority": 7,
            "look_distance": 6,
            "probability": 0.02
         },
         "minecraft:behavior.random_look_around": {
            "priority": 7
         },
         "minecraft:behavior.hurt_by_target": {
            "priority": 3
         },
         "minecraft:physics": {},
         "minecraft:on_target_acquired": {
            "event": "on:target_acquired",
            "target": "self"
         },
         "minecraft:on_target_escape": {
            "event": "on:target_escape",
            "target": "self"
         },
         "minecraft:experience_reward": {
            "on_death": "query.last_hit_by_player ? 10 : 0"
         },
         "minecraft:scale": {
            "value": 2
         },
         "minecraft:behavior.melee_attack": {
            "priority": 2,
            "speed_multiplier": 13,
            "target_dist": 0,
            "max_dist": 3,
            "random_stop_interval": 100,
            "track_target": true,
            "reach_multiplier": 1
         },
         "minecraft:behavior.owner_hurt_by_target": {
            "priority": 1
         },
         "minecraft:behavior.owner_hurt_target": {
            "priority": 2
         },
         "minecraft:behavior.float": {
            "priority": 2,
            "speed_multiplier": 1
         },
         "minecraft:on_death": {
            "event": "on:death",
            "target": "self"
         },
         "minecraft:on_hurt": {
            "event": "on:hurt",
            "target": "self"
         },
         "minecraft:on_hurt_by_player": {
            "event": "on:hurt_by_player",
            "target": "self"
         },
         "minecraft:on_ignite": {
            "event": "on:ignite",
            "target": "self"
         },
         "minecraft:on_wake_with_owner": {
            "event": "on:wake_with_owner",
            "target": "self"
         },
         "minecraft:follow_range": {
            "value": 1000
         },
         "minecraft:behavior.nearest_attackable_target": {
            "priority": 1,
            "within_radius": 100,
            "entity_types": [
               {
                  "filters": {
                     "other_with_families": [
                        "warden",
                        "cartoon_cat",
                        "bendy",
                        "sirenhead",
                        "cartoon_dog",
                        "brute_boris",
                        "beast_bendy",
                        "monster",
                        "player",
                        "villager",
                        "iron_golem",
                        "dragon",
                        "wither"
                     ]
                  },
                  "max_dist": 100,
                  "sprint_speed_multiplier": 1.1
               }
            ],
            "must_see": true,
            "must_see_forget_duration": 10
         },
         "minecraft:physics": {},
         "minecraft:behavior.summon_entity": {
            "priority": 1,
            "summon_choices": [
               {
                  "min_activation_range": 4,
                  "max_activation_range": 5,
                  "cooldown_time": 10,
                  "weight": 30,
                  "cast_duration": 2.3,
                  "particle_color": "#FF664D59",
                  "start_sound_event": "plop",
                  "sequence": [
                     {
                        "shape": "circle",
                        "target": "target",
                        "base_delay": 0.1,
                        "delay_per_summon": 0,
                        "num_entities_spawned": 1,
                        "entity_type": "r:hand_grab",
                        "size": 0.1,
                        "entity_lifespan": 10,
                        "sound_event": "prepare.attack"
                     }
                  ]
               }
            ]
         },
         "minecraft:area_attack": {
            "cause": "contact",
            "damage_per_tick": 0,
            "damage_range": 3,
            "entity_filter": {
               "all_of": [
                  {
                     "operator": "!=",
                     "subject": "other",
                     "test": "is_family",
                     "value": "inanimate"
                  },
                  {
                     "operator": "!=",
                     "subject": "other",
                     "test": "is_family",
                     "value": "doors_creature"
                  }
               ]
            }
         }
      },
      "events": {}
   }
}