{
   "format_version": "1.13.0",
   "minecraft:entity": {
      "description": {
         "identifier": "doors:xmas_seek_s",
         "is_spawnable": false,
         "is_summonable": true,
         "is_experimental": false,
         "scripts": {
            "animate": [
               "chase"
            ]
         },
         "animations": {
            "chase": "controller.animation.seek_chase"
         }
      },
      "component_groups": {
         "minecraft:dead_": {
            "minecraft:collision_box": {
               "width": 0.6,
               "height": 0.5
            },
            "minecraft:timer": {
               "looping": false,
               "randomInterval": false,
               "time": 6,
               "time_down_event": {
                  "event": "minecraft:event_dead"
               }
            }
         },
         "minecraft:transform_to_seekk": {
            "minecraft:transformation": {
               "into": "doors:xmas_seek"
            }
         },
         "minecraft:is_dead": {
            "minecraft:transformation": {
               "into": "doors:xmas_seek_s"
            }
         }
      },
      "components": {
         "minecraft:knockback_resistance": {
            "value": 50
         },
         "minecraft:push_through": {
            "value": 1
         },
         "minecraft:is_sheared": {},
         "minecraft:fire_immune": true,
         "minecraft:health": {
            "value": {
               "range_min": 10,
               "range_max": 10
            }
         },
         "minecraft:physics": {
            "has_gravity": true,
            "has_collusion": false
         },
         "minecraft:damage_sensor": {
            "triggers": [
               {
                  "cause": "fatal",
                  "deals_damage": false
               }
            ]
         },
         "minecraft:on_death": {
            "event": "on:death",
            "target": "self"
         },
         "minecraft:scale": {
            "value": 1
         },
         "minecraft:timer": {
            "looping": false,
            "randomInterval": false,
            "time": 6,
            "time_down_event": {
               "event": "minecraft:event_dead"
            }
         }
      },
      "events": {
         "minecraft:entity_transformed": {
            "add": {
               "component_groups": [
                  "minecraft:dead_"
               ]
            }
         },
         "minecraft:event_dead": {
            "add": {
               "component_groups": [
                  "minecraft:transform_to_seekk"
               ]
            }
         },
         "on:death": {
            "add": {
               "component_groups": [
                  "minecraft:is_dead"
               ]
            }
         }
      }
   }
}