{
	"format_version" : "1.17.30",
	"animation_controllers" : {
	"controller.animation.grabpack": {
	"initial_state": "default",
	"states": {
		"default": {
		"transitions": [{
							"fire": "query.cooldown_time_remaining('slot.weapon.mainhand') > 0.1"
						 }
		],
		"blend_transition": 0.2
	  },
	  "fire": {
		"animations": [
			"fire"
		],
		"transitions": [{
				"default": "query.all_animations_finished"
		}
		],
		"blend_transition": 0.2   
	}
                  }
                }
			}
		}