{
	"format_version" : "1.17.30",
	"animation_controllers" : {
	"controller.animation.missy": {
	"initial_state": "default",
	"states": {
		"default": {
		"variables": {
				"walk": {
					"input": "query.modified_move_speed",
					"remap_curve": {
						"0.0": 0.0,
						"0.27": 1.0
					}
				},
				"idle": {
					"input": "query.modified_move_speed",
					"remap_curve": {
						"0.27": 0.0,
						"0.0": 1.0
					}
				}
			},
		"animations": [
				{"idle" : "variable.idle"},
				{"walk" : "variable.walk"}
			]
	  }
                  }
                }
			}
		}