{
	"format_version": "1.14.0",
	"sound_definitions": {
		//huggy
		"mob.huggy_wuggy.jumpscare": {
			"category": "hostile",
			"sounds": [
				"sounds/huggy_wuggy/jumpscare"
			]
		},
		"mob.huggy_wuggy.attack": {
			"category": "hostile",
			"sounds": {
				"0": "sounds/huggy_wuggy/attack1",
				"1": "sounds/huggy_wuggy/attack2"
			}
		},
		"mob.huggy_wuggy.vent_step": {
			"category": "hostile",
			"sounds": {
				"0": "sounds/huggy_wuggy/vent_step1",
				"1": "sounds/huggy_wuggy/vent_step2",
				"2": "sounds/huggy_wuggy/vent_step3"
			}
		},
		"mob.huggy_wuggy.fall": {
			"category": "hostile",
			"sounds": [
				"sounds/huggy_wuggy/fall"
			]
		},
		"mob.huggy_wuggy.step": {
			"category": "hostile",
			"sounds": {
				"0": "sounds/huggy_wuggy/step1",
				"1": "sounds/huggy_wuggy/step2"
			}
		},
		"mob.huggy_wuggy.chase": {
			"__use_legacy_max_distance" : "true",
			"category": "music",
			"sounds": [
				{
				   "load_on_low_memory" : true,
				   "name" : "sounds/huggy_wuggy/chase"
				}
			]
		}
	}
}