{
  "format_version": "1.10.0",
  "minecraft:client_entity": {
    "description": {
      "identifier": "minecraft:player",
      "materials": {
        "default": "entity_alphatest",
        "cape": "entity_alphatest",
        "animated": "player_animated"
      },
      "textures": {
        "default": "textures/entity/steve",
        "cape": "textures/entity/cape_invisible",
        "gun": "textures/guns/gun_texture"
      },
      "geometry": {
        "default": "geometry.humanoid.custom",
        "cape": "geometry.cape",
        "ak": "geometry.ak_blue_flame_draco",
        "m1014": "geometry.m1014_green_flame_draco",
        "scar": "geometry.scar_megalodon_alpha",
        "mp40": "geometry.mp40_predatory_cobra",
        "famas": "geometry.famas_demonic_grin",
        "ump": "geometry.ump_booyah_day_2021",
        "mp5": "geometry.mp5_platinum_divinity",
        "m1887": "geometry.m1887_sterling_conqueror",
        "xm8": "geometry.xm8_destiny_guardian"
      },
      "scripts": {
        "scale": "0.9375",
        "initialize": [
          "variable.is_holding_right \u003d 0.0;",
          "variable.is_blinking \u003d 0.0;",
          "variable.last_blink_time \u003d 0.0;",
          "variable.hand_bob \u003d 0.0;"
        ],
        "pre_animation": [
          "variable.helmet_layer_visible \u003d 1.0;",
          "variable.leg_layer_visible \u003d 1.0;",
          "variable.boot_layer_visible \u003d 1.0;",
          "variable.chest_layer_visible \u003d 1.0;",
          "variable.attack_body_rot_y \u003d Math.sin(360*Math.sqrt(variable.attack_time)) * 5.0;",
          "variable.tcos0 \u003d (math.cos(query.modified_distance_moved * 38.17) * query.modified_move_speed / variable.gliding_speed_value) * 57.3;",
          "variable.first_person_rotation_factor \u003d math.sin((1 - variable.attack_time) * 180.0);",
          "variable.hand_bob \u003d query.life_time \u003c 0.01 ? 0.0 : variable.hand_bob + ((query.is_on_ground \u0026\u0026 query.is_alive ? math.clamp(math.sqrt(math.pow(query.position_delta(0), 2.0) + math.pow(query.position_delta(2), 2.0)), 0.0, 0.1) : 0.0) - variable.hand_bob) * 0.02;",
          "variable.map_angle \u003d math.clamp(1 - variable.player_x_rotation / 45.1, 0.0, 1.0);",
          "variable.item_use_normalized \u003d query.main_hand_item_use_duration / query.main_hand_item_max_duration;",
          "variable.guns \u003d query.get_equipped_item_name(\u0027main_hand\u0027) \u003d\u003d \u0027ak\u0027 || query.get_equipped_item_name(\u0027main_hand\u0027) \u003d\u003d \u0027ak_empty\u0027 || query.get_equipped_item_name(\u0027main_hand\u0027) \u003d\u003d \u0027m1014\u0027 || query.get_equipped_item_name(\u0027main_hand\u0027) \u003d\u003d \u0027m1014_empty\u0027 || query.get_equipped_item_name(\u0027main_hand\u0027) \u003d\u003d \u0027scar\u0027 || query.get_equipped_item_name(\u0027main_hand\u0027) \u003d\u003d \u0027scar_empty\u0027 || query.get_equipped_item_name(\u0027main_hand\u0027) \u003d\u003d \u0027mp40\u0027 || query.get_equipped_item_name(\u0027main_hand\u0027) \u003d\u003d \u0027mp40_empty\u0027 || query.get_equipped_item_name(\u0027main_hand\u0027) \u003d\u003d \u0027famas\u0027 || query.get_equipped_item_name(\u0027main_hand\u0027) \u003d\u003d \u0027famas_empty\u0027 || query.get_equipped_item_name(\u0027main_hand\u0027) \u003d\u003d \u0027ump\u0027 || query.get_equipped_item_name(\u0027main_hand\u0027) \u003d\u003d \u0027ump_empty\u0027 || query.get_equipped_item_name(\u0027main_hand\u0027) \u003d\u003d \u0027mp5\u0027 || query.get_equipped_item_name(\u0027main_hand\u0027) \u003d\u003d \u0027mp5_empty\u0027 || query.get_equipped_item_name(\u0027main_hand\u0027) \u003d\u003d \u0027m1887\u0027 || query.get_equipped_item_name(\u0027main_hand\u0027) \u003d\u003d \u0027m1887_empty\u0027 || query.get_equipped_item_name(\u0027main_hand\u0027) \u003d\u003d \u0027xm8\u0027 || query.get_equipped_item_name(\u0027main_hand\u0027) \u003d\u003d \u0027xm8_empty\u0027;",
          "variable.ak \u003d q.get_equipped_item_name(\u0027main_hand\u0027) \u003d\u003d \u0027ak\u0027 || q.get_equipped_item_name(\u0027main_hand\u0027) \u003d\u003d \u0027ak_empty\u0027;",
          "variable.m1014 \u003d q.get_equipped_item_name(\u0027main_hand\u0027) \u003d\u003d \u0027m1014\u0027 || q.get_equipped_item_name(\u0027main_hand\u0027) \u003d\u003d \u0027m1014_empty\u0027;",
          "variable.scar \u003d q.get_equipped_item_name(\u0027main_hand\u0027) \u003d\u003d \u0027scar\u0027 || q.get_equipped_item_name(\u0027main_hand\u0027) \u003d\u003d \u0027scar_empty\u0027;",
          "variable.mp40 \u003d q.get_equipped_item_name(\u0027main_hand\u0027) \u003d\u003d \u0027mp40\u0027 || q.get_equipped_item_name(\u0027main_hand\u0027) \u003d\u003d \u0027mp40_empty\u0027;",
          "variable.famas \u003d q.get_equipped_item_name(\u0027main_hand\u0027) \u003d\u003d \u0027famas\u0027 || q.get_equipped_item_name(\u0027main_hand\u0027) \u003d\u003d \u0027famas_empty\u0027;",
          "variable.ump \u003d q.get_equipped_item_name(\u0027main_hand\u0027) \u003d\u003d \u0027ump\u0027 || q.get_equipped_item_name(\u0027main_hand\u0027) \u003d\u003d \u0027ump_empty\u0027;",
          "variable.mp5 \u003d q.get_equipped_item_name(\u0027main_hand\u0027) \u003d\u003d \u0027mp5\u0027 || q.get_equipped_item_name(\u0027main_hand\u0027) \u003d\u003d \u0027mp5_empty\u0027;",
          "variable.m1887 \u003d q.get_equipped_item_name(\u0027main_hand\u0027) \u003d\u003d \u0027m1887\u0027 || q.get_equipped_item_name(\u0027main_hand\u0027) \u003d\u003d \u0027m1887_empty\u0027;",
          "variable.xm8 \u003d q.get_equipped_item_name(\u0027main_hand\u0027) \u003d\u003d \u0027xm8\u0027 || q.get_equipped_item_name(\u0027main_hand\u0027) \u003d\u003d \u0027xm8_empty\u0027;"
        ],
        "animate": [
          "root",
          "shoot",
          {
            "ak_controller": "variable.is_first_person"
          },
          {
            "ak_controller_tpp": "!variable.is_first_person"
          },
          {
            "m1014_controller": "variable.is_first_person"
          },
          {
            "m1014_controller_tpp": "!variable.is_first_person"
          },
          {
            "scar_controller": "variable.is_first_person"
          },
          {
            "scar_controller_tpp": "!variable.is_first_person"
          },
          {
            "mp40_controller": "variable.is_first_person"
          },
          {
            "mp40_controller_tpp": "!variable.is_first_person"
          },
          {
            "famas_controller": "variable.is_first_person"
          },
          {
            "famas_controller_tpp": "!variable.is_first_person"
          },
          {
            "ump_controller": "variable.is_first_person"
          },
          {
            "ump_controller_tpp": "!variable.is_first_person"
          },
          {
            "mp5_controller": "variable.is_first_person"
          },
          {
            "mp5_controller_tpp": "!variable.is_first_person"
          },
          {
            "m1887_controller": "variable.is_first_person"
          },
          {
            "m1887_controller_tpp": "!variable.is_first_person"
          },
          {
            "xm8_controller": "variable.is_first_person"
          },
          {
            "xm8_controller_tpp": "!variable.is_first_person"
          }
        ]
      },
      "animations": {
        "root": "controller.animation.player.root",
        "base_controller": "controller.animation.player.base",
        "hudplayer": "controller.animation.player.hudplayer",
        "humanoid_base_pose": "animation.humanoid.base_pose",
        "look_at_target": "controller.animation.humanoid.look_at_target",
        "look_at_target_ui": "animation.player.look_at_target.ui",
        "look_at_target_default": "animation.humanoid.look_at_target.default",
        "look_at_target_gliding": "animation.humanoid.look_at_target.gliding",
        "look_at_target_swimming": "animation.humanoid.look_at_target.swimming",
        "look_at_target_inverted": "animation.player.look_at_target.inverted",
        "cape": "animation.player.cape",
        "move.arms": "animation.player.move.arms",
        "move.legs": "animation.player.move.legs",
        "swimming": "animation.player.swim",
        "swimming.legs": "animation.player.swim.legs",
        "riding.arms": "animation.player.riding.arms",
        "riding.legs": "animation.player.riding.legs",
        "holding": "animation.player.holding",
        "brandish_spear": "animation.humanoid.brandish_spear",
        "charging": "animation.humanoid.charging",
        "attack.positions": "animation.player.attack.positions",
        "attack.rotations": "animation.player.attack.rotations",
        "sneaking": "animation.player.sneaking",
        "bob": "animation.player.bob",
        "damage_nearby_mobs": "animation.humanoid.damage_nearby_mobs",
        "bow_and_arrow": "animation.humanoid.bow_and_arrow",
        "use_item_progress": "animation.humanoid.use_item_progress",
        "skeleton_attack": "animation.skeleton.attack",
        "sleeping": "animation.player.sleeping",
        "first_person_base_pose": "animation.player.first_person.base_pose",
        "first_person_empty_hand": "animation.player.first_person.empty_hand",
        "first_person_swap_item": "animation.player.first_person.swap_item",
        "first_person_attack_controller": "controller.animation.player.first_person_attack",
        "first_person_attack_rotation": "animation.player.first_person.attack_rotation",
        "first_person_vr_attack_rotation": "animation.player.first_person.vr_attack_rotation",
        "first_person_walk": "animation.player.first_person.walk",
        "first_person_map_controller": "controller.animation.player.first_person_map",
        "first_person_map_hold": "animation.player.first_person.map_hold",
        "first_person_map_hold_attack": "animation.player.first_person.map_hold_attack",
        "first_person_map_hold_off_hand": "animation.player.first_person.map_hold_off_hand",
        "first_person_map_hold_main_hand": "animation.player.first_person.map_hold_main_hand",
        "first_person_crossbow_equipped": "animation.player.first_person.crossbow_equipped",
        "third_person_crossbow_equipped": "animation.player.crossbow_equipped",
        "third_person_bow_equipped": "animation.player.bow_equipped",
        "crossbow_hold": "animation.player.crossbow_hold",
        "crossbow_controller": "controller.animation.player.crossbow",
        "shield_block_main_hand": "animation.player.shield_block_main_hand",
        "shield_block_off_hand": "animation.player.shield_block_off_hand",
        "blink": "controller.animation.persona.blink",
        "shoot": "controller.animation.shoot",
        "ak_controller": "controller.animation.ak",
        "ak_controller_tpp": "controller.animation.ak_tpp",
        "ak": "animation.item.ak",
        "ak_sprint": "animation.item.ak_sprint",
        "ak_aim": "animation.item.ak_aim",
        "ak_shoot": "animation.item.ak_shoot",
        "ak_shoot_aim": "animation.item.ak_shoot_aim",
        "ak_reload": "animation.item.ak_reload",
        "ak_draw": "animation.item.ak_draw",
        "ak_tpp": "animation.item.ak_tpp",
        "ak_sprint_tpp": "animation.item.ak_sprint_tpp",
        "ak_aim_tpp": "animation.item.ak_aim_tpp",
        "ak_shoot_tpp": "animation.item.ak_shoot_tpp",
        "ak_reload_tpp": "animation.item.ak_reload_tpp",
        "ak_draw_tpp": "animation.item.ak_draw_tpp",
        "m1014_controller": "controller.animation.m1014",
        "m1014_controller_tpp": "controller.animation.m1014_tpp",
        "m1014": "animation.item.m1014",
        "m1014_sprint": "animation.item.m1014_sprint",
        "m1014_aim": "animation.item.m1014_aim",
        "m1014_shoot": "animation.item.m1014_shoot",
        "m1014_shoot_aim": "animation.item.m1014_shoot_aim",
        "m1014_reload": "animation.item.m1014_reload",
        "m1014_draw": "animation.item.m1014_draw",
        "m1014_tpp": "animation.item.m1014_tpp",
        "m1014_sprint_tpp": "animation.item.m1014_sprint_tpp",
        "m1014_aim_tpp": "animation.item.m1014_aim_tpp",
        "m1014_shoot_tpp": "animation.item.m1014_shoot_tpp",
        "m1014_reload_tpp": "animation.item.m1014_reload_tpp",
        "m1014_draw_tpp": "animation.item.m1014_draw_tpp",
        "scar_controller": "controller.animation.scar",
        "scar_controller_tpp": "controller.animation.scar_tpp",
        "scar": "animation.item.scar",
        "scar_sprint": "animation.item.scar_sprint",
        "scar_aim": "animation.item.scar_aim",
        "scar_shoot": "animation.item.scar_shoot",
        "scar_shoot_aim": "animation.item.scar_shoot_aim",
        "scar_reload": "animation.item.scar_reload",
        "scar_draw": "animation.item.scar_draw",
        "scar_tpp": "animation.item.scar_tpp",
        "scar_sprint_tpp": "animation.item.scar_sprint_tpp",
        "scar_aim_tpp": "animation.item.scar_aim_tpp",
        "scar_shoot_tpp": "animation.item.scar_shoot_tpp",
        "scar_reload_tpp": "animation.item.scar_reload_tpp",
        "scar_draw_tpp": "animation.item.scar_draw_tpp",
        "mp40_controller": "controller.animation.mp40",
        "mp40_controller_tpp": "controller.animation.mp40_tpp",
        "mp40": "animation.item.mp40",
        "mp40_sprint": "animation.item.mp40_sprint",
        "mp40_aim": "animation.item.mp40_aim",
        "mp40_shoot": "animation.item.mp40_shoot",
        "mp40_shoot_aim": "animation.item.mp40_shoot_aim",
        "mp40_reload": "animation.item.mp40_reload",
        "mp40_draw": "animation.item.mp40_draw",
        "mp40_tpp": "animation.item.mp40_tpp",
        "mp40_sprint_tpp": "animation.item.mp40_sprint_tpp",
        "mp40_aim_tpp": "animation.item.mp40_aim_tpp",
        "mp40_shoot_tpp": "animation.item.mp40_shoot_tpp",
        "mp40_reload_tpp": "animation.item.mp40_reload_tpp",
        "mp40_draw_tpp": "animation.item.mp40_draw_tpp",
        "famas_controller": "controller.animation.famas",
        "famas_controller_tpp": "controller.animation.famas_tpp",
        "famas": "animation.item.famas",
        "famas_sprint": "animation.item.famas_sprint",
        "famas_aim": "animation.item.famas_aim",
        "famas_shoot": "animation.item.famas_shoot",
        "famas_shoot_aim": "animation.item.famas_shoot_aim",
        "famas_reload": "animation.item.famas_reload",
        "famas_draw": "animation.item.famas_draw",
        "famas_tpp": "animation.item.famas_tpp",
        "famas_sprint_tpp": "animation.item.famas_sprint_tpp",
        "famas_aim_tpp": "animation.item.famas_aim_tpp",
        "famas_shoot_tpp": "animation.item.famas_shoot_tpp",
        "famas_reload_tpp": "animation.item.famas_reload_tpp",
        "famas_draw_tpp": "animation.item.famas_draw_tpp",
        "ump_controller": "controller.animation.ump",
        "ump_controller_tpp": "controller.animation.ump_tpp",
        "ump": "animation.item.ump",
        "ump_sprint": "animation.item.ump_sprint",
        "ump_aim": "animation.item.ump_aim",
        "ump_shoot": "animation.item.ump_shoot",
        "ump_shoot_aim": "animation.item.ump_shoot_aim",
        "ump_reload": "animation.item.ump_reload",
        "ump_draw": "animation.item.ump_draw",
        "ump_tpp": "animation.item.ump_tpp",
        "ump_sprint_tpp": "animation.item.ump_sprint_tpp",
        "ump_aim_tpp": "animation.item.ump_aim_tpp",
        "ump_shoot_tpp": "animation.item.ump_shoot_tpp",
        "ump_reload_tpp": "animation.item.ump_reload_tpp",
        "ump_draw_tpp": "animation.item.ump_draw_tpp",
        "mp5_controller": "controller.animation.mp5",
        "mp5_controller_tpp": "controller.animation.mp5_tpp",
        "mp5": "animation.item.mp5",
        "mp5_sprint": "animation.item.mp5_sprint",
        "mp5_aim": "animation.item.mp5_aim",
        "mp5_shoot": "animation.item.mp5_shoot",
        "mp5_shoot_aim": "animation.item.mp5_shoot_aim",
        "mp5_reload": "animation.item.mp5_reload",
        "mp5_draw": "animation.item.mp5_draw",
        "mp5_tpp": "animation.item.mp5_tpp",
        "mp5_sprint_tpp": "animation.item.mp5_sprint_tpp",
        "mp5_aim_tpp": "animation.item.mp5_aim_tpp",
        "mp5_shoot_tpp": "animation.item.mp5_shoot_tpp",
        "mp5_reload_tpp": "animation.item.mp5_reload_tpp",
        "mp5_draw_tpp": "animation.item.mp5_draw_tpp",
        "m1887_controller": "controller.animation.m1887",
        "m1887_controller_tpp": "controller.animation.m1887_tpp",
        "m1887": "animation.item.m1887",
        "m1887_sprint": "animation.item.m1887_sprint",
        "m1887_aim": "animation.item.m1887_aim",
        "m1887_shoot": "animation.item.m1887_shoot",
        "m1887_shoot_aim": "animation.item.m1887_shoot_aim",
        "m1887_reload": "animation.item.m1887_reload",
        "m1887_draw": "animation.item.m1887_draw",
        "m1887_tpp": "animation.item.m1887_tpp",
        "m1887_sprint_tpp": "animation.item.m1887_sprint_tpp",
        "m1887_aim_tpp": "animation.item.m1887_aim_tpp",
        "m1887_shoot_tpp": "animation.item.m1887_shoot_tpp",
        "m1887_reload_tpp": "animation.item.m1887_reload_tpp",
        "m1887_draw_tpp": "animation.item.m1887_draw_tpp",
        "xm8_controller": "controller.animation.xm8",
        "xm8_controller_tpp": "controller.animation.xm8_tpp",
        "xm8": "animation.item.xm8",
        "xm8_sprint": "animation.item.xm8_sprint",
        "xm8_aim": "animation.item.xm8_aim",
        "xm8_shoot": "animation.item.xm8_shoot",
        "xm8_shoot_aim": "animation.item.xm8_shoot_aim",
        "xm8_reload": "animation.item.xm8_reload",
        "xm8_draw": "animation.item.xm8_draw",
        "xm8_tpp": "animation.item.xm8_tpp",
        "xm8_sprint_tpp": "animation.item.xm8_sprint_tpp",
        "xm8_aim_tpp": "animation.item.xm8_aim_tpp",
        "xm8_shoot_tpp": "animation.item.xm8_shoot_tpp",
        "xm8_reload_tpp": "animation.item.xm8_reload_tpp",
        "xm8_draw_tpp": "animation.item.xm8_draw_tpp"
      },
      "render_controllers": [
        {
          "controller.render.player.first_person": "variable.is_first_person"
        },
        {
          "controller.render.player.third_person": "!variable.is_first_person \u0026\u0026 !variable.map_face_icon"
        },
        {
          "controller.render.player.map": "variable.map_face_icon"
        },
        {
          "controller.render.player.ak": "query.get_equipped_item_name(\u0027main_hand\u0027) \u003d\u003d \u0027ak\u0027 || q.get_equipped_item_name(\u0027main_hand\u0027) \u003d\u003d \u0027ak_empty\u0027"
        },
        {
          "controller.render.player.m1014": "query.get_equipped_item_name(\u0027main_hand\u0027) \u003d\u003d \u0027m1014\u0027 || q.get_equipped_item_name(\u0027main_hand\u0027) \u003d\u003d \u0027m1014_empty\u0027"
        },
        {
          "controller.render.player.scar": "query.get_equipped_item_name(\u0027main_hand\u0027) \u003d\u003d \u0027scar\u0027 || q.get_equipped_item_name(\u0027main_hand\u0027) \u003d\u003d \u0027scar_empty\u0027"
        },
        {
          "controller.render.player.mp40": "query.get_equipped_item_name(\u0027main_hand\u0027) \u003d\u003d \u0027mp40\u0027 || q.get_equipped_item_name(\u0027main_hand\u0027) \u003d\u003d \u0027mp40_empty\u0027"
        },
        {
          "controller.render.player.famas": "query.get_equipped_item_name(\u0027main_hand\u0027) \u003d\u003d \u0027famas\u0027 || q.get_equipped_item_name(\u0027main_hand\u0027) \u003d\u003d \u0027famas_empty\u0027"
        },
        {
          "controller.render.player.ump": "query.get_equipped_item_name(\u0027main_hand\u0027) \u003d\u003d \u0027ump\u0027 || q.get_equipped_item_name(\u0027main_hand\u0027) \u003d\u003d \u0027ump_empty\u0027"
        },
        {
          "controller.render.player.mp5": "query.get_equipped_item_name(\u0027main_hand\u0027) \u003d\u003d \u0027mp5\u0027 || q.get_equipped_item_name(\u0027main_hand\u0027) \u003d\u003d \u0027mp5_empty\u0027"
        },
        {
          "controller.render.player.m1887": "query.get_equipped_item_name(\u0027main_hand\u0027) \u003d\u003d \u0027m1887\u0027 || q.get_equipped_item_name(\u0027main_hand\u0027) \u003d\u003d \u0027m1887_empty\u0027"
        },
        {
          "controller.render.player.xm8": "query.get_equipped_item_name(\u0027main_hand\u0027) \u003d\u003d \u0027xm8\u0027 || q.get_equipped_item_name(\u0027main_hand\u0027) \u003d\u003d \u0027xm8_empty\u0027"
        }
      ],
      "enable_attachables": true
    }
  }
}