{
  "format_version": "1.12.0",
  "minecraft:geometry": [
    {
      "description": {
        "identifier": "geometry.mr_glock_gun",
        "texture_width": 32,
        "texture_height": 32,
        "visible_bounds_width": 4,
        "visible_bounds_height": 2.5,
        "visible_bounds_offset": [
          0,
          0.75,
          0
        ]
      },
      "bones": [
        {
          "name": "root"
        },
        {
          "name": "waist",
          "pivot": [
            0,
            12,
            0
          ],
          "parent": "root"
        },
        {
          "name": "body",
          "pivot": [
            0,
            24,
            0
          ],
          "parent": "waist"
        },
        {
          "name": "head",
          "pivot": [
            0,
            24,
            0
          ],
          "parent": "body"
        },
        {
          "name": "hat",
          "pivot": [
            0,
            24,
            0
          ],
          "parent": "head"
        },
        {
          "name": "cape",
          "pivot": [
            0,
            24,
            3
          ],
          "parent": "body"
        },
        {
          "name": "leftArm",
          "pivot": [
            5,
            22,
            0
          ],
          "parent": "body"
        },
        {
          "name": "leftSleeve",
          "pivot": [
            5,
            22,
            0
          ],
          "parent": "leftArm"
        },
        {
          "name": "leftItem",
          "pivot": [
            6,
            15,
            1
          ],
          "parent": "leftArm"
        },
        {
          "name": "rightArm",
          "pivot": [
            -5,
            22,
            0
          ],
          "parent": "body"
        },
        {
          "name": "rightSleeve",
          "pivot": [
            -5,
            22,
            0
          ],
          "parent": "rightArm"
        },
        {
          "name": "rightItem",
          "pivot": [
            -6,
            15,
            1
          ],
          "parent": "rightArm",
          "locators": {
            "lead_hold": [
              -6,
              15,
              1
            ]
          }
        },
        {
          "name": "pistolRoot",
          "parent": "rightItem"
        },
        {
          "name": "pistol",
          "pivot": [
            0,
            0,
            4
          ],
          "cubes": [
            {
              "origin": [
                -1.0,
                1.0,
                3.0
              ],
              "size": [
                2.0,
                6.0,
                3.0
              ],
              "uv": [
                0,
                0
              ],
              "inflate": 0
            },
            {
              "origin": [
                -1.25,
                7.0,
                -7.0
              ],
              "size": [
                2.5,
                3.0,
                13.0
              ],
              "uv": [
                0,
                0
              ],
              "inflate": 0
            },
            {
              "origin": [
                -0.5,
                4.0,
                0.0
              ],
              "size": [
                1.0,
                1.0,
                3.0
              ],
              "uv": [
                0,
                9
              ],
              "inflate": 0
            },
            {
              "origin": [
                -0.5,
                5.0,
                0.0
              ],
              "size": [
                1.0,
                2.0,
                1.0
              ],
              "uv": [
                7,
                0
              ],
              "inflate": 0.0
            },
            {
              "origin": [
                -0.5,
                6.0,
                2.0
              ],
              "size": [
                1.0,
                1.0,
                1.0
              ],
              "uv": [
                5,
                9
              ],
              "inflate": 0.0
            },
            {
              "origin": [
                -0.5,
                8.5,
                6.0
              ],
              "size": [
                1.0,
                1.0,
                1.0
              ],
              "uv": [
                5,
                9
              ],
              "inflate": 0.0
            },
            {
              "origin": [
                -0.5,
                9.8,
                -6.7
              ],
              "size": [
                1.0,
                1.0,
                1.0
              ],
              "uv": [
                5,
                9
              ],
              "inflate": 0.0
            },
            {
              "origin": [
                -0.5,
                8.1,
                -7.6
              ],
              "size": [
                1.0,
                1.0,
                1.0
              ],
              "uv": [
                5,
                9
              ],
              "inflate": 0.4
            }
          ],
          "parent": "pistolRoot"
        },
        {
          "name": "jacket",
          "pivot": [
            0,
            24,
            0
          ],
          "parent": "body"
        },
        {
          "name": "leftLeg",
          "pivot": [
            1.9,
            12,
            0
          ],
          "parent": "root"
        },
        {
          "name": "leftPants",
          "pivot": [
            1.9,
            12,
            0
          ],
          "parent": "leftLeg"
        },
        {
          "name": "rightLeg",
          "pivot": [
            -1.9,
            12,
            0
          ],
          "parent": "root"
        },
        {
          "name": "rightPants",
          "pivot": [
            -1.9,
            12,
            0
          ],
          "parent": "rightLeg"
        }
      ]
    }
  ]
}