{
  "format_version": "1.8.0",
  "minecraft:entity": {
    "description": {
      "identifier": "ta:falco",
      "is_spawnable": true,
      "is_summonable": true,
      "is_experimental": false
    },
    "component_groups": {
      "minecraft:adult": {
        "minecraft:loot": {
          "table": "loot_tables/empty.json"
        },
        "minecraft:breedable": {
          "requireTame": true,
          "breedsWith": {
            "mateType": "minecraft:wolf",
            "breed_event": {
              "event": "minecraft:entity_born"
            }
          },
          "breedItems": [
            "ta:pet_food"
          ]
        }
      },
      "minecraft:angry": {
        "minecraft:angry": {
          "duration": 25,
          "broadcastAnger": true,
          "broadcastRange": 20,
          "calm_event": {
            "event": "minecraft:on_calm",
            "target": "self"
          }
        },
        "minecraft:on_target_acquired": {}
      },
      "minecraft:wild": {
        "minecraft:tameable": {
          "probability": 0.33,
          "tameItems": "ta:ff_diamond",
          "tame_event": {
            "event": "minecraft:on_tame",
            "target": "self"
          }
        },
        "minecraft:on_target_acquired": {
          "event": "minecraft:become_angry",
          "target": "self"
        }
      },
      "minecraft:tame": {
        "minecraft:is_tamed": {},
        "minecraft:behavior.follow_owner": {
          "priority": 4,
          "speed_multiplier": 1.0,
          "start_distance": 10,
          "stop_distance": 2
        },
        "minecraft:behavior.breed": {
          "priority": 7
        },
        "minecraft:behavior.owner_hurt_by_target": {
          "priority": 1
        },
        "minecraft:behavior.owner_hurt_target": {
          "priority": 2
        },
        "minecraft:behavior.nearest_attackable_target": {
          "priority": 5,
          "attack_interval": 10,
          "entity_types": [
            {
              "filters": {
                "test": "is_family",
                "subject": "other",
                "value": "monster"
              },
              "max_dist": 16
            }
          ],
          "must_see": true
        },
        "minecraft:leashable": {
          "soft_distance": 4.0,
          "hard_distance": 6.0,
          "max_distance": 10.0,
          "on_leash": {
            "event": "minecraft:on_leash",
            "target": "self"
          },
          "on_unleash": {
            "event": "minecraft:on_unleash",
            "target": "self"
          }
        }
      },
      "minecraft:leashed": {
        "minecraft:behavior.move_towards_restriction": {
          "priority": 2,
          "speed_multiplier": 1.0
        }
      }
    },
    "components": {
      "minecraft:breathable": {
        "total_supply": 15,
        "suffocate_time": 0
      },
      "minecraft:collision_box": {
        "width": 0.4,
        "height": 1
      },
      "minecraft:scale": {
        "value": 0.8
      },
      "minecraft:attack": {
        "damage": 8
      },
      "minecraft:nameable": {
        "alwaysShow": true,
        "allowNameTagRenaming": true
      },
      "minecraft:health": {
        "value": 30,
        "max": 30
      },
      "minecraft:hurt_on_condition": {
        "damage_conditions": [
          {
            "filters": {
              "test": "in_lava",
              "subject": "self",
              "operator": "\u003d\u003d",
              "value": true
            },
            "cause": "lava",
            "damage_per_tick": 4
          }
        ]
      },
      "minecraft:movement": {
        "value": 0.4
      },
      "minecraft:damage_sensor": {
        "triggers": {
          "cause": "fall",
          "deals_damage": false
        }
      },
      "minecraft:behavior.nearest_attackable_target": {
        "priority": 1,
        "attack_interval": 10,
        "reselect_targets": true,
        "entity_types": [
          {
            "filters": {
              "all_of": [
                {
                  "test": "is_family",
                  "subject": "other",
                  "value": "monster"
                },
                {
                  "test": "is_underwater",
                  "subject": "other",
                  "operator": "!\u003d",
                  "value": true
                }
              ]
            },
            "max_dist": 16
          }
        ],
        "must_see": true
      },
      "minecraft:behavior.melee_attack": {
        "priority": 5,
        "target_dist": 1.2,
        "track_target": true,
        "reach_multiplier": 1.0
      },
      "minecraft:jump.static": {},
      "minecraft:can_fly": {
        "value": true
      },
      "minecraft:navigation.fly": {
        "can_path_over_water": true
      },
      "minecraft:movement.fly": {},
      "minecraft:physics": {},
      "minecraft:pushable": {
        "is_pushable": true,
        "is_pushable_by_piston": true
      },
      "minecraft:behavior.float": {
        "priority": 0
      },
      "minecraft:behavior.panic": {
        "priority": 0,
        "speed_multiplier": 1.25
      },
      "minecraft:behavior.look_at_player": {
        "priority": 4,
        "look_distance": 8.0
      },
      "minecraft:leashable": {
        "soft_distance": 4.0,
        "hard_distance": 6.0,
        "max_distance": 10.0
      }
    },
    "events": {
      "minecraft:entity_spawned": {
        "randomize": [
          {
            "weight": 9,
            "remove": {},
            "add": {
              "component_groups": [
                "minecraft:adult",
                "minecraft:wild"
              ]
            }
          }
        ]
      },
      "minecraft:on_tame": {
        "remove": {
          "component_groups": [
            "minecraft:wild"
          ]
        },
        "add": {
          "component_groups": [
            "minecraft:tame"
          ]
        }
      },
      "minecraft:become_angry": {
        "remove": {
          "component_groups": [
            "minecraft:wild"
          ]
        },
        "add": {
          "component_groups": [
            "minecraft:angry"
          ]
        }
      },
      "minecraft:on_calm": {
        "remove": {
          "component_groups": [
            "minecraft:angry"
          ]
        },
        "add": {
          "component_groups": [
            "minecraft:wild"
          ]
        }
      },
      "minecraft:on_leash": {
        "add": {
          "component_groups": [
            "minecraft:leashed"
          ]
        }
      },
      "minecraft:on_unleash": {
        "remove": {
          "component_groups": [
            "minecraft:leashed"
          ]
        }
      }
    }
  }
}