{
  "format_version": "1.8.0",
  "minecraft:entity": {
    "description": {
      "identifier": "ta:shiba",
      "is_spawnable": true,
      "is_summonable": true,
      "is_experimental": false
    },
    "component_groups": {
      "minecraft:adult": {
        "minecraft:loot": {
          "table": "loot_tables/empty.json"
        },
        "minecraft:breedable": {
          "requireTame": true,
          "breedsWith": {
            "mateType": "minecraft:wolf",
            "breed_event": {
              "event": "minecraft:entity_born"
            }
          },
          "breedItems": [
            "ta:pet_food"
          ]
        }
      },
      "minecraft:angry": {
        "minecraft:angry": {
          "duration": 25,
          "broadcastAnger": true,
          "broadcastRange": 20,
          "calm_event": {
            "event": "minecraft:on_calm",
            "target": "self"
          }
        },
        "minecraft:on_target_acquired": {}
      },
      "minecraft:wild": {
        "minecraft:tameable": {
          "probability": 0.33,
          "tameItems": "ta:ff_diamond",
          "tame_event": {
            "event": "minecraft:on_tame",
            "target": "self"
          }
        },
        "minecraft:on_target_acquired": {
          "event": "minecraft:become_angry",
          "target": "self"
        }
      },
      "minecraft:tame": {
        "minecraft:is_tamed": {},
        "minecraft:behavior.follow_owner": {
          "priority": 4,
          "speed_multiplier": 1.0,
          "start_distance": 10,
          "stop_distance": 2
        },
        "minecraft:behavior.breed": {
          "priority": 7
        },
        "minecraft:behavior.owner_hurt_by_target": {
          "priority": 1
        },
        "minecraft:behavior.owner_hurt_target": {
          "priority": 2
        },
        "minecraft:behavior.nearest_attackable_target": {
          "priority": 5,
          "attack_interval": 10,
          "entity_types": [
            {
              "filters": {
                "test": "is_family",
                "subject": "other",
                "value": "monster"
              },
              "max_dist": 16
            }
          ],
          "must_see": true
        },
        "minecraft:leashable": {
          "soft_distance": 4.0,
          "hard_distance": 6.0,
          "max_distance": 10.0,
          "on_leash": {
            "event": "minecraft:on_leash",
            "target": "self"
          },
          "on_unleash": {
            "event": "minecraft:on_unleash",
            "target": "self"
          }
        }
      },
      "minecraft:leashed": {
        "minecraft:behavior.move_towards_restriction": {
          "priority": 2,
          "speed_multiplier": 1.0
        }
      }
    },
    "components": {
      "minecraft:type_family": {
        "family": [
          "pet"
        ]
      },
      "minecraft:nameable": {
        "alwaysShow": true,
        "allowNameTagRenaming": true
      },
      "minecraft:breathable": {
        "totalSupply": 15,
        "suffocateTime": 0
      },
      "minecraft:scale": {
        "value": 1.0
      },
      "minecraft:collision_box": {
        "width": 0.6,
        "height": 1.3
      },
      "minecraft:health": {
        "value": 50,
        "max": 50
      },
      "minecraft:movement": {
        "value": 0.3
      },
      "minecraft:navigation.walk": {
        "can_path_over_water": true,
        "avoid_damage_blocks": true
      },
      "minecraft:movement.basic": {},
      "minecraft:jump.static": {},
      "minecraft:can_climb": {},
      "minecraft:attack": {
        "damage": 8
      },
      "minecraft:behavior.float": {
        "priority": 0
      },
      "minecraft:behavior.mount_pathing": {
        "priority": 1,
        "speed_multiplier": 1.25,
        "target_dist": 0,
        "track_target": true
      },
      "minecraft:behavior.leap_at_target": {
        "priority": 4,
        "target_dist": 0.4
      },
      "minecraft:behavior.melee_attack": {
        "priority": 5,
        "target_dist": 1.2,
        "track_target": true,
        "reach_multiplier": 1.0
      },
      "minecraft:behavior.random_stroll": {
        "priority": 3,
        "speed_multiplier": 1.0
      },
      "minecraft:behavior.look_at_player": {
        "priority": 6,
        "target_distance": 6.0,
        "probability": 0.02
      },
      "minecraft:behavior.hurt_by_target": {
        "priority": 1
      },
      "minecraft:physics": {}
    },
    "events": {
      "minecraft:entity_spawned": {
        "randomize": [
          {
            "weight": 9,
            "remove": {},
            "add": {
              "component_groups": [
                "minecraft:adult",
                "minecraft:wild"
              ]
            }
          }
        ]
      },
      "minecraft:on_tame": {
        "remove": {
          "component_groups": [
            "minecraft:wild"
          ]
        },
        "add": {
          "component_groups": [
            "minecraft:tame"
          ]
        }
      },
      "minecraft:become_angry": {
        "remove": {
          "component_groups": [
            "minecraft:wild"
          ]
        },
        "add": {
          "component_groups": [
            "minecraft:angry"
          ]
        }
      },
      "minecraft:on_calm": {
        "remove": {
          "component_groups": [
            "minecraft:angry"
          ]
        },
        "add": {
          "component_groups": [
            "minecraft:wild"
          ]
        }
      },
      "minecraft:on_leash": {
        "add": {
          "component_groups": [
            "minecraft:leashed"
          ]
        }
      },
      "minecraft:on_unleash": {
        "remove": {
          "component_groups": [
            "minecraft:leashed"
          ]
        }
      }
    }
  }
}