{"format_version":"1.8.0","minecraft:entity":{"description":{"identifier":"a:hbcursetrigger","is_spawnable":false,"is_summonable":true,"is_experimental":false},"components":{"minecraft:type_family":{"family":["hbcursetrigger","mobbbaaahhhhhbsshdhdb"]},"minecraft:health":{"value":10,"max":10},"minecraft:loot":{"table": "loot_tables/empty.json"},"minecraft:damage_sensor":{"triggers":{"on_damage":{"filters":{"test":"is_tag","subject":"other","value":"urmomisherobrine"}},"deals_damage":false}},"minecraft:fall_damage":{"value":0.0},"minecraft:despawn":{"filters":{"all_of":[{"test":"is_family","subject":"self","value":"mobbbaaahhhhhbsshdhdb"}]}},"minecraft:physics":{"has_collision":false}}}}
