{"format_version":"1.8.0","minecraft:entity":{"description":{"identifier":"jtartz:hbstalker","is_spawnable":false,"is_summonable":true,"is_experimental":false,"scripts":{"animate":["loop"]},"animations":{"loop":"controller.animation.hbstalker"}},"components":{"minecraft:type_family":{"family":["hdhdhshsjdjddj8383dherobrine"]},"minecraft:attack":{"damage":19},"minecraft:health":{"value":800,"max":800},"minecraft:fire_immune":true,"minecraft:fall_damage":{"value":0.0},"minecraft:movement":{"value":0.0},"minecraft:collision_box":{"width":0.6,"height":1.8},"minecraft:loot":{"table":"loot_tables/entities/hbloot_jt2.json"},"minecraft:breathable":{"totalSupply":15,"suffocateTime":0,"breathesAir":true,"breathesWater":true},"minecraft:physics":{},"minecraft:behavior.float":{"priority":0},"minecraft:behavior.nearest_attackable_target":{"priority":2,"within_radius":25,"reselect_targets":true,"entity_types":[{"filters":{"any_of":[{"test":"is_family","subject":"other","value":"player"},{"test":"is_family","subject":"other","value":"player"},{"test":"is_family","subject":"other","value":"player"},{"test":"is_family","subject":"other","value":"player"}]},"max_dist":35},{"filters":{"all_of":[{"test":"is_family","subject":"other","value":"player"},{"test":"in_water","subject":"other","operator":"!=","value":true}]},"max_dist":35}],"must_see":true,"must_see_forget_duration":17},"minecraft:behavior.melee_attack":{"priority":3,"reach_multiplier":3,"track_target":true},"minecraft:behavior.move_towards_restriction":{"priority":5,"speed_multiplier":1},"minecraft:behavior.look_at_player":{"priority":7,"look_distance":150,"probability":1.00}}}}
