{"format_version":"1.8.0","minecraft:entity":{"description":{"identifier":"jtartz:lightningstrike","is_spawnable":false,"is_summonable":false,"is_experimental":false,"scripts":{"animate":["loop"]},"animations":{"loop":"controller.animation.lightningstrike"}},"components":{"minecraft:type_family":{"family":["i_dont_have_a_family_im_lonely_bkasje8"]},"minecraft:health":{"value":1,"max":1},"minecraft:loot":{"table": "loot_tables/empty.json"},"minecraft:despawn":{"filters":{"all_of":[{"test":"is_family","subject":"self","value":"i_dont_have_a_family_im_lonely_bkasje8"}]}},"minecraft:collision_box":{"width":0.01,"height":0.01},"minecraft:physics":{}}}}
