{
	"format_version": "1.8.0",
	"animations": {
		"animation.mp5_draw": {
			"loop": "hold_on_last_frame",
			"animation_length": 0.94444,
			"bones": {
				"rightArm": {
					"rotation": [85, 25, 175],
					"position": [12.71, -4.24, 5.75]
				},
				"leftArm": {
					"rotation": {
						"0.0": [100.53, 11.16, 218.26],
						"0.0833": [77.54, 14.51, 218.92],
						"0.1389": [68.24, 16.07, 219.23],
						"0.1944": [59.6, 18.34, 219.67],
						"0.25": [55, 20, 220],
						"0.2778": [54.07, 20.26, 220.07],
						"0.3889": [54.86, 20, 220.04],
						"0.4167": [55, 20, 220],
						"0.4722": [54.8, 20.77, 219.42],
						"0.5": [54.79, 20.82, 219.39],
						"0.5833": [54.88, 20.46, 219.65],
						"0.6667": [55.01, 19.97, 220.02],
						"0.7778": [55.01, 19.96, 220.03],
						"0.8611": [55, 20, 220]
					},
					"position": {
						"0.0": [-3.81, -13.92, 17.89],
						"0.0833": [-4.64, -10.05, 17.74],
						"0.1389": [-4.97, -8.6, 17.74],
						"0.1944": [-5.44, -7.51, 18.22],
						"0.25": [-5.91, -7.82, 19.19],
						"0.2778": [-5.67, -8.24, 19.24],
						"0.3056": [-5.61, -8.35, 19.23],
						"0.3333": [-5.71, -8.44, 19.35],
						"0.3889": [-5.94, -8.34, 19.45],
						"0.4167": [-6.01, -8.29, 19.49],
						"0.4722": [-5.83, -8.27, 19.5],
						"0.5": [-5.81, -8.26, 19.51],
						"0.5833": [-5.85, -8.19, 19.55],
						"0.6667": [-5.91, -8.12, 19.6],
						"0.7778": [-5.91, -8.12, 19.6],
						"0.8611": [-5.91, -8.12, 19.59]
					}
				},
				"root": {
					"position": [-2, 1, -2]
				},
				"waist": {
					"rotation": [0, 2.5, 0],
					"position": [-2.34, -4.85, -3.25],
					"scale": 1.5
				},
				"M4a1": {
					"position": [2, 0, 0]
				},
				"body": {
					"rotation": {
						"0.0": [-10, 5, 0],
						"0.0833": [-4.21, 4.45, 0],
						"0.1389": [-2, 5, 0],
						"0.1944": [-0.93, 6.81, 0],
						"0.2778": [-0.19, 11.25, 0],
						"0.3333": [0, 12.49, 0]
					},
					"position": {
						"0.0": [-0.28, -1.25, -1.25],
						"0.0833": [-0.28, -1.25, -1.25],
						"0.1389": [-0.28, -1.25, -1.25],
						"0.1944": [-0.28, -1.25, -1.25],
						"0.2778": [-0.28, -1.25, -1.25],
						"0.3333": [-0.28, -1.25, -1.25]
					}
				},
				"A": {
					"position": [0, 0, 0]
				},
				"Gun": {
					"rotation": [0, 180, -2.5],
					"position": [10.78, 10.91, 11.78],
					"scale": 0.6
				},
				"mk4smr2": {
					"rotation": [0, 0, 0],
					"position": [0, 0, 0]
				},
				"mp5": {
					"rotation": {
						"0.0": [188.41, 27.06, 142.35],
						"0.0833": [184.43, 14.64, 160.51],
						"0.1389": [182.85, 10.36, 167.94],
						"0.1944": [180.83, 10.76, 179.14],
						"0.25": [178.31, 10.69, 176.05],
						"0.2778": [179.48, 10.17, 173.93],
						"0.3056": [179.97, 10.03, 173.69],
						"0.3333": [181.26, 9.84, 176.07],
						"0.3889": [181.04, 10.48, 178.45],
						"0.4167": [180.83, 10.76, 179.14],
						"0.4722": [180.44, 10.86, 177.48],
						"0.5": [180.42, 10.85, 177.33],
						"0.5833": [180.6, 10.81, 178.12],
						"0.6667": [180.85, 10.76, 179.2],
						"0.7778": [180.85, 10.76, 179.24],
						"0.8611": [180.83, 10.76, 179.14]
					},
					"position": {
						"0.0": [1.19, 15.41, 38.72],
						"0.0833": [2.18, 19.05, 38.76],
						"0.1389": [2.59, 20.41, 38.72],
						"0.1944": [3.19, 21.41, 38.22],
						"0.25": [3.39, 21.41, 38.42],
						"0.2778": [3.31, 21.41, 38.58],
						"0.3333": [3.19, 21.41, 38.72],
						"0.3889": [3.1, 21.41, 38.73],
						"0.4167": [3.09, 21.41, 38.72],
						"0.4722": [3.15, 21.41, 38.72],
						"0.5278": [3.19, 21.41, 38.72],
						"0.5833": [3.19, 21.41, 38.72],
						"0.6667": [3.19, 21.41, 38.72],
						"0.7778": [3.19, 21.41, 38.72],
						"0.8611": [3.19, 21.41, 38.72]
					}
				},
				"stock": {
					"position": [0, 0, -27.8]
				},
				"muzzle": {
					"position": [0, 0, -27]
				},
				"reciever": {
					"position": [0, 0, -27]
				},
				"trigger": {
					"position": [0, 0, -27]
				},
				"magazine": {
					"position": [0, 0, -27]
				},
				"magazine2": {
					"position": [0, -10, -23.6]
				},
				"bolt": {
					"position": [0, 0, -27]
				}
			}
		},
		"animation.mp5_draw2": {
			"loop": "hold_on_last_frame",
			"animation_length": 0.9722,
			"bones": {
				"rightArm": {
					"rotation": {
						"0.0": [127.5, 25, 175],
						"0.0833": [109.42, 28.75, 175.1],
						"0.1944": [91.34, 32.5, 175.19],
						"0.2778": [89.15, 31.05, 166.72],
						"0.3611": [87.58, 30.01, 160.68],
						"0.3889": [88.45, 29.62, 161.78],
						"0.4722": [91.51, 28.28, 165.63],
						"0.5556": [93.69, 27.31, 168.39],
						"0.5833": [91.52, 26.73, 170.04],
						"0.6667": [85, 25, 175]
					},
					"position": {
						"0.0": [12.71, -4.24, 5.75],
						"0.6667": [12.71, -4.24, 5.75]
					}
				},
				"leftArm": {
					"rotation": {
						"0.0": [23.27, -0.41, 329.48],
						"0.0833": [27.32, 15.41, 368.77],
						"0.1667": [48.68, 28.15, 400.13],
						"0.1944": [88.45, 33.11, 411.93],
						"0.2778": [220.48, 59.48, 467.52],
						"0.3056": [233.1, 71.01, 487.76],
						"0.3333": [237.54, 64, 497.97],
						"0.3611": [104.51, -4.3, 336.8],
						"0.3889": [85.56, -11, 348.15],
						"0.4167": [89.62, -13.01, 347.75],
						"0.4722": [81.04, -10.15, 312.85],
						"0.5833": [69.61, 4.08, 244.91],
						"0.6111": [66.35, 8.14, 225.51],
						"0.6389": [60.79, 13.23, 219.89],
						"0.6667": [55.27, 17.97, 219.55],
						"0.6944": [55.3, 17.72, 219.92],
						"0.75": [55, 20, 220],
						"0.7778": [55.06, 19.78, 220.2],
						"0.8333": [55.19, 19.33, 220.61],
						"0.8611": [55.13, 19.51, 220.45],
						"0.9444": [55, 20, 220]
					},
					"position": {
						"0.0": [-13.31, -15.72, 12.09],
						"0.0833": [-12.55, -12.99, 12.09],
						"0.1944": [-11.66, -9.61, 12.09],
						"0.2222": [-11.51, -8.92, 12.09],
						"0.25": [-11.47, -6.33, 12.09],
						"0.2778": [-9.59, -2.57, 11.49],
						"0.3056": [-9.21, -1.82, 10.89],
						"0.3333": [-9.41, -1.12, 10.69],
						"0.3611": [-13.01, -4.42, 13.99],
						"0.3889": [-15.41, -8.52, 13.99],
						"0.4167": [-14.71, -8.92, 13.99],
						"0.4722": [-11.89, -8.46, 15.31],
						"0.5833": [-7.94, -7.81, 17.16],
						"0.6111": [-6.81, -7.62, 17.69],
						"0.6389": [-6.06, -7.11, 18.35],
						"0.6667": [-6.03, -7.6, 19.42],
						"0.6944": [-6.03, -7.76, 19.38],
						"0.75": [-5.9, -8.04, 19.6],
						"0.7778": [-5.93, -8.06, 19.6],
						"0.8333": [-5.99, -8.1, 19.61],
						"0.8611": [-5.97, -8.11, 19.61],
						"0.9444": [-5.91, -8.12, 19.59]
					}
				},
				"root": {
					"position": [-2, 1, -2]
				},
				"waist": {
					"rotation": [0, 2.5, 0],
					"position": [-2.34375, -4.84625, -3.25],
					"scale": 1.5
				},
				"M4a1": {
					"position": [2, 0, 0]
				},
				"body": {
					"rotation": [0, 12.49, 0],
					"position": [-0.28, -1.25, -1.25]
				},
				"A": {
					"position": [0, 0, 0]
				},
				"Gun": {
					"rotation": [0, 180, -2.5],
					"position": [10.78, 10.91, 11.78],
					"scale": 0.6
				},
				"mk4smr2": {
					"rotation": [0, 0, 0],
					"position": [0, 0, 0]
				},
				"mp5": {
					"rotation": {
						"0.0": [217.83, 10.76, 179.14],
						"0.0833": [201.44, 9.24, 193.51],
						"0.1667": [188.13, 8.48, 200.32],
						"0.1944": [182.99, 8.65, 198.3],
						"0.2778": [167.87, 10.43, 179.55],
						"0.3056": [166.52, 10.59, 177.98],
						"0.3333": [164.35, 11.05, 177.14],
						"0.3611": [166.16, 9.5, 170.9],
						"0.3889": [168.86, 12.66, 179.49],
						"0.4167": [158.47, 8.83, 172.25],
						"0.4444": [162.18, 12.78, 173.03],
						"0.4722": [166.76, 11.07, 174.24],
						"0.5": [168.42, 9.9, 171.74],
						"0.5278": [175.3, 11.08, 176.24],
						"0.5556": [179.35, 10.97, 174.91],
						"0.5833": [183.08, 10.81, 177.65],
						"0.6111": [185.95, 10.67, 180.18],
						"0.6389": [183.12, 10.73, 177.18],
						"0.6667": [180.22, 10.74, 178.16],
						"0.6944": [179.69, 10.74, 178.63],
						"0.7222": [181.02, 10.75, 180.16],
						"0.75": [180.68, 10.78, 177.94],
						"0.7778": [180.69, 10.78, 178.02],
						"0.8611": [180.84, 10.76, 179.2],
						"0.9722": [180.83, 10.76, 179.14]
					},
					"position": {
						"0.0": [3.19, 16.11, 38.72],
						"0.0833": [3.23, 18.33, 38.48],
						"0.1667": [3.22, 19.81, 38.32],
						"0.1944": [3.18, 20.07, 38.29],
						"0.2778": [2.92, 19.93, 38.32],
						"0.3056": [2.89, 19.91, 38.32],
						"0.3611": [2.59, 19.71, 38.32],
						"0.3889": [2.89, 19.61, 38.32],
						"0.4167": [2.59, 19.71, 38.32],
						"0.4444": [2.99, 19.39, 38.32],
						"0.4722": [2.99, 19.33, 38.32],
						"0.5": [2.99, 19.31, 38.32],
						"0.5278": [3.04, 19.21, 38.42],
						"0.5833": [3.11, 20.36, 38.57],
						"0.6389": [3.19, 21.51, 38.72],
						"0.6667": [3.19, 21.64, 38.73],
						"0.6944": [3.19, 21.59, 38.72],
						"0.7778": [3.19, 21.5, 38.72],
						"0.8611": [3.19, 21.4, 38.72],
						"0.9722": [3.19, 21.41, 38.72]
					}
				},
				"stock": {
					"position": [0, 0, -27.8]
				},
				"muzzle": {
					"position": [0, 0, -27]
				},
				"reciever": {
					"position": [0, 0, -27]
				},
				"trigger": {
					"position": [0, 0, -27]
				},
				"magazine": {
					"position": [0, 0, -27]
				},
				"magazine2": {
					"position": [0, -10, -23.6]
				},
				"bolt": {
					"position": [0, 0, -27]
				}
			},
			"sound_effects": {
				"0.2222": {
					"effect": "mp5_slideback"
				}
			}
		},
		"animation.mp5_hold": {
			"loop": true,
			"animation_length": 5.27778,
			"bones": {
				"rightArm": {
					"rotation": ["85+ variable.is_using_vr * 7.5", "25+ variable.is_using_vr * 7.5", "175 + variable.is_using_vr * -2.5"],
					"position": [12.7125, -4.2375, 5.75]
				},
				"leftArm": {
					"rotation": ["55+ variable.is_using_vr * 7.5", "20+ variable.is_using_vr * 7.5", "220+ variable.is_using_vr * -2.5"],
					"position": [-5.90625, -8.125, 19.59375]
				},
				"root": {
					"position": [-2, 1, -2]
				},
				"waist": {
					"rotation": [0, 2.5, 0],
					"position": [-2.34375, -4.84625, -3.25],
					"scale": 1.5
				},
				"M4a1": {
					"position": [2, 0, 0]
				},
				"body": {
					"rotation": [0, 12.49463, 0],
					"position": [-0.28125, -1.25, -1.25]
				},
				"A": {
					"position": [0, 0, 0]
				},
				"Gun": {
					"rotation": [0, 180, -2.5],
					"position": [10.78125, 10.90625, 11.78125],
					"scale": 0.6
				},
				"mk4smr2": {
					"rotation": [0, 0, 0],
					"position": [0, 0, 0]
				},
				"mp5": {
					"rotation": [180.83231, 10.76228, 179.14222],
					"position": [3.1875, 21.40625, 38.71875]
				},
				"stock": {
					"position": [0, 0, -27.8]
				},
				"muzzle": {
					"position": [0, 0, -27]
				},
				"reciever": {
					"position": [0, 0, -27]
				},
				"trigger": {
					"position": [0, 0, -27]
				},
				"magazine": {
					"position": [0, 0, -27]
				},
				"magazine2": {
					"position": [0, -10, -23.6]
				},
				"bolt": {
					"position": [0, 0, -27]
				}
			}
		},
		"animation.mp5_shoot": {
			"loop": true,
			"animation_length": 0.25,
			"anim_time_update": "query.anim_time + query.delta_time * 2.0",
			"bones": {
				"rightArm": {
					"rotation": ["85+ variable.is_using_vr * 7.5", "25+ variable.is_using_vr * 7.5", "175 + variable.is_using_vr * -2.5"],
					"position": [12.7125, -4.2375, 5.75]
				},
				"leftArm": {
					"rotation": {
						"0.0": ["55+ variable.is_using_vr * 7.5", "20+ variable.is_using_vr * 7.5", "220+ variable.is_using_vr * -2.5"],
						"0.0833": ["42.5+ variable.is_using_vr * 7.5", "20+ variable.is_using_vr * 7.5", "220+ variable.is_using_vr * -2.5"],
						"0.125": ["47.5+ variable.is_using_vr * 7.5", "20+ variable.is_using_vr * 7.5", "220+ variable.is_using_vr * -2.5"],
						"0.25": ["55+ variable.is_using_vr * 7.5", "20+ variable.is_using_vr * 7.5", "220+ variable.is_using_vr * -2.5"]
					},
					"position": {
						"0.0": [-5.90625, -8.125, 19.59375],
						"0.0833": [-6.91, -8.495, 20.84],
						"0.125": [-6.75375, -8.70875, 20.59],
						"0.25": [-5.90625, -8.125, 19.59375]
					}
				},
				"root": {
					"rotation": {
						"0.0": [0, 0, 0],
						"0.0833": [2.5, 0, 0],
						"0.125": [0, 0, 0]
					},
					"position": {
						"0.0": [-2, 1, -2],
						"0.0833": [-2, 0.0625, -3.4],
						"0.125": [-2, 1, -3.85625],
						"0.1667": [-2, 1, -2]
					}
				},
				"waist": {
					"rotation": [0, 2.5, 0],
					"position": [-2.34375, -4.84625, -3.25],
					"scale": 1.5
				},
				"M4a1": {
					"position": [2, 0, 0]
				},
				"body": {
					"rotation": [0, 12.49463, 0],
					"position": [-0.28125, -1.25, -1.25]
				},
				"A": {
					"position": [0, 0, 0]
				},
				"Gun": {
					"rotation": [0, 180, -2.5],
					"position": [10.78125, 10.90625, 11.78125],
					"scale": 0.6
				},
				"mk4smr2": {
					"rotation": [0, 0, 0],
					"position": [0, 0, 0]
				},
				"mp5": {
					"rotation": {
						"0.0": [180.83231, 10.76228, 179.14222],
						"0.0417": [179.87992, 10.79338, 174.05247],
						"0.0833": [181.30644, 10.71561, 181.68635],
						"0.1667": [183.33231, 10.76228, 179.14222],
						"0.25": [180.83231, 10.76228, 179.14222]
					},
					"position": [3.1875, 21.40625, 38.71875]
				},
				"stock": {
					"position": [0, 0, -27.8]
				},
				"muzzle": {
					"position": [0, 0, -27]
				},
				"reciever": {
					"position": [0, 0, -27]
				},
				"trigger": {
					"position": [0, 0, -27]
				},
				"magazine": {
					"position": [0, 0, -27]
				},
				"magazine2": {
					"position": [0, -10, -23.6]
				},
				"bolt": {
					"position": [0, 0, -27]
				}
			},
			"sound_effects": {
				"0.0": {
					"effect": "mp5_fire"
				},
				"0.2083": {
					"effect": "mp5_fire"
				}
			},
			"particle_effects": {
				"0.0": {
					"effect": "flash",
					"locator": "flash"
				}
			}
		},
		"animation.mp5_shoot_push": {
			"loop": "hold_on_last_frame",
			"animation_length": 0.66667,
			"anim_time_update": "query.anim_time + query.delta_time * 2.0",
			"bones": {
				"waist": {
					"rotation": [0, 0, 0],
					"position": {
						"0.0": [0, 0, 0],
						"0.5833": [0, 0, -4.5]
					}
				}
			}
		},
		"animation.mp5_reload": {
			"loop": "hold_on_last_frame",
			"animation_length": 1.88333,
			"anim_time_update": "query.anim_time + query.delta_time * 0.5",
			"bones": {
				"rightArm": {
					"rotation": {
						"0.0": [85, 25, 175],
						"0.0667": [83.99, 24.79, 172.6],
						"0.1167": [85.95, 25.1, 177.21],
						"0.15": [87.35, 25.33, 180.51],
						"0.1833": [87.25, 25.35, 184.66],
						"0.2167": [87.1, 25.38, 191.58],
						"0.2333": [86.33, 25.81, 194.33],
						"0.3": [83.64, 27.31, 203.97],
						"0.35": [85.63, 27.9, 210.42],
						"0.3833": [87.21, 28.15, 213.8],
						"0.4167": [87.24, 26.9, 213.87],
						"0.4333": [87.27, 25.65, 213.93],
						"0.4667": [87.27, 25.65, 213.93],
						"0.4833": [87.27, 25.65, 213.93],
						"0.5333": [84.77, 25.65, 213.93],
						"0.5667": [82.27, 25.65, 213.93],
						"0.5833": [82.27, 25.65, 213.93],
						"0.6167": [84.77, 25.65, 213.93],
						"0.65": [84.77, 25.65, 213.93],
						"0.6833": [84.77, 25.65, 213.93],
						"0.7": [85.68, 25.77, 216.02],
						"0.75": [88.41, 26.1, 222.26],
						"0.7667": [88.41, 26.1, 222.26],
						"0.7833": [88.41, 26.1, 222.26],
						"0.8": [87.35, 23.51, 219.61],
						"0.8167": [89.85, 23.51, 219.61],
						"0.8333": [90.17, 23.62, 214.15],
						"0.85": [89.86, 23.73, 219.61],
						"0.8833": [89.2, 23.7, 217.97],
						"0.9333": [87.67, 23.62, 214.15],
						"1.0": [83.94, 22.85, 204.68],
						"1.0167": [82.34, 22.53, 200.61],
						"1.05": [77.37, 20.69, 190.09],
						"1.0833": [72.41, 18.85, 179.57],
						"1.1167": [70.71, 17.04, 173.98],
						"1.15": [73.24, 19.59, 182.1],
						"1.1667": [70.14, 16.44, 172.11],
						"1.2": [76.61, 20.29, 184.65],
						"1.2333": [76.98, 19.78, 182.05],
						"1.25": [77.35, 19.27, 179.45],
						"1.2833": [78.29, 20.31, 178.64],
						"1.35": [79.92, 22.13, 177.22],
						"1.4": [81.56, 23.96, 175.81],
						"1.4333": [82.5, 25, 175],
						"1.4667": [84.32, 25.13, 177.07],
						"1.5": [87.35, 25.33, 180.51],
						"1.5167": [86.56, 25.22, 178.68],
						"1.55": [85, 25, 175]
					},
					"position": {
						"0.0": [12.71, -4.24, 5.75],
						"0.0667": [12.71, -4.38, 5.91],
						"0.1": [12.84, -4.56, 6],
						"0.1167": [12.77, -4.56, 5.99],
						"0.15": [12.65, -4.56, 5.97],
						"0.1833": [12.42, -4.79, 5.97],
						"0.2167": [12.03, -5.18, 5.97],
						"0.2333": [11.8, -5.57, 5.97],
						"0.3": [11.01, -6.9, 5.97],
						"0.35": [10.9, -7.09, 5.97],
						"0.3833": [10.9, -7.09, 5.97],
						"0.4167": [10.63, -6.89, 5.97],
						"0.4333": [10.37, -6.68, 5.97],
						"0.4667": [10.31, -6.41, 5.97],
						"0.4833": [10.28, -6.28, 5.97],
						"0.5333": [9.79, -6.7, 6.3],
						"0.5667": [9.31, -7.12, 6.63],
						"0.5833": [9.31, -7.43, 6.63],
						"0.6167": [9.31, -6.96, 6.63],
						"0.6333": [9.31, -7.08, 6.63],
						"0.65": [9.31, -7.02, 6.63],
						"0.6833": [9.31, -6.7, 6.63],
						"0.7": [9.26, -6.76, 6.63],
						"0.7667": [9.1, -6.96, 6.63],
						"0.7833": [9.03, -7.04, 6.63],
						"0.8167": [9.03, -6.63, 6.63],
						"0.85": [9.22, -6.22, 6.63],
						"0.8833": [9.22, -6.34, 6.63],
						"0.9333": [9.22, -6.59, 6.63],
						"1.0": [9.61, -7.69, 6.63],
						"1.0167": [9.78, -8.15, 6.63],
						"1.05": [10, -8.26, 6.63],
						"1.0833": [10.22, -8.37, 6.63],
						"1.1167": [10.22, -8.37, 6.63],
						"1.1667": [10.22, -8.37, 6.63],
						"1.2": [10.81, -8.15, 6.63],
						"1.2333": [10.81, -8.07, 6.63],
						"1.25": [10.81, -7.99, 6.63],
						"1.2833": [11.16, -7.37, 6.47],
						"1.35": [11.76, -6.29, 6.19],
						"1.4": [12.37, -5.2, 5.91],
						"1.4333": [12.71, -4.58, 5.75],
						"1.4667": [12.71, -4.45, 5.75],
						"1.5": [12.71, -4.24, 5.75],
						"1.5167": [12.71, -4.24, 5.75],
						"1.55": [12.71, -4.24, 5.75]
					}
				},
				"leftArm": {
					"rotation": {
						"0.0": [55, 20, 220],
						"0.0333": [55.14, 27.14, 213.81],
						"0.0667": [46.68, 32.93, 208.78],
						"0.0833": [41.85, 35.04, 206.83],
						"0.1167": [48.85, 35.04, 206.83],
						"0.1333": [49.3, 34.28, 207.63],
						"0.15": [47.74, 33.54, 208.43],
						"0.1833": [45.88, 28.45, 215.12],
						"0.2": [44.58, 22.28, 222.9],
						"0.2333": [47.07, 18.54, 226.85],
						"0.25": [47.45, 12.9, 232.36],
						"0.3": [40.61, -9.17, 253.9],
						"0.3333": [39.51, -31.32, 276.17],
						"0.35": [45.05, -35.61, 280.33],
						"0.4167": [78.89, -43.49, 288.01],
						"0.4333": [88.26, -41.41, 291.58],
						"0.4667": [86.31, -20.41, 302.89],
						"0.5": [78.2, 2.62, 312.51],
						"0.5167": [77.57, 9.05, 314.58],
						"0.5333": [78.78, 9.91, 314.44],
						"0.55": [81.15, 11.07, 313.81],
						"0.5667": [85.06, 13.02, 313.39],
						"0.5833": [84.26, 6.12, 314.6],
						"0.6": [86.28, 2.13, 314.86],
						"0.6167": [87.01, 3.08, 330.85],
						"0.6333": [87.07, 3.13, 331.85],
						"0.65": [87.38, 3.37, 337.24],
						"0.6667": [87.91, 3.74, 345.86],
						"0.6833": [87.65, 3.59, 341.86],
						"0.7": [86.91, 4.23, 336.34],
						"0.75": [84.11, 6.8, 316.36],
						"0.7667": [83.91, 7.07, 315.05],
						"0.7833": [84.35, 7, 318.37],
						"0.8": [83.99, 6.69, 315.36],
						"0.8167": [82.98, 7.69, 315.26],
						"0.8333": [82.22, 15.36, 312.19],
						"0.85": [85.95, 16.71, 325.64],
						"0.8667": [83.61, 15.98, 317.34],
						"0.8833": [84.81, 16.67, 318.14],
						"0.9333": [78.97, 6.89, 324.2],
						"0.9833": [69.27, -0.41, 329.48],
						"1.0": [79.02, -1.52, 335.51],
						"1.0167": [129.56, 2, 366.58],
						"1.05": [207.92, 48.01, 447.37],
						"1.0667": [233.1, 71.01, 487.76],
						"1.1": [237.54, 64, 497.97],
						"1.1167": [174.92, 53.92, 425.11],
						"1.1333": [111.69, 47.47, 354.25],
						"1.15": [104.51, -4.3, 336.8],
						"1.1667": [89.62, -6.01, 347.76],
						"1.1833": [86.61, -14.01, 347.81],
						"1.2": [89.62, -13.01, 347.75],
						"1.2333": [86.15, -12.6, 335.16],
						"1.25": [82.68, -12.19, 322.57],
						"1.2833": [79.05, -7.67, 301],
						"1.35": [72.7, 0.24, 263.26],
						"1.4": [66.35, 8.14, 225.51],
						"1.4333": [60.79, 13.23, 219.89],
						"1.45": [57.21, 15.24, 218.65],
						"1.4667": [55.96, 16.16, 218.05],
						"1.5": [55.3, 17.72, 219.92],
						"1.5167": [55.15, 18.86, 219.96],
						"1.5333": [55, 20, 220],
						"1.5833": [54.98, 20.14, 220],
						"1.6333": [54.98, 20.15, 220.01],
						"1.7": [54.99, 20.06, 220],
						"1.75": [55, 20, 220]
					},
					"position": {
						"0.0": [-5.91, -8.12, 19.59],
						"0.0167": [-6.01, -8.22, 19.59],
						"0.0667": [-6.87, -6.38, 21.38],
						"0.0833": [-7.31, -6.12, 20.99],
						"0.1167": [-5.81, -6.12, 18.09],
						"0.1333": [-5.91, -6.12, 17.99],
						"0.15": [-5.91, -6.42, 17.99],
						"0.1833": [-6.92, -5.24, 17.99],
						"0.2": [-8.21, -3.92, 17.99],
						"0.2333": [-9.22, -2.81, 18.35],
						"0.25": [-10.41, -3.12, 17.99],
						"0.3": [-14.75, -5.83, 15.54],
						"0.3333": [-18.81, -9.32, 13.09],
						"0.35": [-19.98, -12.5, 13.57],
						"0.3667": [-18.81, -14.72, 13.09],
						"0.4167": [-11.86, -14.47, 4.11],
						"0.4333": [-8.41, -13.26, 0.49],
						"0.4667": [-8.76, -10.01, 4.61],
						"0.5": [-10.41, -6.92, 10.49],
						"0.5333": [-10.46, -6.6, 11.97],
						"0.55": [-10.41, -6.92, 12.49],
						"0.5667": [-10.41, -7.82, 12.79],
						"0.5833": [-10.41, -7.82, 12.09],
						"0.6": [-10.41, -8.72, 11.19],
						"0.6167": [-12.61, -8.22, 11.19],
						"0.6333": [-14.01, -8.32, 11.19],
						"0.65": [-14.26, -8.51, 11.19],
						"0.6667": [-14.11, -8.92, 11.19],
						"0.6833": [-13.91, -8.92, 11.19],
						"0.7": [-13.25, -8.92, 11.37],
						"0.75": [-10.71, -8.92, 12.09],
						"0.7667": [-10.46, -8.92, 12.15],
						"0.7833": [-10.51, -8.92, 12.09],
						"0.8": [-9.81, -8.82, 12.09],
						"0.8167": [-10.21, -8.92, 12.09],
						"0.8333": [-9.51, -7.82, 12.09],
						"0.85": [-10.11, -8.22, 12.09],
						"0.8667": [-9.81, -8.02, 12.09],
						"0.8833": [-9.79, -8.06, 12.09],
						"0.9333": [-9.81, -8.12, 12.09],
						"0.9833": [-11.51, -8.92, 12.09],
						"1.0": [-11.66, -8.52, 12.09],
						"1.0167": [-11.47, -6.33, 12.09],
						"1.05": [-9.96, -3.32, 12.09],
						"1.0667": [-9.21, -1.82, 10.89],
						"1.1": [-9.41, -1.12, 10.69],
						"1.1167": [-11.26, -1.47, 13.68],
						"1.1333": [-13.01, -2.02, 15.79],
						"1.15": [-13.01, -4.42, 13.99],
						"1.1667": [-15.41, -8.52, 13.99],
						"1.1833": [-15.01, -8.52, 13.99],
						"1.2": [-14.71, -8.62, 13.99],
						"1.2333": [-13.72, -8.5, 14.45],
						"1.2833": [-11.42, -8.21, 15.53],
						"1.35": [-9.11, -7.92, 16.61],
						"1.4": [-6.81, -7.62, 17.69],
						"1.4333": [-6.06, -7.81, 18.35],
						"1.45": [-6.04, -7.82, 18.91],
						"1.4667": [-6.04, -7.68, 19.18],
						"1.5": [-6.03, -7.76, 19.38],
						"1.5167": [-5.96, -7.9, 19.49],
						"1.5333": [-5.9, -8.04, 19.6],
						"1.5833": [-5.89, -8.07, 19.61],
						"1.6333": [-5.89, -8.1, 19.61],
						"1.7": [-5.9, -8.11, 19.6],
						"1.75": [-5.91, -8.12, 19.59]
					}
				},
				"root": {
					"position": [-2, 1, -2]
				},
				"waist": {
					"rotation": [0, 2.5, 0],
					"position": [-2.34, -4.85, -3.25],
					"scale": 1.5
				},
				"M4a1": {
					"position": [2, 0, 0]
				},
				"body": {
					"rotation": [0, 12.49, 0],
					"position": [-0.28, -1.25, -1.25]
				},
				"A": {
					"position": [0, 0, 0]
				},
				"Gun": {
					"rotation": [0, 180, -2.5],
					"position": [10.78, 10.91, 11.78],
					"scale": 0.6
				},
				"mk4smr2": {
					"rotation": [0, 0, 0],
					"position": [0, 0, 0]
				},
				"mp5": {
					"rotation": {
						"0.0": [180.83, 10.76, 179.14],
						"0.0667": [179.89, 12.26, 177.69],
						"0.0833": [179.45, 12.78, 177.09],
						"0.1": [178.24, 12.77, 176.06],
						"0.1167": [178.3, 12.8, 176.9],
						"0.1333": [178.69, 12.83, 178.11],
						"0.15": [180.15, 12.86, 180.16],
						"0.1833": [180.39, 12.91, 183.78],
						"0.2333": [180.43, 12.62, 196.2],
						"0.25": [180.35, 12.55, 199.13],
						"0.3": [179.64, 12.55, 202.81],
						"0.3167": [179.45, 12.47, 204.21],
						"0.35": [180.49, 11.85, 206.64],
						"0.3667": [181.06, 11.48, 207.28],
						"0.4": [181.86, 10.46, 206.27],
						"0.4167": [182.14, 10.33, 207.21],
						"0.4333": [182.8, 10.26, 211.49],
						"0.4667": [181.73, 10.88, 213],
						"0.4833": [181.17, 11.15, 213.57],
						"0.5167": [180.56, 11.1, 215.61],
						"0.5333": [180.34, 11.1, 215.48],
						"0.5667": [179.17, 11.12, 213.57],
						"0.5833": [181.17, 11.12, 213.57],
						"0.6": [182.97, 10.14, 212.54],
						"0.6167": [182.91, 10.56, 213.89],
						"0.65": [182.07, 11.13, 211.92],
						"0.7": [181.15, 10.1, 213.53],
						"0.75": [181.67, 9.92, 216.57],
						"0.7667": [181.9, 9.92, 217],
						"0.7833": [182.85, 9.87, 217.59],
						"0.8": [184.84, 8.88, 217.52],
						"0.8167": [186.7, 9.97, 216.61],
						"0.8333": [183.85, 8.86, 217.52],
						"0.85": [185.5, 8.57, 217.15],
						"0.8833": [184.53, 8.22, 216.1],
						"0.9333": [187.07, 7.66, 211.96],
						"0.95": [187.78, 7.64, 210.27],
						"0.9833": [188.13, 8.48, 200.32],
						"1.0": [186.34, 8.7, 197.96],
						"1.05": [166.52, 10.59, 177.98],
						"1.0667": [164.35, 11.05, 177.14],
						"1.1": [163.18, 11.5, 176.29],
						"1.1167": [162.67, 10.5, 173.6],
						"1.1333": [162.49, 10.11, 172.84],
						"1.15": [167.86, 12.66, 179.49],
						"1.1667": [158.34, 10.69, 171.51],
						"1.1833": [164.07, 13.76, 174.94],
						"1.2": [164.24, 11.83, 173.34],
						"1.2333": [166.33, 10.86, 172.54],
						"1.25": [168.42, 9.9, 171.74],
						"1.2833": [173, 10.69, 174.74],
						"1.3": [175.3, 11.08, 176.24],
						"1.3167": [179.55, 10.98, 175.93],
						"1.35": [183.1, 10.82, 178.23],
						"1.3667": [185.95, 10.67, 180.18],
						"1.4": [185.23, 10.74, 178.17],
						"1.4167": [184.45, 10.78, 177.11],
						"1.4333": [183.12, 10.73, 177.18],
						"1.4667": [180.26, 10.74, 178.23],
						"1.5": [181.02, 10.75, 180.16],
						"1.5167": [180.93, 10.77, 179.07],
						"1.5333": [180.68, 10.78, 177.94],
						"1.5833": [180.72, 10.78, 178.26],
						"1.6333": [180.83, 10.76, 179.14],
						"1.7": [180.84, 10.76, 179.22],
						"1.75": [180.83, 10.76, 179.14]
					},
					"position": {
						"0.0": [3.19, 21.41, 38.72],
						"0.0667": [3.18, 21.27, 38.72],
						"0.0833": [3.19, 21.21, 38.72],
						"0.1": [3.29, 21.11, 38.72],
						"0.1167": [3.29, 21.11, 38.57],
						"0.1333": [3.29, 21.11, 38.42],
						"0.15": [3.39, 21.01, 38.42],
						"0.1833": [3.45, 21.01, 38.42],
						"0.2333": [3.64, 21.03, 38.42],
						"0.25": [3.69, 21.01, 38.42],
						"0.3": [3.89, 20.82, 38.42],
						"0.3167": [3.99, 20.71, 38.42],
						"0.35": [4.08, 20.64, 38.42],
						"0.3667": [4.09, 20.61, 38.42],
						"0.4": [3.99, 20.51, 38.42],
						"0.4167": [3.99, 20.52, 38.42],
						"0.4333": [3.99, 20.61, 38.42],
						"0.4667": [3.86, 20.69, 38.35],
						"0.4833": [3.79, 20.71, 38.32],
						"0.5167": [3.69, 20.61, 38.32],
						"0.5333": [3.64, 20.58, 38.32],
						"0.5667": [3.29, 20.41, 38.32],
						"0.5833": [3.19, 20.31, 38.32],
						"0.6": [3.29, 20.41, 38.32],
						"0.65": [3.37, 20.59, 38.32],
						"0.7": [3.49, 20.61, 38.32],
						"0.75": [3.49, 20.41, 38.32],
						"0.7667": [3.47, 20.4, 38.32],
						"0.7833": [3.39, 20.41, 38.32],
						"0.8": [3.29, 20.31, 38.32],
						"0.8167": [3.39, 20.41, 38.32],
						"0.8333": [3.49, 20.51, 38.32],
						"0.8833": [3.5, 20.43, 38.32],
						"0.9333": [3.34, 20.28, 38.32],
						"0.95": [3.29, 20.21, 38.32],
						"0.9833": [3.22, 19.81, 38.32],
						"1.0": [3.19, 19.8, 38.32],
						"1.05": [2.89, 19.91, 38.32],
						"1.1": [2.79, 19.81, 38.32],
						"1.1167": [2.69, 19.76, 38.32],
						"1.1333": [2.59, 19.71, 38.32],
						"1.15": [2.89, 19.61, 38.32],
						"1.1667": [2.59, 19.71, 38.32],
						"1.1833": [2.99, 19.21, 38.32],
						"1.2": [2.99, 19.39, 38.32],
						"1.2333": [2.99, 19.35, 38.32],
						"1.25": [2.99, 19.31, 38.32],
						"1.2833": [3.02, 19.24, 38.39],
						"1.3": [3.04, 19.21, 38.42],
						"1.35": [3.09, 19.99, 38.53],
						"1.4": [3.17, 21.09, 38.68],
						"1.4167": [3.19, 21.41, 38.72],
						"1.4333": [3.19, 21.51, 38.72],
						"1.4667": [3.19, 21.59, 38.72],
						"1.5167": [3.19, 21.55, 38.72],
						"1.5833": [3.19, 21.47, 38.72],
						"1.6333": [3.19, 21.41, 38.72],
						"1.7": [3.19, 21.39, 38.72],
						"1.75": [3.19, 21.41, 38.72]
					},
					"scale": 1
				},
				"stock": {
					"position": [0, 0, -27.8]
				},
				"muzzle": {
					"position": [0, 0, -27]
				},
				"reciever": {
					"position": [0, 0, -27]
				},
				"trigger": {
					"position": [0, 0, -27]
				},
				"magazine": {
					"rotation": {
						"0.5667": [0, 0, 0],
						"0.5833": [0, 0, 0],
						"0.6": [0, 0, -11],
						"0.6167": [0, 0, -17],
						"0.6333": [0, 0, -23.53],
						"0.65": [0, 0, -36],
						"0.6667": [0, 0, -40],
						"0.6833": [0, 0, -31.99],
						"0.7333": [0, 0, -8],
						"0.75": [0, 0, -6.49],
						"0.7833": [0, 0, -4],
						"0.8": [0, 0, 0],
						"0.8167": [0, 0, 0],
						"0.8667": [-0.63, 0, 0],
						"0.8833": [-1, 0, 0],
						"0.9167": [0.33, 0.06, -3.34],
						"0.9333": [1, 0.09, -5],
						"0.9667": [18.77, 3, -13.52],
						"0.9833": [27.15, 3, -13.52],
						"1.0333": [85.77, 3, -13.52],
						"1.0833": [0, 0, 0]
					},
					"position": {
						"0.0": [0, 0, -27],
						"0.0667": [0, 0, -27],
						"0.1167": [0, 0, -27],
						"0.1833": [0, 0, -27],
						"0.2333": [0, 0, -27],
						"0.3": [0, 0, -27],
						"0.35": [0, 0, -27],
						"0.4167": [0, 0, -27],
						"0.4667": [0, 0, -27],
						"0.5333": [0, 0, -27],
						"0.5667": [0, 0, -27],
						"0.5833": [0, -0.4, -27],
						"0.6": [0.7, -2.8, -27],
						"0.6167": [2, -4.4, -27],
						"0.6333": [3.2, -5.7, -27],
						"0.65": [3.3, -6.3, -27],
						"0.6667": [2.9, -7.2, -27],
						"0.7": [1.4, -4.85, -27],
						"0.7333": [-0.1, -2.5, -27],
						"0.75": [-0.5, -2.2, -27],
						"0.7667": [-0.63, -2.15, -27],
						"0.7833": [-1, -2, -27],
						"0.8": [-1.4, -1.4, -27],
						"0.8167": [-1.4, -1.1, -27],
						"0.8333": [-1.4, 1.1, -27],
						"0.85": [-1.4, 0.4, -27],
						"0.8833": [-1.4, 0.21, -27],
						"0.9333": [-1.4, -0.45, -27],
						"0.9667": [-1.1, -2.85, -27],
						"1.0": [1.41, -6.94, -22.8],
						"1.0333": [5.6, -13.75, -15.8],
						"1.05": [5.6, -13.75, -15.8],
						"1.0833": [0, -10, 16.68125]
					}
				},
				"magazine2": {
					"rotation": {
						"0.0": [0, 0, 0],
						"0.0667": [0, 0, 0],
						"0.1167": [0, 0, 0],
						"0.1833": [0, 0, 0],
						"0.2333": [0, 0, 0],
						"0.3": [0, 0, 0],
						"0.3333": [0, 0, 0],
						"0.35": [117, 0, 0],
						"0.4167": [82, 0, 0],
						"0.4667": [47, 0, 0],
						"0.5": [27, 0, 0],
						"0.5333": [15.74, 0, 0],
						"0.55": [12.95, -0.1, 0.26],
						"0.5833": [12, 0, 0],
						"0.6": [20.58, 4.27, -11.22],
						"0.6333": [14.52, 8.91, -30.86],
						"0.65": [12.95, 9.39, -34.77],
						"0.6667": [8.81, 9.45, -42.48],
						"0.6833": [7.95, 7.45, -35.7],
						"0.7": [6.97, 5.3, -27.11],
						"0.7333": [4.89, 0.69, -7.97],
						"0.7667": [4.94, 0.12, -4.49],
						"0.7833": [5.17, 0.36, -3.98],
						"0.8": [3.59, 0, 0],
						"0.8167": [-2, 0, 0],
						"0.85": [-2, 0, 0],
						"0.8833": [-2, 0, 0],
						"0.9333": [-2, 0, 0],
						"1.0": [-2, 0, 0],
						"1.05": [-2, 0, 0]
					},
					"position": {
						"0.0": [0, -10, -23.6],
						"0.0667": [0, -11.62, -23.6],
						"0.1167": [0, -13.23, -23.6],
						"0.1833": [0, -14.85, -23.6],
						"0.2333": [0, -16.47, -23.6],
						"0.3": [0, -18.08, -23.6],
						"0.35": [0, -19.7, -23.6],
						"0.4167": [0.5, -14.9, -34.58],
						"0.4333": [0.72, -12.84, -39.28],
						"0.4667": [1.01, -7.22, -43.84],
						"0.5": [1.3, -1.6, -48.4],
						"0.5333": [1.3, -0.85, -49.53],
						"0.5833": [1.3, -1.1, -49.9],
						"0.6": [2.1, -2.9, -49.7],
						"0.6333": [4.65, -5.42, -49.74],
						"0.65": [4.78, -5.92, -49.75],
						"0.6667": [4.09, -6.57, -49.78],
						"0.7": [2.72, -4.73, -49.81],
						"0.7333": [1.28, -2.66, -49.85],
						"0.7667": [0.58, -2.12, -49.89],
						"0.7833": [0.19, -2.01, -49.93],
						"0.8": [-0.11, -1.61, -50.01],
						"0.8167": [-0.1, -1.5, -50.1],
						"0.8333": [-0.1, 0, -50.1],
						"0.85": [-0.1, 0, -50.1],
						"0.8833": [-0.1, 0, -50.1],
						"0.9333": [-0.1, 0, -50.1],
						"1.0": [-0.1, 0, -50.1],
						"1.05": [-0.1, 0, -50.1]
					}
				},
				"bolt": {
					"rotation": {
						"0.0": [0, 0, 0],
						"0.0667": [0, 0, 0],
						"0.1167": [0, 0, 0],
						"0.15": [0, 0, 0],
						"0.1833": [0, 0, -22.5],
						"0.2": [0, 0, -45],
						"0.2333": [0, 0, -45],
						"0.3": [0, 0, -45],
						"0.35": [0, 0, -45],
						"0.4167": [0, 0, -45],
						"0.4667": [0, 0, -45],
						"0.5333": [0, 0, -45],
						"0.5833": [0, 0, -45],
						"0.65": [0, 0, -45],
						"0.7": [0, 0, -45],
						"0.7667": [0, 0, -45],
						"0.8167": [0, 0, -45],
						"0.8833": [0, 0, -45],
						"0.9333": [0, 0, -45],
						"1.0": [0, 0, -45],
						"1.05": [0, 0, -45],
						"1.1167": [0, 0, -45],
						"1.1333": [0, 0, 1],
						"1.15": [0, 0, 0]
					},
					"position": {
						"0.0": [0, 0, -27],
						"0.0667": [0, 0, -27],
						"0.1167": [0, 0, -24.5],
						"0.15": [0, 0, -24.5],
						"0.1833": [0, 0, -24.5],
						"0.2": [0, 0, -24.5],
						"0.2333": [0, 0, -24.5],
						"0.3": [0, 0, -24.5],
						"0.35": [0, 0, -24.5],
						"0.4167": [0, 0, -24.5],
						"0.4667": [0, 0, -24.5],
						"0.5333": [0, 0, -24.5],
						"0.5833": [0, 0, -24.5],
						"0.65": [0, 0, -24.5],
						"0.7": [0, 0, -24.5],
						"0.7667": [0, 0, -24.5],
						"0.8167": [0, 0, -24.5],
						"0.8833": [0, 0, -24.5],
						"0.9333": [0, 0, -24.5],
						"1.0": [0, 0, -24.5],
						"1.05": [0, 0, -24.5],
						"1.1167": [0, 0, -24.5],
						"1.1333": [0, 0, -24.5],
						"1.15": [0, 0, -27]
					}
				}
			},
			"sound_effects": {
				"0.0": {
					"effect": "mp5_slidefront"
				},
				"0.0333": {
					"effect": "mp5_cloth2"
				},
				"0.4667": {
					"effect": "mp5_clipout"
				},
				"0.6833": {
					"effect": "mp5_clipin"
				},
				"0.9": {
					"effect": "mp5_cloth2"
				},
				"1.0": {
					"effect": "mp5_slideback"
				},
				"1.1833": {
					"effect": "mp5_reload_end"
				}
			}
		},
		"animation.mp5_aim": {
			"loop": true,
			"animation_length": 5.27778,
			"bones": {
				"rightArm": {
					"rotation": ["85+ variable.is_using_vr * 7.5", "25+ variable.is_using_vr * 7.5", "175 + variable.is_using_vr * -2.5"],
					"position": [12.7125, -4.2375, 5.75]
				},
				"leftArm": {
					"rotation": ["55+ variable.is_using_vr * 7.5", "20+ variable.is_using_vr * 7.5", "220+ variable.is_using_vr * -2.5"],
					"position": [-5.90625, -8.125, 19.59375]
				},
				"root": {
					"rotation": [0, -4.25, 0],
					"position": [-6.15625, 2.90625, -5.96875]
				},
				"waist": {
					"rotation": [0, 2.5, 0],
					"position": [-2.34375, -4.84625, -3.25],
					"scale": 1.5
				},
				"M4a1": {
					"position": [2, 0, 0]
				},
				"body": {
					"rotation": [0, 12.49463, 0],
					"position": [-0.28125, -1.25, -1.25]
				},
				"A": {
					"position": [0, 0, 0]
				},
				"Gun": {
					"rotation": [0, 180, -2.5],
					"position": [10.78125, 10.90625, 11.78125],
					"scale": 0.6
				},
				"mk4smr2": {
					"rotation": [0, 0, 0],
					"position": [0, 0, 0]
				},
				"mp5": {
					"rotation": [180.83231, 10.76228, 179.14222],
					"position": [3.1875, 21.40625, 38.71875]
				},
				"stock": {
					"position": [0, 0, -27.8]
				},
				"muzzle": {
					"position": [0, 0, -27]
				},
				"reciever": {
					"position": [0, 0, -27]
				},
				"trigger": {
					"position": [0, 0, -27]
				},
				"magazine": {
					"position": [0, 0, -27]
				},
				"magazine2": {
					"position": [0, -10, -23.6]
				},
				"bolt": {
					"position": [0, 0, -27]
				},
				"bone5": {
					"position": [0, -0.1875, 0]
				}
			}
		},
		"animation.mp5_ads_shoot": {
			"loop": true,
			"animation_length": 0.96667,
			"anim_time_update": "query.anim_time + query.delta_time * 1.6",
			"bones": {
				"rightArm": {
					"rotation": ["85+ variable.is_using_vr * 7.5", "25+ variable.is_using_vr * 7.5", "175 + variable.is_using_vr * -2.5"],
					"position": [12.7125, -4.2375, 5.75]
				},
				"leftArm": {
					"rotation": ["55+ variable.is_using_vr * 7.5", "20+ variable.is_using_vr * 7.5", "220+ variable.is_using_vr * -2.5"],
					"position": [-5.90625, -8.125, 19.59375]
				},
				"root": {
					"rotation": [0, -4.25, 0],
					"position": [-6.15625, 2.90625, -4.625]
				},
				"waist": {
					"rotation": [0, 2.5, 0],
					"position": [-2.34375, -4.84625, -3.25],
					"scale": 1.5
				},
				"M4a1": {
					"position": [2, 0, 0]
				},
				"body": {
					"rotation": {
						"0.0": [0, 12.49463, 0],
						"0.05": [0, 12.49463, 0],
						"0.0833": [-0.55359, 12.47792, -2.56052],
						"0.1333": [0, 12.49463, 0],
						"0.1667": [0, 12.49463, 0],
						"0.25": [-0.36906, 12.48349, -1.70701],
						"0.3": [0, 12.49463, 0],
						"0.3833": [-0.36906, 12.48349, -1.70701],
						"0.4167": [0, 12.49463, 0],
						"0.45": [0, 12.49463, 0],
						"0.5": [-0.55359, 12.47792, -2.56052],
						"0.55": [0, 12.49463, 0],
						"0.5833": [0, 12.49463, 0],
						"0.6667": [-0.36906, 12.48349, -1.70701],
						"0.7": [0, 12.49463, 0],
						"0.8": [-0.36906, 12.48349, -1.70701],
						"0.8333": [0, 12.49463, 0],
						"0.8833": [0, 12.49463, 0],
						"0.9167": [-0.55359, 12.47792, -2.56052],
						"0.95": [0, 12.49463, 0]
					},
					"position": {
						"0.0": [-0.28, -1.25, -3.1875],
						"0.0833": [-0.28125, -1.25, -1.25],
						"0.1333": [-0.28125, -1.25, -1.25],
						"0.1667": [-0.28, -1.25, -3.1875],
						"0.2": [-0.28125, -1.25, -1.25],
						"0.3": [-0.28, -1.25, -3.1875],
						"0.3333": [-0.28125, -1.25, -1.25],
						"0.4167": [-0.28, -1.25, -3.1875],
						"0.45": [-0.28125, -1.25, -1.25],
						"0.55": [-0.28125, -1.25, -1.25],
						"0.5833": [-0.28, -1.25, -3.1875],
						"0.6333": [-0.28125, -1.25, -1.25],
						"0.7": [-0.28, -1.25, -3.1875],
						"0.75": [-0.28125, -1.25, -1.25],
						"0.8333": [-0.28, -1.25, -3.1875],
						"0.8833": [-0.28125, -1.25, -1.25]
					}
				},
				"A": {
					"position": [0, 0, 0]
				},
				"Gun": {
					"rotation": [0, 180, -2.5],
					"position": [10.78125, 10.90625, 11.78125],
					"scale": 0.6
				},
				"mk4smr2": {
					"rotation": [0, 0, 0],
					"position": [0, 0, 0]
				},
				"mp5": {
					"rotation": [180.83231, 10.76228, 179.14222],
					"position": [3.1875, 21.40625, 38.71875]
				},
				"stock": {
					"position": [0, 0, -27.8]
				},
				"muzzle": {
					"position": [0, 0, -27]
				},
				"reciever": {
					"position": [0, 0, -27]
				},
				"trigger": {
					"position": [0, 0, -27]
				},
				"magazine": {
					"position": [0, 0, -27]
				},
				"magazine2": {
					"position": [0, -10, -23.6]
				},
				"bolt": {
					"position": [0, 0, -27]
				},
				"bone5": {
					"position": [0, -0.1875, 0]
				}
			},
			"sound_effects": {
				"0.0": {
					"effect": "mp5_fire"
				},
				"0.1667": {
					"effect": "mp5_fire"
				},
				"0.3": {
					"effect": "mp5_fire"
				},
				"0.4167": {
					"effect": "mp5_fire"
				},
				"0.55": {
					"effect": "mp5_fire"
				},
				"0.6667": {
					"effect": "mp5_fire"
				},
				"0.8167": {
					"effect": "mp5_fire"
				},
				"0.9667": {
					"effect": "mp5_fire"
				}
			},
			"particle_effects": {
				"0.0": {
					"effect": "flash",
					"locator": "flash"
				},
				"0.35": {
					"effect": "flash",
					"locator": "flash"
				},
				"0.45": {
					"effect": "flash",
					"locator": "flash"
				},
				"0.55": {
					"effect": "flash",
					"locator": "flash"
				},
				"0.65": {
					"effect": "flash",
					"locator": "flash"
				},
				"0.75": {
					"effect": "flash",
					"locator": "flash"
				},
				"0.95": {
					"effect": "flash",
					"locator": "flash"
				}
			}
		},
		"animation.mp5_ads_reload": {
			"loop": "hold_on_last_frame",
			"animation_length": 1.746,
			"anim_time_update": "query.anim_time + query.delta_time * 0.5",
			"bones": {
				"rightArm": {
					"rotation": {
						"0.0": [85, 25, 175],
						"0.0635": [83.99, 24.79, 172.6],
						"0.1111": [85.95, 25.1, 177.21],
						"0.1429": [87.35, 25.33, 180.51],
						"0.1905": [87.25, 25.35, 184.66],
						"0.2222": [87.1, 25.38, 191.58],
						"0.2381": [86.33, 25.81, 194.33],
						"0.3016": [83.64, 27.31, 203.97],
						"0.3492": [85.63, 27.9, 210.42],
						"0.381": [87.21, 28.15, 213.8],
						"0.4127": [87.24, 26.9, 213.87],
						"0.4286": [87.27, 25.65, 213.93],
						"0.4603": [87.27, 25.65, 213.93],
						"0.4762": [87.27, 25.65, 213.93],
						"0.5397": [84.77, 25.65, 213.93],
						"0.5714": [82.27, 25.65, 213.93],
						"0.5873": [82.27, 25.65, 213.93],
						"0.619": [84.77, 25.65, 213.93],
						"0.6508": [84.77, 25.65, 213.93],
						"0.6825": [84.77, 25.65, 213.93],
						"0.6984": [85.68, 25.77, 216.02],
						"0.746": [88.41, 26.1, 222.26],
						"0.7619": [88.41, 26.1, 222.26],
						"0.7778": [88.41, 26.1, 222.26],
						"0.7937": [87.35, 23.51, 219.61],
						"0.8095": [89.85, 23.51, 219.61],
						"0.8254": [90.17, 23.62, 214.15],
						"0.8571": [89.86, 23.73, 219.61],
						"0.8889": [89.2, 23.7, 217.97],
						"0.9365": [87.67, 23.62, 214.15],
						"1.0": [83.94, 22.85, 204.68],
						"1.0159": [82.34, 22.53, 200.61],
						"1.0476": [77.37, 20.69, 190.09],
						"1.0794": [72.41, 18.85, 179.57],
						"1.1111": [70.71, 17.04, 173.98],
						"1.1429": [73.24, 19.59, 182.1],
						"1.1746": [70.14, 16.44, 172.11],
						"1.2063": [76.61, 20.29, 184.65],
						"1.2381": [76.98, 19.78, 182.05],
						"1.254": [77.35, 19.27, 179.45],
						"1.2857": [78.29, 20.31, 178.64],
						"1.3492": [79.92, 22.13, 177.22],
						"1.3968": [81.56, 23.96, 175.81],
						"1.4286": [82.5, 25, 175],
						"1.4603": [84.32, 25.13, 177.07],
						"1.5079": [87.35, 25.33, 180.51],
						"1.5238": [86.56, 25.22, 178.68],
						"1.5556": [85, 25, 175]
					},
					"position": {
						"0.0": [12.71, -4.24, 5.75],
						"0.0635": [12.71, -4.38, 5.91],
						"0.0952": [12.84, -4.56, 6],
						"0.1111": [12.77, -4.56, 5.99],
						"0.1429": [12.65, -4.56, 5.97],
						"0.1905": [12.42, -4.79, 5.97],
						"0.2222": [12.03, -5.18, 5.97],
						"0.2381": [11.8, -5.57, 5.97],
						"0.3016": [11.01, -6.9, 5.97],
						"0.3492": [10.9, -7.09, 5.97],
						"0.381": [10.9, -7.09, 5.97],
						"0.4127": [10.63, -6.89, 5.97],
						"0.4286": [10.37, -6.68, 5.97],
						"0.4603": [10.31, -6.41, 5.97],
						"0.4762": [10.28, -6.28, 5.97],
						"0.5397": [9.79, -6.7, 6.3],
						"0.5714": [9.31, -7.12, 6.63],
						"0.5873": [9.31, -7.43, 6.63],
						"0.619": [9.31, -6.96, 6.63],
						"0.6349": [9.31, -7.08, 6.63],
						"0.6508": [9.31, -7.02, 6.63],
						"0.6825": [9.31, -6.7, 6.63],
						"0.6984": [9.26, -6.76, 6.63],
						"0.7619": [9.1, -6.96, 6.63],
						"0.7778": [9.03, -7.04, 6.63],
						"0.8095": [9.03, -6.63, 6.63],
						"0.8571": [9.22, -6.22, 6.63],
						"0.8889": [9.22, -6.34, 6.63],
						"0.9365": [9.22, -6.59, 6.63],
						"1.0": [9.61, -7.69, 6.63],
						"1.0159": [9.78, -8.15, 6.63],
						"1.0476": [10, -8.26, 6.63],
						"1.0794": [10.22, -8.37, 6.63],
						"1.1111": [10.22, -8.37, 6.63],
						"1.1746": [10.22, -8.37, 6.63],
						"1.2063": [10.81, -8.15, 6.63],
						"1.2381": [10.81, -8.07, 6.63],
						"1.254": [10.81, -7.99, 6.63],
						"1.2857": [11.16, -7.37, 6.47],
						"1.3492": [11.76, -6.29, 6.19],
						"1.3968": [12.37, -5.2, 5.91],
						"1.4286": [12.71, -4.58, 5.75],
						"1.4603": [12.71, -4.45, 5.75],
						"1.5079": [12.71, -4.24, 5.75],
						"1.5238": [12.71, -4.24, 5.75],
						"1.5556": [12.71, -4.24, 5.75]
					}
				},
				"leftArm": {
					"rotation": {
						"0.0": [55, 20, 220],
						"0.0317": [55.14, 27.14, 213.81],
						"0.0635": [46.68, 32.93, 208.78],
						"0.0794": [41.85, 35.04, 206.83],
						"0.1111": [48.85, 35.04, 206.83],
						"0.127": [49.3, 34.28, 207.63],
						"0.1429": [47.74, 33.54, 208.43],
						"0.1905": [45.88, 28.45, 215.12],
						"0.2063": [44.58, 22.28, 222.9],
						"0.2381": [47.07, 18.54, 226.85],
						"0.254": [47.45, 12.9, 232.36],
						"0.3016": [40.61, -9.17, 253.9],
						"0.3333": [39.51, -31.32, 276.17],
						"0.3492": [45.05, -35.61, 280.33],
						"0.4127": [78.89, -43.49, 288.01],
						"0.4286": [88.26, -41.41, 291.58],
						"0.4603": [86.31, -20.41, 302.89],
						"0.5079": [78.2, 2.62, 312.51],
						"0.5238": [77.57, 9.05, 314.58],
						"0.5397": [78.78, 9.91, 314.44],
						"0.5556": [81.15, 11.07, 313.81],
						"0.5714": [85.06, 13.02, 313.39],
						"0.5873": [84.26, 6.12, 314.6],
						"0.6032": [86.28, 2.13, 314.86],
						"0.619": [87.01, 3.08, 330.85],
						"0.6349": [87.07, 3.13, 331.85],
						"0.6508": [87.38, 3.37, 337.24],
						"0.6667": [87.91, 3.74, 345.86],
						"0.6825": [87.65, 3.59, 341.86],
						"0.6984": [86.91, 4.23, 336.34],
						"0.746": [84.11, 6.8, 316.36],
						"0.7619": [83.91, 7.07, 315.05],
						"0.7778": [84.35, 7, 318.37],
						"0.7937": [83.99, 6.69, 315.36],
						"0.8095": [82.98, 7.69, 315.26],
						"0.8254": [82.22, 15.36, 312.19],
						"0.8571": [85.95, 16.71, 325.64],
						"0.873": [83.61, 15.98, 317.34],
						"0.8889": [84.81, 16.67, 318.14],
						"0.9365": [78.97, 6.89, 324.2],
						"0.9841": [69.27, -0.41, 329.48],
						"1.0": [79.02, -1.52, 335.51],
						"1.0159": [129.56, 2, 366.58],
						"1.0476": [207.92, 48.01, 447.37],
						"1.0635": [233.1, 71.01, 487.76],
						"1.0952": [237.54, 64, 497.97],
						"1.1111": [174.92, 53.92, 425.11],
						"1.127": [111.69, 47.47, 354.25],
						"1.1429": [104.51, -4.3, 336.8],
						"1.1746": [89.62, -6.01, 347.76],
						"1.1905": [86.61, -14.01, 347.81],
						"1.2063": [89.62, -13.01, 347.75],
						"1.2381": [86.15, -12.6, 335.16],
						"1.254": [82.68, -12.19, 322.57],
						"1.2857": [79.05, -7.67, 301],
						"1.3492": [72.7, 0.24, 263.26],
						"1.3968": [66.35, 8.14, 225.51],
						"1.4286": [60.79, 13.23, 219.89],
						"1.4444": [57.21, 15.24, 218.65],
						"1.4603": [55.96, 16.16, 218.05],
						"1.5079": [55.3, 17.72, 219.92],
						"1.5238": [55.15, 18.86, 219.96],
						"1.5397": [55, 20, 220],
						"1.5873": [54.98, 20.14, 220],
						"1.6349": [54.98, 20.15, 220.01],
						"1.6984": [54.99, 20.06, 220],
						"1.746": [55, 20, 220]
					},
					"position": {
						"0.0": [-5.91, -8.12, 19.59],
						"0.0159": [-6.01, -8.22, 19.59],
						"0.0635": [-6.87, -6.38, 21.38],
						"0.0794": [-7.31, -6.12, 20.99],
						"0.1111": [-5.81, -6.12, 18.09],
						"0.127": [-5.91, -6.12, 17.99],
						"0.1429": [-5.91, -6.42, 17.99],
						"0.1905": [-6.92, -5.24, 17.99],
						"0.2063": [-8.21, -3.92, 17.99],
						"0.2381": [-9.22, -2.81, 18.35],
						"0.254": [-10.41, -3.12, 17.99],
						"0.3016": [-14.75, -5.83, 15.54],
						"0.3333": [-18.81, -9.32, 13.09],
						"0.3492": [-19.98, -12.5, 13.57],
						"0.3651": [-18.81, -14.72, 13.09],
						"0.4127": [-11.86, -14.47, 4.11],
						"0.4286": [-8.41, -13.26, 0.49],
						"0.4603": [-8.76, -10.01, 4.61],
						"0.5079": [-10.41, -6.92, 10.49],
						"0.5397": [-10.46, -6.6, 11.97],
						"0.5556": [-10.41, -6.92, 12.49],
						"0.5714": [-10.41, -7.82, 12.79],
						"0.5873": [-10.41, -7.82, 12.09],
						"0.6032": [-10.41, -8.72, 11.19],
						"0.619": [-12.61, -8.22, 11.19],
						"0.6349": [-14.01, -8.32, 11.19],
						"0.6508": [-14.26, -8.51, 11.19],
						"0.6667": [-14.11, -8.92, 11.19],
						"0.6825": [-13.91, -8.92, 11.19],
						"0.6984": [-13.25, -8.92, 11.37],
						"0.746": [-10.71, -8.92, 12.09],
						"0.7619": [-10.46, -8.92, 12.15],
						"0.7778": [-10.51, -8.92, 12.09],
						"0.7937": [-9.81, -8.82, 12.09],
						"0.8095": [-10.21, -8.92, 12.09],
						"0.8254": [-9.51, -7.82, 12.09],
						"0.8571": [-10.11, -8.22, 12.09],
						"0.873": [-9.81, -8.02, 12.09],
						"0.8889": [-9.79, -8.06, 12.09],
						"0.9365": [-9.81, -8.12, 12.09],
						"0.9841": [-11.51, -8.92, 12.09],
						"1.0": [-11.66, -8.52, 12.09],
						"1.0159": [-11.47, -6.33, 12.09],
						"1.0476": [-9.96, -3.32, 12.09],
						"1.0635": [-9.21, -1.82, 10.89],
						"1.0952": [-9.41, -1.12, 10.69],
						"1.1111": [-11.26, -1.47, 13.68],
						"1.127": [-13.01, -2.02, 15.79],
						"1.1429": [-13.01, -4.42, 13.99],
						"1.1746": [-15.41, -8.52, 13.99],
						"1.1905": [-15.01, -8.52, 13.99],
						"1.2063": [-14.71, -8.62, 13.99],
						"1.2381": [-13.72, -8.5, 14.45],
						"1.2857": [-11.42, -8.21, 15.53],
						"1.3492": [-9.11, -7.92, 16.61],
						"1.3968": [-6.81, -7.62, 17.69],
						"1.4286": [-6.06, -7.81, 18.35],
						"1.4444": [-6.04, -7.82, 18.91],
						"1.4603": [-6.04, -7.68, 19.18],
						"1.5079": [-6.03, -7.76, 19.38],
						"1.5238": [-5.96, -7.9, 19.49],
						"1.5397": [-5.9, -8.04, 19.6],
						"1.5873": [-5.89, -8.07, 19.61],
						"1.6349": [-5.89, -8.1, 19.61],
						"1.6984": [-5.9, -8.11, 19.6],
						"1.746": [-5.91, -8.12, 19.59]
					}
				},
				"root": {
					"rotation": {
						"0.0": [0, -4.25, 0],
						"0.1587": [0, -4.25, 0],
						"0.3333": [-5.78517, -4.13938, -23.81571],
						"0.4444": [-5.79, -4.97, -23.73],
						"0.5397": [-5.79811, -5.63173, -23.6638],
						"0.9683": [-5.8, -5.63, -23.66],
						"1.2222": [-12.11967, -2.52095, 7.40296],
						"1.2698": [-12.12, -2.52, 7.4],
						"1.4127": [0, -4.25, 0],
						"1.6349": [0, -4.25, 0]
					},
					"position": {
						"0.0": [-6.15625, 2.90625, -5.96875],
						"0.1587": [-6.16, 2.91, -5.97],
						"0.3333": [0.49, 3.56, -5.97],
						"0.4444": [0.84, 4.4975, -5.97],
						"0.5397": [1.465, 4.1225, -5.97],
						"0.6508": [1.85, 4.6225, -5.97],
						"0.9683": [1.85, 3.56, -5.97],
						"1.2222": [-8.025, 8.71, -5.97],
						"1.2698": [-8.03, 8.71, -5.97],
						"1.4127": [-6.15625, 2.4375, -5.96875],
						"1.6349": [-6.16, 2.91, -5.97]
					}
				},
				"waist": {
					"rotation": [0, 2.5, 0],
					"position": [-2.34, -4.85, -3.25],
					"scale": 1.5
				},
				"M4a1": {
					"position": [2, 0, 0]
				},
				"body": {
					"rotation": [0, 12.49, 0],
					"position": [-0.28, -1.25, -1.25]
				},
				"A": {
					"position": [0, 0, 0]
				},
				"Gun": {
					"rotation": [0, 180, -2.5],
					"position": [10.78, 10.91, 11.78],
					"scale": 0.6
				},
				"mk4smr2": {
					"rotation": [0, 0, 0],
					"position": [0, 0, 0]
				},
				"mp5": {
					"rotation": {
						"0.0": [180.83, 10.76, 179.14],
						"0.0635": [179.89, 12.26, 177.69],
						"0.0794": [179.45, 12.78, 177.09],
						"0.0952": [178.24, 12.77, 176.06],
						"0.1111": [178.3, 12.8, 176.9],
						"0.127": [178.69, 12.83, 178.11],
						"0.1429": [180.15, 12.86, 180.16],
						"0.1905": [180.39, 12.91, 183.78],
						"0.2381": [180.43, 12.62, 196.2],
						"0.254": [180.35, 12.55, 199.13],
						"0.3016": [179.64, 12.55, 202.81],
						"0.3175": [179.45, 12.47, 204.21],
						"0.3492": [180.49, 11.85, 206.64],
						"0.3651": [181.06, 11.48, 207.28],
						"0.3968": [181.86, 10.46, 206.27],
						"0.4127": [182.14, 10.33, 207.21],
						"0.4286": [182.8, 10.26, 211.49],
						"0.4603": [181.73, 10.88, 213],
						"0.4762": [181.17, 11.15, 213.57],
						"0.5238": [180.56, 11.1, 215.61],
						"0.5397": [180.34, 11.1, 215.48],
						"0.5714": [179.17, 11.12, 213.57],
						"0.5873": [181.17, 11.12, 213.57],
						"0.6032": [182.97, 10.14, 212.54],
						"0.619": [182.91, 10.56, 213.89],
						"0.6508": [182.07, 11.13, 211.92],
						"0.6984": [181.15, 10.1, 213.53],
						"0.746": [181.67, 9.92, 216.57],
						"0.7619": [181.9, 9.92, 217],
						"0.7778": [182.85, 9.87, 217.59],
						"0.7937": [184.84, 8.88, 217.52],
						"0.8095": [186.7, 9.97, 216.61],
						"0.8254": [183.85, 8.86, 217.52],
						"0.8571": [185.5, 8.57, 217.15],
						"0.8889": [184.53, 8.22, 216.1],
						"0.9365": [187.07, 7.66, 211.96],
						"0.9524": [187.78, 7.64, 210.27],
						"0.9841": [188.13, 8.48, 200.32],
						"1.0": [186.34, 8.7, 197.96],
						"1.0476": [166.52, 10.59, 177.98],
						"1.0635": [164.35, 11.05, 177.14],
						"1.0952": [163.18, 11.5, 176.29],
						"1.1111": [162.67, 10.5, 173.6],
						"1.127": [162.49, 10.11, 172.84],
						"1.1429": [167.86, 12.66, 179.49],
						"1.1746": [158.34, 10.69, 171.51],
						"1.1905": [164.07, 13.76, 174.94],
						"1.2063": [164.24, 11.83, 173.34],
						"1.2381": [166.33, 10.86, 172.54],
						"1.254": [168.42, 9.9, 171.74],
						"1.2857": [173, 10.69, 174.74],
						"1.3016": [175.3, 11.08, 176.24],
						"1.3175": [179.55, 10.98, 175.93],
						"1.3492": [183.1, 10.82, 178.23],
						"1.3651": [185.95, 10.67, 180.18],
						"1.3968": [185.23, 10.74, 178.17],
						"1.4127": [184.45, 10.78, 177.11],
						"1.4286": [183.12, 10.73, 177.18],
						"1.4603": [180.26, 10.74, 178.23],
						"1.5079": [181.02, 10.75, 180.16],
						"1.5238": [180.93, 10.77, 179.07],
						"1.5397": [180.68, 10.78, 177.94],
						"1.5873": [180.72, 10.78, 178.26],
						"1.6349": [180.83, 10.76, 179.14],
						"1.6984": [180.84, 10.76, 179.22],
						"1.746": [180.83, 10.76, 179.14]
					},
					"position": {
						"0.0": [3.19, 21.41, 38.72],
						"0.0635": [3.18, 21.27, 38.72],
						"0.0794": [3.19, 21.21, 38.72],
						"0.0952": [3.29, 21.11, 38.72],
						"0.1111": [3.29, 21.11, 38.57],
						"0.127": [3.29, 21.11, 38.42],
						"0.1429": [3.39, 21.01, 38.42],
						"0.1905": [3.45, 21.01, 38.42],
						"0.2381": [3.64, 21.03, 38.42],
						"0.254": [3.69, 21.01, 38.42],
						"0.3016": [3.89, 20.82, 38.42],
						"0.3175": [3.99, 20.71, 38.42],
						"0.3492": [4.08, 20.64, 38.42],
						"0.3651": [4.09, 20.61, 38.42],
						"0.3968": [3.99, 20.51, 38.42],
						"0.4127": [3.99, 20.52, 38.42],
						"0.4286": [3.99, 20.61, 38.42],
						"0.4603": [3.86, 20.69, 38.35],
						"0.4762": [3.79, 20.71, 38.32],
						"0.5238": [3.69, 20.61, 38.32],
						"0.5397": [3.64, 20.58, 38.32],
						"0.5714": [3.29, 20.41, 38.32],
						"0.5873": [3.19, 20.31, 38.32],
						"0.6032": [3.29, 20.41, 38.32],
						"0.6508": [3.37, 20.59, 38.32],
						"0.6984": [3.49, 20.61, 38.32],
						"0.746": [3.49, 20.41, 38.32],
						"0.7619": [3.47, 20.4, 38.32],
						"0.7778": [3.39, 20.41, 38.32],
						"0.7937": [3.29, 20.31, 38.32],
						"0.8095": [3.39, 20.41, 38.32],
						"0.8254": [3.49, 20.51, 38.32],
						"0.8889": [3.5, 20.43, 38.32],
						"0.9365": [3.34, 20.28, 38.32],
						"0.9524": [3.29, 20.21, 38.32],
						"0.9841": [3.22, 19.81, 38.32],
						"1.0": [3.19, 19.8, 38.32],
						"1.0476": [2.89, 19.91, 38.32],
						"1.0952": [2.79, 19.81, 38.32],
						"1.1111": [2.69, 19.76, 38.32],
						"1.127": [2.59, 19.71, 38.32],
						"1.1429": [2.89, 19.61, 38.32],
						"1.1746": [2.59, 19.71, 38.32],
						"1.1905": [2.99, 19.21, 38.32],
						"1.2063": [2.99, 19.39, 38.32],
						"1.2381": [2.99, 19.35, 38.32],
						"1.254": [2.99, 19.31, 38.32],
						"1.2857": [3.02, 19.24, 38.39],
						"1.3016": [3.04, 19.21, 38.42],
						"1.3492": [3.09, 19.99, 38.53],
						"1.3968": [3.17, 21.09, 38.68],
						"1.4127": [3.19, 21.41, 38.72],
						"1.4286": [3.19, 21.51, 38.72],
						"1.4603": [3.19, 21.59, 38.72],
						"1.5238": [3.19, 21.55, 38.72],
						"1.5873": [3.19, 21.47, 38.72],
						"1.6349": [3.19, 21.41, 38.72],
						"1.6984": [3.19, 21.39, 38.72],
						"1.746": [3.19, 21.41, 38.72]
					},
					"scale": 1
				},
				"stock": {
					"position": [0, 0, -27.8]
				},
				"muzzle": {
					"position": [0, 0, -27]
				},
				"reciever": {
					"position": [0, 0, -27]
				},
				"trigger": {
					"position": [0, 0, -27]
				},
				"magazine": {
					"rotation": {
						"0.5714": [0, 0, 0],
						"0.5873": [0, 0, 0],
						"0.6032": [0, 0, -11],
						"0.619": [0, 0, -17],
						"0.6349": [0, 0, -23.53],
						"0.6508": [0, 0, -36],
						"0.6667": [0, 0, -40],
						"0.6825": [0, 0, -31.99],
						"0.7302": [0, 0, -8],
						"0.746": [0, 0, -6.49],
						"0.7778": [0, 0, -4],
						"0.7937": [0, 0, 0],
						"0.8095": [0, 0, 0],
						"0.873": [-0.63, 0, 0],
						"0.8889": [-1, 0, 0],
						"0.9206": [0.33, 0.06, -3.34],
						"0.9365": [1, 0.09, -5],
						"0.9683": [18.77, 3, -13.52],
						"0.9841": [27.15, 3, -13.52],
						"1.0317": [85.77, 3, -13.52],
						"1.0794": [0, 0, 0]
					},
					"position": {
						"0.0": [0, 0, -27],
						"0.0635": [0, 0, -27],
						"0.1111": [0, 0, -27],
						"0.1905": [0, 0, -27],
						"0.2381": [0, 0, -27],
						"0.3016": [0, 0, -27],
						"0.3492": [0, 0, -27],
						"0.4127": [0, 0, -27],
						"0.4603": [0, 0, -27],
						"0.5397": [0, 0, -27],
						"0.5714": [0, 0, -27],
						"0.5873": [0, -0.4, -27],
						"0.6032": [0.7, -2.8, -27],
						"0.619": [2, -4.4, -27],
						"0.6349": [3.2, -5.7, -27],
						"0.6508": [3.3, -6.3, -27],
						"0.6667": [2.9, -7.2, -27],
						"0.6984": [1.4, -4.85, -27],
						"0.7302": [-0.1, -2.5, -27],
						"0.746": [-0.5, -2.2, -27],
						"0.7619": [-0.63, -2.15, -27],
						"0.7778": [-1, -2, -27],
						"0.7937": [-1.4, -1.4, -27],
						"0.8095": [-1.4, -1.1, -27],
						"0.8254": [-1.4, 1.1, -27],
						"0.8571": [-1.4, 0.4, -27],
						"0.8889": [-1.4, 0.21, -27],
						"0.9365": [-1.4, -0.45, -27],
						"0.9683": [-1.1, -2.85, -27],
						"1.0": [1.41, -6.94, -22.8],
						"1.0317": [5.6, -13.75, -15.8],
						"1.0476": [5.6, -13.75, -15.8],
						"1.0794": [0, -10, 16.68125]
					}
				},
				"magazine2": {
					"rotation": {
						"0.0": [0, 0, 0],
						"0.0635": [0, 0, 0],
						"0.1111": [0, 0, 0],
						"0.1905": [0, 0, 0],
						"0.2381": [0, 0, 0],
						"0.3016": [0, 0, 0],
						"0.3333": [0, 0, 0],
						"0.3492": [117, 0, 0],
						"0.4127": [82, 0, 0],
						"0.4603": [47, 0, 0],
						"0.5079": [27, 0, 0],
						"0.5397": [15.74, 0, 0],
						"0.5556": [12.95, -0.1, 0.26],
						"0.5873": [12, 0, 0],
						"0.6032": [20.58, 4.27, -11.22],
						"0.6349": [14.52, 8.91, -30.86],
						"0.6508": [12.95, 9.39, -34.77],
						"0.6667": [8.81, 9.45, -42.48],
						"0.6825": [7.95, 7.45, -35.7],
						"0.6984": [6.97, 5.3, -27.11],
						"0.7302": [4.89, 0.69, -7.97],
						"0.7619": [4.94, 0.12, -4.49],
						"0.7778": [5.17, 0.36, -3.98],
						"0.7937": [3.59, 0, 0],
						"0.8095": [-2, 0, 0],
						"0.8571": [-2, 0, 0],
						"0.8889": [-2, 0, 0],
						"0.9365": [-2, 0, 0],
						"1.0": [-2, 0, 0],
						"1.0476": [-2, 0, 0]
					},
					"position": {
						"0.0": [0, -10, -23.6],
						"0.0635": [0, -11.62, -23.6],
						"0.1111": [0, -13.23, -23.6],
						"0.1905": [0, -14.85, -23.6],
						"0.2381": [0, -16.47, -23.6],
						"0.3016": [0, -18.08, -23.6],
						"0.3492": [0, -19.7, -23.6],
						"0.4127": [0.5, -14.9, -34.58],
						"0.4286": [0.72, -12.84, -39.28],
						"0.4603": [1.01, -7.22, -43.84],
						"0.5079": [1.3, -1.6, -48.4],
						"0.5397": [1.3, -0.85, -49.53],
						"0.5873": [1.3, -1.1, -49.9],
						"0.6032": [2.1, -2.9, -49.7],
						"0.6349": [4.65, -5.42, -49.74],
						"0.6508": [4.78, -5.92, -49.75],
						"0.6667": [4.09, -6.57, -49.78],
						"0.6984": [2.72, -4.73, -49.81],
						"0.7302": [1.28, -2.66, -49.85],
						"0.7619": [0.58, -2.12, -49.89],
						"0.7778": [0.19, -2.01, -49.93],
						"0.7937": [-0.11, -1.61, -50.01],
						"0.8095": [-0.1, -1.5, -50.1],
						"0.8254": [-0.1, 0, -50.1],
						"0.8571": [-0.1, 0, -50.1],
						"0.8889": [-0.1, 0, -50.1],
						"0.9365": [-0.1, 0, -50.1],
						"1.0": [-0.1, 0, -50.1],
						"1.0476": [-0.1, 0, -50.1]
					}
				},
				"bolt": {
					"rotation": {
						"0.0": [0, 0, 0],
						"0.0635": [0, 0, 0],
						"0.1111": [0, 0, 0],
						"0.1429": [0, 0, 0],
						"0.1905": [0, 0, -22.5],
						"0.2063": [0, 0, -45],
						"0.2381": [0, 0, -45],
						"0.3016": [0, 0, -45],
						"0.3492": [0, 0, -45],
						"0.4127": [0, 0, -45],
						"0.4603": [0, 0, -45],
						"0.5397": [0, 0, -45],
						"0.5873": [0, 0, -45],
						"0.6508": [0, 0, -45],
						"0.6984": [0, 0, -45],
						"0.7619": [0, 0, -45],
						"0.8095": [0, 0, -45],
						"0.8889": [0, 0, -45],
						"0.9365": [0, 0, -45],
						"1.0": [0, 0, -45],
						"1.0476": [0, 0, -45],
						"1.1111": [0, 0, -45],
						"1.127": [0, 0, 1],
						"1.1429": [0, 0, 0]
					},
					"position": {
						"0.0": [0, 0, -27],
						"0.0635": [0, 0, -27],
						"0.1111": [0, 0, -24.5],
						"0.1429": [0, 0, -24.5],
						"0.1905": [0, 0, -24.5],
						"0.2063": [0, 0, -24.5],
						"0.2381": [0, 0, -24.5],
						"0.3016": [0, 0, -24.5],
						"0.3492": [0, 0, -24.5],
						"0.4127": [0, 0, -24.5],
						"0.4603": [0, 0, -24.5],
						"0.5397": [0, 0, -24.5],
						"0.5873": [0, 0, -24.5],
						"0.6508": [0, 0, -24.5],
						"0.6984": [0, 0, -24.5],
						"0.7619": [0, 0, -24.5],
						"0.8095": [0, 0, -24.5],
						"0.8889": [0, 0, -24.5],
						"0.9365": [0, 0, -24.5],
						"1.0": [0, 0, -24.5],
						"1.0476": [0, 0, -24.5],
						"1.1111": [0, 0, -24.5],
						"1.127": [0, 0, -24.5],
						"1.1429": [0, 0, -27]
					}
				},
				"bone5": {
					"position": [0, -0.1875, 0]
				}
			},
			"sound_effects": {
				"0.0": {
					"effect": "mp5_slidefront"
				},
				"0.0317": {
					"effect": "mp5_cloth2"
				},
				"0.4603": {
					"effect": "mp5_clipout"
				},
				"0.6825": {
					"effect": "mp5_clipin"
				},
				"0.9048": {
					"effect": "mp5_cloth2"
				},
				"1.0": {
					"effect": "mp5_slideback"
				},
				"1.1905": {
					"effect": "mp5_reload_end"
				}
			}
		},
		"animation.mp5_sprint": {
			"loop": true,
			"animation_length": 0.41667,
			"anim_time_update": "query.anim_time + query.delta_time * 0.7",
			"bones": {
				"rightArm": {
					"rotation": {
						"0.0": [64.33, 22.42, 127.09],
						"0.0278": [63.85, 24.66, 125.9],
						"0.0556": [61.91, 22.38, 121.04],
						"0.0833": [58.19, 26.65, 118.17],
						"0.1111": [54.98, 28.72, 116.6],
						"0.1389": [52.9, 25.77, 112.05],
						"0.1667": [57.9, 25.77, 112.05],
						"0.1944": [61.3, 29.57, 119.35],
						"0.2222": [61.94, 27.37, 120.71],
						"0.25": [59.4, 27.32, 120.6],
						"0.2778": [61.25, 25.48, 123.03],
						"0.3611": [64.33, 22.42, 127.09]
					},
					"position": {
						"0.0": [15.05625, -4.70625, 8.8125],
						"0.0278": [15.22, -4.71, 9.22],
						"0.1111": [15.46, -4.71, 9.61],
						"0.2222": [15.7, -4.71, 9.99],
						"0.25": [15.77, -4.71, 10.11],
						"0.3056": [15.99, -4.71, 9.07],
						"0.3333": [15.75, -4.71, 9],
						"0.3611": [15.06, -4.71, 8.81]
					}
				},
				"leftArm": {
					"rotation": {
						"0.0": [83.75, 19.04, 201.45],
						"0.0833": [81.76, 31.81, 188.21],
						"0.1389": [88.54, 37.33, 186.93],
						"0.1667": [92.55, 32.78, 201.6],
						"0.1944": [94.63, 29.85, 205.43],
						"0.2778": [100.81, 19.85, 216.69],
						"0.3333": [100.57, 16.16, 215.96],
						"0.3611": [99.31, 15.27, 221.31],
						"0.3889": [83.75, 19.04, 201.45]
					},
					"position": {
						"0.0": [-5.84, -7.31, 16.03],
						"0.0833": [-5.84, -7.31, 16.03],
						"0.1389": [-5.84, -7.31, 16.03],
						"0.1667": [-5.84, -8.03, 16.03],
						"0.1944": [-5.84, -7.42, 15.54],
						"0.2778": [-5.48, -5.75, 14.1],
						"0.3333": [-4.4, -6.21, 14.22],
						"0.3889": [-5.84, -7.31, 16.03]
					}
				},
				"root": {
					"position": [-2, 1, 3.3125]
				},
				"waist": {
					"rotation": [0, -10, 0],
					"position": [0, -4.44, -3.25],
					"scale": 1.5
				},
				"M4a1": {
					"position": [2, 0, 0]
				},
				"body": {
					"rotation": [-18.85935, 15.23606, 7.12873],
					"position": [-2.09, 3.48, -3.66]
				},
				"A": {
					"position": [0, 0, 0]
				},
				"Gun": {
					"rotation": [0, 180, -2.5],
					"position": [10.78, 10.91, 11.78],
					"scale": 0.6
				},
				"mk4smr2": {
					"rotation": [0, 0, 0],
					"position": [0, 0, 0]
				},
				"mp5": {
					"rotation": {
						"0.0": [155.47, 28.3, 133.99],
						"0.0556": [145.97, 25.81, 120.05],
						"0.0833": [141.71, 25.1, 114.24],
						"0.1111": [140.97, 24.72, 112.66],
						"0.1389": [141.63, 21.73, 106.87],
						"0.1944": [157.67, 29.17, 123.44],
						"0.2222": [156.98, 31.19, 128.07],
						"0.25": [156.18, 33.07, 132.5],
						"0.2778": [151.39, 32.37, 132.54],
						"0.3333": [153.2, 27.67, 134.28],
						"0.3611": [157.41, 25.27, 135.47],
						"0.3889": [155.47, 28.3, 133.99]
					},
					"position": {
						"0.0": [3.19, 18.91, 38.72],
						"0.0556": [2.49, 19.31, 38.72],
						"0.0833": [1.89, 19.2, 38.72],
						"0.1111": [1.69, 19.01, 38.72],
						"0.1389": [1.79, 18.81, 38.72],
						"0.1667": [1.99, 18.61, 38.72],
						"0.1944": [2.22, 19.14, 38.72],
						"0.2222": [2.49, 19.71, 38.72],
						"0.25": [3.08, 19.86, 38.72],
						"0.2778": [3.91, 19.46, 38.72],
						"0.3333": [4.19, 18.91, 38.72],
						"0.3611": [3.72, 18.56, 38.72],
						"0.3889": [3.19, 18.91, 38.72]
					}
				},
				"stock": {
					"position": [0, 0, -27.8]
				},
				"muzzle": {
					"position": [0, 0, -27]
				},
				"reciever": {
					"position": [0, 0, -27]
				},
				"trigger": {
					"position": [0, 0, -27]
				},
				"magazine": {
					"position": [0, 0, -27]
				},
				"magazine2": {
					"position": [0, -10, -23.6]
				},
				"bolt": {
					"position": [0, 0, -27]
				}
			}
		},
		"animation.mp5_tsprint": {
			"loop": true,
			"animation_length": 1.8056,
			"anim_time_update": "query.anim_time + query.delta_time *0.8",
			"bones": {
				"rightArm": {
					"rotation": {
						"0.0": [39.9, 12.98, 178.35],
						"0.0556": [46.99, 10.41, 176.18],
						"0.0833": [52.33, 11.55, 177.71],
						"0.1389": [53.33, 14.96, 182.29],
						"0.1944": [47.25, 13.05, 187.7],
						"0.25": [46.52, 9.63, 183.98],
						"0.2778": [44.06, 4.42, 178.55],
						"0.3056": [43.24, 2.69, 176.73],
						"0.3333": [43.73, 8.14, 181.92],
						"0.3611": [44.34, 11.73, 185.44],
						"0.3889": [43.73, 8.14, 181.92],
						"0.4167": [43.44, 9.86, 180.08],
						"0.4444": [43.1, 11.57, 178.23],
						"0.4722": [47.19, 9.86, 180.08],
						"0.5": [50.94, 9.86, 180.08],
						"0.5278": [50.16, 8.61, 174.56],
						"0.5556": [50.38, 6.69, 176.17],
						"0.5833": [50.38, 6.69, 176.17],
						"0.6389": [50.58, 1.24, 177.43],
						"0.6667": [50.77, 4.41, 181.3],
						"0.7222": [50.77, 4.41, 181.3],
						"0.75": [43.27, 4.41, 181.3],
						"0.7778": [40.77, 4.41, 181.3],
						"0.8056": [40.6, 6.04, 179.4],
						"0.8611": [40.14, 10.32, 177.91],
						"0.8889": [39.9, 12.98, 178.35],
						"0.9444": [46.99, 10.41, 176.18],
						"0.9722": [51.99, 10.41, 176.18],
						"1.0278": [53.33, 14.96, 182.29],
						"1.0556": [48.77, 13.53, 186.35],
						"1.0833": [47.25, 13.05, 187.7],
						"1.1389": [46.52, 9.63, 183.98],
						"1.1667": [44.88, 6.16, 180.36],
						"1.1944": [43.24, 2.69, 176.73],
						"1.2222": [43.73, 8.14, 181.92],
						"1.25": [44.34, 11.73, 185.44],
						"1.2778": [44.03, 9.93, 183.68],
						"1.3056": [43.44, 9.86, 180.08],
						"1.3333": [43.1, 11.57, 178.23],
						"1.3611": [43.44, 9.86, 180.08],
						"1.3889": [50.94, 9.86, 180.08],
						"1.4167": [50.16, 8.61, 174.56],
						"1.4444": [50.38, 6.69, 176.17],
						"1.4722": [50.38, 6.69, 176.17],
						"1.5278": [50.58, 1.24, 177.43],
						"1.5556": [50.77, 4.41, 181.3],
						"1.6111": [50.77, 4.41, 181.3],
						"1.6389": [43.27, 4.41, 181.3],
						"1.6667": [42.02, 4.41, 181.3],
						"1.6944": [40.6, 6.04, 179.4],
						"1.75": [40.37, 7.66, 177.48],
						"1.7778": [39.9, 12.98, 178.35]
					},
					"position": {
						"0.0": [9.06, -7.83, 5.75],
						"0.0556": [9.77, -6.95, 5.5],
						"0.0833": [10.2, -5.86, 5.02],
						"0.1389": [10.37, -5.48, 4.69],
						"0.1944": [9.68, -6.17, 5.82],
						"0.25": [9.68, -6.17, 5.82],
						"0.2778": [9.42, -6.17, 5.82],
						"0.3056": [9.34, -6.17, 5.82],
						"0.3333": [8.87, -6.17, 5.82],
						"0.3611": [8.12, -6.17, 5.82],
						"0.3889": [8.12, -6.33, 5.82],
						"0.4167": [8.37, -6.7, 5.82],
						"0.4444": [9.15, -6.7, 5.82],
						"0.4722": [9.34, -6.34, 5.54],
						"0.5": [9.53, -5.98, 5.26],
						"0.5278": [10.79, -5.82, 5.26],
						"0.5556": [10.37, -5.2, 5.26],
						"0.5833": [10.87, -4.73, 5.26],
						"0.6389": [10.25, -4.73, 5.26],
						"0.6667": [9.72, -4.73, 5.26],
						"0.7222": [9.16, -4.73, 5.26],
						"0.75": [9, -5.39, 5.26],
						"0.7778": [8.41, -5.39, 5.26],
						"0.8056": [8.32, -5.39, 5.26],
						"0.8333": [8.32, -6.26, 5.26],
						"0.8611": [8.91, -7.33, 5.5],
						"0.8889": [9.06, -7.83, 5.75],
						"0.9444": [9.77, -6.95, 5.5],
						"0.9722": [10.15, -5.98, 5.13],
						"1.0278": [10.37, -5.48, 4.69],
						"1.0556": [9.85, -6, 5.53],
						"1.0833": [9.68, -6.17, 5.82],
						"1.1389": [9.68, -6.17, 5.82],
						"1.1667": [9.51, -6.17, 5.82],
						"1.1944": [9.34, -6.17, 5.82],
						"1.2222": [8.87, -6.17, 5.82],
						"1.25": [8.12, -6.17, 5.82],
						"1.2778": [8.12, -6.25, 5.82],
						"1.3056": [8.37, -6.7, 5.82],
						"1.3333": [9.15, -6.7, 5.82],
						"1.3611": [9.15, -6.7, 5.82],
						"1.3889": [9.53, -5.98, 5.26],
						"1.4167": [10.79, -5.82, 5.26],
						"1.4444": [10.37, -5.2, 5.26],
						"1.4722": [10.62, -4.96, 5.26],
						"1.5278": [10.25, -4.73, 5.26],
						"1.5556": [9.91, -4.73, 5.26],
						"1.6111": [9.16, -4.73, 5.26],
						"1.6389": [9, -5.39, 5.26],
						"1.6667": [8.7, -5.39, 5.26],
						"1.6944": [8.32, -5.39, 5.26],
						"1.7222": [8.32, -6.26, 5.26],
						"1.75": [8.76, -6.82, 5.26],
						"1.7778": [9.06, -7.83, 5.75]
					}
				},
				"leftArm": {
					"rotation": {
						"0.0": {
							"post": ["140+ variable.is_using_vr * 7.5", "20+ variable.is_using_vr * 7.5", "220+ variable.is_using_vr * -2.5"],
							"lerp_mode": "catmullrom"
						},
						"0.0833": {
							"post": ["46.0924+ variable.is_using_vr * 7.5", "12.9129+ variable.is_using_vr * 7.5", "227.3629+ variable.is_using_vr * -2.5"],
							"lerp_mode": "catmullrom"
						},
						"0.2778": {
							"post": ["36.9633+ variable.is_using_vr * 7.5", "-32.2223+ variable.is_using_vr * 7.5", "274.8214+ variable.is_using_vr * -2.5"],
							"lerp_mode": "catmullrom"
						},
						"0.3333": {
							"post": ["140+ variable.is_using_vr * 7.5", "20+ variable.is_using_vr * 7.5", "220+ variable.is_using_vr * -2.5"],
							"lerp_mode": "catmullrom"
						},
						"0.5556": {
							"post": ["140+ variable.is_using_vr * 7.5", "20+ variable.is_using_vr * 7.5", "220+ variable.is_using_vr * -2.5"],
							"lerp_mode": "catmullrom"
						},
						"0.6667": {
							"post": ["140+ variable.is_using_vr * 7.5", "20+ variable.is_using_vr * 7.5", "220+ variable.is_using_vr * -2.5"],
							"lerp_mode": "catmullrom"
						},
						"0.8611": {
							"post": ["46.0924+ variable.is_using_vr * 7.5", "12.9129+ variable.is_using_vr * 7.5", "227.3629+ variable.is_using_vr * -2.5"],
							"lerp_mode": "catmullrom"
						},
						"1.0556": {
							"post": ["36.9633+ variable.is_using_vr * 7.5", "-32.2223+ variable.is_using_vr * 7.5", "274.8214+ variable.is_using_vr * -2.5"],
							"lerp_mode": "catmullrom"
						},
						"1.1111": {
							"post": ["140+ variable.is_using_vr * 7.5", "20+ variable.is_using_vr * 7.5", "220+ variable.is_using_vr * -2.5"],
							"lerp_mode": "catmullrom"
						},
						"1.25": {
							"post": ["140+ variable.is_using_vr * 7.5", "20+ variable.is_using_vr * 7.5", "220+ variable.is_using_vr * -2.5"],
							"lerp_mode": "catmullrom"
						},
						"1.3611": {
							"post": ["140+ variable.is_using_vr * 7.5", "20+ variable.is_using_vr * 7.5", "220+ variable.is_using_vr * -2.5"],
							"lerp_mode": "catmullrom"
						},
						"1.5556": {
							"post": ["46.0924+ variable.is_using_vr * 7.5", "12.9129+ variable.is_using_vr * 7.5", "227.3629+ variable.is_using_vr * -2.5"],
							"lerp_mode": "catmullrom"
						},
						"1.75": {
							"post": ["36.9633+ variable.is_using_vr * 7.5", "-32.2223+ variable.is_using_vr * 7.5", "274.8214+ variable.is_using_vr * -2.5"],
							"lerp_mode": "catmullrom"
						},
						"1.8056": {
							"post": ["140+ variable.is_using_vr * 7.5", "20+ variable.is_using_vr * 7.5", "220+ variable.is_using_vr * -2.5"],
							"lerp_mode": "catmullrom"
						}
					},
					"position": {
						"0.0": {
							"post": [-12.90625, -15.025, 19.59375],
							"lerp_mode": "catmullrom"
						},
						"0.0833": {
							"post": [-14.91, 0.4175, 10.99],
							"lerp_mode": "catmullrom"
						},
						"0.2778": {
							"post": [-12.61, -6.72, 10.99],
							"lerp_mode": "catmullrom"
						},
						"0.3333": {
							"post": [-12.91, -36.12, 19.59],
							"lerp_mode": "catmullrom"
						},
						"0.5556": {
							"post": [-12.90625, -15.025, 19.59375],
							"lerp_mode": "catmullrom"
						},
						"0.6667": {
							"post": [-14.91, 0.4175, 10.99],
							"lerp_mode": "catmullrom"
						},
						"0.8611": {
							"post": [-14.91, -5.02, 10.99],
							"lerp_mode": "catmullrom"
						},
						"1.0556": {
							"post": [-12.61, -15.25125, 10.99],
							"lerp_mode": "catmullrom"
						},
						"1.1111": {
							"post": [-12.91, -36.12, 19.59],
							"lerp_mode": "catmullrom"
						},
						"1.25": {
							"post": [-12.90625, -15.025, 19.59375],
							"lerp_mode": "catmullrom"
						},
						"1.3611": {
							"post": [-12.90625, -15.025, 19.59375],
							"lerp_mode": "catmullrom"
						},
						"1.5556": {
							"post": [-14.91, -5.02, 10.99],
							"lerp_mode": "catmullrom"
						},
						"1.75": {
							"post": [-12.61, -6.72, 10.99],
							"lerp_mode": "catmullrom"
						},
						"1.8056": {
							"post": [-12.91, -36.12, 19.59],
							"lerp_mode": "catmullrom"
						}
					}
				},
				"root": {
					"rotation": [5.02347, 7.45259, 1.0901],
					"position": [-0.90625, -3.37, -0.255]
				},
				"waist": {
					"position": {
						"0.0": [0, 0, 0],
						"0.0833": [-1.5, 0, 0],
						"0.1111": [-1.72, 0, 0],
						"0.1944": [-1.31, 0, 0],
						"0.2778": [-0.83, 0, 0],
						"0.3333": [-0.63, 0, 0],
						"0.3889": [-0.92, 0, 0],
						"0.4722": [-1.44, 0, 0],
						"0.5278": [-1.66, 0, 0],
						"0.5833": [-1.43, 0, 0],
						"0.6667": [-1.03, 0, 0],
						"0.7778": [-0.63, 0, 0],
						"0.8611": [-0.63, 0, 0],
						"0.8889": [-0.63, 0, 0],
						"0.9722": [-0.97, 0, 0],
						"1.0556": [-1.37, 0, 0],
						"1.1111": [-1.54, 0, 0],
						"1.1667": [-1.23, 0, 0],
						"1.2778": [-0.7, 0, 0],
						"1.3056": [-0.48, 0, 0],
						"1.3611": [-0.79, 0, 0],
						"1.4722": [-1.34, 0, 0],
						"1.5": [-1.57, 0, 0],
						"1.5556": [-1.16, 0, 0],
						"1.6667": [-0.42, 0, 0]
					}
				},
				"M4a1": {
					"position": [2, 0, 0]
				},
				"body": {
					"rotation": {
						"0.0": [0, 12.49, 0],
						"0.0833": [0, 12.49, 0],
						"0.1944": [0, 12.49, 0],
						"0.2778": [0, 12.49, 0],
						"0.3889": [0, 12.49, 0],
						"0.4722": [0, 12.49, 0],
						"0.5833": [0, 12.49, 0],
						"0.6667": [0, 12.49, 0],
						"0.7778": [0, 12.49, 0],
						"0.8611": [0, 12.49, 0],
						"0.9722": [0, 12.49, 0],
						"1.0": [0, 12.49, 0],
						"1.0556": [0, 12.49, 0],
						"1.1667": [0, 12.49, 0],
						"1.2778": [0, 12.49, 0],
						"1.3611": [0, 12.49, 0],
						"1.4722": [0, 12.49, 0],
						"1.5556": [0, 12.49, 0],
						"1.6667": [0, 12.49, 0],
						"1.75": [0, 12.49, 0]
					},
					"position": {
						"0.0": [-0.28, -1.25, -1.25],
						"0.0833": [-0.27, -1.25, -1.25],
						"0.1944": [-0.26, -1.26, -1.25],
						"0.2778": [-0.24, -1.27, -1.25],
						"0.3889": [-0.21, -1.27, -1.25],
						"0.4722": [-0.18, -1.25, -1.25],
						"0.5": [-0.18, -1.25, -1.25],
						"0.5833": [-0.14, -1.22, -1.25],
						"0.6667": [-0.08, -1.16, -1.25],
						"0.7778": [-0.01, -1.09, -1.25],
						"0.8611": [0.04, -1.03, -1.25],
						"0.9722": [0.07, -1, -1.25],
						"1.0": [0.07, -1, -1.25],
						"1.0556": [0.05, -1.02, -1.25],
						"1.1667": [-0.01, -1.09, -1.25],
						"1.2778": [-0.09, -1.17, -1.25],
						"1.3611": [-0.17, -1.24, -1.25],
						"1.3889": [-0.18, -1.25, -1.25],
						"1.4722": [-0.21, -1.27, -1.25],
						"1.5556": [-0.24, -1.27, -1.25],
						"1.6667": [-0.27, -1.26, -1.25],
						"1.75": [-0.28, -1.25, -1.25]
					}
				},
				"A": {
					"position": [0, 0, 0]
				},
				"Gun": {
					"rotation": [0, 180, -2.5],
					"position": [10.78, 10.91, 11.78],
					"scale": 0.6
				},
				"mk4smr2": {
					"rotation": [0, 0, 0],
					"position": [0, 0, 0]
				},
				"mp5": {
					"rotation": {
						"0.0": [132.83, 10.76, 179.14],
						"0.0278": [135.15, 9.38, 174.82],
						"0.0556": [140.73, 9.8, 178.65],
						"0.0833": [144.76, 6.85, 176.1],
						"0.1111": [145.5, 6.43, 176.18],
						"0.1667": [144.08, 10.44, 185.76],
						"0.1944": [142.12, 10.38, 187.57],
						"0.2222": [140.36, 9.54, 187.84],
						"0.25": [140.51, 7.34, 185.09],
						"0.2778": [135.23, 2.44, 179.05],
						"0.3056": [132.77, 2.25, 178.1],
						"0.3611": [128.75, 7.95, 180.74],
						"0.3889": [129.92, 10.2, 181.19],
						"0.4167": [131.73, 11.64, 181.07],
						"0.4444": [132.83, 10.76, 179.14],
						"0.4722": [138.96, 10.24, 179.01],
						"0.5": [140.73, 9.8, 178.65],
						"0.5278": [143.41, 6.03, 174.36],
						"0.5556": [145.82, 8.13, 178.68],
						"0.5833": [144.68, 4.83, 176.04],
						"0.6111": [142.82, 1.47, 173.66],
						"0.6667": [139.74, 3.38, 180.68],
						"0.6944": [140.07, 3.51, 180.46],
						"0.7222": [137.55, 3.79, 180.86],
						"0.75": [132.77, 2.25, 178.1],
						"0.7778": [130.28, 4.77, 179.22],
						"0.8056": [128.75, 7.95, 180.74],
						"0.8611": [132.32, 11.52, 180.39],
						"0.8889": [132.83, 10.76, 179.14],
						"0.9167": [135.15, 9.38, 174.82],
						"0.9444": [140.73, 9.8, 178.65],
						"0.9722": [143.56, 7.89, 177.05],
						"1.0": [145.5, 6.43, 176.18],
						"1.0556": [143.23, 10.59, 186.92],
						"1.1111": [140.36, 9.54, 187.84],
						"1.1389": [140.51, 7.34, 185.09],
						"1.1667": [137.55, 3.79, 180.86],
						"1.1944": [132.77, 2.25, 178.1],
						"1.25": [128.75, 7.95, 180.74],
						"1.2778": [129.04, 9.12, 181.04],
						"1.3056": [131.73, 11.64, 181.07],
						"1.3333": [132.83, 10.76, 179.14],
						"1.3611": [135.15, 9.38, 174.82],
						"1.3889": [140.87, 10.44, 179.44],
						"1.4167": [143.32, 6.47, 175.07],
						"1.4444": [145.94, 8.69, 179.52],
						"1.4722": [145.64, 8.03, 179.37],
						"1.5": [144.08, 10.44, 185.76],
						"1.5556": [140.36, 9.54, 187.84],
						"1.5833": [140.51, 7.34, 185.09],
						"1.6111": [137.55, 3.79, 180.86],
						"1.6389": [132.73, 0.04, 176.06],
						"1.6667": [131.34, 2.13, 177.33],
						"1.6944": [128.75, 7.95, 180.74],
						"1.75": [131.73, 11.64, 181.07],
						"1.7778": [132.83, 10.76, 179.14]
					},
					"position": {
						"0.0": [3.19, 24.21, 34.22],
						"0.0278": [3.49, 24.21, 34.22],
						"0.0556": [3.89, 24.01, 34.22],
						"0.0833": [4.36, 24.78, 34.22],
						"0.1111": [4.49, 25.01, 34.22],
						"0.1667": [4.79, 25.31, 34.22],
						"0.1944": [4.71, 25.19, 34.22],
						"0.2222": [4.59, 25.01, 34.22],
						"0.25": [4.54, 24.91, 34.22],
						"0.2778": [3.83, 24.94, 34.22],
						"0.3056": [3.54, 25.11, 34.22],
						"0.3611": [2.82, 25.25, 34.22],
						"0.3889": [2.77, 24.91, 34.22],
						"0.4167": [2.85, 24.52, 34.22],
						"0.4444": [3.19, 24.21, 34.22],
						"0.4722": [3.71, 23.97, 34.22],
						"0.5": [3.89, 24.01, 34.22],
						"0.5556": [4.49, 25.01, 34.22],
						"0.5833": [4.69, 25.24, 34.22],
						"0.6111": [4.79, 25.31, 34.22],
						"0.6667": [4.58, 24.95, 34.22],
						"0.6944": [4.54, 24.91, 34.22],
						"0.7222": [4.09, 24.81, 34.22],
						"0.75": [3.54, 25.11, 34.22],
						"0.7778": [3.14, 25.24, 34.22],
						"0.8056": [2.82, 25.25, 34.22],
						"0.8611": [3, 24.34, 34.22],
						"0.8889": [3.19, 24.21, 34.22],
						"0.9167": [3.49, 23.81, 34.22],
						"0.9444": [3.89, 23.51, 34.22],
						"0.9722": [4.2, 24.22, 34.22],
						"1.0": [4.49, 25.01, 34.22],
						"1.0556": [4.77, 25.21, 34.22],
						"1.1111": [4.59, 24.71, 34.22],
						"1.1389": [4.54, 24.71, 34.22],
						"1.1667": [4.09, 24.81, 34.22],
						"1.1944": [3.54, 25.11, 34.22],
						"1.25": [2.82, 25.65, 34.22],
						"1.2778": [2.77, 25.47, 34.22],
						"1.3056": [2.85, 24.52, 34.22],
						"1.3333": [3.19, 24.21, 34.22],
						"1.3611": [3.49, 24.21, 34.22],
						"1.3889": [3.89, 24.01, 34.22],
						"1.4444": [4.49, 25.01, 34.22],
						"1.4722": [4.77, 25.18, 34.22],
						"1.5": [5.09, 25.31, 34.22],
						"1.5556": [4.59, 24.81, 34.22],
						"1.5833": [4.34, 24.71, 34.22],
						"1.6111": [3.99, 24.81, 34.22],
						"1.6389": [3.44, 25.11, 34.22],
						"1.6667": [3.1, 25.19, 34.22],
						"1.6944": [2.52, 25.25, 34.22],
						"1.75": [2.85, 24.52, 34.22],
						"1.7778": [3.19, 24.21, 34.22]
					}
				},
				"stock": {
					"position": [0, 0, -27.8]
				},
				"muzzle": {
					"position": [0, 0, -27]
				},
				"reciever": {
					"position": [0, 0, -27]
				},
				"trigger": {
					"position": [0, 0, -27]
				},
				"magazine": {
					"position": [0, 0, -27]
				},
				"magazine2": {
					"position": [0, -10, -23.6]
				},
				"bolt": {
					"position": [0, 0, -27]
				}
			}
		},
		"animation.mp5_inspect": {
			"loop": "hold_on_last_frame",
			"animation_length": 2.33333,
			"anim_time_update": "query.anim_time + query.delta_time * 0.8",
			"bones": {
				"rightArm": {
					"rotation": {
						"0.0": [85, 25, 175],
						"0.0667": [85, 25, 175],
						"0.1167": [92.96, 24.91, 193.64],
						"0.1333": [95.61, 24.88, 199.85],
						"0.1833": [95.61, 24.88, 199.85],
						"0.2": [95.61, 24.88, 199.85],
						"0.2333": [95.61, 24.88, 199.85],
						"0.3": [95.61, 24.88, 199.85],
						"0.35": [95.61, 24.88, 199.85],
						"0.4167": [95.61, 24.88, 199.85],
						"0.4667": [95.61, 24.88, 199.85],
						"0.5333": [95.61, 24.88, 199.85],
						"0.5833": [95.61, 24.88, 199.85],
						"0.65": [95.61, 24.88, 199.85],
						"0.7": [95.61, 24.88, 199.85],
						"0.7667": [95.61, 24.88, 199.85],
						"0.8167": [95.61, 24.88, 199.85],
						"0.8833": [95.61, 24.88, 199.85],
						"0.9333": [95.61, 24.88, 199.85],
						"1.0": [95.61, 24.88, 199.85],
						"1.05": [95.61, 24.88, 199.85],
						"1.1167": [95.61, 24.88, 199.85],
						"1.1667": [95.61, 24.88, 199.85],
						"1.1833": [95.61, 24.88, 199.85],
						"1.2333": [90, 20.61, 184.07],
						"1.2833": [82.15, 14.63, 161.99],
						"1.35": [74.29, 8.65, 139.9],
						"1.3833": [68.68, 4.38, 124.13],
						"1.4": [68.68, 4.38, 124.13],
						"1.4667": [68.68, 4.38, 124.13],
						"1.5167": [68.68, 4.38, 124.13],
						"1.5833": [68.68, 4.38, 124.13],
						"1.6333": [68.68, 4.38, 124.13],
						"1.7": [68.68, 4.38, 124.13],
						"1.75": [68.68, 4.38, 124.13],
						"1.8167": [68.68, 4.38, 124.13],
						"1.8667": [68.68, 4.38, 124.13],
						"1.8833": [68.68, 4.38, 124.13],
						"1.9333": [73.21, 10.11, 138.26],
						"1.9833": [79.56, 18.13, 158.04],
						"2.0333": [85, 25, 175],
						"2.05": [85, 25, 175],
						"2.1": [85, 25, 175],
						"2.1667": [85, 25, 175],
						"2.2167": [85, 25, 175],
						"2.2333": [85, 25, 175]
					},
					"position": {
						"0.0": [12.71, -4.24, 5.75],
						"0.0333": [12.71, -4.61, 5.75],
						"0.05": [12.71, -4.61, 5.25],
						"0.0667": [12.71, -4.6, 5.15],
						"0.0833": [12.71, -4.58, 4.84],
						"0.1167": [12.19, -4.25, 4.84],
						"0.1333": [11.93, -4.08, 4.84],
						"0.1833": [11.4, -3.67, 4.55],
						"0.2": [11.09, -3.42, 4.37],
						"0.2333": [11.09, -3.42, 4.21],
						"0.2833": [11.09, -3.42, 3.96],
						"0.3": [11.09, -3.42, 4.07],
						"0.35": [11.09, -3.42, 4.84],
						"0.4167": [11.09, -3.42, 4.55],
						"0.4667": [11.09, -3.42, 4.26],
						"0.5": [11.09, -3.42, 4.09],
						"0.5333": [11.09, -3.42, 4.1],
						"0.5833": [11.09, -3.42, 4.14],
						"0.65": [11.09, -3.42, 4.17],
						"0.7": [11.09, -3.42, 4.2],
						"0.7667": [11.09, -3.42, 4.24],
						"0.8167": [11.09, -3.42, 4.27],
						"0.8833": [11.09, -3.42, 4.3],
						"0.9333": [11.09, -3.42, 4.31],
						"1.0": [11.09, -3.42, 4.31],
						"1.05": [11.09, -3.42, 4.31],
						"1.1167": [11.09, -3.42, 4.31],
						"1.1667": [11.09, -3.42, 4.31],
						"1.1833": [11.09, -3.42, 4.31],
						"1.2333": [11.34, -3.42, 4.31],
						"1.2833": [11.68, -3.42, 4.31],
						"1.35": [12.03, -3.42, 4.31],
						"1.3833": [12.28, -3.42, 4.31],
						"1.4": [12.28, -3.42, 4.31],
						"1.4667": [12.28, -3.42, 4.31],
						"1.5167": [12.28, -3.42, 4.31],
						"1.5833": [12.28, -3.42, 4.31],
						"1.6333": [12.28, -3.42, 4.31],
						"1.7": [12.28, -3.42, 4.31],
						"1.75": [12.28, -3.42, 4.31],
						"1.8": [12.28, -3.42, 4.75],
						"1.8167": [12.28, -3.42, 4.75],
						"1.8667": [12.28, -3.42, 4.75],
						"1.8833": [12.28, -3.42, 4.75],
						"1.9333": [12.4, -5.03, 5.36],
						"1.95": [12.47, -6, 5.72],
						"1.9833": [12.57, -5.29, 5.73],
						"2.0333": [12.71, -4.24, 5.75],
						"2.05": [12.71, -4.24, 5.63],
						"2.1": [12.71, -4.24, 4.78],
						"2.1667": [12.71, -4.24, 5.36],
						"2.2": [12.71, -4.24, 5.78],
						"2.2333": [12.7125, -4.2375, 5.75]
					}
				},
				"leftArm": {
					"rotation": {
						"0.0": [55, 20, 220],
						"0.0333": [69.34, 22.17, 227.81],
						"0.0667": [70.45, 23.79, 233.67],
						"0.1167": [73.04, 27.58, 247.35],
						"0.15": [74.52, 29.75, 255.16],
						"0.1833": [77.77, 31.37, 261.02],
						"0.2333": [85.37, 35.16, 274.69],
						"0.3": [92.96, 38.95, 288.37],
						"0.35": [94.05, 39.5, 290.32],
						"0.4167": [94.05, 39.5, 290.32],
						"0.4667": [94.05, 39.5, 290.32],
						"0.5333": [94.05, 39.5, 290.32],
						"0.5833": [94.05, 39.5, 290.32],
						"0.65": [94.05, 39.5, 290.32],
						"0.7": [94.05, 39.5, 290.32],
						"0.7667": [94.05, 39.5, 290.32],
						"0.8167": [94.05, 39.5, 290.32],
						"0.8833": [94.05, 39.5, 290.32],
						"0.9333": [105.63, 32.23, 311.86],
						"1.0": [119.15, 23.75, 336.99],
						"1.0167": [124.94, 20.12, 347.75],
						"1.05": [124.95, 15.49, 353.77],
						"1.1167": [124.98, 7.4, 364.31],
						"1.1667": [125, -0.69, 374.84],
						"1.1833": [125.01, -3, 377.85],
						"1.2333": [117.27, 7.62, 355.97],
						"1.2833": [106.43, 22.5, 325.33],
						"1.35": [95.6, 37.37, 294.7],
						"1.4": [104.72, 35.53, 308.23],
						"1.45": [115.38, 31.57, 326.15],
						"1.4667": [115.38, 31.57, 326.15],
						"1.5167": [115.38, 31.57, 326.15],
						"1.5833": [115.38, 31.57, 326.15],
						"1.6167": [115.38, 31.57, 326.15],
						"1.6333": [115.38, 31.57, 326.15],
						"1.6667": [115.38, 31.57, 326.15],
						"1.7": [115.38, 31.57, 326.15],
						"1.75": [115.38, 31.57, 326.15],
						"1.8": [115.78, 22.45, 321.53],
						"1.8167": [115.78, 22.45, 321.53],
						"1.8333": [115.78, 22.45, 321.53],
						"1.8667": [105.65, 22.04, 304.61],
						"1.9333": [87.92, 21.33, 275],
						"1.9833": [70.19, 20.61, 245.38],
						"2.0333": [55, 20, 220],
						"2.05": [54.78, 20.19, 220.27],
						"2.1": [53.26, 21.51, 222.13],
						"2.1667": [54.78, 20.19, 220.27],
						"2.2167": [55, 20, 220],
						"2.2333": [55, 20, 220]
					},
					"position": {
						"0.0": [-5.91, -8.12, 19.59],
						"0.0667": [-8.48, -9.05, 12.55],
						"0.1167": [-11.06, -9.97, 5.5],
						"0.15": [-12.53, -10.49, 1.47],
						"0.1833": [-13.63, -8.19, -1.55],
						"0.2333": [-16.21, -2.82, -8.6],
						"0.3": [-18.79, 2.55, -15.65],
						"0.35": [-19.16, 3.32, -16.66],
						"0.4167": [-19.16, 3.32, -16.66],
						"0.4667": [-19.16, 3.32, -16.66],
						"0.5333": [-19.16, 3.32, -16.66],
						"0.5833": [-19.16, 3.32, -16.66],
						"0.65": [-19.16, 3.32, -16.66],
						"0.7": [-19.16, 3.32, -16.66],
						"0.7667": [-19.16, 3.32, -16.66],
						"0.8167": [-19.16, 3.32, -16.66],
						"0.8833": [-19.16, 3.32, -16.66],
						"0.9333": [-19.16, -12.98, -16.66],
						"1.0": [-19.16, -32, -16.66],
						"1.0167": [-19.16, -40.15, -16.66],
						"1.05": [-18.23, -36.92, -13.31],
						"1.1167": [-16.6, -31.26, -7.45],
						"1.1667": [-14.97, -25.61, -1.58],
						"1.2333": [-13.34, -19.95, 4.28],
						"1.2833": [-11.71, -14.3, 10.14],
						"1.35": [-10.08, -8.64, 16],
						"1.3667": [-9.98, -7.23, 16.36],
						"1.3833": [-10.31, -6.78, 15.87],
						"1.4": [-10.62, -6.75, 15.55],
						"1.4333": [-11.26, -6.71, 14.92],
						"1.45": [-10.66, -6.68, 13.93],
						"1.4667": [-10.71, -6.75, 13.98],
						"1.4833": [-10.85, -6.93, 14.12],
						"1.5167": [-10.85, -6.93, 14.38],
						"1.55": [-10.85, -6.93, 14.65],
						"1.5833": [-10.85, -6.93, 14.91],
						"1.6167": [-10.85, -6.93, 14.99],
						"1.6333": [-10.85, -6.93, 14.99],
						"1.6667": [-10.85, -6.93, 14.99],
						"1.7": [-10.85, -7, 14.99],
						"1.7333": [-10.85, -7.12, 14.99],
						"1.75": [-10.85, -6.93, 14.99],
						"1.8": [-10.85, -6.93, 13.46],
						"1.8167": [-10.85, -6.93, 13.57],
						"1.8333": [-10.85, -6.93, 13.68],
						"1.8667": [-10.03, -7.13, 14.67],
						"1.9333": [-8.58, -7.48, 16.39],
						"1.9833": [-7.14, -7.83, 18.12],
						"2.0333": [-5.91, -8.12, 19.59],
						"2.05": [-5.88, -8.15, 19.47],
						"2.1": [-5.69, -8.34, 18.59],
						"2.1167": [-5.69, -8.53, 18.59],
						"2.1667": [-5.69, -8.53, 18.67],
						"2.1833": [-5.69, -8.53, 18.72],
						"2.2167": [-5.83, -8.26, 19.3],
						"2.2333": [-5.91, -8.12, 19.59]
					}
				},
				"root": {
					"position": [-2, 1, -2]
				},
				"waist": {
					"rotation": [0, 2.5, 0],
					"position": [-2.34375, -4.84625, -3.25],
					"scale": 1.5
				},
				"M4a1": {
					"position": [2, 0, 0]
				},
				"body": {
					"rotation": [0, 12.49463, 0],
					"position": [-0.28125, -1.25, -1.25]
				},
				"A": {
					"position": [0, 0, 0]
				},
				"Gun": {
					"rotation": [0, 180, -2.5],
					"position": [10.78, 10.91, 11.78],
					"scale": 0.6
				},
				"mk4smr2": {
					"rotation": [0, 0, 0],
					"position": [0, 0, 0]
				},
				"mp5": {
					"rotation": {
						"0.0": [180.83, 10.76, 179.14],
						"0.05": [182.4, 10.62, 182.19],
						"0.0667": [182.52, 10.7, 182.89],
						"0.1": [182.34, 11.49, 187.32],
						"0.1167": [181.64, 11.8, 189.12],
						"0.1667": [178.82, 13.06, 195.6],
						"0.1833": [178.6, 13.38, 196.87],
						"0.2333": [178.16, 16.06, 205.93],
						"0.2833": [178.59, 15.98, 203.85],
						"0.3": [178.69, 15.94, 203.23],
						"0.3167": [179.02, 15.92, 201.77],
						"0.35": [179.29, 16.64, 202.92],
						"0.3667": [179.59, 16.95, 203.84],
						"0.4167": [180.37, 17.04, 205.19],
						"0.4667": [181.5, 17, 206.98],
						"0.5167": [181.79, 16.99, 207.76],
						"0.5333": [181.76, 16.99, 207.69],
						"0.55": [181.5, 17, 206.98],
						"0.5833": [181.37, 17.01, 206.53],
						"0.65": [181.16, 17.02, 205.84],
						"0.7": [181.26, 17, 206.16],
						"0.7667": [181.48, 16.98, 206.89],
						"0.8167": [181.56, 16.97, 207.24],
						"0.8833": [181.63, 16.96, 207.58],
						"0.9333": [181.7, 16.96, 207.87],
						"1.0": [181.79, 16.95, 208.02],
						"1.05": [181.98, 16.96, 207.76],
						"1.1167": [182.18, 16.97, 207.46],
						"1.1667": [182.39, 16.98, 207.15],
						"1.2333": [176.74, 13.37, 181.72],
						"1.2833": [168.93, 8.5, 147.5],
						"1.3333": [163.74, 5.55, 126.81],
						"1.35": [162.42, 5.01, 122.97],
						"1.4": [158.74, 5.55, 126.81],
						"1.4667": [159.11, 5.11, 125.31],
						"1.4833": [159.56, 4.99, 124.88],
						"1.5167": [159.89, 5.04, 125],
						"1.5833": [160.49, 5.28, 125.7],
						"1.6": [160.65, 5.32, 125.83],
						"1.6333": [160.67, 5.3, 125.79],
						"1.7": [160.54, 5.22, 125.54],
						"1.75": [160.5, 5.05, 125.06],
						"1.7667": [160.56, 4.99, 124.88],
						"1.7833": [162.34, 4.03, 122.03],
						"1.8": [163.41, 4.38, 122.97],
						"1.8167": [163.64, 4.9, 123.81],
						"1.8333": [164.85, 6.8, 127.47],
						"1.8667": [168.52, 6.66, 130.02],
						"1.8833": [170.58, 6.72, 133.36],
						"1.9333": [175.44, 8.71, 153.43],
						"1.9833": [178.98, 10.37, 169.84],
						"2.0": [179.88, 10.79, 174.05],
						"2.0167": [181.18, 11.1, 180.4],
						"2.05": [180.92, 11.07, 183.24],
						"2.0833": [179.83, 10.76, 179.14],
						"2.1": [179.73, 10.81, 176.33],
						"2.1167": [179.92, 10.88, 174.33],
						"2.15": [181.4, 10.83, 176.5],
						"2.1667": [181.61, 10.81, 177.19],
						"2.1833": [181.83, 10.76, 179.14],
						"2.2167": [181.36, 10.76, 179.31],
						"2.25": [180.83, 10.76, 179.14]
					},
					"position": {
						"0.0": [3.19, 21.41, 38.72],
						"0.05": [3.39, 20.91, 38.72],
						"0.0667": [3.44, 20.89, 38.66],
						"0.1": [3.69, 21.11, 38.12],
						"0.1167": [3.73, 21.33, 37.86],
						"0.1667": [3.79, 22.11, 36.92],
						"0.1833": [3.81, 22.16, 36.77],
						"0.2333": [3.99, 22.11, 35.82],
						"0.2833": [4.09, 21.91, 35.52],
						"0.3": [4.08, 21.9, 35.61],
						"0.3167": [3.99, 21.91, 36.12],
						"0.35": [3.9, 21.85, 36.43],
						"0.3667": [3.89, 21.81, 36.52],
						"0.4167": [3.96, 21.72, 36.52],
						"0.4667": [4.09, 21.61, 36.42],
						"0.5167": [4.2, 21.64, 36.16],
						"0.5333": [4.21, 21.66, 36.13],
						"0.55": [4.19, 21.71, 36.12],
						"0.5833": [4.18, 21.73, 36.18],
						"0.65": [4.15, 21.76, 36.31],
						"0.7": [4.13, 21.78, 36.23],
						"0.7667": [4.1, 21.81, 36.12],
						"0.8167": [4.07, 21.81, 36.14],
						"0.8833": [4.04, 21.81, 36.2],
						"0.9333": [4.01, 21.81, 36.27],
						"1.0": [3.99, 21.81, 36.32],
						"1.05": [3.99, 21.81, 36.3],
						"1.1167": [3.99, 21.81, 36.27],
						"1.1667": [3.99, 21.81, 36.24],
						"1.2": [3.99, 21.81, 36.22],
						"1.2333": [3.67, 21.68, 36.21],
						"1.2833": [2.51, 21.21, 36.18],
						"1.3333": [1.69, 20.91, 36.12],
						"1.35": [1.56, 20.88, 36.08],
						"1.4": [1.39, 21.11, 35.72],
						"1.4667": [1.3, 21.12, 35.92],
						"1.4833": [1.29, 21.11, 36.02],
						"1.5167": [1.3, 21.11, 36.06],
						"1.5833": [1.36, 21.12, 36.1],
						"1.6": [1.39, 21.11, 36.12],
						"1.6333": [1.41, 21.09, 36.14],
						"1.7": [1.45, 21.05, 36.16],
						"1.75": [1.48, 21.02, 36.2],
						"1.7667": [1.49, 21.01, 36.22],
						"1.7833": [1.49, 21.01, 36.52],
						"1.8": [1.49, 21.01, 36.72],
						"1.8167": [1.52, 21.02, 36.72],
						"1.8333": [1.69, 21.01, 36.72],
						"1.8667": [2.09, 20.85, 36.86],
						"1.8833": [2.31, 20.79, 37.13],
						"1.9333": [2.87, 20.77, 38.81],
						"1.9833": [3.16, 21.28, 39.78],
						"2.0": [3.19, 21.41, 39.92],
						"2.0167": [3.15, 21.55, 40.17],
						"2.05": [3.19, 21.51, 39.69],
						"2.0833": [3.29, 21.41, 38.72],
						"2.1": [3.39, 21.36, 38.6],
						"2.1167": [3.45, 21.34, 38.68],
						"2.1667": [3.29, 21.38, 38.78],
						"2.1833": [3.19, 21.41, 38.82],
						"2.2167": [3.19, 21.41, 38.72],
						"2.2667": [3.19, 21.41, 38.72],
						"2.3": [3.19, 21.41, 38.72]
					}
				},
				"stock": {
					"position": [0, 0, -27.8]
				},
				"muzzle": {
					"position": [0, 0, -27]
				},
				"reciever": {
					"position": [0, 0, -27]
				},
				"trigger": {
					"position": [0, 0, -27]
				},
				"magazine": {
					"position": [0, 0, -27]
				},
				"magazine2": {
					"position": [0, -10, -23.6]
				},
				"bolt": {
					"position": {
						"0.0": [0, 0, -27],
						"0.0667": [0, 0, -27],
						"0.1167": [0, 0, -27],
						"0.1833": [0, 0, -27],
						"0.2333": [0, 0, -27],
						"0.3": [0, 0, -27],
						"0.35": [0, 0, -27],
						"0.4167": [0, 0, -27],
						"0.4667": [0, 0, -27],
						"0.5333": [0, 0, -27],
						"0.5833": [0, 0, -27],
						"0.65": [0, 0, -27],
						"0.7": [0, 0, -27],
						"0.7667": [0, 0, -27],
						"0.8167": [0, 0, -27],
						"0.8833": [0, 0, -27],
						"0.9333": [0, 0, -27],
						"1.0": [0, 0, -27],
						"1.05": [0, 0, -27],
						"1.1167": [0, 0, -27],
						"1.1667": [0, 0, -27],
						"1.2333": [0, 0, -27],
						"1.2833": [0, 0, -27],
						"1.35": [0, 0, -27],
						"1.3667": [0, 0, -27],
						"1.4": [0, 0, -26.57],
						"1.4667": [0, 0, -25.81],
						"1.5167": [0, 0, -25.5],
						"1.5833": [0, 0, -25.76],
						"1.6": [0, 0, -25.87],
						"1.6333": [0, 0, -25.84],
						"1.7": [0, 0, -25.78],
						"1.75": [0, 0, -25.72],
						"1.7667": [0, 0, -25.7],
						"1.7833": [0, 0, -27]
					}
				}
			},
			"sound_effects": {
				"0.0": {
					"effect": "mp5_cloth"
				},
				"1.1333": {
					"effect": "mp5_cloth2"
				},
				"1.2667": {
					"effect": "mp5_slideback"
				},
				"1.75": {
					"effect": "mp5_slidefront"
				}
			}
		},
		"animation.mp5_smoke": {
       "loop": "hold_on_last_frame",
			"animation_length": 1.70833,
			"particle_effects": {
				"0.0": {
					"effect": "smoke",
					"locator": "flash"
				}
			}
		}
	}
}
