{
	"format_version": "1.10.0",
	"particle_effect": {
		"description": {
			"identifier": "brine:herobrine_text",
			"basic_render_parameters": {
				"material": "particles_alpha",
				"texture": "herobrine_text"
			}
		},
		"components": {
			"minecraft:emitter_rate_instant": {
				"num_particles": 1
			},
			"minecraft:emitter_lifetime_expression": {
				"activation_expression": 1,
				"expiration_expression": 1
			},
			"minecraft:emitter_shape_point": {
				"offset": [1, 1, 1]
			},
			"minecraft:particle_lifetime_expression": {
				"max_lifetime": 10
			},
			"minecraft:particle_initial_speed": 0,
			"minecraft:particle_motion_dynamic": {},
			"minecraft:particle_appearance_billboard": {
				"size": [0.86, 0.45],
				"facing_camera_mode": "rotate_xyz",
				"uv": {
					"texture_width": 1085,
					"texture_height": 1085,
					"uv": [0, 0],
					"uv_size": [1080, 1080]
				}
			}
		}
	}
}