{"format_version":"1.8.0","minecraft:entity":{"description":{"identifier":"jtartz:herobrine_chicken","runtime_identifier":"minecraft:chicken","is_spawnable":false,"is_summonable":true,"is_experimental":false},"components":{"minecraft:type_family":{"family":["monster"]},"minecraft:attack":{"damage":2},"minecraft:health":{"value":8,"max":8},"minecraft:movement":{"value":0.30},"minecraft:can_climb":{},"minecraft:collision_box":{"width":0.6,"height":0.8},"minecraft:loot":{"table":"loot_tables/entities/chicken.json"},"minecraft:scale":{"value":1.0},"minecraft:breathable":{"totalSupply":15,"suffocateTime":0,"breathesAir":true,"breathesWater":true},"minecraft:jump.static":{},"minecraft:movement.basic":{},"minecraft:nameable":{},"minecraft:navigation.walk":{"avoid_damage_blocks":true,"is_amphibious":true,"can_pass_doors":true,"can_open_doors":true},"minecraft:physics":{},"minecraft:behavior.float":{"priority":0},"minecraft:behavior.break_door":{"priority":1},"minecraft:behavior.nearest_attackable_target":{"priority":2,"within_radius":25,"reselect_targets":true,"entity_types":[{"filters":{"any_of":[{"test":"is_family","subject":"other","value":"player"},{"test":"is_family","subject":"other","value":"irongolem"},{"test":"is_family","subject":"other","value":"snowgolem"},{"test":"is_family","subject":"other","value":"villager"}]},"max_dist":35},{"filters":{"all_of":[{"test":"is_family","subject":"other","value":"silverfish"},{"test":"in_water","subject":"other","operator":"!=","value":true}]},"max_dist":37}],"must_see":true,"must_see_forget_duration":18},"minecraft:behavior.melee_attack":{"priority":3,"reach_multiplier":1,"track_target":true},"minecraft:behavior.move_towards_restriction":{"priority":5,"speed_multiplier":1},"minecraft:behavior.random_stroll":{"priority":6,"speed_multiplier":1},"minecraft:behavior.look_at_player":{"priority":7,"look_distance":6,"probability":0.02},"minecraft:behavior.random_look_around":{"priority":7}}}}
