{
  "format_version":"1.16.100",
  "animation_controllers":{
    "controller.animation.malco2":{
      "states":{
        "default":{
          "transitions":[
            {"k":"query.variant == 27000"},
            {"kurouzu":"query.variant == 270"},
            {"malco2":"!query.is_in_water"}
          ]
        },
        "malco2":{
          "transitions":[
            {"default":"query.is_in_water || query.variant == 270 || query.variant == 27000"}
          ],
          "on_entry":[
            "/effect @s regeneration 10000 2 true"
          ],
          "on_exit":[
            "/effect @s regeneration 0 7 true"
          ]
        },
        "kurouzu":{
          "transitions":[
            {"default":"query.variant == 0"}
          ]
        },
        "k":{}
      }
    }
  }
}