{"format_version":"1.10.0","minecraft:client_entity":{"description":{"animations":{"attack.positions":"animation.player.attack.positions","attack.rotations":"animation.player.attack.rotations","attack1":"animation.huggy_wuggy_bd.attack1","attack2":"animation.huggy_wuggy_bd.attack2","base_controller":"controller.animation.player.base","blink":"controller.animation.persona.blink","bob":"animation.player.bob","bow_and_arrow":"animation.humanoid.bow_and_arrow","brandish_spear":"animation.humanoid.brandish_spear","cape":"animation.player.cape","charging":"animation.humanoid.charging","crossbow_controller":"controller.animation.player.crossbow","crossbow_hold":"animation.player.crossbow_hold","damage_nearby_mobs":"animation.humanoid.damage_nearby_mobs","dead_entity":"animation.huggy_wuggy_bd.dead_entity","dead_entity_leg":"animation.huggy_wuggy_bd.dead_entity_leg","dusk":"animation.huggy_wuggy_bd.dusk","dusk2":"animation.huggy_wuggy_bd.dusk2","dusk2_leg":"animation.huggy_wuggy_bd.dusk2_leg","dusk_con":"controller.animation.huggy_wuggy_bd_morph.dusk","dusk_leg":"animation.huggy_wuggy_bd.dusk_leg","falling":"animation.huggy_wuggy_bd.falling","first_person_attack_controller":"controller.animation.player.first_person_attack","first_person_attack_rotation":"animation.player.first_person.attack_rotation","first_person_base_pose":"animation.player.first_person.base_pose","first_person_crossbow_equipped":"animation.player.first_person.crossbow_equipped","first_person_empty_hand":"animation.player.first_person.empty_hand","first_person_map_controller":"controller.animation.player.first_person_map","first_person_map_hold":"animation.player.first_person.map_hold","first_person_map_hold_attack":"animation.player.first_person.map_hold_attack","first_person_map_hold_main_hand":"animation.player.first_person.map_hold_main_hand","first_person_map_hold_off_hand":"animation.player.first_person.map_hold_off_hand","first_person_shield_block":"animation.player.first_person.shield_block","first_person_swap_item":"animation.player.first_person.swap_item","first_person_vr_attack_rotation":"animation.player.first_person.vr_attack_rotation","first_person_walk":"animation.player.first_person.walk","general_huggy_player":"controller.animation.huggy_wuggy_bd_morph.general","grab":"animation.huggy_wuggy_bd.grab","grab2":"animation.huggy_wuggy_bd.grab2","holding":"animation.player.holding","holding_spyglass":"animation.humanoid.holding_spyglass","hudplayer":"controller.animation.player.hudplayer","huggy_wuggy_bd_general":"animation.huggy_wuggy_bd.general","huggy_wuggy_bd_general_leg":"animation.huggy_wuggy_bd.general_leg","humanoid_base_pose":"animation.humanoid.base_pose","hunt_mode":"animation.huggy_wuggy_bd.hunt_mode","jumpscare":"animation.huggy_wuggy_bd.jumpscare","jumpscare2":"animation.huggy_wuggy_bd.jumpscare2","jumpscare2_leg":"animation.huggy_wuggy_bd.jumpscare2_leg","look_at":"animation.huggy_wuggy_bd.look_at","look_at_con":"controller.animation.huggy_wuggy_bd_morph.look_at","look_at_off":"animation.huggy_wuggy_bd.look_at_off","look_at_target":"controller.animation.humanoid.look_at_target","look_at_target_default":"animation.humanoid.look_at_target.default","look_at_target_gliding":"animation.humanoid.look_at_target.gliding","look_at_target_inverted":"animation.player.look_at_target.inverted","look_at_target_swimming":"animation.humanoid.look_at_target.swimming","look_at_target_ui":"animation.player.look_at_target.ui","mouth":"controller.animation.huggy_wuggy_bd_morph.mouth","move":"controller.animation.huggy_wuggy_bd_morph.move","move.arms":"animation.player.move.arms","move.legs":"animation.player.move.legs","moving":"animation.huggy_wuggy_bd.moving","moving_leg":"animation.huggy_wuggy_bd.moving_leg","passive_mode":"animation.huggy_wuggy_bd.passive_mode","play_dead":"animation.huggy_wuggy_bd.play_dead","play_dead_leg":"animation.huggy_wuggy_bd.play_dead_leg","riding.arms":"animation.player.riding.arms","riding.legs":"animation.player.riding.legs","root":"controller.animation.player.root","running":"animation.huggy_wuggy_bd.running","running_leg":"animation.huggy_wuggy_bd.running_leg","shield_block_main_hand":"animation.player.shield_block_main_hand","shield_block_off_hand":"animation.player.shield_block_off_hand","skeleton_attack":"animation.skeleton.attack","sleeping":"animation.player.sleeping","sneaking":"animation.player.sneaking","statue":"animation.huggy_wuggy_bd.statue","swimming":"animation.player.swim","swimming.legs":"animation.player.swim.legs","third_person_bow_equipped":"animation.player.bow_equipped","third_person_crossbow_equipped":"animation.player.crossbow_equipped","to_revive":"animation.huggy_wuggy_bd.to_revive","to_revive_leg":"animation.huggy_wuggy_bd.to_revive_leg","use_item_progress":"animation.humanoid.use_item_progress","vent_moving":"animation.huggy_wuggy_bd.vent_moving","vent_moving_leg":"animation.huggy_wuggy_bd.vent_moving_leg","vent_moving_sound":"animation.huggy_wuggy_bd.vent_moving_sound","vent_moving_sound_fast":"animation.huggy_wuggy_bd.vent_moving_sound_fast"},"enable_attachables":true,"geometry":{"cape":"geometry.cape","default":"geometry.humanoid.custom","huggyplayer":"geometry.huggy_wuggy_bd"},"identifier":"minecraft:player","materials":{"animated":"player_animated","cape":"entity_alphatest","default":"entity_alphatest","huggyplayer":"huggy"},"render_controllers":[{"controller.render.player.first_person":"variable.is_first_person"},{"controller.render.player.third_person":"!variable.is_first_person && !variable.map_face_icon"},{"controller.render.player.map":"variable.map_face_icon"},{"controller.render.player.huggy":"variable.is_first_person && query.variant>=300"}],"scripts":{"animate":["player_huggy",{"huggy":"query.variant>=300"},{"general_huggy_player":"query.variant>=300"},{"move":"query.variant>=300"},{"mouth":"query.variant>=300"},{"root":"query.variant<=300"}],"initialize":["variable.is_holding_right = 0.0;","variable.is_blinking = 0.0;","variable.last_blink_time = 0.0;","variable.hand_bob = 0.0;"],"pre_animation":["variable.random = math.round(math.random(0,1));","variable.attack = Math.sin(variable.attack_time * 30.0);","variable.random2 = math.floor(math.random(0,1));","variable.helmet_layer_visible = 1.0;","variable.leg_layer_visible = 1.0;","variable.boot_layer_visible = 1.0;","variable.chest_layer_visible = 1.0;","variable.item_use_normalized = query.main_hand_item_use_duration / query.main_hand_item_max_duration;","variable.map_angle = math.clamp(1 - variable.player_x_rotation / 45.1, 0.0, 1.0);","variable.dusk_3_block = (q.relative_block_has_any_tag(0,3,0,'wood','metal','stone','plant','dirt', 'grass','concrete','sand','gravel', 'snow','mob_spawner','diamond_pick_diggable','gold_pick_diggable','iron_pick_diggable','stone_pick_diggable','wood_pick_diggable','can_be_broken_from_falling',' can_hurt_and_break_item','button_block', 'container_block', 'crafting_block', 'crop_block', 'door_block', 'empty','fence_block','fenceGate_block', 'flammable','heavy','hot','hurtable_block','interactive_block','motion_blocking_block','rail_block','signal_source', 'slab_block', 'solid','solid_blocking_block','stair_block', 'stem_block', 'thinFence_block','unbreakable', 'wall_block', 'water_blocking', 'can_be','acacia', 'birch', 'dark_oak', 'log', 'oak', 'spruce', 'jungle','lush_plants_replaceable','azalea_log_replaceable'  ) && !q.relative_block_has_any_tag(0,2,0,'wood','metal','stone','plant','dirt', 'grass','concrete','sand','gravel', 'snow','mob_spawner','diamond_pick_diggable','gold_pick_diggable','iron_pick_diggable','stone_pick_diggable','wood_pick_diggable','can_be_broken_from_falling' ,  ' can_hurt_and_break_item','button_block', 'container_block', 'crafting_block', 'crop_block', 'door_block', 'empty','fence_block',   'fenceGate_block', 'flammable','heavy','hot','hurtable_block','interactive_block','motion_blocking_block','rail_block','signal_source', 'slab_block', 'solid','solid_blocking_block','stair_block','stem_block','thinFence_block','unbreakable','wall_block','water_blocking','can_be','acacia', 'birch', 'dark_oak', 'log', 'oak', 'spruce', 'jungle','lush_plants_replaceable','azalea_log_replaceable'));","variable.dusk_2_block = q.relative_block_has_any_tag(0,2,0,'wood','metal','stone','plant','dirt', 'grass','concrete','sand','gravel', 'snow','mob_spawner','diamond_pick_diggable','gold_pick_diggable','iron_pick_diggable','stone_pick_diggable','wood_pick_diggable','can_be_broken_from_falling',' can_hurt_and_break_item','button_block', 'container_block', 'crafting_block', 'crop_block', 'door_block', 'empty','fence_block','fenceGate_block', 'flammable','heavy','hot','hurtable_block','interactive_block','motion_blocking_block','rail_block','signal_source', 'slab_block', 'solid','solid_blocking_block','stair_block', 'stem_block', 'thinFence_block','unbreakable', 'wall_block', 'water_blocking', 'can_be','acacia', 'birch', 'dark_oak', 'log', 'oak', 'spruce', 'jungle','lush_plants_replaceable','azalea_log_replaceable');","variable.nodusk_3_block = (!q.relative_block_has_any_tag(0,3,0,'wood','metal','stone','plant','dirt', 'grass','concrete','sand','gravel', 'snow','mob_spawner','diamond_pick_diggable','gold_pick_diggable','iron_pick_diggable','stone_pick_diggable','wood_pick_diggable','can_be_broken_from_falling',' can_hurt_and_break_item','button_block', 'container_block', 'crafting_block', 'crop_block', 'door_block', 'empty','fence_block','fenceGate_block', 'flammable','heavy','hot','hurtable_block','interactive_block','motion_blocking_block','rail_block','signal_source', 'slab_block', 'solid','solid_blocking_block','stair_block', 'stem_block', 'thinFence_block','unbreakable','wall_block','water_blocking', 'can_be','acacia', 'birch', 'dark_oak', 'log', 'oak', 'spruce', 'jungle','lush_plants_replaceable','azalea_log_replaceable'  ) && !q.relative_block_has_any_tag(0,2,0,'wood','metal','stone','plant','dirt', 'grass','concrete','sand','gravel', 'snow','mob_spawner','diamond_pick_diggable','gold_pick_diggable','iron_pick_diggable','stone_pick_diggable','wood_pick_diggable','can_be_broken_from_falling' ,  ' can_hurt_and_break_item','button_block', 'container_block', 'crafting_block', 'crop_block', 'door_block', 'empty','fence_block',   'fenceGate_block', 'flammable','heavy','hot','hurtable_block','interactive_block','motion_blocking_block','rail_block','signal_source', 'slab_block', 'solid','solid_blocking_block','stair_block','stem_block','thinFence_block','unbreakable','wall_block','water_blocking','can_be','acacia', 'birch', 'dark_oak', 'log', 'oak', 'spruce', 'jungle','lush_plants_replaceable','azalea_log_replaceable'));","variable.nodusk_2_block = !q.relative_block_has_any_tag(0,2,0,'wood','metal','stone','plant','dirt', 'grass','concrete','sand','gravel', 'snow','mob_spawner','diamond_pick_diggable','gold_pick_diggable','iron_pick_diggable','stone_pick_diggable','wood_pick_diggable','can_be_broken_from_falling',' can_hurt_and_break_item','button_block', 'container_block', 'crafting_block', 'crop_block', 'door_block', 'empty','fence_block','fenceGate_block', 'flammable','heavy','hot','hurtable_block','interactive_block','motion_blocking_block','rail_block','signal_source', 'slab_block', 'solid','solid_blocking_block','stair_block', 'stem_block', 'thinFence_block','unbreakable','wall_block','water_blocking', 'can_be','acacia', 'birch', 'dark_oak', 'log', 'oak', 'spruce', 'jungle','lush_plants_replaceable','azalea_log_replaceable');","variable.nodusk_all_block = (!q.relative_block_has_any_tag(0,3,0,'wood','metal','stone','plant','dirt', 'grass','concrete','sand','gravel', 'snow','mob_spawner','diamond_pick_diggable','gold_pick_diggable','iron_pick_diggable','stone_pick_diggable','wood_pick_diggable','can_be_broken_from_falling',' can_hurt_and_break_item','button_block', 'container_block', 'crafting_block', 'crop_block', 'door_block', 'empty','fence_block','fenceGate_block', 'flammable','heavy','hot','hurtable_block','interactive_block','motion_blocking_block','rail_block','signal_source', 'slab_block', 'solid','solid_blocking_block','stair_block', 'stem_block', 'thinFence_block','unbreakable', 'wall_block', 'water_blocking', 'can_be','acacia', 'birch', 'dark_oak', 'log', 'oak', 'spruce', 'jungle','lush_plants_replaceable','azalea_log_replaceable')) || (!q.relative_block_has_any_tag(0,2,0,'wood','metal','stone','plant','dirt', 'grass','concrete','sand','gravel', 'snow','mob_spawner','diamond_pick_diggable','gold_pick_diggable','iron_pick_diggable','stone_pick_diggable','wood_pick_diggable','can_be_broken_from_falling' ,  ' can_hurt_and_break_item','button_block', 'container_block', 'crafting_block', 'crop_block', 'door_block', 'empty','fence_block',   'fenceGate_block', 'flammable','heavy','hot','hurtable_block','interactive_block','motion_blocking_block','rail_block','signal_source', 'slab_block', 'solid','solid_blocking_block','stair_block','stem_block','thinFence_block','unbreakable','wall_block','water_blocking','can_be','acacia', 'birch', 'dark_oak', 'log', 'oak', 'spruce', 'jungle','lush_plants_replaceable','azalea_log_replaceable'));"],"scale":0.9375},"sound_effects":{"attack":"mob.huggy_wuggy.attack","eat":"mob.huggy_wuggy.jumpscare","vent_stepping":"mob.huggy_wuggy.vent_step"},"spawn_egg":{"base_color":"#0955a8","overlay_color":"#1782db"},"textures":{"cape":"textures/entity/cape_invisible","default":"textures/entity/steve","huggyplayer":"textures/entity/huggy_wuggy_bd_morph","null":".null"}}}}