{
   "animation_controllers": {
      "controller.animation.huggy_wuggy_bd.mouth": {
         "states": {
            "hunt_mod": {
               "animations": [
                  "hunt_mode"
               ],
               "transitions": [
                  {
                     "moving": "query.mark_variant != 1"
                  }
               ]
            },
            "moving": {
               "animations": [
                  "passive_mode"
               ],
               "transitions": [
                  {
                     "hunt_mode": "query.has_target "
                        }
                    ],
                    "blend_transition": 0.2
                },
                "hunt_mode": {
                    "animations": ["hunt_mode"],
                    "transitions": [{
                            "default": "!query.has_target"
                 }
               ]
            }
         }
      }
   },
   "format_version": "1.10.0"
}