{
	"format_version": "1.16.0",
	"minecraft:block": {
		"description": {
			"identifier": "kuraputi:magical_pedestal",
			"properties": {
				"kuraputi:face": [ 1, 2, 3, 4, 5, 6 ]
			}
		},
		"components": {
			"minecraft:material_instances": {
				"*": {
					"texture": "magical_pedestal",
					"render_method": "blend"
				}
			},
			"minecraft:entity_collision": {
				"origin": [ -8, 0, -8 ],
				"size": [ 16, 20, 16 ]
			},
			"minecraft:pick_collision": {
				"origin": [ -8, 0, -8 ],
				"size": [ 16, 20, 16 ]
			},
			"minecraft:loot": "loot_tables/blocks/magical_pedestal.json",
			"minecraft:geometry": "geometry.magical_pedestal",
			"minecraft:crafting_table": {
				"grid_size": 3,
				"custom_description": "§l§5MagicalPedestal§r",
				"crafting_tags": [
					"magical_pedestal"
				]
			},
			"minecraft:destroy_time": 5,
			"minecraft:on_player_placing": {
				"event": "kuraputi:placed_block"
			},
			"minecraft:friction": 0.6,
			"minecraft:flammable": {
				"flame_odds": 0,
				"burn_odds": 0
			},
			"minecraft:block_light_emission": 0
		},
		"events": {
			"kuraputi:placed_block": {
				"set_block_property": {
					"kuraputi:face": "(query.cardinal_player_facing)"
				}
			}
		},
		"permutations": [
			{
				"condition":
"query.block_property('kuraputi:face') == 3",
				"components": {
					"minecraft:rotation": [ 0, 180, 0 ]
				}
			},
			{
				"condition": "query.block_property('kuraputi:face') == 4",
				"components": {
					"minecraft:rotation": [ 0, 90, 0 ]
				}
			},
			{
				"condition": "query.block_property('kuraputi:face') == 5",
				"components": {
					"minecraft:rotation": [ 0, 270, 0 ]
				}
			}
		]
	}
}
