{
  "format_version": "1.16.100",
  "minecraft:item": {
    "description": {
      "identifier": "ta:xm8",
      "category": "Equipment"
    },
    "components": {
      "minecraft:creative_category": {
        "parent": "itemGroup.name.tools"
      },
      "minecraft:display_name": {
        "value": "XM8 - §bDestiny Guardian"
      },
      "minecraft:allow_off_hand": false,
      "minecraft:hand_equipped": true,
      "minecraft:use_duration": 9999,
      "minecraft:max_stack_size": 1,
      "minecraft:food": {
        "nutrition": 0,
        "saturation_modifier": "low",
        "cooldown_type": "chorusfruit",
        "cooldown_time": 1,
        "can_always_eat": true
      },
      "minecraft:render_offsets": {
        "main_hand": {
          "first_person": {
            "scale": [
              0.0,
              0.0,
              0.0
            ]
          },
          "third_person": {
            "scale": [
              0.0,
              0.0,
              0.0
            ]
          }
        }
      },
      "minecraft:icon": {
        "texture": "xm8"
      }
    }
  }
}