{
    "format_version": "1.10.0",
    "animation_controllers": {
		"controller.animation.huggy_wuggy_bd.general": {
            "initial_state": "moving",
            "states": {
                "moving": {
                    "variables": {
                        "move_speed": {
                            "input": "query.modified_move_speed",
                            "remap_curve": {
                                "0.0": 0.0,
                                "0.1": 1.0
                            }
                        },
                        "is_idling": {
                            "input": "query.modified_move_speed",
                            "remap_curve": {
                                "0.0": 1.0,
                                "0.1": 0.0
                            }
                        }
                    },
                    "animations": [{
                            "moving": "variable.move_speed"
                        }, {
                            "huggy_wuggy_bd_general": "variable.is_idling"
                        }
                    ],
                    "transitions": [{
                            "attack1": "query.is_delayed_attacking && variable.random == 0"
                        }, {
                            "attack2": "query.is_delayed_attacking && variable.random == 1"
                        }, {
                            "dusk": "query.is_stunned"
                        }, {
                            "dusk2": "query.is_sheared && query.ground_speed <= 2.5"
                        }, {
                            "grab": "query.is_casting && !query.is_sheared"
                        }, {
                            "grab2": "query.is_casting && query.is_sheared"
                        }, {
                            "grab_success": "query.has_rider && !query.is_sheared"
                        }, {
                            "vent_move": "query.is_sheared && query.ground_speed >= 2.5"
                        }, {
                            "falling": "(!query.is_delayed_attacking && !query.is_on_ground && query.ground_speed > 11)"
                        }, {
                            "play_dead": "query.is_playing_dead"
                        }, {
                            "dead": "query.is_transforming"
                        }, {
                            "running": "(query.is_on_ground && query.ground_speed >= 6.7 && !query.is_sheared && variable.nodusk_all_block)"
                        }, {
                            "ready_leap": "query.is_interested"
                        }
                    ],
					"blend_transition": 0.1
                },
                "attack1": {
                    "animations": [
                        "attack1"
                    ],
                    "transitions": [{
                            "moving": "query.all_animations_finished"
                        }, {
                            "grab": "query.is_casting && !query.is_sheared"
                        }, {
                            "grab2": "query.is_casting && query.is_sheared"
                        }, {
                            "ready_leap": "query.is_interested"
                        }
                    ],
					"blend_transition": 0.3
                },
				"attack2": {
                    "animations": [
                        "attack2"
                    ],
                    "transitions": [{
                            "moving": "query.all_animations_finished"
                        }, {
                            "grab": "query.is_casting && !query.is_sheared"
                        }, {
                            "grab2": "query.is_casting && query.is_sheared"
                        }, {
                            "ready_leap": "query.is_interested"
                        }
                    ],
					"blend_transition": 0.3
                }, 
				"dusk": {
                    "animations": [
                        "dusk"
                    ],
                    "transitions": [{
                            "moving": "!query.is_stunned"
                        }, {
                            "attack1": "query.is_delayed_attacking && variable.random == 0"
                        }, {
                            "attack2": "query.is_delayed_attacking && variable.random == 1"
                        }, {
                            "grab_success": "query.has_rider && !query.is_sheared"
                        }, {
                            "vent_move": "query.is_sheared && query.ground_speed >= 2.5"
                        }, {
                            "dusk2": "query.is_sheared && query.ground_speed <= 2.5"
                        }, {
                            "play_dead": "query.is_playing_dead"
                        }, {
                            "ready_leap": "query.is_interested"
                        }
                    ],
					"blend_transition": 0.5
                },
				"dusk2": {
                    "animations": [
                        "dusk2"
                    ],
                    "transitions": [{
                            "moving": "!query.is_sheared"
                        }, {
                            "attack1": "query.is_delayed_attacking && variable.random == 0"
                        }, {
                            "attack2": "query.is_delayed_attacking && variable.random == 1"
                        }, {
                            "grab": "query.is_casting"
                        }, {
                            "grab2": "query.is_casting && query.is_sheared"
                        }, {
                            "vent_move": "query.is_sheared && query.ground_speed >= 2.5"
                        }, {
                            "dusk": "query.is_stunned && !query.is_sheared"
                        }, {
                            "play_dead": "query.is_playing_dead"
                        }, {
                            "ready_leap": "query.is_interested"
                        }
                    ],
					"blend_transition": 0.5
                },
				"vent_move": {
                    "animations": [
                        "vent_move"
                    ],
                    "transitions": [{
                            "dusk2": "!query.is_sheared"
                        }, {
                            "attack1": "query.is_delayed_attacking && variable.random == 0"
                        }, {
                            "attack2": "query.is_delayed_attacking && variable.random == 1"
                        }, {
                            "grab": "query.is_casting"
                        }, {
                            "grab2": "query.is_casting && query.is_sheared"
                        }, {
                            "dusk": "query.is_stunned"
                        }, {
                            "falling": "(!query.is_delayed_attacking && !query.is_on_ground && query.ground_speed > 11)"
                        }, {
                            "play_dead": "query.is_playing_dead"
                        }
                    ],
					"blend_transition": 0.5
                },
				"running": {
                    "animations": [
                        "running"
                    ],
                    "transitions": [{
                            "moving": "query.ground_speed <= 4.7|| !query.is_on_ground"
                        }, {
                            "attack1": "query.is_delayed_attacking && variable.random == 0"
                        }, {
                            "attack2": "query.is_delayed_attacking && variable.random == 1"
                        }, {
                            "grab": "query.is_casting"
                        }, {
                            "grab2": "query.is_casting && query.is_sheared"
                        }, {
                            "dusk": "query.is_stunned"
                        }, {
                            "falling": "(!query.is_delayed_attacking && !query.is_on_ground && query.ground_speed > 11)"
                        }, {
                            "play_dead": "query.is_playing_dead"
                        }, {
                            "ready_leap": "query.is_interested"
                        }
                    ],
					"blend_transition": 0.5
                },
				"grab": {
                    "animations": [
                        "grab"
                    ],
                    "transitions": [{
                            "moving": "query.all_animations_finished"
                        }, {
                            "grab_success": "query.has_rider && !query.is_sheared"
                        }, {
                            "grab_success_down": "(query.has_rider && query.is_sheared)"
                        }, {
                            "falling": "(!query.is_delayed_attacking && !query.is_on_ground && query.ground_speed > 11)"
                        }, {
                            "play_dead": "query.is_playing_dead"
                        }
                    ],
					"blend_transition": 0.3
                },
				"grab2": {
                    "animations": [
                        "grab2"
                    ],
                    "transitions": [{
                            "moving": "query.all_animations_finished"
                        }, {
                            "grab_success": "query.has_rider && !query.is_sheared"
                        }, {
                            "grab_success_down": "(query.has_rider && query.is_sheared)"
                        }, {
                            "falling": "(!query.is_delayed_attacking && !query.is_on_ground && query.ground_speed > 11)"
                        }, {
                            "play_dead": "query.is_playing_dead"
                        }
                    ],
					"blend_transition": 0.3
                },
				"grab_success": {
                    "animations": [
                        "grab_success"
                    ],
                    "transitions": [{
                            "moving": "!query.has_rider"
                        }, {
                            "play_dead": "query.is_playing_dead"
                        }
                    ],
					"blend_transition": 0.2
                },
				"grab_success_down": {
                    "animations": [
                        "grab_success_down"
                    ],
                    "transitions": [{
                            "dusk2": "!query.has_rider"
                        }, {
                            "play_dead": "query.is_playing_dead"
                        }
                    ],
					"blend_transition": 0.2
                },
				"falling": {
					"animations": [
                        "falling"
                    ],
                    "transitions": [{
                            "landing": "query.is_on_ground && (!query.is_in_water && query.ground_speed < 11 && !query.is_playing_dead || !query.is_transforming)"
                        }, {
                            "lying": "query.is_on_ground && query.ground_speed < 11 && (query.is_playing_dead || query.is_transforming)"
                        }, {
                            "grab": "query.is_casting && !query.is_sheared"
                        }, {
                            "grab2": "query.is_casting && query.is_sheared"
                        }
                    ],
					"blend_transition": 0.5,
					"blend_via_shortest_path" : true
                },
				"landing": {
					"animations": [
                        "landing"
                    ],
                    "transitions": [{
                            "moving": "query.all_animations_finished"
                        }, {
                            "play_dead": "query.is_playing_dead"
                        }, {
                            "grab": "query.is_casting && !query.is_sheared"
                        }, {
                            "grab2": "query.is_casting && query.is_sheared"
                        }, {
                            "grab_success": "query.has_rider && !query.is_sheared"
                        }, {
                            "falling": "(!query.is_delayed_attacking && !query.is_on_ground && query.ground_speed > 21)"
                        }, {
                            "lying": "query.is_on_ground && (query.is_playing_dead || query.is_transforming)"
                        }, {
                            "ready_leap": "query.is_interested"
                        }
                    ],
                    "blend_transition": 1.0
                },
				"play_dead": {
                    "animations": [
                        "play_dead"
                    ],
                    "transitions": [{
                            "landing": "!query.is_playing_dead"
                        }, {
                            "falling": "(!query.is_delayed_attacking && !query.is_on_ground && query.ground_speed > 11)"
                        }
                    ],
					"blend_transition": 0.3
                },
				"dead": {
                    "animations": [
                        "dead"
                    ],
                    "transitions": [{
                            "lying": "query.all_animations_finished"
                        }, {
                            "falling": "(!query.is_delayed_attacking && !query.is_on_ground && query.ground_speed > 21)"
                        }
                    ],
					"blend_transition": 0.3
                },
				"lying": {
                    "animations": [
                        "lying"
                    ],
                    "transitions": [{
                            "falling": "(!query.is_delayed_attacking && !query.is_on_ground && query.ground_speed > 21)"
                        }, {
                            "grab": "query.is_casting && !query.is_sheared"
                        }, {
                            "grab2": "query.is_casting && query.is_sheared"
                        }, {
                            "grab_success": "query.has_rider && !query.is_sheared"
                        }
                    ],
					"blend_transition": 0.3
                },
				"ready_leap": {
                    "animations": [
                        "ready_leap"
                    ],
                    "transitions": [{
                            "moving": "!query.is_interested"
                        }, {
                            "leap2": "query.all_animations_finished"
                        }
                    ],
					"blend_transition": 0.2
                },
				"leap2": {
                    "animations": [
                        "ready_leap"
                    ],
                    "transitions": [{
							"leap": "!query.is_on_ground"
                        }, {
							"moving": "query.all_animations_finished"
                        }
                    ],
					"blend_transition": 0.2
                },
				"leap": {
                    "animations": [
                        "leap"
                    ],
                    "transitions": [{
                            "moving": "query.is_on_ground"
                        }, {
                            "grab": "query.is_casting"
                        }, {
                            "grab2": "query.is_casting && query.is_sheared"
                        }, {
                            "grab_success": "query.has_rider && !query.is_sheared"
                        } 
                    ],
					"blend_transition": 0.2
                }
            }
		},
		"controller.animation.huggy_wuggy_bd.general_leg": {
            "initial_state": "moving_leg",
            "states": {
                "moving_leg": {
                    "variables": {
                        "move_speed": {
                            "input": "query.modified_move_speed",
                            "remap_curve": {
                                "0.0": 0.0,
                                "0.1": 1.0
                            }
                        },
                        "is_idling": {
                            "input": "query.modified_move_speed",
                            "remap_curve": {
                                "0.0": 1.0,
                                "0.1": 0.0
                            }
                        }
                    },
                    "animations": [{
                            "moving_leg": "variable.move_speed"
                        }, {
                            "huggy_wuggy_bd_general_leg": "variable.is_idling"
                        }
                    ],
					"transitions": [{
                            "vent_move_leg": "query.is_sheared && query.ground_speed >= 2.5"
                        }, {
                            "falling_leg": "(!query.is_delayed_attacking && !query.is_on_ground && query.ground_speed > 11)"
                        }, {
                            "play_dead_leg": "query.is_playing_dead"
                        }, {
                            "dead_leg": "query.is_transforming"
                        }, {
                            "running_leg": "(query.is_on_ground && query.ground_speed >= 6.7 && !query.is_sheared && variable.nodusk_all_block)"
                        }
                    ]
				},
				"vent_move_leg": {
                    "animations": [
                        "other_leg"
                    ],
                    "transitions": [{
                            "moving_leg": "!query.is_sheared"
                        }, {
                            "play_dead_leg": "query.is_playing_dead"
                        }
                    ],
					"blend_transition": 0.5
                },
				"falling_leg": {
					"animations": [
                        "other_leg"
                    ],
                    "transitions": [{
                            "landing_leg": "query.is_on_ground && (!query.is_in_water && query.ground_speed < 11 && !query.is_playing_dead || !query.is_transforming)"
                        }, {
                            "lying_leg": "query.is_on_ground && query.ground_speed < 11 && (query.is_playing_dead || query.is_transforming)"
                        }, {
                            "grab_leg": "query.is_casting && !query.is_sheared"
                        }, {
                            "grab2_leg": "query.is_casting && query.is_sheared"
                        }
                    ],
					"blend_transition": 0.5,
					"blend_via_shortest_path" : true
                },
				"landing_leg": {
					"animations": [
                        "landing_leg"
                    ],
                    "transitions": [{
                            "moving_leg": "query.all_animations_finished"
                        }, {
                            "grab_leg": "query.is_casting && !query.is_sheared"
                        }, {
                            "grab2_leg": "query.is_casting && query.is_sheared"
                        }, {
                            "falling_leg": "(!query.is_delayed_attacking && !query.is_on_ground && query.ground_speed > 21)"
                        }, {
                            "lying_leg": "query.is_on_ground && (query.is_playing_dead || query.is_transforming)"
                        }, {
                            "ready_leap_leg": "query.has_rider"
                        }
                    ],
                    "blend_transition": 1.0
                },
				"play_dead_leg": {
                    "animations": [
                        "play_dead_leg"
                    ],
                    "transitions": [{
                            "landing_leg": "!query.is_playing_dead"
                        }, {
                            "falling_leg": "(!query.is_delayed_attacking && !query.is_on_ground && query.ground_speed > 11)"
                        }
                    ],
					"blend_transition": 0.3
                },
				"dead_leg": {
                    "animations": [
                        "dead_leg"
                    ],
                    "transitions": [{
                            "lying_leg": "query.all_animations_finished"
                        }, {
                            "falling_leg": "(!query.is_delayed_attacking && !query.is_on_ground && query.ground_speed > 11)"
                        }
                    ],
					"blend_transition": 0.3
                },
				"lying_leg": {
                    "animations": [
                        "lying_leg"
                    ],
                    "transitions": [{
                            "falling_leg": "(!query.is_delayed_attacking && !query.is_on_ground && query.ground_speed > 21)"
                        }, {
                            "grab_leg": "query.is_casting && !query.is_sheared"
                        }, {
                            "grab2_leg": "query.is_casting && query.is_sheared"
						}, {
                            "ready_leap_leg": "query.has_rider"
                        }
                    ],
					"blend_transition": 0.3
                },
				"running_leg": {
                    "animations": [
                        "running_leg"
                    ],
                    "transitions": [{
                            "vent_move_leg": "query.is_sheared && query.ground_speed >= 2.5"
                        }, {
                            "moving_leg": "query.ground_speed <= 4.7|| !query.is_on_ground"
                        }
                    ],
					"blend_transition": 0.3
                },
				"grab_leg": {
                    "animations": [
                        "other_leg2"
                    ],
                    "transitions": [{
                            "moving_leg": "query.all_animations_finished"
                        }, {
                            "ready_leap_leg": "query.has_rider"
                        }
                    ],
					"blend_transition": 0.3
                },
				"grab2_leg": {
                    "animations": [
                        "other_leg2"
                    ],
                    "transitions": [{
                            "moving_leg": "query.all_animations_finished"
                        }, {
                            "ready_leap_leg": "query.has_rider"
                        }
                    ],
					"blend_transition": 0.3
                },
				"ready_leap_leg": {
                    "animations": [
                        "ready_leap_leg"
                    ],
                    "transitions": [{
                            "moving_leg": "!query.has_rider"
                        }
                    ],
					"blend_transition": 0.3
                }
            }
		},
		"controller.animation.huggy_wuggy_bd.look_out": {
            "states": {
                "moving": {
                    "animations": ["look_at"
					],
					"transitions": [{
                            "look_at_off": "query.has_rider || (query.is_on_ground && query.ground_speed >= 6.7)"
						}, {
                            "look_at_off2": "query.is_interested"
						}
                    ]
                },
                "look_at_off": {
                    "animations": [
                        "look_at_off"
                    ],
                    "transitions": [{
                            "moving": "!query.has_rider && query.ground_speed < 4.7"
                        }
                    ]
                },
				"look_at_off2": {
                    "animations": [
                        "look_at_off"
                    ],
                    "transitions": [{
                            "moving": "!query.is_interested"
                        }
                    ]
                }
			}
		},
		"controller.animation.huggy_wuggy_bd.mouth": {
            "states": {
                "moving": {
                    "animations": ["passive_mode"
					],
					"transitions": [{
                            "hunt_mode": "query.mark_variant == 1"
						}
                    ]
                },
                "hunt_mode": {
                    "animations": [
                        "hunt_mode"
                    ],
                    "transitions": [{
                            "moving": "query.mark_variant != 1"
                        }
                    ]
                }
			}
		},
		"controller.animation.huggy_wuggy_bd.crouch_leg": {
            "states": {
                "default": {
                    "transitions": [{
                            "dusk_leg": "query.is_stunned"
                        }, {
                            "dusk2_leg": "query.is_sheared && query.ground_speed <= 2.5"
                        }, {
                            "vent_move_leg": "query.is_sheared && query.ground_speed >= 2.5"
                        }
                    ],
					"blend_transition": 0.1
                },
				"vent_move_leg": {
                    "animations": [
                        "vent_move_leg"
                    ],
                    "transitions": [{
                            "default": "!query.is_sheared"
                        }, {
                            "dusk_leg": "query.is_stunned"
                        }, {
                            "grab_success_down_leg": "(query.has_rider && query.is_sheared)"
                        }
                    ],
					"blend_transition": 0.5
                },
				"dusk_leg": {
                    "animations": [
                        "dusk_leg"
                    ],
                    "transitions": [{
							"default": "(!query.is_stunned)"
                        }, {
                            "dusk2_leg": "query.is_sheared && query.ground_speed <= 2.5"
                        }, {
                            "vent_move_leg": "query.is_sheared && query.ground_speed >= 2.5"
                        }
                    ],
					"blend_transition": 0.5
                },
				"dusk2_leg": {
                    "animations": [
                        "dusk2_leg"
                    ],
                    "transitions": [{
                            "default": "!query.is_sheared"
                        }, {
                            "vent_move_leg": "query.is_sheared && query.ground_speed >= 2.5"
                        }, {
                            "dusk_leg": "query.is_stunned && !query.is_sheared"
                        }, {
                            "grab_success_down_leg": "(query.has_rider && query.is_sheared)"
                        }
                    ],
					"blend_transition": 0.5
                },
				"grab_success_down_leg": {
                    "animations": [
                        "grab_success_down_leg"
                    ],
                    "transitions": [{
                            "dusk2_leg": "!query.has_rider"
                        }
                    ],
					"blend_transition": 0.2
                }
			}
		},
		"controller.animation.huggy_wuggy_bd.vent_sounding": {
            "initial_state": "vent_move_sound",
            "states": {
                "vent_move_sound": {
                    "variables": {
                        "move_speed": {
                            "input": "query.modified_move_speed && query.is_sheared",
                            "remap_curve": {
                                "0.0": 0.0,
                                "0.1": 1.0
                            }
                        },
                        "is_idling": {
                            "input": "query.modified_move_speed",
                            "remap_curve": {
                                "0.0": 1.0,
                                "0.1": 0.0
                            }
                        }
                    },
                    "animations": [{
                            "vent_move_sound": "variable.move_speed"
                        }, {
                            "other_leg": "variable.is_idling"
                        }
                    ],
					"transitions": [{
                            "vent_move_sound_fast": "(query.is_sheared && query.is_on_ground && query.ground_speed >= 6.7)"
                        }
                    ]
				},
				"vent_move_sound_fast": {
                    "animations": [
                        "vent_move_sound_fast"
                    ],
                    "transitions": [{
                            "vent_move_sound": "!query.ground_speed >= 6.7 || !query.is_sheared"
                        }
                    ],
					"blend_transition": 0.5
                }
            }
		},
		"controller.animation.huggy_wuggy_bd.died": {
            "states": {
                "default": {
                    "animations": ["dead_entity"
					]
				}
			}
		}
    }
}