{
    "format_version": "1.10.0",
    "animation_controllers": {
		"controller.animation.poppy_bd.general": {               //normal
            "initial_state": "moving",
            "states": {
                "moving": {
                    "variables": {
                        "move_speed": {
                            "input": "query.modified_move_speed",
                            "remap_curve": {
                                "0.0": 0.0,
                                "0.1": 1.0
                            }
                        },
                        "is_idling": {
                            "input": "query.modified_move_speed",
                            "remap_curve": {
                                "0.0": 1.0,
                                "0.1": 0.0
                            }
                        }
                    },
                    "animations": [{
                            "moving": "variable.move_speed"
                        }, {
                            "poppy_bd_general": "variable.is_idling"
                        }
                    ]
				}
            }
		},
		"controller.animation.poppy_bd.look": {
            "states": {
                "default": {
                    "animations": [
						"look_at"
					]
                }
			}
		}
    }
}