{
   "resource_pack_name": "vanilla",
   "texture_name": "atlas.terrain",
   "padding": 8,
   "num_mip_levels": 4,
   "texture_data": {
      "r_carpet1": {
         "textures": [
            "textures/blocks/r_carpet1"
         ]
      },
      "r_carpet2": {
         "textures": [
            "textures/blocks/r_carpet2"
         ]
      },
      "r_carpet3": {
         "textures": [
            "textures/blocks/r_carpet3"
         ]
      },
      "among_wall_candle": {
         "textures": [
            "textures/blocks/among_wall_candle"
         ]
      },
      "among_drawer": {
         "textures": [
            "textures/blocks/among_drawer"
         ]
      },
      "among_chandelier": {
         "textures": [
            "textures/blocks/chandelier"
         ]
      },
      "elevator": {
         "textures": [
            "textures/blocks/elevator"
         ]
      },
      "r_clock": {
         "textures": [
            "textures/blocks/r_clock"
         ]
      },
      "r_lamp": {
         "textures": [
            "textures/blocks/r_lamp"
         ]
      },
      "r_globe": {
         "textures": [
            "textures/blocks/r_globe"
         ]
      },
      "r_hotel_plant": {
         "textures": [
            "textures/blocks/r_hotel_plant"
         ]
      },
      "r_grandfather_clock": {
         "textures": [
            "textures/blocks/r_grandfather_clock"
         ]
      },
      "r_hotel_cart": {
         "textures": [
            "textures/blocks/r_hotel_cart"
         ]
      },
      "r_suitcase": {
         "textures": [
            "textures/blocks/r_suitcase"
         ]
      },
      "r_page": {
         "textures": [
            "textures/blocks/r_page"
         ]
      },
      "r_typewriter": {
         "textures": [
            "textures/blocks/r_typewriter"
         ]
      },
      "r_mine_light": {
         "textures": [
            "textures/blocks/r_mine_light"
         ]
      },
      "r_bacon_statue": {
         "textures": [
            "textures/blocks/r_bacon_statue"
         ]
      },
      "r_hanger2": {
         "textures": [
            "textures/blocks/r_hanger2"
         ]
      },
      "r_air_vent": {
         "textures": [
            "textures/blocks/r_air_vent"
         ]
      },
      "r_wooden_wall": {
         "textures": [
            "textures/blocks/r_wooden_wall"
         ]
      },
      "r_quil": {
         "textures": [
            "textures/blocks/r_quil"
         ]
      },
      "r_hanger": {
         "textures": [
            "textures/blocks/r_hanger"
         ]
      },
      "among_drawer2": {
         "textures": [
            "textures/blocks/among_drawer2"
         ]
      },
      "r_crate": {
         "textures": [
            "textures/blocks/r_crate"
         ]
      }
   }
}