{
  "format_version": "1.8.0",
  "minecraft:entity": {
    "description": {
      "identifier": "srp:poison",
      "is_spawnable": false,
      "is_summonable": false,
      "is_experimental": false
    },
    "component_groups": {
      "minecraft:exploding": {
        "minecraft:explode": {
          "fuseLength": 0,
          "fuseLit": true,
          "power": 1,
          "causesFire": true,
          "fireAffectedByGriefing": true,
          "destroyAffectedByGriefing": true
        }
      }
    },
    "components": {
      "minecraft:collision_box": {
        "width": 0.31,
        "height": 0.31
      },
      "minecraft:projectile": {
        "onHit": {
          "impact_damage": {
            "damage": [
              1,
              4
            ],
            "knockback": true,
            "semi_random_diff_damage": false,
            "destroy_on_hit": true
          },
          "stick_in_ground": {
            "shake_time": 0.35
          },
          "arrow_effect": {},
          "spawn_chance": {
            "firstSpawnChance": 1,
            "secondSpawnChance": 1,
            "firstSpawnCount": 5,
            "secondSpawnCount": 5,
            "spawnMob": "cave_spider",
            "spawnDefinition": "minecraft:cave_spider",
            "spawnBaby": false
          }
        },
        "power": 1.3,
        "gravity": 0.0,
        "inertia": 1,
        "anchor": 2,
        "offset": [
          0,
          0.5,
          0
        ],
        "semirandomdiffdamage": true,
        "uncertaintyBase": 10.0,
        "reflectOnHurt": true
      },
      "minecraft:physics": {}
    },
    "events": {
      "minecraft:explode": {
        "add": {
          "component_groups": [
            "minecraft:exploding"
          ]
        }
      }
    }
  }
}