{
	"file_path": "C:\\Users\\enner\\AppData\\Local\\Packages\\Microsoft.MinecraftUWP_8wekyb3d8bbwe\\LocalState\\games\\com.mojang\\development_behavior_packs\\Huggy Wuggy B\\entities\\huggy_wuggy.json",
	"file_type": "entity",
	"format_version": 1,
	"file_uuid": "6205557e_cc1f_45aa_8d49_821de9963b67",
	"file_version": 4,
	"cache_content": {
		"children": [
			{
				"data": "1.16.0",
				"key": "format_version"
			},
			{
				"open": {
					"format_version": "1.16.0",
					"minecraft:entity": {
						"description": {
							"identifier": "gmc:huggy_wuggy",
							"is_spawnable": true,
							"is_summonable": true,
							"is_experimental": false
						},
						"components": {
							"minecraft:is_hidden_when_invisible": {},
							"minecraft:experience_reward": {
								"on_death": "query.last_hit_by_player ? 5 + (query.equipment_count * Math.Random(1,3)) : 0"
							},
							"minecraft:nameable": {},
							"minecraft:breathable": {
								"total_supply": 15,
								"suffocate_time": 0,
								"breathes_water": true
							},
							"minecraft:health": {
								"value": 100,
								"max": 100
							},
							"minecraft:collision_box": {
								"width": 0.8,
								"height": 2.86
							},
							"minecraft:attack": {
								"damage": 50
							},
							"minecraft:loot": {
								"table": "loot_tables/entities/wither_skeleton.json"
							},
							"minecraft:movement": {
								"value": 0.27
							},
							"minecraft:navigation.walk": {
								"is_amphibious": true,
								"avoid_water": true
							},
							"minecraft:movement.basic": {},
							"minecraft:break_blocks": {
								"breakable_blocks": [
									"minecraft:leaves",
									"minecraft:leaves2"
								]
							},
							"minecraft:jump.static": {},
							"minecraft:can_climb": {},
							"minecraft:scale": {
								"value": 1.2
							},
							"minecraft:follow_range": {
								"value": 100
							},
							"minecraft:behavior.hurt_by_target": {
								"priority": 1
							},
							"minecraft:behavior.nearest_attackable_target": {
								"priority": 2,
								"reselect_targets": true,
								"must_see": false,
								"entity_types": [
									{
										"filters": {
											"test": "is_family",
											"subject": "other",
											"value": "player"
										},
										"max_dist": 100
									},
									{
										"filters": {
											"test": "is_family",
											"subject": "other",
											"value": "irongolem"
										},
										"max_dist": 100
									},
									{
										"filters": {
											"test": "is_family",
											"subject": "other",
											"value": "villager"
										},
										"max_dist": 100
									}
								]
							},
							"minecraft:behavior.melee_attack": {
								"priority": 4,
								"track_target": true,
								"speed_multiplier": 1.25
							},
							"minecraft:behavior.random_stroll": {
								"priority": 6,
								"speed_multiplier": 1
							},
							"minecraft:behavior.look_at_player": {
								"priority": 7,
								"look_distance": 100
							},
							"minecraft:behavior.random_look_around": {
								"priority": 8
							},
							"minecraft:knockback_resistance": {
								"value": 0.9
							},
							"minecraft:type_family": {
								"family": [
									"monster",
									"undead",
									"toy"
								]
							},
							"minecraft:physics": {},
							"minecraft:pushable": {
								"is_pushable": true,
								"is_pushable_by_piston": true
							}
						},
						"component_groups": {},
						"events": {}
					}
				},
				"key": "minecraft:entity",
				"children": [
					{
						"open": {
							"description": {
								"identifier": "gmc:huggy_wuggy",
								"is_spawnable": true,
								"is_summonable": true,
								"is_experimental": false
							},
							"components": {
								"minecraft:is_hidden_when_invisible": {},
								"minecraft:experience_reward": {
									"on_death": "query.last_hit_by_player ? 5 + (query.equipment_count * Math.Random(1,3)) : 0"
								},
								"minecraft:nameable": {},
								"minecraft:breathable": {
									"total_supply": 15,
									"suffocate_time": 0,
									"breathes_water": true
								},
								"minecraft:health": {
									"value": 100,
									"max": 100
								},
								"minecraft:collision_box": {
									"width": 0.8,
									"height": 2.86
								},
								"minecraft:attack": {
									"damage": 50
								},
								"minecraft:loot": {
									"table": "loot_tables/entities/wither_skeleton.json"
								},
								"minecraft:movement": {
									"value": 0.27
								},
								"minecraft:navigation.walk": {
									"is_amphibious": true,
									"avoid_water": true
								},
								"minecraft:movement.basic": {},
								"minecraft:break_blocks": {
									"breakable_blocks": [
										"minecraft:leaves",
										"minecraft:leaves2"
									]
								},
								"minecraft:jump.static": {},
								"minecraft:can_climb": {},
								"minecraft:scale": {
									"value": 1.2
								},
								"minecraft:follow_range": {
									"value": 100
								},
								"minecraft:behavior.hurt_by_target": {
									"priority": 1
								},
								"minecraft:behavior.nearest_attackable_target": {
									"priority": 2,
									"reselect_targets": true,
									"must_see": false,
									"entity_types": [
										{
											"filters": {
												"test": "is_family",
												"subject": "other",
												"value": "player"
											},
											"max_dist": 100
										},
										{
											"filters": {
												"test": "is_family",
												"subject": "other",
												"value": "irongolem"
											},
											"max_dist": 100
										},
										{
											"filters": {
												"test": "is_family",
												"subject": "other",
												"value": "villager"
											},
											"max_dist": 100
										}
									]
								},
								"minecraft:behavior.melee_attack": {
									"priority": 4,
									"track_target": true,
									"speed_multiplier": 1.25
								},
								"minecraft:behavior.random_stroll": {
									"priority": 6,
									"speed_multiplier": 1
								},
								"minecraft:behavior.look_at_player": {
									"priority": 7,
									"look_distance": 100
								},
								"minecraft:behavior.random_look_around": {
									"priority": 8
								},
								"minecraft:knockback_resistance": {
									"value": 0.9
								},
								"minecraft:type_family": {
									"family": [
										"monster",
										"undead",
										"toy"
									]
								},
								"minecraft:physics": {},
								"minecraft:pushable": {
									"is_pushable": true,
									"is_pushable_by_piston": true
								}
							},
							"component_groups": {},
							"events": {}
						},
						"key": "description",
						"is_minified": true,
						"children": {
							"identifier": "gmc:huggy_wuggy",
							"is_spawnable": true,
							"is_summonable": true,
							"is_experimental": false
						}
					},
					{
						"open": {
							"description": {
								"identifier": "gmc:huggy_wuggy",
								"is_spawnable": true,
								"is_summonable": true,
								"is_experimental": false
							},
							"components": {
								"minecraft:is_hidden_when_invisible": {},
								"minecraft:experience_reward": {
									"on_death": "query.last_hit_by_player ? 5 + (query.equipment_count * Math.Random(1,3)) : 0"
								},
								"minecraft:nameable": {},
								"minecraft:breathable": {
									"total_supply": 15,
									"suffocate_time": 0,
									"breathes_water": true
								},
								"minecraft:health": {
									"value": 100,
									"max": 100
								},
								"minecraft:collision_box": {
									"width": 0.8,
									"height": 2.86
								},
								"minecraft:attack": {
									"damage": 50
								},
								"minecraft:loot": {
									"table": "loot_tables/entities/wither_skeleton.json"
								},
								"minecraft:movement": {
									"value": 0.27
								},
								"minecraft:navigation.walk": {
									"is_amphibious": true,
									"avoid_water": true
								},
								"minecraft:movement.basic": {},
								"minecraft:break_blocks": {
									"breakable_blocks": [
										"minecraft:leaves",
										"minecraft:leaves2"
									]
								},
								"minecraft:jump.static": {},
								"minecraft:can_climb": {},
								"minecraft:scale": {
									"value": 1.2
								},
								"minecraft:follow_range": {
									"value": 100
								},
								"minecraft:behavior.hurt_by_target": {
									"priority": 1
								},
								"minecraft:behavior.nearest_attackable_target": {
									"priority": 2,
									"reselect_targets": true,
									"must_see": false,
									"entity_types": [
										{
											"filters": {
												"test": "is_family",
												"subject": "other",
												"value": "player"
											},
											"max_dist": 100
										},
										{
											"filters": {
												"test": "is_family",
												"subject": "other",
												"value": "irongolem"
											},
											"max_dist": 100
										},
										{
											"filters": {
												"test": "is_family",
												"subject": "other",
												"value": "villager"
											},
											"max_dist": 100
										}
									]
								},
								"minecraft:behavior.melee_attack": {
									"priority": 4,
									"track_target": true,
									"speed_multiplier": 1.25
								},
								"minecraft:behavior.random_stroll": {
									"priority": 6,
									"speed_multiplier": 1
								},
								"minecraft:behavior.look_at_player": {
									"priority": 7,
									"look_distance": 100
								},
								"minecraft:behavior.random_look_around": {
									"priority": 8
								},
								"minecraft:knockback_resistance": {
									"value": 0.9
								},
								"minecraft:type_family": {
									"family": [
										"monster",
										"undead",
										"toy"
									]
								},
								"minecraft:physics": {},
								"minecraft:pushable": {
									"is_pushable": true,
									"is_pushable_by_piston": true
								}
							},
							"component_groups": {},
							"events": {}
						},
						"key": "components",
						"children": [
							{
								"key": "minecraft:is_hidden_when_invisible",
								"is_minified": true,
								"children": {}
							},
							{
								"key": "minecraft:experience_reward",
								"is_minified": true,
								"children": {
									"on_death": "query.last_hit_by_player ? 5 + (query.equipment_count * Math.Random(1,3)) : 0"
								}
							},
							{
								"key": "minecraft:nameable",
								"is_minified": true,
								"children": {}
							},
							{
								"key": "minecraft:breathable",
								"is_minified": true,
								"children": {
									"total_supply": 15,
									"suffocate_time": 0,
									"breathes_water": true
								}
							},
							{
								"key": "minecraft:health",
								"is_minified": true,
								"children": {
									"value": 100,
									"max": 100
								}
							},
							{
								"key": "minecraft:collision_box",
								"is_minified": true,
								"children": {
									"width": 0.8,
									"height": 2.86
								}
							},
							{
								"key": "minecraft:attack",
								"is_minified": true,
								"children": {
									"damage": 50
								}
							},
							{
								"key": "minecraft:loot",
								"is_minified": true,
								"children": {
									"table": "loot_tables/entities/wither_skeleton.json"
								}
							},
							{
								"key": "minecraft:movement",
								"is_minified": true,
								"children": {
									"value": 0.27
								}
							},
							{
								"key": "minecraft:navigation.walk",
								"is_minified": true,
								"children": {
									"is_amphibious": true,
									"avoid_water": true
								}
							},
							{
								"key": "minecraft:movement.basic",
								"is_minified": true,
								"children": {}
							},
							{
								"key": "minecraft:break_blocks",
								"children": [
									{
										"open": {
											"breakable_blocks": [
												"minecraft:leaves",
												"minecraft:leaves2"
											]
										},
										"key": "breakable_blocks",
										"is_minified": true,
										"children": [
											"minecraft:leaves",
											"minecraft:leaves2"
										]
									}
								]
							},
							{
								"key": "minecraft:jump.static",
								"is_minified": true,
								"children": {}
							},
							{
								"key": "minecraft:can_climb",
								"is_minified": true,
								"children": {}
							},
							{
								"key": "minecraft:scale",
								"is_minified": true,
								"children": {
									"value": 1.2
								}
							},
							{
								"key": "minecraft:follow_range",
								"is_minified": true,
								"children": {
									"value": 100
								}
							},
							{
								"key": "minecraft:behavior.hurt_by_target",
								"is_minified": true,
								"children": {
									"priority": 1
								}
							},
							{
								"key": "minecraft:behavior.nearest_attackable_target",
								"is_minified": true,
								"children": {
									"priority": 2,
									"reselect_targets": true,
									"must_see": false,
									"entity_types": [
										{
											"filters": {
												"test": "is_family",
												"subject": "other",
												"value": "player"
											},
											"max_dist": 100
										},
										{
											"filters": {
												"test": "is_family",
												"subject": "other",
												"value": "irongolem"
											},
											"max_dist": 100
										},
										{
											"filters": {
												"test": "is_family",
												"subject": "other",
												"value": "villager"
											},
											"max_dist": 100
										}
									]
								}
							},
							{
								"key": "minecraft:behavior.melee_attack",
								"is_minified": true,
								"children": {
									"priority": 4,
									"track_target": true,
									"speed_multiplier": 1.25
								}
							},
							{
								"key": "minecraft:behavior.random_stroll",
								"is_minified": true,
								"children": {
									"priority": 6,
									"speed_multiplier": 1
								}
							},
							{
								"key": "minecraft:behavior.look_at_player",
								"is_minified": true,
								"children": {
									"priority": 7,
									"look_distance": 100
								}
							},
							{
								"key": "minecraft:behavior.random_look_around",
								"is_minified": true,
								"children": {
									"priority": 8
								}
							},
							{
								"key": "minecraft:knockback_resistance",
								"is_minified": true,
								"children": {
									"value": 0.9
								}
							},
							{
								"key": "minecraft:type_family",
								"is_minified": true,
								"children": {
									"family": [
										"monster",
										"undead",
										"toy"
									]
								}
							},
							{
								"key": "minecraft:physics",
								"is_minified": true,
								"children": {}
							},
							{
								"key": "minecraft:pushable",
								"is_minified": true,
								"children": {
									"is_pushable": true,
									"is_pushable_by_piston": true
								}
							}
						]
					},
					{
						"key": "component_groups",
						"is_minified": true,
						"children": {}
					},
					{
						"key": "events",
						"is_minified": true,
						"children": {}
					}
				]
			}
		]
	}
}}
		]
	}
}