{
	"format_version": "1.12.0",
	"minecraft:geometry": [
		{
			"description": {
				"identifier": "geometry.ic_cultist",
				"texture_width": 128,
				"texture_height": 128,
				"visible_bounds_width": 4,
				"visible_bounds_height": 4,
				"visible_bounds_offset": [0, 2, 0]
			},
			"bones": [
				{
					"name": "Main_root",
					"pivot": [0, 0, -11]
				},
				{
					"name": "root",
					"parent": "Main_root",
					"pivot": [0, 0, 0]
				},
				{
					"name": "waist",
					"parent": "root",
					"pivot": [0, 12, 0]
				},
				{
					"name": "body",
					"parent": "waist",
					"pivot": [0, 24, 0],
					"cubes": [
						{"origin": [-4, 12, -2], "size": [8, 12, 4], "uv": [16, 16]},
						{
							"origin": [-4.5, 7.47537, -2.43348],
							"size": [4, 6, 0],
							"pivot": [-2, 10.47537, -2.43348],
							"rotation": [-9.85108, 1.72794, 9.85108],
							"uv": {
								"north": {"uv": [22, 23], "uv_size": [4, 6]},
								"east": {"uv": [20, 20], "uv_size": [0, 6]},
								"south": {"uv": [34, 23], "uv_size": [4, 6]},
								"west": {"uv": [24, 20], "uv_size": [0, 6]},
								"up": {"uv": [20, 20], "uv_size": [4, 0]},
								"down": {"uv": [24, 20], "uv_size": [4, 0]}
							}
						},
						{
							"origin": [0.5, 7.47537, -2.43348],
							"size": [4, 6, 0],
							"pivot": [2, 10.47537, -2.43348],
							"rotation": [-9.85108, -1.72794, -9.85108],
							"uv": {
								"north": {"uv": [26, 23], "uv_size": [-4, 6]},
								"east": {"uv": [24, 20], "uv_size": [0, 6]},
								"south": {"uv": [38, 23], "uv_size": [-4, 6]},
								"west": {"uv": [20, 20], "uv_size": [0, 6]},
								"up": {"uv": [24, 20], "uv_size": [-4, 0]},
								"down": {"uv": [28, 20], "uv_size": [-4, 0]}
							}
						},
						{
							"origin": [-0.5, 6.47537, 2.43348],
							"size": [5, 7, 0],
							"pivot": [2, 10.47537, 2.43348],
							"rotation": [9.85108, 1.72794, -9.85108],
							"uv": {
								"north": {"uv": [34, 23], "uv_size": [4, 6]},
								"east": {"uv": [24, 20], "uv_size": [0, 6]},
								"south": {"uv": [22, 23], "uv_size": [4, 6]},
								"west": {"uv": [20, 20], "uv_size": [0, 6]},
								"up": {"uv": [24, 20], "uv_size": [-4, 0]},
								"down": {"uv": [28, 20], "uv_size": [-4, 0]}
							}
						},
						{
							"origin": [-4.5, 6.47537, 2.43348],
							"size": [5, 7, 0],
							"pivot": [-2, 10.47537, 2.43348],
							"rotation": [9.85108, -1.72794, 9.85108],
							"uv": {
								"north": {"uv": [38, 23], "uv_size": [-4, 6]},
								"east": {"uv": [20, 20], "uv_size": [0, 6]},
								"south": {"uv": [26, 23], "uv_size": [-4, 6]},
								"west": {"uv": [24, 20], "uv_size": [0, 6]},
								"up": {"uv": [20, 20], "uv_size": [4, 0]},
								"down": {"uv": [24, 20], "uv_size": [4, 0]}
							}
						},
						{
							"origin": [2.9, 5.97537, -4.43348],
							"size": [4, 7, 0],
							"pivot": [2.5, 10.47537, -2.43348],
							"rotation": [0, -90, -10],
							"uv": {
								"north": {"uv": [26, 22], "uv_size": [-4, 7]},
								"east": {"uv": [24, 20], "uv_size": [0, 7]},
								"south": {"uv": [38, 22], "uv_size": [-4, 7]},
								"west": {"uv": [20, 20], "uv_size": [0, 7]},
								"up": {"uv": [24, 20], "uv_size": [-4, 0]},
								"down": {"uv": [28, 20], "uv_size": [-4, 0]}
							}
						},
						{
							"origin": [-6.9, 5.97537, -4.43348],
							"size": [4, 7, 0],
							"pivot": [-2.5, 10.47537, -2.43348],
							"rotation": [0, 90, 10],
							"uv": {
								"north": {"uv": [22, 22], "uv_size": [4, 7]},
								"east": {"uv": [20, 20], "uv_size": [0, 7]},
								"south": {"uv": [34, 22], "uv_size": [4, 7]},
								"west": {"uv": [24, 20], "uv_size": [0, 7]},
								"up": {"uv": [20, 20], "uv_size": [4, 0]},
								"down": {"uv": [24, 20], "uv_size": [4, 0]}
							}
						}
					]
				},
				{
					"name": "head",
					"parent": "body",
					"pivot": [0, 24, 0],
					"cubes": [
						{"origin": [-4, 24, -4], "size": [8, 8, 8], "uv": [0, 0]}
					]
				},
				{
					"name": "hat",
					"parent": "head",
					"pivot": [0, 24, 0],
					"cubes": [
						{"origin": [-4, 24, -4], "size": [8, 8, 8], "inflate": 0.5, "uv": [32, 0]},
						{
							"origin": [-4.5, 23.5, -4.75],
							"size": [9, 9, 0],
							"uv": {
								"north": {"uv": [55, 19], "uv_size": [9, 9]},
								"east": {"uv": [46, 19], "uv_size": [0, 9]},
								"south": {"uv": [55, 19], "uv_size": [9, 9]},
								"west": {"uv": [55, 19], "uv_size": [0, 9]},
								"up": {"uv": [46, 19], "uv_size": [9, 0]},
								"down": {"uv": [55, 19], "uv_size": [9, 0]}
							}
						}
					]
				},
				{
					"name": "Eyelashes",
					"parent": "head",
					"pivot": [0, 28, -4]
				},
				{
					"name": "eyelash1",
					"parent": "Eyelashes",
					"pivot": [-2.5, 28.5, -4.55],
					"cubes": [
						{"origin": [-3.5, 28.25, -4.55], "size": [2, 0.5, 0], "uv": [0, 0]}
					]
				},
				{
					"name": "eyelash2",
					"parent": "Eyelashes",
					"pivot": [2.5, 28.5, -4.55],
					"cubes": [
						{"origin": [1.5, 28.25, -4.55], "size": [2, 0.5, 0], "uv": [0, 0]}
					]
				},
				{
					"name": "Eye",
					"parent": "head",
					"pivot": [0, 27, -4]
				},
				{
					"name": "eye1",
					"parent": "Eye",
					"pivot": [-2.5, 27.5, -4.01],
					"cubes": [
						{"origin": [-3, 27, -4.01], "size": [1, 1, 0], "uv": [24, 1.5]}
					]
				},
				{
					"name": "eye2",
					"parent": "Eye",
					"pivot": [2.5, 27.5, -4.01],
					"cubes": [
						{"origin": [2, 27, -4.01], "size": [1, 1, 0], "uv": [24, 1.5]}
					]
				},
				{
					"name": "mouth",
					"parent": "head",
					"pivot": [0, 24, 0],
					"cubes": [
						{"origin": [-1, 25, -4.01], "size": [3, 2, 0], "uv": [24, 4]}
					]
				},
				{
					"name": "mouth_sad",
					"parent": "head",
					"pivot": [0, 24, 0],
					"cubes": [
						{"origin": [-1, 25, -3.01], "size": [3, 2, 0], "pivot": [0.5, 26, -4.01], "rotation": [0, 0, -180], "uv": [24, 4]}
					]
				},
				{
					"name": "mouth_meh",
					"parent": "head",
					"pivot": [0, 24, 0],
					"cubes": [
						{"origin": [-1, 25, -3.01], "size": [3, 2, 0], "uv": [24, 4]}
					]
				},
				{
					"name": "leftArm",
					"parent": "body",
					"pivot": [5, 21.5, 0],
					"cubes": [
						{"origin": [4, 11.5, -2], "size": [3, 12, 4], "uv": [32, 48]}
					]
				},
				{
					"name": "leftSleeve",
					"parent": "leftArm",
					"pivot": [5, 21.5, 0],
					"cubes": [
						{"origin": [4, 11.5, -2], "size": [3, 12, 4], "inflate": 0.25, "uv": [48, 48]}
					]
				},
				{
					"name": "leftItem",
					"parent": "leftArm",
					"pivot": [6, 14.5, 1],
					"locators": {
						"lead_hold": [5, 12, -1]
					}
				},
				{
					"name": "rightArm",
					"parent": "body",
					"pivot": [-5, 21.5, 0],
					"cubes": [
						{"origin": [-7, 11.5, -2], "size": [3, 12, 4], "uv": [40, 16]}
					]
				},
				{
					"name": "rightSleeve",
					"parent": "rightArm",
					"pivot": [-5, 21.5, 0],
					"cubes": [
						{"origin": [-7, 11.5, -2], "size": [3, 12, 4], "inflate": 0.25, "uv": [40, 32]}
					]
				},
				{
					"name": "rightItem",
					"parent": "rightArm",
					"pivot": [-6, 14.5, 0]
				},
				{
					"name": "gun",
					"parent": "rightArm",
					"pivot": [-5, 13.5, -1],
					"cubes": [
						{"origin": [-6, 17.5, -3], "size": [2, 3, 2], "uv": [0, 0]},
						{"origin": [-6.5, 9.5, -4], "size": [3, 9, 1], "uv": [120, 0]},
						{"origin": [-6.5, 0.5, -4], "size": [3, 9, 1], "uv": [120, 0]},
						{"origin": [-5, 9.5, -5], "size": [0, 11, 3], "uv": [118, 24]}
					]
				},
				{
					"name": "gunfire",
					"parent": "gun",
					"pivot": [-5, 4.5, -3.5],
					"cubes": [
						{
							"origin": [-5.4004, 5.02, -3.9004],
							"size": [0.8008, 0, 0.8008],
							"uv": {
								"north": {"uv": [86, 73], "uv_size": [7, 0]},
								"east": {"uv": [79, 73], "uv_size": [7, 0]},
								"south": {"uv": [100, 73], "uv_size": [7, 0]},
								"west": {"uv": [93, 73], "uv_size": [7, 0]},
								"up": {"uv": [86, 66], "uv_size": [7, 7]},
								"down": {"uv": [93, 73], "uv_size": [7, -7]}
							}
						}
					]
				},
				{
					"name": "jacket",
					"parent": "body",
					"pivot": [0, 24, 0],
					"cubes": [
						{"origin": [-4, 12, -2], "size": [8, 12, 4], "inflate": 0.25, "uv": [16, 32]}
					]
				},
				{
					"name": "cape",
					"parent": "body",
					"pivot": [0, 24, -3]
				},
				{
					"name": "rightleg",
					"parent": "root",
					"pivot": [-1.9, 12, 0],
					"cubes": [
						{"origin": [-3.9, 0, -2], "size": [4, 12, 4], "uv": [0, 16]}
					]
				},
				{
					"name": "rightPants",
					"parent": "rightleg",
					"pivot": [-1.9, 12, 0],
					"cubes": [
						{"origin": [-3.9, 0, -2], "size": [4, 12, 4], "inflate": 0.25, "uv": [0, 32]}
					]
				},
				{
					"name": "leftleg",
					"parent": "root",
					"pivot": [1.9, 12, 0],
					"cubes": [
						{"origin": [-0.1, 0, -2], "size": [4, 12, 4], "uv": [16, 48], "mirror": true}
					]
				},
				{
					"name": "leftPants",
					"parent": "leftleg",
					"pivot": [1.9, 12, 0],
					"cubes": [
						{"origin": [-0.1, 0, -2], "size": [4, 12, 4], "inflate": 0.25, "uv": [0, 48]}
					]
				}
			]
		}
	]
}