{
	"format_version": "1.12.0",
	"minecraft:geometry": [
		{
			"description": {
				"identifier": "geometry.ic_bug_spray_bullet",
				"texture_width": 16,
				"texture_height": 16,
				"visible_bounds_width": 3,
				"visible_bounds_height": 2.5,
				"visible_bounds_offset": [0, 0.75, 0]
			},
			"bones": [
				{
					"name": "body",
					"pivot": [0, 2, 0],
					"cubes": [
						{"origin": [-1, -1, -1], "size": [2, 2, 2], "uv": [0, 0]}
					]
				},
				{
					"name": "flame",
					"parent": "body",
					"pivot": [0, 0, 2],
					"locators": {
						"locator": [0, 0, 0]
					}
				}
			]
		}
	]
}