{
	"format_version": "1.12.0",
	"minecraft:geometry": [
		{
			"description": {
				"identifier": "geometry.ic_train_lvl3",
				"texture_width": 256,
				"texture_height": 256,
				"visible_bounds_width": 10,
				"visible_bounds_height": 5,
				"visible_bounds_offset": [0, 1.5, 0]
			},
			"bones": [
				{
					"name": "root",
					"pivot": [0, -6, -8]
				},
				{
					"name": "body",
					"parent": "root",
					"pivot": [0, 19, -8],
					"cubes": [
						{"origin": [-12, 11, -45], "size": [24, 2, 48], "uv": [0, 50]},
						{"origin": [-12, 6, -45], "size": [24, 2, 48], "uv": [0, 50]},
						{"origin": [-11.5, 8, -44.5], "size": [23, 3, 47], "uv": [97, 3]},
						{
							"origin": [-12, 11, 3],
							"size": [24, 2, 38],
							"uv": {
								"north": {"uv": [48, 98], "uv_size": [24, 2]},
								"east": {"uv": [10, 98], "uv_size": [38, 2]},
								"south": {"uv": [110, 98], "uv_size": [24, 2]},
								"west": {"uv": [72, 98], "uv_size": [38, 2]},
								"up": {"uv": [48, 60], "uv_size": [24, 38]},
								"down": {"uv": [72, 98], "uv_size": [24, -38]}
							}
						},
						{"origin": [-12, 7, 41], "size": [24, 1, 24], "uv": [160, 231]},
						{"origin": [-6, 9, 39], "size": [13, 1, 5], "uv": [190, 250]},
						{"origin": [-12, 8, 41], "size": [24, 12, 24], "uv": [0, 220]},
						{"origin": [-20, 13, 15], "size": [8, 1, 24], "uv": [176, 231]},
						{"origin": [-20, 13, -5], "size": [8, 1, 20], "uv": [180, 235]},
						{"origin": [12, 13, -5], "size": [8, 1, 20], "uv": [180, 235], "mirror": true},
						{"origin": [20.01, 4, 5], "size": [0, 10, 10], "uv": [128, 236], "mirror": true},
						{"origin": [12, 14, -5], "size": [8, 8, 44], "uv": [152, 177], "mirror": true},
						{"origin": [-20, 14, -5], "size": [8, 8, 44], "uv": [152, 177]},
						{"origin": [-20.01, 4, 5], "size": [0, 10, 10], "uv": [128, 236]},
						{"origin": [12, 13, 15], "size": [8, 1, 24], "uv": [176, 231], "mirror": true},
						{"origin": [-10, 24, -6], "size": [20, 2, 10], "pivot": [0, 25, -1], "rotation": [-20, 0, 0], "uv": [178, 244]},
						{
							"origin": [-10, 11.22959, 2.04048],
							"size": [20, 9, 8],
							"pivot": [0, 19.22959, 3.04048],
							"rotation": [-90, 0, 0],
							"uv": {
								"north": {"uv": [189, 247], "uv_size": [20, 9]},
								"east": {"uv": [181, 247], "uv_size": [8, 9]},
								"south": {"uv": [217, 247], "uv_size": [20, 9]},
								"west": {"uv": [209, 247], "uv_size": [8, 9]},
								"up": {"uv": [189, 239], "uv_size": [20, 8]},
								"down": {"uv": [209, 247], "uv_size": [20, -8]}
							}
						},
						{"origin": [-11.75, 20, 15], "size": [6, 2, 22], "uv": [45, 76]},
						{"origin": [5.75, 20, 15], "size": [6, 2, 22], "uv": [45, 76], "mirror": true},
						{"origin": [15.75, 29, 15], "size": [2, 2, 22], "pivot": [8.75, 32, 26], "rotation": [0, 0, -90], "uv": [45, 76], "mirror": true},
						{"origin": [-12.5, 8, 2.5], "size": [23, 3, 37], "uv": [107, 13]},
						{"origin": [-10.5, 8, 2.5], "size": [23, 3, 37], "uv": [107, 13]},
						{"origin": [-10.5, 5, 2.5], "size": [23, 3, 37], "uv": [107, 13]},
						{"origin": [-12.5, 5, 2.5], "size": [23, 3, 37], "uv": [107, 13]},
						{"origin": [-12, 6, 3], "size": [24, 2, 38], "uv": [10, 60]},
						{"origin": [-6, 13, -31], "size": [12, 2, 26], "uv": [88, 100]},
						{"origin": [-5.5, 13, -44], "size": [11, 2, 26], "uv": [88, 100]},
						{"origin": [5.5, 11, -41.8], "size": [6, 4, 36], "pivot": [8.5, 15, -24], "rotation": [0, 0, 45], "uv": [84, 196]},
						{"origin": [-11.5, 11, -41.8], "size": [6, 4, 36], "pivot": [-8.5, 15, -24], "rotation": [0, 0, -45], "uv": [84, 196], "mirror": true},
						{"origin": [-11, 13, -6], "size": [22, 32, 0], "uv": [98, 2]},
						{"origin": [0, 13, 16], "size": [11, 32, 0], "pivot": [0, 29, 5], "rotation": [0, 90, 0], "uv": [109, 2]},
						{"origin": [0, 13, -6], "size": [11, 32, 0], "pivot": [0, 29, 5], "rotation": [0, 90, 0], "uv": [109, 2]},
						{"origin": [9.5, 13, -6.5], "size": [3, 32, 3], "uv": [92, 174]},
						{"origin": [-12.5, 13, -6.5], "size": [3, 32, 3], "uv": [80, 171]},
						{"origin": [9.5, 13, 3.5], "size": [3, 32, 3], "uv": [92, 174]},
						{"origin": [-12.5, 13, 3.5], "size": [3, 32, 3], "uv": [80, 171]},
						{"origin": [-12.5, 13, 13.5], "size": [3, 32, 3], "uv": [56, 171]},
						{"origin": [9.5, 13, 13.5], "size": [3, 32, 3], "uv": [68, 171]},
						{"origin": [-12.5, 13, 37.5], "size": [3, 32, 3], "uv": [56, 171]},
						{"origin": [9.5, 13, 37.5], "size": [3, 32, 3], "uv": [68, 171]},
						{"origin": [-12, 13, 18], "size": [24, 32, 20], "uv": [0, 100]},
						{"origin": [-12, 13, 15], "size": [24, 32, 3], "uv": [201, 0]},
						{"origin": [-11, 44, 5], "size": [22, 4, 24], "uv": [96, 53]},
						{"origin": [10.58458, 45.34461, 5.1], "size": [4, 3, 24], "pivot": [7.58458, 46.84461, 16], "rotation": [0, 0, 15], "uv": [0, 152]},
						{"origin": [-14.58458, 45.34461, 5.1], "size": [4, 3, 24], "pivot": [-7.58458, 46.84461, 16], "rotation": [0, 0, -15], "uv": [134, 128]},
						{"origin": [10.58458, 45.34461, -18.9], "size": [4, 3, 24], "pivot": [7.58458, 46.84461, -8], "rotation": [0, 0, 15], "uv": [0, 152]},
						{"origin": [-11, 44, -19], "size": [22, 4, 24], "uv": [96, 53]},
						{"origin": [-14.58458, 45.34461, -18.9], "size": [4, 3, 24], "pivot": [-7.58458, 46.84461, -8], "rotation": [0, 0, -15], "uv": [134, 128]},
						{"origin": [10.58458, 45.34461, 29.1], "size": [4, 3, 24], "pivot": [7.58458, 46.84461, 40], "rotation": [0, 0, 15], "uv": [0, 152]},
						{"origin": [-11, 44, 29], "size": [22, 4, 24], "uv": [96, 53]},
						{"origin": [-14.58458, 45.34461, 29.1], "size": [4, 3, 24], "pivot": [-7.58458, 46.84461, 40], "rotation": [0, 0, -15], "uv": [134, 128]},
						{"origin": [6, 7.5, -44.75], "size": [4, 4, 1], "uv": [0, 111]},
						{
							"origin": [-3.28, 20.44, -44.645],
							"size": [6.56, 6.56, 2.14],
							"uv": {
								"north": {"uv": [245, 154], "uv_size": [5, 5]},
								"east": {"uv": [244, 154], "uv_size": [1, 5]},
								"south": {"uv": [251, 154], "uv_size": [5, 5]},
								"west": {"uv": [250, 154], "uv_size": [1, 5]},
								"up": {"uv": [245, 153], "uv_size": [5, 1]},
								"down": {"uv": [250, 154], "uv_size": [5, -1]}
							}
						},
						{"origin": [-10, 7.5, -44.75], "size": [4, 4, 1], "uv": [106, 71]},
						{"origin": [-2.78, 20.94, -43.645], "size": [5.56, 5.56, 1.14], "uv": [212, 103]},
						{"origin": [-12.69736, 0.52987, -46.80853], "size": [14, 4, 8], "pivot": [0, 4.60354, -42.80853], "rotation": [-110.83276, 19.12776, -2.4865], "uv": [201, 164]},
						{"origin": [-1.30264, 0.52987, -46.80853], "size": [14, 4, 8], "pivot": [0, 4.60354, -42.80853], "rotation": [-110.83276, -19.12776, 2.4865], "uv": [201, 164], "mirror": true},
						{"origin": [-12.30264, 39.89916, -9.37099], "size": [25, 4, 8], "pivot": [0.19736, 54.89916, 0.62901], "rotation": [-17.21333, 0, 0], "uv": [190, 164], "mirror": true}
					]
				},
				{
					"name": "wheel_line",
					"parent": "body",
					"pivot": [-9.5, 3.5, -25.5],
					"cubes": [
						{"origin": [-10, 3, -36], "size": [1, 1, 21], "uv": [50, 77]},
						{"origin": [9, 3, -36], "size": [1, 1, 21], "uv": [50, 77], "mirror": true}
					]
				},
				{
					"name": "wheel_line2",
					"parent": "body",
					"pivot": [-9.5, 3, -14.5],
					"rotation": [2.5, 0, 0],
					"cubes": [
						{"origin": [-10, 3, -10], "size": [1, 1, 29], "uv": [42, 70]},
						{"origin": [9, 3, -10], "size": [1, 1, 29], "uv": [42, 70], "mirror": true}
					]
				},
				{
					"name": "lever1",
					"parent": "body",
					"pivot": [0, 25, -1],
					"cubes": [
						{"origin": [5.5, 26, -1.5], "size": [1, 7, 1], "pivot": [0, 25, -1], "rotation": [-20, 0, 0], "uv": [251, 248]},
						{"origin": [5, 33, -2], "size": [2, 2, 2], "pivot": [0, 25, -1], "rotation": [-20, 0, 0], "uv": [248, 239]}
					]
				},
				{
					"name": "lever2",
					"parent": "body",
					"pivot": [-0.5, 25.59293, -0.94136],
					"rotation": [-2.5, 0, 0],
					"cubes": [
						{"origin": [-1, 25.96848, -1.44476], "size": [1, 7, 1], "pivot": [-6.5, 24.96848, -0.94476], "rotation": [-20, 0, 0], "uv": [251, 248]},
						{"origin": [-1.5, 32.96848, -1.94476], "size": [2, 2, 2], "pivot": [-6.5, 24.96848, -0.94476], "rotation": [-20, 0, 0], "uv": [237, 239]}
					]
				},
				{
					"name": "lever3",
					"parent": "body",
					"pivot": [-6.5, 25.5, -1],
					"cubes": [
						{"origin": [-7, 26, -1.5], "size": [1, 7, 1], "pivot": [-12.5, 25, -1], "rotation": [-20, 0, 0], "uv": [251, 248]},
						{"origin": [-7.5, 33, -2], "size": [2, 2, 2], "pivot": [-12.5, 25, -1], "rotation": [-20, 0, 0], "uv": [237, 235]}
					]
				},
				{
					"name": "smoke",
					"parent": "body",
					"pivot": [0, 44, -38],
					"locators": {
						"smoke": [0, 44, -38]
					}
				},
				{
					"name": "octagon",
					"parent": "body",
					"pivot": [0, 24, -15],
					"cubes": [
						{"origin": [-4.10071, 14.1, -19.9], "size": [8.20143, 19.8, 13.8], "pivot": [0, 24, -16], "rotation": [0, 0, 45], "uv": [3, 53]},
						{"origin": [-4.10071, 14.1, -19.9], "size": [8.20143, 19.8, 13.8], "uv": [3, 3]},
						{"origin": [-9.9, 19.89929, -19.9], "size": [19.8, 8.20143, 13.8], "pivot": [0, 24, -16], "rotation": [0, 0, 45], "uv": [141, 87]},
						{"origin": [-9.9, 19.89929, -19.9], "size": [19.8, 8.20143, 13.8], "uv": [91, 131]}
					]
				},
				{
					"name": "octagon2",
					"parent": "octagon",
					"pivot": [0, 24, -30.8],
					"cubes": [
						{"origin": [-4.10071, 14.1, -31.7], "size": [8.20143, 19.8, 11.8], "pivot": [0, 24, -30.8], "rotation": [0, 0, 45], "uv": [166, 108]},
						{"origin": [-4.10071, 14.1, -31.7], "size": [8.20143, 19.8, 11.8], "uv": [152, 155]},
						{"origin": [-3, 32, -40.8], "size": [6, 12, 6], "uv": [96, 53]},
						{"origin": [-3.5, 42, -41.3], "size": [7, 4, 7], "uv": [138, 115]},
						{"origin": [-9.9, 19.89929, -31.7], "size": [19.8, 8.20143, 11.8], "pivot": [0, 24, -30.8], "rotation": [0, 0, 45], "uv": [92, 155]},
						{"origin": [-9.9, 19.89929, -31.7], "size": [19.8, 8.20143, 11.8], "uv": [32, 152]},
						{"origin": [-4.10071, 14.1, -42.7], "size": [8.20143, 19.8, 11.8], "uv": [152, 155]},
						{"origin": [-4.10071, 14.1, -42.7], "size": [8.20143, 19.8, 11.8], "pivot": [0, 24, -41.8], "rotation": [0, 0, 45], "uv": [166, 108]},
						{"origin": [-9.9, 19.89929, -42.7], "size": [19.8, 8.20143, 11.8], "pivot": [0, 24, -41.8], "rotation": [0, 0, 45], "uv": [92, 155]},
						{"origin": [-9.9, 19.89929, -42.7], "size": [19.8, 8.20143, 11.8], "uv": [32, 152]}
					]
				},
				{
					"name": "octagon3",
					"parent": "octagon2",
					"pivot": [0, 24, -6.8],
					"cubes": [
						{"origin": [-4.42877, 13.308, -8.822], "size": [8.85754, 21.384, 1.944], "pivot": [0, 24, -7.85], "rotation": [0, 0, 45], "uv": [152, 185]},
						{"origin": [-4.42877, 13.308, -8.822], "size": [8.85754, 21.384, 1.944], "uv": [30, 179]},
						{"origin": [-10.692, 19.57123, -8.822], "size": [21.384, 8.85754, 1.944], "uv": [68, 100]},
						{"origin": [-10.692, 19.57123, -8.822], "size": [21.384, 8.85754, 1.944], "pivot": [0, 24, -7.85], "rotation": [0, 0, 45], "uv": [68, 109]}
					]
				},
				{
					"name": "octagon4",
					"parent": "octagon3",
					"pivot": [0, 24, -21.8],
					"cubes": [
						{"origin": [-4.42877, 13.308, -17.772], "size": [8.85754, 21.384, 1.944], "uv": [0, 152]},
						{"origin": [-10.692, 19.57123, -17.772], "size": [21.384, 8.85754, 1.944], "pivot": [0, 24, -16.8], "rotation": [0, 0, 45], "uv": [96, 81]},
						{"origin": [-10.692, 19.57123, -17.772], "size": [21.384, 8.85754, 1.944], "uv": [96, 34]},
						{"origin": [-4.42877, 13.308, -17.772], "size": [8.85754, 21.384, 1.944], "pivot": [0, 24, -16.8], "rotation": [0, 0, 45], "uv": [134, 174]},
						{"origin": [-4.42877, 13.308, -31.772], "size": [8.85754, 21.384, 1.944], "pivot": [0, 24, -30.8], "rotation": [0, 0, 45], "uv": [134, 174]},
						{"origin": [-10.692, 19.57123, -31.772], "size": [21.384, 8.85754, 1.944], "uv": [96, 34]},
						{"origin": [-10.692, 19.57123, -31.772], "size": [21.384, 8.85754, 1.944], "pivot": [0, 24, -30.8], "rotation": [0, 0, 45], "uv": [96, 81]},
						{"origin": [-4.42877, 13.308, -31.772], "size": [8.85754, 21.384, 1.944], "uv": [0, 152]}
					]
				},
				{
					"name": "octagon5",
					"parent": "octagon2",
					"pivot": [0, 24, -40.8],
					"cubes": [
						{"origin": [-4.42877, 13.308, -41.772], "size": [8.85754, 21.384, 1.944], "pivot": [0, 24, -40.8], "rotation": [0, 0, 45], "uv": [152, 185]},
						{"origin": [-4.42877, 13.308, -41.772], "size": [8.85754, 21.384, 1.944], "uv": [30, 179]},
						{"origin": [-10.692, 19.57123, -41.772], "size": [21.384, 8.85754, 1.944], "uv": [68, 100]},
						{"origin": [-10.692, 19.57123, -41.772], "size": [21.384, 8.85754, 1.944], "pivot": [0, 24, -40.8], "rotation": [0, 0, 45], "uv": [68, 109]}
					]
				},
				{
					"name": "wheel7",
					"parent": "body",
					"pivot": [-8, 4, -13],
					"cubes": [
						{"origin": [-9, 2.34315, -17], "size": [2, 3.31371, 8], "pivot": [-11, 4, -13], "rotation": [-45, 0, 0], "uv": [132, 82]},
						{"origin": [-9, 2.34315, -17], "size": [2, 3.31371, 8], "uv": [0, 100]},
						{"origin": [-9, 0, -14.65685], "size": [2, 8, 3.31371], "pivot": [-11, 4, -13], "rotation": [-45, 0, 0], "uv": [142, 128]},
						{"origin": [-9, 0, -14.65685], "size": [2, 8, 3.31371], "uv": [88, 128]}
					]
				},
				{
					"name": "wheel8",
					"parent": "body",
					"pivot": [-8, 6, 0],
					"cubes": [
						{"origin": [-9.5, 3.51472, -6], "size": [3, 4.97056, 12], "pivot": [-12.5, 6, 0], "rotation": [-45, 0, 0], "uv": [104, 174]},
						{"origin": [-9.5, 3.51472, -6], "size": [3, 4.97056, 12], "uv": [164, 53]},
						{"origin": [-9.5, 0, -2.48528], "size": [3, 12, 4.97056], "pivot": [-12.5, 6, 0], "rotation": [-45, 0, 0], "uv": [32, 0]},
						{"origin": [-9.5, 0, -2.48528], "size": [3, 12, 4.97056], "uv": [0, 0]}
					]
				},
				{
					"name": "wheel11",
					"parent": "body",
					"pivot": [-8, 6, 15],
					"cubes": [
						{"origin": [-9.5, 3.51472, 9], "size": [3, 4.97056, 12], "pivot": [-12.5, 6, 15], "rotation": [-45, 0, 0], "uv": [104, 174]},
						{"origin": [-9.5, 3.51472, 9], "size": [3, 4.97056, 12], "uv": [164, 53]},
						{"origin": [-9.5, 0, 12.51472], "size": [3, 12, 4.97056], "pivot": [-12.5, 6, 15], "rotation": [-45, 0, 0], "uv": [32, 0]},
						{"origin": [-9.5, 0, 12.51472], "size": [3, 12, 4.97056], "uv": [0, 0]}
					]
				},
				{
					"name": "wheel13",
					"parent": "body",
					"pivot": [-8, 6, 29],
					"cubes": [
						{"origin": [-9.5, 3.51472, 23], "size": [3, 4.97056, 12], "pivot": [-12.5, 6, 29], "rotation": [-45, 0, 0], "uv": [104, 174]},
						{"origin": [-9.5, 3.51472, 23], "size": [3, 4.97056, 12], "uv": [164, 53]},
						{"origin": [-9.5, 0, 26.51472], "size": [3, 12, 4.97056], "pivot": [-12.5, 6, 29], "rotation": [-45, 0, 0], "uv": [32, 0]},
						{"origin": [-9.5, 0, 26.51472], "size": [3, 12, 4.97056], "uv": [0, 0]}
					]
				},
				{
					"name": "wheel6",
					"parent": "body",
					"pivot": [-8, 4, -23],
					"cubes": [
						{"origin": [-9, 2.34315, -27], "size": [2, 3.31371, 8], "pivot": [-11, 4, -23], "rotation": [-45, 0, 0], "uv": [141, 155]},
						{"origin": [-9, 2.34315, -27], "size": [2, 3.31371, 8], "uv": [81, 152]},
						{"origin": [-9, 0, -24.65685], "size": [2, 8, 3.31371], "pivot": [-11, 4, -23], "rotation": [-45, 0, 0], "uv": [164, 53]},
						{"origin": [-9, 0, -24.65685], "size": [2, 8, 3.31371], "uv": [32, 152]}
					]
				},
				{
					"name": "wheel5",
					"parent": "body",
					"pivot": [-8, 4, -33],
					"cubes": [
						{"origin": [-9, 2.34315, -37], "size": [2, 3.31371, 8], "pivot": [-11, 4, -33], "rotation": [-45, 0, 0], "uv": [178, 141]},
						{"origin": [-9, 2.34315, -37], "size": [2, 3.31371, 8], "uv": [166, 138]},
						{"origin": [-9, 0, -34.65685], "size": [2, 8, 3.31371], "pivot": [-11, 4, -33], "rotation": [-45, 0, 0], "uv": [122, 174]},
						{"origin": [-9, 0, -34.65685], "size": [2, 8, 3.31371], "uv": [104, 174]}
					]
				},
				{
					"name": "wheel4",
					"parent": "body",
					"pivot": [8, 4, -13],
					"cubes": [
						{"origin": [7, 2.34315, -17], "size": [2, 3.31371, 8], "pivot": [11, 4, -13], "rotation": [-45, 0, 0], "uv": [132, 82], "mirror": true},
						{"origin": [7, 2.34315, -17], "size": [2, 3.31371, 8], "uv": [0, 100], "mirror": true},
						{"origin": [7, 0, -14.65685], "size": [2, 8, 3.31371], "pivot": [11, 4, -13], "rotation": [-45, 0, 0], "uv": [142, 128], "mirror": true},
						{"origin": [7, 0, -14.65685], "size": [2, 8, 3.31371], "uv": [88, 128], "mirror": true}
					]
				},
				{
					"name": "wheel9",
					"parent": "body",
					"pivot": [8, 6, 0],
					"cubes": [
						{"origin": [6.5, 3.51472, -6], "size": [3, 4.97056, 12], "pivot": [12.5, 6, 0], "rotation": [-45, 0, 0], "uv": [104, 174], "mirror": true},
						{"origin": [6.5, 3.51472, -6], "size": [3, 4.97056, 12], "uv": [164, 53], "mirror": true},
						{"origin": [6.5, 0, -2.48528], "size": [3, 12, 4.97056], "pivot": [12.5, 6, 0], "rotation": [-45, 0, 0], "uv": [32, 0], "mirror": true},
						{"origin": [6.5, 0, -2.48528], "size": [3, 12, 4.97056], "uv": [0, 0], "mirror": true}
					]
				},
				{
					"name": "wheel10",
					"parent": "body",
					"pivot": [8, 6, 15],
					"cubes": [
						{"origin": [6.5, 3.51472, 9], "size": [3, 4.97056, 12], "pivot": [12.5, 6, 15], "rotation": [-45, 0, 0], "uv": [104, 174], "mirror": true},
						{"origin": [6.5, 3.51472, 9], "size": [3, 4.97056, 12], "uv": [164, 53], "mirror": true},
						{"origin": [6.5, 0, 12.51472], "size": [3, 12, 4.97056], "pivot": [12.5, 6, 15], "rotation": [-45, 0, 0], "uv": [32, 0], "mirror": true},
						{"origin": [6.5, 0, 12.51472], "size": [3, 12, 4.97056], "uv": [0, 0], "mirror": true}
					]
				},
				{
					"name": "wheel12",
					"parent": "body",
					"pivot": [8, 6, 29],
					"cubes": [
						{"origin": [6.5, 3.51472, 23], "size": [3, 4.97056, 12], "pivot": [12.5, 6, 29], "rotation": [-45, 0, 0], "uv": [104, 174], "mirror": true},
						{"origin": [6.5, 3.51472, 23], "size": [3, 4.97056, 12], "uv": [164, 53], "mirror": true},
						{"origin": [6.5, 0, 26.51472], "size": [3, 12, 4.97056], "pivot": [12.5, 6, 29], "rotation": [-45, 0, 0], "uv": [32, 0], "mirror": true},
						{"origin": [6.5, 0, 26.51472], "size": [3, 12, 4.97056], "uv": [0, 0], "mirror": true}
					]
				},
				{
					"name": "wheel3",
					"parent": "body",
					"pivot": [8, 4, -23],
					"cubes": [
						{"origin": [7, 2.34315, -27], "size": [2, 3.31371, 8], "pivot": [11, 4, -23], "rotation": [-45, 0, 0], "uv": [141, 155], "mirror": true},
						{"origin": [7, 2.34315, -27], "size": [2, 3.31371, 8], "uv": [81, 152], "mirror": true},
						{"origin": [7, 0, -24.65685], "size": [2, 8, 3.31371], "pivot": [11, 4, -23], "rotation": [-45, 0, 0], "uv": [164, 53], "mirror": true},
						{"origin": [7, 0, -24.65685], "size": [2, 8, 3.31371], "uv": [32, 152], "mirror": true}
					]
				},
				{
					"name": "wheel2",
					"parent": "body",
					"pivot": [8, 4, -33],
					"cubes": [
						{"origin": [7, 2.34315, -37], "size": [2, 3.31371, 8], "pivot": [11, 4, -33], "rotation": [-45, 0, 0], "uv": [178, 141], "mirror": true},
						{"origin": [7, 2.34315, -37], "size": [2, 3.31371, 8], "uv": [166, 138], "mirror": true},
						{"origin": [7, 0, -34.65685], "size": [2, 8, 3.31371], "pivot": [11, 4, -33], "rotation": [-45, 0, 0], "uv": [122, 174], "mirror": true},
						{"origin": [7, 0, -34.65685], "size": [2, 8, 3.31371], "uv": [104, 174], "mirror": true}
					]
				}
			]
		}
	]
}