{
	"format_version": "1.8.0",
	"minecraft:client_entity": {
		"description": {
			"identifier": "kuraputi:broomstick_s",
			"materials": {
				"default": "enderman"
			},
			"textures": {
				"default": "textures/entity/broomstick_s",
				"t1": "textures/entity/broomstick_s",
				"t2": "textures/entity/broomstick_s",
				"t3": "textures/entity/broomstick_s"
			},
			"geometry": {
				"default": "geometry.broomstick_s0",
				"g1": "geometry.broomstick_s1",
				"g2": "geometry.broomstick_s2",
				"g3": "geometry.broomstick_s3"
			},
			"particle_effects": {
				"move": "kuraputi:move"
			},
			"animations": {
				"fly": "animation.broomstick.fly",
				"land": "animation.broomstick.land"
			},
			"animation_controllers": [
				{
					"move": "controller.animation.broomstick.move"
				}
			],
			"render_controllers": [
				"controller.render.broomstick4"
			],
			"spawn_egg": {
				"texture": "broomstick_s",
				"texture_index": 0
			}
		}
	}
}
