{
	"format_version": "1.8.0",
	"minecraft:client_entity": {
		"description": {
			"identifier": "kuraputi:broomstick_a",
			"materials": {
				"default": "enderman"
			},
			"textures": {
				"default": "textures/entity/broomstick_a",
				"t1": "textures/entity/broomstick_a",
				"t2": "textures/entity/broomstick_a",
				"t3": "textures/entity/broomstick_a"
			},
			"geometry": {
				"default": "geometry.broomstick_a0",
				"g1": "geometry.broomstick_a1",
				"g2": "geometry.broomstick_a2",
				"g3": "geometry.broomstick_a3"
			},
			"particle_effects": {
				"move": "kuraputi:move"
			},
			"animations": {
				"fly": "animation.broomstick.fly",
				"land": "animation.broomstick.land"
			},
			"animation_controllers": [
				{
					"move": "controller.animation.broomstick.move"
				}
			],
			"render_controllers": [
				"controller.render.broomstick4"
			],
			"spawn_egg": {
				"texture": "broomstick_a",
				"texture_index": 0
			}
		}
	}
}
