{
	"format_version": "1.8.0",
	"minecraft:client_entity": {
		"description": {
			"identifier": "kuraputi:broomstick_c",
			"materials": {
				"default": "enderman"
			},
			"textures": {
				"default": "textures/entity/broomstick_c",
				"t1": "textures/entity/broomstick_c",
				"t2": "textures/entity/broomstick_c",
				"t3": "textures/entity/broomstick_c"
			},
			"geometry": {
				"default": "geometry.broomstick_c0",
				"g1": "geometry.broomstick_c1",
				"g2": "geometry.broomstick_c2",
				"g3": "geometry.broomstick_c3"
			},
			"particle_effects": {
				"move": "kuraputi:move",
   "c_particle": "kuraputi:c_particle"
			},
			"animations": {
				"fly": "animation.broomstick.fly",
				"land": "animation.broomstick.land"
			},
			"animation_controllers": [
				{
					"move": "controller.animation.broomstick.move"
				},
				{
					"c_particle": "controller.animation.broomstick_c_d"
				}
			],
			"render_controllers": [
				"controller.render.broomstick4"
			],
			"spawn_egg": {
				"texture": "broomstick_c",
				"texture_index": 0
			}
		}
	}
}
