{
  "format_version": "1.12.0",
  "minecraft:geometry": [
    {
      "description": {
        "identifier": "geometry.mi_ambush",
        "texture_width": 64,
        "texture_height": 64,
        "visible_bounds_width": 4,
        "visible_bounds_height": 4,
        "visible_bounds_offset": [
          0,
          1,
          0
        ]
      },
      "bones": [
        {
          "name": "bb_main",
          "cubes": [
            {
              "origin": [
                -12.0,
                0.0,
                0.0
              ],
              "size": [
                24.0,
                29.0,
                0.0
              ],
              "uv": [
                0,
                1
              ],
              "inflate": 0
            }
          ]
        }
      ]
    }
  ]
}