{
  "format_version": "1.12.0",
  "minecraft:geometry": [
    {
      "description": {
        "identifier": "geometry.mi_rush",
        "texture_width": 64,
        "texture_height": 64,
        "visible_bounds_width": 6,
        "visible_bounds_height": 7,
        "visible_bounds_offset": [
          0,
          2.5,
          0
        ]
      },
      "bones": [
        {
          "name": "rush"
        },
        {
          "name": "all",
          "pivot": [
            0,
            17,
            0
          ],
          "parent": "rush"
        },
        {
          "name": "bone",
          "pivot": [
            0,
            17,
            0
          ],
          "cubes": [
            {
              "origin": [
                -11.0,
                0.0,
                0.0
              ],
              "size": [
                22.0,
                34.0,
                0.0
              ],
              "uv": [
                0,
                0
              ],
              "inflate": 0
            }
          ],
          "parent": "all"
        },
        {
          "name": "bone2",
          "pivot": [
            0,
            17,
            0
          ],
          "parent": "all"
        },
        {
          "name": "bone3",
          "pivot": [
            12,
            26,
            2
          ],
          "parent": "bone2"
        },
        {
          "name": "bone4",
          "pivot": [
            -9,
            26,
            -6
          ],
          "parent": "bone2"
        },
        {
          "name": "bone5",
          "pivot": [
            -1,
            6,
            3
          ],
          "parent": "bone2"
        },
        {
          "name": "bone11",
          "pivot": [
            -12,
            -1,
            3
          ],
          "parent": "bone2"
        },
        {
          "name": "bone12",
          "pivot": [
            5,
            -6,
            3
          ],
          "parent": "bone2"
        },
        {
          "name": "bone6",
          "pivot": [
            16,
            6,
            3
          ],
          "parent": "bone2"
        },
        {
          "name": "bone7",
          "pivot": [
            11,
            17,
            3
          ],
          "parent": "bone2"
        },
        {
          "name": "bone8",
          "pivot": [
            4,
            33,
            -4
          ],
          "parent": "bone2"
        },
        {
          "name": "bone9",
          "pivot": [
            -6,
            33,
            0
          ],
          "parent": "bone2"
        },
        {
          "name": "bone10",
          "pivot": [
            -14,
            15,
            3
          ],
          "parent": "bone2"
        }
      ]
    }
  ]
}