{
	"file_path": "C:\\Users\\enner\\AppData\\Local\\Packages\\Microsoft.MinecraftUWP_8wekyb3d8bbwe\\LocalState\\games\\com.mojang\\development_resource_packs\\Huggy Wuggy R\\textures\\item_texture.json",
	"file_type": "item_texture",
	"format_version": 1,
	"file_uuid": "975cf572_e4e7_4ff9_a4ee_f676c07011de",
	"file_version": 0,
	"cache_content": {
		"is_minified": true,
		"children": {
			"resource_pack_name": "bridgeRP",
			"texture_name": "atlas.items",
			"texture_data": {
				"huggy_wuggy_spawn": {
					"textures": "textures/items/huggy_wuggy_spawn",
				"huggy_wuggy_f_spawn": {
					"textures": "textures/items/huggy_wuggy_f_spawn"
					
					}
	     		}
			}
		}
	}
}