{
"format_version":"1.16.100",
"minecraft:item":
{
"description":
{
"identifier":"ccb:charles_morph_on",
"category":"items"
},
"components":
{
"minecraft:damage":10,
"minecraft:hand_equipped":false,
"minecraft:max_stack_size":1,
"minecraft:foil":false,
"minecraft:icon":
{
"texture":"choo_choo_charles_egg"
},
"minecraft:display_name":
{
"value":"charles morph (on)"
},
"minecraft:creative_category":
{
"category":"equipment",
"parent":"craftingScreen.tab.equipment"
},
"minecraft:cooldown":
{
"category":"ccb_charles_morph_on",
"duration":1
},
"minecraft:on_use":
{
"on_use":
{
"event":"ccb:use"
}
}
},
"events":
{
"ccb:use":
{
"run_command":
{
"command":
[
"replaceitem entity @s slot.weapon.mainhand 0 ccb:charles_morph_off 1 0 {\"keep_on_death\":{}}",
"tag @p add morph_charles",
"replaceitem entity @s slot.armor.head 0 ccb:charles_morph 1 0 {\"item_lock\":{\"mode\":\"lock_in_inventory\",\"mode\":\"lock_in_slot\"},\"keep_on_death\":{}}"
]
}
}
}
}
}