{
  "format_version": "1.10.0",
  "minecraft:client_entity": {
    "description": {
      "identifier": "minecraft:player",
      "materials": {
        "default": "entity_alphatest",
        "cape": "entity_alphatest",
        "guns": "entity_alphatest",
        "guns2": "slime_outer"
      },
      "textures": {
        "default": "textures/entity/steve",
        "cape": "textures/entity/cape_invisible",
        "mssr": "textures/guns/mssr",
        "r4a3": "textures/guns/r4a3",
        "m16a1": "textures/guns/m16a1",
        "k3": "textures/guns/k3",
        "m14": "textures/guns/m14",
        "m3": "textures/guns/m3",
        "glock17": "textures/guns/glock17",
        "m1911": "textures/guns/m1911"
      },
      "geometry": {
        "default": "geometry.humanoid.custom",
        "cape": "geometry.cape",
        "r4a3": "geometry.r4a3",
        "m16a1": "geometry.m16a1",
        "k3": "geometry.k3",
        "m14": "geometry.m14",
        "m3": "geometry.m3",
        "mssr": "geometry.mssr",
        "glock17": "geometry.glock17",
        "m1911": "geometry.m1911"
      },
      "scripts": {
        "scale": "0.9375",
        "initialize": [
          "variable.is_holding_right = 0.0;",
          "variable.is_blinking = 0.0;",
          "variable.last_blink_time = 0.0;",
          "variable.hand_bob = 0.0;"
        ],
        "pre_animation": [
          "variable.is_third_person = !variable.is_first_person && !variable.map_face_icon;",
          "variable.helmet_layer_visible = 1.0;",
          "variable.leg_layer_visible = 1.0;",
          "variable.boot_layer_visible = 1.0;",
          "variable.chest_layer_visible = 1.0;",
          "variable.attack_body_rot_y = Math.sin(360*Math.sqrt(variable.attack_time)) * 5.0;",
          "variable.tcos0 = (math.cos(query.modified_distance_moved * 38.17) * query.modified_move_speed / variable.gliding_speed_value) * 57.3;",
          "variable.first_person_rotation_factor = math.sin((1 - variable.attack_time) * 180.0);",
          "variable.hand_bob = query.life_time < 0.01 ? 0.0 : variable.hand_bob + ((query.is_on_ground && query.is_alive && !variable.all_firearms ? math.clamp(math.sqrt(math.pow(query.position_delta(0), 2.0) + math.pow(query.position_delta(2), 2.0)), 0.0, 0.1) : 0.0) - variable.hand_bob) * 0.02;",
          "variable.sight = query.is_sneaking;",
          "variable.all_firearms = query.get_equipped_item_name=='r4a3' || query.get_equipped_item_name=='r4a3_emp' || query.get_equipped_item_name=='r4a3_mag' || query.get_equipped_item_name=='m3' || query.get_equipped_item_name=='m3_emp' || query.get_equipped_item_name=='m3_mag' || query.get_equipped_item_name=='k3' || query.get_equipped_item_name=='k3_emp' || query.get_equipped_item_name=='k3_mag' || query.get_equipped_item_name=='m14' || query.get_equipped_item_name=='m14_emp' || query.get_equipped_item_name=='m14_mag' || query.get_equipped_item_name=='mssr' || query.get_equipped_item_name=='mssr_emp' || query.get_equipped_item_name=='mssr_mag' || query.get_equipped_item_name=='m16a1' || query.get_equipped_item_name=='m16a1_emp' || query.get_equipped_item_name=='m16a1_mag' || query.get_equipped_item_name=='m1911' || query.get_equipped_item_name=='m1911_emp' || query.get_equipped_item_name=='m1911_mag' || query.get_equipped_item_name=='glock17' || query.get_equipped_item_name=='glock17_emp' || query.get_equipped_item_name=='glock17_mag';",
          "variable.glock17 = query.get_equipped_item_name=='glock17' || query.get_equipped_item_name=='glock17_emp';",
          "variable.glock17mag = query.get_equipped_item_name=='glock17_mag';",
          "variable.m1911 = query.get_equipped_item_name=='m1911' || query.get_equipped_item_name=='m1911_emp';",
          "variable.m1911mag = query.get_equipped_item_name=='m1911_mag';",
          "variable.r4a3 = query.get_equipped_item_name=='r4a3' || query.get_equipped_item_name=='r4a3_emp';",
          "variable.r4a3mag = query.get_equipped_item_name=='r4a3_mag';",
          "variable.m16a1 = query.get_equipped_item_name=='m16a1' || query.get_equipped_item_name=='m16a1_emp';",
          "variable.m16a1mag = query.get_equipped_item_name=='m16a1_mag';",
          "variable.k3 = query.get_equipped_item_name=='k3' || query.get_equipped_item_name=='k3_emp';",
          "variable.k32 = query.get_equipped_item_name=='k3' || query.get_equipped_item_name=='k3_mag';",
          "variable.k3emp = query.get_equipped_item_name=='k3_emp';",
          "variable.k3mag = query.get_equipped_item_name=='k3_mag';",
          "variable.m14 = query.get_equipped_item_name=='m14' || query.get_equipped_item_name=='m14_emp';",
          "variable.m14mag = query.get_equipped_item_name=='m14_mag';",
          "variable.m3 = query.get_equipped_item_name=='m3' || query.get_equipped_item_name=='m3_emp';",
          "variable.m3mag = query.get_equipped_item_name=='m3_mag';",
          "variable.mssr = query.get_equipped_item_name=='mssr' || query.get_equipped_item_name=='mssr_emp';",
          "variable.mssrmag = query.get_equipped_item_name=='mssr_mag';",
          "variable.m14e = query.get_equipped_item_name=='m14_mag' && query.is_using_item && query.is_item_name_any('slot.hotbar', 0, 'gun:m14_emp') || query.is_item_name_any('slot.hotbar', 1, 'gun:m14_emp') || query.is_item_name_any('slot.hotbar', 2, 'gun:m14_emp') || query.is_item_name_any('slot.hotbar', 3, 'gun:m14_emp') || query.is_item_name_any('slot.hotbar', 4, 'gun:m14_emp') || query.is_item_name_any('slot.hotbar', 5, 'gun:m14_emp') || query.is_item_name_any('slot.hotbar', 6, 'gun:m14_emp') || query.is_item_name_any('slot.hotbar', 7, 'gun:m14_emp') || query.is_item_name_any('slot.hotbar', 8, 'gun:m14_emp');",          
          "variable.mssre = query.get_equipped_item_name=='mssr_mag' && query.is_using_item && query.is_item_name_any('slot.hotbar', 0, 'gun:mssr_emp') || query.is_item_name_any('slot.hotbar', 1, 'gun:mssr_emp') || query.is_item_name_any('slot.hotbar', 2, 'gun:mssr_emp') || query.is_item_name_any('slot.hotbar', 3, 'gun:mssr_emp') || query.is_item_name_any('slot.hotbar', 4, 'gun:mssr_emp') || query.is_item_name_any('slot.hotbar', 5, 'gun:mssr_emp') || query.is_item_name_any('slot.hotbar', 6, 'gun:mssr_emp') || query.is_item_name_any('slot.hotbar', 7, 'gun:mssr_emp') || query.is_item_name_any('slot.hotbar', 8, 'gun:mssr_emp');",                  
          "variable.r4a3e = query.get_equipped_item_name=='r4a3_mag' && query.is_using_item && query.is_item_name_any('slot.hotbar', 0, 'gun:r4a3_emp') || query.is_item_name_any('slot.hotbar', 1, 'gun:r4a3_emp') || query.is_item_name_any('slot.hotbar', 2, 'gun:r4a3_emp') || query.is_item_name_any('slot.hotbar', 3, 'gun:r4a3_emp') || query.is_item_name_any('slot.hotbar', 4, 'gun:r4a3_emp') || query.is_item_name_any('slot.hotbar', 5, 'gun:r4a3_emp') || query.is_item_name_any('slot.hotbar', 6, 'gun:r4a3_emp') || query.is_item_name_any('slot.hotbar', 7, 'gun:r4a3_emp') || query.is_item_name_any('slot.hotbar', 8, 'gun:r4a3_emp');",                                 
          "variable.m16a1e = query.get_equipped_item_name=='m16a1_mag' && query.is_using_item && query.is_item_name_any('slot.hotbar', 0, 'gun:m16a1_emp') || query.is_item_name_any('slot.hotbar', 1, 'gun:m16a1_emp') || query.is_item_name_any('slot.hotbar', 2, 'gun:m16a1_emp') || query.is_item_name_any('slot.hotbar', 3, 'gun:m16a1_emp') || query.is_item_name_any('slot.hotbar', 4, 'gun:m16a1_emp') || query.is_item_name_any('slot.hotbar', 5, 'gun:m16a1_emp') || query.is_item_name_any('slot.hotbar', 6, 'gun:m16a1_emp') || query.is_item_name_any('slot.hotbar', 7, 'gun:m16a1_emp') || query.is_item_name_any('slot.hotbar', 8, 'gun:m16a1_emp');",       
          "variable.m3e = query.get_equipped_item_name=='m3_mag' && query.is_using_item && query.is_item_name_any('slot.hotbar', 0, 'gun:m3_emp') || query.is_item_name_any('slot.hotbar', 1, 'gun:m3_emp') || query.is_item_name_any('slot.hotbar', 2, 'gun:m3_emp') || query.is_item_name_any('slot.hotbar', 3, 'gun:m3_emp') || query.is_item_name_any('slot.hotbar', 4, 'gun:m3_emp') || query.is_item_name_any('slot.hotbar', 5, 'gun:m3_emp') || query.is_item_name_any('slot.hotbar', 6, 'gun:m3_emp') || query.is_item_name_any('slot.hotbar', 7, 'gun:m3_emp') || query.is_item_name_any('slot.hotbar', 8, 'gun:m3_emp');",                                
          "variable.glock17e = query.get_equipped_item_name=='glock17_mag' && query.is_using_item && query.is_item_name_any('slot.hotbar', 0, 'gun:glock17_emp') || query.is_item_name_any('slot.hotbar', 1, 'gun:glock17_emp') || query.is_item_name_any('slot.hotbar', 2, 'gun:glock17_emp') || query.is_item_name_any('slot.hotbar', 3, 'gun:glock17_emp') || query.is_item_name_any('slot.hotbar', 4, 'gun:glock17_emp') || query.is_item_name_any('slot.hotbar', 5, 'gun:glock17_emp') || query.is_item_name_any('slot.hotbar', 6, 'gun:glock17_emp') || query.is_item_name_any('slot.hotbar', 7, 'gun:glock17_emp') || query.is_item_name_any('slot.hotbar', 8, 'gun:glock17_emp');",                                 
          "variable.m1911e = query.get_equipped_item_name=='m1911_mag' && query.is_using_item && query.is_item_name_any('slot.hotbar', 0, 'gun:m1911_emp') || query.is_item_name_any('slot.hotbar', 1, 'gun:m1911_emp') || query.is_item_name_any('slot.hotbar', 2, 'gun:m1911_emp') || query.is_item_name_any('slot.hotbar', 3, 'gun:m1911_emp') || query.is_item_name_any('slot.hotbar', 4, 'gun:m1911_emp') || query.is_item_name_any('slot.hotbar', 5, 'gun:m1911_emp') || query.is_item_name_any('slot.hotbar', 6, 'gun:m1911_emp') || query.is_item_name_any('slot.hotbar', 7, 'gun:m1911_emp') || query.is_item_name_any('slot.hotbar', 8, 'gun:m1911_emp');",                                 
          "variable.k3e = query.get_equipped_item_name=='k3_mag' && query.is_using_item && query.is_item_name_any('slot.hotbar', 0, 'gun:k3_emp') || query.is_item_name_any('slot.hotbar', 1, 'gun:k3_emp') || query.is_item_name_any('slot.hotbar', 2, 'gun:k3_emp') || query.is_item_name_any('slot.hotbar', 3, 'gun:k3_emp') || query.is_item_name_any('slot.hotbar', 4, 'gun:k3_emp') || query.is_item_name_any('slot.hotbar', 5, 'gun:k3_emp') || query.is_item_name_any('slot.hotbar', 6, 'gun:k3_emp') || query.is_item_name_any('slot.hotbar', 7, 'gun:k3_emp') || query.is_item_name_any('slot.hotbar', 8, 'gun:k3_emp');",                 
          "variable.map_angle = math.clamp(1 - variable.player_x_rotation / 45.1, 0.0, 1.0);",
          "variable.item_use_normalized = query.main_hand_item_use_duration / query.main_hand_item_max_duration;"
        ],
        "animate": [
          "root",
          {
            "mssr_first_person": "variable.is_first_person"
          },
          {
            "mssr_third_person": "variable.is_third_person"         
          },
          {
            "glock17_first_person": "variable.is_first_person"
          },  
          {
            "glock17_third_person": "variable.is_third_person"         
          },         
          {
            "m1911_first_person": "variable.is_first_person"
          },
          {
            "m1911_third_person": "variable.is_third_person"         
          },
          {
            "r4a3_first_person": "variable.is_first_person"
          },
          {
            "r4a3_third_person": "variable.is_third_person"         
          },         
          {
            "m16a1_first_person": "variable.is_first_person"
          },
          {
            "m16a1_third_person": "variable.is_third_person"         
          },
          {
            "k3_first_person": "variable.is_first_person"
          },
          {
            "k3_third_person": "variable.is_third_person"         
          },
          {
            "m14_first_person": "variable.is_first_person"
          },
          {
            "m14_third_person": "variable.is_third_person"         
          },
          {
            "m3_first_person": "variable.is_first_person"
          },
          {
            "m3_third_person": "variable.is_third_person"        
          }
        ]
      },
      "animations": {
        "root": "controller.animation.player.root",
        "base_controller": "controller.animation.player.base",
        "hudplayer": "controller.animation.player.hudplayer",
        "humanoid_base_pose": "animation.humanoid.base_pose",
        "look_at_target": "controller.animation.humanoid.look_at_target",
        "look_at_target_ui": "animation.player.look_at_target.ui",
        "look_at_target_default": "animation.humanoid.look_at_target.default",
        "look_at_target_gliding": "animation.humanoid.look_at_target.gliding",
        "look_at_target_swimming": "animation.humanoid.look_at_target.swimming",
        "look_at_target_inverted": "animation.player.look_at_target.inverted",
        "cape": "animation.player.cape",
        "move.arms": "animation.player.move.arms",
        "move.legs": "animation.player.move.legs",
        "swimming": "animation.player.swim",
        "swimming.legs": "animation.player.swim.legs",
        "riding.arms": "animation.player.riding.arms",
        "riding.legs": "animation.player.riding.legs",
        "holding": "animation.player.holding",
        "brandish_spear": "animation.humanoid.brandish_spear",
        "charging": "animation.humanoid.charging",
        "attack.positions": "animation.player.attack.positions",
        "attack.rotations": "animation.player.attack.rotations",
        "sneaking": "animation.player.sneaking",
        "bob": "animation.player.bob",
        "damage_nearby_mobs": "animation.humanoid.damage_nearby_mobs",
        "bow_and_arrow": "animation.humanoid.bow_and_arrow",
        "use_item_progress": "animation.humanoid.use_item_progress",
        "skeleton_attack": "animation.skeleton.attack",
        "sleeping": "animation.player.sleeping",
        "first_person_base_pose": "animation.player.first_person.base_pose",
        "first_person_empty_hand": "animation.player.first_person.empty_hand",
        "first_person_swap_item": "animation.player.first_person.swap_item",
        "first_person_attack_controller": "controller.animation.player.first_person_attack",
        "first_person_attack_rotation": "animation.player.first_person.attack_rotation",
        "first_person_vr_attack_rotation": "animation.player.first_person.vr_attack_rotation",
        "first_person_walk": "animation.player.first_person.walk",
        "first_person_map_controller": "controller.animation.player.first_person_map",
        "first_person_map_hold": "animation.player.first_person.map_hold",
        "first_person_map_hold_attack": "animation.player.first_person.map_hold_attack",
        "first_person_map_hold_off_hand": "animation.player.first_person.map_hold_off_hand",
        "first_person_map_hold_main_hand": "animation.player.first_person.map_hold_main_hand",
        "first_person_crossbow_equipped": "animation.player.first_person.crossbow_equipped",
        "third_person_crossbow_equipped": "animation.player.crossbow_equipped",
        "third_person_bow_equipped": "animation.player.bow_equipped",
        "crossbow_hold": "animation.player.crossbow_hold",
        "crossbow_controller": "controller.animation.player.crossbow",
        "shield_block_main_hand": "animation.player.shield_block_main_hand",
        "shield_block_off_hand": "animation.player.shield_block_off_hand",
        "blink": "controller.animation.persona.blink",
        "mssr_first_person": "controller.animation.mssr.fp",
        "mssr_third_person": "controller.animation.mssr.tp",
        "mssr_low": "animation.mssr.low",
        "mssr_hold_mag": "animation.mssr.hold.mag",
        "mssr_draw": "animation.mssr.draw",
        "mssr_sprint": "animation.mssr.sprint",
        "mssr_sight": "animation.mssr.sight",
        "mssr_reload": "animation.mssr.reload",
        "mssr_low_tp": "animation.mssr.low.tp",
        "mssr_hold_mag_tp": "animation.mssr.hold.mag.tp",
        "mssr_draw_tp": "animation.mssr.draw.tp",
        "mssr_sprint_tp": "animation.mssr.sprint.tp",
        "mssr_sight_tp": "animation.mssr.sight.tp",
        "mssr_reload_tp": "animation.mssr.reload.tp",
        
        "glock17_first_person": "controller.animation.glock17.fp",
        "glock17_third_person": "controller.animation.glock17.tp",
        "glock17_low": "animation.glock17.low",
        "glock17_hold_mag": "animation.glock17.hold.mag",
        "glock17_draw": "animation.glock17.draw",
        "glock17_sprint": "animation.glock17.sprint",
        "glock17_sight": "animation.glock17.sight",
        "glock17_reload": "animation.glock17.reload",
        "glock17_low_tp": "animation.glock17.low.tp",
        "glock17_hold_mag_tp": "animation.glock17.hold.mag.tp",
        "glock17_draw_tp": "animation.glock17.draw.tp",
        "glock17_sprint_tp": "animation.glock17.sprint.tp",
        "glock17_sight_tp": "animation.glock17.sight.tp",
        "glock17_reload_tp": "animation.glock17.reload.tp",
        
        "m1911_first_person": "controller.animation.m1911.fp",
        "m1911_third_person": "controller.animation.m1911.tp",
        "m1911_low": "animation.m1911.low",
        "m1911_hold_mag": "animation.m1911.hold.mag",
        "m1911_draw": "animation.m1911.draw",
        "m1911_sprint": "animation.m1911.sprint",
        "m1911_sight": "animation.m1911.sight",
        "m1911_reload": "animation.m1911.reload",
        "m1911_low_tp": "animation.m1911.low.tp",
        "m1911_hold_mag_tp": "animation.m1911.hold.mag.tp",
        "m1911_draw_tp": "animation.m1911.draw.tp",
        "m1911_sprint_tp": "animation.m1911.sprint.tp",
        "m1911_sight_tp": "animation.m1911.sight.tp",
        "m1911_reload_tp": "animation.m1911.reload.tp",
        "r4a3_first_person": "controller.animation.r4a3.fp",
        "r4a3_third_person": "controller.animation.r4a3.tp",
        "r4a3_low": "animation.r4a3.low",
        "r4a3_hold_mag": "animation.r4a3.hold.mag",
        "r4a3_draw": "animation.r4a3.draw",
        "r4a3_sprint": "animation.r4a3.sprint",
        "r4a3_sight": "animation.r4a3.sight",
        "r4a3_reload": "animation.r4a3.reload",
        "r4a3_low_tp": "animation.r4a3.low.tp",
        "r4a3_hold_mag_tp": "animation.r4a3.hold.mag.tp",
        "r4a3_draw_tp": "animation.r4a3.draw.tp",
        "r4a3_sprint_tp": "animation.r4a3.sprint.tp",
        "r4a3_sight_tp": "animation.r4a3.sight.tp",
        "r4a3_reload_tp": "animation.r4a3.reload.tp",
        
        "m16a1_first_person": "controller.animation.m16a1.fp",
        "m16a1_third_person": "controller.animation.m16a1.tp",
        "m16a1_low": "animation.m16a1.low",
        "m16a1_hold_mag": "animation.m16a1.hold.mag",
        "m16a1_draw": "animation.m16a1.draw",
        "m16a1_sprint": "animation.m16a1.sprint",
        "m16a1_sight": "animation.m16a1.sight",
        "m16a1_reload": "animation.m16a1.reload",
        "m16a1_low_tp": "animation.m16a1.low.tp",
        "m16a1_hold_mag_tp": "animation.m16a1.hold.mag.tp",
        "m16a1_draw_tp": "animation.m16a1.draw.tp",
        "m16a1_sprint_tp": "animation.m16a1.sprint.tp",
        "m16a1_sight_tp": "animation.m16a1.sight.tp",
        "m16a1_reload_tp": "animation.m16a1.reload.tp",
        
        "k3_first_person": "controller.animation.k3.fp",
        "k3_third_person": "controller.animation.k3.tp",
        "k3_low": "animation.k3.low",
        "k3_emp": "animation.k3.emp",
        "k3_hold_mag": "animation.k3.hold.mag",
        "k3_draw": "animation.k3.draw",
        "k3_sprint": "animation.k3.sprint",
        "k3_sight": "animation.k3.sight",
        "k3_reload": "animation.k3.reload",
        "k3_low_tp": "animation.k3.low.tp",
        "k3_hold_mag_tp": "animation.k3.hold.mag.tp",
        "k3_draw_tp": "animation.k3.draw.tp",
        "k3_sprint_tp": "animation.k3.sprint.tp",
        "k3_sight_tp": "animation.k3.sight.tp",
        "k3_reload_tp": "animation.k3.reload.tp",
   
        "m14_first_person": "controller.animation.m14.fp",
        "m14_third_person": "controller.animation.m14.tp",
        "m14_low": "animation.m14.low",
        "m14_hold_mag": "animation.m14.hold.mag",
        "m14_draw": "animation.m14.draw",
        "m14_sprint": "animation.m14.sprint",
        "m14_sight": "animation.m14.sight",
        "m14_reload": "animation.m14.reload",
        "m14_low_tp": "animation.m14.low.tp",
        "m14_hold_mag_tp": "animation.m14.hold.mag.tp",
        "m14_draw_tp": "animation.m14.draw.tp",
        "m14_sprint_tp": "animation.m14.sprint.tp",
        "m14_sight_tp": "animation.m14.sight.tp",
        "m14_reload_tp": "animation.m14.reload.tp",
        "m3_first_person": "controller.animation.m3.fp",
        "m3_third_person": "controller.animation.m3.tp",
        "m3_low": "animation.m3.low",
        "m3_hold_mag": "animation.m3.hold.mag",
        "m3_draw": "animation.m3.draw",
        "m3_sprint": "animation.m3.sprint",
        "m3_sight": "animation.m3.sight",
        "m3_reload": "animation.m3.reload",
        "m3_low_tp": "animation.m3.low.tp",
        "m3_hold_mag_tp": "animation.m3.hold.mag.tp",
        "m3_draw_tp": "animation.m3.draw.tp",
        "m3_sprint_tp": "animation.m3.sprint.tp",
        "m3_sight_tp": "animation.m3.sight.tp",
        "m3_reload_tp": "animation.m3.reload.tp"
      },
      "sound_effects": {
        "rifle.draw": "rifle.draw",
        "rifle.draw2": "rifle.draw2",
        "rifle.draw3": "rifle.draw3",
        "pistol.draw": "pistol.draw",
        "pistol.draw2": "pistol.draw2",
        "pistol.draw3": "pistol.draw3",
        "rifle.ads": "rifle.ads",
        "rifle.ads2": "rifle.ads2",
        "marksman.ads": "marksman.ads",
        "marksman.ads2": "marksman.ads2",
        "pistol.ads": "pistol.ads",
        "pistol.ads2": "pistol.ads2",
        "pistol.ads3": "pistol.ads3",
        "mssr.open": "mssr.open",
        "mssr.kokang": "mssr.kokang",
        "mssr.close": "mssr.close",
        "mssr.shell": "mssr.shell",
        "r4a3.magless": "r4a3.magless",
        "r4a3.magin": "r4a3.magin",
        "r4a3.kokang1": "r4a3.kokang1",
        "r4a3.kokang2": "r4a3.kokang2",
        "m16a1.magless": "m16a1.magless",
        "m16a1.magin": "m16a1.magin",
        "m16a1.kokang1": "m16a1.kokang1",
        "m16a1.kokang2": "m16a1.kokang2",
        "k3.magless": "k3.magless",
        "m14.magless": "m14.magless",
        "glock17.magless": "glock17.magless",
        "glock17.magin": "glock17.magin",
        "glock17.kokang": "glock17.kokang",
        "m1911.magless": "m1911.magless",
        "m1911.magin": "m1911.magin",
        "m1911.kokang": "m1911.kokang",
        "frag.pin": "frag.pin",
        "frag.throw": "frag.throw",
        "frag.land": "frag.land"
      },
      "particle_effects": {
		  "fx.muzzle": "fx:muzzle",
		  "fx.muzzle2": "fx:muzzle2",
          "fx.muzzle3": "fx:muzzle3",
		  "fx.port": "fx:port",
		  "fx.port2": "fx:port2"
	   },
      "render_controllers": [
        {
          "controller.render.player.first_person": "variable.is_first_person"
        },
        {
          "controller.render.player.third_person": "variable.is_third_person"
        },
        {
          "controller.render.player.map": "variable.map_face_icon"
        },
        {
          "controller.render.mssr": "variable.mssr || variable.mssrmag"
        },
        {
          "controller.render.m1911": "variable.m1911 || variable.m1911mag"
        },
        {
          "controller.render.glock17": "variable.glock17 || variable.glock17mag"
        },
        {
          "controller.render.r4a3": "variable.r4a3 || variable.r4a3mag"
        },
        {
          "controller.render.m16a1": "variable.m16a1 || variable.m16a1mag" 
        },
        {
          "controller.render.k3": "variable.k3 || variable.k3mag"
        },
        {
          "controller.render.m14": "variable.m14 || variable.m14mag"
        },
        {
          "controller.render.m3": "variable.m3 || variable.m3mag"
        }
      ],
      "enable_attachables": true
    }
  }
}