{
	"format_version" : "1.10.0",
	"animation_controllers" : {
		"controller.animation.rail_tractor.move" : {
			"initial_state" : "default",
			"states" : {
				"default" : {
					"animations" : [
            {
							"move" : "query.modified_move_speed"
						}
					],
          "blend_transition" : 0.3,
					"transitions" : [
						{
							"no_smoke" : "query.modified_move_speed < 0.1"
						}
					],
          "particle_effects": [
            {
              "effect": "dust_builder",
              "locator": "stacko"
            }
          ]
				},
				"no_smoke" : {
          "blend_transition" : 0.3,
					"animations" : [ { "move" : "query.modified_move_speed" } ],
					"transitions" : [
						{
							"default" : "query.modified_move_speed > 0.1"
						}
					]
				}
			}
		}
	}
}
