{
  "format_version": "1.16.100",
  "minecraft:entity": {
    "description": {
      "identifier": "ag1:boxy_spawn",
      "is_spawnable": true,
      "is_summonable": true,
      "is_experimental": false,
      "scripts": {
        "animate": [
          "spin"
        ]
      },
      "animations": {
        "spin": "animation.boxy_spin"
      }
    },
    "component_groups": {
      "docile": {
        "minecraft:timer": {
          "looping": false,
          "time": 10,
          "randomInterval": false,
          "time_down_event": {
            "event": "revert"
          }
        }
      },
      "revert": {
        "minecraft:transformation": {
          "into": "ag1:boxy_boo"
        }
      }
    },
    "components": {
      "minecraft:type_family": {
        "family": [
          "monster"
        ]
      },
      "minecraft:damage_sensor": {
        "triggers": {
          "cause": "fall",
          "deals_damage": false
        }
      },
      "minecraft:behavior.float": {
        "priority": 0
      },
      "minecraft:knockback_resistance": {
        "value": 1.0,
        "max": 1.0
      },
      "minecraft:nameable": {
        "alwaysShow": false,
        "allowNameTagRenaming": false
      },
      "minecraft:collision_box": {
        "height": 0.7,
        "width": 0.5
      },
      "minecraft:loot": {
        "table": "loot_tables/entities/robot.json"
      },
      "minecraft:health": {
        "value": 270,
        "max": 270
      },
      "minecraft:fall_damage": {
        "value": 0.0
      },
      "minecraft:timer": {
        "looping": false,
        "time": 30,
        "randomInterval": false,
        "time_down_event": {
          "event": "phase"
        }
      },
      "minecraft:physics": {},
      "minecraft:follow_range": {
        "value": 32
      },
      "minecraft:experience_reward": {
        "on_death": "query.last_hit_by_player ? 10 : 0"
      },
      "minecraft:underwater_movement": {
        "value": 0.02
      },
      "minecraft:scale": {
        "value": 1.0
      },
      "minecraft:fire_immune": true,
      "minecraft:behavior.owner_hurt_by_target": {
        "priority": 1
      },
      "minecraft:behavior.owner_hurt_target": {
        "priority": 2
      },
      "minecraft:annotation.break_door": {
        "break_time": 10.0,
        "min_difficulty": "easy"
      },
      "minecraft:on_death": {
        "event": "on:death",
        "target": "self"
      },
      "minecraft:on_hurt": {
        "event": "on:hurt",
        "target": "self"
      },
      "minecraft:on_hurt_by_player": {
        "event": "on:hurt_by_player",
        "target": "self"
      },
      "minecraft:on_ignite": {
        "event": "on:ignite",
        "target": "self"
      },
      "minecraft:on_target_acquired": {
        "event": "on:target_acquired",
        "target": "self"
      },
      "minecraft:on_target_escape": {
        "event": "on:target_escape",
        "target": "self"
      },
      "minecraft:on_wake_with_owner": {
        "event": "on:wake_with_owner",
        "target": "self"
      },
      "minecraft:spawn_entity": {
        "entities": [
          {
            "num_to_spawn": 0,
            "min_wait_time": 0,
            "max_wait_time": 0,
            "spawn_entity": "minecraft:arrow",
            "single_use": true,
            "spawn_sound": "spawn"
          }
        ]
      }
    },
    "events": {
      "phase": {
        "add": {
          "component_groups": [
            "revert"
          ]
        }
      }
    }
  }
}