{
	"format_version": "1.12.0",
	"minecraft:geometry": [
		{
			"description": {
				"identifier": "geometry.experiment1006",
				"texture_width": 260,
				"texture_height": 260,
				"visible_bounds_width": 19,
				"visible_bounds_height": 4,
				"visible_bounds_offset": [0, 1, 0]
			},
			"bones": [
				{
					"name": "experiment1006",
					"pivot": [0, 4, 25],
					"rotation": [90, 0, 0]
				},
				{
					"name": "tronco",
					"parent": "experiment1006",
					"pivot": [-9, 4, 25],
					"cubes": [
						{"origin": [0, -75, 21], "size": [3, 60, 9], "uv": [107, 0]},
						{"origin": [0, -86, 22], "size": [3, 12, 6], "uv": [107, 0]},
						{"origin": [1, -89, 24], "size": [1, 3, 2], "uv": [42, 49]},
						{"origin": [-1, -85, 23], "size": [5, 9, 4], "uv": [107, 0]},
						{"origin": [-2, -84, 24], "size": [7, 7, 2], "uv": [107, 0]},
						{"origin": [-2, -15, 24], "size": [7, 28, 3], "uv": [0, 0]},
						{"origin": [-1, 29, 24], "size": [5, 28, 3], "uv": [0, 0]},
						{"origin": [0, 29, 23], "size": [3, 28, 5], "uv": [0, 0]},
						{"origin": [0, 3, 22], "size": [3, 26, 7], "uv": [0, 0]},
						{"origin": [0, -15, 22], "size": [3, 26, 7], "uv": [0, 0]},
						{"origin": [0, 56, 24], "size": [3, 28, 3], "uv": [0, 0]},
						{"origin": [-2, 1, 24], "size": [7, 28, 3], "uv": [0, 0]},
						{"origin": [-4, -45, 24], "size": [11, 30, 3], "uv": [0, 0]},
						{"origin": [-4, -75, 24], "size": [11, 30, 3], "uv": [0, 0]}
					]
				},
				{
					"name": "cabcabo",
					"parent": "tronco",
					"pivot": [-0.6125, -4.075, 24.45],
					"cubes": [
						{"origin": [-8, -54, 25], "size": [1, 19, 1], "uv": [48, 122]},
						{"origin": [-7, -35, 26], "size": [1, 6, 1], "uv": [48, 122]},
						{"origin": [-6, -29, 27], "size": [1, 6, 1], "uv": [48, 122]},
						{"origin": [-6, -23, 28], "size": [1, 9, 1], "uv": [56, 88]},
						{"origin": [-5, -14, 27], "size": [1, 10, 1], "uv": [56, 88]},
						{"origin": [-4, -4, 27], "size": [1, 6, 1], "uv": [56, 88]},
						{"origin": [-3, 2, 28], "size": [1, 7, 1], "uv": [56, 88]},
						{"origin": [-2, 9, 29], "size": [1, 7, 1], "uv": [56, 88]},
						{"origin": [-1, 16, 29], "size": [1, 4, 1], "uv": [48, 129]},
						{"origin": [0, 20, 29], "size": [1, 3, 1], "uv": [48, 129]},
						{"origin": [1, 23, 29], "size": [2, 3, 1], "uv": [48, 129]},
						{"origin": [3, 26, 29], "size": [1, 3, 1], "uv": [48, 129]},
						{"origin": [4, 29, 28], "size": [1, 3, 1], "uv": [48, 129]},
						{"origin": [4, 32, 25], "size": [1, 1, 3], "uv": [48, 129]},
						{"origin": [2, 35, 22], "size": [1, 2, 1], "uv": [48, 129]},
						{"origin": [1, 37, 22], "size": [1, 2, 1], "uv": [48, 129]},
						{"origin": [0, 39, 22], "size": [1, 2, 1], "uv": [48, 129]},
						{"origin": [-1, 41, 22], "size": [1, 2, 1], "uv": [48, 129]},
						{"origin": [-2, 43, 23], "size": [1, 3, 1], "uv": [48, 129]},
						{"origin": [-3, 46, 22], "size": [1, 6, 1], "uv": [48, 94]},
						{"origin": [-2, 52, 23], "size": [1, 5, 1], "uv": [48, 94]},
						{"origin": [-2, 57, 24], "size": [1, 8, 1], "uv": [48, 94]},
						{"origin": [-1, 65, 23], "size": [1, 5, 1], "uv": [48, 94]},
						{"origin": [0, 70, 22], "size": [1, 5, 1], "uv": [48, 94]},
						{"origin": [1, 75, 23], "size": [1, 5, 1], "uv": [48, 94]},
						{"origin": [3, 34, 23], "size": [1, 1, 1], "uv": [48, 129]},
						{"origin": [4, 33, 24], "size": [1, 1, 1], "uv": [48, 129]},
						{"origin": [-7, -56, 24], "size": [1, 3, 1], "uv": [48, 122]},
						{"origin": [-6, -59, 23], "size": [1, 3, 1], "uv": [48, 77]},
						{"origin": [-5, -61, 22], "size": [1, 2, 1], "uv": [48, 77]},
						{"origin": [-3, -64, 20], "size": [1, 1, 1], "uv": [48, 77]},
						{"origin": [-2, -65, 19], "size": [1, 1, 1], "uv": [48, 77]},
						{"origin": [-1, -66, 19], "size": [1, 1, 1], "uv": [48, 77]},
						{"origin": [0, -67, 19], "size": [1, 1, 1], "uv": [48, 77]},
						{"origin": [2, -69, 20], "size": [1, 1, 1], "uv": [48, 77]},
						{"origin": [3, -71, 21], "size": [1, 2, 1], "uv": [48, 77]},
						{"origin": [3, -81, 23], "size": [1, 2, 1], "uv": [48, 77]},
						{"origin": [4, -79, 22], "size": [1, 8, 1], "uv": [48, 77]},
						{"origin": [1, -68, 19], "size": [1, 1, 1], "uv": [48, 77]},
						{"origin": [-4, -63, 21], "size": [1, 2, 1], "uv": [48, 77]}
					]
				},
				{
					"name": "cabcabo2",
					"parent": "cabcabo",
					"pivot": [1.3875, -4.075, 25.45],
					"rotation": [0, 180, 0],
					"cubes": [
						{"origin": [-6, -54, 25], "size": [1, 19, 1], "uv": [48, 122]},
						{"origin": [-5, -35, 26], "size": [1, 6, 1], "uv": [48, 122]},
						{"origin": [-4, -29, 27], "size": [1, 6, 1], "uv": [48, 122]},
						{"origin": [-4, -23, 28], "size": [1, 9, 1], "uv": [56, 88]},
						{"origin": [-3, -14, 27], "size": [1, 10, 1], "uv": [56, 88]},
						{"origin": [-2, -4, 27], "size": [1, 6, 1], "uv": [56, 88]},
						{"origin": [-1, 2, 28], "size": [1, 7, 1], "uv": [56, 88]},
						{"origin": [0, 9, 29], "size": [1, 7, 1], "uv": [56, 88]},
						{"origin": [1, 16, 29], "size": [1, 4, 1], "uv": [48, 129]},
						{"origin": [2, 20, 29], "size": [1, 3, 1], "uv": [48, 129]},
						{"origin": [3, 23, 29], "size": [2, 3, 1], "uv": [48, 129]},
						{"origin": [5, 26, 29], "size": [1, 3, 1], "uv": [48, 129]},
						{"origin": [6, 29, 28], "size": [1, 3, 1], "uv": [48, 129]},
						{"origin": [6, 32, 25], "size": [1, 1, 3], "uv": [48, 129]},
						{"origin": [4, 35, 22], "size": [1, 2, 1], "uv": [48, 129]},
						{"origin": [3, 37, 22], "size": [1, 2, 1], "uv": [48, 129]},
						{"origin": [2, 39, 22], "size": [1, 2, 1], "uv": [48, 129]},
						{"origin": [1, 41, 22], "size": [1, 2, 1], "uv": [48, 129]},
						{"origin": [0, 43, 23], "size": [1, 3, 1], "uv": [48, 129]},
						{"origin": [-1, 46, 24], "size": [1, 6, 1], "uv": [48, 94]},
						{"origin": [0, 52, 25], "size": [1, 5, 1], "uv": [48, 94]},
						{"origin": [0, 57, 24], "size": [1, 8, 1], "uv": [48, 94]},
						{"origin": [1, 65, 23], "size": [1, 5, 1], "uv": [48, 94]},
						{"origin": [2, 70, 22], "size": [1, 5, 1], "uv": [48, 94]},
						{"origin": [3, 75, 23], "size": [1, 5, 1], "uv": [48, 94]},
						{"origin": [5, 34, 23], "size": [1, 1, 1], "uv": [48, 129]},
						{"origin": [6, 33, 24], "size": [1, 1, 1], "uv": [48, 129]},
						{"origin": [-5, -56, 24], "size": [1, 3, 1], "uv": [48, 122]},
						{"origin": [-4, -59, 23], "size": [1, 3, 1], "uv": [48, 77]},
						{"origin": [-3, -61, 22], "size": [1, 2, 1], "uv": [48, 77]},
						{"origin": [-1, -64, 20], "size": [1, 1, 1], "uv": [48, 77]},
						{"origin": [0, -65, 19], "size": [1, 1, 1], "uv": [48, 77]},
						{"origin": [1, -66, 19], "size": [1, 1, 1], "uv": [48, 77]},
						{"origin": [2, -67, 19], "size": [1, 1, 1], "uv": [48, 77]},
						{"origin": [4, -69, 20], "size": [1, 1, 1], "uv": [48, 77]},
						{"origin": [5, -71, 21], "size": [1, 2, 1], "uv": [48, 77]},
						{"origin": [5, -81, 23], "size": [1, 2, 1], "uv": [48, 77]},
						{"origin": [6, -79, 22], "size": [1, 8, 1], "uv": [48, 77]},
						{"origin": [3, -68, 19], "size": [1, 1, 1], "uv": [48, 77]},
						{"origin": [-2, -63, 21], "size": [1, 2, 1], "uv": [48, 77]}
					]
				},
				{
					"name": "ossos",
					"parent": "experiment1006",
					"pivot": [-20, 4, 25],
					"cubes": [
						{"origin": [1, 23, 20], "size": [5, 3, 4], "uv": [20, 48]},
						{"origin": [2, 26, 21], "size": [3, 3, 3], "uv": [20, 48]},
						{"origin": [1, 29, 21], "size": [3, 3, 3], "uv": [20, 48]},
						{"origin": [0, 32, 22], "size": [3, 3, 3], "uv": [20, 48]},
						{"origin": [-2, 35, 22], "size": [3, 3, 3], "uv": [20, 48]},
						{"origin": [-4, 43, 24], "size": [2, 26, 3], "uv": [20, 38]},
						{"origin": [-3, 73, 25], "size": [3, 6, 3], "uv": [20, 38]},
						{"origin": [-4, 69, 24], "size": [3, 4, 3], "uv": [20, 38]},
						{"origin": [-3, 38, 23], "size": [3, 5, 3], "uv": [20, 48]}
					]
				},
				{
					"name": "ossos2",
					"parent": "ossos",
					"pivot": [3.22222, 44, 27],
					"rotation": [0, 180, 0],
					"cubes": [
						{"origin": [4, 23, 23], "size": [5, 3, 4], "uv": [20, 48]},
						{"origin": [5, 26, 24], "size": [3, 3, 3], "uv": [20, 48]},
						{"origin": [4, 29, 24], "size": [3, 3, 3], "uv": [20, 48]},
						{"origin": [3, 32, 25], "size": [3, 3, 3], "uv": [20, 48]},
						{"origin": [1, 35, 25], "size": [3, 3, 3], "uv": [20, 48]},
						{"origin": [-1, 43, 27], "size": [2, 26, 3], "uv": [20, 38]},
						{"origin": [0, 73, 28], "size": [3, 6, 3], "uv": [20, 38]},
						{"origin": [-1, 69, 27], "size": [3, 4, 3], "uv": [20, 38]},
						{"origin": [0, 38, 26], "size": [3, 5, 3], "uv": [20, 48]}
					]
				},
				{
					"name": "hand",
					"parent": "experiment1006",
					"pivot": [2, 85, 26],
					"rotation": [-35, 0, 0]
				},
				{
					"name": "lonlongo",
					"parent": "hand",
					"pivot": [-9, 4, 25],
					"cubes": [
						{"origin": [-2, 84, 23], "size": [7, 1, 5], "uv": [0, 0]},
						{"origin": [-3, 85, 23], "size": [9, 1, 5], "uv": [0, 0]},
						{"origin": [-4, 86, 23], "size": [11, 2, 5], "uv": [0, 0]},
						{"origin": [-4, 88, 23], "size": [12, 3, 5], "uv": [0, 0]},
						{"origin": [-4, 88, 23], "size": [10, 5, 5], "uv": [0, 0]},
						{"origin": [-4, 88, 23], "size": [11, 4, 5], "uv": [0, 0]},
						{"origin": [-3, 88, 23], "size": [7, 6, 5], "uv": [0, 0]}
					]
				},
				{
					"name": "dedo",
					"parent": "hand",
					"pivot": [7.5, 90.5, 25.5],
					"rotation": [-7.38733, 1.29876, 9.91615],
					"cubes": [
						{"origin": [7, 90, 25], "size": [1, 5, 1], "uv": [0, 0], "mirror": true},
						{"origin": [6, 95, 25], "size": [3, 3, 1], "uv": [0, 0], "mirror": true},
						{"origin": [6, 96, 24], "size": [3, 1, 3], "uv": [0, 0], "mirror": true},
						{"origin": [7, 95, 24], "size": [1, 3, 3], "uv": [0, 0], "mirror": true}
					]
				},
				{
					"name": "dedo2",
					"parent": "dedo",
					"pivot": [7.5, 98.5, 25.5],
					"cubes": [
						{"origin": [7, 98, 25], "size": [1, 5, 1], "uv": [0, 0], "mirror": true},
						{"origin": [6, 103, 25], "size": [3, 3, 1], "uv": [0, 0], "mirror": true},
						{"origin": [6, 104, 24], "size": [3, 1, 3], "uv": [0, 0], "mirror": true},
						{"origin": [7, 103, 24], "size": [1, 3, 3], "uv": [0, 0], "mirror": true}
					]
				},
				{
					"name": "dedo3",
					"parent": "dedo2",
					"pivot": [7.5, 106.5, 25.5],
					"rotation": [17.5, 0, 0],
					"cubes": [
						{"origin": [7, 106, 25], "size": [1, 13, 1], "uv": [0, 0], "mirror": true},
						{"origin": [6, 119, 25], "size": [3, 3, 1], "uv": [0, 0], "mirror": true},
						{"origin": [6, 120, 24], "size": [3, 1, 3], "uv": [0, 0], "mirror": true},
						{"origin": [7, 119, 24], "size": [1, 3, 3], "uv": [0, 0], "mirror": true}
					]
				},
				{
					"name": "dedo4",
					"parent": "dedo3",
					"pivot": [7.5, 121.5, 25.5],
					"rotation": [12.5, 0, 0],
					"cubes": [
						{"origin": [7, 121, 25], "size": [1, 13, 1], "uv": [0, 0], "mirror": true},
						{"origin": [6, 134, 25], "size": [3, 3, 1], "uv": [0, 0], "mirror": true},
						{"origin": [6, 135, 24], "size": [3, 1, 3], "uv": [0, 0], "mirror": true},
						{"origin": [7, 134, 24], "size": [1, 3, 3], "uv": [0, 0], "mirror": true}
					]
				},
				{
					"name": "dedo5",
					"parent": "dedo4",
					"pivot": [7.5, 137.5, 25.5],
					"rotation": [20, 0, 0],
					"cubes": [
						{"origin": [7, 137, 25], "size": [1, 24, 1], "uv": [0, 0], "mirror": true},
						{"origin": [7, 160, 25], "size": [1, 24, 1], "uv": [0, 0], "mirror": true},
						{"origin": [7, 167, 25], "size": [1, 24, 1], "uv": [0, 0], "mirror": true}
					]
				},
				{
					"name": "dedo6",
					"parent": "hand",
					"pivot": [-3.5, 90.5, 25.5],
					"rotation": [-7.47178, -0.65182, -4.95744],
					"cubes": [
						{"origin": [-4, 90, 25], "size": [1, 5, 1], "uv": [0, 0], "mirror": true},
						{"origin": [-5, 95, 25], "size": [3, 3, 1], "uv": [0, 0], "mirror": true},
						{"origin": [-5, 96, 24], "size": [3, 1, 3], "uv": [0, 0], "mirror": true},
						{"origin": [-4, 95, 24], "size": [1, 3, 3], "uv": [0, 0], "mirror": true}
					]
				},
				{
					"name": "dedo7",
					"parent": "dedo6",
					"pivot": [-3.5, 98.5, 25.5],
					"cubes": [
						{"origin": [-4, 98, 25], "size": [1, 5, 1], "uv": [0, 0], "mirror": true},
						{"origin": [-5, 103, 25], "size": [3, 3, 1], "uv": [0, 0], "mirror": true},
						{"origin": [-5, 104, 24], "size": [3, 1, 3], "uv": [0, 0], "mirror": true},
						{"origin": [-4, 103, 24], "size": [1, 3, 3], "uv": [0, 0], "mirror": true}
					]
				},
				{
					"name": "dedo8",
					"parent": "dedo7",
					"pivot": [-3.5, 106.5, 25.5],
					"rotation": [17.5, 0, 0],
					"cubes": [
						{"origin": [-4, 106, 25], "size": [1, 13, 1], "uv": [0, 0], "mirror": true},
						{"origin": [-5, 119, 25], "size": [3, 3, 1], "uv": [0, 0], "mirror": true},
						{"origin": [-5, 120, 24], "size": [3, 1, 3], "uv": [0, 0], "mirror": true},
						{"origin": [-4, 119, 24], "size": [1, 3, 3], "uv": [0, 0], "mirror": true}
					]
				},
				{
					"name": "dedo9",
					"parent": "dedo8",
					"pivot": [-3.5, 121.5, 25.5],
					"rotation": [12.5, 0, 0],
					"cubes": [
						{"origin": [-4, 121, 25], "size": [1, 13, 1], "uv": [0, 0], "mirror": true},
						{"origin": [-5, 134, 25], "size": [3, 3, 1], "uv": [0, 0], "mirror": true},
						{"origin": [-5, 135, 24], "size": [3, 1, 3], "uv": [0, 0], "mirror": true},
						{"origin": [-4, 134, 24], "size": [1, 3, 3], "uv": [0, 0], "mirror": true}
					]
				},
				{
					"name": "dedo10",
					"parent": "dedo9",
					"pivot": [-3.5, 137.5, 25.5],
					"rotation": [20, 0, 0],
					"cubes": [
						{"origin": [-4, 137, 25], "size": [1, 24, 1], "uv": [0, 0], "mirror": true},
						{"origin": [-4, 160, 25], "size": [1, 24, 1], "uv": [0, 0], "mirror": true},
						{"origin": [-4, 167, 25], "size": [1, 24, 1], "uv": [0, 0], "mirror": true}
					]
				},
				{
					"name": "dedo11",
					"parent": "hand",
					"pivot": [-0.5, 90.5, 25.5],
					"rotation": [-7.5, 0, 0],
					"cubes": [
						{"origin": [-1, 90, 25], "size": [1, 5, 1], "uv": [0, 0], "mirror": true},
						{"origin": [-2, 95, 25], "size": [3, 3, 1], "uv": [0, 0], "mirror": true},
						{"origin": [-2, 96, 24], "size": [3, 1, 3], "uv": [0, 0], "mirror": true},
						{"origin": [-1, 95, 24], "size": [1, 3, 3], "uv": [0, 0], "mirror": true}
					]
				},
				{
					"name": "dedo12",
					"parent": "dedo11",
					"pivot": [-0.5, 98.5, 25.5],
					"cubes": [
						{"origin": [-1, 98, 25], "size": [1, 5, 1], "uv": [0, 0], "mirror": true},
						{"origin": [-2, 103, 25], "size": [3, 3, 1], "uv": [0, 0], "mirror": true},
						{"origin": [-2, 104, 24], "size": [3, 1, 3], "uv": [0, 0], "mirror": true},
						{"origin": [-1, 103, 24], "size": [1, 3, 3], "uv": [0, 0], "mirror": true}
					]
				},
				{
					"name": "dedo13",
					"parent": "dedo12",
					"pivot": [-0.5, 106.5, 25.5],
					"rotation": [17.5, 0, 0],
					"cubes": [
						{"origin": [-1, 106, 25], "size": [1, 13, 1], "uv": [0, 0], "mirror": true},
						{"origin": [-2, 119, 25], "size": [3, 3, 1], "uv": [0, 0], "mirror": true},
						{"origin": [-2, 120, 24], "size": [3, 1, 3], "uv": [0, 0], "mirror": true},
						{"origin": [-1, 119, 24], "size": [1, 3, 3], "uv": [0, 0], "mirror": true}
					]
				},
				{
					"name": "dedo14",
					"parent": "dedo13",
					"pivot": [-0.5, 121.5, 25.5],
					"rotation": [12.5, 0, 0],
					"cubes": [
						{"origin": [-1, 121, 25], "size": [1, 13, 1], "uv": [0, 0], "mirror": true},
						{"origin": [-2, 134, 25], "size": [3, 3, 1], "uv": [0, 0], "mirror": true},
						{"origin": [-2, 135, 24], "size": [3, 1, 3], "uv": [0, 0], "mirror": true},
						{"origin": [-1, 134, 24], "size": [1, 3, 3], "uv": [0, 0], "mirror": true}
					]
				},
				{
					"name": "dedo15",
					"parent": "dedo14",
					"pivot": [-0.5, 137.5, 25.5],
					"rotation": [20, 0, 0],
					"cubes": [
						{"origin": [-1, 137, 25], "size": [1, 24, 1], "uv": [0, 0], "mirror": true},
						{"origin": [-1, 160, 25], "size": [1, 24, 1], "uv": [0, 0], "mirror": true},
						{"origin": [-1, 167, 25], "size": [1, 24, 1], "uv": [0, 0], "mirror": true}
					]
				},
				{
					"name": "dedo16",
					"parent": "hand",
					"pivot": [5.5, 90.5, 25.5],
					"rotation": [-7.49294, 0.32621, 2.47864],
					"cubes": [
						{"origin": [5, 90, 25], "size": [1, 5, 1], "uv": [0, 0], "mirror": true},
						{"origin": [4, 95, 25], "size": [3, 3, 1], "uv": [0, 0], "mirror": true},
						{"origin": [4, 96, 24], "size": [3, 1, 3], "uv": [0, 0], "mirror": true},
						{"origin": [5, 95, 24], "size": [1, 3, 3], "uv": [0, 0], "mirror": true}
					]
				},
				{
					"name": "dedo17",
					"parent": "dedo16",
					"pivot": [5.5, 98.5, 25.5],
					"cubes": [
						{"origin": [5, 98, 25], "size": [1, 5, 1], "uv": [0, 0], "mirror": true},
						{"origin": [4, 103, 25], "size": [3, 3, 1], "uv": [0, 0], "mirror": true},
						{"origin": [4, 104, 24], "size": [3, 1, 3], "uv": [0, 0], "mirror": true},
						{"origin": [5, 103, 24], "size": [1, 3, 3], "uv": [0, 0], "mirror": true}
					]
				},
				{
					"name": "dedo18",
					"parent": "dedo17",
					"pivot": [5.5, 106.5, 25.5],
					"rotation": [17.5, 0, 0],
					"cubes": [
						{"origin": [5, 106, 25], "size": [1, 13, 1], "uv": [0, 0], "mirror": true},
						{"origin": [4, 119, 25], "size": [3, 3, 1], "uv": [0, 0], "mirror": true},
						{"origin": [4, 120, 24], "size": [3, 1, 3], "uv": [0, 0], "mirror": true},
						{"origin": [5, 119, 24], "size": [1, 3, 3], "uv": [0, 0], "mirror": true}
					]
				},
				{
					"name": "dedo19",
					"parent": "dedo18",
					"pivot": [5.5, 121.5, 25.5],
					"rotation": [12.5, 0, 0],
					"cubes": [
						{"origin": [5, 121, 25], "size": [1, 13, 1], "uv": [0, 0], "mirror": true},
						{"origin": [4, 134, 25], "size": [3, 3, 1], "uv": [0, 0], "mirror": true},
						{"origin": [4, 135, 24], "size": [3, 1, 3], "uv": [0, 0], "mirror": true},
						{"origin": [5, 134, 24], "size": [1, 3, 3], "uv": [0, 0], "mirror": true}
					]
				},
				{
					"name": "dedo20",
					"parent": "dedo19",
					"pivot": [5.5, 137.5, 25.5],
					"rotation": [20, 0, 0],
					"cubes": [
						{"origin": [5, 137, 25], "size": [1, 24, 1], "uv": [0, 0], "mirror": true},
						{"origin": [5, 160, 25], "size": [1, 24, 1], "uv": [0, 0], "mirror": true},
						{"origin": [5, 167, 25], "size": [1, 24, 1], "uv": [0, 0], "mirror": true}
					]
				},
				{
					"name": "dedo21",
					"parent": "hand",
					"pivot": [-1.5, 85.5, 25.5],
					"rotation": [-6.15518, -4.29357, -34.76905],
					"cubes": [
						{"origin": [-2, 85, 25], "size": [1, 5, 1], "uv": [0, 0], "mirror": true},
						{"origin": [-3, 90, 25], "size": [3, 3, 1], "uv": [0, 0], "mirror": true},
						{"origin": [-3, 91, 24], "size": [3, 1, 3], "uv": [0, 0], "mirror": true},
						{"origin": [-2, 90, 24], "size": [1, 3, 3], "uv": [0, 0], "mirror": true}
					]
				},
				{
					"name": "dedo22",
					"parent": "dedo21",
					"pivot": [-1.5, 93.5, 25.5],
					"cubes": [
						{"origin": [-2, 93, 25], "size": [1, 5, 1], "uv": [0, 0], "mirror": true},
						{"origin": [-3, 98, 25], "size": [3, 3, 1], "uv": [0, 0], "mirror": true},
						{"origin": [-3, 99, 24], "size": [3, 1, 3], "uv": [0, 0], "mirror": true},
						{"origin": [-2, 98, 24], "size": [1, 3, 3], "uv": [0, 0], "mirror": true}
					]
				},
				{
					"name": "dedo23",
					"parent": "dedo22",
					"pivot": [-1.5, 101.5, 25.5],
					"rotation": [17.5, 0, 0],
					"cubes": [
						{"origin": [-2, 101, 25], "size": [1, 13, 1], "uv": [0, 0], "mirror": true},
						{"origin": [-3, 114, 25], "size": [3, 3, 1], "uv": [0, 0], "mirror": true},
						{"origin": [-3, 115, 24], "size": [3, 1, 3], "uv": [0, 0], "mirror": true},
						{"origin": [-2, 114, 24], "size": [1, 3, 3], "uv": [0, 0], "mirror": true}
					]
				},
				{
					"name": "dedo24",
					"parent": "dedo23",
					"pivot": [-1.5, 116.5, 25.5],
					"rotation": [12.5, 0, 0],
					"cubes": [
						{"origin": [-2, 116, 25], "size": [1, 13, 1], "uv": [0, 0], "mirror": true},
						{"origin": [-3, 129, 25], "size": [3, 3, 1], "uv": [0, 0], "mirror": true},
						{"origin": [-3, 130, 24], "size": [3, 1, 3], "uv": [0, 0], "mirror": true},
						{"origin": [-2, 129, 24], "size": [1, 3, 3], "uv": [0, 0], "mirror": true}
					]
				},
				{
					"name": "dedo25",
					"parent": "dedo24",
					"pivot": [-1.5, 132.5, 25.5],
					"rotation": [20, 0, 0],
					"cubes": [
						{"origin": [-2, 132, 25], "size": [1, 24, 1], "uv": [0, 0], "mirror": true},
						{"origin": [-2, 155, 25], "size": [1, 24, 1], "uv": [0, 0], "mirror": true},
						{"origin": [-2, 162, 25], "size": [1, 24, 1], "uv": [0, 0], "mirror": true}
					]
				}
			]
		}
	]
}