{
	"format_version": "1.12.0",
	"minecraft:geometry": [
		{
			"description": {
				"identifier": "geometry.fogao",
				"texture_width": 128,
				"texture_height": 128,
				"visible_bounds_width": 3,
				"visible_bounds_height": 2.5,
				"visible_bounds_offset": [0, 0.75, 0]
			},
			"bones": [
				{
					"name": "fogao",
					"pivot": [0, 0, 0]
				},
				{
					"name": "metal",
					"parent": "fogao",
					"pivot": [0, 0, 0],
					"cubes": [
						{"origin": [7, 2, -7], "size": [1, 16, 14], "uv": [30, 21]},
						{"origin": [7, 0, -7], "size": [1, 2, 14], "uv": [0, 51]},
						{"origin": [-8, 0, -7], "size": [1, 2, 14], "uv": [46, 37]},
						{"origin": [-7, 0, -7], "size": [14, 1, 1], "uv": [16, 53]},
						{"origin": [-7, 1, -7], "size": [14, 1, 1], "uv": [16, 51]},
						{"origin": [-8, 2, -7], "size": [1, 16, 14], "uv": [0, 21]},
						{"origin": [-8, 2, 7], "size": [16, 16, 1], "uv": [49, 0]},
						{"origin": [-8, 0, 7], "size": [16, 2, 1], "uv": [46, 31]},
						{"origin": [-7, 2, -6], "size": [14, 9, 1], "uv": [46, 21]},
						{"origin": [-5, 4, -9], "size": [10, 1, 1], "uv": [16, 21]},
						{"origin": [-6, 15, -8], "size": [12, 1, 1], "uv": [100, 17]},
						{"origin": [-5, 4, -9], "size": [1, 1, 4], "uv": [6, 10]},
						{"origin": [4, 4, -9], "size": [1, 1, 4], "uv": [0, 9]},
						{"origin": [-7, 2, -7], "size": [1, 16, 1], "uv": [50, 53]},
						{"origin": [6, 2, -7], "size": [1, 16, 1], "uv": [46, 53]},
						{"origin": [5, 6, -7], "size": [1, 12, 1], "uv": [4, 21]},
						{"origin": [-6, 6, -7], "size": [1, 12, 1], "uv": [0, 21]},
						{"origin": [-5, 8, -7], "size": [1, 10, 1], "uv": [16, 23]},
						{"origin": [4, 8, -7], "size": [1, 10, 1], "uv": [8, 21]},
						{"origin": [3, 9, -7], "size": [1, 9, 1], "uv": [24, 23]},
						{"origin": [-4, 9, -7], "size": [1, 9, 1], "uv": [20, 23]},
						{"origin": [-3, 10, -7], "size": [6, 8, 1], "uv": [0, 0]},
						{"origin": [-8, 18, -8], "size": [16, 4, 17], "uv": [0, 0]}
					]
				}
			]
		}
	]
}