{
	"format_version": "1.12.0",
	"minecraft:geometry": [
		{
			"description": {
				"identifier": "geometry.mommy_toy",
				"texture_width": 260,
				"texture_height": 260,
				"visible_bounds_width": 14,
				"visible_bounds_height": 23,
				"visible_bounds_offset": [0, 10.5, 0]
			},
			"bones": [
				{
					"name": "mommylonglegs",
					"pivot": [0, 148, 30]
				},
				{
					"name": "part1",
					"parent": "mommylonglegs",
					"pivot": [-1, 184, 46],
					"rotation": [0, 0, 10]
				},
				{
					"name": "head",
					"parent": "part1",
					"pivot": [-2, 256.76474, 34.82892],
					"rotation": [-4.88206, -1.08089, -12.45392]
				},
				{
					"name": "mask",
					"parent": "head",
					"pivot": [0, 171.76474, 28.82892],
					"cubes": [
						{"origin": [-7, 256.76474, 28.82892], "size": [11, 23, 2], "uv": [193, 13]},
						{"origin": [-10, 257.76474, 28.82892], "size": [17, 23, 2], "uv": [205, 9]},
						{"origin": [-12, 258.76474, 28.82892], "size": [21, 23, 2], "uv": [198, 1]},
						{"origin": [-13, 259.76474, 28.82892], "size": [23, 23, 2], "uv": [194, 11]},
						{"origin": [-14, 260.76474, 28.82892], "size": [25, 25, 2], "uv": [184, 6]},
						{"origin": [-15, 261.76474, 28.82892], "size": [27, 23, 2], "uv": [186, 16]},
						{"origin": [-16, 262.76474, 28.82892], "size": [29, 21, 2], "uv": [174, 4]},
						{"origin": [-17, 263.76474, 28.82892], "size": [31, 19, 2], "uv": [173, 4]},
						{"origin": [-18, 265.76474, 28.82892], "size": [33, 15, 2], "uv": [162, 0]},
						{"origin": [-19, 268.76474, 28.82892], "size": [35, 9, 1], "uv": [162, 0]}
					]
				},
				{
					"name": "mask2",
					"parent": "mask",
					"pivot": [0, 171.76474, 28.82892],
					"cubes": [
						{"origin": [-6, 257.76474, 26.82892], "size": [9, 22, 14], "uv": [164, 13]},
						{"origin": [-9, 258.76474, 26.82892], "size": [15, 22, 14], "uv": [176, 9]},
						{"origin": [-11, 259.76474, 26.82892], "size": [19, 22, 14], "uv": [169, 1]},
						{"origin": [-12, 260.76474, 26.82892], "size": [21, 22, 14], "uv": [165, 11]},
						{"origin": [-13, 261.76474, 26.82892], "size": [23, 24, 14], "uv": [155, 6]},
						{"origin": [-14, 262.76474, 26.82892], "size": [25, 22, 14], "uv": [157, 16]},
						{"origin": [-15, 263.76474, 26.82892], "size": [27, 20, 14], "uv": [145, 4]},
						{"origin": [-16, 264.76474, 26.82892], "size": [29, 18, 14], "uv": [144, 4]},
						{"origin": [-17, 266.76474, 26.82892], "size": [31, 14, 14], "uv": [133, 0]},
						{"origin": [-18, 269.76474, 26.82892], "size": [33, 8, 14], "uv": [133, 0]}
					]
				},
				{
					"name": "mask3",
					"parent": "mask",
					"pivot": [0, 171.76474, 28.82892],
					"cubes": [
						{"origin": [-5, 258.76474, 24.82892], "size": [7, 21, 2], "uv": [203, 13]},
						{"origin": [-8, 259.76474, 24.82892], "size": [13, 21, 2], "uv": [215, 9]},
						{"origin": [-10, 260.76474, 24.82892], "size": [17, 21, 2], "uv": [208, 1]},
						{"origin": [-11, 261.76474, 24.82892], "size": [19, 21, 2], "uv": [204, 11]},
						{"origin": [-12, 262.76474, 24.82892], "size": [21, 23, 2], "uv": [194, 6]},
						{"origin": [-13, 263.76474, 24.82892], "size": [23, 21, 2], "uv": [196, 16]},
						{"origin": [-14, 264.76474, 24.82892], "size": [25, 19, 2], "uv": [184, 4]},
						{"origin": [-15, 265.76474, 24.82892], "size": [27, 17, 2], "uv": [183, 4]},
						{"origin": [-16, 267.76474, 24.82892], "size": [29, 13, 2], "uv": [172, 0]},
						{"origin": [-17, 270.76474, 24.82892], "size": [31, 7, 2], "uv": [172, 0]}
					]
				},
				{
					"name": "mask4",
					"parent": "mask",
					"pivot": [0, 171.76474, 28.82892],
					"cubes": [
						{"origin": [-4, 259.76474, 23.82892], "size": [5, 20, 1], "uv": [203, 13]},
						{"origin": [-7, 260.76474, 23.82892], "size": [11, 20, 1], "uv": [215, 9]},
						{"origin": [-9, 261.76474, 23.82892], "size": [15, 20, 1], "uv": [208, 1]},
						{"origin": [-10, 262.76474, 23.82892], "size": [17, 20, 1], "uv": [204, 11]},
						{"origin": [-11, 263.76474, 23.82892], "size": [19, 22, 1], "uv": [194, 6]},
						{"origin": [-12, 264.76474, 23.82892], "size": [21, 20, 1], "uv": [196, 16]},
						{"origin": [-13, 265.76474, 23.82892], "size": [23, 18, 1], "uv": [184, 4]},
						{"origin": [-14, 266.76474, 23.82892], "size": [25, 16, 1], "uv": [183, 4]},
						{"origin": [-15, 268.76474, 23.82892], "size": [27, 12, 1], "uv": [172, 0]},
						{"origin": [-16, 271.76474, 23.82892], "size": [29, 6, 1], "uv": [172, 0]}
					]
				},
				{
					"name": "mask5",
					"parent": "mask",
					"pivot": [0, 171.76474, 28.82892],
					"cubes": [
						{"origin": [-3, 260.76474, 22.82892], "size": [3, 19, 1], "uv": [203, 13]},
						{"origin": [-6, 261.76474, 22.82892], "size": [9, 19, 1], "uv": [215, 9]},
						{"origin": [-8, 262.76474, 22.82892], "size": [13, 19, 1], "uv": [208, 1]},
						{"origin": [-9, 263.76474, 22.82892], "size": [15, 19, 1], "uv": [204, 11]},
						{"origin": [-10, 264.76474, 22.82892], "size": [17, 21, 1], "uv": [194, 6]},
						{"origin": [-11, 265.76474, 22.82892], "size": [19, 19, 1], "uv": [196, 16]},
						{"origin": [-12, 266.76474, 22.82892], "size": [21, 17, 1], "uv": [184, 4]},
						{"origin": [-13, 267.76474, 22.82892], "size": [23, 15, 1], "uv": [183, 4]},
						{"origin": [-14, 269.76474, 22.82892], "size": [25, 11, 1], "uv": [172, 0]},
						{"origin": [-15, 271.76474, 22.82892], "size": [27, 6, 1], "uv": [172, 0]}
					]
				},
				{
					"name": "mask6",
					"parent": "mask",
					"pivot": [0, 171.76474, 28.82892],
					"cubes": [
						{"origin": [-4, 262.76474, 21.82892], "size": [5, 18, 2], "uv": [215, 9]},
						{"origin": [-6, 263.76474, 21.82892], "size": [9, 18, 2], "uv": [208, 1]},
						{"origin": [-7, 264.76474, 21.82892], "size": [11, 18, 2], "uv": [204, 11]},
						{"origin": [-8, 265.76474, 21.82892], "size": [13, 20, 2], "uv": [194, 6]},
						{"origin": [-9, 266.76474, 21.82892], "size": [15, 18, 2], "uv": [196, 16]},
						{"origin": [-10, 267.76474, 21.82892], "size": [17, 16, 2], "uv": [184, 4]},
						{"origin": [-11, 268.76474, 21.82892], "size": [19, 14, 2], "uv": [183, 4]},
						{"origin": [-12, 270.76474, 21.82892], "size": [21, 10, 2], "uv": [172, 0]},
						{"origin": [-13, 272.76474, 21.82892], "size": [23, 5, 2], "uv": [172, 0]}
					]
				},
				{
					"name": "chair",
					"parent": "mask",
					"pivot": [0, 171.76474, 28.82892]
				},
				{
					"name": "mask7",
					"parent": "chair",
					"pivot": [0, 175.76474, 28.82892],
					"cubes": [
						{"origin": [-8, 256.76474, 30.82892], "size": [12, 26, 10], "uv": [38, 13]},
						{"origin": [-11, 257.76474, 30.82892], "size": [18, 26, 10], "uv": [50, 9]},
						{"origin": [-13, 258.76474, 30.82892], "size": [22, 26, 10], "uv": [43, 1]},
						{"origin": [-14, 259.76474, 30.82892], "size": [24, 26, 10], "uv": [39, 11]},
						{"origin": [-13, 271.76474, 30.82892], "size": [22, 18, 10], "uv": [29, 6]},
						{"origin": [-10, 271.76474, 30.82892], "size": [16, 19, 10], "uv": [29, 6]},
						{"origin": [-10, 285.76474, 26.82892], "size": [16, 4, 4], "uv": [29, 6]},
						{"origin": [-10, 285.76474, 24.82892], "size": [16, 3, 6], "uv": [29, 6]},
						{"origin": [-12, 285.76474, 26.82892], "size": [21, 3, 4], "uv": [29, 6]},
						{"origin": [-13, 285.76474, 27.82892], "size": [23, 2, 3], "uv": [29, 6]},
						{"origin": [-15, 260.76474, 30.82892], "size": [26, 28, 10], "uv": [29, 6]},
						{"origin": [-16, 261.76474, 29.82892], "size": [28, 26, 11], "uv": [31, 16]},
						{"origin": [-17, 262.76474, 29.82892], "size": [30, 24, 11], "uv": [19, 4]},
						{"origin": [-18, 263.76474, 29.82892], "size": [32, 22, 11], "uv": [18, 4]},
						{"origin": [-19, 265.76474, 29.82892], "size": [34, 18, 11], "uv": [7, 0]},
						{"origin": [-20, 268.76474, 30.82892], "size": [36, 12, 10], "uv": [7, 0]}
					]
				},
				{
					"name": "mask8",
					"parent": "chair",
					"pivot": [0, 175.76474, 29.82892],
					"cubes": [
						{"origin": [-8, 256.76474, 39.82892], "size": [12, 26, 4], "inflate": -1, "uv": [38, 13]},
						{"origin": [-11, 257.76474, 39.82892], "size": [18, 26, 4], "inflate": -1, "uv": [50, 9]},
						{"origin": [-13, 258.76474, 39.82892], "size": [22, 26, 4], "inflate": -1, "uv": [43, 1]},
						{"origin": [-14, 259.76474, 39.82892], "size": [24, 26, 4], "inflate": -1, "uv": [39, 11]},
						{"origin": [-13, 271.76474, 39.82892], "size": [22, 18, 4], "inflate": -1, "uv": [29, 6]},
						{"origin": [-10, 271.76474, 39.82892], "size": [16, 19, 4], "inflate": -1, "uv": [29, 6]},
						{"origin": [-10, 285.76474, 29.82892], "size": [16, 4, 4], "inflate": -1, "uv": [29, 6]},
						{"origin": [-10, 285.76474, 29.82892], "size": [16, 3, 4], "inflate": -1, "uv": [29, 6]},
						{"origin": [-12, 285.76474, 29.82892], "size": [21, 3, 4], "inflate": -1, "uv": [29, 6]},
						{"origin": [-13, 285.76474, 29.82892], "size": [23, 2, 4], "inflate": -1, "uv": [29, 6]},
						{"origin": [-15, 260.76474, 39.82892], "size": [26, 28, 4], "inflate": -1, "uv": [29, 6]},
						{"origin": [-16, 261.76474, 39.82892], "size": [28, 26, 4], "inflate": -1, "uv": [31, 16]},
						{"origin": [-17, 262.76474, 39.82892], "size": [30, 24, 4], "inflate": -1, "uv": [19, 4]},
						{"origin": [-18, 263.76474, 39.82892], "size": [32, 22, 4], "inflate": -1, "uv": [18, 4]},
						{"origin": [-19, 265.76474, 39.82892], "size": [34, 18, 4], "inflate": -1, "uv": [7, 0]},
						{"origin": [-20, 268.76474, 39.82892], "size": [36, 12, 4], "inflate": -1, "uv": [7, 0]}
					]
				},
				{
					"name": "mask9",
					"parent": "chair",
					"pivot": [0, 175.76474, 29.82892],
					"cubes": [
						{"origin": [-8, 256.76474, 40.82892], "size": [12, 26, 5], "inflate": -2, "uv": [38, 13]},
						{"origin": [-11, 257.76474, 40.82892], "size": [18, 26, 5], "inflate": -2, "uv": [50, 9]},
						{"origin": [-13, 258.76474, 40.82892], "size": [22, 26, 5], "inflate": -2, "uv": [43, 1]},
						{"origin": [-14, 259.76474, 40.82892], "size": [24, 26, 5], "inflate": -2, "uv": [39, 11]},
						{"origin": [-13, 271.76474, 40.82892], "size": [22, 18, 5], "inflate": -2, "uv": [29, 6]},
						{"origin": [-10, 271.76474, 40.82892], "size": [16, 19, 5], "inflate": -2, "uv": [29, 6]},
						{"origin": [-10, 285.76474, 30.82892], "size": [16, 4, 5], "inflate": -2, "uv": [29, 6]},
						{"origin": [-10, 285.76474, 30.82892], "size": [16, 3, 5], "inflate": -2, "uv": [29, 6]},
						{"origin": [-12, 285.76474, 30.82892], "size": [21, 3, 5], "inflate": -2, "uv": [29, 6]},
						{"origin": [-13, 285.76474, 30.82892], "size": [23, 2, 5], "inflate": -2, "uv": [29, 6]},
						{"origin": [-15, 260.76474, 40.82892], "size": [26, 28, 5], "inflate": -2, "uv": [29, 6]},
						{"origin": [-16, 261.76474, 40.82892], "size": [28, 26, 5], "inflate": -2, "uv": [31, 16]},
						{"origin": [-17, 262.76474, 40.82892], "size": [30, 24, 5], "inflate": -2, "uv": [19, 4]},
						{"origin": [-18, 263.76474, 40.82892], "size": [32, 22, 5], "inflate": -2, "uv": [18, 4]},
						{"origin": [-19, 265.76474, 40.82892], "size": [34, 18, 5], "inflate": -2, "uv": [7, 0]},
						{"origin": [-20, 268.76474, 40.82892], "size": [36, 12, 5], "inflate": -2, "uv": [7, 0]}
					]
				},
				{
					"name": "mask10",
					"parent": "chair",
					"pivot": [0, 175.76474, 29.82892],
					"cubes": [
						{"origin": [-8, 256.76474, 40.82892], "size": [12, 26, 7], "inflate": -3, "uv": [38, 13]},
						{"origin": [-11, 257.76474, 40.82892], "size": [18, 26, 7], "inflate": -3, "uv": [50, 9]},
						{"origin": [-13, 258.76474, 40.82892], "size": [22, 26, 7], "inflate": -3, "uv": [43, 1]},
						{"origin": [-14, 259.76474, 40.82892], "size": [24, 26, 7], "inflate": -3, "uv": [39, 11]},
						{"origin": [-13, 271.76474, 40.82892], "size": [22, 18, 7], "inflate": -3, "uv": [29, 6]},
						{"origin": [-10, 271.76474, 40.82892], "size": [16, 19, 7], "inflate": -3, "uv": [29, 6]},
						{"origin": [-10, 285.76474, 30.82892], "size": [16, 4, 7], "inflate": -3, "uv": [29, 6]},
						{"origin": [-10, 285.76474, 30.82892], "size": [16, 3, 7], "inflate": -3, "uv": [29, 6]},
						{"origin": [-12, 285.76474, 30.82892], "size": [21, 3, 7], "inflate": -3, "uv": [29, 6]},
						{"origin": [-13, 285.76474, 30.82892], "size": [23, 2, 7], "inflate": -3, "uv": [29, 6]},
						{"origin": [-15, 260.76474, 40.82892], "size": [26, 28, 7], "inflate": -3, "uv": [29, 6]},
						{"origin": [-16, 261.76474, 40.82892], "size": [28, 26, 7], "inflate": -3, "uv": [31, 16]},
						{"origin": [-17, 262.76474, 40.82892], "size": [30, 24, 7], "inflate": -3, "uv": [19, 4]},
						{"origin": [-18, 263.76474, 40.82892], "size": [32, 22, 7], "inflate": -3, "uv": [18, 4]},
						{"origin": [-19, 265.76474, 40.82892], "size": [34, 18, 7], "inflate": -3, "uv": [7, 0]},
						{"origin": [-20, 268.76474, 40.82892], "size": [36, 12, 7], "inflate": -3, "uv": [7, 0]}
					]
				},
				{
					"name": "mask11",
					"parent": "chair",
					"pivot": [0, 175.76474, 28.82892],
					"cubes": [
						{"origin": [-8, 256.76474, 38.82892], "size": [12, 26, 12], "inflate": -5, "uv": [42, 13]},
						{"origin": [-11, 257.76474, 38.82892], "size": [18, 26, 12], "inflate": -5, "uv": [54, 9]},
						{"origin": [-13, 258.76474, 38.82892], "size": [22, 26, 12], "inflate": -5, "uv": [47, 1]},
						{"origin": [-14, 259.76474, 38.82892], "size": [24, 26, 12], "inflate": -5, "uv": [43, 11]},
						{"origin": [-13, 271.76474, 38.82892], "size": [22, 18, 12], "inflate": -5, "uv": [33, 6]},
						{"origin": [-10, 271.76474, 38.82892], "size": [16, 19, 12], "inflate": -5, "uv": [33, 6]},
						{"origin": [-15, 260.76474, 38.82892], "size": [26, 28, 12], "inflate": -5, "uv": [33, 6]},
						{"origin": [-16, 261.76474, 38.82892], "size": [28, 26, 12], "inflate": -5, "uv": [35, 16]},
						{"origin": [-17, 262.76474, 38.82892], "size": [30, 24, 12], "inflate": -5, "uv": [23, 4]},
						{"origin": [-18, 263.76474, 38.82892], "size": [32, 22, 12], "inflate": -5, "uv": [22, 4]},
						{"origin": [-19, 265.76474, 38.82892], "size": [34, 18, 12], "inflate": -5, "uv": [11, 0]},
						{"origin": [-20, 268.76474, 38.82892], "size": [36, 12, 12], "inflate": -5, "uv": [11, 0]}
					]
				},
				{
					"name": "topete",
					"parent": "mask",
					"pivot": [-7.77273, 289.21929, 23.6471],
					"rotation": [0, 0, 5],
					"cubes": [
						{"origin": [-9, 283.76474, 21.82892], "size": [9, 7, 8], "uv": [25, 0]},
						{"origin": [-14.73205, 278.76474, 28.82892], "size": [5, 12, 10], "pivot": [-11.5, 288.26474, 25.82892], "rotation": [0, 0, 45], "uv": [192, 221]},
						{"origin": [-9, 282.76474, 20.82892], "size": [11, 7, 8], "uv": [25, 0]},
						{"origin": [-16, 282.76474, 20.82892], "size": [9, 5, 6], "pivot": [-8, 286.26474, 22.32892], "rotation": [24.51604, 45.05075, 32.79781], "uv": [25, 0]},
						{"origin": [-5, 281.76474, 20.82892], "size": [9, 7, 8], "uv": [25, 0]},
						{"origin": [-2, 280.76474, 20.82892], "size": [15, 7, 8], "uv": [25, 0]},
						{"origin": [10, 281.76474, 20.82892], "size": [8, 7, 8], "uv": [25, 0]},
						{"origin": [14, 283.76474, 21.82892], "size": [8, 7, 8], "uv": [25, 0]},
						{"origin": [16, 285.76474, 21.82892], "size": [8, 7, 8], "uv": [25, 0]},
						{"origin": [16, 296.76474, 21.82892], "size": [8, 5, 8], "uv": [25, 0]},
						{"origin": [14, 298.76474, 21.82892], "size": [8, 5, 8], "uv": [25, 0]},
						{"origin": [12, 300.76474, 21.82892], "size": [8, 5, 8], "uv": [25, 0]},
						{"origin": [2, 300.76474, 22.82892], "size": [8, 5, 8], "uv": [25, 0]},
						{"origin": [0, 298.76474, 22.82892], "size": [8, 5, 8], "uv": [25, 0]},
						{"origin": [-2, 296.76474, 22.82892], "size": [8, 5, 8], "uv": [25, 0]},
						{"origin": [-2, 287.76474, 22.82892], "size": [8, 6, 8], "uv": [25, 0]},
						{"origin": [11, 288.76474, 22.82892], "size": [9, 6, 8], "uv": [25, 0]},
						{"origin": [13, 294.76474, 22.82892], "size": [9, 6, 8], "uv": [25, 0]},
						{"origin": [1, 290.76474, 23.82892], "size": [15, 13, 8], "uv": [25, 0]},
						{"origin": [10, 297.76474, 22.82892], "size": [9, 6, 8], "uv": [25, 0]},
						{"origin": [2, 286.76474, 22.82892], "size": [12, 5, 8], "uv": [25, 0]},
						{"origin": [-4, 290.76474, 22.82892], "size": [8, 8, 8], "uv": [25, 0]},
						{"origin": [5, 301.76474, 22.82892], "size": [11, 5, 8], "uv": [25, 0]},
						{"origin": [17, 288.76474, 21.82892], "size": [9, 10, 8], "uv": [25, 0]}
					]
				},
				{
					"name": "cabelo",
					"parent": "head",
					"pivot": [-15, 289.76474, 28.82892]
				},
				{
					"name": "fio4",
					"parent": "cabelo",
					"pivot": [-14.17136, 289.86281, 33.32892],
					"rotation": [5, 0, 0],
					"cubes": [
						{"origin": [-17, 289.76474, 32.82892], "size": [3, 7, 1], "inflate": 1, "pivot": [-15.5, 290.26474, 33.32892], "rotation": [0, 0, -7.5], "uv": [0, 0]},
						{"origin": [-17.92224, 296.6941, 32.82892], "size": [3, 5, 1], "inflate": 1, "pivot": [-16.5, 297.26474, 33.32892], "rotation": [0, 0, -55], "uv": [0, 0]},
						{"origin": [-22.90454, 301.12319, 32.82892], "size": [3, 3, 1], "inflate": 1, "pivot": [-20.5, 301.26474, 33.32892], "rotation": [0, 0, -97.5], "uv": [0, 0]},
						{"origin": [-26.4352, 299.02688, 32.82892], "size": [3, 5, 1], "inflate": 1, "pivot": [-24.5, 300.26474, 33.32892], "rotation": [0, 0, -130], "uv": [0, 0]},
						{"origin": [-30.70822, 297.03434, 32.82892], "size": [3, 8, 1], "inflate": 1, "pivot": [-28.5, 297.26474, 33.32892], "rotation": [0, 0, -175], "uv": [0, 0]},
						{"origin": [-29.92382, 288.06859, 32.82892], "size": [3, 8, 1], "inflate": 1, "pivot": [-28.5, 288.26474, 33.32892], "rotation": [0, 0, 157.5], "uv": [0, 0]},
						{"origin": [-25.28977, 280.14682, 32.82892], "size": [3, 5, 1], "inflate": 1, "pivot": [-24.5, 280.26474, 33.32892], "rotation": [0, 0, -165], "uv": [0, 0]},
						{"origin": [-27.92752, 275.79955, 32.82892], "size": [3, 10, 1], "inflate": 1, "pivot": [-26.5, 275.26474, 33.32892], "rotation": [0, 0, -145], "uv": [0, 0]},
						{"origin": [-33.83295, 263.42213, 32.82892], "size": [3, 6, 1], "inflate": 1, "pivot": [-32.71392, 264.93667, 33.32892], "rotation": [0, 0, 165], "uv": [0, 0]},
						{"origin": [-33.41994, 258.36776, 32.82892], "size": [3, 9, 1], "inflate": 1, "pivot": [-31.71392, 258.93667, 33.32892], "rotation": [0, 0, 140], "uv": [0, 0]},
						{"origin": [-25.55714, 251.50594, 32.82892], "size": [3, 4, 1], "inflate": 1, "pivot": [-24.71392, 251.93667, 33.32892], "rotation": [0, 0, 162.5], "uv": [0, 0]},
						{"origin": [-24.80625, 248.39036, 32.82892], "size": [3, 5, 1], "inflate": 1, "pivot": [-23.71392, 247.93667, 33.32892], "rotation": [0, 0, 177.5], "uv": [0, 0]},
						{"origin": [-25.06796, 241.39607, 32.82892], "size": [3, 5, 1], "inflate": 1, "pivot": [-23.71392, 241.93667, 33.32892], "rotation": [0, 0, -142.5], "uv": [0, 0]}
					]
				},
				{
					"name": "fio5",
					"parent": "fio4",
					"pivot": [-14.17136, 289.86281, 33.32892],
					"cubes": [
						{"origin": [-16, 290.76474, 31.82892], "size": [1, 6, 3], "inflate": 1, "pivot": [-15.5, 290.26474, 33.32892], "rotation": [0, 0, -7.5], "uv": [0, 0]},
						{"origin": [-16.92224, 297.6941, 31.82892], "size": [1, 4, 3], "inflate": 1, "pivot": [-16.5, 297.26474, 33.32892], "rotation": [0, 0, -55], "uv": [0, 0]},
						{"origin": [-21.90454, 302.12319, 31.82892], "size": [1, 2, 3], "inflate": 1, "pivot": [-20.5, 301.26474, 33.32892], "rotation": [0, 0, -97.5], "uv": [0, 0]},
						{"origin": [-25.4352, 300.02688, 31.82892], "size": [1, 4, 3], "inflate": 1, "pivot": [-24.5, 300.26474, 33.32892], "rotation": [0, 0, -130], "uv": [0, 0]},
						{"origin": [-29.70822, 298.03434, 31.82892], "size": [1, 7, 3], "inflate": 1, "pivot": [-28.5, 297.26474, 33.32892], "rotation": [0, 0, -175], "uv": [0, 0]},
						{"origin": [-28.92382, 289.06859, 31.82892], "size": [1, 7, 3], "inflate": 1, "pivot": [-28.5, 288.26474, 33.32892], "rotation": [0, 0, 157.5], "uv": [0, 0]},
						{"origin": [-24.28977, 281.14682, 31.82892], "size": [1, 4, 3], "inflate": 1, "pivot": [-24.5, 280.26474, 33.32892], "rotation": [0, 0, -165], "uv": [0, 0]},
						{"origin": [-26.92752, 276.79955, 31.82892], "size": [1, 9, 3], "inflate": 1, "pivot": [-26.5, 275.26474, 33.32892], "rotation": [0, 0, -145], "uv": [0, 0]},
						{"origin": [-32.83295, 264.42213, 31.82892], "size": [1, 5, 3], "inflate": 1, "pivot": [-32.71392, 264.93667, 33.32892], "rotation": [0, 0, 165], "uv": [0, 0]},
						{"origin": [-32.41994, 259.36776, 31.82892], "size": [1, 8, 3], "inflate": 1, "pivot": [-31.71392, 258.93667, 33.32892], "rotation": [0, 0, 140], "uv": [0, 0]},
						{"origin": [-24.55714, 252.50594, 31.82892], "size": [1, 3, 3], "inflate": 1, "pivot": [-24.71392, 251.93667, 33.32892], "rotation": [0, 0, 162.5], "uv": [0, 0]},
						{"origin": [-23.80625, 249.39036, 31.82892], "size": [1, 4, 3], "inflate": 1, "pivot": [-23.71392, 247.93667, 33.32892], "rotation": [0, 0, 177.5], "uv": [0, 0]},
						{"origin": [-24.06796, 242.39607, 31.82892], "size": [1, 4, 3], "inflate": 1, "pivot": [-23.71392, 241.93667, 33.32892], "rotation": [0, 0, -142.5], "uv": [0, 0]},
						{"origin": [-24.06796, 242.39607, 32.82892], "size": [1, 5, 1], "inflate": 1, "pivot": [-23.71392, 241.93667, 33.32892], "rotation": [0, 0, -142.5], "uv": [0, 0]}
					]
				},
				{
					"name": "fio2",
					"parent": "cabelo",
					"pivot": [-16.76777, 289.64703, 36.32892],
					"rotation": [-7.5, 0, 0],
					"cubes": [
						{"origin": [-30, 289.76474, 35.82892], "size": [9, 3, 1], "inflate": 1, "uv": [0, 0]},
						{"origin": [-37, 289.76474, 35.82892], "size": [6, 3, 1], "inflate": 1, "pivot": [-30.5, 291.26474, 36.32892], "rotation": [0, 0, -37.5], "uv": [0, 0]},
						{"origin": [-42.59819, 285.89435, 35.82892], "size": [7, 3, 1], "inflate": 1, "pivot": [-35.5, 287.26474, 36.32892], "rotation": [0, 0, -92.5], "uv": [0, 0]},
						{"origin": [-40.73476, 284.93584, 35.82892], "size": [17, 3, 1], "inflate": 1, "pivot": [-27.5, 280.26474, 36.32892], "rotation": [0, 0, -127.5], "uv": [0, 0]},
						{"origin": [-32.21923, 253.03731, 35.82892], "size": [10, 3, 1], "inflate": 1, "pivot": [-21.5, 254.26474, 36.32892], "rotation": [0, 0, -57.5], "uv": [0, 0]},
						{"origin": [-37.40491, 243.81266, 35.82892], "size": [10, 3, 1], "inflate": 1, "pivot": [-27.5, 245.26474, 36.32892], "rotation": [0, 0, -2.5], "uv": [0, 0]},
						{"origin": [-38.40491, 244.81266, 35.82892], "size": [11, 1, 1], "inflate": 1, "pivot": [-27.5, 245.26474, 36.32892], "rotation": [0, 0, -2.5], "uv": [0, 0]},
						{"origin": [-34.39941, 263.97783, 35.82892], "size": [11, 3, 1], "inflate": 1, "pivot": [-23.5, 265.26474, 36.32892], "rotation": [0, 0, -100], "uv": [0, 0]},
						{"origin": [-20, 289.76474, 35.82892], "size": [4, 3, 1], "inflate": 1, "pivot": [-21, 291.26474, 36.32892], "rotation": [0, 0, 30], "uv": [0, 0]}
					]
				},
				{
					"name": "fio6",
					"parent": "fio2",
					"pivot": [-16.76777, 289.64703, 36.32892],
					"cubes": [
						{"origin": [-29, 290.76474, 34.82892], "size": [8, 1, 3], "inflate": 1, "uv": [0, 0]},
						{"origin": [-36, 290.76474, 34.82892], "size": [5, 1, 3], "inflate": 1, "pivot": [-30.5, 291.26474, 36.32892], "rotation": [0, 0, -37.5], "uv": [0, 0]},
						{"origin": [-41.59819, 286.89435, 34.82892], "size": [6, 1, 3], "inflate": 1, "pivot": [-35.5, 287.26474, 36.32892], "rotation": [0, 0, -92.5], "uv": [0, 0]},
						{"origin": [-39.73476, 285.93584, 34.82892], "size": [16, 1, 3], "inflate": 1, "pivot": [-27.5, 280.26474, 36.32892], "rotation": [0, 0, -127.5], "uv": [0, 0]},
						{"origin": [-31.21923, 254.03731, 34.82892], "size": [9, 1, 3], "inflate": 1, "pivot": [-21.5, 254.26474, 36.32892], "rotation": [0, 0, -57.5], "uv": [0, 0]},
						{"origin": [-37.40491, 244.81266, 34.82892], "size": [10, 1, 3], "inflate": 1, "pivot": [-27.5, 245.26474, 36.32892], "rotation": [0, 0, -2.5], "uv": [0, 0]},
						{"origin": [-33.39941, 264.97783, 34.82892], "size": [10, 1, 3], "inflate": 1, "pivot": [-23.5, 265.26474, 36.32892], "rotation": [0, 0, -100], "uv": [0, 0]},
						{"origin": [-19, 290.76474, 34.82892], "size": [3, 1, 3], "inflate": 1, "pivot": [-21, 291.26474, 36.32892], "rotation": [0, 0, 30], "uv": [0, 0]}
					]
				},
				{
					"name": "fios3",
					"parent": "cabelo",
					"pivot": [-16.09434, 289.4562, 31.32892],
					"rotation": [0, 2.5, 0],
					"cubes": [
						{"origin": [-22, 286.76474, 30.82892], "size": [4, 8, 1], "inflate": 1, "pivot": [-21, 292.26474, 31.32892], "rotation": [0, 0, -47.5], "uv": [0, 0]},
						{"origin": [-25.12602, 296.29549, 30.82892], "size": [4, 4, 1], "inflate": 1, "pivot": [-21.95991, 296.08233, 31.32892], "rotation": [0, 0, -77.5], "uv": [0, 0]},
						{"origin": [-36.98107, 283.98421, 30.82892], "size": [4, 5, 1], "inflate": 1, "pivot": [-34.95991, 290.08233, 31.32892], "rotation": [0, 0, -137.5], "uv": [0, 0]},
						{"origin": [-31.67263, 292.04855, 30.82892], "size": [4, 3, 1], "inflate": 1, "pivot": [-29.95991, 295.08233, 31.32892], "rotation": [0, 0, -105], "uv": [0, 0]},
						{"origin": [-34.5682, 288.92252, 30.82892], "size": [4, 15, 1], "inflate": 1, "pivot": [-33.95991, 289.08233, 31.32892], "rotation": [0, 0, -160], "uv": [0, 0]},
						{"origin": [-43.35777, 275.37268, 30.82892], "size": [4, 14, 1], "inflate": 1, "pivot": [-40.95991, 275.08233, 31.32892], "rotation": [0, 0, 167.5], "uv": [0, 0]},
						{"origin": [-40.67548, 260.07893, 30.82892], "size": [4, 14, 1], "inflate": 1, "pivot": [-37.95991, 260.08233, 31.32892], "rotation": [0, 0, 125], "uv": [0, 0]},
						{"origin": [-29.91935, 253.47964, 30.82892], "size": [4, 12, 1], "inflate": 1, "pivot": [-26.95991, 252.08233, 31.32892], "rotation": [0, 0, 95], "uv": [0, 0]},
						{"origin": [-28.91935, 253.47964, 30.82892], "size": [2, 13, 1], "inflate": 1, "pivot": [-26.95991, 252.08233, 31.32892], "rotation": [0, 0, 95], "uv": [0, 0]}
					]
				},
				{
					"name": "fios4",
					"parent": "fios3",
					"pivot": [-16.09434, 289.4562, 31.32892],
					"cubes": [
						{"origin": [-21, 286.76474, 29.82892], "size": [2, 8, 3], "inflate": 1, "pivot": [-21, 292.26474, 31.32892], "rotation": [0, 0, -47.5], "uv": [0, 0]},
						{"origin": [-24.12602, 296.29549, 29.82892], "size": [2, 4, 3], "inflate": 1, "pivot": [-21.95991, 296.08233, 31.32892], "rotation": [0, 0, -77.5], "uv": [0, 0]},
						{"origin": [-35.98107, 283.98421, 29.82892], "size": [2, 5, 3], "inflate": 1, "pivot": [-34.95991, 290.08233, 31.32892], "rotation": [0, 0, -137.5], "uv": [0, 0]},
						{"origin": [-30.67263, 292.04855, 29.82892], "size": [2, 3, 3], "inflate": 1, "pivot": [-29.95991, 295.08233, 31.32892], "rotation": [0, 0, -105], "uv": [0, 0]},
						{"origin": [-33.5682, 288.92252, 29.82892], "size": [2, 15, 3], "inflate": 1, "pivot": [-33.95991, 289.08233, 31.32892], "rotation": [0, 0, -160], "uv": [0, 0]},
						{"origin": [-42.35777, 275.37268, 29.82892], "size": [2, 14, 3], "inflate": 1, "pivot": [-40.95991, 275.08233, 31.32892], "rotation": [0, 0, 167.5], "uv": [0, 0]},
						{"origin": [-39.67548, 260.07893, 29.82892], "size": [2, 14, 3], "inflate": 1, "pivot": [-37.95991, 260.08233, 31.32892], "rotation": [0, 0, 125], "uv": [0, 0]},
						{"origin": [-28.91935, 253.47964, 29.82892], "size": [2, 12, 3], "inflate": 1, "pivot": [-26.95991, 252.08233, 31.32892], "rotation": [0, 0, 95], "uv": [0, 0]}
					]
				},
				{
					"name": "olho",
					"parent": "head",
					"pivot": [7.01667, 271.98141, 20.67892],
					"rotation": [0, -12.5, 0],
					"cubes": [
						{"origin": [5, 265.76474, 20.82892], "size": [4, 12, 2], "uv": [22, 80]},
						{"origin": [5, 266.76474, 19.82892], "size": [4, 10, 3], "uv": [22, 80]},
						{"origin": [4, 273.76474, 18.82892], "size": [4, 1, 2], "uv": [30, 183]},
						{"origin": [4, 272.76474, 18.82892], "size": [4, 1, 2], "uv": [117, 221]},
						{"origin": [4, 269.76474, 18.82892], "size": [4, 1, 2], "uv": [117, 221]},
						{"origin": [4, 269.76474, 18.82892], "size": [1, 4, 2], "uv": [117, 221]},
						{"origin": [7, 269.76474, 18.82892], "size": [1, 4, 2], "uv": [117, 221]},
						{"origin": [5, 270.76474, 18.82892], "size": [2, 2, 2], "uv": [43, 243]},
						{"origin": [8, 269.76474, 18.82892], "size": [1, 4, 2], "uv": [30, 183]},
						{"origin": [3, 269.76474, 18.82892], "size": [1, 4, 2], "uv": [30, 183]},
						{"origin": [4, 268.76474, 18.82892], "size": [4, 1, 2], "uv": [30, 183]},
						{"origin": [3, 267.76474, 19.82892], "size": [8, 8, 3], "uv": [22, 80]},
						{"origin": [2, 269.76474, 19.82892], "size": [10, 4, 3], "uv": [22, 80]},
						{"origin": [3, 266.76474, 20.82892], "size": [8, 10, 2], "uv": [22, 80]},
						{"origin": [2, 267.76474, 20.82892], "size": [10, 8, 2], "uv": [22, 80]},
						{"origin": [2, 269.76474, 20.82892], "size": [11, 4, 2], "uv": [22, 80]},
						{"origin": [1, 269.76474, 20.82892], "size": [12, 2, 2], "uv": [22, 80]},
						{"origin": [12, 273.76474, 20.82892], "size": [1, 2, 2], "uv": [33, 228]},
						{"origin": [13, 271.76474, 20.82892], "size": [1, 2, 2], "uv": [33, 228]},
						{"origin": [1, 271.76474, 20.82892], "size": [1, 2, 2], "uv": [33, 228]},
						{"origin": [1, 273.76474, 20.82892], "size": [1, 2, 2], "uv": [33, 228]},
						{"origin": [2, 275.76474, 20.82892], "size": [1, 1, 2], "uv": [33, 228]},
						{"origin": [1, 276.76474, 20.82892], "size": [1, 1, 2], "uv": [33, 228]},
						{"origin": [0, 277.76474, 20.82892], "size": [1, 1, 2], "uv": [33, 228]},
						{"origin": [13, 277.76474, 20.82892], "size": [1, 1, 2], "uv": [33, 228]},
						{"origin": [12, 276.76474, 20.82892], "size": [1, 1, 2], "uv": [33, 228]},
						{"origin": [7, 278.76474, 20.82892], "size": [1, 2, 2], "uv": [33, 228]},
						{"origin": [11, 275.76474, 20.82892], "size": [1, 1, 2], "uv": [33, 228]},
						{"origin": [9, 276.76474, 20.82892], "size": [2, 1, 2], "uv": [33, 228]},
						{"origin": [3, 276.76474, 20.82892], "size": [2, 1, 2], "uv": [33, 228]},
						{"origin": [5, 277.76474, 20.82892], "size": [4, 1, 2], "uv": [33, 228]}
					]
				},
				{
					"name": "olho2",
					"parent": "head",
					"pivot": [-9.98333, 271.98141, 20.67892],
					"rotation": [0, 15, 0],
					"cubes": [
						{"origin": [-12, 265.76474, 20.82892], "size": [4, 12, 2], "uv": [22, 80]},
						{"origin": [-12, 266.76474, 19.82892], "size": [4, 10, 3], "uv": [22, 80]},
						{"origin": [-11, 273.76474, 18.82892], "size": [4, 1, 2], "uv": [30, 183]},
						{"origin": [-11, 272.76474, 18.82892], "size": [4, 1, 2], "uv": [117, 221]},
						{"origin": [-11, 269.76474, 18.82892], "size": [4, 1, 2], "uv": [117, 221]},
						{"origin": [-11, 269.76474, 18.82892], "size": [1, 4, 2], "uv": [117, 221]},
						{"origin": [-8, 269.76474, 18.82892], "size": [1, 4, 2], "uv": [117, 221]},
						{"origin": [-10, 270.76474, 18.82892], "size": [2, 2, 2], "uv": [43, 243]},
						{"origin": [-7, 269.76474, 18.82892], "size": [1, 4, 2], "uv": [30, 183]},
						{"origin": [-12, 269.76474, 18.82892], "size": [1, 4, 2], "uv": [30, 183]},
						{"origin": [-11, 268.76474, 18.82892], "size": [4, 1, 2], "uv": [30, 183]},
						{"origin": [-14, 267.76474, 19.82892], "size": [8, 8, 3], "uv": [22, 80]},
						{"origin": [-15, 269.76474, 19.82892], "size": [10, 4, 3], "uv": [22, 80]},
						{"origin": [-14, 266.76474, 20.82892], "size": [8, 10, 2], "uv": [22, 80]},
						{"origin": [-15, 267.76474, 20.82892], "size": [10, 8, 2], "uv": [22, 80]},
						{"origin": [-16, 269.76474, 20.82892], "size": [11, 4, 2], "uv": [22, 80]},
						{"origin": [-16, 269.76474, 20.82892], "size": [12, 2, 2], "uv": [22, 80]},
						{"origin": [-5, 273.76474, 20.82892], "size": [1, 2, 2], "uv": [33, 228]},
						{"origin": [-5, 271.76474, 20.82892], "size": [1, 2, 2], "uv": [33, 228]},
						{"origin": [-17, 271.76474, 20.82892], "size": [1, 2, 2], "uv": [33, 228]},
						{"origin": [-16, 273.76474, 20.82892], "size": [1, 2, 2], "uv": [33, 228]},
						{"origin": [-15, 275.76474, 20.82892], "size": [1, 1, 2], "uv": [33, 228]},
						{"origin": [-16, 276.76474, 20.82892], "size": [1, 1, 2], "uv": [33, 228]},
						{"origin": [-17, 277.76474, 20.82892], "size": [1, 1, 2], "uv": [33, 228]},
						{"origin": [-4, 277.76474, 20.82892], "size": [1, 1, 2], "uv": [33, 228]},
						{"origin": [-5, 276.76474, 20.82892], "size": [1, 1, 2], "uv": [33, 228]},
						{"origin": [-10, 278.76474, 20.82892], "size": [1, 2, 2], "uv": [33, 228]},
						{"origin": [-6, 275.76474, 20.82892], "size": [1, 1, 2], "uv": [33, 228]},
						{"origin": [-8, 276.76474, 20.82892], "size": [2, 1, 2], "uv": [33, 228]},
						{"origin": [-14, 276.76474, 20.82892], "size": [2, 1, 2], "uv": [33, 228]},
						{"origin": [-12, 277.76474, 20.82892], "size": [4, 1, 2], "uv": [33, 228]}
					]
				},
				{
					"name": "boca",
					"parent": "head",
					"pivot": [-1.98233, 262.8435, 23.32892],
					"rotation": [32.47531, 0.64261, 1.31433],
					"cubes": [
						{"origin": [-6, 261.76474, 21.82892], "size": [8, 2, 2], "uv": [35, 231]},
						{"origin": [-8, 261.76474, 21.82892], "size": [5, 2, 2], "pivot": [-6, 262.76474, 23.32892], "rotation": [0, 0, 20], "uv": [35, 231]},
						{"origin": [-11.12061, 262.44878, 21.82892], "size": [3, 1, 2], "pivot": [-8, 262.76474, 23.32892], "rotation": [0, 0, 45], "uv": [35, 231]},
						{"origin": [-1, 261.76474, 21.82892], "size": [5, 2, 2], "pivot": [2, 262.76474, 23.32892], "rotation": [0, 0, -22.5], "uv": [35, 231]},
						{"origin": [4.15224, 262.53011, 21.82892], "size": [3, 1, 2], "pivot": [4, 262.76474, 23.32892], "rotation": [0, 0, -37.5], "uv": [35, 231]},
						{"origin": [-4, 260.76474, 21.82892], "size": [4, 3, 2], "uv": [35, 231]},
						{"origin": [-5, 263.76474, 21.82892], "size": [6, 1, 2], "uv": [62, 22]},
						{"origin": [-4, 259.76474, 21.82892], "size": [4, 1, 2], "uv": [62, 22]}
					]
				},
				{
					"name": "corpo",
					"parent": "part1",
					"pivot": [0, 162.76474, 32.82892]
				},
				{
					"name": "pescoso",
					"parent": "corpo",
					"pivot": [-1.5, 248.01474, 37.32892],
					"cubes": [
						{"origin": [-3, 239.76474, 34.82892], "size": [3, 18, 3], "uv": [197, 0]},
						{"origin": [-2, 245.76474, 35.82892], "size": [1, 1, 1], "uv": [94, 34]}
					]
				},
				{
					"name": "cap",
					"parent": "corpo",
					"pivot": [0, 162.76474, 32.82892],
					"cubes": [
						{"origin": [0, 237.76474, 33.82892], "size": [2, 2, 6], "uv": [187, 219]},
						{"origin": [-5, 237.76474, 33.82892], "size": [2, 2, 6], "uv": [187, 219]},
						{"origin": [-4, 234.76474, 29.82892], "size": [5, 2, 2], "uv": [191, 11]},
						{"origin": [-4, 231.76474, 27.82892], "size": [5, 3, 2], "uv": [191, 11]},
						{"origin": [-4, 227.76474, 26.82892], "size": [5, 4, 2], "uv": [191, 11]},
						{"origin": [-4, 224.76474, 25.82892], "size": [5, 3, 2], "uv": [61, 28]},
						{"origin": [-1, 224.76474, 25.82892], "size": [2, 4, 2], "uv": [61, 28]},
						{"origin": [-4, 224.76474, 25.82892], "size": [2, 4, 2], "uv": [61, 28]},
						{"origin": [1, 224.76474, 26.82892], "size": [3, 5, 2], "uv": [61, 28]},
						{"origin": [-7, 224.76474, 26.82892], "size": [3, 5, 2], "uv": [61, 28]},
						{"origin": [1, 228.76474, 27.82892], "size": [3, 4, 2], "uv": [197, 20]},
						{"origin": [-7, 228.76474, 27.82892], "size": [3, 4, 2], "uv": [197, 20]},
						{"origin": [1, 231.76474, 28.82892], "size": [3, 3, 2], "uv": [197, 20]},
						{"origin": [-7, 231.76474, 28.82892], "size": [3, 3, 2], "uv": [197, 20]},
						{"origin": [1, 233.76474, 30.82892], "size": [6, 3, 2], "uv": [197, 20]},
						{"origin": [-10, 233.76474, 30.82892], "size": [6, 3, 2], "uv": [197, 20]},
						{"origin": [1, 233.76474, 31.82892], "size": [8, 5, 2], "uv": [197, 20]},
						{"origin": [-12, 233.76474, 31.82892], "size": [8, 5, 2], "uv": [197, 20]},
						{"origin": [4, 231.76474, 29.82892], "size": [3, 3, 2], "uv": [197, 20]},
						{"origin": [-10, 231.76474, 29.82892], "size": [3, 3, 2], "uv": [197, 20]},
						{"origin": [7, 231.76474, 30.82892], "size": [2, 3, 2], "uv": [197, 20]},
						{"origin": [-12, 231.76474, 30.82892], "size": [2, 3, 2], "uv": [197, 20]},
						{"origin": [4, 229.76474, 28.82892], "size": [3, 3, 2], "uv": [197, 20]},
						{"origin": [-10, 229.76474, 28.82892], "size": [3, 3, 2], "uv": [197, 20]},
						{"origin": [7, 228.76474, 29.82892], "size": [2, 4, 2], "uv": [197, 20]},
						{"origin": [-12, 228.76474, 29.82892], "size": [2, 4, 2], "uv": [197, 20]},
						{"origin": [9, 228.76474, 31.82892], "size": [2, 7, 2], "uv": [197, 20]},
						{"origin": [-14, 228.76474, 31.82892], "size": [2, 7, 2], "uv": [197, 20]},
						{"origin": [1, 221.76474, 27.82892], "size": [3, 3, 2], "uv": [61, 28]},
						{"origin": [-7, 221.76474, 27.82892], "size": [3, 3, 2], "uv": [61, 28]},
						{"origin": [1, 218.76474, 29.82892], "size": [3, 3, 2], "uv": [61, 28]},
						{"origin": [-7, 218.76474, 29.82892], "size": [3, 3, 2], "uv": [61, 28]},
						{"origin": [1, 215.76474, 31.82892], "size": [3, 3, 2], "uv": [61, 28]},
						{"origin": [-7, 215.76474, 31.82892], "size": [3, 3, 2], "uv": [61, 28]},
						{"origin": [4, 218.76474, 31.82892], "size": [2, 3, 2], "uv": [61, 28]},
						{"origin": [-9, 218.76474, 31.82892], "size": [2, 3, 2], "uv": [61, 28]},
						{"origin": [6, 221.76474, 31.82892], "size": [2, 3, 2], "uv": [61, 28]},
						{"origin": [-11, 221.76474, 31.82892], "size": [2, 3, 2], "uv": [61, 28]},
						{"origin": [4, 221.76474, 29.82892], "size": [3, 3, 2], "uv": [61, 28]},
						{"origin": [-10, 221.76474, 29.82892], "size": [3, 3, 2], "uv": [61, 28]},
						{"origin": [4, 224.76474, 27.82892], "size": [2, 5, 2], "uv": [61, 28]},
						{"origin": [-9, 224.76474, 27.82892], "size": [2, 5, 2], "uv": [61, 28]},
						{"origin": [6, 224.76474, 28.82892], "size": [2, 5, 2], "uv": [61, 28]},
						{"origin": [-11, 224.76474, 28.82892], "size": [2, 5, 2], "uv": [61, 28]},
						{"origin": [7, 224.76474, 29.82892], "size": [2, 4, 2], "uv": [61, 28]},
						{"origin": [-12, 224.76474, 29.82892], "size": [2, 4, 2], "uv": [61, 28]},
						{"origin": [8, 224.76474, 31.82892], "size": [2, 4, 2], "uv": [61, 28]},
						{"origin": [-13, 224.76474, 31.82892], "size": [2, 4, 2], "uv": [61, 28]},
						{"origin": [-4, 221.76474, 26.82892], "size": [5, 3, 2], "uv": [61, 28]},
						{"origin": [-4, 218.76474, 28.82892], "size": [5, 3, 2], "uv": [61, 28]},
						{"origin": [-4, 215.76474, 30.82892], "size": [5, 3, 2], "uv": [61, 28]},
						{"origin": [-4, 212.76474, 32.82892], "size": [5, 3, 2], "uv": [61, 28]},
						{"origin": [-4, 236.76474, 31.82892], "size": [5, 2, 2], "uv": [187, 219]},
						{"origin": [2, 238.76474, 33.82892], "size": [5, 2, 6], "uv": [184, 25]},
						{"origin": [-10, 238.76474, 33.82892], "size": [5, 2, 6], "uv": [184, 25]},
						{"origin": [7, 237.76474, 33.82892], "size": [2, 2, 6], "uv": [184, 25]},
						{"origin": [-12, 237.76474, 33.82892], "size": [2, 2, 6], "uv": [184, 25]},
						{"origin": [8, 236.76474, 33.82892], "size": [2, 2, 6], "uv": [184, 25]},
						{"origin": [-13, 236.76474, 33.82892], "size": [2, 2, 6], "uv": [184, 25]},
						{"origin": [9, 235.76474, 33.82892], "size": [2, 2, 6], "uv": [184, 25]},
						{"origin": [-14, 235.76474, 33.82892], "size": [2, 2, 6], "uv": [184, 25]},
						{"origin": [10, 227.76474, 33.82892], "size": [2, 8, 6], "uv": [184, 25]},
						{"origin": [-15, 227.76474, 33.82892], "size": [2, 8, 6], "uv": [184, 25]},
						{"origin": [9, 224.76474, 33.82892], "size": [2, 3, 6], "uv": [51, 23]},
						{"origin": [-14, 224.76474, 33.82892], "size": [2, 3, 6], "uv": [51, 23]},
						{"origin": [7, 221.76474, 33.82892], "size": [2, 3, 6], "uv": [51, 23]},
						{"origin": [-12, 221.76474, 33.82892], "size": [2, 3, 6], "uv": [51, 23]},
						{"origin": [5, 218.76474, 33.82892], "size": [2, 3, 6], "uv": [51, 23]},
						{"origin": [-10, 218.76474, 33.82892], "size": [2, 3, 6], "uv": [51, 23]},
						{"origin": [3, 215.76474, 33.82892], "size": [2, 3, 6], "uv": [51, 23]},
						{"origin": [-8, 215.76474, 33.82892], "size": [2, 3, 6], "uv": [51, 23]},
						{"origin": [1, 212.76474, 33.82892], "size": [2, 3, 6], "uv": [51, 23]},
						{"origin": [-6, 212.76474, 33.82892], "size": [2, 3, 6], "uv": [51, 23]},
						{"origin": [-4, 211.76474, 33.82892], "size": [5, 2, 6], "uv": [51, 23]}
					]
				},
				{
					"name": "corpo2",
					"parent": "cap",
					"pivot": [-1.5, 228.00798, 36.54514],
					"rotation": [0, 180, 0],
					"cubes": [
						{"origin": [0, 237.76474, 30.82892], "size": [2, 2, 6], "uv": [187, 219]},
						{"origin": [-5, 237.76474, 30.82892], "size": [2, 2, 6], "uv": [187, 219]},
						{"origin": [-4, 234.76474, 26.82892], "size": [5, 2, 2], "uv": [191, 11]},
						{"origin": [-4, 231.76474, 24.82892], "size": [5, 3, 2], "uv": [191, 11]},
						{"origin": [-4, 227.76474, 23.82892], "size": [5, 4, 2], "uv": [191, 11]},
						{"origin": [-4, 224.76474, 22.82892], "size": [5, 3, 2], "uv": [61, 28]},
						{"origin": [-1, 224.76474, 22.82892], "size": [2, 4, 2], "uv": [61, 28]},
						{"origin": [-4, 224.76474, 22.82892], "size": [2, 4, 2], "uv": [61, 28]},
						{"origin": [1, 224.76474, 23.82892], "size": [3, 5, 2], "uv": [61, 28]},
						{"origin": [-7, 224.76474, 23.82892], "size": [3, 5, 2], "uv": [61, 28]},
						{"origin": [1, 228.76474, 24.82892], "size": [3, 4, 2], "uv": [197, 20]},
						{"origin": [-7, 228.76474, 24.82892], "size": [3, 4, 2], "uv": [197, 20]},
						{"origin": [1, 231.76474, 25.82892], "size": [3, 3, 2], "uv": [197, 20]},
						{"origin": [-7, 231.76474, 25.82892], "size": [3, 3, 2], "uv": [197, 20]},
						{"origin": [1, 233.76474, 27.82892], "size": [6, 3, 2], "uv": [197, 20]},
						{"origin": [-10, 233.76474, 27.82892], "size": [6, 3, 2], "uv": [197, 20]},
						{"origin": [1, 233.76474, 28.82892], "size": [8, 5, 2], "uv": [197, 20]},
						{"origin": [-12, 233.76474, 28.82892], "size": [8, 5, 2], "uv": [197, 20]},
						{"origin": [4, 231.76474, 26.82892], "size": [3, 3, 2], "uv": [197, 20]},
						{"origin": [-10, 231.76474, 26.82892], "size": [3, 3, 2], "uv": [197, 20]},
						{"origin": [7, 231.76474, 27.82892], "size": [2, 3, 2], "uv": [197, 20]},
						{"origin": [-12, 231.76474, 27.82892], "size": [2, 3, 2], "uv": [197, 20]},
						{"origin": [4, 229.76474, 25.82892], "size": [3, 3, 2], "uv": [197, 20]},
						{"origin": [-10, 229.76474, 25.82892], "size": [3, 3, 2], "uv": [197, 20]},
						{"origin": [7, 228.76474, 26.82892], "size": [2, 4, 2], "uv": [197, 20]},
						{"origin": [-12, 228.76474, 26.82892], "size": [2, 4, 2], "uv": [197, 20]},
						{"origin": [9, 228.76474, 28.82892], "size": [2, 7, 2], "uv": [197, 20]},
						{"origin": [-14, 228.76474, 28.82892], "size": [2, 7, 2], "uv": [197, 20]},
						{"origin": [1, 221.76474, 24.82892], "size": [3, 3, 2], "uv": [61, 28]},
						{"origin": [-7, 221.76474, 24.82892], "size": [3, 3, 2], "uv": [61, 28]},
						{"origin": [1, 218.76474, 26.82892], "size": [3, 3, 2], "uv": [61, 28]},
						{"origin": [-7, 218.76474, 26.82892], "size": [3, 3, 2], "uv": [61, 28]},
						{"origin": [1, 215.76474, 28.82892], "size": [3, 3, 2], "uv": [61, 28]},
						{"origin": [-7, 215.76474, 28.82892], "size": [3, 3, 2], "uv": [61, 28]},
						{"origin": [4, 218.76474, 28.82892], "size": [2, 3, 2], "uv": [61, 28]},
						{"origin": [-9, 218.76474, 28.82892], "size": [2, 3, 2], "uv": [61, 28]},
						{"origin": [6, 221.76474, 28.82892], "size": [2, 3, 2], "uv": [61, 28]},
						{"origin": [-11, 221.76474, 28.82892], "size": [2, 3, 2], "uv": [61, 28]},
						{"origin": [4, 221.76474, 26.82892], "size": [3, 3, 2], "uv": [61, 28]},
						{"origin": [-10, 221.76474, 26.82892], "size": [3, 3, 2], "uv": [61, 28]},
						{"origin": [4, 224.76474, 24.82892], "size": [2, 5, 2], "uv": [61, 28]},
						{"origin": [-9, 224.76474, 24.82892], "size": [2, 5, 2], "uv": [61, 28]},
						{"origin": [6, 224.76474, 25.82892], "size": [2, 5, 2], "uv": [61, 28]},
						{"origin": [-11, 224.76474, 25.82892], "size": [2, 5, 2], "uv": [61, 28]},
						{"origin": [7, 224.76474, 26.82892], "size": [2, 4, 2], "uv": [61, 28]},
						{"origin": [-12, 224.76474, 26.82892], "size": [2, 4, 2], "uv": [61, 28]},
						{"origin": [8, 224.76474, 28.82892], "size": [2, 4, 2], "uv": [61, 28]},
						{"origin": [-13, 224.76474, 28.82892], "size": [2, 4, 2], "uv": [61, 28]},
						{"origin": [-4, 221.76474, 23.82892], "size": [5, 3, 2], "uv": [61, 28]},
						{"origin": [-4, 218.76474, 25.82892], "size": [5, 3, 2], "uv": [61, 28]},
						{"origin": [-4, 215.76474, 27.82892], "size": [5, 3, 2], "uv": [61, 28]},
						{"origin": [-4, 212.76474, 29.82892], "size": [5, 3, 2], "uv": [61, 28]},
						{"origin": [-4, 236.76474, 28.82892], "size": [5, 2, 2], "uv": [187, 219]},
						{"origin": [2, 238.76474, 30.82892], "size": [5, 2, 6], "uv": [184, 25]},
						{"origin": [-10, 238.76474, 30.82892], "size": [5, 2, 6], "uv": [184, 25]},
						{"origin": [7, 237.76474, 30.82892], "size": [2, 2, 6], "uv": [184, 25]},
						{"origin": [-12, 237.76474, 30.82892], "size": [2, 2, 6], "uv": [184, 25]},
						{"origin": [8, 236.76474, 30.82892], "size": [2, 2, 6], "uv": [184, 25]},
						{"origin": [-13, 236.76474, 30.82892], "size": [2, 2, 6], "uv": [184, 25]},
						{"origin": [9, 235.76474, 30.82892], "size": [2, 2, 6], "uv": [184, 25]},
						{"origin": [-14, 235.76474, 30.82892], "size": [2, 2, 6], "uv": [184, 25]},
						{"origin": [10, 227.76474, 30.82892], "size": [2, 8, 6], "uv": [184, 25]},
						{"origin": [-15, 227.76474, 30.82892], "size": [2, 8, 6], "uv": [184, 25]},
						{"origin": [9, 224.76474, 30.82892], "size": [2, 3, 6], "uv": [51, 23]},
						{"origin": [-14, 224.76474, 30.82892], "size": [2, 3, 6], "uv": [51, 23]},
						{"origin": [7, 221.76474, 30.82892], "size": [2, 3, 6], "uv": [51, 23]},
						{"origin": [-12, 221.76474, 30.82892], "size": [2, 3, 6], "uv": [51, 23]},
						{"origin": [5, 218.76474, 30.82892], "size": [2, 3, 6], "uv": [51, 23]},
						{"origin": [-10, 218.76474, 30.82892], "size": [2, 3, 6], "uv": [51, 23]},
						{"origin": [3, 215.76474, 30.82892], "size": [2, 3, 6], "uv": [51, 23]},
						{"origin": [-8, 215.76474, 30.82892], "size": [2, 3, 6], "uv": [51, 23]},
						{"origin": [1, 212.76474, 30.82892], "size": [2, 3, 6], "uv": [51, 23]},
						{"origin": [-6, 212.76474, 30.82892], "size": [2, 3, 6], "uv": [51, 23]},
						{"origin": [-4, 211.76474, 30.82892], "size": [5, 2, 6], "uv": [51, 23]}
					]
				},
				{
					"name": "cabo",
					"parent": "corpo",
					"pivot": [0, 162.76474, 32.82892],
					"cubes": [
						{"origin": [-2, 181.76474, 37.82892], "size": [1, 32, 1], "inflate": 1, "pivot": [-1.5, 210.76474, 38.32892], "rotation": [-7.5, 0, 0], "uv": [0, 0]}
					]
				},
				{
					"name": "brao",
					"parent": "part1",
					"pivot": [10, 234.76474, 38.82892],
					"rotation": [0, 55, -87.5]
				},
				{
					"name": "cm39",
					"parent": "brao",
					"pivot": [10, 235.26474, 38.32892],
					"rotation": [-122.79781, 45.05075, -114.51604],
					"cubes": [
						{"origin": [8, 223.76474, 35.82892], "size": [3, 11, 5], "uv": [203, 21]},
						{"origin": [9, 230.76474, 34.82892], "size": [1, 1, 3], "uv": [66, 17]},
						{"origin": [7, 223.76474, 36.82892], "size": [5, 11, 3], "uv": [203, 21]}
					]
				},
				{
					"name": "cm40",
					"parent": "cm39",
					"pivot": [10, 224.26474, 38.32892],
					"cubes": [
						{"origin": [8, 212.76474, 35.82892], "size": [3, 11, 5], "uv": [203, 21]},
						{"origin": [7, 212.76474, 36.82892], "size": [5, 11, 3], "uv": [203, 21]}
					]
				},
				{
					"name": "cm41",
					"parent": "cm40",
					"pivot": [10, 213.26474, 38.32892],
					"rotation": [0, 0, 20],
					"cubes": [
						{"origin": [8, 201.76474, 35.82892], "size": [3, 11, 5], "uv": [203, 21]},
						{"origin": [7, 201.76474, 36.82892], "size": [5, 11, 3], "uv": [203, 21]}
					]
				},
				{
					"name": "cm42",
					"parent": "cm41",
					"pivot": [10, 202.26474, 38.32892],
					"rotation": [0, 0, -22.5],
					"cubes": [
						{"origin": [8, 190.76474, 35.82892], "size": [3, 11, 5], "uv": [203, 21]},
						{"origin": [7, 190.76474, 36.82892], "size": [5, 11, 3], "uv": [203, 21]}
					]
				},
				{
					"name": "cm43",
					"parent": "cm42",
					"pivot": [10, 191.26474, 38.32892],
					"rotation": [0, 0, -35],
					"cubes": [
						{"origin": [8, 179.76474, 35.82892], "size": [3, 11, 5], "uv": [203, 21]},
						{"origin": [7, 179.76474, 36.82892], "size": [5, 11, 3], "uv": [203, 21]}
					]
				},
				{
					"name": "bx5",
					"parent": "cm43",
					"pivot": [10, 180.26474, 38.32892],
					"rotation": [0, 0, -25],
					"cubes": [
						{"origin": [8, 168.76474, 35.82892], "size": [3, 11, 5], "uv": [203, 21]},
						{"origin": [7, 168.76474, 36.82892], "size": [5, 11, 3], "uv": [203, 21]}
					]
				},
				{
					"name": "cm44",
					"parent": "bx5",
					"pivot": [10, 169.26474, 38.32892],
					"rotation": [-13.64973, 6.27967, 1.74769],
					"cubes": [
						{"origin": [8, 157.76474, 35.82892], "size": [3, 11, 5], "uv": [203, 21]},
						{"origin": [7, 157.76474, 36.82892], "size": [5, 11, 3], "uv": [203, 21]}
					]
				},
				{
					"name": "cm45",
					"parent": "cm44",
					"pivot": [10, 158.26474, 38.32892],
					"rotation": [-12.5, 0, -22.5],
					"cubes": [
						{"origin": [8, 146.76474, 35.82892], "size": [3, 11, 5], "uv": [203, 21]},
						{"origin": [7, 146.76474, 36.82892], "size": [5, 11, 3], "uv": [203, 21]}
					]
				},
				{
					"name": "cm46",
					"parent": "cm45",
					"pivot": [10, 147.26474, 38.32892],
					"rotation": [-10.29284, 7.13136, 1.8569],
					"cubes": [
						{"origin": [8, 135.76474, 35.82892], "size": [3, 11, 5], "uv": [203, 21]},
						{"origin": [7, 135.76474, 36.82892], "size": [5, 11, 3], "uv": [203, 21]}
					]
				},
				{
					"name": "cm47",
					"parent": "cm46",
					"pivot": [10, 136.26474, 38.32892],
					"rotation": [173.47355, 19.00312, 173.31925],
					"cubes": [
						{"origin": [8, 124.76474, 35.82892], "size": [3, 11, 5], "uv": [203, 21]},
						{"origin": [7, 124.76474, 36.82892], "size": [5, 11, 3], "uv": [203, 21]}
					]
				},
				{
					"name": "hand3",
					"parent": "cm47",
					"pivot": [10, 125.26474, 38.32892],
					"rotation": [-2.72862, 52.44677, -54.64863]
				},
				{
					"name": "long3",
					"parent": "hand3",
					"pivot": [10, 136.26474, 38.32892],
					"cubes": [
						{"origin": [5, 119.26474, 33.32892], "size": [9, 6, 10], "uv": [189, 231]},
						{"origin": [6, 119.26474, 32.32892], "size": [7, 6, 12], "uv": [189, 231]},
						{"origin": [4, 119.26474, 34.32892], "size": [11, 6, 8], "uv": [189, 231]},
						{"origin": [3, 119.26474, 35.32892], "size": [13, 6, 6], "uv": [189, 231]}
					]
				},
				{
					"name": "bone3",
					"parent": "long3",
					"pivot": [10, 136.26474, 38.32892],
					"cubes": [
						{"origin": [6, 106.26474, 33.32892], "size": [8, 13, 10], "uv": [0, 0]},
						{"origin": [7, 106.26474, 32.32892], "size": [6, 12, 12], "uv": [0, 0]},
						{"origin": [8, 106.26474, 31.32892], "size": [4, 11, 14], "uv": [0, 0]}
					]
				},
				{
					"name": "dedo17",
					"parent": "hand3",
					"pivot": [9, 107.26474, 42.32892],
					"rotation": [10, 0, 0],
					"cubes": [
						{"origin": [7, 99.26474, 39.32892], "size": [4, 8, 6], "uv": [0, 0]},
						{"origin": [6, 99.26474, 40.32892], "size": [6, 8, 4], "uv": [0, 0]}
					]
				},
				{
					"name": "dedo18",
					"parent": "dedo17",
					"pivot": [9.5, 99.26474, 41.82892],
					"rotation": [0, 0, 5],
					"cubes": [
						{"origin": [7, 91.26474, 39.32892], "size": [4, 8, 6], "uv": [0, 0]},
						{"origin": [6, 91.26474, 40.32892], "size": [6, 8, 4], "uv": [0, 0]},
						{"origin": [7, 90.26474, 40.32892], "size": [4, 9, 4], "uv": [0, 0]}
					]
				},
				{
					"name": "dedo19",
					"parent": "hand3",
					"pivot": [9, 107.26474, 34.32892],
					"rotation": [-10, 0, 0],
					"cubes": [
						{"origin": [7, 99.26474, 31.32892], "size": [4, 8, 6], "uv": [0, 0]},
						{"origin": [6, 99.26474, 32.32892], "size": [6, 8, 4], "uv": [0, 0]}
					]
				},
				{
					"name": "dedo20",
					"parent": "dedo19",
					"pivot": [9.5, 99.26474, 33.82892],
					"rotation": [0, 0, 5],
					"cubes": [
						{"origin": [7, 91.26474, 31.32892], "size": [4, 8, 6], "uv": [0, 0]},
						{"origin": [6, 91.26474, 32.32892], "size": [6, 8, 4], "uv": [0, 0]},
						{"origin": [7, 90.26474, 32.32892], "size": [4, 9, 4], "uv": [0, 0]}
					]
				},
				{
					"name": "dedo21",
					"parent": "hand3",
					"pivot": [9, 113.26474, 34.32892],
					"rotation": [-47.32109, 32.74556, -7.68959],
					"cubes": [
						{"origin": [7, 105.26474, 31.32892], "size": [4, 8, 6], "uv": [0, 0]},
						{"origin": [6, 105.26474, 32.32892], "size": [6, 8, 4], "uv": [0, 0]}
					]
				},
				{
					"name": "dedo22",
					"parent": "dedo21",
					"pivot": [9.5, 105.26474, 33.82892],
					"rotation": [0, 0, 5],
					"cubes": [
						{"origin": [7, 97.26474, 31.32892], "size": [4, 8, 6], "uv": [0, 0]},
						{"origin": [6, 97.26474, 32.32892], "size": [6, 8, 4], "uv": [0, 0]},
						{"origin": [7, 96.26474, 32.32892], "size": [4, 9, 4], "uv": [0, 0]}
					]
				},
				{
					"name": "dedo23",
					"parent": "hand3",
					"pivot": [9, 107.26474, 38.32892],
					"cubes": [
						{"origin": [7, 99.26474, 35.32892], "size": [4, 8, 6], "uv": [0, 0]},
						{"origin": [6, 99.26474, 36.32892], "size": [6, 8, 4], "uv": [0, 0]}
					]
				},
				{
					"name": "dedo24",
					"parent": "dedo23",
					"pivot": [9.5, 99.26474, 37.82892],
					"rotation": [0, 0, 5],
					"cubes": [
						{"origin": [7, 91.26474, 35.32892], "size": [4, 8, 6], "uv": [0, 0]},
						{"origin": [6, 91.26474, 36.32892], "size": [6, 8, 4], "uv": [0, 0]},
						{"origin": [7, 90.26474, 36.32892], "size": [4, 9, 4], "uv": [0, 0]}
					]
				},
				{
					"name": "brao2",
					"parent": "part1",
					"pivot": [-12, 232.76474, 38.82892],
					"rotation": [180, 0, -157.5]
				},
				{
					"name": "cm21",
					"parent": "brao2",
					"pivot": [-12, 233.26474, 38.32892],
					"rotation": [-11.57518, 4.75113, -45.48184],
					"cubes": [
						{"origin": [-14, 221.76474, 35.82892], "size": [3, 11, 5], "uv": [203, 21]},
						{"origin": [-13, 228.76474, 34.82892], "size": [1, 1, 3], "uv": [66, 17]},
						{"origin": [-15, 221.76474, 36.82892], "size": [5, 11, 3], "uv": [203, 21]}
					]
				},
				{
					"name": "cm22",
					"parent": "cm21",
					"pivot": [-12, 222.26474, 38.32892],
					"rotation": [0, 0, 25],
					"cubes": [
						{"origin": [-14, 210.76474, 35.82892], "size": [3, 11, 5], "uv": [203, 21]},
						{"origin": [-15, 210.76474, 36.82892], "size": [5, 11, 3], "uv": [203, 21]}
					]
				},
				{
					"name": "cm23",
					"parent": "cm22",
					"pivot": [-12, 211.26474, 38.32892],
					"rotation": [0, 0, 30],
					"cubes": [
						{"origin": [-14, 199.76474, 35.82892], "size": [3, 11, 5], "uv": [203, 21]},
						{"origin": [-15, 199.76474, 36.82892], "size": [5, 11, 3], "uv": [203, 21]}
					]
				},
				{
					"name": "cm24",
					"parent": "cm23",
					"pivot": [-12, 200.26474, 38.32892],
					"rotation": [12.5, 0, 0],
					"cubes": [
						{"origin": [-14, 188.76474, 35.82892], "size": [3, 11, 5], "uv": [203, 21]},
						{"origin": [-15, 188.76474, 36.82892], "size": [5, 11, 3], "uv": [203, 21]}
					]
				},
				{
					"name": "cm25",
					"parent": "cm24",
					"pivot": [-12, 189.26474, 38.32892],
					"rotation": [52.5, 0, 0],
					"cubes": [
						{"origin": [-14, 177.76474, 35.82892], "size": [3, 11, 5], "uv": [203, 21]},
						{"origin": [-15, 177.76474, 36.82892], "size": [5, 11, 3], "uv": [203, 21]}
					]
				},
				{
					"name": "bx3",
					"parent": "cm25",
					"pivot": [-12, 178.26474, 38.32892],
					"rotation": [-5, -30, -17.5],
					"cubes": [
						{"origin": [-14, 166.76474, 35.82892], "size": [3, 11, 5], "uv": [203, 21]},
						{"origin": [-15, 166.76474, 36.82892], "size": [5, 11, 3], "uv": [203, 21]}
					]
				},
				{
					"name": "cm26",
					"parent": "bx3",
					"pivot": [-12, 167.26474, 38.32892],
					"rotation": [-33.65181, -23.03568, -30.44729],
					"cubes": [
						{"origin": [-14, 155.76474, 35.82892], "size": [3, 11, 5], "uv": [203, 21]},
						{"origin": [-15, 155.76474, 36.82892], "size": [5, 11, 3], "uv": [203, 21]}
					]
				},
				{
					"name": "cm27",
					"parent": "cm26",
					"pivot": [-12, 156.26474, 38.32892],
					"rotation": [0, 0, -35],
					"cubes": [
						{"origin": [-14, 144.76474, 35.82892], "size": [3, 11, 5], "uv": [203, 21]},
						{"origin": [-15, 144.76474, 36.82892], "size": [5, 11, 3], "uv": [203, 21]}
					]
				},
				{
					"name": "cm28",
					"parent": "cm27",
					"pivot": [-12, 145.26474, 38.32892],
					"rotation": [0, 0, -5],
					"cubes": [
						{"origin": [-14, 133.76474, 35.82892], "size": [3, 11, 5], "uv": [203, 21]},
						{"origin": [-15, 133.76474, 36.82892], "size": [5, 11, 3], "uv": [203, 21]}
					]
				},
				{
					"name": "cm29",
					"parent": "cm28",
					"pivot": [-12, 134.26474, 38.32892],
					"rotation": [0, 0, -30],
					"cubes": [
						{"origin": [-14, 122.76474, 35.82892], "size": [3, 11, 5], "uv": [203, 21]},
						{"origin": [-15, 122.76474, 36.82892], "size": [5, 11, 3], "uv": [203, 21]}
					]
				},
				{
					"name": "hand4",
					"parent": "cm29",
					"pivot": [-12, 123.26474, 38.32892],
					"rotation": [0.88045, 9.96156, -54.92327]
				},
				{
					"name": "long4",
					"parent": "hand4",
					"pivot": [-12, 134.26474, 38.32892],
					"cubes": [
						{"origin": [-17, 117.26474, 33.32892], "size": [9, 6, 10], "uv": [189, 231]},
						{"origin": [-16, 117.26474, 32.32892], "size": [7, 6, 12], "uv": [189, 231]},
						{"origin": [-18, 117.26474, 34.32892], "size": [11, 6, 8], "uv": [189, 231]},
						{"origin": [-19, 117.26474, 35.32892], "size": [13, 6, 6], "uv": [189, 231]}
					]
				},
				{
					"name": "bone4",
					"parent": "long4",
					"pivot": [-12, 134.26474, 38.32892],
					"cubes": [
						{"origin": [-16, 104.26474, 33.32892], "size": [8, 13, 10], "uv": [0, 0]},
						{"origin": [-15, 104.26474, 32.32892], "size": [6, 12, 12], "uv": [0, 0]},
						{"origin": [-14, 104.26474, 31.32892], "size": [4, 11, 14], "uv": [0, 0]}
					]
				},
				{
					"name": "dedo2",
					"parent": "hand4",
					"pivot": [-13, 105.26474, 42.32892],
					"rotation": [10, 0, 0],
					"cubes": [
						{"origin": [-15, 97.26474, 39.32892], "size": [4, 8, 6], "uv": [0, 0]},
						{"origin": [-16, 97.26474, 40.32892], "size": [6, 8, 4], "uv": [0, 0]}
					]
				},
				{
					"name": "dedo3",
					"parent": "dedo2",
					"pivot": [-12.5, 97.26474, 41.82892],
					"rotation": [0, 0, 5],
					"cubes": [
						{"origin": [-15, 89.26474, 39.32892], "size": [4, 8, 6], "uv": [0, 0]},
						{"origin": [-16, 89.26474, 40.32892], "size": [6, 8, 4], "uv": [0, 0]},
						{"origin": [-15, 88.26474, 40.32892], "size": [4, 9, 4], "uv": [0, 0]}
					]
				},
				{
					"name": "dedo4",
					"parent": "hand4",
					"pivot": [-13, 105.26474, 34.32892],
					"rotation": [-10, 0, 0],
					"cubes": [
						{"origin": [-15, 97.26474, 31.32892], "size": [4, 8, 6], "uv": [0, 0]},
						{"origin": [-16, 97.26474, 32.32892], "size": [6, 8, 4], "uv": [0, 0]}
					]
				},
				{
					"name": "dedo5",
					"parent": "dedo4",
					"pivot": [-12.5, 97.26474, 33.82892],
					"rotation": [0, 0, 5],
					"cubes": [
						{"origin": [-15, 89.26474, 31.32892], "size": [4, 8, 6], "uv": [0, 0]},
						{"origin": [-16, 89.26474, 32.32892], "size": [6, 8, 4], "uv": [0, 0]},
						{"origin": [-15, 88.26474, 32.32892], "size": [4, 9, 4], "uv": [0, 0]}
					]
				},
				{
					"name": "dedo6",
					"parent": "hand4",
					"pivot": [-13, 113.26474, 42.32892],
					"rotation": [50.31628, -35.06585, 1.95305],
					"cubes": [
						{"origin": [-15, 105.26474, 39.32892], "size": [4, 8, 6], "uv": [0, 0]},
						{"origin": [-16, 105.26474, 40.32892], "size": [6, 8, 4], "uv": [0, 0]}
					]
				},
				{
					"name": "dedo7",
					"parent": "dedo6",
					"pivot": [-12.5, 105.26474, 41.82892],
					"rotation": [0, 0, 5],
					"cubes": [
						{"origin": [-15, 97.26474, 39.32892], "size": [4, 8, 6], "uv": [0, 0]},
						{"origin": [-16, 97.26474, 40.32892], "size": [6, 8, 4], "uv": [0, 0]},
						{"origin": [-15, 96.26474, 40.32892], "size": [4, 9, 4], "uv": [0, 0]}
					]
				},
				{
					"name": "dedo8",
					"parent": "hand4",
					"pivot": [-13, 105.26474, 38.32892],
					"cubes": [
						{"origin": [-15, 97.26474, 35.32892], "size": [4, 8, 6], "uv": [0, 0]},
						{"origin": [-16, 97.26474, 36.32892], "size": [6, 8, 4], "uv": [0, 0]}
					]
				},
				{
					"name": "dedo25",
					"parent": "dedo8",
					"pivot": [-12.5, 97.26474, 37.82892],
					"rotation": [0, 0, 5],
					"cubes": [
						{"origin": [-15, 89.26474, 35.32892], "size": [4, 8, 6], "uv": [0, 0]},
						{"origin": [-16, 89.26474, 36.32892], "size": [6, 8, 4], "uv": [0, 0]},
						{"origin": [-15, 88.26474, 36.32892], "size": [4, 9, 4], "uv": [0, 0]}
					]
				},
				{
					"name": "part2",
					"parent": "mommylonglegs",
					"pivot": [0, 155, 30]
				},
				{
					"name": "falda",
					"parent": "part2",
					"pivot": [-1.5, 200.5, 35.5],
					"cubes": [
						{"origin": [-8, 159, 30], "size": [13, 41, 11], "uv": [45, 0]},
						{"origin": [-8, 159, 30], "size": [13, 41, 11], "pivot": [-1.5, 179.5, 32.5], "rotation": [0, 0, -90], "uv": [45, 0]},
						{"origin": [-8, 159, 30], "size": [13, 41, 11], "pivot": [-1.5, 179.5, 32.5], "rotation": [0, 0, -55], "uv": [45, 0]},
						{"origin": [-8, 159, 30], "size": [13, 41, 11], "pivot": [-1.5, 179.5, 32.5], "rotation": [0, 0, 35], "uv": [45, 0]},
						{"origin": [-8, 159, 30], "size": [13, 41, 11], "pivot": [-1.5, 179.5, 32.5], "rotation": [0, 0, 57.5], "uv": [45, 0]},
						{"origin": [-8, 159, 30], "size": [13, 41, 11], "pivot": [-1.5, 179.5, 32.5], "rotation": [0, 0, -27.5], "uv": [45, 0]}
					]
				},
				{
					"name": "falda2",
					"parent": "falda",
					"pivot": [-0.5, 179.5, 35.5],
					"rotation": [0, -90, 0],
					"cubes": [
						{"origin": [-7, 159, 30], "size": [13, 41, 11], "uv": [45, 0]},
						{"origin": [-7, 159, 30], "size": [13, 41, 11], "pivot": [-0.5, 179.5, 32.5], "rotation": [0, 0, -90], "uv": [45, 0]},
						{"origin": [-7, 159, 30], "size": [13, 41, 11], "pivot": [-0.5, 179.5, 32.5], "rotation": [0, 0, -55], "uv": [45, 0]},
						{"origin": [-7, 159, 30], "size": [13, 41, 11], "pivot": [-0.5, 179.5, 32.5], "rotation": [0, 0, 35], "uv": [45, 0]},
						{"origin": [-7, 159, 30], "size": [13, 41, 11], "pivot": [-0.5, 179.5, 32.5], "rotation": [0, 0, 57.5], "uv": [45, 0]},
						{"origin": [-7, 159, 30], "size": [13, 41, 11], "pivot": [-0.5, 179.5, 32.5], "rotation": [0, 0, -27.5], "uv": [45, 0]}
					]
				},
				{
					"name": "falda3",
					"parent": "falda",
					"pivot": [-1.5, 179.5, 35.5],
					"rotation": [0, -120, 0],
					"cubes": [
						{"origin": [-8, 159, 30], "size": [13, 41, 11], "uv": [45, 0]},
						{"origin": [-8, 159, 30], "size": [13, 41, 11], "pivot": [-1.5, 179.5, 32.5], "rotation": [0, 0, -90], "uv": [45, 0]},
						{"origin": [-8, 159, 30], "size": [13, 41, 11], "pivot": [-1.5, 179.5, 32.5], "rotation": [0, 0, -55], "uv": [45, 0]},
						{"origin": [-8, 159, 30], "size": [13, 41, 11], "pivot": [-1.5, 179.5, 32.5], "rotation": [0, 0, 35], "uv": [45, 0]},
						{"origin": [-8, 159, 30], "size": [13, 41, 11], "pivot": [-1.5, 179.5, 32.5], "rotation": [0, 0, 57.5], "uv": [45, 0]},
						{"origin": [-8, 159, 30], "size": [13, 41, 11], "pivot": [-1.5, 179.5, 32.5], "rotation": [0, 0, -27.5], "uv": [45, 0]}
					]
				},
				{
					"name": "falda5",
					"parent": "falda",
					"pivot": [-1.5, 179.5, 35.5],
					"rotation": [0, -62.5, 0],
					"cubes": [
						{"origin": [-8, 159, 30], "size": [13, 41, 11], "uv": [45, 0]},
						{"origin": [-8, 159, 30], "size": [13, 41, 11], "pivot": [-1.5, 179.5, 32.5], "rotation": [0, 0, -90], "uv": [45, 0]},
						{"origin": [-8, 159, 30], "size": [13, 41, 11], "pivot": [-1.5, 179.5, 32.5], "rotation": [0, 0, -55], "uv": [45, 0]},
						{"origin": [-8, 159, 30], "size": [13, 41, 11], "pivot": [-1.5, 179.5, 32.5], "rotation": [0, 0, 35], "uv": [45, 0]},
						{"origin": [-8, 159, 30], "size": [13, 41, 11], "pivot": [-1.5, 179.5, 32.5], "rotation": [0, 0, 57.5], "uv": [45, 0]},
						{"origin": [-8, 159, 30], "size": [13, 41, 11], "pivot": [-1.5, 179.5, 32.5], "rotation": [0, 0, -27.5], "uv": [45, 0]}
					]
				},
				{
					"name": "falda6",
					"parent": "falda",
					"pivot": [-1.5, 179.5, 35.5],
					"rotation": [0, -30, 0],
					"cubes": [
						{"origin": [-8, 159, 30], "size": [13, 41, 11], "uv": [45, 0]},
						{"origin": [-8, 159, 30], "size": [13, 41, 11], "pivot": [-1.5, 179.5, 32.5], "rotation": [0, 0, -90], "uv": [45, 0]},
						{"origin": [-8, 159, 30], "size": [13, 41, 11], "pivot": [-1.5, 179.5, 32.5], "rotation": [0, 0, -55], "uv": [45, 0]},
						{"origin": [-8, 159, 30], "size": [13, 41, 11], "pivot": [-1.5, 179.5, 32.5], "rotation": [0, 0, 35], "uv": [45, 0]},
						{"origin": [-8, 159, 30], "size": [13, 41, 11], "pivot": [-1.5, 179.5, 32.5], "rotation": [0, 0, 57.5], "uv": [45, 0]},
						{"origin": [-8, 159, 30], "size": [13, 41, 11], "pivot": [-1.5, 179.5, 32.5], "rotation": [0, 0, -27.5], "uv": [45, 0]}
					]
				},
				{
					"name": "falda4",
					"parent": "falda",
					"pivot": [-1.5, 179.5, 35.5],
					"rotation": [0, -150, 0],
					"cubes": [
						{"origin": [-8, 159, 30], "size": [13, 41, 11], "uv": [45, 0]},
						{"origin": [-8, 159, 30], "size": [13, 41, 11], "pivot": [-1.5, 179.5, 32.5], "rotation": [0, 0, -90], "uv": [45, 0]},
						{"origin": [-8, 159, 30], "size": [13, 41, 11], "pivot": [-1.5, 179.5, 32.5], "rotation": [0, 0, -55], "uv": [45, 0]},
						{"origin": [-8, 159, 30], "size": [13, 41, 11], "pivot": [-1.5, 179.5, 32.5], "rotation": [0, 0, 35], "uv": [45, 0]},
						{"origin": [-8, 159, 30], "size": [13, 41, 11], "pivot": [-1.5, 179.5, 32.5], "rotation": [0, 0, 57.5], "uv": [45, 0]},
						{"origin": [-8, 159, 30], "size": [13, 41, 11], "pivot": [-1.5, 179.5, 32.5], "rotation": [0, 0, -27.5], "uv": [45, 0]}
					]
				},
				{
					"name": "perna",
					"parent": "part2",
					"pivot": [7, 162, 36],
					"rotation": [0, 0, -105]
				},
				{
					"name": "cm30",
					"parent": "perna",
					"pivot": [7, 162.5, 35.5],
					"rotation": [0, 0, 80],
					"cubes": [
						{"origin": [5, 151, 33], "size": [3, 11, 5], "uv": [203, 21]},
						{"origin": [6, 158, 32], "size": [1, 1, 3], "uv": [66, 17]},
						{"origin": [4, 151, 34], "size": [5, 11, 3], "uv": [203, 21]}
					]
				},
				{
					"name": "cm31",
					"parent": "cm30",
					"pivot": [7, 151.5, 35.5],
					"cubes": [
						{"origin": [5, 140, 33], "size": [3, 11, 5], "uv": [203, 21]},
						{"origin": [4, 140, 34], "size": [5, 11, 3], "uv": [203, 21]}
					]
				},
				{
					"name": "cm32",
					"parent": "cm31",
					"pivot": [7, 140.5, 35.5],
					"rotation": [0, 0, 12.5],
					"cubes": [
						{"origin": [5, 129, 33], "size": [3, 11, 5], "uv": [203, 21]},
						{"origin": [4, 129, 34], "size": [5, 11, 3], "uv": [203, 21]}
					]
				},
				{
					"name": "cm33",
					"parent": "cm32",
					"pivot": [7, 129.5, 35.5],
					"rotation": [0, 0, 12.5],
					"cubes": [
						{"origin": [5, 118, 33], "size": [3, 11, 5], "uv": [203, 21]},
						{"origin": [4, 118, 34], "size": [5, 11, 3], "uv": [203, 21]}
					]
				},
				{
					"name": "cm34",
					"parent": "cm33",
					"pivot": [7, 118.5, 35.5],
					"rotation": [5.36389, 15.05155, 19.30707],
					"cubes": [
						{"origin": [5, 107, 33], "size": [3, 11, 5], "uv": [203, 21]},
						{"origin": [4, 107, 34], "size": [5, 11, 3], "uv": [203, 21]}
					]
				},
				{
					"name": "bx4",
					"parent": "cm34",
					"pivot": [7, 107.5, 35.5],
					"rotation": [0, 0, 7.5],
					"cubes": [
						{"origin": [5, 96, 33], "size": [3, 11, 5], "uv": [203, 21]},
						{"origin": [4, 96, 34], "size": [5, 11, 3], "uv": [203, 21]}
					]
				},
				{
					"name": "cm35",
					"parent": "bx4",
					"pivot": [7, 96.5, 35.5],
					"rotation": [10.72858, 10.54529, -26.50703],
					"cubes": [
						{"origin": [5, 85, 33], "size": [3, 11, 5], "uv": [203, 21]},
						{"origin": [4, 85, 34], "size": [5, 11, 3], "uv": [203, 21]}
					]
				},
				{
					"name": "cm36",
					"parent": "cm35",
					"pivot": [7, 85.5, 35.5],
					"rotation": [3.09472, -22.29711, -8.11003],
					"cubes": [
						{"origin": [5, 74, 33], "size": [3, 11, 5], "uv": [203, 21]},
						{"origin": [4, 74, 34], "size": [5, 11, 3], "uv": [203, 21]}
					]
				},
				{
					"name": "cm37",
					"parent": "cm36",
					"pivot": [7, 74.5, 35.5],
					"cubes": [
						{"origin": [5, 63, 33], "size": [3, 11, 5], "uv": [203, 21]},
						{"origin": [4, 63, 34], "size": [5, 11, 3], "uv": [203, 21]}
					]
				},
				{
					"name": "cm38",
					"parent": "cm37",
					"pivot": [7, 63.5, 35.5],
					"cubes": [
						{"origin": [5, 52, 33], "size": [3, 11, 5], "uv": [203, 21]},
						{"origin": [4, 52, 34], "size": [5, 11, 3], "uv": [203, 21]}
					]
				},
				{
					"name": "cm48",
					"parent": "cm38",
					"pivot": [7, 52.5, 35.5],
					"rotation": [-20, 0, 0],
					"cubes": [
						{"origin": [5, 41, 33], "size": [3, 11, 5], "uv": [203, 21]},
						{"origin": [4, 41, 34], "size": [5, 11, 3], "uv": [203, 21]}
					]
				},
				{
					"name": "sapato3",
					"parent": "cm48",
					"pivot": [7, 41.5, 35.5],
					"cubes": [
						{"origin": [3, 36.5, 31.5], "size": [7, 5, 8], "uv": [190, 219]},
						{"origin": [2, 36.5, 32.5], "size": [9, 5, 6], "uv": [190, 219]},
						{"origin": [1, 36.5, 33.5], "size": [11, 5, 4], "uv": [190, 219]},
						{"origin": [3, 25.5, 33.5], "size": [7, 11, 4], "uv": [190, 219]},
						{"origin": [2, 28.5, 32.5], "size": [9, 2, 7], "uv": [41, 11]},
						{"origin": [2, 23.5, 32.5], "size": [9, 2, 7], "uv": [41, 11]},
						{"origin": [4, 28.5, 31.5], "size": [5, 2, 9], "uv": [41, 11]},
						{"origin": [4, 23.5, 31.5], "size": [5, 2, 9], "uv": [41, 11]},
						{"origin": [4, 15.5, 39.5], "size": [5, 15, 1], "uv": [41, 11]},
						{"origin": [2, 15.5, 37.5], "size": [9, 15, 2], "uv": [41, 11]},
						{"origin": [1, 15.5, 33.5], "size": [2, 15, 4], "uv": [41, 11]},
						{"origin": [1, 15.5, 26.5], "size": [11, 9, 11], "uv": [41, 11]},
						{"origin": [0, 15.5, 22.5], "size": [13, 8, 5], "uv": [41, 11]},
						{"origin": [1, 15.5, 22.5], "size": [11, 10, 5], "uv": [41, 11]},
						{"origin": [3, 15.5, 22.5], "size": [7, 11, 5], "uv": [41, 11]},
						{"origin": [3, 15.5, 20.5], "size": [7, 10, 7], "uv": [41, 11]},
						{"origin": [1, 15.5, 20.5], "size": [11, 9, 2], "uv": [41, 11]},
						{"origin": [1, 15.5, 19.5], "size": [11, 7, 3], "uv": [41, 11]},
						{"origin": [0, 15.5, 21.5], "size": [13, 7, 1], "uv": [41, 11]},
						{"origin": [3, 15.5, 19.5], "size": [7, 9, 8], "uv": [41, 11]},
						{"origin": [3, 15.5, 18.5], "size": [7, 7, 9], "uv": [41, 11]},
						{"origin": [10, 15.5, 33.5], "size": [2, 15, 4], "uv": [41, 11]},
						{"origin": [4, 25.5, 32.5], "size": [5, 11, 6], "uv": [190, 219]},
						{"origin": [0, 37.5, 33.5], "size": [13, 3, 4], "uv": [190, 219]},
						{"origin": [4, 36.5, 30.5], "size": [5, 5, 10], "uv": [190, 219]},
						{"origin": [4, 37.5, 29.5], "size": [5, 3, 12], "uv": [190, 219]},
						{"origin": [3, 37.5, 30.5], "size": [7, 3, 10], "uv": [190, 219]},
						{"origin": [2, 37.5, 31.5], "size": [9, 3, 8], "uv": [190, 219]},
						{"origin": [1, 37.5, 32.5], "size": [11, 3, 6], "uv": [190, 219]}
					]
				},
				{
					"name": "perna2",
					"parent": "part2",
					"pivot": [-9, 162, 36],
					"rotation": [0, 0, 2.5]
				},
				{
					"name": "cm7",
					"parent": "perna2",
					"pivot": [-13, 166.5, 40.5],
					"rotation": [-30.03516, 45.55023, -21.26948],
					"cubes": [
						{"origin": [-13.41616, 143.9049, 39.54601], "size": [3, 29, 5], "uv": [207, 0]},
						{"origin": [-12.41616, 150.9049, 38.54601], "size": [1, 1, 3], "uv": [66, 17]},
						{"origin": [-14.41616, 143.9049, 40.54601], "size": [5, 30, 3], "uv": [215, 0]}
					]
				},
				{
					"name": "cm8",
					"parent": "cm7",
					"pivot": [-11.41616, 144.4049, 42.04601],
					"cubes": [
						{"origin": [-13.41616, 132.9049, 39.54601], "size": [3, 11, 5], "uv": [203, 21]},
						{"origin": [-14.41616, 132.9049, 40.54601], "size": [5, 11, 3], "uv": [203, 21]}
					]
				},
				{
					"name": "cm9",
					"parent": "cm8",
					"pivot": [-11.41616, 133.4049, 42.04601],
					"cubes": [
						{"origin": [-13.41616, 121.9049, 39.54601], "size": [3, 11, 5], "uv": [203, 21]},
						{"origin": [-14.41616, 121.9049, 40.54601], "size": [5, 11, 3], "uv": [203, 21]}
					]
				},
				{
					"name": "cm10",
					"parent": "cm9",
					"pivot": [-11.41616, 122.4049, 42.04601],
					"rotation": [-12.5, 0, 0],
					"cubes": [
						{"origin": [-13.41616, 110.9049, 39.54601], "size": [3, 11, 5], "uv": [203, 21]},
						{"origin": [-14.41616, 110.9049, 40.54601], "size": [5, 11, 3], "uv": [203, 21]}
					]
				},
				{
					"name": "cm16",
					"parent": "cm10",
					"pivot": [-11.41616, 111.4049, 42.04601],
					"rotation": [45, 0, 0],
					"cubes": [
						{"origin": [-13.41616, 99.9049, 39.54601], "size": [3, 11, 5], "uv": [203, 21]},
						{"origin": [-14.41616, 99.9049, 40.54601], "size": [5, 11, 3], "uv": [203, 21]}
					]
				},
				{
					"name": "bx6",
					"parent": "cm16",
					"pivot": [-11.41616, 100.4049, 42.04601],
					"rotation": [-35.57893, -31.68858, 38.29437],
					"cubes": [
						{"origin": [-13.41616, 88.9049, 39.54601], "size": [3, 11, 5], "uv": [203, 21]},
						{"origin": [-14.41616, 88.9049, 40.54601], "size": [5, 11, 3], "uv": [203, 21]}
					]
				},
				{
					"name": "cm2",
					"parent": "bx6",
					"pivot": [-11.41616, 89.4049, 42.04601],
					"cubes": [
						{"origin": [-13.41616, 77.9049, 39.54601], "size": [3, 11, 5], "uv": [203, 21]},
						{"origin": [-14.41616, 77.9049, 40.54601], "size": [5, 11, 3], "uv": [203, 21]}
					]
				},
				{
					"name": "cm3",
					"parent": "cm2",
					"pivot": [-11.41616, 78.4049, 42.04601],
					"rotation": [32.5, 0, 0],
					"cubes": [
						{"origin": [-13.41616, 66.9049, 39.54601], "size": [3, 11, 5], "uv": [203, 21]},
						{"origin": [-14.41616, 66.9049, 40.54601], "size": [5, 11, 3], "uv": [203, 21]}
					]
				},
				{
					"name": "cm4",
					"parent": "cm3",
					"pivot": [-11.41616, 67.4049, 42.04601],
					"cubes": [
						{"origin": [-13.41616, 55.9049, 39.54601], "size": [3, 11, 5], "uv": [203, 21]},
						{"origin": [-14.41616, 55.9049, 40.54601], "size": [5, 11, 3], "uv": [203, 21]}
					]
				},
				{
					"name": "cm5",
					"parent": "cm4",
					"pivot": [-11.41616, 56.4049, 42.04601],
					"rotation": [35, 0, 12.5],
					"cubes": [
						{"origin": [-13.41616, 44.9049, 39.54601], "size": [3, 11, 5], "uv": [203, 21]},
						{"origin": [-14.41616, 44.9049, 40.54601], "size": [5, 11, 3], "uv": [203, 21]}
					]
				},
				{
					"name": "cm6",
					"parent": "cm5",
					"pivot": [-11.41616, 45.4049, 42.04601],
					"rotation": [-70, 0, 0],
					"cubes": [
						{"origin": [-13.41616, 33.9049, 39.54601], "size": [3, 11, 5], "uv": [203, 21]},
						{"origin": [-14.41616, 33.9049, 40.54601], "size": [5, 11, 3], "uv": [203, 21]}
					]
				},
				{
					"name": "sapato4",
					"parent": "cm6",
					"pivot": [-11.41616, 34.4049, 42.04601],
					"cubes": [
						{"origin": [-15.41616, 29.4049, 38.04601], "size": [7, 5, 8], "uv": [190, 219]},
						{"origin": [-16.41616, 29.4049, 39.04601], "size": [9, 5, 6], "uv": [190, 219]},
						{"origin": [-17.41616, 29.4049, 40.04601], "size": [11, 5, 4], "uv": [190, 219]},
						{"origin": [-15.41616, 18.4049, 40.04601], "size": [7, 11, 4], "uv": [190, 219]},
						{"origin": [-16.41616, 21.4049, 39.04601], "size": [9, 2, 7], "uv": [41, 11]},
						{"origin": [-16.41616, 16.4049, 39.04601], "size": [9, 2, 7], "uv": [41, 11]},
						{"origin": [-14.41616, 21.4049, 38.04601], "size": [5, 2, 9], "uv": [41, 11]},
						{"origin": [-14.41616, 16.4049, 38.04601], "size": [5, 2, 9], "uv": [41, 11]},
						{"origin": [-14.41616, 8.4049, 46.04601], "size": [5, 15, 1], "uv": [41, 11]},
						{"origin": [-16.41616, 8.4049, 44.04601], "size": [9, 15, 2], "uv": [41, 11]},
						{"origin": [-17.41616, 8.4049, 40.04601], "size": [2, 15, 4], "uv": [41, 11]},
						{"origin": [-17.41616, 8.4049, 33.04601], "size": [11, 9, 11], "uv": [41, 11]},
						{"origin": [-18.41616, 8.4049, 29.04601], "size": [13, 8, 5], "uv": [41, 11]},
						{"origin": [-17.41616, 8.4049, 29.04601], "size": [11, 10, 5], "uv": [41, 11]},
						{"origin": [-15.41616, 8.4049, 29.04601], "size": [7, 11, 5], "uv": [41, 11]},
						{"origin": [-15.41616, 8.4049, 27.04601], "size": [7, 10, 7], "uv": [41, 11]},
						{"origin": [-17.41616, 8.4049, 27.04601], "size": [11, 9, 2], "uv": [41, 11]},
						{"origin": [-17.41616, 8.4049, 26.04601], "size": [11, 7, 3], "uv": [41, 11]},
						{"origin": [-18.41616, 8.4049, 28.04601], "size": [13, 7, 1], "uv": [41, 11]},
						{"origin": [-15.41616, 8.4049, 26.04601], "size": [7, 9, 8], "uv": [41, 11]},
						{"origin": [-15.41616, 8.4049, 25.04601], "size": [7, 7, 9], "uv": [41, 11]},
						{"origin": [-8.41616, 8.4049, 40.04601], "size": [2, 15, 4], "uv": [41, 11]},
						{"origin": [-14.41616, 18.4049, 39.04601], "size": [5, 11, 6], "uv": [190, 219]},
						{"origin": [-18.41616, 30.4049, 40.04601], "size": [13, 3, 4], "uv": [190, 219]},
						{"origin": [-14.41616, 29.4049, 37.04601], "size": [5, 5, 10], "uv": [190, 219]},
						{"origin": [-14.41616, 30.4049, 36.04601], "size": [5, 3, 12], "uv": [190, 219]},
						{"origin": [-15.41616, 30.4049, 37.04601], "size": [7, 3, 10], "uv": [190, 219]},
						{"origin": [-16.41616, 30.4049, 38.04601], "size": [9, 3, 8], "uv": [190, 219]},
						{"origin": [-17.41616, 30.4049, 39.04601], "size": [11, 3, 6], "uv": [190, 219]}
					]
				},
				{
					"name": "bone",
					"parent": "mommylonglegs",
					"pivot": [0, 80, 0],
					"cubes": [
						{"origin": [62, 152, 9], "size": [2, 105, 45], "inflate": 13, "uv": [166, 110]},
						{"origin": [62, 201, 9], "size": [2, 105, 45], "inflate": 13, "uv": [166, 110]},
						{"origin": [-1, 122, 9], "size": [2, 105, 45], "inflate": 13, "pivot": [63, 253.5, 31.5], "rotation": [0, 0, 90], "uv": [166, 110]},
						{"origin": [302, 122, 9], "size": [2, 105, 45], "inflate": 13, "pivot": [63, 253.5, 31.5], "rotation": [0, 0, 90], "uv": [166, 110]},
						{"origin": [62, 26, 9], "size": [2, 105, 45], "inflate": 13, "uv": [166, 110]}
					]
				},
				{
					"name": "bone2",
					"parent": "bone",
					"pivot": [-152, 80, 0],
					"cubes": [
						{"origin": [-90, 148, 9], "size": [2, 105, 45], "inflate": 13, "uv": [166, 110]},
						{"origin": [-90, 202, 9], "size": [2, 105, 45], "inflate": 13, "uv": [166, 110]},
						{"origin": [-90, 26, 9], "size": [2, 105, 45], "inflate": 13, "uv": [166, 110]}
					]
				},
				{
					"name": "bone5",
					"parent": "bone",
					"pivot": [-60, 177.83333, 77.5],
					"rotation": [0, 90, 0],
					"cubes": [
						{"origin": [-61, 148, 55], "size": [2, 105, 45], "inflate": 13, "uv": [166, 110]},
						{"origin": [-61, 202, 55], "size": [2, 105, 45], "inflate": 13, "uv": [166, 110]},
						{"origin": [-61, 26, 55], "size": [2, 105, 45], "inflate": 13, "uv": [166, 110]}
					]
				},
				{
					"name": "bone6",
					"parent": "bone",
					"pivot": [25, 177.83333, 77.5],
					"rotation": [0, 90, 0],
					"cubes": [
						{"origin": [24, 148, 55], "size": [2, 105, 45], "inflate": 13, "uv": [166, 110]},
						{"origin": [24, 202, 55], "size": [2, 105, 45], "inflate": 13, "uv": [166, 110]},
						{"origin": [24, 26, 55], "size": [2, 105, 45], "inflate": 13, "uv": [166, 110]}
					]
				},
				{
					"name": "bone7",
					"parent": "bone",
					"pivot": [0, 177.83333, 77.5],
					"rotation": [0, 90, 0],
					"cubes": [
						{"origin": [-1, 148, 55], "size": [2, 105, 45], "inflate": 13, "uv": [166, 110]},
						{"origin": [-1, 202, 55], "size": [2, 105, 45], "inflate": 13, "uv": [166, 110]},
						{"origin": [-1, 26, 55], "size": [2, 105, 45], "inflate": 13, "uv": [166, 110]}
					]
				}
			]
		}
	]
}