{
	"format_version": "1.12.0",
	"minecraft:geometry": [
		{
			"description": {
				"identifier": "geometry.mommy_angry",
				"texture_width": 260,
				"texture_height": 260,
				"visible_bounds_width": 14,
				"visible_bounds_height": 19,
				"visible_bounds_offset": [0, 8.5, 0]
			},
			"bones": [
				{
					"name": "mommylonglegs",
					"pivot": [0, 68, 30]
				},
				{
					"name": "part1",
					"parent": "mommylonglegs",
					"pivot": [-1, 90, 19],
					"rotation": [100, 0, 0]
				},
				{
					"name": "head",
					"parent": "part1",
					"pivot": [-2, 214.76474, 4.82892],
					"rotation": [-105, 0, 0]
				},
				{
					"name": "mask",
					"parent": "head",
					"pivot": [0, 129.76474, -1.17108],
					"cubes": [
						{"origin": [-7, 214.76474, -1.17108], "size": [11, 23, 2], "uv": [193, 13]},
						{"origin": [-10, 215.76474, -1.17108], "size": [17, 23, 2], "uv": [205, 9]},
						{"origin": [-12, 216.76474, -1.17108], "size": [21, 23, 2], "uv": [198, 1]},
						{"origin": [-13, 217.76474, -1.17108], "size": [23, 23, 2], "uv": [194, 11]},
						{"origin": [-14, 218.76474, -1.17108], "size": [25, 25, 2], "uv": [184, 6]},
						{"origin": [-15, 219.76474, -1.17108], "size": [27, 23, 2], "uv": [186, 16]},
						{"origin": [-16, 220.76474, -1.17108], "size": [29, 21, 2], "uv": [174, 4]},
						{"origin": [-17, 221.76474, -1.17108], "size": [31, 19, 2], "uv": [173, 4]},
						{"origin": [-18, 223.76474, -1.17108], "size": [33, 15, 2], "uv": [162, 0]},
						{"origin": [-19, 226.76474, -1.17108], "size": [35, 9, 1], "uv": [162, 0]}
					]
				},
				{
					"name": "mask2",
					"parent": "mask",
					"pivot": [0, 129.76474, -1.17108],
					"cubes": [
						{"origin": [-6, 215.76474, -3.17108], "size": [9, 22, 14], "uv": [164, 13]},
						{"origin": [-9, 216.76474, -3.17108], "size": [15, 22, 14], "uv": [176, 9]},
						{"origin": [-11, 217.76474, -3.17108], "size": [19, 22, 14], "uv": [169, 1]},
						{"origin": [-12, 218.76474, -3.17108], "size": [21, 22, 14], "uv": [165, 11]},
						{"origin": [-13, 219.76474, -3.17108], "size": [23, 24, 14], "uv": [155, 6]},
						{"origin": [-14, 220.76474, -3.17108], "size": [25, 22, 14], "uv": [157, 16]},
						{"origin": [-15, 221.76474, -3.17108], "size": [27, 20, 14], "uv": [145, 4]},
						{"origin": [-16, 222.76474, -3.17108], "size": [29, 18, 14], "uv": [144, 4]},
						{"origin": [-17, 224.76474, -3.17108], "size": [31, 14, 14], "uv": [133, 0]},
						{"origin": [-18, 227.76474, -3.17108], "size": [33, 8, 14], "uv": [133, 0]}
					]
				},
				{
					"name": "mask3",
					"parent": "mask",
					"pivot": [0, 129.76474, -1.17108],
					"cubes": [
						{"origin": [-5, 216.76474, -5.17108], "size": [7, 21, 2], "uv": [203, 13]},
						{"origin": [-8, 217.76474, -5.17108], "size": [13, 21, 2], "uv": [215, 9]},
						{"origin": [-10, 218.76474, -5.17108], "size": [17, 21, 2], "uv": [208, 1]},
						{"origin": [-11, 219.76474, -5.17108], "size": [19, 21, 2], "uv": [204, 11]},
						{"origin": [-12, 220.76474, -5.17108], "size": [21, 23, 2], "uv": [194, 6]},
						{"origin": [-13, 221.76474, -5.17108], "size": [23, 21, 2], "uv": [196, 16]},
						{"origin": [-14, 222.76474, -5.17108], "size": [25, 19, 2], "uv": [184, 4]},
						{"origin": [-15, 223.76474, -5.17108], "size": [27, 17, 2], "uv": [183, 4]},
						{"origin": [-16, 225.76474, -5.17108], "size": [29, 13, 2], "uv": [172, 0]},
						{"origin": [-17, 228.76474, -5.17108], "size": [31, 7, 2], "uv": [172, 0]}
					]
				},
				{
					"name": "mask4",
					"parent": "mask",
					"pivot": [0, 129.76474, -1.17108],
					"cubes": [
						{"origin": [-4, 217.76474, -6.17108], "size": [5, 20, 1], "uv": [203, 13]},
						{"origin": [-7, 218.76474, -6.17108], "size": [11, 20, 1], "uv": [215, 9]},
						{"origin": [-9, 219.76474, -6.17108], "size": [15, 20, 1], "uv": [208, 1]},
						{"origin": [-10, 220.76474, -6.17108], "size": [17, 20, 1], "uv": [204, 11]},
						{"origin": [-11, 221.76474, -6.17108], "size": [19, 22, 1], "uv": [194, 6]},
						{"origin": [-12, 222.76474, -6.17108], "size": [21, 20, 1], "uv": [196, 16]},
						{"origin": [-13, 223.76474, -6.17108], "size": [23, 18, 1], "uv": [184, 4]},
						{"origin": [-14, 224.76474, -6.17108], "size": [25, 16, 1], "uv": [183, 4]},
						{"origin": [-15, 226.76474, -6.17108], "size": [27, 12, 1], "uv": [172, 0]},
						{"origin": [-16, 229.76474, -6.17108], "size": [29, 6, 1], "uv": [172, 0]}
					]
				},
				{
					"name": "mask5",
					"parent": "mask",
					"pivot": [0, 129.76474, -1.17108],
					"cubes": [
						{"origin": [-3, 218.76474, -7.17108], "size": [3, 19, 1], "uv": [203, 13]},
						{"origin": [-6, 219.76474, -7.17108], "size": [9, 19, 1], "uv": [215, 9]},
						{"origin": [-8, 220.76474, -7.17108], "size": [13, 19, 1], "uv": [208, 1]},
						{"origin": [-9, 221.76474, -7.17108], "size": [15, 19, 1], "uv": [204, 11]},
						{"origin": [-10, 222.76474, -7.17108], "size": [17, 21, 1], "uv": [194, 6]},
						{"origin": [-11, 223.76474, -7.17108], "size": [19, 19, 1], "uv": [196, 16]},
						{"origin": [-12, 224.76474, -7.17108], "size": [21, 17, 1], "uv": [184, 4]},
						{"origin": [-13, 225.76474, -7.17108], "size": [23, 15, 1], "uv": [183, 4]},
						{"origin": [-14, 227.76474, -7.17108], "size": [25, 11, 1], "uv": [172, 0]},
						{"origin": [-15, 229.76474, -7.17108], "size": [27, 6, 1], "uv": [172, 0]}
					]
				},
				{
					"name": "mask6",
					"parent": "mask",
					"pivot": [0, 129.76474, -1.17108],
					"cubes": [
						{"origin": [-4, 220.76474, -8.17108], "size": [5, 18, 2], "uv": [215, 9]},
						{"origin": [-6, 221.76474, -8.17108], "size": [9, 18, 2], "uv": [208, 1]},
						{"origin": [-7, 222.76474, -8.17108], "size": [11, 18, 2], "uv": [204, 11]},
						{"origin": [-8, 223.76474, -8.17108], "size": [13, 20, 2], "uv": [194, 6]},
						{"origin": [-9, 224.76474, -8.17108], "size": [15, 18, 2], "uv": [196, 16]},
						{"origin": [-10, 225.76474, -8.17108], "size": [17, 16, 2], "uv": [184, 4]},
						{"origin": [-11, 226.76474, -8.17108], "size": [19, 14, 2], "uv": [183, 4]},
						{"origin": [-12, 228.76474, -8.17108], "size": [21, 10, 2], "uv": [172, 0]},
						{"origin": [-13, 230.76474, -8.17108], "size": [23, 5, 2], "uv": [172, 0]}
					]
				},
				{
					"name": "chair",
					"parent": "mask",
					"pivot": [0, 129.76474, -1.17108]
				},
				{
					"name": "mask7",
					"parent": "chair",
					"pivot": [0, 133.76474, -1.17108],
					"cubes": [
						{"origin": [-8, 214.76474, 0.82892], "size": [12, 26, 10], "uv": [38, 13]},
						{"origin": [-11, 215.76474, 0.82892], "size": [18, 26, 10], "uv": [50, 9]},
						{"origin": [-13, 216.76474, 0.82892], "size": [22, 26, 10], "uv": [43, 1]},
						{"origin": [-14, 217.76474, 0.82892], "size": [24, 26, 10], "uv": [39, 11]},
						{"origin": [-13, 229.76474, 0.82892], "size": [22, 18, 10], "uv": [29, 6]},
						{"origin": [-10, 229.76474, 0.82892], "size": [16, 19, 10], "uv": [29, 6]},
						{"origin": [-10, 243.76474, -3.17108], "size": [16, 4, 4], "uv": [29, 6]},
						{"origin": [-10, 243.76474, -5.17108], "size": [16, 3, 6], "uv": [29, 6]},
						{"origin": [-12, 243.76474, -3.17108], "size": [21, 3, 4], "uv": [29, 6]},
						{"origin": [-13, 243.76474, -2.17108], "size": [23, 2, 3], "uv": [29, 6]},
						{"origin": [-15, 218.76474, 0.82892], "size": [26, 28, 10], "uv": [29, 6]},
						{"origin": [-16, 219.76474, -0.17108], "size": [28, 26, 11], "uv": [31, 16]},
						{"origin": [-17, 220.76474, -0.17108], "size": [30, 24, 11], "uv": [19, 4]},
						{"origin": [-18, 221.76474, -0.17108], "size": [32, 22, 11], "uv": [18, 4]},
						{"origin": [-19, 223.76474, -0.17108], "size": [34, 18, 11], "uv": [7, 0]},
						{"origin": [-20, 226.76474, 0.82892], "size": [36, 12, 10], "uv": [7, 0]}
					]
				},
				{
					"name": "mask8",
					"parent": "chair",
					"pivot": [0, 133.76474, -0.17108],
					"cubes": [
						{"origin": [-8, 214.76474, 9.82892], "size": [12, 26, 4], "inflate": -1, "uv": [38, 13]},
						{"origin": [-11, 215.76474, 9.82892], "size": [18, 26, 4], "inflate": -1, "uv": [50, 9]},
						{"origin": [-13, 216.76474, 9.82892], "size": [22, 26, 4], "inflate": -1, "uv": [43, 1]},
						{"origin": [-14, 217.76474, 9.82892], "size": [24, 26, 4], "inflate": -1, "uv": [39, 11]},
						{"origin": [-13, 229.76474, 9.82892], "size": [22, 18, 4], "inflate": -1, "uv": [29, 6]},
						{"origin": [-10, 229.76474, 9.82892], "size": [16, 19, 4], "inflate": -1, "uv": [29, 6]},
						{"origin": [-10, 243.76474, -0.17108], "size": [16, 4, 4], "inflate": -1, "uv": [29, 6]},
						{"origin": [-10, 243.76474, -0.17108], "size": [16, 3, 4], "inflate": -1, "uv": [29, 6]},
						{"origin": [-12, 243.76474, -0.17108], "size": [21, 3, 4], "inflate": -1, "uv": [29, 6]},
						{"origin": [-13, 243.76474, -0.17108], "size": [23, 2, 4], "inflate": -1, "uv": [29, 6]},
						{"origin": [-15, 218.76474, 9.82892], "size": [26, 28, 4], "inflate": -1, "uv": [29, 6]},
						{"origin": [-16, 219.76474, 9.82892], "size": [28, 26, 4], "inflate": -1, "uv": [31, 16]},
						{"origin": [-17, 220.76474, 9.82892], "size": [30, 24, 4], "inflate": -1, "uv": [19, 4]},
						{"origin": [-18, 221.76474, 9.82892], "size": [32, 22, 4], "inflate": -1, "uv": [18, 4]},
						{"origin": [-19, 223.76474, 9.82892], "size": [34, 18, 4], "inflate": -1, "uv": [7, 0]},
						{"origin": [-20, 226.76474, 9.82892], "size": [36, 12, 4], "inflate": -1, "uv": [7, 0]}
					]
				},
				{
					"name": "mask9",
					"parent": "chair",
					"pivot": [0, 133.76474, -0.17108],
					"cubes": [
						{"origin": [-8, 214.76474, 10.82892], "size": [12, 26, 5], "inflate": -2, "uv": [38, 13]},
						{"origin": [-11, 215.76474, 10.82892], "size": [18, 26, 5], "inflate": -2, "uv": [50, 9]},
						{"origin": [-13, 216.76474, 10.82892], "size": [22, 26, 5], "inflate": -2, "uv": [43, 1]},
						{"origin": [-14, 217.76474, 10.82892], "size": [24, 26, 5], "inflate": -2, "uv": [39, 11]},
						{"origin": [-13, 229.76474, 10.82892], "size": [22, 18, 5], "inflate": -2, "uv": [29, 6]},
						{"origin": [-10, 229.76474, 10.82892], "size": [16, 19, 5], "inflate": -2, "uv": [29, 6]},
						{"origin": [-10, 243.76474, 0.82892], "size": [16, 4, 5], "inflate": -2, "uv": [29, 6]},
						{"origin": [-10, 243.76474, 0.82892], "size": [16, 3, 5], "inflate": -2, "uv": [29, 6]},
						{"origin": [-12, 243.76474, 0.82892], "size": [21, 3, 5], "inflate": -2, "uv": [29, 6]},
						{"origin": [-13, 243.76474, 0.82892], "size": [23, 2, 5], "inflate": -2, "uv": [29, 6]},
						{"origin": [-15, 218.76474, 10.82892], "size": [26, 28, 5], "inflate": -2, "uv": [29, 6]},
						{"origin": [-16, 219.76474, 10.82892], "size": [28, 26, 5], "inflate": -2, "uv": [31, 16]},
						{"origin": [-17, 220.76474, 10.82892], "size": [30, 24, 5], "inflate": -2, "uv": [19, 4]},
						{"origin": [-18, 221.76474, 10.82892], "size": [32, 22, 5], "inflate": -2, "uv": [18, 4]},
						{"origin": [-19, 223.76474, 10.82892], "size": [34, 18, 5], "inflate": -2, "uv": [7, 0]},
						{"origin": [-20, 226.76474, 10.82892], "size": [36, 12, 5], "inflate": -2, "uv": [7, 0]}
					]
				},
				{
					"name": "mask10",
					"parent": "chair",
					"pivot": [0, 133.76474, -0.17108],
					"cubes": [
						{"origin": [-8, 214.76474, 10.82892], "size": [12, 26, 7], "inflate": -3, "uv": [38, 13]},
						{"origin": [-11, 215.76474, 10.82892], "size": [18, 26, 7], "inflate": -3, "uv": [50, 9]},
						{"origin": [-13, 216.76474, 10.82892], "size": [22, 26, 7], "inflate": -3, "uv": [43, 1]},
						{"origin": [-14, 217.76474, 10.82892], "size": [24, 26, 7], "inflate": -3, "uv": [39, 11]},
						{"origin": [-13, 229.76474, 10.82892], "size": [22, 18, 7], "inflate": -3, "uv": [29, 6]},
						{"origin": [-10, 229.76474, 10.82892], "size": [16, 19, 7], "inflate": -3, "uv": [29, 6]},
						{"origin": [-10, 243.76474, 0.82892], "size": [16, 4, 7], "inflate": -3, "uv": [29, 6]},
						{"origin": [-10, 243.76474, 0.82892], "size": [16, 3, 7], "inflate": -3, "uv": [29, 6]},
						{"origin": [-12, 243.76474, 0.82892], "size": [21, 3, 7], "inflate": -3, "uv": [29, 6]},
						{"origin": [-13, 243.76474, 0.82892], "size": [23, 2, 7], "inflate": -3, "uv": [29, 6]},
						{"origin": [-15, 218.76474, 10.82892], "size": [26, 28, 7], "inflate": -3, "uv": [29, 6]},
						{"origin": [-16, 219.76474, 10.82892], "size": [28, 26, 7], "inflate": -3, "uv": [31, 16]},
						{"origin": [-17, 220.76474, 10.82892], "size": [30, 24, 7], "inflate": -3, "uv": [19, 4]},
						{"origin": [-18, 221.76474, 10.82892], "size": [32, 22, 7], "inflate": -3, "uv": [18, 4]},
						{"origin": [-19, 223.76474, 10.82892], "size": [34, 18, 7], "inflate": -3, "uv": [7, 0]},
						{"origin": [-20, 226.76474, 10.82892], "size": [36, 12, 7], "inflate": -3, "uv": [7, 0]}
					]
				},
				{
					"name": "mask11",
					"parent": "chair",
					"pivot": [0, 133.76474, -1.17108],
					"cubes": [
						{"origin": [-8, 214.76474, 8.82892], "size": [12, 26, 12], "inflate": -5, "uv": [42, 13]},
						{"origin": [-11, 215.76474, 8.82892], "size": [18, 26, 12], "inflate": -5, "uv": [54, 9]},
						{"origin": [-13, 216.76474, 8.82892], "size": [22, 26, 12], "inflate": -5, "uv": [47, 1]},
						{"origin": [-14, 217.76474, 8.82892], "size": [24, 26, 12], "inflate": -5, "uv": [43, 11]},
						{"origin": [-13, 229.76474, 8.82892], "size": [22, 18, 12], "inflate": -5, "uv": [33, 6]},
						{"origin": [-10, 229.76474, 8.82892], "size": [16, 19, 12], "inflate": -5, "uv": [33, 6]},
						{"origin": [-15, 218.76474, 8.82892], "size": [26, 28, 12], "inflate": -5, "uv": [33, 6]},
						{"origin": [-16, 219.76474, 8.82892], "size": [28, 26, 12], "inflate": -5, "uv": [35, 16]},
						{"origin": [-17, 220.76474, 8.82892], "size": [30, 24, 12], "inflate": -5, "uv": [23, 4]},
						{"origin": [-18, 221.76474, 8.82892], "size": [32, 22, 12], "inflate": -5, "uv": [22, 4]},
						{"origin": [-19, 223.76474, 8.82892], "size": [34, 18, 12], "inflate": -5, "uv": [11, 0]},
						{"origin": [-20, 226.76474, 8.82892], "size": [36, 12, 12], "inflate": -5, "uv": [11, 0]}
					]
				},
				{
					"name": "topete",
					"parent": "mask",
					"pivot": [-7.77273, 247.21929, -6.3529],
					"rotation": [0, 2.5, 12.5],
					"cubes": [
						{"origin": [-9, 241.76474, -8.17108], "size": [9, 7, 8], "uv": [25, 0]},
						{"origin": [-14.73205, 236.76474, -1.17108], "size": [5, 12, 10], "pivot": [-11.5, 246.26474, -4.17108], "rotation": [0, 0, 45], "uv": [192, 221]},
						{"origin": [-9, 240.76474, -9.17108], "size": [11, 7, 8], "uv": [25, 0]},
						{"origin": [-16, 240.76474, -9.17108], "size": [9, 5, 6], "pivot": [-8, 244.26474, -7.67108], "rotation": [24.51604, 45.05075, 32.79781], "uv": [25, 0]},
						{"origin": [-5, 239.76474, -9.17108], "size": [9, 7, 8], "uv": [25, 0]},
						{"origin": [-2, 238.76474, -9.17108], "size": [15, 7, 8], "uv": [25, 0]},
						{"origin": [10, 239.76474, -9.17108], "size": [8, 7, 8], "uv": [25, 0]},
						{"origin": [14, 241.76474, -8.17108], "size": [8, 7, 8], "uv": [25, 0]},
						{"origin": [16, 243.76474, -8.17108], "size": [8, 7, 8], "uv": [25, 0]},
						{"origin": [16, 254.76474, -8.17108], "size": [8, 5, 8], "uv": [25, 0]},
						{"origin": [14, 256.76474, -8.17108], "size": [8, 5, 8], "uv": [25, 0]},
						{"origin": [12, 258.76474, -8.17108], "size": [8, 5, 8], "uv": [25, 0]},
						{"origin": [2, 258.76474, -7.17108], "size": [8, 5, 8], "uv": [25, 0]},
						{"origin": [0, 256.76474, -7.17108], "size": [8, 5, 8], "uv": [25, 0]},
						{"origin": [-2, 254.76474, -7.17108], "size": [8, 5, 8], "uv": [25, 0]},
						{"origin": [-2, 245.76474, -7.17108], "size": [8, 6, 8], "uv": [25, 0]},
						{"origin": [11, 246.76474, -7.17108], "size": [9, 6, 8], "uv": [25, 0]},
						{"origin": [13, 252.76474, -7.17108], "size": [9, 6, 8], "uv": [25, 0]},
						{"origin": [1, 248.76474, -6.17108], "size": [15, 13, 8], "uv": [25, 0]},
						{"origin": [10, 255.76474, -7.17108], "size": [9, 6, 8], "uv": [25, 0]},
						{"origin": [2, 244.76474, -7.17108], "size": [12, 5, 8], "uv": [25, 0]},
						{"origin": [-4, 248.76474, -7.17108], "size": [8, 8, 8], "uv": [25, 0]},
						{"origin": [5, 259.76474, -7.17108], "size": [11, 5, 8], "uv": [25, 0]},
						{"origin": [17, 246.76474, -8.17108], "size": [9, 10, 8], "uv": [25, 0]}
					]
				},
				{
					"name": "cabelo",
					"parent": "head",
					"pivot": [-15, 247.76474, -1.17108],
					"rotation": [0, 0, 22.5]
				},
				{
					"name": "fio4",
					"parent": "cabelo",
					"pivot": [-14.17136, 247.86281, 3.32892],
					"rotation": [5, 0, 0],
					"cubes": [
						{"origin": [-17, 247.76474, 2.82892], "size": [3, 7, 1], "inflate": 1, "pivot": [-15.5, 248.26474, 3.32892], "rotation": [0, 0, -7.5], "uv": [0, 0]},
						{"origin": [-17.92224, 254.6941, 2.82892], "size": [3, 5, 1], "inflate": 1, "pivot": [-16.5, 255.26474, 3.32892], "rotation": [0, 0, -55], "uv": [0, 0]},
						{"origin": [-22.90454, 259.12319, 2.82892], "size": [3, 3, 1], "inflate": 1, "pivot": [-20.5, 259.26474, 3.32892], "rotation": [0, 0, -97.5], "uv": [0, 0]},
						{"origin": [-26.4352, 257.02688, 2.82892], "size": [3, 5, 1], "inflate": 1, "pivot": [-24.5, 258.26474, 3.32892], "rotation": [0, 0, -130], "uv": [0, 0]},
						{"origin": [-30.70822, 255.03434, 2.82892], "size": [3, 8, 1], "inflate": 1, "pivot": [-28.5, 255.26474, 3.32892], "rotation": [0, 0, -175], "uv": [0, 0]},
						{"origin": [-29.92382, 246.06859, 2.82892], "size": [3, 8, 1], "inflate": 1, "pivot": [-28.5, 246.26474, 3.32892], "rotation": [0, 0, 157.5], "uv": [0, 0]},
						{"origin": [-25.28977, 238.14682, 2.82892], "size": [3, 5, 1], "inflate": 1, "pivot": [-24.5, 238.26474, 3.32892], "rotation": [0, 0, -165], "uv": [0, 0]},
						{"origin": [-27.92752, 233.79955, 2.82892], "size": [3, 10, 1], "inflate": 1, "pivot": [-26.5, 233.26474, 3.32892], "rotation": [0, 0, -145], "uv": [0, 0]},
						{"origin": [-33.83295, 221.42213, 2.82892], "size": [3, 6, 1], "inflate": 1, "pivot": [-32.71392, 222.93667, 3.32892], "rotation": [0, 0, 165], "uv": [0, 0]},
						{"origin": [-33.41994, 216.36776, 2.82892], "size": [3, 9, 1], "inflate": 1, "pivot": [-31.71392, 216.93667, 3.32892], "rotation": [0, 0, 140], "uv": [0, 0]},
						{"origin": [-25.55714, 209.50594, 2.82892], "size": [3, 4, 1], "inflate": 1, "pivot": [-24.71392, 209.93667, 3.32892], "rotation": [0, 0, 162.5], "uv": [0, 0]},
						{"origin": [-24.80625, 206.39036, 2.82892], "size": [3, 5, 1], "inflate": 1, "pivot": [-23.71392, 205.93667, 3.32892], "rotation": [0, 0, 177.5], "uv": [0, 0]},
						{"origin": [-25.06796, 199.39607, 2.82892], "size": [3, 5, 1], "inflate": 1, "pivot": [-23.71392, 199.93667, 3.32892], "rotation": [0, 0, -142.5], "uv": [0, 0]}
					]
				},
				{
					"name": "fio5",
					"parent": "fio4",
					"pivot": [-14.17136, 247.86281, 3.32892],
					"cubes": [
						{"origin": [-16, 248.76474, 1.82892], "size": [1, 6, 3], "inflate": 1, "pivot": [-15.5, 248.26474, 3.32892], "rotation": [0, 0, -7.5], "uv": [0, 0]},
						{"origin": [-16.92224, 255.6941, 1.82892], "size": [1, 4, 3], "inflate": 1, "pivot": [-16.5, 255.26474, 3.32892], "rotation": [0, 0, -55], "uv": [0, 0]},
						{"origin": [-21.90454, 260.12319, 1.82892], "size": [1, 2, 3], "inflate": 1, "pivot": [-20.5, 259.26474, 3.32892], "rotation": [0, 0, -97.5], "uv": [0, 0]},
						{"origin": [-25.4352, 258.02688, 1.82892], "size": [1, 4, 3], "inflate": 1, "pivot": [-24.5, 258.26474, 3.32892], "rotation": [0, 0, -130], "uv": [0, 0]},
						{"origin": [-29.70822, 256.03434, 1.82892], "size": [1, 7, 3], "inflate": 1, "pivot": [-28.5, 255.26474, 3.32892], "rotation": [0, 0, -175], "uv": [0, 0]},
						{"origin": [-28.92382, 247.06859, 1.82892], "size": [1, 7, 3], "inflate": 1, "pivot": [-28.5, 246.26474, 3.32892], "rotation": [0, 0, 157.5], "uv": [0, 0]},
						{"origin": [-24.28977, 239.14682, 1.82892], "size": [1, 4, 3], "inflate": 1, "pivot": [-24.5, 238.26474, 3.32892], "rotation": [0, 0, -165], "uv": [0, 0]},
						{"origin": [-26.92752, 234.79955, 1.82892], "size": [1, 9, 3], "inflate": 1, "pivot": [-26.5, 233.26474, 3.32892], "rotation": [0, 0, -145], "uv": [0, 0]},
						{"origin": [-32.83295, 222.42213, 1.82892], "size": [1, 5, 3], "inflate": 1, "pivot": [-32.71392, 222.93667, 3.32892], "rotation": [0, 0, 165], "uv": [0, 0]},
						{"origin": [-32.41994, 217.36776, 1.82892], "size": [1, 8, 3], "inflate": 1, "pivot": [-31.71392, 216.93667, 3.32892], "rotation": [0, 0, 140], "uv": [0, 0]},
						{"origin": [-24.55714, 210.50594, 1.82892], "size": [1, 3, 3], "inflate": 1, "pivot": [-24.71392, 209.93667, 3.32892], "rotation": [0, 0, 162.5], "uv": [0, 0]},
						{"origin": [-23.80625, 207.39036, 1.82892], "size": [1, 4, 3], "inflate": 1, "pivot": [-23.71392, 205.93667, 3.32892], "rotation": [0, 0, 177.5], "uv": [0, 0]},
						{"origin": [-24.06796, 200.39607, 1.82892], "size": [1, 4, 3], "inflate": 1, "pivot": [-23.71392, 199.93667, 3.32892], "rotation": [0, 0, -142.5], "uv": [0, 0]},
						{"origin": [-24.06796, 200.39607, 2.82892], "size": [1, 5, 1], "inflate": 1, "pivot": [-23.71392, 199.93667, 3.32892], "rotation": [0, 0, -142.5], "uv": [0, 0]}
					]
				},
				{
					"name": "fio2",
					"parent": "cabelo",
					"pivot": [-16.76777, 247.64703, 6.32892],
					"rotation": [-6.33586, 4.02155, 32.27733],
					"cubes": [
						{"origin": [-30, 247.76474, 5.82892], "size": [9, 3, 1], "inflate": 1, "uv": [0, 0]},
						{"origin": [-37, 247.76474, 5.82892], "size": [6, 3, 1], "inflate": 1, "pivot": [-30.5, 249.26474, 6.32892], "rotation": [0, 0, -37.5], "uv": [0, 0]},
						{"origin": [-42.59819, 243.89435, 5.82892], "size": [7, 3, 1], "inflate": 1, "pivot": [-35.5, 245.26474, 6.32892], "rotation": [0, 0, -92.5], "uv": [0, 0]},
						{"origin": [-40.73476, 242.93584, 5.82892], "size": [17, 3, 1], "inflate": 1, "pivot": [-27.5, 238.26474, 6.32892], "rotation": [0, 0, -127.5], "uv": [0, 0]},
						{"origin": [-32.21923, 211.03731, 5.82892], "size": [10, 3, 1], "inflate": 1, "pivot": [-21.5, 212.26474, 6.32892], "rotation": [0, 0, -57.5], "uv": [0, 0]},
						{"origin": [-37.40491, 201.81266, 5.82892], "size": [10, 3, 1], "inflate": 1, "pivot": [-27.5, 203.26474, 6.32892], "rotation": [0, 0, -2.5], "uv": [0, 0]},
						{"origin": [-38.40491, 202.81266, 5.82892], "size": [11, 1, 1], "inflate": 1, "pivot": [-27.5, 203.26474, 6.32892], "rotation": [0, 0, -2.5], "uv": [0, 0]},
						{"origin": [-34.39941, 221.97783, 5.82892], "size": [11, 3, 1], "inflate": 1, "pivot": [-23.5, 223.26474, 6.32892], "rotation": [0, 0, -100], "uv": [0, 0]},
						{"origin": [-20, 247.76474, 5.82892], "size": [4, 3, 1], "inflate": 1, "pivot": [-21, 249.26474, 6.32892], "rotation": [0, 0, 30], "uv": [0, 0]}
					]
				},
				{
					"name": "fio6",
					"parent": "fio2",
					"pivot": [-16.76777, 247.64703, 6.32892],
					"cubes": [
						{"origin": [-29, 248.76474, 4.82892], "size": [8, 1, 3], "inflate": 1, "uv": [0, 0]},
						{"origin": [-36, 248.76474, 4.82892], "size": [5, 1, 3], "inflate": 1, "pivot": [-30.5, 249.26474, 6.32892], "rotation": [0, 0, -37.5], "uv": [0, 0]},
						{"origin": [-41.59819, 244.89435, 4.82892], "size": [6, 1, 3], "inflate": 1, "pivot": [-35.5, 245.26474, 6.32892], "rotation": [0, 0, -92.5], "uv": [0, 0]},
						{"origin": [-39.73476, 243.93584, 4.82892], "size": [16, 1, 3], "inflate": 1, "pivot": [-27.5, 238.26474, 6.32892], "rotation": [0, 0, -127.5], "uv": [0, 0]},
						{"origin": [-31.21923, 212.03731, 4.82892], "size": [9, 1, 3], "inflate": 1, "pivot": [-21.5, 212.26474, 6.32892], "rotation": [0, 0, -57.5], "uv": [0, 0]},
						{"origin": [-37.40491, 202.81266, 4.82892], "size": [10, 1, 3], "inflate": 1, "pivot": [-27.5, 203.26474, 6.32892], "rotation": [0, 0, -2.5], "uv": [0, 0]},
						{"origin": [-33.39941, 222.97783, 4.82892], "size": [10, 1, 3], "inflate": 1, "pivot": [-23.5, 223.26474, 6.32892], "rotation": [0, 0, -100], "uv": [0, 0]},
						{"origin": [-19, 248.76474, 4.82892], "size": [3, 1, 3], "inflate": 1, "pivot": [-21, 249.26474, 6.32892], "rotation": [0, 0, 30], "uv": [0, 0]}
					]
				},
				{
					"name": "fio3",
					"parent": "cabelo",
					"pivot": [-16.76777, 247.64703, 6.32892],
					"rotation": [-2.88419, 6.92618, 67.32542],
					"cubes": [
						{"origin": [-30, 247.76474, 5.82892], "size": [9, 3, 1], "inflate": 1, "uv": [0, 0]},
						{"origin": [-37, 247.76474, 5.82892], "size": [6, 3, 1], "inflate": 1, "pivot": [-30.5, 249.26474, 6.32892], "rotation": [0, 0, -37.5], "uv": [0, 0]},
						{"origin": [-42.59819, 243.89435, 5.82892], "size": [7, 3, 1], "inflate": 1, "pivot": [-35.5, 245.26474, 6.32892], "rotation": [0, 0, -92.5], "uv": [0, 0]},
						{"origin": [-40.73476, 242.93584, 5.82892], "size": [17, 3, 1], "inflate": 1, "pivot": [-27.5, 238.26474, 6.32892], "rotation": [0, 0, -127.5], "uv": [0, 0]},
						{"origin": [-32.21923, 211.03731, 5.82892], "size": [10, 3, 1], "inflate": 1, "pivot": [-21.5, 212.26474, 6.32892], "rotation": [0, 0, -57.5], "uv": [0, 0]},
						{"origin": [-37.40491, 201.81266, 5.82892], "size": [10, 3, 1], "inflate": 1, "pivot": [-27.5, 203.26474, 6.32892], "rotation": [0, 0, -2.5], "uv": [0, 0]},
						{"origin": [-38.40491, 202.81266, 5.82892], "size": [11, 1, 1], "inflate": 1, "pivot": [-27.5, 203.26474, 6.32892], "rotation": [0, 0, -2.5], "uv": [0, 0]},
						{"origin": [-34.39941, 221.97783, 5.82892], "size": [11, 3, 1], "inflate": 1, "pivot": [-23.5, 223.26474, 6.32892], "rotation": [0, 0, -100], "uv": [0, 0]},
						{"origin": [-20, 247.76474, 5.82892], "size": [4, 3, 1], "inflate": 1, "pivot": [-21, 249.26474, 6.32892], "rotation": [0, 0, 30], "uv": [0, 0]}
					]
				},
				{
					"name": "fio7",
					"parent": "fio3",
					"pivot": [-16.76777, 247.64703, 6.32892],
					"cubes": [
						{"origin": [-29, 248.76474, 4.82892], "size": [8, 1, 3], "inflate": 1, "uv": [0, 0]},
						{"origin": [-36, 248.76474, 4.82892], "size": [5, 1, 3], "inflate": 1, "pivot": [-30.5, 249.26474, 6.32892], "rotation": [0, 0, -37.5], "uv": [0, 0]},
						{"origin": [-41.59819, 244.89435, 4.82892], "size": [6, 1, 3], "inflate": 1, "pivot": [-35.5, 245.26474, 6.32892], "rotation": [0, 0, -92.5], "uv": [0, 0]},
						{"origin": [-39.73476, 243.93584, 4.82892], "size": [16, 1, 3], "inflate": 1, "pivot": [-27.5, 238.26474, 6.32892], "rotation": [0, 0, -127.5], "uv": [0, 0]},
						{"origin": [-31.21923, 212.03731, 4.82892], "size": [9, 1, 3], "inflate": 1, "pivot": [-21.5, 212.26474, 6.32892], "rotation": [0, 0, -57.5], "uv": [0, 0]},
						{"origin": [-37.40491, 202.81266, 4.82892], "size": [10, 1, 3], "inflate": 1, "pivot": [-27.5, 203.26474, 6.32892], "rotation": [0, 0, -2.5], "uv": [0, 0]},
						{"origin": [-33.39941, 222.97783, 4.82892], "size": [10, 1, 3], "inflate": 1, "pivot": [-23.5, 223.26474, 6.32892], "rotation": [0, 0, -100], "uv": [0, 0]},
						{"origin": [-19, 248.76474, 4.82892], "size": [3, 1, 3], "inflate": 1, "pivot": [-21, 249.26474, 6.32892], "rotation": [0, 0, 30], "uv": [0, 0]}
					]
				},
				{
					"name": "olho",
					"parent": "head",
					"pivot": [7.01667, 229.98141, -9.32108],
					"rotation": [0, -12.5, 0],
					"cubes": [
						{"origin": [5, 223.76474, -9.17108], "size": [4, 12, 2], "uv": [22, 80]},
						{"origin": [5, 224.76474, -10.17108], "size": [4, 10, 3], "uv": [22, 80]},
						{"origin": [4, 231.76474, -11.17108], "size": [4, 1, 2], "uv": [30, 183]},
						{"origin": [4, 230.76474, -11.17108], "size": [4, 1, 2], "uv": [117, 221]},
						{"origin": [4, 227.76474, -11.17108], "size": [4, 1, 2], "uv": [117, 221]},
						{"origin": [4, 227.76474, -11.17108], "size": [1, 4, 2], "uv": [117, 221]},
						{"origin": [7, 227.76474, -11.17108], "size": [1, 4, 2], "uv": [117, 221]},
						{"origin": [5, 228.76474, -11.17108], "size": [2, 2, 2], "uv": [43, 243]},
						{"origin": [8, 227.76474, -11.17108], "size": [1, 4, 2], "uv": [30, 183]},
						{"origin": [3, 227.76474, -11.17108], "size": [1, 4, 2], "uv": [30, 183]},
						{"origin": [4, 226.76474, -11.17108], "size": [4, 1, 2], "uv": [30, 183]},
						{"origin": [3, 225.76474, -10.17108], "size": [8, 8, 3], "uv": [22, 80]},
						{"origin": [2, 227.76474, -10.17108], "size": [10, 4, 3], "uv": [22, 80]},
						{"origin": [3, 224.76474, -9.17108], "size": [8, 10, 2], "uv": [22, 80]},
						{"origin": [2, 225.76474, -9.17108], "size": [10, 8, 2], "uv": [22, 80]},
						{"origin": [2, 227.76474, -9.17108], "size": [11, 4, 2], "uv": [22, 80]},
						{"origin": [1, 227.76474, -9.17108], "size": [12, 2, 2], "uv": [22, 80]},
						{"origin": [12, 231.76474, -9.17108], "size": [1, 2, 2], "uv": [33, 228]},
						{"origin": [13, 229.76474, -9.17108], "size": [1, 2, 2], "uv": [33, 228]},
						{"origin": [1, 229.76474, -9.17108], "size": [1, 2, 2], "uv": [33, 228]},
						{"origin": [1, 231.76474, -9.17108], "size": [1, 2, 2], "uv": [33, 228]},
						{"origin": [2, 233.76474, -9.17108], "size": [1, 1, 2], "uv": [33, 228]},
						{"origin": [1, 234.76474, -9.17108], "size": [1, 1, 2], "uv": [33, 228]},
						{"origin": [0, 235.76474, -9.17108], "size": [1, 1, 2], "uv": [33, 228]},
						{"origin": [13, 235.76474, -9.17108], "size": [1, 1, 2], "uv": [33, 228]},
						{"origin": [12, 234.76474, -9.17108], "size": [1, 1, 2], "uv": [33, 228]},
						{"origin": [7, 236.76474, -9.17108], "size": [1, 2, 2], "uv": [33, 228]},
						{"origin": [11, 233.76474, -9.17108], "size": [1, 1, 2], "uv": [33, 228]},
						{"origin": [9, 234.76474, -9.17108], "size": [2, 1, 2], "uv": [33, 228]},
						{"origin": [3, 234.76474, -9.17108], "size": [2, 1, 2], "uv": [33, 228]},
						{"origin": [5, 235.76474, -9.17108], "size": [4, 1, 2], "uv": [33, 228]}
					]
				},
				{
					"name": "olho2",
					"parent": "head",
					"pivot": [-9.98333, 229.98141, -9.32108],
					"rotation": [0, 15, 0],
					"cubes": [
						{"origin": [-12, 223.76474, -9.17108], "size": [4, 12, 2], "uv": [22, 80]},
						{"origin": [-12, 224.76474, -10.17108], "size": [4, 10, 3], "uv": [22, 80]},
						{"origin": [-11, 231.76474, -11.17108], "size": [4, 1, 2], "uv": [30, 183]},
						{"origin": [-11, 230.76474, -11.17108], "size": [4, 1, 2], "uv": [117, 221]},
						{"origin": [-11, 227.76474, -11.17108], "size": [4, 1, 2], "uv": [117, 221]},
						{"origin": [-11, 227.76474, -11.17108], "size": [1, 4, 2], "uv": [117, 221]},
						{"origin": [-8, 227.76474, -11.17108], "size": [1, 4, 2], "uv": [117, 221]},
						{"origin": [-10, 228.76474, -11.17108], "size": [2, 2, 2], "uv": [43, 243]},
						{"origin": [-7, 227.76474, -11.17108], "size": [1, 4, 2], "uv": [30, 183]},
						{"origin": [-12, 227.76474, -11.17108], "size": [1, 4, 2], "uv": [30, 183]},
						{"origin": [-11, 226.76474, -11.17108], "size": [4, 1, 2], "uv": [30, 183]},
						{"origin": [-14, 225.76474, -10.17108], "size": [8, 8, 3], "uv": [22, 80]},
						{"origin": [-15, 227.76474, -10.17108], "size": [10, 4, 3], "uv": [22, 80]},
						{"origin": [-14, 224.76474, -9.17108], "size": [8, 10, 2], "uv": [22, 80]},
						{"origin": [-15, 225.76474, -9.17108], "size": [10, 8, 2], "uv": [22, 80]},
						{"origin": [-16, 227.76474, -9.17108], "size": [11, 4, 2], "uv": [22, 80]},
						{"origin": [-16, 227.76474, -9.17108], "size": [12, 2, 2], "uv": [22, 80]},
						{"origin": [-5, 231.76474, -9.17108], "size": [1, 2, 2], "uv": [33, 228]},
						{"origin": [-5, 229.76474, -9.17108], "size": [1, 2, 2], "uv": [33, 228]},
						{"origin": [-17, 229.76474, -9.17108], "size": [1, 2, 2], "uv": [33, 228]},
						{"origin": [-16, 231.76474, -9.17108], "size": [1, 2, 2], "uv": [33, 228]},
						{"origin": [-15, 233.76474, -9.17108], "size": [1, 1, 2], "uv": [33, 228]},
						{"origin": [-16, 234.76474, -9.17108], "size": [1, 1, 2], "uv": [33, 228]},
						{"origin": [-17, 235.76474, -9.17108], "size": [1, 1, 2], "uv": [33, 228]},
						{"origin": [-4, 235.76474, -9.17108], "size": [1, 1, 2], "uv": [33, 228]},
						{"origin": [-5, 234.76474, -9.17108], "size": [1, 1, 2], "uv": [33, 228]},
						{"origin": [-10, 236.76474, -9.17108], "size": [1, 2, 2], "uv": [33, 228]},
						{"origin": [-6, 233.76474, -9.17108], "size": [1, 1, 2], "uv": [33, 228]},
						{"origin": [-8, 234.76474, -9.17108], "size": [2, 1, 2], "uv": [33, 228]},
						{"origin": [-14, 234.76474, -9.17108], "size": [2, 1, 2], "uv": [33, 228]},
						{"origin": [-12, 235.76474, -9.17108], "size": [4, 1, 2], "uv": [33, 228]}
					]
				},
				{
					"name": "boca",
					"parent": "head",
					"pivot": [-1.98233, 215.8435, -5.67108],
					"rotation": [29.97531, 0.64261, 1.31433],
					"cubes": [
						{"origin": [-9.09174, 217.39018, -5.48355], "size": [15, 3, 2], "uv": [92, 248]},
						{"origin": [-11.09174, 217.39018, -5.48355], "size": [12, 3, 2], "pivot": [-6.09174, 219.39018, -3.98355], "rotation": [0, 0, 20], "uv": [92, 248]},
						{"origin": [-14.21235, 218.07422, -5.48355], "size": [10, 2, 2], "pivot": [-8.09174, 219.39018, -3.98355], "rotation": [0, 0, 45], "uv": [92, 248]},
						{"origin": [-4.09174, 217.39018, -5.48355], "size": [12, 3, 2], "pivot": [1.90826, 219.39018, -3.98355], "rotation": [0, 0, -22.5], "uv": [92, 248]},
						{"origin": [1.0605, 218.15555, -5.48355], "size": [10, 2, 2], "pivot": [3.90826, 219.39018, -3.98355], "rotation": [0, 0, -37.5], "uv": [92, 248]},
						{"origin": [-7.09174, 216.39018, -5.48355], "size": [11, 4, 2], "uv": [92, 248]},
						{"origin": [-8.09174, 219.39018, -5.48355], "size": [13, 2, 2], "uv": [119, 39]},
						{"origin": [-7.09174, 215.39018, -5.48355], "size": [11, 2, 2], "uv": [119, 39]}
					]
				},
				{
					"name": "corpo",
					"parent": "part1",
					"pivot": [0, 68.76474, 5.82892]
				},
				{
					"name": "pescoso",
					"parent": "corpo",
					"pivot": [-1.5, 154.01474, 10.32892],
					"cubes": [
						{"origin": [-3, 143.76474, 9.82892], "size": [3, 47, 3], "uv": [197, 0]},
						{"origin": [-3, 157.76474, 9.82892], "size": [3, 47, 3], "uv": [197, 0]},
						{"origin": [-2, 151.76474, 8.82892], "size": [1, 1, 1], "uv": [94, 34]}
					]
				},
				{
					"name": "cap",
					"parent": "corpo",
					"pivot": [0, 68.76474, 5.82892],
					"cubes": [
						{"origin": [0, 143.76474, 6.82892], "size": [2, 2, 6], "uv": [187, 219]},
						{"origin": [-5, 143.76474, 6.82892], "size": [2, 2, 6], "uv": [187, 219]},
						{"origin": [-4, 140.76474, 2.82892], "size": [5, 2, 2], "uv": [191, 11]},
						{"origin": [-4, 137.76474, 0.82892], "size": [5, 3, 2], "uv": [191, 11]},
						{"origin": [-4, 133.76474, -0.17108], "size": [5, 4, 2], "uv": [191, 11]},
						{"origin": [-4, 130.76474, -1.17108], "size": [5, 3, 2], "uv": [61, 28]},
						{"origin": [-1, 130.76474, -1.17108], "size": [2, 4, 2], "uv": [61, 28]},
						{"origin": [-4, 130.76474, -1.17108], "size": [2, 4, 2], "uv": [61, 28]},
						{"origin": [1, 130.76474, -0.17108], "size": [3, 5, 2], "uv": [61, 28]},
						{"origin": [-7, 130.76474, -0.17108], "size": [3, 5, 2], "uv": [61, 28]},
						{"origin": [1, 134.76474, 0.82892], "size": [3, 4, 2], "uv": [197, 20]},
						{"origin": [-7, 134.76474, 0.82892], "size": [3, 4, 2], "uv": [197, 20]},
						{"origin": [1, 137.76474, 1.82892], "size": [3, 3, 2], "uv": [197, 20]},
						{"origin": [-7, 137.76474, 1.82892], "size": [3, 3, 2], "uv": [197, 20]},
						{"origin": [1, 139.76474, 3.82892], "size": [6, 3, 2], "uv": [197, 20]},
						{"origin": [-10, 139.76474, 3.82892], "size": [6, 3, 2], "uv": [197, 20]},
						{"origin": [1, 139.76474, 4.82892], "size": [8, 5, 2], "uv": [197, 20]},
						{"origin": [-12, 139.76474, 4.82892], "size": [8, 5, 2], "uv": [197, 20]},
						{"origin": [4, 137.76474, 2.82892], "size": [3, 3, 2], "uv": [197, 20]},
						{"origin": [-10, 137.76474, 2.82892], "size": [3, 3, 2], "uv": [197, 20]},
						{"origin": [7, 137.76474, 3.82892], "size": [2, 3, 2], "uv": [197, 20]},
						{"origin": [-12, 137.76474, 3.82892], "size": [2, 3, 2], "uv": [197, 20]},
						{"origin": [4, 135.76474, 1.82892], "size": [3, 3, 2], "uv": [197, 20]},
						{"origin": [-10, 135.76474, 1.82892], "size": [3, 3, 2], "uv": [197, 20]},
						{"origin": [7, 134.76474, 2.82892], "size": [2, 4, 2], "uv": [197, 20]},
						{"origin": [-12, 134.76474, 2.82892], "size": [2, 4, 2], "uv": [197, 20]},
						{"origin": [9, 134.76474, 4.82892], "size": [2, 7, 2], "uv": [197, 20]},
						{"origin": [-14, 134.76474, 4.82892], "size": [2, 7, 2], "uv": [197, 20]},
						{"origin": [1, 127.76474, 0.82892], "size": [3, 3, 2], "uv": [61, 28]},
						{"origin": [-7, 127.76474, 0.82892], "size": [3, 3, 2], "uv": [61, 28]},
						{"origin": [1, 124.76474, 2.82892], "size": [3, 3, 2], "uv": [61, 28]},
						{"origin": [-7, 124.76474, 2.82892], "size": [3, 3, 2], "uv": [61, 28]},
						{"origin": [1, 121.76474, 4.82892], "size": [3, 3, 2], "uv": [61, 28]},
						{"origin": [-7, 121.76474, 4.82892], "size": [3, 3, 2], "uv": [61, 28]},
						{"origin": [4, 124.76474, 4.82892], "size": [2, 3, 2], "uv": [61, 28]},
						{"origin": [-9, 124.76474, 4.82892], "size": [2, 3, 2], "uv": [61, 28]},
						{"origin": [6, 127.76474, 4.82892], "size": [2, 3, 2], "uv": [61, 28]},
						{"origin": [-11, 127.76474, 4.82892], "size": [2, 3, 2], "uv": [61, 28]},
						{"origin": [4, 127.76474, 2.82892], "size": [3, 3, 2], "uv": [61, 28]},
						{"origin": [-10, 127.76474, 2.82892], "size": [3, 3, 2], "uv": [61, 28]},
						{"origin": [4, 130.76474, 0.82892], "size": [2, 5, 2], "uv": [61, 28]},
						{"origin": [-9, 130.76474, 0.82892], "size": [2, 5, 2], "uv": [61, 28]},
						{"origin": [6, 130.76474, 1.82892], "size": [2, 5, 2], "uv": [61, 28]},
						{"origin": [-11, 130.76474, 1.82892], "size": [2, 5, 2], "uv": [61, 28]},
						{"origin": [7, 130.76474, 2.82892], "size": [2, 4, 2], "uv": [61, 28]},
						{"origin": [-12, 130.76474, 2.82892], "size": [2, 4, 2], "uv": [61, 28]},
						{"origin": [8, 130.76474, 4.82892], "size": [2, 4, 2], "uv": [61, 28]},
						{"origin": [-13, 130.76474, 4.82892], "size": [2, 4, 2], "uv": [61, 28]},
						{"origin": [-4, 127.76474, -0.17108], "size": [5, 3, 2], "uv": [61, 28]},
						{"origin": [-4, 124.76474, 1.82892], "size": [5, 3, 2], "uv": [61, 28]},
						{"origin": [-4, 121.76474, 3.82892], "size": [5, 3, 2], "uv": [61, 28]},
						{"origin": [-4, 118.76474, 5.82892], "size": [5, 3, 2], "uv": [61, 28]},
						{"origin": [-4, 142.76474, 4.82892], "size": [5, 2, 2], "uv": [187, 219]},
						{"origin": [2, 144.76474, 6.82892], "size": [5, 2, 6], "uv": [184, 25]},
						{"origin": [-10, 144.76474, 6.82892], "size": [5, 2, 6], "uv": [184, 25]},
						{"origin": [7, 143.76474, 6.82892], "size": [2, 2, 6], "uv": [184, 25]},
						{"origin": [-12, 143.76474, 6.82892], "size": [2, 2, 6], "uv": [184, 25]},
						{"origin": [8, 142.76474, 6.82892], "size": [2, 2, 6], "uv": [184, 25]},
						{"origin": [-13, 142.76474, 6.82892], "size": [2, 2, 6], "uv": [184, 25]},
						{"origin": [9, 141.76474, 6.82892], "size": [2, 2, 6], "uv": [184, 25]},
						{"origin": [-14, 141.76474, 6.82892], "size": [2, 2, 6], "uv": [184, 25]},
						{"origin": [10, 133.76474, 6.82892], "size": [2, 8, 6], "uv": [184, 25]},
						{"origin": [-15, 133.76474, 6.82892], "size": [2, 8, 6], "uv": [184, 25]},
						{"origin": [9, 130.76474, 6.82892], "size": [2, 3, 6], "uv": [51, 23]},
						{"origin": [-14, 130.76474, 6.82892], "size": [2, 3, 6], "uv": [51, 23]},
						{"origin": [7, 127.76474, 6.82892], "size": [2, 3, 6], "uv": [51, 23]},
						{"origin": [-12, 127.76474, 6.82892], "size": [2, 3, 6], "uv": [51, 23]},
						{"origin": [5, 124.76474, 6.82892], "size": [2, 3, 6], "uv": [51, 23]},
						{"origin": [-10, 124.76474, 6.82892], "size": [2, 3, 6], "uv": [51, 23]},
						{"origin": [3, 121.76474, 6.82892], "size": [2, 3, 6], "uv": [51, 23]},
						{"origin": [-8, 121.76474, 6.82892], "size": [2, 3, 6], "uv": [51, 23]},
						{"origin": [1, 118.76474, 6.82892], "size": [2, 3, 6], "uv": [51, 23]},
						{"origin": [-6, 118.76474, 6.82892], "size": [2, 3, 6], "uv": [51, 23]},
						{"origin": [-4, 117.76474, 6.82892], "size": [5, 2, 6], "uv": [51, 23]}
					]
				},
				{
					"name": "corpo2",
					"parent": "cap",
					"pivot": [-1.5, 134.00798, 9.54514],
					"rotation": [0, 180, 0],
					"cubes": [
						{"origin": [0, 143.76474, 3.82892], "size": [2, 2, 6], "uv": [187, 219]},
						{"origin": [-5, 143.76474, 3.82892], "size": [2, 2, 6], "uv": [187, 219]},
						{"origin": [-4, 140.76474, -0.17108], "size": [5, 2, 2], "uv": [191, 11]},
						{"origin": [-4, 137.76474, -2.17108], "size": [5, 3, 2], "uv": [191, 11]},
						{"origin": [-4, 133.76474, -3.17108], "size": [5, 4, 2], "uv": [191, 11]},
						{"origin": [-4, 130.76474, -4.17108], "size": [5, 3, 2], "uv": [61, 28]},
						{"origin": [-1, 130.76474, -4.17108], "size": [2, 4, 2], "uv": [61, 28]},
						{"origin": [-4, 130.76474, -4.17108], "size": [2, 4, 2], "uv": [61, 28]},
						{"origin": [1, 130.76474, -3.17108], "size": [3, 5, 2], "uv": [61, 28]},
						{"origin": [-7, 130.76474, -3.17108], "size": [3, 5, 2], "uv": [61, 28]},
						{"origin": [1, 134.76474, -2.17108], "size": [3, 4, 2], "uv": [197, 20]},
						{"origin": [-7, 134.76474, -2.17108], "size": [3, 4, 2], "uv": [197, 20]},
						{"origin": [1, 137.76474, -1.17108], "size": [3, 3, 2], "uv": [197, 20]},
						{"origin": [-7, 137.76474, -1.17108], "size": [3, 3, 2], "uv": [197, 20]},
						{"origin": [1, 139.76474, 0.82892], "size": [6, 3, 2], "uv": [197, 20]},
						{"origin": [-10, 139.76474, 0.82892], "size": [6, 3, 2], "uv": [197, 20]},
						{"origin": [1, 139.76474, 1.82892], "size": [8, 5, 2], "uv": [197, 20]},
						{"origin": [-12, 139.76474, 1.82892], "size": [8, 5, 2], "uv": [197, 20]},
						{"origin": [4, 137.76474, -0.17108], "size": [3, 3, 2], "uv": [197, 20]},
						{"origin": [-10, 137.76474, -0.17108], "size": [3, 3, 2], "uv": [197, 20]},
						{"origin": [7, 137.76474, 0.82892], "size": [2, 3, 2], "uv": [197, 20]},
						{"origin": [-12, 137.76474, 0.82892], "size": [2, 3, 2], "uv": [197, 20]},
						{"origin": [4, 135.76474, -1.17108], "size": [3, 3, 2], "uv": [197, 20]},
						{"origin": [-10, 135.76474, -1.17108], "size": [3, 3, 2], "uv": [197, 20]},
						{"origin": [7, 134.76474, -0.17108], "size": [2, 4, 2], "uv": [197, 20]},
						{"origin": [-12, 134.76474, -0.17108], "size": [2, 4, 2], "uv": [197, 20]},
						{"origin": [9, 134.76474, 1.82892], "size": [2, 7, 2], "uv": [197, 20]},
						{"origin": [-14, 134.76474, 1.82892], "size": [2, 7, 2], "uv": [197, 20]},
						{"origin": [1, 127.76474, -2.17108], "size": [3, 3, 2], "uv": [61, 28]},
						{"origin": [-7, 127.76474, -2.17108], "size": [3, 3, 2], "uv": [61, 28]},
						{"origin": [1, 124.76474, -0.17108], "size": [3, 3, 2], "uv": [61, 28]},
						{"origin": [-7, 124.76474, -0.17108], "size": [3, 3, 2], "uv": [61, 28]},
						{"origin": [1, 121.76474, 1.82892], "size": [3, 3, 2], "uv": [61, 28]},
						{"origin": [-7, 121.76474, 1.82892], "size": [3, 3, 2], "uv": [61, 28]},
						{"origin": [4, 124.76474, 1.82892], "size": [2, 3, 2], "uv": [61, 28]},
						{"origin": [-9, 124.76474, 1.82892], "size": [2, 3, 2], "uv": [61, 28]},
						{"origin": [6, 127.76474, 1.82892], "size": [2, 3, 2], "uv": [61, 28]},
						{"origin": [-11, 127.76474, 1.82892], "size": [2, 3, 2], "uv": [61, 28]},
						{"origin": [4, 127.76474, -0.17108], "size": [3, 3, 2], "uv": [61, 28]},
						{"origin": [-10, 127.76474, -0.17108], "size": [3, 3, 2], "uv": [61, 28]},
						{"origin": [4, 130.76474, -2.17108], "size": [2, 5, 2], "uv": [61, 28]},
						{"origin": [-9, 130.76474, -2.17108], "size": [2, 5, 2], "uv": [61, 28]},
						{"origin": [6, 130.76474, -1.17108], "size": [2, 5, 2], "uv": [61, 28]},
						{"origin": [-11, 130.76474, -1.17108], "size": [2, 5, 2], "uv": [61, 28]},
						{"origin": [7, 130.76474, -0.17108], "size": [2, 4, 2], "uv": [61, 28]},
						{"origin": [-12, 130.76474, -0.17108], "size": [2, 4, 2], "uv": [61, 28]},
						{"origin": [8, 130.76474, 1.82892], "size": [2, 4, 2], "uv": [61, 28]},
						{"origin": [-13, 130.76474, 1.82892], "size": [2, 4, 2], "uv": [61, 28]},
						{"origin": [-4, 127.76474, -3.17108], "size": [5, 3, 2], "uv": [61, 28]},
						{"origin": [-4, 124.76474, -1.17108], "size": [5, 3, 2], "uv": [61, 28]},
						{"origin": [-4, 121.76474, 0.82892], "size": [5, 3, 2], "uv": [61, 28]},
						{"origin": [-4, 118.76474, 2.82892], "size": [5, 3, 2], "uv": [61, 28]},
						{"origin": [-4, 142.76474, 1.82892], "size": [5, 2, 2], "uv": [187, 219]},
						{"origin": [2, 144.76474, 3.82892], "size": [5, 2, 6], "uv": [184, 25]},
						{"origin": [-10, 144.76474, 3.82892], "size": [5, 2, 6], "uv": [184, 25]},
						{"origin": [7, 143.76474, 3.82892], "size": [2, 2, 6], "uv": [184, 25]},
						{"origin": [-12, 143.76474, 3.82892], "size": [2, 2, 6], "uv": [184, 25]},
						{"origin": [8, 142.76474, 3.82892], "size": [2, 2, 6], "uv": [184, 25]},
						{"origin": [-13, 142.76474, 3.82892], "size": [2, 2, 6], "uv": [184, 25]},
						{"origin": [9, 141.76474, 3.82892], "size": [2, 2, 6], "uv": [184, 25]},
						{"origin": [-14, 141.76474, 3.82892], "size": [2, 2, 6], "uv": [184, 25]},
						{"origin": [10, 133.76474, 3.82892], "size": [2, 8, 6], "uv": [184, 25]},
						{"origin": [-15, 133.76474, 3.82892], "size": [2, 8, 6], "uv": [184, 25]},
						{"origin": [9, 130.76474, 3.82892], "size": [2, 3, 6], "uv": [51, 23]},
						{"origin": [-14, 130.76474, 3.82892], "size": [2, 3, 6], "uv": [51, 23]},
						{"origin": [7, 127.76474, 3.82892], "size": [2, 3, 6], "uv": [51, 23]},
						{"origin": [-12, 127.76474, 3.82892], "size": [2, 3, 6], "uv": [51, 23]},
						{"origin": [5, 124.76474, 3.82892], "size": [2, 3, 6], "uv": [51, 23]},
						{"origin": [-10, 124.76474, 3.82892], "size": [2, 3, 6], "uv": [51, 23]},
						{"origin": [3, 121.76474, 3.82892], "size": [2, 3, 6], "uv": [51, 23]},
						{"origin": [-8, 121.76474, 3.82892], "size": [2, 3, 6], "uv": [51, 23]},
						{"origin": [1, 118.76474, 3.82892], "size": [2, 3, 6], "uv": [51, 23]},
						{"origin": [-6, 118.76474, 3.82892], "size": [2, 3, 6], "uv": [51, 23]},
						{"origin": [-4, 117.76474, 3.82892], "size": [5, 2, 6], "uv": [51, 23]}
					]
				},
				{
					"name": "cabo",
					"parent": "corpo",
					"pivot": [0, 68.76474, 5.82892],
					"cubes": [
						{"origin": [-2, 87.76474, 10.82892], "size": [1, 32, 1], "inflate": 1, "pivot": [-1.5, 116.76474, 11.32892], "rotation": [15, 0, 0], "uv": [0, 0]}
					]
				},
				{
					"name": "brao",
					"parent": "part1",
					"pivot": [10, 140.76474, 11.82892],
					"rotation": [0, 55, -87.5]
				},
				{
					"name": "cm39",
					"parent": "brao",
					"pivot": [10, 141.26474, 11.32892],
					"cubes": [
						{"origin": [8, 129.76474, 8.82892], "size": [3, 11, 5], "uv": [203, 21]},
						{"origin": [9, 136.76474, 7.82892], "size": [1, 1, 3], "uv": [66, 17]},
						{"origin": [7, 129.76474, 9.82892], "size": [5, 11, 3], "uv": [203, 21]}
					]
				},
				{
					"name": "cm40",
					"parent": "cm39",
					"pivot": [10, 130.26474, 11.32892],
					"cubes": [
						{"origin": [8, 118.76474, 8.82892], "size": [3, 11, 5], "uv": [203, 21]},
						{"origin": [7, 118.76474, 9.82892], "size": [5, 11, 3], "uv": [203, 21]}
					]
				},
				{
					"name": "cm41",
					"parent": "cm40",
					"pivot": [10, 119.26474, 11.32892],
					"rotation": [0, 0, -20],
					"cubes": [
						{"origin": [8, 107.76474, 8.82892], "size": [3, 11, 5], "uv": [203, 21]},
						{"origin": [7, 107.76474, 9.82892], "size": [5, 11, 3], "uv": [203, 21]}
					]
				},
				{
					"name": "cm42",
					"parent": "cm41",
					"pivot": [10, 108.26474, 11.32892],
					"rotation": [0, 0, -35],
					"cubes": [
						{"origin": [8, 96.76474, 8.82892], "size": [3, 11, 5], "uv": [203, 21]},
						{"origin": [7, 96.76474, 9.82892], "size": [5, 11, 3], "uv": [203, 21]}
					]
				},
				{
					"name": "cm43",
					"parent": "cm42",
					"pivot": [10, 97.26474, 11.32892],
					"cubes": [
						{"origin": [8, 85.76474, 8.82892], "size": [3, 11, 5], "uv": [203, 21]},
						{"origin": [7, 85.76474, 9.82892], "size": [5, 11, 3], "uv": [203, 21]}
					]
				},
				{
					"name": "bx5",
					"parent": "cm43",
					"pivot": [10, 86.26474, 11.32892],
					"rotation": [0, 0, 5],
					"cubes": [
						{"origin": [8, 74.76474, 8.82892], "size": [3, 11, 5], "uv": [203, 21]},
						{"origin": [7, 74.76474, 9.82892], "size": [5, 11, 3], "uv": [203, 21]}
					]
				},
				{
					"name": "cm44",
					"parent": "bx5",
					"pivot": [10, 75.26474, 11.32892],
					"rotation": [-13.64973, 6.27967, 1.74769],
					"cubes": [
						{"origin": [8, 63.76474, 8.82892], "size": [3, 11, 5], "uv": [203, 21]},
						{"origin": [7, 63.76474, 9.82892], "size": [5, 11, 3], "uv": [203, 21]}
					]
				},
				{
					"name": "cm45",
					"parent": "cm44",
					"pivot": [10, 64.26474, 11.32892],
					"rotation": [-12.5, 0, -22.5],
					"cubes": [
						{"origin": [8, 52.76474, 8.82892], "size": [3, 11, 5], "uv": [203, 21]},
						{"origin": [7, 52.76474, 9.82892], "size": [5, 11, 3], "uv": [203, 21]}
					]
				},
				{
					"name": "cm46",
					"parent": "cm45",
					"pivot": [10, 53.26474, 11.32892],
					"rotation": [-12.5, 0, -32.5],
					"cubes": [
						{"origin": [8, 41.76474, 8.82892], "size": [3, 11, 5], "uv": [203, 21]},
						{"origin": [7, 41.76474, 9.82892], "size": [5, 11, 3], "uv": [203, 21]}
					]
				},
				{
					"name": "cm47",
					"parent": "cm46",
					"pivot": [10, 42.26474, 11.32892],
					"rotation": [29.92968, -55.37681, -66.75198],
					"cubes": [
						{"origin": [8, 30.76474, 8.82892], "size": [3, 11, 5], "uv": [203, 21]},
						{"origin": [7, 30.76474, 9.82892], "size": [5, 11, 3], "uv": [203, 21]}
					]
				},
				{
					"name": "hand3",
					"parent": "cm47",
					"pivot": [10, 31.26474, 11.32892],
					"rotation": [-2.72862, 52.44677, -54.64863]
				},
				{
					"name": "long3",
					"parent": "hand3",
					"pivot": [10, 42.26474, 11.32892],
					"cubes": [
						{"origin": [5, 25.26474, 6.32892], "size": [9, 6, 10], "uv": [189, 231]},
						{"origin": [6, 25.26474, 5.32892], "size": [7, 6, 12], "uv": [189, 231]},
						{"origin": [4, 25.26474, 7.32892], "size": [11, 6, 8], "uv": [189, 231]},
						{"origin": [3, 25.26474, 8.32892], "size": [13, 6, 6], "uv": [189, 231]}
					]
				},
				{
					"name": "bone3",
					"parent": "long3",
					"pivot": [10, 42.26474, 11.32892],
					"cubes": [
						{"origin": [6, 12.26474, 6.32892], "size": [8, 13, 10], "uv": [0, 0]},
						{"origin": [7, 12.26474, 5.32892], "size": [6, 12, 12], "uv": [0, 0]},
						{"origin": [8, 12.26474, 4.32892], "size": [4, 11, 14], "uv": [0, 0]}
					]
				},
				{
					"name": "dedo17",
					"parent": "hand3",
					"pivot": [9, 13.26474, 15.32892],
					"rotation": [10, 0, 0],
					"cubes": [
						{"origin": [7, 5.26474, 12.32892], "size": [4, 8, 6], "uv": [0, 0]},
						{"origin": [6, 5.26474, 13.32892], "size": [6, 8, 4], "uv": [0, 0]}
					]
				},
				{
					"name": "dedo18",
					"parent": "dedo17",
					"pivot": [9.5, 5.26474, 14.82892],
					"rotation": [0, 0, 5],
					"cubes": [
						{"origin": [7, -2.73526, 12.32892], "size": [4, 8, 6], "uv": [0, 0]},
						{"origin": [6, -2.73526, 13.32892], "size": [6, 8, 4], "uv": [0, 0]},
						{"origin": [7, -19.73526, 13.32892], "size": [4, 25, 4], "uv": [0, 0]}
					]
				},
				{
					"name": "dedo19",
					"parent": "hand3",
					"pivot": [9, 13.26474, 7.32892],
					"rotation": [-10, 0, 0],
					"cubes": [
						{"origin": [7, 5.26474, 4.32892], "size": [4, 8, 6], "uv": [0, 0]},
						{"origin": [6, 5.26474, 5.32892], "size": [6, 8, 4], "uv": [0, 0]}
					]
				},
				{
					"name": "dedo20",
					"parent": "dedo19",
					"pivot": [9.5, 5.26474, 6.82892],
					"rotation": [0, 0, 5],
					"cubes": [
						{"origin": [7, -2.73526, 4.32892], "size": [4, 8, 6], "uv": [0, 0]},
						{"origin": [6, -2.73526, 5.32892], "size": [6, 8, 4], "uv": [0, 0]},
						{"origin": [7, -19.73526, 5.32892], "size": [4, 25, 4], "uv": [0, 0]}
					]
				},
				{
					"name": "dedo21",
					"parent": "hand3",
					"pivot": [9, 19.26474, 7.32892],
					"rotation": [-47.32109, 32.74556, -7.68959],
					"cubes": [
						{"origin": [7, 11.26474, 4.32892], "size": [4, 8, 6], "uv": [0, 0]},
						{"origin": [6, 11.26474, 5.32892], "size": [6, 8, 4], "uv": [0, 0]}
					]
				},
				{
					"name": "dedo22",
					"parent": "dedo21",
					"pivot": [9.5, 11.26474, 6.82892],
					"rotation": [0, 0, 5],
					"cubes": [
						{"origin": [7, 3.26474, 4.32892], "size": [4, 8, 6], "uv": [0, 0]},
						{"origin": [6, 3.26474, 5.32892], "size": [6, 8, 4], "uv": [0, 0]},
						{"origin": [7, -14.73526, 5.32892], "size": [4, 26, 4], "uv": [0, 0]}
					]
				},
				{
					"name": "dedo23",
					"parent": "hand3",
					"pivot": [9, 13.26474, 11.32892],
					"cubes": [
						{"origin": [7, 5.26474, 8.32892], "size": [4, 8, 6], "uv": [0, 0]},
						{"origin": [6, 5.26474, 9.32892], "size": [6, 8, 4], "uv": [0, 0]}
					]
				},
				{
					"name": "dedo24",
					"parent": "dedo23",
					"pivot": [9.5, 5.26474, 10.82892],
					"rotation": [0, 0, 5],
					"cubes": [
						{"origin": [7, -2.73526, 8.32892], "size": [4, 8, 6], "uv": [0, 0]},
						{"origin": [6, -2.73526, 9.32892], "size": [6, 8, 4], "uv": [0, 0]},
						{"origin": [7, -19.73526, 9.32892], "size": [4, 25, 4], "uv": [0, 0]}
					]
				},
				{
					"name": "brao2",
					"parent": "part1",
					"pivot": [-12, 138.76474, 11.82892],
					"rotation": [180, 0, -157.5]
				},
				{
					"name": "cm21",
					"parent": "brao2",
					"pivot": [-12, 139.26474, 11.32892],
					"rotation": [-12.5, 0, -67.5],
					"cubes": [
						{"origin": [-14, 127.76474, 8.82892], "size": [3, 11, 5], "uv": [203, 21]},
						{"origin": [-13, 134.76474, 7.82892], "size": [1, 1, 3], "uv": [66, 17]},
						{"origin": [-15, 127.76474, 9.82892], "size": [5, 11, 3], "uv": [203, 21]}
					]
				},
				{
					"name": "cm22",
					"parent": "cm21",
					"pivot": [-12, 128.26474, 11.32892],
					"cubes": [
						{"origin": [-14, 116.76474, 8.82892], "size": [3, 11, 5], "uv": [203, 21]},
						{"origin": [-15, 116.76474, 9.82892], "size": [5, 11, 3], "uv": [203, 21]}
					]
				},
				{
					"name": "cm23",
					"parent": "cm22",
					"pivot": [-12, 117.26474, 11.32892],
					"cubes": [
						{"origin": [-14, 105.76474, 8.82892], "size": [3, 11, 5], "uv": [203, 21]},
						{"origin": [-15, 105.76474, 9.82892], "size": [5, 11, 3], "uv": [203, 21]}
					]
				},
				{
					"name": "cm24",
					"parent": "cm23",
					"pivot": [-12, 106.26474, 11.32892],
					"rotation": [12.5, 0, 0],
					"cubes": [
						{"origin": [-14, 94.76474, 8.82892], "size": [3, 11, 5], "uv": [203, 21]},
						{"origin": [-15, 94.76474, 9.82892], "size": [5, 11, 3], "uv": [203, 21]}
					]
				},
				{
					"name": "cm25",
					"parent": "cm24",
					"pivot": [-12, 95.26474, 11.32892],
					"rotation": [52.5, 0, 0],
					"cubes": [
						{"origin": [-14, 83.76474, 8.82892], "size": [3, 11, 5], "uv": [203, 21]},
						{"origin": [-15, 83.76474, 9.82892], "size": [5, 11, 3], "uv": [203, 21]}
					]
				},
				{
					"name": "bx3",
					"parent": "cm25",
					"pivot": [-12, 84.26474, 11.32892],
					"rotation": [22.5, -30, -17.5],
					"cubes": [
						{"origin": [-14, 72.76474, 8.82892], "size": [3, 11, 5], "uv": [203, 21]},
						{"origin": [-15, 72.76474, 9.82892], "size": [5, 11, 3], "uv": [203, 21]}
					]
				},
				{
					"name": "cm26",
					"parent": "bx3",
					"pivot": [-12, 73.26474, 11.32892],
					"cubes": [
						{"origin": [-14, 61.76474, 8.82892], "size": [3, 11, 5], "uv": [203, 21]},
						{"origin": [-15, 61.76474, 9.82892], "size": [5, 11, 3], "uv": [203, 21]}
					]
				},
				{
					"name": "cm27",
					"parent": "cm26",
					"pivot": [-12, 62.26474, 11.32892],
					"rotation": [0, 0, -12.5],
					"cubes": [
						{"origin": [-14, 50.76474, 8.82892], "size": [3, 11, 5], "uv": [203, 21]},
						{"origin": [-15, 50.76474, 9.82892], "size": [5, 11, 3], "uv": [203, 21]}
					]
				},
				{
					"name": "cm28",
					"parent": "cm27",
					"pivot": [-12, 51.26474, 11.32892],
					"rotation": [0, 0, -5],
					"cubes": [
						{"origin": [-14, 39.76474, 8.82892], "size": [3, 11, 5], "uv": [203, 21]},
						{"origin": [-15, 39.76474, 9.82892], "size": [5, 11, 3], "uv": [203, 21]}
					]
				},
				{
					"name": "cm29",
					"parent": "cm28",
					"pivot": [-12, 40.26474, 11.32892],
					"rotation": [0, 0, -30],
					"cubes": [
						{"origin": [-14, 28.76474, 8.82892], "size": [3, 11, 5], "uv": [203, 21]},
						{"origin": [-15, 28.76474, 9.82892], "size": [5, 11, 3], "uv": [203, 21]}
					]
				},
				{
					"name": "hand4",
					"parent": "cm29",
					"pivot": [-12, 29.26474, 11.32892],
					"rotation": [0.88045, 9.96156, -54.92327]
				},
				{
					"name": "long4",
					"parent": "hand4",
					"pivot": [-12, 40.26474, 11.32892],
					"cubes": [
						{"origin": [-17, 23.26474, 6.32892], "size": [9, 6, 10], "uv": [189, 231]},
						{"origin": [-16, 23.26474, 5.32892], "size": [7, 6, 12], "uv": [189, 231]},
						{"origin": [-18, 23.26474, 7.32892], "size": [11, 6, 8], "uv": [189, 231]},
						{"origin": [-19, 23.26474, 8.32892], "size": [13, 6, 6], "uv": [189, 231]}
					]
				},
				{
					"name": "bone4",
					"parent": "long4",
					"pivot": [-12, 40.26474, 11.32892],
					"cubes": [
						{"origin": [-16, 10.26474, 6.32892], "size": [8, 13, 10], "uv": [0, 0]},
						{"origin": [-15, 10.26474, 5.32892], "size": [6, 12, 12], "uv": [0, 0]},
						{"origin": [-14, 10.26474, 4.32892], "size": [4, 11, 14], "uv": [0, 0]}
					]
				},
				{
					"name": "dedo2",
					"parent": "hand4",
					"pivot": [-13, 11.26474, 15.32892],
					"rotation": [10, 0, 0],
					"cubes": [
						{"origin": [-15, 3.26474, 12.32892], "size": [4, 8, 6], "uv": [0, 0]},
						{"origin": [-16, 3.26474, 13.32892], "size": [6, 8, 4], "uv": [0, 0]}
					]
				},
				{
					"name": "dedo3",
					"parent": "dedo2",
					"pivot": [-12.5, 3.26474, 14.82892],
					"rotation": [0, 0, 5],
					"cubes": [
						{"origin": [-15, -4.73526, 12.32892], "size": [4, 8, 6], "uv": [0, 0]},
						{"origin": [-16, -4.73526, 13.32892], "size": [6, 8, 4], "uv": [0, 0]},
						{"origin": [-15, -18.73526, 13.32892], "size": [4, 22, 4], "uv": [0, 0]}
					]
				},
				{
					"name": "dedo4",
					"parent": "hand4",
					"pivot": [-13, 11.26474, 7.32892],
					"rotation": [-10, 0, 0],
					"cubes": [
						{"origin": [-15, 3.26474, 4.32892], "size": [4, 8, 6], "uv": [0, 0]},
						{"origin": [-16, 3.26474, 5.32892], "size": [6, 8, 4], "uv": [0, 0]}
					]
				},
				{
					"name": "dedo5",
					"parent": "dedo4",
					"pivot": [-12.5, 3.26474, 6.82892],
					"rotation": [0, 0, 5],
					"cubes": [
						{"origin": [-15, -4.73526, 4.32892], "size": [4, 8, 6], "uv": [0, 0]},
						{"origin": [-16, -4.73526, 5.32892], "size": [6, 8, 4], "uv": [0, 0]},
						{"origin": [-15, -16.73526, 5.32892], "size": [4, 20, 4], "uv": [0, 0]}
					]
				},
				{
					"name": "dedo6",
					"parent": "hand4",
					"pivot": [-13, 19.26474, 15.32892],
					"rotation": [50.31628, -35.06585, 1.95305],
					"cubes": [
						{"origin": [-15, 11.26474, 12.32892], "size": [4, 8, 6], "uv": [0, 0]},
						{"origin": [-16, 11.26474, 13.32892], "size": [6, 8, 4], "uv": [0, 0]}
					]
				},
				{
					"name": "dedo7",
					"parent": "dedo6",
					"pivot": [-12.5, 11.26474, 14.82892],
					"rotation": [0, 0, 5],
					"cubes": [
						{"origin": [-15, 3.26474, 12.32892], "size": [4, 8, 6], "uv": [0, 0]},
						{"origin": [-16, 3.26474, 13.32892], "size": [6, 8, 4], "uv": [0, 0]},
						{"origin": [-15, -14.73526, 13.32892], "size": [4, 26, 4], "uv": [0, 0]}
					]
				},
				{
					"name": "dedo8",
					"parent": "hand4",
					"pivot": [-13, 11.26474, 11.32892],
					"cubes": [
						{"origin": [-15, 3.26474, 8.32892], "size": [4, 8, 6], "uv": [0, 0]},
						{"origin": [-16, 3.26474, 9.32892], "size": [6, 8, 4], "uv": [0, 0]}
					]
				},
				{
					"name": "dedo25",
					"parent": "dedo8",
					"pivot": [-12.5, 3.26474, 10.82892],
					"rotation": [0, 0, 5],
					"cubes": [
						{"origin": [-15, -4.73526, 8.32892], "size": [4, 8, 6], "uv": [0, 0]},
						{"origin": [-16, -4.73526, 9.32892], "size": [6, 8, 4], "uv": [0, 0]},
						{"origin": [-15, -18.73526, 9.32892], "size": [4, 22, 4], "uv": [0, 0]}
					]
				},
				{
					"name": "part2",
					"parent": "mommylonglegs",
					"pivot": [0, 75, 30]
				},
				{
					"name": "falda",
					"parent": "part2",
					"pivot": [-1.5, 120.5, 35.5],
					"cubes": [
						{"origin": [-8, 79, 30], "size": [13, 41, 11], "uv": [45, 0]},
						{"origin": [-8, 79, 30], "size": [13, 41, 11], "pivot": [-1.5, 99.5, 32.5], "rotation": [0, 0, -90], "uv": [45, 0]},
						{"origin": [-8, 79, 30], "size": [13, 41, 11], "pivot": [-1.5, 99.5, 32.5], "rotation": [0, 0, -55], "uv": [45, 0]},
						{"origin": [-8, 79, 30], "size": [13, 41, 11], "pivot": [-1.5, 99.5, 32.5], "rotation": [0, 0, 35], "uv": [45, 0]},
						{"origin": [-8, 79, 30], "size": [13, 41, 11], "pivot": [-1.5, 99.5, 32.5], "rotation": [0, 0, 57.5], "uv": [45, 0]},
						{"origin": [-8, 79, 30], "size": [13, 41, 11], "pivot": [-1.5, 99.5, 32.5], "rotation": [0, 0, -27.5], "uv": [45, 0]}
					]
				},
				{
					"name": "falda2",
					"parent": "falda",
					"pivot": [-0.5, 99.5, 35.5],
					"rotation": [0, -90, 0],
					"cubes": [
						{"origin": [-7, 79, 30], "size": [13, 41, 11], "uv": [45, 0]},
						{"origin": [-7, 79, 30], "size": [13, 41, 11], "pivot": [-0.5, 99.5, 32.5], "rotation": [0, 0, -90], "uv": [45, 0]},
						{"origin": [-7, 79, 30], "size": [13, 41, 11], "pivot": [-0.5, 99.5, 32.5], "rotation": [0, 0, -55], "uv": [45, 0]},
						{"origin": [-7, 79, 30], "size": [13, 41, 11], "pivot": [-0.5, 99.5, 32.5], "rotation": [0, 0, 35], "uv": [45, 0]},
						{"origin": [-7, 79, 30], "size": [13, 41, 11], "pivot": [-0.5, 99.5, 32.5], "rotation": [0, 0, 57.5], "uv": [45, 0]},
						{"origin": [-7, 79, 30], "size": [13, 41, 11], "pivot": [-0.5, 99.5, 32.5], "rotation": [0, 0, -27.5], "uv": [45, 0]}
					]
				},
				{
					"name": "falda3",
					"parent": "falda",
					"pivot": [-1.5, 99.5, 35.5],
					"rotation": [0, -120, 0],
					"cubes": [
						{"origin": [-8, 79, 30], "size": [13, 41, 11], "uv": [45, 0]},
						{"origin": [-8, 79, 30], "size": [13, 41, 11], "pivot": [-1.5, 99.5, 32.5], "rotation": [0, 0, -90], "uv": [45, 0]},
						{"origin": [-8, 79, 30], "size": [13, 41, 11], "pivot": [-1.5, 99.5, 32.5], "rotation": [0, 0, -55], "uv": [45, 0]},
						{"origin": [-8, 79, 30], "size": [13, 41, 11], "pivot": [-1.5, 99.5, 32.5], "rotation": [0, 0, 35], "uv": [45, 0]},
						{"origin": [-8, 79, 30], "size": [13, 41, 11], "pivot": [-1.5, 99.5, 32.5], "rotation": [0, 0, 57.5], "uv": [45, 0]},
						{"origin": [-8, 79, 30], "size": [13, 41, 11], "pivot": [-1.5, 99.5, 32.5], "rotation": [0, 0, -27.5], "uv": [45, 0]}
					]
				},
				{
					"name": "falda5",
					"parent": "falda",
					"pivot": [-1.5, 99.5, 35.5],
					"rotation": [0, -62.5, 0],
					"cubes": [
						{"origin": [-8, 79, 30], "size": [13, 41, 11], "uv": [45, 0]},
						{"origin": [-8, 79, 30], "size": [13, 41, 11], "pivot": [-1.5, 99.5, 32.5], "rotation": [0, 0, -90], "uv": [45, 0]},
						{"origin": [-8, 79, 30], "size": [13, 41, 11], "pivot": [-1.5, 99.5, 32.5], "rotation": [0, 0, -55], "uv": [45, 0]},
						{"origin": [-8, 79, 30], "size": [13, 41, 11], "pivot": [-1.5, 99.5, 32.5], "rotation": [0, 0, 35], "uv": [45, 0]},
						{"origin": [-8, 79, 30], "size": [13, 41, 11], "pivot": [-1.5, 99.5, 32.5], "rotation": [0, 0, 57.5], "uv": [45, 0]},
						{"origin": [-8, 79, 30], "size": [13, 41, 11], "pivot": [-1.5, 99.5, 32.5], "rotation": [0, 0, -27.5], "uv": [45, 0]}
					]
				},
				{
					"name": "falda6",
					"parent": "falda",
					"pivot": [-1.5, 99.5, 35.5],
					"rotation": [0, -30, 0],
					"cubes": [
						{"origin": [-8, 79, 30], "size": [13, 41, 11], "uv": [45, 0]},
						{"origin": [-8, 79, 30], "size": [13, 41, 11], "pivot": [-1.5, 99.5, 32.5], "rotation": [0, 0, -90], "uv": [45, 0]},
						{"origin": [-8, 79, 30], "size": [13, 41, 11], "pivot": [-1.5, 99.5, 32.5], "rotation": [0, 0, -55], "uv": [45, 0]},
						{"origin": [-8, 79, 30], "size": [13, 41, 11], "pivot": [-1.5, 99.5, 32.5], "rotation": [0, 0, 35], "uv": [45, 0]},
						{"origin": [-8, 79, 30], "size": [13, 41, 11], "pivot": [-1.5, 99.5, 32.5], "rotation": [0, 0, 57.5], "uv": [45, 0]},
						{"origin": [-8, 79, 30], "size": [13, 41, 11], "pivot": [-1.5, 99.5, 32.5], "rotation": [0, 0, -27.5], "uv": [45, 0]}
					]
				},
				{
					"name": "falda4",
					"parent": "falda",
					"pivot": [-1.5, 99.5, 35.5],
					"rotation": [0, -150, 0],
					"cubes": [
						{"origin": [-8, 79, 30], "size": [13, 41, 11], "uv": [45, 0]},
						{"origin": [-8, 79, 30], "size": [13, 41, 11], "pivot": [-1.5, 99.5, 32.5], "rotation": [0, 0, -90], "uv": [45, 0]},
						{"origin": [-8, 79, 30], "size": [13, 41, 11], "pivot": [-1.5, 99.5, 32.5], "rotation": [0, 0, -55], "uv": [45, 0]},
						{"origin": [-8, 79, 30], "size": [13, 41, 11], "pivot": [-1.5, 99.5, 32.5], "rotation": [0, 0, 35], "uv": [45, 0]},
						{"origin": [-8, 79, 30], "size": [13, 41, 11], "pivot": [-1.5, 99.5, 32.5], "rotation": [0, 0, 57.5], "uv": [45, 0]},
						{"origin": [-8, 79, 30], "size": [13, 41, 11], "pivot": [-1.5, 99.5, 32.5], "rotation": [0, 0, -27.5], "uv": [45, 0]}
					]
				},
				{
					"name": "perna",
					"parent": "part2",
					"pivot": [7, 82, 36],
					"rotation": [0, 0, -105]
				},
				{
					"name": "cm30",
					"parent": "perna",
					"pivot": [7, 82.5, 35.5],
					"cubes": [
						{"origin": [5, 71, 33], "size": [3, 11, 5], "uv": [203, 21]},
						{"origin": [6, 78, 32], "size": [1, 1, 3], "uv": [66, 17]},
						{"origin": [4, 71, 34], "size": [5, 11, 3], "uv": [203, 21]}
					]
				},
				{
					"name": "cm31",
					"parent": "cm30",
					"pivot": [7, 71.5, 35.5],
					"cubes": [
						{"origin": [5, 60, 33], "size": [3, 11, 5], "uv": [203, 21]},
						{"origin": [4, 60, 34], "size": [5, 11, 3], "uv": [203, 21]}
					]
				},
				{
					"name": "cm32",
					"parent": "cm31",
					"pivot": [7, 60.5, 35.5],
					"cubes": [
						{"origin": [5, 49, 33], "size": [3, 11, 5], "uv": [203, 21]},
						{"origin": [4, 49, 34], "size": [5, 11, 3], "uv": [203, 21]}
					]
				},
				{
					"name": "cm33",
					"parent": "cm32",
					"pivot": [7, 49.5, 35.5],
					"rotation": [0, 0, 12.5],
					"cubes": [
						{"origin": [5, 38, 33], "size": [3, 11, 5], "uv": [203, 21]},
						{"origin": [4, 38, 34], "size": [5, 11, 3], "uv": [203, 21]}
					]
				},
				{
					"name": "cm34",
					"parent": "cm33",
					"pivot": [7, 38.5, 35.5],
					"rotation": [10.23772, 12.3071, 39.70462],
					"cubes": [
						{"origin": [5, 27, 33], "size": [3, 11, 5], "uv": [203, 21]},
						{"origin": [4, 27, 34], "size": [5, 11, 3], "uv": [203, 21]}
					]
				},
				{
					"name": "bx4",
					"parent": "cm34",
					"pivot": [7, 27.5, 35.5],
					"rotation": [0, 0, 40],
					"cubes": [
						{"origin": [5, 16, 33], "size": [3, 11, 5], "uv": [203, 21]},
						{"origin": [4, 16, 34], "size": [5, 11, 3], "uv": [203, 21]}
					]
				},
				{
					"name": "cm35",
					"parent": "bx4",
					"pivot": [7, 16.5, 35.5],
					"rotation": [15, 0, 17.5],
					"cubes": [
						{"origin": [5, 5, 33], "size": [3, 11, 5], "uv": [203, 21]},
						{"origin": [4, 5, 34], "size": [5, 11, 3], "uv": [203, 21]}
					]
				},
				{
					"name": "cm36",
					"parent": "cm35",
					"pivot": [7, 5.5, 35.5],
					"cubes": [
						{"origin": [5, -6, 33], "size": [3, 11, 5], "uv": [203, 21]},
						{"origin": [4, -6, 34], "size": [5, 11, 3], "uv": [203, 21]}
					]
				},
				{
					"name": "cm37",
					"parent": "cm36",
					"pivot": [7, -5.5, 35.5],
					"cubes": [
						{"origin": [5, -17, 33], "size": [3, 11, 5], "uv": [203, 21]},
						{"origin": [4, -17, 34], "size": [5, 11, 3], "uv": [203, 21]}
					]
				},
				{
					"name": "cm38",
					"parent": "cm37",
					"pivot": [7, -16.5, 35.5],
					"cubes": [
						{"origin": [5, -28, 33], "size": [3, 11, 5], "uv": [203, 21]},
						{"origin": [4, -28, 34], "size": [5, 11, 3], "uv": [203, 21]}
					]
				},
				{
					"name": "cm48",
					"parent": "cm38",
					"pivot": [7, -27.5, 35.5],
					"rotation": [-20, 0, 0],
					"cubes": [
						{"origin": [5, -39, 33], "size": [3, 11, 5], "uv": [203, 21]},
						{"origin": [4, -39, 34], "size": [5, 11, 3], "uv": [203, 21]}
					]
				},
				{
					"name": "sapato3",
					"parent": "cm48",
					"pivot": [7, -38.5, 35.5],
					"cubes": [
						{"origin": [3, -43.5, 31.5], "size": [7, 5, 8], "uv": [190, 219]},
						{"origin": [2, -43.5, 32.5], "size": [9, 5, 6], "uv": [190, 219]},
						{"origin": [1, -43.5, 33.5], "size": [11, 5, 4], "uv": [190, 219]},
						{"origin": [3, -54.5, 33.5], "size": [7, 11, 4], "uv": [190, 219]},
						{"origin": [2, -51.5, 32.5], "size": [9, 2, 7], "uv": [41, 11]},
						{"origin": [2, -56.5, 32.5], "size": [9, 2, 7], "uv": [41, 11]},
						{"origin": [4, -51.5, 31.5], "size": [5, 2, 9], "uv": [41, 11]},
						{"origin": [4, -56.5, 31.5], "size": [5, 2, 9], "uv": [41, 11]},
						{"origin": [4, -64.5, 39.5], "size": [5, 15, 1], "uv": [41, 11]},
						{"origin": [2, -64.5, 37.5], "size": [9, 15, 2], "uv": [41, 11]},
						{"origin": [1, -64.5, 33.5], "size": [2, 15, 4], "uv": [41, 11]},
						{"origin": [1, -64.5, 26.5], "size": [11, 9, 11], "uv": [41, 11]},
						{"origin": [0, -64.5, 22.5], "size": [13, 8, 5], "uv": [41, 11]},
						{"origin": [1, -64.5, 22.5], "size": [11, 10, 5], "uv": [41, 11]},
						{"origin": [3, -64.5, 22.5], "size": [7, 11, 5], "uv": [41, 11]},
						{"origin": [3, -64.5, 20.5], "size": [7, 10, 7], "uv": [41, 11]},
						{"origin": [1, -64.5, 20.5], "size": [11, 9, 2], "uv": [41, 11]},
						{"origin": [1, -64.5, 19.5], "size": [11, 7, 3], "uv": [41, 11]},
						{"origin": [0, -64.5, 21.5], "size": [13, 7, 1], "uv": [41, 11]},
						{"origin": [3, -64.5, 19.5], "size": [7, 9, 8], "uv": [41, 11]},
						{"origin": [3, -64.5, 18.5], "size": [7, 7, 9], "uv": [41, 11]},
						{"origin": [10, -64.5, 33.5], "size": [2, 15, 4], "uv": [41, 11]},
						{"origin": [4, -54.5, 32.5], "size": [5, 11, 6], "uv": [190, 219]},
						{"origin": [0, -42.5, 33.5], "size": [13, 3, 4], "uv": [190, 219]},
						{"origin": [4, -43.5, 30.5], "size": [5, 5, 10], "uv": [190, 219]},
						{"origin": [4, -42.5, 29.5], "size": [5, 3, 12], "uv": [190, 219]},
						{"origin": [3, -42.5, 30.5], "size": [7, 3, 10], "uv": [190, 219]},
						{"origin": [2, -42.5, 31.5], "size": [9, 3, 8], "uv": [190, 219]},
						{"origin": [1, -42.5, 32.5], "size": [11, 3, 6], "uv": [190, 219]}
					]
				},
				{
					"name": "perna2",
					"parent": "part2",
					"pivot": [-9, 82, 36],
					"rotation": [0, 0, 2.5]
				},
				{
					"name": "cm7",
					"parent": "perna2",
					"pivot": [-9, 82.5, 35.5],
					"rotation": [-25.43327, 47.2626, 82.62128],
					"cubes": [
						{"origin": [-11, 71, 33], "size": [3, 11, 5], "uv": [203, 21]},
						{"origin": [-10, 78, 32], "size": [1, 1, 3], "uv": [66, 17]},
						{"origin": [-12, 71, 34], "size": [5, 11, 3], "uv": [203, 21]}
					]
				},
				{
					"name": "cm8",
					"parent": "cm7",
					"pivot": [-9, 71.5, 35.5],
					"cubes": [
						{"origin": [-11, 60, 33], "size": [3, 11, 5], "uv": [203, 21]},
						{"origin": [-12, 60, 34], "size": [5, 11, 3], "uv": [203, 21]}
					]
				},
				{
					"name": "cm9",
					"parent": "cm8",
					"pivot": [-9, 60.5, 35.5],
					"cubes": [
						{"origin": [-11, 49, 33], "size": [3, 11, 5], "uv": [203, 21]},
						{"origin": [-12, 49, 34], "size": [5, 11, 3], "uv": [203, 21]}
					]
				},
				{
					"name": "cm10",
					"parent": "cm9",
					"pivot": [-9, 49.5, 35.5],
					"rotation": [30, 0, 0],
					"cubes": [
						{"origin": [-11, 38, 33], "size": [3, 11, 5], "uv": [203, 21]},
						{"origin": [-12, 38, 34], "size": [5, 11, 3], "uv": [203, 21]}
					]
				},
				{
					"name": "cm16",
					"parent": "cm10",
					"pivot": [-9, 38.5, 35.5],
					"rotation": [45, 0, 0],
					"cubes": [
						{"origin": [-11, 27, 33], "size": [3, 11, 5], "uv": [203, 21]},
						{"origin": [-12, 27, 34], "size": [5, 11, 3], "uv": [203, 21]}
					]
				},
				{
					"name": "bx6",
					"parent": "cm16",
					"pivot": [-9, 27.5, 35.5],
					"rotation": [36.02135, -31.1664, -69.97409],
					"cubes": [
						{"origin": [-11, 16, 33], "size": [3, 11, 5], "uv": [203, 21]},
						{"origin": [-12, 16, 34], "size": [5, 11, 3], "uv": [203, 21]}
					]
				},
				{
					"name": "cm2",
					"parent": "bx6",
					"pivot": [-9, 16.5, 35.5],
					"cubes": [
						{"origin": [-11, 5, 33], "size": [3, 11, 5], "uv": [203, 21]},
						{"origin": [-12, 5, 34], "size": [5, 11, 3], "uv": [203, 21]}
					]
				},
				{
					"name": "cm3",
					"parent": "cm2",
					"pivot": [-9, 5.5, 35.5],
					"rotation": [32.5, 0, 0],
					"cubes": [
						{"origin": [-11, -6, 33], "size": [3, 11, 5], "uv": [203, 21]},
						{"origin": [-12, -6, 34], "size": [5, 11, 3], "uv": [203, 21]}
					]
				},
				{
					"name": "cm4",
					"parent": "cm3",
					"pivot": [-9, -5.5, 35.5],
					"cubes": [
						{"origin": [-11, -17, 33], "size": [3, 11, 5], "uv": [203, 21]},
						{"origin": [-12, -17, 34], "size": [5, 11, 3], "uv": [203, 21]}
					]
				},
				{
					"name": "cm5",
					"parent": "cm4",
					"pivot": [-9, -16.5, 35.5],
					"rotation": [35, 0, 12.5],
					"cubes": [
						{"origin": [-11, -28, 33], "size": [3, 11, 5], "uv": [203, 21]},
						{"origin": [-12, -28, 34], "size": [5, 11, 3], "uv": [203, 21]}
					]
				},
				{
					"name": "cm6",
					"parent": "cm5",
					"pivot": [-9, -27.5, 35.5],
					"rotation": [-70, 0, 0],
					"cubes": [
						{"origin": [-11, -39, 33], "size": [3, 11, 5], "uv": [203, 21]},
						{"origin": [-12, -39, 34], "size": [5, 11, 3], "uv": [203, 21]}
					]
				},
				{
					"name": "sapato4",
					"parent": "cm6",
					"pivot": [-9, -38.5, 35.5],
					"cubes": [
						{"origin": [-13, -43.5, 31.5], "size": [7, 5, 8], "uv": [190, 219]},
						{"origin": [-14, -43.5, 32.5], "size": [9, 5, 6], "uv": [190, 219]},
						{"origin": [-15, -43.5, 33.5], "size": [11, 5, 4], "uv": [190, 219]},
						{"origin": [-13, -54.5, 33.5], "size": [7, 11, 4], "uv": [190, 219]},
						{"origin": [-14, -51.5, 32.5], "size": [9, 2, 7], "uv": [41, 11]},
						{"origin": [-14, -56.5, 32.5], "size": [9, 2, 7], "uv": [41, 11]},
						{"origin": [-12, -51.5, 31.5], "size": [5, 2, 9], "uv": [41, 11]},
						{"origin": [-12, -56.5, 31.5], "size": [5, 2, 9], "uv": [41, 11]},
						{"origin": [-12, -64.5, 39.5], "size": [5, 15, 1], "uv": [41, 11]},
						{"origin": [-14, -64.5, 37.5], "size": [9, 15, 2], "uv": [41, 11]},
						{"origin": [-15, -64.5, 33.5], "size": [2, 15, 4], "uv": [41, 11]},
						{"origin": [-15, -64.5, 26.5], "size": [11, 9, 11], "uv": [41, 11]},
						{"origin": [-16, -64.5, 22.5], "size": [13, 8, 5], "uv": [41, 11]},
						{"origin": [-15, -64.5, 22.5], "size": [11, 10, 5], "uv": [41, 11]},
						{"origin": [-13, -64.5, 22.5], "size": [7, 11, 5], "uv": [41, 11]},
						{"origin": [-13, -64.5, 20.5], "size": [7, 10, 7], "uv": [41, 11]},
						{"origin": [-15, -64.5, 20.5], "size": [11, 9, 2], "uv": [41, 11]},
						{"origin": [-15, -64.5, 19.5], "size": [11, 7, 3], "uv": [41, 11]},
						{"origin": [-16, -64.5, 21.5], "size": [13, 7, 1], "uv": [41, 11]},
						{"origin": [-13, -64.5, 19.5], "size": [7, 9, 8], "uv": [41, 11]},
						{"origin": [-13, -64.5, 18.5], "size": [7, 7, 9], "uv": [41, 11]},
						{"origin": [-6, -64.5, 33.5], "size": [2, 15, 4], "uv": [41, 11]},
						{"origin": [-12, -54.5, 32.5], "size": [5, 11, 6], "uv": [190, 219]},
						{"origin": [-16, -42.5, 33.5], "size": [13, 3, 4], "uv": [190, 219]},
						{"origin": [-12, -43.5, 30.5], "size": [5, 5, 10], "uv": [190, 219]},
						{"origin": [-12, -42.5, 29.5], "size": [5, 3, 12], "uv": [190, 219]},
						{"origin": [-13, -42.5, 30.5], "size": [7, 3, 10], "uv": [190, 219]},
						{"origin": [-14, -42.5, 31.5], "size": [9, 3, 8], "uv": [190, 219]},
						{"origin": [-15, -42.5, 32.5], "size": [11, 3, 6], "uv": [190, 219]}
					]
				}
			]
		}
	]
}