{
	"format_version": "1.12.0",
	"minecraft:geometry": [
		{
			"description": {
				"identifier": "geometry.mommys",
				"texture_width": 260,
				"texture_height": 260,
				"visible_bounds_width": 21,
				"visible_bounds_height": 28,
				"visible_bounds_offset": [0, 13, 0]
			},
			"bones": [
				{
					"name": "mommylonglegs",
					"pivot": [0, 358, 30]
				},
				{
					"name": "part1",
					"parent": "mommylonglegs",
					"pivot": [-1, 380, 19],
					"rotation": [100, 0, 0]
				},
				{
					"name": "brao",
					"parent": "part1",
					"pivot": [10, 430.76474, 11.82892],
					"rotation": [0, 55, -87.5]
				},
				{
					"name": "cm39",
					"parent": "brao",
					"pivot": [10, 431.26474, 11.32892],
					"cubes": [
						{"origin": [8, 419.76474, 8.82892], "size": [3, 11, 5], "uv": [203, 21]},
						{"origin": [9, 426.76474, 7.82892], "size": [1, 1, 3], "uv": [66, 17]},
						{"origin": [7, 419.76474, 9.82892], "size": [5, 11, 3], "uv": [203, 21]}
					]
				},
				{
					"name": "cm40",
					"parent": "cm39",
					"pivot": [10, 420.26474, 11.32892],
					"cubes": [
						{"origin": [8, 408.76474, 8.82892], "size": [3, 11, 5], "uv": [203, 21]},
						{"origin": [7, 408.76474, 9.82892], "size": [5, 11, 3], "uv": [203, 21]}
					]
				},
				{
					"name": "cm41",
					"parent": "cm40",
					"pivot": [10, 409.26474, 11.32892],
					"rotation": [0, 0, -20],
					"cubes": [
						{"origin": [8, 397.76474, 8.82892], "size": [3, 11, 5], "uv": [203, 21]},
						{"origin": [7, 397.76474, 9.82892], "size": [5, 11, 3], "uv": [203, 21]}
					]
				},
				{
					"name": "cm42",
					"parent": "cm41",
					"pivot": [10, 398.26474, 11.32892],
					"rotation": [0, 0, -35],
					"cubes": [
						{"origin": [8, 386.76474, 8.82892], "size": [3, 11, 5], "uv": [203, 21]},
						{"origin": [7, 386.76474, 9.82892], "size": [5, 11, 3], "uv": [203, 21]}
					]
				},
				{
					"name": "cm43",
					"parent": "cm42",
					"pivot": [10, 387.26474, 11.32892],
					"cubes": [
						{"origin": [8, 375.76474, 8.82892], "size": [3, 11, 5], "uv": [203, 21]},
						{"origin": [7, 375.76474, 9.82892], "size": [5, 11, 3], "uv": [203, 21]}
					]
				},
				{
					"name": "bx5",
					"parent": "cm43",
					"pivot": [10, 376.26474, 11.32892],
					"rotation": [0, 0, 5],
					"cubes": [
						{"origin": [8, 364.76474, 8.82892], "size": [3, 11, 5], "uv": [203, 21]},
						{"origin": [7, 364.76474, 9.82892], "size": [5, 11, 3], "uv": [203, 21]}
					]
				},
				{
					"name": "cm44",
					"parent": "bx5",
					"pivot": [10, 365.26474, 11.32892],
					"rotation": [-13.64973, 6.27967, 1.74769],
					"cubes": [
						{"origin": [8, 353.76474, 8.82892], "size": [3, 11, 5], "uv": [203, 21]},
						{"origin": [7, 353.76474, 9.82892], "size": [5, 11, 3], "uv": [203, 21]}
					]
				},
				{
					"name": "cm45",
					"parent": "cm44",
					"pivot": [10, 354.26474, 11.32892],
					"rotation": [-12.5, 0, -22.5],
					"cubes": [
						{"origin": [8, 342.76474, 8.82892], "size": [3, 11, 5], "uv": [203, 21]},
						{"origin": [7, 342.76474, 9.82892], "size": [5, 11, 3], "uv": [203, 21]}
					]
				},
				{
					"name": "cm46",
					"parent": "cm45",
					"pivot": [10, 343.26474, 11.32892],
					"rotation": [-12.5, 0, -32.5],
					"cubes": [
						{"origin": [8, 331.76474, 8.82892], "size": [3, 11, 5], "uv": [203, 21]},
						{"origin": [7, 331.76474, 9.82892], "size": [5, 11, 3], "uv": [203, 21]}
					]
				},
				{
					"name": "cm47",
					"parent": "cm46",
					"pivot": [10, 332.26474, 11.32892],
					"rotation": [29.92968, -55.37681, -66.75198],
					"cubes": [
						{"origin": [8, 320.76474, 8.82892], "size": [3, 11, 5], "uv": [203, 21]},
						{"origin": [7, 320.76474, 9.82892], "size": [5, 11, 3], "uv": [203, 21]}
					]
				},
				{
					"name": "hand3",
					"parent": "cm47",
					"pivot": [10, 321.26474, 11.32892],
					"rotation": [-2.72862, 52.44677, -54.64863]
				},
				{
					"name": "long3",
					"parent": "hand3",
					"pivot": [10, 332.26474, 11.32892],
					"cubes": [
						{"origin": [5, 315.26474, 6.32892], "size": [9, 6, 10], "uv": [189, 231]},
						{"origin": [6, 315.26474, 5.32892], "size": [7, 6, 12], "uv": [189, 231]},
						{"origin": [4, 315.26474, 7.32892], "size": [11, 6, 8], "uv": [189, 231]},
						{"origin": [3, 315.26474, 8.32892], "size": [13, 6, 6], "uv": [189, 231]}
					]
				},
				{
					"name": "bone3",
					"parent": "long3",
					"pivot": [10, 332.26474, 11.32892],
					"cubes": [
						{"origin": [6, 302.26474, 6.32892], "size": [8, 13, 10], "uv": [0, 0]},
						{"origin": [7, 302.26474, 5.32892], "size": [6, 12, 12], "uv": [0, 0]},
						{"origin": [8, 302.26474, 4.32892], "size": [4, 11, 14], "uv": [0, 0]}
					]
				},
				{
					"name": "dedo17",
					"parent": "hand3",
					"pivot": [9, 303.26474, 15.32892],
					"rotation": [10, 0, 0],
					"cubes": [
						{"origin": [7, 295.26474, 12.32892], "size": [4, 8, 6], "uv": [0, 0]},
						{"origin": [6, 295.26474, 13.32892], "size": [6, 8, 4], "uv": [0, 0]}
					]
				},
				{
					"name": "dedo18",
					"parent": "dedo17",
					"pivot": [9.5, 295.26474, 14.82892],
					"rotation": [0, 0, 5],
					"cubes": [
						{"origin": [7, 287.26474, 12.32892], "size": [4, 8, 6], "uv": [0, 0]},
						{"origin": [6, 287.26474, 13.32892], "size": [6, 8, 4], "uv": [0, 0]},
						{"origin": [7, 286.26474, 13.32892], "size": [4, 9, 4], "uv": [0, 0]}
					]
				},
				{
					"name": "dedo19",
					"parent": "hand3",
					"pivot": [9, 303.26474, 7.32892],
					"rotation": [-10, 0, 0],
					"cubes": [
						{"origin": [7, 295.26474, 4.32892], "size": [4, 8, 6], "uv": [0, 0]},
						{"origin": [6, 295.26474, 5.32892], "size": [6, 8, 4], "uv": [0, 0]}
					]
				},
				{
					"name": "dedo20",
					"parent": "dedo19",
					"pivot": [9.5, 295.26474, 6.82892],
					"rotation": [0, 0, 5],
					"cubes": [
						{"origin": [7, 287.26474, 4.32892], "size": [4, 8, 6], "uv": [0, 0]},
						{"origin": [6, 287.26474, 5.32892], "size": [6, 8, 4], "uv": [0, 0]},
						{"origin": [7, 286.26474, 5.32892], "size": [4, 9, 4], "uv": [0, 0]}
					]
				},
				{
					"name": "dedo21",
					"parent": "hand3",
					"pivot": [9, 309.26474, 7.32892],
					"rotation": [-47.32109, 32.74556, -7.68959],
					"cubes": [
						{"origin": [7, 301.26474, 4.32892], "size": [4, 8, 6], "uv": [0, 0]},
						{"origin": [6, 301.26474, 5.32892], "size": [6, 8, 4], "uv": [0, 0]}
					]
				},
				{
					"name": "dedo22",
					"parent": "dedo21",
					"pivot": [9.5, 301.26474, 6.82892],
					"rotation": [0, 0, 5],
					"cubes": [
						{"origin": [7, 293.26474, 4.32892], "size": [4, 8, 6], "uv": [0, 0]},
						{"origin": [6, 293.26474, 5.32892], "size": [6, 8, 4], "uv": [0, 0]},
						{"origin": [7, 292.26474, 5.32892], "size": [4, 9, 4], "uv": [0, 0]}
					]
				},
				{
					"name": "dedo23",
					"parent": "hand3",
					"pivot": [9, 303.26474, 11.32892],
					"cubes": [
						{"origin": [7, 295.26474, 8.32892], "size": [4, 8, 6], "uv": [0, 0]},
						{"origin": [6, 295.26474, 9.32892], "size": [6, 8, 4], "uv": [0, 0]}
					]
				},
				{
					"name": "dedo24",
					"parent": "dedo23",
					"pivot": [9.5, 295.26474, 10.82892],
					"rotation": [0, 0, 5],
					"cubes": [
						{"origin": [7, 287.26474, 8.32892], "size": [4, 8, 6], "uv": [0, 0]},
						{"origin": [6, 287.26474, 9.32892], "size": [6, 8, 4], "uv": [0, 0]},
						{"origin": [7, 286.26474, 9.32892], "size": [4, 9, 4], "uv": [0, 0]}
					]
				},
				{
					"name": "brao2",
					"parent": "part1",
					"pivot": [-12, 428.76474, 11.82892],
					"rotation": [180, 0, -157.5]
				},
				{
					"name": "cm21",
					"parent": "brao2",
					"pivot": [-12, 429.26474, 11.32892],
					"rotation": [-12.5, 0, -67.5],
					"cubes": [
						{"origin": [-14, 417.76474, 8.82892], "size": [3, 11, 5], "uv": [203, 21]},
						{"origin": [-13, 424.76474, 7.82892], "size": [1, 1, 3], "uv": [66, 17]},
						{"origin": [-15, 417.76474, 9.82892], "size": [5, 11, 3], "uv": [203, 21]}
					]
				},
				{
					"name": "cm22",
					"parent": "cm21",
					"pivot": [-12, 418.26474, 11.32892],
					"cubes": [
						{"origin": [-14, 406.76474, 8.82892], "size": [3, 11, 5], "uv": [203, 21]},
						{"origin": [-15, 406.76474, 9.82892], "size": [5, 11, 3], "uv": [203, 21]}
					]
				},
				{
					"name": "cm23",
					"parent": "cm22",
					"pivot": [-12, 407.26474, 11.32892],
					"cubes": [
						{"origin": [-14, 395.76474, 8.82892], "size": [3, 11, 5], "uv": [203, 21]},
						{"origin": [-15, 395.76474, 9.82892], "size": [5, 11, 3], "uv": [203, 21]}
					]
				},
				{
					"name": "cm24",
					"parent": "cm23",
					"pivot": [-12, 396.26474, 11.32892],
					"rotation": [12.5, 0, 0],
					"cubes": [
						{"origin": [-14, 384.76474, 8.82892], "size": [3, 11, 5], "uv": [203, 21]},
						{"origin": [-15, 384.76474, 9.82892], "size": [5, 11, 3], "uv": [203, 21]}
					]
				},
				{
					"name": "cm25",
					"parent": "cm24",
					"pivot": [-12, 385.26474, 11.32892],
					"rotation": [52.5, 0, 0],
					"cubes": [
						{"origin": [-14, 373.76474, 8.82892], "size": [3, 11, 5], "uv": [203, 21]},
						{"origin": [-15, 373.76474, 9.82892], "size": [5, 11, 3], "uv": [203, 21]}
					]
				},
				{
					"name": "bx3",
					"parent": "cm25",
					"pivot": [-12, 374.26474, 11.32892],
					"rotation": [22.5, -30, -17.5],
					"cubes": [
						{"origin": [-14, 362.76474, 8.82892], "size": [3, 11, 5], "uv": [203, 21]},
						{"origin": [-15, 362.76474, 9.82892], "size": [5, 11, 3], "uv": [203, 21]}
					]
				},
				{
					"name": "cm26",
					"parent": "bx3",
					"pivot": [-12, 363.26474, 11.32892],
					"cubes": [
						{"origin": [-14, 351.76474, 8.82892], "size": [3, 11, 5], "uv": [203, 21]},
						{"origin": [-15, 351.76474, 9.82892], "size": [5, 11, 3], "uv": [203, 21]}
					]
				},
				{
					"name": "cm27",
					"parent": "cm26",
					"pivot": [-12, 352.26474, 11.32892],
					"rotation": [0, 0, -12.5],
					"cubes": [
						{"origin": [-14, 340.76474, 8.82892], "size": [3, 11, 5], "uv": [203, 21]},
						{"origin": [-15, 340.76474, 9.82892], "size": [5, 11, 3], "uv": [203, 21]}
					]
				},
				{
					"name": "cm28",
					"parent": "cm27",
					"pivot": [-12, 341.26474, 11.32892],
					"rotation": [0, 0, -5],
					"cubes": [
						{"origin": [-14, 329.76474, 8.82892], "size": [3, 11, 5], "uv": [203, 21]},
						{"origin": [-15, 329.76474, 9.82892], "size": [5, 11, 3], "uv": [203, 21]}
					]
				},
				{
					"name": "cm29",
					"parent": "cm28",
					"pivot": [-12, 330.26474, 11.32892],
					"rotation": [0, 0, -30],
					"cubes": [
						{"origin": [-14, 318.76474, 8.82892], "size": [3, 11, 5], "uv": [203, 21]},
						{"origin": [-15, 318.76474, 9.82892], "size": [5, 11, 3], "uv": [203, 21]}
					]
				},
				{
					"name": "hand4",
					"parent": "cm29",
					"pivot": [-12, 319.26474, 11.32892],
					"rotation": [0.88045, 9.96156, -54.92327]
				},
				{
					"name": "long4",
					"parent": "hand4",
					"pivot": [-12, 330.26474, 11.32892],
					"cubes": [
						{"origin": [-17, 313.26474, 6.32892], "size": [9, 6, 10], "uv": [189, 231]},
						{"origin": [-16, 313.26474, 5.32892], "size": [7, 6, 12], "uv": [189, 231]},
						{"origin": [-18, 313.26474, 7.32892], "size": [11, 6, 8], "uv": [189, 231]},
						{"origin": [-19, 313.26474, 8.32892], "size": [13, 6, 6], "uv": [189, 231]}
					]
				},
				{
					"name": "bone4",
					"parent": "long4",
					"pivot": [-12, 330.26474, 11.32892],
					"cubes": [
						{"origin": [-16, 300.26474, 6.32892], "size": [8, 13, 10], "uv": [0, 0]},
						{"origin": [-15, 300.26474, 5.32892], "size": [6, 12, 12], "uv": [0, 0]},
						{"origin": [-14, 300.26474, 4.32892], "size": [4, 11, 14], "uv": [0, 0]}
					]
				},
				{
					"name": "dedo2",
					"parent": "hand4",
					"pivot": [-13, 301.26474, 15.32892],
					"rotation": [10, 0, 0],
					"cubes": [
						{"origin": [-15, 293.26474, 12.32892], "size": [4, 8, 6], "uv": [0, 0]},
						{"origin": [-16, 293.26474, 13.32892], "size": [6, 8, 4], "uv": [0, 0]}
					]
				},
				{
					"name": "dedo3",
					"parent": "dedo2",
					"pivot": [-12.5, 293.26474, 14.82892],
					"rotation": [0, 0, 5],
					"cubes": [
						{"origin": [-15, 285.26474, 12.32892], "size": [4, 8, 6], "uv": [0, 0]},
						{"origin": [-16, 285.26474, 13.32892], "size": [6, 8, 4], "uv": [0, 0]},
						{"origin": [-15, 284.26474, 13.32892], "size": [4, 9, 4], "uv": [0, 0]}
					]
				},
				{
					"name": "dedo4",
					"parent": "hand4",
					"pivot": [-13, 301.26474, 7.32892],
					"rotation": [-10, 0, 0],
					"cubes": [
						{"origin": [-15, 293.26474, 4.32892], "size": [4, 8, 6], "uv": [0, 0]},
						{"origin": [-16, 293.26474, 5.32892], "size": [6, 8, 4], "uv": [0, 0]}
					]
				},
				{
					"name": "dedo5",
					"parent": "dedo4",
					"pivot": [-12.5, 293.26474, 6.82892],
					"rotation": [0, 0, 5],
					"cubes": [
						{"origin": [-15, 285.26474, 4.32892], "size": [4, 8, 6], "uv": [0, 0]},
						{"origin": [-16, 285.26474, 5.32892], "size": [6, 8, 4], "uv": [0, 0]},
						{"origin": [-15, 284.26474, 5.32892], "size": [4, 9, 4], "uv": [0, 0]}
					]
				},
				{
					"name": "dedo6",
					"parent": "hand4",
					"pivot": [-13, 309.26474, 15.32892],
					"rotation": [50.31628, -35.06585, 1.95305],
					"cubes": [
						{"origin": [-15, 301.26474, 12.32892], "size": [4, 8, 6], "uv": [0, 0]},
						{"origin": [-16, 301.26474, 13.32892], "size": [6, 8, 4], "uv": [0, 0]}
					]
				},
				{
					"name": "dedo7",
					"parent": "dedo6",
					"pivot": [-12.5, 301.26474, 14.82892],
					"rotation": [0, 0, 5],
					"cubes": [
						{"origin": [-15, 293.26474, 12.32892], "size": [4, 8, 6], "uv": [0, 0]},
						{"origin": [-16, 293.26474, 13.32892], "size": [6, 8, 4], "uv": [0, 0]},
						{"origin": [-15, 292.26474, 13.32892], "size": [4, 9, 4], "uv": [0, 0]}
					]
				},
				{
					"name": "dedo8",
					"parent": "hand4",
					"pivot": [-13, 301.26474, 11.32892],
					"cubes": [
						{"origin": [-15, 293.26474, 8.32892], "size": [4, 8, 6], "uv": [0, 0]},
						{"origin": [-16, 293.26474, 9.32892], "size": [6, 8, 4], "uv": [0, 0]}
					]
				},
				{
					"name": "dedo25",
					"parent": "dedo8",
					"pivot": [-12.5, 293.26474, 10.82892],
					"rotation": [0, 0, 5],
					"cubes": [
						{"origin": [-15, 285.26474, 8.32892], "size": [4, 8, 6], "uv": [0, 0]},
						{"origin": [-16, 285.26474, 9.32892], "size": [6, 8, 4], "uv": [0, 0]},
						{"origin": [-15, 284.26474, 9.32892], "size": [4, 9, 4], "uv": [0, 0]}
					]
				},
				{
					"name": "corpo",
					"parent": "part1",
					"pivot": [0, 380.76474, 17.82892]
				},
				{
					"name": "pescoso",
					"parent": "corpo",
					"pivot": [-1.5, 434.01474, 10.32892],
					"cubes": [
						{"origin": [-3, 433.76474, 9.82892], "size": [3, 14, 3], "uv": [197, 0]}
					]
				},
				{
					"name": "pescoso2",
					"parent": "pescoso",
					"pivot": [-1.5, 447.01474, 10.32892],
					"cubes": [
						{"origin": [-3, 447.76474, 9.82892], "size": [3, 14, 3], "uv": [197, 0]}
					]
				},
				{
					"name": "pescoso3",
					"parent": "pescoso2",
					"pivot": [-1.5, 462.01474, 10.32892],
					"cubes": [
						{"origin": [-3, 461.76474, 9.82892], "size": [3, 14, 3], "uv": [197, 0]}
					]
				},
				{
					"name": "pescoso4",
					"parent": "pescoso3",
					"pivot": [-1.5, 475.01474, 10.32892],
					"cubes": [
						{"origin": [-3, 475.76474, 9.82892], "size": [3, 14, 3], "uv": [197, 0]}
					]
				},
				{
					"name": "cap",
					"parent": "corpo",
					"pivot": [0, 358.76474, 5.82892],
					"cubes": [
						{"origin": [0, 433.76474, 6.82892], "size": [2, 2, 6], "uv": [187, 219]},
						{"origin": [-5, 433.76474, 6.82892], "size": [2, 2, 6], "uv": [187, 219]},
						{"origin": [-4, 430.76474, 2.82892], "size": [5, 2, 2], "uv": [191, 11]},
						{"origin": [-4, 427.76474, 0.82892], "size": [5, 3, 2], "uv": [191, 11]},
						{"origin": [-4, 423.76474, -0.17108], "size": [5, 4, 2], "uv": [191, 11]},
						{"origin": [-4, 420.76474, -1.17108], "size": [5, 3, 2], "uv": [61, 28]},
						{"origin": [-1, 420.76474, -1.17108], "size": [2, 4, 2], "uv": [61, 28]},
						{"origin": [-4, 420.76474, -1.17108], "size": [2, 4, 2], "uv": [61, 28]},
						{"origin": [1, 420.76474, -0.17108], "size": [3, 5, 2], "uv": [61, 28]},
						{"origin": [-7, 420.76474, -0.17108], "size": [3, 5, 2], "uv": [61, 28]},
						{"origin": [1, 424.76474, 0.82892], "size": [3, 4, 2], "uv": [197, 20]},
						{"origin": [-7, 424.76474, 0.82892], "size": [3, 4, 2], "uv": [197, 20]},
						{"origin": [1, 427.76474, 1.82892], "size": [3, 3, 2], "uv": [197, 20]},
						{"origin": [-7, 427.76474, 1.82892], "size": [3, 3, 2], "uv": [197, 20]},
						{"origin": [1, 429.76474, 3.82892], "size": [6, 3, 2], "uv": [197, 20]},
						{"origin": [-10, 429.76474, 3.82892], "size": [6, 3, 2], "uv": [197, 20]},
						{"origin": [1, 429.76474, 4.82892], "size": [8, 5, 2], "uv": [197, 20]},
						{"origin": [-12, 429.76474, 4.82892], "size": [8, 5, 2], "uv": [197, 20]},
						{"origin": [4, 427.76474, 2.82892], "size": [3, 3, 2], "uv": [197, 20]},
						{"origin": [-10, 427.76474, 2.82892], "size": [3, 3, 2], "uv": [197, 20]},
						{"origin": [7, 427.76474, 3.82892], "size": [2, 3, 2], "uv": [197, 20]},
						{"origin": [-12, 427.76474, 3.82892], "size": [2, 3, 2], "uv": [197, 20]},
						{"origin": [4, 425.76474, 1.82892], "size": [3, 3, 2], "uv": [197, 20]},
						{"origin": [-10, 425.76474, 1.82892], "size": [3, 3, 2], "uv": [197, 20]},
						{"origin": [7, 424.76474, 2.82892], "size": [2, 4, 2], "uv": [197, 20]},
						{"origin": [-12, 424.76474, 2.82892], "size": [2, 4, 2], "uv": [197, 20]},
						{"origin": [9, 424.76474, 4.82892], "size": [2, 7, 2], "uv": [197, 20]},
						{"origin": [-14, 424.76474, 4.82892], "size": [2, 7, 2], "uv": [197, 20]},
						{"origin": [1, 417.76474, 0.82892], "size": [3, 3, 2], "uv": [61, 28]},
						{"origin": [-7, 417.76474, 0.82892], "size": [3, 3, 2], "uv": [61, 28]},
						{"origin": [1, 414.76474, 2.82892], "size": [3, 3, 2], "uv": [61, 28]},
						{"origin": [-7, 414.76474, 2.82892], "size": [3, 3, 2], "uv": [61, 28]},
						{"origin": [1, 411.76474, 4.82892], "size": [3, 3, 2], "uv": [61, 28]},
						{"origin": [-7, 411.76474, 4.82892], "size": [3, 3, 2], "uv": [61, 28]},
						{"origin": [4, 414.76474, 4.82892], "size": [2, 3, 2], "uv": [61, 28]},
						{"origin": [-9, 414.76474, 4.82892], "size": [2, 3, 2], "uv": [61, 28]},
						{"origin": [6, 417.76474, 4.82892], "size": [2, 3, 2], "uv": [61, 28]},
						{"origin": [-11, 417.76474, 4.82892], "size": [2, 3, 2], "uv": [61, 28]},
						{"origin": [4, 417.76474, 2.82892], "size": [3, 3, 2], "uv": [61, 28]},
						{"origin": [-10, 417.76474, 2.82892], "size": [3, 3, 2], "uv": [61, 28]},
						{"origin": [4, 420.76474, 0.82892], "size": [2, 5, 2], "uv": [61, 28]},
						{"origin": [-9, 420.76474, 0.82892], "size": [2, 5, 2], "uv": [61, 28]},
						{"origin": [6, 420.76474, 1.82892], "size": [2, 5, 2], "uv": [61, 28]},
						{"origin": [-11, 420.76474, 1.82892], "size": [2, 5, 2], "uv": [61, 28]},
						{"origin": [7, 420.76474, 2.82892], "size": [2, 4, 2], "uv": [61, 28]},
						{"origin": [-12, 420.76474, 2.82892], "size": [2, 4, 2], "uv": [61, 28]},
						{"origin": [8, 420.76474, 4.82892], "size": [2, 4, 2], "uv": [61, 28]},
						{"origin": [-13, 420.76474, 4.82892], "size": [2, 4, 2], "uv": [61, 28]},
						{"origin": [-4, 417.76474, -0.17108], "size": [5, 3, 2], "uv": [61, 28]},
						{"origin": [-4, 414.76474, 1.82892], "size": [5, 3, 2], "uv": [61, 28]},
						{"origin": [-4, 411.76474, 3.82892], "size": [5, 3, 2], "uv": [61, 28]},
						{"origin": [-4, 408.76474, 5.82892], "size": [5, 3, 2], "uv": [61, 28]},
						{"origin": [-4, 432.76474, 4.82892], "size": [5, 2, 2], "uv": [187, 219]},
						{"origin": [2, 434.76474, 6.82892], "size": [5, 2, 6], "uv": [184, 25]},
						{"origin": [-10, 434.76474, 6.82892], "size": [5, 2, 6], "uv": [184, 25]},
						{"origin": [7, 433.76474, 6.82892], "size": [2, 2, 6], "uv": [184, 25]},
						{"origin": [-12, 433.76474, 6.82892], "size": [2, 2, 6], "uv": [184, 25]},
						{"origin": [8, 432.76474, 6.82892], "size": [2, 2, 6], "uv": [184, 25]},
						{"origin": [-13, 432.76474, 6.82892], "size": [2, 2, 6], "uv": [184, 25]},
						{"origin": [9, 431.76474, 6.82892], "size": [2, 2, 6], "uv": [184, 25]},
						{"origin": [-14, 431.76474, 6.82892], "size": [2, 2, 6], "uv": [184, 25]},
						{"origin": [10, 423.76474, 6.82892], "size": [2, 8, 6], "uv": [184, 25]},
						{"origin": [-15, 423.76474, 6.82892], "size": [2, 8, 6], "uv": [184, 25]},
						{"origin": [9, 420.76474, 6.82892], "size": [2, 3, 6], "uv": [51, 23]},
						{"origin": [-14, 420.76474, 6.82892], "size": [2, 3, 6], "uv": [51, 23]},
						{"origin": [7, 417.76474, 6.82892], "size": [2, 3, 6], "uv": [51, 23]},
						{"origin": [-12, 417.76474, 6.82892], "size": [2, 3, 6], "uv": [51, 23]},
						{"origin": [5, 414.76474, 6.82892], "size": [2, 3, 6], "uv": [51, 23]},
						{"origin": [-10, 414.76474, 6.82892], "size": [2, 3, 6], "uv": [51, 23]},
						{"origin": [3, 411.76474, 6.82892], "size": [2, 3, 6], "uv": [51, 23]},
						{"origin": [-8, 411.76474, 6.82892], "size": [2, 3, 6], "uv": [51, 23]},
						{"origin": [1, 408.76474, 6.82892], "size": [2, 3, 6], "uv": [51, 23]},
						{"origin": [-6, 408.76474, 6.82892], "size": [2, 3, 6], "uv": [51, 23]},
						{"origin": [-4, 407.76474, 6.82892], "size": [5, 2, 6], "uv": [51, 23]}
					]
				},
				{
					"name": "corpo2",
					"parent": "cap",
					"pivot": [-1.5, 424.00798, 9.54514],
					"rotation": [0, 180, 0],
					"cubes": [
						{"origin": [0, 433.76474, 3.82892], "size": [2, 2, 6], "uv": [187, 219]},
						{"origin": [-5, 433.76474, 3.82892], "size": [2, 2, 6], "uv": [187, 219]},
						{"origin": [-4, 430.76474, -0.17108], "size": [5, 2, 2], "uv": [191, 11]},
						{"origin": [-4, 427.76474, -2.17108], "size": [5, 3, 2], "uv": [191, 11]},
						{"origin": [-4, 423.76474, -3.17108], "size": [5, 4, 2], "uv": [191, 11]},
						{"origin": [-4, 420.76474, -4.17108], "size": [5, 3, 2], "uv": [61, 28]},
						{"origin": [-1, 420.76474, -4.17108], "size": [2, 4, 2], "uv": [61, 28]},
						{"origin": [-4, 420.76474, -4.17108], "size": [2, 4, 2], "uv": [61, 28]},
						{"origin": [1, 420.76474, -3.17108], "size": [3, 5, 2], "uv": [61, 28]},
						{"origin": [-7, 420.76474, -3.17108], "size": [3, 5, 2], "uv": [61, 28]},
						{"origin": [1, 424.76474, -2.17108], "size": [3, 4, 2], "uv": [197, 20]},
						{"origin": [-7, 424.76474, -2.17108], "size": [3, 4, 2], "uv": [197, 20]},
						{"origin": [1, 427.76474, -1.17108], "size": [3, 3, 2], "uv": [197, 20]},
						{"origin": [-7, 427.76474, -1.17108], "size": [3, 3, 2], "uv": [197, 20]},
						{"origin": [1, 429.76474, 0.82892], "size": [6, 3, 2], "uv": [197, 20]},
						{"origin": [-10, 429.76474, 0.82892], "size": [6, 3, 2], "uv": [197, 20]},
						{"origin": [1, 429.76474, 1.82892], "size": [8, 5, 2], "uv": [197, 20]},
						{"origin": [-12, 429.76474, 1.82892], "size": [8, 5, 2], "uv": [197, 20]},
						{"origin": [4, 427.76474, -0.17108], "size": [3, 3, 2], "uv": [197, 20]},
						{"origin": [-10, 427.76474, -0.17108], "size": [3, 3, 2], "uv": [197, 20]},
						{"origin": [7, 427.76474, 0.82892], "size": [2, 3, 2], "uv": [197, 20]},
						{"origin": [-12, 427.76474, 0.82892], "size": [2, 3, 2], "uv": [197, 20]},
						{"origin": [4, 425.76474, -1.17108], "size": [3, 3, 2], "uv": [197, 20]},
						{"origin": [-10, 425.76474, -1.17108], "size": [3, 3, 2], "uv": [197, 20]},
						{"origin": [7, 424.76474, -0.17108], "size": [2, 4, 2], "uv": [197, 20]},
						{"origin": [-12, 424.76474, -0.17108], "size": [2, 4, 2], "uv": [197, 20]},
						{"origin": [9, 424.76474, 1.82892], "size": [2, 7, 2], "uv": [197, 20]},
						{"origin": [-14, 424.76474, 1.82892], "size": [2, 7, 2], "uv": [197, 20]},
						{"origin": [1, 417.76474, -2.17108], "size": [3, 3, 2], "uv": [61, 28]},
						{"origin": [-7, 417.76474, -2.17108], "size": [3, 3, 2], "uv": [61, 28]},
						{"origin": [1, 414.76474, -0.17108], "size": [3, 3, 2], "uv": [61, 28]},
						{"origin": [-7, 414.76474, -0.17108], "size": [3, 3, 2], "uv": [61, 28]},
						{"origin": [1, 411.76474, 1.82892], "size": [3, 3, 2], "uv": [61, 28]},
						{"origin": [-7, 411.76474, 1.82892], "size": [3, 3, 2], "uv": [61, 28]},
						{"origin": [4, 414.76474, 1.82892], "size": [2, 3, 2], "uv": [61, 28]},
						{"origin": [-9, 414.76474, 1.82892], "size": [2, 3, 2], "uv": [61, 28]},
						{"origin": [6, 417.76474, 1.82892], "size": [2, 3, 2], "uv": [61, 28]},
						{"origin": [-11, 417.76474, 1.82892], "size": [2, 3, 2], "uv": [61, 28]},
						{"origin": [4, 417.76474, -0.17108], "size": [3, 3, 2], "uv": [61, 28]},
						{"origin": [-10, 417.76474, -0.17108], "size": [3, 3, 2], "uv": [61, 28]},
						{"origin": [4, 420.76474, -2.17108], "size": [2, 5, 2], "uv": [61, 28]},
						{"origin": [-9, 420.76474, -2.17108], "size": [2, 5, 2], "uv": [61, 28]},
						{"origin": [6, 420.76474, -1.17108], "size": [2, 5, 2], "uv": [61, 28]},
						{"origin": [-11, 420.76474, -1.17108], "size": [2, 5, 2], "uv": [61, 28]},
						{"origin": [7, 420.76474, -0.17108], "size": [2, 4, 2], "uv": [61, 28]},
						{"origin": [-12, 420.76474, -0.17108], "size": [2, 4, 2], "uv": [61, 28]},
						{"origin": [8, 420.76474, 1.82892], "size": [2, 4, 2], "uv": [61, 28]},
						{"origin": [-13, 420.76474, 1.82892], "size": [2, 4, 2], "uv": [61, 28]},
						{"origin": [-4, 417.76474, -3.17108], "size": [5, 3, 2], "uv": [61, 28]},
						{"origin": [-4, 414.76474, -1.17108], "size": [5, 3, 2], "uv": [61, 28]},
						{"origin": [-4, 411.76474, 0.82892], "size": [5, 3, 2], "uv": [61, 28]},
						{"origin": [-4, 408.76474, 2.82892], "size": [5, 3, 2], "uv": [61, 28]},
						{"origin": [-4, 432.76474, 1.82892], "size": [5, 2, 2], "uv": [187, 219]},
						{"origin": [2, 434.76474, 3.82892], "size": [5, 2, 6], "uv": [184, 25]},
						{"origin": [-10, 434.76474, 3.82892], "size": [5, 2, 6], "uv": [184, 25]},
						{"origin": [7, 433.76474, 3.82892], "size": [2, 2, 6], "uv": [184, 25]},
						{"origin": [-12, 433.76474, 3.82892], "size": [2, 2, 6], "uv": [184, 25]},
						{"origin": [8, 432.76474, 3.82892], "size": [2, 2, 6], "uv": [184, 25]},
						{"origin": [-13, 432.76474, 3.82892], "size": [2, 2, 6], "uv": [184, 25]},
						{"origin": [9, 431.76474, 3.82892], "size": [2, 2, 6], "uv": [184, 25]},
						{"origin": [-14, 431.76474, 3.82892], "size": [2, 2, 6], "uv": [184, 25]},
						{"origin": [10, 423.76474, 3.82892], "size": [2, 8, 6], "uv": [184, 25]},
						{"origin": [-15, 423.76474, 3.82892], "size": [2, 8, 6], "uv": [184, 25]},
						{"origin": [9, 420.76474, 3.82892], "size": [2, 3, 6], "uv": [51, 23]},
						{"origin": [-14, 420.76474, 3.82892], "size": [2, 3, 6], "uv": [51, 23]},
						{"origin": [7, 417.76474, 3.82892], "size": [2, 3, 6], "uv": [51, 23]},
						{"origin": [-12, 417.76474, 3.82892], "size": [2, 3, 6], "uv": [51, 23]},
						{"origin": [5, 414.76474, 3.82892], "size": [2, 3, 6], "uv": [51, 23]},
						{"origin": [-10, 414.76474, 3.82892], "size": [2, 3, 6], "uv": [51, 23]},
						{"origin": [3, 411.76474, 3.82892], "size": [2, 3, 6], "uv": [51, 23]},
						{"origin": [-8, 411.76474, 3.82892], "size": [2, 3, 6], "uv": [51, 23]},
						{"origin": [1, 408.76474, 3.82892], "size": [2, 3, 6], "uv": [51, 23]},
						{"origin": [-6, 408.76474, 3.82892], "size": [2, 3, 6], "uv": [51, 23]},
						{"origin": [-4, 407.76474, 3.82892], "size": [5, 2, 6], "uv": [51, 23]}
					]
				},
				{
					"name": "cabo",
					"parent": "corpo",
					"pivot": [0, 358.76474, 5.82892],
					"cubes": [
						{"origin": [-2, 377.76474, 10.82892], "size": [1, 32, 1], "inflate": 1, "pivot": [-1.5, 406.76474, 11.32892], "rotation": [15, 0, 0], "uv": [0, 0]}
					]
				},
				{
					"name": "ad",
					"parent": "corpo",
					"pivot": [-2, 504.76474, 4.82892],
					"rotation": [-105, 0, 0]
				},
				{
					"name": "mask",
					"parent": "ad",
					"pivot": [0, 419.76474, -1.17108],
					"cubes": [
						{"origin": [-7, 504.76474, -1.17108], "size": [11, 23, 2], "uv": [193, 13]},
						{"origin": [-10, 505.76474, -1.17108], "size": [17, 23, 2], "uv": [205, 9]},
						{"origin": [-12, 506.76474, -1.17108], "size": [21, 23, 2], "uv": [198, 1]},
						{"origin": [-13, 507.76474, -1.17108], "size": [23, 23, 2], "uv": [194, 11]},
						{"origin": [-14, 508.76474, -1.17108], "size": [25, 25, 2], "uv": [184, 6]},
						{"origin": [-15, 509.76474, -1.17108], "size": [27, 23, 2], "uv": [186, 16]},
						{"origin": [-16, 510.76474, -1.17108], "size": [29, 21, 2], "uv": [174, 4]},
						{"origin": [-17, 511.76474, -1.17108], "size": [31, 19, 2], "uv": [173, 4]},
						{"origin": [-18, 513.76474, -1.17108], "size": [33, 15, 2], "uv": [162, 0]},
						{"origin": [-19, 516.76474, -1.17108], "size": [35, 9, 1], "uv": [162, 0]}
					]
				},
				{
					"name": "mask2",
					"parent": "mask",
					"pivot": [0, 419.76474, -1.17108],
					"cubes": [
						{"origin": [-6, 505.76474, -3.17108], "size": [9, 22, 14], "uv": [164, 13]},
						{"origin": [-9, 506.76474, -3.17108], "size": [15, 22, 14], "uv": [176, 9]},
						{"origin": [-11, 507.76474, -3.17108], "size": [19, 22, 14], "uv": [169, 1]},
						{"origin": [-12, 508.76474, -3.17108], "size": [21, 22, 14], "uv": [165, 11]},
						{"origin": [-13, 509.76474, -3.17108], "size": [23, 24, 14], "uv": [155, 6]},
						{"origin": [-14, 510.76474, -3.17108], "size": [25, 22, 14], "uv": [157, 16]},
						{"origin": [-15, 511.76474, -3.17108], "size": [27, 20, 14], "uv": [145, 4]},
						{"origin": [-16, 512.76474, -3.17108], "size": [29, 18, 14], "uv": [144, 4]},
						{"origin": [-17, 514.76474, -3.17108], "size": [31, 14, 14], "uv": [133, 0]},
						{"origin": [-18, 517.76474, -3.17108], "size": [33, 8, 14], "uv": [133, 0]}
					]
				},
				{
					"name": "mask3",
					"parent": "mask",
					"pivot": [0, 419.76474, -1.17108],
					"cubes": [
						{"origin": [-5, 506.76474, -5.17108], "size": [7, 21, 2], "uv": [203, 13]},
						{"origin": [-8, 507.76474, -5.17108], "size": [13, 21, 2], "uv": [215, 9]},
						{"origin": [-10, 508.76474, -5.17108], "size": [17, 21, 2], "uv": [208, 1]},
						{"origin": [-11, 509.76474, -5.17108], "size": [19, 21, 2], "uv": [204, 11]},
						{"origin": [-12, 510.76474, -5.17108], "size": [21, 23, 2], "uv": [194, 6]},
						{"origin": [-13, 511.76474, -5.17108], "size": [23, 21, 2], "uv": [196, 16]},
						{"origin": [-14, 512.76474, -5.17108], "size": [25, 19, 2], "uv": [184, 4]},
						{"origin": [-15, 513.76474, -5.17108], "size": [27, 17, 2], "uv": [183, 4]},
						{"origin": [-16, 515.76474, -5.17108], "size": [29, 13, 2], "uv": [172, 0]},
						{"origin": [-17, 518.76474, -5.17108], "size": [31, 7, 2], "uv": [172, 0]}
					]
				},
				{
					"name": "mask4",
					"parent": "mask",
					"pivot": [0, 419.76474, -1.17108],
					"cubes": [
						{"origin": [-4, 507.76474, -6.17108], "size": [5, 20, 1], "uv": [203, 13]},
						{"origin": [-7, 508.76474, -6.17108], "size": [11, 20, 1], "uv": [215, 9]},
						{"origin": [-9, 509.76474, -6.17108], "size": [15, 20, 1], "uv": [208, 1]},
						{"origin": [-10, 510.76474, -6.17108], "size": [17, 20, 1], "uv": [204, 11]},
						{"origin": [-11, 511.76474, -6.17108], "size": [19, 22, 1], "uv": [194, 6]},
						{"origin": [-12, 512.76474, -6.17108], "size": [21, 20, 1], "uv": [196, 16]},
						{"origin": [-13, 513.76474, -6.17108], "size": [23, 18, 1], "uv": [184, 4]},
						{"origin": [-14, 514.76474, -6.17108], "size": [25, 16, 1], "uv": [183, 4]},
						{"origin": [-15, 516.76474, -6.17108], "size": [27, 12, 1], "uv": [172, 0]},
						{"origin": [-16, 519.76474, -6.17108], "size": [29, 6, 1], "uv": [172, 0]}
					]
				},
				{
					"name": "mask5",
					"parent": "mask",
					"pivot": [0, 419.76474, -1.17108],
					"cubes": [
						{"origin": [-3, 508.76474, -7.17108], "size": [3, 19, 1], "uv": [203, 13]},
						{"origin": [-6, 509.76474, -7.17108], "size": [9, 19, 1], "uv": [215, 9]},
						{"origin": [-8, 510.76474, -7.17108], "size": [13, 19, 1], "uv": [208, 1]},
						{"origin": [-9, 511.76474, -7.17108], "size": [15, 19, 1], "uv": [204, 11]},
						{"origin": [-10, 512.76474, -7.17108], "size": [17, 21, 1], "uv": [194, 6]},
						{"origin": [-11, 513.76474, -7.17108], "size": [19, 19, 1], "uv": [196, 16]},
						{"origin": [-12, 514.76474, -7.17108], "size": [21, 17, 1], "uv": [184, 4]},
						{"origin": [-13, 515.76474, -7.17108], "size": [23, 15, 1], "uv": [183, 4]},
						{"origin": [-14, 517.76474, -7.17108], "size": [25, 11, 1], "uv": [172, 0]},
						{"origin": [-15, 519.76474, -7.17108], "size": [27, 6, 1], "uv": [172, 0]}
					]
				},
				{
					"name": "mask6",
					"parent": "mask",
					"pivot": [0, 419.76474, -1.17108],
					"cubes": [
						{"origin": [-4, 510.76474, -8.17108], "size": [5, 18, 2], "uv": [215, 9]},
						{"origin": [-6, 511.76474, -8.17108], "size": [9, 18, 2], "uv": [208, 1]},
						{"origin": [-7, 512.76474, -8.17108], "size": [11, 18, 2], "uv": [204, 11]},
						{"origin": [-8, 513.76474, -8.17108], "size": [13, 20, 2], "uv": [194, 6]},
						{"origin": [-9, 514.76474, -8.17108], "size": [15, 18, 2], "uv": [196, 16]},
						{"origin": [-10, 515.76474, -8.17108], "size": [17, 16, 2], "uv": [184, 4]},
						{"origin": [-11, 516.76474, -8.17108], "size": [19, 14, 2], "uv": [183, 4]},
						{"origin": [-12, 518.76474, -8.17108], "size": [21, 10, 2], "uv": [172, 0]},
						{"origin": [-13, 520.76474, -8.17108], "size": [23, 5, 2], "uv": [172, 0]}
					]
				},
				{
					"name": "chair",
					"parent": "mask",
					"pivot": [0, 419.76474, -1.17108]
				},
				{
					"name": "mask7",
					"parent": "chair",
					"pivot": [0, 423.76474, -1.17108],
					"cubes": [
						{"origin": [-8, 504.76474, 0.82892], "size": [12, 26, 10], "uv": [38, 13]},
						{"origin": [-11, 505.76474, 0.82892], "size": [18, 26, 10], "uv": [50, 9]},
						{"origin": [-13, 506.76474, 0.82892], "size": [22, 26, 10], "uv": [43, 1]},
						{"origin": [-14, 507.76474, 0.82892], "size": [24, 26, 10], "uv": [39, 11]},
						{"origin": [-13, 519.76474, 0.82892], "size": [22, 18, 10], "uv": [29, 6]},
						{"origin": [-10, 519.76474, 0.82892], "size": [16, 19, 10], "uv": [29, 6]},
						{"origin": [-10, 533.76474, -3.17108], "size": [16, 4, 4], "uv": [29, 6]},
						{"origin": [-10, 533.76474, -5.17108], "size": [16, 3, 6], "uv": [29, 6]},
						{"origin": [-12, 533.76474, -3.17108], "size": [21, 3, 4], "uv": [29, 6]},
						{"origin": [-13, 533.76474, -2.17108], "size": [23, 2, 3], "uv": [29, 6]},
						{"origin": [-15, 508.76474, 0.82892], "size": [26, 28, 10], "uv": [29, 6]},
						{"origin": [-16, 509.76474, -0.17108], "size": [28, 26, 11], "uv": [31, 16]},
						{"origin": [-17, 510.76474, -0.17108], "size": [30, 24, 11], "uv": [19, 4]},
						{"origin": [-18, 511.76474, -0.17108], "size": [32, 22, 11], "uv": [18, 4]},
						{"origin": [-19, 513.76474, -0.17108], "size": [34, 18, 11], "uv": [7, 0]},
						{"origin": [-20, 516.76474, 0.82892], "size": [36, 12, 10], "uv": [7, 0]}
					]
				},
				{
					"name": "mask8",
					"parent": "chair",
					"pivot": [0, 423.76474, -0.17108],
					"cubes": [
						{"origin": [-8, 504.76474, 9.82892], "size": [12, 26, 4], "inflate": -1, "uv": [38, 13]},
						{"origin": [-11, 505.76474, 9.82892], "size": [18, 26, 4], "inflate": -1, "uv": [50, 9]},
						{"origin": [-13, 506.76474, 9.82892], "size": [22, 26, 4], "inflate": -1, "uv": [43, 1]},
						{"origin": [-14, 507.76474, 9.82892], "size": [24, 26, 4], "inflate": -1, "uv": [39, 11]},
						{"origin": [-13, 519.76474, 9.82892], "size": [22, 18, 4], "inflate": -1, "uv": [29, 6]},
						{"origin": [-10, 519.76474, 9.82892], "size": [16, 19, 4], "inflate": -1, "uv": [29, 6]},
						{"origin": [-10, 533.76474, -0.17108], "size": [16, 4, 4], "inflate": -1, "uv": [29, 6]},
						{"origin": [-10, 533.76474, -0.17108], "size": [16, 3, 4], "inflate": -1, "uv": [29, 6]},
						{"origin": [-12, 533.76474, -0.17108], "size": [21, 3, 4], "inflate": -1, "uv": [29, 6]},
						{"origin": [-13, 533.76474, -0.17108], "size": [23, 2, 4], "inflate": -1, "uv": [29, 6]},
						{"origin": [-15, 508.76474, 9.82892], "size": [26, 28, 4], "inflate": -1, "uv": [29, 6]},
						{"origin": [-16, 509.76474, 9.82892], "size": [28, 26, 4], "inflate": -1, "uv": [31, 16]},
						{"origin": [-17, 510.76474, 9.82892], "size": [30, 24, 4], "inflate": -1, "uv": [19, 4]},
						{"origin": [-18, 511.76474, 9.82892], "size": [32, 22, 4], "inflate": -1, "uv": [18, 4]},
						{"origin": [-19, 513.76474, 9.82892], "size": [34, 18, 4], "inflate": -1, "uv": [7, 0]},
						{"origin": [-20, 516.76474, 9.82892], "size": [36, 12, 4], "inflate": -1, "uv": [7, 0]}
					]
				},
				{
					"name": "mask9",
					"parent": "chair",
					"pivot": [0, 423.76474, -0.17108],
					"cubes": [
						{"origin": [-8, 504.76474, 10.82892], "size": [12, 26, 5], "inflate": -2, "uv": [38, 13]},
						{"origin": [-11, 505.76474, 10.82892], "size": [18, 26, 5], "inflate": -2, "uv": [50, 9]},
						{"origin": [-13, 506.76474, 10.82892], "size": [22, 26, 5], "inflate": -2, "uv": [43, 1]},
						{"origin": [-14, 507.76474, 10.82892], "size": [24, 26, 5], "inflate": -2, "uv": [39, 11]},
						{"origin": [-13, 519.76474, 10.82892], "size": [22, 18, 5], "inflate": -2, "uv": [29, 6]},
						{"origin": [-10, 519.76474, 10.82892], "size": [16, 19, 5], "inflate": -2, "uv": [29, 6]},
						{"origin": [-10, 533.76474, 0.82892], "size": [16, 4, 5], "inflate": -2, "uv": [29, 6]},
						{"origin": [-10, 533.76474, 0.82892], "size": [16, 3, 5], "inflate": -2, "uv": [29, 6]},
						{"origin": [-12, 533.76474, 0.82892], "size": [21, 3, 5], "inflate": -2, "uv": [29, 6]},
						{"origin": [-13, 533.76474, 0.82892], "size": [23, 2, 5], "inflate": -2, "uv": [29, 6]},
						{"origin": [-15, 508.76474, 10.82892], "size": [26, 28, 5], "inflate": -2, "uv": [29, 6]},
						{"origin": [-16, 509.76474, 10.82892], "size": [28, 26, 5], "inflate": -2, "uv": [31, 16]},
						{"origin": [-17, 510.76474, 10.82892], "size": [30, 24, 5], "inflate": -2, "uv": [19, 4]},
						{"origin": [-18, 511.76474, 10.82892], "size": [32, 22, 5], "inflate": -2, "uv": [18, 4]},
						{"origin": [-19, 513.76474, 10.82892], "size": [34, 18, 5], "inflate": -2, "uv": [7, 0]},
						{"origin": [-20, 516.76474, 10.82892], "size": [36, 12, 5], "inflate": -2, "uv": [7, 0]}
					]
				},
				{
					"name": "mask10",
					"parent": "chair",
					"pivot": [0, 423.76474, -0.17108],
					"cubes": [
						{"origin": [-8, 504.76474, 10.82892], "size": [12, 26, 7], "inflate": -3, "uv": [38, 13]},
						{"origin": [-11, 505.76474, 10.82892], "size": [18, 26, 7], "inflate": -3, "uv": [50, 9]},
						{"origin": [-13, 506.76474, 10.82892], "size": [22, 26, 7], "inflate": -3, "uv": [43, 1]},
						{"origin": [-14, 507.76474, 10.82892], "size": [24, 26, 7], "inflate": -3, "uv": [39, 11]},
						{"origin": [-13, 519.76474, 10.82892], "size": [22, 18, 7], "inflate": -3, "uv": [29, 6]},
						{"origin": [-10, 519.76474, 10.82892], "size": [16, 19, 7], "inflate": -3, "uv": [29, 6]},
						{"origin": [-10, 533.76474, 0.82892], "size": [16, 4, 7], "inflate": -3, "uv": [29, 6]},
						{"origin": [-10, 533.76474, 0.82892], "size": [16, 3, 7], "inflate": -3, "uv": [29, 6]},
						{"origin": [-12, 533.76474, 0.82892], "size": [21, 3, 7], "inflate": -3, "uv": [29, 6]},
						{"origin": [-13, 533.76474, 0.82892], "size": [23, 2, 7], "inflate": -3, "uv": [29, 6]},
						{"origin": [-15, 508.76474, 10.82892], "size": [26, 28, 7], "inflate": -3, "uv": [29, 6]},
						{"origin": [-16, 509.76474, 10.82892], "size": [28, 26, 7], "inflate": -3, "uv": [31, 16]},
						{"origin": [-17, 510.76474, 10.82892], "size": [30, 24, 7], "inflate": -3, "uv": [19, 4]},
						{"origin": [-18, 511.76474, 10.82892], "size": [32, 22, 7], "inflate": -3, "uv": [18, 4]},
						{"origin": [-19, 513.76474, 10.82892], "size": [34, 18, 7], "inflate": -3, "uv": [7, 0]},
						{"origin": [-20, 516.76474, 10.82892], "size": [36, 12, 7], "inflate": -3, "uv": [7, 0]}
					]
				},
				{
					"name": "mask11",
					"parent": "chair",
					"pivot": [0, 423.76474, -1.17108],
					"cubes": [
						{"origin": [-8, 504.76474, 8.82892], "size": [12, 26, 12], "inflate": -5, "uv": [42, 13]},
						{"origin": [-11, 505.76474, 8.82892], "size": [18, 26, 12], "inflate": -5, "uv": [54, 9]},
						{"origin": [-13, 506.76474, 8.82892], "size": [22, 26, 12], "inflate": -5, "uv": [47, 1]},
						{"origin": [-14, 507.76474, 8.82892], "size": [24, 26, 12], "inflate": -5, "uv": [43, 11]},
						{"origin": [-13, 519.76474, 8.82892], "size": [22, 18, 12], "inflate": -5, "uv": [33, 6]},
						{"origin": [-10, 519.76474, 8.82892], "size": [16, 19, 12], "inflate": -5, "uv": [33, 6]},
						{"origin": [-15, 508.76474, 8.82892], "size": [26, 28, 12], "inflate": -5, "uv": [33, 6]},
						{"origin": [-16, 509.76474, 8.82892], "size": [28, 26, 12], "inflate": -5, "uv": [35, 16]},
						{"origin": [-17, 510.76474, 8.82892], "size": [30, 24, 12], "inflate": -5, "uv": [23, 4]},
						{"origin": [-18, 511.76474, 8.82892], "size": [32, 22, 12], "inflate": -5, "uv": [22, 4]},
						{"origin": [-19, 513.76474, 8.82892], "size": [34, 18, 12], "inflate": -5, "uv": [11, 0]},
						{"origin": [-20, 516.76474, 8.82892], "size": [36, 12, 12], "inflate": -5, "uv": [11, 0]}
					]
				},
				{
					"name": "topete",
					"parent": "mask",
					"pivot": [-7.77273, 537.21929, -6.3529],
					"rotation": [0, 0, 5],
					"cubes": [
						{"origin": [-9, 531.76474, -8.17108], "size": [9, 7, 8], "uv": [25, 0]},
						{"origin": [-14.73205, 526.76474, -1.17108], "size": [5, 12, 10], "pivot": [-11.5, 536.26474, -4.17108], "rotation": [0, 0, 45], "uv": [192, 221]},
						{"origin": [-9, 530.76474, -9.17108], "size": [11, 7, 8], "uv": [25, 0]},
						{"origin": [-16, 530.76474, -9.17108], "size": [9, 5, 6], "pivot": [-8, 534.26474, -7.67108], "rotation": [24.51604, 45.05075, 32.79781], "uv": [25, 0]},
						{"origin": [-5, 529.76474, -9.17108], "size": [9, 7, 8], "uv": [25, 0]},
						{"origin": [-2, 528.76474, -9.17108], "size": [15, 7, 8], "uv": [25, 0]},
						{"origin": [10, 529.76474, -9.17108], "size": [8, 7, 8], "uv": [25, 0]},
						{"origin": [14, 531.76474, -8.17108], "size": [8, 7, 8], "uv": [25, 0]},
						{"origin": [16, 533.76474, -8.17108], "size": [8, 7, 8], "uv": [25, 0]},
						{"origin": [16, 544.76474, -8.17108], "size": [8, 5, 8], "uv": [25, 0]},
						{"origin": [14, 546.76474, -8.17108], "size": [8, 5, 8], "uv": [25, 0]},
						{"origin": [12, 548.76474, -8.17108], "size": [8, 5, 8], "uv": [25, 0]},
						{"origin": [2, 548.76474, -7.17108], "size": [8, 5, 8], "uv": [25, 0]},
						{"origin": [0, 546.76474, -7.17108], "size": [8, 5, 8], "uv": [25, 0]},
						{"origin": [-2, 544.76474, -7.17108], "size": [8, 5, 8], "uv": [25, 0]},
						{"origin": [-2, 535.76474, -7.17108], "size": [8, 6, 8], "uv": [25, 0]},
						{"origin": [11, 536.76474, -7.17108], "size": [9, 6, 8], "uv": [25, 0]},
						{"origin": [13, 542.76474, -7.17108], "size": [9, 6, 8], "uv": [25, 0]},
						{"origin": [1, 538.76474, -6.17108], "size": [15, 13, 8], "uv": [25, 0]},
						{"origin": [10, 545.76474, -7.17108], "size": [9, 6, 8], "uv": [25, 0]},
						{"origin": [2, 534.76474, -7.17108], "size": [12, 5, 8], "uv": [25, 0]},
						{"origin": [-4, 538.76474, -7.17108], "size": [8, 8, 8], "uv": [25, 0]},
						{"origin": [5, 549.76474, -7.17108], "size": [11, 5, 8], "uv": [25, 0]},
						{"origin": [17, 536.76474, -8.17108], "size": [9, 10, 8], "uv": [25, 0]}
					]
				},
				{
					"name": "cabelo",
					"parent": "ad",
					"pivot": [-15, 537.76474, -1.17108]
				},
				{
					"name": "fio4",
					"parent": "cabelo",
					"pivot": [-14.17136, 537.86281, 3.32892],
					"rotation": [5, 0, 0],
					"cubes": [
						{"origin": [-17, 537.76474, 2.82892], "size": [3, 7, 1], "inflate": 1, "pivot": [-15.5, 538.26474, 3.32892], "rotation": [0, 0, -7.5], "uv": [0, 0]},
						{"origin": [-17.92224, 544.6941, 2.82892], "size": [3, 5, 1], "inflate": 1, "pivot": [-16.5, 545.26474, 3.32892], "rotation": [0, 0, -55], "uv": [0, 0]},
						{"origin": [-22.90454, 549.12319, 2.82892], "size": [3, 3, 1], "inflate": 1, "pivot": [-20.5, 549.26474, 3.32892], "rotation": [0, 0, -97.5], "uv": [0, 0]},
						{"origin": [-26.4352, 547.02688, 2.82892], "size": [3, 5, 1], "inflate": 1, "pivot": [-24.5, 548.26474, 3.32892], "rotation": [0, 0, -130], "uv": [0, 0]},
						{"origin": [-30.70822, 545.03434, 2.82892], "size": [3, 8, 1], "inflate": 1, "pivot": [-28.5, 545.26474, 3.32892], "rotation": [0, 0, -175], "uv": [0, 0]},
						{"origin": [-29.92382, 536.06859, 2.82892], "size": [3, 8, 1], "inflate": 1, "pivot": [-28.5, 536.26474, 3.32892], "rotation": [0, 0, 157.5], "uv": [0, 0]},
						{"origin": [-25.28977, 528.14682, 2.82892], "size": [3, 5, 1], "inflate": 1, "pivot": [-24.5, 528.26474, 3.32892], "rotation": [0, 0, -165], "uv": [0, 0]},
						{"origin": [-27.92752, 523.79955, 2.82892], "size": [3, 10, 1], "inflate": 1, "pivot": [-26.5, 523.26474, 3.32892], "rotation": [0, 0, -145], "uv": [0, 0]},
						{"origin": [-33.83295, 511.42213, 2.82892], "size": [3, 6, 1], "inflate": 1, "pivot": [-32.71392, 512.93667, 3.32892], "rotation": [0, 0, 165], "uv": [0, 0]},
						{"origin": [-33.41994, 506.36776, 2.82892], "size": [3, 9, 1], "inflate": 1, "pivot": [-31.71392, 506.93667, 3.32892], "rotation": [0, 0, 140], "uv": [0, 0]},
						{"origin": [-25.55714, 499.50594, 2.82892], "size": [3, 4, 1], "inflate": 1, "pivot": [-24.71392, 499.93667, 3.32892], "rotation": [0, 0, 162.5], "uv": [0, 0]},
						{"origin": [-24.80625, 496.39036, 2.82892], "size": [3, 5, 1], "inflate": 1, "pivot": [-23.71392, 495.93667, 3.32892], "rotation": [0, 0, 177.5], "uv": [0, 0]},
						{"origin": [-25.06796, 489.39607, 2.82892], "size": [3, 5, 1], "inflate": 1, "pivot": [-23.71392, 489.93667, 3.32892], "rotation": [0, 0, -142.5], "uv": [0, 0]}
					]
				},
				{
					"name": "fio5",
					"parent": "fio4",
					"pivot": [-14.17136, 537.86281, 3.32892],
					"cubes": [
						{"origin": [-16, 538.76474, 1.82892], "size": [1, 6, 3], "inflate": 1, "pivot": [-15.5, 538.26474, 3.32892], "rotation": [0, 0, -7.5], "uv": [0, 0]},
						{"origin": [-16.92224, 545.6941, 1.82892], "size": [1, 4, 3], "inflate": 1, "pivot": [-16.5, 545.26474, 3.32892], "rotation": [0, 0, -55], "uv": [0, 0]},
						{"origin": [-21.90454, 550.12319, 1.82892], "size": [1, 2, 3], "inflate": 1, "pivot": [-20.5, 549.26474, 3.32892], "rotation": [0, 0, -97.5], "uv": [0, 0]},
						{"origin": [-25.4352, 548.02688, 1.82892], "size": [1, 4, 3], "inflate": 1, "pivot": [-24.5, 548.26474, 3.32892], "rotation": [0, 0, -130], "uv": [0, 0]},
						{"origin": [-29.70822, 546.03434, 1.82892], "size": [1, 7, 3], "inflate": 1, "pivot": [-28.5, 545.26474, 3.32892], "rotation": [0, 0, -175], "uv": [0, 0]},
						{"origin": [-28.92382, 537.06859, 1.82892], "size": [1, 7, 3], "inflate": 1, "pivot": [-28.5, 536.26474, 3.32892], "rotation": [0, 0, 157.5], "uv": [0, 0]},
						{"origin": [-24.28977, 529.14682, 1.82892], "size": [1, 4, 3], "inflate": 1, "pivot": [-24.5, 528.26474, 3.32892], "rotation": [0, 0, -165], "uv": [0, 0]},
						{"origin": [-26.92752, 524.79955, 1.82892], "size": [1, 9, 3], "inflate": 1, "pivot": [-26.5, 523.26474, 3.32892], "rotation": [0, 0, -145], "uv": [0, 0]},
						{"origin": [-32.83295, 512.42213, 1.82892], "size": [1, 5, 3], "inflate": 1, "pivot": [-32.71392, 512.93667, 3.32892], "rotation": [0, 0, 165], "uv": [0, 0]},
						{"origin": [-32.41994, 507.36776, 1.82892], "size": [1, 8, 3], "inflate": 1, "pivot": [-31.71392, 506.93667, 3.32892], "rotation": [0, 0, 140], "uv": [0, 0]},
						{"origin": [-24.55714, 500.50594, 1.82892], "size": [1, 3, 3], "inflate": 1, "pivot": [-24.71392, 499.93667, 3.32892], "rotation": [0, 0, 162.5], "uv": [0, 0]},
						{"origin": [-23.80625, 497.39036, 1.82892], "size": [1, 4, 3], "inflate": 1, "pivot": [-23.71392, 495.93667, 3.32892], "rotation": [0, 0, 177.5], "uv": [0, 0]},
						{"origin": [-24.06796, 490.39607, 1.82892], "size": [1, 4, 3], "inflate": 1, "pivot": [-23.71392, 489.93667, 3.32892], "rotation": [0, 0, -142.5], "uv": [0, 0]},
						{"origin": [-24.06796, 490.39607, 2.82892], "size": [1, 5, 1], "inflate": 1, "pivot": [-23.71392, 489.93667, 3.32892], "rotation": [0, 0, -142.5], "uv": [0, 0]}
					]
				},
				{
					"name": "fio2",
					"parent": "cabelo",
					"pivot": [-16.76777, 537.64703, 6.32892],
					"rotation": [-7.5, 0, 0],
					"cubes": [
						{"origin": [-30, 537.76474, 5.82892], "size": [9, 3, 1], "inflate": 1, "uv": [0, 0]},
						{"origin": [-37, 537.76474, 5.82892], "size": [6, 3, 1], "inflate": 1, "pivot": [-30.5, 539.26474, 6.32892], "rotation": [0, 0, -37.5], "uv": [0, 0]},
						{"origin": [-42.59819, 533.89435, 5.82892], "size": [7, 3, 1], "inflate": 1, "pivot": [-35.5, 535.26474, 6.32892], "rotation": [0, 0, -92.5], "uv": [0, 0]},
						{"origin": [-40.73476, 532.93584, 5.82892], "size": [17, 3, 1], "inflate": 1, "pivot": [-27.5, 528.26474, 6.32892], "rotation": [0, 0, -127.5], "uv": [0, 0]},
						{"origin": [-32.21923, 501.03731, 5.82892], "size": [10, 3, 1], "inflate": 1, "pivot": [-21.5, 502.26474, 6.32892], "rotation": [0, 0, -57.5], "uv": [0, 0]},
						{"origin": [-37.40491, 491.81266, 5.82892], "size": [10, 3, 1], "inflate": 1, "pivot": [-27.5, 493.26474, 6.32892], "rotation": [0, 0, -2.5], "uv": [0, 0]},
						{"origin": [-38.40491, 492.81266, 5.82892], "size": [11, 1, 1], "inflate": 1, "pivot": [-27.5, 493.26474, 6.32892], "rotation": [0, 0, -2.5], "uv": [0, 0]},
						{"origin": [-34.39941, 511.97783, 5.82892], "size": [11, 3, 1], "inflate": 1, "pivot": [-23.5, 513.26474, 6.32892], "rotation": [0, 0, -100], "uv": [0, 0]},
						{"origin": [-20, 537.76474, 5.82892], "size": [4, 3, 1], "inflate": 1, "pivot": [-21, 539.26474, 6.32892], "rotation": [0, 0, 30], "uv": [0, 0]}
					]
				},
				{
					"name": "fio6",
					"parent": "fio2",
					"pivot": [-16.76777, 537.64703, 6.32892],
					"cubes": [
						{"origin": [-29, 538.76474, 4.82892], "size": [8, 1, 3], "inflate": 1, "uv": [0, 0]},
						{"origin": [-36, 538.76474, 4.82892], "size": [5, 1, 3], "inflate": 1, "pivot": [-30.5, 539.26474, 6.32892], "rotation": [0, 0, -37.5], "uv": [0, 0]},
						{"origin": [-41.59819, 534.89435, 4.82892], "size": [6, 1, 3], "inflate": 1, "pivot": [-35.5, 535.26474, 6.32892], "rotation": [0, 0, -92.5], "uv": [0, 0]},
						{"origin": [-39.73476, 533.93584, 4.82892], "size": [16, 1, 3], "inflate": 1, "pivot": [-27.5, 528.26474, 6.32892], "rotation": [0, 0, -127.5], "uv": [0, 0]},
						{"origin": [-31.21923, 502.03731, 4.82892], "size": [9, 1, 3], "inflate": 1, "pivot": [-21.5, 502.26474, 6.32892], "rotation": [0, 0, -57.5], "uv": [0, 0]},
						{"origin": [-37.40491, 492.81266, 4.82892], "size": [10, 1, 3], "inflate": 1, "pivot": [-27.5, 493.26474, 6.32892], "rotation": [0, 0, -2.5], "uv": [0, 0]},
						{"origin": [-33.39941, 512.97783, 4.82892], "size": [10, 1, 3], "inflate": 1, "pivot": [-23.5, 513.26474, 6.32892], "rotation": [0, 0, -100], "uv": [0, 0]},
						{"origin": [-19, 538.76474, 4.82892], "size": [3, 1, 3], "inflate": 1, "pivot": [-21, 539.26474, 6.32892], "rotation": [0, 0, 30], "uv": [0, 0]}
					]
				},
				{
					"name": "fios3",
					"parent": "cabelo",
					"pivot": [-16.09434, 537.4562, 1.32892],
					"rotation": [0, 2.5, 0],
					"cubes": [
						{"origin": [-22, 534.76474, 0.82892], "size": [4, 8, 1], "inflate": 1, "pivot": [-21, 540.26474, 1.32892], "rotation": [0, 0, -47.5], "uv": [0, 0]},
						{"origin": [-25.12602, 544.29549, 0.82892], "size": [4, 4, 1], "inflate": 1, "pivot": [-21.95991, 544.08233, 1.32892], "rotation": [0, 0, -77.5], "uv": [0, 0]},
						{"origin": [-36.98107, 531.98421, 0.82892], "size": [4, 5, 1], "inflate": 1, "pivot": [-34.95991, 538.08233, 1.32892], "rotation": [0, 0, -137.5], "uv": [0, 0]},
						{"origin": [-31.67263, 540.04855, 0.82892], "size": [4, 3, 1], "inflate": 1, "pivot": [-29.95991, 543.08233, 1.32892], "rotation": [0, 0, -105], "uv": [0, 0]},
						{"origin": [-34.5682, 536.92252, 0.82892], "size": [4, 15, 1], "inflate": 1, "pivot": [-33.95991, 537.08233, 1.32892], "rotation": [0, 0, -160], "uv": [0, 0]},
						{"origin": [-43.35777, 523.37268, 0.82892], "size": [4, 14, 1], "inflate": 1, "pivot": [-40.95991, 523.08233, 1.32892], "rotation": [0, 0, 167.5], "uv": [0, 0]},
						{"origin": [-40.67548, 508.07893, 0.82892], "size": [4, 14, 1], "inflate": 1, "pivot": [-37.95991, 508.08233, 1.32892], "rotation": [0, 0, 125], "uv": [0, 0]},
						{"origin": [-29.91935, 501.47964, 0.82892], "size": [4, 12, 1], "inflate": 1, "pivot": [-26.95991, 500.08233, 1.32892], "rotation": [0, 0, 95], "uv": [0, 0]},
						{"origin": [-28.91935, 501.47964, 0.82892], "size": [2, 13, 1], "inflate": 1, "pivot": [-26.95991, 500.08233, 1.32892], "rotation": [0, 0, 95], "uv": [0, 0]}
					]
				},
				{
					"name": "fios4",
					"parent": "fios3",
					"pivot": [-16.09434, 537.4562, 1.32892],
					"cubes": [
						{"origin": [-21, 534.76474, -0.17108], "size": [2, 8, 3], "inflate": 1, "pivot": [-21, 540.26474, 1.32892], "rotation": [0, 0, -47.5], "uv": [0, 0]},
						{"origin": [-24.12602, 544.29549, -0.17108], "size": [2, 4, 3], "inflate": 1, "pivot": [-21.95991, 544.08233, 1.32892], "rotation": [0, 0, -77.5], "uv": [0, 0]},
						{"origin": [-35.98107, 531.98421, -0.17108], "size": [2, 5, 3], "inflate": 1, "pivot": [-34.95991, 538.08233, 1.32892], "rotation": [0, 0, -137.5], "uv": [0, 0]},
						{"origin": [-30.67263, 540.04855, -0.17108], "size": [2, 3, 3], "inflate": 1, "pivot": [-29.95991, 543.08233, 1.32892], "rotation": [0, 0, -105], "uv": [0, 0]},
						{"origin": [-33.5682, 536.92252, -0.17108], "size": [2, 15, 3], "inflate": 1, "pivot": [-33.95991, 537.08233, 1.32892], "rotation": [0, 0, -160], "uv": [0, 0]},
						{"origin": [-42.35777, 523.37268, -0.17108], "size": [2, 14, 3], "inflate": 1, "pivot": [-40.95991, 523.08233, 1.32892], "rotation": [0, 0, 167.5], "uv": [0, 0]},
						{"origin": [-39.67548, 508.07893, -0.17108], "size": [2, 14, 3], "inflate": 1, "pivot": [-37.95991, 508.08233, 1.32892], "rotation": [0, 0, 125], "uv": [0, 0]},
						{"origin": [-28.91935, 501.47964, -0.17108], "size": [2, 12, 3], "inflate": 1, "pivot": [-26.95991, 500.08233, 1.32892], "rotation": [0, 0, 95], "uv": [0, 0]}
					]
				},
				{
					"name": "olho",
					"parent": "ad",
					"pivot": [7.01667, 519.98141, -9.32108],
					"rotation": [0, -12.5, 0],
					"cubes": [
						{"origin": [5, 513.76474, -9.17108], "size": [4, 12, 2], "uv": [22, 80]},
						{"origin": [5, 514.76474, -10.17108], "size": [4, 10, 3], "uv": [22, 80]},
						{"origin": [4, 521.76474, -11.17108], "size": [4, 1, 2], "uv": [30, 183]},
						{"origin": [4, 520.76474, -11.17108], "size": [4, 1, 2], "uv": [117, 221]},
						{"origin": [4, 517.76474, -11.17108], "size": [4, 1, 2], "uv": [117, 221]},
						{"origin": [4, 517.76474, -11.17108], "size": [1, 4, 2], "uv": [117, 221]},
						{"origin": [7, 517.76474, -11.17108], "size": [1, 4, 2], "uv": [117, 221]},
						{"origin": [5, 518.76474, -11.17108], "size": [2, 2, 2], "uv": [43, 243]},
						{"origin": [8, 517.76474, -11.17108], "size": [1, 4, 2], "uv": [30, 183]},
						{"origin": [3, 517.76474, -11.17108], "size": [1, 4, 2], "uv": [30, 183]},
						{"origin": [4, 516.76474, -11.17108], "size": [4, 1, 2], "uv": [30, 183]},
						{"origin": [3, 515.76474, -10.17108], "size": [8, 8, 3], "uv": [22, 80]},
						{"origin": [2, 517.76474, -10.17108], "size": [10, 4, 3], "uv": [22, 80]},
						{"origin": [3, 514.76474, -9.17108], "size": [8, 10, 2], "uv": [22, 80]},
						{"origin": [2, 515.76474, -9.17108], "size": [10, 8, 2], "uv": [22, 80]},
						{"origin": [2, 517.76474, -9.17108], "size": [11, 4, 2], "uv": [22, 80]},
						{"origin": [1, 517.76474, -9.17108], "size": [12, 2, 2], "uv": [22, 80]},
						{"origin": [12, 521.76474, -9.17108], "size": [1, 2, 2], "uv": [33, 228]},
						{"origin": [13, 519.76474, -9.17108], "size": [1, 2, 2], "uv": [33, 228]},
						{"origin": [1, 519.76474, -9.17108], "size": [1, 2, 2], "uv": [33, 228]},
						{"origin": [1, 521.76474, -9.17108], "size": [1, 2, 2], "uv": [33, 228]},
						{"origin": [2, 523.76474, -9.17108], "size": [1, 1, 2], "uv": [33, 228]},
						{"origin": [1, 524.76474, -9.17108], "size": [1, 1, 2], "uv": [33, 228]},
						{"origin": [0, 525.76474, -9.17108], "size": [1, 1, 2], "uv": [33, 228]},
						{"origin": [13, 525.76474, -9.17108], "size": [1, 1, 2], "uv": [33, 228]},
						{"origin": [12, 524.76474, -9.17108], "size": [1, 1, 2], "uv": [33, 228]},
						{"origin": [7, 526.76474, -9.17108], "size": [1, 2, 2], "uv": [33, 228]},
						{"origin": [11, 523.76474, -9.17108], "size": [1, 1, 2], "uv": [33, 228]},
						{"origin": [9, 524.76474, -9.17108], "size": [2, 1, 2], "uv": [33, 228]},
						{"origin": [3, 524.76474, -9.17108], "size": [2, 1, 2], "uv": [33, 228]},
						{"origin": [5, 525.76474, -9.17108], "size": [4, 1, 2], "uv": [33, 228]}
					]
				},
				{
					"name": "olho2",
					"parent": "ad",
					"pivot": [-9.98333, 519.98141, -9.32108],
					"rotation": [0, 15, 0],
					"cubes": [
						{"origin": [-12, 513.76474, -9.17108], "size": [4, 12, 2], "uv": [22, 80]},
						{"origin": [-12, 514.76474, -10.17108], "size": [4, 10, 3], "uv": [22, 80]},
						{"origin": [-11, 521.76474, -11.17108], "size": [4, 1, 2], "uv": [30, 183]},
						{"origin": [-11, 520.76474, -11.17108], "size": [4, 1, 2], "uv": [117, 221]},
						{"origin": [-11, 517.76474, -11.17108], "size": [4, 1, 2], "uv": [117, 221]},
						{"origin": [-11, 517.76474, -11.17108], "size": [1, 4, 2], "uv": [117, 221]},
						{"origin": [-8, 517.76474, -11.17108], "size": [1, 4, 2], "uv": [117, 221]},
						{"origin": [-10, 518.76474, -11.17108], "size": [2, 2, 2], "uv": [43, 243]},
						{"origin": [-7, 517.76474, -11.17108], "size": [1, 4, 2], "uv": [30, 183]},
						{"origin": [-12, 517.76474, -11.17108], "size": [1, 4, 2], "uv": [30, 183]},
						{"origin": [-11, 516.76474, -11.17108], "size": [4, 1, 2], "uv": [30, 183]},
						{"origin": [-14, 515.76474, -10.17108], "size": [8, 8, 3], "uv": [22, 80]},
						{"origin": [-15, 517.76474, -10.17108], "size": [10, 4, 3], "uv": [22, 80]},
						{"origin": [-14, 514.76474, -9.17108], "size": [8, 10, 2], "uv": [22, 80]},
						{"origin": [-15, 515.76474, -9.17108], "size": [10, 8, 2], "uv": [22, 80]},
						{"origin": [-16, 517.76474, -9.17108], "size": [11, 4, 2], "uv": [22, 80]},
						{"origin": [-16, 517.76474, -9.17108], "size": [12, 2, 2], "uv": [22, 80]},
						{"origin": [-5, 521.76474, -9.17108], "size": [1, 2, 2], "uv": [33, 228]},
						{"origin": [-5, 519.76474, -9.17108], "size": [1, 2, 2], "uv": [33, 228]},
						{"origin": [-17, 519.76474, -9.17108], "size": [1, 2, 2], "uv": [33, 228]},
						{"origin": [-16, 521.76474, -9.17108], "size": [1, 2, 2], "uv": [33, 228]},
						{"origin": [-15, 523.76474, -9.17108], "size": [1, 1, 2], "uv": [33, 228]},
						{"origin": [-16, 524.76474, -9.17108], "size": [1, 1, 2], "uv": [33, 228]},
						{"origin": [-17, 525.76474, -9.17108], "size": [1, 1, 2], "uv": [33, 228]},
						{"origin": [-4, 525.76474, -9.17108], "size": [1, 1, 2], "uv": [33, 228]},
						{"origin": [-5, 524.76474, -9.17108], "size": [1, 1, 2], "uv": [33, 228]},
						{"origin": [-10, 526.76474, -9.17108], "size": [1, 2, 2], "uv": [33, 228]},
						{"origin": [-6, 523.76474, -9.17108], "size": [1, 1, 2], "uv": [33, 228]},
						{"origin": [-8, 524.76474, -9.17108], "size": [2, 1, 2], "uv": [33, 228]},
						{"origin": [-14, 524.76474, -9.17108], "size": [2, 1, 2], "uv": [33, 228]},
						{"origin": [-12, 525.76474, -9.17108], "size": [4, 1, 2], "uv": [33, 228]}
					]
				},
				{
					"name": "boca",
					"parent": "ad",
					"pivot": [-1.98233, 510.8435, -6.67108],
					"rotation": [32.47531, 0.64261, 1.31433],
					"cubes": [
						{"origin": [-6, 509.76474, -8.17108], "size": [8, 2, 2], "uv": [35, 231]},
						{"origin": [-8, 509.76474, -8.17108], "size": [5, 2, 2], "pivot": [-6, 510.76474, -6.67108], "rotation": [0, 0, 20], "uv": [35, 231]},
						{"origin": [-11.12061, 510.44878, -8.17108], "size": [3, 1, 2], "pivot": [-8, 510.76474, -6.67108], "rotation": [0, 0, 45], "uv": [35, 231]},
						{"origin": [-1, 509.76474, -8.17108], "size": [5, 2, 2], "pivot": [2, 510.76474, -6.67108], "rotation": [0, 0, -22.5], "uv": [35, 231]},
						{"origin": [4.15224, 510.53011, -8.17108], "size": [3, 1, 2], "pivot": [4, 510.76474, -6.67108], "rotation": [0, 0, -37.5], "uv": [35, 231]},
						{"origin": [-4, 508.76474, -8.17108], "size": [4, 3, 2], "uv": [35, 231]},
						{"origin": [-5, 511.76474, -8.17108], "size": [6, 1, 2], "uv": [62, 22]},
						{"origin": [-4, 507.76474, -8.17108], "size": [4, 1, 2], "uv": [62, 22]}
					]
				},
				{
					"name": "part2",
					"parent": "mommylonglegs",
					"pivot": [0, 371, 30]
				},
				{
					"name": "falda",
					"parent": "part2",
					"pivot": [-1.5, 410.5, 35.5],
					"cubes": [
						{"origin": [-8, 369, 30], "size": [13, 41, 11], "uv": [45, 0]},
						{"origin": [-8, 369, 30], "size": [13, 41, 11], "pivot": [-1.5, 389.5, 32.5], "rotation": [0, 0, -90], "uv": [45, 0]},
						{"origin": [-8, 369, 30], "size": [13, 41, 11], "pivot": [-1.5, 389.5, 32.5], "rotation": [0, 0, -55], "uv": [45, 0]},
						{"origin": [-8, 369, 30], "size": [13, 41, 11], "pivot": [-1.5, 389.5, 32.5], "rotation": [0, 0, 35], "uv": [45, 0]},
						{"origin": [-8, 369, 30], "size": [13, 41, 11], "pivot": [-1.5, 389.5, 32.5], "rotation": [0, 0, 57.5], "uv": [45, 0]},
						{"origin": [-8, 369, 30], "size": [13, 41, 11], "pivot": [-1.5, 389.5, 32.5], "rotation": [0, 0, -27.5], "uv": [45, 0]}
					]
				},
				{
					"name": "falda2",
					"parent": "falda",
					"pivot": [-0.5, 389.5, 35.5],
					"rotation": [0, -90, 0],
					"cubes": [
						{"origin": [-7, 369, 30], "size": [13, 41, 11], "uv": [45, 0]},
						{"origin": [-7, 369, 30], "size": [13, 41, 11], "pivot": [-0.5, 389.5, 32.5], "rotation": [0, 0, -90], "uv": [45, 0]},
						{"origin": [-7, 369, 30], "size": [13, 41, 11], "pivot": [-0.5, 389.5, 32.5], "rotation": [0, 0, -55], "uv": [45, 0]},
						{"origin": [-7, 369, 30], "size": [13, 41, 11], "pivot": [-0.5, 389.5, 32.5], "rotation": [0, 0, 35], "uv": [45, 0]},
						{"origin": [-7, 369, 30], "size": [13, 41, 11], "pivot": [-0.5, 389.5, 32.5], "rotation": [0, 0, 57.5], "uv": [45, 0]},
						{"origin": [-7, 369, 30], "size": [13, 41, 11], "pivot": [-0.5, 389.5, 32.5], "rotation": [0, 0, -27.5], "uv": [45, 0]}
					]
				},
				{
					"name": "falda3",
					"parent": "falda",
					"pivot": [-1.5, 389.5, 35.5],
					"rotation": [0, -120, 0],
					"cubes": [
						{"origin": [-8, 369, 30], "size": [13, 41, 11], "uv": [45, 0]},
						{"origin": [-8, 369, 30], "size": [13, 41, 11], "pivot": [-1.5, 389.5, 32.5], "rotation": [0, 0, -90], "uv": [45, 0]},
						{"origin": [-8, 369, 30], "size": [13, 41, 11], "pivot": [-1.5, 389.5, 32.5], "rotation": [0, 0, -55], "uv": [45, 0]},
						{"origin": [-8, 369, 30], "size": [13, 41, 11], "pivot": [-1.5, 389.5, 32.5], "rotation": [0, 0, 35], "uv": [45, 0]},
						{"origin": [-8, 369, 30], "size": [13, 41, 11], "pivot": [-1.5, 389.5, 32.5], "rotation": [0, 0, 57.5], "uv": [45, 0]},
						{"origin": [-8, 369, 30], "size": [13, 41, 11], "pivot": [-1.5, 389.5, 32.5], "rotation": [0, 0, -27.5], "uv": [45, 0]}
					]
				},
				{
					"name": "falda5",
					"parent": "falda",
					"pivot": [-1.5, 389.5, 35.5],
					"rotation": [0, -62.5, 0],
					"cubes": [
						{"origin": [-8, 369, 30], "size": [13, 41, 11], "uv": [45, 0]},
						{"origin": [-8, 369, 30], "size": [13, 41, 11], "pivot": [-1.5, 389.5, 32.5], "rotation": [0, 0, -90], "uv": [45, 0]},
						{"origin": [-8, 369, 30], "size": [13, 41, 11], "pivot": [-1.5, 389.5, 32.5], "rotation": [0, 0, -55], "uv": [45, 0]},
						{"origin": [-8, 369, 30], "size": [13, 41, 11], "pivot": [-1.5, 389.5, 32.5], "rotation": [0, 0, 35], "uv": [45, 0]},
						{"origin": [-8, 369, 30], "size": [13, 41, 11], "pivot": [-1.5, 389.5, 32.5], "rotation": [0, 0, 57.5], "uv": [45, 0]},
						{"origin": [-8, 369, 30], "size": [13, 41, 11], "pivot": [-1.5, 389.5, 32.5], "rotation": [0, 0, -27.5], "uv": [45, 0]}
					]
				},
				{
					"name": "falda6",
					"parent": "falda",
					"pivot": [-1.5, 389.5, 35.5],
					"rotation": [0, -30, 0],
					"cubes": [
						{"origin": [-8, 369, 30], "size": [13, 41, 11], "uv": [45, 0]},
						{"origin": [-8, 369, 30], "size": [13, 41, 11], "pivot": [-1.5, 389.5, 32.5], "rotation": [0, 0, -90], "uv": [45, 0]},
						{"origin": [-8, 369, 30], "size": [13, 41, 11], "pivot": [-1.5, 389.5, 32.5], "rotation": [0, 0, -55], "uv": [45, 0]},
						{"origin": [-8, 369, 30], "size": [13, 41, 11], "pivot": [-1.5, 389.5, 32.5], "rotation": [0, 0, 35], "uv": [45, 0]},
						{"origin": [-8, 369, 30], "size": [13, 41, 11], "pivot": [-1.5, 389.5, 32.5], "rotation": [0, 0, 57.5], "uv": [45, 0]},
						{"origin": [-8, 369, 30], "size": [13, 41, 11], "pivot": [-1.5, 389.5, 32.5], "rotation": [0, 0, -27.5], "uv": [45, 0]}
					]
				},
				{
					"name": "falda4",
					"parent": "falda",
					"pivot": [-1.5, 389.5, 35.5],
					"rotation": [0, -150, 0],
					"cubes": [
						{"origin": [-8, 369, 30], "size": [13, 41, 11], "uv": [45, 0]},
						{"origin": [-8, 369, 30], "size": [13, 41, 11], "pivot": [-1.5, 389.5, 32.5], "rotation": [0, 0, -90], "uv": [45, 0]},
						{"origin": [-8, 369, 30], "size": [13, 41, 11], "pivot": [-1.5, 389.5, 32.5], "rotation": [0, 0, -55], "uv": [45, 0]},
						{"origin": [-8, 369, 30], "size": [13, 41, 11], "pivot": [-1.5, 389.5, 32.5], "rotation": [0, 0, 35], "uv": [45, 0]},
						{"origin": [-8, 369, 30], "size": [13, 41, 11], "pivot": [-1.5, 389.5, 32.5], "rotation": [0, 0, 57.5], "uv": [45, 0]},
						{"origin": [-8, 369, 30], "size": [13, 41, 11], "pivot": [-1.5, 389.5, 32.5], "rotation": [0, 0, -27.5], "uv": [45, 0]}
					]
				},
				{
					"name": "perna",
					"parent": "part2",
					"pivot": [7, 372, 36],
					"rotation": [0, 0, -105]
				},
				{
					"name": "cm30",
					"parent": "perna",
					"pivot": [7, 372.5, 35.5],
					"cubes": [
						{"origin": [5, 361, 33], "size": [3, 11, 5], "uv": [203, 21]},
						{"origin": [6, 368, 32], "size": [1, 1, 3], "uv": [66, 17]},
						{"origin": [4, 361, 34], "size": [5, 11, 3], "uv": [203, 21]}
					]
				},
				{
					"name": "cm31",
					"parent": "cm30",
					"pivot": [7, 361.5, 35.5],
					"cubes": [
						{"origin": [5, 350, 33], "size": [3, 11, 5], "uv": [203, 21]},
						{"origin": [4, 350, 34], "size": [5, 11, 3], "uv": [203, 21]}
					]
				},
				{
					"name": "cm32",
					"parent": "cm31",
					"pivot": [7, 350.5, 35.5],
					"cubes": [
						{"origin": [5, 339, 33], "size": [3, 11, 5], "uv": [203, 21]},
						{"origin": [4, 339, 34], "size": [5, 11, 3], "uv": [203, 21]}
					]
				},
				{
					"name": "cm33",
					"parent": "cm32",
					"pivot": [7, 339.5, 35.5],
					"rotation": [0, 0, 12.5],
					"cubes": [
						{"origin": [5, 328, 33], "size": [3, 11, 5], "uv": [203, 21]},
						{"origin": [4, 328, 34], "size": [5, 11, 3], "uv": [203, 21]}
					]
				},
				{
					"name": "cm34",
					"parent": "cm33",
					"pivot": [7, 328.5, 35.5],
					"rotation": [10.23772, 12.3071, 39.70462],
					"cubes": [
						{"origin": [5, 317, 33], "size": [3, 11, 5], "uv": [203, 21]},
						{"origin": [4, 317, 34], "size": [5, 11, 3], "uv": [203, 21]}
					]
				},
				{
					"name": "bx4",
					"parent": "cm34",
					"pivot": [7, 317.5, 35.5],
					"rotation": [0, 0, 40],
					"cubes": [
						{"origin": [5, 306, 33], "size": [3, 11, 5], "uv": [203, 21]},
						{"origin": [4, 306, 34], "size": [5, 11, 3], "uv": [203, 21]}
					]
				},
				{
					"name": "cm35",
					"parent": "bx4",
					"pivot": [7, 306.5, 35.5],
					"rotation": [15, 0, 17.5],
					"cubes": [
						{"origin": [5, 295, 33], "size": [3, 11, 5], "uv": [203, 21]},
						{"origin": [4, 295, 34], "size": [5, 11, 3], "uv": [203, 21]}
					]
				},
				{
					"name": "cm36",
					"parent": "cm35",
					"pivot": [7, 295.5, 35.5],
					"cubes": [
						{"origin": [5, 284, 33], "size": [3, 11, 5], "uv": [203, 21]},
						{"origin": [4, 284, 34], "size": [5, 11, 3], "uv": [203, 21]}
					]
				},
				{
					"name": "cm37",
					"parent": "cm36",
					"pivot": [7, 284.5, 35.5],
					"cubes": [
						{"origin": [5, 273, 33], "size": [3, 11, 5], "uv": [203, 21]},
						{"origin": [4, 273, 34], "size": [5, 11, 3], "uv": [203, 21]}
					]
				},
				{
					"name": "cm38",
					"parent": "cm37",
					"pivot": [7, 273.5, 35.5],
					"cubes": [
						{"origin": [5, 262, 33], "size": [3, 11, 5], "uv": [203, 21]},
						{"origin": [4, 262, 34], "size": [5, 11, 3], "uv": [203, 21]}
					]
				},
				{
					"name": "cm48",
					"parent": "cm38",
					"pivot": [7, 262.5, 35.5],
					"rotation": [-20, 0, 0],
					"cubes": [
						{"origin": [5, 251, 33], "size": [3, 11, 5], "uv": [203, 21]},
						{"origin": [4, 251, 34], "size": [5, 11, 3], "uv": [203, 21]}
					]
				},
				{
					"name": "sapato3",
					"parent": "cm48",
					"pivot": [7, 251.5, 35.5],
					"cubes": [
						{"origin": [3, 246.5, 31.5], "size": [7, 5, 8], "uv": [190, 219]},
						{"origin": [2, 246.5, 32.5], "size": [9, 5, 6], "uv": [190, 219]},
						{"origin": [1, 246.5, 33.5], "size": [11, 5, 4], "uv": [190, 219]},
						{"origin": [3, 235.5, 33.5], "size": [7, 11, 4], "uv": [190, 219]},
						{"origin": [2, 238.5, 32.5], "size": [9, 2, 7], "uv": [41, 11]},
						{"origin": [2, 233.5, 32.5], "size": [9, 2, 7], "uv": [41, 11]},
						{"origin": [4, 238.5, 31.5], "size": [5, 2, 9], "uv": [41, 11]},
						{"origin": [4, 233.5, 31.5], "size": [5, 2, 9], "uv": [41, 11]},
						{"origin": [4, 225.5, 39.5], "size": [5, 15, 1], "uv": [41, 11]},
						{"origin": [2, 225.5, 37.5], "size": [9, 15, 2], "uv": [41, 11]},
						{"origin": [1, 225.5, 33.5], "size": [2, 15, 4], "uv": [41, 11]},
						{"origin": [1, 225.5, 26.5], "size": [11, 9, 11], "uv": [41, 11]},
						{"origin": [0, 225.5, 22.5], "size": [13, 8, 5], "uv": [41, 11]},
						{"origin": [1, 225.5, 22.5], "size": [11, 10, 5], "uv": [41, 11]},
						{"origin": [3, 225.5, 22.5], "size": [7, 11, 5], "uv": [41, 11]},
						{"origin": [3, 225.5, 20.5], "size": [7, 10, 7], "uv": [41, 11]},
						{"origin": [1, 225.5, 20.5], "size": [11, 9, 2], "uv": [41, 11]},
						{"origin": [1, 225.5, 19.5], "size": [11, 7, 3], "uv": [41, 11]},
						{"origin": [0, 225.5, 21.5], "size": [13, 7, 1], "uv": [41, 11]},
						{"origin": [3, 225.5, 19.5], "size": [7, 9, 8], "uv": [41, 11]},
						{"origin": [3, 225.5, 18.5], "size": [7, 7, 9], "uv": [41, 11]},
						{"origin": [10, 225.5, 33.5], "size": [2, 15, 4], "uv": [41, 11]},
						{"origin": [4, 235.5, 32.5], "size": [5, 11, 6], "uv": [190, 219]},
						{"origin": [0, 247.5, 33.5], "size": [13, 3, 4], "uv": [190, 219]},
						{"origin": [4, 246.5, 30.5], "size": [5, 5, 10], "uv": [190, 219]},
						{"origin": [4, 247.5, 29.5], "size": [5, 3, 12], "uv": [190, 219]},
						{"origin": [3, 247.5, 30.5], "size": [7, 3, 10], "uv": [190, 219]},
						{"origin": [2, 247.5, 31.5], "size": [9, 3, 8], "uv": [190, 219]},
						{"origin": [1, 247.5, 32.5], "size": [11, 3, 6], "uv": [190, 219]}
					]
				},
				{
					"name": "perna2",
					"parent": "part2",
					"pivot": [-9, 372, 36],
					"rotation": [0, 0, 2.5]
				},
				{
					"name": "cm7",
					"parent": "perna2",
					"pivot": [-9, 372.5, 35.5],
					"rotation": [-25.43327, 47.2626, 82.62128],
					"cubes": [
						{"origin": [-11, 361, 33], "size": [3, 11, 5], "uv": [203, 21]},
						{"origin": [-10, 368, 32], "size": [1, 1, 3], "uv": [66, 17]},
						{"origin": [-12, 361, 34], "size": [5, 11, 3], "uv": [203, 21]}
					]
				},
				{
					"name": "cm8",
					"parent": "cm7",
					"pivot": [-9, 361.5, 35.5],
					"cubes": [
						{"origin": [-11, 350, 33], "size": [3, 11, 5], "uv": [203, 21]},
						{"origin": [-12, 350, 34], "size": [5, 11, 3], "uv": [203, 21]}
					]
				},
				{
					"name": "cm9",
					"parent": "cm8",
					"pivot": [-9, 350.5, 35.5],
					"cubes": [
						{"origin": [-11, 339, 33], "size": [3, 11, 5], "uv": [203, 21]},
						{"origin": [-12, 339, 34], "size": [5, 11, 3], "uv": [203, 21]}
					]
				},
				{
					"name": "cm10",
					"parent": "cm9",
					"pivot": [-9, 339.5, 35.5],
					"rotation": [30, 0, 0],
					"cubes": [
						{"origin": [-11, 328, 33], "size": [3, 11, 5], "uv": [203, 21]},
						{"origin": [-12, 328, 34], "size": [5, 11, 3], "uv": [203, 21]}
					]
				},
				{
					"name": "cm16",
					"parent": "cm10",
					"pivot": [-9, 328.5, 35.5],
					"rotation": [45, 0, 0],
					"cubes": [
						{"origin": [-11, 317, 33], "size": [3, 11, 5], "uv": [203, 21]},
						{"origin": [-12, 317, 34], "size": [5, 11, 3], "uv": [203, 21]}
					]
				},
				{
					"name": "bx6",
					"parent": "cm16",
					"pivot": [-9, 317.5, 35.5],
					"rotation": [36.02135, -31.1664, -69.97409],
					"cubes": [
						{"origin": [-11, 306, 33], "size": [3, 11, 5], "uv": [203, 21]},
						{"origin": [-12, 306, 34], "size": [5, 11, 3], "uv": [203, 21]}
					]
				},
				{
					"name": "cm2",
					"parent": "bx6",
					"pivot": [-9, 306.5, 35.5],
					"cubes": [
						{"origin": [-11, 295, 33], "size": [3, 11, 5], "uv": [203, 21]},
						{"origin": [-12, 295, 34], "size": [5, 11, 3], "uv": [203, 21]}
					]
				},
				{
					"name": "cm3",
					"parent": "cm2",
					"pivot": [-9, 295.5, 35.5],
					"rotation": [32.5, 0, 0],
					"cubes": [
						{"origin": [-11, 284, 33], "size": [3, 11, 5], "uv": [203, 21]},
						{"origin": [-12, 284, 34], "size": [5, 11, 3], "uv": [203, 21]}
					]
				},
				{
					"name": "cm4",
					"parent": "cm3",
					"pivot": [-9, 284.5, 35.5],
					"cubes": [
						{"origin": [-11, 273, 33], "size": [3, 11, 5], "uv": [203, 21]},
						{"origin": [-12, 273, 34], "size": [5, 11, 3], "uv": [203, 21]}
					]
				},
				{
					"name": "cm5",
					"parent": "cm4",
					"pivot": [-9, 273.5, 35.5],
					"rotation": [35, 0, 12.5],
					"cubes": [
						{"origin": [-11, 262, 33], "size": [3, 11, 5], "uv": [203, 21]},
						{"origin": [-12, 262, 34], "size": [5, 11, 3], "uv": [203, 21]}
					]
				},
				{
					"name": "cm6",
					"parent": "cm5",
					"pivot": [-9, 262.5, 35.5],
					"rotation": [-70, 0, 0],
					"cubes": [
						{"origin": [-11, 251, 33], "size": [3, 11, 5], "uv": [203, 21]},
						{"origin": [-12, 251, 34], "size": [5, 11, 3], "uv": [203, 21]}
					]
				},
				{
					"name": "sapato4",
					"parent": "cm6",
					"pivot": [-9, 251.5, 35.5],
					"cubes": [
						{"origin": [-13, 246.5, 31.5], "size": [7, 5, 8], "uv": [190, 219]},
						{"origin": [-14, 246.5, 32.5], "size": [9, 5, 6], "uv": [190, 219]},
						{"origin": [-15, 246.5, 33.5], "size": [11, 5, 4], "uv": [190, 219]},
						{"origin": [-13, 235.5, 33.5], "size": [7, 11, 4], "uv": [190, 219]},
						{"origin": [-14, 238.5, 32.5], "size": [9, 2, 7], "uv": [41, 11]},
						{"origin": [-14, 233.5, 32.5], "size": [9, 2, 7], "uv": [41, 11]},
						{"origin": [-12, 238.5, 31.5], "size": [5, 2, 9], "uv": [41, 11]},
						{"origin": [-12, 233.5, 31.5], "size": [5, 2, 9], "uv": [41, 11]},
						{"origin": [-12, 225.5, 39.5], "size": [5, 15, 1], "uv": [41, 11]},
						{"origin": [-14, 225.5, 37.5], "size": [9, 15, 2], "uv": [41, 11]},
						{"origin": [-15, 225.5, 33.5], "size": [2, 15, 4], "uv": [41, 11]},
						{"origin": [-15, 225.5, 26.5], "size": [11, 9, 11], "uv": [41, 11]},
						{"origin": [-16, 225.5, 22.5], "size": [13, 8, 5], "uv": [41, 11]},
						{"origin": [-15, 225.5, 22.5], "size": [11, 10, 5], "uv": [41, 11]},
						{"origin": [-13, 225.5, 22.5], "size": [7, 11, 5], "uv": [41, 11]},
						{"origin": [-13, 225.5, 20.5], "size": [7, 10, 7], "uv": [41, 11]},
						{"origin": [-15, 225.5, 20.5], "size": [11, 9, 2], "uv": [41, 11]},
						{"origin": [-15, 225.5, 19.5], "size": [11, 7, 3], "uv": [41, 11]},
						{"origin": [-16, 225.5, 21.5], "size": [13, 7, 1], "uv": [41, 11]},
						{"origin": [-13, 225.5, 19.5], "size": [7, 9, 8], "uv": [41, 11]},
						{"origin": [-13, 225.5, 18.5], "size": [7, 7, 9], "uv": [41, 11]},
						{"origin": [-6, 225.5, 33.5], "size": [2, 15, 4], "uv": [41, 11]},
						{"origin": [-12, 235.5, 32.5], "size": [5, 11, 6], "uv": [190, 219]},
						{"origin": [-16, 247.5, 33.5], "size": [13, 3, 4], "uv": [190, 219]},
						{"origin": [-12, 246.5, 30.5], "size": [5, 5, 10], "uv": [190, 219]},
						{"origin": [-12, 247.5, 29.5], "size": [5, 3, 12], "uv": [190, 219]},
						{"origin": [-13, 247.5, 30.5], "size": [7, 3, 10], "uv": [190, 219]},
						{"origin": [-14, 247.5, 31.5], "size": [9, 3, 8], "uv": [190, 219]},
						{"origin": [-15, 247.5, 32.5], "size": [11, 3, 6], "uv": [190, 219]}
					]
				}
			]
		}
	]
}