{
	"format_version": "1.12.0",
	"minecraft:geometry": [
		{
			"description": {
				"identifier": "geometry.pluf",
				"texture_width": 128,
				"texture_height": 128,
				"visible_bounds_width": 3,
				"visible_bounds_height": 2.5,
				"visible_bounds_offset": [0, 0.75, 0]
			},
			"bones": [
				{
					"name": "pluf",
					"pivot": [0, 2, 0]
				},
				{
					"name": "corpo",
					"parent": "pluf",
					"pivot": [0, 5, 0],
					"cubes": [
						{"origin": [-3, 3, -6], "size": [7, 4, 13], "uv": [27, 62]},
						{"origin": [-3, 10, -6], "size": [7, 5, 13], "uv": [0, 55]},
						{"origin": [-3, 5, -7], "size": [7, 8, 15], "uv": [33, 24]},
						{"origin": [-5, 5, -6], "size": [11, 7, 13], "uv": [0, 0]},
						{"origin": [-6, 5, -5], "size": [13, 8, 11], "uv": [0, 20]},
						{"origin": [-3, 2, -5], "size": [7, 5, 11], "uv": [70, 0]},
						{"origin": [-3, 11, -5], "size": [7, 5, 11], "uv": [67, 62]},
						{"origin": [-3, 1, -3], "size": [7, 6, 7], "uv": [88, 47]},
						{"origin": [-3, 11, -3], "size": [7, 6, 7], "uv": [36, 83]},
						{"origin": [-2, 15, -2], "size": [5, 4, 5], "uv": [61, 0]},
						{"origin": [-1, 16, -1], "size": [3, 4, 3], "uv": [0, 55]},
						{"origin": [-1, 17, -1], "size": [3, 5, 3], "inflate": -1, "uv": [0, 0]},
						{"origin": [-4, 21, -1], "size": [9, 1, 3], "inflate": -1, "uv": [0, 73]},
						{"origin": [-4, 21, -1], "size": [9, 1, 3], "inflate": -1, "pivot": [0.5, 21.5, 0.5], "rotation": [0, -90, 0], "uv": [70, 16]},
						{"origin": [-5, 2, -3], "size": [11, 5, 7], "uv": [0, 79]},
						{"origin": [-5, 11, -3], "size": [11, 5, 7], "uv": [60, 78]},
						{"origin": [-5, 3, -5], "size": [11, 4, 11], "uv": [37, 9]},
						{"origin": [-5, 10, -5], "size": [11, 5, 11], "uv": [0, 39]},
						{"origin": [-6, 3, -3], "size": [13, 4, 7], "uv": [77, 36]},
						{"origin": [-6, 10, -3], "size": [13, 5, 7], "uv": [62, 24]},
						{"origin": [-7, 5, -3], "size": [15, 8, 7], "uv": [44, 47]}
					]
				},
				{
					"name": "braços",
					"parent": "pluf",
					"pivot": [7.59623, 8, 0.48438],
					"rotation": [0, 0, 12.5],
					"cubes": [
						{"origin": [8, 8, -1], "size": [3, 1, 4], "uv": [29, 79]},
						{"origin": [11, 7, 0], "size": [4, 2, 2], "uv": [35, 9]},
						{"origin": [12, 7, -2], "size": [1, 1, 3], "pivot": [12.5, 7.5, -1], "rotation": [0, -25, 0], "uv": [0, 24]}
					]
				},
				{
					"name": "braços2",
					"parent": "pluf",
					"pivot": [-6.40377, 8, 1.48438],
					"rotation": [-180, 0, 160],
					"cubes": [
						{"origin": [-6, 8, 0], "size": [3, 1, 4], "uv": [27, 55]},
						{"origin": [-3, 7, 1], "size": [4, 2, 2], "uv": [0, 8]},
						{"origin": [1, 7, -3], "size": [1, 1, 3], "pivot": [-1.5, 7.5, 0], "rotation": [0, -122.5, 0], "uv": [0, 20]}
					]
				},
				{
					"name": "pe",
					"parent": "pluf",
					"pivot": [5, 3, -3.3],
					"cubes": [
						{"origin": [2, 2, -10], "size": [6, 2, 7], "uv": [14, 91]},
						{"origin": [3, 1, -10], "size": [4, 4, 7], "uv": [92, 60]},
						{"origin": [4, 0, -10], "size": [2, 6, 7], "uv": [33, 96]},
						{"origin": [4, 1, -11], "size": [2, 4, 10], "uv": [72, 92]},
						{"origin": [3, 2, -11], "size": [4, 2, 10], "uv": [54, 90]}
					]
				},
				{
					"name": "pe2",
					"parent": "pluf",
					"pivot": [-7, 2, -2],
					"cubes": [
						{"origin": [-7, 2, -10], "size": [6, 2, 7], "uv": [35, 0]},
						{"origin": [-6, 1, -10], "size": [4, 4, 7], "uv": [54, 62]},
						{"origin": [-5, 0, -10], "size": [2, 6, 7], "uv": [95, 16]},
						{"origin": [-5, 1, -11], "size": [2, 4, 10], "uv": [0, 91]},
						{"origin": [-6, 2, -11], "size": [4, 2, 10], "uv": [86, 80]}
					]
				}
			]
		}
	]
}