{
	"format_version": "1.12.0",
	"minecraft:geometry": [
		{
			"description": {
				"identifier": "geometry.pug_pillar",
				"texture_width": 260,
				"texture_height": 260,
				"visible_bounds_width": 37,
				"visible_bounds_height": 5.5,
				"visible_bounds_offset": [0, 2.25, 0]
			},
			"bones": [
				{
					"name": "pugpillar",
					"pivot": [0, 4, -43]
				},
				{
					"name": "part1",
					"parent": "pugpillar",
					"pivot": [0, 4, -43]
				},
				{
					"name": "head",
					"parent": "part1",
					"pivot": [0, 21, -65]
				},
				{
					"name": "mask",
					"parent": "head",
					"pivot": [0, 12, -93],
					"cubes": [
						{"origin": [-2, 39, -93], "size": [4, 5, 2], "uv": [0, 0]},
						{"origin": [-3, 37, -93], "size": [6, 3, 2], "uv": [0, 0]},
						{"origin": [-6, 35, -94], "size": [12, 2, 3], "uv": [23, 127]},
						{"origin": [-6, 30, -95], "size": [12, 6, 1], "uv": [23, 127]},
						{"origin": [1, 27, -94], "size": [3, 3, 1], "pivot": [2.5, 26.5, -93.5], "rotation": [0, 0, 15], "uv": [198, 180]},
						{"origin": [-4, 27, -94], "size": [3, 3, 1], "pivot": [-2.5, 26.5, -93.5], "rotation": [0, 0, -10], "uv": [198, 180]},
						{"origin": [5, 27, -93], "size": [3, 3, 1], "uv": [198, 180]},
						{"origin": [-8, 27, -93], "size": [3, 3, 1], "uv": [198, 180]},
						{"origin": [-7, 24, -92], "size": [3, 2, 1], "uv": [198, 180]},
						{"origin": [4, 24, -92], "size": [3, 2, 1], "uv": [198, 180]},
						{"origin": [11, 28, -90], "size": [1, 3, 1], "uv": [198, 180]},
						{"origin": [-12, 28, -90], "size": [1, 3, 1], "uv": [198, 180]},
						{"origin": [9, 28, -91], "size": [2, 3, 1], "uv": [198, 180]},
						{"origin": [-11, 28, -91], "size": [2, 3, 1], "uv": [198, 180]},
						{"origin": [1, 29, -95], "size": [5, 7, 2], "uv": [23, 127]},
						{"origin": [-6, 29, -95], "size": [5, 7, 2], "uv": [23, 127]},
						{"origin": [-2, 36, -96], "size": [4, 2, 3], "uv": [190, 125]},
						{"origin": [-1, 35, -96], "size": [2, 3, 3], "uv": [190, 125]},
						{"origin": [1, 37, -95], "size": [2, 2, 2], "uv": [190, 125]},
						{"origin": [-3, 37, -95], "size": [2, 2, 2], "uv": [190, 125]},
						{"origin": [6, 29, -94], "size": [2, 5, 1], "uv": [23, 127]},
						{"origin": [-8, 29, -94], "size": [2, 5, 1], "uv": [23, 127]},
						{"origin": [6, 34, -93], "size": [2, 2, 3], "uv": [23, 127]},
						{"origin": [-8, 34, -93], "size": [2, 2, 3], "uv": [23, 127]},
						{"origin": [7, 29, -93], "size": [2, 5, 3], "uv": [23, 127]},
						{"origin": [-9, 29, -93], "size": [2, 5, 3], "uv": [23, 127]},
						{"origin": [9, 29, -93], "size": [2, 1, 2], "uv": [23, 127]},
						{"origin": [-11, 29, -93], "size": [2, 1, 2], "uv": [23, 127]},
						{"origin": [-11, 32, -92], "size": [3, 4, 1], "uv": [68, 15]},
						{"origin": [8, 32, -92], "size": [3, 4, 1], "uv": [68, 15]},
						{"origin": [-5, 36, -92], "size": [2, 2, 1], "uv": [68, 15]},
						{"origin": [3, 36, -92], "size": [2, 2, 1], "uv": [68, 15]},
						{"origin": [-11, 36, -91], "size": [6, 1, 2], "uv": [68, 15]},
						{"origin": [5, 36, -91], "size": [6, 1, 2], "uv": [68, 15]},
						{"origin": [-12, 37, -91], "size": [1, 1, 1], "uv": [68, 15]},
						{"origin": [11, 37, -91], "size": [1, 1, 1], "uv": [68, 15]},
						{"origin": [9, 30, -92], "size": [2, 2, 3], "uv": [23, 127]},
						{"origin": [-11, 30, -92], "size": [2, 2, 3], "uv": [23, 127]},
						{"origin": [9, 24, -92], "size": [3, 2, 3], "uv": [23, 127]},
						{"origin": [-12, 24, -92], "size": [3, 2, 3], "uv": [23, 127]},
						{"origin": [5, 23, -93], "size": [4, 2, 3], "uv": [23, 127]},
						{"origin": [-9, 23, -93], "size": [4, 2, 3], "uv": [23, 127]},
						{"origin": [-5, 22, -94], "size": [10, 2, 3], "uv": [23, 127]},
						{"origin": [-3, 19, -95], "size": [6, 5, 1], "uv": [34, 181]},
						{"origin": [-2, 16, -96], "size": [4, 5, 1], "uv": [34, 181]},
						{"origin": [-1, 15, -95], "size": [2, 2, 1], "uv": [34, 181]},
						{"origin": [-3, 24, -94], "size": [6, 1, 7], "uv": [34, 181]},
						{"origin": [-5, 23, -91], "size": [10, 2, 1], "uv": [35, 191]},
						{"origin": [-9, 23, -90], "size": [18, 2, 1], "uv": [35, 191]},
						{"origin": [-12, 24, -89], "size": [24, 2, 2], "uv": [35, 191]},
						{"origin": [-14, 26, -88], "size": [28, 3, 3], "uv": [0, 187]},
						{"origin": [-17, 29, -86], "size": [34, 3, 3], "uv": [0, 187]},
						{"origin": [-15, 26, -87], "size": [30, 3, 2], "uv": [0, 187]},
						{"origin": [11, 29, -91], "size": [2, 6, 3], "uv": [23, 127]},
						{"origin": [-13, 29, -91], "size": [2, 6, 3], "uv": [23, 127]},
						{"origin": [11, 29, -91], "size": [2, 6, 3], "uv": [23, 127]},
						{"origin": [11, 35, -91], "size": [2, 2, 3], "uv": [23, 127]},
						{"origin": [-13, 35, -91], "size": [2, 2, 3], "uv": [23, 127]},
						{"origin": [12, 29, -90], "size": [2, 9, 1], "uv": [23, 127]},
						{"origin": [-14, 29, -90], "size": [2, 9, 1], "uv": [23, 127]},
						{"origin": [12, 25, -91], "size": [2, 2, 3], "uv": [23, 127]},
						{"origin": [-14, 25, -91], "size": [2, 2, 3], "uv": [23, 127]},
						{"origin": [14, 27, -89], "size": [1, 12, 2], "uv": [23, 127]},
						{"origin": [14, 28, -90], "size": [1, 9, 1], "uv": [37, 187]},
						{"origin": [-15, 28, -90], "size": [1, 9, 1], "uv": [37, 187]},
						{"origin": [15, 28, -89], "size": [2, 9, 1], "uv": [37, 187]},
						{"origin": [-17, 28, -89], "size": [2, 9, 1], "uv": [37, 187]},
						{"origin": [17, 29, -88], "size": [1, 7, 1], "uv": [37, 187]},
						{"origin": [-18, 29, -88], "size": [1, 7, 1], "uv": [37, 187]},
						{"origin": [17, 30, -88], "size": [2, 5, 1], "uv": [37, 187]},
						{"origin": [-19, 30, -88], "size": [2, 5, 1], "uv": [37, 187]},
						{"origin": [13, 29, -91], "size": [1, 7, 1], "uv": [37, 187]},
						{"origin": [-14, 29, -91], "size": [1, 7, 1], "uv": [37, 187]},
						{"origin": [12, 30, -92], "size": [1, 5, 1], "uv": [37, 187]},
						{"origin": [-13, 30, -92], "size": [1, 5, 1], "uv": [37, 187]},
						{"origin": [-15, 27, -89], "size": [1, 12, 2], "uv": [23, 127]},
						{"origin": [14, 26, -89], "size": [1, 2, 2], "uv": [23, 127]},
						{"origin": [-15, 26, -89], "size": [1, 2, 2], "uv": [23, 127]},
						{"origin": [15, 27, -88], "size": [2, 12, 2], "uv": [23, 127]},
						{"origin": [-17, 27, -88], "size": [2, 12, 2], "uv": [23, 127]},
						{"origin": [15, 27, -88], "size": [2, 2, 2], "uv": [23, 127]},
						{"origin": [17, 29, -87], "size": [2, 9, 2], "uv": [23, 127]},
						{"origin": [-19, 29, -87], "size": [2, 9, 2], "uv": [23, 127]},
						{"origin": [17, 29, -87], "size": [2, 2, 2], "uv": [23, 127]},
						{"origin": [18, 31, -86], "size": [2, 5, 2], "uv": [23, 127]},
						{"origin": [-20, 31, -86], "size": [2, 5, 2], "uv": [23, 127]},
						{"origin": [-3, 44, -93], "size": [6, 9, 2], "uv": [0, 0]},
						{"origin": [3, 46, -92], "size": [1, 4, 2], "uv": [0, 0]},
						{"origin": [-4, 46, -92], "size": [1, 4, 2], "uv": [0, 0]},
						{"origin": [3, 47, -92], "size": [3, 6, 2], "uv": [0, 0]},
						{"origin": [3, 37, -91], "size": [3, 10, 1], "uv": [207, 180]},
						{"origin": [-6, 37, -91], "size": [3, 10, 1], "uv": [207, 180]},
						{"origin": [6, 37, -90], "size": [4, 11, 1], "uv": [207, 180]},
						{"origin": [-10, 37, -90], "size": [4, 11, 1], "uv": [207, 180]},
						{"origin": [6, 37, -91], "size": [4, 10, 1], "uv": [192, 231]},
						{"origin": [-10, 37, -91], "size": [4, 10, 1], "uv": [192, 231]},
						{"origin": [10, 37, -90], "size": [2, 9, 1], "uv": [192, 231]},
						{"origin": [-12, 37, -90], "size": [2, 9, 1], "uv": [192, 231]},
						{"origin": [4, 38, -92], "size": [2, 8, 1], "uv": [192, 231]},
						{"origin": [-6, 38, -92], "size": [2, 8, 1], "uv": [192, 231]},
						{"origin": [5, 37, -92], "size": [1, 9, 1], "uv": [192, 231]},
						{"origin": [-6, 37, -92], "size": [1, 9, 1], "uv": [192, 231]},
						{"origin": [3, 38, -92], "size": [1, 7, 1], "uv": [192, 231]},
						{"origin": [-4, 38, -92], "size": [1, 7, 1], "uv": [192, 231]},
						{"origin": [2, 40, -93], "size": [1, 3, 1], "uv": [192, 231]},
						{"origin": [-3, 40, -93], "size": [1, 3, 1], "uv": [192, 231]},
						{"origin": [13, 40, -89], "size": [1, 3, 1], "uv": [192, 231]},
						{"origin": [-14, 40, -89], "size": [1, 3, 1], "uv": [192, 231]},
						{"origin": [-13, 38, -89], "size": [1, 7, 1], "uv": [192, 231]},
						{"origin": [12, 38, -89], "size": [1, 7, 1], "uv": [192, 231]},
						{"origin": [10, 37, -89], "size": [2, 11, 1], "uv": [207, 180]},
						{"origin": [-12, 37, -89], "size": [2, 11, 1], "uv": [207, 180]},
						{"origin": [12, 37, -88], "size": [2, 11, 1], "uv": [207, 180]},
						{"origin": [-14, 37, -88], "size": [2, 11, 1], "uv": [207, 180]},
						{"origin": [2, 40, -92], "size": [1, 4, 1], "uv": [207, 180]},
						{"origin": [-3, 40, -92], "size": [1, 4, 1], "uv": [207, 180]},
						{"origin": [-6, 47, -92], "size": [3, 6, 2], "uv": [0, 0]},
						{"origin": [7, 48, -91], "size": [3, 4, 2], "uv": [0, 0]},
						{"origin": [-10, 48, -91], "size": [3, 4, 2], "uv": [0, 0]},
						{"origin": [10, 47, -90], "size": [2, 5, 2], "uv": [0, 0]},
						{"origin": [-12, 47, -90], "size": [2, 5, 2], "uv": [0, 0]},
						{"origin": [12, 46, -89], "size": [1, 5, 2], "uv": [0, 0]},
						{"origin": [-13, 46, -89], "size": [1, 5, 2], "uv": [0, 0]},
						{"origin": [13, 44, -89], "size": [1, 7, 2], "uv": [0, 0]},
						{"origin": [13, 37, -89], "size": [1, 3, 2], "uv": [0, 0]},
						{"origin": [-14, 44, -89], "size": [1, 7, 2], "uv": [0, 0]},
						{"origin": [-14, 37, -89], "size": [1, 3, 2], "uv": [0, 0]},
						{"origin": [14, 37, -88], "size": [1, 13, 4], "uv": [0, 0]},
						{"origin": [-15, 37, -88], "size": [1, 13, 4], "uv": [0, 0]},
						{"origin": [14, 37, -86], "size": [2, 11, 2], "uv": [0, 0]},
						{"origin": [16, 37, -85], "size": [2, 13, 2], "uv": [35, 81]},
						{"origin": [-18, 37, -85], "size": [2, 13, 2], "uv": [35, 81]},
						{"origin": [18, 27, -85], "size": [2, 14, 2], "uv": [35, 81]},
						{"origin": [-20, 27, -85], "size": [2, 14, 2], "uv": [35, 81]},
						{"origin": [17, 44, -83], "size": [2, 6, 13], "uv": [7, 63]},
						{"origin": [-19, 44, -83], "size": [2, 6, 13], "uv": [7, 63]},
						{"origin": [16, 50, -83], "size": [2, 3, 13], "uv": [7, 63]},
						{"origin": [-18, 50, -83], "size": [2, 3, 13], "uv": [7, 63]},
						{"origin": [14, 53, -83], "size": [2, 2, 13], "uv": [7, 63]},
						{"origin": [-16, 53, -83], "size": [2, 2, 13], "uv": [7, 63]},
						{"origin": [12, 55, -83], "size": [2, 2, 13], "uv": [7, 63]},
						{"origin": [-14, 55, -83], "size": [2, 2, 13], "uv": [7, 63]},
						{"origin": [9, 57, -83], "size": [3, 2, 13], "uv": [7, 63]},
						{"origin": [-12, 57, -83], "size": [3, 2, 13], "uv": [7, 63]},
						{"origin": [5, 58, -83], "size": [4, 2, 13], "uv": [7, 63]},
						{"origin": [-9, 58, -83], "size": [4, 2, 13], "uv": [7, 63]},
						{"origin": [-5, 59, -83], "size": [10, 2, 13], "uv": [7, 63]},
						{"origin": [-5, 24, -70], "size": [10, 36, 3], "uv": [7, 63]},
						{"origin": [-5, 22, -67], "size": [10, 35, 3], "uv": [7, 63]},
						{"origin": [-12, 22, -67], "size": [24, 33, 3], "uv": [7, 63]},
						{"origin": [-14, 26, -67], "size": [28, 26, 3], "uv": [7, 63]},
						{"origin": [-15, 24, -67], "size": [30, 24, 3], "uv": [7, 63]},
						{"origin": [-16, 26, -67], "size": [32, 22, 3], "uv": [7, 63]},
						{"origin": [-14, 24, -70], "size": [28, 31, 3], "uv": [7, 63]},
						{"origin": [-16, 24, -70], "size": [32, 29, 3], "uv": [12, 65]},
						{"origin": [-18, 24, -70], "size": [36, 26, 3], "uv": [12, 65]},
						{"origin": [-14, 21, -70], "size": [28, 3, 3], "uv": [12, 65]},
						{"origin": [-8, 19, -70], "size": [16, 2, 3], "uv": [12, 65]},
						{"origin": [-20, 23, -70], "size": [40, 17, 3], "uv": [0, 68]},
						{"origin": [-23, 25, -70], "size": [11, 2, 2], "uv": [0, 68]},
						{"origin": [13, 25, -70], "size": [11, 2, 2], "uv": [0, 68]},
						{"origin": [-12, 24, -70], "size": [24, 34, 3], "uv": [7, 63]},
						{"origin": [-5, 58, -87], "size": [10, 2, 4], "uv": [7, 63]},
						{"origin": [5, 57, -87], "size": [4, 2, 4], "uv": [7, 63]},
						{"origin": [-9, 57, -87], "size": [4, 2, 4], "uv": [7, 63]},
						{"origin": [9, 56, -87], "size": [3, 2, 4], "uv": [7, 63]},
						{"origin": [-12, 56, -87], "size": [3, 2, 4], "uv": [7, 63]},
						{"origin": [12, 54, -86], "size": [2, 2, 3], "uv": [7, 63]},
						{"origin": [-14, 54, -86], "size": [2, 2, 3], "uv": [7, 63]},
						{"origin": [14, 48, -86], "size": [2, 6, 3], "uv": [7, 63]},
						{"origin": [-16, 48, -86], "size": [2, 6, 3], "uv": [7, 63]},
						{"origin": [14, 50, -87], "size": [1, 3, 4], "uv": [7, 63]},
						{"origin": [-15, 50, -87], "size": [1, 3, 4], "uv": [7, 63]},
						{"origin": [12, 53, -88], "size": [2, 2, 2], "uv": [7, 63]},
						{"origin": [-14, 53, -88], "size": [2, 2, 2], "uv": [7, 63]},
						{"origin": [12, 51, -89], "size": [2, 2, 2], "uv": [7, 63]},
						{"origin": [-14, 51, -89], "size": [2, 2, 2], "uv": [7, 63]},
						{"origin": [9, 55, -89], "size": [3, 2, 3], "uv": [7, 63]},
						{"origin": [-12, 55, -89], "size": [3, 2, 3], "uv": [7, 63]},
						{"origin": [9, 52, -90], "size": [3, 3, 2], "uv": [7, 63]},
						{"origin": [-12, 52, -90], "size": [3, 3, 2], "uv": [7, 63]},
						{"origin": [5, 56, -89], "size": [4, 2, 2], "uv": [7, 63]},
						{"origin": [-9, 56, -89], "size": [4, 2, 2], "uv": [7, 63]},
						{"origin": [5, 53, -91], "size": [4, 3, 2], "uv": [7, 63]},
						{"origin": [-9, 53, -91], "size": [4, 3, 2], "uv": [7, 63]},
						{"origin": [7, 52, -91], "size": [2, 3, 2], "uv": [7, 63]},
						{"origin": [-9, 52, -91], "size": [2, 3, 2], "uv": [7, 63]},
						{"origin": [-5, 57, -89], "size": [10, 2, 2], "uv": [7, 63]},
						{"origin": [-8, 55, -87], "size": [6, 4, 3], "pivot": [2, 57, -88], "rotation": [0, 0, 17.5], "uv": [7, 63]},
						{"origin": [3.04663, 60.08366, -87], "size": [6, 4, 3], "pivot": [8.43936, 54.32924, -85.5], "rotation": [1.81693, -19.92066, 139.6809], "uv": [7, 63]},
						{"origin": [12.73082, 55.83336, -88.04402], "size": [4, 2, 2], "pivot": [15.55598, 53.96393, -87.52036], "rotation": [7.92945, -18.42031, 121.21227], "uv": [7, 63]},
						{"origin": [14.73082, 48.83336, -86.04402], "size": [4, 2, 2], "pivot": [15.55598, 53.96393, -87.52036], "rotation": [11.06517, -16.76559, 110.86446], "uv": [7, 63]},
						{"origin": [-1, 59, -79], "size": [6, 4, 3], "pivot": [2, 57, -88], "rotation": [0, 0, 40], "uv": [7, 63]},
						{"origin": [-4, 60, -78], "size": [6, 2, 2], "pivot": [2, 57, -88], "rotation": [0, 0, 40], "uv": [7, 63]},
						{"origin": [-9, 53, -86], "size": [6, 2, 2], "pivot": [2, 57, -88], "rotation": [0, 0, 40], "uv": [7, 63]},
						{"origin": [-5, 55, -91], "size": [10, 2, 2], "uv": [7, 63]},
						{"origin": [-5, 53, -92], "size": [10, 2, 2], "uv": [7, 63]},
						{"origin": [18, 39, -83], "size": [2, 6, 13], "uv": [7, 63]},
						{"origin": [-20, 39, -83], "size": [2, 6, 13], "uv": [7, 63]},
						{"origin": [19, 33, -83], "size": [2, 6, 13], "uv": [7, 63]},
						{"origin": [-21, 33, -83], "size": [2, 6, 13], "uv": [7, 63]},
						{"origin": [20, 27, -83], "size": [2, 6, 13], "uv": [7, 63]},
						{"origin": [-22, 27, -83], "size": [2, 6, 13], "uv": [7, 63]},
						{"origin": [21, 27, -83], "size": [2, 2, 13], "uv": [7, 63]},
						{"origin": [-23, 27, -83], "size": [2, 2, 13], "uv": [7, 63]},
						{"origin": [-26, 25, -83], "size": [3, 2, 13], "uv": [7, 63]},
						{"origin": [23, 25, -83], "size": [3, 2, 13], "uv": [7, 63]},
						{"origin": [20, 23, -83], "size": [3, 2, 13], "uv": [7, 63]},
						{"origin": [-23, 23, -83], "size": [3, 2, 13], "uv": [7, 63]},
						{"origin": [14, 21, -83], "size": [6, 2, 13], "uv": [7, 63]},
						{"origin": [-20, 21, -83], "size": [6, 2, 13], "uv": [7, 63]},
						{"origin": [15, 23, -86], "size": [6, 2, 3], "uv": [7, 63]},
						{"origin": [-20, 23, -86], "size": [6, 2, 3], "uv": [7, 63]},
						{"origin": [14, 25, -88], "size": [6, 2, 2], "uv": [7, 63]},
						{"origin": [-20, 25, -88], "size": [6, 2, 2], "uv": [7, 63]},
						{"origin": [17, 25, -87], "size": [3, 4, 3], "uv": [7, 63]},
						{"origin": [-20, 25, -87], "size": [3, 4, 3], "uv": [7, 63]},
						{"origin": [20, 25, -86], "size": [3, 2, 3], "uv": [7, 63]},
						{"origin": [-23, 25, -86], "size": [3, 2, 3], "uv": [7, 63]},
						{"origin": [-22, 26, -85], "size": [2, 3, 2], "uv": [7, 63]},
						{"origin": [20, 26, -85], "size": [2, 3, 2], "uv": [7, 63]},
						{"origin": [14, 24, -88], "size": [3, 3, 2], "uv": [7, 63]},
						{"origin": [-17, 24, -88], "size": [3, 3, 2], "uv": [7, 63]},
						{"origin": [14, 23, -87], "size": [3, 4, 1], "uv": [7, 63]},
						{"origin": [-17, 23, -87], "size": [3, 4, 1], "uv": [7, 63]},
						{"origin": [8, 19, -83], "size": [6, 2, 13], "uv": [7, 63]},
						{"origin": [-14, 19, -83], "size": [6, 2, 13], "uv": [7, 63]},
						{"origin": [8, 21, -88], "size": [6, 2, 5], "uv": [7, 63]},
						{"origin": [-14, 21, -88], "size": [6, 2, 5], "uv": [7, 63]},
						{"origin": [8, 23, -90], "size": [6, 2, 3], "uv": [7, 63]},
						{"origin": [-14, 23, -90], "size": [6, 2, 3], "uv": [7, 63]},
						{"origin": [-8, 17, -83], "size": [16, 2, 13], "uv": [7, 63]},
						{"origin": [-8, 19, -88], "size": [16, 2, 5], "uv": [7, 63]},
						{"origin": [-8, 21, -92], "size": [16, 2, 4], "uv": [7, 63]},
						{"origin": [-16, 37, -86], "size": [2, 11, 2], "uv": [0, 0]},
						{"origin": [6, 48, -91], "size": [1, 5, 2], "uv": [0, 0]},
						{"origin": [-7, 48, -91], "size": [1, 5, 2], "uv": [0, 0]}
					]
				},
				{
					"name": "ouvido",
					"parent": "head",
					"pivot": [15.5, 56.25, -76.5],
					"rotation": [-2.4905, 0.21782, -25.00473],
					"cubes": [
						{"origin": [13, 35, -83], "size": [5, 21, 13], "uv": [23, 4]},
						{"origin": [12, 35, -82], "size": [7, 21, 11], "uv": [23, 4]},
						{"origin": [11, 35, -80], "size": [9, 21, 7], "uv": [23, 4]},
						{"origin": [12, 32, -80], "size": [7, 26, 7], "uv": [23, 4]},
						{"origin": [13, 31, -80], "size": [5, 28, 7], "uv": [23, 4]},
						{"origin": [13, 32, -82], "size": [5, 26, 11], "uv": [23, 4]}
					]
				},
				{
					"name": "ouvido2",
					"parent": "head",
					"pivot": [-13.5, 56.25, -76.5],
					"rotation": [-1.2506, 2.16489, 29.97637],
					"cubes": [
						{"origin": [-16, 35, -83], "size": [5, 21, 13], "uv": [23, 4]},
						{"origin": [-17, 35, -82], "size": [7, 21, 11], "uv": [23, 4]},
						{"origin": [-18, 35, -80], "size": [9, 21, 7], "uv": [23, 4]},
						{"origin": [-17, 32, -80], "size": [7, 26, 7], "uv": [23, 4]},
						{"origin": [-16, 31, -80], "size": [5, 28, 7], "uv": [23, 4]},
						{"origin": [-16, 32, -82], "size": [5, 26, 11], "uv": [23, 4]}
					]
				},
				{
					"name": "parte",
					"parent": "part1",
					"pivot": [0, 28, -63]
				},
				{
					"name": "corpo",
					"parent": "parte",
					"pivot": [-0.16667, 28.5, -44.5],
					"cubes": [
						{"origin": [-12, 11, -52], "size": [22, 41, 19], "uv": [0, 0]},
						{"origin": [-15, 13, -52], "size": [28, 37, 19], "uv": [0, 0]},
						{"origin": [-19, 17, -52], "size": [37, 29, 19], "uv": [0, 0]},
						{"origin": [-21, 20, -52], "size": [41, 23, 19], "uv": [0, 0]},
						{"origin": [-23, 23, -52], "size": [45, 17, 19], "uv": [0, 0]},
						{"origin": [-19, 20, -55], "size": [37, 23, 25], "uv": [0, 0]},
						{"origin": [-17, 17, -55], "size": [33, 29, 25], "uv": [0, 0]},
						{"origin": [-15, 15, -55], "size": [28, 33, 25], "uv": [0, 0]},
						{"origin": [-14, 17, -58], "size": [27, 29, 31], "uv": [0, 0]},
						{"origin": [-14, 20, -60], "size": [27, 23, 35], "uv": [0, 0]},
						{"origin": [-17, 20, -58], "size": [32, 23, 31], "uv": [0, 0]},
						{"origin": [-21, 23, -55], "size": [41, 17, 25], "uv": [0, 0]},
						{"origin": [-19, 23, -58], "size": [37, 17, 31], "uv": [0, 0]},
						{"origin": [-17, 23, -60], "size": [33, 17, 35], "uv": [0, 0]},
						{"origin": [-14, 23, -62], "size": [27, 17, 39], "uv": [0, 0]},
						{"origin": [-17, 15, -52], "size": [33, 33, 19], "uv": [0, 0]}
					]
				},
				{
					"name": "corpo2",
					"parent": "corpo",
					"pivot": [-0.16667, 28.5, -43.5],
					"rotation": [0, -90, 0],
					"cubes": [
						{"origin": [-10, 11, -51], "size": [21, 41, 16], "uv": [0, 0]},
						{"origin": [-13, 13, -51], "size": [27, 37, 16], "uv": [0, 0]},
						{"origin": [-17, 17, -51], "size": [36, 29, 16], "uv": [0, 0]},
						{"origin": [-19, 20, -51], "size": [40, 23, 16], "uv": [0, 0]},
						{"origin": [-21, 23, -51], "size": [44, 17, 16], "uv": [0, 0]},
						{"origin": [-15, 15, -51], "size": [32, 33, 16], "uv": [0, 0]}
					]
				},
				{
					"name": "pe",
					"parent": "parte",
					"pivot": [13.61283, 12.9741, -46],
					"cubes": [
						{"origin": [13, 14, -45], "size": [11, 4, 2], "uv": [58, 138]},
						{"origin": [13, 15, -46], "size": [10, 2, 4], "uv": [58, 138]},
						{"origin": [23, 7, -47], "size": [3, 1, 6], "uv": [54, 89]},
						{"origin": [22, 7, -46], "size": [5, 1, 4], "uv": [54, 89]},
						{"origin": [21, 5, -46], "size": [7, 2, 4], "uv": [54, 89]},
						{"origin": [20, 0, -46], "size": [9, 5, 4], "uv": [54, 89]},
						{"origin": [23, 5, -48], "size": [3, 2, 8], "uv": [54, 89]},
						{"origin": [23, 4, -49], "size": [3, 2, 9], "uv": [54, 89]},
						{"origin": [23, 0, -51], "size": [3, 5, 11], "uv": [54, 89]},
						{"origin": [23, 0, -53], "size": [3, 4, 2], "uv": [54, 89]},
						{"origin": [23, 1, -55], "size": [3, 4, 2], "uv": [54, 89]},
						{"origin": [24, 4, -56], "size": [1, 3, 2], "uv": [54, 89]},
						{"origin": [21, 0, -49], "size": [7, 5, 9], "uv": [54, 89]},
						{"origin": [22, 5, -48], "size": [5, 1, 7], "uv": [54, 89]},
						{"origin": [21, 7, -45], "size": [4, 10, 2], "pivot": [23, 14, -44], "rotation": [0, 0, -7.5], "uv": [58, 138]},
						{"origin": [22, 7, -46], "size": [2, 10, 4], "pivot": [23, 14, -44], "rotation": [0, 0, -7.5], "uv": [58, 138]}
					]
				},
				{
					"name": "pe2",
					"parent": "parte",
					"pivot": [-16.38717, 12.9741, -46],
					"cubes": [
						{"origin": [-27, 14, -45], "size": [11, 4, 2], "uv": [58, 138]},
						{"origin": [-27, 15, -46], "size": [10, 2, 4], "uv": [58, 138]},
						{"origin": [-28, 7, -47], "size": [3, 1, 6], "uv": [54, 89]},
						{"origin": [-29, 7, -46], "size": [5, 1, 4], "uv": [54, 89]},
						{"origin": [-30, 5, -46], "size": [7, 2, 4], "uv": [54, 89]},
						{"origin": [-31, 0, -46], "size": [9, 5, 4], "uv": [54, 89]},
						{"origin": [-28, 5, -48], "size": [3, 2, 8], "uv": [54, 89]},
						{"origin": [-28, 4, -49], "size": [3, 2, 9], "uv": [54, 89]},
						{"origin": [-28, 0, -51], "size": [3, 5, 11], "uv": [54, 89]},
						{"origin": [-28, 0, -53], "size": [3, 4, 2], "uv": [54, 89]},
						{"origin": [-28, 1, -55], "size": [3, 4, 2], "uv": [54, 89]},
						{"origin": [-27, 4, -56], "size": [1, 3, 2], "uv": [54, 89]},
						{"origin": [-30, 0, -49], "size": [7, 5, 9], "uv": [54, 89]},
						{"origin": [-29, 5, -48], "size": [5, 1, 7], "uv": [54, 89]},
						{"origin": [-28.81671, 7.05353, -45], "size": [4, 10, 2], "pivot": [-27, 5, -44], "rotation": [0, 0, 7.5], "uv": [58, 138]},
						{"origin": [-27.81671, 7.05353, -46], "size": [2, 10, 4], "pivot": [-27, 5, -44], "rotation": [0, 0, 7.5], "uv": [58, 138]}
					]
				},
				{
					"name": "parte2",
					"parent": "parte",
					"pivot": [0, 28, -19]
				},
				{
					"name": "corpo3",
					"parent": "parte2",
					"pivot": [-0.16667, 28.5, -0.5],
					"cubes": [
						{"origin": [-12, 11, -8], "size": [22, 41, 19], "uv": [124, 40]},
						{"origin": [-15, 13, -8], "size": [28, 37, 19], "uv": [124, 40]},
						{"origin": [-19, 17, -8], "size": [37, 29, 19], "uv": [124, 40]},
						{"origin": [-21, 20, -8], "size": [41, 23, 19], "uv": [124, 40]},
						{"origin": [-23, 23, -8], "size": [45, 17, 19], "uv": [124, 40]},
						{"origin": [-19, 20, -11], "size": [37, 23, 25], "uv": [124, 40]},
						{"origin": [-17, 17, -11], "size": [33, 29, 25], "uv": [124, 40]},
						{"origin": [-15, 15, -11], "size": [28, 33, 25], "uv": [124, 40]},
						{"origin": [-14, 17, -14], "size": [27, 29, 31], "uv": [124, 40]},
						{"origin": [-14, 20, -16], "size": [27, 23, 35], "uv": [124, 40]},
						{"origin": [-17, 20, -14], "size": [32, 23, 31], "uv": [124, 40]},
						{"origin": [-21, 23, -11], "size": [41, 17, 25], "uv": [124, 40]},
						{"origin": [-19, 23, -14], "size": [37, 17, 31], "uv": [124, 40]},
						{"origin": [-17, 23, -16], "size": [33, 17, 35], "uv": [124, 40]},
						{"origin": [-14, 23, -18], "size": [27, 17, 39], "uv": [124, 40]},
						{"origin": [-17, 15, -8], "size": [33, 33, 19], "uv": [124, 40]}
					]
				},
				{
					"name": "corpo4",
					"parent": "corpo3",
					"pivot": [-0.16667, 28.5, 0.5],
					"rotation": [0, -90, 0],
					"cubes": [
						{"origin": [-10, 11, -7], "size": [21, 41, 16], "uv": [124, 40]},
						{"origin": [-13, 13, -7], "size": [27, 37, 16], "uv": [124, 40]},
						{"origin": [-17, 17, -7], "size": [36, 29, 16], "uv": [124, 40]},
						{"origin": [-19, 20, -7], "size": [40, 23, 16], "uv": [124, 40]},
						{"origin": [-21, 23, -7], "size": [44, 17, 16], "uv": [124, 40]},
						{"origin": [-15, 15, -7], "size": [32, 33, 16], "uv": [124, 40]}
					]
				},
				{
					"name": "pe3",
					"parent": "parte2",
					"pivot": [13.61283, 12.9741, -2],
					"cubes": [
						{"origin": [13, 14, -1], "size": [11, 4, 2], "uv": [58, 138]},
						{"origin": [13, 15, -2], "size": [10, 2, 4], "uv": [58, 138]},
						{"origin": [23, 7, -3], "size": [3, 1, 6], "uv": [54, 89]},
						{"origin": [22, 7, -2], "size": [5, 1, 4], "uv": [54, 89]},
						{"origin": [21, 5, -2], "size": [7, 2, 4], "uv": [54, 89]},
						{"origin": [20, 0, -2], "size": [9, 5, 4], "uv": [54, 89]},
						{"origin": [23, 5, -4], "size": [3, 2, 8], "uv": [54, 89]},
						{"origin": [23, 4, -5], "size": [3, 2, 9], "uv": [54, 89]},
						{"origin": [23, 0, -7], "size": [3, 5, 11], "uv": [54, 89]},
						{"origin": [23, 0, -9], "size": [3, 4, 2], "uv": [54, 89]},
						{"origin": [23, 1, -11], "size": [3, 4, 2], "uv": [54, 89]},
						{"origin": [24, 4, -12], "size": [1, 3, 2], "uv": [54, 89]},
						{"origin": [21, 0, -5], "size": [7, 5, 9], "uv": [54, 89]},
						{"origin": [22, 5, -4], "size": [5, 1, 7], "uv": [54, 89]},
						{"origin": [21, 7, -1], "size": [4, 10, 2], "pivot": [23, 14, 0], "rotation": [0, 0, -7.5], "uv": [58, 138]},
						{"origin": [22, 7, -2], "size": [2, 10, 4], "pivot": [23, 14, 0], "rotation": [0, 0, -7.5], "uv": [58, 138]}
					]
				},
				{
					"name": "pe4",
					"parent": "parte2",
					"pivot": [-16.38717, 12.9741, -2],
					"cubes": [
						{"origin": [-27, 14, -1], "size": [11, 4, 2], "uv": [58, 138]},
						{"origin": [-27, 15, -2], "size": [10, 2, 4], "uv": [58, 138]},
						{"origin": [-28, 7, -3], "size": [3, 1, 6], "uv": [54, 89]},
						{"origin": [-29, 7, -2], "size": [5, 1, 4], "uv": [54, 89]},
						{"origin": [-30, 5, -2], "size": [7, 2, 4], "uv": [54, 89]},
						{"origin": [-31, 0, -2], "size": [9, 5, 4], "uv": [54, 89]},
						{"origin": [-28, 5, -4], "size": [3, 2, 8], "uv": [54, 89]},
						{"origin": [-28, 4, -5], "size": [3, 2, 9], "uv": [54, 89]},
						{"origin": [-28, 0, -7], "size": [3, 5, 11], "uv": [54, 89]},
						{"origin": [-28, 0, -9], "size": [3, 4, 2], "uv": [54, 89]},
						{"origin": [-28, 1, -11], "size": [3, 4, 2], "uv": [54, 89]},
						{"origin": [-27, 4, -12], "size": [1, 3, 2], "uv": [54, 89]},
						{"origin": [-30, 0, -5], "size": [7, 5, 9], "uv": [54, 89]},
						{"origin": [-29, 5, -4], "size": [5, 1, 7], "uv": [54, 89]},
						{"origin": [-28.81671, 7.05353, -1], "size": [4, 10, 2], "pivot": [-27, 5, 0], "rotation": [0, 0, 7.5], "uv": [58, 138]},
						{"origin": [-27.81671, 7.05353, -2], "size": [2, 10, 4], "pivot": [-27, 5, 0], "rotation": [0, 0, 7.5], "uv": [58, 138]}
					]
				},
				{
					"name": "parte3",
					"parent": "parte2",
					"pivot": [0, 28, 25]
				},
				{
					"name": "corpo5",
					"parent": "parte3",
					"pivot": [-0.16667, 28.5, 43.5],
					"cubes": [
						{"origin": [-12, 11, 36], "size": [22, 41, 19], "uv": [0, 0]},
						{"origin": [-15, 13, 36], "size": [28, 37, 19], "uv": [0, 0]},
						{"origin": [-19, 17, 36], "size": [37, 29, 19], "uv": [0, 0]},
						{"origin": [-21, 20, 36], "size": [41, 23, 19], "uv": [0, 0]},
						{"origin": [-23, 23, 36], "size": [45, 17, 19], "uv": [0, 0]},
						{"origin": [-19, 20, 33], "size": [37, 23, 25], "uv": [0, 0]},
						{"origin": [-17, 17, 33], "size": [33, 29, 25], "uv": [0, 0]},
						{"origin": [-15, 15, 33], "size": [28, 33, 25], "uv": [0, 0]},
						{"origin": [-14, 17, 30], "size": [27, 29, 31], "uv": [0, 0]},
						{"origin": [-14, 20, 28], "size": [27, 23, 35], "uv": [0, 0]},
						{"origin": [-17, 20, 30], "size": [32, 23, 31], "uv": [0, 0]},
						{"origin": [-21, 23, 33], "size": [41, 17, 25], "uv": [0, 0]},
						{"origin": [-19, 23, 30], "size": [37, 17, 31], "uv": [0, 0]},
						{"origin": [-17, 23, 28], "size": [33, 17, 35], "uv": [0, 0]},
						{"origin": [-14, 23, 26], "size": [27, 17, 39], "uv": [0, 0]},
						{"origin": [-17, 15, 36], "size": [33, 33, 19], "uv": [0, 0]}
					]
				},
				{
					"name": "corpo6",
					"parent": "corpo5",
					"pivot": [-0.16667, 28.5, 44.5],
					"rotation": [0, -90, 0],
					"cubes": [
						{"origin": [-10, 11, 37], "size": [21, 41, 16], "uv": [0, 0]},
						{"origin": [-13, 13, 37], "size": [27, 37, 16], "uv": [0, 0]},
						{"origin": [-17, 17, 37], "size": [36, 29, 16], "uv": [0, 0]},
						{"origin": [-19, 20, 37], "size": [40, 23, 16], "uv": [0, 0]},
						{"origin": [-21, 23, 37], "size": [44, 17, 16], "uv": [0, 0]},
						{"origin": [-15, 15, 37], "size": [32, 33, 16], "uv": [0, 0]}
					]
				},
				{
					"name": "pe5",
					"parent": "parte3",
					"pivot": [13.61283, 12.9741, 42],
					"cubes": [
						{"origin": [13, 14, 43], "size": [11, 4, 2], "uv": [58, 138]},
						{"origin": [13, 15, 42], "size": [10, 2, 4], "uv": [58, 138]},
						{"origin": [23, 7, 41], "size": [3, 1, 6], "uv": [54, 89]},
						{"origin": [22, 7, 42], "size": [5, 1, 4], "uv": [54, 89]},
						{"origin": [21, 5, 42], "size": [7, 2, 4], "uv": [54, 89]},
						{"origin": [20, 0, 42], "size": [9, 5, 4], "uv": [54, 89]},
						{"origin": [23, 5, 40], "size": [3, 2, 8], "uv": [54, 89]},
						{"origin": [23, 4, 39], "size": [3, 2, 9], "uv": [54, 89]},
						{"origin": [23, 0, 37], "size": [3, 5, 11], "uv": [54, 89]},
						{"origin": [23, 0, 35], "size": [3, 4, 2], "uv": [54, 89]},
						{"origin": [23, 1, 33], "size": [3, 4, 2], "uv": [54, 89]},
						{"origin": [24, 4, 32], "size": [1, 3, 2], "uv": [54, 89]},
						{"origin": [21, 0, 39], "size": [7, 5, 9], "uv": [54, 89]},
						{"origin": [22, 5, 40], "size": [5, 1, 7], "uv": [54, 89]},
						{"origin": [21, 7, 43], "size": [4, 10, 2], "pivot": [23, 14, 44], "rotation": [0, 0, -7.5], "uv": [58, 138]},
						{"origin": [22, 7, 42], "size": [2, 10, 4], "pivot": [23, 14, 44], "rotation": [0, 0, -7.5], "uv": [58, 138]}
					]
				},
				{
					"name": "pe6",
					"parent": "parte3",
					"pivot": [-16.38717, 12.9741, 42],
					"cubes": [
						{"origin": [-27, 14, 43], "size": [11, 4, 2], "uv": [58, 138]},
						{"origin": [-27, 15, 42], "size": [10, 2, 4], "uv": [58, 138]},
						{"origin": [-28, 7, 41], "size": [3, 1, 6], "uv": [54, 89]},
						{"origin": [-29, 7, 42], "size": [5, 1, 4], "uv": [54, 89]},
						{"origin": [-30, 5, 42], "size": [7, 2, 4], "uv": [54, 89]},
						{"origin": [-31, 0, 42], "size": [9, 5, 4], "uv": [54, 89]},
						{"origin": [-28, 5, 40], "size": [3, 2, 8], "uv": [54, 89]},
						{"origin": [-28, 4, 39], "size": [3, 2, 9], "uv": [54, 89]},
						{"origin": [-28, 0, 37], "size": [3, 5, 11], "uv": [54, 89]},
						{"origin": [-28, 0, 35], "size": [3, 4, 2], "uv": [54, 89]},
						{"origin": [-28, 1, 33], "size": [3, 4, 2], "uv": [54, 89]},
						{"origin": [-27, 4, 32], "size": [1, 3, 2], "uv": [54, 89]},
						{"origin": [-30, 0, 39], "size": [7, 5, 9], "uv": [54, 89]},
						{"origin": [-29, 5, 40], "size": [5, 1, 7], "uv": [54, 89]},
						{"origin": [-28.81671, 7.05353, 43], "size": [4, 10, 2], "pivot": [-27, 5, 44], "rotation": [0, 0, 7.5], "uv": [58, 138]},
						{"origin": [-27.81671, 7.05353, 42], "size": [2, 10, 4], "pivot": [-27, 5, 44], "rotation": [0, 0, 7.5], "uv": [58, 138]}
					]
				},
				{
					"name": "parte4",
					"parent": "parte3",
					"pivot": [0, 28, 69]
				},
				{
					"name": "corpo7",
					"parent": "parte4",
					"pivot": [-0.16667, 28.5, 87.5],
					"cubes": [
						{"origin": [-12, 11, 80], "size": [22, 41, 19], "uv": [124, 40]},
						{"origin": [-15, 13, 80], "size": [28, 37, 19], "uv": [124, 40]},
						{"origin": [-19, 17, 80], "size": [37, 29, 19], "uv": [124, 40]},
						{"origin": [-21, 20, 80], "size": [41, 23, 19], "uv": [124, 40]},
						{"origin": [-23, 23, 80], "size": [45, 17, 19], "uv": [124, 40]},
						{"origin": [-19, 20, 77], "size": [37, 23, 25], "uv": [124, 40]},
						{"origin": [-17, 17, 77], "size": [33, 29, 25], "uv": [124, 40]},
						{"origin": [-15, 15, 77], "size": [28, 33, 25], "uv": [124, 40]},
						{"origin": [-14, 17, 74], "size": [27, 29, 31], "uv": [124, 40]},
						{"origin": [-14, 20, 72], "size": [27, 23, 35], "uv": [124, 40]},
						{"origin": [-17, 20, 74], "size": [32, 23, 31], "uv": [124, 40]},
						{"origin": [-21, 23, 77], "size": [41, 17, 25], "uv": [124, 40]},
						{"origin": [-19, 23, 74], "size": [37, 17, 31], "uv": [124, 40]},
						{"origin": [-17, 23, 72], "size": [33, 17, 35], "uv": [124, 40]},
						{"origin": [-14, 23, 70], "size": [27, 17, 39], "uv": [124, 40]},
						{"origin": [-17, 15, 80], "size": [33, 33, 19], "uv": [124, 40]}
					]
				},
				{
					"name": "corpo8",
					"parent": "corpo7",
					"pivot": [-0.16667, 28.5, 88.5],
					"rotation": [0, -90, 0],
					"cubes": [
						{"origin": [-10, 11, 81], "size": [21, 41, 16], "uv": [124, 40]},
						{"origin": [-13, 13, 81], "size": [27, 37, 16], "uv": [124, 40]},
						{"origin": [-17, 17, 81], "size": [36, 29, 16], "uv": [124, 40]},
						{"origin": [-19, 20, 81], "size": [40, 23, 16], "uv": [124, 40]},
						{"origin": [-21, 23, 81], "size": [44, 17, 16], "uv": [124, 40]},
						{"origin": [-15, 15, 81], "size": [32, 33, 16], "uv": [124, 40]}
					]
				},
				{
					"name": "pe7",
					"parent": "parte4",
					"pivot": [13.61283, 12.9741, 86],
					"cubes": [
						{"origin": [13, 14, 87], "size": [11, 4, 2], "uv": [58, 138]},
						{"origin": [13, 15, 86], "size": [10, 2, 4], "uv": [58, 138]},
						{"origin": [23, 7, 85], "size": [3, 1, 6], "uv": [54, 89]},
						{"origin": [22, 7, 86], "size": [5, 1, 4], "uv": [54, 89]},
						{"origin": [21, 5, 86], "size": [7, 2, 4], "uv": [54, 89]},
						{"origin": [20, 0, 86], "size": [9, 5, 4], "uv": [54, 89]},
						{"origin": [23, 5, 84], "size": [3, 2, 8], "uv": [54, 89]},
						{"origin": [23, 4, 83], "size": [3, 2, 9], "uv": [54, 89]},
						{"origin": [23, 0, 81], "size": [3, 5, 11], "uv": [54, 89]},
						{"origin": [23, 0, 79], "size": [3, 4, 2], "uv": [54, 89]},
						{"origin": [23, 1, 77], "size": [3, 4, 2], "uv": [54, 89]},
						{"origin": [24, 4, 76], "size": [1, 3, 2], "uv": [54, 89]},
						{"origin": [21, 0, 83], "size": [7, 5, 9], "uv": [54, 89]},
						{"origin": [22, 5, 84], "size": [5, 1, 7], "uv": [54, 89]},
						{"origin": [21, 7, 87], "size": [4, 10, 2], "pivot": [23, 14, 88], "rotation": [0, 0, -7.5], "uv": [58, 138]},
						{"origin": [22, 7, 86], "size": [2, 10, 4], "pivot": [23, 14, 88], "rotation": [0, 0, -7.5], "uv": [58, 138]}
					]
				},
				{
					"name": "pe8",
					"parent": "parte4",
					"pivot": [-16.38717, 12.9741, 86],
					"cubes": [
						{"origin": [-27, 14, 87], "size": [11, 4, 2], "uv": [58, 138]},
						{"origin": [-27, 15, 86], "size": [10, 2, 4], "uv": [58, 138]},
						{"origin": [-28, 7, 85], "size": [3, 1, 6], "uv": [54, 89]},
						{"origin": [-29, 7, 86], "size": [5, 1, 4], "uv": [54, 89]},
						{"origin": [-30, 5, 86], "size": [7, 2, 4], "uv": [54, 89]},
						{"origin": [-31, 0, 86], "size": [9, 5, 4], "uv": [54, 89]},
						{"origin": [-28, 5, 84], "size": [3, 2, 8], "uv": [54, 89]},
						{"origin": [-28, 4, 83], "size": [3, 2, 9], "uv": [54, 89]},
						{"origin": [-28, 0, 81], "size": [3, 5, 11], "uv": [54, 89]},
						{"origin": [-28, 0, 79], "size": [3, 4, 2], "uv": [54, 89]},
						{"origin": [-28, 1, 77], "size": [3, 4, 2], "uv": [54, 89]},
						{"origin": [-27, 4, 76], "size": [1, 3, 2], "uv": [54, 89]},
						{"origin": [-30, 0, 83], "size": [7, 5, 9], "uv": [54, 89]},
						{"origin": [-29, 5, 84], "size": [5, 1, 7], "uv": [54, 89]},
						{"origin": [-28.81671, 7.05353, 87], "size": [4, 10, 2], "pivot": [-27, 5, 88], "rotation": [0, 0, 7.5], "uv": [58, 138]},
						{"origin": [-27.81671, 7.05353, 86], "size": [2, 10, 4], "pivot": [-27, 5, 88], "rotation": [0, 0, 7.5], "uv": [58, 138]}
					]
				},
				{
					"name": "parte5",
					"parent": "parte4",
					"pivot": [0, 28, 113]
				},
				{
					"name": "corpo9",
					"parent": "parte5",
					"pivot": [-0.16667, 28.5, 131.5],
					"cubes": [
						{"origin": [-12, 11, 124], "size": [22, 41, 19], "uv": [0, 0]},
						{"origin": [-15, 13, 124], "size": [28, 37, 19], "uv": [0, 0]},
						{"origin": [-19, 17, 124], "size": [37, 29, 19], "uv": [0, 0]},
						{"origin": [-21, 20, 124], "size": [41, 23, 19], "uv": [0, 0]},
						{"origin": [-23, 23, 124], "size": [45, 17, 19], "uv": [0, 0]},
						{"origin": [-19, 20, 121], "size": [37, 23, 25], "uv": [0, 0]},
						{"origin": [-17, 17, 121], "size": [33, 29, 25], "uv": [0, 0]},
						{"origin": [-15, 15, 121], "size": [28, 33, 25], "uv": [0, 0]},
						{"origin": [-14, 17, 118], "size": [27, 29, 31], "uv": [0, 0]},
						{"origin": [-14, 20, 116], "size": [27, 23, 35], "uv": [0, 0]},
						{"origin": [-17, 20, 118], "size": [32, 23, 31], "uv": [0, 0]},
						{"origin": [-21, 23, 121], "size": [41, 17, 25], "uv": [0, 0]},
						{"origin": [-19, 23, 118], "size": [37, 17, 31], "uv": [0, 0]},
						{"origin": [-17, 23, 116], "size": [33, 17, 35], "uv": [0, 0]},
						{"origin": [-14, 23, 114], "size": [27, 17, 39], "uv": [0, 0]},
						{"origin": [-17, 15, 124], "size": [33, 33, 19], "uv": [0, 0]}
					]
				},
				{
					"name": "corpo10",
					"parent": "corpo9",
					"pivot": [-0.16667, 28.5, 132.5],
					"rotation": [0, -90, 0],
					"cubes": [
						{"origin": [-10, 11, 125], "size": [21, 41, 16], "uv": [0, 0]},
						{"origin": [-13, 13, 125], "size": [27, 37, 16], "uv": [0, 0]},
						{"origin": [-17, 17, 125], "size": [36, 29, 16], "uv": [0, 0]},
						{"origin": [-19, 20, 125], "size": [40, 23, 16], "uv": [0, 0]},
						{"origin": [-21, 23, 125], "size": [44, 17, 16], "uv": [0, 0]},
						{"origin": [-15, 15, 125], "size": [32, 33, 16], "uv": [0, 0]}
					]
				},
				{
					"name": "pe9",
					"parent": "parte5",
					"pivot": [13.61283, 12.9741, 130],
					"cubes": [
						{"origin": [13, 14, 131], "size": [11, 4, 2], "uv": [58, 138]},
						{"origin": [13, 15, 130], "size": [10, 2, 4], "uv": [58, 138]},
						{"origin": [23, 7, 129], "size": [3, 1, 6], "uv": [54, 89]},
						{"origin": [22, 7, 130], "size": [5, 1, 4], "uv": [54, 89]},
						{"origin": [21, 5, 130], "size": [7, 2, 4], "uv": [54, 89]},
						{"origin": [20, 0, 130], "size": [9, 5, 4], "uv": [54, 89]},
						{"origin": [23, 5, 128], "size": [3, 2, 8], "uv": [54, 89]},
						{"origin": [23, 4, 127], "size": [3, 2, 9], "uv": [54, 89]},
						{"origin": [23, 0, 125], "size": [3, 5, 11], "uv": [54, 89]},
						{"origin": [23, 0, 123], "size": [3, 4, 2], "uv": [54, 89]},
						{"origin": [23, 1, 121], "size": [3, 4, 2], "uv": [54, 89]},
						{"origin": [24, 4, 120], "size": [1, 3, 2], "uv": [54, 89]},
						{"origin": [21, 0, 127], "size": [7, 5, 9], "uv": [54, 89]},
						{"origin": [22, 5, 128], "size": [5, 1, 7], "uv": [54, 89]},
						{"origin": [21, 7, 131], "size": [4, 10, 2], "pivot": [23, 14, 132], "rotation": [0, 0, -7.5], "uv": [58, 138]},
						{"origin": [22, 7, 130], "size": [2, 10, 4], "pivot": [23, 14, 132], "rotation": [0, 0, -7.5], "uv": [58, 138]}
					]
				},
				{
					"name": "pe10",
					"parent": "parte5",
					"pivot": [-16.38717, 12.9741, 130],
					"cubes": [
						{"origin": [-27, 14, 131], "size": [11, 4, 2], "uv": [58, 138]},
						{"origin": [-27, 15, 130], "size": [10, 2, 4], "uv": [58, 138]},
						{"origin": [-28, 7, 129], "size": [3, 1, 6], "uv": [54, 89]},
						{"origin": [-29, 7, 130], "size": [5, 1, 4], "uv": [54, 89]},
						{"origin": [-30, 5, 130], "size": [7, 2, 4], "uv": [54, 89]},
						{"origin": [-31, 0, 130], "size": [9, 5, 4], "uv": [54, 89]},
						{"origin": [-28, 5, 128], "size": [3, 2, 8], "uv": [54, 89]},
						{"origin": [-28, 4, 127], "size": [3, 2, 9], "uv": [54, 89]},
						{"origin": [-28, 0, 125], "size": [3, 5, 11], "uv": [54, 89]},
						{"origin": [-28, 0, 123], "size": [3, 4, 2], "uv": [54, 89]},
						{"origin": [-28, 1, 121], "size": [3, 4, 2], "uv": [54, 89]},
						{"origin": [-27, 4, 120], "size": [1, 3, 2], "uv": [54, 89]},
						{"origin": [-30, 0, 127], "size": [7, 5, 9], "uv": [54, 89]},
						{"origin": [-29, 5, 128], "size": [5, 1, 7], "uv": [54, 89]},
						{"origin": [-28.81671, 7.05353, 131], "size": [4, 10, 2], "pivot": [-27, 5, 132], "rotation": [0, 0, 7.5], "uv": [58, 138]},
						{"origin": [-27.81671, 7.05353, 130], "size": [2, 10, 4], "pivot": [-27, 5, 132], "rotation": [0, 0, 7.5], "uv": [58, 138]}
					]
				},
				{
					"name": "parte6",
					"parent": "parte5",
					"pivot": [0, 28, 157]
				},
				{
					"name": "corpo11",
					"parent": "parte6",
					"pivot": [-0.16667, 28.5, 175.5],
					"cubes": [
						{"origin": [-12, 11, 168], "size": [22, 41, 19], "uv": [124, 40]},
						{"origin": [-15, 13, 168], "size": [28, 37, 19], "uv": [124, 40]},
						{"origin": [-19, 17, 168], "size": [37, 29, 19], "uv": [124, 40]},
						{"origin": [-21, 20, 168], "size": [41, 23, 19], "uv": [124, 40]},
						{"origin": [-23, 23, 168], "size": [45, 17, 19], "uv": [124, 40]},
						{"origin": [-19, 20, 165], "size": [37, 23, 25], "uv": [124, 40]},
						{"origin": [-17, 17, 165], "size": [33, 29, 25], "uv": [124, 40]},
						{"origin": [-15, 15, 165], "size": [28, 33, 25], "uv": [124, 40]},
						{"origin": [-14, 17, 162], "size": [27, 29, 31], "uv": [124, 40]},
						{"origin": [-14, 20, 160], "size": [27, 23, 35], "uv": [124, 40]},
						{"origin": [-17, 20, 162], "size": [32, 23, 31], "uv": [124, 40]},
						{"origin": [-21, 23, 165], "size": [41, 17, 25], "uv": [124, 40]},
						{"origin": [-19, 23, 162], "size": [37, 17, 31], "uv": [124, 40]},
						{"origin": [-17, 23, 160], "size": [33, 17, 35], "uv": [124, 40]},
						{"origin": [-14, 23, 158], "size": [27, 17, 39], "uv": [124, 40]},
						{"origin": [-17, 15, 168], "size": [33, 33, 19], "uv": [124, 40]}
					]
				},
				{
					"name": "corpo12",
					"parent": "corpo11",
					"pivot": [-0.16667, 28.5, 176.5],
					"rotation": [0, -90, 0],
					"cubes": [
						{"origin": [-10, 11, 169], "size": [21, 41, 16], "uv": [124, 40]},
						{"origin": [-13, 13, 169], "size": [27, 37, 16], "uv": [124, 40]},
						{"origin": [-17, 17, 169], "size": [36, 29, 16], "uv": [124, 40]},
						{"origin": [-19, 20, 169], "size": [40, 23, 16], "uv": [124, 40]},
						{"origin": [-21, 23, 169], "size": [44, 17, 16], "uv": [124, 40]},
						{"origin": [-15, 15, 169], "size": [32, 33, 16], "uv": [124, 40]}
					]
				},
				{
					"name": "pe11",
					"parent": "parte6",
					"pivot": [13.61283, 12.9741, 174],
					"cubes": [
						{"origin": [13, 14, 175], "size": [11, 4, 2], "uv": [58, 138]},
						{"origin": [13, 15, 174], "size": [10, 2, 4], "uv": [58, 138]},
						{"origin": [23, 7, 173], "size": [3, 1, 6], "uv": [54, 89]},
						{"origin": [22, 7, 174], "size": [5, 1, 4], "uv": [54, 89]},
						{"origin": [21, 5, 174], "size": [7, 2, 4], "uv": [54, 89]},
						{"origin": [20, 0, 174], "size": [9, 5, 4], "uv": [54, 89]},
						{"origin": [23, 5, 172], "size": [3, 2, 8], "uv": [54, 89]},
						{"origin": [23, 4, 171], "size": [3, 2, 9], "uv": [54, 89]},
						{"origin": [23, 0, 169], "size": [3, 5, 11], "uv": [54, 89]},
						{"origin": [23, 0, 167], "size": [3, 4, 2], "uv": [54, 89]},
						{"origin": [23, 1, 165], "size": [3, 4, 2], "uv": [54, 89]},
						{"origin": [24, 4, 164], "size": [1, 3, 2], "uv": [54, 89]},
						{"origin": [21, 0, 171], "size": [7, 5, 9], "uv": [54, 89]},
						{"origin": [22, 5, 172], "size": [5, 1, 7], "uv": [54, 89]},
						{"origin": [21, 7, 175], "size": [4, 10, 2], "pivot": [23, 14, 176], "rotation": [0, 0, -7.5], "uv": [58, 138]},
						{"origin": [22, 7, 174], "size": [2, 10, 4], "pivot": [23, 14, 176], "rotation": [0, 0, -7.5], "uv": [58, 138]}
					]
				},
				{
					"name": "pe12",
					"parent": "parte6",
					"pivot": [-16.38717, 12.9741, 174],
					"cubes": [
						{"origin": [-27, 14, 175], "size": [11, 4, 2], "uv": [58, 138]},
						{"origin": [-27, 15, 174], "size": [10, 2, 4], "uv": [58, 138]},
						{"origin": [-28, 7, 173], "size": [3, 1, 6], "uv": [54, 89]},
						{"origin": [-29, 7, 174], "size": [5, 1, 4], "uv": [54, 89]},
						{"origin": [-30, 5, 174], "size": [7, 2, 4], "uv": [54, 89]},
						{"origin": [-31, 0, 174], "size": [9, 5, 4], "uv": [54, 89]},
						{"origin": [-28, 5, 172], "size": [3, 2, 8], "uv": [54, 89]},
						{"origin": [-28, 4, 171], "size": [3, 2, 9], "uv": [54, 89]},
						{"origin": [-28, 0, 169], "size": [3, 5, 11], "uv": [54, 89]},
						{"origin": [-28, 0, 167], "size": [3, 4, 2], "uv": [54, 89]},
						{"origin": [-28, 1, 165], "size": [3, 4, 2], "uv": [54, 89]},
						{"origin": [-27, 4, 164], "size": [1, 3, 2], "uv": [54, 89]},
						{"origin": [-30, 0, 171], "size": [7, 5, 9], "uv": [54, 89]},
						{"origin": [-29, 5, 172], "size": [5, 1, 7], "uv": [54, 89]},
						{"origin": [-28.81671, 7.05353, 175], "size": [4, 10, 2], "pivot": [-27, 5, 176], "rotation": [0, 0, 7.5], "uv": [58, 138]},
						{"origin": [-27.81671, 7.05353, 174], "size": [2, 10, 4], "pivot": [-27, 5, 176], "rotation": [0, 0, 7.5], "uv": [58, 138]}
					]
				},
				{
					"name": "parte7",
					"parent": "parte6",
					"pivot": [0, 28, 201]
				},
				{
					"name": "corpo13",
					"parent": "parte7",
					"pivot": [-0.16667, 28.5, 219.5],
					"cubes": [
						{"origin": [-12, 11, 212], "size": [22, 41, 19], "uv": [0, 0]},
						{"origin": [-15, 13, 212], "size": [28, 37, 19], "uv": [0, 0]},
						{"origin": [-19, 17, 212], "size": [37, 29, 19], "uv": [0, 0]},
						{"origin": [-21, 20, 212], "size": [41, 23, 19], "uv": [0, 0]},
						{"origin": [-23, 23, 212], "size": [45, 17, 19], "uv": [0, 0]},
						{"origin": [-19, 20, 209], "size": [37, 23, 25], "uv": [0, 0]},
						{"origin": [-17, 17, 209], "size": [33, 29, 25], "uv": [0, 0]},
						{"origin": [-15, 15, 209], "size": [28, 33, 25], "uv": [0, 0]},
						{"origin": [-14, 17, 206], "size": [27, 29, 31], "uv": [0, 0]},
						{"origin": [-14, 20, 204], "size": [27, 23, 35], "uv": [0, 0]},
						{"origin": [-17, 20, 206], "size": [32, 23, 31], "uv": [0, 0]},
						{"origin": [-21, 23, 209], "size": [41, 17, 25], "uv": [0, 0]},
						{"origin": [-19, 23, 206], "size": [37, 17, 31], "uv": [0, 0]},
						{"origin": [-17, 23, 204], "size": [33, 17, 35], "uv": [0, 0]},
						{"origin": [-14, 23, 202], "size": [27, 17, 39], "uv": [0, 0]},
						{"origin": [-17, 15, 212], "size": [33, 33, 19], "uv": [0, 0]}
					]
				},
				{
					"name": "corpo14",
					"parent": "corpo13",
					"pivot": [-0.16667, 28.5, 220.5],
					"rotation": [0, -90, 0],
					"cubes": [
						{"origin": [-10, 11, 213], "size": [21, 41, 16], "uv": [0, 0]},
						{"origin": [-13, 13, 213], "size": [27, 37, 16], "uv": [0, 0]},
						{"origin": [-17, 17, 213], "size": [36, 29, 16], "uv": [0, 0]},
						{"origin": [-19, 20, 213], "size": [40, 23, 16], "uv": [0, 0]},
						{"origin": [-21, 23, 213], "size": [44, 17, 16], "uv": [0, 0]},
						{"origin": [-15, 15, 213], "size": [32, 33, 16], "uv": [0, 0]}
					]
				},
				{
					"name": "pe13",
					"parent": "parte7",
					"pivot": [13.61283, 12.9741, 218],
					"cubes": [
						{"origin": [13, 14, 219], "size": [11, 4, 2], "uv": [58, 138]},
						{"origin": [13, 15, 218], "size": [10, 2, 4], "uv": [58, 138]},
						{"origin": [23, 7, 217], "size": [3, 1, 6], "uv": [54, 89]},
						{"origin": [22, 7, 218], "size": [5, 1, 4], "uv": [54, 89]},
						{"origin": [21, 5, 218], "size": [7, 2, 4], "uv": [54, 89]},
						{"origin": [20, 0, 218], "size": [9, 5, 4], "uv": [54, 89]},
						{"origin": [23, 5, 216], "size": [3, 2, 8], "uv": [54, 89]},
						{"origin": [23, 4, 215], "size": [3, 2, 9], "uv": [54, 89]},
						{"origin": [23, 0, 213], "size": [3, 5, 11], "uv": [54, 89]},
						{"origin": [23, 0, 211], "size": [3, 4, 2], "uv": [54, 89]},
						{"origin": [23, 1, 209], "size": [3, 4, 2], "uv": [54, 89]},
						{"origin": [24, 4, 208], "size": [1, 3, 2], "uv": [54, 89]},
						{"origin": [21, 0, 215], "size": [7, 5, 9], "uv": [54, 89]},
						{"origin": [22, 5, 216], "size": [5, 1, 7], "uv": [54, 89]},
						{"origin": [21, 7, 219], "size": [4, 10, 2], "pivot": [23, 14, 220], "rotation": [0, 0, -7.5], "uv": [58, 138]},
						{"origin": [22, 7, 218], "size": [2, 10, 4], "pivot": [23, 14, 220], "rotation": [0, 0, -7.5], "uv": [58, 138]}
					]
				},
				{
					"name": "pe14",
					"parent": "parte7",
					"pivot": [-16.38717, 12.9741, 218],
					"cubes": [
						{"origin": [-27, 14, 219], "size": [11, 4, 2], "uv": [58, 138]},
						{"origin": [-27, 15, 218], "size": [10, 2, 4], "uv": [58, 138]},
						{"origin": [-28, 7, 217], "size": [3, 1, 6], "uv": [54, 89]},
						{"origin": [-29, 7, 218], "size": [5, 1, 4], "uv": [54, 89]},
						{"origin": [-30, 5, 218], "size": [7, 2, 4], "uv": [54, 89]},
						{"origin": [-31, 0, 218], "size": [9, 5, 4], "uv": [54, 89]},
						{"origin": [-28, 5, 216], "size": [3, 2, 8], "uv": [54, 89]},
						{"origin": [-28, 4, 215], "size": [3, 2, 9], "uv": [54, 89]},
						{"origin": [-28, 0, 213], "size": [3, 5, 11], "uv": [54, 89]},
						{"origin": [-28, 0, 211], "size": [3, 4, 2], "uv": [54, 89]},
						{"origin": [-28, 1, 209], "size": [3, 4, 2], "uv": [54, 89]},
						{"origin": [-27, 4, 208], "size": [1, 3, 2], "uv": [54, 89]},
						{"origin": [-30, 0, 215], "size": [7, 5, 9], "uv": [54, 89]},
						{"origin": [-29, 5, 216], "size": [5, 1, 7], "uv": [54, 89]},
						{"origin": [-28.81671, 7.05353, 219], "size": [4, 10, 2], "pivot": [-27, 5, 220], "rotation": [0, 0, 7.5], "uv": [58, 138]},
						{"origin": [-27.81671, 7.05353, 218], "size": [2, 10, 4], "pivot": [-27, 5, 220], "rotation": [0, 0, 7.5], "uv": [58, 138]}
					]
				},
				{
					"name": "parte8",
					"parent": "parte7",
					"pivot": [0, 28, 245]
				},
				{
					"name": "corpo15",
					"parent": "parte8",
					"pivot": [-0.16667, 28.5, 263.5],
					"cubes": [
						{"origin": [-12, 11, 256], "size": [22, 41, 19], "uv": [124, 40]},
						{"origin": [-15, 13, 256], "size": [28, 37, 19], "uv": [124, 40]},
						{"origin": [-19, 17, 256], "size": [37, 29, 19], "uv": [124, 40]},
						{"origin": [-21, 20, 256], "size": [41, 23, 19], "uv": [124, 40]},
						{"origin": [-23, 23, 256], "size": [45, 17, 19], "uv": [124, 40]},
						{"origin": [-19, 20, 253], "size": [37, 23, 25], "uv": [124, 40]},
						{"origin": [-17, 17, 253], "size": [33, 29, 25], "uv": [124, 40]},
						{"origin": [-15, 15, 253], "size": [28, 33, 25], "uv": [124, 40]},
						{"origin": [-14, 17, 250], "size": [27, 29, 31], "uv": [124, 40]},
						{"origin": [-14, 20, 248], "size": [27, 23, 35], "uv": [124, 40]},
						{"origin": [-17, 20, 250], "size": [32, 23, 31], "uv": [124, 40]},
						{"origin": [-21, 23, 253], "size": [41, 17, 25], "uv": [124, 40]},
						{"origin": [-19, 23, 250], "size": [37, 17, 31], "uv": [124, 40]},
						{"origin": [-17, 23, 248], "size": [33, 17, 35], "uv": [124, 40]},
						{"origin": [-14, 23, 246], "size": [27, 17, 39], "uv": [124, 40]},
						{"origin": [-17, 15, 256], "size": [33, 33, 19], "uv": [124, 40]}
					]
				},
				{
					"name": "corpo16",
					"parent": "corpo15",
					"pivot": [-0.16667, 28.5, 264.5],
					"rotation": [0, -90, 0],
					"cubes": [
						{"origin": [-10, 11, 257], "size": [21, 41, 16], "uv": [124, 40]},
						{"origin": [-13, 13, 257], "size": [27, 37, 16], "uv": [124, 40]},
						{"origin": [-17, 17, 257], "size": [36, 29, 16], "uv": [124, 40]},
						{"origin": [-19, 20, 257], "size": [40, 23, 16], "uv": [124, 40]},
						{"origin": [-21, 23, 257], "size": [44, 17, 16], "uv": [124, 40]},
						{"origin": [-15, 15, 257], "size": [32, 33, 16], "uv": [124, 40]}
					]
				},
				{
					"name": "pe15",
					"parent": "parte8",
					"pivot": [13.61283, 12.9741, 262],
					"cubes": [
						{"origin": [13, 14, 263], "size": [11, 4, 2], "uv": [58, 138]},
						{"origin": [13, 15, 262], "size": [10, 2, 4], "uv": [58, 138]},
						{"origin": [23, 7, 261], "size": [3, 1, 6], "uv": [54, 89]},
						{"origin": [22, 7, 262], "size": [5, 1, 4], "uv": [54, 89]},
						{"origin": [21, 5, 262], "size": [7, 2, 4], "uv": [54, 89]},
						{"origin": [20, 0, 262], "size": [9, 5, 4], "uv": [54, 89]},
						{"origin": [23, 5, 260], "size": [3, 2, 8], "uv": [54, 89]},
						{"origin": [23, 4, 259], "size": [3, 2, 9], "uv": [54, 89]},
						{"origin": [23, 0, 257], "size": [3, 5, 11], "uv": [54, 89]},
						{"origin": [23, 0, 255], "size": [3, 4, 2], "uv": [54, 89]},
						{"origin": [23, 1, 253], "size": [3, 4, 2], "uv": [54, 89]},
						{"origin": [24, 4, 252], "size": [1, 3, 2], "uv": [54, 89]},
						{"origin": [21, 0, 259], "size": [7, 5, 9], "uv": [54, 89]},
						{"origin": [22, 5, 260], "size": [5, 1, 7], "uv": [54, 89]},
						{"origin": [21, 7, 263], "size": [4, 10, 2], "pivot": [23, 14, 264], "rotation": [0, 0, -7.5], "uv": [58, 138]},
						{"origin": [22, 7, 262], "size": [2, 10, 4], "pivot": [23, 14, 264], "rotation": [0, 0, -7.5], "uv": [58, 138]}
					]
				},
				{
					"name": "pe16",
					"parent": "parte8",
					"pivot": [-16.38717, 12.9741, 262],
					"cubes": [
						{"origin": [-27, 14, 263], "size": [11, 4, 2], "uv": [58, 138]},
						{"origin": [-27, 15, 262], "size": [10, 2, 4], "uv": [58, 138]},
						{"origin": [-28, 7, 261], "size": [3, 1, 6], "uv": [54, 89]},
						{"origin": [-29, 7, 262], "size": [5, 1, 4], "uv": [54, 89]},
						{"origin": [-30, 5, 262], "size": [7, 2, 4], "uv": [54, 89]},
						{"origin": [-31, 0, 262], "size": [9, 5, 4], "uv": [54, 89]},
						{"origin": [-28, 5, 260], "size": [3, 2, 8], "uv": [54, 89]},
						{"origin": [-28, 4, 259], "size": [3, 2, 9], "uv": [54, 89]},
						{"origin": [-28, 0, 257], "size": [3, 5, 11], "uv": [54, 89]},
						{"origin": [-28, 0, 255], "size": [3, 4, 2], "uv": [54, 89]},
						{"origin": [-28, 1, 253], "size": [3, 4, 2], "uv": [54, 89]},
						{"origin": [-27, 4, 252], "size": [1, 3, 2], "uv": [54, 89]},
						{"origin": [-30, 0, 259], "size": [7, 5, 9], "uv": [54, 89]},
						{"origin": [-29, 5, 260], "size": [5, 1, 7], "uv": [54, 89]},
						{"origin": [-28.81671, 7.05353, 263], "size": [4, 10, 2], "pivot": [-27, 5, 264], "rotation": [0, 0, 7.5], "uv": [58, 138]},
						{"origin": [-27.81671, 7.05353, 262], "size": [2, 10, 4], "pivot": [-27, 5, 264], "rotation": [0, 0, 7.5], "uv": [58, 138]}
					]
				}
			]
		}
	]
}