{
	"format_version": "1.12.0",
	"minecraft:geometry": [
		{
			"description": {
				"identifier": "geometry.red",
				"texture_width": 260,
				"texture_height": 260,
				"visible_bounds_width": 8,
				"visible_bounds_height": 21.5,
				"visible_bounds_offset": [0, 10.25, 0]
			},
			"bones": [
				{
					"name": "kissymissy",
					"pivot": [0, 22, 0]
				},
				{
					"name": "part1",
					"parent": "kissymissy",
					"pivot": [0, 179, 0],
					"rotation": [12.5, 0, 0]
				},
				{
					"name": "head",
					"parent": "part1",
					"pivot": [0, 248, 5]
				},
				{
					"name": "mask",
					"parent": "head",
					"pivot": [0, 236, 0],
					"cubes": [
						{"origin": [13, 248, -1], "size": [2, 3, 12], "uv": [221, 11]},
						{"origin": [11, 248, -3], "size": [2, 3, 2], "uv": [221, 11]},
						{"origin": [-14, 248, -3], "size": [2, 3, 2], "uv": [221, 11]},
						{"origin": [8, 248, -5], "size": [3, 3, 2], "uv": [221, 11]},
						{"origin": [8, 251, -7], "size": [3, 3, 2], "uv": [221, 11]},
						{"origin": [-12, 251, -7], "size": [3, 3, 2], "uv": [221, 11]},
						{"origin": [11, 251, -5], "size": [2, 3, 2], "uv": [221, 11]},
						{"origin": [-14, 251, -5], "size": [2, 3, 2], "uv": [221, 11]},
						{"origin": [13, 251, -3], "size": [2, 3, 2], "uv": [221, 11]},
						{"origin": [-16, 251, -3], "size": [2, 3, 2], "uv": [221, 11]},
						{"origin": [15, 254, -3], "size": [2, 4, 2], "uv": [221, 11]},
						{"origin": [-18, 254, -3], "size": [2, 4, 2], "uv": [221, 11]},
						{"origin": [13, 254, -5], "size": [2, 4, 2], "uv": [221, 11]},
						{"origin": [-16, 254, -5], "size": [2, 4, 2], "uv": [221, 11]},
						{"origin": [11, 254, -7], "size": [2, 4, 2], "uv": [221, 11]},
						{"origin": [-14, 254, -7], "size": [2, 4, 2], "uv": [221, 11]},
						{"origin": [8, 254, -9], "size": [3, 4, 2], "uv": [221, 11]},
						{"origin": [-12, 254, -9], "size": [3, 4, 2], "uv": [221, 11]},
						{"origin": [8, 258, -11], "size": [3, 4, 2], "uv": [221, 11]},
						{"origin": [-12, 258, -11], "size": [3, 4, 2], "uv": [221, 11]},
						{"origin": [8, 262, -13], "size": [3, 4, 2], "uv": [221, 11]},
						{"origin": [-12, 262, -13], "size": [3, 4, 2], "uv": [221, 11]},
						{"origin": [11, 262, -11], "size": [2, 4, 2], "uv": [221, 11]},
						{"origin": [-14, 262, -11], "size": [2, 4, 2], "uv": [221, 11]},
						{"origin": [13, 262, -9], "size": [2, 4, 2], "uv": [221, 11]},
						{"origin": [-16, 262, -9], "size": [2, 4, 2], "uv": [221, 11]},
						{"origin": [17, 262, -5], "size": [2, 4, 2], "uv": [221, 11]},
						{"origin": [-20, 262, -5], "size": [2, 4, 2], "uv": [221, 11]},
						{"origin": [19, 262, -3], "size": [2, 4, 2], "uv": [221, 11]},
						{"origin": [-22, 262, -3], "size": [2, 4, 2], "uv": [221, 11]},
						{"origin": [21, 266, -3], "size": [2, 3, 2], "uv": [221, 11]},
						{"origin": [-24, 266, -3], "size": [2, 3, 2], "uv": [221, 11]},
						{"origin": [19, 266, -5], "size": [2, 3, 2], "uv": [221, 11]},
						{"origin": [-22, 266, -5], "size": [2, 3, 2], "uv": [221, 11]},
						{"origin": [17, 266, -7], "size": [2, 3, 2], "uv": [221, 11]},
						{"origin": [-20, 266, -7], "size": [2, 3, 2], "uv": [221, 11]},
						{"origin": [15, 266, -9], "size": [2, 3, 2], "uv": [221, 11]},
						{"origin": [-18, 266, -9], "size": [2, 3, 2], "uv": [221, 11]},
						{"origin": [13, 266, -11], "size": [2, 3, 2], "uv": [221, 11]},
						{"origin": [-16, 266, -11], "size": [2, 3, 2], "uv": [221, 11]},
						{"origin": [11, 266, -13], "size": [2, 3, 2], "uv": [221, 11]},
						{"origin": [-14, 266, -13], "size": [2, 3, 2], "uv": [221, 11]},
						{"origin": [15, 262, -7], "size": [2, 4, 2], "uv": [221, 11]},
						{"origin": [-18, 262, -7], "size": [2, 4, 2], "uv": [221, 11]},
						{"origin": [8, 266, -15], "size": [3, 3, 2], "uv": [221, 11]},
						{"origin": [-12, 266, -15], "size": [3, 3, 2], "uv": [221, 11]},
						{"origin": [8, 269, -17], "size": [3, 3, 2], "uv": [221, 11]},
						{"origin": [-12, 269, -17], "size": [3, 3, 2], "uv": [221, 11]},
						{"origin": [8, 272, -18], "size": [3, 4, 2], "uv": [221, 11]},
						{"origin": [-12, 272, -18], "size": [3, 4, 2], "uv": [221, 11]},
						{"origin": [8, 276, -20], "size": [3, 4, 2], "uv": [221, 11]},
						{"origin": [-12, 276, -20], "size": [3, 4, 2], "uv": [221, 11]},
						{"origin": [8, 280, -22], "size": [3, 15, 2], "uv": [221, 11]},
						{"origin": [-12, 280, -22], "size": [3, 15, 2], "uv": [221, 11]},
						{"origin": [11, 280, -20], "size": [3, 21, 2], "uv": [221, 11]},
						{"origin": [-15, 280, -20], "size": [3, 21, 2], "uv": [221, 11]},
						{"origin": [14, 280, -18], "size": [2, 5, 2], "uv": [221, 11]},
						{"origin": [-17, 280, -18], "size": [2, 5, 2], "uv": [221, 11]},
						{"origin": [16, 280, -16], "size": [2, 5, 2], "uv": [221, 11]},
						{"origin": [-19, 280, -16], "size": [2, 5, 2], "uv": [221, 11]},
						{"origin": [18, 280, -14], "size": [2, 5, 2], "uv": [221, 11]},
						{"origin": [-21, 280, -14], "size": [2, 5, 2], "uv": [221, 11]},
						{"origin": [20, 280, -12], "size": [2, 5, 2], "uv": [221, 11]},
						{"origin": [-23, 280, -12], "size": [2, 5, 2], "uv": [221, 11]},
						{"origin": [22, 280, -10], "size": [2, 5, 2], "uv": [221, 11]},
						{"origin": [-25, 280, -10], "size": [2, 5, 2], "uv": [221, 11]},
						{"origin": [24, 280, -8], "size": [2, 5, 2], "uv": [221, 11]},
						{"origin": [-27, 280, -8], "size": [2, 5, 2], "uv": [221, 11]},
						{"origin": [26, 280, -6], "size": [2, 5, 2], "uv": [221, 11]},
						{"origin": [-29, 280, -6], "size": [2, 5, 2], "uv": [221, 11]},
						{"origin": [28, 280, -4], "size": [2, 5, 3], "uv": [221, 11]},
						{"origin": [-31, 280, -4], "size": [2, 5, 3], "uv": [221, 11]},
						{"origin": [29, 285, -4], "size": [2, 19, 3], "uv": [221, 11]},
						{"origin": [-32, 285, -4], "size": [2, 19, 3], "uv": [221, 11]},
						{"origin": [27, 304, -6], "size": [3, 3, 5], "uv": [221, 11]},
						{"origin": [-31, 304, -6], "size": [3, 3, 5], "uv": [221, 11]},
						{"origin": [28, 285, -6], "size": [2, 19, 2], "uv": [221, 11]},
						{"origin": [-31, 285, -6], "size": [2, 19, 2], "uv": [221, 11]},
						{"origin": [26, 285, -8], "size": [2, 22, 2], "uv": [221, 11]},
						{"origin": [-29, 285, -8], "size": [2, 22, 2], "uv": [221, 11]},
						{"origin": [24, 285, -10], "size": [2, 19, 2], "uv": [221, 11]},
						{"origin": [-27, 285, -10], "size": [2, 19, 2], "uv": [221, 11]},
						{"origin": [22, 285, -12], "size": [2, 19, 2], "uv": [221, 11]},
						{"origin": [-25, 285, -12], "size": [2, 19, 2], "uv": [221, 11]},
						{"origin": [20, 285, -14], "size": [2, 18, 2], "uv": [221, 11]},
						{"origin": [-23, 285, -14], "size": [2, 18, 2], "uv": [221, 11]},
						{"origin": [18, 285, -16], "size": [2, 17, 2], "uv": [221, 11]},
						{"origin": [-21, 285, -16], "size": [2, 17, 2], "uv": [221, 11]},
						{"origin": [15, 285, -18], "size": [3, 18, 3], "uv": [221, 11]},
						{"origin": [-19, 285, -18], "size": [3, 18, 3], "uv": [221, 11]},
						{"origin": [14, 285, -19], "size": [2, 16, 2], "uv": [221, 11]},
						{"origin": [-17, 285, -19], "size": [2, 16, 2], "uv": [221, 11]},
						{"origin": [11, 276, -18], "size": [3, 4, 2], "uv": [221, 11]},
						{"origin": [-15, 276, -18], "size": [3, 4, 2], "uv": [221, 11]},
						{"origin": [12, 276, -16], "size": [4, 4, 2], "uv": [221, 11]},
						{"origin": [-17, 276, -16], "size": [4, 4, 2], "uv": [221, 11]},
						{"origin": [14, 276, -14], "size": [4, 4, 2], "uv": [221, 11]},
						{"origin": [-19, 276, -14], "size": [4, 4, 2], "uv": [221, 11]},
						{"origin": [17, 276, -12], "size": [3, 4, 2], "uv": [221, 11]},
						{"origin": [-21, 276, -12], "size": [3, 4, 2], "uv": [221, 11]},
						{"origin": [19, 276, -10], "size": [3, 4, 2], "uv": [221, 11]},
						{"origin": [-25, 276, -8], "size": [3, 4, 2], "uv": [221, 11]},
						{"origin": [-23, 276, -10], "size": [3, 4, 2], "uv": [221, 11]},
						{"origin": [20, 276, -8], "size": [4, 4, 2], "uv": [221, 11]},
						{"origin": [22, 276, -6], "size": [4, 4, 2], "uv": [221, 11]},
						{"origin": [-27, 276, -6], "size": [4, 4, 2], "uv": [221, 11]},
						{"origin": [25, 276, -4], "size": [3, 4, 3], "uv": [221, 11]},
						{"origin": [-29, 276, -4], "size": [4, 4, 3], "uv": [221, 11]},
						{"origin": [11, 272, -16], "size": [2, 4, 2], "uv": [221, 11]},
						{"origin": [-14, 272, -16], "size": [2, 4, 2], "uv": [221, 11]},
						{"origin": [13, 272, -14], "size": [2, 4, 2], "uv": [221, 11]},
						{"origin": [-16, 272, -14], "size": [2, 4, 2], "uv": [221, 11]},
						{"origin": [15, 272, -12], "size": [2, 4, 2], "uv": [221, 11]},
						{"origin": [-20, 272, -10], "size": [2, 4, 2], "uv": [221, 11]},
						{"origin": [-18, 272, -12], "size": [2, 4, 2], "uv": [221, 11]},
						{"origin": [17, 272, -10], "size": [2, 4, 2], "uv": [221, 11]},
						{"origin": [19, 272, -8], "size": [2, 4, 2], "uv": [221, 11]},
						{"origin": [-22, 272, -8], "size": [2, 4, 2], "uv": [221, 11]},
						{"origin": [21, 272, -6], "size": [2, 4, 2], "uv": [221, 11]},
						{"origin": [-24, 272, -6], "size": [2, 4, 2], "uv": [221, 11]},
						{"origin": [23, 272, -4], "size": [2, 4, 2], "uv": [221, 11]},
						{"origin": [-26, 272, -4], "size": [2, 4, 2], "uv": [221, 11]},
						{"origin": [25, 272, -3], "size": [2, 4, 2], "uv": [221, 11]},
						{"origin": [-28, 272, -3], "size": [2, 4, 2], "uv": [221, 11]},
						{"origin": [11, 269, -15], "size": [2, 3, 2], "uv": [221, 11]},
						{"origin": [-14, 269, -15], "size": [2, 3, 2], "uv": [221, 11]},
						{"origin": [13, 269, -13], "size": [2, 3, 2], "uv": [221, 11]},
						{"origin": [-16, 269, -13], "size": [2, 3, 2], "uv": [221, 11]},
						{"origin": [15, 269, -11], "size": [2, 3, 2], "uv": [221, 11]},
						{"origin": [-18, 269, -11], "size": [2, 3, 2], "uv": [221, 11]},
						{"origin": [17, 269, -9], "size": [2, 3, 2], "uv": [221, 11]},
						{"origin": [-20, 269, -9], "size": [2, 3, 2], "uv": [221, 11]},
						{"origin": [19, 269, -7], "size": [2, 3, 2], "uv": [221, 11]},
						{"origin": [-22, 269, -7], "size": [2, 3, 2], "uv": [221, 11]},
						{"origin": [21, 269, -5], "size": [2, 3, 2], "uv": [221, 11]},
						{"origin": [-24, 269, -5], "size": [2, 3, 2], "uv": [221, 11]},
						{"origin": [23, 269, -3], "size": [2, 3, 2], "uv": [221, 11]},
						{"origin": [-26, 269, -3], "size": [2, 3, 2], "uv": [221, 11]},
						{"origin": [11, 258, -9], "size": [2, 4, 2], "uv": [221, 11]},
						{"origin": [-14, 258, -9], "size": [2, 4, 2], "uv": [221, 11]},
						{"origin": [13, 258, -7], "size": [2, 4, 2], "uv": [221, 11]},
						{"origin": [-16, 258, -7], "size": [2, 4, 2], "uv": [221, 11]},
						{"origin": [15, 258, -5], "size": [2, 4, 2], "uv": [221, 11]},
						{"origin": [-18, 258, -5], "size": [2, 4, 2], "uv": [221, 11]},
						{"origin": [17, 258, -3], "size": [2, 4, 2], "uv": [221, 11]},
						{"origin": [-20, 258, -3], "size": [2, 4, 2], "uv": [221, 11]},
						{"origin": [-12, 248, -5], "size": [3, 3, 2], "uv": [221, 11]},
						{"origin": [-9, 248, -7], "size": [17, 3, 2], "uv": [221, 11]},
						{"origin": [-9, 251, -9], "size": [17, 3, 2], "uv": [221, 11]},
						{"origin": [-9, 266, -17], "size": [17, 3, 2], "uv": [221, 11]},
						{"origin": [-9, 269, -18], "size": [17, 3, 2], "uv": [221, 11]},
						{"origin": [-9, 272, -20], "size": [17, 4, 2], "uv": [221, 11]},
						{"origin": [-9, 276, -22], "size": [17, 4, 2], "uv": [221, 11]},
						{"origin": [-9, 280, -23], "size": [17, 5, 2], "uv": [221, 11]},
						{"origin": [-9, 285, -23], "size": [17, 6, 2], "uv": [221, 11]},
						{"origin": [-9, 254, -11], "size": [17, 4, 2], "uv": [221, 11]},
						{"origin": [-9, 258, -13], "size": [17, 4, 2], "uv": [221, 11]},
						{"origin": [-9, 262, -15], "size": [17, 4, 2], "uv": [221, 11]},
						{"origin": [-16, 248, -1], "size": [2, 3, 12], "uv": [221, 11]},
						{"origin": [15, 251, -1], "size": [2, 3, 12], "uv": [221, 11]},
						{"origin": [-18, 251, -1], "size": [2, 3, 12], "uv": [221, 11]},
						{"origin": [17, 254, -1], "size": [2, 4, 12], "uv": [221, 11]},
						{"origin": [-20, 254, -1], "size": [2, 4, 12], "uv": [221, 11]},
						{"origin": [19, 258, -1], "size": [2, 4, 12], "uv": [221, 11]},
						{"origin": [-22, 258, -1], "size": [2, 4, 12], "uv": [221, 11]},
						{"origin": [21, 262, -1], "size": [2, 4, 12], "uv": [221, 11]},
						{"origin": [-24, 262, -1], "size": [2, 4, 12], "uv": [221, 11]},
						{"origin": [23, 266, -1], "size": [2, 3, 12], "uv": [221, 11]},
						{"origin": [-26, 266, -1], "size": [2, 3, 12], "uv": [221, 11]},
						{"origin": [24, 269, -1], "size": [2, 3, 12], "uv": [221, 11]},
						{"origin": [-27, 269, -1], "size": [2, 3, 12], "uv": [221, 11]},
						{"origin": [26, 272, -1], "size": [2, 4, 12], "uv": [221, 11]},
						{"origin": [-29, 272, -1], "size": [2, 4, 12], "uv": [221, 11]},
						{"origin": [28, 276, -1], "size": [2, 4, 12], "uv": [221, 11]},
						{"origin": [-31, 276, -1], "size": [2, 4, 12], "uv": [221, 11]},
						{"origin": [29, 280, -1], "size": [2, 5, 12], "uv": [221, 11]},
						{"origin": [-32, 280, -1], "size": [2, 5, 12], "uv": [221, 11]},
						{"origin": [30, 285, -1], "size": [2, 19, 12], "uv": [206, 0]},
						{"origin": [-33, 285, -1], "size": [2, 19, 12], "uv": [206, 0]},
						{"origin": [29, 304, -1], "size": [2, 3, 12], "uv": [206, 0]},
						{"origin": [-32, 304, -1], "size": [2, 3, 12], "uv": [206, 0]},
						{"origin": [22, 307, -1], "size": [7, 2, 12], "uv": [206, 0]},
						{"origin": [-30, 307, -1], "size": [7, 2, 12], "uv": [206, 0]},
						{"origin": [15, 306, -1], "size": [7, 2, 12], "uv": [206, 0]},
						{"origin": [-23, 306, -1], "size": [7, 2, 12], "uv": [206, 0]},
						{"origin": [-16, 305, -1], "size": [8, 2, 12], "uv": [206, 0]},
						{"origin": [7, 305, -1], "size": [8, 2, 12], "uv": [206, 0]},
						{"origin": [7, 304, -6], "size": [8, 2, 5], "uv": [206, 0]},
						{"origin": [-16, 304, -6], "size": [8, 2, 5], "uv": [206, 0]},
						{"origin": [15, 305, -6], "size": [7, 2, 5], "uv": [206, 0]},
						{"origin": [-23, 305, -6], "size": [7, 2, 5], "uv": [206, 0]},
						{"origin": [22, 306, -6], "size": [7, 2, 5], "uv": [206, 0]},
						{"origin": [-30, 306, -6], "size": [7, 2, 5], "uv": [206, 0]},
						{"origin": [22, 305, -9], "size": [4, 2, 3], "uv": [206, 0]},
						{"origin": [-27, 305, -9], "size": [4, 2, 3], "uv": [206, 0]},
						{"origin": [22, 304, -10], "size": [4, 2, 2], "uv": [206, 0]},
						{"origin": [-27, 304, -10], "size": [4, 2, 2], "uv": [206, 0]},
						{"origin": [15, 304, -11], "size": [7, 2, 5], "uv": [206, 0]},
						{"origin": [-23, 304, -11], "size": [7, 2, 5], "uv": [206, 0]},
						{"origin": [15, 303, -13], "size": [7, 2, 2], "uv": [206, 0]},
						{"origin": [-23, 303, -13], "size": [7, 2, 2], "uv": [206, 0]},
						{"origin": [15, 302, -15], "size": [5, 2, 2], "uv": [206, 0]},
						{"origin": [-21, 302, -15], "size": [5, 2, 2], "uv": [206, 0]},
						{"origin": [8, 303, -11], "size": [7, 2, 5], "uv": [206, 0]},
						{"origin": [-16, 303, -11], "size": [7, 2, 5], "uv": [206, 0]},
						{"origin": [8, 302, -16], "size": [7, 2, 5], "uv": [206, 0]},
						{"origin": [-16, 302, -16], "size": [7, 2, 5], "uv": [206, 0]},
						{"origin": [8, 301, -19], "size": [7, 2, 3], "uv": [206, 0]},
						{"origin": [-16, 301, -19], "size": [7, 2, 3], "uv": [206, 0]},
						{"origin": [8, 295, -21], "size": [3, 6, 2], "uv": [206, 0]},
						{"origin": [-12, 295, -21], "size": [3, 6, 2], "uv": [206, 0]},
						{"origin": [-8, 304, -1], "size": [15, 2, 12], "uv": [206, 0]},
						{"origin": [-9, 303, -6], "size": [17, 2, 5], "uv": [206, 0]},
						{"origin": [-9, 302, -11], "size": [17, 2, 5], "uv": [206, 0]},
						{"origin": [-9, 301, -16], "size": [17, 2, 5], "uv": [206, 0]},
						{"origin": [-9, 298, -19], "size": [17, 3, 3], "uv": [206, 0]},
						{"origin": [-9, 295, -21], "size": [17, 3, 3], "uv": [206, 0]},
						{"origin": [-9, 291, -23], "size": [17, 4, 3], "uv": [206, 0]}
					]
				},
				{
					"name": "mask2",
					"parent": "mask",
					"pivot": [-1, 236, 10],
					"rotation": [0, 180, 0],
					"cubes": [
						{"origin": [12, 248, 9], "size": [2, 3, 12], "uv": [221, 11]},
						{"origin": [10, 248, 7], "size": [2, 3, 2], "uv": [221, 11]},
						{"origin": [-15, 248, 7], "size": [2, 3, 2], "uv": [221, 11]},
						{"origin": [7, 248, 5], "size": [3, 3, 2], "uv": [221, 11]},
						{"origin": [7, 251, 3], "size": [3, 3, 2], "uv": [221, 11]},
						{"origin": [-13, 251, 3], "size": [3, 3, 2], "uv": [221, 11]},
						{"origin": [10, 251, 5], "size": [2, 3, 2], "uv": [221, 11]},
						{"origin": [-15, 251, 5], "size": [2, 3, 2], "uv": [221, 11]},
						{"origin": [12, 251, 7], "size": [2, 3, 2], "uv": [221, 11]},
						{"origin": [-17, 251, 7], "size": [2, 3, 2], "uv": [221, 11]},
						{"origin": [14, 254, 7], "size": [2, 4, 2], "uv": [221, 11]},
						{"origin": [-19, 254, 7], "size": [2, 4, 2], "uv": [221, 11]},
						{"origin": [12, 254, 5], "size": [2, 4, 2], "uv": [221, 11]},
						{"origin": [-17, 254, 5], "size": [2, 4, 2], "uv": [221, 11]},
						{"origin": [10, 254, 3], "size": [2, 4, 2], "uv": [221, 11]},
						{"origin": [-15, 254, 3], "size": [2, 4, 2], "uv": [221, 11]},
						{"origin": [7, 254, 1], "size": [3, 4, 2], "uv": [221, 11]},
						{"origin": [-13, 254, 1], "size": [3, 4, 2], "uv": [221, 11]},
						{"origin": [7, 258, -1], "size": [3, 4, 2], "uv": [221, 11]},
						{"origin": [-13, 258, -1], "size": [3, 4, 2], "uv": [221, 11]},
						{"origin": [7, 262, -3], "size": [3, 4, 2], "uv": [221, 11]},
						{"origin": [-13, 262, -3], "size": [3, 4, 2], "uv": [221, 11]},
						{"origin": [10, 262, -1], "size": [2, 4, 2], "uv": [221, 11]},
						{"origin": [-15, 262, -1], "size": [2, 4, 2], "uv": [221, 11]},
						{"origin": [12, 262, 1], "size": [2, 4, 2], "uv": [221, 11]},
						{"origin": [-17, 262, 1], "size": [2, 4, 2], "uv": [221, 11]},
						{"origin": [16, 262, 5], "size": [2, 4, 2], "uv": [221, 11]},
						{"origin": [-21, 262, 5], "size": [2, 4, 2], "uv": [221, 11]},
						{"origin": [18, 262, 7], "size": [2, 4, 2], "uv": [221, 11]},
						{"origin": [-23, 262, 7], "size": [2, 4, 2], "uv": [221, 11]},
						{"origin": [20, 266, 7], "size": [2, 3, 2], "uv": [221, 11]},
						{"origin": [-25, 266, 7], "size": [2, 3, 2], "uv": [221, 11]},
						{"origin": [18, 266, 5], "size": [2, 3, 2], "uv": [221, 11]},
						{"origin": [-23, 266, 5], "size": [2, 3, 2], "uv": [221, 11]},
						{"origin": [16, 266, 3], "size": [2, 3, 2], "uv": [221, 11]},
						{"origin": [-21, 266, 3], "size": [2, 3, 2], "uv": [221, 11]},
						{"origin": [14, 266, 1], "size": [2, 3, 2], "uv": [221, 11]},
						{"origin": [-19, 266, 1], "size": [2, 3, 2], "uv": [221, 11]},
						{"origin": [12, 266, -1], "size": [2, 3, 2], "uv": [221, 11]},
						{"origin": [-17, 266, -1], "size": [2, 3, 2], "uv": [221, 11]},
						{"origin": [10, 266, -3], "size": [2, 3, 2], "uv": [221, 11]},
						{"origin": [-15, 266, -3], "size": [2, 3, 2], "uv": [221, 11]},
						{"origin": [14, 262, 3], "size": [2, 4, 2], "uv": [221, 11]},
						{"origin": [-19, 262, 3], "size": [2, 4, 2], "uv": [221, 11]},
						{"origin": [7, 266, -5], "size": [3, 3, 2], "uv": [221, 11]},
						{"origin": [-13, 266, -5], "size": [3, 3, 2], "uv": [221, 11]},
						{"origin": [7, 269, -7], "size": [3, 3, 2], "uv": [221, 11]},
						{"origin": [-13, 269, -7], "size": [3, 3, 2], "uv": [221, 11]},
						{"origin": [7, 272, -8], "size": [3, 4, 2], "uv": [221, 11]},
						{"origin": [-13, 272, -8], "size": [3, 4, 2], "uv": [221, 11]},
						{"origin": [7, 276, -10], "size": [3, 4, 2], "uv": [221, 11]},
						{"origin": [-13, 276, -10], "size": [3, 4, 2], "uv": [221, 11]},
						{"origin": [7, 280, -12], "size": [3, 15, 2], "uv": [221, 11]},
						{"origin": [-13, 280, -12], "size": [3, 15, 2], "uv": [221, 11]},
						{"origin": [10, 280, -10], "size": [3, 21, 2], "uv": [221, 11]},
						{"origin": [-16, 280, -10], "size": [3, 21, 2], "uv": [221, 11]},
						{"origin": [13, 280, -8], "size": [2, 5, 2], "uv": [221, 11]},
						{"origin": [-18, 280, -8], "size": [2, 5, 2], "uv": [221, 11]},
						{"origin": [15, 280, -6], "size": [2, 5, 2], "uv": [221, 11]},
						{"origin": [-20, 280, -6], "size": [2, 5, 2], "uv": [221, 11]},
						{"origin": [17, 280, -4], "size": [2, 5, 2], "uv": [221, 11]},
						{"origin": [-22, 280, -4], "size": [2, 5, 2], "uv": [221, 11]},
						{"origin": [19, 280, -2], "size": [2, 5, 2], "uv": [221, 11]},
						{"origin": [-24, 280, -2], "size": [2, 5, 2], "uv": [221, 11]},
						{"origin": [21, 280, 0], "size": [2, 5, 2], "uv": [221, 11]},
						{"origin": [-26, 280, 0], "size": [2, 5, 2], "uv": [221, 11]},
						{"origin": [23, 280, 2], "size": [2, 5, 2], "uv": [221, 11]},
						{"origin": [-28, 280, 2], "size": [2, 5, 2], "uv": [221, 11]},
						{"origin": [25, 280, 4], "size": [2, 5, 2], "uv": [221, 11]},
						{"origin": [-30, 280, 4], "size": [2, 5, 2], "uv": [221, 11]},
						{"origin": [27, 280, 6], "size": [2, 5, 3], "uv": [221, 11]},
						{"origin": [-32, 280, 6], "size": [2, 5, 3], "uv": [221, 11]},
						{"origin": [28, 285, 6], "size": [2, 19, 3], "uv": [221, 11]},
						{"origin": [-33, 285, 6], "size": [2, 19, 3], "uv": [221, 11]},
						{"origin": [26, 304, 4], "size": [3, 3, 5], "uv": [221, 11]},
						{"origin": [-32, 304, 4], "size": [3, 3, 5], "uv": [221, 11]},
						{"origin": [27, 285, 4], "size": [2, 19, 2], "uv": [221, 11]},
						{"origin": [-32, 285, 4], "size": [2, 19, 2], "uv": [221, 11]},
						{"origin": [25, 285, 2], "size": [2, 22, 2], "uv": [221, 11]},
						{"origin": [-30, 285, 2], "size": [2, 22, 2], "uv": [221, 11]},
						{"origin": [23, 285, 0], "size": [2, 19, 2], "uv": [221, 11]},
						{"origin": [-28, 285, 0], "size": [2, 19, 2], "uv": [221, 11]},
						{"origin": [21, 285, -2], "size": [2, 19, 2], "uv": [221, 11]},
						{"origin": [-26, 285, -2], "size": [2, 19, 2], "uv": [221, 11]},
						{"origin": [19, 285, -4], "size": [2, 18, 2], "uv": [221, 11]},
						{"origin": [-24, 285, -4], "size": [2, 18, 2], "uv": [221, 11]},
						{"origin": [17, 285, -6], "size": [2, 17, 2], "uv": [221, 11]},
						{"origin": [-22, 285, -6], "size": [2, 17, 2], "uv": [221, 11]},
						{"origin": [14, 285, -8], "size": [3, 18, 3], "uv": [221, 11]},
						{"origin": [-20, 285, -8], "size": [3, 18, 3], "uv": [221, 11]},
						{"origin": [13, 285, -9], "size": [2, 16, 2], "uv": [221, 11]},
						{"origin": [-18, 285, -9], "size": [2, 16, 2], "uv": [221, 11]},
						{"origin": [10, 276, -8], "size": [3, 4, 2], "uv": [221, 11]},
						{"origin": [-16, 276, -8], "size": [3, 4, 2], "uv": [221, 11]},
						{"origin": [11, 276, -6], "size": [4, 4, 2], "uv": [221, 11]},
						{"origin": [-18, 276, -6], "size": [4, 4, 2], "uv": [221, 11]},
						{"origin": [13, 276, -4], "size": [4, 4, 2], "uv": [221, 11]},
						{"origin": [-20, 276, -4], "size": [4, 4, 2], "uv": [221, 11]},
						{"origin": [16, 276, -2], "size": [3, 4, 2], "uv": [221, 11]},
						{"origin": [-22, 276, -2], "size": [3, 4, 2], "uv": [221, 11]},
						{"origin": [18, 276, 0], "size": [3, 4, 2], "uv": [221, 11]},
						{"origin": [-26, 276, 2], "size": [3, 4, 2], "uv": [221, 11]},
						{"origin": [-24, 276, 0], "size": [3, 4, 2], "uv": [221, 11]},
						{"origin": [19, 276, 2], "size": [4, 4, 2], "uv": [221, 11]},
						{"origin": [21, 276, 4], "size": [4, 4, 2], "uv": [221, 11]},
						{"origin": [-28, 276, 4], "size": [4, 4, 2], "uv": [221, 11]},
						{"origin": [24, 276, 6], "size": [3, 4, 3], "uv": [221, 11]},
						{"origin": [-30, 276, 6], "size": [4, 4, 3], "uv": [221, 11]},
						{"origin": [10, 272, -6], "size": [2, 4, 2], "uv": [221, 11]},
						{"origin": [-15, 272, -6], "size": [2, 4, 2], "uv": [221, 11]},
						{"origin": [12, 272, -4], "size": [2, 4, 2], "uv": [221, 11]},
						{"origin": [-17, 272, -4], "size": [2, 4, 2], "uv": [221, 11]},
						{"origin": [14, 272, -2], "size": [2, 4, 2], "uv": [221, 11]},
						{"origin": [-21, 272, 0], "size": [2, 4, 2], "uv": [221, 11]},
						{"origin": [-19, 272, -2], "size": [2, 4, 2], "uv": [221, 11]},
						{"origin": [16, 272, 0], "size": [2, 4, 2], "uv": [221, 11]},
						{"origin": [18, 272, 2], "size": [2, 4, 2], "uv": [221, 11]},
						{"origin": [-23, 272, 2], "size": [2, 4, 2], "uv": [221, 11]},
						{"origin": [20, 272, 4], "size": [2, 4, 2], "uv": [221, 11]},
						{"origin": [-25, 272, 4], "size": [2, 4, 2], "uv": [221, 11]},
						{"origin": [22, 272, 6], "size": [2, 4, 2], "uv": [221, 11]},
						{"origin": [-27, 272, 6], "size": [2, 4, 2], "uv": [221, 11]},
						{"origin": [24, 272, 7], "size": [2, 4, 2], "uv": [221, 11]},
						{"origin": [-29, 272, 7], "size": [2, 4, 2], "uv": [221, 11]},
						{"origin": [10, 269, -5], "size": [2, 3, 2], "uv": [221, 11]},
						{"origin": [-15, 269, -5], "size": [2, 3, 2], "uv": [221, 11]},
						{"origin": [12, 269, -3], "size": [2, 3, 2], "uv": [221, 11]},
						{"origin": [-17, 269, -3], "size": [2, 3, 2], "uv": [221, 11]},
						{"origin": [14, 269, -1], "size": [2, 3, 2], "uv": [221, 11]},
						{"origin": [-19, 269, -1], "size": [2, 3, 2], "uv": [221, 11]},
						{"origin": [16, 269, 1], "size": [2, 3, 2], "uv": [221, 11]},
						{"origin": [-21, 269, 1], "size": [2, 3, 2], "uv": [221, 11]},
						{"origin": [18, 269, 3], "size": [2, 3, 2], "uv": [221, 11]},
						{"origin": [-23, 269, 3], "size": [2, 3, 2], "uv": [221, 11]},
						{"origin": [20, 269, 5], "size": [2, 3, 2], "uv": [221, 11]},
						{"origin": [-25, 269, 5], "size": [2, 3, 2], "uv": [221, 11]},
						{"origin": [22, 269, 7], "size": [2, 3, 2], "uv": [221, 11]},
						{"origin": [-27, 269, 7], "size": [2, 3, 2], "uv": [221, 11]},
						{"origin": [10, 258, 1], "size": [2, 4, 2], "uv": [221, 11]},
						{"origin": [-15, 258, 1], "size": [2, 4, 2], "uv": [221, 11]},
						{"origin": [12, 258, 3], "size": [2, 4, 2], "uv": [221, 11]},
						{"origin": [-17, 258, 3], "size": [2, 4, 2], "uv": [221, 11]},
						{"origin": [14, 258, 5], "size": [2, 4, 2], "uv": [221, 11]},
						{"origin": [-19, 258, 5], "size": [2, 4, 2], "uv": [221, 11]},
						{"origin": [16, 258, 7], "size": [2, 4, 2], "uv": [221, 11]},
						{"origin": [-21, 258, 7], "size": [2, 4, 2], "uv": [221, 11]},
						{"origin": [-13, 248, 5], "size": [3, 3, 2], "uv": [221, 11]},
						{"origin": [-10, 248, 3], "size": [17, 3, 2], "uv": [221, 11]},
						{"origin": [-10, 251, 1], "size": [17, 3, 2], "uv": [221, 11]},
						{"origin": [-10, 266, -7], "size": [17, 3, 2], "uv": [221, 11]},
						{"origin": [-10, 269, -8], "size": [17, 3, 2], "uv": [221, 11]},
						{"origin": [-10, 272, -10], "size": [17, 4, 2], "uv": [221, 11]},
						{"origin": [-10, 276, -12], "size": [17, 4, 2], "uv": [221, 11]},
						{"origin": [-10, 280, -13], "size": [17, 5, 2], "uv": [221, 11]},
						{"origin": [-10, 285, -13], "size": [17, 6, 2], "uv": [221, 11]},
						{"origin": [-10, 254, -1], "size": [17, 4, 2], "uv": [221, 11]},
						{"origin": [-10, 258, -3], "size": [17, 4, 2], "uv": [221, 11]},
						{"origin": [-10, 262, -5], "size": [17, 4, 2], "uv": [221, 11]},
						{"origin": [-17, 248, 9], "size": [2, 3, 12], "uv": [221, 11]},
						{"origin": [14, 251, 9], "size": [2, 3, 12], "uv": [221, 11]},
						{"origin": [-19, 251, 9], "size": [2, 3, 12], "uv": [221, 11]},
						{"origin": [16, 254, 9], "size": [2, 4, 12], "uv": [221, 11]},
						{"origin": [-21, 254, 9], "size": [2, 4, 12], "uv": [221, 11]},
						{"origin": [18, 258, 9], "size": [2, 4, 12], "uv": [221, 11]},
						{"origin": [-23, 258, 9], "size": [2, 4, 12], "uv": [221, 11]},
						{"origin": [20, 262, 9], "size": [2, 4, 12], "uv": [221, 11]},
						{"origin": [-25, 262, 9], "size": [2, 4, 12], "uv": [221, 11]},
						{"origin": [22, 266, 9], "size": [2, 3, 12], "uv": [221, 11]},
						{"origin": [-27, 266, 9], "size": [2, 3, 12], "uv": [221, 11]},
						{"origin": [23, 269, 9], "size": [2, 3, 12], "uv": [221, 11]},
						{"origin": [-28, 269, 9], "size": [2, 3, 12], "uv": [221, 11]},
						{"origin": [25, 272, 9], "size": [2, 4, 12], "uv": [221, 11]},
						{"origin": [-30, 272, 9], "size": [2, 4, 12], "uv": [221, 11]},
						{"origin": [27, 276, 9], "size": [2, 4, 12], "uv": [221, 11]},
						{"origin": [-32, 276, 9], "size": [2, 4, 12], "uv": [221, 11]},
						{"origin": [28, 280, 9], "size": [2, 5, 12], "uv": [221, 11]},
						{"origin": [-33, 280, 9], "size": [2, 5, 12], "uv": [221, 11]},
						{"origin": [29, 285, 9], "size": [2, 19, 12], "uv": [206, 0]},
						{"origin": [-34, 285, 9], "size": [2, 19, 12], "uv": [206, 0]},
						{"origin": [28, 304, 9], "size": [2, 3, 12], "uv": [206, 0]},
						{"origin": [-33, 304, 9], "size": [2, 3, 12], "uv": [206, 0]},
						{"origin": [21, 307, 9], "size": [7, 2, 12], "uv": [206, 0]},
						{"origin": [-31, 307, 9], "size": [7, 2, 12], "uv": [206, 0]},
						{"origin": [14, 306, 9], "size": [7, 2, 12], "uv": [206, 0]},
						{"origin": [-24, 306, 9], "size": [7, 2, 12], "uv": [206, 0]},
						{"origin": [-17, 305, 9], "size": [8, 2, 12], "uv": [206, 0]},
						{"origin": [6, 305, 9], "size": [8, 2, 12], "uv": [206, 0]},
						{"origin": [6, 304, 4], "size": [8, 2, 5], "uv": [206, 0]},
						{"origin": [-17, 304, 4], "size": [8, 2, 5], "uv": [206, 0]},
						{"origin": [14, 305, 4], "size": [7, 2, 5], "uv": [206, 0]},
						{"origin": [-24, 305, 4], "size": [7, 2, 5], "uv": [206, 0]},
						{"origin": [21, 306, 4], "size": [7, 2, 5], "uv": [206, 0]},
						{"origin": [-31, 306, 4], "size": [7, 2, 5], "uv": [206, 0]},
						{"origin": [21, 305, 1], "size": [4, 2, 3], "uv": [206, 0]},
						{"origin": [-28, 305, 1], "size": [4, 2, 3], "uv": [206, 0]},
						{"origin": [21, 304, 0], "size": [4, 2, 2], "uv": [206, 0]},
						{"origin": [-28, 304, 0], "size": [4, 2, 2], "uv": [206, 0]},
						{"origin": [14, 304, -1], "size": [7, 2, 5], "uv": [206, 0]},
						{"origin": [-24, 304, -1], "size": [7, 2, 5], "uv": [206, 0]},
						{"origin": [14, 303, -3], "size": [7, 2, 2], "uv": [206, 0]},
						{"origin": [-24, 303, -3], "size": [7, 2, 2], "uv": [206, 0]},
						{"origin": [14, 302, -5], "size": [5, 2, 2], "uv": [206, 0]},
						{"origin": [-22, 302, -5], "size": [5, 2, 2], "uv": [206, 0]},
						{"origin": [7, 303, -1], "size": [7, 2, 5], "uv": [206, 0]},
						{"origin": [-17, 303, -1], "size": [7, 2, 5], "uv": [206, 0]},
						{"origin": [7, 302, -6], "size": [7, 2, 5], "uv": [206, 0]},
						{"origin": [-17, 302, -6], "size": [7, 2, 5], "uv": [206, 0]},
						{"origin": [7, 301, -9], "size": [7, 2, 3], "uv": [206, 0]},
						{"origin": [-17, 301, -9], "size": [7, 2, 3], "uv": [206, 0]},
						{"origin": [7, 295, -11], "size": [3, 6, 2], "uv": [206, 0]},
						{"origin": [-13, 295, -11], "size": [3, 6, 2], "uv": [206, 0]},
						{"origin": [-9, 304, 9], "size": [15, 2, 12], "uv": [206, 0]},
						{"origin": [-10, 303, 4], "size": [17, 2, 5], "uv": [206, 0]},
						{"origin": [-10, 302, -1], "size": [17, 2, 5], "uv": [206, 0]},
						{"origin": [-10, 301, -6], "size": [17, 2, 5], "uv": [206, 0]},
						{"origin": [-10, 298, -9], "size": [17, 3, 3], "uv": [206, 0]},
						{"origin": [-10, 295, -11], "size": [17, 3, 3], "uv": [206, 0]},
						{"origin": [-10, 291, -13], "size": [17, 4, 3], "uv": [206, 0]}
					]
				},
				{
					"name": "pelos",
					"parent": "head",
					"pivot": [0, 236, 0]
				},
				{
					"name": "fios",
					"parent": "pelos",
					"pivot": [0, 236, 0],
					"cubes": [
						{"origin": [27, 272, 0], "size": [4, 1, 1], "uv": [205, 48]},
						{"origin": [28, 288, 0], "size": [8, 2, 2], "pivot": [35.5, 289.5, 0.5], "rotation": [0, 0, -45], "uv": [205, 48]},
						{"origin": [33, 292, 0], "size": [8, 2, 2], "pivot": [35.5, 289.5, 0.5], "rotation": [0, 0, -62.5], "uv": [205, 48]},
						{"origin": [38, 295, 0], "size": [8, 2, 2], "pivot": [35.5, 289.5, 0.5], "rotation": [0, 0, -62.5], "uv": [205, 48]},
						{"origin": [45, 299, 0], "size": [8, 2, 2], "pivot": [35.5, 289.5, 0.5], "rotation": [0, 0, -62.5], "uv": [205, 48]},
						{"origin": [48, 304, 0], "size": [8, 2, 2], "pivot": [35.5, 289.5, 0.5], "rotation": [0, 0, -62.5], "uv": [205, 48]},
						{"origin": [22, 284, 0], "size": [9, 2, 2], "pivot": [35.5, 289.5, 0.5], "rotation": [0, 0, -45], "uv": [205, 48]},
						{"origin": [11, 281, 0], "size": [11, 2, 2], "pivot": [35.5, 289.5, 0.5], "rotation": [0, 0, -45], "uv": [205, 48]},
						{"origin": [24, 269, 0], "size": [4, 1, 1], "uv": [205, 48]},
						{"origin": [22, 266, 0], "size": [4, 1, 1], "uv": [205, 48]}
					]
				},
				{
					"name": "fios2",
					"parent": "fios",
					"pivot": [0, 234, 6],
					"cubes": [
						{"origin": [27, 270, 6], "size": [4, 1, 1], "uv": [205, 48]},
						{"origin": [28, 286, 6], "size": [8, 2, 2], "pivot": [35.5, 287.5, 6.5], "rotation": [0, 0, -45], "uv": [205, 48]},
						{"origin": [33, 290, 6], "size": [8, 2, 2], "pivot": [35.5, 287.5, 6.5], "rotation": [0, 0, -62.5], "uv": [205, 48]},
						{"origin": [38, 293, 6], "size": [8, 2, 2], "pivot": [35.5, 287.5, 6.5], "rotation": [0, 0, -62.5], "uv": [205, 48]},
						{"origin": [45, 297, 6], "size": [8, 2, 2], "pivot": [35.5, 287.5, 6.5], "rotation": [0, 0, -62.5], "uv": [205, 48]},
						{"origin": [48, 302, 6], "size": [8, 2, 2], "pivot": [35.5, 287.5, 6.5], "rotation": [0, 0, -62.5], "uv": [205, 48]},
						{"origin": [18, 282, 6], "size": [13, 2, 2], "pivot": [35.5, 287.5, 6.5], "rotation": [0, 0, -45], "uv": [205, 48]},
						{"origin": [8, 279, 6], "size": [14, 2, 2], "pivot": [35.5, 287.5, 6.5], "rotation": [0, 0, -45], "uv": [205, 48]},
						{"origin": [24, 267, 6], "size": [4, 1, 1], "uv": [205, 48]},
						{"origin": [22, 264, 6], "size": [4, 1, 1], "uv": [205, 48]}
					]
				},
				{
					"name": "fios3",
					"parent": "fios",
					"pivot": [-9, 234, -10],
					"cubes": [
						{"origin": [18, 270, -10], "size": [4, 1, 1], "uv": [205, 48]},
						{"origin": [19, 286, -10], "size": [8, 2, 2], "pivot": [26.5, 287.5, -9.5], "rotation": [0, 0, -45], "uv": [205, 48]},
						{"origin": [24, 290, -10], "size": [8, 2, 2], "pivot": [26.5, 287.5, -9.5], "rotation": [0, 0, -62.5], "uv": [205, 48]},
						{"origin": [29, 293, -10], "size": [8, 2, 2], "pivot": [26.5, 287.5, -9.5], "rotation": [0, 0, -62.5], "uv": [205, 48]},
						{"origin": [36, 297, -10], "size": [8, 2, 2], "pivot": [26.5, 287.5, -9.5], "rotation": [0, 0, -62.5], "uv": [205, 48]},
						{"origin": [39, 302, -10], "size": [8, 2, 2], "pivot": [26.5, 287.5, -9.5], "rotation": [0, 0, -62.5], "uv": [205, 48]},
						{"origin": [13, 282, -10], "size": [9, 2, 2], "pivot": [26.5, 287.5, -9.5], "rotation": [0, 0, -45], "uv": [205, 48]},
						{"origin": [2, 279, -10], "size": [11, 2, 2], "pivot": [26.5, 287.5, -9.5], "rotation": [0, 0, -45], "uv": [205, 48]},
						{"origin": [15, 267, -10], "size": [4, 1, 1], "uv": [205, 48]},
						{"origin": [13, 264, -10], "size": [4, 1, 1], "uv": [205, 48]}
					]
				},
				{
					"name": "fios4",
					"parent": "fios3",
					"pivot": [-2, 232, -4],
					"cubes": [
						{"origin": [24, 284, -4], "size": [8, 2, 2], "pivot": [33.5, 285.5, -3.5], "rotation": [0, 0, -45], "uv": [205, 48]},
						{"origin": [31, 288, -4], "size": [8, 2, 2], "pivot": [33.5, 285.5, -3.5], "rotation": [0, 0, -62.5], "uv": [205, 48]},
						{"origin": [36, 291, -4], "size": [8, 2, 2], "pivot": [33.5, 285.5, -3.5], "rotation": [0, 0, -62.5], "uv": [205, 48]},
						{"origin": [43, 295, -4], "size": [8, 2, 2], "pivot": [33.5, 285.5, -3.5], "rotation": [0, 0, -62.5], "uv": [205, 48]},
						{"origin": [46, 300, -4], "size": [8, 2, 2], "pivot": [33.5, 285.5, -3.5], "rotation": [0, 0, -62.5], "uv": [205, 48]},
						{"origin": [14, 282, -4], "size": [13, 2, 2], "pivot": [33.5, 285.5, -3.5], "rotation": [0, 0, -45], "uv": [205, 48]},
						{"origin": [2, 279, -4], "size": [14, 2, 2], "pivot": [33.5, 285.5, -3.5], "rotation": [0, 0, -45], "uv": [205, 48]}
					]
				},
				{
					"name": "fios5",
					"parent": "fios",
					"pivot": [-9, 234, 20],
					"cubes": [
						{"origin": [18, 270, 20], "size": [4, 1, 1], "uv": [205, 48]},
						{"origin": [19, 286, 20], "size": [8, 2, 2], "pivot": [26.5, 287.5, 20.5], "rotation": [0, 0, -45], "uv": [205, 48]},
						{"origin": [24, 290, 20], "size": [8, 2, 2], "pivot": [26.5, 287.5, 20.5], "rotation": [0, 0, -62.5], "uv": [205, 48]},
						{"origin": [29, 293, 20], "size": [8, 2, 2], "pivot": [26.5, 287.5, 20.5], "rotation": [0, 0, -62.5], "uv": [205, 48]},
						{"origin": [36, 297, 20], "size": [8, 2, 2], "pivot": [26.5, 287.5, 20.5], "rotation": [0, 0, -62.5], "uv": [205, 48]},
						{"origin": [39, 302, 20], "size": [8, 2, 2], "pivot": [26.5, 287.5, 20.5], "rotation": [0, 0, -62.5], "uv": [205, 48]},
						{"origin": [13, 282, 20], "size": [9, 2, 2], "pivot": [26.5, 287.5, 20.5], "rotation": [0, 0, -45], "uv": [205, 48]},
						{"origin": [2, 279, 20], "size": [11, 2, 2], "pivot": [26.5, 287.5, 20.5], "rotation": [0, 0, -45], "uv": [205, 48]},
						{"origin": [15, 267, 20], "size": [4, 1, 1], "uv": [205, 48]},
						{"origin": [13, 264, 20], "size": [4, 1, 1], "uv": [205, 48]}
					]
				},
				{
					"name": "fios6",
					"parent": "fios5",
					"pivot": [-2, 232, 13],
					"cubes": [
						{"origin": [24, 284, 13], "size": [8, 2, 2], "pivot": [33.5, 285.5, 13.5], "rotation": [0, 0, -45], "uv": [205, 48]},
						{"origin": [31, 288, 13], "size": [8, 2, 2], "pivot": [33.5, 285.5, 13.5], "rotation": [0, 0, -62.5], "uv": [205, 48]},
						{"origin": [36, 291, 13], "size": [8, 2, 2], "pivot": [33.5, 285.5, 13.5], "rotation": [0, 0, -62.5], "uv": [205, 48]},
						{"origin": [43, 295, 13], "size": [8, 2, 2], "pivot": [33.5, 285.5, 13.5], "rotation": [0, 0, -62.5], "uv": [205, 48]},
						{"origin": [46, 300, 13], "size": [8, 2, 2], "pivot": [33.5, 285.5, 13.5], "rotation": [0, 0, -62.5], "uv": [205, 48]},
						{"origin": [14, 282, 13], "size": [13, 2, 2], "pivot": [33.5, 285.5, 13.5], "rotation": [0, 0, -45], "uv": [205, 48]},
						{"origin": [2, 279, 13], "size": [14, 2, 2], "pivot": [33.5, 285.5, 13.5], "rotation": [0, 0, -45], "uv": [205, 48]}
					]
				},
				{
					"name": "fios7",
					"parent": "pelos",
					"pivot": [-1, 236, 11],
					"rotation": [0, -177.5, 0],
					"cubes": [
						{"origin": [26, 272, 11], "size": [4, 1, 1], "uv": [205, 48]},
						{"origin": [27, 288, 11], "size": [8, 2, 2], "pivot": [34.5, 289.5, 11.5], "rotation": [0, 0, -45], "uv": [205, 48]},
						{"origin": [32, 292, 11], "size": [8, 2, 2], "pivot": [34.5, 289.5, 11.5], "rotation": [0, 0, -62.5], "uv": [205, 48]},
						{"origin": [37, 295, 11], "size": [8, 2, 2], "pivot": [34.5, 289.5, 11.5], "rotation": [0, 0, -62.5], "uv": [205, 48]},
						{"origin": [44, 299, 11], "size": [8, 2, 2], "pivot": [34.5, 289.5, 11.5], "rotation": [0, 0, -62.5], "uv": [205, 48]},
						{"origin": [47, 304, 11], "size": [8, 2, 2], "pivot": [34.5, 289.5, 11.5], "rotation": [0, 0, -62.5], "uv": [205, 48]},
						{"origin": [21, 284, 11], "size": [9, 2, 2], "pivot": [34.5, 289.5, 11.5], "rotation": [0, 0, -45], "uv": [205, 48]},
						{"origin": [10, 281, 11], "size": [11, 2, 2], "pivot": [34.5, 289.5, 11.5], "rotation": [0, 0, -45], "uv": [205, 48]},
						{"origin": [23, 269, 11], "size": [4, 1, 1], "uv": [205, 48]},
						{"origin": [21, 266, 11], "size": [4, 1, 1], "uv": [205, 48]}
					]
				},
				{
					"name": "fios8",
					"parent": "fios7",
					"pivot": [-1, 234, 17],
					"cubes": [
						{"origin": [26, 270, 17], "size": [4, 1, 1], "uv": [205, 48]},
						{"origin": [27, 286, 17], "size": [8, 2, 2], "pivot": [34.5, 287.5, 17.5], "rotation": [0, 0, -45], "uv": [205, 48]},
						{"origin": [32, 290, 17], "size": [8, 2, 2], "pivot": [34.5, 287.5, 17.5], "rotation": [0, 0, -62.5], "uv": [205, 48]},
						{"origin": [37, 293, 17], "size": [8, 2, 2], "pivot": [34.5, 287.5, 17.5], "rotation": [0, 0, -62.5], "uv": [205, 48]},
						{"origin": [44, 297, 17], "size": [8, 2, 2], "pivot": [34.5, 287.5, 17.5], "rotation": [0, 0, -62.5], "uv": [205, 48]},
						{"origin": [47, 302, 17], "size": [8, 2, 2], "pivot": [34.5, 287.5, 17.5], "rotation": [0, 0, -62.5], "uv": [205, 48]},
						{"origin": [17, 282, 17], "size": [13, 2, 2], "pivot": [34.5, 287.5, 17.5], "rotation": [0, 0, -45], "uv": [205, 48]},
						{"origin": [7, 279, 17], "size": [14, 2, 2], "pivot": [34.5, 287.5, 17.5], "rotation": [0, 0, -45], "uv": [205, 48]},
						{"origin": [23, 267, 17], "size": [4, 1, 1], "uv": [205, 48]},
						{"origin": [21, 264, 17], "size": [4, 1, 1], "uv": [205, 48]}
					]
				},
				{
					"name": "fios9",
					"parent": "fios7",
					"pivot": [-10, 234, 1],
					"cubes": [
						{"origin": [17, 270, 1], "size": [4, 1, 1], "uv": [205, 48]},
						{"origin": [18, 286, 1], "size": [8, 2, 2], "pivot": [25.5, 287.5, 1.5], "rotation": [0, 0, -45], "uv": [205, 48]},
						{"origin": [23, 290, 1], "size": [8, 2, 2], "pivot": [25.5, 287.5, 1.5], "rotation": [0, 0, -62.5], "uv": [205, 48]},
						{"origin": [28, 293, 1], "size": [8, 2, 2], "pivot": [25.5, 287.5, 1.5], "rotation": [0, 0, -62.5], "uv": [205, 48]},
						{"origin": [35, 297, 1], "size": [8, 2, 2], "pivot": [25.5, 287.5, 1.5], "rotation": [0, 0, -62.5], "uv": [205, 48]},
						{"origin": [38, 302, 1], "size": [8, 2, 2], "pivot": [25.5, 287.5, 1.5], "rotation": [0, 0, -62.5], "uv": [205, 48]},
						{"origin": [12, 282, 1], "size": [9, 2, 2], "pivot": [25.5, 287.5, 1.5], "rotation": [0, 0, -45], "uv": [205, 48]},
						{"origin": [1, 279, 1], "size": [11, 2, 2], "pivot": [25.5, 287.5, 1.5], "rotation": [0, 0, -45], "uv": [205, 48]},
						{"origin": [14, 267, 1], "size": [4, 1, 1], "uv": [205, 48]},
						{"origin": [12, 264, 1], "size": [4, 1, 1], "uv": [205, 48]}
					]
				},
				{
					"name": "fios10",
					"parent": "fios9",
					"pivot": [-3, 232, 7],
					"cubes": [
						{"origin": [23, 284, 7], "size": [8, 2, 2], "pivot": [32.5, 285.5, 7.5], "rotation": [0, 0, -45], "uv": [205, 48]},
						{"origin": [30, 288, 7], "size": [8, 2, 2], "pivot": [32.5, 285.5, 7.5], "rotation": [0, 0, -62.5], "uv": [205, 48]},
						{"origin": [35, 291, 7], "size": [8, 2, 2], "pivot": [32.5, 285.5, 7.5], "rotation": [0, 0, -62.5], "uv": [205, 48]},
						{"origin": [42, 295, 7], "size": [8, 2, 2], "pivot": [32.5, 285.5, 7.5], "rotation": [0, 0, -62.5], "uv": [205, 48]},
						{"origin": [45, 300, 7], "size": [8, 2, 2], "pivot": [32.5, 285.5, 7.5], "rotation": [0, 0, -62.5], "uv": [205, 48]},
						{"origin": [13, 282, 7], "size": [13, 2, 2], "pivot": [32.5, 285.5, 7.5], "rotation": [0, 0, -45], "uv": [205, 48]},
						{"origin": [1, 279, 7], "size": [14, 2, 2], "pivot": [32.5, 285.5, 7.5], "rotation": [0, 0, -45], "uv": [205, 48]}
					]
				},
				{
					"name": "fios11",
					"parent": "fios7",
					"pivot": [-10, 234, 31],
					"cubes": [
						{"origin": [17, 270, 31], "size": [4, 1, 1], "uv": [205, 48]},
						{"origin": [18, 286, 31], "size": [8, 2, 2], "pivot": [25.5, 287.5, 31.5], "rotation": [0, 0, -45], "uv": [205, 48]},
						{"origin": [23, 290, 31], "size": [8, 2, 2], "pivot": [25.5, 287.5, 31.5], "rotation": [0, 0, -62.5], "uv": [205, 48]},
						{"origin": [28, 293, 31], "size": [8, 2, 2], "pivot": [25.5, 287.5, 31.5], "rotation": [0, 0, -62.5], "uv": [205, 48]},
						{"origin": [35, 297, 31], "size": [8, 2, 2], "pivot": [25.5, 287.5, 31.5], "rotation": [0, 0, -62.5], "uv": [205, 48]},
						{"origin": [38, 302, 31], "size": [8, 2, 2], "pivot": [25.5, 287.5, 31.5], "rotation": [0, 0, -62.5], "uv": [205, 48]},
						{"origin": [12, 282, 31], "size": [9, 2, 2], "pivot": [25.5, 287.5, 31.5], "rotation": [0, 0, -45], "uv": [205, 48]},
						{"origin": [1, 279, 31], "size": [11, 2, 2], "pivot": [25.5, 287.5, 31.5], "rotation": [0, 0, -45], "uv": [205, 48]},
						{"origin": [14, 267, 31], "size": [4, 1, 1], "uv": [205, 48]},
						{"origin": [12, 264, 31], "size": [4, 1, 1], "uv": [205, 48]}
					]
				},
				{
					"name": "fios12",
					"parent": "fios11",
					"pivot": [-3, 232, 24],
					"cubes": [
						{"origin": [23, 284, 24], "size": [8, 2, 2], "pivot": [32.5, 285.5, 24.5], "rotation": [0, 0, -45], "uv": [205, 48]},
						{"origin": [30, 288, 24], "size": [8, 2, 2], "pivot": [32.5, 285.5, 24.5], "rotation": [0, 0, -62.5], "uv": [205, 48]},
						{"origin": [35, 291, 24], "size": [8, 2, 2], "pivot": [32.5, 285.5, 24.5], "rotation": [0, 0, -62.5], "uv": [205, 48]},
						{"origin": [42, 295, 24], "size": [8, 2, 2], "pivot": [32.5, 285.5, 24.5], "rotation": [0, 0, -62.5], "uv": [205, 48]},
						{"origin": [45, 300, 24], "size": [8, 2, 2], "pivot": [32.5, 285.5, 24.5], "rotation": [0, 0, -62.5], "uv": [205, 48]},
						{"origin": [13, 282, 24], "size": [13, 2, 2], "pivot": [32.5, 285.5, 24.5], "rotation": [0, 0, -45], "uv": [205, 48]},
						{"origin": [1, 279, 24], "size": [14, 2, 2], "pivot": [32.5, 285.5, 24.5], "rotation": [0, 0, -45], "uv": [205, 48]}
					]
				},
				{
					"name": "cabelos",
					"parent": "pelos",
					"pivot": [0, 236, 0],
					"cubes": [
						{"origin": [23, 309, 0], "size": [2, 6, 2], "uv": [217, 49]},
						{"origin": [18, 307, 0], "size": [2, 6, 2], "uv": [217, 49]},
						{"origin": [12, 306, 0], "size": [2, 6, 2], "uv": [217, 49]},
						{"origin": [7, 304, 0], "size": [2, 6, 2], "uv": [217, 49]},
						{"origin": [1, 303, 0], "size": [2, 6, 2], "uv": [217, 49]}
					]
				},
				{
					"name": "cabelos2",
					"parent": "cabelos",
					"pivot": [3, 236, 6],
					"cubes": [
						{"origin": [26, 309, 6], "size": [2, 6, 2], "uv": [217, 49]},
						{"origin": [21, 307, 6], "size": [2, 6, 2], "uv": [217, 49]},
						{"origin": [15, 306, 6], "size": [2, 6, 2], "uv": [217, 49]},
						{"origin": [10, 304, 6], "size": [2, 6, 2], "uv": [217, 49]},
						{"origin": [4, 303, 6], "size": [2, 6, 2], "uv": [217, 49]}
					]
				},
				{
					"name": "cabelos3",
					"parent": "cabelos",
					"pivot": [0, 236, 8],
					"rotation": [0, 180, 0],
					"cubes": [
						{"origin": [23, 309, 8], "size": [2, 6, 2], "uv": [217, 49]},
						{"origin": [18, 307, 8], "size": [2, 6, 2], "uv": [217, 49]},
						{"origin": [12, 306, 8], "size": [2, 6, 2], "uv": [217, 49]},
						{"origin": [7, 304, 8], "size": [2, 6, 2], "uv": [217, 49]},
						{"origin": [1, 303, 8], "size": [2, 6, 2], "uv": [217, 49]}
					]
				},
				{
					"name": "cabelos4",
					"parent": "cabelos3",
					"pivot": [3, 236, 14],
					"cubes": [
						{"origin": [26, 309, 14], "size": [2, 6, 2], "uv": [217, 49]},
						{"origin": [21, 307, 14], "size": [2, 6, 2], "uv": [217, 49]},
						{"origin": [15, 306, 14], "size": [2, 6, 2], "uv": [217, 49]},
						{"origin": [10, 304, 14], "size": [2, 6, 2], "uv": [217, 49]},
						{"origin": [4, 303, 14], "size": [2, 6, 2], "uv": [217, 49]}
					]
				},
				{
					"name": "cabelos5",
					"parent": "cabelos",
					"pivot": [0, 233, -8],
					"cubes": [
						{"origin": [23, 306, -8], "size": [2, 6, 2], "uv": [217, 49]},
						{"origin": [18, 304, -8], "size": [2, 6, 2], "uv": [217, 49]},
						{"origin": [12, 303, -8], "size": [2, 6, 2], "uv": [217, 49]},
						{"origin": [7, 301, -8], "size": [2, 6, 2], "uv": [217, 49]},
						{"origin": [1, 300, -8], "size": [2, 6, 2], "uv": [217, 49]}
					]
				},
				{
					"name": "cabelos6",
					"parent": "cabelos5",
					"pivot": [3, 233, -2],
					"cubes": [
						{"origin": [26, 306, -2], "size": [2, 6, 2], "uv": [217, 49]},
						{"origin": [21, 304, -2], "size": [2, 6, 2], "uv": [217, 49]},
						{"origin": [15, 303, -2], "size": [2, 6, 2], "uv": [217, 49]},
						{"origin": [10, 301, -2], "size": [2, 6, 2], "uv": [217, 49]},
						{"origin": [4, 300, -2], "size": [2, 6, 2], "uv": [217, 49]}
					]
				},
				{
					"name": "cabelos7",
					"parent": "cabelos5",
					"pivot": [0, 233, 0],
					"rotation": [0, 180, 0],
					"cubes": [
						{"origin": [23, 306, 0], "size": [2, 6, 2], "uv": [217, 49]},
						{"origin": [18, 304, 0], "size": [2, 6, 2], "uv": [217, 49]},
						{"origin": [12, 303, 0], "size": [2, 6, 2], "uv": [217, 49]},
						{"origin": [7, 301, 0], "size": [2, 6, 2], "uv": [217, 49]},
						{"origin": [1, 300, 0], "size": [2, 6, 2], "uv": [217, 49]}
					]
				},
				{
					"name": "cabelos8",
					"parent": "cabelos7",
					"pivot": [3, 233, 6],
					"cubes": [
						{"origin": [26, 306, 6], "size": [2, 6, 2], "uv": [217, 49]},
						{"origin": [21, 304, 6], "size": [2, 6, 2], "uv": [217, 49]},
						{"origin": [15, 303, 6], "size": [2, 6, 2], "uv": [217, 49]},
						{"origin": [10, 301, 6], "size": [2, 6, 2], "uv": [217, 49]},
						{"origin": [4, 300, 6], "size": [2, 6, 2], "uv": [217, 49]}
					]
				},
				{
					"name": "cabelos9",
					"parent": "cabelos",
					"pivot": [2.2, 305.8, 20],
					"rotation": [0, 180, 0],
					"cubes": [
						{"origin": [29, 306, 19], "size": [2, 6, 2], "uv": [217, 49]},
						{"origin": [24, 304, 19], "size": [2, 6, 2], "uv": [217, 49]},
						{"origin": [18, 303, 19], "size": [2, 6, 2], "uv": [217, 49]},
						{"origin": [13, 301, 19], "size": [2, 6, 2], "uv": [217, 49]},
						{"origin": [7, 300, 19], "size": [2, 6, 2], "uv": [217, 49]}
					]
				},
				{
					"name": "cabelos10",
					"parent": "cabelos9",
					"pivot": [9, 233, 25],
					"cubes": [
						{"origin": [32, 306, 25], "size": [2, 6, 2], "uv": [217, 49]},
						{"origin": [27, 304, 25], "size": [2, 6, 2], "uv": [217, 49]},
						{"origin": [21, 303, 25], "size": [2, 6, 2], "uv": [217, 49]},
						{"origin": [16, 301, 25], "size": [2, 6, 2], "uv": [217, 49]},
						{"origin": [10, 300, 25], "size": [2, 6, 2], "uv": [217, 49]}
					]
				},
				{
					"name": "cabelos11",
					"parent": "cabelos9",
					"pivot": [6, 233, 27],
					"rotation": [0, 180, 0],
					"cubes": [
						{"origin": [29, 306, 27], "size": [2, 6, 2], "uv": [217, 49]},
						{"origin": [24, 304, 27], "size": [2, 6, 2], "uv": [217, 49]},
						{"origin": [18, 303, 27], "size": [2, 6, 2], "uv": [217, 49]},
						{"origin": [13, 301, 27], "size": [2, 6, 2], "uv": [217, 49]},
						{"origin": [7, 300, 27], "size": [2, 6, 2], "uv": [217, 49]}
					]
				},
				{
					"name": "cabelos12",
					"parent": "cabelos11",
					"pivot": [9, 233, 33],
					"cubes": [
						{"origin": [32, 306, 33], "size": [2, 6, 2], "uv": [217, 49]},
						{"origin": [27, 304, 33], "size": [2, 6, 2], "uv": [217, 49]},
						{"origin": [21, 303, 33], "size": [2, 6, 2], "uv": [217, 49]},
						{"origin": [16, 301, 33], "size": [2, 6, 2], "uv": [217, 49]},
						{"origin": [10, 300, 33], "size": [2, 6, 2], "uv": [217, 49]}
					]
				},
				{
					"name": "olhos",
					"parent": "head",
					"pivot": [10, 284, -20.5],
					"rotation": [0, -7.5, 0],
					"cubes": [
						{"origin": [8, 278, -23], "size": [4, 12, 5], "uv": [201, 135]},
						{"origin": [6, 279, -23], "size": [8, 10, 5], "uv": [201, 135]},
						{"origin": [5, 280, -23], "size": [10, 8, 5], "uv": [201, 135]},
						{"origin": [4, 282, -23], "size": [12, 4, 5], "uv": [201, 135]}
					]
				},
				{
					"name": "bool",
					"parent": "olhos",
					"pivot": [10.01977, 286.22394, -21.38889],
					"cubes": [
						{"origin": [5, 282, -24], "size": [10, 4, 5], "uv": [210, 230]},
						{"origin": [6, 280, -24], "size": [8, 8, 5], "uv": [210, 230]},
						{"origin": [8, 279, -24], "size": [4, 10, 5], "uv": [210, 230]},
						{"origin": [8, 280, -25], "size": [4, 8, 6], "uv": [210, 230]},
						{"origin": [7, 281, -25], "size": [6, 6, 6], "uv": [210, 230]},
						{"origin": [6, 282, -25], "size": [8, 4, 6], "uv": [210, 230]}
					]
				},
				{
					"name": "olhos2",
					"parent": "head",
					"pivot": [-9, 282, -20.5],
					"rotation": [0, 7.5, 0],
					"cubes": [
						{"origin": [-11, 276, -23], "size": [4, 12, 5], "uv": [201, 135]},
						{"origin": [-13, 277, -23], "size": [8, 10, 5], "uv": [201, 135]},
						{"origin": [-14, 278, -23], "size": [10, 8, 5], "uv": [201, 135]},
						{"origin": [-15, 280, -23], "size": [12, 4, 5], "uv": [201, 135]}
					]
				},
				{
					"name": "bool2",
					"parent": "olhos2",
					"pivot": [-8.98365, 284.32681, -21.5],
					"cubes": [
						{"origin": [-14, 280, -24], "size": [10, 4, 5], "uv": [210, 230]},
						{"origin": [-13, 278, -24], "size": [8, 8, 5], "uv": [210, 230]},
						{"origin": [-11, 277, -24], "size": [4, 10, 5], "uv": [210, 230]},
						{"origin": [-11, 278, -25], "size": [4, 8, 6], "uv": [210, 230]},
						{"origin": [-12, 279, -25], "size": [6, 6, 6], "uv": [210, 230]},
						{"origin": [-13, 280, -25], "size": [8, 4, 6], "uv": [210, 230]}
					]
				},
				{
					"name": "boca",
					"parent": "head",
					"pivot": [0.5, 267.6, -17.5],
					"rotation": [20, 0, 0],
					"cubes": [
						{"origin": [4, 260, -19], "size": [3, 6, 3], "uv": [200, 104]},
						{"origin": [7, 261, -19], "size": [4, 6, 3], "uv": [200, 104]},
						{"origin": [-10, 261, -19], "size": [4, 6, 3], "uv": [200, 104]},
						{"origin": [10, 263, -18], "size": [4, 6, 3], "uv": [200, 104]},
						{"origin": [-13, 263, -19], "size": [4, 6, 3], "uv": [200, 104]},
						{"origin": [12, 265, -17], "size": [4, 6, 3], "uv": [200, 104]},
						{"origin": [-15, 265, -17], "size": [4, 6, 3], "uv": [200, 104]},
						{"origin": [14, 267, -16], "size": [4, 6, 3], "uv": [200, 104]},
						{"origin": [-17, 267, -16], "size": [4, 6, 3], "uv": [200, 104]},
						{"origin": [16, 269, -15], "size": [4, 6, 3], "uv": [200, 104]},
						{"origin": [-19, 269, -15], "size": [4, 6, 3], "uv": [200, 104]},
						{"origin": [18, 270, -15], "size": [4, 6, 3], "uv": [200, 104]},
						{"origin": [-21, 270, -15], "size": [4, 6, 3], "uv": [200, 104]},
						{"origin": [-6, 260, -19], "size": [3, 6, 3], "uv": [200, 104]},
						{"origin": [-3, 259, -19], "size": [7, 6, 3], "uv": [200, 104]}
					]
				},
				{
					"name": "boca2",
					"parent": "boca",
					"pivot": [5, 231, 16],
					"cubes": [
						{"origin": [4, 260, -20], "size": [3, 5, 1], "uv": [200, 104]},
						{"origin": [7, 261, -20], "size": [3, 5, 1], "uv": [200, 104]},
						{"origin": [-9, 261, -20], "size": [3, 5, 1], "uv": [200, 104]},
						{"origin": [10, 263, -19], "size": [3, 5, 1], "uv": [200, 104]},
						{"origin": [-12, 263, -20], "size": [3, 5, 1], "uv": [200, 104]},
						{"origin": [13, 265, -18], "size": [2, 5, 1], "uv": [200, 104]},
						{"origin": [-14, 265, -18], "size": [2, 5, 1], "uv": [200, 104]},
						{"origin": [15, 267, -17], "size": [2, 5, 1], "uv": [200, 104]},
						{"origin": [-16, 267, -17], "size": [2, 5, 1], "uv": [200, 104]},
						{"origin": [17, 269, -16], "size": [2, 5, 1], "uv": [200, 104]},
						{"origin": [-18, 269, -16], "size": [2, 5, 1], "uv": [200, 104]},
						{"origin": [19, 270, -16], "size": [2, 5, 1], "uv": [200, 104]},
						{"origin": [-20, 270, -16], "size": [2, 5, 1], "uv": [200, 104]},
						{"origin": [-6, 260, -20], "size": [3, 5, 1], "uv": [200, 104]},
						{"origin": [-3, 259, -20], "size": [7, 5, 1], "uv": [200, 104]}
					]
				},
				{
					"name": "queicho",
					"parent": "boca",
					"pivot": [5, 225, 16],
					"cubes": [
						{"origin": [4, 254, -19], "size": [3, 6, 3], "uv": [200, 104]},
						{"origin": [7, 255, -18], "size": [4, 6, 3], "uv": [200, 104]},
						{"origin": [-10, 255, -19], "size": [4, 6, 3], "uv": [200, 104]},
						{"origin": [10, 257, -17], "size": [4, 6, 3], "uv": [200, 104]},
						{"origin": [-13, 257, -18], "size": [4, 6, 3], "uv": [200, 104]},
						{"origin": [12, 259, -16], "size": [4, 6, 3], "uv": [200, 104]},
						{"origin": [-15, 259, -17], "size": [4, 6, 3], "uv": [200, 104]},
						{"origin": [14, 261, -16], "size": [4, 6, 3], "uv": [200, 104]},
						{"origin": [-17, 261, -16], "size": [4, 6, 3], "uv": [200, 104]},
						{"origin": [16, 263, -15], "size": [4, 6, 3], "uv": [200, 104]},
						{"origin": [-19, 263, -15], "size": [4, 6, 3], "uv": [200, 104]},
						{"origin": [18, 264, -15], "size": [4, 6, 3], "uv": [200, 104]},
						{"origin": [19, 266, -15], "size": [4, 9, 3], "uv": [200, 104]},
						{"origin": [-22, 266, -15], "size": [4, 9, 3], "uv": [200, 104]},
						{"origin": [-21, 264, -15], "size": [4, 6, 3], "uv": [200, 104]},
						{"origin": [-6, 254, -19], "size": [3, 6, 3], "uv": [200, 104]},
						{"origin": [-3, 253, -19], "size": [7, 6, 3], "uv": [200, 104]}
					]
				},
				{
					"name": "boca4",
					"parent": "queicho",
					"pivot": [5, 225, 16],
					"cubes": [
						{"origin": [4, 254, -20], "size": [3, 5, 1], "uv": [200, 104]},
						{"origin": [7, 255, -20], "size": [3, 5, 1], "uv": [200, 104]},
						{"origin": [-9, 255, -20], "size": [3, 5, 1], "uv": [200, 104]},
						{"origin": [10, 257, -19], "size": [3, 5, 1], "uv": [200, 104]},
						{"origin": [-12, 257, -19], "size": [3, 5, 1], "uv": [200, 104]},
						{"origin": [13, 259, -18], "size": [2, 5, 1], "uv": [200, 104]},
						{"origin": [-14, 259, -18], "size": [2, 5, 1], "uv": [200, 104]},
						{"origin": [15, 261, -17], "size": [2, 5, 1], "uv": [200, 104]},
						{"origin": [-16, 261, -17], "size": [2, 5, 1], "uv": [200, 104]},
						{"origin": [17, 263, -16], "size": [2, 5, 1], "uv": [200, 104]},
						{"origin": [-18, 263, -16], "size": [2, 5, 1], "uv": [200, 104]},
						{"origin": [19, 264, -16], "size": [2, 5, 1], "uv": [200, 104]},
						{"origin": [-20, 264, -16], "size": [2, 5, 1], "uv": [200, 104]},
						{"origin": [-6, 254, -20], "size": [3, 5, 1], "uv": [200, 104]},
						{"origin": [-3, 253, -20], "size": [7, 5, 1], "uv": [200, 104]}
					]
				},
				{
					"name": "corpo",
					"parent": "part1",
					"pivot": [0, 192, 0],
					"cubes": [
						{"origin": [11, 242, -3], "size": [2, 6, 16], "uv": [189, 43]},
						{"origin": [13, 236, -3], "size": [2, 6, 16], "uv": [189, 43]},
						{"origin": [15, 230, -3], "size": [2, 6, 16], "uv": [189, 43]},
						{"origin": [17, 224, -3], "size": [2, 6, 16], "uv": [189, 43]},
						{"origin": [19, 218, -3], "size": [2, 6, 16], "uv": [189, 43]},
						{"origin": [21, 212, -3], "size": [2, 6, 16], "uv": [189, 43]},
						{"origin": [23, 206, -3], "size": [2, 6, 16], "uv": [189, 43]},
						{"origin": [25, 185, -3], "size": [2, 21, 16], "uv": [186, 39]},
						{"origin": [23, 182, -3], "size": [2, 3, 16], "uv": [186, 39]}
					]
				},
				{
					"name": "corpo2",
					"parent": "corpo",
					"pivot": [-20.44444, 218.66667, 5],
					"rotation": [0, 180, 0],
					"cubes": [
						{"origin": [-29, 242, -3], "size": [2, 6, 16], "uv": [189, 43]},
						{"origin": [-27, 236, -3], "size": [2, 6, 16], "uv": [189, 43]},
						{"origin": [-25, 230, -3], "size": [2, 6, 16], "uv": [189, 43]},
						{"origin": [-23, 224, -3], "size": [2, 6, 16], "uv": [189, 43]},
						{"origin": [-21, 218, -3], "size": [2, 6, 16], "uv": [189, 43]},
						{"origin": [-19, 212, -3], "size": [2, 6, 16], "uv": [189, 43]},
						{"origin": [-17, 206, -3], "size": [2, 6, 16], "uv": [189, 43]},
						{"origin": [-15, 185, -3], "size": [2, 21, 16], "uv": [186, 39]},
						{"origin": [-17, 182, -3], "size": [2, 3, 16], "uv": [186, 39]}
					]
				},
				{
					"name": "corpo3",
					"parent": "corpo",
					"pivot": [5, 236, 4],
					"rotation": [0, -90, 0],
					"cubes": [
						{"origin": [16, 242, 0], "size": [2, 6, 18], "uv": [189, 43]},
						{"origin": [18, 236, 0], "size": [2, 6, 18], "uv": [189, 43]},
						{"origin": [20, 230, 0], "size": [2, 6, 18], "uv": [189, 43]},
						{"origin": [22, 224, 0], "size": [2, 6, 18], "uv": [189, 43]},
						{"origin": [24, 218, 0], "size": [2, 6, 18], "uv": [189, 43]},
						{"origin": [26, 212, 0], "size": [2, 6, 18], "uv": [189, 43]},
						{"origin": [28, 206, 0], "size": [2, 6, 18], "uv": [189, 43]},
						{"origin": [30, 185, 0], "size": [2, 21, 18], "uv": [186, 39]},
						{"origin": [28, 182, 0], "size": [2, 3, 18], "uv": [186, 39]}
					]
				},
				{
					"name": "corpo4",
					"parent": "corpo3",
					"pivot": [-12.44444, 218.66667, 9],
					"rotation": [0, 180, 0],
					"cubes": [
						{"origin": [-21, 242, 0], "size": [2, 6, 17], "uv": [189, 43]},
						{"origin": [-19, 236, 0], "size": [2, 6, 17], "uv": [189, 43]},
						{"origin": [-17, 230, 0], "size": [2, 6, 17], "uv": [189, 43]},
						{"origin": [-15, 224, 0], "size": [2, 6, 17], "uv": [189, 43]},
						{"origin": [-13, 218, 0], "size": [2, 6, 17], "uv": [189, 43]},
						{"origin": [-11, 212, 0], "size": [2, 6, 17], "uv": [189, 43]},
						{"origin": [-9, 206, 0], "size": [2, 6, 17], "uv": [189, 43]},
						{"origin": [-7, 185, 0], "size": [2, 21, 17], "uv": [186, 39]},
						{"origin": [-9, 182, 0], "size": [2, 3, 17], "uv": [186, 39]}
					]
				},
				{
					"name": "corpos",
					"parent": "corpo",
					"pivot": [0, 236, 0],
					"cubes": [
						{"origin": [23, 185, -6], "size": [2, 21, 3], "uv": [210, 52]},
						{"origin": [21, 185, -8], "size": [2, 21, 2], "uv": [210, 52]},
						{"origin": [19, 185, -10], "size": [2, 21, 2], "uv": [210, 52]},
						{"origin": [17, 185, -12], "size": [2, 21, 2], "uv": [210, 52]},
						{"origin": [15, 185, -14], "size": [2, 21, 2], "uv": [210, 52]},
						{"origin": [13, 185, -16], "size": [2, 21, 2], "uv": [210, 52]},
						{"origin": [11, 185, -18], "size": [2, 21, 2], "uv": [210, 52]},
						{"origin": [8, 182, -17], "size": [3, 3, 2], "uv": [210, 52]},
						{"origin": [11, 182, -16], "size": [2, 3, 2], "uv": [210, 52]},
						{"origin": [13, 182, -14], "size": [2, 3, 2], "uv": [210, 52]},
						{"origin": [15, 182, -12], "size": [2, 3, 2], "uv": [210, 52]},
						{"origin": [17, 182, -10], "size": [2, 3, 2], "uv": [210, 52]},
						{"origin": [19, 182, -8], "size": [2, 3, 2], "uv": [210, 52]},
						{"origin": [21, 182, -6], "size": [2, 3, 3], "uv": [210, 52]},
						{"origin": [21, 206, -6], "size": [2, 6, 3], "uv": [210, 52]},
						{"origin": [19, 206, -8], "size": [2, 6, 2], "uv": [210, 52]},
						{"origin": [17, 206, -10], "size": [2, 6, 2], "uv": [210, 52]},
						{"origin": [13, 206, -14], "size": [2, 6, 2], "uv": [210, 52]},
						{"origin": [11, 212, -14], "size": [2, 6, 2], "uv": [210, 52]},
						{"origin": [11, 218, -12], "size": [2, 6, 2], "uv": [210, 52]},
						{"origin": [13, 218, -10], "size": [2, 6, 2], "uv": [210, 52]},
						{"origin": [15, 218, -8], "size": [2, 6, 2], "uv": [210, 52]},
						{"origin": [17, 218, -6], "size": [2, 6, 3], "uv": [210, 52]},
						{"origin": [13, 212, -12], "size": [2, 6, 2], "uv": [210, 52]},
						{"origin": [15, 212, -10], "size": [2, 6, 2], "uv": [210, 52]},
						{"origin": [17, 212, -8], "size": [2, 6, 2], "uv": [210, 52]},
						{"origin": [19, 212, -6], "size": [2, 6, 3], "uv": [210, 52]},
						{"origin": [11, 206, -16], "size": [2, 6, 2], "uv": [210, 52]},
						{"origin": [8, 206, -17], "size": [3, 6, 2], "uv": [210, 52]},
						{"origin": [8, 212, -15], "size": [3, 6, 2], "uv": [210, 52]},
						{"origin": [8, 218, -13], "size": [3, 6, 2], "uv": [210, 52]},
						{"origin": [8, 224, -11], "size": [3, 6, 2], "uv": [210, 52]},
						{"origin": [8, 236, -7], "size": [3, 6, 2], "uv": [210, 52]},
						{"origin": [8, 242, -5], "size": [3, 6, 2], "uv": [210, 52]},
						{"origin": [8, 230, -9], "size": [3, 6, 2], "uv": [210, 52]},
						{"origin": [11, 224, -10], "size": [2, 6, 2], "uv": [210, 52]},
						{"origin": [11, 230, -8], "size": [2, 6, 2], "uv": [210, 52]},
						{"origin": [13, 224, -8], "size": [2, 6, 2], "uv": [210, 52]},
						{"origin": [15, 224, -6], "size": [2, 6, 3], "uv": [210, 52]},
						{"origin": [13, 230, -6], "size": [2, 6, 3], "uv": [210, 52]},
						{"origin": [11, 236, -6], "size": [2, 6, 3], "uv": [210, 52]},
						{"origin": [15, 206, -12], "size": [2, 6, 2], "uv": [210, 52]},
						{"origin": [8, 185, -19], "size": [3, 21, 2], "uv": [210, 52]}
					]
				},
				{
					"name": "corpos2",
					"parent": "corpos",
					"pivot": [6, 236, 16],
					"rotation": [0, -90, 0],
					"cubes": [
						{"origin": [18, 185, 10], "size": [2, 21, 3], "uv": [210, 52]},
						{"origin": [16, 185, 8], "size": [2, 21, 2], "uv": [210, 52]},
						{"origin": [14, 185, 6], "size": [2, 21, 2], "uv": [210, 52]},
						{"origin": [12, 185, 4], "size": [2, 21, 2], "uv": [210, 52]},
						{"origin": [10, 185, 2], "size": [2, 21, 2], "uv": [210, 52]},
						{"origin": [8, 185, 0], "size": [2, 21, 2], "uv": [210, 52]},
						{"origin": [6, 185, -2], "size": [2, 21, 2], "uv": [210, 52]},
						{"origin": [3, 182, -1], "size": [3, 3, 2], "uv": [210, 52]},
						{"origin": [6, 182, 0], "size": [2, 3, 2], "uv": [210, 52]},
						{"origin": [8, 182, 2], "size": [2, 3, 2], "uv": [210, 52]},
						{"origin": [10, 182, 4], "size": [2, 3, 2], "uv": [210, 52]},
						{"origin": [12, 182, 6], "size": [2, 3, 2], "uv": [210, 52]},
						{"origin": [14, 182, 8], "size": [2, 3, 2], "uv": [210, 52]},
						{"origin": [16, 182, 10], "size": [2, 3, 3], "uv": [210, 52]},
						{"origin": [16, 206, 10], "size": [2, 6, 3], "uv": [210, 52]},
						{"origin": [14, 206, 8], "size": [2, 6, 2], "uv": [210, 52]},
						{"origin": [12, 206, 6], "size": [2, 6, 2], "uv": [210, 52]},
						{"origin": [8, 206, 2], "size": [2, 6, 2], "uv": [210, 52]},
						{"origin": [6, 212, 2], "size": [2, 6, 2], "uv": [210, 52]},
						{"origin": [6, 218, 4], "size": [2, 6, 2], "uv": [210, 52]},
						{"origin": [8, 218, 6], "size": [2, 6, 2], "uv": [210, 52]},
						{"origin": [10, 218, 8], "size": [2, 6, 2], "uv": [210, 52]},
						{"origin": [12, 218, 10], "size": [2, 6, 3], "uv": [210, 52]},
						{"origin": [8, 212, 4], "size": [2, 6, 2], "uv": [210, 52]},
						{"origin": [10, 212, 6], "size": [2, 6, 2], "uv": [210, 52]},
						{"origin": [12, 212, 8], "size": [2, 6, 2], "uv": [210, 52]},
						{"origin": [14, 212, 10], "size": [2, 6, 3], "uv": [210, 52]},
						{"origin": [6, 206, 0], "size": [2, 6, 2], "uv": [210, 52]},
						{"origin": [3, 206, -1], "size": [3, 6, 2], "uv": [210, 52]},
						{"origin": [3, 212, 1], "size": [3, 6, 2], "uv": [210, 52]},
						{"origin": [3, 218, 3], "size": [3, 6, 2], "uv": [210, 52]},
						{"origin": [3, 224, 5], "size": [3, 6, 2], "uv": [210, 52]},
						{"origin": [3, 236, 9], "size": [3, 6, 2], "uv": [210, 52]},
						{"origin": [3, 242, 11], "size": [3, 6, 2], "uv": [210, 52]},
						{"origin": [3, 230, 7], "size": [3, 6, 2], "uv": [210, 52]},
						{"origin": [6, 224, 6], "size": [2, 6, 2], "uv": [210, 52]},
						{"origin": [6, 230, 8], "size": [2, 6, 2], "uv": [210, 52]},
						{"origin": [8, 224, 8], "size": [2, 6, 2], "uv": [210, 52]},
						{"origin": [10, 224, 10], "size": [2, 6, 3], "uv": [210, 52]},
						{"origin": [8, 230, 10], "size": [2, 6, 3], "uv": [210, 52]},
						{"origin": [6, 236, 10], "size": [2, 6, 3], "uv": [210, 52]},
						{"origin": [10, 206, 4], "size": [2, 6, 2], "uv": [210, 52]},
						{"origin": [3, 185, -3], "size": [3, 21, 2], "uv": [210, 52]}
					]
				},
				{
					"name": "corpos3",
					"parent": "corpos",
					"pivot": [-1, 236, 5],
					"rotation": [0, 180, 0],
					"cubes": [
						{"origin": [22, 185, -6], "size": [2, 21, 4], "uv": [210, 52]},
						{"origin": [20, 185, -8], "size": [2, 21, 3], "uv": [210, 52]},
						{"origin": [18, 185, -10], "size": [2, 21, 3], "uv": [210, 52]},
						{"origin": [16, 185, -12], "size": [2, 21, 3], "uv": [210, 52]},
						{"origin": [14, 185, -14], "size": [2, 21, 3], "uv": [210, 52]},
						{"origin": [12, 185, -16], "size": [2, 21, 3], "uv": [210, 52]},
						{"origin": [10, 185, -18], "size": [2, 21, 3], "uv": [210, 52]},
						{"origin": [7, 182, -17], "size": [3, 3, 3], "uv": [210, 52]},
						{"origin": [10, 182, -16], "size": [2, 3, 3], "uv": [210, 52]},
						{"origin": [12, 182, -14], "size": [2, 3, 3], "uv": [210, 52]},
						{"origin": [14, 182, -12], "size": [2, 3, 3], "uv": [210, 52]},
						{"origin": [16, 182, -10], "size": [2, 3, 3], "uv": [210, 52]},
						{"origin": [18, 182, -8], "size": [2, 3, 3], "uv": [210, 52]},
						{"origin": [20, 182, -6], "size": [2, 3, 4], "uv": [210, 52]},
						{"origin": [20, 206, -6], "size": [2, 6, 4], "uv": [210, 52]},
						{"origin": [18, 206, -8], "size": [2, 6, 3], "uv": [210, 52]},
						{"origin": [16, 206, -10], "size": [2, 6, 3], "uv": [210, 52]},
						{"origin": [12, 206, -14], "size": [2, 6, 3], "uv": [210, 52]},
						{"origin": [10, 212, -14], "size": [2, 6, 3], "uv": [210, 52]},
						{"origin": [10, 218, -12], "size": [2, 6, 3], "uv": [210, 52]},
						{"origin": [12, 218, -10], "size": [2, 6, 3], "uv": [210, 52]},
						{"origin": [14, 218, -8], "size": [2, 6, 3], "uv": [210, 52]},
						{"origin": [16, 218, -6], "size": [2, 6, 4], "uv": [210, 52]},
						{"origin": [12, 212, -12], "size": [2, 6, 3], "uv": [210, 52]},
						{"origin": [14, 212, -10], "size": [2, 6, 3], "uv": [210, 52]},
						{"origin": [16, 212, -8], "size": [2, 6, 3], "uv": [210, 52]},
						{"origin": [18, 212, -6], "size": [2, 6, 4], "uv": [210, 52]},
						{"origin": [10, 206, -16], "size": [2, 6, 3], "uv": [210, 52]},
						{"origin": [7, 206, -17], "size": [3, 6, 3], "uv": [210, 52]},
						{"origin": [7, 212, -15], "size": [3, 6, 3], "uv": [210, 52]},
						{"origin": [7, 218, -13], "size": [3, 6, 3], "uv": [210, 52]},
						{"origin": [7, 224, -11], "size": [3, 6, 3], "uv": [210, 52]},
						{"origin": [7, 236, -7], "size": [3, 6, 3], "uv": [210, 52]},
						{"origin": [7, 242, -5], "size": [3, 6, 3], "uv": [210, 52]},
						{"origin": [7, 230, -9], "size": [3, 6, 3], "uv": [210, 52]},
						{"origin": [10, 224, -10], "size": [2, 6, 3], "uv": [210, 52]},
						{"origin": [10, 230, -8], "size": [2, 6, 3], "uv": [210, 52]},
						{"origin": [12, 224, -8], "size": [2, 6, 3], "uv": [210, 52]},
						{"origin": [14, 224, -6], "size": [2, 6, 4], "uv": [210, 52]},
						{"origin": [12, 230, -6], "size": [2, 6, 4], "uv": [210, 52]},
						{"origin": [10, 236, -6], "size": [2, 6, 4], "uv": [210, 52]},
						{"origin": [14, 206, -12], "size": [2, 6, 3], "uv": [210, 52]},
						{"origin": [7, 185, -19], "size": [3, 21, 3], "uv": [210, 52]}
					]
				},
				{
					"name": "corpos4",
					"parent": "corpos3",
					"pivot": [14.5814, 210.15116, 19.77907],
					"rotation": [0, -90, 0],
					"cubes": [
						{"origin": [22.80233, 185, 23.36047], "size": [2, 21, 4], "uv": [210, 52]},
						{"origin": [20.80233, 185, 21.36047], "size": [2, 21, 3], "uv": [210, 52]},
						{"origin": [18.80233, 185, 19.36047], "size": [2, 21, 3], "uv": [210, 52]},
						{"origin": [16.80233, 185, 17.36047], "size": [2, 21, 3], "uv": [210, 52]},
						{"origin": [14.80233, 185, 15.36047], "size": [2, 21, 3], "uv": [210, 52]},
						{"origin": [12.80233, 185, 13.36047], "size": [2, 21, 3], "uv": [210, 52]},
						{"origin": [10.80233, 185, 11.36047], "size": [2, 21, 3], "uv": [210, 52]},
						{"origin": [7.80233, 182, 12.36047], "size": [3, 3, 3], "uv": [210, 52]},
						{"origin": [10.80233, 182, 13.36047], "size": [2, 3, 3], "uv": [210, 52]},
						{"origin": [12.80233, 182, 15.36047], "size": [2, 3, 3], "uv": [210, 52]},
						{"origin": [14.80233, 182, 17.36047], "size": [2, 3, 3], "uv": [210, 52]},
						{"origin": [16.80233, 182, 19.36047], "size": [2, 3, 3], "uv": [210, 52]},
						{"origin": [18.80233, 182, 21.36047], "size": [2, 3, 3], "uv": [210, 52]},
						{"origin": [20.80233, 182, 23.36047], "size": [2, 3, 4], "uv": [210, 52]},
						{"origin": [-3.19767, 192, 26.36047], "size": [2, 3, 16], "inflate": 10, "uv": [210, 52]},
						{"origin": [20.80233, 206, 23.36047], "size": [2, 6, 4], "uv": [210, 52]},
						{"origin": [18.80233, 206, 21.36047], "size": [2, 6, 3], "uv": [210, 52]},
						{"origin": [16.80233, 206, 19.36047], "size": [2, 6, 3], "uv": [210, 52]},
						{"origin": [12.80233, 206, 15.36047], "size": [2, 6, 3], "uv": [210, 52]},
						{"origin": [10.80233, 212, 15.36047], "size": [2, 6, 3], "uv": [210, 52]},
						{"origin": [10.80233, 218, 17.36047], "size": [2, 6, 3], "uv": [210, 52]},
						{"origin": [12.80233, 218, 19.36047], "size": [2, 6, 3], "uv": [210, 52]},
						{"origin": [14.80233, 218, 21.36047], "size": [2, 6, 3], "uv": [210, 52]},
						{"origin": [16.80233, 218, 23.36047], "size": [2, 6, 4], "uv": [210, 52]},
						{"origin": [12.80233, 212, 17.36047], "size": [2, 6, 3], "uv": [210, 52]},
						{"origin": [14.80233, 212, 19.36047], "size": [2, 6, 3], "uv": [210, 52]},
						{"origin": [16.80233, 212, 21.36047], "size": [2, 6, 3], "uv": [210, 52]},
						{"origin": [18.80233, 212, 23.36047], "size": [2, 6, 4], "uv": [210, 52]},
						{"origin": [10.80233, 206, 13.36047], "size": [2, 6, 3], "uv": [210, 52]},
						{"origin": [7.80233, 206, 12.36047], "size": [3, 6, 3], "uv": [210, 52]},
						{"origin": [7.80233, 212, 14.36047], "size": [3, 6, 3], "uv": [210, 52]},
						{"origin": [7.80233, 218, 16.36047], "size": [3, 6, 3], "uv": [210, 52]},
						{"origin": [7.80233, 224, 18.36047], "size": [3, 6, 3], "uv": [210, 52]},
						{"origin": [7.80233, 236, 22.36047], "size": [3, 6, 3], "uv": [210, 52]},
						{"origin": [7.80233, 242, 24.36047], "size": [3, 6, 3], "uv": [210, 52]},
						{"origin": [7.80233, 230, 20.36047], "size": [3, 6, 3], "uv": [210, 52]},
						{"origin": [10.80233, 224, 19.36047], "size": [2, 6, 3], "uv": [210, 52]},
						{"origin": [10.80233, 230, 21.36047], "size": [2, 6, 3], "uv": [210, 52]},
						{"origin": [12.80233, 224, 21.36047], "size": [2, 6, 3], "uv": [210, 52]},
						{"origin": [14.80233, 224, 23.36047], "size": [2, 6, 4], "uv": [210, 52]},
						{"origin": [12.80233, 230, 23.36047], "size": [2, 6, 4], "uv": [210, 52]},
						{"origin": [10.80233, 236, 23.36047], "size": [2, 6, 4], "uv": [210, 52]},
						{"origin": [14.80233, 206, 17.36047], "size": [2, 6, 3], "uv": [210, 52]},
						{"origin": [7.80233, 185, 10.36047], "size": [3, 21, 3], "uv": [210, 52]}
					]
				},
				{
					"name": "brao",
					"parent": "part1",
					"pivot": [-14, 242, 4],
					"rotation": [-12.5, 0, -2.5]
				},
				{
					"name": "cm19",
					"parent": "brao",
					"pivot": [-11, 242.5, 4.5],
					"rotation": [0, 0, -37.5],
					"cubes": [
						{"origin": [-34, 235, -1], "size": [20, 13, 12], "uv": [194, 0]},
						{"origin": [-34, 234, 1], "size": [20, 15, 8], "uv": [194, 0]},
						{"origin": [-14, 234, 1], "size": [2, 14, 8], "uv": [194, 0]},
						{"origin": [-34, 236, -2], "size": [20, 11, 14], "uv": [194, 0]},
						{"origin": [-34, 238, -3], "size": [20, 7, 16], "uv": [194, 0]}
					]
				},
				{
					"name": "cm20",
					"parent": "cm19",
					"pivot": [-31, 242.5, 4.5],
					"rotation": [7.54949, -1.39112, -26.51866],
					"cubes": [
						{"origin": [-54, 236, 0], "size": [23, 11, 10], "uv": [194, 0]},
						{"origin": [-54, 235, 2], "size": [23, 13, 6], "uv": [194, 0]},
						{"origin": [-54, 237, -1], "size": [22, 9, 12], "uv": [194, 0]},
						{"origin": [-54, 239, -2], "size": [22, 5, 14], "uv": [194, 0]}
					]
				},
				{
					"name": "cm21",
					"parent": "cm20",
					"pivot": [-51, 242.5, 4.5],
					"rotation": [0, 0, -15],
					"cubes": [
						{"origin": [-74, 236, 0], "size": [20, 11, 10], "uv": [194, 0]},
						{"origin": [-74, 235, 2], "size": [20, 13, 6], "uv": [194, 0]},
						{"origin": [-74, 237, -1], "size": [20, 9, 12], "uv": [194, 0]},
						{"origin": [-74, 239, -2], "size": [20, 5, 14], "uv": [194, 0]}
					]
				},
				{
					"name": "bx4",
					"parent": "cm21",
					"pivot": [-75, 242.5, 4.5],
					"rotation": [0, 0, -7.5],
					"cubes": [
						{"origin": [-94, 236, 0], "size": [20, 11, 10], "uv": [180, 0]},
						{"origin": [-94, 235, 2], "size": [20, 13, 6], "uv": [180, 0]},
						{"origin": [-94, 237, -1], "size": [20, 9, 12], "uv": [180, 0]},
						{"origin": [-94, 239, -2], "size": [20, 5, 14], "uv": [180, 0]}
					]
				},
				{
					"name": "cm22",
					"parent": "bx4",
					"pivot": [-91, 242.5, 6.5],
					"cubes": [
						{"origin": [-114, 235, -1], "size": [20, 13, 12], "uv": [180, 0]},
						{"origin": [-114, 234, 1], "size": [20, 15, 8], "uv": [180, 0]},
						{"origin": [-114, 236, -2], "size": [20, 11, 14], "uv": [180, 0]},
						{"origin": [-114, 238, -3], "size": [20, 7, 16], "uv": [180, 0]}
					]
				},
				{
					"name": "cm23",
					"parent": "cm22",
					"pivot": [-111, 242.5, 6.5],
					"cubes": [
						{"origin": [-134, 234, -2], "size": [20, 15, 14], "uv": [180, 0]},
						{"origin": [-134, 233, 0], "size": [20, 17, 10], "uv": [180, 0]},
						{"origin": [-134, 235, -3], "size": [20, 13, 16], "uv": [180, 0]},
						{"origin": [-134, 237, -4], "size": [20, 9, 18], "uv": [180, 0]}
					]
				},
				{
					"name": "cm24",
					"parent": "cm23",
					"pivot": [-127, 242.5, 6.5],
					"cubes": [
						{"origin": [-150, 233, -3], "size": [20, 17, 16], "uv": [180, 0]},
						{"origin": [-150, 232, -1], "size": [20, 19, 12], "uv": [180, 0]},
						{"origin": [-150, 234, -4], "size": [20, 15, 18], "uv": [180, 0]},
						{"origin": [-150, 236, -5], "size": [20, 11, 20], "uv": [180, 0]}
					]
				},
				{
					"name": "hand4",
					"parent": "cm24",
					"pivot": [-149, 242.5, 3.5],
					"rotation": [90, 0, 0],
					"cubes": [
						{"origin": [-155, 232.5, -3.5], "size": [5, 17, 10], "uv": [197, 178]},
						{"origin": [-161, 233.5, -3.5], "size": [8, 15, 10], "uv": [197, 178]},
						{"origin": [-156, 244.5, -3.5], "size": [4, 7, 6], "uv": [197, 178]},
						{"origin": [-155, 244.5, -2.5], "size": [2, 8, 4], "uv": [197, 178]},
						{"origin": [-163, 234.5, -2.5], "size": [2, 13, 8], "uv": [197, 178]},
						{"origin": [-164, 236.5, -1.5], "size": [3, 9, 6], "uv": [197, 178]}
					]
				},
				{
					"name": "brao2",
					"parent": "part1",
					"pivot": [13, 242, 6],
					"rotation": [-165.21803, -2.49048, -177.49526]
				},
				{
					"name": "cm2",
					"parent": "brao2",
					"pivot": [16, 242.5, 6.5],
					"rotation": [0, 0, -37.5],
					"cubes": [
						{"origin": [-7, 235, 1], "size": [20, 13, 12], "uv": [194, 0]},
						{"origin": [-7, 234, 3], "size": [20, 15, 8], "uv": [194, 0]},
						{"origin": [13, 234, 3], "size": [2, 14, 8], "uv": [194, 0]},
						{"origin": [-7, 236, 0], "size": [20, 11, 14], "uv": [194, 0]},
						{"origin": [-7, 238, -1], "size": [20, 7, 16], "uv": [194, 0]}
					]
				},
				{
					"name": "cm3",
					"parent": "cm2",
					"pivot": [-4, 242.5, 6.5],
					"rotation": [7.54949, -1.39112, -26.51866],
					"cubes": [
						{"origin": [-27, 236, 2], "size": [23, 11, 10], "uv": [194, 0]},
						{"origin": [-27, 235, 4], "size": [23, 13, 6], "uv": [194, 0]},
						{"origin": [-27, 237, 1], "size": [22, 9, 12], "uv": [194, 0]},
						{"origin": [-27, 239, 0], "size": [22, 5, 14], "uv": [194, 0]}
					]
				},
				{
					"name": "cm4",
					"parent": "cm3",
					"pivot": [-24, 242.5, 6.5],
					"rotation": [0, 0, -15],
					"cubes": [
						{"origin": [-47, 236, 2], "size": [20, 11, 10], "uv": [194, 0]},
						{"origin": [-47, 235, 4], "size": [20, 13, 6], "uv": [194, 0]},
						{"origin": [-47, 237, 1], "size": [20, 9, 12], "uv": [194, 0]},
						{"origin": [-47, 239, 0], "size": [20, 5, 14], "uv": [194, 0]}
					]
				},
				{
					"name": "bx6",
					"parent": "cm4",
					"pivot": [-48, 242.5, 6.5],
					"rotation": [0, 0, -10],
					"cubes": [
						{"origin": [-67, 236, 2], "size": [20, 11, 10], "uv": [180, 0]},
						{"origin": [-67, 235, 4], "size": [20, 13, 6], "uv": [180, 0]},
						{"origin": [-67, 237, 1], "size": [20, 9, 12], "uv": [180, 0]},
						{"origin": [-67, 239, 0], "size": [20, 5, 14], "uv": [180, 0]}
					]
				},
				{
					"name": "cm5",
					"parent": "bx6",
					"pivot": [-64, 242.5, 8.5],
					"cubes": [
						{"origin": [-87, 235, 1], "size": [20, 13, 12], "uv": [180, 0]},
						{"origin": [-87, 234, 3], "size": [20, 15, 8], "uv": [180, 0]},
						{"origin": [-87, 236, 0], "size": [20, 11, 14], "uv": [180, 0]},
						{"origin": [-87, 238, -1], "size": [20, 7, 16], "uv": [180, 0]}
					]
				},
				{
					"name": "cm6",
					"parent": "cm5",
					"pivot": [-84, 242.5, 8.5],
					"cubes": [
						{"origin": [-107, 234, 0], "size": [20, 15, 14], "uv": [180, 0]},
						{"origin": [-107, 233, 2], "size": [20, 17, 10], "uv": [180, 0]},
						{"origin": [-107, 235, -1], "size": [20, 13, 16], "uv": [180, 0]},
						{"origin": [-107, 237, -2], "size": [20, 9, 18], "uv": [180, 0]}
					]
				},
				{
					"name": "cm31",
					"parent": "cm6",
					"pivot": [-100, 242.5, 8.5],
					"cubes": [
						{"origin": [-123, 233, -1], "size": [20, 17, 16], "uv": [180, 0]},
						{"origin": [-123, 232, 1], "size": [20, 19, 12], "uv": [180, 0]},
						{"origin": [-123, 234, -2], "size": [20, 15, 18], "uv": [180, 0]},
						{"origin": [-123, 236, -3], "size": [20, 11, 20], "uv": [180, 0]}
					]
				},
				{
					"name": "hand6",
					"parent": "cm31",
					"pivot": [-122, 242.5, 5.5],
					"rotation": [90, 0, 0],
					"cubes": [
						{"origin": [-128, 232.5, -1.5], "size": [5, 17, 10], "uv": [197, 178]},
						{"origin": [-134, 233.5, -1.5], "size": [8, 15, 10], "uv": [197, 178]},
						{"origin": [-129, 244.5, -1.5], "size": [4, 7, 6], "uv": [197, 178]},
						{"origin": [-128, 244.5, -0.5], "size": [2, 8, 4], "uv": [197, 178]},
						{"origin": [-136, 234.5, -0.5], "size": [2, 13, 8], "uv": [197, 178]},
						{"origin": [-137, 236.5, 0.5], "size": [3, 9, 6], "uv": [197, 178]}
					]
				},
				{
					"name": "part2",
					"parent": "kissymissy",
					"pivot": [0, 236, 0]
				},
				{
					"name": "perna",
					"parent": "part2",
					"pivot": [-16, 182, 4],
					"rotation": [4.3869, -2.51731, -48.60705]
				},
				{
					"name": "cm25",
					"parent": "perna",
					"pivot": [-13, 182.5, 4.5],
					"rotation": [0, 0, -37.5],
					"cubes": [
						{"origin": [-36, 175, -3], "size": [20, 15, 14], "uv": [184, 0]},
						{"origin": [-36, 174, -1], "size": [20, 17, 10], "uv": [184, 0]},
						{"origin": [-16, 174, -1], "size": [2, 16, 10], "uv": [184, 0]},
						{"origin": [-36, 176, -4], "size": [20, 13, 16], "uv": [184, 0]},
						{"origin": [-36, 178, -5], "size": [20, 9, 18], "uv": [184, 0]}
					]
				},
				{
					"name": "cm26",
					"parent": "cm25",
					"pivot": [-33, 182.5, 4.5],
					"rotation": [6.04414, 0.25815, 1.35086],
					"cubes": [
						{"origin": [-56, 176, -2], "size": [23, 13, 12], "uv": [184, 0]},
						{"origin": [-56, 175, 0], "size": [23, 15, 8], "uv": [184, 0]},
						{"origin": [-56, 177, -3], "size": [22, 11, 14], "uv": [184, 0]},
						{"origin": [-56, 179, -4], "size": [22, 7, 16], "uv": [184, 0]}
					]
				},
				{
					"name": "cm27",
					"parent": "cm26",
					"pivot": [-58, 182.5, 4.5],
					"cubes": [
						{"origin": [-119, 176, -2], "size": [63, 13, 12], "uv": [96, 0]},
						{"origin": [-119, 175, 0], "size": [63, 15, 8], "uv": [96, 0]},
						{"origin": [-119, 177, -3], "size": [63, 11, 14], "uv": [96, 0]},
						{"origin": [-119, 179, -4], "size": [63, 7, 16], "uv": [96, 0]}
					]
				},
				{
					"name": "bx5",
					"parent": "cm27",
					"pivot": [-119, 182.5, 4.5],
					"cubes": [
						{"origin": [-138, 176, -2], "size": [20, 13, 12], "uv": [170, 0]},
						{"origin": [-138, 175, 0], "size": [20, 15, 8], "uv": [170, 0]},
						{"origin": [-138, 177, -3], "size": [20, 11, 14], "uv": [170, 0]},
						{"origin": [-138, 179, -4], "size": [20, 7, 16], "uv": [170, 0]}
					]
				},
				{
					"name": "cm28",
					"parent": "bx5",
					"pivot": [-135, 182.5, 6.5],
					"cubes": [
						{"origin": [-158, 175, -3], "size": [20, 15, 14], "uv": [170, 0]},
						{"origin": [-158, 174, -1], "size": [20, 17, 10], "uv": [170, 0]},
						{"origin": [-158, 176, -4], "size": [20, 13, 16], "uv": [170, 0]},
						{"origin": [-158, 178, -5], "size": [20, 9, 18], "uv": [170, 0]}
					]
				},
				{
					"name": "cm29",
					"parent": "cm28",
					"pivot": [-155, 182.5, 6.5],
					"cubes": [
						{"origin": [-178, 174, -4], "size": [20, 17, 16], "uv": [170, 0]},
						{"origin": [-178, 173, -2], "size": [20, 19, 12], "uv": [170, 0]},
						{"origin": [-178, 175, -5], "size": [20, 15, 18], "uv": [170, 0]},
						{"origin": [-178, 177, -6], "size": [20, 11, 20], "uv": [170, 0]}
					]
				},
				{
					"name": "cm30",
					"parent": "cm29",
					"pivot": [-171, 182.5, 6.5],
					"cubes": [
						{"origin": [-194, 173, -5], "size": [20, 19, 18], "uv": [170, 0]},
						{"origin": [-194, 172, -3], "size": [20, 21, 14], "uv": [170, 0]},
						{"origin": [-194, 174, -6], "size": [20, 17, 20], "uv": [170, 0]},
						{"origin": [-194, 176, -7], "size": [20, 13, 22], "uv": [170, 0]}
					]
				},
				{
					"name": "hand5",
					"parent": "cm30",
					"pivot": [-193, 180.5, 1.5],
					"rotation": [90, -52.5, 87.5],
					"cubes": [
						{"origin": [-204, 168.5, -7.5], "size": [12, 21, 12], "uv": [187, 178]},
						{"origin": [-197, 168.5, -7.5], "size": [12, 21, 12], "inflate": -1, "uv": [187, 178]},
						{"origin": [-210, 169.5, -7.5], "size": [15, 19, 12], "uv": [187, 178]},
						{"origin": [-205, 180.5, -7.5], "size": [11, 11, 8], "uv": [187, 178]},
						{"origin": [-204, 180.5, -6.5], "size": [9, 12, 6], "uv": [187, 178]},
						{"origin": [-212, 170.5, -6.5], "size": [9, 17, 10], "uv": [187, 178]},
						{"origin": [-213, 172.5, -5.5], "size": [10, 13, 8], "uv": [187, 178]}
					]
				},
				{
					"name": "perna2",
					"parent": "part2",
					"pivot": [12, 182, 4],
					"rotation": [-0.41195, 2.60442, -55.33239]
				},
				{
					"name": "cm13",
					"parent": "perna2",
					"pivot": [15, 182.5, 4.5],
					"rotation": [0, 0, -37.5],
					"cubes": [
						{"origin": [-8, 175, -3], "size": [20, 15, 14], "uv": [184, 0]},
						{"origin": [-8, 174, -1], "size": [20, 17, 10], "uv": [184, 0]},
						{"origin": [12, 174, -1], "size": [2, 16, 10], "uv": [184, 0]},
						{"origin": [-8, 176, -4], "size": [20, 13, 16], "uv": [184, 0]},
						{"origin": [-8, 178, -5], "size": [20, 9, 18], "uv": [184, 0]}
					]
				},
				{
					"name": "cm14",
					"parent": "cm13",
					"pivot": [-5, 182.5, 4.5],
					"rotation": [6.04414, 0.25815, 1.35086],
					"cubes": [
						{"origin": [-28, 176, -2], "size": [23, 13, 12], "uv": [184, 0]},
						{"origin": [-28, 175, 0], "size": [23, 15, 8], "uv": [184, 0]},
						{"origin": [-28, 177, -3], "size": [22, 11, 14], "uv": [184, 0]},
						{"origin": [-28, 179, -4], "size": [22, 7, 16], "uv": [184, 0]}
					]
				},
				{
					"name": "cm15",
					"parent": "cm14",
					"pivot": [-29, 182.5, 4.5],
					"cubes": [
						{"origin": [-91, 176, -2], "size": [63, 13, 12], "uv": [96, 0]},
						{"origin": [-91, 175, 0], "size": [63, 15, 8], "uv": [96, 0]},
						{"origin": [-91, 177, -3], "size": [63, 11, 14], "uv": [96, 0]},
						{"origin": [-91, 179, -4], "size": [63, 7, 16], "uv": [96, 0]}
					]
				},
				{
					"name": "bx3",
					"parent": "cm15",
					"pivot": [-91, 182.5, 4.5],
					"cubes": [
						{"origin": [-110, 176, -2], "size": [20, 13, 12], "uv": [170, 0]},
						{"origin": [-110, 175, 0], "size": [20, 15, 8], "uv": [170, 0]},
						{"origin": [-110, 177, -3], "size": [20, 11, 14], "uv": [170, 0]},
						{"origin": [-110, 179, -4], "size": [20, 7, 16], "uv": [170, 0]}
					]
				},
				{
					"name": "cm16",
					"parent": "bx3",
					"pivot": [-107, 182.5, 6.5],
					"cubes": [
						{"origin": [-130, 175, -3], "size": [20, 15, 14], "uv": [170, 0]},
						{"origin": [-130, 174, -1], "size": [20, 17, 10], "uv": [170, 0]},
						{"origin": [-130, 176, -4], "size": [20, 13, 16], "uv": [170, 0]},
						{"origin": [-130, 178, -5], "size": [20, 9, 18], "uv": [170, 0]}
					]
				},
				{
					"name": "cm17",
					"parent": "cm16",
					"pivot": [-127, 182.5, 6.5],
					"cubes": [
						{"origin": [-150, 174, -4], "size": [20, 17, 16], "uv": [170, 0]},
						{"origin": [-150, 173, -2], "size": [20, 19, 12], "uv": [170, 0]},
						{"origin": [-150, 175, -5], "size": [20, 15, 18], "uv": [170, 0]},
						{"origin": [-150, 177, -6], "size": [20, 11, 20], "uv": [170, 0]}
					]
				},
				{
					"name": "cm18",
					"parent": "cm17",
					"pivot": [-143, 182.5, 6.5],
					"cubes": [
						{"origin": [-166, 173, -5], "size": [20, 19, 18], "uv": [170, 0]},
						{"origin": [-166, 172, -3], "size": [20, 21, 14], "uv": [170, 0]},
						{"origin": [-166, 174, -6], "size": [20, 17, 20], "uv": [170, 0]},
						{"origin": [-166, 176, -7], "size": [20, 13, 22], "uv": [170, 0]}
					]
				},
				{
					"name": "hand3",
					"parent": "cm18",
					"pivot": [-165, 180.5, 1.5],
					"rotation": [-90, -67.5, -92.5],
					"cubes": [
						{"origin": [-176, 168.5, -7.5], "size": [12, 21, 12], "uv": [187, 178]},
						{"origin": [-169, 168.5, -7.5], "size": [12, 21, 12], "inflate": -1, "uv": [187, 178]},
						{"origin": [-182, 169.5, -7.5], "size": [15, 19, 12], "uv": [187, 178]},
						{"origin": [-177, 166.5, -7.5], "size": [11, 11, 8], "uv": [187, 178]},
						{"origin": [-176, 165.5, -6.5], "size": [9, 12, 6], "uv": [187, 178]},
						{"origin": [-184, 170.5, -6.5], "size": [9, 17, 10], "uv": [187, 178]},
						{"origin": [-185, 172.5, -5.5], "size": [10, 13, 8], "uv": [187, 178]}
					]
				}
			]
		}
	]
}