{
	"format_version": "1.12.0",
	"minecraft:geometry": [
		{
			"description": {
				"identifier": "geometry.spk_greenpack",
				"texture_width": 256,
				"texture_height": 256,
				"visible_bounds_width": 7,
				"visible_bounds_height": 4.5,
				"visible_bounds_offset": [0, 1.75, 0]
			},
			"bones": [
				{
					"name": "greenpack",
					"pivot": [-7, 2, 15],
					"rotation": [0, 180, 0]
				},
				{
					"name": "hand",
					"parent": "greenpack",
					"pivot": [15, 17, 7],
					"rotation": [0, 0, 2.5],
					"cubes": [
						{"origin": [20.77524, 23.30058, -11], "size": [4, 4, 4], "uv": [121, 130]},
						{"origin": [20.77524, 28.30058, -11], "size": [4, 4, 4], "uv": [105, 130]},
						{"origin": [20.77524, 33.30058, -11], "size": [4, 2, 4], "uv": [105, 138]},
						{"origin": [21.77524, 22.30058, -10], "size": [2, 13, 2], "uv": [32, 138]}
					]
				},
				{
					"name": "bone6",
					"parent": "hand",
					"pivot": [8.77524, 16.30058, -9],
					"rotation": [0, 0, -27.5],
					"cubes": [
						{"origin": [6.77524, 17.30058, -11], "size": [4, 4, 4], "uv": [44, 130]},
						{"origin": [6.77524, 22.30058, -11], "size": [4, 4, 4], "uv": [28, 130]},
						{"origin": [6.77524, 27.30058, -11], "size": [4, 2, 4], "uv": [40, 138]},
						{"origin": [7.77524, 16.30058, -10], "size": [2, 13, 2], "uv": [24, 138]}
					]
				},
				{
					"name": "bone4",
					"parent": "hand",
					"pivot": [18.77524, 22.30058, -9],
					"rotation": [0, 0, -2.5],
					"cubes": [
						{"origin": [16.77524, 23.30058, -11], "size": [4, 4, 4], "uv": [128, 77]},
						{"origin": [16.77524, 28.30058, -11], "size": [4, 4, 4], "uv": [128, 18]},
						{"origin": [16.77524, 33.30058, -11], "size": [4, 3, 4], "uv": [46, 92]},
						{"origin": [17.77524, 22.30058, -10], "size": [2, 13, 2], "uv": [135, 136]}
					]
				},
				{
					"name": "bone3",
					"parent": "hand",
					"pivot": [14.77524, 22.30058, -9],
					"rotation": [-0.32707, -0.85827, -4.82274],
					"cubes": [
						{"origin": [12.77524, 23.30058, -11], "size": [4, 4, 4], "uv": [16, 126]},
						{"origin": [12.77524, 28.30058, -11], "size": [4, 4, 4], "uv": [0, 124]},
						{"origin": [12.77524, 33.30058, -11], "size": [4, 4, 4], "uv": [114, 53]},
						{"origin": [13.77524, 22.30058, -10], "size": [2, 13, 2], "uv": [16, 134]}
					]
				},
				{
					"name": "bone5",
					"parent": "hand",
					"pivot": [10.77524, 22.30058, -9],
					"rotation": [0, 0, -10],
					"cubes": [
						{"origin": [8.77524, 23.30058, -11], "size": [4, 4, 4], "uv": [76, 110]},
						{"origin": [8.77524, 28.30058, -11], "size": [4, 4, 4], "uv": [104, 109]},
						{"origin": [8.77524, 33.30058, -11], "size": [4, 2, 4], "uv": [137, 130]},
						{"origin": [9.77524, 22.30058, -10], "size": [2, 13, 2], "uv": [133, 101]}
					]
				},
				{
					"name": "bone",
					"parent": "hand",
					"pivot": [27.77524, 5.30058, 1],
					"cubes": [
						{"origin": [16.77524, 12.30058, -10], "size": [1, 3, 22], "uv": [46, 77]},
						{"origin": [15.77524, 13.30058, -10], "size": [3, 1, 22], "uv": [66, 22]},
						{"origin": [10.77524, 10.30058, -12], "size": [13, 13, 4], "uv": [71, 126]},
						{"origin": [10.77524, 11.30058, -12], "size": [14, 11, 4], "uv": [116, 0]},
						{"origin": [8.77524, 11.30058, -13], "size": [5, 11, 4], "uv": [58, 102]},
						{"origin": [7.77524, 12.30058, -13], "size": [2, 10, 4], "uv": [88, 0]}
					]
				},
				{
					"name": "hand2",
					"parent": "greenpack",
					"pivot": [-48, 17, 7],
					"rotation": [0, 0, 2.5],
					"cubes": [
						{"origin": [-43.22476, 23.30058, -11], "size": [4, 4, 4], "uv": [29, 109]},
						{"origin": [-43.22476, 28.30058, -11], "size": [4, 4, 4], "uv": [0, 109]},
						{"origin": [-43.22476, 33.30058, -11], "size": [4, 2, 4], "uv": [133, 116]},
						{"origin": [-42.22476, 22.30058, -10], "size": [2, 13, 2], "uv": [8, 132]}
					]
				},
				{
					"name": "bone2",
					"parent": "hand2",
					"pivot": [-39.22476, 16.30058, -9],
					"rotation": [0, 0, 35],
					"cubes": [
						{"origin": [-41.22476, 17.30058, -11], "size": [4, 4, 4], "uv": [104, 101]},
						{"origin": [-41.22476, 22.30058, -11], "size": [4, 4, 4], "uv": [76, 102]},
						{"origin": [-41.22476, 27.30058, -11], "size": [4, 2, 4], "uv": [58, 117]},
						{"origin": [-40.22476, 16.30058, -10], "size": [2, 13, 2], "uv": [0, 132]}
					]
				},
				{
					"name": "bone8",
					"parent": "hand2",
					"pivot": [-45.22476, 22.30058, -9],
					"rotation": [0, 0, -2.5],
					"cubes": [
						{"origin": [-47.22476, 23.30058, -11], "size": [4, 4, 4], "uv": [29, 101]},
						{"origin": [-47.22476, 28.30058, -11], "size": [4, 4, 4], "uv": [0, 101]},
						{"origin": [-47.22476, 33.30058, -11], "size": [4, 4, 4], "uv": [98, 67]},
						{"origin": [-46.22476, 22.30058, -10], "size": [2, 13, 2], "uv": [60, 130]}
					]
				},
				{
					"name": "bone9",
					"parent": "hand2",
					"pivot": [-49.22476, 22.30058, -9],
					"rotation": [-0.32707, -0.85827, -4.82274],
					"cubes": [
						{"origin": [-51.22476, 23.30058, -11], "size": [4, 4, 4], "uv": [70, 89]},
						{"origin": [-51.22476, 28.30058, -11], "size": [4, 4, 4], "uv": [82, 67]},
						{"origin": [-51.22476, 33.30058, -11], "size": [4, 3, 4], "uv": [0, 91]},
						{"origin": [-50.22476, 22.30058, -10], "size": [2, 13, 2], "uv": [60, 77]}
					]
				},
				{
					"name": "bone10",
					"parent": "hand2",
					"pivot": [-53.22476, 22.30058, -9],
					"rotation": [0, 0, -10],
					"cubes": [
						{"origin": [-55.22476, 23.30058, -11], "size": [4, 4, 4], "uv": [72, 28]},
						{"origin": [-55.22476, 28.30058, -11], "size": [4, 4, 4], "uv": [66, 45]},
						{"origin": [-55.22476, 33.30058, -11], "size": [4, 2, 4], "uv": [24, 92]},
						{"origin": [-54.22476, 22.30058, -10], "size": [2, 13, 2], "uv": [68, 60]}
					]
				},
				{
					"name": "bone11",
					"parent": "hand2",
					"pivot": [-35.22476, 5.30058, 1],
					"cubes": [
						{"origin": [-48.22476, 12.30058, -10], "size": [1, 3, 22], "uv": [0, 76]},
						{"origin": [-49.22476, 13.30058, -10], "size": [3, 1, 22], "uv": [54, 54]},
						{"origin": [-54.22476, 10.30058, -12], "size": [13, 13, 4], "uv": [94, 22]},
						{"origin": [-55.22476, 11.30058, -12], "size": [14, 11, 4], "uv": [24, 77]},
						{"origin": [-44.22476, 11.30058, -13], "size": [5, 11, 4], "uv": [0, 76]},
						{"origin": [-40.22476, 12.30058, -13], "size": [2, 10, 4], "uv": [82, 45]}
					]
				},
				{
					"name": "bone7",
					"parent": "greenpack",
					"pivot": [19, -1, 17],
					"cubes": [
						{"origin": [14, 11, 11], "size": [6, 6, 17], "uv": [104, 107]},
						{"origin": [14, 11, 0], "size": [6, 6, 17], "uv": [29, 107]},
						{"origin": [14, 11, 21], "size": [6, 6, 17], "uv": [29, 107]}
					]
				},
				{
					"name": "bone12",
					"parent": "greenpack",
					"pivot": [-29, -1, 17],
					"cubes": [
						{"origin": [-51, 11, 11], "size": [6, 6, 17], "uv": [75, 101]},
						{"origin": [-51, 11, 0], "size": [6, 6, 17], "uv": [0, 101]},
						{"origin": [-51, 11, 21], "size": [6, 6, 17], "uv": [0, 101]},
						{"origin": [-51, 10, 15], "size": [6, 8, 16], "uv": [114, 29]},
						{"origin": [14, 10, 15], "size": [6, 8, 16], "uv": [114, 29]},
						{"origin": [-52, 11, 15], "size": [8, 6, 16], "uv": [82, 45]},
						{"origin": [13, 11, 15], "size": [8, 6, 16], "uv": [82, 45]}
					]
				},
				{
					"name": "metal",
					"parent": "greenpack",
					"pivot": [-19, -1, 23],
					"cubes": [
						{"origin": [-5, 11, 37], "size": [23, 6, 6], "uv": [92, 89]},
						{"origin": [-50, 11, 37], "size": [23, 6, 6], "uv": [70, 77]},
						{"origin": [-34, 10, 37], "size": [36, 8, 6], "uv": [0, 14]},
						{"origin": [-30, 9, 37], "size": [28, 10, 6], "uv": [0, 60]},
						{"origin": [-32, 10, 36], "size": [32, 8, 8], "uv": [0, 28]},
						{"origin": [-30, 11, 35], "size": [28, 6, 10], "uv": [0, 44]},
						{"origin": [-34, 11, 36], "size": [36, 6, 8], "uv": [0, 0]}
					]
				}
			]
		}
	]
}