{
  "format_version": "1.12.0",
  "minecraft:geometry": [
    {
      "description": {
        "identifier": "geometry.spk_greenpack",
        "texture_width": 128,
        "texture_height": 128,
        "visible_bounds_width": 4,
        "visible_bounds_height": 3.5,
        "visible_bounds_offset": [
          0,
          1.25,
          0
        ]
      },
      "bones": [
        {
          "name": "grab",
          "pivot": [
            -5,
            0,
            -8
          ]
        },
        {
          "name": "hand",
          "pivot": [
            -16,
            15,
            -4
          ],
          "cubes": [
            {
              "origin": [
                -11.22476,
                21.30058,
                -22.0
              ],
              "size": [
                4.0,
                4.0,
                4.0
              ],
              "uv": [
                98,
                73
              ],
              "inflate": 0
            },
            {
              "origin": [
                -11.22476,
                26.30058,
                -22.0
              ],
              "size": [
                4.0,
                4.0,
                4.0
              ],
              "uv": [
                28,
                98
              ],
              "inflate": 0
            },
            {
              "origin": [
                -11.22476,
                31.30058,
                -22.0
              ],
              "size": [
                4.0,
                2.0,
                4.0
              ],
              "uv": [
                70,
                83
              ],
              "inflate": 0
            },
            {
              "origin": [
                -10.22476,
                20.30058,
                -21.0
              ],
              "size": [
                2.0,
                13.0,
                2.0
              ],
              "uv": [
                0,
                100
              ],
              "inflate": 0
            }
          ],
          "parent": "grab",
          "rotation": [
            0,
            0,
            2.5
          ]
        },
        {
          "name": "bone6",
          "pivot": [
            -7.22476,
            14.30058,
            -20
          ],
          "cubes": [
            {
              "origin": [
                -9.22476,
                15.30058,
                -22.0
              ],
              "size": [
                4.0,
                4.0,
                4.0
              ],
              "uv": [
                82,
                17
              ],
              "inflate": 0
            },
            {
              "origin": [
                -9.22476,
                20.30058,
                -22.0
              ],
              "size": [
                4.0,
                4.0,
                4.0
              ],
              "uv": [
                64,
                0
              ],
              "inflate": 0
            },
            {
              "origin": [
                -9.22476,
                25.30058,
                -22.0
              ],
              "size": [
                4.0,
                2.0,
                4.0
              ],
              "uv": [
                72,
                54
              ],
              "inflate": 0
            },
            {
              "origin": [
                -8.22476,
                14.30058,
                -21.0
              ],
              "size": [
                2.0,
                13.0,
                2.0
              ],
              "uv": [
                70,
                12
              ],
              "inflate": 0
            }
          ],
          "parent": "hand",
          "rotation": [
            0,
            0,
            30
          ]
        },
        {
          "name": "bone4",
          "pivot": [
            -13.22476,
            20.30058,
            -20
          ],
          "cubes": [
            {
              "origin": [
                -15.22476,
                21.30058,
                -22.0
              ],
              "size": [
                4.0,
                4.0,
                4.0
              ],
              "uv": [
                98,
                17
              ],
              "inflate": 0
            },
            {
              "origin": [
                -15.22476,
                26.30058,
                -22.0
              ],
              "size": [
                4.0,
                4.0,
                4.0
              ],
              "uv": [
                82,
                97
              ],
              "inflate": 0
            },
            {
              "origin": [
                -15.22476,
                31.30058,
                -22.0
              ],
              "size": [
                4.0,
                4.0,
                4.0
              ],
              "uv": [
                66,
                97
              ],
              "inflate": 0
            },
            {
              "origin": [
                -14.22476,
                20.30058,
                -21.0
              ],
              "size": [
                2.0,
                13.0,
                2.0
              ],
              "uv": [
                52,
                99
              ],
              "inflate": 0
            }
          ],
          "parent": "hand"
        },
        {
          "name": "bone3",
          "pivot": [
            -17.22476,
            20.30058,
            -20
          ],
          "cubes": [
            {
              "origin": [
                -19.22476,
                21.30058,
                -22.0
              ],
              "size": [
                4.0,
                4.0,
                4.0
              ],
              "uv": [
                16,
                92
              ],
              "inflate": 0
            },
            {
              "origin": [
                -19.22476,
                26.30058,
                -22.0
              ],
              "size": [
                4.0,
                4.0,
                4.0
              ],
              "uv": [
                0,
                92
              ],
              "inflate": 0
            },
            {
              "origin": [
                -19.22476,
                31.30058,
                -22.0
              ],
              "size": [
                4.0,
                3.0,
                4.0
              ],
              "uv": [
                94,
                54
              ],
              "inflate": 0
            },
            {
              "origin": [
                -18.22476,
                20.30058,
                -21.0
              ],
              "size": [
                2.0,
                13.0,
                2.0
              ],
              "uv": [
                98,
                97
              ],
              "inflate": 0
            }
          ],
          "parent": "hand",
          "rotation": [
            0,
            0,
            -2.5
          ]
        },
        {
          "name": "bone5",
          "pivot": [
            -21.22476,
            20.30058,
            -20
          ],
          "cubes": [
            {
              "origin": [
                -23.22476,
                21.30058,
                -22.0
              ],
              "size": [
                4.0,
                4.0,
                4.0
              ],
              "uv": [
                54,
                91
              ],
              "inflate": 0
            },
            {
              "origin": [
                -23.22476,
                26.30058,
                -22.0
              ],
              "size": [
                4.0,
                4.0,
                4.0
              ],
              "uv": [
                54,
                83
              ],
              "inflate": 0
            },
            {
              "origin": [
                -23.22476,
                31.30058,
                -22.0
              ],
              "size": [
                4.0,
                1.0,
                4.0
              ],
              "uv": [
                98,
                81
              ],
              "inflate": 0
            },
            {
              "origin": [
                -22.22476,
                20.30058,
                -21.0
              ],
              "size": [
                2.0,
                13.0,
                2.0
              ],
              "uv": [
                44,
                98
              ],
              "inflate": 0
            }
          ],
          "parent": "hand",
          "rotation": [
            0,
            0,
            -5
          ]
        },
        {
          "name": "bone",
          "pivot": [
            -3.22476,
            3.30058,
            -10
          ],
          "cubes": [
            {
              "origin": [
                -16.22476,
                10.30058,
                -21.0
              ],
              "size": [
                1.0,
                3.0,
                22.0
              ],
              "uv": [
                58,
                6
              ],
              "inflate": 0
            },
            {
              "origin": [
                -17.22476,
                11.30058,
                -21.0
              ],
              "size": [
                3.0,
                1.0,
                22.0
              ],
              "uv": [
                44,
                38
              ],
              "inflate": 0
            },
            {
              "origin": [
                -22.22476,
                8.30058,
                -23.0
              ],
              "size": [
                13.0,
                13.0,
                4.0
              ],
              "uv": [
                82,
                0
              ],
              "inflate": 0
            },
            {
              "origin": [
                -23.22476,
                9.30058,
                -23.0
              ],
              "size": [
                14.0,
                11.0,
                4.0
              ],
              "uv": [
                0,
                77
              ],
              "inflate": 0
            },
            {
              "origin": [
                -12.22476,
                9.30058,
                -24.0
              ],
              "size": [
                5.0,
                11.0,
                4.0
              ],
              "uv": [
                36,
                83
              ],
              "inflate": 0
            },
            {
              "origin": [
                -8.22476,
                10.30058,
                -24.0
              ],
              "size": [
                2.0,
                10.0,
                4.0
              ],
              "uv": [
                72,
                31
              ],
              "inflate": 0
            }
          ],
          "parent": "hand"
        },
        {
          "name": "bone7",
          "pivot": [
            -5,
            -3,
            -6
          ],
          "cubes": [
            {
              "origin": [
                -19.0,
                9.0,
                -12.0
              ],
              "size": [
                6.0,
                6.0,
                17.0
              ],
              "uv": [
                72,
                31
              ],
              "inflate": 0
            },
            {
              "origin": [
                -19.0,
                8.0,
                -8.0
              ],
              "size": [
                6.0,
                8.0,
                16.0
              ],
              "uv": [
                70,
                73
              ],
              "inflate": 0
            }
          ],
          "parent": "grab"
        },
        {
          "name": "metal",
          "pivot": [
            -5,
            -3,
            -6
          ],
          "cubes": [
            {
              "origin": [
                -19.0,
                9.0,
                8.0
              ],
              "size": [
                23.0,
                6.0,
                6.0
              ],
              "uv": [
                70,
                61
              ],
              "inflate": 0
            },
            {
              "origin": [
                -13.0,
                8.0,
                8.0
              ],
              "size": [
                29.0,
                8.0,
                6.0
              ],
              "uv": [
                0,
                14
              ],
              "inflate": 0
            },
            {
              "origin": [
                -9.0,
                7.0,
                8.0
              ],
              "size": [
                21.0,
                10.0,
                6.0
              ],
              "uv": [
                0,
                61
              ],
              "inflate": 0
            },
            {
              "origin": [
                -11.0,
                8.0,
                7.0
              ],
              "size": [
                25.0,
                8.0,
                8.0
              ],
              "uv": [
                0,
                28
              ],
              "inflate": 0
            },
            {
              "origin": [
                -9.0,
                9.0,
                6.0
              ],
              "size": [
                21.0,
                6.0,
                10.0
              ],
              "uv": [
                0,
                44
              ],
              "inflate": 0
            },
            {
              "origin": [
                -12.0,
                9.0,
                7.0
              ],
              "size": [
                28.0,
                6.0,
                8.0
              ],
              "uv": [
                0,
                0
              ],
              "inflate": 0
            },
            {
              "origin": [
                -20.0,
                9.0,
                -8.0
              ],
              "size": [
                8.0,
                6.0,
                16.0
              ],
              "uv": [
                38,
                61
              ],
              "inflate": 0
            }
          ],
          "parent": "grab"
        }
      ]
    }
  ]
}