{
	"format_version": "1.12.0",
	"minecraft:geometry": [
		{
			"description": {
				"identifier": "geometry.heroreaper",
				"texture_width": 112,
				"texture_height": 112,
				"visible_bounds_width": 6,
				"visible_bounds_height": 4,
				"visible_bounds_offset": [0, 0, 0]
			},
			"bones": [
				{
					"name": "weapon",
					"pivot": [0.5, 8.06667, 9.5],
					"rotation": [90, 0, 0],
					"cubes": [
						{"origin": [-1, 22.7, 8], "size": [3, 1.5, 3], "inflate": -0.3, "uv": [0, 100]},
						{"origin": [0, 2.5, 9], "size": [1, 21, 1], "uv": [0, 100]},
						{"origin": [0, -0.5, 9], "size": [1, 4, 1], "uv": [0, 100]},
						{"origin": [0, -1.12055, 9.49103], "size": [1, 4, 1], "uv": [0, 100]},
						{"origin": [0, -1.4767, 9.09085], "size": [1, 4, 1], "uv": [0, 100]},
						{"origin": [-1, 22.5, 5], "size": [3, 1, 12], "uv": [0, 100]},
						{"origin": [-0.75, 30.42091, -3.85314], "size": [2.5, 1, 6], "pivot": [0, 0, -30], "rotation": [-12.5, 0, 0], "uv": [0, 100]},
						{"origin": [-0.25, 26.80813, -4.63756], "size": [1.5, 1, 6], "pivot": [0, 0, -30], "rotation": [-5, 0, 0], "uv": [0, 100]},
						{"origin": [0, 22.12611, -3.98618], "size": [1, 1, 5], "pivot": [0, 0, -30], "rotation": [5, 0, 0], "uv": [0, 100]},
						{"origin": [0.25, 20.92899, 5.08195], "size": [0.5, 0.5, 0.5], "pivot": [0, 0, -30], "rotation": [5, 0, 0], "uv": [0, 100]},
						{"origin": [-1, 29.16292, 11.71716], "size": [3, 1, 2], "pivot": [0, 0, -30], "rotation": [-10, 0, 0], "uv": [0, 100]},
						{"origin": [-1, 31.13254, 11.36986], "size": [3, 1, 2], "pivot": [0, 0, -30], "rotation": [-10, 0, 0], "uv": [0, 100]},
						{"origin": [-2, 30.13254, 11.36986], "size": [1, 2, 2], "pivot": [0, 0, -30], "rotation": [-10, 0, 0], "uv": [0, 100]},
						{"origin": [2, 30.13254, 11.36986], "size": [1, 2, 2], "pivot": [0, 0, -30], "rotation": [-10, 0, 0], "uv": [0, 100]},
						{"origin": [-2, 30.30619, 12.35467], "size": [5, 2, 1], "pivot": [0, 0, -30], "rotation": [-10, 0, 0], "uv": [0, 100]}
					]
				}
			]
		}
	]
}
