{
	"format_version": "1.12.0",
	"minecraft:geometry": [
		{
			"description": {
				"identifier": "geometry.heroblock1",
				"texture_width": 112,
				"texture_height": 112,
				"visible_bounds_width": 6,
				"visible_bounds_height": 4,
				"visible_bounds_offset": [0, 0, 0]
			},
			"bones": [
				{
					"name": "weapon",
					"pivot": [0.5, 8.06667, 9.5],
					"rotation": [90, 0, 0],
					"cubes": [
						{"origin": [-2, 3.5, 7], "size": [4, 30, 4], "uv": [0, 100]}
					]
				},
      "inflate": 0.25
			]
		}
	]
}
