{
	"format_version": "1.10.0",
	"geometry.herobrine_arm_blaster": {
		"texturewidth": 128,
		"textureheight": 128,
		"visible_bounds_width": 11,
		"visible_bounds_height": 2.5,
		"visible_bounds_offset": [0, 0.75, 0],
		"bones": [
			{
				"name": "bone",
				"pivot": [0, -1, 0],
				"cubes": [
					{"origin": [-3, 0, 0], "size": [6, 2, 2], "uv": [26, 23], "mirror": true},
					{"origin": [-3, -4, 0], "size": [6, 2, 2], "uv": [26, 23], "mirror": true},
					{"origin": [-2, -5, 0], "size": [4, 1, 2], "uv": [26, 23], "mirror": true},
					{"origin": [1, -2, 0], "size": [2, 2, 2], "uv": [26, 23], "mirror": true},
					{"origin": [-3, -2, 0], "size": [2, 2, 2], "uv": [26, 23], "mirror": true},
					{"origin": [-1, -2, 1], "size": [2, 2, 2], "uv": [26, 23], "mirror": true}
				]
			},
			{
				"name": "beam",
				"parent": "bone",
				"pivot": [0, 0, 0],
				"rotation": [0, 2.5, 0],
				"cubes": [
					{"origin": [-1, -2, -96], "size": [2, 2, 96], "uv": [3, 63]}
				]
			},
			{
				"name": "beam2",
				"parent": "bone",
				"pivot": [0, 0, 0],
				"rotation": [0, -2.5, 0],
				"cubes": [
					{"origin": [-1, -2, -96], "size": [2, 2, 96], "uv": [0, 9]}
				]
			},
			{
				"name": "beam3",
				"parent": "bone",
				"pivot": [0, 0, 0],
				"cubes": [
					{"origin": [-1, -2, -96], "size": [2, 2, 96], "uv": [3, 63]}
				]
			},
			{
				"name": "beam4",
				"parent": "bone",
				"pivot": [0, 0, 0],
				"rotation": [-2.5, 0, 0],
				"cubes": [
					{"origin": [-1, -2, -96], "size": [2, 2, 96], "uv": [3, 63]}
				]
			},
			{
				"name": "beam6",
				"parent": "bone",
				"pivot": [0, 0, 0],
				"rotation": [-2.5, -2.5, 0],
				"cubes": [
					{"origin": [-1, -2, -96], "size": [2, 2, 96], "uv": [3, 63]}
				]
			},
			{
				"name": "beam7",
				"parent": "bone",
				"pivot": [0, 0, 0],
				"rotation": [-2.5, 2.5, 0],
				"cubes": [
					{"origin": [-1, -2, -96], "size": [2, 2, 96], "uv": [3, 63]}
				]
			},
			{
				"name": "beam5",
				"parent": "bone",
				"pivot": [0, 0, 0],
				"rotation": [2.5, 0, 0],
				"cubes": [
					{"origin": [-1, -2, -96], "size": [2, 2, 96], "uv": [3, 63]}
				]
			},
			{
				"name": "beam8",
				"parent": "bone",
				"pivot": [0, 0, 0],
				"rotation": [2.5, -2.5, 0],
				"cubes": [
					{"origin": [-1, -2, -96], "size": [2, 2, 96], "uv": [3, 63]}
				]
			},
			{
				"name": "beam9",
				"parent": "bone",
				"pivot": [0, 0, 0],
				"rotation": [2.5, 2.5, 0],
				"cubes": [
					{"origin": [-1, -2, -96], "size": [2, 2, 96], "uv": [3, 63]}
				]
			},
			{
				"name": "bone1",
				"parent": "bone",
				"pivot": [3, -2, 1],
				"rotation": [20, 0, 50],
				"cubes": [
					{"origin": [2, -2, 0.03407], "size": [2, 3, 2], "uv": [0, 0], "mirror": true}
				]
			},
			{
				"name": "Handgun6",
				"parent": "bone1",
				"pivot": [3, 1, 1],
				"rotation": [35, 0, 0],
				"cubes": [
					{"origin": [2, 1, 0], "size": [2, 4, 2], "uv": [0, 0], "mirror": true},
					{"origin": [2, 4, 1], "size": [2, 2, 1], "uv": [0, 0], "mirror": true}
				]
			},
			{
				"name": "bone2",
				"parent": "bone",
				"pivot": [2, 2, 1],
				"rotation": [25, 0, 40],
				"cubes": [
					{"origin": [1, 2, 0.03407], "size": [2, 3, 2], "uv": [0, 0], "mirror": true}
				]
			},
			{
				"name": "Handgun2",
				"parent": "bone2",
				"pivot": [2, 5, 1],
				"rotation": [35, 0, 0],
				"cubes": [
					{"origin": [1, 5, 0], "size": [2, 4, 2], "uv": [0, 0], "mirror": true},
					{"origin": [1, 8, 1], "size": [2, 2, 1], "uv": [0, 0], "mirror": true}
				]
			},
			{
				"name": "bone3",
				"parent": "bone",
				"pivot": [-2, 2, 1],
				"rotation": [25, 0, -35],
				"cubes": [
					{"origin": [-3, 2, 0.03407], "size": [2, 3, 2], "uv": [0, 0]}
				]
			},
			{
				"name": "Handgun4",
				"parent": "bone3",
				"pivot": [-2, 5, 1],
				"rotation": [40, 0, 0],
				"cubes": [
					{"origin": [-3, 5, 0], "size": [2, 4, 2], "uv": [0, 0]},
					{"origin": [-3, 8, 1], "size": [2, 2, 1], "uv": [0, 0]}
				]
			},
			{
				"name": "bone4",
				"parent": "bone",
				"pivot": [-3, -2, 1],
				"rotation": [20, 0, -45],
				"cubes": [
					{"origin": [-4, -2, 0.03407], "size": [2, 3, 2], "uv": [0, 0], "mirror": true}
				]
			},
			{
				"name": "Handgun8",
				"parent": "bone4",
				"pivot": [-3, 1, 1],
				"rotation": [35, 0, 0],
				"cubes": [
					{"origin": [-4, 1, 0], "size": [2, 4, 2], "uv": [0, 0], "mirror": true},
					{"origin": [-4, 4, 1], "size": [2, 2, 1], "uv": [0, 0], "mirror": true}
				]
			},
			{
				"name": "bone5",
				"parent": "bone",
				"pivot": [0, 2, 1],
				"rotation": [25, 0, 0],
				"cubes": [
					{"origin": [-1, 2, 0.03407], "size": [2, 3, 2], "uv": [0, 0], "mirror": true}
				]
			},
			{
				"name": "Handgun10",
				"parent": "bone5",
				"pivot": [0, 5, 1],
				"rotation": [35, 0, 0],
				"cubes": [
					{"origin": [-1, 8, 1], "size": [2, 2, 1], "uv": [0, 0], "mirror": true},
					{"origin": [-1, 5, 0], "size": [2, 4, 2], "uv": [0, 0], "mirror": true}
				]
			}
		]
	}
}
