{
	"format_version": "1.10.0",
	"geometry.herobrine_skull_blaster": {
		"texturewidth": 64,
		"textureheight": 64,
		"visible_bounds_width": 3,
		"visible_bounds_height": 2.5,
		"visible_bounds_offset": [0, 0.75, 0],
		"bones": [
			{
				"name": "bone",
				"pivot": [0, 24, 0],
				"cubes": [
					{"origin": [-4, 4, -4], "size": [8, 4, 8], "uv": [0, 3]},
					{"origin": [3, 8, 0], "size": [1, 1, 1], "uv": [0, 1]},
					{"origin": [-4, 8, 0], "size": [1, 1, 1], "uv": [0, 1]},
					{"origin": [4, 8, 0], "size": [1, 1, 1], "uv": [0, 1]},
					{"origin": [-5, 8, 0], "size": [1, 1, 1], "uv": [0, 1]},
					{"origin": [4, 7, 0], "size": [1, 1, 1], "uv": [0, 1]},
					{"origin": [-5, 7, 0], "size": [1, 1, 1], "uv": [0, 1]},
					{"origin": [5, 9, 0], "size": [1.5, 1.5, 1], "uv": [0, 1]},
					{"origin": [-6.5, 9, 0], "size": [1.5, 1.5, 1], "uv": [0, 1]},
					{"origin": [5, 8, 0], "size": [1, 1, 1], "uv": [0, 1]},
					{"origin": [-6, 8, 0], "size": [1, 1, 1], "uv": [0, 1]},
					{"origin": [5, 9, 0], "size": [1, 1, 1], "uv": [0, 1]},
					{"origin": [-6, 9, 0], "size": [1, 1, 1], "uv": [0, 1]},
					{"origin": [4, 9, 0], "size": [1, 1, 1], "uv": [0, 1]},
					{"origin": [-5, 9, 0], "size": [1, 1, 1], "uv": [0, 1]},
					{"origin": [-4, 0, -4], "size": [8, 1, 8], "uv": [0, 1]},
					{"origin": [-4, 0, 3], "size": [8, 5, 1], "uv": [0, 1]},
					{"origin": [-5, 4, -4], "size": [1, 5, 1], "uv": [0, 1]},
					{"origin": [-4, 7, 4], "size": [1, 2, 1], "uv": [0, 1]},
					{"origin": [-4, 8, 5], "size": [1, 2, 1], "uv": [0, 1]},
					{"origin": [-4, 9, 6], "size": [1, 2, 1], "uv": [0, 1]},
					{"origin": [-4, 9, 7], "size": [1, 4, 1], "uv": [0, 1]},
					{"origin": [-4, 11, 8], "size": [1, 3, 1], "uv": [0, 1]},
					{"origin": [3, 7, 4], "size": [1, 2, 1], "uv": [0, 1]},
					{"origin": [3, 8, 5], "size": [1, 2, 1], "uv": [0, 1]},
					{"origin": [3, 9, 6], "size": [1, 2, 1], "uv": [0, 1]},
					{"origin": [3, 10, 7], "size": [1, 3, 1], "uv": [0, 1]},
					{"origin": [3, 11, 8], "size": [1, 3, 1], "uv": [0, 1]},
					{"origin": [4, 4, -4], "size": [1, 5, 1], "uv": [0, 1]},
					{"origin": [-6, 6, -4], "size": [1, 5, 1], "uv": [0, 1]},
					{"origin": [5, 6, -4], "size": [1, 5, 1], "uv": [0, 1]},
					{"origin": [-7, 8, -4], "size": [1, 5, 1], "uv": [0, 1]},
					{"origin": [6, 8, -4], "size": [1, 5, 1], "uv": [0, 1]},
					{"origin": [-8, 11, -4], "size": [1, 5, 1], "uv": [0, 1]},
					{"origin": [7, 11, -4], "size": [1, 5, 1], "uv": [0, 1]},
					{"origin": [-9, 14, -4], "size": [1, 5, 1], "uv": [10, 15]},
					{"origin": [8, 14, -4], "size": [1, 5, 1], "uv": [0, 1]},
					{"origin": [3, 0, 0], "size": [1, 5, 4], "uv": [0, 1]},
					{"origin": [-4, 0, 0], "size": [1, 5, 4], "uv": [0, 1]},
					{"origin": [-4, 1, -2], "size": [1, 1, 1], "uv": [0, 1]},
					{"origin": [3, 1, -2], "size": [1, 1, 1], "uv": [0, 1]},
					{"origin": [3, 3, -4], "size": [1, 1, 1], "uv": [0, 1]},
					{"origin": [3, 3, -2], "size": [1, 1, 1], "uv": [0, 1]},
					{"origin": [1, 3, -4], "size": [1, 1, 1], "uv": [0, 1]},
					{"origin": [-2, 3, -4], "size": [1, 1, 1], "uv": [0, 1]},
					{"origin": [-4, 3, -4], "size": [1, 1, 1], "uv": [0, 1]},
					{"origin": [-4, 3, -4], "size": [1, 1, 1], "uv": [0, 1]},
					{"origin": [3, 1, -4], "size": [1, 1, 1], "uv": [0, 1]},
					{"origin": [-4, 1, -4], "size": [1, 1, 1], "uv": [0, 1]},
					{"origin": [-2, 1, -4], "size": [1, 1, 1], "uv": [0, 1]},
					{"origin": [1, 1, -4], "size": [1, 1, 1], "uv": [0, 1]}
				]
			}
		]
	}
}