{
	"format_version": "1.12.0",
	"minecraft:geometry": [
		{
			"description": {
				"identifier": "geometry.herobrine_rock",
				"texture_width": 16,
				"texture_height": 16,
				"visible_bounds_width": 3,
				"visible_bounds_height": 2.5,
				"visible_bounds_offset": [0, 0.75, 0]
			},
			"bones": [
				{
					"name": "bone",
					"pivot": [0, 0, 0],
					"cubes": [
						{"origin": [-8, 0, -8], "size": [16, 16, 16], "uv": [0, 0]},
						{"origin": [-9, 1, -7], "size": [18, 14, 14], "uv": [0, 0]},
						{"origin": [-8, 3, -14], "size": [16, 16, 16], "pivot": [0, 3, -6], "rotation": [-45, 0, 0], "uv": [0, 0]}
					]
				}
			]
		}
	]
}