{
	"format_version": "1.12.0",
	"minecraft:geometry": [
		{
			"description": {
				"identifier": "geometry.herobrine_killer_machine",
				"texture_width": 16,
				"texture_height": 16,
				"visible_bounds_width": 5,
				"visible_bounds_height": 9.5,
				"visible_bounds_offset": [0, 2.25, 0]
			},
			"bones": [
				{
					"name": "bone",
					"pivot": [0, 0, 0],
					"cubes": [
						{"origin": [-0.5, 66, -0.5], "size": [1, 27, 1], "uv": [0, 0]},
						{"origin": [-1, 36, -1], "size": [2, 49, 2], "uv": [0, 0]},
						{"origin": [-2, 32, -1], "size": [4, 4, 2], "uv": [0, 0]},
						{"origin": [-3, 26, -1], "size": [6, 6, 2], "uv": [0, 0]},
						{"origin": [-4, 18, -1], "size": [8, 8, 2], "uv": [0, 0]},
						{"origin": [12, 40, -1], "size": [10, 8, 2], "uv": [0, 0]},
						{"origin": [12, 43, -1], "size": [3, 12, 2], "uv": [0, 0]},
						{"origin": [-16, 43, -1], "size": [3, 12, 2], "uv": [0, 0]},
						{"origin": [-15, 50, -1], "size": [5, 7, 2], "uv": [0, 0]},
						{"origin": [9, 50, -1], "size": [5, 7, 2], "uv": [0, 0]},
						{"origin": [9, 52, -1], "size": [3, 13, 2], "uv": [0, 0]},
						{"origin": [-13, 52, -1], "size": [3, 13, 2], "uv": [0, 0]},
						{"origin": [-18, 43, -1], "size": [3, 8, 2], "uv": [0, 0]},
						{"origin": [14, 43, -1], "size": [3, 8, 2], "uv": [0, 0]},
						{"origin": [-23, 41, -1], "size": [10, 7, 2], "uv": [0, 0]},
						{"origin": [-28, 37, -1], "size": [11, 5, 2], "uv": [0, 0]},
						{"origin": [16, 37, -1], "size": [11, 5, 2], "uv": [0, 0]},
						{"origin": [-30, 26, -3], "size": [6, 11, 6], "uv": [0, 0]},
						{"origin": [23, 26, -3], "size": [6, 11, 6], "uv": [0, 0]},
						{"origin": [20, 27, -3], "size": [6, 11, 6], "uv": [0, 0]},
						{"origin": [-25, 27, -3], "size": [6, 11, 6], "uv": [0, 0]},
						{"origin": [-25, 17, -3], "size": [11, 5, 6], "uv": [0, 0]},
						{"origin": [13, 17, -3], "size": [11, 5, 6], "uv": [0, 0]},
						{"origin": [-29, 20, -3], "size": [11, 5, 6], "uv": [0, 0]},
						{"origin": [17, 20, -3], "size": [11, 5, 6], "uv": [0, 0]},
						{"origin": [-31, 22, -3], "size": [11, 5, 6], "uv": [0, 0]},
						{"origin": [19, 22, -3], "size": [11, 5, 6], "uv": [0, 0]},
						{"origin": [-16, 13, -3], "size": [31, 5, 6], "uv": [0, 0]},
						{"origin": [-21, 15, -3], "size": [41, 5, 6], "uv": [0, 0]},
						{"origin": [-3, 0, -3], "size": [5, 16, 6], "uv": [0, 0]},
						{"origin": [-2, -13, -2], "size": [3, 22, 4], "uv": [0, 0]}
					]
				}
			]
		}
	]
}
