{
	"format_version": "1.12.0",
	"minecraft:geometry": [
		{
			"description": {
				"identifier": "geometry.heroenderspike",
				"texture_width": 32,
				"texture_height": 32,
				"visible_bounds_width": 4,
				"visible_bounds_height": 3,
				"visible_bounds_offset": [0, 0.5, 0]
			},
			"bones": [
				{
					"name": "body",
					"pivot": [0, 0, 0],
					"cubes": [
						{
							"origin": [-4, -2, 13],
							"size": [9, 9, 10],
							"uv": {
								"north": {"uv": [0, 0], "uv_size": [9, 9]},
								"east": {"uv": [0, 0], "uv_size": [10, 9]},
								"south": {"uv": [0, 0], "uv_size": [9, 9]},
								"west": {"uv": [0, 0], "uv_size": [10, 9]},
								"up": {"uv": [9, 10], "uv_size": [-9, -10]},
								"down": {"uv": [9, 10], "uv_size": [-9, -10]}
							}
						}
					]
				},
				{
					"name": "body1",
        "parent": "body",
					"pivot": [0, 1, 0],
					"cubes": [
						{
							"origin": [-1, 1, -11],
							"size": [3, 3, 7],
							"uv": {
								"north": {"uv": [0, 0], "uv_size": [3, 3]},
								"east": {"uv": [0, 0], "uv_size": [7, 3]},
								"south": {"uv": [0, 0], "uv_size": [3, 3]},
								"west": {"uv": [0, 0], "uv_size": [7, 3]},
								"up": {"uv": [3, 7], "uv_size": [-3, -7]},
								"down": {"uv": [3, 7], "uv_size": [-3, -7]}
							}
						},
						{
							"origin": [0, 2, -15],
							"size": [1, 1, 4],
							"uv": {
								"north": {"uv": [0, 0], "uv_size": [1, 1]},
								"east": {"uv": [0, 0], "uv_size": [2, 1]},
								"south": {"uv": [0, 0], "uv_size": [1, 1]},
								"west": {"uv": [0, 0], "uv_size": [2, 1]},
								"up": {"uv": [1, 2], "uv_size": [-1, -2]},
								"down": {"uv": [1, 2], "uv_size": [-1, -2]}
							}
						},
						{
							"origin": [-2, 0, -4],
							"size": [5, 5, 8],
							"uv": {
								"north": {"uv": [0, 0], "uv_size": [5, 5]},
								"east": {"uv": [0, 0], "uv_size": [8, 5]},
								"south": {"uv": [0, 0], "uv_size": [5, 5]},
								"west": {"uv": [0, 0], "uv_size": [8, 5]},
								"up": {"uv": [5, 8], "uv_size": [-5, -8]},
								"down": {"uv": [5, 8], "uv_size": [-5, -8]}
							}
						},
						{
							"origin": [-3, -1, 4],
							"size": [7, 7, 9],
							"uv": {
								"north": {"uv": [0, 0], "uv_size": [7, 7]},
								"east": {"uv": [0, 0], "uv_size": [9, 7]},
								"south": {"uv": [0, 0], "uv_size": [7, 7]},
								"west": {"uv": [0, 0], "uv_size": [9, 7]},
								"up": {"uv": [7, 9], "uv_size": [-7, -9]},
								"down": {"uv": [7, 9], "uv_size": [-7, -9]}
							}
						}
					]
				}
			]
		}
	]
}
