{
	"format_version": "1.12.0",
	"minecraft:geometry": [
		{
			"description": {
				"identifier": "geometry.herobrine_sword",
				"texture_width": 16,
				"texture_height": 16,
				"visible_bounds_width": 5,
				"visible_bounds_height": 7.5,
				"visible_bounds_offset": [0, 1.25, 0]
			},
			"bones": [
				{
					"name": "bone",
					"pivot": [0, 0, 0],
					"cubes": [
						{"origin": [-1, 70, -1], "size": [2, 2, 2], "uv": [0, 0]},
						{"origin": [-2, 66, -1], "size": [4, 4, 2], "uv": [0, 0]},
						{"origin": [-3, 60, -1], "size": [6, 6, 2], "uv": [0, 0]},
						{"origin": [-4, 52, -1], "size": [8, 8, 2], "uv": [0, 0]},
						{"origin": [-5, 42, -1], "size": [10, 10, 2], "uv": [0, 0]},
						{"origin": [-7, 30, -1], "size": [13, 12, 2], "uv": [0, 0]},
						{"origin": [-8, 19, -3], "size": [15, 11, 6], "uv": [0, 0]},
						{"origin": [-25, 17, -3], "size": [11, 5, 6], "uv": [0, 0]},
						{"origin": [13, 17, -3], "size": [11, 5, 6], "uv": [0, 0]},
						{"origin": [-29, 20, -3], "size": [11, 5, 6], "uv": [0, 0]},
						{"origin": [17, 20, -3], "size": [11, 5, 6], "uv": [0, 0]},
						{"origin": [-31, 22, -3], "size": [11, 5, 6], "uv": [0, 0]},
						{"origin": [19, 22, -3], "size": [11, 5, 6], "uv": [0, 0]},
						{"origin": [-16, 13, -3], "size": [31, 5, 6], "uv": [0, 0]},
						{"origin": [-21, 15, -3], "size": [41, 5, 6], "uv": [0, 0]},
						{"origin": [-3, 0, -3], "size": [5, 16, 6], "uv": [0, 0]},
						{"origin": [-2, -13, -2], "size": [3, 22, 4], "uv": [0, 0]}
					]
				}
			]
		}
	]
}
