{
	"format_version": "1.12.0",
	"minecraft:geometry": [
		{
			"description": {
				"identifier": "geometry.heromultiplespike",
				"texture_width": 112,
				"texture_height": 112,
				"visible_bounds_width": 6,
				"visible_bounds_height": 10,
				"visible_bounds_offset": [0, 1, 0]
			},
			"bones": [
				{
					"name": "bone",
					"pivot": [0.5, 8.06667, 9.5],
					"rotation": [90, 0, 0],
					"cubes": [
						{"origin": [-4, 13.5, 25], "size": [8, 8, 20], "uv": [0, 100]},
						{"origin": [-5, 14.5, 25], "size": [10, 6, 20], "uv": [0, 100]},
						{"origin": [-3, 14.5, 45], "size": [6, 6, 20], "uv": [0, 100]},
						{"origin": [-2, 13.5, 45], "size": [4, 8, 20], "uv": [0, 100]},
						{"origin": [-2, 15.5, 65], "size": [4, 4, 12], "uv": [0, 100]},
						{"origin": [-1, 14.5, 65], "size": [2, 6, 12], "uv": [0, 100]},
						{"origin": [-1, 16.5, 77], "size": [2, 2, 3], "uv": [0, 100]},
						{"origin": [-1, 16.5, 77], "size": [2, 3, 3], "uv": [0, 100]},
						{"origin": [-5, 12.5, -62], "size": [10, 10, 87], "uv": [0, 100]},
						{"origin": [-5, 12.5, -62], "size": [10, 10, 87], "uv": [0, 100]}
					]
				},
				{
					"name": "weapon2",
					"parent": "bone",
					"pivot": [0.5, 8.06667, -2.5],
					"rotation": [-25, 0, 0],
					"cubes": [
						{"origin": [-4, 13.5, 13], "size": [8, 8, 20], "uv": [0, 100]},
						{"origin": [-5, 14.5, 13], "size": [10, 6, 20], "uv": [0, 100]},
						{"origin": [-3, 14.5, 33], "size": [6, 6, 20], "uv": [0, 100]},
						{"origin": [-2, 13.5, 33], "size": [4, 8, 20], "uv": [0, 100]},
						{"origin": [-2, 15.5, 53], "size": [4, 4, 12], "uv": [0, 100]},
						{"origin": [-1, 14.5, 53], "size": [2, 6, 12], "uv": [0, 100]},
						{"origin": [-1, 16.5, 65], "size": [2, 2, 3], "uv": [0, 100]},
						{"origin": [-1, 16.5, 65], "size": [2, 3, 3], "uv": [0, 100]},
						{"origin": [-5, 12.5, -5], "size": [10, 10, 18], "uv": [0, 100]},
						{"origin": [-5, 12.5, -7], "size": [10, 10, 20], "uv": [0, 100]}
					]
				},
				{
					"name": "weapon3",
					"parent": "bone",
					"pivot": [0.5, 10.06667, -0.5],
					"rotation": [25, 0, 0],
					"cubes": [
						{"origin": [-4, 15.5, 15], "size": [8, 8, 20], "uv": [0, 100]},
						{"origin": [-5, 16.5, 15], "size": [10, 6, 20], "uv": [0, 100]},
						{"origin": [-3, 16.5, 35], "size": [6, 6, 20], "uv": [0, 100]},
						{"origin": [-2, 15.5, 35], "size": [4, 8, 20], "uv": [0, 100]},
						{"origin": [-2, 17.5, 55], "size": [4, 4, 12], "uv": [0, 100]},
						{"origin": [-1, 16.5, 55], "size": [2, 6, 12], "uv": [0, 100]},
						{"origin": [-1, 18.5, 67], "size": [2, 2, 3], "uv": [0, 100]},
						{"origin": [-1, 18.5, 67], "size": [2, 3, 3], "uv": [0, 100]},
						{"origin": [-5, 14.5, -3], "size": [10, 10, 18], "uv": [0, 100]},
						{"origin": [-5, 14.5, -5], "size": [10, 10, 20], "uv": [0, 100]}
					]
				},
				{
					"name": "weapon4",
					"parent": "bone",
					"pivot": [-6.5, 17.06667, -0.5],
					"rotation": [25, 0, 90],
					"cubes": [
						{"origin": [-11, 22.5, 15], "size": [8, 8, 20], "uv": [0, 100]},
						{"origin": [-12, 23.5, 15], "size": [10, 6, 20], "uv": [0, 100]},
						{"origin": [-10, 23.5, 35], "size": [6, 6, 20], "uv": [0, 100]},
						{"origin": [-9, 22.5, 35], "size": [4, 8, 20], "uv": [0, 100]},
						{"origin": [-9, 24.5, 55], "size": [4, 4, 12], "uv": [0, 100]},
						{"origin": [-8, 23.5, 55], "size": [2, 6, 12], "uv": [0, 100]},
						{"origin": [-8, 25.5, 67], "size": [2, 2, 3], "uv": [0, 100]},
						{"origin": [-8, 25.5, 67], "size": [2, 3, 3], "uv": [0, 100]},
						{"origin": [-12, 21.5, -3], "size": [10, 10, 18], "uv": [0, 100]},
						{"origin": [-12, 21.5, -5], "size": [10, 10, 20], "uv": [0, 100]}
					]
				},
				{
					"name": "weapon5",
					"parent": "bone",
					"pivot": [9.5, 11.06667, -3.5],
					"rotation": [25, 0, -60],
					"cubes": [
						{"origin": [5, 16.5, 12], "size": [8, 8, 20], "uv": [0, 100]},
						{"origin": [4, 17.5, 12], "size": [10, 6, 20], "uv": [0, 100]},
						{"origin": [6, 17.5, 32], "size": [6, 6, 20], "uv": [0, 100]},
						{"origin": [7, 16.5, 32], "size": [4, 8, 20], "uv": [0, 100]},
						{"origin": [7, 18.5, 52], "size": [4, 4, 12], "uv": [0, 100]},
						{"origin": [8, 17.5, 52], "size": [2, 6, 12], "uv": [0, 100]},
						{"origin": [8, 19.5, 64], "size": [2, 2, 3], "uv": [0, 100]},
						{"origin": [8, 19.5, 64], "size": [2, 3, 3], "uv": [0, 100]},
						{"origin": [4, 15.5, -6], "size": [10, 10, 18], "uv": [0, 100]},
						{"origin": [4, 15.5, -8], "size": [10, 10, 20], "uv": [0, 100]}
					]
				}
			]
		}
	]
}
