{
	"format_version": "1.12.0",
	"minecraft:geometry": [
		{
			"description": {
				"identifier": "geometry.extending_obsidiannnn",
				"texture_width": 1024,
				"texture_height": 1024,
				"visible_bounds_width": 61,
				"visible_bounds_height": 9,
				"visible_bounds_offset": [0, 1.5, 0]
			},
			"bones": [
				{
					"name": "bone",
					"pivot": [0, 0, 6],
					"cubes": [
						{"origin": [-2, 0, -494], "size": [4, 4, 500], "uv": [0, 0]},
						{"origin": [-3, 0, -494], "size": [4, 4, 500], "pivot": [0, 0, 0], "rotation": [0, 5, 0], "uv": [0, 0]},
						{"origin": [-2, 0, -494], "size": [4, 4, 500], "pivot": [0, 0, 0], "rotation": [0, -5, 0], "uv": [0, 0]},
						{"origin": [-3, -1, -494], "size": [4, 4, 500], "pivot": [0, 0, 0], "rotation": [5, 0, 0], "uv": [0, 0]},
						{"origin": [-3, 1, -494], "size": [4, 4, 500], "pivot": [0, 0, 0], "rotation": [-5, 0, 0], "uv": [0, 0]},
						{"origin": [-3, 1, -494], "size": [4, 4, 500], "pivot": [0, 0, 0], "rotation": [-3, 3, 0], "uv": [0, 0]},
						{"origin": [-3, 1, -494], "size": [4, 4, 500], "pivot": [0, 0, 0], "rotation": [3, 3, 0], "uv": [0, 0]},
						{"origin": [-3, 1, -494], "size": [4, 4, 500], "pivot": [0, 0, 0], "rotation": [-3, -3, 0], "uv": [0, 0]},
						{"origin": [-3, 1, -494], "size": [4, 4, 500], "pivot": [0, 0, 0], "rotation": [3, -3, 0], "uv": [0, 0]}
					]
				}
			]
		}
	]
}
