{
	"format_version": "1.12.0",
	"minecraft:geometry": [
		{
			"description": {
				"identifier": "geometry.ic_bob",
				"texture_width": 64,
				"texture_height": 64,
				"visible_bounds_width": 3,
				"visible_bounds_height": 3.5,
				"visible_bounds_offset": [0, 1.25, 0]
			},
			"bones": [
				{
					"name": "main",
					"pivot": [0, 20, -14],
					"cubes": [
						{"origin": [2, 27, -31], "size": [1, 1, 18], "uv": [0, 0]},
						{"origin": [1.5, 26.5, -16.5], "size": [2, 2, 4], "uv": [0, 12]},
						{"origin": [1.5, 26, -11.5], "size": [2, 3, 3], "uv": [0, 19]},
						{"origin": [1, 25.5, -12.5], "size": [3, 4, 1], "uv": [10, 19]},
						{"origin": [1, 25.5, -8.5], "size": [3, 4, 1], "uv": [10, 19]},
						{"origin": [2.5, 25.5, -7.5], "size": [0, 4, 3], "uv": [8, 9]},
						{"origin": [2.5, 28, -7.5], "size": [0, 4, 2], "pivot": [2.5, 27.5, -6], "rotation": [0, 0, -90], "uv": [1, 34]},
						{"origin": [1.5, 26.5, -31.5], "size": [2, 2, 1], "uv": [20, 0]},
						{"origin": [4, 21, -12], "size": [8, 12, 0], "pivot": [4, 27, -12], "rotation": [0, -15, 0], "uv": [0, 0]},
						{"origin": [-12, 21, -12], "size": [8, 12, 0], "pivot": [-4, 27, -12], "rotation": [0, 15, 0], "uv": [0, 0], "mirror": true},
						{"origin": [-3, 27, -31], "size": [1, 1, 18], "uv": [0, 0], "mirror": true},
						{"origin": [-3.5, 26.5, -16.5], "size": [2, 2, 4], "uv": [0, 12], "mirror": true},
						{"origin": [-3.5, 26, -11.5], "size": [2, 3, 3], "uv": [0, 19], "mirror": true},
						{"origin": [-1.5, 26.5, -12], "size": [3, 2, 2], "uv": [0, 60], "mirror": true},
						{"origin": [-4, 25.5, -12.5], "size": [3, 4, 1], "uv": [10, 19], "mirror": true},
						{"origin": [-4, 25.5, -8.5], "size": [3, 4, 1], "uv": [10, 19], "mirror": true},
						{"origin": [-2.5, 25.5, -7.5], "size": [0, 4, 3], "uv": [8, 9], "mirror": true},
						{"origin": [-3.5, 26.5, -31.5], "size": [2, 2, 1], "uv": [20, 0], "mirror": true}
					]
				},
				{
					"name": "fire",
					"parent": "main",
					"pivot": [2.5, 26.5, -11],
					"cubes": [
						{
							"origin": [1.46, 26.46, -11.87],
							"size": [2.08, 2.08, 0],
							"pivot": [2.5, 27.5, -12],
							"rotation": [0, 0, 60],
							"uv": {
								"north": {"uv": [48, 0], "uv_size": [8, 8]},
								"east": {"uv": [48, 0], "uv_size": [0, 8]},
								"south": {"uv": [56, 0], "uv_size": [8, 8]},
								"west": {"uv": [56, 0], "uv_size": [0, 8]},
								"up": {"uv": [48, 0], "uv_size": [8, 0]},
								"down": {"uv": [56, 0], "uv_size": [8, 0]}
							}
						}
					]
				},
				{
					"name": "fire2",
					"parent": "main",
					"pivot": [-2.5, 26.5, -11],
					"cubes": [
						{
							"origin": [-3.54, 26.46, -11.5],
							"size": [2.08, 2.08, 0],
							"pivot": [-2.5, 27.5, -11.5],
							"rotation": [0, 0, 102.5],
							"uv": {
								"north": {"uv": [48, 0], "uv_size": [8, 8]},
								"east": {"uv": [48, 0], "uv_size": [0, 8]},
								"south": {"uv": [56, 0], "uv_size": [8, 8]},
								"west": {"uv": [56, 0], "uv_size": [0, 8]},
								"up": {"uv": [48, 0], "uv_size": [8, 0]},
								"down": {"uv": [56, 0], "uv_size": [8, 0]}
							}
						}
					]
				}
			]
		}
	]
}