{
  "format_version": "1.16.100",
  "minecraft:item": {
    "description": {
      "identifier": "gun:r4a3_mag",
      "category": "equipment"
    },
    "components": {
      "minecraft:stacked_by_data": true,
      "minecraft:hand_equipped": true,
      "minecraft:max_stack_size": 1,
      "minecraft:use_duration": 999999,
      "minecraft:food": {
        "can_always_eat": true
      },
      "minecraft:cooldown": {
        "category": "chorusfruit",
        "duration": 0.4
      },
      "minecraft:render_offsets": {
        "main_hand": {
          "first_person": {
            "scale": [
              0.0,
              0.0,
              0.0
            ]
          },
          "third_person": {
            "scale": [
              0.0,
              0.0,
              0.0
            ]
          }
        }
      },
      "minecraft:display_name": {
        "value": "Stanag Magazine (R4a3)"
      },
      "minecraft:icon": {
        "texture": "m16a1mag"
      },
      "minecraft:can_destroy_in_creative": false,
      "minecraft:creative_category": {
        "parent": "equipment"
      }
    }
  }
}