{
	"file_path": "C:\\Users\\enner\\AppData\\Local\\Packages\\Microsoft.MinecraftUWP_8wekyb3d8bbwe\\LocalState\\games\\com.mojang\\development_resource_packs\\Huggy Wuggy R\\entity\\huggy_wuggy_f.json",
	"file_type": "client_entity",
	"format_version": 1,
	"file_uuid": "ab2faab3_2326_4192_881c_33aff8f1b9f5",
	"file_version": 0,
	"cache_content": {
		"children": [
			{
				"open": {
					"format_version": "1.10.0",
					"minecraft:client_entity": {
						"description": {
							"identifier": "gmc:huggy_wuggy_f",
							"materials": {
								"default": "enderman"
							},
							"textures": {
								"default": "textures/entity/huggy_wuggy/huggy_wuggy_f"
							},
							"geometry": {
								"default": "geometry.huggy_wuggy"
							},
							"animations": {
								"moving": "animation.huggy_wuggy.moving",
								"huggy_wuggy_general": "animation.huggy_wuggy.general",
								"running": "animation.huggy_wuggy.running",
								"jumping": "animation.huggy_wuggy.jumping",
								"looking": "animation.huggy_wuggy.looking",
								"move": "controller.animation.huggy_wuggy.move",
								"general": "controller.animation.huggy_wuggy.general",
								"looking_at": "controller.animation.huggy_wuggy.looking_at"
							},
							"scripts": {
								"animate": [
									"move",
									"general",
									"looking_at"
								]
							},
							"render_controllers": [
								"controller.render.skeleton"
							],
							"spawn_egg": {
								"texture": "huggy_wuggy_spawn",
								"texture_index": 0
							}
						}
					}
				},
				"data": "1.10.0",
				"key": "format_version"
			},
			{
				"open": {
					"format_version": "1.10.0",
					"minecraft:client_entity": {
						"description": {
							"identifier": "gmc:huggy_wuggy_f",
							"materials": {
								"default": "enderman"
							},
							"textures": {
								"default": "textures/entity/huggy_wuggy/huggy_wuggy_f"
							},
							"geometry": {
								"default": "geometry.huggy_wuggy"
							},
							"animations": {
								"moving": "animation.huggy_wuggy.moving",
								"huggy_wuggy_general": "animation.huggy_wuggy.general",
								"running": "animation.huggy_wuggy.running",
								"jumping": "animation.huggy_wuggy.jumping",
								"looking": "animation.huggy_wuggy.looking",
								"move": "controller.animation.huggy_wuggy.move",
								"general": "controller.animation.huggy_wuggy.general",
								"looking_at": "controller.animation.huggy_wuggy.looking_at"
							},
							"scripts": {
								"animate": [
									"move",
									"general",
									"looking_at"
								]
							},
							"render_controllers": [
								"controller.render.skeleton"
							],
							"spawn_egg": {
								"texture": "huggy_wuggy_f_spawn",
								"texture_index": 0
							}
						}
					}
				},
				"key": "minecraft:client_entity",
				"children": [
					{
						"open": {
							"description": {
								"identifier": "gmc:huggy_wuggy_f",
								"materials": {
									"default": "enderman"
								},
								"textures": {
									"default": "textures/entity/huggy_wuggy/huggy_wuggy_f"
								},
								"geometry": {
									"default": "geometry.huggy_wuggy"
								},
								"animations": {
									"moving": "animation.huggy_wuggy.moving",
									"huggy_wuggy_general": "animation.huggy_wuggy.general",
									"running": "animation.huggy_wuggy.running",
									"jumping": "animation.huggy_wuggy.jumping",
									"looking": "animation.huggy_wuggy.looking",
									"move": "controller.animation.huggy_wuggy.move",
									"general": "controller.animation.huggy_wuggy.general",
									"looking_at": "controller.animation.huggy_wuggy.looking_at"
								},
								"scripts": {
									"animate": [
										"move",
										"general",
										"looking_at"
									]
								},
								"render_controllers": [
									"controller.render.skeleton"
								],
								"spawn_egg": {
									"texture": "huggy_wuggy_spawn",
									"texture_index": 0
								}
							}
						},
						"key": "description",
						"is_minified": true,
						"children": {
							"identifier": "gmc:huggy_wuggy_f",
							"materials": {
								"default": "enderman"
							},
							"textures": {
								"default": "textures/entity/huggy_wuggy/huggy_wuggy_f"
							},
							"geometry": {
								"default": "geometry.huggy_wuggy"
							},
							"animations": {
								"moving": "animation.huggy_wuggy.moving",
								"huggy_wuggy_general": "animation.huggy_wuggy.general",
								"running": "animation.huggy_wuggy.running",
								"jumping": "animation.huggy_wuggy.jumping",
								"looking": "animation.huggy_wuggy.looking",
								"move": "controller.animation.huggy_wuggy.move",
								"general": "controller.animation.huggy_wuggy.general",
								"looking_at": "controller.animation.huggy_wuggy.looking_at"
							},
							"scripts": {
								"animate": [
									"move",
									"general",
									"looking_at"
								]
							},
							"render_controllers": [
								"controller.render.skeleton"
							],
							"spawn_egg": {
								"texture": "huggy_wuggy_spawn",
								"texture_index": 0
							}
						}
					}
				]
			}
		]
	}
}	]
							},
							"render_controllers": [
								"controller.render.skeleton"
							],
							"spawn_egg": {
								"texture": "ftl_huggy_wuggy_spawn",
								"texture_index": 0
							}
						}
					}
				]
			}
		]
	}
}