{
  "format_version": "1.10.0",
  "minecraft:entity": {
    "description": {
      "identifier": "bullet:9mms",
      "is_spawnable": false,
      "is_summonable": true,
      "is_experimental": false,
      "runtime_identifier": "minecraft:snowball"
    },
    "components": {
      "minecraft:collision_box": {
        "width": 0.1,
        "height": 0.1
      },
      "minecraft:explode": {
        "fuseLength": 2,
        "fuseLit": true,
        "power": 0,
        "causesFire": false
      },
      "minecraft:projectile": {
        "onHit": {
          "impact_damage": {
            "damage": 7.5,
            "knockback": true,
            "semi_random_diff_damage": false,
            "destroy_on_hit": true
          },
          "remove_on_hit": {}
        },
        "power": 18,
        "gravity": 0.02,
        "hitSound": "bow.hit",
        "uncertaintyBase": 1.5,
        "uncertaintyMultiplier": 0.5,
        "angleoffset": 0.0
      },
      "minecraft:physics": {}
    }
  }
}