{
	"format_version": "1.10.0",
	"animation_controllers": {
		"controller.animation.gate_c.general": {
			"initial_state": "moving",
			"states": {
				"moving": {
					"variables": {
						"move_speed": {
							"input": "query.modified_move_speed",
							"remap_curve": {
								"0": 0,
								"1": 1
							}
						},
						"is_idling": {
							"input": "query.modified_move_speed",
							"remap_curve": {
								"0": 1,
								"1": 0
							}
						}
					},
					"blend_transition": 0.1,
					"animations": [
						{
							"moving": "variable.move_speed"
						},
						{
							"gate_c_general": "variable.is_idling"
						}
					],
					"transitions": [
						{
							"running": "query.ground_speed >= 4.0 && query.is_on_ground"
						},
						{
							"climbing": "query.is_wall_climbing"
						}
					]
				},
				"running": {
					"animations": [
						"running"
					],
					"transitions": [
						{
							"moving": "query.ground_speed <= 4.0 && query.is_on_ground"
						}
					],
					"blend_transition": 0.1
				},
				"falling": {
					"animations": [
						"falling"
					],
					"transitions": [
						{
							"moving": "query.is_on_ground"
						}
					],
					"blend_transition": 0.5
				},
				"climbing": {
					"animations": [
						"climbing"
					],
					"transitions": [
						{
							"moving": "!query.is_wall_climbing"
						}
					],
					"blend_transition": 0.5
				}
			}
		},
		"controller.animation.huggy_wuggy_d.attack": {
			"states": {
				"default": {
					"transitions": [
						{
							"attack1": "variable.attack_time > 0"
						}
					],
					"blend_transition": 0.1
				},
				"attack1": {
					"animations": [
						"attack"
					],
					"transitions": [
						{
							"default": "query.all_animations_finished"
						}
					],
					"blend_transition": 0.1
				},
				"attack2": {
					"animations": [
						"attack2"
					],
					"transitions": [
						{
							"default": "query.all_animations_finished"
						}
					],
					"blend_transition": 0.1
				}
			}
		},
		"controller.animation.huggy_wuggy_d.looking_at": {
			"states": {
				"default": {
					"animations": [
						"looking"
					]
				}
			}
		}
	}
}