{
  "format_version": "1.10.0",
  "animation_controllers": {
    "controller.animation.gunshoot": {
      "initial_state": "setup",
      "states": {
        "setup": {
          "transitions": [
            {
              "m14shoot": "query.get_equipped_item_name=='m14' && query.is_using_item"
              },
            {
              "mssrshoot": "query.get_equipped_item_name=='mssr' && query.is_using_item"
              },
            {
              "m3shoot": "query.get_equipped_item_name=='m3' && query.is_using_item"
              },
            {
              "r4a3shoot": "query.get_equipped_item_name=='r4a3' && query.is_using_item"
              },
            {
              "glock17shoot": "query.get_equipped_item_name=='glock17' && query.is_using_item"
              },
            {
              "m1911shoot": "query.get_equipped_item_name=='m1911' && query.is_using_item"
              },
            {
              "m16a1shoot": "query.get_equipped_item_name=='m16a1' && query.is_using_item"
              },
            {
              "k3shoot": "query.get_equipped_item_name=='k3' && query.is_using_item"
            }
          ]
        },
        "m14shoot": {
          "transitions": [
            {
              "setup": "(1.0)"
            }
          ],
          "on_entry": [
            "/playanimation @s animation.m14.shoot shoot
"
          ]
        },
        "mssrshoot": {
          "transitions": [
            {
              "setup": "(1.0)"
            }
          ],
          "on_entry": [
            "/playanimation @s animation.mssr.shoot shoot
"
          ]
        },
        "m3shoot": {
          "transitions": [
            {
              "setup": "(1.0)"
            }
          ],
          "on_entry": [
            "/playanimation @s animation.m3.shoot shoot
"
          ]
        },
        "glock17shoot": {
          "transitions": [
            {
              "setup": "(1.0)"
            }
          ],
          "on_entry": [
            "/playanimation @s animation.glock17.shoot shoot
"
          ]
        },
        "m1911shoot": {
          "transitions": [
            {
              "setup": "(1.0)"
            }
          ],
          "on_entry": [
            "/playanimation @s animation.m1911.shoot shoot
"
          ]
        },
        "r4a3shoot": {
          "transitions": [
            {
              "setup": "(1.0)"
            }
          ],
          "on_entry": [
            "/playanimation @s animation.r4a3.shoot shoot
"
          ]
        },
        "m16a1shoot": {
          "transitions": [
            {
              "setup": "(1.0)"
            }
          ],
          "on_entry": [
            "/playanimation @s animation.m16a1.shoot shoot
"
          ]
        },
        "k3shoot": {
          "transitions": [
            {
              "setup": "(1.0)"
            }
          ],
          "on_entry": [
            "/playanimation @s animation.k3.shoot shoot
"
          ]
        }
      }
    }
  }
}