{
  "format_version": "1.10.0",
  "animation_controllers": {
    "controller.animation.recoil": {
      "initial_state": "setup",
      "states": {
        "setup": {
          "transitions": [
            {
              "r4a3shoot": "query.get_equipped_item_name=='r4a3' && query.is_using_item"
            },
            {
              "m14shoot": "query.get_equipped_item_name=='m14' && query.is_using_item"
            },
            {
              "mssrshoot": "query.get_equipped_item_name=='mssr' && query.is_using_item"
            },
            {
              "m3shoot": "query.get_equipped_item_name=='m3' && query.is_using_item"
            },
            {
              "m16a1shoot": "query.get_equipped_item_name=='m16a1' && query.is_using_item"    
            },
            {
              "k3shoot": "query.get_equipped_item_name=='k3' && query.is_using_item"
            },
            {
              "glock17shoot": "query.get_equipped_item_name=='glock17' && query.is_using_item"
            },
            {
              "m1911shoot": "query.get_equipped_item_name=='m1911' && query.is_using_item"
            }
          ]
        },
        "m14shoot": {
          "transitions": [
            {
              "setup": "(1.0)"
            }
          ],
          "on_entry": [
            "/camerashake add @s[r=0.5] 0.3 0.08 rotational",
            "/playsound guns.m14 @a[r=100] ~ ~ ~ 2 0.85",
            "/playsound casing.762x51 @a[r=8] ~ ~ ~"
          ]
        },
        "mssrshoot": {
          "transitions": [
            {
              "setup": "(1.0)"
            }
          ],
          "on_entry": [
            "/camerashake add @s[r=0.5] 0.15 0.04 rotational",
            "/playsound guns.mssr @a[r=100] ~ ~ ~ 2 0.85",
            "/playsound casing.556 @a[r=8] ~ ~ ~ 1 1"
          ]
        },
        "m3shoot": {
          "transitions": [
            {
              "setup": "(1.0)"
            }
          ],
          "on_entry": [
            "/camerashake add @s[r=0.5] 0.17 0.06 rotational",
            "/playsound guns.m3 @a[r=100] ~ ~ ~ 2 0.75",
            "/playsound casing.9mm @a[r=8] ~ ~ ~ 1 0.9"
          ]
        },
        "glock17shoot": {
          "transitions": [
            {
              "setup": "(1.0)"
            }
          ],
          "on_entry": [
            "/camerashake add @s[r=0.5] 0.15 0.06 rotational",
            "/playsound guns.glock17 @a[r=80] ~ ~ ~ 1 0.95",
            "/playsound casing.9mm @a[r=8] ~ ~ ~"
          ]
        },
        "m1911shoot": {
          "transitions": [
            {
              "setup": "(1.0)"
            }
          ],
          "on_entry": [
            "/camerashake add @s[r=0.5] 0.2 0.08 rotational",
            "/playsound guns.m1911 @a[r=80] ~ ~ ~",
            "/playsound casing.9mm @a[r=8] ~ ~ ~ 1 0.9"
          ]
        },
        "m16a1shoot": {
          "transitions": [
            {
              "setup": "(1.0)"
            }
          ],
          "on_entry": [
            "/camerashake add @s[r=0.5] 0.15 0.04 rotational",
            "/playsound guns.m16a1 @a[r=100] ~ ~ ~"
          ]
        },
        "k3shoot": {
          "transitions": [
            {
              "setup": "(1.0)"
            }
          ],
          "on_entry": [
            "/camerashake add @s[r=0.5] 0.18 0.04 rotational",
            "/playsound guns.k3 @a[r=100] ~ ~ ~"
          ]
        },
        "r4a3shoot": {
          "transitions": [
            {
              "setup": "(1.0)"
            }
          ],
          "on_entry": [
            "/camerashake add @s[r=0.5] 0.15 0.04 rotational",
            "/playsound guns.r4a3 @a[r=100] ~ ~ ~"
          ]
        }
      }
    }
  }
}