{
  "format_version":"1.16.100",
  "animation_controllers":{
    "controller.animation.hokinsu":{
      "states":{
        "default":{
          "transitions":[
            {"1":"(1.0)"}
          ]
        },
        "1":{
          "transitions":[
            {"2":"(1.0)"}
          ],
          "on_entry":[
            "/summon op_asa:hokinsu_buka ~2~~ true",
            "/summon op_asa:hokinsu_buka ~-2~~ true",
            "/summon op_asa:hokinsu_buka ~~~2 true",
            "/summon op_asa:hokinsu_buka ~~~-2 true",
            "/summon op_asa:hokinsu_buka ~~~4 true"
          ]
        },
        "2":{
          "transitions":[
            {"k":"query.variant == 27000 || query.variant == 270"},
            {"196":"query.health <= 196"}
          ],
          "on_entry":[
            "/tag @e[type=op_asa:hokinsu_buka] add hokinsu"
          ]
        },
        "196":{
          "transitions":[
            {"k":"query.variant == 27000 || query.variant == 270"},
            {"172":"query.health <= 172"}
          ],
          "on_entry":[
            "/kill @e[type=op_asa:hokinsu_buka,c=1]"
          ]
        },
        "172":{
          "transitions":[
            {"k":"query.variant == 27000 || query.variant == 270"},
            {"148":"query.health <= 148"}
          ],
          "on_entry":[
            "/kill @e[type=op_asa:hokinsu_buka,c=1]"
          ]
        },
        "148":{
          "transitions":[
            {"k":"query.variant == 27000 || query.variant == 270"},
            {"124":"query.health <= 124"}
          ],
          "on_entry":[
            "/kill @e[type=op_asa:hokinsu_buka,c=1]"
          ]
        },
        "124":{
          "transitions":[
            {"k":"query.variant == 27000 || query.variant == 270"},
            {"100":"query.health <= 100"}
          ],
          "on_entry":[
            "/kill @e[type=op_asa:hokinsu_buka,c=1]"
          ]
        },
        "100":{
          "transitions":[
            {"k":"query.variant == 27000 || query.variant == 270"}
          ],
          "on_entry":[
            "/kill @e[type=op_asa:hokinsu_buka,c=1]"
          ]
        },
        "k":{
          "on_entry":[
            "/effect @s instant_damage 1 4 true"
          ]
        }
      }
    }
  }
}