
{
	"format_version" : "1.10.0",
	"animation_controllers" : {
				"controller.animation.grabpack_jn": {
					"initial_state": "default",
					"states": {
					  "default": {
						"animations": [
							"retract",
							{
								"fp": "c.is_first_person"
							   }
					],
						"transitions": [{
												"throw": "query.is_using_item"
											}
						],
						"blend_transition": 0.2
					  },
					  "throw": {
						"animations": [
							"throw",
							{
								"fp": "c.is_first_person"
							   }
						],
						"transitions": [{
								"default": "!query.is_using_item"
						}
						],
						"blend_transition": 0.2          
					}
				
								  }
								}
			}
		}