{
  "format_version": "1.12",
  "minecraft:recipe_shaped": {
    "description": {
      "identifier": "armor_parasite_c12a9427"
    },
    "tags": [
      "crafting_table"
    ],
    "pattern": [
      "A B",
      "CDE",
      "FGH"
    ],
    "key": {
      "A": {
        "item": "srp:longarm_armor_fragment",
        "data": 0
      },
      "B": {
        "item": "srp:longarm_armor_fragment",
        "data": 0
      },
      "C": {
        "item": "srp:longarm_armor_fragment",
        "data": 0
      },
      "D": {
        "item": "srp:longarm_armor_fragment",
        "data": 0
      },
      "E": {
        "item": "srp:longarm_armor_fragment",
        "data": 0
      },
      "F": {
        "item": "srp:longarm_armor_fragment",
        "data": 0
      },
      "G": {
        "item": "srp:longarm_armor_fragment",
        "data": 0
      },
      "H": {
        "item": "srp:longarm_armor_fragment",
        "data": 0
      }
    },
    "result": {
      "item": "armor:armor_parasite",
      "count": 1
    }
  }
}or:armor_parasite",
      "count": 1
    }
  }
}