{
	"format_version": "1.8.0",
	"animations": {
		"animation.item.electrogun": {
			"loop": true,
			"bones": {
				"rightItem": {
					"position": [0, -800, 0]
				},
				"rightArm": {
					"rotation": ["variable.is_first_person?-10:0", "variable.is_first_person?60:0", "variable.is_first_person?60:0"],
					"position": ["variable.is_first_person?0:0", "variable.is_first_person?9:0", "variable.is_first_person?-10:0"]
				},
				"leftArm": {
					"rotation": ["variable.is_first_person?90:0", "variable.is_first_person?-5:0", "variable.is_first_person?180:0"],
					"position": ["variable.is_first_person?-3.3:0", "variable.is_first_person?0:0", "variable.is_first_person?6:0"]
				},
				"gun": {
					"rotation": ["variable.is_first_person?0:0", "variable.is_first_person?0:0", "variable.is_first_person?7.5:0"],
					"position": ["variable.is_first_person?0:0", "variable.is_first_person?5:0", "variable.is_first_person?0.5:0"],
					"scale": ["variable.is_first_person?0.3:0", "variable.is_first_person?0.30:0", "variable.is_first_person?0.3:0"]
				}
			}
		},
		"animation.item.electrogun_sprint": {
			"loop": true,
			"bones": {
				"rightItem": {
					"position": [0, -800, 0]
				},
				"rightArm": {
					"rotation": ["variable.is_first_person?0:0", "variable.is_first_person?0:0", "variable.is_first_person?0:0"],
					"position": ["variable.is_first_person?-3:0", "variable.is_first_person?-2:0", "variable.is_first_person?-4:0"]
				},
				"leftArm": {
					"rotation": ["variable.is_first_person?0:0", "variable.is_first_person?0:0", "variable.is_first_person?0:0"],
					"position": ["variable.is_first_person?-5:0", "variable.is_first_person?-2:0", "variable.is_first_person?-4:0"]
				},
				"gun": {
					"rotation": ["variable.is_first_person?0:0", "variable.is_first_person?0:0", "variable.is_first_person?-60:0"],
					"position": ["variable.is_first_person?22:0", "variable.is_first_person?10:0", "variable.is_first_person?0:0"]
				}
			}
		},
		"animation.item.electrogunscope": {
			"loop": true,
			"bones": {
				"rightItem": {
					"position": [0, -800, 0]
				},
				"rightArm": {
					"rotation": ["variable.is_first_person?0:0", "variable.is_first_person?0:0", "variable.is_first_person?0:0"],
					"position": ["variable.is_first_person?-4:0", "variable.is_first_person?-1:0", "variable.is_first_person?0:0"]
				},
				"leftArm": {
					"rotation": ["variable.is_first_person?0:0", "variable.is_first_person?-5:0", "variable.is_first_person?0:0"],
					"position": ["variable.is_first_person?-3:0", "variable.is_first_person?-1:0", "variable.is_first_person?0:0"]
				},
				"gun": {
					"rotation": ["0.0628+variable.is_first_person?2:0", "-14.9036+variable.is_first_person?0:0", "-3.0219+variable.is_first_person?11.2:0"],
					"position": ["variable.is_first_person?-5.2:0", "variable.is_first_person?4:0", "variable.is_first_person?-0.5:0"]
				}
			}
		}
	}
}