{
	"format_version": "1.8.0",
	"animations": {
		"animation.item.hands": {
			"loop": true,
			"bones": {
				"leftarm" : {
					"rotation" : [ "query.target_x_rotation - 90.0 - math.sin(query.life_time * 76.8) * 2.865 - this", "query.target_y_rotation + 28.65", "-(math.cos(query.life_time * 103.2) * 2.865) - 2.865" ]
				},
				"rightarm" : {
					"rotation" : [ "query.target_x_rotation - 90.0 + math.sin(query.life_time * 76.8) * 2.865 - this", "query.target_y_rotation - 5.73", "(math.cos(query.life_time * 103.2) * 2.865) + 2.865" ]
				},
				"gun" : {
					"scale" : 0.3
				},
				"rightItem" : {
					"scale" : 0.0
				},
				"nvg" : {
					"scale" : 0.0
				},
				"gun_test" : {
					"scale" : 0.45
				}
			}
		},
		"animation.item.awm3m": {
			"loop": true,
			"bones": {
				"gun" : {
					"scale" : 0.8
				}
			}
		},
		"animation.item.doom3m": {
			"loop": true,
			"bones": {
				"gun" : {
					"scale" : 0.5
				}
			}
		},
		"animation.item.mg903m": {
			"loop": true,
			"bones": {
				"gun_test" : {
					"scale" : 0.45
				}
			}
		}
	}
}