{
    "format_version": "1.8.0",
    "animations": {
        "animation.human.stunned": {
            "animation_length": 2.5,
            "bones": {
                "body": {
                    "position": {
                        "0.0": [
                            0,
                            -10,
                            0
                        ],
                        "2.5": [
                            0,
                            -10,
                            0
                        ]
                    }
                },
                "leftArm": {
                    "rotation": {
                        "0.0": [
                            7.5,
                            0,
                            5
                        ],
                        "2.5": [
                            7.5,
                            0,
                            5
                        ]
                    }
                },
                "rightArm": {
                    "rotation": {
                        "0.0": [
                            -2.5,
                            0,
                            0
                        ],
                        "2.5": [
                            -2.5,
                            0,
                            0
                        ]
                    }
                },
                "leftLeg": {
                    "rotation": {
                        "0.0": [
                            -87.46148,
                            9.99038,
                            0.44067
                        ],
                        "2.5": [
                            -87.46,
                            9.99,
                            0.44
                        ]
                    }
                },
                "rightLeg": {
                    "rotation": {
                        "0.0": [
                            -87.41193,
                            -14.98539,
                            -0.66963
                        ],
                        "2.5": [
                            -87.41,
                            -14.99,
                            -0.67
                        ]
                    }
                }
            }
        }
    }
}