{
	"format_version": "1.8.0",
	"animations": {
		"animation.rod_2.0.walk_smooth": {
			"loop": true,
			"animation_length": 2,
			"bones": {
				"rod_main": {
					"rotation": {
						"0.0": {
							"post": [0, -1.5, -1],
							"lerp_mode": "catmullrom"
						},
						"0.5": {
							"post": [0, 0, 0],
							"lerp_mode": "catmullrom"
						},
						"1.0": {
							"post": [0, 1.5, 1],
							"lerp_mode": "catmullrom"
						},
						"1.5": {
							"post": [0, 0, 0],
							"lerp_mode": "catmullrom"
						},
						"2.0": {
							"post": [0, -1.5, -1],
							"lerp_mode": "catmullrom"
						}
					},
					"position": {
						"0.0": {
							"post": [0, -5, 0],
							"lerp_mode": "catmullrom"
						},
						"0.25": {
							"post": [0, 0, 0],
							"lerp_mode": "catmullrom"
						},
						"0.5": {
							"post": [0, 0, 0],
							"lerp_mode": "catmullrom"
						},
						"0.75": {
							"post": [0, 0, 0],
							"lerp_mode": "catmullrom"
						},
						"1.0": {
							"post": [0, -5, 0],
							"lerp_mode": "catmullrom"
						},
						"1.25": {
							"post": [0, 0, 0],
							"lerp_mode": "catmullrom"
						},
						"1.5": {
							"post": [0, 0, 0],
							"lerp_mode": "catmullrom"
						},
						"1.75": {
							"post": [0, 0, 0],
							"lerp_mode": "catmullrom"
						},
						"2.0": {
							"post": [0, -5, 0],
							"lerp_mode": "catmullrom"
						}
					}
				},
				"head_structure": {
					"rotation": {
						"0.0": {
							"post": [0, 5, -2.5],
							"lerp_mode": "catmullrom"
						},
						"0.5": {
							"post": [0, 0, 0],
							"lerp_mode": "catmullrom"
						},
						"1.0": {
							"post": [0, -5, 5],
							"lerp_mode": "catmullrom"
						},
						"1.5": {
							"post": [0, 0, 0],
							"lerp_mode": "catmullrom"
						},
						"2.0": {
							"post": [0, 5, -2.5],
							"lerp_mode": "catmullrom"
						}
					}
				},
				"rightArm": {
					"rotation": {
						"0.0": {
							"post": [-15, 0, 0],
							"lerp_mode": "catmullrom"
						},
						"1.0": {
							"post": [20, 0, 0],
							"lerp_mode": "catmullrom"
						},
						"2.0": {
							"post": [-15, 0, 0],
							"lerp_mode": "catmullrom"
						}
					}
				},
				"limb5": {
					"rotation": {
						"0.0": {
							"post": [0, 0, 0],
							"lerp_mode": "catmullrom"
						},
						"1.0": {
							"post": [-1.03509, -22.47741, 2.70569],
							"lerp_mode": "catmullrom"
						},
						"2.0": {
							"post": [0, 0, 0],
							"lerp_mode": "catmullrom"
						}
					}
				},
				"limb6": {
					"rotation": {
						"0.0": {
							"post": [0, 0, 0],
							"lerp_mode": "catmullrom"
						},
						"1.0": {
							"post": [27.22644, -22.52101, -11.14843],
							"lerp_mode": "catmullrom"
						},
						"1.25": {
							"post": [25.81436, -18.14136, -8.56521],
							"lerp_mode": "catmullrom"
						},
						"2.0": {
							"post": [0, 0, 0],
							"lerp_mode": "catmullrom"
						}
					}
				},
				"leftArm": {
					"rotation": {
						"0.0": {
							"post": [-15, 0, 0],
							"lerp_mode": "catmullrom"
						},
						"1.0": {
							"post": [15, 0, 0],
							"lerp_mode": "catmullrom"
						},
						"2.0": {
							"post": [-15, 0, 0],
							"lerp_mode": "catmullrom"
						}
					}
				},
				"limb3": {
					"rotation": {
						"0.0": {
							"post": [1.04, 22.48, -2.71],
							"lerp_mode": "catmullrom"
						},
						"1.0": {
							"post": [0, 0, 0],
							"lerp_mode": "catmullrom"
						},
						"2.0": {
							"post": [1.0351, 22.4774, -2.7057],
							"lerp_mode": "catmullrom"
						}
					}
				},
				"limb10": {
					"rotation": {
						"0.0": {
							"post": [-27.22644, 22.52101, -11.14843],
							"lerp_mode": "catmullrom"
						},
						"0.25": {
							"post": [-26.91378, 15.70324, -7.82306],
							"lerp_mode": "catmullrom"
						},
						"1.0": {
							"post": [0, 0, 0],
							"lerp_mode": "catmullrom"
						},
						"2.0": {
							"post": [-27.22644, 22.52101, -11.14843],
							"lerp_mode": "catmullrom"
						}
					}
				},
				"bone4": {
					"rotation": {
						"0.0": {
							"post": [-14.42372, -8.59479, -3.2519],
							"lerp_mode": "catmullrom"
						},
						"0.4167": {
							"post": [-2.5, 0, 0],
							"lerp_mode": "catmullrom"
						},
						"1.0": {
							"post": [-14.16683, 6.92147, 4.86839],
							"lerp_mode": "catmullrom"
						},
						"1.5": {
							"post": [-2.5, 0, 0],
							"lerp_mode": "catmullrom"
						},
						"2.0": {
							"post": [-14.42804, -8.59639, -3.24963],
							"lerp_mode": "catmullrom"
						}
					}
				},
				"rightLeg": {
					"rotation": {
						"0.0": {
							"post": [-15, 0, 0],
							"lerp_mode": "catmullrom"
						},
						"1.0": {
							"post": [12.5, 0, 0],
							"lerp_mode": "catmullrom"
						},
						"2.0": {
							"post": [-15, 0, 0],
							"lerp_mode": "catmullrom"
						}
					}
				},
				"bone9": {
					"rotation": {
						"0.0": {
							"post": [15, 0, 0],
							"lerp_mode": "catmullrom"
						},
						"1.0": {
							"post": [10, 0, 0],
							"lerp_mode": "catmullrom"
						},
						"1.75": {
							"post": [0, 0, 0],
							"lerp_mode": "catmullrom"
						},
						"2.0": {
							"post": [15, 0, 0],
							"lerp_mode": "catmullrom"
						}
					}
				},
				"leftLeg": {
					"rotation": {
						"0.0": {
							"post": [12.5, 0, 0],
							"lerp_mode": "catmullrom"
						},
						"1.0": {
							"post": [-15, 0, 0],
							"lerp_mode": "catmullrom"
						},
						"2.0": {
							"post": [12.5, 0, 0],
							"lerp_mode": "catmullrom"
						}
					}
				},
				"bone11": {
					"rotation": {
						"0.0": {
							"post": [10, 0, 0],
							"lerp_mode": "catmullrom"
						},
						"0.75": {
							"post": [0, 0, 0],
							"lerp_mode": "catmullrom"
						},
						"1.0": {
							"post": [15, 0, 0],
							"lerp_mode": "catmullrom"
						},
						"2.0": {
							"post": [10, 0, 0],
							"lerp_mode": "catmullrom"
						}
					}
				},
				"shoes": {
					"rotation": {
						"0.0": {
							"post": [0, 0, 0],
							"lerp_mode": "catmullrom"
						},
						"0.5": {
							"post": [-7.5, 0, 0],
							"lerp_mode": "catmullrom"
						},
						"1.0": {
							"post": [-10, 0, 0],
							"lerp_mode": "catmullrom"
						},
						"1.7917": {
							"post": [-12.4, 0, 0],
							"lerp_mode": "catmullrom"
						},
						"2.0": {
							"post": [0, 0, 0],
							"lerp_mode": "catmullrom"
						}
					},
					"position": {
						"0.0": {
							"post": [0, 0, 0],
							"lerp_mode": "catmullrom"
						},
						"0.5": {
							"post": [0, -2, 0],
							"lerp_mode": "catmullrom"
						},
						"1.0": {
							"post": [0, 0, 0],
							"lerp_mode": "catmullrom"
						}
					}
				},
				"shoes2": {
					"rotation": {
						"0.0": {
							"post": [-12.5, 0, 0],
							"lerp_mode": "catmullrom"
						},
						"0.7917": {
							"post": [-12.5, 0, 0],
							"lerp_mode": "catmullrom"
						},
						"1.0": {
							"post": [0, 0, 0],
							"lerp_mode": "catmullrom"
						},
						"2.0": {
							"post": [-12.5, 0, 0],
							"lerp_mode": "catmullrom"
						}
					},
					"position": {
						"1.0": {
							"post": [0, 0, 0],
							"lerp_mode": "catmullrom"
						},
						"1.5": {
							"post": [0, -2, 0],
							"lerp_mode": "catmullrom"
						},
						"2.0": {
							"post": [0, 0, 0],
							"lerp_mode": "catmullrom"
						}
					}
				}
			}
		},
		"animation.rod_2.0.run_smooth": {
			"loop": true,
			"animation_length": 1,
			"bones": {
				"rod_main": {
					"rotation": {
						"0.0": {
							"post": [0, 0, -1.5],
							"lerp_mode": "catmullrom"
						},
						"0.25": {
							"post": [0, 0, 0],
							"lerp_mode": "catmullrom"
						},
						"0.5": {
							"post": [0, 0, 1.5],
							"lerp_mode": "catmullrom"
						},
						"0.75": {
							"post": [0, 0, 0],
							"lerp_mode": "catmullrom"
						},
						"1.0": {
							"post": [0, 0, -1.5],
							"lerp_mode": "catmullrom"
						}
					},
					"position": {
						"0.0": {
							"post": [0, -16, 0],
							"lerp_mode": "catmullrom"
						},
						"0.0833": {
							"post": [0, 0, 0],
							"lerp_mode": "catmullrom"
						},
						"0.25": {
							"post": [0, 25, 0],
							"lerp_mode": "catmullrom"
						},
						"0.375": {
							"post": [0, 0, 0],
							"lerp_mode": "catmullrom"
						},
						"0.5": {
							"post": [0, -16, 0],
							"lerp_mode": "catmullrom"
						},
						"0.625": {
							"post": [0, 0, 0],
							"lerp_mode": "catmullrom"
						},
						"0.75": {
							"post": [0, 25, 0],
							"lerp_mode": "catmullrom"
						},
						"0.875": {
							"post": [0, 0, 0],
							"lerp_mode": "catmullrom"
						},
						"1.0": {
							"post": [0, -16, 0],
							"lerp_mode": "catmullrom"
						}
					}
				},
				"upper": {
					"rotation": {
						"0.0": {
							"post": [10, 0, 0],
							"lerp_mode": "catmullrom"
						},
						"0.25": {
							"post": [2.5, 0, 0],
							"lerp_mode": "catmullrom"
						},
						"0.5": {
							"post": [10, 0, 0],
							"lerp_mode": "catmullrom"
						},
						"0.75": {
							"post": [2.5, 0, 0],
							"lerp_mode": "catmullrom"
						},
						"1.0": {
							"post": [10, 0, 0],
							"lerp_mode": "catmullrom"
						}
					}
				},
				"head_structure": {
					"rotation": {
						"0.0": {
							"post": [14.94548, -1.29256, 4.83045],
							"lerp_mode": "catmullrom"
						},
						"0.125": {
							"post": [16.53865, -0.72707, 2.71713],
							"lerp_mode": "catmullrom"
						},
						"0.2917": {
							"post": [0, 0, 0],
							"lerp_mode": "catmullrom"
						},
						"0.5": {
							"post": [14.94548, 1.29256, -4.83045],
							"lerp_mode": "catmullrom"
						},
						"0.625": {
							"post": [17.47274, 0.80785, -3.01903],
							"lerp_mode": "catmullrom"
						},
						"0.7917": {
							"post": [0, 0, 0],
							"lerp_mode": "catmullrom"
						},
						"1.0": {
							"post": [14.94548, -1.29256, 4.83045],
							"lerp_mode": "catmullrom"
						}
					}
				},
				"rightArm": {
					"rotation": {
						"0.0": {
							"post": [-55, 0, 0],
							"lerp_mode": "catmullrom"
						},
						"0.5": {
							"post": [55, 0, 0],
							"lerp_mode": "catmullrom"
						},
						"0.6667": {
							"post": [35.55556, 0, 0],
							"lerp_mode": "catmullrom"
						},
						"1.0": {
							"post": [-55, 0, 0],
							"lerp_mode": "catmullrom"
						}
					}
				},
				"limb6": {
					"rotation": {
						"0.0": {
							"post": [12.5, 0, 0],
							"lerp_mode": "catmullrom"
						},
						"0.5": {
							"post": [60, 0, 0],
							"lerp_mode": "catmullrom"
						},
						"0.75": {
							"post": [46, 0, 0],
							"lerp_mode": "catmullrom"
						},
						"1.0": {
							"post": [12.5, 0, 0],
							"lerp_mode": "catmullrom"
						}
					}
				},
				"leftArm": {
					"rotation": {
						"0.0": {
							"post": [-30, 0, 0],
							"lerp_mode": "catmullrom"
						},
						"0.1667": {
							"post": [-11.66667, 0, 0],
							"lerp_mode": "catmullrom"
						},
						"0.5": {
							"post": [55, 0, 0],
							"lerp_mode": "catmullrom"
						},
						"1.0": {
							"post": [-30, 0, 0],
							"lerp_mode": "catmullrom"
						}
					}
				},
				"limb10": {
					"rotation": {
						"0.0": {
							"post": [-60, 0, 0],
							"lerp_mode": "catmullrom"
						},
						"0.25": {
							"post": [-46, 0, 0],
							"lerp_mode": "catmullrom"
						},
						"0.5": {
							"post": [-15, 0, 0],
							"lerp_mode": "catmullrom"
						},
						"1.0": {
							"post": [-60, 0, 0],
							"lerp_mode": "catmullrom"
						}
					}
				},
				"bone4": {
					"rotation": {
						"0.0": {
							"post": [-53.15, -14.08, 5.24],
							"lerp_mode": "catmullrom"
						},
						"0.25": {
							"post": [-7.5, 0, 0],
							"lerp_mode": "catmullrom"
						},
						"0.5": {
							"post": [-55.71088, 13.83447, -5.85463],
							"lerp_mode": "catmullrom"
						},
						"0.75": {
							"post": [-7.5, 0, 0],
							"lerp_mode": "catmullrom"
						},
						"1.0": {
							"post": [-53.1469, -14.0761, 5.23619],
							"lerp_mode": "catmullrom"
						}
					},
					"position": {
						"0.0": {
							"post": [0, 11.33, -4],
							"lerp_mode": "catmullrom"
						},
						"0.25": {
							"post": [0, 0, 0],
							"lerp_mode": "catmullrom"
						},
						"0.3333": {
							"post": [0, 1.07, -4.7],
							"lerp_mode": "catmullrom"
						},
						"0.4583": {
							"post": [0, 10.51, -1.06],
							"lerp_mode": "catmullrom"
						},
						"0.5": {
							"post": [0, 13, 0],
							"lerp_mode": "catmullrom"
						},
						"0.5417": {
							"post": [0, 11.43, -0.08],
							"lerp_mode": "catmullrom"
						},
						"0.6667": {
							"post": [0, 3.44, -4.75],
							"lerp_mode": "catmullrom"
						},
						"0.7083": {
							"post": [0, 1.17, -2],
							"lerp_mode": "catmullrom"
						},
						"0.75": {
							"post": [0, 0, 0],
							"lerp_mode": "catmullrom"
						},
						"0.9583": {
							"post": [0, 9.26, 0.02],
							"lerp_mode": "catmullrom"
						},
						"1.0": {
							"post": [0, 12, 0],
							"lerp_mode": "catmullrom"
						}
					}
				},
				"rightLeg": {
					"rotation": {
						"0.0": {
							"post": [-35, 0, 0],
							"lerp_mode": "catmullrom"
						},
						"0.5": {
							"post": [35, 0, 0],
							"lerp_mode": "catmullrom"
						},
						"1.0": {
							"post": [-35, 0, 0],
							"lerp_mode": "catmullrom"
						}
					}
				},
				"bone9": {
					"rotation": {
						"0.0": {
							"post": [15, 0, 0],
							"lerp_mode": "catmullrom"
						},
						"0.5": {
							"post": [55, 0, 0],
							"lerp_mode": "catmullrom"
						},
						"0.7917": {
							"post": [22.92, 0, 0],
							"lerp_mode": "catmullrom"
						},
						"1.0": {
							"post": [15, 0, 0],
							"lerp_mode": "catmullrom"
						}
					}
				},
				"leftLeg": {
					"rotation": {
						"0.0": {
							"post": [35, 0, 0],
							"lerp_mode": "catmullrom"
						},
						"0.5": {
							"post": [-35, 0, 0],
							"lerp_mode": "catmullrom"
						},
						"1.0": {
							"post": [35, 0, 0],
							"lerp_mode": "catmullrom"
						}
					}
				},
				"bone11": {
					"rotation": {
						"0.0": {
							"post": [55, 0, 0],
							"lerp_mode": "catmullrom"
						},
						"0.5": {
							"post": [15, 0, 0],
							"lerp_mode": "catmullrom"
						},
						"1.0": {
							"post": [55, 0, 0],
							"lerp_mode": "catmullrom"
						}
					}
				},
				"shoes": {
					"rotation": {
						"0.0": {
							"post": [20, 0, 0],
							"lerp_mode": "catmullrom"
						},
						"0.2083": {
							"post": [-2.70833, 0, 0],
							"lerp_mode": "catmullrom"
						},
						"0.25": {
							"post": [-4.82143, 0, 0],
							"lerp_mode": "catmullrom"
						},
						"0.5": {
							"post": [0, 0, 0],
							"lerp_mode": "catmullrom"
						},
						"0.875": {
							"post": [-12.5, 0, 0],
							"lerp_mode": "catmullrom"
						},
						"1.0": {
							"post": [20, 0, 0],
							"lerp_mode": "catmullrom"
						}
					},
					"position": {
						"0.0": {
							"post": [0, 2, 1],
							"lerp_mode": "catmullrom"
						},
						"0.125": {
							"post": [0, -7, 0],
							"lerp_mode": "catmullrom"
						},
						"0.5": {
							"post": [0, 0, 0],
							"lerp_mode": "catmullrom"
						},
						"1.0": {
							"post": [0, 3, 1],
							"lerp_mode": "catmullrom"
						}
					}
				},
				"shoes2": {
					"rotation": {
						"0.0": {
							"post": [0, 0, 0],
							"lerp_mode": "catmullrom"
						},
						"0.4167": {
							"post": [-12.5, 0, 0],
							"lerp_mode": "catmullrom"
						},
						"0.5": {
							"post": [20, 0, 0],
							"lerp_mode": "catmullrom"
						},
						"0.625": {
							"post": [5, 0, 0],
							"lerp_mode": "catmullrom"
						},
						"1.0": {
							"post": [0, 0, 0],
							"lerp_mode": "catmullrom"
						}
					},
					"position": {
						"0.375": {
							"post": [0, -2, 0],
							"lerp_mode": "catmullrom"
						},
						"0.4583": {
							"post": [0, 3, 0.67],
							"lerp_mode": "catmullrom"
						},
						"0.5": {
							"post": [0, 1, 1],
							"lerp_mode": "catmullrom"
						}
					}
				}
			}
		},
		"animation.rod_2.0.attack_smooth": {
			"animation_length": 3.08333,
			"bones": {
				"upper": {
					"rotation": {
						"0.0": {
							"post": [0, 0, 0],
							"lerp_mode": "catmullrom"
						},
						"0.2083": {
							"post": [7.5, 0, 0],
							"lerp_mode": "catmullrom"
						},
						"0.625": {
							"post": [7.5, 0, 0],
							"lerp_mode": "catmullrom"
						},
						"0.8333": {
							"post": [2.5, 0, 0],
							"lerp_mode": "catmullrom"
						},
						"1.0417": {
							"post": [10, 0, 0],
							"lerp_mode": "catmullrom"
						},
						"1.2917": {
							"post": [8.0283, 4.95712, 0.65426],
							"lerp_mode": "catmullrom"
						},
						"1.5417": {
							"post": [8.0071, -2.4786, -0.32652],
							"lerp_mode": "catmullrom"
						},
						"1.7917": {
							"post": [8.0071, 2.4786, 0.32652],
							"lerp_mode": "catmullrom"
						},
						"2.0417": {
							"post": [8.0071, -2.4786, -0.32652],
							"lerp_mode": "catmullrom"
						},
						"2.2917": {
							"post": [8.00521, 2.48848, 0.23977],
							"lerp_mode": "catmullrom"
						},
						"2.5417": {
							"post": [8.00521, -2.48848, -0.23977],
							"lerp_mode": "catmullrom"
						},
						"2.8333": {
							"post": [8, 0, 0],
							"lerp_mode": "catmullrom"
						},
						"3.0833": {
							"post": [0, 0, 0],
							"lerp_mode": "catmullrom"
						}
					}
				},
				"head_structure": {
					"rotation": {
						"0.0": {
							"post": [0, 0, 0],
							"lerp_mode": "catmullrom"
						},
						"0.2083": {
							"post": [-5, 0, 0],
							"lerp_mode": "catmullrom"
						},
						"0.4167": {
							"post": [19.91063, 2.30644, -4.43745],
							"lerp_mode": "catmullrom"
						},
						"0.8333": {
							"post": [-12.5, 0, 0],
							"lerp_mode": "catmullrom"
						},
						"1.0417": {
							"post": [10, 0, 0],
							"lerp_mode": "catmullrom"
						},
						"1.2917": {
							"post": [2.92351, 19.76056, 2.92738],
							"lerp_mode": "catmullrom"
						},
						"1.5417": {
							"post": [5.49203, -19.74458, -3.15825],
							"lerp_mode": "catmullrom"
						},
						"1.7917": {
							"post": [2.92351, 19.76056, 2.92738],
							"lerp_mode": "catmullrom"
						},
						"2.0417": {
							"post": [5.49203, -19.74458, -3.15825],
							"lerp_mode": "catmullrom"
						},
						"2.2917": {
							"post": [2.92351, 19.76056, 2.92738],
							"lerp_mode": "catmullrom"
						},
						"2.5417": {
							"post": [5.3191, -19.92066, -1.81693],
							"lerp_mode": "catmullrom"
						},
						"2.8333": {
							"post": [5, 0, 0],
							"lerp_mode": "catmullrom"
						},
						"3.0833": {
							"post": [0, 0, 0],
							"lerp_mode": "catmullrom"
						}
					}
				},
				"rightArm": {
					"rotation": {
						"0.0": {
							"post": [0, 0, 0],
							"lerp_mode": "catmullrom"
						},
						"0.2083": {
							"post": [100.62758, 0, -3.61644],
							"lerp_mode": "catmullrom"
						},
						"0.4167": {
							"post": [69.796, 7.49878, -0.96258],
							"lerp_mode": "catmullrom"
						},
						"2.8333": {
							"post": [70.02375, 2.77277, 0.75085],
							"lerp_mode": "catmullrom"
						},
						"3.0833": {
							"post": [0, 0, 0],
							"lerp_mode": "catmullrom"
						}
					}
				},
				"leftArm": {
					"rotation": {
						"0.0": {
							"post": [0, 0, 0],
							"lerp_mode": "catmullrom"
						},
						"0.2083": {
							"post": [-100.47479, 0, 3.13388],
							"lerp_mode": "catmullrom"
						},
						"0.4167": {
							"post": [-67.5, 0, 0],
							"lerp_mode": "catmullrom"
						},
						"2.8333": {
							"post": [-67.46827, 0.32271, -1.06104],
							"lerp_mode": "catmullrom"
						},
						"3.0833": {
							"post": [0, 0, 0],
							"lerp_mode": "catmullrom"
						}
					}
				},
				"bone4": {
					"rotation": {
						"0.0": {
							"post": [0, 0, 0],
							"lerp_mode": "catmullrom"
						},
						"0.2083": {
							"post": [-5, 0, 0],
							"lerp_mode": "catmullrom"
						},
						"0.4167": {
							"post": [-7.5, 0, 0],
							"lerp_mode": "catmullrom"
						},
						"0.8333": {
							"post": [-2.5, 0, 0],
							"lerp_mode": "catmullrom"
						},
						"1.0417": {
							"post": [-10, 0, 0],
							"lerp_mode": "catmullrom"
						},
						"2.8333": {
							"post": [-10.17739, 0.77062, -0.49622],
							"lerp_mode": "catmullrom"
						},
						"3.0833": {
							"post": [0, 0, 0],
							"lerp_mode": "catmullrom"
						}
					}
				}
			}
		},
		"animation.rod_2.0.idle_linear": {
			"loop": true,
			"animation_length": 10.5,
			"bones": {
				"upper": {
					"rotation": {
						"0.0": {
							"post": [0, 0, 0],
							"lerp_mode": "catmullrom"
						},
						"0.2083": {
							"post": [0, 7.5, 0],
							"lerp_mode": "catmullrom"
						},
						"0.75": {
							"post": [0, 7.5, 0],
							"lerp_mode": "catmullrom"
						},
						"1.125": {
							"post": [0, -27.5, 0],
							"lerp_mode": "catmullrom"
						},
						"1.625": {
							"post": [0, -27.5, 0],
							"lerp_mode": "catmullrom"
						},
						"1.9583": {
							"post": [0, 0, 0],
							"lerp_mode": "catmullrom"
						}
					}
				},
				"head_structure": {
					"rotation": {
						"0.0": [0, 0, 0],
						"0.2083": [-2.5, 45, 0],
						"0.75": [-2.5, 45, 0],
						"1.125": [2.50238, -44.94549, 3.53329],
						"1.625": [2.5, -44.95, 3.53],
						"2.0": [0, 0, 0],
						"2.5": [1, 0, 0],
						"3.0": [0, 0, 0],
						"3.5": [1, 0.5, 0],
						"4.0": [0, 0, 0],
						"4.5": [-1, 1, 0],
						"5.0": [0, 0.5, 0],
						"5.5": [1, 0, 0],
						"6.0": [2, 0, 0],
						"6.5": [1.2, 0, 0.5],
						"7.0": [0, 0, 0],
						"7.5": [1.5, 0.5, 0.5],
						"8.0": [0, 0, 0.8],
						"8.5": [1, -1, 0],
						"9.0": [1.5, 0, 0],
						"9.5": [1, 0, 0],
						"10.0": [0, -2, 0],
						"10.5": [0, 0, 0]
					}
				},
				"rightArm": {
					"rotation": {
						"0.0": {
							"post": [0, 0, 0],
							"lerp_mode": "catmullrom"
						},
						"0.2083": {
							"post": [0, 0, 0],
							"lerp_mode": "catmullrom"
						},
						"1.625": {
							"post": [0, 0, 0],
							"lerp_mode": "catmullrom"
						},
						"2.0": {
							"post": [0, 0, 0],
							"lerp_mode": "catmullrom"
						},
						"2.5": {
							"post": [-1, 0, 0],
							"lerp_mode": "catmullrom"
						},
						"3.0417": {
							"post": [0, 0, 0],
							"lerp_mode": "catmullrom"
						},
						"3.5": {
							"post": [-1, 0, 0],
							"lerp_mode": "catmullrom"
						},
						"4.0": {
							"post": [0, 0, 0],
							"lerp_mode": "catmullrom"
						},
						"4.5": {
							"post": [-1, 0, 0],
							"lerp_mode": "catmullrom"
						},
						"5.0": {
							"post": [0, 0, 0],
							"lerp_mode": "catmullrom"
						},
						"5.5": {
							"post": [-1, 0, 0],
							"lerp_mode": "catmullrom"
						},
						"6.0": {
							"post": [0, 0, 0],
							"lerp_mode": "catmullrom"
						},
						"6.5": {
							"post": [-1, 0, 0],
							"lerp_mode": "catmullrom"
						},
						"7.0": {
							"post": [0, 0, 0],
							"lerp_mode": "catmullrom"
						},
						"7.5": {
							"post": [-1, 0, 0],
							"lerp_mode": "catmullrom"
						},
						"8.0": {
							"post": [0, 0, 0],
							"lerp_mode": "catmullrom"
						},
						"8.5": {
							"post": [-1, 0, 0],
							"lerp_mode": "catmullrom"
						},
						"9.0": {
							"post": [0, 0, 0],
							"lerp_mode": "catmullrom"
						},
						"9.5": {
							"post": [-1, 0, 0],
							"lerp_mode": "catmullrom"
						},
						"10.0": {
							"post": [-1, 0, 0],
							"lerp_mode": "catmullrom"
						},
						"10.5": {
							"post": [0, 0, 0],
							"lerp_mode": "catmullrom"
						}
					}
				},
				"limb5": {
					"rotation": {
						"0.0": [0, 0, 0],
						"0.2083": [27.86082, -8.86042, -4.65468],
						"1.625": [27.86, -8.86, -4.65],
						"10.0": [27.86, -8.86, -4.65],
						"10.5": [0, 0, 0]
					}
				},
				"limb6": {
					"rotation": {
						"0.0": [0, 0, 0],
						"0.2083": [12.5, -22.5, -10],
						"1.625": [12.5, -22.5, -10],
						"10.0": [12.5, -22.5, -10],
						"10.5": [0, 0, 0]
					}
				},
				"hand3": {
					"rotation": {
						"0.0": [0, 0, 0],
						"0.2083": [0.30811, 8.76864, -10.78293],
						"1.625": [0.31, 8.77, -10.78]
					}
				},
				"finger9": {
					"rotation": {
						"0.0": [0, 0, 0],
						"0.2083": [27.9342, -8.17339, 20.62293],
						"1.625": [27.93, -8.17, 20.62],
						"9.9583": [27.93, -8.17, 20.62],
						"10.5": [0, 0, 0]
					}
				},
				"main4": {
					"rotation": {
						"0.0": [0, 0, 0],
						"0.2083": [0, 0, 32.5],
						"1.625": [0, 0, 32.5],
						"10.0": [0, 0, 32.5],
						"10.5": [0, 0, 0]
					}
				},
				"leftArm": {
					"rotation": {
						"0.0": {
							"post": [0, 0, 0],
							"lerp_mode": "catmullrom"
						},
						"0.2083": {
							"post": [12.5, 0, 0],
							"lerp_mode": "catmullrom"
						},
						"1.625": {
							"post": [12.5, 0, 0],
							"lerp_mode": "catmullrom"
						},
						"2.0": {
							"post": [12.5, 0, 0],
							"lerp_mode": "catmullrom"
						},
						"2.5": {
							"post": [13.5, 0, 0],
							"lerp_mode": "catmullrom"
						},
						"3.0417": {
							"post": [12.5, 0, 0],
							"lerp_mode": "catmullrom"
						},
						"3.5": {
							"post": [13.5, 0, 0],
							"lerp_mode": "catmullrom"
						},
						"4.0": {
							"post": [12.5, 0, 0],
							"lerp_mode": "catmullrom"
						},
						"4.5": {
							"post": [13.5, 0, 0],
							"lerp_mode": "catmullrom"
						},
						"5.0": {
							"post": [12.5, 0, 0],
							"lerp_mode": "catmullrom"
						},
						"5.5": {
							"post": [13.5, 0, 0],
							"lerp_mode": "catmullrom"
						},
						"6.0": {
							"post": [12.5, 0, 0],
							"lerp_mode": "catmullrom"
						},
						"6.5": {
							"post": [13.5, 0, 0],
							"lerp_mode": "catmullrom"
						},
						"7.0": {
							"post": [12.5, 0, 0],
							"lerp_mode": "catmullrom"
						},
						"7.5": {
							"post": [13.5, 0, 0],
							"lerp_mode": "catmullrom"
						},
						"8.0": {
							"post": [12.5, 0, 0],
							"lerp_mode": "catmullrom"
						},
						"8.5": {
							"post": [13.5, 0, 0],
							"lerp_mode": "catmullrom"
						},
						"9.0": {
							"post": [12.5, 0, 0],
							"lerp_mode": "catmullrom"
						},
						"9.5": {
							"post": [13.5, 0, 0],
							"lerp_mode": "catmullrom"
						},
						"10.0": {
							"post": [12.5, 0, 0],
							"lerp_mode": "catmullrom"
						},
						"10.5": {
							"post": [0, 0, 0],
							"lerp_mode": "catmullrom"
						}
					}
				},
				"limb3": {
					"rotation": {
						"0.0": [0, 0, 0],
						"0.2083": [-40, 0, 0],
						"1.625": [-40, 0, 0],
						"10.0": [-40, 0, 0],
						"10.5": [0, 0, 0]
					}
				},
				"limb10": {
					"rotation": {
						"0.0": [0, 0, 0],
						"0.2083": [-28.55937, -4.29889, 7.89115],
						"1.625": [-28.56, -4.3, 7.89],
						"10.0": [-28.56, -4.3, 7.89],
						"10.5": [0, 0, 0]
					}
				},
				"hand4": {
					"rotation": {
						"0.0": [0, 0, 0],
						"0.2083": [-0.29796, -69.99945, 0.42168],
						"1.625": [-0.3, -70, 0.42],
						"10.0": [-0.3, -70, 0.42],
						"10.5": [0, 0, 0]
					}
				},
				"finger5": {
					"rotation": {
						"0.0": [-32.5, 0, 0],
						"1.625": [-32.5, 0, 0],
						"10.0": [-32.5, 0, 0],
						"10.5": [0, 0, 0]
					}
				},
				"main3": {
					"rotation": {
						"0.0": [0, 0, 0],
						"0.2083": [0, 0, 32.5],
						"1.625": [0, 0, 32.5],
						"10.0": [0, 0, 32.5],
						"10.5": [0, 0, 0]
					}
				},
				"bone4": {
					"rotation": {
						"0.0": {
							"post": [0, 0, 0],
							"lerp_mode": "catmullrom"
						},
						"0.2083": {
							"post": [-6.99566, -0.58129, -4.94302],
							"lerp_mode": "catmullrom"
						},
						"0.4167": {
							"post": [-5, 0, 0],
							"lerp_mode": "catmullrom"
						},
						"0.75": {
							"post": [-5, 0, 0],
							"lerp_mode": "catmullrom"
						},
						"0.9583": {
							"post": [-3.88834, 0.84968, 7.57577],
							"lerp_mode": "catmullrom"
						},
						"1.125": {
							"post": [-5, 0, 0],
							"lerp_mode": "catmullrom"
						},
						"1.625": {
							"post": [-5, 0, 0],
							"lerp_mode": "catmullrom"
						},
						"1.9583": {
							"post": [0, 0, 0],
							"lerp_mode": "catmullrom"
						}
					},
					"position": {
						"0.4167": {
							"post": [0, 0, -3],
							"lerp_mode": "catmullrom"
						},
						"0.75": {
							"post": [0, 0, 0],
							"lerp_mode": "catmullrom"
						},
						"0.9583": {
							"post": [0, 0, -4],
							"lerp_mode": "catmullrom"
						},
						"1.125": {
							"post": [0, 0, -2],
							"lerp_mode": "catmullrom"
						},
						"1.625": {
							"post": [0, 0, -2],
							"lerp_mode": "catmullrom"
						},
						"1.9583": {
							"post": [0, 0, 0],
							"lerp_mode": "catmullrom"
						}
					}
				}
			}
		},
		"animation.rod_2.0.faint": {
			"animation_length": 60,
			"bones": {
				"rod_main": {
					"rotation": {
						"0.0": [0, 0, -0.5],
						"0.0833": [0, 0, 0.5],
						"0.1667": [0, 0, -0.5],
						"0.25": [0, 0, 0.5],
						"0.3333": [0, 0, -0.5],
						"0.4167": [0, 0, 0.5],
						"0.5": [0, 0, -0.5],
						"0.5833": [0, 0, 0.5],
						"0.6667": [0, 0, -0.5],
						"0.75": [0, 0, 0.5],
						"0.8333": [0, 0, -0.5],
						"0.9167": [0, 0, 0.5],
						"1.0": [0, 0, -0.5],
						"1.0833": [0, 0, 0.5],
						"1.1667": [0, 0, -0.5],
						"1.25": [0, 0, 0.5],
						"1.3333": [0, 0, -0.5],
						"1.4167": [0, 0, 0.5],
						"1.5": [0, 0, -0.5],
						"1.5833": [0, 0, -0.56],
						"2.0": [-90, 0, -0.5],
						"60.0": [-90, 0, -0.5]
					},
					"position": {
						"1.5": [0, 0, 0],
						"1.5833": [0, 0, 43],
						"2.0": [0, 29, 43],
						"60.0": [0, 29, 43]
					},
					"scale": 1
				},
				"upper": {
					"rotation": {
						"1.5833": [0, 0, 0],
						"1.9583": [20, 0, 0],
						"2.0833": [0, 0, 0],
						"60.0": [0, 0, 0]
					},
					"position": [0, 0, 0],
					"scale": 1
				},
				"head_structure": {
					"rotation": {
						"1.5833": [0, 0, 0],
						"1.9167": [45, 0, 0],
						"2.0833": [0, 0, 0],
						"60.0": [0, 0, 0]
					},
					"position": [0, 0, 0],
					"scale": 1
				},
				"rightArm": {
					"rotation": {
						"1.5833": [0, 0, 0],
						"1.9167": [51.16766, 0.19858, 31.45004],
						"2.0833": [-9.77, -11.44, 40.98],
						"60.0": [-9.77, -11.44, 40.98]
					},
					"position": [0, 0, 0],
					"scale": 1
				},
				"leftArm": {
					"rotation": {
						"1.5833": [0, 0, 0],
						"1.9167": [-52.5, 0, 0],
						"2.0833": [0, 0, 0],
						"60.0": [0, 0, 0]
					},
					"position": [0, 0, 0],
					"scale": 1
				},
				"limb3": {
					"rotation": {
						"1.5833": [0, 0, 0],
						"2.0": [-24.66569, 4.20854, 9.07947],
						"60.0": [-24.67, 4.21, 9.08]
					},
					"position": [0, 0, 0],
					"scale": 1
				},
				"limb10": {
					"rotation": {
						"1.5833": [0, 0, 0],
						"2.0": [0, 0, 45]
					}
				},
				"hand4": {
					"rotation": {
						"1.5833": [0, 0, 0],
						"2.0": [27.05396, -74.99924, 0.57649],
						"59.5": [27.05, -75, 0.58],
						"59.75": [69.0155, -50.96558, -44.95554],
						"60.0": [27.05, -75, 0.58]
					},
					"position": [0, 0, 0],
					"scale": 1
				},
				"bone4": {
					"rotation": {
						"1.5833": [0, 0, 0],
						"2.0": [2.43936, 8.14015, 25.33196],
						"60.0": [2.44, 8.14, 25.33]
					},
					"position": [0, 0, 0],
					"scale": 1
				},
				"bone9": {
					"rotation": {
						"1.5833": [0, 0, 0],
						"2.0": [0, 0, 35],
						"60.0": [0, 0, 35]
					},
					"position": [0, 0, 0],
					"scale": 1
				},
				"leftLeg": {
					"rotation": {
						"1.5833": [0, 0, 0],
						"2.0": [0, 0, -20],
						"60.0": [0, 0, -20]
					},
					"position": [0, 0, 0],
					"scale": 1
				},
				"bone11": {
					"rotation": {
						"1.5833": [0, 0, 0],
						"2.0": [0, 0, 22.5],
						"60.0": [0, 0, 22.5]
					},
					"position": [0, 0, 0],
					"scale": 1
				}
			}
		}
	}
}