{
	"format_version": "1.8.0",
	"animations": {
		"animation.item.electrogun_shoot": {
			"loop": true,
			"animation_length": 0.16,
			"bones": {

				"gun": {
					"position": {
						"0.0": [0, 0.1, 0],
						"0.02": [0, 0, 0],
						"0.08": [0, 0.15, 0],
						"0.16": [0, 0.1505, 0]
					}
				},
				"rightArm": {
					"position": {
						"0.0": [0, 0.1, 0],
						"0.02": [0, 0, 0],
						"0.08": [0, 0.1505, 0],
						"0.16": [0, 0.16, 0]
					},
					"rotation": {
						"0.0": [-1, 0, 0],
						"0.02": [-2, 0, 0],
						"0.08": [-3, 0, 0],
						"0.16": [-3.5, 0, 0]
					}
				},

				"leftArm": {
					"position": {
						"0.0": [0, 0.1, 0],
						"0.02": [0, 0, 0],
						"0.08": [0, 0.1505, 0],
						"0.16": [0, 0.16, 0]
					},
					"rotation": {
						"0.0": [-1, 0, 0],
						"0.02": [-2, 0, 0],
						"0.08": [-3, 0, 0],
						"0.16": [-3.5, 0, 0]
					}
				}
			}
		},
		"animation.item.mg90_shoot": {
			"loop": true,
			"animation_length": 0.16,
			"bones": {

				"rotatedulo": {
					"rotation": {
					"0.0": [0, 0, 0],
					"0.05": [0, 15, 0],
					"0.1": [0, 30, 0],
					"0.15": [0, 45, 0],
					"0.2": [0, 60, 0],
					"0.25": [0, 75, 0],
					"0.3": [0, 90, 0],
					"0.35": [0, 105, 0],
					"0.4": [0, 120, 0],
					"0.45": [0, 135, 0],
					"0.5": [0, 150, 0],
					"0.55": [0, 165, 0],
					"0.6": [0, 180, 0]
					}
				},
				"rightArm": {
					"position": {
						"0.0": [0, 0.1, 0],
						"0.02": [0, 0, 0],
						"0.08": [0, 0.1505, 0],
						"0.16": [0, 0.16, 0]
					},
					"rotation": {
						"0.0": [-1, 0, 0],
						"0.02": [-2, 0, 0],
						"0.08": [-3, 0, 0],
						"0.16": [-3.5, 0, 0]
					}
				},

				"leftArm": {
					"position": {
						"0.0": [0, 0.1, 0],
						"0.02": [0, 0, 0],
						"0.08": [0, 0.1505, 0],
						"0.16": [0, 0.16, 0]
					},
					"rotation": {
						"0.0": [-1, 0, 0],
						"0.02": [-2, 0, 0],
						"0.08": [-3, 0, 0],
						"0.16": [-3.5, 0, 0]
					}
				}
			}
		},
		"animation.item.m249_shoot": {
			"loop": true,
			"animation_length": 0.16,
			"bones": {

				"gun": {
					"position": {
						"0.0": [0, 0.1, 0],
						"0.02": [0, 0, 0],
						"0.08": [0, 0.15, 0],
						"0.16": [0, 0.1505, 0]
					}
				},
				"rightArm": {
					"position": {
						"0.0": [0, 0.1, 0],
						"0.02": [0, 0, 0],
						"0.08": [0, 0.15, 0],
						"0.16": [0, 0.1505, 0]
					},
					"rotation": {
						"0.0": [-2, 0, 0],
						"0.02": [-3, 0, 0],
						"0.08": [-4, 0, 0],
						"0.16": [-5, 0, 0]
					}
				},

				"leftArm": {
					"position": {
						"0.0": [0, 0.1, 0],
						"0.02": [0, 0, 0],
						"0.08": [0, 0.15, 0],
						"0.16": [0, 0.1505, 0]
					},
					"rotation": {
						"0.0": [-2, 0, 0],
						"0.02": [-3, 0, 0],
						"0.08": [-4, 0, 0],
						"0.16": [-5, 0, 0]
					}
				},

				"bullet": {
					"position": {
						"0.0": [5.5, 0, -3.2],
						"0.02": [7, 0, -3.5],
						"0.08": [8.5, 0, -3.1],
						"0.16": [10, 0, -2]
					}
				}
			}
		}
	}
}
