
 {
	"format_version": "1.16.100",
	"minecraft:item": {
		"description": {
			"identifier": "op_asa:devilFruit_reset",
			"category": "items"
		},
  "components": {
    "minecraft:use_duration":1,
    "minecraft:use_animation":"eat",
    "minecraft:food":{
      "nutrition":1,
      "can_always_eat":true,
      "saturation_modifier":"poor",
      "on_consume":{
        "event":"op_asa:be_reset"
      }
    },
    "minecraft:max_stack_size": 64,
    "minecraft:icon":{
      "texture": "devilFruit_reset"
    },
    "minecraft:display_name":{
      "value":"reset"
    },
    "minecraft:explodable":false
  },
  "events":{
    "op_asa:be_reset":{
      "sequence":[
        {
          "run_command":{
            "command":["function akumanomi/reset_message","function akumanomi/score_reset","function akumanomi/reset"]
          }
        },
        {
          "run_command":{
            "command":"tag @s remove devil"
          }
        },
        {
          "run_command":{
            "command":"execute @s[tag=hobihobi] ~~~ tag @e[type=op_asa:hobby] add toy_end"
          }
        },
        {
          "run_command":{
            "command":"execute @s[tag=zusizusi] ~~~ event entity @e[family=zusi_block] op_asa:to_block"
          }
        },
        {
          "run_command":{
            "command":"event entity @s reset"
          }
        }
      ]
    }
  }
}
}
