{
	"format_version": "1.16.100",
	"minecraft:item": {
		"description": {
			"identifier": "op_asa:devilFruit_sorusoru",
			"category": "items"
		},
    "components": {
      "minecraft:use_duration":1,
      "minecraft:use_animation":"eat",
      "minecraft:food":{
        "nutrition":1,
        "can_always_eat":true,
        "saturation_modifier":"poor",
        "on_consume":{
          "event":"op_asa:be_sorusoru"
        }
      },
      "minecraft:max_stack_size": 1,
      "minecraft:icon":{
        "texture": "devilFruit_sorusoru"
      },
      "minecraft:display_name":{
        "value":"akumanomi"
      },
      "minecraft:explodable":false
    },
    "events":{
      "op_asa:be_sorusoru":{
        "sequence":[
          {
            "run_command":{
              "command":["effect @s nausea 10 1 true","tag @s add devil","function akumanomi/reset"]
            }
          },
          {
            "run_command":{
              "command":"tag @s add sorusoru"
            }
          },
          {
            "run_command":{
              "command":"event entity @s akumanomi"
            }
          },
          {
            "run_command":{
              "command":"event entity @s score"
            }
          },
          {
            "run_command":{
              "command":"give @s op_asa:nikakubou"
            }
          }
        ]
      }
    }
  }
}
