{
	"format_version": "1.8.0",
	"animations": {
		"animation.adabted_bolster.static": {
			"loop": true,
			"animation_length": 1,
			"bones": {
				"bone49": {
					"rotation": {
						"0.0": [0, -10, 0],
						"0.5": [-0.44916, 6.75584, 1.67669],
						"1.0": [0, -10, 0]
					}
				},
				"bone44": {
					"rotation": {
						"0.0": [0, 7.5, 0],
						"0.5": [0, -2.5, 0],
						"1.0": [0, 7.5, 0]
					}
				},
				"bone58": {
					"rotation": {
						"0.0": [0, 0, 0],
						"1.0": [0, 0, 0]
					}
				},
				"bone48": {
					"rotation": {
						"0.0": [0, -7.5, 0],
						"0.5": [0, 0, 0],
						"1.0": [0, -7.5, 0]
					}
				},
				"bone43": {
					"rotation": {
						"0.0": [0, 7.5, 0],
						"0.5": [0, 0, 0],
						"1.0": [0, 7.5, 0]
					}
				},
				"bone28": {
					"rotation": {
						"0.0": [0, 0, -10],
						"0.5": [0, 0, -12.5],
						"1.0": [0, 0, -10]
					}
				},
				"bone29": {
					"rotation": {
						"0.0": [0, 0, 37.5],
						"1.0": [0, 0, 37.5]
					}
				},
				"bone30": {
					"rotation": {
						"0.0": [0, 0, 47.5],
						"1.0": [0, 0, 47.5]
					}
				},
				"bone22": {
					"rotation": {
						"0.0": [0, 0, 10],
						"0.5": [0, 0, 7.5],
						"1.0": [0, 0, 10]
					}
				},
				"bone23": {
					"rotation": {
						"0.0": [0, 0, -42.5],
						"1.0": [0, 0, -42.5]
					}
				},
				"bone24": {
					"rotation": {
						"0.0": [0, 0, -47.5],
						"1.0": [0, 0, -47.5]
					}
				},
				"bone47": {
					"rotation": {
						"0.0": [0, -7.5, 0],
						"0.5": [0, 0, 0],
						"1.0": [0, -7.5, 0]
					}
				},
				"bone42": {
					"rotation": {
						"0.0": [0, 5, 0],
						"0.5": [0, 0, 0],
						"1.0": [0, 5, 0]
					}
				},
				"bone41": {
					"rotation": {
						"0.0": [0, 10, 0],
						"0.5": [0, 0, 0],
						"1.0": [0, 10, 0]
					}
				},
				"bone31": {
					"rotation": {
						"0.0": [0, -7.5, 0],
						"0.5": [0, 0, 0],
						"1.0": [0, -7.5, 0]
					}
				},
				"bone32": {
					"rotation": {
						"0.0": [0, 0, 30],
						"0.5": [0, 0, 35],
						"1.0": [0, 0, 30]
					}
				},
				"bone33": {
					"rotation": {
						"0.0": [0, 0, 32.5],
						"1.0": [0, 0, 32.5]
					}
				},
				"bone25": {
					"rotation": {
						"0.0": [0, 17.5, -17.5],
						"0.5": [0, 17.5, -15],
						"1.0": [0, 17.5, -17.5]
					}
				},
				"bone26": {
					"rotation": {
						"0.0": [0, 0, -27.5],
						"1.0": [0, 0, -27.5]
					}
				},
				"bone27": {
					"rotation": {
						"0.0": [0, 0, -35],
						"1.0": [0, 0, -35]
					}
				},
				"bone45": {
					"rotation": {
						"0.0": [0, -7.5, 0],
						"0.5": [0, 5, 0],
						"1.0": [0, -7.5, 0]
					}
				},
				"bone40": {
					"rotation": {
						"0.0": [0, 7.5, 0],
						"0.5": [0, -2.5, 0],
						"1.0": [0, 7.5, 0]
					}
				},
				"bone18": {
					"rotation": {
						"0.0": [-2.5, 0, 0],
						"0.5": [0, 0, 0],
						"1.0": [-2.5, 0, 0]
					}
				},
				"bone14": {
					"rotation": {
						"0.0": [2.5, 0, 0],
						"0.5": [0, 0, 0],
						"1.0": [2.5, 0, 0]
					}
				},
				"bone37": {
					"rotation": {
						"0.0": [-15, -22.5, 0],
						"0.5": [-22.5, -22.5, 0],
						"1.0": [-15, -22.5, 0]
					}
				},
				"bone38": {
					"rotation": {
						"0.0": [-20, 0, 0],
						"1.0": [-20, 0, 0]
					}
				},
				"bone39": {
					"rotation": {
						"0.0": [-32.5, 0, 0],
						"1.0": [-32.5, 0, 0]
					}
				},
				"bone34": {
					"rotation": {
						"0.0": [-30, 27.5, 0],
						"0.5": [-25, 27.5, 0],
						"1.0": [-30, 27.5, 0]
					}
				},
				"bone35": {
					"rotation": {
						"0.0": [-25, 0, 0],
						"1.0": [-25, 0, 0]
					}
				},
				"bone36": {
					"rotation": {
						"0.0": [-20, 0, 0],
						"1.0": [-20, 0, 0]
					}
				}
			}
		},
		"animation.adabted_bolster.move": {
			"loop": true,
			"animation_length": 1,
			"bones": {
				"bone49": {
					"rotation": {
						"0.0": [0, -10, 0],
						"0.5": [-0.44916, 6.75584, 1.67669],
						"1.0": [0, -10, 0]
					}
				},
				"bone44": {
					"rotation": {
						"0.0": [0, 7.5, 0],
						"0.5": [0, -2.5, 0],
						"1.0": [0, 7.5, 0]
					}
				},
				"bone58": {
					"rotation": {
						"0.0": [0, 0, 0],
						"1.0": [0, 0, 0]
					}
				},
				"bone48": {
					"rotation": {
						"0.0": [0, -7.5, 0],
						"0.5": [0, 0, 0],
						"1.0": [0, -7.5, 0]
					}
				},
				"bone43": {
					"rotation": {
						"0.0": [0, 7.5, 0],
						"0.5": [0, 0, 0],
						"1.0": [0, 7.5, 0]
					}
				},
				"bone28": {
					"rotation": {
						"0.0": [0, -17.5, 0],
						"0.25": [0, 3.75, -27.5],
						"0.5": [0, 25, 0],
						"1.0": [0, -27.5, 0]
					}
				},
				"bone29": {
					"rotation": {
						"0.0": [0, 0, 37.5],
						"1.0": [0, 0, 37.5]
					}
				},
				"bone30": {
					"rotation": {
						"0.0": [0, 0, 47.5],
						"1.0": [0, 0, 47.5]
					}
				},
				"bone22": {
					"rotation": {
						"0.0": [0, -40, 0],
						"0.5": [0, 27.5, 0],
						"0.75": [0, -8.75, 27.5],
						"1.0": [0, -45, 0]
					}
				},
				"bone23": {
					"rotation": {
						"0.0": [0, 0, -42.5],
						"1.0": [0, 0, -42.5]
					}
				},
				"bone24": {
					"rotation": {
						"0.0": [0, 0, -47.5],
						"1.0": [0, 0, -47.5]
					}
				},
				"bone47": {
					"rotation": {
						"0.0": [0, -7.5, 0],
						"0.5": [0, 0, 0],
						"1.0": [0, -7.5, 0]
					}
				},
				"bone42": {
					"rotation": {
						"0.0": [0, 5, 0],
						"0.5": [0, 0, 0],
						"1.0": [0, 5, 0]
					}
				},
				"bone41": {
					"rotation": {
						"0.0": [0, 10, 0],
						"0.5": [0, 0, 0],
						"1.0": [0, 10, 0]
					}
				},
				"bone31": {
					"rotation": {
						"0.0": [0, -7.5, 0],
						"0.5": [0, 0, 0],
						"1.0": [0, -7.5, 0]
					}
				},
				"bone32": {
					"rotation": {
						"0.0": [0, 0, -17.5],
						"0.5": [0, 0, 35],
						"1.0": [0, 0, -20]
					}
				},
				"bone33": {
					"rotation": {
						"0.0": [0, 0, 32.5],
						"1.0": [0, 0, 32.5]
					}
				},
				"bone25": {
					"rotation": {
						"0.0": [0, 17.5, -17.5],
						"0.5": [0, 17.5, -15],
						"1.0": [0, 17.5, -17.5]
					}
				},
				"bone26": {
					"rotation": {
						"0.0": [0, 0, -2.5],
						"0.5": [0, 0, -32.5],
						"1.0": [0, 0, 0]
					}
				},
				"bone27": {
					"rotation": {
						"0.0": [0, 0, -35],
						"1.0": [0, 0, -35]
					}
				},
				"bone45": {
					"rotation": {
						"0.0": [0, -7.5, 0],
						"0.5": [0, 5, 0],
						"1.0": [0, -7.5, 0]
					}
				},
				"bone40": {
					"rotation": {
						"0.0": [0, 7.5, 0],
						"0.5": [0, -2.5, 0],
						"1.0": [0, 7.5, 0]
					}
				},
				"bone18": {
					"rotation": {
						"0.0": [42.5, 0, 0],
						"0.25": [26.25, 0, 0],
						"0.5": [-5, 0, 0],
						"1.0": [42.5, 0, 0]
					}
				},
				"bone14": {
					"rotation": {
						"0.0": [-12.5, 0, 0],
						"0.5": [52.5, 0, 0],
						"1.0": [-12.5, 0, 0]
					}
				},
				"bone37": {
					"rotation": {
						"0.0": [-7.5, -22.5, 0],
						"0.5": [-50, -22.5, 0],
						"0.75": [-40, -22.5, 0],
						"1.0": [5, -22.5, 0]
					}
				},
				"bone38": {
					"rotation": {
						"0.0": [-12.5, 0, 0],
						"0.5": [-31.25, 0, 0],
						"0.75": [-39.37, 0, 0],
						"1.0": [-7.5, 0, 0]
					}
				},
				"bone39": {
					"rotation": {
						"0.0": [-32.5, 0, 0],
						"0.5": [-7.5, 0, 0],
						"1.0": [-15, 0, 0]
					}
				},
				"bone34": {
					"rotation": {
						"0.0": [-40, 15, 0],
						"0.25": [-38.89251, 12.32904, 3.40895],
						"0.5": [7.5, 15, 0],
						"1.0": [-42.5, 15, 0]
					}
				},
				"bone35": {
					"rotation": {
						"0.0": [-57.5, 0, 0],
						"0.25": [-49.37, 0, 0],
						"0.5": [-21.25, 0, 0],
						"1.0": [-37.5, 0, 0]
					}
				},
				"bone36": {
					"rotation": {
						"0.0": [-2.5, 0, 0],
						"0.5": [2.5, 0, 0],
						"1.0": [-10, 0, 0]
					}
				},
				"bone": {
					"position": {
						"0.0": [0, -1, 0],
						"0.25": [0, 0, 0],
						"0.5": [0, -2, 0],
						"0.75": [0, 1.5, 0],
						"1.0": [0, -1, 0]
					}
				},
				"bone6": {
					"rotation": {
						"0.0": [2.5, 0, 0],
						"0.5": [-2.5, 0, 0],
						"1.0": [2.5, 0, 0]
					}
				},
				"bone19": {
					"rotation": {
						"0.0": [-90, 0, 0],
						"0.25": [-22.5, 0, 0],
						"0.5": [-10, 0, 0],
						"1.0": [-95, 0, 0]
					}
				},
				"bone20": {
					"rotation": {
						"0.0": [2.5, 0, 0],
						"0.5": [0, 0, 0],
						"1.0": [7.5, 0, 0]
					}
				},
				"bone15": {
					"rotation": {
						"0.0": [-10, 0, 0],
						"0.5": [-95, 0, 0],
						"1.0": [-10, 0, 0]
					},
					"position": [2, 0, 0]
				},
				"bone16": {
					"rotation": {
						"0.0": [45, 0, 0],
						"0.5": [10, 0, 0],
						"1.0": [37.5, 0, 0]
					}
				}
			}
		}
	}
}