{
	"format_version": "1.8.0",
	"animations": {
		"animation.adabted_manducater.static": {
			"loop": true,
			"animation_length": 12.875,
			"bones": {
				"bone6": {
					"rotation": {
						"0.0": [-2.5, 0, 0],
						"0.4583": [-17.5, 0, 0],
						"1.0833": [-7.5, 0, 0],
						"1.5833": [-23.13, 0, 0],
						"1.75": [-15, 0, 0],
						"2.2083": [-25, 0, 0],
						"2.875": [0, 0, 0]
					}
				},
				"bone8": {
					"rotation": {
						"0.0": [45, 0, 0],
						"0.4583": [60, 0, 0],
						"1.0833": [65, 0, 0],
						"1.5833": [50, 0, 0],
						"2.2083": [75, 0, 0],
						"2.875": [27.5, 0, 0]
					}
				},
				"bone12": {
					"rotation": {
						"0.0": [70, 0, 0],
						"0.4583": [52.5, 0, 0],
						"1.0833": [62.5, 0, 0],
						"1.5833": [85, 0, 0],
						"2.2083": [55, 0, 0],
						"2.875": [105, 0, 0]
					}
				},
				"bone": {
					"position": {
						"0.0": [0, 0, 0],
						"1.0": [0, 0.54, 0],
						"2.4167": [0, -0.13, 0],
						"3.2083": [0, -0.06, 0],
						"3.25": [0, -99, 0]
					}
				},
				"bone2": {
					"position": [0, 0, 0]
				},
				"bone13": {
					"rotation": [-17.5, 0, 0]
				}
			}
		},
		"animation.adabted_manducater.move": {
			"loop": true,
			"animation_length": 6.70833,
			"bones": {
				"bone": {
					"rotation": {
						"0.0": [-12.5, 0, 0],
						"0.375": [2.5, 0, 0],
						"0.75": [-10, 0, 0]
					},
					"position": {
						"0.0": [0, 5, 0],
						"0.375": [0, 0, 0],
						"0.7083": [0, 4.78, 0],
						"0.75": [0, 9, 0],
						"0.7917": [0, -10149, 0]
					}
				},
				"bone21": {
					"rotation": {
						"0.0": [-37.5, 0, 0],
						"0.375": [22.5, 0, 0],
						"0.7083": [-35, 0, 0]
					}
				},
				"bone23": {
					"rotation": [-25, 0, 0]
				},
				"bone25": {
					"rotation": [45, 0, 0]
				},
				"bone30": {
					"rotation": {
						"0.0": [-35, 0, 0],
						"0.375": [52.5, 0, 0],
						"0.7083": [-12.5, 0, 0],
						"0.7917": [-22.5, 0, 0]
					}
				},
				"bone26": {
					"rotation": {
						"0.0": [-22.5, 0, 0],
						"0.375": [57.5, 0, 0],
						"0.7083": [-5, 0, 0],
						"0.7917": [-12.5, 0, 0]
					}
				},
				"bone8": {
					"rotation": {
						"0.0": [65, 0, 0],
						"0.375": [22.5, 0, 0],
						"0.7917": [47.5, 0, 0]
					}
				},
				"bone9": {
					"rotation": [27.5, 0, 0]
				},
				"bone12": {
					"rotation": {
						"0.0": [57.5, 0, 0],
						"0.375": [40, 0, 0],
						"0.7083": [75, 0, 0]
					}
				},
				"bone16": {
					"rotation": {
						"0.0": [-27.5, 0, 0],
						"0.375": [42.5, 0, 0],
						"0.7083": [-20, 0, 0]
					}
				},
				"bone18": {
					"rotation": [-52.5, 0, 0]
				},
				"bone20": {
					"rotation": [52.5, 0, 0]
				},
				"bone35": {
					"rotation": {
						"0.0": [25, 0, 0],
						"0.375": [-5, 0, 0],
						"0.7083": [35, 0, 0]
					}
				},
				"bone36": {
					"rotation": {
						"0.0": [77.5, 0, 0],
						"0.375": [30, 0, 0],
						"0.7083": [65, 0, 0]
					}
				}
			}
		}
	}
}