{
	"format_version": "1.8.0",
	"animations": {
		"animation.arachnida.static": {
			"loop": true,
			"animation_length": 1,
			"bones": {
				"bone34": {
					"rotation": {
						"0.0": [-15, 0, 0],
						"0.5": [0, 0, 0],
						"1.0": [-15, 0, 0]
					}
				},
				"bone61": {
					"position": [0, 0, 0]
				}
			}
		},
		"animation.adap_arachnida.move": {
			"loop": true,
			"animation_length": 0.9167,
			"bones": {
				"bone11": {
					"rotation": {
						"0.0": [0, 25, 0],
						"0.4167": [0, -40, 0],
						"0.6667": [0, -7.5, 27.5],
						"0.9167": [0, 25, 0]
					}
				},
				"bone12": {
					"rotation": {
						"0.0": [0, 40, 0],
						"0.2083": [0, 15, -22.5],
						"0.4167": [0, -10, 0],
						"0.9167": [0, 40, 0]
					}
				},
				"bone23": {
					"rotation": {
						"0.0": [0, 0, 25],
						"0.4167": [0, 0, -17.5],
						"0.9167": [0, 0, 25]
					}
				},
				"bone28": {
					"rotation": {
						"0.0": [0, 0, 12.5],
						"0.4167": [0, 0, -17.5],
						"0.9167": [0, 0, 12.5]
					}
				},
				"bone34": {
					"rotation": {
						"0.0": [-17.5, 0, 0],
						"0.4167": [0, 0, 0],
						"0.9167": [-12.5, 0, 0]
					}
				},
				"bone38": {
					"rotation": {
						"0.0": [0, -27.5, 0],
						"0.4167": [0, 52.5, 0],
						"0.6667": [0, 12.5, 37.5],
						"0.9167": [0, -27.5, 0]
					}
				},
				"bone37": {
					"rotation": [0, 0, 0]
				},
				"bone39": {
					"rotation": {
						"0.0": [0, -47.5, 0],
						"0.2083": [0, -11.25, -32.5],
						"0.4167": [0, 25, 0],
						"0.9167": [0, -47.5, 0]
					}
				},
				"bone64": {
					"rotation": {
						"0.0": [0, 0, -12.5],
						"0.4583": [16.23124, 23.73353, 15.57889],
						"0.9167": [16.23, 23.73, -11.92]
					}
				},
				"bone62": {
					"rotation": {
						"0.0": [0, 0, -32.5],
						"0.4583": [0, 0, 10],
						"0.9167": [0, 0, -25]
					}
				},
				"bone3": {
					"rotation": {
						"0.0": [-12.5, 0, 0],
						"0.4167": [0, 0, 0],
						"0.9167": [-15, 0, 0]
					}
				}
			}
		}
	}
}