{
	"format_version": "1.8.0",
	"animations": {
		"animation.dweller.static": {
			"loop": true,
			"animation_length": 1,
			"bones": {
				"Mandibula": {
					"rotation": {
						"0.0": [15, 0, 0],
						"0.5": [-2.5, 0, 0],
						"1.0": [15, 0, 0]
					}
				},
				"Cadera": {
					"rotation": [-22.5, 0, 0]
				},
				"PiernaIzq2": {
					"rotation": [35, 0, 0]
				},
				"PiernaDer2": {
					"rotation": [30, 0, 0]
				}
			}
		},
		"animation.dweller.move": {
			"loop": true,
			"animation_length": 0.625,
			"bones": {
				"Torso": {
					"rotation": [17.5, 0, 0]
				},
				"Costillas": {
					"rotation": {
						"0.0": [0, 0, 0],
						"0.3333": [5, 0, 0],
						"0.625": [2.5, 0, 0]
					}
				},
				"BrazoIzq": {
					"rotation": {
						"0.0": [-47.5, 0, 0],
						"0.1667": [-48.75, 0, 0],
						"0.3333": [15, 0, 0],
						"0.625": [-47.5, 0, 0]
					}
				},
				"BrazoDer": {
					"rotation": {
						"0.0": [-65, 0, 0],
						"0.3333": [12.5, 0, 0],
						"0.625": [-65, 0, 0]
					}
				},
				"Cabeza": {
					"rotation": [-30, 0, 0]
				},
				"Mandibula": {
					"rotation": {
						"0.0": [25, 0, 0],
						"0.3333": [42.5, 0, 0],
						"0.625": [25, 0, 0]
					}
				},
				"Cadera": {
					"rotation": {
						"0.0": [-17.5, 0, 0],
						"0.3333": [-20, 0, 0],
						"0.625": [-17.5, 0, 0]
					}
				},
				"PiernaIzq": {
					"rotation": {
						"0.0": [47.5, 0, 0],
						"0.3333": [-22.5, 0, 0],
						"0.625": [47.5, 0, 0]
					}
				},
				"PiernaDer": {
					"rotation": {
						"0.0": [22.5, 0, 0],
						"0.1667": [35, 0, 0],
						"0.3333": [-30, 0, 0],
						"0.625": [22.5, 0, 0]
					}
				}
			}
		}
	}
}