{
	"format_version": "1.8.0",
	"animations": {
		"animation.fly.move": {
			"loop": true,
			"animation_length": 0.54167,
			"bones": {
				"carrier_part4": {
					"rotation": {
						"0.0": [12.5, 0, 0],
						"0.2917": [0, 0, 0],
						"0.5417": [12.5, 0, 0]
					}
				},
				"carrier_part2": {
					"rotation": {
						"0.0": [0, 0, 7.5],
						"0.2917": [0, 0, -2.5],
						"0.5417": [0, 0, 7.5]
					}
				},
				"carrier_part6": {
					"rotation": {
						"0.0": [10, 0, 0],
						"0.2917": [2.5, 0, 0],
						"0.5417": [10, 0, 0]
					}
				},
				"flying_art3": {
					"rotation": {
						"0.0": [0, 0, -22.5],
						"0.2917": [-0.07746, -2.52617, 10.4398],
						"0.5417": [0, 0, -22.5]
					}
				},
				"flying_art4": {
					"rotation": {
						"0.0": [-4.3361, 0.76493, 20.44582],
						"0.2917": [3.28396, 0.43246, -15.34721],
						"0.5417": [-4.3361, 0.76493, 20.44582]
					}
				}
			}
		}
	}
}