{
	"format_version": "1.8.0",
	"animations": {
		"animation.host.static": {
			"loop": true,
			"animation_length": 0.5,
			"bones": {
				"b": {
					"rotation": {
						"0.0": [-2.5, 0, -7.5],
						"0.25": [-2.5, 0, -60],
						"0.5": [-2.5, 0, -7.5]
					}
				},
				"B2": {
					"rotation": {
						"0.0": [10, 0, 0],
						"0.25": [-2.5, 0, 0],
						"0.5": [10, 0, 0]
					}
				},
				"B5": {
					"rotation": {
						"0.0": [-27.5, 0, 0],
						"0.25": [2.5, 0, 0],
						"0.5": [-27.5, 0, 0]
					}
				},
				"B7": {
					"rotation": {
						"0.0": [32.5, 0, 0],
						"0.25": [-35, 0, 0],
						"0.5": [32.5, 0, 0]
					}
				}
			}
		},
		"animation.host.move": {
			"loop": true,
			"animation_length": 350.50,
			"bones": {
				"bone": {
					"position": {
						"0.0": [0, 0, 0],
						"0.5": [0, -193, 0]
					}
				},
				"Black": {
					"position": {
						"0.0": [0, 0, 0],
						"0.5": [0, -359, 0]
					}
				},
				"bone2": {
					"position": {
						"0.0": [0, 0, 0],
						"0.5": [0, -176, 0]
					}
				},
				"b": {
					"position": {
						"0.0": [0, 1, 0],
						"0.5": [0, -248, 0]
					}
				},
				"B2": {
					"position": {
						"0.0": [0, 0, 0],
						"0.5": [0, -249, 0]
					}
				},
				"B3": {
					"position": [0, -184, 0]
				},
				"B4": {
					"position": {
						"0.0": [0, 0, 0],
						"0.5": [0, -180, 0]
					}
				},
				"B5": {
					"position": {
						"0.0": [0, 0, 0],
						"0.5": [0, -191, 0]
					}
				},
				"shs": {
					"position": [0, -201, 0]
				},
				"b6": {
					"position": {
						"0.0": [0, 0, 0],
						"0.5": [0, -195, 0]
					}
				},
				"bone3": {
					"position": {
						"0.0": [0, 0, 0],
						"0.5": [0, -201, 0]
					}
				},
				"bone4": {
					"position": {
						"0.0": [0, 0, 0],
						"0.5": [0, -210, 0]
					}
				},
				"bone5": {
					"position": {
						"0.0": [0, 0, 0],
						"0.5": [0, -236, 0]
					}
				},
				"bone6": {
					"position": {
						"0.0": [0, 0, 0],
						"0.5": [0, -515, 0]
					}
				},
				"Shs2": {
					"position": [0, -179, 0]
				},
				"B7": {
					"position": [0, -9563, 0]
				},
				"Shs3": {
					"position": [0, -207, 0]
				},
				"Shs4": {
					"position": [0, -3085, 0]
				},
				"B8": {
					"position": {
						"0.0": [0, 0, 0],
						"0.5": [0, -48429, 0]
					}
				},
				"bone7": {
					"position": {
						"0.0": [0, 1, 0],
						"0.5": [0, -2420, 0]
					}
				}
			}
		}
	}
}