{
	"format_version": "1.8.0",
	"animations": {
		"animation.ifenderman.static": {
			"loop": true,
			"animation_length": 1,
			"bones": {
				"bone15": {
					"rotation": {
						"0.0": [-2.5, 0, 0],
						"0.5": [-0.14423, 0.81134, 0.22267],
						"1.0": [-2.64, 0.81, 0.22]
					}
				},
				"bone23": {
					"rotation": {
						"0.0": [7.5, 0, 0],
						"0.5": [-37.5, 0, 0],
						"1.0": [25, 0, 0]
					}
				},
				"bone24": {
					"rotation": {
						"0.0": [17.5, 0, 0],
						"0.5": [-10, 0, 0],
						"1.0": [10, 0, 0]
					}
				},
				"bone21": {
					"rotation": {
						"0.0": [-25, 0, 0],
						"0.5417": [25, 0, 0],
						"1.0": [-27.5, 0, 0]
					}
				},
				"bone22": {
					"rotation": {
						"0.0": [-20, 0, 0],
						"0.5417": [10, 0, 0],
						"1.0": [-27.5, 0, 0]
					}
				},
				"bone19": {
					"rotation": {
						"0.0": [-2.5, 0, 0],
						"0.5417": [-32.5, 0, 0],
						"1.0": [-5, 0, 0]
					}
				},
				"bone20": {
					"rotation": {
						"0.0": [17.5, 0, 0],
						"0.5417": [-17.5, 0, 0],
						"1.0": [35, 0, 0]
					}
				},
				"bone17": {
					"rotation": {
						"0.0": [-10, 0, 0],
						"0.5": [12.5, 0, 0],
						"1.0": [-2.5, 0, 0]
					}
				},
				"bone18": {
					"rotation": {
						"0.0": [-22.5, 0, 0],
						"0.5": [-5, 0, 0],
						"1.0": [-22.5, 0, 0]
					}
				},
				"bone11": {
					"rotation": {
						"0.0": [0, -10, 0],
						"0.5": [0, 0, 0],
						"1.0": [0, -12.5, 0]
					}
				},
				"bone10": {
					"rotation": {
						"0.0": [0, 7.5, 0],
						"0.5": [0, -2.5, 0],
						"1.0": [0, 7.5, 0]
					}
				},
				"bone5": {
					"rotation": {
						"0.0": [5, 0, 0],
						"0.5": [2.5, 0, 0],
						"1.0": [5, 0, 0]
					}
				},
				"bone6": {
					"rotation": {
						"0.0": [2.5, 0, 0],
						"0.5": [0, 0, 0],
						"1.0": [2.5, 0, 0]
					}
				},
				"bone3": {
					"rotation": {
						"0.0": [-2.5, 0, 0],
						"0.5": [0, 0, 0],
						"1.0": [-2.5, 0, 0]
					}
				},
				"bone12": {
					"rotation": {
						"0.0": [7.5, 0, 0],
						"0.5": [-2.5, 0, 0],
						"1.0": [7.5, 0, 0]
					}
				},
				"bone7": {
					"rotation": {
						"0.0": [10, 0, 0],
						"0.5": [0, 0, 0],
						"1.0": [10, 0, 0]
					}
				},
				"bone16": {
					"rotation": {
						"0.0": [85, 10, -7.5],
						"0.5": [85, 2.5, -7.5],
						"1.0": [85, 12.5, -7.5]
					}
				},
				"bone": {
					"rotation": [-92.5, 15, 0]
				},
				"bone4": {
					"rotation": [0, -37.5, 25]
				},
				"bone30": {
					"rotation": {
						"0.0": [-15, 0, 0],
						"0.5": [-5, 0, 0],
						"1.0": [-20, 0, 0]
					}
				}
			}
		},
		"animation.ifenderman.move": {
			"loop": true,
			"animation_length": 0.5,
			"bones": {
				"bone15": {
					"rotation": {
						"0.0": [-22.5, 0, 0],
						"0.125": [-7.5, 0, 0],
						"0.25": [-22.5, 0, 0],
						"0.375": [-7.5, 0, 0],
						"0.5": [-22.5, 0, 0]
					},
					"position": {
						"0.0": [0, -4, 0],
						"0.125": [0, 0, 0],
						"0.1667": [0, 0, 0],
						"0.25": [0, -5, 0],
						"0.375": [0, 1, 0],
						"0.5": [0, -5, 0]
					}
				},
				"bone27": {
					"rotation": [10, 0, 0]
				},
				"bone23": {
					"rotation": {
						"0.125": [0, 0, 0],
						"0.25": [-17.5, 0, 0],
						"0.5": [-17.5, 0, 0]
					}
				},
				"bone24": {
					"rotation": {
						"0.125": [25, 0, 0],
						"0.25": [-7.5, 0, 0],
						"0.5": [32.5, 0, 0]
					}
				},
				"bone21": {
					"rotation": {
						"0.0": [15, 0, 0],
						"0.25": [0, 0, 0],
						"0.5": [15, 0, 0]
					}
				},
				"bone22": {
					"rotation": {
						"0.0": [-22.5, 0, 0],
						"0.25": [27.5, 0, 0],
						"0.5": [-20, 0, 0]
					}
				},
				"bone19": {
					"rotation": {
						"0.0": [-15, 0, 0],
						"0.25": [-5, 0, 0],
						"0.5": [-17.5, 0, 0]
					}
				},
				"bone20": {
					"rotation": {
						"0.0": [22.5, 0, 0],
						"0.25": [0, 0, 0],
						"0.5": [30, 0, 0]
					}
				},
				"bone17": {
					"rotation": {
						"0.125": [15, 0, 0],
						"0.25": [-5, 0, 0],
						"0.5": [20, 0, 0]
					}
				},
				"bone18": {
					"rotation": {
						"0.125": [-20, 0, 0],
						"0.25": [37.5, 0, 0],
						"0.5": [-17.5, 0, 0]
					}
				},
				"bone5": {
					"rotation": {
						"0.0": [-47.5, 0, 0],
						"0.25": [70, 0, 0],
						"0.5": [-57.5, 0, 0]
					}
				},
				"bone6": {
					"rotation": {
						"0.0": [-47.5, 0, 0],
						"0.25": [80, 0, 0],
						"0.5": [-27.5, 0, 0]
					}
				},
				"bone12": {
					"rotation": {
						"0.0": [50, 0, 0],
						"0.125": [20, 0, 0],
						"0.25": [-40, 0, 0],
						"0.5": [62.5, 0, 0]
					}
				},
				"bone13": {
					"rotation": [-10, 0, 0]
				},
				"bone14": {
					"rotation": {
						"0.0": [-27.5, 0, 0],
						"0.25": [-57.5, 0, 0],
						"0.5": [-42.5, 0, 0]
					}
				},
				"bone7": {
					"rotation": {
						"0.0": [-27.5, 0, 0],
						"0.125": [20, 0, 0],
						"0.25": [52.5, 0, 0],
						"0.5": [-37.5, 0, 0]
					}
				},
				"bone8": {
					"rotation": {
						"0.0": [-42.5, 0, 0],
						"0.125": [-8.75, 0, 0],
						"0.25": [-5, 0, 0],
						"0.5": [-22.5, 0, 0]
					}
				},
				"bone9": {
					"rotation": {
						"0.0": [-62.5, 0, 0],
						"0.25": [-10, 0, 0],
						"0.5": [-70, 0, 0]
					}
				},
				"bone16": {
					"rotation": {
						"0.0": [95, 67.5, 0],
						"0.25": [97.5, -60, 0],
						"0.5": [97.5, 72.5, 0]
					}
				},
				"bone": {
					"rotation": {
						"0.0": [0, 0, -15],
						"0.25": [0, 0, -10]
					}
				},
				"bone4": {
					"rotation": [0, 0, -5]
				},
				"bone28": {
					"rotation": {
						"0.0": [20, 0, 0],
						"0.1667": [2.5, 0, 0],
						"0.25": [15, 0, 0],
						"0.375": [2.5, 0, 0],
						"0.5": [15, 0, 0]
					}
				}
			}
		}
	}
}