{
	"format_version": "1.8.0",
	"animations": {
		"animation.infected_pig.static": {
			"loop": true,
			"animation_length": 2,
			"bones": {
				"bone10": {
					"rotation": {
						"0.0": [0, 0, 0],
						"1.0": [-15, 0, 0],
						"2.0": [0, 0, 0]
					}
				},
				"bone4": {
					"rotation": {
						"0.0": [0, 0, 0],
						"0.6": [-2.5, 0, 0],
						"1.1": [0, 0, 0]
					}
				},
				"bone3": {
					"rotation": {
						"0.0": [0, 0, 0],
						"0.6": [2.5, 0, 0],
						"1.1": [0, 0, 0]
					}
				}
			}
		},
		"animation.infected_pig.move": {
			"loop": true,
			"animation_length": 1,
			"bones": {
				"Pataizquierda1": {
					"rotation": {
						"0.0": [-45, 0, 0],
						"0.5": [37.5, 0, 0],
						"1.0": [-45, 0, 0]
					}
				},
				"Pataderecha2": {
					"rotation": {
						"0.0": [52.5, 0, 0],
						"0.5": [-30, 0, 0],
						"1.0": [52.5, 0, 0]
					}
				},
				"Pataderecha1": {
					"rotation": {
						"0.0": [-37.5, 0, 0],
						"0.4": [0.5, 0, 0],
						"0.5": [35, 0, 0],
						"1.0": [-32.5, 0, 0]
					}
				},
				"Pataizquierda2": {
					"rotation": {
						"0.0": [40, 0, 0],
						"0.4": [-1, 0, 0],
						"0.5": [-30, 0, 0],
						"1.0": [35, 0, 0]
					}
				},
				"bone8": {
					"rotation": {
						"0.0": [0, 0, 0],
						"0.5": [-5, 0, 0],
						"1.0": [0, 0, 0]
					},
					"position": {
						"0.0": [0, 0, 0],
						"1.0": [0, 0, 0]
					}
				},
				"bone9": {
					"rotation": {
						"0.0": [0, 0, 0],
						"1.0": [0, 0, 0]
					},
					"position": [0, 0, 0]
				},
				"bone10": {
					"rotation": {
						"0.0": [0, 0, 0],
						"0.5": [10, 0, 0],
						"1.0": [0, 0, 0]
					},
					"position": {
						"0.0": [0, 0, 0],
						"0.5": [0, 0, 1],
						"1.0": [0, 0, 0]
					}
				},
				"bone3": {
					"rotation": {
						"0.0": [0, 0, 0],
						"0.5": [-10, 0, 0],
						"1.0": [0, 0, 0]
					},
					"position": [0, 0, 0]
				},
				"bone13": {
					"rotation": {
						"0.0": [0, 0, 0],
						"0.5": [-7.5, 0, 0],
						"1.0": [0, 0, 0]
					},
					"position": [0, 0, 0]
				},
				"Detalles": {
					"rotation": {
						"0.0": [0, 0, 0],
						"0.5": [-2.5, 0, 0],
						"1.0": [0, 0, 0]
					},
					"position": [0, 0, 0]
				}
			}
		}
	}
}