{
	"format_version": "1.8.0",
	"animations": {
		"animation.infected_humanv2.static": {
			"loop": true,
			"animation_length": 1.0417,
			"bones": {
				"Mandibula": {
					"rotation": {
						"0.0": ["-math.cos(query.anim_time*125)*3.5", 0, 35],
						"0.3333": ["-math.cos(query.anim_time*125)*3.5", 0, 21.3],
						"1.0417": ["-math.cos(query.anim_time*125)*3.5", 0, 32.5]
					}
				},
				"BrazoIzq": {
					"rotation": ["0+math.cos(query.anim_time*125)*5", 0, 0]
				},
				"BrazoDer": {
					"rotation": {
						"0.0": ["-22.5-math.cos(query.anim_time*125)*5", 0, 0],
						"0.2917": ["-22.5-math.cos(query.anim_time*125)*5", 7.5, 0]
					},
					"position": [0, 0, 0]
				},
				"Cuerpo": {
					"rotation": {
						"0.0": [5, 0, 0],
						"0.3333": [-2.5, 0, 0],
						"1.0417": [7.5, 0, 0]
					}
				},
				"Cabeza": {
					"rotation": {
						"0.0": [5, 0, 35],
						"0.3333": [-2.5, 0, 20],
						"1.0417": [7.5, 0, 32.5]
					}
				},
				"PiernaIzq": {
					"rotation": {
						"0.0": [0, 0, -17.5],
						"0.4167": [0, 0, -10],
						"1.0417": [0, 0, -12.5]
					}
				}
			}
		},
		"animation.infected_humanv2.move": {
			"loop": true,
			"animation_length": 1,
			"bones": {
				"PiernaDer": {
					"rotation": {
						"0.0": [52.5, 0, 0],
						"0.5": [-40, 0, 0],
						"1.0": [47.5, 0, 0]
					},
					"position": {
						"0.0": [0, -1, 1],
						"0.25": [0, 0, 1],
						"0.5": [0, -1, 1],
						"0.75": [0, 0, 1],
						"1.0": [0, -1, 1]
					}
				},
				"PiernaIzq": {
					"rotation": {
						"0.0": [-42.5, 0, 0],
						"0.5": [37.5, 0, 0],
						"1.0": [-50, 0, 0]
					},
					"position": {
						"0.0": [0, 0, 4],
						"0.25": [0, 1, 4],
						"0.5": [0, 0, 4],
						"0.75": [0, 1, 4],
						"1.0": [0, 0, 4]
					}
				},
				"Cuerpo": {
					"rotation": {
						"0.0": [40, 0, 5],
						"0.9167": [40, 0, -7.5],
						"1.0": [40, 0, 2.5]
					},
					"position": {
						"0.0": [0, -1, -3],
						"0.25": [0, 0, -3],
						"0.5": [0, -2, -3],
						"0.75": [0, -1, -3],
						"1.0": [0, -2, -3]
					}
				},
				"Cabeza": {
					"rotation": {
						"0.0": [7.5, 0, 25],
						"1.0": [12.5, 0, 25]
					},
					"position": {
						"0.0": [0, -3, -8],
						"0.25": [0, -2, -8],
						"0.5": [0, -3, -8],
						"0.75": [0, -2, -8],
						"1.0": [0, -3, -8]
					}
				},
				"Mandibula": {
					"rotation": {
						"0.0": [7.5, 0, 32.5],
						"1.0": [7.5, 0, 27.5]
					},
					"position": {
						"0.0": [0, -3, -8],
						"0.25": [0, -2, -8],
						"0.5": [0, -3, -8],
						"0.75": [0, -2, -8],
						"1.0": [0, -3, -8]
					}
				},
				"BrazoIzq": {
					"rotation": [-75, -95, 47.5],
					"position": {
						"0.0": [1, -1, -5],
						"0.25": [1, 0, -5],
						"0.5": [1, -1, -5],
						"0.75": [1, 0, -5],
						"1.0": [1, -1, -5]
					}
				},
				"BrazoDer": {
					"rotation": {
						"0.0": [-85, -15, 0],
						"0.5": [-77.5, -15, 0],
						"1.0": [-82.5, -15, 0]
					},
					"position": {
						"0.0": [0, -1, -4],
						"0.25": [0, 0, -4],
						"0.5": [0, -1, -4],
						"0.75": [0, 0, -4],
						"1.0": [0, -1, -4]
					}
				}
			}
		}
	}
}