{
	"format_version": "1.8.0",
	"animations": {
		"animation.infected_bear.static": {
			"loop": true,
			"animation_length": 0.97,
			"bones": {
				"bone": {
					"rotation": {
						"0.0": [-37.5, 0, 0],
						"0.5": [-42.5, 0, 0],
						"0.9583": [-37.5, 0, 0]
					},
					"position": {
						"0.0": [0, 5, 0],
						"0.5": [0, 6, 0],
						"0.9583": [0, 5, 0]
					}
				},
				"bone7": {
					"rotation": {
						"0.0": [17.5, 0, 0],
						"0.5": [27.5, 0, 0],
						"0.9583": [12.5, 0, 0]
					}
				},
				"bone11": {
					"rotation": {
						"0.0": [7.1696, 2.36794, 19.66878],
						"0.5": [-1.58674, -5.23411, 22.86333],
						"0.9583": [7.5, 0, 22.5]
					},
					"position": [0, 3, 0]
				},
				"bone10": {
					"rotation": {
						"0.0": [1.86484, 2.50166, -21.22202],
						"0.5": [10, 0, -32.5],
						"0.9583": [10.00827, 0.05987, -30.00518]
					},
					"position": [0, 4, 0]
				},
				"bone3": {
					"rotation": {
						"0.0": [25, 0, 0],
						"0.5": [17.5, 0, 0],
						"0.9583": [27.5, 0, 0]
					}
				},
				"bone2": {
					"rotation": {
						"0.0": [12.5, 0, 0],
						"0.9583": [12.5, 0, 0]
					},
					"position": [0, -3, 0]
				},
				"bone9": {
					"rotation": [0, 0, 0]
				}
			}
		},
		"animation.infected_bear.move": {
			"loop": true,
			"animation_length": 0.83333,
			"bones": {
				"bone": {
					"rotation": {
						"0.0": [-40, 0, 0],
						"0.0417": [-36.72, 0, 0],
						"0.0833": [-37.5, 0, 0],
						"0.25": [-35, 0, 0],
						"0.4167": [-30, 0, 0],
						"0.6667": [-32.5, 0, 0],
						"0.8333": [-27.5, 0, 0]
					},
					"position": {
						"0.0": [0, 8, 0],
						"0.0833": [0, 8, 0],
						"0.25": [0, 8, 0],
						"0.4167": [0, 7, 0],
						"0.6667": [0, 8, 0],
						"0.8333": [0, 7, 0]
					}
				},
				"bone7": {
					"rotation": {
						"0.0": [30, 0, 0],
						"0.0833": [32.5, 0, 0],
						"0.25": [30, 0, 0],
						"0.4167": [25, 0, 0],
						"0.6667": [25, 0, 0],
						"0.8333": [20, 0, 0]
					}
				},
				"bone11": {
					"rotation": {
						"0.0": [-30, -32.5, 40],
						"0.2083": [-30, -32.5, -10],
						"0.4167": [10, 35, 15],
						"0.8333": [-15, -20, 37.5]
					},
					"position": {
						"0.0": [-1, 2, 0],
						"0.7917": [-1, 1, 0]
					}
				},
				"bone10": {
					"rotation": {
						"0.0": [-42.5, -47.5, 22.5],
						"0.4167": [-7.5, 45, -50],
						"0.625": [-15, 35, 10],
						"0.8333": [-42.5, -40, 20]
					},
					"position": {
						"0.0": [0, 2, 0],
						"0.7917": [0, 1, 0],
						"0.8333": [0, 2, 0]
					}
				},
				"leg0": {
					"rotation": {
						"0.0": [25, 0, 0],
						"0.4167": [-32.5, 0, 0],
						"0.8333": [22.5, 0, 0]
					}
				},
				"leg1": {
					"rotation": {
						"0.0": [-40, 0, 0],
						"0.4167": [32.5, 0, 0],
						"0.8333": [-32.5, 0, 0]
					}
				},
				"bone3": {
					"rotation": [10, 0, 0]
				},
				"bone2": {
					"rotation": {
						"0.0": [20, 0, 0],
						"0.25": [17.5, 0, 0],
						"0.4167": [20, 0, 0],
						"0.6667": [17.5, 0, 0],
						"0.8333": [20, 0, 0]
					},
					"position": {
						"0.0": [0, -3, 0],
						"0.25": [0, -2, 0],
						"0.4167": [0, -3, 0],
						"0.6667": [0, -2, 0],
						"0.8333": [0, -3, 0]
					}
				},
				"bone8": {
					"rotation": [7.5, 0, 0]
				},
				"bone9": {
					"rotation": [10, 0, 0]
				},
				"bone12": {
					"rotation": {
						"0.0": [0, 0, 22.5],
						"0.0833": [0, 0, 45],
						"0.4167": [0, 0, 30],
						"0.8333": [0, 0, 15]
					}
				}
			}
		}
	}
}