{
	"format_version": "1.8.0",
	"animations": {
		"animation.rupter.move": {
			"loop": true,
			"animation_length": 0.95833,
			"bones": {
				"PataIzq1": {
					"rotation": [0, 0, "math.cos(query.anim_time*1000)*10"]
				},
				"bone10": {
					"rotation": [-37.5, 47.5, "-100+math.cos(query.anim_time*250)*10"],
					"position": [3, -3, 2]
				},
				"bone13": {
					"rotation": [12.5, -82.5, "82.5-math.cos(query.anim_time*250)*10"],
					"position": [-3, -2, 3]
				},
				"bone16": {
					"rotation": [0, 7.5, "-10-math.cos(query.anim_time*250)*10"]
				},
				"bone19": {
					"rotation": [-2.5, -5, "17.5+math.cos(query.anim_time*250)*10"]
				},
				"bone22": {
					"rotation": ["37.5-math.cos(query.anim_time*250)*5", -55, "0-math.cos(query.anim_time*250)*5"]
				},
				"PataIzq2": {
					"rotation": [0, 0, "0-math.cos(query.anim_time*1000)*10"]
				},
				"PataDer1": {
					"rotation": [0, 0, "0+math.cos(query.anim_time*1000)*10"]
				},
				"PataDer2": {
					"rotation": [0, 0, "0-math.cos(query.anim_time*1000)*10"]
				},
				"bone9": {
					"position": [0, 0, 0]
				},
				"bone15": {
					"rotation": {
						"0.0": [0, 67.5, -70],
						"0.9583": [0, 50, -70]
					},
					"position": {
						"0.0": [-5, -3, 2],
						"0.9583": [-5, -3, 2]
					}
				},
				"bone18": {
					"rotation": [-2.5, -67.5, 80],
					"position": [4, -2, 2]
				},
				"bone21": {
					"rotation": [100, -2.5, 97.5]
				}
			}
		},
		"animation.rupter.static": {
			"loop": true,
			"bones": {
				"bone10": {
					"rotation": [0, 0, "0+math.cos(query.anim_time*100)*15"]
				},
				"bone13": {
					"rotation": [0, 0, "0-math.cos(query.anim_time*100)*15"]
				},
				"bone16": {
					"rotation": [0, 0, "0+math.cos(query.anim_time*100)*15"]
				},
				"bone19": {
					"rotation": [0, 0, "0-math.cos(query.anim_time*100)*15"]
				},
				"bone22": {
					"rotation": ["0-math.cos(query.anim_time*100)*7.5", 0, "0-math.cos(query.anim_time*100)*7.5"]
				}
			}
		}
	}
}