{
  "format_version": "1.10.0",
  "animation_controllers": {
    "controller.animation.kissy_missy.crawl": {
      "states": {
        "default": {
          "transitions": [
            {
              "walking": "(1.0)"
            }
          ],
          "on_entry": [
            "/function crawl"
          ]
        },
        "crawl": {
          "transitions": [
            {
              "default": "!query.has_target"
            }
          ],
          "on_entry": [
            "/playsound mob.huggy_wuggy.chase @a"
          ]
        }
      }
    }
  }
}