{
	"format_version": "1.10.0",
	"animation_controllers": {
                "controller.animation.mommy_long_legs": {
			"states": {
				"default": {
					"transitions": [
						{
							"pulling": "query.is_casting"
						}
					],
					"on_entry": [
                                               "/execute @e[type=!among:mommy_long_legs,type=!among:huggy_wuggy,type=!among:kissy_missy,type=!among:poppy,type=!player] ~~~ tp @e[type=!among:huggy_wuggy,type=!among:kissy_missy,type=!player] ^^^0.1 facing @e[type=among:mommy_long_legs,r=10,c=1]",
                                                "/execute @p[c=1,m=!c] ~~~ tp @p ^^^0.1 facing @e[type=among:mommy_long_legs,r=10,c=1]"
					]
				},
				"pulling": {
					"transitions": [
						{
							"default": "query.is_casting"
						}
					],
					"on_entry": [
                                              "/execute @e[type=!among:mommy_long_legs,type=!among:huggy_wuggy,type=!among:kissy_missy,type=!among:poppy,type=!player] ~~~ tp @e[type=!among:huggy_wuggy,type=!among:kissy_missy,type=!player] ^^^0.1 facing @e[type=among:mommy_long_legs,r=10,c=1]",
                                                "/execute @p[c=1,m=!c] ~~~ tp @p ^^^0.1 facing @e[type=among:mommy_long_legs,r=10,c=1]"
					]
				}
			}
		}
	}
}