{
  "format_version": "1.12",
  "minecraft:recipe_shaped": {
    "description": {
      "identifier": "nora_donutcake_6a8fe34c"
    },
    "tags": [
      "crafting_table"
    ],
    "pattern": [
      "A",
      "B",
      "C"
    ],
    "key": {
      "A": {
        "item": "pa:nora_chocolate",
        "data": 0
      },
      "B": {
        "item": "minecraft:dye",
        "data": 6
      },
      "C": {
        "item": "minecraft:wheat",
        "data": 0
      }
    },
    "result": {
      "item": "pa:nora_donutcake",
      "count": 1
    }
  }
}