{
  "format_version": "1.12",
  "minecraft:recipe_shaped": {
    "description": {
      "identifier": "nora_mangosoda_6da34521"
    },
    "tags": [
      "crafting_table"
    ],
    "pattern": [
      " AB",
      " C "
    ],
    "key": {
      "A": {
        "item": "minecraft:dye",
        "data": 14
      },
      "B": {
        "item": "minecraft:honey_bottle",
        "data": 0
      },
      "C": {
        "item": "minecraft:glass_bottle",
        "data": 0
      }
    },
    "result": {
      "item": "pa:nora_mangosoda",
      "count": 1
    }
  }
}