{
  "format_version": "1.12",
  "minecraft:recipe_shaped": {
    "description": {
      "identifier": "nora_vintagephone_6b3f0b17"
    },
    "tags": [
      "crafting_table"
    ],
    "pattern": [
      "A",
      "B",
      "C"
    ],
    "key": {
      "A": {
        "item": "minecraft:dye",
        "data": 9
      },
      "B": {
        "item": "minecraft:redstone_lamp",
        "data": 0
      },
      "C": {
        "item": "minecraft:redstone_torch",
        "data": 0
      }
    },
    "result": {
      "item": "pa:nora_vintagephone",
      "count": 1
    }
  }
}