{
  "format_version": "1.12",
  "minecraft:recipe_shaped": {
    "description": {
      "identifier": "nora_jam_244dcea8"
    },
    "tags": [
      "crafting_table"
    ],
    "pattern": [
      " AB",
      " C "
    ],
    "key": {
      "A": {
        "item": "minecraft:honey_bottle",
        "data": 0
      },
      "B": {
        "item": "minecraft:apple",
        "data": 0
      },
      "C": {
        "item": "minecraft:glass_bottle",
        "data": 0
      }
    },
    "result": {
      "item": "pa:nora_jam",
      "count": 1
    }
  }
}