{
  "format_version": "1.12",
  "minecraft:recipe_shaped": {
    "description": {
      "identifier": "nora_halloween2_b9b1a216"
    },
    "tags": [
      "crafting_table"
    ],
    "pattern": [
      "AAA",
      "BCD",
      "AAA"
    ],
    "key": {
      "A": {
        "item": "minecraft:paper",
        "data": 0
      },
      "B": {
        "item": "minecraft:sugar",
        "data": 0
      },
      "C": {
        "item": "minecraft:bone",
        "data": 0
      },
      "D": {
        "item": "minecraft:dye",
        "data": 14
      }
    },
    "result": {
      "item": "pa:nora_halloween2",
      "count": 1
    }
  }
}