{
  "format_version": "1.12",
  "minecraft:recipe_shaped": {
    "description": {
      "identifier": "nora_ramen_60170805"
    },
    "tags": [
      "crafting_table"
    ],
    "pattern": [
      "ABC",
      " D "
    ],
    "key": {
      "A": {
        "item": "minecraft:brown_mushroom",
        "data": 0
      },
      "B": {
        "item": "minecraft:potion",
        "data": 0
      },
      "C": {
        "item": "minecraft:wheat",
        "data": 0
      },
      "D": {
        "item": "minecraft:bowl",
        "data": 0
      }
    },
    "result": {
      "item": "pa:nora_ramen",
      "count": 1
    }
  }
}