{
  "format_version": "1.12",
  "minecraft:recipe_shaped": {
    "description": {
      "identifier": "nora_gamegirl_34f69740"
    },
    "tags": [
      "crafting_table"
    ],
    "pattern": [
      " A ",
      "BCD"
    ],
    "key": {
      "A": {
        "item": "minecraft:dye",
        "data": 9
      },
      "B": {
        "item": "minecraft:redstone_lamp",
        "data": 0
      },
      "C": {
        "item": "minecraft:redstone",
        "data": 0
      },
      "D": {
        "item": "minecraft:redstone_torch",
        "data": 0
      }
    },
    "result": {
      "item": "pa:nora_gamegirl",
      "count": 1
    }
  }
}