{
    "format_version": "1.10.0",
    "minecraft:entity": {
        "description": {
            "identifier": "en:mati3",
            "is_spawnable": false,
            "is_summonable": true,
            "is_experimental": false
        },
        "component_groups": {
            "minecraft:start_dying": {
                "minecraft:timer": {
                    "looping": false,
                    "time": 7,
                    "time_down_event": {
                        "event": "minecraft:death_event",
                        "target": "self"
                    }
                }
            },
            "minecraft:death": {
                "minecraft:transformation": {
                    "into": "en:mati<minecraft:entity_spawned>"
                }
            }
        },
        "components": {
            "minecraft:nameable": {},
            "minecraft:health": {
                "value": 20,
                "max": 20
            },
            "minecraft:collision_box": {
                "width": 5,
                "height": 10
            },
            "minecraft:breathable": {
                "total_supply": 10,
                "suffocate_time": 0,
                "breathes_water": false,
                "breathes_air": true
            },
            "minecraft:movement": {
                "value": 0
            },
            "minecraft:knockback_resistance": {
                "value": 1
            },
            "minecraft:navigation.walk": {},
            "minecraft:movement.basic": {},
            "minecraft:can_climb": {},
            "minecraft:scale": {
                "value": 0.1
            },
            "minecraft:damage_sensor": [
                {
                    "on_damage": {
                        "filters": {
                            "test": "is_family",
                            "subject": "other",
                            "value": "monster"
                        }
                    },
                    "deals_damage": false
                }
            ],
            "minecraft:behavior.nearest_attackable_target": {
                "priority": 2,
                "must_see": true,
                "within_radius": 35,
                "reselect_targets": true,
                "must_see_forget_duration": 2,
                "entity_types": [
                    {
                        "filters": {
                            "any_of": [
                                {
                                    "test": "is_family",
                                    "subject": "other",
                                    "value": ""
                                },
                                {
                                    "test": "is_family",
                                    "subject": "other",
                                    "value": ""
                                },
                                {
                                    "test": "is_family",
                                    "subject": "other",
                                    "value": ""
                                }
                            ]
                        },
                        "max_dist": 35
                    },
                    {
                        "filters": {
                            "any_of": [
                                {
                                    "test": "is_family",
                                    "subject": "other",
                                    "value": ""
                                },
                                {
                                    "test": "is_family",
                                    "subject": "other",
                                    "value": ""
                                }
                            ]
                        },
                        "max_dist": 35,
                        "must_see": false
                    },
                    {
                        "filters": {
                            "all_of": [
                                {
                                    "test": "is_family",
                                    "subject": "other",
                                    "value": ""
                                },
                                {
                                    "test": "in_water",
                                    "subject": "other",
                                    "operator": "!=",
                                    "value": true
                                }
                            ]
                        },
                        "max_dist": 35
                    }
                ]
            },
            "minecraft:follow_range": {
                "value": 35
            },
            "minecraft:behavior.ranged_attack": {
                "priority": 1,
                "attack_interval_min": 1,
                "attack_interval_max": 4,
                "attack_radius": 35,
                "burst_shots": 1,
                "burst_interval": 1
            },
            "minecraft:behavior.random_stroll": {
                "priority": 3,
                "speed_multiplier": 1
            },
            "minecraft:shooter": {
                "def": "snowball"
            },
            "minecraft:behavior.look_at_player": {
                "priority": 1,
                "look_distance": 1
            },
            "minecraft:behavior.random_look_around": {
                "priority": 4
            },
            "minecraft:pushable": {
                "is_pushable": false,
                "is_pushable_by_piston": false
            },
            "minecraft:type_family": {
                "family": [
                    "monster"
                ]
            },
            "minecraft:physics": {}
        },
        "events": {
            "minecraft:entity_spawned": {
                "add": {
                    "component_groups": [
                        "minecraft:start_dying"
                    ]
                }
            },
            "minecraft:death_event": {
                "remove": {
                    "component_groups": [
                        "minecraft:start_dying"
                    ]
                },
                "add": {
                    "component_groups": [
                        "minecraft:death"
                    ]
                }
            }
        }
    }
}