{
  "format_version": "1.15.0",
  "minecraft:biome": {
    "description": {
      "identifier": "parasitebiome"
    },
    "components": {
      "minecraft:climate": {
        "downfall": 0.0,
        "snow_accumulation": [
          0.0,
          0.33
        ],
        "temperature": 5.0,
        "blue_spores": 0,
        "red_spores": 0,
        "white_ash": 0,
        "ash": 2
      },
      "minecraft:overworld_height": {
        "noise_type": "default"
      },
      "animal": {},
      "monster": {},
      "overworld": {},
      "parasitebiome": {},
      "minecraft:surface_parameters": {
        "top_material": "srp:change_me",
        "mid_material": "srp:change_me",
        "foundation_material": "srp:infectedstone",
        "sea_floor_material": "srp:change_me",
        "sea_material": "minecraft:water",
        "sea_floor_depth": 10
      },
      "minecraft:overworld_generation_rules": {
        "hills_transformation": "cold_taiga_hills",
        "generate_for_climates": [
          [
            "cold",
            0
          ],
          [
            "medium",
            30
          ]
        ]
      }
    }
  }
}