{
	"format_version": "1.10.0",
	"minecraft:attachable": {
		"description": { 
			"identifier": "kuraputi:blumel_flor.player",
			"item": {
				"kuraputi:blumel_flor": "query.owner_identifier == 'minecraft:player'"
			},
			"materials": {
				"default": "armor",
				"enchanted": "armor_enchanted"
			},
			"textures": {
				"default": "textures/models/armor/blumel_flor",
				"enchanted": "textures/misc/enchanted_item_glint"
			},
			"geometry": {
				"default": "geometry.blumel_flor"
			},
			"scripts": {
				"parent_setup": "variable.helmet_layer_visible = 0.0;"
			},
			"render_controllers": [
				"controller.render.armor"
			]
		}
	}
}
