{
  "format_version":"1.16.100",
  "animation_controllers":{
    "controller.animation.crocodile":{
      "states":{
        "default":{
          "transitions":[
            {"k":"query.variant == 27000"},
            {"kurouzu":"query.variant == 270"},
            {"crocodile1":"query.has_target && !query.is_in_water_or_rain"}
          ]
        },
        "crocodile1":{
          "transitions":[
            {"default":"variable.time = (variable.time ?? 0);variable.time = variable.time < 200 ? variable.time + 1:0;return variable.time == 0;"}
          ],
          "on_entry":[
            "/function akumanomi/sunasuna/grandsekko3",
            "/effect @e[dx=16,dy=0,dz=16,rm=1] wither 20 1 true",
            "/effect @e[dx=-16,dy=0,dz=16,rm=1] wither 20 1 true",
            "/effect @e[dx=-16,dy=0,dz=-16,rm=1] wither 20 1 true",
            "/effect @e[dx=16,dy=0,dz=-16,rm=1] wither 20 1 true"
          ]
        },
        "kurouzu":{
          "transitions":[
            {"default":"query.variant == 0"}
          ]
        },
        "k":{}
      }
    }
  }
}