{"animation_controllers":{"controller.animation.huggy_wuggy_bd_morph.dusk":{"initial_state":"moving","states":{"moving":{"transitions":[{"sneaking":"query.is_sneaking && query.variant>=300"},{"sneaking_moving":"query.is_sneaking && query.is_moving && query.variant>=300"},{"sneaking_attack":"query.is_sneaking && variable.attack_time > 0 && variable.random == 0 && query.variant>=300"},{"sneaking_moving_attack":"query.is_sneaking && query.is_moving && variable.attack_time > 0 && variable.random == 0 && query.variant>=300"},{"sneaking_moving_attack1":"query.is_sneaking && query.is_moving && variable.attack_time > 0 && variable.random == 1 && query.variant>=300"},{"sneaking_attack1":"query.is_sneaking && variable.attack_time > 0 && variable.random == 1 && query.variant>=300"}]},"sneaking_attack":{"animations":["dusk2_leg","attack1"],"transitions":[{"moving":"!query.is_sneaking && !variable.attack_time > 0 && variable.random == 0 && query.variant>=300"}]},"sneaking_attack1":{"animations":["dusk2_leg","attack2"],"transitions":[{"moving":"!query.is_sneaking && !variable.attack_time > 0 && variable.random == 1 && query.variant>=300"}]},"sneaking_general":{"animations":["dusk","dusk2_leg","general_leg"],"transitions":[{"moving":"!query.is_sneaking && query.variant>=300"}]},"sneaking_moving":{"animations":["dusk","dusk2_leg","moving_leg"],"transitions":[{"moving":"!query.is_sneaking && !query.is_moving && query.variant>=300"}]},"sneaking_moving_attack":{"animations":["dusk2_leg","attack1","moving_leg"],"transitions":[{"moving":"!query.is_sneaking && !variable.attack_time > 0 && variable.random == 0 && !query.is_moving && query.variant>=300"}]},"sneaking_moving_attack1":{"animations":["dusk2_leg","attack2","moving_leg"],"transitions":[{"moving":"!query.is_sneaking && !variable.attack_time > 0 && variable.random == 1 && !query.is_moving && query.variant>=300"}]}}},"controller.animation.huggy_wuggy_bd_morph.general":{"initial_state":"moving","states":{"attack1":{"animations":["attack1"],"blend_transition":0.2,"transitions":[{"moving":"query.all_animations_finished && query.variant>=300"},{"attack_vent_moving":"variable.attack_time > 0 && variable.random == 0 && query.is_stunned && query.variant>=300"},{"attack_running":"variable.attack_time > 0 && variable.random == 0 && !query.is_stunned && query.ground_speed >= 4.5 && query.variant>=300"},{"dead":"!query.is_alive && query.variant>=300"}]},"attack2":{"animations":["attack2"],"blend_transition":0.2,"transitions":[{"moving":"query.all_animations_finished && query.variant>=300"},{"attack2_vent_moving":"variable.attack_time > 0 && variable.random == 1 && query.is_stunned && query.variant>=300"},{"attack2_running":"variable.attack_time > 0 && variable.random == 1 && !query.is_stunned && query.ground_speed >= 4.5 && query.variant>=300"},{"dead":"!query.is_alive && query.variant>=300"}]},"attack2_running":{"animations":["attack2","running_leg"],"blend_transition":0.2,"transitions":[{"running":"query.all_animations_finished && query.variant>=300"},{"attack2_vent_moving":"variable.attack_time > 0 && variable.random == 1 && query.is_stunned && query.variant>=300"},{"attack2":"variable.attack_time > 0 && variable.random == 1 && !query.is_stunned && query.ground_speed <= 3.5 && query.variant>=300"},{"falling":"(!variable.attack_time > 0 && !query.is_on_ground && query.ground_speed > 11 && query.variant>=300)"},{"dead":"!query.is_alive && query.variant>=300"}]},"attack2_vent_moving":{"animations":["attack2","vent_moving_leg"],"blend_transition":0.2,"transitions":[{"vent_start":"query.all_animations_finished && query.variant>=300"},{"moving":"!query.is_stunned && query.variant>=300"},{"running":"!query.is_stunned && query.variant>=300"},{"attack2":"variable.attack_time > 0 && variable.random == 1 && !query.is_stunned && query.variant>=300"},{"attack2_running":"variable.attack_time > 0 && variable.random == 1 && !query.is_stunned && query.ground_speed >= 4.5 && query.variant>=300"},{"falling":"(!variable.attack_time > 0 && !query.is_on_ground && query.ground_speed > 11 && query.variant>=300)"},{"dead":"!query.is_alive && query.variant>=300"}]},"attack_running":{"animations":["attack1","running_leg"],"blend_transition":0.2,"transitions":[{"running":"query.all_animations_finished && query.variant>=300"},{"attack_vent_moving":"variable.attack_time > 0 && variable.random == 0 && query.is_stunned && query.variant>=300"},{"attack1":"variable.attack_time > 0 && variable.random == 0 && !query.is_stunned && query.ground_speed <= 3.5 && query.variant>=300"},{"falling":"(!variable.attack_time > 0 && !query.is_on_ground && query.ground_speed > 11 && query.variant>=300)"},{"dead":"!query.is_alive && query.variant>=300"}]},"attack_vent_moving":{"animations":["attack1","vent_moving_leg"],"blend_transition":0.2,"transitions":[{"vent_start":"query.all_animations_finished && query.variant>=300"},{"moving":"!query.is_stunned && query.variant>=300"},{"running":"!query.is_stunned && query.variant>=300"},{"attack1":"variable.attack_time > 0 && variable.random == 0 && !query.is_stunned && query.variant>=300"},{"attack_running":"variable.attack_time > 0 && variable.random == 0 && !query.is_stunned && query.ground_speed >= 4.5 && query.variant>=300"},{"falling":"(!variable.attack_time > 0 && !query.is_on_ground && query.ground_speed > 11 && query.variant>=300)"},{"dead":"!query.is_alive && query.variant>=300"}]},"dead":{"animations":["play_dead","play_dead_leg","look_at_off"],"blend_transition":0.2,"transitions":[{"moving":"query.is_alive && query.variant>=300"}]},"falling":{"animations":["falling","look_at_off"],"blend_transition":0.2,"transitions":[{"to_revive":"query.is_on_ground && query.variant>=300 && (!query.is_in_water && query.ground_speed < 11)"},{"falling_vent":"(!variable.attack_time > 0 && !query.is_on_ground && query.is_stunned && query.ground_speed > 11 && query.variant>=300)"},{"dead":"!query.is_alive && query.variant>=300"}]},"falling_vent":{"animations":["falling","look_at_off","dusk_leg"],"blend_transition":0.2,"transitions":[{"to_revive":"query.is_on_ground && query.variant>=300 && (!query.is_in_water && query.ground_speed < 11)"},{"falling":"(!variable.attack_time > 0 && !query.is_on_ground && !query.is_stunned && query.ground_speed > 11 && query.variant>=300)"},{"dead":"!query.is_alive && query.variant>=300"}]},"moving":{"animations":[{"moving":"variable.move_speed"},{"huggy_wuggy_bd_general":"variable.is_idling"}],"blend_transition":0.2,"transitions":[{"running":"query.ground_speed >= 4.5 && query.variant>=300"},{"dead":"!query.is_alive && query.variant>=300"},{"vent_start":"query.is_stunned && query.variant>=300"},{"statue":"query.get_equipped_item_name == 'statue' && query.is_using_item && query.variant>=300"},{"attack1":"variable.attack_time > 0 && variable.random == 0 && query.variant>=300"},{"attack2":"variable.attack_time > 0 && variable.random == 1 && query.variant>=300"}],"variables":{"is_idling":{"input":"query.modified_move_speed","remap_curve":{"0.0":1,"0.1":0}},"move_speed":{"input":"query.modified_move_speed","remap_curve":{"0.0":0,"0.25":1}}}},"running":{"animations":["running","running_leg","look_at_off"],"blend_transition":0.1,"transitions":[{"moving":"query.ground_speed <= 3.5 && query.variant>=300"},{"vent_start":"query.is_stunned && query.variant>=300"},{"falling":"(!query.is_delayed_attacking && !query.is_on_ground && query.ground_speed > 11 && query.variant>=300)"},{"attack2_running":"variable.attack_time > 0 && variable.random == 1 && query.ground_speed >= 4.5 && query.variant>=300"},{"attack_running":"variable.attack_time > 0 && variable.random == 0 && query.ground_speed >= 4.5 && query.variant>=300"},{"dead":"!query.is_alive && query.variant>=300"}]},"statue":{"animations":["statue","look_at_off"],"blend_transition":0.2,"transitions":[{"moving":"!query.is_using_item && query.variant>=300"}]},"to_revive":{"animations":["to_revive","to_revive_leg","look_at_off"],"blend_transition":0.2,"transitions":[{"moving":"query.all_animations_finished && query.variant>=300"},{"dead":"!query.is_alive && query.variant>=300"}]},"vent_moving":{"animations":["vent_moving","vent_moving_leg"],"blend_transition":0.1,"transitions":[{"moving":"!query.is_stunned && query.variant>=300"},{"vent_moving_sound":"query.is_moving && query.variant>=300"},{"running":"!query.is_stunned && query.variant>=300"},{"falling":"(!query.is_delayed_attacking && !query.is_on_ground && query.ground_speed > 11 && query.variant>=300)"},{"vent_moving_sound_fast":"query.ground_speed >= 4.5 && query.variant>=300"},{"dead":"!query.is_alive && query.variant>=300"},{"attack_vent_moving":"variable.attack_time > 0 && variable.random == 0 && query.is_stunned && query.variant>=300"},{"attack2_vent_moving":"variable.attack_time > 0 && variable.random == 1 && query.is_stunned && query.variant>=300"}]},"vent_moving_sound":{"animations":["vent_moving","vent_moving_leg","vent_moving_sound"],"blend_transition":0.1,"transitions":[{"moving":"!query.is_stunned && query.variant>=300"},{"vent_moving":"!query.is_moving && query.variant>=300"},{"running":"!query.is_stunned && query.variant>=300"},{"falling":"(!query.is_delayed_attacking && !query.is_on_ground && query.ground_speed > 11 && query.variant>=300)"},{"vent_moving_sound_fast":"query.ground_speed >= 4.5 && query.variant>=300"},{"dead":"!query.is_alive && query.variant>=300"},{"attack_vent_moving":"variable.attack_time > 0 && variable.random == 0 && query.is_stunned && query.variant>=300"},{"attack2_vent_moving":"variable.attack_time > 0 && variable.random == 1 && query.is_stunned && query.variant>=300"}]},"vent_moving_sound_fast":{"animations":["vent_moving","vent_moving_leg","vent_moving_sound_fast"],"blend_transition":0.1,"transitions":[{"moving":"!query.is_stunned && query.variant>=300"},{"vent_moving":"!query.is_moving && query.variant>=300"},{"vent_moving_sound":"query.ground_speed <= 3.5 query.variant>=300"},{"running":"!query.is_stunned && query.variant>=300"},{"falling":"(!query.is_delayed_attacking && !query.is_on_ground && query.ground_speed > 11 && query.variant>=300)"},{"dead":"!query.is_alive && query.variant>=300"},{"attack_vent_moving":"variable.attack_time > 0 && variable.random == 0 && query.is_stunned && query.variant>=300"},{"attack2_vent_moving":"variable.attack_time > 0 && variable.random == 1 && query.is_stunned && query.variant>=300"}]},"vent_start":{"animations":["dusk2","vent_moving_leg"],"blend_transition":0.1,"transitions":[{"moving":"!query.is_stunned && query.variant>=300"},{"vent_moving_sound":"query.is_moving && query.variant>=300"},{"vent_moving":"query.is_moving && query.variant>=300"},{"running":"!query.is_stunned && query.variant>=300"},{"vent_moving_sound_fast":"query.ground_speed >= 4.5 && query.variant>=300"},{"attack_vent_moving":"variable.attack_time > 0 && variable.random == 0 && query.is_stunned && query.variant>=300"},{"attack2_vent_moving":"variable.attack_time > 0 && variable.random == 1 && query.is_stunned && query.variant>=300"},{"falling":"(!query.is_delayed_attacking && !query.is_on_ground && query.ground_speed > 11 && query.variant>=300)"},{"dead":"!query.is_alive && query.variant>=300"}]}}},"controller.animation.huggy_wuggy_bd_morph.look_at":{"initial_state":"moving","states":{"look_off_jumpscare":{"animations":["look_at_off"],"transitions":[{"moving":"!query.has_rider && query.variant>=300"}]},"look_off_running":{"animations":["look_at_off"],"transitions":[{"moving":"query.ground_speed <= 3.5 && query.variant>=300"}]},"moving":{"animations":["look_at"],"transitions":[{"look_off_jumpscare":"query.has_rider && query.variant>=300"},{"look_off_running":"query.ground_speed >= 4.5 && !query.is_stunned && query.variant>=300"}]}}}},"format_version":"1.10.0"}