{"animation_controllers":{"controller.animation.kissy_missy_bd.crouch_leg":{"states":{"default":{"blend_transition":0.1,"transitions":[{"dusk_leg":"variable.dusk_3_block && !query.is_sheared"},{"dusk2_leg":"(variable.dusk_2_block && query.ground_speed <= 2.5 && query.is_sheared && !variable.nodusk_all_block) || (query.is_sheared && variable.nodusk_all_block)"},{"vent_move_leg":"(variable.dusk_2_block && query.ground_speed >= 2.5 && query.is_sheared && !variable.nodusk_all_block) || (query.is_sheared && query.ground_speed >= 2.5 && variable.nodusk_all_block)"}]},"dusk2_leg":{"animations":["dusk2_leg"],"blend_transition":0.5,"transitions":[{"default":"(variable.nodusk_2_block && !query.is_sheared && !variable.dusk_3_block) || (!query.is_sheared && variable.nodusk_all_block)"},{"vent_move_leg":"(variable.dusk_2_block && query.ground_speed >= 2.5 && query.is_sheared && !variable.nodusk_all_block) || (query.is_sheared && query.ground_speed >= 2.5 && variable.nodusk_all_block)"},{"dusk_leg":"variable.dusk_3_block && !query.is_sheared && !variable.nodusk_all_block"},{"grab_success_down_leg":"(query.has_rider && variable.dusk_2_block) || (query.has_rider && query.is_sheared)"}]},"dusk_leg":{"animations":["dusk_leg"],"blend_transition":0.5,"transitions":[{"default":"(variable.nodusk_3_block && !query.is_sheared)"},{"dusk2_leg":"(variable.dusk_2_block && query.ground_speed <= 2.5 && query.is_sheared && !variable.nodusk_all_block) || (query.is_sheared && variable.nodusk_all_block)"},{"vent_move_leg":"(variable.dusk_2_block && query.ground_speed >= 2.5 && query.is_sheared && !variable.nodusk_all_block) || (query.is_sheared && query.ground_speed >= 2.5 && variable.nodusk_all_block)"}]},"grab_success_down_leg":{"animations":["grab_success_down_leg"],"blend_transition":0.2,"transitions":[{"dusk2_leg":"!query.has_rider"}]},"vent_move_leg":{"animations":["vent_move_leg"],"blend_transition":0.5,"transitions":[{"default":"(variable.nodusk_2_block && !query.is_sheared) || (!query.is_sheared && variable.nodusk_all_block && query.ground_speed <= 2.5)"},{"dusk_leg":"variable.dusk_3_block && !query.is_sheared"},{"grab_success_down_leg":"(query.has_rider && variable.dusk_2_block) || (query.has_rider && query.is_sheared)"}]}}},"controller.animation.kissy_missy_bd.died":{"states":{"default":{"animations":["dead_entity"]}}},"controller.animation.kissy_missy_bd.general":{"initial_state":"moving","states":{"attack1":{"animations":["attack1"],"blend_transition":0.3,"transitions":[{"moving":"query.all_animations_finished"},{"grab":"query.is_casting && (variable.dusk_3_block || variable.nodusk_3_block && !query.is_sheared)"},{"grab2":"(query.is_casting && variable.dusk_2_block) || (query.is_casting && query.is_sheared)"}]},"attack2":{"animations":["attack2"],"blend_transition":0.3,"transitions":[{"moving":"query.all_animations_finished"},{"grab":"query.is_casting && (variable.dusk_3_block || variable.nodusk_3_block && !query.is_sheared)"},{"grab2":"(query.is_casting && variable.dusk_2_block) || (query.is_casting && query.is_sheared)"}]},"dead":{"animations":["dead"],"blend_transition":0.3,"transitions":[{"moving":"!query.is_transforming"}]},"dusk":{"animations":["dusk"],"blend_transition":0.5,"transitions":[{"moving":"variable.nodusk_3_block"},{"attack1":"query.is_delayed_attacking && variable.random == 0"},{"attack2":"query.is_delayed_attacking && variable.random == 1"},{"grab_success":"query.has_rider && (variable.dusk_3_block || variable.nodusk_3_block && !query.is_sheared)"},{"vent_move":"(variable.dusk_2_block && query.ground_speed >= 2.5 && query.is_sheared && !variable.nodusk_all_block) || (query.is_sheared && query.ground_speed >= 2.5 && variable.nodusk_all_block)"},{"dusk2":"(variable.dusk_2_block && query.ground_speed <= 2.5 && query.is_sheared && !variable.nodusk_all_block) || (query.is_sheared && variable.nodusk_all_block)"},{"play_dead":"query.is_playing_dead"}]},"dusk2":{"animations":["dusk2"],"blend_transition":0.5,"transitions":[{"moving":"(variable.nodusk_2_block && !query.is_sheared && !variable.dusk_3_block) || (!query.is_sheared && variable.nodusk_all_block)"},{"attack1":"query.is_delayed_attacking && variable.random == 0"},{"attack2":"query.is_delayed_attacking && variable.random == 1"},{"grab":"query.is_casting"},{"grab2":"(query.is_casting && variable.dusk_2_block) || (query.is_casting && query.is_sheared)"},{"vent_move":"(variable.dusk_2_block && query.ground_speed >= 2.5 && query.is_sheared && !variable.nodusk_all_block) || (query.is_sheared && query.ground_speed >= 2.5 && variable.nodusk_all_block)"},{"dusk":"variable.dusk_3_block && !query.is_sheared && !variable.nodusk_all_block"},{"play_dead":"query.is_playing_dead"}]},"falling":{"animations":["falling"],"blend_transition":0.1,"transitions":[{"landing":"query.is_on_ground && (!query.is_in_water && query.ground_speed < 11)"},{"play_dead":"query.is_playing_dead"}]},"grab":{"animations":["grab"],"blend_transition":0.3,"transitions":[{"moving":"query.all_animations_finished"},{"grab_success":"query.has_rider && (variable.dusk_3_block || variable.nodusk_3_block && !query.is_sheared)"},{"grab_success_down":"(query.has_rider && variable.dusk_2_block) || (query.has_rider && query.is_sheared)"},{"falling":"(!query.is_delayed_attacking && !query.is_on_ground && query.ground_speed > 11)"},{"play_dead":"query.is_playing_dead"}]},"grab2":{"animations":["grab2"],"blend_transition":0.3,"transitions":[{"moving":"query.all_animations_finished"},{"grab_success":"query.has_rider && (variable.dusk_3_block || variable.nodusk_3_block && !query.is_sheared)"},{"grab_success_down":"(query.has_rider && variable.dusk_2_block) || (query.has_rider && query.is_sheared)"},{"falling":"(!query.is_delayed_attacking && !query.is_on_ground && query.ground_speed > 11)"},{"play_dead":"query.is_playing_dead"}]},"grab_success":{"animations":["grab_success"],"blend_transition":0.2,"transitions":[{"moving":"!query.has_rider"},{"play_dead":"query.is_playing_dead"}]},"grab_success_down":{"animations":["grab_success_down"],"blend_transition":0.2,"transitions":[{"dusk2":"!query.has_rider"},{"play_dead":"query.is_playing_dead"}]},"landing":{"animations":["landing"],"blend_transition":0.3,"transitions":[{"moving":"query.all_animations_finished"},{"play_dead":"query.is_playing_dead"},{"grab":"query.is_casting && (variable.dusk_3_block || variable.nodusk_3_block && !query.is_sheared)"},{"grab2":"(query.is_casting && variable.dusk_2_block) || (query.is_casting && query.is_sheared)"}]},"moving":{"animations":[{"moving":"variable.move_speed"},{"kissy_missy_gus_general":"variable.is_idling"}],"blend_transition":0.1,"transitions":[{"attack1":"query.is_delayed_attacking && variable.random == 0"},{"attack2":"query.is_delayed_attacking && variable.random == 1"},{"dusk":"variable.dusk_3_block && !query.is_sheared"},{"dusk2":"(variable.dusk_2_block && query.ground_speed <= 2.5 && query.is_sheared && !variable.nodusk_all_block) || (query.is_sheared && variable.nodusk_all_block)"},{"grab":"query.is_casting && (variable.dusk_3_block || variable.nodusk_3_block && !query.is_sheared)"},{"grab2":"(query.is_casting && variable.dusk_2_block) || (query.is_casting && query.is_sheared)"},{"grab_success":"query.has_rider && (variable.dusk_3_block || variable.nodusk_3_block && !query.is_sheared)"},{"vent_move":"(variable.dusk_2_block && query.ground_speed >= 2.5 && query.is_sheared && !variable.nodusk_all_block) || (query.is_sheared && query.ground_speed >= 2.5 && variable.nodusk_all_block)"},{"falling":"(!query.is_delayed_attacking && !query.is_on_ground && query.ground_speed > 11)"},{"play_dead":"query.is_playing_dead"},{"dead":"query.is_transforming"},{"running":"(query.is_on_ground && query.ground_speed >= 6.7 && !query.is_sheared && variable.nodusk_all_block)"}],"variables":{"is_idling":{"input":"query.modified_move_speed","remap_curve":{"0.0":1,"0.1":0}},"move_speed":{"input":"query.modified_move_speed","remap_curve":{"0.0":0,"0.25":1}}}},"play_dead":{"animations":["play_dead"],"blend_transition":0.3,"transitions":[{"landing":"!query.is_playing_dead"}]},"running":{"animations":["running"],"blend_transition":0.5,"transitions":[{"moving":"query.ground_speed <= 6.7 || !query.is_on_ground"},{"attack1":"query.is_delayed_attacking && variable.random == 0"},{"attack2":"query.is_delayed_attacking && variable.random == 1"},{"grab":"query.is_casting"},{"grab2":"(query.is_casting && variable.dusk_2_block) || (query.is_casting && query.is_sheared)"},{"dusk":"variable.dusk_3_block && !query.is_sheared"},{"falling":"(!query.is_delayed_attacking && !query.is_on_ground && query.ground_speed > 11)"},{"play_dead":"query.is_playing_dead"}]},"vent_move":{"animations":["vent_move"],"blend_transition":0.5,"transitions":[{"dusk2":"(variable.nodusk_2_block && !query.is_sheared) || (!query.is_sheared && variable.nodusk_all_block && query.ground_speed <= 2.5)"},{"attack1":"query.is_delayed_attacking && variable.random == 0"},{"attack2":"query.is_delayed_attacking && variable.random == 1"},{"grab":"query.is_casting"},{"grab2":"(query.is_casting && variable.dusk_2_block) || (query.is_casting && query.is_sheared)"},{"dusk":"variable.dusk_3_block && !query.is_sheared"},{"falling":"(!query.is_delayed_attacking && !query.is_on_ground && query.ground_speed > 11)"},{"play_dead":"query.is_playing_dead"}]}}},"controller.animation.kissy_missy_bd.general_leg":{"initial_state":"moving_leg","states":{"dead_leg":{"animations":["dead_leg"],"blend_transition":0.3,"transitions":[{"moving_leg":"!query.is_transforming"}]},"falling_leg":{"animations":["other_leg"],"blend_transition":0.1,"transitions":[{"landing_leg":"query.is_on_ground && (!query.is_in_water && query.ground_speed < 11)"}]},"grab2_leg":{"animations":["other_leg2"],"blend_transition":0.3,"transitions":[{"moving_leg":"query.all_animations_finished"}]},"grab_leg":{"animations":["other_leg2"],"blend_transition":0.3,"transitions":[{"moving_leg":"query.all_animations_finished"}]},"landing_leg":{"animations":["landing_leg"],"blend_transition":0.3,"transitions":[{"moving_leg":"query.all_animations_finished"},{"grab_leg":"query.is_casting && (variable.dusk_3_block || variable.nodusk_3_block && !query.is_sheared)"},{"grab2_leg":"(query.is_casting && variable.dusk_2_block) || (query.is_casting && query.is_sheared)"}]},"moving_leg":{"animations":[{"moving_leg":"variable.move_speed"},{"kissy_missy_gus_general_leg":"variable.is_idling"}],"transitions":[{"vent_move_leg":"(variable.dusk_2_block && query.ground_speed >= 2.5 && query.is_sheared && !variable.nodusk_all_block) || (query.is_sheared && query.ground_speed >= 2.5 && variable.nodusk_all_block)"},{"falling_leg":"(!query.is_delayed_attacking && !query.is_on_ground && query.ground_speed > 11)"},{"play_dead_leg":"query.is_playing_dead"},{"dead_leg":"query.is_transforming"},{"running_leg":"(query.is_on_ground && query.ground_speed >= 6.7 && !query.is_sheared && variable.nodusk_all_block)"}],"variables":{"is_idling":{"input":"query.modified_move_speed","remap_curve":{"0.0":1,"0.1":0}},"move_speed":{"input":"query.modified_move_speed","remap_curve":{"0.0":0,"0.25":1}}}},"play_dead_leg":{"animations":["play_dead_leg"],"blend_transition":0.3,"transitions":[{"landing_leg":"!query.is_playing_dead"}]},"running_leg":{"animations":["running_leg"],"blend_transition":0.3,"transitions":[{"vent_move_leg":"(variable.dusk_2_block && query.ground_speed >= 2.5 && query.is_sheared && !variable.nodusk_all_block) || (query.is_sheared && query.ground_speed >= 2.5 && variable.nodusk_all_block)"},{"moving_leg":"query.ground_speed <= 6.7 || !query.is_on_ground"}]},"vent_move_leg":{"animations":["other_leg"],"blend_transition":0.5,"transitions":[{"moving_leg":"(variable.nodusk_2_block && !query.is_sheared) || (!query.is_sheared && variable.nodusk_all_block && query.ground_speed <= 2.5)"},{"play_dead_leg":"query.is_playing_dead"}]}}},"controller.animation.kissy_missy_bd.look_out":{"states":{"look_at_off":{"animations":["look_at_off"],"transitions":[{"moving":"!query.has_rider"}]},"moving":{"animations":["look_at"],"transitions":[{"look_at_off":"query.has_rider"}]}}},"controller.animation.kissy_missy_bd.vent_sounding":{"initial_state":"vent_move_sound","states":{"vent_move_sound":{"animations":[{"vent_move_sound":"variable.move_speed"},{"other_leg":"variable.is_idling"}],"transitions":[{"vent_move_sound_fast":"(variable.dusk_2_block && query.is_on_ground && query.ground_speed >= 6.7 && query.is_sheared && !variable.nodusk_all_block) || (query.is_sheared && query.is_on_ground && query.ground_speed >= 6.7 && variable.nodusk_all_block)"}],"variables":{"is_idling":{"input":"query.modified_move_speed","remap_curve":{"0.0":1,"0.1":0}},"move_speed":{"input":"(query.modified_move_speed && variable.dusk_2_block && query.is_sheared && !variable.nodusk_all_block)","remap_curve":{"0.0":0,"0.25":1}}}},"vent_move_sound_fast":{"animations":["vent_move_sound_fast"],"blend_transition":0.5,"transitions":[{"vent_move_sound":"query.ground_speed <= 6.7"}]}}}},"format_version":"1.10.0"}