{
    "format_version": "1.14.0",
    "minecraft:entity": {
        "description": {
            "identifier": "among:mommy_long_legs",
            "is_spawnable": true,
            "is_summonable": true,
            "is_experimental": false,
            "scripts": {
                "animate": [
                    "pulling"
                ]
            },
            "animations": {
                "pulling": "controller.animation.mommy_long_legs"
            }
        },
        "components": {
            "minecraft:nameable": {},
            
            "minecraft:movement": {
                "value": 0.38
            },
            "minecraft:type_family": {
                "family": ["amongus"]
            },
            "minecraft:collision_box": {
                "width": 1,
                "height": 1.8
            },
              "minecraft:scale": {
                "value": 1.3
            },
            "minecraft:navigation.climb": {
                "can_path_over_water": true            },
            "minecraft:hide": {},
            "minecraft:pushable": {
                "is_pushable": true,
                "is_pushable_by_piston": true
            },
			"minecraft:behavior.avoid_mob_type": {
                "priority": 2,
                "entity_types": [{
                        "filters": {
                            "any_of": [{
                                    "test": "is_family",
                                    "subject": "other",
                                    "value": "huggy"
                                },
                                {
                                    "test": "is_family",
                                    "subject": "other",
                                    "value": "kissy_missy"
                                }
                            ]
                        },
                        "walk_speed_multiplier": 1,
                        "sprint_speed_multiplier": 1
                    }
                ],
                "max_dist": 50
            },
            "minecraft:movement.basic": {},
            "minecraft:navigation.walk": {
                "is_amphibious": true,
                "can_pass_doors": true,
                "can_walk": true
            },
            "minecraft:jump.static": {},
            "minecraft:can_climb": {},

            "minecraft:attack": {
                "damage": 200
            },
            "minecraft:behavior.float": {
                "priority": 0
            },
            "minecraft:health": {
                "value": 1200,
                "max": 1200
            },
            "minecraft:behavior.summon_entity": {
		    "priority": 1,
		    "summon_choices": [
			    {
				    "min_activation_range": 8,
				    "max_activation_range": 10,
				    "cooldown_time": 10,
				    "weight": 3,
				    "cast_duration": 4,
				    "start_sound_event": "plop",
				    "sequence": [
					    {
						    "shape": "circle",
						    "target": "target",
						    "base_delay": 1,
						    "delay_per_summon": 0,
						    "num_entities_spawned": 1,
						    "entity_type": {},
						    "size": 0.1,
						    "entity_lifespan": 10,
						    "sound_event": "plop"
					    }
				    ]
			    }
		    ]
	    },
            "minecraft:knockback_resistance": {
                "value": 1.0
            },
            "minecraft:behavior.melee_attack": {
                "priority": 3,
                "speed_multiplier": 1.0,
                "track_target": false
            },
            "minecraft:breathable": {
                "totalSupply": 15,
                "suffocateTime": 0,
                "breathesAir": true,
                "breathesWater": true
            },
            "minecraft:loot": {
                "table": "loot_tables/entities/mommy_long_legs.json"
            },
            
            "minecraft:behavior.nearest_attackable_target": {
              "priority": 5,
              "within_radius": 300,
              "entity_types": [
                {
                  "filters": {
                    "any_of": [
            
            {
                        "test": "is_family",
                        "subject": "other",
                        "value": "villager"
                      },
                      {
                        "test": "is_family",
                        "subject": "other",
                        "value": "player"
                      }
                   ]
                },
                "max_dist": 300
              }
           ],
           "must_see": false
        },
        "minecraft:follow_range": {
            "value": 345,
            "max": 345
        },
        "minecraft:behavior.move_towards_restriction": {
            "priority": 2,
            "speed_multiplier": 1
        },
        "minecraft:behavior.random_stroll": {
            "priority": 3,
            "speed_multiplier": 1
        },
        "minecraft:behavior.random_look_around": {
            "priority": 1
        },
        "minecraft:physics": {}
      }
    }
  }
}