{
  "format_version": "1.10.0",
  "animation_controllers": {
    "controller.animation.run": {
      "initial_state": "default",
      "states": {
        "default": {
          "transitions": [
            {
              "run": "query.is_sprinting"
            }
          ]
        },
        "run": {
          "transitions": [
            {
              "default": "query.is_sprinting"
            }
          ],
          "on_entry": [
            "/effect @p jump_boost 2 5 true",
            "/effect @p speed 2 5 true"
          ]
        }
      }
    }
  }
}