{
	"format_version": "1.10.0",
	"animation_controllers": {
     "controller.animation.vent_jumpscare": {
			"states": {
				"default": {
					"transitions": [
						{
							"vent_jumpscare": "query.get_equipped_item_name == 'jumpscare2' && query.is_using_item"
						}
					],
					"on_entry": [
                  "/execute @e[r=2.1,type=!player] ~~~ tp @s ~ ~2.2 ~",
                  "/kill @e[type=!player,r=2.2]",
                  "/effect @e[r=3] blindness 2 2 true",
                  "/gamerule commandblockoutput false",
                  "/gamerule sendcommandfeedback false",
                  "/tp @s @s"
					]
				},
				"vent_jumpscare": {
					"transitions": [
						{
							"default": "query.get_equipped_item_name == 'jumpscare2' && query.is_using_item"
						}
					],
					"on_entry": [
                  "/execute @e[r=2.1,type=!player] ~~~ tp @s ~ ~2.2 ~",
                  "/kill @e[type=!player,r=2.2]",
                  "/effect @e[r=3] blindness 2 2 true",
                  "/gamerule commandblockoutput false",
                  "/gamerule sendcommandfeedback false",
                  "/tp @s @s"
					]
				}
			}
		}
	}
}