{
	"tiers": [
		{
			"total_exp_required": 0,
			"groups": [
				{
					"num_to_select": 1,
					"trades": [
						{
							"wants": [
								{
									"item": "minecraft:rotten_flesh",
									"quantity": 32,
									"price_multiplier": 0.05
								}
							],
							"gives": [
								{
									"item": "minecraft:emerald",
									"quantity": 1
								}
							],
							"trader_exp": 2,
							"max_uses": 16,
							"reward_exp": true
						}
					]
				},
				{
					"num_to_select": 1,
					"trades": [
						{
							"wants": [
								{
									"item": "minecraft:emerald",
									"quantity": 1,
									"price_multiplier": 0.05
								}
							],
							"gives": [
								{
									"item": "minecraft:redstone",
									"quantity": 2
								}
							],
							"trader_exp": 1,
							"max_uses": 12,
							"reward_exp": true
						}
					]
				}
			]
		},
		{
			"total_exp_required": 10,
			"groups": [
				{
					"num_to_select": 1,
					"trades": [
						{
							"wants": [
								{
									"item": "minecraft:gold_ingot",
									"quantity": 3,
									"price_multiplier": 0.05
								}
							],
							"gives": [
								{
									"item": "minecraft:emerald",
									"quantity": 1
								}
							],
							"trader_exp": 10,
							"max_uses": 12,
							"reward_exp": true
						}
					]
				},
				{
					"num_to_select": 1,
					"trades": [
						{
							"wants": [
								{
									"item": "minecraft:emerald",
									"quantity": 1,
									"price_multiplier": 0.05
								}
							],
							"gives": [
								{
									"item": "minecraft:dye:4",
									"quantity": 1
								}
							],
							"trader_exp": 5,
							"max_uses": 12,
							"reward_exp": true
						}
					]
				}
			]
		},
		{
			"total_exp_required": 70,
			"groups": [
				{
					"num_to_select": 1,
					"trades": [
						{
							"wants": [
								{
									"item": "minecraft:rabbit_foot",
									"quantity": 2,
									"price_multiplier": 0.05
								}
							],
							"gives": [
								{
									"item": "minecraft:emerald",
									"quantity": 1
								}
							],
							"trader_exp": 20,
							"max_uses": 12,
							"reward_exp": true
						}
					]
				},
				{
					"num_to_select": 1,
					"trades": [
						{
							"wants": [
								{
									"item": "minecraft:emerald",
									"quantity": 4,
									"price_multiplier": 0.05
								}
							],
							"gives": [
								{
									"item": "minecraft:glowstone_dust",
									"quantity": 1
								}
							],
							"trader_exp": 10,
							"max_uses": 12,
							"reward_exp": true
						}
					]
				}
			]
		},
		{
			"total_exp_required": 150,
			"groups": [
				{
					"num_to_select": 1,
					"trades": [
						{
							"wants": [
								{
									"item": "minecraft:turtle_shell_piece",
									"quantity": 4,
									"price_multiplier": 0.05
								}
							],
							"gives": [
								{
									"item": "minecraft:emerald",
									"quantity": 1
								}
							],
							"trader_exp": 30,
							"max_uses": 12,
							"reward_exp": true
						},
						{
							"wants": [
								{
									"item": "minecraft:glass_bottle",
									"quantity": 9,
									"price_multiplier": 0.05
								}
							],
							"gives": [
								{
									"item": "minecraft:emerald",
									"quantity": 1
								}
							],
							"trader_exp": 30,
							"max_uses": 12,
							"reward_exp": true
						}
					]
				},
				{
					"num_to_select": 1,
					"trades": [
						{
							"wants": [
								{
									"item": "minecraft:emerald",
									"quantity": 5,
									"price_multiplier": 0.05
								}
							],
							"gives": [
								{
									"item": "minecraft:ender_pearl",
									"quantity": 1
								}
							],
							"trader_exp": 15,
							"max_uses": 12,
							"reward_exp": true
						}
					]
				}
			]
		},
		{
			"total_exp_required": 250,
			"groups": [
				{
					"num_to_select": 1,
					"trades": [
						{
							"wants": [
								{
									"item": "minecraft:nether_wart",
									"quantity": 22,
									"price_multiplier": 0.05
								}
							],
							"gives": [
								{
									"item": "minecraft:emerald",
									"quantity": 1
								}
							],
							"trader_exp": 30,
							"max_uses": 12,
							"reward_exp": true
						}
					]
				},
				{
					"num_to_select": 1,
					"trades": [
						{
							"wants": [
								{
									"item": "minecraft:emerald",
									"quantity": 3,
									"price_multiplier": 0.05
								}
							],
							"gives": [
								{
									"item": "minecraft:experience_bottle",
									"quantity": 1
								}
							],
							"trader_exp": 30,
							"max_uses": 12,
							"reward_exp": true
						}
					]
				},
				{
					"num_to_select": 1,
					"trades": [
						{
							"wants": [
								{
									"item": "minecraft:diamond",
									"quantity": 3,
									"price_multiplier": 0.05
								}
							],
							"gives": [
								{
									"item": "kuraputi:bag_of_change",
									"quantity": 1
								}
							],
							"trader_exp": 45,
							"max_uses": 5,
							"reward_exp": true
						}
					]
				}
			]
		}
	]
}
