{
	"format_version": "1.10.0",
	"geometry.witherstorm.tentacles1": {
		"texturewidth": 1024,
		"textureheight": 1024,
		"visible_bounds_width": 31,
		"visible_bounds_height": 8,
		"visible_bounds_offset": [0, 4, 0],
		"bones": [
			{
				"name": "body0",
				"pivot": [0, 24, 0],
				"reset": true
			},
			{
				"name": "tentacles",
				"parent": "body0",
				"pivot": [0, 3, 12],
				"rotation": [10, 45, -10],
				"reset": true,
				"cubes": [
					{"origin": [-7.11015, -6.71057, -11.48578], "size": [3.61608, 3.61608, 19.31256], "uv": [64, 64], "inflate": 4.5}
				]
			},
			{
				"name": "part1",
				"parent": "tentacles",
				"pivot": [-6, -4.83035, -7.72322],
				"reset": true,
				"cubes": [
					{"origin": [-6.62168, -5.88327, -17.93027], "size": [2.025, 2.025, 5.6], "uv": [64, 64], "inflate": 9}
				]
			},
			{
				"name": "part2",
				"parent": "part1",
				"pivot": [-3.36, -3.265, -19.445],
				"reset": true,
				"cubes": [
					{"origin": [-6.62168, -5.88327, -26.03029], "size": [2.025, 2.025, 5.6], "uv": [64, 64], "inflate": 8.5}
				]
			},
			{
				"name": "part3",
				"parent": "part2",
				"pivot": [-1.68, -6.625, -18.885],
				"reset": true,
				"cubes": [
					{"origin": [-6.62168, -5.88327, -34.13031], "size": [2.025, 2.025, 5.6], "uv": [64, 64], "inflate": 8}
				]
			},
			{
				"name": "part4",
				"parent": "part3",
				"pivot": [-1.68, -6.065, -24.485],
				"reset": true,
				"cubes": [
					{"origin": [-6.62168, -5.88327, -42.23033], "size": [2.025, 2.025, 5.6], "uv": [64, 64], "inflate": 7.5}
				]
			},
			{
				"name": "part5",
				"parent": "part4",
				"pivot": [-2.24, -4.945, -34.565],
				"reset": true,
				"cubes": [
					{"origin": [-6.62168, -5.88327, -50.33035], "size": [2.025, 2.025, 5.6], "uv": [64, 64], "inflate": 7}
				]
			},
			{
				"name": "part6",
				"parent": "part5",
				"pivot": [-2.24, -7.185, -44.645],
				"reset": true,
				"cubes": [
					{"origin": [-6.62168, -5.88327, -58.43037], "size": [2.025, 2.025, 5.6], "uv": [64, 64], "inflate": 6.5}
				]
			},
			{
				"name": "part7",
				"parent": "part6",
				"pivot": [-3.92, -5.505, -58.085],
				"reset": true,
				"cubes": [
					{"origin": [-6.62168, -5.88327, -66.53039], "size": [2.025, 2.025, 5.6], "uv": [64, 64], "inflate": 6}
				]
			},
			{
				"name": "part8",
				"parent": "part7",
				"pivot": [-2.24, -6.065, -61.445],
				"reset": true,
				"cubes": [
					{"origin": [-6.62168, -5.88327, -74.63041], "size": [2.025, 2.025, 5.6], "uv": [64, 64], "inflate": 5.5}
				]
			},
			{
				"name": "part9",
				"parent": "part8",
				"pivot": [-3.36, -5.505, -74.325],
				"reset": true,
				"cubes": [
					{"origin": [-6.62168, -5.88327, -82.73043], "size": [2.025, 2.025, 5.6], "uv": [64, 64], "inflate": 5}
				]
			},
			{
				"name": "part10",
				"parent": "part9",
				"pivot": [-2.24, -6.625, -77.685],
				"reset": true,
				"cubes": [
					{"origin": [-6.62168, -5.88327, -90.83045], "size": [2.025, 2.025, 5.6], "uv": [64, 64], "inflate": 4.5}
				]
			},
			{
				"name": "part11",
				"parent": "part10",
				"pivot": [-2.8, -8.305, -86.085],
				"reset": true,
				"cubes": [
					{"origin": [-6.62168, -5.88327, -98.93046], "size": [2.025, 2.025, 5.6], "uv": [64, 64], "inflate": 4}
				]
			},
			{
				"name": "part12",
				"parent": "part11",
				"pivot": [-1.68, -4.385, -95.605],
				"reset": true,
				"cubes": [
					{"origin": [-6.62168, -5.88327, -107.03048], "size": [2.025, 2.025, 5.6], "uv": [64, 64], "inflate": 3.5}
				]
			},
			{
				"name": "part13",
				"parent": "part12",
				"pivot": [-3.36, -0.465, -105.125],
				"reset": true,
				"cubes": [
					{"origin": [-6.62168, -5.88327, -115.1305], "size": [2.025, 2.025, 5.6], "uv": [64, 64], "inflate": 3}
				]
			},
			{
				"name": "part14",
				"parent": "part13",
				"pivot": [-3.36, -1.585, -106.805],
				"reset": true,
				"cubes": [
					{"origin": [-6.62168, -5.88327, -123.23052], "size": [2.025, 2.025, 5.6], "uv": [64, 64], "inflate": 2.5}
				]
			},
			{
				"name": "part15",
				"parent": "part14",
				"pivot": [-3.92, 0.095, -124.165],
				"reset": true,
				"cubes": [
					{"origin": [-6.62168, -5.88327, -131.33054], "size": [2.025, 2.025, 5.6], "uv": [64, 64], "inflate": 2}
				]
			},
			{
				"name": "part16",
				"parent": "part15",
				"pivot": [-2.24, -4.945, -121.925],
				"reset": true,
				"cubes": [
					{"origin": [-6.62168, -5.88327, -139.43056], "size": [2.025, 2.025, 5.6], "uv": [64, 64], "inflate": 1.5}
				]
			},
			{
				"name": "part17",
				"parent": "part16",
				"pivot": [-5.04, -1.025, -148.805],
				"reset": true,
				"cubes": [
					{"origin": [-6.62168, -5.88327, -147.53058], "size": [2.025, 2.025, 5.6], "uv": [64, 64], "inflate": 1}
				]
			},
			{
				"name": "part18",
				"parent": "part17",
				"pivot": [-3.36, -1.585, -147.685],
				"reset": true,
				"cubes": [
					{"origin": [-6.62168, -5.88327, -155.6306], "size": [2.025, 2.025, 7.84], "uv": [64, 64]}
				]
			},
			{
				"name": "part19",
				"parent": "part18",
				"pivot": [-3.36, -2.145, -155.525],
				"reset": true,
				"cubes": [
					{"origin": [-6.62168, -5.88327, -163.73062], "size": [2.025, 2.025, 7.84], "uv": [64, 64], "inflate": -0.9}
				]
			},
			{
				"name": "part20",
				"parent": "part19",
				"pivot": [0, 1.215, -0.405],
				"reset": true
			}
		]
	}
}