{
	"format_version": "1.10.0",
	"geometry.witherstorm.tentacles2": {
		"texturewidth": 1024,
		"textureheight": 1024,
		"visible_bounds_width": 20,
		"visible_bounds_height": 13,
		"visible_bounds_offset": [0, 6.5, 0],
		"bones": [
			{
				"name": "body0",
				"pivot": [0, 10, 0],
				"rotation" : [0, 0, 0],
				"reset": true
			},
			{
				"name": "tentacles",
				"parent": "body0",
				"pivot": [10, 10, 12],
				"rotation": [10, -45, -5],
				"reset": true,
				"cubes": [
					{"origin": [2.88985, 0.28943, -11.48578], "size": [3.61608, 3.61608, 19.31256], "uv": [64, 64], "inflate": 4.5}
				]
			},
			{
				"name": "part1",
				"parent": "tentacles",
				"pivot": [4, 2.16965, -7.72322],
				"rotation": [0, 0, 180],
				"reset": true,
				"cubes": [
					{"origin": [3.37832, 1.11673, -17.93027], "size": [2.025, 2.025, 5.6], "uv": [64, 64], "inflate": 9}
				]
			},
			{
				"name": "part2",
				"parent": "part1",
				"pivot": [6.64, 3.735, -19.445],
				"reset": true,
				"cubes": [
					{"origin": [3.37832, 1.11673, -26.03029], "size": [2.025, 2.025, 5.6], "uv": [64, 64], "inflate": 8.5}
				]
			},
			{
				"name": "part3",
				"parent": "part2",
				"pivot": [8.32, 0.375, -18.885],
				"reset": true,
				"cubes": [
					{"origin": [3.37832, 1.11673, -34.13031], "size": [2.025, 2.025, 5.6], "uv": [64, 64], "inflate": 8}
				]
			},
			{
				"name": "part4",
				"parent": "part3",
				"pivot": [8.32, 0.935, -24.485],
				"reset": true,
				"cubes": [
					{"origin": [3.37832, 1.11673, -42.23033], "size": [2.025, 2.025, 5.6], "uv": [64, 64], "inflate": 7.5}
				]
			},
			{
				"name": "part5",
				"parent": "part4",
				"pivot": [7.76, 2.055, -34.565],
				"reset": true,
				"cubes": [
					{"origin": [3.37832, 1.11673, -50.33035], "size": [2.025, 2.025, 5.6], "uv": [64, 64], "inflate": 7}
				]
			},
			{
				"name": "part6",
				"parent": "part5",
				"pivot": [7.76, -0.185, -44.645],
				"reset": true,
				"cubes": [
					{"origin": [3.37832, 1.11673, -58.43037], "size": [2.025, 2.025, 5.6], "uv": [64, 64], "inflate": 6.5}
				]
			},
			{
				"name": "part7",
				"parent": "part6",
				"pivot": [6.08, 1.495, -58.085],
				"reset": true,
				"cubes": [
					{"origin": [3.37832, 1.11673, -66.53039], "size": [2.025, 2.025, 5.6], "uv": [64, 64], "inflate": 6}
				]
			},
			{
				"name": "part8",
				"parent": "part7",
				"pivot": [7.76, 0.935, -61.445],
				"reset": true,
				"cubes": [
					{"origin": [3.37832, 1.11673, -74.63041], "size": [2.025, 2.025, 5.6], "uv": [64, 64], "inflate": 5.5}
				]
			},
			{
				"name": "part9",
				"parent": "part8",
				"pivot": [6.64, 1.495, -74.325],
				"reset": true,
				"cubes": [
					{"origin": [3.37832, 1.11673, -82.73043], "size": [2.025, 2.025, 5.6], "uv": [64, 64], "inflate": 5}
				]
			},
			{
				"name": "part10",
				"parent": "part9",
				"pivot": [7.76, 0.375, -77.685],
				"reset": true,
				"cubes": [
					{"origin": [3.37832, 1.11673, -90.83045], "size": [2.025, 2.025, 5.6], "uv": [64, 64], "inflate": 4.5}
				]
			},
			{
				"name": "part11",
				"parent": "part10",
				"pivot": [7.2, -1.305, -86.085],
				"reset": true,
				"cubes": [
					{"origin": [3.37832, 1.11673, -98.93046], "size": [2.025, 2.025, 5.6], "uv": [64, 64], "inflate": 4}
				]
			},
			{
				"name": "part12",
				"parent": "part11",
				"pivot": [8.32, 2.615, -95.605],
				"reset": true,
				"cubes": [
					{"origin": [3.37832, 1.11673, -107.03048], "size": [2.025, 2.025, 5.6], "uv": [64, 64], "inflate": 3.5}
				]
			},
			{
				"name": "part13",
				"parent": "part12",
				"pivot": [6.64, 6.535, -105.125],
				"reset": true,
				"cubes": [
					{"origin": [3.37832, 1.11673, -115.1305], "size": [2.025, 2.025, 5.6], "uv": [64, 64], "inflate": 3}
				]
			},
			{
				"name": "part14",
				"parent": "part13",
				"pivot": [6.64, 5.415, -106.805],
				"reset": true,
				"cubes": [
					{"origin": [3.37832, 1.11673, -123.23052], "size": [2.025, 2.025, 5.6], "uv": [64, 64], "inflate": 2.5}
				]
			},
			{
				"name": "part15",
				"parent": "part14",
				"pivot": [6.08, 7.095, -124.165],
				"reset": true,
				"cubes": [
					{"origin": [3.37832, 1.11673, -131.33054], "size": [2.025, 2.025, 5.6], "uv": [64, 64], "inflate": 2}
				]
			},
			{
				"name": "part16",
				"parent": "part15",
				"pivot": [7.76, 2.055, -121.925],
				"reset": true,
				"cubes": [
					{"origin": [3.37832, 1.11673, -139.43056], "size": [2.025, 2.025, 5.6], "uv": [64, 64], "inflate": 1.5}
				]
			},
			{
				"name": "part17",
				"parent": "part16",
				"pivot": [4.96, 5.975, -148.805],
				"reset": true,
				"cubes": [
					{"origin": [3.37832, 1.11673, -147.53058], "size": [2.025, 2.025, 5.6], "uv": [64, 64], "inflate": 1}
				]
			},
			{
				"name": "part18",
				"parent": "part17",
				"pivot": [6.64, 5.415, -147.685],
				"reset": true,
				"cubes": [
					{"origin": [3.37832, 1.11673, -155.6306], "size": [2.025, 2.025, 7.84], "uv": [64, 64]}
				]
			},
			{
				"name": "part19",
				"parent": "part18",
				"pivot": [6.64, 4.855, -155.525],
				"reset": true,
				"cubes": [
					{"origin": [3.37832, 1.11673, -163.73062], "size": [2.025, 2.025, 7.84], "uv": [64, 64], "inflate": -0.9}
				]
			},
			{
				"name": "part20",
				"parent": "part19",
				"pivot": [10, 8.215, -0.405],
				"reset": true
			}
		]
	}
}