{
	"format_version": "1.10.0",
	"geometry.witherstorm.tentacles3": {
		"texturewidth": 1024,
		"textureheight": 1024,
		"visible_bounds_width": 23,
		"visible_bounds_height": 13,
		"visible_bounds_offset": [0, 6.5, 0],
		"bones": [
			{
				"name": "body0",
				"pivot": [0, 24, 0],
				"reset": true
			},
			{
				"name": "tentacles",
				"parent": "body0",
				"pivot": [-8, 10, 20],
				"rotation": [10, 175, -5],
				"reset": true,
				"cubes": [
					{"origin": [-15.11015, 0.28943, -3.48578], "size": [3.61608, 3.61608, 19.31256], "uv": [64, 64], "inflate": 4.5}
				]
			},
			{
				"name": "part1",
				"parent": "tentacles",
				"pivot": [-14, 2.16965, 0.27678],
				"reset": true,
				"cubes": [
					{"origin": [-14.62168, 1.11673, -9.93027], "size": [2.025, 2.025, 5.6], "uv": [64, 64], "inflate": 9}
				]
			},
			{
				"name": "part2",
				"parent": "part1",
				"pivot": [-11.36, 3.735, -11.445],
				"reset": true,
				"cubes": [
					{"origin": [-14.62168, 1.11673, -18.03029], "size": [2.025, 2.025, 5.6], "uv": [64, 64], "inflate": 8.5}
				]
			},
			{
				"name": "part3",
				"parent": "part2",
				"pivot": [-9.68, 0.375, -10.885],
				"reset": true,
				"cubes": [
					{"origin": [-14.62168, 1.11673, -26.13031], "size": [2.025, 2.025, 5.6], "uv": [64, 64], "inflate": 8}
				]
			},
			{
				"name": "part4",
				"parent": "part3",
				"pivot": [-9.68, 0.935, -16.485],
				"reset": true,
				"cubes": [
					{"origin": [-14.62168, 1.11673, -34.23033], "size": [2.025, 2.025, 5.6], "uv": [64, 64], "inflate": 7.5}
				]
			},
			{
				"name": "part5",
				"parent": "part4",
				"pivot": [-10.24, 2.055, -26.565],
				"reset": true,
				"cubes": [
					{"origin": [-14.62168, 1.11673, -42.33035], "size": [2.025, 2.025, 5.6], "uv": [64, 64], "inflate": 7}
				]
			},
			{
				"name": "part6",
				"parent": "part5",
				"pivot": [-10.24, -0.185, -36.645],
				"reset": true,
				"cubes": [
					{"origin": [-14.62168, 1.11673, -50.43037], "size": [2.025, 2.025, 5.6], "uv": [64, 64], "inflate": 6.5}
				]
			},
			{
				"name": "part7",
				"parent": "part6",
				"pivot": [-11.92, 1.495, -50.085],
				"reset": true,
				"cubes": [
					{"origin": [-14.62168, 1.11673, -58.53039], "size": [2.025, 2.025, 5.6], "uv": [64, 64], "inflate": 6}
				]
			},
			{
				"name": "part8",
				"parent": "part7",
				"pivot": [-10.24, 0.935, -53.445],
				"reset": true,
				"cubes": [
					{"origin": [-14.62168, 1.11673, -66.63041], "size": [2.025, 2.025, 5.6], "uv": [64, 64], "inflate": 5.5}
				]
			},
			{
				"name": "part9",
				"parent": "part8",
				"pivot": [-11.36, 1.495, -66.325],
				"reset": true,
				"cubes": [
					{"origin": [-14.62168, 1.11673, -74.73043], "size": [2.025, 2.025, 5.6], "uv": [64, 64], "inflate": 5}
				]
			},
			{
				"name": "part10",
				"parent": "part9",
				"pivot": [-10.24, 0.375, -69.685],
				"reset": true,
				"cubes": [
					{"origin": [-14.62168, 1.11673, -82.83045], "size": [2.025, 2.025, 5.6], "uv": [64, 64], "inflate": 4.5}
				]
			},
			{
				"name": "part11",
				"parent": "part10",
				"pivot": [-10.8, -1.305, -78.085],
				"reset": true,
				"cubes": [
					{"origin": [-14.62168, 1.11673, -90.93046], "size": [2.025, 2.025, 5.6], "uv": [64, 64], "inflate": 4}
				]
			},
			{
				"name": "part12",
				"parent": "part11",
				"pivot": [-9.68, 2.615, -87.605],
				"reset": true,
				"cubes": [
					{"origin": [-14.62168, 1.11673, -99.03048], "size": [2.025, 2.025, 5.6], "uv": [64, 64], "inflate": 3.5}
				]
			},
			{
				"name": "part13",
				"parent": "part12",
				"pivot": [-11.36, 6.535, -97.125],
				"reset": true,
				"cubes": [
					{"origin": [-14.62168, 1.11673, -107.1305], "size": [2.025, 2.025, 5.6], "uv": [64, 64], "inflate": 3}
				]
			},
			{
				"name": "part14",
				"parent": "part13",
				"pivot": [-11.36, 5.415, -98.805],
				"reset": true,
				"cubes": [
					{"origin": [-14.62168, 1.11673, -115.23052], "size": [2.025, 2.025, 5.6], "uv": [64, 64], "inflate": 2.5}
				]
			},
			{
				"name": "part15",
				"parent": "part14",
				"pivot": [-11.92, 7.095, -116.165],
				"reset": true,
				"cubes": [
					{"origin": [-14.62168, 1.11673, -123.33054], "size": [2.025, 2.025, 5.6], "uv": [64, 64], "inflate": 2}
				]
			},
			{
				"name": "part16",
				"parent": "part15",
				"pivot": [-10.24, 2.055, -113.925],
				"reset": true,
				"cubes": [
					{"origin": [-14.62168, 1.11673, -131.43056], "size": [2.025, 2.025, 5.6], "uv": [64, 64], "inflate": 1.5}
				]
			},
			{
				"name": "part17",
				"parent": "part16",
				"pivot": [-13.04, 5.975, -140.805],
				"reset": true,
				"cubes": [
					{"origin": [-14.62168, 1.11673, -139.53058], "size": [2.025, 2.025, 5.6], "uv": [64, 64], "inflate": 1}
				]
			},
			{
				"name": "part18",
				"parent": "part17",
				"pivot": [-11.36, 5.415, -139.685],
				"reset": true,
				"cubes": [
					{"origin": [-14.62168, 1.11673, -147.6306], "size": [2.025, 2.025, 7.84], "uv": [64, 64]}
				]
			},
			{
				"name": "part19",
				"parent": "part18",
				"pivot": [-11.36, 4.855, -147.525],
				"reset": true,
				"cubes": [
					{"origin": [-14.62168, 1.11673, -155.73062], "size": [2.025, 2.025, 7.84], "uv": [64, 64], "inflate": -0.9}
				]
			},
			{
				"name": "part20",
				"parent": "part19",
				"pivot": [-8, 8.215, 7.595],
				"reset": true
			}
		]
	}
}