{
	"format_version": "1.10.0",
	"geometry.witherstorm.tentacles4": {
		"texturewidth": 1024,
		"textureheight": 1024,
		"visible_bounds_width": 24,
		"visible_bounds_height": 13,
		"visible_bounds_offset": [0, 6.5, 0],
		"bones": [
			{
				"name": "body0",
				"pivot": [0, 27, 0],
				"rotation" : [0, 0, 0],
				"reset": true
			},
			{
				"name": "tentacles",
				"parent": "body0",
				"pivot": [-35, 27, 17],
				"rotation": [10, 100, -5],
				"reset": true,
				"cubes": [
					{"origin": [-42.11015, 17.28943, -6.48578], "size": [3.61608, 3.61608, 19.31256], "uv": [64, 64], "inflate": 4.5}
				]
			},
			{
				"name": "part1",
				"parent": "tentacles",
				"pivot": [-41, 19.16965, -2.72322],
				"rotation": [0, 0, 180],
				"reset": true,
				"cubes": [
					{"origin": [-41.62168, 18.11673, -12.93027], "size": [2.025, 2.025, 5.6], "uv": [64, 64], "inflate": 9}
				]
			},
			{
				"name": "part2",
				"parent": "part1",
				"pivot": [-38.36, 20.735, -14.445],
				"reset": true,
				"cubes": [
					{"origin": [-41.62168, 18.11673, -21.03029], "size": [2.025, 2.025, 5.6], "uv": [64, 64], "inflate": 8.5}
				]
			},
			{
				"name": "part3",
				"parent": "part2",
				"pivot": [-36.68, 17.375, -13.885],
				"reset": true,
				"cubes": [
					{"origin": [-41.62168, 18.11673, -29.13031], "size": [2.025, 2.025, 5.6], "uv": [64, 64], "inflate": 8}
				]
			},
			{
				"name": "part4",
				"parent": "part3",
				"pivot": [-36.68, 17.935, -19.485],
				"reset": true,
				"cubes": [
					{"origin": [-41.62168, 18.11673, -37.23033], "size": [2.025, 2.025, 5.6], "uv": [64, 64], "inflate": 7.5}
				]
			},
			{
				"name": "part5",
				"parent": "part4",
				"pivot": [-37.24, 19.055, -29.565],
				"reset": true,
				"cubes": [
					{"origin": [-41.62168, 18.11673, -45.33035], "size": [2.025, 2.025, 5.6], "uv": [64, 64], "inflate": 7}
				]
			},
			{
				"name": "part6",
				"parent": "part5",
				"pivot": [-37.24, 16.815, -39.645],
				"reset": true,
				"cubes": [
					{"origin": [-41.62168, 18.11673, -53.43037], "size": [2.025, 2.025, 5.6], "uv": [64, 64], "inflate": 6.5}
				]
			},
			{
				"name": "part7",
				"parent": "part6",
				"pivot": [-38.92, 18.495, -53.085],
				"reset": true,
				"cubes": [
					{"origin": [-41.62168, 18.11673, -61.53039], "size": [2.025, 2.025, 5.6], "uv": [64, 64], "inflate": 6}
				]
			},
			{
				"name": "part8",
				"parent": "part7",
				"pivot": [-37.24, 17.935, -56.445],
				"reset": true,
				"cubes": [
					{"origin": [-41.62168, 18.11673, -69.63041], "size": [2.025, 2.025, 5.6], "uv": [64, 64], "inflate": 5.5}
				]
			},
			{
				"name": "part9",
				"parent": "part8",
				"pivot": [-38.36, 18.495, -69.325],
				"reset": true,
				"cubes": [
					{"origin": [-41.62168, 18.11673, -77.73043], "size": [2.025, 2.025, 5.6], "uv": [64, 64], "inflate": 5}
				]
			},
			{
				"name": "part10",
				"parent": "part9",
				"pivot": [-37.24, 17.375, -72.685],
				"reset": true,
				"cubes": [
					{"origin": [-41.62168, 18.11673, -85.83045], "size": [2.025, 2.025, 5.6], "uv": [64, 64], "inflate": 4.5}
				]
			},
			{
				"name": "part11",
				"parent": "part10",
				"pivot": [-37.8, 15.695, -81.085],
				"reset": true,
				"cubes": [
					{"origin": [-41.62168, 18.11673, -93.93046], "size": [2.025, 2.025, 5.6], "uv": [64, 64], "inflate": 4}
				]
			},
			{
				"name": "part12",
				"parent": "part11",
				"pivot": [-36.68, 19.615, -90.605],
				"reset": true,
				"cubes": [
					{"origin": [-41.62168, 18.11673, -102.03048], "size": [2.025, 2.025, 5.6], "uv": [64, 64], "inflate": 3.5}
				]
			},
			{
				"name": "part13",
				"parent": "part12",
				"pivot": [-38.36, 23.535, -100.125],
				"reset": true,
				"cubes": [
					{"origin": [-41.62168, 18.11673, -110.1305], "size": [2.025, 2.025, 5.6], "uv": [64, 64], "inflate": 3}
				]
			},
			{
				"name": "part14",
				"parent": "part13",
				"pivot": [-38.36, 22.415, -101.805],
				"reset": true,
				"cubes": [
					{"origin": [-41.62168, 18.11673, -118.23052], "size": [2.025, 2.025, 5.6], "uv": [64, 64], "inflate": 2.5}
				]
			},
			{
				"name": "part15",
				"parent": "part14",
				"pivot": [-38.92, 24.095, -119.165],
				"reset": true,
				"cubes": [
					{"origin": [-41.62168, 18.11673, -126.33054], "size": [2.025, 2.025, 5.6], "uv": [64, 64], "inflate": 2}
				]
			},
			{
				"name": "part16",
				"parent": "part15",
				"pivot": [-37.24, 19.055, -116.925],
				"reset": true,
				"cubes": [
					{"origin": [-41.62168, 18.11673, -134.43056], "size": [2.025, 2.025, 5.6], "uv": [64, 64], "inflate": 1.5}
				]
			},
			{
				"name": "part17",
				"parent": "part16",
				"pivot": [-40.04, 22.975, -143.805],
				"reset": true,
				"cubes": [
					{"origin": [-41.62168, 18.11673, -142.53058], "size": [2.025, 2.025, 5.6], "uv": [64, 64], "inflate": 1}
				]
			},
			{
				"name": "part18",
				"parent": "part17",
				"pivot": [-38.36, 22.415, -142.685],
				"reset": true,
				"cubes": [
					{"origin": [-41.62168, 18.11673, -150.6306], "size": [2.025, 2.025, 7.84], "uv": [64, 64]}
				]
			},
			{
				"name": "part19",
				"parent": "part18",
				"pivot": [-38.36, 21.855, -150.525],
				"reset": true,
				"cubes": [
					{"origin": [-41.62168, 18.11673, -158.73062], "size": [2.025, 2.025, 7.84], "uv": [64, 64], "inflate": -0.9}
				]
			},
			{
				"name": "part20",
				"parent": "part19",
				"pivot": [-35, 25.215, 4.595],
				"reset": true
			}
		]
	}
}