{
  "format_version": "1.10.0",
  "animation_controllers": {
    "controller.animation.attack": {
      "initial_state": "default",
      "states": {
        "default": {
          "transitions": [
            {
              "attack": "variable.attack_time > 0"
            }
          ]
        },
        "attack": {
          "transitions": [
            {
              "default": "variable.attack_time > 0"
            }
          ],
          "on_entry": [
           "/playsound mob.huggy_wuggy.attack @a"
          ]
        }
      }
    }
  }
}