{
  "format_version": "1.10.0",
  "animation_controllers": {
    "controller.animation.chase": {
      "initial_state": "default",
      "states": {
        "default": {
          "transitions": [
            {
              "move": "query.is_sneaking && query.is_jumping"
            }
          ]
        },
        "move": {
          "transitions": [
            {
              "default": "query.is_sneaking && query.is_jumping"
            }
          ],
          "on_entry": [
            "/stopsound @a mob.huggy_wuggy.chase",
            "/playsound mob.huggy_wuggy.chase"
          ]
        }
      }
    }
  }
}