{
  "format_version": "1.10.0",
  "animation_controllers": {
    "controller.animation.falling": {
      "states": {
        "default": {
          "transitions": [
            {
              "huggy_wuggy": "(1.0)"
            }
          ],
          "on_entry": [
          "/execute @a ~~~ tp @a ^^^3",

"/gamerule commandblockoutput false",

"/gamerule sendcommandfeedback false"
          ]
        },
        "huggy_wuggy": {
          "transitions": [
            {
              "default": "query.get_equipped_item_name == 'falling' && query.is_using_item"
            }
          ],
          "on_entry": [
          "/execute @a ~~~ tp @a ^^^5",

"/gamerule commandblockoutput false",

"/gamerule sendcommandfeedback false"
          ]
        }
      }
    }
  }
}