{
  "format_version": "1.10.0",
  "animation_controllers": {
    "controller.animation.step2": {
      "initial_state": "default",
      "states": {
        "default": {
          "transitions": [
            {
            "move": "query.ground_speed >= 0.1"
            }
          ]
        },
        "move": {
          "transitions": [
            {
           "default": "query.ground_speed >= 0.1"
            }
          ],
          "on_entry": [
            "/playsound mob.huggy_wuggy.vent_step @a"
          ]
        }
      }
    }
  }
}