{
  "format_version": "1.12.0",
  "minecraft:geometry": [
    {
      "description": {
        "identifier": "geometry.Choo_choo_charles_ag1",
        "texture_width": 256,
        "texture_height": 256,
        "visible_bounds_width": 7,
        "visible_bounds_height": 6.5,
        "visible_bounds_offset": [
          0,
          2.75,
          0
        ]
      },
      "bones": [
        {
          "name": "All",
          "pivot": [
            0,
            0,
            0
          ]
        },
        {
          "name": "Body",
          "parent": "All",
          "pivot": [
            0,
            42,
            0
          ],
          "cubes": [
            {
              "origin": [
                -4.97056,
                30,
                -22
              ],
              "size": [
                9.94113,
                24,
                26
              ],
              "pivot": [
                0,
                42,
                3
              ],
              "rotation": [
                0,
                0,
                45
              ],
              "uv": [
                144,
                133
              ]
            },
            {
              "origin": [
                -4.97056,
                29,
                -19
              ],
              "size": [
                9.94113,
                26,
                2
              ],
              "pivot": [
                0,
                42,
                3
              ],
              "rotation": [
                0,
                0,
                45
              ],
              "uv": [
                0,
                159
              ]
            },
            {
              "origin": [
                -4.97056,
                29,
                -4
              ],
              "size": [
                9.94113,
                26,
                2
              ],
              "pivot": [
                0,
                42,
                3
              ],
              "rotation": [
                0,
                0,
                45
              ],
              "uv": [
                96,
                46
              ]
            },
            {
              "origin": [
                -4.97056,
                30,
                -22
              ],
              "size": [
                9.94113,
                24,
                26
              ],
              "uv": [
                74,
                133
              ]
            },
            {
              "origin": [
                -5.97056,
                54,
                -19
              ],
              "size": [
                11.94113,
                1,
                2
              ],
              "uv": [
                0,
                39
              ]
            },
            {
              "origin": [
                -5.97056,
                54,
                -4
              ],
              "size": [
                11.94113,
                1,
                2
              ],
              "uv": [
                0,
                36
              ]
            },
            {
              "origin": [
                -12,
                37.02944,
                -22
              ],
              "size": [
                24,
                9.94113,
                26
              ],
              "pivot": [
                0,
                42,
                3
              ],
              "rotation": [
                0,
                0,
                45
              ],
              "uv": [
                0,
                124
              ]
            },
            {
              "origin": [
                -13,
                37.02944,
                -19
              ],
              "size": [
                26,
                9.94113,
                2
              ],
              "pivot": [
                0,
                42,
                3
              ],
              "rotation": [
                0,
                0,
                45
              ],
              "uv": [
                177,
                47
              ]
            },
            {
              "origin": [
                -13,
                37.02944,
                -4
              ],
              "size": [
                26,
                9.94113,
                2
              ],
              "pivot": [
                0,
                42,
                3
              ],
              "rotation": [
                0,
                0,
                45
              ],
              "uv": [
                177,
                36
              ]
            },
            {
              "origin": [
                -12,
                37.02944,
                -22
              ],
              "size": [
                24,
                9.94113,
                26
              ],
              "uv": [
                106,
                98
              ]
            },
            {
              "origin": [
                -13,
                36.02944,
                -19
              ],
              "size": [
                26,
                11.94113,
                2
              ],
              "uv": [
                132,
                82
              ]
            },
            {
              "origin": [
                -13,
                36.02944,
                -4
              ],
              "size": [
                26,
                11.94113,
                2
              ],
              "uv": [
                122,
                25
              ]
            },
            {
              "origin": [
                -15,
                24,
                4
              ],
              "size": [
                30,
                42,
                36
              ],
              "uv": [
                0,
                46
              ]
            },
            {
              "origin": [
                -20,
                66,
                2
              ],
              "size": [
                40,
                4,
                42
              ],
              "uv": [
                0,
                0
              ]
            },
            {
              "origin": [
                -13,
                24,
                -25
              ],
              "size": [
                26,
                7,
                29
              ],
              "uv": [
                96,
                46
              ]
            },
            {
              "origin": [
                -3,
                25,
                -27
              ],
              "size": [
                6,
                6,
                4
              ],
              "uv": [
                172,
                191
              ]
            },
            {
              "origin": [
                -14,
                24.5,
                -27
              ],
              "size": [
                6,
                6,
                4
              ],
              "uv": [
                53,
                169
              ]
            },
            {
              "origin": [
                8,
                24.5,
                -27
              ],
              "size": [
                6,
                6,
                4
              ],
              "uv": [
                53,
                159
              ]
            },
            {
              "origin": [
                -8,
                34,
                -24
              ],
              "size": [
                16,
                16,
                2
              ],
              "uv": [
                0,
                46
              ]
            },
            {
              "origin": [
                -7.5,
                34,
                -24.1
              ],
              "size": [
                15,
                8,
                2
              ],
              "uv": [
                0,
                64
              ]
            },
            {
              "origin": [
                -28,
                49,
                5
              ],
              "size": [
                56,
                25,
                0
              ],
              "uv": [
                122,
                0
              ]
            },
            {
              "origin": [
                -4,
                54,
                -16
              ],
              "size": [
                8,
                14,
                8
              ],
              "uv": [
                0,
                14
              ]
            },
            {
              "origin": [
                -5,
                68,
                -17
              ],
              "size": [
                10,
                4,
                10
              ],
              "uv": [
                0,
                0
              ]
            }
          ],
          "locators": {
            "air": [
              0,
              72,
              -12
            ]
          }
        },
        {
          "name": "Mouth",
          "parent": "Body",
          "pivot": [
            0,
            38,
            -24
          ],
          "cubes": [
            {
              "origin": [
                -7.5,
                34,
                -24.2
              ],
              "size": [
                15,
                7,
                2
              ],
              "uv": [
                196,
                195
              ]
            }
          ]
        },
        {
          "name": "R",
          "parent": "Body",
          "pivot": [
            11,
            24,
            -15
          ],
          "cubes": [
            {
              "origin": [
                10,
                19,
                -20
              ],
              "size": [
                2,
                10,
                10
              ],
              "uv": [
                72,
                199
              ]
            }
          ]
        },
        {
          "name": "R5",
          "parent": "Body",
          "pivot": [
            -11,
            24,
            -15
          ],
          "cubes": [
            {
              "origin": [
                -12,
                19,
                -20
              ],
              "size": [
                2,
                10,
                10
              ],
              "uv": [
                182,
                195
              ]
            }
          ]
        },
        {
          "name": "R2",
          "parent": "Body",
          "pivot": [
            11,
            24,
            0
          ],
          "cubes": [
            {
              "origin": [
                10,
                19,
                -5
              ],
              "size": [
                2,
                10,
                10
              ],
              "uv": [
                48,
                199
              ]
            }
          ]
        },
        {
          "name": "R6",
          "parent": "Body",
          "pivot": [
            -11,
            24,
            0
          ],
          "cubes": [
            {
              "origin": [
                -12,
                19,
                -5
              ],
              "size": [
                2,
                10,
                10
              ],
              "uv": [
                158,
                191
              ]
            }
          ]
        },
        {
          "name": "R3",
          "parent": "Body",
          "pivot": [
            11,
            24,
            15
          ],
          "cubes": [
            {
              "origin": [
                10,
                19,
                10
              ],
              "size": [
                2,
                10,
                10
              ],
              "uv": [
                24,
                199
              ]
            }
          ]
        },
        {
          "name": "R7",
          "parent": "Body",
          "pivot": [
            -11,
            24,
            15
          ],
          "cubes": [
            {
              "origin": [
                -12,
                19,
                10
              ],
              "size": [
                2,
                10,
                10
              ],
              "uv": [
                74,
                124
              ]
            }
          ]
        },
        {
          "name": "R4",
          "parent": "Body",
          "pivot": [
            11,
            24,
            30
          ],
          "cubes": [
            {
              "origin": [
                10,
                19,
                25
              ],
              "size": [
                2,
                10,
                10
              ],
              "uv": [
                0,
                199
              ]
            }
          ]
        },
        {
          "name": "R8",
          "parent": "Body",
          "pivot": [
            -11,
            24,
            30
          ],
          "cubes": [
            {
              "origin": [
                -12,
                19,
                25
              ],
              "size": [
                2,
                10,
                10
              ],
              "uv": [
                0,
                124
              ]
            }
          ]
        },
        {
          "name": "Leg",
          "parent": "All",
          "pivot": [
            6,
            33,
            2
          ],
          "cubes": [
            {
              "origin": [
                6,
                31,
                0
              ],
              "size": [
                24,
                4,
                4
              ],
              "pivot": [
                6,
                33,
                2
              ],
              "rotation": [
                0,
                0,
                -40
              ],
              "uv": [
                112,
                191
              ]
            },
            {
              "origin": [
                30,
                30,
                -1
              ],
              "size": [
                6,
                6,
                6
              ],
              "pivot": [
                6,
                33,
                2
              ],
              "rotation": [
                0,
                0,
                -40
              ],
              "uv": [
                72,
                219
              ]
            }
          ]
        },
        {
          "name": "Leg2",
          "parent": "Leg",
          "pivot": [
            28,
            49,
            2
          ],
          "cubes": [
            {
              "origin": [
                28,
                47,
                0
              ],
              "size": [
                24,
                4,
                4
              ],
              "pivot": [
                28,
                49,
                2
              ],
              "rotation": [
                0,
                0,
                60
              ],
              "uv": [
                56,
                191
              ]
            },
            {
              "origin": [
                52,
                46,
                -1
              ],
              "size": [
                6,
                6,
                6
              ],
              "pivot": [
                28,
                49,
                2
              ],
              "rotation": [
                0,
                0,
                60
              ],
              "uv": [
                48,
                219
              ]
            }
          ]
        },
        {
          "name": "Leg3",
          "parent": "Leg2",
          "pivot": [
            43,
            24,
            2
          ],
          "cubes": [
            {
              "origin": [
                43,
                22,
                2
              ],
              "size": [
                24,
                4,
                0
              ],
              "pivot": [
                43,
                24,
                2
              ],
              "rotation": [
                0,
                0,
                90
              ],
              "uv": [
                180,
                119
              ]
            }
          ]
        },
        {
          "name": "Leg13",
          "parent": "All",
          "pivot": [
            -6,
            33,
            2
          ],
          "cubes": [
            {
              "origin": [
                -30,
                31,
                0
              ],
              "size": [
                24,
                4,
                4
              ],
              "pivot": [
                -6,
                33,
                2
              ],
              "rotation": [
                0,
                0,
                40
              ],
              "uv": [
                138,
                183
              ]
            },
            {
              "origin": [
                -36,
                30,
                -1
              ],
              "size": [
                6,
                6,
                6
              ],
              "pivot": [
                -6,
                33,
                2
              ],
              "rotation": [
                0,
                0,
                40
              ],
              "uv": [
                214,
                157
              ]
            }
          ]
        },
        {
          "name": "Leg14",
          "parent": "Leg13",
          "pivot": [
            -28,
            49,
            2
          ],
          "cubes": [
            {
              "origin": [
                -52,
                47,
                0
              ],
              "size": [
                24,
                4,
                4
              ],
              "pivot": [
                -28,
                49,
                2
              ],
              "rotation": [
                0,
                0,
                -60
              ],
              "uv": [
                82,
                183
              ]
            },
            {
              "origin": [
                -58,
                46,
                -1
              ],
              "size": [
                6,
                6,
                6
              ],
              "pivot": [
                -28,
                49,
                2
              ],
              "rotation": [
                0,
                0,
                -60
              ],
              "uv": [
                156,
                211
              ]
            }
          ]
        },
        {
          "name": "Leg15",
          "parent": "Leg14",
          "pivot": [
            -43,
            24,
            2
          ],
          "cubes": [
            {
              "origin": [
                -67,
                22,
                2
              ],
              "size": [
                24,
                4,
                0
              ],
              "pivot": [
                -43,
                24,
                2
              ],
              "rotation": [
                0,
                0,
                -90
              ],
              "uv": [
                118,
                141
              ]
            }
          ]
        },
        {
          "name": "Leg4",
          "parent": "All",
          "pivot": [
            6,
            33,
            -6
          ],
          "cubes": [
            {
              "origin": [
                6,
                31,
                -8
              ],
              "size": [
                24,
                4,
                4
              ],
              "pivot": [
                6,
                33,
                -6
              ],
              "rotation": [
                0,
                0,
                -40
              ],
              "uv": [
                0,
                191
              ]
            },
            {
              "origin": [
                30,
                30,
                -9
              ],
              "size": [
                6,
                6,
                6
              ],
              "pivot": [
                6,
                33,
                -6
              ],
              "rotation": [
                0,
                0,
                -40
              ],
              "uv": [
                24,
                219
              ]
            }
          ]
        },
        {
          "name": "Leg5",
          "parent": "Leg4",
          "pivot": [
            28,
            49,
            -6
          ],
          "cubes": [
            {
              "origin": [
                28,
                47,
                -8
              ],
              "size": [
                24,
                4,
                4
              ],
              "pivot": [
                28,
                49,
                -6
              ],
              "rotation": [
                0,
                0,
                60
              ],
              "uv": [
                190,
                187
              ]
            },
            {
              "origin": [
                52,
                46,
                -9
              ],
              "size": [
                6,
                6,
                6
              ],
              "pivot": [
                28,
                49,
                -6
              ],
              "rotation": [
                0,
                0,
                60
              ],
              "uv": [
                0,
                219
              ]
            }
          ]
        },
        {
          "name": "Leg6",
          "parent": "Leg5",
          "pivot": [
            43,
            24,
            -6
          ],
          "cubes": [
            {
              "origin": [
                43,
                22,
                -6
              ],
              "size": [
                24,
                4,
                0
              ],
              "pivot": [
                43,
                24,
                -6
              ],
              "rotation": [
                0,
                0,
                90
              ],
              "uv": [
                118,
                153
              ]
            }
          ]
        },
        {
          "name": "Leg16",
          "parent": "All",
          "pivot": [
            -6,
            33,
            -6
          ],
          "cubes": [
            {
              "origin": [
                -30,
                31,
                -8
              ],
              "size": [
                24,
                4,
                4
              ],
              "pivot": [
                -6,
                33,
                -6
              ],
              "rotation": [
                0,
                0,
                40
              ],
              "uv": [
                180,
                111
              ]
            },
            {
              "origin": [
                -36,
                30,
                -9
              ],
              "size": [
                6,
                6,
                6
              ],
              "pivot": [
                -6,
                33,
                -6
              ],
              "rotation": [
                0,
                0,
                40
              ],
              "uv": [
                120,
                211
              ]
            }
          ]
        },
        {
          "name": "Leg17",
          "parent": "Leg16",
          "pivot": [
            -28,
            49,
            -6
          ],
          "cubes": [
            {
              "origin": [
                -52,
                47,
                -8
              ],
              "size": [
                24,
                4,
                4
              ],
              "pivot": [
                -28,
                49,
                -6
              ],
              "rotation": [
                0,
                0,
                -60
              ],
              "uv": [
                180,
                103
              ]
            },
            {
              "origin": [
                -58,
                46,
                -9
              ],
              "size": [
                6,
                6,
                6
              ],
              "pivot": [
                -28,
                49,
                -6
              ],
              "rotation": [
                0,
                0,
                -60
              ],
              "uv": [
                96,
                211
              ]
            }
          ]
        },
        {
          "name": "Leg18",
          "parent": "Leg17",
          "pivot": [
            -43,
            24,
            -6
          ],
          "cubes": [
            {
              "origin": [
                -67,
                22,
                -6
              ],
              "size": [
                24,
                4,
                0
              ],
              "pivot": [
                -43,
                24,
                -6
              ],
              "rotation": [
                0,
                0,
                -90
              ],
              "uv": [
                118,
                137
              ]
            }
          ]
        },
        {
          "name": "Leg7",
          "parent": "All",
          "pivot": [
            6,
            33,
            -14
          ],
          "cubes": [
            {
              "origin": [
                6,
                31,
                -16
              ],
              "size": [
                24,
                4,
                4
              ],
              "pivot": [
                6,
                33,
                -14
              ],
              "rotation": [
                0,
                0,
                -40
              ],
              "uv": [
                188,
                149
              ]
            },
            {
              "origin": [
                30,
                30,
                -17
              ],
              "size": [
                6,
                6,
                6
              ],
              "pivot": [
                6,
                33,
                -14
              ],
              "rotation": [
                0,
                0,
                -40
              ],
              "uv": [
                138,
                217
              ]
            }
          ]
        },
        {
          "name": "Leg8",
          "parent": "Leg7",
          "pivot": [
            28,
            49,
            -14
          ],
          "cubes": [
            {
              "origin": [
                28,
                47,
                -16
              ],
              "size": [
                24,
                4,
                4
              ],
              "pivot": [
                28,
                49,
                -14
              ],
              "rotation": [
                0,
                0,
                60
              ],
              "uv": [
                188,
                141
              ]
            },
            {
              "origin": [
                52,
                46,
                -17
              ],
              "size": [
                6,
                6,
                6
              ],
              "pivot": [
                28,
                49,
                -14
              ],
              "rotation": [
                0,
                0,
                60
              ],
              "uv": [
                204,
                216
              ]
            }
          ]
        },
        {
          "name": "Leg9",
          "parent": "Leg8",
          "pivot": [
            43,
            24,
            -14
          ],
          "cubes": [
            {
              "origin": [
                43,
                22,
                -14
              ],
              "size": [
                24,
                4,
                0
              ],
              "pivot": [
                43,
                24,
                -14
              ],
              "rotation": [
                0,
                0,
                90
              ],
              "uv": [
                118,
                149
              ]
            }
          ]
        },
        {
          "name": "Leg19",
          "parent": "All",
          "pivot": [
            -6,
            33,
            -14
          ],
          "cubes": [
            {
              "origin": [
                -30,
                31,
                -16
              ],
              "size": [
                24,
                4,
                4
              ],
              "pivot": [
                -6,
                33,
                -14
              ],
              "rotation": [
                0,
                0,
                40
              ],
              "uv": [
                180,
                95
              ]
            },
            {
              "origin": [
                -36,
                30,
                -17
              ],
              "size": [
                6,
                6,
                6
              ],
              "pivot": [
                -6,
                33,
                -14
              ],
              "rotation": [
                0,
                0,
                40
              ],
              "uv": [
                206,
                204
              ]
            }
          ]
        },
        {
          "name": "Leg20",
          "parent": "Leg19",
          "pivot": [
            -28,
            49,
            -14
          ],
          "cubes": [
            {
              "origin": [
                -52,
                47,
                -16
              ],
              "size": [
                24,
                4,
                4
              ],
              "pivot": [
                -28,
                49,
                -14
              ],
              "rotation": [
                0,
                0,
                -60
              ],
              "uv": [
                178,
                25
              ]
            },
            {
              "origin": [
                -58,
                46,
                -17
              ],
              "size": [
                6,
                6,
                6
              ],
              "pivot": [
                -28,
                49,
                -14
              ],
              "rotation": [
                0,
                0,
                -60
              ],
              "uv": [
                138,
                205
              ]
            }
          ]
        },
        {
          "name": "Leg21",
          "parent": "Leg20",
          "pivot": [
            -43,
            24,
            -14
          ],
          "cubes": [
            {
              "origin": [
                -67,
                22,
                -14
              ],
              "size": [
                24,
                4,
                0
              ],
              "pivot": [
                -43,
                24,
                -14
              ],
              "rotation": [
                0,
                0,
                -90
              ],
              "uv": [
                118,
                133
              ]
            }
          ]
        },
        {
          "name": "Leg10",
          "parent": "All",
          "pivot": [
            6,
            33,
            -21
          ],
          "cubes": [
            {
              "origin": [
                6,
                31,
                -23
              ],
              "size": [
                24,
                4,
                4
              ],
              "pivot": [
                6,
                33,
                -21
              ],
              "rotation": [
                0,
                0,
                -40
              ],
              "uv": [
                188,
                133
              ]
            },
            {
              "origin": [
                30,
                30,
                -24
              ],
              "size": [
                6,
                6,
                6
              ],
              "pivot": [
                6,
                33,
                -21
              ],
              "rotation": [
                0,
                0,
                -40
              ],
              "uv": [
                180,
                215
              ]
            }
          ]
        },
        {
          "name": "Leg11",
          "parent": "Leg10",
          "pivot": [
            28,
            49,
            -21
          ],
          "cubes": [
            {
              "origin": [
                28,
                47,
                -23
              ],
              "size": [
                24,
                4,
                4
              ],
              "pivot": [
                28,
                49,
                -21
              ],
              "rotation": [
                0,
                0,
                60
              ],
              "uv": [
                188,
                82
              ]
            },
            {
              "origin": [
                52,
                46,
                -24
              ],
              "size": [
                6,
                6,
                6
              ],
              "pivot": [
                28,
                49,
                -21
              ],
              "rotation": [
                0,
                0,
                60
              ],
              "uv": [
                214,
                169
              ]
            }
          ]
        },
        {
          "name": "Leg12",
          "parent": "Leg11",
          "pivot": [
            43,
            24,
            -21
          ],
          "cubes": [
            {
              "origin": [
                43,
                22,
                -21
              ],
              "size": [
                24,
                4,
                0
              ],
              "pivot": [
                43,
                24,
                -21
              ],
              "rotation": [
                0,
                0,
                90
              ],
              "uv": [
                118,
                145
              ]
            }
          ]
        },
        {
          "name": "Leg22",
          "parent": "All",
          "pivot": [
            -6,
            33,
            -21
          ],
          "cubes": [
            {
              "origin": [
                -30,
                31,
                -23
              ],
              "size": [
                24,
                4,
                4
              ],
              "pivot": [
                -6,
                33,
                -21
              ],
              "rotation": [
                0,
                0,
                40
              ],
              "uv": [
                177,
                66
              ]
            },
            {
              "origin": [
                -36,
                30,
                -24
              ],
              "size": [
                6,
                6,
                6
              ],
              "pivot": [
                -6,
                33,
                -21
              ],
              "rotation": [
                0,
                0,
                40
              ],
              "uv": [
                120,
                199
              ]
            }
          ]
        },
        {
          "name": "Leg23",
          "parent": "Leg22",
          "pivot": [
            -28,
            49,
            -21
          ],
          "cubes": [
            {
              "origin": [
                -52,
                47,
                -23
              ],
              "size": [
                24,
                4,
                4
              ],
              "pivot": [
                -28,
                49,
                -21
              ],
              "rotation": [
                0,
                0,
                -60
              ],
              "uv": [
                177,
                58
              ]
            },
            {
              "origin": [
                -58,
                46,
                -24
              ],
              "size": [
                6,
                6,
                6
              ],
              "pivot": [
                -28,
                49,
                -21
              ],
              "rotation": [
                0,
                0,
                -60
              ],
              "uv": [
                96,
                199
              ]
            }
          ]
        },
        {
          "name": "Leg24",
          "parent": "Leg23",
          "pivot": [
            -43,
            24,
            -21
          ],
          "cubes": [
            {
              "origin": [
                -67,
                22,
                -21
              ],
              "size": [
                24,
                4,
                0
              ],
              "pivot": [
                -43,
                24,
                -21
              ],
              "rotation": [
                0,
                0,
                -90
              ],
              "uv": [
                122,
                38
              ]
            }
          ]
        }
      ]
    }
  ]
}