{
  "format_version": "1.16.100",
  "minecraft:item": {
    "description": {
      "identifier": "ic:bob", 
      "category": "Equipment" 
    },
    "components": {
      "minecraft:display_name": {
        "value": "§eBoB"
      },
      "minecraft:enchantable": {
			"slot": "flintsteel",
			"value": 45
		},
		"minecraft:durability": {
			"max_durability": 75
		},
		"minecraft:creative_category": {
        "parent": "itemGroup.name.tools"
      },
		"minecraft:on_use": {
			"on_use": {
				"event":"throw"
			}		
		},
      "minecraft:stacked_by_data": false,
      "minecraft:cooldown": {
        "category": "bob",
        "duration": 0.33333
      },
      "minecraft:allow_off_hand": false,
      "minecraft:use_duration": 17,
      "minecraft:max_stack_size": 1, 
      "minecraft:icon": {
        "texture": "ic:bob"
      }, 
      "minecraft:render_offsets": {
        "main_hand": {
          "first_person": {
            "scale": [
              0.0,
              0.0,
              0.0
            ]
          },
          "third_person": {
            "scale": [
              0.0,
              0.0,
              0.0
            ]
          }
        }, 
        "off_hand": {
          "first_person": {
            "scale": [
              0.0,
              0.0,
              0.0
            ]
          },
          "third_person": {
            "scale": [
              0.0,
              0.0,
              0.0
            ]
          }
        }
       }
     }, 
     "events": {
		"throw": {
			"sequence": [
				{
					"shoot": {
						"projectile": "ic:bob_bullet",
						"launch_power": 5.0
					}
				},
				{
					"damage": {
						"type": "none",
						"amount": 1,
						"target": "self"
					},
					"run_command": {
							"command": [
								"playsound bob.shoot @a[r=10] ~ ~ ~"
							]
						}
				}
			]
		}
	} 
  }
}