{
	"format_version": "1.10.0",
	"minecraft:entity": {
		"description": {
			"identifier": "vl:mike",
			"is_spawnable": true,
			"is_summonable": true,
			"is_experimental": false,
			"scripts": {
				"animate": [
					"alive"
				]
			},
			"animations": {
				"alive": "controller.animation.sound_fix"
			}
		},
    "components": {
      "minecraft:nameable": {
      },
      "minecraft:breathable": {
        "totalSupply": 15,
        "suffocateTime": 0,
        "breathesWater": true
      },
      "minecraft:damage_sensor": [
        {
          "on_damage": {
            "filters": {
              "test": "is_family",
              "subject": "other",
              "value": "villager"
            }
          },
          "deals_damage": false
        }
      ],
      "minecraft:health": {
        "value": 20,
        "max": 20
      },
      "minecraft:collision_box": {
        "width": 0.5,
        "height": 1.3
            },
            "minecraft:behavior.avoid_mob_type": {
                "priority": 3,
                "entity_types": [
                    {
                        "filters": {
                            "any_of": [
                                {
                                    "test": "is_family",
                                    "subject": "other",
                                    "value": "monster"
                                },
                                {
                                    "test": "is_family",
                                    "subject": "other",
                                    "value": "undead"
                                },
                                {
                                    "test": "is_family",
                                    "subject": "other",
                                    "value": "zombie"
                                },
                                {
                                    "test": "is_family",
                                    "subject": "other",
                                    "value": "illager"
                                },
                                {
                                    "test": "is_family",
                                    "subject": "other",
                                    "value": "vex"
                                }
                            ]
                        },
                        "max_dist": 8,
                        "walk_speed_multiplier": 1.4,
                        "sprint_speed_multiplier": 1.4
                    }

                ]
            },
      "minecraft:loot": {
        "table": "()"
      },
      "minecraft:movement": {
        "value": 0.25
      },
      "minecraft:navigation.walk": {
        "is_amphibious": true,
        "avoid_sun": false,
        "can_path_over_water": true,
        "avoid_damage_blocks": true,
        "avoid_water": true
      },
      "minecraft:movement.basic": {
      },
      "minecraft:jump.static": {
      },
      "minecraft:can_climb": {
      },
      "minecraft:behavior.float": {
        "priority": 1
      },
      "minecraft:scale": {
        "value": 0.7
      },
      "minecraft:behavior.open_door": {
        "priority": 6,
        "close_door_after": true
      },
      "minecraft:fire_immune": false,
    "minecraft:knockback_resistance": {
        "value": 0
      },
      "minecraft:behavior.random_stroll": {
        "priority": 5,
        "speed_multiplier": 1
      },
          "minecraft:behavior.take_flower":{
          "priority": 4
        },
      "minecraft:behavior.look_at_player": {
        "priority": 6,
        "look_distance": 8
      },
      "minecraft:behavior.random_look_around": {
        "priority": 6
      },
      "minecraft:type_family": {
        "family": [ "villager", "player" ]
      },
      "minecraft:balloonable": {},
      "minecraft:physics": {}
    },
    "events": {
      "minecraft:entity_spawned": {}
    }
  }
}
