{
	"format_version": "1.12.0",
	"minecraft:geometry": [
		{
			"description": {
				"identifier": "geometry.amongus",
				"texture_width": 64,
				"texture_height": 64,
				"visible_bounds_width": 2,
				"visible_bounds_height": 2.5,
				"visible_bounds_offset": [0, 0.75, 0]
			},
			"bones": [
				{
					"name": "body",
					"pivot": [0, 5, 0],
					"cubes": [
						{"origin": [-5, 5, -4], "size": [10, 14, 8], "uv": [0, 0]},
						{"origin": [-4, 7, 4], "size": [8, 10, 2], "uv": [0, 22]},
						{"origin": [-4, 13, -5], "size": [8, 4, 1], "uv": [28, 0]}
					]
				},
				{
					"name": "leftleg",
					"parent": "body",
					"pivot": [3, 5, 0],
					"cubes": [
						{"origin": [1, 0, -2], "size": [4, 5, 4], "uv": [16, 31]}
					]
				},
				{
					"name": "rightleg",
					"parent": "body",
					"pivot": [-3, 5, 0],
					"cubes": [
						{"origin": [-5, 0, -2], "size": [4, 5, 4], "uv": [20, 22]}
					]
				}
			]
		}
	]
}