{
	"format_version": "1.12.0",
	"minecraft:geometry": [
		{
			"description": {
				"identifier": "geometry.bonzo",
				"texture_width": 128,
				"texture_height": 128,
				"visible_bounds_width": 18,
				"visible_bounds_height": 5,
				"visible_bounds_offset": [0, 1.5, 0]
			},
			"bones": [
				{
					"name": "bonzo",
					"pivot": [0, 0, -1]
				},
				{
					"name": "leg3",
					"parent": "bonzo",
					"pivot": [-2.68, 15.1, 0],
					"mirror": true,
					"cubes": [
						{"origin": [-5.36, 9.04, -2.68], "size": [5.36, 6.06, 5.36], "uv": [41, 52], "mirror": false},
						{"origin": [-4.36, 7.04, -1.68], "size": [3.36, 2.06, 3.36], "uv": [34, 52], "mirror": false},
						{"origin": [-3.86, 2.04, -1.36], "size": [2.36, 5.06, 2.36], "uv": [0, 11], "mirror": false},
						{"origin": [-4.86, 0.04, -5.68], "size": [4.36, 3.06, 3.36], "uv": [32, 63], "mirror": false},
						{"origin": [-4.86, 0.04, -2.68], "size": [4.36, 2.06, 4.36], "uv": [56, 48], "mirror": false}
					]
				},
				{
					"name": "leg1",
					"parent": "bonzo",
					"pivot": [-4.68, 29.04, -0.64],
					"rotation": [0, 0, 60],
					"mirror": true,
					"cubes": [
						{"origin": [-5.93166, 21.64036, -2], "size": [3.36, 8.04, 3.36], "uv": [54, 34], "mirror": false},
						{"origin": [-5.93166, 21.64036, -9], "size": [3.36, 4.04, 7.36], "uv": [21, 50], "mirror": false},
						{"origin": [-5.93166, 22.64036, -14], "size": [3.36, 3.04, 5.36], "uv": [53, 14], "mirror": false},
						{"origin": [-7.93166, 25.64036, -16], "size": [9.36, 1.04, 10.36], "uv": [0, 11], "mirror": false}
					]
				},
				{
					"name": "leg4",
					"parent": "bonzo",
					"pivot": [3.32, 28.04, -0.64],
					"rotation": [0, 0, -60],
					"mirror": true,
					"cubes": [
						{"origin": [2.34, 20, -2], "size": [3.36, 8.04, 3.36], "uv": [54, 0], "mirror": false},
						{"origin": [-0.93166, 23.64036, -16], "size": [9.36, 1.04, 10.36], "uv": [0, 11], "mirror": false},
						{"origin": [2.34, 21, -15], "size": [3.36, 3.04, 5.36], "uv": [0, 53], "mirror": false},
						{"origin": [2.34, 20, -10], "size": [3.36, 4.04, 8.36], "uv": [22, 34], "mirror": false}
					]
				},
				{
					"name": "leg2",
					"parent": "bonzo",
					"pivot": [2.68, 15.04, -0.36],
					"mirror": true,
					"cubes": [
						{"origin": [0, 9.06, -2.68], "size": [5.36, 6.04, 5.36], "uv": [39, 41], "mirror": false},
						{"origin": [1, 7.06, -1.68], "size": [3.36, 2.04, 3.36], "uv": [23, 22], "mirror": false},
						{"origin": [1.5, 2.06, -1.36], "size": [2.36, 5.04, 2.36], "uv": [0, 0], "mirror": false},
						{"origin": [0.64, 0.06, -5.68], "size": [4.36, 3.04, 3.36], "uv": [63, 8], "mirror": false},
						{"origin": [0.64, 0.06, -2.68], "size": [4.36, 2.04, 4.36], "uv": [36, 34], "mirror": false}
					]
				},
				{
					"name": "body",
					"parent": "bonzo",
					"pivot": [0, 7.06, 0],
					"mirror": true,
					"cubes": [
						{"origin": [-5.36, 15.1, -2.68], "size": [10.72, 7.08, 5.36], "uv": [30, 22], "mirror": false},
						{"origin": [-4.36, 22.1, -2], "size": [8.72, 8.08, 4.36], "uv": [34, 7], "mirror": false},
						{"origin": [-3.32, 19.1, -3], "size": [1.72, 11.1, 6], "uv": [14, 40], "mirror": false},
						{"origin": [1.58, 19.1, -3], "size": [1.72, 11.1, 6], "uv": [0, 36], "mirror": false}
					]
				},
				{
					"name": "head",
					"parent": "body",
					"pivot": [0, 31.18, 0],
					"mirror": true,
					"cubes": [
						{"origin": [-4.36, 31.5, -3.36], "size": [8.72, 7.72, 7.72], "uv": [0, 22], "mirror": false},
						{"origin": [-4.36, 33.5, -4.36], "size": [8.72, 5.72, 1], "uv": [28, 0], "mirror": false},
						{"origin": [-1.36, 31.5, -4.36], "size": [2.72, 1.72, 0], "uv": [0, 18], "mirror": false},
						{"origin": [1.36, 27.5, 3.64], "size": [3.72, 5.7, 1.72], "pivot": [3, 39, 4], "rotation": [0, 0, -15], "uv": [16, 67], "mirror": false},
						{"origin": [2.36, 33, 3.64], "size": [1.72, 5.7, 1.72], "pivot": [3, 39, 4], "rotation": [0, 0, -15], "uv": [16, 67], "mirror": false},
						{"origin": [-4.64, 27.5, 3.64], "size": [3.72, 5.7, 1.72], "pivot": [-3, 39, 4], "rotation": [0, 0, 15], "uv": [16, 67], "mirror": false},
						{"origin": [-3.64, 33, 3.64], "size": [1.72, 5.7, 1.72], "pivot": [-3, 39, 4], "rotation": [0, 0, 15], "uv": [18, 66], "mirror": false},
						{"origin": [-5.36, 31.5, -5.08], "size": [1.72, 2.72, 1.72], "uv": [4, 7], "mirror": false},
						{"origin": [3.64, 31.5, -5.08], "size": [1.72, 2.72, 1.72], "uv": [0, 7], "mirror": false},
						{"origin": [-3.66, 32.5, -5.08], "size": [7.3, 1.72, 1.72], "uv": [56, 54], "mirror": false},
						{"origin": [-3.66, 30.5, -4.08], "size": [7.3, 2.72, 1.72], "uv": [8, 36], "mirror": false},
						{"origin": [-4.36, 29.78, -5.08], "size": [8.72, 1, 1.72], "uv": [28, 19], "mirror": false},
						{"origin": [-4.64, 30.78, -5.08], "size": [1, 1, 1.72], "uv": [6, 11], "mirror": false},
						{"origin": [3.6, 30.78, -5.08], "size": [1, 1, 1.72], "uv": [6, 0], "mirror": false},
						{"origin": [-2.36, 38.1, -2.36], "size": [4.72, 1.72, 4.72], "uv": [0, 61], "mirror": false},
						{"origin": [-2.36, 40.22, -2.36], "size": [4.72, 1, 4.72], "pivot": [0, 40.78, -4.36], "rotation": [0, 0, 17.5], "uv": [60, 27], "mirror": false},
						{"origin": [-2.72, 42.22, -2.36], "size": [4.72, 1, 4.72], "pivot": [0, 40.78, -4.36], "rotation": [0, 0, 17.5], "uv": [55, 22], "mirror": false},
						{"origin": [-1.5, 44.22, -1.9], "size": [3, 3, 3.8], "uv": [63, 42], "mirror": false},
						{"origin": [-2.27103, 39.63237, -1.36], "size": [2.72, 4.72, 2.72], "pivot": [-0.91103, 40.19237, -1.36], "rotation": [0, 0, 12.5], "uv": [46, 63], "mirror": false},
						{"origin": [-0.44897, 39.63237, -1.36], "size": [2.72, 4.72, 2.72], "pivot": [0.91103, 40.19237, -1.36], "rotation": [0, 0, -12.5], "uv": [46, 0], "mirror": false},
						{"origin": [-2.36, 30.18, -2.36], "size": [4.72, 2.72, 4.72], "uv": [57, 59], "mirror": false}
					]
				}
			]
		}
	]
}