{
	"format_version": "1.10.0",
	"geometry.kissy_missy": {
		"texturewidth": 128,
		"textureheight": 128,
		"visible_bounds_width": 5,
		"visible_bounds_height": 7.5,
		"visible_bounds_offset": [0, 2.25, 0],
		"bones": [
			{
				"name": "all",
				"pivot": [0, 0, 0]
			},
			{
				"name": "leftLeg2",
				"parent": "all",
				"pivot": [-2.5994, 35.306, -0.414],
				"mirror": true,
				"cubes": [
					{"origin": [-4.656, 28.548, -2.172], "size": [4, 4.758, 4], "uv": [36, 78], "mirror": false},
					{"origin": [-4.656, 32.548, -2.172], "size": [4, 2.758, 4], "uv": [52, 81], "mirror": false}
				]
			},
			{
				"name": "bone83",
				"parent": "leftLeg2",
				"pivot": [-3, 36, 0]
			},
			{
				"name": "bone84",
				"parent": "bone83",
				"pivot": [-6, 51, -2],
				"rotation": [-7.5, 0, 0],
				"cubes": [
					{"origin": [-4.656, 32.12833, -0.21411], "size": [4, 4, 0], "uv": [0, 12]}
				]
			},
			{
				"name": "bone85",
				"parent": "bone83",
				"pivot": [-6, 51, 2],
				"rotation": [7.5, 0, 0],
				"cubes": [
					{"origin": [-4.656, 32.12833, -0.12989], "size": [4, 4, 0], "uv": [0, 12]}
				]
			},
			{
				"name": "bone86",
				"parent": "bone83",
				"pivot": [-8, 51, 0],
				"rotation": [0, 90, 7.5],
				"cubes": [
					{"origin": [-9.828, 32.65043, 5.26767], "size": [4, 4, 0], "uv": [0, 12]}
				]
			},
			{
				"name": "bone87",
				"parent": "bone83",
				"pivot": [-5, 51, 0],
				"rotation": [0, 90, -7.5],
				"cubes": [
					{"origin": [-6.828, 31.60622, 2.35189], "size": [4, 4, 0], "uv": [0, 12]}
				]
			},
			{
				"name": "leftLeg3",
				"parent": "leftLeg2",
				"pivot": [-2.5994, 28.548, 0.586],
				"mirror": true,
				"cubes": [
					{"origin": [-4.656, 23.79, -2.172], "size": [4, 4.758, 4], "uv": [75, 77], "mirror": false}
				]
			},
			{
				"name": "leftLeg4",
				"parent": "leftLeg3",
				"pivot": [-2.5994, 23.79, 0.586],
				"mirror": true,
				"cubes": [
					{"origin": [-4.656, 19.032, -2.172], "size": [4, 4.758, 4], "uv": [77, 55], "mirror": false}
				]
			},
			{
				"name": "leftLeg12",
				"parent": "leftLeg4",
				"pivot": [-2.5994, 19.032, -0.414],
				"mirror": true,
				"cubes": [
					{"origin": [-4.656, 14.274, -2.172], "size": [4, 4.758, 4], "uv": [77, 40], "mirror": false}
				]
			},
			{
				"name": "leftLeg13",
				"parent": "leftLeg12",
				"pivot": [-2.5994, 14.274, -0.414],
				"mirror": true,
				"cubes": [
					{"origin": [-4.656, 9.516, -2.172], "size": [4, 4.758, 4], "uv": [0, 77], "mirror": false}
				]
			},
			{
				"name": "leftLeg14",
				"parent": "leftLeg13",
				"pivot": [-2.5994, 9.516, 0.586],
				"mirror": true,
				"cubes": [
					{"origin": [-4.656, 4.758, -2.172], "size": [4, 4.758, 4], "uv": [20, 76], "mirror": false}
				]
			},
			{
				"name": "leftLeg15",
				"parent": "leftLeg14",
				"pivot": [-2.5994, 4.758, 1.586],
				"mirror": true,
				"cubes": [
					{"origin": [-4.656, 3.172, -2.172], "size": [4, 1.586, 4], "uv": [12, 84], "mirror": false}
				]
			},
			{
				"name": "foot2",
				"parent": "leftLeg15",
				"pivot": [-2.758, 3.172, 0],
				"cubes": [
					{"origin": [-4.656, 0, -6.172], "size": [4, 3.172, 7.93], "uv": [67, 30]},
					{"origin": [-0.656, 0, -2.172], "size": [1, 1.586, 4], "uv": [0, 6]}
				]
			},
			{
				"name": "bone118",
				"parent": "leftLeg15",
				"pivot": [-3, 5, 0]
			},
			{
				"name": "bone119",
				"parent": "bone118",
				"pivot": [-6, 20, -2],
				"rotation": [-7.5, 0, 0],
				"cubes": [
					{"origin": [-4.656, 1.12833, -0.21411], "size": [4, 4, 0], "uv": [0, 12]}
				]
			},
			{
				"name": "bone120",
				"parent": "bone118",
				"pivot": [-6, 20, 2],
				"rotation": [7.5, 0, 0],
				"cubes": [
					{"origin": [-4.656, 1.12833, -0.12989], "size": [4, 4, 0], "uv": [0, 12]}
				]
			},
			{
				"name": "bone121",
				"parent": "bone118",
				"pivot": [-8, 20, 0],
				"rotation": [0, 90, 7.5],
				"cubes": [
					{"origin": [-9.828, 1.65043, 5.26767], "size": [4, 4, 0], "uv": [0, 12]}
				]
			},
			{
				"name": "bone122",
				"parent": "bone118",
				"pivot": [-5, 20, 0],
				"rotation": [0, 90, -7.5],
				"cubes": [
					{"origin": [-6.828, 0.60622, 2.35189], "size": [4, 4, 0], "uv": [0, 12]}
				]
			},
			{
				"name": "bone113",
				"parent": "leftLeg14",
				"pivot": [-3, 10, 0]
			},
			{
				"name": "bone114",
				"parent": "bone113",
				"pivot": [-6, 25, -2],
				"rotation": [-7.5, 0, 0],
				"cubes": [
					{"origin": [-4.656, 6.12833, -0.21411], "size": [4, 4, 0], "uv": [0, 12]}
				]
			},
			{
				"name": "bone115",
				"parent": "bone113",
				"pivot": [-6, 25, 2],
				"rotation": [7.5, 0, 0],
				"cubes": [
					{"origin": [-4.656, 6.12833, -0.12989], "size": [4, 4, 0], "uv": [0, 12]}
				]
			},
			{
				"name": "bone116",
				"parent": "bone113",
				"pivot": [-8, 25, 0],
				"rotation": [0, 90, 7.5],
				"cubes": [
					{"origin": [-9.828, 6.65043, 5.26767], "size": [4, 4, 0], "uv": [0, 12]}
				]
			},
			{
				"name": "bone117",
				"parent": "bone113",
				"pivot": [-5, 25, 0],
				"rotation": [0, 90, -7.5],
				"cubes": [
					{"origin": [-6.828, 5.60622, 2.35189], "size": [4, 4, 0], "uv": [0, 12]}
				]
			},
			{
				"name": "bone103",
				"parent": "leftLeg13",
				"pivot": [-3, 15, 0]
			},
			{
				"name": "bone104",
				"parent": "bone103",
				"pivot": [-6, 30, -2],
				"rotation": [-7.5, 0, 0],
				"cubes": [
					{"origin": [-4.656, 11.12833, -0.21411], "size": [4, 4, 0], "uv": [0, 12]}
				]
			},
			{
				"name": "bone105",
				"parent": "bone103",
				"pivot": [-6, 30, 2],
				"rotation": [7.5, 0, 0],
				"cubes": [
					{"origin": [-4.656, 11.12833, -0.12989], "size": [4, 4, 0], "uv": [0, 12]}
				]
			},
			{
				"name": "bone106",
				"parent": "bone103",
				"pivot": [-8, 30, 0],
				"rotation": [0, 90, 7.5],
				"cubes": [
					{"origin": [-9.828, 11.65043, 5.26767], "size": [4, 4, 0], "uv": [0, 12]}
				]
			},
			{
				"name": "bone107",
				"parent": "bone103",
				"pivot": [-5, 30, 0],
				"rotation": [0, 90, -7.5],
				"cubes": [
					{"origin": [-6.828, 10.60622, 2.35189], "size": [4, 4, 0], "uv": [0, 12]}
				]
			},
			{
				"name": "bone108",
				"parent": "leftLeg12",
				"pivot": [-3, 20, 0]
			},
			{
				"name": "bone109",
				"parent": "bone108",
				"pivot": [-6, 35, -2],
				"rotation": [-7.5, 0, 0],
				"cubes": [
					{"origin": [-4.656, 16.12833, -0.21411], "size": [4, 4, 0], "uv": [0, 12]}
				]
			},
			{
				"name": "bone110",
				"parent": "bone108",
				"pivot": [-6, 35, 2],
				"rotation": [7.5, 0, 0],
				"cubes": [
					{"origin": [-4.656, 16.12833, -0.12989], "size": [4, 4, 0], "uv": [0, 12]}
				]
			},
			{
				"name": "bone111",
				"parent": "bone108",
				"pivot": [-8, 35, 0],
				"rotation": [0, 90, 7.5],
				"cubes": [
					{"origin": [-9.828, 16.65043, 5.26767], "size": [4, 4, 0], "uv": [0, 12]}
				]
			},
			{
				"name": "bone112",
				"parent": "bone108",
				"pivot": [-5, 35, 0],
				"rotation": [0, 90, -7.5],
				"cubes": [
					{"origin": [-6.828, 15.60622, 2.35189], "size": [4, 4, 0], "uv": [0, 12]}
				]
			},
			{
				"name": "bone93",
				"parent": "leftLeg4",
				"pivot": [-3, 24, 0]
			},
			{
				"name": "bone94",
				"parent": "bone93",
				"pivot": [-6, 39, -2],
				"rotation": [-7.5, 0, 0],
				"cubes": [
					{"origin": [-4.656, 20.12833, -0.21411], "size": [4, 4, 0], "uv": [0, 12]}
				]
			},
			{
				"name": "bone95",
				"parent": "bone93",
				"pivot": [-6, 39, 2],
				"rotation": [7.5, 0, 0],
				"cubes": [
					{"origin": [-4.656, 20.12833, -0.12989], "size": [4, 4, 0], "uv": [0, 12]}
				]
			},
			{
				"name": "bone96",
				"parent": "bone93",
				"pivot": [-8, 39, 0],
				"rotation": [0, 90, 7.5],
				"cubes": [
					{"origin": [-9.828, 20.65043, 5.26767], "size": [4, 4, 0], "uv": [0, 12]}
				]
			},
			{
				"name": "bone97",
				"parent": "bone93",
				"pivot": [-5, 39, 0],
				"rotation": [0, 90, -7.5],
				"cubes": [
					{"origin": [-6.828, 19.60622, 2.35189], "size": [4, 4, 0], "uv": [0, 12]}
				]
			},
			{
				"name": "bone98",
				"parent": "leftLeg3",
				"pivot": [-3, 28, 0]
			},
			{
				"name": "bone99",
				"parent": "bone98",
				"pivot": [-6, 43, -2],
				"rotation": [-7.5, 0, 0],
				"cubes": [
					{"origin": [-4.656, 24.12833, -0.21411], "size": [4, 4, 0], "uv": [0, 12]}
				]
			},
			{
				"name": "bone100",
				"parent": "bone98",
				"pivot": [-6, 43, 2],
				"rotation": [7.5, 0, 0],
				"cubes": [
					{"origin": [-4.656, 24.12833, -0.12989], "size": [4, 4, 0], "uv": [0, 12]}
				]
			},
			{
				"name": "bone101",
				"parent": "bone98",
				"pivot": [-8, 43, 0],
				"rotation": [0, 90, 7.5],
				"cubes": [
					{"origin": [-9.828, 24.65043, 5.26767], "size": [4, 4, 0], "uv": [0, 12]}
				]
			},
			{
				"name": "bone102",
				"parent": "bone98",
				"pivot": [-5, 43, 0],
				"rotation": [0, 90, -7.5],
				"cubes": [
					{"origin": [-6.828, 23.60622, 2.35189], "size": [4, 4, 0], "uv": [0, 12]}
				]
			},
			{
				"name": "bone88",
				"parent": "leftLeg2",
				"pivot": [-3, 32, 0]
			},
			{
				"name": "bone89",
				"parent": "bone88",
				"pivot": [-6, 47, -2],
				"rotation": [-7.5, 0, 0],
				"cubes": [
					{"origin": [-4.656, 28.12833, -0.21411], "size": [4, 4, 0], "uv": [0, 12]}
				]
			},
			{
				"name": "bone90",
				"parent": "bone88",
				"pivot": [-6, 47, 2],
				"rotation": [7.5, 0, 0],
				"cubes": [
					{"origin": [-4.656, 28.12833, -0.12989], "size": [4, 4, 0], "uv": [0, 12]}
				]
			},
			{
				"name": "bone91",
				"parent": "bone88",
				"pivot": [-8, 47, 0],
				"rotation": [0, 90, 7.5],
				"cubes": [
					{"origin": [-9.828, 28.65043, 5.26767], "size": [4, 4, 0], "uv": [0, 12]}
				]
			},
			{
				"name": "bone92",
				"parent": "bone88",
				"pivot": [-5, 47, 0],
				"rotation": [0, 90, -7.5],
				"cubes": [
					{"origin": [-6.828, 27.60622, 2.35189], "size": [4, 4, 0], "uv": [0, 12]}
				]
			},
			{
				"name": "leftLeg5",
				"parent": "all",
				"pivot": [4.3306, 35.306, 0.586],
				"mirror": true,
				"cubes": [
					{"origin": [1.344, 28.548, -2.172], "size": [4, 4.758, 4], "uv": [36, 78], "mirror": false},
					{"origin": [1.344, 32.548, -2.172], "size": [4, 2.758, 4], "uv": [52, 81], "mirror": false}
				]
			},
			{
				"name": "bone128",
				"parent": "leftLeg5",
				"pivot": [3, 32, 0]
			},
			{
				"name": "bone129",
				"parent": "bone128",
				"pivot": [0, 47, -2],
				"rotation": [-7.5, 0, 0],
				"cubes": [
					{"origin": [1.344, 28.12833, -0.21411], "size": [4, 4, 0], "uv": [0, 12]}
				]
			},
			{
				"name": "bone130",
				"parent": "bone128",
				"pivot": [0, 47, 2],
				"rotation": [7.5, 0, 0],
				"cubes": [
					{"origin": [1.344, 28.12833, -0.12989], "size": [4, 4, 0], "uv": [0, 12]}
				]
			},
			{
				"name": "bone131",
				"parent": "bone128",
				"pivot": [-2, 47, 0],
				"rotation": [0, 90, 7.5],
				"cubes": [
					{"origin": [-3.828, 28.65043, 5.26767], "size": [4, 4, 0], "uv": [0, 12]}
				]
			},
			{
				"name": "bone132",
				"parent": "bone128",
				"pivot": [1, 47, 0],
				"rotation": [0, 90, -7.5],
				"cubes": [
					{"origin": [-0.828, 27.60622, 2.35189], "size": [4, 4, 0], "uv": [0, 12]}
				]
			},
			{
				"name": "leftLeg6",
				"parent": "leftLeg5",
				"pivot": [4.3306, 28.548, -0.414],
				"mirror": true,
				"cubes": [
					{"origin": [1.344, 23.79, -2.172], "size": [4, 4.758, 4], "uv": [75, 77], "mirror": false}
				]
			},
			{
				"name": "leftLeg7",
				"parent": "leftLeg6",
				"pivot": [4.3306, 23.79, -0.414],
				"mirror": true,
				"cubes": [
					{"origin": [1.344, 19.032, -2.172], "size": [4, 4.758, 4], "uv": [77, 55], "mirror": false}
				]
			},
			{
				"name": "leftLeg8",
				"parent": "leftLeg7",
				"pivot": [4.3306, 19.032, -0.414],
				"mirror": true,
				"cubes": [
					{"origin": [1.344, 14.274, -2.172], "size": [4, 4.758, 4], "uv": [77, 40], "mirror": false}
				]
			},
			{
				"name": "leftLeg9",
				"parent": "leftLeg8",
				"pivot": [4.3306, 14.274, -0.414],
				"mirror": true,
				"cubes": [
					{"origin": [1.344, 9.516, -2.172], "size": [4, 4.758, 4], "uv": [0, 77], "mirror": false}
				]
			},
			{
				"name": "leftLeg10",
				"parent": "leftLeg9",
				"pivot": [4.3306, 9.516, -0.414],
				"mirror": true,
				"cubes": [
					{"origin": [1.344, 4.758, -2.172], "size": [4, 4.758, 4], "uv": [20, 76], "mirror": false}
				]
			},
			{
				"name": "leftLeg11",
				"parent": "leftLeg10",
				"pivot": [4.3306, 4.758, -0.414],
				"mirror": true,
				"cubes": [
					{"origin": [1.344, 3.172, -2.172], "size": [4, 1.586, 4], "uv": [12, 84], "mirror": false}
				]
			},
			{
				"name": "foot3",
				"parent": "leftLeg11",
				"pivot": [4.172, 3.172, 1],
				"cubes": [
					{"origin": [1.344, 0, -6.102], "size": [4, 3.172, 7.93], "uv": [66, 15]},
					{"origin": [0.586, 0, -2.172], "size": [1, 1.586, 4], "uv": [0, 6]}
				]
			},
			{
				"name": "bone158",
				"parent": "leftLeg11",
				"pivot": [3, 5, 0]
			},
			{
				"name": "bone159",
				"parent": "bone158",
				"pivot": [0, 20, -2],
				"rotation": [-7.5, 0, 0],
				"cubes": [
					{"origin": [1.344, 1.12833, -0.21411], "size": [4, 4, 0], "uv": [0, 12]}
				]
			},
			{
				"name": "bone160",
				"parent": "bone158",
				"pivot": [0, 20, 2],
				"rotation": [7.5, 0, 0],
				"cubes": [
					{"origin": [1.344, 1.12833, -0.12989], "size": [4, 4, 0], "uv": [0, 12]}
				]
			},
			{
				"name": "bone161",
				"parent": "bone158",
				"pivot": [-2, 20, 0],
				"rotation": [0, 90, 7.5],
				"cubes": [
					{"origin": [-3.828, 1.65043, 5.26767], "size": [4, 4, 0], "uv": [0, 12]}
				]
			},
			{
				"name": "bone162",
				"parent": "bone158",
				"pivot": [1, 20, 0],
				"rotation": [0, 90, -7.5],
				"cubes": [
					{"origin": [-0.828, 0.60622, 2.35189], "size": [4, 4, 0], "uv": [0, 12]}
				]
			},
			{
				"name": "bone153",
				"parent": "leftLeg10",
				"pivot": [3, 10, 0]
			},
			{
				"name": "bone154",
				"parent": "bone153",
				"pivot": [0, 25, -2],
				"rotation": [-7.5, 0, 0],
				"cubes": [
					{"origin": [1.344, 6.12833, -0.21411], "size": [4, 4, 0], "uv": [0, 12]}
				]
			},
			{
				"name": "bone155",
				"parent": "bone153",
				"pivot": [0, 25, 2],
				"rotation": [7.5, 0, 0],
				"cubes": [
					{"origin": [1.344, 6.12833, -0.12989], "size": [4, 4, 0], "uv": [0, 12]}
				]
			},
			{
				"name": "bone156",
				"parent": "bone153",
				"pivot": [-2, 25, 0],
				"rotation": [0, 90, 7.5],
				"cubes": [
					{"origin": [-3.828, 6.65043, 5.26767], "size": [4, 4, 0], "uv": [0, 12]}
				]
			},
			{
				"name": "bone157",
				"parent": "bone153",
				"pivot": [1, 25, 0],
				"rotation": [0, 90, -7.5],
				"cubes": [
					{"origin": [-0.828, 5.60622, 2.35189], "size": [4, 4, 0], "uv": [0, 12]}
				]
			},
			{
				"name": "bone148",
				"parent": "leftLeg9",
				"pivot": [3, 15, 0]
			},
			{
				"name": "bone149",
				"parent": "bone148",
				"pivot": [0, 30, -2],
				"rotation": [-7.5, 0, 0],
				"cubes": [
					{"origin": [1.344, 11.12833, -0.21411], "size": [4, 4, 0], "uv": [0, 12]}
				]
			},
			{
				"name": "bone150",
				"parent": "bone148",
				"pivot": [0, 30, 2],
				"rotation": [7.5, 0, 0],
				"cubes": [
					{"origin": [1.344, 11.12833, -0.12989], "size": [4, 4, 0], "uv": [0, 12]}
				]
			},
			{
				"name": "bone151",
				"parent": "bone148",
				"pivot": [-2, 30, 0],
				"rotation": [0, 90, 7.5],
				"cubes": [
					{"origin": [-3.828, 11.65043, 5.26767], "size": [4, 4, 0], "uv": [0, 12]}
				]
			},
			{
				"name": "bone152",
				"parent": "bone148",
				"pivot": [1, 30, 0],
				"rotation": [0, 90, -7.5],
				"cubes": [
					{"origin": [-0.828, 10.60622, 2.35189], "size": [4, 4, 0], "uv": [0, 12]}
				]
			},
			{
				"name": "bone143",
				"parent": "leftLeg8",
				"pivot": [3, 20, 0]
			},
			{
				"name": "bone144",
				"parent": "bone143",
				"pivot": [0, 35, -2],
				"rotation": [-7.5, 0, 0],
				"cubes": [
					{"origin": [1.344, 16.12833, -0.21411], "size": [4, 4, 0], "uv": [0, 12]}
				]
			},
			{
				"name": "bone145",
				"parent": "bone143",
				"pivot": [0, 35, 2],
				"rotation": [7.5, 0, 0],
				"cubes": [
					{"origin": [1.344, 16.12833, -0.12989], "size": [4, 4, 0], "uv": [0, 12]}
				]
			},
			{
				"name": "bone146",
				"parent": "bone143",
				"pivot": [-2, 35, 0],
				"rotation": [0, 90, 7.5],
				"cubes": [
					{"origin": [-3.828, 16.65043, 5.26767], "size": [4, 4, 0], "uv": [0, 12]}
				]
			},
			{
				"name": "bone147",
				"parent": "bone143",
				"pivot": [1, 35, 0],
				"rotation": [0, 90, -7.5],
				"cubes": [
					{"origin": [-0.828, 15.60622, 2.35189], "size": [4, 4, 0], "uv": [0, 12]}
				]
			},
			{
				"name": "bone138",
				"parent": "leftLeg7",
				"pivot": [3, 24, 0]
			},
			{
				"name": "bone139",
				"parent": "bone138",
				"pivot": [0, 39, -2],
				"rotation": [-7.5, 0, 0],
				"cubes": [
					{"origin": [1.344, 20.12833, -0.21411], "size": [4, 4, 0], "uv": [0, 12]}
				]
			},
			{
				"name": "bone140",
				"parent": "bone138",
				"pivot": [0, 39, 2],
				"rotation": [7.5, 0, 0],
				"cubes": [
					{"origin": [1.344, 20.12833, -0.12989], "size": [4, 4, 0], "uv": [0, 12]}
				]
			},
			{
				"name": "bone141",
				"parent": "bone138",
				"pivot": [-2, 39, 0],
				"rotation": [0, 90, 7.5],
				"cubes": [
					{"origin": [-3.828, 20.65043, 5.26767], "size": [4, 4, 0], "uv": [0, 12]}
				]
			},
			{
				"name": "bone142",
				"parent": "bone138",
				"pivot": [1, 39, 0],
				"rotation": [0, 90, -7.5],
				"cubes": [
					{"origin": [-0.828, 19.60622, 2.35189], "size": [4, 4, 0], "uv": [0, 12]}
				]
			},
			{
				"name": "bone133",
				"parent": "leftLeg6",
				"pivot": [3, 28, 0]
			},
			{
				"name": "bone134",
				"parent": "bone133",
				"pivot": [0, 43, -2],
				"rotation": [-7.5, 0, 0],
				"cubes": [
					{"origin": [1.344, 24.12833, -0.21411], "size": [4, 4, 0], "uv": [0, 12]}
				]
			},
			{
				"name": "bone135",
				"parent": "bone133",
				"pivot": [0, 43, 2],
				"rotation": [7.5, 0, 0],
				"cubes": [
					{"origin": [1.344, 24.12833, -0.12989], "size": [4, 4, 0], "uv": [0, 12]}
				]
			},
			{
				"name": "bone136",
				"parent": "bone133",
				"pivot": [-2, 43, 0],
				"rotation": [0, 90, 7.5],
				"cubes": [
					{"origin": [-3.828, 24.65043, 5.26767], "size": [4, 4, 0], "uv": [0, 12]}
				]
			},
			{
				"name": "bone137",
				"parent": "bone133",
				"pivot": [1, 43, 0],
				"rotation": [0, 90, -7.5],
				"cubes": [
					{"origin": [-0.828, 23.60622, 2.35189], "size": [4, 4, 0], "uv": [0, 12]}
				]
			},
			{
				"name": "bone123",
				"parent": "leftLeg5",
				"pivot": [3, 36, 0]
			},
			{
				"name": "bone124",
				"parent": "bone123",
				"pivot": [0, 51, -2],
				"rotation": [-7.5, 0, 0],
				"cubes": [
					{"origin": [1.344, 32.12833, -0.21411], "size": [4, 4, 0], "uv": [0, 12]}
				]
			},
			{
				"name": "bone125",
				"parent": "bone123",
				"pivot": [0, 51, 2],
				"rotation": [7.5, 0, 0],
				"cubes": [
					{"origin": [1.344, 32.12833, -0.12989], "size": [4, 4, 0], "uv": [0, 12]}
				]
			},
			{
				"name": "bone126",
				"parent": "bone123",
				"pivot": [-2, 51, 0],
				"rotation": [0, 90, 7.5],
				"cubes": [
					{"origin": [-3.828, 32.65043, 5.26767], "size": [4, 4, 0], "uv": [0, 12]}
				]
			},
			{
				"name": "bone127",
				"parent": "bone123",
				"pivot": [1, 51, 0],
				"rotation": [0, 90, -7.5],
				"cubes": [
					{"origin": [-0.828, 31.60622, 2.35189], "size": [4, 4, 0], "uv": [0, 12]}
				]
			},
			{
				"name": "body",
				"parent": "all",
				"pivot": [0, 35.166, -1],
				"mirror": true,
				"cubes": [
					{"origin": [-4.656, 35.306, -4.172], "size": [10, 7, 8], "uv": [38, 37], "mirror": false},
					{"origin": [-4.656, 33.306, -4.172], "size": [10, 2, 8], "uv": [26, 52], "mirror": false}
				]
			},
			{
				"name": "body2",
				"parent": "body",
				"pivot": [0, 43, -1],
				"cubes": [
					{"origin": [-4.656, 42.306, -4.172], "size": [10, 7, 8], "uv": [38, 22]}
				]
			},
			{
				"name": "bone164",
				"parent": "body2",
				"pivot": [0, -25, 1]
			},
			{
				"name": "bone163",
				"parent": "bone164",
				"pivot": [0, 49, -4],
				"cubes": [
					{"origin": [-4.75, 42, -4.2], "size": [10, 7, 0], "uv": [15, 43]}
				]
			},
			{
				"name": "bone165",
				"parent": "bone164",
				"pivot": [1, 49, 4],
				"rotation": [0, 180, 0],
				"cubes": [
					{"origin": [-3.4, 42, 4.1], "size": [10, 7, 0], "uv": [15, 43]}
				]
			},
			{
				"name": "bone166",
				"parent": "bone164",
				"pivot": [-5, 49, 1],
				"rotation": [0, 90, 0],
				"cubes": [
					{"origin": [-7.6, 42, 1.3], "size": [7.5, 7, 0], "uv": [82, 30]}
				]
			},
			{
				"name": "bone167",
				"parent": "bone164",
				"pivot": [5, 49, -1],
				"rotation": [0, -90, 0],
				"cubes": [
					{"origin": [2.2, 42, -1.5], "size": [7.5, 7, 0], "uv": [82, 30]}
				]
			},
			{
				"name": "head",
				"parent": "body2",
				"pivot": [0, 49.166, -0.586],
				"mirror": true,
				"cubes": [
					{"origin": [-5.758, 48.586, -6.137], "size": [12.688, 2, 11.102], "uv": [0, 30], "mirror": false},
					{"origin": [-5.758, 54.758, -6.137], "size": [12.688, 7.516, 11.102], "uv": [0, 12], "mirror": false},
					{"origin": [-5.758, 50.586, -6.1], "size": [1.586, 3.172, 11.102], "uv": [64, 41], "mirror": false},
					{"origin": [-6.758, 48.968, -6.12], "size": [1.586, 3.172, 11.102], "uv": [64, 41], "mirror": false},
					{"origin": [6.242, 48.968, -6.12], "size": [1.586, 3.172, 11.102], "uv": [15, 62], "mirror": false},
					{"origin": [-5.758, 53.586, -6.137], "size": [1.586, 1.172, 11.102], "uv": [0, 65], "mirror": false},
					{"origin": [-7.93, 52.172, -6.137], "size": [2.172, 10.102, 11.102], "uv": [45, 1], "mirror": false},
					{"origin": [6.93, 52.172, -6.137], "size": [2.172, 10.102, 11.102], "uv": [0, 43], "mirror": false},
					{"origin": [-7.986, 62.274, -6.137], "size": [17.172, 1.102, 11.102], "uv": [0, 0], "mirror": false},
					{"origin": [5.344, 50.586, -6.1], "size": [1.586, 3.172, 11.102], "uv": [51, 52], "mirror": false},
					{"origin": [5.344, 53.586, -6.137], "size": [1.586, 1.172, 11.102], "uv": [64, 55], "mirror": false},
					{"origin": [-4.172, 50.586, 0.2], "size": [9.516, 3.172, 4.758], "uv": [28, 62], "mirror": false},
					{"origin": [-4.172, 53.586, 0.207], "size": [9.516, 1.172, 4.758], "uv": [35, 73], "mirror": false}
				]
			},
			{
				"name": "bone",
				"parent": "head",
				"pivot": [0, 50, -3],
				"cubes": [
					{"origin": [-5.5994, 49.834, -3.193], "size": [12.3708, 4.1854, 1.586], "uv": [66, 25]}
				]
			},
			{
				"name": "bone2",
				"parent": "head",
				"pivot": [0, 53, -3],
				"cubes": [
					{"origin": [-5.5994, 52.834, -3.193], "size": [12.3708, 3.1854, 1.586], "uv": [28, 69]}
				]
			},
			{
				"name": "smile",
				"parent": "head",
				"pivot": [0, 52.166, -5.586]
			},
			{
				"name": "mouth",
				"parent": "head",
				"pivot": [1, 53.166, -5.586],
				"cubes": [
					{"origin": [-6.5994, 46.468, -6.173], "size": [14.3708, 10.1854, 1.586], "uv": [60, 0]}
				]
			},
			{
				"name": "eye",
				"parent": "head",
				"pivot": [-2.758, 58.096, -6.344],
				"cubes": [
					{"origin": [-4.5, 55.968, -7.293], "size": [3.5, 3.5, 1], "uv": [0, 34]}
				]
			},
			{
				"name": "pupil",
				"parent": "eye",
				"pivot": [-12, 90.166, -13.586],
				"cubes": [
					{"origin": [-4.402, 56.068, -7.393], "size": [3.3, 3.3, 1], "uv": [0, 30]}
				]
			},
			{
				"name": "eye2",
				"parent": "head",
				"pivot": [3.242, 58.096, -6.344],
				"cubes": [
					{"origin": [1.398, 56.468, -7.293], "size": [3.5, 3.5, 1], "uv": [0, 34]}
				]
			},
			{
				"name": "pupil2",
				"parent": "eye2",
				"pivot": [-6, 90.166, -13.586],
				"cubes": [
					{"origin": [1.498, 56.568, -7.393], "size": [3.3, 3.3, 1], "uv": [0, 30]}
				]
			},
			{
				"name": "tie",
				"parent": "body2",
				"pivot": [0, 49, -4],
				"rotation": [-5, 0, 0],
				"cubes": [
					{"origin": [-3.5, 42, -5], "size": [8, 7, 1], "uv": [61, 73]}
				]
			},
			{
				"name": "arm8",
				"parent": "body2",
				"pivot": [-6.3574, 47.166, -0.414],
				"mirror": true,
				"cubes": [
					{"origin": [-8.656, 44.548, -2.172], "size": [4, 4.758, 4], "uv": [36, 78], "mirror": false}
				]
			},
			{
				"name": "bone13",
				"parent": "arm8",
				"pivot": [-7, 49, 0]
			},
			{
				"name": "bone14",
				"parent": "bone13",
				"pivot": [-6, 49, -2],
				"rotation": [-7.5, 0, 0],
				"cubes": [
					{"origin": [-8.656, 45, -2.172], "size": [4, 4, 0], "uv": [0, 12]}
				]
			},
			{
				"name": "bone15",
				"parent": "bone13",
				"pivot": [-6, 49, 2],
				"rotation": [7.5, 0, 0],
				"cubes": [
					{"origin": [-8.656, 45, 1.828], "size": [4, 4, 0], "uv": [0, 12]}
				]
			},
			{
				"name": "bone16",
				"parent": "bone13",
				"pivot": [-8, 49, 0],
				"rotation": [0, 90, 7.5],
				"cubes": [
					{"origin": [-9.828, 45, -0.656], "size": [4, 4, 0], "uv": [0, 12]}
				]
			},
			{
				"name": "bone17",
				"parent": "bone13",
				"pivot": [-5, 49, 0],
				"rotation": [0, 90, -7.5],
				"cubes": [
					{"origin": [-6.828, 45, 0.344], "size": [4, 4, 0], "uv": [0, 12]}
				]
			},
			{
				"name": "arm9",
				"parent": "arm8",
				"pivot": [-7.3574, 44.408, -0.414],
				"mirror": true,
				"cubes": [
					{"origin": [-8.656, 39.79, -2.172], "size": [4, 4.758, 4], "uv": [75, 77], "mirror": false}
				]
			},
			{
				"name": "arm10",
				"parent": "arm9",
				"pivot": [-7.3574, 39.65, -0.414],
				"mirror": true,
				"cubes": [
					{"origin": [-8.656, 35.032, -2.172], "size": [4, 4.758, 4], "uv": [77, 55], "mirror": false}
				]
			},
			{
				"name": "bone28",
				"parent": "arm10",
				"pivot": [-7, 39, 0]
			},
			{
				"name": "bone29",
				"parent": "bone28",
				"pivot": [-6, 39, -2],
				"rotation": [-7.5, 0, 0],
				"cubes": [
					{"origin": [-8.656, 35, -2.172], "size": [4, 4, 0], "uv": [0, 16]}
				]
			},
			{
				"name": "bone30",
				"parent": "bone28",
				"pivot": [-6, 39, 2],
				"rotation": [7.5, 0, 0],
				"cubes": [
					{"origin": [-8.656, 35, 1.828], "size": [4, 4, 0], "uv": [0, 16]}
				]
			},
			{
				"name": "bone31",
				"parent": "bone28",
				"pivot": [-8, 39, 0],
				"rotation": [0, 90, 7.5],
				"cubes": [
					{"origin": [-9.828, 35, -0.656], "size": [4, 4, 0], "uv": [0, 16]}
				]
			},
			{
				"name": "bone32",
				"parent": "bone28",
				"pivot": [-5, 39, 0],
				"rotation": [0, 90, -7.5],
				"cubes": [
					{"origin": [-6.828, 35, 0.344], "size": [4, 4, 0], "uv": [0, 16]}
				]
			},
			{
				"name": "arm11",
				"parent": "arm10",
				"pivot": [-7.3574, 34.892, -0.414],
				"mirror": true,
				"cubes": [
					{"origin": [-8.656, 30.274, -2.172], "size": [4, 4.758, 4], "uv": [77, 40], "mirror": false}
				]
			},
			{
				"name": "bone23",
				"parent": "arm11",
				"pivot": [-7, 35, 0]
			},
			{
				"name": "bone24",
				"parent": "bone23",
				"pivot": [-6, 35, -2],
				"rotation": [-7.5, 0, 0],
				"cubes": [
					{"origin": [-8.656, 31, -2.172], "size": [4, 4, 0], "uv": [0, 16]}
				]
			},
			{
				"name": "bone25",
				"parent": "bone23",
				"pivot": [-6, 35, 2],
				"rotation": [7.5, 0, 0],
				"cubes": [
					{"origin": [-8.656, 31, 1.828], "size": [4, 4, 0], "uv": [0, 16]}
				]
			},
			{
				"name": "bone26",
				"parent": "bone23",
				"pivot": [-8, 35, 0],
				"rotation": [0, 90, 7.5],
				"cubes": [
					{"origin": [-9.828, 31, -0.656], "size": [4, 4, 0], "uv": [0, 16]}
				]
			},
			{
				"name": "bone27",
				"parent": "bone23",
				"pivot": [-5, 35, 0],
				"rotation": [0, 90, -7.5],
				"cubes": [
					{"origin": [-6.828, 31, 0.344], "size": [4, 4, 0], "uv": [0, 16]}
				]
			},
			{
				"name": "arm12",
				"parent": "arm11",
				"pivot": [-7.3574, 30.134, -0.414],
				"mirror": true,
				"cubes": [
					{"origin": [-8.656, 25.516, -2.172], "size": [4, 4.758, 4], "uv": [0, 77], "mirror": false}
				]
			},
			{
				"name": "bone18",
				"parent": "arm12",
				"pivot": [-7, 31, 0]
			},
			{
				"name": "bone19",
				"parent": "bone18",
				"pivot": [-6, 31, -2],
				"rotation": [-7.5, 0, 0],
				"cubes": [
					{"origin": [-8.656, 27, -2.172], "size": [4, 4, 0], "uv": [0, 16]}
				]
			},
			{
				"name": "bone20",
				"parent": "bone18",
				"pivot": [-6, 31, 2],
				"rotation": [7.5, 0, 0],
				"cubes": [
					{"origin": [-8.656, 27, 1.828], "size": [4, 4, 0], "uv": [0, 16]}
				]
			},
			{
				"name": "bone21",
				"parent": "bone18",
				"pivot": [-8, 31, 0],
				"rotation": [0, 90, 7.5],
				"cubes": [
					{"origin": [-9.828, 27, -0.656], "size": [4, 4, 0], "uv": [0, 16]}
				]
			},
			{
				"name": "bone22",
				"parent": "bone18",
				"pivot": [-5, 31, 0],
				"rotation": [0, 90, -7.5],
				"cubes": [
					{"origin": [-6.828, 27, 0.344], "size": [4, 4, 0], "uv": [0, 16]}
				]
			},
			{
				"name": "bone38",
				"parent": "arm12",
				"pivot": [-7, 28, 0]
			},
			{
				"name": "bone39",
				"parent": "bone38",
				"pivot": [-6, 28, -2],
				"rotation": [-7.5, 0, 0],
				"cubes": [
					{"origin": [-8.656, 24, -2.172], "size": [4, 4, 0], "uv": [0, 12]}
				]
			},
			{
				"name": "bone40",
				"parent": "bone38",
				"pivot": [-6, 28, 2],
				"rotation": [7.5, 0, 0],
				"cubes": [
					{"origin": [-8.656, 24, 1.828], "size": [4, 4, 0], "uv": [0, 12]}
				]
			},
			{
				"name": "bone41",
				"parent": "bone38",
				"pivot": [-8, 28, 0],
				"rotation": [0, 90, 7.5],
				"cubes": [
					{"origin": [-9.828, 24, -0.656], "size": [4, 4, 0], "uv": [0, 12]}
				]
			},
			{
				"name": "bone42",
				"parent": "bone38",
				"pivot": [-5, 28, 0],
				"rotation": [0, 90, -7.5],
				"cubes": [
					{"origin": [-6.828, 24, 0.344], "size": [4, 4, 0], "uv": [0, 12]}
				]
			},
			{
				"name": "arm13",
				"parent": "arm12",
				"pivot": [-7.3574, 25.376, -0.414],
				"mirror": true,
				"cubes": [
					{"origin": [-8.656, 20.758, -2.172], "size": [4, 4.758, 4], "uv": [20, 76], "mirror": false}
				]
			},
			{
				"name": "bone4",
				"parent": "arm13",
				"pivot": [-7, 25, 0]
			},
			{
				"name": "bone3",
				"parent": "bone4",
				"pivot": [-6, 25, -2],
				"rotation": [-7.5, 0, 0],
				"cubes": [
					{"origin": [-8.656, 21, -2.172], "size": [4, 4, 0], "uv": [0, 16]}
				]
			},
			{
				"name": "bone7",
				"parent": "bone4",
				"pivot": [-6, 25, 2],
				"rotation": [7.5, 0, 0],
				"cubes": [
					{"origin": [-8.656, 21, 1.828], "size": [4, 4, 0], "uv": [0, 16]}
				]
			},
			{
				"name": "bone5",
				"parent": "bone4",
				"pivot": [-8, 25, 0],
				"rotation": [0, 90, 7.5],
				"cubes": [
					{"origin": [-9.828, 21, -0.656], "size": [4, 4, 0], "uv": [0, 16]}
				]
			},
			{
				"name": "bone6",
				"parent": "bone4",
				"pivot": [-5, 25, 0],
				"rotation": [0, 90, -7.5],
				"cubes": [
					{"origin": [-6.828, 21, 0.344], "size": [4, 4, 0], "uv": [0, 16]}
				]
			},
			{
				"name": "arm14",
				"parent": "arm13",
				"pivot": [-7.3574, 20.618, 1.586],
				"mirror": true
			},
			{
				"name": "arm15",
				"parent": "arm14",
				"pivot": [-6.9114, 20.618, 2.586],
				"mirror": true,
				"cubes": [
					{"origin": [-8.656, 19, -2.172], "size": [4, 1.758, 4], "uv": [12, 84], "mirror": false}
				]
			},
			{
				"name": "hand2",
				"parent": "arm15",
				"pivot": [-7.516, 19.032, 2],
				"cubes": [
					{"origin": [-8.656, 12.828, -2.172], "size": [4, 6.344, 3.172], "uv": [81, 11]},
					{"origin": [-8.449, 14.414, 0.207], "size": [3, 4.758, 2], "uv": [0, 0]},
					{"origin": [-10.156, 16, -2.172], "size": [1.5, 3.172, 1.586], "uv": [6, 6]}
				]
			},
			{
				"name": "bone8",
				"parent": "arm14",
				"pivot": [-7, 22, 0]
			},
			{
				"name": "bone9",
				"parent": "bone8",
				"pivot": [-6, 22, -2],
				"rotation": [-7.5, 0, 0],
				"cubes": [
					{"origin": [-8.656, 18, -2.172], "size": [4, 4, 0], "uv": [0, 16]}
				]
			},
			{
				"name": "bone10",
				"parent": "bone8",
				"pivot": [-6, 22, 2],
				"rotation": [7.5, 0, 0],
				"cubes": [
					{"origin": [-8.656, 18, 1.828], "size": [4, 4, 0], "uv": [0, 16]}
				]
			},
			{
				"name": "bone11",
				"parent": "bone8",
				"pivot": [-8, 22, 0],
				"rotation": [0, 90, 7.5],
				"cubes": [
					{"origin": [-9.828, 18, -0.656], "size": [4, 4, 0], "uv": [0, 16]}
				]
			},
			{
				"name": "bone12",
				"parent": "bone8",
				"pivot": [-5, 22, 0],
				"rotation": [0, 90, -7.5],
				"cubes": [
					{"origin": [-6.828, 18, 0.344], "size": [4, 4, 0], "uv": [0, 16]}
				]
			},
			{
				"name": "bone33",
				"parent": "arm9",
				"pivot": [-7, 44, 0]
			},
			{
				"name": "bone34",
				"parent": "bone33",
				"pivot": [-6, 44, -2],
				"rotation": [-7.5, 0, 0],
				"cubes": [
					{"origin": [-8.656, 40, -2.172], "size": [4, 4, 0], "uv": [0, 12]}
				]
			},
			{
				"name": "bone35",
				"parent": "bone33",
				"pivot": [-6, 44, 2],
				"rotation": [7.5, 0, 0],
				"cubes": [
					{"origin": [-8.656, 40, 1.828], "size": [4, 4, 0], "uv": [0, 12]}
				]
			},
			{
				"name": "bone36",
				"parent": "bone33",
				"pivot": [-8, 44, 0],
				"rotation": [0, 90, 7.5],
				"cubes": [
					{"origin": [-9.828, 40, -0.656], "size": [4, 4, 0], "uv": [0, 12]}
				]
			},
			{
				"name": "bone37",
				"parent": "bone33",
				"pivot": [-5, 44, 0],
				"rotation": [0, 90, -7.5],
				"cubes": [
					{"origin": [-6.828, 40, 0.344], "size": [4, 4, 0], "uv": [0, 12]}
				]
			},
			{
				"name": "arm",
				"parent": "body2",
				"pivot": [7.0886, 47.166, 0.586],
				"mirror": true,
				"cubes": [
					{"origin": [5.344, 44.548, -2.172], "size": [4, 4.758, 4], "uv": [36, 78], "mirror": false}
				]
			},
			{
				"name": "arm2",
				"parent": "arm",
				"pivot": [9.0886, 44.408, 0.586],
				"mirror": true,
				"cubes": [
					{"origin": [5.344, 39.79, -2.172], "size": [4, 4.758, 4], "uv": [75, 77], "mirror": false}
				]
			},
			{
				"name": "arm3",
				"parent": "arm2",
				"pivot": [8.0886, 39.65, 0.586],
				"mirror": true,
				"cubes": [
					{"origin": [5.344, 35.032, -2.172], "size": [4, 4.758, 4], "uv": [77, 55], "mirror": false}
				]
			},
			{
				"name": "arm4",
				"parent": "arm3",
				"pivot": [7.0886, 34.892, 0.586],
				"mirror": true,
				"cubes": [
					{"origin": [5.344, 30.274, -2.172], "size": [4, 4.758, 4], "uv": [77, 40], "mirror": false}
				]
			},
			{
				"name": "arm5",
				"parent": "arm4",
				"pivot": [8.0886, 30.134, 0.586],
				"mirror": true,
				"cubes": [
					{"origin": [5.344, 25.516, -2.172], "size": [4, 4.758, 4], "uv": [0, 77], "mirror": false}
				]
			},
			{
				"name": "arm6",
				"parent": "arm5",
				"pivot": [9.0886, 25.376, 0.586],
				"mirror": true,
				"cubes": [
					{"origin": [5.344, 20.758, -2.172], "size": [4, 4.758, 4], "uv": [20, 76], "mirror": false}
				]
			},
			{
				"name": "arm7",
				"parent": "arm6",
				"pivot": [9.0886, 20.618, 2.586],
				"mirror": true,
				"cubes": [
					{"origin": [5.344, 19, -2.172], "size": [4, 1.758, 4], "uv": [12, 84], "mirror": false}
				]
			},
			{
				"name": "hand",
				"parent": "arm7",
				"pivot": [6.93, 18.032, 0],
				"cubes": [
					{"origin": [5.344, 12.656, -2.172], "size": [4, 6.344, 3.172], "uv": [80, 67]},
					{"origin": [5.551, 13.656, 0.207], "size": [3, 4.758, 2], "uv": [0, 0]},
					{"origin": [9.344, 15.828, -2.172], "size": [1.5, 3.172, 1.586], "uv": [0, 6]}
				]
			},
			{
				"name": "bone78",
				"parent": "hand",
				"pivot": [7, 22, 0]
			},
			{
				"name": "bone79",
				"parent": "bone78",
				"pivot": [8, 22, -2],
				"rotation": [-7.5, 0, 0],
				"cubes": [
					{"origin": [5.344, 18, -2.172], "size": [4, 4, 0], "uv": [0, 16]}
				]
			},
			{
				"name": "bone80",
				"parent": "bone78",
				"pivot": [8, 22, 2],
				"rotation": [7.5, 0, 0],
				"cubes": [
					{"origin": [5.344, 18, 1.828], "size": [4, 4, 0], "uv": [0, 16]}
				]
			},
			{
				"name": "bone81",
				"parent": "bone78",
				"pivot": [6, 22, 0],
				"rotation": [0, 90, 7.5],
				"cubes": [
					{"origin": [4.172, 18, -0.656], "size": [4, 4, 0], "uv": [0, 16]}
				]
			},
			{
				"name": "bone82",
				"parent": "bone78",
				"pivot": [9, 22, 0],
				"rotation": [0, 90, -7.5],
				"cubes": [
					{"origin": [7.172, 18, 0.344], "size": [4, 4, 0], "uv": [0, 16]}
				]
			},
			{
				"name": "bone73",
				"parent": "arm7",
				"pivot": [7, 24, 0]
			},
			{
				"name": "bone74",
				"parent": "bone73",
				"pivot": [8, 24, -2],
				"rotation": [-7.5, 0, 0],
				"cubes": [
					{"origin": [5.344, 20, -2.172], "size": [4, 4, 0], "uv": [0, 16]}
				]
			},
			{
				"name": "bone75",
				"parent": "bone73",
				"pivot": [8, 24, 2],
				"rotation": [7.5, 0, 0],
				"cubes": [
					{"origin": [5.344, 20, 1.828], "size": [4, 4, 0], "uv": [0, 16]}
				]
			},
			{
				"name": "bone76",
				"parent": "bone73",
				"pivot": [6, 24, 0],
				"rotation": [0, 90, 7.5],
				"cubes": [
					{"origin": [4.172, 20, -0.656], "size": [4, 4, 0], "uv": [0, 16]}
				]
			},
			{
				"name": "bone77",
				"parent": "bone73",
				"pivot": [9, 24, 0],
				"rotation": [0, 90, -7.5],
				"cubes": [
					{"origin": [7.172, 20, 0.344], "size": [4, 4, 0], "uv": [0, 16]}
				]
			},
			{
				"name": "bone68",
				"parent": "arm6",
				"pivot": [7, 27, 0]
			},
			{
				"name": "bone69",
				"parent": "bone68",
				"pivot": [8, 27, -2],
				"rotation": [-7.5, 0, 0],
				"cubes": [
					{"origin": [5.344, 23, -2.172], "size": [4, 4, 0], "uv": [0, 12]}
				]
			},
			{
				"name": "bone70",
				"parent": "bone68",
				"pivot": [8, 27, 2],
				"rotation": [7.5, 0, 0],
				"cubes": [
					{"origin": [5.344, 23, 1.828], "size": [4, 4, 0], "uv": [0, 12]}
				]
			},
			{
				"name": "bone71",
				"parent": "bone68",
				"pivot": [6, 27, 0],
				"rotation": [0, 90, 7.5],
				"cubes": [
					{"origin": [4.172, 23, -0.656], "size": [4, 4, 0], "uv": [0, 12]}
				]
			},
			{
				"name": "bone72",
				"parent": "bone68",
				"pivot": [9, 27, 0],
				"rotation": [0, 90, -7.5],
				"cubes": [
					{"origin": [7.172, 23, 0.344], "size": [4, 4, 0], "uv": [0, 12]}
				]
			},
			{
				"name": "bone63",
				"parent": "arm5",
				"pivot": [7, 31, 0]
			},
			{
				"name": "bone64",
				"parent": "bone63",
				"pivot": [8, 31, -2],
				"rotation": [-7.5, 0, 0],
				"cubes": [
					{"origin": [5.344, 27, -2.172], "size": [4, 4, 0], "uv": [0, 16]}
				]
			},
			{
				"name": "bone65",
				"parent": "bone63",
				"pivot": [8, 31, 2],
				"rotation": [7.5, 0, 0],
				"cubes": [
					{"origin": [5.344, 27, 1.828], "size": [4, 4, 0], "uv": [0, 16]}
				]
			},
			{
				"name": "bone66",
				"parent": "bone63",
				"pivot": [6, 31, 0],
				"rotation": [0, 90, 7.5],
				"cubes": [
					{"origin": [4.172, 27, -0.656], "size": [4, 4, 0], "uv": [0, 16]}
				]
			},
			{
				"name": "bone67",
				"parent": "bone63",
				"pivot": [9, 31, 0],
				"rotation": [0, 90, -7.5],
				"cubes": [
					{"origin": [7.172, 27, 0.344], "size": [4, 4, 0], "uv": [0, 16]}
				]
			},
			{
				"name": "bone58",
				"parent": "arm4",
				"pivot": [7, 35, 0]
			},
			{
				"name": "bone59",
				"parent": "bone58",
				"pivot": [8, 35, -2],
				"rotation": [-7.5, 0, 0],
				"cubes": [
					{"origin": [5.344, 31, -2.172], "size": [4, 4, 0], "uv": [0, 16]}
				]
			},
			{
				"name": "bone60",
				"parent": "bone58",
				"pivot": [8, 35, 2],
				"rotation": [7.5, 0, 0],
				"cubes": [
					{"origin": [5.344, 31, 1.828], "size": [4, 4, 0], "uv": [0, 16]}
				]
			},
			{
				"name": "bone61",
				"parent": "bone58",
				"pivot": [6, 35, 0],
				"rotation": [0, 90, 7.5],
				"cubes": [
					{"origin": [4.172, 31, -0.656], "size": [4, 4, 0], "uv": [0, 16]}
				]
			},
			{
				"name": "bone62",
				"parent": "bone58",
				"pivot": [9, 35, 0],
				"rotation": [0, 90, -7.5],
				"cubes": [
					{"origin": [7.172, 31, 0.344], "size": [4, 4, 0], "uv": [0, 16]}
				]
			},
			{
				"name": "bone53",
				"parent": "arm3",
				"pivot": [7, 40, 0]
			},
			{
				"name": "bone54",
				"parent": "bone53",
				"pivot": [8, 40, -2],
				"rotation": [-7.5, 0, 0],
				"cubes": [
					{"origin": [5.344, 36, -2.172], "size": [4, 4, 0], "uv": [0, 16]}
				]
			},
			{
				"name": "bone55",
				"parent": "bone53",
				"pivot": [8, 40, 2],
				"rotation": [7.5, 0, 0],
				"cubes": [
					{"origin": [5.344, 36, 1.828], "size": [4, 4, 0], "uv": [0, 16]}
				]
			},
			{
				"name": "bone56",
				"parent": "bone53",
				"pivot": [6, 40, 0],
				"rotation": [0, 90, 7.5],
				"cubes": [
					{"origin": [4.172, 36, -0.656], "size": [4, 4, 0], "uv": [0, 16]}
				]
			},
			{
				"name": "bone57",
				"parent": "bone53",
				"pivot": [9, 40, 0],
				"rotation": [0, 90, -7.5],
				"cubes": [
					{"origin": [7.172, 36, 0.344], "size": [4, 4, 0], "uv": [0, 16]}
				]
			},
			{
				"name": "bone48",
				"parent": "arm2",
				"pivot": [7, 44, 0]
			},
			{
				"name": "bone49",
				"parent": "bone48",
				"pivot": [8, 44, -2],
				"rotation": [-7.5, 0, 0],
				"cubes": [
					{"origin": [5.344, 40, -2.172], "size": [4, 4, 0], "uv": [0, 12]}
				]
			},
			{
				"name": "bone50",
				"parent": "bone48",
				"pivot": [8, 44, 2],
				"rotation": [7.5, 0, 0],
				"cubes": [
					{"origin": [5.344, 40, 1.828], "size": [4, 4, 0], "uv": [0, 12]}
				]
			},
			{
				"name": "bone51",
				"parent": "bone48",
				"pivot": [6, 44, 0],
				"rotation": [0, 90, 7.5],
				"cubes": [
					{"origin": [4.172, 40, -0.656], "size": [4, 4, 0], "uv": [0, 12]}
				]
			},
			{
				"name": "bone52",
				"parent": "bone48",
				"pivot": [9, 44, 0],
				"rotation": [0, 90, -7.5],
				"cubes": [
					{"origin": [7.172, 40, 0.344], "size": [4, 4, 0], "uv": [0, 12]}
				]
			},
			{
				"name": "bone43",
				"parent": "arm",
				"pivot": [7, 49, 0]
			},
			{
				"name": "bone44",
				"parent": "bone43",
				"pivot": [8, 49, -2],
				"rotation": [-7.5, 0, 0],
				"cubes": [
					{"origin": [5.344, 45, -2.172], "size": [4, 4, 0], "uv": [0, 12]}
				]
			},
			{
				"name": "bone45",
				"parent": "bone43",
				"pivot": [8, 49, 2],
				"rotation": [7.5, 0, 0],
				"cubes": [
					{"origin": [5.344, 45, 1.828], "size": [4, 4, 0], "uv": [0, 12]}
				]
			},
			{
				"name": "bone46",
				"parent": "bone43",
				"pivot": [6, 49, 0],
				"rotation": [0, 90, 7.5],
				"cubes": [
					{"origin": [4.172, 45, -0.656], "size": [4, 4, 0], "uv": [0, 12]}
				]
			},
			{
				"name": "bone47",
				"parent": "bone43",
				"pivot": [9, 49, 0],
				"rotation": [0, 90, -7.5],
				"cubes": [
					{"origin": [7.172, 45, 0.344], "size": [4, 4, 0], "uv": [0, 12]}
				]
			},
			{
				"name": "bone168",
				"parent": "body",
				"pivot": [0, -33, 1]
			},
			{
				"name": "bone169",
				"parent": "bone168",
				"pivot": [0, 41, -4],
				"cubes": [
					{"origin": [-4.75, 34, -4.2], "size": [10, 7, 0], "uv": [15, 43]}
				]
			},
			{
				"name": "bone170",
				"parent": "bone168",
				"pivot": [1, 41, 4],
				"rotation": [0, 180, 0],
				"cubes": [
					{"origin": [-3.4, 34, 4.1], "size": [10, 7, 0], "uv": [15, 43]}
				]
			},
			{
				"name": "bone171",
				"parent": "bone168",
				"pivot": [-5, 41, 1],
				"rotation": [0, 90, 0],
				"cubes": [
					{"origin": [-7.6, 34, 1.3], "size": [7.5, 7, 0], "uv": [82, 30]}
				]
			},
			{
				"name": "bone172",
				"parent": "bone168",
				"pivot": [5, 41, -1],
				"rotation": [0, -90, 0],
				"cubes": [
					{"origin": [2.2, 34, -1.5], "size": [7.5, 7, 0], "uv": [82, 30]}
				]
			}
		]
	}
}