{
	"format_version": "1.12.0",
	"minecraft:geometry": [
		{
			"description": {
				"identifier": "geometry.mommy_long_legs",
				"texture_width": 128,
				"texture_height": 128,
				"visible_bounds_width": 16,
				"visible_bounds_height": 14.5,
				"visible_bounds_offset": [0, 6.75, 0]
			},
			"bones": [
				{
					"name": "ALL",
					"pivot": [0, 0, 0]
				},
				{
					"name": "bone2",
					"parent": "ALL",
					"pivot": [0, 62, 0],
					"cubes": [
						{"origin": [-8, 62, -8], "size": [16, 16, 16], "uv": [0, 0]}
					]
				},
				{
					"name": "bone5",
					"parent": "bone2",
					"pivot": [0, 78, 0],
					"cubes": [
						{"origin": [-1, 78, -1], "size": [2, 4, 2], "uv": [0, 32]}
					]
				},
				{
					"name": "bone6",
					"parent": "bone5",
					"pivot": [0, 82, 0],
					"cubes": [
						{"origin": [-1, 82, -1], "size": [2, 4, 2], "uv": [0, 32]}
					]
				},
				{
					"name": "bone7",
					"parent": "bone6",
					"pivot": [0, 86, 0],
					"cubes": [
						{"origin": [-1, 86, -1], "size": [2, 4, 2], "uv": [0, 32]}
					]
				},
				{
					"name": "bone8",
					"parent": "bone7",
					"pivot": [0, 90, 0],
					"cubes": [
						{"origin": [-1, 90, -1], "size": [2, 4, 2], "uv": [0, 32]}
					]
				},
				{
					"name": "bone9",
					"parent": "bone8",
					"pivot": [0, 94, 0],
					"cubes": [
						{"origin": [-1, 94, -1], "size": [2, 4, 2], "uv": [0, 32]}
					]
				},
				{
					"name": "bone10",
					"parent": "bone9",
					"pivot": [0, 98, 0],
					"cubes": [
						{"origin": [-5, 98, -4], "size": [10, 12, 8], "uv": [40, 32]}
					]
				},
				{
					"name": "bone14",
					"parent": "bone10",
					"pivot": [0, 110, 0],
					"cubes": [
						{"origin": [-1, 110, -1], "size": [2, 4, 2], "uv": [0, 32]}
					]
				},
				{
					"name": "bone15",
					"parent": "bone14",
					"pivot": [0, 114, 0],
					"cubes": [
						{"origin": [-1, 114, -1], "size": [2, 4, 2], "uv": [0, 32]}
					]
				},
				{
					"name": "bone16",
					"parent": "bone15",
					"pivot": [0, 118, 0],
					"cubes": [
						{"origin": [-1, 118, -1], "size": [2, 4, 2], "uv": [0, 32]}
					]
				},
				{
					"name": "bone17",
					"parent": "bone16",
					"pivot": [0, 122, 0],
					"cubes": [
						{"origin": [-1, 122, -1], "size": [2, 4, 2], "uv": [0, 32]}
					]
				},
				{
					"name": "bone18",
					"parent": "bone17",
					"pivot": [0, 126, 0],
					"cubes": [
						{"origin": [-1, 126, -1], "size": [2, 4, 2], "uv": [0, 32]}
					]
				},
				{
					"name": "bone19",
					"parent": "bone18",
					"pivot": [0, 130, 0],
					"cubes": [
						{"origin": [-6, 130, -4], "size": [12, 12, 8], "uv": [0, 32]},
						{"origin": [-11.75, 134.25, -2], "size": [2, 4, 4], "pivot": [0, 130, 0], "rotation": [0, 0, 30], "uv": [0, 4]},
						{"origin": [-2, 139, -5], "size": [10, 7, 5], "pivot": [0, 130, 0], "rotation": [0, 0, -7.5], "uv": [48, 0]}
					]
				},
				{
					"name": "bone",
					"parent": "bone19",
					"pivot": [0, 133, -4],
					"cubes": [
						{"origin": [-6, 130, -3.1], "size": [12, 8, 0], "uv": [0, 52]}
					]
				},
				{
					"name": "bone86",
					"parent": "bone19",
					"pivot": [-6, 141, 0],
					"rotation": [0, 0, 10],
					"cubes": [
						{"origin": [-11, 140, -1], "size": [6, 2, 2], "uv": [0, 0]}
					]
				},
				{
					"name": "bone87",
					"parent": "bone86",
					"pivot": [-11, 141, 0],
					"rotation": [0, 5, -55],
					"cubes": [
						{"origin": [-17, 140, -1], "size": [6, 2, 2], "uv": [0, 0]}
					]
				},
				{
					"name": "bone88",
					"parent": "bone87",
					"pivot": [-17, 141, 0],
					"rotation": [0, -2.5, -60],
					"cubes": [
						{"origin": [-23, 140, -1], "size": [6, 2, 2], "uv": [0, 0]}
					]
				},
				{
					"name": "bone92",
					"parent": "bone19",
					"pivot": [-6, 141, 0],
					"rotation": [0, -15, -20],
					"cubes": [
						{"origin": [-11, 140, -1], "size": [6, 2, 2], "uv": [0, 0]}
					]
				},
				{
					"name": "bone93",
					"parent": "bone92",
					"pivot": [-11, 141, 0],
					"rotation": [0, 2.5, -55],
					"cubes": [
						{"origin": [-17, 140, -1], "size": [6, 2, 2], "uv": [0, 0]}
					]
				},
				{
					"name": "bone94",
					"parent": "bone93",
					"pivot": [-17, 141, 0],
					"rotation": [0, -2.5, -60],
					"cubes": [
						{"origin": [-23, 140, -1], "size": [6, 2, 2], "uv": [0, 0]}
					]
				},
				{
					"name": "bone89",
					"parent": "bone19",
					"pivot": [-6, 141, 0],
					"rotation": [0, 17.5, 37.5],
					"cubes": [
						{"origin": [-11, 140, -1], "size": [6, 2, 2], "uv": [0, 0]}
					]
				},
				{
					"name": "bone90",
					"parent": "bone89",
					"pivot": [-11, 141, 0],
					"rotation": [0, 5, -55],
					"cubes": [
						{"origin": [-17, 140, -1], "size": [6, 2, 2], "uv": [0, 0]}
					]
				},
				{
					"name": "bone91",
					"parent": "bone90",
					"pivot": [-17, 141, 0],
					"rotation": [-2.5, 0, -60],
					"cubes": [
						{"origin": [-23, 140, -1], "size": [6, 2, 2], "uv": [0, 0]}
					]
				},
				{
					"name": "bone24",
					"parent": "bone10",
					"pivot": [-5, 109, 0],
					"cubes": [
						{"origin": [-13, 108, -1], "size": [8, 2, 2], "uv": [42, 52]}
					]
				},
				{
					"name": "bone25",
					"parent": "bone24",
					"pivot": [-13, 109, 0],
					"cubes": [
						{"origin": [-21, 108, -1], "size": [8, 2, 2], "uv": [42, 52]}
					]
				},
				{
					"name": "bone26",
					"parent": "bone25",
					"pivot": [-21, 109, 0],
					"cubes": [
						{"origin": [-29, 108, -1], "size": [8, 2, 2], "uv": [42, 52]}
					]
				},
				{
					"name": "bone27",
					"parent": "bone26",
					"pivot": [-29, 109, 0],
					"cubes": [
						{"origin": [-37, 108, -1], "size": [8, 2, 2], "uv": [42, 52]}
					]
				},
				{
					"name": "bone28",
					"parent": "bone27",
					"pivot": [-37, 109, 0],
					"cubes": [
						{"origin": [-45, 108, -1], "size": [8, 2, 2], "uv": [42, 52]}
					]
				},
				{
					"name": "bone29",
					"parent": "bone28",
					"pivot": [-45, 109, 0],
					"cubes": [
						{"origin": [-53, 108, -1], "size": [8, 2, 2], "uv": [42, 52]}
					]
				},
				{
					"name": "bone30",
					"parent": "bone29",
					"pivot": [-53, 109, 0],
					"cubes": [
						{"origin": [-61, 108, -1], "size": [8, 2, 2], "uv": [42, 52]}
					]
				},
				{
					"name": "bone31",
					"parent": "bone30",
					"pivot": [-61, 109, 0],
					"cubes": [
						{"origin": [-69, 108, -1], "size": [8, 2, 2], "uv": [42, 52]}
					]
				},
				{
					"name": "bone32",
					"parent": "bone31",
					"pivot": [-69, 109, 0],
					"cubes": [
						{"origin": [-70, 107, -2], "size": [2, 4, 4], "uv": [0, 4]}
					]
				},
				{
					"name": "bone33",
					"parent": "bone32",
					"pivot": [-69, 109, 0],
					"cubes": [
						{"origin": [-76, 106, -1], "size": [7, 6, 2], "uv": [24, 52]}
					]
				},
				{
					"name": "bone34",
					"parent": "bone33",
					"pivot": [-76, 109, 0],
					"cubes": [
						{"origin": [-84, 108, -1], "size": [8, 2, 2], "uv": [48, 12]}
					]
				},
				{
					"name": "bone35",
					"parent": "bone33",
					"pivot": [-76, 111, 0],
					"rotation": [-0.43439, -2.462, 10.00933],
					"cubes": [
						{"origin": [-84, 110, -1], "size": [8, 2, 2], "uv": [48, 12]}
					]
				},
				{
					"name": "bone38",
					"parent": "bone33",
					"pivot": [-72, 112, 0],
					"rotation": [-1.25386, -4.66429, 30.07836],
					"cubes": [
						{"origin": [-80, 111, -1], "size": [8, 2, 2], "uv": [48, 12]}
					]
				},
				{
					"name": "bone36",
					"parent": "bone33",
					"pivot": [-76, 107, 0],
					"rotation": [0.54143, -2.4407, -12.51153],
					"cubes": [
						{"origin": [-84, 106, -1], "size": [8, 2, 2], "uv": [48, 12]}
					]
				},
				{
					"name": "bone37",
					"parent": "bone33",
					"pivot": [-74, 106, 0],
					"rotation": [0, -2.5, -22.5],
					"cubes": [
						{"origin": [-82, 105, -1], "size": [8, 2, 2], "uv": [48, 12]}
					]
				},
				{
					"name": "bone43",
					"parent": "bone10",
					"pivot": [5, 109, 0],
					"cubes": [
						{"origin": [5, 108, -1], "size": [8, 2, 2], "uv": [42, 52], "mirror": true}
					]
				},
				{
					"name": "bone44",
					"parent": "bone43",
					"pivot": [13, 109, 0],
					"cubes": [
						{"origin": [13, 108, -1], "size": [8, 2, 2], "uv": [42, 52], "mirror": true}
					]
				},
				{
					"name": "bone45",
					"parent": "bone44",
					"pivot": [21, 109, 0],
					"cubes": [
						{"origin": [21, 108, -1], "size": [8, 2, 2], "uv": [42, 52], "mirror": true}
					]
				},
				{
					"name": "bone46",
					"parent": "bone45",
					"pivot": [29, 109, 0],
					"cubes": [
						{"origin": [29, 108, -1], "size": [8, 2, 2], "uv": [42, 52], "mirror": true}
					]
				},
				{
					"name": "bone47",
					"parent": "bone46",
					"pivot": [37, 109, 0],
					"cubes": [
						{"origin": [37, 108, -1], "size": [8, 2, 2], "uv": [42, 52], "mirror": true}
					]
				},
				{
					"name": "bone48",
					"parent": "bone47",
					"pivot": [45, 109, 0],
					"cubes": [
						{"origin": [45, 108, -1], "size": [8, 2, 2], "uv": [42, 52], "mirror": true}
					]
				},
				{
					"name": "bone49",
					"parent": "bone48",
					"pivot": [53, 109, 0],
					"cubes": [
						{"origin": [53, 108, -1], "size": [8, 2, 2], "uv": [42, 52], "mirror": true}
					]
				},
				{
					"name": "bone50",
					"parent": "bone49",
					"pivot": [61, 109, 0],
					"cubes": [
						{"origin": [61, 108, -1], "size": [8, 2, 2], "uv": [42, 52], "mirror": true}
					]
				},
				{
					"name": "bone51",
					"parent": "bone50",
					"pivot": [69, 109, 0],
					"cubes": [
						{"origin": [68, 107, -2], "size": [2, 4, 4], "uv": [0, 4], "mirror": true}
					]
				},
				{
					"name": "bone52",
					"parent": "bone51",
					"pivot": [69, 109, 0],
					"cubes": [
						{"origin": [69, 106, -1], "size": [7, 6, 2], "uv": [24, 52], "mirror": true}
					]
				},
				{
					"name": "bone53",
					"parent": "bone52",
					"pivot": [76, 109, 0],
					"cubes": [
						{"origin": [76, 108, -1], "size": [8, 2, 2], "uv": [48, 12], "mirror": true}
					]
				},
				{
					"name": "bone54",
					"parent": "bone52",
					"pivot": [76, 111, 0],
					"rotation": [-0.21803, 2.49048, -5.00474],
					"cubes": [
						{"origin": [76, 110, -1], "size": [8, 2, 2], "uv": [48, 12], "mirror": true}
					]
				},
				{
					"name": "bone55",
					"parent": "bone52",
					"pivot": [72, 112, 0],
					"rotation": [-1.25386, 4.66429, -30.07836],
					"cubes": [
						{"origin": [72, 111, -1], "size": [8, 2, 2], "uv": [48, 12], "mirror": true}
					]
				},
				{
					"name": "bone56",
					"parent": "bone52",
					"pivot": [76, 107, 0],
					"rotation": [0.21803, 2.49048, 5.00474],
					"cubes": [
						{"origin": [76, 106, -1], "size": [8, 2, 2], "uv": [48, 12], "mirror": true}
					]
				},
				{
					"name": "bone57",
					"parent": "bone52",
					"pivot": [74, 106, 0],
					"rotation": [0, 2.5, 22.5],
					"cubes": [
						{"origin": [74, 105, -1], "size": [8, 2, 2], "uv": [48, 12], "mirror": true}
					]
				},
				{
					"name": "bone63",
					"parent": "ALL",
					"pivot": [-3, 62, 0],
					"rotation": [0, 0, -90],
					"cubes": [
						{"origin": [-11, 61, -1], "size": [8, 2, 2], "uv": [42, 52]}
					]
				},
				{
					"name": "bone64",
					"parent": "bone63",
					"pivot": [-11, 62, 0],
					"cubes": [
						{"origin": [-19, 61, -1], "size": [8, 2, 2], "uv": [42, 52]}
					]
				},
				{
					"name": "bone65",
					"parent": "bone64",
					"pivot": [-19, 62, 0],
					"cubes": [
						{"origin": [-27, 61, -1], "size": [8, 2, 2], "uv": [42, 52]}
					]
				},
				{
					"name": "bone66",
					"parent": "bone65",
					"pivot": [-27, 62, 0],
					"cubes": [
						{"origin": [-35, 61, -1], "size": [8, 2, 2], "uv": [42, 52]}
					]
				},
				{
					"name": "bone67",
					"parent": "bone66",
					"pivot": [-35, 62, 0],
					"cubes": [
						{"origin": [-43, 61, -1], "size": [8, 2, 2], "uv": [42, 52]}
					]
				},
				{
					"name": "bone68",
					"parent": "bone67",
					"pivot": [-43, 62, 0],
					"cubes": [
						{"origin": [-51, 61, -1], "size": [8, 2, 2], "uv": [42, 52]}
					]
				},
				{
					"name": "bone69",
					"parent": "bone68",
					"pivot": [-51, 62, 0],
					"cubes": [
						{"origin": [-59, 61, -1], "size": [8, 2, 2], "uv": [42, 52]}
					]
				},
				{
					"name": "bone70",
					"parent": "bone69",
					"pivot": [-59, 62, 0],
					"cubes": [
						{"origin": [-60, 60, -2], "size": [2, 4, 4], "uv": [0, 4]},
						{"origin": [-62, 60.5, -1.5], "size": [2, 3, 3], "uv": [22, 60]}
					]
				},
				{
					"name": "bone71",
					"parent": "bone70",
					"pivot": [-60, 62, 0],
					"cubes": [
						{"origin": [-65, 59.5, -1], "size": [4, 5, 2], "uv": [0, 60]},
						{"origin": [-65, 59.5, -3], "size": [4, 5, 2], "uv": [54, 56]},
						{"origin": [-65, 59, -5], "size": [4, 6, 2], "uv": [42, 56]},
						{"origin": [-65, 59, -7], "size": [4, 6, 2], "uv": [32, 32]},
						{"origin": [-65, 59.5, 1], "size": [4, 5, 1], "uv": [12, 60]}
					]
				},
				{
					"name": "bone77",
					"parent": "ALL",
					"pivot": [3, 62, 0],
					"rotation": [0, 0, 90],
					"cubes": [
						{"origin": [3, 61, -1], "size": [8, 2, 2], "uv": [42, 52], "mirror": true}
					]
				},
				{
					"name": "bone78",
					"parent": "bone77",
					"pivot": [11, 62, 0],
					"cubes": [
						{"origin": [11, 61, -1], "size": [8, 2, 2], "uv": [42, 52], "mirror": true}
					]
				},
				{
					"name": "bone79",
					"parent": "bone78",
					"pivot": [19, 62, 0],
					"cubes": [
						{"origin": [19, 61, -1], "size": [8, 2, 2], "uv": [42, 52], "mirror": true}
					]
				},
				{
					"name": "bone80",
					"parent": "bone79",
					"pivot": [27, 62, 0],
					"cubes": [
						{"origin": [27, 61, -1], "size": [8, 2, 2], "uv": [42, 52], "mirror": true}
					]
				},
				{
					"name": "bone81",
					"parent": "bone80",
					"pivot": [35, 62, 0],
					"cubes": [
						{"origin": [35, 61, -1], "size": [8, 2, 2], "uv": [42, 52], "mirror": true}
					]
				},
				{
					"name": "bone82",
					"parent": "bone81",
					"pivot": [43, 62, 0],
					"cubes": [
						{"origin": [43, 61, -1], "size": [8, 2, 2], "uv": [42, 52], "mirror": true}
					]
				},
				{
					"name": "bone83",
					"parent": "bone82",
					"pivot": [51, 62, 0],
					"cubes": [
						{"origin": [51, 61, -1], "size": [8, 2, 2], "uv": [42, 52], "mirror": true}
					]
				},
				{
					"name": "bone84",
					"parent": "bone83",
					"pivot": [59, 62, 0],
					"cubes": [
						{"origin": [58, 60, -2], "size": [2, 4, 4], "uv": [0, 4], "mirror": true},
						{"origin": [60, 60.5, -1.5], "size": [2, 3, 3], "uv": [22, 60], "mirror": true}
					]
				},
				{
					"name": "bone85",
					"parent": "bone84",
					"pivot": [60, 62, 0],
					"cubes": [
						{"origin": [61, 59.5, -1], "size": [4, 5, 2], "uv": [0, 60], "mirror": true},
						{"origin": [61, 59.5, -3], "size": [4, 5, 2], "uv": [54, 56], "mirror": true},
						{"origin": [61, 59, -5], "size": [4, 6, 2], "uv": [42, 56], "mirror": true},
						{"origin": [61, 59, -7], "size": [4, 6, 2], "uv": [32, 32], "mirror": true},
						{"origin": [61, 59.5, 1], "size": [4, 5, 1], "uv": [12, 60], "mirror": true}
					]
				}
			]
		}
	]
}