{
	"format_version": "1.12.0",
	"minecraft:geometry": [
		{
			"description": {
				"identifier": "geometry.poppy",
				"texture_width": 64,
				"texture_height": 64,
				"visible_bounds_width": 11,
				"visible_bounds_height": 6,
				"visible_bounds_offset": [0, 2, 0]
			},
			"bones": [
				{
					"name": "all",
					"pivot": [0, 0, 0]
				},
				{
					"name": "leg2",
					"parent": "all",
					"pivot": [-3, 11, 1],
					"cubes": [
						{"origin": [-4, 6, -1], "size": [3, 6, 3], "uv": [35, 0]}
					]
				},
				{
					"name": "lower_leg2",
					"parent": "leg2",
					"pivot": [-3, 5, 1],
					"cubes": [
						{"origin": [-4, 2, -1], "size": [3, 4, 3], "uv": [12, 39]},
						{"origin": [-4, 0, -1], "size": [3, 2, 5], "uv": [27, 21]}
					]
				},
				{
					"name": "leg",
					"parent": "all",
					"pivot": [1, 11, 1],
					"cubes": [
						{"origin": [0, 6, -1], "size": [3, 6, 3], "uv": [35, 0]}
					]
				},
				{
					"name": "lower_leg",
					"parent": "leg",
					"pivot": [1, 5, 1],
					"cubes": [
						{"origin": [0, 2, -1], "size": [3, 4, 3], "uv": [12, 39]},
						{"origin": [0, 0, -1], "size": [3, 2, 5], "uv": [27, 21]}
					]
				},
				{
					"name": "body1",
					"parent": "all",
					"pivot": [0, 1, 0],
					"cubes": [
						{"origin": [-6.5, 2, -5], "size": [12, 10, 11], "uv": [0, 0]}
					]
				},
				{
					"name": "body2",
					"parent": "body1",
					"pivot": [0, 12, 0],
					"cubes": [
						{"origin": [-4.5, 12, -3], "size": [8, 7, 7], "uv": [29, 32]}
					]
				},
				{
					"name": "head",
					"parent": "body2",
					"pivot": [-1, 19, 0],
					"cubes": [
						{"origin": [-5, 20, -4.5], "size": [9, 9, 9], "uv": [0, 21]},
						{"origin": [0.5, 23, 3.6], "size": [2.5, 2.5, 1], "uv": [0, 24]},
						{"origin": [-4, 23, 3.6], "size": [2.5, 2.5, 1], "uv": [0, 21]},
						{"origin": [-2.5, 20.5, 3.6], "size": [4, 1, 1], "uv": [0, 0]},
						{"origin": [-1.85, 20, 3.6], "size": [2.5, 1, 1], "uv": [4, 8]},
						{"origin": [-0.35, 21, 3.6], "size": [1, 1, 1], "uv": [6, 2]},
						{"origin": [-1.85, 21, 3.6], "size": [1, 1, 1], "uv": [6, 2]},
						{"origin": [-1.5, 22.5, 3.2], "size": [2, 1.5, 2], "uv": [0, 5]},
						{"origin": [-1, 24, 3.6], "size": [1, 1.5, 1], "uv": [6, 5]},
						{"origin": [-1.25, 23.5, 3], "size": [1.5, 1.5, 2], "uv": [0, 8]},
						{"origin": [0.10587, 24.67446, -0.99619], "size": [3, 1, 3], "pivot": [6.10587, 24.67446, 2.50381], "rotation": [0, 0, 50], "uv": [38, 21]},
						{"origin": [-5.8767, 28.73124, -0.99619], "size": [3, 1, 3], "pivot": [-3.81998, 28.70474, 1.50381], "rotation": [0, 0, -50], "uv": [38, 21]},
						{"origin": [-1.5, 19, 0], "size": [2, 1, 2], "uv": [0, 2]}
					]
				},
				{
					"name": "r_hair",
					"parent": "head",
					"pivot": [4, 29.08716, 1.00381],
					"rotation": [-180, 0, 170],
					"cubes": [
						{"origin": [-1, 17.08716, 1], "size": [5, 13, 1], "uv": [0, 39]}
					]
				},
				{
					"name": "r_hair2",
					"parent": "r_hair",
					"pivot": [5, 29.08716, 1.00381],
					"rotation": [0, 0, -10],
					"cubes": [
						{"origin": [0, 17.08716, 1.00381], "size": [5, 13, 1], "uv": [0, 39]}
					]
				},
				{
					"name": "l_hair3",
					"parent": "head",
					"pivot": [-4, 29.08716, 1.00381],
					"cubes": [
						{"origin": [-9, 17.08716, 0.00381], "size": [5, 13, 1], "uv": [0, 39]}
					]
				},
				{
					"name": "l_hair",
					"parent": "l_hair3",
					"pivot": [-4, 29.08716, 1.00381],
					"rotation": [0, 0, 10],
					"cubes": [
						{"origin": [-9, 17.08716, 0], "size": [5, 13, 1], "uv": [0, 39]}
					]
				},
				{
					"name": "arm",
					"parent": "body2",
					"pivot": [4, 19, 1],
					"cubes": [
						{"origin": [3, 13, -1], "size": [3, 6, 3], "uv": [35, 0]}
					]
				},
				{
					"name": "lower_arm",
					"parent": "arm",
					"pivot": [4, 13, 1],
					"cubes": [
						{"origin": [3, 7, -1], "size": [3, 6, 3], "uv": [35, 0]},
						{"origin": [3, 4, -1], "size": [3, 3, 3], "uv": [40, 25]}
					]
				},
				{
					"name": "arm2",
					"parent": "body2",
					"pivot": [-6, 19, 1],
					"cubes": [
						{"origin": [-7, 13, -1], "size": [3, 6, 3], "uv": [35, 0]}
					]
				},
				{
					"name": "lower_arm2",
					"parent": "arm2",
					"pivot": [-6, 13, 1],
					"cubes": [
						{"origin": [-7, 7, -1], "size": [3, 6, 3], "uv": [35, 0]},
						{"origin": [-7, 4, -1], "size": [3, 3, 3], "uv": [40, 25]}
					]
				}
			]
		}
	]
}