{
	"format_version": "1.10.0",
	"minecraft:client_entity": {
		"description": {
			"identifier": "tb:thomas",
			"materials": {
				"default": "entity_alphatest"
			},
			"textures": {
				"default": "textures/entity/thomas_exe"
			},
			"geometry": {
				"default": "geometry.thomas"
      },
      "animations": {
        "moving": "animation.thomas.moving",
        "climb": "animation.thomas.climb",
        "right": "animation.thomas.right",
        "left": "animation.thomas.left",
        "upside_down": "animation.thomas.upside_down",
        "thomas_general": "animation.thomas.general",
        "attack1": "animation.thomas.attack1",
        "attack2": "animation.thomas.attack2",
        "jump": "animation.thomas.jump",
        "jumpscare": "animation.thomas.jumpscare",
        "look_at_target": "animation.common.look_at_target",
        "new3": "animation.thomas.hand",
        "look": "animation.thomas.look_at",
        "general": "controller.animation.thomas.general",
        "attack": "controller.animation.thomas.attack",
        "climbing": "controller.animation.thomas.climbing"
      },
	  "scripts": {
		"animate": ["general", "attack", "new3", "climbing", "look"],
		  "pre_animation":[
		  "variable.random = math.round(math.random(0,3));",
		  "variable.random1 = math.round(math.random(0,2));"
		        ]
			},
			"render_controllers": [
			    "controller.render.skeleton"
      ],
			"sound_effects": {
				"jumpscare": "thomas.jumpscare"
	  },
			"spawn_egg": {
				"texture": "thomas_spawn_egg"
				
			}
		}
	}
}