{
"format_version": "1.10.0",
"animation_controllers": {
"controller.animation.choo_choo_charles.general": {
"initial_state": "moving",
"states": {
"moving": {
"variables": {
"move_speed": {
"input": "query.modified_move_speed",
"remap_curve": {
"0.0": 0.0,
"0.25": 1.0
}
},
"is_idling": {
"input": "query.modified_move_speed",
"remap_curve": {
"0.0": 1.0,
"0.1": 0.0
}
}
},
"animations": [{
"moving": "variable.move_speed"
}, {
"choo_choo_charles_general": "variable.is_idling"
}
],
"transitions": [{
"running": "query.ground_speed >= 4.5"
}
],
"blend_transition": 0.2
},
"running": {
"animations": [
"running"
],
"transitions": [{
"moving": "query.ground_speed <= 3.5"
}
],
"blend_transition": 0.1
}
}
},
"controller.animation.choo_choo_charles.attack": {
"states": {
"default": {
"transitions": [{
"attack0": "variable.attack_time > 0 && variable.random == 0"
},
{
"attack1": "variable.attack_time > 0 && variable.random == 1"
}
],
"blend_transition": 0.1
},
"attack0": {
"animations": ["attack0"],
"transitions": [{
"default": "query.all_animations_finished"
}
],
"blend_transition": 0.1
},
"attack1": {
"animations": ["attack1"],
"transitions": [{
"default": "query.all_animations_finished"
}
],
"blend_transition": 0.1
}
}
}
}
}