{
"format_version": "1.10.0",
"animation_controllers": {
"controller.animation.choo_choo_charles_morph.general": {
"initial_state": "moving",
"states": {
"moving": {
"variables": {
"move_speed": {
"input": "query.modified_move_speed",
"remap_curve": {
"0.0": 0.0,
"0.25": 1.0
}
},
"is_idling": {
"input": "query.modified_move_speed",
"remap_curve": {
"0.0": 1.0,
"0.1": 0.0
}
}
},
"blend_transition": 0.1,
"animations": [
{
"moving": "variable.move_speed"
},
{
"charles_morph_general": "variable.is_idling"
}
],
"transitions": [
{
"running": "query.ground_speed >= 4.5"
},
{
"jumping": "!query.is_on_ground && !query.is_in_water && !query.is_wall_climbing"
},
{
"climbing": "query.is_wall_climbing"
},
{
"sitting": "query.is_riding"
},
{
"sneaking": "query.is_sneaking"
},
{
"attacking": "variable.attack_time>0"
}
]
},
"running": {
"animations": [
"running"
],
"transitions": [
{
"moving": "query.ground_speed <= 3.5"
}
],
"blend_transition": 0.1
},
"jumping": {
"animations": [
"jumping"
],
"transitions": [
{
"moving": "query.is_on_ground"
}
],
"blend_transition": 0.5
},
"climbing": {
"animations": [
"climbing"
],
"transitions": [
{
"moving": "!query.is_wall_climbing"
}
],
"blend_transition": 0.5
},
"sitting": {
"animations": [
"sitting"
],
"transitions": [
{
"moving": "!query.is_riding"
}
],
"blend_transition": 0.2
},
"sneaking": {
"animations": [
"sneaking"
],
"transitions": [
{
"moving": "!query.is_sneaking"
}
],
"blend_transition": 0.2
},
"attacking": {
"animations": [
"attacking"
],
"transitions": [
{
"moving": "query.all_animations_finished"
}
],
"blend_transition": 0.2
}
}
},
"controller.animation.choo_choo_charles_morph.attack": {
"states": {
"default": {
"transitions": [
{
"attack1": "variable.attack_time > 0"
}
],
"blend_transition": 0.1
},
"attack1": {
"animations": [
"attacking"
],
"transitions": [
{
"default": "query.all_animations_finished"
}
],
"blend_transition": 0.1
},
"attack2": {
"animations": [
"attacking"
],
"transitions": [
{
"default": "query.all_animations_finished"
}
],
"blend_transition": 0.1
}
}
},
"controller.animation.choo_choo_charles_morph.looking_at": {
"states": {
"default": {
"animations": [
"looking"
]
}
}
}
}
}