{
  "format_version": "1.8.0",
  "minecraft:entity": {
    "description": {
      "identifier": "ta:backpack_mechanical_wing",
      "is_spawnable": true,
      "is_summonable": true,
      "is_experimental": false
    },
    "component_groups": {
      "minecraft:entity_spawned": {
        "minecraft:is_chested": {},
        "minecraft:is_tamed": {}
      }
    },
    "events": {
      "minecraft:entity_spawned": {
        "add": {
          "component_groups": [
            "minecraft:entity_spawned"
          ]
        }
      }
    },
    "components": {
      "minecraft:interact": [
        {
          "on_interact": {
            "filters": {
              "all_of": [
                {
                  "any_of": [
                    {
                      "test": "has_equipment",
                      "subject": "other",
                      "domain": "hand",
                      "value": "dye:16"
                    }
                  ]
                },
                {
                  "test": "is_family",
                  "subject": "other",
                  "value": "player"
                }
              ]
            },
            "event": "backpack_mechanical_wing"
          },
          "use_item": true
        }
      ],
      "minecraft:equippable": {},
      "minecraft:type_family": {
        "family": [
          "backpack"
        ]
      },
      "minecraft:fire_immune": true,
      "minecraft:health": {
        "value": 20,
        "max": 20
      },
      "minecraft:inventory": {
        "inventory_size": 15,
        "container_type": "horse",
        "restrict_to_owner": false
      },
      "minecraft:collision_box": {
        "width": 0.3,
        "height": 1
      },
      "minecraft:scale": {
        "value": 1.2
      },
      "minecraft:loot": {
        "table": "loot_tables/entities/empty.json"
      },
      "minecraft:is_stackable": {},
      "minecraft:knockback_resistance": {},
      "minecraft:physics": {
        "has_gravity": true,
        "has_collision": true
      },
      "minecraft:push_through": {
        "value": 1
      },
      "minecraft:pushable": {
        "is_pushable": true,
        "is_pushable_by_piston": true
      }
    }
  }
}