{
	"format_version": "1.12.0",
	"minecraft:geometry": [
		{
			"description": {
				"identifier": "geometry.ambush",
				"texture_width": 64,
				"texture_height": 64,
				"visible_bounds_width": 4,
				"visible_bounds_height": 4,
				"visible_bounds_offset": [0, 1, 0]
			},
			"bones": [
				{
					"name": "All",
					"pivot": [0, 15, 0],
					"locators": {
						"fog_light": [0, 19, 6]
					}
				},
				{
					"name": "bb_main",
					"parent": "All",
					"pivot": [0, 16, 1],
					"cubes": [
						{"origin": [-12, 0, -1], "size": [24, 30, 1], "uv": [0, 0]}
					]
				},
				{
					"name": "bone",
					"parent": "bb_main",
					"pivot": [1, 0, 2],
					"cubes": [
						{"origin": [10, 22, -1], "size": [1, 6, 1], "uv": [16, 15]},
						{"origin": [9, 28, -1], "size": [2, 1, 1], "uv": [16, 15]},
						{"origin": [8, 29, -1], "size": [2, 1, 1], "uv": [16, 15]},
						{"origin": [7, 30, -1], "size": [2, 1, 1], "uv": [16, 15]},
						{"origin": [5, 30, -1], "size": [2, 1, 1], "uv": [2, 11]},
						{"origin": [3, 30, -1], "size": [2, 1, 1], "uv": [2, 11]},
						{"origin": [1, 30, -1], "size": [2, 1, 1], "uv": [2, 11]},
						{"origin": [-1, 30, -1], "size": [2, 1, 1], "uv": [2, 11]},
						{"origin": [-3, 30, -1], "size": [2, 1, 1], "uv": [2, 11]},
						{"origin": [-5, 30, -1], "size": [2, 1, 1], "uv": [2, 11]},
						{"origin": [-7, 30, -1], "size": [2, 1, 1], "uv": [2, 11]},
						{"origin": [-9, 29, -1], "size": [2, 1, 1], "uv": [2, 11]},
						{"origin": [-11, 28, -1], "size": [2, 1, 1], "uv": [2, 11]},
						{"origin": [-13, 27, -1], "size": [2, 1, 1], "uv": [2, 11]},
						{"origin": [-13, 19, -1], "size": [1, 8, 1], "uv": [2, 11]},
						{"origin": [-13, 11, -1], "size": [1, 8, 1], "uv": [2, 11]},
						{"origin": [-12, 8, -1], "size": [1, 3, 1], "uv": [2, 11]},
						{"origin": [-11, 6, -1], "size": [1, 2, 1], "uv": [2, 11]},
						{"origin": [-10, 6, -1], "size": [2, 1, 1], "uv": [2, 11]},
						{"origin": [-9, 4, -1], "size": [1, 2, 1], "uv": [2, 11]},
						{"origin": [-8, 3, -1], "size": [2, 2, 1], "uv": [2, 11]},
						{"origin": [-6, 2, -1], "size": [1, 2, 1], "uv": [2, 11]},
						{"origin": [-5, 1, -1], "size": [2, 2, 1], "uv": [2, 11]},
						{"origin": [-3, 1, -1], "size": [3, 1, 1], "uv": [2, 11]},
						{"origin": [0, 2, -1], "size": [3, 1, 1], "uv": [2, 11]},
						{"origin": [2, 3, -1], "size": [3, 1, 1], "uv": [2, 11]},
						{"origin": [3, 4, -1], "size": [3, 1, 1], "uv": [2, 11]},
						{"origin": [5, 5, -1], "size": [3, 1, 1], "uv": [2, 11]},
						{"origin": [6, 6, -1], "size": [2, 1, 1], "uv": [2, 11]},
						{"origin": [7, 7, -1], "size": [2, 1, 1], "uv": [2, 11]},
						{"origin": [7, 8, -1], "size": [2, 1, 1], "uv": [2, 11]},
						{"origin": [7, 9, -1], "size": [2, 1, 1], "uv": [2, 11]},
						{"origin": [8, 10, -1], "size": [1, 4, 1], "uv": [2, 11]},
						{"origin": [9, 14, -1], "size": [1, 4, 1], "uv": [2, 11]},
						{"origin": [9, 18, -1], "size": [1, 4, 1], "uv": [2, 11]}
					]
				},
				{
					"name": "bb_main2",
					"parent": "bb_main",
					"pivot": [0, 16, 2],
					"cubes": [
						{"origin": [-12, 0, -1], "size": [24, 30, 1], "uv": [0, 34]}
					]
				}
			]
		}
	]
}