{
	"format_version": "1.12.0",
	"minecraft:geometry": [
		{
			"description": {
				"identifier": "geometry.ambush_plush",
				"texture_width": 32,
				"texture_height": 32,
				"visible_bounds_width": 3,
				"visible_bounds_height": 3.5,
				"visible_bounds_offset": [0, 1.25, 0]
			},
			"bones": [
				{
					"name": "body",
					"pivot": [0, 0, 0]
				},
				{
					"name": "head",
					"parent": "body",
					"pivot": [0, 10, 3],
					"cubes": [
						{"origin": [-4, 0, -5], "size": [8, 10, 8], "uv": [0, 0]},
						{"origin": [-6, 0, 1], "size": [12, 11, 0], "uv": [0, 0]},
						{"origin": [-7, 0, 2], "size": [14, 13, 1], "uv": [0, 0]}
					]
				}
			]
		}
	]
}