{
  "format_version": "1.12.0",
  "minecraft:geometry": [
    {
      "description": {
        "identifier": "geometry.among_drawer2",
        "texture_width": 128,
        "texture_height": 128,
        "visible_bounds_width": 3,
        "visible_bounds_height": 4.5,
        "visible_bounds_offset": [
          0,
          1.75,
          0
        ]
      },
      "bones": [
        {
          "name": "small_table",
          "cubes": [
            {
              "origin": [
                -7.0,
                2.0,
                -7.0
              ],
              "size": [
                2.0,
                12.0,
                14.0
              ],
              "uv": [
                32,
                53
              ],
              "inflate": 0
            },
            {
              "origin": [
                5.0,
                0.0,
                -7.0
              ],
              "size": [
                2.0,
                2.0,
                2.0
              ],
              "uv": [
                6,
                6
              ],
              "inflate": 0
            },
            {
              "origin": [
                -7.0,
                0.0,
                -7.0
              ],
              "size": [
                2.0,
                2.0,
                2.0
              ],
              "uv": [
                6,
                2
              ],
              "inflate": 0
            },
            {
              "origin": [
                5.0,
                0.0,
                5.0
              ],
              "size": [
                2.0,
                2.0,
                2.0
              ],
              "uv": [
                0,
                0
              ],
              "inflate": 0
            },
            {
              "origin": [
                -7.0,
                0.0,
                5.0
              ],
              "size": [
                2.0,
                2.0,
                2.0
              ],
              "uv": [
                0,
                4
              ],
              "inflate": 0
            },
            {
              "origin": [
                -8.0,
                14.0,
                -7.0
              ],
              "size": [
                16.0,
                2.0,
                14.0
              ],
              "uv": [
                0,
                0
              ],
              "inflate": 0
            },
            {
              "origin": [
                5.0,
                2.0,
                -7.0
              ],
              "size": [
                2.0,
                12.0,
                14.0
              ],
              "uv": [
                0,
                49
              ],
              "inflate": 0
            },
            {
              "origin": [
                -5.0,
                2.0,
                4.0
              ],
              "size": [
                10.0,
                12.0,
                3.0
              ],
              "uv": [
                60,
                0
              ],
              "inflate": 0
            }
          ],
          "rotation": [
            0,
            180,
            0
          ]
        },
        {
          "name": "drawer2",
          "pivot": [
            0,
            4,
            16
          ],
          "parent": "small_table"
        },
        {
          "name": "drawer3",
          "pivot": [
            0,
            8,
            16
          ],
          "cubes": [
            {
              "origin": [
                -4.0,
                11.5,
                -8.0
              ],
              "size": [
                1.0,
                1.0,
                1.0
              ],
              "uv": [
                0,
                8
              ],
              "inflate": 0
            },
            {
              "origin": [
                3.0,
                11.5,
                -8.0
              ],
              "size": [
                1.0,
                1.0,
                1.0
              ],
              "uv": [
                6,
                0
              ],
              "inflate": 0
            },
            {
              "origin": [
                -5.0,
                10.01,
                -7.0
              ],
              "size": [
                10.0,
                4.0,
                13.0
              ],
              "uv": [
                0,
                32
              ],
              "inflate": 0
            }
          ],
          "parent": "small_table"
        }
      ]
    }
  ]
}