{
	"format_version": "1.12.0",
	"minecraft:geometry": [
		{
			"description": {
				"identifier": "geometry.among_wall_candle",
				"texture_width": 32,
				"texture_height": 32,
				"visible_bounds_width": 2,
				"visible_bounds_height": 2.5,
				"visible_bounds_offset": [0, 0.75, 0]
			},
			"bones": [
				{
					"name": "bb_main",
					"pivot": [0, 0, -7],
					"rotation": [0, 177.5, 0],
					"cubes": [
						{"origin": [-3, 0, -8], "size": [7, 4, 2], "uv": [8, 16]},
						{"origin": [-3, 16.93696, 5.08796], "size": [2, 3, 1], "pivot": [0, -2.06304, 12.08796], "rotation": [60, 0, 0], "uv": [12, 25]},
						{"origin": [2, 16.93696, 5.08796], "size": [2, 3, 1], "pivot": [0, -2.06304, 12.08796], "rotation": [60, 0, 0], "uv": [12, 25]},
						{"origin": [-3, 40.30094, 15.13595], "size": [2, 2, 4], "pivot": [-2, 10.30094, 19.13595], "rotation": [97.5, 0, 0], "uv": [8, 7]},
						{"origin": [2, 40.3009, 15.13595], "size": [2, 2, 4], "pivot": [2, 10.30094, 19.13595], "rotation": [97.5, 0, 0], "uv": [0, 5]},
						{"origin": [1, 40.3009, 19.13595], "size": [4, 3, 1], "pivot": [2, 10.30094, 19.13595], "rotation": [97.5, 0, 0], "uv": [6, 9]},
						{"origin": [-4, 40.3009, 19.13595], "size": [4, 3, 1], "pivot": [2, 10.30094, 19.13595], "rotation": [97.5, 0, 0], "uv": [6, 9]}
					]
				}
			]
		}
	]
}