{
	"format_version": "1.12.0",
	"minecraft:geometry": [
		{
			"description": {
				"identifier": "geometry.blue_chain",
				"texture_width": 64,
				"texture_height": 64,
				"visible_bounds_width": 2,
				"visible_bounds_height": 2.5,
				"visible_bounds_offset": [0, 0.75, 0]
			},
			"bones": [
				{
					"name": "bone",
					"pivot": [0, 0, 6],
					"cubes": [
						{"origin": [-2, 0, 8], "size": [4, 17, 0], "pivot": [0, 0, 6], "rotation": [22.5, 0, 0], "uv": [12, 0]}
					]
				},
				{
					"name": "bone2",
					"pivot": [0, 0, -6],
					"cubes": [
						{"origin": [-2, 0, -8], "size": [4, 17, 0], "pivot": [0, 0, -6], "rotation": [-22.5, 0, 0], "uv": [16, 0]}
					]
				},
				{
					"name": "bone3",
					"pivot": [-6, 0, 0],
					"rotation": [0, 92.5, 0],
					"cubes": [
						{"origin": [-8, 0, -2], "size": [4, 17, 0], "pivot": [-6, 0, 0], "rotation": [-22.5, 0, 0], "uv": [12, 0]}
					]
				},
				{
					"name": "bone4",
					"pivot": [6, 0, 0],
					"rotation": [-167.5, 87.5, 180],
					"cubes": [
						{"origin": [4, 0, 2], "size": [4, 17, 0], "pivot": [6, 0, 0], "rotation": [10, 0, 0], "uv": [12, 0]}
					]
				}
			]
		}
	]
}