{
	"format_version": "1.12.0",
	"minecraft:geometry": [
		{
			"description": {
				"identifier": "geometry.capibara",
				"texture_width": 64,
				"texture_height": 64,
				"visible_bounds_width": 2,
				"visible_bounds_height": 3.5,
				"visible_bounds_offset": [0, 1.25, 0]
			},
			"bones": [
				{
					"name": "bone3",
					"pivot": [0, 0, 0]
				},
				{
					"name": "leg3",
					"parent": "bone3",
					"pivot": [-3, 6, -5],
					"mirror": true,
					"cubes": [
						{"origin": [-5, 0, -7], "size": [3, 6, 3], "uv": [30, 40], "mirror": false}
					]
				},
				{
					"name": "leg2",
					"parent": "bone3",
					"pivot": [3, 6, -5],
					"mirror": true,
					"cubes": [
						{"origin": [2, 0, -7], "size": [3, 6, 3], "uv": [0, 0], "mirror": false}
					]
				},
				{
					"name": "leg1",
					"parent": "bone3",
					"pivot": [-3, 6, 5],
					"mirror": true,
					"cubes": [
						{"origin": [-5, 3, 2], "size": [4, 3, 5], "uv": [0, 33], "mirror": false},
						{"origin": [-5, 0, 5], "size": [4, 3, 2], "uv": [42, 40], "mirror": false}
					]
				},
				{
					"name": "leg0",
					"parent": "bone3",
					"pivot": [3, 6, 5],
					"mirror": true,
					"cubes": [
						{"origin": [1, 3, 3], "size": [4, 3, 4], "uv": [14, 40], "mirror": false},
						{"origin": [1, 0, 5], "size": [4, 3, 2], "uv": [42, 22], "mirror": false}
					]
				},
				{
					"name": "head",
					"parent": "bone3",
					"pivot": [0, 10, -7],
					"mirror": true,
					"cubes": [
						{"origin": [-4, 7, -13], "size": [8, 7, 6], "uv": [22, 27], "mirror": false},
						{"origin": [-4.5, 13, -10], "size": [1, 2, 2], "uv": [6, 9], "mirror": false},
						{"origin": [3.5, 13, -10], "size": [1, 2, 2], "uv": [0, 9], "mirror": false}
					]
				},
				{
					"name": "bone",
					"parent": "head",
					"pivot": [0, 13, -13],
					"rotation": [17.5, 0, 0],
					"cubes": [
						{"origin": [-3, 9, -20], "size": [6, 5, 8], "uv": [0, 20]},
						{"origin": [-2, 7, -20], "size": [1, 2, 1], "uv": [36, 51]},
						{"origin": [1, 7, -20], "size": [1, 2, 1], "uv": [36, 51]}
					]
				},
				{
					"name": "bone2",
					"parent": "head",
					"pivot": [0, 8, -13],
					"cubes": [
						{"origin": [-2.99, 6.7332, -17.72762], "size": [6, 2, 5], "uv": [20, 20]}
					]
				},
				{
					"name": "body",
					"parent": "bone3",
					"pivot": [0, 13, 2],
					"mirror": true,
					"cubes": [
						{"origin": [-5, 6, -7], "size": [10, 8, 12], "uv": [0, 0], "mirror": false},
						{"origin": [-4.99, 4.63123, 6.60317], "size": [10, 8, 2], "pivot": [0, -0.36877, 1.60317], "rotation": [15, 0, 0], "uv": [32, 0], "mirror": false},
						{"origin": [-5.01, 4.63123, 6.60317], "size": [2, 8, 2], "pivot": [0, -0.36877, 1.60317], "rotation": [15, 0, 0], "uv": [0, 41], "mirror": false}
					]
				}
			]
		}
	]
}