{
	"format_version": "1.12.0",
	"minecraft:geometry": [
		{
			"description": {
				"identifier": "geometry.chair",
				"texture_width": 128,
				"texture_height": 128,
				"visible_bounds_width": 3,
				"visible_bounds_height": 2.5,
				"visible_bounds_offset": [0, 0.75, 0]
			},
			"bones": [
				{
					"name": "bone",
					"pivot": [0, 0, 0],
					"cubes": [
						{"origin": [-8, 0, -8], "size": [2, 2, 2], "uv": [6, 6]},
						{"origin": [6, 0, -8], "size": [2, 2, 2], "uv": [6, 2]},
						{"origin": [6, 0, 4], "size": [2, 2, 2], "uv": [0, 4]},
						{"origin": [-8, 0, 4], "size": [2, 2, 2], "uv": [0, 0]},
						{"origin": [-8, 2, -8], "size": [16, 2, 14], "uv": [0, 0]},
						{"origin": [-6, 4, -7], "size": [12, 2, 11], "uv": [0, 43]},
						{"origin": [-6, 6, 4], "size": [12, 11, 2], "uv": [46, 0]},
						{"origin": [-8, 4, 6], "size": [16, 13, 2], "uv": [46, 16]},
						{"origin": [-7, 17, 6], "size": [14, 2, 2], "uv": [35, 43]},
						{"origin": [6, 4, -8], "size": [4, 6, 15], "uv": [23, 22]},
						{"origin": [-10, 4, -8], "size": [4, 6, 15], "uv": [0, 16]}
					]
				}
			]
		}
	]
}