{
	"format_version": "1.12.0",
	"minecraft:geometry": [
		{
			"description": {
				"identifier": "geometry.crucifix",
				"texture_width": 32,
				"texture_height": 32,
				"visible_bounds_width": 3,
				"visible_bounds_height": 3.5,
				"visible_bounds_offset": [0, 1.25, 0]
			},
			"bones": [
				{
					"name": "bone",
					"pivot": [-1, 0, 0],
					"cubes": [
						{
							"origin": [-2, 0, -1],
							"size": [3, 22, 2],
							"uv": {
								"north": {"uv": [0, 0], "uv_size": [3, 22]},
								"east": {"uv": [8, 8], "uv_size": [2, 22]},
								"south": {"uv": [4, 0], "uv_size": [3, 22]},
								"west": {"uv": [11, 8], "uv_size": [2, 22]},
								"up": {"uv": [22, 20], "uv_size": [3, 2]},
								"down": {"uv": [0, 25], "uv_size": [3, -2]}
							}
						}
					]
				},
				{
					"name": "bone3",
					"parent": "bone",
					"pivot": [0, 22, 0],
					"rotation": [0, 0, 45],
					"cubes": [
						{
							"origin": [-2, 19, -1],
							"size": [4, 4, 2],
							"uv": {
								"north": {"uv": [14, 14], "uv_size": [4, 4]},
								"east": {"uv": [19, 14], "uv_size": [2, 4]},
								"south": {"uv": [14, 19], "uv_size": [4, 4]},
								"west": {"uv": [19, 19], "uv_size": [2, 4]},
								"up": {"uv": [22, 14], "uv_size": [4, 2]},
								"down": {"uv": [22, 19], "uv_size": [4, -2]}
							}
						}
					]
				},
				{
					"name": "bone2",
					"parent": "bone",
					"pivot": [0, 0, 0],
					"cubes": [
						{
							"origin": [-9, 12, -1],
							"size": [17, 3, 2],
							"uv": {
								"north": {"uv": [8, 0], "uv_size": [17, 3]},
								"east": {"uv": [4, 23], "uv_size": [2, 3]},
								"south": {"uv": [8, 4], "uv_size": [17, 3]},
								"west": {"uv": [22, 23], "uv_size": [2, 3]},
								"up": {"uv": [14, 8], "uv_size": [17, 2]},
								"down": {"uv": [14, 13], "uv_size": [17, -2]}
							}
						},
						{
							"origin": [8, 11, -1],
							"size": [1, 3, 2],
							"uv": {
								"north": {"uv": [20, 24], "uv_size": [1, 3]},
								"east": {"uv": [14, 24], "uv_size": [2, 3]},
								"south": {"uv": [26, 0], "uv_size": [1, 3]},
								"west": {"uv": [17, 24], "uv_size": [2, 3]},
								"up": {"uv": [26, 20], "uv_size": [1, 2]},
								"down": {"uv": [5, 29], "uv_size": [1, -2]}
							}
						},
						{
							"origin": [-10, 11, -1],
							"size": [1, 3, 2],
							"uv": {
								"north": {"uv": [26, 4], "uv_size": [1, 3]},
								"east": {"uv": [25, 23], "uv_size": [2, 3]},
								"south": {"uv": [3, 27], "uv_size": [1, 3]},
								"west": {"uv": [0, 26], "uv_size": [2, 3]},
								"up": {"uv": [27, 14], "uv_size": [1, 2]},
								"down": {"uv": [27, 19], "uv_size": [1, -2]}
							}
						}
					]
				}
			]
		}
	]
}