{
	"format_version": "1.12.0",
	"minecraft:geometry": [
		{
			"description": {
				"identifier": "geometry.door50",
				"texture_width": 128,
				"texture_height": 128,
				"visible_bounds_width": 4,
				"visible_bounds_height": 3.5,
				"visible_bounds_offset": [0, 1.25, 0]
			},
			"bones": [
				{
					"name": "All",
					"pivot": [0, 0, 0]
				},
				{
					"name": "left",
					"parent": "All",
					"pivot": [18, 18, 0],
					"cubes": [
						{"origin": [0, 0, 0], "size": [18, 34, 2], "uv": [0, 36]},
						{"origin": [1, 13, -1], "size": [3, 7, 1], "uv": [7, 12]},
						{"origin": [1, 13, 2], "size": [3, 7, 1], "uv": [7, 12]}
					]
				},
				{
					"name": "right",
					"parent": "All",
					"pivot": [-17, 18, 0],
					"cubes": [
						{"origin": [-18, 0, 0], "size": [18, 34, 2], "uv": [0, 36]},
						{"origin": [-4, 13, -1], "size": [3, 7, 1], "uv": [21, 0]},
						{"origin": [-4, 13, 2], "size": [3, 7, 1], "uv": [21, 0]}
					]
				}
			]
		}
	]
}