{
	"format_version": "1.12.0",
	"minecraft:geometry": [
		{
			"description": {
				"identifier": "geometry.drawer2",
				"texture_width": 128,
				"texture_height": 128,
				"visible_bounds_width": 3,
				"visible_bounds_height": 4.5,
				"visible_bounds_offset": [0, 1.75, 0]
			},
			"bones": [
				{
					"name": "small_table",
					"pivot": [0, 0, 0],
					"cubes": [
						{"origin": [-7, 2, -7], "size": [2, 12, 14], "uv": [32, 53]},
						{"origin": [5, 0, -7], "size": [2, 2, 2], "uv": [6, 6]},
						{"origin": [-7, 0, -7], "size": [2, 2, 2], "uv": [6, 2]},
						{"origin": [5, 0, 5], "size": [2, 2, 2], "uv": [0, 0]},
						{"origin": [-7, 0, 5], "size": [2, 2, 2], "uv": [0, 4]},
						{"origin": [-8, 14, -7], "size": [16, 2, 14], "uv": [0, 0]},
						{"origin": [5, 2, -7], "size": [2, 12, 14], "uv": [0, 49]},
						{"origin": [-5, 2, 4], "size": [10, 12, 3], "uv": [60, 0]}
					]
				},
				{
					"name": "drawer3",
					"parent": "small_table",
					"pivot": [0, 12, 6],
					"cubes": [
						{"origin": [-4, 11.5, -8], "size": [1, 1, 1], "uv": [0, 8]},
						{"origin": [3, 11.5, -8], "size": [1, 1, 1], "uv": [6, 0]},
						{"origin": [-5, 10.01, -7], "size": [10, 4, 13], "uv": [0, 32]}
					]
				}
			]
		}
	]
}