{
	"format_version": "1.12.0",
	"minecraft:geometry": [
		{
			"description": {
				"identifier": "geometry.figure_plush",
				"texture_width": 128,
				"texture_height": 128,
				"visible_bounds_width": 4,
				"visible_bounds_height": 4.5,
				"visible_bounds_offset": [0, 1.75, 0]
			},
			"bones": [
				{
					"name": "bone",
					"pivot": [0, 0, 3]
				},
				{
					"name": "Leg2",
					"parent": "bone",
					"pivot": [2, 23, 3]
				},
				{
					"name": "Shin2",
					"parent": "Leg2",
					"pivot": [2, 2, 3],
					"rotation": [-87.41193, -14.98539, -0.66963],
					"cubes": [
						{"origin": [0, -9, 1], "size": [4, 11, 4], "uv": [17, 51]},
						{"origin": [0, -11, -1], "size": [4, 2, 6], "uv": [63, 10], "mirror": true}
					]
				},
				{
					"name": "Leg1",
					"parent": "bone",
					"pivot": [-2, 23, 3]
				},
				{
					"name": "Shin1",
					"parent": "Leg1",
					"pivot": [-2, 2, 3],
					"rotation": [-87.46148, 9.99038, 0.44067],
					"cubes": [
						{"origin": [-4, -9, 1], "size": [4, 11, 4], "uv": [17, 51]},
						{"origin": [-4, -11, -1], "size": [4, 2, 6], "uv": [63, 10], "mirror": true}
					]
				},
				{
					"name": "Body",
					"parent": "bone",
					"pivot": [0, 23, 3]
				},
				{
					"name": "body2",
					"parent": "Body",
					"pivot": [0, 2, 3],
					"cubes": [
						{"origin": [-5, 3, -1], "size": [10, 9, 7], "uv": [0, 0]}
					]
				},
				{
					"name": "Ribs",
					"parent": "body2",
					"pivot": [-5, 11, -1],
					"cubes": [
						{"origin": [-5, 10, -1], "size": [4, 2, 0], "pivot": [-5, 11, -1], "rotation": [0, 25, 0], "uv": [45, 0]},
						{"origin": [-5, 7, -1], "size": [4, 2, 0], "pivot": [-5, 8, -1], "rotation": [0, 25, 0], "uv": [44, 6]},
						{"origin": [-5, 4, -1], "size": [4, 2, 0], "pivot": [-5, 5, -1], "rotation": [0, 25, 0], "uv": [24, 34]},
						{"origin": [1, 10, -1], "size": [4, 2, 0], "pivot": [5, 11, -1], "rotation": [0, -25, 0], "uv": [35, 6]},
						{"origin": [1, 7, -1], "size": [4, 2, 0], "pivot": [5, 8, -1], "rotation": [0, -25, 0], "uv": [22, 19]},
						{"origin": [1, 4, -1], "size": [4, 2, 0], "pivot": [5, 5, -1], "rotation": [0, -25, 0], "uv": [13, 48]}
					]
				},
				{
					"name": "Arm1",
					"parent": "body2",
					"pivot": [-5, 11, 3]
				},
				{
					"name": "Midarm1",
					"parent": "Arm1",
					"pivot": [-6.5, 1, 3]
				},
				{
					"name": "Forearm1",
					"parent": "Midarm1",
					"pivot": [-6.5, 12, 3],
					"rotation": [-34.56145, 7.05302, 7.10708],
					"cubes": [
						{"origin": [-8, 1, 1], "size": [3, 11, 4], "uv": [45, 66]}
					]
				},
				{
					"name": "Hand1",
					"parent": "Forearm1",
					"pivot": [-6.5, 1, 3],
					"cubes": [
						{"origin": [-6, 0, 1], "size": [1, 1, 4], "uv": [68, 55]}
					]
				},
				{
					"name": "Finger1",
					"parent": "Hand1",
					"pivot": [-6.5, 1, 3],
					"cubes": [
						{"origin": [-8, -1, 1], "size": [1, 2, 4], "uv": [67, 19]},
						{"origin": [-8, -2, 1], "size": [3, 1, 4], "uv": [15, 67]}
					]
				},
				{
					"name": "Arm2",
					"parent": "body2",
					"pivot": [5, 11, 3],
					"rotation": [-65, 0, 0]
				},
				{
					"name": "Midarm2",
					"parent": "Arm2",
					"pivot": [6.5, 1, 3]
				},
				{
					"name": "Forearm2",
					"parent": "Midarm2",
					"pivot": [6.5, 11, 3],
					"rotation": [19.40804, 3.40487, -19.71975],
					"cubes": [
						{"origin": [5, 0, 1], "size": [3, 11, 4], "uv": [45, 66]}
					]
				},
				{
					"name": "Hand2",
					"parent": "Forearm2",
					"pivot": [6.5, 0, 3],
					"cubes": [
						{"origin": [5, -1, 1], "size": [1, 1, 4], "uv": [69, 0]}
					]
				},
				{
					"name": "Finger2",
					"parent": "Hand2",
					"pivot": [7.5, 0, 3],
					"cubes": [
						{"origin": [7, -2, 1], "size": [1, 2, 4], "uv": [37, 34]},
						{"origin": [5, -3, 1], "size": [3, 1, 4], "uv": [27, 19]}
					]
				},
				{
					"name": "Head",
					"parent": "body2",
					"pivot": [0, 12, 3],
					"cubes": [
						{"origin": [-5, 12, 5], "size": [10, 10, 3], "uv": [0, 34]},
						{"origin": [-5, 12, -2], "size": [9, 1, 7], "uv": [20, 25]},
						{"origin": [4, 12, -2], "size": [1, 9, 7], "uv": [27, 34]},
						{"origin": [-5, 13, -2], "size": [1, 9, 7], "uv": [44, 34]},
						{"origin": [-4, 21, -2], "size": [9, 1, 7], "uv": [28, 10]},
						{"origin": [-3, 12.5, 1], "size": [6, 1, 4], "uv": [28, 0]}
					]
				},
				{
					"name": "mouth",
					"parent": "Head",
					"pivot": [0, 13, 3],
					"cubes": [
						{"origin": [-5, 12, -1.5], "size": [10, 10, 0], "inflate": -0.5, "uv": [46, 19]}
					],
					"locators": {
						"bright": [0, 16, 2]
					}
				}
			]
		}
	]
}