{
	"format_version": "1.12.0",
	"minecraft:geometry": [
		{
			"description": {
				"identifier": "geometry.flashlight",
				"texture_width": 32,
				"texture_height": 32,
				"visible_bounds_width": 5,
				"visible_bounds_height": 3.5,
				"visible_bounds_offset": [0, 1.25, 0]
			},
			"bones": [
				{
					"name": "rightitem",
					"pivot": [-1, 8, 7],
					"rotation": [90, 0, 180],
					"cubes": [
						{"origin": [-3.8, 13.6, -9.8], "size": [2.8, 2.8, 25.2], "uv": [0, 0]},
						{"origin": [-6.6, 10.8, -9.8], "size": [8.4, 8.4, 2.8], "uv": [12, 22]},
						{"origin": [-5.2, 12.2, -7], "size": [5.6, 5.6, 2.8], "uv": [18, 25]},
						{"origin": [-2.68, 16.4, -1.4], "size": [0.84, 1.4, 1.4], "uv": [24, 30]},
						{"origin": [-9.4, 8, -12.6], "size": [14, 14, 2.8], "uv": [0, 0]},
						{"origin": [-3.8, 10.8, 9.8], "size": [2.8, 5.6, 5.6], "uv": [18, 22]}
					]
				}
			]
		}
	]
}