{
	"format_version": "1.12.0",
	"minecraft:geometry": [
		{
			"description": {
				"identifier": "geometry.grandfather_clock",
				"texture_width": 128,
				"texture_height": 128,
				"visible_bounds_width": 2,
				"visible_bounds_height": 4.5,
				"visible_bounds_offset": [0, 1.75, 0]
			},
			"bones": [
				{
					"name": "base2",
					"pivot": [0, 48, -13],
					"cubes": [
						{"origin": [-6, 38, -7], "size": [12, 1, 2], "uv": [72, 36]},
						{"origin": [-6, 37, -7], "size": [12, 1, 2], "uv": [20, 32]},
						{"origin": [-6, 39, -7], "size": [12, 2, 2], "uv": [72, 32]},
						{"origin": [-6, 41, -7], "size": [12, 2, 2], "uv": [56, 28]},
						{"origin": [-6, 43, -7], "size": [12, 4, 2], "uv": [56, 22]}
					]
				},
				{
					"name": "base",
					"pivot": [0, 0, 0],
					"cubes": [
						{"origin": [-8, 0, -8], "size": [3, 2, 3], "uv": [36, 72]},
						{"origin": [-8, 0, 5], "size": [3, 2, 3], "uv": [64, 71]},
						{"origin": [5, 0, 5], "size": [3, 2, 3], "uv": [64, 66]},
						{"origin": [5, 0, -8], "size": [3, 2, 3], "uv": [0, 8]},
						{"origin": [-8, 2, -8], "size": [16, 3, 16], "uv": [0, 0]},
						{"origin": [-7, 32, -8], "size": [14, 3, 16], "uv": [56, 47]},
						{"origin": [-7, 47, -8], "size": [14, 3, 16], "uv": [56, 3]},
						{"origin": [-6, 50, -8], "size": [12, 1, 16], "uv": [56, 3]},
						{"origin": [5, 5, -8], "size": [2, 31, 16], "uv": [36, 19]},
						{"origin": [-7, 5, -8], "size": [2, 31, 16], "uv": [0, 19]},
						{"origin": [-5, 5, 4], "size": [10, 18, 4], "uv": [34, 84]},
						{"origin": [-6, 36, -8], "size": [1, 11, 16], "uv": [0, 81]},
						{"origin": [-6, 23, 6], "size": [12, 11, 2], "uv": [20, 19]},
						{"origin": [-6, 36, 6], "size": [12, 11, 2], "uv": [20, 19]},
						{"origin": [5, 36, -8], "size": [1, 11, 16], "uv": [64, 68]},
						{"origin": [-5, 35, -8], "size": [10, 2, 16], "uv": [0, 63]},
						{"origin": [-3, 51, -8], "size": [6, 2, 16], "uv": [36, 66]},
						{"origin": [-1, 19, -1], "size": [2, 14, 2], "uv": [0, 19]},
						{"origin": [-3, 13, -1], "size": [6, 6, 2], "uv": [0, 0]},
						{"origin": [-5, 14, -4], "size": [3, 7, 2], "uv": [36, 63]},
						{"origin": [-1, 18, -4], "size": [3, 7, 2], "uv": [0, 63]},
						{"origin": [2, 13, -4], "size": [3, 7, 2], "uv": [48, 3]},
						{"origin": [-4, 21, -4], "size": [1, 11, 2], "uv": [10, 63]},
						{"origin": [0, 25, -4], "size": [1, 11, 2], "uv": [58, 3]},
						{"origin": [3, 20, -4], "size": [1, 13, 2], "uv": [8, 19]},
						{"origin": [-5, 5, -8], "size": [10, 28, 0], "uv": [62, 95]}
					]
				}
			]
		}
	]
}