{
	"format_version": "1.12.0",
	"minecraft:geometry": [
		{
			"description": {
				"identifier": "geometry.halt_plush",
				"texture_width": 32,
				"texture_height": 32,
				"visible_bounds_width": 3,
				"visible_bounds_height": 3.5,
				"visible_bounds_offset": [0, 1.25, 0]
			},
			"bones": [
				{
					"name": "body",
					"pivot": [0, 0, 0]
				},
				{
					"name": "head",
					"parent": "body",
					"pivot": [0, 10, 3],
					"cubes": [
						{"origin": [-4, 0, -3], "size": [8, 14, 8], "uv": [0, 0]}
					]
				}
			]
		}
	]
}