{
	"format_version": "1.12.0",
	"minecraft:geometry": [
		{
			"description": {
				"identifier": "geometry.hotel_plant",
				"texture_width": 128,
				"texture_height": 128,
				"visible_bounds_width": 2,
				"visible_bounds_height": 3.5,
				"visible_bounds_offset": [0, 1.25, 0]
			},
			"bones": [
				{
					"name": "planter",
					"pivot": [0, 0, 0],
					"cubes": [
						{"origin": [-5, 0, -5], "size": [10, 1, 10], "uv": [36, 0]},
						{"origin": [-6, 1, -6], "size": [12, 8, 12], "uv": [0, 24]}
					]
				},
				{
					"name": "stem",
					"pivot": [0, 0, 0],
					"rotation": [0, 45, 0],
					"cubes": [
						{"origin": [-4, 9, 0], "size": [8, 16, 0], "uv": [0, 44]},
						{"origin": [-4, 9, 0], "size": [8, 16, 0], "pivot": [0, 0, 0], "rotation": [0, 90, 0], "uv": [0, 44]}
					]
				},
				{
					"name": "leaves",
					"pivot": [0, 0, 0],
					"cubes": [
						{"origin": [-6, 11, -6], "size": [12, 12, 12], "uv": [0, 0]},
						{"origin": [-5, 23, -5], "size": [10, 12, 10], "uv": [38, 14]}
					]
				}
			]
		}
	]
}