{
	"format_version": "1.12.0",
	"minecraft:geometry": [
		{
			"description": {
				"identifier": "geometry.hotel_door",
				"texture_width": 64,
				"texture_height": 64,
				"visible_bounds_width": 2,
				"visible_bounds_height": 3.5,
				"visible_bounds_offset": [0, 1.25, 0]
			},
			"bones": [
				{
					"name": "spin",
					"pivot": [-8, 0, 0]
				},
				{
					"name": "waist",
					"parent": "spin",
					"pivot": [0, 0, 0],
					"cubes": [
						{"origin": [-8, 0, -1.5], "size": [16, 32, 3], "uv": [0, 0]}
					]
				}
			]
		}
	]
}