{
	"format_version": "1.12.0",
	"minecraft:geometry": [
		{
			"description": {
				"identifier": "geometry.jimothy",
				"texture_width": 32,
				"texture_height": 32,
				"visible_bounds_width": 2,
				"visible_bounds_height": 1.5,
				"visible_bounds_offset": [0, 0.25, 0]
			},
			"bones": [
				{
					"name": "All",
					"pivot": [2, 4, -1]
				},
				{
					"name": "bone12",
					"parent": "All",
					"pivot": [-3, 3, -2],
					"rotation": [-1.58665, -2.1958, 151.19775],
					"cubes": [
						{"origin": [-4, 3, -3], "size": [5, 1, 1], "uv": [12, 2]}
					]
				},
				{
					"name": "bone13",
					"parent": "All",
					"pivot": [-3, 3, -1],
					"rotation": [-1.74501, -24.68656, 151.86594],
					"cubes": [
						{"origin": [-4, 3, -2], "size": [5, 1, 1], "uv": [12, 0]}
					]
				},
				{
					"name": "bone11",
					"parent": "All",
					"pivot": [-3, 3, -3],
					"rotation": [-15.2091, 22.01713, 144.82754],
					"cubes": [
						{"origin": [-4, 3, -4], "size": [5, 1, 1], "uv": [15, 15]}
					]
				},
				{
					"name": "bone10",
					"parent": "All",
					"pivot": [2, 4, 0],
					"rotation": [0, -20, 40],
					"cubes": [
						{"origin": [2, 3, -1], "size": [5, 1, 1], "uv": [0, 16]}
					]
				},
				{
					"name": "bone9",
					"parent": "All",
					"pivot": [2, 4, -1],
					"rotation": [0, 7.5, 40],
					"cubes": [
						{"origin": [2, 3, -2], "size": [5, 1, 1], "uv": [16, 12]}
					]
				},
				{
					"name": "bone8",
					"parent": "All",
					"pivot": [2, 3, -3],
					"rotation": [5.7632, 24.3683, 53.74538],
					"cubes": [
						{"origin": [1, 3, -4], "size": [5, 1, 1], "uv": [11, 17]}
					]
				},
				{
					"name": "bone5",
					"parent": "All",
					"pivot": [0, 2, 3],
					"cubes": [
						{"origin": [-2, 1, 2], "size": [4, 4, 4], "uv": [0, 0]}
					]
				},
				{
					"name": "bone4",
					"parent": "All",
					"pivot": [0, 2, 1],
					"cubes": [
						{"origin": [-1, 2, 0], "size": [2, 2, 2], "uv": [13, 19]}
					]
				},
				{
					"name": "bone3",
					"parent": "All",
					"pivot": [0, 2, -3],
					"cubes": [
						{"origin": [-2, 1, -4], "size": [4, 4, 4], "uv": [0, 8]}
					]
				},
				{
					"name": "bone2",
					"parent": "All",
					"pivot": [0, 2, -5],
					"cubes": [
						{"origin": [-1, 2, -6], "size": [2, 2, 2], "uv": [21, 17]}
					]
				},
				{
					"name": "bone",
					"parent": "All",
					"pivot": [0, 3, -7],
					"cubes": [
						{"origin": [-2, 1, -9], "size": [4, 4, 3], "uv": [13, 5]}
					]
				},
				{
					"name": "bone6",
					"parent": "bone",
					"pivot": [-2, 5, -10],
					"cubes": [
						{"origin": [-2, 5, -12], "size": [1, 1, 3], "uv": [5, 19]}
					]
				},
				{
					"name": "bone7",
					"parent": "bone",
					"pivot": [1, 5, -10],
					"cubes": [
						{"origin": [1, 5, -12], "size": [1, 1, 3], "uv": [0, 18]}
					]
				}
			]
		}
	]
}