{
	"format_version": "1.12.0",
	"minecraft:geometry": [
		{
			"description": {
				"identifier": "geometry.lock",
				"texture_width": 32,
				"texture_height": 32,
				"visible_bounds_width": 2,
				"visible_bounds_height": 3.5,
				"visible_bounds_offset": [0, 1.25, 0]
			},
			"bones": [
				{
					"name": "bone",
					"pivot": [0, 10, 7],
					"cubes": [
						{"origin": [-5, 10, 6], "size": [10, 10, 2], "uv": [0, 0]},
						{"origin": [-4, 20, 6], "size": [8, 1, 2], "uv": [0, 12]},
						{"origin": [-4, 21, 6], "size": [1, 1, 2], "uv": [18, 13]},
						{"origin": [3, 21, 6], "size": [1, 1, 2], "uv": [0, 18]},
						{"origin": [-3, 22, 6], "size": [1, 1, 2], "uv": [12, 18]},
						{"origin": [2, 22, 6], "size": [1, 1, 2], "uv": [14, 15]},
						{"origin": [-2, 23, 6], "size": [1, 1, 2], "uv": [6, 18]},
						{"origin": [1, 23, 6], "size": [1, 1, 2], "uv": [8, 15]},
						{"origin": [-1, 24, 6], "size": [2, 1, 2], "uv": [0, 15]}
					]
				}
			]
		}
	]
}