{
	"format_version": "1.12.0",
	"minecraft:geometry": [
		{
			"description": {
				"identifier": "geometry.lock2",
				"texture_width": 32,
				"texture_height": 32,
				"visible_bounds_width": 3,
				"visible_bounds_height": 2.5,
				"visible_bounds_offset": [0, 0.75, 0]
			},
			"bones": [
				{
					"name": "bone",
					"pivot": [0, 1, -2],
					"rotation": [-92.5, 0, 0],
					"cubes": [
						{"origin": [-5, 1, -3], "size": [10, 10, 2], "uv": [0, 0]},
						{"origin": [-4, 11, -3], "size": [8, 1, 2], "uv": [0, 12]},
						{"origin": [-4, 12, -3], "size": [1, 1, 2], "uv": [18, 13]},
						{"origin": [3, 12, -3], "size": [1, 1, 2], "uv": [0, 18]},
						{"origin": [-3, 13, -3], "size": [1, 1, 2], "uv": [12, 18]},
						{"origin": [2, 13, -3], "size": [1, 1, 2], "uv": [14, 15]},
						{"origin": [-2, 14, -3], "size": [1, 1, 2], "uv": [6, 18]},
						{"origin": [1, 14, -3], "size": [1, 1, 2], "uv": [8, 15]},
						{"origin": [-1, 15, -3], "size": [2, 1, 2], "uv": [0, 15]}
					]
				}
			]
		}
	]
}