{
	"format_version": "1.12.0",
	"minecraft:geometry": [
		{
			"description": {
				"identifier": "geometry.medicine",
				"texture_width": 32,
				"texture_height": 32,
				"visible_bounds_width": 2,
				"visible_bounds_height": 2.5,
				"visible_bounds_offset": [0, 0.75, 0]
			},
			"bones": [
				{
					"name": "bone",
					"pivot": [0, 0, 0],
					"cubes": [
						{"origin": [-2, 0, -2], "size": [4, 1, 4], "uv": [16, 0]},
						{"origin": [-2, 8, -2], "size": [4, 2, 4], "uv": [0, 0]},
						{"origin": [-3, 9, -2], "size": [1, 1, 4], "uv": [19, 13]},
						{"origin": [2, 9, -2], "size": [1, 1, 4], "uv": [16, 5]},
						{"origin": [-2, 9, -3], "size": [4, 1, 1], "uv": [20, 18]},
						{"origin": [-2, 9, 2], "size": [4, 1, 1], "uv": [20, 10]},
						{"origin": [2, 1, -2], "size": [1, 7, 4], "uv": [10, 6]},
						{"origin": [-3, 1, -2], "size": [1, 7, 4], "uv": [0, 6]},
						{"origin": [-2, 1, -3], "size": [4, 7, 1], "uv": [10, 17]},
						{"origin": [-2, 1, 2], "size": [4, 7, 1], "uv": [0, 17]}
					]
				}
			]
		}
	]
}