{
	"format_version": "1.12.0",
	"minecraft:geometry": [
		{
			"description": {
				"identifier": "geometry.metavoxel_studios",
				"texture_width": 128,
				"texture_height": 128,
				"visible_bounds_width": 4,
				"visible_bounds_height": 4,
				"visible_bounds_offset": [0, 1, 0]
			},
			"bones": [
				{
					"name": "bone",
					"pivot": [0, 0, 0],
					"cubes": [
						{"origin": [-8, 4, -6], "size": [2, 2, 12], "uv": [0, 58]},
						{"origin": [-8, 18, -6], "size": [2, 2, 12], "uv": [52, 56]},
						{"origin": [6, 18, -6], "size": [2, 2, 12], "uv": [36, 54]},
						{"origin": [6, 4, -8], "size": [2, 16, 2], "uv": [26, 38]},
						{"origin": [6, 4, 6], "size": [2, 16, 2], "uv": [16, 27]},
						{"origin": [-8, 4, -8], "size": [2, 16, 2], "uv": [40, 1]},
						{"origin": [-8, 4, 6], "size": [2, 16, 2], "uv": [15, 89]},
						{"origin": [-6, 4, -8], "size": [12, 2, 2], "uv": [54, 37]},
						{"origin": [-6, 18, -8], "size": [12, 2, 2], "uv": [51, 3]},
						{"origin": [-6, 4, 6], "size": [12, 2, 2], "uv": [54, 16]},
						{"origin": [-6, 18, 6], "size": [12, 2, 2], "uv": [54, 12]},
						{"origin": [6, 4, -6], "size": [2, 2, 12], "uv": [54, 23]},
						{"origin": [11, 0, -13], "size": [2, 2, 25], "uv": [0, 27]},
						{"origin": [11, 23, -11], "size": [2, 2, 21], "uv": [29, 27]},
						{"origin": [-13, 23, -11], "size": [2, 2, 21], "uv": [29, 0]},
						{"origin": [-11, 23, -13], "size": [22, 2, 2], "uv": [5, 41]},
						{"origin": [-11, 23, 10], "size": [22, 2, 2], "uv": [52, 52]},
						{"origin": [11, 2, -13], "size": [2, 23, 2], "uv": [108, 21]},
						{"origin": [-13, 2, -13], "size": [2, 23, 2], "uv": [10, 34]},
						{"origin": [-13, 2, 10], "size": [2, 23, 2], "uv": [37, 3]},
						{"origin": [11, 2, 10], "size": [2, 23, 2], "uv": [8, 51]},
						{"origin": [-13, 0, -13], "size": [2, 2, 25], "uv": [36, 23]},
						{"origin": [-11, 0, -13], "size": [22, 2, 2], "uv": [54, 4]},
						{"origin": [-11, 0, 10], "size": [22, 2, 2], "uv": [50, 89]}
					]
				}
			]
		}
	]
}