{
	"format_version": "1.12.0",
	"minecraft:geometry": [
		{
			"description": {
				"identifier": "geometry.r_bacon_statue",
				"texture_width": 64,
				"texture_height": 64,
				"visible_bounds_width": 3,
				"visible_bounds_height": 3.5,
				"visible_bounds_offset": [0, 1.25, 0]
			},
			"bones": [
				{
					"name": "bone",
					"pivot": [0, 0, 0],
					"rotation": [0, 180, 0],
					"cubes": [
						{
							"origin": [-8, 0, -7],
							"size": [16, 2, 14],
							"uv": {
								"north": {"uv": [26, 14], "uv_size": [10, 2]},
								"east": {"uv": [26, 16], "uv_size": [10, 2]},
								"south": {"uv": [26, 18], "uv_size": [10, 2]},
								"west": {"uv": [26, 20], "uv_size": [10, 2]},
								"up": {"uv": [0, 0], "uv_size": [10, 10]},
								"down": {"uv": [0, 20], "uv_size": [10, -10]}
							}
						},
						{
							"origin": [-8, 7, -7],
							"size": [16, 2, 14],
							"uv": {
								"north": {"uv": [28, 0], "uv_size": [10, 2]},
								"east": {"uv": [28, 2], "uv_size": [10, 2]},
								"south": {"uv": [28, 4], "uv_size": [10, 2]},
								"west": {"uv": [28, 6], "uv_size": [10, 2]},
								"up": {"uv": [10, 0], "uv_size": [10, 10]},
								"down": {"uv": [10, 20], "uv_size": [10, -10]}
							}
						},
						{
							"origin": [-5, 6, -4],
							"size": [10, 6, 8],
							"uv": {
								"north": {"uv": [24, 32], "uv_size": [4, 3]},
								"east": {"uv": [32, 30], "uv_size": [4, 3]},
								"south": {"uv": [32, 33], "uv_size": [4, 3]},
								"west": {"uv": [0, 34], "uv_size": [4, 3]},
								"up": {"uv": [28, 22], "uv_size": [4, 4]},
								"down": {"uv": [24, 32], "uv_size": [4, -4]}
							}
						},
						{
							"origin": [-4, 12, -4],
							"size": [8, 6, 8],
							"uv": {
								"north": {"uv": [8, 20], "uv_size": [6, 6]},
								"east": {"uv": [20, 22], "uv_size": [4, 6]},
								"south": {"uv": [20, 10], "uv_size": [6, 6]},
								"west": {"uv": [24, 22], "uv_size": [4, 6]},
								"up": {"uv": [8, 26], "uv_size": [6, 4]},
								"down": {"uv": [26, 14], "uv_size": [6, -4]}
							}
						},
						{
							"origin": [-3, 18, -3],
							"size": [6, 7, 6],
							"uv": {
								"north": {"uv": [28, 26], "uv_size": [4, 4]},
								"east": {"uv": [0, 30], "uv_size": [4, 4]},
								"south": {"uv": [4, 30], "uv_size": [4, 4]},
								"west": {"uv": [8, 30], "uv_size": [4, 4]},
								"up": {"uv": [12, 30], "uv_size": [4, 4]},
								"down": {"uv": [16, 34], "uv_size": [4, -4]}
							}
						},
						{
							"origin": [-7, 26, -6],
							"size": [14, 1, 12],
							"uv": {
								"north": {"uv": [4, 36], "uv_size": [6, 1]},
								"east": {"uv": [10, 36], "uv_size": [6, 1]},
								"south": {"uv": [36, 10], "uv_size": [6, 1]},
								"west": {"uv": [36, 11], "uv_size": [6, 1]},
								"up": {"uv": [14, 20], "uv_size": [6, 6]},
								"down": {"uv": [20, 22], "uv_size": [6, -6]}
							}
						},
						{
							"origin": [-6, 24, -5],
							"size": [12, 2, 10],
							"uv": {
								"north": {"uv": [4, 36], "uv_size": [6, 1]},
								"east": {"uv": [10, 36], "uv_size": [6, 1]},
								"south": {"uv": [36, 10], "uv_size": [6, 1]},
								"west": {"uv": [36, 11], "uv_size": [6, 1]},
								"up": {"uv": [14, 20], "uv_size": [6, 6]},
								"down": {"uv": [20, 22], "uv_size": [6, -6]}
							}
						},
						{
							"origin": [-7, 2, -7],
							"size": [14, 5, 14],
							"uv": {
								"north": {"uv": [32, 26], "uv_size": [8, 2]},
								"east": {"uv": [28, 8], "uv_size": [10, 2]},
								"south": {"uv": [32, 28], "uv_size": [8, 2]},
								"west": {"uv": [14, 28], "uv_size": [10, 2]},
								"up": {"uv": [0, 20], "uv_size": [8, 10]},
								"down": {"uv": [20, 10], "uv_size": [8, -10]}
							}
						}
					]
				},
				{
					"name": "bone2",
					"parent": "bone",
					"pivot": [-3, 14, 0],
					"cubes": [
						{
							"origin": [-10, 13, -3],
							"size": [6, 5, 6],
							"uv": {
								"north": {"uv": [14, 26], "uv_size": [4, 2]},
								"east": {"uv": [4, 34], "uv_size": [4, 2]},
								"south": {"uv": [8, 34], "uv_size": [4, 2]},
								"west": {"uv": [12, 34], "uv_size": [4, 2]},
								"up": {"uv": [20, 30], "uv_size": [4, 4]},
								"down": {"uv": [28, 34], "uv_size": [4, -4]}
							}
						}
					]
				},
				{
					"name": "bone3",
					"parent": "bone",
					"pivot": [3, 14, 0],
					"cubes": [
						{
							"origin": [4, 13, -3],
							"size": [6, 5, 6],
							"uv": {
								"north": {"uv": [16, 34], "uv_size": [4, 2]},
								"east": {"uv": [20, 34], "uv_size": [4, 2]},
								"south": {"uv": [28, 34], "uv_size": [4, 2]},
								"west": {"uv": [24, 35], "uv_size": [4, 2]},
								"up": {"uv": [32, 10], "uv_size": [4, 4]},
								"down": {"uv": [32, 26], "uv_size": [4, -4]}
							}
						}
					]
				}
			]
		}
	]
}