{
  "format_version": "1.12.0",
  "minecraft:geometry": [
    {
      "description": {
        "identifier": "geometry.r_globe",
        "texture_width": 64,
        "texture_height": 64,
        "visible_bounds_width": 3,
        "visible_bounds_height": 4,
        "visible_bounds_offset": [
          0,
          1,
          0
        ]
      },
      "bones": [
        {
          "name": "bone",
          "cubes": [
            {
              "origin": [
                -1.0,
                0.0,
                -1.0
              ],
              "size": [
                2.0,
                15.0,
                2.0
              ],
              "uv": {
                "north": {
                  "uv": [
                    6,
                    22
                  ],
                  "uv_size": [
                    2,
                    15
                  ]
                },
                "east": {
                  "uv": [
                    8,
                    22
                  ],
                  "uv_size": [
                    2,
                    15
                  ]
                },
                "south": {
                  "uv": [
                    10,
                    22
                  ],
                  "uv_size": [
                    2,
                    15
                  ]
                },
                "west": {
                  "uv": [
                    12,
                    22
                  ],
                  "uv_size": [
                    2,
                    15
                  ]
                },
                "up": {
                  "uv": [
                    30,
                    10
                  ],
                  "uv_size": [
                    2,
                    2
                  ]
                },
                "down": {
                  "uv": [
                    30,
                    14
                  ],
                  "uv_size": [
                    2,
                    -2
                  ]
                }
              },
              "inflate": 0
            },
            {
              "origin": [
                -1.0,
                26.0,
                -1.0
              ],
              "size": [
                2.0,
                2.0,
                2.0
              ],
              "uv": {
                "north": {
                  "uv": [
                    16,
                    30
                  ],
                  "uv_size": [
                    2,
                    2
                  ]
                },
                "east": {
                  "uv": [
                    30,
                    16
                  ],
                  "uv_size": [
                    2,
                    2
                  ]
                },
                "south": {
                  "uv": [
                    18,
                    30
                  ],
                  "uv_size": [
                    2,
                    2
                  ]
                },
                "west": {
                  "uv": [
                    30,
                    18
                  ],
                  "uv_size": [
                    2,
                    2
                  ]
                },
                "up": {
                  "uv": [
                    20,
                    30
                  ],
                  "uv_size": [
                    2,
                    2
                  ]
                },
                "down": {
                  "uv": [
                    22,
                    32
                  ],
                  "uv_size": [
                    2,
                    -2
                  ]
                }
              },
              "inflate": 0
            },
            {
              "origin": [
                -5.0,
                15.0,
                -5.0
              ],
              "size": [
                10.0,
                11.0,
                10.0
              ],
              "uv": {
                "north": {
                  "uv": [
                    0,
                    0
                  ],
                  "uv_size": [
                    10,
                    11
                  ]
                },
                "east": {
                  "uv": [
                    10,
                    0
                  ],
                  "uv_size": [
                    10,
                    11
                  ]
                },
                "south": {
                  "uv": [
                    0,
                    11
                  ],
                  "uv_size": [
                    10,
                    11
                  ]
                },
                "west": {
                  "uv": [
                    10,
                    11
                  ],
                  "uv_size": [
                    10,
                    11
                  ]
                },
                "up": {
                  "uv": [
                    20,
                    0
                  ],
                  "uv_size": [
                    10,
                    10
                  ]
                },
                "down": {
                  "uv": [
                    20,
                    20
                  ],
                  "uv_size": [
                    10,
                    -10
                  ]
                }
              },
              "inflate": 0
            },
            {
              "origin": [
                -3.0,
                0.0,
                -3.0
              ],
              "size": [
                6.0,
                2.0,
                6.0
              ],
              "uv": {
                "north": {
                  "uv": [
                    14,
                    22
                  ],
                  "uv_size": [
                    6,
                    2
                  ]
                },
                "east": {
                  "uv": [
                    14,
                    24
                  ],
                  "uv_size": [
                    6,
                    2
                  ]
                },
                "south": {
                  "uv": [
                    0,
                    28
                  ],
                  "uv_size": [
                    6,
                    2
                  ]
                },
                "west": {
                  "uv": [
                    0,
                    30
                  ],
                  "uv_size": [
                    6,
                    2
                  ]
                },
                "up": {
                  "uv": [
                    20,
                    20
                  ],
                  "uv_size": [
                    6,
                    6
                  ]
                },
                "down": {
                  "uv": [
                    0,
                    28
                  ],
                  "uv_size": [
                    6,
                    -6
                  ]
                }
              },
              "inflate": 0
            }
          ]
        },
        {
          "name": "bone4",
          "pivot": [
            1,
            14,
            0
          ],
          "cubes": [
            {
              "origin": [
                1.0,
                13.0,
                -1.0
              ],
              "size": [
                7.0,
                2.0,
                2.0
              ],
              "uv": {
                "north": {
                  "uv": [
                    30,
                    2
                  ],
                  "uv_size": [
                    7,
                    2
                  ]
                },
                "east": {
                  "uv": [
                    14,
                    30
                  ],
                  "uv_size": [
                    2,
                    2
                  ]
                },
                "south": {
                  "uv": [
                    30,
                    4
                  ],
                  "uv_size": [
                    7,
                    2
                  ]
                },
                "west": {
                  "uv": [
                    30,
                    14
                  ],
                  "uv_size": [
                    2,
                    2
                  ]
                },
                "up": {
                  "uv": [
                    30,
                    6
                  ],
                  "uv_size": [
                    7,
                    2
                  ]
                },
                "down": {
                  "uv": [
                    30,
                    10
                  ],
                  "uv_size": [
                    7,
                    -2
                  ]
                }
              },
              "inflate": 0
            }
          ],
          "parent": "bone",
          "rotation": [
            0,
            0,
            -15
          ]
        },
        {
          "name": "bone2",
          "pivot": [
            2,
            27,
            0
          ],
          "cubes": [
            {
              "origin": [
                1.0,
                27.0,
                -1.0
              ],
              "size": [
                8.0,
                2.0,
                2.0
              ],
              "uv": {
                "north": {
                  "uv": [
                    26,
                    24
                  ],
                  "uv_size": [
                    8,
                    2
                  ]
                },
                "east": {
                  "uv": [
                    24,
                    30
                  ],
                  "uv_size": [
                    2,
                    2
                  ]
                },
                "south": {
                  "uv": [
                    14,
                    28
                  ],
                  "uv_size": [
                    8,
                    2
                  ]
                },
                "west": {
                  "uv": [
                    26,
                    30
                  ],
                  "uv_size": [
                    2,
                    2
                  ]
                },
                "up": {
                  "uv": [
                    22,
                    28
                  ],
                  "uv_size": [
                    8,
                    2
                  ]
                },
                "down": {
                  "uv": [
                    30,
                    2
                  ],
                  "uv_size": [
                    8,
                    -2
                  ]
                }
              },
              "inflate": 0
            }
          ],
          "parent": "bone",
          "rotation": [
            0,
            0,
            17.5
          ]
        },
        {
          "name": "bone3",
          "pivot": [
            8,
            27,
            0
          ],
          "cubes": [
            {
              "origin": [
                8.0,
                26.0,
                -1.0
              ],
              "size": [
                9.0,
                2.0,
                2.0
              ],
              "uv": {
                "north": {
                  "uv": [
                    14,
                    26
                  ],
                  "uv_size": [
                    9,
                    2
                  ]
                },
                "east": {
                  "uv": [
                    28,
                    30
                  ],
                  "uv_size": [
                    2,
                    2
                  ]
                },
                "south": {
                  "uv": [
                    26,
                    20
                  ],
                  "uv_size": [
                    9,
                    2
                  ]
                },
                "west": {
                  "uv": [
                    30,
                    28
                  ],
                  "uv_size": [
                    2,
                    2
                  ]
                },
                "up": {
                  "uv": [
                    26,
                    22
                  ],
                  "uv_size": [
                    9,
                    2
                  ]
                },
                "down": {
                  "uv": [
                    23,
                    28
                  ],
                  "uv_size": [
                    9,
                    -2
                  ]
                }
              },
              "inflate": 0
            }
          ],
          "parent": "bone2",
          "rotation": [
            0,
            0,
            72.5
          ]
        }
      ]
    }
  ]
}