{
  "format_version": "1.12.0",
  "minecraft:geometry": [
    {
      "description": {
        "identifier": "geometry.r_hanger",
        "texture_width": 32,
        "texture_height": 32,
        "visible_bounds_width": 2,
        "visible_bounds_height": 3.5,
        "visible_bounds_offset": [
          0,
          1.25,
          0
        ]
      },
      "bones": [
        {
          "name": "bone",
          "cubes": [
            {
              "origin": [
                -1.0,
                4.0,
                -1.0
              ],
              "size": [
                2.0,
                21.0,
                2.0
              ],
              "uv": {
                "north": {
                  "uv": [
                    0,
                    0
                  ],
                  "uv_size": [
                    2,
                    21
                  ]
                },
                "east": {
                  "uv": [
                    2,
                    0
                  ],
                  "uv_size": [
                    2,
                    21
                  ]
                },
                "south": {
                  "uv": [
                    4,
                    0
                  ],
                  "uv_size": [
                    2,
                    21
                  ]
                },
                "west": {
                  "uv": [
                    6,
                    0
                  ],
                  "uv_size": [
                    2,
                    21
                  ]
                },
                "up": {
                  "uv": [
                    8,
                    19
                  ],
                  "uv_size": [
                    2,
                    2
                  ]
                },
                "down": {
                  "uv": [
                    10,
                    21
                  ],
                  "uv_size": [
                    2,
                    -2
                  ]
                }
              },
              "inflate": 0
            },
            {
              "origin": [
                -1.0,
                25.0,
                -1.0
              ],
              "size": [
                2.0,
                5.0,
                2.0
              ],
              "uv": {
                "north": {
                  "uv": [
                    8,
                    0
                  ],
                  "uv_size": [
                    2,
                    5
                  ]
                },
                "east": {
                  "uv": [
                    8,
                    5
                  ],
                  "uv_size": [
                    2,
                    5
                  ]
                },
                "south": {
                  "uv": [
                    10,
                    0
                  ],
                  "uv_size": [
                    2,
                    5
                  ]
                },
                "west": {
                  "uv": [
                    10,
                    5
                  ],
                  "uv_size": [
                    2,
                    5
                  ]
                },
                "up": {
                  "uv": [
                    19,
                    12
                  ],
                  "uv_size": [
                    2,
                    2
                  ]
                },
                "down": {
                  "uv": [
                    20,
                    2
                  ],
                  "uv_size": [
                    2,
                    -2
                  ]
                }
              },
              "inflate": 0
            },
            {
              "origin": [
                -4.0,
                26.0,
                -1.0
              ],
              "size": [
                3.0,
                2.0,
                2.0
              ],
              "uv": {
                "north": {
                  "uv": [
                    8,
                    10
                  ],
                  "uv_size": [
                    3,
                    2
                  ]
                },
                "east": {
                  "uv": [
                    20,
                    2
                  ],
                  "uv_size": [
                    2,
                    2
                  ]
                },
                "south": {
                  "uv": [
                    11,
                    10
                  ],
                  "uv_size": [
                    3,
                    2
                  ]
                },
                "west": {
                  "uv": [
                    20,
                    4
                  ],
                  "uv_size": [
                    2,
                    2
                  ]
                },
                "up": {
                  "uv": [
                    12,
                    0
                  ],
                  "uv_size": [
                    3,
                    2
                  ]
                },
                "down": {
                  "uv": [
                    12,
                    4
                  ],
                  "uv_size": [
                    3,
                    -2
                  ]
                }
              },
              "inflate": 0
            },
            {
              "origin": [
                1.0,
                26.0,
                -1.0
              ],
              "size": [
                3.0,
                2.0,
                2.0
              ],
              "uv": {
                "north": {
                  "uv": [
                    12,
                    4
                  ],
                  "uv_size": [
                    3,
                    2
                  ]
                },
                "east": {
                  "uv": [
                    20,
                    6
                  ],
                  "uv_size": [
                    2,
                    2
                  ]
                },
                "south": {
                  "uv": [
                    12,
                    6
                  ],
                  "uv_size": [
                    3,
                    2
                  ]
                },
                "west": {
                  "uv": [
                    20,
                    8
                  ],
                  "uv_size": [
                    2,
                    2
                  ]
                },
                "up": {
                  "uv": [
                    8,
                    12
                  ],
                  "uv_size": [
                    3,
                    2
                  ]
                },
                "down": {
                  "uv": [
                    12,
                    10
                  ],
                  "uv_size": [
                    3,
                    -2
                  ]
                }
              },
              "inflate": 0
            },
            {
              "origin": [
                1.0,
                2.0,
                -1.0
              ],
              "size": [
                3.0,
                2.0,
                2.0
              ],
              "uv": {
                "north": {
                  "uv": [
                    11,
                    12
                  ],
                  "uv_size": [
                    3,
                    2
                  ]
                },
                "east": {
                  "uv": [
                    20,
                    10
                  ],
                  "uv_size": [
                    2,
                    2
                  ]
                },
                "south": {
                  "uv": [
                    8,
                    14
                  ],
                  "uv_size": [
                    3,
                    2
                  ]
                },
                "west": {
                  "uv": [
                    12,
                    20
                  ],
                  "uv_size": [
                    2,
                    2
                  ]
                },
                "up": {
                  "uv": [
                    14,
                    10
                  ],
                  "uv_size": [
                    3,
                    2
                  ]
                },
                "down": {
                  "uv": [
                    11,
                    16
                  ],
                  "uv_size": [
                    3,
                    -2
                  ]
                }
              },
              "inflate": 0
            },
            {
              "origin": [
                -1.0,
                2.0,
                -4.0
              ],
              "size": [
                2.0,
                2.0,
                3.0
              ],
              "uv": {
                "north": {
                  "uv": [
                    14,
                    20
                  ],
                  "uv_size": [
                    2,
                    2
                  ]
                },
                "east": {
                  "uv": [
                    14,
                    12
                  ],
                  "uv_size": [
                    3,
                    2
                  ]
                },
                "south": {
                  "uv": [
                    20,
                    14
                  ],
                  "uv_size": [
                    2,
                    2
                  ]
                },
                "west": {
                  "uv": [
                    14,
                    14
                  ],
                  "uv_size": [
                    3,
                    2
                  ]
                },
                "up": {
                  "uv": [
                    15,
                    0
                  ],
                  "uv_size": [
                    2,
                    3
                  ]
                },
                "down": {
                  "uv": [
                    15,
                    6
                  ],
                  "uv_size": [
                    2,
                    -3
                  ]
                }
              },
              "inflate": 0
            },
            {
              "origin": [
                -1.0,
                2.0,
                1.0
              ],
              "size": [
                2.0,
                2.0,
                3.0
              ],
              "uv": {
                "north": {
                  "uv": [
                    16,
                    20
                  ],
                  "uv_size": [
                    2,
                    2
                  ]
                },
                "east": {
                  "uv": [
                    15,
                    6
                  ],
                  "uv_size": [
                    3,
                    2
                  ]
                },
                "south": {
                  "uv": [
                    20,
                    16
                  ],
                  "uv_size": [
                    2,
                    2
                  ]
                },
                "west": {
                  "uv": [
                    15,
                    8
                  ],
                  "uv_size": [
                    3,
                    2
                  ]
                },
                "up": {
                  "uv": [
                    8,
                    16
                  ],
                  "uv_size": [
                    2,
                    3
                  ]
                },
                "down": {
                  "uv": [
                    10,
                    19
                  ],
                  "uv_size": [
                    2,
                    -3
                  ]
                }
              },
              "inflate": 0
            },
            {
              "origin": [
                -4.0,
                2.0,
                -1.0
              ],
              "size": [
                3.0,
                2.0,
                2.0
              ],
              "uv": {
                "north": {
                  "uv": [
                    12,
                    16
                  ],
                  "uv_size": [
                    3,
                    2
                  ]
                },
                "east": {
                  "uv": [
                    20,
                    18
                  ],
                  "uv_size": [
                    2,
                    2
                  ]
                },
                "south": {
                  "uv": [
                    15,
                    16
                  ],
                  "uv_size": [
                    3,
                    2
                  ]
                },
                "west": {
                  "uv": [
                    20,
                    20
                  ],
                  "uv_size": [
                    2,
                    2
                  ]
                },
                "up": {
                  "uv": [
                    17,
                    0
                  ],
                  "uv_size": [
                    3,
                    2
                  ]
                },
                "down": {
                  "uv": [
                    17,
                    4
                  ],
                  "uv_size": [
                    3,
                    -2
                  ]
                }
              },
              "inflate": 0
            },
            {
              "origin": [
                -1.0,
                26.0,
                -4.0
              ],
              "size": [
                2.0,
                2.0,
                3.0
              ],
              "uv": {
                "north": {
                  "uv": [
                    0,
                    21
                  ],
                  "uv_size": [
                    2,
                    2
                  ]
                },
                "east": {
                  "uv": [
                    17,
                    4
                  ],
                  "uv_size": [
                    3,
                    2
                  ]
                },
                "south": {
                  "uv": [
                    2,
                    21
                  ],
                  "uv_size": [
                    2,
                    2
                  ]
                },
                "west": {
                  "uv": [
                    17,
                    10
                  ],
                  "uv_size": [
                    3,
                    2
                  ]
                },
                "up": {
                  "uv": [
                    17,
                    12
                  ],
                  "uv_size": [
                    2,
                    3
                  ]
                },
                "down": {
                  "uv": [
                    18,
                    9
                  ],
                  "uv_size": [
                    2,
                    -3
                  ]
                }
              },
              "inflate": 0
            },
            {
              "origin": [
                -1.0,
                26.0,
                1.0
              ],
              "size": [
                2.0,
                2.0,
                3.0
              ],
              "uv": {
                "north": {
                  "uv": [
                    4,
                    21
                  ],
                  "uv_size": [
                    2,
                    2
                  ]
                },
                "east": {
                  "uv": [
                    12,
                    18
                  ],
                  "uv_size": [
                    3,
                    2
                  ]
                },
                "south": {
                  "uv": [
                    6,
                    21
                  ],
                  "uv_size": [
                    2,
                    2
                  ]
                },
                "west": {
                  "uv": [
                    15,
                    18
                  ],
                  "uv_size": [
                    3,
                    2
                  ]
                },
                "up": {
                  "uv": [
                    18,
                    15
                  ],
                  "uv_size": [
                    2,
                    3
                  ]
                },
                "down": {
                  "uv": [
                    18,
                    21
                  ],
                  "uv_size": [
                    2,
                    -3
                  ]
                }
              },
              "inflate": 0
            },
            {
              "origin": [
                -1.0,
                24.0,
                3.0
              ],
              "size": [
                2.0,
                2.0,
                2.0
              ],
              "uv": {
                "north": {
                  "uv": [
                    8,
                    21
                  ],
                  "uv_size": [
                    2,
                    2
                  ]
                },
                "east": {
                  "uv": [
                    10,
                    21
                  ],
                  "uv_size": [
                    2,
                    2
                  ]
                },
                "south": {
                  "uv": [
                    21,
                    12
                  ],
                  "uv_size": [
                    2,
                    2
                  ]
                },
                "west": {
                  "uv": [
                    18,
                    21
                  ],
                  "uv_size": [
                    2,
                    2
                  ]
                },
                "up": {
                  "uv": [
                    22,
                    0
                  ],
                  "uv_size": [
                    2,
                    2
                  ]
                },
                "down": {
                  "uv": [
                    22,
                    4
                  ],
                  "uv_size": [
                    2,
                    -2
                  ]
                }
              },
              "inflate": 0
            },
            {
              "origin": [
                -5.0,
                24.0,
                -1.0
              ],
              "size": [
                2.0,
                2.0,
                2.0
              ],
              "uv": {
                "north": {
                  "uv": [
                    22,
                    4
                  ],
                  "uv_size": [
                    2,
                    2
                  ]
                },
                "east": {
                  "uv": [
                    22,
                    6
                  ],
                  "uv_size": [
                    2,
                    2
                  ]
                },
                "south": {
                  "uv": [
                    22,
                    8
                  ],
                  "uv_size": [
                    2,
                    2
                  ]
                },
                "west": {
                  "uv": [
                    22,
                    10
                  ],
                  "uv_size": [
                    2,
                    2
                  ]
                },
                "up": {
                  "uv": [
                    12,
                    22
                  ],
                  "uv_size": [
                    2,
                    2
                  ]
                },
                "down": {
                  "uv": [
                    14,
                    24
                  ],
                  "uv_size": [
                    2,
                    -2
                  ]
                }
              },
              "inflate": 0
            },
            {
              "origin": [
                3.0,
                24.0,
                -1.0
              ],
              "size": [
                2.0,
                2.0,
                2.0
              ],
              "uv": {
                "north": {
                  "uv": [
                    22,
                    14
                  ],
                  "uv_size": [
                    2,
                    2
                  ]
                },
                "east": {
                  "uv": [
                    16,
                    22
                  ],
                  "uv_size": [
                    2,
                    2
                  ]
                },
                "south": {
                  "uv": [
                    22,
                    16
                  ],
                  "uv_size": [
                    2,
                    2
                  ]
                },
                "west": {
                  "uv": [
                    22,
                    18
                  ],
                  "uv_size": [
                    2,
                    2
                  ]
                },
                "up": {
                  "uv": [
                    20,
                    22
                  ],
                  "uv_size": [
                    2,
                    2
                  ]
                },
                "down": {
                  "uv": [
                    22,
                    22
                  ],
                  "uv_size": [
                    2,
                    -2
                  ]
                }
              },
              "inflate": 0
            },
            {
              "origin": [
                3.0,
                0.0,
                -1.0
              ],
              "size": [
                2.0,
                2.0,
                2.0
              ],
              "uv": {
                "north": {
                  "uv": [
                    22,
                    22
                  ],
                  "uv_size": [
                    2,
                    2
                  ]
                },
                "east": {
                  "uv": [
                    0,
                    23
                  ],
                  "uv_size": [
                    2,
                    2
                  ]
                },
                "south": {
                  "uv": [
                    2,
                    23
                  ],
                  "uv_size": [
                    2,
                    2
                  ]
                },
                "west": {
                  "uv": [
                    4,
                    23
                  ],
                  "uv_size": [
                    2,
                    2
                  ]
                },
                "up": {
                  "uv": [
                    6,
                    23
                  ],
                  "uv_size": [
                    2,
                    2
                  ]
                },
                "down": {
                  "uv": [
                    8,
                    25
                  ],
                  "uv_size": [
                    2,
                    -2
                  ]
                }
              },
              "inflate": 0
            },
            {
              "origin": [
                -5.0,
                0.0,
                -1.0
              ],
              "size": [
                2.0,
                2.0,
                2.0
              ],
              "uv": {
                "north": {
                  "uv": [
                    10,
                    23
                  ],
                  "uv_size": [
                    2,
                    2
                  ]
                },
                "east": {
                  "uv": [
                    23,
                    12
                  ],
                  "uv_size": [
                    2,
                    2
                  ]
                },
                "south": {
                  "uv": [
                    18,
                    23
                  ],
                  "uv_size": [
                    2,
                    2
                  ]
                },
                "west": {
                  "uv": [
                    24,
                    0
                  ],
                  "uv_size": [
                    2,
                    2
                  ]
                },
                "up": {
                  "uv": [
                    24,
                    2
                  ],
                  "uv_size": [
                    2,
                    2
                  ]
                },
                "down": {
                  "uv": [
                    24,
                    6
                  ],
                  "uv_size": [
                    2,
                    -2
                  ]
                }
              },
              "inflate": 0
            },
            {
              "origin": [
                -1.0,
                0.0,
                -5.0
              ],
              "size": [
                2.0,
                2.0,
                2.0
              ],
              "uv": {
                "north": {
                  "uv": [
                    24,
                    6
                  ],
                  "uv_size": [
                    2,
                    2
                  ]
                },
                "east": {
                  "uv": [
                    24,
                    8
                  ],
                  "uv_size": [
                    2,
                    2
                  ]
                },
                "south": {
                  "uv": [
                    24,
                    10
                  ],
                  "uv_size": [
                    2,
                    2
                  ]
                },
                "west": {
                  "uv": [
                    12,
                    24
                  ],
                  "uv_size": [
                    2,
                    2
                  ]
                },
                "up": {
                  "uv": [
                    14,
                    24
                  ],
                  "uv_size": [
                    2,
                    2
                  ]
                },
                "down": {
                  "uv": [
                    24,
                    16
                  ],
                  "uv_size": [
                    2,
                    -2
                  ]
                }
              },
              "inflate": 0
            },
            {
              "origin": [
                -1.0,
                0.0,
                3.0
              ],
              "size": [
                2.0,
                2.0,
                2.0
              ],
              "uv": {
                "north": {
                  "uv": [
                    16,
                    24
                  ],
                  "uv_size": [
                    2,
                    2
                  ]
                },
                "east": {
                  "uv": [
                    24,
                    16
                  ],
                  "uv_size": [
                    2,
                    2
                  ]
                },
                "south": {
                  "uv": [
                    24,
                    18
                  ],
                  "uv_size": [
                    2,
                    2
                  ]
                },
                "west": {
                  "uv": [
                    20,
                    24
                  ],
                  "uv_size": [
                    2,
                    2
                  ]
                },
                "up": {
                  "uv": [
                    24,
                    20
                  ],
                  "uv_size": [
                    2,
                    2
                  ]
                },
                "down": {
                  "uv": [
                    22,
                    26
                  ],
                  "uv_size": [
                    2,
                    -2
                  ]
                }
              },
              "inflate": 0
            },
            {
              "origin": [
                -1.0,
                24.0,
                -5.0
              ],
              "size": [
                2.0,
                2.0,
                2.0
              ],
              "uv": {
                "north": {
                  "uv": [
                    24,
                    22
                  ],
                  "uv_size": [
                    2,
                    2
                  ]
                },
                "east": {
                  "uv": [
                    24,
                    24
                  ],
                  "uv_size": [
                    2,
                    2
                  ]
                },
                "south": {
                  "uv": [
                    0,
                    25
                  ],
                  "uv_size": [
                    2,
                    2
                  ]
                },
                "west": {
                  "uv": [
                    2,
                    25
                  ],
                  "uv_size": [
                    2,
                    2
                  ]
                },
                "up": {
                  "uv": [
                    4,
                    25
                  ],
                  "uv_size": [
                    2,
                    2
                  ]
                },
                "down": {
                  "uv": [
                    6,
                    27
                  ],
                  "uv_size": [
                    2,
                    -2
                  ]
                }
              },
              "inflate": 0
            }
          ]
        }
      ]
    }
  ]
}