{
	"format_version": "1.12.0",
	"minecraft:geometry": [
		{
			"description": {
				"identifier": "geometry.r_lamp",
				"texture_width": 128,
				"texture_height": 128,
				"visible_bounds_width": 3,
				"visible_bounds_height": 3.5,
				"visible_bounds_offset": [0, 1.25, 0]
			},
			"bones": [
				{
					"name": "bone",
					"pivot": [0, 0, 0],
					"cubes": [
						{
							"origin": [-2, 0, -3],
							"size": [5, 2, 6],
							"uv": {
								"north": {"uv": [0, 74], "uv_size": [14, 2]},
								"east": {"uv": [72, 40], "uv_size": [15, 2]},
								"south": {"uv": [48, 75], "uv_size": [14, 2]},
								"west": {"uv": [72, 42], "uv_size": [15, 2]},
								"up": {"uv": [0, 38], "uv_size": [14, 15]},
								"down": {"uv": [14, 53], "uv_size": [14, -15]}
							}
						},
						{
							"origin": [-2, 25, -2],
							"size": [5, 2, 4],
							"uv": {
								"north": {"uv": [76, 14], "uv_size": [10, 2]},
								"east": {"uv": [36, 17], "uv_size": [11, 2]},
								"south": {"uv": [76, 16], "uv_size": [10, 2]},
								"west": {"uv": [36, 19], "uv_size": [11, 2]},
								"up": {"uv": [0, 61], "uv_size": [10, 11]},
								"down": {"uv": [10, 72], "uv_size": [10, -11]}
							}
						},
						{
							"origin": [-1, 1, -1],
							"size": [3, 27, 2],
							"uv": {
								"north": {"uv": [20, 66], "uv_size": [3, 18]},
								"east": {"uv": [23, 66], "uv_size": [3, 18]},
								"south": {"uv": [26, 66], "uv_size": [3, 18]},
								"west": {"uv": [29, 66], "uv_size": [3, 18]},
								"up": {"uv": [52, 13], "uv_size": [3, 3]},
								"down": {"uv": [55, 16], "uv_size": [3, -3]}
							}
						},
						{
							"origin": [-3, 24, -3],
							"size": [7, 2, 6],
							"uv": {
								"north": {"uv": [64, 12], "uv_size": [12, 1]},
								"east": {"uv": [75, 68], "uv_size": [13, 1]},
								"south": {"uv": [76, 27], "uv_size": [12, 1]},
								"west": {"uv": [76, 26], "uv_size": [13, 1]},
								"up": {"uv": [48, 17], "uv_size": [12, 13]},
								"down": {"uv": [52, 13], "uv_size": [12, -13]}
							}
						},
						{
							"origin": [-4, 20, -4],
							"size": [9, 4, 8],
							"uv": {
								"north": {"uv": [64, 8], "uv_size": [16, 4]},
								"east": {"uv": [64, 0], "uv_size": [17, 4]},
								"south": {"uv": [65, 29], "uv_size": [16, 4]},
								"west": {"uv": [64, 4], "uv_size": [17, 4]},
								"up": {"uv": [32, 21], "uv_size": [16, 17]},
								"down": {"uv": [36, 17], "uv_size": [16, -17]}
							}
						},
						{
							"origin": [-5, 15, -5],
							"size": [11, 5, 10],
							"uv": {
								"north": {"uv": [41, 61], "uv_size": [18, 5]},
								"east": {"uv": [56, 46], "uv_size": [21, 5]},
								"south": {"uv": [59, 61], "uv_size": [18, 5]},
								"west": {"uv": [20, 61], "uv_size": [21, 5]},
								"up": {"uv": [0, 0], "uv_size": [18, 21]},
								"down": {"uv": [18, 21], "uv_size": [18, -21]}
							}
						},
						{
							"origin": [3, 2, -3],
							"size": [2, 8, 6],
							"uv": {
								"north": {"uv": [16, 72], "uv_size": [2, 8]},
								"east": {"uv": [48, 30], "uv_size": [17, 8]},
								"south": {"uv": [18, 72], "uv_size": [2, 8]},
								"west": {"uv": [0, 53], "uv_size": [17, 8]},
								"up": {"uv": [36, 69], "uv_size": [2, 17]},
								"down": {"uv": [38, 86], "uv_size": [2, -17]}
							}
						},
						{
							"origin": [-4, 2, -3],
							"size": [2, 8, 6],
							"uv": {
								"north": {"uv": [14, 74], "uv_size": [2, 8]},
								"east": {"uv": [17, 53], "uv_size": [17, 8]},
								"south": {"uv": [76, 18], "uv_size": [2, 8]},
								"west": {"uv": [34, 53], "uv_size": [17, 8]},
								"up": {"uv": [40, 69], "uv_size": [2, 17]},
								"down": {"uv": [42, 86], "uv_size": [2, -17]}
							}
						},
						{
							"origin": [-2, 2, -5],
							"size": [5, 8, 2],
							"uv": {
								"north": {"uv": [51, 53], "uv_size": [16, 8]},
								"east": {"uv": [76, 75], "uv_size": [2, 8]},
								"south": {"uv": [56, 38], "uv_size": [16, 8]},
								"west": {"uv": [48, 77], "uv_size": [2, 8]},
								"up": {"uv": [48, 71], "uv_size": [16, 2]},
								"down": {"uv": [64, 73], "uv_size": [16, -2]}
							}
						},
						{
							"origin": [-2, 2, 3],
							"size": [5, 8, 2],
							"uv": {
								"north": {"uv": [60, 13], "uv_size": [16, 8]},
								"east": {"uv": [50, 77], "uv_size": [2, 8]},
								"south": {"uv": [60, 21], "uv_size": [16, 8]},
								"west": {"uv": [52, 77], "uv_size": [2, 8]},
								"up": {"uv": [0, 72], "uv_size": [16, 2]},
								"down": {"uv": [72, 40], "uv_size": [16, -2]}
							}
						}
					]
				}
			]
		}
	]
}