{
	"format_version": "1.12.0",
	"minecraft:geometry": [
		{
			"description": {
				"identifier": "geometry.r_mine_light",
				"texture_width": 32,
				"texture_height": 32,
				"visible_bounds_width": 2,
				"visible_bounds_height": 3.5,
				"visible_bounds_offset": [0, 1.25, 0]
			},
			"bones": [
				{
					"name": "bone",
					"pivot": [2, 0, 0],
					"rotation": [0, 177.5, 0],
					"cubes": [
						{
							"origin": [-1, 0, -1],
							"size": [5, 2, 2],
							"uv": {
								"north": {"uv": [18, 0], "uv_size": [5, 2]},
								"east": {"uv": [25, 11], "uv_size": [2, 2]},
								"south": {"uv": [18, 2], "uv_size": [5, 2]},
								"west": {"uv": [19, 26], "uv_size": [2, 2]},
								"up": {"uv": [8, 19], "uv_size": [5, 2]},
								"down": {"uv": [19, 19], "uv_size": [5, -2]}
							}
						}
					]
				},
				{
					"name": "bone2",
					"parent": "bone",
					"pivot": [4, 0, -1],
					"rotation": [0, 67.5, 0],
					"cubes": [
						{
							"origin": [3, 0, -2],
							"size": [5, 2, 2],
							"uv": {
								"north": {"uv": [19, 19], "uv_size": [5, 2]},
								"east": {"uv": [21, 26], "uv_size": [2, 2]},
								"south": {"uv": [20, 4], "uv_size": [5, 2]},
								"west": {"uv": [26, 21], "uv_size": [2, 2]},
								"up": {"uv": [20, 6], "uv_size": [5, 2]},
								"down": {"uv": [20, 10], "uv_size": [5, -2]}
							}
						}
					]
				},
				{
					"name": "bone3",
					"parent": "bone",
					"pivot": [5, 0, 2],
					"rotation": [0, 52.5, 0],
					"cubes": [
						{
							"origin": [5, 0, 0],
							"size": [2, 2, 5],
							"uv": {
								"north": {"uv": [26, 25], "uv_size": [2, 2]},
								"east": {"uv": [20, 10], "uv_size": [5, 2]},
								"south": {"uv": [0, 27], "uv_size": [2, 2]},
								"west": {"uv": [20, 12], "uv_size": [5, 2]},
								"up": {"uv": [13, 19], "uv_size": [2, 5]},
								"down": {"uv": [8, 26], "uv_size": [2, -5]}
							}
						}
					]
				},
				{
					"name": "bone4",
					"parent": "bone",
					"pivot": [3, 0, 0],
					"cubes": [
						{
							"origin": [3, 0, -1],
							"size": [2, 18, 2],
							"uv": {
								"north": {"uv": [0, 0], "uv_size": [2, 18]},
								"east": {"uv": [2, 0], "uv_size": [2, 18]},
								"south": {"uv": [4, 0], "uv_size": [2, 18]},
								"west": {"uv": [6, 0], "uv_size": [2, 18]},
								"up": {"uv": [2, 27], "uv_size": [2, 2]},
								"down": {"uv": [4, 29], "uv_size": [2, -2]}
							}
						}
					]
				},
				{
					"name": "bone10",
					"parent": "bone4",
					"pivot": [6, 15, 0],
					"rotation": [0, 0, -45],
					"cubes": [
						{
							"origin": [4, 14, -1],
							"size": [7, 1, 2],
							"pivot": [4, -1, 0],
							"rotation": [0, 2.5, 0],
							"uv": {
								"north": {"uv": [22, 16], "uv_size": [7, 1]},
								"east": {"uv": [18, 4], "uv_size": [2, 1]},
								"south": {"uv": [24, 17], "uv_size": [7, 1]},
								"west": {"uv": [20, 14], "uv_size": [2, 1]},
								"up": {"uv": [13, 5], "uv_size": [7, 2]},
								"down": {"uv": [13, 9], "uv_size": [7, -2]}
							}
						}
					]
				},
				{
					"name": "bone11",
					"parent": "bone4",
					"pivot": [2, 14, 0],
					"rotation": [5.07673, 9.96156, -129.11955],
					"cubes": [
						{
							"origin": [0, 13, -1],
							"size": [7, 1, 2],
							"uv": {
								"north": {"uv": [24, 18], "uv_size": [7, 1]},
								"east": {"uv": [27, 14], "uv_size": [2, 1]},
								"south": {"uv": [24, 19], "uv_size": [7, 1]},
								"west": {"uv": [27, 15], "uv_size": [2, 1]},
								"up": {"uv": [13, 9], "uv_size": [7, 2]},
								"down": {"uv": [13, 13], "uv_size": [7, -2]}
							}
						}
					]
				},
				{
					"name": "bone5",
					"parent": "bone",
					"pivot": [3, 18, 0],
					"rotation": [0, 2.5, 0],
					"cubes": [
						{
							"origin": [-3, 18, -1],
							"size": [7, 1, 2],
							"pivot": [3, 18, 0],
							"rotation": [0, -12.5, 0],
							"uv": {
								"north": {"uv": [24, 20], "uv_size": [7, 1]},
								"east": {"uv": [26, 27], "uv_size": [2, 1]},
								"south": {"uv": [24, 23], "uv_size": [7, 1]},
								"west": {"uv": [28, 0], "uv_size": [2, 1]},
								"up": {"uv": [13, 13], "uv_size": [7, 2]},
								"down": {"uv": [8, 17], "uv_size": [7, -2]}
							}
						},
						{
							"origin": [4, 18, -1],
							"size": [7, 1, 2],
							"pivot": [3, 18, 0],
							"rotation": [0, 2.5, 0],
							"uv": {
								"north": {"uv": [24, 24], "uv_size": [7, 1]},
								"east": {"uv": [28, 1], "uv_size": [2, 1]},
								"south": {"uv": [25, 4], "uv_size": [7, 1]},
								"west": {"uv": [28, 2], "uv_size": [2, 1]},
								"up": {"uv": [15, 15], "uv_size": [7, 2]},
								"down": {"uv": [8, 19], "uv_size": [7, -2]}
							}
						}
					]
				},
				{
					"name": "bone6",
					"parent": "bone5",
					"pivot": [-2, 23, -1],
					"rotation": [0, -20, 0],
					"cubes": [
						{
							"origin": [-1, 21, 0],
							"size": [3, 3, 1],
							"uv": {
								"north": {"uv": [21, 23], "uv_size": [3, 3]},
								"east": {"uv": [12, 21], "uv_size": [1, 3]},
								"south": {"uv": [0, 24], "uv_size": [3, 3]},
								"west": {"uv": [23, 26], "uv_size": [1, 3]},
								"up": {"uv": [25, 13], "uv_size": [3, 1]},
								"down": {"uv": [27, 6], "uv_size": [3, -1]}
							}
						},
						{
							"origin": [-2, 19, -2],
							"size": [1, 6, 2],
							"uv": {
								"north": {"uv": [6, 24], "uv_size": [1, 6]},
								"east": {"uv": [15, 17], "uv_size": [2, 6]},
								"south": {"uv": [7, 24], "uv_size": [1, 6]},
								"west": {"uv": [17, 17], "uv_size": [2, 6]},
								"up": {"uv": [28, 6], "uv_size": [1, 2]},
								"down": {"uv": [28, 10], "uv_size": [1, -2]}
							}
						},
						{
							"origin": [2, 19, -2],
							"size": [1, 6, 2],
							"uv": {
								"north": {"uv": [25, 5], "uv_size": [1, 6]},
								"east": {"uv": [0, 18], "uv_size": [2, 6]},
								"south": {"uv": [24, 25], "uv_size": [1, 6]},
								"west": {"uv": [2, 18], "uv_size": [2, 6]},
								"up": {"uv": [28, 10], "uv_size": [1, 2]},
								"down": {"uv": [12, 30], "uv_size": [1, -2]}
							}
						}
					]
				},
				{
					"name": "bone7",
					"parent": "bone6",
					"pivot": [-2, 20, -2],
					"cubes": [
						{
							"origin": [-2, 20, -3],
							"size": [5, 5, 2],
							"uv": {
								"north": {"uv": [8, 0], "uv_size": [5, 5]},
								"east": {"uv": [10, 21], "uv_size": [2, 5]},
								"south": {"uv": [8, 5], "uv_size": [5, 5]},
								"west": {"uv": [19, 21], "uv_size": [2, 5]},
								"up": {"uv": [21, 21], "uv_size": [5, 2]},
								"down": {"uv": [22, 16], "uv_size": [5, -2]}
							}
						}
					]
				},
				{
					"name": "bone8",
					"parent": "bone5",
					"pivot": [6, 23, 0],
					"rotation": [0, 10, 0],
					"cubes": [
						{
							"origin": [6, 21, 0],
							"size": [3, 3, 1],
							"uv": {
								"north": {"uv": [3, 24], "uv_size": [3, 3]},
								"east": {"uv": [27, 6], "uv_size": [1, 3]},
								"south": {"uv": [12, 24], "uv_size": [3, 3]},
								"west": {"uv": [27, 9], "uv_size": [1, 3]},
								"up": {"uv": [12, 27], "uv_size": [3, 1]},
								"down": {"uv": [27, 13], "uv_size": [3, -1]}
							}
						},
						{
							"origin": [9, 19, 0],
							"size": [1, 6, 1],
							"uv": {
								"north": {"uv": [25, 25], "uv_size": [1, 6]},
								"east": {"uv": [26, 5], "uv_size": [1, 6]},
								"south": {"uv": [8, 26], "uv_size": [1, 6]},
								"west": {"uv": [9, 26], "uv_size": [1, 6]},
								"up": {"uv": [28, 3], "uv_size": [1, 1]},
								"down": {"uv": [28, 14], "uv_size": [1, -1]}
							}
						},
						{
							"origin": [5, 19, -1],
							"size": [1, 6, 2],
							"uv": {
								"north": {"uv": [10, 26], "uv_size": [1, 6]},
								"east": {"uv": [4, 18], "uv_size": [2, 6]},
								"south": {"uv": [11, 26], "uv_size": [1, 6]},
								"west": {"uv": [6, 18], "uv_size": [2, 6]},
								"up": {"uv": [13, 28], "uv_size": [1, 2]},
								"down": {"uv": [14, 30], "uv_size": [1, -2]}
							}
						}
					]
				},
				{
					"name": "bone9",
					"parent": "bone8",
					"pivot": [5, 20, -1],
					"cubes": [
						{
							"origin": [5, 20, -2],
							"size": [5, 5, 2],
							"uv": {
								"north": {"uv": [8, 10], "uv_size": [5, 5]},
								"east": {"uv": [15, 23], "uv_size": [2, 5]},
								"south": {"uv": [13, 0], "uv_size": [5, 5]},
								"west": {"uv": [17, 23], "uv_size": [2, 5]},
								"up": {"uv": [23, 0], "uv_size": [5, 2]},
								"down": {"uv": [23, 4], "uv_size": [5, -2]}
							}
						}
					]
				}
			]
		}
	]
}