{
	"format_version": "1.12.0",
	"minecraft:geometry": [
		{
			"description": {
				"identifier": "geometry.r_page",
				"texture_width": 10,
				"texture_height": 10,
				"visible_bounds_width": 3,
				"visible_bounds_height": 3,
				"visible_bounds_offset": [0, 0.5, 0]
			},
			"bones": [
				{
					"name": "bone",
					"pivot": [0, 0, 0],
					"cubes": [
						{"origin": [-5, -8, -1], "size": [10, 16, 0], "pivot": [0, 0, 0], "rotation": [-84.4137, 1.2278, -0.35573], "uv": [0, 0]}
					]
				}
			]
		}
	]
}