{
  "format_version": "1.12.0",
  "minecraft:geometry": [
    {
      "description": {
        "identifier": "geometry.r_quil",
        "texture_width": 32,
        "texture_height": 32,
        "visible_bounds_width": 2,
        "visible_bounds_height": 2.5,
        "visible_bounds_offset": [
          0,
          0.75,
          0
        ]
      },
      "bones": [
        {
          "name": "bone",
          "cubes": [
            {
              "origin": [
                -4.0,
                0.0,
                -4.0
              ],
              "size": [
                8.0,
                3.0,
                8.0
              ],
              "uv": {
                "north": {
                  "uv": [
                    8,
                    12
                  ],
                  "uv_size": [
                    8,
                    3
                  ]
                },
                "east": {
                  "uv": [
                    14,
                    0
                  ],
                  "uv_size": [
                    8,
                    3
                  ]
                },
                "south": {
                  "uv": [
                    14,
                    3
                  ],
                  "uv_size": [
                    8,
                    3
                  ]
                },
                "west": {
                  "uv": [
                    14,
                    6
                  ],
                  "uv_size": [
                    8,
                    3
                  ]
                },
                "up": {
                  "uv": [
                    0,
                    0
                  ],
                  "uv_size": [
                    8,
                    8
                  ]
                },
                "down": {
                  "uv": [
                    0,
                    16
                  ],
                  "uv_size": [
                    8,
                    -8
                  ]
                }
              },
              "inflate": 0
            },
            {
              "origin": [
                -3.0,
                3.0,
                -3.0
              ],
              "size": [
                6.0,
                2.0,
                6.0
              ],
              "uv": {
                "north": {
                  "uv": [
                    14,
                    9
                  ],
                  "uv_size": [
                    6,
                    2
                  ]
                },
                "east": {
                  "uv": [
                    14,
                    15
                  ],
                  "uv_size": [
                    6,
                    2
                  ]
                },
                "south": {
                  "uv": [
                    0,
                    16
                  ],
                  "uv_size": [
                    6,
                    2
                  ]
                },
                "west": {
                  "uv": [
                    16,
                    11
                  ],
                  "uv_size": [
                    6,
                    2
                  ]
                },
                "up": {
                  "uv": [
                    8,
                    0
                  ],
                  "uv_size": [
                    6,
                    6
                  ]
                },
                "down": {
                  "uv": [
                    8,
                    12
                  ],
                  "uv_size": [
                    6,
                    -6
                  ]
                }
              },
              "inflate": 0
            },
            {
              "origin": [
                -1.0,
                5.0,
                -1.0
              ],
              "size": [
                1.0,
                3.0,
                1.0
              ],
              "pivot": [
                0.0,
                0.0,
                0.0
              ],
              "rotation": [
                -17.25002,
                -2.99318,
                -9.54589
              ],
              "uv": {
                "north": {
                  "uv": [
                    14,
                    17
                  ],
                  "uv_size": [
                    1,
                    3
                  ]
                },
                "east": {
                  "uv": [
                    15,
                    17
                  ],
                  "uv_size": [
                    1,
                    3
                  ]
                },
                "south": {
                  "uv": [
                    16,
                    17
                  ],
                  "uv_size": [
                    1,
                    3
                  ]
                },
                "west": {
                  "uv": [
                    17,
                    17
                  ],
                  "uv_size": [
                    1,
                    3
                  ]
                },
                "up": {
                  "uv": [
                    14,
                    11
                  ],
                  "uv_size": [
                    1,
                    1
                  ]
                },
                "down": {
                  "uv": [
                    15,
                    12
                  ],
                  "uv_size": [
                    1,
                    -1
                  ]
                }
              },
              "inflate": 0
            },
            {
              "origin": [
                -2.0,
                8.0,
                -1.0
              ],
              "size": [
                3.0,
                5.0,
                1.0
              ],
              "pivot": [
                0.0,
                0.0,
                0.0
              ],
              "rotation": [
                -17.25002,
                -2.99318,
                -9.54589
              ],
              "uv": {
                "north": {
                  "uv": [
                    8,
                    15
                  ],
                  "uv_size": [
                    3,
                    5
                  ]
                },
                "east": {
                  "uv": [
                    6,
                    16
                  ],
                  "uv_size": [
                    1,
                    5
                  ]
                },
                "south": {
                  "uv": [
                    11,
                    15
                  ],
                  "uv_size": [
                    3,
                    5
                  ]
                },
                "west": {
                  "uv": [
                    7,
                    16
                  ],
                  "uv_size": [
                    1,
                    5
                  ]
                },
                "up": {
                  "uv": [
                    16,
                    13
                  ],
                  "uv_size": [
                    3,
                    1
                  ]
                },
                "down": {
                  "uv": [
                    16,
                    15
                  ],
                  "uv_size": [
                    3,
                    -1
                  ]
                }
              },
              "inflate": 0
            },
            {
              "origin": [
                -2.0,
                13.0,
                -1.0
              ],
              "size": [
                1.0,
                2.0,
                1.0
              ],
              "pivot": [
                0.0,
                0.0,
                0.0
              ],
              "rotation": [
                -17.25002,
                -2.99318,
                -9.54589
              ],
              "uv": {
                "north": {
                  "uv": [
                    0,
                    18
                  ],
                  "uv_size": [
                    1,
                    2
                  ]
                },
                "east": {
                  "uv": [
                    1,
                    18
                  ],
                  "uv_size": [
                    1,
                    2
                  ]
                },
                "south": {
                  "uv": [
                    2,
                    18
                  ],
                  "uv_size": [
                    1,
                    2
                  ]
                },
                "west": {
                  "uv": [
                    3,
                    18
                  ],
                  "uv_size": [
                    1,
                    2
                  ]
                },
                "up": {
                  "uv": [
                    4,
                    18
                  ],
                  "uv_size": [
                    1,
                    1
                  ]
                },
                "down": {
                  "uv": [
                    5,
                    19
                  ],
                  "uv_size": [
                    1,
                    -1
                  ]
                }
              },
              "inflate": 0
            },
            {
              "origin": [
                -1.0,
                13.0,
                -1.0
              ],
              "size": [
                1.0,
                1.0,
                1.0
              ],
              "pivot": [
                0.0,
                0.0,
                0.0
              ],
              "rotation": [
                -17.25002,
                -2.99318,
                -9.54589
              ],
              "uv": {
                "north": {
                  "uv": [
                    18,
                    17
                  ],
                  "uv_size": [
                    1,
                    1
                  ]
                },
                "east": {
                  "uv": [
                    18,
                    18
                  ],
                  "uv_size": [
                    1,
                    1
                  ]
                },
                "south": {
                  "uv": [
                    4,
                    19
                  ],
                  "uv_size": [
                    1,
                    1
                  ]
                },
                "west": {
                  "uv": [
                    5,
                    19
                  ],
                  "uv_size": [
                    1,
                    1
                  ]
                },
                "up": {
                  "uv": [
                    19,
                    13
                  ],
                  "uv_size": [
                    1,
                    1
                  ]
                },
                "down": {
                  "uv": [
                    19,
                    15
                  ],
                  "uv_size": [
                    1,
                    -1
                  ]
                }
              },
              "inflate": 0
            }
          ]
        }
      ]
    }
  ]
}