{
  "format_version": "1.12.0",
  "minecraft:geometry": [
    {
      "description": {
        "identifier": "geometry.r_suitcase",
        "texture_width": 64,
        "texture_height": 64,
        "visible_bounds_width": 2,
        "visible_bounds_height": 1.5,
        "visible_bounds_offset": [
          0,
          0.25,
          0
        ]
      },
      "bones": [
        {
          "name": "bb_main",
          "cubes": [
            {
              "origin": [
                -8.0,
                0.0,
                -6.0
              ],
              "size": [
                16.0,
                3.0,
                12.0
              ],
              "uv": [
                0,
                0
              ],
              "inflate": 0
            },
            {
              "origin": [
                -4.0,
                1.5,
                -11.0
              ],
              "size": [
                8.0,
                0.0,
                5.0
              ],
              "uv": [
                0,
                15
              ],
              "inflate": 0
            }
          ]
        }
      ]
    }
  ]
}