{
	"format_version": "1.12.0",
	"minecraft:geometry": [
		{
			"description": {
				"identifier": "geometry.r_typewriter",
				"texture_width": 32,
				"texture_height": 32,
				"visible_bounds_width": 2,
				"visible_bounds_height": 2.5,
				"visible_bounds_offset": [0, 0.75, 0]
			},
			"bones": [
				{
					"name": "All",
					"pivot": [0, 0, 0],
					"rotation": [0, 180, 0]
				},
				{
					"name": "bone4",
					"parent": "All",
					"pivot": [5, 2, -1],
					"cubes": [
						{
							"origin": [5, 2, -1],
							"size": [1, 3, 4],
							"uv": {
								"north": {"uv": [16, 24], "uv_size": [1, 3]},
								"east": {"uv": [16, 20], "uv_size": [4, 3]},
								"south": {"uv": [17, 24], "uv_size": [1, 3]},
								"west": {"uv": [20, 20], "uv_size": [4, 3]},
								"up": {"uv": [8, 24], "uv_size": [1, 4]},
								"down": {"uv": [9, 28], "uv_size": [1, -4]}
							}
						},
						{
							"origin": [5, 2, -4],
							"size": [1, 2, 3],
							"uv": {
								"north": {"uv": [23, 24], "uv_size": [1, 2]},
								"east": {"uv": [6, 22], "uv_size": [3, 2]},
								"south": {"uv": [24, 24], "uv_size": [1, 2]},
								"west": {"uv": [9, 22], "uv_size": [3, 2]},
								"up": {"uv": [18, 24], "uv_size": [1, 3]},
								"down": {"uv": [19, 27], "uv_size": [1, -3]}
							}
						},
						{
							"origin": [5, 2, -5],
							"size": [1, 1, 1],
							"uv": {
								"north": {"uv": [15, 22], "uv_size": [1, 1]},
								"east": {"uv": [24, 6], "uv_size": [1, 1]},
								"south": {"uv": [2, 25], "uv_size": [1, 1]},
								"west": {"uv": [3, 25], "uv_size": [1, 1]},
								"up": {"uv": [25, 6], "uv_size": [1, 1]},
								"down": {"uv": [25, 19], "uv_size": [1, -1]}
							}
						}
					]
				},
				{
					"name": "bone3",
					"parent": "All",
					"pivot": [-5, 2, -1],
					"cubes": [
						{
							"origin": [-6, 2, -1],
							"size": [1, 3, 4],
							"uv": {
								"north": {"uv": [20, 24], "uv_size": [1, 3]},
								"east": {"uv": [0, 22], "uv_size": [4, 3]},
								"south": {"uv": [24, 20], "uv_size": [1, 3]},
								"west": {"uv": [22, 0], "uv_size": [4, 3]},
								"up": {"uv": [10, 24], "uv_size": [1, 4]},
								"down": {"uv": [11, 28], "uv_size": [1, -4]}
							}
						},
						{
							"origin": [-6, 2, -4],
							"size": [1, 2, 3],
							"uv": {
								"north": {"uv": [0, 25], "uv_size": [1, 2]},
								"east": {"uv": [12, 22], "uv_size": [3, 2]},
								"south": {"uv": [1, 25], "uv_size": [1, 2]},
								"west": {"uv": [22, 18], "uv_size": [3, 2]},
								"up": {"uv": [21, 24], "uv_size": [1, 3]},
								"down": {"uv": [22, 27], "uv_size": [1, -3]}
							}
						},
						{
							"origin": [-6, 2, -5],
							"size": [1, 1, 1],
							"uv": {
								"north": {"uv": [25, 19], "uv_size": [1, 1]},
								"east": {"uv": [25, 20], "uv_size": [1, 1]},
								"south": {"uv": [25, 21], "uv_size": [1, 1]},
								"west": {"uv": [25, 22], "uv_size": [1, 1]},
								"up": {"uv": [25, 24], "uv_size": [1, 1]},
								"down": {"uv": [25, 26], "uv_size": [1, -1]}
							}
						}
					]
				},
				{
					"name": "bone2",
					"parent": "All",
					"pivot": [0, 2, 1],
					"cubes": [
						{
							"origin": [-5, 2, 1],
							"size": [10, 4, 2],
							"uv": {
								"north": {"uv": [12, 0], "uv_size": [10, 4]},
								"east": {"uv": [22, 3], "uv_size": [2, 4]},
								"south": {"uv": [12, 4], "uv_size": [10, 4]},
								"west": {"uv": [4, 22], "uv_size": [2, 4]},
								"up": {"uv": [18, 8], "uv_size": [10, 2]},
								"down": {"uv": [18, 12], "uv_size": [10, -2]}
							}
						},
						{
							"origin": [-5, 2, -1],
							"size": [10, 2, 2],
							"uv": {
								"north": {"uv": [12, 18], "uv_size": [10, 2]},
								"east": {"uv": [12, 24], "uv_size": [2, 2]},
								"south": {"uv": [18, 12], "uv_size": [10, 2]},
								"west": {"uv": [14, 24], "uv_size": [2, 2]},
								"up": {"uv": [18, 14], "uv_size": [10, 2]},
								"down": {"uv": [18, 18], "uv_size": [10, -2]}
							}
						},
						{
							"origin": [-4, 4, 0],
							"size": [1, 1, 1],
							"uv": {
								"north": {"uv": [26, 0], "uv_size": [1, 1]},
								"east": {"uv": [26, 1], "uv_size": [1, 1]},
								"south": {"uv": [2, 26], "uv_size": [1, 1]},
								"west": {"uv": [26, 2], "uv_size": [1, 1]},
								"up": {"uv": [3, 26], "uv_size": [1, 1]},
								"down": {"uv": [4, 27], "uv_size": [1, -1]}
							}
						},
						{
							"origin": [3, 4, 0],
							"size": [1, 1, 1],
							"uv": {
								"north": {"uv": [5, 26], "uv_size": [1, 1]},
								"east": {"uv": [26, 6], "uv_size": [1, 1]},
								"south": {"uv": [12, 26], "uv_size": [1, 1]},
								"west": {"uv": [13, 26], "uv_size": [1, 1]},
								"up": {"uv": [14, 26], "uv_size": [1, 1]},
								"down": {"uv": [15, 27], "uv_size": [1, -1]}
							}
						},
						{
							"origin": [-3, 5, 0],
							"size": [6, 1, 1],
							"uv": {
								"north": {"uv": [22, 7], "uv_size": [6, 1]},
								"east": {"uv": [26, 18], "uv_size": [1, 1]},
								"south": {"uv": [15, 23], "uv_size": [6, 1]},
								"west": {"uv": [26, 19], "uv_size": [1, 1]},
								"up": {"uv": [21, 23], "uv_size": [6, 1]},
								"down": {"uv": [24, 4], "uv_size": [6, -1]}
							}
						},
						{
							"origin": [-3, 4, 1],
							"size": [6, 5, 1],
							"pivot": [0, 2, 1],
							"rotation": [-10, 0, 0],
							"uv": {
								"north": {"uv": [12, 8], "uv_size": [6, 5]},
								"east": {"uv": [6, 24], "uv_size": [1, 5]},
								"south": {"uv": [12, 13], "uv_size": [6, 5]},
								"west": {"uv": [7, 24], "uv_size": [1, 5]},
								"up": {"uv": [24, 4], "uv_size": [6, 1]},
								"down": {"uv": [24, 6], "uv_size": [6, -1]}
							}
						}
					]
				},
				{
					"name": "bone",
					"parent": "All",
					"pivot": [0, 0, 0],
					"cubes": [
						{
							"origin": [-6, 0, -5],
							"size": [12, 2, 8],
							"uv": {
								"north": {"uv": [0, 16], "uv_size": [12, 2]},
								"east": {"uv": [0, 20], "uv_size": [8, 2]},
								"south": {"uv": [0, 18], "uv_size": [12, 2]},
								"west": {"uv": [8, 20], "uv_size": [8, 2]},
								"up": {"uv": [0, 0], "uv_size": [12, 8]},
								"down": {"uv": [0, 16], "uv_size": [12, -8]}
							}
						},
						{
							"origin": [-5, 2, -2],
							"size": [1, 1, 1],
							"uv": {
								"north": {"uv": [0, 16], "uv_size": [12, 2]},
								"east": {"uv": [0, 20], "uv_size": [8, 2]},
								"south": {"uv": [0, 18], "uv_size": [12, 2]},
								"west": {"uv": [8, 20], "uv_size": [8, 2]},
								"up": {"uv": [0, 0], "uv_size": [12, 8]},
								"down": {"uv": [0, 16], "uv_size": [12, -8]}
							}
						},
						{
							"origin": [-3, 2, -2],
							"size": [1, 1, 1],
							"uv": {
								"north": {"uv": [0, 16], "uv_size": [12, 2]},
								"east": {"uv": [0, 20], "uv_size": [8, 2]},
								"south": {"uv": [0, 18], "uv_size": [12, 2]},
								"west": {"uv": [8, 20], "uv_size": [8, 2]},
								"up": {"uv": [0, 0], "uv_size": [12, 8]},
								"down": {"uv": [0, 16], "uv_size": [12, -8]}
							}
						},
						{
							"origin": [-1, 2, -2],
							"size": [1, 1, 1],
							"uv": {
								"north": {"uv": [0, 16], "uv_size": [12, 2]},
								"east": {"uv": [0, 20], "uv_size": [8, 2]},
								"south": {"uv": [0, 18], "uv_size": [12, 2]},
								"west": {"uv": [8, 20], "uv_size": [8, 2]},
								"up": {"uv": [0, 0], "uv_size": [12, 8]},
								"down": {"uv": [0, 16], "uv_size": [12, -8]}
							}
						},
						{
							"origin": [1, 2, -2],
							"size": [1, 1, 1],
							"uv": {
								"north": {"uv": [0, 16], "uv_size": [12, 2]},
								"east": {"uv": [0, 20], "uv_size": [8, 2]},
								"south": {"uv": [0, 18], "uv_size": [12, 2]},
								"west": {"uv": [8, 20], "uv_size": [8, 2]},
								"up": {"uv": [0, 0], "uv_size": [12, 8]},
								"down": {"uv": [0, 16], "uv_size": [12, -8]}
							}
						},
						{
							"origin": [1, 2, -4],
							"size": [1, 1, 1],
							"uv": {
								"north": {"uv": [0, 16], "uv_size": [12, 2]},
								"east": {"uv": [0, 20], "uv_size": [8, 2]},
								"south": {"uv": [0, 18], "uv_size": [12, 2]},
								"west": {"uv": [8, 20], "uv_size": [8, 2]},
								"up": {"uv": [0, 0], "uv_size": [12, 8]},
								"down": {"uv": [0, 16], "uv_size": [12, -8]}
							}
						},
						{
							"origin": [-1, 2, -4],
							"size": [1, 1, 1],
							"uv": {
								"north": {"uv": [0, 16], "uv_size": [12, 2]},
								"east": {"uv": [0, 20], "uv_size": [8, 2]},
								"south": {"uv": [0, 18], "uv_size": [12, 2]},
								"west": {"uv": [8, 20], "uv_size": [8, 2]},
								"up": {"uv": [0, 0], "uv_size": [12, 8]},
								"down": {"uv": [0, 16], "uv_size": [12, -8]}
							}
						},
						{
							"origin": [-3, 2, -4],
							"size": [1, 1, 1],
							"uv": {
								"north": {"uv": [0, 16], "uv_size": [12, 2]},
								"east": {"uv": [0, 20], "uv_size": [8, 2]},
								"south": {"uv": [0, 18], "uv_size": [12, 2]},
								"west": {"uv": [8, 20], "uv_size": [8, 2]},
								"up": {"uv": [0, 0], "uv_size": [12, 8]},
								"down": {"uv": [0, 16], "uv_size": [12, -8]}
							}
						},
						{
							"origin": [-5, 2, -4],
							"size": [1, 1, 1],
							"uv": {
								"north": {"uv": [0, 16], "uv_size": [12, 2]},
								"east": {"uv": [0, 20], "uv_size": [8, 2]},
								"south": {"uv": [0, 18], "uv_size": [12, 2]},
								"west": {"uv": [8, 20], "uv_size": [8, 2]},
								"up": {"uv": [0, 0], "uv_size": [12, 8]},
								"down": {"uv": [0, 16], "uv_size": [12, -8]}
							}
						},
						{
							"origin": [3, 2, -4],
							"size": [1, 1, 1],
							"uv": {
								"north": {"uv": [0, 16], "uv_size": [12, 2]},
								"east": {"uv": [0, 20], "uv_size": [8, 2]},
								"south": {"uv": [0, 18], "uv_size": [12, 2]},
								"west": {"uv": [8, 20], "uv_size": [8, 2]},
								"up": {"uv": [0, 0], "uv_size": [12, 8]},
								"down": {"uv": [0, 16], "uv_size": [12, -8]}
							}
						},
						{
							"origin": [3, 2, -2],
							"size": [1, 1, 1],
							"uv": {
								"north": {"uv": [0, 16], "uv_size": [12, 2]},
								"east": {"uv": [0, 20], "uv_size": [8, 2]},
								"south": {"uv": [0, 18], "uv_size": [12, 2]},
								"west": {"uv": [8, 20], "uv_size": [8, 2]},
								"up": {"uv": [0, 0], "uv_size": [12, 8]},
								"down": {"uv": [0, 16], "uv_size": [12, -8]}
							}
						}
					]
				}
			]
		}
	]
}