{
	"format_version": "1.12.0",
	"minecraft:geometry": [
		{
			"description": {
				"identifier": "geometry.r_wooden_wall",
				"texture_width": 64,
				"texture_height": 64,
				"visible_bounds_width": 2,
				"visible_bounds_height": 2.5,
				"visible_bounds_offset": [0, 0.75, 0]
			},
			"bones": [
				{
					"name": "bone",
					"pivot": [0, 0, -1],
					"rotation": [0, 180, 0],
					"cubes": [
						{"origin": [-8, 0, -2], "size": [16, 23, 2], "uv": [0, 0]}
					]
				},
				{
					"name": "bone2",
					"parent": "bone",
					"pivot": [0, 0, 6],
					"rotation": [20, 0, 0],
					"cubes": [
						{"origin": [-3, 1, 3], "size": [6, 11, 2], "uv": [0, 25]}
					]
				}
			]
		}
	]
}