{
	"format_version": "1.12.0",
	"minecraft:geometry": [
		{
			"description": {
				"identifier": "geometry.red_ambush",
				"texture_width": 64,
				"texture_height": 64,
				"visible_bounds_width": 5,
				"visible_bounds_height": 6,
				"visible_bounds_offset": [0, 2, 0]
			},
			"bones": [
				{
					"name": "bb_main",
					"pivot": [0, 0, 0],
					"cubes": [
						{"origin": [-25, 0, -4], "size": [47, 57, 0], "uv": [0, 0]}
					],
					"locators": {
						"reds": [0, 31, 3]
					}
				}
			]
		}
	]
}