{
	"format_version": "1.12.0",
	"minecraft:geometry": [
		{
			"description": {
				"identifier": "geometry.rush",
				"texture_width": 64,
				"texture_height": 64,
				"visible_bounds_width": 4,
				"visible_bounds_height": 4,
				"visible_bounds_offset": [0, 1, 0]
			},
			"bones": [
				{
					"name": "All",
					"pivot": [-1, 17, 0]
				},
				{
					"name": "bb_main",
					"parent": "All",
					"pivot": [0, 0, 0],
					"cubes": [
						{"origin": [-15, 13, -1], "size": [30, 19, 1], "uv": [0, 0]},
						{"origin": [-15, 13, 0], "size": [30, 19, 1], "uv": [0, 0]}
					],
					"locators": {
						"smoke": [0, 15, 1]
					}
				},
				{
					"name": "bone",
					"parent": "bb_main",
					"pivot": [10, 22, 0],
					"cubes": [
						{"origin": [9, 22, -1], "size": [1, 4, 2], "uv": [43, 8]}
					]
				},
				{
					"name": "bone2",
					"parent": "bb_main",
					"pivot": [9, 26, 0],
					"cubes": [
						{"origin": [8, 26, -1], "size": [1, 2, 2], "uv": [46, 8]}
					]
				},
				{
					"name": "bone3",
					"parent": "bb_main",
					"pivot": [8, 27, 0],
					"cubes": [
						{"origin": [7, 27, -1], "size": [1, 2, 2], "uv": [11, 51]}
					]
				},
				{
					"name": "bone4",
					"parent": "bb_main",
					"pivot": [7, 29, 0],
					"cubes": [
						{"origin": [6, 29, -1], "size": [1, 1, 2], "uv": [42, 8]}
					]
				},
				{
					"name": "bone5",
					"parent": "bb_main",
					"pivot": [6, 30, 0],
					"cubes": [
						{"origin": [4, 30, -1], "size": [2, 1, 2], "uv": [10, 58]},
						{"origin": [-1, 30, -1], "size": [5, 1, 2], "uv": [0, 47]},
						{"origin": [-7, 30, -1], "size": [6, 1, 2], "uv": [34, 58]}
					]
				},
				{
					"name": "bone6",
					"parent": "bb_main",
					"pivot": [4, 29, 0],
					"cubes": [
						{"origin": [-8, 29, -1], "size": [1, 1, 2], "uv": [42, 11]}
					]
				},
				{
					"name": "bone7",
					"parent": "bb_main",
					"pivot": [4, 28, 0],
					"cubes": [
						{"origin": [-9, 28, -1], "size": [2, 1, 2], "uv": [43, 9]}
					]
				},
				{
					"name": "bone8",
					"parent": "bb_main",
					"pivot": [2, 26, 0],
					"cubes": [
						{"origin": [-10, 26, -1], "size": [1, 2, 2], "uv": [45, 7]}
					]
				},
				{
					"name": "bone9",
					"parent": "bb_main",
					"pivot": [1, 25, 0],
					"cubes": [
						{"origin": [-11, 25, -1], "size": [1, 2, 2], "uv": [45, 7]}
					]
				},
				{
					"name": "bone10",
					"parent": "bb_main",
					"pivot": [0, 23, 0],
					"cubes": [
						{"origin": [-12, 23, -1], "size": [1, 2, 2], "uv": [43, 8]}
					]
				},
				{
					"name": "bone11",
					"parent": "bb_main",
					"pivot": [-1, 21, 0],
					"cubes": [
						{"origin": [-13, 20, -1], "size": [1, 3, 2], "uv": [35, 41]}
					]
				},
				{
					"name": "bone12",
					"parent": "bb_main",
					"pivot": [0, 18, 0],
					"cubes": [
						{"origin": [-12, 16, -1], "size": [1, 4, 2], "uv": [34, 40]}
					]
				},
				{
					"name": "bone13",
					"parent": "bb_main",
					"pivot": [0, 14, 0],
					"cubes": [
						{"origin": [-12, 12, -1], "size": [1, 4, 2], "uv": [35, 40]}
					]
				},
				{
					"name": "bone23",
					"parent": "bb_main",
					"pivot": [23, 16, 0],
					"cubes": [
						{"origin": [10, 17, -1], "size": [1, 5, 2], "uv": [35, 38]}
					]
				},
				{
					"name": "bb_main2",
					"parent": "All",
					"pivot": [0, 14, 0],
					"cubes": [
						{"origin": [-15, -3, -1], "size": [30, 17, 1], "uv": [0, 19]},
						{"origin": [-15, -3, 0], "size": [30, 17, 1], "uv": [0, 19]}
					]
				},
				{
					"name": "bone14",
					"parent": "bb_main2",
					"pivot": [1, 10, 0],
					"cubes": [
						{"origin": [-11, 9, -1], "size": [1, 3, 2], "uv": [35, 40]}
					]
				},
				{
					"name": "bone15",
					"parent": "bb_main2",
					"pivot": [2, 8, 0],
					"cubes": [
						{"origin": [-10, 8, -1], "size": [1, 2, 2], "uv": [36, 41]}
					]
				},
				{
					"name": "bone16",
					"parent": "bb_main2",
					"pivot": [3, 8, 0],
					"cubes": [
						{"origin": [-9, 8, -1], "size": [1, 1, 2], "uv": [35, 41]}
					]
				},
				{
					"name": "bone17",
					"parent": "bb_main2",
					"pivot": [4, 7, 0],
					"cubes": [
						{"origin": [-9, 7, -1], "size": [14, 1, 2], "uv": [32, 43]}
					]
				},
				{
					"name": "bone18",
					"parent": "bb_main2",
					"pivot": [18, 7, 0],
					"cubes": [
						{"origin": [5, 7, -1], "size": [1, 1, 2], "uv": [35, 41]}
					]
				},
				{
					"name": "bone19",
					"parent": "bb_main2",
					"pivot": [19, 8, 0],
					"cubes": [
						{"origin": [6, 8, -1], "size": [1, 1, 2], "uv": [35, 41]}
					]
				},
				{
					"name": "bone20",
					"parent": "bb_main2",
					"pivot": [20, 9, 0],
					"cubes": [
						{"origin": [7, 9, -1], "size": [1, 1, 2], "uv": [35, 42]}
					]
				},
				{
					"name": "bone21",
					"parent": "bb_main2",
					"pivot": [21, 10, 0],
					"cubes": [
						{"origin": [8, 10, -1], "size": [1, 1, 2], "uv": [36, 41]}
					]
				},
				{
					"name": "bone22",
					"parent": "bb_main2",
					"pivot": [22, 11, 0],
					"cubes": [
						{"origin": [9, 11, -1], "size": [1, 6, 2], "uv": [35, 39]}
					]
				}
			]
		}
	]
}