{
	"format_version": "1.12.0",
	"minecraft:geometry": [
		{
			"description": {
				"identifier": "geometry.seek",
				"texture_width": 93,
				"texture_height": 64,
				"visible_bounds_width": 4,
				"visible_bounds_height": 4,
				"visible_bounds_offset": [0, 1, 0]
			},
			"bones": [
				{
					"name": "bone",
					"pivot": [0, 0, 0]
				},
				{
					"name": "Slime",
					"parent": "bone",
					"pivot": [0, 0, 0],
					"cubes": [
						{"origin": [-18, 0, -18], "size": [36, 0, 36], "uv": [-15, 28]},
						{"origin": [-16, 0, -16], "size": [32, 0, 17], "pivot": [0, 0, -16], "rotation": [15, 0, 0], "uv": [13, 48]},
						{"origin": [-16, 0, -1], "size": [32, 0, 17], "pivot": [0, 0, 16], "rotation": [-15, 0, 0], "uv": [32, 52]},
						{"origin": [-16, 0, -16], "size": [17, 0, 32], "pivot": [-16, 0, 0], "rotation": [0, 0, -15], "uv": [25, 1]},
						{"origin": [-1, 0, -16], "size": [17, 0, 32], "pivot": [16, 0, 0], "rotation": [0, 0, 15], "uv": [29, 1]}
					]
				},
				{
					"name": "Leg2",
					"parent": "bone",
					"pivot": [2, 18, 0],
					"cubes": [
						{"origin": [0.5, 9, -2], "size": [3, 9, 4], "uv": [42, 40]}
					]
				},
				{
					"name": "Shin2",
					"parent": "Leg2",
					"pivot": [2, 9, 0],
					"cubes": [
						{"origin": [0.5, 0, -2], "size": [3, 9, 4], "uv": [42, 40]},
						{"origin": [0.5, 0, -3], "size": [3, 1, 1], "uv": [0, 0]}
					]
				},
				{
					"name": "Leg1",
					"parent": "bone",
					"pivot": [-2, 18, 0],
					"cubes": [
						{"origin": [-3.5, 9, -2], "size": [3, 9, 4], "uv": [42, 40]}
					]
				},
				{
					"name": "Shin1",
					"parent": "Leg1",
					"pivot": [-2, 9, 0],
					"cubes": [
						{"origin": [-3.5, 0, -2], "size": [3, 9, 4], "uv": [42, 40]},
						{"origin": [-3.5, 0, -3], "size": [3, 1, 1], "uv": [0, 0]}
					]
				},
				{
					"name": "Body",
					"parent": "bone",
					"pivot": [0, 18, 0],
					"cubes": [
						{"origin": [-3.5, 18, -2], "size": [7, 7, 4], "uv": [0, 27]},
						{"origin": [-4, 25, -2], "size": [8, 5, 4], "uv": [0, 18]}
					]
				},
				{
					"name": "Arm2",
					"parent": "bone",
					"pivot": [4, 28, 0],
					"cubes": [
						{"origin": [4, 20, -2], "size": [3, 10, 4], "uv": [0, 27]}
					]
				},
				{
					"name": "Forearm2",
					"parent": "Arm2",
					"pivot": [5.5, 20, 0],
					"cubes": [
						{"origin": [4, 10, -2], "size": [3, 10, 4], "uv": [18, 34]}
					]
				},
				{
					"name": "Arm1",
					"parent": "bone",
					"pivot": [-4, 28, 0],
					"cubes": [
						{"origin": [-7, 20, -2], "size": [3, 10, 4], "uv": [0, 27]}
					]
				},
				{
					"name": "Forearm1",
					"parent": "Arm1",
					"pivot": [-5.5, 20, 0],
					"cubes": [
						{"origin": [-7, 10, -2], "size": [3, 10, 4], "uv": [0, 38]}
					]
				},
				{
					"name": "Head",
					"parent": "bone",
					"pivot": [0, 30, 0],
					"cubes": [
						{"origin": [-4, 30, -4], "size": [8, 10, 8], "uv": [0, 0]}
					]
				},
				{
					"name": "Eye",
					"parent": "Head",
					"pivot": [0, 35, -4.1],
					"cubes": [
						{"origin": [-4.5, 32.5, -4.1], "size": [9, 5, 0], "uv": [46, 0]}
					]
				}
			]
		}
	]
}