{
	"format_version": "1.12.0",
	"minecraft:geometry": [
		{
			"description": {
				"identifier": "geometry.seek_bad",
				"texture_width": 128,
				"texture_height": 128,
				"visible_bounds_width": 4,
				"visible_bounds_height": 5,
				"visible_bounds_offset": [0, 1.5, 0]
			},
			"bones": [
				{
					"name": "all",
					"pivot": [1, 12, 0],
					"rotation": [179.9646, -0.01835, 179.70049]
				},
				{
					"name": "leg1",
					"parent": "all",
					"pivot": [1, 17, 0],
					"cubes": [
						{"origin": [-6, 0, -4], "size": [9, 17, 10], "uv": [38, 62]}
					]
				},
				{
					"name": "leg2",
					"parent": "all",
					"pivot": [8, 16, 0],
					"cubes": [
						{"origin": [3, 0, -4], "size": [9, 17, 10], "uv": [0, 62]}
					]
				},
				{
					"name": "body",
					"parent": "all",
					"pivot": [4, 17, 0],
					"cubes": [
						{"origin": [-6, 17, -4], "size": [18, 21, 10], "uv": [0, 0]}
					]
				},
				{
					"name": "bhead",
					"parent": "body",
					"pivot": [4, 38, 0],
					"cubes": [
						{"origin": [-3, 38, -4], "size": [12, 13, 10], "uv": [56, 0]}
					]
				},
				{
					"name": "arm2",
					"parent": "body",
					"pivot": [13, 38, 0],
					"cubes": [
						{"origin": [12, 17, -4], "size": [9, 21, 10], "uv": [0, 31]}
					]
				},
				{
					"name": "arm1",
					"parent": "body",
					"pivot": [-6, 38, 0],
					"cubes": [
						{"origin": [-15, 17, -4], "size": [9, 21, 10], "uv": [38, 31]}
					]
				}
			]
		}
	]
}