{
	"format_version": "1.12.0",
	"minecraft:geometry": [
		{
			"description": {
				"identifier": "geometry.seek_eye",
				"texture_width": 93,
				"texture_height": 64,
				"visible_bounds_width": 4,
				"visible_bounds_height": 4,
				"visible_bounds_offset": [0, 1, 0]
			},
			"bones": [
				{
					"name": "bone",
					"pivot": [0, 4, 0]
				},
				{
					"name": "Eye",
					"parent": "bone",
					"pivot": [0, 13, -4.1],
					"cubes": [
						{"origin": [-4.5, 10.5, -4.1], "size": [9, 5, 0], "uv": [46, 0]}
					]
				},
				{
					"name": "eyeball",
					"parent": "Eye",
					"pivot": [0, 12, -4],
					"cubes": [
						{"origin": [-1, 12, -5], "size": [2, 2, 1], "uv": [0, 0]}
					]
				},
				{
					"name": "body",
					"parent": "bone",
					"pivot": [0, 11, -3],
					"cubes": [
						{"origin": [-5, 10, -4], "size": [10, 6, 2], "uv": [0, 0]},
						{"origin": [-3, 16, -4], "size": [1, 5, 1], "pivot": [0, 11, -3], "rotation": [0, 0, -22.5], "uv": [0, 0]},
						{"origin": [-3, 14, -4], "size": [1, 5, 1], "pivot": [0, 11, -3], "rotation": [0, 0, 30], "uv": [0, 0]},
						{"origin": [-4, 4, -4], "size": [1, 5, 1], "pivot": [0, 11, -3], "rotation": [0, 0, 45], "uv": [0, 0]},
						{"origin": [-6, 5, -4], "size": [1, 5, 1], "pivot": [0, 11, -3], "rotation": [0, 0, -115], "uv": [0, 0]},
						{"origin": [0, 5, -4], "size": [1, 5, 1], "pivot": [0, 11, -3], "rotation": [0, 0, -35], "uv": [0, 0]},
						{"origin": [-9, 4, -4], "size": [5, 1, 1], "pivot": [0, 11, -3], "rotation": [0, 0, 37.5], "uv": [0, 0]},
						{"origin": [-9, 10, -4], "size": [1, 5, 1], "pivot": [0, 11, -3], "rotation": [0, 0, 110], "uv": [0, 0]},
						{"origin": [10, 11, -4], "size": [1, 4, 1], "pivot": [0, 11, -3], "rotation": [0, 0, -122.5], "uv": [0, 0]},
						{"origin": [1, 15, -4], "size": [1, 5, 1], "pivot": [0, 11, -3], "rotation": [0, 0, 55], "uv": [0, 0]},
						{"origin": [-9, 14, -4], "size": [1, 5, 1], "pivot": [0, 11, -3], "rotation": [0, 0, 130], "uv": [0, 0]}
					]
				},
				{
					"name": "eye_lash",
					"parent": "body",
					"pivot": [0, 15, -4],
					"cubes": [
						{"origin": [-4, 14, -5], "size": [8, 2, 1], "uv": [0, 0]}
					]
				},
				{
					"name": "eye_lash2",
					"parent": "body",
					"pivot": [0, 15, -4],
					"cubes": [
						{"origin": [-4, 10, -5], "size": [8, 2, 1], "uv": [0, 0]}
					]
				}
			]
		}
	]
}