{
	"format_version": "1.10.0",
	"geometry.steve_resistance": {
		"texturewidth": 64,
		"textureheight": 64,
		"visible_bounds_width": 2,
		"visible_bounds_height": 5.5,
		"visible_bounds_offset": [0, 1.25, 0],
		"bones": [
			{
				"name": "body",
				"pivot": [0, 15, 0],
				"cubes": [
					{"origin": [-4, 12, -2], "size": [8, 12, 4], "uv": [16, 16]}
				]
			},
			{
				"name": "head",
				"parent": "body",
				"pivot": [0, 24, 0],
				"cubes": [
					{"origin": [-4, 24, -4], "size": [8, 8, 8], "uv": [0, 0]}
				]
			},
			{
				"name": "mask",
				"parent": "head",
				"pivot": [0, 24, 0],
				"cubes": [
					{"origin": [-4, 24, -4], "size": [8, 8, 8], "uv": [32, 0], "inflate": 0.5}
				]
			},
			{
				"name": "rightArm",
				"parent": "body",
				"pivot": [-5, 23, 0],
				"cubes": [
					{"origin": [-8, 18, -2], "size": [4, 6, 4], "uv": [32, 48]}
				]
			},
			{
				"name": "rightHand",
				"parent": "rightArm",
				"pivot": [-6, 18, 0],
				"cubes": [
					{"origin": [-8, 12, -2], "size": [4, 6, 4], "uv": [40, 22]}
				]
			},
			{
				"name": "leftArm",
				"parent": "body",
				"pivot": [5, 23, 0],
				"mirror": true,
				"cubes": [
					{"origin": [4, 18, -2], "size": [4, 6, 4], "uv": [32, 48], "mirror": false}
				]
			},
			{
				"name": "leftHand",
				"parent": "leftArm",
				"pivot": [5, 18, 0],
				"cubes": [
					{"origin": [4, 12, -2], "size": [4, 6, 4], "uv": [40, 22]}
				]
			},
			{
				"name": "crowbar",
				"parent": "leftHand",
				"pivot": [5, 18, 0]
			},
			{
				"name": "crowbar_back",
				"parent": "crowbar",
				"pivot": [5, 16, 5],
				"rotation": [20, 0, 0]
			},
			{
				"name": "rightLeg",
				"parent": "body",
				"pivot": [-1.9, 12, 0],
				"cubes": [
					{"origin": [-3.9, 6, -2], "size": [4, 6, 4], "uv": [0, 17]}
				]
			},
			{
				"name": "rightFoot",
				"parent": "rightLeg",
				"pivot": [0, 0, 0],
				"cubes": [
					{"origin": [-3.9, 0, -2], "size": [4, 6, 4], "uv": [16, 54]}
				]
			},
			{
				"name": "leftLeg",
				"parent": "body",
				"pivot": [1.9, 12, 0],
				"mirror": true,
				"cubes": [
					{"origin": [-0.1, 6, -2], "size": [4, 6, 4], "uv": [0, 17], "mirror": false}
				]
			},
			{
				"name": "leftFoot",
				"parent": "leftLeg",
				"pivot": [0, 0, 0],
				"cubes": [
					{"origin": [-0.1, 0, -2], "size": [4, 6, 4], "uv": [16, 54]}
				]
			}
		]
	}
}