{
	"format_version": "1.12.0",
	"minecraft:geometry": [
		{
			"description": {
				"identifier": "geometry.timothy",
				"texture_width": 32,
				"texture_height": 32,
				"visible_bounds_width": 2,
				"visible_bounds_height": 1.5,
				"visible_bounds_offset": [0, 0.25, 0]
			},
			"bones": [
				{
					"name": "ALL",
					"pivot": [0, 0, 0]
				},
				{
					"name": "bone",
					"parent": "ALL",
					"pivot": [0, 1, 0],
					"cubes": [
						{
							"origin": [-2, 0, -1],
							"size": [4, 4, 5],
							"uv": {
								"north": {"uv": [5, 5], "uv_size": [4, 4]},
								"east": {"uv": [0, 5], "uv_size": [5, 4]},
								"south": {"uv": [14, 5], "uv_size": [4, 4]},
								"west": {"uv": [9, 5], "uv_size": [5, 4]},
								"up": {"uv": [5, 0], "uv_size": [4, 5]},
								"down": {"uv": [9, 5], "uv_size": [4, -5]}
							}
						}
					]
				},
				{
					"name": "bone2",
					"parent": "ALL",
					"pivot": [0, 1, -1],
					"cubes": [
						{
							"origin": [-1.5, 0, -4],
							"size": [3, 2, 3],
							"uv": {
								"north": {"uv": [3, 12], "uv_size": [3, 2]},
								"east": {"uv": [0, 12], "uv_size": [3, 2]},
								"south": {"uv": [9, 12], "uv_size": [3, 2]},
								"west": {"uv": [6, 12], "uv_size": [3, 2]},
								"up": {"uv": [3, 9], "uv_size": [3, 3]},
								"down": {"uv": [6, 12], "uv_size": [3, -3]}
							}
						}
					]
				},
				{
					"name": "bone6",
					"parent": "bone2",
					"pivot": [0.5, 1.25, -4],
					"rotation": [0, 0, -5],
					"cubes": [
						{
							"origin": [0.25, 1, -4.25],
							"size": [0.5, 0.5, 0.5],
							"pivot": [0.5, 1.25, -4],
							"rotation": [25, 0, 0],
							"uv": {
								"north": {"uv": [32, 32], "uv_size": [-4, -2]},
								"east": {"uv": [32, 28], "uv_size": [-5, 4]},
								"south": {"uv": [28, 30], "uv_size": [4, -2]},
								"west": {"uv": [32, 30], "uv_size": [-1, 2]},
								"up": {"uv": [29, 28], "uv_size": [3, 4]},
								"down": {"uv": [28, 28], "uv_size": [2, 2]}
							}
						}
					]
				},
				{
					"name": "bone5",
					"parent": "bone2",
					"pivot": [-0.5, 1.25, -4],
					"rotation": [0, 0, 5],
					"cubes": [
						{
							"origin": [-0.75, 1, -4.25],
							"size": [0.5, 0.5, 0.5],
							"pivot": [-0.5, 1.25, -4],
							"rotation": [25, 0, 0],
							"uv": {
								"north": {"uv": [28, 32], "uv_size": [4, -2]},
								"east": {"uv": [31, 30], "uv_size": [1, 2]},
								"south": {"uv": [32, 30], "uv_size": [-4, -2]},
								"west": {"uv": [27, 28], "uv_size": [5, 4]},
								"up": {"uv": [32, 28], "uv_size": [-3, 4]},
								"down": {"uv": [30, 28], "uv_size": [-2, 2]}
							}
						}
					]
				},
				{
					"name": "bone8",
					"parent": "bone2",
					"pivot": [1.1, 1.4, -4],
					"rotation": [0, 0, 12.5],
					"cubes": [
						{
							"origin": [0.95, 1.25, -4.15],
							"size": [0.3, 0.3, 0.3],
							"pivot": [1.1, 1.4, -4],
							"rotation": [25, 0, 0],
							"uv": {
								"north": {"uv": [32, 32], "uv_size": [-4, -2]},
								"east": {"uv": [32, 28], "uv_size": [-5, 4]},
								"south": {"uv": [28, 30], "uv_size": [4, -2]},
								"west": {"uv": [32, 30], "uv_size": [-1, 2]},
								"up": {"uv": [29, 28], "uv_size": [3, 4]},
								"down": {"uv": [28, 28], "uv_size": [2, 2]}
							}
						}
					]
				},
				{
					"name": "bone12",
					"parent": "bone2",
					"pivot": [1.1, 1.8, -4],
					"rotation": [0, 0, -24.75],
					"cubes": [
						{
							"origin": [1, 1.7, -4.1],
							"size": [0.2, 0.2, 0.2],
							"pivot": [1.1, 1.8, -4],
							"rotation": [25, 0, 0],
							"uv": {
								"north": {"uv": [32, 32], "uv_size": [-4, -2]},
								"east": {"uv": [32, 28], "uv_size": [-5, 4]},
								"south": {"uv": [28, 30], "uv_size": [4, -2]},
								"west": {"uv": [32, 30], "uv_size": [-1, 2]},
								"up": {"uv": [29, 28], "uv_size": [3, 4]},
								"down": {"uv": [28, 28], "uv_size": [2, 2]}
							}
						}
					]
				},
				{
					"name": "bone13",
					"parent": "bone2",
					"pivot": [-1.1, 1.8, -4],
					"rotation": [0, 0, 24.75],
					"cubes": [
						{
							"origin": [-1.2, 1.7, -4.1],
							"size": [0.2, 0.2, 0.2],
							"pivot": [-1.1, 1.8, -4],
							"rotation": [25, 0, 0],
							"uv": {
								"north": {"uv": [28, 32], "uv_size": [4, -2]},
								"east": {"uv": [31, 30], "uv_size": [1, 2]},
								"south": {"uv": [32, 30], "uv_size": [-4, -2]},
								"west": {"uv": [27, 28], "uv_size": [5, 4]},
								"up": {"uv": [32, 28], "uv_size": [-3, 4]},
								"down": {"uv": [30, 28], "uv_size": [-2, 2]}
							}
						}
					]
				},
				{
					"name": "bone7",
					"parent": "bone2",
					"pivot": [-1.1, 1.4, -4],
					"rotation": [0, 0, -12.5],
					"cubes": [
						{
							"origin": [-1.25, 1.25, -4.15],
							"size": [0.3, 0.3, 0.3],
							"pivot": [-1.1, 1.4, -4],
							"rotation": [25, 0, 0],
							"uv": {
								"north": {"uv": [28, 32], "uv_size": [4, -2]},
								"east": {"uv": [31, 30], "uv_size": [1, 2]},
								"south": {"uv": [32, 30], "uv_size": [-4, -2]},
								"west": {"uv": [27, 28], "uv_size": [5, 4]},
								"up": {"uv": [32, 28], "uv_size": [-3, 4]},
								"down": {"uv": [30, 28], "uv_size": [-2, 2]}
							}
						}
					]
				},
				{
					"name": "bone11",
					"parent": "bone2",
					"pivot": [-0.75, 1.75, -4],
					"rotation": [0, 0, -10],
					"cubes": [
						{
							"origin": [-0.825, 1.825, -4.075],
							"size": [0.15, -0.15, 0.15],
							"pivot": [-0.75, 1.75, -4],
							"rotation": [25, 0, 0],
							"uv": {
								"north": {"uv": [28, 32], "uv_size": [4, -2]},
								"east": {"uv": [31, 30], "uv_size": [1, 2]},
								"south": {"uv": [32, 30], "uv_size": [-4, -2]},
								"west": {"uv": [27, 28], "uv_size": [5, 4]},
								"up": {"uv": [32, 28], "uv_size": [-3, 4]},
								"down": {"uv": [30, 28], "uv_size": [-2, 2]}
							}
						}
					]
				},
				{
					"name": "bone10",
					"parent": "bone2",
					"pivot": [0.75, 1.75, -4],
					"rotation": [0, 0, 10],
					"cubes": [
						{
							"origin": [0.675, 1.825, -4.075],
							"size": [0.15, -0.15, 0.15],
							"pivot": [0.75, 1.75, -4],
							"rotation": [25, 0, 0],
							"uv": {
								"north": {"uv": [32, 32], "uv_size": [-4, -2]},
								"east": {"uv": [32, 28], "uv_size": [-5, 4]},
								"south": {"uv": [28, 30], "uv_size": [4, -2]},
								"west": {"uv": [32, 30], "uv_size": [-1, 2]},
								"up": {"uv": [29, 28], "uv_size": [3, 4]},
								"down": {"uv": [28, 28], "uv_size": [2, 2]}
							}
						}
					]
				},
				{
					"name": "bone4",
					"parent": "bone2",
					"pivot": [1.5, 1, -3],
					"cubes": [
						{
							"origin": [1.25, 0.75, -3],
							"size": [3, 3, 0],
							"pivot": [1.5, 1, -3],
							"rotation": [22.70404, 19.76512, 57.48883],
							"uv": {
								"north": {"uv": [26, 0], "uv_size": [3, 3]},
								"east": {"uv": [26, 0], "uv_size": [0, 3]},
								"south": {"uv": [29, 0], "uv_size": [3, 3]},
								"west": {"uv": [29, 0], "uv_size": [0, 3]},
								"up": {"uv": [26, 0], "uv_size": [3, 0]},
								"down": {"uv": [29, 0], "uv_size": [3, 0]}
							}
						}
					]
				},
				{
					"name": "bone15",
					"parent": "bone2",
					"pivot": [1.5, 1, -2.75],
					"rotation": [5, -27.5, 0],
					"cubes": [
						{
							"origin": [1.25, 0.75, -2.75],
							"size": [3, 3, 0],
							"pivot": [1.5, 1, -2.75],
							"rotation": [22.70404, 19.76512, 57.48883],
							"uv": {
								"north": {"uv": [26, 0], "uv_size": [3, 3]},
								"east": {"uv": [26, 0], "uv_size": [0, 3]},
								"south": {"uv": [29, 0], "uv_size": [3, 3]},
								"west": {"uv": [29, 0], "uv_size": [0, 3]},
								"up": {"uv": [26, 0], "uv_size": [3, 0]},
								"down": {"uv": [29, 0], "uv_size": [3, 0]}
							}
						}
					]
				},
				{
					"name": "bone16",
					"parent": "bone2",
					"pivot": [-1.5, 1, -2.75],
					"rotation": [5, 27.5, 0],
					"cubes": [
						{
							"origin": [-4.25, 0.75, -2.75],
							"size": [3, 3, 0],
							"pivot": [-1.5, 1, -2.75],
							"rotation": [22.70404, -19.76512, -57.48883],
							"uv": {
								"north": {"uv": [29, 0], "uv_size": [-3, 3]},
								"east": {"uv": [29, 0], "uv_size": [0, 3]},
								"south": {"uv": [32, 0], "uv_size": [-3, 3]},
								"west": {"uv": [26, 0], "uv_size": [0, 3]},
								"up": {"uv": [29, 0], "uv_size": [-3, 0]},
								"down": {"uv": [32, 0], "uv_size": [-3, 0]}
							}
						}
					]
				},
				{
					"name": "bone17",
					"parent": "bone2",
					"pivot": [1.5, 1, -2.25],
					"rotation": [6.55851, -47.40219, -2.52418],
					"cubes": [
						{
							"origin": [1.25, 0.75, -2.25],
							"size": [3, 3, 0],
							"pivot": [1.5, 1, -2.25],
							"rotation": [22.70404, 19.76512, 57.48883],
							"uv": {
								"north": {"uv": [26, 0], "uv_size": [3, 3]},
								"east": {"uv": [26, 0], "uv_size": [0, 3]},
								"south": {"uv": [29, 0], "uv_size": [3, 3]},
								"west": {"uv": [29, 0], "uv_size": [0, 3]},
								"up": {"uv": [26, 0], "uv_size": [3, 0]},
								"down": {"uv": [29, 0], "uv_size": [3, 0]}
							}
						}
					]
				},
				{
					"name": "bone19",
					"parent": "bone2",
					"pivot": [1.5, 1, -1.75],
					"rotation": [15.43096, -64.72286, -7.13781],
					"cubes": [
						{
							"origin": [1.25, 0.75, -1.75],
							"size": [3, 3, 0],
							"pivot": [1.5, 1, -1.75],
							"rotation": [22.70404, 19.76512, 57.48883],
							"uv": {
								"north": {"uv": [26, 0], "uv_size": [3, 3]},
								"east": {"uv": [26, 0], "uv_size": [0, 3]},
								"south": {"uv": [29, 0], "uv_size": [3, 3]},
								"west": {"uv": [29, 0], "uv_size": [0, 3]},
								"up": {"uv": [26, 0], "uv_size": [3, 0]},
								"down": {"uv": [29, 0], "uv_size": [3, 0]}
							}
						}
					]
				},
				{
					"name": "bone20",
					"parent": "bone2",
					"pivot": [-1.5, 1, -1.75],
					"rotation": [15.43096, 64.72286, 7.13781],
					"cubes": [
						{
							"origin": [-4.25, 0.75, -1.75],
							"size": [3, 3, 0],
							"pivot": [-1.5, 1, -1.75],
							"rotation": [22.70404, -19.76512, -57.48883],
							"uv": {
								"north": {"uv": [29, 0], "uv_size": [-3, 3]},
								"east": {"uv": [29, 0], "uv_size": [0, 3]},
								"south": {"uv": [32, 0], "uv_size": [-3, 3]},
								"west": {"uv": [26, 0], "uv_size": [0, 3]},
								"up": {"uv": [29, 0], "uv_size": [-3, 0]},
								"down": {"uv": [32, 0], "uv_size": [-3, 0]}
							}
						}
					]
				},
				{
					"name": "bone18",
					"parent": "bone2",
					"pivot": [-1.5, 1, -2.25],
					"rotation": [6.55851, 47.40219, 2.52418],
					"cubes": [
						{
							"origin": [-4.25, 0.75, -2.25],
							"size": [3, 3, 0],
							"pivot": [-1.5, 1, -2.25],
							"rotation": [22.70404, -19.76512, -57.48883],
							"uv": {
								"north": {"uv": [29, 0], "uv_size": [-3, 3]},
								"east": {"uv": [29, 0], "uv_size": [0, 3]},
								"south": {"uv": [32, 0], "uv_size": [-3, 3]},
								"west": {"uv": [26, 0], "uv_size": [0, 3]},
								"up": {"uv": [29, 0], "uv_size": [-3, 0]},
								"down": {"uv": [32, 0], "uv_size": [-3, 0]}
							}
						}
					]
				},
				{
					"name": "bone14",
					"parent": "bone2",
					"pivot": [-1.5, 1, -3],
					"cubes": [
						{
							"origin": [-4.25, 0.75, -3],
							"size": [3, 3, 0],
							"pivot": [-1.5, 1, -3],
							"rotation": [22.70404, -19.76512, -57.48883],
							"uv": {
								"north": {"uv": [29, 0], "uv_size": [-3, 3]},
								"east": {"uv": [29, 0], "uv_size": [0, 3]},
								"south": {"uv": [32, 0], "uv_size": [-3, 3]},
								"west": {"uv": [26, 0], "uv_size": [0, 3]},
								"up": {"uv": [29, 0], "uv_size": [-3, 0]},
								"down": {"uv": [32, 0], "uv_size": [-3, 0]}
							}
						}
					]
				},
				{
					"name": "bone3",
					"parent": "bone2",
					"pivot": [0.75, 1, -4],
					"rotation": [7.56397, -7.43547, -0.98448],
					"cubes": [
						{
							"origin": [0.75, 0, -5],
							"size": [0, 1, 1],
							"uv": {
								"north": {"uv": [2, 2], "uv_size": [0, 2]},
								"east": {"uv": [0, 2], "uv_size": [2, 2]},
								"south": {"uv": [4, 2], "uv_size": [0, 2]},
								"west": {"uv": [2, 2], "uv_size": [2, 2]},
								"up": {"uv": [2, 0], "uv_size": [0, 2]},
								"down": {"uv": [2, 2], "uv_size": [0, -2]}
							}
						}
					]
				},
				{
					"name": "bone9",
					"parent": "bone2",
					"pivot": [-0.75, 1, -4],
					"rotation": [7.56397, 7.43547, 0.98448],
					"cubes": [
						{
							"origin": [-0.75, 0, -5],
							"size": [0, 1, 1],
							"uv": {
								"north": {"uv": [2, 2], "uv_size": [0, 2]},
								"east": {"uv": [4, 2], "uv_size": [-2, 2]},
								"south": {"uv": [4, 2], "uv_size": [0, 2]},
								"west": {"uv": [2, 2], "uv_size": [-2, 2]},
								"up": {"uv": [2, 0], "uv_size": [0, 2]},
								"down": {"uv": [2, 2], "uv_size": [0, -2]}
							}
						}
					]
				}
			]
		}
	]
}