{
  "kd:kawaii_menu1": {
    "textures": "kd_kawaii_menu1",
    "sound": "normal"
  },
  "kd:kawaii_menu2": {
    "textures": "kd_kawaii_menu2",
    "sound": "normal"
  },
  "kd:kawaii_menu3": {
    "textures": "kd_kawaii_menu3",
    "sound": "normal"
  },
  "kd:kawaii_menu4": {
    "textures": "kd_kawaii_menu4",
    "sound": "normal"
  },
  "kd:kawaii_menu5": {
    "textures": "kd_kawaii_menu5",
    "sound": "normal"
  },
  "kd:kawaii_kitkat": {
    "textures": "kd_kawaii_kitkat",
    "sound": "normal"
  },
  "kd:kawaii_menu6": {
    "textures": "kd_kawaii_menu6",
    "sound": "normal"
  },
  "kd:kawaii_cerealbox1": {
    "textures": "kd_kawaii_cerealbox1",
    "sound": "normal"
  },
  "kd:kawaii_cerealbox5": {
    "textures": "kd_kawaii_cerealbox5",
    "sound": "normal"
  },
  "kd:kawaii_cerealbox4": {
    "textures": "kd_kawaii_cerealbox4",
    "sound": "normal"
  },
  "kd:kawaii_food1": {
    "textures": "kd_kawaii_food1",
    "sound": "normal"
  },
  "kd:kawaii_cerealbox2": {
    "textures": "kd_kawaii_cerealbox2",
    "sound": "normal"
  },
  "kd:kawaii_cerealbox3": {
    "textures": "kd_kawaii_cerealbox3",
    "sound": "normal"
  },
  "kd:kawaii_milkbox1": {
    "textures": "kd_kawaii_milkbox1",
    "sound": "normal"
  },
  "kd:kawaii_milkbox2": {
    "textures": "kd_kawaii_milkbox2",
    "sound": "normal"
  },
  "kd:kawaii_milkbox3": {
    "textures": "kd_kawaii_milkbox3",
    "sound": "normal"
  },
  "kw:kawaii_boba_tea2": {
    "textures": "kw_kawaii_boba_tea2",
    "sound": "normal"
  },
  "kd:pastel_kawaii_milk2": {
    "textures": "kd_pastel_kawaii_milk2",
    "sound": "normal"
  },
  "kw:kawaii_boba_tea1": {
    "textures": "kw_kawaii_boba_tea1",
    "sound": "normal"
  },
  "kd:pastel_kawaii_milk3": {
    "textures": "kd_pastel_kawaii_milk3",
    "sound": "normal"
  },
  "kd:kawaii_laptop1": {
    "textures": "kd_kawaii_laptop1",
    "sound": "normal"
  },
  "kd:pastel_kawaii_milk1": {
    "textures": "kd_pastel_kawaii_milk1",
    "sound": "normal"
  },
  "kd:kawaii_laptop2": {
    "textures": "kd_kawaii_laptop2",
    "sound": "normal"
  },
  "kd:pastel_cashier1": {
    "textures": "kd_pastel_cashier1",
    "sound": "normal"
  },
  "kd:pastel_cashier2": {
    "textures": "kd_pastel_cashier2",
    "sound": "normal"
  },
  "kd:pastel_cashier3": {
    "textures": "kd_pastel_cashier3",
    "sound": "normal"
  },
  "kd:vending_machine1": {
    "textures": "kd_vending_machine1",
    "sound": "normal"
  },
  "kd:vending_machine2": {
    "textures": "kd_vending_machine2",
    "sound": "normal"
  },
  "kd:vending_machine3": {
    "textures": "kd_vending_machine3",
    "sound": "normal"
  },
  "kd:kawaii_pocky1": {
    "textures": "kd_kawaii_pocky1",
    "sound": "normal"
  },
  "kd:kawaii_pocky2": {
    "textures": "kd_kawaii_pocky2",
    "sound": "normal"
  },
  "kd:painting1": {
    "textures": "kd_painting1",
    "sound": "normal"
  },
  "kd:painting2": {
    "textures": "kd_painting2",
    "sound": "normal"
  },
  "kd:bento_box": {
    "textures": "kd_bento_box",
    "sound": "normal"
  },
  "kd:kawaii_mochi": {
    "textures": "kd_kawaii_mochi",
    "sound": "normal"
  },
  "kd:milk_drink": {
    "textures": "kd_milk_drink",
    "sound": "normal"
  },
  "format_version": [
    1,
    1,
    0
  ]
}