{
   "animation_controllers": {
      "controller.animation.huggy_wuggy_bd.attack": {
         "states": {
            "attack1": {
               "animations": [
                  "attack1"
               ],
               "blend_transition": 0.1,
               "transitions": [
                  {
                     "default": "query.all_animations_finished"
                  }
               ]
            },
            "attack2": {
               "animations": [
                  "attack2"
               ],
               "blend_transition": 0.1,
               "transitions": [
                  {
                     "default": "query.all_animations_finished"
                  }
               ]
            },
            "default": {
               "blend_transition": 0.2,
               "transitions": [
                  {
                     "attack1": "variable.attack_time > 0 && variable.random == 0"
                  },
                  {
                     "attack2": "variable.attack_time > 0 && variable.random == 1"
                  }
               ]
            }
         }
      },
      "controller.animation.huggy_wuggy_bd.general": {
         "initial_state": "moving",
         "states": {
            "crouching": {
               "animations": [
                  "crouching"
               ],
               "blend_transition": 0.2,
               "transitions": [
                  {
                     "moving": "!query.is_using_item"
                  }
               ]
            },
            "crouching2": {
               "animations": [
                  "crouching2"
               ],
               "blend_transition": 0.2,
               "transitions": [
                  {
                     "moving": "!query.is_using_item"
                  }
               ]
            },
            "dead_entity": {
               "animations": [
                  "dead_entity"
               ],
               "blend_transition": 0.2,
               "transitions": [
                  {
                     "moving": "!query.is_using_item"
                  }
               ]
            },
            "falling": {
               "animations": [
                  "falling"
               ],
               "blend_transition": 0.2,
               "transitions": [
                  {
                     "moving": "!query.is_using_item"
                  }
               ]
            },
            "jumpscare": {
               "animations": [
                  "jumpscare"
               ],
               "blend_transition": 0.2,
               "transitions": [
                  {
                     "moving": "!query.is_using_item"
                  }
               ]
            },
            "jumpscare2": {
               "animations": [
                  "jumpscare2"
               ],
               "blend_transition": 0.2,
               "transitions": [
                  {
                     "moving": "!query.is_using_item"
                  }
               ]
            },
            "moving": {
               "animations": [
                  {
                     "moving": "variable.move_speed"
                  },
                  {
                     "huggy_wuggy_bd_general": "variable.is_idling"
                  }
               ],
               "blend_transition": 0.2,
               "transitions": [
                  {
                     "running": "query.ground_speed >= 4.5 && variable.random == 0"
                  },
                  {
                     "vent_moving": "query.is_sneaking && !query.ground_speed >= 0.1 && !variable.attack_time > 0 && !query.is_jumping && query.head_x_rotation(-85) <= 0 && !query.head_x_rotation(-85) >= -70"
                  },
                  {
                     "statue": "query.get_equipped_item_name == 'statue' && query.is_using_item"
                  },
                  {
                     "dead_entity": "query.get_equipped_item_name == 'dead_entity' && query.is_using_item"
                  },
                  {
                     "falling": "query.get_equipped_item_name == 'falling' && query.is_using_item"
                  },
                  {
                     "jumpscare": "query.get_equipped_item_name == 'jumpscare' && query.is_using_item"
                  },
                  {
                     "jumpscare2": "query.get_equipped_item_name == 'jumpscare2' && query.is_using_item"
                  },
                  {
                     "crouching": "query.get_equipped_item_name == 'crouching' && query.is_using_item && variable.random == 0"
                  },
                  {
                     "crouching2": "query.get_equipped_item_name == 'crouching' && query.is_using_item && variable.random == 1"
                  },
                  {
                     "to_revive": "query.get_equipped_item_name == 'to_revive' && query.is_using_item"
                  }
               ],
               "variables": {
                  "is_idling": {
                     "input": "query.modified_move_speed",
                     "remap_curve": {
                        "0.0": 1,
                        "0.1": 0
                     }
                  },
                  "move_speed": {
                     "input": "query.modified_move_speed",
                     "remap_curve": {
                        "0.0": 0,
                        "0.25": 1
                     }
                  }
               }
            },
            "running": {
               "animations": [
                  "running"
               ],
               "blend_transition": 0.1,
               "transitions": [
                  {
                     "moving": "query.ground_speed <= 3.5"
                  }
               ]
            },
            "statue": {
               "animations": [
                  "statue"
               ],
               "blend_transition": 0.2,
               "transitions": [
                  {
                     "moving": "!query.is_using_item"
                  }
               ]
            },
            "to_revive": {
               "animations": [
                  "to_revive"
               ],
               "blend_transition": 0.2,
               "transitions": [
                  {
                     "moving": "!query.is_using_item"
                  }
               ]
            },
            "vent_moving": {
               "animations": [
                  "vent_moving"
               ],
               "blend_transition": 0.1,
               "transitions": [
                  {
                     "moving": "!query.is_sneaking && !query.ground_speed >= 0.1 && !variable.attack_time > 0 && !query.is_jumping && query.head_x_rotation(-85) <= 0 && !query.head_x_rotation(-85) >= -70"
                  }
               ]
            }
         }
      },
      "controller.animation.huggy_wuggy_bd.hey": {
         "states": {
            "default": {
               "blend_transition": 0.2,
               "transitions": [
                  {
                     "hey": "query.has_target"
                  }
               ]
            },
            "hey": {
               "animations": [
                  "heying"
               ],
               "blend_transition": 0.2,
               "transitions": [
                  {
                     "default": "!query.has_target"
                  }
               ]
            }
         }
      }
   },
   "format_version": "1.10.0"
}