{
	"resource_pack-name": "vanilla",
	"texture_name": "atlas.items",
	"texture_data": {
		"infected_flesh": {
			"textures": "textures/items/objets/infected_flesh.png"
		},
		"egg_infected_pig": {
			"textures": "textures/items/spawn/egg_infected_pig.png"
		},
		"egg_buglin": {
			"textures": "textures/items/spawn/egg_buglin.png"
		},
		"egg_rupter": {
			"textures": "textures/items/spawn/egg_rupter.png"
		},
		"egg_infected_sheep": {
		    "textures": "textures/items/spawn/egg_infected_sheep.png"
		},
		"egg_infected_cow": {
			"textures": "textures/items/spawn/egg_infected_cow.png"
		},
		"egg_infected_wolf": {
			"textures": "textures/items/spawn/egg_infected_wolf.png"
		},
		"egg_infected_villager": {
			"textures": "textures/items/spawn/egg_infected_villager.png"
		},
		"egg_infected_human": {
			"textures": "textures/items/spawn/egg_infected_human.png"
		},
		"egg_head_infected_pig": {
			"textures": "textures/items/spawn/egg_head_infected_pig.png"
		},
		"egg_head_infected_sheep": {
			"textures": "textures/items/spawn/egg_head_infected_sheep.png"
		},
		"egg_head_infected_cow": {
			"textures": "textures/items/spawn/egg_head_infected_cow.png"
		},
		"egg_head_infected_wolf": {
			"textures": "textures/items/spawn/egg_head_infected_wolf.png"
		},
		"egg_head_infected_villager": {
			"textures": "textures/items/spawn/egg_head_infected_villager.png"
		}
	}
}