{
  "format_version": "1.10.0",
  "render_controllers": {
    "controller.render.parachute_halloween": {
      "geometry": "geometry.parachute_halloween",
      "materials": [
        {
          "*": "material.default"
        }
      ],
      "textures": [
        "texture.parachute_halloween"
      ]
    },
    "controller.render.parachute_bee": {
      "geometry": "geometry.parachute_bee",
      "materials": [
        {
          "*": "material.default"
        }
      ],
      "textures": [
        "texture.parachute_bee"
      ]
    },
    "controller.render.parachute_creeper": {
      "geometry": "geometry.parachute_creeper",
      "materials": [
        {
          "*": "material.default"
        }
      ],
      "textures": [
        "texture.parachute_creeper"
      ]
    },
    "controller.render.parachute_spider": {
      "geometry": "geometry.parachute_spider",
      "materials": [
        {
          "*": "material.default"
        }
      ],
      "textures": [
        "texture.parachute_spider"
      ]
    },
    "controller.render.parachute_zombie": {
      "geometry": "geometry.parachute_zombie",
      "materials": [
        {
          "*": "material.default"
        }
      ],
      "textures": [
        "texture.parachute_zombie"
      ]
    },
    "controller.render.parachute_ender_dragon": {
      "geometry": "geometry.parachute_ender_dragon",
      "materials": [
        {
          "*": "material.default"
        }
      ],
      "textures": [
        "texture.parachute_ender_dragon"
      ]
    }
  }
}