{
  "format_version": "1.8.0",
  "animations": {
    "animation.sprinting": {
      "animation_length": 999999,
      "timeline": {
        "3.0": [
          "/tag @s add sprint"
        ]
      }
    },
    "animation.ak_reload": {
      "loop": "hold_on_last_frame",
      "animation_length": 2.7,
      "timeline": {
        "0.0": "/clear @s ta:ak",
        "0.1": "/playsound ta.ak_reload @a[r\u003d10]",
        "2.696": "/scoreboard players set @s ak 30",
        "2.697": "/clear @s ta:ak_ammo 0 1",
        "2.698": "/clear @s ta:ak_empty",
        "2.699": "/give @s ta:ak"
      }
    },
    "animation.m1014_reload": {
      "loop": "hold_on_last_frame",
      "animation_length": 4,
      "timeline": {
        "0.0": "/clear @s ta:m1014",
        "0.1": "/playsound ta.m1014_reload @a[r\u003d10]",
        "3.096": "/scoreboard players set @s m1014 6",
        "3.097": "/clear @s ta:m1014_ammo 0 1",
        "3.098": "/clear @s ta:m1014_empty",
        "3.099": "/give @s ta:m1014"
      }
    },
    "animation.scar_reload": {
      "loop": "hold_on_last_frame",
      "animation_length": 2.7,
      "timeline": {
        "0.0": "/clear @s ta:scar",
        "0.1": "/playsound ta.scar_reload @a[r\u003d10]",
        "2.696": "/scoreboard players set @s scar 30",
        "2.697": "/clear @s ta:scar_ammo 0 1",
        "2.698": "/clear @s ta:scar_empty",
        "2.699": "/give @s ta:scar"
      }
    },
    "animation.mp40_reload": {
      "loop": "hold_on_last_frame",
      "animation_length": 1.8,
      "timeline": {
        "0.0": "/clear @s ta:mp40",
        "0.1": "/playsound ta.mp40_reload @a[r\u003d10]",
        "1.796": "/scoreboard players set @s mp40 20",
        "1.797": "/clear @s ta:mp40_ammo 0 1",
        "1.798": "/clear @s ta:mp40_empty",
        "1.799": "/give @s ta:mp40"
      }
    },
    "animation.famas_reload": {
      "loop": "hold_on_last_frame",
      "animation_length": 2.6,
      "timeline": {
        "0.0": "/clear @s ta:famas",
        "0.1": "/playsound ta.famas_reload @a[r\u003d10]",
        "2.596": "/scoreboard players set @s famas 10",
        "2.597": "/clear @s ta:famas_ammo 0 1",
        "2.598": "/clear @s ta:famas_empty",
        "2.599": "/give @s ta:famas"
      }
    },
    "animation.ump_reload": {
      "loop": "hold_on_last_frame",
      "animation_length": 1.5,
      "timeline": {
        "0.0": "/clear @s ta:ump",
        "0.1": "/playsound ta.ump_reload @a[r\u003d10]",
        "1.496": "/scoreboard players set @s ump 30",
        "1.497": "/clear @s ta:ump_ammo 0 1",
        "1.498": "/clear @s ta:ump_empty",
        "1.499": "/give @s ta:ump"
      }
    },
    "animation.mp5_reload": {
      "loop": "hold_on_last_frame",
      "animation_length": 1.5,
      "timeline": {
        "0.0": "/clear @s ta:mp5",
        "0.1": "/playsound ta.mp5_reload @a[r\u003d10]",
        "1.496": "/scoreboard players set @s mp5 30",
        "1.497": "/clear @s ta:mp5_ammo 0 1",
        "1.498": "/clear @s ta:mp5_empty",
        "1.499": "/give @s ta:mp5"
      }
    },
    "animation.m1887_reload": {
      "loop": "hold_on_last_frame",
      "animation_length": 1.5,
      "timeline": {
        "0.0": "/clear @s ta:m1887",
        "0.1": "/playsound ta.m1887_reload @a[r\u003d10]",
        "1.496": "/scoreboard players set @s m1887 2",
        "1.497": "/clear @s ta:m1887_ammo 0 1",
        "1.498": "/clear @s ta:m1887_empty",
        "1.499": "/give @s ta:m1887"
      }
    },
    "animation.xm8_reload": {
      "loop": "hold_on_last_frame",
      "animation_length": 1.8,
      "timeline": {
        "0.0": "/clear @s ta:xm8",
        "0.1": "/playsound ta.xm8_reload @a[r\u003d10]",
        "1.796": "/scoreboard players set @s xm8 25",
        "1.797": "/clear @s ta:xm8_ammo 0 1",
        "1.798": "/clear @s ta:xm8_empty",
        "1.799": "/give @s ta:xm8"
      }
    },
    "animation.ak_shoot_noscope": {
      "animation_length": 0.06,
      "timeline": {
        "0.0": [
          "@s ak_bullet_noscope",
          "/function ak"
        ]
      }
    },
    "animation.ak_shoot_scope": {
      "animation_length": 0.06,
      "timeline": {
        "0.0": [
          "@s ak_bullet_scope",
          "/function ak"
        ]
      }
    },
    "animation.m1014_shoot_noscope": {
      "animation_length": 0.7,
      "timeline": {
        "0.0": [
          "@s m1014_bullet_noscope",
          "/function m1014",
          "/playsound ta.m1014 @a[r\u003d60]"
        ]
      }
    },
    "animation.m1014_shoot_scope": {
      "animation_length": 0.7,
      "timeline": {
        "0.0": [
          "@s m1014_bullet_scope",
          "/function m1014",
          "/playsound ta.m1014 @a[r\u003d60]"
        ]
      }
    },
    "animation.scar_shoot_noscope": {
      "animation_length": 0.06,
      "timeline": {
        "0.0": [
          "@s scar_bullet_noscope",
          "/function scar"
        ]
      }
    },
    "animation.scar_shoot_scope": {
      "animation_length": 0.06,
      "timeline": {
        "0.0": [
          "@s scar_bullet_scope",
          "/function scar"
        ]
      }
    },
    "animation.mp40_shoot_noscope": {
      "animation_length": 0.09,
      "timeline": {
        "0.0": [
          "@s mp40_bullet_noscope",
          "/function mp40"
        ]
      }
    },
    "animation.mp40_shoot_scope": {
      "animation_length": 0.09,
      "timeline": {
        "0.0": [
          "@s mp40_bullet_scope",
          "/function mp40"
        ]
      }
    },
    "animation.famas_shoot_noscope": {
      "animation_length": 0.5,
      "timeline": {
        "0.0": [
          "@s famas_bullet_noscope",
          "/function famas",
          "/playsound ta.famas @a[r\u003d60]"
        ]
      }
    },
    "animation.famas_shoot_scope": {
      "animation_length": 0.5,
      "timeline": {
        "0.0": [
          "@s famas_bullet_scope",
          "/function famas",
          "/playsound ta.famas @a[r\u003d60]"
        ]
      }
    },
    "animation.ump_shoot_noscope": {
      "animation_length": 0.09,
      "timeline": {
        "0.0": [
          "@s ump_bullet_noscope",
          "/function ump"
        ]
      }
    },
    "animation.ump_shoot_scope": {
      "animation_length": 0.09,
      "timeline": {
        "0.0": [
          "@s ump_bullet_scope",
          "/function ump"
        ]
      }
    },
    "animation.mp5_shoot_noscope": {
      "animation_length": 0.09,
      "timeline": {
        "0.0": [
          "@s mp5_bullet_noscope",
          "/function mp5"
        ]
      }
    },
    "animation.mp5_shoot_scope": {
      "animation_length": 0.09,
      "timeline": {
        "0.0": [
          "@s mp5_bullet_scope",
          "/function mp5"
        ]
      }
    },
    "animation.m1887_shoot_noscope": {
      "animation_length": 0.3,
      "timeline": {
        "0.0": [
          "@s m1887_bullet_noscope",
          "/function m1887",
          "/playsound ta.m1887 @a[r\u003d60]"
        ]
      }
    },
    "animation.m1887_shoot_scope": {
      "animation_length": 0.3,
      "timeline": {
        "0.0": [
          "@s m1887_bullet_scope",
          "/function m1887",
          "/playsound ta.m1887 @a[r\u003d60]"
        ]
      }
    },
    "animation.xm8_shoot_noscope": {
      "animation_length": 0.06,
      "timeline": {
        "0.0": [
          "@s xm8_bullet_noscope",
          "/function xm8"
        ]
      }
    },
    "animation.xm8_shoot_scope": {
      "animation_length": 0.06,
      "timeline": {
        "0.0": [
          "@s xm8_bullet_scope",
          "/function xm8"
        ]
      }
    }
  }
}