{
  "format_version": "1.16.100",
  "minecraft:entity": {
    "description": {
      "identifier": "tb:thomas",
      "is_spawnable": true,
      "is_summonable": true,
      "is_experimental": false,
      "scripts": {
				"animate": [
		  "jumpscare_thomas",
		"climb",
		"chase"
		]
			},
			"animations": {
				"jumpscare_thomas": "controller.animation.jumpscare_thomas", 
	"climb": "controller.animation.climb",
	"chase": "controller.animation.thomas_chase",
	"climbing":"animation.climb"
			} 
    },
    "component_groups": {
		"jumpscare_thomas": {
			"minecraft:attack": {
				"damage": 0
			  }
		},
		"jumpscare_rest_thomas": {
			"minecraft:is_stunned": {},
			"minecraft:attack": {
				"damage": 8
			  },
			  "minecraft:timer": {
				"looping": false,
				"randomInterval": false,
				"time": 1,
				"time_down_event": {
					"event": "tb:jumpscare_standby"
                }
		},
      "tb:timer": {
        "minecraft:timer": {
          "time": 0.4,
          "time_down_event": {
            "event": "tb:remove",
            "target": "self"
          }
        }
      },
      "tb:no_upside_down": {
        "minecraft:spell_effects": {
          "remove_effects": [
            "levitation",
            "speed"
          ]
        },
        "minecraft:variant": {
          "value": 1
      },
      "minecraft:rideable": {
					"seat_count": 1,
					"rider_can_interact": false,
					"seats": [
						{
							"position": [0, 1, 2.5], 
                             "rotate_rider_by": 180,
							 "lock_rider_rotation": 45
          }
        ]
      },
        "minecraft:timer": {
          "time": 0.1,
          "time_down_event": {
            "event": "tb:no_climb",
            "target": "self"
          }
        }
      },
      "tb:upside_down": {
        "minecraft:variant": {
          "value": 2
      },
      "minecraft:rideable": {
					"seat_count": 1,
					"rider_can_interact": false,
					"seats": [
						{
							"position": [0, -1, 2.5], 
                             "rotate_rider_by": 180,
							 "lock_rider_rotation": 45
          }
        ]
      },
      "minecraft:add_bad_omen": {
        "minecraft:spell_effects": {
          "add_effects": [
            {
              "effect": "bad_omen",
              "duration": 6000,
              "display_on_screen_animation": true
            }
          ]
        },
        "minecraft:timer": {
          "time": [ 0.0, 0.0 ],
          "looping": false,
          "time_down_event": {
            "event": "minecraft:clear_add_bad_omen",
            "target": "self"
          }
        }
      },
      "minecraft:clear_bad_omen_spell_effect": {
        "minecraft:spell_effects": {
        }
      },
      "minecraft:raid_trigger": {
        "minecraft:raid_trigger": {
          "triggered_event": {
            "event": "minecraft:remove_raid_trigger",
            "target": "self"
          }
        },
        "minecraft:spell_effects": {
          "remove_effects": "bad_omen"
        }
      }
		},
		"jump_attack": {
            "minecraft:behavior.stalk_and_pounce_on_target": {
        "priority": 0,
        "stalk_speed": 1.2,
        "max_stalk_dist": 30.0,
        "leap_height": 5,
        "leap_dist": 1.47,
        "pounce_max_dist": 10.0,
        "interest_time": 0.5
        }
      }
		},
		"attack_target": {
				"minecraft:behavior.delayed_attack": {
                    "priority": 4,
                    "reach_multiplier": 1.2,
                    "attack_duration": 0.1,
                    "hit_delay_pct": 0.6,
                    "track_target": true,
                    "sound_event": "attack",
                    "speed_multiplier": 1.2
				     
				}
			},
			"skill": {
				"minecraft:behavior.summon_entity": {
					"priority": 1,
					"probability": 100.0,
					"summon_choices": [{
							"weight": 1,
							"cooldown_time": 20.0,
							"cast_duration": 3,
							"max_activation_range": 2.5,
							"min_activation_range": 0,
							"start_sound_event": "plop",
							"sequence": [{
									"shape": "circle",
									"target": "self",
									"base_delay": 0.2,
									"delay_per_summon": 0.0,
									"num_entities_spawned": 1,
									"entity_type": "",
									"entity_lifespan": 1000.0,
									"size": 3.0,
									"sound_event": ""
								}
							]
						}
					]
				}
			}
		},
    "components": {
      "minecraft:type_family": {
        "family": [
        "moon_fox", 
          "thomas", 
          "monster"
        ]
      },
        "minecraft:damage_sensor": {
        "triggers": {
          "cause": "fall",
          "deals_damage": false
        }
      },
        "minecraft:behavior.float": {
        "priority": 0
      },
      "minecraft:nameable": {
        "alwaysShow": false,
        "allowNameTagRenaming": false
        },
        "minecraft:variant": {
          "value": 1
      },
      "minecraft:rideable": {
					"seat_count": 1,
					"rider_can_interact": false,
					"seats": [
						{
							"position": [0, 1, 2.5], 
                             "rotate_rider_by": 180,
							 "lock_rider_rotation": 45
          }
        ]
      },
      "minecraft:conditional_bandwidth_optimization": {
      },
      "minecraft:block_climber": {},
      "minecraft:environment_sensor": {
        "triggers": {
          "filters": {
            "all_of": [
              {
                "test": "has_mob_effect",
                "subject": "self",
                "value": "bad_omen"
              },
              {
                "test": "is_in_village",
                "subject": "self",
                "value": true
              }
            ]
          },
          "event": "minecraft:trigger_raid"
      }
    },
      "minecraft:collision_box": {
        "height": 2,
        "width": 1.5
      },
      "minecraft:loot": {
        "table": "loot_tables/entities/robot.json"
      },
      "minecraft:health": {
        "value": 250,
        "max": 250
      },
      "minecraft:movement": {
        "value": 0.33
      },
      "minecraft:annotation.break_door": {
      },
          "minecraft:navigation.climb": {
				"is_amphibious": true,
				"can_pass_doors": true,
                "can_path_from_air": true
      },
      "minecraft:movement.basic": {
      },
      "minecraft:jump.static": {},
      "minecraft:can_climb": {},
      "minecraft:attack": {
        "damage": 15
      },
      "minecraft:fall_damage": {
        "value": 0.0
      },
      "minecraft:knockback_resistance": {
        "value": 10.0,
        "max": 10.0
      },
      "minecraft:leashable": {
        "soft_distance": 4.0,
        "hard_distance": 6.0,
        "max_distance": 10.0
      },
      "minecraft:balloonable": {},
            "minecraft:behavior.stalk_and_pounce_on_target": {
        "priority": 0,
        "stalk_speed": 1.2,
        "max_stalk_dist": 30.0,
        "leap_height": 9,
        "leap_dist": 7,
        "pounce_max_dist": 15.0,
        "interest_time": 0.5
            },
      "minecraft:behavior.melee_attack": {
				"priority": 0,
				"speed_multiplier": 1.25,
				"track_target": true,
				"reach_multiplier": 1.6
			  },
      "minecraft:behavior.move_towards_target": {
        "priority": 1,
        "speed_multiplier": 1.0,
        "within_radius": 64
      },
      "minecraft:behavior.random_stroll": {
        "priority": 6,
        "speed_multiplier": 0.9
      },
      "minecraft:behavior.look_at_player": {
        "priority": 7,
        "look_distance": 6.0,
        "probability": 0.02
      },
      "minecraft:behavior.random_look_around": {
                "priority": 9
            }, 
      "minecraft:behavior.nearest_attackable_target": {
			"priority": 2,
			"within_radius": 64,
			"reselect_targets": true,
			"entity_types": [{
				"filters": {
				  "any_of": [
					{
					  "test": "is_family",
					  "subject": "other",
					  "value": "player"
					},
					{
						"test": "is_family",
						"subject": "other",
						"value": "villager"
					  },
					  {
						"test": "is_family",
						"subject": "other",
						"value": "irongolem"
					  },{
						  "test": "is_family",
						  "subject": "other",
						  "value": "wandering_trader"
					  },{
						  "test": "is_family",
						  "subject": "other",
						  "value":"snowgolem"
					  },{
						  "test": "is_family",
						  "subject": "other",
						  "value":"illager"
					}
				  ]
				},
				"max_dist": 64
			  }
			],
			"must_see": true,
			"must_see_forget_duration": 1000.0
		  },
      "minecraft:behavior.hurt_by_target": {
        "priority": 4
      },
      "minecraft:physics": {},
      "minecraft:follow_range": {
        "value": 500
      },
      "minecraft:experience_reward": {
        "on_death": "query.last_hit_by_player ? 10 : 0"
      },
      "minecraft:underwater_movement": {
        "value": 0.02
      },
      "minecraft:scale": {
        "value": 1.15
      },
      "minecraft:fire_immune": true,
      "minecraft:behavior.owner_hurt_by_target": {
        "priority": 1
      },
      "minecraft:behavior.owner_hurt_target": {
        "priority": 2
      },
      "minecraft:annotation.brea_door": {
        "break_time": 10.0,
        "min_difficulty": "easy"
      },
      "minecraft:on_death": {
        "event": "on:death",
        "target": "self"
      },
      "minecraft:on_hurt": {
        "event": "on:hurt",
        "target": "self"
      },
      "minecraft:on_hurt_by_player": {
        "event": "on:hurt_by_player",
        "target": "self"
      },
      "minecraft:on_ignite": {
        "event": "on:ignite",
        "target": "self"
      },
      "minecraft:on_target_acquired": {
        "event": "on:target_acquired",
        "target": "self"
      },
      "minecraft:on_target_escape": {
        "event": "on:target_escape",
        "target": "self"
      },
      "minecraft:on_wake_with_owner": {
        "event": "on:wake_with_owner",
        "target": "self"
    }
    },
    "events": {
    "minecraft:entity_spawned": {
				"add": {
					"component_groups": ["jumpscare_thomas", "attack_target", "tb:no_upside_down"]
				}
			},
      "tb:upside_down": {
        "add": {
          "component_groups": [
            "tb:upside_down"
          ]
        },
        "remove": {
          "component_groups": [
            "tb:no_upside_down"]
        }
      },
      "tb:no_upside_down": {
        "add": {
          "component_groups": [
            "tb:no_upside_down"
          ]
        },
        "remove": {
          "component_groups": [
            "tb:upside_down"
          ]
        }
      },
      "minecraft:gain_bad_omen": {
        "add": {
          "component_groups": [
            "minecraft:add_bad_omen"
          ]
        }
      },
      "minecraft:clear_add_bad_omen": {
        "remove": {
          "component_groups": [
            "minecraft:add_bad_omen"
          ]
        },
        "add": {
          "component_groups": [
            "minecraft:clear_bad_omen_spell_effect"
          ]
        }
      },
      "minecraft:trigger_raid": {
        "add": {
          "component_groups": [ "minecraft:raid_trigger" ]
        }
      },
      "minecraft:remove_raid_trigger": {
        "remove": {
          "component_groups": [ "minecraft:raid_trigger" ]
				} 
			},
	"tb:jumpscare_standby": {
				"remove": {
					"component_groups": ["jumpscare_rest_thomas"]
				},
				"add": {
					"component_groups": ["jumpscare_thomas"]
				}
			},
			"tb:jumpscare_stop": {
				"add": {
					"component_groups": ["jumpscare_rest_thomas"]
				},
				"remove": {
					"component_groups": ["jumpscare_thomas"]
                }
            },
			"tb:attack": {
                "add": {
                    "component_groups": ["attack_target"]
                },
				"remove": {
                    "component_groups": ["jump_attack"]
                }
            },
			"tb:jump_attack": {
                "add": {
                    "component_groups": ["jump_attack"]
                },
				"remove": {
                    "component_groups": ["attack_target"]
                }
            },
			"minecraft:attack": {
						"add": {
							"component_groups": [
								"attack_target"]
								
						}
					},
      "on:death": {
        "run_command": {
          "command": []
        }
      },
      "on:hurt": {
        "run_command": {
          "command": []
        }
      },
      "on:hurt_by_player": {
        "run_command": {
          "command": []
        }
      },
      "on:ignite": {
        "run_command": {
          "command": []
        }
      },
      "on:target_acquired": {
        "run_command": {
          "command": "/playsound thomas.chase @a[r=10]"
        }
      },
      "on:target_escape": {
        "run_command": {
          "command": []
        }
      },
      "on:wake_with_owner": {
        "run_command": {
          "command": []
      }
    }
  }
 }
}