{
	"format_version": "1.12.0",
	"minecraft:geometry": [
		{
			"description": {
				"identifier": "geometry.parachute_ender_dragon",
				"texture_width": 64,
				"texture_height": 64,
				"visible_bounds_width": 6,
				"visible_bounds_height": 5,
				"visible_bounds_offset": [0, 2.5, 0]
			},
			"bones": [
				{
					"name": "parachute",
					"pivot": [0, 0, 0]
				},
				{
					"name": "parachute_",
					"parent": "parachute",
					"pivot": [0, 0, 0]
				},
				{
					"name": "parachute__",
					"parent": "parachute_",
					"pivot": [0, 60.29562, 2.88325],
					"cubes": [
						{
							"origin": [-12, 62, 0],
							"size": [24, 1, 9],
							"pivot": [0, 62.5, -0.5],
							"rotation": [-5, 0, 0],
							"uv": {
								"north": {"uv": [0, 0], "uv_size": [2, 3]},
								"east": {"uv": [0, 0], "uv_size": [2, 3]},
								"south": {"uv": [0, 0], "uv_size": [2, 3]},
								"west": {"uv": [0, 0], "uv_size": [2, 3]},
								"up": {"uv": [47, 18], "uv_size": [-15, -6]},
								"down": {"uv": [47, 12], "uv_size": [-15, 6]}
							}
						},
						{
							"origin": [12, 61.56422, -0.01903],
							"size": [10, 1, 9],
							"pivot": [12, 62.06422, 4.48097],
							"rotation": [-4.95744, 0.65182, 7.47178],
							"uv": {
								"north": {"uv": [0, 0], "uv_size": [2, 3]},
								"east": {"uv": [0, 0], "uv_size": [2, 3]},
								"south": {"uv": [0, 0], "uv_size": [2, 3]},
								"west": {"uv": [0, 0], "uv_size": [2, 3]},
								"up": {"uv": [32, 18], "uv_size": [-7, -6]},
								"down": {"uv": [32, 12], "uv_size": [-7, 6]}
							}
						},
						{
							"origin": [21.82034, 60.39694, -0.18967],
							"size": [7, 1, 9],
							"pivot": [20.87167, 60.11378, 4.31033],
							"rotation": [-4.83045, 1.29256, 14.94548],
							"uv": {
								"north": {"uv": [0, 0], "uv_size": [2, 3]},
								"east": {"uv": [0, 0], "uv_size": [2, 3]},
								"south": {"uv": [0, 0], "uv_size": [2, 3]},
								"west": {"uv": [0, 0], "uv_size": [2, 3]},
								"up": {"uv": [25, 18], "uv_size": [-5, -6]},
								"down": {"uv": [25, 12], "uv_size": [-5, 6]}
							}
						},
						{
							"origin": [28.75447, 58.48854, -0.29484],
							"size": [4, 1, 9],
							"pivot": [28.13293, 58.91551, 4.11801],
							"rotation": [-4.62111, 1.91134, 22.42287],
							"uv": {
								"north": {"uv": [0, 0], "uv_size": [2, 3]},
								"east": {"uv": [0, 0], "uv_size": [2, 3]},
								"south": {"uv": [0, 0], "uv_size": [2, 3]},
								"west": {"uv": [0, 0], "uv_size": [2, 3]},
								"up": {"uv": [20, 18], "uv_size": [-2, -6]},
								"down": {"uv": [20, 12], "uv_size": [-2, 6]}
							}
						},
						{
							"origin": [32.50737, 56.79582, -0.6],
							"size": [4, 1, 9],
							"pivot": [32.27838, 57.45082, 3.98986],
							"rotation": [-4.09918, 2.86544, 34.89743],
							"uv": {
								"north": {"uv": [0, 0], "uv_size": [2, 3]},
								"east": {"uv": [0, 0], "uv_size": [2, 3]},
								"south": {"uv": [0, 0], "uv_size": [2, 3]},
								"west": {"uv": [0, 0], "uv_size": [2, 3]},
								"up": {"uv": [18, 17], "uv_size": [-2, -5]},
								"down": {"uv": [18, 12], "uv_size": [-2, 5]}
							}
						},
						{
							"origin": [-12, 61.2156, 9.03425],
							"size": [24, 1, 9],
							"pivot": [0, 62.5, 8.5],
							"rotation": [-20, 0, 0],
							"uv": {
								"north": {"uv": [0, 0], "uv_size": [2, 3]},
								"east": {"uv": [0, 0], "uv_size": [2, 3]},
								"south": {"uv": [0, 0], "uv_size": [2, 3]},
								"west": {"uv": [0, 0], "uv_size": [2, 3]},
								"up": {"uv": [47, 24], "uv_size": [-15, -6]},
								"down": {"uv": [47, 18], "uv_size": [-15, 6]}
							}
						},
						{
							"origin": [12, 59.54109, 8.46236],
							"size": [10, 1, 9],
							"pivot": [12, 60.04109, 12.96236],
							"rotation": [-19.8423, 2.55868, 7.05239],
							"uv": {
								"north": {"uv": [0, 0], "uv_size": [2, 3]},
								"east": {"uv": [0, 0], "uv_size": [2, 3]},
								"south": {"uv": [0, 0], "uv_size": [2, 3]},
								"west": {"uv": [0, 0], "uv_size": [2, 3]},
								"up": {"uv": [32, 24], "uv_size": [-7, -6]},
								"down": {"uv": [32, 18], "uv_size": [-7, 6]}
							}
						},
						{
							"origin": [21.82034, 58.48443, 7.79273],
							"size": [7, 1, 9],
							"pivot": [20.87167, 58.20127, 12.29273],
							"rotation": [-19.37006, 5.07855, 14.13272],
							"uv": {
								"north": {"uv": [0, 0], "uv_size": [2, 3]},
								"east": {"uv": [0, 0], "uv_size": [2, 3]},
								"south": {"uv": [0, 0], "uv_size": [2, 3]},
								"west": {"uv": [0, 0], "uv_size": [2, 3]},
								"up": {"uv": [25, 24], "uv_size": [-5, -6]},
								"down": {"uv": [25, 24], "uv_size": [-5, -6]}
							}
						},
						{
							"origin": [28.77392, 56.49647, 7.38002],
							"size": [4, 1, 9],
							"pivot": [29.13293, 57.12769, 11.538],
							"rotation": [-18.58597, 7.52076, 21.26765],
							"uv": {
								"north": {"uv": [0, 0], "uv_size": [2, 3]},
								"east": {"uv": [0, 0], "uv_size": [2, 3]},
								"south": {"uv": [0, 0], "uv_size": [2, 3]},
								"west": {"uv": [0, 0], "uv_size": [2, 3]},
								"up": {"uv": [20, 24], "uv_size": [-2, -6]},
								"down": {"uv": [20, 18], "uv_size": [-2, 6]}
							}
						},
						{
							"origin": [32.50168, 55.26547, 7.92163],
							"size": [4, 1, 8],
							"pivot": [32.29431, 55.86827, 11.07961],
							"rotation": [-17.06488, 10.58927, 30.90686],
							"uv": {
								"north": {"uv": [0, 0], "uv_size": [2, 3]},
								"east": {"uv": [0, 0], "uv_size": [2, 3]},
								"south": {"uv": [0, 0], "uv_size": [2, 3]},
								"west": {"uv": [0, 0], "uv_size": [2, 3]},
								"up": {"uv": [18, 24], "uv_size": [-2, -7]},
								"down": {"uv": [18, 24], "uv_size": [-2, -7]}
							}
						},
						{
							"origin": [-12, 62, -9],
							"size": [24, 1, 9],
							"pivot": [0, 62.5, 0.5],
							"rotation": [5, 0, 0],
							"uv": {
								"north": {"uv": [0, 0], "uv_size": [2, 3]},
								"east": {"uv": [0, 0], "uv_size": [2, 3]},
								"south": {"uv": [0, 0], "uv_size": [2, 3]},
								"west": {"uv": [0, 0], "uv_size": [2, 3]},
								"up": {"uv": [47, 12], "uv_size": [-15, -6]},
								"down": {"uv": [47, 6], "uv_size": [-15, 6]}
							}
						},
						{
							"origin": [12, 61.56422, -8.98097],
							"size": [10, 1, 9],
							"pivot": [12, 62.06422, -4.48097],
							"rotation": [4.95744, -0.65182, 7.47178],
							"uv": {
								"north": {"uv": [0, 0], "uv_size": [2, 3]},
								"east": {"uv": [0, 0], "uv_size": [2, 3]},
								"south": {"uv": [0, 0], "uv_size": [2, 3]},
								"west": {"uv": [0, 0], "uv_size": [2, 3]},
								"up": {"uv": [32, 12], "uv_size": [-7, -6]},
								"down": {"uv": [32, 6], "uv_size": [-7, 6]}
							}
						},
						{
							"origin": [21.8289, 60.26641, -8.81033],
							"size": [7, 1, 9],
							"pivot": [21.87167, 60.11378, -4.31033],
							"rotation": [4.83045, -1.29256, 14.94548],
							"uv": {
								"north": {"uv": [0, 0], "uv_size": [2, 3]},
								"east": {"uv": [0, 0], "uv_size": [2, 3]},
								"south": {"uv": [0, 0], "uv_size": [2, 3]},
								"west": {"uv": [0, 0], "uv_size": [2, 3]},
								"up": {"uv": [25, 12], "uv_size": [-5, -6]},
								"down": {"uv": [25, 6], "uv_size": [-5, 6]}
							}
						},
						{
							"origin": [32.51592, 56.92585, -8.5],
							"size": [4, 1, 8],
							"pivot": [32.28694, 57.58085, -4.00124],
							"rotation": [4.09918, -2.86544, 34.89743],
							"uv": {
								"north": {"uv": [0, 0], "uv_size": [2, 3]},
								"east": {"uv": [0, 0], "uv_size": [2, 3]},
								"south": {"uv": [0, 0], "uv_size": [2, 3]},
								"west": {"uv": [0, 0], "uv_size": [2, 3]},
								"up": {"uv": [18, 12], "uv_size": [-2, -6]},
								"down": {"uv": [18, 6], "uv_size": [-2, 6]}
							}
						},
						{
							"origin": [28.76303, 58.61857, -8.71654],
							"size": [4, 1, 9],
							"pivot": [28.14149, 59.04554, -4.12938],
							"rotation": [4.62111, -1.91134, 22.42287],
							"uv": {
								"north": {"uv": [0, 0], "uv_size": [2, 3]},
								"east": {"uv": [0, 0], "uv_size": [2, 3]},
								"south": {"uv": [0, 0], "uv_size": [2, 3]},
								"west": {"uv": [0, 0], "uv_size": [2, 3]},
								"up": {"uv": [20, 12], "uv_size": [-2, -6]},
								"down": {"uv": [20, 6], "uv_size": [-2, 6]}
							}
						},
						{
							"origin": [-12, 61.2156, -17.9277],
							"size": [24, 1, 9],
							"pivot": [0, 61.27982, -8.44673],
							"rotation": [17.5, 0, 0],
							"uv": {
								"north": {"uv": [0, 0], "uv_size": [2, 3]},
								"east": {"uv": [0, 0], "uv_size": [2, 3]},
								"south": {"uv": [0, 0], "uv_size": [2, 3]},
								"west": {"uv": [0, 0], "uv_size": [2, 3]},
								"up": {"uv": [47, 6], "uv_size": [-15, -6]},
								"down": {"uv": [47, 0], "uv_size": [-15, 6]}
							}
						},
						{
							"origin": [12, 59.69762, -17.82821],
							"size": [10, 1, 9],
							"pivot": [12, 60.19762, -13.32821],
							"rotation": [17.35932, -2.24944, 7.15656],
							"uv": {
								"north": {"uv": [0, 0], "uv_size": [2, 3]},
								"east": {"uv": [0, 0], "uv_size": [2, 3]},
								"south": {"uv": [0, 0], "uv_size": [2, 3]},
								"west": {"uv": [0, 0], "uv_size": [2, 3]},
								"up": {"uv": [32, 6], "uv_size": [-7, -6]},
								"down": {"uv": [32, 0], "uv_size": [-7, 6]}
							}
						},
						{
							"origin": [21.8289, 58.48298, -17.23946],
							"size": [7, 1, 9],
							"pivot": [21.87167, 58.33035, -12.73946],
							"rotation": [16.93839, -4.46375, 14.33501],
							"uv": {
								"north": {"uv": [0, 0], "uv_size": [2, 3]},
								"east": {"uv": [0, 0], "uv_size": [2, 3]},
								"south": {"uv": [0, 0], "uv_size": [2, 3]},
								"west": {"uv": [0, 0], "uv_size": [2, 3]},
								"up": {"uv": [25, 6], "uv_size": [-5, -6]},
								"down": {"uv": [25, 0], "uv_size": [-5, 6]}
							}
						},
						{
							"origin": [28.75203, 56.96436, -16.91586],
							"size": [4, 1, 9],
							"pivot": [28.14149, 57.3503, -12.11515],
							"rotation": [16.24074, -6.60796, 21.55613],
							"uv": {
								"north": {"uv": [0, 0], "uv_size": [2, 3]},
								"east": {"uv": [0, 0], "uv_size": [2, 3]},
								"south": {"uv": [0, 0], "uv_size": [2, 3]},
								"west": {"uv": [0, 0], "uv_size": [2, 3]},
								"up": {"uv": [20, 6], "uv_size": [-2, -6]},
								"down": {"uv": [20, 0], "uv_size": [-2, 6]}
							}
						},
						{
							"origin": [32.69154, 55.31474, -16.61515],
							"size": [4, 1, 9],
							"pivot": [32.14149, 56.3503, -12.11515],
							"rotation": [14.48174, -9.93191, 33.73499],
							"uv": {
								"north": {"uv": [0, 0], "uv_size": [2, 3]},
								"east": {"uv": [0, 0], "uv_size": [2, 3]},
								"south": {"uv": [0, 0], "uv_size": [2, 3]},
								"west": {"uv": [0, 0], "uv_size": [2, 3]},
								"up": {"uv": [18, 6], "uv_size": [-2, -6]},
								"down": {"uv": [16, 0], "uv_size": [2, 6]}
							}
						},
						{
							"origin": [-36.51592, 56.92585, -8.5],
							"size": [4, 1, 8],
							"pivot": [-32.28694, 57.58085, -4.00124],
							"rotation": [4.09918, 2.86544, -34.89743],
							"uv": {
								"north": {"uv": [0, 0], "uv_size": [2, 3]},
								"east": {"uv": [0, 0], "uv_size": [2, 3]},
								"south": {"uv": [0, 0], "uv_size": [2, 3]},
								"west": {"uv": [0, 0], "uv_size": [2, 3]},
								"up": {"uv": [64, 12], "uv_size": [-2, -6]},
								"down": {"uv": [64, 6], "uv_size": [-2, 6]}
							}
						},
						{
							"origin": [-36.50737, 56.79582, -0.6],
							"size": [4, 1, 9],
							"pivot": [-32.27838, 57.45082, 3.98986],
							"rotation": [-4.09918, -2.86544, -34.89743],
							"uv": {
								"north": {"uv": [0, 0], "uv_size": [2, 3]},
								"east": {"uv": [0, 0], "uv_size": [2, 3]},
								"south": {"uv": [0, 0], "uv_size": [2, 3]},
								"west": {"uv": [0, 0], "uv_size": [2, 3]},
								"up": {"uv": [64, 17], "uv_size": [-2, -5]},
								"down": {"uv": [64, 12], "uv_size": [-2, 5]}
							}
						},
						{
							"origin": [-36.50168, 55.26547, 7.92163],
							"size": [4, 1, 8],
							"pivot": [-32.29431, 55.86827, 11.07961],
							"rotation": [-17.06488, -10.58927, -30.90686],
							"uv": {
								"north": {"uv": [0, 0], "uv_size": [2, 3]},
								"east": {"uv": [0, 0], "uv_size": [2, 3]},
								"south": {"uv": [0, 0], "uv_size": [2, 3]},
								"west": {"uv": [0, 0], "uv_size": [2, 3]},
								"up": {"uv": [64, 24.2], "uv_size": [-2, -4.2]},
								"down": {"uv": [64, 20], "uv_size": [-2, 4.2]}
							}
						},
						{
							"origin": [-36.69154, 55.31474, -16.61515],
							"size": [4, 1, 9],
							"pivot": [-32.14149, 56.3503, -12.11515],
							"rotation": [14.48174, 9.93191, -33.73499],
							"uv": {
								"north": {"uv": [0, 0], "uv_size": [2, 3]},
								"east": {"uv": [0, 0], "uv_size": [2, 3]},
								"south": {"uv": [0, 0], "uv_size": [2, 3]},
								"west": {"uv": [0, 0], "uv_size": [2, 3]},
								"up": {"uv": [64, 6], "uv_size": [-2, -6]},
								"down": {"uv": [64, 0], "uv_size": [-2, 6]}
							}
						},
						{
							"origin": [-32.76303, 58.61857, -8.71654],
							"size": [4, 1, 9],
							"pivot": [-28.14149, 59.04554, -4.12938],
							"rotation": [4.62111, 1.91134, -22.42287],
							"uv": {
								"north": {"uv": [0, 0], "uv_size": [2, 3]},
								"east": {"uv": [0, 0], "uv_size": [2, 3]},
								"south": {"uv": [0, 0], "uv_size": [2, 3]},
								"west": {"uv": [0, 0], "uv_size": [2, 3]},
								"up": {"uv": [61, 12], "uv_size": [-2, -6]},
								"down": {"uv": [61, 6], "uv_size": [-2, 6]}
							}
						},
						{
							"origin": [-32.75447, 58.48854, -0.29484],
							"size": [4, 1, 9],
							"pivot": [-28.13293, 58.91551, 4.11801],
							"rotation": [-4.62111, -1.91134, -22.42287],
							"uv": {
								"north": {"uv": [0, 0], "uv_size": [2, 3]},
								"east": {"uv": [0, 0], "uv_size": [2, 3]},
								"south": {"uv": [0, 0], "uv_size": [2, 3]},
								"west": {"uv": [0, 0], "uv_size": [2, 3]},
								"up": {"uv": [61, 18], "uv_size": [-2, -6]},
								"down": {"uv": [61, 12], "uv_size": [-2, 6]}
							}
						},
						{
							"origin": [-32.77392, 56.49647, 8.38002],
							"size": [4, 1, 8],
							"pivot": [-29.13293, 57.12769, 11.538],
							"rotation": [-18.58597, -7.52076, -21.26765],
							"uv": {
								"north": {"uv": [0, 0], "uv_size": [2, 3]},
								"east": {"uv": [0, 0], "uv_size": [2, 3]},
								"south": {"uv": [0, 0], "uv_size": [2, 3]},
								"west": {"uv": [0, 0], "uv_size": [2, 3]},
								"up": {"uv": [61, 24.4], "uv_size": [-2, -6.4]},
								"down": {"uv": [61, 18], "uv_size": [-2, 6.4]}
							}
						},
						{
							"origin": [-32.75203, 56.96436, -16.91586],
							"size": [4, 1, 9],
							"pivot": [-28.14149, 57.3503, -12.11515],
							"rotation": [16.24074, 6.60796, -21.55613],
							"uv": {
								"north": {"uv": [0, 0], "uv_size": [2, 3]},
								"east": {"uv": [0, 0], "uv_size": [2, 3]},
								"south": {"uv": [0, 0], "uv_size": [2, 3]},
								"west": {"uv": [0, 0], "uv_size": [2, 3]},
								"up": {"uv": [61, 6], "uv_size": [-2, -6]},
								"down": {"uv": [61, 0], "uv_size": [-2, 6]}
							}
						},
						{
							"origin": [-28.8289, 58.48298, -17.23946],
							"size": [7, 1, 9],
							"pivot": [-21.87167, 58.33035, -12.73946],
							"rotation": [16.93839, 4.46375, -14.33501],
							"uv": {
								"north": {"uv": [0, 0], "uv_size": [2, 3]},
								"east": {"uv": [0, 0], "uv_size": [2, 3]},
								"south": {"uv": [0, 0], "uv_size": [2, 3]},
								"west": {"uv": [0, 0], "uv_size": [2, 3]},
								"up": {"uv": [59, 6], "uv_size": [-5, -6]},
								"down": {"uv": [59, 0], "uv_size": [-5, 6]}
							}
						},
						{
							"origin": [-28.8289, 60.26641, -8.81033],
							"size": [7, 1, 9],
							"pivot": [-21.87167, 60.11378, -4.31033],
							"rotation": [4.83045, 1.29256, -14.94548],
							"uv": {
								"north": {"uv": [0, 0], "uv_size": [2, 3]},
								"east": {"uv": [0, 0], "uv_size": [2, 3]},
								"south": {"uv": [0, 0], "uv_size": [2, 3]},
								"west": {"uv": [0, 0], "uv_size": [2, 3]},
								"up": {"uv": [59, 12], "uv_size": [-5, -6]},
								"down": {"uv": [59, 6], "uv_size": [-5, 6]}
							}
						},
						{
							"origin": [-28.82034, 60.39694, -0.18967],
							"size": [7, 1, 9],
							"pivot": [-20.87167, 60.11378, 4.31033],
							"rotation": [-4.83045, -1.29256, -14.94548],
							"uv": {
								"north": {"uv": [0, 0], "uv_size": [2, 3]},
								"east": {"uv": [0, 0], "uv_size": [2, 3]},
								"south": {"uv": [0, 0], "uv_size": [2, 3]},
								"west": {"uv": [0, 0], "uv_size": [2, 3]},
								"up": {"uv": [59, 18], "uv_size": [-5, -6]},
								"down": {"uv": [59, 12], "uv_size": [-5, 6]}
							}
						},
						{
							"origin": [-28.82034, 58.48443, 7.79273],
							"size": [7, 1, 9],
							"pivot": [-20.87167, 58.20127, 12.29273],
							"rotation": [-19.37006, -5.07855, -14.13272],
							"uv": {
								"north": {"uv": [0, 0], "uv_size": [2, 3]},
								"east": {"uv": [0, 0], "uv_size": [2, 3]},
								"south": {"uv": [0, 0], "uv_size": [2, 3]},
								"west": {"uv": [0, 0], "uv_size": [2, 3]},
								"up": {"uv": [59, 24], "uv_size": [-5, -6]},
								"down": {"uv": [59, 18], "uv_size": [-5, 6]}
							}
						},
						{
							"origin": [-22, 59.69762, -17.82821],
							"size": [10, 1, 9],
							"pivot": [-12, 60.19762, -13.32821],
							"rotation": [17.35932, 2.24944, -7.15656],
							"uv": {
								"north": {"uv": [0, 0], "uv_size": [2, 3]},
								"east": {"uv": [0, 0], "uv_size": [2, 3]},
								"south": {"uv": [0, 0], "uv_size": [2, 3]},
								"west": {"uv": [0, 0], "uv_size": [2, 3]},
								"up": {"uv": [54, 6], "uv_size": [-7, -6]},
								"down": {"uv": [54, 0], "uv_size": [-7, 6]}
							}
						},
						{
							"origin": [-22, 61.56422, -8.98097],
							"size": [10, 1, 9],
							"pivot": [-12, 62.06422, -4.48097],
							"rotation": [4.95744, 0.65182, -7.47178],
							"uv": {
								"north": {"uv": [0, 0], "uv_size": [2, 3]},
								"east": {"uv": [0, 0], "uv_size": [2, 3]},
								"south": {"uv": [0, 0], "uv_size": [2, 3]},
								"west": {"uv": [0, 0], "uv_size": [2, 3]},
								"up": {"uv": [54, 12], "uv_size": [-7, -6]},
								"down": {"uv": [54, 6], "uv_size": [-7, 6]}
							}
						},
						{
							"origin": [-22, 61.56422, -0.01903],
							"size": [10, 1, 9],
							"pivot": [-12, 62.06422, 4.48097],
							"rotation": [-4.95744, -0.65182, -7.47178],
							"uv": {
								"north": {"uv": [0, 0], "uv_size": [2, 3]},
								"east": {"uv": [0, 0], "uv_size": [2, 3]},
								"south": {"uv": [0, 0], "uv_size": [2, 3]},
								"west": {"uv": [0, 0], "uv_size": [2, 3]},
								"up": {"uv": [54, 18], "uv_size": [-7, -6]},
								"down": {"uv": [54, 12], "uv_size": [-7, 6]}
							}
						},
						{
							"origin": [-22, 59.54109, 8.46236],
							"size": [10, 1, 9],
							"pivot": [-12, 60.04109, 12.96236],
							"rotation": [-19.8423, -2.55868, -7.05239],
							"uv": {
								"north": {"uv": [0, 0], "uv_size": [2, 3]},
								"east": {"uv": [0, 0], "uv_size": [2, 3]},
								"south": {"uv": [0, 0], "uv_size": [2, 3]},
								"west": {"uv": [0, 0], "uv_size": [2, 3]},
								"up": {"uv": [54, 24], "uv_size": [-7, -6]},
								"down": {"uv": [54, 18], "uv_size": [-7, 6]}
							}
						}
					]
				},
				{
					"name": "rope",
					"parent": "parachute_",
					"pivot": [0, 22.67334, 2.03426],
					"cubes": [
						{
							"origin": [-3.8, 27.3, 3],
							"size": [1, 42, 1],
							"inflate": -0.4,
							"pivot": [-3.3, 27.8, 3.5],
							"rotation": [-14.85932, -2.24944, -49.65656],
							"uv": {
								"north": {"uv": [0, 0], "uv_size": [4, 33]},
								"east": {"uv": [0, 0], "uv_size": [4, 33]},
								"south": {"uv": [0, 0], "uv_size": [4, 33]},
								"west": {"uv": [0, 0], "uv_size": [4, 33]},
								"up": {"uv": [4, 33], "uv_size": [-4, -33]},
								"down": {"uv": [4, 33], "uv_size": [-4, -33]}
							}
						},
						{
							"origin": [-3.8, 27.3, 3],
							"size": [1, 38, 1],
							"inflate": -0.4,
							"pivot": [-3.3, 27.8, 3.5],
							"rotation": [-19.85614, 2.27078, -32.74603],
							"uv": {
								"north": {"uv": [0, 0], "uv_size": [4, 33]},
								"east": {"uv": [0, 0], "uv_size": [4, 33]},
								"south": {"uv": [0, 0], "uv_size": [4, 33]},
								"west": {"uv": [0, 0], "uv_size": [4, 33]},
								"up": {"uv": [4, 33], "uv_size": [-4, -33]},
								"down": {"uv": [4, 33], "uv_size": [-4, -33]}
							}
						},
						{
							"origin": [-3.8, 27.3, 3],
							"size": [1, 35, 1],
							"inflate": -0.4,
							"pivot": [-3.3, 27.8, 3.5],
							"rotation": [-21.03075, 6.59363, -15.73299],
							"uv": {
								"north": {"uv": [0, 0], "uv_size": [4, 33]},
								"east": {"uv": [0, 0], "uv_size": [4, 33]},
								"south": {"uv": [0, 0], "uv_size": [4, 33]},
								"west": {"uv": [0, 0], "uv_size": [4, 33]},
								"up": {"uv": [4, 33], "uv_size": [-4, -33]},
								"down": {"uv": [4, 33], "uv_size": [-4, -33]}
							}
						},
						{
							"origin": [-3.8, 27.3, 2],
							"size": [1, 45, 1],
							"inflate": -0.4,
							"pivot": [-3.3, 27.8, 3.5],
							"rotation": [22.71188, -1.2855, -50.1],
							"uv": {
								"north": {"uv": [4, 0], "uv_size": [-4, 33]},
								"east": {"uv": [4, 0], "uv_size": [-4, 33]},
								"south": {"uv": [4, 0], "uv_size": [-4, 33]},
								"west": {"uv": [4, 0], "uv_size": [-4, 33]},
								"up": {"uv": [0, 33], "uv_size": [4, -33]},
								"down": {"uv": [0, 33], "uv_size": [4, -33]}
							}
						},
						{
							"origin": [-3.8, 27.3, 2],
							"size": [1, 41, 1],
							"inflate": -0.4,
							"pivot": [-3.3, 27.8, 3.5],
							"rotation": [26.70229, -6.98295, -36.18195],
							"uv": {
								"north": {"uv": [4, 0], "uv_size": [-4, 33]},
								"east": {"uv": [4, 0], "uv_size": [-4, 33]},
								"south": {"uv": [4, 0], "uv_size": [-4, 33]},
								"west": {"uv": [4, 0], "uv_size": [-4, 33]},
								"up": {"uv": [0, 33], "uv_size": [4, -33]},
								"down": {"uv": [0, 33], "uv_size": [4, -33]}
							}
						},
						{
							"origin": [-2.94925, 24.2349, 0.01541],
							"size": [1, 38, 1],
							"inflate": -0.4,
							"pivot": [-6.37419, 27.91285, -1.53371],
							"rotation": [31.27461, -13.08043, -19.51347],
							"uv": {
								"north": {"uv": [4, 0], "uv_size": [-4, 33]},
								"east": {"uv": [4, 0], "uv_size": [-4, 33]},
								"south": {"uv": [4, 0], "uv_size": [-4, 33]},
								"west": {"uv": [4, 0], "uv_size": [-4, 33]},
								"up": {"uv": [0, 33], "uv_size": [4, -33]},
								"down": {"uv": [0, 33], "uv_size": [4, -33]}
							}
						},
						{
							"origin": [2.8, 27.3, 3],
							"size": [1, 42, 1],
							"inflate": -0.4,
							"pivot": [3.3, 27.8, 3.5],
							"rotation": [-14.85932, 2.24944, 49.65656],
							"uv": {
								"north": {"uv": [4, 0], "uv_size": [-4, 33]},
								"east": {"uv": [4, 0], "uv_size": [-4, 33]},
								"south": {"uv": [4, 0], "uv_size": [-4, 33]},
								"west": {"uv": [4, 0], "uv_size": [-4, 33]},
								"up": {"uv": [0, 33], "uv_size": [4, -33]},
								"down": {"uv": [0, 33], "uv_size": [4, -33]}
							}
						},
						{
							"origin": [2.8, 27.3, 3],
							"size": [1, 38, 1],
							"inflate": -0.4,
							"pivot": [3.3, 27.8, 3.5],
							"rotation": [-19.85614, -2.27078, 32.74603],
							"uv": {
								"north": {"uv": [4, 0], "uv_size": [-4, 33]},
								"east": {"uv": [4, 0], "uv_size": [-4, 33]},
								"south": {"uv": [4, 0], "uv_size": [-4, 33]},
								"west": {"uv": [4, 0], "uv_size": [-4, 33]},
								"up": {"uv": [0, 33], "uv_size": [4, -33]},
								"down": {"uv": [0, 33], "uv_size": [4, -33]}
							}
						},
						{
							"origin": [2.8, 27.3, 3],
							"size": [1, 35, 1],
							"inflate": -0.4,
							"pivot": [3.3, 27.8, 3.5],
							"rotation": [-21.03075, -6.59363, 15.73299],
							"uv": {
								"north": {"uv": [4, 0], "uv_size": [-4, 33]},
								"east": {"uv": [4, 0], "uv_size": [-4, 33]},
								"south": {"uv": [4, 0], "uv_size": [-4, 33]},
								"west": {"uv": [4, 0], "uv_size": [-4, 33]},
								"up": {"uv": [0, 33], "uv_size": [4, -33]},
								"down": {"uv": [0, 33], "uv_size": [4, -33]}
							}
						},
						{
							"origin": [2.8, 27.3, 2],
							"size": [1, 45, 1],
							"inflate": -0.4,
							"pivot": [3.3, 27.8, 3.5],
							"rotation": [22.71188, 1.2855, 50.1],
							"uv": {
								"north": {"uv": [0, 0], "uv_size": [4, 33]},
								"east": {"uv": [0, 0], "uv_size": [4, 33]},
								"south": {"uv": [0, 0], "uv_size": [4, 33]},
								"west": {"uv": [0, 0], "uv_size": [4, 33]},
								"up": {"uv": [4, 33], "uv_size": [-4, -33]},
								"down": {"uv": [4, 33], "uv_size": [-4, -33]}
							}
						},
						{
							"origin": [2.8, 27.3, 2],
							"size": [1, 41, 1],
							"inflate": -0.4,
							"pivot": [3.3, 27.8, 3.5],
							"rotation": [26.70229, 6.98295, 36.18195],
							"uv": {
								"north": {"uv": [0, 0], "uv_size": [4, 33]},
								"east": {"uv": [0, 0], "uv_size": [4, 33]},
								"south": {"uv": [0, 0], "uv_size": [4, 33]},
								"west": {"uv": [0, 0], "uv_size": [4, 33]},
								"up": {"uv": [4, 33], "uv_size": [-4, -33]},
								"down": {"uv": [4, 33], "uv_size": [-4, -33]}
							}
						},
						{
							"origin": [2.8, 27.3, 2],
							"size": [1, 38, 1],
							"inflate": -0.4,
							"pivot": [3.3, 27.8, 3.5],
							"rotation": [31.27461, 13.08043, 19.51347],
							"uv": {
								"north": {"uv": [0, 0], "uv_size": [4, 33]},
								"east": {"uv": [0, 0], "uv_size": [4, 33]},
								"south": {"uv": [0, 0], "uv_size": [4, 33]},
								"west": {"uv": [0, 0], "uv_size": [4, 33]},
								"up": {"uv": [4, 33], "uv_size": [-4, -33]},
								"down": {"uv": [4, 33], "uv_size": [-4, -33]}
							}
						},
						{
							"origin": [-3.5, 20.7, 2],
							"size": [1, 7, 1],
							"inflate": -0.4,
							"pivot": [-3, 27.7, 2.5],
							"rotation": [2.41492, -0.64686, 12.48637],
							"uv": {
								"north": {"uv": [4, 0], "uv_size": [-4, 33]},
								"east": {"uv": [4, 0], "uv_size": [-4, 33]},
								"south": {"uv": [4, 0], "uv_size": [-4, 33]},
								"west": {"uv": [4, 0], "uv_size": [-4, 33]},
								"up": {"uv": [0, 33], "uv_size": [4, -33]},
								"down": {"uv": [0, 33], "uv_size": [4, -33]}
							}
						},
						{
							"origin": [-4.1, 20.7, 2.4],
							"size": [1, 7, 1],
							"inflate": -0.4,
							"pivot": [-3, 27.7, 2.5],
							"rotation": [0, 0, 7.5],
							"uv": {
								"north": {"uv": [4, 0], "uv_size": [-4, 33]},
								"east": {"uv": [4, 0], "uv_size": [-4, 33]},
								"south": {"uv": [4, 0], "uv_size": [-4, 33]},
								"west": {"uv": [4, 0], "uv_size": [-4, 33]},
								"up": {"uv": [0, 33], "uv_size": [4, -33]},
								"down": {"uv": [0, 33], "uv_size": [4, -33]}
							}
						},
						{
							"origin": [-3.52181, 20.70714, 2.8],
							"size": [1, 7, 1],
							"inflate": -0.4,
							"pivot": [-2.84733, 27.7, 3.3],
							"rotation": [-2.41492, 0.64686, 12.48637],
							"uv": {
								"north": {"uv": [4, 0], "uv_size": [-4, 33]},
								"east": {"uv": [4, 0], "uv_size": [-4, 33]},
								"south": {"uv": [4, 0], "uv_size": [-4, 33]},
								"west": {"uv": [4, 0], "uv_size": [-4, 33]},
								"up": {"uv": [0, 33], "uv_size": [4, -33]},
								"down": {"uv": [0, 33], "uv_size": [4, -33]}
							}
						},
						{
							"origin": [-4.9282, 7.79667, 2.4],
							"size": [1, 14, 1],
							"inflate": -0.38,
							"pivot": [-4.4, 21.2743, 2.9],
							"rotation": [-0.60256, -0.47319, -0.4385],
							"uv": {
								"north": {"uv": [4, 0], "uv_size": [-4, 33]},
								"east": {"uv": [4, 0], "uv_size": [-4, 33]},
								"south": {"uv": [4, 0], "uv_size": [-4, 33]},
								"west": {"uv": [4, 0], "uv_size": [-4, 33]},
								"up": {"uv": [0, 33], "uv_size": [4, -33]},
								"down": {"uv": [0, 33], "uv_size": [4, -33]}
							}
						},
						{
							"origin": [-4.9282, 13.79667, 2.4],
							"size": [1, 8, 1],
							"inflate": -0.4,
							"pivot": [-4.4, 21.2743, 2.9],
							"rotation": [-0.71695, -0.2701, 17.0607],
							"uv": {
								"north": {"uv": [4, 0], "uv_size": [-4, 33]},
								"east": {"uv": [4, 0], "uv_size": [-4, 33]},
								"south": {"uv": [4, 0], "uv_size": [-4, 33]},
								"west": {"uv": [4, 0], "uv_size": [-4, 33]},
								"up": {"uv": [0, 33], "uv_size": [4, -33]},
								"down": {"uv": [0, 33], "uv_size": [4, -33]}
							}
						},
						{
							"origin": [-4, 27.2, 1.88325],
							"size": [8, 0.5, 2],
							"uv": {
								"north": {"uv": [0, 0], "uv_size": [4, 33]},
								"east": {"uv": [0, 0], "uv_size": [4, 33]},
								"south": {"uv": [0, 0], "uv_size": [4, 33]},
								"west": {"uv": [0, 0], "uv_size": [4, 33]},
								"up": {"uv": [4, 33], "uv_size": [-4, -33]},
								"down": {"uv": [4, 33], "uv_size": [-4, -33]}
							}
						},
						{
							"origin": [-6.72128, 13.51649, 1.73304],
							"size": [0.3, 0.39782, 0.2],
							"pivot": [-6.57128, 13.7154, 2.7254],
							"rotation": [45, 0, 2.5],
							"uv": {
								"north": {"uv": [0, 0], "uv_size": [4, 33]},
								"east": {"uv": [0, 0], "uv_size": [4, 33]},
								"south": {"uv": [0, 0], "uv_size": [4, 33]},
								"west": {"uv": [0, 0], "uv_size": [4, 33]},
								"up": {"uv": [4, 33], "uv_size": [-4, -33]},
								"down": {"uv": [4, 33], "uv_size": [-4, -33]}
							}
						},
						{
							"origin": [-6.72128, 13.51649, 3.52224],
							"size": [0.3, 0.39782, 0.2],
							"pivot": [-6.57128, 13.7154, 2.7254],
							"rotation": [45, 0, 2.5],
							"uv": {
								"north": {"uv": [0, 0], "uv_size": [4, 33]},
								"east": {"uv": [0, 0], "uv_size": [4, 33]},
								"south": {"uv": [0, 0], "uv_size": [4, 33]},
								"west": {"uv": [0, 0], "uv_size": [4, 33]},
								"up": {"uv": [4, 33], "uv_size": [-4, -33]},
								"down": {"uv": [4, 33], "uv_size": [-4, -33]}
							}
						},
						{
							"origin": [-6.72128, 13.51942, 1.73246],
							"size": [0.3, 0.39782, 0.2],
							"pivot": [-6.57128, 13.7154, 2.7254],
							"rotation": [22.5, 0, 2.5],
							"uv": {
								"north": {"uv": [0, 0], "uv_size": [4, 33]},
								"east": {"uv": [0, 0], "uv_size": [4, 33]},
								"south": {"uv": [0, 0], "uv_size": [4, 33]},
								"west": {"uv": [0, 0], "uv_size": [4, 33]},
								"up": {"uv": [4, 33], "uv_size": [-4, -33]},
								"down": {"uv": [4, 33], "uv_size": [-4, -33]}
							}
						},
						{
							"origin": [-6.72128, 13.51942, 3.52166],
							"size": [0.3, 0.39782, 0.2],
							"pivot": [-6.57128, 13.7154, 2.7254],
							"rotation": [22.5, 0, 2.5],
							"uv": {
								"north": {"uv": [0, 0], "uv_size": [4, 33]},
								"east": {"uv": [0, 0], "uv_size": [4, 33]},
								"south": {"uv": [0, 0], "uv_size": [4, 33]},
								"west": {"uv": [0, 0], "uv_size": [4, 33]},
								"up": {"uv": [4, 33], "uv_size": [-4, -33]},
								"down": {"uv": [4, 33], "uv_size": [-4, -33]}
							}
						},
						{
							"origin": [-6.72128, 13.52189, 1.7308],
							"size": [0.3, 0.39782, 0.2],
							"pivot": [-6.57128, 13.7154, 2.7254],
							"rotation": [0, 0, 2.5],
							"uv": {
								"north": {"uv": [0, 0], "uv_size": [4, 33]},
								"east": {"uv": [0, 0], "uv_size": [4, 33]},
								"south": {"uv": [0, 0], "uv_size": [4, 33]},
								"west": {"uv": [0, 0], "uv_size": [4, 33]},
								"up": {"uv": [4, 33], "uv_size": [-4, -33]},
								"down": {"uv": [4, 33], "uv_size": [-4, -33]}
							}
						},
						{
							"origin": [-6.72128, 13.52189, 3.52],
							"size": [0.3, 0.39782, 0.2],
							"pivot": [-6.57128, 13.7154, 2.7254],
							"rotation": [0, 0, 2.5],
							"uv": {
								"north": {"uv": [0, 0], "uv_size": [4, 33]},
								"east": {"uv": [0, 0], "uv_size": [4, 33]},
								"south": {"uv": [0, 0], "uv_size": [4, 33]},
								"west": {"uv": [0, 0], "uv_size": [4, 33]},
								"up": {"uv": [4, 33], "uv_size": [-4, -33]},
								"down": {"uv": [4, 33], "uv_size": [-4, -33]}
							}
						},
						{
							"origin": [-6.72128, 13.52355, 1.72832],
							"size": [0.3, 0.39782, 0.2],
							"pivot": [-6.57128, 13.7154, 2.7254],
							"rotation": [-22.5, 0, 2.5],
							"uv": {
								"north": {"uv": [0, 0], "uv_size": [4, 33]},
								"east": {"uv": [0, 0], "uv_size": [4, 33]},
								"south": {"uv": [0, 0], "uv_size": [4, 33]},
								"west": {"uv": [0, 0], "uv_size": [4, 33]},
								"up": {"uv": [4, 33], "uv_size": [-4, -33]},
								"down": {"uv": [4, 33], "uv_size": [-4, -33]}
							}
						},
						{
							"origin": [-6.72128, 13.52355, 3.51752],
							"size": [0.3, 0.39782, 0.2],
							"pivot": [-6.57128, 13.7154, 2.7254],
							"rotation": [-22.5, 0, 2.5],
							"uv": {
								"north": {"uv": [0, 0], "uv_size": [4, 33]},
								"east": {"uv": [0, 0], "uv_size": [4, 33]},
								"south": {"uv": [0, 0], "uv_size": [4, 33]},
								"west": {"uv": [0, 0], "uv_size": [4, 33]},
								"up": {"uv": [4, 33], "uv_size": [-4, -33]},
								"down": {"uv": [4, 33], "uv_size": [-4, -33]}
							}
						},
						{
							"origin": [-6.72128, 13.52413, 1.7346],
							"size": [0.3, 0.39782, 0.2],
							"pivot": [-6.57128, 13.7154, 2.7254],
							"rotation": [-45, 0, 2.5],
							"uv": {
								"north": {"uv": [0, 0], "uv_size": [1, 1]},
								"east": {"uv": [0, 0], "uv_size": [4, 33]},
								"south": {"uv": [0, 0], "uv_size": [4, 33]},
								"west": {"uv": [0, 0], "uv_size": [4, 33]},
								"up": {"uv": [4, 33], "uv_size": [-4, -33]},
								"down": {"uv": [4, 33], "uv_size": [-4, -33]}
							}
						},
						{
							"origin": [-6.72128, 13.52413, 3.5146],
							"size": [0.3, 0.39782, 0.2],
							"pivot": [-6.57128, 13.7154, 2.7254],
							"rotation": [-45, 0, 2.5],
							"uv": {
								"north": {"uv": [0, 0], "uv_size": [1, 1]},
								"east": {"uv": [0, 0], "uv_size": [4, 33]},
								"south": {"uv": [0, 0], "uv_size": [4, 33]},
								"west": {"uv": [0, 0], "uv_size": [4, 33]},
								"up": {"uv": [4, 33], "uv_size": [-4, -33]},
								"down": {"uv": [4, 33], "uv_size": [-4, -33]}
							}
						},
						{
							"origin": [-6.72128, 12.71833, 2.53354],
							"size": [0.3, 0.2, 0.39782],
							"pivot": [-6.57128, 13.7154, 2.7254],
							"rotation": [22.5, 0, 2.5],
							"uv": {
								"north": {"uv": [0, 0], "uv_size": [4, 33]},
								"east": {"uv": [0, 0], "uv_size": [4, 33]},
								"south": {"uv": [0, 0], "uv_size": [4, 33]},
								"west": {"uv": [0, 0], "uv_size": [4, 33]},
								"up": {"uv": [4, 33], "uv_size": [-4, -33]},
								"down": {"uv": [4, 33], "uv_size": [-4, -33]}
							}
						},
						{
							"origin": [-6.72128, 14.50752, 2.53354],
							"size": [0.3, 0.2, 0.39782],
							"pivot": [-6.57128, 13.7154, 2.7254],
							"rotation": [22.5, 0, 2.5],
							"uv": {
								"north": {"uv": [0, 0], "uv_size": [4, 33]},
								"east": {"uv": [0, 0], "uv_size": [4, 33]},
								"south": {"uv": [0, 0], "uv_size": [4, 33]},
								"west": {"uv": [0, 0], "uv_size": [4, 33]},
								"up": {"uv": [4, 33], "uv_size": [-4, -33]},
								"down": {"uv": [4, 33], "uv_size": [-4, -33]}
							}
						},
						{
							"origin": [-6.72128, 12.72081, 2.53189],
							"size": [0.3, 0.2, 0.39782],
							"pivot": [-6.57128, 13.7154, 2.7254],
							"rotation": [0, 0, 2.5],
							"uv": {
								"north": {"uv": [0, 0], "uv_size": [4, 33]},
								"east": {"uv": [0, 0], "uv_size": [4, 33]},
								"south": {"uv": [0, 0], "uv_size": [4, 33]},
								"west": {"uv": [0, 0], "uv_size": [4, 33]},
								"up": {"uv": [4, 33], "uv_size": [-4, -33]},
								"down": {"uv": [4, 33], "uv_size": [-4, -33]}
							}
						},
						{
							"origin": [-6.72128, 14.51, 2.53189],
							"size": [0.3, 0.2, 0.39782],
							"pivot": [-6.57128, 13.7154, 2.7254],
							"rotation": [0, 0, 2.5],
							"uv": {
								"north": {"uv": [0, 0], "uv_size": [4, 33]},
								"east": {"uv": [0, 0], "uv_size": [4, 33]},
								"south": {"uv": [0, 0], "uv_size": [4, 33]},
								"west": {"uv": [0, 0], "uv_size": [4, 33]},
								"up": {"uv": [4, 33], "uv_size": [-4, -33]},
								"down": {"uv": [4, 33], "uv_size": [-4, -33]}
							}
						},
						{
							"origin": [-6.72128, 14.51166, 2.52941],
							"size": [0.3, 0.2, 0.39782],
							"pivot": [-6.57128, 13.7154, 2.7254],
							"rotation": [-22.5, 0, 2.5],
							"uv": {
								"north": {"uv": [0, 0], "uv_size": [4, 33]},
								"east": {"uv": [0, 0], "uv_size": [4, 33]},
								"south": {"uv": [0, 0], "uv_size": [4, 33]},
								"west": {"uv": [0, 0], "uv_size": [4, 33]},
								"up": {"uv": [4, 33], "uv_size": [-4, -33]},
								"down": {"uv": [4, 33], "uv_size": [-4, -33]}
							}
						},
						{
							"origin": [-6.72128, 12.72246, 2.52941],
							"size": [0.3, 0.2, 0.39782],
							"pivot": [-6.57128, 13.7154, 2.7254],
							"rotation": [-22.5, 0, 2.5],
							"uv": {
								"north": {"uv": [0, 0], "uv_size": [4, 33]},
								"east": {"uv": [0, 0], "uv_size": [4, 33]},
								"south": {"uv": [0, 0], "uv_size": [4, 33]},
								"west": {"uv": [0, 0], "uv_size": [4, 33]},
								"up": {"uv": [4, 33], "uv_size": [-4, -33]},
								"down": {"uv": [4, 33], "uv_size": [-4, -33]}
							}
						},
						{
							"origin": [2.52181, 20.70714, 2.8],
							"size": [1, 7, 1],
							"inflate": -0.4,
							"pivot": [2.84733, 27.7, 3.3],
							"rotation": [-2.41492, -0.64686, -12.48637],
							"uv": {
								"north": {"uv": [0, 0], "uv_size": [4, 33]},
								"east": {"uv": [0, 0], "uv_size": [4, 33]},
								"south": {"uv": [0, 0], "uv_size": [4, 33]},
								"west": {"uv": [0, 0], "uv_size": [4, 33]},
								"up": {"uv": [4, 33], "uv_size": [-4, -33]},
								"down": {"uv": [4, 33], "uv_size": [-4, -33]}
							}
						},
						{
							"origin": [-3.52181, 10.70714, 2.8],
							"size": [1, 17, 1],
							"inflate": -0.4,
							"pivot": [-2.84733, 27.7, 3.3],
							"rotation": [2.47397, -0.54404, -0.01649],
							"uv": {
								"north": {"uv": [4, 0], "uv_size": [-4, 33]},
								"east": {"uv": [4, 0], "uv_size": [-4, 33]},
								"south": {"uv": [4, 0], "uv_size": [-4, 33]},
								"west": {"uv": [4, 0], "uv_size": [-4, 33]},
								"up": {"uv": [0, 33], "uv_size": [4, -33]},
								"down": {"uv": [0, 33], "uv_size": [4, -33]}
							}
						},
						{
							"origin": [2.52181, 10.70714, 2.8],
							"size": [1, 17, 1],
							"inflate": -0.4,
							"pivot": [2.84733, 27.7, 3.3],
							"rotation": [2.47397, 0.54404, 0.01649],
							"uv": {
								"north": {"uv": [0, 0], "uv_size": [4, 33]},
								"east": {"uv": [0, 0], "uv_size": [4, 33]},
								"south": {"uv": [0, 0], "uv_size": [4, 33]},
								"west": {"uv": [0, 0], "uv_size": [4, 33]},
								"up": {"uv": [4, 33], "uv_size": [-4, -33]},
								"down": {"uv": [4, 33], "uv_size": [-4, -33]}
							}
						},
						{
							"origin": [3.1, 20.7, 2.4],
							"size": [1, 7, 1],
							"inflate": -0.4,
							"pivot": [3, 27.7, 2.5],
							"rotation": [0, 0, -7.5],
							"uv": {
								"north": {"uv": [0, 0], "uv_size": [4, 33]},
								"east": {"uv": [0, 0], "uv_size": [4, 33]},
								"south": {"uv": [0, 0], "uv_size": [4, 33]},
								"west": {"uv": [0, 0], "uv_size": [4, 33]},
								"up": {"uv": [4, 33], "uv_size": [-4, -33]},
								"down": {"uv": [4, 33], "uv_size": [-4, -33]}
							}
						},
						{
							"origin": [2.5, 20.7, 2],
							"size": [1, 7, 1],
							"inflate": -0.4,
							"pivot": [3, 27.7, 2.5],
							"rotation": [2.41492, 0.64686, -12.48637],
							"uv": {
								"north": {"uv": [0, 0], "uv_size": [4, 33]},
								"east": {"uv": [0, 0], "uv_size": [4, 33]},
								"south": {"uv": [0, 0], "uv_size": [4, 33]},
								"west": {"uv": [0, 0], "uv_size": [4, 33]},
								"up": {"uv": [4, 33], "uv_size": [-4, -33]},
								"down": {"uv": [4, 33], "uv_size": [-4, -33]}
							}
						},
						{
							"origin": [3.9282, 7.79667, 2.4],
							"size": [1, 14, 1],
							"inflate": -0.38,
							"pivot": [4.4, 21.2743, 2.9],
							"rotation": [-0.60256, 0.47319, 0.4385],
							"uv": {
								"north": {"uv": [0, 0], "uv_size": [4, 33]},
								"east": {"uv": [0, 0], "uv_size": [4, 33]},
								"south": {"uv": [0, 0], "uv_size": [4, 33]},
								"west": {"uv": [0, 0], "uv_size": [4, 33]},
								"up": {"uv": [4, 33], "uv_size": [-4, -33]},
								"down": {"uv": [4, 33], "uv_size": [-4, -33]}
							}
						},
						{
							"origin": [3.9282, 13.79667, 2.4],
							"size": [1, 8, 1],
							"inflate": -0.4,
							"pivot": [4.4, 21.2743, 2.9],
							"rotation": [-0.71695, 0.2701, -17.0607],
							"uv": {
								"north": {"uv": [0, 0], "uv_size": [4, 33]},
								"east": {"uv": [0, 0], "uv_size": [4, 33]},
								"south": {"uv": [0, 0], "uv_size": [4, 33]},
								"west": {"uv": [0, 0], "uv_size": [4, 33]},
								"up": {"uv": [4, 33], "uv_size": [-4, -33]},
								"down": {"uv": [4, 33], "uv_size": [-4, -33]}
							}
						},
						{
							"origin": [6.42128, 13.51649, 1.73304],
							"size": [0.3, 0.39782, 0.2],
							"pivot": [6.57128, 13.7154, 2.7254],
							"rotation": [45, 0, -2.5],
							"uv": {
								"north": {"uv": [4, 0], "uv_size": [-4, 33]},
								"east": {"uv": [4, 0], "uv_size": [-4, 33]},
								"south": {"uv": [4, 0], "uv_size": [-4, 33]},
								"west": {"uv": [4, 0], "uv_size": [-4, 33]},
								"up": {"uv": [0, 33], "uv_size": [4, -33]},
								"down": {"uv": [0, 33], "uv_size": [4, -33]}
							}
						},
						{
							"origin": [6.42128, 13.51942, 1.73246],
							"size": [0.3, 0.39782, 0.2],
							"pivot": [6.57128, 13.7154, 2.7254],
							"rotation": [22.5, 0, -2.5],
							"uv": {
								"north": {"uv": [4, 0], "uv_size": [-4, 33]},
								"east": {"uv": [4, 0], "uv_size": [-4, 33]},
								"south": {"uv": [4, 0], "uv_size": [-4, 33]},
								"west": {"uv": [4, 0], "uv_size": [-4, 33]},
								"up": {"uv": [0, 33], "uv_size": [4, -33]},
								"down": {"uv": [0, 33], "uv_size": [4, -33]}
							}
						},
						{
							"origin": [6.42128, 13.52189, 1.7308],
							"size": [0.3, 0.39782, 0.2],
							"pivot": [6.57128, 13.7154, 2.7254],
							"rotation": [0, 0, -2.5],
							"uv": {
								"north": {"uv": [4, 0], "uv_size": [-4, 33]},
								"east": {"uv": [4, 0], "uv_size": [-4, 33]},
								"south": {"uv": [4, 0], "uv_size": [-4, 33]},
								"west": {"uv": [4, 0], "uv_size": [-4, 33]},
								"up": {"uv": [0, 33], "uv_size": [4, -33]},
								"down": {"uv": [0, 33], "uv_size": [4, -33]}
							}
						},
						{
							"origin": [6.42128, 13.52355, 1.72832],
							"size": [0.3, 0.39782, 0.2],
							"pivot": [6.57128, 13.7154, 2.7254],
							"rotation": [-22.5, 0, -2.5],
							"uv": {
								"north": {"uv": [4, 0], "uv_size": [-4, 33]},
								"east": {"uv": [4, 0], "uv_size": [-4, 33]},
								"south": {"uv": [4, 0], "uv_size": [-4, 33]},
								"west": {"uv": [4, 0], "uv_size": [-4, 33]},
								"up": {"uv": [0, 33], "uv_size": [4, -33]},
								"down": {"uv": [0, 33], "uv_size": [4, -33]}
							}
						},
						{
							"origin": [6.42128, 13.52413, 1.7346],
							"size": [0.3, 0.39782, 0.2],
							"pivot": [6.57128, 13.7154, 2.7254],
							"rotation": [-45, 0, -2.5],
							"uv": {
								"north": {"uv": [1, 0], "uv_size": [-1, 1]},
								"east": {"uv": [4, 0], "uv_size": [-4, 33]},
								"south": {"uv": [4, 0], "uv_size": [-4, 33]},
								"west": {"uv": [4, 0], "uv_size": [-4, 33]},
								"up": {"uv": [0, 33], "uv_size": [4, -33]},
								"down": {"uv": [0, 33], "uv_size": [4, -33]}
							}
						},
						{
							"origin": [6.42128, 12.71833, 2.53354],
							"size": [0.3, 0.2, 0.39782],
							"pivot": [6.57128, 13.7154, 2.7254],
							"rotation": [22.5, 0, -2.5],
							"uv": {
								"north": {"uv": [4, 0], "uv_size": [-4, 33]},
								"east": {"uv": [4, 0], "uv_size": [-4, 33]},
								"south": {"uv": [4, 0], "uv_size": [-4, 33]},
								"west": {"uv": [4, 0], "uv_size": [-4, 33]},
								"up": {"uv": [0, 33], "uv_size": [4, -33]},
								"down": {"uv": [0, 33], "uv_size": [4, -33]}
							}
						},
						{
							"origin": [6.42128, 12.72081, 2.53189],
							"size": [0.3, 0.2, 0.39782],
							"pivot": [6.57128, 13.7154, 2.7254],
							"rotation": [0, 0, -2.5],
							"uv": {
								"north": {"uv": [4, 0], "uv_size": [-4, 33]},
								"east": {"uv": [4, 0], "uv_size": [-4, 33]},
								"south": {"uv": [4, 0], "uv_size": [-4, 33]},
								"west": {"uv": [4, 0], "uv_size": [-4, 33]},
								"up": {"uv": [0, 33], "uv_size": [4, -33]},
								"down": {"uv": [0, 33], "uv_size": [4, -33]}
							}
						},
						{
							"origin": [6.42128, 14.51166, 2.52941],
							"size": [0.3, 0.2, 0.39782],
							"pivot": [6.57128, 13.7154, 2.7254],
							"rotation": [-22.5, 0, -2.5],
							"uv": {
								"north": {"uv": [4, 0], "uv_size": [-4, 33]},
								"east": {"uv": [4, 0], "uv_size": [-4, 33]},
								"south": {"uv": [4, 0], "uv_size": [-4, 33]},
								"west": {"uv": [4, 0], "uv_size": [-4, 33]},
								"up": {"uv": [0, 33], "uv_size": [4, -33]},
								"down": {"uv": [0, 33], "uv_size": [4, -33]}
							}
						},
						{
							"origin": [6.42128, 12.72246, 2.52941],
							"size": [0.3, 0.2, 0.39782],
							"pivot": [6.57128, 13.7154, 2.7254],
							"rotation": [-22.5, 0, -2.5],
							"uv": {
								"north": {"uv": [4, 0], "uv_size": [-4, 33]},
								"east": {"uv": [4, 0], "uv_size": [-4, 33]},
								"south": {"uv": [4, 0], "uv_size": [-4, 33]},
								"west": {"uv": [4, 0], "uv_size": [-4, 33]},
								"up": {"uv": [0, 33], "uv_size": [4, -33]},
								"down": {"uv": [0, 33], "uv_size": [4, -33]}
							}
						},
						{
							"origin": [6.42128, 14.51, 2.53189],
							"size": [0.3, 0.2, 0.39782],
							"pivot": [6.57128, 13.7154, 2.7254],
							"rotation": [0, 0, -2.5],
							"uv": {
								"north": {"uv": [4, 0], "uv_size": [-4, 33]},
								"east": {"uv": [4, 0], "uv_size": [-4, 33]},
								"south": {"uv": [4, 0], "uv_size": [-4, 33]},
								"west": {"uv": [4, 0], "uv_size": [-4, 33]},
								"up": {"uv": [0, 33], "uv_size": [4, -33]},
								"down": {"uv": [0, 33], "uv_size": [4, -33]}
							}
						},
						{
							"origin": [6.42128, 14.50752, 2.53354],
							"size": [0.3, 0.2, 0.39782],
							"pivot": [6.57128, 13.7154, 2.7254],
							"rotation": [22.5, 0, -2.5],
							"uv": {
								"north": {"uv": [4, 0], "uv_size": [-4, 33]},
								"east": {"uv": [4, 0], "uv_size": [-4, 33]},
								"south": {"uv": [4, 0], "uv_size": [-4, 33]},
								"west": {"uv": [4, 0], "uv_size": [-4, 33]},
								"up": {"uv": [0, 33], "uv_size": [4, -33]},
								"down": {"uv": [0, 33], "uv_size": [4, -33]}
							}
						},
						{
							"origin": [6.42128, 13.52413, 3.5146],
							"size": [0.3, 0.39782, 0.2],
							"pivot": [6.57128, 13.7154, 2.7254],
							"rotation": [-45, 0, -2.5],
							"uv": {
								"north": {"uv": [1, 0], "uv_size": [-1, 1]},
								"east": {"uv": [4, 0], "uv_size": [-4, 33]},
								"south": {"uv": [4, 0], "uv_size": [-4, 33]},
								"west": {"uv": [4, 0], "uv_size": [-4, 33]},
								"up": {"uv": [0, 33], "uv_size": [4, -33]},
								"down": {"uv": [0, 33], "uv_size": [4, -33]}
							}
						},
						{
							"origin": [6.42128, 13.51649, 3.52224],
							"size": [0.3, 0.39782, 0.2],
							"pivot": [6.57128, 13.7154, 2.7254],
							"rotation": [45, 0, -2.5],
							"uv": {
								"north": {"uv": [4, 0], "uv_size": [-4, 33]},
								"east": {"uv": [4, 0], "uv_size": [-4, 33]},
								"south": {"uv": [4, 0], "uv_size": [-4, 33]},
								"west": {"uv": [4, 0], "uv_size": [-4, 33]},
								"up": {"uv": [0, 33], "uv_size": [4, -33]},
								"down": {"uv": [0, 33], "uv_size": [4, -33]}
							}
						},
						{
							"origin": [6.42128, 13.52355, 3.51752],
							"size": [0.3, 0.39782, 0.2],
							"pivot": [6.57128, 13.7154, 2.7254],
							"rotation": [-22.5, 0, -2.5],
							"uv": {
								"north": {"uv": [4, 0], "uv_size": [-4, 33]},
								"east": {"uv": [4, 0], "uv_size": [-4, 33]},
								"south": {"uv": [4, 0], "uv_size": [-4, 33]},
								"west": {"uv": [4, 0], "uv_size": [-4, 33]},
								"up": {"uv": [0, 33], "uv_size": [4, -33]},
								"down": {"uv": [0, 33], "uv_size": [4, -33]}
							}
						},
						{
							"origin": [6.42128, 13.51942, 3.52166],
							"size": [0.3, 0.39782, 0.2],
							"pivot": [6.57128, 13.7154, 2.7254],
							"rotation": [22.5, 0, -2.5],
							"uv": {
								"north": {"uv": [4, 0], "uv_size": [-4, 33]},
								"east": {"uv": [4, 0], "uv_size": [-4, 33]},
								"south": {"uv": [4, 0], "uv_size": [-4, 33]},
								"west": {"uv": [4, 0], "uv_size": [-4, 33]},
								"up": {"uv": [0, 33], "uv_size": [4, -33]},
								"down": {"uv": [0, 33], "uv_size": [4, -33]}
							}
						},
						{
							"origin": [6.42128, 13.52189, 3.52],
							"size": [0.3, 0.39782, 0.2],
							"pivot": [6.57128, 13.7154, 2.7254],
							"rotation": [0, 0, -2.5],
							"uv": {
								"north": {"uv": [4, 0], "uv_size": [-4, 33]},
								"east": {"uv": [4, 0], "uv_size": [-4, 33]},
								"south": {"uv": [4, 0], "uv_size": [-4, 33]},
								"west": {"uv": [4, 0], "uv_size": [-4, 33]},
								"up": {"uv": [0, 33], "uv_size": [4, -33]},
								"down": {"uv": [0, 33], "uv_size": [4, -33]}
							}
						}
					]
				},
				{
					"name": "backpack",
					"parent": "parachute",
					"pivot": [0, 0, 1],
					"cubes": [
						{
							"origin": [0.5, 21.81734, 4.45426],
							"size": [1, 1, 1],
							"inflate": -0.3,
							"pivot": [0, 21.79736, 4.07783],
							"rotation": [-25, 0, 0],
							"uv": {
								"north": {"uv": [54, 64], "uv_size": [-9, -9]},
								"east": {"uv": [54, 64], "uv_size": [-9, -9]},
								"south": {"uv": [54, 64], "uv_size": [-9, -9]},
								"west": {"uv": [54, 64], "uv_size": [-9, -9]},
								"up": {"uv": [45, 55], "uv_size": [9, 9]},
								"down": {"uv": [45, 55], "uv_size": [9, 9]}
							}
						},
						{
							"origin": [-1.5, 21.81734, 4.45426],
							"size": [1, 1, 1],
							"inflate": -0.3,
							"pivot": [0, 21.79736, 4.07783],
							"rotation": [-25, 0, 0],
							"uv": {
								"north": {"uv": [45, 64], "uv_size": [9, -9]},
								"east": {"uv": [45, 64], "uv_size": [9, -9]},
								"south": {"uv": [45, 64], "uv_size": [9, -9]},
								"west": {"uv": [45, 64], "uv_size": [9, -9]},
								"up": {"uv": [54, 55], "uv_size": [-9, 9]},
								"down": {"uv": [54, 55], "uv_size": [-9, 9]}
							}
						},
						{
							"origin": [-1, 21.81734, 3.45426],
							"size": [2, 1, 3],
							"pivot": [0, 21.79736, 4.07783],
							"rotation": [-25, 0, 0],
							"uv": {
								"north": {"uv": [34, 64], "uv_size": [-9, -9]},
								"east": {"uv": [34, 64], "uv_size": [-9, -9]},
								"south": {"uv": [34, 64], "uv_size": [-9, -9]},
								"west": {"uv": [34, 64], "uv_size": [-9, -9]},
								"up": {"uv": [25, 55], "uv_size": [9, 9]},
								"down": {"uv": [25, 55], "uv_size": [9, 9]}
							}
						},
						{
							"origin": [-1, 20.97776, 3.5837],
							"size": [2, 1, 3],
							"pivot": [0, 21.79736, 4.07783],
							"rotation": [-7.5, 0, 0],
							"uv": {
								"north": {"uv": [34, 64], "uv_size": [-9, -9]},
								"east": {"uv": [34, 64], "uv_size": [-9, -9]},
								"south": {"uv": [34, 64], "uv_size": [-9, -9]},
								"west": {"uv": [34, 64], "uv_size": [-9, -9]},
								"up": {"uv": [25, 55], "uv_size": [9, 9]},
								"down": {"uv": [25, 55], "uv_size": [9, 9]}
							}
						},
						{
							"origin": [-0.7, 18.97927, 3.64125],
							"size": [1.3, 3, 1],
							"pivot": [-0.05, 20.47927, 4.14125],
							"rotation": [2.5, 0, 0],
							"uv": {
								"north": {"uv": [34, 64], "uv_size": [-9, -9]},
								"east": {"uv": [34, 64], "uv_size": [-9, -9]},
								"south": {"uv": [34, 64], "uv_size": [-9, -9]},
								"west": {"uv": [34, 64], "uv_size": [-9, -9]},
								"up": {"uv": [25, 55], "uv_size": [9, 9]},
								"down": {"uv": [25, 55], "uv_size": [9, 9]}
							}
						},
						{
							"origin": [-0.7, 18.7, 3.59763],
							"size": [1.3, 3, 1],
							"pivot": [-0.05, 21.47927, 4.14125],
							"rotation": [12.5, 0, 0],
							"uv": {
								"north": {"uv": [34, 64], "uv_size": [-9, -9]},
								"east": {"uv": [34, 64], "uv_size": [-9, -9]},
								"south": {"uv": [34, 64], "uv_size": [-9, -9]},
								"west": {"uv": [34, 64], "uv_size": [-9, -9]},
								"up": {"uv": [25, 55], "uv_size": [9, 9]},
								"down": {"uv": [25, 55], "uv_size": [9, 9]}
							}
						},
						{
							"origin": [-0.7, 18.5, 4],
							"size": [1.3, 3, 1],
							"inflate": -0.2,
							"pivot": [-0.05, 21.47927, 4.14125],
							"rotation": [12.5, 0, 0],
							"uv": {
								"north": {"uv": [54, 64], "uv_size": [-9, -9]},
								"east": {"uv": [54, 64], "uv_size": [-9, -9]},
								"south": {"uv": [54, 64], "uv_size": [-9, -9]},
								"west": {"uv": [54, 64], "uv_size": [-9, -9]},
								"up": {"uv": [45, 55], "uv_size": [9, 9]},
								"down": {"uv": [45, 55], "uv_size": [9, 9]}
							}
						},
						{
							"origin": [-0.7, 11.98736, 3.92478],
							"size": [1.3, 3, 1],
							"pivot": [-0.05, 13.98641, 4.4684],
							"rotation": [22.5, 0, 0],
							"uv": {
								"north": {"uv": [34, 64], "uv_size": [-9, -9]},
								"east": {"uv": [34, 64], "uv_size": [-9, -9]},
								"south": {"uv": [34, 64], "uv_size": [-9, -9]},
								"west": {"uv": [34, 64], "uv_size": [-9, -9]},
								"up": {"uv": [25, 55], "uv_size": [9, 9]},
								"down": {"uv": [25, 55], "uv_size": [9, 9]}
							}
						},
						{
							"origin": [-0.7, 10.70671, 5.02894],
							"size": [1.3, 2, 1],
							"inflate": -0.2,
							"pivot": [-0.05, 11.70671, 5.52894],
							"rotation": [42.5, 0, 0],
							"uv": {
								"north": {"uv": [34, 64], "uv_size": [-9, -9]},
								"east": {"uv": [34, 64], "uv_size": [-9, -9]},
								"south": {"uv": [34, 64], "uv_size": [-9, -9]},
								"west": {"uv": [34, 64], "uv_size": [-9, -9]},
								"up": {"uv": [25, 55], "uv_size": [9, 9]},
								"down": {"uv": [25, 55], "uv_size": [9, 9]}
							}
						},
						{
							"origin": [-0.7, 9.70671, 5.02894],
							"size": [1.3, 2, 1],
							"inflate": -0.4,
							"pivot": [-0.05, 11.70671, 5.52894],
							"rotation": [52.5, 0, 0],
							"uv": {
								"north": {"uv": [34, 64], "uv_size": [-9, -9]},
								"east": {"uv": [34, 64], "uv_size": [-9, -9]},
								"south": {"uv": [34, 64], "uv_size": [-9, -9]},
								"west": {"uv": [34, 64], "uv_size": [-9, -9]},
								"up": {"uv": [25, 55], "uv_size": [9, 9]},
								"down": {"uv": [25, 55], "uv_size": [9, 9]}
							}
						},
						{
							"origin": [-1.7, 14.07864, 3.61732],
							"size": [3.3, 5, 2],
							"pivot": [0, 21.07738, 6.40631],
							"rotation": [2.5, 0, 0],
							"uv": {
								"north": {"uv": [34, 64], "uv_size": [-9, -9]},
								"east": {"uv": [34, 64], "uv_size": [-9, -9]},
								"south": {"uv": [34, 64], "uv_size": [-9, -9]},
								"west": {"uv": [34, 64], "uv_size": [-9, -9]},
								"up": {"uv": [25, 55], "uv_size": [9, 9]},
								"down": {"uv": [25, 55], "uv_size": [9, 9]}
							}
						},
						{
							"origin": [-2.6, 13.69388, 5.09793],
							"size": [1.3, 2, 1],
							"pivot": [-1.95, 15.41221, 4.93587],
							"rotation": [-10.07361, -3.06954, -11.56065],
							"uv": {
								"north": {"uv": [25, 64], "uv_size": [9, -9]},
								"east": {"uv": [25, 64], "uv_size": [9, -9]},
								"south": {"uv": [25, 64], "uv_size": [9, -9]},
								"west": {"uv": [25, 64], "uv_size": [9, -9]},
								"up": {"uv": [34, 55], "uv_size": [-9, 9]},
								"down": {"uv": [34, 55], "uv_size": [-9, 9]}
							}
						},
						{
							"origin": [-2.6, 11.95412, 4.67922],
							"size": [1.3, 2, 1],
							"inflate": -0.3,
							"pivot": [-1.95, 15.41221, 4.93587],
							"rotation": [7.42639, -3.06954, -11.56065],
							"uv": {
								"north": {"uv": [25, 64], "uv_size": [9, -9]},
								"east": {"uv": [25, 64], "uv_size": [9, -9]},
								"south": {"uv": [25, 64], "uv_size": [9, -9]},
								"west": {"uv": [25, 64], "uv_size": [9, -9]},
								"up": {"uv": [34, 55], "uv_size": [-9, 9]},
								"down": {"uv": [34, 55], "uv_size": [-9, 9]}
							}
						},
						{
							"origin": [-2.6, 13.19625, 1.13123],
							"size": [1.3, 2, 1],
							"inflate": -0.3,
							"pivot": [-1.95, 15.41221, 4.93587],
							"rotation": [87.42639, -3.06954, -11.56065],
							"uv": {
								"north": {"uv": [45, 64], "uv_size": [9, -9]},
								"east": {"uv": [45, 64], "uv_size": [9, -9]},
								"south": {"uv": [45, 64], "uv_size": [9, -9]},
								"west": {"uv": [45, 64], "uv_size": [9, -9]},
								"up": {"uv": [54, 55], "uv_size": [-9, 9]},
								"down": {"uv": [54, 55], "uv_size": [-9, 9]}
							}
						},
						{
							"origin": [-3.3, 13.3, 2.77306],
							"size": [6.3, 9, 1],
							"pivot": [-0.15, 17.43851, 3.27306],
							"rotation": [2.5, 0, 0],
							"uv": {
								"north": {"uv": [44, 64], "uv_size": [-9, -9]},
								"east": {"uv": [44, 64], "uv_size": [-9, -9]},
								"south": {"uv": [44, 64], "uv_size": [-9, -9]},
								"west": {"uv": [44, 64], "uv_size": [-9, -9]},
								"up": {"uv": [35, 55], "uv_size": [9, 9]},
								"down": {"uv": [35, 55], "uv_size": [9, 9]}
							}
						},
						{
							"origin": [-1.7, 14.05212, 5.5969],
							"size": [3.3, 5, 0.6],
							"inflate": -0.4,
							"pivot": [-0.05, 16.55212, 5.8969],
							"rotation": [2.5, 0, 0],
							"uv": {
								"north": {"uv": [54, 64], "uv_size": [-9, -9]},
								"east": {"uv": [54, 64], "uv_size": [-9, -9]},
								"south": {"uv": [54, 64], "uv_size": [-9, -9]},
								"west": {"uv": [54, 64], "uv_size": [-9, -9]},
								"up": {"uv": [45, 55], "uv_size": [9, 9]},
								"down": {"uv": [45, 55], "uv_size": [9, 9]}
							}
						},
						{
							"origin": [-1.6, 14.05212, 5.5969],
							"size": [3.3, 5, 0.6],
							"inflate": -0.4,
							"pivot": [0.05, 16.55212, 5.8969],
							"rotation": [2.5, 0, 0],
							"uv": {
								"north": {"uv": [45, 64], "uv_size": [9, -9]},
								"east": {"uv": [45, 64], "uv_size": [9, -9]},
								"south": {"uv": [45, 64], "uv_size": [9, -9]},
								"west": {"uv": [45, 64], "uv_size": [9, -9]},
								"up": {"uv": [54, 55], "uv_size": [-9, 9]},
								"down": {"uv": [54, 55], "uv_size": [-9, 9]}
							}
						},
						{
							"origin": [1.3, 13.19625, 1.13123],
							"size": [1.3, 2, 1],
							"inflate": -0.3,
							"pivot": [1.95, 15.41221, 4.93587],
							"rotation": [87.42639, 3.06954, 11.56065],
							"uv": {
								"north": {"uv": [54, 64], "uv_size": [-9, -9]},
								"east": {"uv": [54, 64], "uv_size": [-9, -9]},
								"south": {"uv": [54, 64], "uv_size": [-9, -9]},
								"west": {"uv": [54, 64], "uv_size": [-9, -9]},
								"up": {"uv": [45, 55], "uv_size": [9, 9]},
								"down": {"uv": [45, 55], "uv_size": [9, 9]}
							}
						},
						{
							"origin": [1.3, 11.95412, 4.67922],
							"size": [1.3, 2, 1],
							"inflate": -0.3,
							"pivot": [1.95, 15.41221, 4.93587],
							"rotation": [7.42639, 3.06954, 11.56065],
							"uv": {
								"north": {"uv": [34, 64], "uv_size": [-9, -9]},
								"east": {"uv": [34, 64], "uv_size": [-9, -9]},
								"south": {"uv": [34, 64], "uv_size": [-9, -9]},
								"west": {"uv": [34, 64], "uv_size": [-9, -9]},
								"up": {"uv": [25, 55], "uv_size": [9, 9]},
								"down": {"uv": [25, 55], "uv_size": [9, 9]}
							}
						},
						{
							"origin": [1.3, 13.69388, 5.09793],
							"size": [1.3, 2, 1],
							"pivot": [1.95, 15.41221, 4.93587],
							"rotation": [-10.07361, 3.06954, 11.56065],
							"uv": {
								"north": {"uv": [34, 64], "uv_size": [-9, -9]},
								"east": {"uv": [34, 64], "uv_size": [-9, -9]},
								"south": {"uv": [34, 64], "uv_size": [-9, -9]},
								"west": {"uv": [34, 64], "uv_size": [-9, -9]},
								"up": {"uv": [25, 55], "uv_size": [9, 9]},
								"down": {"uv": [25, 55], "uv_size": [9, 9]}
							}
						}
					]
				},
				{
					"name": "rightwing",
					"parent": "backpack",
					"pivot": [-1.06903, 18.74198, 5.14684],
					"cubes": [
						{
							"origin": [-3.30314, 18.84958, 4.5],
							"size": [2, 0.5, 0.3],
							"pivot": [-2.30314, 19.09958, 5.15],
							"rotation": [0, 0, 45],
							"uv": {
								"north": {"uv": [34, 64], "uv_size": [-9, -9]},
								"east": {"uv": [34, 64], "uv_size": [-9, -9]},
								"south": {"uv": [34, 64], "uv_size": [-9, -9]},
								"west": {"uv": [34, 64], "uv_size": [-9, -9]},
								"up": {"uv": [25, 55], "uv_size": [9, 9]},
								"down": {"uv": [25, 55], "uv_size": [9, 9]}
							}
						},
						{
							"origin": [-5.04629, 19.09734, 4.5],
							"size": [2, 0.5, 0.3],
							"pivot": [-3.1066, 19.68936, 5.15],
							"rotation": [0, 0, 15],
							"uv": {
								"north": {"uv": [34, 64], "uv_size": [-9, -9]},
								"east": {"uv": [34, 64], "uv_size": [-9, -9]},
								"south": {"uv": [34, 64], "uv_size": [-9, -9]},
								"west": {"uv": [34, 64], "uv_size": [-9, -9]},
								"up": {"uv": [25, 55], "uv_size": [9, 9]},
								"down": {"uv": [25, 55], "uv_size": [9, 9]}
							}
						},
						{
							"origin": [-5.13686, 19.61103, 4.5],
							"size": [2.3, 0.5, 0.3],
							"pivot": [-5.10279, 19.60221, 5.15],
							"rotation": [0, 0, 2.5],
							"uv": {
								"north": {"uv": [34, 64], "uv_size": [-9, -9]},
								"east": {"uv": [34, 64], "uv_size": [-9, -9]},
								"south": {"uv": [34, 64], "uv_size": [-9, -9]},
								"west": {"uv": [34, 64], "uv_size": [-9, -9]},
								"up": {"uv": [25, 55], "uv_size": [9, 9]},
								"down": {"uv": [25, 55], "uv_size": [9, 9]}
							}
						},
						{
							"origin": [-5.12569, 19.51848, 4.5],
							"size": [2.3, 0.5, 0.3],
							"inflate": -0.1,
							"pivot": [-2.97664, 19.8121, 5.15],
							"rotation": [0, 0, 30],
							"uv": {
								"north": {"uv": [34, 64], "uv_size": [-9, -9]},
								"east": {"uv": [34, 64], "uv_size": [-9, -9]},
								"south": {"uv": [34, 64], "uv_size": [-9, -9]},
								"west": {"uv": [34, 64], "uv_size": [-9, -9]},
								"up": {"uv": [25, 55], "uv_size": [9, 9]},
								"down": {"uv": [25, 55], "uv_size": [9, 9]}
							}
						},
						{
							"origin": [-7.11886, 19.54618, 4.5],
							"size": [2.3, 0.5, 0.3],
							"pivot": [-5.04498, 19.4135, 5.15],
							"rotation": [0, 0, -15],
							"uv": {
								"north": {"uv": [34, 64], "uv_size": [-9, -9]},
								"east": {"uv": [34, 64], "uv_size": [-9, -9]},
								"south": {"uv": [34, 64], "uv_size": [-9, -9]},
								"west": {"uv": [34, 64], "uv_size": [-9, -9]},
								"up": {"uv": [25, 55], "uv_size": [9, 9]},
								"down": {"uv": [25, 55], "uv_size": [9, 9]}
							}
						},
						{
							"origin": [-8.85009, 18.5, 4.5],
							"size": [2.3, 0.5, 0.4],
							"inflate": -0.1,
							"pivot": [-7.70009, 18.4702, 5.15],
							"rotation": [0, 0, -35],
							"uv": {
								"north": {"uv": [34, 64], "uv_size": [-9, -9]},
								"east": {"uv": [34, 64], "uv_size": [-9, -9]},
								"south": {"uv": [34, 64], "uv_size": [-9, -9]},
								"west": {"uv": [34, 64], "uv_size": [-9, -9]},
								"up": {"uv": [25, 55], "uv_size": [9, 9]},
								"down": {"uv": [25, 55], "uv_size": [9, 9]}
							}
						},
						{
							"origin": [-7.19142, 19.53182, 4.5],
							"size": [1.3, 0.5, 0.4],
							"inflate": -0.1,
							"pivot": [-4.64869, 20.0274, 5.15],
							"rotation": [0, 0, -52.5],
							"uv": {
								"north": {"uv": [34, 64], "uv_size": [-9, -9]},
								"east": {"uv": [34, 64], "uv_size": [-9, -9]},
								"south": {"uv": [34, 64], "uv_size": [-9, -9]},
								"west": {"uv": [34, 64], "uv_size": [-9, -9]},
								"up": {"uv": [25, 55], "uv_size": [9, 9]},
								"down": {"uv": [25, 55], "uv_size": [9, 9]}
							}
						},
						{
							"origin": [-5.66174, 18.8, 4.5],
							"size": [1.5, 0.6, 0.4],
							"inflate": -0.1,
							"pivot": [-5.01174, 19.18072, 5.15],
							"rotation": [0, 0, -42.5],
							"uv": {
								"north": {"uv": [34, 64], "uv_size": [-9, -9]},
								"east": {"uv": [34, 64], "uv_size": [-9, -9]},
								"south": {"uv": [34, 64], "uv_size": [-9, -9]},
								"west": {"uv": [34, 64], "uv_size": [-9, -9]},
								"up": {"uv": [25, 55], "uv_size": [9, 9]},
								"down": {"uv": [25, 55], "uv_size": [9, 9]}
							}
						},
						{
							"origin": [-5.80531, 19.33496, 4.5],
							"size": [1.5, 0.6, 0.4],
							"inflate": -0.1,
							"pivot": [-4.08938, 19.89378, 5.15],
							"rotation": [0, 0, -75],
							"uv": {
								"north": {"uv": [34, 64], "uv_size": [-9, -9]},
								"east": {"uv": [34, 64], "uv_size": [-9, -9]},
								"south": {"uv": [34, 64], "uv_size": [-9, -9]},
								"west": {"uv": [34, 64], "uv_size": [-9, -9]},
								"up": {"uv": [25, 55], "uv_size": [9, 9]},
								"down": {"uv": [25, 55], "uv_size": [9, 9]}
							}
						},
						{
							"origin": [-6.10973, 18.3, 4.5],
							"size": [1.5, 0.5, 0.4],
							"inflate": -0.1,
							"pivot": [-4.3938, 18.73851, 5.15],
							"rotation": [0, 0, -85],
							"uv": {
								"north": {"uv": [34, 64], "uv_size": [-9, -9]},
								"east": {"uv": [34, 64], "uv_size": [-9, -9]},
								"south": {"uv": [34, 64], "uv_size": [-9, -9]},
								"west": {"uv": [34, 64], "uv_size": [-9, -9]},
								"up": {"uv": [25, 55], "uv_size": [9, 9]},
								"down": {"uv": [25, 55], "uv_size": [9, 9]}
							}
						},
						{
							"origin": [-6.1, 17.2, 4.5],
							"size": [1.57, 0.4, 0.4],
							"inflate": -0.1,
							"pivot": [-4.40711, 17.4235, 5.15],
							"rotation": [0, 0, -97.5],
							"uv": {
								"north": {"uv": [34, 64], "uv_size": [-9, -9]},
								"east": {"uv": [34, 64], "uv_size": [-9, -9]},
								"south": {"uv": [34, 64], "uv_size": [-9, -9]},
								"west": {"uv": [34, 64], "uv_size": [-9, -9]},
								"up": {"uv": [25, 55], "uv_size": [9, 9]},
								"down": {"uv": [25, 55], "uv_size": [9, 9]}
							}
						},
						{
							"origin": [-7.8, 18.18193, 4.5],
							"size": [2, 0.4, 0.4],
							"inflate": -0.1,
							"pivot": [-5.53365, 18.19734, 5.15],
							"rotation": [0, 0, -60],
							"uv": {
								"north": {"uv": [34, 64], "uv_size": [-9, -9]},
								"east": {"uv": [34, 64], "uv_size": [-9, -9]},
								"south": {"uv": [34, 64], "uv_size": [-9, -9]},
								"west": {"uv": [34, 64], "uv_size": [-9, -9]},
								"up": {"uv": [25, 55], "uv_size": [9, 9]},
								"down": {"uv": [25, 55], "uv_size": [9, 9]}
							}
						},
						{
							"origin": [-8.2, 17.66278, 4.5],
							"size": [2.6, 1.5, 0.4],
							"inflate": -0.2,
							"pivot": [-7.0495, 18.41278, 5.15],
							"rotation": [0, 0, -35],
							"uv": {
								"north": {"uv": [24, 64], "uv_size": [-9, -9]},
								"east": {"uv": [24, 64], "uv_size": [-9, -9]},
								"south": {"uv": [24, 64], "uv_size": [-9, -9]},
								"west": {"uv": [24, 64], "uv_size": [-9, -9]},
								"up": {"uv": [15, 55], "uv_size": [9, 9]},
								"down": {"uv": [15, 55], "uv_size": [9, 9]}
							}
						},
						{
							"origin": [-8.89779, 16.1631, 4.5],
							"size": [1, 1.8, 0.4],
							"inflate": -0.2,
							"pivot": [-8.85954, 17.95011, 5.15],
							"rotation": [0, 0, -62.5],
							"uv": {
								"north": {"uv": [24, 64], "uv_size": [-9, -9]},
								"east": {"uv": [24, 64], "uv_size": [-9, -9]},
								"south": {"uv": [24, 64], "uv_size": [-9, -9]},
								"west": {"uv": [24, 64], "uv_size": [-9, -9]},
								"up": {"uv": [15, 55], "uv_size": [9, 9]},
								"down": {"uv": [15, 55], "uv_size": [9, 9]}
							}
						},
						{
							"origin": [-7.48438, 17.59427, 4.5],
							"size": [2.3, 1.7, 0.4],
							"inflate": -0.2,
							"pivot": [-6.33438, 18.44427, 5.15],
							"rotation": [0, 0, -57.5],
							"uv": {
								"north": {"uv": [24, 64], "uv_size": [-9, -9]},
								"east": {"uv": [24, 64], "uv_size": [-9, -9]},
								"south": {"uv": [24, 64], "uv_size": [-9, -9]},
								"west": {"uv": [24, 64], "uv_size": [-9, -9]},
								"up": {"uv": [15, 55], "uv_size": [9, 9]},
								"down": {"uv": [15, 55], "uv_size": [9, 9]}
							}
						},
						{
							"origin": [-7.66508, 15.78886, 4.5],
							"size": [1.3, 1.7, 0.4],
							"inflate": -0.2,
							"pivot": [-7.83423, 17.21243, 5.15],
							"rotation": [0, 0, -36.5],
							"uv": {
								"north": {"uv": [24, 64], "uv_size": [-9, -9]},
								"east": {"uv": [24, 64], "uv_size": [-9, -9]},
								"south": {"uv": [24, 64], "uv_size": [-9, -9]},
								"west": {"uv": [24, 64], "uv_size": [-9, -9]},
								"up": {"uv": [15, 55], "uv_size": [9, 9]},
								"down": {"uv": [15, 55], "uv_size": [9, 9]}
							}
						},
						{
							"origin": [-6.5, 15.4, 4.5],
							"size": [1.3, 1.7, 0.4],
							"inflate": -0.2,
							"pivot": [-6.23975, 16.43475, 5.15],
							"rotation": [0, 0, -84],
							"uv": {
								"north": {"uv": [24, 64], "uv_size": [-9, -9]},
								"east": {"uv": [24, 64], "uv_size": [-9, -9]},
								"south": {"uv": [24, 64], "uv_size": [-9, -9]},
								"west": {"uv": [24, 64], "uv_size": [-9, -9]},
								"up": {"uv": [15, 55], "uv_size": [9, 9]},
								"down": {"uv": [15, 55], "uv_size": [9, 9]}
							}
						},
						{
							"origin": [-8.02558, 12.96295, 4.5],
							"size": [3.3, 3, 0.4],
							"inflate": -0.2,
							"pivot": [-4.55375, 15.59695, 5.15],
							"rotation": [0, 0, 108.5],
							"uv": {
								"north": {"uv": [24, 64], "uv_size": [-9, -9]},
								"east": {"uv": [24, 64], "uv_size": [-9, -9]},
								"south": {"uv": [24, 64], "uv_size": [-9, -9]},
								"west": {"uv": [24, 64], "uv_size": [-9, -9]},
								"up": {"uv": [15, 55], "uv_size": [9, 9]},
								"down": {"uv": [15, 55], "uv_size": [9, 9]}
							}
						},
						{
							"origin": [-4.19745, 17.7, 4.5],
							"size": [2.6, 1.3, 0.4],
							"inflate": -0.2,
							"pivot": [-2.99578, 18.52401, 5.15],
							"rotation": [0, 0, 141],
							"uv": {
								"north": {"uv": [24, 64], "uv_size": [-9, -9]},
								"east": {"uv": [24, 64], "uv_size": [-9, -9]},
								"south": {"uv": [24, 64], "uv_size": [-9, -9]},
								"west": {"uv": [24, 64], "uv_size": [-9, -9]},
								"up": {"uv": [15, 55], "uv_size": [9, 9]},
								"down": {"uv": [15, 55], "uv_size": [9, 9]}
							}
						},
						{
							"origin": [-3.4, 16.7, 4.5],
							"size": [1.6, 2, 0.4],
							"inflate": -0.2,
							"pivot": [-2.99578, 18.52401, 5.15],
							"rotation": [0, 0, 141],
							"uv": {
								"north": {"uv": [24, 64], "uv_size": [-9, -9]},
								"east": {"uv": [24, 64], "uv_size": [-9, -9]},
								"south": {"uv": [24, 64], "uv_size": [-9, -9]},
								"west": {"uv": [24, 64], "uv_size": [-9, -9]},
								"up": {"uv": [15, 55], "uv_size": [9, 9]},
								"down": {"uv": [15, 55], "uv_size": [9, 9]}
							}
						},
						{
							"origin": [-6.23326, 17.39874, 4.5],
							"size": [2.3, 0.9, 0.4],
							"inflate": -0.2,
							"pivot": [-6.47466, 18.10106, 5.12971],
							"rotation": [0.9293, -0.69028, -47.78972],
							"uv": {
								"north": {"uv": [24, 64], "uv_size": [-9, -9]},
								"east": {"uv": [24, 64], "uv_size": [-9, -9]},
								"south": {"uv": [24, 64], "uv_size": [-9, -9]},
								"west": {"uv": [24, 64], "uv_size": [-9, -9]},
								"up": {"uv": [15, 55], "uv_size": [9, 9]},
								"down": {"uv": [15, 55], "uv_size": [9, 9]}
							}
						},
						{
							"origin": [-6.90608, 19.97511, 4.5],
							"size": [2.3, 0.7, 0.4],
							"inflate": -0.2,
							"pivot": [-4.37539, 20.01901, 5.15],
							"rotation": [0.75788, -0.87505, -35.28991],
							"uv": {
								"north": {"uv": [24, 64], "uv_size": [-9, -9]},
								"east": {"uv": [24, 64], "uv_size": [-9, -9]},
								"south": {"uv": [24, 64], "uv_size": [-9, -9]},
								"west": {"uv": [24, 64], "uv_size": [-9, -9]},
								"up": {"uv": [15, 55], "uv_size": [9, 9]},
								"down": {"uv": [15, 55], "uv_size": [9, 9]}
							}
						},
						{
							"origin": [-5.0633, 18.89271, 4.5],
							"size": [0.8, 1.7, 0.4],
							"inflate": -0.2,
							"pivot": [-4.9133, 20.24271, 5.13874],
							"rotation": [1.03504, -0.51844, -57.78881],
							"uv": {
								"north": {"uv": [24, 64], "uv_size": [-9, -9]},
								"east": {"uv": [24, 64], "uv_size": [-9, -9]},
								"south": {"uv": [24, 64], "uv_size": [-9, -9]},
								"west": {"uv": [24, 64], "uv_size": [-9, -9]},
								"up": {"uv": [15, 55], "uv_size": [9, 9]},
								"down": {"uv": [15, 55], "uv_size": [9, 9]}
							}
						},
						{
							"origin": [-4.74807, 19.33678, 4.50009],
							"size": [0.8, 1.7, 0.4],
							"inflate": -0.2,
							"pivot": [-4.34807, 20.18678, 4.70009],
							"rotation": [-1.34253, 0.01803, -85.28394],
							"uv": {
								"north": {"uv": [24, 64], "uv_size": [-9, -9]},
								"east": {"uv": [24, 64], "uv_size": [-9, -9]},
								"south": {"uv": [24, 64], "uv_size": [-9, -9]},
								"west": {"uv": [24, 64], "uv_size": [-9, -9]},
								"up": {"uv": [15, 55], "uv_size": [9, 9]},
								"down": {"uv": [15, 55], "uv_size": [9, 9]}
							}
						},
						{
							"origin": [-6.51232, 17.11537, 4.5],
							"size": [0.8, 1.7, 0.4],
							"inflate": -0.2,
							"pivot": [-6.35712, 19.18767, 5.15003],
							"rotation": [0.96655, 0.63708, -117.77875],
							"uv": {
								"north": {"uv": [24, 64], "uv_size": [-9, -9]},
								"east": {"uv": [24, 64], "uv_size": [-9, -9]},
								"south": {"uv": [24, 64], "uv_size": [-9, -9]},
								"west": {"uv": [24, 64], "uv_size": [-9, -9]},
								"up": {"uv": [15, 55], "uv_size": [9, 9]},
								"down": {"uv": [15, 55], "uv_size": [9, 9]}
							}
						},
						{
							"origin": [-6.90608, 19.97511, 4.5],
							"size": [2.3, 0.7, 0.4],
							"inflate": -0.2,
							"pivot": [-4.37539, 20.01901, 5.15],
							"rotation": [0.89831, -0.73016, -45.28985],
							"uv": {
								"north": {"uv": [24, 64], "uv_size": [-9, -9]},
								"east": {"uv": [24, 64], "uv_size": [-9, -9]},
								"south": {"uv": [24, 64], "uv_size": [-9, -9]},
								"west": {"uv": [24, 64], "uv_size": [-9, -9]},
								"up": {"uv": [15, 55], "uv_size": [9, 9]},
								"down": {"uv": [15, 55], "uv_size": [9, 9]}
							}
						},
						{
							"origin": [-3.53464, 18.64656, 4.5],
							"size": [2, 0.5, 0.3],
							"pivot": [-2.53464, 18.89656, 5.15],
							"rotation": [0, 0, 32.5],
							"uv": {
								"north": {"uv": [34, 64], "uv_size": [-9, -9]},
								"east": {"uv": [34, 64], "uv_size": [-9, -9]},
								"south": {"uv": [34, 64], "uv_size": [-9, -9]},
								"west": {"uv": [34, 64], "uv_size": [-9, -9]},
								"up": {"uv": [25, 55], "uv_size": [9, 9]},
								"down": {"uv": [25, 55], "uv_size": [9, 9]}
							}
						}
					]
				},
				{
					"name": "leftwing",
					"parent": "backpack",
					"pivot": [1.06903, 18.74198, 5.14684],
					"cubes": [
						{
							"origin": [1.30314, 18.84958, 4.5],
							"size": [2, 0.5, 0.3],
							"pivot": [2.30314, 19.09958, 5.15],
							"rotation": [0, 0, -45],
							"uv": {
								"north": {"uv": [25, 64], "uv_size": [9, -9]},
								"east": {"uv": [25, 64], "uv_size": [9, -9]},
								"south": {"uv": [25, 64], "uv_size": [9, -9]},
								"west": {"uv": [25, 64], "uv_size": [9, -9]},
								"up": {"uv": [34, 55], "uv_size": [-9, 9]},
								"down": {"uv": [34, 55], "uv_size": [-9, 9]}
							}
						},
						{
							"origin": [3.04629, 19.09734, 4.5],
							"size": [2, 0.5, 0.3],
							"pivot": [3.1066, 19.68936, 5.15],
							"rotation": [0, 0, -15],
							"uv": {
								"north": {"uv": [25, 64], "uv_size": [9, -9]},
								"east": {"uv": [25, 64], "uv_size": [9, -9]},
								"south": {"uv": [25, 64], "uv_size": [9, -9]},
								"west": {"uv": [25, 64], "uv_size": [9, -9]},
								"up": {"uv": [34, 55], "uv_size": [-9, 9]},
								"down": {"uv": [34, 55], "uv_size": [-9, 9]}
							}
						},
						{
							"origin": [2.83686, 19.61103, 4.5],
							"size": [2.3, 0.5, 0.3],
							"pivot": [5.10279, 19.60221, 5.15],
							"rotation": [0, 0, -2.5],
							"uv": {
								"north": {"uv": [25, 64], "uv_size": [9, -9]},
								"east": {"uv": [25, 64], "uv_size": [9, -9]},
								"south": {"uv": [25, 64], "uv_size": [9, -9]},
								"west": {"uv": [25, 64], "uv_size": [9, -9]},
								"up": {"uv": [34, 55], "uv_size": [-9, 9]},
								"down": {"uv": [34, 55], "uv_size": [-9, 9]}
							}
						},
						{
							"origin": [2.82569, 19.51848, 4.5],
							"size": [2.3, 0.5, 0.3],
							"inflate": -0.1,
							"pivot": [2.97664, 19.8121, 5.15],
							"rotation": [0, 0, -30],
							"uv": {
								"north": {"uv": [25, 64], "uv_size": [9, -9]},
								"east": {"uv": [25, 64], "uv_size": [9, -9]},
								"south": {"uv": [25, 64], "uv_size": [9, -9]},
								"west": {"uv": [25, 64], "uv_size": [9, -9]},
								"up": {"uv": [34, 55], "uv_size": [-9, 9]},
								"down": {"uv": [34, 55], "uv_size": [-9, 9]}
							}
						},
						{
							"origin": [4.81886, 19.54618, 4.5],
							"size": [2.3, 0.5, 0.3],
							"pivot": [5.04498, 19.4135, 5.15],
							"rotation": [0, 0, 15],
							"uv": {
								"north": {"uv": [25, 64], "uv_size": [9, -9]},
								"east": {"uv": [25, 64], "uv_size": [9, -9]},
								"south": {"uv": [25, 64], "uv_size": [9, -9]},
								"west": {"uv": [25, 64], "uv_size": [9, -9]},
								"up": {"uv": [34, 55], "uv_size": [-9, 9]},
								"down": {"uv": [34, 55], "uv_size": [-9, 9]}
							}
						},
						{
							"origin": [6.55009, 18.5, 4.5],
							"size": [2.3, 0.5, 0.4],
							"inflate": -0.1,
							"pivot": [7.70009, 18.4702, 5.15],
							"rotation": [0, 0, 35],
							"uv": {
								"north": {"uv": [25, 64], "uv_size": [9, -9]},
								"east": {"uv": [25, 64], "uv_size": [9, -9]},
								"south": {"uv": [25, 64], "uv_size": [9, -9]},
								"west": {"uv": [25, 64], "uv_size": [9, -9]},
								"up": {"uv": [34, 55], "uv_size": [-9, 9]},
								"down": {"uv": [34, 55], "uv_size": [-9, 9]}
							}
						},
						{
							"origin": [5.89142, 19.53182, 4.5],
							"size": [1.3, 0.5, 0.4],
							"inflate": -0.1,
							"pivot": [4.64869, 20.0274, 5.15],
							"rotation": [0, 0, 52.5],
							"uv": {
								"north": {"uv": [25, 64], "uv_size": [9, -9]},
								"east": {"uv": [25, 64], "uv_size": [9, -9]},
								"south": {"uv": [25, 64], "uv_size": [9, -9]},
								"west": {"uv": [25, 64], "uv_size": [9, -9]},
								"up": {"uv": [34, 55], "uv_size": [-9, 9]},
								"down": {"uv": [34, 55], "uv_size": [-9, 9]}
							}
						},
						{
							"origin": [4.16174, 18.8, 4.5],
							"size": [1.5, 0.6, 0.4],
							"inflate": -0.1,
							"pivot": [5.01174, 19.18072, 5.15],
							"rotation": [0, 0, 42.5],
							"uv": {
								"north": {"uv": [25, 64], "uv_size": [9, -9]},
								"east": {"uv": [25, 64], "uv_size": [9, -9]},
								"south": {"uv": [25, 64], "uv_size": [9, -9]},
								"west": {"uv": [25, 64], "uv_size": [9, -9]},
								"up": {"uv": [34, 55], "uv_size": [-9, 9]},
								"down": {"uv": [34, 55], "uv_size": [-9, 9]}
							}
						},
						{
							"origin": [4.30531, 19.33496, 4.5],
							"size": [1.5, 0.6, 0.4],
							"inflate": -0.1,
							"pivot": [4.08938, 19.89378, 5.15],
							"rotation": [0, 0, 75],
							"uv": {
								"north": {"uv": [25, 64], "uv_size": [9, -9]},
								"east": {"uv": [25, 64], "uv_size": [9, -9]},
								"south": {"uv": [25, 64], "uv_size": [9, -9]},
								"west": {"uv": [25, 64], "uv_size": [9, -9]},
								"up": {"uv": [34, 55], "uv_size": [-9, 9]},
								"down": {"uv": [34, 55], "uv_size": [-9, 9]}
							}
						},
						{
							"origin": [4.60973, 18.3, 4.5],
							"size": [1.5, 0.5, 0.4],
							"inflate": -0.1,
							"pivot": [4.3938, 18.73851, 5.15],
							"rotation": [0, 0, 85],
							"uv": {
								"north": {"uv": [25, 64], "uv_size": [9, -9]},
								"east": {"uv": [25, 64], "uv_size": [9, -9]},
								"south": {"uv": [25, 64], "uv_size": [9, -9]},
								"west": {"uv": [25, 64], "uv_size": [9, -9]},
								"up": {"uv": [34, 55], "uv_size": [-9, 9]},
								"down": {"uv": [34, 55], "uv_size": [-9, 9]}
							}
						},
						{
							"origin": [4.53, 17.2, 4.5],
							"size": [1.57, 0.4, 0.4],
							"inflate": -0.1,
							"pivot": [4.40711, 17.4235, 5.15],
							"rotation": [0, 0, 97.5],
							"uv": {
								"north": {"uv": [25, 64], "uv_size": [9, -9]},
								"east": {"uv": [25, 64], "uv_size": [9, -9]},
								"south": {"uv": [25, 64], "uv_size": [9, -9]},
								"west": {"uv": [25, 64], "uv_size": [9, -9]},
								"up": {"uv": [34, 55], "uv_size": [-9, 9]},
								"down": {"uv": [34, 55], "uv_size": [-9, 9]}
							}
						},
						{
							"origin": [5.8, 18.18193, 4.5],
							"size": [2, 0.4, 0.4],
							"inflate": -0.1,
							"pivot": [5.53365, 18.19734, 5.15],
							"rotation": [0, 0, 60],
							"uv": {
								"north": {"uv": [25, 64], "uv_size": [9, -9]},
								"east": {"uv": [25, 64], "uv_size": [9, -9]},
								"south": {"uv": [25, 64], "uv_size": [9, -9]},
								"west": {"uv": [25, 64], "uv_size": [9, -9]},
								"up": {"uv": [34, 55], "uv_size": [-9, 9]},
								"down": {"uv": [34, 55], "uv_size": [-9, 9]}
							}
						},
						{
							"origin": [5.6, 17.66278, 4.5],
							"size": [2.6, 1.5, 0.4],
							"inflate": -0.2,
							"pivot": [7.0495, 18.41278, 5.15],
							"rotation": [0, 0, 35],
							"uv": {
								"north": {"uv": [15, 64], "uv_size": [9, -9]},
								"east": {"uv": [15, 64], "uv_size": [9, -9]},
								"south": {"uv": [15, 64], "uv_size": [9, -9]},
								"west": {"uv": [15, 64], "uv_size": [9, -9]},
								"up": {"uv": [24, 55], "uv_size": [-9, 9]},
								"down": {"uv": [24, 55], "uv_size": [-9, 9]}
							}
						},
						{
							"origin": [7.89779, 16.1631, 4.5],
							"size": [1, 1.8, 0.4],
							"inflate": -0.2,
							"pivot": [8.85954, 17.95011, 5.15],
							"rotation": [0, 0, 62.5],
							"uv": {
								"north": {"uv": [24, 64], "uv_size": [-9, -9]},
								"east": {"uv": [24, 64], "uv_size": [-9, -9]},
								"south": {"uv": [24, 64], "uv_size": [-9, -9]},
								"west": {"uv": [24, 64], "uv_size": [-9, -9]},
								"up": {"uv": [15, 55], "uv_size": [9, 9]},
								"down": {"uv": [15, 55], "uv_size": [9, 9]}
							}
						},
						{
							"origin": [5.18438, 17.59427, 4.5],
							"size": [2.3, 1.7, 0.4],
							"inflate": -0.2,
							"pivot": [6.33438, 18.44427, 5.15],
							"rotation": [0, 0, 57.5],
							"uv": {
								"north": {"uv": [15, 64], "uv_size": [9, -9]},
								"east": {"uv": [15, 64], "uv_size": [9, -9]},
								"south": {"uv": [15, 64], "uv_size": [9, -9]},
								"west": {"uv": [15, 64], "uv_size": [9, -9]},
								"up": {"uv": [24, 55], "uv_size": [-9, 9]},
								"down": {"uv": [24, 55], "uv_size": [-9, 9]}
							}
						},
						{
							"origin": [6.36508, 15.78886, 4.5],
							"size": [1.3, 1.7, 0.4],
							"inflate": -0.2,
							"pivot": [7.83423, 17.21243, 5.15],
							"rotation": [0, 0, 36.5],
							"uv": {
								"north": {"uv": [15, 64], "uv_size": [9, -9]},
								"east": {"uv": [15, 64], "uv_size": [9, -9]},
								"south": {"uv": [15, 64], "uv_size": [9, -9]},
								"west": {"uv": [15, 64], "uv_size": [9, -9]},
								"up": {"uv": [24, 55], "uv_size": [-9, 9]},
								"down": {"uv": [24, 55], "uv_size": [-9, 9]}
							}
						},
						{
							"origin": [5.2, 15.4, 4.5],
							"size": [1.3, 1.7, 0.4],
							"inflate": -0.2,
							"pivot": [6.23975, 16.43475, 5.15],
							"rotation": [0, 0, 84],
							"uv": {
								"north": {"uv": [15, 64], "uv_size": [9, -9]},
								"east": {"uv": [15, 64], "uv_size": [9, -9]},
								"south": {"uv": [15, 64], "uv_size": [9, -9]},
								"west": {"uv": [15, 64], "uv_size": [9, -9]},
								"up": {"uv": [24, 55], "uv_size": [-9, 9]},
								"down": {"uv": [24, 55], "uv_size": [-9, 9]}
							}
						},
						{
							"origin": [4.72558, 12.96295, 4.5],
							"size": [3.3, 3, 0.4],
							"inflate": -0.2,
							"pivot": [4.55375, 15.59695, 5.15],
							"rotation": [0, 0, -108.5],
							"uv": {
								"north": {"uv": [15, 64], "uv_size": [9, -9]},
								"east": {"uv": [15, 64], "uv_size": [9, -9]},
								"south": {"uv": [15, 64], "uv_size": [9, -9]},
								"west": {"uv": [15, 64], "uv_size": [9, -9]},
								"up": {"uv": [24, 55], "uv_size": [-9, 9]},
								"down": {"uv": [24, 55], "uv_size": [-9, 9]}
							}
						},
						{
							"origin": [1.59745, 17.7, 4.5],
							"size": [2.6, 1.3, 0.4],
							"inflate": -0.2,
							"pivot": [2.99578, 18.52401, 5.15],
							"rotation": [0, 0, -141],
							"uv": {
								"north": {"uv": [15, 64], "uv_size": [9, -9]},
								"east": {"uv": [15, 64], "uv_size": [9, -9]},
								"south": {"uv": [15, 64], "uv_size": [9, -9]},
								"west": {"uv": [15, 64], "uv_size": [9, -9]},
								"up": {"uv": [24, 55], "uv_size": [-9, 9]},
								"down": {"uv": [24, 55], "uv_size": [-9, 9]}
							}
						},
						{
							"origin": [1.8, 16.7, 4.5],
							"size": [1.6, 2, 0.4],
							"inflate": -0.2,
							"pivot": [2.99578, 18.52401, 5.15],
							"rotation": [0, 0, -141],
							"uv": {
								"north": {"uv": [15, 64], "uv_size": [9, -9]},
								"east": {"uv": [15, 64], "uv_size": [9, -9]},
								"south": {"uv": [15, 64], "uv_size": [9, -9]},
								"west": {"uv": [15, 64], "uv_size": [9, -9]},
								"up": {"uv": [24, 55], "uv_size": [-9, 9]},
								"down": {"uv": [24, 55], "uv_size": [-9, 9]}
							}
						},
						{
							"origin": [3.93326, 17.39874, 4.5],
							"size": [2.3, 0.9, 0.4],
							"inflate": -0.2,
							"pivot": [6.47466, 18.10106, 5.12971],
							"rotation": [0.9293, 0.69028, 47.78972],
							"uv": {
								"north": {"uv": [15, 64], "uv_size": [9, -9]},
								"east": {"uv": [15, 64], "uv_size": [9, -9]},
								"south": {"uv": [15, 64], "uv_size": [9, -9]},
								"west": {"uv": [15, 64], "uv_size": [9, -9]},
								"up": {"uv": [24, 55], "uv_size": [-9, 9]},
								"down": {"uv": [24, 55], "uv_size": [-9, 9]}
							}
						},
						{
							"origin": [4.60608, 19.97511, 4.5],
							"size": [2.3, 0.7, 0.4],
							"inflate": -0.2,
							"pivot": [4.37539, 20.01901, 5.15],
							"rotation": [0.75788, 0.87505, 35.28991],
							"uv": {
								"north": {"uv": [15, 64], "uv_size": [9, -9]},
								"east": {"uv": [15, 64], "uv_size": [9, -9]},
								"south": {"uv": [15, 64], "uv_size": [9, -9]},
								"west": {"uv": [15, 64], "uv_size": [9, -9]},
								"up": {"uv": [24, 55], "uv_size": [-9, 9]},
								"down": {"uv": [24, 55], "uv_size": [-9, 9]}
							}
						},
						{
							"origin": [4.2633, 18.89271, 4.5],
							"size": [0.8, 1.7, 0.4],
							"inflate": -0.2,
							"pivot": [4.9133, 20.24271, 5.13874],
							"rotation": [1.03504, 0.51844, 57.78881],
							"uv": {
								"north": {"uv": [15, 64], "uv_size": [9, -9]},
								"east": {"uv": [15, 64], "uv_size": [9, -9]},
								"south": {"uv": [15, 64], "uv_size": [9, -9]},
								"west": {"uv": [15, 64], "uv_size": [9, -9]},
								"up": {"uv": [24, 55], "uv_size": [-9, 9]},
								"down": {"uv": [24, 55], "uv_size": [-9, 9]}
							}
						},
						{
							"origin": [3.94807, 19.33678, 4.50009],
							"size": [0.8, 1.7, 0.4],
							"inflate": -0.2,
							"pivot": [4.34807, 20.18678, 4.70009],
							"rotation": [-1.34253, -0.01803, 85.28394],
							"uv": {
								"north": {"uv": [15, 64], "uv_size": [9, -9]},
								"east": {"uv": [15, 64], "uv_size": [9, -9]},
								"south": {"uv": [15, 64], "uv_size": [9, -9]},
								"west": {"uv": [15, 64], "uv_size": [9, -9]},
								"up": {"uv": [24, 55], "uv_size": [-9, 9]},
								"down": {"uv": [24, 55], "uv_size": [-9, 9]}
							}
						},
						{
							"origin": [5.71232, 17.11537, 4.5],
							"size": [0.8, 1.7, 0.4],
							"inflate": -0.2,
							"pivot": [6.35712, 19.18767, 5.15003],
							"rotation": [0.96655, -0.63708, 117.77875],
							"uv": {
								"north": {"uv": [15, 64], "uv_size": [9, -9]},
								"east": {"uv": [15, 64], "uv_size": [9, -9]},
								"south": {"uv": [15, 64], "uv_size": [9, -9]},
								"west": {"uv": [15, 64], "uv_size": [9, -9]},
								"up": {"uv": [24, 55], "uv_size": [-9, 9]},
								"down": {"uv": [24, 55], "uv_size": [-9, 9]}
							}
						},
						{
							"origin": [4.60608, 19.97511, 4.5],
							"size": [2.3, 0.7, 0.4],
							"inflate": -0.2,
							"pivot": [4.37539, 20.01901, 5.15],
							"rotation": [0.89831, 0.73016, 45.28985],
							"uv": {
								"north": {"uv": [15, 64], "uv_size": [9, -9]},
								"east": {"uv": [15, 64], "uv_size": [9, -9]},
								"south": {"uv": [15, 64], "uv_size": [9, -9]},
								"west": {"uv": [15, 64], "uv_size": [9, -9]},
								"up": {"uv": [24, 55], "uv_size": [-9, 9]},
								"down": {"uv": [24, 55], "uv_size": [-9, 9]}
							}
						},
						{
							"origin": [1.53464, 18.64656, 4.5],
							"size": [2, 0.5, 0.3],
							"pivot": [2.53464, 18.89656, 5.15],
							"rotation": [0, 0, -32.5],
							"uv": {
								"north": {"uv": [25, 64], "uv_size": [9, -9]},
								"east": {"uv": [25, 64], "uv_size": [9, -9]},
								"south": {"uv": [25, 64], "uv_size": [9, -9]},
								"west": {"uv": [25, 64], "uv_size": [9, -9]},
								"up": {"uv": [34, 55], "uv_size": [-9, 9]},
								"down": {"uv": [34, 55], "uv_size": [-9, 9]}
							}
						}
					]
				}
			]
		}
	]
}