{
  "resource_pack_name": "Addon Maker Resource",
  "texture_name": "atlas.items",
  "texture_data": {
    "egg_camel": {
      "textures": "textures/items/egg_camel"
    },
    "egg_lion": {
      "textures": "textures/items/egg_lion"
    },
    "egg_penguin": {
      "textures": "textures/items/egg_penguin"
    },
    "egg_tiger": {
      "textures": "textures/items/egg_tiger"
    },
    "egg_elephant": {
      "textures": "textures/items/egg_elephant"
    },
    "egg_deer": {
      "textures": "textures/items/egg_deer"
    },
    "egg_panther": {
      "textures": "textures/items/egg_panther"
    },
    "egg_frog": {
      "textures": "textures/items/egg_frog"
    },
    "egg_crocodile": {
      "textures": "textures/items/egg_crocodile"
    },
    "egg_mouse": {
      "textures": "textures/items/egg_mouse"
    },
    "gallardo": {
      "textures": "textures/items/gallardo"
    },
    "bench": {
      "textures": "textures/items/bench"
    },
    "christmas_tree": {
      "textures": "textures/items/christmas_tree"
    },
    "tivi": {
      "textures": "textures/items/tivi"
    },
    "closet": {
      "textures": "textures/items/closet"
    },
    "laptop": {
      "textures": "textures/items/laptop"
    },
    "piano": {
      "textures": "textures/items/piano"
    },
    "armchairs": {
      "textures": "textures/items/armchairs"
    },
    "chair": {
      "textures": "textures/items/chair"
    },
    "big_table": {
      "textures": "textures/items/big_table"
    },
    "small_table": {
      "textures": "textures/items/small_table"
    },
    "drone": {
      "textures": "textures/items/drone"
    },
    "colorful_gifts": {
      "textures": "textures/items/colorful_gifts"
    },
    "sb:sandy_net_gun": {
      "textures": "textures/items/pamobile/sb_sandy_net_gun"
    },
    "sb:nutty_butter": {
      "textures": "textures/items/pamobile/sb_nutty_butter"
    },
    "sb_karate_glove": {
      "textures": "textures/items/pamobile/sb_karate_glove"
    },
    "sb:sandy_dry_tea": {
      "textures": "textures/items/pamobile/sb_sandy_dry_tea"
    },
    "sb:sandys_tea": {
      "textures": "textures/items/pamobile/sb_sandys_tea"
    },
    "sb:acorn": {
      "textures": "textures/items/pamobile/sb_acorn"
    },
    "sb:sandy": {
      "textures": "textures/items/pamobile/sb_sandy"
    },
    "sb:wormy": {
      "textures": "textures/items/pamobile/sb_wormy"
    }
  }
}