{
  "format_version": "1.10",
  "minecraft:item": {
    "description": {
      "identifier": "pa:nora_soda1",
      "category": "Items"
    },
    "components": {
      "minecraft:hand_equipped": false,
      "minecraft:max_stack_size": 64,
      "minecraft:foil": false,
      "minecraft:stack_by_data": true,
      "minecraft:food": {
        "saturation_modifier": "normal",
        "nutrition": 3,
        "can_always_eat": false,
        "effects": []
      },
      "minecraft:use_duration": 32
    }
  }
}