{
    "format_version": "1.10",
    "minecraft:attachable": {
        "description": {
            "identifier": "jn:grabpack_red",
            "materials": {
                "default": "armor",
                "enchanted":"armor_enchanted"
            },
            "textures": {
                "default": "textures/jn/entity/armor/grabpack_red",
                "enchanted": "textures/misc/enchanted_item_glint"
            },
            "geometry": {
                "default": "geometry.grabpack_jn"
            },
            "animations": {
                "anim_con": "controller.animation.grabpack_jn",
                "retract": "animation.grabpack_jn.retract3",
                "throw": "animation.grabpack_jn.throw3",
                "fp": "animation.grabpack_jn.fp3"
              },
              "scripts": {
                "animate": [
                "anim_con"]
              },
            "render_controllers": ["controller.render.armor"]
        }
    }
}