{
	"format_version": "1.8.0",
	"animations": {
		"animation.charles.jumpscare": {
			"animation_length": 1.5,
			"anim_time_update": "query.anim_time + query.delta_time * 0.9",
			"bones": {
				"body": {
					"rotation": {
						"0.0": {
							"post": [0, 0, 0],
							"lerp_mode": "catmullrom"
						},
						"1.5": {
							"post": [0, 0, 0],
							"lerp_mode": "catmullrom"
						}
					},
					"position": {
						"0.0": {
							"post": [0, 0, 0],
							"lerp_mode": "catmullrom"
						},
						"0.7917": {
							"post": [0, 0, 6],
							"lerp_mode": "catmullrom"
						},
						"1.0": {
							"post": [0, 0, 6],
							"lerp_mode": "catmullrom"
						},
						"1.1667": {
							"post": [0, 0, -4],
							"lerp_mode": "catmullrom"
						},
						"1.375": {
							"post": [0, 0, -4],
							"lerp_mode": "catmullrom"
						},
						"1.5": {
							"post": [0, 0, 0],
							"lerp_mode": "catmullrom"
						}
					}
				},
				"left_leg1": {
					"rotation": {
						"0.0": [0, 0, 0],
						"0.25": [20.26354, 40.66229, 104.41603],
						"1.25": [20.26354, 40.66229, 104.41603],
						"1.5": [0, 0, 0]
					}
				},
				"right_leg1": {
					"rotation": {
						"0.0": [0, 0, 0],
						"0.25": [17.88853, -31.20685, -100.38392],
						"1.25": [17.88853, -31.20685, -100.38392],
						"1.5": [0, 0, 0]
					}
				},
				"right_leg2": {
					"rotation": {
						"0.0": {
							"post": [0, 0, 0],
							"lerp_mode": "catmullrom"
						},
						"0.7917": {
							"post": [-65.30443, -62.84208, -26.20865],
							"lerp_mode": "catmullrom"
						},
						"1.0": {
							"post": [-65.30443, -62.84208, -26.20865],
							"lerp_mode": "catmullrom"
						},
						"1.1667": {
							"post": [-13.36418, -70.37547, -45.05716],
							"lerp_mode": "catmullrom"
						},
						"1.5": {
							"post": [0, 0, 0],
							"lerp_mode": "catmullrom"
						}
					}
				},
				"left_leg2": {
					"rotation": {
						"0.0": {
							"post": [0, 0, 0],
							"lerp_mode": "catmullrom"
						},
						"0.7917": {
							"post": [-65.30443, 62.84208, 26.20865],
							"lerp_mode": "catmullrom"
						},
						"1.0": {
							"post": [-65.30443, 62.84208, 26.20865],
							"lerp_mode": "catmullrom"
						},
						"1.1667": {
							"post": [-13.36418, 70.37547, 45.05716],
							"lerp_mode": "catmullrom"
						},
						"1.5": {
							"post": [0, 0, 0],
							"lerp_mode": "catmullrom"
						}
					}
				},
				"right_leg3": {
					"rotation": {
						"0.0": {
							"post": [0, 0, 0],
							"lerp_mode": "catmullrom"
						},
						"0.9167": {
							"post": [0, -7.5, 0],
							"lerp_mode": "catmullrom"
						},
						"1.25": {
							"post": [0, 10, 0],
							"lerp_mode": "catmullrom"
						},
						"1.5": {
							"post": [0, 0, 0],
							"lerp_mode": "catmullrom"
						}
					}
				},
				"left_leg3": {
					"rotation": {
						"0.0": {
							"post": [0, 0, 0],
							"lerp_mode": "catmullrom"
						},
						"0.9167": {
							"post": [0, 7.5, 0],
							"lerp_mode": "catmullrom"
						},
						"1.25": {
							"post": [0, -10, 0],
							"lerp_mode": "catmullrom"
						},
						"1.5": {
							"post": [0, 0, 0],
							"lerp_mode": "catmullrom"
						}
					}
				},
				"right_leg5": {
					"rotation": {
						"0.0": {
							"post": [0, 0, 0],
							"lerp_mode": "catmullrom"
						},
						"0.9167": {
							"post": [0, -7.5, 0],
							"lerp_mode": "catmullrom"
						},
						"1.25": {
							"post": [0, 10, 0],
							"lerp_mode": "catmullrom"
						},
						"1.5": {
							"post": [0, 0, 0],
							"lerp_mode": "catmullrom"
						}
					}
				},
				"left_leg5": {
					"rotation": {
						"0.0": {
							"post": [0, 0, 0],
							"lerp_mode": "catmullrom"
						},
						"0.9167": {
							"post": [0, 7.5, 0],
							"lerp_mode": "catmullrom"
						},
						"1.25": {
							"post": [0, -10, 0],
							"lerp_mode": "catmullrom"
						},
						"1.5": {
							"post": [0, 0, 0],
							"lerp_mode": "catmullrom"
						}
					}
				}
			}
		}
	}
}