{
   "format_version": "1.10.0",
   "animation_controllers": {
      "controller.animation.A_60.general": {
         "states": {
            "default": {
               "animations": [
                  "A_60_general"
               ],
               "particle_effects": [
                  {
                     "effect": "spell",
                     "locator": "red"
                  },
                  {
                     "effect": "spell5",
                     "locator": "red"
                  }
               ]
            }
         }
      }
   }
}