{
   "format_version": "1.10.0",
   "animation_controllers": {
      "controller.animation.steve_resistance.general": {
         "states": {
            "default": {
               "animations": [
                  "steve_resistance_general",
                  "look_at_target"
               ]
            }
         }
      },
      "controller.animation.steve_resistance.move": {
         "initial_state": "moving",
         "states": {
            "moving": {
               "animations": [
                  {
                     "moving": "query.ground_speed * 0.5"
                  },
                  "look_at_target"
               ],
               "transitions": [
                  {
                     "running": "variable.attack_time > 0 && variable.random == 0"
                  }
               ],
               "blend_transition": 0.2
            }
         }
      },
      "controller.animation.steve_resistance.attack": {
         "states": {
            "default": {
               "transitions": [
                  {
                     "attacking": "variable.attack_time > 0 && variable.random == 0"
                  }
               ],
               "blend_transition": 0.2
            },
            "attacking": {
               "animations": [
                  "attacking"
               ],
               "transitions": [
                  {
                     "default": "query.all_animations_finished"
                  }
               ],
               "blend_transition": 0.1
            }
         }
      }
   }
}