{
   "format_version": "1.10.0",
   "animation_controllers": {
      "controller.animation.timothy.general": {
         "initial_state": "moving",
         "states": {
            "moving": {
               "variables": {
                  "move_speed": {
                     "input": "query.modified_move_speed",
                     "remap_curve": {
                        "0.0": 0,
                        "0.25": 1
                     }
                  },
                  "is_idling": {
                     "input": "query.modified_move_speed",
                     "remap_curve": {
                        "0.0": 1,
                        "0.1": 0
                     }
                  }
               },
               "animations": [
                  {
                     "moving": "variable.move_speed"
                  },
                  {
                     "timothy_general": "variable.is_idling"
                  }
               ],
               "transitions": [
                  {
                     "attack": "query.is_delayed_attacking"
                  }
               ],
               "blend_transition": 0.2
            },
            "attack": {
               "animations": [
                  "attack"
               ],
               "transitions": [
                  {
                     "moving": "!query.is_delayed_attacking"
                  }
               ],
               "blend_transition": 0.1
            }
         }
      },
      "controller.animation.timothy.general2": {
         "states": {
            "default": {
               "animations": [
                  "timothy_general2"
               ]
            }
         }
      }
   }
}