{
	"format_version": "1.8.0",
	"animations": {
		"animation.head_infected_pig.static": {
			"loop": true,
			"bones": {
				"TentaculoIzq": {
					"rotation": ["0+math.cos(query.anim_time*125)*3", "0+math.cos(query.anim_time*125)*3", 0]
				},
				"TentaculoDer": {
					"rotation": ["0-math.cos(query.anim_time*125)*3", "0-math.cos(query.anim_time*125)*3", 0]
				}
			}
		},
		"animation.head_infected_pig.move": {
			"loop": true,
			"bones": {
				"PataIzq3": {
					"rotation": ["0-math.cos(query.anim_time*550)*15", 0, "0-math.cos(query.anim_time*550)*10"]
				},
				"PataDer3": {
					"rotation": ["0+math.cos(query.anim_time*550)*15", 0, "0+math.cos(query.anim_time*550)*10"]
				},
				"PataDer2": {
					"rotation": ["0-math.cos(query.anim_time*550)*15", 0, "0-math.cos(query.anim_time*550)*10"]
				},
				"PataIzq2": {
					"rotation": ["0+math.cos(query.anim_time*550)*15", 0, "0+math.cos(query.anim_time*550)*10"]
				},
				"PataIzq1": {
					"rotation": ["0-math.cos(query.anim_time*550)*5", 0, "0-math.cos(query.anim_time*550)*10"]
				},
				"PataDer1": {
					"rotation": ["0+math.cos(query.anim_time*550)*10", 0, "0+math.cos(query.anim_time*550)*5"]
				},
				"TentaculoIzq": {
					"rotation": ["0+math.cos(query.anim_time*150)*4", "0+math.cos(query.anim_time*150)*4", 0]
				},
				"TentaculoDer": {
					"rotation": ["0-math.cos(query.anim_time*150)*4", "0-math.cos(query.anim_time*150)*4", 0]
				}
			}
		}
	}
}