{
	"format_version": "1.8.0",
	"animations": {
		"animation.head_infected_wolf.static": {
			"loop": true,
			"bones": {
				"Mandibula": {
					"rotation": ["5+math.cos(query.anim_time*150)*5", 0, 0]
				}
			}
		},
		"animation.head_infected_wolf.move": {
			"loop": true,
			"bones": {
				"Mandibula": {
					"rotation": ["5+math.cos(query.anim_time*150)*5", 0, 0]
				},
				"PataDer1": {
					"rotation": ["0+math.cos(query.anim_time*550)*15", 0, "0+math.cos(query.anim_time*550)*10"]
				},
				"PataIz1": {
					"rotation": ["0-math.cos(query.anim_time*550)*15", 0, "0-math.cos(query.anim_time*550)*10"]
				},
				"PataDer2": {
					"rotation": ["0-math.cos(query.anim_time*550)*10", 0, "0-math.cos(query.anim_time*550)*5"]
				},
				"PataIzq2": {
					"rotation": ["0+math.cos(query.anim_time*550)*10", 0, "0+math.cos(query.anim_time*550)*5"]
				}
			}
		}
	}
}