{
	"format_version": "1.8.0",
	"animations": {
		"animation.head_infected_villager.static": {
			"loop": true,
			"bones": {
				"Mandibula": {
					"rotation": ["0+math.cos(query.anim_time*125)*5", 0, 0]
				}
			}
		},
	    "animation.head_infected_villager.move": {
			"loop": true,
			"bones": {
				"Mandibula": {
					"rotation": ["0+math.cos(query.anim_time*150)*5", 0, 0]
				},
				"PataIzq1": {
					"rotation": ["0-math.cos(query.anim_time*550)*15", 0, "0-math.cos(query.anim_time*550)*15"]
				},
				"PataDer1": {
					"rotation": ["0+math.cos(query.anim_time*550)*15", 0, "0+math.cos(query.anim_time*550)*15"]
				},
				"PataIzq2": {
					"rotation": ["0+math.cos(query.anim_time*550)*15", 0, "0+math.cos(query.anim_time*550)*15"]
				},
				"PataDer2": {
					"rotation": ["0-math.cos(query.anim_time*550)*15", 0, "0-math.cos(query.anim_time*550)*15"]
				},
				"PataIzq3": {
					"rotation": ["0-math.cos(query.anim_time*550)*5", 0, "0-math.cos(query.anim_time*550)*10"]
				},
				"PataDer3": {
					"rotation": ["0+math.cos(query.anim_time*550)*5", 0, "0+math.cos(query.anim_time*550)*10"]
				}
			}
		}
	}
}