{
	"format_version": "1.8.0",
	"animations": {
		"animation.infected_villagerv2.static": {
			"loop": true,
			"bones": {
				"Mandibula": {
					"rotation": ["2.5-math.cos(query.anim_time*125)*3.5", 0, 0]
				},
				"BrazoDer": {
					"rotation": ["0-math.cos(query.anim_time*125)*5", 0, 0]
				},
				"BrazoIzq": {
					"rotation": ["0+math.cos(query.anim_time*125)*5", 0, 0]
				}
			}
		},
		"animation.infected_villagerv2.move": {
			"loop": true,
			"bones": {
				"PiernaIzq": {
					"rotation": ["0-math.cos(query.anim_time*600)*25", 0, 0]
				},
				"PiernaDer": {
					"rotation": ["0+math.cos(query.anim_time*600)*25", 0, 0]
				},
				"Mandibula": {
					"rotation": ["2.5-math.cos(query.anim_time*150)*3.5", 0, 0]
				},
				"BrazoDer": {
					"rotation": ["0-math.cos(query.anim_time*600)*20", 0, 0]
				},
				"BrazoIzq": {
					"rotation": ["0+math.cos(query.anim_time*600)*20", 0, 0]
				}
			}
		}
	}
}