{
	"format_version" : "1.8.0",
	"animations" : {
		"animation.rupter.move" : {
			"loop" : true,
			"bones" : {
				"PataIzq1" : {
					"rotation" : [ 0, 0, "0+math.cos(query.anim_time*1000)*10" ]
				},
				"bone10" : {
					"rotation" : [ 0, 0, "0+math.cos(query.anim_time*250)*10" ]
				},
				"bone13" : {
					"rotation" : [ 0, 0, "0-math.cos(query.anim_time*250)*10" ]
				},
				"bone16" : {
					"rotation" : [ 0, 0, "0-math.cos(query.anim_time*250)*10" ]
				},
				"bone19" : {
					"rotation" : [ 0, 0, "0+math.cos(query.anim_time*250)*10" ]
				},
				"bone22" : {
					"rotation" : [
						"0-math.cos(query.anim_time*250)*5",
						0,
						"0-math.cos(query.anim_time*250)*5"
					]
				},
				"PataIzq2" : {
					"rotation" : [ 0, 0, "0-math.cos(query.anim_time*1000)*10" ]
				},
				"PataDer1" : {
					"rotation" : [ 0, 0, "0+math.cos(query.anim_time*1000)*10" ]
				},
				"PataDer2" : {
					"rotation" : [ 0, 0, "0-math.cos(query.anim_time*1000)*10" ]
				}
			}
		},
		"animation.rupter.static": {
			"loop": true,
			"bones": {
				"bone10": {
					"rotation": [0, 0, "0+math.cos(query.anim_time*100)*15"]
				},
				"bone13": {
					"rotation": [0, 0, "0-math.cos(query.anim_time*100)*15"]
				},
				"bone16": {
					"rotation": [0, 0, "0+math.cos(query.anim_time*100)*15"]
				},
				"bone19": {
					"rotation": [0, 0, "0-math.cos(query.anim_time*100)*15"]
				},
				"bone22": {
					"rotation": ["0-math.cos(query.anim_time*100)*7.5", 0, "0-math.cos(query.anim_time*100)*7.5"]
				}
			}
		}
	}
}
