{
    "entity_sounds": {
        "entities": {
            "en:boris_awake": {
                "volume": 1,
                "pitch": [
                    1,
                    1
                ],
                "events": {
                    "spawn": "boris_warn",
                    "step": {
                        "sound": "minirod_move",
                        "volume": 1,
                        "pitch": 1
                        }
                    }
                },
            "en:boris": {
                "volume": 1,
                "pitch": [
                    1,
                    1
                ],
                "events": {
                    "spawn": "boris_sleep_again",
                    "ambience": "boris_sleep",
                    "hurt": "boris_hurt",
                    "step": {
                        "sound": "minirod_move",
                        "volume": 1,
                        "pitch": 1
                        }
                    }
                },
            "en:gummy": {
                "volume": 1,
                "pitch": [
                    1,
                    1
                ],
                "events": {
                    "spawn": "gummy_wake",
                    "ambience": "chickens",
                    "hurt": "chicken_hurt",
                    "death": "chicken_hurt",
                    "attack": "gummy_bite",
                    "step": {
                        "sound": "chicken_move",
                        "volume": 1,
                        "pitch": 1
                        }
                    }
                },
            "en:roostel": {
                "volume": 1,
                "pitch": [
                    1,
                    1
                ],
                "events": {
                    "ambience": "chickens",
                    "hurt": "chicken_hurt",
                    "death": "chicken_hurt",
                    "attack": "chicken_attack",
                    "step": {
                        "sound": "chicken_move",
                        "volume": 1,
                        "pitch": 1
                        }
                    }
                },
            "en:evil_nun": {
                "volume": 1,
                "pitch": [
                    1,
                    1
                ],
                "events": {
                    "ambient": "evil_nun",
                    "hurt": "evil_nun_hurt",
                    "death": "evil_nun_hurt",
                    "attack": "hammer_attack",
                    "step": {
                        "sound": "step",
                        "volume": 1,
                        "pitch": 1
                        }
                    }
                },
            "en:charlie": {
                "volume": 1,
                "pitch": [
                    1,
                    1
                ],
                "events": {
                    "spawn": "spawn_kid",
                    "ambient": "charlie",
                    "hurt": "charlie_hurt",
                    "death": "charlie_death",
                    "step": {
                        "sound": "step",
                        "volume": 1,
                        "pitch": 1
                        }
                    }
                },
            "en:j": {
                "volume": 1,
                "pitch": [
                    1,
                    1
                ],
                "events": {
                    "spawn": "spawn_kid",
                    "ambient": "j",
                    "hurt": "j_hurt",
                    "death": "j_death",
                    "step": {
                        "sound": "step",
                        "volume": 1,
                        "pitch": 1
                        }
                    }
                },
            "en:lis": {
                "volume": 1,
                "pitch": [
                    1,
                    1
                ],
                "events": {
                    "spawn": "spawn_kid",
                    "ambient": "lis",
                    "hurt": "lis_death",
                    "death": "lis_death",
                    "step": {
                        "sound": "step",
                        "volume": 1,
                        "pitch": 1
                        }
                    }
                },
            "en:mike": {
                "volume": 1,
                "pitch": [
                    1,
                    1
                ],
                "events": {
                    "spawn": "spawn_kid",
                    "ambient": "mike",
                    "hurt": "mike_hurt",
                    "death": "mike_death",
                    "step": {
                        "sound": "step",
                        "volume": 1,
                        "pitch": 1
                        }
                    }
                },
            "en:mati": {
                "volume": 1,
                "pitch": [
                    1,
                    1
                ],
                "events": {
                    "ambient": "mati",
                    "hurt": "mati_hurt",
                    "death": "mati_death",
                    "step": {
                        "sound": "minirod_move",
                        "volume": 1,
                        "pitch": 1
                        }
                    }
                },
            "en:mini_rod_chef": {
                "volume": 1,
                "pitch": [
                    1,
                    1
                ],
                "events": {
                    "ambient": "minirod_chef",
                    "attack": "minirod_attack",
                    "hurt": "minirod_hurt",
                    "death": "minirod_hurt",
                    "step": {
                        "sound": "minirod_move",
                        "volume": 1,
                        "pitch": 1
                        }
                    }
                },
            "en:mini_rod_chef_rest": {
                "volume": 1,
                "pitch": [
                    1,
                    1
                ],
                "events": {
                    "ambient": "minirod_down",
                    "step": {
                        "sound": "/////",
                        "volume": 1,
                        "pitch": 1
                        }
                    }
                },
            "en:mini_rod_janitor": {
                "volume": 1,
                "pitch": [
                    1,
                    1
                ],
                "events": {
                    "ambient": "minirod_cleaner1",
                    "attack": "minirod_attack",
                    "hurt": "minirod_hurt",
                    "death": "minirod_hurt",
                    "step": {
                        "sound": "minirod_move",
                        "volume": 1,
                        "pitch": 1
                        }
                   }
                },
            "en:mini_rod_janitor_rest": {
                "volume": 1,
                "pitch": [
                    1,
                    1
                ],
                "events": {
                    "ambient": "minirod_down",
                    "step": {
                        "sound": "/////",
                        "volume": 1,
                        "pitch": 1
                        }
                    }
                },
            "en:mini_rod_cleaner2": {
                "volume": 1,
                "pitch": [
                    1,
                    1
                ],
                "events": {
                    "ambient": "minirod_cleaner2",
                    "attack": "minirod_attack",
                    "hurt": "minirod_hurt",
                    "death": "minirod_hurt",
                    "step": {
                        "sound": "minirod_move",
                        "volume": 1,
                        "pitch": 1
                        }
                    }
                },
            "en:mini_rod_cleaner2_rest": {
                "volume": 1,
                "pitch": [
                    1,
                    1
                ],
                "events": {
                    "ambient": "minirod_down",
                    "step": {
                        "sound": "/////",
                        "volume": 1,
                        "pitch": 1
                        }
                    }
                },
            "en:mini_rod_mechanic": {
                "volume": 1,
                "pitch": [
                    1,
                    1
                ],
                "events": {
                    "ambient": "minirod_mechanic",
                    "attack": "minirod_attack",
                    "hurt": "minirod_hurt",
                    "death": "minirod_hurt",
                    "step": {
                        "sound": "minirod_move",
                        "volume": 1,
                        "pitch": 1
                        }
                    }
                },
            "en:mini_rod_mechanic_rest": {
                "volume": 1,
                "pitch": [
                    1,
                    1
                ],
                "events": {
                    "ambient": "minirod_down",
                    "step": {
                        "sound": "/////",
                        "volume": 1,
                        "pitch": 1
                        }
                    }
                },
            "en:mini_rod_prototype": {
                "volume": 1,
                "pitch": [
                    1,
                    1
                ],
                "events": {
                    "ambient": "minirod_prototype",
                    "attack": "minirod_attack",
                    "hurt": "minirod_hurt",
                    "death": "minirod_hurt",
                    "step": {
                        "sound": "minirod_move",
                        "volume": 1,
                        "pitch": 1
                        }
                    }
                },
            "en:mini_rod_prototype_alert": {
                "volume": 1,
                "pitch": [
                    1,
                    1
                ],
                "events": {
                    "spawn": "minirod_prototype_warn",
                    "step": {
                        "sound": "/////",
                        "volume": 1,
                        "pitch": 1
                        }
                    }
                },
            "en:mini_rod_office": {
                "volume": 1,
                "pitch": [
                    1,
                    1
                ],
                "events": {
                    "ambient": "minirod_worker",
                    "attack": "minirod_attack",
                    "hurt": "minirod_hurt",
                    "death": "minirod_hurt",
                    "step": {
                        "sound": "minirod_move",
                        "volume": 1,
                        "pitch": 1
                        }
                    }
                },
            "en:mini_rod_office_rest": {
                "volume": 1,
                "pitch": [
                    1,
                    1
                ],
                "events": {
                    "ambient": "minirod_down",
                    "step": {
                        "sound": "/////",
                        "volume": 1,
                        "pitch": 1
                        }
                    }
                },
            "en:meat": {
                "volume": 1,
                "pitch": [
                    1,
                    1
                ],
                "events": {
                    "ambient": "mr_meat",
                    "hurt": "mr_meat_hurt",
                    "death": "mr_meat_death",
                    "attack": "mr_meat_attack",
                    "step": {
                        "sound": "step",
                        "volume": 1,
                        "pitch": 1
                        }
                    }
                },
            "en:rod": {
                "volume": 1,
                "pitch": [
                    1,
                    1
                ],
                "events": {
                    "ambient": "rod",
                    "hurt": "rod_hurt",
                    "death": "rod_death",
                    "attack": "freeze_attack",
                    "step": {
                        "sound": "step",
                        "volume": 1,
                        "pitch": 1
                        }
                    }
                },
            "en:sister_matilda": {
                "volume": 1,
                "pitch": [
                    1,
                    1
                ],
                "events": {
                    "ambient": "sm",
                    "attack": "slap_attack",
                    "step": {
                        "sound": "step",
                        "volume": 1,
                        "pitch": 1
                             }
                          }
                      }
                  }
              }
          }
      }
   }
}
