{
  "format_version": "1.10.0",
  "animation_controllers": {
    "controller.animation.hbms_trigger": {
      "states": {
        "default": {
          "transitions": [
            {
              "walking": "(1.0)"
            }
          ],
          "on_entry": [
          	"/execute @e[type=jtartz:hb_curse] ~~~ execute @e[type=hbstructure:pyramid0] ~~~ function hbcurse/pyramid0",
          	"/execute @e[type=jtartz:hb_curse] ~~~ execute @e[type=hbstructure:pyramid1] ~~~ function hbcurse/pyramid1",
          	"/execute @e[type=jtartz:hb_curse] ~~~ execute @e[type=hbstructure:smallpyramid0] ~~~ function hbcurse/smallpyramid0",
          	"/execute @e[type=jtartz:hb_curse] ~~~ execute @e[type=hbstructure:smallpyramid1] ~~~ function hbcurse/smallpyramid1",
          	"/execute @e[type=jtartz:hb_curse] ~~~ execute @e[type=hbstructure:bpow] ~~~ function hbcurse/bpow",
          	"/execute @e[type=jtartz:hb_curse] ~~~ execute @e[type=hbstructure:tunnela] ~~~ function hbcurse/tunnela",
          	"/execute @e[type=jtartz:hb_curse] ~~~ execute @e[type=hbstructure:tunnelb] ~~~ function hbcurse/tunnelb",
          	"/execute @e[type=jtartz:hb_curse] ~~~ execute @e[type=hbstructure:ge] ~~~ function hbcurse/e",
          	"/execute @e[type=jtartz:hb_curse] ~~~ execute @e[type=hbstructure:gh] ~~~ function hbcurse/h",
          	"/execute @e[type=jtartz:hb_curse] ~~~ execute @e[type=hbstructure:baldtrees] ~~~ function hbcurse/baldtrees",
          	"/execute @e[type=jtartz:hb_curse] ~~~ execute @e[type=hbstructure:tnttrap] ~~~ function hbcurse/tnttrap",
          	"/execute @e[type=jtartz:hb_curse] ~~~ execute @e[type=hbstructure:fire] ~~~ setblock ~~~ netherrack",
          	"/execute @e[type=jtartz:hb_curse] ~~~ execute @e[type=hbstructure:fire] ~~~ setblock ~~1~ fire",
          	"/execute @e[type=jtartz:hb_curse] ~~~ execute @e[type=hbstructure:gtower0] ~~~ function hbcurse/gtower0",
          	"/execute @e[type=jtartz:hb_curse] ~~~ execute @e[type=hbstructure:gtower1] ~~~ function hbcurse/gtower1",
          	"/execute @e[type=jtartz:hb_curse] ~~~ execute @e[type=hbstructure:cavetorch] ~~~ function hbcurse/cavetorch",
          	"/execute @e[type=jtartz:hb_curse] ~~~ execute @e[type=hbspawn:cchick] ~~~ summon jtartz:herobrine_chicken",
          	"/execute @e[type=jtartz:hb_curse] ~~~ execute @e[type=hbspawn:ccow] ~~~ summon jtartz:herobrine_cow",
            "/execute @e[type=jtartz:hb_curse] ~~~ execute @e[type=hbspawn:cp] ~~~ summon jtartz:herobrine_pig"




          ]
        },
        "walking": {
          "transitions": [
            {
              "default": "(1.0)"
            }
          ],
          "on_entry": [
          	"/execute @e[type=jtartz:hb_curse] ~~~ execute @e[type=hbstructure:pyramid0] ~~~ function hbcurse/pyramid0",
          	"/execute @e[type=jtartz:hb_curse] ~~~ execute @e[type=hbstructure:pyramid1] ~~~ function hbcurse/pyramid1",
          	"/execute @e[type=jtartz:hb_curse] ~~~ execute @e[type=hbstructure:smallpyramid0] ~~~ function hbcurse/smallpyramid0",
          	"/execute @e[type=jtartz:hb_curse] ~~~ execute @e[type=hbstructure:smallpyramid1] ~~~ function hbcurse/smallpyramid1",
          	"/execute @e[type=jtartz:hb_curse] ~~~ execute @e[type=hbstructure:bpow] ~~~ function hbcurse/bpow",
          	"/execute @e[type=jtartz:hb_curse] ~~~ execute @e[type=hbstructure:tunnela] ~~~ function hbcurse/tunnela",
          	"/execute @e[type=jtartz:hb_curse] ~~~ execute @e[type=hbstructure:tunnelb] ~~~ function hbcurse/tunnelb",
          	"/execute @e[type=jtartz:hb_curse] ~~~ execute @e[type=hbstructure:ge] ~~~ function hbcurse/e",
          	"/execute @e[type=jtartz:hb_curse] ~~~ execute @e[type=hbstructure:gh] ~~~ function hbcurse/h",
          	"/execute @e[type=jtartz:hb_curse] ~~~ execute @e[type=hbstructure:baldtrees] ~~~ function hbcurse/baldtrees",
          	"/execute @e[type=jtartz:hb_curse] ~~~ execute @e[type=hbstructure:tnttrap] ~~~ function hbcurse/tnttrap",
          	"/execute @e[type=jtartz:hb_curse] ~~~ execute @e[type=hbstructure:fire] ~~~ setblock ~~~ netherrack",
          	"/execute @e[type=jtartz:hb_curse] ~~~ execute @e[type=hbstructure:fire] ~~~ setblock ~~1~ fire",
          	"/execute @e[type=jtartz:hb_curse] ~~~ execute @e[type=hbstructure:gtower0] ~~~ function hbcurse/gtower0",
          	"/execute @e[type=jtartz:hb_curse] ~~~ execute @e[type=hbstructure:gtower1] ~~~ function hbcurse/gtower1",
          	"/execute @e[type=jtartz:hb_curse] ~~~ execute @e[type=hbstructure:cavetorch] ~~~ function hbcurse/cavetorch",
          	"/execute @e[type=jtartz:hb_curse] ~~~ execute @e[type=hbspawn:cchick] ~~~ summon jtartz:herobrine_chicken",
          	"/execute @e[type=jtartz:hb_curse] ~~~ execute @e[type=hbspawn:ccow] ~~~ summon jtartz:herobrine_cow",
            "/execute @e[type=jtartz:hb_curse] ~~~ execute @e[type=hbspawn:cp] ~~~ summon jtartz:herobrine_pig"

          ]
        }
      }
    }
  }
}
