 {
    "entity_sounds": {
        "entities": {
"among:mommy_long_legs": {
                "volume": 1.0,
                "pitch": [1, 1],
                "events": {
                    "death": "mob.mommy.death",
                    "attack": "mob.mommy.jumpscare",
                    "step": {
                        "sound": "mob.wolf.step",
                        "volume": 1,
                        "pitch": 1
                    }
                    }
                }
            }
        }
    }