{
  "format_version": "1.10.0",
  "minecraft:client_entity": {
    "description": {
      "identifier": "stk:akainu",
      "textures": {
        "default": "textures/entity/akainu"
      },
      "materials": {
        "default": "skeleton"
      },
      "geometry": {
        "default": "geometry.akainu"
      },
      "render_controllers": [
        "controller.render.translucence"
      ],
      "spawn_egg": {
        "texture": "stk:akainu",
        "texture_index": 0
      },
      "animations": {
        "walk": "animation.snakeman.walk",
        "still": "",
        "run": "animation.snakeman.run",
        "attack": "animation.akainu.attack",
        "jump": "animation.akainu.jump"
      },
      "scripts": {
        "animate": [
          "root",
          {
            "walk": "query.is_moving && query.is_on_ground"
          },
          {
            "swim": "query.is_moving && query.is_in_water"
          },
          {
            "still": "!query.is_moving"
          },
          {
          "attack" : "variable.attack_time>0"  
          },
          {
          "jump" : "!query.is_on_ground"  
          
          }
        ]
      }
    }
  }
}     