{
    "format_version": "1.13.0",
    "minecraft:entity": {
        "description": {
            "identifier": "minecraft:player",
            "is_spawnable": true,
            "is_summonable": true,
            "is_experimental": false,
            "scripts": {
                "animate": [ 
                    "jump",
                    "killing1",
                    "raging",
                    "run",
                    "landing",
                    "climb"
				]
            },
            "animations": {
                "jump": "controller.animation.jump",
                "killing1": "controller.animation.killing1",
                "raging": "controller.animation.raging",
                "run":
"controller.animation.run",
                "landing":
"controller.animation.landing",
                "climb":
"controller.animation.climb"
            }
        },
        "component_groups": {
            "attack": {
				"minecraft:behavior.melee_attack": {
                    "priority": 2,
                    "speed_multiplier": 3,
                    "track_target": true,
                    "reach_multiplier": 2
                },
                "minecraft:movement": {
                    "value": 0.20
                },
                "minecraft:health": {
                    "value": 900,
                    "max": 900
                },
                "minecraft:lookat": {
                    "search_radius": 2000,
                    "set_target": true,
                    "look_cooldown": 5.0,
                    "filters": {
                        "all_of": [{
                                "subject": "other",
                                "test": "is_family",
                                "operator": "!=",
                                "value": "inanimate"
                            }, {
                                "subject": "other",
                                "test": "is_family",
                                "operator": "!=",
                                "value": "scp096"
                            }, {
                                "subject": "other",
                                "test": "is_family",
                                "operator": "!=",
                                "value": "096"
                            }, {
                                "subject": "other",
                                "test": "is_family",
                                "operator": "!=",
                                "value": "0961"
                            }
                        ]
                    }
                },
                "minecraft:behavior.nearest_attackable_target": {
                    "priority": 1,
                    "within_radius": 2000,
                    "reselect_targets": true,
                    "entity_types": [{
						"filters": {
								"any_of": [{
										"test": "is_family",
										"subject": "other",
										"value": "dummy"
									}, {
										"test": "has_tag",
										"subject": "other",
										"value": "096_tar"
									}
								]
							},
							"max_dist": 300,
							"must_see_forget_duration": 200
						}
					],
                    "within_radius": 2000,
                    "must_see_forget_duration": 50000,
                    "must_see": false
                },
                "minecraft:behavior.hurt_by_target": {
                    "priority": 5
                }
            },
            "096_near": {
                "minecraft:variant": {
                    "value": 0
                }
            },
            "096_far": {
                "minecraft:variant": {
                    "value": 1
                }
            },
            "minecraft:remove": {
                "minecraft:despawn": {}
            },
            "096_walk": {
                "minecraft:navigation.climb": {
                    "can_pass_doors": true,
                    "can_open_doors": true,
                    "can_path_over_water": true,
                    "can_walk_in_lava": true,
					"avoid_water": true,
                    "avoid_damage_blocks": true
                },
                "minecraft:movement.basic": {},
				"minecraft:can_climb": {}
            },
			"096_walk_only": {
                "minecraft:navigation.walk": {
                    "can_pass_doors": true,
                    "can_open_doors": true,
                    "can_path_over_water": true,
                    "can_walk_in_lava": true,
					"avoid_water": true,
                    "avoid_damage_blocks": true
                },
                "minecraft:movement.basic": {},
				"minecraft:jump.static": {},
				"minecraft:can_climb": {}
            },
            "096_swim": {
                "minecraft:navigation.generic": {
                    "is_amphibious": true,
                    "can_pass_doors": true,
                    "can_swim": true,
                    "can_fly": true,
                    "can_path_over_water": true,
                    "can_walk_in_lava": true,
                    "can_open_doors": true,
                    "can_path_from_air": true,
                    "avoid_damage_blocks": true
                },
                "minecraft:movement.amphibious": {},
				"minecraft:jump.static": {},
				"minecraft:can_climb": {}
            },
            "096_respawn": {
                "minecraft:transformation": {
                    "into": "minecraft:player<minecraft:respawn2>"
                },
                "minecraft:is_illager_captain": {},
                "minecraft:timer": {
                    "time": 3,
                    "looping": false,
                    "time_down_event": {
                        "event": "minecraft:respawn2",
                        "target": "self"
                    }
                },
                "minecraft:movement": {
                    "value": 0.0
                }
            },
            "096_respawn2": {
                "minecraft:transformation": {
                    "into": "minecraft:player<minecraft:entity_spawned>",
                    "delay": {
                        "value": 60.0
                    }
                },
                "minecraft:movement": {
                    "value": 0.0
                },
                "minecraft:health": {
                    "value": 100,
                    "max": 100,
                    "min": 100
                }
            },
            "096_angry": {
                "minecraft:angry": {
                    "duration": 100000,
                    "broadcast_anger": true,
                    "broadcast_range": 10,
                    "broadcast_targets": ["0961"]
                }
            },
            "096_rip": {
                "minecraft:is_stunned": {},
				"minecraft:mark_variant": {
					"value": 0
				},
				"minecraft:rideable": {
					"seat_count": 1,
					"seats": [
						{
							"position": [0.3, 2.5, 1.8], //0 2 2.2
							"rotate_rider_by": -187,
							"lock_rider_rotation": 187
						}
					]
				}
            },
			"096_smash": {
                "minecraft:is_stunned": {},
				"minecraft:mark_variant": {
					"value": 1
				},
				"minecraft:rideable": {
					"seat_count": 1,
					"seats": [
						{
							"position": [0, -1, 1.7],
							"rotate_rider_by": -180,
							"lock_rider_rotation": 180
						}
					]
				}
            },
			"null": {
				"minecraft:rideable": {
					"seat_count": 1,
					"seats": [
						{
							"position": [0.1, 3.5, 0.6],
							"rotate_rider_by": -180,
							"lock_rider_rotation": 180
						}
					]
				}
            },
            "096_leap": {
                "minecraft:spawn_entity": {
                    "min_wait_time": 1,
                    "max_wait_time": 6,
                    "spawn_entity": "bd:leap",
					"num_to_spawn": 1
                }
            }
        },
        "components": {
            "minecraft:behavior.open_door": {
                "priority": 6,
                "close_door_after": false
            },
            "minecraft:damage_sensor": {
                "triggers": [{
                        "deals_damage": false,
                        "on_damage": {
                            "filters": {
                                "all_of": [{
                                        "test": "has_damage",
                                        "value": "entity_explosion"
                                    }
                                ]
                            }
                        }
                    }, {
                        "deals_damage": false,
                        "on_damage": {
                            "filters": {
                                "all_of": [{
                                        "test": "has_damage",
                                        "value": "fall"
                                    }
                                ]
                            }
                        }
                    }, {
                        "deals_damage": false,
                        "on_damage": {
                            "filters": {
                                "all_of": [{
                                        "test": "has_damage",
                                        "value": "projectile"
                                    }
                                ]
                            }
                        }
                    }
                ]
            },
			"minecraft:collision_box": {
				"width": 0.6,
				"height": 2.0
			},
            "minecraft:behavior.avoid_mob_type": {
                "priority": -1,
                "entity_types": [{
                        "filters": {
                            "any_of": [{
                                    "test": "is_family",
                                    "subject": "other",
                                    "value": "096_de"
                                }
                            ]
                        },
                        "walk_speed_multiplier": 2.5,
                        "sprint_speed_multiplier": 2.5
                    }
                ],
                "max_dist": 2000,
                "ignore_visibility": true,
                "must_see": false
            },
            "minecraft:underwater_movement": {
                "value": 0.3
            },
            "minecraft:nameable": {},
            "minecraft:fire_immune": true,
            "minecraft:follow_range": {
                "value": 2000,
                "max": 2000
            },
			"minecraft:tick_world": {
			  "distance_to_players": true,
			  "never_despawn": true,
			  "radius": 3,
			  "ticking_area": 2
			},
            "minecraft:target_nearby_sensor": {
                "inside_range": 3,
                "outside_range": 3,
                "on_outside_range": {
                    "event": "minecraft:far",
                    "target": "self"
                },
                "on_inside_range": {
                    "event": "minecraft:near",
                    "target": "self"
                }
            },
            "minecraft:behavior.summon_entity": {
                "priority": 0,
                "summon_choices": [{
                        "weight": 1,
                        "cooldown_time": 100.0,
                        "cast_duration": 12,
						"max_activation_range": 2000,
						"min_activation_range": 0,
                        "start_sound_event": "",
                        "sequence": [{
                                "shape": "circle",
                                "target": "self",
                                "base_delay": 0.0,
                                "delay_per_summon": 0.0,
                                "num_entities_spawned": 0,
                                "entity_type": "",
                                "entity_lifespan": 10.0,
                                "size": 10.0,
                                "sound_event": ""
                            }
                        ]
                    }
                ]
            },
            "minecraft:pushable": {
                "is_pushable": false,
                "is_pushable_by_piston": true
            },
            "minecraft:type_family": {
                "family": ["scp096", "0961", "096_de", "scp096_ride"]
            },
            "minecraft:loot": {
                "table": "loot_tables/entities/noloot.json"
            },
            "minecraft:health": {
                "value": 100,
                "max": 100
            },
            "minecraft:attack": {
                "damage": 10000000000000000
            },
            "minecraft:knockback_resistance": {
                "value": 2.0
            },
			"minecraft:preferred_path": {
				"max_fall_blocks": 356
			},
			"minecraft:behavior.lay_down": {
                "priority": 7,
                "random_interval": 100,
                "random_stop_interval": 1000
            },
            "minecraft:behavior.move_towards_restriction": {
                "priority": 5,
                "speed_multiplier": 1
            },
            "minecraft:behavior.random_stroll": {
                "priority": 6,
                "speed_multiplier": 1
            },
            "minecraft:behavior.random_look_around": {
                "priority": 7
            },
            "minecraft:physics": {}
        },
        "events": {
            "minecraft:entity_spawned": {
                "randomize": [{
                        "weight": 95,
                        "add": {
                            "component_groups": ["096_walk_only", "attack"]
                        },
                        "remove": {
                            "component_groups": ["096_respawn", "096_respawn2"]
                        }
                    }
                ]
            },
            "minecraft:near": {
                "add": {
                    "component_groups": ["096_near"]
                },
                "remove": {
                    "component_groups": ["096_far"]
                }
            },
            "minecraft:far": {
                "add": {
                    "component_groups": ["096_far"]
                },
                "remove": {
                    "component_groups": ["096_near"]
                }
            },
            "minecraft:remove": {
                "add": {
                    "component_groups": ["minecraft:remove"]
                }
            },
            "minecraft:remove_look": {
                "remove": {
                    "component_groups": ["096_near", "096_far"]
                }
            },
            "minecraft:swim": {
                "add": {
                    "component_groups": ["096_swim"]
                },
                "remove": {
                    "component_groups": ["096_walk", "096_walk_only"]
                }
            },
            "minecraft:land": {
                "remove": {
                    "component_groups": ["096_swim", "096_walk_only"]
                },
                "add": {
                    "component_groups": ["096_walk"]
                }
            },
			"minecraft:land_walk": {
                "remove": {
                    "component_groups": ["096_swim", "096_walk"]
                },
                "add": {
                    "component_groups": ["096_walk_only"]
                }
            },
            "minecraft:respawn": {
                "add": {
                    "component_groups": ["096_respawn"]
                },
                "remove": {
                    "component_groups": ["attack"]
                }
            },
            "minecraft:respawn2": {
                "add": {
                    "component_groups": ["096_respawn2"]
                },
                "remove": {
                    "component_groups": ["096_respawn"]
                }
            },
            "minecraft:sitbox": {
                "add": {
                    "component_groups": ["096_sitbox"]
                },
                "remove": {
                    "component_groups": ["096_box"]
                }
            },
            "minecraft:box": {
                "add": {
                    "component_groups": ["096_box"]
                },
                "remove": {
                    "component_groups": ["096_sitbox"]
                }
            },
            "minecraft:jump_attack": {
                "add": {
                    "component_groups": ["096_jump"]
                }
            },
            "minecraft:stop_jump_attack": {
                "remove": {
                    "component_groups": ["096_jump"]
                }
            },
            "minecraft:096_angry": {
                "add": {
                    "component_groups": ["096_angry"]
                }
            },
            "minecraft:riping_attack": {
                "add": {
                    "component_groups": ["096_rip"]
                },
				"remove": {
                    "component_groups": ["096_smash", "096_smash_final"]
                }
            },
            "minecraft:stop_riping_attack": {
                "remove": {
                    "component_groups": ["096_rip"]
                }
            },
			"minecraft:smash_attack": {
                "add": {
                    "component_groups": ["096_smash"]
                },
				"remove": {
                    "component_groups": ["096_rip"]
                }
            },
            "minecraft:stop_smash_attack": {
                "remove": {
                    "component_groups": ["096_smash"]
                }
            },
            "minecraft:096_leap": {
                "add": {
                    "component_groups": ["096_leap"]
                }
            },
			"minecraft:096_leap_remove": {
                "remove": {
                    "component_groups": ["096_leap"]
                }
            }
        }
    }
}