{
  "format_version": "1.13.0",
  "minecraft:single_block_feature": {
    "description": {
      "identifier": "storymode:four_pebbles"
    },
    "places_block": {
      "name": "storymode:pebbles_four"
    },
	"enforce_survivability_rules": false,
    "enforce_placement_rules": true,
    "may_attach_to": {
      "bottom": [
	    "minecraft:grass",
	    "minecraft:stone",
	    "minecraft:dirt",
	    "minecraft:cobblestone",
	    "minecraft:gravel",
	    "minecraft:podzol",
	    "minecraft:mycelium",
	    "minecraft:sand"
	  ]
    },
    "may_replace": [
      "minecraft:air"
    ]
  }
}