{
  "format_version": "1.13.0",
  "minecraft:scatter_feature": {
    "description": {
      "identifier": "storymode:pebbles_two_scatter"
    },
    "x": {
      "distribution": "gaussian",
      "extent": [ -8, 8 ]
    },
    "y": {
      "distribution": "gaussian",
      "extent": [ -4, 4 ]
    },
    "z": {
      "distribution": "gaussian",
      "extent": [ -8, 8 ]
    },
    "iterations": 4,
	"scatter_chance": 10,
    "project_input_to_floor": true,
    "coordinate_eval_order": "zyx",
    "places_feature": "storymode:two_pebbles"
  }
}