{
  "format_version": "1.8.0",
  "animation_controllers": {
    "controller.animation.commanded_warden.attack": {
      "states": {
        "default": {
          "transitions": [
            { "bash": "variable.attack_time" }
          ]
        },
        "bash": {
          "animations": [
            { "attack": [] }
          ],
          "transitions": [
            { "default": "!variable.attack_time" }
          ]
        }
      }
    },
    "controller.animation.commanded_warden.roar": {
      "states": {
        "default": {
          "transitions": [
            { "bash": "query.is_stunned" }
          ]
        },
        "bash": {
          "animations": [
            { "roar": [] }
          ],
          "transitions": [
            { "default": "!query.is_stunned" }
          ]
        }
      }
    },
    "controller.animation.commanded_warden.smash": {
      "states": {
        "default": {
          "transitions": [
            { "bash": "query.is_baby" }
          ]
        },
        "bash": {
          "animations": [
            { "smash": [] }
          ],
          "transitions": [
            { "default": "!query.is_baby" }
          ]
        }
      }
    },
    "controller.animation.commanded_warden.swipe": {
      "states": {
        "default": {
          "transitions": [
            { "bash": "query.is_tamed" }
          ]
        },
        "bash": {
          "animations": [
            { "swipe": [] }
          ],
          "transitions": [
            { "default": "!query.is_tamed" }
          ]
        }
      }
    },

    "controller.animation.commanded_warden.walk": {
      "states": {
        "default": {
          "parameters": [ "query.modified_move_speed * !query.has_target" ],
          "animations": [
            {
              "walk": [
                {
                  "0.0": 0.0,
                  "1.0": 1.0
                }
              ]
            }
          ]
        }
      }
    },
    "controller.animation.commanded_warden.run": {
      "states": {
        "default": {
          "parameters": [ "query.modified_move_speed * query.has_target" ],
          "animations": [
            {
              "run": [
                {
                  "0.0": 0.0,
                  "1.0": 1.0
                }
              ]
            }
          ]
        }
      }
    }
  }
}