{
  "format_version": "1.8.0",
  "animation_controllers": {
    "controller.animation.stormborne.attack": {
      "states": {
        "default": {
          "transitions": [
            { "bash": "variable.attack_time" }
          ]
        },
        "bash": {
          "animations": [
            { "attack": [] }
          ],
          "transitions": [
            { "default": "!variable.attack_time" }
          ]
        }
      }
    },
    "controller.animation.stormborne.roar": {
      "states": {
        "default": {
          "transitions": [
            { "bash": "query.is_stunned" }
          ]
        },
        "bash": {
          "animations": [
            { "roar": [] }
          ],
          "transitions": [
            { "default": "!query.is_stunned" }
          ]
        }
      }
    },
    "controller.animation.stormborne.swipe": {
      "states": {
        "default": {
          "transitions": [
            { "bash": "query.is_baby" }
          ]
        },
        "bash": {
          "animations": [
            { "swipe": [] }
          ],
          "transitions": [
            { "default": "!query.is_baby" }
          ]
        }
      }
    },
    "controller.animation.stormborne.slam": {
      "states": {
        "default": {
          "transitions": [
            { "bash": "query.is_illager_captain" }
          ]
        },
        "bash": {
          "animations": [
            { "slam": [] }
          ],
          "transitions": [
            { "default": "!query.is_illager_captain" }
          ]
        }
      }
    },
    "controller.animation.stormborne.clap": {
      "states": {
        "default": {
          "transitions": [
            { "bash": "query.is_chested" }
          ]
        },
        "bash": {
          "animations": [
            { "clap": [] }
          ],
          "transitions": [
            { "default": "!query.is_chested" }
          ]
        }
      }
    },
    "controller.animation.stormborne.beam": {
      "states": {
        "default": {
          "transitions": [
            { "bash": "query.is_tamed" }
          ]
        },
        "bash": {
          "animations": [
            { "beam": [] }
          ],
          "transitions": [
            { "default": "!query.is_tamed" }
          ]
        }
      }
    },
    "controller.animation.stormborne.teleport": {
      "states": {
        "default": {
          "transitions": [
            { "bash": "query.is_ignited" }
          ]
        },
        "bash": {
          "animations": [
            { "teleport": [] }
          ],
          "transitions": [
            { "default": "!query.is_ignited" }
          ]
        }
      }
    },

    "controller.animation.stormborne.move": {
      "states": {
        "default": {
          "parameters": [ "query.modified_move_speed * !query.has_target" ],
          "animations": [
            {
              "move": [
                {
                  "0.0": 0.0,
                  "1.0": 1.0
                }
              ]
            }
          ]
        }
      }
    }
  }
}