{
  "format_version": "1.10.0",
  "minecraft:client_entity": {
    "description": {
      "identifier": "minecraft:player",
      "materials": {
        "default": "spider"
      },
      "textures": {
        "default": "textures/entity/morph4/morph4"
      },
      "geometry": {
        "default": "geometry.morph4"
      },
      "animations": {
        "moving": "animation.096.moving",
        "096_general": "animation.096.general",
        "attack1": "animation.096.attacking1",
		"attack2": "animation.096.attacking2",
		"attack3": "animation.096.attacking3",
		"raging": "animation.096.raging",
		"landing": "animation.096.landing",
		"running": "animation.096.running",
		"crawling": "animation.096.crawling",
		"climbing": "animation.096.climbing",
		"killing": "animation.096.killing",
		"killing2": "animation.096.killing2",
		"sitting": "animation.096.sitting",
		"sitting2": "animation.096.sitting2",
		"jumping": "animation.096.jump_attack",
		"lying": "animation.096.lying",
		"swimming": "animation.096.swimming",

        "general": "controller.animation.096.general"
      },
      "scripts": {
        "animate": [
          "general"
        ],
        "pre_animation": [
          "variable.attack = Math.sin(variable.attack_time * 30.0);",
		  "variable.random = math.round(math.random(0,1));",
		  "variable.random_attack = math.round(math.random(0,2));"
        ]
      },
	  "particle_effects": {
		  "hit": "bd:claw",
		  "run": "bd:run"
	  },
	  "sound_effects": {
		"claw": "mob.bd096.attack",
		"rip": "mob.bd096.ripping",
		"rage": "mob.bd096.rage",
		"jumpscare": "mob.bd096.sudden"
	  },
      "render_controllers": [
        "controller.render.morph4"
      ],
      "spawn_egg": {
        "base_color": "#7e7e7d",
        "overlay_color": "#b0b0b0"
      }
    }
  }
}