{
  "format_version":"1.16.100",
  "animation_controllers":{
    "controller.animation.gia4":{
      "states":{
        "default":{
          "transitions":[
            {"gia4":"query.has_target"},
            {"end1":"query.variant == 4"}
          ]
        },
        "gia4":{
          "transitions":[
            {"end1":"query.variant == 4"}
          ],
          "on_entry":[
            "/effect @s slow_falling 100000 0",
            "/effect @s strength 100000 1 true",
            "/effect @s spped 100000 1 true",
            "/effect @s jump_boost 100000 0 true",
            "/effect @s resistance 100000 1 true",
            "/effect @s absorption 100000 10 true"
          ],
          "on_exit":[
            "/effect @s slow_falling 0 1 true",
            "/effect @s strength 0 2 true",
            "/effect @s spped 0 2 true",
            "/effect @s jump_boost 0 1 true",
            "/effect @s resistance 0 2 true",
            "/effect @s absorption 0 11 true"
          ]
        },
        "end1":{
          "transitions":[
            {"end2":"variable.time = (variable.time ?? 0);variable.time = variable.time < 20 ? variable.time + 1:0;return variable.time == 0;"}
          ],
          "on_entry":[
            "/execute @e[type=op_asa:gia4] ~~~ effect @s slowness 100000 10 true",
            "/execute @e[type=op_asa:gia4] ~~~ effect @s mining_fatigue 100000 10 true"
          ]
        },
        "end2":{
          "transitions":[
            {"end3":"(1.0)"}
          ],
          "on_entry":[
            "/execute @e[type=op_asa:gia4] ~~~ particle minecraft:huge_explosion_emitter ~~~",
            "/execute @e[type=op_asa:gia4] ~~~ particle minecraft:huge_explosion_emitter ~~1~"
          ]
        },
        "end3":{
          "transitions":[
            {"end2":"(1.0)"}
          ]
        }
      }
    }
  }
}