{
  "format_version": "1.10.0",
  "minecraft:client_entity": {
    "description": {
      "identifier": "minecraft_storymode:wither_storm1",
      "materials": {
        "default": "wither_storm",
       "invisible": "witherstorm_eyes",
        "beam": "wither_boss_armor"
      },
      "textures": {
        "default": "entity/wither_storm",
        "beam": "effect/tractor_beam"
      },
      "geometry": {
        "default": "geometry.wither_command",
        "beam": "geometry.wither_command.tractor_beam"
      },
      "scripts": {
        "scale":"2",
        "pre_animation": [
          "variable.body_base_rotation = Math.cos(query.life_time * 114.6);",
          "variable.upper_body_rotation = (0.065 + 0.05 * variable.body_base_rotation) * 180 + query.target_x_rotation;",
          "variable.chin_open = variable.has_target?Math.abs(Math.sin(query.life_time*250)*45):0;"
        ],
        "animate": [
          "base","block1"
        ]
      },
      "animations": {
        "base": "animation.wither_storm.base",
        "block1": "animation.wither_storm.block1"
      },
      "render_controllers": [ 
      "controller.render.wither_storm",
      "controller.render.wither_storm.tractor_beam" 
      ]
    }
  }
}