{
	"format_version": "1.8.0",
	"animations": {
		"animation.basic_storm_piece.small": {
			"loop": true,
			"bones": {
				"bone": {
					"rotation": ["query.life_time * 100", "query.life_time * 80", "query.life_time * 60"]
				},
				"med": {
					"scale": 0
				},
				"large": {
					"scale": 0
				}
			}
		},
		"animation.basic_storm_piece.med": {
			"loop": true,
			"bones": {
				"bone": {
					"rotation": ["query.life_time * 100", "query.life_time * 80", "query.life_time * 60"]
				},
				"large": {
					"scale": 0
				}
			}
		},
		"animation.basic_storm_piece.large": {
			"loop": true,
			"bones": {
				"bone": {
					"rotation": ["query.life_time * 100", "query.life_time * 80", "query.life_time * 60"]
				}
			}
		}
	}
}