{
	"format_version": "1.8.0",
	"animations": {
		"animation.commanded_warden.walk": {
			"loop": true,
			"bones": {
				"root": {
					"position": [0, "Math.cos(query.life_time * 300) * 2", 0]
				},
				"body": {
					"rotation": ["-5+Math.cos(query.life_time * 150) * 10", "Math.cos(query.life_time * 200-50) * 2", "Math.cos(query.life_time * 200-100) * 4"]
				},
				"head": {
					"rotation": ["10+Math.cos(query.life_time * 150-100) * -20", "Math.cos(query.life_time * 200-100) * 2", "Math.cos(query.life_time * 200-150) * 4"]
				},
				"bone": {
					"rotation": ["10+Math.cos(query.life_time * 150-90) * 10", 0, 0]
				},
				"right_tendril": {
					"rotation": [0, 0, "Math.cos(query.life_time * 250-50) * -10"]
				},
				"left_tendril": {
					"rotation": [0, 0, "Math.cos(query.life_time * 250-50) * 10"]
				},
				"right_arm": {
					"rotation": ["Math.cos(query.life_time * 150-80) * -20", 0, 0]
				},
				"bone2": {
					"rotation": ["10+Math.cos(query.life_time * 150-120) * -20", 0, 0]
				},
				"left_arm": {
					"rotation": ["10+Math.cos(query.life_time * 150-50) * 20", 0, 0]
				},
				"bone3": {
					"rotation": ["10+Math.cos(query.life_time * 150-80) * 20", 0, 0]
				},
				"right_leg": {
					"rotation": ["15+Math.cos(query.life_time * 150-80) * 20", 0, 0]
				},
				"bone4": {
					"rotation": ["10+Math.cos(query.life_time * 150-120) * 40", 0, 0]
				},
				"left_leg": {
					"rotation": ["15+Math.cos(query.life_time * 150-80) * -20", 0, 0]
				},
				"bone5": {
					"rotation": ["10+Math.cos(query.life_time * 150-120) * -40", 0, 0]
				}
			}
		},
		"animation.commanded_warden.run": {
			"loop": true,
			"bones": {
				"root": {
					"position": [0, "Math.cos(query.life_time * 600) * -4", 0]
				},
				"body": {
					"rotation": ["-5+Math.cos(query.life_time * 300) * 20", "Math.cos(query.life_time * 400-100) * 5", "Math.cos(query.life_time * 400-200) * 8"]
				},
				"head": {
					"rotation": ["10+Math.cos(query.life_time * 300-200) * -30", "Math.cos(query.life_time * 400-200) * 5", "Math.cos(query.life_time * 400-300) * 8"]
				},
				"bone": {
					"rotation": ["10+Math.cos(query.life_time * 300-180) * 10", 0, 0]
				},
				"right_tendril": {
					"rotation": [0, 0, "-30+Math.cos(query.life_time * 500-100) * 30"]
				},
				"left_tendril": {
					"rotation": [0, 0, "30+Math.cos(query.life_time * 500-100) * -30"]
				},
				"right_arm": {
					"rotation": ["Math.cos(query.life_time * 300-160) * -27.5563", 2.23572, 22.5911]
				},
				"bone2": {
					"rotation": ["10+Math.cos(query.life_time * 300-200)* -35", 0, 0]
				},
				"left_arm": {
					"rotation": ["12.3199+Math.cos(query.life_time * 300-100) * 30", -8.48803, -15.4914]
				},
				"bone3": {
					"rotation": ["10+Math.cos(query.life_time * 300-160) * 35", 0, 0]
				},
				"right_leg": {
					"rotation": ["15+Math.cos(query.life_time * 300-160) * 40", 0, 0]
				},
				"bone4": {
					"rotation": ["10+Math.cos(query.life_time * 300-240) * 50", 0, 0]
				},
				"left_leg": {
					"rotation": ["15+Math.cos(query.life_time * 300-160) * -40", 0, 0]
				},
				"bone5": {
					"rotation": ["10+Math.cos(query.life_time * 300-240) * -50", 0, 0]
				}
			}
		},
		"animation.commanded_warden.idle": {
			"loop": true,
			"bones": {
				"body": {
					"rotation": ["Math.cos(query.life_time * 40) * 5", "Math.cos(query.life_time * 40-20) * 5", "Math.cos(query.life_time * 40-35) * 5"]
				},
				"head": {
					"rotation": ["Math.cos(query.life_time * 80-40) * 5", "Math.cos(query.life_time * 80-60) * -5", "Math.cos(query.life_time * 80-70) * -5"]
				},
				"bone": {
					"rotation": ["5+Math.cos(query.life_time * 80) * 5", 0, 0]
				},
				"right_arm": {
					"rotation": ["Math.cos(query.life_time * 80-10) * 8", "Math.cos(query.life_time * 80-30) * -8", "Math.cos(query.life_time * 80-50) * 8"]
				},
				"bone2": {
					"rotation": ["Math.cos(query.life_time * 80-70) * 10", 0, 0]
				},
				"left_arm": {
					"rotation": ["Math.cos(query.life_time * 80-15) * -8", "Math.cos(query.life_time * 80-45) * 8", "Math.cos(query.life_time * 80-60) * -8"]
				},
				"bone3": {
					"rotation": ["Math.cos(query.life_time * 80-70) * -10", 0, 0]
				},
				"root2": {
					"scale": 0
				}
			}
		},
		"animation.commanded_warden.look": {
			"loop": true,
			"bones": {
				"body": {
					"rotation": [0, "query.target_y_rotation * 0.3", 0]
				},
				"head": {
					"rotation": ["query.target_x_rotation", "query.target_y_rotation", 0]
				}
			}
		},
		"animation.commanded_warden.roar": {
			"animation_length": 6.25,
			"bones": {
				"body": {
					"rotation": {
						"0.0": {
							"post": [0, 0, 0],
							"lerp_mode": "catmullrom"
						},
						"1.0": {
							"post": [-47.5, 47.5, 0],
							"lerp_mode": "catmullrom"
						},
						"1.0833": {
							"post": [26.875, 44.86111, 0],
							"lerp_mode": "catmullrom"
						},
						"1.4583": {
							"post": [8.41, 36.36, 0],
							"lerp_mode": "catmullrom"
						},
						"4.0": {
							"post": [20, -47.5, 0],
							"lerp_mode": "catmullrom"
						},
						"6.0": [0, 0, 0]
					}
				},
				"head": {
					"rotation": {
						"0.0": {
							"post": [0, 0, 0],
							"lerp_mode": "catmullrom"
						},
						"1.0": {
							"post": [52.5, 0, 0],
							"lerp_mode": "catmullrom"
						},
						"1.0833": {
							"post": [-59.18, 0, 0],
							"lerp_mode": "catmullrom"
						},
						"1.25": {
							"post": [-8.43329, -0.0645, 0.00729],
							"lerp_mode": "catmullrom"
						},
						"1.5": {
							"post": [-9.86795, -0.15212, 0.01719],
							"lerp_mode": "catmullrom"
						},
						"2.0833": {
							"post": [-10.27514, -4.23803, -19.61095],
							"lerp_mode": "catmullrom"
						},
						"3.1667": {
							"post": [-13.9034, 1.60459, 10.29745],
							"lerp_mode": "catmullrom"
						},
						"4.0": {
							"post": [-15, 0, 0],
							"lerp_mode": "catmullrom"
						},
						"5.1667": {
							"post": [-6.55073, 17.39266, -1.96594],
							"lerp_mode": "catmullrom"
						},
						"6.0": [0, 0, 0]
					}
				},
				"bone": {
					"rotation": {
						"0.0": {
							"post": [0, 0, 0],
							"lerp_mode": "catmullrom"
						},
						"1.0": {
							"post": [-10, 0, 0],
							"lerp_mode": "catmullrom"
						},
						"1.25": {
							"post": [46.67, 0, 0],
							"lerp_mode": "catmullrom"
						},
						"4.0": {
							"post": [50, 0, 0],
							"lerp_mode": "catmullrom"
						},
						"5.1667": {
							"post": [8.33, 0, 0],
							"lerp_mode": "catmullrom"
						},
						"6.0": [0, 0, 0]
					}
				},
				"right_tendril": {
					"rotation": {
						"0.0": {
							"post": [0, 0, 0],
							"lerp_mode": "catmullrom"
						},
						"1.0": {
							"post": [0, 0, 45],
							"lerp_mode": "catmullrom"
						},
						"1.125": {
							"post": [0, 0, -54.5],
							"lerp_mode": "catmullrom"
						},
						"1.2917": {
							"post": [0, 0, -27.64],
							"lerp_mode": "catmullrom"
						},
						"6.0": [0, 0, 0]
					}
				},
				"left_tendril": {
					"rotation": {
						"0.0": {
							"post": [0, 0, 0],
							"lerp_mode": "catmullrom"
						},
						"1.0": {
							"post": [0, 0, -22.5],
							"lerp_mode": "catmullrom"
						},
						"1.125": {
							"post": [0, 0, 59.75],
							"lerp_mode": "catmullrom"
						},
						"1.2917": {
							"post": [0, 0, 27.71],
							"lerp_mode": "catmullrom"
						},
						"6.0": [0, 0, 0]
					}
				},
				"right_arm": {
					"rotation": {
						"0.0": {
							"post": [0, 0, 0],
							"lerp_mode": "catmullrom"
						},
						"1.0": {
							"post": [-77.5, 0, 0],
							"lerp_mode": "catmullrom"
						},
						"1.3333": {
							"post": [122.08, 0, 0],
							"lerp_mode": "catmullrom"
						},
						"4.0": {
							"post": [87.5, 0, 0],
							"lerp_mode": "catmullrom"
						},
						"5.1667": {
							"post": [86.46, 0, 0],
							"lerp_mode": "catmullrom"
						},
						"6.0": [0, 0, 0]
					}
				},
				"bone2": {
					"rotation": {
						"0.0": {
							"post": [0, 0, 0],
							"lerp_mode": "catmullrom"
						},
						"1.0": {
							"post": [-82.5, 0, 0],
							"lerp_mode": "catmullrom"
						},
						"1.4167": {
							"post": [13.13, 0, 0],
							"lerp_mode": "catmullrom"
						},
						"4.0": {
							"post": [30, 0, 0],
							"lerp_mode": "catmullrom"
						},
						"5.1667": {
							"post": [-40, 0, 0],
							"lerp_mode": "catmullrom"
						},
						"6.0": [0, 0, 0]
					}
				},
				"left_arm": {
					"rotation": {
						"0.0": {
							"post": [0, 0, 0],
							"lerp_mode": "catmullrom"
						},
						"1.0": {
							"post": [-55, 0, 0],
							"lerp_mode": "catmullrom"
						},
						"1.3333": {
							"post": [114.51, 0, 0],
							"lerp_mode": "catmullrom"
						},
						"4.0": {
							"post": [107.5, 0, 0],
							"lerp_mode": "catmullrom"
						},
						"5.1667": {
							"post": [102.29, 0, 0],
							"lerp_mode": "catmullrom"
						},
						"6.0": [0, 0, 0]
					}
				},
				"bone3": {
					"rotation": {
						"0.0": {
							"post": [0, 0, 0],
							"lerp_mode": "catmullrom"
						},
						"1.0": {
							"post": [-75, 0, 0],
							"lerp_mode": "catmullrom"
						},
						"1.4167": {
							"post": [15.21, 0, 0],
							"lerp_mode": "catmullrom"
						},
						"4.0": {
							"post": [22.5, 0, 0],
							"lerp_mode": "catmullrom"
						},
						"5.1667": {
							"post": [-30.63, 0, 0],
							"lerp_mode": "catmullrom"
						},
						"6.0": [0, 0, 0]
					}
				}
			},
			"sound_effects": {
				"1.0": {
					"effect": "roar"
				}
			},
			"particle_effects": {
				"1.0": {
					"effect": "roar"
				}
			}
		},
		"animation.commanded_warden.swipe": {
			"animation_length": 3.16667,
			"bones": {
				"body": {
					"rotation": {
						"0.0": {
							"post": [0, 0, 0],
							"lerp_mode": "catmullrom"
						},
						"0.7917": {
							"post": [23, 0, 0],
							"lerp_mode": "catmullrom"
						},
						"1.4167": {
							"post": [51.46671, -44.94549, 2.49762],
							"lerp_mode": "catmullrom"
						},
						"1.5833": {
							"post": [50.64701, 54.92219, -3.56463],
							"lerp_mode": "catmullrom"
						},
						"3.0": [0, 0, 0]
					}
				},
				"head": {
					"rotation": {
						"0.0": {
							"post": [0, 0, 0],
							"lerp_mode": "catmullrom"
						},
						"0.7917": {
							"post": [3.01173, 1.83353, -2.36205],
							"lerp_mode": "catmullrom"
						},
						"1.4167": {
							"post": [-23.0126, -15.07639, -29.17856],
							"lerp_mode": "catmullrom"
						},
						"1.5833": {
							"post": [-50.20011, 1.30747, 48.08746],
							"lerp_mode": "catmullrom"
						},
						"3.0": [0, 0, 0]
					}
				},
				"bone": {
					"rotation": {
						"0.0": {
							"post": [0, 0, 0],
							"lerp_mode": "catmullrom"
						},
						"0.7917": {
							"post": [27.83, 0, 0],
							"lerp_mode": "catmullrom"
						},
						"1.4167": {
							"post": [10, 0, 0],
							"lerp_mode": "catmullrom"
						},
						"3.0": [0, 0, 0]
					}
				},
				"right_tendril": {
					"rotation": {
						"0.0": {
							"post": [0, 0, 0],
							"lerp_mode": "catmullrom"
						},
						"0.7917": {
							"post": [0, 0, -45],
							"lerp_mode": "catmullrom"
						},
						"1.4167": {
							"post": [0, 0, 12.74],
							"lerp_mode": "catmullrom"
						},
						"1.7083": {
							"post": [0, 0, -42.11],
							"lerp_mode": "catmullrom"
						},
						"3.0": [0, 0, 0]
					}
				},
				"left_tendril": {
					"rotation": {
						"0.0": {
							"post": [0, 0, 0],
							"lerp_mode": "catmullrom"
						},
						"0.7917": {
							"post": [0, 0, 52.5],
							"lerp_mode": "catmullrom"
						},
						"1.4167": {
							"post": [0, 0, 0.14],
							"lerp_mode": "catmullrom"
						},
						"1.7083": {
							"post": [0, 0, 32.61],
							"lerp_mode": "catmullrom"
						},
						"3.0": [0, 0, 0]
					}
				},
				"right_arm": {
					"rotation": {
						"0.0": {
							"post": [0, 0, 0],
							"lerp_mode": "catmullrom"
						},
						"0.7917": {
							"post": [25.81024, 11.25621, 47.73574],
							"lerp_mode": "catmullrom"
						},
						"1.4167": {
							"post": [-59.41829, 21.10539, 89.50452],
							"lerp_mode": "catmullrom"
						},
						"1.6667": {
							"post": [6.37371, -8.78641, 54.83918],
							"lerp_mode": "catmullrom"
						},
						"3.0": [0, 0, 0]
					}
				},
				"bone2": {
					"rotation": {
						"0.0": {
							"post": [0, 0, 0],
							"lerp_mode": "catmullrom"
						},
						"1.4167": {
							"post": [-16.04002, 3.53329, 44.89078],
							"lerp_mode": "catmullrom"
						},
						"1.75": {
							"post": [68.95998, 3.53329, 44.89078],
							"lerp_mode": "catmullrom"
						},
						"3.0": [0, 0, 0]
					}
				},
				"left_arm": {
					"rotation": {
						"0.0": {
							"post": [0, 0, 0],
							"lerp_mode": "catmullrom"
						},
						"0.7917": {
							"post": [10.19537, -14.66863, -57.34087],
							"lerp_mode": "catmullrom"
						},
						"1.4167": {
							"post": [92.5, 0, 0],
							"lerp_mode": "catmullrom"
						},
						"1.6667": {
							"post": [110.39, 0, 0],
							"lerp_mode": "catmullrom"
						},
						"3.0": [0, 0, 0]
					}
				},
				"bone3": {
					"rotation": {
						"0.0": {
							"post": [0, 0, 0],
							"lerp_mode": "catmullrom"
						},
						"0.7917": {
							"post": [7.17, 0, 0],
							"lerp_mode": "catmullrom"
						},
						"1.4167": {
							"post": [-47.5, 0, 0],
							"lerp_mode": "catmullrom"
						},
						"1.75": {
							"post": [-2.5, 0, 0],
							"lerp_mode": "catmullrom"
						},
						"3.0": [0, 0, 0]
					}
				}
			},
			"sound_effects": {
				"1.4583": {
					"effect": "swipe"
				}
			},
			"particle_effects": {
				"1.4583": {
					"effect": "swipe"
				}
			}
		},
		"animation.commanded_warden.smash": {
			"animation_length": 10,
			"bones": {
				"root": {
					"position": {
						"0.0": [0, 0, 0],
						"1.0": [0, -5, 4],
						"1.0417": [0, 0.1, -0.9],
						"1.0833": [0, 3.2, -7.8],
						"1.2083": [0, 68, -13],
						"1.375": [0, 72, -13],
						"1.5": [0, -5, -13],
						"2.5": [0, 0, 0]
					}
				},
				"body": {
					"rotation": {
						"0.0": {
							"post": [0, 0, 0],
							"lerp_mode": "catmullrom"
						},
						"1.0": {
							"post": [35, 0, 0],
							"lerp_mode": "catmullrom"
						},
						"1.0833": {
							"post": [17, 0, 0],
							"lerp_mode": "catmullrom"
						},
						"1.2083": {
							"post": [-85, 0, 0],
							"lerp_mode": "catmullrom"
						},
						"1.375": {
							"post": [-102.5, 0, 0],
							"lerp_mode": "catmullrom"
						},
						"1.5": {
							"post": [75, 0, 0],
							"lerp_mode": "catmullrom"
						},
						"2.5": [0, 0, 0]
					}
				},
				"head": {
					"rotation": {
						"0.0": {
							"post": [0, 0, 0],
							"lerp_mode": "catmullrom"
						},
						"1.0": {
							"post": [-25, 0, 0],
							"lerp_mode": "catmullrom"
						},
						"1.0833": {
							"post": [38, 0, 0],
							"lerp_mode": "catmullrom"
						},
						"1.2083": {
							"post": [45, 0, 0],
							"lerp_mode": "catmullrom"
						},
						"1.375": {
							"post": [2.5, 0, 0],
							"lerp_mode": "catmullrom"
						},
						"1.5": {
							"post": [-77.5, 0, 0],
							"lerp_mode": "catmullrom"
						},
						"2.0": {
							"post": [-6.25, 0, 0],
							"lerp_mode": "catmullrom"
						},
						"2.2917": {
							"post": [29.9, 0, 0],
							"lerp_mode": "catmullrom"
						},
						"2.5": [0, 0, 0]
					}
				},
				"bone": {
					"rotation": {
						"0.0": {
							"post": [0, 0, 0],
							"lerp_mode": "catmullrom"
						},
						"1.0": {
							"post": [45, 0, 0],
							"lerp_mode": "catmullrom"
						},
						"1.0833": {
							"post": [-3.5, 0, 0],
							"lerp_mode": "catmullrom"
						},
						"1.2083": {
							"post": [17.5, 0, 0],
							"lerp_mode": "catmullrom"
						},
						"1.375": {
							"post": [35, 0, 0],
							"lerp_mode": "catmullrom"
						},
						"1.5": {
							"post": [15, 0, 0],
							"lerp_mode": "catmullrom"
						},
						"2.0": {
							"post": [32.5, 0, 0],
							"lerp_mode": "catmullrom"
						},
						"2.5": [0, 0, 0]
					}
				},
				"right_tendril": {
					"rotation": {
						"0.0": {
							"post": [0, 0, 0],
							"lerp_mode": "catmullrom"
						},
						"1.0": {
							"post": [0, 0, -55],
							"lerp_mode": "catmullrom"
						},
						"1.375": {
							"post": [0, 0, 32.3],
							"lerp_mode": "catmullrom"
						},
						"2.5": [0, 0, 0]
					}
				},
				"left_tendril": {
					"rotation": {
						"0.0": {
							"post": [0, 0, 0],
							"lerp_mode": "catmullrom"
						},
						"1.0": {
							"post": [0, 0, 70],
							"lerp_mode": "catmullrom"
						},
						"1.375": {
							"post": [0, 0, -21.8],
							"lerp_mode": "catmullrom"
						},
						"2.5": [0, 0, 0]
					}
				},
				"right_arm": {
					"rotation": {
						"0.0": {
							"post": [0, 0, 0],
							"lerp_mode": "catmullrom"
						},
						"1.0": {
							"post": [81.62251, -47.90878, 35.33742],
							"lerp_mode": "catmullrom"
						},
						"1.0833": {
							"post": [140.97226, -24.79347, 18.09481],
							"lerp_mode": "catmullrom"
						},
						"1.2083": {
							"post": [-138.75311, 9.8795, -7.7691],
							"lerp_mode": "catmullrom"
						},
						"1.375": {
							"post": [-148.75311, 9.8795, -7.7691],
							"lerp_mode": "catmullrom"
						},
						"1.4167": {
							"post": [-178.75311, 9.8795, -7.7691],
							"lerp_mode": "catmullrom"
						},
						"1.5": {
							"post": [-73.75311, 9.8795, -7.7691],
							"lerp_mode": "catmullrom"
						},
						"2.0": {
							"post": [-17.42593, -6.97818, 29.13977],
							"lerp_mode": "catmullrom"
						},
						"2.5": [0, 0, 0]
					}
				},
				"bone2": {
					"rotation": {
						"0.0": {
							"post": [0, 0, 0],
							"lerp_mode": "catmullrom"
						},
						"1.0": {
							"post": [-32.5, 0, 0],
							"lerp_mode": "catmullrom"
						},
						"1.0833": {
							"post": [-77.5, 0, 0],
							"lerp_mode": "catmullrom"
						},
						"1.125": {
							"post": [3.33, 0, 0],
							"lerp_mode": "catmullrom"
						},
						"1.2083": {
							"post": [-45, 0, 0],
							"lerp_mode": "catmullrom"
						},
						"1.375": {
							"post": [-57.5, 0, 0],
							"lerp_mode": "catmullrom"
						},
						"1.4583": {
							"post": [-84.17, 0, 0],
							"lerp_mode": "catmullrom"
						},
						"1.5": {
							"post": [-45, 0, 0],
							"lerp_mode": "catmullrom"
						},
						"1.75": {
							"post": [-62.3, 0, 0],
							"lerp_mode": "catmullrom"
						},
						"2.0417": {
							"post": [-34.16, 0, 0],
							"lerp_mode": "catmullrom"
						},
						"2.25": {
							"post": [6.25, 0, 0],
							"lerp_mode": "catmullrom"
						},
						"2.5": [0, 0, 0]
					}
				},
				"left_arm": {
					"rotation": {
						"0.0": {
							"post": [0, 0, 0],
							"lerp_mode": "catmullrom"
						},
						"1.0": {
							"post": [82.14032, 31.21344, -25.88396],
							"lerp_mode": "catmullrom"
						},
						"1.0833": {
							"post": [146.28294, 14.77627, -12.42272],
							"lerp_mode": "catmullrom"
						},
						"1.2083": {
							"post": [-138.75311, -9.87949, 7.76913],
							"lerp_mode": "catmullrom"
						},
						"1.375": {
							"post": [-148.75311, -9.87949, 7.76913],
							"lerp_mode": "catmullrom"
						},
						"1.4167": {
							"post": [-174.58645, -9.87949, 7.76913],
							"lerp_mode": "catmullrom"
						},
						"1.5": {
							"post": [-71.25311, -9.87949, 7.76913],
							"lerp_mode": "catmullrom"
						},
						"2.0": {
							"post": [-18.69007, 5.81954, -24.22655],
							"lerp_mode": "catmullrom"
						},
						"2.5": [0, 0, 0]
					}
				},
				"bone3": {
					"rotation": {
						"0.0": {
							"post": [0, 0, 0],
							"lerp_mode": "catmullrom"
						},
						"1.0": {
							"post": [-25, 0, 0],
							"lerp_mode": "catmullrom"
						},
						"1.0833": {
							"post": [-75.5, 0, 0],
							"lerp_mode": "catmullrom"
						},
						"1.125": {
							"post": [12.17, 0, 0],
							"lerp_mode": "catmullrom"
						},
						"1.2083": {
							"post": [-45, 0, 0],
							"lerp_mode": "catmullrom"
						},
						"1.375": {
							"post": [-52.5, 0, 0],
							"lerp_mode": "catmullrom"
						},
						"1.4583": {
							"post": [-97.5, 0, 0],
							"lerp_mode": "catmullrom"
						},
						"1.5": {
							"post": [-45, 0, 0],
							"lerp_mode": "catmullrom"
						},
						"1.75": {
							"post": [-61.68, 0, 0],
							"lerp_mode": "catmullrom"
						},
						"2.0417": {
							"post": [-33.3, 0, 0],
							"lerp_mode": "catmullrom"
						},
						"2.25": {
							"post": [18.75, 0, 0],
							"lerp_mode": "catmullrom"
						},
						"2.5": [0, 0, 0]
					}
				},
				"right_leg": {
					"rotation": {
						"0.0": {
							"post": [0, 0, 0],
							"lerp_mode": "catmullrom"
						},
						"1.0": {
							"post": [-25, 0, 0],
							"lerp_mode": "catmullrom"
						},
						"1.2083": {
							"post": [-27.5, 0, 0],
							"lerp_mode": "catmullrom"
						},
						"1.4583": {
							"post": [131.43, 0, 0],
							"lerp_mode": "catmullrom"
						},
						"1.5": {
							"post": [85, 0, 0],
							"lerp_mode": "catmullrom"
						},
						"2.25": {
							"post": [-28.82, 0, 0],
							"lerp_mode": "catmullrom"
						},
						"2.5": [0, 0, 0]
					}
				},
				"bone4": {
					"rotation": {
						"0.0": {
							"post": [0, 0, 0],
							"lerp_mode": "catmullrom"
						},
						"1.0": {
							"post": [25, 0, 0],
							"lerp_mode": "catmullrom"
						},
						"1.2083": {
							"post": [30, 0, 0],
							"lerp_mode": "catmullrom"
						},
						"1.4583": {
							"post": [56.43, 0, 0],
							"lerp_mode": "catmullrom"
						},
						"1.5": {
							"post": [-32.5, 0, 0],
							"lerp_mode": "catmullrom"
						},
						"2.0": {
							"post": [25.69, 0, 0],
							"lerp_mode": "catmullrom"
						},
						"2.25": {
							"post": [56.48, 0, 0],
							"lerp_mode": "catmullrom"
						},
						"2.5": [0, 0, 0]
					}
				},
				"left_leg": {
					"rotation": {
						"0.0": {
							"post": [0, 0, 0],
							"lerp_mode": "catmullrom"
						},
						"1.0": {
							"post": [-25, 0, 0],
							"lerp_mode": "catmullrom"
						},
						"1.0833": {
							"post": [34, 0, 0],
							"lerp_mode": "catmullrom"
						},
						"1.2083": {
							"post": [35, 0, 0],
							"lerp_mode": "catmullrom"
						},
						"1.4583": {
							"post": [-19.29, 0, 0],
							"lerp_mode": "catmullrom"
						},
						"1.5": {
							"post": [12.5, 0, 0],
							"lerp_mode": "catmullrom"
						},
						"2.5": [0, 0, 0]
					}
				},
				"bone5": {
					"rotation": {
						"0.0": {
							"post": [0, 0, 0],
							"lerp_mode": "catmullrom"
						},
						"1.0": {
							"post": [25, 0, 0],
							"lerp_mode": "catmullrom"
						},
						"1.0833": {
							"post": [-30.5, 0, 0],
							"lerp_mode": "catmullrom"
						},
						"1.2083": {
							"post": [-20, 0, 0],
							"lerp_mode": "catmullrom"
						},
						"1.4583": {
							"post": [85.71, 0, 0],
							"lerp_mode": "catmullrom"
						},
						"1.5": {
							"post": [45, 0, 0],
							"lerp_mode": "catmullrom"
						},
						"2.5": [0, 0, 0]
					}
				}
			},
			"sound_effects": {
				"1.5": {
					"effect": "smash"
				}
			},
			"particle_effects": {
				"1.5": {
					"effect": "smash"
				}
			}
		},
		"animation.commanded_warden.attack": {
			"animation_length": 0.16667,
			"bones": {
				"body": {
					"rotation": {
						"0.0": [-50, 0, 0],
						"0.0833": [30, 0, 0]
					}
				},
				"head": {
					"rotation": {
						"0.0": [59.82481, 0.30494, -0.86124],
						"0.0833": [7.32481, 0.30494, -0.86124]
					}
				},
				"right_arm": {
					"rotation": {
						"0.0": [55, 0, 97.5],
						"0.0833": [-69.6129, -9.7654, 61.2476]
					}
				},
				"bone2": {
					"rotation": {
						"0.0": [35, 0, 0],
						"0.0833": [-7.5, 0, 0]
					}
				},
				"left_arm": {
					"rotation": {
						"0.0": [55, 0, -97.5],
						"0.0833": [-69.6129, 9.76539, -61.24761]
					}
				},
				"bone3": {
					"rotation": {
						"0.0": [35, 0, 0],
						"0.0833": [-7.5, 0, 0]
					}
				}
			},
			"sound_effects": {
				"0.0": {
					"effect": "attack"
				}
			}
		},
		"animation.commanded_warden.spawn": {
			"loop": true,
			"animation_length": 30,
			"bones": {
				"root": {
					"rotation": {
						"0.0": [0, 0, 0],
						"4.625": [0, 0, 0],
						"7.0": [0, 0, 0]
					},
					"position": {
						"0.0": [0, 0, 0],
						"2.0": [0, -13, -2],
						"4.625": [0, -13, -2],
						"7.0": [0, 0, 0]
					},
					"scale": 1
				},
				"body": {
					"rotation": {
						"0.0": [-35, 0, 0],
						"2.0": [37.5, 0, 0],
						"4.625": [37.5, 0, 0],
						"7.0": [0, 0, 0]
					},
					"position": {
						"0.0": [0, -12, -6],
						"1.0": [0, -12, -18],
						"2.0": [0, 0, 0],
						"4.625": [0, 0, 0],
						"7.0": [0, 0, 0]
					},
					"scale": {
						"0.0": [0, 0, 0],
						"1.0": [0, 0, 0],
						"2.0": [1, 1, 1]
					}
				},
				"bone8": {
					"rotation": {
						"4.625": [0, 0, 0],
						"7.0": [0, 0, 0]
					},
					"position": {
						"4.625": [0, 0, 0],
						"7.0": [0, 0, 0]
					},
					"scale": 1
				},
				"head": {
					"rotation": {
						"0.0": [0, 0, 0],
						"4.625": [0, 0, 0],
						"7.0": [0, 0, 0]
					},
					"position": {
						"4.625": [0, 0, 0],
						"7.0": [0, 0, 0]
					},
					"scale": {
						"0.0": [0, 0, 0],
						"3.5": [0, 0, 0],
						"4.5": [1, 1, 1]
					}
				},
				"bone": {
					"rotation": {
						"0.0": [0, 0, 0],
						"4.625": [0, 0, 0],
						"7.0": [0, 0, 0]
					},
					"position": {
						"4.625": [0, 0, 0],
						"7.0": [0, 0, 0]
					}
				},
				"right_arm": {
					"rotation": {
						"0.0": [0, 0, 0],
						"2.5": [0, 0, 0],
						"3.5": [-62.5, 0, 0],
						"4.625": [-62.5, 0, 0],
						"7.0": [0, 0, 0]
					},
					"position": {
						"4.625": [0, 0, 0],
						"7.0": [0, 0, 0]
					},
					"scale": {
						"0.0": [0, 0, 0],
						"2.5": [0, 0, 0],
						"3.5": [1, 1, 1]
					}
				},
				"bone2": {
					"rotation": {
						"0.0": [0, 0, 0],
						"4.625": [0, 0, 0],
						"7.0": [0, 0, 0]
					},
					"position": {
						"4.625": [0, 0, 0],
						"7.0": [0, 0, 0]
					}
				},
				"left_arm": {
					"rotation": {
						"0.0": [0, 0, 0],
						"2.0": [0, 0, 0],
						"3.0": [-62.5, 0, 0],
						"4.625": [-62.5, 0, 0],
						"7.0": [0, 0, 0]
					},
					"position": {
						"4.625": [0, 0, 0],
						"7.0": [0, 0, 0]
					},
					"scale": {
						"0.0": [0, 0, 0],
						"2.0": [0, 0, 0],
						"3.0": [1, 1, 1]
					}
				},
				"bone3": {
					"rotation": {
						"0.0": [0, 0, 0],
						"4.625": [0, 0, 0],
						"7.0": [0, 0, 0]
					},
					"position": {
						"4.625": [0, 0, 0],
						"7.0": [0, 0, 0]
					}
				},
				"cermmand": {
					"rotation": {
						"0.0": [0, 0, 0],
						"4.625": [0, 0, 0],
						"7.0": [0, 0, 0]
					},
					"position": {
						"0.0": [0, 0, 0],
						"4.625": [0, 0, 9],
						"7.0": [0, 0, 0]
					},
					"scale": {
						"0.0": [0, 0, 0],
						"4.625": [0, 0, 0],
						"4.6667": [1, 1, 1]
					}
				},
				"right_leg": {
					"rotation": {
						"4.0": [-37.5, 0, 0],
						"4.625": [-37.5, 0, 0],
						"7.0": [0, 0, 0]
					},
					"position": {
						"4.625": [0, 0, 0],
						"7.0": [0, 0, 0]
					},
					"scale": {
						"0.0": [0, 0, 0],
						"3.0": [0, 0, 0],
						"4.0": [1, 1, 1]
					}
				},
				"bone4": {
					"rotation": {
						"4.0": [75, 0, 0],
						"4.625": [75, 0, 0],
						"7.0": [0, 0, 0]
					},
					"position": {
						"4.625": [0, 0, 0],
						"7.0": [0, 0, 0]
					}
				},
				"left_leg": {
					"rotation": {
						"4.0": [-30, 0, 0],
						"4.625": [-30, 0, 0],
						"7.0": [0, 0, 0]
					},
					"position": {
						"4.625": [0, 0, 0],
						"7.0": [0, 0, 0]
					},
					"scale": {
						"0.0": [0, 0, 0],
						"3.0": [0, 0, 0],
						"4.0": [1, 1, 1]
					}
				},
				"bone5": {
					"rotation": {
						"4.0": [80, 0, 0],
						"4.625": [80, 0, 0],
						"7.0": [0, 0, 0]
					},
					"position": {
						"4.625": [0, 0, 0],
						"7.0": [0, 0, 0]
					}
				},
				"root2": {
					"rotation": {
						"0.0": [0, 0, 0],
						"4.625": [0, 0, 0],
						"7.0": [0, 0, 0]
					},
					"position": {
						"0.0": [0, 0, 1],
						"4.625": [0, 0, 0],
						"7.0": [0, 0, 0]
					},
					"scale": {
						"0.0": [0.5, 0.5, 0.5],
						"0.25": [0.625, 0.625, 0.625],
						"0.4167": [0.5, 0.5, 0.5],
						"0.5833": [0.7857, 0.7857, 0.7857],
						"0.6667": [0.5, 0.5, 0.5],
						"0.7917": [0.4, 0.4, 0.4],
						"1.0": [1, 1, 1],
						"1.0417": [1.2, 1.2, 1.2],
						"1.0833": [1, 1, 1],
						"1.125": [1.2, 1.2, 1.2],
						"1.1667": [1, 1, 1],
						"1.2083": [1.2, 1.2, 1.2],
						"1.25": [1, 1, 1],
						"1.2917": [1.2, 1.2, 1.2],
						"1.3333": [1, 1, 1],
						"1.375": [1.2, 1.2, 1.2],
						"1.4167": [1, 1, 1],
						"1.4583": [1.2, 1.2, 1.2],
						"1.5": [1, 1, 1],
						"1.5417": [1.2, 1.2, 1.2],
						"1.5833": [1, 1, 1],
						"1.625": [1.2, 1.2, 1.2],
						"1.6667": [1, 1, 1],
						"1.7083": [1.2, 1.2, 1.2],
						"1.75": [1, 1, 1],
						"1.7917": [1.2, 1.2, 1.2],
						"1.8333": [1, 1, 1],
						"1.875": [1.2, 1.2, 1.2],
						"1.9167": [1, 1, 1],
						"1.9583": [1.2, 1.2, 1.2],
						"2.0": [1, 1, 1],
						"2.0417": [1.2, 1.2, 1.2],
						"2.0833": [1, 1, 1],
						"2.125": [1.2, 1.2, 1.2],
						"2.1667": [1, 1, 1],
						"2.2083": [1.2, 1.2, 1.2],
						"2.25": [1, 1, 1],
						"2.2917": [1.2, 1.2, 1.2],
						"2.3333": [1, 1, 1],
						"2.375": [1.2, 1.2, 1.2],
						"2.4167": [1, 1, 1],
						"2.4583": [1.2, 1.2, 1.2],
						"2.5": [1, 1, 1],
						"2.5417": [1.2, 1.2, 1.2],
						"2.5833": [1, 1, 1],
						"2.625": [1.2, 1.2, 1.2],
						"2.6667": [1, 1, 1],
						"2.7083": [1.2, 1.2, 1.2],
						"2.75": [1, 1, 1],
						"2.7917": [1.2, 1.2, 1.2],
						"2.8333": [1, 1, 1],
						"2.875": [1.2, 1.2, 1.2],
						"2.9167": [1, 1, 1],
						"2.9583": [1.2, 1.2, 1.2],
						"3.0": [1, 1, 1],
						"3.0417": [1.2, 1.2, 1.2],
						"3.0833": [1, 1, 1],
						"3.125": [1.2, 1.2, 1.2],
						"3.1667": [1, 1, 1],
						"3.2083": [1.2, 1.2, 1.2],
						"3.25": [1, 1, 1],
						"3.2917": [1.2, 1.2, 1.2],
						"3.3333": [1, 1, 1],
						"3.375": [1.2, 1.2, 1.2],
						"3.4167": [1, 1, 1],
						"3.4583": [1.2, 1.2, 1.2],
						"3.5": [1, 1, 1],
						"3.5417": [1.2, 1.2, 1.2],
						"3.5833": [1, 1, 1],
						"3.625": [1.2, 1.2, 1.2],
						"3.6667": [1, 1, 1],
						"3.7083": [1.2, 1.2, 1.2],
						"3.75": [1, 1, 1],
						"3.7917": [1.2, 1.2, 1.2],
						"3.8333": [1, 1, 1],
						"3.875": [1.2, 1.2, 1.2],
						"3.9167": [1, 1, 1],
						"3.9583": [1.2, 1.2, 1.2],
						"4.0": [1, 1, 1],
						"4.0417": [1.2, 1.2, 1.2],
						"4.0833": [1, 1, 1],
						"4.125": [1.2, 1.2, 1.2],
						"4.1667": [1, 1, 1],
						"4.2083": [1.2, 1.2, 1.2],
						"4.25": [1, 1, 1],
						"4.2917": [1.2, 1.2, 1.2],
						"4.3333": [1, 1, 1],
						"4.375": [1.2, 1.2, 1.2],
						"4.4167": [1, 1, 1],
						"4.4583": [1.2, 1.2, 1.2],
						"4.5": [1, 1, 1],
						"4.5417": [1.2, 1.2, 1.2],
						"4.5833": [1, 1, 1],
						"4.625": [1.2, 1.2, 1.2],
						"4.6667": [1, 1, 1],
						"4.7083": [1.2, 1.2, 1.2],
						"4.75": [1, 1, 1],
						"4.7917": [1.2, 1.2, 1.2],
						"4.8333": [1, 1, 1],
						"4.875": [1.2, 1.2, 1.2],
						"4.9167": [1, 1, 1],
						"4.9583": [1.2, 1.2, 1.2],
						"5.0": [1, 1, 1],
						"5.0417": [1.2, 1.2, 1.2],
						"5.0833": [1, 1, 1],
						"5.125": [1.2, 1.2, 1.2],
						"5.1667": [1, 1, 1],
						"5.2083": [1.2, 1.2, 1.2],
						"5.25": [1, 1, 1],
						"5.2917": [1.2, 1.2, 1.2]
					}
				},
				"body2": {
					"rotation": {
						"0.0": {
							"post": [0, 0, 0],
							"lerp_mode": "catmullrom"
						},
						"0.5": {
							"post": [-15, 0, 0],
							"lerp_mode": "catmullrom"
						},
						"0.8333": [70, 0, 0],
						"4.625": [70, 0, 0],
						"7.0": [0, 0, 0]
					},
					"position": {
						"0.0": {
							"post": [0, 0, 0],
							"lerp_mode": "catmullrom"
						},
						"0.5": {
							"post": [0, 0, 1],
							"lerp_mode": "catmullrom"
						},
						"0.8333": [0, -6, -7],
						"4.625": [0, -6, -7],
						"7.0": [0, 0, 0]
					},
					"scale": {
						"4.5417": [1, 1, 1],
						"4.5833": [0, 0, 0]
					}
				},
				"right_ribcage2": {
					"rotation": {
						"0.0": [0, 35, 0],
						"4.625": [0, 35, 0],
						"7.0": [0, 0, 0]
					},
					"position": {
						"4.625": [0, 0, 0],
						"7.0": [0, 0, 0]
					}
				},
				"left_ribcage2": {
					"rotation": {
						"0.0": [0, -40, 0],
						"4.625": [0, -40, 0],
						"7.0": [0, 0, 0]
					},
					"position": {
						"4.625": [0, 0, 0],
						"7.0": [0, 0, 0]
					}
				},
				"head2": {
					"rotation": {
						"0.0": {
							"post": [0, 0, 0],
							"lerp_mode": "catmullrom"
						},
						"0.5417": {
							"post": [-60, 0, 0],
							"lerp_mode": "catmullrom"
						},
						"1.0417": [60, 0, 0],
						"4.625": [60, 0, 0],
						"7.0": [0, 0, 0]
					},
					"position": {
						"4.625": [0, 0, 0],
						"7.0": [0, 0, 0]
					},
					"scale": {
						"4.4583": [1, 1, 1],
						"4.5": [0, 0, 0]
					}
				},
				"right_tendril2": {
					"rotation": {
						"4.625": [0, 0, 0],
						"7.0": [0, 0, 0]
					},
					"position": {
						"4.625": [0, 0, 0],
						"7.0": [0, 0, 0]
					}
				},
				"right_arm2": {
					"rotation": {
						"0.0": {
							"post": [0, 0, 0],
							"lerp_mode": "catmullrom"
						},
						"0.625": {
							"post": [35, 0, 0],
							"lerp_mode": "catmullrom"
						},
						"0.9583": [-110, 0, 0],
						"4.625": [-110, 0, 0],
						"7.0": [0, 0, 0]
					},
					"position": {
						"4.625": [0, 0, 0],
						"7.0": [0, 0, 0]
					},
					"scale": {
						"3.5": [1, 1, 1],
						"3.5417": [0, 0, 0]
					}
				},
				"left_arm2": {
					"rotation": {
						"0.0": {
							"post": [0, 0, 0],
							"lerp_mode": "catmullrom"
						},
						"0.625": {
							"post": [40, 0, 0],
							"lerp_mode": "catmullrom"
						},
						"0.9583": [-105, 0, 0],
						"7.0": [-105, 0, 0]
					},
					"position": {
						"4.625": [0, 0, 0],
						"7.0": [0, 0, 0]
					},
					"scale": {
						"3.5": [1, 1, 1],
						"3.5417": [0, 0, 0]
					}
				},
				"right_leg2": {
					"rotation": {
						"0.0": [0, 0, 0],
						"4.625": [0, 0, 0],
						"7.0": [0, 0, 0]
					},
					"position": {
						"4.625": [0, 0, 0],
						"7.0": [0, 0, 0]
					},
					"scale": {
						"3.5": [1, 1, 1],
						"3.5417": [0, 0, 0]
					}
				},
				"left_leg2": {
					"rotation": {
						"0.0": [0, 0, 0],
						"4.625": [0, 0, 0],
						"7.0": [0, 0, 0]
					},
					"position": {
						"4.625": [0, 0, 0],
						"7.0": [0, 0, 0]
					},
					"scale": {
						"3.5": [1, 1, 1],
						"3.5417": [0, 0, 0]
					}
				}
			}
		},
		"animation.commanded_warden.death": {
			"animation_length": 30,
			"bones": {
				"root": {
					"rotation": {
						"0.0": [0, 0, 0],
						"30.0": [0, 3600, 0]
					},
					"position": {
						"0.0": {
							"post": [0, 0, 0],
							"lerp_mode": "catmullrom"
						},
						"0.5": {
							"post": [0, 0, 0],
							"lerp_mode": "catmullrom"
						},
						"1.0": {
							"post": [-8, 0, 8],
							"lerp_mode": "catmullrom"
						},
						"1.5": {
							"post": [0, 0, 16],
							"lerp_mode": "catmullrom"
						},
						"2.0": {
							"post": [10, 0, 5],
							"lerp_mode": "catmullrom"
						},
						"2.5": {
							"post": [11, 0, -5],
							"lerp_mode": "catmullrom"
						},
						"3.0": {
							"post": [-1, 0, -15],
							"lerp_mode": "catmullrom"
						},
						"3.5": {
							"post": [-11, 0, -4],
							"lerp_mode": "catmullrom"
						},
						"4.0": {
							"post": [-8, 0, 8],
							"lerp_mode": "catmullrom"
						},
						"4.5": {
							"post": [0, 0, 16],
							"lerp_mode": "catmullrom"
						},
						"5.0": {
							"post": [10, 0, 5],
							"lerp_mode": "catmullrom"
						},
						"5.5": {
							"post": [11, 0, -5],
							"lerp_mode": "catmullrom"
						},
						"6.0": {
							"post": [-1, 0, -15],
							"lerp_mode": "catmullrom"
						},
						"6.5": {
							"post": [-11, 0, -4],
							"lerp_mode": "catmullrom"
						},
						"7.0": {
							"post": [-8, 0, 8],
							"lerp_mode": "catmullrom"
						},
						"7.5": {
							"post": [0, 0, 16],
							"lerp_mode": "catmullrom"
						},
						"8.0": {
							"post": [10, 0, 5],
							"lerp_mode": "catmullrom"
						},
						"8.5": {
							"post": [11, 0, -5],
							"lerp_mode": "catmullrom"
						},
						"9.0": {
							"post": [-1, 0, -15],
							"lerp_mode": "catmullrom"
						},
						"9.5": {
							"post": [-11, 0, -4],
							"lerp_mode": "catmullrom"
						},
						"10.0": {
							"post": [-8, 0, 8],
							"lerp_mode": "catmullrom"
						},
						"10.5": {
							"post": [0, 0, 16],
							"lerp_mode": "catmullrom"
						},
						"11.0": {
							"post": [10, 0, 5],
							"lerp_mode": "catmullrom"
						},
						"11.5": {
							"post": [11, 0, -5],
							"lerp_mode": "catmullrom"
						},
						"12.0": {
							"post": [-1, 0, -15],
							"lerp_mode": "catmullrom"
						},
						"12.5": [-11, 0, -4]
					}
				},
				"body": {
					"rotation": {
						"0.0": {
							"post": [0, 0, 0],
							"lerp_mode": "catmullrom"
						},
						"0.7083": {
							"post": [16.56, 0, 0],
							"lerp_mode": "catmullrom"
						},
						"1.0": [-82.5, 0, 0]
					}
				},
				"head": {
					"rotation": {
						"0.0": {
							"post": [0, 0, 0],
							"lerp_mode": "catmullrom"
						},
						"0.7083": {
							"post": [45.52, 0, 0],
							"lerp_mode": "catmullrom"
						},
						"1.0": [-27.5, 0, 0]
					}
				},
				"bone": {
					"rotation": {
						"0.0": {
							"post": [0, 0, 0],
							"lerp_mode": "catmullrom"
						},
						"0.7083": {
							"post": [-2.5, 0, 0],
							"lerp_mode": "catmullrom"
						},
						"1.0": [60, 0, 0]
					}
				},
				"right_tendril": {
					"rotation": [0, 0, 0]
				},
				"left_tendril": {
					"rotation": [0, 0, 0]
				},
				"right_arm": {
					"rotation": {
						"0.0": {
							"post": [0, 0, 0],
							"lerp_mode": "catmullrom"
						},
						"0.7083": {
							"post": [-13.4748, 7.65192, -4.52662],
							"lerp_mode": "catmullrom"
						},
						"1.0": [93.91793, 10.80271, -6.39052]
					}
				},
				"bone2": {
					"rotation": {
						"0.0": [0, 0, 0],
						"1.0": [37.5, 0, 0]
					}
				},
				"left_arm": {
					"rotation": {
						"0.0": {
							"post": [0, 0, 0],
							"lerp_mode": "catmullrom"
						},
						"0.7083": {
							"post": [-12.94566, -5.41368, 4.61779],
							"lerp_mode": "catmullrom"
						},
						"1.0": [84.07672, -7.64284, 6.51923]
					}
				},
				"bone3": {
					"rotation": {
						"0.0": [0, 0, 0],
						"1.0": [47.5, 0, 0]
					}
				},
				"right_leg": {
					"rotation": {
						"0.0": [0, 0, 0],
						"1.0": [25, 0, 0]
					}
				},
				"bone4": {
					"rotation": {
						"0.0": [0, 0, 0],
						"1.0": [-20, 0, 0]
					}
				},
				"left_leg": {
					"rotation": {
						"0.0": [0, 0, 0],
						"1.0": [27.5, 0, 0]
					}
				},
				"bone5": {
					"rotation": {
						"0.0": [0, 0, 0],
						"1.0": [-22.5, 0, 0]
					}
				}
			},
			"sound_effects": {
				"0.0": {
					"effect": "death"
				}
			},
			"particle_effects": {
				"0.0": {
					"effect": "death",
					"locator": "death"
				}
			}
		}
	}
}