{
	"format_version": "1.8.0",
	"animations": {
		"animation.void_nuke.idle": {
			"loop": "hold_on_last_frame",
			"animation_length": 60,
			"bones": {
				"bone": {
					"scale": {
						"20.0": [1, 1, 1],
						"60.0": [7, 7, 7]
					}
				},
				"bone2": {
					"scale": {
						"0.0": [1, 1, 1],
						"0.0417": [1.2, 1.2, 1.2],
						"0.125": [1.2, 1.2, 1.2],
						"0.1667": [1, 1, 1],
						"0.5": [1, 1, 1],
						"0.5417": [1.2, 1.2, 1.2],
						"0.625": [1.2, 1.2, 1.2],
						"0.6667": [1, 1, 1],
						"1.0": [1, 1, 1],
						"1.0417": [1.2, 1.2, 1.2],
						"1.125": [1.2, 1.2, 1.2],
						"1.1667": [1, 1, 1],
						"1.5": [1, 1, 1],
						"1.5417": [1.2, 1.2, 1.2],
						"1.625": [1.2, 1.2, 1.2],
						"1.6667": [1, 1, 1],
						"2.0": [1, 1, 1],
						"2.0417": [1.2, 1.2, 1.2],
						"2.125": [1.2, 1.2, 1.2],
						"2.1667": [1, 1, 1],
						"2.5": [1, 1, 1],
						"2.5417": [1.2, 1.2, 1.2],
						"2.625": [1.2, 1.2, 1.2],
						"2.6667": [1, 1, 1],
						"3.0": [1, 1, 1],
						"3.0417": [1.2, 1.2, 1.2],
						"3.125": [1.2, 1.2, 1.2],
						"3.1667": [1, 1, 1],
						"3.5": [1, 1, 1],
						"3.5417": [1.2, 1.2, 1.2],
						"3.625": [1.2, 1.2, 1.2],
						"3.6667": [1, 1, 1],
						"4.0": [1, 1, 1],
						"4.0417": [1.2, 1.2, 1.2],
						"4.125": [1.2, 1.2, 1.2],
						"4.1667": [1, 1, 1],
						"4.5": [1, 1, 1],
						"4.5417": [1.2, 1.2, 1.2],
						"4.625": [1.2, 1.2, 1.2],
						"4.6667": [1, 1, 1],
						"5.0": [1, 1, 1],
						"5.0417": [1.2, 1.2, 1.2],
						"5.125": [1.2, 1.2, 1.2],
						"5.1667": [1, 1, 1],
						"5.5": [1, 1, 1],
						"5.5417": [1.2, 1.2, 1.2],
						"5.625": [1.2, 1.2, 1.2],
						"5.6667": [1, 1, 1],
						"6.0": [1, 1, 1],
						"6.0417": [1.2, 1.2, 1.2],
						"6.125": [1.2, 1.2, 1.2],
						"6.1667": [1, 1, 1],
						"6.5": [1, 1, 1],
						"6.5417": [1.2, 1.2, 1.2],
						"6.625": [1.2, 1.2, 1.2],
						"6.6667": [1, 1, 1],
						"7.0": [1, 1, 1],
						"7.0417": [1.2, 1.2, 1.2],
						"7.125": [1.2, 1.2, 1.2],
						"7.1667": [1, 1, 1],
						"7.5": [1, 1, 1],
						"7.5417": [1.2, 1.2, 1.2],
						"7.625": [1.2, 1.2, 1.2],
						"7.6667": [1, 1, 1],
						"8.0": [1, 1, 1],
						"8.0417": [1.2, 1.2, 1.2],
						"8.125": [1.2, 1.2, 1.2],
						"8.1667": [1, 1, 1],
						"8.5": [1, 1, 1],
						"8.5417": [1.2, 1.2, 1.2],
						"8.625": [1.2, 1.2, 1.2],
						"8.6667": [1, 1, 1],
						"9.0": [1, 1, 1],
						"9.0417": [1.2, 1.2, 1.2],
						"9.125": [1.2, 1.2, 1.2],
						"9.1667": [1, 1, 1],
						"9.5": [1, 1, 1],
						"9.5417": [1.2, 1.2, 1.2],
						"9.625": [1.2, 1.2, 1.2],
						"9.6667": [1, 1, 1],
						"10.0": [1, 1, 1],
						"10.0417": [1.2, 1.2, 1.2],
						"10.125": [1.2, 1.2, 1.2],
						"10.1667": [1, 1, 1],
						"10.25": [1, 1, 1],
						"10.2917": [1.2, 1.2, 1.2],
						"10.375": [1.2, 1.2, 1.2],
						"10.4167": [1, 1, 1],
						"10.5": [1, 1, 1],
						"10.5417": [1.2, 1.2, 1.2],
						"10.625": [1.2, 1.2, 1.2],
						"10.6667": [1, 1, 1],
						"10.75": [1, 1, 1],
						"10.7917": [1.2, 1.2, 1.2],
						"10.875": [1.2, 1.2, 1.2],
						"10.9167": [1, 1, 1],
						"11.0": [1, 1, 1],
						"11.0417": [1.2, 1.2, 1.2],
						"11.125": [1.2, 1.2, 1.2],
						"11.1667": [1, 1, 1],
						"11.25": [1, 1, 1],
						"11.2917": [1.2, 1.2, 1.2],
						"11.375": [1.2, 1.2, 1.2],
						"11.4167": [1, 1, 1],
						"11.5": [1, 1, 1],
						"11.5417": [1.2, 1.2, 1.2],
						"11.625": [1.2, 1.2, 1.2],
						"11.6667": [1, 1, 1],
						"11.75": [1, 1, 1],
						"11.7917": [1.2, 1.2, 1.2],
						"11.875": [1.2, 1.2, 1.2],
						"11.9167": [1, 1, 1],
						"12.0": [1, 1, 1],
						"12.0417": [1.2, 1.2, 1.2],
						"12.125": [1.2, 1.2, 1.2],
						"12.1667": [1, 1, 1],
						"12.25": [1, 1, 1],
						"12.2917": [1.2, 1.2, 1.2],
						"12.375": [1.2, 1.2, 1.2],
						"12.4167": [1, 1, 1],
						"12.5": [1, 1, 1],
						"12.5417": [1.2, 1.2, 1.2],
						"12.625": [1.2, 1.2, 1.2],
						"12.6667": [1, 1, 1],
						"12.75": [1, 1, 1],
						"12.7917": [1.2, 1.2, 1.2],
						"12.875": [1.2, 1.2, 1.2],
						"12.9167": [1, 1, 1],
						"13.0": [1, 1, 1],
						"13.0417": [1.2, 1.2, 1.2],
						"13.125": [1.2, 1.2, 1.2],
						"13.1667": [1, 1, 1],
						"13.25": [1, 1, 1],
						"13.2917": [1.2, 1.2, 1.2],
						"13.375": [1.2, 1.2, 1.2],
						"13.4167": [1, 1, 1],
						"13.5": [1, 1, 1],
						"13.5417": [1.2, 1.2, 1.2],
						"13.625": [1.2, 1.2, 1.2],
						"13.6667": [1, 1, 1],
						"13.75": [1, 1, 1],
						"13.7917": [1.2, 1.2, 1.2],
						"13.875": [1.2, 1.2, 1.2],
						"13.9167": [1, 1, 1],
						"14.0": [1, 1, 1],
						"14.0417": [1.2, 1.2, 1.2],
						"14.125": [1.2, 1.2, 1.2],
						"14.1667": [1, 1, 1],
						"14.25": [1, 1, 1],
						"14.2917": [1.2, 1.2, 1.2],
						"14.375": [1.2, 1.2, 1.2],
						"14.4167": [1, 1, 1],
						"14.5": [1, 1, 1],
						"14.5417": [1.2, 1.2, 1.2],
						"14.625": [1.2, 1.2, 1.2],
						"14.6667": [1, 1, 1],
						"14.75": [1, 1, 1],
						"14.7917": [1.2, 1.2, 1.2],
						"14.875": [1.2, 1.2, 1.2],
						"14.9167": [1, 1, 1],
						"15.0": [1, 1, 1],
						"15.0417": [1.2, 1.2, 1.2],
						"15.125": [1.2, 1.2, 1.2],
						"15.1667": [1, 1, 1],
						"15.25": [1, 1, 1],
						"15.2917": [1.2, 1.2, 1.2],
						"15.375": [1.2, 1.2, 1.2],
						"15.4167": [1, 1, 1],
						"15.5": [1, 1, 1],
						"15.5417": [1.2, 1.2, 1.2],
						"15.625": [1.2, 1.2, 1.2],
						"15.6667": [1, 1, 1],
						"15.75": [1, 1, 1],
						"15.7917": [1.2, 1.2, 1.2],
						"15.875": [1.2, 1.2, 1.2],
						"15.9167": [1, 1, 1],
						"16.0": [1, 1, 1],
						"16.0417": [1.2, 1.2, 1.2],
						"16.125": [1.2, 1.2, 1.2],
						"16.1667": [1, 1, 1],
						"16.25": [1, 1, 1],
						"16.2917": [1.2, 1.2, 1.2],
						"16.375": [1.2, 1.2, 1.2],
						"16.4167": [1, 1, 1],
						"16.5": [1, 1, 1],
						"16.5417": [1.2, 1.2, 1.2],
						"16.625": [1.2, 1.2, 1.2],
						"16.6667": [1, 1, 1],
						"16.75": [1, 1, 1],
						"16.7917": [1.2, 1.2, 1.2],
						"16.875": [1.2, 1.2, 1.2],
						"16.9167": [1, 1, 1],
						"17.0": [1, 1, 1],
						"17.0417": [1.2, 1.2, 1.2],
						"17.125": [1.2, 1.2, 1.2],
						"17.1667": [1, 1, 1],
						"17.25": [1, 1, 1],
						"17.2917": [1.2, 1.2, 1.2],
						"17.375": [1.2, 1.2, 1.2],
						"17.4167": [1, 1, 1],
						"17.5": [1, 1, 1],
						"17.5417": [1.2, 1.2, 1.2],
						"17.625": [1.2, 1.2, 1.2],
						"17.6667": [1, 1, 1],
						"17.75": [1, 1, 1],
						"17.7917": [1.2, 1.2, 1.2],
						"17.875": [1.2, 1.2, 1.2],
						"17.9167": [1, 1, 1],
						"18.0": [1, 1, 1],
						"18.0417": [1.2, 1.2, 1.2],
						"18.125": [1.2, 1.2, 1.2],
						"18.1667": [1, 1, 1],
						"18.25": [1, 1, 1],
						"18.2917": [1.2, 1.2, 1.2],
						"18.375": [1.2, 1.2, 1.2],
						"18.4167": [1, 1, 1],
						"18.5": [1, 1, 1],
						"18.5417": [1.2, 1.2, 1.2],
						"18.625": [1.2, 1.2, 1.2],
						"18.6667": [1, 1, 1],
						"18.75": [1, 1, 1],
						"18.7917": [1.2, 1.2, 1.2],
						"18.875": [1.2, 1.2, 1.2],
						"18.9167": [1, 1, 1],
						"19.0": [1, 1, 1],
						"19.0417": [1.2, 1.2, 1.2],
						"19.125": [1.2, 1.2, 1.2],
						"19.1667": [1, 1, 1],
						"19.25": [1, 1, 1],
						"19.2917": [1.2, 1.2, 1.2],
						"19.375": [1.2, 1.2, 1.2],
						"19.4167": [1, 1, 1],
						"19.5": [1, 1, 1],
						"19.5417": [1.2, 1.2, 1.2],
						"19.625": [1.2, 1.2, 1.2],
						"19.6667": [1, 1, 1],
						"19.75": [1, 1, 1],
						"19.7917": [1.2, 1.2, 1.2]
					}
				}
			}
		}
	}
}