{
	"format_version": "1.10.0",
	"animation_controllers": {
	  "controller.animation.jumpscare_thomas": {
		"initial_state": "default",
		"states": {
		  "default": {
			"transitions": [
			  {
				"attack": "variable.attack_time > 0 && !query.is_stunned"
			  },
			  {
				"add": "query.has_rider && !query.is_stunned"
			  }
			]
		  },
		  "attack": {
			"transitions": [
			  {
				"default": "1.0"
			  }
			],
			"on_entry": [
                "/function jumpscare_thomas", 
				"/tag @s add thomas"
			 ]
		  },
		  "add": {
			"transitions": [
			  {
				"default": "1.0"
			  }
			],
			"on_entry": [
				"/scoreboard objectives add thomas dummy",
				"/effect @e[r=5,type=!tb:thomas] blindness 1 1 true",  
				"/scoreboard players add @e[r=3,type=!tb:thomas] thomas 1",
				"/execute @e[scores={thomas=6..1000}] ~ ~ ~event entity @e[type=tb:thomas,r=7] tb:jumpscare_stop",
				"/execute @e[scores={thomas=6..1000}] ~ ~ ~tag @e[type=tb:thomas,r=7] remove thomas",
				"/kill @e[scores={thomas=6..1000}]",
				"/scoreboard players set @a[scores={thomas=6..1000}] thomas 0"
			]
		  }
		}
	  },
        "controller.animation.climbing": {
            "states": {
                "default": {
                    "on_entry": [
                        "/event entity @s tb:no_upside_down",
                        "/event entity @s tb:add_timer"
                    ],
                    "transitions": [
                        {
                            "run_command": "query.is_wall_climbing && query.ground_speed >= 0.7 && query.variant == 1"
                        }
                    ]
                },
                "run_command": {
                    "on_entry": [
                        "/event entity @s tb:upside_down"
                    ],
                    "animations": [
                        "climbing"
                    ],
                    "transitions": [
                        {
                            "default": "!query.is_wall_climbing"
                    }
			 ]
		  }
		}
	  },
	  "controller.animation.thomas_chase": {
		"initial_state": "default",
		"states": {
		  "default": {
			"transitions": [
			  {
				"chase": "query.has_target"
			  }
			],
			"on_entry": [
				"/music stop 1.5"
			 ]
		  },
		  "chase": {
			"transitions": [
			  {
				"default": "!query.has_target"
			  }
			],
			"on_entry": [
				"/music play thomas.chase 1 1 loop"
             ]
		  }
		}
	  }
  }
}