{
	"format_version": "1.12.0",
	"minecraft:geometry": [
		{
			"description": {
				"identifier": "geometry.basic_wither_storm_skull",
				"texture_width": 512,
				"texture_height": 512,
				"visible_bounds_width": 2,
				"visible_bounds_height": 1.5,
				"visible_bounds_offset": [0, 0.25, 0]
			},
			"bones": [
				{
					"name": "body",
					"pivot": [0, 0, 0]
				},
				{
					"name": "bone",
					"parent": "body",
					"pivot": [0, 0, 0],
					"rotation": [0, 0, -180],
					"cubes": [
						{"origin": [-8, -8, -8], "size": [16, 16, 16], "inflate": -4, "pivot": [0, 0, 0], "rotation": [0, 0, -180], "uv": [0, 134]}
					]
				}
			]
		}
	]
}