{
	"format_version": "1.12.0",
	"minecraft:geometry": [
		{
			"description": {
				"identifier": "geometry.commanded_warden",
				"texture_width": 164,
				"texture_height": 328,
				"visible_bounds_width": 7,
				"visible_bounds_height": 8.5,
				"visible_bounds_offset": [0, 3.75, 0]
			},
			"bones": [
				{
					"name": "root",
					"pivot": [0, 0, 0]
				},
				{
					"name": "body",
					"parent": "root",
					"pivot": [0, 29, 7],
					"rotation": [35, 0, 0],
					"cubes": [
						{"origin": [-4, 35.50086, -0.27491], "size": [9, 21, 11], "pivot": [4.5, 46.00086, 5.22509], "rotation": [0, -32.5, 0], "uv": [18, 0], "mirror": true},
						{"origin": [-4, 25.50086, -0.27491], "size": [9, 21, 11], "inflate": -0.12, "pivot": [4.5, 46.00086, 5.22509], "rotation": [0, -32.5, 0], "uv": [18, 0], "mirror": true},
						{"origin": [5, 35.50086, -0.27491], "size": [9, 21, 11], "pivot": [4.5, 46.00086, 5.22509], "rotation": [0, -32.5, 0], "uv": [16, 0], "mirror": true},
						{"origin": [5, 25.50086, -0.27491], "size": [9, 21, 11], "inflate": -0.14, "pivot": [4.5, 46.00086, 5.22509], "rotation": [0, -32.5, 0], "uv": [16, 0], "mirror": true},
						{"origin": [0.92569, 35.50086, 11.67436], "size": [9, 21, 11], "inflate": 0.1, "pivot": [5.80666, 46.00086, 13.1889], "rotation": [0, -52.5, 0], "uv": [18, 0]},
						{"origin": [0.92569, 25.50086, 11.67436], "size": [9, 21, 11], "pivot": [5.80666, 46.00086, 13.1889], "rotation": [0, -52.5, 0], "uv": [18, 0]},
						{"origin": [-5, 35.50086, -0.27491], "size": [9, 21, 11], "pivot": [-4.5, 46.00086, 5.22509], "rotation": [0, 32.5, 0], "uv": [18, 0]},
						{"origin": [-5, 25.50086, -0.27491], "size": [9, 21, 11], "inflate": -0.12, "pivot": [-4.5, 46.00086, 5.22509], "rotation": [0, 32.5, 0], "uv": [18, 0]},
						{"origin": [-14, 35.50086, -0.27491], "size": [9, 21, 11], "pivot": [-4.5, 46.00086, 5.22509], "rotation": [0, 32.5, 0], "uv": [16, 0]},
						{"origin": [-14, 25.50086, -0.27491], "size": [9, 21, 11], "inflate": -0.142, "pivot": [-4.5, 46.00086, 5.22509], "rotation": [0, 32.5, 0], "uv": [16, 0]},
						{"origin": [-9.92569, 35.50086, 11.67436], "size": [9, 21, 11], "inflate": 0.11, "pivot": [-5.80666, 46.00086, 13.1889], "rotation": [0, 52.5, 0], "uv": [18, 0], "mirror": true},
						{"origin": [-9.92569, 25.50086, 11.67436], "size": [9, 21, 11], "inflate": -0.1, "pivot": [-5.80666, 46.00086, 13.1889], "rotation": [0, 52.5, 0], "uv": [18, 0], "mirror": true}
					],
					"locators": {
						"death": [0, 41, 5]
					}
				},
				{
					"name": "right_ribcage",
					"parent": "body",
					"pivot": [-12.20678, 43.00086, 3.3311],
					"rotation": [0, 70, 0],
					"cubes": [
						{"origin": [-12.5647, 37.50086, 2.41282], "size": [9, 21, 0], "uv": [90, 11]},
						{"origin": [-12.5647, 27.50086, 2.41282], "size": [9, 21, 0], "uv": [90, 11]}
					]
				},
				{
					"name": "bone6",
					"parent": "right_ribcage",
					"pivot": [-4.0647, 48.00086, 2.41282],
					"rotation": [0, -40, 0],
					"cubes": [
						{"origin": [-5.5647, 37.50086, 2.41282], "size": [9, 21, 0], "uv": [90, 11]},
						{"origin": [-5.5647, 27.50086, 2.41282], "size": [9, 21, 0], "uv": [90, 11]}
					]
				},
				{
					"name": "left_ribcage",
					"parent": "body",
					"pivot": [11.45755, 43.00086, 3.95014],
					"rotation": [0, -70, 0],
					"cubes": [
						{"origin": [2.75121, 37.50086, 3.39636], "size": [9, 21, 0], "uv": [90, 11], "mirror": true},
						{"origin": [2.75121, 27.50086, 3.39636], "size": [9, 21, 0], "uv": [90, 11], "mirror": true}
					]
				},
				{
					"name": "bone8",
					"parent": "left_ribcage",
					"pivot": [2.25121, 48.00086, 3.39636],
					"rotation": [0, 40, 0],
					"cubes": [
						{"origin": [-4.24879, 37.50086, 3.39636], "size": [9, 21, 0], "uv": [90, 11], "mirror": true},
						{"origin": [-4.24879, 30.50086, 3.39636], "size": [9, 18, 0], "uv": [90, 11], "mirror": true}
					]
				},
				{
					"name": "head",
					"parent": "body",
					"pivot": [0, 56.50086, 3.72509],
					"cubes": [
						{"origin": [-6, 56.34159, -14.01244], "size": [12, 14, 21], "pivot": [0, 56.5009, 3.7251], "rotation": [-35, 0, 0], "uv": [15, 93]}
					]
				},
				{
					"name": "bone",
					"parent": "head",
					"pivot": [0, 57.84159, 2.48756],
					"rotation": [-35, 0, 0],
					"cubes": [
						{"origin": [-6, 53.7, -14], "size": [12, 7, 21], "inflate": -0.2, "uv": [97, 92]}
					]
				},
				{
					"name": "bone10",
					"parent": "bone",
					"pivot": [0, 58.56754, 6.17557],
					"rotation": [27.5, 0, 0],
					"cubes": [
						{"origin": [-4, 59.34159, -10.01244], "size": [8, 0, 17], "pivot": [-28, 57.34159, 3.48756], "rotation": [-15, 0, 0], "uv": [113, 21]}
					]
				},
				{
					"name": "right_tendril",
					"parent": "head",
					"pivot": [-6, 66.34159, 1.98756],
					"rotation": [-35, 0, 0],
					"cubes": [
						{"origin": [-22, 63.34159, 1.98756], "size": [16, 16, 0], "uv": [52, 32]},
						{"origin": [-22, 67.34159, 2.98756], "size": [16, 16, 0], "pivot": [-6, 69.34159, 2.98756], "rotation": [0, 0, 32.5], "uv": [52, 32]}
					]
				},
				{
					"name": "left_tendril",
					"parent": "head",
					"pivot": [6, 66.34159, 1.98756],
					"rotation": [-35, 0, 0],
					"cubes": [
						{"origin": [6, 63.34159, 1.98756], "size": [16, 16, 0], "uv": [58, 0]},
						{"origin": [6, 67.34159, 2.98756], "size": [16, 16, 0], "pivot": [6, 69.34159, 2.98756], "rotation": [0, 0, -32.5], "uv": [58, 0]}
					]
				},
				{
					"name": "right_arm",
					"parent": "body",
					"pivot": [-16, 50.29697, 11.88654],
					"rotation": [-34.76905, 4.29357, 26.15518],
					"cubes": [
						{"origin": [-20, 28.90956, 7.31467], "size": [8, 24, 8], "inflate": 1, "uv": [44, 50]}
					]
				},
				{
					"name": "bone2",
					"parent": "right_arm",
					"pivot": [-16, 29.90956, 11.31467],
					"rotation": [-55, 0, 0],
					"cubes": [
						{"origin": [-20, 1.90956, 7.31467], "size": [8, 28, 8], "inflate": 2, "uv": [44, 50]},
						{"origin": [-22, -7.09044, 5.31467], "size": [2, 8, 2], "inflate": 1, "pivot": [-21, 0.90956, 6.31467], "rotation": [-35, 0, 35], "uv": [46, 62]},
						{"origin": [-22, -7.09044, 15.31467], "size": [2, 8, 2], "inflate": 1, "pivot": [-21, 0.90956, 16.31467], "rotation": [35, 0, 35], "uv": [47, 61]},
						{"origin": [-13, -7.09044, 15.31467], "size": [2, 8, 2], "inflate": 1, "pivot": [-12, 0.90956, 16.31467], "rotation": [35, 0, -35], "uv": [46, 61]},
						{"origin": [-12, -7.09044, 5.31467], "size": [2, 8, 2], "inflate": 1, "pivot": [-11, 0.90956, 6.31467], "rotation": [-35, 0, -35], "uv": [47, 61]}
					]
				},
				{
					"name": "left_arm",
					"parent": "body",
					"pivot": [16, 50.29697, 11.88654],
					"rotation": [-34.76905, -4.29357, -26.15518],
					"cubes": [
						{"origin": [12, 28.90956, 7.31467], "size": [8, 24, 8], "inflate": 1, "uv": [0, 58]}
					]
				},
				{
					"name": "bone3",
					"parent": "left_arm",
					"pivot": [16, 29.90956, 11.31467],
					"rotation": [-55, 0, 0],
					"cubes": [
						{"origin": [12, 1.90956, 7.31467], "size": [8, 28, 8], "inflate": 2, "uv": [0, 58]},
						{"origin": [20, -7.09044, 5.31467], "size": [2, 8, 2], "inflate": 1, "pivot": [21, 0.90956, 6.31467], "rotation": [-35, 0, -35], "uv": [47, 62], "mirror": true},
						{"origin": [20, -7.09044, 15.31467], "size": [2, 8, 2], "inflate": 1, "pivot": [21, 0.90956, 16.31467], "rotation": [35, 0, -35], "uv": [47, 61], "mirror": true},
						{"origin": [10, -7.09044, 5.31467], "size": [2, 8, 2], "inflate": 1, "pivot": [11, 0.90956, 6.31467], "rotation": [-35, 0, 35], "uv": [47, 61], "mirror": true},
						{"origin": [10, -7.09044, 15.31467], "size": [2, 8, 2], "inflate": 1, "pivot": [11, 0.90956, 16.31467], "rotation": [35, 0, 35], "uv": [47, 61], "mirror": true}
					]
				},
				{
					"name": "cermmand",
					"parent": "body",
					"pivot": [0, 43, -5],
					"cubes": [
						{"origin": [-8, 35, -13], "size": [16, 16, 16], "inflate": -5, "uv": [0, 296]}
					]
				},
				{
					"name": "right_leg",
					"parent": "root",
					"pivot": [-8.9, 27, 9],
					"rotation": [-39.89247, 3.21154, 3.83424],
					"cubes": [
						{"origin": [-12, 13, 6], "size": [6, 13, 6], "inflate": 2, "uv": [84, 141]}
					]
				},
				{
					"name": "bone4",
					"parent": "right_leg",
					"pivot": [-9, 12.5, 9],
					"rotation": [40, 0, -5],
					"cubes": [
						{"origin": [-12, -1.5, 6], "size": [6, 13, 6], "inflate": 2, "uv": [76, 76]}
					]
				},
				{
					"name": "left_leg",
					"parent": "root",
					"pivot": [8.9, 27, 9],
					"rotation": [-39.89247, -3.21154, -3.83424],
					"cubes": [
						{"origin": [6, 13, 6], "size": [6, 13, 6], "inflate": 2, "uv": [84, 141]}
					]
				},
				{
					"name": "bone5",
					"parent": "left_leg",
					"pivot": [9, 12.5, 9],
					"rotation": [40, 0, 5],
					"cubes": [
						{"origin": [6, -1.5, 6], "size": [6, 13, 6], "inflate": 2, "uv": [76, 76]}
					]
				},
				{
					"name": "root2",
					"pivot": [0, 0, -1]
				},
				{
					"name": "body2",
					"parent": "root2",
					"pivot": [0, 21, -1],
					"cubes": [
						{"origin": [-9, 13, -5], "size": [18, 21, 11], "uv": [0, 0]}
					]
				},
				{
					"name": "right_ribcage2",
					"parent": "body2",
					"pivot": [-7, 23, -5],
					"cubes": [
						{"origin": [-9, 13, -5.1], "size": [9, 21, 0], "uv": [90, 11]}
					]
				},
				{
					"name": "left_ribcage2",
					"parent": "body2",
					"pivot": [7, 23, -5],
					"cubes": [
						{"origin": [0, 13, -5.1], "size": [9, 21, 0], "uv": [90, 11], "mirror": true}
					]
				},
				{
					"name": "head2",
					"parent": "body2",
					"pivot": [0, 34, -1],
					"cubes": [
						{"origin": [-8, 34, -6], "size": [16, 16, 10], "uv": [0, 32]}
					]
				},
				{
					"name": "right_tendril2",
					"parent": "head2",
					"pivot": [-8, 46, -1],
					"cubes": [
						{"origin": [-24, 43, -1], "size": [16, 16, 0], "uv": [52, 32]}
					]
				},
				{
					"name": "left_tendril2",
					"parent": "head2",
					"pivot": [8, 46, -1],
					"cubes": [
						{"origin": [8, 43, -1], "size": [16, 16, 0], "uv": [58, 0]}
					]
				},
				{
					"name": "right_arm2",
					"parent": "body2",
					"pivot": [-13, 34, 0],
					"cubes": [
						{"origin": [-17, 6, -4], "size": [8, 28, 8], "uv": [44, 50]}
					]
				},
				{
					"name": "left_arm2",
					"parent": "body2",
					"pivot": [13, 34, 0],
					"cubes": [
						{"origin": [9, 6, -4], "size": [8, 28, 8], "uv": [0, 58]}
					]
				},
				{
					"name": "right_leg2",
					"parent": "root2",
					"pivot": [-5.9, 13, -1],
					"cubes": [
						{"origin": [-9, 0, -4], "size": [6, 13, 6], "uv": [76, 48]}
					]
				},
				{
					"name": "left_leg2",
					"parent": "root2",
					"pivot": [5.9, 13, -1],
					"cubes": [
						{"origin": [3, 0, -4], "size": [6, 13, 6], "uv": [76, 76]}
					]
				}
			]
		}
	]
}