{
	"format_version": "1.12.0",
	"minecraft:geometry": [
		{
			"description": {
				"identifier": "geometry.stormborne",
				"texture_width": 64,
				"texture_height": 128,
				"visible_bounds_width": 9,
				"visible_bounds_height": 3.5,
				"visible_bounds_offset": [0, 1.25, 0]
			},
			"bones": [
				{
					"name": "hoomnans2",
					"pivot": [0, 0, 0]
				},
				{
					"name": "rightLeg2",
					"parent": "hoomnans2",
					"pivot": [1.9, 12, 0]
				},
				{
					"name": "rightLeg",
					"parent": "rightLeg2",
					"pivot": [2, 12, 0],
					"cubes": [
						{
							"origin": [1, 0, -1],
							"size": [2, 12, 2],
							"uv": {
								"north": {"uv": [4, 18], "uv_size": [-2, 12]},
								"east": {"uv": [6, 18], "uv_size": [-2, 12]},
								"south": {"uv": [8, 18], "uv_size": [-2, 12]},
								"west": {"uv": [2, 18], "uv_size": [-2, 12]},
								"up": {"uv": [4, 16], "uv_size": [-2, 2]},
								"down": {"uv": [6, 18], "uv_size": [-2, -2]}
							}
						}
					]
				},
				{
					"name": "cover6",
					"parent": "rightLeg2",
					"pivot": [1.9, 12, 0],
					"cubes": [
						{
							"origin": [-0.1, 0, -2],
							"size": [4, 12, 4],
							"inflate": 0.1,
							"uv": {
								"north": {"uv": [48, 68], "uv_size": [-4, 12]},
								"east": {"uv": [52, 68], "uv_size": [-4, 12]},
								"south": {"uv": [56, 68], "uv_size": [-4, 12]},
								"west": {"uv": [44, 68], "uv_size": [-4, 12]},
								"up": {"uv": [48, 80], "uv_size": [-4, 4]},
								"down": {"uv": [52, 84], "uv_size": [-4, -4]}
							}
						},
						{
							"origin": [-0.1, 0, -2],
							"size": [4, 12, 4],
							"inflate": 0.05,
							"uv": {
								"north": {"uv": [8, 84], "uv_size": [-4, 12]},
								"east": {"uv": [12, 84], "uv_size": [-4, 12]},
								"south": {"uv": [16, 84], "uv_size": [-4, 12]},
								"west": {"uv": [4, 84], "uv_size": [-4, 12]},
								"up": {"uv": [8, 80], "uv_size": [-4, 4]},
								"down": {"uv": [12, 84], "uv_size": [-4, -4]}
							}
						}
					]
				},
				{
					"name": "leftLeg2",
					"parent": "hoomnans2",
					"pivot": [-1.9, 12, 0]
				},
				{
					"name": "leftLeg",
					"parent": "leftLeg2",
					"pivot": [-2, 12, 0],
					"cubes": [
						{
							"origin": [-3, 0, -1],
							"size": [2, 12, 2],
							"uv": {
								"north": {"uv": [2, 18], "uv_size": [2, 12]},
								"east": {"uv": [0, 18], "uv_size": [2, 12]},
								"south": {"uv": [6, 18], "uv_size": [2, 12]},
								"west": {"uv": [4, 18], "uv_size": [2, 12]},
								"up": {"uv": [2, 16], "uv_size": [2, 2]},
								"down": {"uv": [4, 18], "uv_size": [2, -2]}
							}
						}
					]
				},
				{
					"name": "cover7",
					"parent": "leftLeg2",
					"pivot": [-1.9, 12, 0],
					"cubes": [
						{
							"origin": [-3.9, 0, -2],
							"size": [4, 12, 4],
							"inflate": 0.1,
							"uv": {
								"north": {"uv": [44, 65], "uv_size": [4, 12]},
								"east": {"uv": [40, 65], "uv_size": [4, 12]},
								"south": {"uv": [52, 65], "uv_size": [4, 12]},
								"west": {"uv": [48, 65], "uv_size": [4, 12]},
								"up": {"uv": [44, 80], "uv_size": [4, 4]},
								"down": {"uv": [48, 84], "uv_size": [4, -4]}
							}
						},
						{
							"origin": [-3.9, 0, -2],
							"size": [4, 12, 4],
							"inflate": 0.05,
							"uv": {
								"north": {"uv": [4, 84], "uv_size": [4, 12]},
								"east": {"uv": [0, 84], "uv_size": [4, 12]},
								"south": {"uv": [12, 84], "uv_size": [4, 12]},
								"west": {"uv": [8, 84], "uv_size": [4, 12]},
								"up": {"uv": [4, 80], "uv_size": [4, 4]},
								"down": {"uv": [8, 84], "uv_size": [4, -4]}
							}
						}
					]
				},
				{
					"name": "body2",
					"parent": "hoomnans2",
					"pivot": [0, 12, 0],
					"locators": {
						"death": [0, 18, 0]
					}
				},
				{
					"name": "cover5",
					"parent": "body2",
					"pivot": [0, 12, 0],
					"cubes": [
						{
							"origin": [-4, 12, -2],
							"size": [8, 12, 4],
							"inflate": 0.05,
							"uv": {
								"north": {"uv": [28, 84], "uv_size": [-8, 12]},
								"east": {"uv": [32, 84], "uv_size": [-4, 12]},
								"south": {"uv": [40, 84], "uv_size": [-8, 12]},
								"west": {"uv": [20, 84], "uv_size": [-4, 12]},
								"up": {"uv": [28, 80], "uv_size": [-8, 4]},
								"down": {"uv": [36, 84], "uv_size": [-8, -4]}
							}
						},
						{
							"origin": [-4, 12, -2],
							"size": [8, 12, 4],
							"inflate": 0.1,
							"uv": {
								"north": {"uv": [28, 100], "uv_size": [-8, 12]},
								"east": {"uv": [32, 100], "uv_size": [-4, 12]},
								"south": {"uv": [40, 100], "uv_size": [-8, 12]},
								"west": {"uv": [20, 100], "uv_size": [-4, 12]},
								"up": {"uv": [28, 96], "uv_size": [-8, 4]},
								"down": {"uv": [36, 100], "uv_size": [-8, -4]}
							}
						}
					]
				},
				{
					"name": "head2",
					"parent": "body2",
					"pivot": [0, 24, 0]
				},
				{
					"name": "head",
					"parent": "head2",
					"pivot": [0, 24, 0],
					"cubes": [
						{
							"origin": [-4, 24, -4],
							"size": [8, 8, 8],
							"uv": {
								"north": {"uv": [16, 8], "uv_size": [-8, 8]},
								"east": {"uv": [24, 8], "uv_size": [-8, 8]},
								"south": {"uv": [32, 8], "uv_size": [-8, 8]},
								"west": {"uv": [8, 8], "uv_size": [-8, 8]},
								"up": {"uv": [16, 0], "uv_size": [-8, 8]},
								"down": {"uv": [24, 8], "uv_size": [-8, -8]}
							}
						}
					]
				},
				{
					"name": "cover8",
					"parent": "head2",
					"pivot": [0, 24, 0],
					"cubes": [
						{
							"origin": [-4, 25, -4],
							"size": [8, 7, 8],
							"inflate": 0.15,
							"uv": {
								"north": {"uv": [48, 72], "uv_size": [-8, 7]},
								"east": {"uv": [56, 72], "uv_size": [-8, 7]},
								"south": {"uv": [64, 72], "uv_size": [-8, 7]},
								"west": {"uv": [40, 72], "uv_size": [-8, 7]},
								"up": {"uv": [48, 64], "uv_size": [-8, 8]}
							}
						},
						{
							"origin": [-4, 26, -4],
							"size": [8, 6, 8],
							"inflate": 0.05,
							"uv": {
								"north": {"uv": [16, 72], "uv_size": [-8, 6]},
								"east": {"uv": [24, 72], "uv_size": [-8, 6]},
								"south": {"uv": [32, 72], "uv_size": [-8, 6]},
								"west": {"uv": [8, 72], "uv_size": [-8, 6]},
								"up": {"uv": [16, 64], "uv_size": [-8, 8]}
							}
						},
						{
							"origin": [-4, 26, -4],
							"size": [8, 1, 8],
							"inflate": 0.045,
							"uv": {
								"north": {"uv": [16, 72], "uv_size": [-8, 7]},
								"east": {"uv": [24, 72], "uv_size": [-8, 7]},
								"south": {"uv": [32, 72], "uv_size": [-8, 7]},
								"west": {"uv": [8, 72], "uv_size": [-8, 7]},
								"up": {"uv": [16, 64], "uv_size": [-8, 8]}
							}
						},
						{
							"origin": [-4, 25, -4],
							"size": [1, 1, 1],
							"inflate": -0.05,
							"uv": {
								"north": {"uv": [6, 78], "uv_size": [1, 1]},
								"east": {"uv": [6, 78], "uv_size": [1, 1]},
								"south": {"uv": [6, 78], "uv_size": [1, 1]},
								"west": {"uv": [6, 78], "uv_size": [1, 1]},
								"up": {"uv": [7, 79], "uv_size": [-1, -1]},
								"down": {"uv": [7, 79], "uv_size": [-1, -1]}
							}
						},
						{
							"origin": [-2, 25, -4],
							"size": [1, 1, 1],
							"inflate": -0.05,
							"uv": {
								"north": {"uv": [6, 78], "uv_size": [1, 1]},
								"east": {"uv": [6, 78], "uv_size": [1, 1]},
								"south": {"uv": [6, 78], "uv_size": [1, 1]},
								"west": {"uv": [6, 78], "uv_size": [1, 1]},
								"up": {"uv": [7, 79], "uv_size": [-1, -1]},
								"down": {"uv": [7, 79], "uv_size": [-1, -1]}
							}
						},
						{
							"origin": [0, 25, -4],
							"size": [1, 1, 1],
							"inflate": -0.05,
							"uv": {
								"north": {"uv": [6, 78], "uv_size": [1, 1]},
								"east": {"uv": [6, 78], "uv_size": [1, 1]},
								"south": {"uv": [6, 78], "uv_size": [1, 1]},
								"west": {"uv": [6, 78], "uv_size": [1, 1]},
								"up": {"uv": [7, 79], "uv_size": [-1, -1]},
								"down": {"uv": [7, 79], "uv_size": [-1, -1]}
							}
						},
						{
							"origin": [2, 25, -4],
							"size": [1, 1, 1],
							"inflate": -0.05,
							"uv": {
								"north": {"uv": [6, 78], "uv_size": [1, 1]},
								"east": {"uv": [6, 78], "uv_size": [1, 1]},
								"south": {"uv": [6, 78], "uv_size": [1, 1]},
								"west": {"uv": [6, 78], "uv_size": [1, 1]},
								"up": {"uv": [7, 79], "uv_size": [-1, -1]},
								"down": {"uv": [7, 79], "uv_size": [-1, -1]}
							}
						},
						{
							"origin": [3, 25, -3],
							"size": [1, 1, 1],
							"inflate": -0.05,
							"uv": {
								"north": {"uv": [6, 78], "uv_size": [1, 1]},
								"east": {"uv": [6, 78], "uv_size": [1, 1]},
								"south": {"uv": [6, 78], "uv_size": [1, 1]},
								"west": {"uv": [6, 78], "uv_size": [1, 1]},
								"up": {"uv": [7, 79], "uv_size": [-1, -1]},
								"down": {"uv": [7, 79], "uv_size": [-1, -1]}
							}
						},
						{
							"origin": [3, 25, -1],
							"size": [1, 1, 1],
							"inflate": -0.05,
							"uv": {
								"north": {"uv": [6, 78], "uv_size": [1, 1]},
								"east": {"uv": [6, 78], "uv_size": [1, 1]},
								"south": {"uv": [6, 78], "uv_size": [1, 1]},
								"west": {"uv": [6, 78], "uv_size": [1, 1]},
								"up": {"uv": [7, 79], "uv_size": [-1, -1]},
								"down": {"uv": [7, 79], "uv_size": [-1, -1]}
							}
						},
						{
							"origin": [3, 25, 1],
							"size": [1, 1, 1],
							"inflate": -0.05,
							"uv": {
								"north": {"uv": [6, 78], "uv_size": [1, 1]},
								"east": {"uv": [6, 78], "uv_size": [1, 1]},
								"south": {"uv": [6, 78], "uv_size": [1, 1]},
								"west": {"uv": [6, 78], "uv_size": [1, 1]},
								"up": {"uv": [7, 79], "uv_size": [-1, -1]},
								"down": {"uv": [7, 79], "uv_size": [-1, -1]}
							}
						},
						{
							"origin": [-4, 25, -2],
							"size": [1, 1, 1],
							"inflate": -0.05,
							"uv": {
								"north": {"uv": [6, 78], "uv_size": [1, 1]},
								"east": {"uv": [6, 78], "uv_size": [1, 1]},
								"south": {"uv": [6, 78], "uv_size": [1, 1]},
								"west": {"uv": [6, 78], "uv_size": [1, 1]},
								"up": {"uv": [7, 79], "uv_size": [-1, -1]},
								"down": {"uv": [7, 79], "uv_size": [-1, -1]}
							}
						},
						{
							"origin": [-4, 25, 0],
							"size": [1, 1, 1],
							"inflate": -0.05,
							"uv": {
								"north": {"uv": [6, 78], "uv_size": [1, 1]},
								"east": {"uv": [6, 78], "uv_size": [1, 1]},
								"south": {"uv": [6, 78], "uv_size": [1, 1]},
								"west": {"uv": [6, 78], "uv_size": [1, 1]},
								"up": {"uv": [7, 79], "uv_size": [-1, -1]},
								"down": {"uv": [7, 79], "uv_size": [-1, -1]}
							}
						}
					]
				},
				{
					"name": "jaww",
					"parent": "cover8",
					"pivot": [0, 25, 3],
					"cubes": [
						{
							"origin": [-4, 24, -4],
							"size": [8, 0, 8],
							"inflate": 0.1,
							"uv": {
								"down": {"uv": [24, 72], "uv_size": [-8, -8]}
							}
						},
						{
							"origin": [-4, 24, 1],
							"size": [1, 1, 1],
							"inflate": -0.05,
							"uv": {
								"north": {"uv": [6, 78], "uv_size": [1, 1]},
								"east": {"uv": [6, 78], "uv_size": [1, 1]},
								"south": {"uv": [6, 78], "uv_size": [1, 1]},
								"west": {"uv": [6, 78], "uv_size": [1, 1]},
								"up": {"uv": [7, 79], "uv_size": [-1, -1]},
								"down": {"uv": [7, 79], "uv_size": [-1, -1]}
							}
						},
						{
							"origin": [-4, 24, -1],
							"size": [1, 1, 1],
							"inflate": -0.05,
							"uv": {
								"north": {"uv": [6, 78], "uv_size": [1, 1]},
								"east": {"uv": [6, 78], "uv_size": [1, 1]},
								"south": {"uv": [6, 78], "uv_size": [1, 1]},
								"west": {"uv": [6, 78], "uv_size": [1, 1]},
								"up": {"uv": [7, 79], "uv_size": [-1, -1]},
								"down": {"uv": [7, 79], "uv_size": [-1, -1]}
							}
						},
						{
							"origin": [-4, 24, -3],
							"size": [1, 1, 1],
							"inflate": -0.05,
							"uv": {
								"north": {"uv": [6, 78], "uv_size": [1, 1]},
								"east": {"uv": [6, 78], "uv_size": [1, 1]},
								"south": {"uv": [6, 78], "uv_size": [1, 1]},
								"west": {"uv": [6, 78], "uv_size": [1, 1]},
								"up": {"uv": [7, 79], "uv_size": [-1, -1]},
								"down": {"uv": [7, 79], "uv_size": [-1, -1]}
							}
						},
						{
							"origin": [-3, 24, -4],
							"size": [1, 1, 1],
							"inflate": -0.05,
							"uv": {
								"north": {"uv": [6, 78], "uv_size": [1, 1]},
								"east": {"uv": [6, 78], "uv_size": [1, 1]},
								"south": {"uv": [6, 78], "uv_size": [1, 1]},
								"west": {"uv": [6, 78], "uv_size": [1, 1]},
								"up": {"uv": [7, 79], "uv_size": [-1, -1]},
								"down": {"uv": [7, 79], "uv_size": [-1, -1]}
							}
						},
						{
							"origin": [-1, 24, -4],
							"size": [1, 1, 1],
							"inflate": -0.05,
							"uv": {
								"north": {"uv": [6, 78], "uv_size": [1, 1]},
								"east": {"uv": [6, 78], "uv_size": [1, 1]},
								"south": {"uv": [6, 78], "uv_size": [1, 1]},
								"west": {"uv": [6, 78], "uv_size": [1, 1]},
								"up": {"uv": [7, 79], "uv_size": [-1, -1]},
								"down": {"uv": [7, 79], "uv_size": [-1, -1]}
							}
						},
						{
							"origin": [1, 24, -4],
							"size": [1, 1, 1],
							"inflate": -0.05,
							"uv": {
								"north": {"uv": [6, 78], "uv_size": [1, 1]},
								"east": {"uv": [6, 78], "uv_size": [1, 1]},
								"south": {"uv": [6, 78], "uv_size": [1, 1]},
								"west": {"uv": [6, 78], "uv_size": [1, 1]},
								"up": {"uv": [7, 79], "uv_size": [-1, -1]},
								"down": {"uv": [7, 79], "uv_size": [-1, -1]}
							}
						},
						{
							"origin": [3, 24, -4],
							"size": [1, 1, 1],
							"inflate": -0.05,
							"uv": {
								"north": {"uv": [6, 78], "uv_size": [1, 1]},
								"east": {"uv": [6, 78], "uv_size": [1, 1]},
								"south": {"uv": [6, 78], "uv_size": [1, 1]},
								"west": {"uv": [6, 78], "uv_size": [1, 1]},
								"up": {"uv": [7, 79], "uv_size": [-1, -1]},
								"down": {"uv": [7, 79], "uv_size": [-1, -1]}
							}
						},
						{
							"origin": [3, 24, -2],
							"size": [1, 1, 1],
							"inflate": -0.05,
							"uv": {
								"north": {"uv": [6, 78], "uv_size": [1, 1]},
								"east": {"uv": [6, 78], "uv_size": [1, 1]},
								"south": {"uv": [6, 78], "uv_size": [1, 1]},
								"west": {"uv": [6, 78], "uv_size": [1, 1]},
								"up": {"uv": [7, 79], "uv_size": [-1, -1]},
								"down": {"uv": [7, 79], "uv_size": [-1, -1]}
							}
						},
						{
							"origin": [3, 24, 0],
							"size": [1, 1, 1],
							"inflate": -0.05,
							"uv": {
								"north": {"uv": [6, 78], "uv_size": [1, 1]},
								"east": {"uv": [6, 78], "uv_size": [1, 1]},
								"south": {"uv": [6, 78], "uv_size": [1, 1]},
								"west": {"uv": [6, 78], "uv_size": [1, 1]},
								"up": {"uv": [7, 79], "uv_size": [-1, -1]},
								"down": {"uv": [7, 79], "uv_size": [-1, -1]}
							}
						},
						{
							"origin": [-4, 24, 2],
							"size": [8, 2, 2],
							"inflate": 0.1,
							"uv": {
								"north": {"uv": [0, 0], "uv_size": [8, 1]},
								"east": {"uv": [22, 69], "uv_size": [2, 1]},
								"south": {"uv": [10, 69], "uv_size": [8, 1]},
								"west": {"uv": [17, 67], "uv_size": [2, 1]},
								"up": {"uv": [8, 2], "uv_size": [-8, -2]},
								"down": {"uv": [8, 2], "uv_size": [-8, -2]}
							}
						},
						{
							"origin": [-4, 24, -4],
							"size": [8, 0, 8],
							"inflate": 0.11,
							"uv": {
								"north": {"uv": [12, 68], "uv_size": [8, 1]},
								"east": {"uv": [22, 69], "uv_size": [2, 1]},
								"south": {"uv": [10, 69], "uv_size": [8, 0]},
								"west": {"uv": [17, 67], "uv_size": [2, 1]},
								"up": {"uv": [20, 67], "uv_size": [-8, -2]},
								"down": {"uv": [24, 75], "uv_size": [-8, -2]}
							}
						}
					]
				},
				{
					"name": "leftArm2",
					"parent": "body2",
					"pivot": [-5, 22, 0],
					"rotation": [15, 0, 10]
				},
				{
					"name": "leftArm",
					"parent": "leftArm2",
					"pivot": [-5, 22, 0],
					"cubes": [
						{
							"origin": [-6, 16, -1],
							"size": [2, 8, 2],
							"uv": {
								"north": {"uv": [42, 18], "uv_size": [2, 12]},
								"east": {"uv": [40, 18], "uv_size": [2, 12]},
								"south": {"uv": [46, 18], "uv_size": [2, 12]},
								"west": {"uv": [44, 18], "uv_size": [2, 12]},
								"up": {"uv": [42, 16], "uv_size": [2, 2]},
								"down": {"uv": [44, 18], "uv_size": [2, -2]}
							}
						}
					]
				},
				{
					"name": "leftArm3",
					"parent": "leftArm2",
					"pivot": [-6, 16, 0],
					"rotation": [-30, 0, 0]
				},
				{
					"name": "leftArm4",
					"parent": "leftArm3",
					"pivot": [-5, 20, 0],
					"cubes": [
						{
							"origin": [-6, 8, -1],
							"size": [2, 8, 2],
							"uv": {
								"north": {"uv": [42, 18], "uv_size": [2, 12]},
								"east": {"uv": [40, 18], "uv_size": [2, 12]},
								"south": {"uv": [46, 18], "uv_size": [2, 12]},
								"west": {"uv": [44, 18], "uv_size": [2, 12]},
								"up": {"uv": [42, 16], "uv_size": [2, 2]},
								"down": {"uv": [44, 18], "uv_size": [2, -2]}
							}
						}
					]
				},
				{
					"name": "cover4",
					"parent": "leftArm3",
					"pivot": [-6, 16, 0],
					"cubes": [
						{
							"origin": [-8, 8, -2],
							"size": [4, 8, 4],
							"inflate": 0.05,
							"uv": {
								"north": {"uv": [45, 67], "uv_size": [4, 12]},
								"east": {"uv": [41, 67], "uv_size": [4, 12]},
								"south": {"uv": [53, 67], "uv_size": [4, 12]},
								"west": {"uv": [49, 67], "uv_size": [4, 12]},
								"up": {"uv": [44, 80], "uv_size": [4, 4]},
								"down": {"uv": [48, 84], "uv_size": [4, -4]}
							}
						},
						{
							"origin": [-8, 8, -2],
							"size": [4, 8, 4],
							"inflate": 0.1,
							"uv": {
								"north": {"uv": [52, 116], "uv_size": [4, 12]},
								"east": {"uv": [48, 116], "uv_size": [4, 12]},
								"south": {"uv": [60, 116], "uv_size": [4, 12]},
								"west": {"uv": [56, 116], "uv_size": [4, 12]},
								"up": {"uv": [52, 112], "uv_size": [4, 4]},
								"down": {"uv": [56, 116], "uv_size": [4, -4]}
							}
						}
					]
				},
				{
					"name": "cover3",
					"parent": "leftArm2",
					"pivot": [-5, 22, 0],
					"cubes": [
						{
							"origin": [-8, 16, -2],
							"size": [4, 8, 4],
							"inflate": 0.1,
							"uv": {
								"north": {"uv": [52, 116], "uv_size": [4, 12]},
								"east": {"uv": [48, 116], "uv_size": [4, 12]},
								"south": {"uv": [60, 116], "uv_size": [4, 12]},
								"west": {"uv": [56, 116], "uv_size": [4, 12]},
								"up": {"uv": [52, 112], "uv_size": [4, 4]},
								"down": {"uv": [56, 116], "uv_size": [4, -4]}
							}
						},
						{
							"origin": [-8, 16, -2],
							"size": [4, 8, 4],
							"inflate": 0.05,
							"uv": {
								"north": {"uv": [45, 67], "uv_size": [4, 12]},
								"east": {"uv": [41, 67], "uv_size": [4, 12]},
								"south": {"uv": [53, 67], "uv_size": [4, 12]},
								"west": {"uv": [49, 67], "uv_size": [4, 12]},
								"up": {"uv": [44, 80], "uv_size": [4, 4]},
								"down": {"uv": [48, 84], "uv_size": [4, -4]}
							}
						}
					]
				},
				{
					"name": "rightArm2",
					"parent": "body2",
					"pivot": [5, 22, 0],
					"rotation": [15, 0, -10]
				},
				{
					"name": "cover",
					"parent": "rightArm2",
					"pivot": [5, 22, 0],
					"cubes": [
						{
							"origin": [4, 16, -2],
							"size": [4, 8, 4],
							"inflate": 0.05,
							"uv": {
								"north": {"uv": [49, 66], "uv_size": [-4, 12]},
								"east": {"uv": [53, 66], "uv_size": [-4, 12]},
								"south": {"uv": [57, 66], "uv_size": [-4, 12]},
								"west": {"uv": [45, 66], "uv_size": [-4, 12]},
								"up": {"uv": [48, 80], "uv_size": [-4, 4]},
								"down": {"uv": [52, 84], "uv_size": [-4, -4]}
							}
						},
						{
							"origin": [4, 16, -2],
							"size": [4, 8, 4],
							"inflate": 0.1,
							"uv": {
								"north": {"uv": [48, 100], "uv_size": [-4, 12]},
								"east": {"uv": [52, 100], "uv_size": [-4, 12]},
								"south": {"uv": [56, 100], "uv_size": [-4, 12]},
								"west": {"uv": [44, 100], "uv_size": [-4, 12]},
								"up": {"uv": [48, 96], "uv_size": [-4, 4]},
								"down": {"uv": [52, 100], "uv_size": [-4, -4]}
							}
						}
					]
				},
				{
					"name": "rightArm",
					"parent": "rightArm2",
					"pivot": [5, 22, 0],
					"cubes": [
						{
							"origin": [4, 16, -1],
							"size": [2, 8, 2],
							"uv": {
								"north": {"uv": [44, 18], "uv_size": [-2, 12]},
								"east": {"uv": [46, 18], "uv_size": [-2, 12]},
								"south": {"uv": [48, 18], "uv_size": [-2, 12]},
								"west": {"uv": [42, 18], "uv_size": [-2, 12]},
								"up": {"uv": [44, 16], "uv_size": [-2, 2]},
								"down": {"uv": [46, 18], "uv_size": [-2, -2]}
							}
						}
					]
				},
				{
					"name": "rightArm3",
					"parent": "rightArm2",
					"pivot": [6, 16, 0],
					"rotation": [-30, 0, 0]
				},
				{
					"name": "rightArm4",
					"parent": "rightArm3",
					"pivot": [5, 20, 0],
					"cubes": [
						{
							"origin": [4, 8, -1],
							"size": [2, 8, 2],
							"uv": {
								"north": {"uv": [44, 18], "uv_size": [-2, 12]},
								"east": {"uv": [46, 18], "uv_size": [-2, 12]},
								"south": {"uv": [48, 18], "uv_size": [-2, 12]},
								"west": {"uv": [42, 18], "uv_size": [-2, 12]},
								"up": {"uv": [44, 16], "uv_size": [-2, 2]},
								"down": {"uv": [46, 18], "uv_size": [-2, -2]}
							}
						}
					]
				},
				{
					"name": "cover2",
					"parent": "rightArm3",
					"pivot": [6, 16, 0],
					"cubes": [
						{
							"origin": [4, 8, -2],
							"size": [4, 8, 4],
							"inflate": 0.05,
							"uv": {
								"north": {"uv": [49, 66], "uv_size": [-4, 12]},
								"east": {"uv": [53, 66], "uv_size": [-4, 12]},
								"south": {"uv": [57, 66], "uv_size": [-4, 12]},
								"west": {"uv": [45, 66], "uv_size": [-4, 12]},
								"up": {"uv": [48, 80], "uv_size": [-4, 4]},
								"down": {"uv": [52, 84], "uv_size": [-4, -4]}
							}
						},
						{
							"origin": [4, 8, -2],
							"size": [4, 8, 4],
							"inflate": 0.1,
							"uv": {
								"north": {"uv": [48, 100], "uv_size": [-4, 12]},
								"east": {"uv": [52, 100], "uv_size": [-4, 12]},
								"south": {"uv": [56, 100], "uv_size": [-4, 12]},
								"west": {"uv": [44, 100], "uv_size": [-4, 12]},
								"up": {"uv": [48, 96], "uv_size": [-4, 4]},
								"down": {"uv": [52, 100], "uv_size": [-4, -4]}
							}
						}
					]
				},
				{
					"name": "body",
					"parent": "body2",
					"pivot": [0, 24, -15],
					"cubes": [
						{
							"origin": [-4, 12, -2],
							"size": [8, 12, 4],
							"uv": {
								"north": {"uv": [28, 20], "uv_size": [-8, 12]},
								"east": {"uv": [32, 20], "uv_size": [-4, 12]},
								"south": {"uv": [40, 20], "uv_size": [-8, 12]},
								"west": {"uv": [20, 20], "uv_size": [-4, 12]},
								"up": {"uv": [28, 16], "uv_size": [-8, 4]},
								"down": {"uv": [36, 20], "uv_size": [-8, -4]}
							}
						}
					]
				},
				{
					"name": "bone",
					"parent": "body2",
					"pivot": [2, 22, 2],
					"rotation": [20, 30, 0],
					"cubes": [
						{
							"origin": [0, 20, 2],
							"size": [4, 4, 20],
							"uv": {
								"north": {"uv": [22, 72], "uv_size": [4, 4]},
								"east": {"uv": [22, 72], "uv_size": [20, 4]},
								"south": {"uv": [22, 72], "uv_size": [4, 4]},
								"west": {"uv": [22, 72], "uv_size": [20, 4]},
								"up": {"uv": [26, 92], "uv_size": [-4, -20]},
								"down": {"uv": [26, 92], "uv_size": [-4, -20]}
							}
						}
					]
				},
				{
					"name": "bone2",
					"parent": "bone",
					"pivot": [2, 22, 22],
					"rotation": [0, 30, 0],
					"cubes": [
						{
							"origin": [0, 20, 21],
							"size": [4, 4, 20],
							"inflate": -0.5,
							"uv": {
								"north": {"uv": [22, 72], "uv_size": [4, 4]},
								"east": {"uv": [22, 72], "uv_size": [20, 4]},
								"south": {"uv": [22, 72], "uv_size": [4, 4]},
								"west": {"uv": [22, 72], "uv_size": [20, 4]},
								"up": {"uv": [26, 92], "uv_size": [-4, -20]},
								"down": {"uv": [26, 92], "uv_size": [-4, -20]}
							}
						}
					]
				},
				{
					"name": "bone3",
					"parent": "bone2",
					"pivot": [2, 22, 40],
					"rotation": [0, 40, 0],
					"cubes": [
						{
							"origin": [0, 20, 39],
							"size": [4, 4, 20],
							"inflate": -1,
							"uv": {
								"north": {"uv": [22, 72], "uv_size": [4, 4]},
								"east": {"uv": [22, 72], "uv_size": [20, 4]},
								"south": {"uv": [22, 72], "uv_size": [4, 4]},
								"west": {"uv": [22, 72], "uv_size": [20, 4]},
								"up": {"uv": [26, 92], "uv_size": [-4, -20]},
								"down": {"uv": [26, 92], "uv_size": [-4, -20]}
							}
						}
					]
				},
				{
					"name": "bone4",
					"parent": "bone3",
					"pivot": [2, 22, 58],
					"rotation": [0, 40, 0],
					"cubes": [
						{
							"origin": [0, 20, 56],
							"size": [4, 4, 20],
							"inflate": -1.5,
							"uv": {
								"north": {"uv": [22, 72], "uv_size": [4, 4]},
								"east": {"uv": [22, 72], "uv_size": [20, 4]},
								"south": {"uv": [22, 72], "uv_size": [4, 4]},
								"west": {"uv": [22, 72], "uv_size": [20, 4]},
								"up": {"uv": [26, 92], "uv_size": [-4, -20]},
								"down": {"uv": [26, 92], "uv_size": [-4, -20]}
							}
						}
					]
				},
				{
					"name": "bone13",
					"parent": "body2",
					"pivot": [2, 16, 2],
					"rotation": [-10, 30, 0],
					"cubes": [
						{
							"origin": [0, 14, 2],
							"size": [4, 4, 20],
							"uv": {
								"north": {"uv": [22, 72], "uv_size": [4, 4]},
								"east": {"uv": [22, 72], "uv_size": [20, 4]},
								"south": {"uv": [22, 72], "uv_size": [4, 4]},
								"west": {"uv": [22, 72], "uv_size": [20, 4]},
								"up": {"uv": [26, 92], "uv_size": [-4, -20]},
								"down": {"uv": [26, 92], "uv_size": [-4, -20]}
							}
						}
					]
				},
				{
					"name": "bone14",
					"parent": "bone13",
					"pivot": [2, 16, 22],
					"rotation": [0, 30, 0],
					"cubes": [
						{
							"origin": [0, 14, 21],
							"size": [4, 4, 20],
							"inflate": -0.5,
							"uv": {
								"north": {"uv": [22, 72], "uv_size": [4, 4]},
								"east": {"uv": [22, 72], "uv_size": [20, 4]},
								"south": {"uv": [22, 72], "uv_size": [4, 4]},
								"west": {"uv": [22, 72], "uv_size": [20, 4]},
								"up": {"uv": [26, 92], "uv_size": [-4, -20]},
								"down": {"uv": [26, 92], "uv_size": [-4, -20]}
							}
						}
					]
				},
				{
					"name": "bone15",
					"parent": "bone14",
					"pivot": [2, 16, 40],
					"rotation": [0, 40, 0],
					"cubes": [
						{
							"origin": [0, 14, 39],
							"size": [4, 4, 20],
							"inflate": -1,
							"uv": {
								"north": {"uv": [22, 72], "uv_size": [4, 4]},
								"east": {"uv": [22, 72], "uv_size": [20, 4]},
								"south": {"uv": [22, 72], "uv_size": [4, 4]},
								"west": {"uv": [22, 72], "uv_size": [20, 4]},
								"up": {"uv": [26, 92], "uv_size": [-4, -20]},
								"down": {"uv": [26, 92], "uv_size": [-4, -20]}
							}
						}
					]
				},
				{
					"name": "bone16",
					"parent": "bone15",
					"pivot": [2, 16, 58],
					"rotation": [0, 40, 0],
					"cubes": [
						{
							"origin": [0, 14, 56],
							"size": [4, 4, 20],
							"inflate": -1.5,
							"uv": {
								"north": {"uv": [22, 72], "uv_size": [4, 4]},
								"east": {"uv": [22, 72], "uv_size": [20, 4]},
								"south": {"uv": [22, 72], "uv_size": [4, 4]},
								"west": {"uv": [22, 72], "uv_size": [20, 4]},
								"up": {"uv": [26, 92], "uv_size": [-4, -20]},
								"down": {"uv": [26, 92], "uv_size": [-4, -20]}
							}
						}
					]
				},
				{
					"name": "bone5",
					"parent": "body2",
					"pivot": [-2, 22, 2],
					"rotation": [20, -30, 0],
					"cubes": [
						{
							"origin": [-4, 20, 2],
							"size": [4, 4, 20],
							"uv": {
								"north": {"uv": [22, 73], "uv_size": [4, 4]},
								"east": {"uv": [22, 73], "uv_size": [20, 4]},
								"south": {"uv": [22, 73], "uv_size": [4, 4]},
								"west": {"uv": [22, 73], "uv_size": [20, 4]},
								"up": {"uv": [26, 93], "uv_size": [-4, -20]},
								"down": {"uv": [26, 93], "uv_size": [-4, -20]}
							}
						}
					]
				},
				{
					"name": "bone6",
					"parent": "bone5",
					"pivot": [-2, 22, 22],
					"rotation": [0, -30, 0],
					"cubes": [
						{
							"origin": [-4, 20, 21],
							"size": [4, 4, 20],
							"inflate": -0.5,
							"uv": {
								"north": {"uv": [22, 73], "uv_size": [4, 4]},
								"east": {"uv": [22, 73], "uv_size": [20, 4]},
								"south": {"uv": [22, 73], "uv_size": [4, 4]},
								"west": {"uv": [22, 73], "uv_size": [20, 4]},
								"up": {"uv": [26, 93], "uv_size": [-4, -20]},
								"down": {"uv": [26, 93], "uv_size": [-4, -20]}
							}
						}
					]
				},
				{
					"name": "bone7",
					"parent": "bone6",
					"pivot": [-2, 22, 40],
					"rotation": [0, -40, 0],
					"cubes": [
						{
							"origin": [-4, 20, 39],
							"size": [4, 4, 20],
							"inflate": -1,
							"uv": {
								"north": {"uv": [22, 73], "uv_size": [4, 4]},
								"east": {"uv": [22, 73], "uv_size": [20, 4]},
								"south": {"uv": [22, 73], "uv_size": [4, 4]},
								"west": {"uv": [22, 73], "uv_size": [20, 4]},
								"up": {"uv": [26, 93], "uv_size": [-4, -20]},
								"down": {"uv": [26, 93], "uv_size": [-4, -20]}
							}
						}
					]
				},
				{
					"name": "bone8",
					"parent": "bone7",
					"pivot": [-2, 22, 58],
					"rotation": [0, -40, 0],
					"cubes": [
						{
							"origin": [-4, 20, 56],
							"size": [4, 4, 20],
							"inflate": -1.5,
							"uv": {
								"north": {"uv": [22, 73], "uv_size": [4, 4]},
								"east": {"uv": [22, 73], "uv_size": [20, 4]},
								"south": {"uv": [22, 73], "uv_size": [4, 4]},
								"west": {"uv": [22, 73], "uv_size": [20, 4]},
								"up": {"uv": [26, 93], "uv_size": [-4, -20]},
								"down": {"uv": [26, 93], "uv_size": [-4, -20]}
							}
						}
					]
				},
				{
					"name": "bone9",
					"parent": "body2",
					"pivot": [-2, 16, 2],
					"rotation": [-10, -30, 0],
					"cubes": [
						{
							"origin": [-4, 14, 2],
							"size": [4, 4, 20],
							"uv": {
								"north": {"uv": [22, 73], "uv_size": [4, 4]},
								"east": {"uv": [22, 73], "uv_size": [20, 4]},
								"south": {"uv": [22, 73], "uv_size": [4, 4]},
								"west": {"uv": [22, 73], "uv_size": [20, 4]},
								"up": {"uv": [26, 93], "uv_size": [-4, -20]},
								"down": {"uv": [26, 93], "uv_size": [-4, -20]}
							}
						}
					]
				},
				{
					"name": "bone10",
					"parent": "bone9",
					"pivot": [-2, 16, 22],
					"rotation": [0, -30, 0],
					"cubes": [
						{
							"origin": [-4, 14, 21],
							"size": [4, 4, 20],
							"inflate": -0.5,
							"uv": {
								"north": {"uv": [22, 73], "uv_size": [4, 4]},
								"east": {"uv": [22, 73], "uv_size": [20, 4]},
								"south": {"uv": [22, 73], "uv_size": [4, 4]},
								"west": {"uv": [22, 73], "uv_size": [20, 4]},
								"up": {"uv": [26, 93], "uv_size": [-4, -20]},
								"down": {"uv": [26, 93], "uv_size": [-4, -20]}
							}
						}
					]
				},
				{
					"name": "bone11",
					"parent": "bone10",
					"pivot": [-2, 16, 40],
					"rotation": [0, -40, 0],
					"cubes": [
						{
							"origin": [-4, 14, 39],
							"size": [4, 4, 20],
							"inflate": -1,
							"uv": {
								"north": {"uv": [22, 73], "uv_size": [4, 4]},
								"east": {"uv": [22, 73], "uv_size": [20, 4]},
								"south": {"uv": [22, 73], "uv_size": [4, 4]},
								"west": {"uv": [22, 73], "uv_size": [20, 4]},
								"up": {"uv": [26, 93], "uv_size": [-4, -20]},
								"down": {"uv": [26, 93], "uv_size": [-4, -20]}
							}
						}
					]
				},
				{
					"name": "bone12",
					"parent": "bone11",
					"pivot": [-2, 16, 58],
					"rotation": [0, -40, 0],
					"cubes": [
						{
							"origin": [-4, 14, 56],
							"size": [4, 4, 20],
							"inflate": -1.5,
							"uv": {
								"north": {"uv": [22, 73], "uv_size": [4, 4]},
								"east": {"uv": [22, 73], "uv_size": [20, 4]},
								"south": {"uv": [22, 73], "uv_size": [4, 4]},
								"west": {"uv": [22, 73], "uv_size": [20, 4]},
								"up": {"uv": [26, 93], "uv_size": [-4, -20]},
								"down": {"uv": [26, 93], "uv_size": [-4, -20]}
							}
						}
					]
				}
			]
		},
		{
			"description": {
				"identifier": "geometry.stormborne.beam",
				"texture_width": 64,
				"texture_height": 128,
				"visible_bounds_width": 81,
				"visible_bounds_height": 3.5,
				"visible_bounds_offset": [0, 1.25, 0]
			},
			"bones": [
				{
					"name": "hoomnans2",
					"pivot": [0, 0, 0]
				},
				{
					"name": "rightLeg2",
					"parent": "hoomnans2",
					"pivot": [1.9, 12, 0]
				},
				{
					"name": "rightLeg",
					"parent": "rightLeg2",
					"pivot": [2, 12, 0]
				},
				{
					"name": "cover6",
					"parent": "rightLeg2",
					"pivot": [1.9, 12, 0]
				},
				{
					"name": "leftLeg2",
					"parent": "hoomnans2",
					"pivot": [-1.9, 12, 0]
				},
				{
					"name": "leftLeg",
					"parent": "leftLeg2",
					"pivot": [-2, 12, 0]
				},
				{
					"name": "cover7",
					"parent": "leftLeg2",
					"pivot": [-1.9, 12, 0]
				},
				{
					"name": "body2",
					"parent": "hoomnans2",
					"pivot": [0, 12, 0]
				},
				{
					"name": "cover5",
					"parent": "body2",
					"pivot": [0, 12, 0]
				},
				{
					"name": "head2",
					"parent": "body2",
					"pivot": [0, 24, 0]
				},
				{
					"name": "head",
					"parent": "head2",
					"pivot": [0, 24, 0]
				},
				{
					"name": "cover8",
					"parent": "head2",
					"pivot": [0, 24, 0],
					"cubes": [
						{
							"origin": [-1, 28, -656],
							"size": [2, 2, 652],
							"uv": {
								"north": {
									"uv": [0, 0],
									"uv_size": [2, 2]
								},
								"east": {
									"uv": [0, 0],
									"uv_size": [2, 2]
								},
								"south": {
									"uv": [0, 0],
									"uv_size": [2, 2]
								},
								"west": {
									"uv": [0, 0],
									"uv_size": [2, 2]
								},
								"up": {
									"uv": [2, 2],
									"uv_size": [-2, -2]
								},
								"down": {
									"uv": [2, 2],
									"uv_size": [-2, -2]
								}
							}
						}
					]
				},
				{
					"name": "jaww",
					"parent": "cover8",
					"pivot": [0, 25, 4]
				},
				{
					"name": "leftArm2",
					"parent": "body2",
					"pivot": [-5, 22, 0],
					"rotation": [15, 0, 10]
				},
				{
					"name": "leftArm",
					"parent": "leftArm2",
					"pivot": [-5, 22, 0]
				},
				{
					"name": "leftArm3",
					"parent": "leftArm2",
					"pivot": [-6, 16, 0],
					"rotation": [-30, 0, 0]
				},
				{
					"name": "leftArm4",
					"parent": "leftArm3",
					"pivot": [-5, 20, 0]
				},
				{
					"name": "cover4",
					"parent": "leftArm3",
					"pivot": [-6, 16, 0]
				},
				{
					"name": "cover3",
					"parent": "leftArm2",
					"pivot": [-5, 22, 0]
				},
				{
					"name": "rightArm2",
					"parent": "body2",
					"pivot": [5, 22, 0],
					"rotation": [15, 0, -10]
				},
				{
					"name": "cover",
					"parent": "rightArm2",
					"pivot": [5, 22, 0]
				},
				{
					"name": "rightArm",
					"parent": "rightArm2",
					"pivot": [5, 22, 0]
				},
				{
					"name": "rightArm3",
					"parent": "rightArm2",
					"pivot": [6, 16, 0],
					"rotation": [-30, 0, 0]
				},
				{
					"name": "rightArm4",
					"parent": "rightArm3",
					"pivot": [5, 20, 0]
				},
				{
					"name": "cover2",
					"parent": "rightArm3",
					"pivot": [6, 16, 0]
				},
				{
					"name": "body",
					"parent": "body2",
					"pivot": [0, 24, -15]
				},
				{
					"name": "bone",
					"parent": "body2",
					"pivot": [2, 22, 2],
					"rotation": [20, 30, 0]
				},
				{
					"name": "bone2",
					"parent": "bone",
					"pivot": [2, 22, 22],
					"rotation": [0, 30, 0]
				},
				{
					"name": "bone3",
					"parent": "bone2",
					"pivot": [2, 22, 40],
					"rotation": [0, 40, 0]
				},
				{
					"name": "bone4",
					"parent": "bone3",
					"pivot": [2, 22, 58],
					"rotation": [0, 40, 0]
				},
				{
					"name": "bone13",
					"parent": "body2",
					"pivot": [2, 16, 2],
					"rotation": [-10, 30, 0]
				},
				{
					"name": "bone14",
					"parent": "bone13",
					"pivot": [2, 16, 22],
					"rotation": [0, 30, 0]
				},
				{
					"name": "bone15",
					"parent": "bone14",
					"pivot": [2, 16, 40],
					"rotation": [0, 40, 0]
				},
				{
					"name": "bone16",
					"parent": "bone15",
					"pivot": [2, 16, 58],
					"rotation": [0, 40, 0]
				},
				{
					"name": "bone5",
					"parent": "body2",
					"pivot": [-2, 22, 2],
					"rotation": [20, -30, 0]
				},
				{
					"name": "bone6",
					"parent": "bone5",
					"pivot": [-2, 22, 22],
					"rotation": [0, -30, 0]
				},
				{
					"name": "bone7",
					"parent": "bone6",
					"pivot": [-2, 22, 40],
					"rotation": [0, -40, 0]
				},
				{
					"name": "bone8",
					"parent": "bone7",
					"pivot": [-2, 22, 58],
					"rotation": [0, -40, 0]
				},
				{
					"name": "bone9",
					"parent": "body2",
					"pivot": [-2, 16, 2],
					"rotation": [-10, -30, 0]
				},
				{
					"name": "bone10",
					"parent": "bone9",
					"pivot": [-2, 16, 22],
					"rotation": [0, -30, 0]
				},
				{
					"name": "bone11",
					"parent": "bone10",
					"pivot": [-2, 16, 40],
					"rotation": [0, -40, 0]
				},
				{
					"name": "bone12",
					"parent": "bone11",
					"pivot": [-2, 16, 58],
					"rotation": [0, -40, 0]
				}
			]
		}
	]
}