{
	"format_version": "1.12.0",
	"minecraft:geometry": [
		{
			"description": {
				"identifier": "geometry.storm_arrow",
				"texture_width": 64,
				"texture_height": 64,
				"visible_bounds_width": 3,
				"visible_bounds_height": 1.5,
				"visible_bounds_offset": [0, 0.25, 0]
			},
			"bones": [
				{
					"name": "body",
					"pivot": [0, 0, 0]
				},
				{
					"name": "bone",
					"parent": "body",
					"pivot": [0, 0, 0],
					"rotation": [0, 0, -180],
					"cubes": [
						{"origin": [0, -3, -11], "size": [0, 6, 22], "pivot": [0, 0, 0], "rotation": [0, 0, 45], "uv": [0, 0]},
						{"origin": [0, -3, -11], "size": [0, 6, 22], "pivot": [0, 0, 0], "rotation": [0, 0, -45], "uv": [0, 0]}
					]
				}
			]
		}
	]
}