{
	"format_version": "1.12.0",
	"minecraft:geometry": [
		{
			"description": {
				"identifier": "geometry.void_nuke",
				"texture_width": 16,
				"texture_height": 16,
				"visible_bounds_width": 2,
				"visible_bounds_height": 3,
				"visible_bounds_offset": [0, 1.5, 0]
			},
			"bones": [
				{
					"name": "bone",
					"pivot": [0, 0, 0],
					"cubes": [
						{
							"origin": [-8, 0, -8],
							"size": [16, 16, 16],
							"uv": {
								"north": {"uv": [0, 0], "uv_size": [16, 16]},
								"east": {"uv": [0, 0], "uv_size": [16, 16]},
								"south": {"uv": [0, 0], "uv_size": [16, 16]},
								"west": {"uv": [0, 0], "uv_size": [16, 16]},
								"up": {"uv": [16, 16], "uv_size": [-16, -16]},
								"down": {"uv": [16, 16], "uv_size": [-16, -16]}
							}
						}
					]
				},
				{
					"name": "bone2",
					"parent": "bone",
					"pivot": [0, 8, 0],
					"cubes": [
						{
							"origin": [-8, 0, -8],
							"size": [16, 16, 16],
							"inflate": -1,
							"uv": {
								"north": {"uv": [6, 2], "uv_size": [3, 3]},
								"east": {"uv": [6, 2], "uv_size": [3, 3]},
								"south": {"uv": [6, 2], "uv_size": [3, 3]},
								"west": {"uv": [6, 2], "uv_size": [3, 3]},
								"up": {"uv": [9, 5], "uv_size": [-3, -3]},
								"down": {"uv": [9, 5], "uv_size": [-3, -3]}
							}
						}
					]
				}
			]
		}
	]
}