{
	"format_version": "1.10.0",
	"geometry.what_have_i_done": {
		"texturewidth": 64,
		"textureheight": 64,
		"visible_bounds_width": 2,
		"visible_bounds_height": 3,
		"visible_bounds_offset": [0, 1.5, 0],
		"bones": [
			{
				"name": "root",
				"pivot": [0, 0, 0]
			},
			{
				"name": "body",
				"parent": "root",
				"pivot": [0, 12, 0]
			},
			{
				"name": "body3",
				"parent": "body",
				"pivot": [0, 24, 0],
				"cubes": [
					{"origin": [-3, 12, -2], "size": [6, 12, 3], "uv": [18, 17]}
				]
			},
			{
				"name": "bone3",
				"parent": "body3",
				"pivot": [0, 14, 1.5],
				"rotation": [10, 0, 0],
				"cubes": [
					{"origin": [-3, 12, -1], "size": [6, 8, 3], "uv": [32, 20], "inflate": -0.1}
				]
			},
			{
				"name": "bone6",
				"parent": "body3",
				"pivot": [0, 14, 2.5],
				"rotation": [32.5, 0, 0],
				"cubes": [
					{"origin": [-3, 13, 0.2], "size": [6, 4, 3], "uv": [32, 20], "inflate": -0.2}
				]
			},
			{
				"name": "bone4",
				"parent": "body3",
				"pivot": [0, 10, 1.5],
				"rotation": [0, 10, -10],
				"cubes": [
					{"origin": [0, 10, -1], "size": [4, 4, 5], "uv": [32, 20], "inflate": -0.15}
				]
			},
			{
				"name": "bone5",
				"parent": "body3",
				"pivot": [0, 10, 1.5],
				"rotation": [0, -10, 7.5],
				"cubes": [
					{"origin": [-4, 10, -1], "size": [4, 4, 5], "uv": [20, 52], "inflate": -0.15}
				]
			},
			{
				"name": "bone",
				"parent": "body3",
				"pivot": [-3, 11, 0],
				"rotation": [0, 0, 10],
				"cubes": [
					{"origin": [-4, 11, -2], "size": [1, 8, 3], "uv": [35, 20], "inflate": -0.05}
				]
			},
			{
				"name": "bone2",
				"parent": "body3",
				"pivot": [3, 11, 0],
				"rotation": [180, 0, 170],
				"cubes": [
					{"origin": [2, 11, -1], "size": [1, 8, 3], "uv": [35, 20], "inflate": -0.05}
				]
			},
			{
				"name": "head",
				"parent": "body3",
				"pivot": [0, 24, 0],
				"cubes": [
					{"origin": [-4, 24, -4], "size": [8, 8, 8], "uv": [0, 0], "inflate": -0.2}
				]
			},
			{
				"name": "hat",
				"parent": "head",
				"pivot": [0, 24, 0],
				"cubes": [
					{"origin": [-4, 24, -4], "size": [8, 8, 8], "uv": [32, 0]},
					{"origin": [-4, 17, 3], "size": [8, 8, 1], "uv": [46, 7], "inflate": -0.1}
				]
			},
			{
				"name": "left_arm",
				"parent": "body3",
				"pivot": [4, 21.5, 0],
				"rotation": [0, 0, -10],
				"cubes": [
					{"origin": [3, 11.5, -2], "size": [3, 12, 4], "uv": [32, 48], "inflate": -0.2},
					{"origin": [3, 11.5, -2], "size": [3, 12, 4], "uv": [48, 48]}
				]
			},
			{
				"name": "leftItem",
				"parent": "left_arm",
				"pivot": [5, 14.5, 1]
			},
			{
				"name": "right_arm",
				"parent": "body3",
				"pivot": [-4, 21.5, 0],
				"rotation": [0, 0, 10],
				"cubes": [
					{"origin": [-6, 11.5, -2], "size": [3, 12, 4], "uv": [40, 16], "inflate": -0.2},
					{"origin": [-6, 11.5, -2], "size": [3, 12, 4], "uv": [40, 32]}
				]
			},
			{
				"name": "rightItem",
				"parent": "right_arm",
				"pivot": [-5, 14.5, 1],
				"locators": {
					"lead_hold": [-5, 14.5, 1]
				}
			},
			{
				"name": "jacket",
				"parent": "body3",
				"pivot": [-22, 24, 0]
			},
			{
				"name": "cape",
				"parent": "body3",
				"pivot": [0, 24, -3]
			},
			{
				"name": "abomination",
				"parent": "body3",
				"pivot": [-2, 21.5, -0.5],
				"rotation": [-32.40109, 2.68407, 4.22005],
				"cubes": [
					{"origin": [-4, 18, -3], "size": [4, 6, 3], "uv": [41, 20], "inflate": -0.2}
				]
			},
			{
				"name": "abomination2",
				"parent": "body3",
				"pivot": [2, 21.5, -0.5],
				"rotation": [-32.40109, -2.68407, -4.22005],
				"cubes": [
					{"origin": [0, 18, -3], "size": [4, 6, 3], "uv": [32, 52], "inflate": -0.2}
				]
			},
			{
				"name": "right_leg",
				"parent": "root",
				"pivot": [-1.9, 12, 0],
				"rotation": [0, 5, 0],
				"cubes": [
					{"origin": [-3.9, 7, -2], "size": [4, 5, 4], "uv": [0, 16]},
					{"origin": [-4.1, 1, -2], "size": [4, 7, 4], "uv": [16, 52], "inflate": -0.4, "mirror": true},
					{"origin": [-4.1, 0, -2], "size": [4, 2, 4], "uv": [16, 58], "inflate": -0.1, "mirror": true}
				]
			},
			{
				"name": "left_leg",
				"parent": "root",
				"pivot": [1.9, 12, 0],
				"rotation": [0, -5, 0],
				"mirror": true,
				"cubes": [
					{"origin": [-0.1, 1, -2], "size": [4, 7, 4], "uv": [16, 52], "inflate": -0.4},
					{"origin": [-0.1, 0, -2], "size": [4, 2, 4], "uv": [16, 58], "inflate": -0.1},
					{"origin": [-0.1, 7, -2], "size": [4, 5, 4], "uv": [16, 48]}
				]
			}
		]
	}
}