{
  "format_version": "1.10.0",
  "minecraft:attachable": {
    "description": {
      "identifier": "ta:parachute_bee",
      "item": {
        "ta:parachute_bee": "query.owner_identifier \u003d\u003d \u0027minecraft:player\u0027"
      },
      "materials": {
        "default": "armor",
        "enchanted": "armor_enchanted"
      },
      "textures": {
        "default": "textures/parachute/parachute_bee"
      },
      "geometry": {
        "default": "geometry.parachute_bee"
      },
      "animations": {
        "not_fly": "animation.parachute.not_fly",
        "fly": "animation.parachute.fly"
      },
      "scripts": {
        "parent_setup": "variable.helmet_layer_visible \u003d 0.0;",
        "animate": [
          {
            "not_fly": "query.is_on_ground \u003d\u003d 1"
          },
          {
            "fly": "query.is_on_ground \u003d\u003d 0"
          }
        ]
      },
      "render_controllers": [
        "controller.render.default"
      ]
    }
  }
}