{
  "format_version": "1.10.0",
  "animation_controllers": {
    "controller.animation.walk": {
      "states": {
        "default": {
          "transitions": [
            {
              "walk": "(1.0)"
            }
          ],
          "on_entry": [
            "/function walk"
          ]
        },
        "walk": {
          "transitions": [
            {
              "default": "(1.0)"
            }
          ],
          "on_entry": [
            "/function walk"
          ]
        }
      }
    },
    "controller.animation.ak_draco": {
      "initial_state": "event0",
      "states": {
        "event0": {
          "transitions": [
            {
              "event1": "query.is_using_item\u003d\u003d1\u0026\u0026query.get_equipped_item_name\u003d\u003d\u0027ak_draco\u0027"
            }
          ]
        },
        "event1": {
          "transitions": [
            {
              "event0": "(1.0)"
            }
          ],
          "on_entry": [
            "/gamerule sendcommandfeedback false",
            "/function ak_draco",
            "/playsound ff.ak_draco @a[r\u003d64] ~~1.6~0.4",
            "@s ak_draco_bullet",
            "/particle minecraft:ak_draco_particle ^ ^1.5 ^1"
          ]
        }
      }
    },
    "controller.animation.scar_megalodon": {
      "initial_state": "event0",
      "states": {
        "event0": {
          "transitions": [
            {
              "event1": "query.is_using_item\u003d\u003d1\u0026\u0026query.get_equipped_item_name\u003d\u003d\u0027scar_megalodon\u0027"
            }
          ]
        },
        "event1": {
          "transitions": [
            {
              "event0": "(1.0)"
            }
          ],
          "on_entry": [
            "/gamerule sendcommandfeedback false",
            "/function scar_megalodon",
            "/playsound ff.scar_megalodon @a[r\u003d64] ~~1.6~0.4",
            "@s scar_megalodon_bullet",
            "/particle minecraft:scar_megalodon_particle ^ ^1.5 ^1"
          ]
        }
      }
    },
    "controller.animation.mp40_cobra": {
      "initial_state": "event0",
      "states": {
        "event0": {
          "transitions": [
            {
              "event1": "query.is_using_item\u003d\u003d1\u0026\u0026query.get_equipped_item_name\u003d\u003d\u0027mp40_cobra\u0027"
            }
          ]
        },
        "event1": {
          "transitions": [
            {
              "event0": "(1.0)"
            }
          ],
          "on_entry": [
            "/gamerule sendcommandfeedback false",
            "/function mp40_cobra",
            "/playsound ff.mp40_cobra @a[r\u003d64] ~~1.6~0.4",
            "@s mp40_cobra_bullet",
            "/particle minecraft:mp40_cobra_particle ^ ^1.5 ^0.8"
          ]
        }
      }
    },
    "controller.animation.m1014_draco": {
      "initial_state": "event0",
      "states": {
        "event0": {
          "transitions": [
            {
              "event1": "query.is_using_item\u003d\u003d1\u0026\u0026query.get_equipped_item_name\u003d\u003d\u0027m1014_draco\u0027"
            }
          ]
        },
        "event1": {
          "transitions": [
            {
              "event0": "(1.0)"
            }
          ],
          "on_entry": [
            "/gamerule sendcommandfeedback false",
            "/replaceitem entity @s slot.weapon.mainhand 0 ta:m1014_draco 2",
            "/function m1014_draco",
            "/playsound ff.m1014_draco @a[r\u003d64] ~~1.6~0.4",
            "@s m1014_draco_bullet",
            "/particle minecraft:m1014_draco_particle ^ ^1.5 ^0.8",
            "/particle minecraft:m1014_draco_particle ^ ^1.5 ^0.8",
            "/particle minecraft:m1014_draco_particle ^ ^1.5 ^0.8",
            "/particle minecraft:m1014_draco_particle ^ ^1.5 ^0.8"
          ]
        }
      }
    },
    "controller.animation.ump_booyah": {
      "initial_state": "event0",
      "states": {
        "event0": {
          "transitions": [
            {
              "event1": "query.is_using_item\u003d\u003d1\u0026\u0026query.get_equipped_item_name\u003d\u003d\u0027ump_booyah\u0027"
            }
          ]
        },
        "event1": {
          "transitions": [
            {
              "event0": "(1.0)"
            }
          ],
          "on_entry": [
            "/gamerule sendcommandfeedback false",
            "/replaceitem entity @s slot.weapon.mainhand 0 ta:ump_booyah 2",
            "/function ump_booyah",
            "/playsound ff.ump_booyah @a[r\u003d64] ~~1.6~0.4",
            "@s ump_booyah_bullet",
            "/particle minecraft:ump_booyah_particle ^ ^1.5 ^0.8"
          ]
        }
      }
    },
    "controller.animation.ak_draco_hold": {
      "initial_state": "default",
      "states": {
        "default": {
          "transitions": [
            {
              "equip": "query.get_equipped_item_name(\u0027main_hand\u0027) \u003d\u003d \u0027ak_draco\u0027"
            }
          ]
        },
        "equip": {
          "transitions": [
            {
              "default": "1.0"
            }
          ],
          "on_entry": [
            "/function ak_draco_hold"
          ]
        }
      }
    },
    "controller.animation.scar_megalodon_hold": {
      "initial_state": "default",
      "states": {
        "default": {
          "transitions": [
            {
              "equip": "query.get_equipped_item_name(\u0027main_hand\u0027) \u003d\u003d \u0027scar_megalodon\u0027"
            }
          ]
        },
        "equip": {
          "transitions": [
            {
              "default": "1.0"
            }
          ],
          "on_entry": [
            "/function scar_megalodon_hold"
          ]
        }
      }
    },
    "controller.animation.mp40_cobra_hold": {
      "initial_state": "default",
      "states": {
        "default": {
          "transitions": [
            {
              "equip": "query.get_equipped_item_name(\u0027main_hand\u0027) \u003d\u003d \u0027mp40_cobra\u0027"
            }
          ]
        },
        "equip": {
          "transitions": [
            {
              "default": "1.0"
            }
          ],
          "on_entry": [
            "/function mp40_cobra_hold"
          ]
        }
      }
    },
    "controller.animation.m1014_draco_hold": {
      "initial_state": "default",
      "states": {
        "default": {
          "transitions": [
            {
              "equip": "query.get_equipped_item_name(\u0027main_hand\u0027) \u003d\u003d \u0027m1014_draco\u0027"
            }
          ]
        },
        "equip": {
          "transitions": [
            {
              "default": "1.0"
            }
          ],
          "on_entry": [
            "/function m1014_draco_hold"
          ]
        }
      }
    },
    "controller.animation.ump_booyah_hold": {
      "initial_state": "default",
      "states": {
        "default": {
          "transitions": [
            {
              "equip": "query.get_equipped_item_name(\u0027main_hand\u0027) \u003d\u003d \u0027ump_booyah\u0027"
            }
          ]
        },
        "equip": {
          "transitions": [
            {
              "default": "1.0"
            }
          ],
          "on_entry": [
            "/function ump_booyah_hold"
          ]
        }
      }
    },
    "controller.animation.gun_reload": {
      "initial_state": "default",
      "states": {
        "default": {
          "transitions": [
            {
              "ak_draco_reload": "query.get_equipped_item_name(\u0027main_hand\u0027) \u003d\u003d \u0027ak_draco_ammo\u0027 \u0026\u0026 query.is_using_item"
            },
            {
              "scar_megalodon_reload": "query.get_equipped_item_name(\u0027main_hand\u0027) \u003d\u003d \u0027scar_megalodon_ammo\u0027 \u0026\u0026 query.is_using_item"
            },
            {
              "mp40_cobra_reload": "query.get_equipped_item_name(\u0027main_hand\u0027) \u003d\u003d \u0027mp40_cobra_ammo\u0027 \u0026\u0026 query.is_using_item"
            },
            {
              "m1014_draco_reload": "query.get_equipped_item_name(\u0027main_hand\u0027) \u003d\u003d \u0027m1014_draco_ammo\u0027 \u0026\u0026 query.is_using_item"
            },
            {
              "ump_booyah_reload": "query.get_equipped_item_name(\u0027main_hand\u0027) \u003d\u003d \u0027ump_booyah_ammo\u0027 \u0026\u0026 query.is_using_item"
            }
          ]
        },
        "ak_draco_reload": {
          "transitions": [
            {
              "default": "(1.0)"
            }
          ],
          "on_entry": [
            "/scoreboard players set @s ak_draco 0",
            "/clear @s ta:ak_draco_empty",
            "/clear @s ta:ak_draco",
            "/replaceitem entity @s slot.weapon.mainhand 0 ta:ak_draco 2"
          ]
        },
        "scar_megalodon_reload": {
          "transitions": [
            {
              "default": "(1.0)"
            }
          ],
          "on_entry": [
            "/scoreboard players set @s scar_megalodon 0",
            "/clear @s ta:scar_megalodon_empty",
            "/clear @s ta:scar_megalodon",
            "/replaceitem entity @s slot.weapon.mainhand 0 ta:scar_megalodon 2"
          ]
        },
        "mp40_cobra_reload": {
          "transitions": [
            {
              "default": "(1.0)"
            }
          ],
          "on_entry": [
            "/scoreboard players set @s mp40_cobra 0",
            "/clear @s ta:mp40_cobra_empty",
            "/clear @s ta:mp40_cobra",
            "/replaceitem entity @s slot.weapon.mainhand 0 ta:mp40_cobra 2"
          ]
        },
        "m1014_draco_reload": {
          "transitions": [
            {
              "default": "(1.0)"
            }
          ],
          "on_entry": [
            "/scoreboard players set @s m1014_draco 0",
            "/clear @s ta:m1014_draco_empty",
            "/clear @s ta:m1014_draco",
            "/replaceitem entity @s slot.weapon.mainhand 0 ta:m1014_draco 2"
          ]
        },
        "ump_booyah_reload": {
          "transitions": [
            {
              "default": "(1.0)"
            }
          ],
          "on_entry": [
            "/scoreboard players set @s ump_booyah 0",
            "/clear @s ta:ump_booyah_empty",
            "/clear @s ta:ump_booyah",
            "/replaceitem entity @s slot.weapon.mainhand 0 ta:ump_booyah 2"
          ]
        }
      }
    },
    "controller.animation.ammo_out": {
      "initial_state": "default",
      "states": {
        "default": {
          "transitions": [
            {
              "ak_draco_out": "query.get_equipped_item_name(\u0027main_hand\u0027) \u003d\u003d \u0027ak_draco_empty\u0027"
            },
            {
              "scar_megalodon_out": "query.get_equipped_item_name(\u0027main_hand\u0027) \u003d\u003d \u0027scar_megalodon_empty\u0027"
            },
            {
              "mp40_cobra_out": "query.get_equipped_item_name(\u0027main_hand\u0027) \u003d\u003d \u0027mp40_cobra_empty\u0027"
            },
            {
              "m1014_draco_out": "query.get_equipped_item_name(\u0027main_hand\u0027) \u003d\u003d \u0027M1014_draco_empty\u0027"
            },
            {
              "ump_booyah_draco_out": "query.get_equipped_item_name(\u0027main_hand\u0027) \u003d\u003d \u0027ump_booyah_empty\u0027"
            }
          ]
        },
        "ak_draco_out": {
          "transitions": [
            {
              "default": "(1.0)"
            }
          ],
          "on_entry": [
            "/title @s actionbar §l§k§c|§e|§a|§r 0§b:§f35 §l§k§c|§e|§a|"
          ]
        },
        "scar_megalodon_out": {
          "transitions": [
            {
              "default": "(1.0)"
            }
          ],
          "on_entry": [
            "/title @s actionbar §l§k§c|§e|§a|§r 0§b:§f35 §l§k§c|§e|§a|"
          ]
        },
        "mp40_cobra_out": {
          "transitions": [
            {
              "default": "(1.0)"
            }
          ],
          "on_entry": [
            "/title @s actionbar §l§k§c|§e|§a|§r 0§b:§f30 §l§k§c|§e|§a|"
          ]
        },
        "m1014_draco_out": {
          "transitions": [
            {
              "default": "(1.0)"
            }
          ],
          "on_entry": [
            "/title @s actionbar §l§k§c|§e|§a|§r 00§b:§f08 §l§k§c|§e|§a|"
          ]
        },
        "ump_booyah_out": {
          "transitions": [
            {
              "default": "(1.0)"
            }
          ],
          "on_entry": [
            "/title @s actionbar §l§k§c|§e|§a|§r 00§b:§f30 §l§k§c|§e|§a|"
          ]
        }
      }
    }
  }
}
  }
}