{
  "format_version": "1.8.0",
  "minecraft:client_entity": {
    "description": {
      "identifier": "goodlord:cement_truck",
      "materials": {
        "default": "cat"
      },
      "textures": {
        "cement_truck1": "textures/entity/cement_truck/cement_truck1",
        "cement_truck2": "textures/entity/cement_truck/cement_truck2",
        "cement_truck3": "textures/entity/cement_truck/cement_truck3",
        "cement_truck4": "textures/entity/cement_truck/cement_truck4",
        "cement_truck5": "textures/entity/cement_truck/cement_truck5"
      },
      "geometry": {
        "default": "geometry.cement_truck"
      },
      "animations": {
        "walk": "animation.cement_truck.walk"
      },
      "animation_controllers": [
        {
          "move": "controller.animation.cement_truck.move"
        }
      ],
      "render_controllers": [
        "controller.render.cement_truck"
      ],
	  "spawn_egg": {
        "texture": "cement_truck",
        "texture_index": 0
      }
    }
  }
}