{
  "format_version": "1.8.0",
  "minecraft:client_entity": {
    "description": {
      "identifier": "goodlord:miner",
      "materials": {
        "default": "cat"
      },
      "textures": {
        "miner1": "textures/entity/miner/miner1",
        "miner2": "textures/entity/miner/miner2",
        "miner3": "textures/entity/miner/miner3",
        "miner4": "textures/entity/miner/miner4"
      },
      "geometry": {
        "default": "geometry.miner"
      },
      "animations": {
        "walk": "animation.miner.walk",
        "move": "animation.miner.move"
      },
      "animation_controllers": [
        {
          "move": "controller.animation.miner.move"
        }
      ],
      "render_controllers": [
        "controller.render.miner"
      ],
	  "spawn_egg": {
        "texture": "miner",
        "texture_index": 0
      }
    }
  }
}