{
  "format_version": "1.8.0",
  "minecraft:client_entity": {
    "description": {
      "identifier": "goodlord:mower",
      "materials": {
        "default": "spider"
      },
      "textures": {
        "road_tractor1": "textures/entity/mower/mower1",
        "road_tractor2": "textures/entity/mower/mower2",
        "road_tractor3": "textures/entity/mower/mower3",
        "road_tractor4": "textures/entity/mower/mower4",
        "road_tractor5": "textures/entity/mower/mower5",
        "road_tractor6": "textures/entity/mower/mower6",
        "road_tractor7": "textures/entity/mower/mower7",
        "road_tractor8": "textures/entity/mower/mower8"
      },
      "geometry": {
        "default": "geometry.mower"
      },
      "animations": {
        "move": "animation.rail_tractor.move"
      },
      "animation_controllers": [
        {
          "move": "controller.animation.mower.move"
        }
      ],
      "particle_effects": {
        "flying_grass": "goodlord:flying_grass",
        "dust_builder": "goodlord:dust_builder"
      },
      "render_controllers": [
        "controller.render.road_tractor"
      ],
      "spawn_egg": {
        "texture": "mower",
        "texture_index": 0
      }
    }
  }
}