{
  "format_version": "1.8.0",
  "minecraft:client_entity": {
    "description": {
      "identifier": "goodlord:paver",
      "materials": {
        "default": "spider"
      },
      "textures": {
        "road_tractor1": "textures/entity/paver/paver1",
        "road_tractor2": "textures/entity/paver/paver2",
        "road_tractor3": "textures/entity/paver/paver3",
        "road_tractor4": "textures/entity/paver/paver4",
        "road_tractor5": "textures/entity/paver/paver5",
        "road_tractor6": "textures/entity/paver/paver6",
        "road_tractor7": "textures/entity/paver/paver7",
        "road_tractor8": "textures/entity/paver/paver8"
      },
      "geometry": {
        "default": "geometry.paver"
      },
      "animations": {
        "move": "animation.rail_tractor.move"
      },
      "animation_controllers": [
        {
          "move": "controller.animation.mower.move"
        }
      ],
      "particle_effects": {
        "dust_builder": "goodlord:dust_builder"
      },
      "render_controllers": [
        "controller.render.road_tractor"
      ],
      "spawn_egg": {
        "texture": "paver",
        "texture_index": 0
      }
    }
  }
}