{
  "format_version": "1.8.0",
  "minecraft:client_entity": {
    "description": {
      "identifier": "goodlord:road_tractor",
      "materials": {
        "default": "spider"
      },
      "textures": {
        "road_tractor1": "textures/entity/road_tractor/road_tractor1",
        "road_tractor2": "textures/entity/road_tractor/road_tractor2",
        "road_tractor3": "textures/entity/road_tractor/road_tractor3",
        "road_tractor4": "textures/entity/road_tractor/road_tractor4",
        "road_tractor5": "textures/entity/road_tractor/road_tractor5",
        "road_tractor6": "textures/entity/road_tractor/road_tractor6",
        "road_tractor7": "textures/entity/road_tractor/road_tractor7",
        "road_tractor8": "textures/entity/road_tractor/road_tractor8"
      },
      "geometry": {
        "default": "geometry.road_tractor"
      },
      "animations": {
        "move": "animation.road_tractor.move"
      },
      "animation_controllers": [
        {
          "move": "controller.animation.road_tractor.move"
        }
      ],
      "particle_effects": {
        "dust_builder": "goodlord:dust_builder"
      },
      "render_controllers": [
        "controller.render.road_tractor"
      ],
      "spawn_egg": {
        "texture": "road_tractor",
        "texture_index": 0
      }
    }
  }
}