{
  "format_version": "1.8.0",
  "minecraft:client_entity": {
    "description": {
      "identifier": "goodlord:wall_builder",
      "materials": {
        "default": "cat"
      },
      "textures": {
        "wall_builder1": "textures/entity/wall_builder/wall_builder1",
        "wall_builder2": "textures/entity/wall_builder/wall_builder2",
        "wall_builder3": "textures/entity/wall_builder/wall_builder3",
        "wall_builder4": "textures/entity/wall_builder/wall_builder4",
        "wall_builder5": "textures/entity/wall_builder/wall_builder5",
        "wall_builder6": "textures/entity/wall_builder/wall_builder6"
      },
      "geometry": {
        "default": "geometry.wall_builder"
      },
      "animations": {
        "move": "animation.road_tractor.move"
      },
      "animation_controllers": [
        {
          "move": "controller.animation.road_tractor.move"
        }
      ],
      "render_controllers": [
        "controller.render.wall_builder"
      ],
      "spawn_egg": {
        "texture": "wall_builder",
        "texture_index": 0
      }
    }
  }
}