{
  "format_version": "1.10.0",
  "minecraft:client_entity": {
    "description": {
      "identifier": "minecraft:player",
      "materials": {
        "default": "enderman"
      },
      "textures": {
        "default": "textures/entity/kissy_missy/ftl_kissy_missy"
      },
      "geometry": {
        "default": "geometry.ftl_kissy_missy"
      },
      "animations": {
        "moving": "animation.ftl_kissy_missy.moving",
        "ftl_kissy_missy_general": "animation.ftl_kissy_missy.general",
        "attack1": "animation.ftl_kissy_missy.attack1",
		"attack2": "animation.ftl_kissy_missy.attack2",
		"vent_moving": "animation.ftl_kissy_missy.vent_moving",
		"jumpscare": "animation.ftl_kissy_missy.jumpscare",
		"vent_jumpscare": "animation.ftl_kissy_missy.vent_jumpscare",
		"dead_entity": "animation.ftl_kissy_missy.dead_entity",
		"jumping": "animation.ftl_kissy_missy.jumping",
		"running": "animation.ftl_kissy_missy.running",
		"crouched": "animation.ftl_kissy_missy.crouched",
		"crouched2": "animation.ftl_kissy_missy.crouched2",
		"climbing": "animation.ftl_kissy_missy.climbing",
		"statue": "animation.ftl_kissy_missy.statue",
		"looking": "animation.ftl_kissy_missy.looking",

        "move": "controller.animation.ftl_kissy_missy.move",
        "general": "controller.animation.ftl_kissy_missy.general",
        "attack": "controller.animation.ftl_kissy_missy.attack",
        "looking_at": "controller.animation.ftl_kissy_missy.looking_at"
      },
      "scripts": {
        "animate": [
          "move", "general", "attack", "looking_at"
        ],
        "pre_animation": [
"variable.attack = Math.sin(variable.attack_time * 30.0);"
        ]
	  },
      "sound_effects": {
            "attack": "mob.kissy.attack",
            "jumpscare": "mob.kissy.jumpscare"
     },
      "render_controllers": [
        { "controller.render.player.first_person": "variable.is_first_person" },
        { "controller.render.player.third_person": "!variable.is_first_person && !variable.map_face_icon" },
        { "controller.render.player.map": "variable.map_face_icon" }
      ],
			"spawn_egg": {
				"texture": "ftl_kissy_missy_spawn",
				"texture_index": 0
      }
    }
  }
}