{
  "format_version": "1.10.0",
  "minecraft:client_entity": {
    "description": {
      "identifier": "edge:cargo",
      "materials": {
        "default": "spider"
      },
      "textures": {
        "red": "textures/entity/cargo/red",
        "green": "textures/entity/cargo/green",
        "blue": "textures/entity/cargo/blue",
        "yellow": "textures/entity/cargo/yellow",
        "orange": "textures/entity/cargo/orange",
        "purple": "textures/entity/cargo/purple",
        "white": "textures/entity/cargo/white",
        "black": "textures/entity/cargo/black"
      },
      "geometry": {
        "default": "geometry.train"
      },
      "scripts": {
        "animate": [
          "move",
          { "wheels" : "query.is_moving" }
        ]
      },
      "animations": {
        "move": "animation.steam.move",
        "wheels": "animation.steam.wheels"
      },
      "render_controllers": [
        "controller.render.train"
      ],
      "spawn_egg": {
        "texture": "cargo"
      }
    }
  }
}