{
  "format_version": "1.10.0",
  "geometry.chair": {
    "texturewidth": 64,
    "textureheight": 64,
    "visible_bounds_width": 1,
    "visible_bounds_height": 2,
    "visible_bounds_offset": [
      0,
      1,
      0
    ],
    "bones": [
      {
        "name": "body",
        "pivot": [
          0,
          24,
          0
        ],
        "cubes": [
          {
            "origin": [
              -5.0,
              8.0,
              -5.0
            ],
            "size": [
              10.0,
              2.0,
              10.0
            ],
            "uv": [
              0,
              0
            ],
            "inflate": 0
          },
          {
            "origin": [
              -5.0,
              0.0,
              -5.0
            ],
            "size": [
              2.0,
              8.0,
              2.0
            ],
            "uv": [
              0,
              12
            ],
            "inflate": 0
          },
          {
            "origin": [
              3.0,
              0.0,
              -5.0
            ],
            "size": [
              2.0,
              8.0,
              2.0
            ],
            "uv": [
              0,
              12
            ],
            "inflate": 0
          },
          {
            "origin": [
              -5.0,
              0.0,
              3.0
            ],
            "size": [
              2.0,
              8.0,
              2.0
            ],
            "uv": [
              0,
              12
            ],
            "inflate": 0
          },
          {
            "origin": [
              3.0,
              0.0,
              3.0
            ],
            "size": [
              2.0,
              8.0,
              2.0
            ],
            "uv": [
              0,
              12
            ],
            "inflate": 0
          }
        ]
      }
    ]
  }
}