{
  "format_version": "1.12.0",
  "minecraft:geometry": [
    {
      "description": {
        "identifier": "geometry.pa_kulkas",
        "texture_width": 128,
        "texture_height": 128,
        "visible_bounds_width": 3,
        "visible_bounds_height": 3.5,
        "visible_bounds_offset": [
          0,
          1.25,
          0
        ]
      },
      "bones": [
        {
          "name": "bone",
          "cubes": [
            {
              "origin": [
                -7.0,
                0.0,
                -7.0
              ],
              "size": [
                13.0,
                2.0,
                16.0
              ],
              "uv": {
                "north": {
                  "uv": [
                    72,
                    38
                  ],
                  "uv_size": [
                    13,
                    2
                  ]
                },
                "east": {
                  "uv": [
                    26,
                    72
                  ],
                  "uv_size": [
                    16,
                    2
                  ]
                },
                "south": {
                  "uv": [
                    72,
                    40
                  ],
                  "uv_size": [
                    13,
                    2
                  ]
                },
                "west": {
                  "uv": [
                    72,
                    32
                  ],
                  "uv_size": [
                    16,
                    2
                  ]
                },
                "up": {
                  "uv": [
                    46,
                    50
                  ],
                  "uv_size": [
                    13,
                    16
                  ]
                },
                "down": {
                  "uv": [
                    59,
                    42
                  ],
                  "uv_size": [
                    13,
                    -16
                  ]
                }
              },
              "inflate": 0
            },
            {
              "origin": [
                -7.0,
                17.0,
                -7.0
              ],
              "size": [
                13.0,
                1.0,
                16.0
              ],
              "uv": {
                "north": {
                  "uv": [
                    74,
                    49
                  ],
                  "uv_size": [
                    13,
                    1
                  ]
                },
                "east": {
                  "uv": [
                    26,
                    74
                  ],
                  "uv_size": [
                    16,
                    1
                  ]
                },
                "south": {
                  "uv": [
                    74,
                    50
                  ],
                  "uv_size": [
                    13,
                    1
                  ]
                },
                "west": {
                  "uv": [
                    74,
                    46
                  ],
                  "uv_size": [
                    16,
                    1
                  ]
                },
                "up": {
                  "uv": [
                    61,
                    0
                  ],
                  "uv_size": [
                    13,
                    16
                  ]
                },
                "down": {
                  "uv": [
                    46,
                    82
                  ],
                  "uv_size": [
                    13,
                    -16
                  ]
                }
              },
              "inflate": 0
            },
            {
              "origin": [
                -7.0,
                8.0,
                -7.0
              ],
              "size": [
                13.0,
                1.0,
                16.0
              ],
              "uv": {
                "north": {
                  "uv": [
                    74,
                    51
                  ],
                  "uv_size": [
                    13,
                    1
                  ]
                },
                "east": {
                  "uv": [
                    74,
                    47
                  ],
                  "uv_size": [
                    16,
                    1
                  ]
                },
                "south": {
                  "uv": [
                    74,
                    52
                  ],
                  "uv_size": [
                    13,
                    1
                  ]
                },
                "west": {
                  "uv": [
                    74,
                    48
                  ],
                  "uv_size": [
                    16,
                    1
                  ]
                },
                "up": {
                  "uv": [
                    13,
                    72
                  ],
                  "uv_size": [
                    13,
                    16
                  ]
                },
                "down": {
                  "uv": [
                    72,
                    32
                  ],
                  "uv_size": [
                    13,
                    -16
                  ]
                }
              },
              "inflate": 0
            },
            {
              "origin": [
                -3.0,
                9.0,
                -4.0
              ],
              "size": [
                2.0,
                3.0,
                2.0
              ],
              "uv": {
                "north": {
                  "uv": [
                    61,
                    20
                  ],
                  "uv_size": [
                    2,
                    3
                  ]
                },
                "east": {
                  "uv": [
                    61,
                    23
                  ],
                  "uv_size": [
                    2,
                    3
                  ]
                },
                "south": {
                  "uv": [
                    63,
                    20
                  ],
                  "uv_size": [
                    2,
                    3
                  ]
                },
                "west": {
                  "uv": [
                    63,
                    23
                  ],
                  "uv_size": [
                    2,
                    3
                  ]
                },
                "up": {
                  "uv": [
                    46,
                    48
                  ],
                  "uv_size": [
                    2,
                    2
                  ]
                },
                "down": {
                  "uv": [
                    75,
                    11
                  ],
                  "uv_size": [
                    2,
                    -2
                  ]
                }
              },
              "inflate": 0
            },
            {
              "origin": [
                1.0,
                9.0,
                -2.0
              ],
              "size": [
                2.0,
                3.0,
                2.0
              ],
              "uv": {
                "north": {
                  "uv": [
                    65,
                    20
                  ],
                  "uv_size": [
                    2,
                    3
                  ]
                },
                "east": {
                  "uv": [
                    65,
                    23
                  ],
                  "uv_size": [
                    2,
                    3
                  ]
                },
                "south": {
                  "uv": [
                    67,
                    20
                  ],
                  "uv_size": [
                    2,
                    3
                  ]
                },
                "west": {
                  "uv": [
                    67,
                    23
                  ],
                  "uv_size": [
                    2,
                    3
                  ]
                },
                "up": {
                  "uv": [
                    75,
                    11
                  ],
                  "uv_size": [
                    2,
                    2
                  ]
                },
                "down": {
                  "uv": [
                    75,
                    15
                  ],
                  "uv_size": [
                    2,
                    -2
                  ]
                }
              },
              "inflate": 0
            },
            {
              "origin": [
                1.0,
                9.0,
                -5.0
              ],
              "size": [
                2.0,
                3.0,
                2.0
              ],
              "uv": {
                "north": {
                  "uv": [
                    69,
                    20
                  ],
                  "uv_size": [
                    2,
                    3
                  ]
                },
                "east": {
                  "uv": [
                    69,
                    23
                  ],
                  "uv_size": [
                    2,
                    3
                  ]
                },
                "south": {
                  "uv": [
                    9,
                    74
                  ],
                  "uv_size": [
                    2,
                    3
                  ]
                },
                "west": {
                  "uv": [
                    11,
                    74
                  ],
                  "uv_size": [
                    2,
                    3
                  ]
                },
                "up": {
                  "uv": [
                    26,
                    75
                  ],
                  "uv_size": [
                    2,
                    2
                  ]
                },
                "down": {
                  "uv": [
                    28,
                    77
                  ],
                  "uv_size": [
                    2,
                    -2
                  ]
                }
              },
              "inflate": 0
            },
            {
              "origin": [
                1.0,
                18.0,
                -5.0
              ],
              "size": [
                2.0,
                3.0,
                2.0
              ],
              "uv": {
                "north": {
                  "uv": [
                    74,
                    55
                  ],
                  "uv_size": [
                    2,
                    3
                  ]
                },
                "east": {
                  "uv": [
                    74,
                    58
                  ],
                  "uv_size": [
                    2,
                    3
                  ]
                },
                "south": {
                  "uv": [
                    59,
                    74
                  ],
                  "uv_size": [
                    2,
                    3
                  ]
                },
                "west": {
                  "uv": [
                    61,
                    74
                  ],
                  "uv_size": [
                    2,
                    3
                  ]
                },
                "up": {
                  "uv": [
                    30,
                    75
                  ],
                  "uv_size": [
                    2,
                    2
                  ]
                },
                "down": {
                  "uv": [
                    32,
                    77
                  ],
                  "uv_size": [
                    2,
                    -2
                  ]
                }
              },
              "inflate": 0
            },
            {
              "origin": [
                -3.0,
                18.0,
                4.0
              ],
              "size": [
                2.0,
                3.0,
                2.0
              ],
              "uv": {
                "north": {
                  "uv": [
                    74,
                    61
                  ],
                  "uv_size": [
                    2,
                    3
                  ]
                },
                "east": {
                  "uv": [
                    63,
                    74
                  ],
                  "uv_size": [
                    2,
                    3
                  ]
                },
                "south": {
                  "uv": [
                    74,
                    64
                  ],
                  "uv_size": [
                    2,
                    3
                  ]
                },
                "west": {
                  "uv": [
                    65,
                    74
                  ],
                  "uv_size": [
                    2,
                    3
                  ]
                },
                "up": {
                  "uv": [
                    34,
                    75
                  ],
                  "uv_size": [
                    2,
                    2
                  ]
                },
                "down": {
                  "uv": [
                    36,
                    77
                  ],
                  "uv_size": [
                    2,
                    -2
                  ]
                }
              },
              "inflate": 0
            },
            {
              "origin": [
                -3.0,
                2.0,
                4.0
              ],
              "size": [
                2.0,
                3.0,
                2.0
              ],
              "uv": {
                "north": {
                  "uv": [
                    67,
                    74
                  ],
                  "uv_size": [
                    2,
                    3
                  ]
                },
                "east": {
                  "uv": [
                    74,
                    67
                  ],
                  "uv_size": [
                    2,
                    3
                  ]
                },
                "south": {
                  "uv": [
                    69,
                    74
                  ],
                  "uv_size": [
                    2,
                    3
                  ]
                },
                "west": {
                  "uv": [
                    74,
                    70
                  ],
                  "uv_size": [
                    2,
                    3
                  ]
                },
                "up": {
                  "uv": [
                    38,
                    75
                  ],
                  "uv_size": [
                    2,
                    2
                  ]
                },
                "down": {
                  "uv": [
                    40,
                    77
                  ],
                  "uv_size": [
                    2,
                    -2
                  ]
                }
              },
              "inflate": 0
            },
            {
              "origin": [
                1.0,
                2.0,
                -1.0
              ],
              "size": [
                2.0,
                3.0,
                2.0
              ],
              "uv": {
                "north": {
                  "uv": [
                    74,
                    73
                  ],
                  "uv_size": [
                    2,
                    3
                  ]
                },
                "east": {
                  "uv": [
                    75,
                    0
                  ],
                  "uv_size": [
                    2,
                    3
                  ]
                },
                "south": {
                  "uv": [
                    75,
                    3
                  ],
                  "uv_size": [
                    2,
                    3
                  ]
                },
                "west": {
                  "uv": [
                    75,
                    6
                  ],
                  "uv_size": [
                    2,
                    3
                  ]
                },
                "up": {
                  "uv": [
                    76,
                    55
                  ],
                  "uv_size": [
                    2,
                    2
                  ]
                },
                "down": {
                  "uv": [
                    76,
                    59
                  ],
                  "uv_size": [
                    2,
                    -2
                  ]
                }
              },
              "inflate": 0
            },
            {
              "origin": [
                -7.0,
                24.0,
                -7.0
              ],
              "size": [
                13.0,
                2.0,
                16.0
              ],
              "uv": {
                "north": {
                  "uv": [
                    72,
                    42
                  ],
                  "uv_size": [
                    13,
                    2
                  ]
                },
                "east": {
                  "uv": [
                    72,
                    34
                  ],
                  "uv_size": [
                    16,
                    2
                  ]
                },
                "south": {
                  "uv": [
                    72,
                    44
                  ],
                  "uv_size": [
                    13,
                    2
                  ]
                },
                "west": {
                  "uv": [
                    72,
                    36
                  ],
                  "uv_size": [
                    16,
                    2
                  ]
                },
                "up": {
                  "uv": [
                    59,
                    42
                  ],
                  "uv_size": [
                    13,
                    16
                  ]
                },
                "down": {
                  "uv": [
                    59,
                    74
                  ],
                  "uv_size": [
                    13,
                    -16
                  ]
                }
              },
              "inflate": 0
            },
            {
              "origin": [
                -7.0,
                1.0,
                -7.0
              ],
              "size": [
                1.0,
                24.0,
                16.0
              ],
              "uv": {
                "north": {
                  "uv": [
                    44,
                    72
                  ],
                  "uv_size": [
                    1,
                    24
                  ]
                },
                "east": {
                  "uv": [
                    0,
                    0
                  ],
                  "uv_size": [
                    16,
                    24
                  ]
                },
                "south": {
                  "uv": [
                    45,
                    72
                  ],
                  "uv_size": [
                    1,
                    24
                  ]
                },
                "west": {
                  "uv": [
                    16,
                    0
                  ],
                  "uv_size": [
                    16,
                    24
                  ]
                },
                "up": {
                  "uv": [
                    74,
                    0
                  ],
                  "uv_size": [
                    1,
                    16
                  ]
                },
                "down": {
                  "uv": [
                    4,
                    90
                  ],
                  "uv_size": [
                    1,
                    -16
                  ]
                }
              },
              "inflate": 0
            },
            {
              "origin": [
                5.0,
                2.0,
                -7.0
              ],
              "size": [
                1.0,
                24.0,
                16.0
              ],
              "uv": {
                "north": {
                  "uv": [
                    73,
                    46
                  ],
                  "uv_size": [
                    1,
                    24
                  ]
                },
                "east": {
                  "uv": [
                    32,
                    0
                  ],
                  "uv_size": [
                    16,
                    24
                  ]
                },
                "south": {
                  "uv": [
                    73,
                    70
                  ],
                  "uv_size": [
                    1,
                    24
                  ]
                },
                "west": {
                  "uv": [
                    32,
                    24
                  ],
                  "uv_size": [
                    16,
                    24
                  ]
                },
                "up": {
                  "uv": [
                    7,
                    74
                  ],
                  "uv_size": [
                    1,
                    16
                  ]
                },
                "down": {
                  "uv": [
                    8,
                    90
                  ],
                  "uv_size": [
                    1,
                    -16
                  ]
                }
              },
              "inflate": 0
            },
            {
              "origin": [
                -6.0,
                2.0,
                8.0
              ],
              "size": [
                11.0,
                24.0,
                1.0
              ],
              "uv": {
                "north": {
                  "uv": [
                    13,
                    48
                  ],
                  "uv_size": [
                    11,
                    24
                  ]
                },
                "east": {
                  "uv": [
                    0,
                    74
                  ],
                  "uv_size": [
                    1,
                    24
                  ]
                },
                "south": {
                  "uv": [
                    24,
                    48
                  ],
                  "uv_size": [
                    11,
                    24
                  ]
                },
                "west": {
                  "uv": [
                    1,
                    74
                  ],
                  "uv_size": [
                    1,
                    24
                  ]
                },
                "up": {
                  "uv": [
                    61,
                    16
                  ],
                  "uv_size": [
                    11,
                    1
                  ]
                },
                "down": {
                  "uv": [
                    61,
                    18
                  ],
                  "uv_size": [
                    11,
                    -1
                  ]
                }
              },
              "inflate": 0
            }
          ]
        },
        {
          "name": "bone2",
          "pivot": [
            -6,
            12,
            -7
          ],
          "cubes": [
            {
              "origin": [
                -7.0,
                0.0,
                -8.0
              ],
              "size": [
                13.0,
                26.0,
                1.0
              ],
              "uv": {
                "north": {
                  "uv": [
                    0,
                    48
                  ],
                  "uv_size": [
                    13,
                    26
                  ]
                },
                "east": {
                  "uv": [
                    42,
                    72
                  ],
                  "uv_size": [
                    1,
                    26
                  ]
                },
                "south": {
                  "uv": [
                    48,
                    0
                  ],
                  "uv_size": [
                    13,
                    26
                  ]
                },
                "west": {
                  "uv": [
                    43,
                    72
                  ],
                  "uv_size": [
                    1,
                    26
                  ]
                },
                "up": {
                  "uv": [
                    74,
                    53
                  ],
                  "uv_size": [
                    13,
                    1
                  ]
                },
                "down": {
                  "uv": [
                    74,
                    55
                  ],
                  "uv_size": [
                    13,
                    -1
                  ]
                }
              },
              "inflate": 0
            },
            {
              "origin": [
                -6.0,
                1.0,
                -8.5
              ],
              "size": [
                11.0,
                24.0,
                0.5
              ],
              "uv": {
                "north": {
                  "uv": [
                    48,
                    26
                  ],
                  "uv_size": [
                    11,
                    24
                  ]
                },
                "east": {
                  "uv": [
                    2,
                    74
                  ],
                  "uv_size": [
                    1,
                    24
                  ]
                },
                "south": {
                  "uv": [
                    35,
                    48
                  ],
                  "uv_size": [
                    11,
                    24
                  ]
                },
                "west": {
                  "uv": [
                    3,
                    74
                  ],
                  "uv_size": [
                    1,
                    24
                  ]
                },
                "up": {
                  "uv": [
                    61,
                    18
                  ],
                  "uv_size": [
                    11,
                    1
                  ]
                },
                "down": {
                  "uv": [
                    61,
                    20
                  ],
                  "uv_size": [
                    11,
                    -1
                  ]
                }
              },
              "inflate": 0
            }
          ],
          "parent": "bone"
        }
      ]
    }
  ]
}