{
  "format_version": "1.8.0",
  "render_controllers": {
    "controller.render.highway_tractor": {
      "geometry": "Geometry.default",
      "materials": [ { "*": "Material.default" } ],
      "textures": [ "Array.base[query.variant]" ],
      "arrays": {
        "textures": {
          "Array.base": [
            "Texture.highway_tractor1",
            "Texture.highway_tractor2",
            "Texture.highway_tractor3",
            "Texture.highway_tractor4",
            "Texture.highway_tractor5",
            "Texture.highway_tractor6",
            "Texture.highway_tractor7",
            "Texture.highway_tractor8"
          ]
        }
      }
    }
  }
}