{
  "format_version": "1.8.0",
  "animations": {
    "animation.cement_truck.walk": {
      "loop": true,
      "animation_length": 1,
      "bones": {
        "wheel1": {
					"rotation": {
						"0.0": [0, 0, 0],
						"1.0": [720, 0, 0]
					}
        },
        "wheel2": {
					"rotation": {
						"0.0": [0, 0, 0],
						"1.0": [720, 0, 0]
					}
        },
        "wheel3": {
					"rotation": {
						"0.0": [0, 0, 0],
						"1.0": [720, 0, 0]
					}
        },
        "wheel4": {
					"rotation": {
						"0.0": [0, 0, 0],
						"1.0": [720, 0, 0]
					}
        },
        "wheel5": {
					"rotation": {
						"0.0": [0, 0, 0],
						"1.0": [720, 0, 0]
					}
        },
        "wheel6": {
					"rotation": {
						"0.0": [0, 0, 0],
						"1.0": [720, 0, 0]
					}
        }
      }
    }
  }
}