{
  "format_version": "1.10.0",
  "minecraft:client_entity": {
    "description": {
      "identifier": "ta:backpack_jetpack",
      "materials": {
        "default": "slime"
      },
      "textures": {
        "default": "textures/entity/backpack_jetpack"
      },
      "geometry": {
        "default": "geometry.backpack_jetpack"
      },
      "spawn_egg": {
        "texture": "backpack_jetpack",
        "texture_index": 0
      },
      "render_controllers": [
        "controller.render.backpack"
      ]
    }
  }
}