{
	"format_version": "1.10.0",
	"particle_effect": {
		"description": {
			"identifier": "bd:huggy_blood",
			"basic_render_parameters": {
				"material": "particles_blend",
				"texture": "textures/particle/huggy_blood"
			}
		},
		"components": {
			"minecraft:emitter_rate_instant": {
				"num_particles": 40
			},
			"minecraft:emitter_lifetime_once": {
				"active_time": 1
			},
			"minecraft:emitter_shape_point": {
				"offset": [0, 0.5, 0],
				"direction": ["Math.random(-0.5, 0.5)", "-1.2-Math.random(0, 0.1)", "Math.random(-0.5, 0.5)"]
			},
			"minecraft:particle_lifetime_expression": {
				"max_lifetime": 20
			},
			"minecraft:particle_initial_spin": {
				"rotation": "variable.particle_random_3*360"
			},
			"minecraft:particle_initial_speed": 2,
			"minecraft:particle_motion_dynamic": {
				"linear_acceleration": [0, -10, 0]
			},
			"minecraft:particle_appearance_billboard": {
				"size": ["0.07+variable.particle_random_1/4", "0.07+variable.particle_random_1/4"],
				"facing_camera_mode": "direction_y",
				"uv": {
					"texture_width": 16,
					"texture_height": 16,
					"uv": [0, 0],
					"uv_size": [16, 16]
				}
			},
			"minecraft:particle_motion_collision": {
				"collision_drag": 0.5,
				"collision_radius": 0.01
			},
			"minecraft:particle_appearance_lighting": {},
			"minecraft:particle_appearance_tinting": {
				"color": {
					"interpolant": "variable.particle_age / variable.particle_lifetime * 20",
					"gradient": {
						"0.0": "#FFA30C0C",
						"9.8": "#FF751010",
						"20.0": "#00560606"
					}
				}
			}
		}
	}
}