{
   "format_version": "1.10.0",
   "minecraft:client_entity": {
      "description": {
         "identifier": "secret:a_60",
         "materials": {
            "default": "spider"
         },
         "textures": {
            "default": "textures/entity/extra/A_60"
         },
         "animations": {
            "A_60_general": "animation.A_60.general",
            "look_at_target": "animation.common.look_at_target",
            "move": "controller.animation.A_60.move",
            "general": "controller.animation.A_60.general",
            "attack": "controller.animation.A_60.attack"
         },
         "scripts": {
            "animate": [
               "move",
               "general",
               "attack"
            ],
            "pre_animation": [
               "variable.attack = Math.sin(variable.attack_time * 30.0);"
            ]
         },
         "geometry": {
            "default": "geometry.A_60"
         },
         "render_controllers": [
            "controller.render.default"
         ],
         "particle_effects": {
            "spell": "r:red_incoming",
            "spell5": "r:ambush_light5"
         },
         "spawn_egg": {
            "texture": "A60",
            "texture_index": 0
         }
      }
   }
}