{
	"format_version": "1.8.0",
	"animations": {
		"animation.bunzo.jumpscare2": {
			"animation_length": 1.25,
			"bones": {
				"head": {
					"rotation": {
						"0.0": {
							"post": [0, 0, 0],
							"lerp_mode": "catmullrom"
						},
						"0.1667": {
							"post": [0, 0, 0],
							"lerp_mode": "catmullrom"
						},
						"0.375": {
							"post": [12.5, 0, 0],
							"lerp_mode": "catmullrom"
						},
						"0.7917": {
							"post": [12.5, 0, 0],
							"lerp_mode": "catmullrom"
						},
						"0.9167": {
							"post": [40, 0, 0],
							"lerp_mode": "catmullrom"
						},
						"1.25": {
							"post": [0, 0, 0],
							"lerp_mode": "catmullrom"
						}
					},
					"position": {
						"0.0": {
							"post": [0, 0, 0],
							"lerp_mode": "catmullrom"
						},
						"0.1667": {
							"post": [0, 0, 0],
							"lerp_mode": "catmullrom"
						},
						"0.375": {
							"post": [0, 0, -4],
							"lerp_mode": "catmullrom"
						},
						"0.7917": {
							"post": [0, 0, -4],
							"lerp_mode": "catmullrom"
						},
						"0.9167": {
							"post": [0, -5, -10],
							"lerp_mode": "catmullrom"
						},
						"1.25": {
							"post": [0, 0, 0],
							"lerp_mode": "catmullrom"
						}
					}
				},
				"rightArm": {
					"rotation": {
						"0.0": {
							"post": [-92.5, 0, 0],
							"lerp_mode": "catmullrom"
						},
						"0.2083": {
							"post": [-92.5, 0, 0],
							"lerp_mode": "catmullrom"
						},
						"0.375": {
							"post": [-90.49058, 76.55188, 21.46148],
							"lerp_mode": "catmullrom"
						},
						"0.7917": {
							"post": [-90.49058, 76.55188, 21.46148],
							"lerp_mode": "catmullrom"
						},
						"0.9167": {
							"post": [-92.49919, -0.0017, -0.00205],
							"lerp_mode": "catmullrom"
						},
						"1.25": {
							"post": [-92.5, 0, 0],
							"lerp_mode": "catmullrom"
						}
					},
					"position": {
						"0.0": {
							"post": [0, 1, -1],
							"lerp_mode": "catmullrom"
						},
						"0.2083": {
							"post": [0, 1, -1],
							"lerp_mode": "catmullrom"
						},
						"0.375": {
							"post": [0, 1, -1],
							"lerp_mode": "catmullrom"
						},
						"0.7917": {
							"post": [0, 1, -1],
							"lerp_mode": "catmullrom"
						},
						"0.9167": {
							"post": [0, 0, -2],
							"lerp_mode": "catmullrom"
						},
						"1.25": {
							"post": [0, 1, -1],
							"lerp_mode": "catmullrom"
						}
					}
				},
				"rightArm2": {
					"rotation": {
						"0.0": {
							"post": [102.71408, -12.47537, 0.81453],
							"lerp_mode": "catmullrom"
						},
						"1.25": {
							"post": [102.71408, -12.47537, 0.81453],
							"lerp_mode": "catmullrom"
						}
					},
					"position": {
						"0.0": {
							"post": [0, 0, 0],
							"lerp_mode": "catmullrom"
						},
						"1.25": {
							"post": [0, 0, 0],
							"lerp_mode": "catmullrom"
						}
					}
				},
				"leftArm": {
					"rotation": {
						"0.0": {
							"post": [-90.86728, 5.07855, -19.37006],
							"lerp_mode": "catmullrom"
						},
						"0.2083": {
							"post": [-90.86728, 5.07855, -19.37006],
							"lerp_mode": "catmullrom"
						},
						"0.375": {
							"post": [-74.53999, -61.32998, -47.94072],
							"lerp_mode": "catmullrom"
						},
						"0.7917": {
							"post": [-74.53999, -61.32998, -47.94072],
							"lerp_mode": "catmullrom"
						},
						"0.9167": {
							"post": [-83.24375, 7.20059, -17.81634],
							"lerp_mode": "catmullrom"
						},
						"1.25": {
							"post": [-90.86728, 5.07855, -19.37006],
							"lerp_mode": "catmullrom"
						}
					},
					"position": {
						"0.0": {
							"post": [0, 0, -4],
							"lerp_mode": "catmullrom"
						},
						"0.2083": {
							"post": [0, 0, -4],
							"lerp_mode": "catmullrom"
						},
						"0.375": {
							"post": [0, 1, -1],
							"lerp_mode": "catmullrom"
						},
						"0.7917": {
							"post": [0, 1, -1],
							"lerp_mode": "catmullrom"
						},
						"0.9167": {
							"post": [0, 0, -4],
							"lerp_mode": "catmullrom"
						},
						"1.25": {
							"post": [0, 0, -4],
							"lerp_mode": "catmullrom"
						}
					}
				},
				"leftArm2": {
					"rotation": {
						"0.0": {
							"post": [92.5, 0, 0],
							"lerp_mode": "catmullrom"
						},
						"1.25": {
							"post": [92.5, 0, 0],
							"lerp_mode": "catmullrom"
						}
					},
					"position": {
						"0.0": {
							"post": [0, 1, 0],
							"lerp_mode": "catmullrom"
						},
						"1.25": {
							"post": [0, 1, 0],
							"lerp_mode": "catmullrom"
						}
					}
				},
				"main": {
					"rotation": {
						"0.0": {
							"post": [-87.5, 0, 0],
							"lerp_mode": "catmullrom"
						},
						"1.25": {
							"post": [-87.5, 0, 0],
							"lerp_mode": "catmullrom"
						}
					},
					"position": {
						"0.0": {
							"post": [0, 0, 0],
							"lerp_mode": "catmullrom"
						},
						"1.25": {
							"post": [0, 0, 0],
							"lerp_mode": "catmullrom"
						}
					}
				}
			}
		}
	}
}