{
   "format_version": "1.17.10",
   "minecraft:entity": {
      "component_groups": {
         "minecraft:huggy_wuggy_adult": {
            "minecraft:on_target_acquired": {
               "event": "minecraft:become_angry",
               "target": "self"
            }
         },
         "minecraft:huggy_wuggy_angry": {
            "minecraft:angry": {
               "broadcastAnger": true,
               "broadcastRange": 20,
               "calm_event": {
                  "event": "minecraft:on_calm",
                  "target": "self"
               },
               "duration": 100000
            },
            "minecraft:on_target_acquired": {},
            "minecraft:variant": {
               "value": 1
            }
         },
         "minecraft:huggy_wuggy_calm": {
            "minecraft:on_target_acquired": {
               "event": "minecraft:become_angry",
               "target": "self"
            },
            "minecraft:variant": {
               "value": 0
            }
         },
         "minecraft:huggy_wuggy_closed": {
            "minecraft:variant": {
               "value": 0
            }
         },
         "minecraft:push_through": {
            "value": 1
         },
         "minecraft:rage": {
            "minecraft:behavior.summon_entity": {
               "priority": 0,
               "probability": 100,
               "summon_choices": [
                  {
                     "cast_duration": 30,
                     "cooldown_time": 100000,
                     "sequence": [
                        {
                           "base_delay": 0,
                           "delay_per_summon": 0,
                           "entity_lifespan": 0,
                           "entity_type": "",
                           "num_entities_spawned": 0,
                           "shape": "circle",
                           "size": 0,
                           "sound_event": "",
                           "target": "self"
                        }
                     ],
                     "start_sound_event": "plop",
                     "weight": 1
                  }
               ]
            },
            "minecraft:on_target_acquired": {}
         },
         "minecraft:scale": {
            "value": 1.2
         }
      },
      "components": {
         "minecraft:attack": {
            "damage": 90000000000000
         },
         "minecraft:behavior.avoid_mob_type": {
            "entity_types": [
               {
                  "filters": {
                     "subject": "other",
                     "test": "is_family",
                     "value": "huggy_wuggy"
                  },
                  "max_dist": 100,
                  "sprint_speed_multiplier": 7,
                  "walk_speed_multiplier": 5
               }
            ],
            "priority": 1
         },
         "minecraft:behavior.float": {
            "priority": 0
         },
         "minecraft:behavior.float": {
            "priority": 0
         },
         "minecraft:behavior.float": {
            "priority": 1
         },
         "minecraft:behavior.hurt_by_target": {
            "priority": 5
         },
         "minecraft:behavior.look_at_player": {
            "look_distance": 6,
            "priority": 8,
            "probability": 0.02
         },
         "minecraft:behavior.melee_attack": {
            "priority": 1,
            "reach_multiplier": 1.1,
            "speed_multiplier": 5,
            "track_target": true
         },
         "minecraft:behavior.move_indoors": {
            "priority": 4,
            "speed_multiplier": 9
         },
         "minecraft:behavior.move_towards_restriction": {
            "priority": 5
         },
         "minecraft:behavior.nearest_attackable_target": {
            "attack_interval": 1,
            "entity_types": [
               {
                  "filters": {
                     "other_with_families": [
                        "villager"
                     ]
                  },
                  "max_dist": 100
               }
            ],
            "must_see": true,
            "must_see_forget_duration": 10000,
            "priority": 1,
            "within_radius": 100
         },
         "minecraft:behavior.open_door": {
            "close_door_after": false,
            "priority": 6
         },
         "minecraft:behavior.random_look_around": {
            "priority": 9
         },
         "minecraft:behavior.random_sitting": {
            "cooldown": 25,
            "min_sit_time": 15,
            "priority": 6,
            "start_chance": 0.02,
            "stop_chance": 10
         },
         "minecraft:behavior.random_stroll": {
            "priority": 7,
            "speed_multiplier": 3
         },
         "minecraft:behavior.restrict_open_door": {
            "priority": 5
         },
         "minecraft:behavior.stay_while_sitting": {
            "priority": 3
         },
         "minecraft:break_blocks": {
            "breakable_blocks": [
               "bamboo",
               "bedrock"
            ]
         },
         "minecraft:breathable": {
            "breathesWater": true,
            "suffocateTime": -1,
            "totalSupply": 15
         },
         "minecraft:can_climb": {},
         "minecraft:collision_box": {
            "height": 1.7,
            "width": 0.5
         },
         "minecraft:damage_sensor": [
            {
               "deals_damage": true
            }
         ],
         "minecraft:fall_damage": {
            "value": 0
         },
         "minecraft:follow_range": {
            "max": 100,
            "value": 100
         },
         "minecraft:health": {
            "max": 300,
            "min": 300,
            "value": 300
         },
         "minecraft:jump.static": {},
         "minecraft:knockback_resistance": {
            "value": 100.9
         },
         "minecraft:lookat": {
            "filters": {
               "all_of": [
                  {
                     "operator": "!=",
                     "subject": "other",
                     "test": "is_family",
                     "value": "huggy_wuggy"
                  },
                  {
                     "domain": "head",
                     "operator": "not",
                     "subject": "other",
                     "test": "has_equipment",
                     "value": "carved_pumpkin"
                  }
               ]
            },
            "look_cooldown": 5,
            "searchRadius": 100,
            "setTarget": true
         },
         "minecraft:loot": {
            "table": "loot_tables/entities/noloot.json"
         },
         "minecraft:movement": {
            "value": 0.1
         },
         "minecraft:movement.basic": {},
         "minecraft:nameable": {},
         "minecraft:navigation.walk": {
            "avoid_portals": true,
            "avoid_water": false,
            "can_open_doors": true,
            "can_pass_doors": true,
            "is_amphibious": true
         },
         "minecraft:physics": {},
         "minecraft:type_family": {
            "family": [
               "huggy_wuggy"
            ]
         },
         "minecraft:underwater_movement": {
            "value": 0.06
         }
      },
      "description": {
         "animations": {
            "attack": "controller.animation.attack",
            "falling": "controller.animation.falling",
            "huggy": "animation.huggy_wuggy",
            "jumpscare": "controller.animation.jumpscare",
            "run": "controller.animation.run",
            "step": "controller.animation.step",
            "step2": "controller.animation.step2",
            "chase": "controller.animation.chase",
            "regeneration": "controller.animation.regeneration",
            "jumpscare": "controller.animation.jumpscare",
            "jumpscare2": "controller.animation.jumpscare2"
         },
         "identifier": "minecraft:player",
         "is_experimental": false,
         "is_spawnable": false,
         "is_summonable": false,
         "scripts": {
            "animate": [
               "huggy",
               "run",
               "attack",
               "jumpscare",
               "falling",
               "step",
               "step2",
               "chase",
               "regeneration",
               "jumpscare",
               "jumpscare2"
            ]
         }
      },
      "events": {
         "minecraft:become_angry": {
            "add": {
               "component_groups": [
                  "minecraft:huggy_wuggy_angry",
                  "minecraft:rage"
               ]
            },
            "remove": {
               "component_groups": [
                  "minecraft:huggy_wuggy_calm",
                  "minecraft:huggy_wuggy_closed"
               ]
            }
         },
         "minecraft:entity_spawned": {
            "randomize": [
               {
                  "add": {
                     "component_groups": [
                        "minecraft:huggy_wuggy_adult",
                        "minecraft:huggy_wuggy_calm"
                     ]
                  },
                  "remove": {},
                  "weight": 95
               }
            ]
         },
         "minecraft:on_calm": {
            "add": {
               "component_groups": [
                  "minecraft:huggy_wuggy_calm",
                  "minecraft:huggy_wuggy_closed"
               ]
            },
            "remove": {
               "component_groups": [
                  "minecraft:huggy_wuggy_angry",
                  "minecraft:rage"
               ]
            }
         }
      }
   }
}