{
	"format_version": "1.10.0",
	"particle_effect": {
		"description": {
			"identifier": "r:error",
			"basic_render_parameters": {
				"material": "particles_alpha",
				"texture": "textures/particles/glitch"
			}
		},
		"components": {
			"minecraft:emitter_rate_instant": {
				"num_particles": 30
			},
			"minecraft:emitter_lifetime_looping": {
				"active_time": 1
			},
			"minecraft:emitter_shape_sphere": {
				"offset": ["variable.aabb.x * Math.random(0, 2) - variable.aabb.x", "variable.aabb.y * Math.random(0, 1)", "variable.aabb.z * Math.random(0, 2) - variable.aabb.z"],
				"radius": 5,
				"direction": ["Math.random(0, 0.4) + Math.random(-1, 1)", "Math.random(0, 0.4) + Math.random(-1, 1)", "Math.random(0, 0.4) + Math.random(-1, 1)"]
			},
			"minecraft:particle_lifetime_expression": {
				"max_lifetime": "4 / Math.Random(1, 5) + 0.1"
			},
			"minecraft:particle_initial_speed": 1,
			"minecraft:particle_motion_dynamic": {
				"linear_acceleration": [0, 2, 0],
				"linear_drag_coefficient": 2.5
			},
			"minecraft:particle_appearance_billboard": {
				"size": ["variable.particle_random_1 * variable.particle_random_2 * 0.7 + 0.4", "variable.particle_random_1 * variable.particle_random_2 * 0.7 + 0.4"],
				"facing_camera_mode": "lookat_xyz",
				"uv": {
					"texture_width": 128,
					"texture_height": 128,
					"flipbook": {
						"base_UV": [56, 0],
						"size_UV": [8, 8],
						"step_UV": [-8, 0],
						"frames_per_second": 8,
						"max_frame": 8,
						"stretch_to_lifetime": true
					}
				}
			},
			"minecraft:particle_appearance_lighting": {},
			"minecraft:particle_appearance_tinting": {
				"color": [0.92157, 0.0549, 1, 1]
			}
		}
	}
}