{
	"format_version": "1.10.0",
	"particle_effect": {
		"description": {
			"identifier": "r:eyes2",
			"basic_render_parameters": {
				"material": "particles_alpha",
				"texture": "textures/particle/particles"
			}
		},
		"components": {
			"minecraft:emitter_initialization": {
				"creation_expression": "variable.speed = 100;"
			},
			"minecraft:emitter_rate_steady": {
				"spawn_rate": 10,
				"max_particles": 100
			},
			"minecraft:emitter_lifetime_looping": {
				"active_time": 1
			},
			"minecraft:emitter_shape_sphere": {
				"radius": 5,
				"direction": "inwards"
			},
			"minecraft:particle_lifetime_expression": {
				"max_lifetime": "0.2 + Math.random(0.0, 0.6)"
			},
			"minecraft:particle_initial_spin": {
				"rotation": 1,
				"rotation_rate": 50
			},
			"minecraft:particle_initial_speed": "Math.random(10.0, 35.0)",
			"minecraft:particle_motion_dynamic": {
				"linear_acceleration": [0, "math.sin(variable.particle_age * 180) * variable.speed /20", 0],
				"linear_drag_coefficient": 5,
				"rotation_acceleration": 100,
				"rotation_drag_coefficient": 50
			},
			"minecraft:particle_appearance_billboard": {
				"size": ["(0.4 + variable.particle_random_1*0.5)", "(0.3 + variable.particle_random_1*0.5)"],
				"facing_camera_mode": "lookat_xyz",
				"uv": {
					"texture_width": 128,
					"texture_height": 128,
					"flipbook": {
						"base_UV": [56, 96],
						"size_UV": [8, 8],
						"step_UV": [-8, 0],
						"frames_per_second": 8,
						"max_frame": 8,
						"stretch_to_lifetime": true
					}
				}
			},
			"minecraft:particle_appearance_lighting": {},
			"minecraft:particle_appearance_tinting": {
				"color": [0.57647, 0.01176, 1, 1]
			}
		}
	}
}