{
   "format_version": "1.10.0",
   "particle_effect": {
      "description": {
         "identifier": "r:halt_fog",
         "basic_render_parameters": {
            "material": "particles_blend",
            "texture": "textures/particles/fog"
         }
      },
      "components": {
         "minecraft:emitter_initialization": {
            "creation_expression": "variable.size = 3;variable.radius = 5;"
         },
         "minecraft:emitter_rate_steady": {
            "spawn_rate": 20,
            "max_particles": 40
         },
         "minecraft:emitter_lifetime_looping": {
            "active_time": 1
         },
         "minecraft:emitter_shape_box": {
            "half_dimensions": [
               16,
               1,
               16
            ],
            "direction": "outwards"
         },
         "minecraft:particle_lifetime_expression": {
            "max_lifetime": 2
         },
         "minecraft:particle_initial_speed": 0.2,
         "minecraft:particle_motion_dynamic": {
            "linear_drag_coefficient": -1
         },
         "minecraft:particle_appearance_billboard": {
            "size": [
               6,
               6
            ],
            "facing_camera_mode": "rotate_xyz",
            "uv": {
               "texture_width": 16,
               "texture_height": 16,
               "uv": [
                  0,
                  0
               ],
               "uv_size": [
                  16,
                  16
               ]
            }
         },
         "minecraft:particle_appearance_lighting": {},
         "minecraft:particle_appearance_tinting": {
            "color": {
               "interpolant": "v.particle_age / v.particle_lifetime",
               "gradient": {
                  "0.42": "#FF41ECFF",
                  "0.63": "#FF42D5FF"
               }
            }
         }
      }
   }
}