{
	"format_version": "1.10.0",
	"particle_effect": {
		"description": {
			"identifier": "r:halt_p",
			"basic_render_parameters": {
				"material": "particles_blend",
				"texture": "textures/particles/fog"
			}
		},
		"components": {
			"minecraft:emitter_local_space": {
				"position": true,
				"rotation": true
			},
			"minecraft:emitter_rate_steady": {
				"spawn_rate": 40,
				"max_particles": 70
			},
			"minecraft:emitter_lifetime_expression": {
				"activation_expression": 1
			},
			"minecraft:emitter_shape_disc": {
				"radius": 20,
				"direction": "inwards"
			},
			"minecraft:particle_lifetime_expression": {
				"max_lifetime": "Math.random(1, 5)"
			},
			"minecraft:particle_initial_speed": 1,
			"minecraft:particle_motion_dynamic": {
				"linear_acceleration": ["(variable.particle_random_1-0.5)", 0, "(variable.particle_random_1-0.5)"]
			},
			"minecraft:particle_appearance_billboard": {
				"size": [1, 1],
				"facing_camera_mode": "rotate_xyz",
				"uv": {
					"texture_width": 16,
					"texture_height": 48,
					"flipbook": {
						"base_UV": [0, 0],
						"size_UV": [16, 15.9999],
						"step_UV": [0, -0.9999],
						"max_frame": 32,
						"stretch_to_lifetime": true
					}
				}
			},
			"minecraft:particle_appearance_tinting": {
				"color": [0.00392, 1, 0.81961, 1]
			}
		}
	}
}