{
   "format_version": "1.10.0",
   "particle_effect": {
      "description": {
         "identifier": "r:rush_jumpscare",
         "basic_render_parameters": {
            "material": "particles_alpha",
            "texture": "textures/particles/rush"
         }
      },
      "components": {
         "minecraft:emitter_rate_instant": {
            "num_particles": 1
         },
         "minecraft:emitter_lifetime_once": {
            "active_time": 1
         },
         "minecraft:emitter_shape_point": {
            "offset": [
               0,
               1,
               0
            ]
         },
         "minecraft:particle_lifetime_expression": {
            "max_lifetime": 0.08
         },
         "minecraft:particle_initial_speed": 0,
         "minecraft:particle_motion_dynamic": {},
         "minecraft:particle_appearance_billboard": {
            "size": [
               1,
               1
            ],
            "facing_camera_mode": "rotate_xyz",
            "uv": {
               "texture_width": 1,
               "texture_height": 1,
               "uv": [
                  0,
                  0
               ],
               "uv_size": [
                  1,
                  1
               ]
            }
         }
      }
   }
}