{
  "format_version": "1.16.0",
  "minecraft:entity": {
    "description": {
		"identifier": "among:grabpack_g_direction",
		"is_spawnable": false,
		"is_summonable": true,
		"is_experimental": false
    },
    "components": {
	  "minecraft:type_family": {
		"family": ["grabpack_g_direction"]
	  },
      "minecraft:collision_box": {
        "width": 0.5,
        "height": 0.5
      },
	  "minecraft:input_ground_controlled": {},
	  "minecraft:rideable": {
		"controlling_seat": 0,
		"interact_text": "hello there",
		"family_types": ["player"],
		"pull_in_entities": true,
		"seat_count": 1,
		"rider_can_interact": false,
		"seats": [
			{	
				"max_rider_count": 1,
				"min_rider_count": 0,
				"rotate_rider_by": 0.0,
				"position": [0.0,0.0,0.0]
			}
		]
	  },
      "minecraft:physics": {
		"has_gravity":false,
		"has_collision":false
      },
	  "minecraft:damage_sensor": {
		"triggers": {
			"cause": "all",
			"deals_damage": false
		}
	  },
      "minecraft:pushable": {
        "is_pushable": false,
        "is_pushable_by_piston": false
      },
	  "minecraft:despawn": {
		"filters": {
			"any_of": [
				{"test":"rider_count","value":0},
				{"test":"is_riding","value":false}
			]
		}
	  }
    }
  }
}