{
  "format_version": "1.16.0",
  "minecraft:entity": {
    "description": {
      "identifier": "among:hand_g",
      "is_spawnable": false,
      "is_summonable": true,
      "is_experimental": false
    },
	"component_groups": {
		"among:mark_grabbed": {
		  "minecraft:variant": {
			"value" : 1
		  }
		},
		"among:hand_gone": {
			"minecraft:instant_despawn": {
				"remove_child_entities":true
			}
		}
	},
    "components": {
		  "minecraft:variant": {
			"value" : 0
		  },
			"minecraft:timer": {
			  "looping": false,
			  "time": 10,
			  "randomInterval": false,
			  "time_down_event": {
				"event": "among:hand_g_timeout"
			  }
			},
	  "minecraft:type_family": {
		"family": ["hand_g"]
	  },
      "minecraft:collision_box": {
        "width": 0.25,
        "height": 0.25
      },
      "minecraft:spawn_entity": {
        "entities": [
          {
            "min_wait_time": 0,
            "max_wait_time": 0,
            "spawn_entity": "among:grabpack_g_intermediate",
            "single_use": true,
            "num_to_spawn": 1,
            "should_leash": true
          }
        ]
      },
	  "minecraft:damage_sensor": {
		"triggers": {
			"cause": "all",
			"deals_damage": false
		}
	  },
      "minecraft:projectile": {
        "on_hit": {
          "stick_in_ground": {
			"shake_time" : 0
          },
		  "definition_event": {
			"affect_projectile": true,
			"event_trigger": {
				"event": "among:landed",
				"target":"self"
			}
		  }
        },
        "power": 1.6,
        "gravity": 0.08,
		"inertia": 0.97,
        "anchor": 50,
        "should_bounce": false,
		"stop_on_hurt": true,
		"destroy_on_hurt": false,
		"multiple_targets": true,
        "offset": [ 0, -0.1, 0 ],
		"filter": {
			"any_of": [
				{"test":"is_leashed","subject":"other"},
				{"test":"is_leashed","subject":"other","value":false}
			]
		},
        "hit_sound": "mob.grabpack.shoot",
        "hit_ground_sound": "mob.grabpack.shoot",
        "shoot_sound": "mob.grabpack.shoot"
      },
      "minecraft:physics": {
		"has_gravity":false,
		"has_collision":false
      },
			"minecraft:conditional_bandwidth_optimization": {
				"default_values": {
					"max_optimized_distance": 80.0,
					"max_dropped_ticks": 7,
					"use_motion_prediction_hints": true
				  }
			},
      "minecraft:pushable": {
        "is_pushable": false,
        "is_pushable_by_piston": true
      }
    },
	"events": {
		"among:landed": {
		  "sequence": [
			{
				"add": {
					"component_groups": [
						"among:mark_grabbed"
					]
				}
			}
		  ]
		},
		"among:hand_g_timeout": {
			"add": {
				"component_groups": [
					"among:hand_gone"
				]
			}
		}
	}
  }
}