{
	"format_version": "1.10.0",
	"geometry.sb_sandy": {
		"texturewidth": 64,
		"textureheight": 64,
		"visible_bounds_width": 2,
		"visible_bounds_height": 3,
		"visible_bounds_offset": [0, 1.5, 0],
		"bones": [
			{
				"name": "root",
				"pivot": [0, 0, 0]
			},
			{
				"name": "waist",
				"parent": "root",
				"pivot": [0, 12, 0]
			},
			{
				"name": "body",
				"parent": "waist",
				"pivot": [0, 24, 0],
				"cubes": [
					{"origin": [-2, 10, -2], "size": [5, 8, 3], "uv": [2, 53]},
					{"origin": [0, 9, 0], "size": [1, 1, 1], "uv": [55, 57]},
					{"origin": [-2, 15, -3], "size": [2, 2, 1], "uv": [10, 25]},
					{"origin": [1, 15, -3], "size": [2, 2, 1], "uv": [10, 25]},
					{"origin": [-2, 9, -3], "size": [5, 2, 1], "uv": [39, 39]},
					{"origin": [-2, 9, 1], "size": [5, 2, 1], "uv": [40, 44]},
					{"origin": [-3, 9, -2], "size": [1, 2, 3], "uv": [41, 37]},
					{"origin": [3, 9, -2], "size": [1, 2, 3], "uv": [41, 37]},
					{"origin": [0, 9, 2], "size": [1, 4, 1], "uv": [60, 5]},
					{"origin": [0, 13, 2], "size": [1, 3, 3], "uv": [31, 16]},
					{"origin": [0, 18, -1], "size": [1, 1, 1], "uv": [27, 1]},
					{"origin": [-3, 19, -3], "size": [7, 3, 5], "uv": [18, 7]},
					{"origin": [-2, 22, -2], "size": [5, 3, 3], "uv": [23, 0]},
					{"origin": [-2, 25, -1], "size": [1, 1, 1], "uv": [27, 1]},
					{"origin": [2, 25, -1], "size": [1, 1, 1], "uv": [27, 1]}
				]
			},
			{
				"name": "head",
				"parent": "body",
				"pivot": [0, 24, 0]
			},
			{
				"name": "hat",
				"parent": "head",
				"pivot": [0, 24, 0]
			},
			{
				"name": "cape",
				"parent": "body",
				"pivot": [0, 24, 3]
			},
			{
				"name": "jacket",
				"parent": "body",
				"pivot": [0, 24, 0]
			},
			{
				"name": "leftLeg",
				"parent": "root",
				"pivot": [1.9, 12, 0],
				"cubes": [
					{"origin": [0.9, 1, -1], "size": [1, 9, 1], "uv": [60, 1]},
					{"origin": [0.9, 0, -2], "size": [1, 1, 2], "uv": [52, 55]}
				]
			},
			{
				"name": "leftPants",
				"parent": "leftLeg",
				"pivot": [1.9, 12, 0]
			},
			{
				"name": "rightLeg",
				"parent": "root",
				"pivot": [-1.9, 12, 0],
				"cubes": [
					{"origin": [-0.9, 1, -1], "size": [1, 9, 1], "uv": [60, 1]},
					{"origin": [-0.9, 0, -2], "size": [1, 1, 2], "uv": [52, 55]}
				]
			},
			{
				"name": "rightPants",
				"parent": "rightLeg",
				"pivot": [-1.9, 12, 0]
			},
			{
				"name": "Sandyarm1",
				"pivot": [7, 0, 0],
				"rotation": [0, 0, -25],
				"cubes": [
					{"origin": [10, 11, -1], "size": [1, 7, 1], "uv": [54, 53]},
					{"origin": [10, 8, -2], "size": [1, 3, 3], "uv": [56, 2]},
					{"origin": [10, 10, -3], "size": [1, 1, 1], "uv": [56, 2]}
				]
			},
			{
				"name": "Sandyarm2",
				"pivot": [-7, 0, 0],
				"rotation": [0, 0, 25],
				"cubes": [
					{"origin": [-10, 11, -1], "size": [1, 7, 1], "uv": [54, 53]},
					{"origin": [-10, 8, -2], "size": [1, 3, 3], "uv": [56, 2]},
					{"origin": [-10, 10, -3], "size": [1, 1, 1], "uv": [56, 2]}
				]
			}
		]
	}
}