{
	"format_version": "1.12.0",
	"minecraft:geometry": [
		{
			"description": {
				"identifier": "geometry.sb_wormy",
				"texture_width": 64,
				"texture_height": 64,
				"visible_bounds_width": 2,
				"visible_bounds_height": 2.5,
				"visible_bounds_offset": [0, 0.75, 0]
			},
			"bones": [
				{
					"name": "bb_main",
					"pivot": [0, 0, 0],
					"cubes": [
						{"origin": [-1, 0, 2], "size": [3, 3, 4], "uv": [27, 29]},
						{"origin": [-1, 3, -2], "size": [3, 3, 6], "uv": [27, 29]},
						{"origin": [-1, 0, -4], "size": [3, 3, 4], "uv": [27, 29]},
						{"origin": [-1, 7, -8], "size": [3, 3, 4], "uv": [16, 57]},
						{"origin": [-1, 0, -7], "size": [3, 7, 3], "uv": [27, 29]}
					]
				}
			]
		}
	]
}