{
	"format_version": "1.12.0",
	"minecraft:geometry": [
		{
			"description": {
				"identifier": "geometry.ak_draco",
				"texture_width": 128,
				"texture_height": 128,
				"visible_bounds_width": 7,
				"visible_bounds_height": 5,
				"visible_bounds_offset": [0, 0.5, 0]
			},
			"bones": [
				{
					"name": "root",
					"pivot": [0, 0, 0]
				},
				{
					"name": "waist",
					"parent": "root",
					"pivot": [0, 12, 0]
				},
				{
					"name": "body",
					"parent": "waist",
					"pivot": [0, 24, 0]
				},
				{
					"name": "rightArm",
					"parent": "body",
					"pivot": [-5, 22, 0]
				},
				{
					"name": "gun",
					"parent": "rightArm",
					"pivot": [-5.75, 13.2, 0.1],
					"rotation": [90, 0, 0]
				},
				{
					"name": "ak_draco",
					"parent": "gun",
					"pivot": [1, 0, 0]
				},
				{
					"name": "bone",
					"parent": "ak_draco",
					"pivot": [-5.84756, 13, 1.28056],
					"rotation": [25, 0, 0],
					"cubes": [
						{"origin": [-6.26731, 10.16125, 1.71693], "size": [1.34, 5.98244, 1.53512], "inflate": -0.5, "pivot": [-5.61032, 13, 2.22905], "rotation": [0, 20, 0], "uv": [48, 65]},
						{"origin": [-6.13238, 10.16125, 1.83937], "size": [1.34, 5.98244, 1.34], "inflate": -0.5, "pivot": [-5.47539, 13, 2.15636], "rotation": [0, 40, 0], "uv": [44, 65]},
						{"origin": [-6.1438, 10.16125, 0.90135], "size": [1.34, 5.98244, 2.31561], "inflate": -0.5, "pivot": [-5.48681, 13, 2.19395], "rotation": [0, 80, 0], "uv": [13, 25]},
						{"origin": [-6.11997, 10.16125, 1.63056], "size": [2.02293, 5.98244, 1.34], "inflate": -0.5, "pivot": [-5.46298, 13, 1.94755], "rotation": [0, 90, 0], "uv": [28, 45]},
						{"origin": [-7.39795, 10.16125, 1.63056], "size": [1.92537, 6.32619, 1.34], "inflate": -0.5, "pivot": [-6.74096, 13, 1.94755], "rotation": [0, 90, 0], "uv": [43, 23]},
						{"origin": [-8.1792, 14.255, 1.63056], "size": [2.70662, 2.23244, 1.34], "inflate": -0.5, "pivot": [-6.74096, 13, 1.94755], "rotation": [0, 90, 0], "uv": [41, 19]},
						{"origin": [-6.56904, 10.16125, 1.51291], "size": [1.34, 5.98244, 1.73024], "inflate": -0.5, "pivot": [-5.91205, 13, 2.22015], "rotation": [0, -20, 0], "uv": [64, 57]},
						{"origin": [-6.69946, 10.16125, 0.35923], "size": [1.34, 5.00683, 2.80341], "inflate": -0.5, "pivot": [-6.04247, 13, 2.13964], "rotation": [0, -40, 0], "uv": [18, 13]},
						{"origin": [-6.67262, 10.16125, 1.85133], "size": [1.34, 5.98244, 1.34], "inflate": -0.5, "pivot": [-6.01563, 13, 2.16832], "rotation": [0, -80, 0], "uv": [64, 28]},
						{"origin": [-6.41896, 10.16125, 0.76348], "size": [1.34, 4.61659, 2.51073], "inflate": -0.5, "uv": [44, 0]}
					]
				},
				{
					"name": "bone2",
					"parent": "ak_draco",
					"pivot": [-5.84756, 13.19512, 1.6708],
					"rotation": [-25, 180, 0],
					"cubes": [
						{"origin": [-6.46451, 10.35637, 0.40897], "size": [1.34, 4.61659, 2.51073], "inflate": -0.5, "pivot": [-5.80752, 13.19512, 1.89669], "rotation": [0, 20, 0], "uv": [0, 44]},
						{"origin": [-6.32958, 10.35637, 1.50702], "size": [1.34, 4.81171, 1.34], "inflate": -0.5, "pivot": [-5.67259, 13.19512, 1.82401], "rotation": [0, 40, 0], "uv": [70, 44]},
						{"origin": [-6.341, 10.35637, 1.54461], "size": [1.34, 4.90927, 1.34], "inflate": -0.5, "pivot": [-5.68401, 13.19512, 1.8616], "rotation": [0, 80, 0], "uv": [7, 70]},
						{"origin": [-6.76624, 10.35637, 0.20495], "size": [1.34, 4.71415, 2.70585], "inflate": -0.5, "pivot": [-6.10925, 13.19512, 1.88779], "rotation": [0, -20, 0], "uv": [41, 10]},
						{"origin": [-6.89666, 10.35637, 1.49029], "size": [1.34, 5.00683, 1.34], "inflate": -0.5, "pivot": [-6.23967, 13.19512, 1.80728], "rotation": [0, -40, 0], "uv": [64, 0]},
						{"origin": [-6.86982, 10.35637, 1.51898], "size": [1.34, 5.10439, 1.34], "inflate": -0.5, "pivot": [-6.21283, 13.19512, 1.83597], "rotation": [0, -80, 0], "uv": [63, 36]},
						{"origin": [-6.61616, 10.35637, 1.60186], "size": [1.34, 4.61659, 1.34], "inflate": -0.5, "uv": [69, 20]}
					]
				},
				{
					"name": "bone3",
					"parent": "ak_draco",
					"pivot": [-4.38415, 15.34146, -0.37798],
					"rotation": [180, 180, 90],
					"cubes": [
						{"origin": [-5.59754, 15.44201, -0.45623], "size": [1.374, 2.52946, 1.374], "inflate": -0.5, "pivot": [-4.92486, 16.80732, -0.15754], "rotation": [0, 20, 0], "uv": [39, 75]},
						{"origin": [-5.44912, 15.44201, -0.53618], "size": [1.76424, 2.52946, 1.374], "inflate": -0.5, "pivot": [-4.77643, 16.80732, -0.23749], "rotation": [0, 40, 0], "uv": [35, 75]},
						{"origin": [-5.92945, 15.44201, -0.46602], "size": [1.374, 2.52946, 2.15449], "inflate": -0.5, "pivot": [-5.25676, 16.80732, -0.16733], "rotation": [0, -20, 0], "uv": [46, 34]},
						{"origin": [-6.07291, 15.44201, -0.55458], "size": [2.15449, 2.52946, 1.66668], "inflate": -0.5, "pivot": [-5.40022, 16.80732, -0.25589], "rotation": [0, -40, 0], "uv": [22, 41]},
						{"origin": [-6.52655, 15.44201, -0.12056], "size": [2.15449, 2.52946, 1.66668], "inflate": -0.5, "pivot": [-5.85386, 16.80732, 0.17813], "rotation": [0, -22.5, 0], "uv": [39, 32]},
						{"origin": [-5.76436, 15.44201, -0.43186], "size": [1.374, 2.52946, 1.374], "inflate": -0.5, "uv": [31, 75]}
					]
				},
				{
					"name": "bone4",
					"parent": "ak_draco",
					"pivot": [-7.11585, 15.34146, -1.64627],
					"rotation": [0, 180, 90],
					"cubes": [
						{"origin": [-8.32925, 15.44201, -1.72452], "size": [1.374, 2.52946, 1.374], "inflate": -0.5, "pivot": [-7.65656, 16.80732, -1.42583], "rotation": [0, 20, 0], "uv": [27, 75]},
						{"origin": [-8.18083, 15.44201, -1.80447], "size": [1.76424, 2.52946, 1.374], "inflate": -0.5, "pivot": [-7.50814, 16.80732, -1.50579], "rotation": [0, 40, 0], "uv": [23, 75]},
						{"origin": [-8.66116, 15.44201, -1.73431], "size": [1.374, 2.52946, 1.374], "inflate": -0.5, "pivot": [-7.98847, 16.80732, -1.43562], "rotation": [0, -20, 0], "uv": [19, 75]},
						{"origin": [-9.0348, 15.44201, -1.82287], "size": [1.60418, 2.52946, 1.374], "inflate": -0.5, "pivot": [-8.13193, 16.80732, -1.52418], "rotation": [0, -40, 0], "uv": [15, 75]},
						{"origin": [-8.49607, 15.44201, -1.70015], "size": [1.374, 2.52946, 1.374], "inflate": -0.5, "uv": [11, 75]}
					]
				},
				{
					"name": "bone5",
					"parent": "ak_draco",
					"pivot": [-5.84756, 14.7561, 0.50007],
					"rotation": [-37.5, 0, 0],
					"cubes": [
						{"origin": [-6.26731, 14.16125, 1.13157], "size": [1.34, 2.86049, 1.34], "inflate": -0.5, "pivot": [-5.61032, 14.7561, 1.44856], "rotation": [0, 20, 0], "uv": [7, 75]},
						{"origin": [-6.13238, 14.16125, 1.05888], "size": [1.34, 2.86049, 1.34], "inflate": -0.5, "pivot": [-5.47539, 14.7561, 1.37587], "rotation": [0, 40, 0], "uv": [74, 70]},
						{"origin": [-6.1438, 14.16125, 1.09647], "size": [1.34, 2.86049, 1.34], "inflate": -0.5, "pivot": [-5.48681, 14.7561, 1.41346], "rotation": [0, 80, 0], "uv": [74, 57]},
						{"origin": [-6.11997, 14.16125, 0.85007], "size": [1.34, 2.86049, 1.34], "inflate": -0.5, "pivot": [-5.46298, 14.7561, 1.16706], "rotation": [0, 90, 0], "uv": [74, 45]},
						{"origin": [-7.39795, 14.16125, 0.85007], "size": [1.34, 2.86049, 1.34], "inflate": -0.5, "pivot": [-6.74096, 14.7561, 1.16706], "rotation": [0, 90, 0], "uv": [74, 32]},
						{"origin": [-6.56904, 14.16125, 1.12267], "size": [1.34, 2.86049, 1.34], "inflate": -0.5, "pivot": [-5.91205, 14.7561, 1.43966], "rotation": [0, -20, 0], "uv": [73, 74]},
						{"origin": [-6.69946, 14.16125, 1.04216], "size": [1.34, 2.86049, 1.34], "inflate": -0.5, "pivot": [-6.04247, 14.7561, 1.35915], "rotation": [0, -40, 0], "uv": [55, 74]},
						{"origin": [-6.67262, 14.16125, 1.07085], "size": [1.34, 2.86049, 1.34], "inflate": -0.5, "pivot": [-6.01563, 14.7561, 1.38784], "rotation": [0, -80, 0], "uv": [51, 74]},
						{"origin": [-6.41896, 14.16125, 1.15372], "size": [1.34, 2.86049, 1.34], "inflate": -0.5, "uv": [3, 74]}
					]
				},
				{
					"name": "bone6",
					"parent": "ak_draco",
					"pivot": [-5.84756, 13.19512, 0.79275],
					"cubes": [
						{"origin": [-6.26731, 12.60027, 1.42425], "size": [1.34, 3.73854, 1.34], "inflate": -0.5, "pivot": [-5.61032, 13.19512, 1.74124], "rotation": [0, 20, 0], "uv": [73, 16]},
						{"origin": [-6.13238, 12.60027, 1.35157], "size": [1.34, 3.73854, 1.34], "inflate": -0.5, "pivot": [-5.47539, 13.19512, 1.66856], "rotation": [0, 40, 0], "uv": [73, 12]},
						{"origin": [-6.1438, 12.60027, 1.38915], "size": [1.34, 3.73854, 1.34], "inflate": -0.5, "pivot": [-5.48681, 13.19512, 1.70614], "rotation": [0, 80, 0], "uv": [73, 8]},
						{"origin": [-6.11997, 12.60027, 1.14275], "size": [1.34, 3.73854, 1.34], "inflate": -0.5, "pivot": [-5.46298, 13.19512, 1.45974], "rotation": [0, 90, 0], "uv": [66, 73]},
						{"origin": [-7.39795, 12.60027, 1.14275], "size": [1.34, 3.73854, 1.34], "inflate": -0.5, "pivot": [-6.74096, 13.19512, 1.45974], "rotation": [0, 90, 0], "uv": [59, 73]},
						{"origin": [-6.56904, 12.60027, 1.41535], "size": [1.34, 3.73854, 1.34], "inflate": -0.5, "pivot": [-5.91205, 13.19512, 1.73234], "rotation": [0, -20, 0], "uv": [72, 53]},
						{"origin": [-6.69946, 12.60027, 1.33484], "size": [1.34, 3.73854, 1.34], "inflate": -0.5, "pivot": [-6.04247, 13.19512, 1.65183], "rotation": [0, -40, 0], "uv": [72, 49]},
						{"origin": [-6.67262, 12.60027, 1.36353], "size": [1.34, 3.73854, 1.34], "inflate": -0.5, "pivot": [-6.01563, 13.19512, 1.68052], "rotation": [0, -80, 0], "uv": [72, 28]},
						{"origin": [-6.41896, 12.60027, 1.4464], "size": [1.34, 3.73854, 1.34], "inflate": -0.5, "uv": [72, 24]}
					]
				},
				{
					"name": "bone7",
					"parent": "ak_draco",
					"pivot": [-5.84756, 13.97561, 0.50007],
					"rotation": [-12.5, 0, 0],
					"cubes": [
						{"origin": [-6.26731, 13.38076, 1.13157], "size": [1.34, 3.15317, 1.34], "inflate": -0.5, "pivot": [-5.61032, 13.97561, 1.44856], "rotation": [0, 20, 0], "uv": [72, 4]},
						{"origin": [-6.13238, 13.38076, 1.05888], "size": [1.34, 3.15317, 1.34], "inflate": -0.5, "pivot": [-5.47539, 13.97561, 1.37587], "rotation": [0, 40, 0], "uv": [72, 0]},
						{"origin": [-6.1438, 13.38076, 1.09647], "size": [1.34, 3.15317, 1.34], "inflate": -0.5, "pivot": [-5.48681, 13.97561, 1.41346], "rotation": [0, 80, 0], "uv": [71, 67]},
						{"origin": [-6.11997, 13.18564, 0.85007], "size": [1.92537, 3.34829, 1.34], "inflate": -0.5, "pivot": [-5.46298, 13.97561, 1.16706], "rotation": [0, 90, 0], "uv": [71, 63]},
						{"origin": [-7.39795, 13.38076, 0.85007], "size": [1.34, 3.15317, 1.34], "inflate": -0.5, "pivot": [-6.74096, 13.97561, 1.16706], "rotation": [0, 90, 0], "uv": [71, 59]},
						{"origin": [-6.56904, 13.38076, 1.12267], "size": [1.34, 3.15317, 1.34], "inflate": -0.5, "pivot": [-5.91205, 13.97561, 1.43966], "rotation": [0, -20, 0], "uv": [71, 38]},
						{"origin": [-6.69946, 13.38076, 1.04216], "size": [1.34, 3.15317, 1.34], "inflate": -0.5, "pivot": [-6.04247, 13.97561, 1.35915], "rotation": [0, -40, 0], "uv": [71, 34]},
						{"origin": [-6.67262, 13.38076, 1.07085], "size": [1.34, 3.15317, 1.34], "inflate": -0.5, "pivot": [-6.01563, 13.97561, 1.38784], "rotation": [0, -80, 0], "uv": [70, 71]},
						{"origin": [-6.41896, 13.38076, 1.15372], "size": [1.34, 3.15317, 1.34], "inflate": -0.5, "uv": [48, 71]}
					]
				},
				{
					"name": "bone8",
					"parent": "ak_draco",
					"pivot": [-5.84756, 16.31707, 1.57324],
					"rotation": [-82.5, 0, 0],
					"cubes": [
						{"origin": [-6.26731, 15.72222, 2.20474], "size": [1.34, 4.12878, 1.34], "inflate": -0.5, "pivot": [-5.61032, 16.31707, 2.52173], "rotation": [0, 20, 0], "uv": [69, 15]},
						{"origin": [-6.13238, 15.72222, 2.13205], "size": [1.34, 3.41003, 1.34], "inflate": -0.5, "pivot": [-5.47539, 16.31707, 2.44904], "rotation": [0, 40, 0], "uv": [44, 71]},
						{"origin": [-6.1438, 15.72222, 2.16964], "size": [1.34, 2.47024, 1.34], "inflate": -0.5, "pivot": [-5.48681, 16.31707, 2.48663], "rotation": [0, 80, 0], "uv": [73, 42]},
						{"origin": [-6.11997, 15.72222, 1.92324], "size": [1.34, 2.5678, 1.34], "inflate": -0.5, "pivot": [-5.46298, 16.31707, 2.24023], "rotation": [0, 90, 0], "uv": [73, 20]},
						{"origin": [-7.39795, 15.72222, 1.92324], "size": [1.34, 2.5678, 1.34], "inflate": -0.5, "pivot": [-6.74096, 16.31707, 2.24023], "rotation": [0, 90, 0], "uv": [63, 42]},
						{"origin": [-6.56904, 15.72222, 2.19584], "size": [1.34, 4.12878, 1.34], "inflate": -0.5, "pivot": [-5.91205, 16.31707, 2.51283], "rotation": [0, -20, 0], "uv": [69, 10]},
						{"origin": [-6.69946, 15.72222, 2.11533], "size": [1.34, 3.73854, 1.34], "inflate": -0.5, "pivot": [-6.04247, 16.31707, 2.43232], "rotation": [0, -40, 0], "uv": [31, 71]},
						{"origin": [-6.67262, 15.72222, 2.14402], "size": [1.34, 2.47024, 1.34], "inflate": -0.5, "pivot": [-6.01563, 16.31707, 2.46101], "rotation": [0, -80, 0], "uv": [56, 36]},
						{"origin": [-6.41896, 15.72222, 2.22689], "size": [1.34, 4.12878, 1.34], "inflate": -0.5, "uv": [56, 69]}
					]
				},
				{
					"name": "bone9",
					"parent": "ak_draco",
					"pivot": [-5.91387, 16.5122, 2.74397],
					"rotation": [-90, 0, 0],
					"cubes": [
						{"origin": [-6.27458, 15.62476, 3.27695], "size": [1.34, 7.90927, 1.34], "inflate": -0.5, "pivot": [-5.61759, 16.21961, 3.59394], "rotation": [0, 20, 0], "uv": [39, 23]},
						{"origin": [-6.18628, 16.62476, 3.33029], "size": [2.1525, 9.12878, 1.34], "inflate": -0.5, "pivot": [-5.52929, 16.21961, 3.64728], "rotation": [0, 90, 0], "uv": [0, 0]},
						{"origin": [-6.07334, 16.40525, 2.30244], "size": [1.34, 7.34829, 1.34], "inflate": -0.5, "pivot": [-5.41635, 16.21961, 2.61943], "rotation": [0, 40, 0], "uv": [15, 35]},
						{"origin": [-6.13965, 15.62476, 3.20427], "size": [1.34, 8.12878, 1.34], "inflate": -0.5, "pivot": [-5.48266, 16.21961, 3.52126], "rotation": [0, 40, 0], "uv": [26, 25]},
						{"origin": [-6.57631, 15.62476, 3.26805], "size": [1.34, 7.90927, 1.34], "inflate": -0.5, "pivot": [-5.91932, 16.21961, 3.58504], "rotation": [0, -20, 0], "uv": [11, 35]},
						{"origin": [-6.70673, 15.62476, 3.18754], "size": [1.34, 8.12878, 1.34], "inflate": -0.5, "pivot": [-6.04974, 16.21961, 3.50453], "rotation": [0, -40, 0], "uv": [4, 23]},
						{"origin": [-6.76059, 16.21013, 2.28571], "size": [1.34, 9.54341, 1.34], "inflate": -0.5, "pivot": [-6.1036, 16.21961, 2.6027], "rotation": [0, -40, 0], "uv": [22, 0]},
						{"origin": [-6.42623, 15.62476, 3.2991], "size": [1.34, 7.90927, 1.34], "inflate": -0.5, "uv": [30, 25]}
					]
				},
				{
					"name": "bone10",
					"parent": "ak_draco",
					"pivot": [-5.84756, 16.5122, 2.93909],
					"rotation": [-90, 0, 0],
					"cubes": [
						{"origin": [-6.2633, 15.9126, 3.62717], "size": [1.357, 1.41693, 1.357], "inflate": -0.5, "pivot": [-5.59846, 16.5122, 3.93501], "rotation": [0, 20, 0], "uv": [75, 48]},
						{"origin": [-6.12162, 15.9126, 3.55085], "size": [1.357, 1.41693, 1.357], "inflate": -0.5, "pivot": [-5.45678, 16.5122, 3.85869], "rotation": [0, 40, 0], "uv": [75, 39]},
						{"origin": [-6.13362, 15.9126, 3.59032], "size": [1.357, 1.41693, 1.357], "inflate": -0.5, "pivot": [-5.46878, 16.5122, 3.89815], "rotation": [0, 80, 0], "uv": [75, 35]},
						{"origin": [-6.10859, 15.9126, 3.3316], "size": [3.99115, 1.41693, 1.357], "inflate": -0.5, "pivot": [-5.44375, 16.5122, 3.63943], "rotation": [0, 90, 0], "uv": [26, 0]},
						{"origin": [-7.45047, 15.9126, 3.3316], "size": [3.79602, 1.41693, 2.357], "inflate": -0.5, "pivot": [-6.78563, 16.5122, 3.63943], "rotation": [0, 90, 0], "uv": [0, 18]},
						{"origin": [-7.45047, 15.9126, 3.3316], "size": [3.79602, 1.41693, 2.357], "inflate": -0.5, "pivot": [-6.78563, 16.5122, 3.63943], "rotation": [0, 90, 0], "uv": [0, 15]},
						{"origin": [-6.58012, 15.9126, 3.61782], "size": [1.357, 1.41693, 1.357], "inflate": -0.5, "pivot": [-5.91528, 16.5122, 3.92566], "rotation": [0, -20, 0], "uv": [75, 27]},
						{"origin": [-6.71705, 15.9126, 3.53329], "size": [1.357, 1.41693, 1.357], "inflate": -0.5, "pivot": [-6.05221, 16.5122, 3.84113], "rotation": [0, -40, 0], "uv": [75, 23]},
						{"origin": [-6.68887, 15.9126, 3.56341], "size": [1.357, 1.41693, 1.357], "inflate": -0.5, "pivot": [-6.02403, 16.5122, 3.87125], "rotation": [0, -80, 0], "uv": [75, 3]},
						{"origin": [-6.42253, 15.9126, 3.65043], "size": [1.357, 1.41693, 1.357], "inflate": -0.5, "uv": [47, 75]}
					]
				},
				{
					"name": "bone11",
					"parent": "ak_draco",
					"pivot": [-5.84756, 17.78049, 3.13422],
					"rotation": [90, 0, 0],
					"cubes": [
						{"origin": [-6.2633, 17.18089, 3.82229], "size": [1.357, 1.41693, 1.357], "inflate": -0.5, "pivot": [-5.59846, 17.78049, 4.13013], "rotation": [0, 20, 0], "uv": [43, 75]},
						{"origin": [-6.12162, 17.18089, 3.74597], "size": [1.357, 1.41693, 1.357], "inflate": -0.5, "pivot": [-5.45678, 17.78049, 4.05381], "rotation": [0, 40, 0], "uv": [74, 66]},
						{"origin": [-6.13362, 17.18089, 3.78544], "size": [1.357, 1.41693, 1.357], "inflate": -0.5, "pivot": [-5.46878, 17.78049, 4.09328], "rotation": [0, 80, 0], "uv": [74, 62]},
						{"origin": [-6.10859, 17.18089, 3.52672], "size": [1.357, 1.41693, 1.357], "inflate": -0.5, "pivot": [-5.44375, 17.78049, 3.83456], "rotation": [0, 90, 0], "uv": [74, 37]},
						{"origin": [-7.45047, 17.18089, 3.52672], "size": [1.357, 1.41693, 1.357], "inflate": -0.5, "pivot": [-6.78563, 17.78049, 3.83456], "rotation": [0, 90, 0], "uv": [42, 53]},
						{"origin": [-6.58012, 17.18089, 3.81294], "size": [1.357, 1.41693, 1.357], "inflate": -0.5, "pivot": [-5.91528, 17.78049, 4.12078], "rotation": [0, -20, 0], "uv": [52, 8]},
						{"origin": [-6.71705, 17.18089, 3.72841], "size": [1.357, 1.41693, 1.357], "inflate": -0.5, "pivot": [-6.05221, 17.78049, 4.03625], "rotation": [0, -30, 0], "uv": [51, 41]},
						{"origin": [-6.68887, 17.18089, 3.75853], "size": [1.357, 1.41693, 1.357], "inflate": -0.5, "pivot": [-6.02403, 17.78049, 4.06637], "rotation": [0, -80, 0], "uv": [21, 51]},
						{"origin": [-6.42253, 17.18089, 3.84555], "size": [1.357, 1.41693, 1.357], "inflate": -0.5, "uv": [39, 50]}
					]
				},
				{
					"name": "bone12",
					"parent": "ak_draco",
					"pivot": [-5.84756, 20.41463, 10.15861],
					"rotation": [90, 0, 0],
					"cubes": [
						{"origin": [-6.26731, 16.87641, 7.73037], "size": [1.34, 10.93366, 1.34], "inflate": -0.5, "pivot": [-5.61032, 22.47126, 8.04736], "rotation": [0, 20, 0], "uv": [40, 64]},
						{"origin": [-6.13238, 16.87641, 7.65768], "size": [1.34, 10.93366, 1.34], "inflate": -0.5, "pivot": [-5.47539, 22.47126, 7.97467], "rotation": [0, 40, 0], "uv": [36, 64]},
						{"origin": [-6.1438, 16.87641, 7.69527], "size": [1.34, 10.95805, 1.34], "inflate": -0.5, "pivot": [-5.48681, 22.47126, 8.01226], "rotation": [0, 80, 0], "uv": [63, 63]},
						{"origin": [-6.1438, 26.3, 7.69527], "size": [1.34, 9.5, 1.34], "inflate": -0.5, "pivot": [-5.48681, 22.47126, 8.01226], "rotation": [0, 80, 0], "uv": [18, 0]},
						{"origin": [-6.11997, 16.87641, 7.44887], "size": [1.34, 10.95805, 1.34], "inflate": -0.5, "pivot": [-5.46298, 22.47126, 7.76586], "rotation": [0, 90, 0], "uv": [61, 18]},
						{"origin": [-6.11997, 27.2, 7.44887], "size": [1.34, 8.5, 1.34], "inflate": -0.5, "pivot": [-5.46298, 22.47126, 7.76586], "rotation": [0, 90, 0], "uv": [14, 11]},
						{"origin": [-7.39795, 17, 7.44887], "size": [1.34, 10.8, 1.34], "inflate": -0.5, "pivot": [-6.74096, 22.47126, 7.76586], "rotation": [0, 90, 0], "uv": [32, 60]},
						{"origin": [-7.39795, 27, 7.44887], "size": [1.34, 8.5, 1.34], "inflate": -0.5, "pivot": [-6.74096, 22.47126, 7.76586], "rotation": [0, 90, 0], "uv": [0, 23]},
						{"origin": [-6.56904, 16.87641, 7.72147], "size": [1.34, 10.93366, 1.34], "inflate": -0.5, "pivot": [-5.91205, 22.47126, 8.03846], "rotation": [0, -20, 0], "uv": [28, 60]},
						{"origin": [-6.69946, 16.87641, 7.64096], "size": [1.34, 11.12878, 1.34], "inflate": -0.5, "pivot": [-6.04247, 22.47126, 7.95795], "rotation": [0, -40, 0], "uv": [4, 59]},
						{"origin": [-6.67262, 26.2, 7.66965], "size": [1.34, 9.8, 1.34], "inflate": -0.5, "pivot": [-6.01563, 22.47126, 7.98664], "rotation": [0, -80, 0], "uv": [6, 0]},
						{"origin": [-6.67262, 16.87641, 7.66965], "size": [1.34, 10.95805, 1.34], "inflate": -0.5, "pivot": [-6.01563, 22.47126, 7.98664], "rotation": [0, -80, 0], "uv": [24, 60]},
						{"origin": [-6.41896, 16.87641, 7.75252], "size": [1.34, 9.93366, 1.34], "inflate": -0.5, "uv": [20, 60]}
					]
				},
				{
					"name": "bone13",
					"parent": "ak_draco",
					"pivot": [-5.84756, 14.41463, -6.84139],
					"rotation": [90, 0, -177.5],
					"cubes": [
						{"origin": [-6.26731, 10.87641, -9.26963], "size": [1.34, 10.93366, 1.34], "inflate": -0.5, "pivot": [-5.61032, 16.47126, -8.95264], "rotation": [0, 20, 0], "uv": [16, 60]},
						{"origin": [-6.13238, 10.87641, -9.34232], "size": [1.34, 10.93366, 1.34], "inflate": -0.5, "pivot": [-5.47539, 16.47126, -9.02533], "rotation": [0, 40, 0], "uv": [12, 60]},
						{"origin": [-5.8, 10.87641, -9.3], "size": [2, 10.95805, 1.34], "inflate": -0.5, "pivot": [-5.48681, 16.47126, -8.98774], "rotation": [0, 50, 0], "uv": [53, 58]},
						{"origin": [-5.4, 10.87641, -10.7], "size": [2.8, 10.95805, 3.34], "inflate": -0.5, "pivot": [-5.48681, 16.47126, -8.98774], "rotation": [0, 85, 0], "uv": [43, 52]},
						{"origin": [-6.56904, 10.87641, -9.27853], "size": [1.34, 10.93366, 1.34], "inflate": -0.5, "pivot": [-5.91205, 16.47126, -8.96154], "rotation": [0, -20, 0], "uv": [59, 59]},
						{"origin": [-6.69946, 10.87641, -9.35904], "size": [1.34, 11.12878, 1.34], "inflate": -0.5, "pivot": [-6.04247, 16.47126, -9.04205], "rotation": [0, -40, 0], "uv": [0, 59]},
						{"origin": [-7.67262, 10.87641, -9.33035], "size": [2.34, 10.95805, 1.34], "inflate": -0.5, "pivot": [-6.01563, 16.47126, -9.01336], "rotation": [0, -40, 0], "uv": [36, 53]},
						{"origin": [-9.8, 10.87641, -10.7], "size": [3, 10.95805, 2.34], "inflate": -0.5, "pivot": [-7.01563, 16.47126, -9.01336], "rotation": [0, -87.5, 0], "uv": [51, 19]},
						{"origin": [-6.41896, 10.87641, -9.24748], "size": [1.34, 10.93366, 1.34], "inflate": -0.5, "uv": [8, 59]}
					]
				},
				{
					"name": "bone14",
					"parent": "ak_draco",
					"pivot": [-5.84756, 14.85366, 8.59763],
					"rotation": [62.5, 0, 0],
					"cubes": [
						{"origin": [-6.26731, 18.84417, 9.22913], "size": [1.34, 3.34829, 1.34], "inflate": -0.5, "pivot": [-5.61032, 14.85366, 9.54612], "rotation": [0, 20, 0], "uv": [27, 71]},
						{"origin": [-6.13238, 18.84417, 9.15644], "size": [1.34, 3.34829, 1.34], "inflate": -0.5, "pivot": [-5.47539, 14.85366, 9.47343], "rotation": [0, 40, 0], "uv": [23, 71]},
						{"origin": [-6.1438, 18.84417, 9.19403], "size": [1.34, 3.34829, 1.34], "inflate": -0.5, "pivot": [-5.48681, 14.85366, 9.51102], "rotation": [0, 80, 0], "uv": [19, 71]},
						{"origin": [-6.11997, 18.84417, 8.94763], "size": [1.34, 3.34829, 1.34], "inflate": -0.5, "pivot": [-5.46298, 14.85366, 9.26462], "rotation": [0, 90, 0], "uv": [15, 71]},
						{"origin": [-7.39795, 18.84417, 8.94763], "size": [1.34, 3.34829, 1.34], "inflate": -0.5, "pivot": [-6.74096, 14.85366, 9.26462], "rotation": [0, 90, 0], "uv": [11, 71]},
						{"origin": [-6.56904, 18.84417, 9.22023], "size": [1.34, 3.34829, 1.34], "inflate": -0.5, "pivot": [-5.91205, 14.85366, 9.53722], "rotation": [0, -20, 0], "uv": [0, 71]},
						{"origin": [-6.69946, 18.84417, 9.13972], "size": [1.34, 3.34829, 1.34], "inflate": -0.5, "pivot": [-6.04247, 14.85366, 9.45671], "rotation": [0, -40, 0], "uv": [55, 46]},
						{"origin": [-6.67262, 18.84417, 9.16841], "size": [1.34, 3.34829, 1.34], "inflate": -0.5, "pivot": [-6.01563, 14.85366, 9.4854], "rotation": [0, -80, 0], "uv": [55, 41]},
						{"origin": [-6.41896, 18.84417, 9.25128], "size": [1.34, 3.34829, 1.34], "inflate": -0.5, "uv": [18, 45]}
					]
				},
				{
					"name": "bone15",
					"parent": "ak_draco",
					"pivot": [-5.84756, 17.29268, 9.08544],
					"rotation": [-160, 0, 0],
					"cubes": [
						{"origin": [-6.27533, 16.70732, 9.60378], "size": [1.306, 4.24029, 1.306], "inflate": -0.5, "pivot": [-5.63404, 17.29268, 9.93907], "rotation": [0, 20, 0], "uv": [0, 0]},
						{"origin": [-6.1539, 16.70732, 9.53837], "size": [1.306, 4.24029, 1.306], "inflate": -0.5, "pivot": [-5.51261, 17.29268, 9.87366], "rotation": [0, 40, 0], "uv": [0, 0]},
						{"origin": [-6.16418, 18.46342, 9.5722], "size": [1.306, 2.4842, 1.306], "inflate": -0.5, "pivot": [-5.52289, 17.29268, 9.90749], "rotation": [0, 80, 0], "uv": [0, 0]},
						{"origin": [-6.14273, 17.97561, 9.35044], "size": [1.69624, 3, 1.306], "inflate": -0.5, "pivot": [-5.50144, 17.29268, 9.68573], "rotation": [0, 90, 0], "uv": [0, 0]},
						{"origin": [-7.29291, 18.37561, 9.35044], "size": [1.36088, 2.6, 1.306], "inflate": -0.5, "pivot": [-6.65162, 17.29268, 9.68573], "rotation": [0, 90, 0], "uv": [0, 0]},
						{"origin": [-6.5469, 16.70732, 9.59577], "size": [1.306, 4.24029, 1.306], "inflate": -0.5, "pivot": [-5.9056, 17.29268, 9.93107], "rotation": [0, -20, 0], "uv": [0, 0]},
						{"origin": [-6.66427, 16.70732, 9.52331], "size": [1.306, 4.24029, 1.306], "inflate": -0.5, "pivot": [-6.02298, 17.29268, 9.85861], "rotation": [0, -40, 0], "uv": [0, 0]},
						{"origin": [-6.64011, 16.70732, 9.54913], "size": [1.306, 4.24029, 1.306], "inflate": -0.5, "pivot": [-5.99882, 17.29268, 9.88443], "rotation": [0, -80, 0], "uv": [0, 0]},
						{"origin": [-6.41182, 16.70732, 9.62372], "size": [1.306, 4.24029, 1.306], "inflate": -0.5, "uv": [0, 0]}
					]
				},
				{
					"name": "bone16",
					"parent": "ak_draco",
					"pivot": [-5.84756, 14.29268, 10.08544],
					"rotation": [-45, 0, 0],
					"cubes": [
						{"origin": [-6.27533, 13.52273, 9.20167], "size": [1.306, 4.3, 1.306], "inflate": -0.5, "pivot": [-5.63404, 14.10809, 9.53696], "rotation": [0, 20, 0], "uv": [0, 0]},
						{"origin": [-6.1539, 13.52273, 9.13626], "size": [1.306, 4.3, 1.306], "inflate": -0.5, "pivot": [-5.51261, 14.10809, 9.47155], "rotation": [0, 40, 0], "uv": [0, 0]},
						{"origin": [-6.1539, 13.52273, 9.13626], "size": [2.306, 4.3, 1.306], "inflate": -0.5, "pivot": [-5.51261, 14.10809, 9.47155], "rotation": [0, 102.5, 0], "uv": [0, 0]},
						{"origin": [-6.5469, 13.52273, 9.19366], "size": [1.306, 4.3, 1.306], "inflate": -0.5, "pivot": [-5.9056, 14.10809, 9.52896], "rotation": [0, -20, 0], "uv": [0, 0]},
						{"origin": [-6.66427, 13.52273, 9.1212], "size": [1.306, 4.3, 1.306], "inflate": -0.5, "pivot": [-6.02298, 14.10809, 9.4565], "rotation": [0, -40, 0], "uv": [0, 0]},
						{"origin": [-6.64011, 13.52273, 9.14702], "size": [1.306, 4.3, 1.306], "inflate": -0.5, "pivot": [-5.99882, 14.10809, 9.48232], "rotation": [0, -80, 0], "uv": [0, 0]},
						{"origin": [-7.806, 13.52273, 9.1555], "size": [2.306, 4.3, 1.306], "inflate": -0.5, "pivot": [-5.99882, 15.10809, 9.48232], "rotation": [0, -95, 0], "uv": [0, 0]},
						{"origin": [-6.41182, 13.52273, 9.22161], "size": [1.306, 4.3, 1.306], "inflate": -0.5, "uv": [0, 0]}
					]
				},
				{
					"name": "bone17",
					"parent": "ak_draco",
					"pivot": [-5.84756, 16.12195, 1.57324],
					"rotation": [-70, 0, 0],
					"cubes": [
						{"origin": [-6.26731, 15.5271, 2.20474], "size": [1.34, 4.12878, 1.34], "inflate": -0.5, "pivot": [-5.61032, 16.12195, 2.52173], "rotation": [0, 20, 0], "uv": [68, 0]},
						{"origin": [-6.13238, 15.5271, 2.13205], "size": [1.34, 2.5678, 1.34], "inflate": -0.5, "pivot": [-5.47539, 16.12195, 2.44904], "rotation": [0, 40, 0], "uv": [9, 54]},
						{"origin": [-6.1438, 15.5271, 2.16964], "size": [1.34, 2.37268, 1.34], "inflate": -0.5, "pivot": [-5.48681, 16.12195, 2.48663], "rotation": [0, 80, 0], "uv": [50, 52]},
						{"origin": [-6.11997, 15.5271, 1.92324], "size": [1.34, 2.5678, 1.34], "inflate": -0.5, "pivot": [-5.46298, 16.12195, 2.24023], "rotation": [0, 90, 0], "uv": [47, 19]},
						{"origin": [-7.39795, 15.5271, 1.92324], "size": [1.34, 2.47024, 1.34], "inflate": -0.5, "pivot": [-6.74096, 16.12195, 2.24023], "rotation": [0, 90, 0], "uv": [5, 34]},
						{"origin": [-6.56904, 15.5271, 2.19584], "size": [1.34, 4.12878, 1.34], "inflate": -0.5, "pivot": [-5.91205, 16.12195, 2.51283], "rotation": [0, -20, 0], "uv": [67, 62]},
						{"origin": [-6.69946, 15.5271, 2.11533], "size": [1.34, 4.12878, 1.34], "inflate": -0.5, "pivot": [-6.04247, 16.12195, 2.43232], "rotation": [0, -40, 0], "uv": [67, 40]},
						{"origin": [-6.67262, 15.5271, 2.14402], "size": [1.34, 2.37268, 1.34], "inflate": -0.5, "pivot": [-6.01563, 16.12195, 2.46101], "rotation": [0, -80, 0], "uv": [33, 17]},
						{"origin": [-6.41896, 15.5271, 2.22689], "size": [1.34, 4.12878, 1.34], "inflate": -0.5, "uv": [67, 35]}
					]
				},
				{
					"name": "bone18",
					"parent": "ak_draco",
					"pivot": [-5.7, 11.31746, -5.50866],
					"rotation": [-30, 0, 0],
					"cubes": [
						{"origin": [-6.44512, 10.05785, -6.31707], "size": [1.39024, 5.0439, 0.55122], "uv": [6, 38]},
						{"origin": [-6.44512, 9.9, -5.63415], "size": [1.39024, 5.0439, 0.64878], "uv": [1, 3]},
						{"origin": [-6.44512, 10.05785, -7.19512], "size": [1.39024, 5.0439, 0.64878], "uv": [19, 25]},
						{"origin": [-6.34756, 10.05785, -7.09756], "size": [1.19512, 5.0439, 1.79512], "uv": [22, 45]},
						{"origin": [-6.44512, 9.63034, -8.5], "size": [1.39024, 1.26341, 2.2], "pivot": [0, 2.98713, -2.59876], "rotation": [-5, 0, 0], "uv": [5, 11]}
					]
				},
				{
					"name": "bone19",
					"parent": "ak_draco",
					"pivot": [-5.75, 10.65, -1.5],
					"cubes": [
						{"origin": [-7.005, 13.49268, -5.8], "size": [2.51, 3.80732, 4.2], "inflate": -0.5, "uv": [10, 45]},
						{"origin": [-7.005, 13.08289, -7.0142], "size": [2.51, 1.46585, 4.29756], "inflate": -0.5, "pivot": [0, -0.11711, -1.2142], "rotation": [-5, 0, 0], "uv": [56, 31]},
						{"origin": [-7.10256, 13.08289, -7.20932], "size": [2.70512, 1.27073, 4.59024], "inflate": -0.5, "pivot": [0, -0.11711, -1.2142], "rotation": [-5, 0, 0], "uv": [55, 46]},
						{"origin": [-7.005, 15.09268, -5.8], "size": [2.51, 1.70732, 9.5], "inflate": -0.5, "uv": [28, 13]},
						{"origin": [-7.005, 15.4, -5.71463], "size": [2.51, 2, 9.41463], "inflate": -0.5, "uv": [0, 23]}
					]
				},
				{
					"name": "bone20",
					"parent": "ak_draco",
					"pivot": [-5.75, 12.5, -2.18333],
					"cubes": [
						{"origin": [-6.51942, 13.24857, -2.94945], "size": [1.49732, 1.29756, 3.5], "inflate": -0.5, "uv": [0, 34]},
						{"origin": [-6.94342, 13.13517, -2.81945], "size": [2.37155, 1.39512, 4.37805], "inflate": -0.5, "uv": [55, 41]},
						{"origin": [-6.42158, 13.14697, -2.63996], "size": [1.59488, 1.39512, 3.69512], "inflate": -0.5, "pivot": [-6.6045, 13.64697, 0.55517], "rotation": [0, -7.5, 0], "uv": [32, 4]},
						{"origin": [-6.08073, 13.14697, -2.73898], "size": [1.59488, 1.39512, 1.28887], "inflate": -0.5, "uv": [4, 50]},
						{"origin": [-7.01531, 13.14697, -2.73898], "size": [1.59488, 1.39512, 1.28887], "inflate": -0.5, "uv": [0, 50]},
						{"origin": [-6.07531, 13.13517, -2.62843], "size": [1.59488, 1.39512, 3.69512], "inflate": -0.5, "pivot": [-7.03205, 13.63517, 0.46482], "rotation": [0, 7.5, 0], "uv": [32, 0]},
						{"origin": [-6.65768, 13.14697, -2.38403], "size": [1.59488, 1.39512, 3.69512], "inflate": -0.5, "pivot": [-6.84061, 13.64697, 0.81109], "rotation": [0, 7.5, 0], "uv": [28, 17]},
						{"origin": [-7.01437, 13.13517, -2.88352], "size": [1.59488, 1.39512, 3.69512], "inflate": -0.5, "pivot": [-6.41075, 13.63517, 0.30645], "rotation": [0, -7.5, 0], "uv": [28, 13]},
						{"origin": [-6.4, 14.21714, -1.40695], "size": [1.3, 2.0122, 1.2], "inflate": -0.5, "uv": [33, 13]},
						{"origin": [-6.4, 14.32615, -1.434], "size": [1.3, 1.91463, 1.2], "inflate": -0.5, "pivot": [-5.75, 14.96145, -0.92705], "rotation": [10, 0, 0], "uv": [45, 32]},
						{"origin": [-6.4, 14.1193, -1.39858], "size": [1.3, 1.42683, 1.10244], "inflate": -0.5, "pivot": [-5.75, 14.71521, -1.36545], "rotation": [-30, 0, 0], "uv": [45, 16]},
						{"origin": [-6.4, 14.10368, -1.42094], "size": [1.3, 1.13415, 1.10244], "inflate": -0.5, "pivot": [-5.75, 14.4069, -1.38782], "rotation": [-2.5, 0, 0], "uv": [45, 10]},
						{"origin": [-6.4, 14.41226, -1.40695], "size": [1.3, 1.81707, 1.2], "inflate": -0.5, "pivot": [-5.75, 14.95, -0.9], "rotation": [-35, 0, 0], "uv": [4, 44]},
						{"origin": [-6.4, 14.41226, -1.40695], "size": [1.3, 1.81707, 1.78537], "inflate": -0.5, "pivot": [-5.75, 14.95, -0.9], "rotation": [37.5, 0, 0], "uv": [41, 16]},
						{"origin": [-6.4, 14.41226, -1.40695], "size": [1.3, 1.81707, 1.78537], "inflate": -0.5, "pivot": [-5.75, 14.95, -0.9], "rotation": [45, 0, 0], "uv": [33, 40]}
					]
				},
				{
					"name": "bone21",
					"parent": "ak_draco",
					"pivot": [-5.73026, 17.28958, -1.25279],
					"cubes": [
						{"origin": [-7, 17, -5.3], "size": [2.5, 2.35669, 8.7], "inflate": -0.5, "uv": [32, 0]},
						{"origin": [-5.8, 18.357, -5.3], "size": [1.3, 1.3, 9], "inflate": -0.5, "pivot": [-5, 18.855, 2.7], "rotation": [0, 0, -45], "uv": [11, 35]},
						{"origin": [-6.8, 18.357, -5.3], "size": [2.1, 1.4, 8.60976], "inflate": -0.5, "uv": [43, 43]},
						{"origin": [-6.8, 18.3, -4], "size": [2.1, 1.4, 2.60976], "inflate": -0.5, "pivot": [-6, 19, -3], "rotation": [22.5, 0, 0], "uv": [43, 43]},
						{"origin": [-6.8, 18.8, -5], "size": [2.1, 1.4, 2.60976], "inflate": -0.5, "pivot": [-6, 19, -3], "rotation": [22.5, 0, 0], "uv": [43, 43]},
						{"origin": [-6.8, 18, -3], "size": [2.1, 1.4, 2.60976], "inflate": -0.5, "pivot": [-6, 19, -3], "rotation": [22.5, 0, 0], "uv": [43, 43]},
						{"origin": [-6.8, 17.5, -2], "size": [2.1, 1.4, 2.60976], "inflate": -0.5, "pivot": [-6, 19, -3], "rotation": [22.5, 0, 0], "uv": [43, 43]},
						{"origin": [-6.8, 17, -1], "size": [2.1, 1.4, 2.60976], "inflate": -0.5, "pivot": [-6, 19, -3], "rotation": [22.5, 0, 0], "uv": [43, 43]},
						{"origin": [-6.8, 12.6, 9], "size": [2.1, 1.4, 2.60976], "inflate": -0.5, "pivot": [-6, 19, -3], "rotation": [22.5, 0, 0], "uv": [1, 125]},
						{"origin": [-6.8, 13, 8], "size": [2.1, 1.4, 2.60976], "inflate": -0.5, "pivot": [-6, 19, -3], "rotation": [22.5, 0, 0], "uv": [43, 43]},
						{"origin": [-6.8, 13.3, 7], "size": [2.1, 1.4, 2.60976], "inflate": -0.5, "pivot": [-6, 19, -3], "rotation": [22.5, 0, 0], "uv": [43, 43]},
						{"origin": [-7.8, 18.357, -14.3], "size": [4, 1.4, 10.60976], "inflate": -0.5, "pivot": [-6, 19, -10], "rotation": [0, 0, 2.5], "uv": [0, 0]},
						{"origin": [-7.7, 17.5, -7.3], "size": [3.8, 2.4, 3.60976], "inflate": -0.5, "pivot": [-6, 19.3, -6], "rotation": [12.5, 0, 2.5], "uv": [24, 55]},
						{"origin": [-7.7, 17.8, -8.3], "size": [3.8, 2.4, 3.60976], "inflate": -0.5, "pivot": [-6, 19.3, -6], "rotation": [12.5, 0, 2.5], "uv": [12, 55]},
						{"origin": [-7.7, 18.1, -9.3], "size": [3.8, 2.4, 3.60976], "inflate": -0.5, "pivot": [-6, 19.3, -6], "rotation": [15, 0, 2.5], "uv": [0, 54]},
						{"origin": [-7.7, 18.4, -10.3], "size": [3.8, 2.4, 3.60976], "inflate": -0.5, "pivot": [-6, 19.3, -6], "rotation": [15, 0, 2.5], "uv": [53, 13]},
						{"origin": [-7.7, 18.8, -11.3], "size": [3.8, 2.4, 3.60976], "inflate": -0.5, "pivot": [-6, 19.3, -6], "rotation": [17.5, 0, 2.5], "uv": [53, 8]},
						{"origin": [-7.7, 17.59647, -12.53142], "size": [3.8, 2.4, 3.60976], "inflate": -0.5, "pivot": [-6, 19.3, -11], "rotation": [20, 0, 2.5], "uv": [53, 53]},
						{"origin": [-7.7, 18, -13.53142], "size": [3.8, 2.4, 3.60976], "inflate": -0.5, "pivot": [-6, 19.3, -11], "rotation": [20, 0, 2.5], "uv": [39, 45]},
						{"origin": [-7.7, 18.5, -14.53142], "size": [3.8, 2.4, 3.60976], "inflate": -0.5, "pivot": [-6, 19.3, -11], "rotation": [20, 0, 2.5], "uv": [22, 36]},
						{"origin": [-8.3, 19.5, -18.53142], "size": [4.8, 2.4, 6.60976], "inflate": -0.5, "pivot": [-6, 19.3, -11], "rotation": [30, 0, 2.5], "uv": [44, 0]},
						{"origin": [-7.7, 17.94075, -14.3902], "size": [1, 1, 1], "pivot": [-8, 18.3, -14], "rotation": [30, 0, 2.5], "uv": [33, 14]},
						{"origin": [-5.2, 17.94075, -14.3902], "size": [1, 1, 1], "pivot": [-8, 18.3, -14], "rotation": [30, 0, 2.5], "uv": [33, 14]},
						{"origin": [-8.3, 15, -18.21747], "size": [4.6, 3.4, 6.60976], "inflate": -0.5, "pivot": [-6, 17.3, -16], "rotation": [2.5, 0, 2.5], "uv": [31, 36]},
						{"origin": [-8.52743, 19.6599, -15.58909], "size": [1, 1.4, 2.60976], "pivot": [-8, 21.3, -14], "rotation": [35, -17.5, -15], "uv": [0, 125]},
						{"origin": [-7.87548, 15.5, -18.09704], "size": [1, 1, 2.60976], "pivot": [-7, 15.3, -17], "rotation": [35, 45, -15], "uv": [0, 116]},
						{"origin": [-5.13547, 15.86081, -17.90164], "size": [1, 1, 2.60976], "pivot": [-4, 16.3, -16], "rotation": [35, -45, 15], "uv": [0, 116], "mirror": true},
						{"origin": [-9.1827, 19.13686, -11.44252], "size": [1, 1.4, 2.60976], "pivot": [-8, 20.3, -11], "rotation": [37.5, -17.5, -15], "uv": [0, 125]},
						{"origin": [-9.12884, 19.75395, -13.15156], "size": [1, 1.4, 3.60976], "pivot": [-8, 21.3, -12], "rotation": [-30, -17.5, -15], "uv": [0, 124]},
						{"origin": [-4.8, 19.0993, -14.48351], "size": [1, 1.4, 2.60976], "pivot": [-4, 19.3, -14], "rotation": [35, 25, 15], "uv": [0, 125]},
						{"origin": [-4.8, 17.0993, -11.48351], "size": [1, 1.4, 2.60976], "pivot": [-4, 19.3, -14], "rotation": [35, 25, 15], "uv": [0, 125]},
						{"origin": [-3.48562, 20.43102, -12.6], "size": [1, 1.4, 3.60976], "pivot": [-4, 21.3, -12], "rotation": [-45, 25, 15], "uv": [0, 125]},
						{"origin": [-7, 18.357, -5.3], "size": [1.3, 1.3, 9], "inflate": -0.5, "pivot": [-6.5, 18.855, 2.7], "rotation": [0, 0, 45], "uv": [0, 34]},
						{"origin": [-7.36348, 16.2572, -5.3], "size": [1.88147, 2.35669, 8.70732], "inflate": -0.5, "pivot": [-5.73025, 16.35629, -6.71328], "rotation": [0, 0, 45], "uv": [18, 45]},
						{"origin": [-5.9773, 16.25608, -5.3], "size": [1.88147, 2.35669, 8.70732], "inflate": -0.5, "pivot": [-5.73025, 16.35629, -6.71328], "rotation": [0, 0, -45], "uv": [0, 44]},
						{"origin": [-6.52156, 16.39519, -4.90976], "size": [2.35669, 1.88147, 8.31707], "inflate": -0.5, "uv": [41, 10]},
						{"origin": [-7.29733, 16.29763, -4.90976], "size": [2.35669, 1.97903, 8.31707], "inflate": -0.5, "uv": [39, 23]}
					]
				},
				{
					"name": "bone22",
					"parent": "ak_draco",
					"pivot": [-5.72486, 17.12479, 4.64],
					"cubes": [
						{"origin": [-7.1576, 18, 11.33685], "size": [2.8152, 1.32329, 3.30585], "inflate": -0.5, "pivot": [-4.93997, 18.14005, 13.01901], "rotation": [27.5, 0, 0], "uv": [0, 124]},
						{"origin": [-7.1576, 15.90035, 11.53627], "size": [2.8152, 4.00622, 1.4278], "inflate": -0.5, "pivot": [0.02376, 16.6169, 12.82656], "rotation": [-32.5, 0, 0], "uv": [62, 51]},
						{"origin": [-7.1, 18.9617, 7.80641], "size": [2.7, 2.59159, 1.62293], "inflate": -0.5, "pivot": [0.02376, 1.92455, -3.29532], "rotation": [-12.5, 0, 0], "uv": [0, 2]},
						{"origin": [-7.06004, 16.17664, 2.53023], "size": [2.62007, 2.2989, 10.40341], "inflate": -0.5, "uv": [0, 11]},
						{"origin": [-7.06004, 16.2742, 2.62779], "size": [2.62007, 1.8111, 9.89122], "inflate": -0.5, "uv": [26, 26]},
						{"origin": [-7.05795, 15.90359, 2.42094], "size": [2.62007, 1.42085, 7.67171], "inflate": -0.5, "uv": [28, 45]},
						{"origin": [-7.05795, 15.90359, 2.42094], "size": [2.62007, 1.8111, 10.37902], "inflate": -0.5, "uv": [14, 14]},
						{"origin": [-7.06004, 15.85373, 2.31361], "size": [2.62007, 1.42085, 9.67171], "inflate": -0.5, "uv": [13, 25]},
						{"origin": [-7.00618, 14.9519, 2.53313], "size": [2.32739, 2.59159, 9.4522], "inflate": -0.5, "uv": [19, 2]},
						{"origin": [-6.96039, 14.90727, 2.701], "size": [2.32739, 2.2989, 7.4522], "inflate": -0.5, "uv": [45, 32]}
					]
				},
				{
					"name": "sayap_kanan",
					"parent": "ak_draco",
					"pivot": [-7, 19, -4],
					"cubes": [
						{"origin": [-7.31001, 18.5694, -5.41149], "size": [1, 1, 6.60976], "pivot": [-7, 19.3, -5], "rotation": [30, -60, 2.5], "uv": [45, 0]},
						{"origin": [-9.74003, 17.65545, -2.69059], "size": [5, 2.5, 3.4], "inflate": -1, "pivot": [-7, 19.3, -2], "rotation": [10, -150, 32.5], "uv": [3, 123]},
						{"origin": [-10.29011, 20.1, -2.8], "size": [1, 1, 2.3], "pivot": [-9, 21.3, -2], "rotation": [-5, -172.5, 30], "uv": [40, 38]},
						{"origin": [-10.45361, 18.73011, -5.5], "size": [5, 2.5, 3.8], "inflate": -1, "pivot": [-9, 20.3, -3], "rotation": [-12.5, -155, 42.5], "uv": [0, 122]},
						{"origin": [-10.80635, 19.9, -0.3], "size": [3.3, 2.5, 4.4], "inflate": -1, "pivot": [-10, 20.3, 0], "rotation": [0, -155, 30], "uv": [0, 122]},
						{"origin": [-12.84762, 21.75241, -1], "size": [1, 1, 3.8], "pivot": [-11, 22.3, -1], "rotation": [30, -92.5, -27.5], "uv": [24, 55]},
						{"origin": [-13.79608, 21.96924, -7.06445], "size": [1, 1, 5.60976], "pivot": [-13, 22.3, -2], "rotation": [17.5, -152.5, -2.5], "uv": [40, 38]},
						{"origin": [-13.52552, 21.3, -9.88621], "size": [1, 2.5, 8.4], "inflate": -1, "pivot": [-13, 22.3, -2], "rotation": [0, -170, 35], "uv": [1, 117]},
						{"origin": [-13.52552, 21.3, -7.88621], "size": [1, 2.5, 6.4], "inflate": -1, "pivot": [-13, 22.3, -2], "rotation": [0, -157.5, 35], "uv": [4, 120]},
						{"origin": [-13.7, 21.3, -3.89002], "size": [1, 2.5, 10.4], "inflate": -1, "pivot": [-13, 22.3, 2], "rotation": [0, -177.5, 35], "uv": [0, 117]},
						{"origin": [-16, 20.77846, -4.02666], "size": [1, 2.5, 10.4], "inflate": -1, "pivot": [-15, 22.3, 2], "rotation": [0, -177.5, -20], "uv": [0, 117]},
						{"origin": [-15, 20.77846, -3.4], "size": [1, 2.5, 8.8], "inflate": -1, "pivot": [-15, 22.3, 2], "rotation": [0, -177.5, -20], "uv": [2, 117]},
						{"origin": [-15, 20.77846, -2.5], "size": [0, 2.5, 5.4], "inflate": -1, "pivot": [-15, 22.3, 2], "rotation": [0, 152.5, -20], "uv": [5, 120]},
						{"origin": [-14, 20.77846, -2.5], "size": [0, 2.5, 6.4], "inflate": -1, "pivot": [-15, 22.3, 2], "rotation": [0, 140, -20], "uv": [5, 120]},
						{"origin": [-15, 21.92562, -11], "size": [1, 1, 7.60976], "pivot": [-14, 22.3, -3], "rotation": [12.5, 137.5, -2.5], "uv": [40, 38]},
						{"origin": [-13.9656, 21.92562, -3], "size": [1, 1, 1.60976], "pivot": [-14, 22.3, -3], "rotation": [0, -145, -2.5], "uv": [24, 55]},
						{"origin": [-12.79608, 21.96924, -11.06445], "size": [1, 1, 9.60976], "pivot": [-13, 22.3, -2], "rotation": [0, -177.5, -2.5], "uv": [40, 38]}
					]
				},
				{
					"name": "sayap_kiri",
					"parent": "ak_draco",
					"pivot": [-5, 19, -4],
					"cubes": [
						{"origin": [-5.19523, 19, -5.40925], "size": [1, 1, 6.60976], "pivot": [-4, 19.3, -5], "rotation": [20, 62.5, -2.5], "uv": [45, 0], "mirror": true},
						{"origin": [11.84762, 21.75241, -12], "size": [1, 1, 3.8], "pivot": [11, 22.3, -1], "rotation": [30, 92.5, 27.5], "uv": [24, 55], "mirror": true},
						{"origin": [20.9656, 20.92562, -10], "size": [1, 1, 1.60976], "pivot": [14, 22.3, -3], "rotation": [0, 145, 2.5], "uv": [24, 55], "mirror": true},
						{"origin": [2.25424, 21.8, -9.97978], "size": [1, 1, 7.60976], "pivot": [3, 21.3, -2], "rotation": [20, -137.5, 2.5], "uv": [40, 38], "mirror": true},
						{"origin": [6.75337, 19.22688, -2.00711], "size": [0, 2.5, 6.8], "inflate": -1, "pivot": [6, 20.3, 2], "rotation": [0, -135, 30], "uv": [5, 120], "mirror": true},
						{"origin": [6.8, 19.36086, -3.36066], "size": [0, 2.5, 6.8], "inflate": -1, "pivot": [6, 21.3, 2], "rotation": [0, -162.5, 30], "uv": [5, 120], "mirror": true},
						{"origin": [2.3, 20.36086, -6], "size": [1, 2.5, 8.8], "inflate": -1, "pivot": [4, 21.3, 1], "rotation": [0, 177.5, 30], "uv": [2, 119], "mirror": true},
						{"origin": [3.3, 20.3609, -6.6], "size": [1, 2.5, 10.4], "inflate": -1, "pivot": [4, 21.3, 1], "rotation": [0, 177.5, 22.5], "uv": [0, 117], "mirror": true},
						{"origin": [21.79608, 20.96924, -12.06445], "size": [1, 1, 9.60976], "pivot": [13, 22.3, -2], "rotation": [0, 177.5, 2.5], "uv": [40, 38], "mirror": true},
						{"origin": [3.12554, 20.8197, -0.54586], "size": [1, 2.5, 10.4], "inflate": -1, "pivot": [3, 22.3, 4], "rotation": [0, 177.5, -37.5], "uv": [0, 117], "mirror": true},
						{"origin": [0.3, 20.5, -4.44288], "size": [0, 1.5, 4.4], "inflate": -1, "pivot": [2, 21.3, 1], "rotation": [2.5, 157.5, -27.5], "uv": [7, 122], "mirror": true},
						{"origin": [1, 20.5, -2.44288], "size": [0, 1.5, 4.4], "inflate": -1, "pivot": [2, 21.3, 1], "rotation": [2.5, 132.5, -37.5], "uv": [7, 122], "mirror": true},
						{"origin": [1.41127, 20.0043, -1.44288], "size": [1, 2.5, 5.4], "inflate": -1, "pivot": [2, 21.3, 1], "rotation": [2.5, 150, -30], "uv": [6, 121], "mirror": true},
						{"origin": [21.3, 22.4, -12.3], "size": [1, 1, 5.60976], "pivot": [13, 22.3, -2], "rotation": [17.5, 152.5, 2.5], "uv": [40, 38], "mirror": true},
						{"origin": [-3.2, 20.3, -3.07553], "size": [4, 2.5, 4.4], "inflate": -1, "pivot": [0, 21.3, -1], "rotation": [25, 150, 12.5], "uv": [0, 122], "mirror": true},
						{"origin": [-6.81621, 18.75896, -1.91012], "size": [6, 2.5, 4.4], "inflate": -1, "pivot": [-3, 21.3, -1], "rotation": [10, 150, -22.5], "uv": [0, 122], "mirror": true},
						{"origin": [-3.12603, 19.67527, -4.7], "size": [1, 1, 2.3], "pivot": [-3, 21.3, -3], "rotation": [-5, 167.5, -25], "uv": [40, 38], "mirror": true},
						{"origin": [-5.16171, 18.5, -3.31984], "size": [5, 2.5, 3.4], "inflate": -1, "pivot": [-4, 21.3, -2], "rotation": [10, 150, -25], "uv": [3, 123], "mirror": true}
					]
				}
			]
		}
	]
}