{
	"format_version": "1.12.0",
	"minecraft:geometry": [
		{
			"description": {
				"identifier": "geometry.M1014_draco_drop",
				"texture_width": 128,
				"texture_height": 128,
				"visible_bounds_width": 7,
				"visible_bounds_height": 5,
				"visible_bounds_offset": [0, 0.5, 0]
			},
			"bones": [
				{
					"name": "root",
					"pivot": [-1, 0, 0],
					"rotation": [-85, 0, 42.5]
				},
				{
					"name": "waist",
					"parent": "root",
					"pivot": [5, 5, 0]
				},
				{
					"name": "body",
					"parent": "waist",
					"pivot": [5, 17, 0]
				},
				{
					"name": "rightArm",
					"parent": "body",
					"pivot": [0, 15, 0]
				},
				{
					"name": "gun",
					"parent": "rightArm",
					"pivot": [-0.75, 6.2, 0.1],
					"rotation": [90, 0, 0]
				},
				{
					"name": "M1014_draco",
					"parent": "gun",
					"pivot": [6, -7, 0]
				},
				{
					"name": "bone1",
					"parent": "M1014_draco",
					"pivot": [-0.84756, 7.41463, -6.84139],
					"rotation": [90, 0, -177.5],
					"cubes": [
						{"origin": [-1.26731, 5.87641, -9.26963], "size": [1.34, 8.93366, 1.34], "inflate": -0.5, "pivot": [-0.61032, 9.47126, -8.95264], "rotation": [0, 20, 0], "uv": [14, 71]},
						{"origin": [-1.13238, 5.87641, -9.34232], "size": [1.34, 8.93366, 1.34], "inflate": -0.5, "pivot": [-0.47539, 9.47126, -9.02533], "rotation": [0, 40, 0], "uv": [10, 71]},
						{"origin": [-0.8, 5.87641, -9.3], "size": [2, 8.95805, 1.34], "inflate": -0.5, "pivot": [-0.48681, 9.47126, -8.98774], "rotation": [0, 50, 0], "uv": [21, 67]},
						{"origin": [-0.4, 5.87641, -10.7], "size": [2.8, 8.95805, 3.34], "inflate": -0.5, "pivot": [-0.48681, 9.47126, -8.98774], "rotation": [0, 85, 0], "uv": [35, 59]},
						{"origin": [-1.56904, 5.87641, -9.27853], "size": [1.34, 8.93366, 1.34], "inflate": -0.5, "pivot": [-0.91205, 9.47126, -8.96154], "rotation": [0, -20, 0], "uv": [42, 70]},
						{"origin": [-1.69946, 5.87641, -9.35904], "size": [1.34, 9.12878, 1.34], "inflate": -0.5, "pivot": [-1.04247, 9.47126, -9.04205], "rotation": [0, -40, 0], "uv": [69, 69]},
						{"origin": [-2.67262, 5.87641, -9.33035], "size": [2.34, 8.95805, 1.34], "inflate": -0.5, "pivot": [-1.01563, 9.47126, -9.01336], "rotation": [0, -40, 0], "uv": [36, 23]},
						{"origin": [-4.8, 5.87641, -10.7], "size": [3, 8.95805, 2.34], "inflate": -0.5, "pivot": [-2.01563, 9.47126, -9.01336], "rotation": [0, -87.5, 0], "uv": [0, 12]},
						{"origin": [-1.41896, 5.87641, -9.24748], "size": [1.34, 8.93366, 1.34], "inflate": -0.5, "uv": [38, 70]}
					]
				},
				{
					"name": "bone2",
					"parent": "M1014_draco",
					"pivot": [-0.73026, 10.28958, -1.25279],
					"cubes": [
						{"origin": [-2.8, 11.357, -14.3], "size": [4, 1.4, 8.60976], "inflate": -0.5, "pivot": [-1, 12, -10], "rotation": [0, 0, 2.5], "uv": [24, 14]},
						{"origin": [-2.5, 10.6, -7.3], "size": [3.5, 1.4, 8.60976], "inflate": -0.5, "pivot": [-1, 12, -4], "rotation": [-12.5, 0, 2.5], "uv": [22, 26]},
						{"origin": [-2.4, 11.1, -9.3], "size": [3.2, 2.4, 3.60976], "inflate": -0.5, "pivot": [-1, 12.3, -6], "rotation": [15, 0, 2.5], "uv": [31, 115]},
						{"origin": [-2.4, 10.3, -8.3], "size": [3.2, 2.4, 3.60976], "inflate": -0.5, "pivot": [-1, 12.3, -6], "rotation": [15, 0, 2.5], "uv": [45, 66]},
						{"origin": [-2.4, 9.8, -7.3], "size": [3.2, 2.4, 3.60976], "inflate": -0.5, "pivot": [-1, 12.3, -6], "rotation": [15, 0, 2.5], "uv": [29, 119]},
						{"origin": [-2.4, 9.2, -6.3], "size": [3.2, 2.4, 3.60976], "inflate": -0.5, "pivot": [-1, 12.3, -6], "rotation": [15, 0, 2.5], "uv": [9, 66]},
						{"origin": [-2.4, 8.6, -5.3], "size": [3.2, 2.4, 3.60976], "inflate": -0.5, "pivot": [-1, 12.3, -6], "rotation": [15, 0, 2.5], "uv": [30, 119]},
						{"origin": [-2.4, 8, -4.3], "size": [3.2, 2.4, 3.60976], "inflate": -0.5, "pivot": [-1, 12.3, -6], "rotation": [15, 0, 2.5], "uv": [63, 25]},
						{"origin": [-2.28724, 8.7241, -2.61248], "size": [3, 2.4, 8.60976], "inflate": -0.5, "pivot": [-1, 10.3, -1], "rotation": [-7.5, 0, 2.5], "uv": [0, 26]},
						{"origin": [-2, 9.3, -1.8], "size": [2.5, 3, 6.60976], "inflate": -1, "pivot": [-1, 10.3, -1], "rotation": [-15, 0, 2.5], "uv": [54, 117]},
						{"origin": [-2.28724, 7.72411, -1.61248], "size": [3, 2.4, 7.60976], "inflate": -0.5, "pivot": [-1, 10.3, -1], "rotation": [-2.5, 0, 2.5], "uv": [37, 0]},
						{"origin": [-2.1, 7.50221, 3.30512], "size": [2.5, 2.4, 8.60976], "inflate": -0.5, "pivot": [-1, 8.3, 4], "rotation": [17.5, 0, 2.5], "uv": [33, 36]},
						{"origin": [-2.01276, 8.92928, 2.95052], "size": [2.5, 3.6, 9.60976], "inflate": -1, "pivot": [-1, 10.3, 9], "rotation": [22.5, 0, 2.5], "uv": [52, 114]},
						{"origin": [-1.96914, 9.77165, 9.72044], "size": [2.5, 4, 3.60976], "inflate": -1.4, "pivot": [-1, 11.3, 11], "rotation": [42.5, 2.5, 2.5], "uv": [58, 119]},
						{"origin": [-1.96914, 9.9, 9.72044], "size": [2.5, 3.5, 4.5], "inflate": -1.4, "pivot": [-1, 11.3, 11], "rotation": [62.5, 0, 2.5], "uv": [55, 120]},
						{"origin": [-1.92552, 10.2, 10.2], "size": [2.5, 3.3, 3.5], "inflate": -1.4, "pivot": [-1, 12.3, 11], "rotation": [90, 0, 2.5], "uv": [57, 119]},
						{"origin": [-2.01276, 9.70153, 6.02826], "size": [2.5, 2.4, 5.60976], "inflate": -0.8, "pivot": [-1, 10.3, 11], "rotation": [57.5, 0, 2.5], "uv": [32, 119]},
						{"origin": [-2.14362, 5.62511, 7.3], "size": [2.5, 2.4, 5.60976], "inflate": -0.9, "pivot": [-1, 7.3, 9], "rotation": [-42.5, 0, 2.5], "uv": [31, 117]},
						{"origin": [-2.23086, 3.74708, 4.47555], "size": [2.5, 2.4, 7.60976], "inflate": -0.9, "pivot": [-1, 5.3, 11], "rotation": [-20, 0, 2.5], "uv": [28, 116]},
						{"origin": [-2.14362, 4.57958, 4.8574], "size": [2.5, 3.4, 2.60976], "inflate": -1, "pivot": [-1, 7.3, 6], "rotation": [-60, 0, 2.5], "uv": [31, 119]},
						{"origin": [-2.4, 11.4, -10.3], "size": [3.2, 2.4, 3.60976], "inflate": -0.5, "pivot": [-1, 12.3, -6], "rotation": [15, 0, 2.5], "uv": [0, 63]},
						{"origin": [-2.4, 11.8, -11.3], "size": [3.2, 2.4, 3.60976], "inflate": -0.5, "pivot": [-1, 12.3, -6], "rotation": [17.5, 0, 2.5], "uv": [31, 113]},
						{"origin": [-2.4, 10.59647, -12.53142], "size": [3.2, 2.4, 3.60976], "inflate": -0.5, "pivot": [-1, 12.3, -11], "rotation": [20, 0, 2.5], "uv": [54, 117]},
						{"origin": [-2.4, 11, -13.53142], "size": [3.2, 2.4, 3.60976], "inflate": -0.5, "pivot": [-1, 12.3, -11], "rotation": [20, 0, 2.5], "uv": [61, 54]},
						{"origin": [-2.4, 11.5, -14.53142], "size": [3.2, 2.4, 3.60976], "inflate": -0.5, "pivot": [-1, 12.3, -11], "rotation": [20, 0, 2.5], "uv": [56, 117]},
						{"origin": [-3.3, 12.5, -18.53142], "size": [4.8, 2.4, 6.60976], "inflate": -0.5, "pivot": [-1, 12.3, -11], "rotation": [22.5, 0, 2.5], "uv": [28, 118]},
						{"origin": [-1.54362, 11.1269, -17.60582], "size": [1, 2.4, 1], "inflate": 0.1, "pivot": [-1, 11.3, -17], "rotation": [-7.5, 0, 2.5], "uv": [15, 40]},
						{"origin": [-1.45638, 13, -17.5], "size": [1, 2.4, 1], "inflate": -0.1, "pivot": [-1, 13.3, -17], "rotation": [-50, 0, 2.5], "uv": [52, 122]},
						{"origin": [-1.41276, 13.7, -16.37747], "size": [1, 2.2, 1], "inflate": -0.2, "pivot": [-1, 14.3, -16], "rotation": [-27.5, 0, 2.5], "uv": [55, 121]},
						{"origin": [-1.36914, 14.7, -15.80317], "size": [1, 1.8, 1], "inflate": -0.3, "pivot": [-1, 15.3, -15], "rotation": [-2.5, 0, 2.5], "uv": [58, 121]},
						{"origin": [-3.34362, 9.74422, -18.68194], "size": [4.8, 2.4, 6.60976], "inflate": -0.5, "pivot": [-1, 11.3, -18], "rotation": [7.5, 0, 2.5], "uv": [29, 118]},
						{"origin": [-3.54362, 10.5, -15], "size": [2, 2, 2], "inflate": -0.5, "pivot": [-1, 11.3, -18], "rotation": [7.5, 0, 2.5], "uv": [53, 120]},
						{"origin": [-0.3, 10.5, -15], "size": [2, 2, 2], "inflate": -0.5, "pivot": [-1, 11.3, -18], "rotation": [7.5, 0, 2.5], "uv": [53, 120]},
						{"origin": [-3.3, 8.26147, -17.20605], "size": [4.6, 2.4, 5.60976], "inflate": -0.5, "pivot": [-1, 10.3, -13], "rotation": [12.5, 0, 2.5], "uv": [28, 119]},
						{"origin": [-3.37706, 10.98571, -16.43043], "size": [1, 1.4, 4.60976], "pivot": [-3, 11.3, -16], "rotation": [35, -5, -15], "uv": [67, 10]},
						{"origin": [-4.4, 13.13686, -12.44252], "size": [1, 1.4, 2.60976], "pivot": [-3, 13.3, -11], "rotation": [37.5, -7.5, -12.5], "uv": [37, 0]},
						{"origin": [-4.4, 13.6, -12.4425], "size": [1, 1.4, 3.60976], "inflate": -0.1, "pivot": [-3, 13.3, -11], "rotation": [37.5, -7.5, -12.5], "uv": [54, 121]},
						{"origin": [-4.74511, 14.41181, -10.80098], "size": [1, 1.4, 3.60976], "inflate": -0.2, "pivot": [-3, 14.3, -10], "rotation": [67.5, -7.5, -12.5], "uv": [54, 122]},
						{"origin": [-4.89329, 14.16593, -10.8102], "size": [1, 1.4, 2.60976], "inflate": -0.3, "pivot": [-5, 15.3, -11], "rotation": [82.5, -7.5, -12.5], "uv": [55, 120]},
						{"origin": [0.59782, 10.78659, -16.35288], "size": [1, 1.4, 4.60976], "pivot": [1, 11.3, -16], "rotation": [35, 10, 15], "uv": [29, 66]},
						{"origin": [1.8, 12.68094, -12.19357], "size": [1, 1.4, 2.60976], "pivot": [2, 12.3, -11], "rotation": [35, 10, 15], "uv": [24, 35]},
						{"origin": [1.8, 13, -12.19357], "size": [1, 1.4, 3.60976], "inflate": -0.1, "pivot": [2, 12.3, -11], "rotation": [35, 10, 15], "uv": [53, 120]},
						{"origin": [2.30977, 13.36596, -11.228], "size": [1, 1.4, 2.60976], "inflate": -0.2, "pivot": [2, 14.3, -11], "rotation": [55, 10, 15], "uv": [54, 120]},
						{"origin": [2.73831, 14.58182, -10.55832], "size": [1, 1.4, 2.60976], "inflate": -0.3, "pivot": [2, 15.3, -10], "rotation": [77.5, 10, 15], "uv": [54, 122]}
					]
				},
				{
					"name": "bone3",
					"parent": "M1014_draco",
					"pivot": [-0.84756, 10.41463, -6.84139],
					"rotation": [102.5, 0, -177.5],
					"cubes": [
						{"origin": [-1.39817, 2.87641, -6.27249], "size": [1.34, 7.93366, 1.34], "inflate": -0.5, "pivot": [-0.74118, 5.47126, -5.9555], "rotation": [0, 20, 0], "uv": [71, 49]},
						{"origin": [-1.26324, 2.87641, -6.34518], "size": [1.34, 7.93366, 1.34], "inflate": -0.5, "pivot": [-0.60625, 5.47126, -6.02819], "rotation": [0, 40, 0], "uv": [46, 71]},
						{"origin": [-0.93086, 2.87641, -6.30286], "size": [2, 7.95805, 1.34], "inflate": -0.5, "pivot": [-0.61767, 5.47126, -5.9906], "rotation": [0, 50, 0], "uv": [0, 68]},
						{"origin": [-0.53086, 2.87641, -7.70286], "size": [2.8, 7.95805, 3.34], "inflate": -0.5, "pivot": [-0.61767, 5.47126, -5.9906], "rotation": [0, 85, 0], "uv": [0, 0]},
						{"origin": [-1.6999, 2.87641, -6.28139], "size": [1.34, 7.93366, 1.34], "inflate": -0.5, "pivot": [-1.04291, 5.47126, -5.9644], "rotation": [0, -20, 0], "uv": [31, 71]},
						{"origin": [-1.83032, 2.87641, -6.3619], "size": [1.34, 8.12878, 1.34], "inflate": -0.5, "pivot": [-1.17333, 5.47126, -6.04491], "rotation": [0, -40, 0], "uv": [6, 70]},
						{"origin": [-2.80348, 2.87641, -6.33321], "size": [2.34, 7.95805, 1.34], "inflate": -0.5, "pivot": [-1.14649, 5.47126, -6.01622], "rotation": [0, -40, 0], "uv": [0, 47]},
						{"origin": [-4.93086, 2.87641, -7.70286], "size": [3, 7.95805, 2.34], "inflate": -0.5, "pivot": [-2.14649, 5.47126, -6.01622], "rotation": [0, -87.5, 0], "uv": [12, 0]},
						{"origin": [-3.93086, 3.87641, -8.70286], "size": [2, 6, 2.8], "inflate": -0.5, "pivot": [-2.14649, 8.47126, -7.01622], "rotation": [65, 0, -15], "uv": [32, 117]},
						{"origin": [-3.44729, 6.30239, -5.3], "size": [2, 6, 2.8], "inflate": -0.7, "pivot": [-3.14649, 6.47126, -4.01622], "rotation": [155, 0, -15], "uv": [33, 118]},
						{"origin": [-2.34387, -0.51369, -7.26098], "size": [3, 4, 2.8], "inflate": -0.7, "pivot": [-1.14649, 2.47126, -6.01622], "rotation": [62.5, 0, 0], "uv": [31, 119]},
						{"origin": [0.2, 3.87641, -8.70286], "size": [2, 6, 2.8], "inflate": -0.5, "pivot": [-2.14649, 8.47126, -7.01622], "rotation": [65, 0, 15], "uv": [33, 117]},
						{"origin": [-0.47423, 4.49184, -5.04814], "size": [2, 6, 2.8], "inflate": -0.7, "pivot": [0.85351, 5.47126, -4.01622], "rotation": [152.5, 0, 20], "uv": [33, 118]},
						{"origin": [-1.54982, 2.87641, -6.25034], "size": [1.34, 7.93366, 1.34], "inflate": -0.5, "uv": [27, 71]}
					]
				},
				{
					"name": "sayap_kanan",
					"parent": "M1014_draco",
					"pivot": [-2, 12, -8],
					"rotation": [0, 0, -80],
					"cubes": [
						{"origin": [-2.31001, 11.5694, -9.41149], "size": [1, 1, 6.60976], "pivot": [-2, 12.3, -9], "rotation": [30, -60, 2.5], "uv": [53, 54]},
						{"origin": [-4.74003, 10.65545, -6.69059], "size": [5, 2.5, 3.4], "inflate": -1, "pivot": [-2, 12.3, -6], "rotation": [10, -150, 32.5], "uv": [2, 122]},
						{"origin": [-5.29011, 13.1, -6.8], "size": [1, 1, 2.3], "pivot": [-4, 14.3, -6], "rotation": [-5, -172.5, 30], "uv": [23, 26]},
						{"origin": [-5.45361, 11.73011, -9.5], "size": [5, 2.5, 3.8], "inflate": -1, "pivot": [-4, 13.3, -7], "rotation": [-12.5, -155, 42.5], "uv": [2, 121]},
						{"origin": [-5.80635, 12.9, -4.3], "size": [3.3, 2.5, 4.4], "inflate": -1, "pivot": [-5, 13.3, -4], "rotation": [0, -155, 30], "uv": [3, 120]},
						{"origin": [-7.84762, 14.75241, -5], "size": [1, 1, 3.8], "pivot": [-6, 15.3, -5], "rotation": [30, -92.5, -27.5], "uv": [9, 47]},
						{"origin": [-8.79608, 14.96924, -11.06445], "size": [1, 1, 5.60976], "pivot": [-8, 15.3, -6], "rotation": [17.5, -152.5, -2.5], "uv": [60, 14]},
						{"origin": [-8.52552, 14.3, -13.88621], "size": [1, 2.5, 8.4], "inflate": -1, "pivot": [-8, 15.3, -6], "rotation": [0, -170, 35], "uv": [4, 116]},
						{"origin": [-8.52552, 14.3, -11.88621], "size": [1, 2.5, 6.4], "inflate": -1, "pivot": [-8, 15.3, -6], "rotation": [0, -157.5, 35], "uv": [4, 118]},
						{"origin": [-8.7, 14.3, -7.89002], "size": [1, 2.5, 10.4], "inflate": -1, "pivot": [-8, 15.3, -2], "rotation": [0, -177.5, 35], "uv": [2, 114]},
						{"origin": [-11, 13.77846, -8.02666], "size": [1, 2.5, 10.4], "inflate": -1, "pivot": [-10, 15.3, -2], "rotation": [0, -177.5, -20], "uv": [1, 115]},
						{"origin": [-10, 13.77846, -7.4], "size": [1, 2.5, 8.8], "inflate": -1, "pivot": [-10, 15.3, -2], "rotation": [0, -177.5, -20], "uv": [4, 116]},
						{"origin": [-10, 13.77846, -6.5], "size": [0, 2.5, 5.4], "inflate": -1, "pivot": [-10, 15.3, -2], "rotation": [0, 152.5, -20], "uv": [3, 118]},
						{"origin": [-9, 13.77846, -6.5], "size": [0, 2.5, 6.4], "inflate": -1, "pivot": [-10, 15.3, -2], "rotation": [0, 140, -20], "uv": [2, 117]},
						{"origin": [-10, 14.92562, -15], "size": [1, 1, 7.60976], "pivot": [-9, 15.3, -7], "rotation": [12.5, 137.5, -2.5], "uv": [0, 48]},
						{"origin": [-8.9656, 14.92562, -7], "size": [1, 1, 1.60976], "pivot": [-9, 15.3, -7], "rotation": [0, -145, -2.5], "uv": [34, 12]},
						{"origin": [-7.79608, 14.96924, -15.06445], "size": [1, 1, 9.60976], "pivot": [-8, 15.3, -6], "rotation": [0, -177.5, -2.5], "uv": [35, 26]}
					]
				},
				{
					"name": "sayap_kiri",
					"parent": "M1014_draco",
					"pivot": [0, 12, -8],
					"rotation": [0, -45, 25],
					"cubes": [
						{"origin": [-0.19523, 12, -9.40925], "size": [1, 1, 6.60976], "pivot": [1, 12.3, -9], "rotation": [20, 62.5, -2.5], "uv": [51, 47]},
						{"origin": [16.84762, 14.75241, -16], "size": [1, 1, 3.8], "pivot": [16, 15.3, -5], "rotation": [30, 92.5, 27.5], "uv": [10, 40]},
						{"origin": [25.9656, 13.92562, -14], "size": [1, 1, 1.60976], "pivot": [19, 15.3, -7], "rotation": [0, 145, 2.5], "uv": [20, 0]},
						{"origin": [7.25424, 14.8, -13.97978], "size": [1, 1, 7.60976], "pivot": [8, 14.3, -6], "rotation": [20, -137.5, 2.5], "uv": [14, 26]},
						{"origin": [11.75337, 12.22688, -6.00711], "size": [0, 2.5, 6.8], "inflate": -1, "pivot": [11, 13.3, -2], "rotation": [0, -135, 30], "uv": [4, 119]},
						{"origin": [11.8, 12.36086, -7.36066], "size": [0, 2.5, 6.8], "inflate": -1, "pivot": [11, 14.3, -2], "rotation": [0, -162.5, 30], "uv": [6, 119]},
						{"origin": [7.3, 13.36086, -10], "size": [1, 2.5, 8.8], "inflate": -1, "pivot": [9, 14.3, -3], "rotation": [0, 177.5, 30], "uv": [4, 117]},
						{"origin": [8.3, 13.3609, -10.6], "size": [1, 2.5, 10.4], "inflate": -1, "pivot": [9, 14.3, -3], "rotation": [0, 177.5, 22.5], "uv": [2, 113]},
						{"origin": [26.79608, 13.96924, -16.06445], "size": [1, 1, 9.60976], "pivot": [18, 15.3, -6], "rotation": [0, 177.5, 2.5], "uv": [13, 35]},
						{"origin": [8.12554, 13.8197, -4.54586], "size": [1, 2.5, 10.4], "inflate": -1, "pivot": [8, 15.3, 0], "rotation": [0, 177.5, -37.5], "uv": [2, 113]},
						{"origin": [5.3, 13.5, -8.44288], "size": [0, 1.5, 4.4], "inflate": -1, "pivot": [7, 14.3, -3], "rotation": [2.5, 157.5, -27.5], "uv": [7, 123]},
						{"origin": [6, 13.5, -6.44288], "size": [0, 1.5, 4.4], "inflate": -1, "pivot": [7, 14.3, -3], "rotation": [2.5, 132.5, -37.5], "uv": [12, 119]},
						{"origin": [6.41127, 13.0043, -5.44288], "size": [1, 2.5, 5.4], "inflate": -1, "pivot": [7, 14.3, -3], "rotation": [2.5, 150, -30], "uv": [9, 119]},
						{"origin": [26.3, 15.4, -16.3], "size": [1, 1, 5.60976], "pivot": [18, 15.3, -6], "rotation": [17.5, 152.5, 2.5], "uv": [9, 60]},
						{"origin": [1.8, 13.3, -7.07553], "size": [4, 2.5, 4.4], "inflate": -1, "pivot": [5, 14.3, -5], "rotation": [25, 150, 12.5], "uv": [3, 119]},
						{"origin": [3.5841, 13.13021, -7.07553], "size": [6, 2.5, 4.4], "inflate": -1, "pivot": [5, 14.3, -5], "rotation": [10, 155, -25], "uv": [2, 121]},
						{"origin": [1.87397, 12.67527, -8.7], "size": [1, 1, 2.3], "pivot": [2, 14.3, -7], "rotation": [-5, 167.5, -25], "uv": [14, 26]},
						{"origin": [-0.16171, 11.5, -7.31984], "size": [5, 2.5, 3.4], "inflate": -1, "pivot": [1, 14.3, -6], "rotation": [10, 150, -25], "uv": [5, 122]}
					]
				}
			]
		}
	]
}