{
	"format_version": "1.12.0",
	"minecraft:geometry": [
		{
			"description": {
				"identifier": "geometry.mp40_cobra_drop",
				"texture_width": 128,
				"texture_height": 128,
				"visible_bounds_width": 7,
				"visible_bounds_height": 5,
				"visible_bounds_offset": [0, 0.5, 0]
			},
			"bones": [
				{
					"name": "root",
					"pivot": [0, 0, 0]
				},
				{
					"name": "waist",
					"parent": "root",
					"pivot": [0, 12, 0]
				},
				{
					"name": "body",
					"parent": "waist",
					"pivot": [0, 24, 0]
				},
				{
					"name": "rightArm",
					"parent": "body",
					"pivot": [-5, 22, 0]
				},
				{
					"name": "gun",
					"parent": "rightArm",
					"pivot": [-5.75, 13.2, 0.1],
					"rotation": [90, 0, 0]
				},
				{
					"name": "mp40_cobra",
					"parent": "gun",
					"pivot": [1, 15, -12],
					"rotation": [-90, 90, 0]
				},
				{
					"name": "bone",
					"parent": "mp40_cobra",
					"pivot": [8, -2, -12],
					"cubes": [
						{"origin": [-0.39795, 11.2364, -11.16574], "size": [1.34, 3.15317, 1.34], "inflate": -0.5, "pivot": [0.25904, 11.83125, -10.84875], "rotation": [-90, 77.5, -90], "uv": [68, 55]},
						{"origin": [0.58104, 11.82027, -13.8593], "size": [1.34, 3.15317, 1.34], "inflate": -0.5, "pivot": [7, -1.56049, -15.01302], "rotation": [-12.5, 0, 0], "uv": [59, 69]},
						{"origin": [0.32738, 11.18861, -10.95019], "size": [1.34, 3.15317, 1.34], "inflate": -0.5, "pivot": [0.98437, 11.78346, -10.6332], "rotation": [-51.9292, -74.0421, 50.8313], "uv": [69, 17]},
						{"origin": [0.30054, 11.19482, -10.9782], "size": [1.34, 3.15317, 1.34], "inflate": -0.5, "pivot": [0.95753, 11.78967, -10.66121], "rotation": [-16.1405, -38.8697, 10.2935], "uv": [68, 67]},
						{"origin": [0.43096, 11.1774, -10.8996], "size": [1.34, 3.15317, 1.34], "inflate": -0.5, "pivot": [1.08795, 11.77225, -10.58261], "rotation": [-13.2746, -19.5064, 4.5043], "uv": [64, 68]},
						{"origin": [0.88003, 11.04128, -11.16574], "size": [1.92537, 3.34829, 1.34], "inflate": -0.5, "pivot": [1.53702, 11.83125, -10.84875], "rotation": [-90, 77.5, -90], "uv": [68, 51]},
						{"origin": [0.8562, 11.18307, -10.92518], "size": [1.34, 3.15317, 1.34], "inflate": -0.5, "pivot": [1.51319, 11.77792, -10.60819], "rotation": [-51.9292, 74.0421, -50.8313], "uv": [68, 47]},
						{"origin": [0.86762, 11.1912, -10.96188], "size": [1.34, 3.15317, 1.34], "inflate": -0.5, "pivot": [1.52461, 11.78605, -10.64489], "rotation": [-16.1405, 38.8697, -10.2935], "uv": [68, 43]},
						{"origin": [0.73269, 11.17547, -10.89091], "size": [1.34, 3.15317, 1.34], "inflate": -0.5, "pivot": [1.38968, 11.77032, -10.57392], "rotation": [-13.2746, 19.5064, -4.5043], "uv": [36, 68]}
					]
				},
				{
					"name": "bone2",
					"parent": "mp40_cobra",
					"pivot": [1.15244, 11, -7.71944],
					"rotation": [25, 0, 0],
					"cubes": [
						{"origin": [0.73269, 8.16125, -7.28307], "size": [1.34, 5.98244, 1.53512], "inflate": -0.5, "pivot": [1.38968, 11, -6.77095], "rotation": [0, 20, 0], "uv": [4, 62]},
						{"origin": [0.86762, 8.16125, -7.16063], "size": [1.34, 5.98244, 1.34], "inflate": -0.5, "pivot": [1.52461, 11, -6.84364], "rotation": [0, 40, 0], "uv": [0, 62]},
						{"origin": [0.8562, 8.16125, -8.09865], "size": [1.34, 5.98244, 2.31561], "inflate": -0.5, "pivot": [1.51319, 11, -6.80605], "rotation": [0, 80, 0], "uv": [26, 46]},
						{"origin": [0.88003, 8.16125, -7.36944], "size": [2.02293, 5.98244, 1.34], "inflate": -0.5, "pivot": [1.53702, 11, -7.05245], "rotation": [0, 90, 0], "uv": [50, 0]},
						{"origin": [-0.39795, 8.16125, -7.36944], "size": [1.92537, 6.32619, 1.34], "inflate": -0.5, "pivot": [0.25904, 11, -7.05245], "rotation": [0, 90, 0], "uv": [58, 36]},
						{"origin": [-1.1792, 12.255, -7.36944], "size": [2.70662, 2.23244, 1.34], "inflate": -0.5, "pivot": [0.25904, 11, -7.05245], "rotation": [0, 90, 0], "uv": [5, 54]},
						{"origin": [0.43096, 8.16125, -7.48709], "size": [1.34, 5.98244, 1.73024], "inflate": -0.5, "pivot": [1.08795, 11, -6.77985], "rotation": [0, -20, 0], "uv": [61, 58]},
						{"origin": [0.30054, 8.16125, -8.64077], "size": [1.34, 5.00683, 2.80341], "inflate": -0.5, "pivot": [0.95753, 11, -6.86036], "rotation": [0, -40, 0], "uv": [13, 44]},
						{"origin": [0.32738, 8.16125, -7.14867], "size": [1.34, 5.98244, 1.34], "inflate": -0.5, "pivot": [0.98437, 11, -6.83168], "rotation": [0, -80, 0], "uv": [57, 60]},
						{"origin": [0.58104, 8.16125, -8.23652], "size": [1.34, 4.61659, 2.51073], "inflate": -0.5, "uv": [44, 48]}
					]
				},
				{
					"name": "bone3",
					"parent": "mp40_cobra",
					"pivot": [1.15244, 11, -10.71944],
					"rotation": [25, 0, 0],
					"cubes": [
						{"origin": [0.73269, 12.16125, -10.28307], "size": [1.34, 1.98244, 1.53512], "inflate": -0.5, "pivot": [1.38968, 11, -9.77095], "rotation": [0, 20, 0], "uv": [38, 73]},
						{"origin": [0.86762, 12.16125, -10.16063], "size": [1.34, 1.98244, 1.34], "inflate": -0.5, "pivot": [1.52461, 11, -9.84364], "rotation": [0, 40, 0], "uv": [73, 35]},
						{"origin": [0.8562, 12.16125, -11.09865], "size": [1.34, 1.98244, 2.31561], "inflate": -0.5, "pivot": [1.51319, 11, -9.80605], "rotation": [0, 80, 0], "uv": [33, 52]},
						{"origin": [0.88003, 12.16125, -10.36944], "size": [2.02293, 1.98244, 1.34], "inflate": -0.5, "pivot": [1.53702, 11, -10.05245], "rotation": [0, 90, 0], "uv": [5, 40]},
						{"origin": [-0.39795, 12.16125, -10.36944], "size": [1.92537, 2.32619, 1.34], "inflate": -0.5, "pivot": [0.25904, 11, -10.05245], "rotation": [0, 90, 0], "uv": [15, 72]},
						{"origin": [-1.1792, 14.48744, -10.36944], "size": [2.70662, 0, 1.34], "inflate": -0.5, "pivot": [0.25904, 11, -10.05245], "rotation": [0, 90, 0], "uv": [15, 13]},
						{"origin": [0.43096, 12.16125, -10.48709], "size": [1.34, 1.98244, 1.73024], "inflate": -0.5, "pivot": [1.08795, 11, -9.77985], "rotation": [0, -20, 0], "uv": [73, 32]},
						{"origin": [0.30054, 12.16125, -11.64077], "size": [1.34, 1.00683, 2.80341], "inflate": -0.5, "pivot": [0.95753, 11, -9.86036], "rotation": [0, -40, 0], "uv": [52, 22]},
						{"origin": [0.32738, 12.16125, -10.14867], "size": [1.34, 1.98244, 1.34], "inflate": -0.5, "pivot": [0.98437, 11, -9.83168], "rotation": [0, -80, 0], "uv": [73, 29]},
						{"origin": [0.58104, 12.16125, -11.23652], "size": [1.34, 0.61659, 2.51073], "inflate": -0.5, "uv": [10, 10]}
					]
				},
				{
					"name": "bone4",
					"parent": "mp40_cobra",
					"pivot": [1.15244, 11.19512, -7.3292],
					"rotation": [-25, 180, 0],
					"cubes": [
						{"origin": [0.53549, 8.35637, -8.59103], "size": [1.34, 4.61659, 2.51073], "inflate": -0.5, "pivot": [1.19248, 11.19512, -7.10331], "rotation": [0, 20, 0], "uv": [47, 36]},
						{"origin": [0.67042, 8.35637, -7.49298], "size": [1.34, 4.81171, 1.34], "inflate": -0.5, "pivot": [1.32741, 11.19512, -7.17599], "rotation": [0, 40, 0], "uv": [66, 38]},
						{"origin": [0.659, 8.35637, -7.45539], "size": [1.34, 4.90927, 1.34], "inflate": -0.5, "pivot": [1.31599, 11.19512, -7.1384], "rotation": [0, 80, 0], "uv": [66, 33]},
						{"origin": [0.23376, 8.35637, -8.79505], "size": [1.34, 4.71415, 2.70585], "inflate": -0.5, "pivot": [0.89075, 11.19512, -7.11221], "rotation": [0, -20, 0], "uv": [47, 13]},
						{"origin": [0.10334, 8.35637, -7.50971], "size": [1.34, 5.00683, 1.34], "inflate": -0.5, "pivot": [0.76033, 11.19512, -7.19272], "rotation": [0, -40, 0], "uv": [53, 60]},
						{"origin": [0.13018, 8.35637, -7.48102], "size": [1.34, 5.10439, 1.34], "inflate": -0.5, "pivot": [0.78717, 11.19512, -7.16403], "rotation": [0, -80, 0], "uv": [60, 52]},
						{"origin": [0.38384, 8.35637, -7.39814], "size": [1.34, 4.61659, 1.34], "inflate": -0.5, "uv": [66, 28]}
					]
				},
				{
					"name": "bone5",
					"parent": "mp40_cobra",
					"pivot": [2.61585, 13.34146, -12.37798],
					"rotation": [180, 180, 90],
					"cubes": [
						{"origin": [1.40246, 13.44201, -12.45623], "size": [1.374, 2.52946, 1.374], "inflate": -0.5, "pivot": [2.07514, 14.80732, -12.15754], "rotation": [0, 20, 0], "uv": [72, 13]},
						{"origin": [1.55088, 13.44201, -12.53618], "size": [1.76424, 2.52946, 1.374], "inflate": -0.5, "pivot": [2.22357, 14.80732, -12.23749], "rotation": [0, 40, 0], "uv": [11, 72]},
						{"origin": [1.07055, 13.44201, -12.46602], "size": [1.374, 2.52946, 2.15449], "inflate": -0.5, "pivot": [1.74324, 14.80732, -12.16733], "rotation": [0, -20, 0], "uv": [122, 0]},
						{"origin": [0.47345, 13.44201, -12.12056], "size": [2.15449, 2.52946, 1.66668], "inflate": -0.5, "pivot": [1.14614, 14.80732, -11.82187], "rotation": [0, -22.5, 0], "uv": [47, 32]},
						{"origin": [1.23564, 13.44201, -12.43186], "size": [1.374, 2.52946, 1.374], "inflate": -0.5, "uv": [72, 0]}
					]
				},
				{
					"name": "bone6",
					"parent": "mp40_cobra",
					"pivot": [1.15244, 12.7561, -11.49993],
					"rotation": [-37.5, 0, 0],
					"cubes": [
						{"origin": [0.73269, 12.16125, -10.86843], "size": [1.34, 2.86049, 1.34], "inflate": -0.5, "pivot": [1.38968, 12.7561, -10.55144], "rotation": [0, 20, 0], "uv": [0, 72]},
						{"origin": [0.86762, 12.16125, -10.94112], "size": [1.34, 2.86049, 1.34], "inflate": -0.5, "pivot": [1.52461, 12.7561, -10.62413], "rotation": [0, 40, 0], "uv": [71, 70]},
						{"origin": [0.8562, 12.16125, -10.90353], "size": [1.34, 2.86049, 1.34], "inflate": -0.5, "pivot": [1.51319, 12.7561, -10.58654], "rotation": [0, 80, 0], "uv": [67, 71]},
						{"origin": [0.88003, 12.16125, -11.14993], "size": [1.34, 2.86049, 1.34], "inflate": -0.5, "pivot": [1.53702, 12.7561, -10.83294], "rotation": [0, 90, 0], "uv": [71, 65]},
						{"origin": [-0.39795, 12.16125, -11.14993], "size": [1.34, 2.86049, 1.34], "inflate": -0.5, "pivot": [0.25904, 12.7561, -10.83294], "rotation": [0, 90, 0], "uv": [71, 10]},
						{"origin": [0.43096, 12.16125, -10.87733], "size": [1.34, 2.86049, 1.34], "inflate": -0.5, "pivot": [1.08795, 12.7561, -10.56034], "rotation": [0, -20, 0], "uv": [7, 71]},
						{"origin": [0.30054, 12.16125, -10.95784], "size": [1.34, 2.86049, 1.34], "inflate": -0.5, "pivot": [0.95753, 12.7561, -10.64085], "rotation": [0, -40, 0], "uv": [55, 70]},
						{"origin": [0.32738, 12.16125, -10.92915], "size": [1.34, 2.86049, 1.34], "inflate": -0.5, "pivot": [0.98437, 12.7561, -10.61216], "rotation": [0, -80, 0], "uv": [51, 70]},
						{"origin": [0.58104, 12.16125, -10.84628], "size": [1.34, 2.86049, 1.34], "inflate": -0.5, "uv": [44, 70]}
					]
				},
				{
					"name": "bone7",
					"parent": "mp40_cobra",
					"pivot": [1.15244, 11.19512, -8.20725],
					"cubes": [
						{"origin": [0.73269, 10.60027, -7.57575], "size": [1.34, 3.73854, 1.34], "inflate": -0.5, "pivot": [1.38968, 11.19512, -7.25876], "rotation": [0, 20, 0], "uv": [32, 68]},
						{"origin": [0.86762, 10.60027, -7.64843], "size": [1.34, 3.73854, 1.34], "inflate": -0.5, "pivot": [1.52461, 11.19512, -7.33144], "rotation": [0, 40, 0], "uv": [28, 68]},
						{"origin": [0.8562, 10.60027, -7.61085], "size": [1.34, 3.73854, 1.34], "inflate": -0.5, "pivot": [1.51319, 11.19512, -7.29386], "rotation": [0, 80, 0], "uv": [24, 68]},
						{"origin": [0.88003, 10.60027, -7.85725], "size": [1.34, 3.73854, 1.34], "inflate": -0.5, "pivot": [1.53702, 11.19512, -7.54026], "rotation": [0, 90, 0], "uv": [20, 68]},
						{"origin": [-0.39795, 10.60027, -7.85725], "size": [1.34, 3.73854, 1.34], "inflate": -0.5, "pivot": [0.25904, 11.19512, -7.54026], "rotation": [0, 90, 0], "uv": [16, 68]},
						{"origin": [0.43096, 10.60027, -7.58465], "size": [1.34, 3.73854, 1.34], "inflate": -0.5, "pivot": [1.08795, 11.19512, -7.26766], "rotation": [0, -20, 0], "uv": [68, 13]},
						{"origin": [0.30054, 10.60027, -7.66516], "size": [1.34, 3.73854, 1.34], "inflate": -0.5, "pivot": [0.95753, 11.19512, -7.34817], "rotation": [0, -40, 0], "uv": [12, 68]},
						{"origin": [0.32738, 10.60027, -7.63647], "size": [1.34, 3.73854, 1.34], "inflate": -0.5, "pivot": [0.98437, 11.19512, -7.31948], "rotation": [0, -80, 0], "uv": [4, 68]},
						{"origin": [0.58104, 10.60027, -7.5536], "size": [1.34, 3.73854, 1.34], "inflate": -0.5, "uv": [68, 0]}
					]
				},
				{
					"name": "bone8",
					"parent": "mp40_cobra",
					"pivot": [1.15244, 14.31707, -10.42676],
					"rotation": [-82.5, 0, 0],
					"cubes": [
						{"origin": [0.73269, 13.72222, -9.79526], "size": [1.34, 4.12878, 1.34], "inflate": -0.5, "pivot": [1.38968, 14.31707, -9.47827], "rotation": [0, 20, 0], "uv": [66, 23]},
						{"origin": [0.86762, 13.72222, -9.86795], "size": [1.34, 3.41003, 1.34], "inflate": -0.5, "pivot": [1.52461, 14.31707, -9.55096], "rotation": [0, 40, 0], "uv": [0, 68]},
						{"origin": [0.8562, 13.72222, -9.83036], "size": [1.34, 2.47024, 1.34], "inflate": -0.5, "pivot": [1.51319, 14.31707, -9.51337], "rotation": [0, 80, 0], "uv": [40, 70]},
						{"origin": [0.88003, 13.72222, -10.07676], "size": [1.34, 2.5678, 1.34], "inflate": -0.5, "pivot": [1.53702, 14.31707, -9.75977], "rotation": [0, 90, 0], "uv": [70, 39]},
						{"origin": [-0.39795, 13.72222, -10.07676], "size": [1.34, 2.5678, 1.34], "inflate": -0.5, "pivot": [0.25904, 14.31707, -9.75977], "rotation": [0, 90, 0], "uv": [70, 36]},
						{"origin": [0.43096, 13.72222, -9.80416], "size": [1.34, 4.12878, 1.34], "inflate": -0.5, "pivot": [1.08795, 14.31707, -9.48717], "rotation": [0, -20, 0], "uv": [8, 66]},
						{"origin": [0.30054, 13.72222, -9.88467], "size": [1.34, 3.73854, 1.34], "inflate": -0.5, "pivot": [0.95753, 14.31707, -9.56768], "rotation": [0, -40, 0], "uv": [48, 67]},
						{"origin": [0.32738, 13.72222, -9.85598], "size": [1.34, 2.47024, 1.34], "inflate": -0.5, "pivot": [0.98437, 14.31707, -9.53899], "rotation": [0, -80, 0], "uv": [70, 33]},
						{"origin": [0.58104, 13.72222, -9.77311], "size": [1.34, 4.12878, 1.34], "inflate": -0.5, "uv": [65, 63]}
					]
				},
				{
					"name": "bone9",
					"parent": "mp40_cobra",
					"pivot": [1.08613, 14.5122, -9.25603],
					"rotation": [-90, 0, 0],
					"cubes": [
						{"origin": [0.72542, 13.62476, -8.72305], "size": [1.34, 7.90927, 1.34], "inflate": -0.5, "pivot": [1.38241, 14.21961, -8.40606], "rotation": [0, 20, 0], "uv": [36, 60]},
						{"origin": [0.81372, 14.62476, -8.66971], "size": [2.1525, 7.12878, 1.34], "inflate": -0.5, "pivot": [1.47071, 14.21961, -8.35272], "rotation": [0, 90, 0], "uv": [34, 0]},
						{"origin": [0.92666, 14.40525, -9.69756], "size": [1.34, 7.34829, 1.34], "inflate": -0.5, "pivot": [1.58365, 14.21961, -9.38057], "rotation": [0, 40, 0], "uv": [32, 60]},
						{"origin": [0.86035, 13.62476, -8.79573], "size": [1.34, 8.12878, 1.34], "inflate": -0.5, "pivot": [1.51734, 14.21961, -8.47874], "rotation": [0, 40, 0], "uv": [4, 44]},
						{"origin": [0.42369, 13.62476, -8.73195], "size": [1.34, 7.90927, 1.34], "inflate": -0.5, "pivot": [1.08068, 14.21961, -8.41496], "rotation": [0, -20, 0], "uv": [28, 60]},
						{"origin": [0.29327, 13.62476, -8.81246], "size": [1.34, 8.12878, 1.34], "inflate": -0.5, "pivot": [0.95026, 14.21961, -8.49547], "rotation": [0, -40, 0], "uv": [0, 44]},
						{"origin": [0.23941, 14.21013, -9.71429], "size": [1.34, 7.54341, 1.34], "inflate": -0.5, "pivot": [0.8964, 14.21961, -9.3973], "rotation": [0, -40, 0], "uv": [24, 60]},
						{"origin": [0.57377, 13.62476, -8.7009], "size": [1.34, 7.90927, 1.34], "inflate": -0.5, "uv": [20, 60]}
					]
				},
				{
					"name": "bone10",
					"parent": "mp40_cobra",
					"pivot": [1.15244, 14.5122, -9.06091],
					"rotation": [-90, 0, 0],
					"cubes": [
						{"origin": [0.7367, 13.9126, -8.37283], "size": [1.357, 1.41693, 1.357], "inflate": -0.5, "pivot": [1.40154, 14.5122, -8.06499], "rotation": [0, 20, 0], "uv": [73, 26]},
						{"origin": [0.87838, 13.9126, -8.44915], "size": [1.357, 1.41693, 1.357], "inflate": -0.5, "pivot": [1.54322, 14.5122, -8.14131], "rotation": [0, 40, 0], "uv": [73, 22]},
						{"origin": [0.86638, 13.9126, -8.40968], "size": [1.357, 1.41693, 1.357], "inflate": -0.5, "pivot": [1.53122, 14.5122, -8.10185], "rotation": [0, 80, 0], "uv": [73, 18]},
						{"origin": [0.89141, 13.9126, -8.6684], "size": [3.99115, 1.41693, 1.357], "inflate": -0.5, "pivot": [1.55625, 14.5122, -8.36057], "rotation": [0, 90, 0], "uv": [0, 12]},
						{"origin": [-0.45047, 13.9126, -8.6684], "size": [3.79602, 1.41693, 2.357], "inflate": -0.5, "pivot": [0.21437, 14.5122, -8.36057], "rotation": [0, 90, 0], "uv": [16, 10]},
						{"origin": [-0.45047, 13.9126, -8.6684], "size": [3.79602, 1.41693, 2.357], "inflate": -0.5, "pivot": [0.21437, 14.5122, -8.36057], "rotation": [0, 90, 0], "uv": [16, 10]},
						{"origin": [0.41988, 13.9126, -8.38218], "size": [1.357, 1.41693, 1.357], "inflate": -0.5, "pivot": [1.08472, 14.5122, -8.07434], "rotation": [0, -20, 0], "uv": [73, 6]},
						{"origin": [0.28295, 13.9126, -8.46671], "size": [1.357, 1.41693, 1.357], "inflate": -0.5, "pivot": [0.94779, 14.5122, -8.15887], "rotation": [0, -40, 0], "uv": [4, 73]},
						{"origin": [0.31113, 13.9126, -8.43659], "size": [1.357, 1.41693, 1.357], "inflate": -0.5, "pivot": [0.97597, 14.5122, -8.12875], "rotation": [0, -80, 0], "uv": [73, 3]},
						{"origin": [0.57747, 13.9126, -8.34957], "size": [1.357, 1.41693, 1.357], "inflate": -0.5, "uv": [72, 68]}
					]
				},
				{
					"name": "bone11",
					"parent": "mp40_cobra",
					"pivot": [1.15244, 15.78049, -8.86578],
					"rotation": [90, 0, 0],
					"cubes": [
						{"origin": [0.7367, 15.18089, -8.17771], "size": [1.357, 1.41693, 1.357], "inflate": -0.5, "pivot": [1.40154, 15.78049, -7.86987], "rotation": [0, 20, 0], "uv": [62, 72]},
						{"origin": [0.87838, 15.18089, -8.25403], "size": [1.357, 1.41693, 1.357], "inflate": -0.5, "pivot": [1.54322, 15.78049, -7.94619], "rotation": [0, 40, 0], "uv": [72, 61]},
						{"origin": [0.86638, 15.18089, -8.21456], "size": [1.357, 1.41693, 1.357], "inflate": -0.5, "pivot": [1.53122, 15.78049, -7.90672], "rotation": [0, 80, 0], "uv": [72, 58]},
						{"origin": [0.89141, 15.18089, -8.47328], "size": [1.357, 1.41693, 1.357], "inflate": -0.5, "pivot": [1.55625, 15.78049, -8.16544], "rotation": [0, 90, 0], "uv": [72, 56]},
						{"origin": [-0.45047, 15.18089, -8.47328], "size": [1.357, 1.41693, 1.357], "inflate": -0.5, "pivot": [0.21437, 15.78049, -8.16544], "rotation": [0, 90, 0], "uv": [72, 52]},
						{"origin": [0.41988, 15.18089, -8.18706], "size": [1.357, 1.41693, 1.357], "inflate": -0.5, "pivot": [1.08472, 15.78049, -7.87922], "rotation": [0, -20, 0], "uv": [72, 48]},
						{"origin": [0.28295, 15.18089, -8.27159], "size": [1.357, 1.41693, 1.357], "inflate": -0.5, "pivot": [0.94779, 15.78049, -7.96375], "rotation": [0, -30, 0], "uv": [47, 72]},
						{"origin": [0.31113, 15.18089, -8.24147], "size": [1.357, 1.41693, 1.357], "inflate": -0.5, "pivot": [0.97597, 15.78049, -7.93363], "rotation": [0, -80, 0], "uv": [72, 44]},
						{"origin": [0.57747, 15.18089, -8.15445], "size": [1.357, 1.41693, 1.357], "inflate": -0.5, "uv": [35, 72]}
					]
				},
				{
					"name": "bone12",
					"parent": "mp40_cobra",
					"pivot": [1.15244, 18.41463, -1.84139],
					"rotation": [90, 0, 0],
					"cubes": [
						{"origin": [0.73269, 23.87641, -4.26963], "size": [1.34, 1.93366, 1.34], "inflate": -0.5, "pivot": [1.38968, 20.47126, -3.95264], "rotation": [0, 20, 0], "uv": [31, 72]},
						{"origin": [0.86762, 23.87641, -4.34232], "size": [1.34, 1.93366, 1.34], "inflate": -0.5, "pivot": [1.52461, 20.47126, -4.02533], "rotation": [0, 40, 0], "uv": [27, 72]},
						{"origin": [0.8562, 23.87641, -4.30473], "size": [1.34, 1.95805, 1.34], "inflate": -0.5, "pivot": [1.51319, 20.47126, -3.98774], "rotation": [0, 80, 0], "uv": [23, 72]},
						{"origin": [0.8562, 29.3, -4.30473], "size": [1.34, 9.5, 1.34], "inflate": -0.5, "pivot": [1.51319, 20.47126, -3.98774], "rotation": [0, 80, 0], "uv": [25, 31]},
						{"origin": [0.88003, 23.87641, -4.55113], "size": [1.34, 1.95805, 1.34], "inflate": -0.5, "pivot": [1.53702, 20.47126, -4.23414], "rotation": [0, 90, 0], "uv": [72, 20]},
						{"origin": [0.88003, 29.2, -4.55113], "size": [1.34, 9.5, 1.34], "inflate": -0.5, "pivot": [1.53702, 20.47126, -4.23414], "rotation": [0, 90, 0], "uv": [8, 30]},
						{"origin": [-0.39795, 23.87641, -4.55113], "size": [1.34, 1.95805, 1.34], "inflate": -0.5, "pivot": [0.25904, 20.47126, -4.23414], "rotation": [0, 90, 0], "uv": [19, 72]},
						{"origin": [-0.39795, 29.3, -4.55113], "size": [1.34, 9.5, 1.34], "inflate": -0.5, "pivot": [0.25904, 20.47126, -4.23414], "rotation": [0, 90, 0], "uv": [26, 0]},
						{"origin": [0.43096, 23.87641, -4.27853], "size": [1.34, 1.93366, 1.34], "inflate": -0.5, "pivot": [1.08795, 20.47126, -3.96154], "rotation": [0, -20, 0], "uv": [72, 16]},
						{"origin": [0.30054, 23.87641, -4.35904], "size": [1.34, 2.12878, 1.34], "inflate": -0.5, "pivot": [0.95753, 20.47126, -4.04205], "rotation": [0, -40, 0], "uv": [70, 30]},
						{"origin": [0.32738, 29.2, -4.33035], "size": [1.34, 9.8, 1.34], "inflate": -0.5, "pivot": [0.98437, 20.47126, -4.01336], "rotation": [0, -80, 0], "uv": [10, 0]},
						{"origin": [0.32738, 23.87641, -4.33035], "size": [1.34, 1.95805, 1.34], "inflate": -0.5, "pivot": [0.98437, 20.47126, -4.01336], "rotation": [0, -80, 0], "uv": [71, 54]},
						{"origin": [0.58104, 23.87641, -4.24748], "size": [1.34, 1.93366, 1.34], "inflate": -0.5, "uv": [71, 50]}
					]
				},
				{
					"name": "bone13",
					"parent": "mp40_cobra",
					"pivot": [1.15244, 12.85366, -3.40237],
					"rotation": [62.5, 0, 0],
					"cubes": [
						{"origin": [0.73269, 16.84417, -2.77087], "size": [1.34, 3.34829, 1.34], "inflate": -0.5, "pivot": [1.38968, 12.85366, -2.45388], "rotation": [0, 20, 0], "uv": [67, 9]},
						{"origin": [0.86762, 16.84417, -2.84356], "size": [1.34, 3.34829, 1.34], "inflate": -0.5, "pivot": [1.52461, 12.85366, -2.52657], "rotation": [0, 40, 0], "uv": [56, 66]},
						{"origin": [0.8562, 16.84417, -2.80597], "size": [1.34, 3.34829, 1.34], "inflate": -0.5, "pivot": [1.51319, 12.85366, -2.48898], "rotation": [0, 80, 0], "uv": [52, 66]},
						{"origin": [0.88003, 16.84417, -3.05237], "size": [1.34, 3.34829, 1.34], "inflate": -0.5, "pivot": [1.53702, 12.85366, -2.73538], "rotation": [0, 90, 0], "uv": [44, 66]},
						{"origin": [-0.39795, 16.84417, -3.05237], "size": [1.34, 3.34829, 1.34], "inflate": -0.5, "pivot": [0.25904, 12.85366, -2.73538], "rotation": [0, 90, 0], "uv": [40, 66]},
						{"origin": [0.43096, 16.84417, -2.77977], "size": [1.34, 3.34829, 1.34], "inflate": -0.5, "pivot": [1.08795, 12.85366, -2.46278], "rotation": [0, -20, 0], "uv": [66, 5]},
						{"origin": [0.30054, 16.84417, -2.86028], "size": [1.34, 3.34829, 1.34], "inflate": -0.5, "pivot": [0.95753, 12.85366, -2.54329], "rotation": [0, -40, 0], "uv": [16, 24]},
						{"origin": [0.32738, 16.84417, -2.83159], "size": [1.34, 3.34829, 1.34], "inflate": -0.5, "pivot": [0.98437, 12.85366, -2.5146], "rotation": [0, -80, 0], "uv": [0, 21]},
						{"origin": [0.58104, 16.84417, -2.74872], "size": [1.34, 3.34829, 1.34], "inflate": -0.5, "uv": [16, 17]}
					]
				},
				{
					"name": "bone14",
					"parent": "mp40_cobra",
					"pivot": [1.15244, 14.85366, -6.40237],
					"rotation": [115, 0, 0],
					"cubes": [
						{"origin": [0.73269, 12.65646, -5.9319], "size": [1.34, 3.34829, 1.34], "inflate": -0.5, "pivot": [1.38968, 8.66595, -5.61491], "rotation": [0, 20, 0], "uv": [67, 9]},
						{"origin": [0.86762, 12.65646, -6.00459], "size": [1.34, 3.34829, 1.34], "inflate": -0.5, "pivot": [1.52461, 8.66595, -5.6876], "rotation": [0, 40, 0], "uv": [56, 66]},
						{"origin": [0.8562, 12.65646, -5.967], "size": [1.34, 3.34829, 1.34], "inflate": -0.5, "pivot": [1.51319, 8.66595, -5.65001], "rotation": [0, 80, 0], "uv": [52, 66]},
						{"origin": [0.88003, 12.65646, -6.2134], "size": [1.34, 3.34829, 1.34], "inflate": -0.5, "pivot": [1.53702, 8.66595, -5.89641], "rotation": [0, 90, 0], "uv": [44, 66]},
						{"origin": [-0.39795, 12.65646, -6.2134], "size": [1.34, 3.34829, 1.34], "inflate": -0.5, "pivot": [0.25904, 8.66595, -5.89641], "rotation": [0, 90, 0], "uv": [40, 66]},
						{"origin": [0.43096, 12.65646, -5.9408], "size": [1.34, 3.34829, 1.34], "inflate": -0.5, "pivot": [1.08795, 8.66595, -5.62381], "rotation": [0, -20, 0], "uv": [66, 5]},
						{"origin": [0.30054, 12.65646, -6.02131], "size": [1.34, 3.34829, 1.34], "inflate": -0.5, "pivot": [0.95753, 8.66595, -5.70432], "rotation": [0, -40, 0], "uv": [16, 24]},
						{"origin": [0.32738, 12.65646, -5.99262], "size": [1.34, 3.34829, 1.34], "inflate": -0.5, "pivot": [0.98437, 8.66595, -5.67563], "rotation": [0, -80, 0], "uv": [0, 21]},
						{"origin": [0.58104, 12.65646, -5.90975], "size": [1.34, 3.34829, 1.34], "inflate": -0.5, "uv": [16, 17]}
					]
				},
				{
					"name": "bone15",
					"parent": "mp40_cobra",
					"pivot": [1.15244, 14.85366, -5.40237],
					"rotation": [115, 0, 0],
					"cubes": [
						{"origin": [0.73269, 12.65646, -4.9319], "size": [1.34, 3.34829, 1.34], "inflate": -0.5, "pivot": [1.38968, 8.66595, -4.61491], "rotation": [0, 20, 0], "uv": [67, 9]},
						{"origin": [0.86762, 12.65646, -5.00459], "size": [1.34, 3.34829, 1.34], "inflate": -0.5, "pivot": [1.52461, 8.66595, -4.6876], "rotation": [0, 40, 0], "uv": [56, 66]},
						{"origin": [0.8562, 12.65646, -4.967], "size": [1.34, 3.34829, 1.34], "inflate": -0.5, "pivot": [1.51319, 8.66595, -4.65001], "rotation": [0, 80, 0], "uv": [52, 66]},
						{"origin": [0.88003, 12.65646, -5.2134], "size": [1.34, 3.34829, 1.34], "inflate": -0.5, "pivot": [1.53702, 8.66595, -4.89641], "rotation": [0, 90, 0], "uv": [44, 66]},
						{"origin": [-0.39795, 12.65646, -5.2134], "size": [1.34, 3.34829, 1.34], "inflate": -0.5, "pivot": [0.25904, 8.66595, -4.89641], "rotation": [0, 90, 0], "uv": [40, 66]},
						{"origin": [0.43096, 12.65646, -4.9408], "size": [1.34, 3.34829, 1.34], "inflate": -0.5, "pivot": [1.08795, 8.66595, -4.62381], "rotation": [0, -20, 0], "uv": [66, 5]},
						{"origin": [0.30054, 12.65646, -5.02131], "size": [1.34, 3.34829, 1.34], "inflate": -0.5, "pivot": [0.95753, 8.66595, -4.70432], "rotation": [0, -40, 0], "uv": [16, 24]},
						{"origin": [0.32738, 12.65646, -4.99262], "size": [1.34, 3.34829, 1.34], "inflate": -0.5, "pivot": [0.98437, 8.66595, -4.67563], "rotation": [0, -80, 0], "uv": [0, 21]},
						{"origin": [0.58104, 12.65646, -4.90975], "size": [1.34, 3.34829, 1.34], "inflate": -0.5, "uv": [16, 17]}
					]
				},
				{
					"name": "bone16",
					"parent": "mp40_cobra",
					"pivot": [1.15244, 14.85366, -7.40237],
					"rotation": [115, 0, 0],
					"cubes": [
						{"origin": [0.73269, 12.65646, -6.9319], "size": [1.34, 3.34829, 1.34], "inflate": -0.5, "pivot": [1.38968, 8.66595, -6.61491], "rotation": [0, 20, 0], "uv": [2, 3]},
						{"origin": [0.86762, 12.65646, -7.00459], "size": [1.34, 3.34829, 1.34], "inflate": -0.5, "pivot": [1.52461, 8.66595, -6.6876], "rotation": [0, 40, 0], "uv": [2, 3]},
						{"origin": [0.8562, 12.65646, -6.967], "size": [1.34, 3.34829, 1.34], "inflate": -0.5, "pivot": [1.51319, 8.66595, -6.65001], "rotation": [0, 80, 0], "uv": [2, 3]},
						{"origin": [0.88003, 12.65646, -7.24], "size": [1.34, 3.34829, 1.34], "inflate": -0.5, "pivot": [1.53702, 8.66595, -6.89641], "rotation": [0, 90, 0], "uv": [2, 3]},
						{"origin": [-0.39795, 12.65646, -7.2134], "size": [1.34, 3.34829, 1.34], "inflate": -0.5, "pivot": [0.25904, 8.66595, -6.89641], "rotation": [0, 90, 0], "uv": [2, 3]},
						{"origin": [0.43096, 12.65646, -6.9408], "size": [1.34, 3.34829, 1.34], "inflate": -0.5, "pivot": [1.08795, 8.66595, -6.62381], "rotation": [0, -20, 0], "uv": [2, 3]},
						{"origin": [0.30054, 12.65646, -7.02131], "size": [1.34, 3.34829, 1.34], "inflate": -0.5, "pivot": [0.95753, 8.66595, -6.70432], "rotation": [0, -40, 0], "uv": [2, 3]},
						{"origin": [0.32738, 12.65646, -6.99262], "size": [1.34, 3.34829, 1.34], "inflate": -0.5, "pivot": [0.98437, 8.66595, -6.67563], "rotation": [0, -80, 0], "uv": [2, 3]},
						{"origin": [0.58104, 12.65646, -6.90975], "size": [1.34, 3.34829, 1.34], "inflate": -0.5, "uv": [2, 3]}
					]
				},
				{
					"name": "bone17",
					"parent": "mp40_cobra",
					"pivot": [1.15244, 16, -3.42676],
					"rotation": [90, 0, 0],
					"cubes": [
						{"origin": [0.73269, 14.4, -4], "size": [1.34, 2.37268, 1.34], "inflate": -0.5, "pivot": [1.38968, 10.0838, -3.71757], "rotation": [0, 20, 0], "uv": [70, 27]},
						{"origin": [0.86762, 14.4, -4], "size": [1.34, 2.37268, 1.34], "inflate": -0.5, "pivot": [1.52461, 10.0838, -3.79026], "rotation": [0, 40, 0], "uv": [70, 24]},
						{"origin": [0.8562, 14.4, -4], "size": [1.34, 2.27512, 1.34], "inflate": -0.5, "pivot": [1.51319, 10.0838, -3.75267], "rotation": [0, 80, 0], "uv": [70, 7]},
						{"origin": [0.88003, 14.4, -4.2], "size": [1.34, 2.27512, 1.34], "inflate": -0.5, "pivot": [1.53702, 10.0838, -3.99907], "rotation": [0, 90, 0], "uv": [70, 4]},
						{"origin": [0.82099, 14.4, -4], "size": [1.92537, 2.37268, 1.34], "inflate": -0.5, "pivot": [1.47798, 10.0838, -3.66423], "rotation": [0, 90, 0], "uv": [69, 62]},
						{"origin": [-0.39795, 14.4, -4], "size": [1.34, 2.37268, 1.34], "inflate": -0.5, "pivot": [0.25904, 10.0838, -3.99907], "rotation": [0, 90, 0], "uv": [69, 59]},
						{"origin": [0.43096, 14.4, -4], "size": [1.34, 2.37268, 1.34], "inflate": -0.5, "pivot": [1.08795, 10.0838, -3.72647], "rotation": [0, -20, 0], "uv": [69, 21]},
						{"origin": [0.30054, 14.4, -4], "size": [1.34, 2.37268, 1.34], "inflate": -0.5, "pivot": [0.95753, 10.0838, -3.80698], "rotation": [0, -40, 0], "uv": [60, 22]},
						{"origin": [0.32738, 14.4, -4], "size": [1.34, 2.37268, 1.34], "inflate": -0.5, "pivot": [0.98437, 10.0838, -3.77829], "rotation": [0, -80, 0], "uv": [124, 0]},
						{"origin": [0.58104, 14.4, -4], "size": [1.34, 2.37268, 1.34], "inflate": -0.5, "uv": [34, 56]}
					]
				},
				{
					"name": "bone18",
					"parent": "mp40_cobra",
					"pivot": [1.15244, 16, -4.42676],
					"rotation": [102.5, 0, 0],
					"cubes": [
						{"origin": [0.73269, 14.4, -5], "size": [1.34, 2.37268, 1.34], "inflate": -0.5, "pivot": [1.38968, 10.0838, -4.71757], "rotation": [0, 20, 0], "uv": [70, 27]},
						{"origin": [0.86762, 14.4, -5], "size": [1.34, 2.37268, 1.34], "inflate": -0.5, "pivot": [1.52461, 10.0838, -4.79026], "rotation": [0, 40, 0], "uv": [70, 24]},
						{"origin": [0.8562, 14.4, -5], "size": [1.34, 2.27512, 1.34], "inflate": -0.5, "pivot": [1.51319, 10.0838, -4.75267], "rotation": [0, 80, 0], "uv": [70, 7]},
						{"origin": [0.88003, 14.4, -5.2], "size": [1.34, 2.27512, 1.34], "inflate": -0.5, "pivot": [1.53702, 10.0838, -4.99907], "rotation": [0, 90, 0], "uv": [70, 4]},
						{"origin": [0.82099, 14.4, -5], "size": [1.92537, 2.37268, 1.34], "inflate": -0.5, "pivot": [1.47798, 10.0838, -4.66423], "rotation": [0, 90, 0], "uv": [69, 62]},
						{"origin": [-0.39795, 14.4, -5], "size": [1.34, 2.37268, 1.34], "inflate": -0.5, "pivot": [0.25904, 10.0838, -4.99907], "rotation": [0, 90, 0], "uv": [69, 59]},
						{"origin": [0.43096, 14.4, -5], "size": [1.34, 2.37268, 1.34], "inflate": -0.5, "pivot": [1.08795, 10.0838, -4.72647], "rotation": [0, -20, 0], "uv": [69, 21]},
						{"origin": [0.30054, 14.4, -5], "size": [1.34, 2.37268, 1.34], "inflate": -0.5, "pivot": [0.95753, 10.0838, -4.80698], "rotation": [0, -40, 0], "uv": [60, 22]},
						{"origin": [0.32738, 14.4, -5], "size": [1.34, 2.37268, 1.34], "inflate": -0.5, "pivot": [0.98437, 10.0838, -4.77829], "rotation": [0, -80, 0], "uv": [124, 0]},
						{"origin": [0.58104, 14.4, -5], "size": [1.34, 2.37268, 1.34], "inflate": -0.5, "uv": [34, 56]}
					]
				},
				{
					"name": "bone19",
					"parent": "mp40_cobra",
					"pivot": [1.15244, 15.36585, -1.42676],
					"rotation": [70, 0, 0],
					"cubes": [
						{"origin": [0.73269, 14.60746, -1.90424], "size": [1.34, 2.37268, 1.34], "inflate": -0.5, "pivot": [1.38968, 9.64133, -1.58725], "rotation": [0, 20, 0], "uv": [70, 27]},
						{"origin": [0.86762, 14.60746, -1.97693], "size": [1.34, 2.37268, 1.34], "inflate": -0.5, "pivot": [1.52461, 9.64133, -1.65994], "rotation": [0, 40, 0], "uv": [70, 24]},
						{"origin": [0.8562, 14.70502, -1.93934], "size": [1.34, 2.27512, 1.34], "inflate": -0.5, "pivot": [1.51319, 9.64133, -1.62235], "rotation": [0, 80, 0], "uv": [70, 7]},
						{"origin": [0.88003, 14.70502, -2.18574], "size": [1.34, 2.27512, 1.34], "inflate": -0.5, "pivot": [1.53702, 9.64133, -1.86875], "rotation": [0, 90, 0], "uv": [70, 4]},
						{"origin": [0.82099, 14.60746, -1.8509], "size": [1.92537, 2.37268, 1.34], "inflate": -0.5, "pivot": [1.47798, 9.64133, -1.53391], "rotation": [0, 90, 0], "uv": [69, 62]},
						{"origin": [-0.39795, 14.60746, -2.18574], "size": [1.34, 2.37268, 1.34], "inflate": -0.5, "pivot": [0.25904, 9.64133, -1.86875], "rotation": [0, 90, 0], "uv": [69, 59]},
						{"origin": [0.43096, 14.60746, -1.91314], "size": [1.34, 2.37268, 1.34], "inflate": -0.5, "pivot": [1.08795, 9.64133, -1.59615], "rotation": [0, -20, 0], "uv": [69, 21]},
						{"origin": [0.30054, 14.60746, -1.99365], "size": [1.34, 2.37268, 1.34], "inflate": -0.5, "pivot": [0.95753, 15.64133, -1.67666], "rotation": [0, -40, 0], "uv": [60, 22]},
						{"origin": [0.32738, 14.60746, -1.96496], "size": [1.34, 2.37268, 1.34], "inflate": -0.5, "pivot": [0.98437, 9.64133, -1.64797], "rotation": [0, -80, 0], "uv": [124, 0]},
						{"origin": [0.58104, 14.60746, -1.88209], "size": [1.34, 2.37268, 1.34], "inflate": -0.5, "uv": [34, 56]}
					]
				},
				{
					"name": "bone20",
					"parent": "mp40_cobra",
					"pivot": [1.15244, 15.41463, -2.76822],
					"rotation": [72.5, 0, 0],
					"cubes": [
						{"origin": [0.72467, 11.90244, -3.25454], "size": [1.306, 4.16712, 1.306], "inflate": -0.5, "pivot": [1.36596, 9.41463, -2.91458], "rotation": [0, 20, 0], "uv": [1, 2]},
						{"origin": [1.21845, 11.80488, -4.64688], "size": [1.306, 4.16712, 1.13039], "inflate": -0.5, "pivot": [-1.76309, 9.31707, -5.08613], "rotation": [0, -20, 0], "uv": [1, 2]},
						{"origin": [0.8461, 11.90244, -3.31529], "size": [1.306, 4.16712, 1.306], "inflate": -0.5, "pivot": [1.48739, 9.41463, -2.98], "rotation": [0, 40, 0], "uv": [1, 2]},
						{"origin": [0.83582, 11.90244, -3.28146], "size": [1.306, 4.16712, 1.306], "inflate": -0.5, "pivot": [1.47711, 9.41463, -2.94617], "rotation": [0, 80, 0], "uv": [1, 2]},
						{"origin": [-0.29291, 11.90244, -3.50322], "size": [1.306, 4.16712, 1.306], "inflate": -0.5, "pivot": [0.34838, 9.41463, -3.16793], "rotation": [0, 90, 0], "uv": [1, 2], "mirror": true},
						{"origin": [0.4531, 11.90244, -3.25788], "size": [1.306, 4.16712, 1.306], "inflate": -0.5, "pivot": [1.0944, 9.41463, -2.92259], "rotation": [0, -20, 0], "uv": [1, 2]},
						{"origin": [0.33573, 11.90244, -3.33034], "size": [1.306, 4.16712, 1.306], "inflate": -0.5, "pivot": [0.97702, 9.41463, -2.99505], "rotation": [0, -40, 0], "uv": [1, 2]},
						{"origin": [0.35989, 11.90244, -3.30452], "size": [1.306, 4.16712, 1.306], "inflate": -0.5, "pivot": [1.00118, 9.41463, -2.96923], "rotation": [0, -80, 0], "uv": [1, 2]},
						{"origin": [0.58818, 11.90244, -3.22994], "size": [1.306, 4.16712, 1.306], "inflate": -0.5, "uv": [1, 2]},
						{"origin": [0.58818, 11.70732, -3.2], "size": [1.306, 4.26468, 1.13039], "inflate": -0.5, "uv": [1, 2]}
					]
				},
				{
					"name": "bone21",
					"parent": "mp40_cobra",
					"pivot": [1.15244, 15.29268, -2.91456],
					"rotation": [-142.5, 0, 0],
					"cubes": [
						{"origin": [0.72467, 14.70732, -2.39622], "size": [1.306, 7.24029, 1.306], "inflate": -0.5, "pivot": [1.36596, 15.29268, -2.06093], "rotation": [0, 20, 0], "uv": [16, 60]},
						{"origin": [0.8461, 14.70732, -2.46163], "size": [1.306, 7.24029, 1.306], "inflate": -0.5, "pivot": [1.48739, 15.29268, -2.12634], "rotation": [0, 40, 0], "uv": [12, 60]},
						{"origin": [0.83582, 16.46342, -2.4278], "size": [1.306, 5.4842, 1.306], "inflate": -0.5, "pivot": [1.47711, 15.29268, -2.09251], "rotation": [0, 80, 0], "uv": [60, 44]},
						{"origin": [0.85727, 18.97561, -2.64956], "size": [1.69624, 2.19151, 1.306], "inflate": -0.5, "pivot": [1.49856, 15.29268, -2.31427], "rotation": [0, 90, 0], "uv": [26, 56]},
						{"origin": [-0.29291, 16.37561, -2.64956], "size": [1.36088, 5.10622, 1.306], "inflate": -0.5, "pivot": [0.34838, 15.29268, -2.31427], "rotation": [0, 90, 0], "uv": [40, 60]},
						{"origin": [0.4531, 14.70732, -2.40423], "size": [1.306, 7.24029, 1.306], "inflate": -0.5, "pivot": [1.0944, 15.29268, -2.06893], "rotation": [0, -20, 0], "uv": [49, 59]},
						{"origin": [0.33573, 14.70732, -2.47669], "size": [1.306, 7.24029, 1.306], "inflate": -0.5, "pivot": [0.97702, 15.29268, -2.14139], "rotation": [0, -40, 0], "uv": [124, 0]},
						{"origin": [0.35989, 14.70732, -2.45087], "size": [1.306, 7.24029, 1.306], "inflate": -0.5, "pivot": [1.00118, 15.29268, -2.11557], "rotation": [0, -80, 0], "uv": [58, 26]},
						{"origin": [0.58818, 14.70732, -2.37628], "size": [1.306, 7.24029, 1.306], "inflate": -0.5, "uv": [8, 58]}
					]
				},
				{
					"name": "bone22",
					"parent": "mp40_cobra",
					"pivot": [1.15244, 14.12195, -10.42676],
					"rotation": [-70, 0, 0],
					"cubes": [
						{"origin": [0.73269, 13.5271, -9.79526], "size": [1.34, 4.12878, 1.34], "inflate": -0.5, "pivot": [1.38968, 14.12195, -9.47827], "rotation": [0, 20, 0], "uv": [62, 30]},
						{"origin": [0.86762, 13.5271, -9.86795], "size": [1.34, 2.5678, 1.34], "inflate": -0.5, "pivot": [1.52461, 14.12195, -9.55096], "rotation": [0, 40, 0], "uv": [18, 56]},
						{"origin": [0.8562, 13.5271, -9.83036], "size": [1.34, 2.37268, 1.34], "inflate": -0.5, "pivot": [1.51319, 14.12195, -9.51337], "rotation": [0, 80, 0], "uv": [49, 28]},
						{"origin": [0.88003, 13.5271, -10.07676], "size": [1.34, 2.5678, 1.34], "inflate": -0.5, "pivot": [1.53702, 14.12195, -9.75977], "rotation": [0, 90, 0], "uv": [32, 41]},
						{"origin": [-0.39795, 13.5271, -10.07676], "size": [1.34, 2.47024, 1.34], "inflate": -0.5, "pivot": [0.25904, 14.12195, -9.75977], "rotation": [0, 90, 0], "uv": [39, 22]},
						{"origin": [0.43096, 13.5271, -9.80416], "size": [1.34, 4.12878, 1.34], "inflate": -0.5, "pivot": [1.08795, 14.12195, -9.48717], "rotation": [0, -20, 0], "uv": [62, 25]},
						{"origin": [0.30054, 13.5271, -9.88467], "size": [1.34, 4.12878, 1.34], "inflate": -0.5, "pivot": [0.95753, 14.12195, -9.56768], "rotation": [0, -40, 0], "uv": [42, 7]},
						{"origin": [0.32738, 13.5271, -9.85598], "size": [1.34, 2.37268, 1.34], "inflate": -0.5, "pivot": [0.98437, 14.12195, -9.53899], "rotation": [0, -80, 0], "uv": [39, 17]},
						{"origin": [0.58104, 13.5271, -9.77311], "size": [1.34, 4.12878, 1.34], "inflate": -0.5, "uv": [9, 15]}
					]
				},
				{
					"name": "bone23",
					"parent": "mp40_cobra",
					"pivot": [1.3, 9.31746, -15.50866],
					"rotation": [-7.5, 0, 0],
					"cubes": [
						{"origin": [0.55488, 8.05785, -16.31707], "size": [1.39024, 5.0439, 0.55122], "uv": [19, 46]},
						{"origin": [0.55488, 8.05785, -15.63415], "size": [1.39024, 5.0439, 0.64878], "uv": [43, 38]},
						{"origin": [0.65244, 8.05785, -16.8], "size": [1.19512, 5.0439, 1.6], "uv": [4, 5]},
						{"origin": [0.55488, 7.63034, -17.79389], "size": [1.39024, 0.26341, 2.2], "pivot": [7, 0.98713, -12.59876], "rotation": [-5, 0, 0], "uv": [0, 3]}
					]
				},
				{
					"name": "bone24",
					"parent": "mp40_cobra",
					"pivot": [1.25, 8.65, -13.5],
					"cubes": [
						{"origin": [-0.14444, 11.49268, -17.9], "size": [2.7, 3.80732, 4.4], "inflate": -0.5, "uv": [16, 17]},
						{"origin": [0.10976, 7.05309, -11.41605], "size": [2.39024, 6.0439, 1.8], "inflate": -0.5, "pivot": [1, 8, -10], "rotation": [-75, 0, 0], "uv": [40, 0]},
						{"origin": [0.55488, 8.05785, -11.63415], "size": [1.39024, 4.0439, 1], "pivot": [7, 13, -10], "rotation": [7.5, 0, 0], "uv": [0, 15]},
						{"origin": [-0.3, 7.73691, -10.73758], "size": [3, 4.0439, 1], "pivot": [7, 6, -12], "rotation": [15, 0, 0], "uv": [17, 38]},
						{"origin": [-0.3, 11.5, -12.14502], "size": [3, 6.0439, 1], "pivot": [1, 12, -11], "rotation": [-15, 0, 0], "uv": [17, 31]},
						{"origin": [-0.3, 15.71644, -11.16872], "size": [3, 8.0439, 1], "pivot": [1, 17, -11], "rotation": [90, 0, 0], "uv": [0, 30]},
						{"origin": [-0.3, 17.71644, -9.5], "size": [3, 8.0439, 2], "pivot": [19, 14, -11], "rotation": [90, 0, 0], "uv": [16, 0]},
						{"origin": [-0.3, 20.71644, -21.8], "size": [3, 3.0439, 1.3], "pivot": [19, 19, -19], "rotation": [95, 0, 0], "uv": [0, 58]},
						{"origin": [-0.3, 11.71644, -18.8], "size": [3, 10.0439, 2], "pivot": [1, 17, -18], "rotation": [97.5, 0, 0], "uv": [0, 0]},
						{"origin": [-0.005, 11.08289, -19.0142], "size": [2.51, 1.46585, 4.29756], "inflate": -0.5, "pivot": [7, -2.11711, -13.2142], "rotation": [-5, 0, 0], "uv": [16, 24]},
						{"origin": [-0.10256, 11.08289, -19.20932], "size": [2.70512, 1.27073, 4.59024], "inflate": -0.5, "pivot": [7, -2.11711, -13.2142], "rotation": [-5, 0, 0], "uv": [0, 21]},
						{"origin": [-0.005, 13.09268, -17.8], "size": [2.51, 1.70732, 9.5], "inflate": -0.5, "uv": [0, 44]},
						{"origin": [-0.005, 13.4, -17.71463], "size": [2.51, 2, 9.41463], "inflate": -0.5, "uv": [34, 17]}
					]
				},
				{
					"name": "bone25",
					"parent": "mp40_cobra",
					"pivot": [0.84825, 17.52612, -27.15085],
					"cubes": [
						{"origin": [0.72464, 15.59566, -24.56104], "size": [1.11673, 1.60427, 1.39254], "inflate": -0.5, "uv": [71, 42]},
						{"origin": [0.83433, 15.63559, -24.56104], "size": [1.11673, 1.60427, 1.39254], "inflate": -0.5, "pivot": [1.45107, 16.13559, -28.91147], "rotation": [0, 0, -20], "uv": [62, 41]},
						{"origin": [0.6416, 16.16511, -24.56104], "size": [1.11673, 1.09851, 1.39254], "inflate": -0.5, "pivot": [1.25834, 16.66511, -28.91147], "rotation": [0, 0, -20], "uv": [58, 18]},
						{"origin": [0.92376, 15.71062, -24.56104], "size": [1.11673, 1.60427, 1.39254], "inflate": -0.5, "pivot": [1.54049, 16.21062, -28.91147], "rotation": [0, 0, -40], "uv": [46, 56]},
						{"origin": [0.56154, 16.1423, -24.56104], "size": [1.11673, 1.09851, 1.39254], "inflate": -0.5, "pivot": [1.17827, 16.6423, -28.91147], "rotation": [0, 0, -40], "uv": [55, 44]},
						{"origin": [0.98212, 15.81172, -24.56104], "size": [1.11673, 1.60427, 1.39254], "inflate": -0.5, "pivot": [1.59885, 16.31172, -28.91147], "rotation": [0, 0, -60], "uv": [54, 52]},
						{"origin": [0.49411, 16.09347, -24.56104], "size": [1.11673, 1.09851, 1.39254], "inflate": -0.5, "pivot": [1.11084, 16.59347, -28.91147], "rotation": [0, 0, -60], "uv": [31, 52]},
						{"origin": [1.00239, 15.92668, -24.56104], "size": [1.11673, 1.60427, 1.39254], "inflate": -0.5, "pivot": [1.61912, 16.42668, -28.91147], "rotation": [0, 0, -80], "uv": [51, 44]},
						{"origin": [0.44745, 16.02453, -24.56104], "size": [1.11673, 1.09851, 1.39254], "inflate": -0.5, "pivot": [1.06418, 16.52453, -28.91147], "rotation": [0, 0, -80], "uv": [17, 51]},
						{"origin": [0.90538, 15.40381, -24.56104], "size": [1.11673, 1.60427, 1.39254], "inflate": -0.5, "pivot": [1.52211, 16.40957, -28.91147], "rotation": [0, 0, 80], "uv": [13, 51]},
						{"origin": [0.35043, 15.81172, -24.56104], "size": [1.11673, 1.09851, 1.39254], "inflate": -0.5, "pivot": [0.96716, 16.31172, -28.91147], "rotation": [0, 0, 80], "uv": [47, 44]},
						{"origin": [0.4088, 15.71062, -24.56104], "size": [1.11673, 1.66749, 1.39254], "inflate": -0.5, "pivot": [1.02553, 16.21062, -28.91147], "rotation": [0, 0, 60], "uv": [44, 13]},
						{"origin": [0.89681, 15.99238, -24.56104], "size": [1.11673, 1.09851, 1.39254], "inflate": -0.5, "pivot": [1.51354, 16.49238, -28.91147], "rotation": [0, 0, 60], "uv": [40, 42]},
						{"origin": [0.49822, 15.63559, -24.56104], "size": [1.11673, 1.60427, 1.39254], "inflate": -0.5, "pivot": [1.11495, 16.13559, -28.91147], "rotation": [0, 0, 40], "uv": [36, 42]},
						{"origin": [0.86043, 16.06726, -24.56104], "size": [1.11673, 1.09851, 1.39254], "inflate": -0.5, "pivot": [1.47716, 16.56726, -28.91147], "rotation": [0, 0, 40], "uv": [25, 41]},
						{"origin": [0.60791, 15.59566, -24.56104], "size": [1.11673, 1.60427, 1.39254], "inflate": -0.5, "pivot": [1.22464, 16.09566, -28.91147], "rotation": [0, 0, 20], "uv": [40, 28]},
						{"origin": [0.80064, 16.12519, -24.56104], "size": [1.11673, 1.09851, 1.39254], "inflate": -0.5, "pivot": [1.41737, 16.62519, -28.91147], "rotation": [0, 0, 20], "uv": [40, 13]},
						{"origin": [0.72464, 16.15917, -24.56104], "size": [1.11673, 1.09851, 1.39254], "inflate": -0.5, "uv": [30, 0]}
					]
				},
				{
					"name": "bone26",
					"parent": "mp40_cobra",
					"pivot": [0.58681, 18.0688, -27.15085],
					"cubes": [
						{"origin": [0.66767, 15.36131, -24.37761], "size": [1.18014, 1.93252, 3.10076], "inflate": -0.5, "uv": [37, 56]},
						{"origin": [0.83695, 15.42292, -24.37761], "size": [1.18014, 1.93252, 3.10076], "inflate": -0.5, "pivot": [1.51709, 15.92292, -29.86785], "rotation": [0, 0, -20], "uv": [29, 56]},
						{"origin": [0.53953, 16.24009, -24.37761], "size": [1.18014, 1.15203, 3.10076], "inflate": -0.5, "pivot": [1.21967, 16.74009, -29.86785], "rotation": [0, 0, -20], "uv": [21, 56]},
						{"origin": [0.97495, 15.53872, -24.37761], "size": [1.18014, 1.93252, 3.10076], "inflate": -0.5, "pivot": [1.65509, 16.03872, -29.86785], "rotation": [0, 0, -40], "uv": [13, 56]},
						{"origin": [0.41597, 16.20488, -24.37761], "size": [1.18014, 1.15203, 3.10076], "inflate": -0.5, "pivot": [1.09611, 16.70488, -29.86785], "rotation": [0, 0, -40], "uv": [48, 55]},
						{"origin": [1.06502, 15.69473, -24.37761], "size": [1.18014, 1.93252, 3.10076], "inflate": -0.5, "pivot": [1.74516, 16.19473, -29.86785], "rotation": [0, 0, -60], "uv": [55, 22]},
						{"origin": [0.31191, 16.12953, -24.37761], "size": [1.18014, 1.15203, 3.10076], "inflate": -0.5, "pivot": [0.99206, 16.62953, -29.86785], "rotation": [0, 0, -60], "uv": [54, 48]},
						{"origin": [1.0963, 15.87213, -24.37761], "size": [1.18014, 1.93252, 3.10076], "inflate": -0.5, "pivot": [1.77644, 16.37213, -29.86785], "rotation": [0, 0, -80], "uv": [8, 54]},
						{"origin": [0.2399, 16.02314, -24.37761], "size": [1.18014, 1.15203, 3.10076], "inflate": -0.5, "pivot": [0.92004, 16.52314, -29.86785], "rotation": [0, 0, -80], "uv": [0, 54]},
						{"origin": [0.94658, 15.06524, -24.37761], "size": [1.18014, 1.93252, 3.10076], "inflate": -0.5, "pivot": [1.62672, 16.34573, -29.86785], "rotation": [0, 0, 80], "uv": [50, 8]},
						{"origin": [0.09018, 15.69473, -24.37761], "size": [1.18014, 1.15203, 3.10076], "inflate": -0.5, "pivot": [0.77032, 16.19473, -29.86785], "rotation": [0, 0, 80], "uv": [32, 48]},
						{"origin": [0.18025, 15.53872, -24.37761], "size": [1.18014, 2.03008, 3.10076], "inflate": -0.5, "pivot": [0.8604, 16.03872, -29.86785], "rotation": [0, 0, 60], "uv": [34, 17]},
						{"origin": [0.93336, 15.97352, -24.37761], "size": [1.18014, 1.15203, 3.10076], "inflate": -0.5, "pivot": [1.6135, 16.47352, -29.86785], "rotation": [0, 0, 60], "uv": [47, 22]},
						{"origin": [0.31825, 15.42292, -24.37761], "size": [1.18014, 1.93252, 3.10076], "inflate": -0.5, "pivot": [0.99839, 15.92292, -29.86785], "rotation": [0, 0, 40], "uv": [44, 28]},
						{"origin": [0.87722, 16.08908, -24.37761], "size": [1.18014, 1.15203, 3.10076], "inflate": -0.5, "pivot": [1.55737, 16.58908, -29.86785], "rotation": [0, 0, 40], "uv": [0, 39]},
						{"origin": [0.48753, 15.36131, -24.37761], "size": [1.18014, 1.93252, 3.10076], "inflate": -0.5, "pivot": [1.16767, 15.86131, -29.86785], "rotation": [0, 0, 20], "uv": [35, 38]},
						{"origin": [0.78495, 16.17848, -24.37761], "size": [1.18014, 1.15203, 3.10076], "inflate": -0.5, "pivot": [1.46509, 16.67848, -29.86785], "rotation": [0, 0, 20], "uv": [34, 22]},
						{"origin": [0.66767, 16.23092, -24.37761], "size": [1.18014, 1.15203, 3.10076], "inflate": -0.5, "uv": [34, 8]}
					]
				},
				{
					"name": "bone27",
					"parent": "mp40_cobra",
					"pivot": [1.26974, 15.28958, -13.25279],
					"cubes": [
						{"origin": [0, 15, -22.3], "size": [2.5, 2.35669, 13.7], "inflate": -0.5, "uv": [17, 2]},
						{"origin": [1.2, 16.357, -22.3], "size": [1.3, 1.3, 14], "inflate": -0.5, "pivot": [2, 16.855, -9.3], "rotation": [0, 0, -45], "uv": [0, 15]},
						{"origin": [0.2, 16.357, -21.3], "size": [2.1, 1.4, 12.60976], "inflate": -0.5, "uv": [34, 0]},
						{"origin": [0, 16.357, -22.3], "size": [1.3, 1.3, 14], "inflate": -0.5, "pivot": [0.5, 16.855, -9.3], "rotation": [0, 0, 45], "uv": [0, 0]},
						{"origin": [0.1, 14.08537, -22.19244], "size": [2.3, 1.77132, 5.57537], "inflate": -0.5, "uv": [0, 15]},
						{"origin": [-0.36348, 14.2572, -22.3], "size": [1.88147, 2.35669, 13.70732], "inflate": -0.5, "pivot": [1.26975, 14.35629, -18.71328], "rotation": [0, 0, 45], "uv": [32, 33]},
						{"origin": [1.0227, 14.25608, -22.3], "size": [1.88147, 2.35669, 13.70732], "inflate": -0.5, "pivot": [1.26975, 14.35629, -18.71328], "rotation": [0, 0, -45], "uv": [17, 31]},
						{"origin": [0.47844, 14.39519, -21.90976], "size": [2.35669, 1.88147, 13.31707], "inflate": -0.5, "uv": [0, 30]},
						{"origin": [-0.29733, 14.29763, -21.90976], "size": [2.35669, 1.97903, 13.31707], "inflate": -0.5, "uv": [17, 17]},
						{"origin": [-0.7, 16.50951, -22.8], "size": [1.5, 1.5, 2], "inflate": -0.5, "pivot": [0, 15, -21], "rotation": [55, 0, 0], "uv": [24, 11]},
						{"origin": [1.5, 16.50951, -22.8], "size": [1.5, 1.5, 2], "inflate": -0.5, "pivot": [0, 15, -21], "rotation": [55, 0, 0], "uv": [24, 11]},
						{"origin": [-0.7, 13.3, -22.42441], "size": [1.5, 1.5, 3], "inflate": -0.5, "pivot": [0, 14, -22], "rotation": [132.5, 0, 0], "uv": [53, 56]},
						{"origin": [-0.5, 11, -21], "size": [1, 1, 1], "inflate": -0.1, "pivot": [0, 14, -22], "rotation": [132.5, 0, 0], "uv": [71, 46]},
						{"origin": [2, 11, -21], "size": [1, 1, 1], "inflate": -0.1, "pivot": [0, 14, -22], "rotation": [132.5, 0, 0], "uv": [71, 46]},
						{"origin": [1.5, 13.3, -22.42441], "size": [1.5, 1.5, 3], "inflate": -0.5, "pivot": [14, 14, -22], "rotation": [132.5, 0, 0], "uv": [53, 56], "mirror": true}
					]
				},
				{
					"name": "bone28",
					"parent": "mp40_cobra",
					"pivot": [1.27514, 15.12479, -7.36],
					"cubes": [
						{"origin": [-0.06004, 9.68883, -0.78684], "size": [2.62007, 6.68915, 1.81805], "inflate": -0.5, "uv": [38, 31]},
						{"origin": [-0.1576, 15.90531, -0.66315], "size": [2.8152, 1.32329, 2.30585], "inflate": -0.5, "pivot": [2.06003, 16.14005, 1.01901], "rotation": [25, 0, 0], "uv": [55, 8]},
						{"origin": [-0.1576, 19.45695, -4.85901], "size": [2.8152, 2.00622, 1.4278], "inflate": -0.5, "pivot": [7.02376, 2.6169, -16.17344], "rotation": [-17.5, 0, 0], "uv": [8, 26]},
						{"origin": [-0.1576, 16.9617, -4.19359], "size": [2.8152, 2.59159, 1.62293], "inflate": -0.5, "pivot": [7.02376, -0.07545, -15.29532], "rotation": [-12.5, 0, 0], "uv": [24, 24]},
						{"origin": [-0.06004, 14.17664, -9.46977], "size": [2.62007, 2.2989, 6.40341], "inflate": -0.5, "uv": [50, 0]},
						{"origin": [-0.06004, 14.2742, -9.37221], "size": [2.62007, 1.8111, 6.89122], "inflate": -0.5, "uv": [44, 48]},
						{"origin": [-0.05795, 13.90359, -9.57906], "size": [2.62007, 1.42085, 7.67171], "inflate": -0.5, "uv": [33, 48]},
						{"origin": [0.01111, 13.90359, -9.57906], "size": [2.5, 1.8111, 7.37902], "inflate": -0.5, "uv": [47, 36]},
						{"origin": [-0.10895, 13.85373, -9.68639], "size": [2.62007, 1.42085, 7.67171], "inflate": -0.5, "uv": [47, 28]},
						{"origin": [-0.00618, 12.9519, -9.46687], "size": [2.32739, 2.59159, 7.4522], "inflate": -0.5, "uv": [15, 47]},
						{"origin": [0.03961, 12.90727, -9.299], "size": [2.32739, 2.2989, 7.4522], "inflate": -0.5, "uv": [47, 13]},
						{"origin": [0.01121, 10.92135, -0.93535], "size": [2.45807, 4.73487, 1.19966], "inflate": -0.5, "uv": [58, 13]},
						{"origin": [0.01121, 10.65863, -0.82441], "size": [2.45807, 4.73487, 1.19966], "inflate": -0.5, "pivot": [1, 11, -0.5], "rotation": [37.5, 0, 0], "uv": [58, 13]}
					]
				},
				{
					"name": "bone29",
					"parent": "mp40_cobra",
					"pivot": [1.27514, 10.93348, -7.36],
					"rotation": [0, 0, -180],
					"cubes": [
						{"origin": [-0.10731, 4.99736, -0.78684], "size": [2.8152, 7.4696, 1.81805], "inflate": -0.5, "uv": [32, 31]},
						{"origin": [-0.10731, 11.72907, -0.8844], "size": [2.8152, 1.32329, 2.40341], "inflate": -0.5, "pivot": [2.11032, 12.22907, 1.01901], "rotation": [25, 0, 0], "uv": [0, 26]},
						{"origin": [-0.10731, 11.42897, -0.88954], "size": [2.8152, 1.42085, 1.91561], "inflate": -0.5, "uv": [32, 39]},
						{"origin": [-0.10731, 5.28262, -0.79198], "size": [2.8152, 1.42085, 1.91561], "inflate": -0.5, "uv": [34, 28]},
						{"origin": [-0.10731, 5.18887, -0.79198], "size": [2.8152, 1.42085, 1.91561], "inflate": -0.5, "uv": [34, 13]},
						{"origin": [-0.10731, 15.26683, -4.771], "size": [2.8152, 2.00622, 1.4278], "inflate": -0.5, "pivot": [7.07406, -1.29408, -16.17344], "rotation": [-17.5, 0, 0], "uv": [24, 17]},
						{"origin": [-0.10731, 12.57447, -4.08801], "size": [2.8152, 2.68915, 1.62293], "inflate": -0.5, "pivot": [7.07406, -3.98643, -15.29532], "rotation": [-12.5, 0, 0], "uv": [8, 21]}
					]
				}
			]
		}
	]
}