{
	"format_version": "1.12.0",
	"minecraft:geometry": [
		{
			"description": {
				"identifier": "geometry.scar_megalodon_drop",
				"texture_width": 128,
				"texture_height": 128,
				"visible_bounds_width": 7,
				"visible_bounds_height": 5,
				"visible_bounds_offset": [0, 0.5, 0]
			},
			"bones": [
				{
					"name": "root",
					"pivot": [1, 1, 0],
					"rotation": [0, 0, -177.5]
				},
				{
					"name": "waist",
					"parent": "root",
					"pivot": [1, 13, 0]
				},
				{
					"name": "body",
					"parent": "waist",
					"pivot": [1, 25, 0]
				},
				{
					"name": "rightArm",
					"parent": "body",
					"pivot": [-4, 23, 0]
				},
				{
					"name": "gun",
					"parent": "rightArm",
					"pivot": [-4.75, 14.2, 0.1],
					"rotation": [90, 0, 0]
				},
				{
					"name": "scar_megalodon",
					"parent": "gun",
					"pivot": [2, 15, -13],
					"rotation": [-90, -90, 0]
				},
				{
					"name": "bone",
					"parent": "scar_megalodon",
					"pivot": [2.15244, 11, -10.71944],
					"rotation": [25, 0, 0],
					"cubes": [
						{"origin": [1.73269, 8.16125, -10.28307], "size": [1.34, 5.98244, 1.53512], "inflate": -0.5, "pivot": [2.38968, 11, -9.77095], "rotation": [0, 20, 0], "uv": [85, 25]},
						{"origin": [1.86762, 8.16125, -10.16063], "size": [1.34, 5.98244, 1.34], "inflate": -0.5, "pivot": [2.52461, 11, -9.84364], "rotation": [0, 40, 0], "uv": [56, 85]},
						{"origin": [1.8562, 8.16125, -11.09865], "size": [1.34, 5.98244, 2.31561], "inflate": -0.5, "pivot": [2.51319, 11, -9.80605], "rotation": [0, 80, 0], "uv": [0, 19]},
						{"origin": [1.88003, 8.16125, -10.36944], "size": [2.02293, 5.98244, 1.34], "inflate": -0.5, "pivot": [2.53702, 11, -10.05245], "rotation": [0, 90, 0], "uv": [0, 28]},
						{"origin": [0.60205, 8.16125, -10.36944], "size": [1.92537, 6.32619, 1.34], "inflate": -0.5, "pivot": [1.25904, 11, -10.05245], "rotation": [0, 90, 0], "uv": [39, 77]},
						{"origin": [-0.1792, 12.255, -10.36944], "size": [2.70662, 2.23244, 1.34], "inflate": -0.5, "pivot": [1.25904, 11, -10.05245], "rotation": [0, 90, 0], "uv": [5, 66]},
						{"origin": [1.43096, 8.16125, -10.48709], "size": [1.34, 5.98244, 1.73024], "inflate": -0.5, "pivot": [2.08795, 11, -9.77985], "rotation": [0, -20, 0], "uv": [52, 85]},
						{"origin": [1.30054, 8.16125, -11.64077], "size": [1.34, 5.00683, 2.80341], "inflate": -0.5, "pivot": [1.95753, 11, -9.86036], "rotation": [0, -40, 0], "uv": [11, 10]},
						{"origin": [1.32738, 8.16125, -10.14867], "size": [1.34, 5.98244, 1.34], "inflate": -0.5, "pivot": [1.98437, 11, -9.83168], "rotation": [0, -80, 0], "uv": [82, 84]},
						{"origin": [1.58104, 8.16125, -11.23652], "size": [1.34, 4.61659, 2.51073], "inflate": -0.5, "uv": [20, 8]}
					]
				},
				{
					"name": "bone2",
					"parent": "scar_megalodon",
					"pivot": [2.15244, 11.19512, -10.3292],
					"rotation": [-25, 180, 0],
					"cubes": [
						{"origin": [1.53549, 8.35637, -11.59103], "size": [1.34, 4.61659, 2.51073], "inflate": -0.5, "pivot": [2.19248, 11.19512, -10.10331], "rotation": [0, 20, 0], "uv": [20, 0]},
						{"origin": [1.67042, 8.35637, -10.49298], "size": [1.34, 4.81171, 1.34], "inflate": -0.5, "pivot": [2.32741, 11.19512, -10.17599], "rotation": [0, 40, 0], "uv": [86, 42]},
						{"origin": [1.659, 8.35637, -10.45539], "size": [1.34, 4.90927, 1.34], "inflate": -0.5, "pivot": [2.31599, 11.19512, -10.1384], "rotation": [0, 80, 0], "uv": [85, 60]},
						{"origin": [1.23376, 8.35637, -11.79505], "size": [1.34, 4.71415, 2.70585], "inflate": -0.5, "pivot": [1.89075, 11.19512, -10.11221], "rotation": [0, -20, 0], "uv": [11, 19]},
						{"origin": [1.10334, 8.35637, -10.50971], "size": [1.34, 5.00683, 1.34], "inflate": -0.5, "pivot": [1.76033, 11.19512, -10.19272], "rotation": [0, -40, 0], "uv": [83, 49]},
						{"origin": [1.13018, 8.35637, -10.48102], "size": [1.34, 5.10439, 1.34], "inflate": -0.5, "pivot": [1.78717, 11.19512, -10.16403], "rotation": [0, -80, 0], "uv": [83, 37]},
						{"origin": [1.38384, 8.35637, -10.39814], "size": [1.34, 4.61659, 1.34], "inflate": -0.5, "uv": [84, 0]}
					]
				},
				{
					"name": "bone3",
					"parent": "scar_megalodon",
					"pivot": [3.61585, 13.34146, -12.37798],
					"rotation": [180, 180, 90],
					"cubes": [
						{"origin": [2.40246, 13.44201, -12.45623], "size": [1.374, 2.52946, 1.374], "inflate": -0.5, "pivot": [3.07514, 14.80732, -12.15754], "rotation": [0, 20, 0], "uv": [89, 25]},
						{"origin": [2.55088, 13.44201, -12.53618], "size": [1.76424, 2.52946, 1.374], "inflate": -0.5, "pivot": [3.22357, 14.80732, -12.23749], "rotation": [0, 40, 0], "uv": [85, 89]},
						{"origin": [2.07055, 13.44201, -12.46602], "size": [1.374, 2.52946, 2.15449], "inflate": -0.5, "pivot": [2.74324, 14.80732, -12.16733], "rotation": [0, -20, 0], "uv": [46, 18]},
						{"origin": [1.92709, 13.44201, -12.55458], "size": [2.15449, 2.52946, 1.66668], "inflate": -0.5, "pivot": [2.59978, 14.80732, -12.25589], "rotation": [0, -40, 0], "uv": [31, 65]},
						{"origin": [1.47345, 13.44201, -12.12056], "size": [2.15449, 2.52946, 1.66668], "inflate": -0.5, "pivot": [2.14614, 14.80732, -11.82187], "rotation": [0, -22.5, 0], "uv": [62, 49]},
						{"origin": [2.23564, 13.44201, -12.43186], "size": [1.374, 2.52946, 1.374], "inflate": -0.5, "uv": [43, 89]}
					]
				},
				{
					"name": "bone4",
					"parent": "scar_megalodon",
					"pivot": [0.88415, 13.34146, -13.64627],
					"rotation": [0, 180, 90],
					"cubes": [
						{"origin": [-0.32925, 13.44201, -13.72452], "size": [1.374, 2.52946, 1.374], "inflate": -0.5, "pivot": [0.34344, 14.80732, -13.42583], "rotation": [0, 20, 0], "uv": [39, 89]},
						{"origin": [-0.18083, 13.44201, -13.80447], "size": [1.76424, 2.52946, 1.374], "inflate": -0.5, "pivot": [0.49186, 14.80732, -13.50579], "rotation": [0, 40, 0], "uv": [28, 89]},
						{"origin": [-0.66116, 13.44201, -13.73431], "size": [1.374, 2.52946, 1.374], "inflate": -0.5, "pivot": [0.01153, 14.80732, -13.43562], "rotation": [0, -20, 0], "uv": [88, 18]},
						{"origin": [-1.0348, 13.44201, -13.82287], "size": [1.60418, 2.52946, 1.374], "inflate": -0.5, "pivot": [-0.13193, 14.80732, -13.52418], "rotation": [0, -40, 0], "uv": [88, 13]},
						{"origin": [-0.49607, 13.44201, -13.70015], "size": [1.374, 2.52946, 1.374], "inflate": -0.5, "uv": [87, 8]}
					]
				},
				{
					"name": "bone5",
					"parent": "scar_megalodon",
					"pivot": [2.15244, 12.7561, -11.49993],
					"rotation": [-37.5, 0, 0],
					"cubes": [
						{"origin": [1.73269, 12.16125, -10.86843], "size": [1.34, 2.86049, 1.34], "inflate": -0.5, "pivot": [2.38968, 12.7561, -10.55144], "rotation": [0, 20, 0], "uv": [0, 86]},
						{"origin": [1.86762, 12.16125, -10.94112], "size": [1.34, 2.86049, 1.34], "inflate": -0.5, "pivot": [2.52461, 12.7561, -10.62413], "rotation": [0, 40, 0], "uv": [43, 85]},
						{"origin": [1.8562, 12.16125, -10.90353], "size": [1.34, 2.86049, 1.34], "inflate": -0.5, "pivot": [2.51319, 12.7561, -10.58654], "rotation": [0, 80, 0], "uv": [39, 85]},
						{"origin": [1.88003, 12.16125, -11.14993], "size": [1.34, 2.86049, 1.34], "inflate": -0.5, "pivot": [2.53702, 12.7561, -10.83294], "rotation": [0, 90, 0], "uv": [33, 84]},
						{"origin": [0.60205, 12.16125, -11.14993], "size": [1.34, 2.86049, 1.34], "inflate": -0.5, "pivot": [1.25904, 12.7561, -10.83294], "rotation": [0, 90, 0], "uv": [56, 81]},
						{"origin": [1.43096, 12.16125, -10.87733], "size": [1.34, 2.86049, 1.34], "inflate": -0.5, "pivot": [2.08795, 12.7561, -10.56034], "rotation": [0, -20, 0], "uv": [75, 60]},
						{"origin": [1.30054, 12.16125, -10.95784], "size": [1.34, 2.86049, 1.34], "inflate": -0.5, "pivot": [1.95753, 12.7561, -10.64085], "rotation": [0, -40, 0], "uv": [75, 48]},
						{"origin": [1.32738, 12.16125, -10.92915], "size": [1.34, 2.86049, 1.34], "inflate": -0.5, "pivot": [1.98437, 12.7561, -10.61216], "rotation": [0, -80, 0], "uv": [74, 70]},
						{"origin": [1.58104, 12.16125, -10.84628], "size": [1.34, 2.86049, 1.34], "inflate": -0.5, "uv": [74, 20]}
					]
				},
				{
					"name": "bone6",
					"parent": "scar_megalodon",
					"pivot": [2.15244, 11.19512, -11.20725],
					"cubes": [
						{"origin": [1.73269, 10.60027, -10.57575], "size": [1.34, 3.73854, 1.34], "inflate": -0.5, "pivot": [2.38968, 11.19512, -10.25876], "rotation": [0, 20, 0], "uv": [78, 88]},
						{"origin": [1.86762, 10.60027, -10.64843], "size": [1.34, 3.73854, 1.34], "inflate": -0.5, "pivot": [2.52461, 11.19512, -10.33144], "rotation": [0, 40, 0], "uv": [87, 49]},
						{"origin": [1.8562, 10.60027, -10.61085], "size": [1.34, 3.73854, 1.34], "inflate": -0.5, "pivot": [2.51319, 11.19512, -10.29386], "rotation": [0, 80, 0], "uv": [87, 37]},
						{"origin": [1.88003, 10.60027, -10.85725], "size": [1.34, 3.73854, 1.34], "inflate": -0.5, "pivot": [2.53702, 11.19512, -10.54026], "rotation": [0, 90, 0], "uv": [87, 4]},
						{"origin": [0.60205, 10.60027, -10.85725], "size": [1.34, 3.73854, 1.34], "inflate": -0.5, "pivot": [1.25904, 11.19512, -10.54026], "rotation": [0, 90, 0], "uv": [72, 87]},
						{"origin": [1.43096, 10.60027, -10.58465], "size": [1.34, 3.73854, 1.34], "inflate": -0.5, "pivot": [2.08795, 11.19512, -10.26766], "rotation": [0, -20, 0], "uv": [65, 87]},
						{"origin": [1.30054, 10.60027, -10.66516], "size": [1.34, 3.73854, 1.34], "inflate": -0.5, "pivot": [1.95753, 11.19512, -10.34817], "rotation": [0, -40, 0], "uv": [86, 72]},
						{"origin": [1.32738, 10.60027, -10.63647], "size": [1.34, 3.73854, 1.34], "inflate": -0.5, "pivot": [1.98437, 11.19512, -10.31948], "rotation": [0, -80, 0], "uv": [86, 54]},
						{"origin": [1.58104, 10.60027, -10.5536], "size": [1.34, 3.73854, 1.34], "inflate": -0.5, "uv": [85, 77]}
					]
				},
				{
					"name": "bone7",
					"parent": "scar_megalodon",
					"pivot": [2.15244, 11.97561, -11.49993],
					"rotation": [-12.5, 0, 0],
					"cubes": [
						{"origin": [1.73269, 11.38076, -10.86843], "size": [1.34, 3.15317, 1.34], "inflate": -0.5, "pivot": [2.38968, 11.97561, -10.55144], "rotation": [0, 20, 0], "uv": [85, 65]},
						{"origin": [1.86762, 11.38076, -10.94112], "size": [1.34, 3.15317, 1.34], "inflate": -0.5, "pivot": [2.52461, 11.97561, -10.62413], "rotation": [0, 40, 0], "uv": [85, 31]},
						{"origin": [1.8562, 11.38076, -10.90353], "size": [1.34, 3.15317, 1.34], "inflate": -0.5, "pivot": [2.51319, 11.97561, -10.58654], "rotation": [0, 80, 0], "uv": [7, 85]},
						{"origin": [1.88003, 11.18564, -11.14993], "size": [1.92537, 3.34829, 1.34], "inflate": -0.5, "pivot": [2.53702, 11.97561, -10.83294], "rotation": [0, 90, 0], "uv": [81, 31]},
						{"origin": [0.60205, 11.38076, -11.14993], "size": [1.34, 3.15317, 1.34], "inflate": -0.5, "pivot": [1.25904, 11.97561, -10.83294], "rotation": [0, 90, 0], "uv": [80, 18]},
						{"origin": [1.43096, 11.38076, -10.87733], "size": [1.34, 3.15317, 1.34], "inflate": -0.5, "pivot": [2.08795, 11.97561, -10.56034], "rotation": [0, -20, 0], "uv": [80, 13]},
						{"origin": [1.30054, 11.38076, -10.95784], "size": [1.34, 3.15317, 1.34], "inflate": -0.5, "pivot": [1.95753, 11.97561, -10.64085], "rotation": [0, -40, 0], "uv": [77, 51]},
						{"origin": [1.32738, 11.38076, -10.92915], "size": [1.34, 3.15317, 1.34], "inflate": -0.5, "pivot": [1.98437, 11.97561, -10.61216], "rotation": [0, -80, 0], "uv": [74, 16]},
						{"origin": [1.58104, 11.38076, -10.84628], "size": [1.34, 3.15317, 1.34], "inflate": -0.5, "uv": [74, 7]}
					]
				},
				{
					"name": "bone8",
					"parent": "scar_megalodon",
					"pivot": [2.15244, 14.31707, -10.42676],
					"rotation": [-82.5, 0, 0],
					"cubes": [
						{"origin": [1.73269, 13.72222, -9.79526], "size": [1.34, 4.12878, 1.34], "inflate": -0.5, "pivot": [2.38968, 14.31707, -9.47827], "rotation": [0, 20, 0], "uv": [52, 79]},
						{"origin": [1.86762, 13.72222, -9.86795], "size": [1.34, 3.41003, 1.34], "inflate": -0.5, "pivot": [2.52461, 14.31707, -9.55096], "rotation": [0, 40, 0], "uv": [74, 3]},
						{"origin": [1.8562, 13.72222, -9.83036], "size": [1.34, 2.47024, 1.34], "inflate": -0.5, "pivot": [2.51319, 14.31707, -9.51337], "rotation": [0, 80, 0], "uv": [0, 74]},
						{"origin": [1.88003, 13.72222, -10.07676], "size": [1.34, 2.5678, 1.34], "inflate": -0.5, "pivot": [2.53702, 14.31707, -9.75977], "rotation": [0, 90, 0], "uv": [43, 73]},
						{"origin": [0.60205, 13.72222, -10.07676], "size": [1.34, 2.5678, 1.34], "inflate": -0.5, "pivot": [1.25904, 14.31707, -9.75977], "rotation": [0, 90, 0], "uv": [72, 32]},
						{"origin": [1.43096, 13.72222, -9.80416], "size": [1.34, 4.12878, 1.34], "inflate": -0.5, "pivot": [2.08795, 14.31707, -9.48717], "rotation": [0, -20, 0], "uv": [75, 36]},
						{"origin": [1.30054, 13.72222, -9.88467], "size": [1.34, 3.73854, 1.34], "inflate": -0.5, "pivot": [1.95753, 14.31707, -9.56768], "rotation": [0, -40, 0], "uv": [7, 73]},
						{"origin": [1.32738, 13.72222, -9.85598], "size": [1.34, 2.47024, 1.34], "inflate": -0.5, "pivot": [1.98437, 14.31707, -9.53899], "rotation": [0, -80, 0], "uv": [72, 13]},
						{"origin": [1.58104, 13.72222, -9.77311], "size": [1.34, 4.12878, 1.34], "inflate": -0.5, "uv": [63, 73]}
					]
				},
				{
					"name": "bone9",
					"parent": "scar_megalodon",
					"pivot": [2.08613, 14.5122, -9.25603],
					"rotation": [-90, 0, 0],
					"cubes": [
						{"origin": [1.72542, 13.62476, -8.72305], "size": [1.34, 7.90927, 1.34], "inflate": -0.5, "pivot": [2.38241, 14.21961, -8.40606], "rotation": [0, 20, 0], "uv": [45, 0]},
						{"origin": [1.81372, 14.62476, -8.66971], "size": [2.1525, 7.12878, 1.34], "inflate": -0.5, "pivot": [2.47071, 14.21961, -8.35272], "rotation": [0, 90, 0], "uv": [10, 0]},
						{"origin": [1.92666, 14.40525, -9.69756], "size": [1.34, 7.34829, 1.34], "inflate": -0.5, "pivot": [2.58365, 14.21961, -9.38057], "rotation": [0, 40, 0], "uv": [17, 78]},
						{"origin": [1.86035, 13.62476, -8.79573], "size": [1.34, 8.12878, 1.34], "inflate": -0.5, "pivot": [2.51734, 14.21961, -8.47874], "rotation": [0, 40, 0], "uv": [42, 37]},
						{"origin": [1.42369, 13.62476, -8.73195], "size": [1.34, 7.90927, 1.34], "inflate": -0.5, "pivot": [2.08068, 14.21961, -8.41496], "rotation": [0, -20, 0], "uv": [41, 0]},
						{"origin": [1.29327, 13.62476, -8.81246], "size": [1.34, 8.12878, 1.34], "inflate": -0.5, "pivot": [1.95026, 14.21961, -8.49547], "rotation": [0, -40, 0], "uv": [19, 38]},
						{"origin": [1.23941, 14.21013, -9.71429], "size": [1.34, 7.54341, 1.34], "inflate": -0.5, "pivot": [1.8964, 14.21961, -9.3973], "rotation": [0, -40, 0], "uv": [13, 78]},
						{"origin": [1.57377, 13.62476, -8.7009], "size": [1.34, 7.90927, 1.34], "inflate": -0.5, "uv": [15, 38]}
					]
				},
				{
					"name": "bone10",
					"parent": "scar_megalodon",
					"pivot": [2.15244, 14.5122, -9.06091],
					"rotation": [-90, 0, 0],
					"cubes": [
						{"origin": [1.7367, 13.9126, -8.37283], "size": [1.357, 1.41693, 1.357], "inflate": -0.5, "pivot": [2.40154, 14.5122, -8.06499], "rotation": [0, 20, 0], "uv": [13, 92]},
						{"origin": [1.87838, 13.9126, -8.44915], "size": [1.357, 1.41693, 1.357], "inflate": -0.5, "pivot": [2.54322, 14.5122, -8.14131], "rotation": [0, 40, 0], "uv": [4, 92]},
						{"origin": [1.86638, 13.9126, -8.40968], "size": [1.357, 1.41693, 1.357], "inflate": -0.5, "pivot": [2.53122, 14.5122, -8.10185], "rotation": [0, 80, 0], "uv": [0, 92]},
						{"origin": [1.89141, 13.9126, -8.6684], "size": [3.99115, 1.41693, 1.357], "inflate": -0.5, "pivot": [2.55625, 14.5122, -8.36057], "rotation": [0, 90, 0], "uv": [29, 13]},
						{"origin": [0.54953, 13.9126, -8.6684], "size": [3.79602, 1.41693, 2.357], "inflate": -0.5, "pivot": [1.21437, 14.5122, -8.36057], "rotation": [0, 90, 0], "uv": [39, 33]},
						{"origin": [0.54953, 13.9126, -8.6684], "size": [3.79602, 1.41693, 2.357], "inflate": -0.5, "pivot": [1.21437, 14.5122, -8.36057], "rotation": [0, 90, 0], "uv": [39, 33]},
						{"origin": [1.41988, 13.9126, -8.38218], "size": [1.357, 1.41693, 1.357], "inflate": -0.5, "pivot": [2.08472, 14.5122, -8.07434], "rotation": [0, -20, 0], "uv": [91, 90]},
						{"origin": [1.28295, 13.9126, -8.46671], "size": [1.357, 1.41693, 1.357], "inflate": -0.5, "pivot": [1.94779, 14.5122, -8.15887], "rotation": [0, -40, 0], "uv": [91, 88]},
						{"origin": [1.31113, 13.9126, -8.43659], "size": [1.357, 1.41693, 1.357], "inflate": -0.5, "pivot": [1.97597, 14.5122, -8.12875], "rotation": [0, -80, 0], "uv": [91, 86]},
						{"origin": [1.57747, 13.9126, -8.34957], "size": [1.357, 1.41693, 1.357], "inflate": -0.5, "uv": [91, 84]}
					]
				},
				{
					"name": "bone11",
					"parent": "scar_megalodon",
					"pivot": [2.15244, 15.78049, -8.86578],
					"rotation": [90, 0, 0],
					"cubes": [
						{"origin": [1.7367, 15.18089, -8.17771], "size": [1.357, 1.41693, 1.357], "inflate": -0.5, "pivot": [2.40154, 15.78049, -7.86987], "rotation": [0, 20, 0], "uv": [81, 91]},
						{"origin": [1.87838, 15.18089, -8.25403], "size": [1.357, 1.41693, 1.357], "inflate": -0.5, "pivot": [2.54322, 15.78049, -7.94619], "rotation": [0, 40, 0], "uv": [46, 91]},
						{"origin": [1.86638, 15.18089, -8.21456], "size": [1.357, 1.41693, 1.357], "inflate": -0.5, "pivot": [2.53122, 15.78049, -7.90672], "rotation": [0, 80, 0], "uv": [31, 91]},
						{"origin": [1.89141, 15.18089, -8.47328], "size": [1.357, 1.41693, 1.357], "inflate": -0.5, "pivot": [2.55625, 15.78049, -8.16544], "rotation": [0, 90, 0], "uv": [20, 91]},
						{"origin": [0.54953, 15.18089, -8.47328], "size": [1.357, 1.41693, 1.357], "inflate": -0.5, "pivot": [1.21437, 15.78049, -8.16544], "rotation": [0, 90, 0], "uv": [90, 45]},
						{"origin": [1.41988, 15.18089, -8.18706], "size": [1.357, 1.41693, 1.357], "inflate": -0.5, "pivot": [2.08472, 15.78049, -7.87922], "rotation": [0, -20, 0], "uv": [90, 43]},
						{"origin": [1.28295, 15.18089, -8.27159], "size": [1.357, 1.41693, 1.357], "inflate": -0.5, "pivot": [1.94779, 15.78049, -7.96375], "rotation": [0, -30, 0], "uv": [68, 90]},
						{"origin": [1.31113, 15.18089, -8.24147], "size": [1.357, 1.41693, 1.357], "inflate": -0.5, "pivot": [1.97597, 15.78049, -7.93363], "rotation": [0, -80, 0], "uv": [59, 90]},
						{"origin": [1.57747, 15.18089, -8.15445], "size": [1.357, 1.41693, 1.357], "inflate": -0.5, "uv": [17, 90]}
					]
				},
				{
					"name": "bone12",
					"parent": "scar_megalodon",
					"pivot": [2.15244, 18.41463, -1.84139],
					"rotation": [90, 0, 0],
					"cubes": [
						{"origin": [1.73269, 19.87641, -4.26963], "size": [1.34, 5.93366, 1.34], "inflate": -0.5, "pivot": [2.38968, 20.47126, -3.95264], "rotation": [0, 20, 0], "uv": [83, 5]},
						{"origin": [1.86762, 19.87641, -4.34232], "size": [1.34, 5.93366, 1.34], "inflate": -0.5, "pivot": [2.52461, 20.47126, -4.02533], "rotation": [0, 40, 0], "uv": [82, 72]},
						{"origin": [1.8562, 19.87641, -4.30473], "size": [1.34, 5.95805, 1.34], "inflate": -0.5, "pivot": [2.51319, 20.47126, -3.98774], "rotation": [0, 80, 0], "uv": [78, 82]},
						{"origin": [1.8562, 29.3, -4.30473], "size": [1.34, 13.5, 1.34], "inflate": -0.5, "pivot": [2.51319, 20.47126, -3.98774], "rotation": [0, 80, 0], "uv": [86, 96]},
						{"origin": [1.88003, 19.87641, -4.55113], "size": [1.34, 5.95805, 1.34], "inflate": -0.5, "pivot": [2.53702, 20.47126, -4.23414], "rotation": [0, 90, 0], "uv": [69, 82]},
						{"origin": [1.88003, 29.2, -4.55113], "size": [1.34, 13.5, 1.34], "inflate": -0.5, "pivot": [2.53702, 20.47126, -4.23414], "rotation": [0, 90, 0], "uv": [82, 96]},
						{"origin": [0.60205, 19.87641, -4.55113], "size": [1.34, 5.95805, 1.34], "inflate": -0.5, "pivot": [1.25904, 20.47126, -4.23414], "rotation": [0, 90, 0], "uv": [81, 25]},
						{"origin": [0.60205, 29.3, -4.55113], "size": [1.34, 13.5, 1.34], "inflate": -0.5, "pivot": [1.25904, 20.47126, -4.23414], "rotation": [0, 90, 0], "uv": [78, 96]},
						{"origin": [1.43096, 19.87641, -4.27853], "size": [1.34, 5.93366, 1.34], "inflate": -0.5, "pivot": [2.08795, 20.47126, -3.96154], "rotation": [0, -20, 0], "uv": [65, 81]},
						{"origin": [1.30054, 19.87641, -4.35904], "size": [1.34, 6.12878, 1.34], "inflate": -0.5, "pivot": [1.95753, 20.47126, -4.04205], "rotation": [0, -40, 0], "uv": [76, 73]},
						{"origin": [1.32738, 29.2, -4.33035], "size": [1.34, 13.8, 1.34], "inflate": -0.5, "pivot": [1.98437, 20.47126, -4.01336], "rotation": [0, -80, 0], "uv": [74, 94]},
						{"origin": [1.32738, 19.87641, -4.33035], "size": [1.34, 5.95805, 1.34], "inflate": -0.5, "pivot": [1.98437, 20.47126, -4.01336], "rotation": [0, -80, 0], "uv": [80, 0]},
						{"origin": [1.58104, 19.87641, -4.24748], "size": [1.34, 5.93366, 1.34], "inflate": -0.5, "uv": [43, 77]}
					]
				},
				{
					"name": "bone13",
					"parent": "scar_megalodon",
					"pivot": [2.15244, 12.85366, -3.40237],
					"rotation": [62.5, 0, 0],
					"cubes": [
						{"origin": [1.73269, 16.84417, -2.77087], "size": [1.34, 3.34829, 1.34], "inflate": -0.5, "pivot": [2.38968, 12.85366, -2.45388], "rotation": [0, 20, 0], "uv": [20, 69]},
						{"origin": [1.86762, 16.84417, -2.84356], "size": [1.34, 3.34829, 1.34], "inflate": -0.5, "pivot": [2.52461, 12.85366, -2.52657], "rotation": [0, 40, 0], "uv": [7, 69]},
						{"origin": [1.8562, 16.84417, -2.80597], "size": [1.34, 3.34829, 1.34], "inflate": -0.5, "pivot": [2.51319, 12.85366, -2.48898], "rotation": [0, 80, 0], "uv": [33, 68]},
						{"origin": [1.88003, 16.84417, -3.05237], "size": [1.34, 3.34829, 1.34], "inflate": -0.5, "pivot": [2.53702, 12.85366, -2.73538], "rotation": [0, 90, 0], "uv": [64, 52]},
						{"origin": [0.60205, 16.84417, -3.05237], "size": [1.34, 3.34829, 1.34], "inflate": -0.5, "pivot": [1.25904, 12.85366, -2.73538], "rotation": [0, 90, 0], "uv": [7, 61]},
						{"origin": [1.43096, 16.84417, -2.77977], "size": [1.34, 3.34829, 1.34], "inflate": -0.5, "pivot": [2.08795, 12.85366, -2.46278], "rotation": [0, -20, 0], "uv": [37, 59]},
						{"origin": [1.30054, 16.84417, -2.86028], "size": [1.34, 3.34829, 1.34], "inflate": -0.5, "pivot": [1.95753, 12.85366, -2.54329], "rotation": [0, -40, 0], "uv": [41, 12]},
						{"origin": [1.32738, 16.84417, -2.83159], "size": [1.34, 3.34829, 1.34], "inflate": -0.5, "pivot": [1.98437, 12.85366, -2.5146], "rotation": [0, -80, 0], "uv": [8, 38]},
						{"origin": [1.58104, 16.84417, -2.74872], "size": [1.34, 3.34829, 1.34], "inflate": -0.5, "uv": [0, 38]}
					]
				},
				{
					"name": "bone14",
					"parent": "scar_megalodon",
					"pivot": [2.15244, 12.36585, 1.57324],
					"rotation": [62.5, 0, 0],
					"cubes": [
						{"origin": [1.73269, 17.33198, 2.20474], "size": [1.34, 2.37268, 1.34], "inflate": -0.5, "pivot": [2.38968, 12.36585, 2.52173], "rotation": [0, 20, 0], "uv": [72, 0]},
						{"origin": [1.86762, 17.33198, 2.13205], "size": [1.34, 2.37268, 1.34], "inflate": -0.5, "pivot": [2.52461, 12.36585, 2.44904], "rotation": [0, 40, 0], "uv": [33, 72]},
						{"origin": [1.8562, 17.42954, 2.16964], "size": [1.34, 2.27512, 1.34], "inflate": -0.5, "pivot": [2.51319, 12.36585, 2.48663], "rotation": [0, 80, 0], "uv": [60, 69]},
						{"origin": [1.88003, 17.42954, 1.92324], "size": [1.34, 2.27512, 1.34], "inflate": -0.5, "pivot": [2.53702, 12.36585, 2.24023], "rotation": [0, 90, 0], "uv": [56, 69]},
						{"origin": [1.82099, 17.33198, 2.25808], "size": [1.92537, 2.37268, 1.34], "inflate": -0.5, "pivot": [2.47798, 12.36585, 2.57507], "rotation": [0, 90, 0], "uv": [68, 32]},
						{"origin": [0.60205, 17.33198, 1.92324], "size": [1.34, 2.37268, 1.34], "inflate": -0.5, "pivot": [1.25904, 12.36585, 2.24023], "rotation": [0, 90, 0], "uv": [68, 25]},
						{"origin": [1.43096, 17.33198, 2.19584], "size": [1.34, 2.37268, 1.34], "inflate": -0.5, "pivot": [2.08795, 12.36585, 2.51283], "rotation": [0, -20, 0], "uv": [67, 8]},
						{"origin": [1.30054, 17.33198, 2.11533], "size": [1.34, 2.37268, 1.34], "inflate": -0.5, "pivot": [1.95753, 12.36585, 2.43232], "rotation": [0, -40, 0], "uv": [18, 66]},
						{"origin": [1.32738, 17.33198, 2.14402], "size": [1.34, 2.37268, 1.34], "inflate": -0.5, "pivot": [1.98437, 12.36585, 2.46101], "rotation": [0, -80, 0], "uv": [63, 57]},
						{"origin": [1.58104, 17.33198, 2.22689], "size": [1.34, 2.37268, 1.34], "inflate": -0.5, "uv": [62, 41]}
					]
				},
				{
					"name": "bone15",
					"parent": "scar_megalodon",
					"pivot": [2.15244, 14.41463, 3.23178],
					"rotation": [90, 0, 0],
					"cubes": [
						{"origin": [1.72467, 16.90244, 3.75013], "size": [1.306, 4.16712, 1.306], "inflate": -0.5, "pivot": [2.36596, 14.41463, 4.08542], "rotation": [0, 20, 0], "uv": [59, 73]},
						{"origin": [1.39629, 16.80488, 5.83929], "size": [1.306, 4.16712, 1.13039], "inflate": -0.5, "pivot": [-1.58526, 14.31707, 4.40005], "rotation": [0, 20, 0], "uv": [52, 73]},
						{"origin": [2.21845, 16.80488, 3.35312], "size": [1.306, 4.16712, 1.13039], "inflate": -0.5, "pivot": [-0.76309, 14.31707, 1.91387], "rotation": [0, -20, 0], "uv": [39, 71]},
						{"origin": [1.8461, 16.90244, 3.68471], "size": [1.306, 4.16712, 1.306], "inflate": -0.5, "pivot": [2.48739, 14.41463, 4.02], "rotation": [0, 40, 0], "uv": [68, 36]},
						{"origin": [1.83582, 16.90244, 3.71854], "size": [1.306, 4.16712, 1.306], "inflate": -0.5, "pivot": [2.47711, 14.41463, 4.05383], "rotation": [0, 80, 0], "uv": [48, 65]},
						{"origin": [0.70709, 16.90244, 3.49678], "size": [1.306, 4.16712, 1.306], "inflate": -0.5, "pivot": [1.34838, 14.41463, 3.83207], "rotation": [0, 90, 0], "uv": [39, 65]},
						{"origin": [1.4531, 16.90244, 3.74212], "size": [1.306, 4.16712, 1.306], "inflate": -0.5, "pivot": [2.0944, 14.41463, 4.07741], "rotation": [0, -20, 0], "uv": [63, 61]},
						{"origin": [1.33573, 16.90244, 3.66966], "size": [1.306, 4.16712, 1.306], "inflate": -0.5, "pivot": [1.97702, 14.41463, 4.00495], "rotation": [0, -40, 0], "uv": [56, 61]},
						{"origin": [1.35989, 16.90244, 3.69548], "size": [1.306, 4.16712, 1.306], "inflate": -0.5, "pivot": [2.00118, 14.41463, 4.03077], "rotation": [0, -80, 0], "uv": [54, 25]},
						{"origin": [1.58818, 16.90244, 3.77006], "size": [1.306, 4.16712, 1.306], "inflate": -0.5, "uv": [13, 54]},
						{"origin": [1.58818, 16.70732, 4.52372], "size": [1.306, 4.26468, 1.13039], "inflate": -0.5, "uv": [50, 52]}
					]
				},
				{
					"name": "bone16",
					"parent": "scar_megalodon",
					"pivot": [2.15244, 15.29268, -2.91456],
					"rotation": [-142.5, 0, 0],
					"cubes": [
						{"origin": [1.72467, 14.70732, -2.39622], "size": [1.306, 7.24029, 1.306], "inflate": -0.5, "pivot": [2.36596, 15.29268, -2.06093], "rotation": [0, 20, 0], "uv": [4, 78]},
						{"origin": [1.8461, 14.70732, -2.46163], "size": [1.306, 7.24029, 1.306], "inflate": -0.5, "pivot": [2.48739, 15.29268, -2.12634], "rotation": [0, 40, 0], "uv": [0, 78]},
						{"origin": [1.83582, 16.46342, -2.4278], "size": [1.306, 5.4842, 1.306], "inflate": -0.5, "pivot": [2.47711, 15.29268, -2.09251], "rotation": [0, 80, 0], "uv": [74, 25]},
						{"origin": [1.85727, 18.97561, -2.64956], "size": [1.69624, 2.19151, 1.306], "inflate": -0.5, "pivot": [2.49856, 15.29268, -2.31427], "rotation": [0, 90, 0], "uv": [69, 74]},
						{"origin": [0.70709, 16.37561, -2.64956], "size": [1.36088, 5.10622, 1.306], "inflate": -0.5, "pivot": [1.34838, 15.29268, -2.31427], "rotation": [0, 90, 0], "uv": [30, 29]},
						{"origin": [1.4531, 14.70732, -2.40423], "size": [1.306, 7.24029, 1.306], "inflate": -0.5, "pivot": [2.0944, 15.29268, -2.06893], "rotation": [0, -20, 0], "uv": [30, 77]},
						{"origin": [1.33573, 14.70732, -2.47669], "size": [1.306, 7.24029, 1.306], "inflate": -0.5, "pivot": [1.97702, 15.29268, -2.14139], "rotation": [0, -40, 0], "uv": [26, 77]},
						{"origin": [1.35989, 14.70732, -2.45087], "size": [1.306, 7.24029, 1.306], "inflate": -0.5, "pivot": [2.00118, 15.29268, -2.11557], "rotation": [0, -80, 0], "uv": [48, 37]},
						{"origin": [1.58818, 14.70732, -2.37628], "size": [1.306, 7.24029, 1.306], "inflate": -0.5, "uv": [20, 19]}
					]
				},
				{
					"name": "bone17",
					"parent": "scar_megalodon",
					"pivot": [2.15244, 14.12195, -10.42676],
					"rotation": [-70, 0, 0],
					"cubes": [
						{"origin": [1.73269, 13.5271, -9.79526], "size": [1.34, 4.12878, 1.34], "inflate": -0.5, "pivot": [2.38968, 14.12195, -9.47827], "rotation": [0, 20, 0], "uv": [43, 52]},
						{"origin": [1.86762, 13.5271, -9.86795], "size": [1.34, 2.5678, 1.34], "inflate": -0.5, "pivot": [2.52461, 14.12195, -9.55096], "rotation": [0, 40, 0], "uv": [61, 21]},
						{"origin": [1.8562, 13.5271, -9.83036], "size": [1.34, 2.37268, 1.34], "inflate": -0.5, "pivot": [2.51319, 14.12195, -9.51337], "rotation": [0, 80, 0], "uv": [61, 7]},
						{"origin": [1.88003, 13.5271, -10.07676], "size": [1.34, 2.5678, 1.34], "inflate": -0.5, "pivot": [2.53702, 14.12195, -9.75977], "rotation": [0, 90, 0], "uv": [49, 61]},
						{"origin": [0.60205, 13.5271, -10.07676], "size": [1.34, 2.47024, 1.34], "inflate": -0.5, "pivot": [1.25904, 14.12195, -9.75977], "rotation": [0, 90, 0], "uv": [48, 8]},
						{"origin": [1.43096, 13.5271, -9.80416], "size": [1.34, 4.12878, 1.34], "inflate": -0.5, "pivot": [2.08795, 14.12195, -9.48717], "rotation": [0, -20, 0], "uv": [0, 45]},
						{"origin": [1.30054, 13.5271, -9.88467], "size": [1.34, 4.12878, 1.34], "inflate": -0.5, "pivot": [1.95753, 14.12195, -9.56768], "rotation": [0, -40, 0], "uv": [39, 24]},
						{"origin": [1.32738, 13.5271, -9.85598], "size": [1.34, 2.37268, 1.34], "inflate": -0.5, "pivot": [1.98437, 14.12195, -9.53899], "rotation": [0, -80, 0], "uv": [20, 48]},
						{"origin": [1.58104, 13.5271, -9.77311], "size": [1.34, 4.12878, 1.34], "inflate": -0.5, "uv": [39, 18]}
					]
				},
				{
					"name": "bone18",
					"parent": "scar_megalodon",
					"pivot": [2.3, 9.31746, -15.50866],
					"cubes": [
						{"origin": [1.55488, 8.05785, -16.31707], "size": [1.39024, 5.0439, 0.55122], "uv": [34, 0]},
						{"origin": [1.55488, 8.05785, -15.63415], "size": [1.39024, 5.0439, 0.64878], "uv": [24, 19]},
						{"origin": [1.55488, 8.05785, -17.19512], "size": [1.39024, 5.0439, 0.64878], "uv": [16, 0]},
						{"origin": [1.65244, 8.05785, -17.09756], "size": [1.19512, 5.0439, 1.79512], "uv": [30, 0]},
						{"origin": [1.55488, 7.63034, -17.79389], "size": [1.39024, 0.26341, 2.2], "pivot": [8, 0.98713, -12.59876], "rotation": [-5, 0, 0], "uv": [4, 4]}
					]
				},
				{
					"name": "bone19",
					"parent": "scar_megalodon",
					"pivot": [2.25, 8.65, -13.5],
					"cubes": [
						{"origin": [0.995, 11.49268, -17.8], "size": [2.51, 3.80732, 4.2], "inflate": -0.5, "uv": [0, 38]},
						{"origin": [0.995, 11.08289, -19.0142], "size": [2.51, 1.46585, 4.29756], "inflate": -0.5, "pivot": [8, -2.11711, -13.2142], "rotation": [-5, 0, 0], "uv": [80, 18]},
						{"origin": [0.89744, 11.08289, -19.20932], "size": [2.70512, 1.27073, 4.59024], "inflate": -0.5, "pivot": [8, -2.11711, -13.2142], "rotation": [-5, 0, 0], "uv": [80, 13]},
						{"origin": [0.995, 13.09268, -17.8], "size": [2.51, 1.70732, 9.5], "inflate": -0.5, "uv": [0, 90]},
						{"origin": [0.995, 13.4, -17.71463], "size": [2.51, 2, 5.41463], "inflate": -0.5, "uv": [13, 54]}
					]
				},
				{
					"name": "bone20",
					"parent": "scar_megalodon",
					"pivot": [2.25, 10.5, -14.18333],
					"cubes": [
						{"origin": [1.48058, 11.24857, -14.94945], "size": [1.49732, 1.29756, 3.5], "inflate": -0.5, "uv": [70, 60]},
						{"origin": [1.05658, 11.13517, -14.81945], "size": [2.37155, 1.39512, 4.37805], "inflate": -0.5, "uv": [41, 12]},
						{"origin": [1.57842, 11.14697, -14.63996], "size": [1.59488, 1.39512, 3.69512], "inflate": -0.5, "pivot": [1.3955, 11.64697, -11.44483], "rotation": [0, -7.5, 0], "uv": [70, 52]},
						{"origin": [1.91927, 11.14697, -14.73898], "size": [1.59488, 1.39512, 1.28887], "inflate": -0.5, "uv": [13, 90]},
						{"origin": [0.98469, 11.14697, -14.73898], "size": [1.59488, 1.39512, 1.28887], "inflate": -0.5, "uv": [4, 90]},
						{"origin": [1.92469, 11.13517, -14.62843], "size": [1.59488, 1.39512, 3.69512], "inflate": -0.5, "pivot": [0.96795, 11.63517, -11.53518], "rotation": [0, 7.5, 0], "uv": [70, 48]},
						{"origin": [1.34232, 11.14697, -14.38403], "size": [1.59488, 1.39512, 3.69512], "inflate": -0.5, "pivot": [1.15939, 11.64697, -11.18891], "rotation": [0, 7.5, 0], "uv": [69, 70]},
						{"origin": [0.98563, 11.13517, -14.88352], "size": [1.59488, 1.39512, 3.69512], "inflate": -0.5, "pivot": [1.58925, 11.63517, -11.69355], "rotation": [0, -7.5, 0], "uv": [13, 70]},
						{"origin": [1.6, 12.21714, -13.40695], "size": [1.3, 2.0122, 1.2], "inflate": -0.5, "uv": [33, 43]},
						{"origin": [1.6, 12.32615, -13.434], "size": [1.3, 1.91463, 1.2], "inflate": -0.5, "pivot": [2.25, 12.96145, -12.92705], "rotation": [10, 0, 0], "uv": [0, 90]},
						{"origin": [1.6, 12.1193, -13.39858], "size": [1.3, 1.42683, 1.10244], "inflate": -0.5, "pivot": [2.25, 12.71521, -13.36545], "rotation": [-30, 0, 0], "uv": [89, 78]},
						{"origin": [1.6, 12.10368, -13.42094], "size": [1.3, 1.13415, 1.10244], "inflate": -0.5, "pivot": [2.25, 12.4069, -13.38782], "rotation": [-2.5, 0, 0], "uv": [89, 66]},
						{"origin": [1.6, 12.41226, -13.40695], "size": [1.3, 1.81707, 1.2], "inflate": -0.5, "pivot": [2.25, 12.95, -12.9], "rotation": [-35, 0, 0], "uv": [89, 62]},
						{"origin": [1.6, 12.41226, -13.40695], "size": [1.3, 1.81707, 1.78537], "inflate": -0.5, "pivot": [2.25, 12.95, -12.9], "rotation": [37.5, 0, 0], "uv": [89, 60]},
						{"origin": [1.6, 12.41226, -13.40695], "size": [1.3, 1.81707, 1.78537], "inflate": -0.5, "pivot": [2.25, 12.95, -12.9], "rotation": [45, 0, 0], "uv": [89, 41]}
					]
				},
				{
					"name": "hole6",
					"parent": "bone20",
					"pivot": [2.26974, 15.28958, -13.25279],
					"cubes": [
						{"origin": [1, 15, -26.3], "size": [2.5, 2.35669, 13.7], "inflate": -0.5, "uv": [25, 37]},
						{"origin": [2.2, 16.357, -26.3], "size": [1.3, 1.3, 18], "inflate": -0.5, "pivot": [3, 16.855, -9.3], "rotation": [0, 0, -45], "uv": [0, 19]},
						{"origin": [1.2, 16.357, -26.3], "size": [2.1, 1.4, 17.60976], "inflate": -0.5, "uv": [20, 0]},
						{"origin": [1, 16.357, -26.3], "size": [1.3, 1.3, 18], "inflate": -0.5, "pivot": [1.5, 16.855, -9.3], "rotation": [0, 0, 45], "uv": [0, 0]},
						{"origin": [1.1, 13.69512, -26.19244], "size": [2.3, 2.16157, 8.5022], "inflate": -0.5, "uv": [91, 84]},
						{"origin": [1.1, 14.08537, -26.19244], "size": [2.3, 1.77132, 9.57537], "inflate": -0.5, "uv": [15, 89]},
						{"origin": [1.29512, 13.4024, -26.29], "size": [1.90976, 2.45425, 8.59976], "inflate": -0.5, "uv": [0, 0]},
						{"origin": [0.63652, 14.2572, -26.3], "size": [1.88147, 2.35669, 13.70732], "inflate": -0.5, "pivot": [2.26975, 14.35629, -18.71328], "rotation": [0, 0, 45], "uv": [39, 18]},
						{"origin": [2.0227, 14.25608, -26.3], "size": [1.88147, 2.35669, 13.70732], "inflate": -0.5, "pivot": [2.26975, 14.35629, -18.71328], "rotation": [0, 0, -45], "uv": [0, 39]},
						{"origin": [1.47844, 14.39519, -21.90976], "size": [2.35669, 1.88147, 9.31707], "inflate": -0.5, "uv": [83, 49]},
						{"origin": [1.47844, 14.39519, -26.39756], "size": [2.35669, 1.88147, 5.41463], "inflate": -0.5, "uv": [39, 65]},
						{"origin": [0.78533, 14.10923, -26.29], "size": [2.35669, 1.88147, 8.59976], "inflate": -0.5, "pivot": [2.26975, 14.35629, -18.71328], "rotation": [0, 0, 45], "uv": [93, 0]},
						{"origin": [0.70267, 14.29763, -21.90976], "size": [2.35669, 1.97903, 9.31707], "inflate": -0.5, "uv": [15, 38]},
						{"origin": [0.70267, 14.39519, -26.39756], "size": [2.35669, 1.88147, 5.5122], "inflate": -0.5, "uv": [54, 25]},
						{"origin": [1.39619, 14.11044, -26.29], "size": [2.35669, 1.88147, 8.59976], "inflate": -0.5, "pivot": [2.26975, 14.35629, -18.71328], "rotation": [0, 0, -45], "uv": [73, 61]}
					]
				},
				{
					"name": "design",
					"parent": "hole6",
					"pivot": [2.26974, 15.28958, -13.25279],
					"cubes": [
						{"origin": [1.39756, 16.4, -26.2], "size": [1.70488, 1.49756, 17.8], "inflate": -0.5, "uv": [20, 19]},
						{"origin": [1.39756, 16.4, -16.2], "size": [1.70488, 2.49756, 7.8], "inflate": -0.5, "uv": [20, 20], "mirror": true},
						{"origin": [1.39756, 17.4, -20.2], "size": [1.70488, 1.49756, 7.8], "uv": [20, 8]},
						{"origin": [0.60244, 15.4, -16.2], "size": [1.5, 2.49756, 1.5], "inflate": -0.5, "uv": [0, 125]},
						{"origin": [0.60244, 15.4, -17.2], "size": [1.5, 2.49756, 1.5], "inflate": -0.5, "uv": [0, 125]},
						{"origin": [0.60244, 15.4, -18.2], "size": [1.5, 2.49756, 1.5], "inflate": -0.5, "uv": [0, 125]},
						{"origin": [2.4, 15.4, -18.2], "size": [1.5, 2.49756, 1.5], "inflate": -0.5, "uv": [0, 125]},
						{"origin": [2.4, 15.4, -17.2], "size": [1.5, 2.49756, 1.5], "inflate": -0.5, "uv": [0, 125]},
						{"origin": [2.4, 15.4, -16.2], "size": [1.5, 2.49756, 1.5], "inflate": -0.5, "uv": [0, 125]}
					]
				},
				{
					"name": "bone21",
					"parent": "scar_megalodon",
					"pivot": [1.472, 14.39869, -17.3232],
					"cubes": [
						{"origin": [0.87915, 13.79185, -19.44854], "size": [1.18605, 1.31456, 2.6897], "inflate": -0.5, "pivot": [1.47199, 14.38178, -17.3232], "rotation": [0, -90, 0], "uv": [13, 62]},
						{"origin": [0.87915, 13.65737, -19.44854], "size": [1.18605, 1.31456, 2.6897], "inflate": -0.5, "pivot": [1.47199, 14.38178, -17.3232], "rotation": [0, -90, 0], "uv": [0, 62]},
						{"origin": [0.87907, 13.79194, -19.44854], "size": [1.18605, 1.31456, 2.6897], "inflate": -0.5, "pivot": [1.47199, 14.38178, -17.3232], "rotation": [-90, -45, 90], "uv": [61, 45]},
						{"origin": [0.87912, 13.7917, -19.44854], "size": [1.18605, 1.31456, 2.6897], "inflate": -0.5, "pivot": [1.47199, 14.38178, -17.3232], "rotation": [90, -45, -90], "uv": [43, 61]},
						{"origin": [0.8823, 13.78868, -19.44854], "size": [1.31456, 1.18605, 2.6897], "inflate": -0.5, "pivot": [1.47199, 14.38178, -17.3232], "rotation": [0, -90, 0], "uv": [60, 38]},
						{"origin": [0.88228, 13.78891, -19.44854], "size": [1.31456, 1.18605, 2.6897], "inflate": -0.5, "pivot": [1.47199, 14.38178, -17.3232], "rotation": [-90, -45, 90], "uv": [60, 33]},
						{"origin": [0.74677, 13.78868, -19.44854], "size": [1.31456, 1.18605, 2.6897], "inflate": -0.5, "pivot": [1.47199, 14.38178, -17.3232], "rotation": [0, -90, 0], "uv": [30, 60]},
						{"origin": [0.74689, 13.78917, -19.44854], "size": [1.31456, 1.18605, 2.6897], "inflate": -0.5, "pivot": [1.47199, 14.38178, -17.3232], "rotation": [90, -45, -90], "uv": [59, 17]}
					]
				},
				{
					"name": "bone22",
					"parent": "scar_megalodon",
					"pivot": [2.27514, 15.12479, -7.36],
					"cubes": [
						{"origin": [0.93996, 9.68883, -0.78684], "size": [2.62007, 6.68915, 1.81805], "inflate": -0.5, "uv": [0, 10]},
						{"origin": [0.8424, 15.90531, -0.66315], "size": [2.8152, 1.32329, 2.30585], "inflate": -0.5, "pivot": [3.06003, 16.14005, 1.01901], "rotation": [25, 0, 0], "uv": [54, 8]},
						{"origin": [0.8424, 19.45695, -4.85901], "size": [2.8152, 2.00622, 1.4278], "inflate": -0.5, "pivot": [8.02376, 2.6169, -16.17344], "rotation": [-17.5, 0, 0], "uv": [59, 13]},
						{"origin": [0.8424, 16.9617, -4.19359], "size": [2.8152, 2.59159, 1.62293], "inflate": -0.5, "pivot": [8.02376, -0.07545, -15.29532], "rotation": [-12.5, 0, 0], "uv": [59, 4]},
						{"origin": [0.93996, 14.17664, -9.46977], "size": [2.62007, 2.2989, 6.40341], "inflate": -0.5, "uv": [20, 0]},
						{"origin": [0.93996, 14.2742, -9.37221], "size": [2.62007, 1.8111, 6.89122], "inflate": -0.5, "uv": [20, 29]},
						{"origin": [0.94205, 13.90359, -9.57906], "size": [2.62007, 1.42085, 7.67171], "inflate": -0.5, "uv": [56, 94]},
						{"origin": [0.94205, 13.90359, -9.57906], "size": [2.62007, 1.8111, 7.37902], "inflate": -0.5, "uv": [28, 90]},
						{"origin": [0.93996, 13.85373, -9.68639], "size": [2.62007, 1.42085, 7.67171], "inflate": -0.5, "uv": [0, 10]},
						{"origin": [0.99382, 12.9519, -9.46687], "size": [2.32739, 2.59159, 7.4522], "inflate": -0.5, "uv": [0, 28]},
						{"origin": [1.03961, 12.90727, -9.299], "size": [2.32739, 2.2989, 7.4522], "inflate": -0.5, "uv": [0, 19]},
						{"origin": [1.01121, 10.92135, -0.93535], "size": [2.45807, 4.73487, 1.19966], "inflate": -0.5, "uv": [28, 38]},
						{"origin": [1.01121, 10.65863, -0.82441], "size": [2.45807, 4.73487, 1.19966], "inflate": -0.5, "pivot": [2, 11, -0.5], "rotation": [37.5, 0, 0], "uv": [28, 38]}
					]
				},
				{
					"name": "bone23",
					"parent": "scar_megalodon",
					"pivot": [2.27514, 10.93348, -7.36],
					"rotation": [0, 0, -180],
					"cubes": [
						{"origin": [0.89269, 4.99736, -0.78684], "size": [2.8152, 7.4696, 1.81805], "inflate": -0.5, "uv": [0, 0]},
						{"origin": [1.7, 4.97169, 0.19158], "size": [1.3, 7.4696, 2.3], "inflate": -0.5, "pivot": [2.5, 5, 1], "rotation": [7.5, 0, 0], "uv": [0, 119], "mirror": true},
						{"origin": [1.7, 6.59925, -22.8], "size": [1.3, 3.4696, 2.3], "inflate": -0.5, "pivot": [2.5, 8, -22], "rotation": [-65, 0, 0], "uv": [7, 123], "mirror": true},
						{"origin": [1.7, 6.5992, -23], "size": [1.3, 3.4696, 1.3], "inflate": -0.5, "pivot": [2.5, 8, -22], "rotation": [-65, 0, 0], "uv": [0, 123], "mirror": true},
						{"origin": [1.7, 7.66027, -22.5], "size": [1.3, 3.4696, 1.3], "inflate": -0.5, "pivot": [2.5, 10, -23], "rotation": [-40, 0, 0], "uv": [0, 123], "mirror": true},
						{"origin": [1.7, 6.56604, -23.3], "size": [1.3, 3.4696, 1.3], "inflate": -0.5, "pivot": [2.5, 9, -23], "rotation": [-47.5, 0, 0], "uv": [0, 123], "mirror": true},
						{"origin": [1.6111, -3.03594, -16.25791], "size": [1.3, 7.4696, 2.3], "inflate": -0.5, "pivot": [2.5, 4, -15], "rotation": [45, 0, 0], "uv": [0, 120], "mirror": true},
						{"origin": [1.6, 0.8, -20], "size": [1.5, 3.8, 3.3], "inflate": -0.5, "pivot": [2.5, 3, -19], "rotation": [60, 0, 0], "uv": [0, 101], "mirror": true},
						{"origin": [1.7, 1.25696, -19], "size": [1.3, 3.4696, 2.3], "inflate": -0.5, "pivot": [2.5, 2, -18], "rotation": [54.8, 0, 0], "uv": [0, 123], "mirror": true},
						{"origin": [1.61112, -3.03594, -14.25791], "size": [1.3, 7.4696, 2.3], "inflate": -0.5, "pivot": [2.5, 4, -15], "rotation": [30, 0, 0], "uv": [0, 120], "mirror": true},
						{"origin": [1.6111, -0.03594, -15.25791], "size": [1.3, 4.4696, 2.3], "inflate": -0.5, "pivot": [2.5, 4, -15], "rotation": [30, 0, 0], "uv": [0, 120], "mirror": true},
						{"origin": [1.7, 8.1, -23.25791], "size": [1.3, 2.4696, 1.3], "inflate": -0.5, "pivot": [2.5, 4, -15], "rotation": [30, 0, 0], "uv": [0, 120], "mirror": true},
						{"origin": [1.7, 7.7, -22.5], "size": [1.3, 2.4696, 1.3], "inflate": -0.5, "pivot": [2.5, 4, -15], "rotation": [30, 0, 0], "uv": [0, 120], "mirror": true},
						{"origin": [1.7, 7.3, -21.8], "size": [1.3, 2.4696, 1.3], "inflate": -0.5, "pivot": [2.5, 4, -15], "rotation": [30, 0, 0], "uv": [0, 120], "mirror": true},
						{"origin": [1.7, 6.3, -21], "size": [1.3, 2.4696, 1.3], "inflate": -0.5, "pivot": [2.5, 4, -15], "rotation": [30, 0, 0], "uv": [0, 120], "mirror": true},
						{"origin": [1.7, 3.3, -21.5], "size": [1.3, 2.4696, 1.3], "inflate": -0.5, "pivot": [2.5, 5, -21], "rotation": [-7.5, 0, 0], "uv": [0, 120], "mirror": true},
						{"origin": [1.7, 3.7, -21.7], "size": [1.3, 2.4696, 1.3], "inflate": -0.5, "pivot": [2.5, 5, -21], "rotation": [-7.5, 0, 0], "uv": [0, 120], "mirror": true},
						{"origin": [1.7, 3.3, 0.8], "size": [1.3, 4.4696, 1.5], "inflate": -0.5, "pivot": [2.5, 5, 1], "rotation": [27.5, 0, 0], "uv": [0, 123], "mirror": true},
						{"origin": [1.7, 2.8, 0.5], "size": [1.3, 3.4696, 1.5], "inflate": -0.5, "pivot": [2.5, 5, 1], "rotation": [42.5, 0, 0], "uv": [0, 123], "mirror": true},
						{"origin": [1.7, 3, 1.2], "size": [1.3, 4.4696, 1.5], "inflate": -0.5, "pivot": [2.5, 5, 1], "rotation": [25, 0, 0], "uv": [0, 123], "mirror": true},
						{"origin": [0.89269, 11.72907, -0.8844], "size": [2.8152, 1.32329, 2.40341], "inflate": -0.5, "pivot": [3.11032, 12.22907, 1.01901], "rotation": [25, 0, 0], "uv": [49, 33]},
						{"origin": [0.89269, 11.42897, -0.88954], "size": [2.8152, 1.42085, 1.91561], "inflate": -0.5, "uv": [46, 27]},
						{"origin": [0.89269, 5.28262, -0.79198], "size": [2.8152, 1.42085, 1.91561], "inflate": -0.5, "uv": [41, 9]},
						{"origin": [0.89269, 5.18887, -0.79198], "size": [2.8152, 1.42085, 1.91561], "inflate": -0.5, "uv": [11, 33]},
						{"origin": [0.89269, 15.26683, -4.771], "size": [2.8152, 2.00622, 1.4278], "inflate": -0.5, "pivot": [8.07406, -1.29408, -16.17344], "rotation": [-17.5, 0, 0], "uv": [59, 0]},
						{"origin": [0.89269, 12.57447, -4.08801], "size": [2.8152, 2.68915, 1.62293], "inflate": -0.5, "pivot": [8.07406, -3.98643, -15.29532], "rotation": [-12.5, 0, 0], "uv": [5, 58]}
					]
				},
				{
					"name": "bone24",
					"parent": "scar_megalodon",
					"pivot": [2.17218, 14.94685, -29.785],
					"cubes": [
						{"origin": [1.6703, 14.06945, -32.20645], "size": [1.17614, 1.14865, 11.3151], "inflate": -0.5, "uv": [39, 85]},
						{"origin": [1.6703, 14.06945, -32.20645], "size": [1.17614, 1.14865, 11.3151], "inflate": -0.5, "uv": [78, 84]},
						{"origin": [1.83581, 14.1297, -32.20645], "size": [1.17614, 1.14865, 11.3151], "inflate": -0.5, "pivot": [2.51195, 14.6297, -34.1806], "rotation": [0, 0, -20], "uv": [83, 37]},
						{"origin": [1.83581, 14.1297, -32.20645], "size": [1.17614, 1.14865, 11.3151], "inflate": -0.5, "pivot": [2.51195, 14.6297, -34.1806], "rotation": [0, 0, -20], "uv": [83, 25]},
						{"origin": [1.545, 14.9287, -32.20645], "size": [1.17614, 1.14865, 11.3151], "inflate": -0.5, "pivot": [2.22114, 15.4287, -34.1806], "rotation": [0, 0, -20], "uv": [82, 72]},
						{"origin": [1.545, 14.9287, -32.20645], "size": [1.17614, 1.14865, 11.3151], "inflate": -0.5, "pivot": [2.22114, 15.4287, -34.1806], "rotation": [0, 0, -20], "uv": [82, 60]},
						{"origin": [1.97074, 14.24292, -32.20645], "size": [1.17614, 1.14865, 11.3151], "inflate": -0.5, "pivot": [2.64688, 14.74292, -34.1806], "rotation": [0, 0, -40], "uv": [65, 82]},
						{"origin": [1.97074, 14.24292, -32.20645], "size": [1.17614, 1.14865, 11.3151], "inflate": -0.5, "pivot": [2.64688, 14.74292, -34.1806], "rotation": [0, 0, -40], "uv": [81, 13]},
						{"origin": [1.42419, 14.89427, -32.20645], "size": [1.17614, 1.14865, 11.3151], "inflate": -0.5, "pivot": [2.10033, 15.39427, -34.1806], "rotation": [0, 0, -40], "uv": [52, 81]},
						{"origin": [1.42419, 14.89427, -32.20645], "size": [1.17614, 1.14865, 11.3151], "inflate": -0.5, "pivot": [2.10033, 15.39427, -34.1806], "rotation": [0, 0, -40], "uv": [80, 1]},
						{"origin": [2.05881, 14.39546, -32.20645], "size": [1.17614, 1.14865, 11.3151], "inflate": -0.5, "pivot": [2.73495, 14.89546, -34.1806], "rotation": [0, 0, -60], "uv": [0, 78]},
						{"origin": [2.05881, 14.39546, -32.20645], "size": [1.17614, 1.14865, 11.3151], "inflate": -0.5, "pivot": [2.73495, 14.89546, -34.1806], "rotation": [0, 0, -60], "uv": [26, 77]},
						{"origin": [1.32245, 14.8206, -32.20645], "size": [1.17614, 1.14865, 11.3151], "inflate": -0.5, "pivot": [1.99858, 15.3206, -34.1806], "rotation": [0, 0, -60], "uv": [13, 76]},
						{"origin": [1.32245, 14.8206, -32.20645], "size": [1.17614, 1.14865, 11.3151], "inflate": -0.5, "pivot": [1.99858, 15.3206, -34.1806], "rotation": [0, 0, -60], "uv": [39, 73]},
						{"origin": [2.0894, 14.56892, -32.20645], "size": [1.17614, 1.14865, 11.3151], "inflate": -0.5, "pivot": [2.76554, 15.06892, -34.1806], "rotation": [0, 0, -80], "uv": [70, 48]},
						{"origin": [2.0894, 14.56892, -32.20645], "size": [1.17614, 1.14865, 11.3151], "inflate": -0.5, "pivot": [2.76554, 15.06892, -34.1806], "rotation": [0, 0, -80], "uv": [70, 36]},
						{"origin": [1.25203, 14.71657, -32.20645], "size": [1.17614, 1.14865, 11.3151], "inflate": -0.5, "pivot": [1.92817, 15.21657, -34.1806], "rotation": [0, 0, -80], "uv": [69, 70]},
						{"origin": [1.25203, 14.71657, -32.20645], "size": [1.17614, 1.14865, 11.3151], "inflate": -0.5, "pivot": [1.92817, 15.21657, -34.1806], "rotation": [0, 0, -80], "uv": [56, 69]},
						{"origin": [1.94301, 14.54311, -32.20645], "size": [1.17614, 1.14865, 11.3151], "inflate": -0.5, "pivot": [2.61915, 15.04311, -34.1806], "rotation": [0, 0, 80], "uv": [68, 24]},
						{"origin": [1.94301, 14.54311, -32.20645], "size": [1.17614, 1.14865, 11.3151], "inflate": -0.5, "pivot": [2.61915, 15.04311, -34.1806], "rotation": [0, 0, 80], "uv": [67, 12]},
						{"origin": [1.10564, 14.39546, -32.20645], "size": [1.17614, 1.14865, 11.3151], "inflate": -0.5, "pivot": [1.78178, 14.89546, -34.1806], "rotation": [0, 0, 80], "uv": [67, 0]},
						{"origin": [1.10564, 14.39546, -32.20645], "size": [1.17614, 1.14865, 11.3151], "inflate": -0.5, "pivot": [1.78178, 14.89546, -34.1806], "rotation": [0, 0, 80], "uv": [0, 66]},
						{"origin": [1.19371, 14.24292, -32.20645], "size": [1.17614, 1.14865, 11.3151], "inflate": -0.5, "pivot": [1.86985, 14.74292, -34.1806], "rotation": [0, 0, 60], "uv": [26, 65]},
						{"origin": [1.19371, 14.24292, -32.20645], "size": [1.17614, 1.14865, 11.3151], "inflate": -0.5, "pivot": [1.86985, 14.74292, -34.1806], "rotation": [0, 0, 60], "uv": [13, 64]},
						{"origin": [1.93008, 14.66806, -32.20645], "size": [1.17614, 1.14865, 11.3151], "inflate": -0.5, "pivot": [2.60622, 15.16806, -34.1806], "rotation": [0, 0, 60], "uv": [43, 61]},
						{"origin": [1.93008, 14.66806, -32.20645], "size": [1.17614, 1.14865, 11.3151], "inflate": -0.5, "pivot": [2.60622, 15.16806, -34.1806], "rotation": [0, 0, 60], "uv": [57, 45]},
						{"origin": [1.32864, 14.1297, -32.20645], "size": [1.17614, 1.14865, 11.3151], "inflate": -0.5, "pivot": [2.00478, 14.6297, -34.1806], "rotation": [0, 0, 40], "uv": [57, 57]},
						{"origin": [1.32864, 14.1297, -32.20645], "size": [1.17614, 1.14865, 11.3151], "inflate": -0.5, "pivot": [2.00478, 14.6297, -34.1806], "rotation": [0, 0, 40], "uv": [55, 33]},
						{"origin": [1.87519, 14.78105, -32.20645], "size": [1.17614, 1.14865, 11.3151], "inflate": -0.5, "pivot": [2.55133, 15.28105, -34.1806], "rotation": [0, 0, 40], "uv": [54, 13]},
						{"origin": [1.87519, 14.78105, -32.20645], "size": [1.17614, 1.14865, 11.3151], "inflate": -0.5, "pivot": [2.55133, 15.28105, -34.1806], "rotation": [0, 0, 40], "uv": [54, 1]},
						{"origin": [1.49416, 14.06945, -32.20645], "size": [1.17614, 1.14865, 11.3151], "inflate": -0.5, "pivot": [2.1703, 14.56945, -34.1806], "rotation": [0, 0, 20], "uv": [0, 54]},
						{"origin": [1.49416, 14.06945, -32.20645], "size": [1.17614, 1.14865, 11.3151], "inflate": -0.5, "pivot": [2.1703, 14.56945, -34.1806], "rotation": [0, 0, 20], "uv": [30, 53]},
						{"origin": [1.78497, 14.86846, -32.20645], "size": [1.17614, 1.14865, 11.3151], "inflate": -0.5, "pivot": [2.46111, 15.36846, -34.1806], "rotation": [0, 0, 20], "uv": [17, 52]},
						{"origin": [1.78497, 14.86846, -32.20645], "size": [1.17614, 1.14865, 11.3151], "inflate": -0.5, "pivot": [2.46111, 15.36846, -34.1806], "rotation": [0, 0, 20], "uv": [44, 49]},
						{"origin": [1.6703, 14.91974, -32.20645], "size": [1.17614, 1.14865, 11.3151], "inflate": -0.5, "uv": [42, 37]},
						{"origin": [1.6703, 14.91974, -32.20645], "size": [1.17614, 1.14865, 11.3151], "inflate": -0.5, "uv": [41, 0]}
					]
				},
				{
					"name": "bone25",
					"parent": "scar_megalodon",
					"pivot": [1.58681, 18.0688, -31.15085],
					"cubes": [
						{"origin": [1.66767, 15.36131, -28.37761], "size": [1.18014, 1.93252, 3.10076], "inflate": -0.5, "uv": [0, 70]},
						{"origin": [1.83695, 15.42292, -28.37761], "size": [1.18014, 1.93252, 3.10076], "inflate": -0.5, "pivot": [2.51709, 15.92292, -33.86785], "rotation": [0, 0, -20], "uv": [26, 69]},
						{"origin": [1.53953, 16.24009, -28.37761], "size": [1.18014, 1.15203, 3.10076], "inflate": -0.5, "pivot": [2.21967, 16.74009, -33.86785], "rotation": [0, 0, -20], "uv": [67, 17]},
						{"origin": [1.97495, 15.53872, -28.37761], "size": [1.18014, 1.93252, 3.10076], "inflate": -0.5, "pivot": [2.65509, 16.03872, -33.86785], "rotation": [0, 0, -40], "uv": [67, 13]},
						{"origin": [1.41597, 16.20488, -28.37761], "size": [1.18014, 1.15203, 3.10076], "inflate": -0.5, "pivot": [2.09611, 16.70488, -33.86785], "rotation": [0, 0, -40], "uv": [67, 4]},
						{"origin": [2.06502, 15.69473, -28.37761], "size": [1.18014, 1.93252, 3.10076], "inflate": -0.5, "pivot": [2.74516, 16.19473, -33.86785], "rotation": [0, 0, -60], "uv": [67, 0]},
						{"origin": [1.31191, 16.12953, -28.37761], "size": [1.18014, 1.15203, 3.10076], "inflate": -0.5, "pivot": [1.99206, 16.62953, -33.86785], "rotation": [0, 0, -60], "uv": [13, 66]},
						{"origin": [2.0963, 15.87213, -28.37761], "size": [1.18014, 1.93252, 3.10076], "inflate": -0.5, "pivot": [2.77644, 16.37213, -33.86785], "rotation": [0, 0, -80], "uv": [0, 66]},
						{"origin": [1.2399, 16.02314, -28.37761], "size": [1.18014, 1.15203, 3.10076], "inflate": -0.5, "pivot": [1.92004, 16.52314, -33.86785], "rotation": [0, 0, -80], "uv": [26, 65]},
						{"origin": [1.94658, 15.06524, -28.37761], "size": [1.18014, 1.93252, 3.10076], "inflate": -0.5, "pivot": [2.62672, 16.34573, -33.86785], "rotation": [0, 0, 80], "uv": [63, 25]},
						{"origin": [1.09018, 15.69473, -28.37761], "size": [1.18014, 1.15203, 3.10076], "inflate": -0.5, "pivot": [1.77032, 16.19473, -33.86785], "rotation": [0, 0, 80], "uv": [0, 58]},
						{"origin": [1.18025, 15.53872, -28.37761], "size": [1.18014, 2.03008, 3.10076], "inflate": -0.5, "pivot": [1.8604, 16.03872, -33.86785], "rotation": [0, 0, 60], "uv": [29, 8]},
						{"origin": [1.93336, 15.97352, -28.37761], "size": [1.18014, 1.15203, 3.10076], "inflate": -0.5, "pivot": [2.6135, 16.47352, -33.86785], "rotation": [0, 0, 60], "uv": [57, 49]},
						{"origin": [1.31825, 15.42292, -28.37761], "size": [1.18014, 1.93252, 3.10076], "inflate": -0.5, "pivot": [1.99839, 15.92292, -33.86785], "rotation": [0, 0, 40], "uv": [30, 56]},
						{"origin": [1.87722, 16.08908, -28.37761], "size": [1.18014, 1.15203, 3.10076], "inflate": -0.5, "pivot": [2.55737, 16.58908, -33.86785], "rotation": [0, 0, 40], "uv": [55, 38]},
						{"origin": [1.48753, 15.36131, -28.37761], "size": [1.18014, 1.93252, 3.10076], "inflate": -0.5, "pivot": [2.16767, 15.86131, -33.86785], "rotation": [0, 0, 20], "uv": [55, 34]},
						{"origin": [1.78495, 16.17848, -28.37761], "size": [1.18014, 1.15203, 3.10076], "inflate": -0.5, "pivot": [2.46509, 16.67848, -33.86785], "rotation": [0, 0, 20], "uv": [54, 18]},
						{"origin": [1.66767, 16.23092, -28.37761], "size": [1.18014, 1.15203, 3.10076], "inflate": -0.5, "uv": [54, 13]}
					]
				},
				{
					"name": "bone26",
					"parent": "scar_megalodon",
					"pivot": [1.84825, 17.52612, -31.15085],
					"cubes": [
						{"origin": [1.72464, 15.59566, -28.56104], "size": [1.11673, 1.60427, 1.39254], "inflate": -0.5, "uv": [89, 32]},
						{"origin": [1.83433, 15.63559, -28.56104], "size": [1.11673, 1.60427, 1.39254], "inflate": -0.5, "pivot": [2.45107, 16.13559, -32.91147], "rotation": [0, 0, -20], "uv": [89, 28]},
						{"origin": [1.6416, 16.16511, -28.56104], "size": [1.11673, 1.09851, 1.39254], "inflate": -0.5, "pivot": [2.25834, 16.66511, -32.91147], "rotation": [0, 0, -20], "uv": [88, 76]},
						{"origin": [1.92376, 15.71062, -28.56104], "size": [1.11673, 1.60427, 1.39254], "inflate": -0.5, "pivot": [2.54049, 16.21062, -32.91147], "rotation": [0, 0, -40], "uv": [88, 64]},
						{"origin": [1.56154, 16.1423, -28.56104], "size": [1.11673, 1.09851, 1.39254], "inflate": -0.5, "pivot": [2.17827, 16.6423, -32.91147], "rotation": [0, 0, -40], "uv": [88, 30]},
						{"origin": [1.98212, 15.81172, -28.56104], "size": [1.11673, 1.60427, 1.39254], "inflate": -0.5, "pivot": [2.59885, 16.31172, -32.91147], "rotation": [0, 0, -60], "uv": [26, 85]},
						{"origin": [1.49411, 16.09347, -28.56104], "size": [1.11673, 1.09851, 1.39254], "inflate": -0.5, "pivot": [2.11084, 16.59347, -32.91147], "rotation": [0, 0, -60], "uv": [20, 85]},
						{"origin": [2.00239, 15.92668, -28.56104], "size": [1.11673, 1.60427, 1.39254], "inflate": -0.5, "pivot": [2.61912, 16.42668, -32.91147], "rotation": [0, 0, -80], "uv": [46, 82]},
						{"origin": [1.44745, 16.02453, -28.56104], "size": [1.11673, 1.09851, 1.39254], "inflate": -0.5, "pivot": [2.06418, 16.52453, -32.91147], "rotation": [0, 0, -80], "uv": [63, 78]},
						{"origin": [1.90538, 15.40381, -28.56104], "size": [1.11673, 1.60427, 1.39254], "inflate": -0.5, "pivot": [2.52211, 16.40957, -32.91147], "rotation": [0, 0, 80], "uv": [77, 63]},
						{"origin": [1.35043, 15.81172, -28.56104], "size": [1.11673, 1.09851, 1.39254], "inflate": -0.5, "pivot": [1.96716, 16.31172, -32.91147], "rotation": [0, 0, 80], "uv": [76, 42]},
						{"origin": [1.4088, 15.71062, -28.56104], "size": [1.11673, 1.66749, 1.39254], "inflate": -0.5, "pivot": [2.02553, 16.21062, -32.91147], "rotation": [0, 0, 60], "uv": [74, 57]},
						{"origin": [1.89681, 15.99238, -28.56104], "size": [1.11673, 1.09851, 1.39254], "inflate": -0.5, "pivot": [2.51354, 16.49238, -32.91147], "rotation": [0, 0, 60], "uv": [74, 45]},
						{"origin": [1.49822, 15.63559, -28.56104], "size": [1.11673, 1.60427, 1.39254], "inflate": -0.5, "pivot": [2.11495, 16.13559, -32.91147], "rotation": [0, 0, 40], "uv": [26, 73]},
						{"origin": [1.86043, 16.06726, -28.56104], "size": [1.11673, 1.09851, 1.39254], "inflate": -0.5, "pivot": [2.47716, 16.56726, -32.91147], "rotation": [0, 0, 40], "uv": [20, 73]},
						{"origin": [1.60791, 15.59566, -28.56104], "size": [1.11673, 1.60427, 1.39254], "inflate": -0.5, "pivot": [2.22464, 16.09566, -32.91147], "rotation": [0, 0, 20], "uv": [72, 42]},
						{"origin": [1.80064, 16.12519, -28.56104], "size": [1.11673, 1.09851, 1.39254], "inflate": -0.5, "pivot": [2.41737, 16.62519, -32.91147], "rotation": [0, 0, 20], "uv": [70, 57]},
						{"origin": [1.72464, 16.15917, -28.56104], "size": [1.11673, 1.09851, 1.39254], "inflate": -0.5, "uv": [70, 45]}
					]
				},
				{
					"name": "bone27",
					"parent": "scar_megalodon",
					"pivot": [2.72629, 13.22581, -34.17524],
					"cubes": [
						{"origin": [1.64116, 13.94875, -33.0702], "size": [1.22017, 1.18581, 3.57193], "inflate": -0.5, "uv": [54, 4]},
						{"origin": [1.84806, 14.02406, -33.0702], "size": [1.22017, 1.18581, 3.57193], "inflate": -0.5, "pivot": [2.56823, 14.52406, -41.44824], "rotation": [0, 0, -20], "uv": [54, 0]},
						{"origin": [1.48454, 15.02281, -33.0702], "size": [1.22017, 1.18581, 3.57193], "inflate": -0.5, "pivot": [2.20471, 15.52281, -41.44824], "rotation": [0, 0, -20], "uv": [0, 54]},
						{"origin": [2.01672, 14.16558, -35.11898], "size": [1.22017, 1.18581, 5.62071], "inflate": -0.5, "pivot": [2.73689, 14.66558, -41.44824], "rotation": [0, 0, -40], "uv": [52, 73]},
						{"origin": [1.33353, 14.97978, -35.11898], "size": [1.22017, 1.18581, 5.62071], "inflate": -0.5, "pivot": [2.0537, 15.47978, -41.44824], "rotation": [0, 0, -40], "uv": [68, 36]},
						{"origin": [2.12681, 14.35626, -35.11898], "size": [1.22017, 1.18581, 5.62071], "inflate": -0.5, "pivot": [2.84698, 14.85626, -41.44824], "rotation": [0, 0, -60], "uv": [67, 26]},
						{"origin": [1.20635, 14.88768, -35.11898], "size": [1.22017, 1.18581, 5.62071], "inflate": -0.5, "pivot": [1.92652, 15.38768, -41.44824], "rotation": [0, 0, -60], "uv": [56, 61]},
						{"origin": [2.16504, 14.57309, -33.0702], "size": [1.22017, 1.18581, 3.57193], "inflate": -0.5, "pivot": [2.88521, 15.07309, -41.44824], "rotation": [0, 0, -80], "uv": [30, 52]},
						{"origin": [1.11833, 14.75765, -33.0702], "size": [1.22017, 1.18581, 3.57193], "inflate": -0.5, "pivot": [1.8385, 15.25765, -41.44824], "rotation": [0, 0, -80], "uv": [49, 12]},
						{"origin": [1.98205, 14.54082, -33.0702], "size": [1.22017, 1.18581, 3.57193], "inflate": -0.5, "pivot": [2.70222, 15.04082, -41.44824], "rotation": [0, 0, 80], "uv": [15, 48]},
						{"origin": [0.93534, 14.35626, -33.0702], "size": [1.22017, 1.18581, 3.57193], "inflate": -0.5, "pivot": [1.65552, 14.85626, -41.44824], "rotation": [0, 0, 80], "uv": [43, 43]},
						{"origin": [1.04543, 14.16558, -35.11898], "size": [1.22017, 1.18581, 5.62071], "inflate": -0.5, "pivot": [1.7656, 14.66558, -41.44824], "rotation": [0, 0, 60], "uv": [43, 52]},
						{"origin": [1.96589, 14.69701, -35.11898], "size": [1.22017, 1.18581, 5.62071], "inflate": -0.5, "pivot": [2.68606, 15.19701, -41.44824], "rotation": [0, 0, 60], "uv": [0, 45]},
						{"origin": [1.21409, 14.02406, -35.11898], "size": [1.22017, 1.18581, 5.62071], "inflate": -0.5, "pivot": [1.93427, 14.52406, -41.44824], "rotation": [0, 0, 40], "uv": [39, 24]},
						{"origin": [1.89728, 14.83825, -35.11898], "size": [1.22017, 1.18581, 5.62071], "inflate": -0.5, "pivot": [2.61746, 15.33825, -41.44824], "rotation": [0, 0, 40], "uv": [39, 18]},
						{"origin": [1.42099, 13.94875, -33.0702], "size": [1.22017, 1.18581, 3.57193], "inflate": -0.5, "pivot": [2.14116, 14.44875, -41.44824], "rotation": [0, 0, 20], "uv": [28, 43]},
						{"origin": [1.78451, 14.94751, -33.0702], "size": [1.22017, 1.18581, 3.57193], "inflate": -0.5, "pivot": [2.50468, 15.44751, -41.44824], "rotation": [0, 0, 20], "uv": [29, 23]},
						{"origin": [1.64116, 15.01161, -33.0702], "size": [1.22017, 1.18581, 3.57193], "inflate": -0.5, "uv": [29, 19]}
					]
				},
				{
					"name": "bone28",
					"parent": "scar_megalodon",
					"pivot": [2.26974, 15.04441, -26.285],
					"cubes": [
						{"origin": [1.52119, 14.99329, -28.4], "size": [1.49805, 1.49756, 2.85], "inflate": -0.5, "uv": [57, 53]},
						{"origin": [1.52119, 14.00405, -28.4], "size": [1.49805, 1.21284, 2.85], "inflate": -0.5, "uv": [57, 57]},
						{"origin": [0.6311, 14.6249, -28.4], "size": [1.49805, 1.21284, 2.85], "inflate": -0.5, "pivot": [2.26974, 13.84631, -29.48348], "rotation": [0, 0, 45], "uv": [35, 56]},
						{"origin": [2.41099, 14.62427, -28.4], "size": [1.49805, 1.21284, 2.85], "inflate": -0.5, "pivot": [2.26974, 13.84631, -29.48348], "rotation": [0, 0, -45], "uv": [55, 45]},
						{"origin": [2.15887, 14.35555, -28.4], "size": [1.21284, 1.49805, 2.85], "inflate": -0.5, "uv": [22, 54]},
						{"origin": [1.26892, 13.98756, -28.4], "size": [1.21284, 1.49805, 2.85], "inflate": -0.5, "pivot": [2.26974, 13.84631, -29.48348], "rotation": [0, 0, 45], "uv": [5, 54]},
						{"origin": [1.16681, 14.35555, -28.4], "size": [1.21284, 1.49805, 2.85], "inflate": -0.5, "uv": [35, 52]},
						{"origin": [2.05701, 13.98826, -28.4], "size": [1.21284, 1.49805, 2.85], "inflate": -0.5, "pivot": [2.26974, 13.84631, -29.48348], "rotation": [0, 0, -45], "uv": [46, 24]}
					]
				},
				{
					"name": "bone29",
					"parent": "scar_megalodon",
					"pivot": [2.20724, 15.07565, -29.09925],
					"cubes": [
						{"origin": [1.45879, 15.02392, -30.53089], "size": [1.57774, 1.24685, 1.4], "inflate": -0.5, "uv": [68, 42]},
						{"origin": [1.45879, 19.24854, -27.4921], "size": [1.57774, 1.24685, 1.4], "inflate": -0.5, "pivot": [7.97736, 2.18342, -9.0241], "rotation": [12.5, 0, 0], "uv": [68, 29]},
						{"origin": [1.45879, 13.87639, -30.53089], "size": [1.57774, 1.2469, 1.4], "inflate": -0.5, "uv": [67, 21]},
						{"origin": [1.45879, 10.46314, -34.90074], "size": [1.57774, 1.2469, 1.4], "inflate": -0.5, "pivot": [7.97736, -5.45445, -16.43274], "rotation": [-12.5, 0, 0], "uv": [21, 61]},
						{"origin": [0.42628, 14.59658, -30.53089], "size": [1.57774, 1.2469, 1.4], "inflate": -0.5, "pivot": [2.2471, 13.61342, -31.86773], "rotation": [0, 0, 45], "uv": [17, 61]},
						{"origin": [0.11294, 14.28324, -30.50341], "size": [1.57774, 1.2469, 1.4], "inflate": -0.5, "pivot": [1.93376, 13.30008, -31.84025], "rotation": [12.5, 0, 45], "uv": [59, 45]},
						{"origin": [2.49095, 14.59585, -30.53089], "size": [1.57774, 1.2469, 1.4], "inflate": -0.5, "pivot": [2.2471, 13.61342, -31.86773], "rotation": [0, 0, -45], "uv": [51, 58]},
						{"origin": [2.80431, 14.28249, -30.50357], "size": [1.57774, 1.2469, 1.4], "inflate": -0.5, "pivot": [2.56046, 13.30006, -31.84041], "rotation": [12.5, 0, -45], "uv": [47, 58]},
						{"origin": [2.19849, 14.28414, -30.53089], "size": [1.2469, 1.57774, 1.4], "inflate": -0.5, "uv": [43, 58]},
						{"origin": [5.82656, 14.28414, -31.82302], "size": [1.2469, 1.57774, 1.4], "inflate": -0.5, "pivot": [8.83243, -2.0412, -13.91311], "rotation": [0, 12.5, 0], "uv": [22, 57]},
						{"origin": [1.16615, 13.85727, -30.53089], "size": [1.2469, 1.57774, 1.4], "inflate": -0.5, "pivot": [2.2471, 13.61342, -31.86773], "rotation": [0, 0, 45], "uv": [55, 42]},
						{"origin": [1.42437, 14.46238, -30.81578], "size": [1.2469, 1.57774, 1.4], "inflate": -0.5, "pivot": [1.89916, 14.83941, -32.28701], "rotation": [0, 12.5, 45], "uv": [54, 22]},
						{"origin": [1.0477, 14.28414, -30.53089], "size": [1.2469, 1.57774, 1.4], "inflate": -0.5, "uv": [32, 48]},
						{"origin": [-2.90712, 14.28414, -29.95569], "size": [1.2469, 1.57774, 1.4], "inflate": -0.5, "pivot": [4.02254, -2.0412, -11.48769], "rotation": [0, -12.5, 0], "uv": [28, 48]},
						{"origin": [2.08034, 13.85807, -30.53089], "size": [1.2469, 1.57774, 1.4], "inflate": -0.5, "pivot": [2.2471, 13.61342, -31.86773], "rotation": [0, 0, -45], "uv": [24, 48]},
						{"origin": [2.42827, 14.20599, -30.94999], "size": [1.2469, 1.57774, 1.4], "inflate": -0.5, "pivot": [2.59503, 13.96134, -32.28683], "rotation": [0, -12.5, -45], "uv": [47, 33]}
					]
				},
				{
					"name": "bola",
					"parent": "scar_megalodon",
					"pivot": [2, 15.5, -11.2],
					"cubes": [
						{"origin": [0.87559, 14.33216, -12.56342], "size": [2.5, 2.5, 2.5], "inflate": -0.7, "pivot": [2.21437, 15.5122, -11.36057], "rotation": [-2.5, 47.5, -90], "uv": [0, 117]}
					]
				},
				{
					"name": "bola1",
					"parent": "scar_megalodon",
					"pivot": [2, 14, -1.2],
					"cubes": [
						{"origin": [0.60576, 13.3, -2.8], "size": [2.5, 2.5, 2.5], "inflate": -0.7, "pivot": [2.21437, 14.5122, -1.36057], "rotation": [-2.5, 42.5, -90], "uv": [0, 117]}
					]
				}
			]
		}
	]
}