{
	"format_version": "1.12.0",
	"minecraft:geometry": [
		{
			"description": {
				"identifier": "geometry.ump_booyah",
				"texture_width": 64,
				"texture_height": 64,
				"visible_bounds_width": 7,
				"visible_bounds_height": 5,
				"visible_bounds_offset": [0, 0.5, 0]
			},
			"bones": [
				{
					"name": "root",
					"pivot": [0, 0, -3]
				},
				{
					"name": "waist",
					"parent": "root",
					"pivot": [0, 12, -3]
				},
				{
					"name": "body",
					"parent": "waist",
					"pivot": [0, 24, -3]
				},
				{
					"name": "rightArm",
					"parent": "body",
					"pivot": [-5, 22, -3]
				},
				{
					"name": "gun",
					"parent": "rightArm",
					"pivot": [-5.75, 13.2, -2.9],
					"rotation": [90, 0, 0]
				},
				{
					"name": "ump_booyah",
					"parent": "gun",
					"pivot": [1, 0, -3]
				},
				{
					"name": "bone",
					"parent": "ump_booyah",
					"pivot": [-5.84756, 13, -1.71944],
					"rotation": [25, 0, 0],
					"cubes": [
						{"origin": [-6.26731, 10.16125, -1.28307], "size": [1.34, 5.98244, 1.53512], "inflate": -0.5, "pivot": [-5.61032, 13, -0.77095], "rotation": [0, 20, 0], "uv": [38, 52]},
						{"origin": [-6.13238, 10.16125, -1.16063], "size": [1.34, 5.98244, 1.34], "inflate": -0.5, "pivot": [-5.47539, 13, -0.84364], "rotation": [0, 40, 0], "uv": [34, 52]},
						{"origin": [-6.1438, 10.16125, -2.09865], "size": [1.34, 5.98244, 2.31561], "inflate": -0.5, "pivot": [-5.48681, 13, -0.80605], "rotation": [0, 80, 0], "uv": [12, 34]},
						{"origin": [-6.11997, 10.16125, -1.36944], "size": [2.02293, 6.98244, 1.34], "inflate": -0.5, "pivot": [-5.46298, 13, -1.05245], "rotation": [0, 90, 0], "uv": [6, 34]},
						{"origin": [-7.39795, 10.16125, -1.36944], "size": [1.92537, 6.32619, 1.34], "inflate": -0.5, "pivot": [-6.74096, 13, -1.05245], "rotation": [0, 90, 0], "uv": [50, 21]},
						{"origin": [-8.1792, 14.255, -1.36944], "size": [2.70662, 2.23244, 1.34], "inflate": -0.5, "pivot": [-6.74096, 13, -1.05245], "rotation": [0, 90, 0], "uv": [30, 41]},
						{"origin": [-6.56904, 10.16125, -1.48709], "size": [1.34, 5.98244, 1.73024], "inflate": -0.5, "pivot": [-5.91205, 13, -0.77985], "rotation": [0, -20, 0], "uv": [52, 28]},
						{"origin": [-6.69946, 10.16125, -2.64077], "size": [1.34, 5.00683, 2.80341], "inflate": -0.5, "pivot": [-6.04247, 13, -0.86036], "rotation": [0, -40, 0], "uv": [0, 34]},
						{"origin": [-6.67262, 10.16125, -1.14867], "size": [1.34, 5.98244, 1.34], "inflate": -0.5, "pivot": [-6.01563, 13, -0.83168], "rotation": [0, -80, 0], "uv": [30, 51]},
						{"origin": [-6.41896, 10.16125, -2.23652], "size": [1.34, 4.61659, 2.51073], "inflate": -0.5, "uv": [14, 47]}
					]
				},
				{
					"name": "bone1",
					"parent": "ump_booyah",
					"pivot": [-5.84756, 13.19512, -1.3292],
					"rotation": [-25, 180, 0],
					"cubes": [
						{"origin": [-6.46451, 10.35637, -2.59103], "size": [1.34, 4.61659, 2.51073], "inflate": -0.5, "pivot": [-5.80752, 13.19512, -1.10331], "rotation": [0, 20, 0], "uv": [36, 46]},
						{"origin": [-6.32958, 10.35637, -1.49298], "size": [1.34, 4.81171, 1.34], "inflate": -0.5, "pivot": [-5.67259, 13.19512, -1.17599], "rotation": [0, 40, 0], "uv": [50, 52]},
						{"origin": [-6.341, 10.35637, -1.45539], "size": [1.34, 4.90927, 1.34], "inflate": -0.5, "pivot": [-5.68401, 13.19512, -1.1384], "rotation": [0, 80, 0], "uv": [52, 34]},
						{"origin": [-6.76624, 10.35637, -2.79505], "size": [1.34, 4.71415, 2.70585], "inflate": -0.5, "pivot": [-6.10925, 13.19512, -1.11221], "rotation": [0, -20, 0], "uv": [30, 45]},
						{"origin": [-6.89666, 10.35637, -1.50971], "size": [1.34, 5.00683, 1.34], "inflate": -0.5, "pivot": [-6.23967, 13.19512, -1.19272], "rotation": [0, -40, 0], "uv": [51, 0]},
						{"origin": [-6.86982, 10.35637, -1.48102], "size": [1.34, 5.10439, 1.34], "inflate": -0.5, "pivot": [-6.21283, 13.19512, -1.16403], "rotation": [0, -80, 0], "uv": [50, 46]},
						{"origin": [-6.61616, 10.35637, -1.39814], "size": [1.34, 4.61659, 1.34], "inflate": -0.5, "uv": [8, 25]}
					]
				},
				{
					"name": "bone2",
					"parent": "ump_booyah",
					"pivot": [-4.38415, 15.34146, -3.37798],
					"rotation": [180, 180, 90],
					"cubes": [
						{"origin": [-5.59754, 15.44201, -3.45623], "size": [1.374, 2.52946, 1.374], "inflate": -0.5, "pivot": [-4.92486, 16.80732, -3.15754], "rotation": [0, 20, 0], "uv": [56, 37]},
						{"origin": [-5.44912, 15.44201, -3.53618], "size": [1.76424, 2.52946, 1.374], "inflate": -0.5, "pivot": [-4.77643, 16.80732, -3.23749], "rotation": [0, 40, 0], "uv": [56, 34]},
						{"origin": [-5.92945, 15.44201, -3.46602], "size": [1.374, 2.52946, 2.15449], "inflate": -0.5, "pivot": [-5.25676, 16.80732, -3.16733], "rotation": [0, -20, 0], "uv": [8, 0]},
						{"origin": [-6.07291, 15.44201, -3.55458], "size": [2.15449, 2.52946, 1.66668], "inflate": -0.5, "pivot": [-5.40022, 16.80732, -3.25589], "rotation": [0, -40, 0], "uv": [5, 41]},
						{"origin": [-6.52655, 15.44201, -3.12056], "size": [2.15449, 2.52946, 1.66668], "inflate": -0.5, "pivot": [-5.85386, 16.80732, -2.82187], "rotation": [0, -22.5, 0], "uv": [19, 22]},
						{"origin": [-5.76436, 15.44201, -3.43186], "size": [1.374, 2.52946, 1.374], "inflate": -0.5, "uv": [56, 31]}
					]
				},
				{
					"name": "bone3",
					"parent": "ump_booyah",
					"pivot": [-7.11585, 15.34146, -4.64627],
					"rotation": [0, 180, 90],
					"cubes": [
						{"origin": [-8.32925, 15.44201, -4.72452], "size": [1.374, 2.52946, 1.374], "inflate": -0.5, "pivot": [-7.65656, 16.80732, -4.42583], "rotation": [0, 20, 0], "uv": [56, 28]},
						{"origin": [-8.18083, 15.44201, -4.80447], "size": [1.76424, 2.52946, 1.374], "inflate": -0.5, "pivot": [-7.50814, 16.80732, -4.50579], "rotation": [0, 40, 0], "uv": [56, 18]},
						{"origin": [-8.66116, 15.44201, -4.73431], "size": [1.374, 2.52946, 1.374], "inflate": -0.5, "pivot": [-7.98847, 16.80732, -4.43562], "rotation": [0, -20, 0], "uv": [56, 15]},
						{"origin": [-9.0348, 15.44201, -4.82287], "size": [1.60418, 2.52946, 1.374], "inflate": -0.5, "pivot": [-8.13193, 16.80732, -4.52418], "rotation": [0, -40, 0], "uv": [56, 12]},
						{"origin": [-8.49607, 15.44201, -4.70015], "size": [1.374, 2.52946, 1.374], "inflate": -0.5, "uv": [56, 9]}
					]
				},
				{
					"name": "bone4",
					"parent": "ump_booyah",
					"pivot": [-5.84756, 14.7561, -2.49993],
					"rotation": [-37.5, 0, 0],
					"cubes": [
						{"origin": [-6.26731, 14.16125, -1.86843], "size": [1.34, 2.86049, 1.34], "inflate": -0.5, "pivot": [-5.61032, 14.7561, -1.55144], "rotation": [0, 20, 0], "uv": [8, 56]},
						{"origin": [-6.13238, 14.16125, -1.94112], "size": [1.34, 2.86049, 1.34], "inflate": -0.5, "pivot": [-5.47539, 14.7561, -1.62413], "rotation": [0, 40, 0], "uv": [4, 56]},
						{"origin": [-6.1438, 14.16125, -1.90353], "size": [1.34, 2.86049, 1.34], "inflate": -0.5, "pivot": [-5.48681, 14.7561, -1.58654], "rotation": [0, 80, 0], "uv": [0, 56]},
						{"origin": [-6.11997, 14.16125, -2.14993], "size": [1.34, 2.86049, 1.34], "inflate": -0.5, "pivot": [-5.46298, 14.7561, -1.83294], "rotation": [0, 90, 0], "uv": [55, 0]},
						{"origin": [-7.39795, 14.16125, -2.14993], "size": [1.34, 2.86049, 1.34], "inflate": -0.5, "pivot": [-6.74096, 14.7561, -1.83294], "rotation": [0, 90, 0], "uv": [54, 53]},
						{"origin": [-6.56904, 14.16125, -1.87733], "size": [1.34, 2.86049, 1.34], "inflate": -0.5, "pivot": [-5.91205, 14.7561, -1.56034], "rotation": [0, -20, 0], "uv": [54, 50]},
						{"origin": [-6.69946, 14.16125, -1.95784], "size": [1.34, 2.86049, 1.34], "inflate": -0.5, "pivot": [-6.04247, 14.7561, -1.64085], "rotation": [0, -40, 0], "uv": [54, 47]},
						{"origin": [-6.67262, 14.16125, -1.92915], "size": [1.34, 2.86049, 1.34], "inflate": -0.5, "pivot": [-6.01563, 14.7561, -1.61216], "rotation": [0, -80, 0], "uv": [54, 25]},
						{"origin": [-6.41896, 14.16125, -1.84628], "size": [1.34, 2.86049, 1.34], "inflate": -0.5, "uv": [50, 6]}
					]
				},
				{
					"name": "bone5",
					"parent": "ump_booyah",
					"pivot": [-5.84756, 13.19512, -2.20725],
					"cubes": [
						{"origin": [-6.26731, 12.60027, -1.57575], "size": [1.34, 3.73854, 1.34], "inflate": -0.5, "pivot": [-5.61032, 13.19512, -1.25876], "rotation": [0, 20, 0], "uv": [46, 54]},
						{"origin": [-6.13238, 12.60027, -1.64843], "size": [1.34, 3.73854, 1.34], "inflate": -0.5, "pivot": [-5.47539, 13.19512, -1.33144], "rotation": [0, 40, 0], "uv": [42, 54]},
						{"origin": [-6.1438, 12.60027, -1.61085], "size": [1.34, 3.73854, 1.34], "inflate": -0.5, "pivot": [-5.48681, 13.19512, -1.29386], "rotation": [0, 80, 0], "uv": [54, 21]},
						{"origin": [-6.11997, 12.60027, -1.85725], "size": [1.34, 3.73854, 1.34], "inflate": -0.5, "pivot": [-5.46298, 13.19512, -1.54026], "rotation": [0, 90, 0], "uv": [20, 54]},
						{"origin": [-7.39795, 12.60027, -1.85725], "size": [1.34, 3.73854, 1.34], "inflate": -0.5, "pivot": [-6.74096, 13.19512, -1.54026], "rotation": [0, 90, 0], "uv": [54, 5]},
						{"origin": [-6.56904, 12.60027, -1.58465], "size": [1.34, 3.73854, 1.34], "inflate": -0.5, "pivot": [-5.91205, 13.19512, -1.26766], "rotation": [0, -20, 0], "uv": [53, 43]},
						{"origin": [-6.69946, 12.60027, -1.66516], "size": [1.34, 3.73854, 1.34], "inflate": -0.5, "pivot": [-6.04247, 13.19512, -1.34817], "rotation": [0, -40, 0], "uv": [53, 39]},
						{"origin": [-6.67262, 12.60027, -1.63647], "size": [1.34, 3.73854, 1.34], "inflate": -0.5, "pivot": [-6.01563, 13.19512, -1.31948], "rotation": [0, -80, 0], "uv": [25, 53]},
						{"origin": [-6.41896, 12.60027, -1.5536], "size": [1.34, 3.73854, 1.34], "inflate": -0.5, "uv": [16, 53]}
					]
				},
				{
					"name": "bone6",
					"parent": "ump_booyah",
					"pivot": [-5.84756, 13.97561, -2.49993],
					"rotation": [-12.5, 0, 0],
					"cubes": [
						{"origin": [-6.26731, 13.38076, -1.86843], "size": [1.34, 3.15317, 1.34], "inflate": -0.5, "pivot": [-5.61032, 13.97561, -1.55144], "rotation": [0, 20, 0], "uv": [12, 53]},
						{"origin": [-6.13238, 13.38076, -1.94112], "size": [1.34, 3.15317, 1.34], "inflate": -0.5, "pivot": [-5.47539, 13.97561, -1.62413], "rotation": [0, 40, 0], "uv": [52, 17]},
						{"origin": [-6.1438, 13.38076, -1.90353], "size": [1.34, 3.15317, 1.34], "inflate": -0.5, "pivot": [-5.48681, 13.97561, -1.58654], "rotation": [0, 80, 0], "uv": [52, 13]},
						{"origin": [-6.11997, 13.18564, -2.14993], "size": [1.92537, 3.34829, 1.34], "inflate": -0.5, "pivot": [-5.46298, 13.97561, -1.83294], "rotation": [0, 90, 0], "uv": [52, 9]},
						{"origin": [-7.39795, 13.38076, -2.14993], "size": [1.34, 3.15317, 1.34], "inflate": -0.5, "pivot": [-6.74096, 13.97561, -1.83294], "rotation": [0, 90, 0], "uv": [19, 27]},
						{"origin": [-6.56904, 13.38076, -1.87733], "size": [1.34, 3.15317, 1.34], "inflate": -0.5, "pivot": [-5.91205, 13.97561, -1.56034], "rotation": [0, -20, 0], "uv": [0, 26]},
						{"origin": [-6.69946, 13.38076, -1.95784], "size": [1.34, 3.15317, 1.34], "inflate": -0.5, "pivot": [-6.04247, 13.97561, -1.64085], "rotation": [0, -40, 0], "uv": [19, 10]},
						{"origin": [-6.67262, 13.38076, -1.92915], "size": [1.34, 3.15317, 1.34], "inflate": -0.5, "pivot": [-6.01563, 13.97561, -1.61216], "rotation": [0, -80, 0], "uv": [8, 7]},
						{"origin": [-6.41896, 13.38076, -1.84628], "size": [1.34, 3.15317, 1.34], "inflate": -0.5, "uv": [0, 7]}
					]
				},
				{
					"name": "bone7",
					"parent": "ump_booyah",
					"pivot": [-5.84756, 16.31707, -1.42676],
					"rotation": [-82.5, 0, 0],
					"cubes": [
						{"origin": [-6.26731, 15.72222, -0.79526], "size": [1.34, 6.12878, 1.34], "inflate": -0.5, "pivot": [-5.61032, 16.31707, -0.47827], "rotation": [0, 20, 0], "uv": [49, 38]},
						{"origin": [-6.13238, 15.72222, -0.86795], "size": [1.34, 6.1, 1.34], "inflate": -0.5, "pivot": [-5.47539, 16.31707, -0.55096], "rotation": [0, 40, 0], "uv": [8, 49]},
						{"origin": [-6.1438, 15.72222, -0.83036], "size": [1.34, 6.1, 1.34], "inflate": -0.5, "pivot": [-5.48681, 16.31707, -0.51337], "rotation": [0, 80, 0], "uv": [4, 49]},
						{"origin": [-6.11997, 15.72222, -1.07676], "size": [2.34, 6.1, 1.34], "inflate": -0.5, "pivot": [-5.46298, 16.31707, -0.75977], "rotation": [0, 90, 0], "uv": [33, 33]},
						{"origin": [-7.39795, 15.72222, -1.07676], "size": [2.34, 6.1, 1.34], "inflate": -0.5, "pivot": [-6.74096, 16.31707, -0.75977], "rotation": [0, 90, 0], "uv": [32, 0]},
						{"origin": [-6.56904, 15.72222, -0.80416], "size": [1.34, 6.12878, 1.34], "inflate": -0.5, "pivot": [-5.91205, 16.31707, -0.48717], "rotation": [0, -20, 0], "uv": [0, 49]},
						{"origin": [-6.69946, 15.72222, -0.88467], "size": [1.34, 6.1, 1.34], "inflate": -0.5, "pivot": [-6.04247, 16.31707, -0.56768], "rotation": [0, -40, 0], "uv": [46, 47]},
						{"origin": [-6.67262, 15.72222, -0.85598], "size": [1.34, 6.1, 1.34], "inflate": -0.5, "pivot": [-6.01563, 16.31707, -0.53899], "rotation": [0, -80, 0], "uv": [42, 47]},
						{"origin": [-6.41896, 15.72222, -0.77311], "size": [1.34, 6.12878, 1.34], "inflate": -0.5, "uv": [20, 47]}
					]
				},
				{
					"name": "bone9",
					"parent": "ump_booyah",
					"pivot": [-5.7, 14.31746, -6.50866],
					"rotation": [-15, 0, 0],
					"cubes": [
						{"origin": [-6.44512, 8.05785, -7.31707], "size": [1.39024, 7.0439, 0.55122], "uv": [24, 47]},
						{"origin": [-6.44512, 8.05785, -6.63415], "size": [1.39024, 7.0439, 0.64878], "uv": [12, 25]},
						{"origin": [-6.44512, 8.05785, -8.19512], "size": [1.39024, 7.0439, 0.64878], "uv": [12, 4]},
						{"origin": [-6.34756, 8.05785, -8.09756], "size": [1.19512, 7.0439, 1.79512], "uv": [26, 45]},
						{"origin": [-6.44512, 7.63034, -8.6], "size": [1.39024, 0.26341, 2.2], "pivot": [0, 2.98713, -3.59876], "rotation": [-5, 0, 0], "uv": [0, 0]}
					]
				},
				{
					"name": "bone10",
					"parent": "ump_booyah",
					"pivot": [-5.75, 10.65, -4.5],
					"cubes": [
						{"origin": [-7.005, 13.49268, -8.8], "size": [2.51, 3.80732, 4.2], "inflate": -0.5, "uv": [0, 7]},
						{"origin": [-7.005, 13.08289, -10.0142], "size": [2.51, 1.46585, 4.29756], "inflate": -0.5, "pivot": [0, -0.11711, -4.2142], "rotation": [-5, 0, 0], "uv": [19, 27]},
						{"origin": [-7.10256, 13.08289, -10.20932], "size": [2.70512, 1.27073, 4.59024], "inflate": -0.5, "pivot": [0, -0.11711, -4.2142], "rotation": [-5, 0, 0], "uv": [0, 26]},
						{"origin": [-7.005, 15.09268, -8.8], "size": [2.51, 1.70732, 9.5], "inflate": -0.5, "uv": [19, 0]}
					]
				},
				{
					"name": "bone11",
					"parent": "ump_booyah",
					"pivot": [-5.75, 12.5, -5.18333],
					"cubes": [
						{"origin": [-6.51942, 13.24857, -5.94945], "size": [1.49732, 1.29756, 3.5], "inflate": -0.5, "uv": [45, 14]},
						{"origin": [-6.94342, 13.13517, -5.81945], "size": [2.37155, 1.39512, 4.37805], "inflate": -0.5, "uv": [19, 10]},
						{"origin": [-6.42158, 13.14697, -5.63996], "size": [1.59488, 1.39512, 3.69512], "inflate": -0.5, "pivot": [-6.6045, 13.64697, -2.44483], "rotation": [0, -7.5, 0], "uv": [45, 10]},
						{"origin": [-6.08073, 13.14697, -5.73898], "size": [1.59488, 1.39512, 1.28887], "inflate": -0.5, "uv": [38, 14]},
						{"origin": [-7.01531, 13.14697, -5.73898], "size": [1.59488, 1.39512, 1.28887], "inflate": -0.5, "uv": [16, 34]},
						{"origin": [-6.07531, 13.13517, -5.62843], "size": [1.59488, 1.39512, 3.69512], "inflate": -0.5, "pivot": [-7.03205, 13.63517, -2.53518], "rotation": [0, 7.5, 0], "uv": [8, 45]},
						{"origin": [-6.65768, 13.14697, -5.38403], "size": [1.59488, 1.39512, 3.69512], "inflate": -0.5, "pivot": [-6.84061, 13.64697, -2.18891], "rotation": [0, 7.5, 0], "uv": [45, 6]},
						{"origin": [-7.01437, 13.13517, -5.88352], "size": [1.59488, 1.39512, 3.69512], "inflate": -0.5, "pivot": [-6.41075, 13.63517, -2.69355], "rotation": [0, -7.5, 0], "uv": [0, 45]},
						{"origin": [-6.4, 14.21714, -4.40695], "size": [1.3, 2.0122, 1.2], "inflate": -0.5, "uv": [48, 18]},
						{"origin": [-6.4, 14.32615, -4.434], "size": [1.3, 1.91463, 1.2], "inflate": -0.5, "pivot": [-5.75, 14.96145, -3.92705], "rotation": [10, 0, 0], "uv": [33, 10]},
						{"origin": [-6.4, 14.1193, -4.39858], "size": [1.3, 1.42683, 1.10244], "inflate": -0.5, "pivot": [-5.75, 14.71521, -4.36545], "rotation": [-30, 0, 0], "uv": [32, 7]},
						{"origin": [-6.4, 14.10368, -4.42094], "size": [1.3, 1.13415, 1.10244], "inflate": -0.5, "pivot": [-5.75, 14.4069, -4.38782], "rotation": [-2.5, 0, 0], "uv": [23, 7]},
						{"origin": [-6.4, 14.41226, -4.40695], "size": [1.3, 1.81707, 1.2], "inflate": -0.5, "pivot": [-5.75, 14.95, -3.9], "rotation": [-35, 0, 0], "uv": [19, 7]},
						{"origin": [-6.4, 14.41226, -4.40695], "size": [1.3, 1.81707, 1.78537], "inflate": -0.5, "pivot": [-5.75, 14.95, -3.9], "rotation": [37.5, 0, 0], "uv": [11, 13]},
						{"origin": [-6.4, 14.41226, -4.40695], "size": [1.3, 1.81707, 1.78537], "inflate": -0.5, "pivot": [-5.75, 14.95, -3.9], "rotation": [45, 0, 0], "uv": [0, 2]},
						{"origin": [-7.10488, 15.4, -13.2], "size": [2.70488, 2.49756, 15.8], "inflate": -0.5, "uv": [0, 17]},
						{"origin": [-7, 16.4, -13.2], "size": [2.5, 2.49756, 15.8], "inflate": -0.5, "uv": [0, 0]},
						{"origin": [-6.9, 17.4, -9.2], "size": [2.3, 2, 8.8], "inflate": -0.5, "uv": [19, 17]},
						{"origin": [-6.9, 18.3, -1.1], "size": [2.3, 2.1, 2.5], "inflate": -0.5, "pivot": [-6, 19, 0], "rotation": [90, 0, 0], "uv": [27, 10]},
						{"origin": [-6.9, 19.6, -4.6], "size": [2.3, 3, 4.8], "inflate": -0.5, "pivot": [-6, 20, 0], "rotation": [155, 0, 0], "uv": [0, 0]},
						{"origin": [-7, 13.68497, 5.06961], "size": [2.5, 7, 2], "inflate": -0.5, "pivot": [-6, 18, 6], "rotation": [100, 0, 0], "uv": [0, 17]},
						{"origin": [-7, 16.3, 8.6], "size": [2.5, 5.7, 2.3], "inflate": -0.5, "pivot": [-6, 18, 10], "rotation": [-177.5, 0, 0], "uv": [19, 0]},
						{"origin": [-7, 10.4, 2.4], "size": [2.5, 7, 1.5], "inflate": -0.5, "pivot": [-6, 17, 4], "rotation": [77.5, 0, 0], "uv": [8, 17]},
						{"origin": [-7, 16.57155, 2.2], "size": [2.5, 3, 3.5], "inflate": -0.5, "pivot": [-2, 17, 4], "rotation": [90, 0, 0], "uv": [31, 14]},
						{"origin": [-6.5, 17.4, -13], "size": [1.5, 2.49756, 1.7], "inflate": -0.5, "uv": [5, 45]},
						{"origin": [-6.5, 17.6, -12], "size": [1.5, 2.49756, 1.8], "inflate": -0.5, "pivot": [-6, 18, -11], "rotation": [40, 0, 0], "uv": [28, 34]}
					]
				},
				{
					"name": "bone12",
					"parent": "ump_booyah",
					"pivot": [-6.41319, 19.0688, -16.15085],
					"cubes": [
						{"origin": [-6.33233, 16.36131, -14], "size": [1.18014, 1.93252, 3.10076], "inflate": -0.5, "uv": [44, 34]},
						{"origin": [-6.16305, 16.42292, -14], "size": [1.18014, 1.93252, 3.10076], "inflate": -0.5, "pivot": [-5.48291, 16.92292, -18.86785], "rotation": [0, 0, -20], "uv": [44, 30]},
						{"origin": [-6.46047, 17.24009, -14], "size": [1.18014, 1.15203, 3.10076], "inflate": -0.5, "pivot": [-5.78033, 17.74009, -18.86785], "rotation": [0, 0, -20], "uv": [43, 43]},
						{"origin": [-6.02505, 16.53872, -14], "size": [1.18014, 1.93252, 3.10076], "inflate": -0.5, "pivot": [-5.34491, 17.03872, -18.86785], "rotation": [0, 0, -40], "uv": [43, 18]},
						{"origin": [-6.58403, 17.20488, -14], "size": [1.18014, 1.15203, 3.10076], "inflate": -0.5, "pivot": [-5.90389, 17.70488, -18.86785], "rotation": [0, 0, -40], "uv": [18, 43]},
						{"origin": [-5.93498, 16.69473, -14], "size": [1.18014, 1.93252, 3.10076], "inflate": -0.5, "pivot": [-5.25484, 17.19473, -18.86785], "rotation": [0, 0, -60], "uv": [43, 1]},
						{"origin": [-6.68809, 17.12953, -14], "size": [1.18014, 1.15203, 3.10076], "inflate": -0.5, "pivot": [-6.00794, 17.62953, -18.86785], "rotation": [0, 0, -60], "uv": [38, 42]},
						{"origin": [-5.9037, 16.87213, -14], "size": [1.18014, 1.93252, 3.10076], "inflate": -0.5, "pivot": [-5.22356, 17.37213, -18.86785], "rotation": [0, 0, -80], "uv": [42, 26]},
						{"origin": [-6.7601, 17.02314, -14], "size": [1.18014, 1.15203, 3.10076], "inflate": -0.5, "pivot": [-6.07996, 17.52314, -18.86785], "rotation": [0, 0, -80], "uv": [42, 22]},
						{"origin": [-6.05342, 16.06524, -14], "size": [1.18014, 1.93252, 3.10076], "inflate": -0.5, "pivot": [-5.37328, 17.34573, -18.86785], "rotation": [0, 0, 80], "uv": [13, 42]},
						{"origin": [-6.90982, 16.69473, -14], "size": [1.18014, 1.15203, 3.10076], "inflate": -0.5, "pivot": [-6.22968, 17.19473, -18.86785], "rotation": [0, 0, 80], "uv": [41, 38]},
						{"origin": [-6.81975, 16.53872, -14], "size": [1.18014, 2.03008, 3.10076], "inflate": -0.5, "pivot": [-6.1396, 17.03872, -18.86785], "rotation": [0, 0, 60], "uv": [19, 17]},
						{"origin": [-6.06664, 16.97352, -14], "size": [1.18014, 1.15203, 3.10076], "inflate": -0.5, "pivot": [-5.3865, 17.47352, -18.86785], "rotation": [0, 0, 60], "uv": [33, 41]},
						{"origin": [-6.68175, 16.42292, -14], "size": [1.18014, 1.93252, 3.10076], "inflate": -0.5, "pivot": [-6.00161, 16.92292, -18.86785], "rotation": [0, 0, 40], "uv": [25, 41]},
						{"origin": [-6.12278, 17.08908, -14], "size": [1.18014, 1.15203, 3.10076], "inflate": -0.5, "pivot": [-5.44263, 17.58908, -18.86785], "rotation": [0, 0, 40], "uv": [8, 41]},
						{"origin": [-6.51247, 16.36131, -14], "size": [1.18014, 1.93252, 3.10076], "inflate": -0.5, "pivot": [-5.83233, 16.86131, -18.86785], "rotation": [0, 0, 20], "uv": [0, 41]},
						{"origin": [-6.21505, 17.17848, -14], "size": [1.18014, 1.15203, 3.10076], "inflate": -0.5, "pivot": [-5.53491, 17.67848, -18.86785], "rotation": [0, 0, 20], "uv": [40, 13]},
						{"origin": [-6.33233, 17.23092, -14], "size": [1.18014, 1.15203, 3.10076], "inflate": -0.5, "uv": [40, 9]}
					]
				},
				{
					"name": "bone13",
					"parent": "ump_booyah",
					"pivot": [-6.15175, 18.52612, -17.15085],
					"cubes": [
						{"origin": [-6.27536, 16.59566, -15.56104], "size": [1.11673, 1.60427, 3.39254], "inflate": -0.5, "uv": [40, 5]},
						{"origin": [-6.16567, 16.63559, -15.56104], "size": [1.11673, 1.60427, 3.39254], "inflate": -0.5, "pivot": [-5.54893, 17.13559, -18.91147], "rotation": [0, 0, -20], "uv": [39, 33]},
						{"origin": [-6.3584, 17.16511, -15.56104], "size": [1.11673, 1.09851, 3.39254], "inflate": -0.5, "pivot": [-5.74166, 17.66511, -18.91147], "rotation": [0, 0, -20], "uv": [20, 39]},
						{"origin": [-6.07624, 16.71062, -15.56104], "size": [1.11673, 1.60427, 3.39254], "inflate": -0.5, "pivot": [-5.45951, 17.21062, -18.91147], "rotation": [0, 0, -40], "uv": [38, 17]},
						{"origin": [-6.43846, 17.1423, -15.56104], "size": [1.11673, 1.09851, 3.39254], "inflate": -0.5, "pivot": [-5.82173, 17.6423, -18.91147], "rotation": [0, 0, -40], "uv": [15, 38]},
						{"origin": [-6.01788, 16.81172, -15.56104], "size": [1.11673, 1.60427, 3.39254], "inflate": -0.5, "pivot": [-5.40115, 17.31172, -18.91147], "rotation": [0, 0, -60], "uv": [38, 0]},
						{"origin": [-6.50589, 17.09347, -15.56104], "size": [1.11673, 1.09851, 3.39254], "inflate": -0.5, "pivot": [-5.88916, 17.59347, -18.91147], "rotation": [0, 0, -60], "uv": [36, 37]},
						{"origin": [-5.99761, 16.92668, -15.56104], "size": [1.11673, 1.60427, 3.39254], "inflate": -0.5, "pivot": [-5.38088, 17.42668, -18.91147], "rotation": [0, 0, -80], "uv": [37, 29]},
						{"origin": [-6.55255, 17.02453, -15.56104], "size": [1.11673, 1.09851, 3.39254], "inflate": -0.5, "pivot": [-5.93582, 17.52453, -18.91147], "rotation": [0, 0, -80], "uv": [28, 37]},
						{"origin": [-6.09462, 16.40381, -15.56104], "size": [1.11673, 1.60427, 3.39254], "inflate": -0.5, "pivot": [-5.47789, 17.40957, -18.91147], "rotation": [0, 0, 80], "uv": [37, 25]},
						{"origin": [-6.64957, 16.81172, -15.56104], "size": [1.11673, 1.09851, 3.39254], "inflate": -0.5, "pivot": [-6.03284, 17.31172, -18.91147], "rotation": [0, 0, 80], "uv": [36, 21]},
						{"origin": [-6.5912, 16.71062, -15.56104], "size": [1.11673, 1.66749, 3.39254], "inflate": -0.5, "pivot": [-5.97447, 17.21062, -18.91147], "rotation": [0, 0, 60], "uv": [23, 35]},
						{"origin": [-6.10319, 16.99238, -15.56104], "size": [1.11673, 1.09851, 3.39254], "inflate": -0.5, "pivot": [-5.48646, 17.49238, -18.91147], "rotation": [0, 0, 60], "uv": [35, 10]},
						{"origin": [-6.50178, 16.63559, -15.56104], "size": [1.11673, 1.60427, 3.39254], "inflate": -0.5, "pivot": [-5.88505, 17.13559, -18.91147], "rotation": [0, 0, 40], "uv": [35, 4]},
						{"origin": [-6.13957, 17.06726, -15.56104], "size": [1.11673, 1.09851, 3.39254], "inflate": -0.5, "pivot": [-5.52284, 17.56726, -18.91147], "rotation": [0, 0, 40], "uv": [18, 34]},
						{"origin": [-6.39209, 16.59566, -15.56104], "size": [1.11673, 1.60427, 3.39254], "inflate": -0.5, "pivot": [-5.77536, 17.09566, -18.91147], "rotation": [0, 0, 20], "uv": [32, 28]},
						{"origin": [-6.19936, 17.12519, -15.56104], "size": [1.11673, 1.09851, 3.39254], "inflate": -0.5, "pivot": [-5.58263, 17.62519, -18.91147], "rotation": [0, 0, 20], "uv": [31, 20]},
						{"origin": [-6.27536, 17.15917, -15.56104], "size": [1.11673, 1.09851, 3.39254], "inflate": -0.5, "uv": [27, 27]}
					]
				}
			]
		}
	]
}