{
  "format_version": "1.10.0",
  "animation_controllers": {
    "controller.animation.amongus.general": {
      "states": {
        "default": {
          "animations": [
            "amongus_general",
            "look_at_target"
          ]
        }
      }
    },
    "controller.animation.amongus.move": {
      "states": {
        "default": {
          "animations": [
            {
              "moving": "query.modified_move_speed"
            }
          ]
        }
      }
    },
    "controller.animation.amongus.looking_at": {
      "states": {
        "default": {
          "transitions": [
            {
              "default":"query.relative_block_has_any_tag (0,2,0, 'grass', 'wood', 'pumpkin', 'plant', 'metal', 'stone', 'diamond_pick_diggable', 'gold_pick_diggable', 'iron_pick_diggable', 'dirt', 'sand', 'gravel', 'grass', 'snow')"
            }
          ],
          "blend_transition": 0.2
        },
        "looking_at": {
          "animations": [
            "look_at"
          ],
          "transitions": [
            {
              "default": "query.relative_block_has_any_tag (0,2,0, 'grass', 'wood', 'pumpkin', 'plant', 'metal', 'stone', 'diamond_pick_diggable', 'gold_pick_diggable', 'iron_pick_diggable', 'dirt', 'sand', 'gravel', 'grass', 'snow')"
            }
          ],
          "blend_transition": 0.2
        }
      }
    }
  }
}