{
	"ambient.herobrine.jumpscare": {
		"sounds": [
			{
				"name": "sounds/ambient/herobrine/a1",
				"volume": 5.0
			},
			{
				"name": "sounds/ambient/herobrine/a2",
				"volume": 5.0
			},
			{
				"name": "sounds/ambient/herobrine/a5",
				"volume": 2.5
			},
			{
				"name": "sounds/ambient/herobrine/a7",
				"volume": 2.5
			},
			{
				"name": "sounds/ambient/herobrine/a9",
				"volume": 3.0
			},
			{
				"name": "sounds/ambient/herobrine/a10",
				"volume": 3.0
			},
			{
				"name": "sounds/ambient/herobrine/a15",
				"volume": 4.0
			}
		]
	},
	"ambient.herobrine.appears": {
		"sounds": [
			{
				"name": "sounds/ambient/herobrine/a1",
				"volume": 1.25
			},
			{
				"name": "sounds/ambient/herobrine/a2",
				"volume": 1.25
			},
			{
				"name": "sounds/ambient/herobrine/a3",
				"volume": 1.25
			},
			{
				"name": "sounds/ambient/herobrine/a4",
				"volume": 1.25
			},
			{
				"name": "sounds/ambient/herobrine/a5",
				"volume": 1.25
			},
			{
				"name": "sounds/ambient/herobrine/a6",
				"volume": 1.25
			},
			{
				"name": "sounds/ambient/herobrine/a7",
				"volume": 1.25
			},
			{
				"name": "sounds/ambient/herobrine/a8",
				"volume": 1.25
			},
			{
				"name": "sounds/ambient/herobrine/a9",
				"volume": 1.25
			},
			{
				"name": "sounds/ambient/herobrine/a10",
				"volume": 1.25
			},
			{
				"name": "sounds/ambient/herobrine/a11",
				"volume": 1.25
			},
			{
				"name": "sounds/ambient/herobrine/a12",
				"volume": 1.25
			},
			{
				"name": "sounds/ambient/herobrine/a13",
				"volume": 1.35
			},
			{
				"name": "sounds/ambient/herobrine/a14",
				"volume": 1.35
			},
			{
				"name": "sounds/ambient/herobrine/a15",
				"volume": 1.5
			}
		]
	}
}
