{
  "format_version": "1.8.0",
  "minecraft:entity": {
    "description": {
      "identifier": "storymode:bedrock_magma_cube",
	  "runtime_identifier" : "minecraft:magma_cube",
      "is_spawnable": false,
      "is_summonable": true,
      "is_experimental": false
    },

    "component_groups": {
      "minecraft:slime_large": {
        "minecraft:collision_box": {
          "width": 2.08,
          "height": 2.08
        },
        "minecraft:health": {
          "value": 16,
          "max": 16
        },
		"minecraft:type_family": {
          "family": [ "large", "magmacube", "monster" ]
        },
	    "minecraft:damage_sensor": {
          "triggers": {
            "on_damage": {
              "filters": {
                "test": "has_damage",
                "value": "drowning"
              },
              "event": "minecraft:become_cobble_large"
            },
            "deals_damage": false
          }
        },
        "minecraft:movement": {
          "value": 0.75
        },
        "minecraft:attack": {
          "damage": 8
        },
        "minecraft:loot": {
          "table": "loot_tables/entities/magma_cube.json"
        }
      },

      "minecraft:slime_medium": {
        "minecraft:collision_box": {
          "width": 0.78,
          "height": 0.78
        },
        "minecraft:health": {
          "value": 4,
          "max": 4
        },
		"minecraft:type_family": {
          "family": [ "medium", "magmacube", "monster" ]
        },
		"minecraft:damage_sensor": {
          "triggers": {
            "on_damage": {
              "filters": {
                "test": "has_damage",
                "value": "drowning"
              },
              "event": "minecraft:become_cobble_medium"
            },
            "deals_damage": false
          }
        },
        "minecraft:movement": {
          "value": 0.66
        },
        "minecraft:attack": {
          "damage": 4
        },
        "minecraft:loot": {
          "table": "loot_tables/entities/magma_cube.json"
        }
      },

      "minecraft:slime_small": {
        "minecraft:collision_box": {
          "width": 0.52,
          "height": 0.52
        },
        "minecraft:health": {
          "value": 2,
          "max": 2
        },
		"minecraft:type_family": {
          "family": [ "small", "magmacube", "monster" ]
        },
        "minecraft:movement": {
          "value": 0.6
        },
		"minecraft:damage_sensor": {
          "triggers": {
            "on_damage": {
              "filters": {
                "test": "has_damage",
                "value": "drowning"
              },
              "event": "minecraft:become_cobble"
            },
            "deals_damage": false
          }
        },
        "minecraft:attack": {
          "damage": 2
        }
      },
	  
      "minecraft:cobble": {
		"minecraft:transformation": {
          "into": "storymode:cobble_cube",
          "add": {
            "component_groups": [
              "minecraft:slime_small"
            ]
          }
        }
      },
	  
	  "minecraft:cobble_medium": {
		"minecraft:transformation": {
          "into": "storymode:cobble_cube",
          "add": {
            "component_groups": [
              "minecraft:slime_medium"
            ]
          }
        }
      },
	  
	  "minecraft:cobble_large": {
		"minecraft:transformation": {
          "into": "storymode:cobble_cube",
          "add": {
            "component_groups": [
              "minecraft:slime_large"
            ]
          }
        }
      },

      "minecraft:slime_calm": {
        "minecraft:movement.jump": {
          "jump_delay": [ 2.0, 6.0 ]
        }
      },
      "minecraft:slime_aggressive": {
        "minecraft:movement.jump": {
          "jump_delay": [ 0.667, 2.0 ]
        }
      }
    },

    "components": {
      "minecraft:type_family": {
        "family": [ "magmacube", "monster" ]
      },
      "minecraft:breathable": {
        "totalSupply": 15,
        "suffocateTime": 0,
        "breathesLava": true
      },
      "minecraft:navigation.walk": {
        "can_path_over_water": true,
        "avoid_water": true
      },
      "minecraft:jump.static": {
      },
      "minecraft:movement.jump": {
        "jump_delay": [ 2.0, 6.0 ]
      },
      "minecraft:can_climb": {
      },
      "minecraft:behavior.slime_float": {
        "priority": 1
      },
      "minecraft:behavior.slime_attack": {
        "priority": 3
      },
      "minecraft:behavior.slime_random_direction": {
        "priority": 4
      },
      "minecraft:behavior.slime_keep_on_jumping": {
        "priority": 5
      },
      "minecraft:behavior.nearest_attackable_target": {
        "priority": 2,
        "entity_types": [
          {
            "filters": {
              "test": "is_family",
              "subject": "other",
              "value": "player"
            },
            "max_dist": 16
          }
        ],
        "must_see": true
      },
	  "minecraft:hurt_on_condition": {
        "damage_conditions": [
          {
            "filters": { "test": "in_water_or_rain", "operator": "==", "value": true },
            "cause": "drowning",
            "damage_per_tick": 1
          }
        ]
      },
      "minecraft:fire_immune": true,
      "minecraft:burns_in_daylight": false,
      "minecraft:fall_damage": {
        "value": 0.0
      },
      "minecraft:nameable": {
      },
      "minecraft:on_target_acquired": {
        "event": "minecraft:become_aggressive",
        "target": "self"
      },
      "minecraft:on_target_escape": {
        "event": "minecraft:become_calm",
        "target": "self"
      },
	  "minecraft:physics": {
      }
    },

    "events": {
      "minecraft:entity_spawned": {
		"sequence": [
          {
            "randomize": [
              {
                "weight": 5,
                "remove": {
                },
                "add": {
                  "component_groups": [
                    "minecraft:slime_large",
					"minecraft:default",
					"minecraft:slime_calm"
                  ]
                }
              },
              {
                "weight": 5,
                "remove": {
                },
                "add": {
                  "component_groups": [
                    "minecraft:slime_medium",
					"minecraft:default",
					"minecraft:slime_calm"
                  ]
                }
              },
			  {
                "weight": 5,
                "remove": {
                },
                "add": {
                  "component_groups": [
                    "minecraft:slime_small",
					"minecraft:default",
					"minecraft:slime_calm"
                  ]
                }
              }
            ]
          }
        ]
      },
	  
	  "minecraft:become_cobble": {
        "add": {
          "component_groups": [
            "minecraft:cobble"
          ]
        }
      },
	  "minecraft:become_cobble_medium": {
        "add": {
          "component_groups": [
            "minecraft:cobble_medium"
          ]
        }
      },
	  "minecraft:become_cobble_large": {
        "add": {
          "component_groups": [
            "minecraft:cobble_large"
          ]
        }
      },
	  
	  "minecraft:entity_transformed": {
        "sequence": [
          {
            "filters": { "test": "is_family", "subject": "other", "value": "small" },
			"add": { "component_groups": [ "minecraft:slime_small" ] }
          },
          {
            "filters": { "test": "is_family", "subject": "other", "value": "medium" },
			"add": { "component_groups": [ "minecraft:slime_medium" ] }
          },
          {
            "filters": { "test": "is_family", "subject": "other", "value": "large" },
			"add": { "component_groups": [ "minecraft:slime_large" ] }
          }
        ]
      },
	  
      "minecraft:become_calm": {
        "add": {
          "component_groups": [
            "minecraft:slime_calm"
          ]
        }
      },
      "minecraft:become_aggressive": {
        "add": {
          "component_groups": [
            "minecraft:slime_aggressive"
          ]
        }
      }
    }
  }
}