{
  "format_version": "1.16.0",
  "minecraft:entity": {
    "description": {
      "identifier": "storymode:chicken_eversource",
	  "runtime_identifier" : "minecraft:chicken",
      "is_spawnable": true,
      "is_summonable": true,
      "is_experimental": false
    },
    "component_groups": {
      "minecraft:crowned": {
        "minecraft:variant": {
          "value": 0
        },
	    "minecraft:interact": {
          "interactions": {
            "on_interact": {
              "filters": {
                "all_of": [
                  { "test": "is_family", "subject": "other", "value": "player" }
                ]
              },
              "event": "minecraft:uncrown",
              "target": "self"
            },
            "use_item": true,
            "swing": true,
            "play_sounds": "armor.equip_chain",
            "interact_text": "action.interact.uncrown"
          }
        }
      },
      "minecraft:not_crowned": {
        "minecraft:variant": {
          "value": 1
        },
	    "minecraft:interact": {
          "interactions": {
            "on_interact": {
              "filters": {
                "all_of": [
                  { "test": "is_family", "subject": "other", "value": "player" },
                  { "test": "has_equipment", "domain": "hand", "subject": "other", "value": "crown_eversource" }
                ]
              },
              "event": "minecraft:crown",
              "target": "self"
            },
            "use_item": false,
            "swing": true,
            "play_sounds": "armor.equip_chain",
            "interact_text": "action.interact.crown"
          }
        }
      },
      "minecraft:crown_drop": {
        "minecraft:spawn_entity": {
          "entities": {
            "min_wait_time": 1,
            "min_wait_time": 2,
            "spawn_sound": "plop",
            "spawn_item": "storymode:crown_eversource",
            "single_use": true
          }
        },
        "minecraft:timer": {
          "looping": true,
          "time": 10,
          "time_down_event": {
            "event": "minecraft:change_egg"
          }
        }
      },
	  
      "minecraft:chicken_baby": {
        "minecraft:is_baby": {
        },
        "minecraft:scale": {
          "value":0.5
        },
        "minecraft:ageable": {
          "duration": 1200,
          "feed_items": [
            "wheat_seeds",
            "beetroot_seeds",
            "melon_seeds",
            "pumpkin_seeds"
          ],
          "grow_up": {
            "event": "minecraft:ageable_grow_up",
            "target": "self"
          }
        },
        "minecraft:behavior.follow_parent": {
          "priority": 5,
          "speed_multiplier": 1.1
        }
      },

      "minecraft:chicken_adult": {
        "minecraft:experience_reward": {
          "on_bred": "Math.Random(1,7)",
          "on_death": "query.last_hit_by_player ? Math.Random(1,3) : 0"
        },
        "minecraft:loot": {
          "table": "loot_tables/entities/chicken.json"
        },
        "minecraft:breedable": {
          "require_tame": false,
          "breeds_with": {
            "mate_type": "minecraft:chicken",
            "baby_type": "minecraft:chicken",
            "breed_event": {
              "event": "minecraft:entity_born",
              "target": "baby"
            }
          },
          "breed_items": [
            "wheat_seeds",
            "beetroot_seeds",
            "melon_seeds",
            "pumpkin_seeds"
          ]
        },
        "minecraft:behavior.breed": {
          "priority": 3,
          "speed_multiplier": 1.0
        },
        "minecraft:rideable": {
          "seat_count": 1,
          "family_types": [
            "zombie"
          ],
          "seats": {
            "position": [ 0.0, 0.4, 0.0 ]
          }
        }
      },

      "minecraft:egg_enderman": {
        "minecraft:timer": {
          "looping": false,
          "random_time_choices": [
            { "weight": 50, "value": 40 },
            { "weight": 50, "value": 20 }
          ],
          "time_down_event": {
            "event": "minecraft:change_egg",
            "target": "self"
          }
        },
        "minecraft:spawn_entity": {
          "entities": {
            "min_wait_time": 5,
            "min_wait_time": 10,
            "spawn_sound": "plop",
            "spawn_item": "enderman_spawn_egg",
            "filters": {
              "test": "rider_count", "subject": "self", "operator": "==", "value": 0
            }
          }
        }
      },

      "minecraft:egg_endermite": {
        "minecraft:timer": {
          "looping": false,
          "random_time_choices": [
            { "weight": 50, "value": 40 },
            { "weight": 50, "value": 20 }
          ],
          "time_down_event": {
            "event": "minecraft:change_egg",
            "target": "self"
          }
        },
        "minecraft:spawn_entity": {
          "entities": {
            "min_wait_time": 5,
            "min_wait_time": 10,
            "spawn_sound": "plop",
            "spawn_item": "endermite_spawn_egg",
            "filters": {
              "test": "rider_count", "subject": "self", "operator": "==", "value": 0
            }
          }
        }
      },

      "minecraft:egg_fox": {
        "minecraft:timer": {
          "looping": false,
          "random_time_choices": [
            { "weight": 50, "value": 40 },
            { "weight": 50, "value": 20 }
          ],
          "time_down_event": {
            "event": "minecraft:change_egg",
            "target": "self"
          }
        },
        "minecraft:spawn_entity": {
          "entities": {
            "min_wait_time": 5,
            "min_wait_time": 10,
            "spawn_sound": "plop",
            "spawn_item": "fox_spawn_egg",
            "filters": {
              "test": "rider_count", "subject": "self", "operator": "==", "value": 0
            }
          }
        }
      },

      "minecraft:egg_ghast": {
        "minecraft:timer": {
          "looping": false,
          "random_time_choices": [
            { "weight": 50, "value": 40 },
            { "weight": 50, "value": 20 }
          ],
          "time_down_event": {
            "event": "minecraft:change_egg",
            "target": "self"
          }
        },
        "minecraft:spawn_entity": {
          "entities": {
            "min_wait_time": 5,
            "min_wait_time": 10,
            "spawn_sound": "plop",
            "spawn_item": "ghast_spawn_egg",
            "filters": {
              "test": "rider_count", "subject": "self", "operator": "==", "value": 0
            }
          }
        }
      },

      "minecraft:egg_guardian": {
        "minecraft:timer": {
          "looping": false,
          "random_time_choices": [
            { "weight": 50, "value": 40 },
            { "weight": 50, "value": 20 }
          ],
          "time_down_event": {
            "event": "minecraft:change_egg",
            "target": "self"
          }
        },
        "minecraft:spawn_entity": {
          "entities": {
            "min_wait_time": 5,
            "min_wait_time": 10,
            "spawn_sound": "plop",
            "spawn_item": "guardian_spawn_egg",
            "filters": {
              "test": "rider_count", "subject": "self", "operator": "==", "value": 0
            }
          }
        }
      },

      "minecraft:egg_horse": {
        "minecraft:timer": {
          "looping": false,
          "random_time_choices": [
            { "weight": 50, "value": 40 },
            { "weight": 50, "value": 20 }
          ],
          "time_down_event": {
            "event": "minecraft:change_egg",
            "target": "self"
          }
        },
        "minecraft:spawn_entity": {
          "entities": {
            "min_wait_time": 5,
            "min_wait_time": 10,
            "spawn_sound": "plop",
            "spawn_item": "horse_spawn_egg",
            "filters": {
              "test": "rider_count", "subject": "self", "operator": "==", "value": 0
            }
          }
        }
      },

      "minecraft:egg_husk": {
        "minecraft:timer": {
          "looping": false,
          "random_time_choices": [
            { "weight": 50, "value": 40 },
            { "weight": 50, "value": 20 }
          ],
          "time_down_event": {
            "event": "minecraft:change_egg",
            "target": "self"
          }
        },
        "minecraft:spawn_entity": {
          "entities": {
            "min_wait_time": 5,
            "min_wait_time": 10,
            "spawn_sound": "plop",
            "spawn_item": "husk_spawn_egg",
            "filters": {
              "test": "rider_count", "subject": "self", "operator": "==", "value": 0
            }
          }
        }
      },

      "minecraft:egg_llama": {
        "minecraft:timer": {
          "looping": false,
          "random_time_choices": [
            { "weight": 50, "value": 40 },
            { "weight": 50, "value": 20 }
          ],
          "time_down_event": {
            "event": "minecraft:change_egg",
            "target": "self"
          }
        },
        "minecraft:spawn_entity": {
          "entities": {
            "min_wait_time": 5,
            "min_wait_time": 10,
            "spawn_sound": "plop",
            "spawn_item": "llama_spawn_egg",
            "filters": {
              "test": "rider_count", "subject": "self", "operator": "==", "value": 0
            }
          }
        }
      },

      "minecraft:egg_magma_cube": {
        "minecraft:timer": {
          "looping": false,
          "random_time_choices": [
            { "weight": 50, "value": 40 },
            { "weight": 50, "value": 20 }
          ],
          "time_down_event": {
            "event": "minecraft:change_egg",
            "target": "self"
          }
        },
        "minecraft:spawn_entity": {
          "entities": {
            "min_wait_time": 5,
            "min_wait_time": 10,
            "spawn_sound": "plop",
            "spawn_item": "magma_cube_spawn_egg",
            "filters": {
              "test": "rider_count", "subject": "self", "operator": "==", "value": 0
            }
          }
        }
      },

      "minecraft:egg_mooshroom": {
        "minecraft:timer": {
          "looping": false,
          "random_time_choices": [
            { "weight": 50, "value": 40 },
            { "weight": 50, "value": 20 }
          ],
          "time_down_event": {
            "event": "minecraft:change_egg",
            "target": "self"
          }
        },
        "minecraft:spawn_entity": {
          "entities": {
            "min_wait_time": 5,
            "min_wait_time": 10,
            "spawn_sound": "plop",
            "spawn_item": "mooshroom_spawn_egg",
            "filters": {
              "test": "rider_count", "subject": "self", "operator": "==", "value": 0
            }
          }
        }
      },

      "minecraft:egg_mule": {
        "minecraft:timer": {
          "looping": false,
          "random_time_choices": [
            { "weight": 50, "value": 40 },
            { "weight": 50, "value": 20 }
          ],
          "time_down_event": {
            "event": "minecraft:change_egg",
            "target": "self"
          }
        },
        "minecraft:spawn_entity": {
          "entities": {
            "min_wait_time": 5,
            "min_wait_time": 10,
            "spawn_sound": "plop",
            "spawn_item": "mule_spawn_egg",
            "filters": {
              "test": "rider_count", "subject": "self", "operator": "==", "value": 0
            }
          }
        }
      },

      "minecraft:egg_ocelot": {
        "minecraft:timer": {
          "looping": false,
          "random_time_choices": [
            { "weight": 50, "value": 40 },
            { "weight": 50, "value": 20 }
          ],
          "time_down_event": {
            "event": "minecraft:change_egg",
            "target": "self"
          }
        },
        "minecraft:spawn_entity": {
          "entities": {
            "min_wait_time": 5,
            "min_wait_time": 10,
            "spawn_sound": "plop",
            "spawn_item": "ocelot_spawn_egg",
            "filters": {
              "test": "rider_count", "subject": "self", "operator": "==", "value": 0
            }
          }
        }
      },

      "minecraft:egg_panda": {
        "minecraft:timer": {
          "looping": false,
          "random_time_choices": [
            { "weight": 50, "value": 40 },
            { "weight": 50, "value": 20 }
          ],
          "time_down_event": {
            "event": "minecraft:change_egg",
            "target": "self"
          }
        },
        "minecraft:spawn_entity": {
          "entities": {
            "min_wait_time": 5,
            "min_wait_time": 10,
            "spawn_sound": "plop",
            "spawn_item": "panda_spawn_egg",
            "filters": {
              "test": "rider_count", "subject": "self", "operator": "==", "value": 0
            }
          }
        }
      },

      "minecraft:egg_parrot": {
        "minecraft:timer": {
          "looping": false,
          "random_time_choices": [
            { "weight": 50, "value": 40 },
            { "weight": 50, "value": 20 }
          ],
          "time_down_event": {
            "event": "minecraft:change_egg",
            "target": "self"
          }
        },
        "minecraft:spawn_entity": {
          "entities": {
            "min_wait_time": 5,
            "min_wait_time": 10,
            "spawn_sound": "plop",
            "spawn_item": "parrot_spawn_egg",
            "filters": {
              "test": "rider_count", "subject": "self", "operator": "==", "value": 0
            }
          }
        }
      },

      "minecraft:egg_phantom": {
        "minecraft:timer": {
          "looping": false,
          "random_time_choices": [
            { "weight": 50, "value": 40 },
            { "weight": 50, "value": 20 }
          ],
          "time_down_event": {
            "event": "minecraft:change_egg",
            "target": "self"
          }
        },
        "minecraft:spawn_entity": {
          "entities": {
            "min_wait_time": 5,
            "min_wait_time": 10,
            "spawn_sound": "plop",
            "spawn_item": "phantom_spawn_egg",
            "filters": {
              "test": "rider_count", "subject": "self", "operator": "==", "value": 0
            }
          }
        }
      },

      "minecraft:egg_pig": {
        "minecraft:timer": {
          "looping": false,
          "random_time_choices": [
            { "weight": 50, "value": 40 },
            { "weight": 50, "value": 20 }
          ],
          "time_down_event": {
            "event": "minecraft:change_egg",
            "target": "self"
          }
        },
        "minecraft:spawn_entity": {
          "entities": {
            "min_wait_time": 5,
            "min_wait_time": 10,
            "spawn_sound": "plop",
            "spawn_item": "pig_spawn_egg",
            "filters": {
              "test": "rider_count", "subject": "self", "operator": "==", "value": 0
            }
          }
        }
      },

      "minecraft:egg_polar_bear": {
        "minecraft:timer": {
          "looping": false,
          "random_time_choices": [
            { "weight": 50, "value": 40 },
            { "weight": 50, "value": 20 }
          ],
          "time_down_event": {
            "event": "minecraft:change_egg",
            "target": "self"
          }
        },
        "minecraft:spawn_entity": {
          "entities": {
            "min_wait_time": 5,
            "min_wait_time": 10,
            "spawn_sound": "plop",
            "spawn_item": "polar_bear_spawn_egg",
            "filters": {
              "test": "rider_count", "subject": "self", "operator": "==", "value": 0
            }
          }
        }
      },

      "minecraft:egg_pufferfish": {
        "minecraft:timer": {
          "looping": false,
          "random_time_choices": [
            { "weight": 50, "value": 40 },
            { "weight": 50, "value": 20 }
          ],
          "time_down_event": {
            "event": "minecraft:change_egg",
            "target": "self"
          }
        },
        "minecraft:spawn_entity": {
          "entities": {
            "min_wait_time": 5,
            "min_wait_time": 10,
            "spawn_sound": "plop",
            "spawn_item": "pufferfish_spawn_egg",
            "filters": {
              "test": "rider_count", "subject": "self", "operator": "==", "value": 0
            }
          }
        }
      },

      "minecraft:egg_rabbit": {
        "minecraft:timer": {
          "looping": false,
          "random_time_choices": [
            { "weight": 50, "value": 40 },
            { "weight": 50, "value": 20 }
          ],
          "time_down_event": {
            "event": "minecraft:change_egg",
            "target": "self"
          }
        },
        "minecraft:spawn_entity": {
          "entities": {
            "min_wait_time": 5,
            "min_wait_time": 10,
            "spawn_sound": "plop",
            "spawn_item": "rabbit_spawn_egg",
            "filters": {
              "test": "rider_count", "subject": "self", "operator": "==", "value": 0
            }
          }
        }
      },

      "minecraft:egg_ravager": {
        "minecraft:timer": {
          "looping": false,
          "random_time_choices": [
            { "weight": 50, "value": 40 },
            { "weight": 50, "value": 20 }
          ],
          "time_down_event": {
            "event": "minecraft:change_egg",
            "target": "self"
          }
        },
        "minecraft:spawn_entity": {
          "entities": {
            "min_wait_time": 5,
            "min_wait_time": 10,
            "spawn_sound": "plop",
            "spawn_item": "ravager_spawn_egg",
            "filters": {
              "test": "rider_count", "subject": "self", "operator": "==", "value": 0
            }
          }
        }
      },

      "minecraft:egg_salmon": {
        "minecraft:timer": {
          "looping": false,
          "random_time_choices": [
            { "weight": 50, "value": 40 },
            { "weight": 50, "value": 20 }
          ],
          "time_down_event": {
            "event": "minecraft:change_egg",
            "target": "self"
          }
        },
        "minecraft:spawn_entity": {
          "entities": {
            "min_wait_time": 5,
            "min_wait_time": 10,
            "spawn_sound": "plop",
            "spawn_item": "salmon_spawn_egg",
            "filters": {
              "test": "rider_count", "subject": "self", "operator": "==", "value": 0
            }
          }
        }
      },

      "minecraft:egg_sheep": {
        "minecraft:timer": {
          "looping": false,
          "random_time_choices": [
            { "weight": 50, "value": 40 },
            { "weight": 50, "value": 20 }
          ],
          "time_down_event": {
            "event": "minecraft:change_egg",
            "target": "self"
          }
        },
        "minecraft:spawn_entity": {
          "entities": {
            "min_wait_time": 5,
            "min_wait_time": 10,
            "spawn_sound": "plop",
            "spawn_item": "sheep_spawn_egg",
            "filters": {
              "test": "rider_count", "subject": "self", "operator": "==", "value": 0
            }
          }
        }
      },

      "minecraft:egg_shulker": {
        "minecraft:timer": {
          "looping": false,
          "random_time_choices": [
            { "weight": 50, "value": 40 },
            { "weight": 50, "value": 20 }
          ],
          "time_down_event": {
            "event": "minecraft:change_egg",
            "target": "self"
          }
        },
        "minecraft:spawn_entity": {
          "entities": {
            "min_wait_time": 5,
            "min_wait_time": 10,
            "spawn_sound": "plop",
            "spawn_item": "shulker_spawn_egg",
            "filters": {
              "test": "rider_count", "subject": "self", "operator": "==", "value": 0
            }
          }
        }
      },

      "minecraft:egg_silverfish": {
        "minecraft:timer": {
          "looping": false,
          "random_time_choices": [
            { "weight": 50, "value": 40 },
            { "weight": 50, "value": 20 }
          ],
          "time_down_event": {
            "event": "minecraft:change_egg",
            "target": "self"
          }
        },
        "minecraft:spawn_entity": {
          "entities": {
            "min_wait_time": 5,
            "min_wait_time": 10,
            "spawn_sound": "plop",
            "spawn_item": "silverfish_spawn_egg",
            "filters": {
              "test": "rider_count", "subject": "self", "operator": "==", "value": 0
            }
          }
        }
      },

      "minecraft:egg_skeleton_horse": {
        "minecraft:timer": {
          "looping": false,
          "random_time_choices": [
            { "weight": 50, "value": 40 },
            { "weight": 50, "value": 20 }
          ],
          "time_down_event": {
            "event": "minecraft:change_egg",
            "target": "self"
          }
        },
        "minecraft:spawn_entity": {
          "entities": {
            "min_wait_time": 5,
            "min_wait_time": 10,
            "spawn_sound": "plop",
            "spawn_item": "skeleton_horse_spawn_egg",
            "filters": {
              "test": "rider_count", "subject": "self", "operator": "==", "value": 0
            }
          }
        }
      },

      "minecraft:egg_skeleton": {
        "minecraft:timer": {
          "looping": false,
          "random_time_choices": [
            { "weight": 50, "value": 40 },
            { "weight": 50, "value": 20 }
          ],
          "time_down_event": {
            "event": "minecraft:change_egg",
            "target": "self"
          }
        },
        "minecraft:spawn_entity": {
          "entities": {
            "min_wait_time": 5,
            "min_wait_time": 10,
            "spawn_sound": "plop",
            "spawn_item": "skeleton_spawn_egg",
            "filters": {
              "test": "rider_count", "subject": "self", "operator": "==", "value": 0
            }
          }
        }
      },

      "minecraft:egg_slime": {
        "minecraft:timer": {
          "looping": false,
          "random_time_choices": [
            { "weight": 50, "value": 40 },
            { "weight": 50, "value": 20 }
          ],
          "time_down_event": {
            "event": "minecraft:change_egg",
            "target": "self"
          }
        },
        "minecraft:spawn_entity": {
          "entities": {
            "min_wait_time": 5,
            "min_wait_time": 10,
            "spawn_sound": "plop",
            "spawn_item": "slime_spawn_egg",
            "filters": {
              "test": "rider_count", "subject": "self", "operator": "==", "value": 0
            }
          }
        }
      },

      "minecraft:egg_squid": {
        "minecraft:timer": {
          "looping": false,
          "random_time_choices": [
            { "weight": 50, "value": 40 },
            { "weight": 50, "value": 20 }
          ],
          "time_down_event": {
            "event": "minecraft:change_egg",
            "target": "self"
          }
        },
        "minecraft:spawn_entity": {
          "entities": {
            "min_wait_time": 5,
            "min_wait_time": 10,
            "spawn_sound": "plop",
            "spawn_item": "squid_spawn_egg",
            "filters": {
              "test": "rider_count", "subject": "self", "operator": "==", "value": 0
            }
          }
        }
      },

      "minecraft:egg_stray": {
        "minecraft:timer": {
          "looping": false,
          "random_time_choices": [
            { "weight": 50, "value": 40 },
            { "weight": 50, "value": 20 }
          ],
          "time_down_event": {
            "event": "minecraft:change_egg",
            "target": "self"
          }
        },
        "minecraft:spawn_entity": {
          "entities": {
            "min_wait_time": 5,
            "min_wait_time": 10,
            "spawn_sound": "plop",
            "spawn_item": "stray_spawn_egg",
            "filters": {
              "test": "rider_count", "subject": "self", "operator": "==", "value": 0
            }
          }
        }
      },

      "minecraft:egg_tropical_fish": {
        "minecraft:timer": {
          "looping": false,
          "random_time_choices": [
            { "weight": 50, "value": 40 },
            { "weight": 50, "value": 20 }
          ],
          "time_down_event": {
            "event": "minecraft:change_egg",
            "target": "self"
          }
        },
        "minecraft:spawn_entity": {
          "entities": {
            "min_wait_time": 5,
            "min_wait_time": 10,
            "spawn_sound": "plop",
            "spawn_item": "tropical_fish_spawn_egg",
            "filters": {
              "test": "rider_count", "subject": "self", "operator": "==", "value": 0
            }
          }
        }
      },

      "minecraft:egg_turtle": {
        "minecraft:timer": {
          "looping": false,
          "random_time_choices": [
            { "weight": 50, "value": 40 },
            { "weight": 50, "value": 20 }
          ],
          "time_down_event": {
            "event": "minecraft:change_egg",
            "target": "self"
          }
        },
        "minecraft:spawn_entity": {
          "entities": {
            "min_wait_time": 5,
            "min_wait_time": 10,
            "spawn_sound": "plop",
            "spawn_item": "turtle_spawn_egg",
            "filters": {
              "test": "rider_count", "subject": "self", "operator": "==", "value": 0
            }
          }
        }
      },

      "minecraft:egg_vex": {
        "minecraft:timer": {
          "looping": false,
          "random_time_choices": [
            { "weight": 50, "value": 40 },
            { "weight": 50, "value": 20 }
          ],
          "time_down_event": {
            "event": "minecraft:change_egg",
            "target": "self"
          }
        },
        "minecraft:spawn_entity": {
          "entities": {
            "min_wait_time": 5,
            "min_wait_time": 10,
            "spawn_sound": "plop",
            "spawn_item": "vex_spawn_egg",
            "filters": {
              "test": "rider_count", "subject": "self", "operator": "==", "value": 0
            }
          }
        }
      },

      "minecraft:egg_wither_skeleton": {
        "minecraft:timer": {
          "looping": false,
          "random_time_choices": [
            { "weight": 50, "value": 40 },
            { "weight": 50, "value": 20 }
          ],
          "time_down_event": {
            "event": "minecraft:change_egg",
            "target": "self"
          }
        },
        "minecraft:spawn_entity": {
          "entities": {
            "min_wait_time": 5,
            "min_wait_time": 10,
            "spawn_sound": "plop",
            "spawn_item": "wiher_skeleton_spawn_egg",
            "filters": {
              "test": "rider_count", "subject": "self", "operator": "==", "value": 0
            }
          }
        }
      },

      "minecraft:egg_wolf": {
        "minecraft:timer": {
          "looping": false,
          "random_time_choices": [
            { "weight": 50, "value": 40 },
            { "weight": 50, "value": 20 }
          ],
          "time_down_event": {
            "event": "minecraft:change_egg",
            "target": "self"
          }
        },
        "minecraft:spawn_entity": {
          "entities": {
            "min_wait_time": 5,
            "min_wait_time": 10,
            "spawn_sound": "plop",
            "spawn_item": "wolf_spawn_egg",
            "filters": {
              "test": "rider_count", "subject": "self", "operator": "==", "value": 0
            }
          }
        }
      },

      "minecraft:egg_zombie_horse": {
        "minecraft:timer": {
          "looping": false,
          "random_time_choices": [
            { "weight": 50, "value": 40 },
            { "weight": 50, "value": 20 }
          ],
          "time_down_event": {
            "event": "minecraft:change_egg",
            "target": "self"
          }
        },
        "minecraft:spawn_entity": {
          "entities": {
            "min_wait_time": 5,
            "min_wait_time": 10,
            "spawn_sound": "plop",
            "spawn_item": "zombie_horse_spawn_egg",
            "filters": {
              "test": "rider_count", "subject": "self", "operator": "==", "value": 0
            }
          }
        }
      },

      "minecraft:egg_zombie_pigman": {
        "minecraft:timer": {
          "looping": false,
          "random_time_choices": [
            { "weight": 50, "value": 40 },
            { "weight": 50, "value": 20 }
          ],
          "time_down_event": {
            "event": "minecraft:change_egg",
            "target": "self"
          }
        },
        "minecraft:spawn_entity": {
          "entities": {
            "min_wait_time": 5,
            "min_wait_time": 10,
            "spawn_sound": "plop",
            "spawn_item": "zombie_pigman_spawn_egg",
            "filters": {
              "test": "rider_count", "subject": "self", "operator": "==", "value": 0
            }
          }
        }
      },

      "minecraft:egg_zombie": {
        "minecraft:timer": {
          "looping": false,
          "random_time_choices": [
            { "weight": 50, "value": 40 },
            { "weight": 50, "value": 20 }
          ],
          "time_down_event": {
            "event": "minecraft:change_egg",
            "target": "self"
          }
        },
        "minecraft:spawn_entity": {
          "entities": {
            "min_wait_time": 5,
            "min_wait_time": 10,
            "spawn_sound": "plop",
            "spawn_item": "zombie_spawn_egg",
            "filters": {
              "test": "rider_count", "subject": "self", "operator": "==", "value": 0
            }
          }
        }
      },

      "minecraft:egg_bat": {
        "minecraft:timer": {
          "looping": false,
          "random_time_choices": [
            { "weight": 50, "value": 40 },
            { "weight": 50, "value": 20 }
          ],
          "time_down_event": {
            "event": "minecraft:change_egg",
            "target": "self"
          }
        },
        "minecraft:spawn_entity": {
          "entities": {
            "min_wait_time": 5,
            "min_wait_time": 10,
            "spawn_sound": "plop",
            "spawn_item": "bat_spawn_egg",
            "filters": {
              "test": "rider_count", "subject": "self", "operator": "==", "value": 0
            }
          }
        }
      },

      "minecraft:egg_bee": {
        "minecraft:timer": {
          "looping": false,
          "random_time_choices": [
            { "weight": 50, "value": 40 },
            { "weight": 50, "value": 20 }
          ],
          "time_down_event": {
            "event": "minecraft:change_egg",
            "target": "self"
          }
        },
        "minecraft:spawn_entity": {
          "entities": {
            "min_wait_time": 5,
            "min_wait_time": 10,
            "spawn_sound": "plop",
            "spawn_item": "bee_spawn_egg",
            "filters": {
              "test": "rider_count", "subject": "self", "operator": "==", "value": 0
            }
          }
        }
      },

      "minecraft:egg_blaze": {
        "minecraft:timer": {
          "looping": false,
          "random_time_choices": [
            { "weight": 50, "value": 40 },
            { "weight": 50, "value": 20 }
          ],
          "time_down_event": {
            "event": "minecraft:change_egg",
            "target": "self"
          }
        },
        "minecraft:spawn_entity": {
          "entities": {
            "min_wait_time": 5,
            "min_wait_time": 10,
            "spawn_sound": "plop",
            "spawn_item": "blaze_spawn_egg",
            "filters": {
              "test": "rider_count", "subject": "self", "operator": "==", "value": 0
            }
          }
        }
      },

      "minecraft:egg_cat": {
        "minecraft:timer": {
          "looping": false,
          "random_time_choices": [
            { "weight": 50, "value": 40 },
            { "weight": 50, "value": 20 }
          ],
          "time_down_event": {
            "event": "minecraft:change_egg",
            "target": "self"
          }
        },
        "minecraft:spawn_entity": {
          "entities": {
            "min_wait_time": 5,
            "min_wait_time": 10,
            "spawn_sound": "plop",
            "spawn_item": "cat_spawn_egg",
            "filters": {
              "test": "rider_count", "subject": "self", "operator": "==", "value": 0
            }
          }
        }
      },

      "minecraft:egg_cave_spider": {
        "minecraft:timer": {
          "looping": false,
          "random_time_choices": [
            { "weight": 50, "value": 40 },
            { "weight": 50, "value": 20 }
          ],
          "time_down_event": {
            "event": "minecraft:change_egg",
            "target": "self"
          }
        },
        "minecraft:spawn_entity": {
          "entities": {
            "min_wait_time": 5,
            "min_wait_time": 10,
            "spawn_sound": "plop",
            "spawn_item": "cave_spider_spawn_egg",
            "filters": {
              "test": "rider_count", "subject": "self", "operator": "==", "value": 0
            }
          }
        }
      },

      "minecraft:egg_chicken": {
        "minecraft:timer": {
          "looping": false,
          "random_time_choices": [
            { "weight": 50, "value": 40 },
            { "weight": 50, "value": 20 }
          ],
          "time_down_event": {
            "event": "minecraft:change_egg",
            "target": "self"
          }
        },
        "minecraft:spawn_entity": {
          "entities": {
            "min_wait_time": 5,
            "min_wait_time": 10,
            "spawn_sound": "plop",
            "spawn_item": "chicken_spawn_egg",
            "filters": {
              "test": "rider_count", "subject": "self", "operator": "==", "value": 0
            }
          }
        }
      },

      "minecraft:egg_cod": {
        "minecraft:timer": {
          "looping": false,
          "random_time_choices": [
            { "weight": 50, "value": 40 },
            { "weight": 50, "value": 20 }
          ],
          "time_down_event": {
            "event": "minecraft:change_egg",
            "target": "self"
          }
        },
        "minecraft:spawn_entity": {
          "entities": {
            "min_wait_time": 5,
            "min_wait_time": 10,
            "spawn_sound": "plop",
            "spawn_item": "cod_spawn_egg",
            "filters": {
              "test": "rider_count", "subject": "self", "operator": "==", "value": 0
            }
          }
        }
      },

      "minecraft:egg_cow": {
        "minecraft:timer": {
          "looping": false,
          "random_time_choices": [
            { "weight": 50, "value": 40 },
            { "weight": 50, "value": 20 }
          ],
          "time_down_event": {
            "event": "minecraft:change_egg",
            "target": "self"
          }
        },
        "minecraft:spawn_entity": {
          "entities": {
            "min_wait_time": 5,
            "min_wait_time": 10,
            "spawn_sound": "plop",
            "spawn_item": "cow_spawn_egg",
            "filters": {
              "test": "rider_count", "subject": "self", "operator": "==", "value": 0
            }
          }
        }
      },

      "minecraft:egg_creeper": {
        "minecraft:timer": {
          "looping": false,
          "random_time_choices": [
            { "weight": 50, "value": 40 },
            { "weight": 50, "value": 20 }
          ],
          "time_down_event": {
            "event": "minecraft:change_egg",
            "target": "self"
          }
        },
        "minecraft:spawn_entity": {
          "entities": {
            "min_wait_time": 5,
            "min_wait_time": 10,
            "spawn_sound": "plop",
            "spawn_item": "creeper_spawn_egg",
            "filters": {
              "test": "rider_count", "subject": "self", "operator": "==", "value": 0
            }
          }
        }
      },

      "minecraft:egg_dolphin": {
        "minecraft:timer": {
          "looping": false,
          "random_time_choices": [
            { "weight": 50, "value": 40 },
            { "weight": 50, "value": 20 }
          ],
          "time_down_event": {
            "event": "minecraft:change_egg",
            "target": "self"
          }
        },
        "minecraft:spawn_entity": {
          "entities": {
            "min_wait_time": 5,
            "min_wait_time": 10,
            "spawn_sound": "plop",
            "spawn_item": "dolphin_spawn_egg",
            "filters": {
              "test": "rider_count", "subject": "self", "operator": "==", "value": 0
            }
          }
        }
      },

      "minecraft:egg_donkey": {
        "minecraft:timer": {
          "looping": false,
          "random_time_choices": [
            { "weight": 50, "value": 40 },
            { "weight": 50, "value": 20 }
          ],
          "time_down_event": {
            "event": "minecraft:change_egg",
            "target": "self"
          }
        },
        "minecraft:spawn_entity": {
          "entities": {
            "min_wait_time": 5,
            "min_wait_time": 10,
            "spawn_sound": "plop",
            "spawn_item": "donkey_spawn_egg",
            "filters": {
              "test": "rider_count", "subject": "self", "operator": "==", "value": 0
            }
          }
        }
      },

      "minecraft:egg_drowned": {
        "minecraft:timer": {
          "looping": false,
          "random_time_choices": [
            { "weight": 50, "value": 40 },
            { "weight": 50, "value": 20 }
          ],
          "time_down_event": {
            "event": "minecraft:change_egg",
            "target": "self"
          }
        },
        "minecraft:spawn_entity": {
          "entities": {
            "min_wait_time": 5,
            "min_wait_time": 10,
            "spawn_sound": "plop",
            "spawn_item": "drowned_spawn_egg",
            "filters": {
              "test": "rider_count", "subject": "self", "operator": "==", "value": 0
            }
          }
        }
      },

      "minecraft:egg_elder_guardian": {
        "minecraft:timer": {
          "looping": false,
          "random_time_choices": [
            { "weight": 50, "value": 40 },
            { "weight": 50, "value": 20 }
          ],
          "time_down_event": {
            "event": "minecraft:change_egg",
            "target": "self"
          }
        },
        "minecraft:spawn_entity": {
          "entities": {
            "min_wait_time": 5,
            "min_wait_time": 10,
            "spawn_sound": "plop",
            "spawn_item": "elder_guardian_spawn_egg",
            "filters": {
              "test": "rider_count", "subject": "self", "operator": "==", "value": 0
            }
          }
        }
      }
    },

    "components": {
      "minecraft:type_family": {
        "family": [ "eversource", "chicken", "mob" ]
      },
      "minecraft:breathable": {
        "total_supply": 15,
        "suffocate_time": 0
      },
      "minecraft:collision_box": {
        "width": 0.6,
        "height": 0.8
      },
      "minecraft:nameable": {
      },
      "minecraft:health": {
        "value": 4,
        "max": 4
      },
      "minecraft:hurt_on_condition": {
        "damage_conditions": [
          {
            "filters": { "test": "in_lava", "subject": "self", "operator": "==", "value": true },
            "cause": "lava",
            "damage_per_tick": 4
          }
        ]
      },
      "minecraft:movement": {
        "value": 0.25
      },
      "minecraft:damage_sensor": {
        "triggers": {
          "cause": "fall",
          "deals_damage": false
        }
      },
      "minecraft:leashable": {
        "soft_distance": 4.0,
        "hard_distance": 6.0,
        "max_distance": 10.0
      },
      "minecraft:balloonable": {
        "mass": 0.5
      },
      "minecraft:navigation.walk": {
        "can_path_over_water": true,
        "avoid_damage_blocks": true
      },
      "minecraft:movement.basic": {
      },
      "minecraft:jump.static": {
      },
      "minecraft:can_climb": {
      },
      "minecraft:despawn": {
        "despawn_from_distance": {}
      },
      "minecraft:behavior.float": {
        "priority": 0
      },
      "minecraft:behavior.panic": {
        "priority": 1,
        "speed_multiplier": 1.5
      },
      "minecraft:behavior.mount_pathing": {
        "priority": 2,
        "speed_multiplier": 1.5,
        "target_dist": 0.0,
        "track_target": true
      },
      "minecraft:behavior.tempt": {
        "priority": 4,
        "speed_multiplier": 1.0,
        "items": [
          "wheat_seeds",
          "beetroot_seeds",
          "melon_seeds",
          "pumpkin_seeds"
        ]
      },
      "minecraft:behavior.random_stroll": {
        "priority": 6,
        "speed_multiplier": 1.0
      },
      "minecraft:behavior.look_at_player": {
        "priority": 7,
        "look_distance": 6.0,
        "probability": 0.02
      },
      "minecraft:behavior.random_look_around": {
        "priority": 8
      },
      "minecraft:physics": {
      },
      "minecraft:pushable": {
        "is_pushable": true,
        "is_pushable_by_piston": true
      },
      "minecraft:conditional_bandwidth_optimization": {
      }
    },

    "events": {
      "from_egg": {
        "add": { "component_groups": [ "minecraft:chicken_baby" ] }
      },
      
      "minecraft:entity_spawned": {
        "sequence": [
          {
            "randomize": [
              {
                "weight": 1,
                "remove": {
                },
                "add": {
                  "component_groups": [
                    "minecraft:egg_bat"
                  ]
                }
              },
              {
                "weight": 1,
                "remove": {
                },
                "add": {
                  "component_groups": [
                    "minecraft:egg_bee"
                  ]
                }
              },
              {
                "weight": 1,
                "remove": {
                },
                "add": {
                  "component_groups": [
                    "minecraft:egg_blaze"
                  ]
                }
              },
              {
                "weight": 1,
                "remove": {
                },
                "add": {
                  "component_groups": [
                    "minecraft:egg_cat"
                  ]
                }
              },
              {
                "weight": 1,
                "remove": {
                },
                "add": {
                  "component_groups": [
                    "minecraft:egg_cave_spider"
                  ]
                }
              },
              {
                "weight": 1,
                "remove": {
                },
                "add": {
                  "component_groups": [
                    "minecraft:egg_chicken"
                  ]
                }
              },
              {
                "weight": 1,
                "remove": {
                },
                "add": {
                  "component_groups": [
                    "minecraft:egg_cod"
                  ]
                }
              },
              {
                "weight": 1,
                "remove": {
                },
                "add": {
                  "component_groups": [
                    "minecraft:egg_cow"
                  ]
                }
              },
              {
                "weight": 1,
                "remove": {
                },
                "add": {
                  "component_groups": [
                    "minecraft:egg_creeper"
                  ]
                }
              },
              {
                "weight": 1,
                "remove": {
                },
                "add": {
                  "component_groups": [
                    "minecraft:egg_dolphin"
                  ]
                }
              },
              {
                "weight": 1,
                "remove": {
                },
                "add": {
                  "component_groups": [
                    "minecraft:egg_donkey"
                  ]
                }
              },
              {
                "weight": 1,
                "remove": {
                },
                "add": {
                  "component_groups": [
                    "minecraft:egg_drowned"
                  ]
                }
              },
              {
                "weight": 1,
                "remove": {
                },
                "add": {
                  "component_groups": [
                    "minecraft:egg_elder_guardian"
                  ]
                }
              },
              {
                "weight": 1,
                "remove": {
                },
                "add": {
                  "component_groups": [
                    "minecraft:egg_enderman"
                  ]
                }
              },
              {
                "weight": 1,
                "remove": {
                },
                "add": {
                  "component_groups": [
                    "minecraft:egg_endermite"
                  ]
                }
              },
              {
                "weight": 1,
                "remove": {
                },
                "add": {
                  "component_groups": [
                    "minecraft:egg_fox"
                  ]
                }
              },
              {
                "weight": 1,
                "remove": {
                },
                "add": {
                  "component_groups": [
                    "minecraft:egg_ghast"
                  ]
                }
              },
              {
                "weight": 1,
                "remove": {
                },
                "add": {
                  "component_groups": [
                    "minecraft:egg_guardian"
                  ]
                }
              },
              {
                "weight": 1,
                "remove": {
                },
                "add": {
                  "component_groups": [
                    "minecraft:egg_horse"
                  ]
                }
              },
              {
                "weight": 1,
                "remove": {
                },
                "add": {
                  "component_groups": [
                    "minecraft:egg_husk"
                  ]
                }
              },
              {
                "weight": 1,
                "remove": {
                },
                "add": {
                  "component_groups": [
                    "minecraft:egg_llama"
                  ]
                }
              },
              {
                "weight": 1,
                "remove": {
                },
                "add": {
                  "component_groups": [
                    "minecraft:egg_magma_cube"
                  ]
                }
              },
              {
                "weight": 1,
                "remove": {
                },
                "add": {
                  "component_groups": [
                    "minecraft:egg_mooshroom"
                  ]
                }
              },
              {
                "weight": 1,
                "remove": {
                },
                "add": {
                  "component_groups": [
                    "minecraft:egg_mule"
                  ]
                }
              },
              {
                "weight": 1,
                "remove": {
                },
                "add": {
                  "component_groups": [
                    "minecraft:egg_ocelot"
                  ]
                }
              },
              {
                "weight": 1,
                "remove": {
                },
                "add": {
                  "component_groups": [
                    "minecraft:egg_ocelot"
                  ]
                }
              },
              {
                "weight": 1,
                "remove": {
                },
                "add": {
                  "component_groups": [
                    "minecraft:egg_panda"
                  ]
                }
              },
              {
                "weight": 1,
                "remove": {
                },
                "add": {
                  "component_groups": [
                    "minecraft:egg_parrot"
                  ]
                }
              },
              {
                "weight": 1,
                "remove": {
                },
                "add": {
                  "component_groups": [
                    "minecraft:egg_phantom"
                  ]
                }
              },
              {
                "weight": 1,
                "remove": {
                },
                "add": {
                  "component_groups": [
                    "minecraft:egg_pig"
                  ]
                }
              },
              {
                "weight": 1,
                "remove": {
                },
                "add": {
                  "component_groups": [
                    "minecraft:egg_pig"
                  ]
                }
              },
              {
                "weight": 1,
                "remove": {
                },
                "add": {
                  "component_groups": [
                    "minecraft:egg_polar_bear"
                  ]
                }
              },
              {
                "weight": 1,
                "remove": {
                },
                "add": {
                  "component_groups": [
                    "minecraft:egg_pufferfish"
                  ]
                }
              },
              {
                "weight": 1,
                "remove": {
                },
                "add": {
                  "component_groups": [
                    "minecraft:egg_rabbit"
                  ]
                }
              },
              {
                "weight": 1,
                "remove": {
                },
                "add": {
                  "component_groups": [
                    "minecraft:egg_ravager"
                  ]
                }
              },
              {
                "weight": 1,
                "remove": {
                },
                "add": {
                  "component_groups": [
                    "minecraft:egg_salmon"
                  ]
                }
              },
              {
                "weight": 1,
                "remove": {
                },
                "add": {
                  "component_groups": [
                    "minecraft:egg_sheep"
                  ]
                }
              },
              {
                "weight": 1,
                "remove": {
                },
                "add": {
                  "component_groups": [
                    "minecraft:egg_sheep"
                  ]
                }
              },
              {
                "weight": 1,
                "remove": {
                },
                "add": {
                  "component_groups": [
                    "minecraft:egg_shulker"
                  ]
                }
              },
              {
                "weight": 1,
                "remove": {
                },
                "add": {
                  "component_groups": [
                    "minecraft:egg_silverfish"
                  ]
                }
              },
              {
                "weight": 1,
                "remove": {
                },
                "add": {
                  "component_groups": [
                    "minecraft:egg_skeleton"
                  ]
                }
              },
              {
                "weight": 1,
                "remove": {
                },
                "add": {
                  "component_groups": [
                    "minecraft:egg_skeleton_horse"
                  ]
                }
              },
              {
                "weight": 1,
                "remove": {
                },
                "add": {
                  "component_groups": [
                    "minecraft:egg_slime"
                  ]
                }
              },
              {
                "weight": 1,
                "remove": {
                },
                "add": {
                  "component_groups": [
                    "minecraft:egg_squid"
                  ]
                }
              },
              {
                "weight": 1,
                "remove": {
                },
                "add": {
                  "component_groups": [
                    "minecraft:egg_stray"
                  ]
                }
              },
              {
                "weight": 1,
                "remove": {
                },
                "add": {
                  "component_groups": [
                    "minecraft:egg_tropical_fish"
                  ]
                }
              },
              {
                "weight": 1,
                "remove": {
                },
                "add": {
                  "component_groups": [
                    "minecraft:egg_turtle"
                  ]
                }
              },
              {
                "weight": 1,
                "remove": {
                },
                "add": {
                  "component_groups": [
                    "minecraft:egg_vex"
                  ]
                }
              },
              {
                "weight": 1,
                "remove": {
                },
                "add": {
                  "component_groups": [
                    "minecraft:egg_wither_skeleton"
                  ]
                }
              },
              {
                "weight": 1,
                "remove": {
                },
                "add": {
                  "component_groups": [
                    "minecraft:egg_wolf"
                  ]
                }
              },
              {
                "weight": 1,
                "remove": {
                },
                "add": {
                  "component_groups": [
                    "minecraft:egg_zombie"
                  ]
                }
              },
              {
                "weight": 1,
                "remove": {
                },
                "add": {
                  "component_groups": [
                    "minecraft:egg_zombie_horse"
                  ]
                }
              },
              {
                "weight": 1,
                "remove": {
                },
                "add": {
                  "component_groups": [
                    "minecraft:egg_zombie_pigman"
                  ]
                }
              }
            ]
          },
		  {
            "randomize": [
              {
                "weight": 95,
                "remove": {
                },
                "add": {
                  "component_groups": [
                    "minecraft:chicken_adult",
                    "minecraft:crowned"
                  ]
                }
              },
              {
                "weight": 5,
                "remove": {
                },
                "add": {
                  "component_groups": [
                    "minecraft:chicken_baby",
                    "minecraft:crowned"
                  ]
                }
              }
            ]
		  }
        ]
      },

      "minecraft:change_egg": {
        "sequence": [
		  {
            "remove": {
              "component_groups": [
                "minecraft:uncrown",
                "minecraft:egg_bat",
                "minecraft:egg_bee",
                "minecraft:egg_blaze",
                "minecraft:egg_cat",
                "minecraft:egg_cave_spider",
                "minecraft:egg_chicken",
                "minecraft:egg_cod",
                "minecraft:egg_cow",
                "minecraft:egg_creeper",
                "minecraft:egg_dolphin",
                "minecraft:egg_donkey",
                "minecraft:egg_drowned",
                "minecraft:egg_elder_guardian",
                "minecraft:egg_enderman",
                "minecraft:egg_endermite",
                "minecraft:egg_fox",
                "minecraft:egg_ghast",
                "minecraft:egg_guardian",
                "minecraft:egg_horse",
                "minecraft:egg_husk",
                "minecraft:egg_llama",
                "minecraft:egg_magma_cube",
                "minecraft:egg_mooshroom",
                "minecraft:egg_mule",
                "minecraft:egg_ocelot",
                "minecraft:egg_panda",
                "minecraft:egg_parrot",
                "minecraft:egg_phantom",
                "minecraft:egg_pig",
                "minecraft:egg_polar_bear",
                "minecraft:egg_pufferfish",
                "minecraft:egg_rabbit",
                "minecraft:egg_ravager",
                "minecraft:egg_salmon",
                "minecraft:egg_sheep",
                "minecraft:egg_shulker",
                "minecraft:egg_silverfish",
                "minecraft:egg_skeleton",
                "minecraft:egg_skeleton_horse",
                "minecraft:egg_slime",
                "minecraft:egg_squid",
                "minecraft:egg_stray",
                "minecraft:egg_tropical_fish",
                "minecraft:egg_turtle",
                "minecraft:egg_vex",
                "minecraft:egg_wither_skeleton",
                "minecraft:egg_wolf",
                "minecraft:egg_zombie",
                "minecraft:egg_zombie_horse",
                "minecraft:egg_zombie_pigman"
              ]
            }
		  },
          {
            "randomize": [
              {
                "weight": 1,
                "remove": {
                },
                "add": {
                  "component_groups": [
                    "minecraft:egg_bat"
                  ]
                }
              },
              {
                "weight": 1,
                "remove": {
                },
                "add": {
                  "component_groups": [
                    "minecraft:egg_bee"
                  ]
                }
              },
              {
                "weight": 1,
                "remove": {
                },
                "add": {
                  "component_groups": [
                    "minecraft:egg_blaze"
                  ]
                }
              },
              {
                "weight": 1,
                "remove": {
                },
                "add": {
                  "component_groups": [
                    "minecraft:egg_cat"
                  ]
                }
              },
              {
                "weight": 1,
                "remove": {
                },
                "add": {
                  "component_groups": [
                    "minecraft:egg_cave_spider"
                  ]
                }
              },
              {
                "weight": 1,
                "remove": {
                },
                "add": {
                  "component_groups": [
                    "minecraft:egg_chicken"
                  ]
                }
              },
              {
                "weight": 1,
                "remove": {
                },
                "add": {
                  "component_groups": [
                    "minecraft:egg_cod"
                  ]
                }
              },
              {
                "weight": 1,
                "remove": {
                },
                "add": {
                  "component_groups": [
                    "minecraft:egg_cow"
                  ]
                }
              },
              {
                "weight": 1,
                "remove": {
                },
                "add": {
                  "component_groups": [
                    "minecraft:egg_creeper"
                  ]
                }
              },
              {
                "weight": 1,
                "remove": {
                },
                "add": {
                  "component_groups": [
                    "minecraft:egg_dolphin"
                  ]
                }
              },
              {
                "weight": 1,
                "remove": {
                },
                "add": {
                  "component_groups": [
                    "minecraft:egg_donkey"
                  ]
                }
              },
              {
                "weight": 1,
                "remove": {
                },
                "add": {
                  "component_groups": [
                    "minecraft:egg_drowned"
                  ]
                }
              },
              {
                "weight": 1,
                "remove": {
                },
                "add": {
                  "component_groups": [
                    "minecraft:egg_elder_guardian"
                  ]
                }
              },
              {
                "weight": 1,
                "remove": {
                },
                "add": {
                  "component_groups": [
                    "minecraft:egg_enderman"
                  ]
                }
              },
              {
                "weight": 1,
                "remove": {
                },
                "add": {
                  "component_groups": [
                    "minecraft:egg_endermite"
                  ]
                }
              },
              {
                "weight": 1,
                "remove": {
                },
                "add": {
                  "component_groups": [
                    "minecraft:egg_fox"
                  ]
                }
              },
              {
                "weight": 1,
                "remove": {
                },
                "add": {
                  "component_groups": [
                    "minecraft:egg_ghast"
                  ]
                }
              },
              {
                "weight": 1,
                "remove": {
                },
                "add": {
                  "component_groups": [
                    "minecraft:egg_guardian"
                  ]
                }
              },
              {
                "weight": 1,
                "remove": {
                },
                "add": {
                  "component_groups": [
                    "minecraft:egg_horse"
                  ]
                }
              },
              {
                "weight": 1,
                "remove": {
                },
                "add": {
                  "component_groups": [
                    "minecraft:egg_husk"
                  ]
                }
              },
              {
                "weight": 1,
                "remove": {
                },
                "add": {
                  "component_groups": [
                    "minecraft:egg_llama"
                  ]
                }
              },
              {
                "weight": 1,
                "remove": {
                },
                "add": {
                  "component_groups": [
                    "minecraft:egg_magma_cube"
                  ]
                }
              },
              {
                "weight": 1,
                "remove": {
                },
                "add": {
                  "component_groups": [
                    "minecraft:egg_mooshroom"
                  ]
                }
              },
              {
                "weight": 1,
                "remove": {
                },
                "add": {
                  "component_groups": [
                    "minecraft:egg_mule"
                  ]
                }
              },
              {
                "weight": 1,
                "remove": {
                },
                "add": {
                  "component_groups": [
                    "minecraft:egg_ocelot"
                  ]
                }
              },
              {
                "weight": 1,
                "remove": {
                },
                "add": {
                  "component_groups": [
                    "minecraft:egg_ocelot"
                  ]
                }
              },
              {
                "weight": 1,
                "remove": {
                },
                "add": {
                  "component_groups": [
                    "minecraft:egg_panda"
                  ]
                }
              },
              {
                "weight": 1,
                "remove": {
                },
                "add": {
                  "component_groups": [
                    "minecraft:egg_parrot"
                  ]
                }
              },
              {
                "weight": 1,
                "remove": {
                },
                "add": {
                  "component_groups": [
                    "minecraft:egg_phantom"
                  ]
                }
              },
              {
                "weight": 1,
                "remove": {
                },
                "add": {
                  "component_groups": [
                    "minecraft:egg_pig"
                  ]
                }
              },
              {
                "weight": 1,
                "remove": {
                },
                "add": {
                  "component_groups": [
                    "minecraft:egg_pig"
                  ]
                }
              },
              {
                "weight": 1,
                "remove": {
                },
                "add": {
                  "component_groups": [
                    "minecraft:egg_polar_bear"
                  ]
                }
              },
              {
                "weight": 1,
                "remove": {
                },
                "add": {
                  "component_groups": [
                    "minecraft:egg_pufferfish"
                  ]
                }
              },
              {
                "weight": 1,
                "remove": {
                },
                "add": {
                  "component_groups": [
                    "minecraft:egg_rabbit"
                  ]
                }
              },
              {
                "weight": 1,
                "remove": {
                },
                "add": {
                  "component_groups": [
                    "minecraft:egg_ravager"
                  ]
                }
              },
              {
                "weight": 1,
                "remove": {
                },
                "add": {
                  "component_groups": [
                    "minecraft:egg_salmon"
                  ]
                }
              },
              {
                "weight": 1,
                "remove": {
                },
                "add": {
                  "component_groups": [
                    "minecraft:egg_sheep"
                  ]
                }
              },
              {
                "weight": 1,
                "remove": {
                },
                "add": {
                  "component_groups": [
                    "minecraft:egg_sheep"
                  ]
                }
              },
              {
                "weight": 1,
                "remove": {
                },
                "add": {
                  "component_groups": [
                    "minecraft:egg_shulker"
                  ]
                }
              },
              {
                "weight": 1,
                "remove": {
                },
                "add": {
                  "component_groups": [
                    "minecraft:egg_silverfish"
                  ]
                }
              },
              {
                "weight": 1,
                "remove": {
                },
                "add": {
                  "component_groups": [
                    "minecraft:egg_skeleton"
                  ]
                }
              },
              {
                "weight": 1,
                "remove": {
                },
                "add": {
                  "component_groups": [
                    "minecraft:egg_skeleton_horse"
                  ]
                }
              },
              {
                "weight": 1,
                "remove": {
                },
                "add": {
                  "component_groups": [
                    "minecraft:egg_slime"
                  ]
                }
              },
              {
                "weight": 1,
                "remove": {
                },
                "add": {
                  "component_groups": [
                    "minecraft:egg_squid"
                  ]
                }
              },
              {
                "weight": 1,
                "remove": {
                },
                "add": {
                  "component_groups": [
                    "minecraft:egg_stray"
                  ]
                }
              },
              {
                "weight": 1,
                "remove": {
                },
                "add": {
                  "component_groups": [
                    "minecraft:egg_tropical_fish"
                  ]
                }
              },
              {
                "weight": 1,
                "remove": {
                },
                "add": {
                  "component_groups": [
                    "minecraft:egg_turtle"
                  ]
                }
              },
              {
                "weight": 1,
                "remove": {
                },
                "add": {
                  "component_groups": [
                    "minecraft:egg_vex"
                  ]
                }
              },
              {
                "weight": 1,
                "remove": {
                },
                "add": {
                  "component_groups": [
                    "minecraft:egg_wither_skeleton"
                  ]
                }
              },
              {
                "weight": 1,
                "remove": {
                },
                "add": {
                  "component_groups": [
                    "minecraft:egg_wolf"
                  ]
                }
              },
              {
                "weight": 1,
                "remove": {
                },
                "add": {
                  "component_groups": [
                    "minecraft:egg_zombie"
                  ]
                }
              },
              {
                "weight": 1,
                "remove": {
                },
                "add": {
                  "component_groups": [
                    "minecraft:egg_zombie_horse"
                  ]
                }
              },
              {
                "weight": 1,
                "remove": {
                },
                "add": {
                  "component_groups": [
                    "minecraft:egg_zombie_pigman"
                  ]
                }
              }
            ]
          }
        ]
      },
      "minecraft:entity_born": {
        "remove": {
        },
        "add": {
          "component_groups": [
            "minecraft:chicken_baby"
          ]
        }
      },

      "minecraft:ageable_grow_up": {
        "remove": {
          "component_groups": [
            "minecraft:chicken_baby"
          ]
        },
        "add": {
          "component_groups": [
            "minecraft:chicken_adult"
          ]
        }
      },

      "minecraft:crown": {
        "remove": {
          "component_groups": [
            "minecraft:not_crowned"
          ]
        },
        "add": {
          "component_groups": [
            "minecraft:crowned"
          ]
        }
      },

      "minecraft:uncrown": {
        "remove": {
          "component_groups": [
            "minecraft:crowned",
            "minecraft:egg_bat",
            "minecraft:egg_bee",
            "minecraft:egg_blaze",
            "minecraft:egg_cat",
            "minecraft:egg_cave_spider",
            "minecraft:egg_chicken",
            "minecraft:egg_cod",
            "minecraft:egg_cow",
            "minecraft:egg_creeper",
            "minecraft:egg_dolphin",
            "minecraft:egg_donkey",
            "minecraft:egg_drowned",
            "minecraft:egg_elder_guardian",
            "minecraft:egg_enderman",
            "minecraft:egg_endermite",
            "minecraft:egg_fox",
            "minecraft:egg_ghast",
            "minecraft:egg_guardian",
            "minecraft:egg_horse",
            "minecraft:egg_husk",
            "minecraft:egg_llama",
            "minecraft:egg_magma_cube",
            "minecraft:egg_mooshroom",
            "minecraft:egg_mule",
            "minecraft:egg_ocelot",
            "minecraft:egg_panda",
            "minecraft:egg_parrot",
            "minecraft:egg_phantom",
            "minecraft:egg_pig",
            "minecraft:egg_polar_bear",
            "minecraft:egg_pufferfish",
            "minecraft:egg_rabbit",
            "minecraft:egg_ravager",
            "minecraft:egg_salmon",
            "minecraft:egg_sheep",
            "minecraft:egg_shulker",
            "minecraft:egg_silverfish",
            "minecraft:egg_skeleton",
            "minecraft:egg_skeleton_horse",
            "minecraft:egg_slime",
            "minecraft:egg_squid",
            "minecraft:egg_stray",
            "minecraft:egg_tropical_fish",
            "minecraft:egg_turtle",
            "minecraft:egg_vex",
            "minecraft:egg_wither_skeleton",
            "minecraft:egg_wolf",
            "minecraft:egg_zombie",
            "minecraft:egg_zombie_horse",
            "minecraft:egg_zombie_pigman"
          ]
        },
        "add": {
          "component_groups": [
            "minecraft:not_crowned",
            "minecraft:crown_drop"
          ]
        }
      }
    }
  }
}