{
  "format_version": "1.8.0",
  "minecraft:entity": {
    "description": {
      "identifier": "storymode:cobble_golem",
	  "runtime_identifier" : "minecraft:iron_golem",
      "is_spawnable": false,
      "is_summonable": true,
      "is_experimental": false
    },
    "component_groups": {
    },
	
    "components": {
      "minecraft:type_family": {
        "family": [ "cooled", "golem", "inanimate" ]
      },
      "minecraft:collision_box": {
        "width": 1.4,
        "height": 2.9
      },
      "minecraft:transformation": {
        "into": "storymode:magma_golem",
        "add": {
          "component_groups": [
            "minecraft:magma_golem_cooled"
          ]
        }
      },
	  "minecraft:pushable": {
        "is_pushable": true,
        "is_pushable_by_piston": true
      },
      "minecraft:health": {
        "value": 50,
        "max": 50
      },
      "minecraft:physics": {
      }
    },

    "events": {
      "minecraft:entity_transformed": {
        "sequence": [
          {
            "filters": { "test": "has_component", "operator": "!=", "value": "minecraft:variant" },
            "sequence": [
              {
                "filters": { "test": "is_family", "subject": "other", "value": "cooled" },
                "add": { "component_groups": [ "minecraft:magma_golem_cooled" ] }
              }
            ]
          }
        ]
      }
    }
  }
}