{
  "format_version": "1.8.0",
  "minecraft:entity": {
    "description": {
      "identifier": "storymode:creeder",
	  "runtime_identifier" : "minecraft:creeper",
      "is_spawnable": true,
      "is_summonable": true,
      "is_experimental": false
    },


    "component_groups": {
      "minecraft:exploding": {
        "minecraft:explode": {
          "fuseLength": 1.5,
          "fuseLit": true,
          "power": 4,
          "causesFire": false,
          "destroyAffectedByGriefing": true
        },
        "minecraft:is_saddled": {
        }
      },
	  "minecraft:charged_creeper": {
        "minecraft:is_charged": {
        }
      },
      "minecraft:charged_exploding": {
        "minecraft:explode": {
          "fuse_length": 1.5,
          "fuse_lit": true,
          "power": 6,
          "causes_fire": false,
          "destroy_affected_by_griefing": true
        },
        "minecraft:is_saddled": {
        }
      },
      "minecraft:forced_exploding": {
        "minecraft:target_nearby_sensor": {
        },
        "minecraft:explode": {
          "fuse_length": 1.5,
          "fuse_lit": true,
          "power": 3,
          "causes_fire": false,
          "destroy_affected_by_griefing": true
        },
        "minecraft:on_target_escape": {
        },
        "minecraft:is_saddled": {
        }
      },
      "minecraft:forced_charged_exploding": {
        "minecraft:target_nearby_sensor": {
        },
        "minecraft:explode": {
          "fuse_length": 1.5,
          "fuse_lit": true,
          "power": 6,
          "causes_fire": false,
          "destroy_affected_by_griefing": true
        },
        "minecraft:on_target_escape": {
        }
      }
    },

    "components": {
      "minecraft:nameable": {
      },
      "minecraft:type_family": {
        "family": [ "spider", "monster", "arthropod", "creeper" ]
      },
      "minecraft:breathable": {
        "totalSupply": 15,
        "suffocateTime": 0
      },
      "minecraft:behavior.swell": {
        "start_distance": 2.5,
        "stop_distance": 6.0,
        "priority": 0
      },
      "minecraft:behavior.melee_attack": {
        "priority": 4,
        "speed_multiplier": 1.0,
        "track_target": false,
        "reach_multiplier":  0.0 
      },
      "minecraft:loot": {
        "table": "loot_tables/entities/creeder.json"
      },
      "minecraft:collision_box": {
        "width": 1.0,
        "height": 2.0
      },
      "minecraft:health": {
        "value": 26,
        "max": 26
      },
      "minecraft:movement": {
        "value": 0.25
      },
      "minecraft:navigation.climb": {
        "can_path_over_water": true
      },
      "minecraft:movement.basic": {
      },
      "minecraft:jump.static": {
      },
      "minecraft:can_climb": {
      },
      "minecraft:attack": {
        "damage": 2
      },
	  "minecraft:damage_sensor": {
        "triggers": {
          "on_damage": {
            "filters": {
              "test": "is_family",
              "subject": "other",
              "value": "lightning"
            },
            "event": "minecraft:become_charged"
          },
          "deals_damage": false
        }
      },
      "minecraft:behavior.nearest_attackable_target": {
        "priority": 1,
        "entity_types": [
          {
            "filters": {
              "test": "is_family",
              "subject": "other",
              "value": "player"
            },
            "max_dist": 16
          }
        ],
        "must_see": true,
        "must_see_forget_duration": 0.0
      },
      "minecraft:target_nearby_sensor": {
        "inside_range": 2.5,
        "outside_range": 6.0,
        "on_inside_range": {
          "event": "minecraft:start_exploding",
          "target": "self"
        },
        "on_outside_range": {
          "event": "minecraft:stop_exploding",
          "target": "self"
        }
      },
        "minecraft:behavior.avoid_mob_type": {
          "priority": 3,
          "entity_types": [
            {
              "filters": {
                "any_of": [
                  { "test" :  "is_family", "subject" : "other", "value" :  "ocelot"},
                  { "test" :  "is_family", "subject" : "other", "value" :  "cat"}
                ]
              },
              "max_dist": 6,
              "walk_speed_multiplier": 1,
              "sprint_speed_multiplier": 1.2
            }
          ]
        },
      "minecraft:behavior.float": {
        "priority": 1
      },
      "minecraft:behavior.random_stroll": {
        "priority": 6,
        "speed_multiplier": 0.8
      },
      "minecraft:behavior.look_at_player": {
        "priority": 7,
        "look_distance": 6.0,
        "probability": 0.02
      },
      "minecraft:behavior.random_look_around": {
        "priority": 7
      },
      "minecraft:behavior.hurt_by_target": {
        "priority": 1
      },
	  "minecraft:interact": {
        "interactions": {
          "on_interact": {
            "filters": {
              "all_of": [
                {
                  "test": "is_family",
                  "subject": "other",
                  "value": "player"
                },
                {
                  "test": "has_equipment",
                  "domain": "hand",
                  "subject": "other",
                  "value": "flint_and_steel"
                },
                {
                  "test": "has_component",
                  "operator": "!=",
                  "value": "minecraft:explode"
                }
              ]
            },
            "event": "minecraft:start_exploding_forced",
            "target": "self"
          },
          "hurt_item": 1,
          "swing": true,
          "play_sounds": "ignite",
          "interact_text": "action.interact.creeper"
        }
      },
	  "minecraft:pushable": {
        "is_pushable": true,
        "is_pushable_by_piston": true
      },
      "minecraft:physics": {
      }
    },

    "events": {
	  "minecraft:start_exploding_forced": {
          "sequence": [
            {
              "filters": {
                "test": "has_component",
                "operator": "!=",
                "value": "minecraft:is_charged"
              },
              "add": {
                "component_groups": [
                  "minecraft:forced_exploding"
                ]
              }
            },
            {
              "filters": {
                "test": "has_component",
                "value": "minecraft:is_charged"
              },
              "add": {
                "component_groups": [
                  "minecraft:forced_charged_exploding"
                ]
              }
            }
          ]
        },
        "minecraft:start_exploding": {
          "sequence": [
            {
              "filters": {
                "test": "has_component",
                "operator": "!=",
                "value": "minecraft:is_charged"
              },
              "add": {
                "component_groups": [
                  "minecraft:exploding"
                ]
              }
            },
            {
              "filters": {
                "test": "has_component",
                "value": "minecraft:is_charged"
              },
              "add": {
                "component_groups": [
                  "minecraft:charged_exploding"
                ]
              }
            }
          ]
        },
        "minecraft:stop_exploding": {
          "remove": {
            "component_groups": [
              "minecraft:exploding"
            ]
          }
        },
        "minecraft:become_charged": {
          "remove": {
            "component_groups": [
              "minecraft:exploding"
            ]
          },
          "add": {
            "component_groups": [
              "minecraft:charged_creeper"
            ]
          }
        }
    }
  }
}