{
  "format_version": "1.8.0",
  "minecraft:entity": {
    "description": {
      "identifier": "storymode:elixir_bottle_substitute",
      "is_spawnable": false,
      "is_summonable": true,
      "is_experimental": false
    },

    "components": {
      "minecraft:collision_box": {
        "width": 0.2,
        "height": 0.2
      },
      "minecraft:type_family": {
        "family": [ "elixir" ]
      },
      "minecraft:projectile": {
        "on_hit": {
          "impact_damage": {
            "damage": [ 1, 2 ],
            "knockback": false
          },
          "douse_fire": { },
          "remove_on_hit": { }
        },
        "offset": [ 0, -0.1, 0 ],
        "power": 0.5,
        "gravity": 0.05,
        "angle_offset": 0.0,
        "hit_sound": "glass",
        "particle": "iconcrack"
      },
	  "minecraft:physics": {
      },
      "minecraft:conditional_bandwidth_optimization": {
        "default_values": {
          "max_optimized_distance": 80.0,
          "max_dropped_ticks": 10,
          "use_motion_prediction_hints": true
        }
      }
    }
  }
}
