{
  "format_version": "1.12.0",
 "minecraft:entity": {
  "description": {
    "identifier": "minecraft:fireball",
    "is_spawnable": false,
    "is_summonable": false,
    "is_experimental": false
  },

  "component_groups": {
   "minecraft:exploding": {
    "minecraft:explode": {
     "fuseLength": 0,
     "fuseLit": true,
     "power": 1,
     "causesFire": true,
     "fireAffectedByGriefing": true,
     "destroyAffectedByGriefing": true
    }
   },
   "minecraft:bossfireball": {
    "minecraft:projectile": {
    
     "on_hit": {
      "definition_event": {
       "affectProjectile": true,
       "eventTrigger": {
             "event": "minecraft:explode",
             "target": "self"
       }
      },
      "impact_damage": {
         "damage": 4,
         "knockback": true
       }
     },
     "power": 1.8,
     "gravity": 0.00,
     "inertia": 1,
     "uncertaintyBase": 0,
     "uncertaintyMultiplier": 0,
     "anchor": 1,
     "offset": [ -0.75, -5.0, -0.0 ],
     "reflectOnHurt": true,
     "catchFire": true
    },
    "minecraft:type_family": {
      "family": [ "giant_ghast_fireball" ]
    }
   }
  },

  "components": {
   "minecraft:collision_box": {
    "width": 0.31,
    "height": 0.31
   },
   "minecraft:projectile": {
    
    "onHit": {
     "definition_event": {
      "affectProjectile": true,
      "eventTrigger": {
            "event": "minecraft:explode",
            "target": "self"
      }
     }
    },
    "power": 1.6,
    "gravity": 0.00,
    "inertia": 1,
    "uncertaintyBase": 0,
    "uncertaintyMultiplier": 0,
    "anchor": 1,
    "offset": [ 0, -0.1, 0 ],
    "reflectOnHurt": true,
    "catchFire": true
   },
   "minecraft:physics": {
   },
   "minecraft:pushable": {
    "is_pushable": true,
    "is_pushable_by_piston": true
   },
   "minecraft:conditional_bandwidth_optimization": {
    "default_values": {
      "max_optimized_distance": 80.0,
      "max_dropped_ticks": 10,
      "use_motion_prediction_hints": true
    }
   }
  },
  "events": {
   "minecraft:explode": {
    "add": {
     "component_groups": [
      "minecraft:exploding"
     ]
    }
   },
   "minecraft:entity_spawned": {
    "sequence": [
     {
      "filters": {"test": "is_family", "subject": "other", "value": "giant_ghast"},
       "add": {
        "component_groups": [ "minecraft:bossfireball" ]
       }
     }
    ]
   }
  }
 }
}
