{
  "format_version": "1.8.0",
  "minecraft:entity": {
    "description": {
      "identifier": "storymode:giant_ghast",
      "is_spawnable": true,
      "is_summonable": true,
      "is_experimental": false
    },

    "components": {
      "minecraft:breathable": {
        "totalSupply": 15,
        "suffocateTime": 0
      },
      "minecraft:fire_immune": true,
      "minecraft:health": {
        "value": 600,
        "max": 600
      },
      "minecraft:knockback_resistance": {
        "value": 5.0
      },
	  "minecraft:experience_reward": {
        "on_death": "100"
      },
      "minecraft:boss": {
        "should_darken_sky": true,
		"name": "Giant Ghast",
        "hud_range": 55
      },
	  "minecraft:pushable": {
        "is_pushable": true,
        "is_pushable_by_piston": true
      },
      "minecraft:collision_box": {
        "width": 9,
        "height": 9
      },
      "minecraft:movement": {
        "value": 0.02
      },
      "minecraft:navigation.float": {
        "can_path_over_water": true
      },
      "minecraft:behavior.float_wander": {
        "priority": 2,
        "must_reach": true
      },
	  "minecraft:behavior.move_towards_target": {
        "priority": 2,
        "within_radius": 20
      },
      "minecraft:can_fly": {
      },
      "minecraft:loot": {
        "table": "loot_tables/entities/giant_ghast.json"
      },
      "minecraft:shooter": {
        "def": "minecraft:fireball"
      },
      "minecraft:type_family": {
        "family": [ "ghast", "giant_ghast", "monster" ]
      },
      "minecraft:fall_damage": {
        "value": 0.0
      },
      "minecraft:jump.static": {
      },
      "minecraft:behavior.float": {
        "priority": 0
      },
      "minecraft:behavior.ranged_attack": {
        "priority": 2,
        "attack_interval_min": 4,
        "attack_interval_max": 6,
        "charge_charged_trigger": 2.0,
        "charge_shoot_trigger": 4.0,
        "attack_radius": 48,
        "burst_shots": 20,
        "burst_interval": 0.25,
        "speed_multipler": 1.0
      },
      "minecraft:follow_range": {
        "value": 64,
        "max": 64
      },
      "minecraft:behavior.hurt_by_target": {
        "priority": 3
      },
      "minecraft:behavior.nearest_attackable_target": {
        "priority": 1,
        "entity_types": [
          {
            "filters": {
              "test": "is_family",
              "subject": "other",
              "value": "player"
            },
            "max_dist": 28
          },
		  {
            "filters": {
              "test": "is_family",
              "subject": "other",
              "value": "storm"
            },
            "max_dist": 28
          }
        ],
        "must_see": true
      },
      "minecraft:behavior.summon_entity": {
        "priority": 1,

        "summon_choices": [
          {
            "weight": 2,
            "cooldown_time": 900.0,
            "cast_duration": 2.0,
            "sequence": [
              {
                "shape": "circle",
                "target": "self",
                "base_delay": 5.0,
                "num_entities_spawned": 2,
                "entity_type": "minecraft:ghast",
                "summon_cap": 20,
                "summon_cap_radius": 16.0,
                "size": 2.0,
                "sound_event": "mob.ghast.affectionate_scream"
              }
            ]
          },
          {
            "weight": 3,
            "cooldown_time": 900.0,
            "cast_duration": 2.0,
            "sequence": [
              {
                "shape": "circle",
                "target": "self",
                "base_delay": 5.0,
                "num_entities_spawned": 4,
                "entity_type": "minecraft:ghast",
                "summon_cap": 20,
                "summon_cap_radius": 16.0,
                "size": 1.0,
                "sound_event": "mob.ghast.affectionate_scream"
              }
            ]
          },
          {
            "weight": 1,
            "cooldown_time": 900.0,
            "cast_duration": 2.0,
            "sequence": [
              {
                "shape": "circle",
                "target": "self",
                "base_delay": 5.0,
                "num_entities_spawned": 3,
                "entity_type": "minecraft:ghast",
                "summon_cap": 20,
                "summon_cap_radius": 16.0,
                "size": 2.0,
                "sound_event": "mob.ghast.affectionate_scream"
              }
            ]
          }
        ]
      },
      "minecraft:physics": {
      }
    }
  }
}
