{
  "format_version": "1.13.0",
  "minecraft:entity": {
    "description": {
      "identifier": "storymode:icy_golem_boss",
	  "runtime_identifier" : "minecraft:iron_golem",
      "is_spawnable": true,
      "is_summonable": true,
      "is_experimental": false,
	  "scripts": {
		"animate": [
		  "icy_golem_boss"
		]
	  },
	  "animations": {
		"icy_golem_boss": "controller.animation.icy_golem_boss"
	  }
    },

    "component_groups": {
	
	  "minecraft:ranged_mode": {
        "minecraft:shooter": {
          "def": "minecraft:snowball"
        },
		"minecraft:is_charged": {
        },
        "minecraft:behavior.ranged_attack": {
          "priority": 1,
          "attack_interval_min": 3,
          "attack_interval_max": 4,
          "charge_charged_trigger": 1.0,
          "charge_shoot_trigger": 2.0,
          "attack_radius": 32,
          "burst_shots": 4,
          "burst_interval": 0.25,
          "speed_multipler": 2.0
        }
      },

      "minecraft:melee_mode": {
        "minecraft:attack": {
          "damage": {
			"range_min": 17,
			"range_max": 24
		  }
		},
        "minecraft:behavior.melee_attack": {
          "priority": 1,
          "target_dist": 0.5,
          "track_target": false
        }
      },
	  
	  "minecraft:full_health": {
        "minecraft:variant": {
          "value": 0
        },
        "minecraft:health": {
          "value": 150,
          "max": 150
        },
        "minecraft:movement": {
          "value": 0.2
        },
        "minecraft:follow_range": {
          "value": 64
        },
        "minecraft:behavior.hurt_by_target": {
          "priority": 2,
          "entity_types": {
            "filters": { "test": "is_family", "subject": "other", "operator": "!=", "value": "creeper" }
          }
        },
	  
        "minecraft:jump.static": {
        },
		"minecraft:preferred_path" : {
          "max_fall_blocks" : 1,
          "jump_cost" : 5,
          "default_block_cost" : 1.5,
          "preferred_path_blocks" : [
            { 
              "cost" : 0,
              "blocks" : [ 
                "grass_path"
              ]
            },
            { 
              "cost" : 1,
              "blocks" : [ 
                "cobblestone", 
                "stone",
                "stonebrick",
                "sandstone",
                "mossy_cobblestone",
                "stone_slab",
                "stone_slab2",
                "stone_slab3",
                "stone_slab4",
                "double_stone_slab",
                "double_stone_slab2",
                "double_stone_slab3",
                "double_stone_slab4",
                "wooden_slab",
                "double_wooden_slab",
                "planks",
                "brick_block",
                "nether_brick",
                "red_nether_brick",
                "end_bricks",
                "red_sandstone",
                "stained_glass",
                "glass",
                "glowstone",
                "prismarine",
                "emerald_block",
                "diamond_block",
                "lapis_block",
                "gold_block",
                "redstone_block",
                "purple_glazed_terracotta",
                "white_glazed_terracotta",
                "orange_glazed_terracotta",
                "magenta_glazed_terracotta",
                "light_blue_glazed_terracotta",
                "yellow_glazed_terracotta",
                "lime_glazed_terracotta",
                "pink_glazed_terracotta",
                "gray_glazed_terracotta",
                "silver_glazed_terracotta",
                "cyan_glazed_terracotta",
                "blue_glazed_terracotta",
                "brown_glazed_terracotta",
                "green_glazed_terracotta",
                "red_glazed_terracotta",
                "black_glazed_terracotta"
              ]
            },
            { 
              "cost" : 50,
              "blocks" : [ 
                "bed",
                "lectern",
                "composter",
                "grindstone",
                "blast_furnace",
                "smoker",
                "fletching_table",
                "cartography_table",
                "brewing_stand",
                "smithing_table",
                "cauldron",
                "barrel",
                "loom",
                "stonecutter"
              ]
            }
          ]
        },
	    
        "minecraft:behavior.target_when_pushed": {
          "priority": 3,
          "percent_chance": 5.0,
          "entity_types": [
            {
              "filters": { 
                "all_of": [
                  { "test" :  "is_family", "subject" : "other", "value" :  "monster" },
                  { "test" :  "is_family", "subject" : "other", "operator": "!=", "value" :  "creeper" }
                ] 
              }
            }
          ]
        },
      
	    "minecraft:target_nearby_sensor": {
          "inside_range": 5.0,
          "outside_range": 7.0,
          "on_inside_range": {
            "event": "minecraft:switch_to_melee",
            "target": "self"
          },
          "on_outside_range": {
            "event": "minecraft:switch_to_ranged",
            "target": "self"
          }
        },
        "minecraft:movement.basic": {
        },
        "minecraft:can_climb": {
        },
		"minecraft:damage_sensor": {
          "triggers": [
            {
			  "on_damage": {
                "filters": {
                  "test": "has_damage",
                  "value": "fatal"
                },
                "event": "minecraft:crack_it"
              },
              "deals_damage": false
			},
			{
			  "cause": "projectile",
			  "damage_multiplier": 0.25,
              "deals_damage": true
			},
			{
			  "cause": "entity_explosion",
			  "damage_multiplier": 0.25,
              "deals_damage": true
			},
			{
			  "cause": "block_explosion",
			  "damage_multiplier": 0.25,
              "deals_damage": true
			},
			{
              "cause": "fall",
              "deals_damage": false
            }
          ]
        },
        "minecraft:navigation.walk": {
          "can_path_over_water": false,
          "avoid_water": true,
          "avoid_damage_blocks": true
        },
		"minecraft:behavior.move_towards_target": {
          "priority": 2,
          "speed_multiplier": 0.9,
          "within_radius": 32
        },
        "minecraft:behavior.random_stroll": {
          "priority": 6,
          "speed_multiplier": 0.6,
          "xz_dist": 16
        }
      },
	  
	  "minecraft:cracked": {
        "minecraft:variant": {
          "value": 1
        },
        "minecraft:health": {
          "value": 125,
          "max": 125
        },
		"minecraft:movement": {
          "value": 0.2
        },
        "minecraft:follow_range": {
          "value": 64
        },
        "minecraft:behavior.hurt_by_target": {
          "priority": 2,
          "entity_types": {
            "filters": { "test": "is_family", "subject": "other", "operator": "!=", "value": "creeper" }
          }
        },
		"minecraft:preferred_path" : {
          "max_fall_blocks" : 1,
          "jump_cost" : 5,
          "default_block_cost" : 1.5,
          "preferred_path_blocks" : [
            { 
              "cost" : 0,
              "blocks" : [ 
                "grass_path"
              ]
            },
            { 
              "cost" : 1,
              "blocks" : [ 
                "cobblestone", 
                "stone",
                "stonebrick",
                "sandstone",
                "mossy_cobblestone",
                "stone_slab",
                "stone_slab2",
                "stone_slab3",
                "stone_slab4",
                "double_stone_slab",
                "double_stone_slab2",
                "double_stone_slab3",
                "double_stone_slab4",
                "wooden_slab",
                "double_wooden_slab",
                "planks",
                "brick_block",
                "nether_brick",
                "red_nether_brick",
                "end_bricks",
                "red_sandstone",
                "stained_glass",
                "glass",
                "glowstone",
                "prismarine",
                "emerald_block",
                "diamond_block",
                "lapis_block",
                "gold_block",
                "redstone_block",
                "purple_glazed_terracotta",
                "white_glazed_terracotta",
                "orange_glazed_terracotta",
                "magenta_glazed_terracotta",
                "light_blue_glazed_terracotta",
                "yellow_glazed_terracotta",
                "lime_glazed_terracotta",
                "pink_glazed_terracotta",
                "gray_glazed_terracotta",
                "silver_glazed_terracotta",
                "cyan_glazed_terracotta",
                "blue_glazed_terracotta",
                "brown_glazed_terracotta",
                "green_glazed_terracotta",
                "red_glazed_terracotta",
                "black_glazed_terracotta"
              ]
            },
            { 
              "cost" : 50,
              "blocks" : [ 
                "bed",
                "lectern",
                "composter",
                "grindstone",
                "blast_furnace",
                "smoker",
                "fletching_table",
                "cartography_table",
                "brewing_stand",
                "smithing_table",
                "cauldron",
                "barrel",
                "loom",
                "stonecutter"
              ]
            }
          ]
        },
	  
        "minecraft:behavior.target_when_pushed": {
          "priority": 3,
          "percent_chance": 5.0,
          "entity_types": [
            {
              "filters": { 
                "all_of": [
                  { "test" :  "is_family", "subject" : "other", "value" :  "monster" },
                  { "test" :  "is_family", "subject" : "other", "operator": "!=", "value" :  "creeper" }
                ] 
              }
            }
          ]
        },
		
        "minecraft:jump.static": {
        },
        "minecraft:movement.basic": {
        },
        "minecraft:can_climb": {
        },
		"minecraft:damage_sensor": {
          "triggers": [
            {
			  "on_damage": {
                "filters": {
                  "test": "has_damage",
                  "value": "fatal"
                },
                "event": "minecraft:break_the_legs"
              },
              "deals_damage": false
			},
			{
			  "cause": "projectile",
			  "damage_multiplier": 0.25,
              "deals_damage": true
			},
			{
			  "cause": "entity_explosion",
			  "damage_multiplier": 0.25,
              "deals_damage": true
			},
			{
			  "cause": "block_explosion",
			  "damage_multiplier": 0.25,
              "deals_damage": true
			},
			{
              "cause": "fall",
              "deals_damage": false
            }
          ]
        },
		"minecraft:target_nearby_sensor": {
          "inside_range": 5.0,
          "outside_range": 7.0,
          "on_inside_range": {
            "event": "minecraft:switch_to_melee",
            "target": "self"
          },
          "on_outside_range": {
            "event": "minecraft:switch_to_ranged",
            "target": "self"
          }
        },
		"minecraft:behavior.move_towards_target": {
          "priority": 2,
          "speed_multiplier": 0.9,
          "within_radius": 32
        },
        "minecraft:behavior.random_stroll": {
          "priority": 6,
          "speed_multiplier": 0.6,
          "xz_dist": 16
        },
        "minecraft:navigation.walk": {
          "can_path_over_water": false,
          "avoid_water": true,
          "avoid_damage_blocks": true
        }
      },
	  
	  "minecraft:no_legs": {
        "minecraft:variant": {
          "value": 2
        },
        "minecraft:health": {
          "value": 125,
          "max": 125
        },
        "minecraft:behavior.hurt_by_target": {
          "priority": 2,
          "entity_types": {
            "filters": { "test": "is_family", "subject": "other", "operator": "!=", "value": "creeper" }
          }
        },
		"minecraft:collision_box": {
          "width": 1.4,
          "height": 1.8
        },
		"minecraft:movement": {
          "value": 0.0
        },
		"minecraft:damage_sensor": {
          "triggers": [
            {
			  "on_damage": {
                "filters": {
                  "test": "has_damage",
                  "value": "fatal"
                },
                "event": "minecraft:break_the_arms"
              },
              "deals_damage": false
			},
			{
			  "cause": "projectile",
			  "damage_multiplier": 0.25,
              "deals_damage": true
			},
			{
			  "cause": "entity_explosion",
			  "damage_multiplier": 0.25,
              "deals_damage": true
			},
			{
			  "cause": "block_explosion",
			  "damage_multiplier": 0.25,
              "deals_damage": true
			},
			{
              "cause": "fall",
              "deals_damage": false
            }
          ]
        },
		"minecraft:shooter": {
          "def": "minecraft:snowball"
        },
        "minecraft:behavior.target_when_pushed": {
          "priority": 3,
          "percent_chance": 5.0,
          "entity_types": [
            {
              "filters": { 
                "all_of": [
                  { "test" :  "is_family", "subject" : "other", "value" :  "monster" },
                  { "test" :  "is_family", "subject" : "other", "operator": "!=", "value" :  "creeper" }
                ] 
              }
            }
          ]
        },
		"minecraft:target_nearby_sensor": {
          "inside_range": 5.0,
          "outside_range": 7.0,
          "on_inside_range": {
            "event": "minecraft:switch_to_melee",
            "target": "self"
          },
          "on_outside_range": {
            "event": "minecraft:switch_to_ranged",
            "target": "self"
          }
        }
      },
	  
	  "minecraft:no_arms": {
        "minecraft:variant": {
          "value": 3
        },
        "minecraft:health": {
          "value": 125,
          "max": 125
        },
		"minecraft:collision_box": {
          "width": 1.4,
          "height": 1.8
        },
		"minecraft:interact": {
          "interactions": [
            {
              "cooldown": 2.5,
              "use_item": false,
              "hurt_item": 1,
              "play_sounds": "shear",
              "interact_text": "action.interact.shear",
              "on_interact": {
                "filters": {
                  "all_of": [
                    { "test": "has_equipment", "subject": "other", "domain": "hand", "value": "shears"},
                    { "test": "is_family", "subject": "other", "value": "player"},
                    { "test": "has_component", "operator": "!=", "value": "minecraft:is_sheared"}
                  ]
                },
                "event": "minecraft:on_sheared",
                "target": "self"
              }
            }
          ]
        }
      },
	  
	  "minecraft:snowman_sheared": {
        "minecraft:is_sheared": {
        },
	    "minecraft:loot": {
          "table": "loot_tables/entities/icy.json"
        }
      }
	  
    },

    "components": {
      "minecraft:type_family": {
        "family": [ "icygolem", "bossgolem", "golem", "monster" ]
      },
      "minecraft:nameable": {
      },
      "minecraft:boss": {
        "should_darken_sky": true,
		"name": "Icy Golem",
        "hud_range": 55
      },
	  "minecraft:fire_immune": true,
      "minecraft:collision_box": {
        "width": 1.4,
        "height": 2.8
      },
      "minecraft:scale": {
        "value": 1.5
      },
      "minecraft:hurt_on_condition": {
        "damage_conditions": [
          {
            "filters": { "test": "in_lava", "subject": "self", "operator": "==", "value": true },
            "cause": "lava",
            "damage_per_tick": 4
          },
          {
            "filters": { "test": "is_temperature_value", "operator": ">", "value": 1.0 },
            "cause": "temperature",
            "damage_per_tick": 1
          },
          {
            "filters": { "test": "in_water_or_rain", "operator": "==", "value": true },
            "cause": "drowning",
            "damage_per_tick": 1
          }
        ]
      },
      "minecraft:knockback_resistance": {
        "value": 2.5
      },
      "minecraft:leashable": {
        "soft_distance": 4.0,
        "hard_distance": 6.0,
        "max_distance": 10.0
      },
      "minecraft:balloonable": {
      },
      
      "minecraft:behavior.look_at_player": {
        "priority": 7,
        "look_distance": 6.0,
        "probability": 0.02
      },
      "minecraft:behavior.random_look_around": {
        "priority": 8
      },
      "minecraft:behavior.nearest_attackable_target": {
        "priority": 1,
        "entity_types": [
          {
            "filters": { 
                "any_of": [
                  { "test" :  "is_family", "subject" : "other", "value" :  "player"},
                  { "test" :  "is_family", "subject" : "other", "value" :  "irongolem"},
                  { "test" :  "is_family", "subject" : "other", "value" :  "villager"}
                ] 
            },
            "max_dist": 32
          }
        ],
        "must_see": true,
        "must_reach": true
      },
	  
      "minecraft:persistent": {
      },
      "minecraft:physics": {
      },
      "minecraft:pushable": {
        "is_pushable": true,
        "is_pushable_by_piston": true
      },
      "minecraft:conditional_bandwidth_optimization": {
      }
    },

    "events": { 
	  "minecraft:entity_spawned": {
        "add": {
          "component_groups": [
            "minecraft:full_health"
          ]
        }
      },
      "minecraft:switch_to_melee": {
        "remove": {
          "component_groups": [
            "minecraft:ranged_mode"
          ]
        },
        "add": {
          "component_groups": [
            "minecraft:melee_mode"
          ]
        }
      },
      "minecraft:switch_to_ranged": {
        "remove": {
          "component_groups": [
            "minecraft:melee_mode"
          ]
        },
        "add": {
          "component_groups": [
            "minecraft:ranged_mode"
          ]
        }
      },
	  
	  "minecraft:crack_it": {
        "remove": {
          "component_groups": [
            "minecraft:full_health"
          ]
        },
        "add": {
          "component_groups": [
            "minecraft:cracked"
          ]
        }
      },
	  "minecraft:break_the_legs": {
        "remove": {
          "component_groups": [
			"minecraft:cracked"
          ]
        },
        "add": {
          "component_groups": [
            "minecraft:no_legs"
          ]
        }
      },
	  "minecraft:break_the_arms": {
        "remove": {
          "component_groups": [
			"minecraft:no_legs",
			"minecraft:ranged_mode",
			"minecraft:melee_mode"
          ]
        },
        "add": {
          "component_groups": [
            "minecraft:no_arms"
          ]
        }
      },
	  
	  "minecraft:on_sheared": {
        "remove": {
        },
        "add": {
          "component_groups": [
            "minecraft:snowman_sheared"
          ]
        }
      }
    }
  }
}