{
  "format_version": "1.8.0",
  "minecraft:entity": {
    "description": {
      "identifier": "storymode:icy_ender_creeper",
	  "runtime_identifier" : "minecraft:creeper",
      "is_spawnable": true,
      "is_summonable": true,
      "is_experimental": false
    },
    "component_groups": {
      "minecraft:enderman_calm": {
        "minecraft:on_target_acquired": {
          "event": "minecraft:become_angry",
          "target": "self"
        },
        "minecraft:movement": {
          "value": 0.3
        }
      },

      "minecraft:enderman_angry": {
        "minecraft:angry": {
          "duration": 25,
          "calm_event": {
            "event": "minecraft:on_calm",
            "target": "self"
          }
        },
        "minecraft:movement": {
          "value": 0.45
        },
        "minecraft:behavior.melee_attack": {
          "priority": 2,
          "speed_multiplier": 1.0,
          "track_target": false
        },
        "minecraft:target_nearby_sensor": {
          "inside_range": 2.5,
          "outside_range": 6.0,
          "on_inside_range": {
            "event": "minecraft:start_exploding",
            "target": "self"
          },
          "on_outside_range": {
            "event": "minecraft:stop_exploding",
            "target": "self"
          }
        }
      },
	  "minecraft:charged_creeper": {
        "minecraft:is_charged": {
        }
      },
      "minecraft:charged_exploding": {
        "minecraft:explode": {
          "fuse_length": 1.5,
          "fuse_lit": true,
          "power": 6,
          "causes_fire": false,
          "destroy_affected_by_griefing": true
        },
        "minecraft:is_saddled": {
        }
      },
      "minecraft:exploding": {
        "minecraft:explode": {
          "fuseLength": 1.5,
          "fuseLit": true,
          "power": 3,
          "causesFire": false,
          "destroyAffectedByGriefing": true
        },
        "minecraft:is_saddled": {
        }
      }
    },

    "components": {
      "minecraft:type_family": {
        "family": [ "enderman", "creeper", "monster" ]
      },
      "minecraft:breathable": {
        "totalSupply": 15,
        "suffocateTime": 0
      },
      "minecraft:nameable": {
      },
	  "minecraft:damage_sensor": {
        "triggers": {
          "on_damage": {
            "filters": {
              "test": "is_family",
              "subject": "other",
              "value": "lightning"
            },
            "event": "minecraft:become_charged"
          },
          "deals_damage": false
        }
      },
      "minecraft:loot": {
        "table": "loot_tables/entities/endercreep.json"
      },
      "minecraft:health": {
        "value": 40,
        "max": 40
      },
      "minecraft:attack": {
        "damage": 10,
        "effect_name": "slowness",
        "effect_duration": 30
      },
      "minecraft:follow_range": {
        "value": 32,
        "max": 32
      },
      "minecraft:behavior.swell": {
        "start_distance": 2.5,
        "stop_distance": 6.0,
        "priority": 2
      },
      "minecraft:collision_box": {
        "width": 0.6,
        "height": 2.9
      },
      "minecraft:teleport": {
        "randomTeleports": true,
        "maxRandomTeleportTime": 30,
        "randomTeleportCube": [ 32, 32, 32 ],
        "targetDistance": 16,
        "target_teleport_chance": 0.05,
        "lightTeleportChance": 0.05
      },
      "minecraft:lookat": {
        "search_radius": 64.0,
        "set_target": true,
        "look_cooldown": 5.0,
        "filters": [
		  {
            "all_of": [
              {
                "subject": "other",
                "test": "is_family",
                "value": "player"
              },
              {
                "test": "has_equipment",
                "domain": "head",
                "subject": "other",
                "operator": "not",
                "value": "carved_pumpkin"
              }
            ]
          },
		  {
            "all_of": [
              {
                "subject": "other",
                "test": "is_family",
                "value": "player"
              },
              {
                "test": "has_equipment",
                "domain": "head",
                "subject": "other",
                "operator": "not",
                "value": "storymode:enderman_leggings"
              },
              {
                "test": "has_equipment",
                "domain": "head",
                "subject": "other",
                "operator": "not",
                "value": "storymode:enderman_chestplate"
              },
              {
                "test": "has_equipment",
                "domain": "head",
                "subject": "other",
                "operator": "not",
                "value": "storymode:enderman_helmet"
              },
              {
                "test": "has_equipment",
                "domain": "head",
                "subject": "other",
                "operator": "not",
                "value": "storymode:enderman_boots"
              }
            ]
          }
		]
      },
      "minecraft:behavior.nearest_attackable_target": {
        "priority": 5,
        "attack_interval": 10,
        "entity_types": [
          {
            "filters": {
              "test": "is_family",
              "subject": "other",
              "value": "endermite"
            },
            "max_dist": 64
          }
        ],
        "must_see": true
      },
      "minecraft:navigation.walk": {
        "can_path_over_water": false,
        "avoid_water": true
      },
      "minecraft:movement.basic": {

      },
      "minecraft:jump.static": {
      },
      "minecraft:can_climb": {
      },
      "minecraft:behavior.float": {
        "priority": 0
      },
      "minecraft:behavior.random_stroll": {
        "priority": 7,
        "speed_multiplier": 1.0
      },
      "minecraft:behavior.look_at_player": {
        "priority": 8,
        "look_distance": 8.0,
        "probability": 8.0
      },
      "minecraft:behavior.random_look_around": {
        "priority": 8
      },
      "minecraft:behavior.hurt_by_target": {
        "priority": 3
      },
      "minecraft:hurt_when_wet": {
        "value": true
      },
	  "minecraft:pushable": {
        "is_pushable": true,
        "is_pushable_by_piston": true
      },
      "minecraft:physics": {
      }
    },

    "events": {
      "minecraft:entity_spawned": {
        "remove": {
        },
        "add": {
          "component_groups": [
            "minecraft:enderman_calm"
          ]
        }
      },
      "minecraft:become_angry": {
        "remove": {
          "component_groups": [
            "minecraft:enderman_calm"
          ]
        },
        "add": {
          "component_groups": [
            "minecraft:enderman_angry"
          ]
        }
      },
      "minecraft:on_calm": {
        "remove": {
          "component_groups": [
            "minecraft:enderman_angry"
          ]
        },
        "add": {
          "component_groups": [
            "minecraft:enderman_calm"
          ]
        }
      },
      "minecraft:start_exploding": {
          "sequence": [
            {
              "filters": {
                "test": "has_component",
                "operator": "!=",
                "value": "minecraft:is_charged"
              },
              "add": {
                "component_groups": [
                  "minecraft:exploding"
                ]
              }
            },
            {
              "filters": {
                "test": "has_component",
                "value": "minecraft:is_charged"
              },
              "add": {
                "component_groups": [
                  "minecraft:charged_exploding"
                ]
              }
            }
          ]
        },
        "minecraft:stop_exploding": {
          "remove": {
            "component_groups": [
              "minecraft:exploding"
            ]
          }
        },
        "minecraft:become_charged": {
          "remove": {
            "component_groups": [
              "minecraft:exploding"
            ]
          },
          "add": {
            "component_groups": [
              "minecraft:charged_creeper"
            ]
          }
        }
    }
  }
}