{
  "format_version": "1.8.0",
  "minecraft:entity": {
    "description": {
      "identifier": "storymode:magma_golem",
	  "runtime_identifier": "minecraft:iron_golem",
      "is_spawnable": true,
      "is_summonable": true,
      "is_experimental": false
    },
    "component_groups": {
      "minecraft:magma_golem_hot": {
        "minecraft:health": {
          "value": 200,
          "max": 200
        },
        "minecraft:movement": {
          "value": 0.25
        },
	    "minecraft:preferred_path" : {
          "max_fall_blocks" : 1,
          "jump_cost" : 5,
          "default_block_cost" : 1.5,
          "preferred_path_blocks" : [
            { 
              "cost" : 0,
              "blocks" : [ 
                "grass_path"
              ]
            },
            { 
              "cost" : 1,
              "blocks" : [ 
                "cobblestone", 
			    "magma", 
                "stone",
                "stonebrick",
                "sandstone",
                "mossy_cobblestone",
                "stone_slab",
                "stone_slab2",
                "stone_slab3",
                "stone_slab4",
                "double_stone_slab",
                "double_stone_slab2",
                "double_stone_slab3",
                "double_stone_slab4",
                "wooden_slab",
                "double_wooden_slab",
                "planks",
                "brick_block",
                "nether_brick",
                "red_nether_brick",
                "end_bricks",
                "red_sandstone",
                "stained_glass",
                "glass",
                "glowstone",
                "prismarine",
                "emerald_block",
                "diamond_block",
                "lapis_block",
                "gold_block",
                "redstone_block",
                "purple_glazed_terracotta",
                "white_glazed_terracotta",
                "orange_glazed_terracotta",
                "magenta_glazed_terracotta",
                "light_blue_glazed_terracotta",
                "yellow_glazed_terracotta",
                "lime_glazed_terracotta",
                "pink_glazed_terracotta",
                "gray_glazed_terracotta",
                "silver_glazed_terracotta",
                "cyan_glazed_terracotta",
                "blue_glazed_terracotta",
                "brown_glazed_terracotta",
                "green_glazed_terracotta",
                "red_glazed_terracotta",
                "black_glazed_terracotta"
               ]
            },
            { 
              "cost" : 50,
              "blocks" : [ 
                "bed",
                "lectern",
                "composter",
                "grindstone",
                "blast_furnace",
                "smoker",
                "fletching_table",
                "cartography_table",
                "brewing_stand",
                "smithing_table",
                "cauldron",
                "barrel",
                "loom",
                "stonecutter"
              ]
            }
          ]
        },
        "minecraft:navigation.walk": {
          "can_path_over_water": false,
          "avoid_water": true,
          "avoid_damage_blocks": true,
          "can_sink": true,
          "can_walk_in_lava": true
        },
        "minecraft:movement.basic": {
        
        },
        "minecraft:jump.static": {
        },
        "minecraft:can_climb": {
        },
        "minecraft:behavior.melee_attack": {
          "priority": 1,
          "target_dist": 1.0,
          "track_target": true
        },
        "minecraft:behavior.move_towards_target": {
          "priority": 2,
          "speed_multiplier": 0.9,
          "within_radius": 32
        },
        "minecraft:behavior.move_towards_restriction": {
          "priority": 4,
          "speed_multiplier": 0.6
        },
        "minecraft:behavior.random_stroll": {
          "priority": 6,
          "speed_multiplier": 0.6,
          "xz_dist": 16
        },
        "minecraft:behavior.look_at_player": {
          "priority": 7,
          "look_distance": 6.0,
          "probability": 0.02
        },
        "minecraft:hurt_on_condition": {
          "damage_conditions": [
            {
              "filters": { "test": "in_water_or_rain", "operator": "==", "value": true },
              "cause": "drowning",
            "damage_per_tick": 1
            }
          ]
        },
        "minecraft:behavior.random_look_around": {
          "priority": 8
        },
        "minecraft:behavior.nearest_attackable_target": {
          "priority": 2,
          "entity_types": [
            {
              "filters": {  
                "any_of": [
                  { "test" :  "is_family", "subject" : "other", "value" :  "player"},
                  { "test" :  "is_family", "subject" : "other", "value" :  "irongolem"},
                  { "test" :  "is_family", "subject" : "other", "value" :  "villager"}
                ] 
		      },
              "max_dist": 16
            }
          ],
          "must_see": true,
          "must_reach": true
        },
        "minecraft:behavior.hurt_by_target": {
          "priority": 2,
          "entity_types": {
            "filters": { "test": "is_family", "subject": "other", "operator": "!=", "value": "creeper" }
          }
        },
        "minecraft:attack": {
          "damage": {
            "range_min": 10,
            "range_max": 26
          },
	  	  "effect_name": "instant_damage"
        },
        "minecraft:variant": {
          "value": 0
        }
      },

      "minecraft:magma_golem_cooled": {
        "minecraft:health": {
          "value": 100,
          "max": 100
        },
        "minecraft:variant": {
          "value": 1
        }
      },

      "minecraft:cobble": {
        "minecraft:transformation": {
          "into": "storymode:cobble_golem"
        }
      }
    },

    "components": {
      "minecraft:type_family": {
        "family": [ "golem", "magmagolem" ]
      },
      "minecraft:nameable": {
      },
	  "minecraft:loot": {
        "table": "loot_tables/entities/magma_golem.json"
      },
      "minecraft:collision_box": {
        "width": 1.4,
        "height": 2.9
      },
	  "minecraft:damage_sensor": {
        "triggers": [
		  {
            "on_damage": {
              "filters": {
                "test": "has_damage",
                "value": "drowning"
              },
              "event": "minecraft:become_cobble"
            },
            "deals_damage": false
		  },
		  {
		    "cause": "fall",
		    "damage_multiplier": 0.28,
            "deals_damage": false
		  }
        ]
      },
      "minecraft:knockback_resistance": {
        "value": 1.0
      },
      "minecraft:leashable": {
        "soft_distance": 4.0,
        "hard_distance": 6.0,
        "max_distance": 10.0,
        "on_leash": {
          "event": "minecraft:on_leash",
          "target": "self"
        },
        "on_unleash": {
          "event": "minecraft:on_unleash",
          "target": "self"
        }
      },
      "minecraft:balloonable": {
		"mass": 2.0
      },
	  "minecraft:pushable": {
        "is_pushable": true,
        "is_pushable_by_piston": true
      },
	  
	  "minecraft:fire_immune": true,
      "minecraft:physics": {
      },
      "minecraft:conditional_bandwidth_optimization": {
      }
    },
    "events": {
      "minecraft:entity_spawned": {
        "add": {
          "component_groups": [
            "minecraft:magma_golem_hot"
          ]
        }
      },
      "minecraft:entity_transformed": {
        "sequence": [
          {
            "filters": { "test": "has_component", "operator": "!=", "value": "minecraft:variant" },
            "sequence": [
              {
                "filters": { "test": "is_family", "subject": "other", "value": "cooled" },
                "add": { "component_groups": [ "minecraft:magma_golem_cooled" ] }
              }
            ]
          }
        ]
      },
      "minecraft:become_hot": {
        "remove": {
          "component_groups": [
            "minecraft:magma_golem_cooled"
          ]
        },
        "add": {
          "component_groups": [
            "minecraft:magma_golem_hot"
          ]
        }
      },
	  "minecraft:become_cobble": {
        "remove": {
          "component_groups": [
            "minecraft:magma_golem_hot"
          ]
        },
        "add": {
          "component_groups": [
            "minecraft:magma_golem_cooled"
          ]
        }
      }
    }
  }
}