{
  "format_version": "1.16.0",
  "minecraft:entity": {
    "description": {
      "identifier": "storymode:pebble_projectile",
	  "runtime_identifier" : "minecraft:snowball",
      "is_spawnable": false,
      "is_summonable": true,
      "is_experimental": false
    },

    "components": {
      "minecraft:collision_box": {
        "width": 0.2,
        "height": 0.2
      },
      "minecraft:type_family": {
        "family": [ "stone" ]
      },
      "minecraft:projectile": {
        "on_hit": {
          "impact_damage": {
            "damage": [ 3, 4 ],
            "knockback": false
          },
          "douse_fire": { },
          "remove_on_hit": { },
          "particle_on_hit": {
            "particle_type": "iconcrack",
            "num_particles": 6,
            "on_entity_hit": true,
            "on_other_hit": true
          }
        },
        "offset": [ 0, -0.1, 0 ],
        "power": 1.7,
        "gravity": 0.05,
        "angle_offset": 0.0,
        "hit_sound": "dig.stone"
      },
	  "minecraft:physics": {
      },
      "minecraft:pushable": {
        "is_pushable": false,
        "is_pushable_by_piston": true
      },
      "minecraft:conditional_bandwidth_optimization": {
        "default_values": {
          "max_optimized_distance": 80.0,
          "max_dropped_ticks": 10,
          "use_motion_prediction_hints": true
        }
      }
    }
  }
}
