{
  "format_version": "1.12.0",
  "minecraft:entity": {
    "description": {
      "identifier": "storymode:primed_super_tnt",
      "is_spawnable": false,
      "is_summonable": true,
      "is_experimental": false
    },

    "component_groups": {
      "from_explosion": {
        "minecraft:explode": {
          "fuse_length": {
            "range_min": 0.5,
            "range_max": 2.0
          },
          "fuse_lit": true,
          "power": 4,
          "causes_fire": false
        }
      },
	  "minecraft:hover_to_the_storm": {
      }
    },
	
    "components": {
      "minecraft:collision_box": {
        "width": 1.0,
        "height": 1.0
      },
	  "minecraft:fire_immune": true,
      "minecraft:behavior.nearest_attackable_target": {
        "priority": 1,
        "must_see": true,
        "must_see_forget_duration": 3.0,
        "entity_types": [
          {
            "filters": {
              "test": "is_family",
              "subject": "other",
              "value": "largestorm"
            },
            "max_dist": 30
          }
        ]
      },
	  "minecraft:damage_sensor": {
        "triggers": [
		  {
		    "cause": "all",
            "deals_damage": false
		  },
		  {
            "cause": "fall",
            "deals_damage": false
          }
        ]
      },
	  "minecraft:attack": {
        "damage": 0
      },
      "minecraft:explode": {
        "fuse_length": 18,
        "fuse_lit": true,
        "power": 18,
        "causes_fire": true
      },
	  "minecraft:on_target_acquired": {
        "event": "hover",
        "target": "self"
      },

	  "minecraft:physics": {
      },
      "minecraft:pushable": {
        "is_pushable": false,
        "is_pushable_by_piston": true
      }
    },
    
    "events": {
      "from_explosion": {
        "add": {
          "component_groups": [
            "from_explosion"
          ]
        }
      },
	  "hover": {
        "add": {
          "component_groups": [
            "minecraft:hover_to_the_storm"
          ]
        }
      }
    }
  }
}
