{
  "format_version": "1.13.0",
  "minecraft:entity": {
    "description": {
      "identifier": "storymode:prismarine_foe",
      "is_spawnable": true,
      "is_summonable": true,
      "is_experimental": false
    },
    "component_groups": {
	  "minecraft:archer": {
      },
	  "minecraft:archer_backup": {
        "minecraft:transformation": {
          "into": "storymode:prismarine_foe_archer"
        }
      },
	  "minecraft:melee_mode": {
        "minecraft:behavior.melee_attack": {
          "priority": 0,
          "speed_multiplier": 1,
          "track_target": true,
          "reach_multiplier":  2.0
        }
      },
	  "minecraft:stomp_mode": {
        "minecraft:behavior.knockback_roar": {
          "priority": 0,
          "duration": 1,
          "attack_time": 1.0,
          "cooldown_time": 10.0,
          "knockback_damage": 9,
          "knockback_strength": 3,
          "knockback_range": 3,
          "knockback_filters": {
            "test": "is_family",
            "subject": "other",
            "operator": "!=",
            "value": "prismarine"
          },
          "damage_filters": {
            "test": "is_family",
            "subject": "other",
            "operator": "!=",
            "value": "prismarine"
          },
          "on_roar_end": {
            "event": "minecraft:chase_target"
          }
        },
        "minecraft:is_charged": {
        }
      }
    },

    "components": {
      "minecraft:nameable": {
      },
      "minecraft:type_family": {
        "family": [ "prismarine", "monster" ]
      },
      "minecraft:collision_box": {
        "width": 1.5,
        "height": 4.0
      },
      "minecraft:attack": {
        "damage": 6
      },
      "minecraft:behavior.ranged_attack": {
        "priority": 1,
        "track_target": true,
        "attack_radius":  1
      },
      "minecraft:environment_sensor": {
        "triggers": [
		  {
			"filters": {
			  "all_of": [
				{
				  "test": "has_equipment",
				  "subject": "self",
                  "operator": "==",
				  "domain": "hand",
				  "value": "storymode:prismarine_bow"
				}
			  ]
			},
		    "event": "minecraft:has_prismarine_bow"
		  }
		]
	  },
	  "minecraft:target_nearby_sensor": {
        "inside_range": 3.0,
        "outside_range": 10.0,
        "on_inside_range": {
          "event": "minecraft:attack_target",
          "target": "self"
        },
        "on_outside_range": {
          "event": "minecraft:chase_target",
          "target": "self"
        }
      },
	  "minecraft:damage_sensor": {
        "triggers": [
		  {
			"cause": "projectile",
			"damage_multiplier": 0.5,
            "deals_damage": true
		  },
		  {
			"cause": "entity_explosion",
			"damage_multiplier": 0.5,
            "deals_damage": true
		  },
		  {
			"cause": "block_explosion",
			"damage_multiplier": 0.5,
            "deals_damage": true
		  },
		  {
            "cause": "fall",
			"damage_multiplier": 0.80,
            "deals_damage": true
          }
        ]
      },
      "minecraft:fire_immune": true,
      "minecraft:movement.basic": {
      },
      "minecraft:navigation.walk": {
        "is_amphibious": true,
        "can_pass_doors": true,
        "can_walk": true,
        "can_break_doors": true
      },
      "minecraft:annotation.break_door": {
      },
      "minecraft:knockback_resistance": {
        "value": 1.5
      },
      "minecraft:jump.static": {
      },
      "minecraft:can_climb": {
      },
      "minecraft:health": {
        "value": 150,
        "max": 150
      },
      "minecraft:breathable": {
        "total_supply": 15,
        "suffocate_time": 0,
        "breathes_air": true,
        "breathes_water": true
      },
	  "minecraft:movement": {
        "value": 0.23
      },

	  "minecraft:equipment": {
        "table": "loot_tables/entities/prismarine_gear.json"
      },
      "minecraft:behavior.stomp_turtle_egg": {
        "priority": 4,
        "speed_multiplier": 1,
        "search_range": 10,
        "search_height": 3,
        "goal_radius": 1.14,
        "search_count": 4,
        "interval": 20
      },
      "minecraft:behavior.random_stroll": {
        "priority": 6,
        "speed_multiplier": 1
      },
      "minecraft:behavior.look_at_player": {
        "priority": 7,
        "look_distance": 6,
        "probability": 0.02
      },
      "minecraft:behavior.random_look_around": {
        "priority": 7
      },
      "minecraft:behavior.hurt_by_target": {
        "priority": 2
      },
      "minecraft:damage_sensor": {
        "triggers": {
          "cause": "fall",
          "deals_damage": false
        }
      },
      "minecraft:follow_range": {
        "value": 25,
        "max": 25
      },
      "minecraft:behavior.nearest_attackable_target": {
        "priority": 0,
        "within_radius": 25,
        "target_search_height": 25,
        "reselect_targets": true,
        "entity_types": [
          {
            "filters": {
              "any_of": [
                { "test": "is_family", "subject": "other", "value": "player" },
                { "test": "is_family", "subject": "other", "value": "snowgolem" },
                { "test": "is_family", "subject": "other", "value": "irongolem" }
              ]
            },
            "max_dist": 25
          },
          {
            "filters": {
              "any_of": [
                { "test": "is_family", "subject": "other", "value": "villager" },
				{ "test": "is_family", "subject": "other", "value": "illager" },
                { "test": "is_family", "subject": "other", "value": "wandering_trader" }
              ]
            },
            "max_dist": 25,
            "must_see": false
          },
          {
            "filters": {
              "all_of": [
                { "test": "is_family", "subject": "other", "value": "baby_turtle" },
                { "test": "in_water", "subject": "other", "operator": "!=", "value": true }
              ]
            },
            "max_dist": 25
          }
        ],
        "must_see": true,
        "must_reach": true
      },
      "minecraft:physics": {
      },
      "minecraft:pushable": {
        "is_pushable": true,
        "is_pushable_by_piston": true
      }
    },

    "events": {
	  "minecraft:holding_prismarine_axe": {
		"add": {
		  "component_groups": [
			"minecraft:prismarine_axe"
		  ]
		}
	  },
	  "minecraft:holding_prismarine_hoe": {
		"add": {
		  "component_groups": [
			"minecraft:prismarine_hoe"
		  ]
		}
	  },
      "minecraft:chase_target": {
        "remove": {
          "component_groups": [
            "minecraft:stomp_mode",
			"minecraft:melee_mode"
          ]
        }
      },
	  "minecraft:holding_prismarine_pickaxe": {
		"add": {
		  "component_groups": [
			"minecraft:prismarine_pickaxe"
		  ]
		}
	  },
	  "minecraft:holding_prismarine_shovel": {
		"add": {
		  "component_groups": [
			"minecraft:prismarine_shovel"
		  ]
		}
	  },
	  "minecraft:holding_prismarine_sword": {
		"add": {
		  "component_groups": [
			"minecraft:prismarine_sword"
		  ]
		}
	  },
	  "minecraft:has_prismarine_bow": {
		"add": {
		  "component_groups": [
			"minecraft:archer"
		  ]
		}
	  },
      "minecraft:attack_target": {
        "randomize": [
          {
            "weight": 50,
            "add": {
              "component_groups": [
                "minecraft:melee_mode"
              ]
            }
          },
          {
            "weight": 50,
            "add": {
              "component_groups": [
                "minecraft:stomp_mode"
              ]
            }
          }
        ]
      }
    }
  }
}
