{
  "format_version": "1.16.0",
  "minecraft:entity": {
    "description": {
      "identifier": "minecraft:snowball",
      "is_spawnable": false,
      "is_summonable": true,
      "is_experimental": false
    },
    "component_groups": {

     "minecraft:bosssnowball": {
      "minecraft:projectile": {
        "onHit": {
          "impact_damage": {
            "damage": 8,
            "knockback": true
          },
          "remove_on_hit": { },
          "particle_on_hit": {
            "particle_type": "snowballpoof",
            "num_particles": 6,
            "on_entity_hit": true,
            "on_other_hit": true
          }
        },
        "power": 2.0,
        "gravity": 0.03,
        "offset": [ 0, 2.5, 0 ],
        "angleoffset": 0.0
        }  
      },
     "minecraft:icysnowball": {
      "minecraft:projectile": {
        "onHit": {
          "impact_damage": {
            "damage": 4,
            "knockback": true
          },
          "remove_on_hit": { },
          "particle_on_hit": {
            "particle_type": "snowballpoof",
            "num_particles": 6,
            "on_entity_hit": true,
            "on_other_hit": true
          }
        },
        "power": 1.5,
        "gravity": 0.03,
        "offset": [ 0, 2, 0 ],
        "angleoffset": 0.0
        }  
      }
    },
    "components": {
      "minecraft:collision_box": {
        "width": 0.25,
        "height": 0.25
      },
      "minecraft:type_family": {
        "family": [ "snowball" ]
      },
      "minecraft:projectile": {
        "onHit": {
          "impact_damage": {
            "filter": "blaze",
            "damage": 3,
            "knockback": true
          },
          "remove_on_hit": { },
          "particle_on_hit": {
            "particle_type": "snowballpoof",
            "num_particles": 6,
            "on_entity_hit": true,
            "on_other_hit": true
          }
        },
        "power": 1.5,
        "gravity": 0.03,
        "angleoffset": 0.0,
        "offset": [ 0, -0.1, 0 ]
      },
	    "minecraft:physics": {
      },
      "minecraft:pushable": {
        "is_pushable": true,
        "is_pushable_by_piston": true
      },
      "minecraft:conditional_bandwidth_optimization": {
        "default_values": {
          "max_optimized_distance": 100.0,
          "max_dropped_ticks": 5,
          "use_motion_prediction_hints": true
        }
      }
    },
    "events": {
      "minecraft:entity_spawned": {
        "sequence": [
          {
            "filters": {"test": "is_family", "subject": "other", "value": "bossgolem"},
            "add": {
              "component_groups": [ "minecraft:bosssnowball" ]
            }
          },
          {
            "filters": {"test": "is_family", "subject": "other", "value": "icygolem"},
            "add": {
              "component_groups": [ "minecraft:icysnowball" ]
            }
          }
        ]
      }
    }
  }
}
