{
  "format_version": "1.13.0",
  "minecraft:entity": {
    "description": {
      "identifier": "storymode:wandering_warrior",
      "is_spawnable": false,
      "is_summonable": false,
      "is_experimental": false
    },
	
    "component_groups": {
      "minecraft:despawn": {
        "minecraft:instant_despawn": {
          "remove_child_entities": false
        }
      }
	},

    "components": {
      "minecraft:type_family": {
        "family": [ "human" ]
      },
      "minecraft:timer": {
        "looping": false,
        "random_time_choices": [
          { "weight": 50, "value": 2400 },
          { "weight": 50, "value": 3600 }
        ],
        "time_down_event": {
          "event": "minecraft:start_despawn",
          "target": "self"
        }
      },
      "minecraft:collision_box": {
        "width": 0.6,
        "height": 1.8
      },
      "minecraft:loot": {
        "table": "loot_tables/entities/wandering_warrior.json"
      },
	  "minecraft:equipment": {
        "table": "loot_tables/entities/diamond_sword_gear.json"
      },
	  "minecraft:dweller": {
        "dwelling_type": "village",
        "dweller_role": "defender",
        "update_interval_base": 60,
        "update_interval_variant": 40,
        "can_find_poi": false,
        "can_migrate": true,
        "first_founding_reward": 0
      },
      "minecraft:health": {
        "value": 38,
        "max": 38
      },
      "minecraft:hurt_on_condition": {
        "damage_conditions": [
          {
            "filters": { "test": "in_lava", "subject": "self", "operator": "==", "value": true },
            "cause": "lava",
            "damage_per_tick": 4
          }
        ]
      },
      "minecraft:movement": {
        "value": 0.5
      },
	  "minecraft:navigation.walk": {
        "can_path_over_water": true,
        "can_pass_doors": true,
        "can_open_doors": true,
        "avoid_water": true
      },
      "minecraft:movement.basic": {
        
      },
      "minecraft:jump.static": {
      },
      "minecraft:can_climb": {
      },
      "minecraft:attack": {
        "damage": 4
      },
      "minecraft:damage_sensor": {
        "triggers": {
          "cause": "fall",
          "deals_damage": true
        }
      },
      "minecraft:knockback_resistance": {
        "value": 0.2
      },
      "minecraft:behavior.melee_attack": {
        "priority": 1,
        "target_dist": 1.2,
        "speed_multiplier": 1.1,
        "track_target": true
      },
      "minecraft:behavior.move_through_village": {
        "priority": 3,
        "speed_multiplier": 0.6,
        "only_at_night": true
      },
      "minecraft:behavior.random_stroll": {
        "priority": 6,
        "speed_multiplier": 0.6,
        "xz_dist": 16
      },
      "minecraft:behavior.look_at_player": {
        "priority": 7,
        "look_distance": 6.0,
        "probability": 0.02
      },
      "minecraft:behavior.nearest_attackable_target": {
        "priority": 0,
        "entity_types": [
          {
            "filters": { 
                "all_of": [
                  { "test" :  "is_family", "subject" : "other", "value" :  "monster"},
                  { "test" :  "is_family", "subject" : "other", "operator": "!=", "value" :  "creeper"}
                ] 
            },
            "within_default": 10
          }
        ],
        "must_see": true,
        "must_reach": true
      },
      "minecraft:behavior.hurt_by_target": {
        "priority": 0
      },
      "minecraft:persistent": {
      },
      "minecraft:physics": {
      },
      "minecraft:pushable": {
        "is_pushable": true,
        "is_pushable_by_piston": true
      },
      "minecraft:conditional_bandwidth_optimization": {
      }
    },

    "events": {
      "minecraft:start_despawn": {
        "add": {
          "component_groups": [
            "minecraft:despawn"
          ]
        }
      }
    }
  }
}