{
  "format_version": "1.13.0",
  "minecraft:entity": {
    "description": {
      "identifier": "storymode:wither_command_dropped",
      "is_spawnable": false,
      "is_summonable": true,
      "is_experimental": false
    },
	
	"component_groups": {
	  
	  "minecraft:default": {
      },
	  "minecraft:rise": {
        "minecraft:transformation": {
          "into": "minecraft:wither",
          "add": {
            "component_groups": [
              "minecraft:default"
            ]
          }
        }
      }
	},

    "components": {
      "minecraft:experience_reward": {
        "on_death": "50"
      },
	  "minecraft:health": {
        "value": 600,
        "max": 600
      },
      "minecraft:boss": {
        "should_darken_sky": false,
		"name": "Wither",
        "hud_range": 55
      },
      "minecraft:breathable": {
        "total_supply": 15,
        "suffocate_time": 0
      },
      "minecraft:collision_box": {
        "width": 3,
        "height": 1
      },
      "minecraft:fire_immune": true,
      "minecraft:loot": {
        "table": "loot_tables/entities/wither_boss.json"
      },
      "minecraft:nameable": {
      },
      "minecraft:movement": {
        "value": 0.25
      },
      "minecraft:type_family": {
        "family": [ "neutralized", "wither", "skeleton", "monster", "undead", "mob" ]
      },
	  "minecraft:ageable": {
        "duration": 30,
        "grow_up": {
          "event": "minecraft:awaken",
          "target": "self"
        }
      },
      "minecraft:physics": {
      },
      "minecraft:pushable": {
        "is_pushable": true,
        "is_pushable_by_piston": true
      },
      "minecraft:spawn_entity": {
        "min_wait_time": 1,
        "max_wait_time": 2,
        "single_use": true,
        "spawn_item": "minecraft:command_block"
      }
    },

    "events": {
      "minecraft:entity_spawned": {
        "remove": {
        },
        "add": {
          "component_groups": [
            "minecraft:default"
          ]
        }
      },
	  
      "minecraft:entity_transformed": {
        "sequence": [
          {
            "filters": { "test": "has_component", "operator": "!=", "value": "minecraft:variant" },
            "sequence": [
              {
                "filters": { "test": "is_family", "subject": "other", "value": "neutralized" },
                "add": { "component_groups": [ "minecraft:default" ] }
              }
            ]
          }
        ]
      },
	  
	  "minecraft:awaken": {
        "add": {
          "component_groups": [        
            "minecraft:rise"
		  ]
		}
      }
    }
  }
}