{
  "format_version": "1.12.0",
 "minecraft:entity": {
  "description": {
    "identifier": "minecraft:wither_skull",
    "is_spawnable": false,
    "is_summonable": false,
    "is_experimental": false
  },

  "component_groups": {
    "minecraft:default": {
      "minecraft:variant": {
        "value": 0
      }
    },
	"minecraft:wither_storm": {
      "minecraft:variant": {
        "value": 1
      }
    },
	
    "minecraft:exploding": {
      "minecraft:explode": {
        "fuse_length": 0,
        "fuse_lit": true,
        "power": 1,
        "causes_fire": false,
        "destroy_affected_by_griefing": true
      }
    },
	
	"minecraft:storm_exploding": {
      "minecraft:explode": {
        "fuse_length": 0,
        "fuse_lit": true,
        "power": 6,
        "causes_fire": true,
        "destroy_affected_by_griefing": true
      }
    },
	
	"minecraft:uncontrolled_wither": {
	 "minecraft:projectile": {
      "on_hit": {
       "definition_event": {
        "affect_projectile": true,
        "event_trigger": {
         "event": "minecraft:explode",
         "target": "self"
        }
       },
       "mob_effect": {
        "effect": "wither",
        "durationeasy": 100,
        "durationnormal": 200,
        "durationhard": 800,
        "amplifier": 1
       }
      },
      "power": 1.25,
      "gravity": 0.00,
      "uncertainty_base": 7.5,
      "uncertainty_multiplier": 1,
      "shoot_sound": "bow",
      "hit_sound": "bow.hit",
      "anchor": 1,
      "offset": [ 0, -0.15, 0 ],
      "inertia": 1.0,
      "liquid_inertia": 1.0,
      "shoot_target": false
      }
    },
	
	"minecraft:storm_skull": {
	 "minecraft:projectile": {
      "on_hit": {
       "definition_event": {
        "affect_projectile": true,
        "event_trigger": {
         "event": "minecraft:storm_explode",
         "target": "self"
        }
       },
       "mob_effect": {
        "effect": "wither",
        "durationeasy": 30,
        "durationnormal": 40,
        "durationhard": 50,
        "amplifier": 2
       }
      },
      "power": 1.5,
      "gravity": 0.00,
      "uncertainty_base": 0.0,
      "uncertainty_multiplier": 0,
      "shoot_sound": "bow",
      "hit_sound": "bow.hit",
      "anchor": 1,
      "offset": [ 0, -30, 0 ],
      "inertia": 1.0,
      "liquid_inertia": 1.0,
      "shoot_target": true
      },
	  "minecraft:scale": {
        "value": 1.5
      },
	  "minecraft:collision_box": {
        "width": 0.6,
        "height": 0.6
      }
    },
	
	"minecraft:storm_two": {
	 "minecraft:projectile": {
      "on_hit": {
       "definition_event": {
        "affect_projectile": true,
        "event_trigger": {
         "event": "minecraft:storm_explode",
         "target": "self"
        }
       },
       "mob_effect": {
        "effect": "wither",
        "durationeasy": 30,
        "durationnormal": 40,
        "durationhard": 50,
        "amplifier": 2
       }
      },
      "power": 1.5,
      "gravity": 0.00,
      "uncertainty_base": 0.0,
      "uncertainty_multiplier": 0,
      "shoot_sound": "bow",
      "hit_sound": "bow.hit",
      "anchor": 1,
      "offset": [ 0, -30, 0 ],
      "inertia": 1.0,
      "liquid_inertia": 1.0,
      "shoot_target": true
      },
	  "minecraft:scale": {
        "value": 1.5
      },
	  "minecraft:collision_box": {
        "width": 0.6,
        "height": 0.6
      }
    },
	
	"minecraft:large_storm": {
	 "minecraft:projectile": {
      "on_hit": {
       "definition_event": {
        "affect_projectile": true,
        "event_trigger": {
         "event": "minecraft:storm_explode",
         "target": "self"
        }
       },
       "mob_effect": {
        "effect": "wither",
        "durationeasy": 30,
        "durationnormal": 40,
        "durationhard": 50,
        "amplifier": 2
       }
      },
      "power": 1.5,
      "gravity": 0.00,
      "uncertainty_base": 0.0,
      "uncertainty_multiplier": 0,
      "shoot_sound": "bow",
      "hit_sound": "bow.hit",
      "anchor": 1,
      "offset": [ 0, -25, 0 ],
      "inertia": 1.0,
      "liquid_inertia": 1.0,
      "shoot_target": true
      },
	  "minecraft:scale": {
        "value": 1.5
      },
	  "minecraft:collision_box": {
        "width": 0.6,
        "height": 0.6
      }
    }
  },

  "components": {
    "minecraft:collision_box": {
      "width": 0.15,
      "height": 0.15
    },
    "minecraft:projectile": {
      "on_hit": {
        "definition_event": {
          "affect_projectile": true,
          "event_trigger": {
            "event": "minecraft:explode",
            "target": "self"
          }
        },
        "mob_effect": {
          "effect": "wither",
          "durationeasy": 0,
          "durationnormal": 200,
          "durationhard": 800,
          "amplifier": 1
        }
      },
      "power": 1.2,
      "gravity": 0.00,
      "uncertainty_base": 7.5,
      "uncertainty_multiplier": 1,
      "shoot_sound": "bow",
      "hit_sound": "bow.hit",
      "anchor": 1,
      "offset": [ 0, -0.1, 0 ],
      "inertia": 1.0,
      "liquid_inertia": 1.0,
      "shoot_target": false
    },
	  "minecraft:physics": {
    },
    "minecraft:pushable": {
      "is_pushable": true,
      "is_pushable_by_piston": true
    }
  },
  "events": {
   "minecraft:explode": {
    "add": {
     "component_groups": [
      "minecraft:exploding"
     ]
    }
   },
   "minecraft:storm_explode": {
    "add": {
     "component_groups": [
      "minecraft:storm_exploding"
     ]
    }
   },
   "minecraft:entity_spawned": {
    "sequence": [
	 {
      "filters": {"test": "is_family", "subject": "other", "value": "wither"},
      "add": {
       "component_groups": [ "minecraft:default" ]
      }
     },
	 {
      "filters": {"test": "is_family", "subject": "other", "value": "uncontrolled"},
      "add": {
       "component_groups": [ "minecraft:uncontrolled_wither" ]
      }
     },
	 {
      "filters": {"test": "is_family", "subject": "other", "value": "storm"},
      "add": {
       "component_groups": [ "minecraft:storm_skull", "minecraft:wither_storm" ]
      },
	  "remove": {
       "component_groups": [ "minecraft:default" ]
      }
     },
	 {
      "filters": {"test": "is_family", "subject": "other", "value": "storm_two"},
      "add": {
       "component_groups" : [ "minecraft:storm_two", "minecraft:wither_storm" ]
      },
	  "remove": {
       "component_groups": [ "minecraft:default" ]
      }
     },
	 {
      "filters": {"test": "is_family", "subject": "other", "value": "largestorm"},
      "add": {
       "component_groups" : [ "minecraft:large_storm", "minecraft:wither_storm" ]
      },
	  "remove": {
       "component_groups": [ "minecraft:default" ]
      }
     }
    ]
   }
  }
 }
}