{
  "format_version": "1.13.0",
  "minecraft:entity": {
    "description": {
      "identifier": "storymode:wither_storm_nearly_dead",
      "is_spawnable": false,
      "is_summonable": true,
      "is_experimental": false
    },
	
	"component_groups": {
	  
	  "minecraft:base": {
        "minecraft:mark_variant": {
          "value": 0
        }
      },
	  "minecraft:spawn_splits": {
        "minecraft:mark_variant": {
          "value": 1
        }
      },
	  
	  "minecraft:storm_splitted_main": {
	    "minecraft:variant": {
          "value": 0
        },
        "minecraft:health": {
          "value": 2000,
          "max": 2000
        },
		"minecraft:type_family": {
          "family": [ "transform", "largestorm", "wither_storm", "wither", "skeleton", "monster", "undead", "mob" ]
        },
		"minecraft:loot": {
          "table": "loot_tables/entities/wither_storm.json"
        },
		"minecraft:collision_box": {
          "width": 3,
          "height": 20
        },
		"minecraft:scale": {
          "value": 3.0
        },
	    "minecraft:ageable": {
          "duration": 33,
          "grow_up": {
            "event": "minecraft:transform",
            "target": "self"
          }
        },
		"minecraft:experience_reward": {
          "on_death": "150"
        }
      },
	  
	  "minecraft:storm_splitted_main_rise": {
	    "minecraft:variant": {
          "value": 1
        }
      },
	  
	  "minecraft:into_vanilla": {
        "minecraft:transformation": {
          "into": "storymode:wither_storm",
          "add": {
            "component_groups": [
              "minecraft:storm_splitted_main"
            ]
          }
        }
      },
	  
	  "minecraft:storm_splitted_smaller_left": {
	    "minecraft:variant": {
          "value": 2
        },
        "minecraft:health": {
          "value": 2000,
          "max": 2000
        },
		"minecraft:type_family": {
          "family": [ "left", "largestorm", "wither_storm", "wither", "skeleton", "monster", "undead", "mob" ]
        },
		"minecraft:loot": {
          "table": "loot_tables/entities/wither_storm.json"
        },
		"minecraft:collision_box": {
          "width": 3,
          "height": 20
        },
	    "minecraft:ageable": {
          "duration": 33,
          "grow_up": {
            "event": "minecraft:transform_left",
            "target": "self"
          }
        },
		"minecraft:scale": {
          "value": 3.0
        },
		"minecraft:experience_reward": {
          "on_death": "150"
        }
      },
	  
	  "minecraft:into_vanilla_two": {
        "minecraft:transformation": {
          "into": "storymode:wither_storm",
          "add": {
            "component_groups": [
              "minecraft:storm_splitted_smaller_left"
            ]
          }
        }
      },
	  
	  "minecraft:storm_splitted_smaller_left_rise": {
	    "minecraft:variant": {
          "value": 3
        }
      },
	  
	  "minecraft:storm_splitted_smaller_right": {
	    "minecraft:variant": {
          "value": 4
        },
        "minecraft:health": {
          "value": 2000,
          "max": 2000
        },
		"minecraft:type_family": {
          "family": [ "right", "largestorm", "wither_storm", "wither", "skeleton", "monster", "undead", "mob" ]
        },
		"minecraft:loot": {
          "table": "loot_tables/entities/wither_storm.json"
        },
	    "minecraft:ageable": {
          "duration": 33,
          "grow_up": {
            "event": "minecraft:transform_right",
            "target": "self"
          }
        },
		"minecraft:collision_box": {
          "width": 3,
          "height": 20
        },
		"minecraft:scale": {
          "value": 3.0
        },
		"minecraft:experience_reward": {
          "on_death": "150"
        }
      },
	  
	  "minecraft:into_vanilla_three": {
        "minecraft:transformation": {
          "into": "storymode:wither_storm",
          "add": {
            "component_groups": [
              "minecraft:storm_splitted_smaller_right"
            ]
          }
        }
      },
	  
	  "minecraft:storm_splitted_smaller_right_rise": {
	    "minecraft:variant": {
          "value": 5
        }
      }
	},

    "components": {
      "minecraft:experience_reward": {
        "on_death": "50"
      },
      "minecraft:knockback_resistance": {
        "value": 200.0
      },
      "minecraft:damage_sensor": {
        "triggers": [
          {
		    "on_damage": {
              "filters": {
                "test": "is_family",
                "subject": "other",
                "value": "undead"
              }
            },
            "deals_damage": false
		  },
		  {
			"cause": "projectile",
			"damage_multiplier": 0.25,
            "deals_damage": true
		  }
        ]
      },
      "minecraft:collision_box": {
        "width": 1,
        "height": 3
      },
      "minecraft:fire_immune": true,
      "minecraft:loot": {
        "table": "loot_tables/entities/wither_boss.json"
      },
      "minecraft:nameable": {
      },
      "minecraft:physics": {
      },
      "minecraft:pushable": {
        "is_pushable": false,
        "is_pushable_by_piston": false
      }
    },

    "events": {
      "minecraft:entity_spawned": {
        "remove": {
        },
        "add": {
          "component_groups": [
            "minecraft:storm_splitted_main"
          ]
        }
      },
	  
      "minecraft:entity_transformed": {
        "sequence": [
          {
            "filters": { "test": "has_component", "operator": "!=", "value": "minecraft:variant" },
            "sequence": [
              {
                "filters": { "test": "is_family", "subject": "other", "value": "transform" },
                "add": { "component_groups": [ "minecraft:storm_splitted_main" ] }
              }
            ]
          },
		  {
            "filters": { "test": "is_family", "subject": "other", "value": "main" },
            "add": { "component_groups": [ "minecraft:storm_splitted_main" ] }
          },
		  {
            "filters": { "test": "is_family", "subject": "other", "value": "left" },
            "add": { "component_groups": [ "minecraft:storm_splitted_smaller_left" ] }
          },
		  {
            "filters": { "test": "is_family", "subject": "other", "value": "right" },
            "add": { "component_groups": [ "minecraft:storm_splitted_smaller_right" ] }
          }
        ]
      },
	  
	  "minecraft:rise": {
        "add": {
          "component_groups": [
			"minecraft:storm_splitted_main_rise"
          ]
        },
        "remove": {
          "component_groups": [
			"minecraft:storm_splitted_main"
          ]
        }
      },
	  "minecraft:rise_left": {
        "add": {
          "component_groups": [
			"minecraft:storm_splitted_smaller_left_rise"
          ]
        },
        "remove": {
          "component_groups": [
			"minecraft:storm_splitted_smaller_left"
          ]
        }
      },
	  "minecraft:rise_right": {
        "add": {
          "component_groups": [
			"minecraft:storm_splitted_smaller_right_rise"
          ]
        },
        "remove": {
          "component_groups": [
			"minecraft:storm_splitted_smaller_right"
          ]
        }
      },
	  
	  
	  "minecraft:transform": {
        "add": {
          "component_groups": [
			"minecraft:into_vanilla"
          ]
        }
      },
	  "minecraft:transform_left": {
        "add": {
          "component_groups": [
			"minecraft:into_vanilla_two"
          ]
        }
      },
	  "minecraft:transform_right": {
        "add": {
          "component_groups": [
			"minecraft:into_vanilla_three"
          ]
        }
      },
	  
	  "minecraft:smaller_left": {
        "add": {
          "component_groups": [
			"minecraft:storm_splitted_smaller_left"
          ]
        },
        "remove": {
          "component_groups": [
			"minecraft:storm_splitted_main",
			"minecraft:storm_splitted_main_rise",
			"minecraft:storm_splitted_smaller_right",
			"minecraft:storm_splitted_smaller_right_rise",
			"minecraft:storm_splitted_smaller_left_rise"
          ]
        }
      },
	  "minecraft:smaller_right": {
        "add": {
          "component_groups": [
			"minecraft:storm_splitted_smaller_right"
          ]
        },
        "remove": {
          "component_groups": [
			"minecraft:storm_splitted_main",
			"minecraft:storm_splitted_main_rise",
			"minecraft:storm_splitted_smaller_left",
			"minecraft:storm_splitted_smaller_left_rise",
			"minecraft:storm_splitted_smaller_right_rise"
          ]
        }
      }
    }
  }
}