{
   "block_sounds": {},
   "entity_sounds": {
      "entities": {
         "ftl:kissy_missy": {
            "events": {
               "ambient": {
                  "pitch": 1,
                  "sound": "mob.kissy.idle",
                  "volume": 50
               },
               "attack": {
                  "pitch": 1,
                  "sound": "mob.kissy.attack",
                  "volume": 50
               },
               "hurt": {
                  "pitch": 1,
                  "sound": "mob.kissy.hurt",
                  "volume": 50
               },
               "jumpscare": {
                  "pitch": 1,
                  "sound": "mob.kissy.jumpscare",
                  "volume": 50
               },
               "step": {
                  "pitch": 1,
                  "sound": "mob.kissy.step",
                  "volume": 8
               }
            },
            "pitch": 1,
            "volume": 50
         }
      }
   },
   "individual_event_sounds": {
      "events": {}
   }
}