{
	"format_version": "1.8.0",
	"minecraft:entity": {
		"description": {
			"identifier": "srp:beckon2",
			"is_spawnable": true,
			"is_summonable": true,
			"is_experimental": false
		},
		"component_groups": {
			"minecraft:become_beckon3": {
				"minecraft:transformation": {
					"into": "srp:beckon3"
				}
			}
    },
		"components": {
			"minecraft:type_family": {
				"family": ["infectado"]
			},
      "minecraft:scale": {
        "value": 1.50
      },
			"minecraft:nameable": {},
			"minecraft:loot": {
				"table": "loot_tables/entities/infected.json"
			},
			"minecraft:health": {
				"value": 60,
				"max": 60
			},
			"minecraft:physics": {},
			"minecraft:pushable": {
				"is_pushable": false,
				"is_pushable_by_piston": true
			},
			"minecraft:ageable": {
				"duration": 135,
				"grow_up": {
					"event": "minecraft:ageable_grow_up",
					"target": "self"
				}
			},
		"minecraft:experience_reward": {
        "on_death": "query.last_hit_by_player ? 5 : 0"
			},
			"minecraft:movement": {
				"value": 0.0
			},
			"minecraft:behavior.float": {
        "priority": 0
			},
    "minecraft:navigation.walk": {
      "can_path_over_water": true,
      "avoid_damage_blocks": true
    },
      "minecraft:movement.basic": {
      },
      "minecraft:jump.static": {
      },
      "minecraft:can_climb": {
			},
      "minecraft:collision_box": {
				"width": 0.9,
				"height": 1.3
      },
      "minecraft:hurt_on_condition": {
        "damage_conditions": [
          {
            "filters": { "test": "in_lava", "subject": "self", "operator": "==", "value": true },
            "cause": "lava",
            "damage_per_tick": 4
          }
        ]
      },
      "minecraft:knockback_resistance": {
        "value": 999999.9,
        "max": 999999.9
      },
      "minecraft:breathable": {
        "total_supply": 15,
        "suffocate_time": 0,
        "breathes_air": true,
        "breathes_water": false
      },
      "minecraft:attack": {
        "damage": 3
      },

      // Buglin behaviors
      "minecraft:behavior.melee_attack": {
        "priority": 3,
        "speed_multiplier": 0.0,
        "track_target": false
      },
      "minecraft:behavior.move_towards_restriction": {
        "priority": 5,
        "speed_multiplier": 0.0
      },
      "minecraft:behavior.summon_entity": {
        "priority": 2,
        "summon_choices": [
          {
            "min_activation_range": 0.0,
            "max_activation_range": 6.0,
            "cooldown_time": 5.0,
            "weight": 300,
            "cast_duration": 2.0,
            "particle_color": "#FF664D59",
            "start_sound_event": "cast.spell",
            "sequence": [
              {
                "shape": "circle",
                "target": "self",
                "base_delay": 5.0,
                "delay_per_summon": 0.0,
                "num_entities_spawned": 1,
                "entity_type": "minecraft:big_spider2",
                "summon_cap": 8,
                "summon_cap_radius": 16.0,
                "size": 1.0,
                "sound_event": "prepare.attack"
              },
              {
                "shape": "circle",
                "target": "self",
                "base_delay": 0.15,
                "delay_per_summon": 0.0,
                "num_entities_spawned": 1,
                "entity_type": "srp:fly",
                "summon_cap": 8,
                "summon_cap_radius": 16.0,
                "size": 1.0
              }
            ]
          },
          {
            "min_activation_range": 6.0,
            "weight": 300,
            "cooldown_time": 5.0,
            "cast_duration": 5.0,
            "particle_color": "#FF664D59",
            "start_sound_event": "cast.spell",
            "sequence": [
              {
                "shape": "circle",
                "target": "self",
                "base_delay": 1.0,
                "delay_per_summon": 0.05,
                "num_entities_spawned": 1,
                "entity_type": "srp:infected_human",
                "summon_cap": 8,
                "summon_cap_radius": 16.0,
                "size": 1.0
              }
            ]
          },
          {
            "weight": 300,
            "cooldown_time": 17.0,
            "cast_duration": 3.0,
            "particle_color": "#FFB3B3CC",
            "sequence": [
              {
                "shape": "circle",
                "target": "self",
                "base_delay": 2.0,
                "num_entities_spawned": 1,
                "entity_type": "srp:infected_cow",
                "summon_cap": 8,
                "summon_cap_radius": 16.0,
                "size": 1.0,
                "sound_event": "prepare.summon"
              }
            ]
          }
        ]
      },
      "minecraft:behavior.send_event": {
        "priority": 3,
        "event_choices": [
          {
            "min_activation_range": 0.0,
            "max_activation_range": 16.0,
            "cooldown_time": 5.0,
            "cast_duration": 3.0,
            "particle_color": "#FFB38033",
            "weight": 3,
            "filters": {
              "all_of": [
                {
                  "test": "is_family",
                  "subject": "other",
                  "value": "sheep"
                },
                {
                  "test": "is_color",
                  "subject": "other",
                  "value": "blue"
                }
              ]
            },
            "start_sound_event": "cast.spell",
            "sequence": [
              {
                "base_delay": 2.0,
                "event": "wololo",
                "sound_event": "prepare.wololo"
              }
            ]
          }
        ]
      },
      "minecraft:behavior.random_stroll": {
        "priority": 6,
        "speed_multiplier": 0.0
      },
      "minecraft:behavior.look_at_player": {
        "priority": 7,
        "look_distance": 6,
        "probability": 0.02
      },
      "minecraft:behavior.random_look_around": {
        "priority": 7
      },
      "minecraft:behavior.hurt_by_target": {
        "priority": 1
      },
      "minecraft:behavior.nearest_attackable_target": {
        "priority": 2,
        "within_radius": 25,
        "reselect_targets": true,
        "entity_types": [
          {
            "filters": {
              "any_of": [
                { "test": "is_family", "subject": "other", "value": "player" },
                { "test": "is_family", "subject": "other", "value": "zombie" },
                { "test": "is_family", "subject": "other", "value": "spider" },
                { "test": "is_family", "subject": "other", "value": "skeleton" },
                { "test": "is_family", "subject": "other", "value": "enderman" },
                { "test": "is_family", "subject": "other", "value": "husk" },
                { "test": "is_family", "subject": "other", "value": "polar_bear" },
                { "test": "is_family", "subject": "other", "value": "witch" },
                { "test": "is_family", "subject": "other", "value": "snowgolem" },
                { "test": "is_family", "subject": "other", "value": "irongolem" }
              ]
            },
            "max_dist": 35
          },
          {
            "filters": {
              "any_of": [
                { "test": "is_family", "subject": "other", "value": "villager" },
                { "test": "is_family", "subject": "other", "value": "wandering_trader" }
              ]
            },
            "max_dist": 35,
            "must_see": false
          },
          {
            "filters": {
              "all_of": [
                { "test": "is_family", "subject": "other", "value": "baby_turtle" },
                { "test": "in_water", "subject": "other", "operator": "!=", "value": true }
              ]
            },
            "max_dist": 35
          }
        ],
        "must_see": true,
        "must_see_forget_duration": 17.0
			}
		},
	"events": {
			"minecraft:ageable_grow_up": {
				"add": {
					"component_groups": [
						"minecraft:become_beckon3"
					]
				}
			}
		}
	}
}}}}}}}le_grow_up": {
				"add": {
					"component_groups": [
						"minecraft:become_beckon3"
					]
				}
			}
		}
	}
}}}}}}}