{
  "format_version": "1.8.0",
  "minecraft:entity": {
    "description": {
      "identifier": "minecraft:evocation_illager",
      "is_spawnable": true,
      "is_summonable": true,
      "is_experimental": false
    },
    "component_groups": {
      "minecraft:infected_event": {
        "minecraft:transformation": {
          "into": "srp:infected_evoker",
          "delay": 0
        }
      },
      
    "component_groups": {
      "minecraft:raid_configuration": {
        "minecraft:dweller": {
          "dwelling_type": "village",
          "dweller_role": "hostile",
          "update_interval_base": 60,
          "update_interval_variant": 40,
          "can_find_poi": false,
          "can_migrate": false,
          "first_founding_reward": 0
        },
        "minecraft:behavior.move_to_village": {
          "priority": 6,
          "speed_multiplier": 0.7
        },
        "minecraft:ambient_sound_interval": {
          "value": 2.0,
          "range": 4.0,
          "event_name": "ambient.in.raid"
        }
      }
    },

    "components": {
        "minecraft:damage_sensor": {
        "triggers": [
          {
            "on_damage": {
              "filters": {
                "any_of": [
                  {"test": "is_family", "subject": "other", "value": "infect"},
                  {"test": "is_family", "subject": "other", "value": "host"},
                  {"test": "is_family", "subject": "other", "value": "rupter"}
                ],
                "all_of": [
                  {"test": "has_damage", "value": "fatal"}
                ]
              },
              "event": "minecraft:infected_event"
            }
          }
        ]
      },
    "components": {
      "minecraft:type_family": {
        "family": [
          "evocation_illager",
          "monster",
          "illager"
        ]
      },
      "minecraft:breathable": {
        "totalSupply": 15,
        "suffocateTime": 0
      },
      "minecraft:nameable": {
        "alwaysShow": false,
        "allowNameTagRenaming": false
      },
      "minecraft:loot": {
        "table": "loot_tables/entities/evocation_illager.json"
      },
      "minecraft:health": {
        "value": 24,
        "max": 24
      },
      "minecraft:collision_box": {
        "height": 1.9,
        "width": 0.6
      },
      "minecraft:movement": {
        "value": 0.5
      },
      "minecraft:navigation.walk": {
        "can_path_over_water": true,
        "can_pass_doors": true,
        "can_open_doors": true,
        "avoid_water": true
      },
      "minecraft:movement.basic": {},
      "minecraft:jump.static": {},
      "minecraft:can_climb": {},
      "minecraft:behavior.float": {
        "priority": 0
      },

    "events": {
      "minecraft:infected_event": {
        "remove": {
        },
        "add": {
          "component_groups": [
            "minecraft:infected_event"
          ]
        }
      },
      "minecraft:behavior.summon_entity": {
        "priority": 2,
        "summon_choices": [
          {
            "min_activation_range": 0.0,
            "max_activation_range": 3.0,
            "cooldown_time": 5.0,
            "weight": 3,
            "cast_duration": 2.0,
            "particle_color": "#FF664D59",
            "start_sound_event": "cast.spell",
            "sequence": [
              {
                "shape": "circle",
                "target": "self",
                "base_delay": 1.0,
                "delay_per_summon": 0.0,
                "num_entities_spawned": 5,
                "entity_type": "minecraft:evocation_fang",
                "size": 1.5,
                "entity_lifespan": 1.1,
                "sound_event": "prepare.attack"
              },
              {
                "shape": "circle",
                "target": "self",
                "base_delay": 0.15,
                "delay_per_summon": 0.0,
                "num_entities_spawned": 8,
                "entity_type": "minecraft:evocation_fang",
                "size": 2.5,
                "entity_lifespan": 1.1
              }
            ]
          },
          {
            "min_activation_range": 3.0,
            "weight": 3,
            "cooldown_time": 5.0,
            "cast_duration": 2.0,
            "particle_color": "#FF664D59",
            "start_sound_event": "cast.spell",
            "sequence": [
              {
                "shape": "line",
                "target": "self",
                "base_delay": 1.0,
                "delay_per_summon": 0.05,
                "num_entities_spawned": 16,
                "entity_type": "minecraft:evocation_fang",
                "size": 20,
                "entity_lifespan": 1.1
              }
            ]
          },
          {
            "weight": 1,
            "cooldown_time": 17.0,
            "cast_duration": 5.0,
            "particle_color": "#FFB3B3CC",
            "sequence": [
              {
                "shape": "circle",
                "target": "self",
                "base_delay": 4.0,
                "num_entities_spawned": 3,
                "entity_type": "minecraft:vex",
                "summon_cap": 8,
                "summon_cap_radius": 16.0,
                "size": 1.0,
                "sound_event": "prepare.summon"
              }
            ]
          }
        ]
      },
      "minecraft:behavior.send_event": {
        "priority": 3,
        "event_choices": [
          {
            "min_activation_range": 0.0,
            "max_activation_range": 16.0,
            "cooldown_time": 5.0,
            "cast_duration": 3.0,
            "particle_color": "#FFB38033",
            "weight": 3,
            "filters": {
              "all_of": [
                {
                  "test": "is_family",
                  "subject": "other",
                  "value": "sheep"
                },
                {
                  "test": "is_color",
                  "subject": "other",
                  "value": "blue"
                }
              ]
            },
            "start_sound_event": "cast.spell",
            "sequence": [
              {
                "base_delay": 2.0,
                "event": "wololo",
                "sound_event": "prepare.wololo"
              }
            ]
          }
        ]
      },
      "minecraft:behavior.avoid_mob_type": {
        "priority": 5,
        "entity_types": [
          {
            "filters": {
              "test": "is_family",
              "subject": "other",
              "value": "player",
              "other_with_families": []
            },
            "max_dist": 8,
            "walk_speed_multiplier": 0.6,
            "sprint_speed_multiplier": 1.0
          }
        ]
      },
      "minecraft:behavior.random_stroll": {
        "priority": 8,
        "speed_multiplier": 0.6
      },
      "minecraft:behavior.nearest_attackable_target": {
        "priority": 2,
        "entity_types": [
          {
            "filters": {
              "any_of": [
                {
                  "test": "is_family",
                  "subject": "other",
                  "value": "player"
                },
                {
                  "test": "is_family",
                  "subject": "other",
                  "value": "infected_evoker"
                },
                {
                  "test": "is_family",
                  "subject": "other",
                  "value": "irongolem"
                },
                {
                  "test": "is_family",
                  "subject": "other",
                  "value": "wandering_trader"
                }
              ]
            },
            "max_dist": 24,
            "must_see": false
          },
          {
            "filters": {
              "all_of": [
                {
                  "test": "is_family",
                  "subject": "other",
                  "value": "villager"
                },
                {
                  "test": "has_component",
                  "subject": "other",
                  "operator": "!=",
                  "value": "minecraft:is_baby"
                }
              ]
            },
            "max_dist": 20
          }
        ],
        "must_see": false,
        "within_radius": 0.0
      },
      "minecraft:behavior.look_at_player": {
        "priority": 9,
        "look_distance": 3.0,
        "probability": 1.0
      },
      "minecraft:behavior.look_at_entity": {
        "priority": 10,
        "look_distance": 8.0,
        "filters": {
          "test": "is_family",
          "subject": "other",
          "value": "mob"
        }
      },
      "minecraft:behavior.hurt_by_target": {
        "priority": 3
      },
      "minecraft:physics": {},
      "minecraft:follow_range": {
        "value": 64
      },
      "minecraft:experience_reward": {
        "on_death": "query.last_hit_by_player ? 10 : 0"
      },
      "minecraft:underwater_movement": {
        "value": 0.02
      },
      "minecraft:scale": {
        "value": 1
      },
      "minecraft:attack": {
        "damage": 3
      },
      "minecraft:behavior.melee_attack": {
        "priority": 2,
        "speed_multiplier": 1.0,
        "target_dist": 0.0,
        "max_dist": 3,
        "random_stop_interval": 100,
        "track_target": false,
        "reach_multiplier": 1.4
      },
      "minecraft:behavior.owner_hurt_by_target": {
        "priority": 1
      },
      "minecraft:behavior.owner_hurt_target": {
        "priority": 2
      },
      "minecraft:on_death": {
        "event": "on:death",
        "target": "self"
      },
      "minecraft:on_hurt": {
        "event": "on:hurt",
        "target": "self"
      },
      "minecraft:on_hurt_by_player": {
        "event": "on:hurt_by_player",
        "target": "self"
      },
      "minecraft:on_ignite": {
        "event": "on:ignite",
        "target": "self"
      },
      "minecraft:on_target_acquired": {
        "event": "on:target_acquired",
        "target": "self"
      },
      "minecraft:on_target_escape": {
        "event": "on:target_escape",
        "target": "self"
      },
      "minecraft:on_wake_with_owner": {
        "event": "on:wake_with_owner",
        "target": "self"
      },
      "minecraft:equip_item": {}
    },
    "events": {
      "minecraft:spawn_for_raid": {
        "add": {
          "component_groups": [
            "minecraft:raid_configuration"
          ]
        }
      },
      "on:death": {
        "run_command": {
          "command": []
        }
      },
      "on:hurt": {
        "run_command": {
          "command": []
        }
      },
      "on:hurt_by_player": {
        "run_command": {
          "command": []
        }
      },
      "on:ignite": {
        "run_command": {
          "command": []
        }
      },
      "on:target_acquired": {
        "run_command": {
          "command": []
        }
      },
      "on:target_escape": {
        "run_command": {
          "command": []
        }
      },
      "on:wake_with_owner": {
        "run_command": {
          "command": []
        }
      }
    }
  }
}