{
	"format_version": "1.8.0",
	"minecraft:entity": {
		"description": {
			"identifier": "srp:head_infected_chicken",
			"is_spawnable": true,
			"is_summonable": true,
			"is_experimental": false
		},

		"component_groups": {},
	"components": {
			"minecraft:type_family": {
				"family": ["infectado"]
			},
			"minecraft:nameable": {},
			"minecraft:loot": {
				"table": "loot_tables/entities/nothing.json"
			},
			"minecraft:health": {
				"value": 4.5,
				"max": 4.5
			},
			"minecraft:physics": {},
			"minecraft:pushable": {
				"is_pushable": true,
				"is_pushable_by_piston": true
      },
            "minecraft:experience_reward": {
        "on_death": "query.last_hit_by_player ? 5 : 0"
            },
            "minecraft:movement": {
				"value": 0.25
			},
			"minecraft:behavior.float": {
        "priority": 0
			},
    "minecraft:navigation.walk": {
      "can_path_over_water": true,
      "avoid_damage_blocks": true
    },
      "minecraft:movement.basic": {
      },
      "minecraft:jump.static": {
      },
      "minecraft:can_climb": {
			},
      "minecraft:collision_box": {
				"width": 0.8,
				"height": 0.7
      },
      "minecraft:hurt_on_condition": {
        "damage_conditions": [
          {
            "filters": { "test": "in_lava", "subject": "self", "operator": "==", "value": true },
            "cause": "lava",
            "damage_per_tick": 4
          }
        ]
      },
      "minecraft:breathable": {
        "total_supply": 15,
        "suffocate_time": 0,
        "breathes_air": true,
        "breathes_water": false
      },
      "minecraft:attack": {
        "damage": 1.5
      },

      // Head infected chicken behaviors
      "minecraft:behavior.melee_attack": {
        "priority": 3,
        "speed_multiplier": 1.5,
        "track_target": false
      },
      "minecraft:behavior.move_towards_restriction": {
        "priority": 5,
        "speed_multiplier": 1
      },
      "minecraft:behavior.panic": {
        "priority": 1,
        "speed_multiplier": 1.5
      },
      "minecraft:behavior.random_stroll": {
        "priority": 6,
        "speed_multiplier": 1
      },
      "minecraft:behavior.look_at_player": {
        "priority": 7,
        "look_distance": 6,
        "probability": 0.02
      },
      "minecraft:behavior.random_look_around": {
        "priority": 7
      },
      "minecraft:behavior.hurt_by_target": {
        "priority": 1
      },
      "minecraft:behavior.nearest_attackable_target": {
        "priority": 2,
        "within_radius": 25,
        "reselect_targets": true,
        "entity_types": [
          {
            "filters": {
              "any_of": [
                { "test": "is_family", "subject": "other", "value": "player" },
                { "test": "is_family", "subject": "other", "value": "pig" },
                { "test": "is_family", "subject": "other", "value": "sheep" },
                { "test": "is_family", "subject": "other", "value": "zombie" },
                { "test": "is_family", "subject": "other", "value": "spider" },
                { "test": "is_family", "subject": "other", "value": "wolf" },
                { "test": "is_family", "subject": "other", "value": "slime" },
                { "test": "is_family", "subject": "other", "value": "enderman" },
                { "test": "is_family", "subject": "other", "value": "cow" },
                { "test": "is_family", "subject": "other", "value": "chicken" },
                { "test": "is_family", "subject": "other", "value": "husk" },
                { "test": "is_family", "subject": "other", "value": "horse" },
                { "test": "is_family", "subject": "other", "value": "illager" },
                { "test": "is_family", "subject": "other", "value": "witch" },
                { "test": "is_family", "subject": "other", "value": "snowgolem" },
                { "test": "is_family", "subject": "other", "value": "irongolem" }
              ]
            },
            "max_dist": 35
          },
          {
            "filters": {
              "any_of": [
                { "test": "is_family", "subject": "other", "value": "villager" },
                { "test": "is_family", "subject": "other", "value": "wandering_trader" }
              ]
            },
            "max_dist": 35,
            "must_see": false
          },
          {
            "filters": {
              "all_of": [
                { "test": "is_family", "subject": "other", "value": "baby_turtle" },
                { "test": "in_water", "subject": "other", "operator": "!=", "value": true }
              ]
            },
            "max_dist": 35
          }
        ],
        "must_see": true,
        "must_see_forget_duration": 17.0
			}
		}
   }
}