{
    "format_version": "1.13.0",
    "minecraft:structure_template_feature": {
      "description": {
        "identifier": "op_asa:feature_pirates_ship2"
      },
      "structure_name": "mystructure:pirates_ship2",
      "facing_direction": "south",
      "adjustment_radius": 0,
      "constraints": {
        "block_intersection": {
          "block_whitelist": [
            "minecraft:water",
            "minecraft:flowing_water",
            "minecraft:air"
          ]
        }
      }
    }
}