{
	"format_version" : "1.10.0",
	"minecraft:client_entity" : {
		"description" : {
			"identifier" : "srp:adabted_reeker",
			"materials" : {
				"default" : "skeleton"
			},
			"textures" : {
				"default" : "textures/entity/adabted_reeker"
			},
			"geometry" : {
				"default" : "geometry.adabted_reeker"
			},
			"animations" : {
				"adabted_reeker_move" : "animation.adabted_reeker.move",
				"adabted_reeker_static" : "animation.adabted_reeker.static",
				"move" : "controller.animation.adabted_reeker.move"
			},
			"scripts" : {
				"animate" : [ "move" ],
				"pre_animation" : [ "variable.attack=Math.sin(variable.attack_time*30.0);" ]
			},
			"render_controllers" : [ "controller.render.adabted_reeker" ],
			"spawn_egg" : {
				"texture" : "egg_adabted_reeker"
			}
		}
	}
}
