{
	"format_version" : "1.10.0",
	"minecraft:client_entity" : {
		"description" : {
			"identifier" : "srp:big_moving_flesh",
			"materials" : {
				"default" : "skeleton"
			},
			"textures" : {
				"default" : "textures/entity/big_moving_flesh"
			},
			"geometry" : {
				"default" : "geometry.big_moving_flesh"
			},
			"animations" : {
				"moving_flesh_move" : "animation.moving_flesh.move",
				"moving_flesh_static" : "animation.moving_flesh.static",
				"move" : "controller.animation.moving_flesh.move"
			},
			"scripts" : {
				"animate" : [ "move" ],
				"pre_animation" : [ "variable.attack=Math.sin(variable.attack_time*30.0);" ]
			},
			"render_controllers" : [ "controller.render.big_moving_flesh" ],
			"spawn_egg" : {
				"texture" : "egg_big_moving_flesh"
			}
		}
	}
}
