{
	"format_version" : "1.10.0",
	"minecraft:client_entity" : {
		"description" : {
			"identifier" : "srp:big_spider",
			"materials" : {
				"default" : "skeleton"
			},
			"textures" : {
				"default" : "textures/entity/big_spider"
			},
			"geometry" : {
				"default" : "geometry.big_spider"
			},
			"animations" : {
				"big_spider_move" : "animation.big_spider.move",
				"big_spider_static" : "animation.big_spider.static",
				"move" : "controller.animation.big_spider.move"
			},
			"scripts" : {
				"animate" : [ "move" ],
				"pre_animation" : [ "variable.attack=Math.sin(variable.attack_time*30.0);" ]
			},
			"render_controllers" : [ "controller.render.big_spider" ],
			"spawn_egg" : {
				"texture" : "egg_big_spider"
			}
		}
	}
}
