{
	"format_version" : "1.10.0",
	"minecraft:client_entity" : {
		"description" : {
			"identifier" : "srp:bolster",
			"materials" : {
				"default" : "skeleton"
			},
			"textures" : {
				"default" : "textures/entity/bolster"
			},
			"geometry" : {
				"default" : "geometry.bolster"
			},
			"animations" : {
				"bolster_move" : "animation.bolster.move",
				"bolster_static" : "animation.bolster.static",
				"move" : "controller.animation.bolster.move"
			},
			"scripts" : {
				"animate" : [ "move" ],
				"pre_animation" : [ "variable.attack=Math.sin(variable.attack_time*30.0);" ]
			},
			"render_controllers" : [ "controller.render.bolster" ],
			"spawn_egg" : {
				"texture" : "egg_bolster"
			}
		}
	}
}
