{
	"format_version" : "1.10.0",
	"minecraft:client_entity" : {
		"description" : {
			"identifier" : "srp:horror_ghost_girl",
			"materials" : {
				"default" : "skeleton"
			},
			"textures" : {
				"default" : "textures/entity/horror_ghost_girl"
			},
			"geometry" : {
				"default" : "geometry.horror_ghost_girl"
			},
			"animations" : {
				"horror_ghost_girl_move" : "animation.horror_ghost_girl.move",
				"horror_ghost_girl_static" : "animation.horror_ghost_girl.static",
				"move" : "controller.animation.horror_ghost_girl.move"
			},
			"scripts" : {
				"animate" : [ "move" ],
				"pre_animation" : [ "variable.attack=Math.sin(variable.attack_time*30.0);" ]
			},
			"render_controllers" : [ "controller.render.horror_ghost_girl" ],
			"spawn_egg" : {
				"texture" : "egg_ghost_girl"
			}
		}
	}
}
