{
	"format_version" : "1.10.0",
	"minecraft:client_entity" : {
		"description" : {
			"identifier" : "srp:ifenderman",
			"materials" : {
				"default" : "skeleton"
			},
			"textures" : {
				"default" : "textures/entity/ifenderman"
			},
			"geometry" : {
				"default" : "geometry.ifenderman"
			},
			"animations" : {
				"ifenderman_move" : "animation.ifenderman.move",
				"ifenderman_static" : "animation.ifenderman.static",
				"move" : "controller.animation.ifenderman.move"
			},
			"scripts" : {
				"animate" : [ "move" ],
				"pre_animation" : [ "variable.attack=Math.sin(variable.attack_time*30.0);" ]
			},
			"render_controllers" : [ "controller.render.ifenderman" ],
			"spawn_egg" : {
				"texture" : "egg_ifenderman"
			}
		}
	}
}
