{
	"format_version" : "1.10.0",
	"minecraft:client_entity" : {
		"description" : {
			"identifier" : "srp:infected_player",
			"materials" : {
				"default" : "skeleton"
			},
			"textures" : {
				"default" : "textures/entity/infected_player"
			},
			"geometry" : {
				"default" : "geometry.infected_player"
			},
			"animations" : {
				"infected_player_move" : "animation.infected_player.move",
				"infected_player_static" : "animation.infected_player.static",
				"move" : "controller.animation.infected_player.move"
			},
			"scripts" : {
				"animate" : [ "move" ],
				"pre_animation" : [ "variable.attack=Math.sin(variable.attack_time*30.0);" ]
			},
			"render_controllers" : [ "controller.render.infected_player" ],
			"spawn_egg" : {
				"texture" : "egg_infected_player"
			}
		}
	}
}
