{
	"format_version": "1.8.0",
	"animations": {
		"animation.thomas.moving": {
			"loop": true,
			"animation_length": 1,
			"bones": {
				"body": {
					"rotation": {
						"0.0": [0, 7.5, 0],
						"0.5": [0, -7.5, 0],
						"1.0": [0, 7.5, 0]
					}
				},
				"bone2": {
					"position": [0, 0, 6]
				},
				"leg0": {
					"rotation": {
						"0.0": [0, 0, 5],
						"0.5": [0, 0, -25],
						"1.0": [0, 0, 5]
					}
				},
				"leg3": {
					"rotation": {
						"0.0": [0, 0, 25],
						"0.5": [0, 0, -5],
						"1.0": [0, 0, 25]
					}
				},
				"leg6": {
					"rotation": {
						"0.0": [0, 0, -5],
						"0.5": [0, 0, 25],
						"1.0": [0, 0, -5]
					}
				},
				"leg9": {
					"rotation": {
						"0.0": [0, 0, -25],
						"0.5": [0, 0, 5],
						"1.0": [0, 0, -25]
					}
				},
				"leg12": {
					"rotation": {
						"0.0": [0, 0, 5],
						"0.5": [0, 0, -25],
						"1.0": [0, 0, 5]
					}
				},
				"leg15": {
					"rotation": {
						"0.0": [0, 0, 25],
						"0.5": [0, 0, -5],
						"1.0": [0, 0, 25]
					}
				},
				"leg18": {
					"rotation": {
						"0.0": [0, 0, -5],
						"0.5": [0, 0, 25],
						"1.0": [0, 0, -5]
					}
				},
				"leg21": {
					"rotation": {
						"0.0": [0, 0, -25],
						"0.5": [0, 0, 5],
						"1.0": [0, 0, -25]
					}
				}
			}
		},
		"animation.thomas.climb": {
			"loop": true,
			"bones": {
				"body": {
					"rotation": [-90, 0, 0],
					"position": [0, 0, 8]
				}
			}
		},
		"animation.thomas.upside_down": {
			"loop": true,
			"bones": {
				"body": {
					"rotation": [0, 0, 180],
					"position": [0, -11, 0]
				}
			}
		},
		"animation.thomas.right": {
			"loop": true,
			"bones": {
				"body": {
					"rotation": [0, 0, 90],
					"position": [8, -10, 0]
				}
			}
		},
		"animation.thomas.left": {
			"loop": true,
			"bones": {
				"body": {
					"rotation": [0, 0, -90],
					"position": [-8, -10, 0]
				}
			}
		},
		"animation.thomas.general": {
			"loop": true,
			"bones": {
				"bone2": {
					"position": [0, 0, 6]
				}
			}
		},
		"animation.thomas.jumpscare": {
			"loop": "hold_on_last_frame",
			"animation_length": 0.91667,
			"bones": {
				"bone2": {
					"rotation": {
						"0.0": [0, 0, 0],
						"0.3333": [0, 0, 0],
						"0.6667": [2.5, 0, 0],
						"0.9167": [7.5, 0, 0]
					},
					"position": {
						"0.0": [0, 0, 5],
						"0.3333": [0, 0, -9],
						"0.6667": [0, 0, -11],
						"0.9167": [0, 0, -18]
					}
				},
				"bone5": {
					"rotation": {
						"0.0": [0, 0, 0],
						"0.3333": [0, 0, 0],
						"0.6667": [-40, 0, 0],
						"0.9167": [-50, 0, 0]
					}
				},
				"bone6": {
					"rotation": {
						"0.0": [0, 0, 0],
						"0.3333": [0, 0, 0],
						"0.6667": [0, 0, 0],
						"0.9167": [-27.5, 0, 0]
					}
				},
				"head": {
					"rotation": {
						"0.0": [0, 0, 0],
						"0.3333": [0, 0, 0],
						"0.6667": [2.5, 0, 0],
						"0.9167": [65, 0, 0]
					}
				},
				"jaw": {
					"position": {
						"0.0": [0, 0, 0],
						"0.3333": [0, 0, 0],
						"0.6667": [0, -3, 0],
						"0.9167": [0, 0, 0]
					}
				},
				"leg18": {
					"rotation": [-77.43043, 14.86457, -2.01796]
				},
				"leg21": {
					"rotation": [-77.43043, -14.86457, 2.01796]
				}
			}
		}
	}
}