{ 
	"entity_sounds": {
		"entities": {
      "srp:buglin": {
        "volume": 1.0,
        "pitch": [ 0.76, 1.14 ],
        "events": {
          "ambient": "entity.buglin.idle",
          "hurt": "entity.buglin.hurt",
          "death": "entity.buglin.death"
        }
      },
      "srp:rupter": {
        "volume": 1.0,
        "pitch": [ 0.76, 1.14 ],
        "events": {
          "ambient": "entity.rupter.idle",
          "hurt": "entity.rupter.hurt",
          "death": "entity.rupter.death"
        }
      },
      "srp:dweller": {
        "volume": 1.0,
        "pitch": [ 0.76, 1.14 ],
        "events": {
          "ambient": "entity.dweller.idle",
          "hurt": "entity.dweller.hurt",
          "death": "entity.dweller.death"
        }
      },
      "srp:infected_pig": {
        "volume": 1.0,
        "pitch": [ 0.76, 1.14 ],
        "events": {
          "ambient": "entity.infected_pig.idle",
          "hurt": "entity.infected_pig.hurt",
          "death": "entity.infected_pig.death"
        }
      },
      "srp:infected_sheep": {
        "volume": 1.0,
        "pitch": [ 0.76, 1.14 ],
        "events": {
          "ambient": "entity.infected_sheep.idle",
          "hurt": "entity.infected_sheep.hurt",
          "death": "entity.infected_sheep.death"
        }
      },
      "srp:infected_cow": {
        "volume": 1.0,
        "pitch": [ 0.76, 1.14 ],
        "events": {
          "ambient": "entity.infected_cow.idle",
          "hurt": "entity.infected_cow.hurt",
          "death": "entity.infected_cow.death"
        }
      },
      "srp:infected_horse": {
        "volume": 1.0,
        "pitch": [ 0.76, 1.14 ],
        "events": {
          "ambient": "entity.infected_horse.idle",
          "hurt": "entity.infected_horse.hurt",
          "death": "entity.infected_horse.death"
        }
      },
      "srp:infected_wolf": {
        "volume": 1.0,
        "pitch": [ 0.76, 1.14 ],
        "events": {
          "ambient": "entity.infected_wolf.idle",
          "hurt": "entity.infected_wolf.hurt",
          "death": "entity.infected_wolf.death"
        }
      },
      "srp:infected_villager": {
        "volume": 1.0,
        "pitch": [ 0.76, 1.14 ],
        "events": {
          "ambient": "entity.infected_villager.idle",
          "hurt": "entity.infected_villager.hurt",
          "death": "entity.infected_villager.death"
        }
      },
      "srp:infected_vindicater": {
        "volume": 1.0,
        "pitch": [ 0.76, 1.14 ],
        "events": {
          "ambient": "entity.infected_vindicater.idle",
          "hurt": "entity.infected_vindicater.hurt",
          "death": "entity.infected_vindicater.death"
        }
      },
      "srp:infected_evoker": {
        "volume": 1.0,
        "pitch": [ 0.76, 1.14 ],
        "events": {
          "ambient": "entity.infected_evoker.idle",
          "hurt": "entity.infected_evoker.hurt",
          "death": "entity.infected_evoker.death"
        }
      },
      "srp:infected_witch": {
        "volume": 1.0,
        "pitch": [ 0.76, 1.14 ],
        "events": {
          "ambient": "entity.infected_witch.idle",
          "hurt": "entity.infected_witch.hurt",
          "death": "entity.infected_witch.death"
        }
      },
      "srp:infected_pill": {
        "volume": 1.0,
        "pitch": [ 0.76, 1.14 ],
        "events": {
          "ambient": "entity.infected_pill.idle",
          "hurt": "entity.infected_pill.hurt",
          "death": "entity.infected_pill.death"
        }
      },
      "srp:infected_villagerv2": {
        "volume": 1.0,
        "pitch": [ 0.76, 1.14 ],
        "events": {
          "ambient": "entity.infected_villagerv2.idle",
          "hurt": "entity.infected_villagerv2.hurt",
          "death": "entity.infected_villagerv2.death"
        }
      },
      "srp:infected_human": {
        "volume": 1.0,
        "pitch": [ 0.76, 1.14 ],
        "events": {
          "ambient": "entity.infected_human.idle",
          "hurt": "entity.infected_human.hurt",
          "death": "entity.infected_human.death"
        }
      },
      "srp:infected_humanv2": {
        "volume": 1.0,
        "pitch": [ 0.76, 1.14 ],
        "events": {
          "ambient": "entity.infected_humanv2.idle",
          "hurt": "entity.infected_humanv2.hurt",
          "death": "entity.infected_humanv2.death"
        }
      },
      "srp:head_infected_pig": {
        "volume": 1.0,
        "pitch": [ 0.76, 1.14 ],
        "events": {
          "ambient": "entity.head_infected_pig.idle",
          "hurt": "entity.head_infected_pig.hurt",
          "death": "entity.head_infected_pig.death"
        }
      },
      "srp:head_infected_sheep": {
        "volume": 1.0,
        "pitch": [ 0.76, 1.14 ],
        "events": {
          "ambient": "entity.head_infected_sheep.idle",
          "hurt": "entity.head_infected_sheep.hurt",
          "death": "entity.head_infected_sheep.death"
        }
      },
      "srp:head_infected_cow": {
        "volume": 1.0,
        "pitch": [ 0.76, 1.14 ],
        "events": {
          "ambient": "entity.head_infected_cow.idle",
          "hurt": "entity.head_infected_cow.hurt",
          "death": "entity.head_infected_cow.death"
        }
      },
      "srp:head_infected_wolf": {
        "volume": 1.0,
        "pitch": [ 0.76, 1.14 ],
        "events": {
          "ambient": "entity.head_infected_wolf.idle",
          "hurt": "entity.head_infected_wolf.hurt",
          "death": "entity.head_infected_wolf.death"
        }
      },
      "srp:head_infected_villager": {
        "volume": 1.0,
        "pitch": [ 0.76, 1.14 ],
        "events": {
          "ambient": "entity.head_infected_villager.idle",
          "hurt": "entity.head_infected_villager.hurt",
          "death": "entity.head_infected_villager.death"
        }
      },
      "srp:infected_skeleton": {
        "volume": 1.0,
        "pitch": [ 0.76, 1.14 ],
        "events": {
          "ambient": "entity.infected_skeleton.idle",
          "hurt": "entity.infected_skeleton.hurt",
          "death": "entity.infected_skeleton.death"
        }
      },
      "srp:infected_skeletonv2": {
        "volume": 1.0,
        "pitch": [ 0.76, 1.14 ],
        "events": {
          "ambient": "entity.infected_skeletonv2.idle",
          "hurt": "entity.infected_skeletonv2.hurt",
          "death": "entity.infected_skeletonv2.death"
        }
      },
      "srp:infected_chicken": {
        "volume": 1.0,
        "pitch": [ 0.76, 1.14 ],
        "events": {
          "ambient": "entity.infected_chicken.idle",
          "hurt": "entity.infected_chicken.hurt",
          "death": "entity.infected_chicken.death"
        }
      },
      "srp:head_infected_chicken": {
        "volume": 1.0,
        "pitch": [ 0.76, 1.14 ],
        "events": {
          "ambient": "entity.head_infected_chicken.idle",
          "hurt": "entity.head_infected_chicken.hurt",
          "death": "entity.head_infected_chicken.death"
        }
      },
      "srp:summoner": {
        "volume": 1.0,
        "pitch": [ 0.76, 1.14 ],
        "events": {
          "ambient": "entity.summoner.idle",
          "hurt": "entity.summoner.hurt",
          "death": "entity.summoner.death"
        }
      },
      "srp:long_arm": {
        "volume": 1.0,
        "pitch": [ 0.76, 1.14 ],
        "events": {
          "ambient": "entity.long_arm.idle",
          "hurt": "entity.long_arm.hurt",
          "death": "entity.long_arm.death"
        }
      },
      "srp:long_arm2": {
        "volume": 1.0,
        "pitch": [ 0.76, 1.14 ],
        "events": {
          "ambient": "entity.long_arm2.idle",
          "hurt": "entity.long_arm2.hurt",
          "death": "entity.long_arm2.death"
        }
      },
      "srp:reeker": {
        "volume": 1.0,
        "pitch": [ 0.76, 1.14 ],
        "events": {
          "ambient": "entity.reeker.idle",
          "hurt": "entity.reeker.hurt",
          "death": "entity.reeker.death"
        }
      },
      "srp:reeker2": {
        "volume": 1.0,
        "pitch": [ 0.76, 1.14 ],
        "events": {
          "ambient": "entity.reeker2.idle",
          "hurt": "entity.reeker2.hurt",
          "death": "entity.reeker2.death"
        }
      },
      "srp:adabted_summoner": {
        "volume": 1.0,
        "pitch": [ 0.76, 1.14 ],
        "events": {
          "ambient": "entity.adabted_summoner.idle",
          "hurt": "entity.adabted_summoner.hurt",
          "death": "entity.adabted_summoner.death"
        }
      },
      "srp:flesh": {
        "volume": 1.0,
        "pitch": [ 0.76, 1.14 ],
        "events": {
          "ambient": "entity.flesh.idle",
          "hurt": "entity.flesh.hurt",
          "death": "entity.flesh.death"
        }
      },
      "srp:flesh2": {
        "volume": 1.0,
        "pitch": [ 0.76, 1.14 ],
        "events": {
          "ambient": "entity.flesh2.idle",
          "hurt": "entity.flesh2.hurt",
          "death": "entity.flesh2.death"
        }
      },
      "srp:flesh3": {
        "volume": 1.0,
        "pitch": [ 0.76, 1.14 ],
        "events": {
          "ambient": "entity.flesh3.idle",
          "hurt": "entity.flesh3.hurt",
          "death": "entity.flesh3.death"
        }
      },
      "srp:adabted_long_arm": {
        "volume": 1.0,
        "pitch": [ 0.76, 1.14 ],
        "events": {
          "ambient": "entity.adabted_long_arm.idle",
          "hurt": "entity.adabted_long_arm.hurt",
          "death": "entity.adabted_long_arm.death"
        }
      },
      "srp:adabted_reeker": {
        "volume": 1.0,
        "pitch": [ 0.76, 1.14 ],
        "events": {
          "ambient": "entity.adabted_reeker.idle",
          "hurt": "entity.adabted_reeker.hurt",
          "death": "entity.adabted_reeker.death"
        }
      },
      "srp:infected_bear": {
        "volume": 1.0,
        "pitch": [ 0.76, 1.14 ],
        "events": {
          "ambient": "entity.infected_bear.idle",
          "hurt": "entity.infected_bear.hurt",
          "death": "entity.infected_bear.death"
        }
      },
      "srp:yellow_eye": {
        "volume": 1.0,
        "pitch": [ 0.76, 1.14 ],
        "events": {
          "ambient": "entity.yellow_eye.idle",
          "hurt": "entity.yellow_eye.hurt",
          "death": "entity.yellow_eye.death"
        }
      },
      "srp:adabted_yellow_eye": {
        "volume": 1.0,
        "pitch": [ 0.76, 1.14 ],
        "events": {
          "ambient": "entity.adabted_yellow_eye.idle",
          "hurt": "entity.adabted_yellow_eye.hurt",
          "death": "entity.adabted_yellow_eye.death"
        }
      },
      "srp:manducater": {
        "volume": 1.0,
        "pitch": [ 0.76, 1.14 ],
        "events": {
          "ambient": "entity.manducater.idle",
          "hurt": "entity.manducater.hurt",
          "death": "entity.manducater.death"
        }
      },
      "srp:manducater2": {
        "volume": 1.0,
        "pitch": [ 0.76, 1.14 ],
        "events": {
          "ambient": "entity.manducater2.idle",
          "hurt": "entity.manducater2.hurt",
          "death": "entity.manducater2.death"
        }
      },
      "srp:adabted_manducater": {
        "volume": 1.0,
        "pitch": [ 0.76, 1.14 ],
        "events": {
          "ambient": "entity.adabted_manducater.idle",
          "hurt": "entity.adabted_manducater.hurt",
          "death": "entity.adabted_manducater.death"
        }
      },
      "srp:rupter2": {
        "volume": 1.0,
        "pitch": [ 0.76, 1.14 ],
        "events": {
          "ambient": "entity.rupter2.idle",
          "hurt": "entity.rupter2.hurt",
          "death": "entity.rupter2.death"
        }
      },
      "srp:bolster": {
        "volume": 1.0,
        "pitch": [ 0.76, 1.14 ],
        "events": {
          "ambient": "entity.bolster.idle",
          "hurt": "entity.bolster.hurt",
          "death": "entity.bolster.death"
        }
      },
      "srp:adabted_bolster": {
        "volume": 1.0,
        "pitch": [ 0.76, 1.14 ],
        "events": {
          "ambient": "entity.adabted_bolster.idle",
          "hurt": "entity.adabted_bolster.hurt",
          "death": "entity.adabted_bolster.death"
        }
      },
      "srp:infected_spider": {
        "volume": 1.0,
        "pitch": [ 0.76, 1.14 ],
        "events": {
          "ambient": "entity.infected_spider.idle",
          "hurt": "entity.infected_spider.hurt",
          "death": "entity.infected_spider.death"
        }
      },
      "srp:big_spider": {
        "volume": 1.0,
        "pitch": [ 0.76, 1.14 ],
        "events": {
          "ambient": "entity.big_spider.idle",
          "hurt": "entity.big_spider.hurt",
          "death": "entity.big_spider.death"
        }
      },
      "srp:big_spider2": {
        "volume": 1.0,
        "pitch": [ 0.76, 1.14 ],
        "events": {
          "ambient": "entity.big_spider2.idle",
          "hurt": "entity.big_spider2.hurt",
          "death": "entity.big_spider2.death"
        }
      },
      "srp:ifenderman": {

        "volume": 1.0,
        "pitch": [ 0.76, 1.14 ],
        "events": {
          "ambient": "entity.ifenderman.idle",
          "hurt": "entity.ifenderman.hurt",
          "death": "entity.ifenderman.death"
        }
      },
      "srp:host": {
        "volume": 1.0,
        "pitch": [ 0.76, 1.14 ],
        "events": {
          "ambient": "entity.host.idle",
          "hurt": "entity.host.hurt",
          "death": "entity.host.death"
        }
      },
      "srp:beckon1": {
        "volume": 0.45,
        "pitch": [ 1.0, 1.14 ],
        "events": {
          "ambient": "entity.beckon1.idle",
          "hurt": "entity.beckon1.hurt",
          "death": "entity.beckon1.death"
        }
      },
      "srp:beckon2": {
        "volume": 0.45,
        "pitch": [ 1.0, 1.14 ],
        "events": {
          "ambient": "entity.beckon2.idle",
          "hurt": "entity.beckon2.hurt",
          "death": "entity.beckon2.death"
        }
      },
      "srp:beckon3": {
        "volume": 0.45,
        "pitch": [ 1.0, 1.14 ],
        "events": {
          "ambient": "entity.beckon3.idle",
          "hurt": "entity.beckon3.hurt",
          "death": "entity.beckon3.death"
        }
      },
      "srp:beckon4": {
        "volume": 1.0,
        "pitch": [ 0.76, 1.14 ],
        "events": {
          "ambient": "entity.beckon4.idle",
          "hurt": "entity.beckon4.hurt",
          "death": "entity.beckon4.death"
        }
      },
      "srp:arachnida": {
        "volume": 1.0,
        "pitch": [ 0.76, 1.14 ],
        "events": {
          "ambient": "entity.arachnida.idle",
          "hurt": "entity.arachnida.hurt",
          "death": "entity.arachnida.death"
        }
      },
      "srp:warden": {
        "volume": 1.0,
        "pitch": [ 0.76, 1.14 ],
        "events": {
          "ambient": "entity.warden.idle",
          "hurt": "entity.warden.hurt",
          "death": "entity.warden.death"
        }
      },
      "srp:adap_arachnida": {
        "volume": 1.0,
        "pitch": [ 0.76, 1.14 ],
        "events": {
          "ambient": "entity.adap_arachnida.idle",
          "hurt": "entity.adap_arachnida.hurt",
          "death": "entity.adap_arachnida.death"
        }
      },
      "srp:overlord": {
        "volume": 1.0,
        "pitch": [ 0.76, 1.14 ],
        "events": {
          "ambient": "entity.overlord.idle",
          "hurt": "entity.overlord.hurt",
          "death": "entity.overlord.death"
        }
      },
      "srp:overlord2": {
        "volume": 1.0,
        "pitch": [ 0.76, 1.14 ],
        "events": {
          "ambient": "entity.overlord2.idle",
          "hurt": "entity.overlord2.hurt",
          "death": "entity.overlord2.death"
        }
      },
      "srp:dread": {
        "volume": 1.0,
        "pitch": [ 0.76, 1.14 ],
        "events": {
          "ambient": "entity.dread.idle",
          "hurt": "entity.dread.hurt",
          "death": "entity.dread.death"
        }
      },
      "srp:dread2": {
        "volume": 1.0,
        "pitch": [ 0.76, 1.14 ],
        "events": {
          "ambient": "entity.dread2.idle",
          "hurt": "entity.dread2.hurt",
          "death": "entity.dread2.death"
        }
      },
      "srp:bomb": {
        "volume": 1.0,
        "pitch": [ 0.76, 1.14 ],
        "events": {
          "ambient": "entity.bomb.idle",
          "hurt": "entity.bomb.hurt",
          "death": "entity.bomb.death"
        }
      },
      "srp:t1": {
        "volume": 1.0,
        "pitch": [ 0.76, 1.14 ],
        "events": {
          "ambient": "entity.t1.idle",
          "hurt": "entity.t1.hurt",
          "death": "entity.t1.death"
        }
      },
      "srp:t2": {
        "volume": 1.0,
        "pitch": [ 0.76, 1.14 ],
        "events": {
          "ambient": "entity.t2.idle",
          "hurt": "entity.t2.hurt",
          "death": "entity.t2.death"
        }
      },
      "srp:bomb2": {
        "volume": 1.0,
        "pitch": [ 0.76, 1.14 ],
        "events": {
          "ambient": "entity.bomb2.idle",
          "hurt": "entity.bomb2.hurt",
          "death": "entity.bomb2.death"
        }
      },
      "srp:bomb3": {
        "volume": 1.0,
        "pitch": [ 0.76, 1.14 ],
        "events": {
          "ambient": "entity.bomb3.idle",
          "hurt": "entity.bomb3.hurt",
          "death": "entity.bomb3.death"
        }
      },
      "srp:big_moving_flesh": {
        "volume": 1.0,
        "pitch": [ 0.76, 1.14 ],
        "events": {
          "ambient": "entity.big_moving_flesh.idle",
          "hurt": "entity.big_moving_flesh.hurt",
          "death": "entity.big_moving_flesh.death"
        }
      }
	}
  }
}
}oving_flesh": {
        "volume": 1.0,
        "pitch": [ 0.76, 1.14 ],
        "events": {
          "ambient": "entity.big_moving_flesh.idle",
          "hurt": "entity.big_moving_flesh.hurt",
          "death": "entity.big_moving_flesh.death"
        }
      }
	}
  }
}
}