{
	"format_version": "1.12.0",
	"minecraft:geometry": [
		{
			"description": {
				"identifier": "geometry.huggy_jn",
				"texture_width": 128,
				"texture_height": 128,
				"visible_bounds_width": 8,
				"visible_bounds_height": 6,
				"visible_bounds_offset": [0, 2, 0]
			},
			"bones": [
				{
					"name": "root",
					"pivot": [0, 0, 0]
				},
				{
					"name": "waist",
					"parent": "root",
					"pivot": [0, 32, 0]
				},
				{
					"name": "body",
					"parent": "waist",
					"pivot": [0, 44, 0],
					"cubes": [
						{"origin": [-4, 32, -2], "size": [8, 12, 4], "uv": [30, 34]}
					]
				},
				{
					"name": "cape",
					"parent": "body",
					"pivot": [0, 24, 3]
				},
				{
					"name": "leftArm",
					"parent": "body",
					"pivot": [5, 42, 0],
					"cubes": [
						{"origin": [4, 41, -2], "size": [3, 3, 4], "uv": [81, 32]}
					]
				},
				{
					"name": "leftArm2",
					"parent": "leftArm",
					"pivot": [5, 41, 0],
					"cubes": [
						{"origin": [4, 38, -2], "size": [3, 3, 4], "uv": [72, 79]}
					]
				},
				{
					"name": "leftArm3",
					"parent": "leftArm2",
					"pivot": [5, 38, 0],
					"cubes": [
						{"origin": [4, 35, -2], "size": [3, 3, 4], "uv": [36, 79]}
					]
				},
				{
					"name": "leftArm4",
					"parent": "leftArm3",
					"pivot": [5, 35, 0],
					"cubes": [
						{"origin": [4, 32, -2], "size": [3, 3, 4], "uv": [22, 79]}
					]
				},
				{
					"name": "leftArm5",
					"parent": "leftArm4",
					"pivot": [5, 32, 0],
					"cubes": [
						{"origin": [4, 29, -2], "size": [3, 3, 4], "uv": [78, 25]}
					]
				},
				{
					"name": "leftArm6",
					"parent": "leftArm5",
					"pivot": [5, 29, 0],
					"cubes": [
						{"origin": [4, 26, -2], "size": [3, 3, 4], "uv": [62, 76]}
					]
				},
				{
					"name": "leftArm7",
					"parent": "leftArm6",
					"pivot": [5, 26, 0],
					"cubes": [
						{"origin": [4, 23, -2], "size": [3, 3, 4], "uv": [48, 75]}
					]
				},
				{
					"name": "leftArm8",
					"parent": "leftArm7",
					"pivot": [5, 23, 0],
					"cubes": [
						{"origin": [4, 20, -2], "size": [3, 3, 4], "uv": [75, 14]}
					]
				},
				{
					"name": "leftArm9",
					"parent": "leftArm8",
					"pivot": [5, 20, 0],
					"cubes": [
						{"origin": [4, 17, -2], "size": [3, 3, 4], "uv": [12, 75]}
					]
				},
				{
					"name": "leftArm10",
					"parent": "leftArm9",
					"pivot": [5, 17, 0],
					"cubes": [
						{"origin": [4, 14, -2], "size": [3, 3, 4], "uv": [74, 45]},
						{"origin": [4, 9, -1.5], "size": [3, 5, 0], "pivot": [5, 17, 0], "rotation": [-10, 0, 0], "uv": [0, 99]},
						{"origin": [4.75, 9, -2], "size": [0, 5, 4], "pivot": [5, 17, 0], "rotation": [0, 0, 10], "uv": [0, 100]},
						{"origin": [6.25, 9, -2], "size": [0, 5, 4], "pivot": [5, 17, 0], "rotation": [0, 0, -10], "uv": [0, 100]},
						{"origin": [4, 9, 1.5], "size": [3, 5, 0], "pivot": [5, 17, 0], "rotation": [10, 0, 0], "uv": [0, 99]}
					]
				},
				{
					"name": "leftHand",
					"parent": "leftArm10",
					"pivot": [5, 14, 0],
					"cubes": [
						{"origin": [4.5, 9, -2], "size": [2, 5, 4], "uv": [0, 75]}
					]
				},
				{
					"name": "leftThumb",
					"parent": "leftHand",
					"pivot": [6, 13, -2],
					"cubes": [
						{"origin": [5, 13, -4], "size": [1, 1, 2], "uv": [0, 3]}
					]
				},
				{
					"name": "leftItem",
					"parent": "leftHand",
					"pivot": [6, 11, 1]
				},
				{
					"name": "rightArm",
					"parent": "body",
					"pivot": [-6, 42, 0],
					"cubes": [
						{"origin": [-7, 41, -2], "size": [3, 3, 4], "uv": [73, 3]}
					]
				},
				{
					"name": "rightArm2",
					"parent": "rightArm",
					"pivot": [-6, 41, 0],
					"cubes": [
						{"origin": [-7, 38, -2], "size": [3, 3, 4], "uv": [72, 72]}
					]
				},
				{
					"name": "rightArm3",
					"parent": "rightArm2",
					"pivot": [-6, 38, 0],
					"cubes": [
						{"origin": [-7, 35, -2], "size": [3, 3, 4], "uv": [72, 65]}
					]
				},
				{
					"name": "rightArm4",
					"parent": "rightArm3",
					"pivot": [-6, 35, 0],
					"cubes": [
						{"origin": [-7, 32, -2], "size": [3, 3, 4], "uv": [72, 55]}
					]
				},
				{
					"name": "rightArm5",
					"parent": "rightArm4",
					"pivot": [-6, 32, 0],
					"cubes": [
						{"origin": [-7, 29, -2], "size": [3, 3, 4], "uv": [38, 72]}
					]
				},
				{
					"name": "rightArm6",
					"parent": "rightArm5",
					"pivot": [-6, 29, 0],
					"cubes": [
						{"origin": [-7, 26, -2], "size": [3, 3, 4], "uv": [24, 72]}
					]
				},
				{
					"name": "rightArm7",
					"parent": "rightArm6",
					"pivot": [-6, 26, 0],
					"cubes": [
						{"origin": [-7, 23, -2], "size": [3, 3, 4], "uv": [71, 38]}
					]
				},
				{
					"name": "rightArm8",
					"parent": "rightArm7",
					"pivot": [-6, 23, 0],
					"cubes": [
						{"origin": [-7, 20, -2], "size": [3, 3, 4], "uv": [62, 69]}
					]
				},
				{
					"name": "rightArm9",
					"parent": "rightArm8",
					"pivot": [-6, 20, 0],
					"cubes": [
						{"origin": [-7, 17, -2], "size": [3, 3, 4], "uv": [48, 68]}
					]
				},
				{
					"name": "rightArm10",
					"parent": "rightArm9",
					"pivot": [-6, 17, 0],
					"cubes": [
						{"origin": [-7, 14, -2], "size": [3, 3, 4], "uv": [68, 22]},
						{"origin": [-7, 9, -1.5], "size": [3, 5, 0], "pivot": [5, 17, 0], "rotation": [-10, 0, 0], "uv": [0, 99]},
						{"origin": [-7, 9, 1.5], "size": [3, 5, 0], "pivot": [5, 17, 0], "rotation": [10, 0, 0], "uv": [0, 99]},
						{"origin": [-4.5, 10.5, -2], "size": [0, 5, 4], "pivot": [5, 17, 0], "rotation": [0, 0, -10], "uv": [0, 100]},
						{"origin": [-6.25, 7.5, -2], "size": [0, 5, 4], "pivot": [5, 17, 0], "rotation": [0, 0, 10], "uv": [0, 100]}
					]
				},
				{
					"name": "rightHand",
					"parent": "rightArm10",
					"pivot": [-6, 14, 0],
					"cubes": [
						{"origin": [-6.5, 9, -2], "size": [2, 5, 4], "uv": [68, 29]}
					]
				},
				{
					"name": "rightThumb",
					"parent": "rightHand",
					"pivot": [-5, 13, -2],
					"cubes": [
						{"origin": [-6, 13, -4], "size": [1, 1, 2], "uv": [0, 0]}
					]
				},
				{
					"name": "rightItem",
					"parent": "rightThumb",
					"pivot": [-5, 11, 1]
				},
				{
					"name": "head",
					"parent": "body",
					"pivot": [0, 44, 0],
					"cubes": [
						{"origin": [-4, 44, -3], "size": [8, 1, 6], "uv": [35, 0]},
						{"origin": [-5, 45, -3.5], "size": [10, 1, 7], "uv": [31, 26]},
						{"origin": [-6, 46, -3.5], "size": [12, 9, 7], "uv": [0, 17]},
						{"origin": [-7, 47, -3.6], "size": [14, 10, 7.3], "uv": [0, 0]},
						{"origin": [-4.9, 45.1, -3.3], "size": [9.8, 8, 5], "uv": [0, 33]},
						{"origin": [-7, 56, -3.6], "size": [14, 0, 7.3], "uv": [24, 17]}
					]
				},
				{
					"name": "chase1",
					"parent": "head",
					"pivot": [0, 44, 0],
					"cubes": [
						{"origin": [-6, 44, -3.61], "size": [12, 8, 0], "uv": [24, 50]}
					]
				},
				{
					"name": "chase2",
					"parent": "head",
					"pivot": [0, 44, 0],
					"cubes": [
						{"origin": [-6, 44, -3.61], "size": [12, 8, 0], "uv": [0, 46]}
					]
				},
				{
					"name": "passive",
					"parent": "head",
					"pivot": [0, 44, 0],
					"cubes": [
						{"origin": [-6, 44, -3.62], "size": [12, 8, 0], "uv": [42, 7]}
					]
				},
				{
					"name": "rightEye",
					"parent": "head",
					"pivot": [-3.2, 50, -4],
					"cubes": [
						{"origin": [-4.2, 50, -4], "size": [3.4, 3.4, 3], "uv": [0, 84]}
					]
				},
				{
					"name": "rightEye2",
					"parent": "rightEye",
					"pivot": [-3.2, 50, -4],
					"cubes": [
						{"origin": [-4, 50.2, -4.3], "size": [3, 3, 1], "uv": [10, 54]}
					]
				},
				{
					"name": "leftEye",
					"parent": "head",
					"pivot": [1.8, 50.8, -4],
					"cubes": [
						{"origin": [0.8, 50.8, -4], "size": [3.4, 3.4, 3], "uv": [0, 84]}
					]
				},
				{
					"name": "leftEye2",
					"parent": "leftEye",
					"pivot": [1.8, 50.8, -4],
					"cubes": [
						{"origin": [1, 51, -4.3], "size": [3, 3, 1], "uv": [25, 34]}
					]
				},
				{
					"name": "insideteeth",
					"parent": "head",
					"pivot": [-20, 46, 0]
				},
				{
					"name": "insideteeth1",
					"parent": "insideteeth",
					"pivot": [-20, 44, 0],
					"cubes": [
						{"origin": [-24, 44, 0], "size": [8, 2, 0], "uv": [13, 87]}
					]
				},
				{
					"name": "insideteeth2",
					"parent": "insideteeth",
					"pivot": [-20, 48, 0],
					"cubes": [
						{"origin": [-25, 46, 0], "size": [10, 2, 0], "uv": [13, 89]}
					]
				},
				{
					"name": "tiefull",
					"parent": "body",
					"pivot": [0, 44, 0],
					"cubes": [
						{"origin": [-4, 39, -2.3], "size": [8, 5, 0], "uv": [82, 52]}
					]
				},
				{
					"name": "tie2",
					"parent": "tiefull",
					"pivot": [0, 42, -2.3],
					"rotation": [0, 0, -17.5],
					"cubes": [
						{"origin": [0, 37, -2.3], "size": [1, 5, 0], "uv": [87, 57]}
					]
				},
				{
					"name": "tie1",
					"parent": "tiefull",
					"pivot": [0, 42, -2.3],
					"rotation": [0, 0, 17.5],
					"cubes": [
						{"origin": [-1, 37, -2.3], "size": [1, 5, 0], "uv": [87, 57]}
					]
				},
				{
					"name": "leftLeg",
					"parent": "root",
					"pivot": [1.9, 32, 0],
					"cubes": [
						{"origin": [0.9, 29, -2], "size": [3, 3, 4], "uv": [14, 68]}
					]
				},
				{
					"name": "leftLeg2",
					"parent": "leftLeg",
					"pivot": [1.9, 29, 0],
					"cubes": [
						{"origin": [0.9, 26, -2], "size": [3, 3, 4], "uv": [0, 68]}
					]
				},
				{
					"name": "leftLeg3",
					"parent": "leftLeg2",
					"pivot": [1.9, 26, 0],
					"cubes": [
						{"origin": [0.9, 23, -2], "size": [3, 3, 4], "uv": [38, 65]}
					]
				},
				{
					"name": "leftLeg4",
					"parent": "leftLeg3",
					"pivot": [1.9, 23, 0],
					"cubes": [
						{"origin": [0.9, 20, -2], "size": [3, 3, 4], "uv": [24, 65]}
					]
				},
				{
					"name": "leftLeg5",
					"parent": "leftLeg4",
					"pivot": [1.9, 20, 0],
					"cubes": [
						{"origin": [0.9, 17, -2], "size": [3, 3, 4], "uv": [65, 11]}
					]
				},
				{
					"name": "leftLeg6",
					"parent": "leftLeg5",
					"pivot": [1.9, 17, 0],
					"cubes": [
						{"origin": [0.9, 14, -2], "size": [3, 3, 4], "uv": [64, 48]}
					]
				},
				{
					"name": "leftLeg7",
					"parent": "leftLeg6",
					"pivot": [1.9, 14, 0],
					"cubes": [
						{"origin": [0.9, 11, -2], "size": [3, 3, 4], "uv": [63, 0]}
					]
				},
				{
					"name": "leftLeg8",
					"parent": "leftLeg7",
					"pivot": [1.9, 11, 0],
					"cubes": [
						{"origin": [0.9, 8, -2], "size": [3, 3, 4], "uv": [62, 62]}
					]
				},
				{
					"name": "leftLeg9",
					"parent": "leftLeg8",
					"pivot": [1.9, 8, 0],
					"cubes": [
						{"origin": [0.9, 5, -2], "size": [3, 3, 4], "uv": [48, 61]}
					]
				},
				{
					"name": "leftLeg10",
					"parent": "leftLeg9",
					"pivot": [1.9, 5, 0],
					"cubes": [
						{"origin": [0.9, 2, -2], "size": [3, 3, 4], "uv": [61, 41]},
						{"origin": [3.25, -1, -2], "size": [0, 5, 4], "pivot": [2, 7, 0], "rotation": [0, 0, -10], "uv": [0, 100]},
						{"origin": [1, -1, -1.5], "size": [3, 5, 0], "pivot": [2, 7, 0], "rotation": [-10, 0, 0], "uv": [0, 99]},
						{"origin": [1, -1, 1.5], "size": [3, 5, 0], "pivot": [2, 7, 0], "rotation": [10, 0, 0], "uv": [0, 99]},
						{"origin": [1.75, -1, -2], "size": [0, 5, 4], "pivot": [2, 7, 0], "rotation": [0, 0, 10], "uv": [0, 100]}
					]
				},
				{
					"name": "leftFoot",
					"parent": "leftLeg10",
					"pivot": [1.9, 2, 0],
					"cubes": [
						{"origin": [0.9, 0, -5], "size": [3, 2, 7], "uv": [52, 17]}
					]
				},
				{
					"name": "leftToe",
					"parent": "leftFoot",
					"pivot": [0.9, 0, 0],
					"cubes": [
						{"origin": [-1.1, 0, 0], "size": [2, 1, 1], "uv": [0, 19]}
					]
				},
				{
					"name": "rightLeg",
					"parent": "root",
					"pivot": [-3.1, 32, 0],
					"cubes": [
						{"origin": [-4.1, 29, -2], "size": [3, 3, 4], "uv": [14, 61]}
					]
				},
				{
					"name": "rightLeg2",
					"parent": "rightLeg",
					"pivot": [-3.1, 29, 0],
					"cubes": [
						{"origin": [-4.1, 26, -2], "size": [3, 3, 4], "uv": [0, 61]}
					]
				},
				{
					"name": "rightLeg3",
					"parent": "rightLeg2",
					"pivot": [-3.1, 26, 0],
					"cubes": [
						{"origin": [-4.1, 23, -2], "size": [3, 3, 4], "uv": [58, 55]}
					]
				},
				{
					"name": "rightLeg4",
					"parent": "rightLeg3",
					"pivot": [-3.1, 23, 0],
					"cubes": [
						{"origin": [-4.1, 20, -2], "size": [3, 3, 4], "uv": [38, 58]}
					]
				},
				{
					"name": "rightLeg5",
					"parent": "rightLeg4",
					"pivot": [-3.1, 20, 0],
					"cubes": [
						{"origin": [-4.1, 17, -2], "size": [3, 3, 4], "uv": [58, 26]}
					]
				},
				{
					"name": "rightLeg6",
					"parent": "rightLeg5",
					"pivot": [-3.1, 17, 0],
					"cubes": [
						{"origin": [-4.1, 14, -2], "size": [3, 3, 4], "uv": [24, 58]}
					]
				},
				{
					"name": "rightLeg7",
					"parent": "rightLeg6",
					"pivot": [-3.1, 14, 0],
					"cubes": [
						{"origin": [-4.1, 11, -2], "size": [3, 3, 4], "uv": [54, 34]}
					]
				},
				{
					"name": "rightLeg8",
					"parent": "rightLeg7",
					"pivot": [-3.1, 11, 0],
					"cubes": [
						{"origin": [-4.1, 8, -2], "size": [3, 3, 4], "uv": [14, 54]}
					]
				},
				{
					"name": "rightLeg9",
					"parent": "rightLeg8",
					"pivot": [-3.1, 8, 0],
					"cubes": [
						{"origin": [-4.1, 5, -2], "size": [3, 3, 4], "uv": [0, 54]}
					]
				},
				{
					"name": "rightLeg10",
					"parent": "rightLeg9",
					"pivot": [-3.1, 5, 0],
					"cubes": [
						{"origin": [-4.1, 2, -2], "size": [3, 3, 4], "uv": [48, 52]},
						{"origin": [-1.85, -1, -2], "size": [0, 5, 4], "pivot": [-3.1, 7, 0], "rotation": [0, 0, -10], "uv": [0, 100]},
						{"origin": [-4.1, -1, -1.5], "size": [3, 5, 0], "pivot": [-3.1, 7, 0], "rotation": [-10, 0, 0], "uv": [0, 99]},
						{"origin": [-4.1, -1, 1.5], "size": [3, 5, 0], "pivot": [-3.1, 7, 0], "rotation": [10, 0, 0], "uv": [0, 99]},
						{"origin": [-3.35, -1, -2], "size": [0, 5, 4], "pivot": [-3.1, 7, 0], "rotation": [0, 0, 10], "uv": [0, 100]}
					]
				},
				{
					"name": "rightFoot",
					"parent": "rightLeg10",
					"pivot": [-3.1, 2, 0],
					"cubes": [
						{"origin": [-4.1, 0, -5], "size": [3, 2, 7], "uv": [48, 43]}
					]
				},
				{
					"name": "rightToe",
					"parent": "rightFoot",
					"pivot": [-1.1, 0, 0],
					"cubes": [
						{"origin": [-1.1, 0, 0], "size": [2, 1, 1], "uv": [0, 17]}
					]
				}
			]
		}
	]
}