{
	"format_version": "1.12.0",
	"minecraft:geometry": [
		{
			"description": {
				"identifier": "geometry.mommy_long_legs_hand_jn",
				"texture_width": 128,
				"texture_height": 128,
				"visible_bounds_width": 26,
				"visible_bounds_height": 7.5,
				"visible_bounds_offset": [0, 3.25, 0]
			},
			"bones": [
				{
					"name": "root",
					"pivot": [0, 0, 0]
				},
				{
					"name": "leftLeg",
					"parent": "root",
					"pivot": [3, 28, -1],
					"cubes": [
						{"origin": [2, 26, -2], "size": [2, 2, 2], "uv": [70, 86]}
					]
				},
				{
					"name": "leftLeg2",
					"parent": "leftLeg",
					"pivot": [3, 26, -1],
					"cubes": [
						{"origin": [2, 24, -2], "size": [2, 2, 2], "uv": [62, 86]}
					]
				},
				{
					"name": "leftLeg3",
					"parent": "leftLeg2",
					"pivot": [3, 24, -1],
					"cubes": [
						{"origin": [2, 22, -2], "size": [2, 2, 2], "uv": [54, 86]}
					]
				},
				{
					"name": "leftLeg4",
					"parent": "leftLeg3",
					"pivot": [3, 22, -1],
					"cubes": [
						{"origin": [2, 20, -2], "size": [2, 2, 2], "uv": [86, 32]}
					]
				},
				{
					"name": "leftLeg5",
					"parent": "leftLeg4",
					"pivot": [3, 20, -1],
					"cubes": [
						{"origin": [2, 18, -2], "size": [2, 2, 2], "uv": [86, 28]}
					]
				},
				{
					"name": "leftLeg6",
					"parent": "leftLeg5",
					"pivot": [3, 18, -1],
					"cubes": [
						{"origin": [2, 16, -2], "size": [2, 2, 2], "uv": [86, 18]}
					]
				},
				{
					"name": "leftLeg7",
					"parent": "leftLeg6",
					"pivot": [3, 16, -1],
					"cubes": [
						{"origin": [2, 14, -2], "size": [2, 2, 2], "uv": [86, 14]}
					]
				},
				{
					"name": "leftLeg8",
					"parent": "leftLeg7",
					"pivot": [3, 14, -1],
					"cubes": [
						{"origin": [2, 12, -2], "size": [2, 2, 2], "uv": [86, 10]}
					]
				},
				{
					"name": "leftLeg9",
					"parent": "leftLeg8",
					"pivot": [3, 12, -1],
					"cubes": [
						{"origin": [2, 10, -2], "size": [2, 2, 2], "uv": [84, 84]}
					]
				},
				{
					"name": "leftLeg10",
					"parent": "leftLeg9",
					"pivot": [3, 10, -1],
					"cubes": [
						{"origin": [2, 8, -2], "size": [2, 2, 2], "uv": [76, 84]}
					]
				},
				{
					"name": "leftLeg11",
					"parent": "leftLeg10",
					"pivot": [3, 8, -1],
					"cubes": [
						{"origin": [2, 6, -2], "size": [2, 2, 2], "uv": [84, 60]}
					]
				},
				{
					"name": "leftLeg12",
					"parent": "leftLeg11",
					"pivot": [3, 6, -1],
					"cubes": [
						{"origin": [2, 4, -2], "size": [2, 2, 2], "uv": [84, 56]}
					]
				},
				{
					"name": "leftLeg13",
					"parent": "leftLeg12",
					"pivot": [3, 4, -1],
					"cubes": [
						{"origin": [1, 0, -6], "size": [4, 3, 7], "uv": [0, 62]},
						{"origin": [1.5, 3, -2.5], "size": [3, 1, 3], "uv": [15, 62]}
					]
				},
				{
					"name": "rightLeg",
					"parent": "root",
					"pivot": [-3, 28, -1],
					"cubes": [
						{"origin": [-4, 26, -2], "size": [2, 2, 2], "uv": [84, 52]}
					]
				},
				{
					"name": "rightLeg2",
					"parent": "rightLeg",
					"pivot": [-3, 26, -1],
					"cubes": [
						{"origin": [-4, 24, -2], "size": [2, 2, 2], "uv": [84, 48]}
					]
				},
				{
					"name": "rightLeg3",
					"parent": "rightLeg2",
					"pivot": [-3, 24, -1],
					"cubes": [
						{"origin": [-4, 22, -2], "size": [2, 2, 2], "uv": [48, 84]}
					]
				},
				{
					"name": "rightLeg4",
					"parent": "rightLeg3",
					"pivot": [-3, 22, -1],
					"cubes": [
						{"origin": [-4, 20, -2], "size": [2, 2, 2], "uv": [40, 84]}
					]
				},
				{
					"name": "rightLeg5",
					"parent": "rightLeg4",
					"pivot": [-3, 20, -1],
					"cubes": [
						{"origin": [-4, 18, -2], "size": [2, 2, 2], "uv": [32, 84]}
					]
				},
				{
					"name": "rightLeg6",
					"parent": "rightLeg5",
					"pivot": [-3, 18, -1],
					"cubes": [
						{"origin": [-4, 16, -2], "size": [2, 2, 2], "uv": [24, 84]}
					]
				},
				{
					"name": "rightLeg7",
					"parent": "rightLeg6",
					"pivot": [-3, 16, -1],
					"cubes": [
						{"origin": [-4, 14, -2], "size": [2, 2, 2], "uv": [16, 84]}
					]
				},
				{
					"name": "rightLeg8",
					"parent": "rightLeg7",
					"pivot": [-3, 14, -1],
					"cubes": [
						{"origin": [-4, 12, -2], "size": [2, 2, 2], "uv": [8, 84]}
					]
				},
				{
					"name": "rightLeg9",
					"parent": "rightLeg8",
					"pivot": [-3, 12, -1],
					"cubes": [
						{"origin": [-4, 10, -2], "size": [2, 2, 2], "uv": [84, 4]}
					]
				},
				{
					"name": "rightLeg10",
					"parent": "rightLeg9",
					"pivot": [-3, 10, -1],
					"cubes": [
						{"origin": [-4, 8, -2], "size": [2, 2, 2], "uv": [0, 84]}
					]
				},
				{
					"name": "rightLeg11",
					"parent": "rightLeg10",
					"pivot": [-3, 8, -1],
					"cubes": [
						{"origin": [-4, 6, -2], "size": [2, 2, 2], "uv": [83, 43]}
					]
				},
				{
					"name": "rightLeg12",
					"parent": "rightLeg11",
					"pivot": [-3, 6, -1],
					"cubes": [
						{"origin": [-4, 4, -2], "size": [2, 2, 2], "uv": [70, 82]}
					]
				},
				{
					"name": "rightLeg13",
					"parent": "rightLeg12",
					"pivot": [-3, 4, -1],
					"cubes": [
						{"origin": [-5, 0, -6], "size": [4, 3, 7], "uv": [59, 18]},
						{"origin": [-4.5, 3, -2.5], "size": [3, 1, 3], "uv": [53, 18]}
					]
				},
				{
					"name": "waist",
					"parent": "root",
					"pivot": [0, 28, -1],
					"cubes": [
						{"origin": [-5, 29, -6.5], "size": [10, 10, 11], "uv": [0, 0]},
						{"origin": [-6, 29, -5.5], "size": [12, 10, 9], "uv": [0, 21]},
						{"origin": [-5, 28, -5.5], "size": [10, 12, 9], "uv": [33, 31]}
					]
				},
				{
					"name": "body",
					"parent": "waist",
					"pivot": [0, 40, -1],
					"cubes": [
						{"origin": [-1, 40, -2], "size": [2, 2, 2], "uv": [62, 82]}
					]
				},
				{
					"name": "body2",
					"parent": "body",
					"pivot": [0, 42, -1],
					"cubes": [
						{"origin": [-1, 42, -2], "size": [2, 2, 2], "uv": [54, 82]}
					]
				},
				{
					"name": "body3",
					"parent": "body2",
					"pivot": [0, 44, -1],
					"cubes": [
						{"origin": [-1, 44, -2], "size": [2, 2, 2], "uv": [81, 24]}
					]
				},
				{
					"name": "body4",
					"parent": "body3",
					"pivot": [0, 46, -1],
					"cubes": [
						{"origin": [-1, 46, -2], "size": [2, 2, 2], "uv": [80, 80]}
					]
				},
				{
					"name": "body5",
					"parent": "body4",
					"pivot": [0, 48, -1],
					"cubes": [
						{"origin": [-1, 48, -2], "size": [2, 2, 2], "uv": [80, 76]}
					]
				},
				{
					"name": "body6",
					"parent": "body5",
					"pivot": [0, 50, -1],
					"cubes": [
						{"origin": [-1, 50, -2], "size": [2, 2, 2], "uv": [48, 80]}
					]
				},
				{
					"name": "body7",
					"parent": "body6",
					"pivot": [0, 52, -1],
					"cubes": [
						{"origin": [-3.5, 52, -4], "size": [7, 2, 6], "uv": [33, 21]},
						{"origin": [-5, 54, -5], "size": [10, 7, 8], "uv": [56, 59]}
					]
				},
				{
					"name": "neck",
					"parent": "body7",
					"pivot": [0, 61, -1],
					"cubes": [
						{"origin": [-1, 61, -2], "size": [2, 2, 2], "uv": [40, 80]}
					]
				},
				{
					"name": "neck2",
					"parent": "neck",
					"pivot": [0, 63, -1],
					"cubes": [
						{"origin": [-1, 63, -2], "size": [2, 2, 2], "uv": [32, 80]}
					]
				},
				{
					"name": "neck3",
					"parent": "neck2",
					"pivot": [0, 65, -1],
					"cubes": [
						{"origin": [-1, 65, -2], "size": [2, 2, 2], "uv": [24, 80]}
					]
				},
				{
					"name": "neck4",
					"parent": "neck3",
					"pivot": [0, 67, -1],
					"cubes": [
						{"origin": [-1, 67, -2], "size": [2, 2, 2], "uv": [80, 20]}
					]
				},
				{
					"name": "neck5",
					"parent": "neck4",
					"pivot": [0, 69, -1],
					"cubes": [
						{"origin": [-1, 69, -2], "size": [2, 2, 2], "uv": [80, 16]}
					]
				},
				{
					"name": "neck6",
					"parent": "neck5",
					"pivot": [0, 71, -1],
					"cubes": [
						{"origin": [-1, 71, -2], "size": [2, 2, 2], "uv": [16, 80]}
					]
				},
				{
					"name": "head",
					"parent": "neck6",
					"pivot": [0, 73, -1],
					"cubes": [
						{"origin": [-4.5, 73, -6], "size": [9, 10, 10], "uv": [0, 42]},
						{"origin": [-5.5, 73, -5], "size": [11, 10, 8], "uv": [42, 0]},
						{"origin": [-2, 83, -6], "size": [8, 5, 10], "uv": [28, 52]}
					]
				},
				{
					"name": "hair",
					"parent": "head",
					"pivot": [-4, 83, -1],
					"rotation": [0, 0, -10],
					"cubes": [
						{"origin": [-6, 83, -3], "size": [4, 1, 4], "uv": [71, 43]}
					]
				},
				{
					"name": "hair2",
					"parent": "hair",
					"pivot": [-4, 84, -1],
					"rotation": [0, 0, -25],
					"cubes": [
						{"origin": [-5, 84, -1], "size": [1, 2, 1], "uv": [36, 88]}
					]
				},
				{
					"name": "hair3",
					"parent": "hair2",
					"pivot": [-4, 86, -1],
					"rotation": [0, 0, -50],
					"cubes": [
						{"origin": [-5, 86, -1], "size": [1, 2, 1], "uv": [32, 88]}
					]
				},
				{
					"name": "hair4",
					"parent": "hair3",
					"pivot": [-4, 88, -1],
					"rotation": [0, 0, -60],
					"cubes": [
						{"origin": [-5, 88, -1], "size": [1, 2, 1], "uv": [28, 88]}
					]
				},
				{
					"name": "hair5",
					"parent": "hair4",
					"pivot": [-4, 90, -1],
					"rotation": [0, 0, -32.5],
					"cubes": [
						{"origin": [-5, 90, -1], "size": [1, 3, 1], "uv": [8, 88]}
					]
				},
				{
					"name": "hair6",
					"parent": "hair5",
					"pivot": [-4, 92.9, -1],
					"rotation": [0, 0, -25],
					"cubes": [
						{"origin": [-5, 92.9, -1], "size": [1, 3, 1], "uv": [4, 88]}
					]
				},
				{
					"name": "hair7",
					"parent": "hair6",
					"pivot": [-4.25, 95.15, -1],
					"rotation": [0, 0, 35],
					"cubes": [
						{"origin": [-5.25, 95.15, -1], "size": [1, 3, 1], "uv": [0, 72]}
					]
				},
				{
					"name": "hair8",
					"parent": "hair7",
					"pivot": [-4.25, 97.9, -1],
					"rotation": [0, 0, -15],
					"cubes": [
						{"origin": [-5.25, 97.9, -1], "size": [1, 3, 1], "uv": [71, 43]}
					]
				},
				{
					"name": "hair9",
					"parent": "hair",
					"pivot": [-3, 84, -2],
					"rotation": [0, 0, -7.5],
					"cubes": [
						{"origin": [-4, 84, -2], "size": [1, 2, 1], "uv": [24, 88]}
					]
				},
				{
					"name": "hair10",
					"parent": "hair9",
					"pivot": [-3, 86, -2],
					"rotation": [0, 0, -50],
					"cubes": [
						{"origin": [-4, 86, -2], "size": [1, 2, 1], "uv": [20, 88]}
					]
				},
				{
					"name": "hair11",
					"parent": "hair10",
					"pivot": [-3, 88, -2],
					"rotation": [0, 0, -60],
					"cubes": [
						{"origin": [-4, 88, -2], "size": [1, 2, 1], "uv": [16, 88]}
					]
				},
				{
					"name": "hair12",
					"parent": "hair11",
					"pivot": [-3, 90, -2],
					"rotation": [0, 0, -32.5],
					"cubes": [
						{"origin": [-4, 90, -2], "size": [1, 3, 1], "uv": [86, 74]}
					]
				},
				{
					"name": "hair13",
					"parent": "hair12",
					"pivot": [-3, 92.9, -2],
					"rotation": [0, 0, -25],
					"cubes": [
						{"origin": [-4, 92.9, -2], "size": [1, 3, 1], "uv": [72, 0]}
					]
				},
				{
					"name": "hair14",
					"parent": "hair13",
					"pivot": [-3.25, 95.15, -2],
					"rotation": [0, 0, 35],
					"cubes": [
						{"origin": [-4.25, 95.15, -2], "size": [1, 3, 1], "uv": [0, 72]}
					]
				},
				{
					"name": "hair15",
					"parent": "hair14",
					"pivot": [-3.25, 97.9, -2],
					"rotation": [0, 0, -15],
					"cubes": [
						{"origin": [-4.25, 97.9, -2], "size": [1, 3, 1], "uv": [71, 43]}
					]
				},
				{
					"name": "hair16",
					"parent": "hair",
					"pivot": [-5, 84, -2],
					"rotation": [0, 0, -35],
					"cubes": [
						{"origin": [-6, 84, -2], "size": [1, 2, 1], "uv": [12, 88]}
					]
				},
				{
					"name": "hair17",
					"parent": "hair16",
					"pivot": [-5, 86, -2],
					"rotation": [0, 0, -50],
					"cubes": [
						{"origin": [-6, 86, -2], "size": [1, 2, 1], "uv": [87, 79]}
					]
				},
				{
					"name": "hair18",
					"parent": "hair17",
					"pivot": [-5, 88, -2],
					"rotation": [0, 0, -60],
					"cubes": [
						{"origin": [-6, 88, -2], "size": [1, 2, 1], "uv": [87, 23]}
					]
				},
				{
					"name": "hair19",
					"parent": "hair18",
					"pivot": [-5, 90, -2],
					"rotation": [0, 0, -32.5],
					"cubes": [
						{"origin": [-6, 90, -2], "size": [1, 3, 1], "uv": [3, 65]}
					]
				},
				{
					"name": "hair20",
					"parent": "hair19",
					"pivot": [-5, 92.9, -2],
					"rotation": [0, 0, -25],
					"cubes": [
						{"origin": [-6, 92.9, -2], "size": [1, 3, 1], "uv": [0, 62]}
					]
				},
				{
					"name": "hair21",
					"parent": "hair20",
					"pivot": [-5.25, 95.15, -2],
					"rotation": [0, 0, 35],
					"cubes": [
						{"origin": [-6.25, 95.15, -2], "size": [1, 3, 1], "uv": [0, 72]}
					]
				},
				{
					"name": "hair22",
					"parent": "hair21",
					"pivot": [-5.25, 97.9, -2],
					"rotation": [0, 0, -15],
					"cubes": [
						{"origin": [-6.25, 97.9, -2], "size": [1, 3, 1], "uv": [71, 43]}
					]
				},
				{
					"name": "hair23",
					"parent": "hair",
					"pivot": [-2.5, 84, -0.5],
					"rotation": [0, 0, -12.5],
					"cubes": [
						{"origin": [-3.5, 84, -0.5], "size": [1, 2, 1], "uv": [84, 64]}
					]
				},
				{
					"name": "hair24",
					"parent": "hair23",
					"pivot": [-2.5, 86, -0.5],
					"rotation": [0, 0, -50],
					"cubes": [
						{"origin": [-3.5, 86, -0.5], "size": [1, 2, 1], "uv": [74, 22]}
					]
				},
				{
					"name": "hair25",
					"parent": "hair24",
					"pivot": [-2.5, 88, -0.5],
					"rotation": [0, 0, -60],
					"cubes": [
						{"origin": [-3.5, 88, -0.5], "size": [1, 2, 1], "uv": [50, 67]}
					]
				},
				{
					"name": "hair26",
					"parent": "hair25",
					"pivot": [-2.5, 90, -0.5],
					"rotation": [0, 0, -32.5],
					"cubes": [
						{"origin": [-3.5, 90, -0.5], "size": [1, 3, 1], "uv": [28, 44]}
					]
				},
				{
					"name": "hair27",
					"parent": "hair26",
					"pivot": [-2.5, 92.9, -0.5],
					"rotation": [0, 0, -25],
					"cubes": [
						{"origin": [-3.5, 92.9, -0.5], "size": [1, 3, 1], "uv": [28, 40]}
					]
				},
				{
					"name": "hair28",
					"parent": "hair27",
					"pivot": [-2.75, 95.15, -0.5],
					"rotation": [0, 0, 35],
					"cubes": [
						{"origin": [-3.75, 95.15, -0.5], "size": [1, 3, 1], "uv": [0, 72]}
					]
				},
				{
					"name": "hair29",
					"parent": "hair28",
					"pivot": [-2.75, 97.9, -0.5],
					"rotation": [0, 0, -15],
					"cubes": [
						{"origin": [-3.75, 97.9, -0.5], "size": [1, 3, 1], "uv": [71, 43]}
					]
				},
				{
					"name": "eye",
					"parent": "head",
					"pivot": [-3, 79, -6],
					"cubes": [
						{"origin": [-4, 77, -6.25], "size": [3, 3, 1], "uv": [71, 48]}
					]
				},
				{
					"name": "eyelash",
					"parent": "eye",
					"pivot": [-4, 80, -6],
					"cubes": [
						{"origin": [-4.25, 79.75, -6.5], "size": [1, 2, 1], "inflate": -0.25, "uv": [46, 67]}
					]
				},
				{
					"name": "eyelash2",
					"parent": "eye",
					"pivot": [-1.5, 80, -6],
					"cubes": [
						{"origin": [-1.75, 79.75, -6.5], "size": [1, 2, 1], "inflate": -0.25, "uv": [15, 66]}
					]
				},
				{
					"name": "eyelash3",
					"parent": "eye",
					"pivot": [-2.75, 80, -6],
					"cubes": [
						{"origin": [-3, 79.75, -6.5], "size": [1, 2, 1], "inflate": -0.25, "uv": [24, 62]}
					]
				},
				{
					"name": "pupil",
					"parent": "eye",
					"pivot": [-2.5, 78.5, -6],
					"cubes": [
						{"origin": [-4, 77, -6.8], "size": [3, 3, 1], "inflate": -0.5, "uv": [54, 57]}
					]
				},
				{
					"name": "eye2",
					"parent": "head",
					"pivot": [2, 79, -6],
					"cubes": [
						{"origin": [1, 77, -6.25], "size": [3, 3, 1], "uv": [0, 25]}
					]
				},
				{
					"name": "eyelash4",
					"parent": "eye2",
					"pivot": [1, 80, -6],
					"cubes": [
						{"origin": [0.75, 79.75, -6.5], "size": [1, 2, 1], "inflate": -0.25, "uv": [62, 18]}
					]
				},
				{
					"name": "eyelash5",
					"parent": "eye2",
					"pivot": [3.5, 80, -6],
					"cubes": [
						{"origin": [3.25, 79.75, -6.5], "size": [1, 2, 1], "inflate": -0.25, "uv": [58, 28]}
					]
				},
				{
					"name": "eyelash6",
					"parent": "eye2",
					"pivot": [2.25, 80, -6],
					"cubes": [
						{"origin": [2, 79.75, -6.5], "size": [1, 2, 1], "inflate": -0.25, "uv": [52, 18]}
					]
				},
				{
					"name": "pupil2",
					"parent": "eye2",
					"pivot": [2.5, 78.5, -6],
					"cubes": [
						{"origin": [1, 77, -6.9], "size": [3, 3, 1], "inflate": -0.5, "uv": [0, 21]}
					]
				},
				{
					"name": "mouth",
					"parent": "head",
					"pivot": [0, 74, -6]
				},
				{
					"name": "lip",
					"parent": "mouth",
					"pivot": [0, 74.5, -6],
					"cubes": [
						{"origin": [-6, 72.5, -6.25], "size": [12, 5, 0], "uv": [71, 38]}
					]
				},
				{
					"name": "lip2",
					"parent": "mouth",
					"pivot": [0, 74.5, -6],
					"cubes": [
						{"origin": [-6, 72.5, -6.25], "size": [12, 5, 0], "uv": [22, 67]}
					]
				},
				{
					"name": "open",
					"parent": "mouth",
					"pivot": [0, 74, -6],
					"cubes": [
						{"origin": [-6, 72.5, -6.25], "size": [12, 5, 0], "uv": [62, 33]}
					]
				},
				{
					"name": "open2",
					"parent": "mouth",
					"pivot": [0, 74.5, -6],
					"cubes": [
						{"origin": [-6, 72.5, -6.25], "size": [12, 5, 0], "uv": [62, 28]}
					]
				},
				{
					"name": "open3",
					"parent": "mouth",
					"pivot": [0, 74.5, -6],
					"cubes": [
						{"origin": [-6, 72.5, -6.25], "size": [12, 5, 0], "uv": [54, 52]}
					]
				},
				{
					"name": "leftArm",
					"parent": "body7",
					"pivot": [5, 60, -1],
					"rotation": [0, 180, 0],
					"cubes": [
						{"origin": [3, 59, -2], "size": [2, 2, 2], "uv": [36, 76]}
					]
				},
				{
					"name": "leftArm2",
					"parent": "leftArm",
					"pivot": [3, 60, -1],
					"cubes": [
						{"origin": [1, 59, -2], "size": [2, 2, 2], "uv": [28, 76]}
					]
				},
				{
					"name": "leftArm3",
					"parent": "leftArm2",
					"pivot": [1, 60, -1],
					"cubes": [
						{"origin": [-1, 59, -2], "size": [2, 2, 2], "uv": [20, 76]}
					]
				},
				{
					"name": "leftArm4",
					"parent": "leftArm3",
					"pivot": [-1, 60, -1],
					"cubes": [
						{"origin": [-3, 59, -2], "size": [2, 2, 2], "uv": [12, 76]}
					]
				},
				{
					"name": "leftArm5",
					"parent": "leftArm4",
					"pivot": [-3, 60, -1],
					"cubes": [
						{"origin": [-5, 59, -2], "size": [2, 2, 2], "uv": [74, 74]}
					]
				},
				{
					"name": "leftArm6",
					"parent": "leftArm5",
					"pivot": [-5, 60, -1],
					"cubes": [
						{"origin": [-7, 59, -2], "size": [2, 2, 2], "uv": [66, 74]}
					]
				},
				{
					"name": "leftArm7",
					"parent": "leftArm6",
					"pivot": [-7, 60, -1],
					"cubes": [
						{"origin": [-9, 59, -2], "size": [2, 2, 2], "uv": [58, 74]}
					]
				},
				{
					"name": "leftArm8",
					"parent": "leftArm7",
					"pivot": [-9, 60, -1],
					"cubes": [
						{"origin": [-11, 59, -2], "size": [2, 2, 2], "uv": [74, 18]}
					]
				},
				{
					"name": "leftArm9",
					"parent": "leftArm8",
					"pivot": [-11, 60, -1],
					"cubes": [
						{"origin": [-13, 59, -2], "size": [2, 2, 2], "uv": [31, 72]}
					]
				},
				{
					"name": "leftArm10",
					"parent": "leftArm9",
					"pivot": [-13, 60, -1],
					"cubes": [
						{"origin": [-15, 59, -2], "size": [2, 2, 2], "uv": [23, 72]}
					]
				},
				{
					"name": "leftArm11",
					"parent": "leftArm10",
					"pivot": [-15, 60, -1],
					"cubes": [
						{"origin": [-17, 59, -2], "size": [2, 2, 2], "uv": [15, 72]}
					]
				},
				{
					"name": "leftArm12",
					"parent": "leftArm11",
					"pivot": [-17, 60, -1],
					"cubes": [
						{"origin": [-19, 59, -2], "size": [2, 2, 2], "uv": [7, 72]}
					]
				},
				{
					"name": "leftArm13",
					"parent": "leftArm12",
					"pivot": [-19, 60, -1],
					"cubes": [
						{"origin": [-20, 58.5, -3.5], "size": [1, 3, 5], "uv": [0, 72]},
						{"origin": [-25, 59, -3], "size": [5, 2, 4], "uv": [31, 0]}
					]
				},
				{
					"name": "rightArm32",
					"parent": "leftArm13",
					"pivot": [-25, 60, 0.5],
					"cubes": [
						{"origin": [-29, 59, 0], "size": [4, 2, 1], "uv": [0, 40]}
					]
				},
				{
					"name": "rightArm33",
					"parent": "leftArm13",
					"pivot": [-25, 60, -0.5],
					"cubes": [
						{"origin": [-29, 59, -1], "size": [4, 2, 1], "uv": [31, 6]}
					]
				},
				{
					"name": "rightArm34",
					"parent": "leftArm13",
					"pivot": [-25, 60, -2.5],
					"cubes": [
						{"origin": [-29, 59, -3], "size": [4, 2, 1], "uv": [0, 6]}
					]
				},
				{
					"name": "rightArm35",
					"parent": "leftArm13",
					"pivot": [-25, 60, -1.5],
					"cubes": [
						{"origin": [-29, 59, -2], "size": [4, 2, 1], "uv": [0, 3]}
					]
				},
				{
					"name": "rightArm36",
					"parent": "leftArm13",
					"pivot": [-22, 60, 1.5],
					"cubes": [
						{"origin": [-26, 59, 1], "size": [4, 2, 1], "uv": [0, 0]}
					]
				},
				{
					"name": "rightArm",
					"pivot": [-5, 60, -1],
					"cubes": [
						{"origin": [-7, 59, -2], "size": [2, 2, 2], "uv": [80, 12]}
					]
				},
				{
					"name": "rightArm2",
					"parent": "rightArm",
					"pivot": [-7, 60, -1],
					"cubes": [
						{"origin": [-9, 59, -2], "size": [2, 2, 2], "uv": [80, 8]}
					]
				},
				{
					"name": "rightArm3",
					"parent": "rightArm2",
					"pivot": [-9, 60, -1],
					"cubes": [
						{"origin": [-11, 59, -2], "size": [2, 2, 2], "uv": [8, 80]}
					]
				},
				{
					"name": "rightArm4",
					"parent": "rightArm3",
					"pivot": [-11, 60, -1],
					"cubes": [
						{"origin": [-13, 59, -2], "size": [2, 2, 2], "uv": [0, 80]}
					]
				},
				{
					"name": "rightArm5",
					"parent": "rightArm4",
					"pivot": [-13, 60, -1],
					"cubes": [
						{"origin": [-15, 59, -2], "size": [2, 2, 2], "uv": [79, 0]}
					]
				},
				{
					"name": "rightArm6",
					"parent": "rightArm5",
					"pivot": [-15, 60, -1],
					"cubes": [
						{"origin": [-17, 59, -2], "size": [2, 2, 2], "uv": [74, 78]}
					]
				},
				{
					"name": "rightArm7",
					"parent": "rightArm6",
					"pivot": [-17, 60, -1],
					"cubes": [
						{"origin": [-19, 59, -2], "size": [2, 2, 2], "uv": [66, 78]}
					]
				},
				{
					"name": "rightArm8",
					"parent": "rightArm7",
					"pivot": [-19, 60, -1],
					"cubes": [
						{"origin": [-21, 59, -2], "size": [2, 2, 2], "uv": [58, 78]}
					]
				},
				{
					"name": "rightArm9",
					"parent": "rightArm8",
					"pivot": [-21, 60, -1],
					"cubes": [
						{"origin": [-23, 59, -2], "size": [2, 2, 2], "uv": [78, 50]}
					]
				},
				{
					"name": "rightArm10",
					"parent": "rightArm9",
					"pivot": [-23, 60, -1],
					"cubes": [
						{"origin": [-25, 59, -2], "size": [2, 2, 2], "uv": [76, 55]}
					]
				},
				{
					"name": "rightArm11",
					"parent": "rightArm10",
					"pivot": [-25, 60, -1],
					"cubes": [
						{"origin": [-27, 59, -2], "size": [2, 2, 2], "uv": [52, 76]}
					]
				},
				{
					"name": "rightArm12",
					"parent": "rightArm11",
					"pivot": [-27, 60, -1],
					"cubes": [
						{"origin": [-29, 59, -2], "size": [2, 2, 2], "uv": [44, 76]}
					]
				},
				{
					"name": "rightArm13",
					"parent": "rightArm12",
					"pivot": [-29, 60, -1],
					"cubes": [
						{"origin": [-30, 58.5, -3.5], "size": [1, 3, 5], "uv": [72, 0]},
						{"origin": [-35, 59, -3], "size": [5, 2, 4], "uv": [42, 70]}
					]
				},
				{
					"name": "rightArm14",
					"parent": "rightArm13",
					"pivot": [-35, 60, 0.5],
					"cubes": [
						{"origin": [-39, 59, 0], "size": [4, 2, 1], "uv": [53, 22]}
					]
				},
				{
					"name": "rightArm15",
					"parent": "rightArm13",
					"pivot": [-35, 60, -0.5],
					"cubes": [
						{"origin": [-39, 59, -1], "size": [4, 2, 1], "uv": [0, 49]}
					]
				},
				{
					"name": "rightArm16",
					"parent": "rightArm13",
					"pivot": [-35, 60, -2.5],
					"cubes": [
						{"origin": [-39, 59, -3], "size": [4, 2, 1], "uv": [0, 46]}
					]
				},
				{
					"name": "rightArm17",
					"parent": "rightArm13",
					"pivot": [-35, 60, -1.5],
					"cubes": [
						{"origin": [-39, 59, -2], "size": [4, 2, 1], "uv": [0, 43]}
					]
				},
				{
					"name": "rightArm18",
					"parent": "rightArm13",
					"pivot": [-32, 60, -3.5],
					"cubes": [
						{"origin": [-36, 59, -4], "size": [4, 2, 1], "uv": [42, 18]}
					]
				}
			]
		}
	]
}