{
  "pools": [
    {
      "rolls": 1,
      "conditions": [
        {
          "condition": "random_chance",
          "chance": 0.2
        }
      ],
      "entries": [
        {
          "type": "item",
          "name": "minecraft:emerald",
          "weight": 1
        },
        {
          "type": "item",
          "name": "minecraft:fish",
          "weight": 4
        },
        {
          "type": "item",
          "name": "minecraft:clownfish",
          "weight": 2
        },
        {
          "type": "item",
          "name": "minecraft:prismarine",
          "weight": 2
        },
        {
          "type": "item",
          "name": "minecraft:salmon",
          "weight": 4
        },
        {
          "type": "item",
          "name": "minecraft:heart_of_the_sea",
          "weight": 0.004
        },
        {
          "type": "item",
          "name": "minecraft:diamond",
          "weight": 0.03
        }
      ]
    }
  ]
}
