{
	"format_version": "1.13.0",
	"minecraft:entity": {
		"description": {
			"identifier": "kuraputi:broomstick_s",
			"is_spawnable": true,
			"is_summonable": true,
			"is_experimental": false,
			"scripts": {
				"animate": [
					"broomstick_u",
					"broomstick_d",
					"move_s"
				]
			},
			"animations": {
				"broomstick_u": "controller.animation.broomstick_u",
				"broomstick_d": "controller.animation.broomstick_d",
				"move_s": "controller.animation.move_s"
			}
		},
		"component_groups": {
			"minecraft:despawn": {
				"minecraft:type_family": {
					"family": [
						"d_broomstick"
					]
				}
			},
			"b_gravity_true": {
				"minecraft:physics": {
					"has_gravity": true
				}
			},
			"b_gravity_false": {
				"minecraft:physics": {
					"has_gravity": false
				}
			},
			"s0": {
				"minecraft:variant": {
					"value": 0
				}
			},
			"s1": {
				"minecraft:variant": {
					"value": 1
				}
			},
			"s2": {
				"minecraft:variant": {
					"value": 2
				}
			},
			"s3": {
				"minecraft:variant": {
					"value": 3
				}
			}
		},
		"components": {
			"minecraft:despawn": {
				"filters": {
					"all_of": [
						{
							"test": "is_family",
							"subject": "self",
							"value": "d_broomstick"
						}
					]
				}
			},
			"minecraft:type_family": {
				"family": [
					"broomstick"
				]
			},
			"minecraft:loot": {
				"table": "loot_tables/entities/broomstick_s.json"
			},
			"minecraft:breathable": {
				"totalSupply": 15,
				"suffocateTime": 0,
				"breathesWater": true
			},
			"minecraft:health": {
				"value": 50,
				"max": 50
			},
			"minecraft:scale": {
				"value": 1
			},
			"minecraft:interact": {
				"interactions": [
					{
					"on_interact": {
						"filters": {
							"all_of": [
								{
									"test": "is_family",
									"subject": "other",
									"value": "player"
								},
								{
									"test": "is_sneaking",
									"subject": "other",
									"value": true
								}
							],
							"any_of": [
								{
									"test": "has_equipment",
									"subject": "other",
									"domain": "hand",
									"value": "wooden_axe"
								},
								{
									"test": "has_equipment",
									"subject": "other",
									"domain": "hand",
									"value": "stone_axe"
								},
								{
									"test": "has_equipment",
									"subject": "other",
									"domain": "hand",
									"value": "iron_axe"
								},
								{
									"test": "has_equipment",
									"subject": "other",
									"domain": "hand",
									"value": "golden_axe"
								},
								{
									"test": "has_equipment",
									"subject": "other",
									"domain": "hand",
									"value": "diamond_axe"
								},
								{
									"test": "has_equipment",
									"subject": "other",
									"domain": "hand",
									"value": "netherite_axe"
								}
							]
						},
						"event": "despawn"
					},
					"swing": true,
					"play_sounds": "warn",
					"hurt_item": 1,
					"spawn_items": {
						"table": "loot_tables/entities/broomstick_s.json"
					},
					"interact_text": "interact.delete"
				},
   {
						"on_interact": {
							"filters": {
								"all_of": [
									{
										"test": "is_variant",
										"subject": "self",
										"operator": "==",
										"value": 0
									},
									{
										"test": "has_equipment",
										"subject": "other",
										"domain": "hand",
										"value": "kuraputi:bag_of_change"
									},
									{
										"test": "is_family",
										"subject": "other",
										"value": "player"
									}
								]
							},
							"event": "s1",
							"target": "self"
						},
					"play_sounds": "purr",
						"interact_text": "interact.change"
					},
					{
						"on_interact": {
							"filters": {
								"all_of": [
									{
										"test": "is_variant",
										"subject": "self",
										"operator": "==",
										"value": 1
									},
									{
										"test": "has_equipment",
										"subject": "other",
										"domain": "hand",
										"value": "kuraputi:bag_of_change"
									},
									{
										"test": "is_family",
										"subject": "other",
										"value": "player"
									}
								]
							},
							"event": "s2",
							"target": "self"
						},
					"play_sounds": "purr",
						"interact_text": "interact.change"
					},
					{
						"on_interact": {
							"filters": {
								"all_of": [
									{
										"test": "is_variant",
										"subject": "self",
										"operator": "==",
										"value": 2
									},
									{
										"test": "has_equipment",
										"subject": "other",
										"domain": "hand",
										"value": "kuraputi:bag_of_change"
									},
									{
										"test": "is_family",
										"subject": "other",
										"value": "player"
									}
								]
							},
							"event": "s3",
							"target": "self"
						},
					"play_sounds": "purr",
						"interact_text": "interact.change"
					},
					{
						"on_interact": {
							"filters": {
								"all_of": [
									{
										"test": "is_variant",
										"subject": "self",
										"operator": "==",
										"value": 3
									},
									{
										"test": "has_equipment",
										"subject": "other",
										"domain": "hand",
										"value": "kuraputi:bag_of_change"
									},
									{
										"test": "is_family",
										"subject": "other",
										"value": "player"
									}
								]
							},
							"event": "s0",
							"target": "self"
						},
					"play_sounds": "purr",
						"interact_text": "interact.change_f"
					}
   ]
  },
			"minecraft:movement": {
				"value": 0.4
			},
			"minecraft:underwater_movement": {
				"value": 0.1
			},
			"minecraft:navigation.walk": {
				"is_amphibious": true,
				"avoid_water": true
			},
			"minecraft:movement.basic": {},
			"minecraft:jump.static": {},
			"minecraft:nameable": {},
			"minecraft:rideable": {
				"seat_count": 2,
				"controlling_seat": 0,
				"family_types": [
					"player"
				],
				"interact_text": "action.flying",
				"pull_in_entities": true,
				"seats": [
					{
						"position": [
							0,
							0.4,
							0
						],
						"min_rider_count": 0,
						"max_rider_count": 2
					},
					{
						"position": [
							0,
							0.4,
							-0.6
						],
						"min_rider_count": 1,
						"max_rider_count": 2
					}
				]
			},
			"minecraft:behavior.player_ride_tamed": {},
			"minecraft:input_ground_controlled": {},
			"minecraft:collision_box": {
				"width": 1.5,
				"height": 1
			},
			"minecraft:knockback_resistance": {
				"value": 0.5
			},
			"minecraft:damage_sensor": {
				"triggers": {
					"cause": "fall",
					"deals_damage": false
				}
			},
			"minecraft:is_tamed": {},
			"minecraft:pushable": {
				"is_pushable": false,
				"is_pushable_by_piston": false
			},
			"minecraft:physics": {}
		},
		"events": {
			"s0": {
				"add": {
					"component_groups": [
						"s0"
					]
				}
			},
			"s1": {
				"add": {
					"component_groups": [
						"s1"
					]
				}
			},
			"s2": {
				"add": {
					"component_groups": [
						"s2"
					]
				}
			},
			"s3": {
				"add": {
					"component_groups": [
						"s3"
					]
				}
			},
			"despawn": {
				"add": {
					"component_groups": [
						"minecraft:despawn"
					]
				}
			}
}
}
}
