{
  "format_version": "1.12",
  "minecraft:recipe_shaped": {
    "description": {
    "identifier": "edge:engine"
    },

    "tags": [ "crafting_table" ],
    "pattern": [
      "#T#",
      "#C#",
      "#I#"
    ],
    "key": {
      "T": {
        "item": "minecraft:tripwire_hook"
      },
      "C": {
        "item": "minecraft:charcoal"
      },
      "I": {
        "item": "minecraft:iron_ingot"
      },
      "#": {
        "item": "minecraft:planks"
      }
    },
    "result": {
      "item": "spawn_egg",
      "data": "query.get_actor_info_id('edge:engine')"
    }
  }
  
}