{
    "pools": [{
            "rolls": 1,
            "entries": [{
                    "type": "item",
                    "name": "diamond",
                    "weight": 1,
                    "functions": [{
                            "function": "set_count",
                            "count": {
                                "min": 20,
                                "max": 40
                            }
                        }, {
                            "function": "looting_enchant",
                            "count": {
                                "min": 0,
                                "max": 1
                            }
                        }
                    ]
                }
            ]
        }
	]
}