{
	"format_version": "1.10.0",
	"geometry.rail_tractor": {
		"texturewidth": 176,
		"textureheight": 176,
		"visible_bounds_width": 5,
		"visible_bounds_height": 3,
		"visible_bounds_offset": [0, 0, 0],
		"bones": [
			{
				"name": "rail",
				"pivot": [0, 0, 0],
				"cubes": [
					{"origin": [-8, 7, -20], "size": [16, 1, 1], "uv": [52, 0]},
					{"origin": [-8, 6, -12], "size": [16, 4, 19], "uv": [0, 23]},
					{"origin": [-7, 4, -12], "size": [14, 2, 19], "uv": [0, 46]},
					{"origin": [-8, 1, -12], "size": [16, 3, 20], "uv": [0, 0]},
					{"origin": [-1, 4, -27], "size": [2, 12, 15], "uv": [0, 67]},
					{"origin": [-5, 4, -12], "size": [10, 15, 1], "uv": [56, 82]},
					{"origin": [-7, 16, -26], "size": [14, 4, 14], "uv": [47, 47]},
					{"origin": [-2, 15, -27.5], "size": [4, 4, 2], "uv": [0, 76]},
					{"origin": [-4.5, 10, -4], "size": [9, 1, 8], "uv": [62, 38]},
					{"origin": [-5.5, 11, -5], "size": [11, 2, 10], "uv": [76, 0]},
					{"origin": [-1, 3, 7], "size": [2, 14, 17], "uv": [55, 6]},
					{"origin": [-8, 7, 17], "size": [16, 1, 1], "uv": [52, 2]},
					{"origin": [1, 16, 9], "size": [4, 1, 14], "uv": [20, 80]},
					{"origin": [-5, 16, 9], "size": [4, 1, 14], "uv": [79, 23]},
					{"origin": [-6, 17, 10], "size": [12, 4, 13], "uv": [53, 65]},
					{"origin": [1, 8, 8], "size": [4, 8, 1], "uv": [47, 47]},
					{"origin": [-5, 8, 8], "size": [4, 8, 1], "uv": [0, 67]}
				]
			},
			{
				"name": "seat3",
				"parent": "rail",
				"pivot": [0.5, 13, 3],
				"rotation": [-10, 0, 0],
				"cubes": [
					{"origin": [-5.5, 13, 3], "size": [11, 11, 2], "uv": [19, 67]}
				]
			},
			{
				"name": "headrest3",
				"parent": "seat3",
				"pivot": [0.5, 24, 3],
				"cubes": [
					{"origin": [1.5, 24, 4], "size": [1, 1, 1], "uv": [0, 3]},
					{"origin": [-2.5, 24, 4], "size": [1, 1, 1], "uv": [0, 10]},
					{"origin": [-3.5, 25, 3], "size": [7, 4, 2], "uv": [0, 32]}
				]
			},
			{
				"name": "steering",
				"parent": "rail",
				"pivot": [10, 17, -12],
				"rotation": [20, 0, 0],
				"cubes": [
					{"origin": [-0.5, 17, -15], "size": [1, 1, 8], "uv": [0, 23]},
					{"origin": [-2.5, 14, -7], "size": [5, 1, 1], "uv": [0, 40]},
					{"origin": [-0.5, 15, -7], "size": [1, 2, 1], "uv": [0, 0]},
					{"origin": [-2.5, 17, -7], "size": [5, 1, 1], "uv": [0, 38]},
					{"origin": [2.5, 15, -7], "size": [1, 5, 1], "uv": [51, 29]},
					{"origin": [-3.5, 15, -7], "size": [1, 5, 1], "uv": [51, 23]},
					{"origin": [-2.5, 20, -7], "size": [5, 1, 1], "uv": [51, 37]}
				]
			},
			{
				"name": "pedal1",
				"parent": "rail",
				"pivot": [11, 10, -10],
				"rotation": [15, 0, 0],
				"cubes": [
					{"origin": [0, 9.74118, -10.03407], "size": [2, 4, 1], "uv": [10, 23]}
				]
			},
			{
				"name": "pedal2",
				"parent": "rail",
				"pivot": [11, 10, -10],
				"rotation": [15, 0, 0],
				"cubes": [
					{"origin": [-4, 9.74118, -10.03407], "size": [2, 4, 1], "uv": [0, 23]}
				]
			},
			{
				"name": "wheel1",
				"parent": "rail",
				"pivot": [7, 7.5, -19.5]
			},
			{
				"name": "tread",
				"parent": "wheel1",
				"pivot": [7, 8.5, -18.5],
				"cubes": [
					{"origin": [1.5, 0, -20], "size": [7, 5, 1], "uv": [142, 142]}
				]
			},
			{
				"name": "tread2",
				"parent": "tread",
				"pivot": [7, 8.5, -18.5],
				"rotation": [-5, 0, 0],
				"cubes": [
					{"origin": [2, 0.91665, -20.90904], "size": [6, 4, 2], "uv": [110, 142]}
				]
			},
			{
				"name": "tread7",
				"parent": "wheel1",
				"pivot": [7, 8.5, -18.5],
				"rotation": [-60, 0, 0],
				"cubes": [
					{"origin": [1.5, -0.36603, -18.63397], "size": [7, 5, 1], "uv": [0, 142]}
				]
			},
			{
				"name": "tread8",
				"parent": "tread7",
				"pivot": [7, 8.5, -18.5],
				"rotation": [-5, 0, 0],
				"cubes": [
					{"origin": [2, 0.67107, -19.51631], "size": [6, 4, 2], "uv": [141, 127]}
				]
			},
			{
				"name": "tread15",
				"parent": "wheel1",
				"pivot": [7, 8.5, -18.5],
				"rotation": [-140, 0, 0],
				"cubes": [
					{"origin": [1.5, 1.12326, -17.59117], "size": [7, 5, 1], "uv": [141, 113]}
				]
			},
			{
				"name": "tread16",
				"parent": "tread15",
				"pivot": [7, 8.5, -18.5],
				"rotation": [-5, 0, 0],
				"cubes": [
					{"origin": [2, 2.24558, -18.60727], "size": [6, 4, 2], "uv": [32, 141]}
				]
			},
			{
				"name": "tread23",
				"parent": "wheel1",
				"pivot": [7, 8.5, -18.5],
				"rotation": [140, 0, 0],
				"cubes": [
					{"origin": [1.5, 2.40883, -18.87674], "size": [7, 5, 1], "uv": [140, 81]}
				]
			},
			{
				"name": "tread24",
				"parent": "tread23",
				"pivot": [7, 8.5, -18.5],
				"rotation": [-5, 0, 0],
				"cubes": [
					{"origin": [2, 3.41421, -20], "size": [6, 4, 2], "uv": [140, 0]}
				]
			},
			{
				"name": "tread31",
				"parent": "wheel1",
				"pivot": [7, 8.5, -18.5],
				"rotation": [60, 0, 0],
				"cubes": [
					{"origin": [1.5, 1.36603, -20.36603], "size": [7, 5, 1], "uv": [62, 140]}
				]
			},
			{
				"name": "tread32",
				"parent": "tread31",
				"pivot": [7, 8.5, -18.5],
				"rotation": [-5, 0, 0],
				"cubes": [
					{"origin": [2, 2.24558, -21.39273], "size": [6, 4, 2], "uv": [16, 139]}
				]
			},
			{
				"name": "tread3",
				"parent": "wheel1",
				"pivot": [7, 8.5, -18.5],
				"rotation": [-20, 0, 0],
				"cubes": [
					{"origin": [1.5, -0.28171, -19.59767], "size": [7, 5, 1], "uv": [94, 139]}
				]
			},
			{
				"name": "tread4",
				"parent": "tread3",
				"pivot": [7, 8.5, -18.5],
				"rotation": [-5, 0, 0],
				"cubes": [
					{"origin": [2, 0.67107, -20.48369], "size": [6, 4, 2], "uv": [138, 121]}
				]
			},
			{
				"name": "tread35",
				"parent": "wheel1",
				"pivot": [7, 8.5, -18.5],
				"rotation": [20, 0, 0],
				"cubes": [
					{"origin": [1.5, 0.40233, -20.28171], "size": [7, 5, 1], "uv": [138, 91]}
				]
			},
			{
				"name": "tread36",
				"parent": "tread35",
				"pivot": [7, 8.5, -18.5],
				"rotation": [-5, 0, 0],
				"cubes": [
					{"origin": [2, 1.29289, -21.22474], "size": [6, 4, 2], "uv": [126, 138]}
				]
			},
			{
				"name": "tread13",
				"parent": "wheel1",
				"pivot": [7, 8.5, -18.5],
				"rotation": [-120, 0, 0],
				"cubes": [
					{"origin": [1.5, 0.63397, -17.63397], "size": [7, 5, 1], "uv": [137, 60]}
				]
			},
			{
				"name": "tread14",
				"parent": "tread13",
				"pivot": [7, 8.5, -18.5],
				"rotation": [-5, 0, 0],
				"cubes": [
					{"origin": [2, 1.75442, -18.60727], "size": [6, 4, 2], "uv": [137, 48]}
				]
			},
			{
				"name": "tread17",
				"parent": "wheel1",
				"pivot": [7, 8.5, -18.5],
				"rotation": [-160, 0, 0],
				"cubes": [
					{"origin": [1.5, 1.59767, -17.71829], "size": [7, 5, 1], "uv": [78, 137]}
				]
			},
			{
				"name": "tread18",
				"parent": "tread17",
				"pivot": [7, 8.5, -18.5],
				"rotation": [-5, 0, 0],
				"cubes": [
					{"origin": [2, 2.70711, -18.77526], "size": [6, 4, 2], "uv": [46, 137]}
				]
			},
			{
				"name": "tread21",
				"parent": "wheel1",
				"pivot": [7, 8.5, -18.5],
				"rotation": [160, 0, 0],
				"cubes": [
					{"origin": [1.5, 2.28171, -18.40233], "size": [7, 5, 1], "uv": [136, 12]}
				]
			},
			{
				"name": "tread22",
				"parent": "tread21",
				"pivot": [7, 8.5, -18.5],
				"rotation": [-5, 0, 0],
				"cubes": [
					{"origin": [2, 3.32893, -19.51631], "size": [6, 4, 2], "uv": [110, 136]}
				]
			},
			{
				"name": "tread25",
				"parent": "wheel1",
				"pivot": [7, 8.5, -18.5],
				"rotation": [120, 0, 0],
				"cubes": [
					{"origin": [1.5, 2.36603, -19.36603], "size": [7, 5, 1], "uv": [0, 136]}
				]
			},
			{
				"name": "tread26",
				"parent": "tread25",
				"pivot": [7, 8.5, -18.5],
				"rotation": [-5, 0, 0],
				"cubes": [
					{"origin": [2, 3.32893, -20.48369], "size": [6, 4, 2], "uv": [30, 135]}
				]
			},
			{
				"name": "tread29",
				"parent": "wheel1",
				"pivot": [7, 8.5, -18.5],
				"rotation": [80, 0, 0],
				"cubes": [
					{"origin": [1.5, 1.81116, -20.15846], "size": [7, 5, 1], "uv": [135, 42]}
				]
			},
			{
				"name": "tread30",
				"parent": "tread29",
				"pivot": [7, 8.5, -18.5],
				"rotation": [-5, 0, 0],
				"cubes": [
					{"origin": [2, 2.70711, -21.22474], "size": [6, 4, 2], "uv": [134, 54]}
				]
			},
			{
				"name": "tread9",
				"parent": "wheel1",
				"pivot": [7, 8.5, -18.5],
				"rotation": [-80, 0, 0],
				"cubes": [
					{"origin": [1.5, -0.15846, -18.18884], "size": [7, 5, 1], "uv": [134, 6]}
				]
			},
			{
				"name": "tread10",
				"parent": "tread9",
				"pivot": [7, 8.5, -18.5],
				"rotation": [-5, 0, 0],
				"cubes": [
					{"origin": [2, 0.91665, -19.09096], "size": [6, 4, 2], "uv": [62, 134]}
				]
			},
			{
				"name": "tread5",
				"parent": "wheel1",
				"pivot": [7, 8.5, -18.5],
				"rotation": [-40, 0, 0],
				"cubes": [
					{"origin": [1.5, -0.40883, -19.12326], "size": [7, 5, 1], "uv": [133, 66]}
				]
			},
			{
				"name": "tread6",
				"parent": "tread5",
				"pivot": [7, 8.5, -18.5],
				"rotation": [-5, 0, 0],
				"cubes": [
					{"origin": [2, 0.58579, -20], "size": [6, 4, 2], "uv": [133, 30]}
				]
			},
			{
				"name": "tread33",
				"parent": "wheel1",
				"pivot": [7, 8.5, -18.5],
				"rotation": [40, 0, 0],
				"cubes": [
					{"origin": [1.5, 0.87674, -20.40883], "size": [7, 5, 1], "uv": [133, 24]}
				]
			},
			{
				"name": "tread34",
				"parent": "tread33",
				"pivot": [7, 8.5, -18.5],
				"rotation": [-5, 0, 0],
				"cubes": [
					{"origin": [2, 1.75442, -21.39273], "size": [6, 4, 2], "uv": [133, 18]}
				]
			},
			{
				"name": "tread11",
				"parent": "wheel1",
				"pivot": [7, 8.5, -18.5],
				"rotation": [-100, 0, 0],
				"cubes": [
					{"origin": [1.5, 0.18884, -17.84154], "size": [7, 5, 1], "uv": [94, 133]}
				]
			},
			{
				"name": "tread12",
				"parent": "tread11",
				"pivot": [7, 8.5, -18.5],
				"rotation": [-5, 0, 0],
				"cubes": [
					{"origin": [2, 1.29289, -18.77526], "size": [6, 4, 2], "uv": [132, 75]}
				]
			},
			{
				"name": "tread19",
				"parent": "wheel1",
				"pivot": [7, 8.5, -18.5],
				"rotation": [180, 0, 0],
				"cubes": [
					{"origin": [1.5, 2, -18], "size": [7, 5, 1], "uv": [126, 132]},
					{"origin": [2.5, 7, -20], "size": [5, 5, 5], "uv": [45, 67]}
				]
			},
			{
				"name": "tread20",
				"parent": "tread19",
				"pivot": [7, 8.5, -18.5],
				"rotation": [-5, 0, 0],
				"cubes": [
					{"origin": [2, 3.08335, -19.09096], "size": [6, 4, 2], "uv": [46, 131]}
				]
			},
			{
				"name": "tread27",
				"parent": "wheel1",
				"pivot": [7, 8.5, -18.5],
				"rotation": [100, 0, 0],
				"cubes": [
					{"origin": [1.5, 2.15846, -19.81116], "size": [7, 5, 1], "uv": [16, 131]}
				]
			},
			{
				"name": "tread28",
				"parent": "tread27",
				"pivot": [7, 8.5, -18.5],
				"rotation": [-5, 0, 0],
				"cubes": [
					{"origin": [2, 3.08335, -20.90904], "size": [6, 4, 2], "uv": [110, 130]}
				]
			},
			{
				"name": "wheel2",
				"parent": "rail",
				"pivot": [-7, 7.5, -19.5]
			},
			{
				"name": "tread37",
				"parent": "wheel2",
				"pivot": [-7, 8.5, -18.5],
				"cubes": [
					{"origin": [-8.5, 0, -20], "size": [7, 5, 1], "uv": [0, 130]}
				]
			},
			{
				"name": "tread38",
				"parent": "tread37",
				"pivot": [-7, 8.5, -18.5],
				"rotation": [-5, 0, 0],
				"cubes": [
					{"origin": [-8, 0.91665, -20.90904], "size": [6, 4, 2], "uv": [129, 36]}
				]
			},
			{
				"name": "tread39",
				"parent": "wheel2",
				"pivot": [-7, 8.5, -18.5],
				"rotation": [-60, 0, 0],
				"cubes": [
					{"origin": [-8.5, -0.36603, -18.63397], "size": [7, 5, 1], "uv": [128, 102]}
				]
			},
			{
				"name": "tread40",
				"parent": "tread39",
				"pivot": [-7, 8.5, -18.5],
				"rotation": [-5, 0, 0],
				"cubes": [
					{"origin": [-8, 0.67107, -19.51631], "size": [6, 4, 2], "uv": [62, 128]}
				]
			},
			{
				"name": "tread41",
				"parent": "wheel2",
				"pivot": [-7, 8.5, -18.5],
				"rotation": [-140, 0, 0],
				"cubes": [
					{"origin": [-8.5, 1.12326, -17.59117], "size": [7, 5, 1], "uv": [94, 127]}
				]
			},
			{
				"name": "tread42",
				"parent": "tread41",
				"pivot": [-7, 8.5, -18.5],
				"rotation": [-5, 0, 0],
				"cubes": [
					{"origin": [-8, 2.24558, -18.60727], "size": [6, 4, 2], "uv": [126, 108]}
				]
			},
			{
				"name": "tread43",
				"parent": "wheel2",
				"pivot": [-7, 8.5, -18.5],
				"rotation": [140, 0, 0],
				"cubes": [
					{"origin": [-8.5, 2.40883, -18.87674], "size": [7, 5, 1], "uv": [32, 127]}
				]
			},
			{
				"name": "tread44",
				"parent": "tread43",
				"pivot": [-7, 8.5, -18.5],
				"rotation": [-5, 0, 0],
				"cubes": [
					{"origin": [-8, 3.41421, -20], "size": [6, 4, 2], "uv": [124, 126]}
				]
			},
			{
				"name": "tread45",
				"parent": "wheel2",
				"pivot": [-7, 8.5, -18.5],
				"rotation": [60, 0, 0],
				"cubes": [
					{"origin": [-8.5, 1.36603, -20.36603], "size": [7, 5, 1], "uv": [125, 115]}
				]
			},
			{
				"name": "tread46",
				"parent": "tread45",
				"pivot": [-7, 8.5, -18.5],
				"rotation": [-5, 0, 0],
				"cubes": [
					{"origin": [-8, 2.24558, -21.39273], "size": [6, 4, 2], "uv": [78, 125]}
				]
			},
			{
				"name": "tread47",
				"parent": "wheel2",
				"pivot": [-7, 8.5, -18.5],
				"rotation": [-20, 0, 0],
				"cubes": [
					{"origin": [-8.5, -0.28171, -19.59767], "size": [7, 5, 1], "uv": [16, 125]}
				]
			},
			{
				"name": "tread48",
				"parent": "tread47",
				"pivot": [-7, 8.5, -18.5],
				"rotation": [-5, 0, 0],
				"cubes": [
					{"origin": [-8, 0.67107, -20.48369], "size": [6, 4, 2], "uv": [124, 96]}
				]
			},
			{
				"name": "tread49",
				"parent": "wheel2",
				"pivot": [-7, 8.5, -18.5],
				"rotation": [20, 0, 0],
				"cubes": [
					{"origin": [-8.5, 0.40233, -20.28171], "size": [7, 5, 1], "uv": [124, 85]}
				]
			},
			{
				"name": "tread50",
				"parent": "tread49",
				"pivot": [-7, 8.5, -18.5],
				"rotation": [-5, 0, 0],
				"cubes": [
					{"origin": [-8, 1.29289, -21.22474], "size": [6, 4, 2], "uv": [124, 0]}
				]
			},
			{
				"name": "tread51",
				"parent": "wheel2",
				"pivot": [-7, 8.5, -18.5],
				"rotation": [-120, 0, 0],
				"cubes": [
					{"origin": [-8.5, 0.63397, -17.63397], "size": [7, 5, 1], "uv": [48, 124]}
				]
			},
			{
				"name": "tread52",
				"parent": "tread51",
				"pivot": [-7, 8.5, -18.5],
				"rotation": [-5, 0, 0],
				"cubes": [
					{"origin": [-8, 1.75442, -18.60727], "size": [6, 4, 2], "uv": [0, 124]}
				]
			},
			{
				"name": "tread53",
				"parent": "wheel2",
				"pivot": [-7, 8.5, -18.5],
				"rotation": [-160, 0, 0],
				"cubes": [
					{"origin": [-8.5, 1.59767, -17.71829], "size": [7, 5, 1], "uv": [110, 122]}
				]
			},
			{
				"name": "tread54",
				"parent": "tread53",
				"pivot": [-7, 8.5, -18.5],
				"rotation": [-5, 0, 0],
				"cubes": [
					{"origin": [-8, 2.70711, -18.77526], "size": [6, 4, 2], "uv": [121, 60]}
				]
			},
			{
				"name": "tread55",
				"parent": "wheel2",
				"pivot": [-7, 8.5, -18.5],
				"rotation": [160, 0, 0],
				"cubes": [
					{"origin": [-8.5, 2.28171, -18.40233], "size": [7, 5, 1], "uv": [121, 48]}
				]
			},
			{
				"name": "tread56",
				"parent": "tread55",
				"pivot": [-7, 8.5, -18.5],
				"rotation": [-5, 0, 0],
				"cubes": [
					{"origin": [-8, 3.32893, -19.51631], "size": [6, 4, 2], "uv": [64, 121]}
				]
			},
			{
				"name": "tread57",
				"parent": "wheel2",
				"pivot": [-7, 8.5, -18.5],
				"rotation": [120, 0, 0],
				"cubes": [
					{"origin": [-8.5, 2.36603, -19.36603], "size": [7, 5, 1], "uv": [94, 121]}
				]
			},
			{
				"name": "tread58",
				"parent": "tread57",
				"pivot": [-7, 8.5, -18.5],
				"rotation": [-5, 0, 0],
				"cubes": [
					{"origin": [-8, 3.32893, -20.48369], "size": [6, 4, 2], "uv": [80, 149]}
				]
			},
			{
				"name": "tread59",
				"parent": "wheel2",
				"pivot": [-7, 8.5, -18.5],
				"rotation": [80, 0, 0],
				"cubes": [
					{"origin": [-8.5, 1.81116, -20.15846], "size": [7, 5, 1], "uv": [120, 12]}
				]
			},
			{
				"name": "tread60",
				"parent": "tread59",
				"pivot": [-7, 8.5, -18.5],
				"rotation": [-5, 0, 0],
				"cubes": [
					{"origin": [-8, 2.70711, -21.22474], "size": [6, 4, 2], "uv": [119, 42]}
				]
			},
			{
				"name": "tread61",
				"parent": "wheel2",
				"pivot": [-7, 8.5, -18.5],
				"rotation": [-80, 0, 0],
				"cubes": [
					{"origin": [-8.5, -0.15846, -18.18884], "size": [7, 5, 1], "uv": [16, 119]}
				]
			},
			{
				"name": "tread62",
				"parent": "tread61",
				"pivot": [-7, 8.5, -18.5],
				"rotation": [-5, 0, 0],
				"cubes": [
					{"origin": [-8, 0.91665, -19.09096], "size": [6, 4, 2], "uv": [118, 79]}
				]
			},
			{
				"name": "tread63",
				"parent": "wheel2",
				"pivot": [-7, 8.5, -18.5],
				"rotation": [-40, 0, 0],
				"cubes": [
					{"origin": [-8.5, -0.40883, -19.12326], "size": [7, 5, 1], "uv": [118, 71]}
				]
			},
			{
				"name": "tread64",
				"parent": "tread63",
				"pivot": [-7, 8.5, -18.5],
				"rotation": [-5, 0, 0],
				"cubes": [
					{"origin": [-8, 0.58579, -20], "size": [6, 4, 2], "uv": [118, 54]}
				]
			},
			{
				"name": "tread65",
				"parent": "wheel2",
				"pivot": [-7, 8.5, -18.5],
				"rotation": [40, 0, 0],
				"cubes": [
					{"origin": [-8.5, 0.87674, -20.40883], "size": [7, 5, 1], "uv": [118, 6]}
				]
			},
			{
				"name": "tread66",
				"parent": "tread65",
				"pivot": [-7, 8.5, -18.5],
				"rotation": [-5, 0, 0],
				"cubes": [
					{"origin": [-8, 1.75442, -21.39273], "size": [6, 4, 2], "uv": [48, 118]}
				]
			},
			{
				"name": "tread67",
				"parent": "wheel2",
				"pivot": [-7, 8.5, -18.5],
				"rotation": [-100, 0, 0],
				"cubes": [
					{"origin": [-8.5, 0.18884, -17.84154], "size": [7, 5, 1], "uv": [0, 118]}
				]
			},
			{
				"name": "tread68",
				"parent": "tread67",
				"pivot": [-7, 8.5, -18.5],
				"rotation": [-5, 0, 0],
				"cubes": [
					{"origin": [-8, 1.29289, -18.77526], "size": [6, 4, 2], "uv": [117, 30]}
				]
			},
			{
				"name": "tread69",
				"parent": "wheel2",
				"pivot": [-7, 8.5, -18.5],
				"rotation": [180, 0, 0],
				"cubes": [
					{"origin": [-8.5, 2, -18], "size": [7, 5, 1], "uv": [117, 24]},
					{"origin": [-7.5, 7, -20], "size": [5, 5, 5], "uv": [52, 4]}
				]
			},
			{
				"name": "tread70",
				"parent": "tread69",
				"pivot": [-7, 8.5, -18.5],
				"rotation": [-5, 0, 0],
				"cubes": [
					{"origin": [-8, 3.08335, -19.09096], "size": [6, 4, 2], "uv": [78, 117]}
				]
			},
			{
				"name": "tread71",
				"parent": "wheel2",
				"pivot": [-7, 8.5, -18.5],
				"rotation": [100, 0, 0],
				"cubes": [
					{"origin": [-8.5, 2.15846, -19.81116], "size": [7, 5, 1], "uv": [109, 116]}
				]
			},
			{
				"name": "tread72",
				"parent": "tread71",
				"pivot": [-7, 8.5, -18.5],
				"rotation": [-5, 0, 0],
				"cubes": [
					{"origin": [-8, 3.08335, -20.90904], "size": [6, 4, 2], "uv": [32, 115]}
				]
			},
			{
				"name": "wheel4",
				"parent": "rail",
				"pivot": [7, 7.5, 17.5]
			},
			{
				"name": "tread109",
				"parent": "wheel4",
				"pivot": [7, 8.5, 18.5],
				"cubes": [
					{"origin": [1.5, 0, 17], "size": [7, 5, 1], "uv": [62, 114]}
				]
			},
			{
				"name": "tread110",
				"parent": "tread109",
				"pivot": [7, 8.5, 18.5],
				"rotation": [-5, 0, 0],
				"cubes": [
					{"origin": [2, 0.91665, 16.09096], "size": [6, 4, 2], "uv": [113, 36]}
				]
			},
			{
				"name": "tread111",
				"parent": "wheel4",
				"pivot": [7, 8.5, 18.5],
				"rotation": [-60, 0, 0],
				"cubes": [
					{"origin": [1.5, -0.36603, 18.36603], "size": [7, 5, 1], "uv": [16, 113]}
				]
			},
			{
				"name": "tread112",
				"parent": "tread111",
				"pivot": [7, 8.5, 18.5],
				"rotation": [-5, 0, 0],
				"cubes": [
					{"origin": [2, 0.67107, 17.48369], "size": [6, 4, 2], "uv": [112, 104]}
				]
			},
			{
				"name": "tread113",
				"parent": "wheel4",
				"pivot": [7, 8.5, 18.5],
				"rotation": [-140, 0, 0],
				"cubes": [
					{"origin": [1.5, 1.12326, 19.40883], "size": [7, 5, 1], "uv": [0, 112]}
				]
			},
			{
				"name": "tread114",
				"parent": "tread113",
				"pivot": [7, 8.5, 18.5],
				"rotation": [-5, 0, 0],
				"cubes": [
					{"origin": [2, 2.24558, 18.39273], "size": [6, 4, 2], "uv": [46, 111]}
				]
			},
			{
				"name": "tread115",
				"parent": "wheel4",
				"pivot": [7, 8.5, 18.5],
				"rotation": [140, 0, 0],
				"cubes": [
					{"origin": [1.5, 2.40883, 18.12326], "size": [7, 5, 1], "uv": [94, 111]}
				]
			},
			{
				"name": "tread116",
				"parent": "tread115",
				"pivot": [7, 8.5, 18.5],
				"rotation": [-5, 0, 0],
				"cubes": [
					{"origin": [2, 3.41421, 17], "size": [6, 4, 2], "uv": [110, 110]}
				]
			},
			{
				"name": "tread117",
				"parent": "wheel4",
				"pivot": [7, 8.5, 18.5],
				"rotation": [60, 0, 0],
				"cubes": [
					{"origin": [1.5, 1.36603, 16.63397], "size": [7, 5, 1], "uv": [78, 111]}
				]
			},
			{
				"name": "tread118",
				"parent": "tread117",
				"pivot": [7, 8.5, 18.5],
				"rotation": [-5, 0, 0],
				"cubes": [
					{"origin": [2, 2.24558, 15.60727], "size": [6, 4, 2], "uv": [109, 92]}
				]
			},
			{
				"name": "tread119",
				"parent": "wheel4",
				"pivot": [7, 8.5, 18.5],
				"rotation": [-20, 0, 0],
				"cubes": [
					{"origin": [1.5, -0.28171, 17.40233], "size": [7, 5, 1], "uv": [108, 98]}
				]
			},
			{
				"name": "tread120",
				"parent": "tread119",
				"pivot": [7, 8.5, 18.5],
				"rotation": [-5, 0, 0],
				"cubes": [
					{"origin": [2, 0.67107, 16.51631], "size": [6, 4, 2], "uv": [108, 86]}
				]
			},
			{
				"name": "tread121",
				"parent": "wheel4",
				"pivot": [7, 8.5, 18.5],
				"rotation": [20, 0, 0],
				"cubes": [
					{"origin": [1.5, 0.40233, 16.71829], "size": [7, 5, 1], "uv": [108, 0]}
				]
			},
			{
				"name": "tread122",
				"parent": "tread121",
				"pivot": [7, 8.5, 18.5],
				"rotation": [-5, 0, 0],
				"cubes": [
					{"origin": [2, 1.29289, 15.77526], "size": [6, 4, 2], "uv": [62, 108]}
				]
			},
			{
				"name": "tread123",
				"parent": "wheel4",
				"pivot": [7, 8.5, 18.5],
				"rotation": [-120, 0, 0],
				"cubes": [
					{"origin": [1.5, 0.63397, 19.36603], "size": [7, 5, 1], "uv": [32, 107]}
				]
			},
			{
				"name": "tread124",
				"parent": "tread123",
				"pivot": [7, 8.5, 18.5],
				"rotation": [-5, 0, 0],
				"cubes": [
					{"origin": [2, 1.75442, 18.39273], "size": [6, 4, 2], "uv": [16, 107]}
				]
			},
			{
				"name": "tread125",
				"parent": "wheel4",
				"pivot": [7, 8.5, 18.5],
				"rotation": [-160, 0, 0],
				"cubes": [
					{"origin": [1.5, 1.59767, 19.28171], "size": [7, 5, 1], "uv": [106, 65]}
				]
			},
			{
				"name": "tread126",
				"parent": "tread125",
				"pivot": [7, 8.5, 18.5],
				"rotation": [-5, 0, 0],
				"cubes": [
					{"origin": [2, 2.70711, 18.22474], "size": [6, 4, 2], "uv": [0, 106]}
				]
			},
			{
				"name": "tread127",
				"parent": "wheel4",
				"pivot": [7, 8.5, 18.5],
				"rotation": [160, 0, 0],
				"cubes": [
					{"origin": [1.5, 2.28171, 18.59767], "size": [7, 5, 1], "uv": [105, 48]}
				]
			},
			{
				"name": "tread128",
				"parent": "tread127",
				"pivot": [7, 8.5, 18.5],
				"rotation": [-5, 0, 0],
				"cubes": [
					{"origin": [2, 3.32893, 17.48369], "size": [6, 4, 2], "uv": [96, 105]}
				]
			},
			{
				"name": "tread129",
				"parent": "wheel4",
				"pivot": [7, 8.5, 18.5],
				"rotation": [120, 0, 0],
				"cubes": [
					{"origin": [1.5, 2.36603, 17.63397], "size": [7, 5, 1], "uv": [80, 105]}
				]
			},
			{
				"name": "tread130",
				"parent": "tread129",
				"pivot": [7, 8.5, 18.5],
				"rotation": [-5, 0, 0],
				"cubes": [
					{"origin": [2, 3.32893, 16.51631], "size": [6, 4, 2], "uv": [104, 75]}
				]
			},
			{
				"name": "tread131",
				"parent": "wheel4",
				"pivot": [7, 8.5, 18.5],
				"rotation": [80, 0, 0],
				"cubes": [
					{"origin": [1.5, 1.81116, 16.84154], "size": [7, 5, 1], "uv": [104, 12]}
				]
			},
			{
				"name": "tread132",
				"parent": "tread131",
				"pivot": [7, 8.5, 18.5],
				"rotation": [-5, 0, 0],
				"cubes": [
					{"origin": [2, 2.70711, 15.77526], "size": [6, 4, 2], "uv": [48, 104]}
				]
			},
			{
				"name": "tread133",
				"parent": "wheel4",
				"pivot": [7, 8.5, 18.5],
				"rotation": [-80, 0, 0],
				"cubes": [
					{"origin": [1.5, -0.15846, 18.81116], "size": [7, 5, 1], "uv": [103, 59]}
				]
			},
			{
				"name": "tread134",
				"parent": "tread133",
				"pivot": [7, 8.5, 18.5],
				"rotation": [-5, 0, 0],
				"cubes": [
					{"origin": [2, 0.91665, 17.90904], "size": [6, 4, 2], "uv": [103, 42]}
				]
			},
			{
				"name": "tread135",
				"parent": "wheel4",
				"pivot": [7, 8.5, 18.5],
				"rotation": [-40, 0, 0],
				"cubes": [
					{"origin": [1.5, -0.40883, 17.87674], "size": [7, 5, 1], "uv": [64, 102]}
				]
			},
			{
				"name": "tread136",
				"parent": "tread135",
				"pivot": [7, 8.5, 18.5],
				"rotation": [-5, 0, 0],
				"cubes": [
					{"origin": [2, 0.58579, 17], "size": [6, 4, 2], "uv": [101, 28]}
				]
			},
			{
				"name": "tread137",
				"parent": "wheel4",
				"pivot": [7, 8.5, 18.5],
				"rotation": [40, 0, 0],
				"cubes": [
					{"origin": [1.5, 0.87674, 16.59117], "size": [7, 5, 1], "uv": [101, 22]}
				]
			},
			{
				"name": "tread138",
				"parent": "tread137",
				"pivot": [7, 8.5, 18.5],
				"rotation": [-5, 0, 0],
				"cubes": [
					{"origin": [2, 1.75442, 15.60727], "size": [6, 4, 2], "uv": [32, 101]}
				]
			},
			{
				"name": "tread139",
				"parent": "wheel4",
				"pivot": [7, 8.5, 18.5],
				"rotation": [-100, 0, 0],
				"cubes": [
					{"origin": [1.5, 0.18884, 19.15846], "size": [7, 5, 1], "uv": [16, 101]}
				]
			},
			{
				"name": "tread140",
				"parent": "tread139",
				"pivot": [7, 8.5, 18.5],
				"rotation": [-5, 0, 0],
				"cubes": [
					{"origin": [2, 1.29289, 18.22474], "size": [6, 4, 2], "uv": [0, 100]}
				]
			},
			{
				"name": "tread141",
				"parent": "wheel4",
				"pivot": [7, 8.5, 18.5],
				"rotation": [180, 0, 0],
				"cubes": [
					{"origin": [1.5, 2, 19], "size": [7, 5, 1], "uv": [92, 99]},
					{"origin": [2.5, 7, 17], "size": [5, 5, 5], "uv": [0, 0]}
				]
			},
			{
				"name": "tread142",
				"parent": "tread141",
				"pivot": [7, 8.5, 18.5],
				"rotation": [-5, 0, 0],
				"cubes": [
					{"origin": [2, 3.08335, 17.90904], "size": [6, 4, 2], "uv": [76, 96]}
				]
			},
			{
				"name": "tread143",
				"parent": "wheel4",
				"pivot": [7, 8.5, 18.5],
				"rotation": [100, 0, 0],
				"cubes": [
					{"origin": [1.5, 2.15846, 17.18884], "size": [7, 5, 1], "uv": [32, 95]}
				]
			},
			{
				"name": "tread144",
				"parent": "tread143",
				"pivot": [7, 8.5, 18.5],
				"rotation": [-5, 0, 0],
				"cubes": [
					{"origin": [2, 3.08335, 16.09096], "size": [6, 4, 2], "uv": [16, 95]}
				]
			},
			{
				"name": "wheel3",
				"parent": "rail",
				"pivot": [-7, 7.5, 17.5]
			},
			{
				"name": "tread73",
				"parent": "wheel3",
				"pivot": [-7, 8.5, 18.5],
				"cubes": [
					{"origin": [-8.5, 0, 17], "size": [7, 5, 1], "uv": [94, 82]}
				]
			},
			{
				"name": "tread74",
				"parent": "tread73",
				"pivot": [-7, 8.5, 18.5],
				"rotation": [-5, 0, 0],
				"cubes": [
					{"origin": [-8, 0.91665, 16.09096], "size": [6, 4, 2], "uv": [0, 94]}
				]
			},
			{
				"name": "tread75",
				"parent": "wheel3",
				"pivot": [-7, 8.5, 18.5],
				"rotation": [-60, 0, 0],
				"cubes": [
					{"origin": [-8.5, -0.36603, 18.36603], "size": [7, 5, 1], "uv": [93, 93]}
				]
			},
			{
				"name": "tread76",
				"parent": "tread75",
				"pivot": [-7, 8.5, 18.5],
				"rotation": [-5, 0, 0],
				"cubes": [
					{"origin": [-8, 0.67107, 17.48369], "size": [6, 4, 2], "uv": [90, 71]}
				]
			},
			{
				"name": "tread77",
				"parent": "wheel3",
				"pivot": [-7, 8.5, 18.5],
				"rotation": [-140, 0, 0],
				"cubes": [
					{"origin": [-8.5, 1.12326, 19.40883], "size": [7, 5, 1], "uv": [90, 65]}
				]
			},
			{
				"name": "tread78",
				"parent": "tread77",
				"pivot": [-7, 8.5, 18.5],
				"rotation": [-5, 0, 0],
				"cubes": [
					{"origin": [-8, 2.24558, 18.39273], "size": [6, 4, 2], "uv": [90, 16]}
				]
			},
			{
				"name": "tread79",
				"parent": "wheel3",
				"pivot": [-7, 8.5, 18.5],
				"rotation": [140, 0, 0],
				"cubes": [
					{"origin": [-8.5, 2.40883, 18.12326], "size": [7, 5, 1], "uv": [89, 53]}
				]
			},
			{
				"name": "tread80",
				"parent": "tread79",
				"pivot": [-7, 8.5, 18.5],
				"rotation": [-5, 0, 0],
				"cubes": [
					{"origin": [-8, 3.41421, 17], "size": [6, 4, 2], "uv": [89, 47]}
				]
			},
			{
				"name": "tread81",
				"parent": "wheel3",
				"pivot": [-7, 8.5, 18.5],
				"rotation": [60, 0, 0],
				"cubes": [
					{"origin": [-8.5, 1.36603, 16.63397], "size": [7, 5, 1], "uv": [88, 38]}
				]
			},
			{
				"name": "tread82",
				"parent": "tread81",
				"pivot": [-7, 8.5, 18.5],
				"rotation": [-5, 0, 0],
				"cubes": [
					{"origin": [-8, 2.24558, 15.60727], "size": [6, 4, 2], "uv": [78, 88]}
				]
			},
			{
				"name": "tread83",
				"parent": "wheel3",
				"pivot": [-7, 8.5, 18.5],
				"rotation": [-20, 0, 0],
				"cubes": [
					{"origin": [-8.5, -0.28171, 17.40233], "size": [7, 5, 1], "uv": [78, 82]}
				]
			},
			{
				"name": "tread84",
				"parent": "tread83",
				"pivot": [-7, 8.5, 18.5],
				"rotation": [-5, 0, 0],
				"cubes": [
					{"origin": [-8, 0.67107, 16.51631], "size": [6, 4, 2], "uv": [76, 12]}
				]
			},
			{
				"name": "tread85",
				"parent": "wheel3",
				"pivot": [-7, 8.5, 18.5],
				"rotation": [20, 0, 0],
				"cubes": [
					{"origin": [-8.5, 0.40233, 16.71829], "size": [7, 5, 1], "uv": [0, 58]}
				]
			},
			{
				"name": "tread86",
				"parent": "tread85",
				"pivot": [-7, 8.5, 18.5],
				"rotation": [-5, 0, 0],
				"cubes": [
					{"origin": [-8, 1.29289, 15.77526], "size": [6, 4, 2], "uv": [52, 14]}
				]
			},
			{
				"name": "tread87",
				"parent": "wheel3",
				"pivot": [-7, 8.5, 18.5],
				"rotation": [-120, 0, 0],
				"cubes": [
					{"origin": [-8.5, 0.63397, 19.36603], "size": [7, 5, 1], "uv": [0, 52]}
				]
			},
			{
				"name": "tread88",
				"parent": "tread87",
				"pivot": [-7, 8.5, 18.5],
				"rotation": [-5, 0, 0],
				"cubes": [
					{"origin": [-8, 1.75442, 18.39273], "size": [6, 4, 2], "uv": [0, 46]}
				]
			},
			{
				"name": "tread89",
				"parent": "wheel3",
				"pivot": [-7, 8.5, 18.5],
				"rotation": [-160, 0, 0],
				"cubes": [
					{"origin": [-8.5, 1.59767, 19.28171], "size": [7, 5, 1], "uv": [149, 18]}
				]
			},
			{
				"name": "tread90",
				"parent": "tread89",
				"pivot": [-7, 8.5, 18.5],
				"rotation": [-5, 0, 0],
				"cubes": [
					{"origin": [-8, 2.70711, 18.22474], "size": [6, 4, 2], "uv": [140, 148]}
				]
			},
			{
				"name": "tread91",
				"parent": "wheel3",
				"pivot": [-7, 8.5, 18.5],
				"rotation": [160, 0, 0],
				"cubes": [
					{"origin": [-8.5, 2.28171, 18.59767], "size": [7, 5, 1], "uv": [110, 148]}
				]
			},
			{
				"name": "tread92",
				"parent": "tread91",
				"pivot": [-7, 8.5, 18.5],
				"rotation": [-5, 0, 0],
				"cubes": [
					{"origin": [-8, 3.32893, 17.48369], "size": [6, 4, 2], "uv": [147, 70]}
				]
			},
			{
				"name": "tread93",
				"parent": "wheel3",
				"pivot": [-7, 8.5, 18.5],
				"rotation": [120, 0, 0],
				"cubes": [
					{"origin": [-8.5, 2.36603, 17.63397], "size": [7, 5, 1], "uv": [0, 148]}
				]
			},
			{
				"name": "tread94",
				"parent": "tread93",
				"pivot": [-7, 8.5, 18.5],
				"rotation": [-5, 0, 0],
				"cubes": [
					{"origin": [-8, 3.32893, 16.51631], "size": [6, 4, 2], "uv": [64, 147]}
				]
			},
			{
				"name": "tread95",
				"parent": "wheel3",
				"pivot": [-7, 8.5, 18.5],
				"rotation": [80, 0, 0],
				"cubes": [
					{"origin": [-8.5, 1.81116, 16.84154], "size": [7, 5, 1], "uv": [32, 147]}
				]
			},
			{
				"name": "tread96",
				"parent": "tread95",
				"pivot": [-7, 8.5, 18.5],
				"rotation": [-5, 0, 0],
				"cubes": [
					{"origin": [-8, 2.70711, 15.77526], "size": [6, 4, 2], "uv": [145, 36]}
				]
			},
			{
				"name": "tread97",
				"parent": "wheel3",
				"pivot": [-7, 8.5, 18.5],
				"rotation": [-80, 0, 0],
				"cubes": [
					{"origin": [-8.5, -0.15846, 18.81116], "size": [7, 5, 1], "uv": [94, 145]}
				]
			},
			{
				"name": "tread98",
				"parent": "tread97",
				"pivot": [-7, 8.5, 18.5],
				"rotation": [-5, 0, 0],
				"cubes": [
					{"origin": [-8, 0.91665, 17.90904], "size": [6, 4, 2], "uv": [16, 145]}
				]
			},
			{
				"name": "tread99",
				"parent": "wheel3",
				"pivot": [-7, 8.5, 18.5],
				"rotation": [-40, 0, 0],
				"cubes": [
					{"origin": [-8.5, -0.40883, 17.87674], "size": [7, 5, 1], "uv": [126, 144]}
				]
			},
			{
				"name": "tread100",
				"parent": "tread99",
				"pivot": [-7, 8.5, 18.5],
				"rotation": [-5, 0, 0],
				"cubes": [
					{"origin": [-8, 0.58579, 17], "size": [6, 4, 2], "uv": [48, 144]}
				]
			},
			{
				"name": "tread101",
				"parent": "wheel3",
				"pivot": [-7, 8.5, 18.5],
				"rotation": [40, 0, 0],
				"cubes": [
					{"origin": [-8.5, 0.87674, 16.59117], "size": [7, 5, 1], "uv": [143, 97]}
				]
			},
			{
				"name": "tread102",
				"parent": "tread101",
				"pivot": [-7, 8.5, 18.5],
				"rotation": [-5, 0, 0],
				"cubes": [
					{"origin": [-8, 1.75442, 15.60727], "size": [6, 4, 2], "uv": [78, 143]}
				]
			},
			{
				"name": "tread103",
				"parent": "wheel3",
				"pivot": [-7, 8.5, 18.5],
				"rotation": [-100, 0, 0],
				"cubes": [
					{"origin": [-8.5, 0.18884, 19.15846], "size": [7, 5, 1], "uv": [142, 133]}
				]
			},
			{
				"name": "tread104",
				"parent": "tread103",
				"pivot": [-7, 8.5, 18.5],
				"rotation": [-5, 0, 0],
				"cubes": [
					{"origin": [-8, 1.29289, 18.22474], "size": [6, 4, 2], "uv": [142, 106]}
				]
			},
			{
				"name": "tread105",
				"parent": "wheel3",
				"pivot": [-7, 8.5, 18.5],
				"rotation": [180, 0, 0],
				"cubes": [
					{"origin": [-8.5, 2, 19], "size": [7, 5, 1], "uv": [78, 131]},
					{"origin": [-7.5, 7, 17], "size": [5, 5, 5], "uv": [0, 10]}
				]
			},
			{
				"name": "tread106",
				"parent": "tread105",
				"pivot": [-7, 8.5, 18.5],
				"rotation": [-5, 0, 0],
				"cubes": [
					{"origin": [-8, 3.08335, 17.90904], "size": [6, 4, 2], "uv": [48, 98]}
				]
			},
			{
				"name": "tread107",
				"parent": "wheel3",
				"pivot": [-7, 8.5, 18.5],
				"rotation": [100, 0, 0],
				"cubes": [
					{"origin": [-8.5, 2.15846, 17.18884], "size": [7, 5, 1], "uv": [32, 121]}
				]
			},
			{
				"name": "tread108",
				"parent": "tread107",
				"pivot": [-7, 8.5, 18.5],
				"rotation": [-5, 0, 0],
				"cubes": [
					{"origin": [-8, 3.08335, 16.09096], "size": [6, 4, 2], "uv": [117, 18]}
				]
			}
		]
	}
}