{
  "format_version": "1.8.0",
  "minecraft:client_entity": {
    "description": {
      "identifier": "drop:ump_booyah",
      "materials": {
        "default": "slime"
      },
      "textures": {
        "default": "textures/freefire/gun/ump_booyah"
      },
      "geometry": {
        "default": "geometry.ump_booyah_drop"
      },
      "scripts": {
        "scale": "1.25"
      },
      "render_controllers": [
        "controller.render.freefire"
      ]
    }
  }
}0"
      },
      "render_controllers": [
        "controller.render.slime"
      ]
    }
  }
}