{
	"format_version": "1.10.0",
	"particle_effect": {
		"description": {
			"identifier": "57:stormborne_death",
			"basic_render_parameters": {
				"material": "particles_blend",
				"texture": "textures/particle/basic_wither_storm_flare"
			}
		},
		"curves": {
			"variable.expand": {
				"type": "linear",
				"input": 0,
				"horizontal_range": 0,
				"nodes": [0, 1, 1, 1, 1, 1, 1, 0]
			}
		},
		"components": {
			"minecraft:emitter_local_space": {
				"position": true,
				"rotation": false
			},
			"minecraft:emitter_rate_instant": {
				"num_particles": 15
			},
			"minecraft:emitter_lifetime_once": {
				"active_time": 11
			},
			"minecraft:emitter_shape_point": {
				"direction": [0, 5, 0]
			},
			"minecraft:particle_lifetime_expression": {
				"max_lifetime": 9.5
			},
			"minecraft:particle_initial_spin": {
				"rotation": "Math.random(0, 730)",
				"rotation_rate": "Math.random(1, 100)"
			},
			"minecraft:particle_initial_speed": 0,
			"minecraft:particle_motion_dynamic": {},
			"minecraft:particle_appearance_billboard": {
				"size": ["0.08*(v.particle_age<8?(5*v.particle_age):((5*v.particle_lifetime)-(v.particle_age * 5))*5)", "(v.particle_age<8?(35*v.particle_age):((35*v.particle_lifetime)-(v.particle_age * 35))*5)*0.04"],
				"facing_camera_mode": "rotate_xyz",
				"uv": {
					"texture_width": 32,
					"texture_height": 256,
					"uv": [0, 0],
					"uv_size": [32, 256]
				}
			}
		}
	}
}