{
  "entity_sounds": {
    "entities": {
      "bd:huggy_wuggy_bd": {
        "volume": 1.0,
        "pitch": [ 0.95, 1.05 ],
        "events": {
          "step": {
            "sound": "mob.huggy_wuggy.step",
            "volume": 0.4,
            "pitch": 1.0
          }
        }
      },
	  "bd:mommy_long_bd": {
        "volume": 3.0,
        "pitch": [ 0.95, 1.05 ],
        "events": {
		  "death" : "mob.mommy_long_bd.death",
          "step": {
            "sound": "mob.mommy_long_bd.step",
            "volume": 5.0,
            "pitch": 1.0
          }
        }
      }
    }
  }
}