{
	"format_version": "1.12.0",
	"minecraft:geometry": [
		{
			"description": {
				"identifier": "geometry.crosshair",
				"texture_width": 32,
				"texture_height": 32,
				"visible_bounds_width": 3,
				"visible_bounds_height": 5,
				"visible_bounds_offset": [0, 0.5, 0]
			},
			"bones": [
				{
					"name": "crosshair",
					"pivot": [0, 0, 0]
				},
				{
					"name": "main_bone",
					"parent": "crosshair",
					"pivot": [0, 0, 0],
					"cubes": [
						{
							"origin": [-0.5, -0.5, 0],
							"size": [1, 1, 0],
							"uv": {
								"north": {"uv": [4, 4], "uv_size": [2, 2]},
								"east": {"uv": [4, 4], "uv_size": [0, 2]},
								"south": {"uv": [6, 4], "uv_size": [2, 2]},
								"west": {"uv": [6, 4], "uv_size": [0, 2]},
								"up": {"uv": [4, 4], "uv_size": [2, 0]},
								"down": {"uv": [6, 4], "uv_size": [2, 0]}
							}
						}
					]
				},
				{
					"name": "line2",
					"parent": "main_bone",
					"pivot": [2.875, 0, 0],
					"cubes": [
						{
							"origin": [1.25, -0.5, 0],
							"size": [3.25, 1, 0],
							"uv": {
								"north": {"uv": [0, 2], "uv_size": [6, 2]},
								"east": {"uv": [0, 2], "uv_size": [0, 2]},
								"south": {"uv": [6, 2], "uv_size": [6, 2]},
								"west": {"uv": [6, 2], "uv_size": [0, 2]},
								"up": {"uv": [0, 2], "uv_size": [6, 0]},
								"down": {"uv": [6, 2], "uv_size": [6, 0]}
							}
						}
					]
				},
				{
					"name": "line4",
					"parent": "main_bone",
					"pivot": [-2.875, 0, 0],
					"cubes": [
						{
							"origin": [-4.5, -0.5, 0],
							"size": [3.25, 1, 0],
							"uv": {
								"north": {"uv": [0, 2], "uv_size": [6, 2]},
								"east": {"uv": [0, 2], "uv_size": [0, 2]},
								"south": {"uv": [6, 2], "uv_size": [6, 2]},
								"west": {"uv": [6, 2], "uv_size": [0, 2]},
								"up": {"uv": [0, 2], "uv_size": [6, 0]},
								"down": {"uv": [6, 2], "uv_size": [6, 0]}
							}
						}
					]
				},
				{
					"name": "line1",
					"parent": "main_bone",
					"pivot": [0, 2.625, 0],
					"cubes": [
						{
							"origin": [-0.5, 1, 0],
							"size": [1, 3.25, 0],
							"uv": {
								"north": {"uv": [0, 4], "uv_size": [2, 6]},
								"east": {"uv": [0, 4], "uv_size": [0, 6]},
								"south": {"uv": [2, 4], "uv_size": [2, 6]},
								"west": {"uv": [2, 4], "uv_size": [0, 6]},
								"up": {"uv": [0, 4], "uv_size": [2, 0]},
								"down": {"uv": [2, 4], "uv_size": [2, 0]}
							}
						}
					]
				},
				{
					"name": "line3",
					"parent": "main_bone",
					"pivot": [0, -2.625, 0],
					"cubes": [
						{
							"origin": [-0.5, -4.25, 0],
							"size": [1, 3.25, 0],
							"uv": {
								"north": {"uv": [0, 4], "uv_size": [2, 6]},
								"east": {"uv": [0, 4], "uv_size": [0, 6]},
								"south": {"uv": [2, 4], "uv_size": [2, 6]},
								"west": {"uv": [2, 4], "uv_size": [0, 6]},
								"up": {"uv": [0, 4], "uv_size": [2, 0]},
								"down": {"uv": [2, 4], "uv_size": [2, 0]}
							}
						}
					]
				}
			]
		}
	]
}
