{
   "format_version": "1.10.0",
   "minecraft:client_entity": {
      "description": {
         "identifier": "doors:ambush_bad2",
         "materials": {
            "default": "spider"
         },
         "textures": {
            "default": "textures/entity/ambush_bad"
         },
         "animations": {
            "moving": "animation.ambush.moving",
            "ambush_bad_general": "animation.ambush_bad.general",
            "attack": "animation.ambush.attack",
            "running": "animation.ambush.running",
            "jumpscare": "animation.ambush.jumpscare",
            "look_at_target": "animation.common.look_at_target",
            "move": "controller.animation.ambush.move",
            "general": "controller.animation.ambush_bad.general",
            "attack": "controller.animation.ambush.attack"
         },
         "scripts": {
            "animate": [
               "move",
               "general",
               "attack"
            ],
            "pre_animation": [
               "variable.attack = Math.sin(variable.attack_time * 30.0);"
            ]
         },
         "geometry": {
            "default": "geometry.ambush_bad"
         },
         "render_controllers": [
            "controller.render.default"
         ],
         "particle_effects": {
            "spell": "r:ambush_light",
            "spell2": "r:ambush_light2",
            "spell3": "r:ambush_light3",
            "spell4": "r:ambush_light4"
         },
         "spawn_egg": {
            "texture": "ambush_bad",
            "texture_index": 0
         }
      }
   }
}