{
   "format_version": "1.10.0",
   "minecraft:client_entity": {
      "description": {
         "identifier": "r:blue_chain",
         "materials": {
            "default": "spider"
         },
         "textures": {
            "default": "textures/entity/blue_chain"
         },
         "geometry": {
            "default": "geometry.blue_chain"
         },
         "render_controllers": [
            "controller.render.spider"
         ],
         "spawn_egg": {
            "texture": "none",
            "texture_index": 0
         }
      }
   }
}