{
   "format_version": "1.10.0",
   "minecraft:client_entity": {
      "description": {
         "identifier": "among:capibara_d",
         "materials": {
            "default": "spider"
         },
         "textures": {
            "default": "textures/entity/capibara"
         },
         "geometry": {
            "default": "geometry.capibara"
         },
         "animations": {
            "capibara_generalz": "animation.capibara.death",
            "generalz": "controller.animation.capibara.generalz"
         },
         "scripts": {
            "animate": [
               "generalz"
            ]
         },
         "render_controllers": [
            "controller.render.spider"
         ]
      }
   }
}