{
   "format_version": "1.10.0",
   "minecraft:client_entity": {
      "description": {
         "identifier": "among:capibara",
         "materials": {
            "default": "spider"
         },
         "geometry": {
            "default": "geometry.capibara"
         },
         "textures": {
            "default": "textures/entity/capibara"
         },
         "animations": {
            "capibara_general": "animation.capibara.general",
            "capibara_general2": "animation.capibara.general2",
            "moving": "animation.capibara.moving",
            "eating": "animation.capibara.eating",
            "general": "controller.animation.capibara.general",
            "general2": "controller.animation.capibara.general2",
            "look_at_target": "animation.common.look_at_target"
         },
         "scripts": {
            "animate": [
               "general",
               "general2",
               "look_at_target"
            ],
            "pre_animation": [
               "variable.attack = Math.sin(variable.attack_time * 30.0);",
               "variable.random = math.round(math.random(0,2));",
               "variable.random1 = math.round(math.random(0,1));"
            ]
         },
         "render_controllers": [
            "controller.render.spider"
         ],
         "spawn_egg": {
            "texture": "capibara",
            "texture_index": 0
         }
      }
   }
}