{
   "format_version": "1.10.0",
   "minecraft:client_entity": {
      "description": {
         "identifier": "doors:drawer",
         "materials": {
            "default": "npc"
         },
         "textures": {
            "default": "textures/entity/drawer"
         },
         "geometry": {
            "default": "geometry.drawer"
         },
         "animations": {
            "drawer_general": "animation.drawer.general",
            "open": "animation.drawer.open",
            "close": "animation.drawer.close",
            "general": "controller.animation.drawer.general"
         },
         "scripts": {
            "animate": [
               "general"
            ],
            "pre_animation": [
               "variable.attack = Math.sin(variable.attack_time * 30.0);"
            ]
         },
         "render_controllers": [
            "controller.render.default"
         ],
         "spawn_egg": {
            "texture": "drawer",
            "texture_index": 0
         }
      }
   }
}"inventory_size": 15,
            "container_type": "container"
         }
      }
   }
}