{
   "format_version": "1.10.0",
   "minecraft:client_entity": {
      "description": {
         "identifier": "r:glitch_clip2",
         "materials": {
            "default": "spider"
         },
         "textures": {
            "default": "textures/entity/none"
         },
         "geometry": {
            "default": "geometry.none"
         },
         "render_controllers": [
            "controller.render.zombie"
         ],
         "spawn_egg": {
            "texture": "glitch",
            "texture_index": 0
         }
      }
   }
}