{
   "format_version": "1.10.0",
   "minecraft:client_entity": {
      "description": {
         "identifier": "r:lock2",
         "materials": {
            "default": "spider"
         },
         "textures": {
            "default": "textures/entity/lock"
         },
         "geometry": {
            "default": "geometry.lock2"
         },
         "render_controllers": [
            "controller.render.default"
         ],
         "spawn_egg": {
            "texture": "lock",
            "texture_index": 0
         }
      }
   }
}