{
   "format_version": "1.10.0",
   "minecraft:client_entity": {
      "description": {
         "identifier": "doors:screech_plush",
         "materials": {
            "default": "spider"
         },
         "textures": {
            "default": "textures/entity/screech"
         },
         "geometry": {
            "default": "geometry.screech_plush"
         },
         "render_controllers": [
            "controller.render.default"
         ],
         "spawn_egg": {
            "texture": "screech_plush",
            "texture_index": 0
         }
      }
   }
}