{
   "format_version": "1.10.0",
   "minecraft:client_entity": {
      "description": {
         "identifier": "doors:screech_d",
         "materials": {
            "default": "spider"
         },
         "textures": {
            "default": "textures/entity/screech"
         },
         "geometry": {
            "default": "geometry.screech"
         },
         "animations": {
            "screech_d_general": "animation.screech.dead",
            "general": "controller.animation.screech_d.general"
         },
         "scripts": {
            "animate": [
               "general"
            ]
         },
         "render_controllers": [
            "controller.render.spider"
         ]
      }
   }
}