{
  "format_version": "1.12",
  "minecraft:recipe_shaped": {
    "description": {
      "identifier": "feijao_0b42c19b"
    },
    "tags": [
      "crafting_table"
    ],
    "pattern": [
      "AB ",
      "CA "
    ],
    "key": {
      "A": {
        "item": "minecraft:wheat",
        "data": 0
      },
      "B": {
        "item": "minecraft:wheat_seeds",
        "data": 0
      },
      "C": {
        "item": "minecraft:dye",
        "data": 3
      }
    },
    "result": {
      "item": "mn:feijao",
      "count": 1
    }
  }
}