{
	"format_version": "1.10.0",
	"animation_controllers": {
	"controller.animation.retreat_charles": {
		"initial_state": "default",
		"states": {
		  "default": {
			"transitions": [
			  {
				"retreat": "q.health <= 450"
			  }
			]
		  },
		  "retreat": {
			"transitions": [
			  {
				"default": "q.health > 450"
			  }
			],
			"animations": [
                "retreat"
			 ]
		  }
		}
	  },
	  "controller.animation.jumpscare_charles": {
		"initial_state": "default",
		"states": {
		  "default": {
			"transitions": [
			  {
				"attack": "variable.attack_time > 0 && !query.is_stunned"
			  },
			  {
				"add": "query.has_rider && !query.is_stunned"
			  }
			]
		  },
		  "attack": {
			"transitions": [
			  {
				"default": "1.0"
			  }
			],
			"on_entry": [
                "/function jumpscare_train", 
				"/tag @s add train_normal"
			 ]
		  },
		  "add": {
			"transitions": [
			  {
				"default": "1.0"
			  }
			],
			"on_entry": [
				"/scoreboard objectives add train_normal dummy",
				"/effect @e[r=2,type=!ic:charles] blindness 1 1 true",  
				"/scoreboard players add @e[r=3,type=!ic:charles] train_normal 1",
				"/execute @e[scores={train_normal=12..1000}] ~ ~ ~event entity @e[type=ic:charles,r=5] ic:jumpscare_stop",
				"/execute @e[scores={train_normal=12..1000}] ~ ~ ~tag @e[type=ic:charles,r=5] remove train_normal",
				"/kill @e[scores={train_normal=12..1000}]",
				"/scoreboard players set @a[scores={train_normal=12..1000}] train_normal 0"
			 ]
		  }
		}
	  }
  }
}