{
	"format_version": "1.10.0",
	"animation_controllers": {
	  "controller.animation.jumpscare_charles_mad": {
		"initial_state": "default",
		"states": {
		  "default": {
			"transitions": [
			  {
				"attack": "variable.attack_time > 0 && !query.is_stunned"
			  },
			  {
				"add": "query.has_rider && !query.is_stunned"
			  }
			]
		  },
		  "attack": {
			"transitions": [
			  {
				"default": "1.0"
			  }
			],
			"on_entry": [
                "/function jumpscare_train_mad", 
				"/tag @s add train"
			 ]
		  },
		  "add": {
			"transitions": [
			  {
				"default": "1.0"
			  }
			],
			"on_entry": [
				"/scoreboard objectives add train dummy",
				"/effect @e[r=2,type=!ic:charles_mad] blindness 1 1 true",  
				"/scoreboard players add @e[r=4,type=!ic:charles_mad] train 1",
				"/execute @e[scores={train=12..1000}] ~ ~ ~event entity @e[type=ic:charles_mad,r=5] ic:jumpscare_stop",
				"/execute @e[scores={train=12..1000}] ~ ~ ~tag @e[type=ic:charles_mad,r=5] remove train",
				"/kill @e[scores={train=12..1000}]",
				"/stopsound @a[r=25] mob.charles.chase",
				"/scoreboard players set @a[scores={train=12..1000}] train 0"
			 ]
		  }
		}
	  }
  }
}