{
	"format_version": "1.12.0",
	"minecraft:geometry": [
		{
			"description": {
				"identifier": "geometry.big_moving_flesh",
				"texture_width": 64,
				"texture_height": 64,
				"visible_bounds_width": 4,
				"visible_bounds_height": 3,
				"visible_bounds_offset": [0, 0.5, 0]
			},
			"bones": [
				{
					"name": "bone",
					"pivot": [0, 0, 0],
					"cubes": [
						{"origin": [-12, 0, -7], "size": [23, 14, 15], "uv": [0, 0]}
					]
				},
				{
					"name": "tentacle1",
					"pivot": [0, 4, -5],
					"rotation": [-22.5, 0, 0],
					"cubes": [
						{"origin": [-10, 4, -5], "size": [19, 17, 8], "uv": [0, 19]}
					]
				},
				{
					"name": "bone2",
					"parent": "tentacle1",
					"pivot": [0, 9.08658, -5.6194],
					"rotation": [-17.5, 0, 0],
					"cubes": [
						{"origin": [-8, 12.30052, -1.78918], "size": [15, 13, 4], "uv": [38, 27]}
					]
				},
				{
					"name": "bone3",
					"parent": "bone2",
					"pivot": [0, 12.08658, -3.6194],
					"rotation": [-22.5, 0, 0],
					"cubes": [
						{"origin": [-7, 16.70598, -1.70598], "size": [13, 12, 2], "pivot": [0, 12.08658, -3.6194], "rotation": [-5, 0, 0], "uv": [0, 19]}
					]
				},
				{
					"name": "tentacle2",
					"pivot": [6, 0, -6],
					"cubes": [
						{"origin": [0, 0, -6], "size": [14, 13, 8], "uv": [0, 34]}
					]
				},
				{
					"name": "tentacle4",
					"parent": "tentacle2",
					"pivot": [8.75, 0.5, -4.5],
					"rotation": [0, 40, 0],
					"cubes": [
						{"origin": [-0.21394, 0, -4.16978], "size": [14, 12, 6], "uv": [38, 19]}
					]
				},
				{
					"name": "tentacle3",
					"parent": "tentacle4",
					"pivot": [12, 1, -2],
					"rotation": [0, -40, 0],
					"cubes": [
						{"origin": [3.92885, 0, 2.93582], "size": [13, 11, 5], "uv": [0, 6]}
					]
				},
				{
					"name": "tentacle5",
					"pivot": [-6, 0, -6],
					"cubes": [
						{"origin": [-15, 0, -6], "size": [14, 13, 8], "uv": [24, 26]}
					]
				},
				{
					"name": "tentacle6",
					"parent": "tentacle5",
					"pivot": [-8.75, 0.5, -4.5],
					"rotation": [0, -40, 0],
					"cubes": [
						{"origin": [-14.78606, 0, -4.16978], "size": [14, 12, 6], "uv": [22, 37]}
					]
				},
				{
					"name": "tentacle7",
					"parent": "tentacle6",
					"pivot": [-12, 1, -2],
					"rotation": [0, 40, 0],
					"cubes": [
						{"origin": [-17.92885, 0, 2.93582], "size": [13, 11, 5], "uv": [0, 0]}
					]
				}
			]
		}
	]
}