{
	"format_version": "1.12.0",
	"minecraft:geometry": [
		{
			"description": {
				"identifier": "geometry.big_spider",
				"texture_width": 256,
				"texture_height": 90,
				"visible_bounds_width": 5,
				"visible_bounds_height": 4,
				"visible_bounds_offset": [0, 1, 0]
			},
			"bones": [
				{
					"name": "Legmax1",
					"pivot": [-13, 0, -3]
				},
				{
					"name": "Leg1",
					"parent": "Legmax1",
					"pivot": [-0.58028, 28.23038, -2.55094],
					"rotation": [0, 7.5, 0],
					"cubes": [
						{"origin": [-23.07908, 2, -2.89542], "size": [2, 1, 1], "pivot": [-15.07908, 0, -2.89542], "rotation": [0, 0, -20], "uv": [0, 50]},
						{"origin": [-42.07908, -7, -2.89542], "size": [28, 1, 1], "pivot": [-15.07908, 0, -2.89542], "rotation": [0, 0, 100], "uv": [132, 59]},
						{"origin": [-42.07908, -24, -2.89542], "size": [12, 1, 1], "pivot": [-15.07908, 0, -2.89542], "rotation": [0, 0, 142.5], "uv": [163, 32]},
						{"origin": [-7.07908, -31, -2.89542], "size": [11, 1, 1], "pivot": [-15.07908, 0, -2.89542], "rotation": [0, 0, -137.5], "uv": [159, 31]}
					]
				},
				{
					"name": "Leg3",
					"parent": "Legmax1",
					"pivot": [-2.43346, 27.91974, -3.4776],
					"rotation": [-2.8213, -16.9656, 4.52665],
					"cubes": [
						{"origin": [-23.82642, 0.88951, -3.73684], "size": [2, 1, 1], "pivot": [-15.82642, -1.11049, -3.73684], "rotation": [0, 0, -20], "uv": [38, 49]},
						{"origin": [-42.82642, -8.11049, -3.73684], "size": [28, 1, 1], "pivot": [-15.82642, -1.11049, -3.73684], "rotation": [0, 0, 100], "uv": [132, 60]},
						{"origin": [-42.82642, -24.11049, -3.73684], "size": [12, 1, 1], "pivot": [-15.82642, -1.11049, -3.73684], "rotation": [0, 0, 142.5], "uv": [164, 31]},
						{"origin": [-6.82642, -32.11049, -3.73684], "size": [9, 1, 1], "pivot": [-15.82642, -1.11049, -3.73684], "rotation": [0, 0, -137.5], "uv": [44, 32]}
					]
				},
				{
					"name": "Leg4",
					"parent": "Legmax1",
					"pivot": [-2.38266, 29.32283, -1.7355],
					"rotation": [0, 35, 0],
					"cubes": [
						{"origin": [-22.9432, 2, -2.30796], "size": [2, 1, 1], "pivot": [-14.9432, 0, -2.30796], "rotation": [0, 0, -20], "uv": [23, 56]},
						{"origin": [-42.9432, -7, -2.30796], "size": [29, 1, 1], "pivot": [-14.9432, 0, -2.30796], "rotation": [2.5, 0, 100], "uv": [134, 60]},
						{"origin": [-41.9432, -23, -2.30796], "size": [12, 1, 1], "pivot": [-14.9432, 0, -2.30796], "rotation": [0, 0, 142.5], "uv": [165, 31]},
						{"origin": [-3.9432, -31, -2.30796], "size": [7, 1, 1], "pivot": [-14.9432, 0, -2.30796], "rotation": [0, 0, -137.5], "uv": [46, 2]}
					]
				},
				{
					"name": "Leg2",
					"parent": "Legmax1",
					"pivot": [-0.69406, 29.52017, -3.85754],
					"rotation": [0, -50, 0],
					"cubes": [
						{"origin": [-25.26305, 2, -3.00171], "size": [2, 1, 1], "pivot": [-17.26305, 0, -3.00171], "rotation": [0, 0, -20], "uv": [39, 54]},
						{"origin": [-46.26305, -7, -3.00171], "size": [30, 1, 1], "pivot": [-17.26305, 0, -3.00171], "rotation": [0, 0, 100], "uv": [100, 66]},
						{"origin": [-44.26305, -24, -3.00171], "size": [11, 1, 1], "pivot": [-17.26305, 0, -3.00171], "rotation": [0, 0, 142.5], "uv": [168, 29]},
						{"origin": [-18.26305, -34, -3.00171], "size": [14, 1, 1], "pivot": [-17.26305, 0, -3.00171], "rotation": [0, 0, -147.5], "uv": [133, 59]}
					]
				},
				{
					"name": "Legmax2",
					"pivot": [13, 0, -5],
					"rotation": [-180, -17.5, 180]
				},
				{
					"name": "Leg5",
					"parent": "Legmax2",
					"pivot": [24.41972, 29.23038, -4.55094],
					"rotation": [0, 7.5, 0],
					"cubes": [
						{"origin": [2.91237, 2, -4.76489], "size": [2, 1, 1], "pivot": [10.91237, 0, -4.76489], "rotation": [0, 0, -20], "uv": [4, 57]},
						{"origin": [-16.08763, -7, -4.76489], "size": [28, 1, 1], "pivot": [10.91237, 0, -4.76489], "rotation": [0, 0, 100], "uv": [131, 59]},
						{"origin": [-16.08763, -24, -4.76489], "size": [12, 1, 1], "pivot": [10.91237, 0, -4.76489], "rotation": [0, 0, 142.5], "uv": [132, 58]},
						{"origin": [18.91237, -31, -4.76489], "size": [11, 1, 1], "pivot": [10.91237, 0, -4.76489], "rotation": [0, 0, -137.5], "uv": [46, 0]}
					]
				},
				{
					"name": "Leg6",
					"parent": "Legmax2",
					"pivot": [21.56654, 29.91974, -6.4776],
					"rotation": [-2.8213, -16.9656, 4.52665],
					"cubes": [
						{"origin": [2.52335, 1.072, -6.31822], "size": [2, 1, 1], "pivot": [10.52335, -0.928, -6.31822], "rotation": [0, 0, -20], "uv": [38, 49]},
						{"origin": [-16.47665, -7.928, -6.31822], "size": [28, 1, 1], "pivot": [10.52335, -0.928, -6.31822], "rotation": [0, 0, 100], "uv": [125, 59]},
						{"origin": [-16.47665, -23.928, -6.31822], "size": [12, 1, 1], "pivot": [10.52335, -0.928, -6.31822], "rotation": [0, 0, 142.5], "uv": [134, 58]},
						{"origin": [19.52335, -31.928, -6.31822], "size": [9, 1, 1], "pivot": [10.52335, -0.928, -6.31822], "rotation": [0, 0, -137.5], "uv": [44, 32]}
					]
				},
				{
					"name": "Leg7",
					"parent": "Legmax2",
					"pivot": [21.61734, 31.32283, -2.7355],
					"rotation": [0, 35, 0],
					"cubes": [
						{"origin": [3.26868, 2, -2.97996], "size": [2, 1, 1], "pivot": [11.26868, 0, -2.97996], "rotation": [0, 0, -20], "uv": [7, 62]},
						{"origin": [-16.73132, -7, -2.97996], "size": [29, 1, 1], "pivot": [11.26868, 0, -2.97996], "rotation": [2.5, 0, 100], "uv": [131, 59]},
						{"origin": [-15.73132, -23, -2.97996], "size": [12, 1, 1], "pivot": [11.26868, 0, -2.97996], "rotation": [0, 0, 142.5], "uv": [164, 31]},
						{"origin": [22.26868, -31, -2.97996], "size": [7, 1, 1], "pivot": [11.26868, 0, -2.97996], "rotation": [0, 0, -137.5], "uv": [46, 2]}
					]
				},
				{
					"name": "Leg8",
					"parent": "Legmax2",
					"pivot": [25.30594, 28.52017, -4.85754],
					"rotation": [0, -50, 0],
					"cubes": [
						{"origin": [-0.02909, 2, -4.6445], "size": [2, 1, 1], "pivot": [7.97091, 0, -4.6445], "rotation": [0, 0, -20], "uv": [44, 49]},
						{"origin": [-21.02909, -7, -4.6445], "size": [30, 1, 1], "pivot": [7.97091, 0, -4.6445], "rotation": [0, 0, 100], "uv": [128, 59]},
						{"origin": [-19.02909, -24, -4.6445], "size": [11, 1, 1], "pivot": [7.97091, 0, -4.6445], "rotation": [0, 0, 142.5], "uv": [162, 30]},
						{"origin": [6.97091, -34, -4.6445], "size": [14, 1, 1], "pivot": [7.97091, 0, -4.6445], "rotation": [0, 0, -147.5], "uv": [163, 30]}
					]
				},
				{
					"name": "Body",
					"pivot": [0.58333, 26.53495, -1.27363],
					"cubes": [
						{"origin": [-5, 23, -3], "size": [11, 8, 6], "pivot": [0, 15, 0], "rotation": [-15, 0, 0], "uv": [125, 30]},
						{"origin": [-3, 24, -5], "size": [7, 5, 2], "pivot": [0, 15, 0], "rotation": [-15, 0, 0], "uv": [0, 27]},
						{"origin": [-2, 25, -8], "size": [5, 2, 11], "pivot": [0, 15, 0], "rotation": [-15, 0, 0], "uv": [30, 0]},
						{"origin": [-6, 22, 1], "size": [13, 10, 8], "pivot": [0, 15, 0], "rotation": [-17.5, 0, 0], "uv": [109, 30]},
						{"origin": [-8, 22, 6], "size": [17, 12, 10], "pivot": [0, 15, 0], "rotation": [-25, 0, 0], "uv": [105, 28]},
						{"origin": [-6, 25, 12], "size": [14, 10, 4], "pivot": [0, 15, 0], "rotation": [-32.5, 0, 0], "uv": [114, 28]}
					]
				},
				{
					"name": "Dd",
					"pivot": [-1.87739, 25.53628, -9.68099],
					"rotation": [0, 10, 0],
					"cubes": [
						{"origin": [-3.84137, 26, -4.74511], "size": [2, 2, 1], "pivot": [-0.84137, 15, -4.74511], "rotation": [83.98854, -67.36871, -83.49118], "uv": [5, 17]},
						{"origin": [-3.84137, 26, -3.74511], "size": [3, 2, 1], "pivot": [-0.84137, 15, -4.74511], "rotation": [125.97845, -61.77771, -129.48564], "uv": [7, 18]},
						{"origin": [-1.84137, 26, -4.74511], "size": [1, 2, 2], "pivot": [-0.84137, 15, -4.74511], "rotation": [83.98854, -67.36871, -83.49118], "uv": [3, 15]}
					]
				},
				{
					"name": "Dd2",
					"pivot": [2.7495, 25.24745, -8.68305],
					"rotation": [-44.87366, 4.84861, -175.9799],
					"cubes": [
						{"origin": [1.76486, 24.33236, -3.10888], "size": [2, 2, 1], "pivot": [4.76486, 13.33236, -4.10888], "rotation": [83.98854, -67.36871, -83.49118], "uv": [8, 19]},
						{"origin": [1.76486, 24.33236, -2.10888], "size": [3, 2, 1], "pivot": [4.76486, 13.33236, -4.10888], "rotation": [125.97845, -61.77771, -129.48564], "uv": [3, 18]},
						{"origin": [3.76486, 24.33236, -3.10888], "size": [1, 2, 2], "pivot": [4.76486, 13.33236, -4.10888], "rotation": [83.98854, -67.36871, -83.49118], "uv": [4, 21]}
					]
				},
				{
					"name": "Arm1",
					"pivot": [-3.00094, 27.98588, -2.45676],
					"cubes": [
						{"origin": [2, 22, -7], "size": [8, 1, 2], "pivot": [0, 15, -4], "rotation": [9.7312, -29.41834, -64.71556], "uv": [0, 44]},
						{"origin": [3, 20, -7], "size": [4, 1, 2], "pivot": [0, 15, -4], "rotation": [22.6017, -21.57387, -94.01601], "uv": [41, 44]},
						{"origin": [3, 17, -7], "size": [3, 1, 2], "pivot": [0, 15, -4], "rotation": [30.58299, -4.25215, -128.3183], "uv": [52, 27]}
					]
				},
				{
					"name": "Arm2",
					"pivot": [2.73032, 27.06901, -2.29196],
					"rotation": [-120.62204, -14.45339, 165.59167],
					"cubes": [
						{"origin": [6.12399, 22.25976, -6.88322], "size": [8, 1, 2], "pivot": [4.12399, 15.25976, -3.88322], "rotation": [9.7312, -29.41834, -64.71556], "uv": [42, 43]},
						{"origin": [7.12399, 20.25976, -6.88322], "size": [4, 1, 2], "pivot": [4.12399, 15.25976, -3.88322], "rotation": [22.6017, -21.57387, -94.01601], "uv": [46, 39]},
						{"origin": [7.12399, 17.25976, -6.88322], "size": [3, 1, 2], "pivot": [4.12399, 15.25976, -3.88322], "rotation": [30.58299, -4.25215, -128.3183], "uv": [42, 46]}
					]
				},
				{
					"name": "Eye",
					"pivot": [0, 0, 0],
					"cubes": [
						{"origin": [-2, 27, 3], "size": [1, 3, 1], "pivot": [0, 0, 0], "rotation": [17.5, 0, 0], "uv": [43, 61]},
						{"origin": [1, 27, 1], "size": [1, 3, 1], "pivot": [0, 0, 0], "rotation": [17.5, 0, 0], "uv": [16, 49]},
						{"origin": [-1, 27, 1], "size": [1, 3, 1], "pivot": [0, 0, 0], "rotation": [17.5, 0, 0], "uv": [16, 49]},
						{"origin": [0, 27, 3], "size": [1, 3, 1], "pivot": [0, 0, 0], "rotation": [17.5, 0, 0], "uv": [24, 49]},
						{"origin": [2, 27, 3], "size": [1, 3, 1], "pivot": [0, 0, 0], "rotation": [17.5, 0, 0], "uv": [20, 49]}
					]
				},
				{
					"name": "Head",
					"pivot": [0, 0, 0],
					"cubes": [
						{"origin": [-3, 26, -1], "size": [7, 3, 6], "pivot": [0, 0, 0], "rotation": [17.5, 0, 0], "uv": [44, 31]}
					]
				}
			]
		}
	]
}