{
	"format_version": "1.12.0",
	"minecraft:geometry": [
		{
			"description": {
				"identifier": "geometry.dread",
				"texture_width": 128,
				"texture_height": 128,
				"visible_bounds_width": 4,
				"visible_bounds_height": 4,
				"visible_bounds_offset": [0, 1, 0]
			},
			"bones": [
				{
					"name": "All",
					"pivot": [0, -3, -2]
				},
				{
					"name": "bone20",
					"parent": "All",
					"pivot": [0, -3, -2],
					"rotation": [-180, 0, 180]
				},
				{
					"name": "BODY2",
					"parent": "bone20",
					"pivot": [0, -2, -2]
				},
				{
					"name": "Body",
					"parent": "BODY2",
					"pivot": [0, 9.17365, -1.98481],
					"rotation": [-7.5, 0, 0],
					"cubes": [
						{"origin": [-3, 7.17365, -7.98481], "size": [6, 4, 13], "uv": [0, 0]}
					]
				},
				{
					"name": "bone42",
					"parent": "Body",
					"pivot": [0, 9.17365, 5.51519]
				},
				{
					"name": "bone6",
					"parent": "Body",
					"pivot": [0, -0.82635, -1.98481],
					"cubes": [
						{"origin": [-2, 9.17365, -10.98481], "size": [4, 7, 3], "pivot": [0, 13.17365, -6.98481], "rotation": [40, 0, 0], "uv": [38, 10]}
					]
				},
				{
					"name": "bone4",
					"parent": "Body",
					"pivot": [1, -0.82635, -1.98481]
				},
				{
					"name": "bone3",
					"parent": "bone4",
					"pivot": [7, -0.82635, -0.98481],
					"cubes": [
						{"origin": [0, 7.17365, -4.98481], "size": [8, 3.9, 7], "pivot": [4.30559, 9.17365, 0.67054], "rotation": [0, 47.5, 0], "uv": [0, 17]}
					]
				},
				{
					"name": "bone2",
					"parent": "bone4",
					"pivot": [1, -0.82635, -1.98481],
					"cubes": [
						{"origin": [-3.5, 7.1736, 2.31519], "size": [7.5, 3.9, 7], "pivot": [-8.62979, 9.17365, 5.90591], "rotation": [0, 47.5, 0], "uv": [23, 20]}
					]
				},
				{
					"name": "Bigtail1",
					"parent": "BODY2",
					"pivot": [-3.5, 16.25, -10],
					"rotation": [30, 0, -37.5],
					"cubes": [
						{"origin": [-5, 12, -13], "size": [3, 9, 4], "uv": [0, 27]},
						{"origin": [-4.5, 13, -9.5], "size": [2, 6, 1], "uv": [8, 63]},
						{"origin": [-4.5, 17.25, -15], "size": [2, 3, 5], "pivot": [-3.5, 16.25, -10], "rotation": [25, 0, 0], "uv": [23, 38]},
						{"origin": [-5.5, 16.25, -12], "size": [3, 4, 2], "pivot": [-3.5, 16.25, -10], "rotation": [0, 0, -10], "uv": [45, 46]},
						{"origin": [-6.5, 11.25, -12], "size": [3, 4, 2], "pivot": [-3.5, 16.25, -10], "rotation": [0, 0, -10], "uv": [20, 46]}
					]
				},
				{
					"name": "bone8",
					"parent": "Bigtail1",
					"pivot": [-1, -2, -3],
					"cubes": [
						{"origin": [-4, 20, -13], "size": [2, 4, 2.5], "pivot": [-4, 21.5, -12], "rotation": [25, 0, 22.5], "uv": [0, 61]}
					]
				},
				{
					"name": "bone10",
					"parent": "bone8",
					"pivot": [0, -2, -1],
					"cubes": [
						{"origin": [-3.95733, 20.74362, -14.6578], "size": [4, 4.5, 4], "pivot": [-2, 24.34439, -12.6578], "rotation": [-34.50269, 21.63471, 28.20867], "uv": [30, 30]}
					]
				},
				{
					"name": "Bigtail2",
					"parent": "BODY2",
					"pivot": [3.5, 16.25, -10],
					"rotation": [30, 0, 37.5],
					"cubes": [
						{"origin": [2, 12, -13], "size": [3, 9, 4], "uv": [25, 0]},
						{"origin": [2.5, 13, -9.5], "size": [2, 6, 1], "uv": [40, 62]},
						{"origin": [2.5, 17.25, -15], "size": [2, 3, 5], "pivot": [3.5, 16.25, -10], "rotation": [25, 0, 0], "uv": [9, 38]},
						{"origin": [1.5, 16.25, -12], "size": [4, 4, 2], "pivot": [3.5, 16.25, -10], "rotation": [0, 0, 7.5], "uv": [0, 6]},
						{"origin": [2.5, 11.25, -12], "size": [4, 4, 2], "pivot": [3.5, 16.25, -10], "rotation": [0, 0, 7.5], "uv": [0, 0]}
					]
				},
				{
					"name": "bone9",
					"parent": "Bigtail2",
					"pivot": [3, 22, -12],
					"cubes": [
						{"origin": [2, 20, -13], "size": [2, 4, 2.5], "pivot": [4, 21.5, -12], "rotation": [25, 0, -22.5], "uv": [59, 60]}
					]
				},
				{
					"name": "bone11",
					"parent": "bone9",
					"pivot": [4, 21.5, -12],
					"cubes": [
						{"origin": [1.25733, 20.47057, -16.3], "size": [4, 4.5, 4], "pivot": [4, 21.5, -12], "rotation": [-34.50269, -21.63471, -28.20867], "uv": [14, 30]}
					]
				},
				{
					"name": "Head",
					"parent": "BODY2",
					"pivot": [0, 7, 7],
					"rotation": [-20, 0, 0]
				},
				{
					"name": "bone13",
					"parent": "Head",
					"pivot": [0, -2, -3],
					"cubes": [
						{"origin": [-0.7, 6.5, 3.5], "size": [1.5, 1.5, 3], "pivot": [-0.05, 6.75, 4], "rotation": [-15, 0, 0], "uv": [52, 19]}
					]
				},
				{
					"name": "bone15",
					"parent": "bone13",
					"pivot": [0, 5.94508, 6.46557],
					"rotation": [-105, 0, 0],
					"cubes": [
						{"origin": [-2, 5.25967, 6.4415], "size": [3, 2, 2], "pivot": [1, 6.20805, 5.99968], "rotation": [20, 0, 0], "uv": [58, 11]},
						{"origin": [-1.9, 6.4, 7.81541], "size": [2.8, 1.8, 2.8], "pivot": [-0.05, 6.62055, 8.17804], "rotation": [35, 0, 0], "uv": [71, 0]},
						{"origin": [-1.8, 7.88626, 9.50875], "size": [2.6, 1.6, 2], "pivot": [-0.05, 8.18626, 9.50875], "rotation": [62.5, 0, 0], "uv": [70, 68]},
						{"origin": [-1.6, 9.8, 12.4], "size": [2.3, 1.6, 2], "pivot": [0.05, 8.7, 11.3], "rotation": [85, 0, 0], "uv": [24, 70]}
					]
				},
				{
					"name": "bone35",
					"parent": "bone15",
					"pivot": [-0.05, 11.83845, 9.81574],
					"cubes": [
						{"origin": [-1.5, 11.7, 10], "size": [2, 1.3, 2], "pivot": [-0.05, 11.83845, 9.81574], "rotation": [-72.5, 0, 0], "uv": [69, 40]}
					]
				},
				{
					"name": "bone14",
					"parent": "bone13",
					"pivot": [0.5125, 7.18516, 6.74819],
					"rotation": [37.5, 0, 0],
					"cubes": [
						{"origin": [-1, 6.7, 6], "size": [3, 1, 2.5], "pivot": [1, 7.2, 6.5], "rotation": [40, 0, 0], "uv": [61, 42]},
						{"origin": [-0.9, 7.3, 7.3], "size": [2.8, 0.8, 3.8], "pivot": [1.95, 6.75, 7], "rotation": [20, 0, 0], "uv": [36, 0]},
						{"origin": [-0.8, 8.4, 9.3], "size": [2.6, 0.6, 3], "uv": [32, 0]},
						{"origin": [-0.6, 8.3, 11.1], "size": [2.3, 0.6, 3], "pivot": [0.05, 8.7, 11.3], "rotation": [-30, 0, 0], "uv": [27, 30]}
					]
				},
				{
					"name": "bone37",
					"parent": "bone14",
					"pivot": [0.05, 7.2134, 12.94282],
					"cubes": [
						{"origin": [-0.5, 7.3, 12.2], "size": [2, 0.3, 3], "pivot": [0.05, 7.2134, 12.94282], "rotation": [-52.5, 0, 0], "uv": [23, 30]}
					]
				},
				{
					"name": "bone16",
					"parent": "bone13",
					"pivot": [2, 7, 10],
					"rotation": [0, 0, 92.5]
				},
				{
					"name": "bone17",
					"parent": "bone16",
					"pivot": [3.46676, 5.29315, 5.80676],
					"rotation": [40, 10, -2.5],
					"cubes": [
						{"origin": [1.51923, 4.96942, 5.4441], "size": [3, 1, 2.5], "pivot": [3.51923, 5.46942, 5.9441], "rotation": [40, 0, 0], "uv": [61, 22]},
						{"origin": [1.61923, 5.56942, 6.7441], "size": [2.8, 0.8, 3.8], "pivot": [4.46923, 5.01942, 6.4441], "rotation": [20, 0, 0], "uv": [11, 30]},
						{"origin": [1.71923, 6.66942, 8.7441], "size": [2.6, 0.6, 3], "uv": [28, 17]},
						{"origin": [1.91923, 6.56942, 10.5441], "size": [2.3, 0.6, 3], "pivot": [2.56923, 6.96942, 10.7441], "rotation": [-30, 0, 0], "uv": [24, 17]}
					]
				},
				{
					"name": "bone36",
					"parent": "bone17",
					"pivot": [2.56923, 5.48282, 12.38692],
					"cubes": [
						{"origin": [2.01923, 5.56942, 11.6441], "size": [2, 0.3, 3], "pivot": [2.56923, 5.48282, 12.38692], "rotation": [-52.5, 0, 0], "uv": [22, 0]}
					]
				},
				{
					"name": "bone18",
					"parent": "bone13",
					"pivot": [-0.4835, 6.44809, 6.017],
					"rotation": [38.91567, -10, -90],
					"cubes": [
						{"origin": [-1.47505, 6.04647, 5.66801], "size": [3, 1, 2.5], "pivot": [0.52495, 6.54647, 6.16801], "rotation": [40, 0, 0], "uv": [10, 27]},
						{"origin": [-1.37505, 6.64647, 6.96801], "size": [2.8, 0.8, 3.8], "pivot": [1.47495, 6.09647, 6.66801], "rotation": [20, 0, 0], "uv": [20, 20]},
						{"origin": [-1.27505, 7.74647, 8.96801], "size": [2.6, 0.6, 3], "uv": [20, 17]},
						{"origin": [-1.07505, 7.64647, 10.76801], "size": [2.3, 0.6, 3], "pivot": [-0.42505, 8.04647, 10.96801], "rotation": [-30, 0, 0], "uv": [0, 20]}
					]
				},
				{
					"name": "bone34",
					"parent": "bone18",
					"pivot": [-0.42505, 6.55986, 12.61083],
					"cubes": [
						{"origin": [-0.97505, 6.64647, 11.86801], "size": [2, 0.3, 3], "pivot": [-0.42505, 6.55986, 12.61083], "rotation": [-52.5, 0, 0], "uv": [0, 17]}
					]
				},
				{
					"name": "Tail11",
					"parent": "BODY2",
					"pivot": [9, 20, -17],
					"cubes": [
						{"origin": [7, 19, -18], "size": [1, 3, 3], "uv": [46, 59]}
					]
				},
				{
					"name": "bone23",
					"parent": "Tail11",
					"pivot": [0, -3, -2],
					"cubes": [
						{"origin": [7, 19, -17.5], "size": [3, 2.5, 2], "pivot": [8.5, 20, -16], "rotation": [0, 20, 0], "uv": [56, 6]}
					]
				},
				{
					"name": "bone25",
					"parent": "bone23",
					"pivot": [8.5, 20, -16],
					"cubes": [
						{"origin": [8.34339, 18.8, -17.8], "size": [3, 2, 1.5], "pivot": [9.34339, 20, -16.7873], "rotation": [0, 47.5, 15], "uv": [70, 3]}
					]
				},
				{
					"name": "bone27",
					"parent": "bone25",
					"pivot": [9.34339, 20, -16.7873],
					"cubes": [
						{"origin": [9.2, 18.9, -20.1], "size": [1.5, 1.5, 2], "pivot": [9.75, 19.71946, -17.66968], "rotation": [27.5, -12.5, 0], "uv": [34, 50]}
					]
				},
				{
					"name": "Tail2",
					"parent": "BODY2",
					"pivot": [-9, 20, -17],
					"cubes": [
						{"origin": [-8, 19, -18], "size": [1, 3, 3], "uv": [57, 16]}
					]
				},
				{
					"name": "bone24",
					"parent": "Tail2",
					"pivot": [0, -3, -2],
					"cubes": [
						{"origin": [-9.6, 19, -17.5], "size": [3, 2.5, 2], "pivot": [-8, 20, -17], "rotation": [0, -20, 0], "uv": [39, 6]}
					]
				},
				{
					"name": "bone26",
					"parent": "bone24",
					"pivot": [-8, 20, -17],
					"cubes": [
						{"origin": [-11, 19.2, -17], "size": [3, 2, 1.5], "pivot": [-8, 20, -17], "rotation": [0, -47.5, -15], "uv": [47, 0]}
					]
				},
				{
					"name": "bone28",
					"parent": "bone26",
					"pivot": [-8, 20, -17],
					"cubes": [
						{"origin": [-10.6, 19.5, -20.8], "size": [1.5, 1.5, 2], "pivot": [-8, 20, -17], "rotation": [27.5, 12.5, 0], "uv": [8, 40]}
					]
				},
				{
					"name": "bone",
					"parent": "bone20",
					"pivot": [11, 17.71312, -19.41242],
					"rotation": [-180, 15, 180],
					"cubes": [
						{"origin": [10.51764, 16, -20.56815], "size": [2, 2, 3], "pivot": [11.51764, 17, -18.56815], "rotation": [-55, 0, 0], "uv": [7, 52]},
						{"origin": [10.41764, 16.1, -18.16815], "size": [2.2, 2.2, 3], "pivot": [11.51764, 17, -18.56815], "rotation": [-65, 0, 0], "uv": [37, 50]},
						{"origin": [10.31764, 11.4, -18.06815], "size": [2.4, 2.4, 4], "pivot": [11.51764, 13.00614, -16.48511], "rotation": [-80, 0, 0], "uv": [8, 46]},
						{"origin": [10.21764, 9, -17.46537], "size": [2.6, 2.7, 4], "pivot": [11.51764, 10.55538, -16.46537], "rotation": [-90, 0, 0], "uv": [45, 40]}
					]
				},
				{
					"name": "bone5",
					"parent": "bone",
					"pivot": [10.63629, 6.054, -16.42105],
					"rotation": [0, 0, 2.5],
					"cubes": [
						{"origin": [10.01764, 5.55538, -17.76815], "size": [1.5, 3, 2.3], "pivot": [10.76764, 7.55538, -16.46537], "rotation": [7.5, 0, 5], "uv": [36, 73]},
						{"origin": [9.69988, 3, -17.64053], "size": [1.7, 3, 2.7], "pivot": [10.54988, 5.06633, -16.29053], "rotation": [10, 0, 5], "uv": [73, 27]},
						{"origin": [9.54065, 0.60331, -17.06815], "size": [1.5, 3, 2.5], "pivot": [10.29065, 2.10331, -15.89895], "rotation": [5, 0, 5], "uv": [22, 73]},
						{"origin": [9.28589, -1.30859, -16.76815], "size": [1.5, 2, 2.3], "pivot": [10.03589, -0.80859, -15.19995], "rotation": [2.5, 0, 5], "uv": [62, 73]},
						{"origin": [9.11034, -4.31508, -16.76815], "size": [1.5, 4, 2], "pivot": [9.86034, -2.81508, -15.48056], "rotation": [-5, 0, 5], "uv": [67, 50]},
						{"origin": [9.00198, -7.28044, -16.76815], "size": [1.3, 4, 1.8], "pivot": [9.65198, -5.28044, -15.88533], "rotation": [0, 0, 5], "uv": [20, 78]},
						{"origin": [8.76896, -10.26659, -17.16815], "size": [1.1, 4, 1.4], "pivot": [9.31896, -9.26659, -15.76815], "rotation": [-15, 0, 5], "uv": [78, 12]}
					]
				},
				{
					"name": "bone7",
					"parent": "bone",
					"pivot": [13.80076, -0.32558, -15.93404],
					"rotation": [0, 0, -12.5],
					"cubes": [
						{"origin": [13.31764, 5.58575, -17.76815], "size": [1.5, 3, 2.3], "pivot": [14.48857, 7.58575, -16.46537], "rotation": [7.5, 0, 5], "uv": [10, 73]},
						{"origin": [13.01764, 3.2, -17.64053], "size": [1.7, 3, 2.7], "pivot": [14.27081, 5.0967, -16.29053], "rotation": [10, 0, 5], "uv": [0, 73]},
						{"origin": [12.81764, 0.9, -17.06815], "size": [1.6, 3, 2.5], "pivot": [14.01158, 2.13369, -15.89895], "rotation": [5, 0, 5], "uv": [56, 72]},
						{"origin": [12.61764, -0.27822, -16.76815], "size": [1.5, 2, 2.3], "pivot": [14.01154, -0.77822, -15.19995], "rotation": [2.5, 0, 5], "uv": [73, 33]},
						{"origin": [12.41764, -3, -16.76815], "size": [1.5, 4, 1.9], "pivot": [13.58127, -2.78471, -15.48056], "rotation": [-5, 0, 5], "uv": [10, 78]},
						{"origin": [12.31764, -5.25007, -16.66815], "size": [1.3, 4, 1.8], "pivot": [13.37291, -5.25007, -15.88533], "rotation": [0, 0, 5], "uv": [78, 7]},
						{"origin": [12.01764, -8.23621, -16.96815], "size": [1.1, 4, 1.4], "pivot": [13.03989, -9.23621, -15.76815], "rotation": [-7.5, 0, 5], "uv": [78, 2]}
					]
				},
				{
					"name": "bone12",
					"parent": "bone20",
					"pivot": [-11, 18.71312, -19.41242],
					"rotation": [-180, -15, 180],
					"cubes": [
						{"origin": [-12.51764, 16, -20.56815], "size": [2, 2, 3], "pivot": [-11.51764, 17, -18.56815], "rotation": [-55, 0, 0], "uv": [27, 50]},
						{"origin": [-12.61764, 16.1, -18.16815], "size": [2.2, 2.2, 3], "pivot": [-11.51764, 17, -18.56815], "rotation": [-65, 0, 0], "uv": [49, 8]},
						{"origin": [-12.71764, 11.4, -18.06815], "size": [2.4, 2.4, 4], "pivot": [-11.51764, 13.00614, -16.48511], "rotation": [-80, 0, 0], "uv": [45, 34]},
						{"origin": [-12.81764, 9, -17.46537], "size": [2.6, 2.7, 4], "pivot": [-11.51764, 10.55538, -16.46537], "rotation": [-90, 0, 0], "uv": [33, 44]}
					]
				},
				{
					"name": "bone19",
					"parent": "bone12",
					"pivot": [-12.39899, 6.054, -16.42105],
					"rotation": [0, 0, 2.5],
					"cubes": [
						{"origin": [-13.01764, 5.5857, -17.76815], "size": [1.5, 3, 2.3], "pivot": [-12.26764, 7.55538, -16.46537], "rotation": [7.5, 0, 5], "uv": [68, 71]},
						{"origin": [-13.3354, 3.2, -17.64053], "size": [1.7, 3, 2.7], "pivot": [-12.4854, 5.06633, -16.29053], "rotation": [10, 0, 5], "uv": [71, 60]},
						{"origin": [-13.49463, 0.9, -17.06815], "size": [1.5, 3, 2.5], "pivot": [-12.74463, 2.10331, -15.89895], "rotation": [5, 0, 5], "uv": [71, 54]},
						{"origin": [-13.74939, -0.2782, -16.76815], "size": [1.5, 2, 2.3], "pivot": [-12.99939, -0.80859, -15.19995], "rotation": [2.5, 0, 5], "uv": [72, 15]},
						{"origin": [-13.92494, -3, -16.86815], "size": [1.5, 4, 2], "pivot": [-13.17494, -2.81508, -15.48056], "rotation": [-5, 0, 5], "uv": [36, 67]},
						{"origin": [-14.0333, -5.2501, -16.76815], "size": [1.3, 4, 1.8], "pivot": [-13.3833, -5.28044, -15.88533], "rotation": [0, 0, 5], "uv": [0, 78]},
						{"origin": [-13.99563, -8.1725, -16.76815], "size": [1.1, 4, 1.4], "pivot": [-13.44563, -6.1725, -15.60501], "rotation": [-7.5, 0, 5], "uv": [62, 77]}
					]
				},
				{
					"name": "bone21",
					"parent": "bone12",
					"pivot": [-9.23452, -0.32558, -15.93404],
					"rotation": [0, 0, -12.5],
					"cubes": [
						{"origin": [-9.71764, 5.5554, -17.76815], "size": [1.5, 3, 2.3], "pivot": [-8.54671, 7.58575, -16.46537], "rotation": [7.5, 0, 5], "uv": [48, 71]},
						{"origin": [-10.01764, 3, -17.64053], "size": [1.7, 3, 2.7], "pivot": [-8.76447, 5.0967, -16.29053], "rotation": [10, 0, 5], "uv": [30, 71]},
						{"origin": [-10.21764, 0.6033, -17.06815], "size": [1.6, 3, 2.5], "pivot": [-9.0237, 2.13369, -15.89895], "rotation": [5, 0, 5], "uv": [71, 22]},
						{"origin": [-10.41764, -1.3086, -16.76815], "size": [1.5, 2, 2.3], "pivot": [-9.02374, -0.77822, -15.19995], "rotation": [2.5, 0, 5], "uv": [72, 10]},
						{"origin": [-10.61764, -4.3151, -16.76815], "size": [1.5, 4, 1.9], "pivot": [-9.45401, -2.78471, -15.48056], "rotation": [-5, 0, 5], "uv": [58, 77]},
						{"origin": [-10.71764, -7.2804, -16.66815], "size": [1.3, 4, 1.8], "pivot": [-9.66237, -5.25007, -15.88533], "rotation": [0, 0, 5], "uv": [77, 56]},
						{"origin": [-11.01764, -10.2666, -17.06815], "size": [1.1, 4, 1.4], "pivot": [-9.99539, -9.23621, -15.76815], "rotation": [-15, 0, 5], "uv": [54, 77]}
					]
				},
				{
					"name": "bone22",
					"parent": "bone20",
					"pivot": [3, 14.71312, -13.41242],
					"rotation": [150.21271, -3.74196, 173.49554],
					"cubes": [
						{"origin": [2.5652, 12.70692, -14], "size": [2, 2, 3], "pivot": [3.5652, 13.70692, -12], "rotation": [-55, 0, 0], "uv": [0, 49]},
						{"origin": [2.4652, 12.80692, -11.6], "size": [2.2, 2.2, 3], "pivot": [3.5652, 13.70692, -12], "rotation": [-65, 0, 0], "uv": [48, 27]},
						{"origin": [2.3652, 8.10692, -11.5], "size": [2.4, 2.4, 4], "pivot": [3.5652, 9.71306, -9.91696], "rotation": [-80, 0, 0], "uv": [44, 20]},
						{"origin": [2.2652, 5.70692, -10.89722], "size": [2.6, 2.7, 4], "pivot": [3.5652, 7.2623, -9.89722], "rotation": [-90, 0, 0], "uv": [0, 42]}
					]
				},
				{
					"name": "bone29",
					"parent": "bone22",
					"pivot": [2.68385, 2.76092, -9.8529],
					"rotation": [0, 0, 2.5],
					"cubes": [
						{"origin": [2.0652, 2.2623, -11.2], "size": [1.5, 3, 2.3], "pivot": [2.8152, 4.2623, -9.89722], "rotation": [7.5, 0, 5], "uv": [18, 70]},
						{"origin": [1.74744, -0.29308, -11.07238], "size": [1.7, 3, 2.7], "pivot": [2.59744, 1.77325, -9.72238], "rotation": [10, 0, 5], "uv": [6, 70]},
						{"origin": [1.58821, -2.68977, -10.5], "size": [1.5, 3, 2.5], "pivot": [2.33821, -1.18977, -9.3308], "rotation": [5, 0, 5], "uv": [42, 69]},
						{"origin": [1.33345, -4.60167, -10.2], "size": [1.5, 2, 2.3], "pivot": [2.08345, -4.10167, -8.6318], "rotation": [2.5, 0, 5], "uv": [72, 6]},
						{"origin": [1.1579, -7.60816, -10.2], "size": [1.5, 4, 2], "pivot": [1.9079, -6.10816, -8.91241], "rotation": [-5, 0, 5], "uv": [0, 67]},
						{"origin": [1.04954, -10.57352, -10.2], "size": [1.3, 4, 1.8], "pivot": [1.69954, -8.57352, -9.31718], "rotation": [0, 0, 5], "uv": [77, 42]},
						{"origin": [0.81652, -13.55967, -10.6], "size": [1.1, 4, 1.4], "pivot": [1.36652, -12.55967, -9.2], "rotation": [-15, 0, 5], "uv": [77, 24]}
					]
				},
				{
					"name": "bone30",
					"parent": "bone22",
					"pivot": [5.84832, -3.61866, -12.36589],
					"rotation": [-20, 0, -12.5],
					"cubes": [
						{"origin": [5.3652, 2.29267, -14.2], "size": [1.5, 3, 2.3], "pivot": [6.53613, 4.29267, -12.89722], "rotation": [7.5, 0, 5], "uv": [69, 35]},
						{"origin": [5.0652, -0.09308, -14.07238], "size": [1.7, 3, 2.7], "pivot": [6.31837, 1.80362, -12.72238], "rotation": [10, 0, 5], "uv": [69, 30]},
						{"origin": [4.8652, -2.39308, -13.5], "size": [1.6, 3, 2.5], "pivot": [6.05914, -1.15939, -12.3308], "rotation": [5, 0, 5], "uv": [64, 68]},
						{"origin": [4.6652, -3.5713, -13.2], "size": [1.5, 2, 2.3], "pivot": [6.0591, -4.0713, -11.6318], "rotation": [2.5, 0, 5], "uv": [71, 48]},
						{"origin": [4.4652, -6.29308, -13.2], "size": [1.5, 4, 1.9], "pivot": [5.62883, -6.07779, -11.91241], "rotation": [-5, 0, 5], "uv": [75, 76]},
						{"origin": [4.3652, -8.54315, -13.1], "size": [1.3, 4, 1.8], "pivot": [5.42047, -8.54315, -12.31718], "rotation": [0, 0, 5], "uv": [71, 76]},
						{"origin": [4.0652, -11.52929, -12.1], "size": [1.1, 4, 1.4], "pivot": [5.08745, -12.52929, -12.2], "rotation": [10, 0, 5], "uv": [67, 76]}
					]
				},
				{
					"name": "bone31",
					"parent": "bone20",
					"pivot": [-4, 13.71312, -14.41242],
					"rotation": [150.21271, 3.74196, -173.49554],
					"cubes": [
						{"origin": [-6.32596, 11.99648, -15.89595], "size": [2, 2, 3], "pivot": [-5.32596, 12.99648, -13.89595], "rotation": [-55, 0, 0], "uv": [48, 3]},
						{"origin": [-6.42596, 12.09648, -13.49595], "size": [2.2, 2.2, 3], "pivot": [-5.32596, 12.99648, -13.89595], "rotation": [-65, 0, 0], "uv": [18, 38]},
						{"origin": [-6.52596, 7.39648, -13.39595], "size": [2.4, 2.4, 4], "pivot": [-5.32596, 9.00262, -11.81291], "rotation": [-80, 0, 0], "uv": [39, 0]},
						{"origin": [-6.62596, 4.99648, -12.79318], "size": [2.6, 2.7, 4], "pivot": [-5.32596, 6.55186, -11.79318], "rotation": [-90, 0, 0], "uv": [37, 38]}
					]
				},
				{
					"name": "bone32",
					"parent": "bone31",
					"pivot": [-6.20732, 2.05048, -12.74886],
					"rotation": [-20, 0, 2.5],
					"cubes": [
						{"origin": [-6.82596, 1.58218, -14.09595], "size": [1.5, 3, 2.3], "pivot": [-6.07596, 3.55186, -12.79318], "rotation": [7.5, 0, 5], "uv": [52, 68]},
						{"origin": [-7.14373, -0.80352, -13.96833], "size": [1.7, 3, 2.7], "pivot": [-6.29373, 1.06281, -12.61833], "rotation": [10, 0, 5], "uv": [68, 17]},
						{"origin": [-7.30296, -3.10352, -13.39595], "size": [1.5, 3, 2.5], "pivot": [-6.55296, -1.90021, -12.22675], "rotation": [5, 0, 5], "uv": [68, 12]},
						{"origin": [-7.55771, -4.28172, -13.09595], "size": [1.5, 2, 2.3], "pivot": [-6.80771, -4.81211, -11.52775], "rotation": [2.5, 0, 5], "uv": [71, 43]},
						{"origin": [-7.73326, -7.00352, -13.19595], "size": [1.5, 4, 2], "pivot": [-6.98326, -6.8186, -11.80836], "rotation": [-5, 0, 5], "uv": [58, 66]},
						{"origin": [-7.84162, -9.25362, -13.09595], "size": [1.3, 4, 1.8], "pivot": [-7.19162, -9.28396, -12.21313], "rotation": [0, 0, 5], "uv": [76, 64]},
						{"origin": [-7.80395, -12.17602, -12.5641], "size": [1.1, 4, 1.4], "pivot": [-7.25395, -10.17602, -11.93281], "rotation": [10, 0, 5], "uv": [76, 51]}
					]
				},
				{
					"name": "bone33",
					"parent": "bone31",
					"pivot": [-3.04284, -4.3291, -11.26184],
					"rotation": [0, 0, -12.5],
					"cubes": [
						{"origin": [-3.52596, 1.55188, -13.09595], "size": [1.5, 3, 2.3], "pivot": [-2.35503, 3.58223, -11.79318], "rotation": [7.5, 0, 5], "uv": [12, 68]},
						{"origin": [-3.82596, -1.00352, -12.96833], "size": [1.7, 3, 2.7], "pivot": [-2.57279, 1.09318, -11.61833], "rotation": [10, 0, 5], "uv": [67, 45]},
						{"origin": [-4.02596, -3.40022, -12.39595], "size": [1.6, 3, 2.5], "pivot": [-2.83202, -1.86983, -11.22675], "rotation": [5, 0, 5], "uv": [67, 25]},
						{"origin": [-4.22596, -5.31212, -12.09595], "size": [1.5, 2, 2.3], "pivot": [-2.83206, -4.78174, -10.52775], "rotation": [2.5, 0, 5], "uv": [41, 44]},
						{"origin": [-4.42596, -8.31862, -12.09595], "size": [1.5, 4, 1.9], "pivot": [-3.26233, -6.78823, -10.80836], "rotation": [-5, 0, 5], "uv": [50, 76]},
						{"origin": [-4.52596, -11.28392, -11.99595], "size": [1.3, 4, 1.8], "pivot": [-3.47069, -9.25359, -11.21313], "rotation": [0, 0, 5], "uv": [46, 76]},
						{"origin": [-4.82596, -14.27012, -12.39595], "size": [1.1, 4, 1.4], "pivot": [-3.80371, -13.23973, -11.09595], "rotation": [-15, 0, 5], "uv": [32, 76]}
					]
				},
				{
					"name": "bone38",
					"parent": "All",
					"pivot": [-6.82507, 16.06695, 9.09542],
					"rotation": [0, 20, 7.5],
					"cubes": [
						{"origin": [-6.81373, 14.67686, 7.33986], "size": [2, 2, 2], "pivot": [-5.46373, 15.67686, 7.98986], "rotation": [0, 0, 70], "uv": [46, 66]},
						{"origin": [-7.68632, 14.07686, 7.43986], "size": [1.8, 1.7, 1.8], "pivot": [-6.38632, 15.28786, 7.93986], "rotation": [0, 0, 60], "uv": [18, 27]},
						{"origin": [-9.01373, 13.77686, 7.33986], "size": [2.2, 2, 2.2], "pivot": [-8.26571, 14.60381, 7.93986], "rotation": [0, 0, 35], "uv": [28, 66]},
						{"origin": [-9.61373, 11.67686, 7.23986], "size": [2.3, 2.3, 2.4], "pivot": [-8.04213, 13.43774, 7.93986], "rotation": [0, 0, 22.5], "uv": [20, 66]},
						{"origin": [-10.11484, 10.97686, 7.23986], "size": [2.5, 2, 2.4], "pivot": [-8.35238, 12.48386, 7.93986], "rotation": [0, 0, 10], "uv": [66, 8]},
						{"origin": [-10.45963, 6.90454, 7.13986], "size": [2.8, 4.5, 2.6], "pivot": [-9.05963, 9.15454, 8.43986], "rotation": [0, 0, 2.5], "uv": [16, 58]},
						{"origin": [-10.4193, 4.88246, 7.23986], "size": [2.6, 4.5, 2.4], "pivot": [-8.5193, 10.13246, 7.93986], "rotation": [0, 0, -2.5], "uv": [8, 57]},
						{"origin": [-10.31373, 3.88246, 7.32986], "size": [2.5, 4.5, 2.25], "pivot": [-8.44873, 8.13246, 7.95486], "rotation": [0, 0, -5], "uv": [53, 56]},
						{"origin": [-9.91373, 0.8566, 7.32986], "size": [2.3, 4.5, 2.25], "pivot": [-8.52599, 3.1066, 8.45486], "rotation": [0, 0, 2.5], "uv": [41, 56]},
						{"origin": [-9.41373, -1.12263, 7.32986], "size": [2.1, 3.5, 2.25], "pivot": [-8.46724, 3.62737, 8.45486], "rotation": [0, 0, 15], "uv": [61, 33]},
						{"origin": [-10.31373, -2.89211, 7.53986], "size": [1.6, 4.5, 1.9], "pivot": [-9.88133, -0.64211, 8.48986], "rotation": [0, 0, 25], "uv": [28, 76]},
						{"origin": [-11.30393, -5.90299, 7.63986], "size": [1.2, 4.5, 1.7], "pivot": [-10.85393, -2.65299, 8.48986], "rotation": [0, 0, 35], "uv": [75, 37]}
					]
				},
				{
					"name": "bone39",
					"parent": "All",
					"pivot": [-5, 12, 5],
					"rotation": [0, -20, 15],
					"cubes": [
						{"origin": [-6, 11, 4], "size": [2, 2, 2], "pivot": [-4.65, 12, 4.65], "rotation": [0, 0, 70], "uv": [65, 64]},
						{"origin": [-6.87259, 10.4, 4.1], "size": [1.8, 1.7, 1.8], "pivot": [-5.57259, 11.611, 4.6], "rotation": [0, 0, 60], "uv": [0, 27]},
						{"origin": [-8.2, 10.1, 4], "size": [2.2, 2, 2.2], "pivot": [-7.45198, 10.92695, 4.6], "rotation": [0, 0, 35], "uv": [65, 58]},
						{"origin": [-8.8, 8, 3.9], "size": [2.3, 2.3, 2.4], "pivot": [-7.2284, 9.76088, 4.6], "rotation": [0, 0, 22.5], "uv": [52, 64]},
						{"origin": [-9.30111, 7.3, 3.9], "size": [2.5, 2, 2.4], "pivot": [-7.53865, 8.807, 4.6], "rotation": [0, 0, 10], "uv": [14, 64]},
						{"origin": [-9.6459, 3.22768, 3.8], "size": [2.8, 4.5, 2.6], "pivot": [-8.2459, 5.47768, 5.1], "rotation": [0, 0, 2.5], "uv": [55, 50]},
						{"origin": [-9.60557, 1.2056, 3.9], "size": [2.6, 4.5, 2.4], "pivot": [-7.70557, 6.4556, 4.6], "rotation": [0, 0, -2.5], "uv": [55, 44]},
						{"origin": [-9.5, 0.2056, 3.99], "size": [2.5, 4.5, 2.25], "pivot": [-7.635, 4.4556, 4.615], "rotation": [0, 0, -5], "uv": [55, 38]},
						{"origin": [-9.1, -2.82026, 3.99], "size": [2.3, 4.5, 2.25], "pivot": [-7.71226, -0.57026, 5.115], "rotation": [0, 0, 2.5], "uv": [33, 55]},
						{"origin": [-8.6, -4.79949, 3.99], "size": [2.1, 3.5, 2.25], "pivot": [-7.65351, -0.04949, 5.115], "rotation": [0, 0, 15], "uv": [32, 61]},
						{"origin": [-9.5, -6.56897, 4.2], "size": [1.6, 4.5, 1.9], "pivot": [-9.0676, -4.31897, 5.15], "rotation": [0, 0, 25], "uv": [75, 19]},
						{"origin": [-10.4902, -9.57985, 4.3], "size": [1.2, 4.5, 1.7], "pivot": [-10.0402, -6.32985, 5.15], "rotation": [0, 0, 35], "uv": [16, 75]}
					]
				},
				{
					"name": "bone40",
					"parent": "All",
					"pivot": [3.82507, 11.06695, 4.90457],
					"rotation": [-180, -20, 165],
					"cubes": [
						{"origin": [3.47871, 11.16917, 3.01882], "size": [2, 2, 2], "pivot": [4.82871, 12.16917, 3.66882], "rotation": [0, 0, 70], "uv": [64, 4]},
						{"origin": [2.60612, 10.56917, 3.11882], "size": [1.8, 1.7, 1.8], "pivot": [3.90612, 11.78017, 3.61882], "rotation": [0, 0, 60], "uv": [26, 22]},
						{"origin": [1.27871, 10.26917, 3.01882], "size": [2.2, 2, 2.2], "pivot": [2.02674, 11.09612, 3.61882], "rotation": [0, 0, 35], "uv": [63, 38]},
						{"origin": [0.67871, 8.16917, 2.91882], "size": [2.3, 2.3, 2.4], "pivot": [2.25031, 9.93005, 3.61882], "rotation": [0, 0, 22.5], "uv": [63, 0]},
						{"origin": [0.1776, 7.46917, 2.91882], "size": [2.5, 2, 2.4], "pivot": [1.94006, 8.97617, 3.61882], "rotation": [0, 0, 10], "uv": [62, 15]},
						{"origin": [-0.16718, 3.39685, 2.81882], "size": [2.8, 4.5, 2.6], "pivot": [1.23282, 5.64685, 4.11882], "rotation": [0, 0, 2.5], "uv": [25, 55]},
						{"origin": [-0.12686, 1.37477, 2.91882], "size": [2.6, 4.5, 2.4], "pivot": [1.77314, 6.62477, 3.61882], "rotation": [0, 0, -2.5], "uv": [55, 24]},
						{"origin": [-0.02129, 0.37477, 3.00882], "size": [2.5, 4.5, 2.25], "pivot": [1.84371, 4.62477, 3.63382], "rotation": [0, 0, -5], "uv": [55, 0]},
						{"origin": [0.37871, -2.65109, 3.00882], "size": [2.3, 4.5, 2.25], "pivot": [1.76645, -0.40109, 4.13382], "rotation": [0, 0, 2.5], "uv": [0, 55]},
						{"origin": [0.87871, -4.63032, 3.00882], "size": [2.1, 3.5, 2.25], "pivot": [1.82521, 0.11968, 4.13382], "rotation": [0, 0, 15], "uv": [61, 28]},
						{"origin": [-0.02129, -6.3998, 3.21882], "size": [1.6, 4.5, 1.9], "pivot": [0.41111, -4.1498, 4.16882], "rotation": [0, 0, 25], "uv": [6, 75]},
						{"origin": [-1.01149, -9.41068, 3.31882], "size": [1.2, 4.5, 1.7], "pivot": [-0.56149, -6.16068, 4.16882], "rotation": [0, 0, 35], "uv": [74, 71]}
					]
				},
				{
					"name": "bone41",
					"parent": "All",
					"pivot": [7, 16, 9],
					"rotation": [-180, 20, 172.5],
					"cubes": [
						{"origin": [6, 15, 8], "size": [2, 2, 2], "pivot": [7.35, 16, 8.65], "rotation": [0, 0, 70], "uv": [61, 54]},
						{"origin": [5.12741, 14.4, 8.1], "size": [1.8, 1.7, 1.8], "pivot": [6.42741, 15.611, 8.6], "rotation": [0, 0, 60], "uv": [0, 22]},
						{"origin": [3.8, 14.1, 8], "size": [2.2, 2, 2.2], "pivot": [4.54802, 14.92695, 8.6], "rotation": [0, 0, 35], "uv": [61, 48]},
						{"origin": [3.2, 12, 7.9], "size": [2.3, 2.3, 2.4], "pivot": [4.7716, 13.76088, 8.6], "rotation": [0, 0, 22.5], "uv": [42, 30]},
						{"origin": [2.69889, 11.3, 7.9], "size": [2.5, 2, 2.4], "pivot": [4.46135, 12.807, 8.6], "rotation": [0, 0, 10], "uv": [32, 38]},
						{"origin": [2.3541, 7.22768, 7.8], "size": [2.8, 4.5, 2.6], "pivot": [3.7541, 9.47768, 9.1], "rotation": [0, 0, 2.5], "uv": [53, 32]},
						{"origin": [2.39443, 5.2056, 7.9], "size": [2.6, 4.5, 2.4], "pivot": [4.29443, 10.4556, 8.6], "rotation": [0, 0, -2.5], "uv": [47, 52]},
						{"origin": [2.5, 4.2056, 7.99], "size": [2.5, 4.5, 2.25], "pivot": [4.365, 8.4556, 8.615], "rotation": [0, 0, -5], "uv": [17, 52]},
						{"origin": [2.9, 1.17974, 7.99], "size": [2.3, 4.5, 2.25], "pivot": [4.28774, 3.42974, 9.115], "rotation": [0, 0, 2.5], "uv": [52, 13]},
						{"origin": [3.4, -0.79949, 7.99], "size": [2.1, 3.5, 2.25], "pivot": [4.34649, 3.95051, 9.115], "rotation": [0, 0, 15], "uv": [24, 61]},
						{"origin": [2.5, -2.56897, 8.2], "size": [1.6, 4.5, 1.9], "pivot": [2.9324, -0.31897, 9.15], "rotation": [0, 0, 25], "uv": [42, 74]},
						{"origin": [1.5098, -5.57985, 8.3], "size": [1.2, 4.5, 1.7], "pivot": [1.9598, -2.32985, 9.15], "rotation": [0, 0, 35], "uv": [0, 40]}
					]
				}
			]
		}
	]
}