{
	"format_version": "1.12.0",
	"minecraft:geometry": [
		{
			"description": {
				"identifier": "geometry.dweller",
				"texture_width": 256,
				"texture_height": 190,
				"visible_bounds_width": 7,
				"visible_bounds_height": 6,
				"visible_bounds_offset": [0, 2, 0]
			},
			"bones": [
				{
					"name": "All",
					"pivot": [0, 8, 0]
				},
				{
					"name": "Torso",
					"parent": "All",
					"pivot": [0, 35.9, 10.2],
					"rotation": [12.5, 0, 0],
					"cubes": [
						{"origin": [-5.5, 32.35915, 3.5443], "size": [11, 9, 8], "pivot": [0, 39.8, 6.7], "rotation": [40, 0, 0], "uv": [63, 53]}
					]
				},
				{
					"name": "Costillas",
					"parent": "Torso",
					"pivot": [0, 7.8, -1.3],
					"cubes": [
						{"origin": [-7.5, 22.8, 24.2], "size": [15, 18, 10], "pivot": [0, 7.8, -1.3], "rotation": [50, 0, 0], "uv": [137, 20]},
						{"origin": [-7.5, 27.8, 34.2], "size": [8, 9, 3], "pivot": [0, 7.8, -1.3], "rotation": [50, 0, 0], "uv": [3, 156]},
						{"origin": [-6.5, 31.8, 37.2], "size": [4, 5, 4], "pivot": [0, 7.8, -1.3], "rotation": [50, 0, 0], "uv": [7, 156]},
						{"origin": [-5.5, 30.8, 37.2], "size": [4, 5, 5], "pivot": [0, 7.8, -1.3], "rotation": [50, 0, 0], "uv": [113, 165]},
						{"origin": [-6.5, 28.8, 37.2], "size": [6, 3, 3], "pivot": [0, 7.8, -1.3], "rotation": [50, 0, 0], "uv": [114, 167]},
						{"origin": [-2.5, 31.8, 37.2], "size": [2, 5, 3], "pivot": [0, 7.8, -1.3], "rotation": [50, 0, 0], "uv": [11, 159]},
						{"origin": [-1.5, 28.6, 33.8], "size": [6, 12, 4], "pivot": [0, 7.8, -1.3], "rotation": [50.10753, 3.21154, 3.83424], "uv": [112, 158]},
						{"origin": [-5.5, 32.6, 33.8], "size": [4, 8, 4], "pivot": [0, 7.8, -1.3], "rotation": [50.10753, 3.21154, 3.83424], "uv": [3, 156]},
						{"origin": [-5.5, 28.6, 33.8], "size": [4, 4, 6], "pivot": [0, 7.8, -1.3], "rotation": [50.10753, 3.21154, 3.83424], "uv": [111, 162]},
						{"origin": [-0.5, 36.6, 37.8], "size": [4, 3, 4], "pivot": [0, 7.8, -1.3], "rotation": [50.10753, 3.21154, 3.83424], "uv": [5, 156]},
						{"origin": [-5.5, 29.6, 37.8], "size": [7, 8, 3], "pivot": [0, 7.8, -1.3], "rotation": [50.10753, 3.21154, 3.83424], "uv": [111, 164]},
						{"origin": [1.5, 29.6, 37.8], "size": [2, 7, 3], "pivot": [0, 7.8, -1.3], "rotation": [50.10753, 3.21154, 3.83424], "uv": [116, 151]},
						{"origin": [-5.5, 37.6, 37.8], "size": [5, 2, 3], "pivot": [0, 7.8, -1.3], "rotation": [50.10753, 3.21154, 3.83424], "uv": [111, 167]},
						{"origin": [-4.5, 33.6, 40.8], "size": [5, 5, 3], "pivot": [0, 7.8, -1.3], "rotation": [50.10753, 3.21154, 3.83424], "uv": [5, 157]},
						{"origin": [-2.5, 30.6, 40.8], "size": [5, 5, 3], "pivot": [0, 7.8, -1.3], "rotation": [50.10753, 3.21154, 3.83424], "uv": [115, 164]},
						{"origin": [-3.5, 39.8, 27.2], "size": [7, 4, 5], "pivot": [0, 7.8, -1.3], "rotation": [50, 0, 0], "uv": [146, 30]},
						{"origin": [-7, 23.8, 25.2], "size": [14, 16, 8], "pivot": [0, 7.8, -1.3], "rotation": [50, 0, 0], "uv": [0, 28]},
						{"origin": [-5, 29.8, -35.3], "size": [9, 2, 16], "pivot": [0, 7.8, -1.3], "rotation": [-45, 0, 0], "uv": [97, 155]}
					],
					"locators": {
						"locator": [4, 60, 6],
						"locator2": [-4, 57, 7]
					}
				},
				{
					"name": "BrazoIzq",
					"parent": "Costillas",
					"pivot": [7.8, 53.8, -2.7],
					"cubes": [
						{"origin": [5.1093, 44.07692, -6.3], "size": [7, 8, 7], "pivot": [7, 50.8, -1.3], "rotation": [0, 0, -25], "uv": [66, 36]},
						{"origin": [6.1093, 28.07692, -5.3], "size": [5, 16, 5], "pivot": [7, 50.8, -1.3], "rotation": [0, 0, -25], "uv": [66, 48]}
					]
				},
				{
					"name": "BrazoIzq2",
					"parent": "BrazoIzq",
					"pivot": [19, 31.8, -2.3],
					"rotation": [0, 15, 30],
					"cubes": [
						{"origin": [15.59228, 19.85188, -5.3], "size": [5, 11, 5], "pivot": [18, 30.8, -0.3], "rotation": [-47.5, 0, -25], "uv": [147, 29]},
						{"origin": [15.59228, 0.85188, -4.8], "size": [4, 19, 4], "pivot": [18, 30.8, -0.3], "rotation": [-47.5, 0, -25], "uv": [150, 20]},
						{"origin": [24.38479, 9.53479, -21.40685], "size": [2, 4, 6], "pivot": [29, 14.8, -20.3], "rotation": [-102.5, 0, -25], "uv": [152, 1]},
						{"origin": [24.38479, 9.53479, -15.40685], "size": [2, 2, 5], "pivot": [29, 14.8, -20.3], "rotation": [-102.5, 0, -25], "uv": [153, 7]},
						{"origin": [18, 24.8, -6.3], "size": [3, 3, 1], "pivot": [19, 31.8, -2.3], "rotation": [-45.99297, 10.54529, -10.72858], "uv": [37, 168]}
					]
				},
				{
					"name": "BrazoDer",
					"parent": "Costillas",
					"pivot": [-7.8, 53.8, -2.7],
					"cubes": [
						{"origin": [-12.1093, 44.07692, -6.3], "size": [7, 8, 7], "pivot": [-7, 50.8, -1.3], "rotation": [0, 0, 25], "uv": [66, 37]},
						{"origin": [-11.1093, 28.07692, -5.3], "size": [5, 16, 5], "pivot": [-7, 50.8, -1.3], "rotation": [0, 0, 25], "uv": [148, 18]},
						{"origin": [-11.8, 48.8, -4.7], "size": [1, 3, 3], "pivot": [-7.8, 53.8, -2.7], "rotation": [0, 0, 20], "uv": [8, 157]}
					]
				},
				{
					"name": "BrazoDer2",
					"parent": "BrazoDer",
					"pivot": [-19, 31.8, -2.3],
					"rotation": [0, -15, -30],
					"cubes": [
						{"origin": [-20.59228, 19.85188, -5.3], "size": [5, 11, 5], "pivot": [-18, 30.8, -0.3], "rotation": [-47.5, 0, 25], "uv": [144, 30]},
						{"origin": [-19.59228, 0.85188, -4.8], "size": [4, 19, 4], "pivot": [-18, 30.8, -0.3], "rotation": [-47.5, 0, 25], "uv": [149, 19]},
						{"origin": [-26.38479, 9.53479, -21.40685], "size": [2, 4, 6], "pivot": [-29, 14.8, -20.3], "rotation": [-102.5, 0, 25], "uv": [153, 4]},
						{"origin": [-26.38479, 9.53479, -15.40685], "size": [2, 2, 5], "pivot": [-29, 14.8, -20.3], "rotation": [-102.5, 0, 25], "uv": [158, 5]},
						{"origin": [-23, 24.8, -6.3], "size": [3, 3, 1], "pivot": [-19, 31.8, -2.3], "rotation": [-43.44806, -23.60399, 12.15742], "uv": [9, 160]}
					]
				},
				{
					"name": "Cabeza",
					"parent": "Costillas",
					"pivot": [0, 51.8, -7.3],
					"rotation": [-10, 0, 0],
					"cubes": [
						{"origin": [-4.5, 53.8, -19.3], "size": [9, 8, 8], "pivot": [0, 7.8, -1.3], "rotation": [-5, 0, 0], "uv": [205, 149]},
						{"origin": [-0.5, 57.8, -19.7], "size": [3, 3, 8], "pivot": [0, 7.8, -1.3], "rotation": [-5, 0, 0], "uv": [1, 156]},
						{"origin": [-3.9, 59.5, -19.7], "size": [2, 2, 1], "pivot": [0, 7.8, -1.3], "rotation": [-5, 0, 0], "uv": [35, 174]},
						{"origin": [3.2, 56.3, -19.7], "size": [1, 1, 1], "pivot": [0, 7.8, -1.3], "rotation": [-5, 0, 0], "uv": [14, 161]},
						{"origin": [-4.5, 52.8, -12.3], "size": [9, 1, 1], "pivot": [0, 7.8, -1.3], "rotation": [-5, 0, 0], "uv": [44, 41]},
						{"origin": [4, 54.55421, -11.15458], "size": [0, 1, 1], "pivot": [0, 55.8, -11.3], "rotation": [-58.17831, 52.21677, -6.48009], "uv": [254, 20]},
						{"origin": [-4, 54.55421, -11.15458], "size": [0, 1, 1], "pivot": [0, 55.8, -11.3], "rotation": [-58.17831, -52.21677, 6.48009], "uv": [254, 20]},
						{"origin": [-1.1, 54.80283, -15.0698], "size": [1, 1, 0], "pivot": [-1, 55.8, -15.3], "rotation": [-3.54002, 3.53329, 44.89078], "uv": [254, 26]},
						{"origin": [-1.57466, 53.7014, -14.00334], "size": [1, 1, 0], "pivot": [-2.3, 54.4, -14.4], "rotation": [121.02842, -29.84645, -111.72242], "uv": [249, 19]},
						{"origin": [0.57466, 53.7014, -14.00334], "size": [1, 1, 0], "pivot": [2.3, 54.4, -14.4], "rotation": [121.02842, 29.84645, 111.72242], "uv": [254, 24]},
						{"origin": [-0.02534, 52.7014, -14.00334], "size": [1, 1, 0], "pivot": [2.3, 54.4, -14.4], "rotation": [121.02842, 29.84645, 111.72242], "uv": [253, 31]},
						{"origin": [-0.97466, 52.7014, -14.00334], "size": [1, 1, 0], "pivot": [-2.3, 54.4, -14.4], "rotation": [121.02842, -29.84645, -111.72242], "uv": [251, 19]},
						{"origin": [-0.62534, 51.8014, -14.00334], "size": [1, 1, 0], "pivot": [2.3, 54.4, -14.4], "rotation": [121.02842, 29.84645, 111.72242], "uv": [249, 23]},
						{"origin": [-0.37466, 51.8014, -14.00334], "size": [1, 1, 0], "pivot": [-2.3, 54.4, -14.4], "rotation": [121.02842, -29.84645, -111.72242], "uv": [251, 26]},
						{"origin": [0.1, 54.80283, -15.0698], "size": [1, 1, 0], "pivot": [1, 55.8, -15.3], "rotation": [-3.54002, -3.53329, -44.89078], "uv": [253, 21]},
						{"origin": [-0.6, 55.60283, -15.0698], "size": [1, 1, 0], "pivot": [1, 55.8, -15.3], "rotation": [-3.54002, -3.53329, -44.89078], "uv": [252, 24]},
						{"origin": [-5, 56.8, -12.3], "size": [3, 2, 2], "uv": [8, 161]}
					],
					"locators": {
						"locator3": [0, 54, -15]
					}
				},
				{
					"name": "Mandibula",
					"parent": "Cabeza",
					"pivot": [-0.2, 53.8, -7.3],
					"cubes": [
						{"origin": [-2.2, 53.09, -7.49], "size": [1, 2, 1], "pivot": [-0.2, 7.8, -1.8], "rotation": [10, 0, 0], "uv": [90, 4]},
						{"origin": [-2.2, 53.1, -6.5], "size": [4, 1, 2], "pivot": [-0.2, 7.8, -1.8], "rotation": [10, 0, 0], "uv": [87, 0]},
						{"origin": [-1.8, 53.1, -7.5], "size": [4, 2, 1], "pivot": [0.2, 7.8, -1.8], "rotation": [10, 0, 0], "uv": [76, 38]},
						{"origin": [1.4, 53.16777, -15.20051], "size": [1, 1, 0], "pivot": [1.5, 53.8, -15.8], "rotation": [7.04541, -7.11462, 45.06146], "uv": [254, 26]},
						{"origin": [-2.4, 53.16777, -15.20051], "size": [1, 1, 0], "pivot": [-1.5, 53.8, -15.8], "rotation": [7.04541, 7.11462, -45.06146], "uv": [254, 21]},
						{"origin": [-1.6, 52.26777, -15.20051], "size": [1, 1, 0], "pivot": [-1.5, 53.8, -15.8], "rotation": [7.04541, 7.11462, -45.06146], "uv": [254, 24]},
						{"origin": [0.6, 52.26777, -15.20051], "size": [1, 1, 0], "pivot": [1.5, 53.8, -15.8], "rotation": [7.04541, -7.11462, 45.06146], "uv": [254, 24]},
						{"origin": [-2.38775, 51.39736, -16.50813], "size": [5, 2, 1], "pivot": [-2.3, 52.4, -15.4], "rotation": [158.77415, -61.33868, -161.1807], "uv": [77, 36]},
						{"origin": [-2.61225, 51.39736, -16.50813], "size": [5, 2, 1], "pivot": [2.3, 52.4, -15.4], "rotation": [158.77415, 61.33868, 161.1807], "uv": [83, 4]},
						{"origin": [2.37466, 53.4014, -14.00334], "size": [1, 1, 0], "pivot": [2.3, 54.4, -14.4], "rotation": [121.02842, 29.84645, 111.72242], "uv": [253, 24]},
						{"origin": [-3.37466, 53.4014, -14.00334], "size": [1, 1, 0], "pivot": [-2.3, 54.4, -14.4], "rotation": [121.02842, -29.84645, -111.72242], "uv": [251, 23]},
						{"origin": [-2.37466, 52.3014, -14.00334], "size": [1, 1, 0], "pivot": [-2.3, 54.4, -14.4], "rotation": [121.02842, -29.84645, -111.72242], "uv": [252, 21]},
						{"origin": [1.37466, 52.3014, -14.00334], "size": [1, 1, 0], "pivot": [2.3, 54.4, -14.4], "rotation": [121.02842, 29.84645, 111.72242], "uv": [254, 26]},
						{"origin": [0.37466, 51.3014, -14.00334], "size": [1, 1, 0], "pivot": [2.3, 54.4, -14.4], "rotation": [121.02842, 29.84645, 111.72242], "uv": [7, 0]},
						{"origin": [-1.37466, 51.3014, -14.00334], "size": [1, 1, 0], "pivot": [-2.3, 54.4, -14.4], "rotation": [121.02842, -29.84645, -111.72242], "uv": [254, 24]},
						{"origin": [0.58775, 51.39736, -22.50813], "size": [1, 1, 1], "pivot": [2.3, 52.4, -15.4], "rotation": [158.77415, 61.33868, 161.1807], "uv": [0, 34]},
						{"origin": [-2.61225, 51.39736, -21.50813], "size": [5, 1, 5], "pivot": [2.3, 52.4, -15.4], "rotation": [158.77415, 61.33868, 161.1807], "uv": [72, 0]},
						{"origin": [-4.4, 53.1, -3.1], "size": [1, 5, 4], "pivot": [-0.2, 7.8, -1.8], "rotation": [10, 0, 0], "uv": [157, 5]},
						{"origin": [3.4, 53.1, -3.1], "size": [1, 5, 4], "pivot": [0.2, 7.8, -1.8], "rotation": [10, 0, 0], "uv": [78, 34]},
						{"origin": [-3.6, 53.1, -3.1], "size": [7, 1, 4], "pivot": [0.2, 7.8, -1.8], "rotation": [10, 0, 0], "uv": [44, 36]}
					]
				},
				{
					"name": "Lengua",
					"parent": "Cabeza",
					"pivot": [0, 53.3, -9.3],
					"cubes": [
						{"origin": [-1, 52.8, -12.3], "size": [2, 1, 4], "uv": [21, 68]},
						{"origin": [-2.5, 52.7, -13.6], "size": [2, 1, 3], "pivot": [0, 51.8, -7.3], "rotation": [0, -26.5, 0], "uv": [87, 37]},
						{"origin": [0.5, 52.7, -13.6], "size": [2, 1, 3], "pivot": [0, 51.8, -7.3], "rotation": [0, 26.5, 0], "uv": [62, 36]}
					]
				},
				{
					"name": "Cadera",
					"parent": "All",
					"pivot": [0, 36.6, 10.7],
					"cubes": [
						{"origin": [-6, 28.85252, 12.3931], "size": [12, 8, 7], "pivot": [0, 29.2, 12.8], "rotation": [22.5, 0, 0], "uv": [73, 51]}
					]
				},
				{
					"name": "PiernaIzq",
					"parent": "Cadera",
					"pivot": [5.5, 33.8, 13.7],
					"cubes": [
						{"origin": [3, 13, 11.4], "size": [5, 21, 5], "pivot": [6, 34, 14.4], "rotation": [47.5, 0, 0], "uv": [149, 20]}
					]
				},
				{
					"name": "PiernaIzq2",
					"parent": "PiernaIzq",
					"pivot": [5.5, 17.5, 26.5],
					"cubes": [
						{"origin": [2.5, 33.30485, -6.18554], "size": [6, 5, 8], "pivot": [6, 16, 6.4], "rotation": [-110, 0, 0], "uv": [158, 29]},
						{"origin": [3, 18.30485, 24.81446], "size": [5, 4, 10], "pivot": [6, 16, 6.4], "rotation": [-25, 0, 0], "uv": [79, 51]}
					]
				},
				{
					"name": "bone",
					"parent": "PiernaIzq2",
					"pivot": [5.5, 7.1, 23.7],
					"cubes": [
						{"origin": [3.5, 0.80485, 31.81446], "size": [3, 9, 3], "pivot": [6, 16, 6.4], "rotation": [-2.5, 0, 0], "uv": [153, 0]}
					]
				},
				{
					"name": "PiernaDer",
					"parent": "Cadera",
					"pivot": [-5.5, 33.8, 13.7],
					"cubes": [
						{"origin": [-8, 13, 11.4], "size": [5, 21, 5], "pivot": [-6, 34, 14.4], "rotation": [47.5, 0, 0], "uv": [152, 19]}
					]
				},
				{
					"name": "PiernaDer2",
					"parent": "PiernaDer",
					"pivot": [-5.5, 18.5, 26.5],
					"cubes": [
						{"origin": [-8.5, -6.69515, 9.81446], "size": [6, 5, 8], "pivot": [-6, 16, 6.4], "rotation": [72.5, 0, 0], "uv": [72, 52]},
						{"origin": [-8, 20.30485, 24.81446], "size": [5, 4, 12], "pivot": [-6, 16, 6.4], "rotation": [-27.5, 0, 0], "uv": [67, 52]}
					]
				},
				{
					"name": "bone2",
					"parent": "PiernaDer2",
					"pivot": [-5.5, 7.1, 23.7],
					"cubes": [
						{"origin": [-6.5, 0.80485, 33.81446], "size": [3, 10, 3], "pivot": [-6, 16, 6.4], "rotation": [-2.5, 0, 0], "uv": [155, 0]}
					]
				}
			]
		}
	]
}