{
	"format_version": "1.12.0",
	"minecraft:geometry": [
		{
			"description": {
				"identifier": "geometry.flesh3",
				"texture_width": 64,
				"texture_height": 64,
				"visible_bounds_width": 4,
				"visible_bounds_height": 3,
				"visible_bounds_offset": [0, 0.5, 0]
			},
			"bones": [
				{
					"name": "tentacle1",
					"pivot": [0, 4, -5],
					"rotation": [-22.5, 0, 0],
					"cubes": [
						{"origin": [-8, 4, -8], "size": [20, 20, 15], "uv": [0, 19]}
					]
				},
				{
					"name": "bone2",
					"parent": "tentacle1",
					"pivot": [0, 9.08658, -5.6194],
					"rotation": [-17.5, 0, 0],
					"cubes": [
						{"origin": [-6, 12.30052, -4.78918], "size": [16, 16, 11], "uv": [38, 27]}
					]
				},
				{
					"name": "bone3",
					"parent": "bone2",
					"pivot": [0, 12.08658, -3.6194],
					"rotation": [-22.5, 0, 0],
					"cubes": [
						{"origin": [-5, 16.70598, -4.70598], "size": [14, 15, 9], "pivot": [0, 12.08658, -3.6194], "rotation": [-5, 0, 0], "uv": [0, 19]}
					]
				},
				{
					"name": "bone",
					"parent": "tentacle1",
					"pivot": [0, 0, 0],
					"cubes": [
						{"origin": [-10, 0, -10], "size": [24, 17, 22], "pivot": [0, 0, 0], "rotation": [22.5, 0, 0], "uv": [0, 0]}
					]
				},
				{
					"name": "tentacle2",
					"pivot": [6, 0, -6],
					"cubes": [
						{"origin": [2, 0, -9], "size": [15, 16, 15], "uv": [0, 34]}
					]
				},
				{
					"name": "tentacle4",
					"parent": "tentacle2",
					"pivot": [8.75, 0.5, -4.5],
					"rotation": [0, 40, 0],
					"cubes": [
						{"origin": [1.78606, 0, -7.16978], "size": [15, 15, 13], "uv": [38, 19]}
					]
				},
				{
					"name": "tentacle3",
					"parent": "tentacle4",
					"pivot": [12, 1, -2],
					"rotation": [0, -40, 0],
					"cubes": [
						{"origin": [5.92885, 0, -0.06418], "size": [14, 14, 12], "uv": [0, 6]}
					]
				},
				{
					"name": "tentacle5",
					"pivot": [-6, 0, -6],
					"cubes": [
						{"origin": [-13, 0, -9], "size": [15, 16, 15], "uv": [24, 26]}
					]
				},
				{
					"name": "tentacle6",
					"parent": "tentacle5",
					"pivot": [-8.75, 0.5, -4.5],
					"rotation": [0, -40, 0],
					"cubes": [
						{"origin": [-12.78606, 0, -7.16978], "size": [15, 15, 13], "uv": [22, 37]}
					]
				},
				{
					"name": "tentacle7",
					"parent": "tentacle6",
					"pivot": [-12, 1, -2],
					"rotation": [0, 40, 0],
					"cubes": [
						{"origin": [-15.92885, 0, -0.06418], "size": [14, 14, 12], "uv": [0, 0]}
					]
				}
			]
		}
	]
}