{
	"format_version": "1.10.0",
	"geometry.infected_player": {
		"texturewidth": 72,
		"textureheight": 72,
		"visible_bounds_width": 4,
		"visible_bounds_height": 4,
		"visible_bounds_offset": [0, 2, 0],
		"bones": [
			{
				"name": "bb_main",
				"pivot": [0, 0, 0],
				"cubes": [
					{"origin": [0, 21, -2], "size": [3, 1, 0], "uv": [19, 4]},
					{"origin": [0, 19, -2], "size": [2, 1, 0], "uv": [19, 4]},
					{"origin": [1, 24, -2], "size": [2, 1, 0], "uv": [19, 4]},
					{"origin": [-1, 17, -2], "size": [3, 1, 0], "uv": [19, 4]}
				]
			},
			{
				"name": "body",
				"pivot": [-2, 12, -1],
				"rotation": [-1.4, -0.4, -16.3],
				"cubes": [
					{"origin": [-1, 15, -3], "size": [3, 1, 0], "uv": [19, 4]},
					{"origin": [-4.00554, 11.87659, -3.00491], "size": [4.2, 14.1, 5.9], "uv": [18, 8]},
					{"origin": [-1, 17, -3], "size": [3, 1, 0], "uv": [19, 4]},
					{"origin": [-3, 12, -1], "size": [1, 1, 1], "uv": [0, 0]},
					{"origin": [-1, 23, -3], "size": [3, 1, 0], "uv": [19, 4]},
					{"origin": [-1, 21, -3], "size": [3, 1, 0], "uv": [19, 4]},
					{"origin": [-1, 19, -3], "size": [3, 1, 0], "uv": [19, 4]}
				]
			},
			{
				"name": "bone3",
				"parent": "body",
				"pivot": [-2, 18, 3],
				"rotation": [-42.5, 0, 0],
				"cubes": [
					{"origin": [-3, 18, 3], "size": [1, 9, 1], "uv": [0, 0]}
				]
			},
			{
				"name": "bone4",
				"parent": "bone3",
				"pivot": [-2, 27, 3],
				"rotation": [70, 0, 0],
				"cubes": [
					{"origin": [-3, 27, 3], "size": [1, 7, 1], "uv": [0, 0]}
				]
			},
			{
				"name": "head",
				"pivot": [0, 32.1, 3.5],
				"cubes": [
					{"origin": [-4, 31.1, -0.5], "size": [9, 8, 8], "uv": [11, 50]}
				]
			},
			{
				"name": "leftArm",
				"pivot": [5, 22, 0],
				"rotation": [0, -18.2, -28.8],
				"mirror": true,
				"cubes": [
					{"origin": [6.6, 10.5, -2], "size": [4, 12, 4], "uv": [45, 24]}
				]
			},
			{
				"name": "rightLeg",
				"pivot": [-1.9, 12, 0],
				"cubes": [
					{"origin": [-3.9, 0, -2], "size": [4, 12, 4], "uv": [53, 5]}
				]
			},
			{
				"name": "rightArm",
				"parent": "rightLeg",
				"pivot": [-5, 22, 0],
				"rotation": [0.3, 21.4, 23.5],
				"cubes": [
					{"origin": [-10.1, 10.2, -2], "size": [4, 12, 4], "uv": [1, 38]}
				]
			},
			{
				"name": "rightItem",
				"parent": "rightArm",
				"pivot": [-6, 15, 1]
			},
			{
				"name": "leftLeg",
				"pivot": [1.9, 12, 0],
				"mirror": true,
				"cubes": [
					{"origin": [-0.1, 0, -2], "size": [4, 12, 4], "uv": [53, 4]}
				]
			},
			{
				"name": "head1",
				"pivot": [0, 20, 4],
				"rotation": [10.8, -1.9, 0],
				"cubes": [
					{"origin": [-0.3, 19.78229, 4.08738], "size": [0.4, 11.6, 0.9], "uv": [56, 45], "inflate": 0.4},
					{"origin": [1, 23, -1], "size": [2, 1, 0], "uv": [19, 4]}
				]
			},
			{
				"name": "bone5",
				"parent": "head1",
				"pivot": [0, 26, 4]
			},
			{
				"name": "body1",
				"pivot": [1.43576, 11.95057, -0.83963],
				"rotation": [-1.4, -0.4, 14.1],
				"cubes": [
					{"origin": [-0.1862, 12.20507, -2.94704], "size": [4.2, 14.1, 5.9], "uv": [24, 14]}
				]
			},
			{
				"name": "bone",
				"parent": "body1",
				"pivot": [2, 18, 3],
				"rotation": [-35, 0, 0],
				"cubes": [
					{"origin": [1, 18, 3], "size": [1, 9, 1], "uv": [0, 0]}
				]
			},
			{
				"name": "bone2",
				"parent": "bone",
				"pivot": [2, 27, 3],
				"rotation": [62.5, 0, 5],
				"cubes": [
					{"origin": [1, 27, 3], "size": [1, 6, 1], "uv": [0, 0]}
				]
			},
			{
				"name": "head11",
				"pivot": [0, 15, 0],
				"rotation": [-35, 0, 0],
				"cubes": [
					{"origin": [-0.3, 13.6, 0.7], "size": [0.4, 8.2, 0.9], "uv": [49, 56], "inflate": 0.4}
				]
			}
		]
	}
}