{
	"format_version": "1.10.0",
	"geometry.infected_bear": {
		"texturewidth": 128,
		"textureheight": 128,
		"visible_bounds_width": 4,
		"visible_bounds_height": 2.5,
		"visible_bounds_offset": [0, 0.75, 0],
		"bones": [
			{
				"name": "body",
				"pivot": [-2, 15, 12]
			},
			{
				"name": "bone2",
				"parent": "body",
				"pivot": [0, 16, 0],
				"cubes": [
					{"origin": [-7, 10, 0], "size": [14, 10, 14], "uv": [0, 0]}
				]
			},
			{
				"name": "bone",
				"parent": "body",
				"pivot": [0, 10, -12],
				"cubes": [
					{"origin": [-6, 10, -12], "size": [12, 9, 12], "uv": [0, 44]},
					{"origin": [5, 8, -8], "size": [0, 3, 1], "uv": [2, 30]},
					{"origin": [6, 8, -11], "size": [0, 3, 1], "uv": [0, 30]},
					{"origin": [-5, 7, -11], "size": [0, 3, 1], "uv": [14, 23]},
					{"origin": [-5, 8, -7], "size": [0, 2, 1], "uv": [10, 5]}
				]
			},
			{
				"name": "bone7",
				"parent": "bone",
				"pivot": [0, 10, -3],
				"rotation": [30, 0, 0],
				"cubes": [
					{"origin": [-6, 6.36603, -15.83013], "size": [12, 4, 16], "uv": [0, 24]},
					{"origin": [5, 9.90192, -8.83013], "size": [0, 3, 1], "uv": [4, 30]},
					{"origin": [-5, 10.30385, -15.52628], "size": [0, 4, 1], "uv": [12, 8]},
					{"origin": [-5, 10.16987, -13.29423], "size": [0, 4, 1], "uv": [12, 4]},
					{"origin": [-5, 10.0359, -11.06218], "size": [0, 4, 1], "uv": [12, 0]},
					{"origin": [-5, 9.90192, -8.83013], "size": [0, 4, 1], "uv": [10, 1]}
				]
			},
			{
				"name": "bone20",
				"parent": "bone7",
				"pivot": [5, 9.13397, -15.58846],
				"rotation": [0, 0, 15],
				"cubes": [
					{"origin": [4.77586, 9.83652, -15.08846], "size": [0, 4, 1], "uv": [12, 23]}
				]
			},
			{
				"name": "bone19",
				"parent": "bone7",
				"pivot": [5, 10.5, -12.83013],
				"rotation": [0, 0, 20],
				"cubes": [
					{"origin": [5, 10.36603, -12.83013], "size": [0, 3, 1], "uv": [6, 30]}
				]
			},
			{
				"name": "bone18",
				"parent": "bone7",
				"pivot": [5, 10.36603, -10.83013],
				"rotation": [0, 0, 17.5],
				"cubes": [
					{"origin": [5, 10.36603, -10.83013], "size": [0, 3, 1], "uv": [8, 30]}
				]
			},
			{
				"name": "bone11",
				"parent": "bone7",
				"pivot": [8, 8.36603, -5.83013],
				"rotation": [-15.4452, 16.74774, -5.28447],
				"cubes": [
					{"origin": [8, 5.36603, -9.83013], "size": [9, 3, 5], "uv": [63, 18]}
				]
			},
			{
				"name": "bone15",
				"parent": "bone11",
				"pivot": [17, 8.36603, -5.83013],
				"rotation": [0, 0, 17.5],
				"cubes": [
					{"origin": [17, 5.36603, -8.83013], "size": [6, 3, 3], "uv": [63, 64]}
				]
			},
			{
				"name": "bone17",
				"parent": "bone15",
				"pivot": [23, 8.36603, -8.83013],
				"rotation": [0, 0, 42.5],
				"cubes": [
					{"origin": [23, 7.36603, -8.83013], "size": [4, 1, 1], "uv": [0, 6]}
				]
			},
			{
				"name": "bone16",
				"parent": "bone15",
				"pivot": [23, 8.36603, -5.83013],
				"rotation": [0, 0, 32.5],
				"cubes": [
					{"origin": [23, 7.36603, -5.83013], "size": [4, 1, 1], "uv": [0, 4]}
				]
			},
			{
				"name": "bone10",
				"parent": "bone7",
				"pivot": [-6, 7.36603, -9.83013],
				"rotation": [-13.46783, -32.61461, 23.9568],
				"cubes": [
					{"origin": [-15, 5.36603, -9.83013], "size": [9, 3, 5], "uv": [48, 56]}
				]
			},
			{
				"name": "bone12",
				"parent": "bone10",
				"pivot": [-15, 7.36603, -9.83013],
				"rotation": [0, 0, -42.5],
				"cubes": [
					{"origin": [-21, 5.36603, -8.83013], "size": [6, 3, 3], "uv": [45, 64]}
				]
			},
			{
				"name": "bone14",
				"parent": "bone12",
				"pivot": [-21, 7.36603, -5.83013],
				"rotation": [0, 0, -42.5],
				"cubes": [
					{"origin": [-26, 7.36603, -5.83013], "size": [5, 1, 1], "uv": [0, 0]}
				]
			},
			{
				"name": "bone13",
				"parent": "bone12",
				"pivot": [-21, 5.36603, -8.83013],
				"rotation": [0, 0, -37.5],
				"cubes": [
					{"origin": [-25, 5.36603, -8.83013], "size": [4, 1, 1], "uv": [0, 2]}
				]
			},
			{
				"name": "bone8",
				"parent": "bone7",
				"pivot": [0, 6.36603, -14.83013],
				"cubes": [
					{"origin": [-4, 6.36603, -19.83013], "size": [8, 3, 4], "uv": [64, 38]},
					{"origin": [4, 8.73205, -16.9282], "size": [0, 4, 1], "uv": [10, 23]},
					{"origin": [4, 8.86603, -19.16025], "size": [0, 4, 1], "uv": [8, 23]},
					{"origin": [-4, 8.73205, -16.9282], "size": [0, 4, 1], "uv": [2, 23]},
					{"origin": [-4, 8.86603, -19.16025], "size": [0, 4, 1], "uv": [0, 23]}
				]
			},
			{
				"name": "bone9",
				"parent": "bone8",
				"pivot": [0, 6.36603, -18.83013],
				"rotation": [5, 0, 0],
				"cubes": [
					{"origin": [-3, 6.36603, -21.83013], "size": [6, 2, 3], "uv": [63, 26]},
					{"origin": [3, 7.47948, -21.53316], "size": [0, 4, 1], "uv": [6, 23]},
					{"origin": [-3, 7.2676, -21.86116], "size": [0, 4, 1], "uv": [4, 23]}
				]
			},
			{
				"name": "bone3",
				"parent": "bone",
				"pivot": [0, 14, -12],
				"cubes": [
					{"origin": [-4, 10, -19], "size": [8, 7, 7], "uv": [40, 24]},
					{"origin": [3, 7, -13], "size": [0, 3, 1], "uv": [14, 29]},
					{"origin": [3, 7, -15], "size": [0, 3, 1], "uv": [12, 27]},
					{"origin": [3, 7, -17], "size": [0, 3, 1], "uv": [10, 27]},
					{"origin": [3, 7, -19], "size": [0, 3, 1], "uv": [8, 27]},
					{"origin": [-3, 7, -17], "size": [0, 3, 1], "uv": [2, 27]},
					{"origin": [-3, 7, -15], "size": [0, 3, 1], "uv": [0, 27]},
					{"origin": [-3, 7, -13], "size": [0, 3, 1], "uv": [14, 26]}
				]
			},
			{
				"name": "bone6",
				"parent": "bone3",
				"pivot": [4, 17, -16],
				"cubes": [
					{"origin": [3, 15, -16], "size": [2, 3, 1], "uv": [6, 8]}
				]
			},
			{
				"name": "bone5",
				"parent": "bone3",
				"pivot": [-4, 17, -16],
				"cubes": [
					{"origin": [-5, 15, -16], "size": [2, 3, 1], "uv": [0, 8]}
				]
			},
			{
				"name": "bone4",
				"parent": "bone3",
				"pivot": [0, 12, -19],
				"cubes": [
					{"origin": [-3, 10, -22], "size": [6, 3, 3], "uv": [42, 0]},
					{"origin": [3, 7, -21], "size": [0, 3, 1], "uv": [6, 27]},
					{"origin": [-3, 7, -20], "size": [0, 3, 1], "uv": [4, 27]}
				]
			},
			{
				"name": "head",
				"parent": "body",
				"pivot": [0, 14, -16],
				"mirror": true,
				"locators": {
					"lead": [0, 14, -16]
				}
			},
			{
				"name": "leg0",
				"parent": "body",
				"pivot": [-4.5, 10, 6],
				"cubes": [
					{"origin": [-6.5, 0, 4], "size": [4, 10, 8], "uv": [56, 0]}
				]
			},
			{
				"name": "leg1",
				"parent": "body",
				"pivot": [4.5, 10, 6],
				"cubes": [
					{"origin": [2.5, 0, 4], "size": [4, 10, 8], "uv": [48, 38]}
				]
			}
		]
	}
}