{
	"format_version": "1.12.0",
	"minecraft:geometry": [
		{
			"description": {
				"identifier": "geometry.infected_chicken",
				"texture_width": 64,
				"texture_height": 64,
				"visible_bounds_width": 3,
				"visible_bounds_height": 2.25,
				"visible_bounds_offset": [0, 0.875, 0]
			},
			"bones": [
				{
					"name": "wing1",
					"pivot": [3, 11, 0]
				},
				{
					"name": "bone6",
					"pivot": [0, 7, 0],
					"cubes": [
						{"origin": [-3, 5, -4], "size": [6, 6, 8], "uv": [0, 0]}
					]
				},
				{
					"name": "bone16",
					"parent": "bone6",
					"pivot": [-3, 8, 2],
					"cubes": [
						{"origin": [-13, 7, 2], "size": [11, 1, 1], "uv": [0, 16]}
					]
				},
				{
					"name": "bone17",
					"parent": "bone16",
					"pivot": [-13, 8, 2],
					"cubes": [
						{"origin": [-14, 8, 2], "size": [1, 12, 1], "pivot": [-13, 8, 2], "rotation": [0, 0, -172.5], "uv": [0, 32]}
					]
				},
				{
					"name": "bone14",
					"parent": "bone6",
					"pivot": [3, 7, 2],
					"cubes": [
						{"origin": [2, 7, 2], "size": [11, 1, 1], "uv": [0, 18]}
					]
				},
				{
					"name": "bone15",
					"parent": "bone14",
					"pivot": [13, 7, 2],
					"cubes": [
						{"origin": [12, 7, 2], "size": [12, 1, 1], "pivot": [13, 7, 2], "rotation": [0, 0, 77.5], "uv": [0, 14]}
					]
				},
				{
					"name": "bone12",
					"parent": "bone6",
					"pivot": [-3, 9, 0],
					"cubes": [
						{"origin": [-13, 8, 0], "size": [10, 1, 1], "uv": [0, 20]}
					]
				},
				{
					"name": "bone13",
					"parent": "bone12",
					"pivot": [-13, 9, 0],
					"cubes": [
						{"origin": [-14, 9, 0], "size": [1, 12, 1], "pivot": [-13, 9, 0], "rotation": [0, 0, -170], "uv": [4, 32]}
					]
				},
				{
					"name": "bone10",
					"parent": "bone6",
					"pivot": [3, 8, 0],
					"cubes": [
						{"origin": [3, 8, 0], "size": [10, 1, 1], "uv": [20, 0]}
					]
				},
				{
					"name": "bone11",
					"parent": "bone10",
					"pivot": [13, 9, 0],
					"cubes": [
						{"origin": [12, 9, 0], "size": [1, 12, 1], "pivot": [13, 9, 0], "rotation": [0, 0, 165], "uv": [8, 32]}
					]
				},
				{
					"name": "head",
					"parent": "bone6",
					"pivot": [0, 9, -4],
					"locators": {
						"lead": [0, 9, -4]
					}
				},
				{
					"name": "bone5",
					"parent": "bone6",
					"pivot": [0, 11, -3],
					"cubes": [
						{"origin": [-2, 9, -6], "size": [4, 6, 3], "uv": [26, 11]}
					]
				},
				{
					"name": "bone9",
					"parent": "bone5",
					"pivot": [0, 11, -6],
					"cubes": [
						{"origin": [-2, 9, -8], "size": [4, 2, 2], "pivot": [0, 11, -6], "rotation": [40, 0, 0], "uv": [20, 2]}
					]
				},
				{
					"name": "bone8",
					"parent": "bone5",
					"pivot": [0, 13, -6],
					"cubes": [
						{"origin": [-2, 11, -8], "size": [4, 2, 2], "uv": [28, 6]}
					]
				},
				{
					"name": "bone4",
					"parent": "bone6",
					"pivot": [2, 5, 1],
					"cubes": [
						{"origin": [0, 0, -2], "size": [3, 5, 3], "uv": [14, 26]}
					]
				},
				{
					"name": "bone3",
					"parent": "bone6",
					"pivot": [-1, 5, 1],
					"cubes": [
						{"origin": [-3, 0, -2], "size": [3, 5, 3], "uv": [26, 26]}
					]
				},
				{
					"name": "bone2",
					"parent": "bone6",
					"pivot": [-3, 11, 0],
					"cubes": [
						{"origin": [-4, 7, -3], "size": [1, 4, 6], "pivot": [-3, 11, 0], "rotation": [0, 0, 102.5], "uv": [18, 16]}
					]
				},
				{
					"name": "bone7",
					"parent": "bone6",
					"pivot": [3, 11, 0],
					"cubes": [
						{"origin": [3, 7, -3], "size": [1, 4, 6], "pivot": [3, 11, 0], "rotation": [0, 0, -97.5], "uv": [0, 22]}
					]
				}
			]
		}
	]
}