{
	"format_version": "1.12.0",
	"minecraft:geometry": [
		{
			"description": {
				"identifier": "geometry.infected_evoker",
				"texture_width": 128,
				"texture_height": 128,
				"visible_bounds_width": 4,
				"visible_bounds_height": 3.5,
				"visible_bounds_offset": [0, 1.25, 0]
			},
			"bones": [
				{
					"name": "PiernaIzq",
					"pivot": [2, 11, 0],
					"cubes": [
						{"origin": [0.5, 0, -2], "size": [4, 7, 4], "uv": [40, 33]},
						{"origin": [1, 7, -1.5], "size": [3, 4, 3], "uv": [33, 53]}
					]
				},
				{
					"name": "Cuerpo",
					"pivot": [0, 16, 0],
					"cubes": [
						{"origin": [-3.5, 11, -1.65], "size": [7, 3, 4], "uv": [24, 0]},
						{"origin": [-3, 13.8, -1.15], "size": [6, 4, 4], "pivot": [0, 18, 1], "rotation": [7.5, 0, 0], "uv": [32, 7]},
						{"origin": [-4, 17.8, -2.15], "size": [8, 6, 6], "pivot": [0, 18, 1], "rotation": [7.5, 0, 0], "uv": [0, 16]},
						{"origin": [-2, 22.8, 1.5], "size": [4, 2, 3], "pivot": [0, 0, 0], "rotation": [7.5, 0, 0], "uv": [52, 10]}
					]
				},
				{
					"name": "bone5",
					"parent": "Cuerpo",
					"pivot": [-4, 22, -1],
					"cubes": [
						{"origin": [-2.2, 14.81814, -1.2], "size": [2, 2, 1], "pivot": [-1, 16, -2], "rotation": [7.5, 0, 25], "uv": [0, 16]}
					]
				},
				{
					"name": "Ropa",
					"parent": "Cuerpo",
					"pivot": [0, 0, 0],
					"cubes": [
						{"origin": [-4, 14.5, -0.3], "size": [8, 9, 0], "pivot": [0, 0, 0], "rotation": [7.5, 0, 0], "uv": [48, 0]},
						{"origin": [-4, 23.5, -0.3], "size": [8, 0, 1], "pivot": [0, 0, 0], "rotation": [7.5, 0, 0], "uv": [47, 9]},
						{"origin": [-4, 23.5, 5.7], "size": [8, 0, 1], "pivot": [0, 0, 0], "rotation": [7.5, 0, 0], "uv": [27, 22]},
						{"origin": [-4, 8.25, -2.3], "size": [8, 7, 0], "uv": [20, 48]},
						{"origin": [-4, 8.25, 3.7], "size": [8, 7, 0], "uv": [46, 15]},
						{"origin": [4, 11.25, -2.3], "size": [0, 7, 7], "uv": [0, 30]},
						{"origin": [-4, 11.25, -2.3], "size": [0, 7, 6], "uv": [28, 23]}
					]
				},
				{
					"name": "PiernaDer",
					"pivot": [-2, 11, 0],
					"cubes": [
						{"origin": [-4.5, 0, -2], "size": [4, 7, 4], "uv": [24, 37]},
						{"origin": [-4, 7, -1.5], "size": [3, 4, 3], "uv": [52, 28]}
					]
				},
				{
					"name": "Mandibula",
					"pivot": [0, 25, 0],
					"cubes": [
						{"origin": [-3.5, 24.3, -4.76315], "size": [7, 2, 5], "pivot": [0, 25, 0], "rotation": [12.5, 0, 0], "uv": [23, 23]}
					]
				},
				{
					"name": "Dientes",
					"parent": "Mandibula",
					"pivot": [0, 25, 0],
					"cubes": [
						{"origin": [-3.2, 25.9, -4.6], "size": [1, 1, 0], "pivot": [0, 25, 0], "rotation": [12.5, 0, 0], "uv": [14, 28]},
						{"origin": [-3.4, 25.9, -4.3], "size": [0, 1, 1], "pivot": [0, 25, 0], "rotation": [12.5, 0, 0], "uv": [5, 5]},
						{"origin": [3.4, 25.9, -4.3], "size": [0, 1, 1], "pivot": [0, 25, 0], "rotation": [12.5, 0, 0], "uv": [0, 0]},
						{"origin": [-0.5, 25.9, -4.6], "size": [1, 1, 0], "pivot": [0, 25, 0], "rotation": [12.5, 0, 0], "uv": [6, 7]},
						{"origin": [-1.9, 25.9, -4.6], "size": [1, 1, 0], "pivot": [0, 25, 0], "rotation": [12.5, 0, 0], "uv": [6, 1]},
						{"origin": [0.9, 25.9, -4.6], "size": [1, 1, 0], "pivot": [0, 25, 0], "rotation": [12.5, 0, 0], "uv": [6, 0]},
						{"origin": [2.2, 25.9, -4.6], "size": [1, 1, 0], "pivot": [0, 25, 0], "rotation": [12.5, 0, 0], "uv": [0, 0]}
					]
				},
				{
					"name": "Cabeza",
					"pivot": [0, 24, 0],
					"cubes": [
						{"origin": [-4, 24.2, -0.7], "size": [8, 2, 4], "pivot": [0, 25, 1], "rotation": [2.5, 0, 0], "uv": [22, 16]},
						{"origin": [-4, 26.2, -4.7], "size": [8, 8, 8], "pivot": [0, 25, 1], "rotation": [2.5, 0, 0], "uv": [0, 0]},
						{"origin": [-1, 23.2, -6.7], "size": [2, 4, 2], "pivot": [0, 25, 1], "rotation": [2.5, 0, 0], "uv": [0, 0]}
					]
				},
				{
					"name": "BrazoDer",
					"pivot": [-3, 22, 1],
					"rotation": [7.5, -2.5, 7.5],
					"cubes": [
						{"origin": [-4.6501, 20.70273, -1.25922], "size": [2, 3, 4], "pivot": [-2.8601, 21.88273, -0.10922], "rotation": [-0.4, -5, -27.5], "uv": [12, 51]},
						{"origin": [-8.00277, 19.71599, -0.50853], "size": [6, 0, 2], "pivot": [-3.90277, 20.01599, -0.187], "rotation": [7.5, -12.5, -57.5], "uv": [52, 53]},
						{"origin": [-8.00277, 19.71599, 1.49147], "size": [6, 2, 0], "pivot": [-3.90277, 20.01599, -0.187], "rotation": [7.5, -12.5, -57.5], "uv": [56, 41]},
						{"origin": [-8.00277, 21.71599, -0.50853], "size": [6, 0, 2], "pivot": [-3.90277, 20.01599, -0.187], "rotation": [7.5, -12.5, -57.5], "uv": [40, 53]},
						{"origin": [-8.00277, 19.71599, -0.50853], "size": [6, 2, 0], "pivot": [-3.90277, 20.01599, -0.187], "rotation": [7.5, -12.5, -57.5], "uv": [56, 39]},
						{"origin": [-6.31097, 19.48273, -0.55998], "size": [2, 1, 1], "pivot": [-5.90277, 20.01599, -0.187], "rotation": [7.5, -12.5, -62.5], "uv": [0, 6]},
						{"origin": [-12.10277, 15.71599, -1.887], "size": [7, 3, 3], "pivot": [-5.90277, 17.01599, -1.187], "rotation": [20, -22.5, -65], "uv": [0, 44]},
						{"origin": [-9.3601, 17.88273, -1.60922], "size": [1, 1, 1], "pivot": [-5.90277, 17.01599, -1.187], "rotation": [20, -22.5, -65], "uv": [24, 2]},
						{"origin": [-11.1601, 17.88273, -0.10922], "size": [1, 1, 1], "pivot": [-5.90277, 17.01599, -1.187], "rotation": [20, -22.5, -65], "uv": [24, 0]}
					]
				},
				{
					"name": "bone3",
					"parent": "BrazoDer",
					"pivot": [-5.90277, 17.01599, -1.187],
					"cubes": [
						{"origin": [-11.0601, 14.73595, -2.99782], "size": [3, 1, 0], "pivot": [-8.8601, 15.88273, -2.10922], "rotation": [-15, -25, -2.5], "uv": [24, 7]},
						{"origin": [-10.3601, 10.68273, -2.99782], "size": [1, 5, 0], "pivot": [-9.8601, 16.88273, -3.10922], "rotation": [-22.5, -17.5, 17.5], "uv": [42, 15]}
					]
				},
				{
					"name": "bone4",
					"parent": "BrazoDer",
					"pivot": [-9.90277, 13.01599, -0.187],
					"rotation": [-2.5, 0, 10],
					"cubes": [
						{"origin": [-13.0601, 12.73595, -2.35922], "size": [3, 1, 0], "pivot": [-10.8601, 13.88273, -1.10922], "rotation": [-15, -25, -2.5], "uv": [0, 21]},
						{"origin": [-12.3601, 8.68273, -2.60922], "size": [1, 5, 0], "pivot": [-11.8601, 14.88273, -2.10922], "rotation": [-22.5, -17.5, 17.5], "uv": [21, 41]}
					]
				},
				{
					"name": "BrazoIzq",
					"pivot": [3, 22, 1],
					"rotation": [7.5, 2.5, -7.5],
					"cubes": [
						{"origin": [2.6501, 20.70273, -1.25922], "size": [2, 3, 4], "pivot": [2.8601, 21.88273, -0.10922], "rotation": [-0.4, 5, 27.5], "uv": [0, 50]},
						{"origin": [2.00277, 19.71599, 1.49147], "size": [6, 2, 0], "pivot": [3.90277, 20.01599, -0.187], "rotation": [7.5, 12.5, 57.5], "uv": [56, 37]},
						{"origin": [2.00277, 19.71599, -0.50853], "size": [6, 2, 0], "pivot": [3.90277, 20.01599, -0.187], "rotation": [7.5, 12.5, 57.5], "uv": [45, 55]},
						{"origin": [2.00277, 21.71599, -0.50853], "size": [6, 0, 2], "pivot": [3.90277, 20.01599, -0.187], "rotation": [7.5, 12.5, 57.5], "uv": [50, 35]},
						{"origin": [2.00277, 19.71599, -0.50853], "size": [6, 0, 2], "pivot": [3.90277, 20.01599, -0.187], "rotation": [7.5, 12.5, 57.5], "uv": [12, 39]},
						{"origin": [5.10277, 15.71599, -1.887], "size": [7, 3, 3], "pivot": [5.90277, 17.01599, -1.187], "rotation": [20, 22.5, 65], "uv": [42, 22]},
						{"origin": [8.3601, 17.88273, -1.60922], "size": [1, 1, 1], "pivot": [5.90277, 17.01599, -1.187], "rotation": [20, 22.5, 65], "uv": [22, 18]},
						{"origin": [10.1601, 17.88273, -0.10922], "size": [1, 1, 1], "pivot": [5.90277, 17.01599, -1.187], "rotation": [20, 22.5, 65], "uv": [22, 16]}
					]
				},
				{
					"name": "bone2",
					"parent": "BrazoIzq",
					"pivot": [5.90277, 17.01599, -1.187],
					"cubes": [
						{"origin": [8.0601, 14.73595, -2.99782], "size": [3, 1, 0], "pivot": [8.8601, 15.88273, -2.10922], "rotation": [-15, 25, 2.5], "uv": [0, 20]},
						{"origin": [9.3601, 10.68273, -2.99782], "size": [1, 5, 0], "pivot": [9.8601, 16.88273, -3.10922], "rotation": [-22.5, 17.5, -17.5], "uv": [19, 41]}
					]
				},
				{
					"name": "bone6",
					"parent": "BrazoIzq",
					"pivot": [9.90277, 13.01599, -0.187],
					"rotation": [-2.5, 0, -10],
					"cubes": [
						{"origin": [10.0601, 12.73595, -2.35922], "size": [3, 1, 0], "pivot": [10.8601, 13.88273, -1.10922], "rotation": [-15, 25, 2.5], "uv": [0, 19]},
						{"origin": [11.3601, 8.68273, -2.60922], "size": [1, 5, 0], "pivot": [11.8601, 14.88273, -2.10922], "rotation": [-22.5, 17.5, -17.5], "uv": [17, 41]}
					]
				}
			]
		}
	]
}