{
	"format_version": "1.12.0",
	"minecraft:geometry": [
		{
			"description": {
				"identifier": "geometry.long_arm",
				"texture_width": 64,
				"texture_height": 64,
				"visible_bounds_width": 4,
				"visible_bounds_height": 4.5,
				"visible_bounds_offset": [0, 1.75, 0]
			},
			"bones": [
				{
					"name": "bone",
					"pivot": [0, 27, 0]
				},
				{
					"name": "bone2",
					"parent": "bone",
					"pivot": [0, 18, 0],
					"cubes": [
						{
							"origin": [-2, 16.13885, -1.90212],
							"size": [5, 5, 5],
							"pivot": [0, 21, 0],
							"rotation": [17.5, 0, 0],
							"uv": {
								"north": {"uv": [21, 6], "uv_size": [5, 5]},
								"east": {"uv": [26, 15], "uv_size": [5, 5]},
								"south": {"uv": [26, 20], "uv_size": [5, 5]},
								"west": {"uv": [26, 25], "uv_size": [5, 5]},
								"up": {"uv": [14, 27], "uv_size": [5, 5]},
								"down": {"uv": [19, 32], "uv_size": [5, -5]}
							}
						}
					]
				},
				{
					"name": "bone14",
					"parent": "bone2",
					"pivot": [0, 21, 1],
					"cubes": [
						{
							"origin": [-1, 21, -1],
							"size": [3, 7, 3],
							"pivot": [0, 21, 1],
							"rotation": [7.5, 0, 0],
							"uv": {
								"north": {"uv": [32, 30], "uv_size": [3, 7]},
								"east": {"uv": [34, 12], "uv_size": [3, 7]},
								"south": {"uv": [35, 30], "uv_size": [3, 7]},
								"west": {"uv": [0, 37], "uv_size": [3, 7]},
								"up": {"uv": [49, 20], "uv_size": [3, 3]},
								"down": {"uv": [49, 30], "uv_size": [3, -3]}
							}
						}
					]
				},
				{
					"name": "bone15",
					"parent": "bone14",
					"pivot": [0, 28, 0],
					"cubes": [
						{
							"origin": [-1, 28, -1],
							"size": [3, 12, 2],
							"pivot": [0, 28, 0],
							"rotation": [-2.5, 0, 0],
							"uv": {
								"north": {"uv": [7, 0], "uv_size": [3, 12]},
								"east": {"uv": [24, 27], "uv_size": [2, 12]},
								"south": {"uv": [10, 0], "uv_size": [3, 12]},
								"west": {"uv": [9, 30], "uv_size": [2, 12]},
								"up": {"uv": [52, 28], "uv_size": [3, 2]},
								"down": {"uv": [31, 54], "uv_size": [3, -2]}
							}
						}
					]
				},
				{
					"name": "bone16",
					"parent": "bone15",
					"pivot": [0, 40, 1],
					"cubes": [
						{
							"origin": [-1, 37, 1],
							"size": [3, 3, 3],
							"pivot": [0, 40, 1],
							"rotation": [12.5, 0, 0],
							"uv": {
								"north": {"uv": [33, 49], "uv_size": [3, 3]},
								"east": {"uv": [36, 49], "uv_size": [3, 3]},
								"south": {"uv": [49, 38], "uv_size": [3, 3]},
								"west": {"uv": [49, 43], "uv_size": [3, 3]},
								"up": {"uv": [11, 50], "uv_size": [3, 3]},
								"down": {"uv": [50, 26], "uv_size": [3, -3]}
							}
						}
					]
				},
				{
					"name": "bone22",
					"parent": "bone16",
					"pivot": [2, 40, 3],
					"cubes": [
						{
							"origin": [2, 39, 2],
							"size": [2, 2, 2],
							"uv": {
								"north": {"uv": [39, 53], "uv_size": [2, 2]},
								"east": {"uv": [41, 53], "uv_size": [2, 2]},
								"south": {"uv": [53, 41], "uv_size": [2, 2]},
								"west": {"uv": [43, 53], "uv_size": [2, 2]},
								"up": {"uv": [45, 53], "uv_size": [2, 2]},
								"down": {"uv": [53, 48], "uv_size": [2, -2]}
							}
						}
					]
				},
				{
					"name": "bone23",
					"parent": "bone22",
					"pivot": [4, 40, 3],
					"cubes": [
						{
							"origin": [4, 38, -3],
							"size": [3, 4, 8],
							"pivot": [4, 40, 3],
							"rotation": [31.18939, -15.09492, -8.95891],
							"uv": {
								"north": {"uv": [33, 45], "uv_size": [3, 4]},
								"east": {"uv": [13, 4], "uv_size": [8, 4]},
								"south": {"uv": [45, 34], "uv_size": [3, 4]},
								"west": {"uv": [13, 8], "uv_size": [8, 4]},
								"up": {"uv": [29, 30], "uv_size": [3, 8]},
								"down": {"uv": [31, 22], "uv_size": [3, -8]}
							}
						}
					]
				},
				{
					"name": "bone24",
					"parent": "bone23",
					"pivot": [7, 37, -1],
					"cubes": [
						{
							"origin": [5.92078, 35.58983, -7.07176],
							"size": [3, 4, 5],
							"pivot": [7, 38, -2],
							"rotation": [35.90659, 12.60837, 8.19252],
							"uv": {
								"north": {"uv": [36, 45], "uv_size": [3, 4]},
								"east": {"uv": [38, 28], "uv_size": [5, 4]},
								"south": {"uv": [46, 20], "uv_size": [3, 4]},
								"west": {"uv": [38, 32], "uv_size": [5, 4]},
								"up": {"uv": [26, 42], "uv_size": [3, 5]},
								"down": {"uv": [42, 41], "uv_size": [3, -5]}
							}
						}
					]
				},
				{
					"name": "bone42",
					"parent": "bone24",
					"pivot": [6, 36, -3],
					"cubes": [
						{
							"origin": [4, 36, -3],
							"size": [2, 1, 0],
							"uv": {
								"north": {"uv": [54, 39], "uv_size": [2, 1]},
								"east": {"uv": [0, 0], "uv_size": [0, 1]},
								"south": {"uv": [54, 40], "uv_size": [2, 1]},
								"west": {"uv": [0, 0], "uv_size": [0, 1]},
								"up": {"uv": [0, 0], "uv_size": [2, 0]},
								"down": {"uv": [0, 0], "uv_size": [2, 0]}
							}
						}
					]
				},
				{
					"name": "bone41",
					"parent": "bone24",
					"pivot": [5, 35, -4],
					"cubes": [
						{
							"origin": [3, 34, -4],
							"size": [2, 1, 0],
							"uv": {
								"north": {"uv": [32, 54], "uv_size": [2, 1]},
								"east": {"uv": [0, 0], "uv_size": [0, 1]},
								"south": {"uv": [54, 38], "uv_size": [2, 1]},
								"west": {"uv": [0, 0], "uv_size": [0, 1]},
								"up": {"uv": [0, 0], "uv_size": [2, 0]},
								"down": {"uv": [0, 0], "uv_size": [2, 0]}
							}
						}
					]
				},
				{
					"name": "bone40",
					"parent": "bone24",
					"pivot": [6, 37, -4],
					"cubes": [
						{
							"origin": [4, 37, -4],
							"size": [2, 1, 0],
							"uv": {
								"north": {"uv": [50, 33], "uv_size": [2, 1]},
								"east": {"uv": [0, 0], "uv_size": [0, 1]},
								"south": {"uv": [31, 51], "uv_size": [2, 1]},
								"west": {"uv": [0, 0], "uv_size": [0, 1]},
								"up": {"uv": [0, 0], "uv_size": [2, 0]},
								"down": {"uv": [0, 0], "uv_size": [2, 0]}
							}
						}
					]
				},
				{
					"name": "bone39",
					"parent": "bone24",
					"pivot": [5, 36, -5],
					"cubes": [
						{
							"origin": [3, 36, -5],
							"size": [2, 1, 0],
							"uv": {
								"north": {"uv": [40, 36], "uv_size": [2, 1]},
								"east": {"uv": [0, 0], "uv_size": [0, 1]},
								"south": {"uv": [50, 26], "uv_size": [2, 1]},
								"west": {"uv": [0, 0], "uv_size": [0, 1]},
								"up": {"uv": [0, 0], "uv_size": [2, 0]},
								"down": {"uv": [0, 0], "uv_size": [2, 0]}
							}
						}
					]
				},
				{
					"name": "bone33",
					"parent": "bone24",
					"pivot": [8, 36, -4],
					"cubes": [
						{
							"origin": [7, 35, -5],
							"size": [5, 2, 2],
							"pivot": [8, 36, -4],
							"rotation": [0, 0, 30],
							"uv": {
								"north": {"uv": [48, 18], "uv_size": [5, 2]},
								"east": {"uv": [54, 6], "uv_size": [2, 2]},
								"south": {"uv": [48, 34], "uv_size": [5, 2]},
								"west": {"uv": [8, 54], "uv_size": [2, 2]},
								"up": {"uv": [48, 36], "uv_size": [5, 2]},
								"down": {"uv": [48, 43], "uv_size": [5, -2]}
							}
						}
					]
				},
				{
					"name": "bone34",
					"parent": "bone33",
					"pivot": [11, 34, -4],
					"cubes": [
						{
							"origin": [10.40211, 33.81541, -6],
							"size": [3, 3, 4],
							"pivot": [10, 35, -4],
							"rotation": [0, 0, 37.5],
							"uv": {
								"north": {"uv": [51, 9], "uv_size": [3, 3]},
								"east": {"uv": [47, 9], "uv_size": [4, 3]},
								"south": {"uv": [14, 51], "uv_size": [3, 3]},
								"west": {"uv": [11, 47], "uv_size": [4, 3]},
								"up": {"uv": [15, 47], "uv_size": [3, 4]},
								"down": {"uv": [22, 51], "uv_size": [3, -4]}
							}
						}
					]
				},
				{
					"name": "bone35",
					"parent": "bone34",
					"pivot": [13, 33, -4],
					"cubes": [
						{
							"origin": [12, 22, -5],
							"size": [2, 12, 2],
							"pivot": [13, 33, -4],
							"rotation": [0, 0, -25],
							"uv": {
								"north": {"uv": [14, 32], "uv_size": [2, 12]},
								"east": {"uv": [16, 32], "uv_size": [2, 12]},
								"south": {"uv": [18, 32], "uv_size": [2, 12]},
								"west": {"uv": [20, 32], "uv_size": [2, 12]},
								"up": {"uv": [54, 8], "uv_size": [2, 2]},
								"down": {"uv": [54, 12], "uv_size": [2, -2]}
							}
						}
					]
				},
				{
					"name": "bone36",
					"parent": "bone35",
					"pivot": [17, 23, -4],
					"cubes": [
						{
							"origin": [16, 22, -6],
							"size": [3, 2, 4],
							"uv": {
								"north": {"uv": [23, 53], "uv_size": [3, 2]},
								"east": {"uv": [43, 51], "uv_size": [4, 2]},
								"south": {"uv": [53, 24], "uv_size": [3, 2]},
								"west": {"uv": [47, 51], "uv_size": [4, 2]},
								"up": {"uv": [25, 47], "uv_size": [3, 4]},
								"down": {"uv": [39, 51], "uv_size": [3, -4]}
							}
						}
					]
				},
				{
					"name": "bone37",
					"parent": "bone36",
					"pivot": [17, 22, -4],
					"cubes": [
						{
							"origin": [16, 7, -5],
							"size": [2, 15, 2],
							"uv": {
								"north": {"uv": [0, 14], "uv_size": [2, 15]},
								"east": {"uv": [2, 14], "uv_size": [2, 15]},
								"south": {"uv": [4, 14], "uv_size": [2, 15]},
								"west": {"uv": [15, 12], "uv_size": [2, 15]},
								"up": {"uv": [14, 54], "uv_size": [2, 2]},
								"down": {"uv": [30, 56], "uv_size": [2, -2]}
							}
						}
					]
				},
				{
					"name": "bone38",
					"parent": "bone37",
					"pivot": [17, 7, -4],
					"cubes": [
						{
							"origin": [15, 5, -6],
							"size": [4, 3, 4],
							"uv": {
								"north": {"uv": [0, 48], "uv_size": [4, 3]},
								"east": {"uv": [4, 48], "uv_size": [4, 3]},
								"south": {"uv": [48, 12], "uv_size": [4, 3]},
								"west": {"uv": [48, 15], "uv_size": [4, 3]},
								"up": {"uv": [31, 41], "uv_size": [4, 4]},
								"down": {"uv": [35, 45], "uv_size": [4, -4]}
							}
						}
					]
				},
				{
					"name": "bone25",
					"parent": "bone24",
					"pivot": [6, 33, -4],
					"cubes": [
						{
							"origin": [5, 29, -8],
							"size": [2, 7, 3],
							"uv": {
								"north": {"uv": [22, 40], "uv_size": [2, 7]},
								"east": {"uv": [3, 37], "uv_size": [3, 7]},
								"south": {"uv": [9, 42], "uv_size": [2, 7]},
								"west": {"uv": [37, 12], "uv_size": [3, 7]},
								"up": {"uv": [52, 38], "uv_size": [2, 3]},
								"down": {"uv": [52, 46], "uv_size": [2, -3]}
							}
						}
					]
				},
				{
					"name": "bone49",
					"parent": "bone25",
					"pivot": [5, 30, -5],
					"cubes": [
						{
							"origin": [3, 29, -6],
							"size": [2, 1, 0],
							"uv": {
								"north": {"uv": [11, 55], "uv_size": [2, 1]},
								"east": {"uv": [0, 0], "uv_size": [0, 1]},
								"south": {"uv": [55, 12], "uv_size": [2, 1]},
								"west": {"uv": [0, 0], "uv_size": [0, 1]},
								"up": {"uv": [0, 0], "uv_size": [2, 0]},
								"down": {"uv": [0, 0], "uv_size": [2, 0]}
							}
						}
					]
				},
				{
					"name": "bone48",
					"parent": "bone25",
					"pivot": [6, 30, -7],
					"cubes": [
						{
							"origin": [3, 30, -8],
							"size": [2, 1, 0],
							"pivot": [6, 30, -7],
							"rotation": [0, 2.5, 0],
							"uv": {
								"north": {"uv": [54, 53], "uv_size": [2, 1]},
								"east": {"uv": [0, 0], "uv_size": [0, 1]},
								"south": {"uv": [6, 55], "uv_size": [2, 1]},
								"west": {"uv": [0, 0], "uv_size": [0, 1]},
								"up": {"uv": [0, 0], "uv_size": [2, 0]},
								"down": {"uv": [0, 0], "uv_size": [2, 0]}
							}
						}
					]
				},
				{
					"name": "bone47",
					"parent": "bone25",
					"pivot": [6, 29, -7],
					"cubes": [
						{
							"origin": [3, 29, -7],
							"size": [2, 1, 0],
							"uv": {
								"north": {"uv": [54, 52], "uv_size": [2, 1]},
								"east": {"uv": [0, 0], "uv_size": [0, 1]},
								"south": {"uv": [53, 54], "uv_size": [2, 1]},
								"west": {"uv": [0, 0], "uv_size": [0, 1]},
								"up": {"uv": [0, 0], "uv_size": [2, 0]},
								"down": {"uv": [0, 0], "uv_size": [2, 0]}
							}
						}
					]
				},
				{
					"name": "bone46",
					"parent": "bone25",
					"pivot": [5, 32, -6],
					"cubes": [
						{
							"origin": [3, 31, -6],
							"size": [2, 1, 0],
							"uv": {
								"north": {"uv": [51, 54], "uv_size": [2, 1]},
								"east": {"uv": [0, 0], "uv_size": [0, 1]},
								"south": {"uv": [54, 51], "uv_size": [2, 1]},
								"west": {"uv": [0, 0], "uv_size": [0, 1]},
								"up": {"uv": [0, 0], "uv_size": [2, 0]},
								"down": {"uv": [0, 0], "uv_size": [2, 0]}
							}
						}
					]
				},
				{
					"name": "bone45",
					"parent": "bone25",
					"pivot": [5, 33, -6],
					"cubes": [
						{
							"origin": [3, 33, -6],
							"size": [2, 1, 0],
							"uv": {
								"north": {"uv": [54, 49], "uv_size": [2, 1]},
								"east": {"uv": [0, 0], "uv_size": [0, 1]},
								"south": {"uv": [54, 50], "uv_size": [2, 1]},
								"west": {"uv": [0, 0], "uv_size": [0, 1]},
								"up": {"uv": [0, 0], "uv_size": [2, 0]},
								"down": {"uv": [0, 0], "uv_size": [2, 0]}
							}
						}
					]
				},
				{
					"name": "bone44",
					"parent": "bone25",
					"pivot": [5, 31, -7],
					"cubes": [
						{
							"origin": [3, 31, -7],
							"size": [2, 1, 0],
							"uv": {
								"north": {"uv": [54, 45], "uv_size": [2, 1]},
								"east": {"uv": [0, 0], "uv_size": [0, 1]},
								"south": {"uv": [54, 48], "uv_size": [2, 1]},
								"west": {"uv": [0, 0], "uv_size": [0, 1]},
								"up": {"uv": [0, 0], "uv_size": [2, 0]},
								"down": {"uv": [0, 0], "uv_size": [2, 0]}
							}
						}
					]
				},
				{
					"name": "bone43",
					"parent": "bone25",
					"pivot": [5, 33, -7],
					"cubes": [
						{
							"origin": [3, 33, -8],
							"size": [2, 1, 0],
							"pivot": [5, 33, -7],
							"rotation": [0, -7.5, 0],
							"uv": {
								"north": {"uv": [54, 43], "uv_size": [2, 1]},
								"east": {"uv": [0, 0], "uv_size": [0, 1]},
								"south": {"uv": [54, 44], "uv_size": [2, 1]},
								"west": {"uv": [0, 0], "uv_size": [0, 1]},
								"up": {"uv": [0, 0], "uv_size": [2, 0]},
								"down": {"uv": [0, 0], "uv_size": [2, 0]}
							}
						}
					]
				},
				{
					"name": "bone26",
					"parent": "bone25",
					"pivot": [6, 34, -5],
					"cubes": [
						{
							"origin": [5, 27, -7],
							"size": [2, 2, 1],
							"uv": {
								"north": {"uv": [47, 53], "uv_size": [2, 2]},
								"east": {"uv": [45, 20], "uv_size": [1, 2]},
								"south": {"uv": [49, 53], "uv_size": [2, 2]},
								"west": {"uv": [10, 54], "uv_size": [1, 2]},
								"up": {"uv": [29, 14], "uv_size": [2, 1]},
								"down": {"uv": [38, 37], "uv_size": [2, -1]}
							}
						}
					]
				},
				{
					"name": "bone17",
					"parent": "bone16",
					"pivot": [-1, 40, 2],
					"cubes": [
						{
							"origin": [-3, 39, 2],
							"size": [2, 2, 2],
							"uv": {
								"north": {"uv": [32, 12], "uv_size": [2, 2]},
								"east": {"uv": [43, 34], "uv_size": [2, 2]},
								"south": {"uv": [26, 53], "uv_size": [2, 2]},
								"west": {"uv": [28, 53], "uv_size": [2, 2]},
								"up": {"uv": [53, 30], "uv_size": [2, 2]},
								"down": {"uv": [53, 34], "uv_size": [2, -2]}
							}
						}
					]
				},
				{
					"name": "bone18",
					"parent": "bone17",
					"pivot": [-3, 40, 3],
					"cubes": [
						{
							"origin": [-6, 38, -3],
							"size": [3, 4, 8],
							"pivot": [-3, 40, 3],
							"rotation": [26.05573, 15.81499, 7.59001],
							"uv": {
								"north": {"uv": [19, 44], "uv_size": [3, 4]},
								"east": {"uv": [7, 12], "uv_size": [8, 4]},
								"south": {"uv": [43, 44], "uv_size": [3, 4]},
								"west": {"uv": [13, 0], "uv_size": [8, 4]},
								"up": {"uv": [11, 30], "uv_size": [3, 8]},
								"down": {"uv": [26, 38], "uv_size": [3, -8]}
							}
						}
					]
				},
				{
					"name": "bone19",
					"parent": "bone18",
					"pivot": [-6, 38, -2],
					"cubes": [
						{
							"origin": [-8, 36, -7],
							"size": [3, 4, 5],
							"pivot": [-6, 38, -2],
							"rotation": [40.62172, -9.06586, -8.54184],
							"uv": {
								"north": {"uv": [45, 12], "uv_size": [3, 4]},
								"east": {"uv": [38, 24], "uv_size": [5, 4]},
								"south": {"uv": [45, 16], "uv_size": [3, 4]},
								"west": {"uv": [26, 38], "uv_size": [5, 4]},
								"up": {"uv": [42, 12], "uv_size": [3, 5]},
								"down": {"uv": [42, 22], "uv_size": [3, -5]}
							}
						}
					]
				},
				{
					"name": "bone53",
					"parent": "bone19",
					"pivot": [-4, 34, -4],
					"cubes": [
						{
							"origin": [-4, 34, -5],
							"size": [2, 1, 0],
							"pivot": [-4, 34, -4],
							"rotation": [0, 0, -17.5],
							"uv": {
								"north": {"uv": [18, 55], "uv_size": [2, 1]},
								"east": {"uv": [0, 0], "uv_size": [0, 1]},
								"south": {"uv": [20, 55], "uv_size": [2, 1]},
								"west": {"uv": [0, 0], "uv_size": [0, 1]},
								"up": {"uv": [0, 0], "uv_size": [2, 0]},
								"down": {"uv": [0, 0], "uv_size": [2, 0]}
							}
						}
					]
				},
				{
					"name": "bone52",
					"parent": "bone19",
					"pivot": [-4, 36, -6],
					"cubes": [
						{
							"origin": [-4, 36, -6],
							"size": [2, 1, 0],
							"pivot": [-4, 36, -6],
							"rotation": [0, 0, -10],
							"uv": {
								"north": {"uv": [55, 16], "uv_size": [2, 1]},
								"east": {"uv": [0, 0], "uv_size": [0, 1]},
								"south": {"uv": [55, 17], "uv_size": [2, 1]},
								"west": {"uv": [0, 0], "uv_size": [0, 1]},
								"up": {"uv": [0, 0], "uv_size": [2, 0]},
								"down": {"uv": [0, 0], "uv_size": [2, 0]}
							}
						}
					]
				},
				{
					"name": "bone50",
					"parent": "bone19",
					"pivot": [-5, 37, -4],
					"cubes": [
						{
							"origin": [-5, 37, -4],
							"size": [2, 1, 0],
							"uv": {
								"north": {"uv": [55, 13], "uv_size": [2, 1]},
								"east": {"uv": [0, 0], "uv_size": [0, 1]},
								"south": {"uv": [55, 14], "uv_size": [2, 1]},
								"west": {"uv": [0, 0], "uv_size": [0, 1]},
								"up": {"uv": [0, 0], "uv_size": [2, 0]},
								"down": {"uv": [0, 0], "uv_size": [2, 0]}
							}
						}
					]
				},
				{
					"name": "bone51",
					"parent": "bone50",
					"pivot": [-4, 35, -4],
					"cubes": [
						{
							"origin": [-5, 35, -4],
							"size": [2, 1, 0],
							"uv": {
								"north": {"uv": [55, 15], "uv_size": [2, 1]},
								"east": {"uv": [0, 0], "uv_size": [0, 1]},
								"south": {"uv": [16, 55], "uv_size": [2, 1]},
								"west": {"uv": [0, 0], "uv_size": [0, 1]},
								"up": {"uv": [0, 0], "uv_size": [2, 0]},
								"down": {"uv": [0, 0], "uv_size": [2, 0]}
							}
						}
					]
				},
				{
					"name": "bone27",
					"parent": "bone19",
					"pivot": [-7, 37, -5],
					"cubes": [
						{
							"origin": [-11, 36, -5],
							"size": [4, 2, 2],
							"pivot": [-7, 37, -5],
							"rotation": [0, 0, -27.5],
							"uv": {
								"north": {"uv": [49, 46], "uv_size": [4, 2]},
								"east": {"uv": [0, 54], "uv_size": [2, 2]},
								"south": {"uv": [23, 51], "uv_size": [4, 2]},
								"west": {"uv": [54, 0], "uv_size": [2, 2]},
								"up": {"uv": [27, 51], "uv_size": [4, 2]},
								"down": {"uv": [39, 53], "uv_size": [4, -2]}
							}
						}
					]
				},
				{
					"name": "bone28",
					"parent": "bone27",
					"pivot": [-10, 35, -4],
					"cubes": [
						{
							"origin": [-11.18085, 33.42642, -6],
							"size": [3, 3, 4],
							"pivot": [-10, 36, -4],
							"rotation": [0, 0, 42.5],
							"uv": {
								"north": {"uv": [50, 30], "uv_size": [3, 3]},
								"east": {"uv": [45, 38], "uv_size": [4, 3]},
								"south": {"uv": [0, 51], "uv_size": [3, 3]},
								"west": {"uv": [46, 24], "uv_size": [4, 3]},
								"up": {"uv": [46, 27], "uv_size": [3, 4]},
								"down": {"uv": [46, 48], "uv_size": [3, -4]}
							}
						}
					]
				},
				{
					"name": "bone29",
					"parent": "bone28",
					"pivot": [-11, 34, -4],
					"cubes": [
						{
							"origin": [-23, 33, -5],
							"size": [12, 2, 2],
							"pivot": [-11, 34, -4],
							"rotation": [0, 0, -70],
							"uv": {
								"north": {"uv": [30, 0], "uv_size": [12, 2]},
								"east": {"uv": [2, 54], "uv_size": [2, 2]},
								"south": {"uv": [30, 2], "uv_size": [12, 2]},
								"west": {"uv": [54, 2], "uv_size": [2, 2]},
								"up": {"uv": [30, 4], "uv_size": [12, 2]},
								"down": {"uv": [31, 24], "uv_size": [12, -2]}
							}
						}
					]
				},
				{
					"name": "bone30",
					"parent": "bone29",
					"pivot": [-15, 23, -4],
					"cubes": [
						{
							"origin": [-16, 22, -6],
							"size": [3, 2, 3],
							"uv": {
								"north": {"uv": [51, 52], "uv_size": [3, 2]},
								"east": {"uv": [11, 53], "uv_size": [3, 2]},
								"south": {"uv": [53, 18], "uv_size": [3, 2]},
								"west": {"uv": [53, 22], "uv_size": [3, 2]},
								"up": {"uv": [51, 0], "uv_size": [3, 3]},
								"down": {"uv": [3, 54], "uv_size": [3, -3]}
							}
						}
					]
				},
				{
					"name": "bone31",
					"parent": "bone30",
					"pivot": [-15, 22, -4],
					"cubes": [
						{
							"origin": [-15, 8, -5],
							"size": [2, 14, 2],
							"uv": {
								"north": {"uv": [6, 16], "uv_size": [2, 14]},
								"east": {"uv": [8, 16], "uv_size": [2, 14]},
								"south": {"uv": [10, 16], "uv_size": [2, 14]},
								"west": {"uv": [12, 16], "uv_size": [2, 14]},
								"up": {"uv": [4, 54], "uv_size": [2, 2]},
								"down": {"uv": [54, 6], "uv_size": [2, -2]}
							}
						}
					]
				},
				{
					"name": "bone32",
					"parent": "bone31",
					"pivot": [-15, 8, -4],
					"cubes": [
						{
							"origin": [-16, 5, -6],
							"size": [4, 3, 3],
							"uv": {
								"north": {"uv": [46, 31], "uv_size": [4, 3]},
								"east": {"uv": [51, 3], "uv_size": [3, 3]},
								"south": {"uv": [47, 0], "uv_size": [4, 3]},
								"west": {"uv": [51, 6], "uv_size": [3, 3]},
								"up": {"uv": [47, 3], "uv_size": [4, 3]},
								"down": {"uv": [47, 9], "uv_size": [4, -3]}
							}
						}
					]
				},
				{
					"name": "bone20",
					"parent": "bone19",
					"pivot": [-6, 34, -5],
					"cubes": [
						{
							"origin": [-6, 30, -8],
							"size": [2, 6, 3],
							"uv": {
								"north": {"uv": [29, 42], "uv_size": [2, 6]},
								"east": {"uv": [6, 38], "uv_size": [3, 6]},
								"south": {"uv": [31, 45], "uv_size": [2, 6]},
								"west": {"uv": [11, 38], "uv_size": [3, 6]},
								"up": {"uv": [34, 52], "uv_size": [2, 3]},
								"down": {"uv": [36, 55], "uv_size": [2, -3]}
							}
						}
					]
				},
				{
					"name": "bone58",
					"parent": "bone20",
					"pivot": [-4, 31, -6],
					"cubes": [
						{
							"origin": [-4, 30, -6],
							"size": [2, 1, 0],
							"uv": {
								"north": {"uv": [55, 28], "uv_size": [2, 1]},
								"east": {"uv": [0, 0], "uv_size": [0, 1]},
								"south": {"uv": [55, 29], "uv_size": [2, 1]},
								"west": {"uv": [0, 0], "uv_size": [0, 1]},
								"up": {"uv": [0, 0], "uv_size": [2, 0]},
								"down": {"uv": [0, 0], "uv_size": [2, 0]}
							}
						}
					]
				},
				{
					"name": "bone57",
					"parent": "bone20",
					"pivot": [-4, 32, -5],
					"cubes": [
						{
							"origin": [-4, 32, -6],
							"size": [2, 1, 0],
							"uv": {
								"north": {"uv": [55, 27], "uv_size": [2, 1]},
								"east": {"uv": [0, 0], "uv_size": [0, 1]},
								"south": {"uv": [28, 55], "uv_size": [2, 1]},
								"west": {"uv": [0, 0], "uv_size": [0, 1]},
								"up": {"uv": [0, 0], "uv_size": [2, 0]},
								"down": {"uv": [0, 0], "uv_size": [2, 0]}
							}
						}
					]
				},
				{
					"name": "bone56",
					"parent": "bone20",
					"pivot": [-4, 34, -6],
					"cubes": [
						{
							"origin": [-4, 34, -7],
							"size": [2, 1, 0],
							"uv": {
								"north": {"uv": [26, 55], "uv_size": [2, 1]},
								"east": {"uv": [0, 0], "uv_size": [0, 1]},
								"south": {"uv": [55, 26], "uv_size": [2, 1]},
								"west": {"uv": [0, 0], "uv_size": [0, 1]},
								"up": {"uv": [0, 0], "uv_size": [2, 0]},
								"down": {"uv": [0, 0], "uv_size": [2, 0]}
							}
						}
					]
				},
				{
					"name": "bone55",
					"parent": "bone20",
					"pivot": [-4, 31, -7],
					"cubes": [
						{
							"origin": [-4, 31, -8],
							"size": [2, 1, 0],
							"uv": {
								"north": {"uv": [22, 55], "uv_size": [2, 1]},
								"east": {"uv": [0, 0], "uv_size": [0, 1]},
								"south": {"uv": [24, 55], "uv_size": [2, 1]},
								"west": {"uv": [0, 0], "uv_size": [0, 1]},
								"up": {"uv": [0, 0], "uv_size": [2, 0]},
								"down": {"uv": [0, 0], "uv_size": [2, 0]}
							}
						}
					]
				},
				{
					"name": "bone54",
					"parent": "bone20",
					"pivot": [-4, 33, -7],
					"cubes": [
						{
							"origin": [-4, 33, -8],
							"size": [2, 1, 0],
							"uv": {
								"north": {"uv": [55, 20], "uv_size": [2, 1]},
								"east": {"uv": [0, 0], "uv_size": [0, 1]},
								"south": {"uv": [55, 21], "uv_size": [2, 1]},
								"west": {"uv": [0, 0], "uv_size": [0, 1]},
								"up": {"uv": [0, 0], "uv_size": [2, 0]},
								"down": {"uv": [0, 0], "uv_size": [2, 0]}
							}
						}
					]
				},
				{
					"name": "bone21",
					"parent": "bone20",
					"pivot": [-6, 30, -7],
					"cubes": [
						{
							"origin": [-6, 28, -7],
							"size": [2, 2, 1],
							"uv": {
								"north": {"uv": [53, 34], "uv_size": [2, 2]},
								"east": {"uv": [6, 14], "uv_size": [1, 2]},
								"south": {"uv": [53, 36], "uv_size": [2, 2]},
								"west": {"uv": [39, 10], "uv_size": [1, 2]},
								"up": {"uv": [21, 11], "uv_size": [2, 1]},
								"down": {"uv": [23, 12], "uv_size": [2, -1]}
							}
						}
					]
				},
				{
					"name": "bone3",
					"parent": "bone2",
					"pivot": [0, 13, 0],
					"cubes": [
						{
							"origin": [-3, 14.5359, -1.73205],
							"size": [7, 3, 7],
							"pivot": [0, 17, 2],
							"rotation": [30, 0, 0],
							"uv": {
								"north": {"uv": [31, 24], "uv_size": [7, 3]},
								"east": {"uv": [31, 27], "uv_size": [7, 3]},
								"south": {"uv": [32, 6], "uv_size": [7, 3]},
								"west": {"uv": [32, 9], "uv_size": [7, 3]},
								"up": {"uv": [0, 0], "uv_size": [7, 7]},
								"down": {"uv": [0, 14], "uv_size": [7, -7]}
							}
						}
					]
				},
				{
					"name": "bone9",
					"parent": "bone3",
					"pivot": [4, 17, 2],
					"cubes": [
						{
							"origin": [4, 15, -6],
							"size": [3, 3, 9],
							"pivot": [4, 17, 2],
							"rotation": [42.5, 0, 0],
							"uv": {
								"north": {"uv": [48, 48], "uv_size": [3, 3]},
								"east": {"uv": [21, 0], "uv_size": [9, 3]},
								"south": {"uv": [8, 49], "uv_size": [3, 3]},
								"west": {"uv": [21, 3], "uv_size": [9, 3]},
								"up": {"uv": [23, 18], "uv_size": [3, 9]},
								"down": {"uv": [26, 15], "uv_size": [3, -9]}
							}
						}
					]
				},
				{
					"name": "bone13",
					"parent": "bone9",
					"pivot": [7, 17, 2],
					"cubes": [
						{
							"origin": [7, 15, -1],
							"size": [1, 3, 4],
							"pivot": [7, 17, 2],
							"rotation": [42.5, 0, 0],
							"uv": {
								"north": {"uv": [39, 19], "uv_size": [1, 3]},
								"east": {"uv": [39, 44], "uv_size": [4, 3]},
								"south": {"uv": [21, 48], "uv_size": [1, 3]},
								"west": {"uv": [44, 41], "uv_size": [4, 3]},
								"up": {"uv": [39, 6], "uv_size": [1, 4]},
								"down": {"uv": [38, 56], "uv_size": [1, -4]}
							}
						}
					]
				},
				{
					"name": "bone10",
					"parent": "bone9",
					"pivot": [5, 12, -1],
					"cubes": [
						{
							"origin": [4, 8, -2],
							"size": [3, 4, 2],
							"pivot": [5, 12, -1],
							"rotation": [30, 0, 0],
							"uv": {
								"north": {"uv": [3, 44], "uv_size": [3, 4]},
								"east": {"uv": [19, 51], "uv_size": [2, 4]},
								"south": {"uv": [6, 44], "uv_size": [3, 4]},
								"west": {"uv": [21, 51], "uv_size": [2, 4]},
								"up": {"uv": [52, 14], "uv_size": [3, 2]},
								"down": {"uv": [52, 18], "uv_size": [3, -2]}
							}
						}
					]
				},
				{
					"name": "bone11",
					"parent": "bone10",
					"pivot": [5, 9, 1],
					"cubes": [
						{
							"origin": [4, 2, 1],
							"size": [3, 8, 2],
							"uv": {
								"north": {"uv": [29, 6], "uv_size": [3, 8]},
								"east": {"uv": [40, 6], "uv_size": [2, 8]},
								"south": {"uv": [6, 30], "uv_size": [3, 8]},
								"west": {"uv": [40, 14], "uv_size": [2, 8]},
								"up": {"uv": [52, 20], "uv_size": [3, 2]},
								"down": {"uv": [52, 28], "uv_size": [3, -2]}
							}
						}
					]
				},
				{
					"name": "bone12",
					"parent": "bone11",
					"pivot": [5, 2, 1],
					"cubes": [
						{
							"origin": [3, 0, 0],
							"size": [5, 3, 4],
							"uv": {
								"north": {"uv": [42, 6], "uv_size": [5, 3]},
								"east": {"uv": [11, 44], "uv_size": [4, 3]},
								"south": {"uv": [42, 9], "uv_size": [5, 3]},
								"west": {"uv": [15, 44], "uv_size": [4, 3]},
								"up": {"uv": [32, 37], "uv_size": [5, 4]},
								"down": {"uv": [37, 41], "uv_size": [5, -4]}
							}
						}
					]
				},
				{
					"name": "bone4",
					"parent": "bone3",
					"pivot": [-3, 17, 2],
					"cubes": [
						{
							"origin": [-6, 15, -6],
							"size": [3, 3, 9],
							"pivot": [-3, 17, 2],
							"rotation": [37.5, 0, 0],
							"uv": {
								"north": {"uv": [18, 48], "uv_size": [3, 3]},
								"east": {"uv": [17, 12], "uv_size": [9, 3]},
								"south": {"uv": [28, 48], "uv_size": [3, 3]},
								"west": {"uv": [17, 15], "uv_size": [9, 3]},
								"up": {"uv": [17, 18], "uv_size": [3, 9]},
								"down": {"uv": [20, 27], "uv_size": [3, -9]}
							}
						}
					]
				},
				{
					"name": "bone8",
					"parent": "bone4",
					"pivot": [-6, 17, 2],
					"cubes": [
						{
							"origin": [-7, 14, 1],
							"size": [1, 4, 3],
							"pivot": [-6, 17, 2],
							"rotation": [-55, 0, 0],
							"uv": {
								"north": {"uv": [14, 16], "uv_size": [1, 4]},
								"east": {"uv": [43, 30], "uv_size": [3, 4]},
								"south": {"uv": [14, 20], "uv_size": [1, 4]},
								"west": {"uv": [0, 44], "uv_size": [3, 4]},
								"up": {"uv": [14, 24], "uv_size": [1, 3]},
								"down": {"uv": [31, 41], "uv_size": [1, -3]}
							}
						}
					]
				},
				{
					"name": "bone5",
					"parent": "bone4",
					"pivot": [-3, 12, -2],
					"cubes": [
						{
							"origin": [-6, 8, -2],
							"size": [3, 4, 2],
							"pivot": [-3, 12, -2],
							"rotation": [32.5, 0, 0],
							"uv": {
								"north": {"uv": [43, 22], "uv_size": [3, 4]},
								"east": {"uv": [6, 51], "uv_size": [2, 4]},
								"south": {"uv": [43, 26], "uv_size": [3, 4]},
								"west": {"uv": [17, 51], "uv_size": [2, 4]},
								"up": {"uv": [51, 48], "uv_size": [3, 2]},
								"down": {"uv": [51, 52], "uv_size": [3, -2]}
							}
						}
					]
				},
				{
					"name": "bone6",
					"parent": "bone5",
					"pivot": [-5, 9, 1],
					"cubes": [
						{
							"origin": [-6, 2, 1],
							"size": [3, 8, 2],
							"pivot": [-5, 9, 1],
							"rotation": [-12.5, 0, 0],
							"uv": {
								"north": {"uv": [0, 29], "uv_size": [3, 8]},
								"east": {"uv": [22, 32], "uv_size": [2, 8]},
								"south": {"uv": [3, 29], "uv_size": [3, 8]},
								"west": {"uv": [24, 39], "uv_size": [2, 8]},
								"up": {"uv": [8, 52], "uv_size": [3, 2]},
								"down": {"uv": [52, 14], "uv_size": [3, -2]}
							}
						}
					]
				},
				{
					"name": "bone7",
					"parent": "bone6",
					"pivot": [-5, 3, 1],
					"cubes": [
						{
							"origin": [-7, 0, -1],
							"size": [5, 3, 3],
							"uv": {
								"north": {"uv": [34, 19], "uv_size": [5, 3]},
								"east": {"uv": [42, 48], "uv_size": [3, 3]},
								"south": {"uv": [39, 41], "uv_size": [5, 3]},
								"west": {"uv": [45, 48], "uv_size": [3, 3]},
								"up": {"uv": [42, 0], "uv_size": [5, 3]},
								"down": {"uv": [42, 6], "uv_size": [5, -3]}
							}
						}
					]
				}
			]
		}
	]
}