{
	"format_version": "1.10.0",
	"geometry.manducater2": {
		"texturewidth": 64,
		"textureheight": 64,
		"visible_bounds_width": 4,
		"visible_bounds_height": 2.5,
		"visible_bounds_offset": [0, 0.75, 0],
		"bones": [
			{
				"name": "bone",
				"pivot": [0, 11, -5],
				"rotation": [45, 0, 0],
				"cubes": [
					{"origin": [-4, 8, -6], "size": [9, 4, 9], "uv": [0, 19]}
				]
			},
			{
				"name": "bone11",
				"parent": "bone",
				"pivot": [0, 8, 0],
				"rotation": [42.5, 0, 0],
				"cubes": [
					{"origin": [-4, -5, -4], "size": [9, 13, 6], "uv": [0, 0]}
				]
			},
			{
				"name": "bone12",
				"parent": "bone11",
				"pivot": [-4, -3, 0],
				"rotation": [-32.5, 0, 0],
				"cubes": [
					{"origin": [-6, -4, -3], "size": [2, 3, 4], "uv": [0, 41]}
				]
			},
			{
				"name": "bone13",
				"parent": "bone12",
				"pivot": [-5, -1, -3],
				"cubes": [
					{"origin": [-6, -7, -5], "size": [2, 6, 2], "uv": [0, 32]}
				]
			},
			{
				"name": "bone14",
				"parent": "bone13",
				"pivot": [-5, -7, -5],
				"cubes": [
					{"origin": [-6, -7, -11], "size": [2, 1, 6], "uv": [22, 36]}
				]
			},
			{
				"name": "bone15",
				"parent": "bone14",
				"pivot": [-5, -7, -11],
				"rotation": [35, 0, 0],
				"cubes": [
					{"origin": [-7, -8, -12], "size": [4, 3, 2], "uv": [22, 43]}
				]
			},
			{
				"name": "bone16",
				"parent": "bone11",
				"pivot": [6, -2, 0],
				"rotation": [-42.5, 0, 0],
				"cubes": [
					{"origin": [5, -4, -3], "size": [2, 3, 4], "uv": [40, 25]}
				]
			},
			{
				"name": "bone17",
				"parent": "bone16",
				"pivot": [6, -2, -3],
				"cubes": [
					{"origin": [5, -7, -5], "size": [2, 6, 2], "uv": [0, 19]}
				]
			},
			{
				"name": "bone18",
				"parent": "bone17",
				"pivot": [6, -7, -5],
				"cubes": [
					{"origin": [5, -8, -10], "size": [2, 1, 6], "uv": [12, 32]}
				]
			},
			{
				"name": "bone19",
				"parent": "bone18",
				"pivot": [6, -7, -10],
				"rotation": [45, 0, 0],
				"cubes": [
					{"origin": [4, -9, -12], "size": [4, 3, 2], "uv": [24, 0]}
				]
			},
			{
				"name": "bone5",
				"parent": "bone",
				"pivot": [-4, 11, -5],
				"rotation": [-7.5, 0, 0],
				"cubes": [
					{"origin": [-6, 5, -5], "size": [2, 7, 3], "uv": [38, 36]}
				]
			},
			{
				"name": "bone6",
				"parent": "bone5",
				"pivot": [-4, 5, -5],
				"rotation": [12.5, 0, 0],
				"cubes": [
					{"origin": [-6, 4, -12], "size": [2, 1, 8], "uv": [0, 32]}
				]
			},
			{
				"name": "bone7",
				"parent": "bone6",
				"pivot": [-6, 5, -12],
				"rotation": [40, 0, 0],
				"cubes": [
					{"origin": [-7, 3, -13], "size": [4, 3, 2], "uv": [44, 46]}
				]
			},
			{
				"name": "bone3",
				"parent": "bone",
				"pivot": [0, 11, -6],
				"rotation": [-37.5, 0, 0],
				"cubes": [
					{"origin": [-3, 8, -12], "size": [7, 6, 6], "uv": [27, 13]}
				]
			},
			{
				"name": "bone4",
				"parent": "bone3",
				"pivot": [0, 10, -12],
				"cubes": [
					{"origin": [-2, 8, -13], "size": [5, 3, 1], "uv": [47, 11]}
				]
			},
			{
				"name": "bone2",
				"parent": "bone",
				"pivot": [1, 12, -2],
				"rotation": [-30, 0, 0],
				"cubes": [
					{"origin": [-3, 10, -4], "size": [7, 5, 6], "uv": [30, 0]}
				]
			},
			{
				"name": "bone8",
				"parent": "bone",
				"pivot": [5, 10, -2],
				"cubes": [
					{"origin": [5, 5, -4], "size": [2, 6, 3], "uv": [12, 41]}
				]
			},
			{
				"name": "bone9",
				"parent": "bone8",
				"pivot": [5, 5, -3],
				"cubes": [
					{"origin": [5, 4, -12], "size": [2, 1, 10], "uv": [26, 25]}
				]
			},
			{
				"name": "bone10",
				"parent": "bone9",
				"pivot": [5, 4, -12],
				"rotation": [45, 0, 0],
				"cubes": [
					{"origin": [4, 2, -13], "size": [4, 3, 2], "uv": [32, 46]}
				]
			}
		]
	}
}