{
  "format_version": "1.16.100",
  "minecraft:entity": {
    "description": {
      "identifier": "op_asa:asa_boat2",
      "is_spawnable": true,
      "is_summonable": true,
      "is_experimental": false
    },
    "component_groups": {
      "op_asa:despawn": {
        "minecraft:spawn_entity": {
          "entities": {
            "min_wait_time": 0,
            "max_wait_time": 0,
            "spawn_item": "op_asa:asa_boat2_spawn_egg"
          }
        },
        "minecraft:instant_despawn": {}
      }
    },
    "components": {
      "minecraft:type_family": {
        "family": [ "boat", "inanimate" ]
      },
      "minecraft:inventory": {
        "additional_slots_per_strength": 0,
        "can_be_siphoned_from":false,
        "inventory_size": 27,
        "container_type": "container",
        "private":false,
        "strict_to_owner":false
      },
      "minecraft:nameable": {
      },
      "minecraft:movement": {
        "value": 0.2
      },
      "minecraft:underwater_movement": {
        "value": 0.3
      },
      "minecraft:navigation.walk": {
        "can_path_over_water": true
      },
      "minecraft:buoyant": {
        "base_buoyancy": 1.0,
        "apply_gravity": true,
        "simulate_waves": true,
        "big_wave_probability": 0.03,
        "big_wave_speed": 10.0,
        "liquid_blocks": ["minecraft:water", "minecraft:flowing_water"]
      },
      "minecraft:movement.basic": {},
      "minecraft:health": {
        "value": 30
      },
      "minecraft:collision_box": {
        "width": 2,
        "height": 0.455
      },
      "minecraft:hurt_on_condition": {
        "damage_conditions": [
          {
            "filters": {
              "test": "in_lava",
              "subject": "self",
              "operator": "==",
              "value": true
            },
            "cause": "lava",
            "damage_per_tick": 4
          }
        ]
      },
      "minecraft:loot": {
        "table": "loot_tables/entities/asa_boat.json"
      },
      "minecraft:input_ground_controlled": {
      },
      "minecraft:leashable": {
        "soft_distance": 4.0,
        "hard_distance": 6.0,
        "max_distance": 32.0
      },
      "minecraft:knockback_resistance": {
        "value": 1.0
      },
      "minecraft:rideable": {
        "seat_count": 9,
        "controlling_seat": 1,
        "interact_text": "action.interact.ride.boat",
        "pull_in_entities": true,
        "family_types": [
          "player","mob"
        ],
        "seats": [
          {
            "position": [ 0.0, 0.2, -1.2 ],
            "min_rider_count": 0,
            "max_rider_count": 0
          },
          //中央
          {
            "position": [ 0.0, -0.2, 0.0 ],
            "min_rider_count": 2,
            "max_rider_count": 9
          },
          {
            "position": [ 0.0, -0.2, -1.2 ],
            "min_rider_count": 2,
            "max_rider_count": 9
          },
          //右
          {
            "position": [ 1, -0.2, -1.2 ],
            "min_rider_count": 2,
            "max_rider_count": 9
          },
          {
            "position": [ 1, -0.2, 0.0 ],
            "min_rider_count": 2,
            "max_rider_count": 9
          },
          {
            "position": [ 1, -0.2, 1.2 ],
            "min_rider_count": 2,
            "max_rider_count": 9
          },
          //左
          {
            "position": [ -1, -0.2, -1.2 ],
            "min_rider_count": 2,
            "max_rider_count": 9
          },
          {
            "position": [ -1, -0.2, 0.0 ],
            "min_rider_count": 2,
            "max_rider_count": 9
          },
          {
            "position": [ -1, -0.2, -1.2 ],
            "min_rider_count": 2,
            "max_rider_count": 9
          }
        ]
      },
      "minecraft:physics": {
      },
      "minecraft:pushable": {
        "is_pushable": true,
        "is_pushable_by_piston": true
      },
      "minecraft:persistent":{
      },
      "minecraft:damage_sensor": {
        "triggers": [
          {
            "on_damage": {
              "filters": {
                "all_of": [
                  {
                    "test": "is_family",
                    "subject": "other",
                    "value": "player"
                  }
                ]
              },
              "event": "op_asa:be_despawn"
            },
            "deals_damage": false
          }
        ]
      }
    },

    "events": {
      "op_asa:be_despawn": {
        "add": {
          "component_groups": [
            "op_asa:despawn"
          ]
        }
      }
    }
  }
}