{
  "format_version": "1.18.20",
  "minecraft:entity": {
    "description": {
      "identifier": "minecraft:player",
      "is_spawnable": false,
      "is_summonable": false,
      "is_experimental": false,
      "scripts":{
        "animate":["main","loop","water","sneaking","jotai1","jotai2","main2","attack","strawman","status1","status2","health"]
      },
      "animations":{
        "main":"controller.animation.main",
        "water":"controller.animation.water",
        "loop":"controller.animation.loop",
        "sneaking":"controller.animation.sneaking",
        "jotai1":"controller.animation.jotai1",
        "jotai2":"controller.animation.jotai2",
        "main2":"controller.animation.main2",
        "attack":"controller.animation.attack",
        "strawman":"controller.animation.strawman",
        "status1":"controller.animation.status1",
        "status2":"controller.animation.status2",
        "health":"controller.animation.health"
      }
    },

    "component_groups": {
      "xxx":{
        "minecraft:scale":{
          "value":1
        },
        "minecraft:collision_box": {
          "width": 0.6,
          "height": 1.8
        },
        "minecraft:movement": {
          "value": 0.1
        },
        "minecraft:variant":{
          "value":2700
        },
        "minecraft:lava_movement": {
          "value": 0.02
        },
        "minecraft:attack": {
          "damage": 1
        }
      },
      // health
      "health40":{
        "minecraft:health": {
          "value": 40,
          "max": 40
        }
      },
      "health60":{
        "minecraft:health": {
          "value": 60,
          "max": 60
        }
      },
      // damage
      "all_damage":{
        "minecraft:damage_sensor": {
          "triggers":[
            {"cause":"starve","deals_damage":true},
            {"cause":"wither","deals_damage":true},
            {"cause": "fall","deals_damage": true},
            {"cause":"lightning","deals_damage":true},
            {"cause":"freezing","deals_damage":true}
          ]
        }
      },
      "pazo_fall":{
        "minecraft:damage_sensor": {
          "triggers":[
            {"cause":"starve","deals_damage":true},
            {"cause":"wither","deals_damage":true},
            {"cause": "fall","deals_damage": false},
            {"cause":"lightning","deals_damage":true},
            {"cause":"freezing","deals_damage":true}
          ]
        }
      },
      "pazo_fall_lightning":{
        "minecraft:damage_sensor": {
          "triggers":[
            {"cause":"starve","deals_damage":true},
            {"cause":"wither","deals_damage":true},
            {"cause": "fall","deals_damage": false},
            {"cause":"lightning","deals_damage":false},
            {"cause":"freezing","deals_damage":true},
            {
              "on_damage": {
                "filters": {
                  "test":"is_family","subject":"other","value":"goro_ex"
                }
              },
              "deals_damage":false
            },
            {
              "on_damage": {
                "filters": {
                  "test":"has_equipment","subject":"other","operator":"==","domain":"hand","value":"op_asa:ju"
                },
                "event":"op_asa:ju_reflect"
              },
              "deals_damage":false
            }
          ]
        }
      },
      "pa_doku":{
        "minecraft:damage_sensor": {
          "triggers":[
            {"cause":"starve","deals_damage":true},
            {"cause":"wither","deals_damage":true},
            {"cause": "fall","deals_damage": true},
            {"cause":"lightning","deals_damage":true},
            {"cause":"freezing","deals_damage":true},
            {
              "on_damage": {
                "filters": {
                  "test":"is_family","subject":"other","value":"doku_ex"
                }
              },
              "deals_damage":false
            },
            {
              "on_damage":{
                "filters": {
                  "test":"in_water","subject":"self","value":false
                },
                "event":"doku_reflection"
              },
              "deals_damage":true
            }
          ]
        }
      },
      "pa_jiki":{
        "minecraft:damage_sensor": {
          "triggers":[
            {"cause":"starve","deals_damage":true},
            {"cause":"wither","deals_damage":true},
            {"cause": "fall","deals_damage": true},
            {"cause":"lightning","deals_damage":true},
            {"cause":"freezing","deals_damage":true},
            {
              "on_damage": {
                "filters": {
                  "test":"has_equipment","subject":"other","operator":"==","domain":"hand","value":"op_asa:ju"
                },
                "event":"op_asa:ju_reflect"
              },
              "deals_damage":false
            }
          ]
        }
      },
      "pa_soru":{
        "minecraft:damage_sensor": {
          "triggers":[
            {"cause":"starve","deals_damage":true},
            {"cause":"wither","deals_damage":true},
            {"cause": "fall","deals_damage": true},
            {"cause":"lightning","deals_damage":true},
            {"cause":"freezing","deals_damage":true},
            {
              "on_damage": {
                "filters": {
                  "all_of":[
                    {"test":"is_family","subject":"other","value":"player"},
                    {"test":"is_family","subject":"other","value":"sorusoru"}
                  ]
                }
              },
              "deals_damage":false
            }
          ]
        }
      },
      "pa_gura":{
        "minecraft:damage_sensor": {
          "triggers":[
            {"cause":"starve","deals_damage":true},
            {"cause":"wither","deals_damage":true},
            {"cause": "fall","deals_damage": true},
            {"cause":"lightning","deals_damage":true},
            {"cause":"freezing","deals_damage":true},
            {
              "on_damage": {
                "filters": {
                  "test":"is_family","subject":"other","value":"gura_ex"
                }
              },
              "deals_damage":false
            }
          ]
        }
      },
      "logia":{
        "minecraft:damage_sensor": {
          "triggers":[
            {"cause":"starve","deals_damage":true},
            {"cause":"wither","deals_damage":true},
            {"cause": "fall","deals_damage": false},
            {"cause":"lightning","deals_damage":true},
            {"cause":"freezing","deals_damage":true},
            {
              "on_damage":{
                "filters": {
                  "any_of": [
                    {"test":"in_water","subject":"self","value":true},
                    {"test":"is_family","subject":"other","value":"ryuo"},
                    {"test":"is_family","subject":"other","value":"b_haki"}
                  ]
                }
              },
              "deals_damage":true
            },
            {
              "on_damage":{
                "filters": {
                  "any_of": [
                    {"test":"is_family","subject":"other","value":"player"},
                    {"test":"is_family","subject":"other","value":"mob"},
                    {"test":"is_family","subject":"other","value":"sorusoru1"}
                  ]
                },
                "event":"logia_particle"
              },
              "deals_damage":false
            }
          ]
        }
      },
      "logia_lightning":{
        "minecraft:damage_sensor": {
          "triggers":[
            {"cause":"starve","deals_damage":true},
            {"cause":"wither","deals_damage":true},
            {"cause": "fall","deals_damage": false},
            {"cause":"lightning","deals_damage":false},
            {"cause":"freezing","deals_damage":true},
            {
              "on_damage": {
                "filters":{
                  "any_of":[
                    {"test":"in_water","subject":"self","value":true},
                    {"test":"is_family","subject":"other","value":"gomgom"},
                    {"test":"has_tag","subject":"other","value":"gomgom"}
                  ]
                }
              },
              "deals_damage":true
            },
            {
              "on_damage": {
                "filters": {
                  "test":"is_family","subject":"other","value":"goro_ex"
                }
              },
              "deals_damage":false
            },
            {
              "on_damage":{
                "filters": {
                  "any_of": [
                    {"test":"is_family","subject":"other","value":"ryuo"},
                    {"test":"is_family","subject":"other","value":"b_haki"}
                  ]
                }
              },
              "deals_damage":true
            },
            {
              "on_damage":{
                "filters": {
                  "any_of": [
                    {"test":"is_family","subject":"other","value":"player"},
                    {"test":"is_family","subject":"other","value":"mob"},
                    {"test":"is_family","subject":"other","value":"sorusoru1"}
                  ]
                },
                "event":"logia_particle"
              },
              "deals_damage":false
            }
          ]
        }
      },
      "logia_pika":{
        "minecraft:damage_sensor": {
          "triggers":[
            {"cause":"starve","deals_damage":true},
            {"cause":"wither","deals_damage":true},
            {"cause": "fall","deals_damage": false},
            {"cause":"lightning","deals_damage":true},
            {"cause":"freezing","deals_damage":true},
            {
              "on_damage": {
                "filters": {
                  "test":"is_family","subject":"other","value":"pika_ex"
                }
              },
              "deals_damage":false
            },
            {
              "on_damage":{
                "filters": {
                  "any_of": [
                    {"test":"in_water","subject":"self","value":true},
                    {"test":"is_family","subject":"other","value":"ryuo"},
                    {"test":"is_family","subject":"other","value":"b_haki"}
                  ]
                }
              },
              "deals_damage":true
            },
            {
              "on_damage":{
                "filters": {
                  "any_of": [
                    {"test":"is_family","subject":"other","value":"player"},
                    {"test":"is_family","subject":"other","value":"mob"},
                    {"test":"is_family","subject":"other","value":"sorusoru1"}
                  ]
                },
                "event":"logia_particle"
              },
              "deals_damage":false
            }
          ]
        }
      },
      "logia_lightning_wither":{
        "minecraft:damage_sensor": {
          "triggers":[
            {"cause":"starve","deals_damage":true},
            {"cause":"wither","deals_damage":false},
            {"cause": "fall","deals_damage": false},
            {"cause":"lightning","deals_damage":false},
            {"cause":"freezing","deals_damage":true},
            {
              "on_damage": {
                "filters": {
                  "test":"is_family","subject":"other","value":"goro_ex"
                }
              },
              "deals_damage":false
            },
            {
              "on_damage":{
                "filters": {
                  "any_of": [
                    {"test":"in_water","subject":"self","value":true},
                    {"test":"is_family","subject":"other","value":"ryuo"},
                    {"test":"is_family","subject":"other","value":"b_haki"}
                  ]
                }
              },
              "deals_damage":true
            },
            {
              "on_damage":{
                "filters": {
                  "any_of": [
                    {"test":"is_family","subject":"other","value":"player"},
                    {"test":"is_family","subject":"other","value":"mob"},
                    {"test":"is_family","subject":"other","value":"sorusoru1"}
                  ]
                },
                "event":"logia_particle"
              },
              "deals_damage":false
            }
          ]
        }
      },
      "logia_freezing":{
        "minecraft:damage_sensor": {
          "triggers":[
            {"cause":"starve","deals_damage":true},
            {"cause":"wither","deals_damage":true},
            {"cause": "fall","deals_damage": false},
            {"cause":"lightning","deals_damage":true},
            {"cause":"freezing","deals_damage":false},
            {
              "on_damage":{
                "filters": {
                  "any_of": [
                    {"test":"in_water","subject":"self","value":true},
                    {"test":"is_family","subject":"other","value":"ryuo"},
                    {"test":"is_family","subject":"other","value":"b_haki"}
                  ]
                }
              },
              "deals_damage":true
            },
            {
              "on_damage":{
                "filters": {
                  "any_of": [
                    {"test":"is_family","subject":"other","value":"player"},
                    {"test":"is_family","subject":"other","value":"mob"},
                    {"test":"is_family","subject":"other","value":"sorusoru1"}
                  ]
                },
                "event":"logia_particle"
              },
              "deals_damage":false
            }
          ]
        }
      },
      // haki
      "b_haki":{
        "minecraft:type_family":{
          "family":["player","b_haki","haki"]
        },
        "minecraft:is_sheared":{}
      },
      "ryuo":{
        "minecraft:type_family":{
          "family":["player","ryuo","haki"]
        },
        "minecraft:is_sheared":{},
        "minecraft:is_chested":{}
      },
      "no_haki":{
        "minecraft:type_family":{
          "family":["player"]
        }
      },
      // akumanomi
      "hiehie":{
        "minecraft:variant":{
          "value":2701
        },
        "minecraft:collision_box": {
          "width": 0.6,
          "height": 1.8
        }
      },
      "gorogoro":{
        "minecraft:variant":{
          "value":2702
        },
        "minecraft:collision_box": {
          "width": 0.6,
          "height": 1.8
        }
      },
      "amal":{
        "minecraft:variant":{
          "value":27021
        },
        "minecraft:collision_box": {
          "width": 0.6,
          "height": 1.8
        }
      },
      "amal_cooltime":{
        "minecraft:variant":{
          "value":270211
        },
        "minecraft:collision_box": {
          "width": 0.6,
          "height": 1.8
        }
      },
      "pikapika":{
        "minecraft:variant":{
          "value":2703
        },
        "minecraft:collision_box": {
          "width": 0.6,
          "height": 1.8
        }
      },
      "yasakaninomagatama":{
        "minecraft:spawn_entity":{
          "entities":{
            "min_wait_time":0,
            "max_wait_time":0,
            "single_use":true,
            "spawn_entity":"op_asa:yasakaninomagatama_p",
            "num_to_spawn":1
          }
        },
        "minecraft:timer": {
          "looping": false,
          "randomInterval": false,
          "time": 0.1,
          "time_down_event": {
           "event": "return",
           "target": "self"
          }
        }
      },
      "sunasuna":{
        "minecraft:variant":{
          "value":2704
        },
        "minecraft:collision_box": {
          "width": 0.6,
          "height": 1.8
        }
      },
      "guragura":{
        "minecraft:variant":{
          "value":2705
        },
        "minecraft:collision_box": {
          "width": 0.6,
          "height": 1.8
        }
      },
      "guragura_p":{
        "minecraft:spawn_entity":{
          "entities":{
            "min_wait_time":0,
            "max_wait_time":0,
            "single_use":true,
            "spawn_entity":"op_asa:guragura_p",
            "num_to_spawn":1
          }
        },
        "minecraft:timer":{
          "looping":false,
          "randomInterval":false,
          "time":0.5,
          "time_down_event":{
            "event":"return",
            "target":"self"
          }
        }
      },
      "murakumokiri":{
        "minecraft:spawn_entity":{
          "entities":{
            "min_wait_time":0,
            "max_wait_time":0,
            "single_use":true,
            "spawn_entity":"op_asa:murakumokiri_p",
            "num_to_spawn":1
          }
        },
        "minecraft:timer":{
          "looping":false,
          "randomInterval":false,
          "time":0.5,
          "time_down_event":{
            "event":"return",
            "target":"self"
          }
        }
      },
      "zusizusi":{
        "minecraft:variant":{
          "value":2706
        },
        "minecraft:collision_box": {
          "width": 0.6,
          "height": 1.8
        }
      },
      "opeope":{
        "minecraft:variant":{
          "value":2707
        },
        "minecraft:collision_box": {
          "width": 0.6,
          "height": 1.8
        }
      },
      "amputate":{
        "minecraft:is_stackable":{}
      },
      "radio_knife":{
        "minecraft:is_stackable":{},
        "minecraft:timer": {
          "looping": false,
          "randomInterval": false,
          "time": 5,
          "time_down_event": {
           "event": "radio_knife_end",
           "target": "self"
          }
        }
      },
      "kikoku_p":{
        "minecraft:spawn_entity":{
          "entities":{
            "min_wait_time":0,
            "max_wait_time":0,
            "single_use":true,
            "spawn_entity":"op_asa:kikoku_p",
            "num_to_spawn":1
          }
        },
        "minecraft:timer":{
          "looping":false,
          "randomInterval":false,
          "time":0.5,
          "time_down_event":{
            "event":"return",
            "target":"self"
          }
        }
      },
      "kikoku_medium_p":{
        "minecraft:spawn_entity":{
          "entities":{
            "min_wait_time":0,
            "max_wait_time":0,
            "single_use":true,
            "spawn_entity":"op_asa:kikoku_medium_p",
            "num_to_spawn":1
          }
        },
        "minecraft:timer":{
          "looping":false,
          "randomInterval":false,
          "time":0.5,
          "time_down_event":{
            "event":"return",
            "target":"self"
          }
        }
      },
      "kikoku_large_p":{
        "minecraft:spawn_entity":{
          "entities":{
            "min_wait_time":0,
            "max_wait_time":0,
            "single_use":true,
            "spawn_entity":"op_asa:kikoku_large_p",
            "num_to_spawn":1
          }
        },
        "minecraft:timer":{
          "looping":false,
          "randomInterval":false,
          "time":0.5,
          "time_down_event":{
            "event":"return",
            "target":"self"
          }
        }
      },
      "meramera":{
        "minecraft:variant":{
          "value":2708
        },
        "minecraft:collision_box": {
          "width": 0.6,
          "height": 1.8
        }
      },
      "kaen_ryuo":{
        "minecraft:spawn_entity":{
          "entities":{
            "min_wait_time":0,
            "max_wait_time":0,
            "single_use":true,
            "spawn_entity":"op_asa:kaen_ryuo_p",
            "num_to_spawn":1
          }
        },
        "minecraft:timer":{
          "looping":false,
          "randomInterval":false,
          "time":1,
          "time_down_event":{
            "event":"return",
            "target":"self"
          }
        }
      },
      "yamiyami":{
        "minecraft:variant":{
          "value":2709
        },
        "minecraft:collision_box": {
          "width": 0.6,
          "height": 1.8
        }
      },
      "magmag":{
        "minecraft:variant":{
          "value":2710
        },
        "minecraft:lava_movement": {
          "value": 0.3
        },
        "minecraft:collision_box": {
          "width": 0.6,
          "height": 1.8
        }
      },
      "ryuseikazan":{
        "minecraft:spawn_entity":{
          "entities":{
            "min_wait_time":0,
            "max_wait_time":0,
            "single_use":true,
            "spawn_entity":"op_asa:ryuseikazan_p",
            "num_to_spawn":1
          }
        },
        "minecraft:timer":{
          "looping":false,
          "randomInterval":false,
          "time":0.1,
          "time_down_event":{
            "event":"return",
            "target":"self"
          }
        }
      },
      "toritori":{
        "minecraft:variant":{
          "value":2711
        },
        "minecraft:collision_box": {
          "width": 0.6,
          "height": 1.8
        }
      },
      "hououin":{
        "minecraft:spawn_entity":{
          "entities":{
            "min_wait_time":0,
            "max_wait_time":0,
            "single_use":true,
            "spawn_entity":"op_asa:hououin_p",
            "num_to_spawn":1
          }
        },
        "minecraft:timer":{
          "looping":false,
          "randomInterval":false,
          "time":1,
          "time_down_event":{
            "event":"return",
            "target":"self"
          }
        }
      },
      "hououin_haki":{
        "minecraft:spawn_entity":{
          "entities":{
            "min_wait_time":0,
            "max_wait_time":0,
            "single_use":true,
            "spawn_entity":"op_asa:hououin_p_haki",
            "num_to_spawn":1
          }
        },
        "minecraft:timer":{
          "looping":false,
          "randomInterval":false,
          "time":1,
          "time_down_event":{
            "event":"return",
            "target":"self"
          }
        }
      },
      "p_phoenix":{
        "minecraft:variant":{
          "value":27112
        },
        "minecraft:collision_box": {
          "width": 0.6,
          "height": 1.8
        }
      },
      "p_phoenix_flying":{
        "minecraft:rideable": {
          "seat_count": 1,
          "family_types": [
            "player"
          ],
          "pull_in_entities": true,
          "seats": [
            {
              "position": [ 0, -2.7, 0.4 ],
              "min_rider_count": 0,
              "max_rider_count": 0,
              "lock_rider_rotation": 0
            }
          ]
        }
      },
      "itoito":{
        "minecraft:variant":{
          "value":2712
        },
        "minecraft:collision_box": {
          "width": 0.6,
          "height": 1.8
        }
      },
      "sorusoru":{
        "minecraft:variant":{
          "value":2713
        },
        "minecraft:collision_box": {
          "width": 0.6,
          "height": 1.8
        }
      },
      "sorusoru_b_haki":{
        "minecraft:type_family":{
          "family":["player","soruplayer","b_haki"]
        },
        "minecraft:is_sheared":{}
      },
      "sorusoru_ryuo":{
        "minecraft:type_family":{
          "family":["player","soruplayer","ryuo"]
        },
        "minecraft:is_sheared":{},
        "minecraft:is_chested":{}
      },
      "sorusoru_no_haki":{
        "minecraft:type_family":{
          "family":["player","soruplayer"]
        }
      },
      "sorusoru_rideable":{
        "minecraft:rideable": {
          "seat_count": 2,
          "family_types": [
            "soru_ride"
          ],
          "pull_in_entities": true,
          "seats": [
            {
              "position": [ 2, 2, -1 ],
              "min_rider_count": 0,
              "max_rider_count": 0,
              "lock_rider_rotation": 0
            },
            {
              "position": [ -2, 2, -1 ],
              "min_rider_count": 0,
              "max_rider_count": 0,
              "lock_rider_rotation": 0
            }
          ]
        }
      },
      "gomgom":{
        "minecraft:variant":{
          "value":2714
        },
        "minecraft:collision_box": {
          "width": 0.6,
          "height": 1.8
        }
      },
      "boundman":{
        "minecraft:variant":{
          "value":27141
        },
        "minecraft:collision_box": {
          "width": 0.6,
          "height": 1.8
        }
      },
      "snakeman":{
        "minecraft:variant":{
          "value":27143
        },
        "minecraft:collision_box": {
          "width": 0.6,
          "height": 1.8
        }
      },
      "gear4_cooltime":{
        "minecraft:variant":{
          "value":27140
        },
        "minecraft:collision_box": {
          "width": 0.6,
          "height": 1.8
        }
      },
      "jet_pistol":{
        "minecraft:spawn_entity":{
          "entities":{
            "min_wait_time":0,
            "max_wait_time":0,
            "single_use":true,
            "spawn_entity":"op_asa:jet_pistol_p",
            "num_to_spawn":1
          }
        },
        "minecraft:timer":{
          "looping":false,
          "randomInterval":false,
          "time":1,
          "time_down_event":{
            "event":"return",
            "target":"self"
          }
        }
      },
      "teach":{
        "minecraft:variant":{
          "value":2715
        },
        "minecraft:collision_box": {
          "width": 0.6,
          "height": 1.8
        }
      },
      "hobihobi":{
        "minecraft:variant":{
          "value":2716
        },
        "minecraft:collision_box": {
          "width": 0.6,
          "height": 1.8
        }
      },
      "betabeta":{
        "minecraft:variant":{
          "value":2717
        },
        "minecraft:collision_box": {
          "width": 0.6,
          "height": 1.8
        }
      },
      "warawara":{
        "minecraft:variant":{
          "value":2718
        },
        "minecraft:collision_box": {
          "width": 0.6,
          "height": 1.8
        }
      },
      "strawman":{
        "minecraft:variant":{
          "value":27181
        },
        "minecraft:collision_box": {
          "width": 0.6,
          "height": 1.8
        }
      },
      "mochimochi":{
        "minecraft:variant":{
          "value":2719
        },
        "minecraft:collision_box": {
          "width": 0.6,
          "height": 1.8
        }
      },
      "uouo":{
        "minecraft:variant":{
          "value":2720
        },
        "minecraft:collision_box": {
          "width": 0.6,
          "height": 1.8
        }
      },
      "uouo2":{
        "minecraft:variant":{
          "value":27201
        },
        "minecraft:collision_box": {
          "width": 2,
          "height": 3
        },
        "minecraft:rideable": {
          "seat_count": 1,
          "family_types": [
            "player"
          ],
          "pull_in_entities": true,
          "seats": [
            {
              "position": [ 0, -0.5, -0.1 ],
              "min_rider_count": 0,
              "max_rider_count": 0,
              "lock_rider_rotation": 0
            }
          ]
        }
      },
      "uouo2_cooltime":{
        "minecraft:variant":{
          "value":272011
        },
        "minecraft:collision_box": {
          "width": 0.6,
          "height": 1.8
        }
      },
      "borobreath_move":{
        "minecraft:spawn_entity":{
          "entities":{
            "min_wait_time":0,
            "max_wait_time":0,
            "single_use":true,
            "spawn_entity":"op_asa:pm_borobreath_p",
            "num_to_spawn":1
          }
        },
        "minecraft:timer":{
          "looping":false,
          "randomInterval":false,
          "time":1,
          "time_down_event":{
            "event":"return",
            "target":"self"
          }
        }
      },
      "borobreath_sneak":{
        "minecraft:spawn_entity":{
          "entities":{
            "min_wait_time":0,
            "max_wait_time":0,
            "single_use":true,
            "spawn_entity":"op_asa:ps_borobreath_p",
            "num_to_spawn":1
          }
        },
        "minecraft:timer":{
          "looping":false,
          "randomInterval":false,
          "time":1,
          "time_down_event":{
            "event":"return",
            "target":"self"
          }
        }
      },
      "borobreath_ground":{
        "minecraft:spawn_entity":{
          "entities":{
            "min_wait_time":0,
            "max_wait_time":0,
            "single_use":true,
            "spawn_entity":"op_asa:pg_borobreath_p",
            "num_to_spawn":1
          }
        },
        "minecraft:timer":{
          "looping":false,
          "randomInterval":false,
          "time":1,
          "time_down_event":{
            "event":"return",
            "target":"self"
          }
        }
      },
      "yomiyomi0":{
        "minecraft:variant":{
          "value":27210
        },
        "minecraft:collision_box": {
          "width": 0.6,
          "height": 1.8
        }
      },
      "yomiyomi":{
        "minecraft:variant":{
          "value":2721
        },
        "minecraft:health": {
          "value": 200,
          "max": 200
        },
        "minecraft:collision_box": {
          "width": 0.6,
          "height": 1.8
        }
      },
      "yomiyomi2":{
        "minecraft:variant":{
          "value":27211
        },
        "minecraft:health": {
          "value": 200,
          "max": 200
        },
        "minecraft:collision_box": {
          "width": 0.0,
          "height": 0.0
        }
      },
      "hitohito":{
        "minecraft:variant":{
          "value":2722
        },
        "minecraft:collision_box": {
          "width": 0.6,
          "height": 1.8
        }
      },
      "hanahana":{
        "minecraft:variant":{
          "value":2723
        },
        "minecraft:collision_box": {
          "width": 0.6,
          "height": 1.8
        }
      },
      "sukesuke":{
        "minecraft:variant":{
          "value":2724
        },
        "minecraft:collision_box": {
          "width": 0.6,
          "height": 1.8
        }
      },
      "noronoro":{
        "minecraft:variant":{
          "value":2725
        },
        "minecraft:collision_box": {
          "width": 0.6,
          "height": 1.8
        }
      },
      "sirosiro":{
        "minecraft:variant":{
          "value":2726
        },
        "minecraft:collision_box": {
          "width": 0.6,
          "height": 1.8
        },
        "minecraft:rideable": {
          "seat_count": 4,
          "family_types": [
            "player"
          ],
          "pull_in_entities": false,
          "seats": [
            {
              "position": [ -0.05, -0.15, 0.05 ],
              "min_rider_count": 0,
              "max_rider_count": 0
            },
            {
              "position": [ 0.05, -0.15, 0.05 ],
              "min_rider_count": 0,
              "max_rider_count": 0
            },
            {
              "position": [ -0.15, -0.15, 0.05 ],
              "min_rider_count": 0,
              "max_rider_count": 0
            },
            {
              "position": [ 0.15, -0.15, 0.05 ],
              "min_rider_count": 0,
              "max_rider_count": 0
            }
          ]
        }
      },
      "sirosiro_rider":{
        "minecraft:scale":{
          "value":0.05
        }
      },
      "baribari":{
        "minecraft:variant":{
          "value":2727
        },
        "minecraft:collision_box": {
          "width": 0.6,
          "height": 1.8
        }
      },
      "mokumoku":{
        "minecraft:variant":{
          "value":2729
        },
        "minecraft:collision_box": {
          "width": 0.6,
          "height": 1.8
        }
      },
      "whiteblow":{
        "minecraft:spawn_entity":{
          "entities":{
            "min_wait_time":0,
            "max_wait_time":0,
            "single_use":true,
            "spawn_entity":"op_asa:whiteblow_p",
            "num_to_spawn":1
          }
        },
        "minecraft:timer":{
          "looping":false,
          "randomInterval":false,
          "time":1,
          "time_down_event":{
            "event":"return",
            "target":"self"
          }
        }
      },
      "whitesnake":{
        "minecraft:spawn_entity":{
          "entities":{
            "min_wait_time":0,
            "max_wait_time":0,
            "single_use":true,
            "spawn_entity":"op_asa:whitesnake_p",
            "num_to_spawn":1
          }
        },
        "minecraft:timer":{
          "looping":false,
          "randomInterval":false,
          "time":1,
          "time_down_event":{
            "event":"return",
            "target":"self"
          }
        }
      },
      "dokudoku":{
        "minecraft:variant":{
          "value":2730
        },
        "minecraft:collision_box": {
          "width": 0.6,
          "height": 1.8
        }
      },
      "dokudoku2":{
        "minecraft:variant":{
          "value":27301
        },
        "minecraft:collision_box": {
          "width": 0.6,
          "height": 1.8
        }
      },
      "dokudoku2_cooltime":{
        "minecraft:variant":{
          "value":273011
        },
        "minecraft:collision_box": {
          "width": 0.6,
          "height": 1.8
        }
      },
      "hotoke":{
        "minecraft:variant":{
          "value":2731
        },
        "minecraft:collision_box": {
          "width": 0.6,
          "height": 1.8
        },
        "minecraft:attack": {
          "damage": 1
        }
      },
      "hotoke2":{
        "minecraft:variant":{
          "value":27311
        },
        "minecraft:attack": {
          "damage": 20
        },
        "minecraft:collision_box": {
          "width": 1.8,
          "height": 5.4
        }
      },
      "hotoke2_cooltime":{
        "minecraft:variant":{
          "value":273111
        },
        "minecraft:collision_box": {
          "width": 0.6,
          "height": 1.8
        },
        "minecraft:attack": {
          "damage": 1
        }
      },
      "jikijiki":{
        "minecraft:variant":{
          "value":2732
        },
        "minecraft:collision_box": {
          "width": 0.6,
          "height": 1.8
        }
      },
      "nikyunikyu":{
        "minecraft:variant":{
          "value":2733
        },
        "minecraft:collision_box": {
          "width": 0.6,
          "height": 1.8
        }
      },
      // buki
      "midoriboshi1":{
        "minecraft:spawn_entity":{
          "entities":{
            "min_wait_time":0,
            "max_wait_time":0,
            "single_use":true,
            "spawn_entity":"op_asa:midoriboshi1_p",
            "num_to_spawn":1
          }
        },
        "minecraft:timer":{
          "looping":false,
          "randomInterval":false,
          "time":0.1,
          "time_down_event":{
            "event":"return",
            "target":"self"
          }
        }
      },
      // vanilla
      "minecraft:add_bad_omen": {
        "minecraft:spell_effects": {
          "add_effects": [
            {
              "effect": "bad_omen",
              "duration": 6000,
              "visible": false,
              "display_on_screen_animation": true
            }
          ]
        },
        "minecraft:timer": {
          "time": [ 0.0, 0.0 ],
          "looping": false,
          "time_down_event": {
            "event": "minecraft:clear_add_bad_omen",
            "target": "self"
          }
        }
      },
      "minecraft:clear_bad_omen_spell_effect": {
        "minecraft:spell_effects": {
        }
      },
      "minecraft:raid_trigger": {
        "minecraft:raid_trigger": {
          "triggered_event": {
            "event": "minecraft:remove_raid_trigger",
            "target": "self"
          }
        },
        "minecraft:spell_effects": {
          "remove_effects": "bad_omen"
        }
      }
    },

    "components": {
      "minecraft:type_family":{
        "family":["player"]
      },
      "minecraft:health": {
        "value": 40,
        "max": 40
      },
      "minecraft:experience_reward": {
        "on_death": "Math.Min(query.player_level * 7, 100)"
      },
      "minecraft:is_hidden_when_invisible": {
      },
      "minecraft:loot": {
        "table": "loot_tables/empty.json"
      },
      "minecraft:collision_box": {
        "width": 0.6,
        "height": 1.8
      },
      "minecraft:can_climb": {
      },
      "minecraft:movement": {
        "value": 0.1
      },
      "minecraft:hurt_on_condition": {
        "damage_conditions": [
          {
            "filters": { "test": "in_lava", "subject": "self", "operator": "==", "value": true },
            "cause": "lava",
            "damage_per_tick": 4
          }
        ]
      },
      "minecraft:attack": {
        "damage": 1
      },
      "minecraft:exhaustion_values": {
        "heal": 6,
        "jump": 0.05,
        "sprint_jump": 0.2,
        "mine": 0.005,
        "attack": 0.1,
        "damage": 0.1,
        "walk": 0.0,
        "sprint": 0.01,
        "swim": 0.01
      },
      "minecraft:player.saturation": {
        "value": 5,
         "max": 20
      },
      "minecraft:player.exhaustion": {
        "value": 0,
        "max": 20
      },
      "minecraft:player.level": {
        "value": 0,
        "max": 24791
      },
      "minecraft:player.experience": {
        "value": 0,
        "max": 1
      },
      "minecraft:breathable": {
        "breathes_solids":false,
        "total_supply": 15,
        "suffocate_time": -1,
        "inhale_time": 3.75,
        "generates_bubbles": false
      },
      "minecraft:nameable": {
        "always_show": true,
        "allow_name_tag_renaming": false
      },
      "minecraft:physics": {
      },
      "minecraft:pushable": {
        "is_pushable": false,
        "is_pushable_by_piston": true
      },
      "minecraft:insomnia": {
        "days_until_insomnia": 3
      },
      "minecraft:rideable": {
        "seat_count": 2,
        "family_types": [
          "parrot_tame"
        ],
        "pull_in_entities": true,
        "seats": [
          {
            "position": [ 0.4, -0.2, -0.1 ],
            "min_rider_count": 0,
            "max_rider_count": 0,
            "lock_rider_rotation": 0
          },
          {
            "position": [ -0.4, -0.2, -0.1 ],
            "min_rider_count": 1,
            "max_rider_count": 2,
            "lock_rider_rotation": 0
          }
        ]
      },
      "minecraft:conditional_bandwidth_optimization": {
      },
      "minecraft:block_climber": {},
      "minecraft:environment_sensor": {
        "triggers": [
          // haki tag
          {
            "filters":{
              "all_of":[
                {
                  "test":"has_tag",
                  "value":"b_haki"
                },
                {
                  "test":"is_family",
                  "operator":"!=",
                  "value":"b_haki"
                },
                {
                  "test":"is_family",
                  "operator":"!=",
                  "value":"soruplayer"
                }
              ]
            },
            "event":"b_haki"
          },
          {
            "filters":{
              "all_of": [
                {
                  "test":"has_tag",
                  "operator":"!=",
                  "value":"b_haki"
                },
                {
                  "test":"is_family",
                  "value":"b_haki"
                },
                {
                  "test":"is_family",
                  "operator":"!=",
                  "value":"soruplayer"
                }
              ]
            },
            "event":"b_haki_end"
          },
          {
            "filters":{
              "all_of":[
                {
                  "test":"has_tag",
                  "value":"ryuo"
                },
                {
                  "test":"is_family",
                  "operator":"!=",
                  "value":"ryuo"
                },
                {
                  "test":"is_family",
                  "operator":"!=",
                  "value":"soruplayer"
                }
              ]
            },
            "event":"ryuo"
          },
          {
            "filters":{
              "all_of": [
                {
                  "test":"has_tag",
                  "operator":"!=",
                  "value":"ryuo"
                },
                {
                  "test":"is_family",
                  "value":"ryuo"
                },
                {
                  "test":"is_family",
                  "operator":"!=",
                  "value":"soruplayer"
                }
              ]
            },
            "event":"ryuo_end"
          },
          // akumanomi
          {
            "filters":{
              "all_of":[
                {
                  "test":"has_equipment",
                  "domain":"torso",
                  "value":"op_asa:amal"
                },
                {
                  "test":"is_variant",
                  "value":2702
                }
              ]
            },
            "event":"be_amal"
          },
          {
            "filters":{
              "all_of":[
                {
                  "test":"has_equipment",
                  "operator":"<>",
                  "domain":"torso",
                  "value":"op_asa:amal"
                },
                {
                  "test":"is_variant",
                  "value":27021
                },
                {
                  "test":"has_tag",
                  "value":"gorogoro"
                }
              ]
            },
            "event":"amal_end"
          },
          {
            "filters":{
              "all_of":[
                {
                  "test":"has_equipment",
                  "domain":"torso",
                  "value":"op_asa:perfect_phoenix"
                },
                {
                  "test":"has_tag",
                  "operator":"!=",
                  "value":"p_phoenix"
                },
                {
                  "test":"is_variant",
                  "value":2711
                }
              ]
            },
            "event":"p_phoenix_elytra"
          },
          {
            "filters":{
              "all_of":[
                {
                  "test":"has_tag",
                  "value":"p_phoenix"
                },
                {
                  "test":"has_equipment",
                  "domain":"torso",
                  "value":"minecraft:elytra"
                },
                {
                  "test":"is_variant",
                  "value":2711
                }
              ]
            },
            "event":"be_p_phoenix"
          },
          {
            "filters":{
              "all_of":[
                {
                  "test":"is_variant",
                  "value":27112
                },
                {
                  "test":"has_component",
                  "operator":"!=",
                  "value":"minecraft:rideable"
                },
                {
                  "test":"on_ground",
                  "value":false
                }
              ]
            },
            "event":"p_phoenix_flying"
          },
          {
            "filters":{
              "all_of":[
                {
                  "test":"is_variant",
                  "value":27112
                },
                {
                  "test":"has_component",
                  "value":"minecraft:rideable"
                },
                {
                  "test":"on_ground",
                  "value":true
                }
              ]
            },
            "event":"p_phoenix_not_flying"
          },
          {
            "filters":{
              "all_of":[
                {
                  "test":"has_equipment",
                  "operator":"<>",
                  "domain":"torso",
                  "value":"minecraft:elytra"
                },
                {
                  "test":"is_variant",
                  "value":27112
                },
                {
                  "test":"has_tag",
                  "value":"toritori"
                }
              ]
            },
            "event":"p_phoenix_end"
          },
          {
            "filters":{
              "all_of":[
                { "test":"is_family","operator":"!=","value":"haki" },
                { "test":"is_variant","value":27141 }
              ]
            },
            "event":"boundman_end"
          },
          {
            "filters":{
              "all_of":[
                { "test":"is_family","operator":"!=","value":"haki" },
                { "test":"is_variant","value":27143 }
              ]
            },
            "event":"snakeman_end"
          },
          {
            "filters":{
              "all_of":[
                {
                  "test":"has_equipment",
                  "domain":"hand",
                  "value":"op_asa:straw_doll"
                },
                {
                  "test":"is_variant",
                  "value":2718
                }
              ]
            },
            "event":"be_strawman"
          },
          {
            "filters":{
              "all_of":[
                {
                  "test":"has_equipment",
                  "domain":"hand",
                  "operator":"<>",
                  "value":"op_asa:straw_doll"
                },
                {
                  "test":"is_variant",
                  "value":27181
                }
              ]
            },
            "event":"strawman_end"
          },
          {
            "filters":{
              "all_of":[
                {
                  "test":"has_equipment",
                  "domain":"torso",
                  "value":"op_asa:uouo2"
                },
                {
                  "test":"has_tag",
                  "operator":"!=",
                  "value":"uouo2"
                },
                {
                  "test":"is_variant",
                  "value":2720
                }
              ]
            },
            "event":"uouo2_elytra"
          },
          {
            "filters":{
              "all_of":[
                {
                  "test":"has_equipment",
                  "domain":"torso",
                  "value":"elytra"
                },
                {
                  "test":"has_tag",
                  "value":"uouo2"
                },
                {
                  "test":"is_variant",
                  "value":2720
                }
              ]
            },
            "event":"be_uouo2"
          },
          {
            "filters":{
              "all_of":[
                {
                  "test":"has_equipment",
                  "operator":"<>",
                  "domain":"torso",
                  "value":"minecraft:elytra"
                },
                {
                  "test":"is_variant",
                  "value":27201
                },
                {
                  "test":"has_tag",
                  "value":"uouo"
                }
              ]
            },
            "event":"uouo2_end"
          },
          {
            "filters":{
              "all_of":[
                {
                  "test":"has_tag",
                  "value":"yomiyomi"
                },
                {
                  "test":"is_variant",
                  "value":27210
                }
              ]
            },
            "event":"be_yomiyomi"
          },
          {
            "filters":{
              "all_of":[
                {
                  "test":"has_tag",
                  "value":"yomiyomi2"
                },
                {
                  "test":"is_variant",
                  "value":2721
                }
              ]
            },
            "event":"be_yomiyomi2"
          },
          {
            "filters":{
              "all_of":[
                {
                  "test":"has_tag",
                  "operator":"!=",
                  "value":"yomiyomi2"
                },
                {
                  "test":"is_variant",
                  "value":27211
                }
              ]
            },
            "event":"yomiyomi2_end"
          },
          {
            "filters": {
              "all_of":[
                {
                  "test":"is_underground",
                  "value":true
                },
                {
                  "test":"has_tag",
                  "operator":"!=",
                  "value":"underground"
                }
              ]
            },
            "event": "underground"
          },
          {
            "filters": {
              "all_of":[
                {
                  "test":"is_underground",
                  "value":false
                },
                {
                  "test":"has_tag",
                  "value":"underground"
                }
              ]
            },
            "event": "onground"
          },
          {
            "filters":{
              "all_of":[
                {
                  "test":"has_tag",
                  "value":"sirosiro_rider"
                },
                {
                  "test":"is_riding",
                  "value":true
                }
              ]
            },
            "event":"sirosiro_rider"
          },
          {
            "filters":{
              "any_of":[
                {
                  "test":"has_tag",
                  "operator":"!=",
                  "value":"sirosiro_rider"
                },
                {
                  "test":"is_riding",
                  "value":false
                }
              ]
            },
            "event":"sirosiro_rider_end"
          },
          {
            "filters":{
              "all_of":[
                {
                  "test":"has_equipment",
                  "domain":"torso",
                  "value":"op_asa:venomdemon"
                },
                {
                  "test":"is_variant",
                  "value":2730
                }
              ]
            },
            "event":"be_dokudoku2"
          },
          {
            "filters":{
              "all_of":[
                {
                  "test":"has_equipment","operator":"<>","domain":"torso","value":"op_asa:venomdemon"
                },
                {
                  "test":"is_variant","value":27301
                },
                {
                  "test":"has_tag","value":"dokudoku"
                }
              ]
            },
            "event":"dokudoku2_end"
          },
          {
            "filters":{
              "all_of":[
                {
                  "test":"has_equipment","domain":"head","value":"op_asa:hotoke2"
                },
                {
                  "test":"is_variant","value":2731
                }
              ]
            },
            "event":"be_hotoke2"
          },
          {
            "filters":{
              "all_of":[
                {
                  "test":"has_equipment","operator":"<>","domain":"head","value":"op_asa:hotoke2"
                },
                {
                  "test":"is_variant","value":27311
                },
                {
                  "test":"has_tag","value":"hotoke"
                }
              ]
            },
            "event":"hotoke2_end"
          },
          {
            "filters":{
              "all_of":[
                {
                  "test":"is_variant","value":273111
                },
                {
                  "test":"has_tag","value":"coolup"
                }
              ]
            },
            "event":"hotoke2_coolup"
          },
          {
            "filters":{
              "test":"has_tag","value":"mochituki_attack"
            },
            "event":"mochituki_attack"
          },
          // jikijiki
          {
            "filters":{
              "test":"has_tag","value":"jiki1_attack"
            },
            "event":"jiki1_attack"
          },
          {
            "filters":{
              "test":"has_tag","value":"jiki2_attack"
            },
            "event":"jiki2_attack"
          },
          // sorusoru
          {
            "filters":{
              "all_of":[
                {
                  "test":"has_tag","value":"b_haki"
                },
                {
                  "test":"is_family","operator":"!=","value":"b_haki"
                },
                {
                  "test":"is_family","value":"soruplayer"
                }
              ]
            },
            "event":"sorusoru_b_haki"
          },
          {
            "filters":{
              "all_of": [
                {
                  "test":"has_tag","operator":"!=","value":"b_haki"
                },
                {
                  "test":"is_family","value":"b_haki"
                },
                {
                  "test":"is_family","value":"soruplayer"
                }
              ]
            },
            "event":"sorusoru_b_haki_end"
          },
          {
            "filters":{
              "all_of":[
                {
                  "test":"has_tag","value":"ryuo"
                },
                {
                  "test":"is_family","operator":"!=","value":"ryuo"
                },
                {
                  "test":"is_family","value":"soruplayer"
                }
              ]
            },
            "event":"sorusoru_ryuo"
          },
          {
            "filters":{
              "all_of": [
                {
                  "test":"has_tag","operator":"!=","value":"ryuo"
                },
                {
                  "test":"is_family","value":"ryuo"
                },
                {
                  "test":"is_family","value":"soruplayer"
                }
              ]
            },
            "event":"sorusoru_ryuo_end"
          },
          {
            "filters":{
              "all_of":[
                {
                  "test":"is_variant","value":2713
                },
                {
                  "test":"is_sneaking","value":true
                },
                {
                  "test":"has_component","value":"minecraft:rideable"
                }
              ]
            },
            "event":"sorusoru_unrideable"
          },
          {
            "filters":{
              "all_of":[
                {
                  "test":"is_variant","value":2713
                },
                {
                  "test":"is_sneaking","value":false
                },
                {
                  "test":"has_component","operator":"!=","value":"minecraft:rideable"
                }
              ]
            },
            "event":"sorusoru_rideable"
          },
          // score event
          {
            "filters":{
              "test":"has_tag","value":"score_start"
            },
            "event":"scored"
          },
          // weather tag
          {
            "filters": {
              "all_of": [
                {
                  "test": "weather_at_position","value": "thunderstorm"
                },
                {
                  "test": "has_tag","operator":"!=","value": "thunderstorm"
                }
              ]
            },
            "event": "thunderstorm"
          },
          {
            "filters": {
              "all_of": [
                {
                  "test": "weather_at_position","operator":"!=","value": "thunderstorm"
                },
                {
                  "test": "has_tag","operator":"==","value": "thunderstorm"
                }
              ]
            },
            "event": "no_thunderstorm"
          },
          {
            "filters": {
              "all_of": [
                {
                  "test": "weather","value": "clear"
                },
                {
                  "test": "is_daytime","value": true
                },
                {
                  "test": "has_tag","operator":"!=","value": "sunny"
                }
              ]
            },
            "event": "sunny"
          },
          {
            "filters": {
              "all_of": [
                {
                  "any_of":[
                    {
                      "test": "weather","operator":"!=","value": "clear"
                    },
                    {
                      "test": "is_daytime","value": false
                    }
                  ]
                },
                {
                  "test": "has_tag","operator":"==","value": "sunny"
                }
              ]
            },
            "event": "no_sunny"
          },
          // difficulty tag
          {
            "filters": {
              "all_of": [
                {
                  "test": "is_difficulty","value": "easy"
                },
                {
                  "test": "has_tag","operator":"!=","value": "easy"
                }
              ]
            },
            "event": "mode_easy"
          },
          {
            "filters": {
              "all_of": [
                {
                  "test": "is_difficulty","value": "hard"
                },
                {
                  "test": "has_tag","operator":"!=","value": "hard"
                }
              ]
            },
            "event": "mode_hard"
          },
          {
            "filters": {
              "all_of": [
                {
                  "test": "is_difficulty","value": "normal"
                },
                {
                  "test": "has_tag","operator":"!=","value": "normal"
                }
              ]
            },
            "event": "mode_normal"
          },
          {
            "filters": {
              "all_of": [
                {
                  "test": "is_difficulty","value": "peaceful"
                },
                {
                  "test": "has_tag","operator":"!=","value": "peaceful"
                }
              ]
            },
            "event": "mode_peaceful"
          },
          // vanilla
          {
            "filters": {
              "all_of": [
                {
                  "test": "has_mob_effect",
                  "subject": "self",
                  "value": "bad_omen"
                },
                {
                  "test": "is_in_village",
                  "subject": "self",
                  "value": true
                }
              ]
            },
            "event": "minecraft:trigger_raid"
          }
        ]
      }
    },

    "events": {
      "minecraft:entity_spawned":{
        "add":{
          "component_groups":["xxx"]
        }
      },
      "amputate":{
        "add":{
          "component_groups":["amputate"]
        }
      },
      "amputate_end":{
        "remove":{
          "component_groups":["amputate"]
        }
      },
      "radio_knife":{
        "add":{
          "component_groups":["radio_knife"]
        },
        "run_command":{
          "command":"effect @s slowness 5 20 true"
        }
      },
      "radio_knife_end":{
        "remove":{
          "component_groups":["radio_knife"]
        }
      },
      // haki
      "b_haki":{
        "remove":{
          "component_groups":[ "ryuo","no_haki" ]
        },
        "add":{
          "component_groups":[ "b_haki" ]
        }
      },
      "b_haki_end":{
        "remove":{
          "component_groups":[ "b_haki" ]
        },
        "add":{
          "component_groups":[ "no_haki" ]
        }
      },
      "ryuo":{
        "remove":{
          "component_groups":[ "b_haki","no_haki" ]
        },
        "add":{
          "component_groups":[ "ryuo" ]
        }
      },
      "ryuo_end":{
        "remove":{
          "component_groups":[ "ryuo" ]
        },
        "add":{
          "component_groups":[ "no_haki" ]
        }
      },
      // akumanomi
      "akumanomi":{
        "sequence":[
          {
            "filters": {
              "test": "is_family","operator":"!=","value": "soruplayer"
            },
            "remove":{
              "component_groups":["amal","amal_cooltime","baribari","betabeta","boundman","dokudoku","dokudoku2","dokudoku2_cooltime","gear4_cooltime","gomgom","gorogoro","guragura","pa_gura","hanahana","health60","hiehie","hitohito","hobihobi","hotoke","hotoke2","hotoke2_cooltime","itoito","logia","logia_lightning","logia_lightning_wither","logia_pika","logia_freezing","magmag","meramera","mochimochi","mokumoku","noronoro","opeope","pa_doku","pazo_fall","pazo_fall_lightning","pikapika","sirosiro","snakeman","sorusoru","strawman","sukesuke","sunasuna","teach","toritori","p_phoenix","uouo","uouo2","uouo2_cooltime","warawara","yamiyami","yomiyomi","yomiyomi0","yomiyomi2","zusizusi","all_damage","health40","jikijiki","nikyunikyu","sorusoru_rideable","pa_soru","xxx","p_phoenix_flying"]
            }
          },
          {
            "filters": {
              "test": "is_family","operator":"==","value": "soruplayer"
            },
            "remove":{
              "component_groups":[
                "amal","amal_cooltime","baribari","betabeta","boundman","dokudoku","dokudoku2","dokudoku2_cooltime","gear4_cooltime","gomgom","gorogoro","guragura","pa_gura","hanahana","health60","hiehie","hitohito","hobihobi","hotoke","hotoke2","hotoke2_cooltime","itoito","logia","logia_lightning","logia_lightning_wither","logia_pika","logia_freezing","magmag","meramera","mochimochi","mokumoku","noronoro","opeope","pa_doku","pazo_fall","pazo_fall_lightning","pikapika","sirosiro","snakeman","sorusoru","strawman","sukesuke","sunasuna","teach","toritori","p_phoenix","uouo","uouo2","uouo2_cooltime","warawara","yamiyami","yomiyomi","yomiyomi0","yomiyomi2","zusizusi","all_damage","health40","jikijiki","nikyunikyu","sorusoru_rideable","pa_soru","xxx","sorusoru_b_haki","sorusoru_ryuo","sorusoru_no_haki","p_phoenix_flying"
              ]
            },
            "add":{
              "component_groups":["no_haki"]
            }
          },
          {
            "filters": {
              "test": "has_tag","value": "hiehie"
            },
            "add":{
              "component_groups":["hiehie","logia_freezing","health40"]
            },
            "run_command":{
              "command":"function akumanomi/hiehie/hie_give"
            }
          },
          {
            "filters": {
              "test": "has_tag","value": "gorogoro"
            },
            "add":{
              "component_groups":["gorogoro","logia_lightning","health40"]
            },
            "run_command":{
              "command":"function akumanomi/gorogoro/goro_give"
            }
          },
          {
            "filters": {
              "test": "has_tag","value": "pikapika"
            },
            "add":{
              "component_groups":["pikapika","logia_pika","health40"]
            },
            "run_command":{
              "command":"function akumanomi/pikapika/pika_give"
            }
          },
          {
            "filters": {
              "test": "has_tag","value": "sunasuna"
            },
            "add":{
              "component_groups":["sunasuna","logia_lightning_wither","health40"]
            },
            "run_command":{
              "command":"function akumanomi/sunasuna/suna_give"
            }
          },
          {
            "filters": {
              "all_of":[
                {
                  "test": "has_tag","value": "guragura"
                },
                {
                  "test": "has_tag","operator":"!=","value": "yamiyami"
                }
              ]
            },
            "add":{
              "component_groups":["guragura","pa_gura","health40"]
            },
            "run_command":{
              "command":"function akumanomi/guragura/gura_give"
            }
          },
          {
            "filters": {
              "test": "has_tag","value": "zusizusi"
            },
            "add":{
              "component_groups":["zusizusi","all_damage","health40"]
            },
            "run_command":{
              "command":"function akumanomi/zusizusi/zusi_give"
            }
          },
          {
            "filters": {
              "test": "has_tag","value": "opeope"
            },
            "add":{
              "component_groups":["opeope","all_damage","health40"]
            },
            "run_command":{
              "command":"function akumanomi/opeope/ope_give"
            }
          },
          {
            "filters": {
              "test": "has_tag","value": "meramera"
            },
            "add":{
              "component_groups":["meramera","logia","health40"]
            },
            "run_command":{
              "command":"function akumanomi/meramera/mera_give"
            }
          },
          {
            "filters": {
              "all_of":[
                {
                  "test": "has_tag","value": "yamiyami"
                },
                {
                  "test": "has_tag","operator":"!=","value": "guragura"
                }
              ]
            },
            "add":{
              "component_groups":["yamiyami","all_damage","health40"]
            },
            "run_command":{
              "command":"function akumanomi/yamiyami/yami_give"
            }
          },
          {
            "filters": {
              "test": "has_tag","value": "magmag"
            },
            "add":{
              "component_groups":["magmag","logia","health40"]
            },
            "run_command":{
              "command":"function akumanomi/magmag/mag_give"
            }
          },
          {
            "filters": {
              "test": "has_tag","value": "toritori"
            },
            "add":{
              "component_groups":["toritori","all_damage","health60"]
            },
            "run_command":{
              "command":"function akumanomi/toritori/tori_give"
            }
          },
          {
            "filters": {
              "test": "has_tag","value": "itoito"
            },
            "add":{
              "component_groups":["itoito","all_damage","health40"]
            },
            "run_command":{
              "command":"function akumanomi/itoito/ito_give"
            }
          },
          {
            "filters": {
              "test": "has_tag","value": "sorusoru"
            },
            "sequence":[
              {
                "remove":{
                  "component_groups":["no_haki","b_haki","ryuo"]
                }
              },
              {
                "add":{
                  "component_groups":["sorusoru","pa_soru","health40","sorusoru_no_haki"]
                }
              },
              {
                "run_command":{
                  "command":"function akumanomi/sorusoru/soru_give"
                }
              }
            ]
          },
          {
            "filters": {
              "test": "has_tag","value": "gomgom"
            },
            "add":{
              "component_groups":["gomgom","pazo_fall_lightning","health40"]
            },
            "run_command":{
              "command":"function akumanomi/gomgom/gom_give"
            }
          },
          {
            "filters": {
              "all_of":[
                {
                  "test": "has_tag","value": "yamiyami"
                },
                {
                  "test": "has_tag","value": "guragura"
                }
              ]
            },
            "add":{
              "component_groups":["teach","pa_gura","health40"]
            },
            "run_command":{
              "command":"function akumanomi/yamiyami/yami2_give"
            }
          },
          {
            "filters": {
              "test": "has_tag","value": "hobihobi"
            },
            "add":{
              "component_groups":["hobihobi","all_damage","health40"]
            },
            "run_command":{
              "command":"function akumanomi/hobihobi/hobi_give"
            }
          },
          {
            "filters": {
              "test": "has_tag","value": "betabeta"
            },
            "add":{
              "component_groups":["betabeta","all_damage","health40"]
            },
            "run_command":{
              "command":"function akumanomi/betabeta/beta_give"
            }
          },
          {
            "filters": {
              "test": "has_tag","value": "warawara"
            },
            "add":{
              "component_groups":["warawara","all_damage","health40"]
            },
            "run_command":{
              "command":"function akumanomi/warawara/wara_give"
            }
          },
          {
            "filters": {
              "test": "has_tag","value": "mochimochi"
            },
            "add":{
              "component_groups":["mochimochi","pazo_fall","health40"]
            },
            "run_command":{
              "command":"function akumanomi/mochimochi/mochi_give"
            }
          },
          {
            "filters": {
              "test": "has_tag","value": "uouo"
            },
            "add":{
              "component_groups":["uouo","all_damage","health60"]
            },
            "run_command":{
              "command":"function akumanomi/uouo/uo_give"
            }
          },
          {
            "filters": {
              "test": "has_tag","value": "yomiyomi0"
            },
            "add":{
              "component_groups":["yomiyomi0","all_damage","health40"]
            }
          },
          {
            "filters": {
              "test": "has_tag","value": "hitohito"
            },
            "add":{
              "component_groups":["hitohito","all_damage","health60"]
            },
            "run_command":{
              "command":"tag @s add hitohito"
            }
          },
          {
            "filters": {
              "test": "has_tag","value": "hanahana"
            },
            "add":{
              "component_groups":["hanahana","all_damage","health40"]
            },
            "run_command":{
              "command":"function akumanomi/hanahana/hana_give"
            }
          },
          {
            "filters": {
              "test": "has_tag","value": "sukesuke"
            },
            "add":{
              "component_groups":["sukesuke","all_damage","health40"]
            },
            "run_command":{
              "command":"function akumanomi/sukesuke/suke_give"
            }
          },
          {
            "filters": {
              "test": "has_tag","value": "noronoro"
            },
            "add":{
              "component_groups":["noronoro","all_damage","health40"]
            },
            "run_command":{
              "command":"function akumanomi/noronoro/noro_give"
            }
          },
          {
            "filters": {
              "test": "has_tag","value": "sirosiro"
            },
            "add":{
              "component_groups":["sirosiro","all_damage","health40"]
            },
            "run_command":{
              "command":"function akumanomi/sirosiro/siro_give"
            }
          },
          {
            "filters": {
              "test": "has_tag","value": "baribari"
            },
            "add":{
              "component_groups":["baribari","all_damage","health40"]
            },
            "run_command":{
              "command":"function akumanomi/baribari/bari_give"
            }
          },
          {
            "filters": {
              "test": "has_tag","value": "mokumoku"
            },
            "add":{
              "component_groups":["mokumoku","logia","health40"]
            },
            "run_command":{
              "command":"function akumanomi/mokumoku/moku_give"
            }
          },
          {
            "filters": {
              "test": "has_tag","value": "dokudoku"
            },
            "add":{
              "component_groups":["dokudoku","pa_doku","health40"]
            },
            "run_command":{
              "command":"function akumanomi/dokudoku/doku_give"
            }
          },
          {
            "filters": {
              "test": "has_tag","value": "hotoke"
            },
            "add":{
              "component_groups":["hotoke","all_damage","health60"]
            },
            "run_command":{
              "command":"function akumanomi/hitohito/hotoke_give"
            }
          },
          {
            "filters": {
              "test": "has_tag","value": "jikijiki"
            },
            "add":{
              "component_groups":["jikijiki","all_damage","health40"]
            },
            "run_command":{
              "command":"function akumanomi/jikijiki/jiki_give"
            }
          },
          {
            "filters": {
              "test": "has_tag","value": "nikyunikyu"
            },
            "add":{
              "component_groups":["nikyunikyu","all_damage","health40"]
            },
            "run_command":{
              "command":"function akumanomi/nikyunikyu/nikyu_give"
            }
          }
        ]
      },
      // gorogoro
      "be_amal":{
        "remove":{
          "component_groups":["gorogoro"]
        },
        "add":{
          "component_groups":["amal"]
        }
      },
      "amal_end":{
        "run_command":{
          "command":"clear @s op_asa:amal"
        },
        "remove":{
          "component_groups":["amal"]
        },
        "add":{
          "component_groups":["amal_cooltime"]
        }
      },
      "amal_coolup":{
        "remove":{
          "component_groups":["amal_cooltime"]
        },
        "add":{
          "component_groups":["gorogoro"]
        },
        "run_command":{
          "command":"function akumanomi/gorogoro/goro_give"
        }
      },
      // pikapika
      "be_yasakaninomagatama":{
        "add":{
          "component_groups":["yasakaninomagatama"]
        }
      },
      // guragura
      "be_guragura_p":{
        "add":{
          "component_groups":["guragura_p"]
        }
      },
      "murakumokiri":{
        "add":{
          "component_groups":["murakumokiri"]
        }
      },
      // meramera
      "kaen_ryuo":{
        "add":{
          "component_groups":["kaen_ryuo"]
        }
      },
      // opeope
      "kikoku_p":{
        "sequence":[
          {
            "filters":{
              "test":"has_equipment","domain":"hand","value":"op_asa:room"
            },
            "add":{
              "component_groups":["kikoku_p"]
            }
          },
          {
            "filters":{
              "test":"has_equipment","domain":"hand","value":"op_asa:room_medium"
            },
            "add":{
              "component_groups":["kikoku_medium_p"]
            }
          },
          {
            "filters":{
              "test":"has_equipment","domain":"hand","value":"op_asa:room_large"
            },
            "add":{
              "component_groups":["kikoku_large_p"]
            }
          }
        ]
      },
      // magmag
      "be_ryuseikazan":{
        "add":{
          "component_groups":["ryuseikazan"]
        }
      },
      // toritori
      "hououin":{
        "sequence":[
          {
            "filters": {
              "test": "is_family","operator":"!=","value": "haki"
            },
            "add":{
              "component_groups":["hououin"]
            }
          },
          {
            "filters": {
              "test": "is_family","value": "haki"
            },
            "add":{
              "component_groups":["hououin_haki"]
            }
          }
        ]
      },
      "p_phoenix_elytra":{
        "run_command":{
          "command":"function akumanomi/toritori/p_phoenix_elytra"
        }
      },
      "be_p_phoenix":{
        "remove":{
          "component_groups":["toritori","all_damage"]
        },
        "add":{
          "component_groups":["p_phoenix","pazo_fall"]
        },
        "run_command":{
          "command":"function akumanomi/toritori/p_phoenix_start"
        }
      },
      "p_phoenix_flying":{
        "add":{
          "component_groups":["p_phoenix_flying"]
        }
      },
      "p_phoenix_not_flying":{
        "remove":{
          "component_groups":["p_phoenix_flying"]
        }
      },
      "p_phoenix_end":{
        "remove":{
          "component_groups":[ "p_phoenix","pazo_fall" ]
        },
        "add":{
          "component_groups":[ "toritori","all_damage" ]
        },
        "run_command":{
          "command":["tag @s remove p_phoenix","function akumanomi/toritori/tori_give"]
        }
      },
      // sorusoru
      "sorusoru_b_haki":{
        "remove":{
          "component_groups":[ "sorusoru_ryuo","sorusoru_no_haki" ]
        },
        "add":{
          "component_groups":[ "sorusoru_b_haki" ]
        }
      },
      "sorusoru_b_haki_end":{
        "remove":{
          "component_groups":[ "sorusoru_b_haki" ]
        },
        "add":{
          "component_groups":[ "sorusoru_no_haki" ]
        }
      },
      "sorusoru_ryuo":{
        "remove":{
          "component_groups":[ "sorusoru_b_haki","sorusoru_no_haki" ]
        },
        "add":{
          "component_groups":[ "sorusoru_ryuo" ]
        }
      },
      "sorusoru_ryuo_end":{
        "remove":{
          "component_groups":[ "sorusoru_ryuo" ]
        },
        "add":{
          "component_groups":[ "sorusoru_no_haki" ]
        }
      },
      "sorusoru_rideable":{
        "add":{
          "component_groups":[ "sorusoru_rideable" ]
        }
      },
      "sorusoru_unrideable":{
        "remove":{
          "component_groups":[ "sorusoru_rideable" ]
        }
      },
      // gomgom
      "be_jet_pistol":{
        "add":{
          "component_groups":["jet_pistol"]
        }
      },
      "boundman":{
        "remove":{
          "component_groups":["gomgom","health40"]
        },
        "add":{
          "component_groups":["boundman","health60"]
        },
        "run_command":{
          "command":[
            "tag @s add boundman",
            "function akumanomi/gomgom/gear4start",
            "function akumanomi/gomgom/boundman_give"
          ]
        }
      },
      "boundman_end":{
        "remove":{
          "component_groups":["boundman","health60"]
        },
        "add":{
          "component_groups":["gomgom","health40"]
        },
        "run_command":{
          "command":["tag @s remove boundman","function akumanomi/gomgom/gom_give"]
        }
      },
      "gear4_cooltime":{
        "remove":{
          "component_groups":["boundman","snakeman","health60"]
        },
        "add":{
          "component_groups":["gear4_cooltime","health40"]
        },
        "run_command":{
          "command":"function akumanomi/gomgom/gear4_cooltime_start"
        }
      },
      "gear4_coolup":{
        "remove":{
          "component_groups":["gear4_cooltime"]
        },
        "add":{
          "component_groups":["gomgom"]
        },
        "run_command":{
          "command":"function akumanomi/gomgom/gear4_coolup_give"
        }
      },
      "snakeman":{
        "remove":{
          "component_groups":["gomgom","health40"]
        },
        "add":{
          "component_groups":["snakeman","health60"]
        },
        "run_command":{
          "command":[
            "tag @s add snakeman",
            "function akumanomi/gomgom/gear4start",
            "function akumanomi/gomgom/snakeman_give"
          ]
        }
      },
      "snakeman_end":{
        "remove":{
          "component_groups":["snakeman","health60"]
        },
        "add":{
          "component_groups":["gomgom","health40"]
        },
        "run_command":{
          "command":["tag @s remove snakeman","function akumanomi/gomgom/gom_give"]
        }
      },
      // warawara
      "be_strawman":{
        "remove":{
          "component_groups":["warawara"]
        },
        "add":{
          "component_groups":["strawman"]
        },
        "run_command":{
          "command":"tag @s add strawman"
        }
      },
      "strawman_end":{
        "run_command":{
          "command":"tag @s remove strawman"
        },
        "remove":{
          "component_groups":["strawman"]
        },
        "add":{
          "component_groups":["warawara"]
        }
      },
      // mochimochi
      "mochituki_attack":{
        "filters":{
          "test":"has_equipment",
          "domain":"hand",
          "value":"op_asa:mochituki"
        },
        "run_command":{
          "command":[
            "replaceitem entity @s slot.weapon.mainhand 0 op_asa:mogura",
            "tag @s remove mochituki_attack"
          ]
        }
      },
      // uouo
      "uouo2_elytra":{
        "run_command":{
          "command":"function akumanomi/uouo/uouo2_elytra"
        }
      },
      "be_uouo2":{
        "remove":{
          "component_groups":["uouo","all_damage"]
        },
        "add":{
          "component_groups":["uouo2","pazo_fall"]
        },
        "run_command":{
          "command":"function akumanomi/uouo/uo2_give"
        }
      },
      "uouo2_end":{
        "run_command":{
          "command":["tag @s remove uouo2","function akumanomi/uouo/uo2_end"]
        },
        "remove":{
          "component_groups":["uouo2","pazo_fall"]
        },
        "add":{
          "component_groups":["uouo2_cooltime","all_damage"]
        }
      },
      "uouo2_coolup":{
        "remove":{
          "component_groups":["uouo2_cooltime"]
        },
        "add":{
          "component_groups":["uouo"]
        },
        "run_command":{
          "command":"function akumanomi/uouo/uo_give"
        }
      },
      "be_borobreath_move":{
        "add":{
          "component_groups":["borobreath_move"]
        }
      },
      "be_borobreath_sneak":{
        "add":{
          "component_groups":["borobreath_sneak"]
        }
      },
      "be_borobreath_ground":{
        "add":{
          "component_groups":["borobreath_ground"]
        }
      },
      // yomiyomi
      "be_yomiyomi":{
        "remove":{
          "component_groups":["yomiyomi0","health40"]
        },
        "add":{
          "component_groups":["yomiyomi"]
        }
      },
      "be_yomiyomi2":{
        "remove":{
          "component_groups":["yomiyomi"]
        },
        "add":{
          "component_groups":["yomiyomi2"]
        }
      },
      "yomiyomi2_end":{
        "remove":{
          "component_groups":["yomiyomi2"]
        },
        "add":{
          "component_groups":["yomiyomi"]
        }
      },
      // sirosiro
      "sirosiro_rider":{
        "add":{
          "component_groups":["sirosiro_rider"]
        }
      },
      "sirosiro_rider_end":{
        "remove":{
          "component_groups":["sirosiro_rider"]
        }
      },
      // mokumoku
      "be_whiteblow":{
        "add":{
          "component_groups":["whiteblow"]
        }
      },
      "be_whitesnake":{
        "add":{
          "component_groups":["whitesnake"]
        }
      },
      // dokudoku
      "be_dokudoku2":{
        "remove":{
          "component_groups":["dokudoku"]
        },
        "add":{
          "component_groups":["dokudoku2"]
        },
        "run_command":{
          "command":"function akumanomi/dokudoku/venomdemon_start"
        }
      },
      "dokudoku2_end":{
        "run_command":{
          "command":"function akumanomi/dokudoku/venomdemon_end"
        },
        "remove":{
          "component_groups":["dokudoku2"]
        },
        "add":{
          "component_groups":["dokudoku2_cooltime"]
        }
      },
      "dokudoku2_coolup":{
        "remove":{
          "component_groups":["dokudoku2_cooltime"]
        },
        "add":{
          "component_groups":["dokudoku"]
        },
        "run_command":{
          "command":"function akumanomi/dokudoku/doku_give"
        }
      },
      "doku_reflection":{
        "run_command":{
          "command":"function akumanomi/dokudoku/doku_reflection"
        }
      },
      // hotoke
      "be_hotoke2":{
        "remove":{
          "component_groups":["hotoke"]
        },
        "add":{
          "component_groups":["hotoke2"]
        },
        "run_command":{
          "command":"function akumanomi/hitohito/hotoke2_give"
        }
      },
      "hotoke2_end":{
        "run_command":{
          "command":"function akumanomi/hitohito/hotoke2_end"
        },
        "remove":{
          "component_groups":["hotoke2"]
        },
        "add":{
          "component_groups":["hotoke2_cooltime"]
        }
      },
      "hotoke2_coolup":{
        "remove":{
          "component_groups":["hotoke2_cooltime"]
        },
        "add":{
          "component_groups":["hotoke"]
        },
        "run_command":{
          "command":"function akumanomi/hitohito/hotoke_give"
        }
      },
      // jikijiki
      "repel":{
        "remove":{
          "component_groups":["all_damage"]
        },
        "add":{
          "component_groups":["pa_jiki"]
        }
      },
      "repel_end":{
        "remove":{
          "component_groups":["pa_jiki"]
        },
        "add":{
          "component_groups":["all_damage"]
        }
      },
      "jiki1_attack":{
        "sequence":[
          {
            "filters":{
              "test":"has_equipment","domain":"hand","value":"op_asa:jiki1:0"
            },
            "run_command":{
              "command":[
                "replaceitem entity @s slot.weapon.mainhand 0 op_asa:jiki1 1 1",
                "tag @s remove jiki1_attack"
              ]
            }
          },
          {
            "filters":{
              "test":"has_equipment","domain":"hand","value":"op_asa:jiki1:1"
            },
            "run_command":{
              "command":[
                "replaceitem entity @s slot.weapon.mainhand 0 op_asa:jiki1 1 2",
                "tag @s remove jiki1_attack"
              ]
            }
          },
          {
            "filters":{
              "test":"has_equipment","domain":"hand","value":"op_asa:jiki1:2"
            },
            "run_command":{
              "command":[
                "replaceitem entity @s slot.weapon.mainhand 0 op_asa:jiki1 1 3",
                "tag @s remove jiki1_attack"
              ]
            }
          },
          {
            "filters":{
              "test":"has_equipment","domain":"hand","value":"op_asa:jiki1:3"
            },
            "run_command":{
              "command":[
                "replaceitem entity @s slot.weapon.mainhand 0 op_asa:jiki1 1 4",
                "tag @s remove jiki1_attack"
              ]
            }
          },
          {
            "filters":{
              "test":"has_equipment","domain":"hand","value":"op_asa:jiki1:4"
            },
            "run_command":{
              "command":[
                "replaceitem entity @s slot.weapon.mainhand 0 air",
                "tag @s remove jiki1_attack"
              ]
            }
          }
        ]
      },
      "jiki2_attack":{
        "sequence":[
          {
            "filters":{
              "test":"has_equipment","domain":"hand","value":"op_asa:jiki2:0"
            },
            "run_command":{
              "command":[
                "replaceitem entity @s slot.weapon.mainhand 0 op_asa:jiki2 1 1",
                "tag @s remove jiki2_attack"
              ]
            }
          },
          {
            "filters":{
              "test":"has_equipment","domain":"hand","value":"op_asa:jiki2:1"
            },
            "run_command":{
              "command":[
                "replaceitem entity @s slot.weapon.mainhand 0 op_asa:jiki2 1 2",
                "tag @s remove jiki2_attack"
              ]
            }
          },
          {
            "filters":{
              "test":"has_equipment","domain":"hand","value":"op_asa:jiki2:2"
            },
            "run_command":{
              "command":[
                "replaceitem entity @s slot.weapon.mainhand 0 op_asa:jiki2 1 3",
                "tag @s remove jiki2_attack"
              ]
            }
          },
          {
            "filters":{
              "test":"has_equipment","domain":"hand","value":"op_asa:jiki2:3"
            },
            "run_command":{
              "command":[
                "replaceitem entity @s slot.weapon.mainhand 0 op_asa:jiki2 1 4",
                "tag @s remove jiki2_attack"
              ]
            }
          },
          {
            "filters":{
              "test":"has_equipment","domain":"hand","value":"op_asa:jiki2:4"
            },
            "run_command":{
              "command":[
                "replaceitem entity @s slot.weapon.mainhand 0 air",
                "tag @s remove jiki2_attack"
              ]
            }
          }
        ]
      },
      // other
      "be_midoriboshi1":{
        "add":{
          "component_groups":["midoriboshi1"]
        }
      },
      "logia_particle":{
        "run_command":{
          "command":"function akumanomi/logia_particle"
        }
      },
      "op_asa:ju_reflect":{
        "run_command":{
          "command":"damage @e[tag=!gomgom,family=!gomgom,rm=1,r=16,c=1,hasitem={item=op_asa:ju,location=slot.weapon.mainhand}] 5 projectile entity @s"
        }
      },
      "reset":{
        "sequence":[
          {
            "filters": {
              "test": "is_family","operator":"!=","value": "soruplayer"
            },
            "sequence":[
              {
                "remove":{
                  "component_groups":["amal","amal_cooltime","baribari","betabeta","boundman","dokudoku","dokudoku2","dokudoku2_cooltime","gear4_cooltime","gomgom","gorogoro","guragura","pa_gura","hanahana","health60","hiehie","hitohito","hobihobi","hotoke","hotoke2","hotoke2_cooltime","itoito","logia","logia_lightning","logia_lightning_wither","logia_pika","logia_freezing","magmag","meramera","mochimochi","mokumoku","noronoro","opeope","pa_doku","pazo_fall","pazo_fall_lightning","pikapika","sirosiro","snakeman","sorusoru","strawman","sukesuke","sunasuna","teach","toritori","p_phoenix","uouo","uouo2","uouo2_cooltime","warawara","yamiyami","yomiyomi","yomiyomi0","yomiyomi2","zusizusi","all_damage","health40","jikijiki","nikyunikyu","sorusoru_rideable","pa_soru","xxx","p_phoenix_flying"]
                }
              },
              {
                "add":{
                  "component_groups":["all_damage","xxx","health40"]
                }
              }
            ]
          },
          {
            "filters": {
              "test": "is_family","operator":"==","value": "soruplayer"
            },
            "sequence":[
              {
                "remove":{
                  "component_groups":["amal","amal_cooltime","baribari","betabeta","boundman","dokudoku","dokudoku2","dokudoku2_cooltime","gear4_cooltime","gomgom","gorogoro","guragura","pa_gura","hanahana","health60","hiehie","hitohito","hobihobi","hotoke","hotoke2","hotoke2_cooltime","itoito","logia","logia_lightning","logia_lightning_wither","logia_pika","logia_freezing","magmag","meramera","mochimochi","mokumoku","noronoro","opeope","pa_doku","pazo_fall","pazo_fall_lightning","pikapika","sirosiro","snakeman","sorusoru","strawman","sukesuke","sunasuna","teach","toritori","p_phoenix","uouo","uouo2","uouo2_cooltime","warawara","yamiyami","yomiyomi","yomiyomi0","yomiyomi2","zusizusi","all_damage","health40","jikijiki","nikyunikyu","sorusoru_rideable","pa_soru","xxx","sorusoru_b_haki","sorusoru_ryuo","sorusoru_no_haki","p_phoenix_flying"]
                }
              },
              {
                "add":{
                  "component_groups":["all_damage","xxx","health40","no_haki"]
                }
              }
            ]
          }
        ]
      },
      "score":{
        "run_command":{
          "command":"tag @s add score_start"
        }
      },
      "scored":{
        "run_command":{
          "command":["function akumanomi/score","tag @s remove score_start"]
        }
      },
      "return":{
        "remove":{
          "component_groups":[
            "yasakaninomagatama","jet_pistol","ryuseikazan","midoriboshi1","guragura_p","murakumokiri","borobreath_move","borobreath_sneak","borobreath_ground","whiteblow","whitesnake","kaen_ryuo","kikoku_p","kikoku_medium_p","kikoku_large_p","hououin","hououin_haki"
          ]
        }
      },
      // weather
      "thunderstorm":{
        "run_command":{
          "command":"tag @s add thunderstorm"
        }
      },
      "no_thunderstorm":{
        "run_command":{
          "command":"tag @s remove thunderstorm"
        }
      },
      "sunny":{
        "run_command":{
          "command":"tag @s add sunny"
        }
      },
      "no_sunny":{
        "run_command":{
          "command":"tag @s remove sunny"
        }
      },
      // difficulty
      "mode_easy":{
        "run_command":{
          "command":"function difficulty/easy"
        }
      },
      "mode_hard":{
        "run_command":{
          "command":"function difficulty/hard"
        }
      },
      "mode_normal":{
        "run_command":{
          "command":"function difficulty/normal"
        }
      },
      "mode_peaceful":{
        "run_command":{
          "command":"function difficulty/peaceful"
        }
      },
      // place
      "underground":{
        "run_command":{
          "command":"tag @s add underground"
        }
      },
      "onground":{
        "run_command":{
          "command":"tag @s remove underground"
        }
      },
      // vanilla
      "minecraft:gain_bad_omen": {
        "add": {
          "component_groups": ["minecraft:add_bad_omen"]
        }
      },
      "minecraft:clear_add_bad_omen": {
        "remove": {
          "component_groups": ["minecraft:add_bad_omen"]
        },
        "add": {
          "component_groups": ["minecraft:clear_bad_omen_spell_effect"]
        }
      },
      "minecraft:trigger_raid": {
        "add": {
          "component_groups": [ "minecraft:raid_trigger" ]
        }
      },
      "minecraft:remove_raid_trigger": {
        "remove": {
          "component_groups": [ "minecraft:raid_trigger" ]
        }
      }
    }
  }
}