{
  "format_version": "1.16.100",
  "minecraft:entity": {
    "description": {
      "identifier": "op_asa:waver_jet",
      "is_spawnable": true,
      "is_summonable": true,
      "is_experimental": false
    },
    "component_groups": {
      "op_asa:neutral":{
        "minecraft:movement": {
          "value": 0.1
        },
        "minecraft:underwater_movement": {
          "value": 0.07
        }
      },
      "op_asa:boost":{
        "minecraft:timer": {
          "looping": false,
          "randomInterval": false,
          "time": 2,
          "time_down_event": {
           "event": "op_asa:boost_end",
           "target": "self"
          }
        },
        "minecraft:movement": {
          "value": 0.8
        },
        "minecraft:underwater_movement": {
          "value": 0.8
        }
      },
      "op_asa:despawn": {
        "minecraft:spawn_entity": {
          "entities": {
            "min_wait_time": 0,
            "max_wait_time": 0,
            "spawn_item": "op_asa:waver_jet_spawn_egg"
          }
        },
        "minecraft:instant_despawn": {}
      }
    },
    "components": {
      "minecraft:type_family": {
        "family": [ "boat", "inanimate" ]
      },
      "minecraft:nameable": {
      },
      "minecraft:environment_sensor":{
        "triggers":[
          {
            "filters":{
              "all_of":[
                {
                  "test":"has_tag",
                  "value":"boost"
                }
              ]
            },
            "event":"op_asa:boost"
          }
        ]   
      },
      "minecraft:navigation.walk": {
        "can_path_over_water": true
      },
      "minecraft:buoyant": {
        "base_buoyancy": 1.0,
        "apply_gravity": true,
        "simulate_waves": true,
        "big_wave_probability": 0.03,
        "big_wave_speed": 10.0,
        "liquid_blocks": ["minecraft:water", "minecraft:flowing_water"]
      },
      "minecraft:movement.basic": {},
      "minecraft:health": {
        "value": 30
      },
      "minecraft:collision_box": {
        "width": 0.7,
        "height": 0.7
      },
      "minecraft:hurt_on_condition": {
        "damage_conditions": [
          {
            "filters": {
              "test": "in_lava",
              "subject": "self",
              "operator": "==",
              "value": true
            },
            "cause": "lava",
            "damage_per_tick": 4
          }
        ]
      },
      "minecraft:loot": {
        "table": "loot_tables/entities/waver_jet.json"
      },
      "minecraft:input_ground_controlled": {
      },
      "minecraft:leashable": {
        "soft_distance": 4.0,
        "hard_distance": 6.0,
        "max_distance": 32.0
      },
      "minecraft:rideable": {
        "seat_count": 2,
        "controlling_seat": 1,
        "interact_text": "action.interact.ride.boat",
        "pull_in_entities": true,
        "family_types": [
          "player","mob"
        ],
        "seats": [
          {
            "position": [ 0.0, 0.5, 0.4 ],
            "min_rider_count": 0,
            "max_rider_count": 0
          },
          {
            "position": [ 0.0, -0.2, -0.4 ],
            "min_rider_count": 2,
            "max_rider_count": 2
          }
        ]
      },
      "minecraft:physics": {
      },
      "minecraft:pushable": {
        "is_pushable": true,
        "is_pushable_by_piston": true
      },
      "minecraft:persistent":{
      },
      "minecraft:damage_sensor": {
        "triggers": [
          {
            "on_damage": {
              "filters": {
                "all_of": [
                  {
                    "test": "is_family",
                    "subject": "other",
                    "value": "player"
                  }
                ]
              },
              "event": "op_asa:be_despawn"
            },
            "deals_damage": false
          }
        ]
      }
    },

    "events": {
      "minecraft:entity_spawned":{
        "add":{
          "component_groups":[
            "op_asa:neutral"
          ]
        },
        "run_command":{
          "command":"give @p op_asa:waver_jet_boost"
        }
      },
      "op_asa:boost":{
        "run_command":{
          "command":"tag @s remove boost"
        },
        "remove":{
          "component_groups":[
            "op_asa:neutral"
          ]
        },
        "add":{
          "component_groups":[
            "op_asa:boost"
          ]
        }
      },
      "op_asa:boost_end":{
        "remove":{
          "component_groups":[
            "op_asa:boost"
          ]
        },
        "add":{
          "component_groups":[
            "op_asa:neutral"
          ]
        }
      },
      "op_asa:be_despawn": {
        "add": {
          "component_groups": [
            "op_asa:despawn"
          ]
        },
        "run_command":{
          "command":"clear @p op_asa:waver_jet_boost"
        }
      }
    }
  }
}