{
	"format_version": "1.12.0",
	"minecraft:geometry": [
		{
			"description": {
				"identifier": "geometry.A_60",
				"texture_width": 64,
				"texture_height": 64,
				"visible_bounds_width": 5,
				"visible_bounds_height": 6,
				"visible_bounds_offset": [0, 2, 0]
			},
			"bones": [
				{
					"name": "bone",
					"pivot": [0, 0, 0],
					"cubes": [
						{"origin": [-30, 3, -2], "size": [60, 55, 1], "uv": [0, 0]},
						{"origin": [-30, 3, 0], "size": [60, 55, 1], "pivot": [0, 0, 0], "rotation": [0, 180, 0], "uv": [0, 0]}
					],
					"locators": {
						"red": [0, 24, 11]
					}
				}
			]
		}
	]
}