{
  "format_version": "1.16.0",
  "minecraft:entity": {
    "description": {
      "identifier": "op_asa:kaizoku_gorogoro",
      "is_spawnable": false,
      "is_summonable": false,
      "is_experimental": false,
      "scripts":{
        "animate":["water"]
      },
      "animations":{
        "water":"controller.animation.water"
      }
    },
    "component_groups":{
      "op_asa:kairouseki":{
        "minecraft:transformation":{
          "into": "op_asa:kaizoku_neo2",
          "keep_owner":true
        }   
      },
      "op_asa:ranged_mode": {
        "minecraft:shooter": {
          "def": "op_asa:zeus_shoot"
        },
        "minecraft:behavior.ranged_attack": {
          "priority": 3,
          "burst_shots": 1,
          "burst_interval": 0,
          "charge_charged_trigger": 0,
          "charge_shoot_trigger": 0.1,
          "attack_interval_min": 0,
          "attack_interval_max": 0,
          "attack_radius": 16.0
        }
      },
      "op_asa:melee_mode": {
        "minecraft:attack": {
          "damage": 8
        },
        "minecraft:behavior.melee_attack": {
          "priority": 3
        }
      }
    },
    
    "components": {
      "minecraft:environment_sensor": {
        "triggers": [
          {
            "filters": {
              "any_of": [
                {
                  "test": "has_equipment",
                  "subject": "self",
                  "domain": "hand",
                  "value": "op_asa:kairouseki"
                }
              ]
            },
            "event": "op_asa:be_kairouseki"
          }
        ]
      },
      "minecraft:target_nearby_sensor": {
        "inside_range": 10.0,
        "outside_range": 11.0,
        "must_see":  true,
        "on_inside_range": {
          "event": "op_asa:switch_to_melee",
          "target": "self"
        },
        "on_outside_range": {
          "event": "op_asa:switch_to_ranged",
          "target": "self"
        }
      },
      "minecraft:is_tamed": {},
      "minecraft:behavior.stay_while_sitting": {
        "priority": 1
      },
      "minecraft:type_family": {
        "family": ["player","kaizoku","gorogoro","devil"]
      },
      "minecraft:damage_sensor": {
        "triggers":[
          {
            "cause":"starve",
            "deals_damage":true
          },
          {
            "cause":"wither",
            "deals_damage":true
          },
          {
            "cause": "fall",
            "deals_damage": false
          },
          {
            "cause":"lightning",
            "deals_damage":false
          },
          {
            "cause":"entity_explosion",
            "deals_damage":true
          },
          {
            "cause": "fire",
            "deals_damage": false
          },
          {
            "cause": "magma",
            "deals_damage": true
          },
          {
            "cause": "lava",
            "deals_damage": true
          },
          {
            "on_damage": {
              "filters": {
                "test":"is_family","subject":"other","operator":"==","value":"b_haki"
              }
            },
            "deals_damage":true
          },
          {
            "on_damage": {
              "filters": {
                "test":"is_family","subject":"other","operator":"==","value":"ryuo"
              }
            },
            "deals_damage":true
          },
          {
            "on_damage": {
              "filters": {
                "test":"is_family","subject":"other","operator":"==","value":"player"
              }
            },
            "deals_damage":false
          },
          {
            "on_damage": {
              "filters": {
                "test":"is_family","subject":"other","operator":"==","value":"mob"
              }
            },
            "deals_damage":false
          },
          {
            "on_damage": {
              "filters": {
                "test":"is_family","subject":"other","operator":"==","value":"sorusoru1"
              }
            },
            "deals_damage":false
          }
        ]
      },
      "minecraft:behavior.nearest_attackable_target": {
        "priority": 2,
        "must_see": true,
        "reselect_targets": true,
        "within_radius": 16.0,
        "entity_types": [
          {
            "filters": { 
              "all_of": [
                { "test" :  "is_family", "subject" : "other", "value" :  "monster" },
                { "test" :  "is_family", "subject" : "other", "operator": "!=", "value" :  "creeper" }
              ] 
            },
            "max_dist":16
          }
        ]
      },
      "minecraft:navigation.walk": {
        "is_amphibious": false,
        "can_pass_doors":true,
        "can_break_doors":false,
        "can_walk":true,
        "can_open_doors": true,
        "can_path_over_water": true,
        "avoid_water": true
      },
      "minecraft:behavior.owner_hurt_by_target": {
        "priority": 1
      },
      "minecraft:behavior.owner_hurt_target": {
        "priority": 2
      },
      "minecraft:sittable": {
      },
      "minecraft:behavior.follow_owner": {
        "priority": 2,
        "speed_multiplier": 1.0,
        "start_distance": 16,
        "stop_distance": 3
      },
      "minecraft:healable": {
        "items": [
          {
            "item":"bread",
            "heal_amount":5
          },
          {
            "item": "porkchop",
            "heal_amount": 3
          },
          {
            "item": "cooked_porkchop",
            "heal_amount": 8
          },
          {
            "item": "fish",
            "heal_amount": 2
          },
          {
            "item": "salmon",
            "heal_amount": 2
          },
          {
            "item": "clownfish",
            "heal_amount": 1
          },
          {
            "item": "pufferfish",
            "heal_amount": 1
          },
          {
            "item": "cooked_fish",
            "heal_amount": 5
          },
          {
            "item": "cooked_salmon",
            "heal_amount": 6
          },
          {
            "item": "beef",
            "heal_amount": 3
          },
          {
            "item": "cooked_beef",
            "heal_amount": 8
          },
          {
            "item": "chicken",
            "heal_amount": 2
          },
          {
            "item": "cooked_chicken",
            "heal_amount": 6
          },
          {
            "item": "muttonRaw",
            "heal_amount": 2
          },
          {
            "item": "muttonCooked",
            "heal_amount": 6
          },
          {
            "item": "rotten_flesh",
            "heal_amount": 4
          },
          {
            "item": "rabbit",
            "heal_amount": 3
          },
          {
            "item": "cooked_rabbit",
            "heal_amount": 5
          },
          {
            "item": "rabbit_stew",
            "heal_amount": 10
          }
        ]
      },
      "minecraft:movement": {
        "value": 0.28
      },
      "minecraft:health": {
        "value": 40,
        "max": 40
      },
      "minecraft:loot": {
        "table": "loot_tables/entities/kaizoku.json"
      },
      "minecraft:shareables": {
        "items": [
          {
            "item": "op_asa:kairouseki",
            "want_amount": 1,
            "surplus_amount": 1,
            "priority": 0
          },
          {
            "item": "minecraft:netherite_helmet",
            "want_amount": 1,
            "surplus_amount": 1,
            "priority": 0
          },
          {
            "item": "minecraft:diamond_helmet",
            "want_amount": 1,
            "surplus_amount": 1,
            "priority": 1
          },
          {
            "item": "minecraft:iron_helmet",
            "want_amount": 1,
            "surplus_amount": 1,
            "priority": 2
          },
          {
            "item": "minecraft:chainmail_helmet",
            "want_amount": 1,
            "surplus_amount": 1,
            "priority": 3
          },
          {
            "item": "minecraft:golden_helmet",
            "want_amount": 1,
            "surplus_amount": 1,
            "priority": 4
          },
          {
            "item": "minecraft:leather_helmet",
            "want_amount": 1,
            "surplus_amount": 1,
            "priority": 5
          },
          {
            "item": "minecraft:turtle_helmet",
            "want_amount": 1,
            "surplus_amount": 1,
            "priority":  6
          },
          {
            "item": "op_asa:kaigun_haori",
            "want_amount": 1,
            "surplus_amount": 1,
            "priority": 0
          },
          {
            "item": "minecraft:netherite_chestplate",
            "want_amount": 1,
            "surplus_amount": 1,
            "priority": 1
          },
          {
            "item": "minecraft:diamond_chestplate",
            "want_amount": 1,
            "surplus_amount": 1,
            "priority": 2
          },
          {
            "item": "minecraft:iron_chestplate",
            "want_amount": 1,
            "surplus_amount": 1,
            "priority": 3
          },
          {
            "item": "minecraft:chainmail_chestplate",
            "want_amount": 1,
            "surplus_amount": 1,
            "priority": 4
          },
          {
            "item": "minecraft:golden_chestplate",
            "want_amount": 1,
            "surplus_amount": 1,
            "priority": 5
          },
          {
            "item": "minecraft:leather_chestplate",
            "want_amount": 1,
            "surplus_amount": 1,
            "priority": 6
          },
          {
            "item": "minecraft:netherite_leggings",
            "want_amount": 1,
            "surplus_amount": 1,
            "priority": 0
          },
          {
            "item": "minecraft:diamond_leggings",
            "want_amount": 1,
            "surplus_amount": 1,
            "priority": 1
          },
          {
            "item": "minecraft:iron_leggings",
            "want_amount": 1,
            "surplus_amount": 1,
            "priority": 2
          },
          {
            "item": "minecraft:chainmail_leggings",
            "want_amount": 1,
            "surplus_amount": 1,
            "priority": 3
          },
          {
            "item": "minecraft:golden_leggings",
            "want_amount": 1,
            "surplus_amount": 1,
            "priority": 4
          },
          {
            "item": "minecraft:leather_leggings",
            "want_amount": 1,
            "surplus_amount": 1,
            "priority": 5
          },
          {
            "item": "minecraft:netherite_boots",
            "want_amount": 1,
            "surplus_amount": 1,
            "priority": 0
          },
          {
            "item": "minecraft:diamond_boots",
            "want_amount": 1,
            "surplus_amount": 1,
            "priority": 1
          },
          {
            "item": "minecraft:iron_boots",
            "want_amount": 1,
            "surplus_amount": 1,
            "priority": 2
          },
          {
            "item": "minecraft:chainmail_boots",
            "want_amount": 1,
            "surplus_amount": 1,
            "priority": 3
          },
          {
            "item": "minecraft:golden_boots",
            "want_amount": 1,
            "surplus_amount": 1,
            "priority": 4
          },
          {
            "item": "minecraft:leather_boots",
            "want_amount": 1,
            "surplus_amount": 1,
            "priority": 5
          }
        ]
      },
      "minecraft:nameable": {
      },
      "minecraft:equip_item": {
      },
      "minecraft:collision_box": {
        "width": 0.6,
        "height": 1.9
      },
      "minecraft:movement.basic": {
      },
      "minecraft:jump.static": {},
      "minecraft:can_climb": {
      },
      "minecraft:hurt_on_condition": {
        "damage_conditions": [
          {
            "filters": {
              "test": "in_lava",
              "subject": "self",
              "operator": "==",
              "value": true
            },
            "cause": "lava",
            "damage_per_tick": 4
          }
        ]
      },
      "minecraft:breathable": {
        "total_supply": 15,
        "suffocate_time": 0
      },
      "minecraft:behavior.equip_item": {
        "priority": 3
      },
      "minecraft:behavior.pickup_items": {
        "priority": 7,
        "max_dist": 3,
        "goal_radius": 2,
        "speed_multiplier": 1.0
      },
      "minecraft:behavior.random_stroll": {
        "priority": 6,
        "speed_multiplier": 1
      },
      "minecraft:behavior.look_at_player": {
        "priority": 9,
        "look_distance": 10,
        "probability": 0.02
      },
      "minecraft:behavior.random_look_around":{
        "priority":7,
        "speed_multiplier":1
      },
      "minecraft:behavior.hurt_by_target": {
        "entity_types": {
          "filters": {
              "test": "is_family",
              "subject": "other",
              "operator": "!=",
              "value": "waza"
          }
        },
        "priority": 1
      },
      "minecraft:physics": {
      },
      "minecraft:pushable": {
        "is_pushable": true,
        "is_pushable_by_piston": true
      },
      "minecraft:conditional_bandwidth_optimization": {
      },
      "minecraft:experience_reward": {
        "on_death": "query.last_hit_by_player ? 5 + (query.equipment_count * Math.Random(1,3)) : 0"
      },
      "minecraft:persistent":{
      },
      "minecraft:variant": {
        "value": 0
      }
    },
    "events":{
      "op_asa:be_kairouseki":{
        "remove":{
          "component_groups":[
            "op_asa:ranged_mode","op_asa:melee_mode"
          ]
        },
        "add":{
          "component_groups":[
            "op_asa:kairouseki"
          ]
        }
      },
      "op_asa:switch_to_melee": {
        "remove":{
          "component_groups":[
            "op_asa:ranged_mode"
          ]
        },
        "add": {
          "component_groups": [
            "op_asa:melee_mode"
          ]
        }
      },
      "op_asa:switch_to_ranged": {
        "remove":{
          "component_groups":[
            "op_asa:melee_mode"
          ]
        },
        "add": {
          "component_groups": [
            "op_asa:ranged_mode"
          ]
        }
      }
    }
}}
