{
  "format_version": "1.16.100",
  "minecraft:item": {
    "description": {
      "identifier": "ic:derailer_overheat", 
      "category": "commands" 
    },
    "components": {
      "minecraft:display_name": {
        "value": "§eDerailer §4(overheated)§r"
      },
      "minecraft:enchantable": {
			"slot": "flintsteel",
			"value": 45
		},
		"minecraft:durability": {
			"max_durability": 20
		},
		"minecraft:creative_category": {
        "parent": "none"
      },
		"minecraft:on_use": {
			"on_use": {
				"event":"throw"
			}		
		},
      "minecraft:stacked_by_data": false,
      "minecraft:cooldown": {
        "category": "derailer",
        "duration": 0.5
      },
      "minecraft:allow_off_hand": false,
      "minecraft:use_duration": 17,
      "minecraft:max_stack_size": 1, 
      "minecraft:icon": {
        "texture": "ic:derailer_overheat"
      }, 
      "minecraft:render_offsets": {
        "main_hand": {
          "first_person": {
            "scale": [
              0.0,
              0.0,
              0.0
            ]
          },
          "third_person": {
            "scale": [
              0.0,
              0.0,
              0.0
            ]
          }
        }, 
        "off_hand": {
          "first_person": {
            "scale": [
              0.0,
              0.0,
              0.0
            ]
          },
          "third_person": {
            "scale": [
              0.0,
              0.0,
              0.0
            ]
          }
        }
       }
     }, 
     "events": {
		"throw": {
			"sequence": [
				{
					"damage": {
						"type": "none",
						"amount": 1,
						"target": "self"
					}
				}
			]
		}
	} 
  }
}