{
	"namespace": "start",

	"esbe_panel":{
		"type": "stack_panel",
		"orientation": "horizontal",
		"controls": [
			{"ico": {"type": "image","texture": "pack_icon","size": [ 20, 20 ]}},
			{"ver": {"type": "label","text": "§b ESBE_2G\n§a v3.2"}}
		]
	},

	"copyright@common_buttons.light_content_button": {
		"anchor_from": "bottom_left",
		"anchor_to": "bottom_left",
		"size": [ 72, 26 ],
		"$pressed_button_name": "button.menu_buy_game",
		"$button_content": "start.esbe_panel",
		"$default_button_alpha": 0.5,
		"$default_hover_alpha": 0.5
	}
}
