{
	"format_version": "1.10.0",
	"geometry.huggy_box": {
		"texturewidth": 256,
		"textureheight": 256,
		"visible_bounds_width": 5,
		"visible_bounds_height": 7.5,
		"visible_bounds_offset": [0, 2.25, 0],
		"bones": [
			{
				"name": "bb_main",
				"pivot": [0, 0, 0],
				"cubes": [
					{"origin": [-12, 0, -13], "size": [24, 1, 24], "uv": [52, 0]},
					{"origin": [-12, 63, -13], "size": [24, 1, 24], "uv": [52, 0]},
					{"origin": [-13, 1, -13], "size": [2, 62, 24], "uv": [0, 0]},
					{"origin": [-13, 1, 11], "size": [26, 62, 1], "uv": [0, 88]},
					{"origin": [-13, 1, -14], "size": [26, 62, 1], "uv": [52, 25]},
					{"origin": [11, 1, -13], "size": [2, 62, 24], "uv": [0, 0]}
				]
			},
			{
				"name": "all",
				"pivot": [0, 0, 0]
			},
			{
				"name": "leftLeg2",
				"parent": "all",
				"pivot": [-3.5994, 33.306, 1.586],
				"mirror": true,
				"cubes": [
					{"origin": [-5.344, 28.548, -1.379], "size": [3.758, 4.758, 3.758], "uv": [54, 121], "mirror": false}
				]
			},
			{
				"name": "leftLeg3",
				"parent": "leftLeg2",
				"pivot": [-3.5994, 28.548, 1.586],
				"mirror": true,
				"cubes": [
					{"origin": [-5.344, 23.79, -1.379], "size": [3.758, 4.758, 3.758], "uv": [121, 25], "mirror": false}
				]
			},
			{
				"name": "leftLeg4",
				"parent": "leftLeg3",
				"pivot": [-3.5994, 23.79, 1.586],
				"mirror": true,
				"cubes": [
					{"origin": [-5.344, 19.032, -1.379], "size": [3.758, 4.758, 3.758], "uv": [119, 46], "mirror": false}
				]
			},
			{
				"name": "leftLeg12",
				"parent": "leftLeg4",
				"pivot": [-3.5994, 19.032, 1.586],
				"mirror": true,
				"cubes": [
					{"origin": [-5.344, 14.274, -1.379], "size": [3.758, 4.758, 3.758], "uv": [102, 118], "mirror": false}
				]
			},
			{
				"name": "leftLeg13",
				"parent": "leftLeg12",
				"pivot": [-3.5994, 14.274, 1.586],
				"mirror": true,
				"cubes": [
					{"origin": [-5.344, 9.516, -1.379], "size": [3.758, 4.758, 3.758], "uv": [90, 117], "mirror": false}
				]
			},
			{
				"name": "leftLeg14",
				"parent": "leftLeg13",
				"pivot": [-3.5994, 9.516, 1.586],
				"mirror": true,
				"cubes": [
					{"origin": [-5.344, 4.758, -1.379], "size": [3.758, 4.758, 3.758], "uv": [113, 114], "mirror": false}
				]
			},
			{
				"name": "leftLeg15",
				"parent": "leftLeg14",
				"pivot": [-3.5994, 4.758, 1.586],
				"mirror": true,
				"cubes": [
					{"origin": [-5.344, 3.172, -1.379], "size": [3.758, 1.586, 3.758], "uv": [12, 14], "mirror": false}
				]
			},
			{
				"name": "foot2",
				"parent": "leftLeg15",
				"pivot": [-3.758, 3.172, 0],
				"cubes": [
					{"origin": [-5.344, 0, -4.551], "size": [3.758, 3.172, 6.93], "uv": [0, 14]},
					{"origin": [-1.586, 0, -2.379], "size": [1.586, 1.586, 4.758], "uv": [0, 0]}
				]
			},
			{
				"name": "leftLeg5",
				"parent": "all",
				"pivot": [2.3306, 33.306, 1.586],
				"mirror": true,
				"cubes": [
					{"origin": [1.586, 28.548, -1.379], "size": [3.758, 4.758, 3.758], "uv": [124, 0], "mirror": false}
				]
			},
			{
				"name": "leftLeg6",
				"parent": "leftLeg5",
				"pivot": [2.3306, 28.548, 1.586],
				"mirror": true,
				"cubes": [
					{"origin": [1.586, 23.79, -1.379], "size": [3.758, 4.758, 3.758], "uv": [124, 0], "mirror": false}
				]
			},
			{
				"name": "leftLeg7",
				"parent": "leftLeg6",
				"pivot": [2.3306, 23.79, 1.586],
				"mirror": true,
				"cubes": [
					{"origin": [1.586, 19.032, -1.379], "size": [3.758, 4.758, 3.758], "uv": [122, 107], "mirror": false}
				]
			},
			{
				"name": "leftLeg8",
				"parent": "leftLeg7",
				"pivot": [2.3306, 19.032, 1.586],
				"mirror": true,
				"cubes": [
					{"origin": [1.586, 14.274, -1.379], "size": [3.758, 4.758, 3.758], "uv": [114, 121], "mirror": false}
				]
			},
			{
				"name": "leftLeg9",
				"parent": "leftLeg8",
				"pivot": [2.3306, 14.274, 1.586],
				"mirror": true,
				"cubes": [
					{"origin": [1.586, 9.516, -1.379], "size": [3.758, 4.758, 3.758], "uv": [78, 121], "mirror": false}
				]
			},
			{
				"name": "leftLeg10",
				"parent": "leftLeg9",
				"pivot": [2.3306, 9.516, 1.586],
				"mirror": true,
				"cubes": [
					{"origin": [1.586, 4.758, -1.379], "size": [3.758, 4.758, 3.758], "uv": [66, 121], "mirror": false}
				]
			},
			{
				"name": "leftLeg11",
				"parent": "leftLeg10",
				"pivot": [2.3306, 4.758, 1.586],
				"mirror": true,
				"cubes": [
					{"origin": [1.586, 3.172, -1.379], "size": [3.758, 1.586, 3.758], "uv": [28, 19], "mirror": false}
				]
			},
			{
				"name": "foot3",
				"parent": "leftLeg11",
				"pivot": [2.172, 3.172, 0],
				"cubes": [
					{"origin": [1.586, 0, -4.551], "size": [3.758, 3.172, 6.93], "uv": [0, 14]},
					{"origin": [0, 0, -1.379], "size": [1.586, 1.586, 3.758], "uv": [13, 5]}
				]
			},
			{
				"name": "body",
				"parent": "all",
				"pivot": [0, 33.166, 0],
				"mirror": true,
				"cubes": [
					{"origin": [-6.344, 33.306, -3.172], "size": [12.688, 15.86, 6.344], "uv": [54, 100], "mirror": false}
				]
			},
			{
				"name": "arm8",
				"parent": "body",
				"pivot": [-9.3574, 49.166, 1.586],
				"mirror": true,
				"cubes": [
					{"origin": [-10.102, 44.408, -1.379], "size": [3.758, 4.758, 3.758], "uv": [128, 50], "mirror": false}
				]
			},
			{
				"name": "arm9",
				"parent": "arm8",
				"pivot": [-9.3574, 44.408, 1.586],
				"mirror": true,
				"cubes": [
					{"origin": [-10.102, 39.65, -1.379], "size": [3.758, 4.758, 3.758], "uv": [123, 125], "mirror": false}
				]
			},
			{
				"name": "arm10",
				"parent": "arm9",
				"pivot": [-9.3574, 39.65, 1.586],
				"mirror": true,
				"cubes": [
					{"origin": [-10.102, 34.892, -1.379], "size": [3.758, 4.758, 3.758], "uv": [102, 125], "mirror": false}
				]
			},
			{
				"name": "arm11",
				"parent": "arm10",
				"pivot": [-9.3574, 34.892, 1.586],
				"mirror": true,
				"cubes": [
					{"origin": [-10.102, 30.134, -1.379], "size": [3.758, 4.758, 3.758], "uv": [125, 114], "mirror": false}
				]
			},
			{
				"name": "arm12",
				"parent": "arm11",
				"pivot": [-9.3574, 30.134, 1.586],
				"mirror": true,
				"cubes": [
					{"origin": [-10.102, 25.376, -1.379], "size": [3.758, 4.758, 3.758], "uv": [102, 125], "mirror": false}
				]
			},
			{
				"name": "arm13",
				"parent": "arm12",
				"pivot": [-9.3574, 25.376, 1.586],
				"mirror": true,
				"cubes": [
					{"origin": [-10.102, 20.618, -1.379], "size": [3.758, 4.758, 3.758], "uv": [125, 95], "mirror": false}
				]
			},
			{
				"name": "arm14",
				"parent": "arm13",
				"pivot": [-9.3574, 20.618, 1.586],
				"mirror": true,
				"cubes": [
					{"origin": [-10.102, 19.032, -1.379], "size": [3.758, 1.586, 3.758], "uv": [46, 19], "mirror": false}
				]
			},
			{
				"name": "hand2",
				"parent": "arm14",
				"pivot": [-9.516, 19.032, 1],
				"cubes": [
					{"origin": [-10.102, 12.688, -1.379], "size": [3.758, 6.344, 3.172], "uv": [114, 89]},
					{"origin": [-10.309, 14.274, 1], "size": [3.172, 4.758, 1.586], "uv": [13, 0]},
					{"origin": [-11.688, 15.86, -1.379], "size": [1.586, 3.172, 1.586], "uv": [6, 0]}
				]
			},
			{
				"name": "arm",
				"parent": "body",
				"pivot": [8.0886, 49.166, 1.586],
				"mirror": true,
				"cubes": [
					{"origin": [6.344, 44.408, -1.379], "size": [3.758, 4.758, 3.758], "uv": [78, 128], "mirror": false}
				]
			},
			{
				"name": "arm2",
				"parent": "arm",
				"pivot": [8.0886, 44.408, 1.586],
				"mirror": true,
				"cubes": [
					{"origin": [6.344, 39.65, -1.379], "size": [3.758, 4.758, 3.758], "uv": [66, 128], "mirror": false}
				]
			},
			{
				"name": "arm3",
				"parent": "arm2",
				"pivot": [8.0886, 39.65, 1.586],
				"mirror": true,
				"cubes": [
					{"origin": [6.344, 34.892, -1.379], "size": [3.758, 4.758, 3.758], "uv": [54, 128], "mirror": false}
				]
			},
			{
				"name": "arm4",
				"parent": "arm3",
				"pivot": [8.0886, 34.892, 1.586],
				"mirror": true,
				"cubes": [
					{"origin": [6.344, 30.134, -1.379], "size": [3.758, 4.758, 3.758], "uv": [90, 124], "mirror": false}
				]
			},
			{
				"name": "arm5",
				"parent": "arm4",
				"pivot": [8.0886, 30.134, 1.586],
				"mirror": true,
				"cubes": [
					{"origin": [6.344, 25.376, -1.379], "size": [3.758, 4.758, 3.758], "uv": [124, 14], "mirror": false}
				]
			},
			{
				"name": "arm6",
				"parent": "arm5",
				"pivot": [8.0886, 25.376, 1.586],
				"mirror": true,
				"cubes": [
					{"origin": [6.344, 20.618, -1.379], "size": [3.758, 4.758, 3.758], "uv": [124, 7], "mirror": false}
				]
			},
			{
				"name": "arm7",
				"parent": "arm6",
				"pivot": [8.0886, 20.618, 1.586],
				"mirror": true,
				"cubes": [
					{"origin": [6.344, 19.032, -1.379], "size": [3.758, 1.586, 3.758], "uv": [37, 20], "mirror": false}
				]
			},
			{
				"name": "hand",
				"parent": "arm7",
				"pivot": [7.93, 19.032, 1],
				"cubes": [
					{"origin": [6.344, 12.688, -1.379], "size": [3.758, 6.344, 3.172], "uv": [63, 0]},
					{"origin": [7.137, 14.274, 1], "size": [3.172, 4.758, 1.586], "uv": [0, 5]},
					{"origin": [10.102, 15.86, -1.379], "size": [1.586, 3.172, 1.586], "uv": [0, 0]}
				]
			},
			{
				"name": "head",
				"parent": "body",
				"pivot": [0, 49.166, -1.586],
				"mirror": true,
				"cubes": [
					{"origin": [-6.344, 49.166, -6.344], "size": [12.688, 1.586, 11.102], "uv": [99, 77], "mirror": false},
					{"origin": [-6.344, 53.924, -6.344], "size": [12.688, 8.516, 11.102], "uv": [28, 0], "mirror": false},
					{"origin": [-6.344, 50.752, -6.344], "size": [1.586, 3.172, 11.102], "uv": [106, 46], "mirror": false},
					{"origin": [-8.516, 52.338, -6.344], "size": [2.172, 10.102, 11.102], "uv": [106, 25], "mirror": false},
					{"origin": [6.344, 52.338, -6.344], "size": [2.172, 10.102, 11.102], "uv": [99, 89], "mirror": false},
					{"origin": [-8.572, 62.44, -6.344], "size": [17.172, 1.102, 11.102], "uv": [54, 88], "mirror": false},
					{"origin": [4.758, 50.752, -6.344], "size": [1.586, 3.172, 11.102], "uv": [0, 0], "mirror": false},
					{"origin": [-6.1854, 50, -3.4], "size": [12.3708, 6.1854, 1.586], "uv": [106, 68], "mirror": false},
					{"origin": [-4.758, 50.752, 0], "size": [9.516, 3.172, 4.758], "uv": [90, 110], "mirror": false}
				]
			},
			{
				"name": "smile",
				"parent": "head",
				"pivot": [0, 64.166, -1.586]
			},
			{
				"name": "mouth",
				"parent": "head",
				"pivot": [0, 49.166, -1.586],
				"cubes": [
					{"origin": [-6.1854, 50, -6.38], "size": [12.3708, 7.1854, 1.586], "uv": [106, 60]}
				]
			},
			{
				"name": "eye",
				"parent": "head",
				"pivot": [-3.758, 57.096, -6.344],
				"cubes": [
					{"origin": [-5.551, 55.51, -7.5], "size": [3.965, 3.965, 1.586], "uv": [66, 19]}
				]
			},
			{
				"name": "pupil",
				"parent": "eye",
				"pivot": [-3, 58.166, -6.586],
				"cubes": [
					{"origin": [-5.3924, 55.6686, -7.6], "size": [3.6478, 3.6478, 1.586], "uv": [58, 19]}
				]
			},
			{
				"name": "eye2",
				"parent": "head",
				"pivot": [2.586, 57.096, -6.344],
				"cubes": [
					{"origin": [0.793, 55.8272, -7.5], "size": [3.965, 3.965, 1.586], "uv": [28, 4]}
				]
			},
			{
				"name": "pupil2",
				"parent": "eye2",
				"pivot": [3.344, 58.166, -6.586],
				"cubes": [
					{"origin": [0.9516, 55.9858, -7.6], "size": [3.6478, 3.6478, 1.586], "uv": [28, 0]}
				]
			}
		]
	}
}