{
  "format_version":"1.16.100",
  "animation_controllers":{
    "controller.animation.brook":{
      "states":{
        "default":{
          "transitions":[
            {"milk1":"query.is_sheared"},
            {"0":"query.mark_variant == 1"}
          ],
          "on_entry":[
            "/effect @s slowness 0 21 true",
            "/tag @e[tag=yahazugiri] remove yahazugiri"
          ]
        },
        "milk1":{
          "transitions":[
            {"milk2":"variable.time = (variable.time ?? 0);variable.time = variable.time < 40 ? variable.time + 1:0;return variable.time == 0;"}
          ],
          "on_entry":[
            "/playsound mob.wanderingtrader.drink_milk @p"
          ]
        },
        "milk2":{
          "transitions":[
            {"milk3":"(1.0)"}
          ],
          "on_entry":[
            "/replaceitem entity @s slot.weapon.mainhand 0 air",
            "/effect @s instant_health 1 5",
            "/particle minecraft:villager_happy ~~4~",
            "/particle minecraft:villager_happy ~1~4~",
            "/particle minecraft:villager_happy ~-1~4~",
            "/particle minecraft:villager_happy ~~4~1",
            "/particle minecraft:villager_happy ~~4~-1"
          ]
        },
        "milk3":{
          "transitions":[
            {"default":"(1.0)"}
          ],
          "on_entry":[
            "/give @p minecraft:bucket"
          ]
        },
        "0":{
          "transitions":[
            {"1":"variable.time = (variable.time ?? 0);variable.time = variable.time < 20 ? variable.time + 1:0;return variable.time == 0;"}
          ],
          "on_entry":[
            "/effect @s slowness 10 20 true",
            "/tag @e[type=!op_asa:brook,r=6] add yahazugiri"
          ]
        },
        "1":{
          "transitions":[
            {"2":"(1.0)"}
          ],
          "on_entry":[
            "/tp @s ^^3^8"
          ],
          "on_exit":[
          ]
        },
        "2":{
          "transitions":[
            {"3":"variable.time = (variable.time ?? 0);variable.time = variable.time < 10 ? variable.time + 1:0;return variable.time == 0;"}
          ],
          "on_entry":[
          ]
        },
        "3":{
          "transitions":[
            {"default":"query.mark_variant == 0"}
          ],
          "on_entry":[
            "/damage @e[tag=yahazugiri,r=16] 10 entity_attack entity @s"
          ]
        }
      }
    }
  }
}