{"format_version":"1.8.0","minecraft:entity":{"description":{"identifier":"hbspawn:cp","is_spawnable":false,"is_summonable":true,"is_experimental":false,"scripts":{"animate":["loop"]},"animations":{"loop":"controller.animation.hbms_trigger"}},"components":{"minecraft:type_family":{"family":["why_the_f_r_u_here"]},"minecraft:health":{"value":10,"max":10},"minecraft:loot":{"table": "loot_tables/empty.json"},"minecraft:despawn":{"filters":{"all_of":[{"test":"is_family","subject":"self","value":"why_the_f_r_u_here"}]}},"minecraft:collision_box":{"width":0.01,"height":0.01},"minecraft:physics":{}}}}
