{
  "format_version": "1.10.0",
  "minecraft:client_entity": {
    "description": {
      "identifier": "ic:charles_mad",
      "textures": {
        "default": "textures/entity/ic_charles_hell"
      },
      "materials": {
        "default": "entity_emissive_alpha"
      },
      "geometry": {
        "default": "geometry.ic_charles_hell"
      },
      "render_controllers": [
        "controller.render.default"
      ],
      "particle_effects": {
        "smoke": "ic:smoke"
      },
      "spawn_egg": {
        "texture": "ic:charles_mad",
        "texture_index": 0
      },
      "animations": {
      "smoke": "animation.smoke",
      "charles_controls" : "controller.animation.charles",
      "jumpscare": "animation.charles.jumpscare",
        "walk": "animation.charles.move",
        "climb": "animation.charles.climb",
        "attack1" : "animation.charles.attack1",
        "attack2" : "animation.charles.attack2",
        "idle": "animation.charles.stationary",
        "look": "animation.train.look_at_target.default"
      },
      "scripts": {
        "animate": [
        "smoke",
            "charles_controls",
            "look" 
        ]
      }
    }
  }
}