{
  "format_version": "1.10.0",
  "minecraft:client_entity": {
    "description": {
      "identifier": "sus:amongsus",
      "materials": {
        "default": "npc"
      },
      "textures": {
        "default": "textures/entity/baka"
      },
      "geometry": {
        "default": "geometry.amongus"
      },
      "animations": {
        "moving": "animation.amongus.moving",
        "amongus_general": "animation.amongus.general",
        "attack1": "animation.amongus.attack1",
        "attack2": "animation.amongus.attack2",

        "move": "controller.animation.amongus.move",
        "general": "controller.animation.amongus.general",
        "attack": "controller.animation.amongus.attack"
      },
      "scripts": {
        "animate": [
          "move", "general", "attack"
        ],
        "pre_animation": [
          "variable.random = math.round(math.random(0,2));"
        ]
      },
      "render_controllers": [
        "controller.render.zombie"
      ],
      "spawn_egg": {
	    "base_color": "#c61717",
	    "overlay_color": "#c61717"
	  }
    }
  }
}