{
	"format_version": "1.10.0",
	"minecraft:client_entity": {
		"description": {
			"identifier": "among:huggy_wuggy",
			"materials": {
				"default": "npc"
			},
			"textures": {
				"default": "textures/entity/huggy",
				"angry": "textures/entity/huggyangry"
			},
			"geometry": {
				"default": "geometry.huggy_wuggy"
			},
			"animations": {
				"moving": "animation.huggy_wuggy.moving",
				"huggy_wuggy_general": "animation.huggy_wuggy.general",
				"crawling": "animation.huggy_wuggy.crawling",				"running": "animation.huggy_wuggy.running",
				"fall": "animation.huggy_wuggy.fall",
				"jumpscare": "animation.huggy_wuggy.jumpscare",
				"looking": "animation.huggy_wuggy.looking",
				"attack": "animation.huggy_wuggy.attack",
				"attack_controllers": "controller.animation.huggy_wuggy.attack",
				"move": "controller.animation.huggy_wuggy.move",
				"general": "controller.animation.huggy_wuggy.general",
				"looking_at": "controller.animation.huggy_wuggy.looking_at"
			},
			"scripts": {
				"animate": [
					"move",
					"general",
					"attack_controllers",
					"looking_at"
				],
				"pre_animation": [
					"variable.attack = Math.sin(variable.attack_time * 30.0);"
				]
			},
			"render_controllers": [
				"controller.render.huggy_wuggy"
			],
			"spawn_egg": {
				"base_color": "#2290bf",
				"overlay_color": "#2290bf"
			}
		}
	}
}