{
  "format_version": "1.10.0",
  "minecraft:client_entity": {
    "description": {
      "identifier": "among:kissy_missy",
      "materials": {
        "default": "npc"
      },
      "textures": {
        "default": "textures/entity/kissy"
      },
      "geometry": {
        "default": "geometry.kissy_missy"
      },
      "animations": {
        "moving": "animation.huggy_wuggy.moving",
        "huggy_wuggy_general": "animation.huggy_wuggy.general",
        "attack": "animation.huggy_wuggy.attack",
        "look_at": "animation.huggy_wuggy.look_at",

        "move": "controller.animation.huggy_wuggy.move",
        "general": "controller.animation.huggy_wuggy.general",
        "attack_controllers": "controller.animation.huggy_wuggy.attack",
        "looking_at": "controller.animation.huggy_wuggy.looking_at"
      },
      "scripts": {
        "animate": [
          "move", "general", "attack", "looking_at"
        ],
        "pre_animation": [
          "variable.random = math.round(math.random(0,2));"
        ]
      },
      "render_controllers": [
        "controller.render.skeleton"
      ],
      "spawn_egg": {
	    "base_color": "#b831d6",
		"overlay_color": "#b831d6"
	  }
    }
  }
}