{
  "format_version": "1.10.0",
  "minecraft:client_entity": {
	"description": {
	  "identifier": "among:mommy_long_legs",
	  "materials": {
		"default": "spider"
	  },
	  "textures": {
		"default": "textures/entity/mommy_long_legs"
	  },
	  "animations": {
		"moving": "animation.mommy_long_legs.moving",
		"mommy_long_legs_general": "animation.mommy_long_legs.general",
		"attack1": "animation.mommy_long_legs.attack1",
		"running": "animation.mommy_long_legs.running",
		"pulling": "animation.mommy_long_legs.pulling",
		"pulling2": "animation.mommy_long_legs.pulling2",
		"look_at_target": "animation.common.look_at_target",
		  
		"move": "controller.animation.mommy_long_legs.move",
		"general": "controller.animation.mommy_long_legs.general",
		"attack": "controller.animation.mommy_long_legs.attack"
      },
	  "scripts": {
		"animate": ["move", "general", "attack"],
		  "pre_animation": ["variable.attack = Math.sin(variable.attack_time * 30.0);"]
	  },
	  "geometry": {
		"default": "geometry.mommy_long_legs"
	  },
	  "render_controllers": ["controller.render.default"],
		"spawn_egg": {
		  "base_color": "#e683ef",
		  "overlay_color": "#e683ef"
	  }
	}
  }
}	