{
  "format_version": "1.10.0",
  "animation_controllers": {
    "controller.animation.glock17.fp": {
      "initial_state": "setup",
      "states": {
        "setup": {
          "transitions": [
            {
              "glock17_draw": "variable.glock17"
            },
            {
              "glock17_hold_mag": "variable.glock17mag"
            }
          ]
        },
        "glock17_low": {
          "animations": [
            {
              "glock17_low": "variable.glock17"
            }
          ],
          "transitions": [
            {
              "glock17_sprint": "variable.glock17 && query.is_sprinting"
            },
            {
              "setup": "!variable.glock17"
            },
            {
              "glock17_sight": "variable.glock17 && query.is_sneaking"
            }
          ],
          "blend_transition": 0.1,
          "blend_via_shortest_path": true
        },
        "glock17_draw": {
          "animations": [
            {
              "glock17_draw": "variable.glock17"
            }
          ],
          "transitions": [
            {
              "glock17_low": "variable.glock17 && query.all_animations_finished"
            },
            {
              "setup": "!variable.glock17"
            }
          ]
        },
        "glock17_hold_mag": {
          "animations": [
            {
              "glock17_hold_mag": "variable.glock17mag"
            }
          ],
          "transitions": [
            {
              "setup": "!variable.glock17mag"
            },
            {
              "glock17_draw_reload": "variable.glock17mag && query.is_using_item && variable.glock17e"
            }
          ]
        },
        "glock17_draw_reload": {
          "animations": [
            {
              "glock17_draw": "variable.glock17mag"
            }
          ],
          "transitions": [
            {
              "glock17_reload": "variable.glock17mag && query.all_animations_finished"
            }
          ]
        },
        "glock17_reload": {
          "animations": [
            {
              "glock17_reload": "variable.glock17mag || variable.glock17"
            }
          ],
          "transitions": [
            {
              "glock17_low": "variable.glock17 && query.all_animations_finished"
            }
          ]
        },
        "glock17_sprint": {
          "animations": [
            {
              "glock17_sprint": "variable.glock17"
            }
          ],
          "transitions": [
            {
              "glock17_low": "variable.glock17 && !query.is_sprinting"
            },
            {
              "setup": "!variable.glock17"
            },
            {
              "glock17_sight": "variable.glock17 && query.is_sneaking"
            }
          ],
          "blend_transition": 0.1,
          "blend_via_shortest_path": true
        },
        "glock17_sight": {
          "animations": [
            {
              "glock17_sight": "variable.glock17"
            }
          ],
          "transitions": [
            {
              "glock17_low": "variable.glock17 && !query.is_sneaking"
            },
            {
              "setup": "!variable.glock17"
            }
          ],
          "blend_transition": 0.1,
          "blend_via_shortest_path": true
        }
      }
    },
    "controller.animation.glock17.tp": {
      "initial_state": "setup",
      "states": {
        "setup": {
          "transitions": [
            {
              "glock17_draw": "variable.glock17"
            },
            {
              "glock17_hold_mag": "variable.glock17mag"
            }
          ]
        },
        "glock17_low": {
          "animations": [
            {
              "glock17_low_tp": "variable.glock17"
            }
          ],
          "transitions": [
            {
              "glock17_sprint": "variable.glock17 && query.is_sprinting"
            },
            {
              "setup": "!variable.glock17"
            },
            {
              "glock17_sight": "variable.glock17 && query.is_sneaking"
            }
          ],
          "blend_transition": 0.1,
          "blend_via_shortest_path": true
        },
        "glock17_draw": {
          "animations": [
            {
              "glock17_draw_tp": "variable.glock17"
            }
          ],
          "transitions": [
            {
              "glock17_low": "variable.glock17 && query.all_animations_finished"
            },
            {
              "setup": "!variable.glock17"
            }
          ]
        },
        "glock17_hold_mag": {
          "animations": [
            {
              "glock17_hold_mag_tp": "variable.glock17mag"
            }
          ],
          "transitions": [
            {
              "setup": "!variable.glock17mag"
            },
            {
              "glock17_draw_tp_reload": "variable.glock17mag && query.is_using_item && variable.glock17e"
            }
          ]
        },
        "glock17_draw_tp_reload": {
          "animations": [
            {
              "glock17_draw_tp": "variable.glock17mag"
            }
          ],
          "transitions": [
            {
              "glock17_reload": "variable.glock17mag && query.all_animations_finished"
            }
          ]
        },
        "glock17_reload": {
          "animations": [
            {
              "glock17_reload_tp": "variable.glock17mag || variable.glock17"
            }
          ],
          "transitions": [
            {
              "glock17_low": "variable.glock17 && query.all_animations_finished"
            }
          ]
        },
        "glock17_sprint": {
          "animations": [
            {
              "glock17_sprint_tp": "variable.glock17"
            }
          ],
          "transitions": [
            {
              "glock17_low": "variable.glock17 && !query.is_sprinting"
            },
            {
              "setup": "!variable.glock17"
            },
            {
              "glock17_sight": "variable.glock17 && query.is_sneaking"
            }
          ],
          "blend_transition": 0.1,
          "blend_via_shortest_path": true
        },
        "glock17_sight": {
          "animations": [
            {
              "glock17_sight_tp": "variable.glock17"
            }
          ],
          "transitions": [
            {
              "glock17_low": "variable.glock17 && !query.is_sneaking"
            },
            {
              "setup": "!variable.glock17"
            }
          ],
          "blend_transition": 0.1,
          "blend_via_shortest_path": true
        }
      }
    }
  }
}