{
  "format_version": "1.10.0",
  "animation_controllers": {
    "controller.animation.m16a1.fp": {
      "initial_state": "setup",
      "states": {
        "setup": {
          "transitions": [
            {
              "m16a1_draw": "variable.m16a1"
            },
            {
              "m16a1_hold_mag": "variable.m16a1mag"
            }
          ]
        },
        "m16a1_low": {
          "animations": [
            {
              "m16a1_low": "variable.m16a1"
            }
          ],
          "transitions": [
            {
              "m16a1_sprint": "variable.m16a1 && query.is_sprinting"
            },
            {
              "setup": "!variable.m16a1"
            },
            {
              "m16a1_sight": "variable.m16a1 && query.is_sneaking"
            }
          ],
          "blend_transition": 0.1,
          "blend_via_shortest_path": true
        },
        "m16a1_draw": {
          "animations": [
            {
              "m16a1_draw": "variable.m16a1"
            }
          ],
          "transitions": [
            {
              "m16a1_low": "variable.m16a1 && query.all_animations_finished"
            },
            {
              "setup": "!variable.m16a1"
            }
          ]
        },
        "m16a1_hold_mag": {
          "animations": [
            {
              "m16a1_hold_mag": "variable.m16a1mag"
            }
          ],
          "transitions": [
            {
              "setup": "!variable.m16a1mag"
            },
            {
              "m16a1_draw_reload": "variable.m16a1mag && query.is_using_item && variable.m16a1e"
            }
          ]
        },
        "m16a1_draw_reload": {
          "animations": [
            {
              "m16a1_draw": "variable.m16a1mag"
            }
          ],
          "transitions": [
            {
              "m16a1_reload": "variable.m16a1mag && query.all_animations_finished"
            }
          ]
        },
        "m16a1_reload": {
          "animations": [
            {
              "m16a1_reload": "variable.m16a1mag || variable.m16a1"
            }
          ],
          "transitions": [
            {
              "m16a1_low": "variable.m16a1 && query.all_animations_finished"
            }
          ]
        },
        "m16a1_sprint": {
          "animations": [
            {
              "m16a1_sprint": "variable.m16a1"
            }
          ],
          "transitions": [
            {
              "m16a1_low": "variable.m16a1 && !query.is_sprinting"
            },
            {
              "setup": "!variable.m16a1"
            },
            {
              "m16a1_sight": "variable.m16a1 && query.is_sneaking"
            }
          ],
          "blend_transition": 0.1,
          "blend_via_shortest_path": true
        },
        "m16a1_sight": {
          "animations": [
            {
              "m16a1_sight": "variable.m16a1"
            }
          ],
          "transitions": [
            {
              "m16a1_low": "variable.m16a1 && !query.is_sneaking"
            },
            {
              "setup": "!variable.m16a1"
            }
          ],
          "blend_transition": 0.1,
          "blend_via_shortest_path": true
        }
      }
    },
    "controller.animation.m16a1.tp": {
      "initial_state": "setup",
      "states": {
        "setup": {
          "transitions": [
            {
              "m16a1_draw": "variable.m16a1"
            },
            {
              "m16a1_hold_mag": "variable.m16a1mag"
            }
          ]
        },
        "m16a1_low": {
          "animations": [
            {
              "m16a1_low_tp": "variable.m16a1"
            }
          ],
          "transitions": [
            {
              "m16a1_sprint": "variable.m16a1 && query.is_sprinting"
            },
            {
              "setup": "!variable.m16a1"
            },
            {
              "m16a1_sight": "variable.m16a1 && query.is_sneaking"
            }
          ],
          "blend_transition": 0.1,
          "blend_via_shortest_path": true
        },
        "m16a1_draw": {
          "animations": [
            {
              "m16a1_draw_tp": "variable.m16a1"
            }
          ],
          "transitions": [
            {
              "m16a1_low": "variable.m16a1 && query.all_animations_finished"
            },
            {
              "setup": "!variable.m16a1"
            }
          ]
        },
        "m16a1_hold_mag": {
          "animations": [
            {
              "m16a1_hold_mag_tp": "variable.m16a1mag"
            }
          ],
          "transitions": [
            {
              "setup": "!variable.m16a1mag"
            },
            {
              "m16a1_draw_tp_reload": "variable.m16a1mag && query.is_using_item && variable.m16a1e"
            }
          ]
        },
        "m16a1_draw_tp_reload": {
          "animations": [
            {
              "m16a1_draw_tp": "variable.m16a1mag"
            }
          ],
          "transitions": [
            {
              "m16a1_reload": "variable.m16a1mag && query.all_animations_finished"
            }
          ]
        },
        "m16a1_reload": {
          "animations": [
            {
              "m16a1_reload_tp": "variable.m16a1mag || variable.m16a1"
            }
          ],
          "transitions": [
            {
              "m16a1_low": "variable.m16a1 && query.all_animations_finished"
            }
          ]
        },
        "m16a1_sprint": {
          "animations": [
            {
              "m16a1_sprint_tp": "variable.m16a1"
            }
          ],
          "transitions": [
            {
              "m16a1_low": "variable.m16a1 && !query.is_sprinting"
            },
            {
              "setup": "!variable.m16a1"
            },
            {
              "m16a1_sight": "variable.m16a1 && query.is_sneaking"
            }
          ],
          "blend_transition": 0.1,
          "blend_via_shortest_path": true
        },
        "m16a1_sight": {
          "animations": [
            {
              "m16a1_sight_tp": "variable.m16a1"
            }
          ],
          "transitions": [
            {
              "m16a1_low": "variable.m16a1 && !query.is_sneaking"
            },
            {
              "setup": "!variable.m16a1"
            }
          ],
          "blend_transition": 0.1,
          "blend_via_shortest_path": true
        }
      }
    }
  }
}