{
  "format_version": "1.10.0",
  "animation_controllers": {
    "controller.animation.m1911.fp": {
      "initial_state": "setup",
      "states": {
        "setup": {
          "transitions": [
            {
              "m1911_draw": "variable.m1911"
            },
            {
              "m1911_hold_mag": "variable.m1911mag"
            }
          ]
        },
        "m1911_low": {
          "animations": [
            {
              "m1911_low": "variable.m1911"
            }
          ],
          "transitions": [
            {
              "m1911_sprint": "variable.m1911 && query.is_sprinting"
            },
            {
              "setup": "!variable.m1911"
            },
            {
              "m1911_sight": "variable.m1911 && query.is_sneaking"
            }
          ],
          "blend_transition": 0.1,
          "blend_via_shortest_path": true
        },
        "m1911_draw": {
          "animations": [
            {
              "m1911_draw": "variable.m1911"
            }
          ],
          "transitions": [
            {
              "m1911_low": "variable.m1911 && query.all_animations_finished"
            },
            {
              "setup": "!variable.m1911"
            }
          ]
        },
        "m1911_hold_mag": {
          "animations": [
            {
              "m1911_hold_mag": "variable.m1911mag"
            }
          ],
          "transitions": [
            {
              "setup": "!variable.m1911mag"
            },
            {
              "m1911_draw_reload": "variable.m1911mag && query.is_using_item && variable.m1911e"
            }
          ]
        },
        "m1911_draw_reload": {
          "animations": [
            {
              "m1911_draw": "variable.m1911mag"
            }
          ],
          "transitions": [
            {
              "m1911_reload": "variable.m1911mag && query.all_animations_finished"
            }
          ]
        },
        "m1911_reload": {
          "animations": [
            {
              "m1911_reload": "variable.m1911mag || variable.m1911"
            }
          ],
          "transitions": [
            {
              "m1911_low": "variable.m1911 && query.all_animations_finished"
            }
          ]
        },
        "m1911_sprint": {
          "animations": [
            {
              "m1911_sprint": "variable.m1911"
            }
          ],
          "transitions": [
            {
              "m1911_low": "variable.m1911 && !query.is_sprinting"
            },
            {
              "setup": "!variable.m1911"
            },
            {
              "m1911_sight": "variable.m1911 && query.is_sneaking"
            }
          ],
          "blend_transition": 0.1,
          "blend_via_shortest_path": true
        },
        "m1911_sight": {
          "animations": [
            {
              "m1911_sight": "variable.m1911"
            }
          ],
          "transitions": [
            {
              "m1911_low": "variable.m1911 && !query.is_sneaking"
            },
            {
              "setup": "!variable.m1911"
            }
          ],
          "blend_transition": 0.1,
          "blend_via_shortest_path": true
        }
      }
    },
    "controller.animation.m1911.tp": {
      "initial_state": "setup",
      "states": {
        "setup": {
          "transitions": [
            {
              "m1911_draw": "variable.m1911"
            },
            {
              "m1911_hold_mag": "variable.m1911mag"
            }
          ]
        },
        "m1911_low": {
          "animations": [
            {
              "m1911_low_tp": "variable.m1911"
            }
          ],
          "transitions": [
            {
              "m1911_sprint": "variable.m1911 && query.is_sprinting"
            },
            {
              "setup": "!variable.m1911"
            },
            {
              "m1911_sight": "variable.m1911 && query.is_sneaking"
            }
          ],
          "blend_transition": 0.1,
          "blend_via_shortest_path": true
        },
        "m1911_draw": {
          "animations": [
            {
              "m1911_draw_tp": "variable.m1911"
            }
          ],
          "transitions": [
            {
              "m1911_low": "variable.m1911 && query.all_animations_finished"
            },
            {
              "setup": "!variable.m1911"
            }
          ]
        },
        "m1911_hold_mag": {
          "animations": [
            {
              "m1911_hold_mag_tp": "variable.m1911mag"
            }
          ],
          "transitions": [
            {
              "setup": "!variable.m1911mag"
            },
            {
              "m1911_draw_tp_reload": "variable.m1911mag && query.is_using_item && variable.m1911e"
            }
          ]
        },
        "m1911_draw_tp_reload": {
          "animations": [
            {
              "m1911_draw_tp": "variable.m1911mag"
            }
          ],
          "transitions": [
            {
              "m1911_reload": "variable.m1911mag && query.all_animations_finished"
            }
          ]
        },
        "m1911_reload": {
          "animations": [
            {
              "m1911_reload_tp": "variable.m1911mag || variable.m1911"
            }
          ],
          "transitions": [
            {
              "m1911_low": "variable.m1911 && query.all_animations_finished"
            }
          ]
        },
        "m1911_sprint": {
          "animations": [
            {
              "m1911_sprint_tp": "variable.m1911"
            }
          ],
          "transitions": [
            {
              "m1911_low": "variable.m1911 && !query.is_sprinting"
            },
            {
              "setup": "!variable.m1911"
            },
            {
              "m1911_sight": "variable.m1911 && query.is_sneaking"
            }
          ],
          "blend_transition": 0.1,
          "blend_via_shortest_path": true
        },
        "m1911_sight": {
          "animations": [
            {
              "m1911_sight_tp": "variable.m1911"
            }
          ],
          "transitions": [
            {
              "m1911_low": "variable.m1911 && !query.is_sneaking"
            },
            {
              "setup": "!variable.m1911"
            }
          ],
          "blend_transition": 0.1,
          "blend_via_shortest_path": true
        }
      }
    }
  }
}