{
  "format_version": "1.10.0",
  "animation_controllers": {
    "controller.animation.mssr.fp": {
      "initial_state": "setup",
      "states": {
        "setup": {
          "transitions": [
            {
              "mssr_draw": "variable.mssr"
            },
            {
              "mssr_hold_mag": "variable.mssrmag"
            }
          ]
        },
        "mssr_low": {
          "animations": [
            {
              "mssr_low": "variable.mssr"
            }
          ],
          "transitions": [
            {
              "mssr_sprint": "variable.mssr && query.is_sprinting"
            },
            {
              "setup": "!variable.mssr"
            },
            {
              "mssr_sight": "variable.mssr && query.is_sneaking"
            }
          ],
          "blend_transition": 0.1,
          "blend_via_shortest_path": true
        },
        "mssr_draw": {
          "animations": [
            {
              "mssr_draw": "variable.mssr"
            }
          ],
          "transitions": [
            {
              "mssr_low": "variable.mssr && query.all_animations_finished"
            },
            {
              "setup": "!variable.mssr"
            }
          ]
        },
        "mssr_hold_mag": {
          "animations": [
            {
              "mssr_hold_mag": "variable.mssrmag"
            }
          ],
          "transitions": [
            {
              "setup": "!variable.mssrmag"
            },
            {
              "mssr_draw_reload": "variable.mssrmag && query.is_using_item && variable.mssre"
            }
          ]
        },
        "mssr_draw_reload": {
          "animations": [
            {
              "mssr_draw": "variable.mssrmag"
            }
          ],
          "transitions": [
            {
              "mssr_reload": "variable.mssrmag && query.all_animations_finished"
            }
          ]
        },
        "mssr_reload": {
          "animations": [
            {
              "mssr_reload": "variable.mssrmag || variable.mssr"
            }
          ],
          "transitions": [
            {
              "mssr_low": "variable.mssr && query.all_animations_finished"
            }
          ]
        },
        "mssr_sprint": {
          "animations": [
            {
              "mssr_sprint": "variable.mssr"
            }
          ],
          "transitions": [
            {
              "mssr_low": "variable.mssr && !query.is_sprinting"
            },
            {
              "setup": "!variable.mssr"
            },
            {
              "mssr_sight": "variable.mssr && query.is_sneaking"
            }
          ],
          "blend_transition": 0.1,
          "blend_via_shortest_path": true
        },
        "mssr_sight": {
          "animations": [
            {
              "mssr_sight": "variable.mssr"
            }
          ],
          "transitions": [
            {
              "mssr_low": "variable.mssr && !query.is_sneaking"
            },
            {
              "setup": "!variable.mssr"
            }
          ],
          "blend_transition": 0.1,
          "blend_via_shortest_path": true
        }
      }
    },
    "controller.animation.mssr.tp": {
      "initial_state": "setup",
      "states": {
        "setup": {
          "transitions": [
            {
              "mssr_draw": "variable.mssr"
            },
            {
              "mssr_hold_mag": "variable.mssrmag"
            }
          ]
        },
        "mssr_low": {
          "animations": [
            {
              "mssr_low_tp": "variable.mssr"
            }
          ],
          "transitions": [
            {
              "mssr_sprint": "variable.mssr && query.is_sprinting"
            },
            {
              "setup": "!variable.mssr"
            },
            {
              "mssr_sight": "variable.mssr && query.is_sneaking"
            }
          ],
          "blend_transition": 0.1,
          "blend_via_shortest_path": true
        },
        "mssr_draw": {
          "animations": [
            {
              "mssr_draw_tp": "variable.mssr"
            }
          ],
          "transitions": [
            {
              "mssr_low": "variable.mssr && query.all_animations_finished"
            },
            {
              "setup": "!variable.mssr"
            }
          ]
        },
        "mssr_hold_mag": {
          "animations": [
            {
              "mssr_hold_mag_tp": "variable.mssrmag"
            }
          ],
          "transitions": [
            {
              "setup": "!variable.mssrmag"
            },
            {
              "mssr_draw_tp_reload": "variable.mssrmag && query.is_using_item && variable.mssre"
            }
          ]
        },
        "mssr_draw_tp_reload": {
          "animations": [
            {
              "mssr_draw_tp": "variable.mssrmag"
            }
          ],
          "transitions": [
            {
              "mssr_reload": "variable.mssrmag && query.all_animations_finished"
            }
          ]
        },
        "mssr_reload": {
          "animations": [
            {
              "mssr_reload_tp": "variable.mssrmag || variable.mssr"
            }
          ],
          "transitions": [
            {
              "mssr_low": "variable.mssr && query.all_animations_finished"
            }
          ]
        },
        "mssr_sprint": {
          "animations": [
            {
              "mssr_sprint_tp": "variable.mssr"
            }
          ],
          "transitions": [
            {
              "mssr_low": "variable.mssr && !query.is_sprinting"
            },
            {
              "setup": "!variable.mssr"
            },
            {
              "mssr_sight": "variable.mssr && query.is_sneaking"
            }
          ],
          "blend_transition": 0.1,
          "blend_via_shortest_path": true
        },
        "mssr_sight": {
          "animations": [
            {
              "mssr_sight_tp": "variable.mssr"
            }
          ],
          "transitions": [
            {
              "mssr_low": "variable.mssr && !query.is_sneaking"
            },
            {
              "setup": "!variable.mssr"
            }
          ],
          "blend_transition": 0.1,
          "blend_via_shortest_path": true
        }
      }
    }
  }
}