{
  "format_version": "1.10.0",
  "animation_controllers": {
    "controller.animation.r4a3.fp": {
      "initial_state": "setup",
      "states": {
        "setup": {
          "transitions": [
            {
              "r4a3_draw": "variable.r4a3"
            },
            {
              "r4a3_hold_mag": "variable.r4a3mag"
            }
          ]
        },
        "r4a3_low": {
          "animations": [
            {
              "r4a3_low": "variable.r4a3"
            }
          ],
          "transitions": [
            {
              "r4a3_sprint": "variable.r4a3 && query.is_sprinting"
            },
            {
              "setup": "!variable.r4a3"
            },
            {
              "r4a3_sight": "variable.r4a3 && query.is_sneaking"
            }
          ],
          "blend_transition": 0.1,
          "blend_via_shortest_path": true
        },
        "r4a3_draw": {
          "animations": [
            {
              "r4a3_draw": "variable.r4a3"
            }
          ],
          "transitions": [
            {
              "r4a3_low": "variable.r4a3 && query.all_animations_finished"
            },
            {
              "setup": "!variable.r4a3"
            }
          ]
        },
        "r4a3_hold_mag": {
          "animations": [
            {
              "r4a3_hold_mag": "variable.r4a3mag"
            }
          ],
          "transitions": [
            {
              "setup": "!variable.r4a3mag"
            },
            {
              "r4a3_draw_reload": "variable.r4a3mag && query.is_using_item && variable.r4a3e"
            }
          ]
        },
        "r4a3_draw_reload": {
          "animations": [
            {
              "r4a3_draw": "variable.r4a3mag"
            }
          ],
          "transitions": [
            {
              "r4a3_reload": "variable.r4a3mag && query.all_animations_finished"
            }
          ]
        },
        "r4a3_reload": {
          "animations": [
            {
              "r4a3_reload": "variable.r4a3mag || variable.r4a3"
            }
          ],
          "transitions": [
            {
              "r4a3_low": "variable.r4a3 && query.all_animations_finished"
            }
          ]
        },
        "r4a3_sprint": {
          "animations": [
            {
              "r4a3_sprint": "variable.r4a3"
            }
          ],
          "transitions": [
            {
              "r4a3_low": "variable.r4a3 && !query.is_sprinting"
            },
            {
              "setup": "!variable.r4a3"
            },
            {
              "r4a3_sight": "variable.r4a3 && query.is_sneaking"
            }
          ],
          "blend_transition": 0.1,
          "blend_via_shortest_path": true
        },
        "r4a3_sight": {
          "animations": [
            {
              "r4a3_sight": "variable.r4a3"
            }
          ],
          "transitions": [
            {
              "r4a3_low": "variable.r4a3 && !query.is_sneaking"
            },
            {
              "setup": "!variable.r4a3"
            }
          ],
          "blend_transition": 0.1,
          "blend_via_shortest_path": true
        }
      }
    },
    "controller.animation.r4a3.tp": {
      "initial_state": "setup",
      "states": {
        "setup": {
          "transitions": [
            {
              "r4a3_draw": "variable.r4a3"
            },
            {
              "r4a3_hold_mag": "variable.r4a3mag"
            }
          ]
        },
        "r4a3_low": {
          "animations": [
            {
              "r4a3_low_tp": "variable.r4a3"
            }
          ],
          "transitions": [
            {
              "r4a3_sprint": "variable.r4a3 && query.is_sprinting"
            },
            {
              "setup": "!variable.r4a3"
            },
            {
              "r4a3_sight": "variable.r4a3 && query.is_sneaking"
            }
          ],
          "blend_transition": 0.1,
          "blend_via_shortest_path": true
        },
        "r4a3_draw": {
          "animations": [
            {
              "r4a3_draw_tp": "variable.r4a3"
            }
          ],
          "transitions": [
            {
              "r4a3_low": "variable.r4a3 && query.all_animations_finished"
            },
            {
              "setup": "!variable.r4a3"
            }
          ]
        },
        "r4a3_hold_mag": {
          "animations": [
            {
              "r4a3_hold_mag_tp": "variable.r4a3mag"
            }
          ],
          "transitions": [
            {
              "setup": "!variable.r4a3mag"
            },
            {
              "r4a3_draw_tp_reload": "variable.r4a3mag && query.is_using_item && variable.r4a3e"
            }
          ]
        },
        "r4a3_draw_tp_reload": {
          "animations": [
            {
              "r4a3_draw_tp": "variable.r4a3mag"
            }
          ],
          "transitions": [
            {
              "r4a3_reload": "variable.r4a3mag && query.all_animations_finished"
            }
          ]
        },
        "r4a3_reload": {
          "animations": [
            {
              "r4a3_reload_tp": "variable.r4a3mag || variable.r4a3"
            }
          ],
          "transitions": [
            {
              "r4a3_low": "variable.r4a3 && query.all_animations_finished"
            }
          ]
        },
        "r4a3_sprint": {
          "animations": [
            {
              "r4a3_sprint_tp": "variable.r4a3"
            }
          ],
          "transitions": [
            {
              "r4a3_low": "variable.r4a3 && !query.is_sprinting"
            },
            {
              "setup": "!variable.r4a3"
            },
            {
              "r4a3_sight": "variable.r4a3 && query.is_sneaking"
            }
          ],
          "blend_transition": 0.1,
          "blend_via_shortest_path": true
        },
        "r4a3_sight": {
          "animations": [
            {
              "r4a3_sight_tp": "variable.r4a3"
            }
          ],
          "transitions": [
            {
              "r4a3_low": "variable.r4a3 && !query.is_sneaking"
            },
            {
              "setup": "!variable.r4a3"
            }
          ],
          "blend_transition": 0.1,
          "blend_via_shortest_path": true
        }
      }
    }
  }
}