
{
	"format_version" : "1.17.30",
	"animation_controllers" : {
	"controller.animation.huggy_jn": {
	"initial_state": "default",
	"states": {
		"default": {
			"variables": {
				"walk": {
					"input": "query.modified_move_speed",
					"remap_curve": {
						"0.0": 0.0,
						"0.25": 1.0
					}
				},
				"idle": {
					"input": "query.modified_move_speed",
					"remap_curve": {
						"0.25": 0.0,
						"0.0": 1.0
					}
				}
			},
		"animations": [
			{
				"idle": "variable.idle",
				"idle_leg": "variable.idle"
			},{
				"walk": "variable.walk"
		}
			],
		"transitions": [{
							"grab": "variable.attack_time > 0 && !query.is_stunned"
						 },{
								"vent": "query.variant == 1"
							},{
								"duck1": "query.variant == 2"
							},{
								"die": "query.variant == 3"
							},{
								"jumpscare": "query.has_rider && !query.is_stunned"
							},{
								"fall": "query.is_sheared"
							},
							{
								"attack2": "variable.attack_time > 0 && query.is_stunned"
							 }
		],
		"blend_transition": 0.2
	  },
	  "duck1": {
		"variables": {
			"walk": {
				"input": "query.modified_move_speed",
				"remap_curve": {
					"0.0": 0.0,
					"0.23": 1.0
				}
			},
			"idle": {
				"input": "query.modified_move_speed",
				"remap_curve": {
					"0.23": 0.0,
					"0.0": 1.0
				}
			}
		},
		"animations": [
			 "under1",
			 {
				"walk": "variable.walk"
			 },{
				"idle": "variable.idle"
			 }
			],
		"transitions": [{
							"grab": "variable.attack_time > 0 && !query.is_stunned"
						 },{
								"vent": "query.variant == 1"
							},{
								"default": "query.variant == 0"
							},{
								"die": "query.variant == 3"
							},{
								"jumpscare": "query.has_rider && !query.is_stunned"
							},{
								"fall": "query.is_sheared"
							},
							{
								"attack2": "variable.attack_time > 0 && query.is_stunned"
							 }
		],
		"blend_transition": 0.2
	  },
	  "vent": {
		"variables": {
			"walk": {
				"input": "query.modified_move_speed",
				"remap_curve": {
					"0.0": 0.0,
					"0.32": 1.0
				}
			},
			"idle": {
				"input": "query.modified_move_speed",
				"remap_curve": {
					"0.32": 0.0,
					"0.0": 1.0
				}
			}
		},
		"animations": [
			 {
				"ventidle": "variable.idle"
			 },{
				"ventcrawl": "variable.walk"
			 },{
				"idle": "variable.idle"
			 }
			],
		"transitions": [{
							"grab": "variable.attack_time > 0 && !query.is_stunned"
						 },{
								"default": "query.variant == 0"
							},{
								"duck1": "query.variant == 2"
							},{
								"die": "query.variant == 3"
							},{
								"jumpscare": "query.has_rider && !query.is_stunned"
							},{
								"fall": "query.is_sheared"
							},
							{
								"attack2": "variable.attack_time > 0 && query.is_stunned"
							 }
		],
		"blend_transition": 0.2
	  },
	  "grab": {
		"animations": [
			"grab",
			{
				"idle_leg": "query.variant == 0"
			},
			{
				"under1": "query.variant == 2"
			},
			{
				"ventidle": "query.variant == 1"
			}
		],
		"transitions": [{
				"jumpscare": "query.has_rider"
		}
		],
		"blend_transition": 0.2 
	},
	  "attack": {
		"animations": [
			"jumpscare",
			{
				"idle_leg": "query.variant == 0"
			},
			{
				"under1": "query.variant == 2"
			},
			{
				"ventidle": "query.variant == 1"
			}
		],
		"transitions": [{
				"default": "query.variant == 0 && query.all_animations_finished"
		},
		{
			"duck1": "query.variant == 2 && query.all_animations_finished"
		},
		{
			"vent": "query.variant == 1 && query.all_animations_finished"
		}
		],
		"blend_transition": 0.2   
	},
	"die": {
		"animations": [
			"die"
			],
		"transitions": [{
							"default": "query.variant == 0"
						 }
		],
		"blend_transition": 0.2
	  },
	  "jumpscare": {
		"animations": [
			"jumpscare",
			{
				"idle_leg": "query.variant == 0"
			},
			{
				"under1": "query.variant == 2"
			},
			{
				"ventidle": "query.variant == 1"
			}
			],
		"transitions": [{
							"default": "!query.has_rider"
						 }
		],
		"blend_transition": 0.2
	  },
	  "attack2": {
		"animations": [
			"attack",
			{
				"idle_leg": "query.variant == 0"
			},
			{
				"under1": "query.variant == 2"
			},
			{
				"ventidle": "query.variant == 1"
			}
		],
		"transitions": [{
				"default": "!variable.attack_time > 0"
		}
		],
		"blend_transition": 0
	},
	  "fall": {
		"animations": [
			"fall"
			],
		"transitions": [{
							"land": "query.is_on_ground"
						 }
		],
		"blend_transition": 0.2
	  },
	  "land": {
		"animations": [
			"land"
			],
		"transitions": [{
							"default": "query.all_animations_finished"
						 },{
							"fall": "query.is_sheared"
						}
		],
		"blend_transition": 0.2
	  }

                  }
                },
				"controller.animation.huggy_jn.dead": {
					"states": {
					  "die": {
						"animations": [
							 "die" ],
						"transitions": [
							{ "fall": "!query.is_on_ground"
										  }
						],
						"blend_transition": 0.2
					  },
					  "fall": {
						"animations": [ "fall" ],
						"transitions": [
						{ "still": "query.is_on_ground"
						}
						],
						"blend_transition": 0.2
						},
						"still": {
							"animations": [
								 "still" ],
							"transitions": [
							  { "fall": "!query.is_on_ground"
											  }
							],
							"blend_transition": 0.2
							}
						}
					}
			}
		}