
{
	"format_version" : "1.17.30",
	"animation_controllers" : {
	"controller.animation.mll_jn": {
	"initial_state": "default",
	"states": {
		"default": {
			"variables": {
				"walk": {
					"input": "query.modified_move_speed",
					"remap_curve": {
						"0.0": 0.0,
						"0.25": 1.0
					}
				},
				"idle": {
					"input": "query.modified_move_speed",
					"remap_curve": {
						"0.25": 0.0,
						"0.0": 1.0
					}
				}
			},
		"animations": [
			{
				"idle": "variable.idle"
			},{
				"walk": "variable.walk"
		}
			],
		"transitions": [{
							"grab": "variable.attack_time > 0 && !query.is_stunned"
						 },{
								"jumpscare": "query.has_rider && !query.is_stunned"
							},{
								"fall": "query.is_sheared && !query.is_wall_climbing"
							},
							{
								"attack2": "variable.attack_time > 0 && query.is_stunned"
							 },
							 {
								"climbing": "query.is_wall_climbing"
							 }
		],
		"blend_transition": 0.2
	  },
	  "grab": {
		"animations": [
			"grab"
		],
		"transitions": [{
				"jumpscare": "query.has_rider"
		}
		],
		"blend_transition": 0.2 
	},
	  "attack": {
		"animations": [
			"jumpscare"
		],
		"transitions": [{
				"default": "query.variant == 0 && query.all_animations_finished"
		}
		],
		"blend_transition": 0.2   
	},
	  "jumpscare": {
		"animations": [
			"jumpscare"
			],
		"transitions": [{
							"default": "!query.has_rider"
						 }
		],
		"blend_transition": 0.2
	  },
	  "attack2": {
		"animations": [
			"attack"
		],
		"transitions": [{
				"default": "!variable.attack_time > 0"
		}
		],
		"blend_transition": 0
	},
	  "fall": {
		"animations": [
			"falling",
			"idle"
			],
		"transitions": [{
							"default": "query.is_on_ground"
						 },
						 {
							"climbing": "query.is_wall_climbing"
						 }
		],
		"blend_transition": 0.2
	  },
	  "climbing": {
	"animations": [
		"walk",
	"climbing"
		],
		"transitions": [{
							"default": "!query.is_wall_climbing"
						 }
		],
		"blend_transition": 0.5
	  },
	  "land": {
		"animations": [
			"land"
			],
		"transitions": [{
							"default": "query.all_animations_finished"
						 },{
							"fall": "query.is_sheared"
						}
		],
		"blend_transition": 0.2
	  }

                  }
                },
				"controller.animation.mll_jn.dead": {
					"states": {
					  "die": {
						"animations": [
							 "die" ],
						"transitions": [
							{ "fall": "!query.is_on_ground"
										  }
						],
						"blend_transition": 0.2
					  },
					  "fall": {
						"animations": [ "fall" ],
						"transitions": [
						{ "still": "query.is_on_ground"
						}
						],
						"blend_transition": 0.2
						},
						"still": {
							"animations": [
								 "still" ],
							"transitions": [
								{ "fall": "!query.is_on_ground"
											  }
							],
							"blend_transition": 0.2
							}
						}
					}
			}
		}