{
  "format_version": "1.8.0",
  "minecraft:spawn_rules": {
    "description": {
      "identifier": "srp:adabted_long_arm",
      "population_control": "monster"
    },
    "conditions": [
      {
        "minecraft:spawns_on_surface": {
        },
  
        "minecraft:spawns_underground": {
        },

        "minecraft:brightness_filter": {
          "min": 2000,
          "max": 2000,
          "adjust_for_weather": true
        },

        "minecraft:difficulty_filter": {
          "min": "easy",
          "max": "hard"
        },

        "minecraft:weight": {
          "default": 50
        },
        
        "minecraft:biome_filter": {
            "test": "has_biome_tag", "operator":"==", "value": "parasitebiome"
        }
      }
    ]
  }
}