{
  "format_version": "1.16.100",
  "minecraft:item": {
    "description": {
      "identifier": "chm:areaCut",
      "category": "commands"
    },
    "components": {
      "minecraft:icon": {
        "texture": "areaCut"
      },
      "minecraft:render_offsets": {
        "main_hand": {
          "first_person": {
            "scale": [
              0.000,
              0.000,
              0.000
            ]
          },
          "third_person": {
            "scale": [
              0.000,
              0.000,
              0.000
            ]
          }
        },
        "off_hand": {
          "first_person": {
            "scale": [
              0.000,
              0.000,
              0.000
            ]
          },
          "third_person": {
            "scale": [
              0.000,
              0.000,
              0.000
            ]
          }
        }
      },
      "minecraft:cooldown": {
        "category": "l",
        "duration": 5
      },
      "minecraft:display_name": {
        "value": "AreaCut"
      },
      "minecraft:stacked_by_data": false,
      "minecraft:max_stack_size": 1,
      "minecraft:foil": false,
      "minecraft:damage": 20,
      "minecraft:hand_equipped": true,
      "minecraft:on_use": {
        "on_use": {
          "event": "use",
          "target": "self"
        }
      }
    },
    "events": {
      "use": {
        "sequence": [
          {
            "run_command": {
              "command": [
                "function area_cut"
              ],
              "target": "self"
            }
          }
        ]
      }
    }
  }
}