{
  "format_version": "1.8.0",
  "geometry.escape_run_infected_spider": {
    "visible_bounds_width": 2,
    "visible_bounds_height": 1,
    "visible_bounds_offset": [
      0,
      0.5,
      0
    ],
    "texturewidth": 64,
    "textureheight": 32,
    "bones": [
      {
        "name": "head",
        "pivot": [
          0.0,
          9.0,
          -3.0
        ],
        "cubes": [
          {
            "origin": [
              -4.0,
              27.6915,
              -11.0
            ],
            "size": [
              8.0,
              8.0,
              8.0
            ],
            "rotation": [
              0.0,
              0.0,
              0.0
            ],
            "uv": [
              32,
              4
            ],
            "inflate": 0
          },
          {
            "origin": [
              -5.463,
              27.6915,
              -17.0589
            ],
            "size": [
              3.7902,
              2.4019,
              8.0
            ],
            "rotation": [
              0.0,
              0.0,
              0.0
            ],
            "uv": [
              32,
              4
            ],
            "inflate": 0
          },
          {
            "origin": [
              2.0498,
              27.6915,
              -17.0589
            ],
            "size": [
              3.7902,
              2.4019,
              8.0
            ],
            "rotation": [
              0.0,
              0.0,
              0.0
            ],
            "uv": [
              32,
              4
            ],
            "inflate": 0
          }
        ],
        "parent": "body0",
        "rotation": [
          0,
          0,
          0
        ],
        "bind_pose_rotation": [
          0,
          0,
          0
        ]
      },
      {
        "name": "body0",
        "pivot": [
          0.0,
          9.0,
          0.0
        ],
        "cubes": [
          {
            "origin": [
              -3.0,
              27.8548,
              -3.0
            ],
            "size": [
              6.0,
              6.0,
              6.0
            ],
            "rotation": [
              0.0,
              0.0,
              0.0
            ],
            "uv": [
              0,
              0
            ],
            "inflate": 0
          },
          {
            "origin": [
              -7.7495,
              22.3019,
              -3.0
            ],
            "size": [
              6.0,
              6.0,
              6.0
            ],
            "rotation": [
              0.0,
              0.0,
              0.0
            ],
            "uv": [
              0,
              0
            ],
            "inflate": 0
          },
          {
            "origin": [
              2.2132,
              22.3019,
              -3.0
            ],
            "size": [
              6.0,
              6.0,
              6.0
            ],
            "rotation": [
              0.0,
              0.0,
              0.0
            ],
            "uv": [
              0,
              0
            ],
            "inflate": 0
          },
          {
            "origin": [
              4.8263,
              22.3019,
              7.7661
            ],
            "size": [
              6.0,
              6.0,
              6.0
            ],
            "rotation": [
              0.0,
              0.0,
              0.0
            ],
            "uv": [
              0,
              0
            ],
            "inflate": 0
          },
          {
            "origin": [
              -10.036,
              22.3019,
              7.7661
            ],
            "size": [
              6.0,
              6.0,
              6.0
            ],
            "rotation": [
              0.0,
              0.0,
              0.0
            ],
            "uv": [
              0,
              0
            ],
            "inflate": 0
          },
          {
            "origin": [
              -4.973,
              22.3019,
              14.789
            ],
            "size": [
              6.0,
              6.0,
              6.0
            ],
            "rotation": [
              0.0,
              0.0,
              0.0
            ],
            "uv": [
              0,
              0
            ],
            "inflate": 0
          },
          {
            "origin": [
              0.2533,
              22.3019,
              14.789
            ],
            "size": [
              6.0,
              6.0,
              6.0
            ],
            "rotation": [
              0.0,
              0.0,
              0.0
            ],
            "uv": [
              0,
              0
            ],
            "inflate": 0
          },
          {
            "origin": [
              6.9495,
              0.4166,
              -2.5232
            ],
            "size": [
              4.5251,
              27.3086,
              6.0
            ],
            "rotation": [
              0.0,
              0.0,
              0.0
            ],
            "uv": [
              0,
              0
            ],
            "inflate": 0
          },
          {
            "origin": [
              -11.3426,
              0.4166,
              -2.5232
            ],
            "size": [
              4.5251,
              27.3086,
              6.0
            ],
            "rotation": [
              0.0,
              0.0,
              0.0
            ],
            "uv": [
              0,
              0
            ],
            "inflate": 0
          },
          {
            "origin": [
              -14.2824,
              0.4166,
              8.0928
            ],
            "size": [
              4.5251,
              27.3086,
              6.0
            ],
            "rotation": [
              0.0,
              0.0,
              0.0
            ],
            "uv": [
              0,
              0
            ],
            "inflate": 0
          },
          {
            "origin": [
              10.0527,
              0.4166,
              8.0928
            ],
            "size": [
              4.5251,
              27.3086,
              6.0
            ],
            "rotation": [
              0.0,
              0.0,
              0.0
            ],
            "uv": [
              0,
              0
            ],
            "inflate": 0
          },
          {
            "origin": [
              4.9897,
              0.4166,
              19.1987
            ],
            "size": [
              4.5251,
              27.3086,
              6.0
            ],
            "rotation": [
              0.0,
              0.0,
              0.0
            ],
            "uv": [
              0,
              0
            ],
            "inflate": 0
          },
          {
            "origin": [
              -6.1163,
              0.4166,
              19.1987
            ],
            "size": [
              4.5251,
              27.3086,
              6.0
            ],
            "rotation": [
              0.0,
              0.0,
              0.0
            ],
            "uv": [
              0,
              0
            ],
            "inflate": 0
          }
        ],
        "rotation": [
          0,
          0,
          0
        ],
        "bind_pose_rotation": [
          0,
          0,
          0
        ]
      },
      {
        "name": "body1",
        "pivot": [
          0.0,
          9.0,
          9.0
        ],
        "cubes": [
          {
            "origin": [
              -5.0,
              27.5282,
              3.0
            ],
            "size": [
              10.0,
              8.0,
              12.0
            ],
            "rotation": [
              0.0,
              0.0,
              0.0
            ],
            "uv": [
              0,
              12
            ],
            "inflate": 0
          },
          {
            "origin": [
              -6.6062,
              32.9178,
              10.8693
            ],
            "size": [
              14.8145,
              8.0,
              12.0
            ],
            "rotation": [
              0.0,
              0.0,
              0.0
            ],
            "uv": [
              0,
              12
            ],
            "inflate": 0
          }
        ],
        "parent": "body0",
        "rotation": [
          0,
          0,
          0
        ],
        "bind_pose_rotation": [
          0,
          0,
          0
        ]
      },
      {
        "name": "leg0",
        "pivot": [
          -4.0,
          9.0,
          2.0
        ],
        "cubes": [],
        "parent": "body0",
        "rotation": [
          0,
          0,
          0
        ],
        "bind_pose_rotation": [
          0,
          0,
          0
        ]
      },
      {
        "name": "leg1",
        "pivot": [
          4.0,
          9.0,
          2.0
        ],
        "cubes": [],
        "parent": "body0",
        "rotation": [
          0,
          0,
          0
        ],
        "bind_pose_rotation": [
          0,
          0,
          0
        ]
      },
      {
        "name": "leg2",
        "pivot": [
          -4.0,
          9.0,
          1.0
        ],
        "cubes": [],
        "parent": "body0",
        "rotation": [
          0,
          0,
          0
        ],
        "bind_pose_rotation": [
          0,
          0,
          0
        ]
      },
      {
        "name": "leg3",
        "pivot": [
          4.0,
          9.0,
          1.0
        ],
        "cubes": [],
        "parent": "body0",
        "rotation": [
          0,
          0,
          0
        ],
        "bind_pose_rotation": [
          0,
          0,
          0
        ]
      },
      {
        "name": "leg4",
        "pivot": [
          -4.0,
          9.0,
          0.0
        ],
        "cubes": [],
        "parent": "body0",
        "rotation": [
          0,
          0,
          0
        ],
        "bind_pose_rotation": [
          0,
          0,
          0
        ]
      },
      {
        "name": "leg5",
        "pivot": [
          4.0,
          9.0,
          0.0
        ],
        "cubes": [],
        "parent": "body0",
        "rotation": [
          0,
          0,
          0
        ],
        "bind_pose_rotation": [
          0,
          0,
          0
        ]
      },
      {
        "name": "leg6",
        "pivot": [
          -4.0,
          9.0,
          -1.0
        ],
        "cubes": [],
        "parent": "body0",
        "rotation": [
          0,
          0,
          0
        ],
        "bind_pose_rotation": [
          0,
          0,
          0
        ]
      },
      {
        "name": "leg7",
        "pivot": [
          4.0,
          9.0,
          -1.0
        ],
        "cubes": [],
        "parent": "body0",
        "rotation": [
          0,
          0,
          0
        ],
        "bind_pose_rotation": [
          0,
          0,
          0
        ]
      }
    ]
  }
}