{
  "resource_pack_name": "Tirtaajalh",
  "texture_name": "atlas.items",
  "texture_data": {
    "backpack_normal": {
      "textures": [
        "textures/items/backpack_normal"
      ]
    },
    "backpack_rabbit": {
      "textures": [
        "textures/items/backpack_rabbit"
      ]
    },
    "backpack_rabbit_s1": {
      "textures": [
        "textures/items/backpack_rabbit_s1"
      ]
    },
    "backpack_dragon": {
      "textures": [
        "textures/items/backpack_dragon"
      ]
    },
    "backpack_deaths_whisper": {
      "textures": [
        "textures/items/backpack_deaths_whisper"
      ]
    },
    "backpack_mechanical_wing": {
      "textures": [
        "textures/items/backpack_mechanical_wing"
      ]
    },
    "backpack_brother_chicken": {
      "textures": [
        "textures/items/backpack_brother_chicken"
      ]
    },
    "backpack_jetpack": {
      "textures": [
        "textures/items/backpack_jetpack"
      ]
    },
    "backpack_muter": {
      "textures": [
        "textures/items/backpack_muter"
      ]
    }
  }
}