{
	"format_version": "1.10.0",
	"particle_effect": {
		"description": {
			"identifier": "minecraft:notes_particles",
			"basic_render_parameters": {
				"material": "particles_blend",
				"texture": "textures/particle/music_notes"
			}
		},
		"components": {
			"minecraft:emitter_initialization": {
				"creation_expression": "variable.size = Math.random(0.08, 0.14);"
			},
			"minecraft:emitter_rate_steady": {
				"spawn_rate": 5,
				"max_particles": 100
			},
			"minecraft:emitter_lifetime_once": {
				"active_time": 1
			},
			"minecraft:emitter_shape_sphere": {
				"offset": [0, 1, 0],
				"radius": 0.5,
				"surface_only": true,
				"direction": ["variable.direction.x", "variable.direction.y", "variable.direction.z"]
			},
			"minecraft:particle_lifetime_expression": {
				"max_lifetime": "Math.Random(1.0, 2.0)"
			},
			"minecraft:particle_initial_speed": 1,
			"minecraft:particle_motion_dynamic": {
				"linear_acceleration": [0, 5, 0],
				"linear_drag_coefficient": 20
			},
			"minecraft:particle_appearance_billboard": {
				"size": [0.14, 0.14],
				"facing_camera_mode": "rotate_xyz",
				"uv": {
					"texture_width": 16,
					"texture_height": 8,
					"flipbook": {
						"base_UV": [0, 1],
						"size_UV": [8, 7],
						"step_UV": [8, 0],
						"frames_per_second": 2,
						"max_frame": 2,
						"stretch_to_lifetime": true,
						"loop": true
					}
				}
			}
		}
	}
}