{
	"format_version": "1.10.0",
	"particle_effect": {
		"description": {
			"identifier": "minecraft:arrow.sparc",
			"basic_render_parameters": {
				"material": "particles_blend",
				"texture": "textures/particle/sparc"
			}
		},
		"components": {
			"minecraft:emitter_initialization": {
				"creation_expression": "variable.size = Math.random(0.08, 0.14);"
			},
			"minecraft:emitter_rate_instant": {
				"num_particles": 10
			},
			"minecraft:emitter_lifetime_once": {
				"active_time": 1
			},
			"minecraft:emitter_shape_sphere": {
				"offset": [0, 0, 0],
				"radius": 0.6,
				"surface_only": true,
				"direction": "outwards"
			},
			"minecraft:particle_lifetime_expression": {
				"max_lifetime": "Math.Random(0.2, 0.6)"
			},
			"minecraft:particle_initial_speed": 2.1,
			"minecraft:particle_motion_dynamic": {
				"linear_acceleration": [0, -20, 0]
			},
			"minecraft:particle_appearance_billboard": {
				"size": [0.1, 0.1],
				"facing_camera_mode": "rotate_xyz",
				"uv": {
					"texture_width": 8,
					"texture_height": 8,
					"uv": [0, 1],
					"uv_size": [8, 8]
				}
			}
		}
	}
}