{
	"format_version": "1.10.0",
	"particle_effect": {
		"description": {
			"identifier": "minecraft:basic_crit_particle",
			"basic_render_parameters": {
				"material": "particles_alpha",
				"texture": "textures/particle/powder_smoke"
			}
		},
		"components": {
			"minecraft:emitter_rate_instant": {
				"num_particles": 1
			},
			"minecraft:emitter_lifetime_once": {
				"active_time": 0.1
			},
			"minecraft:emitter_shape_point": {
				"direction": ["variable.direction.x", "variable.direction.y", "variable.direction.z"]
			},
			"minecraft:particle_lifetime_expression": {
				"max_lifetime": "27.0 / (Math.random(0.0, 32.0) + 24.0)"
			},
			"minecraft:particle_initial_speed": 2,
			"minecraft:particle_motion_dynamic": {
				"linear_drag_coefficient": 10
			},
			"minecraft:particle_appearance_billboard": {
				"size": ["0.10 + variable.particle_random_1*0.05", "0.10 + variable.particle_random_1*0.05"],
				"facing_camera_mode": "lookat_xyz",
				"uv": {
					"texture_width": 64,
					"texture_height": 8,
					"flipbook": {
						"base_UV": [0, 0],
						"size_UV": [8, 8],
						"step_UV": [8, 0],
						"frames_per_second": 6,
						"max_frame": 6,
						"stretch_to_lifetime": false,
						"loop": false
					}
				}
			},
			"minecraft:particle_appearance_lighting": {},
			"minecraft:particle_appearance_tinting": {
				"color": [1, 1, 1, 1]
			}
		}
	}
}