{
    "format_version": "1.16.100",
    "minecraft:item": {
        "description": {
            "identifier": "jn:red_hand",
			"category" : "items"
        },
        "components": {
			"minecraft:icon": {
				"texture": "redhand_jn"
			},
            "minecraft:max_stack_size": 1,
            "minecraft:use_duration": 3600,
            "minecraft:hand_equipped": true,
			"minecraft:mirrored_art": true,
			"minecraft:display_name": {
				"value": "Red Hand"
			},
            "minecraft:can_destroy_in_creative": true,
            "minecraft:creative_category": {
                "parent": "items"
              }
        }
}
}