{
  "format_version": "1.12",
  "minecraft:recipe_shaped": {
    "description": {
    "identifier": "vatonage:spawn_heater"
    },

    
    "tags": [ "crafting_table" ],
    "pattern": [
      "B#B",
      "BAB"
    ],
    "key": {
      "#": {
        "item": "minecraft:iron_block"
      },
      "B": {
        "item": "minecraft:iron_ingot"
      },
      "A": {
        "item": "minecraft:redstone_block"
      }
    },
    "result": {
      "item": "vatonage:spawn_heater"
    }
  }
}
