{
  "format_version": "1.10.0",
  "minecraft:client_entity": {
    "description": { "identifier": "stk:bau2",
      "materials": {
        "default": "elytra"
      },
      "textures": {
        "default": "textures/entity/bau"
      },
      "geometry": {
        "default": "geometry.bau"
      },
      "animations": {
        "move": "animation.bau"
      },
      "scripts": {
        "animate": [
          "move"
        ]
      },
      "render_controllers": [ "controller.render.base",
      "controller.render.base"]
    }
  }
}


