{
	"format_version": "1.16.100",
	"minecraft:item": {
		"description": {
			"identifier": "stk:culvarin",
			"category": "equipment"
		},
		"components": {
			"minecraft:render_offsets": {
				"main_hand": {
					"first_person": {
						"scale": [
							0,
							0,
							0
						]
					},
					"third_person": {
						"scale": [
							0,
							0,
							0
						]
					}
				}
			},
			"minecraft:icon": {
				"texture": "culvarin"
			},
			"minecraft:display_name": {
				"value": "§l§cGomu Gomu no: culvarin \nCooldown: 5"
			},
			"minecraft:max_stack_size": 1,
			"minecraft:use_duration": 9999,
			"minecraft:hand_equipped": true,
			"minecraft:durability": {
				"max_durability": 9999
			},
			"minecraft:mining_speed": 1,
			"minecraft:damage": 10,
			"minecraft:enchantable": {
				"value": 0,
				"slot": "item"
			},
			"minecraft:can_destroy_in_creative": false,
			"minecraft:digger": {
				"use_efficiency": false,
				"destroy_speeds": [
					{
						"block": "minecraft:web",
						"speed": 20
					},
					{
						"block": "minecraft:bamboo",
						"speed": 25
					}
				]
			},
			"minecraft:cooldown": {
				"category": "min",
				"duration": 5
			},
			"minecraft:on_use": {
				"on_use": {
					"event": "7"
				}
			}
		},
		"events": {
			"7": {
				"run_command": {
					"command": [
						"execute @e[r=20,rm=2,type=!item] ~~~ damage @s 20 entity_attack","playanimation @s animation.gear4.culvarin","playsound pistol @a[r=7]"
					]
				}
			},
			"minecraft:weapon": {}
		}
	}
}