{
	"format_version": "1.12.0",
	"minecraft:geometry": [
		{
			"description": {
				"identifier": "geometry.Pochita2",
				"texture_width": 32,
				"texture_height": 32,
				"visible_bounds_width": 3,
				"visible_bounds_height": 2.5,
				"visible_bounds_offset": [0, 0.75, 0]
			},
			"bones": [
				{
					"name": "root",
					"pivot": [0, 0, 0]
				},
				{
					"name": "waist",
					"parent": "root",
					"pivot": [0, 12, 0]
				},
				{
					"name": "body",
					"parent": "waist",
					"pivot": [0, 24, 0]
				},
				{
					"name": "rightArm",
					"parent": "body",
					"pivot": [-5, 22, 0]
				},
				{
					"name": "Pochita",
					"parent": "rightArm",
					"pivot": [-6, 2, 0]
				},
				{
					"name": "bone",
					"parent": "Pochita",
					"pivot": [-6, 4, 0],
					"cubes": [
						{
							"origin": [-8.88, 5.44, -4.32],
							"size": [5.76, 5.76, 7.92],
							"uv": {
								"north": {"uv": [0, 8], "uv_size": [4, 4]},
								"east": {"uv": [0, 0], "uv_size": [5.5, 4]},
								"south": {"uv": [9.5, 0], "uv_size": [4, 4]},
								"west": {"uv": [0, 4], "uv_size": [5.5, 4]},
								"up": {"uv": [5.5, 0], "uv_size": [4, 5.5]},
								"down": {"uv": [5.5, 11], "uv_size": [4, -5.5]}
							}
						},
						{
							"origin": [-6.36, 9.04, 3.6],
							"size": [0.72, 0.72, 1.44],
							"uv": {
								"north": {"uv": [14.5, 14.5], "uv_size": [0.5, 0.5]},
								"east": {"uv": [14.5, 3], "uv_size": [1, 0.5]},
								"south": {"uv": [0, 15], "uv_size": [0.5, 0.5]},
								"west": {"uv": [7, 14.5], "uv_size": [1, 0.5]},
								"up": {"uv": [8, 14.5], "uv_size": [0.5, 1]},
								"down": {"uv": [8.5, 15.5], "uv_size": [0.5, -1]}
							}
						},
						{
							"origin": [-6.36, 6.88, 4.32],
							"size": [0.72, 2.16, 0.72],
							"uv": {
								"north": {"uv": [12.5, 13.5], "uv_size": [0.5, 1.5]},
								"east": {"uv": [12, 14], "uv_size": [0.5, 1.5]},
								"south": {"uv": [14, 12], "uv_size": [0.5, 1.5]},
								"west": {"uv": [13, 14], "uv_size": [0.5, 1.5]},
								"up": {"uv": [15, 0.5], "uv_size": [0.5, 0.5]},
								"down": {"uv": [1, 15.5], "uv_size": [0.5, -0.5]}
							}
						},
						{
							"origin": [-6.36, 6.16, 3.6],
							"size": [0.72, 0.72, 1.44],
							"uv": {
								"north": {"uv": [15, 0], "uv_size": [0.5, 0.5]},
								"east": {"uv": [9, 14.5], "uv_size": [1, 0.5]},
								"south": {"uv": [0.5, 15], "uv_size": [0.5, 0.5]},
								"west": {"uv": [14.5, 9], "uv_size": [1, 0.5]},
								"up": {"uv": [14.5, 9.5], "uv_size": [0.5, 1]},
								"down": {"uv": [10, 15.5], "uv_size": [0.5, -1]}
							}
						},
						{
							"origin": [-8.736, 11.2, -1.44],
							"size": [0.72, 1.44, 0.72],
							"uv": {
								"north": {"uv": [14.5, 0], "uv_size": [0.5, 1]},
								"east": {"uv": [14.5, 1], "uv_size": [0.5, 1]},
								"south": {"uv": [14.5, 2], "uv_size": [0.5, 1]},
								"west": {"uv": [3, 14.5], "uv_size": [0.5, 1]},
								"up": {"uv": [13.5, 3.5], "uv_size": [0.5, 0.5]},
								"down": {"uv": [14.5, 11], "uv_size": [0.5, -0.5]}
							}
						},
						{
							"origin": [-8.016, 11.92, -1.44],
							"size": [2.16, 0.72, 0.72],
							"uv": {
								"north": {"uv": [12, 8.5], "uv_size": [1.5, 0.5]},
								"east": {"uv": [14.5, 12.5], "uv_size": [0.5, 0.5]},
								"south": {"uv": [13.5, 8.5], "uv_size": [1.5, 0.5]},
								"west": {"uv": [14.5, 13], "uv_size": [0.5, 0.5]},
								"up": {"uv": [14, 6.5], "uv_size": [1.5, 0.5]},
								"down": {"uv": [14, 7.5], "uv_size": [1.5, -0.5]}
							}
						},
						{
							"origin": [-6.144, 11.92, -1.44],
							"size": [2.16, 0.72, 0.72],
							"uv": {
								"north": {"uv": [14, 7.5], "uv_size": [1.5, 0.5]},
								"east": {"uv": [13.5, 14.5], "uv_size": [0.5, 0.5]},
								"south": {"uv": [14, 8], "uv_size": [1.5, 0.5]},
								"west": {"uv": [14, 14.5], "uv_size": [0.5, 0.5]},
								"up": {"uv": [14, 11], "uv_size": [1.5, 0.5]},
								"down": {"uv": [14, 12], "uv_size": [1.5, -0.5]}
							}
						},
						{
							"origin": [-3.984, 11.2, -1.44],
							"size": [0.72, 1.44, 0.72],
							"uv": {
								"north": {"uv": [3.5, 14.5], "uv_size": [0.5, 1]},
								"east": {"uv": [5.5, 14.5], "uv_size": [0.5, 1]},
								"south": {"uv": [6, 14.5], "uv_size": [0.5, 1]},
								"west": {"uv": [6.5, 14.5], "uv_size": [0.5, 1]},
								"up": {"uv": [11.5, 14.5], "uv_size": [0.5, 0.5]},
								"down": {"uv": [14.5, 12.5], "uv_size": [0.5, -0.5]}
							}
						}
					]
				},
				{
					"name": "Legs1",
					"parent": "bone",
					"pivot": [-6.48, 5.6, -2.88],
					"cubes": [
						{
							"origin": [-9.24, 4, -3.6],
							"size": [1.08, 2.88, 1.44],
							"uv": {
								"north": {"uv": [8.5, 11], "uv_size": [0.75, 2]},
								"east": {"uv": [5.5, 11], "uv_size": [1, 2]},
								"south": {"uv": [11, 11], "uv_size": [0.75, 2]},
								"west": {"uv": [6.5, 11], "uv_size": [1, 2]},
								"up": {"uv": [13.5, 1.5], "uv_size": [0.75, 1]},
								"down": {"uv": [13.5, 3.5], "uv_size": [0.75, -1]}
							}
						}
					]
				},
				{
					"name": "Legs2",
					"parent": "bone",
					"pivot": [-2.16, 5.6, -2.88],
					"cubes": [
						{
							"origin": [-3.84, 4, -3.6],
							"size": [1.08, 2.88, 1.44],
							"uv": {
								"north": {"uv": [9.5, 11.5], "uv_size": [0.75, 2]},
								"east": {"uv": [11, 7], "uv_size": [1, 2]},
								"south": {"uv": [0, 12], "uv_size": [0.75, 2]},
								"west": {"uv": [7.5, 11], "uv_size": [1, 2]},
								"up": {"uv": [3, 13.5], "uv_size": [0.75, 1]},
								"down": {"uv": [9.5, 14.5], "uv_size": [0.75, -1]}
							}
						}
					]
				},
				{
					"name": "Legs3",
					"parent": "bone",
					"pivot": [-2.16, 6.32, 2.16],
					"cubes": [
						{
							"origin": [-3.84, 4, 1.44],
							"size": [1.08, 2.16, 1.44],
							"uv": {
								"north": {"uv": [13, 4], "uv_size": [0.75, 1.5]},
								"east": {"uv": [1, 12], "uv_size": [1, 1.5]},
								"south": {"uv": [5.5, 13], "uv_size": [0.75, 1.5]},
								"west": {"uv": [2, 12], "uv_size": [1, 1.5]},
								"up": {"uv": [0, 14], "uv_size": [0.75, 1]},
								"down": {"uv": [14, 4.5], "uv_size": [0.75, -1]}
							}
						},
						{
							"origin": [-3.768, 6.16, 1.08],
							"size": [1.08, 2.16, 2.16],
							"uv": {
								"north": {"uv": [13, 7], "uv_size": [0.75, 1.5]},
								"east": {"uv": [4, 8], "uv_size": [1.5, 1.5]},
								"south": {"uv": [7.5, 13], "uv_size": [0.75, 1.5]},
								"west": {"uv": [4, 9.5], "uv_size": [1.5, 1.5]},
								"up": {"uv": [8.5, 13], "uv_size": [0.75, 1.5]},
								"down": {"uv": [11, 14.5], "uv_size": [0.75, -1.5]}
							}
						}
					]
				},
				{
					"name": "Legs4",
					"parent": "bone",
					"pivot": [-6.48, 6.32, 2.16],
					"cubes": [
						{
							"origin": [-9.24, 4, 1.44],
							"size": [1.08, 2.16, 1.44],
							"uv": {
								"north": {"uv": [13, 5.5], "uv_size": [0.75, 1.5]},
								"east": {"uv": [3, 12], "uv_size": [1, 1.5]},
								"south": {"uv": [6.5, 13], "uv_size": [0.75, 1.5]},
								"west": {"uv": [12, 7], "uv_size": [1, 1.5]},
								"up": {"uv": [14, 4.5], "uv_size": [0.75, 1]},
								"down": {"uv": [14, 6.5], "uv_size": [0.75, -1]}
							}
						},
						{
							"origin": [-9.312, 6.16, 1.08],
							"size": [1.08, 2.16, 2.16],
							"uv": {
								"north": {"uv": [13, 11], "uv_size": [0.75, 1.5]},
								"east": {"uv": [9.5, 7], "uv_size": [1.5, 1.5]},
								"south": {"uv": [13, 12.5], "uv_size": [0.75, 1.5]},
								"west": {"uv": [9.5, 8.5], "uv_size": [1.5, 1.5]},
								"up": {"uv": [13.5, 0], "uv_size": [0.75, 1.5]},
								"down": {"uv": [1, 15], "uv_size": [0.75, -1.5]}
							}
						}
					]
				},
				{
					"name": "Chainsaws",
					"parent": "bone",
					"pivot": [-4.32, 9.92, -4.32],
					"cubes": [
						{
							"origin": [-6.144, 9.76, -7.92],
							"size": [0.288, 2.16, 5.04],
							"uv": {
								"north": {"uv": [10.5, 14.5], "uv_size": [0.25, 1.5]},
								"east": {"uv": [9.5, 4], "uv_size": [3.5, 1.5]},
								"south": {"uv": [11, 14.5], "uv_size": [0.25, 1.5]},
								"west": {"uv": [9.5, 5.5], "uv_size": [3.5, 1.5]},
								"up": {"uv": [2, 13.5], "uv_size": [0.25, 3.5]},
								"down": {"uv": [2.5, 17], "uv_size": [0.25, -3.5]}
							}
						},
						{
							"origin": [-6, 11.92, -7.92],
							"size": [0, 0.72, 5.04],
							"uv": {
								"north": {"uv": [0, 0], "uv_size": [0, 0.5]},
								"east": {"uv": [11, 9], "uv_size": [3.5, 0.5]},
								"south": {"uv": [0, 0], "uv_size": [0, 0.5]},
								"west": {"uv": [11, 9.5], "uv_size": [3.5, 0.5]},
								"up": {"uv": [0, 0], "uv_size": [0, 3.5]},
								"down": {"uv": [0, 3.5], "uv_size": [0, -3.5]}
							}
						},
						{
							"origin": [-6, 9.04, -7.92],
							"size": [0, 0.72, 5.04],
							"uv": {
								"north": {"uv": [0, 0], "uv_size": [0, 0.5]},
								"east": {"uv": [11, 10], "uv_size": [3.5, 0.5]},
								"south": {"uv": [0, 0], "uv_size": [0, 0.5]},
								"west": {"uv": [11, 10.5], "uv_size": [3.5, 0.5]},
								"up": {"uv": [0, 0], "uv_size": [0, 3.5]},
								"down": {"uv": [0, 3.5], "uv_size": [0, -3.5]}
							}
						},
						{
							"origin": [-6, 9.04, -8.64],
							"size": [0, 3.6, 0.72],
							"uv": {
								"north": {"uv": [0, 0], "uv_size": [0, 2.5]},
								"east": {"uv": [4, 12.5], "uv_size": [0.5, 2.5]},
								"south": {"uv": [0, 0], "uv_size": [0, 2.5]},
								"west": {"uv": [4.5, 12.5], "uv_size": [0.5, 2.5]},
								"up": {"uv": [0, 0], "uv_size": [0, 0.5]},
								"down": {"uv": [0, 0.5], "uv_size": [0, -0.5]}
							}
						},
						{
							"origin": [-6, 9.04, -2.88],
							"size": [0, 3.6, 0.72],
							"uv": {
								"north": {"uv": [0, 0], "uv_size": [0, 2.5]},
								"east": {"uv": [5, 12.5], "uv_size": [0.5, 2.5]},
								"south": {"uv": [0, 0], "uv_size": [0, 2.5]},
								"west": {"uv": [12.5, 11], "uv_size": [0.5, 2.5]},
								"up": {"uv": [0, 0], "uv_size": [0, 0.5]},
								"down": {"uv": [0, 0.5], "uv_size": [0, -0.5]}
							}
						}
					]
				},
				{
					"name": "Tail",
					"parent": "bone",
					"pivot": [-4.32, 9.92, 3.6],
					"rotation": [-27.5, 0, 0],
					"cubes": [
						{
							"origin": [-6.36, 10.48, 2.88],
							"size": [0.72, 0.36, 4.32],
							"uv": {
								"north": {"uv": [15, 1], "uv_size": [0.5, 0.25]},
								"east": {"uv": [13.5, 14], "uv_size": [3, 0.25]},
								"south": {"uv": [1.5, 15], "uv_size": [0.5, 0.25]},
								"west": {"uv": [14, 13.5], "uv_size": [3, 0.25]},
								"up": {"uv": [10.5, 11.5], "uv_size": [0.5, 3]},
								"down": {"uv": [12, 14], "uv_size": [0.5, -3]}
							}
						},
						{
							"origin": [-7.08, 10.84, 7.2],
							"size": [2.16, 0, 2.16],
							"uv": {
								"north": {"uv": [0, 0], "uv_size": [1.5, 0]},
								"east": {"uv": [0, 0], "uv_size": [1.5, 0]},
								"south": {"uv": [0, 0], "uv_size": [1.5, 0]},
								"west": {"uv": [0, 0], "uv_size": [1.5, 0]},
								"up": {"uv": [9.5, 10], "uv_size": [1.5, 1.5]},
								"down": {"uv": [4, 12.5], "uv_size": [1.5, -1.5]}
							}
						}
					]
				}
			]
		}
	]
}