{
	"format_version": "1.12.0",
	"minecraft:geometry": [
		{
			"description": {
				"identifier": "geometry.Pochita",
				"texture_width": 64,
				"texture_height": 64,
				"visible_bounds_width": 3,
				"visible_bounds_height": 2.5,
				"visible_bounds_offset": [0, 0.75, 0]
			},
			"bones": [
				{
					"name": "Pochita",
					"pivot": [0, 0, 0]
				},
				{
					"name": "bone",
					"parent": "Pochita",
					"pivot": [0, 0, 0],
					"cubes": [
						{
							"origin": [-4, 2, -6],
							"size": [8, 8, 11],
							"uv": {
								"north": {"uv": [0, 16], "uv_size": [8, 8]},
								"east": {"uv": [0, 0], "uv_size": [11, 8]},
								"south": {"uv": [19, 0], "uv_size": [8, 8]},
								"west": {"uv": [0, 8], "uv_size": [11, 8]},
								"up": {"uv": [11, 0], "uv_size": [8, 11]},
								"down": {"uv": [11, 22], "uv_size": [8, -11]}
							}
						},
						{
							"origin": [-0.5, 7, 5],
							"size": [1, 1, 2],
							"uv": {
								"north": {"uv": [29, 29], "uv_size": [1, 1]},
								"east": {"uv": [29, 6], "uv_size": [2, 1]},
								"south": {"uv": [0, 30], "uv_size": [1, 1]},
								"west": {"uv": [14, 29], "uv_size": [2, 1]},
								"up": {"uv": [16, 29], "uv_size": [1, 2]},
								"down": {"uv": [17, 31], "uv_size": [1, -2]}
							}
						},
						{
							"origin": [-0.5, 4, 6],
							"size": [1, 3, 1],
							"uv": {
								"north": {"uv": [25, 27], "uv_size": [1, 3]},
								"east": {"uv": [24, 28], "uv_size": [1, 3]},
								"south": {"uv": [28, 24], "uv_size": [1, 3]},
								"west": {"uv": [26, 28], "uv_size": [1, 3]},
								"up": {"uv": [30, 1], "uv_size": [1, 1]},
								"down": {"uv": [2, 31], "uv_size": [1, -1]}
							}
						},
						{
							"origin": [-0.5, 3, 5],
							"size": [1, 1, 2],
							"uv": {
								"north": {"uv": [30, 0], "uv_size": [1, 1]},
								"east": {"uv": [18, 29], "uv_size": [2, 1]},
								"south": {"uv": [1, 30], "uv_size": [1, 1]},
								"west": {"uv": [29, 18], "uv_size": [2, 1]},
								"up": {"uv": [29, 19], "uv_size": [1, 2]},
								"down": {"uv": [20, 31], "uv_size": [1, -2]}
							}
						},
						{
							"origin": [-3.8, 10, -2],
							"size": [1, 2, 1],
							"uv": {
								"north": {"uv": [29, 0], "uv_size": [1, 2]},
								"east": {"uv": [29, 2], "uv_size": [1, 2]},
								"south": {"uv": [29, 4], "uv_size": [1, 2]},
								"west": {"uv": [6, 29], "uv_size": [1, 2]},
								"up": {"uv": [27, 7], "uv_size": [1, 1]},
								"down": {"uv": [29, 22], "uv_size": [1, -1]}
							}
						},
						{
							"origin": [-2.8, 11, -2],
							"size": [3, 1, 1],
							"uv": {
								"north": {"uv": [24, 17], "uv_size": [3, 1]},
								"east": {"uv": [29, 25], "uv_size": [1, 1]},
								"south": {"uv": [27, 17], "uv_size": [3, 1]},
								"west": {"uv": [29, 26], "uv_size": [1, 1]},
								"up": {"uv": [28, 13], "uv_size": [3, 1]},
								"down": {"uv": [28, 15], "uv_size": [3, -1]}
							}
						},
						{
							"origin": [-0.2, 11, -2],
							"size": [3, 1, 1],
							"uv": {
								"north": {"uv": [28, 15], "uv_size": [3, 1]},
								"east": {"uv": [27, 29], "uv_size": [1, 1]},
								"south": {"uv": [28, 16], "uv_size": [3, 1]},
								"west": {"uv": [28, 29], "uv_size": [1, 1]},
								"up": {"uv": [28, 22], "uv_size": [3, 1]},
								"down": {"uv": [28, 24], "uv_size": [3, -1]}
							}
						},
						{
							"origin": [2.8, 10, -2],
							"size": [1, 2, 1],
							"uv": {
								"north": {"uv": [7, 29], "uv_size": [1, 2]},
								"east": {"uv": [11, 29], "uv_size": [1, 2]},
								"south": {"uv": [12, 29], "uv_size": [1, 2]},
								"west": {"uv": [13, 29], "uv_size": [1, 2]},
								"up": {"uv": [23, 29], "uv_size": [1, 1]},
								"down": {"uv": [29, 25], "uv_size": [1, -1]}
							}
						}
					]
				},
				{
					"name": "Legs1",
					"parent": "bone",
					"pivot": [-3, 3, -4],
					"cubes": [
						{
							"origin": [-4.5, 0, -5],
							"size": [1.5, 4, 2],
							"uv": {
								"north": {"uv": [17, 22], "uv_size": [1.5, 4]},
								"east": {"uv": [11, 22], "uv_size": [2, 4]},
								"south": {"uv": [22, 22], "uv_size": [1.5, 4]},
								"west": {"uv": [13, 22], "uv_size": [2, 4]},
								"up": {"uv": [27, 3], "uv_size": [1.5, 2]},
								"down": {"uv": [27, 7], "uv_size": [1.5, -2]}
							}
						}
					]
				},
				{
					"name": "Legs2",
					"parent": "bone",
					"pivot": [3, 3, -4],
					"cubes": [
						{
							"origin": [3, 0, -5],
							"size": [1.5, 4, 2],
							"uv": {
								"north": {"uv": [19, 23], "uv_size": [1.5, 4]},
								"east": {"uv": [22, 14], "uv_size": [2, 4]},
								"south": {"uv": [0, 24], "uv_size": [1.5, 4]},
								"west": {"uv": [15, 22], "uv_size": [2, 4]},
								"up": {"uv": [6, 27], "uv_size": [1.5, 2]},
								"down": {"uv": [19, 29], "uv_size": [1.5, -2]}
							}
						}
					]
				},
				{
					"name": "Legs3",
					"parent": "bone",
					"pivot": [3, 4, 3],
					"cubes": [
						{
							"origin": [3, 0, 2],
							"size": [1.5, 3, 2],
							"uv": {
								"north": {"uv": [26, 8], "uv_size": [1.5, 3]},
								"east": {"uv": [2, 24], "uv_size": [2, 3]},
								"south": {"uv": [11, 26], "uv_size": [1.5, 3]},
								"west": {"uv": [4, 24], "uv_size": [2, 3]},
								"up": {"uv": [0, 28], "uv_size": [1.5, 2]},
								"down": {"uv": [28, 9], "uv_size": [1.5, -2]}
							}
						},
						{
							"origin": [3.1, 3, 1.5],
							"size": [1.5, 3, 3],
							"uv": {
								"north": {"uv": [26, 14], "uv_size": [1.5, 3]},
								"east": {"uv": [8, 16], "uv_size": [3, 3]},
								"south": {"uv": [15, 26], "uv_size": [1.5, 3]},
								"west": {"uv": [8, 19], "uv_size": [3, 3]},
								"up": {"uv": [17, 26], "uv_size": [1.5, 3]},
								"down": {"uv": [22, 29], "uv_size": [1.5, -3]}
							}
						}
					]
				},
				{
					"name": "Legs4",
					"parent": "bone",
					"pivot": [-3, 4, 3],
					"cubes": [
						{
							"origin": [-4.5, 0, 2],
							"size": [1.5, 3, 2],
							"uv": {
								"north": {"uv": [26, 11], "uv_size": [1.5, 3]},
								"east": {"uv": [6, 24], "uv_size": [2, 3]},
								"south": {"uv": [13, 26], "uv_size": [1.5, 3]},
								"west": {"uv": [24, 14], "uv_size": [2, 3]},
								"up": {"uv": [28, 9], "uv_size": [1.5, 2]},
								"down": {"uv": [28, 13], "uv_size": [1.5, -2]}
							}
						},
						{
							"origin": [-4.6, 3, 1.5],
							"size": [1.5, 3, 3],
							"uv": {
								"north": {"uv": [26, 22], "uv_size": [1.5, 3]},
								"east": {"uv": [19, 14], "uv_size": [3, 3]},
								"south": {"uv": [26, 25], "uv_size": [1.5, 3]},
								"west": {"uv": [19, 17], "uv_size": [3, 3]},
								"up": {"uv": [27, 0], "uv_size": [1.5, 3]},
								"down": {"uv": [2, 30], "uv_size": [1.5, -3]}
							}
						}
					]
				},
				{
					"name": "Chainsaws",
					"parent": "bone",
					"pivot": [0, 9, -6],
					"cubes": [
						{
							"origin": [-0.2, 8, -11],
							"size": [0.4, 3, 7],
							"uv": {
								"north": {"uv": [21, 29], "uv_size": [0.5, 3]},
								"east": {"uv": [19, 8], "uv_size": [7, 3]},
								"south": {"uv": [22, 29], "uv_size": [0.5, 3]},
								"west": {"uv": [19, 11], "uv_size": [7, 3]},
								"up": {"uv": [4, 27], "uv_size": [0.5, 7]},
								"down": {"uv": [5, 34], "uv_size": [0.5, -7]}
							}
						},
						{
							"origin": [0, 11, -11],
							"size": [0, 1, 7],
							"uv": {
								"north": {"uv": [0, 0], "uv_size": [0, 1]},
								"east": {"uv": [22, 18], "uv_size": [7, 1]},
								"south": {"uv": [0, 0], "uv_size": [0, 1]},
								"west": {"uv": [22, 19], "uv_size": [7, 1]},
								"up": {"uv": [0, 0], "uv_size": [0, 7]},
								"down": {"uv": [0, 7], "uv_size": [0, -7]}
							}
						},
						{
							"origin": [0, 7, -11],
							"size": [0, 1, 7],
							"uv": {
								"north": {"uv": [0, 0], "uv_size": [0, 1]},
								"east": {"uv": [22, 20], "uv_size": [7, 1]},
								"south": {"uv": [0, 0], "uv_size": [0, 1]},
								"west": {"uv": [22, 21], "uv_size": [7, 1]},
								"up": {"uv": [0, 0], "uv_size": [0, 7]},
								"down": {"uv": [0, 7], "uv_size": [0, -7]}
							}
						},
						{
							"origin": [0, 7, -12],
							"size": [0, 5, 1],
							"uv": {
								"north": {"uv": [0, 0], "uv_size": [0, 5]},
								"east": {"uv": [8, 25], "uv_size": [1, 5]},
								"south": {"uv": [0, 0], "uv_size": [0, 5]},
								"west": {"uv": [9, 25], "uv_size": [1, 5]},
								"up": {"uv": [0, 0], "uv_size": [0, 1]},
								"down": {"uv": [0, 1], "uv_size": [0, -1]}
							}
						},
						{
							"origin": [0, 7, -4],
							"size": [0, 5, 1],
							"uv": {
								"north": {"uv": [0, 0], "uv_size": [0, 5]},
								"east": {"uv": [10, 25], "uv_size": [1, 5]},
								"south": {"uv": [0, 0], "uv_size": [0, 5]},
								"west": {"uv": [25, 22], "uv_size": [1, 5]},
								"up": {"uv": [0, 0], "uv_size": [0, 1]},
								"down": {"uv": [0, 1], "uv_size": [0, -1]}
							}
						}
					]
				},
				{
					"name": "Tail",
					"parent": "bone",
					"pivot": [0, 9, 5],
					"rotation": [-27.5, 0, 0],
					"cubes": [
						{
							"origin": [-0.5, 9, 4],
							"size": [1, 0.5, 6],
							"uv": {
								"north": {"uv": [30, 2], "uv_size": [1, 0.5]},
								"east": {"uv": [27, 28], "uv_size": [6, 0.5]},
								"south": {"uv": [3, 30], "uv_size": [1, 0.5]},
								"west": {"uv": [28, 27], "uv_size": [6, 0.5]},
								"up": {"uv": [21, 23], "uv_size": [1, 6]},
								"down": {"uv": [24, 28], "uv_size": [1, -6]}
							}
						},
						{
							"origin": [-1.5, 9.5, 10],
							"size": [3, 0, 3],
							"uv": {
								"north": {"uv": [0, 0], "uv_size": [3, 0]},
								"east": {"uv": [0, 0], "uv_size": [3, 0]},
								"south": {"uv": [0, 0], "uv_size": [3, 0]},
								"west": {"uv": [0, 0], "uv_size": [3, 0]},
								"up": {"uv": [19, 20], "uv_size": [3, 3]},
								"down": {"uv": [8, 25], "uv_size": [3, -3]}
							}
						}
					]
				}
			]
		}
	]
}