{
  "resource_pack_name": "SMW",
  "texture_name": "atlas.items",
  "texture_data": {
    "m4a1": {
      "textures": "textures/items/m4a1/m4a1"
    },
    "m4a1_mag": {
      "textures": "textures/items/m4a1/m4a1_mag"
    },
    "mk4": {
      "textures": "textures/items/mk4/mk4"
    },
    "mk4_mag": {
      "textures": "textures/items/mk4/mk4_mag"
    },
    "x16": {
      "textures": "textures/items/x16/x16"
    },
    "x16_mag": {
      "textures": "textures/items/x16/x16_mag"
    },
    "mp5": {
      "textures": "textures/items/mp5/mp5"
    },
    "mp5_mag": {
      "textures": "textures/items/mp5/mp5_mag"
    },
    "asval": {
      "textures": "textures/items/asval/asval"
    },
    "asval_mag": {
      "textures": "textures/items/asval/asval_mag"
    },
    "ak47": {
      "textures": "textures/items/ak47/ak47"
    },
    "ak47_mag": {
      "textures": "textures/items/ak47/ak47_mag"
    }
  }
}
