{"format_version":"1.10.0","minecraft:client_entity":{"description":{"identifier":"yg:charles","materials":{"default":"enderman"},"textures":{"default":"textures/entity/yg_charles"},"geometry":{"default":"geometry.yg_charles"},"render_controllers":["controller.render.witch"],"spawn_egg":{"base_color":"#630000","overlay_color":"#FBE1E1"},"scripts":{"animate":["move","jumping","general","attack_controllers"],"pre_animation":["variable.attack = Math.sin(variable.attack_time * 30.0);"],"scale":"2"},"animations":{"moving":"animation.yg_charles.move","gazo_general":"animation.yg_charles.general","running":"animation.yg_charles.move","jumping":"animation.yg_charles.jumping","climbing":"animation.yg_charles.climbing","attack_controllers":"controller.animation.yg_charles.attack","attack":"animation.yg_charles.attack","move":"controller.animation.yg_charles.move","general":"controller.animation.yg_charles.general"},"particle_effects":{"steam":"yg:train_smoke"}}}}