{
	"format_version": "1.10.0",
	"particle_effect": {
		"description": {
			"identifier": "bd:run",
			"basic_render_parameters": {
				"material": "particles_blend",
				"texture": "textures/particle/096_run"
			}
		},
		"components": {
			"minecraft:emitter_initialization": {
				"creation_expression": "variable.size = 0.5;variable.lifetime = 2.2;"
			},
			"minecraft:emitter_rate_instant": {
				"num_particles": 1
			},
			"minecraft:emitter_lifetime_once": {
				"active_time": 1
			},
			"minecraft:emitter_shape_disc": {
				"radius": 0.5,
				"direction": "outwards"
			},
			"minecraft:particle_lifetime_expression": {
				"max_lifetime": 0.3
			},
			"minecraft:particle_initial_spin": {
				"rotation": "(variable.particle_random_4-10)",
				"rotation_rate": "(variable.particle_random_4-13)"
			},
			"minecraft:particle_initial_speed": 1,
			"minecraft:particle_motion_dynamic": {
				"linear_acceleration": ["(variable.particle_random_3+0.5)", 3, "(variable.particle_random_4-0.5)"]
			},
			"minecraft:particle_appearance_billboard": {
				"size": ["variable.size*(variable.particle_lifetime*variable.lifetime-variable.particle_age)", "variable.size*(variable.particle_lifetime*variable.lifetime-variable.particle_age)"],
				"facing_camera_mode": "lookat_xyz",
				"uv": {
					"texture_width": 16,
					"texture_height": 16,
					"uv": [0, 0],
					"uv_size": [16, 16]
				}
			},
			"minecraft:particle_appearance_lighting": {},
			"minecraft:particle_appearance_tinting": {
				"color": {
					"interpolant": "variable.particle_age / variable.particle_lifetime * 200",
					"gradient": {
						"0.0": "#FFE2E2E2",
						"101.01010101010101": "#FFD0D0D0",
						"200.0": "#FFB2B2B2"
					}
				}
			}
		}
	}
}