{"format_version":"1.8.0","minecraft:entity":{"description":{"identifier":"jtartz:hb_scare","is_spawnable":false,"is_summonable":false,"is_experimental":false,"scripts":{"animate":["loop"]},"animations":{"loop":"controller.animation.hbscare_ability"}},"components":{"minecraft:type_family":{"family":["hbcurse83388338"]},"minecraft:attack":{"damage":6},"minecraft:health":{"value":800,"max":800},"minecraft:fire_immune":true,"minecraft:fall_damage":{"value":0.0},"minecraft:movement":{"value":0.26},"minecraft:underwater_movement":{"value":0.06},"minecraft:follow_range":{"value":64,"max":64},"minecraft:can_climb":{},"minecraft:collision_box":{"width":0.6,"height":1.8},"minecraft:loot":{"table":"loot_tables/entities/hbloot_jt.json"},"minecraft:breathable":{"totalSupply":15,"suffocateTime":0,"breathesAir":true,"breathesWater":true},"minecraft:jump.static":{},"minecraft:movement.basic":{},"minecraft:navigation.generic":{"is_amphibious":true,"can_path_over_water":false,"can_pass_doors":true,"can_open_doors":true,"can_swim":true,"can_walk":true,"avoid_water":false},"minecraft:annotation.open_door":{},"minecraft:physics":{},"minecraft:behavior.hurt_by_target":{"priority":1},"minecraft:behavior.nearest_attackable_target":{"priority":2,"within_radius":25,"reselect_targets":true,"entity_types":[{"filters":{"any_of":[{"test":"is_family","subject":"other","value":"player"},{"test":"is_family","subject":"other","value":"player"},{"test":"is_family","subject":"other","value":"player"},{"test":"is_family","subject":"other","value":"player"}]},"max_dist":35},{"filters":{"all_of":[{"test":"is_family","subject":"other","value":"player"},{"test":"in_water","subject":"other","operator":"!=","value":true}]},"max_dist":35}],"must_see":true,"must_see_forget_duration":17},"minecraft:behavior.melee_attack":{"priority":3,"reach_multiplier":5,"track_target":true},"minecraft:behavior.move_towards_restriction":{"priority":5,"speed_multiplier":1},"minecraft:behavior.random_stroll":{"priority":6,"speed_multiplier":1},"minecraft:behavior.look_at_player":{"priority":7,"look_distance":6,"probability":0.02},"minecraft:behavior.random_look_around":{"priority":7}}}}
