{
	"format_version": "1.8.0",
	"render_controllers": {
		"controller.render.broomstick5": {
			"arrays": {
				"textures": {
					"Array.variants": [
						"Texture.default",
						"Texture.t1",
						"Texture.t2",
						"Texture.t3",
						"Texture.t4"
					]
				},
				"geometries": {
					"Array.variants": [
						"Geometry.default",
						"Geometry.g1",
						"Geometry.g2",
						"Geometry.g3",
						"Geometry.g4"
					]
				}
			},
			"materials": [
				{
					"*": "Material.default"
				}
			],
			"textures": [
				"Array.variants[query.variant]"
			],
			"geometry": "Array.variants[query.variant]"
		}
	}
}
