{
  "format_version": "1.8.0",
  "animations": {
    "animation.miner.walk": {
      "loop": true,
      "animation_length": 1,
      "bones": {
        "tool": {
					"rotation": {
						"0.0": [0, 0, 0],
						"1.0": [0, 0, 720]
					}
        }
      }
    },
    "animation.miner.move": {
      "anim_time_update": "query.modified_distance_moved",
      "loop": true,
      "bones": {
        "track1": {
          "position": [ 0.0, 0.0, "Math.cos(query.anim_time * 28.17) *  1.0" ]
        },
        "track2": {
          "position": [ 0.0, 0.0, "Math.cos(query.anim_time * 28.17) *  1.0" ]
        },
        "track11": {
          "position": [ 0.0, 0.0, "Math.cos(query.anim_time * 28.17) *  -1.0" ]
        },
        "track22": {
          "position": [ 0.0, 0.0, "Math.cos(query.anim_time * 28.17) *  -1.0" ]
        }
      }
    }
  }
}