{
    "format_version": "1.10.0",
    "animation_controllers": {
        "controller.animation.animation_fix": {
            "initial_state": "default",
            "states": {
                "default": {
                    "transitions": [
                        {
                            "alive": "query.is_alive"
                        }
                    ]
                },
                "alive": {
                    "on_entry": [
                        "/playanimation @e[type=en:mati_rest,r=3] animation.mati.shoot", "/summon en:prototype_alert ~~~ minecraft:entity_spawned"
                    ],
                    "transitions": [
                        {
                            "died": "!query.is_alive"
                        }
                    ]
                },
                "died": {
                    "on_entry": [
                        ""
                    ],
                    "transitions": [
                        {
                            "alive": "query.is_alive"
                        }
                    ]
                }
            }
        }
    }
}