{
    "format_version": "1.10.0",
    "animation_controllers": {
        "controller.animation.minirod_alerted": {
            "states": {
                "move": {
                    "transitions": [
                        {
                            "attack": "query.has_target"
                        }
                    ],
                    "on_entry": [
                        ""
                    ]
                },
                "attack": {
                    "transitions": [
                        {
                            "move": "!query.has_target"
                        }
                    ],
                    "on_entry": [
                    "/playsound minirod_warn @p ~~~", "/playsound minirod_alert @p ~~~"
                    ]
                }
            }
        }
    }
}
