{
    "format_version": "1.10.0",
    "animation_controllers": {
        "controller.animation.rod2": {
            "states": {
                "default": {
                    "transitions": [
                        {
                            "walking": "(1.0)"
                        }
                    ],
                    "on_entry": [
                        "/execute @p[r=1.5] ~~~ tp ~~~ facing @e[type=en:rod,r=1.5]", "/gamerule sendcommandfeedback false"
                    ]
                },
                "walking": {
                    "transitions": [
                        {
                            "default": "(1.0)"
                        }
                    ],
                    "on_entry": [
                        "/execute @p[r=1.5] ~~~ tp ~~~ facing @e[type=en:rod,r=1.5]", "/gamerule sendcommandfeedback false"
                    ]
                }
            }
        }
    }
}