{
    "format_version": "1.10.0",
    "animation_controllers": {
        "controller.animation.minirod_stun": {
            "initial_state": "default",
            "states": {
                "default": {
                    "transitions": [
                        {
                            "alive": "query.is_alive"
                        }
                    ]
                },
                "alive": {
                    "on_entry": [
                        "\/execute @p[r=3] ~~~ summon en:stun ~~~",
                        "\/effect @e[family=kid,r=3] slowness 2 22",
                        "\/playanimation @e[family=kid,r=3] animation.human.stunned",
                        "\/function minirod_electrify_sound"
                    ],
                    "transitions": [
                        {
                            "died": "!query.is_alive"
                        }
                    ]
                },
                "died": {
                    "on_entry": [
                        "died"
                    ],
                    "transitions": [
                        {
                            "alive": "query.is_alive"
                        }
                    ]
                }
            }
        }
    }
}