{
    "format_version": "1.10.0",
    "animation_controllers": {
        "controller.animation.minirod_electrify": {
            "states": {
                "default": {
                    "transitions": [
                        {
                            "walking": "(1.0)"
                        }
                    ],
                    "on_entry": [
                        "/function minirod_electrify"
                    ]
                },
                "walking": {
                    "transitions": [
                        {
                            "default": "(1.0)"
                        }
                    ],
                    "on_entry": [
                        "/function minirod_electrify"
                    ]
                }
            }
        }
    }
}