{
    "format_version": "1.10.0",
    "animation_controllers": {
        "controller.animation.minirod_prototype_alerted": {
            "initial_state": "default",
            "states": {
                "default": {
                    "transitions": [
                        {
                            "alive": "query.is_alive"
                        }
                    ]
                },
                "alive": {
                    "on_entry": [
                        "/summon en:prototype_alert ~~~ minecraft:entity_spawned"
                    ],
                    "transitions": [
                        {
                            "died": "!query.is_alive"
                        }
                    ]
                },
                "died": {
                    "on_entry": [
                        ""
                    ],
                    "transitions": [
                        {
                            "alive": "query.is_alive"
                        }
                    ]
                }
            }
        }
    }
}