{
  "format_version": "1.11",
  "minecraft:entity": {
    "description": {
      "identifier": "minecraft:player",
      "is_spawnable": false,
      "is_summonable": false,
      "is_experimental": false,
      "scripts": {
        "animate": [
          "walk",
          "mn:hq_apara",
          "mn:hq_bonba",
          "mn:hq_alarte",
          "mn:hq_confu",
          "mn:hq_estu",
          "mn:hq_levio",
          "mn:oculos_1",
          "mn:chapeu_celetor",
          "mn:casaco_riffinoria",
          "mn:casaco_sonserina",
          "mn:casaco_lufa",
          "mn:casaco_corvinal"
        ]
      },
      "animations": {
        "walk": "controller.animation.walk",
        "mn:hq_apara": "controller.animation.mn_hq_apara",
        "mn:hq_bonba": "controller.animation.mn_hq_bonba",
        "mn:hq_alarte": "controller.animation.mn_hq_alarte",
        "mn:hq_confu": "controller.animation.mn_hq_confu",
        "mn:hq_estu": "controller.animation.mn_hq_estu",
        "mn:hq_levio": "controller.animation.mn_hq_levio",
        "mn:oculos_1": "controller.animation.mn_oculos_1",
        "mn:chapeu_celetor": "controller.animation.mn_chapeu_celetor",
        "mn:casaco_riffinoria": "controller.animation.mn_casaco_riffinoria",
        "mn:casaco_sonserina": "controller.animation.mn_casaco_sonserina",
        "mn:casaco_lufa": "controller.animation.mn_casaco_lufa",
        "mn:casaco_corvinal": "controller.animation.mn_casaco_corvinal"
      }
    },
    "component_groups": {
      "pamobile:respawn": {
        "minecraft:mark_variant": {
          "value": 99999
        },
        "minecraft:health": {
          "value": 20,
          "max": 20
        },
        "minecraft:movement": {
          "value": 0.1
        },
        "minecraft:attack": {
          "damage": 1
        },
        "minecraft:spell_effects": {
          "remove_effects": [
            "speed"
          ]
        }
      },
      "ammo:1": {
        "minecraft:mark_variant": {
          "value": 1
        }
      },
      "mn:hq_apara_fire": {
        "minecraft:spawn_entity": [
          {
            "min_wait_time": 0,
            "max_wait_time": 0,
            "single_use": true,
            "spawn_entity": "mn:hq_apara",
            "num_to_spawn": 1
          }
        ]
      },
      "mn:hq_bonba_fire": {
        "minecraft:spawn_entity": [
          {
            "min_wait_time": 0,
            "max_wait_time": 0,
            "single_use": true,
            "spawn_entity": "mn:hq_bonba",
            "num_to_spawn": 1
          }
        ]
      },
      "mn:hq_alarte_fire": {
        "minecraft:spawn_entity": [
          {
            "min_wait_time": 0,
            "max_wait_time": 0,
            "single_use": true,
            "spawn_entity": "mn:hq_alarte",
            "num_to_spawn": 1
          }
        ]
      },
      "mn:hq_confu_fire": {
        "minecraft:spawn_entity": [
          {
            "min_wait_time": 0,
            "max_wait_time": 0,
            "single_use": true,
            "spawn_entity": "mn:hq_confu",
            "num_to_spawn": 1
          }
        ]
      },
      "mn:hq_estu_fire": {
        "minecraft:spawn_entity": [
          {
            "min_wait_time": 0,
            "max_wait_time": 0,
            "single_use": true,
            "spawn_entity": "mn:hq_estu",
            "num_to_spawn": 1
          }
        ]
      },
      "mn:hq_levio_fire": {
        "minecraft:spawn_entity": [
          {
            "min_wait_time": 0,
            "max_wait_time": 0,
            "single_use": true,
            "spawn_entity": "mn:hq_levio",
            "num_to_spawn": 1
          }
        ]
      },
      "mn:oculos_1_event_play": {
        "minecraft:health": {
          "value": 20,
          "max": 20
        },
        "minecraft:movement": {
          "value": 0.1
        },
        "minecraft:spell_effects": {
          "add_effects": []
        }
      },
      "mn:chapeu_celetor_event_play": {
        "minecraft:health": {
          "value": 20,
          "max": 20
        },
        "minecraft:movement": {
          "value": 0.1
        },
        "minecraft:spell_effects": {
          "add_effects": [
            {
              "effect": "speed",
              "duration": 60000,
              "amplifier": 1
            }
          ]
        }
      },
      "mn:casaco_riffinoria_event_play": {
        "minecraft:health": {
          "value": 20,
          "max": 20
        },
        "minecraft:movement": {
          "value": 0.1
        },
        "minecraft:spell_effects": {
          "add_effects": []
        }
      },
      "mn:casaco_sonserina_event_play": {
        "minecraft:health": {
          "value": 20,
          "max": 20
        },
        "minecraft:movement": {
          "value": 0.1
        },
        "minecraft:spell_effects": {
          "add_effects": []
        }
      },
      "mn:casaco_lufa_event_play": {
        "minecraft:health": {
          "value": 20,
          "max": 20
        },
        "minecraft:movement": {
          "value": 0.1
        },
        "minecraft:spell_effects": {
          "add_effects": []
        }
      },
      "mn:casaco_corvinal_event_play": {
        "minecraft:health": {
          "value": 20,
          "max": 20
        },
        "minecraft:movement": {
          "value": 0.1
        },
        "minecraft:spell_effects": {
          "add_effects": []
        }
      },
      "mn:varinha": {
        "minecraft:health": {
          "value": 20,
          "max": 20
        },
        "minecraft:movement": {
          "value": 0.1
        },
        "minecraft:spell_effects": {
          "add_effects": []
        }
      },
      "mn:lumus": {
        "minecraft:health": {
          "value": 20,
          "max": 20
        },
        "minecraft:movement": {
          "value": 0.1
        },
        "minecraft:spell_effects": {
          "add_effects": []
        }
      },
      "mn:petrificus": {
        "minecraft:health": {
          "value": 20,
          "max": 20
        },
        "minecraft:movement": {
          "value": 0.1
        },
        "minecraft:spell_effects": {
          "add_effects": []
        }
      }
    },
    "components": {
      "minecraft:type_family": {
        "family": [
          "player"
        ]
      },
      "minecraft:loot": {
        "table": "loot_tables/empty.json"
      },
      "minecraft:collision_box": {
        "width": 0.6,
        "height": 1.8
      },
      "minecraft:can_climb": {},
      "minecraft:movement": {
        "value": 0.1
      },
      "minecraft:environment_sensor": [
        {
          "on_environment": {
            "filters": {
              "any_of": [
                {
                  "test": "is_family",
                  "subject": "self",
                  "value": "player"
                }
              ]
            },
            "event": "pamobile:refresh_player"
          }
        },
        {
          "on_environment": {
            "filters": {
              "all_of": [
                {
                  "test": "has_equipment",
                  "subject": "self",
                  "domain": "hand",
                  "value": "mn:hq_apara"
                },
                {
                  "test": "is_family",
                  "subject": "self",
                  "value": "player"
                }
              ]
            },
            "event": "ammo:1"
          }
        },
        {
          "on_environment": {
            "filters": {
              "all_of": [
                {
                  "test": "has_equipment",
                  "subject": "self",
                  "domain": "hand",
                  "value": "mn:hq_bonba"
                },
                {
                  "test": "is_family",
                  "subject": "self",
                  "value": "player"
                }
              ]
            },
            "event": "ammo:1"
          }
        },
        {
          "on_environment": {
            "filters": {
              "all_of": [
                {
                  "test": "has_equipment",
                  "subject": "self",
                  "domain": "hand",
                  "value": "mn:hq_alarte"
                },
                {
                  "test": "is_family",
                  "subject": "self",
                  "value": "player"
                }
              ]
            },
            "event": "ammo:1"
          }
        },
        {
          "on_environment": {
            "filters": {
              "all_of": [
                {
                  "test": "has_equipment",
                  "subject": "self",
                  "domain": "hand",
                  "value": "mn:hq_confu"
                },
                {
                  "test": "is_family",
                  "subject": "self",
                  "value": "player"
                }
              ]
            },
            "event": "ammo:1"
          }
        },
        {
          "on_environment": {
            "filters": {
              "all_of": [
                {
                  "test": "has_equipment",
                  "subject": "self",
                  "domain": "hand",
                  "value": "mn:hq_estu"
                },
                {
                  "test": "is_family",
                  "subject": "self",
                  "value": "player"
                }
              ]
            },
            "event": "ammo:1"
          }
        },
        {
          "on_environment": {
            "filters": {
              "all_of": [
                {
                  "test": "has_equipment",
                  "subject": "self",
                  "domain": "hand",
                  "value": "mn:hq_levio"
                },
                {
                  "test": "is_family",
                  "subject": "self",
                  "value": "player"
                }
              ]
            },
            "event": "ammo:1"
          }
        },
        {
          "on_environment": {
            "filters": {
              "all_of": [
                {
                  "test": "has_equipment",
                  "subject": "self",
                  "domain": "hand",
                  "value": "mn:oculos_1"
                }
              ]
            },
            "event": "mn:oculos_1_event_hold"
          }
        },
        {
          "on_environment": {
            "filters": {
              "all_of": [
                {
                  "test": "has_equipment",
                  "subject": "self",
                  "domain": "head",
                  "value": "mn:oculos_1"
                }
              ]
            },
            "event": "mn:oculos_1_event_play"
          }
        },
        {
          "on_environment": {
            "filters": {
              "all_of": [
                {
                  "test": "has_equipment",
                  "subject": "self",
                  "domain": "hand",
                  "value": "mn:chapeu_celetor"
                }
              ]
            },
            "event": "mn:chapeu_celetor_event_hold"
          }
        },
        {
          "on_environment": {
            "filters": {
              "all_of": [
                {
                  "test": "has_equipment",
                  "subject": "self",
                  "domain": "head",
                  "value": "mn:chapeu_celetor"
                }
              ]
            },
            "event": "mn:chapeu_celetor_event_play"
          }
        },
        {
          "on_environment": {
            "filters": {
              "all_of": [
                {
                  "test": "has_equipment",
                  "subject": "self",
                  "domain": "hand",
                  "value": "mn:casaco_riffinoria"
                }
              ]
            },
            "event": "mn:casaco_riffinoria_event_hold"
          }
        },
        {
          "on_environment": {
            "filters": {
              "all_of": [
                {
                  "test": "has_equipment",
                  "subject": "self",
                  "domain": "head",
                  "value": "mn:casaco_riffinoria"
                }
              ]
            },
            "event": "mn:casaco_riffinoria_event_play"
          }
        },
        {
          "on_environment": {
            "filters": {
              "all_of": [
                {
                  "test": "has_equipment",
                  "subject": "self",
                  "domain": "hand",
                  "value": "mn:casaco_sonserina"
                }
              ]
            },
            "event": "mn:casaco_sonserina_event_hold"
          }
        },
        {
          "on_environment": {
            "filters": {
              "all_of": [
                {
                  "test": "has_equipment",
                  "subject": "self",
                  "domain": "head",
                  "value": "mn:casaco_sonserina"
                }
              ]
            },
            "event": "mn:casaco_sonserina_event_play"
          }
        },
        {
          "on_environment": {
            "filters": {
              "all_of": [
                {
                  "test": "has_equipment",
                  "subject": "self",
                  "domain": "hand",
                  "value": "mn:casaco_lufa"
                }
              ]
            },
            "event": "mn:casaco_lufa_event_hold"
          }
        },
        {
          "on_environment": {
            "filters": {
              "all_of": [
                {
                  "test": "has_equipment",
                  "subject": "self",
                  "domain": "head",
                  "value": "mn:casaco_lufa"
                }
              ]
            },
            "event": "mn:casaco_lufa_event_play"
          }
        },
        {
          "on_environment": {
            "filters": {
              "all_of": [
                {
                  "test": "has_equipment",
                  "subject": "self",
                  "domain": "hand",
                  "value": "mn:casaco_corvinal"
                }
              ]
            },
            "event": "mn:casaco_corvinal_event_hold"
          }
        },
        {
          "on_environment": {
            "filters": {
              "all_of": [
                {
                  "test": "has_equipment",
                  "subject": "self",
                  "domain": "head",
                  "value": "mn:casaco_corvinal"
                }
              ]
            },
            "event": "mn:casaco_corvinal_event_play"
          }
        },
        {
          "on_environment": {
            "filters": {
              "all_of": [
                {
                  "test": "has_equipment",
                  "subject": "self",
                  "domain": "hand",
                  "value": "mn:varinha"
                }
              ]
            },
            "event": "mn:varinha_event"
          }
        },
        {
          "on_environment": {
            "filters": {
              "all_of": [
                {
                  "test": "has_equipment",
                  "subject": "self",
                  "domain": "hand",
                  "value": "mn:lumus"
                }
              ]
            },
            "event": "mn:lumus_event"
          }
        },
        {
          "on_environment": {
            "filters": {
              "all_of": [
                {
                  "test": "has_equipment",
                  "subject": "self",
                  "domain": "hand",
                  "value": "mn:petrificus"
                }
              ]
            },
            "event": "mn:petrificus_event"
          }
        }
      ],
      "minecraft:player.saturation": {
        "value": 20
      },
      "minecraft:player.exhaustion": {
        "value": 0,
        "max": 4
      },
      "minecraft:player.level": {
        "value": 0,
        "max": 24791
      },
      "minecraft:player.experience": {
        "value": 0,
        "max": 1
      },
      "minecraft:breathable": {
        "totalSupply": 15,
        "suffocateTime": -1,
        "inhaleTime": 3.75,
        "generatesBubbles": false
      },
      "minecraft:nameable": {
        "alwaysShow": true,
        "allowNameTagRenaming": false
      },
      "minecraft:physics": {},
      "minecraft:insomnia": {
        "days_until_insomnia": 3
      },
      "minecraft:rideable": {
        "seat_count": 2,
        "family_types": [
          "parrot_tame"
        ],
        "pull_in_entities": true,
        "seats": [
          {
            "position": [
              0.4,
              -0.15,
              0.04
            ],
            "min_rider_count": 0,
            "max_rider_count": 0,
            "lock_rider_rotation": 0
          },
          {
            "position": [
              -0.4,
              -0.15,
              0.04
            ],
            "min_rider_count": 1,
            "max_rider_count": 2,
            "lock_rider_rotation": 0
          }
        ]
      },
      "minecraft:scaffolding_climber": {}
    },
    "events": {
      "pamobile:refresh_player": {
        "add": {
          "component_groups": [
            "pamobile:respawn"
          ]
        },
        "remove": {
          "component_groups": [
            "mn:oculos_1_event_hold",
            "mn:oculos_1_event_play",
            "mn:chapeu_celetor_event_hold",
            "mn:chapeu_celetor_event_play",
            "mn:casaco_riffinoria_event_hold",
            "mn:casaco_riffinoria_event_play",
            "mn:casaco_sonserina_event_hold",
            "mn:casaco_sonserina_event_play",
            "mn:casaco_lufa_event_hold",
            "mn:casaco_lufa_event_play",
            "mn:casaco_corvinal_event_hold",
            "mn:casaco_corvinal_event_play",
            "mn:varinha",
            "mn:lumus",
            "mn:petrificus"
          ]
        }
      },
      "minecraft:entity_spawned": {
        "add": {
          "component_groups": [
            "pamobile:respawn"
          ]
        },
        "remove": {}
      },
      "ammo:1": {
        "remove": {
          "component_groups": [
            "ammo:1"
          ]
        },
        "add": {
          "component_groups": [
            "ammo:1"
          ]
        }
      },
      "ammo:2": {
        "remove": {
          "component_groups": [
            "ammo:2"
          ]
        },
        "add": {
          "component_groups": [
            "ammo:2"
          ]
        }
      },
      "mn:hq_apara_fire": {
        "add": {
          "component_groups": [
            "mn:hq_apara_fire"
          ]
        }
      },
      "mn:hq_bonba_fire": {
        "add": {
          "component_groups": [
            "mn:hq_bonba_fire"
          ]
        }
      },
      "mn:hq_alarte_fire": {
        "add": {
          "component_groups": [
            "mn:hq_alarte_fire"
          ]
        }
      },
      "mn:hq_confu_fire": {
        "add": {
          "component_groups": [
            "mn:hq_confu_fire"
          ]
        }
      },
      "mn:hq_estu_fire": {
        "add": {
          "component_groups": [
            "mn:hq_estu_fire"
          ]
        }
      },
      "mn:hq_levio_fire": {
        "add": {
          "component_groups": [
            "mn:hq_levio_fire"
          ]
        }
      },
      "mn:oculos_1_event_hold": {
        "add": {
          "component_groups": [
            "mn:oculos_1_event_hold"
          ]
        }
      },
      "mn:oculos_1_event_play": {
        "add": {
          "component_groups": [
            "mn:oculos_1_event_play"
          ]
        }
      },
      "mn:chapeu_celetor_event_hold": {
        "add": {
          "component_groups": [
            "mn:chapeu_celetor_event_hold"
          ]
        }
      },
      "mn:chapeu_celetor_event_play": {
        "add": {
          "component_groups": [
            "mn:chapeu_celetor_event_play"
          ]
        }
      },
      "mn:casaco_riffinoria_event_hold": {
        "add": {
          "component_groups": [
            "mn:casaco_riffinoria_event_hold"
          ]
        }
      },
      "mn:casaco_riffinoria_event_play": {
        "add": {
          "component_groups": [
            "mn:casaco_riffinoria_event_play"
          ]
        }
      },
      "mn:casaco_sonserina_event_hold": {
        "add": {
          "component_groups": [
            "mn:casaco_sonserina_event_hold"
          ]
        }
      },
      "mn:casaco_sonserina_event_play": {
        "add": {
          "component_groups": [
            "mn:casaco_sonserina_event_play"
          ]
        }
      },
      "mn:casaco_lufa_event_hold": {
        "add": {
          "component_groups": [
            "mn:casaco_lufa_event_hold"
          ]
        }
      },
      "mn:casaco_lufa_event_play": {
        "add": {
          "component_groups": [
            "mn:casaco_lufa_event_play"
          ]
        }
      },
      "mn:casaco_corvinal_event_hold": {
        "add": {
          "component_groups": [
            "mn:casaco_corvinal_event_hold"
          ]
        }
      },
      "mn:casaco_corvinal_event_play": {
        "add": {
          "component_groups": [
            "mn:casaco_corvinal_event_play"
          ]
        }
      },
      "mn:varinha_event": {
        "add": {
          "component_groups": [
            "mn:varinha"
          ]
        }
      },
      "mn:lumus_event": {
        "add": {
          "component_groups": [
            "mn:lumus"
          ]
        }
      },
      "mn:petrificus_event": {
        "add": {
          "component_groups": [
            "mn:petrificus"
          ]
        }
      }
    }
  }
}