{
	"format_version": "1.8.0",
	"animations": {
		"animation.crosshair_default1": {
			"loop": true,
			"bones": {
				"main_bone": {
					"position": [0, 27.5, 110]
				},
				"line1": {
					"position": [0, 4, 0]
				},
				"line2": {
					"position": [4, 0, 0]
				},
				"line3": {
					"position": [0, -4, 0]
				},
				"line4": {
					"position": [-4, 0, 0]
				}
			}
		},
		"animation.crosshair_default2": {
			"loop": true,
			"bones": {
				"main_bone": {
					"position": [0, 27.5, 110]
				},
				"line1": {
					"position": [0, 8, 0]
				},
				"line2": {
					"position": [8, 0, 0]
				},
				"line3": {
					"position": [0, -8, 0]
				},
				"line4": {
					"position": [-8, 0, 0]
				}
			}
		},
		"animation.crosshair_fire": {
			"loop": true,
			"animation_length": 0.05,
			"bones": {
				"line2": {
					"position": {
						"0.0": [0, 0, 0],
						"0.0167": [3, 0, 0],
						"0.05": [0, 0, 0]
					},
					"scale": {
						"0.0": [1, 1, 1],
						"0.0167": [1.35, 1, 1],
						"0.05": [1, 1, 1]
					}
				},
				"line4": {
					"position": {
						"0.0": [0, 0, 0],
						"0.0167": [-3, 0, 0],
						"0.05": [0, 0, 0]
					},
					"scale": {
						"0.0": [1, 1, 1],
						"0.0167": [1.35, 1, 1],
						"0.05": [1, 1, 1]
					}
				},
				"line1": {
					"position": {
						"0.0": [0, 0, 0],
						"0.0167": [0, 3, 0],
						"0.0333": [0, 0, 0]
					},
					"scale": {
						"0.0": [1, 1, 1],
						"0.0167": [1.35, 1, 1],
						"0.0333": [1, 1, 1]
					}
				},
				"line3": {
					"position": {
						"0.0": [0, 0, 0],
						"0.0167": [0, -3, 0],
						"0.0333": [0, 0, 0]
					},
					"scale": {
						"0.0": [1, 1, 1],
						"0.0167": [1.35, 1, 1],
						"0.0333": [1, 1, 1]
					}
				}
			}
		}
	}
}
