{
	"format_version": "1.8.0",
	"animations": {
		"animation.particle_smoke": {
       "loop": "hold_on_last_frame",
			"animation_length": 1.70833,
			"particle_effects": {
				"0.0": {
					"effect": "smoke",
					"locator": "flash"
				}
			}
		},
		"animation.particle_smoke0": {
       "loop": "hold_on_last_frame",
			"animation_length": 1.70833,
			"particle_effects": {
				"0.0": {
					"effect": "smoke",
					"locator": "flash_0"
				}
			}
		},
		"animation.particle_smoke1": {
       "loop": "hold_on_last_frame",
			"animation_length": 1.70833,
			"particle_effects": {
				"0.0": {
					"effect": "smoke",
					"locator": "flash_2"
				}
			}
		},
		"animation.particle_smoke2": {
       "loop": "hold_on_last_frame",
			"animation_length": 1.70833,
			"particle_effects": {
				"0.0": {
					"effect": "smoke",
					"locator": "flash_3"
				}
			}
		},
		"animation.particle_smoke3": {
       "loop": "hold_on_last_frame",
			"animation_length": 1.70833,
			"particle_effects": {
				"0.0": {
					"effect": "smoke",
					"locator": "flash_4"
				}
			}
		},
		"animation.particle_smoke4": {
       "loop": "hold_on_last_frame",
			"animation_length": 1.70833,
			"particle_effects": {
				"0.0": {
					"effect": "smoke_big",
					"locator": "flash_5"
				}
			}
		}
	}
}
