{
  "format_version": "1.10.0",
  "minecraft:entity": {
    "description": {
      "identifier": "mi:hait",
      "is_spawnable": true,
      "is_summonable": true,
      "is_experimental": false
    },
    "component_groups": {
      "zoglin_baby": {
        "minecraft:type_family": {
          "family": [
            "zoglin",
            "zoglin_baby",
            "undead",
            "mob"
          ]
        },
        "minecraft:is_baby": {},
        "minecraft:scale": {
          "value": 0.5
        },
        "minecraft:collision_box": {
          "width": 0.85,
          "height": 0.85
        },
        "minecraft:custom_hit_test": {
          "hitboxes": [
            {
              "width": 1.0,
              "height": 0.85,
              "pivot": [
                0,
                0.5,
                0
              ]
            }
          ]
        }
      },
      "zoglin_adult": {
        "minecraft:type_family": {
          "family": [
            "zoglin",
            "zoglin_adult",
            "undead",
            "mob"
          ]
        },
        "minecraft:collision_box": {
          "width": 0.9,
          "height": 0.9
        },
        "minecraft:custom_hit_test": {
          "hitboxes": [
            {
              "width": 2.0,
              "height": 1.75,
              "pivot": [
                0,
                1,
                0
              ]
            }
          ]
        },
        "minecraft:behavior.hurt_by_target": {
          "priority": 1
        }
      }
    },
    "components": {
      "minecraft:nameable": {
        "alwaysShow": false,
        "allowNameTagRenaming": false
      },
      "minecraft:loot": {
        "table": "loot_tables/entities/zoglin.json"
      },
      "minecraft:experience_reward": {
        "on_bred": "Math.Random(1,7)",
        "on_death": "query.last_hit_by_player ? 5 : 0"
      },
      "minecraft:health": {
        "value": 300,
        "max": 300
      },
      "minecraft:knockback_resistance": {
        "value": 0.5,
        "max": 0.5
      },
      "minecraft:behavior.nearest_attackable_target": {
        "priority": 3,
        "within_radius": 16.0,
        "entity_types": [
          {
            "filters": {
              "any_of": []
            },
            "max_dist": 16.0,
            "must_see": false
          }
        ],
        "must_see": false,
        "must_reach": false
      },
      "minecraft:behavior.melee_attack": {
        "priority": 4,
        "speed_multiplier": 1.4,
        "track_target": true
      },
      "minecraft:movement": {
        "value": 0.25
      },
      "minecraft:navigation.walk": {
        "is_amphibious": true,
        "can_path_over_water": false,
        "avoid_water": true,
        "avoid_damage_blocks": true
      },
      "minecraft:movement.basic": {},
      "minecraft:jump.static": {},
      "minecraft:leashable": {
        "soft_distance": 4.0,
        "hard_distance": 6.0,
        "max_distance": 10.0
      },
      "minecraft:despawn": {
        "filters": {
          "any_of": [
            {
              "all_of": [
                {
                  "test": "is_persistent",
                  "value": false
                },
                {
                  "test": "distance_to_nearest_player",
                  "operator": ">",
                  "value": 54
                }
              ]
            },
            {
              "all_of": [
                {
                  "test": "is_persistent",
                  "value": false
                },
                {
                  "test": "inactivity_timer",
                  "subject": "self",
                  "value": 30
                },
                {
                  "test": "random_chance",
                  "value": 800
                },
                {
                  "test": "distance_to_nearest_player",
                  "operator": ">",
                  "value": 32
                }
              ]
            }
          ]
        }
      },
      "minecraft:behavior.random_stroll": {
        "priority": 7,
        "speed_multiplier": 1.0
      },
      "minecraft:behavior.random_look_around": {
        "priority": 9
      },
      "minecraft:behavior.look_at_player": {
        "priority": 8,
        "look_distance": 6.0,
        "probability": 0.02
      },
      "minecraft:physics": {},
      "minecraft:pushable": {
        "is_pushable": true,
        "is_pushable_by_piston": true
      },
      "minecraft:conditional_bandwidth_optimization": {},
      "minecraft:annotation.open_door": {},
      "minecraft:behavior.open_door": {
        "on_death": "query.last_hit_by_player ? 10 : 0",
        "close_door_after": true
      },
      "minecraft:underwater_movement": {
        "value": 0.02
      },
      "minecraft:type_family": {
        "family": [
          "monster",
          "mi_figure"
        ]
      },
      "minecraft:scale": {
        "value": 0.22
      },
      "minecraft:attack": {
        "damage": 5
      },
      "minecraft:behavior.hurt_by_target": {
        "priority": 3
      },
      "minecraft:behavior.owner_hurt_by_target": {
        "priority": 1
      },
      "minecraft:behavior.owner_hurt_target": {
        "priority": 2
      },
      "minecraft:behavior.leap_at_target": {
        "priority": 4,
        "yd": 0.4,
        "must_be_on_ground": false,
        "target_dist": 0.4,
        "speed_multiplier": 1.0
      },
      "minecraft:collision_box": {
        "height": 0.0,
        "width": 0.0
      }
    },
    "events": {
      "minecraft:entity_transformed": {
        "sequence": [
          {
            "filters": {
              "test": "has_component",
              "subject": "other",
              "value": "minecraft:is_baby"
            },
            "add": {
              "component_groups": [
                "zoglin_baby"
              ]
            }
          },
          {
            "filters": {
              "test": "has_component",
              "subject": "other",
              "operator": "!=",
              "value": "minecraft:is_baby"
            },
            "add": {
              "component_groups": [
                "zoglin_adult"
              ]
            }
          }
        ]
      },
      "minecraft:entity_spawned": {
        "randomize": [
          {
            "weight": 95,
            "add": {
              "component_groups": [
                "zoglin_adult"
              ]
            }
          },
          {
            "weight": 5,
            "add": {
              "component_groups": [
                "zoglin_baby"
              ]
            }
          }
        ]
      },
      "minecraft:as_adult": {
        "add": {
          "component_groups": [
            "zoglin_adult"
          ]
        }
      },
      "minecraft:as_baby": {
        "add": {
          "component_groups": [
            "zoglin_baby"
          ]
        }
      },
      "on:death": {
        "run_command": {
          "command": []
        }
      },
      "on:hurt": {
        "run_command": {
          "command": []
        }
      },
      "on:hurt_by_player": {
        "run_command": {
          "command": []
        }
      },
      "on:ignite": {
        "run_command": {
          "command": []
        }
      },
      "on:target_acquired": {
        "run_command": {
          "command": []
        }
      },
      "on:target_escape": {
        "run_command": {
          "command": []
        }
      },
      "on:wake_with_owner": {
        "run_command": {
          "command": []
        }
      }
    }
  }
}