{
	"format_version": "1.12.0",
	"minecraft:geometry": [
		{
			"description": {
				"identifier": "geometry.blumel_feet",
				"texture_width": 64,
				"texture_height": 64,
				"visible_bounds_width": 2,
				"visible_bounds_height": 2,
				"visible_bounds_offset": [0, 1, 0]
			},
			"bones": [
				{
					"name": "leftLeg",
					"pivot": [1.9, 12, 0],
					"cubes": [
						{"origin": [0.25, 0.4, -4], "size": [4, 2, 6], "inflate": 1, "uv": [1, 8]},
						{"origin": [0.25, 4, -2], "size": [4, 3, 4], "inflate": 0.6, "uv": [0, 0]},
						{"origin": [0.25, 0, -6], "size": [4, 1, 1], "inflate": 0.6, "uv": [7, 13]}
					]
				},
				{
					"name": "rightLeg",
					"pivot": [-1.9, 12, 0],
					"cubes": [
						{"origin": [-4.25, 0.4, -4], "size": [4, 2, 6], "inflate": 1, "uv": [23, 8]},
						{"origin": [-4.25, 4, -2], "size": [4, 3, 4], "inflate": 0.6, "uv": [16, 0]},
						{"origin": [-4.25, 0, -6], "size": [4, 1, 1], "inflate": 0.6, "uv": [28, 13]}
					]
				}
			]
		}
	]
}