{
	"format_version": "1.12.0",
	"minecraft:geometry": [
		{
			"description": {
				"identifier": "geometry.broomstick_d3",
				"texture_width": 128,
				"texture_height": 128,
				"visible_bounds_width": 7,
				"visible_bounds_height": 5,
				"visible_bounds_offset": [0, 1.5, 0]
			},
			"bones": [
				{
					"name": "rod",
					"pivot": [0, 0, 0],
					"cubes": [
						{"origin": [-2, 8, -9], "size": [4, 4, 26], "uv": [0, 0]},
						{"origin": [-3, 8, -7.5], "size": [1, 3, 2], "uv": [120, 67]},
						{"origin": [-0.7, 6, -16], "size": [0, 14, 14], "inflate": -3, "pivot": [0, 13, 0], "rotation": [135, 180, 0], "uv": [88, 4]},
						{"origin": [-3, 12, -3], "size": [6, 1, 6], "uv": [100, 55]},
						{"origin": [-2, 7, -1], "size": [4, 1, 2], "uv": [106, 57]},
						{"origin": [2, 8, -1], "size": [1, 4, 2], "uv": [105, 55]},
						{"origin": [-3, 8, -1], "size": [1, 4, 2], "uv": [106, 55]},
						{"origin": [-9, 8, 5], "size": [10, 9, 0], "inflate": -1, "pivot": [-3, 11, 5], "rotation": [0, 0, -90], "uv": [67, 92]},
						{"origin": [-5, 8, -23], "size": [10, 9, 0], "inflate": -3, "pivot": [-3, 11, 5], "rotation": [0, 0, -30], "uv": [67, 92]},
						{"origin": [-5, 9.5, 11], "size": [10, 9, 0], "inflate": -3, "pivot": [-3, 12, 39], "rotation": [0, 0, 20], "uv": [67, 71]},
						{"origin": [-4, 4, -7], "size": [10, 9, 0], "inflate": -2, "pivot": [2, 7, -7], "rotation": [0, 0, 135], "uv": [67, 71]},
						{"origin": [-3, 8, -6], "size": [10, 9, 0], "inflate": -2, "pivot": [3, 10, -6], "rotation": [0, 90, 135], "uv": [67, 71]},
						{"origin": [-9, 6, 5], "size": [10, 9, 0], "inflate": -1, "pivot": [-3, 9, 5], "rotation": [0, 90, -90], "uv": [67, 92]},
						{"origin": [-6, 5.5, -10], "size": [10, 9, 0], "inflate": -3, "pivot": [-7, 10, -14], "rotation": [-60, 90, -92.5], "uv": [67, 92]},
						{"origin": [-6, 10.8, 24.7], "size": [10, 9, 0], "inflate": -3, "pivot": [-7, 15, 20], "rotation": [-110, 90, -92.5], "uv": [67, 71]},
						{"origin": [-2, 7, -17], "size": [4, 4, 8], "pivot": [0, 7, -1], "rotation": [-7.5, 0, 0], "uv": [0, 0]},
						{"origin": [4, 6, -16], "size": [0, 5.2, 2], "inflate": 0.5, "pivot": [1, 7, -1], "rotation": [-7.5, 0, -10], "uv": [69, 53]},
						{"origin": [-3, 5.5, -16], "size": [0, 6, 2], "inflate": 0.5, "pivot": [1, 7, -1], "rotation": [-7.5, 0, 5], "uv": [69, 52]},
						{"origin": [-2.5, 9.5, -14.5], "size": [-2, 0, -2], "inflate": 1.5, "pivot": [1, 7, -1], "rotation": [-7.5, 0, 5], "uv": [72, 58]},
						{"origin": [5.5, 8.5, -14.5], "size": [-2, 1, -1], "inflate": 1.5, "pivot": [1, 7, -1], "rotation": [-7.5, 0, -10], "uv": [72, 58]},
						{"origin": [-2.5, 7.5, -14.5], "size": [-2, -2, -2], "inflate": 1.5, "pivot": [1, 7, -1], "rotation": [-7.5, 0, 5], "uv": [72, 58]},
						{"origin": [-2, 12, -16], "size": [5, 0, 2], "inflate": 0.5, "pivot": [1, 7, -1], "rotation": [-7.5, 0, 0], "uv": [65, 55]},
						{"origin": [0.9, 5, -17], "size": [3.5, 1, 4], "pivot": [1, 7, -2], "rotation": [-7.5, 0, 0], "uv": [114, 123]},
						{"origin": [-3.7, 5, -17], "size": [3.5, 1, 4], "pivot": [1, 7, -2], "rotation": [-7.5, 0, 0], "uv": [114, 123]},
						{"origin": [-0.2, 5, -16], "size": [1, 1, 2], "pivot": [4, 7, -1], "rotation": [-7.5, 0, 0], "uv": [69, 56]},
						{"origin": [-2, 10, 15], "size": [4, 4, 8], "pivot": [0, -9, -7], "rotation": [-5, 0, 0], "uv": [0, 52]},
						{"origin": [-2, 23, -4], "size": [4, 1, 4], "pivot": [0, -9, -7], "rotation": [-40, 0, 0], "uv": [5, 49]},
						{"origin": [0, 23, -5], "size": [2, 1, 1], "pivot": [0, -9, -7], "rotation": [-40, 0, 0], "uv": [5, 49]},
						{"origin": [19, 7, 7], "size": [4, 1, 4], "pivot": [0, -9, -7], "rotation": [-40, -5, -90], "uv": [5, 49]},
						{"origin": [19, -26, 7], "size": [4, 1, 4], "pivot": [0, -9, -7], "rotation": [40, -5, -90], "uv": [5, 49]},
						{"origin": [20, -26, 6], "size": [3, 1, 1], "pivot": [0, -9, -7], "rotation": [40, -5, -90], "uv": [5, 49]},
						{"origin": [-2, -13, 20], "size": [4, 1, 4], "pivot": [0, -9, -7], "rotation": [40, 0, 0], "uv": [5, 49]},
						{"origin": [-2, 10, 22], "size": [4, 4, 2], "inflate": 0.2, "pivot": [0, -9, -7], "rotation": [-5, 0, 0], "uv": [106, 77]},
						{"origin": [-2, 10, 15], "size": [4, 4, 1], "inflate": 0.2, "pivot": [0, -9, -7], "rotation": [-5, 0, 0], "uv": [0, 3]},
						{"origin": [-2, 10, 18], "size": [4, 4, 2], "inflate": 0.2, "pivot": [0, -9, -7], "rotation": [-5, 0, 0], "uv": [100, 77]},
						{"origin": [-2, 9, -30], "size": [4, 4, 14], "inflate": 0.2, "pivot": [0, 4, -15], "rotation": [-2.5, 0, 0], "uv": [0, 0]},
						{"origin": [-4, 11, 20], "size": [8, 12, 6], "inflate": -1.5, "uv": [0, 102]},
						{"origin": [-4, 17, 20], "size": [8, 6, 6], "inflate": -2, "uv": [16, 83]},
						{"origin": [-1, 8, 21], "size": [4, 6, 4], "inflate": -1, "pivot": [1, 13, 23], "rotation": [-75, -25, 0], "uv": [0, 92]},
						{"origin": [-3, 8, 21], "size": [4, 6, 4], "inflate": -1, "pivot": [-1, 13, 23], "rotation": [-75, 25, 0], "uv": [0, 92]},
						{"origin": [2, 13, 21], "size": [4, 8, 4], "inflate": -1, "pivot": [3, 19, 23], "rotation": [0, 0, -130], "uv": [40, 114]},
						{"origin": [-4, 12, 21], "size": [4, 8, 4], "inflate": -1, "pivot": [-2, 19, 23], "rotation": [0, 0, 130], "uv": [40, 114]},
						{"origin": [-4, 19, 19], "size": [8, 9, 8], "inflate": -2, "uv": [0, 65]},
						{"origin": [-0.5, 19.53, 20], "size": [1, 4, 1.2], "inflate": -1, "uv": [26, 65]},
						{"origin": [-3, 7, 25], "size": [1, 4, 8], "pivot": [0, 9, 28], "rotation": [-5, -25, 0], "uv": [0, 49]},
						{"origin": [-2, 7, 25], "size": [1, 4, 18], "pivot": [0, 9, 28], "rotation": [-5, -20, 0], "uv": [0, 43]},
						{"origin": [2, 7, 25], "size": [1, 4, 10], "pivot": [0, 9, 28], "rotation": [-5, 25, 0], "uv": [0, 49]},
						{"origin": [1, 7, 25], "size": [1, 4, 18], "pivot": [0, 9, 28], "rotation": [-5, 20, 0], "uv": [0, 40]},
						{"origin": [-2, 11, 25], "size": [4, 1, 13], "pivot": [0, 9, 28], "rotation": [25, 0, 0], "uv": [0, 47]},
						{"origin": [-2, 10, 25], "size": [4, 1, 15], "pivot": [0, 9, 28], "rotation": [20, 0, 0], "uv": [0, 46]},
						{"origin": [-2, 10, 27], "size": [4, 1, 13], "pivot": [0, 9, 28], "rotation": [20, 2.5, 47.5], "uv": [0, 48]},
						{"origin": [-2, 11, 29], "size": [4, 1, 17], "pivot": [0, 9, 28], "rotation": [10, 2.5, 47.5], "uv": [0, 46]},
						{"origin": [-2, 14, 39], "size": [4, 1, 8], "pivot": [0, 9, 28], "rotation": [0, 2.5, 95], "uv": [0, 55]},
						{"origin": [-2, 4, 39], "size": [4, 1, 8], "pivot": [0, 9, 12], "rotation": [0, 2.5, 95], "uv": [0, 55]},
						{"origin": [-2, 3, 37], "size": [4, 1, 9], "pivot": [0, 9, 28], "rotation": [0, 2.5, 47.5], "uv": [0, 54]},
						{"origin": [-3, 2, 39], "size": [4, 1, 7], "pivot": [0, 9, 28], "rotation": [0, 0, -45], "uv": [0, 56]},
						{"origin": [-3, 13, 39], "size": [4, 1, 7], "pivot": [0, 9, 28], "rotation": [0, 2.5, -45], "uv": [0, 56]},
						{"origin": [-2, 7, 27], "size": [4, 1, 15], "pivot": [0, 9, 26], "rotation": [-20, 2.5, 47.5], "uv": [0, 48]},
						{"origin": [-2, 10, 32], "size": [4, 1, 9], "pivot": [0, 9, 27], "rotation": [22.5, 2.5, 137.5], "uv": [0, 53]},
						{"origin": [-3, 10, 30], "size": [4, 1, 11], "pivot": [0, 9, 28], "rotation": [17.5, 5, -50], "uv": [0, 51]},
						{"origin": [-2, 6, 25], "size": [4, 1, 7], "pivot": [0, 9, 28], "rotation": [-30, 0, 0], "uv": [0, 52]},
						{"origin": [-2, 7, 25], "size": [4, 1, 17], "pivot": [0, 9, 28], "rotation": [-25, 0, 0], "uv": [0, 46]},
						{"origin": [-2, 2, 39], "size": [4, 1, 9], "uv": [0, 54]},
						{"origin": [-3, 3, 39], "size": [6, 11, 3], "uv": [0, 50]},
						{"origin": [-4, 4, 39], "size": [9, 8, 3], "uv": [0, 53]},
						{"origin": [-2, 13, 41], "size": [4, 1, 6], "uv": [0, 57]}
					]
				},
				{
					"name": "lantern",
					"parent": "rod",
					"pivot": [0, 9, -24],
					"cubes": [
						{"origin": [-3, 1, -27], "size": [6, 7, 6], "inflate": -1, "uv": [63, 13]},
						{"origin": [-19, 8, -17], "size": [0, 3, 2], "pivot": [0, 7, 3], "rotation": [0, -45, 0], "uv": [119, 8]},
						{"origin": [19, 8, -17], "size": [0, 3, 2], "pivot": [0, 4, 3], "rotation": [0, 45, 0], "uv": [119, 8]},
						{"origin": [-3, 6, -26], "size": [6, 3, 4], "inflate": -1, "uv": [65, 25]},
						{"origin": [-2, 6, -27], "size": [4, 3, 6], "inflate": -1, "uv": [65, 25]}
					]
				},
				{
					"name": "back",
					"parent": "rod",
					"pivot": [0, 0, 0],
					"locators": {
						"back": [
							0, 10, 30
						]
					}
				}
			]
		},
		{
			"description": {
				"identifier": "geometry.broomstick_d2",
				"texture_width": 128,
				"texture_height": 128,
				"visible_bounds_width": 7,
				"visible_bounds_height": 5,
				"visible_bounds_offset": [0, 1.5, 0]
			},
			"bones": [
				{
					"name": "rod",
					"pivot": [0, 0, 0],
					"cubes": [
						{"origin": [-2, 8, -9], "size": [4, 4, 26], "uv": [0, 0]},
						{"origin": [-3, 8, -7.5], "size": [1, 3, 2], "uv": [120, 67]},
						{"origin": [-0.7, 6, -16], "size": [0, 14, 14], "inflate": -3, "pivot": [0, 13, 0], "rotation": [135, 180, 0], "uv": [88, 4]},
						{"origin": [-3, 12, -3], "size": [6, 1, 6], "uv": [100, 55]},
						{"origin": [-2, 7, -1], "size": [4, 1, 2], "uv": [106, 57]},
						{"origin": [2, 8, -1], "size": [1, 4, 2], "uv": [105, 55]},
						{"origin": [-3, 8, -1], "size": [1, 4, 2], "uv": [106, 55]},
						{"origin": [-2, 7, -17], "size": [4, 4, 8], "pivot": [0, 7, -1], "rotation": [-7.5, 0, 0], "uv": [0, 0]},
						{"origin": [-2, 10, 15], "size": [4, 4, 8], "pivot": [0, -9, -7], "rotation": [-5, 0, 0], "uv": [0, 52]},
						{"origin": [-2, 23, -4], "size": [4, 1, 4], "pivot": [0, -9, -7], "rotation": [-40, 0, 0], "uv": [5, 49]},
						{"origin": [0, 23, -5], "size": [2, 1, 1], "pivot": [0, -9, -7], "rotation": [-40, 0, 0], "uv": [5, 49]},
						{"origin": [19, 7, 7], "size": [4, 1, 4], "pivot": [0, -9, -7], "rotation": [-40, -5, -90], "uv": [5, 49]},
						{"origin": [19, -26, 7], "size": [4, 1, 4], "pivot": [0, -9, -7], "rotation": [40, -5, -90], "uv": [5, 49]},
						{"origin": [20, -26, 6], "size": [3, 1, 1], "pivot": [0, -9, -7], "rotation": [40, -5, -90], "uv": [5, 49]},
						{"origin": [-2, -13, 20], "size": [4, 1, 4], "pivot": [0, -9, -7], "rotation": [40, 0, 0], "uv": [5, 49]},
						{"origin": [-2, 10, 22], "size": [4, 4, 2], "inflate": 0.2, "pivot": [0, -9, -7], "rotation": [-5, 0, 0], "uv": [106, 77]},
						{"origin": [-2, 10, 15], "size": [4, 4, 1], "inflate": 0.2, "pivot": [0, -9, -7], "rotation": [-5, 0, 0], "uv": [0, 3]},
						{"origin": [-2, 10, 18], "size": [4, 4, 2], "inflate": 0.2, "pivot": [0, -9, -7], "rotation": [-5, 0, 0], "uv": [100, 77]},
						{"origin": [-2, 9, -30], "size": [4, 4, 14], "inflate": 0.2, "pivot": [0, 4, -15], "rotation": [-2.5, 0, 0], "uv": [0, 0]},
						{"origin": [-4, 11, 20], "size": [8, 12, 6], "inflate": -1.5, "uv": [0, 102]},
						{"origin": [-4, 17, 20], "size": [8, 6, 6], "inflate": -2, "uv": [16, 83]},
						{"origin": [-1, 8, 21], "size": [4, 6, 4], "inflate": -1, "pivot": [1, 13, 23], "rotation": [-75, -25, 0], "uv": [0, 92]},
						{"origin": [-3, 8, 21], "size": [4, 6, 4], "inflate": -1, "pivot": [-1, 13, 23], "rotation": [-75, 25, 0], "uv": [0, 92]},
						{"origin": [2, 13, 21], "size": [4, 8, 4], "inflate": -1, "pivot": [3, 19, 23], "rotation": [0, 0, -130], "uv": [40, 114]},
						{"origin": [-4, 12, 21], "size": [4, 8, 4], "inflate": -1, "pivot": [-2, 19, 23], "rotation": [0, 0, 130], "uv": [40, 114]},
						{"origin": [-4, 19, 19], "size": [8, 9, 8], "inflate": -2, "uv": [0, 65]},
						{"origin": [-0.5, 19.53, 20], "size": [1, 4, 1.2], "inflate": -1, "uv": [26, 65]},
						{"origin": [-3, 7, 25], "size": [1, 4, 8], "pivot": [0, 9, 28], "rotation": [-5, -25, 0], "uv": [0, 49]},
						{"origin": [-2, 7, 25], "size": [1, 4, 18], "pivot": [0, 9, 28], "rotation": [-5, -20, 0], "uv": [0, 43]},
						{"origin": [2, 7, 25], "size": [1, 4, 10], "pivot": [0, 9, 28], "rotation": [-5, 25, 0], "uv": [0, 49]},
						{"origin": [1, 7, 25], "size": [1, 4, 18], "pivot": [0, 9, 28], "rotation": [-5, 20, 0], "uv": [0, 40]},
						{"origin": [-2, 11, 25], "size": [4, 1, 13], "pivot": [0, 9, 28], "rotation": [25, 0, 0], "uv": [0, 47]},
						{"origin": [-2, 10, 25], "size": [4, 1, 15], "pivot": [0, 9, 28], "rotation": [20, 0, 0], "uv": [0, 46]},
						{"origin": [-2, 10, 27], "size": [4, 1, 13], "pivot": [0, 9, 28], "rotation": [20, 2.5, 47.5], "uv": [0, 48]},
						{"origin": [-2, 11, 29], "size": [4, 1, 17], "pivot": [0, 9, 28], "rotation": [10, 2.5, 47.5], "uv": [0, 46]},
						{"origin": [-2, 14, 39], "size": [4, 1, 8], "pivot": [0, 9, 28], "rotation": [0, 2.5, 95], "uv": [0, 55]},
						{"origin": [-2, 4, 39], "size": [4, 1, 8], "pivot": [0, 9, 12], "rotation": [0, 2.5, 95], "uv": [0, 55]},
						{"origin": [-2, 3, 37], "size": [4, 1, 9], "pivot": [0, 9, 28], "rotation": [0, 2.5, 47.5], "uv": [0, 54]},
						{"origin": [-3, 2, 39], "size": [4, 1, 7], "pivot": [0, 9, 28], "rotation": [0, 0, -45], "uv": [0, 56]},
						{"origin": [-3, 13, 39], "size": [4, 1, 7], "pivot": [0, 9, 28], "rotation": [0, 2.5, -45], "uv": [0, 56]},
						{"origin": [-2, 7, 27], "size": [4, 1, 15], "pivot": [0, 9, 26], "rotation": [-20, 2.5, 47.5], "uv": [0, 48]},
						{"origin": [-2, 10, 32], "size": [4, 1, 9], "pivot": [0, 9, 27], "rotation": [22.5, 2.5, 137.5], "uv": [0, 53]},
						{"origin": [-3, 10, 30], "size": [4, 1, 11], "pivot": [0, 9, 28], "rotation": [17.5, 5, -50], "uv": [0, 51]},
						{"origin": [-2, 6, 25], "size": [4, 1, 7], "pivot": [0, 9, 28], "rotation": [-30, 0, 0], "uv": [0, 52]},
						{"origin": [-2, 7, 25], "size": [4, 1, 17], "pivot": [0, 9, 28], "rotation": [-25, 0, 0], "uv": [0, 46]},
						{"origin": [-2, 2, 39], "size": [4, 1, 9], "uv": [0, 54]},
						{"origin": [-3, 3, 39], "size": [6, 11, 3], "uv": [0, 50]},
						{"origin": [-4, 4, 39], "size": [9, 8, 3], "uv": [0, 53]},
						{"origin": [-2, 13, 41], "size": [4, 1, 6], "uv": [0, 57]}
					]
				},
				{
					"name": "lantern",
					"parent": "rod",
					"pivot": [0, 9, -24],
					"cubes": [
						{"origin": [-3, 1, -27], "size": [6, 7, 6], "inflate": -1, "uv": [63, 13]},
						{"origin": [-19, 8, -17], "size": [0, 3, 2], "pivot": [0, 7, 3], "rotation": [0, -45, 0], "uv": [119, 8]},
						{"origin": [19, 8, -17], "size": [0, 3, 2], "pivot": [0, 4, 3], "rotation": [0, 45, 0], "uv": [119, 8]},
						{"origin": [-3, 6, -26], "size": [6, 3, 4], "inflate": -1, "uv": [65, 25]},
						{"origin": [-2, 6, -27], "size": [4, 3, 6], "inflate": -1, "uv": [65, 25]}
					]
				},
				{
					"name": "back",
					"parent": "rod",
					"pivot": [0, 0, 0],
					"locators": {
						"back": [
							0, 10, 30
						]
					}
				}
			]
		},
		{
			"description": {
				"identifier": "geometry.broomstick_d1",
				"texture_width": 128,
				"texture_height": 128,
				"visible_bounds_width": 7,
				"visible_bounds_height": 5,
				"visible_bounds_offset": [0, 1.5, 0]
			},
			"bones": [
				{
					"name": "rod",
					"pivot": [0, 0, 0],
					"cubes": [
						{"origin": [-2, 8, -9], "size": [4, 4, 26], "uv": [0, 0]},
						{"origin": [-3, 12, -3], "size": [6, 1, 6], "uv": [100, 55]},
						{"origin": [-2, 7, -1], "size": [4, 1, 2], "uv": [106, 57]},
						{"origin": [2, 8, -1], "size": [1, 4, 2], "uv": [105, 55]},
						{"origin": [-3, 8, -1], "size": [1, 4, 2], "uv": [106, 55]},
						{"origin": [-9, 8, 5], "size": [10, 9, 0], "inflate": -1, "pivot": [-3, 11, 5], "rotation": [0, 0, -90], "uv": [67, 92]},
						{"origin": [-5, 8, -23], "size": [10, 9, 0], "inflate": -3, "pivot": [-3, 11, 5], "rotation": [0, 0, -30], "uv": [67, 92]},
						{"origin": [-5, 9.5, 11], "size": [10, 9, 0], "inflate": -3, "pivot": [-3, 12, 39], "rotation": [0, 0, 20], "uv": [67, 71]},
						{"origin": [-4, 4, -7], "size": [10, 9, 0], "inflate": -2, "pivot": [2, 7, -7], "rotation": [0, 0, 135], "uv": [67, 71]},
						{"origin": [-3, 8, -6], "size": [10, 9, 0], "inflate": -2, "pivot": [3, 10, -6], "rotation": [0, 90, 135], "uv": [67, 71]},
						{"origin": [-9, 6, 5], "size": [10, 9, 0], "inflate": -1, "pivot": [-3, 9, 5], "rotation": [0, 90, -90], "uv": [67, 92]},
						{"origin": [-6, 5.5, -10], "size": [10, 9, 0], "inflate": -3, "pivot": [-7, 10, -14], "rotation": [-60, 90, -92.5], "uv": [67, 92]},
						{"origin": [-6, 10.8, 24.7], "size": [10, 9, 0], "inflate": -3, "pivot": [-7, 15, 20], "rotation": [-110, 90, -92.5], "uv": [67, 71]},
						{"origin": [-2, 7, -17], "size": [4, 4, 8], "pivot": [0, 7, -1], "rotation": [-7.5, 0, 0], "uv": [0, 0]},
						{"origin": [4, 6, -16], "size": [0, 5.2, 2], "inflate": 0.5, "pivot": [1, 7, -1], "rotation": [-7.5, 0, -10], "uv": [69, 53]},
						{"origin": [-3, 5.5, -16], "size": [0, 6, 2], "inflate": 0.5, "pivot": [1, 7, -1], "rotation": [-7.5, 0, 5], "uv": [69, 52]},
						{"origin": [-2.5, 9.5, -14.5], "size": [-2, 0, -2], "inflate": 1.5, "pivot": [1, 7, -1], "rotation": [-7.5, 0, 5], "uv": [72, 58]},
						{"origin": [5.5, 8.5, -14.5], "size": [-2, 1, -1], "inflate": 1.5, "pivot": [1, 7, -1], "rotation": [-7.5, 0, -10], "uv": [72, 58]},
						{"origin": [-2.5, 7.5, -14.5], "size": [-2, -2, -2], "inflate": 1.5, "pivot": [1, 7, -1], "rotation": [-7.5, 0, 5], "uv": [72, 58]},
						{"origin": [-2, 12, -16], "size": [5, 0, 2], "inflate": 0.5, "pivot": [1, 7, -1], "rotation": [-7.5, 0, 0], "uv": [65, 55]},
						{"origin": [0.9, 5, -17], "size": [3.5, 1, 4], "pivot": [1, 7, -2], "rotation": [-7.5, 0, 0], "uv": [114, 123]},
						{"origin": [-3.7, 5, -17], "size": [3.5, 1, 4], "pivot": [1, 7, -2], "rotation": [-7.5, 0, 0], "uv": [114, 123]},
						{"origin": [-0.2, 5, -16], "size": [1, 1, 2], "pivot": [4, 7, -1], "rotation": [-7.5, 0, 0], "uv": [69, 56]},
						{"origin": [-2, 10, 15], "size": [4, 4, 8], "pivot": [0, -9, -7], "rotation": [-5, 0, 0], "uv": [0, 52]},
						{"origin": [-2, 23, -4], "size": [4, 1, 4], "pivot": [0, -9, -7], "rotation": [-40, 0, 0], "uv": [5, 49]},
						{"origin": [0, 23, -5], "size": [2, 1, 1], "pivot": [0, -9, -7], "rotation": [-40, 0, 0], "uv": [5, 49]},
						{"origin": [19, 7, 7], "size": [4, 1, 4], "pivot": [0, -9, -7], "rotation": [-40, -5, -90], "uv": [5, 49]},
						{"origin": [19, -26, 7], "size": [4, 1, 4], "pivot": [0, -9, -7], "rotation": [40, -5, -90], "uv": [5, 49]},
						{"origin": [20, -26, 6], "size": [3, 1, 1], "pivot": [0, -9, -7], "rotation": [40, -5, -90], "uv": [5, 49]},
						{"origin": [-2, -13, 20], "size": [4, 1, 4], "pivot": [0, -9, -7], "rotation": [40, 0, 0], "uv": [5, 49]},
						{"origin": [-2, 10, 22], "size": [4, 4, 2], "inflate": 0.2, "pivot": [0, -9, -7], "rotation": [-5, 0, 0], "uv": [106, 77]},
						{"origin": [-2, 10, 15], "size": [4, 4, 1], "inflate": 0.2, "pivot": [0, -9, -7], "rotation": [-5, 0, 0], "uv": [0, 3]},
						{"origin": [-2, 10, 18], "size": [4, 4, 2], "inflate": 0.2, "pivot": [0, -9, -7], "rotation": [-5, 0, 0], "uv": [100, 77]},
						{"origin": [-2, 9, -30], "size": [4, 4, 14], "inflate": 0.2, "pivot": [0, 4, -15], "rotation": [-2.5, 0, 0], "uv": [0, 0]},
						{"origin": [-3, 7, 25], "size": [1, 4, 8], "pivot": [0, 9, 28], "rotation": [-5, -25, 0], "uv": [0, 49]},
						{"origin": [-2, 7, 25], "size": [1, 4, 18], "pivot": [0, 9, 28], "rotation": [-5, -20, 0], "uv": [0, 43]},
						{"origin": [2, 7, 25], "size": [1, 4, 10], "pivot": [0, 9, 28], "rotation": [-5, 25, 0], "uv": [0, 49]},
						{"origin": [1, 7, 25], "size": [1, 4, 18], "pivot": [0, 9, 28], "rotation": [-5, 20, 0], "uv": [0, 40]},
						{"origin": [-2, 11, 25], "size": [4, 1, 13], "pivot": [0, 9, 28], "rotation": [25, 0, 0], "uv": [0, 47]},
						{"origin": [-2, 10, 25], "size": [4, 1, 15], "pivot": [0, 9, 28], "rotation": [20, 0, 0], "uv": [0, 46]},
						{"origin": [-2, 10, 27], "size": [4, 1, 13], "pivot": [0, 9, 28], "rotation": [20, 2.5, 47.5], "uv": [0, 48]},
						{"origin": [-2, 11, 29], "size": [4, 1, 17], "pivot": [0, 9, 28], "rotation": [10, 2.5, 47.5], "uv": [0, 46]},
						{"origin": [-2, 14, 39], "size": [4, 1, 8], "pivot": [0, 9, 28], "rotation": [0, 2.5, 95], "uv": [0, 55]},
						{"origin": [-2, 4, 39], "size": [4, 1, 8], "pivot": [0, 9, 12], "rotation": [0, 2.5, 95], "uv": [0, 55]},
						{"origin": [-2, 3, 37], "size": [4, 1, 9], "pivot": [0, 9, 28], "rotation": [0, 2.5, 47.5], "uv": [0, 54]},
						{"origin": [-3, 2, 39], "size": [4, 1, 7], "pivot": [0, 9, 28], "rotation": [0, 0, -45], "uv": [0, 56]},
						{"origin": [-3, 13, 39], "size": [4, 1, 7], "pivot": [0, 9, 28], "rotation": [0, 2.5, -45], "uv": [0, 56]},
						{"origin": [-2, 7, 27], "size": [4, 1, 15], "pivot": [0, 9, 26], "rotation": [-20, 2.5, 47.5], "uv": [0, 48]},
						{"origin": [-2, 10, 32], "size": [4, 1, 9], "pivot": [0, 9, 27], "rotation": [22.5, 2.5, 137.5], "uv": [0, 53]},
						{"origin": [-3, 10, 30], "size": [4, 1, 11], "pivot": [0, 9, 28], "rotation": [17.5, 5, -50], "uv": [0, 51]},
						{"origin": [-2, 6, 25], "size": [4, 1, 7], "pivot": [0, 9, 28], "rotation": [-30, 0, 0], "uv": [0, 52]},
						{"origin": [-2, 7, 25], "size": [4, 1, 17], "pivot": [0, 9, 28], "rotation": [-25, 0, 0], "uv": [0, 46]},
						{"origin": [-2, 2, 39], "size": [4, 1, 9], "uv": [0, 54]},
						{"origin": [-3, 3, 39], "size": [6, 11, 3], "uv": [0, 50]},
						{"origin": [-4, 4, 39], "size": [9, 8, 3], "uv": [0, 53]},
						{"origin": [-2, 13, 41], "size": [4, 1, 6], "uv": [0, 57]}
					]
				},
				{
					"name": "lantern",
					"parent": "rod",
					"pivot": [0, 9, -24],
					"cubes": [
						{"origin": [-3, 1, -27], "size": [6, 7, 6], "inflate": -1, "uv": [63, 13]},
						{"origin": [-19, 8, -17], "size": [0, 3, 2], "pivot": [0, 7, 3], "rotation": [0, -45, 0], "uv": [119, 8]},
						{"origin": [19, 8, -17], "size": [0, 3, 2], "pivot": [0, 4, 3], "rotation": [0, 45, 0], "uv": [119, 8]},
						{"origin": [-3, 6, -26], "size": [6, 3, 4], "inflate": -1, "uv": [65, 25]},
						{"origin": [-2, 6, -27], "size": [4, 3, 6], "inflate": -1, "uv": [65, 25]}
					]
				},
				{
					"name": "back",
					"parent": "rod",
					"pivot": [0, 0, 0],
					"locators": {
						"back": [
							0, 10, 30
						]
					}
				}
			]
		},
		{
			"description": {
				"identifier": "geometry.broomstick_d0",
				"texture_width": 128,
				"texture_height": 128,
				"visible_bounds_width": 7,
				"visible_bounds_height": 5,
				"visible_bounds_offset": [0, 1.5, 0]
			},
			"bones": [
				{
					"name": "rod",
					"pivot": [0, 0, 0],
					"cubes": [
						{"origin": [-2, 8, -9], "size": [4, 4, 26], "uv": [0, 0]},
						{"origin": [-3, 12, -3], "size": [6, 1, 6], "uv": [100, 55]},
						{"origin": [-2, 7, -1], "size": [4, 1, 2], "uv": [106, 57]},
						{"origin": [2, 8, -1], "size": [1, 4, 2], "uv": [105, 55]},
						{"origin": [-3, 8, -1], "size": [1, 4, 2], "uv": [106, 55]},
						{"origin": [-2, 7, -17], "size": [4, 4, 8], "pivot": [0, 7, -1], "rotation": [-7.5, 0, 0], "uv": [0, 0]},
						{"origin": [-2, 10, 15], "size": [4, 4, 8], "pivot": [0, -9, -7], "rotation": [-5, 0, 0], "uv": [0, 52]},
						{"origin": [-2, 23, -4], "size": [4, 1, 4], "pivot": [0, -9, -7], "rotation": [-40, 0, 0], "uv": [5, 49]},
						{"origin": [0, 23, -5], "size": [2, 1, 1], "pivot": [0, -9, -7], "rotation": [-40, 0, 0], "uv": [5, 49]},
						{"origin": [19, 7, 7], "size": [4, 1, 4], "pivot": [0, -9, -7], "rotation": [-40, -5, -90], "uv": [5, 49]},
						{"origin": [19, -26, 7], "size": [4, 1, 4], "pivot": [0, -9, -7], "rotation": [40, -5, -90], "uv": [5, 49]},
						{"origin": [20, -26, 6], "size": [3, 1, 1], "pivot": [0, -9, -7], "rotation": [40, -5, -90], "uv": [5, 49]},
						{"origin": [-2, -13, 20], "size": [4, 1, 4], "pivot": [0, -9, -7], "rotation": [40, 0, 0], "uv": [5, 49]},
						{"origin": [-2, 10, 22], "size": [4, 4, 2], "inflate": 0.2, "pivot": [0, -9, -7], "rotation": [-5, 0, 0], "uv": [106, 77]},
						{"origin": [-2, 10, 15], "size": [4, 4, 1], "inflate": 0.2, "pivot": [0, -9, -7], "rotation": [-5, 0, 0], "uv": [0, 3]},
						{"origin": [-2, 10, 18], "size": [4, 4, 2], "inflate": 0.2, "pivot": [0, -9, -7], "rotation": [-5, 0, 0], "uv": [100, 77]},
						{"origin": [-2, 9, -30], "size": [4, 4, 14], "inflate": 0.2, "pivot": [0, 4, -15], "rotation": [-2.5, 0, 0], "uv": [0, 0]},
						{"origin": [-3, 7, 25], "size": [1, 4, 8], "pivot": [0, 9, 28], "rotation": [-5, -25, 0], "uv": [0, 49]},
						{"origin": [-2, 7, 25], "size": [1, 4, 18], "pivot": [0, 9, 28], "rotation": [-5, -20, 0], "uv": [0, 43]},
						{"origin": [2, 7, 25], "size": [1, 4, 10], "pivot": [0, 9, 28], "rotation": [-5, 25, 0], "uv": [0, 49]},
						{"origin": [1, 7, 25], "size": [1, 4, 18], "pivot": [0, 9, 28], "rotation": [-5, 20, 0], "uv": [0, 40]},
						{"origin": [-2, 11, 25], "size": [4, 1, 13], "pivot": [0, 9, 28], "rotation": [25, 0, 0], "uv": [0, 47]},
						{"origin": [-2, 10, 25], "size": [4, 1, 15], "pivot": [0, 9, 28], "rotation": [20, 0, 0], "uv": [0, 46]},
						{"origin": [-2, 10, 27], "size": [4, 1, 13], "pivot": [0, 9, 28], "rotation": [20, 2.5, 47.5], "uv": [0, 48]},
						{"origin": [-2, 11, 29], "size": [4, 1, 17], "pivot": [0, 9, 28], "rotation": [10, 2.5, 47.5], "uv": [0, 46]},
						{"origin": [-2, 14, 39], "size": [4, 1, 8], "pivot": [0, 9, 28], "rotation": [0, 2.5, 95], "uv": [0, 55]},
						{"origin": [-2, 4, 39], "size": [4, 1, 8], "pivot": [0, 9, 12], "rotation": [0, 2.5, 95], "uv": [0, 55]},
						{"origin": [-2, 3, 37], "size": [4, 1, 9], "pivot": [0, 9, 28], "rotation": [0, 2.5, 47.5], "uv": [0, 54]},
						{"origin": [-3, 2, 39], "size": [4, 1, 7], "pivot": [0, 9, 28], "rotation": [0, 0, -45], "uv": [0, 56]},
						{"origin": [-3, 13, 39], "size": [4, 1, 7], "pivot": [0, 9, 28], "rotation": [0, 2.5, -45], "uv": [0, 56]},
						{"origin": [-2, 7, 27], "size": [4, 1, 15], "pivot": [0, 9, 26], "rotation": [-20, 2.5, 47.5], "uv": [0, 48]},
						{"origin": [-2, 10, 32], "size": [4, 1, 9], "pivot": [0, 9, 27], "rotation": [22.5, 2.5, 137.5], "uv": [0, 53]},
						{"origin": [-3, 10, 30], "size": [4, 1, 11], "pivot": [0, 9, 28], "rotation": [17.5, 5, -50], "uv": [0, 51]},
						{"origin": [-2, 6, 25], "size": [4, 1, 7], "pivot": [0, 9, 28], "rotation": [-30, 0, 0], "uv": [0, 52]},
						{"origin": [-2, 7, 25], "size": [4, 1, 17], "pivot": [0, 9, 28], "rotation": [-25, 0, 0], "uv": [0, 46]},
						{"origin": [-2, 2, 39], "size": [4, 1, 9], "uv": [0, 54]},
						{"origin": [-3, 3, 39], "size": [6, 11, 3], "uv": [0, 50]},
						{"origin": [-4, 4, 39], "size": [9, 8, 3], "uv": [0, 53]},
						{"origin": [-2, 13, 41], "size": [4, 1, 6], "uv": [0, 57]}
					]
				},
				{
					"name": "lantern",
					"parent": "rod",
					"pivot": [0, 9, -24],
					"cubes": [
						{"origin": [-3, 1, -27], "size": [6, 7, 6], "inflate": -1, "uv": [63, 13]},
						{"origin": [-19, 8, -17], "size": [0, 3, 2], "pivot": [0, 7, 3], "rotation": [0, -45, 0], "uv": [119, 8]},
						{"origin": [19, 8, -17], "size": [0, 3, 2], "pivot": [0, 4, 3], "rotation": [0, 45, 0], "uv": [119, 8]},
						{"origin": [-3, 6, -26], "size": [6, 3, 4], "inflate": -1, "uv": [65, 25]},
						{"origin": [-2, 6, -27], "size": [4, 3, 6], "inflate": -1, "uv": [65, 25]}
					]
				},
				{
					"name": "back",
					"parent": "rod",
					"pivot": [0, 0, 0],
					"locators": {
						"back": [
							0, 10, 30
						]
					}
				}
			]
		}
 ]
 }
