{
	"format_version": "1.12.0",
	"minecraft:geometry": [
		{
			"description": {
				"identifier": "geometry.broomstick_j7",
				"texture_width": 128,
				"texture_height": 128,
				"visible_bounds_width": 8,
				"visible_bounds_height": 4,
				"visible_bounds_offset": [0, 1, 0]
			},
			"bones": [
				{
					"name": "rod",
					"pivot": [0, 0, 0],
					"cubes": [
						{"origin": [-2, 8, -9], "size": [4, 4, 26], "uv": [0, 0]},
						{"origin": [-8, 6, 15], "size": [16, 16, 16], "inflate": -5, "uv": [0, 96]},
						{"origin": [-1.5, 12, 12], "size": [3, 6, 3], "pivot": [0, 15, 13], "rotation": [15, 0, 0], "uv": [2, 72]},
						{"origin": [-1, 17.5, 11.8], "size": [2, 3, 2], "uv": [2, 66]},
						{"origin": [0, 21.5, 10.8], "size": [0, 5, 4], "uv": [2, 81]},
						{"origin": [-0.5, 18.5, 10.8], "size": [1, 2, 1], "uv": [16, 71]},
						{"origin": [-0.3, 18.8, 9.8], "size": [0.6, 1.7, 1], "uv": [16, 71]},
						{"origin": [-1, 20.5, 9.8], "size": [2, 1, 4], "uv": [10, 64]},
						{"origin": [0.5, 11.513, 14.5], "size": [1, 2, 0], "uv": [6, 66]},
						{"origin": [0.5, 11.513, -7.5], "size": [1, 0, 1], "uv": [6, 66]},
						{"origin": [-1.5, 11.513, -7.5], "size": [1, 0, 1], "uv": [6, 66]},
						{"origin": [-1.5, 11.513, 14.5], "size": [1, 2, 0], "uv": [6, 66]},
						{"origin": [-1.5, 12.55291, 16.20445], "size": [3, 4, 1], "pivot": [0, 14, 18], "rotation": [67.5, 0, 0], "uv": [22, 65]},
						{"origin": [1, 13, 12], "size": [1, 5, 3], "pivot": [2, 17, 13], "rotation": [20, 0, 0], "uv": [19, 72]},
						{"origin": [-2, 13, 12], "size": [1, 5, 3], "pivot": [-2, 17, 13], "rotation": [20, 0, 0], "uv": [19, 72]},
						{"origin": [-3, 12, -3], "size": [6, 1, 6], "uv": [100, 55]},
						{"origin": [-2, 7, -1], "size": [4, 1, 2], "uv": [106, 57]},
						{"origin": [2, 8, -1], "size": [1, 4, 2], "uv": [105, 55]},
						{"origin": [1, 19, 5], "size": [6, 1, 10], "inflate": -1, "pivot": [-2, 15, 1], "rotation": [0, 0, 90], "uv": [96, 53]},
						{"origin": [1, 21, 5], "size": [6, 1, 10], "inflate": -1, "pivot": [-2, 15, 1], "rotation": [0, 0, 90], "uv": [96, 53]},
						{"origin": [-9, 21, 7], "size": [3, 1, 8], "inflate": -1, "pivot": [-2, 15, 2], "rotation": [0, 0, -180], "uv": [96, 44]},
						{"origin": [-9, 20, 6], "size": [3, 1, 8], "inflate": -1, "pivot": [-2, 15, 1], "rotation": [0, 0, -180], "uv": [96, 44]},
						{"origin": [-9, 19, 5], "size": [3, 1, 10], "inflate": -1, "pivot": [-2, 15, 1], "rotation": [0, 0, -180], "uv": [99, 53]},
						{"origin": [-3, 8, -1], "size": [1, 4, 2], "uv": [106, 55]},
						{"origin": [-2, 7, -17], "size": [4, 4, 8], "pivot": [0, 7, -1], "rotation": [-7.5, 0, 0], "uv": [0, 0]},
						{"origin": [-2, 10, 15], "size": [4, 4, 8], "pivot": [0, -9, -7], "rotation": [-5, 0, 0], "uv": [0, 52]},
						{"origin": [-2, 23, -4], "size": [4, 1, 4], "pivot": [0, -9, -7], "rotation": [-40, 0, 0], "uv": [5, 49]},
						{"origin": [0, 23, -5], "size": [2, 1, 1], "pivot": [0, -9, -7], "rotation": [-40, 0, 0], "uv": [5, 49]},
						{"origin": [19, 7, 7], "size": [4, 1, 4], "pivot": [0, -9, -7], "rotation": [-40, -5, -90], "uv": [5, 49]},
						{"origin": [19, -26, 7], "size": [4, 1, 4], "pivot": [0, -9, -7], "rotation": [40, -5, -90], "uv": [5, 49]},
						{"origin": [20, -26, 6], "size": [3, 1, 1], "pivot": [0, -9, -7], "rotation": [40, -5, -90], "uv": [5, 49]},
						{"origin": [-2, -13, 20], "size": [4, 1, 4], "pivot": [0, -9, -7], "rotation": [40, 0, 0], "uv": [5, 49]},
						{"origin": [-2, 10, 22], "size": [4, 4, 2], "inflate": 0.2, "pivot": [0, -9, -7], "rotation": [-5, 0, 0], "uv": [104, 93]},
						{"origin": [-3.47, 7.5, 22], "size": [7, 10, 2], "inflate": 0.2, "uv": [102, 87]},
						{"origin": [-2, 10, 15], "size": [4, 4, 1], "inflate": 0.2, "pivot": [0, -9, -7], "rotation": [-5, 0, 0], "uv": [0, 3]},
						{"origin": [-2, 10, 18], "size": [4, 4, 2], "inflate": 0.2, "pivot": [0, -9, -7], "rotation": [-5, 0, 0], "uv": [105, 90]},
						{"origin": [-2, 9, -30], "size": [4, 4, 14], "inflate": -0.1, "pivot": [0, 4, -15], "rotation": [-2.5, 0, 0], "uv": [0, 0]},
						{"origin": [2, 6, -26], "size": [0, 5, 3], "pivot": [0, 4, -15], "rotation": [-2.5, 0, 0], "uv": [64, 112]},
						{"origin": [2.2, 5, -14], "size": [0, 5, 3], "pivot": [0, 4, -15], "rotation": [-2.5, 0, 0], "uv": [64, 112]},
						{"origin": [-2.1, 6, -18], "size": [0, 5, 3], "pivot": [0, 4, -15], "rotation": [-2.5, 0, 0], "uv": [64, 112]},
						{"origin": [-2.1, 4, -5], "size": [0, 7, 3], "pivot": [0, 4, -15], "rotation": [-2.5, 0, 0], "uv": [64, 112]},
						{"origin": [-2.1, 11, -6], "size": [0, 1, 3], "pivot": [0, 4, -15], "rotation": [-2.5, 0, 0], "uv": [64, 112]},
						{"origin": [-2.1, 11, -18], "size": [0, 1, 2], "pivot": [0, 4, -15], "rotation": [-2.5, 0, 0], "uv": [64, 112]},
						{"origin": [2.2, 7, 2], "size": [0, 3, 2], "pivot": [0, 4, -15], "rotation": [-2.5, 0, 0], "uv": [64, 112]},
						{"origin": [2.2, 5, 19], "size": [0, 5, 4], "pivot": [0, 4, -15], "rotation": [-2.5, 0, 0], "uv": [64, 112]},
						{"origin": [2.2, 3, 19.5], "size": [0, 2, 3], "pivot": [0, 4, -15], "rotation": [-2.5, 0, 0], "uv": [74, 122]},
						{"origin": [2.2, 4, 2], "size": [0, 3, 2], "pivot": [0, 4, -15], "rotation": [-2.5, 0, 0], "uv": [70, 118]},
						{"origin": [2.2, 6, 5], "size": [0, 5, 2], "pivot": [0, 4, -15], "rotation": [-2.5, 0, 0], "uv": [74, 116]},
						{"origin": [2.2, 10, -13], "size": [0, 1, 2], "pivot": [0, 4, -15], "rotation": [-2.5, 0, 0], "uv": [64, 112]},
						{"origin": [2, 3, -14], "size": [0, 2, 1], "pivot": [0, 4, -15], "rotation": [-2.5, 0, 0], "uv": [64, 112]},
						{"origin": [1, 4, -22], "size": [5, 6, 5], "inflate": -1.1, "pivot": [0, -1, -15], "rotation": [-2.5, 0, 0], "uv": [59, 63]},
						{"origin": [-7, 3, 5], "size": [7, 8, 7], "inflate": -2.1, "pivot": [-6, -3, 12], "rotation": [-2.5, 0, 0], "uv": [64, 84]},
						{"origin": [-7, 1, -11], "size": [7, 8, 7], "inflate": -2.1, "pivot": [-6, -3, 12], "rotation": [-2.5, 0, 0], "uv": [64, 84]},
						{"origin": [-4, 8, 8.5], "size": [2, 3, 0], "pivot": [-8, -2, 12], "rotation": [-2.5, 0, 0], "uv": [58, 89]},
						{"origin": [-4, 7, -7.5], "size": [2, 3, 0], "pivot": [-8, -2, 12], "rotation": [-2.5, 0, 0], "uv": [58, 89]},
						{"origin": [1.8, 8.8, -19.5], "size": [2, 3, 0], "pivot": [0, 3, -16], "rotation": [-2.5, 0, 0], "uv": [49, 66]},
						{"origin": [-3, 7, 25], "size": [1, 4, 8], "pivot": [0, 9, 28], "rotation": [-5, -25, 0], "uv": [0, 49]},
						{"origin": [-2, 7, 25], "size": [1, 4, 18], "pivot": [0, 9, 28], "rotation": [-5, -20, 0], "uv": [1, 40]},
						{"origin": [2, 7, 25], "size": [1, 4, 10], "pivot": [0, 9, 28], "rotation": [-5, 25, 0], "uv": [0, 49]},
						{"origin": [1, 7, 25], "size": [1, 4, 18], "pivot": [0, 9, 28], "rotation": [-5, 20, 0], "uv": [0, 40]},
						{"origin": [-2, 11, 25], "size": [4, 1, 13], "pivot": [0, 9, 28], "rotation": [25, 0, 0], "uv": [0, 47]},
						{"origin": [-2, 10, 25], "size": [4, 1, 15], "pivot": [0, 9, 28], "rotation": [20, 0, 0], "uv": [0, 46]},
						{"origin": [-2, 10, 27], "size": [4, 1, 13], "pivot": [0, 9, 28], "rotation": [20, 2.5, 47.5], "uv": [0, 48]},
						{"origin": [-2, 11, 29], "size": [4, 1, 17], "pivot": [0, 9, 28], "rotation": [10, 2.5, 47.5], "uv": [0, 46]},
						{"origin": [-2, 14, 39], "size": [4, 1, 8], "pivot": [0, 9, 28], "rotation": [0, 2.5, 95], "uv": [0, 55]},
						{"origin": [-2, 4, 39], "size": [4, 1, 8], "pivot": [0, 9, 12], "rotation": [0, 2.5, 95], "uv": [0, 55]},
						{"origin": [-2, 3, 37], "size": [4, 1, 9], "pivot": [0, 9, 28], "rotation": [0, 2.5, 47.5], "uv": [0, 54]},
						{"origin": [-3, 2, 39], "size": [4, 1, 7], "pivot": [0, 9, 28], "rotation": [0, 0, -45], "uv": [0, 56]},
						{"origin": [-3, 13, 39], "size": [4, 1, 7], "pivot": [0, 9, 28], "rotation": [0, 2.5, -45], "uv": [0, 56]},
						{"origin": [-2, 7, 27], "size": [4, 1, 15], "pivot": [0, 9, 26], "rotation": [-20, 2.5, 47.5], "uv": [0, 48]},
						{"origin": [-2, 10, 32], "size": [4, 1, 9], "pivot": [0, 9, 27], "rotation": [22.5, 2.5, 137.5], "uv": [0, 53]},
						{"origin": [-3, 10, 30], "size": [4, 1, 11], "pivot": [0, 9, 28], "rotation": [17.5, 5, -50], "uv": [0, 51]},
						{"origin": [-2, 6, 25], "size": [4, 1, 7], "pivot": [0, 9, 28], "rotation": [-30, 0, 0], "uv": [0, 52]},
						{"origin": [-2, 7, 25], "size": [4, 1, 17], "pivot": [0, 9, 28], "rotation": [-25, 0, 0], "uv": [0, 46]},
						{"origin": [-2, 2, 39], "size": [4, 1, 9], "uv": [0, 54]},
						{"origin": [-3, 3, 39], "size": [6, 11, 3], "uv": [0, 50]},
						{"origin": [-4, 4, 39], "size": [9, 8, 3], "uv": [0, 53]},
						{"origin": [-2, 13, 41], "size": [4, 1, 6], "uv": [0, 57]}
					]
				},
				{
					"name": "lantern",
					"parent": "rod",
					"pivot": [0, 9, -24],
					"cubes": [
						{"origin": [-3, 1, -27], "size": [6, 7, 6], "inflate": -1, "uv": [63, 13]},
						{"origin": [-19, 8, -17], "size": [0, 3, 2], "pivot": [0, 7, 3], "rotation": [0, -45, 0], "uv": [119, 8]},
						{"origin": [19, 8, -17], "size": [0, 3, 2], "pivot": [0, 4, 3], "rotation": [0, 45, 0], "uv": [119, 8]},
						{"origin": [-3, 6, -26], "size": [6, 3, 4], "inflate": -1, "uv": [65, 25]},
						{"origin": [-2, 6, -27], "size": [4, 3, 6], "inflate": -1, "uv": [65, 25]}
					]
				},
				{
					"name": "back",
					"parent": "rod",
					"pivot": [0, 0, 0],
					"locators": {
						"back": [
							0, 10, 30
						]
					}
				}
			]
		},
		{
			"description": {
				"identifier": "geometry.broomstick_j6",
				"texture_width": 128,
				"texture_height": 128,
				"visible_bounds_width": 8,
				"visible_bounds_height": 4,
				"visible_bounds_offset": [0, 1, 0]
			},
			"bones": [
				{
					"name": "rod",
					"pivot": [0, 0, 0],
					"cubes": [
						{"origin": [-2, 8, -9], "size": [4, 4, 26], "uv": [0, 0]},
						{"origin": [-8, 6, 15], "size": [16, 16, 16], "inflate": -5, "uv": [0, 96]},
						{"origin": [-1.5, 12, 12], "size": [3, 6, 3], "pivot": [0, 15, 13], "rotation": [15, 0, 0], "uv": [2, 72]},
						{"origin": [-1, 17.5, 11.8], "size": [2, 3, 2], "uv": [2, 66]},
						{"origin": [0, 21.5, 10.8], "size": [0, 5, 4], "uv": [2, 81]},
						{"origin": [-0.5, 18.5, 10.8], "size": [1, 2, 1], "uv": [16, 71]},
						{"origin": [-0.3, 18.8, 9.8], "size": [0.6, 1.7, 1], "uv": [16, 71]},
						{"origin": [-1, 20.5, 9.8], "size": [2, 1, 4], "uv": [10, 64]},
						{"origin": [0.5, 11.513, 14.5], "size": [1, 2, 0], "uv": [6, 66]},
						{"origin": [0.5, 11.513, -7.5], "size": [1, 0, 1], "uv": [6, 66]},
						{"origin": [-1.5, 11.513, -7.5], "size": [1, 0, 1], "uv": [6, 66]},
						{"origin": [-1.5, 11.513, 14.5], "size": [1, 2, 0], "uv": [6, 66]},
						{"origin": [-1.5, 12.55291, 16.20445], "size": [3, 4, 1], "pivot": [0, 14, 18], "rotation": [67.5, 0, 0], "uv": [22, 65]},
						{"origin": [1, 13, 12], "size": [1, 5, 3], "pivot": [2, 17, 13], "rotation": [20, 0, 0], "uv": [19, 72]},
						{"origin": [-2, 13, 12], "size": [1, 5, 3], "pivot": [-2, 17, 13], "rotation": [20, 0, 0], "uv": [19, 72]},
						{"origin": [-3, 12, -3], "size": [6, 1, 6], "uv": [100, 55]},
						{"origin": [-2, 7, -1], "size": [4, 1, 2], "uv": [106, 57]},
						{"origin": [2, 8, -1], "size": [1, 4, 2], "uv": [105, 55]},
						{"origin": [1, 19, 5], "size": [6, 1, 10], "inflate": -1, "pivot": [-2, 15, 1], "rotation": [0, 0, 90], "uv": [96, 53]},
						{"origin": [1, 21, 5], "size": [6, 1, 10], "inflate": -1, "pivot": [-2, 15, 1], "rotation": [0, 0, 90], "uv": [96, 53]},
						{"origin": [-9, 21, 7], "size": [3, 1, 8], "inflate": -1, "pivot": [-2, 15, 2], "rotation": [0, 0, -180], "uv": [96, 44]},
						{"origin": [-9, 20, 6], "size": [3, 1, 8], "inflate": -1, "pivot": [-2, 15, 1], "rotation": [0, 0, -180], "uv": [96, 44]},
						{"origin": [-9, 19, 5], "size": [3, 1, 10], "inflate": -1, "pivot": [-2, 15, 1], "rotation": [0, 0, -180], "uv": [99, 53]},
						{"origin": [-3, 8, -1], "size": [1, 4, 2], "uv": [106, 55]},
						{"origin": [-2, 7, -17], "size": [4, 4, 8], "pivot": [0, 7, -1], "rotation": [-7.5, 0, 0], "uv": [0, 0]},
						{"origin": [-2, 10, 15], "size": [4, 4, 8], "pivot": [0, -9, -7], "rotation": [-5, 0, 0], "uv": [0, 52]},
						{"origin": [-2, 23, -4], "size": [4, 1, 4], "pivot": [0, -9, -7], "rotation": [-40, 0, 0], "uv": [5, 49]},
						{"origin": [0, 23, -5], "size": [2, 1, 1], "pivot": [0, -9, -7], "rotation": [-40, 0, 0], "uv": [5, 49]},
						{"origin": [19, 7, 7], "size": [4, 1, 4], "pivot": [0, -9, -7], "rotation": [-40, -5, -90], "uv": [5, 49]},
						{"origin": [19, -26, 7], "size": [4, 1, 4], "pivot": [0, -9, -7], "rotation": [40, -5, -90], "uv": [5, 49]},
						{"origin": [20, -26, 6], "size": [3, 1, 1], "pivot": [0, -9, -7], "rotation": [40, -5, -90], "uv": [5, 49]},
						{"origin": [-2, -13, 20], "size": [4, 1, 4], "pivot": [0, -9, -7], "rotation": [40, 0, 0], "uv": [5, 49]},
						{"origin": [-2, 10, 22], "size": [4, 4, 2], "inflate": 0.2, "pivot": [0, -9, -7], "rotation": [-5, 0, 0], "uv": [104, 93]},
						{"origin": [-3.47, 7.5, 22], "size": [7, 10, 2], "inflate": 0.2, "uv": [102, 87]},
						{"origin": [-2, 10, 15], "size": [4, 4, 1], "inflate": 0.2, "pivot": [0, -9, -7], "rotation": [-5, 0, 0], "uv": [0, 3]},
						{"origin": [-2, 10, 18], "size": [4, 4, 2], "inflate": 0.2, "pivot": [0, -9, -7], "rotation": [-5, 0, 0], "uv": [105, 90]},
						{"origin": [-2, 9, -30], "size": [4, 4, 14], "inflate": -0.1, "pivot": [0, 4, -15], "rotation": [-2.5, 0, 0], "uv": [0, 0]},
						{"origin": [2, 6, -26], "size": [0, 5, 3], "pivot": [0, 4, -15], "rotation": [-2.5, 0, 0], "uv": [64, 112]},
						{"origin": [2.2, 5, -14], "size": [0, 5, 3], "pivot": [0, 4, -15], "rotation": [-2.5, 0, 0], "uv": [64, 112]},
						{"origin": [-2.1, 6, -18], "size": [0, 5, 3], "pivot": [0, 4, -15], "rotation": [-2.5, 0, 0], "uv": [64, 112]},
						{"origin": [-2.1, 4, -5], "size": [0, 7, 3], "pivot": [0, 4, -15], "rotation": [-2.5, 0, 0], "uv": [64, 112]},
						{"origin": [-2.1, 11, -6], "size": [0, 1, 3], "pivot": [0, 4, -15], "rotation": [-2.5, 0, 0], "uv": [64, 112]},
						{"origin": [-2.1, 11, -18], "size": [0, 1, 2], "pivot": [0, 4, -15], "rotation": [-2.5, 0, 0], "uv": [64, 112]},
						{"origin": [2.2, 7, 2], "size": [0, 3, 2], "pivot": [0, 4, -15], "rotation": [-2.5, 0, 0], "uv": [64, 112]},
						{"origin": [2.2, 5, 19], "size": [0, 5, 4], "pivot": [0, 4, -15], "rotation": [-2.5, 0, 0], "uv": [64, 112]},
						{"origin": [2.2, 3, 19.5], "size": [0, 2, 3], "pivot": [0, 4, -15], "rotation": [-2.5, 0, 0], "uv": [74, 122]},
						{"origin": [2.2, 4, 2], "size": [0, 3, 2], "pivot": [0, 4, -15], "rotation": [-2.5, 0, 0], "uv": [70, 118]},
						{"origin": [2.2, 6, 5], "size": [0, 5, 2], "pivot": [0, 4, -15], "rotation": [-2.5, 0, 0], "uv": [74, 116]},
						{"origin": [2.2, 10, -13], "size": [0, 1, 2], "pivot": [0, 4, -15], "rotation": [-2.5, 0, 0], "uv": [64, 112]},
						{"origin": [2, 3, -14], "size": [0, 2, 1], "pivot": [0, 4, -15], "rotation": [-2.5, 0, 0], "uv": [64, 112]},
						{"origin": [1, 4, -22], "size": [5, 6, 5], "inflate": -1.1, "pivot": [0, -1, -15], "rotation": [-2.5, 0, 0], "uv": [59, 63]},
						{"origin": [-7, 3, 5], "size": [7, 8, 7], "inflate": -2.1, "pivot": [-6, -3, 12], "rotation": [-2.5, 0, 0], "uv": [64, 84]},
						{"origin": [-7, 1, -11], "size": [7, 8, 7], "inflate": -2.1, "pivot": [-6, -3, 12], "rotation": [-2.5, 0, 0], "uv": [64, 84]},
						{"origin": [-4, 8, 8.5], "size": [2, 3, 0], "pivot": [-8, -2, 12], "rotation": [-2.5, 0, 0], "uv": [58, 89]},
						{"origin": [-4, 7, -7.5], "size": [2, 3, 0], "pivot": [-8, -2, 12], "rotation": [-2.5, 0, 0], "uv": [58, 89]},
						{"origin": [1.8, 8.8, -19.5], "size": [2, 3, 0], "pivot": [0, 3, -16], "rotation": [-2.5, 0, 0], "uv": [49, 66]},
						{"origin": [-3, 7, 25], "size": [1, 4, 8], "pivot": [0, 9, 28], "rotation": [-5, -25, 0], "uv": [0, 49]},
						{"origin": [-2, 7, 25], "size": [1, 4, 18], "pivot": [0, 9, 28], "rotation": [-5, -20, 0], "uv": [1, 40]},
						{"origin": [2, 7, 25], "size": [1, 4, 10], "pivot": [0, 9, 28], "rotation": [-5, 25, 0], "uv": [0, 49]},
						{"origin": [1, 7, 25], "size": [1, 4, 18], "pivot": [0, 9, 28], "rotation": [-5, 20, 0], "uv": [0, 40]},
						{"origin": [-2, 11, 25], "size": [4, 1, 13], "pivot": [0, 9, 28], "rotation": [25, 0, 0], "uv": [0, 47]},
						{"origin": [-2, 10, 25], "size": [4, 1, 15], "pivot": [0, 9, 28], "rotation": [20, 0, 0], "uv": [0, 46]},
						{"origin": [-2, 10, 27], "size": [4, 1, 13], "pivot": [0, 9, 28], "rotation": [20, 2.5, 47.5], "uv": [0, 48]},
						{"origin": [-2, 11, 29], "size": [4, 1, 17], "pivot": [0, 9, 28], "rotation": [10, 2.5, 47.5], "uv": [0, 46]},
						{"origin": [-2, 14, 39], "size": [4, 1, 8], "pivot": [0, 9, 28], "rotation": [0, 2.5, 95], "uv": [0, 55]},
						{"origin": [-2, 4, 39], "size": [4, 1, 8], "pivot": [0, 9, 12], "rotation": [0, 2.5, 95], "uv": [0, 55]},
						{"origin": [-2, 3, 37], "size": [4, 1, 9], "pivot": [0, 9, 28], "rotation": [0, 2.5, 47.5], "uv": [0, 54]},
						{"origin": [-3, 2, 39], "size": [4, 1, 7], "pivot": [0, 9, 28], "rotation": [0, 0, -45], "uv": [0, 56]},
						{"origin": [-3, 13, 39], "size": [4, 1, 7], "pivot": [0, 9, 28], "rotation": [0, 2.5, -45], "uv": [0, 56]},
						{"origin": [-2, 7, 27], "size": [4, 1, 15], "pivot": [0, 9, 26], "rotation": [-20, 2.5, 47.5], "uv": [0, 48]},
						{"origin": [-2, 10, 32], "size": [4, 1, 9], "pivot": [0, 9, 27], "rotation": [22.5, 2.5, 137.5], "uv": [0, 53]},
						{"origin": [-3, 10, 30], "size": [4, 1, 11], "pivot": [0, 9, 28], "rotation": [17.5, 5, -50], "uv": [0, 51]},
						{"origin": [-2, 6, 25], "size": [4, 1, 7], "pivot": [0, 9, 28], "rotation": [-30, 0, 0], "uv": [0, 52]},
						{"origin": [-2, 7, 25], "size": [4, 1, 17], "pivot": [0, 9, 28], "rotation": [-25, 0, 0], "uv": [0, 46]},
						{"origin": [-2, 2, 39], "size": [4, 1, 9], "uv": [0, 54]},
						{"origin": [-3, 3, 39], "size": [6, 11, 3], "uv": [0, 50]},
						{"origin": [-4, 4, 39], "size": [9, 8, 3], "uv": [0, 53]},
						{"origin": [-2, 13, 41], "size": [4, 1, 6], "uv": [0, 57]}
					]
				},
				{
					"name": "lantern",
					"parent": "rod",
					"pivot": [0, 9, -24],
					"cubes": [
						{"origin": [-3, 1, -27], "size": [6, 7, 6], "inflate": -1, "uv": [63, 13]},
						{"origin": [-19, 8, -17], "size": [0, 3, 2], "pivot": [0, 7, 3], "rotation": [0, -45, 0], "uv": [119, 8]},
						{"origin": [19, 8, -17], "size": [0, 3, 2], "pivot": [0, 4, 3], "rotation": [0, 45, 0], "uv": [119, 8]},
						{"origin": [-3, 6, -26], "size": [6, 3, 4], "inflate": -1, "uv": [65, 25]},
						{"origin": [-2, 6, -27], "size": [4, 3, 6], "inflate": -1, "uv": [65, 25]}
					]
				},
				{
					"name": "back",
					"parent": "rod",
					"pivot": [0, 0, 0],
					"locators": {
						"back": [
							0, 10, 30
						]
					}
				}
			]
		},
		{
			"description": {
				"identifier": "geometry.broomstick_j5",
				"texture_width": 128,
				"texture_height": 128,
				"visible_bounds_width": 8,
				"visible_bounds_height": 4,
				"visible_bounds_offset": [0, 1, 0]
			},
			"bones": [
				{
					"name": "rod",
					"pivot": [0, 0, 0],
					"cubes": [
						{"origin": [-2, 8, -9], "size": [4, 4, 26], "uv": [0, 0]},
						{"origin": [-8, 6, 15], "size": [16, 16, 16], "inflate": -5, "uv": [0, 96]},
						{"origin": [-1.5, 12, 12], "size": [3, 6, 3], "pivot": [0, 15, 13], "rotation": [15, 0, 0], "uv": [2, 72]},
						{"origin": [-1, 17.5, 11.8], "size": [2, 3, 2], "uv": [2, 66]},
						{"origin": [0, 21.5, 10.8], "size": [0, 5, 4], "uv": [2, 81]},
						{"origin": [-0.5, 18.5, 10.8], "size": [1, 2, 1], "uv": [16, 71]},
						{"origin": [-0.3, 18.8, 9.8], "size": [0.6, 1.7, 1], "uv": [16, 71]},
						{"origin": [-1, 20.5, 9.8], "size": [2, 1, 4], "uv": [10, 64]},
						{"origin": [0.5, 11.513, 14.5], "size": [1, 2, 0], "uv": [6, 66]},
						{"origin": [0.5, 11.513, -7.5], "size": [1, 0, 1], "uv": [6, 66]},
						{"origin": [-1.5, 11.513, -7.5], "size": [1, 0, 1], "uv": [6, 66]},
						{"origin": [-1.5, 11.513, 14.5], "size": [1, 2, 0], "uv": [6, 66]},
						{"origin": [-1.5, 12.55291, 16.20445], "size": [3, 4, 1], "pivot": [0, 14, 18], "rotation": [67.5, 0, 0], "uv": [22, 65]},
						{"origin": [1, 13, 12], "size": [1, 5, 3], "pivot": [2, 17, 13], "rotation": [20, 0, 0], "uv": [19, 72]},
						{"origin": [-2, 13, 12], "size": [1, 5, 3], "pivot": [-2, 17, 13], "rotation": [20, 0, 0], "uv": [19, 72]},
						{"origin": [-3, 12, -3], "size": [6, 1, 6], "uv": [100, 55]},
						{"origin": [-2, 7, -1], "size": [4, 1, 2], "uv": [106, 57]},
						{"origin": [2, 8, -1], "size": [1, 4, 2], "uv": [105, 55]},
						{"origin": [1, 19, 5], "size": [6, 1, 10], "inflate": -1, "pivot": [-2, 15, 1], "rotation": [0, 0, 90], "uv": [96, 53]},
						{"origin": [1, 21, 5], "size": [6, 1, 10], "inflate": -1, "pivot": [-2, 15, 1], "rotation": [0, 0, 90], "uv": [96, 53]},
						{"origin": [-9, 21, 7], "size": [3, 1, 8], "inflate": -1, "pivot": [-2, 15, 2], "rotation": [0, 0, -180], "uv": [96, 44]},
						{"origin": [-9, 20, 6], "size": [3, 1, 8], "inflate": -1, "pivot": [-2, 15, 1], "rotation": [0, 0, -180], "uv": [96, 44]},
						{"origin": [-9, 19, 5], "size": [3, 1, 10], "inflate": -1, "pivot": [-2, 15, 1], "rotation": [0, 0, -180], "uv": [99, 53]},
						{"origin": [-3, 8, -1], "size": [1, 4, 2], "uv": [106, 55]},
						{"origin": [-2, 7, -17], "size": [4, 4, 8], "pivot": [0, 7, -1], "rotation": [-7.5, 0, 0], "uv": [0, 0]},
						{"origin": [-2, 10, 15], "size": [4, 4, 8], "pivot": [0, -9, -7], "rotation": [-5, 0, 0], "uv": [0, 52]},
						{"origin": [-2, 23, -4], "size": [4, 1, 4], "pivot": [0, -9, -7], "rotation": [-40, 0, 0], "uv": [5, 49]},
						{"origin": [0, 23, -5], "size": [2, 1, 1], "pivot": [0, -9, -7], "rotation": [-40, 0, 0], "uv": [5, 49]},
						{"origin": [19, 7, 7], "size": [4, 1, 4], "pivot": [0, -9, -7], "rotation": [-40, -5, -90], "uv": [5, 49]},
						{"origin": [19, -26, 7], "size": [4, 1, 4], "pivot": [0, -9, -7], "rotation": [40, -5, -90], "uv": [5, 49]},
						{"origin": [20, -26, 6], "size": [3, 1, 1], "pivot": [0, -9, -7], "rotation": [40, -5, -90], "uv": [5, 49]},
						{"origin": [-2, -13, 20], "size": [4, 1, 4], "pivot": [0, -9, -7], "rotation": [40, 0, 0], "uv": [5, 49]},
						{"origin": [-2, 10, 22], "size": [4, 4, 2], "inflate": 0.2, "pivot": [0, -9, -7], "rotation": [-5, 0, 0], "uv": [104, 93]},
						{"origin": [-3.47, 7.5, 22], "size": [7, 10, 2], "inflate": 0.2, "uv": [102, 87]},
						{"origin": [-2, 10, 15], "size": [4, 4, 1], "inflate": 0.2, "pivot": [0, -9, -7], "rotation": [-5, 0, 0], "uv": [0, 3]},
						{"origin": [-2, 10, 18], "size": [4, 4, 2], "inflate": 0.2, "pivot": [0, -9, -7], "rotation": [-5, 0, 0], "uv": [105, 90]},
						{"origin": [-2, 9, -30], "size": [4, 4, 14], "inflate": -0.1, "pivot": [0, 4, -15], "rotation": [-2.5, 0, 0], "uv": [0, 0]},
						{"origin": [2, 6, -26], "size": [0, 5, 3], "pivot": [0, 4, -15], "rotation": [-2.5, 0, 0], "uv": [64, 112]},
						{"origin": [2.2, 5, -14], "size": [0, 5, 3], "pivot": [0, 4, -15], "rotation": [-2.5, 0, 0], "uv": [64, 112]},
						{"origin": [-2.1, 6, -18], "size": [0, 5, 3], "pivot": [0, 4, -15], "rotation": [-2.5, 0, 0], "uv": [64, 112]},
						{"origin": [-2.1, 4, -5], "size": [0, 7, 3], "pivot": [0, 4, -15], "rotation": [-2.5, 0, 0], "uv": [64, 112]},
						{"origin": [-2.1, 11, -6], "size": [0, 1, 3], "pivot": [0, 4, -15], "rotation": [-2.5, 0, 0], "uv": [64, 112]},
						{"origin": [-2.1, 11, -18], "size": [0, 1, 2], "pivot": [0, 4, -15], "rotation": [-2.5, 0, 0], "uv": [64, 112]},
						{"origin": [2.2, 7, 2], "size": [0, 3, 2], "pivot": [0, 4, -15], "rotation": [-2.5, 0, 0], "uv": [64, 112]},
						{"origin": [2.2, 5, 19], "size": [0, 5, 4], "pivot": [0, 4, -15], "rotation": [-2.5, 0, 0], "uv": [64, 112]},
						{"origin": [2.2, 3, 19.5], "size": [0, 2, 3], "pivot": [0, 4, -15], "rotation": [-2.5, 0, 0], "uv": [74, 122]},
						{"origin": [2.2, 4, 2], "size": [0, 3, 2], "pivot": [0, 4, -15], "rotation": [-2.5, 0, 0], "uv": [70, 118]},
						{"origin": [2.2, 6, 5], "size": [0, 5, 2], "pivot": [0, 4, -15], "rotation": [-2.5, 0, 0], "uv": [74, 116]},
						{"origin": [2.2, 10, -13], "size": [0, 1, 2], "pivot": [0, 4, -15], "rotation": [-2.5, 0, 0], "uv": [64, 112]},
						{"origin": [2, 3, -14], "size": [0, 2, 1], "pivot": [0, 4, -15], "rotation": [-2.5, 0, 0], "uv": [64, 112]},
						{"origin": [1, 4, -22], "size": [5, 6, 5], "inflate": -1.1, "pivot": [0, -1, -15], "rotation": [-2.5, 0, 0], "uv": [59, 63]},
						{"origin": [-7, 3, 5], "size": [7, 8, 7], "inflate": -2.1, "pivot": [-6, -3, 12], "rotation": [-2.5, 0, 0], "uv": [64, 84]},
						{"origin": [-7, 1, -11], "size": [7, 8, 7], "inflate": -2.1, "pivot": [-6, -3, 12], "rotation": [-2.5, 0, 0], "uv": [64, 84]},
						{"origin": [-4, 8, 8.5], "size": [2, 3, 0], "pivot": [-8, -2, 12], "rotation": [-2.5, 0, 0], "uv": [58, 89]},
						{"origin": [-4, 7, -7.5], "size": [2, 3, 0], "pivot": [-8, -2, 12], "rotation": [-2.5, 0, 0], "uv": [58, 89]},
						{"origin": [1.8, 8.8, -19.5], "size": [2, 3, 0], "pivot": [0, 3, -16], "rotation": [-2.5, 0, 0], "uv": [49, 66]},
						{"origin": [-3, 7, 25], "size": [1, 4, 8], "pivot": [0, 9, 28], "rotation": [-5, -25, 0], "uv": [0, 49]},
						{"origin": [-2, 7, 25], "size": [1, 4, 18], "pivot": [0, 9, 28], "rotation": [-5, -20, 0], "uv": [1, 40]},
						{"origin": [2, 7, 25], "size": [1, 4, 10], "pivot": [0, 9, 28], "rotation": [-5, 25, 0], "uv": [0, 49]},
						{"origin": [1, 7, 25], "size": [1, 4, 18], "pivot": [0, 9, 28], "rotation": [-5, 20, 0], "uv": [0, 40]},
						{"origin": [-2, 11, 25], "size": [4, 1, 13], "pivot": [0, 9, 28], "rotation": [25, 0, 0], "uv": [0, 47]},
						{"origin": [-2, 10, 25], "size": [4, 1, 15], "pivot": [0, 9, 28], "rotation": [20, 0, 0], "uv": [0, 46]},
						{"origin": [-2, 10, 27], "size": [4, 1, 13], "pivot": [0, 9, 28], "rotation": [20, 2.5, 47.5], "uv": [0, 48]},
						{"origin": [-2, 11, 29], "size": [4, 1, 17], "pivot": [0, 9, 28], "rotation": [10, 2.5, 47.5], "uv": [0, 46]},
						{"origin": [-2, 14, 39], "size": [4, 1, 8], "pivot": [0, 9, 28], "rotation": [0, 2.5, 95], "uv": [0, 55]},
						{"origin": [-2, 4, 39], "size": [4, 1, 8], "pivot": [0, 9, 12], "rotation": [0, 2.5, 95], "uv": [0, 55]},
						{"origin": [-2, 3, 37], "size": [4, 1, 9], "pivot": [0, 9, 28], "rotation": [0, 2.5, 47.5], "uv": [0, 54]},
						{"origin": [-3, 2, 39], "size": [4, 1, 7], "pivot": [0, 9, 28], "rotation": [0, 0, -45], "uv": [0, 56]},
						{"origin": [-3, 13, 39], "size": [4, 1, 7], "pivot": [0, 9, 28], "rotation": [0, 2.5, -45], "uv": [0, 56]},
						{"origin": [-2, 7, 27], "size": [4, 1, 15], "pivot": [0, 9, 26], "rotation": [-20, 2.5, 47.5], "uv": [0, 48]},
						{"origin": [-2, 10, 32], "size": [4, 1, 9], "pivot": [0, 9, 27], "rotation": [22.5, 2.5, 137.5], "uv": [0, 53]},
						{"origin": [-3, 10, 30], "size": [4, 1, 11], "pivot": [0, 9, 28], "rotation": [17.5, 5, -50], "uv": [0, 51]},
						{"origin": [-2, 6, 25], "size": [4, 1, 7], "pivot": [0, 9, 28], "rotation": [-30, 0, 0], "uv": [0, 52]},
						{"origin": [-2, 7, 25], "size": [4, 1, 17], "pivot": [0, 9, 28], "rotation": [-25, 0, 0], "uv": [0, 46]},
						{"origin": [-2, 2, 39], "size": [4, 1, 9], "uv": [0, 54]},
						{"origin": [-3, 3, 39], "size": [6, 11, 3], "uv": [0, 50]},
						{"origin": [-4, 4, 39], "size": [9, 8, 3], "uv": [0, 53]},
						{"origin": [-2, 13, 41], "size": [4, 1, 6], "uv": [0, 57]}
					]
				},
				{
					"name": "lantern",
					"parent": "rod",
					"pivot": [0, 9, -24],
					"cubes": [
						{"origin": [-3, 1, -27], "size": [6, 7, 6], "inflate": -1, "uv": [63, 13]},
						{"origin": [-19, 8, -17], "size": [0, 3, 2], "pivot": [0, 7, 3], "rotation": [0, -45, 0], "uv": [119, 8]},
						{"origin": [19, 8, -17], "size": [0, 3, 2], "pivot": [0, 4, 3], "rotation": [0, 45, 0], "uv": [119, 8]},
						{"origin": [-3, 6, -26], "size": [6, 3, 4], "inflate": -1, "uv": [65, 25]},
						{"origin": [-2, 6, -27], "size": [4, 3, 6], "inflate": -1, "uv": [65, 25]}
					]
				},
				{
					"name": "back",
					"parent": "rod",
					"pivot": [0, 0, 0],
					"locators": {
						"back": [
							0, 10, 30
						]
					}
				}
			]
		},
 {
  		"description": {
				"identifier": "geometry.broomstick_j4",
				"texture_width": 128,
				"texture_height": 128,
				"visible_bounds_width": 7,
				"visible_bounds_height": 3,
				"visible_bounds_offset": [0, 0.5, 0]
			},
			"bones": [
				{
					"name": "rod",
					"pivot": [0, 0, 0],
					"cubes": [
						{"origin": [-2, 8, -9], "size": [4, 4, 26], "uv": [0, 0]},
						{"origin": [-1.5, 12, 12], "size": [3, 6, 3], "pivot": [0, 15, 13], "rotation": [15, 0, 0], "uv": [2, 72]},
						{"origin": [-1, 17.5, 11.8], "size": [2, 3, 2], "uv": [2, 66]},
						{"origin": [0, 21.5, 10.8], "size": [0, 5, 4], "uv": [2, 81]},
						{"origin": [-0.5, 18.5, 10.8], "size": [1, 2, 1], "uv": [16, 71]},
						{"origin": [-0.3, 18.8, 9.8], "size": [0.6, 1.7, 1], "uv": [16, 71]},
						{"origin": [-1, 20.5, 9.8], "size": [2, 1, 4], "uv": [10, 64]},
						{"origin": [0.5, 11.513, 14.5], "size": [1, 2, 0], "uv": [6, 66]},
						{"origin": [0.5, 11.513, -7.5], "size": [1, 0, 1], "uv": [6, 66]},
						{"origin": [-1.5, 11.513, -7.5], "size": [1, 0, 1], "uv": [6, 66]},
						{"origin": [-1.5, 11.513, 14.5], "size": [1, 2, 0], "uv": [6, 66]},
						{"origin": [-1.5, 12.55291, 16.20445], "size": [3, 4, 1], "pivot": [0, 14, 18], "rotation": [67.5, 0, 0], "uv": [22, 65]},
						{"origin": [1, 13, 12], "size": [1, 5, 3], "pivot": [2, 17, 13], "rotation": [20, 0, 0], "uv": [19, 72]},
						{"origin": [-2, 13, 12], "size": [1, 5, 3], "pivot": [-2, 17, 13], "rotation": [20, 0, 0], "uv": [19, 72]},
						{"origin": [-3, 12, -3], "size": [6, 1, 6], "uv": [100, 55]},
						{"origin": [-2, 7, -1], "size": [4, 1, 2], "uv": [106, 57]},
						{"origin": [2, 8, -1], "size": [1, 4, 2], "uv": [105, 55]},
						{"origin": [1, 19, 5], "size": [6, 1, 10], "inflate": -1, "pivot": [-2, 15, 1], "rotation": [0, 0, 90], "uv": [96, 53]},
						{"origin": [1, 21, 5], "size": [6, 1, 10], "inflate": -1, "pivot": [-2, 15, 1], "rotation": [0, 0, 90], "uv": [96, 53]},
						{"origin": [-9, 21, 7], "size": [3, 1, 8], "inflate": -1, "pivot": [-2, 15, 2], "rotation": [0, 0, -180], "uv": [96, 44]},
						{"origin": [-9, 20, 6], "size": [3, 1, 8], "inflate": -1, "pivot": [-2, 15, 1], "rotation": [0, 0, -180], "uv": [96, 44]},
						{"origin": [-9, 19, 5], "size": [3, 1, 10], "inflate": -1, "pivot": [-2, 15, 1], "rotation": [0, 0, -180], "uv": [99, 53]},
						{"origin": [-3, 8, -1], "size": [1, 4, 2], "uv": [106, 55]},
						{"origin": [-2, 7, -17], "size": [4, 4, 8], "pivot": [0, 7, -1], "rotation": [-7.5, 0, 0], "uv": [0, 0]},
						{"origin": [-2, 10, 15], "size": [4, 4, 8], "pivot": [0, -9, -7], "rotation": [-5, 0, 0], "uv": [0, 52]},
						{"origin": [-2, 23, -4], "size": [4, 1, 4], "pivot": [0, -9, -7], "rotation": [-40, 0, 0], "uv": [5, 49]},
						{"origin": [0, 23, -5], "size": [2, 1, 1], "pivot": [0, -9, -7], "rotation": [-40, 0, 0], "uv": [5, 49]},
						{"origin": [19, 7, 7], "size": [4, 1, 4], "pivot": [0, -9, -7], "rotation": [-40, -5, -90], "uv": [5, 49]},
						{"origin": [19, -26, 7], "size": [4, 1, 4], "pivot": [0, -9, -7], "rotation": [40, -5, -90], "uv": [5, 49]},
						{"origin": [20, -26, 6], "size": [3, 1, 1], "pivot": [0, -9, -7], "rotation": [40, -5, -90], "uv": [5, 49]},
						{"origin": [-2, -13, 20], "size": [4, 1, 4], "pivot": [0, -9, -7], "rotation": [40, 0, 0], "uv": [5, 49]},
						{"origin": [-2, 10, 22], "size": [4, 4, 2], "inflate": 0.2, "pivot": [0, -9, -7], "rotation": [-5, 0, 0], "uv": [104, 93]},
						{"origin": [-2, 10, 15], "size": [4, 4, 1], "inflate": 0.2, "pivot": [0, -9, -7], "rotation": [-5, 0, 0], "uv": [0, 3]},
						{"origin": [-2, 10, 18], "size": [4, 4, 2], "inflate": 0.2, "pivot": [0, -9, -7], "rotation": [-5, 0, 0], "uv": [105, 90]},
						{"origin": [-2, 9, -30], "size": [4, 4, 14], "inflate": -0.1, "pivot": [0, 4, -15], "rotation": [-2.5, 0, 0], "uv": [0, 0]},
						{"origin": [-3, 7, 25], "size": [1, 4, 8], "pivot": [0, 9, 28], "rotation": [-5, -25, 0], "uv": [0, 49]},
						{"origin": [-2, 7, 25], "size": [1, 4, 18], "pivot": [0, 9, 28], "rotation": [-5, -20, 0], "uv": [1, 40]},
						{"origin": [2, 7, 25], "size": [1, 4, 10], "pivot": [0, 9, 28], "rotation": [-5, 25, 0], "uv": [0, 49]},
						{"origin": [1, 7, 25], "size": [1, 4, 18], "pivot": [0, 9, 28], "rotation": [-5, 20, 0], "uv": [0, 40]},
						{"origin": [-2, 11, 25], "size": [4, 1, 13], "pivot": [0, 9, 28], "rotation": [25, 0, 0], "uv": [0, 47]},
						{"origin": [-2, 10, 25], "size": [4, 1, 15], "pivot": [0, 9, 28], "rotation": [20, 0, 0], "uv": [0, 46]},
						{"origin": [-2, 10, 27], "size": [4, 1, 13], "pivot": [0, 9, 28], "rotation": [20, 2.5, 47.5], "uv": [0, 48]},
						{"origin": [-2, 11, 29], "size": [4, 1, 17], "pivot": [0, 9, 28], "rotation": [10, 2.5, 47.5], "uv": [0, 46]},
						{"origin": [-2, 14, 39], "size": [4, 1, 8], "pivot": [0, 9, 28], "rotation": [0, 2.5, 95], "uv": [0, 55]},
						{"origin": [-2, 4, 39], "size": [4, 1, 8], "pivot": [0, 9, 12], "rotation": [0, 2.5, 95], "uv": [0, 55]},
						{"origin": [-2, 3, 37], "size": [4, 1, 9], "pivot": [0, 9, 28], "rotation": [0, 2.5, 47.5], "uv": [0, 54]},
						{"origin": [-3, 2, 39], "size": [4, 1, 7], "pivot": [0, 9, 28], "rotation": [0, 0, -45], "uv": [0, 56]},
						{"origin": [-3, 13, 39], "size": [4, 1, 7], "pivot": [0, 9, 28], "rotation": [0, 2.5, -45], "uv": [0, 56]},
						{"origin": [-2, 7, 27], "size": [4, 1, 15], "pivot": [0, 9, 26], "rotation": [-20, 2.5, 47.5], "uv": [0, 48]},
						{"origin": [-2, 10, 32], "size": [4, 1, 9], "pivot": [0, 9, 27], "rotation": [22.5, 2.5, 137.5], "uv": [0, 53]},
						{"origin": [-3, 10, 30], "size": [4, 1, 11], "pivot": [0, 9, 28], "rotation": [17.5, 5, -50], "uv": [0, 51]},
						{"origin": [-2, 6, 25], "size": [4, 1, 7], "pivot": [0, 9, 28], "rotation": [-30, 0, 0], "uv": [0, 52]},
						{"origin": [-2, 7, 25], "size": [4, 1, 17], "pivot": [0, 9, 28], "rotation": [-25, 0, 0], "uv": [0, 46]},
						{"origin": [-2, 2, 39], "size": [4, 1, 9], "uv": [0, 54]},
						{"origin": [-3, 3, 39], "size": [6, 11, 3], "uv": [0, 50]},
						{"origin": [-4, 4, 39], "size": [9, 8, 3], "uv": [0, 53]},
						{"origin": [-2, 13, 41], "size": [4, 1, 6], "uv": [0, 57]}
					]
				},
				{
					"name": "lantern",
					"parent": "rod",
					"pivot": [0, 9, -24],
					"cubes": [
						{"origin": [-3, 1, -27], "size": [6, 7, 6], "inflate": -1, "uv": [63, 13]},
						{"origin": [-19, 8, -17], "size": [0, 3, 2], "pivot": [0, 7, 3], "rotation": [0, -45, 0], "uv": [119, 8]},
						{"origin": [19, 8, -17], "size": [0, 3, 2], "pivot": [0, 4, 3], "rotation": [0, 45, 0], "uv": [119, 8]},
						{"origin": [-3, 6, -26], "size": [6, 3, 4], "inflate": -1, "uv": [65, 25]},
						{"origin": [-2, 6, -27], "size": [4, 3, 6], "inflate": -1, "uv": [65, 25]}
					]
				},
				{
					"name": "back",
					"parent": "rod",
					"pivot": [0, 0, 0],
					"locators": {
						"back": [
							0, 10, 30
						]
					}
				}
			]
		},
 {
  		"description": {
				"identifier": "geometry.broomstick_j3",
				"texture_width": 128,
				"texture_height": 128,
				"visible_bounds_width": 7,
				"visible_bounds_height": 3,
				"visible_bounds_offset": [0, 0.5, 0]
			},
			"bones": [
				{
					"name": "rod",
					"pivot": [0, 0, 0],
					"cubes": [
						{"origin": [-2, 8, -9], "size": [4, 4, 26], "uv": [0, 0]},
						{"origin": [-1.5, 12, 12], "size": [3, 6, 3], "pivot": [0, 15, 13], "rotation": [15, 0, 0], "uv": [2, 72]},
						{"origin": [-1, 17.5, 11.8], "size": [2, 3, 2], "uv": [2, 66]},
						{"origin": [0, 21.5, 10.8], "size": [0, 5, 4], "uv": [2, 81]},
						{"origin": [-0.5, 18.5, 10.8], "size": [1, 2, 1], "uv": [16, 71]},
						{"origin": [-0.3, 18.8, 9.8], "size": [0.6, 1.7, 1], "uv": [16, 71]},
						{"origin": [-1, 20.5, 9.8], "size": [2, 1, 4], "uv": [10, 64]},
						{"origin": [0.5, 11.513, 14.5], "size": [1, 2, 0], "uv": [6, 66]},
						{"origin": [0.5, 11.513, -7.5], "size": [1, 0, 1], "uv": [6, 66]},
						{"origin": [-1.5, 11.513, -7.5], "size": [1, 0, 1], "uv": [6, 66]},
						{"origin": [-1.5, 11.513, 14.5], "size": [1, 2, 0], "uv": [6, 66]},
						{"origin": [-1.5, 12.55291, 16.20445], "size": [3, 4, 1], "pivot": [0, 14, 18], "rotation": [67.5, 0, 0], "uv": [22, 65]},
						{"origin": [1, 13, 12], "size": [1, 5, 3], "pivot": [2, 17, 13], "rotation": [20, 0, 0], "uv": [19, 72]},
						{"origin": [-2, 13, 12], "size": [1, 5, 3], "pivot": [-2, 17, 13], "rotation": [20, 0, 0], "uv": [19, 72]},
						{"origin": [-3, 12, -3], "size": [6, 1, 6], "uv": [100, 55]},
						{"origin": [-2, 7, -1], "size": [4, 1, 2], "uv": [106, 57]},
						{"origin": [2, 8, -1], "size": [1, 4, 2], "uv": [105, 55]},
						{"origin": [1, 19, 5], "size": [6, 1, 10], "inflate": -1, "pivot": [-2, 15, 1], "rotation": [0, 0, 90], "uv": [96, 53]},
						{"origin": [1, 21, 5], "size": [6, 1, 10], "inflate": -1, "pivot": [-2, 15, 1], "rotation": [0, 0, 90], "uv": [96, 53]},
						{"origin": [-9, 21, 7], "size": [3, 1, 8], "inflate": -1, "pivot": [-2, 15, 2], "rotation": [0, 0, -180], "uv": [96, 44]},
						{"origin": [-9, 20, 6], "size": [3, 1, 8], "inflate": -1, "pivot": [-2, 15, 1], "rotation": [0, 0, -180], "uv": [96, 44]},
						{"origin": [-9, 19, 5], "size": [3, 1, 10], "inflate": -1, "pivot": [-2, 15, 1], "rotation": [0, 0, -180], "uv": [99, 53]},
						{"origin": [-3, 8, -1], "size": [1, 4, 2], "uv": [106, 55]},
						{"origin": [-2, 7, -17], "size": [4, 4, 8], "pivot": [0, 7, -1], "rotation": [-7.5, 0, 0], "uv": [0, 0]},
						{"origin": [-2, 10, 15], "size": [4, 4, 8], "pivot": [0, -9, -7], "rotation": [-5, 0, 0], "uv": [0, 52]},
						{"origin": [-2, 23, -4], "size": [4, 1, 4], "pivot": [0, -9, -7], "rotation": [-40, 0, 0], "uv": [5, 49]},
						{"origin": [0, 23, -5], "size": [2, 1, 1], "pivot": [0, -9, -7], "rotation": [-40, 0, 0], "uv": [5, 49]},
						{"origin": [19, 7, 7], "size": [4, 1, 4], "pivot": [0, -9, -7], "rotation": [-40, -5, -90], "uv": [5, 49]},
						{"origin": [19, -26, 7], "size": [4, 1, 4], "pivot": [0, -9, -7], "rotation": [40, -5, -90], "uv": [5, 49]},
						{"origin": [20, -26, 6], "size": [3, 1, 1], "pivot": [0, -9, -7], "rotation": [40, -5, -90], "uv": [5, 49]},
						{"origin": [-2, -13, 20], "size": [4, 1, 4], "pivot": [0, -9, -7], "rotation": [40, 0, 0], "uv": [5, 49]},
						{"origin": [-2, 10, 22], "size": [4, 4, 2], "inflate": 0.2, "pivot": [0, -9, -7], "rotation": [-5, 0, 0], "uv": [104, 93]},
						{"origin": [-2, 10, 15], "size": [4, 4, 1], "inflate": 0.2, "pivot": [0, -9, -7], "rotation": [-5, 0, 0], "uv": [0, 3]},
						{"origin": [-2, 10, 18], "size": [4, 4, 2], "inflate": 0.2, "pivot": [0, -9, -7], "rotation": [-5, 0, 0], "uv": [105, 90]},
						{"origin": [-2, 9, -30], "size": [4, 4, 14], "inflate": -0.1, "pivot": [0, 4, -15], "rotation": [-2.5, 0, 0], "uv": [0, 0]},
						{"origin": [-3, 7, 25], "size": [1, 4, 8], "pivot": [0, 9, 28], "rotation": [-5, -25, 0], "uv": [0, 49]},
						{"origin": [-2, 7, 25], "size": [1, 4, 18], "pivot": [0, 9, 28], "rotation": [-5, -20, 0], "uv": [1, 40]},
						{"origin": [2, 7, 25], "size": [1, 4, 10], "pivot": [0, 9, 28], "rotation": [-5, 25, 0], "uv": [0, 49]},
						{"origin": [1, 7, 25], "size": [1, 4, 18], "pivot": [0, 9, 28], "rotation": [-5, 20, 0], "uv": [0, 40]},
						{"origin": [-2, 11, 25], "size": [4, 1, 13], "pivot": [0, 9, 28], "rotation": [25, 0, 0], "uv": [0, 47]},
						{"origin": [-2, 10, 25], "size": [4, 1, 15], "pivot": [0, 9, 28], "rotation": [20, 0, 0], "uv": [0, 46]},
						{"origin": [-2, 10, 27], "size": [4, 1, 13], "pivot": [0, 9, 28], "rotation": [20, 2.5, 47.5], "uv": [0, 48]},
						{"origin": [-2, 11, 29], "size": [4, 1, 17], "pivot": [0, 9, 28], "rotation": [10, 2.5, 47.5], "uv": [0, 46]},
						{"origin": [-2, 14, 39], "size": [4, 1, 8], "pivot": [0, 9, 28], "rotation": [0, 2.5, 95], "uv": [0, 55]},
						{"origin": [-2, 4, 39], "size": [4, 1, 8], "pivot": [0, 9, 12], "rotation": [0, 2.5, 95], "uv": [0, 55]},
						{"origin": [-2, 3, 37], "size": [4, 1, 9], "pivot": [0, 9, 28], "rotation": [0, 2.5, 47.5], "uv": [0, 54]},
						{"origin": [-3, 2, 39], "size": [4, 1, 7], "pivot": [0, 9, 28], "rotation": [0, 0, -45], "uv": [0, 56]},
						{"origin": [-3, 13, 39], "size": [4, 1, 7], "pivot": [0, 9, 28], "rotation": [0, 2.5, -45], "uv": [0, 56]},
						{"origin": [-2, 7, 27], "size": [4, 1, 15], "pivot": [0, 9, 26], "rotation": [-20, 2.5, 47.5], "uv": [0, 48]},
						{"origin": [-2, 10, 32], "size": [4, 1, 9], "pivot": [0, 9, 27], "rotation": [22.5, 2.5, 137.5], "uv": [0, 53]},
						{"origin": [-3, 10, 30], "size": [4, 1, 11], "pivot": [0, 9, 28], "rotation": [17.5, 5, -50], "uv": [0, 51]},
						{"origin": [-2, 6, 25], "size": [4, 1, 7], "pivot": [0, 9, 28], "rotation": [-30, 0, 0], "uv": [0, 52]},
						{"origin": [-2, 7, 25], "size": [4, 1, 17], "pivot": [0, 9, 28], "rotation": [-25, 0, 0], "uv": [0, 46]},
						{"origin": [-2, 2, 39], "size": [4, 1, 9], "uv": [0, 54]},
						{"origin": [-3, 3, 39], "size": [6, 11, 3], "uv": [0, 50]},
						{"origin": [-4, 4, 39], "size": [9, 8, 3], "uv": [0, 53]},
						{"origin": [-2, 13, 41], "size": [4, 1, 6], "uv": [0, 57]}
					]
				},
				{
					"name": "lantern",
					"parent": "rod",
					"pivot": [0, 9, -24],
					"cubes": [
						{"origin": [-3, 1, -27], "size": [6, 7, 6], "inflate": -1, "uv": [63, 13]},
						{"origin": [-19, 8, -17], "size": [0, 3, 2], "pivot": [0, 7, 3], "rotation": [0, -45, 0], "uv": [119, 8]},
						{"origin": [19, 8, -17], "size": [0, 3, 2], "pivot": [0, 4, 3], "rotation": [0, 45, 0], "uv": [119, 8]},
						{"origin": [-3, 6, -26], "size": [6, 3, 4], "inflate": -1, "uv": [65, 25]},
						{"origin": [-2, 6, -27], "size": [4, 3, 6], "inflate": -1, "uv": [65, 25]}
					]
				},
				{
					"name": "back",
					"parent": "rod",
					"pivot": [0, 0, 0],
					"locators": {
						"back": [
							0, 10, 30
						]
					}
				}
			]
		},
 {
  		"description": {
				"identifier": "geometry.broomstick_j2",
				"texture_width": 128,
				"texture_height": 128,
				"visible_bounds_width": 7,
				"visible_bounds_height": 3,
				"visible_bounds_offset": [0, 0.5, 0]
			},
			"bones": [
				{
					"name": "rod",
					"pivot": [0, 0, 0],
					"cubes": [
						{"origin": [-2, 8, -9], "size": [4, 4, 26], "uv": [0, 0]},
						{"origin": [-1.5, 12, 12], "size": [3, 6, 3], "pivot": [0, 15, 13], "rotation": [15, 0, 0], "uv": [2, 72]},
						{"origin": [-1, 17.5, 11.8], "size": [2, 3, 2], "uv": [2, 66]},
						{"origin": [0, 21.5, 10.8], "size": [0, 5, 4], "uv": [2, 81]},
						{"origin": [-0.5, 18.5, 10.8], "size": [1, 2, 1], "uv": [16, 71]},
						{"origin": [-0.3, 18.8, 9.8], "size": [0.6, 1.7, 1], "uv": [16, 71]},
						{"origin": [-1, 20.5, 9.8], "size": [2, 1, 4], "uv": [10, 64]},
						{"origin": [0.5, 11.513, 14.5], "size": [1, 2, 0], "uv": [6, 66]},
						{"origin": [0.5, 11.513, -7.5], "size": [1, 0, 1], "uv": [6, 66]},
						{"origin": [-1.5, 11.513, -7.5], "size": [1, 0, 1], "uv": [6, 66]},
						{"origin": [-1.5, 11.513, 14.5], "size": [1, 2, 0], "uv": [6, 66]},
						{"origin": [-1.5, 12.55291, 16.20445], "size": [3, 4, 1], "pivot": [0, 14, 18], "rotation": [67.5, 0, 0], "uv": [22, 65]},
						{"origin": [1, 13, 12], "size": [1, 5, 3], "pivot": [2, 17, 13], "rotation": [20, 0, 0], "uv": [19, 72]},
						{"origin": [-2, 13, 12], "size": [1, 5, 3], "pivot": [-2, 17, 13], "rotation": [20, 0, 0], "uv": [19, 72]},
						{"origin": [-3, 12, -3], "size": [6, 1, 6], "uv": [100, 55]},
						{"origin": [-2, 7, -1], "size": [4, 1, 2], "uv": [106, 57]},
						{"origin": [2, 8, -1], "size": [1, 4, 2], "uv": [105, 55]},
						{"origin": [1, 19, 5], "size": [6, 1, 10], "inflate": -1, "pivot": [-2, 15, 1], "rotation": [0, 0, 90], "uv": [96, 53]},
						{"origin": [1, 21, 5], "size": [6, 1, 10], "inflate": -1, "pivot": [-2, 15, 1], "rotation": [0, 0, 90], "uv": [96, 53]},
						{"origin": [-9, 21, 7], "size": [3, 1, 8], "inflate": -1, "pivot": [-2, 15, 2], "rotation": [0, 0, -180], "uv": [96, 44]},
						{"origin": [-9, 20, 6], "size": [3, 1, 8], "inflate": -1, "pivot": [-2, 15, 1], "rotation": [0, 0, -180], "uv": [96, 44]},
						{"origin": [-9, 19, 5], "size": [3, 1, 10], "inflate": -1, "pivot": [-2, 15, 1], "rotation": [0, 0, -180], "uv": [99, 53]},
						{"origin": [-3, 8, -1], "size": [1, 4, 2], "uv": [106, 55]},
						{"origin": [-2, 7, -17], "size": [4, 4, 8], "pivot": [0, 7, -1], "rotation": [-7.5, 0, 0], "uv": [0, 0]},
						{"origin": [-2, 10, 15], "size": [4, 4, 8], "pivot": [0, -9, -7], "rotation": [-5, 0, 0], "uv": [0, 52]},
						{"origin": [-2, 23, -4], "size": [4, 1, 4], "pivot": [0, -9, -7], "rotation": [-40, 0, 0], "uv": [5, 49]},
						{"origin": [0, 23, -5], "size": [2, 1, 1], "pivot": [0, -9, -7], "rotation": [-40, 0, 0], "uv": [5, 49]},
						{"origin": [19, 7, 7], "size": [4, 1, 4], "pivot": [0, -9, -7], "rotation": [-40, -5, -90], "uv": [5, 49]},
						{"origin": [19, -26, 7], "size": [4, 1, 4], "pivot": [0, -9, -7], "rotation": [40, -5, -90], "uv": [5, 49]},
						{"origin": [20, -26, 6], "size": [3, 1, 1], "pivot": [0, -9, -7], "rotation": [40, -5, -90], "uv": [5, 49]},
						{"origin": [-2, -13, 20], "size": [4, 1, 4], "pivot": [0, -9, -7], "rotation": [40, 0, 0], "uv": [5, 49]},
						{"origin": [-2, 10, 22], "size": [4, 4, 2], "inflate": 0.2, "pivot": [0, -9, -7], "rotation": [-5, 0, 0], "uv": [104, 93]},
						{"origin": [-2, 10, 15], "size": [4, 4, 1], "inflate": 0.2, "pivot": [0, -9, -7], "rotation": [-5, 0, 0], "uv": [0, 3]},
						{"origin": [-2, 10, 18], "size": [4, 4, 2], "inflate": 0.2, "pivot": [0, -9, -7], "rotation": [-5, 0, 0], "uv": [105, 90]},
						{"origin": [-2, 9, -30], "size": [4, 4, 14], "inflate": -0.1, "pivot": [0, 4, -15], "rotation": [-2.5, 0, 0], "uv": [0, 0]},
						{"origin": [-3, 7, 25], "size": [1, 4, 8], "pivot": [0, 9, 28], "rotation": [-5, -25, 0], "uv": [0, 49]},
						{"origin": [-2, 7, 25], "size": [1, 4, 18], "pivot": [0, 9, 28], "rotation": [-5, -20, 0], "uv": [1, 40]},
						{"origin": [2, 7, 25], "size": [1, 4, 10], "pivot": [0, 9, 28], "rotation": [-5, 25, 0], "uv": [0, 49]},
						{"origin": [1, 7, 25], "size": [1, 4, 18], "pivot": [0, 9, 28], "rotation": [-5, 20, 0], "uv": [0, 40]},
						{"origin": [-2, 11, 25], "size": [4, 1, 13], "pivot": [0, 9, 28], "rotation": [25, 0, 0], "uv": [0, 47]},
						{"origin": [-2, 10, 25], "size": [4, 1, 15], "pivot": [0, 9, 28], "rotation": [20, 0, 0], "uv": [0, 46]},
						{"origin": [-2, 10, 27], "size": [4, 1, 13], "pivot": [0, 9, 28], "rotation": [20, 2.5, 47.5], "uv": [0, 48]},
						{"origin": [-2, 11, 29], "size": [4, 1, 17], "pivot": [0, 9, 28], "rotation": [10, 2.5, 47.5], "uv": [0, 46]},
						{"origin": [-2, 14, 39], "size": [4, 1, 8], "pivot": [0, 9, 28], "rotation": [0, 2.5, 95], "uv": [0, 55]},
						{"origin": [-2, 4, 39], "size": [4, 1, 8], "pivot": [0, 9, 12], "rotation": [0, 2.5, 95], "uv": [0, 55]},
						{"origin": [-2, 3, 37], "size": [4, 1, 9], "pivot": [0, 9, 28], "rotation": [0, 2.5, 47.5], "uv": [0, 54]},
						{"origin": [-3, 2, 39], "size": [4, 1, 7], "pivot": [0, 9, 28], "rotation": [0, 0, -45], "uv": [0, 56]},
						{"origin": [-3, 13, 39], "size": [4, 1, 7], "pivot": [0, 9, 28], "rotation": [0, 2.5, -45], "uv": [0, 56]},
						{"origin": [-2, 7, 27], "size": [4, 1, 15], "pivot": [0, 9, 26], "rotation": [-20, 2.5, 47.5], "uv": [0, 48]},
						{"origin": [-2, 10, 32], "size": [4, 1, 9], "pivot": [0, 9, 27], "rotation": [22.5, 2.5, 137.5], "uv": [0, 53]},
						{"origin": [-3, 10, 30], "size": [4, 1, 11], "pivot": [0, 9, 28], "rotation": [17.5, 5, -50], "uv": [0, 51]},
						{"origin": [-2, 6, 25], "size": [4, 1, 7], "pivot": [0, 9, 28], "rotation": [-30, 0, 0], "uv": [0, 52]},
						{"origin": [-2, 7, 25], "size": [4, 1, 17], "pivot": [0, 9, 28], "rotation": [-25, 0, 0], "uv": [0, 46]},
						{"origin": [-2, 2, 39], "size": [4, 1, 9], "uv": [0, 54]},
						{"origin": [-3, 3, 39], "size": [6, 11, 3], "uv": [0, 50]},
						{"origin": [-4, 4, 39], "size": [9, 8, 3], "uv": [0, 53]},
						{"origin": [-2, 13, 41], "size": [4, 1, 6], "uv": [0, 57]}
					]
				},
				{
					"name": "lantern",
					"parent": "rod",
					"pivot": [0, 9, -24],
					"cubes": [
						{"origin": [-3, 1, -27], "size": [6, 7, 6], "inflate": -1, "uv": [63, 13]},
						{"origin": [-19, 8, -17], "size": [0, 3, 2], "pivot": [0, 7, 3], "rotation": [0, -45, 0], "uv": [119, 8]},
						{"origin": [19, 8, -17], "size": [0, 3, 2], "pivot": [0, 4, 3], "rotation": [0, 45, 0], "uv": [119, 8]},
						{"origin": [-3, 6, -26], "size": [6, 3, 4], "inflate": -1, "uv": [65, 25]},
						{"origin": [-2, 6, -27], "size": [4, 3, 6], "inflate": -1, "uv": [65, 25]}
					]
				},
				{
					"name": "back",
					"parent": "rod",
					"pivot": [0, 0, 0],
					"locators": {
						"back": [
							0, 10, 30
						]
					}
				}
			]
		},
 {
  		"description": {
				"identifier": "geometry.broomstick_j1",
				"texture_width": 128,
				"texture_height": 128,
				"visible_bounds_width": 7,
				"visible_bounds_height": 3,
				"visible_bounds_offset": [0, 0.5, 0]
			},
			"bones": [
				{
					"name": "rod",
					"pivot": [0, 0, 0],
					"cubes": [
						{"origin": [-2, 8, -9], "size": [4, 4, 26], "uv": [0, 0]},
						{"origin": [-8, 6, 15], "size": [16, 16, 16], "inflate": -5, "uv": [0, 96]},
						{"origin": [0.5, 11.513, -7.5], "size": [1, 0, 1], "uv": [6, 66]},
						{"origin": [-1.5, 11.513, -7.5], "size": [1, 0, 1], "uv": [6, 66]},
						{"origin": [-3, 12, -3], "size": [6, 1, 6], "uv": [100, 55]},
						{"origin": [-2, 7, -1], "size": [4, 1, 2], "uv": [106, 57]},
						{"origin": [2, 8, -1], "size": [1, 4, 2], "uv": [105, 55]},
						{"origin": [1, 19, 5], "size": [6, 1, 10], "inflate": -1, "pivot": [-2, 15, 1], "rotation": [0, 0, 90], "uv": [96, 53]},
						{"origin": [1, 21, 5], "size": [6, 1, 10], "inflate": -1, "pivot": [-2, 15, 1], "rotation": [0, 0, 90], "uv": [96, 53]},
						{"origin": [-9, 21, 7], "size": [3, 1, 8], "inflate": -1, "pivot": [-2, 15, 2], "rotation": [0, 0, -180], "uv": [96, 44]},
						{"origin": [-9, 20, 6], "size": [3, 1, 8], "inflate": -1, "pivot": [-2, 15, 1], "rotation": [0, 0, -180], "uv": [96, 44]},
						{"origin": [-9, 19, 5], "size": [3, 1, 10], "inflate": -1, "pivot": [-2, 15, 1], "rotation": [0, 0, -180], "uv": [99, 53]},
						{"origin": [-3, 8, -1], "size": [1, 4, 2], "uv": [106, 55]},
						{"origin": [-2, 7, -17], "size": [4, 4, 8], "pivot": [0, 7, -1], "rotation": [-7.5, 0, 0], "uv": [0, 0]},
						{"origin": [-2, 10, 15], "size": [4, 4, 8], "pivot": [0, -9, -7], "rotation": [-5, 0, 0], "uv": [0, 52]},
						{"origin": [-2, 23, -4], "size": [4, 1, 4], "pivot": [0, -9, -7], "rotation": [-40, 0, 0], "uv": [5, 49]},
						{"origin": [0, 23, -5], "size": [2, 1, 1], "pivot": [0, -9, -7], "rotation": [-40, 0, 0], "uv": [5, 49]},
						{"origin": [19, 7, 7], "size": [4, 1, 4], "pivot": [0, -9, -7], "rotation": [-40, -5, -90], "uv": [5, 49]},
						{"origin": [19, -26, 7], "size": [4, 1, 4], "pivot": [0, -9, -7], "rotation": [40, -5, -90], "uv": [5, 49]},
						{"origin": [20, -26, 6], "size": [3, 1, 1], "pivot": [0, -9, -7], "rotation": [40, -5, -90], "uv": [5, 49]},
						{"origin": [-2, -13, 20], "size": [4, 1, 4], "pivot": [0, -9, -7], "rotation": [40, 0, 0], "uv": [5, 49]},
						{"origin": [-2, 10, 22], "size": [4, 4, 2], "inflate": 0.2, "pivot": [0, -9, -7], "rotation": [-5, 0, 0], "uv": [104, 93]},
						{"origin": [-3.47, 7.5, 22], "size": [7, 10, 2], "inflate": 0.2, "uv": [102, 87]},
						{"origin": [-2, 10, 15], "size": [4, 4, 1], "inflate": 0.2, "pivot": [0, -9, -7], "rotation": [-5, 0, 0], "uv": [0, 3]},
						{"origin": [-2, 10, 18], "size": [4, 4, 2], "inflate": 0.2, "pivot": [0, -9, -7], "rotation": [-5, 0, 0], "uv": [105, 90]},
						{"origin": [-2, 9, -30], "size": [4, 4, 14], "inflate": -0.1, "pivot": [0, 4, -15], "rotation": [-2.5, 0, 0], "uv": [0, 0]},
						{"origin": [2, 6, -26], "size": [0, 5, 3], "pivot": [0, 4, -15], "rotation": [-2.5, 0, 0], "uv": [64, 112]},
						{"origin": [2.2, 5, -14], "size": [0, 5, 3], "pivot": [0, 4, -15], "rotation": [-2.5, 0, 0], "uv": [64, 112]},
						{"origin": [-2.1, 6, -18], "size": [0, 5, 3], "pivot": [0, 4, -15], "rotation": [-2.5, 0, 0], "uv": [64, 112]},
						{"origin": [-2.1, 4, -5], "size": [0, 7, 3], "pivot": [0, 4, -15], "rotation": [-2.5, 0, 0], "uv": [64, 112]},
						{"origin": [-2.1, 11, -6], "size": [0, 1, 3], "pivot": [0, 4, -15], "rotation": [-2.5, 0, 0], "uv": [64, 112]},
						{"origin": [-2.1, 11, -18], "size": [0, 1, 2], "pivot": [0, 4, -15], "rotation": [-2.5, 0, 0], "uv": [64, 112]},
						{"origin": [2.2, 7, 2], "size": [0, 3, 2], "pivot": [0, 4, -15], "rotation": [-2.5, 0, 0], "uv": [64, 112]},
						{"origin": [2.2, 5, 19], "size": [0, 5, 4], "pivot": [0, 4, -15], "rotation": [-2.5, 0, 0], "uv": [64, 112]},
						{"origin": [2.2, 3, 19.5], "size": [0, 2, 3], "pivot": [0, 4, -15], "rotation": [-2.5, 0, 0], "uv": [74, 122]},
						{"origin": [2.2, 4, 2], "size": [0, 3, 2], "pivot": [0, 4, -15], "rotation": [-2.5, 0, 0], "uv": [70, 118]},
						{"origin": [2.2, 6, 5], "size": [0, 5, 2], "pivot": [0, 4, -15], "rotation": [-2.5, 0, 0], "uv": [74, 116]},
						{"origin": [2.2, 10, -13], "size": [0, 1, 2], "pivot": [0, 4, -15], "rotation": [-2.5, 0, 0], "uv": [64, 112]},
						{"origin": [2, 3, -14], "size": [0, 2, 1], "pivot": [0, 4, -15], "rotation": [-2.5, 0, 0], "uv": [64, 112]},
						{"origin": [1, 4, -22], "size": [5, 6, 5], "inflate": -1.1, "pivot": [0, -1, -15], "rotation": [-2.5, 0, 0], "uv": [59, 63]},
						{"origin": [-7, 3, 5], "size": [7, 8, 7], "inflate": -2.1, "pivot": [-6, -3, 12], "rotation": [-2.5, 0, 0], "uv": [64, 84]},
						{"origin": [-7, 1, -11], "size": [7, 8, 7], "inflate": -2.1, "pivot": [-6, -3, 12], "rotation": [-2.5, 0, 0], "uv": [64, 84]},
						{"origin": [-4, 8, 8.5], "size": [2, 3, 0], "pivot": [-8, -2, 12], "rotation": [-2.5, 0, 0], "uv": [58, 89]},
						{"origin": [-4, 7, -7.5], "size": [2, 3, 0], "pivot": [-8, -2, 12], "rotation": [-2.5, 0, 0], "uv": [58, 89]},
						{"origin": [1.8, 8.8, -19.5], "size": [2, 3, 0], "pivot": [0, 3, -16], "rotation": [-2.5, 0, 0], "uv": [49, 66]},
						{"origin": [-3, 7, 25], "size": [1, 4, 8], "pivot": [0, 9, 28], "rotation": [-5, -25, 0], "uv": [0, 49]},
						{"origin": [-2, 7, 25], "size": [1, 4, 18], "pivot": [0, 9, 28], "rotation": [-5, -20, 0], "uv": [1, 40]},
						{"origin": [2, 7, 25], "size": [1, 4, 10], "pivot": [0, 9, 28], "rotation": [-5, 25, 0], "uv": [0, 49]},
						{"origin": [1, 7, 25], "size": [1, 4, 18], "pivot": [0, 9, 28], "rotation": [-5, 20, 0], "uv": [0, 40]},
						{"origin": [-2, 11, 25], "size": [4, 1, 13], "pivot": [0, 9, 28], "rotation": [25, 0, 0], "uv": [0, 47]},
						{"origin": [-2, 10, 25], "size": [4, 1, 15], "pivot": [0, 9, 28], "rotation": [20, 0, 0], "uv": [0, 46]},
						{"origin": [-2, 10, 27], "size": [4, 1, 13], "pivot": [0, 9, 28], "rotation": [20, 2.5, 47.5], "uv": [0, 48]},
						{"origin": [-2, 11, 29], "size": [4, 1, 17], "pivot": [0, 9, 28], "rotation": [10, 2.5, 47.5], "uv": [0, 46]},
						{"origin": [-2, 14, 39], "size": [4, 1, 8], "pivot": [0, 9, 28], "rotation": [0, 2.5, 95], "uv": [0, 55]},
						{"origin": [-2, 4, 39], "size": [4, 1, 8], "pivot": [0, 9, 12], "rotation": [0, 2.5, 95], "uv": [0, 55]},
						{"origin": [-2, 3, 37], "size": [4, 1, 9], "pivot": [0, 9, 28], "rotation": [0, 2.5, 47.5], "uv": [0, 54]},
						{"origin": [-3, 2, 39], "size": [4, 1, 7], "pivot": [0, 9, 28], "rotation": [0, 0, -45], "uv": [0, 56]},
						{"origin": [-3, 13, 39], "size": [4, 1, 7], "pivot": [0, 9, 28], "rotation": [0, 2.5, -45], "uv": [0, 56]},
						{"origin": [-2, 7, 27], "size": [4, 1, 15], "pivot": [0, 9, 26], "rotation": [-20, 2.5, 47.5], "uv": [0, 48]},
						{"origin": [-2, 10, 32], "size": [4, 1, 9], "pivot": [0, 9, 27], "rotation": [22.5, 2.5, 137.5], "uv": [0, 53]},
						{"origin": [-3, 10, 30], "size": [4, 1, 11], "pivot": [0, 9, 28], "rotation": [17.5, 5, -50], "uv": [0, 51]},
						{"origin": [-2, 6, 25], "size": [4, 1, 7], "pivot": [0, 9, 28], "rotation": [-30, 0, 0], "uv": [0, 52]},
						{"origin": [-2, 7, 25], "size": [4, 1, 17], "pivot": [0, 9, 28], "rotation": [-25, 0, 0], "uv": [0, 46]},
						{"origin": [-2, 2, 39], "size": [4, 1, 9], "uv": [0, 54]},
						{"origin": [-3, 3, 39], "size": [6, 11, 3], "uv": [0, 50]},
						{"origin": [-4, 4, 39], "size": [9, 8, 3], "uv": [0, 53]},
						{"origin": [-2, 13, 41], "size": [4, 1, 6], "uv": [0, 57]}
					]
				},
				{
					"name": "lantern",
					"parent": "rod",
					"pivot": [0, 9, -24],
					"cubes": [
						{"origin": [-3, 1, -27], "size": [6, 7, 6], "inflate": -1, "uv": [63, 13]},
						{"origin": [-19, 8, -17], "size": [0, 3, 2], "pivot": [0, 7, 3], "rotation": [0, -45, 0], "uv": [119, 8]},
						{"origin": [19, 8, -17], "size": [0, 3, 2], "pivot": [0, 4, 3], "rotation": [0, 45, 0], "uv": [119, 8]},
						{"origin": [-3, 6, -26], "size": [6, 3, 4], "inflate": -1, "uv": [65, 25]},
						{"origin": [-2, 6, -27], "size": [4, 3, 6], "inflate": -1, "uv": [65, 25]}
					]
				},
				{
					"name": "back",
					"parent": "rod",
					"pivot": [0, 0, 0],
					"locators": {
						"back": [
							0, 10, 30
						]
					}
				}
			]
		},
		{
			"description": {
				"identifier": "geometry.broomstick_j0",
				"texture_width": 128,
				"texture_height": 128,
				"visible_bounds_width": 7,
				"visible_bounds_height": 3,
				"visible_bounds_offset": [0, 0.5, 0]
			},
			"bones": [
				{
					"name": "rod",
					"pivot": [0, 0, 0],
					"cubes": [
						{"origin": [-2, 8, -9], "size": [4, 4, 26], "uv": [0, 0]},
						{"origin": [0.5, 11.513, -7.5], "size": [1, 0, 1], "uv": [6, 66]},
						{"origin": [-1.5, 11.513, -7.5], "size": [1, 0, 1], "uv": [6, 66]},
						{"origin": [-3, 12, -3], "size": [6, 1, 6], "uv": [100, 55]},
						{"origin": [-2, 7, -1], "size": [4, 1, 2], "uv": [106, 57]},
						{"origin": [2, 8, -1], "size": [1, 4, 2], "uv": [105, 55]},
						{"origin": [1, 19, 5], "size": [6, 1, 10], "inflate": -1, "pivot": [-2, 15, 1], "rotation": [0, 0, 90], "uv": [96, 53]},
						{"origin": [1, 21, 5], "size": [6, 1, 10], "inflate": -1, "pivot": [-2, 15, 1], "rotation": [0, 0, 90], "uv": [96, 53]},
						{"origin": [-9, 21, 7], "size": [3, 1, 8], "inflate": -1, "pivot": [-2, 15, 2], "rotation": [0, 0, -180], "uv": [96, 44]},
						{"origin": [-9, 20, 6], "size": [3, 1, 8], "inflate": -1, "pivot": [-2, 15, 1], "rotation": [0, 0, -180], "uv": [96, 44]},
						{"origin": [-9, 19, 5], "size": [3, 1, 10], "inflate": -1, "pivot": [-2, 15, 1], "rotation": [0, 0, -180], "uv": [99, 53]},
						{"origin": [-3, 8, -1], "size": [1, 4, 2], "uv": [106, 55]},
						{"origin": [-2, 7, -17], "size": [4, 4, 8], "pivot": [0, 7, -1], "rotation": [-7.5, 0, 0], "uv": [0, 0]},
						{"origin": [-2, 10, 15], "size": [4, 4, 8], "pivot": [0, -9, -7], "rotation": [-5, 0, 0], "uv": [0, 52]},
						{"origin": [-2, 23, -4], "size": [4, 1, 4], "pivot": [0, -9, -7], "rotation": [-40, 0, 0], "uv": [5, 49]},
						{"origin": [0, 23, -5], "size": [2, 1, 1], "pivot": [0, -9, -7], "rotation": [-40, 0, 0], "uv": [5, 49]},
						{"origin": [19, 7, 7], "size": [4, 1, 4], "pivot": [0, -9, -7], "rotation": [-40, -5, -90], "uv": [5, 49]},
						{"origin": [19, -26, 7], "size": [4, 1, 4], "pivot": [0, -9, -7], "rotation": [40, -5, -90], "uv": [5, 49]},
						{"origin": [20, -26, 6], "size": [3, 1, 1], "pivot": [0, -9, -7], "rotation": [40, -5, -90], "uv": [5, 49]},
						{"origin": [-2, -13, 20], "size": [4, 1, 4], "pivot": [0, -9, -7], "rotation": [40, 0, 0], "uv": [5, 49]},
						{"origin": [-2, 10, 22], "size": [4, 4, 2], "inflate": 0.2, "pivot": [0, -9, -7], "rotation": [-5, 0, 0], "uv": [104, 93]},
						{"origin": [-2, 10, 15], "size": [4, 4, 1], "inflate": 0.2, "pivot": [0, -9, -7], "rotation": [-5, 0, 0], "uv": [0, 3]},
						{"origin": [-2, 10, 18], "size": [4, 4, 2], "inflate": 0.2, "pivot": [0, -9, -7], "rotation": [-5, 0, 0], "uv": [105, 90]},
						{"origin": [-2, 9, -30], "size": [4, 4, 14], "inflate": -0.1, "pivot": [0, 4, -15], "rotation": [-2.5, 0, 0], "uv": [0, 0]},
						{"origin": [-3, 7, 25], "size": [1, 4, 8], "pivot": [0, 9, 28], "rotation": [-5, -25, 0], "uv": [0, 49]},
						{"origin": [-2, 7, 25], "size": [1, 4, 18], "pivot": [0, 9, 28], "rotation": [-5, -20, 0], "uv": [1, 40]},
						{"origin": [2, 7, 25], "size": [1, 4, 10], "pivot": [0, 9, 28], "rotation": [-5, 25, 0], "uv": [0, 49]},
						{"origin": [1, 7, 25], "size": [1, 4, 18], "pivot": [0, 9, 28], "rotation": [-5, 20, 0], "uv": [0, 40]},
						{"origin": [-2, 11, 25], "size": [4, 1, 13], "pivot": [0, 9, 28], "rotation": [25, 0, 0], "uv": [0, 47]},
						{"origin": [-2, 10, 25], "size": [4, 1, 15], "pivot": [0, 9, 28], "rotation": [20, 0, 0], "uv": [0, 46]},
						{"origin": [-2, 10, 27], "size": [4, 1, 13], "pivot": [0, 9, 28], "rotation": [20, 2.5, 47.5], "uv": [0, 48]},
						{"origin": [-2, 11, 29], "size": [4, 1, 17], "pivot": [0, 9, 28], "rotation": [10, 2.5, 47.5], "uv": [0, 46]},
						{"origin": [-2, 14, 39], "size": [4, 1, 8], "pivot": [0, 9, 28], "rotation": [0, 2.5, 95], "uv": [0, 55]},
						{"origin": [-2, 4, 39], "size": [4, 1, 8], "pivot": [0, 9, 12], "rotation": [0, 2.5, 95], "uv": [0, 55]},
						{"origin": [-2, 3, 37], "size": [4, 1, 9], "pivot": [0, 9, 28], "rotation": [0, 2.5, 47.5], "uv": [0, 54]},
						{"origin": [-3, 2, 39], "size": [4, 1, 7], "pivot": [0, 9, 28], "rotation": [0, 0, -45], "uv": [0, 56]},
						{"origin": [-3, 13, 39], "size": [4, 1, 7], "pivot": [0, 9, 28], "rotation": [0, 2.5, -45], "uv": [0, 56]},
						{"origin": [-2, 7, 27], "size": [4, 1, 15], "pivot": [0, 9, 26], "rotation": [-20, 2.5, 47.5], "uv": [0, 48]},
						{"origin": [-2, 10, 32], "size": [4, 1, 9], "pivot": [0, 9, 27], "rotation": [22.5, 2.5, 137.5], "uv": [0, 53]},
						{"origin": [-3, 10, 30], "size": [4, 1, 11], "pivot": [0, 9, 28], "rotation": [17.5, 5, -50], "uv": [0, 51]},
						{"origin": [-2, 6, 25], "size": [4, 1, 7], "pivot": [0, 9, 28], "rotation": [-30, 0, 0], "uv": [0, 52]},
						{"origin": [-2, 7, 25], "size": [4, 1, 17], "pivot": [0, 9, 28], "rotation": [-25, 0, 0], "uv": [0, 46]},
						{"origin": [-2, 2, 39], "size": [4, 1, 9], "uv": [0, 54]},
						{"origin": [-3, 3, 39], "size": [6, 11, 3], "uv": [0, 50]},
						{"origin": [-4, 4, 39], "size": [9, 8, 3], "uv": [0, 53]},
						{"origin": [-2, 13, 41], "size": [4, 1, 6], "uv": [0, 57]}
					]
				},
				{
					"name": "lantern",
					"parent": "rod",
					"pivot": [0, 9, -24],
					"cubes": [
						{"origin": [-3, 1, -27], "size": [6, 7, 6], "inflate": -1, "uv": [63, 13]},
						{"origin": [-19, 8, -17], "size": [0, 3, 2], "pivot": [0, 7, 3], "rotation": [0, -45, 0], "uv": [119, 8]},
						{"origin": [19, 8, -17], "size": [0, 3, 2], "pivot": [0, 4, 3], "rotation": [0, 45, 0], "uv": [119, 8]},
						{"origin": [-3, 6, -26], "size": [6, 3, 4], "inflate": -1, "uv": [65, 25]},
						{"origin": [-2, 6, -27], "size": [4, 3, 6], "inflate": -1, "uv": [65, 25]}
					]
				},
				{
					"name": "back",
					"parent": "rod",
					"pivot": [0, 0, 0],
					"locators": {
						"back": [
							0, 10, 30
						]
					}
				}
			]
		}
 ]
 }
