{
	"format_version": "1.12.0",
	"minecraft:geometry": [
		{
			"description": {
				"identifier": "geometry.broomstick_s3",
				"texture_width": 128,
				"texture_height": 128,
				"visible_bounds_width": 7,
				"visible_bounds_height": 3,
				"visible_bounds_offset": [0, 0.5, 0]
			},
			"bones": [
				{
					"name": "rod",
					"pivot": [0, 0, 0],
					"cubes": [
						{"origin": [-0.8, -1, -14], "size": [0, 14, 14], "inflate": -3, "pivot": [0, 6, -7], "rotation": [152.5, 0, 0], "uv": [65, 67]},
						{"origin": [-0.8, -1, -12], "size": [0, 14, 14], "inflate": -3, "pivot": [0, 6, -5], "rotation": [165, 0, -2.5], "uv": [65, 67]},
						{"origin": [-2, 8, -9], "size": [4, 4, 26], "uv": [0, 0]},
						{"origin": [-6, 8, -9], "size": [12, 12, 0], "inflate": -2, "uv": [66, 53]},
						{"origin": [-6, 9, -28], "size": [12, 12, 0], "inflate": -3, "uv": [66, 53]},
						{"origin": [-9, 9, -25], "size": [12, 12, 0], "inflate": -3, "pivot": [-3, 16, -25], "rotation": [0, 90, 0], "uv": [66, 53]},
						{"origin": [-7, 7, 9], "size": [16, 17, 0], "inflate": -4, "uv": [96, 24]},
						{"origin": [-2, 7, 10], "size": [16, 17, 0], "inflate": -4, "pivot": [4, 14, 11], "rotation": [0, -90, 0], "uv": [96, 24]},
						{"origin": [-8, 8, -7], "size": [12, 12, 0], "inflate": -2, "pivot": [-2, 15, -7], "rotation": [0, 90, 0], "uv": [66, 53]},
						{"origin": [-2, 12, 6], "size": [4, 1, 4], "uv": [12, 108]},
						{"origin": [-7, 19.3, 18], "size": [15, 0, 15], "inflate": -4, "pivot": [0, 19, 25], "rotation": [0, 37.5, 2.5], "uv": [60, 112]},
						{"origin": [0, 12, 10], "size": [2, 1, 2], "uv": [0, 108]},
						{"origin": [-2, 12, 10], "size": [2, 0.7, 2], "uv": [0, 108]},
						{"origin": [-2, 12, 12], "size": [1, 0.7, 2], "uv": [14, 112]},
						{"origin": [-1, 12, 12], "size": [3, 0.5, 3], "uv": [0, 108]},
						{"origin": [2, 11, 11], "size": [3, 0.5, 2], "uv": [0, 108]},
						{"origin": [2, 11, 7], "size": [2, 0.5, 4], "uv": [15, 112]},
						{"origin": [3, 11, 13], "size": [2, 0.3, 1], "uv": [0, 108]},
						{"origin": [3, 11, 6], "size": [2, 0.3, 2], "uv": [13, 112]},
						{"origin": [2, 11, 6], "size": [1, 0.2, 1], "uv": [13, 112]},
						{"origin": [3, 11, 8], "size": [2, 0.5, 1], "uv": [13, 112]},
						{"origin": [2, 11, 13], "size": [1, 0.4, 1], "uv": [0, 108]},
						{"origin": [4, 11, 9], "size": [1, 0.7, 2], "uv": [0, 108]},
						{"origin": [3, 11, 8], "size": [1, 0.8, 3], "uv": [14, 110]},
						{"origin": [-2, 12, 14], "size": [4, 0.3, 4], "uv": [11, 110]},
						{"origin": [0, 12, 5], "size": [2, 0.8, 1], "uv": [0, 108]},
						{"origin": [-2, 12, 5], "size": [4, 0.6, 1], "uv": [0, 108]},
						{"origin": [-1.3, 12, 4], "size": [3, 0.6, 1], "uv": [0, 108]},
						{"origin": [-2, 12, 1], "size": [4, 0.4, 4], "uv": [0, 108]},
						{"origin": [-2, 12, -5], "size": [4, 0.4, 3], "uv": [0, 108]},
						{"origin": [-2, 12, -9], "size": [4, 0.7, 3], "uv": [0, 108]},
						{"origin": [-2, 12, -6], "size": [3, 0.7, 1], "uv": [0, 108]},
						{"origin": [-2, 12, -7], "size": [4, 0.4, 3], "uv": [0, 108]},
						{"origin": [-3, 8, 21], "size": [6, 11, 6], "inflate": -1, "pivot": [1, 13, 24], "rotation": [90, 70, 0], "uv": [30, 79]},
						{"origin": [0, 9, 18], "size": [4, 9, 5], "inflate": -0.5, "pivot": [2, 13, 21], "rotation": [90, -155, 0], "uv": [28, 64]},
						{"origin": [-6, 11, 18], "size": [8, 6, 6], "inflate": -1, "pivot": [0, 16, 21], "rotation": [0, -15, 0], "uv": [0, 76]},
						{"origin": [-4, 11.5, 17], "size": [4, 2, 3], "inflate": -0.5, "pivot": [-2, 16, 20], "rotation": [0, -15, 0], "uv": [0, 88]},
						{"origin": [-5, 16, 19], "size": [2, 2, 1], "pivot": [-4, 16, 21], "rotation": [0, -15, 0], "uv": [0, 64]},
						{"origin": [-1, 16, 20], "size": [2, 2, 1], "pivot": [0, 16, 21], "rotation": [0, -15, 0], "uv": [22, 64]},
						{"origin": [-3, 12, -3], "size": [6, 1, 6], "uv": [100, 55]},
						{"origin": [-2, 7, -1], "size": [4, 1, 2], "uv": [106, 57]},
						{"origin": [2, 8, -1], "size": [1, 4, 2], "uv": [105, 55]},
						{"origin": [2, 8, -9.5], "size": [1, 2, 4], "uv": [40, 17]},
						{"origin": [1, 19, 5], "size": [6, 1, 10], "inflate": -1, "pivot": [-2, 15, 1], "rotation": [0, 0, 90], "uv": [96, 53]},
						{"origin": [1, 21, 5], "size": [6, 1, 10], "inflate": -1, "pivot": [-2, 15, 1], "rotation": [0, 0, 90], "uv": [96, 53]},
						{"origin": [-9, 21, 6], "size": [3, 1, 8], "inflate": -1, "pivot": [-2, 15, 1], "rotation": [0, 0, -180], "uv": [96, 44]},
						{"origin": [-9, 20, 6], "size": [3, 1, 8], "inflate": -1, "pivot": [-2, 15, 1], "rotation": [0, 0, -180], "uv": [96, 44]},
						{"origin": [-9, 19, 5], "size": [3, 1, 10], "inflate": -1, "pivot": [-2, 15, 1], "rotation": [0, 0, -180], "uv": [97, 53]},
						{"origin": [-3, 8, -1], "size": [1, 4, 2], "uv": [106, 55]},
						{"origin": [-2, 7, -17], "size": [4, 4, 8], "pivot": [0, 7, -1], "rotation": [-7.5, 0, 0], "uv": [0, 0]},
						{"origin": [-2, 11, -17], "size": [4, 0.5, 8], "pivot": [0, 7, -1], "rotation": [-7.5, 0, 0], "uv": [1, 119]},
						{"origin": [-1, 11.5, -17], "size": [2, 0.4, 4], "pivot": [0, 7, -1], "rotation": [-7.5, 0, 0], "uv": [1, 119]},
						{"origin": [-2, 10, 15], "size": [4, 4, 8], "pivot": [0, -9, -7], "rotation": [-5, 0, 0], "uv": [0, 52]},
						{"origin": [-2, 23, -4], "size": [4, 1, 4], "pivot": [0, -9, -7], "rotation": [-40, 0, 0], "uv": [5, 49]},
						{"origin": [0, 23, -5], "size": [2, 1, 1], "pivot": [0, -9, -7], "rotation": [-40, 0, 0], "uv": [5, 49]},
						{"origin": [19, 7, 7], "size": [4, 1, 4], "pivot": [0, -9, -7], "rotation": [-40, -5, -90], "uv": [5, 49]},
						{"origin": [19, -26, 7], "size": [4, 1, 4], "pivot": [0, -9, -7], "rotation": [40, -5, -90], "uv": [5, 49]},
						{"origin": [20, -26, 6], "size": [3, 1, 1], "pivot": [0, -9, -7], "rotation": [40, -5, -90], "uv": [5, 49]},
						{"origin": [-2, -13, 20], "size": [4, 1, 4], "pivot": [0, -9, -7], "rotation": [40, 0, 0], "uv": [5, 49]},
						{"origin": [-2, 10, 22], "size": [4, 4, 2], "inflate": 0.2, "pivot": [0, -9, -7], "rotation": [-5, 0, 0], "uv": [0, 4]},
						{"origin": [-2, 10, 15], "size": [4, 4, 1], "inflate": 0.2, "pivot": [0, -9, -7], "rotation": [-5, 0, 0], "uv": [0, 3]},
						{"origin": [-2, 10, 18], "size": [4, 4, 2], "inflate": 0.2, "pivot": [0, -9, -7], "rotation": [-5, 0, 0], "uv": [0, 3]},
						{"origin": [-2, 9, -30], "size": [4, 4, 14], "inflate": -0.1, "pivot": [0, 4, -15], "rotation": [-2.5, 0, 0], "uv": [0, 0]},
						{"origin": [-2, 12.8, -22], "size": [4, 1, 6], "inflate": -0.1, "pivot": [0, 5, -15], "rotation": [-2.5, 0, 0], "uv": [5, 112]},
						{"origin": [0, 12.8, -23], "size": [2, 1, 2], "inflate": -0.1, "pivot": [0, 5, -15], "rotation": [-2.5, 0, 0], "uv": [5, 112]},
						{"origin": [-2, 12.8, -25], "size": [4, 0.8, 4], "inflate": -0.1, "pivot": [0, 5, -15], "rotation": [-2.5, 0, 0], "uv": [0, 113]},
						{"origin": [-2, 12.8, -30], "size": [4, 0.6, 6], "inflate": -0.1, "pivot": [0, 5, -15], "rotation": [-2.5, 0, 0], "uv": [0, 113]},
						{"origin": [-3, 7, 25], "size": [1, 4, 8], "pivot": [0, 9, 28], "rotation": [-5, -25, 0], "uv": [0, 49]},
						{"origin": [-2, 7, 25], "size": [1, 4, 18], "pivot": [0, 9, 28], "rotation": [-5, -20, 0], "uv": [0, 38]},
						{"origin": [2, 7, 25], "size": [1, 4, 10], "pivot": [0, 9, 28], "rotation": [-5, 25, 0], "uv": [0, 49]},
						{"origin": [1, 7, 25], "size": [1, 4, 18], "pivot": [0, 9, 28], "rotation": [-5, 20, 0], "uv": [0, 40]},
						{"origin": [-2, 11, 25], "size": [4, 1, 13], "pivot": [0, 9, 28], "rotation": [25, 0, 0], "uv": [0, 48]},
						{"origin": [-2, 10, 25], "size": [4, 1, 15], "pivot": [0, 9, 28], "rotation": [20, 0, 0], "uv": [0, 46]},
						{"origin": [-2, 10, 27], "size": [4, 1, 13], "pivot": [0, 9, 28], "rotation": [20, 2.5, 47.5], "uv": [0, 48]},
						{"origin": [-2, 11, 29], "size": [4, 1, 17], "pivot": [0, 9, 28], "rotation": [10, 2.5, 47.5], "uv": [0, 46]},
						{"origin": [-2, 14, 39], "size": [4, 1, 8], "pivot": [0, 9, 28], "rotation": [0, 2.5, 95], "uv": [0, 55]},
						{"origin": [-2, 4, 39], "size": [4, 1, 8], "pivot": [0, 9, 12], "rotation": [0, 2.5, 95], "uv": [0, 55]},
						{"origin": [-2, 3, 37], "size": [4, 1, 9], "pivot": [0, 9, 28], "rotation": [0, 2.5, 47.5], "uv": [0, 54]},
						{"origin": [-3, 2, 39], "size": [4, 1, 7], "pivot": [0, 9, 28], "rotation": [0, 0, -45], "uv": [0, 56]},
						{"origin": [-3, 13, 39], "size": [4, 1, 7], "pivot": [0, 9, 28], "rotation": [0, 2.5, -45], "uv": [0, 56]},
						{"origin": [-2, 7, 27], "size": [4, 1, 15], "pivot": [0, 9, 26], "rotation": [-20, 2.5, 47.5], "uv": [0, 48]},
						{"origin": [-2, 10, 32], "size": [4, 1, 9], "pivot": [0, 9, 27], "rotation": [22.5, 2.5, 137.5], "uv": [0, 53]},
						{"origin": [-3, 10, 30], "size": [4, 1, 11], "pivot": [0, 9, 28], "rotation": [17.5, 5, -50], "uv": [0, 51]},
						{"origin": [-2, 6, 25], "size": [4, 1, 7], "pivot": [0, 9, 28], "rotation": [-30, 0, 0], "uv": [0, 52]},
						{"origin": [-2, 7, 25], "size": [4, 1, 17], "pivot": [0, 9, 28], "rotation": [-25, 0, 0], "uv": [0, 46]},
						{"origin": [-2, 2, 39], "size": [4, 1, 9], "uv": [0, 54]},
						{"origin": [-3, 3, 39], "size": [6, 11, 3], "uv": [0, 50]},
						{"origin": [-4, 4, 39], "size": [9, 8, 3], "uv": [0, 53]},
						{"origin": [-2, 13, 41], "size": [4, 1, 6], "uv": [0, 57]}
					]
				},
				{
					"name": "lantern",
					"parent": "rod",
					"pivot": [0, 9, -24],
					"cubes": [
						{"origin": [-3, 1, -27], "size": [6, 7, 6], "inflate": -1, "uv": [63, 13]},
						{"origin": [-19, 8, -17], "size": [0, 3, 2], "pivot": [0, 7, 3], "rotation": [0, -45, 0], "uv": [119, 8]},
						{"origin": [19, 8, -17], "size": [0, 3, 2], "pivot": [0, 4, 3], "rotation": [0, 45, 0], "uv": [119, 8]},
						{"origin": [-3, 6, -26], "size": [6, 3, 4], "inflate": -1, "uv": [65, 25]},
						{"origin": [-2, 6, -27], "size": [4, 3, 6], "inflate": -1, "uv": [65, 25]}
					]
				},
				{
					"name": "back",
					"parent": "rod",
					"pivot": [0, 0, 0],
					"locators": {
						"back": [
							0, 10, 30
						]
					}
				}
			]
		},
		{
			"description": {
				"identifier": "geometry.broomstick_s2",
				"texture_width": 128,
				"texture_height": 128,
				"visible_bounds_width": 7,
				"visible_bounds_height": 3,
				"visible_bounds_offset": [0, 0.5, 0]
			},
			"bones": [
				{
					"name": "rod",
					"pivot": [0, 0, 0],
					"cubes": [
						{"origin": [-2, 8, -9], "size": [4, 4, 26], "uv": [0, 0]},
						{"origin": [-6, 8, -9], "size": [12, 12, 0], "inflate": -2, "uv": [66, 53]},
						{"origin": [-6, 9, -28], "size": [12, 12, 0], "inflate": -3, "uv": [66, 53]},
						{"origin": [-9, 9, -25], "size": [12, 12, 0], "inflate": -3, "pivot": [-3, 16, -25], "rotation": [0, 90, 0], "uv": [66, 53]},
						{"origin": [-8, 6, 9], "size": [16, 17, 0], "inflate": -4, "uv": [96, 24]},
						{"origin": [-3, 7, 10], "size": [16, 17, 0], "inflate": -4, "pivot": [3, 14, 11], "rotation": [0, -90, 0], "uv": [96, 24]},
						{"origin": [-8, 8, -7], "size": [12, 12, 0], "inflate": -2, "pivot": [-2, 15, -7], "rotation": [0, 90, 0], "uv": [66, 53]},
						{"origin": [-7, 19.3, 18], "size": [15, 0, 15], "inflate": -4, "pivot": [0, 19, 25], "rotation": [0, 37.5, 2.5], "uv": [60, 112]},
						{"origin": [-3, 8, 21], "size": [6, 11, 6], "inflate": -1, "pivot": [1, 13, 24], "rotation": [90, 70, 0], "uv": [30, 79]},
						{"origin": [0, 9, 18], "size": [4, 9, 5], "inflate": -0.5, "pivot": [2, 13, 21], "rotation": [90, -155, 0], "uv": [28, 64]},
						{"origin": [-6, 11, 18], "size": [8, 6, 6], "inflate": -1, "pivot": [0, 16, 21], "rotation": [0, -15, 0], "uv": [0, 76]},
						{"origin": [-4, 11.5, 17], "size": [4, 2, 3], "inflate": -0.5, "pivot": [-2, 16, 20], "rotation": [0, -15, 0], "uv": [0, 88]},
						{"origin": [-5, 16, 19], "size": [2, 2, 1], "pivot": [-4, 16, 21], "rotation": [0, -15, 0], "uv": [0, 64]},
						{"origin": [-1, 16, 20], "size": [2, 2, 1], "pivot": [0, 16, 21], "rotation": [0, -15, 0], "uv": [22, 64]},
						{"origin": [-3, 12, -3], "size": [6, 1, 6], "uv": [100, 55]},
						{"origin": [-2, 7, -1], "size": [4, 1, 2], "uv": [106, 57]},
						{"origin": [2, 8, -1], "size": [1, 4, 2], "uv": [105, 55]},
						{"origin": [1, 19, 5], "size": [6, 1, 10], "inflate": -1, "pivot": [-2, 15, 1], "rotation": [0, 0, 90], "uv": [96, 53]},
						{"origin": [1, 21, 5], "size": [6, 1, 10], "inflate": -1, "pivot": [-2, 15, 1], "rotation": [0, 0, 90], "uv": [96, 53]},
						{"origin": [-9, 21, 6], "size": [3, 1, 8], "inflate": -1, "pivot": [-2, 15, 1], "rotation": [0, 0, -180], "uv": [96, 44]},
						{"origin": [-9, 20, 6], "size": [3, 1, 8], "inflate": -1, "pivot": [-2, 15, 1], "rotation": [0, 0, -180], "uv": [96, 44]},
						{"origin": [-9, 19, 5], "size": [3, 1, 10], "inflate": -1, "pivot": [-2, 15, 1], "rotation": [0, 0, -180], "uv": [97, 53]},
						{"origin": [-3, 8, -1], "size": [1, 4, 2], "uv": [106, 55]},
						{"origin": [-2, 7, -17], "size": [4, 4, 8], "pivot": [0, 7, -1], "rotation": [-7.5, 0, 0], "uv": [0, 0]},
						{"origin": [-2, 10, 15], "size": [4, 4, 8], "pivot": [0, -9, -7], "rotation": [-5, 0, 0], "uv": [0, 52]},
						{"origin": [-2, 23, -4], "size": [4, 1, 4], "pivot": [0, -9, -7], "rotation": [-40, 0, 0], "uv": [5, 49]},
						{"origin": [0, 23, -5], "size": [2, 1, 1], "pivot": [0, -9, -7], "rotation": [-40, 0, 0], "uv": [5, 49]},
						{"origin": [19, 7, 7], "size": [4, 1, 4], "pivot": [0, -9, -7], "rotation": [-40, -5, -90], "uv": [5, 49]},
						{"origin": [19, -26, 7], "size": [4, 1, 4], "pivot": [0, -9, -7], "rotation": [40, -5, -90], "uv": [5, 49]},
						{"origin": [20, -26, 6], "size": [3, 1, 1], "pivot": [0, -9, -7], "rotation": [40, -5, -90], "uv": [5, 49]},
						{"origin": [-2, -13, 20], "size": [4, 1, 4], "pivot": [0, -9, -7], "rotation": [40, 0, 0], "uv": [5, 49]},
						{"origin": [-2, 10, 22], "size": [4, 4, 2], "inflate": 0.2, "pivot": [0, -9, -7], "rotation": [-5, 0, 0], "uv": [0, 4]},
						{"origin": [-2, 10, 15], "size": [4, 4, 1], "inflate": 0.2, "pivot": [0, -9, -7], "rotation": [-5, 0, 0], "uv": [0, 3]},
						{"origin": [-2, 10, 18], "size": [4, 4, 2], "inflate": 0.2, "pivot": [0, -9, -7], "rotation": [-5, 0, 0], "uv": [0, 3]},
						{"origin": [-2, 9, -30], "size": [4, 4, 14], "inflate": -0.1, "pivot": [0, 4, -15], "rotation": [-2.5, 0, 0], "uv": [0, 0]},
						{"origin": [-3, 7, 25], "size": [1, 4, 8], "pivot": [0, 9, 28], "rotation": [-5, -25, 0], "uv": [0, 49]},
						{"origin": [-2, 7, 25], "size": [1, 4, 18], "pivot": [0, 9, 28], "rotation": [-5, -20, 0], "uv": [0, 38]},
						{"origin": [2, 7, 25], "size": [1, 4, 10], "pivot": [0, 9, 28], "rotation": [-5, 25, 0], "uv": [0, 49]},
						{"origin": [1, 7, 25], "size": [1, 4, 18], "pivot": [0, 9, 28], "rotation": [-5, 20, 0], "uv": [0, 40]},
						{"origin": [-2, 11, 25], "size": [4, 1, 13], "pivot": [0, 9, 28], "rotation": [25, 0, 0], "uv": [0, 48]},
						{"origin": [-2, 10, 25], "size": [4, 1, 15], "pivot": [0, 9, 28], "rotation": [20, 0, 0], "uv": [0, 46]},
						{"origin": [-2, 10, 27], "size": [4, 1, 13], "pivot": [0, 9, 28], "rotation": [20, 2.5, 47.5], "uv": [0, 48]},
						{"origin": [-2, 11, 29], "size": [4, 1, 17], "pivot": [0, 9, 28], "rotation": [10, 2.5, 47.5], "uv": [0, 46]},
						{"origin": [-2, 14, 39], "size": [4, 1, 8], "pivot": [0, 9, 28], "rotation": [0, 2.5, 95], "uv": [0, 55]},
						{"origin": [-2, 4, 39], "size": [4, 1, 8], "pivot": [0, 9, 12], "rotation": [0, 2.5, 95], "uv": [0, 55]},
						{"origin": [-2, 3, 37], "size": [4, 1, 9], "pivot": [0, 9, 28], "rotation": [0, 2.5, 47.5], "uv": [0, 54]},
						{"origin": [-3, 2, 39], "size": [4, 1, 7], "pivot": [0, 9, 28], "rotation": [0, 0, -45], "uv": [0, 56]},
						{"origin": [-3, 13, 39], "size": [4, 1, 7], "pivot": [0, 9, 28], "rotation": [0, 2.5, -45], "uv": [0, 56]},
						{"origin": [-2, 7, 27], "size": [4, 1, 15], "pivot": [0, 9, 26], "rotation": [-20, 2.5, 47.5], "uv": [0, 48]},
						{"origin": [-2, 10, 32], "size": [4, 1, 9], "pivot": [0, 9, 27], "rotation": [22.5, 2.5, 137.5], "uv": [0, 53]},
						{"origin": [-3, 10, 30], "size": [4, 1, 11], "pivot": [0, 9, 28], "rotation": [17.5, 5, -50], "uv": [0, 51]},
						{"origin": [-2, 6, 25], "size": [4, 1, 7], "pivot": [0, 9, 28], "rotation": [-30, 0, 0], "uv": [0, 52]},
						{"origin": [-2, 7, 25], "size": [4, 1, 17], "pivot": [0, 9, 28], "rotation": [-25, 0, 0], "uv": [0, 46]},
						{"origin": [-2, 2, 39], "size": [4, 1, 9], "uv": [0, 54]},
						{"origin": [-3, 3, 39], "size": [6, 11, 3], "uv": [0, 50]},
						{"origin": [-4, 4, 39], "size": [9, 8, 3], "uv": [0, 53]},
						{"origin": [-2, 13, 41], "size": [4, 1, 6], "uv": [0, 57]}
					]
				},
				{
					"name": "lantern",
					"parent": "rod",
					"pivot": [0, 9, -24],
					"cubes": [
						{"origin": [-3, 1, -27], "size": [6, 7, 6], "inflate": -1, "uv": [63, 13]},
						{"origin": [-19, 8, -17], "size": [0, 3, 2], "pivot": [0, 7, 3], "rotation": [0, -45, 0], "uv": [119, 8]},
						{"origin": [19, 8, -17], "size": [0, 3, 2], "pivot": [0, 4, 3], "rotation": [0, 45, 0], "uv": [119, 8]},
						{"origin": [-3, 6, -26], "size": [6, 3, 4], "inflate": -1, "uv": [65, 25]},
						{"origin": [-2, 6, -27], "size": [4, 3, 6], "inflate": -1, "uv": [65, 25]}
					]
				},
				{
					"name": "back",
					"parent": "rod",
					"pivot": [0, 0, 0],
					"locators": {
						"back": [
							0, 10, 30
						]
					}
				}
			]
		},
		{
			"description": {
				"identifier": "geometry.broomstick_s1",
				"texture_width": 128,
				"texture_height": 128,
				"visible_bounds_width": 7,
				"visible_bounds_height": 3,
				"visible_bounds_offset": [0, 0.5, 0]
			},
			"bones": [
				{
					"name": "rod",
					"pivot": [0, 0, 0],
					"cubes": [
						{"origin": [-0.8, -1, -14], "size": [0, 14, 14], "inflate": -3, "pivot": [0, 6, -7], "rotation": [152.5, 0, 0], "uv": [65, 67]},
						{"origin": [-0.8, -1, -12], "size": [0, 14, 14], "inflate": -3, "pivot": [0, 6, -5], "rotation": [165, 0, -2.5], "uv": [65, 67]},
						{"origin": [-2, 8, -9], "size": [4, 4, 26], "uv": [0, 0]},
						{"origin": [-2, 12, 6], "size": [4, 1, 4], "uv": [12, 108]},
						{"origin": [0, 12, 10], "size": [2, 1, 2], "uv": [0, 108]},
						{"origin": [0, 12.5, 20], "size": [2, 1, 2], "pivot": [0, 0, 10], "rotation": [-5, 0, 0], "uv": [0, 108]},
						{"origin": [-2, 12.5, 20], "size": [4, 0.8, 4], "pivot": [0, 0, 10], "rotation": [-5, 0, 0], "uv": [0, 108]},
						{"origin": [-2, 12.5, 20], "size": [4, 0.8, 5], "pivot": [0, 0, 10], "rotation": [-5, 0, 0], "uv": [0, 108]},
						{"origin": [-2, 12.5, 18], "size": [1, 0.8, 2], "pivot": [0, 0, 10], "rotation": [-5, 0, 0], "uv": [0, 108]},
						{"origin": [-2, 12, 10], "size": [2, 0.7, 2], "uv": [0, 108]},
						{"origin": [-2, 12, 12], "size": [1, 0.7, 2], "uv": [14, 112]},
						{"origin": [-1, 12, 12], "size": [3, 0.5, 3], "uv": [0, 108]},
						{"origin": [-1, 12.3, 18], "size": [3, 0.5, 3], "pivot": [0, 0, 6], "rotation": [-2.5, 0, 0], "uv": [0, 108]},
						{"origin": [2, 11, 11], "size": [3, 0.5, 2], "uv": [0, 108]},
						{"origin": [2, 11, 7], "size": [2, 0.5, 4], "uv": [15, 112]},
						{"origin": [3, 11, 13], "size": [2, 0.3, 1], "uv": [0, 108]},
						{"origin": [3, 11, 6], "size": [2, 0.3, 2], "uv": [13, 112]},
						{"origin": [2, 11, 6], "size": [1, 0.2, 1], "uv": [13, 112]},
						{"origin": [3, 11, 8], "size": [2, 0.5, 1], "uv": [13, 112]},
						{"origin": [2, 11, 13], "size": [1, 0.4, 1], "uv": [0, 108]},
						{"origin": [4, 11, 9], "size": [1, 0.7, 2], "uv": [0, 108]},
						{"origin": [3, 11, 8], "size": [1, 0.8, 3], "uv": [14, 110]},
						{"origin": [-2, 12, 14], "size": [4, 0.3, 4], "uv": [11, 110]},
						{"origin": [0, 12, 5], "size": [2, 0.8, 1], "uv": [0, 108]},
						{"origin": [-2, 12, 5], "size": [4, 0.6, 1], "uv": [0, 108]},
						{"origin": [-1.3, 12, 4], "size": [3, 0.6, 1], "uv": [0, 108]},
						{"origin": [-2, 12, 1], "size": [4, 0.4, 4], "uv": [0, 108]},
						{"origin": [-2, 12, -5], "size": [4, 0.4, 3], "uv": [0, 108]},
						{"origin": [-2, 12, -9], "size": [4, 0.7, 3], "uv": [0, 108]},
						{"origin": [-2, 12, -6], "size": [3, 0.7, 1], "uv": [0, 108]},
						{"origin": [-2, 12, -7], "size": [4, 0.4, 3], "uv": [0, 108]},
						{"origin": [-3, 12, -3], "size": [6, 1, 6], "uv": [100, 55]},
						{"origin": [-2, 7, -1], "size": [4, 1, 2], "uv": [106, 57]},
						{"origin": [2, 8, -1], "size": [1, 4, 2], "uv": [105, 55]},
						{"origin": [2, 8, -9.5], "size": [1, 2, 4], "uv": [40, 17]},
						{"origin": [1, 19, 5], "size": [6, 1, 10], "inflate": -1, "pivot": [-2, 15, 1], "rotation": [0, 0, 90], "uv": [96, 53]},
						{"origin": [1, 21, 5], "size": [6, 1, 10], "inflate": -1, "pivot": [-2, 15, 1], "rotation": [0, 0, 90], "uv": [96, 53]},
						{"origin": [-9, 21, 6], "size": [3, 1, 8], "inflate": -1, "pivot": [-2, 15, 1], "rotation": [0, 0, -180], "uv": [96, 44]},
						{"origin": [-9, 20, 6], "size": [3, 1, 8], "inflate": -1, "pivot": [-2, 15, 1], "rotation": [0, 0, -180], "uv": [96, 44]},
						{"origin": [-9, 19, 5], "size": [3, 1, 10], "inflate": -1, "pivot": [-2, 15, 1], "rotation": [0, 0, -180], "uv": [97, 53]},
						{"origin": [-3, 8, -1], "size": [1, 4, 2], "uv": [106, 55]},
						{"origin": [-2, 7, -17], "size": [4, 4, 8], "pivot": [0, 7, -1], "rotation": [-7.5, 0, 0], "uv": [0, 0]},
						{"origin": [-2, 11, -17], "size": [4, 0.5, 8], "pivot": [0, 7, -1], "rotation": [-7.5, 0, 0], "uv": [1, 119]},
						{"origin": [-1, 11.5, -17], "size": [2, 0.4, 4], "pivot": [0, 7, -1], "rotation": [-7.5, 0, 0], "uv": [1, 119]},
						{"origin": [-2, 10, 15], "size": [4, 4, 8], "pivot": [0, -9, -7], "rotation": [-5, 0, 0], "uv": [0, 52]},
						{"origin": [-2, 23, -4], "size": [4, 1, 4], "pivot": [0, -9, -7], "rotation": [-40, 0, 0], "uv": [5, 49]},
						{"origin": [0, 23, -5], "size": [2, 1, 1], "pivot": [0, -9, -7], "rotation": [-40, 0, 0], "uv": [5, 49]},
						{"origin": [19, 7, 7], "size": [4, 1, 4], "pivot": [0, -9, -7], "rotation": [-40, -5, -90], "uv": [5, 49]},
						{"origin": [19, -26, 7], "size": [4, 1, 4], "pivot": [0, -9, -7], "rotation": [40, -5, -90], "uv": [5, 49]},
						{"origin": [20, -26, 6], "size": [3, 1, 1], "pivot": [0, -9, -7], "rotation": [40, -5, -90], "uv": [5, 49]},
						{"origin": [-2, -13, 20], "size": [4, 1, 4], "pivot": [0, -9, -7], "rotation": [40, 0, 0], "uv": [5, 49]},
						{"origin": [-2, 10, 22], "size": [4, 4, 2], "inflate": 0.2, "pivot": [0, -9, -7], "rotation": [-5, 0, 0], "uv": [0, 4]},
						{"origin": [-2, 10, 15], "size": [4, 4, 1], "inflate": 0.2, "pivot": [0, -9, -7], "rotation": [-5, 0, 0], "uv": [0, 3]},
						{"origin": [-2, 10, 18], "size": [4, 4, 2], "inflate": 0.2, "pivot": [0, -9, -7], "rotation": [-5, 0, 0], "uv": [0, 3]},
						{"origin": [-2, 9, -30], "size": [4, 4, 14], "inflate": -0.1, "pivot": [0, 4, -15], "rotation": [-2.5, 0, 0], "uv": [0, 0]},
						{"origin": [-2, 12.8, -22], "size": [4, 1, 6], "inflate": -0.1, "pivot": [0, 5, -15], "rotation": [-2.5, 0, 0], "uv": [5, 112]},
						{"origin": [0, 12.8, -23], "size": [2, 1, 2], "inflate": -0.1, "pivot": [0, 5, -15], "rotation": [-2.5, 0, 0], "uv": [5, 112]},
						{"origin": [-2, 12.8, -25], "size": [4, 0.8, 4], "inflate": -0.1, "pivot": [0, 5, -15], "rotation": [-2.5, 0, 0], "uv": [0, 113]},
						{"origin": [-2, 12.8, -30], "size": [4, 0.6, 6], "inflate": -0.1, "pivot": [0, 5, -15], "rotation": [-2.5, 0, 0], "uv": [0, 113]},
						{"origin": [-3, 7, 25], "size": [1, 4, 8], "pivot": [0, 9, 28], "rotation": [-5, -25, 0], "uv": [0, 49]},
						{"origin": [-2, 7, 25], "size": [1, 4, 18], "pivot": [0, 9, 28], "rotation": [-5, -20, 0], "uv": [0, 38]},
						{"origin": [2, 7, 25], "size": [1, 4, 10], "pivot": [0, 9, 28], "rotation": [-5, 25, 0], "uv": [0, 49]},
						{"origin": [1, 7, 25], "size": [1, 4, 18], "pivot": [0, 9, 28], "rotation": [-5, 20, 0], "uv": [0, 40]},
						{"origin": [-2, 11, 25], "size": [4, 1, 13], "pivot": [0, 9, 28], "rotation": [25, 0, 0], "uv": [0, 48]},
						{"origin": [-2, 10, 25], "size": [4, 1, 15], "pivot": [0, 9, 28], "rotation": [20, 0, 0], "uv": [0, 46]},
						{"origin": [-2, 10, 27], "size": [4, 1, 13], "pivot": [0, 9, 28], "rotation": [20, 2.5, 47.5], "uv": [0, 48]},
						{"origin": [-2, 11, 29], "size": [4, 1, 17], "pivot": [0, 9, 28], "rotation": [10, 2.5, 47.5], "uv": [0, 46]},
						{"origin": [-2, 14, 39], "size": [4, 1, 8], "pivot": [0, 9, 28], "rotation": [0, 2.5, 95], "uv": [0, 55]},
						{"origin": [-2, 4, 39], "size": [4, 1, 8], "pivot": [0, 9, 12], "rotation": [0, 2.5, 95], "uv": [0, 55]},
						{"origin": [-2, 3, 37], "size": [4, 1, 9], "pivot": [0, 9, 28], "rotation": [0, 2.5, 47.5], "uv": [0, 54]},
						{"origin": [-3, 2, 39], "size": [4, 1, 7], "pivot": [0, 9, 28], "rotation": [0, 0, -45], "uv": [0, 56]},
						{"origin": [-3, 13, 39], "size": [4, 1, 7], "pivot": [0, 9, 28], "rotation": [0, 2.5, -45], "uv": [0, 56]},
						{"origin": [-2, 7, 27], "size": [4, 1, 15], "pivot": [0, 9, 26], "rotation": [-20, 2.5, 47.5], "uv": [0, 48]},
						{"origin": [-2, 10, 32], "size": [4, 1, 9], "pivot": [0, 9, 27], "rotation": [22.5, 2.5, 137.5], "uv": [0, 53]},
						{"origin": [-3, 10, 30], "size": [4, 1, 11], "pivot": [0, 9, 28], "rotation": [17.5, 5, -50], "uv": [0, 51]},
						{"origin": [-2, 6, 25], "size": [4, 1, 7], "pivot": [0, 9, 28], "rotation": [-30, 0, 0], "uv": [0, 52]},
						{"origin": [-2, 7, 25], "size": [4, 1, 17], "pivot": [0, 9, 28], "rotation": [-25, 0, 0], "uv": [0, 46]},
						{"origin": [-2, 2, 39], "size": [4, 1, 9], "uv": [0, 54]},
						{"origin": [-3, 3, 39], "size": [6, 11, 3], "uv": [0, 50]},
						{"origin": [-4, 4, 39], "size": [9, 8, 3], "uv": [0, 53]},
						{"origin": [-2, 13, 41], "size": [4, 1, 6], "uv": [0, 57]}
					]
				},
				{
					"name": "lantern",
					"parent": "rod",
					"pivot": [0, 9, -24],
					"cubes": [
						{"origin": [-3, 1, -27], "size": [6, 7, 6], "inflate": -1, "uv": [63, 13]},
						{"origin": [-19, 8, -17], "size": [0, 3, 2], "pivot": [0, 7, 3], "rotation": [0, -45, 0], "uv": [119, 8]},
						{"origin": [19, 8, -17], "size": [0, 3, 2], "pivot": [0, 4, 3], "rotation": [0, 45, 0], "uv": [119, 8]},
						{"origin": [-3, 6, -26], "size": [6, 3, 4], "inflate": -1, "uv": [65, 25]},
						{"origin": [-2, 6, -27], "size": [4, 3, 6], "inflate": -1, "uv": [65, 25]}
					]
				},
				{
					"name": "back",
					"parent": "rod",
					"pivot": [0, 0, 0],
					"locators": {
						"back": [
							0, 10, 30
						]
					}
				}
			]
		},
		{
			"description": {
				"identifier": "geometry.broomstick_s0",
				"texture_width": 128,
				"texture_height": 128,
				"visible_bounds_width": 7,
				"visible_bounds_height": 3,
				"visible_bounds_offset": [0, 0.5, 0]
			},
			"bones": [
				{
					"name": "rod",
					"pivot": [0, 0, 0],
					"cubes": [
						{"origin": [-2, 8, -9], "size": [4, 4, 26], "uv": [0, 0]},
						{"origin": [-3, 12, -3], "size": [6, 1, 6], "uv": [100, 55]},
						{"origin": [-2, 7, -1], "size": [4, 1, 2], "uv": [106, 57]},
						{"origin": [2, 8, -1], "size": [1, 4, 2], "uv": [105, 55]},
						{"origin": [1, 19, 5], "size": [6, 1, 10], "inflate": -1, "pivot": [-2, 15, 1], "rotation": [0, 0, 90], "uv": [96, 53]},
						{"origin": [1, 21, 5], "size": [6, 1, 10], "inflate": -1, "pivot": [-2, 15, 1], "rotation": [0, 0, 90], "uv": [96, 53]},
						{"origin": [-9, 21, 6], "size": [3, 1, 8], "inflate": -1, "pivot": [-2, 15, 1], "rotation": [0, 0, -180], "uv": [96, 44]},
						{"origin": [-9, 20, 6], "size": [3, 1, 8], "inflate": -1, "pivot": [-2, 15, 1], "rotation": [0, 0, -180], "uv": [96, 44]},
						{"origin": [-9, 19, 5], "size": [3, 1, 10], "inflate": -1, "pivot": [-2, 15, 1], "rotation": [0, 0, -180], "uv": [97, 53]},
						{"origin": [-3, 8, -1], "size": [1, 4, 2], "uv": [106, 55]},
						{"origin": [-2, 7, -17], "size": [4, 4, 8], "pivot": [0, 7, -1], "rotation": [-7.5, 0, 0], "uv": [0, 0]},
						{"origin": [-2, 10, 15], "size": [4, 4, 8], "pivot": [0, -9, -7], "rotation": [-5, 0, 0], "uv": [0, 52]},
						{"origin": [-2, 23, -4], "size": [4, 1, 4], "pivot": [0, -9, -7], "rotation": [-40, 0, 0], "uv": [5, 49]},
						{"origin": [0, 23, -5], "size": [2, 1, 1], "pivot": [0, -9, -7], "rotation": [-40, 0, 0], "uv": [5, 49]},
						{"origin": [19, 7, 7], "size": [4, 1, 4], "pivot": [0, -9, -7], "rotation": [-40, -5, -90], "uv": [5, 49]},
						{"origin": [19, -26, 7], "size": [4, 1, 4], "pivot": [0, -9, -7], "rotation": [40, -5, -90], "uv": [5, 49]},
						{"origin": [20, -26, 6], "size": [3, 1, 1], "pivot": [0, -9, -7], "rotation": [40, -5, -90], "uv": [5, 49]},
						{"origin": [-2, -13, 20], "size": [4, 1, 4], "pivot": [0, -9, -7], "rotation": [40, 0, 0], "uv": [5, 49]},
						{"origin": [-2, 10, 22], "size": [4, 4, 2], "inflate": 0.2, "pivot": [0, -9, -7], "rotation": [-5, 0, 0], "uv": [0, 4]},
						{"origin": [-2, 10, 15], "size": [4, 4, 1], "inflate": 0.2, "pivot": [0, -9, -7], "rotation": [-5, 0, 0], "uv": [0, 3]},
						{"origin": [-2, 10, 18], "size": [4, 4, 2], "inflate": 0.2, "pivot": [0, -9, -7], "rotation": [-5, 0, 0], "uv": [0, 3]},
						{"origin": [-2, 9, -30], "size": [4, 4, 14], "inflate": -0.1, "pivot": [0, 4, -15], "rotation": [-2.5, 0, 0], "uv": [0, 0]},
						{"origin": [-3, 7, 25], "size": [1, 4, 8], "pivot": [0, 9, 28], "rotation": [-5, -25, 0], "uv": [0, 49]},
						{"origin": [-2, 7, 25], "size": [1, 4, 18], "pivot": [0, 9, 28], "rotation": [-5, -20, 0], "uv": [0, 38]},
						{"origin": [2, 7, 25], "size": [1, 4, 10], "pivot": [0, 9, 28], "rotation": [-5, 25, 0], "uv": [0, 49]},
						{"origin": [1, 7, 25], "size": [1, 4, 18], "pivot": [0, 9, 28], "rotation": [-5, 20, 0], "uv": [0, 40]},
						{"origin": [-2, 11, 25], "size": [4, 1, 13], "pivot": [0, 9, 28], "rotation": [25, 0, 0], "uv": [0, 48]},
						{"origin": [-2, 10, 25], "size": [4, 1, 15], "pivot": [0, 9, 28], "rotation": [20, 0, 0], "uv": [0, 46]},
						{"origin": [-2, 10, 27], "size": [4, 1, 13], "pivot": [0, 9, 28], "rotation": [20, 2.5, 47.5], "uv": [0, 48]},
						{"origin": [-2, 11, 29], "size": [4, 1, 17], "pivot": [0, 9, 28], "rotation": [10, 2.5, 47.5], "uv": [0, 46]},
						{"origin": [-2, 14, 39], "size": [4, 1, 8], "pivot": [0, 9, 28], "rotation": [0, 2.5, 95], "uv": [0, 55]},
						{"origin": [-2, 4, 39], "size": [4, 1, 8], "pivot": [0, 9, 12], "rotation": [0, 2.5, 95], "uv": [0, 55]},
						{"origin": [-2, 3, 37], "size": [4, 1, 9], "pivot": [0, 9, 28], "rotation": [0, 2.5, 47.5], "uv": [0, 54]},
						{"origin": [-3, 2, 39], "size": [4, 1, 7], "pivot": [0, 9, 28], "rotation": [0, 0, -45], "uv": [0, 56]},
						{"origin": [-3, 13, 39], "size": [4, 1, 7], "pivot": [0, 9, 28], "rotation": [0, 2.5, -45], "uv": [0, 56]},
						{"origin": [-2, 7, 27], "size": [4, 1, 15], "pivot": [0, 9, 26], "rotation": [-20, 2.5, 47.5], "uv": [0, 48]},
						{"origin": [-2, 10, 32], "size": [4, 1, 9], "pivot": [0, 9, 27], "rotation": [22.5, 2.5, 137.5], "uv": [0, 53]},
						{"origin": [-3, 10, 30], "size": [4, 1, 11], "pivot": [0, 9, 28], "rotation": [17.5, 5, -50], "uv": [0, 51]},
						{"origin": [-2, 6, 25], "size": [4, 1, 7], "pivot": [0, 9, 28], "rotation": [-30, 0, 0], "uv": [0, 52]},
						{"origin": [-2, 7, 25], "size": [4, 1, 17], "pivot": [0, 9, 28], "rotation": [-25, 0, 0], "uv": [0, 46]},
						{"origin": [-2, 2, 39], "size": [4, 1, 9], "uv": [0, 54]},
						{"origin": [-3, 3, 39], "size": [6, 11, 3], "uv": [0, 50]},
						{"origin": [-4, 4, 39], "size": [9, 8, 3], "uv": [0, 53]},
						{"origin": [-2, 13, 41], "size": [4, 1, 6], "uv": [0, 57]}
					]
				},
				{
					"name": "lantern",
					"parent": "rod",
					"pivot": [0, 9, -24],
					"cubes": [
						{"origin": [-3, 1, -27], "size": [6, 7, 6], "inflate": -1, "uv": [63, 13]},
						{"origin": [-19, 8, -17], "size": [0, 3, 2], "pivot": [0, 7, 3], "rotation": [0, -45, 0], "uv": [119, 8]},
						{"origin": [19, 8, -17], "size": [0, 3, 2], "pivot": [0, 4, 3], "rotation": [0, 45, 0], "uv": [119, 8]},
						{"origin": [-3, 6, -26], "size": [6, 3, 4], "inflate": -1, "uv": [65, 25]},
						{"origin": [-2, 6, -27], "size": [4, 3, 6], "inflate": -1, "uv": [65, 25]}
					]
				},
				{
					"name": "back",
					"parent": "rod",
					"pivot": [0, 0, 0],
					"locators": {
						"back": [
							0, 10, 30
						]
					}
				}
			]
		}
 ]
 }
