{
	"format_version": "1.12.0",
	"minecraft:geometry": [
		{
			"description": {
				"identifier": "geometry.broomstick_b4",
				"texture_width": 128,
				"texture_height": 128,
				"visible_bounds_width": 7,
				"visible_bounds_height": 4,
				"visible_bounds_offset": [0, 1, 0]
			},
			"bones": [
				{
					"name": "rod",
					"pivot": [0, 0, 0],
					"cubes": [
						{"origin": [-2, 8, -9], "size": [4, 4, 26], "uv": [0, 0]},
						{"origin": [-8, 8, 15], "size": [16, 16, 16], "inflate": -3, "uv": [64, 96]},
						{"origin": [-3.5, 23, 17], "size": [7, 7, 10], "uv": [0, 64]},
						{"origin": [1.5, 21, 19], "size": [1, 2, 0], "pivot": [2, 23, 19], "rotation": [20, 0, 0], "uv": [26, 69]},
						{"origin": [-2.5, 21, 19], "size": [1, 2, 0], "pivot": [2, 23, 19], "rotation": [20, 0, 0], "uv": [26, 69]},
						{"origin": [1.5, 21, 21], "size": [1, 2, 0], "pivot": [6, 23, 21], "rotation": [20, 0, 0], "uv": [26, 69]},
						{"origin": [1.5, 21, 23], "size": [1, 2, 0], "pivot": [6, 23, 23], "rotation": [20, 0, 0], "uv": [26, 69]},
						{"origin": [-2.5, 21, 23], "size": [1, 2, 0], "pivot": [2, 23, 23], "rotation": [20, 0, 0], "uv": [26, 69]},
						{"origin": [-2.5, 21, 21], "size": [1, 2, 0], "pivot": [2, 23, 21], "rotation": [20, 0, 0], "uv": [26, 69]},
						{"origin": [-2, 28, 14], "size": [0, 2, 3], "uv": [2, 64]},
						{"origin": [2, 28, 14], "size": [0, 2, 3], "uv": [2, 64]},
						{"origin": [0, 26, 27], "size": [0, 1, 2], "uv": [24, 71]},
						{"origin": [-8.5, 30, 19], "size": [7, 0, 6], "uv": [2, 82]},
						{"origin": [1.5, 30, 19], "size": [7, 0, 6], "uv": [9, 88]},
						{"origin": [-3, 12, -3], "size": [6, 1, 6], "uv": [100, 55]},
						{"origin": [-2, 7, -1], "size": [4, 1, 2], "uv": [106, 57]},
						{"origin": [2, 8, -1], "size": [1, 4, 2], "uv": [105, 55]},
						{"origin": [1, 19, 5], "size": [6, 1, 10], "inflate": -1, "pivot": [-2, 15, 1], "rotation": [0, 0, 90], "uv": [96, 53]},
						{"origin": [1, 21, 5], "size": [6, 1, 10], "inflate": -1, "pivot": [-2, 15, 1], "rotation": [0, 0, 90], "uv": [96, 53]},
						{"origin": [-9, 21, 7], "size": [3, 1, 8], "inflate": -1, "pivot": [-2, 15, 2], "rotation": [0, 0, -180], "uv": [96, 44]},
						{"origin": [-9, 20, 6], "size": [3, 1, 8], "inflate": -1, "pivot": [-2, 15, 1], "rotation": [0, 0, -180], "uv": [96, 44]},
						{"origin": [-9, 19, 5], "size": [3, 1, 10], "inflate": -1, "pivot": [-2, 15, 1], "rotation": [0, 0, -180], "uv": [99, 53]},
						{"origin": [-3, 8, -1], "size": [1, 4, 2], "uv": [106, 55]},
						{"origin": [-2, 7, -17], "size": [4, 4, 8], "pivot": [0, 7, -1], "rotation": [-7.5, 0, 0], "uv": [0, 0]},
						{"origin": [-2, 10, 15], "size": [4, 4, 8], "pivot": [0, -9, -7], "rotation": [-5, 0, 0], "uv": [0, 52]},
						{"origin": [-2, 23, -4], "size": [4, 1, 4], "pivot": [0, -9, -7], "rotation": [-40, 0, 0], "uv": [5, 49]},
						{"origin": [0, 23, -5], "size": [2, 1, 1], "pivot": [0, -9, -7], "rotation": [-40, 0, 0], "uv": [5, 49]},
						{"origin": [19, 7, 7], "size": [4, 1, 4], "pivot": [0, -9, -7], "rotation": [-40, -5, -90], "uv": [5, 49]},
						{"origin": [19, -26, 7], "size": [4, 1, 4], "pivot": [0, -9, -7], "rotation": [40, -5, -90], "uv": [5, 49]},
						{"origin": [20, -26, 6], "size": [3, 1, 1], "pivot": [0, -9, -7], "rotation": [40, -5, -90], "uv": [5, 49]},
						{"origin": [-2, -13, 20], "size": [4, 1, 4], "pivot": [0, -9, -7], "rotation": [40, 0, 0], "uv": [5, 49]},
						{"origin": [-2, 10, 22], "size": [4, 4, 2], "inflate": 0.2, "pivot": [0, -9, -7], "rotation": [-5, 0, 0], "uv": [88, 85]},
						{"origin": [-2, 10, 15], "size": [4, 4, 1], "inflate": 0.2, "pivot": [0, -9, -7], "rotation": [-5, 0, 0], "uv": [0, 3]},
						{"origin": [-2, 10, 18], "size": [4, 4, 2], "inflate": 0.2, "pivot": [0, -9, -7], "rotation": [-5, 0, 0], "uv": [90, 82]},
						{"origin": [-5, 10, 22], "size": [10, 11, 2], "inflate": 0.2, "uv": [90, 82]},
						{"origin": [-2, 9, -30], "size": [4, 4, 14], "inflate": -0.1, "pivot": [0, 4, -15], "rotation": [-2.5, 0, 0], "uv": [0, 0]},
						{"origin": [-3, 9.2, -30.5], "size": [0, 11, 11], "inflate": -4.1, "uv": [3, 106]},
						{"origin": [-1, 9.2, -32.74875], "size": [0, 11, 11], "inflate": -4.1, "pivot": [1, 14, -27], "rotation": [-2.5, -90, 0], "uv": [3, 106]},
						{"origin": [-2, 8, -11.74875], "size": [0, 11, 11], "inflate": -3.1, "pivot": [0, 13, -6], "rotation": [-2.5, -90, 0], "uv": [3, 91]},
						{"origin": [-1, 8, -10.74875], "size": [0, 11, 11], "inflate": -3.1, "pivot": [1, 13, -5], "rotation": [-2.5, 180, 0], "uv": [3, 91]},
						{"origin": [-1, 7.5, 1.25125], "size": [0, 11, 11], "inflate": -4.1, "pivot": [1, 13, 7], "rotation": [-2.5, 180, 0], "uv": [3, 91]},
						{"origin": [-3, 7.5, 3.25125], "size": [0, 11, 11], "inflate": -4.1, "pivot": [-1, 13, 9], "rotation": [-2.5, 92.5, 0], "uv": [3, 91]},
						{"origin": [-1, 7.82552, -13], "size": [0, 11, 11], "inflate": -2.5, "pivot": [1, 13, -9], "rotation": [-2.5, 180, 0], "uv": [3, 106]},
						{"origin": [-2, 7.82552, -14.74495], "size": [0, 11, 11], "inflate": -2.5, "pivot": [0, 13, -10], "rotation": [-2.5, 90, 0], "uv": [3, 106]},
						{"origin": [-3, 7, 25], "size": [1, 4, 8], "pivot": [0, 9, 28], "rotation": [-5, -25, 0], "uv": [0, 48]},
						{"origin": [-2, 7, 25], "size": [1, 4, 18], "pivot": [0, 9, 28], "rotation": [-5, -20, 0], "uv": [0, 37]},
						{"origin": [2, 7, 25], "size": [1, 4, 10], "pivot": [0, 9, 28], "rotation": [-5, 25, 0], "uv": [0, 47]},
						{"origin": [1, 7, 25], "size": [1, 4, 18], "pivot": [0, 9, 28], "rotation": [-5, 20, 0], "uv": [0, 43]},
						{"origin": [-2, 11, 25], "size": [4, 1, 13], "pivot": [0, 9, 28], "rotation": [25, 0, 0], "uv": [0, 46]},
						{"origin": [-2, 10, 25], "size": [4, 1, 15], "pivot": [0, 9, 28], "rotation": [20, 0, 0], "uv": [0, 46]},
						{"origin": [-2, 10, 27], "size": [4, 1, 13], "pivot": [0, 9, 28], "rotation": [20, 2.5, 47.5], "uv": [0, 48]},
						{"origin": [-2, 11, 29], "size": [4, 1, 17], "pivot": [0, 9, 28], "rotation": [10, 2.5, 47.5], "uv": [0, 46]},
						{"origin": [-2, 14, 39], "size": [4, 1, 8], "pivot": [0, 9, 28], "rotation": [0, 2.5, 95], "uv": [0, 55]},
						{"origin": [-2, 4, 39], "size": [4, 1, 8], "pivot": [0, 9, 12], "rotation": [0, 2.5, 95], "uv": [0, 55]},
						{"origin": [-2, 3, 37], "size": [4, 1, 9], "pivot": [0, 9, 28], "rotation": [0, 2.5, 47.5], "uv": [1, 49]},
						{"origin": [-3, 2, 39], "size": [4, 1, 7], "pivot": [0, 9, 28], "rotation": [0, 0, -45], "uv": [0, 51]},
						{"origin": [-3, 13, 39], "size": [4, 1, 7], "pivot": [0, 9, 28], "rotation": [0, 2.5, -45], "uv": [0, 56]},
						{"origin": [-2, 7, 27], "size": [4, 1, 15], "pivot": [0, 9, 26], "rotation": [-20, 2.5, 47.5], "uv": [0, 45]},
						{"origin": [-2, 10, 32], "size": [4, 1, 9], "pivot": [0, 9, 27], "rotation": [22.5, 2.5, 137.5], "uv": [0, 47]},
						{"origin": [-3, 10, 30], "size": [4, 1, 11], "pivot": [0, 9, 28], "rotation": [17.5, 5, -50], "uv": [0, 51]},
						{"origin": [-2, 6, 25], "size": [4, 1, 7], "pivot": [0, 9, 28], "rotation": [-30, 0, 0], "uv": [0, 48]},
						{"origin": [-2, 7, 25], "size": [4, 1, 17], "pivot": [0, 9, 28], "rotation": [-25, 0, 0], "uv": [0, 43]},
						{"origin": [-2, 2, 39], "size": [4, 1, 9], "uv": [0, 52]},
						{"origin": [-3, 3, 39], "size": [6, 11, 3], "uv": [0, 47]},
						{"origin": [-4, 4, 39], "size": [9, 8, 3], "uv": [0, 50]},
						{"origin": [-2, 13, 41], "size": [4, 1, 6], "uv": [0, 57]}
					]
				},
				{
					"name": "lantern",
					"parent": "rod",
					"pivot": [0, 9, -24],
					"cubes": [
						{"origin": [-3, 1, -27], "size": [6, 7, 6], "inflate": -1, "uv": [63, 13]},
						{"origin": [-19, 8, -17], "size": [0, 3, 2], "pivot": [0, 7, 3], "rotation": [0, -45, 0], "uv": [119, 8]},
						{"origin": [19, 8, -17], "size": [0, 3, 2], "pivot": [0, 4, 3], "rotation": [0, 45, 0], "uv": [119, 8]},
						{"origin": [-3, 6, -26], "size": [6, 3, 4], "inflate": -1, "uv": [65, 25]},
						{"origin": [-2, 6, -27], "size": [4, 3, 6], "inflate": -1, "uv": [65, 25]}
					]
				},
				{
					"name": "back",
					"parent": "rod",
					"pivot": [0, 0, 0],
					"locators": {
						"back": [
							0, 10, 30
						]
					}
				}
			]
		},
		{
			"description": {
				"identifier": "geometry.broomstick_b3",
				"texture_width": 128,
				"texture_height": 128,
				"visible_bounds_width": 7,
				"visible_bounds_height": 4,
				"visible_bounds_offset": [0, 1, 0]
			},
			"bones": [
				{
					"name": "rod",
					"pivot": [0, 0, 0],
					"cubes": [
						{"origin": [-2, 8, -9], "size": [4, 4, 26], "uv": [0, 0]},
						{"origin": [-3.5, 19, 17], "size": [7, 7, 10], "uv": [0, 64]},
						{"origin": [1.5, 17, 19], "size": [1, 2, 0], "pivot": [2, 19, 19], "rotation": [20, 0, 0], "uv": [26, 69]},
						{"origin": [-2.5, 17, 19], "size": [1, 2, 0], "pivot": [2, 19, 19], "rotation": [20, 0, 0], "uv": [26, 69]},
						{"origin": [1.5, 17, 21], "size": [1, 2, 0], "pivot": [6, 19, 21], "rotation": [20, 0, 0], "uv": [26, 69]},
						{"origin": [1.5, 17, 23], "size": [1, 2, 0], "pivot": [6, 19, 23], "rotation": [20, 0, 0], "uv": [26, 69]},
						{"origin": [-2.5, 17, 23], "size": [1, 2, 0], "pivot": [2, 19, 23], "rotation": [20, 0, 0], "uv": [26, 69]},
						{"origin": [-2.5, 17, 21], "size": [1, 2, 0], "pivot": [2, 19, 21], "rotation": [20, 0, 0], "uv": [26, 69]},
						{"origin": [-2, 24, 14], "size": [0, 2, 3], "uv": [2, 64]},
						{"origin": [2, 24, 14], "size": [0, 2, 3], "uv": [2, 64]},
						{"origin": [0, 22, 27], "size": [0, 1, 2], "uv": [24, 71]},
						{"origin": [-8.5, 26, 19], "size": [7, 0, 6], "uv": [2, 82]},
						{"origin": [1.5, 26, 19], "size": [7, 0, 6], "uv": [9, 88]},
						{"origin": [-3, 12, -3], "size": [6, 1, 6], "uv": [100, 55]},
						{"origin": [-2, 7, -1], "size": [4, 1, 2], "uv": [106, 57]},
						{"origin": [2, 8, -1], "size": [1, 4, 2], "uv": [105, 55]},
						{"origin": [1, 19, 5], "size": [6, 1, 10], "inflate": -1, "pivot": [-2, 15, 1], "rotation": [0, 0, 90], "uv": [96, 53]},
						{"origin": [1, 21, 5], "size": [6, 1, 10], "inflate": -1, "pivot": [-2, 15, 1], "rotation": [0, 0, 90], "uv": [96, 53]},
						{"origin": [-9, 21, 7], "size": [3, 1, 8], "inflate": -1, "pivot": [-2, 15, 2], "rotation": [0, 0, -180], "uv": [96, 44]},
						{"origin": [-9, 20, 6], "size": [3, 1, 8], "inflate": -1, "pivot": [-2, 15, 1], "rotation": [0, 0, -180], "uv": [96, 44]},
						{"origin": [-9, 19, 5], "size": [3, 1, 10], "inflate": -1, "pivot": [-2, 15, 1], "rotation": [0, 0, -180], "uv": [99, 53]},
						{"origin": [-3, 8, -1], "size": [1, 4, 2], "uv": [106, 55]},
						{"origin": [-2, 7, -17], "size": [4, 4, 8], "pivot": [0, 7, -1], "rotation": [-7.5, 0, 0], "uv": [0, 0]},
						{"origin": [-2, 10, 15], "size": [4, 4, 8], "pivot": [0, -9, -7], "rotation": [-5, 0, 0], "uv": [0, 52]},
						{"origin": [-2, 23, -4], "size": [4, 1, 4], "pivot": [0, -9, -7], "rotation": [-40, 0, 0], "uv": [5, 49]},
						{"origin": [0, 23, -5], "size": [2, 1, 1], "pivot": [0, -9, -7], "rotation": [-40, 0, 0], "uv": [5, 49]},
						{"origin": [19, 7, 7], "size": [4, 1, 4], "pivot": [0, -9, -7], "rotation": [-40, -5, -90], "uv": [5, 49]},
						{"origin": [19, -26, 7], "size": [4, 1, 4], "pivot": [0, -9, -7], "rotation": [40, -5, -90], "uv": [5, 49]},
						{"origin": [20, -26, 6], "size": [3, 1, 1], "pivot": [0, -9, -7], "rotation": [40, -5, -90], "uv": [5, 49]},
						{"origin": [-2, -13, 20], "size": [4, 1, 4], "pivot": [0, -9, -7], "rotation": [40, 0, 0], "uv": [5, 49]},
						{"origin": [-2, 10, 22], "size": [4, 4, 2], "inflate": 0.2, "pivot": [0, -9, -7], "rotation": [-5, 0, 0], "uv": [88, 85]},
						{"origin": [-2, 10, 15], "size": [4, 4, 1], "inflate": 0.2, "pivot": [0, -9, -7], "rotation": [-5, 0, 0], "uv": [0, 3]},
						{"origin": [-2, 10, 18], "size": [4, 4, 2], "inflate": 0.2, "pivot": [0, -9, -7], "rotation": [-5, 0, 0], "uv": [90, 82]},
						{"origin": [-2, 9, -30], "size": [4, 4, 14], "inflate": -0.1, "pivot": [0, 4, -15], "rotation": [-2.5, 0, 0], "uv": [0, 0]},
						{"origin": [-3, 9.2, -30.5], "size": [0, 11, 11], "inflate": -4.1, "uv": [3, 106]},
						{"origin": [-1, 9.2, -32.74875], "size": [0, 11, 11], "inflate": -4.1, "pivot": [1, 14, -27], "rotation": [-2.5, -90, 0], "uv": [3, 106]},
						{"origin": [-2, 8, -11.74875], "size": [0, 11, 11], "inflate": -3.1, "pivot": [0, 13, -6], "rotation": [-2.5, -90, 0], "uv": [3, 91]},
						{"origin": [-1, 8, -10.74875], "size": [0, 11, 11], "inflate": -3.1, "pivot": [1, 13, -5], "rotation": [-2.5, 180, 0], "uv": [3, 91]},
						{"origin": [-1, 7.5, 1.25125], "size": [0, 11, 11], "inflate": -4.1, "pivot": [1, 13, 7], "rotation": [-2.5, 180, 0], "uv": [3, 91]},
						{"origin": [-3, 7.5, 3.25125], "size": [0, 11, 11], "inflate": -4.1, "pivot": [-1, 13, 9], "rotation": [-2.5, 92.5, 0], "uv": [3, 91]},
						{"origin": [-1, 7.82552, -13], "size": [0, 11, 11], "inflate": -2.5, "pivot": [1, 13, -9], "rotation": [-2.5, 180, 0], "uv": [3, 106]},
						{"origin": [-2, 7.82552, -14.74495], "size": [0, 11, 11], "inflate": -2.5, "pivot": [0, 13, -10], "rotation": [-2.5, 90, 0], "uv": [3, 106]},
						{"origin": [-3, 7, 25], "size": [1, 4, 8], "pivot": [0, 9, 28], "rotation": [-5, -25, 0], "uv": [0, 48]},
						{"origin": [-2, 7, 25], "size": [1, 4, 18], "pivot": [0, 9, 28], "rotation": [-5, -20, 0], "uv": [0, 37]},
						{"origin": [2, 7, 25], "size": [1, 4, 10], "pivot": [0, 9, 28], "rotation": [-5, 25, 0], "uv": [0, 47]},
						{"origin": [1, 7, 25], "size": [1, 4, 18], "pivot": [0, 9, 28], "rotation": [-5, 20, 0], "uv": [0, 43]},
						{"origin": [-2, 11, 25], "size": [4, 1, 13], "pivot": [0, 9, 28], "rotation": [25, 0, 0], "uv": [0, 46]},
						{"origin": [-2, 10, 25], "size": [4, 1, 15], "pivot": [0, 9, 28], "rotation": [20, 0, 0], "uv": [0, 46]},
						{"origin": [-2, 10, 27], "size": [4, 1, 13], "pivot": [0, 9, 28], "rotation": [20, 2.5, 47.5], "uv": [0, 48]},
						{"origin": [-2, 11, 29], "size": [4, 1, 17], "pivot": [0, 9, 28], "rotation": [10, 2.5, 47.5], "uv": [0, 46]},
						{"origin": [-2, 14, 39], "size": [4, 1, 8], "pivot": [0, 9, 28], "rotation": [0, 2.5, 95], "uv": [0, 55]},
						{"origin": [-2, 4, 39], "size": [4, 1, 8], "pivot": [0, 9, 12], "rotation": [0, 2.5, 95], "uv": [0, 55]},
						{"origin": [-2, 3, 37], "size": [4, 1, 9], "pivot": [0, 9, 28], "rotation": [0, 2.5, 47.5], "uv": [1, 49]},
						{"origin": [-3, 2, 39], "size": [4, 1, 7], "pivot": [0, 9, 28], "rotation": [0, 0, -45], "uv": [0, 51]},
						{"origin": [-3, 13, 39], "size": [4, 1, 7], "pivot": [0, 9, 28], "rotation": [0, 2.5, -45], "uv": [0, 56]},
						{"origin": [-2, 7, 27], "size": [4, 1, 15], "pivot": [0, 9, 26], "rotation": [-20, 2.5, 47.5], "uv": [0, 45]},
						{"origin": [-2, 10, 32], "size": [4, 1, 9], "pivot": [0, 9, 27], "rotation": [22.5, 2.5, 137.5], "uv": [0, 47]},
						{"origin": [-3, 10, 30], "size": [4, 1, 11], "pivot": [0, 9, 28], "rotation": [17.5, 5, -50], "uv": [0, 51]},
						{"origin": [-2, 6, 25], "size": [4, 1, 7], "pivot": [0, 9, 28], "rotation": [-30, 0, 0], "uv": [0, 48]},
						{"origin": [-2, 7, 25], "size": [4, 1, 17], "pivot": [0, 9, 28], "rotation": [-25, 0, 0], "uv": [0, 43]},
						{"origin": [-2, 2, 39], "size": [4, 1, 9], "uv": [0, 52]},
						{"origin": [-3, 3, 39], "size": [6, 11, 3], "uv": [0, 47]},
						{"origin": [-4, 4, 39], "size": [9, 8, 3], "uv": [0, 50]},
						{"origin": [-2, 13, 41], "size": [4, 1, 6], "uv": [0, 57]}
					]
				},
				{
					"name": "lantern",
					"parent": "rod",
					"pivot": [0, 9, -24],
					"cubes": [
						{"origin": [-3, 1, -27], "size": [6, 7, 6], "inflate": -1, "uv": [63, 13]},
						{"origin": [-19, 8, -17], "size": [0, 3, 2], "pivot": [0, 7, 3], "rotation": [0, -45, 0], "uv": [119, 8]},
						{"origin": [19, 8, -17], "size": [0, 3, 2], "pivot": [0, 4, 3], "rotation": [0, 45, 0], "uv": [119, 8]},
						{"origin": [-3, 6, -26], "size": [6, 3, 4], "inflate": -1, "uv": [65, 25]},
						{"origin": [-2, 6, -27], "size": [4, 3, 6], "inflate": -1, "uv": [65, 25]}
					]
				},
				{
					"name": "back",
					"parent": "rod",
					"pivot": [0, 0, 0],
					"locators": {
						"back": [
							0, 10, 30
						]
					}
				}
			]
		},
		{
			"description": {
				"identifier": "geometry.broomstick_b2",
				"texture_width": 128,
				"texture_height": 128,
				"visible_bounds_width": 7,
				"visible_bounds_height": 4,
				"visible_bounds_offset": [0, 1, 0]
			},
			"bones": [
				{
					"name": "rod",
					"pivot": [0, 0, 0],
					"cubes": [
						{"origin": [-2, 8, -9], "size": [4, 4, 26], "uv": [0, 0]},
						{"origin": [-8, 8, 15], "size": [16, 16, 16], "inflate": -3, "uv": [64, 96]},
						{"origin": [-3, 12, -3], "size": [6, 1, 6], "uv": [100, 55]},
						{"origin": [-2, 7, -1], "size": [4, 1, 2], "uv": [106, 57]},
						{"origin": [2, 8, -1], "size": [1, 4, 2], "uv": [105, 55]},
						{"origin": [1, 19, 5], "size": [6, 1, 10], "inflate": -1, "pivot": [-2, 15, 1], "rotation": [0, 0, 90], "uv": [96, 53]},
						{"origin": [1, 21, 5], "size": [6, 1, 10], "inflate": -1, "pivot": [-2, 15, 1], "rotation": [0, 0, 90], "uv": [96, 53]},
						{"origin": [-9, 21, 7], "size": [3, 1, 8], "inflate": -1, "pivot": [-2, 15, 2], "rotation": [0, 0, -180], "uv": [96, 44]},
						{"origin": [-9, 20, 6], "size": [3, 1, 8], "inflate": -1, "pivot": [-2, 15, 1], "rotation": [0, 0, -180], "uv": [96, 44]},
						{"origin": [-9, 19, 5], "size": [3, 1, 10], "inflate": -1, "pivot": [-2, 15, 1], "rotation": [0, 0, -180], "uv": [99, 53]},
						{"origin": [-3, 8, -1], "size": [1, 4, 2], "uv": [106, 55]},
						{"origin": [-2, 7, -17], "size": [4, 4, 8], "pivot": [0, 7, -1], "rotation": [-7.5, 0, 0], "uv": [0, 0]},
						{"origin": [-2, 10, 15], "size": [4, 4, 8], "pivot": [0, -9, -7], "rotation": [-5, 0, 0], "uv": [0, 52]},
						{"origin": [-2, 23, -4], "size": [4, 1, 4], "pivot": [0, -9, -7], "rotation": [-40, 0, 0], "uv": [5, 49]},
						{"origin": [0, 23, -5], "size": [2, 1, 1], "pivot": [0, -9, -7], "rotation": [-40, 0, 0], "uv": [5, 49]},
						{"origin": [19, 7, 7], "size": [4, 1, 4], "pivot": [0, -9, -7], "rotation": [-40, -5, -90], "uv": [5, 49]},
						{"origin": [19, -26, 7], "size": [4, 1, 4], "pivot": [0, -9, -7], "rotation": [40, -5, -90], "uv": [5, 49]},
						{"origin": [20, -26, 6], "size": [3, 1, 1], "pivot": [0, -9, -7], "rotation": [40, -5, -90], "uv": [5, 49]},
						{"origin": [-2, -13, 20], "size": [4, 1, 4], "pivot": [0, -9, -7], "rotation": [40, 0, 0], "uv": [5, 49]},
						{"origin": [-2, 10, 22], "size": [4, 4, 2], "inflate": 0.2, "pivot": [0, -9, -7], "rotation": [-5, 0, 0], "uv": [88, 85]},
						{"origin": [-2, 10, 15], "size": [4, 4, 1], "inflate": 0.2, "pivot": [0, -9, -7], "rotation": [-5, 0, 0], "uv": [0, 3]},
						{"origin": [-2, 10, 18], "size": [4, 4, 2], "inflate": 0.2, "pivot": [0, -9, -7], "rotation": [-5, 0, 0], "uv": [90, 82]},
						{"origin": [-5, 10, 22], "size": [10, 11, 2], "inflate": 0.2, "uv": [90, 82]},
						{"origin": [-2, 9, -30], "size": [4, 4, 14], "inflate": -0.1, "pivot": [0, 4, -15], "rotation": [-2.5, 0, 0], "uv": [0, 0]},
						{"origin": [-3, 9.2, -30.5], "size": [0, 11, 11], "inflate": -4.1, "uv": [3, 106]},
						{"origin": [-1, 9.2, -32.74875], "size": [0, 11, 11], "inflate": -4.1, "pivot": [1, 14, -27], "rotation": [-2.5, -90, 0], "uv": [3, 106]},
						{"origin": [-2, 8, -11.74875], "size": [0, 11, 11], "inflate": -3.1, "pivot": [0, 13, -6], "rotation": [-2.5, -90, 0], "uv": [3, 91]},
						{"origin": [-1, 8, -10.74875], "size": [0, 11, 11], "inflate": -3.1, "pivot": [1, 13, -5], "rotation": [-2.5, 180, 0], "uv": [3, 91]},
						{"origin": [-1, 7.5, 1.25125], "size": [0, 11, 11], "inflate": -4.1, "pivot": [1, 13, 7], "rotation": [-2.5, 180, 0], "uv": [3, 91]},
						{"origin": [-3, 7.5, 3.25125], "size": [0, 11, 11], "inflate": -4.1, "pivot": [-1, 13, 9], "rotation": [-2.5, 92.5, 0], "uv": [3, 91]},
						{"origin": [-1, 7.82552, -13], "size": [0, 11, 11], "inflate": -2.5, "pivot": [1, 13, -9], "rotation": [-2.5, 180, 0], "uv": [3, 106]},
						{"origin": [-2, 7.82552, -14.74495], "size": [0, 11, 11], "inflate": -2.5, "pivot": [0, 13, -10], "rotation": [-2.5, 90, 0], "uv": [3, 106]},
						{"origin": [-3, 7, 25], "size": [1, 4, 8], "pivot": [0, 9, 28], "rotation": [-5, -25, 0], "uv": [0, 48]},
						{"origin": [-2, 7, 25], "size": [1, 4, 18], "pivot": [0, 9, 28], "rotation": [-5, -20, 0], "uv": [0, 37]},
						{"origin": [2, 7, 25], "size": [1, 4, 10], "pivot": [0, 9, 28], "rotation": [-5, 25, 0], "uv": [0, 47]},
						{"origin": [1, 7, 25], "size": [1, 4, 18], "pivot": [0, 9, 28], "rotation": [-5, 20, 0], "uv": [0, 43]},
						{"origin": [-2, 11, 25], "size": [4, 1, 13], "pivot": [0, 9, 28], "rotation": [25, 0, 0], "uv": [0, 46]},
						{"origin": [-2, 10, 25], "size": [4, 1, 15], "pivot": [0, 9, 28], "rotation": [20, 0, 0], "uv": [0, 46]},
						{"origin": [-2, 10, 27], "size": [4, 1, 13], "pivot": [0, 9, 28], "rotation": [20, 2.5, 47.5], "uv": [0, 48]},
						{"origin": [-2, 11, 29], "size": [4, 1, 17], "pivot": [0, 9, 28], "rotation": [10, 2.5, 47.5], "uv": [0, 46]},
						{"origin": [-2, 14, 39], "size": [4, 1, 8], "pivot": [0, 9, 28], "rotation": [0, 2.5, 95], "uv": [0, 55]},
						{"origin": [-2, 4, 39], "size": [4, 1, 8], "pivot": [0, 9, 12], "rotation": [0, 2.5, 95], "uv": [0, 55]},
						{"origin": [-2, 3, 37], "size": [4, 1, 9], "pivot": [0, 9, 28], "rotation": [0, 2.5, 47.5], "uv": [1, 49]},
						{"origin": [-3, 2, 39], "size": [4, 1, 7], "pivot": [0, 9, 28], "rotation": [0, 0, -45], "uv": [0, 51]},
						{"origin": [-3, 13, 39], "size": [4, 1, 7], "pivot": [0, 9, 28], "rotation": [0, 2.5, -45], "uv": [0, 56]},
						{"origin": [-2, 7, 27], "size": [4, 1, 15], "pivot": [0, 9, 26], "rotation": [-20, 2.5, 47.5], "uv": [0, 45]},
						{"origin": [-2, 10, 32], "size": [4, 1, 9], "pivot": [0, 9, 27], "rotation": [22.5, 2.5, 137.5], "uv": [0, 47]},
						{"origin": [-3, 10, 30], "size": [4, 1, 11], "pivot": [0, 9, 28], "rotation": [17.5, 5, -50], "uv": [0, 51]},
						{"origin": [-2, 6, 25], "size": [4, 1, 7], "pivot": [0, 9, 28], "rotation": [-30, 0, 0], "uv": [0, 48]},
						{"origin": [-2, 7, 25], "size": [4, 1, 17], "pivot": [0, 9, 28], "rotation": [-25, 0, 0], "uv": [0, 43]},
						{"origin": [-2, 2, 39], "size": [4, 1, 9], "uv": [0, 52]},
						{"origin": [-3, 3, 39], "size": [6, 11, 3], "uv": [0, 47]},
						{"origin": [-4, 4, 39], "size": [9, 8, 3], "uv": [0, 50]},
						{"origin": [-2, 13, 41], "size": [4, 1, 6], "uv": [0, 57]}
					]
				},
				{
					"name": "lantern",
					"parent": "rod",
					"pivot": [0, 9, -24],
					"cubes": [
						{"origin": [-3, 1, -27], "size": [6, 7, 6], "inflate": -1, "uv": [63, 13]},
						{"origin": [-19, 8, -17], "size": [0, 3, 2], "pivot": [0, 7, 3], "rotation": [0, -45, 0], "uv": [119, 8]},
						{"origin": [19, 8, -17], "size": [0, 3, 2], "pivot": [0, 4, 3], "rotation": [0, 45, 0], "uv": [119, 8]},
						{"origin": [-3, 6, -26], "size": [6, 3, 4], "inflate": -1, "uv": [65, 25]},
						{"origin": [-2, 6, -27], "size": [4, 3, 6], "inflate": -1, "uv": [65, 25]}
					]
				},
				{
					"name": "back",
					"parent": "rod",
					"pivot": [0, 0, 0],
					"locators": {
						"back": [
							0, 10, 30
						]
					}
				}
			]
		},
		{
			"description": {
				"identifier": "geometry.broomstick_b1",
				"texture_width": 128,
				"texture_height": 128,
				"visible_bounds_width": 7,
				"visible_bounds_height": 4,
				"visible_bounds_offset": [0, 1, 0]
			},
			"bones": [
				{
					"name": "rod",
					"pivot": [0, 0, 0],
					"cubes": [
						{"origin": [-2, 8, -9], "size": [4, 4, 26], "uv": [0, 0]},
						{"origin": [-3, 12, -3], "size": [6, 1, 6], "uv": [100, 55]},
						{"origin": [-2, 7, -1], "size": [4, 1, 2], "uv": [106, 57]},
						{"origin": [2, 8, -1], "size": [1, 4, 2], "uv": [105, 55]},
						{"origin": [1, 19, 5], "size": [6, 1, 10], "inflate": -1, "pivot": [-2, 15, 1], "rotation": [0, 0, 90], "uv": [96, 53]},
						{"origin": [1, 21, 5], "size": [6, 1, 10], "inflate": -1, "pivot": [-2, 15, 1], "rotation": [0, 0, 90], "uv": [96, 53]},
						{"origin": [-9, 21, 7], "size": [3, 1, 8], "inflate": -1, "pivot": [-2, 15, 2], "rotation": [0, 0, -180], "uv": [96, 44]},
						{"origin": [-9, 20, 6], "size": [3, 1, 8], "inflate": -1, "pivot": [-2, 15, 1], "rotation": [0, 0, -180], "uv": [96, 44]},
						{"origin": [-9, 19, 5], "size": [3, 1, 10], "inflate": -1, "pivot": [-2, 15, 1], "rotation": [0, 0, -180], "uv": [99, 53]},
						{"origin": [-3, 8, -1], "size": [1, 4, 2], "uv": [106, 55]},
						{"origin": [-2, 7, -17], "size": [4, 4, 8], "pivot": [0, 7, -1], "rotation": [-7.5, 0, 0], "uv": [0, 0]},
						{"origin": [-2, 10, 15], "size": [4, 4, 8], "pivot": [0, -9, -7], "rotation": [-5, 0, 0], "uv": [0, 52]},
						{"origin": [-2, 23, -4], "size": [4, 1, 4], "pivot": [0, -9, -7], "rotation": [-40, 0, 0], "uv": [5, 49]},
						{"origin": [0, 23, -5], "size": [2, 1, 1], "pivot": [0, -9, -7], "rotation": [-40, 0, 0], "uv": [5, 49]},
						{"origin": [19, 7, 7], "size": [4, 1, 4], "pivot": [0, -9, -7], "rotation": [-40, -5, -90], "uv": [5, 49]},
						{"origin": [19, -26, 7], "size": [4, 1, 4], "pivot": [0, -9, -7], "rotation": [40, -5, -90], "uv": [5, 49]},
						{"origin": [20, -26, 6], "size": [3, 1, 1], "pivot": [0, -9, -7], "rotation": [40, -5, -90], "uv": [5, 49]},
						{"origin": [-2, -13, 20], "size": [4, 1, 4], "pivot": [0, -9, -7], "rotation": [40, 0, 0], "uv": [5, 49]},
						{"origin": [-2, 10, 22], "size": [4, 4, 2], "inflate": 0.2, "pivot": [0, -9, -7], "rotation": [-5, 0, 0], "uv": [88, 85]},
						{"origin": [-2, 10, 15], "size": [4, 4, 1], "inflate": 0.2, "pivot": [0, -9, -7], "rotation": [-5, 0, 0], "uv": [0, 3]},
						{"origin": [-2, 10, 18], "size": [4, 4, 2], "inflate": 0.2, "pivot": [0, -9, -7], "rotation": [-5, 0, 0], "uv": [90, 82]},
						{"origin": [-2, 9, -30], "size": [4, 4, 14], "inflate": -0.1, "pivot": [0, 4, -15], "rotation": [-2.5, 0, 0], "uv": [0, 0]},
						{"origin": [-3, 9.2, -30.5], "size": [0, 11, 11], "inflate": -4.1, "uv": [3, 106]},
						{"origin": [-1, 9.2, -32.74875], "size": [0, 11, 11], "inflate": -4.1, "pivot": [1, 14, -27], "rotation": [-2.5, -90, 0], "uv": [3, 106]},
						{"origin": [-2, 8, -11.74875], "size": [0, 11, 11], "inflate": -3.1, "pivot": [0, 13, -6], "rotation": [-2.5, -90, 0], "uv": [3, 91]},
						{"origin": [-1, 8, -10.74875], "size": [0, 11, 11], "inflate": -3.1, "pivot": [1, 13, -5], "rotation": [-2.5, 180, 0], "uv": [3, 91]},
						{"origin": [-1, 7.5, 1.25125], "size": [0, 11, 11], "inflate": -4.1, "pivot": [1, 13, 7], "rotation": [-2.5, 180, 0], "uv": [3, 91]},
						{"origin": [-3, 7.5, 3.25125], "size": [0, 11, 11], "inflate": -4.1, "pivot": [-1, 13, 9], "rotation": [-2.5, 92.5, 0], "uv": [3, 91]},
						{"origin": [-1, 7.82552, -13], "size": [0, 11, 11], "inflate": -2.5, "pivot": [1, 13, -9], "rotation": [-2.5, 180, 0], "uv": [3, 106]},
						{"origin": [-2, 7.82552, -14.74495], "size": [0, 11, 11], "inflate": -2.5, "pivot": [0, 13, -10], "rotation": [-2.5, 90, 0], "uv": [3, 106]},
						{"origin": [-3, 7, 25], "size": [1, 4, 8], "pivot": [0, 9, 28], "rotation": [-5, -25, 0], "uv": [0, 48]},
						{"origin": [-2, 7, 25], "size": [1, 4, 18], "pivot": [0, 9, 28], "rotation": [-5, -20, 0], "uv": [0, 37]},
						{"origin": [2, 7, 25], "size": [1, 4, 10], "pivot": [0, 9, 28], "rotation": [-5, 25, 0], "uv": [0, 47]},
						{"origin": [1, 7, 25], "size": [1, 4, 18], "pivot": [0, 9, 28], "rotation": [-5, 20, 0], "uv": [0, 43]},
						{"origin": [-2, 11, 25], "size": [4, 1, 13], "pivot": [0, 9, 28], "rotation": [25, 0, 0], "uv": [0, 46]},
						{"origin": [-2, 10, 25], "size": [4, 1, 15], "pivot": [0, 9, 28], "rotation": [20, 0, 0], "uv": [0, 46]},
						{"origin": [-2, 10, 27], "size": [4, 1, 13], "pivot": [0, 9, 28], "rotation": [20, 2.5, 47.5], "uv": [0, 48]},
						{"origin": [-2, 11, 29], "size": [4, 1, 17], "pivot": [0, 9, 28], "rotation": [10, 2.5, 47.5], "uv": [0, 46]},
						{"origin": [-2, 14, 39], "size": [4, 1, 8], "pivot": [0, 9, 28], "rotation": [0, 2.5, 95], "uv": [0, 55]},
						{"origin": [-2, 4, 39], "size": [4, 1, 8], "pivot": [0, 9, 12], "rotation": [0, 2.5, 95], "uv": [0, 55]},
						{"origin": [-2, 3, 37], "size": [4, 1, 9], "pivot": [0, 9, 28], "rotation": [0, 2.5, 47.5], "uv": [1, 49]},
						{"origin": [-3, 2, 39], "size": [4, 1, 7], "pivot": [0, 9, 28], "rotation": [0, 0, -45], "uv": [0, 51]},
						{"origin": [-3, 13, 39], "size": [4, 1, 7], "pivot": [0, 9, 28], "rotation": [0, 2.5, -45], "uv": [0, 56]},
						{"origin": [-2, 7, 27], "size": [4, 1, 15], "pivot": [0, 9, 26], "rotation": [-20, 2.5, 47.5], "uv": [0, 45]},
						{"origin": [-2, 10, 32], "size": [4, 1, 9], "pivot": [0, 9, 27], "rotation": [22.5, 2.5, 137.5], "uv": [0, 47]},
						{"origin": [-3, 10, 30], "size": [4, 1, 11], "pivot": [0, 9, 28], "rotation": [17.5, 5, -50], "uv": [0, 51]},
						{"origin": [-2, 6, 25], "size": [4, 1, 7], "pivot": [0, 9, 28], "rotation": [-30, 0, 0], "uv": [0, 48]},
						{"origin": [-2, 7, 25], "size": [4, 1, 17], "pivot": [0, 9, 28], "rotation": [-25, 0, 0], "uv": [0, 43]},
						{"origin": [-2, 2, 39], "size": [4, 1, 9], "uv": [0, 52]},
						{"origin": [-3, 3, 39], "size": [6, 11, 3], "uv": [0, 47]},
						{"origin": [-4, 4, 39], "size": [9, 8, 3], "uv": [0, 50]},
						{"origin": [-2, 13, 41], "size": [4, 1, 6], "uv": [0, 57]}
					]
				},
				{
					"name": "lantern",
					"parent": "rod",
					"pivot": [0, 9, -24],
					"cubes": [
						{"origin": [-3, 1, -27], "size": [6, 7, 6], "inflate": -1, "uv": [63, 13]},
						{"origin": [-19, 8, -17], "size": [0, 3, 2], "pivot": [0, 7, 3], "rotation": [0, -45, 0], "uv": [119, 8]},
						{"origin": [19, 8, -17], "size": [0, 3, 2], "pivot": [0, 4, 3], "rotation": [0, 45, 0], "uv": [119, 8]},
						{"origin": [-3, 6, -26], "size": [6, 3, 4], "inflate": -1, "uv": [65, 25]},
						{"origin": [-2, 6, -27], "size": [4, 3, 6], "inflate": -1, "uv": [65, 25]}
					]
				},
				{
					"name": "back",
					"parent": "rod",
					"pivot": [0, 0, 0],
					"locators": {
						"back": [
							0, 10, 30
						]
					}
				}
			]
		},
		{
			"description": {
				"identifier": "geometry.broomstick_b0",
				"texture_width": 128,
				"texture_height": 128,
				"visible_bounds_width": 7,
				"visible_bounds_height": 4,
				"visible_bounds_offset": [0, 1, 0]
			},
			"bones": [
				{
					"name": "rod",
					"pivot": [0, 0, 0],
					"cubes": [
						{"origin": [-2, 8, -9], "size": [4, 4, 26], "uv": [0, 0]},
						{"origin": [-3, 12, -3], "size": [6, 1, 6], "uv": [100, 55]},
						{"origin": [-2, 7, -1], "size": [4, 1, 2], "uv": [106, 57]},
						{"origin": [2, 8, -1], "size": [1, 4, 2], "uv": [105, 55]},
						{"origin": [1, 19, 5], "size": [6, 1, 10], "inflate": -1, "pivot": [-2, 15, 1], "rotation": [0, 0, 90], "uv": [96, 53]},
						{"origin": [1, 21, 5], "size": [6, 1, 10], "inflate": -1, "pivot": [-2, 15, 1], "rotation": [0, 0, 90], "uv": [96, 53]},
						{"origin": [-9, 21, 7], "size": [3, 1, 8], "inflate": -1, "pivot": [-2, 15, 2], "rotation": [0, 0, -180], "uv": [96, 44]},
						{"origin": [-9, 20, 6], "size": [3, 1, 8], "inflate": -1, "pivot": [-2, 15, 1], "rotation": [0, 0, -180], "uv": [96, 44]},
						{"origin": [-9, 19, 5], "size": [3, 1, 10], "inflate": -1, "pivot": [-2, 15, 1], "rotation": [0, 0, -180], "uv": [99, 53]},
						{"origin": [-3, 8, -1], "size": [1, 4, 2], "uv": [106, 55]},
						{"origin": [-2, 7, -17], "size": [4, 4, 8], "pivot": [0, 7, -1], "rotation": [-7.5, 0, 0], "uv": [0, 0]},
						{"origin": [-2, 10, 15], "size": [4, 4, 8], "pivot": [0, -9, -7], "rotation": [-5, 0, 0], "uv": [0, 52]},
						{"origin": [-2, 23, -4], "size": [4, 1, 4], "pivot": [0, -9, -7], "rotation": [-40, 0, 0], "uv": [5, 49]},
						{"origin": [0, 23, -5], "size": [2, 1, 1], "pivot": [0, -9, -7], "rotation": [-40, 0, 0], "uv": [5, 49]},
						{"origin": [19, 7, 7], "size": [4, 1, 4], "pivot": [0, -9, -7], "rotation": [-40, -5, -90], "uv": [5, 49]},
						{"origin": [19, -26, 7], "size": [4, 1, 4], "pivot": [0, -9, -7], "rotation": [40, -5, -90], "uv": [5, 49]},
						{"origin": [20, -26, 6], "size": [3, 1, 1], "pivot": [0, -9, -7], "rotation": [40, -5, -90], "uv": [5, 49]},
						{"origin": [-2, -13, 20], "size": [4, 1, 4], "pivot": [0, -9, -7], "rotation": [40, 0, 0], "uv": [5, 49]},
						{"origin": [-2, 10, 22], "size": [4, 4, 2], "inflate": 0.2, "pivot": [0, -9, -7], "rotation": [-5, 0, 0], "uv": [88, 85]},
						{"origin": [-2, 10, 15], "size": [4, 4, 1], "inflate": 0.2, "pivot": [0, -9, -7], "rotation": [-5, 0, 0], "uv": [0, 3]},
						{"origin": [-2, 10, 18], "size": [4, 4, 2], "inflate": 0.2, "pivot": [0, -9, -7], "rotation": [-5, 0, 0], "uv": [90, 82]},
						{"origin": [-2, 9, -30], "size": [4, 4, 14], "inflate": -0.1, "pivot": [0, 4, -15], "rotation": [-2.5, 0, 0], "uv": [0, 0]},
						{"origin": [-3, 7, 25], "size": [1, 4, 8], "pivot": [0, 9, 28], "rotation": [-5, -25, 0], "uv": [0, 48]},
						{"origin": [-2, 7, 25], "size": [1, 4, 18], "pivot": [0, 9, 28], "rotation": [-5, -20, 0], "uv": [0, 37]},
						{"origin": [2, 7, 25], "size": [1, 4, 10], "pivot": [0, 9, 28], "rotation": [-5, 25, 0], "uv": [0, 47]},
						{"origin": [1, 7, 25], "size": [1, 4, 18], "pivot": [0, 9, 28], "rotation": [-5, 20, 0], "uv": [0, 43]},
						{"origin": [-2, 11, 25], "size": [4, 1, 13], "pivot": [0, 9, 28], "rotation": [25, 0, 0], "uv": [0, 46]},
						{"origin": [-2, 10, 25], "size": [4, 1, 15], "pivot": [0, 9, 28], "rotation": [20, 0, 0], "uv": [0, 46]},
						{"origin": [-2, 10, 27], "size": [4, 1, 13], "pivot": [0, 9, 28], "rotation": [20, 2.5, 47.5], "uv": [0, 48]},
						{"origin": [-2, 11, 29], "size": [4, 1, 17], "pivot": [0, 9, 28], "rotation": [10, 2.5, 47.5], "uv": [0, 46]},
						{"origin": [-2, 14, 39], "size": [4, 1, 8], "pivot": [0, 9, 28], "rotation": [0, 2.5, 95], "uv": [0, 55]},
						{"origin": [-2, 4, 39], "size": [4, 1, 8], "pivot": [0, 9, 12], "rotation": [0, 2.5, 95], "uv": [0, 55]},
						{"origin": [-2, 3, 37], "size": [4, 1, 9], "pivot": [0, 9, 28], "rotation": [0, 2.5, 47.5], "uv": [1, 49]},
						{"origin": [-3, 2, 39], "size": [4, 1, 7], "pivot": [0, 9, 28], "rotation": [0, 0, -45], "uv": [0, 51]},
						{"origin": [-3, 13, 39], "size": [4, 1, 7], "pivot": [0, 9, 28], "rotation": [0, 2.5, -45], "uv": [0, 56]},
						{"origin": [-2, 7, 27], "size": [4, 1, 15], "pivot": [0, 9, 26], "rotation": [-20, 2.5, 47.5], "uv": [0, 45]},
						{"origin": [-2, 10, 32], "size": [4, 1, 9], "pivot": [0, 9, 27], "rotation": [22.5, 2.5, 137.5], "uv": [0, 47]},
						{"origin": [-3, 10, 30], "size": [4, 1, 11], "pivot": [0, 9, 28], "rotation": [17.5, 5, -50], "uv": [0, 51]},
						{"origin": [-2, 6, 25], "size": [4, 1, 7], "pivot": [0, 9, 28], "rotation": [-30, 0, 0], "uv": [0, 48]},
						{"origin": [-2, 7, 25], "size": [4, 1, 17], "pivot": [0, 9, 28], "rotation": [-25, 0, 0], "uv": [0, 43]},
						{"origin": [-2, 2, 39], "size": [4, 1, 9], "uv": [0, 52]},
						{"origin": [-3, 3, 39], "size": [6, 11, 3], "uv": [0, 47]},
						{"origin": [-4, 4, 39], "size": [9, 8, 3], "uv": [0, 50]},
						{"origin": [-2, 13, 41], "size": [4, 1, 6], "uv": [0, 57]}
					]
				},
				{
					"name": "lantern",
					"parent": "rod",
					"pivot": [0, 9, -24],
					"cubes": [
						{"origin": [-3, 1, -27], "size": [6, 7, 6], "inflate": -1, "uv": [63, 13]},
						{"origin": [-19, 8, -17], "size": [0, 3, 2], "pivot": [0, 7, 3], "rotation": [0, -45, 0], "uv": [119, 8]},
						{"origin": [19, 8, -17], "size": [0, 3, 2], "pivot": [0, 4, 3], "rotation": [0, 45, 0], "uv": [119, 8]},
						{"origin": [-3, 6, -26], "size": [6, 3, 4], "inflate": -1, "uv": [65, 25]},
						{"origin": [-2, 6, -27], "size": [4, 3, 6], "inflate": -1, "uv": [65, 25]}
					]
				},
				{
					"name": "back",
					"parent": "rod",
					"pivot": [0, 0, 0],
					"locators": {
						"back": [
							0, 10, 30
						]
					}
				}
			]
		}
 ]
 }
