{
	"format_version": "1.12.0",
	"minecraft:geometry": [
		{
			"description": {
				"identifier": "geometry.broomstick_a3",
				"texture_width": 128,
				"texture_height": 128,
				"visible_bounds_width": 8,
				"visible_bounds_height": 4,
				"visible_bounds_offset": [0, 1, 0]
			},
			"bones": [
				{
					"name": "rod",
					"pivot": [0, 0, 0],
					"cubes": [
						{"origin": [-2, 8, -9], "size": [4, 4, 26], "uv": [0, 0]},
						{"origin": [-3, 12, 19], "size": [6, 7, 1], "uv": [0, 98]},
						{"origin": [-3, 11, 26], "size": [6, 8, 1], "uv": [1, 100]},
						{"origin": [3, 11, 20], "size": [1, 8, 6], "uv": [4, 97]},
						{"origin": [-4, 11, 20], "size": [1, 8, 6], "uv": [0, 97]},
						{"origin": [-3, 11, 20], "size": [6, 1, 6], "uv": [0, 102]},
						{"origin": [-3, 12, 20], "size": [6, 5, 6], "uv": [0, 117]},
						{"origin": [1.5, 16.5, 21], "size": [1, 1, 1], "uv": [32, 73]},
						{"origin": [-2.5, 16.5, 21], "size": [1, 1, 1], "uv": [32, 73]},
						{"origin": [-1.5, 16.5, 23], "size": [1, 1, 2], "uv": [106, 46]},
						{"origin": [0.5, 16.5, 23], "size": [2, 1, 1], "uv": [106, 46]},
						{"origin": [-2.5, 14.5, 7], "size": [5, 4, 5], "inflate": -0.6, "uv": [32, 64]},
						{"origin": [-0.5, 15.5, 7], "size": [1, 1, 1], "uv": [32, 73]},
						{"origin": [-0.7, 17.5, 9], "size": [2, 3, 1], "inflate": -0.2, "pivot": [2, 20, 8], "rotation": [0, 25, 0], "uv": [58, 64]},
						{"origin": [-1.3, 17.5, 9.5], "size": [2, 4, 1], "inflate": -0.2, "pivot": [-1, 20, 8], "rotation": [0, -25, 0], "uv": [52, 64]},
						{"origin": [-3, 13, 9], "size": [6, 5, 9], "inflate": -1, "pivot": [0, 14, 9], "rotation": [-17.5, 0, 0], "uv": [1, 65]},
						{"origin": [-1.5, 13, 16], "size": [3, 3, 2], "pivot": [0, 14, 9], "rotation": [-17.5, 0, 0], "uv": [52, 70]},
						{"origin": [1, 10, 10], "size": [2, 5, 2], "inflate": -0.2, "pivot": [0, 14, 9], "rotation": [-7.5, 0, 0], "uv": [0, 79]},
						{"origin": [1, 12, 14], "size": [2, 4, 5], "inflate": -0.5, "pivot": [0, 14, 9], "rotation": [-17.5, 0, 0], "uv": [16, 79]},
						{"origin": [-3, 12, 14], "size": [2, 4, 5], "inflate": -0.5, "pivot": [0, 14, 9], "rotation": [-17.5, 0, 0], "uv": [30, 79]},
						{"origin": [-2.5, 11.66364, 14.82045], "size": [2, 1, 4], "pivot": [0, 9, 16], "rotation": [-50, 0, 0], "uv": [29, 91]},
						{"origin": [0.5, 11.66364, 14.82045], "size": [2, 1, 4], "pivot": [0, 9, 16], "rotation": [-50, 0, 0], "uv": [11, 91]},
						{"origin": [-3, 10, 10], "size": [2, 5, 2], "inflate": -0.2, "pivot": [0, 14, 9], "rotation": [-7.5, 0, 0], "uv": [8, 79]},
						{"origin": [-3, 12, -3], "size": [6, 1, 6], "uv": [100, 55]},
						{"origin": [-2, 7, -1], "size": [4, 1, 2], "uv": [106, 57]},
						{"origin": [2, 8, -1], "size": [1, 4, 2], "uv": [105, 55]},
						{"origin": [1, 19, 5], "size": [6, 1, 10], "inflate": -1, "pivot": [-2, 15, 1], "rotation": [0, 0, 90], "uv": [96, 53]},
						{"origin": [1, 21, 5], "size": [6, 1, 10], "inflate": -1, "pivot": [-2, 15, 1], "rotation": [0, 0, 90], "uv": [96, 53]},
						{"origin": [-9, 21, 7], "size": [3, 1, 8], "inflate": -1, "pivot": [-2, 15, 2], "rotation": [0, 0, -180], "uv": [96, 44]},
						{"origin": [-9, 20, 6], "size": [3, 1, 8], "inflate": -1, "pivot": [-2, 15, 1], "rotation": [0, 0, -180], "uv": [96, 44]},
						{"origin": [-9, 19, 5], "size": [3, 1, 10], "inflate": -1, "pivot": [-2, 15, 1], "rotation": [0, 0, -180], "uv": [99, 53]},
						{"origin": [-3, 8, -1], "size": [1, 4, 2], "uv": [106, 55]},
						{"origin": [-19.9, -1, -6], "size": [27, 16, 16], "inflate": -4, "pivot": [-9, 6, 2], "rotation": [142.5, 180, 0], "uv": [71, 65]},
						{"origin": [-24.3, -1, -15], "size": [27, 16, 16], "inflate": -4, "pivot": [-9, 6, -7], "rotation": [142.5, 180, 0], "uv": [71, 65]},
						{"origin": [-24.3, -1, -17], "size": [27, 16, 16], "inflate": -4, "pivot": [-9, 6, -9], "rotation": [160, 180, 0], "uv": [71, 65]},
						{"origin": [-19.9, -1, -4], "size": [27, 16, 16], "inflate": -4, "pivot": [-9, 6, 4], "rotation": [130, 180, 0], "uv": [71, 65]},
						{"origin": [-17.9, 2, -4], "size": [27, 16, 16], "inflate": -4, "pivot": [-8, 6, 3], "rotation": [110, 180, 0], "uv": [71, 65]},
						{"origin": [-2, 7, -17], "size": [4, 4, 8], "pivot": [0, 7, -1], "rotation": [-7.5, 0, 0], "uv": [0, 0]},
						{"origin": [-2, 10, 15], "size": [4, 4, 8], "pivot": [0, -9, -7], "rotation": [-5, 0, 0], "uv": [0, 44]},
						{"origin": [-2, 23, -3], "size": [4, 1, 3], "pivot": [0, -9, -7], "rotation": [-40, 0, 0], "uv": [5, 49]},
						{"origin": [19, 7, 7], "size": [4, 1, 4], "pivot": [0, -9, -7], "rotation": [-40, -5, -90], "uv": [5, 49]},
						{"origin": [19, -26, 7], "size": [4, 1, 4], "pivot": [0, -9, -7], "rotation": [40, -5, -90], "uv": [5, 49]},
						{"origin": [20, -26, 6], "size": [3, 1, 1], "pivot": [0, -9, -7], "rotation": [40, -5, -90], "uv": [5, 49]},
						{"origin": [-2, -13, 20], "size": [4, 1, 4], "pivot": [0, -9, -7], "rotation": [40, 0, 0], "uv": [5, 49]},
						{"origin": [-2, 10, 22], "size": [4, 4, 2], "inflate": 0.2, "pivot": [0, -9, -7], "rotation": [-5, 0, 0], "uv": [1, 118]},
						{"origin": [-2, 10, 15], "size": [4, 4, 1], "inflate": 0.2, "pivot": [0, -9, -7], "rotation": [-5, 0, 0], "uv": [0, 3]},
						{"origin": [-2, 10, 18], "size": [4, 4, 2], "inflate": 0.2, "pivot": [0, -9, -7], "rotation": [-5, 0, 0], "uv": [3, 115]},
						{"origin": [-2, 9, -30], "size": [4, 4, 14], "inflate": -0.1, "pivot": [0, 4, -15], "rotation": [-2.5, 0, 0], "uv": [0, 0]},
						{"origin": [-3, 7, 25], "size": [1, 4, 8], "pivot": [0, 9, 28], "rotation": [-5, -25, 0], "uv": [0, 47]},
						{"origin": [-2, 7, 25], "size": [1, 4, 18], "pivot": [0, 9, 28], "rotation": [-5, -20, 0], "uv": [0, 40]},
						{"origin": [2, 7, 25], "size": [1, 4, 10], "pivot": [0, 9, 28], "rotation": [-5, 25, 0], "uv": [0, 48]},
						{"origin": [1, 7, 25], "size": [1, 4, 18], "pivot": [0, 9, 28], "rotation": [-5, 20, 0], "uv": [0, 41]},
						{"origin": [-2, 11, 25], "size": [4, 1, 13], "pivot": [0, 9, 28], "rotation": [25, 0, 0], "uv": [0, 49]},
						{"origin": [-2, 10, 25], "size": [4, 1, 15], "pivot": [0, 9, 28], "rotation": [20, 0, 0], "uv": [0, 46]},
						{"origin": [-2, 10, 27], "size": [4, 1, 13], "pivot": [0, 9, 28], "rotation": [20, 2.5, 47.5], "uv": [0, 48]},
						{"origin": [-2, 11, 29], "size": [4, 1, 17], "pivot": [0, 9, 28], "rotation": [10, 2.5, 47.5], "uv": [0, 46]},
						{"origin": [-2, 14, 39], "size": [4, 1, 8], "pivot": [0, 9, 28], "rotation": [0, 2.5, 95], "uv": [0, 55]},
						{"origin": [-2, 4, 39], "size": [4, 1, 8], "pivot": [0, 9, 12], "rotation": [0, 2.5, 95], "uv": [0, 55]},
						{"origin": [-2, 3, 37], "size": [4, 1, 9], "pivot": [0, 9, 28], "rotation": [0, 2.5, 47.5], "uv": [0, 54]},
						{"origin": [-3, 2, 39], "size": [4, 1, 7], "pivot": [0, 9, 28], "rotation": [0, 0, -45], "uv": [0, 51]},
						{"origin": [-3, 13, 39], "size": [4, 1, 7], "pivot": [0, 9, 28], "rotation": [0, 2.5, -45], "uv": [0, 56]},
						{"origin": [-2, 7, 27], "size": [4, 1, 15], "pivot": [0, 9, 26], "rotation": [-20, 2.5, 47.5], "uv": [0, 45]},
						{"origin": [-2, 10, 32], "size": [4, 1, 9], "pivot": [0, 9, 27], "rotation": [22.5, 2.5, 137.5], "uv": [0, 48]},
						{"origin": [-3, 10, 30], "size": [4, 1, 11], "pivot": [0, 9, 28], "rotation": [17.5, 5, -50], "uv": [0, 51]},
						{"origin": [-2, 6, 25], "size": [4, 1, 7], "pivot": [0, 9, 28], "rotation": [-30, 0, 0], "uv": [0, 52]},
						{"origin": [-2, 7, 25], "size": [4, 1, 17], "pivot": [0, 9, 28], "rotation": [-25, 0, 0], "uv": [0, 42]},
						{"origin": [-2, 2, 39], "size": [4, 1, 9], "uv": [0, 54]},
						{"origin": [-3, 3, 39], "size": [6, 11, 3], "uv": [0, 45]},
						{"origin": [-4, 4, 39], "size": [9, 8, 3], "uv": [0, 48]},
						{"origin": [-2, 13, 41], "size": [4, 1, 6], "uv": [0, 57]}
					]
				},
				{
					"name": "lantern",
					"parent": "rod",
					"pivot": [0, 9, -24],
					"cubes": [
						{"origin": [-3, 1, -27], "size": [6, 7, 6], "inflate": -1, "uv": [63, 13]},
						{"origin": [-19, 8, -17], "size": [0, 3, 2], "pivot": [0, 7, 3], "rotation": [0, -45, 0], "uv": [119, 8]},
						{"origin": [19, 8, -17], "size": [0, 3, 2], "pivot": [0, 4, 3], "rotation": [0, 45, 0], "uv": [119, 8]},
						{"origin": [-3, 6, -26], "size": [6, 3, 4], "inflate": -1, "uv": [65, 25]},
						{"origin": [-2, 6, -27], "size": [4, 3, 6], "inflate": -1, "uv": [65, 25]}
					]
				},
				{
					"name": "back",
					"parent": "rod",
					"pivot": [0, 0, 0],
					"locators": {
						"back": [
							0, 10, 30
						]
					}
				}
			]
		},
  {
			"description": {
				"identifier": "geometry.broomstick_a2",
				"texture_width": 128,
				"texture_height": 128,
				"visible_bounds_width": 8,
				"visible_bounds_height": 4,
				"visible_bounds_offset": [0, 1, 0]
			},
			"bones": [
				{
					"name": "rod",
					"pivot": [0, 0, 0],
					"cubes": [
						{"origin": [-2, 8, -9], "size": [4, 4, 26], "uv": [0, 0]},
						{"origin": [-2.5, 14.5, 7], "size": [5, 4, 5], "inflate": -0.6, "uv": [32, 64]},
						{"origin": [-0.5, 15.5, 7], "size": [1, 1, 1], "uv": [32, 73]},
						{"origin": [-0.7, 17.5, 9], "size": [2, 3, 1], "inflate": -0.2, "pivot": [2, 20, 8], "rotation": [0, 25, 0], "uv": [58, 64]},
						{"origin": [-1.3, 17.5, 9.5], "size": [2, 4, 1], "inflate": -0.2, "pivot": [-1, 20, 8], "rotation": [0, -25, 0], "uv": [52, 64]},
						{"origin": [-3, 13, 9], "size": [6, 5, 9], "inflate": -1, "pivot": [0, 14, 9], "rotation": [-17.5, 0, 0], "uv": [1, 65]},
						{"origin": [-1.5, 13, 16], "size": [3, 3, 2], "pivot": [0, 14, 9], "rotation": [-17.5, 0, 0], "uv": [52, 70]},
						{"origin": [1, 10, 10], "size": [2, 5, 2], "inflate": -0.2, "pivot": [0, 14, 9], "rotation": [-7.5, 0, 0], "uv": [0, 79]},
						{"origin": [1, 12, 14], "size": [2, 4, 5], "inflate": -0.5, "pivot": [0, 14, 9], "rotation": [-17.5, 0, 0], "uv": [16, 79]},
						{"origin": [-3, 12, 14], "size": [2, 4, 5], "inflate": -0.5, "pivot": [0, 14, 9], "rotation": [-17.5, 0, 0], "uv": [30, 79]},
						{"origin": [-2.5, 11.66364, 14.82045], "size": [2, 1, 4], "pivot": [0, 9, 16], "rotation": [-50, 0, 0], "uv": [29, 91]},
						{"origin": [0.5, 11.66364, 14.82045], "size": [2, 1, 4], "pivot": [0, 9, 16], "rotation": [-50, 0, 0], "uv": [11, 91]},
						{"origin": [-3, 10, 10], "size": [2, 5, 2], "inflate": -0.2, "pivot": [0, 14, 9], "rotation": [-7.5, 0, 0], "uv": [8, 79]},
						{"origin": [-3, 12, -3], "size": [6, 1, 6], "uv": [100, 55]},
						{"origin": [-2, 7, -1], "size": [4, 1, 2], "uv": [106, 57]},
						{"origin": [2, 8, -1], "size": [1, 4, 2], "uv": [105, 55]},
						{"origin": [1, 19, 5], "size": [6, 1, 10], "inflate": -1, "pivot": [-2, 15, 1], "rotation": [0, 0, 90], "uv": [96, 53]},
						{"origin": [1, 21, 5], "size": [6, 1, 10], "inflate": -1, "pivot": [-2, 15, 1], "rotation": [0, 0, 90], "uv": [96, 53]},
						{"origin": [-9, 21, 7], "size": [3, 1, 8], "inflate": -1, "pivot": [-2, 15, 2], "rotation": [0, 0, -180], "uv": [96, 44]},
						{"origin": [-9, 20, 6], "size": [3, 1, 8], "inflate": -1, "pivot": [-2, 15, 1], "rotation": [0, 0, -180], "uv": [96, 44]},
						{"origin": [-9, 19, 5], "size": [3, 1, 10], "inflate": -1, "pivot": [-2, 15, 1], "rotation": [0, 0, -180], "uv": [99, 53]},
						{"origin": [-3, 8, -1], "size": [1, 4, 2], "uv": [106, 55]},
						{"origin": [-2, 7, -17], "size": [4, 4, 8], "pivot": [0, 7, -1], "rotation": [-7.5, 0, 0], "uv": [0, 0]},
						{"origin": [-2, 10, 15], "size": [4, 4, 8], "pivot": [0, -9, -7], "rotation": [-5, 0, 0], "uv": [0, 44]},
						{"origin": [-2, 23, -3], "size": [4, 1, 3], "pivot": [0, -9, -7], "rotation": [-40, 0, 0], "uv": [5, 49]},
						{"origin": [19, 7, 7], "size": [4, 1, 4], "pivot": [0, -9, -7], "rotation": [-40, -5, -90], "uv": [5, 49]},
						{"origin": [19, -26, 7], "size": [4, 1, 4], "pivot": [0, -9, -7], "rotation": [40, -5, -90], "uv": [5, 49]},
						{"origin": [20, -26, 6], "size": [3, 1, 1], "pivot": [0, -9, -7], "rotation": [40, -5, -90], "uv": [5, 49]},
						{"origin": [-2, -13, 20], "size": [4, 1, 4], "pivot": [0, -9, -7], "rotation": [40, 0, 0], "uv": [5, 49]},
						{"origin": [-2, 10, 22], "size": [4, 4, 2], "inflate": 0.2, "pivot": [0, -9, -7], "rotation": [-5, 0, 0], "uv": [1, 118]},
						{"origin": [-2, 10, 15], "size": [4, 4, 1], "inflate": 0.2, "pivot": [0, -9, -7], "rotation": [-5, 0, 0], "uv": [0, 3]},
						{"origin": [-2, 10, 18], "size": [4, 4, 2], "inflate": 0.2, "pivot": [0, -9, -7], "rotation": [-5, 0, 0], "uv": [3, 115]},
						{"origin": [-2, 9, -30], "size": [4, 4, 14], "inflate": -0.1, "pivot": [0, 4, -15], "rotation": [-2.5, 0, 0], "uv": [0, 0]},
						{"origin": [-3, 7, 25], "size": [1, 4, 8], "pivot": [0, 9, 28], "rotation": [-5, -25, 0], "uv": [0, 47]},
						{"origin": [-2, 7, 25], "size": [1, 4, 18], "pivot": [0, 9, 28], "rotation": [-5, -20, 0], "uv": [0, 40]},
						{"origin": [2, 7, 25], "size": [1, 4, 10], "pivot": [0, 9, 28], "rotation": [-5, 25, 0], "uv": [0, 48]},
						{"origin": [1, 7, 25], "size": [1, 4, 18], "pivot": [0, 9, 28], "rotation": [-5, 20, 0], "uv": [0, 41]},
						{"origin": [-2, 11, 25], "size": [4, 1, 13], "pivot": [0, 9, 28], "rotation": [25, 0, 0], "uv": [0, 49]},
						{"origin": [-2, 10, 25], "size": [4, 1, 15], "pivot": [0, 9, 28], "rotation": [20, 0, 0], "uv": [0, 46]},
						{"origin": [-2, 10, 27], "size": [4, 1, 13], "pivot": [0, 9, 28], "rotation": [20, 2.5, 47.5], "uv": [0, 48]},
						{"origin": [-2, 11, 29], "size": [4, 1, 17], "pivot": [0, 9, 28], "rotation": [10, 2.5, 47.5], "uv": [0, 46]},
						{"origin": [-2, 14, 39], "size": [4, 1, 8], "pivot": [0, 9, 28], "rotation": [0, 2.5, 95], "uv": [0, 55]},
						{"origin": [-2, 4, 39], "size": [4, 1, 8], "pivot": [0, 9, 12], "rotation": [0, 2.5, 95], "uv": [0, 55]},
						{"origin": [-2, 3, 37], "size": [4, 1, 9], "pivot": [0, 9, 28], "rotation": [0, 2.5, 47.5], "uv": [0, 54]},
						{"origin": [-3, 2, 39], "size": [4, 1, 7], "pivot": [0, 9, 28], "rotation": [0, 0, -45], "uv": [0, 51]},
						{"origin": [-3, 13, 39], "size": [4, 1, 7], "pivot": [0, 9, 28], "rotation": [0, 2.5, -45], "uv": [0, 56]},
						{"origin": [-2, 7, 27], "size": [4, 1, 15], "pivot": [0, 9, 26], "rotation": [-20, 2.5, 47.5], "uv": [0, 45]},
						{"origin": [-2, 10, 32], "size": [4, 1, 9], "pivot": [0, 9, 27], "rotation": [22.5, 2.5, 137.5], "uv": [0, 48]},
						{"origin": [-3, 10, 30], "size": [4, 1, 11], "pivot": [0, 9, 28], "rotation": [17.5, 5, -50], "uv": [0, 51]},
						{"origin": [-2, 6, 25], "size": [4, 1, 7], "pivot": [0, 9, 28], "rotation": [-30, 0, 0], "uv": [0, 52]},
						{"origin": [-2, 7, 25], "size": [4, 1, 17], "pivot": [0, 9, 28], "rotation": [-25, 0, 0], "uv": [0, 42]},
						{"origin": [-2, 2, 39], "size": [4, 1, 9], "uv": [0, 54]},
						{"origin": [-3, 3, 39], "size": [6, 11, 3], "uv": [0, 45]},
						{"origin": [-4, 4, 39], "size": [9, 8, 3], "uv": [0, 48]},
						{"origin": [-2, 13, 41], "size": [4, 1, 6], "uv": [0, 57]}
					]
				},
				{
					"name": "lantern",
					"parent": "rod",
					"pivot": [0, 9, -24],
					"cubes": [
						{"origin": [-3, 1, -27], "size": [6, 7, 6], "inflate": -1, "uv": [63, 13]},
						{"origin": [-19, 8, -17], "size": [0, 3, 2], "pivot": [0, 7, 3], "rotation": [0, -45, 0], "uv": [119, 8]},
						{"origin": [19, 8, -17], "size": [0, 3, 2], "pivot": [0, 4, 3], "rotation": [0, 45, 0], "uv": [119, 8]},
						{"origin": [-3, 6, -26], "size": [6, 3, 4], "inflate": -1, "uv": [65, 25]},
						{"origin": [-2, 6, -27], "size": [4, 3, 6], "inflate": -1, "uv": [65, 25]}
					]
				},
				{
					"name": "back",
					"parent": "rod",
					"pivot": [0, 0, 0],
					"locators": {
						"back": [
							0, 10, 30
						]
					}
				}
			]
		},
		{
			"description": {
				"identifier": "geometry.broomstick_a1",
				"texture_width": 128,
				"texture_height": 128,
				"visible_bounds_width": 8,
				"visible_bounds_height": 4,
				"visible_bounds_offset": [0, 1, 0]
			},
			"bones": [
				{
					"name": "rod",
					"pivot": [0, 0, 0],
					"cubes": [
						{"origin": [-2, 8, -9], "size": [4, 4, 26], "uv": [0, 0]},
						{"origin": [-3, 12, 19], "size": [6, 7, 1], "uv": [0, 98]},
						{"origin": [-3, 11, 26], "size": [6, 8, 1], "uv": [1, 100]},
						{"origin": [3, 11, 20], "size": [1, 8, 6], "uv": [4, 97]},
						{"origin": [-4, 11, 20], "size": [1, 8, 6], "uv": [0, 97]},
						{"origin": [-3, 11, 20], "size": [6, 1, 6], "uv": [0, 102]},
						{"origin": [-3, 12, 20], "size": [6, 5, 6], "uv": [0, 117]},
						{"origin": [1.5, 16.5, 21], "size": [1, 1, 1], "uv": [32, 73]},
						{"origin": [-2.5, 16.5, 21], "size": [1, 1, 1], "uv": [32, 73]},
						{"origin": [-1.5, 16.5, 23], "size": [1, 1, 2], "uv": [106, 46]},
						{"origin": [0.5, 16.5, 23], "size": [2, 1, 1], "uv": [106, 46]},
						{"origin": [-3, 12, -3], "size": [6, 1, 6], "uv": [100, 55]},
						{"origin": [-2, 7, -1], "size": [4, 1, 2], "uv": [106, 57]},
						{"origin": [2, 8, -1], "size": [1, 4, 2], "uv": [105, 55]},
						{"origin": [1, 19, 5], "size": [6, 1, 10], "inflate": -1, "pivot": [-2, 15, 1], "rotation": [0, 0, 90], "uv": [96, 53]},
						{"origin": [1, 21, 5], "size": [6, 1, 10], "inflate": -1, "pivot": [-2, 15, 1], "rotation": [0, 0, 90], "uv": [96, 53]},
						{"origin": [-9, 21, 7], "size": [3, 1, 8], "inflate": -1, "pivot": [-2, 15, 2], "rotation": [0, 0, -180], "uv": [96, 44]},
						{"origin": [-9, 20, 6], "size": [3, 1, 8], "inflate": -1, "pivot": [-2, 15, 1], "rotation": [0, 0, -180], "uv": [96, 44]},
						{"origin": [-9, 19, 5], "size": [3, 1, 10], "inflate": -1, "pivot": [-2, 15, 1], "rotation": [0, 0, -180], "uv": [99, 53]},
						{"origin": [-3, 8, -1], "size": [1, 4, 2], "uv": [106, 55]},
						{"origin": [-19.9, -1, -6], "size": [27, 16, 16], "inflate": -4, "pivot": [-9, 6, 2], "rotation": [142.5, 180, 0], "uv": [71, 65]},
						{"origin": [-24.3, -1, -15], "size": [27, 16, 16], "inflate": -4, "pivot": [-9, 6, -7], "rotation": [142.5, 180, 0], "uv": [71, 65]},
						{"origin": [-24.3, -1, -17], "size": [27, 16, 16], "inflate": -4, "pivot": [-9, 6, -9], "rotation": [160, 180, 0], "uv": [71, 65]},
						{"origin": [-19.9, -1, -4], "size": [27, 16, 16], "inflate": -4, "pivot": [-9, 6, 4], "rotation": [130, 180, 0], "uv": [71, 65]},
						{"origin": [-17.9, 2, -4], "size": [27, 16, 16], "inflate": -4, "pivot": [-8, 6, 3], "rotation": [110, 180, 0], "uv": [71, 65]},
						{"origin": [-2, 7, -17], "size": [4, 4, 8], "pivot": [0, 7, -1], "rotation": [-7.5, 0, 0], "uv": [0, 0]},
						{"origin": [-2, 10, 15], "size": [4, 4, 8], "pivot": [0, -9, -7], "rotation": [-5, 0, 0], "uv": [0, 44]},
						{"origin": [-2, 23, -3], "size": [4, 1, 3], "pivot": [0, -9, -7], "rotation": [-40, 0, 0], "uv": [5, 49]},
						{"origin": [19, 7, 7], "size": [4, 1, 4], "pivot": [0, -9, -7], "rotation": [-40, -5, -90], "uv": [5, 49]},
						{"origin": [19, -26, 7], "size": [4, 1, 4], "pivot": [0, -9, -7], "rotation": [40, -5, -90], "uv": [5, 49]},
						{"origin": [20, -26, 6], "size": [3, 1, 1], "pivot": [0, -9, -7], "rotation": [40, -5, -90], "uv": [5, 49]},
						{"origin": [-2, -13, 20], "size": [4, 1, 4], "pivot": [0, -9, -7], "rotation": [40, 0, 0], "uv": [5, 49]},
						{"origin": [-2, 10, 22], "size": [4, 4, 2], "inflate": 0.2, "pivot": [0, -9, -7], "rotation": [-5, 0, 0], "uv": [1, 118]},
						{"origin": [-2, 10, 15], "size": [4, 4, 1], "inflate": 0.2, "pivot": [0, -9, -7], "rotation": [-5, 0, 0], "uv": [0, 3]},
						{"origin": [-2, 10, 18], "size": [4, 4, 2], "inflate": 0.2, "pivot": [0, -9, -7], "rotation": [-5, 0, 0], "uv": [3, 115]},
						{"origin": [-2, 9, -30], "size": [4, 4, 14], "inflate": -0.1, "pivot": [0, 4, -15], "rotation": [-2.5, 0, 0], "uv": [0, 0]},
						{"origin": [-3, 7, 25], "size": [1, 4, 8], "pivot": [0, 9, 28], "rotation": [-5, -25, 0], "uv": [0, 47]},
						{"origin": [-2, 7, 25], "size": [1, 4, 18], "pivot": [0, 9, 28], "rotation": [-5, -20, 0], "uv": [0, 40]},
						{"origin": [2, 7, 25], "size": [1, 4, 10], "pivot": [0, 9, 28], "rotation": [-5, 25, 0], "uv": [0, 48]},
						{"origin": [1, 7, 25], "size": [1, 4, 18], "pivot": [0, 9, 28], "rotation": [-5, 20, 0], "uv": [0, 41]},
						{"origin": [-2, 11, 25], "size": [4, 1, 13], "pivot": [0, 9, 28], "rotation": [25, 0, 0], "uv": [0, 49]},
						{"origin": [-2, 10, 25], "size": [4, 1, 15], "pivot": [0, 9, 28], "rotation": [20, 0, 0], "uv": [0, 46]},
						{"origin": [-2, 10, 27], "size": [4, 1, 13], "pivot": [0, 9, 28], "rotation": [20, 2.5, 47.5], "uv": [0, 48]},
						{"origin": [-2, 11, 29], "size": [4, 1, 17], "pivot": [0, 9, 28], "rotation": [10, 2.5, 47.5], "uv": [0, 46]},
						{"origin": [-2, 14, 39], "size": [4, 1, 8], "pivot": [0, 9, 28], "rotation": [0, 2.5, 95], "uv": [0, 55]},
						{"origin": [-2, 4, 39], "size": [4, 1, 8], "pivot": [0, 9, 12], "rotation": [0, 2.5, 95], "uv": [0, 55]},
						{"origin": [-2, 3, 37], "size": [4, 1, 9], "pivot": [0, 9, 28], "rotation": [0, 2.5, 47.5], "uv": [0, 54]},
						{"origin": [-3, 2, 39], "size": [4, 1, 7], "pivot": [0, 9, 28], "rotation": [0, 0, -45], "uv": [0, 51]},
						{"origin": [-3, 13, 39], "size": [4, 1, 7], "pivot": [0, 9, 28], "rotation": [0, 2.5, -45], "uv": [0, 56]},
						{"origin": [-2, 7, 27], "size": [4, 1, 15], "pivot": [0, 9, 26], "rotation": [-20, 2.5, 47.5], "uv": [0, 45]},
						{"origin": [-2, 10, 32], "size": [4, 1, 9], "pivot": [0, 9, 27], "rotation": [22.5, 2.5, 137.5], "uv": [0, 48]},
						{"origin": [-3, 10, 30], "size": [4, 1, 11], "pivot": [0, 9, 28], "rotation": [17.5, 5, -50], "uv": [0, 51]},
						{"origin": [-2, 6, 25], "size": [4, 1, 7], "pivot": [0, 9, 28], "rotation": [-30, 0, 0], "uv": [0, 52]},
						{"origin": [-2, 7, 25], "size": [4, 1, 17], "pivot": [0, 9, 28], "rotation": [-25, 0, 0], "uv": [0, 42]},
						{"origin": [-2, 2, 39], "size": [4, 1, 9], "uv": [0, 54]},
						{"origin": [-3, 3, 39], "size": [6, 11, 3], "uv": [0, 45]},
						{"origin": [-4, 4, 39], "size": [9, 8, 3], "uv": [0, 48]},
						{"origin": [-2, 13, 41], "size": [4, 1, 6], "uv": [0, 57]}
					]
				},
				{
					"name": "lantern",
					"parent": "rod",
					"pivot": [0, 9, -24],
					"cubes": [
						{"origin": [-3, 1, -27], "size": [6, 7, 6], "inflate": -1, "uv": [63, 13]},
						{"origin": [-19, 8, -17], "size": [0, 3, 2], "pivot": [0, 7, 3], "rotation": [0, -45, 0], "uv": [119, 8]},
						{"origin": [19, 8, -17], "size": [0, 3, 2], "pivot": [0, 4, 3], "rotation": [0, 45, 0], "uv": [119, 8]},
						{"origin": [-3, 6, -26], "size": [6, 3, 4], "inflate": -1, "uv": [65, 25]},
						{"origin": [-2, 6, -27], "size": [4, 3, 6], "inflate": -1, "uv": [65, 25]}
					]
				},
				{
					"name": "back",
					"parent": "rod",
					"pivot": [0, 0, 0],
					"locators": {
						"back": [
							0, 10, 30
						]
					}
				}
			]
		},
		{
			"description": {
				"identifier": "geometry.broomstick_a0",
				"texture_width": 128,
				"texture_height": 128,
				"visible_bounds_width": 8,
				"visible_bounds_height": 4,
				"visible_bounds_offset": [0, 1, 0]
			},
			"bones": [
				{
					"name": "rod",
					"pivot": [0, 0, 0],
					"cubes": [
						{"origin": [-2, 8, -9], "size": [4, 4, 26], "uv": [0, 0]},
						{"origin": [-3, 12, -3], "size": [6, 1, 6], "uv": [100, 55]},
						{"origin": [-2, 7, -1], "size": [4, 1, 2], "uv": [106, 57]},
						{"origin": [2, 8, -1], "size": [1, 4, 2], "uv": [105, 55]},
						{"origin": [1, 19, 5], "size": [6, 1, 10], "inflate": -1, "pivot": [-2, 15, 1], "rotation": [0, 0, 90], "uv": [96, 53]},
						{"origin": [1, 21, 5], "size": [6, 1, 10], "inflate": -1, "pivot": [-2, 15, 1], "rotation": [0, 0, 90], "uv": [96, 53]},
						{"origin": [-9, 21, 7], "size": [3, 1, 8], "inflate": -1, "pivot": [-2, 15, 2], "rotation": [0, 0, -180], "uv": [96, 44]},
						{"origin": [-9, 20, 6], "size": [3, 1, 8], "inflate": -1, "pivot": [-2, 15, 1], "rotation": [0, 0, -180], "uv": [96, 44]},
						{"origin": [-9, 19, 5], "size": [3, 1, 10], "inflate": -1, "pivot": [-2, 15, 1], "rotation": [0, 0, -180], "uv": [99, 53]},
						{"origin": [-3, 8, -1], "size": [1, 4, 2], "uv": [106, 55]},
						{"origin": [-2, 7, -17], "size": [4, 4, 8], "pivot": [0, 7, -1], "rotation": [-7.5, 0, 0], "uv": [0, 0]},
						{"origin": [-2, 10, 15], "size": [4, 4, 8], "pivot": [0, -9, -7], "rotation": [-5, 0, 0], "uv": [0, 44]},
						{"origin": [-2, 23, -3], "size": [4, 1, 3], "pivot": [0, -9, -7], "rotation": [-40, 0, 0], "uv": [5, 49]},
						{"origin": [19, 7, 7], "size": [4, 1, 4], "pivot": [0, -9, -7], "rotation": [-40, -5, -90], "uv": [5, 49]},
						{"origin": [19, -26, 7], "size": [4, 1, 4], "pivot": [0, -9, -7], "rotation": [40, -5, -90], "uv": [5, 49]},
						{"origin": [20, -26, 6], "size": [3, 1, 1], "pivot": [0, -9, -7], "rotation": [40, -5, -90], "uv": [5, 49]},
						{"origin": [-2, -13, 20], "size": [4, 1, 4], "pivot": [0, -9, -7], "rotation": [40, 0, 0], "uv": [5, 49]},
						{"origin": [-2, 10, 22], "size": [4, 4, 2], "inflate": 0.2, "pivot": [0, -9, -7], "rotation": [-5, 0, 0], "uv": [1, 118]},
						{"origin": [-2, 10, 15], "size": [4, 4, 1], "inflate": 0.2, "pivot": [0, -9, -7], "rotation": [-5, 0, 0], "uv": [0, 3]},
						{"origin": [-2, 10, 18], "size": [4, 4, 2], "inflate": 0.2, "pivot": [0, -9, -7], "rotation": [-5, 0, 0], "uv": [3, 115]},
						{"origin": [-2, 9, -30], "size": [4, 4, 14], "inflate": -0.1, "pivot": [0, 4, -15], "rotation": [-2.5, 0, 0], "uv": [0, 0]},
						{"origin": [-3, 7, 25], "size": [1, 4, 8], "pivot": [0, 9, 28], "rotation": [-5, -25, 0], "uv": [0, 47]},
						{"origin": [-2, 7, 25], "size": [1, 4, 18], "pivot": [0, 9, 28], "rotation": [-5, -20, 0], "uv": [0, 40]},
						{"origin": [2, 7, 25], "size": [1, 4, 10], "pivot": [0, 9, 28], "rotation": [-5, 25, 0], "uv": [0, 48]},
						{"origin": [1, 7, 25], "size": [1, 4, 18], "pivot": [0, 9, 28], "rotation": [-5, 20, 0], "uv": [0, 41]},
						{"origin": [-2, 11, 25], "size": [4, 1, 13], "pivot": [0, 9, 28], "rotation": [25, 0, 0], "uv": [0, 49]},
						{"origin": [-2, 10, 25], "size": [4, 1, 15], "pivot": [0, 9, 28], "rotation": [20, 0, 0], "uv": [0, 46]},
						{"origin": [-2, 10, 27], "size": [4, 1, 13], "pivot": [0, 9, 28], "rotation": [20, 2.5, 47.5], "uv": [0, 48]},
						{"origin": [-2, 11, 29], "size": [4, 1, 17], "pivot": [0, 9, 28], "rotation": [10, 2.5, 47.5], "uv": [0, 46]},
						{"origin": [-2, 14, 39], "size": [4, 1, 8], "pivot": [0, 9, 28], "rotation": [0, 2.5, 95], "uv": [0, 55]},
						{"origin": [-2, 4, 39], "size": [4, 1, 8], "pivot": [0, 9, 12], "rotation": [0, 2.5, 95], "uv": [0, 55]},
						{"origin": [-2, 3, 37], "size": [4, 1, 9], "pivot": [0, 9, 28], "rotation": [0, 2.5, 47.5], "uv": [0, 54]},
						{"origin": [-3, 2, 39], "size": [4, 1, 7], "pivot": [0, 9, 28], "rotation": [0, 0, -45], "uv": [0, 51]},
						{"origin": [-3, 13, 39], "size": [4, 1, 7], "pivot": [0, 9, 28], "rotation": [0, 2.5, -45], "uv": [0, 56]},
						{"origin": [-2, 7, 27], "size": [4, 1, 15], "pivot": [0, 9, 26], "rotation": [-20, 2.5, 47.5], "uv": [0, 45]},
						{"origin": [-2, 10, 32], "size": [4, 1, 9], "pivot": [0, 9, 27], "rotation": [22.5, 2.5, 137.5], "uv": [0, 48]},
						{"origin": [-3, 10, 30], "size": [4, 1, 11], "pivot": [0, 9, 28], "rotation": [17.5, 5, -50], "uv": [0, 51]},
						{"origin": [-2, 6, 25], "size": [4, 1, 7], "pivot": [0, 9, 28], "rotation": [-30, 0, 0], "uv": [0, 52]},
						{"origin": [-2, 7, 25], "size": [4, 1, 17], "pivot": [0, 9, 28], "rotation": [-25, 0, 0], "uv": [0, 42]},
						{"origin": [-2, 2, 39], "size": [4, 1, 9], "uv": [0, 54]},
						{"origin": [-3, 3, 39], "size": [6, 11, 3], "uv": [0, 45]},
						{"origin": [-4, 4, 39], "size": [9, 8, 3], "uv": [0, 48]},
						{"origin": [-2, 13, 41], "size": [4, 1, 6], "uv": [0, 57]}
					]
				},
				{
					"name": "lantern",
					"parent": "rod",
					"pivot": [0, 9, -24],
					"cubes": [
						{"origin": [-3, 1, -27], "size": [6, 7, 6], "inflate": -1, "uv": [63, 13]},
						{"origin": [-19, 8, -17], "size": [0, 3, 2], "pivot": [0, 7, 3], "rotation": [0, -45, 0], "uv": [119, 8]},
						{"origin": [19, 8, -17], "size": [0, 3, 2], "pivot": [0, 4, 3], "rotation": [0, 45, 0], "uv": [119, 8]},
						{"origin": [-3, 6, -26], "size": [6, 3, 4], "inflate": -1, "uv": [65, 25]},
						{"origin": [-2, 6, -27], "size": [4, 3, 6], "inflate": -1, "uv": [65, 25]}
					]
				},
				{
					"name": "back",
					"parent": "rod",
					"pivot": [0, 0, 0],
					"locators": {
						"back": [
							0, 10, 30
						]
					}
				}
			]
		}
 ]
 }
