{"packs":[{"can_be_redownloaded":false,"name":"poppy-playtimechapter-in-2","uuid":"9a9133b1-f44f-34bd-a2fa-43f13c5b3ec1","version":[0,0,1]},{"can_be_redownloaded":false,"name":"mosyrr","uuid":"f8fa2ef1-7d82-4b25-8d7e-1e6ef1fad728","version":[0,0,1]},{"can_be_redownloaded":false,"name":{"en_US":"Invisible Touch Controls §ev8","es_ES":"Controles Táctiles Invisibles §ev8","es_MX":"Controles Táctiles Invisibles §ev8","pt_BR":"Controles de Toque Invisíveis §ev8","pt_PT":"Controles de Toque Invisíveis §ev8"},"subpacks_count":2,"uuid":"6930173c-1eec-319c-9060-3feda492abbe","version":[8,0,0]},{"can_be_redownloaded":false,"name":"§l§bFancy §9Misty §aShader","uuid":"db3fbfc2-8945-0c9b-906d-a957e87de078","version":[1,2,0]},{"can_be_redownloaded":false,"name":"Fantasy Vanilla Renewed §cQuality","uuid":"591c7df7-5139-3e0d-8835-0fe72b0e027c","version":[0,0,1]},{"can_be_redownloaded":false,"name":"HTRE Shader","uuid":"8d498e80-87d8-3b4a-9e98-5dbc7e8ed438","version":[0,0,1]},{"can_be_redownloaded":false,"name":"LBT Shader","uuid":"ba2d580a-451c-4eb1-86f4-8d451cabe0ce","version":[0,0,1]},{"can_be_redownloaded":false,"name":"mommysi","uuid":"6c9b6e9a-9aa9-4be5-ac7c-4813efb6f08b","version":[0,0,1]},{"can_be_redownloaded":false,"name":"Poppy playtime: §aC§bha§3pt§4er§f 2","uuid":"173708fd-39e5-4304-8220-e214e1c8b737","version":[0,0,1]},{"can_be_redownloaded":false,"name":"popppa","uuid":"388904f3-e6a8-4b3a-be71-c9fac2fc0341","version":[0,0,1]},{"can_be_redownloaded":false,"name":"tho perfect ","uuid":"208b72c9-9648-44af-be00-bac2cf54925c","version":[0,0,1]},{"can_be_redownloaded":false,"name":"e um papapa","uuid":"df20363c-174d-4a3d-baa8-80d2b4ca5cbc","version":[0,0,1]},{"can_be_redownloaded":false,"name":"love the you","uuid":"19461824-6440-405d-a66a-7df47fed40da","version":[0,0,1]},{"can_be_redownloaded":false,"name":"Enhanced Vanilla Shader","uuid":"c8c8a782-1afc-3fa4-9603-cc4c4cb48732","version":[0,0,1]}]}
