{
  "format_version": "1.10.0",
  "animation_controllers": {
    "controller.animation.chainsawMan_attack": {
      "states": {
        "default": {
          "transitions": [
            {
              "attack1": "query.mark_variant \u003d\u003d 1 \u0026\u0026 variable.attack_time\u003e0 \u0026\u0026 variable.random \u003d\u003d 0"
            },
            {
              "attack2": "query.mark_variant \u003d\u003d 1 \u0026\u0026 variable.attack_time\u003e0 \u0026\u0026 variable.random \u003d\u003d 1"
            },
            {
              "attack3": "query.mark_variant \u003d\u003d 1 \u0026\u0026 variable.attack_time\u003e0 \u0026\u0026 variable.random \u003d\u003d 2"
            }
          ],
          "blend_transition": 0.2
        },
        "attack1": {
          "animations": [
            "chainsaw_attack1"
          ],
          "transitions": [
            {
              "default": "query.all_animations_finished"
            }
          ],
          "blend_transition": 0.2
        },
        "attack2": {
          "animations": [
            "chainsaw_attack2"
          ],
          "transitions": [
            {
              "default": "query.all_animations_finished"
            }
          ],
          "blend_transition": 0.2
        },
        "attack3": {
          "animations": [
            "chainsaw_attack3"
          ],
          "transitions": [
            {
              "default": "query.all_animations_finished"
            }
          ],
          "blend_transition": 0.2
        }
      }
    }
  }
}