{
	"format_version": "1.8.0",
	"animations": {
		"animation.adabted_summoner.static": {
			"loop": true,
			"animation_length": 1,
			"bones": {
				"Head2": {
					"rotation": {
						"0.0": [0, 7.5, 0],
						"0.4583": [0, -2.5, 0],
						"1.0": [0, 7.5, 0]
					}
				},
				"bone6": {
					"rotation": {
						"0.0": [0, 0, -17.5],
						"0.5": [1.64003, -0.20484, -71.87872],
						"1.0": [0, 0, -17.5]
					}
				},
				"bone2": {
					"rotation": {
						"0.0": [6.11594, 4.60779, 51.56415],
						"0.5": [6.12, 4.61, 6.56],
						"1.0": [6.11594, 4.60779, 51.56415]
					}
				},
				"bone3": {
					"rotation": [0, 0, 20]
				},
				"bone4": {
					"rotation": [0, 0, 10]
				},
				"bone5": {
					"rotation": [6.82485, 0.99323, 21.48924]
				},
				"bone8": {
					"rotation": [0, 0, -22.5]
				},
				"bone9": {
					"rotation": [0, 0, -20]
				}
			}
		},
		"animation.adabted_summoner.move": {
			"loop": true,
			"animation_length": 1,
			"bones": {
				"Leg1": {
					"rotation": {
						"0.0": [0, 60, 0],
						"0.25": [0, 28.75, 27.5],
						"0.5": [0, -2.5, 0],
						"1.0": [0, 60, 0]
					}
				},
				"Leg2": {
					"rotation": {
						"0.0": [0, 15, 0],
						"0.5": [0, -62.5, 0],
						"0.7917": [0, -17.29, -27.5],
						"1.0": [0, 15, 0]
					}
				},
				"bone6": {
					"rotation": {
						"0.0": [0, 0, 15],
						"0.5": [0, 0, -32.5],
						"1.0": [0, 0, 15]
					}
				},
				"bone2": {
					"rotation": {
						"0.0": [0, 0, 20],
						"0.5": [0, 0, -10],
						"1.0": [0, 0, 20]
					}
				},
				"bone3": {
					"rotation": [0, 0, 15]
				},
				"bone4": {
					"rotation": [0, 0, 12.5]
				},
				"bone5": {
					"rotation": [8.94221, 9.1671, 12.69881]
				},
				"Leg3": {
					"rotation": {
						"0.0": [0, 62.5, 0],
						"0.5": [0, 2.5, 0],
						"0.7917": [0, 37.5, 37.5],
						"1.0": [0, 62.5, 0]
					}
				},
				"Leg4": {
					"rotation": {
						"0.0": [0, 12.5, 0],
						"0.25": [0, -18.75, -30],
						"0.5": [0, -50, 0],
						"1.0": [0, 12.5, 0]
					}
				},
				"bone7": {
					"rotation": [0, 0, -10]
				},
				"bone8": {
					"rotation": [0, 0, -15]
				},
				"bone9": {
					"rotation": [0, 0, -15]
				}
			}
		}
	}
}7": [0, -65, 0],
						"1.0": [0, -41.25, -37.5],
						"1.2917": [0, -20, 0]
					}
				},
				"bone12": {
					"rotation": [0, 62.5, 0]
				},
				"bone13": {
					"rotation": {
						"0.0": [0, 5, 0],
						"0.2917": [0, 44.38, 27.5],
						"0.6667": [0, -37.5, 0],
						"1.2917": [0, 0, 0]
					}
				},
				"bone5": {
					"rotation": [0, 0, 0]
				},
				"bone29": {
					"rotation": {
						"0.0": [20, 0, 0],
						"0.6667": [-35, 0, 0],
						"1.2917": [37.5, 0, 0]
					}
				},
				"bone30": {
					"rotation": {
						"0.0": [25, 0, 0],
						"0.6667": [-7.5, 0, 0],
						"1.2917": [32.5, 0, 0]
					}
				},
				"bone9": {
					"rotation": {
						"0.0": [-30, 0, 0],
						"0.6667": [30, 0, 0],
						"1.2917": [-30, 0, 0]
					}
				},
				"bone28": {
					"rotation": {
						"0.0": [-17.5, 0, 0],
						"0.6667": [20, 0, 0],
						"1.2917": [-15, 0, 0]
					}
				},
				"bone25": {
					"rotation": {
						"0.0": [0, 37.5, 0],
						"0.2917": [0, 62.38, -37.5],
						"0.6667": [0, 95, 0],
						"1.0": [0, 40, 0]
					}
				},
				"bone26": {
					"rotation": [30, 0, 0]
				},
				"bone27": {
					"rotation": [-32.5, 0, 0]
				},
				"bone21": {
					"rotation": {
						"0.0": [30, -80, 0],
						"0.6667": [30, -30, 0],
						"1.0": [30, -61.67, 52.5],
						"1.2917": [30, -90, 0]
					}
				},
				"bone22": {
					"rotation": [-5, -5, 0]
				},
				"bone23": {
					"rotation": [-22.5, 0, 0]
				},
				"bone2": {
					"rotation": {
						"0.0": [-10, 0, 0],
						"0.6667": [-2.5, 0, 0],
						"1.2917": [-10, 0, 0]
					}
				}
			}
		}
	}
}