{
	"format_version": "1.8.0",
	"animations": {
		"animation.adabted_reeker.static": {
			"loop": true,
			"animation_length": 1.08333,
			"bones": {
				"bone36": {
					"rotation": {
						"0.0": [0, 0, -12.5],
						"0.5": [0, 0, 17.5],
						"1.0417": [0, 0, -12.5]
					}
				},
				"bone34": {
					"rotation": {
						"0.0": [0, 0, -10],
						"0.5": [0, 0, 15],
						"1.0": [0, 0, -10]
					}
				},
				"bone10": {
					"rotation": {
						"0.0": [15, 0, 0],
						"0.5": [-15, 0, 0],
						"1.0": [7.5, 0, 0],
						"1.0417": [12.5, 0, 0]
					}
				},
				"bone7": {
					"rotation": {
						"0.0": [-10, 0, 0],
						"0.5": [2.5, 0, 0],
						"1.0": [-10, 0, 0]
					}
				},
				"bone6": {
					"rotation": {
						"0.0": [7.5, 0, 0],
						"0.5": [-10, 0, 0],
						"1.0": [7.5, 0, 0]
					}
				},
				"bone5": {
					"rotation": {
						"0.0": [-7.5, 0, 0],
						"0.5": [0, 0, 0],
						"1.0": [-7.5, 0, 0]
					}
				},
				"bone46": {
					"rotation": [0, 0, -20]
				},
				"bone47": {
					"rotation": [0, 0, 22.5]
				},
				"bone43": {
					"rotation": [-12.5, 0, 0]
				},
				"bone45": {
					"rotation": [25, 0, 0]
				},
				"bone41": {
					"rotation": [-12.5, 0, 0]
				},
				"bone42": {
					"rotation": [27.5, 0, 0]
				},
				"bone39": {
					"rotation": [-17.5, 0, 0]
				},
				"bone40": {
					"rotation": [25, 0, 0]
				},
				"bone48": {
					"rotation": [0, 0, -22.5]
				},
				"bone50": {
					"rotation": [0, 0, -22.5]
				},
				"bone51": {
					"rotation": [0, 0, 25]
				},
				"bone52": {
					"rotation": [0, 0, 17.5]
				},
				"bone53": {
					"rotation": [0, 0, -27.5]
				},
				"bone54": {
					"rotation": [0, 0, 20]
				},
				"bone55": {
					"rotation": [0, 0, -35],
					"position": [0, 1, 0]
				},
				"bone56": {
					"rotation": [0, 0, 22.5]
				},
				"bone57": {
					"rotation": [0, 0, -37.5]
				},
				"bone37": {
					"rotation": {
						"0.0": [0, 0, -30],
						"0.5": [0, 0, -7.5],
						"1.0417": [0, 0, -37.5]
					}
				},
				"bone35": {
					"rotation": {
						"0.0": [0, 0, -10],
						"0.5": [0, 0, 22.5],
						"1.0417": [0, 0, -7.5]
					}
				}
			}
		},
		"animation.adabted_reeker.move": {
			"loop": true,
			"animation_length": 0.875,
			"bones": {
				"bb_main": {
					"position": {
						"0.0": [0, -1, 0],
						"0.25": [0, 1, 0],
						"0.5": [0, -1, 0],
						"0.7083": [0, 0, 0],
						"0.875": [0, -1, 0]
					}
				},
				"bone": {
					"rotation": {
						"0.0": [0, 2.5, -2.5],
						"0.5": [0, -5, 5],
						"0.875": [0, 5, -2.5]
					},
					"position": {
						"0.0": [0, -2, 0],
						"0.25": [0, -1, 0],
						"0.5": [0, -2, 0],
						"0.7083": [0, -1, 0],
						"0.875": [0, -2, 0]
					}
				},
				"bone36": {
					"rotation": {
						"0.0": [0, 0, -32.5],
						"0.4583": [0, 0, 17.5],
						"0.875": [0, 0, -22.5]
					}
				},
				"bone34": {
					"rotation": {
						"0.0": [0, 0, -22.5],
						"0.4583": [0, 0, 30],
						"0.875": [0, 0, -22.5]
					}
				},
				"bone31": {
					"rotation": {
						"0.0": [37.5, 0, 0],
						"0.4583": [-35, 0, 0],
						"0.875": [37.5, 0, 0]
					}
				},
				"bone28": {
					"rotation": {
						"0.0": [-45, 0, 0],
						"0.4583": [27.5, 0, 0],
						"0.875": [-45, 0, 0]
					}
				},
				"bone13": {
					"rotation": {
						"0.0": [0, -17.5, 0],
						"0.4583": [0, 62.5, 0],
						"0.7083": [0, 14.5, 40],
						"0.875": [0, -17.5, 0]
					}
				},
				"bone10": {
					"rotation": {
						"0.0": [25, 0, 0],
						"0.4583": [-17.5, 0, 0],
						"0.875": [25, 0, 0]
					}
				},
				"bone12": {
					"rotation": [-35, 0, 0]
				},
				"bone7": {
					"rotation": {
						"0.0": [-20, 0, 0],
						"0.4583": [20, 0, 0],
						"0.875": [-20, 0, 0]
					}
				},
				"bone9": {
					"rotation": {
						"0.0": [-45, 0, 0],
						"0.875": [-45, 0, 0]
					}
				},
				"bone4": {
					"rotation": {
						"0.0": [0, 0, -2.5],
						"0.5": [0, 0, -5],
						"0.875": [0, 0, 0]
					}
				},
				"bone6": {
					"rotation": {
						"0.0": [2.5, 0, 0],
						"0.4583": [-7.5, 0, 0],
						"0.875": [2.5, 0, 0]
					}
				},
				"bone5": {
					"rotation": {
						"0.0": [-35, 0, 0],
						"0.4583": [-30, 0, 0],
						"0.875": [-35, 0, 0]
					}
				},
				"bone56": {
					"rotation": [0, 0, 22.5]
				},
				"bone57": {
					"rotation": [0, 0, -35]
				},
				"bone54": {
					"rotation": [0, 0, 17.5]
				},
				"bone55": {
					"rotation": [0, 0, -22.5],
					"position": [0, 1, 0]
				},
				"bone52": {
					"rotation": [0, 0, 17.5]
				},
				"bone53": {
					"rotation": [0, 0, -25]
				},
				"bone50": {
					"rotation": [0, 0, -12.5]
				},
				"bone51": {
					"rotation": [0, 0, 27.5]
				},
				"bone48": {
					"rotation": [0, 0, -12.5]
				},
				"bone38": {
					"rotation": [0, 0, 25]
				},
				"bone46": {
					"rotation": [0, 0, -10]
				},
				"bone47": {
					"rotation": [0, 0, 22.5]
				},
				"bone43": {
					"rotation": [-20, 0, 0]
				},
				"bone45": {
					"rotation": [35, 0, 0]
				},
				"bone41": {
					"rotation": [-20, 0, 0]
				},
				"bone42": {
					"rotation": [35, 0, 0]
				},
				"bone39": {
					"rotation": [-17.5, 0, 0]
				},
				"bone40": {
					"rotation": [35, 0, 0]
				},
				"bone17": {
					"rotation": {
						"0.0": [0, -75, 0],
						"0.25": [0, -28.64, -40],
						"0.4583": [0, 10, 0],
						"0.875": [0, -75, 0]
					}
				}
			}
		}
	}
}