{
	"format_version": "1.8.0",
	"animations": {
		"animation.beckon1.spawn": {
			"animation_length": 1.5,
			"bones": {
				"bone26": {
					"position": {
						"0.0": [0, -40, 0],
						"1.0": [0, 0, 0]
					}
				},
				"bone27": {
					"position": [0, 0, 0]
				},
				"bone": {
					"position": {
						"0.0": [0, -36, 0],
						"1.0": [0, 4, 0]
					}
				},
				"bone14": {
					"rotation": {
						"0.0": [65, 0, 0],
						"1.0": [67.5, 0, 0],
						"1.5": [-10, 0, 0]
					}
				},
				"bone11": {
					"rotation": {
						"0.0": [0, 0, -67.5],
						"1.0": [-2.75244, 14.12835, -60.59245],
						"1.5": [0, 0, 7.5]
					}
				},
				"bone8": {
					"rotation": {
						"0.0": [0, 0, 67.5],
						"1.0": [0, 0, 60],
						"1.5": [0, 0, -7.5]
					}
				},
				"bone5": {
					"rotation": {
						"0.0": [-55, 0, 0],
						"1.0": [-58.33333, 0, 0],
						"1.5": [15, 0, 0]
					}
				}
			}
		}
	}
}