{
	"format_version": "1.8.0",
	"animations": {
		"animation.head_infected_chicken.static": {
			"loop": true,
			"animation_length": 1.95833,
			"bones": {
				"TentaculoIzq": {
					"rotation": ["0+math.cos(query.anim_time*125)*3", 0, "0+math.cos(query.anim_time*125)*3"]
				},
				"TentaculoDer": {
					"rotation": ["0-math.cos(query.anim_time*125)*3", 0, "0-math.cos(query.anim_time*125)*3"]
				},
				"Mandibula": {
					"rotation": {
						"0.0": [2.5, 0, 0],
						"1.3333": [30, 0, 0],
						"1.9583": [-2.5, 0, 0]
					}
				},
				"bone": {
					"rotation": {
						"0.0": [0, 0, 0],
						"0.625": [-15, 0, 0],
						"1.2083": [-2.5, 0, 0],
						"1.9583": [-10, 0, 0]
					}
				},
				"bone2": {
					"rotation": {
						"0.0": [0, 0, -12.5],
						"0.625": [0, 0, -17.5],
						"1.9583": [0, 0, -7.5]
					}
				},
				"bone3": {
					"rotation": {
						"0.0": [0, 0, 10],
						"0.625": [0, 0, 2.5],
						"1.9583": [0, 0, 12.5]
					}
				},
				"bone4": {
					"rotation": {
						"0.0": [0, 0, 12.5],
						"0.625": [0, 0, 17.5],
						"1.9583": [0, 0, 5]
					}
				},
				"bone5": {
					"rotation": {
						"0.0": [0, 0, -20],
						"0.625": [0, 0, -15],
						"1.9583": [0, 0, -20]
					}
				}
			}
		},
		"animation.head_infected_chicken.move": {
			"loop": true,
			"animation_length": 0.41667,
			"bones": {
				"bone2": {
					"rotation": {
						"0.0": [0, 0, 17.5],
						"0.0833": [0, 0, -7.5]
					}
				},
				"bone4": {
					"rotation": {
						"0.0": [0, 0, 7.5],
						"0.1667": [0, 0, -25],
						"0.375": [0, 0, 7.5]
					}
				}
			}
		}
	}
}