{
	"format_version": "1.8.0",
	"animations": {
		"animation.horror_ghost_girl.static": {
			"loop": true,
			"animation_length": 3.20833,
			"bones": {
				"bone": {
					"position": [0, -1, 0]
				},
				"bone15": {
					"rotation": {
						"0.0": [0, 0, -15],
						"0.375": [0, 0, -12.5],
						"1.4167": [0, 0, -15],
						"2.1667": [0, 0, -17.5],
						"3.2083": [0, 0, -15]
					}
				}
			}
		},
		"animation.horror_ghost_girl.move": {
			"loop": true,
			"animation_length": 2.95833,
			"bones": {
				"bone": {
					"rotation": [-25, 0, 0],
					"position": {
						"0.0": [0, 6, 0],
						"0.625": [0, 5, 0],
						"1.625": [0, 6, 0],
						"2.4583": [0, 5, 0],
						"2.9583": [0, 6, 0]
					}
				},
				"bone9": {
					"rotation": [12.5, 0, 0]
				},
				"bone10": {
					"rotation": [10, 0, 0]
				},
				"bone15": {
					"rotation": [5, 0, -17.5]
				},
				"bone16": {
					"rotation": [0, 0, -2.5]
				},
				"bone17": {
					"rotation": {
						"0.0": [-42.5, 0, 0],
						"0.7083": [-35, 0, 0],
						"1.9167": [-40, 0, 0],
						"2.9583": [-35, 0, 0]
					},
					"position": [0, 2, 1]
				},
				"bone13": {
					"rotation": {
						"0.0": [97.5, 0, 0],
						"0.5": [90, 0, 0],
						"1.375": [95, 0, 0],
						"2.25": [90, 0, 0],
						"2.5833": [95, 0, 0],
						"2.9583": [90, 0, 0]
					}
				},
				"bone14": {
					"rotation": [0, 0, 12.5]
				},
				"bone11": {
					"rotation": {
						"0.0": [-20, 0, 0],
						"0.5833": [-20, 0, 5],
						"1.4583": [-20, 0, 2.5],
						"2.0417": [-20, 0, 7.5],
						"2.5417": [-20, 0, 2.5]
					}
				},
				"bone12": {
					"rotation": [0, 0, 37.5]
				}
			}
		}
	}
}