{
	"format_version": "1.8.0",
	"animations": {
		"animation.infected_horse.static": {
			"loop": true,
			"animation_length": 1,
			"bones": {
				"TailA": {
					"rotation": {
						"0.0": [0, 10, 0],
						"0.5": [0, -10, 0],
						"1.0": [0, 12.5, 0]
					}
				},
				"bone": {
					"rotation": {
						"0.0": [-15, 0, 0],
						"0.5": [0, 0, 0],
						"1.0": [-12.5, 0, 0]
					}
				}
			}
		},
		"animation.infected_horse.move": {
			"loop": true,
			"animation_length": 0.41667,
			"bones": {
				"Body": {
					"rotation": {
						"0.0": [-5, 0, 0],
						"0.2083": [2.5, 0, 0],
						"0.4167": [-5, 0, 0]
					}
				},
				"TailA": {
					"rotation": {
						"0.0": [42.5, 0, 0],
						"0.2083": [7.5, 0, 0],
						"0.4167": [35, 0, 0]
					}
				},
				"Leg1A": {
					"rotation": {
						"0.0": [-47.5, 0, 0],
						"0.0833": [-2.5, 0, 0],
						"0.125": [10.83, 0, 0],
						"0.2083": [17.5, 0, 0],
						"0.4167": [-37.5, 0, 0]
					},
					"position": {
						"0.0": [0, 1, 0],
						"0.2083": [0, 0, 0],
						"0.4167": [0, 1, 0]
					}
				},
				"Leg2A": {
					"rotation": {
						"0.0": [-35, 0, 0],
						"0.0833": [10.5, 0, 0],
						"0.125": [17.83, 0, 0],
						"0.2083": [60, 0, 0],
						"0.3333": [-0.62, 0, 0],
						"0.375": [-12.5, 0, 0],
						"0.4167": [-40, 0, 0]
					},
					"position": {
						"0.0": [0, 1, 0],
						"0.2083": [0, 0, 0],
						"0.4167": [0, 1, 0]
					}
				},
				"Leg3A": {
					"rotation": {
						"0.0": [-25, 0, 0],
						"0.0833": [-6, 0, 0],
						"0.125": [-4, 0, 0],
						"0.2083": [57.5, 0, 0],
						"0.4167": [-42.5, 0, 0]
					},
					"position": {
						"0.0": [0, 2, 0],
						"0.2083": [0, 0, 0],
						"0.4167": [0, 1, 0]
					}
				},
				"Leg4A": {
					"rotation": {
						"0.0": [-45, 0, 0],
						"0.0833": [-20.5, 0, 0],
						"0.125": [-10.33, 0, 0],
						"0.2083": [35, 0, 0],
						"0.4167": [-57.5, 0, 0]
					},
					"position": {
						"0.0": [0, 2, 0],
						"0.2083": [0, 0, 0],
						"0.4167": [0, 1, 0]
					}
				},
				"Head": {
					"rotation": {
						"0.0": [-9.94634, 0.50823, -0.09628],
						"0.2083": [-4.95, 0.51, -0.1],
						"0.4167": [-9.94634, 0.50823, -0.09628]
					},
					"position": {
						"0.0": [0, 0, 1],
						"0.2083": [0, -2, 0],
						"0.4167": [0, 0, 1]
					}
				},
				"UMouth": {
					"rotation": {
						"0.0": [-10, 0, 0],
						"0.2083": [-5, 0, 0],
						"0.4167": [-10, 0, 0]
					},
					"position": {
						"0.0": [0, 0, 1],
						"0.2083": [0, -2, 0],
						"0.4167": [0, 0, 1]
					}
				},
				"bone": {
					"rotation": {
						"0.0": [-22.5, 0, 0],
						"0.2083": [2.5, 0, 0],
						"0.4167": [-22.5, 0, 0]
					},
					"position": [0, 0, 1]
				},
				"Ear1": {
					"rotation": {
						"0.0": [-2.5, 0, 0],
						"0.2083": [0, 0, 0],
						"0.4167": [-2.5, 0, 0]
					},
					"position": {
						"0.0": [0, 0, 1],
						"0.2083": [0, -2, -1],
						"0.4167": [0, 0, 1]
					}
				},
				"Ear2": {
					"rotation": {
						"0.0": [-2.5, 0, 0],
						"0.2083": [0, 0, 0],
						"0.4167": [-2.5, 0, 0]
					},
					"position": {
						"0.0": [0, 0, 1],
						"0.2083": [0, -2, -1],
						"0.4167": [0, 0, 1]
					}
				},
				"Neck": {
					"rotation": {
						"0.0": [-5, 0, 0],
						"0.2083": [-0.73071, -1.29824, -2.30526],
						"0.4167": [-5, 0, 0]
					},
					"position": {
						"0.0": [0, 2, 0],
						"0.2083": [0, 0, -1],
						"0.4167": [0, 2, 0]
					}
				},
				"bone22": {
					"rotation": {
						"0.0": [22.5, 0, 0],
						"0.2083": [-10, 0, 0],
						"0.4167": [45, 0, 0]
					}
				}
			}
		}
	}
}