{
	"format_version": "1.8.0",
	"animations": {
		"animation.infected_chicken.static": {
			"loop": true,
			"animation_length": 1,
			"bones": {
				"bone6": {
					"position": {
						"0.0": [0, 7, 0],
						"0.5": [0, 4, 0],
						"1.0": [0, 7, 0]
					}
				},
				"bone14": {
					"rotation": {
						"0.0": [0, -25, 20],
						"0.5": [0, -25, 2.5],
						"1.0": [0, -25, 17.5]
					}
				},
				"bone15": {
					"rotation": {
						"0.0": [0, 0, -2.5],
						"0.5": [0, 0, 15],
						"1.0": [0, 0, -2.5]
					}
				},
				"bone12": {
					"rotation": {
						"0.0": [0, -42.5, -32.5],
						"0.5": [0, -42.5, -10],
						"1.0": [0, -42.5, -20]
					}
				},
				"bone13": {
					"rotation": {
						"0.0": [20, 0, 12.5],
						"0.5": [0, 0, -5],
						"1.0": [0, 0, 10]
					}
				},
				"bone10": {
					"rotation": {
						"0.0": [20, 40, 35],
						"0.5": [-7.5, 40, 12.5],
						"1.0": [-7.5, 40, 25]
					}
				},
				"bone11": {
					"rotation": {
						"0.0": [0, 0, -7.5],
						"0.5": [15, 0, 7.5],
						"1.0": [15, 0, -7.5]
					}
				},
				"bone5": {
					"rotation": {
						"0.0": [0, 0, -32.5],
						"0.5": [0, 0, -25],
						"1.0": [0, 0, -32.5]
					}
				},
				"bone9": {
					"rotation": {
						"0.0": [-15, 0, 0],
						"0.5": [-5, 0, 0],
						"1.0": [-15, 0, 0]
					}
				},
				"bone8": {
					"rotation": {
						"0.0": [12.5, 0, 0],
						"0.5": [0, 0, 0],
						"1.0": [7.5, 0, 0]
					}
				},
				"bone4": {
					"rotation": {
						"0.0": [30, 0, 0],
						"0.5": [25, 0, 0],
						"1.0": [30, 0, 0]
					}
				},
				"bone3": {
					"rotation": {
						"0.0": [20, 0, 0],
						"0.5": [25, 0, 0],
						"1.0": [20, 0, 0]
					}
				},
				"bone2": {
					"rotation": {
						"0.0": [0, 0, -35],
						"0.1667": [0, 0, 14.17],
						"0.2917": [0, 0, -45.52],
						"0.5": [0, 0, 15],
						"0.6667": [0, 0, -43.33],
						"0.8333": [0, 0, 2.09],
						"1.0": [0, 0, -32.5]
					}
				},
				"bone7": {
					"rotation": {
						"0.0": [0, 0, 27.5],
						"0.1667": [0.30916, 0.60565, -41.64353],
						"0.2917": [-1.37159, 19.93874, 33.10476],
						"0.5": [0.92749, 1.81696, -14.93059],
						"0.6667": [3.21961, -4.25902, 37.03843],
						"0.8333": [2.07, -1.22, -28.95],
						"1.0": [0.93, 1.82, 25.07]
					}
				},
				"bone16": {
					"rotation": {
						"0.0": [0, 37.5, -17.5],
						"0.5": [0, 37.5, 2.5],
						"1.0": [0, 37.5, -15]
					}
				},
				"bone17": {
					"rotation": {
						"0.0": [0, 0, 12.5],
						"0.5": [0, 0, -5],
						"1.0": [0, 0, 7.5]
					}
				}
			}
		},
		"animation.infected_chicken.move": {
			"loop": true,
			"animation_length": 0.95833,
			"bones": {
				"bone6": {
					"rotation": [7.5, 0, 0],
					"position": {
						"0.0": [0, 5, 0],
						"0.2917": [0, 6, 0],
						"0.5417": [0, 5, 0],
						"0.75": [0, 6, 0],
						"0.9583": [0, 5, 0]
					}
				},
				"bone14": {
					"rotation": {
						"0.0": [0, -47.5, 32.5],
						"0.25": [0, -1.25, -12.5],
						"0.5": [0, 45, 32.5],
						"0.9583": [0, -50, 32.5]
					}
				},
				"bone12": {
					"rotation": {
						"0.0": [10, 27.5, -35],
						"0.25": [10, -10, 7.5],
						"0.5": [10, -47.5, -35],
						"0.9583": [0, 35, -25]
					}
				},
				"bone10": {
					"rotation": {
						"0.0": [0, 60, 32.5],
						"0.5": [0, -42.5, 32.5],
						"0.75": [0, 12.05, -10],
						"0.9583": [0, 57.5, 32.5]
					}
				},
				"bone5": {
					"rotation": {
						"0.0": [7.5, 0, 45],
						"0.25": [-10, 0, 45],
						"0.5417": [2.5, 0, 45],
						"0.75": [-7.5, 0, 45],
						"0.9583": [5, 0, 45]
					}
				},
				"bone9": {
					"rotation": {
						"0.0": [-37.5, 0, 0],
						"0.25": [10, 0, 0],
						"0.5833": [-27.5, 0, 0],
						"0.75": [10, 0, 0],
						"0.9583": [-27.5, 0, 0]
					}
				},
				"bone8": {
					"rotation": {
						"0.0": [2.5, 0, 0],
						"0.25": [-27.5, 0, 0],
						"0.5": [7.5, 0, 0],
						"0.75": [-12.5, 0, 0],
						"0.9583": [-2.5, 0, 0]
					}
				},
				"bone4": {
					"rotation": [42.5, 0, 0]
				},
				"bone3": {
					"rotation": [45, 0, 0]
				},
				"bone2": {
					"rotation": {
						"0.0": [0, 0, -50],
						"0.1667": [0, 0, 15],
						"0.2917": [0, 0, -45],
						"0.5": [0, 0, 20],
						"0.625": [0, 0, -47.5],
						"0.7917": [0, 0, 7.5],
						"0.9583": [0, 0, -42.5]
					}
				},
				"bone7": {
					"rotation": {
						"0.0": [0, 0, 40],
						"0.1667": [0, 0, -15],
						"0.2917": [0, 0, 40],
						"0.5": [0, 0, -22.5],
						"0.625": [0, 0, 42.5],
						"0.7917": [0, 0, -15],
						"0.9583": [0, 0, 30]
					}
				},
				"bone16": {
					"rotation": {
						"0.0": [2.5, -60, -22.5],
						"0.5": [2.5, 40, -22.5],
						"0.75": [2.5, -11.82, 22.5],
						"0.9583": [2.5, -55, -22.5]
					}
				}
			}
		}
	}
}