{
	"format_version": "1.8.0",
	"animations": {
		"animation.infected_player.static": {
			"loop": true,
			"animation_length": 2.5,
			"bones": {
				"body": {
					"rotation": {
						"0.0": [0.27154, -0.33569, -2.46513],
						"0.5": [0, 0, 0],
						"2.5": [0.27154, -0.33569, -2.46513]
					}
				},
				"head": {
					"rotation": {
						"0.0": [0, 0, 0],
						"1.5": [17.5, 0, 0],
						"1.5417": [20, 0, 0],
						"2.0833": [12.5, 0, 0],
						"2.5": [0, 0, 0]
					},
					"position": [0, -3, 2]
				},
				"rightArm": {
					"rotation": {
						"0.0": [2.5, 0, -2.5],
						"1.5": [2.5, 0, -7.5],
						"2.5": [2.5, 0, 2.5]
					},
					"position": {
						"0.0": [-1, 0, 0],
						"0.5": [0, 0, 0],
						"2.5": [-1, 0, 0]
					}
				},
				"leftArm": {
					"rotation": {
						"0.0": [10, 0, 0],
						"1.5": [10, 0, 10],
						"2.5": [10, 0, 2.5]
					},
					"position": {
						"0.0": [1, 0, 0],
						"0.5": [0, 0, 0],
						"2.5": [1, 0, 0]
					}
				},
				"head1": {
					"position": [0, -3, 3]
				},
				"body1": {
					"rotation": {
						"0.0": [0, 0, 2.5],
						"0.5": [0, 0, 0],
						"2.5": [0, 0, 2.5]
					}
				},
				"head11": {
					"rotation": [-37.5, 0, 0]
				},
				"bone3": {
					"rotation": {
						"0.0": [-2.5, 0, 0],
						"0.5": [0, 0, 0],
						"1.0": [-5, 0, 0],
						"2.5": [-7.5, 0, 0]
					}
				},
				"bone": {
					"rotation": {
						"0.0": [2.5, 0, 0],
						"0.5": [0, 0, 0],
						"1.0": [2.5, 0, 0]
					}
				}
			}
		},
		"animation.infected_player.move": {
			"loop": true,
			"animation_length": 1,
			"bones": {
				"bone3": {
					"rotation": {
						"0.0": [7.5, 0, 0],
						"0.5": [-7.5, 0, 0],
						"1.0": [2.5, 0, 0]
					}
				},
				"bone4": {
					"rotation": {
						"0.0": [20, 0, 0],
						"0.5": [-2.5, 0, 0],
						"1.0": [12.5, 0, 0]
					}
				},
				"head": {
					"rotation": {
						"0.0": [22.19157, 3.81024, -9.25249],
						"0.5417": [22.90956, -16.30967, 6.72529],
						"1.0": [22.19157, 3.81024, -9.25249]
					},
					"position": {
						"0.0": [-1, 0, 2],
						"0.5417": [2, 0, 2],
						"1.0": [-1, 0, 2]
					}
				},
				"leftArm": {
					"rotation": {
						"0.0": [-40, 0, 0],
						"0.5": [35, 0, 0],
						"1.0": [-40, 0, 0]
					}
				},
				"rightLeg": {
					"rotation": {
						"0.0": [-30, 0, 0],
						"0.5": [22.5, 0, 0],
						"1.0": [-30, 0, 0]
					}
				},
				"rightArm": {
					"rotation": {
						"0.0": [70, 0, 0],
						"0.5": [-85, 0, 0],
						"1.0": [70, 0, 0]
					},
					"position": {
						"0.0": [-1, 0, -6],
						"0.5": [0, -3, 4],
						"1.0": [-1, -1, -6]
					}
				},
				"leftLeg": {
					"rotation": {
						"0.0": [32.5, 0, 0],
						"0.5": [-30, 0, 0],
						"1.0": [32.5, 0, 0]
					}
				},
				"head1": {
					"rotation": {
						"0.0": [0.19747, 0.77187, -7.46284],
						"0.5417": [-0.63445, -2.46617, 9.75723],
						"1.0": [0.19747, 0.77187, -7.46284]
					},
					"position": [0, 0, 2]
				},
				"bone": {
					"rotation": {
						"0.0": [-10, 0, 0],
						"0.5": [7.5, 0, 0],
						"1.0": [-2.5, 0, 0]
					}
				},
				"bone2": {
					"rotation": {
						"0.0": [0, 0, 0],
						"0.5": [25, 0, 0],
						"1.0": [2.5, 0, 0]
					}
				},
				"head11": {
					"rotation": [-10, 0, 0]
				}
			}
		}
	}
}