{
	"format_version": "1.8.0",
	"animations": {
		"animation.infected_spider.static": {
			"loop": true,
			"animation_length": 0.95833,
			"bones": {
				"bone": {
					"position": {
						"0.0": [0, 2, 0],
						"0.5": [0, 0, 0],
						"0.9583": [0, 2, 0]
					}
				},
				"bone26": {
					"rotation": {
						"0.0": [-32.5, -32.5, 0],
						"0.5": [-12.5, -32.5, 0],
						"0.9583": [-17.5, -32.5, 0]
					}
				},
				"bone27": {
					"rotation": {
						"0.0": [30, 0, 0],
						"0.5": [12.5, 0, 0],
						"0.9583": [17.5, 0, 0]
					}
				},
				"bone24": {
					"rotation": {
						"0.0": [27.5, 32.5, 0],
						"0.5": [-2.5, 32.5, 0],
						"0.9583": [12.5, 32.5, 0]
					}
				},
				"bone25": {
					"rotation": {
						"0.0": [-17.5, 0, 0],
						"0.5": [2.5, 0, 0],
						"0.9583": [-12.5, 0, 0]
					}
				},
				"bone2": {
					"rotation": {
						"0.0": [-27.5, 0, 0],
						"0.5": [-20, 0, 0],
						"0.9583": [-35, 0, 0]
					}
				},
				"bone18": {
					"rotation": {
						"0.0": [0, 0, -25],
						"0.5": [0, 0, 0],
						"0.9583": [0, 0, -22.5]
					}
				},
				"bone9": {
					"rotation": {
						"0.0": [-32.5, -10, 0],
						"0.5": [-22.5, -10, 0],
						"0.9583": [-32.5, -10, 0]
					}
				},
				"bone10": {
					"rotation": {
						"0.0": [22.5, 0, 0],
						"0.5": [12.5, 0, 0],
						"0.9583": [22.5, 0, 0]
					}
				},
				"bone11": {
					"rotation": [20, 0, 0]
				},
				"bone6": {
					"rotation": {
						"0.0": [27.5, 15, 0],
						"0.5": [12.5, 15, 0],
						"0.9583": [20, 15, 0]
					}
				},
				"bone7": {
					"rotation": {
						"0.0": [0, 0, 0],
						"0.5": [17.5, 0, 0],
						"0.9583": [12.5, 0, 0]
					}
				},
				"bone8": {
					"rotation": [-50, 0, 0]
				},
				"bone22": {
					"rotation": {
						"0.0": [22.5, -15, 0],
						"0.5": [5, -15, 0],
						"0.9583": [15, -15, 0]
					}
				},
				"bone23": {
					"rotation": {
						"0.0": [-25, 0, 0],
						"0.5": [-10, 0, 0],
						"0.9583": [-20, 0, 0]
					}
				},
				"bone19": {
					"rotation": {
						"0.0": [-22.5, 17.5, 0],
						"0.5": [-12.5, 17.5, 0],
						"0.9583": [-15, 17.5, 0]
					}
				},
				"bone20": {
					"rotation": {
						"0.0": [22.5, 0, 0],
						"0.5": [10, 0, 0],
						"0.9583": [17.5, 0, 0]
					}
				},
				"bone15": {
					"rotation": {
						"0.0": [22.5, -20, 0],
						"0.5": [-5, -20, 0],
						"0.9583": [12.5, -20, 0]
					}
				},
				"bone16": {
					"rotation": {
						"0.0": [-7.5, 0, 0],
						"0.5": [7.5, 0, 0],
						"0.9583": [-2.5, 0, 0]
					}
				},
				"bone17": {
					"rotation": [-17.5, 0, 0]
				},
				"bone12": {
					"rotation": {
						"0.0": [-20, 25, 0],
						"0.5": [5, 25, 0],
						"0.9583": [-15, 25, 0]
					}
				},
				"bone13": {
					"rotation": {
						"0.0": [17.5, 0, 0],
						"0.5": [2.5, 0, 0],
						"0.9583": [12.5, 0, 0]
					}
				},
				"bone14": {
					"rotation": [7.5, 0, 0]
				}
			}
		},
		"animation.infected_spider.move": {
			"loop": true,
			"animation_length": 0.375,
			"bones": {
				"bone26": {
					"rotation": {
						"0.0": [0, 20, 0],
						"0.2917": [0, -37.5, 0],
						"0.375": [0, 10, 0]
					}
				},
				"bone24": {
					"rotation": {
						"0.0": [0, 30, 0],
						"0.2917": [0, -2.5, 0],
						"0.375": [0, 30, 0]
					}
				},
				"bone2": {
					"rotation": {
						"0.0": [7.5, 0, 0],
						"0.0833": [25, 0, 0],
						"0.125": [47.5, 0, 0],
						"0.1667": [72.5, 0, 0],
						"0.2083": [107.5, 0, 0],
						"0.25": [137.5, 0, 0],
						"0.2917": [205, 0, 0],
						"0.3333": [267.5, 0, 0],
						"0.375": [327.5, 0, 0]
					}
				},
				"bone18": {
					"rotation": {
						"0.0": [0, 0, -30],
						"0.0833": [0, 0, -10]
					}
				},
				"bone9": {
					"rotation": {
						"0.0": [27.5, 0, 0],
						"0.2917": [-27.5, 0, 0],
						"0.375": [7.5, 0, 0]
					}
				},
				"bone6": {
					"rotation": {
						"0.0": [15, 0, 0],
						"0.2917": [-15, 0, 0],
						"0.375": [27.5, 0, 0]
					}
				},
				"bone22": {
					"rotation": {
						"0.0": [-20, 0, 0],
						"0.2917": [12.5, 0, 0],
						"0.375": [-7.5, 0, 0]
					}
				},
				"bone19": {
					"rotation": {
						"0.0": [-12.5, 0, 0],
						"0.2917": [15, 0, 0],
						"0.375": [-10, 0, 0]
					}
				},
				"bone15": {
					"rotation": {
						"0.0": [0, -32.5, 0],
						"0.2917": [0, 7.5, 0],
						"0.375": [0, -15, 0]
					}
				},
				"bone12": {
					"rotation": {
						"0.0": [0, -17.5, 0],
						"0.2917": [0, 20, 0],
						"0.375": [0, -7.5, 0]
					}
				}
			}
		}
	}
}