{
	"format_version": "1.8.0",
	"animations": {
		"animation.manducater.static": {
			"loop": true,
			"animation_length": 12.66667,
			"bones": {
				"bone": {
					"position": {
						"0.0": [0, 0, 0],
						"0.25": [0, -0.14, 0],
						"0.5": [0, -0.29, 0],
						"0.7083": [0, -0.45, 0],
						"2.2083": [0, -0.4, 0],
						"3.2083": [0, -0.48, 0],
						"3.4167": [0, 0.43, 0],
						"3.4583": [0, -0.29, 0],
						"3.5": [0, -233, 0]
					}
				}
			}
		},
		"animation.manducater.move": {
			"loop": true,
			"animation_length": 6.20833,
			"bones": {
				"bone": {
					"rotation": {
						"0.0": [10, 0, 0],
						"0.5": [-20, 0, 0],
						"0.9583": [0, 0, 0]
					},
					"position": {
						"0.0": [0, -1, 0],
						"0.5": [0, 6, 0],
						"0.9583": [0, -1752, 0]
					}
				},
				"bone11": {
					"rotation": [0, 0, 0]
				},
				"bone12": {
					"rotation": {
						"0.0": [60, 0, 0],
						"0.5": [-22.5, 0, 0],
						"0.9583": [62.5, 0, 0]
					}
				},
				"bone16": {
					"rotation": {
						"0.0": [50, 0, 0],
						"0.5": [-27.5, 0, 0],
						"0.9583": [70, 0, 0]
					}
				},
				"bone5": {
					"rotation": {
						"0.0": [35, 0, 0],
						"0.5": [-32.5, 0, 0],
						"0.9583": [55, 0, 0]
					}
				},
				"bone8": {
					"rotation": {
						"0.0": [35, 0, 0],
						"0.5": [-20, 0, 0],
						"0.9583": [55, 0, 0]
					}
				},
				"bone10": {
					"rotation": [-10, 0, 0]
				}
			}
		}
	}
}