{
	"format_version": "1.8.0",
	"animations": {
		"animation.overlord.static": {
			"loop": true,
			"animation_length": 1,
			"bones": {
				"Bigtail1": {
					"rotation": {
						"0.0": [12.5, 0, 0],
						"0.5": [-2.5, 0, 0],
						"1.0": [12.5, 0, 0]
					}
				},
				"Bigtail2": {
					"rotation": {
						"0.0": [7.5, 0, 0],
						"0.5": [-10, 0, 0],
						"1.0": [7.5, 0, 0]
					}
				},
				"Bigtail3": {
					"rotation": {
						"0.0": [17.5, 5, 0],
						"0.5": [5, 5, 0],
						"1.0": [17.5, 5, 0]
					}
				},
				"Bigtail4": {
					"rotation": {
						"0.0": [15, -2.5, 0],
						"0.5": [-5, -2.5, 0],
						"1.0": [15, -2.5, 0]
					}
				},
				"Bigtail5": {
					"rotation": {
						"0.0": [15, 0, 0],
						"0.5": [2.5, 0, 0],
						"1.0": [15, 0, 0]
					}
				},
				"Bigtail6": {
					"rotation": {
						"0.0": [17.5, 0, 0],
						"0.5": [7.5, 0, 0],
						"1.0": [17.5, 0, 0]
					}
				}
			}
		},
		"animation.overlord.move": {
			"loop": true,
			"animation_length": 1.25,
			"bones": {
				"Leg1": {
					"rotation": {
						"0.0": [-25, 0, 0],
						"0.6667": [20, 0, 0],
						"1.25": [-25, 0, 0]
					}
				},
				"Leg2": {
					"rotation": {
						"0.0": [20, 0, 0],
						"0.6667": [-25, 0, 0],
						"1.25": [20, 0, 0]
					}
				},
				"bone8": {
					"rotation": [0, 0, 0]
				},
				"Leg3": {
					"rotation": {
						"0.0": [12.5, 0, 0],
						"0.6667": [-17.5, 0, 0],
						"1.25": [12.5, 0, 0]
					}
				},
				"Leg4": {
					"rotation": {
						"0.0": [-10, 0, 0],
						"0.6667": [25, 0, 0],
						"1.25": [-10, 0, 0]
					}
				},
				"Leg5": {
					"rotation": {
						"0.0": [-17.5, 0, 0],
						"0.6667": [17.5, 0, 0],
						"1.25": [-17.5, 0, 0]
					}
				},
				"Leg6": {
					"rotation": {
						"0.0": [12.5, 0, 0],
						"0.6667": [-15, 0, 0],
						"1.25": [12.5, 0, 0]
					}
				},
				"Bigtail1": {
					"rotation": {
						"0.0": [-17.5, 0, 0],
						"0.6667": [0, 0, 0],
						"1.25": [-17.5, 0, 0]
					}
				},
				"Bigtail2": {
					"rotation": {
						"0.0": [12.5, 0, 0],
						"0.6667": [-10, 0, 0],
						"1.25": [12.5, 0, 0]
					}
				},
				"Bigtail3": {
					"rotation": {
						"0.0": [15, 0, 0],
						"0.6667": [-5, 0, 0],
						"1.25": [15, 0, 0]
					}
				},
				"Bigtail4": {
					"rotation": {
						"0.0": [-17.5, 0, 0],
						"0.6667": [2.5, 0, 0],
						"1.25": [-12.5, 0, 0]
					}
				},
				"Bigtail5": {
					"rotation": {
						"0.0": [12.5, 0, 0],
						"0.6667": [0, 0, 0],
						"1.25": [12.5, 0, 0]
					}
				},
				"Bigtail6": {
					"rotation": {
						"0.0": [-7.5, 0, 0],
						"0.6667": [7.5, 0, 0],
						"1.25": [-7.5, 0, 0]
					}
				}
			}
		}
	}
}