{
	"format_version": "1.8.0",
	"animations": {
		"animation.yellow_eye.static": {
			"loop": true,
			"animation_length": 1.75,
			"bones": {
				"bone9": {
					"rotation": [0, -42.5, 7.5]
				},
				"bone11": {
					"rotation": [10, 0, 0]
				},
				"bone6": {
					"rotation": [-5, 20, 0]
				},
				"bone8": {
					"rotation": [-12.5, 0, 0]
				},
				"bone15": {
					"rotation": [-12.5, -50, 0]
				},
				"bone16": {
					"rotation": [17.5, 0, 0]
				},
				"bone12": {
					"rotation": [5, 35, 0]
				},
				"bone13": {
					"rotation": [-10, 0, 0]
				},
				"bone3": {
					"rotation": {
						"0.0": [0, 0, 0],
						"0.7083": [0, -5, 0],
						"1.4167": [0, 0, 0]
					}
				},
				"bone2": {
					"rotation": {
						"0.0": [0, 0, 0],
						"0.7083": [0, 2.5, 0],
						"1.4167": [0, -7.5, 0]
					}
				}
			}
		},
		"animation.yellow_eye.move": {
			"loop": true,
			"animation_length": 0.75,
			"bones": {
				"bone9": {
					"rotation": {
						"0.0": [-15, -32.5, -5],
						"0.375": [0, -62.5, 0],
						"0.75": [0, 0, -7.5]
					}
				},
				"bone6": {
					"rotation": {
						"0.0": [-2.5, 67.5, -7.5],
						"0.375": [22.5, 0, 10],
						"0.75": [5, 55, 12.5]
					}
				},
				"bone15": {
					"rotation": {
						"0.0": [0, -50, 20],
						"0.375": [0, 0, 20],
						"0.75": [0, -25, 5]
					}
				},
				"bone12": {
					"rotation": {
						"0.0": [0, -2.5, 27.5],
						"0.375": [0, 50, 0],
						"0.75": [0, -10, 7.5]
					}
				},
				"bone3": {
					"rotation": {
						"0.0": [0, 5, 0],
						"0.25": [0, -17.5, 0],
						"0.4583": [0, 7.5, 0],
						"0.5833": [0, -7.5, 0],
						"0.75": [0, 5, 0]
					}
				},
				"bone2": {
					"rotation": {
						"0.0": [0, -7.5, 0],
						"0.1667": [0, 17.5, 0],
						"0.4583": [0, -5, 0],
						"0.5833": [0, 5, 0],
						"0.75": [0, -10, 0]
					}
				}
			}
		}
	}
}