{
	"format_version": "1.8.0",
	"minecraft:entity": {
		"description": {
			"identifier": "srp:adabted_summoner",
			"is_spawnable": true,
			"is_summonable": true,
			"is_experimental": false
		},

		"component_groups": {},
    "components": {
        "minecraft:damage_sensor": {
        "triggers": [
          {
            "on_damage": {
              "filters": {
                "any_of": [
                  {"test": "is_family", "subject": "other", "value": "player"},
                  {"test": "is_family", "subject": "other", "value": "undead"},
                  {"test": "is_family", "subject": "other", "value": "irongolem"},
                  {"test": "is_family", "subject": "other", "value": "monster"},
                  {"test": "is_family", "subject": "other", "value": "wolf"}
                ],
                "all_of": [
                  {"test": "has_damage", "value": "fatal"}
                ]
              },
              "event": "minecraft:death_event"
            }
          }
        ]
      },
      "minecraft:knockback_resistance": {
        "value": 999999.0,
        "max": 999999.0
      },
			"minecraft:type_family": {
				"family": ["infectado"]
			},
      "minecraft:scale": {
        "value": 1.82
      },
			"minecraft:nameable": {},
			"minecraft:loot": {
				"table": "loot_tables/entities/core.json"
			},
			"minecraft:health": {
				"value": 85,
				"max": 85
			},
			"minecraft:physics": {},
			"minecraft:pushable": {
				"is_pushable": true,
				"is_pushable_by_piston": true
      },
            "minecraft:experience_reward": {
        "on_death": "query.last_hit_by_player ? 5 : 0"
            },
            "minecraft:movement": {
				"value": 0.25
			},
			"minecraft:behavior.float": {
        "priority": 0
			},
    "minecraft:navigation.walk": {
      "can_path_over_water": true,
      "avoid_damage_blocks": true
    },
      "minecraft:movement.basic": {
      },
      "minecraft:jump.static": {
      },
      "minecraft:can_climb": {
			},
      "minecraft:collision_box": {
				"width": 2,
				"height": 1.12
      },
      "minecraft:hurt_on_condition": {
        "damage_conditions": [
          {
            "filters": { "test": "in_lava", "subject": "self", "operator": "==", "value": true },
            "cause": "lava",
            "damage_per_tick": 4
          }
        ]
      },
      "minecraft:breathable": {
        "total_supply": 15,
        "suffocate_time": 0,
        "breathes_air": true,
        "breathes_water": false
      },
      "minecraft:attack": {
        "damage": 20
      },

      // Infected cow behaviors
      "minecraft:behavior.melee_attack": {
        "priority": 3,
        "speed_multiplier": 1,
        "track_target": false
      },
      "minecraft:behavior.move_towards_restriction": {
        "priority": 5,
        "speed_multiplier": 1
      },
      "minecraft:behavior.summon_entity": {
        "priority": 2,
        "summon_choices": [
          {
            "min_activation_range": 0.0,
            "max_activation_range": 6.0,
            "cooldown_time": 5.0,
            "weight": 300,
            "cast_duration": 2.0,
            "particle_color": "#FF664D59",
            "start_sound_event": "cast.spell",
            "sequence": [
              {
                "shape": "circle",
                "target": "self",
                "base_delay": 3.0,
                "delay_per_summon": 0.0,
                "num_entities_spawned": 3,
                "entity_type": "srp:infected_player",
                "summon_cap": 8,
                "summon_cap_radius": 16.0,
                "size": 1.0,
                "sound_event": "prepare.attack"
              },
              {
                "shape": "circle",
                "target": "self",
                "base_delay": 3.0,
                "delay_per_summon": 0.0,
                "num_entities_spawned": 1,
                "entity_type": "srp:infected_cow",
                "summon_cap": 8,
                "summon_cap_radius": 16.0,
                "size": 1.0
              }
            ]
          },
          {
            "min_activation_range": 6.0,
            "weight": 300,
            "cooldown_time": 5.0,
            "cast_duration": 5.0,
            "particle_color": "#FF664D59",
            "start_sound_event": "cast.spell",
            "sequence": [
              {
                "shape": "circle",
                "target": "self",
                "base_delay": 3.0,
                "delay_per_summon": 0.05,
                "num_entities_spawned": 2,
                "entity_type": "srp:infected_sheep",
                "summon_cap": 8,
                "summon_cap_radius": 16.0,
                "size": 1.0
              }
            ]
          },
          {
            "weight": 1,
            "cooldown_time": 17.0,
            "cast_duration": 3.0,
            "particle_color": "#FFB3B3CC",
            "sequence": [
              {
                "shape": "circle",
                "target": "self",
                "base_delay": 2.0,
                "num_entities_spawned": 1,
                "entity_type": "srp:infected_pig",
                "summon_cap": 8,
                "summon_cap_radius": 16.0,
                "size": 1.0,
                "sound_event": "prepare.summon"
              }
            ]
          }
        ]
      },
      "minecraft:behavior.send_event": {
        "priority": 3,
        "event_choices": [
          {
            "min_activation_range": 0.0,
            "max_activation_range": 16.0,
            "cooldown_time": 5.0,
            "cast_duration": 3.0,
            "particle_color": "#FFB38033",
            "weight": 3,
            "filters": {
              "all_of": [
                {
                  "test": "is_family",
                  "subject": "other",
                  "value": "sheep"
                },
                {
                  "test": "is_color",
                  "subject": "other",
                  "value": "blue"
                }
              ]
            },
            "start_sound_event": "cast.spell",
            "sequence": [
              {
                "base_delay": 2.0,
                "event": "wololo",
                "sound_event": "prepare.wololo"
              }
            ]
          }
        ]
      },
      "minecraft:behavior.random_stroll": {
        "priority": 6,
        "speed_multiplier": 1
      },
      "minecraft:behavior.look_at_player": {
        "priority": 7,
        "look_distance": 6,
        "probability": 0.02
      },
      "minecraft:behavior.random_look_around": {
        "priority": 7
      },
      "minecraft:behavior.hurt_by_target": {
        "priority": 0
      },
      "minecraft:behavior.nearest_attackable_target": {
        "priority": 2,
        "within_radius": 25,
        "reselect_targets": true,
        "entity_types": [
          {
            "filters": {
              "any_of": [
                { "test": "is_family", "subject": "other", "value": "player" },
                { "test": "is_family", "subject": "other", "value": "pig" },
                { "test": "is_family", "subject": "other", "value": "sheep" },
                { "test": "is_family", "subject": "other", "value": "zombie" },
                { "test": "is_family", "subject": "other", "value": "spider" },
                { "test": "is_family", "subject": "other", "value": "wolf" },
                { "test": "is_family", "subject": "other", "value": "skeleton" },
                { "test": "is_family", "subject": "other", "value": "enderman" },
                { "test": "is_family", "subject": "other", "value": "cow" },
                { "test": "is_family", "subject": "other", "value": "chicken" },
                { "test": "is_family", "subject": "other", "value": "husk" },
                { "test": "is_family", "subject": "other", "value": "horse" },
                { "test": "is_family", "subject": "other", "value": "polar_bear" },
                { "test": "is_family", "subject": "other", "value": "witch" },
                { "test": "is_family", "subject": "other", "value": "snowgolem" },
                { "test": "is_family", "subject": "other", "value": "irongolem" }
              ]
            },
            "max_dist": 35
          },
          {
            "filters": {
              "any_of": [
                { "test": "is_family", "subject": "other", "value": "villager" },
                { "test": "is_family", "subject": "other", "value": "wandering_trader" }
              ]
            },
            "max_dist": 35,
            "must_see": false
          },
          {
            "filters": {
              "all_of": [
                { "test": "is_family", "subject": "other", "value": "baby_turtle" },
                { "test": "in_water", "subject": "other", "operator": "!=", "value": true }
              ]
            },
            "max_dist": 35
          }
        ],
        "must_see": true,
        "must_see_forget_duration": 17.0
			}
		},
		
		"events": {
		    "minecraft:death_event":
		    {
		    "randomize": [
		        {
		        "weight": 1000,
    "run_command": {
        "command": [
            "summon srp:rupter ~~~",
            "summon srp:rupter ~~~",
            "summon srp:infected_wolf ~~~",
            "summon srp:infected_human ~~~",
            "summon srp:infected_villagerv2 ~~~",
            "summon srp:infected_cow ~~~"
                       ]
		           }
		       },
		       {
		        "weight": 1000,
    "run_command": {
        "command": [
            "summon srp:rupter ~~~",
            "summon srp:rupter ~~~",
            "summon srp:rupter ~~~",
            "summon srp:infected_sheep ~~~",
            "summon srp:infected_skeletonv2 ~~~",
            "summon srp:infected_pig ~~~"
                       ]
		           }
		       },
		       {
		        "weight": 70,
    "run_command": {
        "command": [
            "playsound infectedanimal_death @p ~~~ 0"
                       ]
		           }
		       }
		    ]
		 }
      }
   }
}mmon srp:infected_skeletonv2 ~~~",
            "summon srp:infected_pig ~~~"
                       ]
		           }
		       },
		       {
		        "weight": 70,
    "run_command": {
        "command": [
            "playsound infectedanimal_death @p ~~~ 0"
                       ]
		           }
		       }
		    ]
		 }
      }
   }
}