{
	"format_version": "1.8.0",
	"minecraft:entity": {
		"description": {
			"identifier": "srp:adap_arachnida",
			"is_spawnable": true,
			"is_summonable": true,
			"is_experimental": false
		},
    "component_groups": {
      "minecraft:guardian_aggressive": {
        "minecraft:behavior.nearest_attackable_target": {
          "priority": 1,
          "entity_types": [
            {
            "filters": {
              "any_of": [
                { "test": "is_family", "subject": "other", "value": "player" },
                { "test": "is_family", "subject": "other", "value": "pig" },
                { "test": "is_family", "subject": "other", "value": "sheep" },
                { "test": "is_family", "subject": "other", "value": "zombie" },
                { "test": "is_family", "subject": "other", "value": "spider" },
                { "test": "is_family", "subject": "other", "value": "wolf" },
                { "test": "is_family", "subject": "other", "value": "skeleton" },
                { "test": "is_family", "subject": "other", "value": "enderman" },
                { "test": "is_family", "subject": "other", "value": "cow" },
                { "test": "is_family", "subject": "other", "value": "chicken" },
                { "test": "is_family", "subject": "other", "value": "husk" },
                { "test": "is_family", "subject": "other", "value": "horse" },
                { "test": "is_family", "subject": "other", "value": "polar_bear" },
                { "test": "is_family", "subject": "other", "value": "flesh2" },
                { "test": "is_family", "subject": "other", "value": "flesh" },
                { "test": "is_family", "subject": "other", "value": "flesh3" }
              ]
            },
              "max_dist": 30,
              "must_see": false
            }
          ],
          "attack_interval_min": 1.0,
          "must_see": false,
          "within_radius": 0.0
        },
        "minecraft:target_nearby_sensor": {
          "inside_range": 3.0,
          "outside_range": 4.0,
          "on_inside_range": {
            "event": "minecraft:target_too_close",
            "target": "self"
          }
        },
        "minecraft:behavior.guardian_attack": {
          "priority": 20
        }
      },
      "minecraft:guardian_passive": {
        "minecraft:timer": {
          "time": [
            1,
            3
          ],
          "looping": false,
          "time_down_event": {
            "event": "minecraft:target_far_enough",
            "target": "self"
          }
        },
        "minecraft:behavior.avoid_mob_type": {
          "priority": 1,
          "entity_types": [
            {
              "filters": {
                "test": "is_family",
                "subject": "other",
                "value": "iron_golem"
              },
              "max_dist": 8,
              "walk_speed_multiplier": 1,
              "sprint_speed_multiplier": 1
            }
          ]
        }
      }
    },

		"component_groups": {},
    "components": {
        "minecraft:damage_sensor": {
        "triggers": [
          {
            "on_damage": {
              "filters": {
                "any_of": [
                  {"test": "is_family", "subject": "other", "value": "player"},
                  {"test": "is_family", "subject": "other", "value": "undead"},
                  {"test": "is_family", "subject": "other", "value": "irongolem"},
                  {"test": "is_family", "subject": "other", "value": "monster"},
                  {"test": "is_family", "subject": "other", "value": "wolf"}
                ],
                "all_of": [
                  {"test": "has_damage", "value": "fatal"}
                ]
              },
              "event": "minecraft:death_event"
            }
          }
        ]
      },
      "minecraft:knockback_resistance": {
        "value": 999999.0,
        "max": 999999.0
      },
			"minecraft:type_family": {
				"family": ["infectado"]
			},
      "minecraft:scale": {
        "value": 3.40
      },
			"minecraft:nameable": {},
			"minecraft:loot": {
				"table": "loot_tables/entities/infected.json"
			},
			"minecraft:health": {
				"value": 65,
				"max": 65
			},
			"minecraft:physics": {},
			"minecraft:pushable": {
				"is_pushable": true,
				"is_pushable_by_piston": true
      },
            "minecraft:experience_reward": {
        "on_death": "query.last_hit_by_player ? 5 : 0"
            },
            "minecraft:movement": {
				"value": 0.25
			},
			"minecraft:behavior.float": {
        "priority": 0
			},
    "minecraft:navigation.walk": {
      "can_path_over_water": true,
      "avoid_damage_blocks": true
    },
      "minecraft:movement.basic": {
      },
      "minecraft:jump.static": {
      },
      "minecraft:can_climb": {
			},
      "minecraft:collision_box": {
				"width": 0.9,
				"height": 1.5
      },
      "minecraft:hurt_on_condition": {
        "damage_conditions": [
          {
            "filters": { "test": "in_lava", "subject": "self", "operator": "==", "value": true },
            "cause": "lava",
            "damage_per_tick": 4
          }
        ]
      },
      "minecraft:breathable": {
        "total_supply": 15,
        "suffocate_time": 0,
        "breathes_air": true,
        "breathes_water": false
      },
      "minecraft:attack": {
        "damage": 15
      },

      // Infected cow behaviors
      "minecraft:behavior.melee_attack": {
        "priority": 3,
        "speed_multiplier": 1,
        "track_target": false
      },
      "minecraft:behavior.move_towards_restriction": {
        "priority": 5,
        "speed_multiplier": 1
      },
      "minecraft:behavior.random_stroll": {
        "priority": 6,
        "speed_multiplier": 1
      },
      "minecraft:behavior.look_at_player": {
        "priority": 7,
        "look_distance": 6,
        "probability": 0.02
      },
      "minecraft:behavior.random_look_around": {
        "priority": 7
      },
      "minecraft:behavior.hurt_by_target": {
        "priority": 1
      },
      "minecraft:behavior.owner_hurt_target": {
        "priority": 2
      },
      "minecraft:behavior.nearest_attackable_target": {
        "priority": 2,
        "within_radius": 25,
        "reselect_targets": true,
        "entity_types": [
          {
            "filters": {
              "any_of": [
                { "test": "is_family", "subject": "other", "value": "player" },
                { "test": "is_family", "subject": "other", "value": "pig" },
                { "test": "is_family", "subject": "other", "value": "sheep" },
                { "test": "is_family", "subject": "other", "value": "zombie" },
                { "test": "is_family", "subject": "other", "value": "spider" },
                { "test": "is_family", "subject": "other", "value": "wolf" },
                { "test": "is_family", "subject": "other", "value": "skeleton" },
                { "test": "is_family", "subject": "other", "value": "enderman" },
                { "test": "is_family", "subject": "other", "value": "cow" },
                { "test": "is_family", "subject": "other", "value": "chicken" },
                { "test": "is_family", "subject": "other", "value": "husk" },
                { "test": "is_family", "subject": "other", "value": "horse" },
                { "test": "is_family", "subject": "other", "value": "polar_bear" },
                { "test": "is_family", "subject": "other", "value": "flesh2" },
                { "test": "is_family", "subject": "other", "value": "flesh" },
                { "test": "is_family", "subject": "other", "value": "flesh3" }
              ]
            },
            "max_dist": 35
          },
          {
            "filters": {
              "any_of": [
                { "test": "is_family", "subject": "other", "value": "villager" },
                { "test": "is_family", "subject": "other", "value": "wandering_trader" }
              ]
            },
            "max_dist": 35,
            "must_see": false
          },
          {
            "filters": {
              "all_of": [
                { "test": "is_family", "subject": "other", "value": "baby_turtle" },
                { "test": "in_water", "subject": "other", "operator": "!=", "value": true }
              ]
            },
            "max_dist": 35
          }
        ],
        "must_see": true,
        "must_see_forget_duration": 17.0
			}
		},
        "attack_interval_min": 1.0,
        "must_see": false,
        "within_radius": 0.0
      },
      "minecraft:target_nearby_sensor": {
        "inside_range": 3.0,
        "outside_range": 4.0,
        "on_inside_range": {
          "event": "minecraft:target_too_close",
          "target": "self"
        }
      },
      "minecraft:behavior.guardian_attack": {
        "priority": 20
      },
      "minecraft:behavior.move_towards_restriction": {
        "priority": 5,
        "speed_multiplier": 1.0,
        "control_flags": [
          "move",
          "look"
        ]
      },
		
		"events": {
		    "minecraft:death_event":
		    {
		    "randomize": [
		        {
		        "weight": 1000,
    "run_command": {
        "command": [
            "summon srp:rupter ~~~"
                       ]
		           }
		       },
		       {
		        "weight": 25,
    "run_command": {
        "command": [
            "summon srp:moving_flesh ~~~"
                       ]
		           }
		       },
		       {
		        "weight": 70,
    "run_command": {
        "command": [
            "playsound premitive_death @p ~~~ 0"
                       ]
		           }
		       }
		    ]
		 }
      }
   }
}
		    {
		    "randomize": [
		        {
		        "weight": 1000,
    "run_command": {
        "command": [
            "summon srp:rupter ~~~"
                       ]
		           }
		       },
		       {
		        "weight": 25,
    "run_command": {
        "command": [
            "summon srp:moving_flesh ~~~"
                       ]
		           }
		       },
		       {
		        "weight": 70,
    "run_command": {
        "command": [
            "playsound premitive_death @p ~~~ 0"
                       ]
		           }
		       }
		    ]
		 }
      }
   }
}