{
  "format_version": "1.8.0",
  "minecraft:entity": {
    "description": {
      "identifier": "srp:dread2",
      "is_spawnable": false,
      "is_summonable": true,
      "is_experimental": false
    },
    "component_groups": {},
    "components": {
      "minecraft:type_family": {
        "family": [
          "infectado"
        ]
      },
      "minecraft:collision_box": {
        "height": 2.9,
        "width": 2.5
      },
      "minecraft:fall_damage": {
        "value": 0.0
      },
      "minecraft:movement": {
        "value": 0.1
      },
      "minecraft:navigation.float": {
        "can_path_over_water": true,
        "can_float": true
      },
      "minecraft:movement.basic": {},
      "minecraft:jump.static": {},
      "minecraft:behavior.float": {
        "priority": 0
      },
      "minecraft:behavior.float_wander": {
        "random_reselect": true,
        "priority": 2
      },
      "minecraft:can_fly": {},
      "minecraft:health": {
        "value": 230,
        "max": 230
      },
      "minecraft:physics": {},
      "minecraft:scale": {
        "value": 2.5
      },
      "minecraft:experience_reward": {
        "on_death": "query.last_hit_by_player ? 10 : 0"
      },
      "minecraft:underwater_movement": {
        "value": 0.02
      },
      "minecraft:flying_speed": {
        "value": 0.01
      },
      "minecraft:behavior.ranged_attack": {
        "attack_interval_min": 1,
        "attack_interval_max": 3,
        "attack_radius": 330,
        "burst_shots": 10,
        "burst_interval": 0.5
      },
      "minecraft:shooter": {
        "type": "Ancient Shooter",
        "def": "srp:shot"
      },
      "minecraft:behavior.nearest_attackable_target": {
        "priority": 3,
        "within_radius": 50,
        "must_reach": false,
        "entity_types": [
          {
            "filters": {
              "any_of": [
                { "test": "is_family", "subject": "other", "value": "player" },
                { "test": "is_family", "subject": "other", "value": "pig" },
                { "test": "is_family", "subject": "other", "value": "sheep" },
                { "test": "is_family", "subject": "other", "value": "zombie" },
                { "test": "is_family", "subject": "other", "value": "spider" },
                { "test": "is_family", "subject": "other", "value": "wolf" },
                { "test": "is_family", "subject": "other", "value": "skeleton" },
                { "test": "is_family", "subject": "other", "value": "enderman" },
                { "test": "is_family", "subject": "other", "value": "cow" },
                { "test": "is_family", "subject": "other", "value": "chicken" },
                { "test": "is_family", "subject": "other", "value": "wither" },
                { "test": "is_family", "subject": "other", "value": "moving_flesh" },
                { "test": "is_family", "subject": "other", "value": "polar_bear" },
                { "test": "is_family", "subject": "other", "value": "villager" },
                { "test": "is_family", "subject": "other", "value": "snowgolem" },
                { "test": "is_family", "subject": "other", "value": "irongolem" }
              ]
            },
            "max_dist": 25,
            "must_see": false
          }
        ],
        "must_see": false,
        "speed_multiplier": 1.0
      },
      "minecraft:behavior.hurt_by_target": {
        "priority": 3
      },
      "minecraft:spawn_entity": {
        "min_wait_time": 6,
        "max_wait_time": 6,
        "spawn_entity": "srp:bomb2",
        "spawn_event": "minecraft:entity_spawned",
        "single_use": false,
        "num_to_spawn": 1,
        "should_leash": true
      },
      "minecraft:behavior.owner_hurt_by_target": {
        "priority": 1
      },
      "minecraft:behavior.owner_hurt_target": {
        "priority": 2
      },
      "minecraft:boss": {
        "should_darken_sky": true,
        "hud_range": 125,
        "name": "Ancient Dreadnaut (Angry)"
      },
      "minecraft:movement.generic": {},
      "minecraft:navigation.fly": {},
      "minecraft:behavior.circle_around_anchor": {
        "priority": 3,
        "radius_range": [
          5.0,
          15.0
        ],
        "radius_change_chance": 250,
        "height_above_target_range": [
          20.0,
          40.0
        ],
        "height_offset_range": [
          -4.0,
          2.0
        ],
        "height_change_chance": 350,
        "goal_radius": 1.0
      },
      "minecraft:movement.glide": {
        "start_speed": 0.01,
        "speed_when_turning": 0.01
      },
      "minecraft:knockback_resistance": {
        "value": 9999999.0,
        "max": 99999999.0
      },
      "minecraft:on_death": {
        "event": "on:death",
        "target": "self"
      },
      "minecraft:on_hurt": {
        "event": "on:hurt",
        "target": "self"
      },
      "minecraft:on_hurt_by_player": {
        "event": "on:hurt_by_player",
        "target": "self"
      },
      "minecraft:on_ignite": {
        "event": "on:ignite",
        "target": "self"
      },
      "minecraft:on_target_acquired": {
        "event": "on:target_acquired",
        "target": "self"
      },
      "minecraft:on_target_escape": {
        "event": "on:target_escape",
        "target": "self"
      },
      "minecraft:on_wake_with_owner": {
        "event": "on:wake_with_owner",
        "target": "self"
      }
    },
    "events": {
      "on:death": {
        "run_command": {
          "command": [
            "summon srp:t2 ~~~"
          ]
        }
      },
      "on:hurt": {
        "run_command": {
          "command": []
        }
      },
      "on:hurt_by_player": {
        "run_command": {
          "command": []
        }
      },
      "on:ignite": {
        "run_command": {
          "command": []
        }
      },
      "on:target_acquired": {
        "run_command": {
          "command": []
        }
      },
      "on:target_escape": {
        "run_command": {
          "command": []
        }
      },
      "on:wake_with_owner": {
        "run_command": {
          "command": []
        }
      }
    }
  }
}
}}} 