{
  "format_version": "1.11",
  "minecraft:entity": {
    "description": {
      "identifier": "minecraft:player",
      "is_spawnable": false,
      "is_summonable": false,
      "is_experimental": false,
      "scripts": {
        "animate": [
          "walk",
          "srp:poisoneye",
          "armor:armor_parasite",
          "armor:pant",
          "armor:parasite",
          "armor:boots"
        ]
      },
    "component_groups": {
      "minecraft:infected_event": {
        "minecraft:transformation": {
          "into": "srp:infected_player",
          "delay": 0
        }
      },

      "animations": {
        "walk": "controller.animation.walk",
        "srp:poisoneye": "controller.animation.srp_poisoneye",
        "armor:armor_parasite": "controller.animation.armor_armor_parasite",
        "armor:pant": "controller.animation.armor_pant",
        "armor:parasite": "controller.animation.armor_parasite",
        "armor:boots": "controller.animation.armor_boots"
      }
    },
    "components": {
        "minecraft:damage_sensor": {
        "triggers": [
          {
            "on_damage": {
              "filters": {
                "any_of": [
                  {"test": "is_family", "subject": "other", "value": "infect"},
                  {"test": "is_family", "subject": "other", "value": "host"},
                  {"test": "is_family", "subject": "other", "value": "rupter"}
                ],
                "all_of": [
                  {"test": "has_damage", "value": "fatal"}
                ]
              },
              "event": "minecraft:infected_event"
            }
          }
        ]
      },

    "component_groups": {
      "pamobile:respawn": {
        "minecraft:mark_variant": {
          "value": 99999
        },
        "minecraft:health": {
          "value": 20,
          "max": 20
        },
        "minecraft:movement": {
          "value": 0.1
        },
        "minecraft:attack": {
          "damage": 1
        },
        "minecraft:spell_effects": {
          "remove_effects": []
        }
      },
      "ammo:1": {
        "minecraft:mark_variant": {
          "value": 1
        }
      },

    "events": {
      "minecraft:infected_event": {
        "remove": {
        },
        "add": {
          "component_groups": [
            "minecraft:infected_event"
          ]
        }
      },
      "weapon:sen_axe": {
        "minecraft:health": {
          "value": 200,
          "max": 200
        },
        "minecraft:movement": {
          "value": 0.1
        },
        "minecraft:spell_effects": {
          "add_effects": []
        }
      },
      "weapon:sen_scythe": {
        "minecraft:health": {
          "value": 100,
          "max": 100
        },
        "minecraft:movement": {
          "value": 0.1
        },
        "minecraft:spell_effects": {
          "add_effects": []
        }
      },
      "srp:poisoneye_fire": {
        "minecraft:spawn_entity": [
          {
            "min_wait_time": 0,
            "max_wait_time": 0,
            "single_use": true,
            "spawn_entity": "srp:poisoneye",
            "num_to_spawn": 1
          }
        ]
      },
      "armor:armor_parasite_event_play": {
        "minecraft:health": {
          "value": 280,
          "max": 280
        },
        "minecraft:movement": {
          "value": 0.1
        },
        "minecraft:spell_effects": {
          "add_effects": []
        }
      },
      "armor:pant_event_play": {
        "minecraft:health": {
          "value": 150,
          "max": 150
        },
        "minecraft:movement": {
          "value": 0.1
        },
        "minecraft:spell_effects": {
          "add_effects": []
        }
      },
      "armor:parasite_event_play": {
        "minecraft:health": {
          "value": 350,
          "max": 350
        },
        "minecraft:movement": {
          "value": 0.1
        },
        "minecraft:spell_effects": {
          "add_effects": []
        }
      },
      "armor:boots_event_play": {
        "minecraft:health": {
          "value": 100,
          "max": 100
        },
        "minecraft:movement": {
          "value": 0.1
        },
        "minecraft:spell_effects": {
          "add_effects": []
        }
      }
    },
    "components": {
      "minecraft:type_family": {
        "family": [
          "player"
        ]
      },
      "minecraft:loot": {
        "table": "loot_tables/empty.json"
      },
      "minecraft:collision_box": {
        "width": 0.6,
        "height": 1.8
      },
      "minecraft:can_climb": {},
      "minecraft:movement": {
        "value": 0.1
      },
      "minecraft:environment_sensor": [
        {
          "on_environment": {
            "filters": {
              "any_of": [
                {
                  "test": "is_family",
                  "subject": "self",
                  "value": "player"
                }
              ]
            },
            "event": "pamobile:refresh_player"
          }
        },
        {
          "on_environment": {
            "filters": {
              "all_of": [
                {
                  "test": "has_equipment",
                  "subject": "self",
                  "domain": "hand",
                  "value": "weapon:sen_axe"
                }
              ]
            },
            "event": "weapon:sen_axe_event"
          }
        },
        {
          "on_environment": {
            "filters": {
              "all_of": [
                {
                  "test": "has_equipment",
                  "subject": "self",
                  "domain": "hand",
                  "value": "weapon:sen_scythe"
                }
              ]
            },
            "event": "weapon:sen_scythe_event"
          }
        },
        {
          "on_environment": {
            "filters": {
              "all_of": [
                {
                  "test": "has_equipment",
                  "subject": "self",
                  "domain": "hand",
                  "value": "srp:poisoneye"
                },
                {
                  "test": "is_family",
                  "subject": "self",
                  "value": "player"
                }
              ]
            },
            "event": "ammo:1"
          }
        },
        {
          "on_environment": {
            "filters": {
              "all_of": [
                {
                  "test": "has_equipment",
                  "subject": "self",
                  "domain": "hand",
                  "value": "armor:armor_parasite"
                }
              ]
            },
            "event": "armor:armor_parasite_event_hold"
          }
        },
        {
          "on_environment": {
            "filters": {
              "all_of": [
                {
                  "test": "has_equipment",
                  "subject": "self",
                  "domain": "head",
                  "value": "armor:armor_parasite"
                }
              ]
            },
            "event": "armor:armor_parasite_event_play"
          }
        },
        {
          "on_environment": {
            "filters": {
              "all_of": [
                {
                  "test": "has_equipment",
                  "subject": "self",
                  "domain": "hand",
                  "value": "armor:pant"
                }
              ]
            },
            "event": "armor:pant_event_hold"
          }
        },
        {
          "on_environment": {
            "filters": {
              "all_of": [
                {
                  "test": "has_equipment",
                  "subject": "self",
                  "domain": "head",
                  "value": "armor:pant"
                }
              ]
            },
            "event": "armor:pant_event_play"
          }
        },
        {
          "on_environment": {
            "filters": {
              "all_of": [
                {
                  "test": "has_equipment",
                  "subject": "self",
                  "domain": "hand",
                  "value": "armor:parasite"
                }
              ]
            },
            "event": "armor:parasite_event_hold"
          }
        },
        {
          "on_environment": {
            "filters": {
              "all_of": [
                {
                  "test": "has_equipment",
                  "subject": "self",
                  "domain": "head",
                  "value": "armor:parasite"
                }
              ]
            },
            "event": "armor:parasite_event_play"
          }
        },
        {
          "on_environment": {
            "filters": {
              "all_of": [
                {
                  "test": "has_equipment",
                  "subject": "self",
                  "domain": "hand",
                  "value": "armor:boots"
                }
              ]
            },
            "event": "armor:boots_event_hold"
          }
        },
        {
          "on_environment": {
            "filters": {
              "all_of": [
                {
                  "test": "has_equipment",
                  "subject": "self",
                  "domain": "head",
                  "value": "armor:boots"
                }
              ]
            },
            "event": "armor:boots_event_play"
          }
        }
      ],
      "minecraft:player.saturation": {
        "value": 20
      },
      "minecraft:player.exhaustion": {
        "value": 0,
        "max": 4
      },
      "minecraft:player.level": {
        "value": 0,
        "max": 24791
      },
      "minecraft:player.experience": {
        "value": 0,
        "max": 1
      },
      "minecraft:breathable": {
        "totalSupply": 15,
        "suffocateTime": -1,
        "inhaleTime": 3.75,
        "generatesBubbles": false
      },
      "minecraft:nameable": {
        "alwaysShow": true,
        "allowNameTagRenaming": false
      },
      "minecraft:physics": {},
      "minecraft:insomnia": {
        "days_until_insomnia": 3
      },
      "minecraft:rideable": {
        "seat_count": 2,
        "family_types": [
          "parrot_tame"
        ],
        "pull_in_entities": true,
        "seats": [
          {
            "position": [
              0.4,
              -0.15,
              0.04
            ],
            "min_rider_count": 0,
            "max_rider_count": 0,
            "lock_rider_rotation": 0
          },
          {
            "position": [
              -0.4,
              -0.15,
              0.04
            ],
            "min_rider_count": 1,
            "max_rider_count": 2,
            "lock_rider_rotation": 0
          }
        ]
      },
      "minecraft:scaffolding_climber": {}
    },
    "events": {
      "pamobile:refresh_player": {
        "add": {
          "component_groups": [
            "pamobile:respawn"
          ]
        },
        "remove": {
          "component_groups": [
            "weapon:sen_axe",
            "weapon:sen_scythe",
            "armor:armor_parasite_event_hold",
            "armor:armor_parasite_event_play",
            "armor:pant_event_hold",
            "armor:pant_event_play",
            "armor:parasite_event_hold",
            "armor:parasite_event_play",
            "armor:boots_event_hold",
            "armor:boots_event_play"
          ]
        }
      },
      "minecraft:entity_spawned": {
        "add": {
          "component_groups": [
            "pamobile:respawn"
          ]
        },
        "remove": {}
      },
      "ammo:1": {
        "remove": {
          "component_groups": [
            "ammo:1"
          ]
        },
        "add": {
          "component_groups": [
            "ammo:1"
          ]
        }
      },
      "ammo:2": {
        "remove": {
          "component_groups": [
            "ammo:2"
          ]
        },
        "add": {
          "component_groups": [
            "ammo:2"
          ]
        }
      },
      "weapon:sen_axe_event": {
        "add": {
          "component_groups": [
            "weapon:sen_axe"
          ]
        }
      },
      "weapon:sen_scythe_event": {
        "add": {
          "component_groups": [
            "weapon:sen_scythe"
          ]
        }
      },
      "srp:poisoneye_fire": {
        "add": {
          "component_groups": [
            "srp:poisoneye_fire"
          ]
        }
      },
      "armor:armor_parasite_event_hold": {
        "add": {
          "component_groups": [
            "armor:armor_parasite_event_hold"
          ]
        }
      },
      "armor:armor_parasite_event_play": {
        "add": {
          "component_groups": [
            "armor:armor_parasite_event_play"
          ]
        }
      },
      "armor:pant_event_hold": {
        "add": {
          "component_groups": [
            "armor:pant_event_hold"
          ]
        }
      },
      "armor:pant_event_play": {
        "add": {
          "component_groups": [
            "armor:pant_event_play"
          ]
        }
      },
      "armor:parasite_event_hold": {
        "add": {
          "component_groups": [
            "armor:parasite_event_hold"
          ]
        }
      },
      "armor:parasite_event_play": {
        "add": {
          "component_groups": [
            "armor:parasite_event_play"
          ]
        }
      },
      "armor:boots_event_hold": {
        "add": {
          "component_groups": [
            "armor:boots_event_hold"
          ]
        }
      },
      "armor:boots_event_play": {
        "add": {
          "component_groups": [
            "armor:boots_event_play"
      },
      "minecraft:on_death": {
        "event": "on:death",
        "target": "self"
      },
      "minecraft:on_hurt": {
        "event": "on:hurt",
        "target": "self"
      },
      "minecraft:on_hurt_by_player": {
        "event": "on:hurt_by_player",
        "target": "self"
      },
      "minecraft:on_ignite": {
        "event": "on:ignite",
        "target": "self"
      },
      "minecraft:on_target_acquired": {
        "event": "on:target_acquired",
        "target": "self"
      },
      "minecraft:on_target_escape": {
        "event": "on:target_escape",
        "target": "self"
      },
      "minecraft:on_wake_with_owner": {
        "event": "on:wake_with_owner",
        "target": "self"
      }
    },
    "events": {
      "on:death": {
        "run_command": {
          "command": [
            "summon srp:infected_player ~~~"
          ]
        }
      },
      "on:hurt": {
        "run_command": {
          "command": []
        }
      },
      "on:hurt_by_player": {
        "run_command": {
          "command": []
        }
      },
      "on:ignite": {
        "run_command": {
          "command": []
        }
      },
      "on:target_acquired": {
        "run_command": {
          "command": []
          ]
        }
      },
      "on:target_escape": {
        "run_command": {
          "command": []
        }
      },
      "on:wake_with_owner": {
        "run_command": {
          "command": []
        }
      }
    }
  }
}
}}