{
	"format_version": "1.8.0",
	"minecraft:entity": {
		"description": {
			"identifier": "srp:t1",
			"is_spawnable": false,
			"is_summonable": true,
			"is_experimental": false
		},
		"component_groups": {
			"minecraft:become_overlord2": {
				"minecraft:transformation": {
					"into": "srp:overlord2"
				}
			}
    },
		"components": {
			"minecraft:type_family": {
				"family": ["infectado"]
			},
      "minecraft:scale": {
        "value": 2.5
      },
			"minecraft:health": {
				"value": 30,
				"max": 30
			},
			"minecraft:physics": {},
			"minecraft:pushable": {
				"is_pushable": false,
				"is_pushable_by_piston": false
			},
			"minecraft:ageable": {
				"duration": 45,
				"grow_up": {
					"event": "minecraft:ageable_grow_up",
					"target": "self"
				}
			},
		"minecraft:experience_reward": {
        "on_death": "query.last_hit_by_player ? 5 : 0"
			},
			"minecraft:movement": {
				"value": 0.0
			},
			"minecraft:behavior.float": {
        "priority": 0
			},
    "minecraft:navigation.walk": {
      "can_path_over_water": true,
      "avoid_damage_blocks": true
    },
      "minecraft:movement.basic": {
      },
      "minecraft:jump.static": {
      },
      "minecraft:can_climb": {
			},
      "minecraft:collision_box": {
				"width": 0.9,
				"height": 1.3
      },
      "minecraft:fall_damage": {
        "value": 0.0
      },
      "minecraft:hurt_on_condition": {
        "damage_conditions": [
          {
            "filters": { "test": "in_lava", "subject": "self", "operator": "==", "value": true },
            "cause": "lava",
            "damage_per_tick": 4
          }
        ]
      },
      "minecraft:knockback_resistance": {
        "value": 999999.9,
        "max": 999999.9
      },
      "minecraft:breathable": {
        "total_supply": 15,
        "suffocate_time": 0,
        "breathes_air": true,
        "breathes_water": false
      },
      "minecraft:attack": {
        "damage": 10
      },
      "minecraft:behavior.ranged_attack": {
        "attack_interval_min": 1,
        "attack_interval_max": 15,
        "attack_radius": 25,
        "burst_shots": 1,
        "burst_interval": 20.3
      },
      "minecraft:shooter": {
        "type": "T2 Spawn",
        "def": "srp:spawn5"
      },

      // Buglin behaviors
      "minecraft:behavior.melee_attack": {
        "priority": 3,
        "speed_multiplier": 0.0,
        "track_target": false
      },
      "minecraft:behavior.move_towards_restriction": {
        "priority": 5,
        "speed_multiplier": 0.0
      },
      "minecraft:behavior.random_stroll": {
        "priority": 6,
        "speed_multiplier": 0.0
      },
      "minecraft:behavior.look_at_player": {
        "priority": 1,
        "look_distance": 6,
        "probability": 0.02
      },
      "minecraft:behavior.random_look_around": {
        "priority": 7
      },
      "minecraft:behavior.hurt_by_target": {
        "priority": 1
      },
      "minecraft:spawn_entity": {
        "min_wait_time": 4,
        "max_wait_time": 4,
        "spawn_entity": "srp:buglin",
        "spawn_event": "minecraft:entity_spawned",
        "single_use": false,
        "num_to_spawn": 3,
        "should_leash": true
      },
      "minecraft:behavior.nearest_attackable_target": {
        "priority": 2,
        "within_radius": 25,
        "reselect_targets": true,
        "entity_types": [
          {
            "filters": {
              "any_of": [
                { "test": "is_family", "subject": "other", "value": "player" },
                { "test": "is_family", "subject": "other", "value": "zombie" },
                { "test": "is_family", "subject": "other", "value": "spider" },
                { "test": "is_family", "subject": "other", "value": "skeleton" },
                { "test": "is_family", "subject": "other", "value": "enderman" },
                { "test": "is_family", "subject": "other", "value": "husk" },
                { "test": "is_family", "subject": "other", "value": "polar_bear" },
                { "test": "is_family", "subject": "other", "value": "pig" },
                { "test": "is_family", "subject": "other", "value": "cow" },
                { "test": "is_family", "subject": "other", "value": "irongolem" }
              ]
            },
            "max_dist": 35
          },
          {
            "filters": {
              "any_of": [
                { "test": "is_family", "subject": "other", "value": "villager" },
                { "test": "is_family", "subject": "other", "value": "sheep" }
              ]
            },
            "max_dist": 35,
            "must_see": false
          },
          {
            "filters": {
              "all_of": [
                { "test": "is_family", "subject": "other", "value": "baby_turtle" },
                { "test": "in_water", "subject": "other", "operator": "!=", "value": true }
              ]
            },
            "max_dist": 35
          }
        ],
        "must_see": true,
        "must_see_forget_duration": 17.0
			}
		},
	"events": {
			"minecraft:ageable_grow_up": {
				"add": {
					"component_groups": [
						"minecraft:become_overlord2"
					]
				}
			}
		}
	}
}}}