
 {
	"format_version": "1.16.100",
	"minecraft:item": {
		"description": {
			"identifier": "op_asa:betabeta_robe_give",
			"category": "items"
		},
  "components": {
    "tag:op_asa:betabeta":{},
    "minecraft:render_offsets": {
      "main_hand": {
        "first_person": { 
          "scale": [0.0,0.0,0.0]
        },
        "third_person": { 
          "scale": [0.0,0.0,0.0]
        }
      }
    },
    "minecraft:on_use":{
      "on_use":{
        "condition":"query.variant == 2717 && !query.is_in_water",
        "event":"op_asa:event1"
      }
    },
    "minecraft:max_stack_size": 1,
    "minecraft:icon":{
      "texture": "betabeta_robe"
    },
    "minecraft:display_name":{
      "value":"item.op_asa:betabeta_robe_give.name"
    },
    "minecraft:explodable":false
  },
  "events":{
    "op_asa:event1":{
      "sequence":[
        {
          "run_command":{
            "command":"clear @s op_asa:betabeta_robe"
          }
        },
        {
          "run_command":{
            "command":"give @s op_asa:betabeta_robe 1"
          }
        }
      ]
    }
  }
  }
}
