
 {
	"format_version": "1.16.100",
	"minecraft:item": {
		"description": {
			"identifier": "op_asa:betabetton",
			"category": "items"
		},
  "components": {
    "tag:op_asa:betabeta":{},
    "minecraft:render_offsets": {
      "main_hand": {
        "first_person": { 
          "scale": [0.0,0.0,0.0]
        },
        "third_person": { 
          "scale": [0.0,0.0,0.0]
        }
      }
    },
    "minecraft:on_use":{
      "on_use":{
        "condition":"query.variant == 2717 && !query.is_in_water",
        "event":"op_asa:event1"
      }
    },
    "minecraft:max_stack_size": 1,
    "minecraft:icon":{
      "texture": "betabetton"
    },
    "minecraft:display_name":{
      "value":"item.op_asa:betabetton.name"
    },
    "minecraft:cooldown": {
      "category": "betabeta",
      "duration": 3
    },
    "minecraft:explodable":false,
    "minecraft:should_despawn":false
  },
  "events":{
    "op_asa:event1":{
      "shoot":{
        "projectile":"op_asa:betabetton_p",
        "launch_power":1
      }
    }
  }
  }
}
