
 {
	"format_version": "1.16.100",
	"minecraft:item": {
		"description": {
			"identifier": "op_asa:betabeta_robe",
			"category": "equipment"
		},
  "components": {
    "minecraft:render_offsets": {
      "main_hand": {
        "first_person": { 
          "scale": [0.0,0.0,0.0]
        },
        "third_person": { 
          "scale": [0.0,0.0,0.0]
        }
      }
    },
    "minecraft:durability":{
      "max_durability":100
    },
    "minecraft:armor":{
      "protection":3
    },
    "minecraft:knockback_resistance": {
      "protection": 0.8
    },
    "minecraft:wearable":{
      "slot":"slot.armor.chest"
    },
    "minecraft:max_stack_size": 1,
    "minecraft:icon":{
      "texture": "betabeta_robe"
    },
    "minecraft:display_name":{
      "value":"item.op_asa:betabeta_robe.name"
    },
    "minecraft:should_despawn":false,
    "minecraft:explodable":false
  },
  "events":{}
}
}

