{
  "format_version": "1.16.100",
  "minecraft:item": {
    "description": {
      "identifier": "gear:helmet_ph2",
      "category": "equipment"
    },
    "components": {
      "minecraft:max_stack_size": 1,
      "minecraft:enchantable": {
        "value": 9,
        "slot": "armor_head"
      },
      "minecraft:damageable": {
        "max_damage": 50,
        "damage_chance": {
          "min": 1.0,
          "max": 1.0
        },
        "repair_items": {}
      },
      "minecraft:render_offsets": {
        "main_hand": {
          "first_person": {
            "scale": [
              0.0085,
              0.0085,
              0.0085
            ]
          },
          "third_person": {
            "scale": [
              0.02,
              0.02,
              0.02
            ]
          }
        }
      },
      "minecraft:display_name": {
        "value": "AFP helmet [old camo]"
      },
      "minecraft:icon": {
        "texture": "phhelm2"
      },
      "minecraft:creative_category": {
        "parent": "itemGroup.name.helmet"
      },
      "minecraft:damage": 2,
      "minecraft:armor": {
        "protection": 3
      },
      "minecraft:wearable": {
        "slot": "slot.armor.head"
      }
    }
  }
}