{"format_version":"1.12.0","minecraft:geometry":[{"description":{"identifier":"geometry.yg_hell_charles","texture_width":256,"texture_height":256,"visible_bounds_width":13,"visible_bounds_height":4.5,"visible_bounds_offset":[0,1.75,0]},"bones":[{"name":"Root"},{"name":"Body","pivot":[1.31967,26.12708,-7.90138],"cubes":[{"origin":[-5,20,-31],"size":[10,10,2],"uv":[74,117],"inflate":0},{"origin":[-4.28,24.72,-31.2],"size":[2.56,2.56,1.28],"uv":[6,26],"inflate":0},{"origin":[1.72,24.72,-31.2],"size":[2.56,2.56,1.28],"uv":[0,26],"inflate":0},{"origin":[-8,20,-15],"size":[16,14,16],"uv":[84,0],"inflate":0},{"origin":[-3,30,-27],"size":[6,9,6],"uv":[0,11],"inflate":0},{"origin":[-3,33,-9.5],"size":[6,9,6],"uv":[0,11],"inflate":0},{"origin":[-3.66,38.89,-27.66],"size":[7.32,1.22,7.32],"uv":[0,115],"inflate":0},{"origin":[-9,20,-22],"size":[1,1,23],"uv":[141,142],"inflate":0},{"origin":[8,20,-22],"size":[1,1,23],"uv":[93,142],"inflate":0},{"origin":[8,22,-19],"size":[1,1,20],"uv":[136,39],"inflate":0},{"origin":[-9,22,-19],"size":[1,1,20],"uv":[114,38],"inflate":0},{"origin":[-8,22,-19],"size":[16,1,1],"uv":[114,30],"inflate":0},{"origin":[-8,20,-22],"size":[16,1,1],"uv":[0,113],"inflate":0},{"origin":[-8.48,19.58,-3.03],"size":[16.96,14.84,1.06],"uv":[0,98],"inflate":0},{"origin":[-8.48,19.58,-7.03],"size":[16.96,14.84,1.06],"uv":[89,79],"inflate":0},{"origin":[-8.48,19.58,-11.03],"size":[16.96,14.84,1.06],"uv":[0,79],"inflate":0},{"origin":[-10.5,18,-34],"size":[21,2,35],"uv":[75,105],"inflate":0},{"origin":[5.5,13,-37],"size":[3,3,2],"uv":[120,100],"inflate":0},{"origin":[-8.5,13,-37],"size":[3,3,2],"uv":[109,69],"inflate":0},{"origin":[-9.5,12,-38],"size":[5,5,1],"uv":[21,115],"inflate":0},{"origin":[4.5,12,-38],"size":[5,5,1],"uv":[89,68],"inflate":0},{"origin":[-2,14,-37],"size":[4,4,2],"uv":[20,68],"inflate":0},{"origin":[-2,18,-39],"size":[4,1,5],"uv":[97,148],"inflate":0},{"origin":[-3,14,-38],"size":[1,5,4],"uv":[109,60],"inflate":0},{"origin":[2,14,-38],"size":[1,5,4],"uv":[0,0],"inflate":0},{"origin":[2,16,-39],"size":[1,3,1],"uv":[6,0],"inflate":0},{"origin":[-3,16,-39],"size":[1,3,1],"uv":[0,0],"inflate":0},{"origin":[-10.5,12.46846,-36.11309],"size":[21,3,2],"uv":[74,100],"inflate":0},{"origin":[-10.5,10.46846,-36.11309],"size":[21,2,38],"uv":[86,60],"inflate":0},{"origin":[-9.5,12.46846,-34.11309],"size":[19,6,36],"uv":[0,98],"inflate":0},{"origin":[-13.5,10.46846,0.88691],"size":[27,30,30],"uv":[0,0],"inflate":0},{"origin":[-15.5,10.46846,1.88691],"size":[2,26,2],"uv":[8,140],"inflate":0},{"origin":[13.5,10.46846,1.88691],"size":[2,26,2],"uv":[8,140],"inflate":0},{"origin":[-19.5,40.46846,1],"size":[4,8,4],"uv":[84,0],"inflate":0},{"origin":[-19.74,49.22846,0.76],"size":[4.48,4.48,4.48],"uv":[132,8],"inflate":0},{"origin":[15.26,49.22846,0.76],"size":[4.48,4.48,4.48],"uv":[132,0],"inflate":0},{"origin":[15.5,40.46846,1],"size":[4,8,4],"uv":[84,0],"inflate":0},{"origin":[14.5,48.46846,0],"size":[6,1,6],"uv":[152,100],"inflate":0},{"origin":[-20.5,48.46846,0],"size":[6,1,6],"uv":[79,148],"inflate":0},{"origin":[-17.32667,35.26192,1.88691],"size":[2,7,2],"pivot":[-16.32667,38.76192,2.88691],"rotation":[0,0,-35],"uv":[102,115],"inflate":0},{"origin":[15.32667,35.26192,1.88691],"size":[2,7,2],"pivot":[16.32667,38.76192,2.88691],"rotation":[0,0,35],"uv":[102,115],"inflate":0,"mirror":true},{"origin":[-12.5288,8.82995,31.69257],"size":[13,4,2],"pivot":[-6.0288,10.82995,32.69257],"rotation":[-93.53329,-50,92.49762],"uv":[74,111],"inflate":0},{"origin":[-1.52722,8.82261,31.61334],"size":[13,4,2],"pivot":[4.97278,10.82261,32.61334],"rotation":[-93.53329,-50,92.49762],"uv":[74,111],"inflate":0},{"origin":[-2.61232,11.46846,27.68768],"size":[4,1,10],"pivot":[-0.61232,11.96846,32.68768],"rotation":[0,-90,0],"uv":[0,0],"inflate":0},{"origin":[-2.61232,8.46846,31.68768],"size":[4,1,10],"pivot":[-0.61232,8.96846,36.68768],"rotation":[0,-90,0],"uv":[0,0],"inflate":0},{"origin":[-14.56,9.56846,29.82691],"size":[2.12,31.8,2.12],"uv":[0,140],"inflate":0},{"origin":[12.44,9.56846,29.82691],"size":[2.12,31.8,2.12],"uv":[0,140],"inflate":0},{"origin":[12.44,9.56846,-0.17309],"size":[2.12,31.8,2.12],"uv":[0,140],"inflate":0},{"origin":[-14.56,9.56846,-0.17309],"size":[2.12,31.8,2.12],"uv":[0,140],"inflate":0},{"origin":[-13.5,40.46846,-2.11309],"size":[27,3,35],"uv":[0,60],"inflate":0},{"origin":[-7.5,39.46846,30.88691],"size":[15,2,5],"uv":[118,149],"inflate":0},{"origin":[6.81227,38.65795,30.88691],"size":[4,2,5],"pivot":[8.81227,39.65795,33.38691],"rotation":[0,0,27.5],"uv":[136,51],"inflate":0},{"origin":[-10.81227,38.65795,30.88691],"size":[4,2,5],"pivot":[-8.81227,39.65795,33.38691],"rotation":[0,0,-27.5],"uv":[136,44],"inflate":0},{"origin":[12.27794,39.59258,-2.11309],"size":[4,3,35],"pivot":[14.27794,41.09258,15.38691],"rotation":[0,0,35],"uv":[0,140],"inflate":0},{"origin":[-16.27794,39.59258,-2.11309],"size":[4,3,35],"pivot":[-14.27794,41.09258,15.38691],"rotation":[0,0,-35],"uv":[114,0],"inflate":0},{"origin":[-10.5,14.81161,-35.15024],"size":[21,5,2],"pivot":[0,17.31161,-34.15024],"rotation":[-25,0,0],"uv":[118,142],"inflate":0},{"origin":[-6.23541,19.3362,-29],"size":[3,5,14],"pivot":[-4.73541,21.8362,-22],"rotation":[0,0,20],"uv":[89,60],"inflate":0},{"origin":[3.23541,19.3362,-29],"size":[3,5,14],"pivot":[4.73541,21.8362,-22],"rotation":[0,0,-20],"uv":[0,60],"inflate":0},{"origin":[-5.5,19.5,-29.1],"size":[11,11,14.2],"uv":[43,142],"inflate":0}],"parent":"Root","locators":{"train":[0,40,-24]}},{"name":"Gulong","pivot":[-8,9,-26.8],"cubes":[{"origin":[-9,5.5,-30.3],"size":[2,1,7],"uv":[114,46],"inflate":0},{"origin":[-9,11.5,-30.3],"size":[2,1,7],"uv":[114,38],"inflate":0},{"origin":[-9,6.5,-24.3],"size":[2,5,1],"uv":[24,17],"inflate":0},{"origin":[-9,6.5,-30.3],"size":[2,5,1],"uv":[0,11],"inflate":0},{"origin":[-8.5,6.5,-27.3],"size":[1,5,1],"uv":[24,23],"inflate":0},{"origin":[-8.5,8.5,-29.3],"size":[1,1,5],"uv":[18,11],"inflate":0},{"origin":[-8.5,8.5,-30.3],"size":[1,1,7],"pivot":[-8,9,-26.8],"rotation":[47.5,0,0],"uv":[19,123],"inflate":0},{"origin":[-8.5,8.5,-30.3],"size":[1,1,7],"pivot":[-8,9,-26.8],"rotation":[-40,0,0],"uv":[91,122],"inflate":0}],"parent":"Body"},{"name":"Gulong2","pivot":[-8,9,-14.8],"cubes":[{"origin":[-9,5.5,-18.3],"size":[2,1,7],"uv":[114,46],"inflate":0},{"origin":[-9,11.5,-18.3],"size":[2,1,7],"uv":[114,38],"inflate":0},{"origin":[-9,6.5,-12.3],"size":[2,5,1],"uv":[24,17],"inflate":0},{"origin":[-9,6.5,-18.3],"size":[2,5,1],"uv":[0,11],"inflate":0},{"origin":[-8.5,6.5,-15.3],"size":[1,5,1],"uv":[24,23],"inflate":0},{"origin":[-8.5,8.5,-17.3],"size":[1,1,5],"uv":[18,11],"inflate":0},{"origin":[-8.5,8.5,-18.3],"size":[1,1,7],"pivot":[-8,9,-14.8],"rotation":[47.5,0,0],"uv":[19,123],"inflate":0},{"origin":[-8.5,8.5,-18.3],"size":[1,1,7],"pivot":[-8,9,-14.8],"rotation":[-40,0,0],"uv":[91,122],"inflate":0}],"parent":"Body"},{"name":"Gulong3","pivot":[-10,9,6.2],"cubes":[{"origin":[-11,5.5,2.7],"size":[2,1,7],"uv":[114,46],"inflate":0},{"origin":[-11,11.5,2.7],"size":[2,1,7],"uv":[114,38],"inflate":0},{"origin":[-11,6.5,8.7],"size":[2,5,1],"uv":[24,17],"inflate":0},{"origin":[-11,6.5,2.7],"size":[2,5,1],"uv":[0,11],"inflate":0},{"origin":[-10.5,6.5,5.7],"size":[1,5,1],"uv":[24,23],"inflate":0},{"origin":[-10.5,8.5,3.7],"size":[1,1,5],"uv":[18,11],"inflate":0},{"origin":[-10.5,8.5,2.7],"size":[1,1,7],"pivot":[-10,9,6.2],"rotation":[47.5,0,0],"uv":[19,123],"inflate":0},{"origin":[-10.5,8.5,2.7],"size":[1,1,7],"pivot":[-10,9,6.2],"rotation":[-40,0,0],"uv":[91,122],"inflate":0}],"parent":"Body"},{"name":"Gulong4","pivot":[-10,9,15.2],"cubes":[{"origin":[-11,5.5,11.7],"size":[2,1,7],"uv":[114,46],"inflate":0},{"origin":[-11,11.5,11.7],"size":[2,1,7],"uv":[114,38],"inflate":0},{"origin":[-11,6.5,17.7],"size":[2,5,1],"uv":[24,17],"inflate":0},{"origin":[-11,6.5,11.7],"size":[2,5,1],"uv":[0,11],"inflate":0},{"origin":[-10.5,6.5,14.7],"size":[1,5,1],"uv":[24,23],"inflate":0},{"origin":[-10.5,8.5,12.7],"size":[1,1,5],"uv":[18,11],"inflate":0},{"origin":[-10.5,8.5,11.7],"size":[1,1,7],"pivot":[-10,9,15.2],"rotation":[47.5,0,0],"uv":[19,123],"inflate":0},{"origin":[-10.5,8.5,11.7],"size":[1,1,7],"pivot":[-10,9,15.2],"rotation":[-40,0,0],"uv":[91,122],"inflate":0}],"parent":"Body"},{"name":"Gulong5","pivot":[-10,9,24.2],"cubes":[{"origin":[-11,5.5,20.7],"size":[2,1,7],"uv":[114,46],"inflate":0},{"origin":[-11,11.5,20.7],"size":[2,1,7],"uv":[114,38],"inflate":0},{"origin":[-11,6.5,26.7],"size":[2,5,1],"uv":[24,17],"inflate":0},{"origin":[-11,6.5,20.7],"size":[2,5,1],"uv":[0,11],"inflate":0},{"origin":[-10.5,6.5,23.7],"size":[1,5,1],"uv":[24,23],"inflate":0},{"origin":[-10.5,8.5,21.7],"size":[1,1,5],"uv":[18,11],"inflate":0},{"origin":[-10.5,8.5,20.7],"size":[1,1,7],"pivot":[-10,9,24.2],"rotation":[47.5,0,0],"uv":[19,123],"inflate":0},{"origin":[-10.5,8.5,20.7],"size":[1,1,7],"pivot":[-10,9,24.2],"rotation":[-40,0,0],"uv":[91,122],"inflate":0}],"parent":"Body"},{"name":"Gulong6","pivot":[10,9,24.2],"cubes":[{"origin":[9,5.5,20.7],"size":[2,1,7],"uv":[114,46],"inflate":0},{"origin":[9,11.5,20.7],"size":[2,1,7],"uv":[114,38],"inflate":0},{"origin":[9,6.5,26.7],"size":[2,5,1],"uv":[24,17],"inflate":0},{"origin":[9,6.5,20.7],"size":[2,5,1],"uv":[0,11],"inflate":0},{"origin":[9.5,6.5,23.7],"size":[1,5,1],"uv":[24,23],"inflate":0},{"origin":[9.5,8.5,21.7],"size":[1,1,5],"uv":[18,11],"inflate":0},{"origin":[9.5,8.5,20.7],"size":[1,1,7],"pivot":[10,9,24.2],"rotation":[47.5,0,0],"uv":[19,123],"inflate":0},{"origin":[9.5,8.5,20.7],"size":[1,1,7],"pivot":[10,9,24.2],"rotation":[-40,0,0],"uv":[91,122],"inflate":0}],"parent":"Body"},{"name":"Gulong7","pivot":[10,9,15.2],"cubes":[{"origin":[9,5.5,11.7],"size":[2,1,7],"uv":[114,46],"inflate":0},{"origin":[9,11.5,11.7],"size":[2,1,7],"uv":[114,38],"inflate":0},{"origin":[9,6.5,17.7],"size":[2,5,1],"uv":[24,17],"inflate":0},{"origin":[9,6.5,11.7],"size":[2,5,1],"uv":[0,11],"inflate":0},{"origin":[9.5,6.5,14.7],"size":[1,5,1],"uv":[24,23],"inflate":0},{"origin":[9.5,8.5,12.7],"size":[1,1,5],"uv":[18,11],"inflate":0},{"origin":[9.5,8.5,11.7],"size":[1,1,7],"pivot":[10,9,15.2],"rotation":[47.5,0,0],"uv":[19,123],"inflate":0},{"origin":[9.5,8.5,11.7],"size":[1,1,7],"pivot":[10,9,15.2],"rotation":[-40,0,0],"uv":[91,122],"inflate":0}],"parent":"Body"},{"name":"Gulong8","pivot":[10,9,5.2],"cubes":[{"origin":[9,5.5,1.7],"size":[2,1,7],"uv":[114,46],"inflate":0},{"origin":[9,11.5,1.7],"size":[2,1,7],"uv":[114,38],"inflate":0},{"origin":[9,6.5,7.7],"size":[2,5,1],"uv":[24,17],"inflate":0},{"origin":[9,6.5,1.7],"size":[2,5,1],"uv":[0,11],"inflate":0},{"origin":[9.5,6.5,4.7],"size":[1,5,1],"uv":[24,23],"inflate":0},{"origin":[9.5,8.5,2.7],"size":[1,1,5],"uv":[18,11],"inflate":0},{"origin":[9.5,8.5,1.7],"size":[1,1,7],"pivot":[10,9,5.2],"rotation":[47.5,0,0],"uv":[19,123],"inflate":0},{"origin":[9.5,8.5,1.7],"size":[1,1,7],"pivot":[10,9,5.2],"rotation":[-40,0,0],"uv":[91,122],"inflate":0}],"parent":"Body"},{"name":"Gulong9","pivot":[8,9,-13.8],"cubes":[{"origin":[7,5.5,-17.3],"size":[2,1,7],"uv":[114,46],"inflate":0},{"origin":[7,11.5,-17.3],"size":[2,1,7],"uv":[114,38],"inflate":0},{"origin":[7,6.5,-11.3],"size":[2,5,1],"uv":[24,17],"inflate":0},{"origin":[7,6.5,-17.3],"size":[2,5,1],"uv":[0,11],"inflate":0},{"origin":[7.5,6.5,-14.3],"size":[1,5,1],"uv":[24,23],"inflate":0},{"origin":[7.5,8.5,-16.3],"size":[1,1,5],"uv":[18,11],"inflate":0},{"origin":[7.5,8.5,-17.3],"size":[1,1,7],"pivot":[8,9,-13.8],"rotation":[47.5,0,0],"uv":[19,123],"inflate":0},{"origin":[7.5,8.5,-17.3],"size":[1,1,7],"pivot":[8,9,-13.8],"rotation":[-40,0,0],"uv":[91,122],"inflate":0}],"parent":"Body"},{"name":"Gulong10","pivot":[8,9,-26.8],"cubes":[{"origin":[7,5.5,-30.3],"size":[2,1,7],"uv":[114,46],"inflate":0},{"origin":[7,11.5,-30.3],"size":[2,1,7],"uv":[114,38],"inflate":0},{"origin":[7,6.5,-24.3],"size":[2,5,1],"uv":[24,17],"inflate":0},{"origin":[7,6.5,-30.3],"size":[2,5,1],"uv":[0,11],"inflate":0},{"origin":[7.5,6.5,-27.3],"size":[1,5,1],"uv":[24,23],"inflate":0},{"origin":[7.5,8.5,-29.3],"size":[1,1,5],"uv":[18,11],"inflate":0},{"origin":[7.5,8.5,-30.3],"size":[1,1,7],"pivot":[8,9,-26.8],"rotation":[47.5,0,0],"uv":[19,123],"inflate":0},{"origin":[7.5,8.5,-30.3],"size":[1,1,7],"pivot":[8,9,-26.8],"rotation":[-40,0,0],"uv":[91,122],"inflate":0}],"parent":"Body"},{"name":"Paa","pivot":[5.46145,24.31584,-22.80937],"cubes":[{"origin":[5,22.5,-24.3],"size":[4,3,3],"uv":[0,68],"inflate":0},{"origin":[7.29709,23.79946,-24.45],"size":[6.6,3.3,3.3],"pivot":[10.59709,25.44946,-22.8],"rotation":[0,0,-35],"uv":[16,146],"inflate":0},{"origin":[9.01943,28.84117,-24.6126],"size":[10.8756,3.6252,3.6252],"pivot":[14.45723,30.65377,-22.8],"rotation":[0,0,115],"uv":[79,142],"inflate":0},{"origin":[26.66914,19.43097,-24.57],"size":[7.08,3.54,3.54],"pivot":[30.20914,21.20097,-22.8],"rotation":[0,0,80],"uv":[136,38],"inflate":0},{"origin":[26.57998,14.92202,-24.3],"size":[6,3,3],"pivot":[29.57998,16.42202,-22.8],"rotation":[0,0,115],"uv":[16,140],"inflate":0},{"origin":[24.02313,8.66536,-24.4031],"size":[10,3,3],"pivot":[28.02313,10.16536,-22.9031],"rotation":[-0.65067,1.71006,95.74776],"uv":[0,123],"inflate":0},{"origin":[15.21202,27.28625,-24.7472],"size":[15.8592,3.9648,3.9648],"pivot":[24.49037,29.69391,-20.7648],"rotation":[0,0,47.5],"uv":[74,105],"inflate":0},{"origin":[16.709,33.02996,-25.17888],"size":[3.17184,4.75776,4.75776],"pivot":[18.29492,35.40884,-22.8],"rotation":[0,0,167.5],"uv":[20,60],"inflate":0},{"origin":[28.37134,22.25976,-24.816],"size":[2.688,4.032,4.032],"pivot":[29.71534,24.27576,-22.8],"rotation":[0,0,-140],"uv":[89,60],"inflate":0},{"origin":[26.67797,23.30341,-25.05792],"size":[3.01056,4.51584,4.51584],"pivot":[28.18325,25.56133,-22.8],"rotation":[0,0,-150],"uv":[0,60],"inflate":0},{"origin":[15.38222,32.88376,-24.852],"size":[2.736,4.104,4.104],"pivot":[16.75022,34.93576,-22.8],"rotation":[0,0,137.5],"uv":[18,0],"inflate":0},{"origin":[5.81806,30.70735,-22.6126],"size":[11.8756,6.6252,0],"pivot":[11.75586,34.01995,-22.6126],"rotation":[0,0,120],"uv":[152,107],"inflate":0},{"origin":[24.97965,23.96434,-22.6126],"size":[11.8756,6.6252,0],"pivot":[30.91745,27.27694,-22.6126],"rotation":[0,0,-127.5],"uv":[152,107],"inflate":0}],"parent":"Root","rotation":[0,0,15]},{"name":"Paa2","pivot":[5.46145,24.31584,-16.80937],"cubes":[{"origin":[5,22.5,-18.3],"size":[4,3,3],"uv":[0,68],"inflate":0},{"origin":[7.29709,23.79946,-18.45],"size":[6.6,3.3,3.3],"pivot":[10.59709,25.44946,-16.8],"rotation":[0,0,-35],"uv":[16,146],"inflate":0},{"origin":[9.01943,28.84117,-18.6126],"size":[10.8756,3.6252,3.6252],"pivot":[14.45723,30.65377,-16.8],"rotation":[0,0,115],"uv":[79,142],"inflate":0},{"origin":[26.66914,19.43097,-18.57],"size":[7.08,3.54,3.54],"pivot":[30.20914,21.20097,-16.8],"rotation":[0,0,80],"uv":[136,38],"inflate":0},{"origin":[26.57998,14.92202,-18.3],"size":[6,3,3],"pivot":[29.57998,16.42202,-16.8],"rotation":[0,0,115],"uv":[16,140],"inflate":0},{"origin":[24.02313,8.66536,-18.4031],"size":[10,3,3],"pivot":[28.02313,10.16536,-16.9031],"rotation":[-0.65067,1.71006,95.74776],"uv":[0,123],"inflate":0},{"origin":[15.33603,28.41862,-18.7824],"size":[15.8592,3.9648,3.9648],"pivot":[23.26563,30.40102,-16.8],"rotation":[0,0,47.5],"uv":[74,105],"inflate":0},{"origin":[16.709,33.02996,-19.17888],"size":[3.17184,4.75776,4.75776],"pivot":[18.29492,35.40884,-16.8],"rotation":[0,0,167.5],"uv":[20,60],"inflate":0},{"origin":[28.37134,22.25976,-18.816],"size":[2.688,4.032,4.032],"pivot":[29.71534,24.27576,-16.8],"rotation":[0,0,-140],"uv":[89,60],"inflate":0},{"origin":[26.67797,23.30341,-19.05792],"size":[3.01056,4.51584,4.51584],"pivot":[28.18325,25.56133,-16.8],"rotation":[0,0,-150],"uv":[0,60],"inflate":0},{"origin":[15.38222,32.88376,-18.852],"size":[2.736,4.104,4.104],"pivot":[16.75022,34.93576,-16.8],"rotation":[0,0,137.5],"uv":[18,0],"inflate":0},{"origin":[5.65502,29.89201,-16.6126],"size":[11.8756,6.6252,0],"pivot":[11.59282,33.20461,-16.6126],"rotation":[0,0,122.5],"uv":[152,107],"inflate":0},{"origin":[24.97965,23.96434,-16.6126],"size":[11.8756,6.6252,0],"pivot":[30.91745,27.27694,-16.6126],"rotation":[0,0,-127.5],"uv":[152,107],"inflate":0}],"parent":"Root","rotation":[0,0,15]},{"name":"Paa3","pivot":[5.46145,24.31584,-10.80937],"cubes":[{"origin":[5,22.5,-12.3],"size":[4,3,3],"uv":[0,68],"inflate":0},{"origin":[7.29709,23.79946,-12.45],"size":[6.6,3.3,3.3],"pivot":[10.59709,25.44946,-10.8],"rotation":[0,0,-35],"uv":[16,146],"inflate":0},{"origin":[9.01943,28.84117,-12.6126],"size":[10.8756,3.6252,3.6252],"pivot":[14.45723,30.65377,-10.8],"rotation":[0,0,115],"uv":[79,142],"inflate":0},{"origin":[26.66914,19.43097,-12.57],"size":[7.08,3.54,3.54],"pivot":[30.20914,21.20097,-10.8],"rotation":[0,0,80],"uv":[136,38],"inflate":0},{"origin":[26.57998,14.92202,-12.3],"size":[6,3,3],"pivot":[29.57998,16.42202,-10.8],"rotation":[0,0,115],"uv":[16,140],"inflate":0},{"origin":[24.02313,8.66536,-12.4031],"size":[10,3,3],"pivot":[28.02313,10.16536,-10.9031],"rotation":[-0.65067,1.71006,95.74776],"uv":[0,123],"inflate":0},{"origin":[15.33603,28.41862,-12.7824],"size":[15.8592,3.9648,3.9648],"pivot":[23.26563,30.40102,-10.8],"rotation":[0,0,47.5],"uv":[74,105],"inflate":0},{"origin":[16.709,33.02996,-13.17888],"size":[3.17184,4.75776,4.75776],"pivot":[18.29492,35.40884,-10.8],"rotation":[0,0,167.5],"uv":[20,60],"inflate":0},{"origin":[28.37134,22.25976,-12.816],"size":[2.688,4.032,4.032],"pivot":[29.71534,24.27576,-10.8],"rotation":[0,0,-140],"uv":[89,60],"inflate":0},{"origin":[26.67797,23.30341,-13.05792],"size":[3.01056,4.51584,4.51584],"pivot":[28.18325,25.56133,-10.8],"rotation":[0,0,-150],"uv":[0,60],"inflate":0},{"origin":[15.38222,32.88376,-12.852],"size":[2.736,4.104,4.104],"pivot":[16.75022,34.93576,-10.8],"rotation":[0,0,137.5],"uv":[18,0],"inflate":0},{"origin":[5.65502,29.89201,-10.6126],"size":[11.8756,6.6252,0],"pivot":[11.59282,33.20461,-10.6126],"rotation":[0,0,122.5],"uv":[152,107],"inflate":0},{"origin":[24.97965,23.96434,-10.6126],"size":[11.8756,6.6252,0],"pivot":[30.91745,27.27694,-10.6126],"rotation":[0,0,-127.5],"uv":[152,107],"inflate":0}],"parent":"Root","rotation":[0,0,15]},{"name":"Paa4","pivot":[5.46145,24.31584,-4.80937],"cubes":[{"origin":[5,22.5,-6.3],"size":[4,3,3],"uv":[0,68],"inflate":0},{"origin":[7.29709,23.79946,-6.45],"size":[6.6,3.3,3.3],"pivot":[10.59709,25.44946,-4.8],"rotation":[0,0,-35],"uv":[16,146],"inflate":0},{"origin":[9.01943,28.84117,-6.6126],"size":[10.8756,3.6252,3.6252],"pivot":[14.45723,30.65377,-4.8],"rotation":[0,0,115],"uv":[79,142],"inflate":0},{"origin":[26.66914,19.43097,-6.57],"size":[7.08,3.54,3.54],"pivot":[30.20914,21.20097,-4.8],"rotation":[0,0,80],"uv":[136,38],"inflate":0},{"origin":[26.57998,14.92202,-6.3],"size":[6,3,3],"pivot":[29.57998,16.42202,-4.8],"rotation":[0,0,115],"uv":[16,140],"inflate":0},{"origin":[24.02313,8.66536,-6.4031],"size":[10,3,3],"pivot":[28.02313,10.16536,-4.9031],"rotation":[-0.65067,1.71006,95.74776],"uv":[0,123],"inflate":0},{"origin":[15.33603,28.41862,-6.7824],"size":[15.8592,3.9648,3.9648],"pivot":[23.26563,30.40102,-4.8],"rotation":[0,0,47.5],"uv":[74,105],"inflate":0},{"origin":[16.709,33.02996,-7.17888],"size":[3.17184,4.75776,4.75776],"pivot":[18.29492,35.40884,-4.8],"rotation":[0,0,167.5],"uv":[20,60],"inflate":0},{"origin":[28.37134,22.25976,-6.816],"size":[2.688,4.032,4.032],"pivot":[29.71534,24.27576,-4.8],"rotation":[0,0,-140],"uv":[89,60],"inflate":0},{"origin":[26.67797,23.30341,-7.05792],"size":[3.01056,4.51584,4.51584],"pivot":[28.18325,25.56133,-4.8],"rotation":[0,0,-150],"uv":[0,60],"inflate":0},{"origin":[15.38222,32.88376,-6.852],"size":[2.736,4.104,4.104],"pivot":[16.75022,34.93576,-4.8],"rotation":[0,0,137.5],"uv":[18,0],"inflate":0},{"origin":[6.00638,30.58592,-4.6126],"size":[11.8756,6.6252,0],"pivot":[11.94418,33.89852,-4.6126],"rotation":[0,0,122.5],"uv":[152,107],"inflate":0},{"origin":[24.97965,23.96434,-4.6126],"size":[11.8756,6.6252,0],"pivot":[30.91745,27.27694,-4.6126],"rotation":[0,0,-127.5],"uv":[152,107],"inflate":0}],"parent":"Root","rotation":[0,0,15]},{"name":"Paa5","pivot":[-5.46145,24.31584,-4.80937],"cubes":[{"origin":[-9,22.5,-6.3],"size":[4,3,3],"uv":[0,68],"inflate":0,"mirror":true},{"origin":[-13.89709,23.79946,-6.45],"size":[6.6,3.3,3.3],"pivot":[-10.59709,25.44946,-4.8],"rotation":[0,0,35],"uv":[16,146],"inflate":0,"mirror":true},{"origin":[-19.89503,28.84117,-6.6126],"size":[10.8756,3.6252,3.6252],"pivot":[-14.45723,30.65377,-4.8],"rotation":[0,0,-115],"uv":[79,142],"inflate":0,"mirror":true},{"origin":[-33.74914,19.43097,-6.57],"size":[7.08,3.54,3.54],"pivot":[-30.20914,21.20097,-4.8],"rotation":[0,0,-80],"uv":[136,38],"inflate":0,"mirror":true},{"origin":[-32.57998,14.92202,-6.3],"size":[6,3,3],"pivot":[-29.57998,16.42202,-4.8],"rotation":[0,0,-115],"uv":[16,140],"inflate":0,"mirror":true},{"origin":[-34.02313,8.66536,-6.4031],"size":[10,3,3],"pivot":[-28.02313,10.16536,-4.9031],"rotation":[-0.65067,-1.71006,-95.74776],"uv":[0,123],"inflate":0,"mirror":true},{"origin":[-31.19523,28.41862,-6.7824],"size":[15.8592,3.9648,3.9648],"pivot":[-23.26563,30.40102,-4.8],"rotation":[0,0,-47.5],"uv":[74,105],"inflate":0,"mirror":true},{"origin":[-19.88084,33.02996,-7.17888],"size":[3.17184,4.75776,4.75776],"pivot":[-18.29492,35.40884,-4.8],"rotation":[0,0,-167.5],"uv":[20,60],"inflate":0,"mirror":true},{"origin":[-31.05934,22.25976,-6.816],"size":[2.688,4.032,4.032],"pivot":[-29.71534,24.27576,-4.8],"rotation":[0,0,140],"uv":[89,60],"inflate":0,"mirror":true},{"origin":[-29.68853,23.30341,-7.05792],"size":[3.01056,4.51584,4.51584],"pivot":[-28.18325,25.56133,-4.8],"rotation":[0,0,150],"uv":[0,60],"inflate":0,"mirror":true},{"origin":[-18.11822,32.88376,-6.852],"size":[2.736,4.104,4.104],"pivot":[-16.75022,34.93576,-4.8],"rotation":[0,0,-137.5],"uv":[18,0],"inflate":0,"mirror":true},{"origin":[-16.52795,29.69611,-4.6126],"size":[11.8756,6.6252,0],"pivot":[-10.59015,33.00871,-4.6126],"rotation":[0,0,-115],"uv":[152,107],"inflate":0,"mirror":true},{"origin":[-36.92773,23.22701,-4.6126],"size":[11.8756,6.6252,0],"pivot":[-30.98993,26.53961,-4.6126],"rotation":[0,0,125],"uv":[152,107],"inflate":0,"mirror":true}],"parent":"Root","rotation":[0,0,-15]},{"name":"Paa6","pivot":[-5.46145,24.31584,-10.80937],"cubes":[{"origin":[-9,22.5,-12.3],"size":[4,3,3],"uv":[0,68],"inflate":0,"mirror":true},{"origin":[-13.89709,23.79946,-12.45],"size":[6.6,3.3,3.3],"pivot":[-10.59709,25.44946,-10.8],"rotation":[0,0,35],"uv":[16,146],"inflate":0,"mirror":true},{"origin":[-19.89503,28.84117,-12.6126],"size":[10.8756,3.6252,3.6252],"pivot":[-14.45723,30.65377,-10.8],"rotation":[0,0,-115],"uv":[79,142],"inflate":0,"mirror":true},{"origin":[-33.74914,19.43097,-12.57],"size":[7.08,3.54,3.54],"pivot":[-30.20914,21.20097,-10.8],"rotation":[0,0,-80],"uv":[136,38],"inflate":0,"mirror":true},{"origin":[-32.57998,14.92202,-12.3],"size":[6,3,3],"pivot":[-29.57998,16.42202,-10.8],"rotation":[0,0,-115],"uv":[16,140],"inflate":0,"mirror":true},{"origin":[-34.02313,8.66536,-12.4031],"size":[10,3,3],"pivot":[-28.02313,10.16536,-10.9031],"rotation":[-0.65067,-1.71006,-95.74776],"uv":[0,123],"inflate":0,"mirror":true},{"origin":[-31.19523,28.41862,-12.7824],"size":[15.8592,3.9648,3.9648],"pivot":[-23.26563,30.40102,-10.8],"rotation":[0,0,-47.5],"uv":[74,105],"inflate":0,"mirror":true},{"origin":[-19.88084,33.02996,-13.17888],"size":[3.17184,4.75776,4.75776],"pivot":[-18.29492,35.40884,-10.8],"rotation":[0,0,-167.5],"uv":[20,60],"inflate":0,"mirror":true},{"origin":[-31.05934,22.25976,-12.816],"size":[2.688,4.032,4.032],"pivot":[-29.71534,24.27576,-10.8],"rotation":[0,0,140],"uv":[89,60],"inflate":0,"mirror":true},{"origin":[-29.68853,23.30341,-13.05792],"size":[3.01056,4.51584,4.51584],"pivot":[-28.18325,25.56133,-10.8],"rotation":[0,0,150],"uv":[0,60],"inflate":0,"mirror":true},{"origin":[-18.11822,32.88376,-12.852],"size":[2.736,4.104,4.104],"pivot":[-16.75022,34.93576,-10.8],"rotation":[0,0,-137.5],"uv":[18,0],"inflate":0,"mirror":true},{"origin":[-16.52795,29.69611,-10.6126],"size":[11.8756,6.6252,0],"pivot":[-10.59015,33.00871,-10.6126],"rotation":[0,0,-115],"uv":[152,107],"inflate":0,"mirror":true},{"origin":[-36.98498,23.6979,-10.6126],"size":[11.8756,6.6252,0],"pivot":[-31.04718,27.0105,-10.6126],"rotation":[0,0,125],"uv":[152,107],"inflate":0,"mirror":true}],"parent":"Root","rotation":[0,0,-15]},{"name":"Paa7","pivot":[-5.46145,24.31584,-16.80937],"cubes":[{"origin":[-9,22.5,-18.3],"size":[4,3,3],"uv":[0,68],"inflate":0,"mirror":true},{"origin":[-13.89709,23.79946,-18.45],"size":[6.6,3.3,3.3],"pivot":[-10.59709,25.44946,-16.8],"rotation":[0,0,35],"uv":[16,146],"inflate":0,"mirror":true},{"origin":[-19.89503,28.84117,-18.6126],"size":[10.8756,3.6252,3.6252],"pivot":[-14.45723,30.65377,-16.8],"rotation":[0,0,-115],"uv":[79,142],"inflate":0,"mirror":true},{"origin":[-33.74914,19.43097,-18.57],"size":[7.08,3.54,3.54],"pivot":[-30.20914,21.20097,-16.8],"rotation":[0,0,-80],"uv":[136,38],"inflate":0,"mirror":true},{"origin":[-32.57998,14.92202,-18.3],"size":[6,3,3],"pivot":[-29.57998,16.42202,-16.8],"rotation":[0,0,-115],"uv":[16,140],"inflate":0,"mirror":true},{"origin":[-34.02313,8.66536,-18.4031],"size":[10,3,3],"pivot":[-28.02313,10.16536,-16.9031],"rotation":[-0.65067,-1.71006,-95.74776],"uv":[0,123],"inflate":0,"mirror":true},{"origin":[-31.19523,28.41862,-18.7824],"size":[15.8592,3.9648,3.9648],"pivot":[-23.26563,30.40102,-16.8],"rotation":[0,0,-47.5],"uv":[74,105],"inflate":0,"mirror":true},{"origin":[-19.88084,33.02996,-19.17888],"size":[3.17184,4.75776,4.75776],"pivot":[-18.29492,35.40884,-16.8],"rotation":[0,0,-167.5],"uv":[20,60],"inflate":0,"mirror":true},{"origin":[-31.05934,22.25976,-18.816],"size":[2.688,4.032,4.032],"pivot":[-29.71534,24.27576,-16.8],"rotation":[0,0,140],"uv":[89,60],"inflate":0,"mirror":true},{"origin":[-29.68853,23.30341,-19.05792],"size":[3.01056,4.51584,4.51584],"pivot":[-28.18325,25.56133,-16.8],"rotation":[0,0,150],"uv":[0,60],"inflate":0,"mirror":true},{"origin":[-18.11822,32.88376,-18.852],"size":[2.736,4.104,4.104],"pivot":[-16.75022,34.93576,-16.8],"rotation":[0,0,-137.5],"uv":[18,0],"inflate":0,"mirror":true},{"origin":[-16.52795,29.69611,-16.6126],"size":[11.8756,6.6252,0],"pivot":[-10.59015,33.00871,-16.6126],"rotation":[0,0,-115],"uv":[152,107],"inflate":0,"mirror":true},{"origin":[-36.98498,23.6979,-16.6126],"size":[11.8756,6.6252,0],"pivot":[-31.04718,27.0105,-16.6126],"rotation":[0,0,125],"uv":[152,107],"inflate":0,"mirror":true}],"parent":"Root","rotation":[0,0,-15]},{"name":"Paa8","pivot":[-5.46145,24.31584,-22.80937],"cubes":[{"origin":[-9,22.5,-24.3],"size":[4,3,3],"uv":[0,68],"inflate":0,"mirror":true},{"origin":[-13.89709,23.79946,-24.45],"size":[6.6,3.3,3.3],"pivot":[-10.59709,25.44946,-22.8],"rotation":[0,0,35],"uv":[16,146],"inflate":0,"mirror":true},{"origin":[-19.89503,28.84117,-24.6126],"size":[10.8756,3.6252,3.6252],"pivot":[-14.45723,30.65377,-22.8],"rotation":[0,0,-115],"uv":[79,142],"inflate":0,"mirror":true},{"origin":[-16.52795,29.69611,-22.6126],"size":[11.8756,6.6252,0],"pivot":[-10.59015,33.00871,-22.6126],"rotation":[0,0,-115],"uv":[152,107],"inflate":0,"mirror":true},{"origin":[-37.06571,23.52965,-22.6126],"size":[11.8756,6.6252,0],"pivot":[-31.12791,26.84225,-22.6126],"rotation":[0,0,125],"uv":[152,107],"inflate":0,"mirror":true},{"origin":[-33.74914,19.43097,-24.57],"size":[7.08,3.54,3.54],"pivot":[-30.20914,21.20097,-22.8],"rotation":[0,0,-80],"uv":[136,38],"inflate":0,"mirror":true},{"origin":[-32.57998,14.92202,-24.3],"size":[6,3,3],"pivot":[-29.57998,16.42202,-22.8],"rotation":[0,0,-115],"uv":[16,140],"inflate":0,"mirror":true},{"origin":[-34.02313,8.66536,-24.4031],"size":[10,3,3],"pivot":[-28.02313,10.16536,-22.9031],"rotation":[-0.65067,-1.71006,-95.74776],"uv":[0,123],"inflate":0,"mirror":true},{"origin":[-31.19523,28.41862,-24.7824],"size":[15.8592,3.9648,3.9648],"pivot":[-23.26563,30.40102,-22.8],"rotation":[0,0,-47.5],"uv":[74,105],"inflate":0,"mirror":true},{"origin":[-19.88084,33.02996,-25.17888],"size":[3.17184,4.75776,4.75776],"pivot":[-18.29492,35.40884,-22.8],"rotation":[0,0,-167.5],"uv":[20,60],"inflate":0,"mirror":true},{"origin":[-31.05934,22.25976,-24.816],"size":[2.688,4.032,4.032],"pivot":[-29.71534,24.27576,-22.8],"rotation":[0,0,140],"uv":[89,60],"inflate":0,"mirror":true},{"origin":[-29.68853,23.30341,-25.05792],"size":[3.01056,4.51584,4.51584],"pivot":[-28.18325,25.56133,-22.8],"rotation":[0,0,150],"uv":[0,60],"inflate":0,"mirror":true},{"origin":[-18.11822,32.88376,-24.852],"size":[2.736,4.104,4.104],"pivot":[-16.75022,34.93576,-22.8],"rotation":[0,0,-137.5],"uv":[18,0],"inflate":0,"mirror":true}],"parent":"Root","rotation":[0,0,-15]}]}]}