{
  "format_version": "1.8.0",
  "minecraft:entity": {
    "description": {
      "identifier": "effect:storm_lightning",
      "is_spawnable": false,
      "is_summonable": true,
      "is_experimental": false
    },
    "components": {
      "minecraft:collision_box": {
        "width": 0.25,
        "height": 0.25
      },
      "minecraft:type_family": {
        "family":["lightning","witherstorm","inanimate"]          
      },
      "minecraft:health": {
        "value": 13,
        "max":13,
        "min": 13
      },
      "minecraft:explode": {
       "fuseLength": 0.0,
       "fuseLit": true,
       "power": 5.0,
       "causesFire": false,
       "destroyAffectedByGriefing": true
      },
      "minecraft:projectile": {
        "onHit": {
          "impact_damage": {
            "damage": 500,
            "knockback": false,
            "destroyonhit": true
          },
          "spawn_chance": {
            "firstSpawnChance": 1,
            "secondSpawnChance": 1,
            "firstSpawnCount": 1,
            "secondSpawnCount": 1,
            "spawnMob": "lightning_bolt",
            "spawnDefinition": "minecraft:lightning_bolt",
            "spawnBaby": false
          },
          "remove_on_hit": {}
        },
        "power": 0.0,
        "gravity": 10.0,
        "angleoffset": 0.0
      }/*,
	    "minecraft:physics": {
      }*/
    }
  }
}
