{
  "format_version": "1.13.0",
  "minecraft:entity": {
    "description": {
      "identifier": "effect:tractor1",
      "is_spawnable": false,
      "is_summonable": true,
      "is_experimental": false
    },
    "component_groups":{
    "grass":{"minecraft:variant":{"value":1}},
    "soil":{"minecraft:variant":{"value":2}},
    "explode":{
    "minecraft:explode": {
     "fuseLength": 0,
     "fuseLit": true,
     "power": 0.0,
     "causesFire": false,
     "fireAffectedByGriefing": true,
     "destroyAffectedByGriefing": true
    }
    }
    
    },
    "components": {
      "minecraft:behavior.knockback_roar": {
//        "priority": 2,
        "duration": 0.1,
        "attack_time": 0.1,
        "cooldown_time": 0.0,
        "knockback_strength": -3,
        "knockback_damage": 5,
        "knockback_range": 128,
        "knockback_filters": {
          "any_of": [
            {
              "test": "is_family",
              "subject": "other",
              "operator": "!=",
              "value": "player"
            },
            {
              "test": "has_tag",
              "subject": "other",
              "operator": "==",
              "value": "survival_mode"
            }
          ],
          "all_of": [
            {
              "test": "is_family",
              "subject": "other",
              "operator": "!=",
              "value": "witherstorm"
            }
          ]
        },
        "damage_filters": {
          "test": "is_family",
          "subject": "other",
          "operator": "!=",
          "value": "witherstorm"
        }
      },
    "minecraft:target_nearby_sensor": {
          "inside_range": 0.5,
          "outside_range": 0.5,
          "on_inside_range": {
            "event": "start_exploding",
            "target": "self"
          },
          "on_outside_range": {
            "event": "stop_exploding",
            "target": "self"
          }
        },
    "minecraft:damage_sensor": {
        "triggers": [
          {
            "on_damage": {
              "filters": {
                "test": "has_damage",
                "value": "all"
              }
            },
            "deals_damage": false
          }
        ]
      },
         "minecraft:environment_sensor":{
           "triggers":[
             {
             "on_environment":{
               "filters":{
                 "all_of":[
                   {
                   "test":"has_tag",
                   "operator":"==",
                   "value":"death"
                 }
               ]
             },
             "event":"start_exploding"
           }
          }
         ]
       },
      "minecraft:nameable": {
      },
      "minecraft:type_family": {
        "family": [ "inanimate","tractor" ]
      },
      "minecraft:health": {
        "value": 1,
        "max":1,
        "min": 0
      },
      "minecraft:attack": {
        "damage": 0
      },
      "minecraft:collision_box": {
        "width": 0.4,
        "height": 0.8
      },
      "minecraft:movement": {
        "value": 0.0
      },
      "minecraft:fire_immune": true
    },
    "events":{
    "minecraft:entity_spawned":{
"randomize":[
{"weight":1,"add":{"component_groups":["grass"]}},
{"weight":1,"add":{"component_groups":["soil"]}}
]
},
"start_exploding":{"add":{"component_groups":["explode"]}},
"stop_exploding":{"remove":{"component_groups":["explode"]}}
    }
  }
}
