{
  "format_version": "1.13.0",
  "minecraft:entity": {
    "description": {
      "identifier": "minecraft_storymode:wither_storm1",
      "is_spawnable": false,
      "is_summonable": true,
      "is_experimental": false,
      "runtime_identifier": "minecraft:wither",
      "scripts":{"animate":["stage","tractor","tractor0",{"death":"query.mark_variant==1||query.invulnerable_ticks>0.0"}]},
"animations":{
"stage":"animation.wither_storm1.stage",
"tractor":"animation.wither_storm.tractor",
"tractor0":"animation.wither_storm.tractor0",
"death":"animation.wither_storm.death"
}
    },
    "component_groups":{
    "stage1":{},
    "stage2":{"minecraft:is_baby":{}},
    "stage3":{"minecraft:is_sheared":{}},
    "beam":{"minecraft:is_charged":{}},
    "stage4":{"minecraft:is_saddled":{}},
    "stage5":{"minecraft:is_chested":{}},
    "death":{"minecraft:mark_variant":{"value":1}},
    "into":{
    "minecraft:transformation": {
          "into": "minecraft_storymode:wither_storm2",
          "transformation_sound": "spawn",
          "delay": 0
        }
    }
    
    },

    "components": {
    "minecraft:boss": {
"should_darken_sky": false,
"name": "§l§k§5::::::::::::::::::::§r§dWither Storm§l§k§5::::::::::::::::::::§r",
"hud_range": 512
},
         "minecraft:shooter": {
        "def": "minecraft_storymode:witherstorm_skull"
      },
"minecraft:attack":{
"damage":99999999
},
      "minecraft:behavior.ranged_attack": {
        "attack_radius": 128,
        "attack_interval_min": 1,
        "attack_interval_max": 1.5
      },
      "minecraft:experience_reward": {
        "on_death": "50"
      },
      "minecraft:damage_sensor": {
        "triggers": [
          {
            "on_damage": {
              "filters": {
                "test": "is_family",
                "subject": "other",
                "value": "witherstorm"
              }
            },
            "deals_damage": false
          },
          {
            "on_damage": {
              "filters": {
                "test": "has_damage",
                "value": "entity_explosion"
              }
            },
            "deals_damage": false
          },
          {
            "on_damage": {
              "filters": {
                "test": "has_damage",
                "value": "block_explosion"
              }
            },
            "deals_damage": false
          }
        ]
      },
      "minecraft:breathable": {
        "total_supply": 15,
        "suffocate_time": 0
      },
      "minecraft:health": {
        "value": 999999,
        "max": 999999
      },
      "minecraft:collision_box": {
        "width": 1,
        "height": 3
      },
         "minecraft:knockback_resistance":{
         "value":9999999
       },
      "minecraft:fire_immune": true,
      "minecraft:loot": {
        "table": "loot_tables/entities/wither_boss.json"
      },
      "minecraft:nameable": {
      },
      "minecraft:movement": {
        "value": 0.25
      },
      "minecraft:navigation.walk": {
        "can_path_over_water": true,
        "avoid_water": true
      },
      "minecraft:movement.basic": {
        "max_turn":  180.0
      },
      "minecraft:jump.static": {
      },
      "minecraft:can_climb": {
      },
      "minecraft:can_fly": {
      },
      "minecraft:behavior.float": {
        "priority": 1
      },
      "minecraft:behavior.wither_random_attack_pos_goal": {
        "priority": 3
      },
      "minecraft:behavior.wither_target_highest_damage": {
        "priority": 1
      },
      "minecraft:behavior.hurt_by_target": {
        "priority": 2
      },
      "minecraft:behavior.nearest_attackable_target": {
        "priority": 3,
        "entity_types": [
          {
            "filters": {
              "all_of": [
                {
                  "test": "is_family",
                  "subject": "other",
                  "operator": "!=",
                  "value": "witherstorm"
                },
                {
                  "test": "is_family",
                  "subject": "other",
                  "operator": "!=",
                  "value": "inanimate"
                }
              ]
            },
            "max_dist": 128
          }
        ],
        "must_see": true
      },
      "minecraft:behavior.random_stroll": {
        "priority": 5,
        "speed_multiplier": 1
      },
      "minecraft:behavior.look_at_target": {
        "priority": 5
      },
      "minecraft:behavior.look_at_player": {
        "priority": 6,
        "look_distance": 8
      },
      "minecraft:behavior.random_look_around": {
        "priority": 7
      },
      "minecraft:type_family": {
        "family": [ "witherstorm", "monster", "mob" ]
      },
      "minecraft:persistent": {
      },
      "minecraft:physics": {
      },
      "minecraft:pushable": {
        "is_pushable": true,
        "is_pushable_by_piston": true
      }
    },

    "events": {
"stage1": {"add":{"component_groups":["stage1"]}},
"stage2": {"add":{"component_groups":["stage2"]}},
"stage3": {"add":{"component_groups":["stage3"]}},
"beam": {"add":{"component_groups":["beam"]}},
"stage4": {"add":{"component_groups":["stage4"]}},
"stage5": {"add":{"component_groups":["stage5"]}},
"into": {"add":{"component_groups":["into"]}},
"death": {"add":{"component_groups":["death"]}}
    }
  }
}