{
  "format_version": "1.8.0",
  "minecraft:entity": {
    "description": {
      "identifier": "minecraft_storymode:wither_storm_primary",
      "is_spawnable": true,
      "is_summonable": true,
      "is_experimental": false
    },
    "components": {
      "minecraft:collision_box": {
        "width": 0.0,
        "height": 0.0
      },
"minecraft:spawn_entity":[
{
"min_wait_time":0,
"max_wait_time":0,
"single_use":true,
"spawn_entity":"minecraft_storymode:wither_storm1",
"num_to_spawn":1
}
]
      /*
      "minecraft:transformation": {
          "into": "minecraft_storymode:wither_storm1",
          "transformation_sound": "spawn",
          "delay": 0
        }*/
    }
  }
}
