{
  "format_version": "1.17.10",
  "minecraft:entity": {
    "description": {
      "identifier": "minecraft:player",
      "is_spawnable": false,
      "is_summonable": false,
      "is_experimental": false,
      "scripts": {
        "animate": [
          "kissy",
          "jumpscare",
          "run",
          "climb",
          "vent_jumpscare"
        ]
      },
      "animations": {
        "kissy": "animation.kissy.missy",
        "jumpscare": "controller.animation.jumpscare",
        "run": "controller.animation.run",
        "climb": "controller.animation.climb",
        "vent_jumpscare": "controller.animation.vent_jumpscare"
      }
    },

    "component_groups": {
      "minecraft:rage": {
      
        "minecraft:on_target_acquired": {},
        "minecraft:behavior.summon_entity": {
          "priority": 0,
          "probability": 100.0,
          "summon_choices": [
            {
              "weight": 1,
              "cooldown_time": 100000,
              "cast_duration": 30,
              "start_sound_event": "plop",
              "sequence": [
                {
                  "shape": "circle",
                  "target": "self",
                  "base_delay": 0.0,
                  "delay_per_summon": 0.0,
                  "num_entities_spawned": 0,
                  "entity_type": "",
                  "entity_lifespan": 0.0,
                  "size": 0.0,
                  "sound_event": ""
                }
              ]
            }
          ]
        }
      },
      "minecraft:kissy_missy_adult": {
           "minecraft:on_target_acquired": {
          "event": "minecraft:become_angry",
          "target": "self"
        }
      },
      "minecraft:kissy_missy_angry": {
            "minecraft:variant": {
          "value": 1
        },
        "minecraft:angry": {
    
          "duration": 100000,
          "broadcastAnger": true,
          "broadcastRange": 20,
    
          "calm_event": {
            "event": "minecraft:on_calm",
            "target": "self"
          }
        },
           "minecraft:on_target_acquired": {
      
        }
      },
          "minecraft:kissy_missy_closed": {
              "minecraft:variant": {
          "value": 0
        }
      },
      "minecraft:push_through": {
        "value": 1
      },
      "minecraft:kissy_missy_calm": {
              "minecraft:variant": {
          "value": 0
        },
        "minecraft:on_target_acquired": {
          "event": "minecraft:become_angry",
          "target": "self"
        }
      }
    },
    
    "components": {
      "minecraft:breathable": {
        "totalSupply": 15,
        "suffocateTime": -1,
        "breathesWater": true
      },
          "minecraft:behavior.nearest_attackable_target": {
          "priority": 1,
          "within_radius": 100,
             "attack_interval": 1,
          "entity_types": [
            {
              "filters": { "other_with_families": [ "villager" ] },
              "max_dist": 100
            }
          ],
          "must_see": true,
          "must_see_forget_duration": 10000
        },
        "minecraft:behavior.float": {
        "priority": 0
      },
      "minecraft:behavior.move_indoors": {
        "priority": 4,
        "speed_multiplier": 9
      },
      "minecraft:behavior.restrict_open_door": {
        "priority": 5
      },
      "minecraft:behavior.open_door": {
        "priority": 6,
        "close_door_after": false
      },
      "minecraft:collision_box": {
        "width": 0.5,
        "height": 1.70
      },
      "minecraft:fall_damage": {
        "value": 0.0
      },
       "minecraft:behavior.avoid_mob_type": {
          "priority": 1,
          "entity_types": [
            {
              "filters": {
                "test": "is_family",
                "subject": "other",
                "value": "kissy_missy"
              },
              "max_dist": 100,
              "walk_speed_multiplier": 5,
              "sprint_speed_multiplier": 7
            }
          ]
        },
      "minecraft:behavior.random_sitting": {
          "priority": 6,
          "start_chance": 0.02,
          "stop_chance": 10,
          "cooldown": 25,
          "min_sit_time": 15
        },
      "minecraft:lookat": {
        "searchRadius": 100.0,
        "setTarget": true,
        "look_cooldown": 5,
        "filters": {
          "all_of": [
            {
              "subject": "other",
              "test": "is_family",
              "operator":"!=",
              "value": "kissy_missy"
            },
            {
              "test": "has_equipment",
              "domain": "head",
              "subject": "other",
              "operator": "not",
              "value": "carved_pumpkin"
            }
          ]
        }
      },
      "minecraft:underwater_movement": {
        "value": 0.06
      },
      "minecraft:nameable": {
      },
      "minecraft:follow_range": {
        "value": 100,
        "max": 100
      },
        "minecraft:behavior.float": {
        "priority": 0
      },
      "minecraft:navigation.walk": {
        "is_amphibious": true,
        "can_pass_doors": true,
        "can_open_doors": true,
        "avoid_water": false,
        "avoid_portals": true
      },
      "minecraft:movement.basic": {
      },
      "minecraft:jump.static": {
      },
      "minecraft:can_climb": {
      },
      "minecraft:behavior.float": {
        "priority": 1
      },
  
      "minecraft:type_family": {
        "family": [ "kissy_missy" ]
      },
      "minecraft:loot": {
        "table": "loot_tables/entities/noloot.json"
      },
      "minecraft:damage_sensor": [
       {
         "deals_damage": true
         }
       ],
     
      "minecraft:health": {
        "value": 100,
        "min":100,
        "max": 100
      },
      "minecraft:movement": {
        "value": 0.1
      },
      "minecraft:behavior.stay_while_sitting": {
        "priority": 3
      },
      "minecraft:attack": {
        "damage": 90000000000000
      },
      "minecraft:knockback_resistance": {
        "value": 100.9
      },
      "minecraft:break_blocks": {
        "breakable_blocks": [
          "bamboo",
          "bedrock"
        ]
      },
      "minecraft:behavior.melee_attack": {
        "priority": 1,
        "speed_multiplier": 5,
        "track_target": true,
        "reach_multiplier": 1.1
      },
     "minecraft:behavior.move_towards_restriction": {
        "priority": 5
      },
      "minecraft:behavior.random_stroll": {
        "priority": 7,
        "speed_multiplier": 3
      },
      "minecraft:scale": {
        "value": 1.2
      },
      "minecraft:behavior.look_at_player": {
        "priority": 8,
        "look_distance": 6.0,
        "probability": 0.02
      },
      "minecraft:behavior.random_look_around": {
        "priority": 9
      },
      "minecraft:behavior.hurt_by_target": {
        "priority": 5
      },
      "minecraft:physics": {
      }
      
    },


    "events": {
  
     "minecraft:entity_spawned": {
        "randomize": [
          {
            "weight": 95,
            "remove": {
            },
            "add": {
              "component_groups": [
                "minecraft:kissy_missy_adult",
                "minecraft:kissy_missy_calm"
                      
              ]
            }
          }
        ]
      },
      "minecraft:on_calm": {
        "remove": {
          "component_groups": [
            "minecraft:kissy_missy_angry",
                  "minecraft:rage"  
   
          ]
        },
        "add": {
          "component_groups": [
            "minecraft:kissy_missy_calm",
                "minecraft:kissy_missy_closed"
          ]
        }
      },
      "minecraft:become_angry": {
        "remove": {
          "component_groups": [
            "minecraft:kissy_missy_calm",
                "minecraft:kissy_missy_closed"
          ]
        },
        "add": {
          "component_groups": [
            "minecraft:kissy_missy_angry",
                  "minecraft:rage"  
        
               
   
          ]
        }
      }
    }
  }
}
