{
"format_version": "1.16.0",
"minecraft:entity": {
"description": {
"identifier": "ccb:choo_choo_charles",
"is_spawnable": true,
"is_summonable": true,
"is_experimental": false,
"scripts": {
"animate": [
"default"
]
},
"animations": {
"default": "controller.animation.chad_face_rock_attack"
}
},
"components": {
"minecraft:type_family": {
"family": [
"ccb_choo_choo_charles"
]
},
"minecraft:breathable": {
"totalSupply": 15,
"suffocateTime": 0,
"breathesWater": true
},
"minecraft:scale": {
"value": 1.6
},
"minecraft:boss": {
"should_darken_sky": true,
"hud_range": 28,
"name":"Charles"},
"minecraft:underwater_movement": {
"value": 0.35
},
"minecraft:water_movement": {
"drag_factor": 0.35
},
"minecraft:collision_box": {
"width": 1.6,
"height": 1.8
},
"minecraft:nameable": {},
"minecraft:navigation.walk": {
"is_amphibious": true,
"can_pass_doors": true,
"can_open_doors": true,
"avoid_water": true,
"avoid_portals": true
},
"minecraft:behavior.open_door": {
"close_door_after": true
},
"minecraft:behavior.avoid_mob_type": {
"entity_types":[
{
"filters": {
"any_of": [
{ "test" :"is_family", "subject" : "other", "value" :"monster_ccb"},
{ "test" :"is_family", "subject" : "other", "value" :"impact_ccb"}
]
},
"max_dist": 6,
"sprint_speed_multiplier": 1.2
}
],
"max_dist": 15,
"max_flee": 5,
"walk_speed_multiplier": 1,
"sprint_speed_multiplier": 2,
"probability_per_strength": 1,
"ignore_visibility": true,
"avoid_mob_sound": "example",
"remove_target": true
},
"minecraft:movement.generic": {},
"minecraft:jump.static": {},
"minecraft:can_climb": {},
"minecraft:fire_immune": true,
"minecraft:burns_in_daylight": false,
"minecraft:health": {
"value": 100000,
"max": 100000
},
"minecraft:movement": {
"value": 0.35
},
"minecraft:attack": {
"damage": {
"range_min": 900,
"range_max": 900
}
},
"minecraft:follow_range": {
"value": 1000,
"max": 1000
},
"minecraft:behavior.delayed_attack": {
"priority": 3,
"reach_multiplier": 2,
"attack_duration": 0.2,
"hit_delay_pct": 0.1,
"track_target": true
},
"minecraft:behavior.nearest_attackable_target": {
"priority": 2,
"reselect_targets": true,
"target_search_height": 1000,
"within_radius": 1000,
"entity_types": [
{
"filters": {
"test": "is_family",
"subject": "other",
"operator":"!=",
"value": "ccb_choo_choo_charles"
},
"max_dist": 1000
}
],
"must_see": true,
"must_see_forget_duration": 2.0
},
"minecraft:behavior.random_stroll": {
"priority": 7,
"speed_multiplier": 1.0
},
"minecraft:behavior.look_at_player": {
"priority": 8,
"look_distance": 6.0,
"probability": 0.02
},
"minecraft:behavior.random_look_around": {
"priority": 9
},
"minecraft:behavior.hurt_by_target": {
"priority": 1
},
"minecraft:physics": {}
}
}
}