{
  "format_version": "1.10.0",
  "animation_controllers": {
    "controller.animation.parachute_halloween": {
      "states": {
        "default": {
          "transitions": [
            {
              "on": "(1.0)"
            }
          ]
        },
        "on": {
          "transitions": [
            {
              "default": "query.get_equipped_item_name\u003d\u003d\u0027parachute_halloween\u0027 \u0026\u0026 query.is_using_item"
            }
          ],
          "on_entry": [
            "/replaceitem entity @s slot.armor.head 0 air",
            "/replaceitem entity @s slot.armor.head 1 ta:parachute_halloween",
            "/effect @s levitation 1 1 true",
            "/playsound parachute.open @p ~~~",
            "/replaceitem entity @s slot.weapon.mainhand 0 air"
          ]
        }
      }
    },
    "controller.animation.parachute_bee": {
      "states": {
        "default": {
          "transitions": [
            {
              "on": "(1.0)"
            }
          ]
        },
        "on": {
          "transitions": [
            {
              "default": "query.get_equipped_item_name\u003d\u003d\u0027parachute_bee\u0027 \u0026\u0026 query.is_using_item"
            }
          ],
          "on_entry": [
            "/replaceitem entity @s slot.armor.head 0 air",
            "/replaceitem entity @s slot.armor.head 1 ta:parachute_bee",
            "/effect @s levitation 1 1 true",
            "/playsound parachute.open @p ~~~",
            "/replaceitem entity @s slot.weapon.mainhand 0 air"
          ]
        }
      }
    },
    "controller.animation.parachute_creeper": {
      "states": {
        "default": {
          "transitions": [
            {
              "on": "(1.0)"
            }
          ]
        },
        "on": {
          "transitions": [
            {
              "default": "query.get_equipped_item_name\u003d\u003d\u0027parachute_creeper\u0027 \u0026\u0026 query.is_using_item"
            }
          ],
          "on_entry": [
            "/replaceitem entity @s slot.armor.head 0 air",
            "/replaceitem entity @s slot.armor.head 1 ta:parachute_creeper",
            "/effect @s levitation 1 1 true",
            "/playsound parachute.open @p ~~~",
            "/replaceitem entity @s slot.weapon.mainhand 0 air"
          ]
        }
      }
    },
    "controller.animation.parachute_spider": {
      "states": {
        "default": {
          "transitions": [
            {
              "on": "(1.0)"
            }
          ]
        },
        "on": {
          "transitions": [
            {
              "default": "query.get_equipped_item_name\u003d\u003d\u0027parachute_spider\u0027 \u0026\u0026 query.is_using_item"
            }
          ],
          "on_entry": [
            "/replaceitem entity @s slot.armor.head 0 air",
            "/replaceitem entity @s slot.armor.head 1 ta:parachute_spider",
            "/effect @s levitation 1 1 true",
            "/playsound parachute.open @p ~~~",
            "/replaceitem entity @s slot.weapon.mainhand 0 air"
          ]
        }
      }
    },
    "controller.animation.parachute_zombie": {
      "states": {
        "default": {
          "transitions": [
            {
              "on": "(1.0)"
            }
          ]
        },
        "on": {
          "transitions": [
            {
              "default": "query.get_equipped_item_name\u003d\u003d\u0027parachute_zombie\u0027 \u0026\u0026 query.is_using_item"
            }
          ],
          "on_entry": [
            "/replaceitem entity @s slot.armor.head 0 air",
            "/replaceitem entity @s slot.armor.head 1 ta:parachute_zombie",
            "/effect @s levitation 1 1 true",
            "/playsound parachute.open @p ~~~",
            "/replaceitem entity @s slot.weapon.mainhand 0 air"
          ]
        }
      }
    },
    "controller.animation.parachute_ender_dragon": {
      "states": {
        "default": {
          "transitions": [
            {
              "on": "(1.0)"
            }
          ]
        },
        "on": {
          "transitions": [
            {
              "default": "query.get_equipped_item_name\u003d\u003d\u0027parachute_ender_dragon\u0027 \u0026\u0026 query.is_using_item"
            }
          ],
          "on_entry": [
            "/replaceitem entity @s slot.armor.head 0 air",
            "/replaceitem entity @s slot.armor.head 1 ta:parachute_ender_dragon",
            "/effect @s levitation 1 1 true",
            "/playsound parachute.open @p ~~~",
            "/replaceitem entity @s slot.weapon.mainhand 0 air"
          ]
        }
      }
    }
  }
}