{                                                                     
  "format_version": "1.16.100",
  "minecraft:item": {
    "description": {
      "identifier": "stk:true3",
      "category" : "items"
    },
    "components": {
      "minecraft:icon": {
        "texture": "katana3"
      },
		"minecraft:render_offsets": {
			"main_hand": {
			  "first_person": { 
				"scale": [0.000,0.000,0.000]
			  },
			  "third_person": { 
				"scale": [0.000,0.000,0.000]
			  }
			},
			"off_hand": {
			  "first_person": { 
				"scale": [0.000,0.000,0.000]
			  },
			  "third_person": { 
				"scale": [0.000,0.000,0.000]
			  }
			}
		  },
      "minecraft:cooldown": {
        "category": "l",
        "duration": 0
      },
        "minecraft:display_name": {
        "value": "§l§etrue triple katana \nrarity: legendary \n§cDamage: 20 \n§7(skill)"},
      "minecraft:stacked_by_data": false,
      "minecraft:max_stack_size": 1,
      "minecraft:foil": false,
      "minecraft:damage": 20,
      "minecraft:hand_equipped": true,
      "minecraft:on_use": {
        "on_use": {
          "event": "7",
          "target": "self"
        }
      }
    },
    "events": {
      "7": {
        "run_command": {
          "command": [ "summon stk:slash2","execute @s ~~~ tp @e[type=stk:slash2] ~~~ facing ^^^100","execute @e[r=7,rm=2,type=!item] ~~~ damage @s 2 entity_attack","playanimation @s animation.player.slash3" ],
          "target": "self"
        }
      }
    }
  }
}

























