{
	"format_version": "1.8.0",
	"animations": {
		"animation.adabted_long_arm.static": {
			"loop": true,
			"animation_length": 1,
			"bones": {
				"bone36": {
					"rotation": {
						"0.0": [2.5, 0, 0],
						"0.5": [0, 0, 0],
						"1.0": [2.5, 0, 0]
					}
				},
				"bone13": {
					"rotation": [25, 0, 0]
				},
				"bone7": {
					"rotation": [25, 0, 0]
				},
				"bone5": {
					"rotation": [25, 0, 0]
				},
				"bone59": {
					"rotation": {
						"0.0": [0, 0, -10],
						"0.5": [0, 0, 7.5],
						"1.0": [0, 0, -10]
					}
				},
				"bone60": {
					"rotation": {
						"0.0": [0, -30, 0],
						"1.0": [0, -30, 0]
					}
				},
				"bone45": {
					"rotation": {
						"0.0": [0, 0, -10],
						"0.5": [0, 0, -5],
						"1.0": [0, 0, -10]
					}
				},
				"bone50": {
					"rotation": {
						"0.0": [0, 0, 12.5],
						"0.5": [0, 0, 0],
						"1.0": [0, 0, 12.5]
					}
				},
				"bone51": {
					"rotation": {
						"0.0": [0, 25, 0],
						"1.0": [0, 25, 0]
					}
				},
				"bone11": {
					"rotation": {
						"0.0": [30, 0, 0],
						"1.0": [30, 0, 0]
					}
				},
				"bone9": {
					"rotation": {
						"0.0": [25, 0, 0],
						"1.0": [25, 0, 0]
					}
				},
				"bone40": {
					"rotation": {
						"0.0": [0, 0, 12.5],
						"0.5": [0, 0, 2.5],
						"1.0": [0, 0, 12.5]
					}
				},
				"bone15": {
					"rotation": [27.5, 0, 0]
				},
				"bone17": {
					"rotation": [30, 0, 0]
				},
				"bone19": {
					"rotation": [30, 0, 0]
				}
			}
		},
		"animation.adabted_long_arm.move": {
			"loop": true,
			"animation_length": 1,
			"bones": {
				"Body": {
					"rotation": {
						"0.0": [5, 0, 0],
						"0.2083": [0, 0, 0],
						"0.4583": [5, 0, 0],
						"0.75": [0, 0, 0],
						"1.0": [5, 0, 0]
					},
					"position": {
						"0.0": [0, -2, 0],
						"0.2083": [0, 0, 0],
						"0.4583": [0, -2, 0],
						"0.75": [0, 0, 0],
						"1.0": [0, -2, 0]
					}
				},
				"bone17": {
					"rotation": [27.5, 0, 0]
				},
				"bone15": {
					"rotation": [25, 0, 0]
				},
				"bone13": {
					"rotation": [25, 0, 0]
				},
				"bone7": {
					"rotation": [27.5, 0, 0]
				},
				"bone5": {
					"rotation": [27.5, 0, 0]
				},
				"bone59": {
					"rotation": {
						"0.0": [15, -40, 0],
						"0.4583": [-57.5, -17.5, 10],
						"0.5": [-75, -17.5, 10],
						"0.5833": [-37.5, -17.5, 10],
						"0.9583": [35, -17.5, 10],
						"1.0": [47.5, -17.5, 17.5]
					}
				},
				"bone60": {
					"rotation": {
						"0.0": [380, 0, 0],
						"0.5": [381.82, 0, 0],
						"0.5833": [353.46, 0, 0],
						"0.625": [350.53, 0, 0],
						"0.6667": [353.31, 0, 0],
						"0.9167": [350, 0, 0]
					}
				},
				"bone45": {
					"rotation": {
						"0.0": [60, 0, 0],
						"0.4583": [-12.5, 0, 0],
						"1.0": [60, 0, 0]
					}
				},
				"bone48": {
					"rotation": [-22.5, 0, 0]
				},
				"bone50": {
					"rotation": {
						"0.0": [-57.5, 22.5, 0],
						"0.4583": [27.5, 22.5, 0],
						"1.0": [-57.5, 22.5, 0]
					}
				},
				"bone11": {
					"rotation": [27.5, 0, 0]
				},
				"bone9": {
					"rotation": [22.5, 0, 0]
				},
				"bone40": {
					"rotation": {
						"0.0": [-10, 0, 0],
						"0.4583": [80, 0, 0],
						"1.0": [-10, 0, 0]
					}
				},
				"bone42": {
					"rotation": {
						"0.0": [-37.5, 0, 0],
						"0.4583": [-15, 0, 0],
						"1.0": [-37.5, 0, 0]
					}
				},
				"bone30": {
					"rotation": [-60, 0, 0]
				},
				"bone31": {
					"rotation": {
						"0.0": [125, 0, 0],
						"0.4583": [57.5, 0, 0],
						"1.0": [125, 0, 0]
					}
				},
				"bone33": {
					"rotation": {
						"0.0": [82.5, 0, 0],
						"0.4583": [7.5, 0, 0],
						"1.0": [82.5, 0, 0]
					}
				},
				"bone22": {
					"rotation": {
						"0.0": [5, 0, 0],
						"0.2083": [0, 0, 0],
						"0.4583": [5, 0, 0],
						"0.7917": [0, 0, 0],
						"1.0": [5, 0, 0]
					},
					"position": {
						"0.0": [0, -2, 0],
						"0.2083": [0, 0, 0],
						"0.4583": [0, -2, 0],
						"0.7917": [0, 0, 0],
						"1.0": [0, -2, 0]
					}
				},
				"bone23": {
					"rotation": {
						"0.0": [-10, 0, 0],
						"0.4583": [52.5, 0, 0],
						"1.0": [-37.5, 0, 0]
					},
					"position": {
						"0.0": [0, 0, 0],
						"0.2083": [0, 0, 0]
					}
				},
				"bone25": {
					"rotation": {
						"0.0": [12.5, 0, 0],
						"0.4583": [80, 0, 0],
						"1.0": [12.5, 0, 0]
					}
				},
				"bone19": {
					"rotation": [30, 0, 0]
				}
			}
		}
	}
}