{
	"format_version": "1.8.0",
	"animations": {
		"animation.bolster.static": {
			"loop": true,
			"animation_length": 0.875,
			"bones": {
				"bone21": {
					"rotation": {
						"0.0": [0, 0, -10],
						"0.4167": [0, 0, 15],
						"0.875": [0, 0, -5]
					}
				},
				"bone17": {
					"rotation": [-10, 0, -5]
				},
				"bone26": {
					"rotation": {
						"0.0": [0, 0, 30],
						"0.4167": [0, 0, -15],
						"0.875": [0, 0, 17.5]
					}
				},
				"bone31": {
					"rotation": {
						"0.0": [0, 0, 20],
						"0.4167": [0, 0, -17.5],
						"0.875": [0, 0, 12.5]
					}
				},
				"bone34": {
					"rotation": {
						"0.0": [0, 0, 22.5],
						"0.4167": [0, 0, -15],
						"0.875": [0, 0, 15]
					}
				},
				"bone37": {
					"rotation": {
						"0.0": [0, 0, -20],
						"0.4167": [0, 0, 15],
						"0.875": [0, 0, -15]
					}
				},
				"bone40": {
					"rotation": {
						"0.0": [0, 0, -22.5],
						"0.4167": [0, 0, 2.5],
						"0.875": [0, 0, -32.5]
					}
				}
			}
		},
		"animation.bolster.move": {
			"loop": true,
			"animation_length": 0.6667,
			"bones": {
				"bone21": {
					"rotation": {
						"0.0": [0, 0, -25],
						"0.3333": [0, 0, 22.5],
						"0.6667": [0, 0, -17.5]
					}
				},
				"bone17": {
					"rotation": {
						"0.0": [0, 0, 5],
						"0.3333": [0, 0, -5],
						"0.6667": [0, 0, 2.5]
					}
				},
				"bone9": {
					"rotation": {
						"0.0": [0, -77.5, 0],
						"0.3333": [0, -32.5, 0],
						"0.5": [0, -57.5, -27.5],
						"0.6667": [0, -87.5, 0]
					}
				},
				"bone7": {
					"rotation": {
						"0.0": [0, 30, 0],
						"0.25": [0, 52.5, 22.5],
						"0.3333": [0, 87.5, 0],
						"0.6667": [0, 22.5, 0]
					}
				},
				"bone4": {
					"rotation": {
						"0.0": [0, 90, 0],
						"0.25": [0, 28.75, -25],
						"0.3333": [0, 20, 0],
						"0.6667": [0, 80, 0]
					}
				},
				"bone2": {
					"rotation": {
						"0.0": [0, -2.5, 0],
						"0.3333": [0, -67.5, 0],
						"0.5": [0, -46.25, 25],
						"0.6667": [0, -25, 0]
					}
				},
				"bone26": {
					"rotation": {
						"0.0": [0, 0, 30],
						"0.3333": [0, 0, -12.5],
						"0.6667": [0, 0, 30]
					}
				},
				"bone31": {
					"rotation": {
						"0.0": [0, 0, 25],
						"0.3333": [0, 0, -22.5],
						"0.6667": [0, 0, 15]
					}
				},
				"bone34": {
					"rotation": {
						"0.0": [0, 0, 17.5],
						"0.3333": [0, 0, -7.5],
						"0.6667": [0, 0, 20]
					}
				},
				"bone37": {
					"rotation": {
						"0.0": [0, 0, -35],
						"0.3333": [0, 0, 12.5],
						"0.6667": [0, 0, -32.5]
					}
				},
				"bone40": {
					"rotation": {
						"0.0": [0, 0, -35],
						"0.3333": [0, 0, 15],
						"0.6667": [0, 0, -25]
					}
				},
				"bone41": {
					"rotation": [0, 0, 0]
				},
				"bone": {
					"position": {
						"0.0": [0, -1, 0],
						"0.25": [0, 0, 0],
						"0.3333": [0, -1, 0],
						"0.5": [0, 0, 0],
						"0.6667": [0, -2, 0]
					}
				}
			}
		}
	}
}