{
	"format_version": "1.8.0",
	"animations": {
		"animation.head_infected_cow.static": {
			"loop": true,
			"animation_length": 1.95833,
			"bones": {
				"TentaculoIzq": {
					"rotation": ["0+math.cos(query.anim_time*125)*3", 0, "0+math.cos(query.anim_time*125)*3"]
				},
				"TentaculoDer": {
					"rotation": ["0-math.cos(query.anim_time*125)*3", 0, "0-math.cos(query.anim_time*125)*3"]
				},
				"Mandibula": {
					"rotation": {
						"0.0": [2.5, 0, 0],
						"1.3333": [30, 0, 0],
						"1.9583": [-2.5, 0, 0]
					}
				}
			}
		},
		"animation.head_infected_cow.move": {
			"loop": true,
			"animation_length": 0.79167,
			"bones": {
				"PataIzq3": {
					"rotation": ["0-math.cos(query.anim_time*550)*15", 0, "0-math.cos(query.anim_time*550)*15"]
				},
				"PataDer3": {
					"rotation": ["0+math.cos(query.anim_time*550)*15", 0, "0+math.cos(query.anim_time*550)*15"]
				},
				"PataDer2": {
					"rotation": [0, 0, "0-math.cos(query.anim_time*550)*15"]
				},
				"PataIzq2": {
					"rotation": ["0+math.cos(query.anim_time*550)*15", 0, "0+math.cos(query.anim_time*550)*15"]
				},
				"PataIzq1": {
					"rotation": ["0-math.cos(query.anim_time*550)*5", 0, "0-math.cos(query.anim_time*550)*10"]
				},
				"PataDer1": {
					"rotation": ["0+math.cos(query.anim_time*550)*5", 0, "0+math.cos(query.anim_time*550)*10"]
				},
				"TentaculoIzq": {
					"rotation": ["0+math.cos(query.anim_time*150)*4", 0, "0+math.cos(query.anim_time*150)*4"]
				},
				"TentaculoDer": {
					"rotation": ["0-math.cos(query.anim_time*150)*4", 0, "0-math.cos(query.anim_time*150)*5"]
				},
				"Mandibula": {
					"rotation": {
						"0.0": [10, 0, 0],
						"0.375": [47.5, 0, 0],
						"0.7917": [7.5, 0, 0]
					}
				}
			}
		}
	}
}