{
	"format_version": "1.8.0",
	"animations": {
		"animation.head_infected_sheep.static": {
			"loop": true,
			"animation_length": 1.45833,
			"bones": {
				"TentaculoIzq": {
					"rotation": ["0-math.cos(query.anim_time*125)*3", 0, "0-math.cos(query.anim_time*125)*3"]
				},
				"TentaculoDer": {
					"rotation": ["0+math.cos(query.anim_time*125)*3", 0, "0+math.cos(query.anim_time*125)*3"]
				},
				"Mandibula": {
					"rotation": {
						"0.0": [0, 0, 0],
						"0.75": [15, 0, 0],
						"1.4583": [-2.5, 0, 0]
					}
				}
			}
		},
		"animation.head_infected_sheep.move": {
			"loop": true,
			"animation_length": 0.70833,
			"bones": {
				"PataIzq3": {
					"rotation": ["0-math.cos(query.anim_time*550)*15", 0, "0-math.cos(query.anim_time*550)*10"]
				},
				"PataDer3": {
					"rotation": ["0+math.cos(query.anim_time*550)*15", 0, "0+math.cos(query.anim_time*550)*10"]
				},
				"PataDer2": {
					"rotation": ["0-math.cos(query.anim_time*550)*15", 0, "0-math.cos(query.anim_time*550)*10"]
				},
				"PataIzq2": {
					"rotation": ["0+math.cos(query.anim_time*550)*15", 0, "0+math.cos(query.anim_time*550)*10"]
				},
				"PataIzq1": {
					"rotation": ["0-math.cos(query.anim_time*550)*5", 0, "0-math.cos(query.anim_time*550)*10"]
				},
				"PataDer1": {
					"rotation": ["0+math.cos(query.anim_time*550)*5", 0, "0+math.cos(query.anim_time*550)*10"]
				},
				"TentaculoIzq": {
					"rotation": ["0-math.cos(query.anim_time*150)*4", 0, "0-math.cos(query.anim_time*150)*4"]
				},
				"TentaculoDer": {
					"rotation": ["0+math.cos(query.anim_time*150)*4", 0, "0+math.cos(query.anim_time*150)*4"]
				},
				"Columna": {
					"rotation": {
						"0.0": [12.5, 0, 0],
						"0.4167": [-5, 0, 0],
						"0.7083": [20, 0, 0]
					}
				},
				"Mandibula": {
					"rotation": {
						"0.0": [0, 0, 0],
						"0.4167": [32.5, 0, 0],
						"0.7083": [2.5, 0, 0]
					}
				}
			}
		}
	}
}