{
	"format_version": "1.8.0",
	"animations": {
		"animation.infected_vindicater.static": {
			"loop": true,
			"animation_length": 1,
			"bones": {
				"Mandibula": {
					"rotation": {
						"0.0": [22.5, 0, 0],
						"0.5": [12.5, 0, 0],
						"1.0": [22.5, 0, 0]
					}
				},
				"Cabeza": {
					"rotation": {
						"0.0": [17.5, 0, 0],
						"0.5": [12.5, 0, 0],
						"1.0": [17.5, 0, 0]
					}
				},
				"BrazoDer": {
					"rotation": [-17.11108, 2.01971, -14.86923]
				},
				"BrazoIzq": {
					"rotation": [-143.76172, 16.50059, -2.4999]
				}
			}
		},
		"animation.infected_vindicater.move": {
			"loop": true,
			"animation_length": 0.625,
			"bones": {
				"PiernaIzq": {
					"rotation": {
						"0.0": [40, 0, 0],
						"0.2917": [-22.5, 0, 0],
						"0.5833": [40, 0, 0]
					},
					"position": {
						"0.0": [0, -1, 0],
						"0.1667": [0, 0, 0],
						"0.2917": [0, -1, 0],
						"0.4167": [0, 0, 0],
						"0.5833": [0, -1, 0]
					}
				},
				"Ropa": {
					"position": {
						"0.0": [0, -1, 0],
						"0.1667": [0, 0, 0],
						"0.2917": [0, -1, 0],
						"0.4167": [0, 0, 0],
						"0.5833": [0, -1, 0]
					}
				},
				"PiernaDer": {
					"rotation": {
						"0.0": [-27.5, 0, 0],
						"0.2917": [37.5, 0, 0],
						"0.5833": [-27.5, 0, 0]
					},
					"position": {
						"0.0": [0, -1, 0],
						"0.1667": [0, 0, 0],
						"0.2917": [0, -1, 0],
						"0.4167": [0, 0, 0],
						"0.5833": [0, -1, 0]
					}
				},
				"Mandibula": {
					"rotation": {
						"0.0": [7.5, 0, 0],
						"0.2917": [22.5, 0, 0],
						"0.5833": [7.5, 0, 0]
					},
					"position": {
						"0.0": [0, -1, 0],
						"0.1667": [0, 0, 0],
						"0.25": [0, -1, 0],
						"0.4167": [0, 0, 0],
						"0.5833": [0, -1, 0]
					}
				},
				"Cabeza": {
					"rotation": [-5, 0, 0],
					"position": {
						"0.0": [0, -1, 0],
						"0.1667": [0, 0, 0],
						"0.25": [0, -1, 0],
						"0.4167": [0, 0, 0],
						"0.5833": [0, -1, 0]
					}
				},
				"BrazoDer": {
					"rotation": {
						"0.0": [-65, 0, 0],
						"0.1667": [-69.28571, 0, 0],
						"0.2917": [-72.5, 0, 0],
						"0.4167": [-76.78571, 0, 0],
						"0.5833": [-65, 0, 0],
						"0.625": [-62.5, 0, 0]
					},
					"position": {
						"0.0": [0, -1, 0],
						"0.1667": [0, 0, 0],
						"0.2917": [0, -1, 0],
						"0.4167": [0, 0, 0],
						"0.5833": [0, -1, 0]
					}
				},
				"BrazoIzq": {
					"rotation": {
						"0.0": [-62.5, 0, 0],
						"0.1667": [-71.07143, 0, 0],
						"0.25": [-75.35714, 0, 0],
						"0.2917": [-67.5, 0, 0],
						"0.3333": [-63.92857, 0, 0],
						"0.375": [-86.60714, 0, 0],
						"0.4167": [-81.78571, 0, 0],
						"0.5833": [-70, 0, 0]
					},
					"position": {
						"0.0": [0, -1, 0],
						"0.1667": [0, 0, 0],
						"0.2917": [0, -1, 0],
						"0.4167": [0, 0, 0],
						"0.5833": [0, -1, 0]
					}
				},
				"Cuerpo": {
					"position": {
						"0.0": [0, -1, 0],
						"0.2083": [0, 0, 0],
						"0.2917": [0, -1, 0],
						"0.4167": [0, 0, 0],
						"0.625": [0, -1, 0]
					}
				}
			}
		}
	}
}