{
	"format_version": "1.8.0",
	"animations": {
		"animation.infected_sheep.move": {
			"loop": true,
			"animation_length": 1,
			"bones": {
				"Cabeza": {
					"rotation": {
						"0.0": [0, 0, 0],
						"0.5": [-17.5, 0, 0],
						"1.0": [0, 0, 0]
					},
					"position": {
						"0.0": [0, 0, 0],
						"0.5": [0, 0, 2],
						"1.0": [0, 0, 0]
					}
				},
				"Mandibula": {
					"rotation": {
						"0.0": [0, 0, 0],
						"0.5": [12.5, 0, 0],
						"1.0": [0, 0, 0]
					},
					"position": {
						"0.0": [0, 0, 0],
						"0.5": [0, 1, 2],
						"1.0": [0, 0, 0]
					}
				},
				"Cuerpo": {
					"rotation": {
						"0.0": [0, 0, 0],
						"0.5": [-7.5, 0, 0],
						"1.0": [0, 0, 0]
					}
				},
				"PataIzq1": {
					"rotation": {
						"0.0": [-12.5, 0, 0],
						"0.0417": [-26.25, 0, 0],
						"0.5": [22.5, 0, 0],
						"0.5417": [28.13, 0, 0],
						"0.8333": [-9.32, 0, 0],
						"1.0": [-37.5, 0, 0]
					}
				},
				"PataDer1": {
					"rotation": {
						"0.0": [-55, 0, 0],
						"0.5": [30, 0, 0],
						"1.0": [-50, 0, 0]
					}
				},
				"PataDer2": {
					"rotation": {
						"0.0": [0, 0, 0],
						"0.0417": [-24.58, 0, 0],
						"0.5": [35, 0, 0],
						"0.5417": [43.13, 0, 0],
						"0.625": [27.11, 0, 0],
						"1.0": [-17.5, 0, 0]
					},
					"position": {
						"0.0": [0, 0, 0],
						"0.5": [0, 0, 2],
						"1.0": [0, 0, 0]
					}
				},
				"PataIzq2": {
					"rotation": {
						"0.0": [-37.5, 0, 0],
						"0.4167": [-19.17, 0, 0],
						"0.5": [25, 0, 0],
						"1.0": [-35, 0, 0]
					},
					"position": {
						"0.0": [0, 0, 0],
						"0.5": [0, 0, 2],
						"1.0": [0, 0, 0]
					}
				}
			}
		},
		"animation.infected_sheep.static": {
			"loop": true,
			"animation_length": 1.70833,
			"bones": {
				"Mandibula": {
					"rotation": ["-7.5-math.cos(query.anim_time*125)*6", 0, 0]
				},
				"Cuerpo": {
					"rotation": {
						"0.5833": [0, 0, 0],
						"1.1667": [-2.5, 0, 0],
						"1.7083": [-2.5, 0, 0]
					}
				}
			}
		},
		"animation.infected_sheep.run": {
			"loop": true,
			"animation_length": 0.625,
			"bones": {
				"Mandibula": {
					"rotation": {
						"0.0": ["-10+math.cos(query.anim_time*300)*15", 0, 0],
						"0.2917": ["12.5+math.cos(query.anim_time*300)*15", 0, 0],
						"0.625": ["5+math.cos(query.anim_time*300)*15", 0, 0]
					}
				},
				"PataIzq1": {
					"rotation": {
						"0.0": ["-10-math.cos(query.anim_time*600)*30", 0, 0],
						"0.2083": [-2.08, 0, 0],
						"0.2917": ["-12.5-math.cos(query.anim_time*600)*30", 0, 0],
						"0.625": ["-5-math.cos(query.anim_time*600)*30", 0, 0]
					}
				},
				"PataDer1": {
					"rotation": {
						"0.0": ["-32.5-math.cos(query.anim_time*600)*30", 0, 0],
						"0.2083": [23.28, 0, 0],
						"0.2917": ["-10-math.cos(query.anim_time*600)*30", 0, 0],
						"0.625": ["-30-math.cos(query.anim_time*600)*30", 0, 0]
					}
				},
				"PataDer2": {
					"rotation": {
						"0.0": ["-32.5+math.cos(query.anim_time*600)*30", 0, 0],
						"0.2083": [2.08, 0, 0],
						"0.2917": ["5+math.cos(query.anim_time*600)*30", 0, 0],
						"0.625": ["-2.5+math.cos(query.anim_time*600)*30", 0, 0]
					}
				},
				"PataIzq2": {
					"rotation": {
						"0.0": ["0+math.cos(query.anim_time*600)*30", 0, 0],
						"0.2083": ["-7.5+math.cos(query.anim_time*600)*30", 0, 0],
						"0.625": ["20+math.cos(query.anim_time*600)*30", 0, 0]
					}
				},
				"Cabeza": {
					"rotation": {
						"0.0": [-10, 0, 0],
						"0.2917": [-2.5, 0, 0],
						"0.625": [-12.5, 0, 0]
					}
				},
				"Cuerpo": {
					"rotation": {
						"0.0": [-5, 0, 0],
						"0.2917": [2.5, 0, 0],
						"0.625": [-2.5, 0, 0]
					}
				}
			}
		}
	}
}