{
	"format_version": "1.8.0",
	"animations": {
		"animation.infected_skeletonv2.static": {
			"loop": true,
			"animation_length": 1.04167,
			"bones": {
				"bone3": {
					"position": [0, 0, 7]
				},
				"bone9": {
					"rotation": [71.53238, 6.09608, 3.86293]
				},
				"bone10": {
					"rotation": [5, 0, 0]
				},
				"bone11": {
					"rotation": {
						"0.0": [-32.5, 0, 0],
						"0.5": [-30, 0, 0],
						"1.0417": [-35, 0, 0]
					}
				},
				"bone12": {
					"rotation": [-5, 0, 0]
				},
				"bone22": {
					"rotation": {
						"0.0": [-1.12922, 11.39796, 1.34922],
						"0.5417": [-1.13, -6.1, 1.35],
						"1.0417": [-1.13, 6.4, 1.35]
					}
				},
				"bone21": {
					"rotation": {
						"0.0": [0, -10, 0],
						"0.5417": [0, 10, 0],
						"1.0417": [0, -7.5, 0]
					}
				},
				"bone20": {
					"rotation": {
						"0.0": [0, -7.5, 0],
						"0.5417": [0, 5, 0],
						"1.0417": [0, -10, 0]
					}
				},
				"bone19": {
					"rotation": {
						"0.0": [0, 7.5, 0],
						"0.5417": [0, -10, 0],
						"1.0417": [0, 10, 0]
					}
				},
				"bone15": {
					"rotation": {
						"0.0": [-35, 0, 30],
						"0.25": [-35, 0, 26.25],
						"0.4167": [-35, 0, 32.92],
						"0.5": [-35, 0, 122.5],
						"0.625": [-35, 0, 25.44],
						"0.7917": [-35, 0, 12.69],
						"0.9167": [-35, 0, 113.84],
						"1.0417": [-35, 0, 30]
					}
				},
				"bone16": {
					"position": {
						"0.0": [0, -1, 0],
						"0.4583": [0, 0, 0],
						"1.0417": [0, -1, 0]
					}
				},
				"bone": {
					"rotation": {
						"0.0": [0, 0, 0],
						"0.5": [20, 0, 0],
						"1.0417": [2.5, 0, 0]
					}
				},
				"bone14": {
					"rotation": [-50, 0, 0]
				},
				"bone13": {
					"rotation": {
						"0.0": [-42.5, 0, 0],
						"0.5": [-37.5, 0, 0],
						"1.0417": [-42.5, 0, 0]
					}
				},
				"bone8": {
					"position": {
						"0.1667": [-1, 0, 0],
						"0.5": [0, 0, 0],
						"1.0417": [-1, 0, 0]
					}
				},
				"bone7": {
					"position": {
						"0.1667": [-1, 0, 0],
						"0.5": [0, 0, 0],
						"1.0417": [-1, 0, 0]
					}
				},
				"bone4": {
					"position": {
						"0.1667": [0, 0, 1],
						"0.5": [-1, 0, 1],
						"1.0417": [0, 0, 1]
					}
				},
				"bone6": {
					"position": {
						"0.1667": [0, 0, -1],
						"0.5": [0, 0, 0],
						"1.0417": [0, 0, -1]
					}
				}
			}
		},
		"animation.infected_skeletonv2.move": {
			"loop": true,
			"animation_length": 1,
			"bones": {
				"bone3": {
					"position": [0, 0, 7]
				},
				"bone9": {
					"rotation": [67.5, 0, 0]
				},
				"bone10": {
					"rotation": {
						"0.0": [10, 0, 0],
						"0.25": [0, 0, 0],
						"0.5": [15, 0, 0],
						"0.75": [0, 0, 0],
						"1.0": [12.5, 0, 0]
					}
				},
				"bone11": {
					"rotation": {
						"0.0": [-25, 0, 0],
						"0.25": [-30, 0, 0],
						"0.5": [-22.5, 0, 0],
						"0.75": [-30, 0, 0],
						"1.0": [-20, 0, 0]
					}
				},
				"bone12": {
					"rotation": {
						"0.0": [0, 0, 0],
						"0.2083": [0, -25, 0],
						"0.5": [0, 2.5, 0],
						"0.75": [0, -22.5, 0],
						"1.0": [0, 0, 0]
					}
				},
				"bone22": {
					"rotation": {
						"0.0": [0, -25, 0],
						"0.5": [0, -32.5, 0],
						"1.0": [0, -40, 0]
					}
				},
				"bone21": {
					"rotation": {
						"0.0": [0, -35, 0],
						"0.5": [0, -37.5, 0],
						"1.0": [0, -42.5, 0]
					}
				},
				"bone20": {
					"rotation": {
						"0.0": [0, -22.5, 0],
						"0.5": [0, -37.5, 0],
						"1.0": [0, -42.5, 0]
					}
				},
				"bone19": {
					"rotation": {
						"0.0": [0, -45, 0],
						"0.5": [0, -45, 0],
						"1.0": [0, -57.5, 0]
					}
				},
				"bone15": {
					"rotation": {
						"0.0": [-47.5, 2.5, 5],
						"0.2083": [-62.5, 5, -7.5],
						"0.3333": [45.54129, -40.95739, -168.82373],
						"0.4583": [29.16153, -29.42769, -123.40382],
						"0.5": [-47.5, -10, 7.5],
						"0.75": [-57.5, -10, 22.5]
					}
				},
				"bone16": {
					"position": {
						"0.0": [0, -1, 0],
						"0.5": [0, 0, 0],
						"1.0": [0, -1, 0]
					}
				},
				"bone": {
					"rotation": {
						"0.0": [20, 0, 0],
						"0.1667": [-10.83, 0, 0],
						"0.2917": [21.67, 0, 0],
						"0.5": [0, 0, 0],
						"0.625": [20, 0, 0],
						"0.75": [5.83, 0, 0],
						"1.0": [30, 0, 0]
					}
				},
				"bone14": {
					"rotation": {
						"0.0": [27.5, 0, 0],
						"0.5": [25, 0, 0]
					}
				},
				"bone13": {
					"rotation": {
						"0.0": [-75, 0, 0],
						"0.2083": [-75, -85, 0],
						"0.3333": [-122.5, -13.57, 0],
						"0.5": [-75, 0, 0],
						"0.75": [-75, -92.5, 0],
						"0.875": [-132.5, -20, 0],
						"1.0": [-62.5, -5, 0]
					}
				},
				"bone8": {
					"position": {
						"0.0": [1, 0, -1],
						"0.5": [0, 0, -1],
						"1.0": [1, 0, -1]
					}
				},
				"bone7": {
					"position": {
						"0.0": [0, 0, 0],
						"0.5": [-2, 0, -1],
						"1.0": [-1, 0, -1]
					}
				},
				"bone4": {
					"position": {
						"0.0": [0, 0, 1],
						"0.5": [1, 0, 1],
						"1.0": [0, 0, 1]
					}
				},
				"bone5": {
					"position": [1, 0, 1]
				},
				"bone6": {
					"position": {
						"0.0": [0, 0, 0],
						"0.5": [0, 0, -1],
						"1.0": [-1, 0, -1]
					}
				}
			}
		}
	}
}