{
	"format_version": "1.8.0",
	"animations": {
		"animation.reeker.static": {
			"loop": true,
			"animation_length": 1,
			"bones": {
				"bone": {
					"rotation": [0, 0, 0]
				},
				"bone4": {
					"rotation": {
						"0.0": [-10, 0, 0],
						"0.5": [-2.5, 0, 0],
						"1.0": [-10, 0, 0]
					}
				},
				"bone7": {
					"rotation": {
						"0.0": [10, 0, 0],
						"0.5": [12.5, 0, 0],
						"1.0": [2.5, 0, 0]
					}
				},
				"bone9": {
					"rotation": {
						"0.0": [5, 0, 0],
						"0.5": [-2.5, 0, 0],
						"1.0": [5, 0, 0]
					}
				},
				"bone12": {
					"rotation": {
						"0.0": [20, 0, 0],
						"0.5": [10, 0, 0],
						"1.0": [20, 0, 0]
					}
				}
			}
		},
		"animation.reeker.move": {
			"loop": true,
			"animation_length": 0.875,
			"bones": {
				"bone2": {
					"rotation": {
						"0.0": [-5, 0, 0],
						"0.4167": [15, 0, 0],
						"0.875": [-5, 0, 0]
					},
					"position": {
						"0.0": [0, 3, 0],
						"0.4167": [0, -1, 0],
						"0.875": [0, 3, 0]
					}
				},
				"bone": {
					"rotation": {
						"0.0": [0, 0, 0],
						"0.4167": [-17.5, 0, 0],
						"0.875": [0, 0, 0]
					}
				},
				"bone4": {
					"rotation": {
						"0.0": [25, 0, 0],
						"0.4167": [-22.5, 0, 0],
						"0.875": [25, 0, 0]
					}
				},
				"bone5": {
					"rotation": {
						"0.0": [7.5, 0, 0],
						"0.5": [-2.5, 0, 0],
						"0.875": [12.5, 0, 0]
					}
				},
				"bone6": {
					"rotation": {
						"0.0": [17.5, 0, 0],
						"0.5": [7.5, 0, 0],
						"0.875": [17.5, 0, 0]
					}
				},
				"bone9": {
					"rotation": {
						"0.0": [-25, 0, 0],
						"0.4167": [15, 0, 0],
						"0.875": [-25, 0, 0]
					}
				},
				"bone10": {
					"rotation": {
						"0.0": [0, 0, 0],
						"0.4167": [7.5, 0, 0],
						"0.875": [2.5, 0, 0]
					}
				},
				"bone11": {
					"rotation": {
						"0.0": [7.5, 0, 0],
						"0.4167": [17.5, 0, 0],
						"0.875": [2.5, 0, 0]
					}
				},
				"bone13": {
					"rotation": {
						"0.0": [0, 0, 0],
						"0.1667": [52.5, 0, 0],
						"0.4583": [-32.5, 0, 0],
						"0.875": [0, 0, 0]
					}
				},
				"bone14": {
					"rotation": {
						"0.0": [0, 0, 0],
						"0.1667": [-57.5, 0, 0],
						"0.4583": [22.5, 0, 0],
						"0.5833": [25.75, 0, 0],
						"0.875": [0, 0, 0]
					}
				},
				"bone15": {
					"rotation": {
						"0.0": [62.24292, -1.43971, -5.93946],
						"0.375": [-27.76, -1.44, -5.94],
						"0.875": [69.74292, -1.43971, -5.93946]
					}
				},
				"bone16": {
					"rotation": {
						"0.0": [-55, 0, 0],
						"0.375": [25, 0, 0],
						"0.875": [-62.5, 0, 0]
					}
				}
			}
		}
	}
}