{
	"format_version": "1.8.0",
	"animations": {
		"animation.summoner.static": {
			"loop": true,
			"animation_length": 1.75,
			"bones": {
				"bone9": {
					"rotation": [0, -42.5, 7.5]
				},
				"bone11": {
					"rotation": [10, 0, 0]
				},
				"bone6": {
					"rotation": [-5, 20, 0]
				},
				"bone8": {
					"rotation": [-12.5, 0, 0]
				},
				"bone15": {
					"rotation": [-12.5, -50, 0]
				},
				"bone16": {
					"rotation": [17.5, 0, 0]
				},
				"bone12": {
					"rotation": [5, 35, 0]
				},
				"bone13": {
					"rotation": [-10, 0, 0]
				},
				"bone3": {
					"rotation": {
						"0.0": [0, 0, 0],
						"0.7083": [0, -5, 0],
						"1.4167": [0, 0, 0]
					}
				},
				"bone2": {
					"rotation": {
						"0.0": [0, 0, 0],
						"0.7083": [0, 2.5, 0],
						"1.4167": [0, -7.5, 0]
					}
				}
			}
		},
		"animation.summoner.move": {
			"loop": true,
			"animation_length": 1,
			"bones": {
				"bone": {
					"position": {
						"0.0": [0, 0, 0],
						"0.25": [0, 1, 0],
						"0.5": [0, 0, 0],
						"0.7917": [0, 1, 0],
						"1.0": [0, 0, 0]
					}
				},
				"bone9": {
					"rotation": {
						"0.0": [0, 25, 0],
						"0.25": [20, 1.25, 0],
						"0.5": [0, -22.5, 0],
						"1.0": [0, 25, 0]
					}
				},
				"bone6": {
					"rotation": {
						"0.0": [0, 45, 0],
						"0.5": [0, -17.5, 0],
						"0.7917": [-22.5, 18.96, 0],
						"1.0": [0, 45, 0]
					}
				},
				"bone15": {
					"rotation": {
						"0.0": [0, -27.5, 0],
						"0.25": [-12.5, -5, 0],
						"0.5": [0, 17.5, 0],
						"1.0": [0, -27.5, 0]
					}
				},
				"bone12": {
					"rotation": {
						"0.0": [0, -17.5, 0],
						"0.5": [0, 30, 0],
						"0.7917": [29.34486, 13.05875, 4.55799],
						"1.0": [0, -17.5, 0]
					}
				},
				"bone3": {
					"rotation": {
						"0.0": [0, -2.5, 0],
						"0.5": [0, 0, 0],
						"1.0": [0, -2.5, 0]
					}
				},
				"bone2": {
					"rotation": {
						"0.0": [0, 2.5, 0],
						"0.5": [0, 0, 0],
						"1.0": [0, 2.5, 0]
					}
				}
			}
		}
	}
}