{
	"format_version": "1.8.0",
	"animations": {
		"animation.warden.static": {
			"loop": true,
			"animation_length": 1,
			"bones": {
				"Shead": {
					"rotation": {
						"0.0": [0, 0, -25],
						"0.5": [0, 0, 27.5],
						"1.0": [0, 0, -25]
					}
				},
				"Shead2": {
					"rotation": {
						"0.0": [0, 0, -22.5],
						"0.5": [0, 0, 22.5],
						"1.0": [0, 0, -22.5]
					}
				},
				"Arm": {
					"rotation": {
						"0.0": [2.5, 0, 0],
						"0.5": [-2.5, 0, 0],
						"1.0": [2.5, 0, 0]
					}
				},
				"Arm2": {
					"rotation": {
						"0.0": [-2.5, 0, 0],
						"0.5": [2.5, 0, 0],
						"1.0": [-2.5, 0, 0]
					}
				},
				"Eat2": {
					"rotation": [0, -2.5, 0]
				}
			}
		},
		"animation.warden.move": {
			"loop": true,
			"animation_length": 5.16667,
			"bones": {
				"Leg": {
					"rotation": {
						"0.0": [62.5, 0, 0],
						"0.25": [0, 0, 0],
						"0.5": [62.5, 0, 0],
						"0.8333": [0, 0, 0],
						"1.1667": [62.5, 0, 0],
						"1.5": [0, 0, 0],
						"1.875": [62.5, 0, 0],
						"2.25": [0, 0, 0],
						"2.6667": [62.5, 0, 0],
						"3.0833": [0, 0, 0],
						"3.5": [62.5, 0, 0],
						"3.9167": [0, 0, 0],
						"4.3333": [62.5, 0, 0],
						"4.75": [0, 0, 0],
						"5.1667": [62.5, 0, 0]
					}
				},
				"Leg2": {
					"rotation": {
						"0.0": [5, 0, 0],
						"0.25": [57.5, 0, 0],
						"0.5": [5, 0, 0],
						"0.8333": [57.5, 0, 0],
						"1.1667": [5, 0, 0],
						"1.5": [57.5, 0, 0],
						"1.875": [5, 0, 0],
						"2.25": [57.5, 0, 0],
						"2.6667": [5, 0, 0],
						"3.0833": [57.5, 0, 0],
						"3.5": [5, 0, 0],
						"3.9167": [57.5, 0, 0],
						"4.3333": [5, 0, 0],
						"4.75": [57.5, 0, 0],
						"5.1667": [5, 0, 0]
					}
				},
				"Shead": {
					"rotation": {
						"0.0": [0, 0, 12.5],
						"0.5": [0, 0, -12.5],
						"1.0": [0, 0, 12.5],
						"1.5": [0, 0, -12.5],
						"2.0": [0, 0, 12.5],
						"2.5": [0, 0, -12.5],
						"3.0": [0, 0, 12.5],
						"3.5": [0, 0, -12.5],
						"4.0": [0, 0, 12.5],
						"4.5": [0, 0, -12.5],
						"5.1667": [0, 0, 12.5]
					}
				},
				"Shead2": {
					"rotation": {
						"0.0": [0, 0, 15],
						"0.5": [-2.08913, -8.55533, -3.26195],
						"1.0": [0, 0, 15],
						"1.5": [-2.08913, -8.55533, -3.26195],
						"2.0": [0, 0, 15],
						"2.5": [-2.08913, -8.55533, -3.26195],
						"3.0": [0, 0, 15],
						"3.5": [-2.08913, -8.55533, -3.26195],
						"4.0": [0, 0, 15],
						"4.5": [-2.08913, -8.55533, -3.26195],
						"5.1667": [0, 0, 15]
					}
				},
				"Arm": {
					"rotation": {
						"0.0": [-32.5, 0, 0],
						"0.25": [35, 0, 0],
						"0.5": [-32.5, 0, 0],
						"0.8333": [35, 0, 0],
						"1.1667": [-32.5, 0, 0],
						"1.3333": [-155, -40, 30],
						"4.8333": [-155, -40, 30],
						"5.1667": [-32.5, 0, 0]
					}
				},
				"Arm2": {
					"rotation": {
						"0.0": [37.5, 0, 0],
						"0.25": [-20, 0, 0],
						"0.5": [37.5, 0, 0],
						"0.8333": [-20, 0, 0],
						"1.1667": [37.5, 0, 0],
						"1.3333": [-137.5, -12.5, 20],
						"4.8333": [-137.5, -12.5, 20],
						"5.1667": [37.5, 0, 0]
					}
				}
			}
		}
	}
}