{
  "resource_pack_name": "Tirtaajalh",
  "texture_name": "atlas.items",
  "texture_data": {
    "emote_dab": {
      "textures": "textures/emote/dab"
    },
    "emote_hello": {
      "textures": "textures/emote/hello"
    },
    "emote_applause": {
      "textures": "textures/emote/applause"
    },
    "emote_lol": {
      "textures": "textures/emote/lol"
    },
    "emote_shoot_dance": {
      "textures": "textures/emote/shoot_dance"
    },
    "emote_dangerous_game": {
      "textures": "textures/emote/dangerous_game"
    },
    "emote_ffwc_throne": {
      "textures": "textures/emote/ffwc_throne"
    },
    "emote_pirates_flag": {
      "textures": "textures/emote/pirates_flag"
    },
    "emote_top_dj": {
      "textures": "textures/emote/top_dj"
    },
    "emote_i_heart_you": {
      "textures": "textures/emote/i_heart_you"
    },
    "emote_selfie": {
      "textures": "textures/emote/selfie"
    },
    "emote_flowers_of_love": {
      "textures": "textures/emote/flowers_of_love"
    },
    "emote_dracos_summon": {
      "textures": "textures/emote/dracos_summon"
    },
    "emote_tea_time": {
      "textures": "textures/emote/tea_time"
    },
    "emote_lets_go": {
      "textures": "textures/emote/lets_go"
    },
    "emote_furious_slam": {
      "textures": "textures/emote/furious_slam"
    },
    "emote_doggie": {
      "textures": "textures/emote/doggie"
    },
    "emote_why_oh_why": {
      "textures": "textures/emote/why_oh_why"
    },
    "emote_feeding_time": {
      "textures": "textures/emote/feeding_time"
    },
    "emote_predator_pulse": {
      "textures": "textures/emote/predator_pulse"
    },
    "emote_cobra_dance": {
      "textures": "textures/emote/cobra_dance"
    },
    "emote_im_saitama": {
      "textures": "textures/emote/im_saitama"
    },
    "emote_more_practice": {
      "textures": "textures/emote/more_practice"
    },
    "emote_draco_soul": {
      "textures": "textures/emote/draco_soul"
    },
    "emote_cobra_rising": {
      "textures": "textures/emote/cobra_rising"
    },
    "emote_good_game": {
      "textures": "textures/emote/good_game"
    }
  }
}