{
    "format_version": "1.16.0",
    "minecraft:entity": {
        "description": {
            "identifier": "bd:mommy_hand_tar_bd",
            "is_spawnable": false,
            "is_summonable": true,
            "is_experimental": false,
			"runtime_identifier": "minecraft:spider",
			"scripts": {
                "animate": [
                    "hand_tail_tar_con"
                ]
            },
            "animations": {
				"hand_tail_tar_con": "controller.animation.hand_tail_tar_con"
				//"hand_catch": "animation.hand_catch"
			}
        },
        "component_groups": {
			"despawning": {
                "minecraft:type_family": {
                    "family": ["despawer", "despawer_despawning"
                    ]
                }
            },
			"reached": {
				"minecraft:variant": {
					"value": 0
				}
			},
			"not_reached": {
				"minecraft:variant": {
					"value": 1
				}
			}
		},
        "components": {
			"minecraft:behavior.nearest_attackable_target": {
                "priority": 1,
				"must_see": false,
                "within_radius": 200,
				"reselect_targets": true,
				"set_persistent": true,
                "entity_types": [{
                        "filters": {
                            "any_of": [{
                                    "test": "is_family",
                                    "subject": "other",
                                    "value": "illager"
                                }, {
                                    "test": "is_family",
                                    "subject": "other",
                                    "value": "villager"
                                }, {
                                    "test": "is_family",
                                    "subject": "other",
                                    "value": "player"
                                }
                            ]
                        },
                        "max_dist": 190
                    }
                ]
            },
			"minecraft:behavior.melee_attack": {
				"priority": 2,
				"track_target": true,
				"speed_multiplier": 1.7,
				"reach_multiplier": 0.0,
				"max_path_time" : 0.1,
				"min_path_time" : 0.01,
				"path_inner_boundary" : 32,
				"path_outer_boundary" : 64,
				"melee_fov": 360,
				"y_max_head_rotation" : 90
			},
			"minecraft:behavior.ranged_attack": {
				"priority": 1,
				"burst_shots": 1,
				"burst_interval": 1,
				"charge_charged_trigger": 0.0,
				"charge_shoot_trigger": 1,
				"attack_radius": 0.5,
				"speed_multiplier": 1.7
			},
			"minecraft:knockback_resistance": {
                "value": 10.0
            },
			"minecraft:target_nearby_sensor": {
				"inside_range": 1.0,
				"outside_range": 1.5,
				"must_see": true,
				"on_inside_range": {
					"event": "bd:reached",
					"target": "self"
				},
				"on_outside_range": {
					"event": "bd:not_reached",
					"target": "self"
				}
			},
            "minecraft:type_family": {
                "family": ["inanimate", "mommy_long", "mommy_hand_tar"]
            },
            "minecraft:collision_box": {
                "width": 0.35,
                "height": 0.6
            },
			"minecraft:timer": {
				"looping": false,
				"time": 20,
				"time_down_event": {
					"event": "minecraft:start_despawn"
				}
			},
			"minecraft:follow_range": {
				"value": 300
			},
            "minecraft:pushable": {
                "is_pushable": false,
                "is_pushable_by_piston": false
            },
			"minecraft:attack": {
				"damage": 0
			},
			"minecraft:push_through": {
                "value": -1
            },
			"minecraft:movement": {
				"value": 0.5
			},
			"minecraft:flying_speed": {
				"value": 0.3
			},
			"minecraft:navigation.hover": {
				"can_path_over_water": true,
				"can_pass_doors": true,
				"can_open_doors": true,
				"can_path_from_air": true
			},
			"minecraft:movement.hover": {},
			"minecraft:annotation.open_door": {},
			"minecraft:jump.static": {},
			"minecraft:can_fly": {},
            "minecraft:damage_sensor": {
				"triggers": {
					"cause": "all",
					"deals_damage": false
				}
			},
            "minecraft:health": {
                "value": 500,
                "max": 500
            },
			"minecraft:despawn": {
                "filters": {
                    "all_of": [{
                            "any_of": [{
                                    "test":
                                    "is_family",
                                    "subject": "self",
                                    "value": "despawer_despawning"
                                }
                            ]
                        }
                    ]
                }
            },
			"minecraft:behavior.random_stroll": {
				"priority": 6,
				"interval": 1,
				"xz_dist": 60,
				"y_dist": 30
			},
            "minecraft:physics": {
				"has_gravity": false
			}
        },
        "events": {
			"minecraft:entity_spawned": {
                "run_command": {
					"command": [
					],
					"target": "self"
				},
				"add": {
                    "component_groups": ["not_reached"]
                }
            },
			"minecraft:start_despawn": {
                "add": {
                    "component_groups": ["despawning"]
                }
            },
			"bd:tail": {
                "add": {
                    "component_groups": ["tail"]
                }
            },
			"bd:reached": {
                "add": {
                    "component_groups": ["reached"]
                }
            },
			"bd:not_reached": {
                "add": {
                    "component_groups": ["not_reached"]
                }
            }
		}
    }
}