{
	"format_version" : "1.10.0",
	"minecraft:client_entity" : {
		"description" : {
			"identifier" : "srp:arachnida",
			"materials" : {
				"default" : "skeleton"
			},
			"textures" : {
				"default" : "textures/entity/arachnida"
			},
			"geometry" : {
				"default" : "geometry.arachnida"
			},
			"animations" : {
				"arachnida_move" : "animation.arachnida.move",
				"arachnida_static" : "animation.arachnida.static",
				"move" : "controller.animation.arachnida.move"
			},
			"scripts" : {
				"animate" : [ "move" ],
				"pre_animation" : [ "variable.attack=Math.sin(variable.attack_time*30.0);" ]
			},
			"render_controllers" : [ "controller.render.arachnida" ],
			"spawn_egg" : {
				"texture" : "egg_arachnida"
			}
		}
	}
}
