{
	"format_version" : "1.10.0",
	"minecraft:client_entity" : {
		"description" : {
			"identifier" : "srp:bomb",
			"materials" : {
				"default" : "skeleton"
			},
			"textures" : {
				"default" : "textures/entity/bomb"
			},
			"geometry" : {
				"default" : "geometry.bomb"
			},
			"animations" : {
				"beckon4_move" : "animation.bomb.move",
				"beckon4_static" : "animation.beckon1.static",
				"move" : "controller.animation.beckon1.move"
			},
			"scripts" : {
				"animate" : [ "move" ],
				"pre_animation" : [ "variable.attack=Math.sin(variable.attack_time*30.0);" ]
			},
			"render_controllers" : [ "controller.render.bomb" ],
			"spawn_egg" : {
				"texture" : "egg_beckon4"
			}
		}
	}
}
}
		}
	}
}
