{
  "format_version": "1.10.0",
  "minecraft:client_entity": {
    "description": {
      "identifier": "srp:infected_evoker",
      "materials": {
  	    "default": "skeleton"
	  },
      "textures": {
        "default": "textures/entity/infected_evoker"
      },
      "geometry": {
        "default": "geometry.infected_evoker"
      },
      "animations" : {
				"infected_evoker_move" : "animation.infected_evoker.move",
				"infected_evoker_static" : "animation.infected_evoker.static",
				"move" : "controller.animation.infected_evoker.move"
			},
			"scripts" : {
				"animate" : [ "move" ],
				"pre_animation" : [ "variable.attack=Math.sin(variable.attack_time*30.0);" ]
			},
      "spawn_egg": {
        "texture": "egg_infected_evoker"
      },
      "render_controllers": [ "controller.render.infected_evoker" ]
    }
  }
}er.infected_vindicater" ]
    }
  }
}