{
	"format_version" : "1.10.0",
	"minecraft:client_entity" : {
		"description" : {
			"identifier" : "srp:long_arm2",
			"materials" : {
				"default" : "skeleton"
			},
			"textures" : {
				"default" : "textures/entity/long_arm2"
			},
			"geometry" : {
				"default" : "geometry.long_arm2"
			},
			"animations" : {
				"long_arm_move" : "animation.long_arm.move",
				"long_arm_static" : "animation.long_arm.static",
				"move" : "controller.animation.long_arm.move"
			},
			"scripts" : {
				"animate" : [ "move" ],
				"pre_animation" : [ "variable.attack=Math.sin(variable.attack_time*30.0);" ]
			},
			"render_controllers" : [ "controller.render.long_arm2" ],
			"spawn_egg" : {
				"texture" : "egg_long_arm"
			}
		}
	}
}
