{
	"format_version" : "1.10.0",
	"minecraft:client_entity" : {
		"description" : {
			"identifier" : "srp:manducater",
			"materials" : {
				"default" : "skeleton"
			},
			"textures" : {
				"default" : "textures/entity/manducater"
			},
			"geometry" : {
				"default" : "geometry.manducater"
			},
			"animations" : {
				"manducater_move" : "animation.manducater.move",
				"manducater_static" : "animation.manducater.static",
				"move" : "controller.animation.manducater.move"
			},
			"scripts" : {
				"animate" : [ "move" ],
				"pre_animation" : [ "variable.attack=Math.sin(variable.attack_time*30.0);" ]
			},
			"render_controllers" : [ "controller.render.manducater" ],
			"spawn_egg" : {
				"texture" : "egg_manducater"
			}
		}
	}
}
