{
	"format_version" : "1.10.0",
	"minecraft:client_entity" : {
		"description" : {
			"identifier" : "srp:overlord2",
			"materials" : {
				"default" : "skeleton"
			},
			"textures" : {
				"default" : "textures/entity/overlord"
			},
			"geometry" : {
				"default" : "geometry.overlord2"
			},
			"animations" : {
				"overlord_move" : "animation.overlord.move",
				"overlord_static" : "animation.overlord.static",
				"move" : "controller.animation.overlord.move"
			},
			"scripts" : {
				"animate" : [ "move" ],
				"pre_animation" : [ "variable.attack=Math.sin(variable.attack_time*30.0);" ]
			},
			"render_controllers" : [ "controller.render.overlord2" ],
			"spawn_egg" : {
				"texture" : "egg_overlord"
			}
		}
	}
}
