{
	"format_version" : "1.10.0",
	"minecraft:client_entity" : {
		"description" : {
			"identifier" : "srp:puppet",
			"materials" : {
				"default" : "skeleton"
			},
			"textures" : {
				"default" : "textures/entity/puppet"
			},
			"geometry" : {
				"default" : "geometry.puppet"
			},
			"animations" : {
				"puppet_move" : "animation.puppet.move",
				"puppet_static" : "animation.puppet.static",
				"move" : "controller.animation.puppet.move"
			},
			"scripts" : {
				"animate" : [ "move" ],
				"pre_animation" : [ "variable.attack=Math.sin(variable.attack_time*30.0);" ]
			},
			"render_controllers" : [ "controller.render.puppet" ],
			"spawn_egg" : {
				"texture" : "egg_ghost_girl"
			}
		}
	}
}
