{
	"format_version" : "1.10.0",
	"minecraft:client_entity" : {
		"description" : {
			"identifier" : "srp:reeker",
			"materials" : {
				"default" : "skeleton"
			},
			"textures" : {
				"default" : "textures/entity/reeker"
			},
			"geometry" : {
				"default" : "geometry.reeker"
			},
			"animations" : {
				"reeker_move" : "animation.reeker.move",
				"reeker_static" : "animation.reeker.static",
				"move" : "controller.animation.reeker.move"
			},
			"scripts" : {
				"animate" : [ "move" ],
				"pre_animation" : [ "variable.attack=Math.sin(variable.attack_time*30.0);" ]
			},
			"render_controllers" : [ "controller.render.reeker" ],
			"spawn_egg" : {
				"texture" : "egg_reeker"
			}
		}
	}
}
