{
   "animations": {
      "animation.ambush_light": {
         "animation_length": 0.1,
         "loop": true,
         "timeline": {
            "0.0": [
               "/execute @s ~ ~ ~ fill ~ ~ ~ ~ ~ ~ light_block 15"
            ]
         }
      },
      "animation.ambushlight_off": {
         "animation_length": 0.6,
         "loop": true,
         "timeline": {
            "0.5": [
               "/execute @s ~-13 ~-4 ~-20 fill ~30 ~ ~30 ~ ~30 ~ air 0 replace light_block 15"
            ]
         }
      }
   },
   "format_version": "1.10.0"
}