{
  "format_version": "1.10.0",
  "minecraft:spawn_rules": {
    "description": {
      "identifier": "mr:police_vice_city",
      "population_control": "animal"
    },
    "conditions": [
      {
        "minecraft:spawns_underground": {},
        "minecraft:spawns_on_surface": {},
        "minecraft:brightness_filter": {
          "min": 0.0,
          "max": 15.0,
          "adjust_for_weather": false
        },
        "minecraft:weight": {
          "default": 18
        },
        "minecraft:herd": {
          "min_size": 1,
          "max_size": 1
        },
        "minecraft:density_limit": {
          "surface": 8,
          "underground": 8
        },
        "minecraft:biome_filter": [
          {
            "any_of": [
              {
                "test": "has_biome_tag",
                "operator": "==",
                "value": "overworld"
              },
              {
                "test": "has_biome_tag",
                "operator": "==",
                "value": "overworld_generation"
              },
              {
                "test": "has_biome_tag",
                "operator": "==",
                "value": "animal"
              },
              {
                "test": "has_biome_tag",
                "operator": "==",
                "value": "monster"
              },
              {
                "test": "has_biome_tag",
                "operator": "==",
                "value": "ocean"
              },
              {
                "test": "has_biome_tag",
                "operator": "==",
                "value": "legacy_frozen_ocean"
              },
              {
                "test": "has_biome_tag",
                "operator": "==",
                "value": "deep_ocean"
              },
              {
                "test": "has_biome_tag",
                "operator": "==",
                "value": "frozen_ocean"
              },
              {
                "test": "has_biome_tag",
                "operator": "==",
                "value": "deep_frozen_ocean"
              },
              {
                "test": "has_biome_tag",
                "operator": "==",
                "value": "cold_ocean"
              },
              {
                "test": "has_biome_tag",
                "operator": "==",
                "value": "deep_cold_ocean"
              },
              {
                "test": "has_biome_tag",
                "operator": "==",
                "value": "lukewarm_ocean"
              },
              {
                "test": "has_biome_tag",
                "operator": "==",
                "value": "deep_lukewarm_ocean"
              },
              {
                "test": "has_biome_tag",
                "operator": "==",
                "value": "warm_ocean"
              },
              {
                "test": "has_biome_tag",
                "operator": "==",
                "value": "deep_warm_ocean"
              },
              {
                "test": "has_biome_tag",
                "operator": "==",
                "value": "river"
              },
              {
                "test": "has_biome_tag",
                "operator": "==",
                "value": "frozen_river"
              },
              {
                "test": "has_biome_tag",
                "operator": "==",
                "value": "beach"
              },
              {
                "test": "has_biome_tag",
                "operator": "==",
                "value": "stone_beach"
              },
              {
                "test": "has_biome_tag",
                "operator": "==",
                "value": "cold_beach"
              },
              {
                "test": "has_biome_tag",
                "operator": "==",
                "value": "forest"
              },
              {
                "test": "has_biome_tag",
                "operator": "==",
                "value": "forest_hills"
              },
              {
                "test": "has_biome_tag",
                "operator": "==",
                "value": "birch_forest_hills"
              },
              {
                "test": "has_biome_tag",
                "operator": "==",
                "value": "roofed_forest_mutated"
              },
              {
                "test": "has_biome_tag",
                "operator": "==",
                "value": "jungle"
              }
            ]
          }
        ]
      },
      {
        "minecraft:spawns_underground": {},
        "minecraft:brightness_filter": {
          "min": 1,
          "max": 15,
          "adjust_for_weather": false
        },
        "minecraft:weight": {
          "default": 18
        },
        "minecraft:herd": {
          "min_size": 1,
          "max_size": 1
        },
        "minecraft:density_limit": {
          "surface": 8,
          "underground": 8
        },
        "minecraft:biome_filter": [
          {
            "any_of": [
              {
                "test": "has_biome_tag",
                "operator": "==",
                "value": "overworld"
              },
              {
                "test": "has_biome_tag",
                "operator": "==",
                "value": "overworld_generation"
              },
              {
                "test": "has_biome_tag",
                "operator": "==",
                "value": "animal"
              },
              {
                "test": "has_biome_tag",
                "operator": "==",
                "value": "monster"
              },
              {
                "test": "has_biome_tag",
                "operator": "==",
                "value": "ocean"
              },
              {
                "test": "has_biome_tag",
                "operator": "==",
                "value": "legacy_frozen_ocean"
              },
              {
                "test": "has_biome_tag",
                "operator": "==",
                "value": "deep_ocean"
              },
              {
                "test": "has_biome_tag",
                "operator": "==",
                "value": "frozen_ocean"
              },
              {
                "test": "has_biome_tag",
                "operator": "==",
                "value": "deep_frozen_ocean"
              },
              {
                "test": "has_biome_tag",
                "operator": "==",
                "value": "cold_ocean"
              },
              {
                "test": "has_biome_tag",
                "operator": "==",
                "value": "deep_cold_ocean"
              },
              {
                "test": "has_biome_tag",
                "operator": "==",
                "value": "lukewarm_ocean"
              },
              {
                "test": "has_biome_tag",
                "operator": "==",
                "value": "deep_lukewarm_ocean"
              },
              {
                "test": "has_biome_tag",
                "operator": "==",
                "value": "warm_ocean"
              },
              {
                "test": "has_biome_tag",
                "operator": "==",
                "value": "deep_warm_ocean"
              },
              {
                "test": "has_biome_tag",
                "operator": "==",
                "value": "river"
              },
              {
                "test": "has_biome_tag",
                "operator": "==",
                "value": "frozen_river"
              },
              {
                "test": "has_biome_tag",
                "operator": "==",
                "value": "beach"
              },
              {
                "test": "has_biome_tag",
                "operator": "==",
                "value": "stone_beach"
              },
              {
                "test": "has_biome_tag",
                "operator": "==",
                "value": "cold_beach"
              },
              {
                "test": "has_biome_tag",
                "operator": "==",
                "value": "forest"
              },
              {
                "test": "has_biome_tag",
                "operator": "==",
                "value": "forest_hills"
              },
              {
                "test": "has_biome_tag",
                "operator": "==",
                "value": "birch_forest_hills"
              },
              {
                "test": "has_biome_tag",
                "operator": "==",
                "value": "roofed_forest_mutated"
              },
              {
                "test": "has_biome_tag",
                "operator": "==",
                "value": "jungle"
              }
            ]
          }
        ]
      }
    ]
  }
}