{
  "format_version": "1.16.100",
  "minecraft:item": {
    "description": {
      "identifier": "armor:armor_parasite",
      "category": "Equipment"
    },
    "components": {
      "minecraft:icon": {
        "texture": "armor_armor_parasite"
      },
      "minecraft:creative_category": {
        "parent": "itemGroup.name.chestplate"
      },
      "minecraft:max_stack_size": 1,
      "minecraft:enchantable": {
        "value": 10,
        "slot": "armor_torso"
      },
      "minecraft:durability": {
        "max_durability": 355,
        "damage_chance": {
          "min": 60,
          "max": 100
        }
      },
      "minecraft:knockback_resistance": {
        "protection": 9.5
      },
      "minecraft:mining_speed": 5,
      "minecraft:foil": false,
      "minecraft:hand_equipped": true,
      "minecraft:wearable": {
        "slot": "slot.armor.chest"
      },
      "minecraft:render_offsets": "chestplates",
      "minecraft:repairable": {
        "repair_items": [
          {
            "items": [
              "minecraft:emerald",
              "armor:armor_parasite"
            ],
            "repair_amount": 10
          }
        ]
      },
      "minecraft:armor": {
        "protection": 60
      },
      "minecraft:display_name": {}
    }
  }
}