{
  "format_version": "1.16.100",
  "minecraft:item": {
    "description": {
      "identifier": "armor:boots",
      "category": "Equipment"
    },
    "components": {
      "minecraft:icon": {
        "texture": "armor_boots"
      },
      "minecraft:creative_category": {
        "parent": "itemGroup.name.boots"
      },
      "minecraft:max_stack_size": 1,
      "minecraft:enchantable": {
        "value": 10,
        "slot": "armor_feet"
      },
      "minecraft:durability": {
        "max_durability": 150,
        "damage_chance": {
          "min": 60,
          "max": 100
        }
      },
      "minecraft:knockback_resistance": {
        "protection": 6
      },
      "minecraft:mining_speed": 5,
      "minecraft:foil": false,
      "minecraft:hand_equipped": true,
      "minecraft:wearable": {
        "slot": "slot.armor.feet"
      },
      "minecraft:render_offsets": "boots",
      "minecraft:repairable": {
        "repair_items": [
          {
            "items": [
              "minecraft:emerald",
              "armor:boots"
            ],
            "repair_amount": 10
          }
        ]
      },
      "minecraft:armor": {
        "protection": 20
      },
      "minecraft:display_name": {}
    }
  }
}