{
	"format_version" : "1.10.0",
	"animation_controllers" : {
	"controller.animation.main": {
	  "initial_state": "allice",
	  "states": {
		"allice": {
		  "animations": [
			"stand"
		  ],
		  "blend_transition": 0.15,
		  "blend_via_shortest_path": true,
		  "transitions": [
			{
			  "walking": "query.is_moving && query.is_on_ground"
			},	
			{
				"sitting": "query.is_sitting || query.is_riding"
								}
		  ]
		},
		"walking": {
		  "animations": [
			"walk"
		  ],
		  "blend_transition": 0.15,
		  "blend_via_shortest_path": true,
		  "transitions": [
			{
			  "allice": "!(query.is_moving) && query.is_on_ground && query.ground_speed <= 0.2 || query.is_in_water"
			},
			{
				"sitting": "query.is_sitting || query.is_riding"
								}
		  ]
		},
		"sitting": {
		  "animations": [
			"sit"
		  ],
		  "blend_transition": 0.15,
		  "blend_via_shortest_path": true,
		  "transitions": [
			{
			  "allice": "!query.is_sitting && !query.is_riding"
			},
			{
			  "jumping": "!query.is_on_ground && !query.is_in_water"
			}
		  ]
		}
	  }
	}
  }
}