{
  "format_version":"1.16.100",
  "animation_controllers":{
    "controller.animation.kizaru":{
      "states":{
        "default":{
          "transitions":[
            {"k":"query.variant == 27000"},
            {"kurouzu":"query.variant == 270"},
            {"1":"!query.has_target && !query.is_in_water"}
          ]
        },
        "1":{
          "transitions":[
            {"default":"variable.time = (variable.time ?? 0);variable.time = variable.time < 100 ? variable.time + 1:0;return variable.time == 0;"},
            {"2":"query.has_target"}
          ],
          "on_entry":[
            "/tp @s @e[family=kaizoku,r=32,c=1] true"
          ]
        },
        "2":{
          "transitions":[
            {"default":"(1.0)"}
          ]
        },
        "kurouzu":{
          "transitions":[
            {"default":"query.variant == 0"}
          ]
        },
        "k":{}
      }
    }
  }
}