{
	"format_version": "1.10.0",
	"particle_effect": {
		"description": {
			"identifier": "stk:explo",
			"basic_render_parameters": {
				"material": "particles_blend",
				"texture": "textures/particle/dust"
			}
		},
		"components": {
			"minecraft:emitter_rate_instant": {
				"num_particles": 100
			},
			"minecraft:emitter_lifetime_looping": {
				"active_time": 1
			},
			"minecraft:emitter_shape_disc": {
				"radius": 5,
				"direction": "outwards"
			},
			"minecraft:particle_lifetime_expression": {
				"max_lifetime": 1
			},
			"minecraft:particle_initial_speed": 5,
			"minecraft:particle_motion_dynamic": {},
			"minecraft:particle_appearance_billboard": {
				"size": [0.7, 0.7],
				"facing_camera_mode": "rotate_xyz",
				"uv": {
					"texture_width": 256,
					"texture_height": 256,
					"uv": [0, 0],
					"uv_size": [256, 256]
				}
			},
			"minecraft:particle_appearance_tinting": {
				"color": [0.92157, 0.92157, 0.92157, 1]
			}
		}
	}
}