{
	"format_version": "1.10.0",
	"particle_effect": {
		"description": {
			"identifier": "stk:goro2",
			"basic_render_parameters": {
				"material": "particles_alpha",
				"texture": "textures/particle/goro"
			}
		},
		"components": {
			"minecraft:emitter_rate_steady": {
				"spawn_rate": 250,
				"max_particles": 100
			},
			"minecraft:emitter_lifetime_looping": {
				"active_time": 1
			},
			"minecraft:emitter_shape_point": {},
			"minecraft:particle_lifetime_expression": {
				"max_lifetime": 1
			},
			"minecraft:particle_initial_speed": 10,
			"minecraft:particle_motion_dynamic": {},
			"minecraft:particle_appearance_billboard": {
				"size": [0.2, 0.2],
				"facing_camera_mode": "rotate_xyz",
				"uv": {
					"texture_width": 16,
					"texture_height": 100,
					"flipbook": {
						"base_UV": [0, 0],
						"size_UV": [16, 16],
						"step_UV": [0, 16],
						"max_frame": 6,
						"stretch_to_lifetime": true
					}
				}
			},
			"minecraft:particle_appearance_tinting": {
				"color": {
					"interpolant": "v.particle_age / v.particle_lifetime",
					"gradient": {
						"0.0": "#FF2280FF",
						"0.67": "#FFC0F9FF"
					}
				}
			}
		}
	}
}