{
	"format_version": "1.10.0",
	"particle_effect": {
		"description": {
			"identifier": "stk:rei_explo",
			"basic_render_parameters": {
				"material": "particles_alpha",
				"texture": "textures/particle/ball"
			}
		},
		"components": {
			"minecraft:emitter_rate_steady": {
				"spawn_rate": 250,
				"max_particles": 1000
			},
			"minecraft:emitter_lifetime_looping": {
				"active_time": 1
			},
			"minecraft:emitter_shape_sphere": {
				"radius": 10,
				"direction": "outwards"
			},
			"minecraft:particle_lifetime_expression": {
				"max_lifetime": 1
			},
			"minecraft:particle_initial_speed": 10,
			"minecraft:particle_motion_dynamic": {},
			"minecraft:particle_appearance_billboard": {
				"size": [0.4, 0.4],
				"facing_camera_mode": "rotate_xyz",
				"uv": {
					"texture_width": 16,
					"texture_height": 100,
					"flipbook": {
						"base_UV": [0, 0],
						"size_UV": [0, 16],
						"step_UV": [0, 16],
						"max_frame": 6,
						"stretch_to_lifetime": true
					}
				}
			},
			"minecraft:particle_appearance_tinting": {
				"color": {
					"interpolant": "v.particle_age / v.particle_lifetime",
					"gradient": {
						"0.0": "#FF000000",
						"0.3": "#FFFF2020"
					}
				}
			}
		}
	}
}