{
	"format_version": "1.8.0",
	"animations": {
		"animation.amongus.moving": {
			"loop": true,
			"animation_length": 0.58333,
			"bones": {
				"body": {
					"position": {
						"0.0": [0, 0, 0],
						"0.2917": [0, 3, 0],
						"0.5833": [0, 0, 0]
					}
				},
				"leftleg": {
					"rotation": {
						"0.0": [-15, 0, 0],
						"0.2917": [17.5, 0, 0],
						"0.5833": [-15, 0, 0]
					}
				},
				"rightleg": {
					"rotation": {
						"0.0": [15, 0, 0],
						"0.2917": [-17.5, 0, 0],
						"0.5833": [15, 0, 0]
					},
					"position": [0, 0, 0]
				}
			}
		}
	}
}