{
	"format_version": "1.8.0",
	"animations": {
		"animation.bonzo.falling": {
			"loop": true,
			"animation_length": 0.70833,
			"blend_weight": "1",
			"bones": {
				"leg1": {
					"rotation": {
						"0.0": [17.5, 0, 0],
						"0.3333": [-25.92276, 14.22854, 32.31002],
						"0.4167": [-25.92276, 14.22854, 32.31002],
						"0.7083": [17.5, 0, 0]
					}
				},
				"bonzo": {
					"rotation": [90, 0, 0],
					"position": [0, 14, 18]
				},
				"leg4": {
					"rotation": {
						"0.0": [15, 0, 0],
						"0.3333": [-24.78507, -12.31064, -24.78507],
						"0.4167": [-24.78507, -12.31064, -24.78507],
						"0.6667": [15, 0, 0]
					}
				}
			}
		},
		"animation.bonzo.general": {
			"loop": true,
			"blend_weight": "1",
			"bones": {
				"bonzo": {
					"rotation": [90, 0, 0],
					"position": [0, 14, 18]
				}
			}
		}
	}
}