{
	"format_version": "1.8.0",
	"animations": {
		"animation.grabpack.fp": {
			"loop": true,
			"blend_weight": "1",
			"bones": {
				"all": {
					"rotation": [0, -180, 0],
					"position": [0, 0, -9]
				},
				"blueboi": {
					"position": [2, 0, -10]
				},
				"redboi": {
					"position": [-2, 0, -9]
				}
			}
		},
		"animation.grabpack.throw": {
			"animation_length": 10000,
			"blend_weight": "1",
			"bones": {
				"main_hand": {
					"scale": {
						"0.0": [1, 1, 1],
						"0.2083": [0, -0.1, -0.1]
					}
				},
				"main_hand2": {
					"position": [0, 0, 0]
				}
			}
		}
	}
}