{
	"format_version": "1.8.0",
	"animations": {
		"animation.huggy_wuggy.jumpscare": {
			"animation_length": 1.1667,
			"blend_weight": "1",
			"bones": {
				"all": {
					"position": [0, -1, 0]
				},
				"leftLeg2": {
					"rotation": [-10, 0, 0]
				},
				"leftLeg3": {
					"rotation": [9.34175, -1.08467, 3.31603]
				},
				"leftLeg4": {
					"rotation": [10.90845, 0.58219, -5.19336]
				},
				"leftLeg12": {
					"rotation": [7.5, 0, 0]
				},
				"leftLeg13": {
					"rotation": [-12.5, 0, 0]
				},
				"leftLeg14": {
					"rotation": [-7.5, 0, 0]
				},
				"head": {
					"rotation": {
						"0.0": [40, 0, 0],
						"0.5": [25.39, 0, 0],
						"0.5417": [25.21, 0, 0],
						"0.8333": [37.71, 0, 0],
						"1.0": [105, 0, 0]
					},
					"position": {
						"0.0": [0, -1, -2],
						"0.5417": [0, 1.92, -2],
						"0.8333": [0, 1.92, -2],
						"1.0": [0, -3, -2]
					}
				},
				"arm8": {
					"rotation": [-44.54271, -2.29667, 19.30231]
				},
				"arm9": {
					"rotation": [0, 0, -7.5]
				},
				"arm10": {
					"rotation": [0, 0, -15]
				},
				"arm11": {
					"rotation": [0, 0, -27.5]
				},
				"arm12": {
					"rotation": [0, 0, -15]
				},
				"arm13": {
					"rotation": [0, 0, -12.5]
				},
				"arm": {
					"rotation": [-37.5, 0, -17.5]
				},
				"arm2": {
					"rotation": [0, 0, 7.5]
				},
				"arm3": {
					"rotation": [0, 0, 12.5]
				},
				"arm4": {
					"rotation": [0, 0, 15]
				},
				"arm5": {
					"rotation": [0, 0, 20]
				},
				"arm6": {
					"rotation": [0, 0, 35]
				},
				"smile": {
					"scale": 0
				},
				"mouth": {
					"position": [0, 0, -0.9],
					"scale": {
						"0.0": [1, 1, 1],
						"0.4583": [1.1, 1.1, 1.1],
						"1.1667": [1, 1, 1]
					}
				},
				"leftLeg5": {
					"rotation": [-10, 0, 0]
				},
				"leftLeg6": {
					"rotation": [10, 0, 0]
				},
				"leftLeg7": {
					"rotation": [10, 0, 0]
				},
				"leftLeg8": {
					"rotation": [5, 0, 0]
				},
				"leftLeg9": {
					"rotation": [-12.5, 0, 0]
				},
				"leftLeg10": {
					"rotation": [-2.5, 0, 0]
				}
			}
		},
		"animation.huggy_wuggy.running": {
			"loop": true,
			"animation_length": 0.6667,
			"blend_weight": "1",
			"bones": {
				"all": {
					"position": {
						"0.0": [0, -6, 0],
						"0.0833": [0, -1, 0],
						"0.1667": [0, -3, 0],
						"0.25": [0, -9, 0],
						"0.4167": [0, -0.67, 0],
						"0.5": [0, -4, 0],
						"0.5833": [0, -5, 0],
						"0.6667": [0, -6, 0]
					}
				},
				"leftLeg2": {
					"rotation": {
						"0.0": [-57.5, 0, 0],
						"0.25": [12.5, 0, 0],
						"0.3333": [12.5, 0, 0],
						"0.5417": [-77.5, 0, 0],
						"0.6667": [-57.5, 0, 0]
					}
				},
				"leftLeg3": {
					"rotation": {
						"0.0": [12.5, 0, 0],
						"0.25": [27.5, 0, 0],
						"0.3333": [27.5, 0, 0],
						"0.5833": [-3.75, 0, 0],
						"0.6667": [12.5, 0, 0]
					}
				},
				"leftLeg4": {
					"rotation": {
						"0.0": [10, 0, 0],
						"0.25": [22.5, 0, 0],
						"0.3333": [22.5, 0, 0],
						"0.5833": [50.63, 0, 0],
						"0.6667": [10, 0, 0]
					}
				},
				"leftLeg12": {
					"rotation": {
						"0.0": [15, 0, 0],
						"0.25": [30, 0, 0],
						"0.3333": [30, 0, 0],
						"0.5833": [13.75, 0, 0],
						"0.6667": [15, 0, 0]
					}
				},
				"leftLeg13": {
					"rotation": {
						"0.0": [12.5, 0, 0],
						"0.25": [22.5, 0, 0],
						"0.3333": [22.5, 0, 0],
						"0.5833": [2.5, 0, 0],
						"0.6667": [12.5, 0, 0]
					}
				},
				"leftLeg14": {
					"rotation": {
						"0.0": [2.5, 0, 0],
						"0.25": [10, 0, 0],
						"0.3333": [10, 0, 0],
						"0.6667": [2.5, 0, 0]
					}
				},
				"body": {
					"rotation": {
						"0.0": [0, -7.5, 5],
						"0.25": [0, 10, 5],
						"0.3333": [0, 10, 5],
						"0.6667": [0, -7.5, 5]
					}
				},
				"body2": {
					"rotation": {
						"0.0": [0, -2.5, 0],
						"0.25": [0, 2.5, 0],
						"0.3333": [0, 2.5, 0],
						"0.6667": [0, -2.5, 0]
					}
				},
				"head": {
					"rotation": {
						"0.0": [-0.6574, 7.4713, -7.54292],
						"0.25": [-1.31845, -9.91358, 5.11435],
						"0.3333": [-1.3378, -14.94159, 2.67544],
						"0.6667": [-0.6574, 7.4713, -7.54292]
					}
				},
				"tie": {
					"rotation": {
						"0.0": [0.10189, -2.14903, -4.51563],
						"0.25": [-0.19, -1.14, 6.69],
						"0.3333": [-0.28623, -0.81005, 10.42984],
						"0.6667": [0.10189, -2.14903, -4.51563]
					}
				},
				"arm8": {
					"rotation": {
						"0.0": [-12.61435, -9.91358, 1.31845],
						"0.0417": [13.84914, -11.90209, 0.67542],
						"0.25": [71.16657, -21.84464, -2.53975],
						"0.3333": [71.16657, -21.84464, -2.53975],
						"0.6667": [-12.61435, -9.91358, 1.31845]
					}
				},
				"arm9": {
					"rotation": {
						"0.0": [-12.5, 0, 0],
						"0.25": [-20, 0, 0],
						"0.3333": [-20, 0, 0],
						"0.6667": [-12.5, 0, 0]
					}
				},
				"arm10": {
					"rotation": {
						"0.0": [-12.5, 0, 0],
						"0.25": [-22.5, 0, 0],
						"0.3333": [-22.5, 0, 0],
						"0.6667": [-12.5, 0, 0]
					}
				},
				"arm11": {
					"rotation": {
						"0.0": [-15, 0, 0],
						"0.25": [-30, 0, 0],
						"0.3333": [-30, 0, 0],
						"0.6667": [-15, 0, 0]
					}
				},
				"arm12": {
					"rotation": {
						"0.0": [-12.5, 0, 0],
						"0.25": [-30, 0, 0],
						"0.3333": [-30, 0, 0],
						"0.6667": [-12.5, 0, 0]
					}
				},
				"arm13": {
					"rotation": {
						"0.0": [-15, 0, 0],
						"0.25": [-32.5, 0, 0],
						"0.3333": [-32.5, 0, 0],
						"0.6667": [-15, 0, 0]
					}
				},
				"hand2": {
					"rotation": {
						"0.0": [0, 90, 0],
						"0.6667": [0, 90, 0]
					},
					"position": {
						"0.0": [3, 0, -2],
						"0.6667": [3, 0, -2]
					}
				},
				"arm": {
					"rotation": {
						"0.0": [82.4324, -0.59707, -6.19146],
						"0.0417": [96.60024, 0.23551, -6.15603],
						"0.25": [2.43946, 4.39842, -5.97889],
						"0.3333": [2.43946, 4.39842, -5.97889],
						"0.6667": [82.4324, -0.59707, -6.19146]
					}
				},
				"arm2": {
					"rotation": {
						"0.0": [-25, 0, 0],
						"0.25": [-17.5, 0, 0],
						"0.3333": [-17.5, 0, 0],
						"0.6667": [-25, 0, 0]
					}
				},
				"arm3": {
					"rotation": {
						"0.0": [-20, 0, 0],
						"0.6667": [-20, 0, 0]
					}
				},
				"arm4": {
					"rotation": {
						"0.0": [-20, 0, 0],
						"0.25": [-17.5, 0, 0],
						"0.3333": [-17.5, 0, 0],
						"0.6667": [-20, 0, 0]
					}
				},
				"arm5": {
					"rotation": {
						"0.0": [-15, 0, 0],
						"0.25": [-12.5, 0, 0],
						"0.3333": [-12.5, 0, 0],
						"0.6667": [-15, 0, 0]
					}
				},
				"arm6": {
					"rotation": {
						"0.0": [-22.5, 0, 0],
						"0.25": [-17.5, 0, 0],
						"0.3333": [-17.5, 0, 0],
						"0.6667": [-22.5, 0, 0]
					}
				},
				"hand": {
					"rotation": {
						"0.0": [0, -90, 0],
						"0.6667": [0, -90, 0]
					},
					"position": {
						"0.0": [0, 0, -1],
						"0.6667": [0, 0, -1]
					}
				},
				"smile": {
					"position": [0, 0, 7]
				},
				"leftLeg5": {
					"rotation": {
						"0.0": [15, 0, 0],
						"0.25": [-77.5, 0, 0],
						"0.3333": [-51.5, 0, 0],
						"0.6667": [15, 0, 0]
					}
				},
				"leftLeg6": {
					"rotation": {
						"0.0": [12.5, 0, 0],
						"0.25": [0, 0, 0],
						"0.3333": [20, 0, 0],
						"0.6667": [12.5, 0, 0]
					}
				},
				"leftLeg7": {
					"rotation": {
						"0.0": [20, 0, 0],
						"0.25": [70, 0, 0],
						"0.3333": [20, 0, 0],
						"0.6667": [20, 0, 0]
					}
				},
				"leftLeg8": {
					"rotation": {
						"0.0": [22.5, 0, 0],
						"0.25": [5, 0, 0],
						"0.6667": [22.5, 0, 0]
					}
				},
				"leftLeg9": {
					"rotation": {
						"0.0": [15, 0, 0],
						"0.25": [-5, 0, 0],
						"0.6667": [15, 0, 0]
					}
				},
				"leftLeg10": {
					"rotation": {
						"0.0": [15, 0, 0],
						"0.25": [5, 0, 0],
						"0.6667": [15, 0, 0]
					}
				},
				"leftLeg11": {
					"rotation": {
						"0.0": [15, 0, 0],
						"0.25": [0, 0, 0],
						"0.6667": [15, 0, 0]
					}
				},
				"foot3": {
					"rotation": [-7.5, 0, 0]
				}
			}
		},
		"animation.huggy_wuggy.crawling": {
			"loop": true,
			"animation_length": 0.5,
			"bones": {
				"leftLeg2": {
					"rotation": {
						"0.0": [0, 0, 0],
						"0.25": [-25, 0, 0],
						"0.5": [0, 0, 0]
					},
					"position": {
						"0.0": [0, 0, 0],
						"0.25": [0, -1, 3],
						"0.5": [0, 0, 0]
					}
				},
				"leftLeg3": {
					"rotation": {
						"0.0": [0, 0, 0],
						"0.25": [-10, 0, 0],
						"0.5": [0, 0, 0]
					}
				},
				"leftLeg4": {
					"rotation": {
						"0.0": [0, 0, 0],
						"0.25": [-60, 0, 0],
						"0.5": [0, 0, 0]
					}
				},
				"leftLeg12": {
					"rotation": {
						"0.0": [0, 0, 0],
						"0.25": [-17.5, 0, 0],
						"0.5": [0, 0, 0]
					}
				},
				"leftLeg13": {
					"rotation": {
						"0.0": [0, 0, 0],
						"0.0833": [30.83, 0, 0],
						"0.1667": [-85.84, 0, 0],
						"0.25": [-27.5, 0, 0],
						"0.3333": [64.17, 0, 0],
						"0.5": [0, 0, 0]
					}
				},
				"leftLeg14": {
					"rotation": {
						"0.0": [0, 0, 0],
						"0.25": [0, 0, -10],
						"0.5": [0, 0, 0]
					}
				},
				"arm8": {
					"rotation": {
						"0.0": [0, 0, 0],
						"0.25": [75, 0, 0],
						"0.5": [0, 0, 0]
					}
				},
				"arm9": {
					"rotation": {
						"0.0": [0, 0, 0],
						"0.5": [0, 0, 0]
					}
				},
				"arm10": {
					"rotation": {
						"0.0": [0, 0, 0],
						"0.5": [0, 0, 0]
					}
				},
				"arm11": {
					"rotation": {
						"0.0": [0, 0, 0],
						"0.25": [-22.5, 0, 0],
						"0.5": [0, 0, 0]
					}
				},
				"arm12": {
					"rotation": {
						"0.0": [0, 0, 0],
						"0.25": [-25, 0, 0],
						"0.5": [0, 0, 0]
					}
				},
				"arm14": {
					"rotation": [0, 0, 0]
				},
				"hand2": {
					"rotation": [0, 0, 0]
				},
				"arm": {
					"rotation": {
						"0.0": [0, 0, 0],
						"0.25": [-97.5, 0, 0],
						"0.5": [0, 0, 0]
					}
				},
				"arm2": {
					"rotation": {
						"0.0": [0, 0, 0],
						"0.5": [0, 0, 0]
					}
				},
				"arm3": {
					"rotation": {
						"0.0": [0, 0, 0],
						"0.5": [0, 0, 0]
					}
				},
				"arm4": {
					"rotation": {
						"0.0": [0, 0, 0],
						"0.25": [45, 0, 0],
						"0.5": [0, 0, 0]
					}
				},
				"arm5": {
					"rotation": {
						"0.0": [0, 0, 0],
						"0.25": [35, 0, 0],
						"0.5": [0, 0, 0]
					}
				},
				"arm6": {
					"rotation": {
						"0.0": [0, 0, 0],
						"0.5": [0, 0, 0]
					}
				},
				"arm7": {
					"rotation": [0, 0, 0]
				},
				"hand": {
					"rotation": {
						"0.0": [0, 0, 0],
						"0.5": [0, 0, 0]
					}
				},
				"bone": {
					"scale": [0.7, 0.7, 1]
				},
				"bone2": {
					"scale": [0.7, 0.7, 1]
				},
				"smile": {
					"position": [0, 4, 7]
				},
				"leftLeg5": {
					"rotation": {
						"0.0": [5, 0, 0],
						"0.0833": [-72.5, 0, 0],
						"0.25": [20, 0, 0],
						"0.3333": [-26.67, 0, 0],
						"0.5": [0, 0, 0]
					},
					"position": {
						"0.0": [0, -2, 2],
						"0.0833": [0, -8.33, 2],
						"0.1667": [0, 1.83, 2],
						"0.25": [0, 0, 2],
						"0.3333": [0, 2.33, 2],
						"0.5": [0, -2, 2]
					}
				},
				"leftLeg6": {
					"rotation": {
						"0.0": [-47.5, 0, 0],
						"0.25": [20, 0, 0],
						"0.5": [0, 0, 0]
					}
				},
				"leftLeg7": {
					"rotation": {
						"0.0": [22.5, 0, 0],
						"0.25": [35, 0, 0],
						"0.5": [0, 0, 0]
					}
				},
				"leftLeg8": {
					"rotation": {
						"0.0": [15, 0, 0],
						"0.0833": [126.67, 0, 0],
						"0.25": [95, 0, 0],
						"0.3333": [123.33, 0, 0],
						"0.5": [0, 0, 0]
					}
				},
				"leftLeg9": {
					"rotation": {
						"0.0": [37.5, 0, 0],
						"0.25": [45, 0, 0],
						"0.4167": [-82.5, 0, 0],
						"0.5": [0, 0, 0]
					}
				},
				"leftLeg10": {
					"rotation": {
						"0.0": [0, 0, 0],
						"0.25": [-47.72217, 0.49973, -2.46646],
						"0.4167": [-675.90739, 0.16658, -0.82215],
						"0.5": [0, 0, 0]
					}
				},
				"leftLeg11": {
					"rotation": {
						"0.0": [-50, 0, 0],
						"0.25": [-57.5, 0, 0],
						"0.5": [0, 0, 0]
					}
				},
				"foot3": {
					"rotation": {
						"0.0": [92.5, 0, 0],
						"0.25": [-32.5, 0, 0],
						"0.3333": [-10.83, 0, 0],
						"0.5": [92.5, 0, 0]
					},
					"position": {
						"0.0": [0, 0, -2],
						"0.25": [0, 0, 0],
						"0.5": [0, 0, -2]
					}
				}
			}
		},
		"animation.huggy_wuggy.attack": {
			"animation_length": 1.1667,
			"bones": {
				"body": {
					"rotation": {
						"0.0": [-5.04292, 7.4713, -0.6574],
						"0.2083": [14.99526, -2.49048, 0.21803],
						"0.7917": [2.49526, -2.49048, 0.21803]
					}
				},
				"arm8": {
					"rotation": {
						"0.0": [30, 0, 122.5],
						"0.2083": [-117.88614, -29.96852, 123.94261],
						"0.4167": [-98.80015, -48.69998, 134.49296],
						"0.7917": [-130.44537, -82.4166, 153.48358],
						"1.0": [-59.78631, -88.11602, 65.13594],
						"1.1667": [-62.28631, -88.11602, 65.13594]
					},
					"position": {
						"0.0": [4, -3, 0],
						"0.2083": [1, -1, -1],
						"0.4167": [1, -1, -1],
						"1.0": [0, 0, -2],
						"1.1667": [0, 0, 0]
					}
				},
				"arm9": {
					"rotation": {
						"0.0": [0, 0, 0],
						"0.2083": [-10, 0, 0],
						"1.0": [0, 0, 0]
					}
				},
				"arm10": {
					"rotation": {
						"0.0": [10, 0, 0],
						"0.2083": [-22.5, 0, 0],
						"0.625": [-2.14, 0, 0],
						"0.7917": [-15, 0, 0],
						"1.0": [0, 0, 0]
					}
				},
				"arm11": {
					"rotation": {
						"0.0": [12.5, 0, 0],
						"0.2083": [-17.5, 0, 0],
						"0.625": [13.21, 0, 0],
						"0.7917": [-2.5, 0, 0],
						"1.0": [0, 0, 0]
					}
				},
				"arm12": {
					"rotation": {
						"0.0": [15, 0, 0],
						"0.2083": [-27.5, 0, 0],
						"0.4167": [-40, 0, 0],
						"0.5417": [-30, 0, 0],
						"0.625": [22.5, 0, 0],
						"0.7917": [-2.16992, -2.16192, 1.54955],
						"1.0": [0, 0, 0]
					}
				},
				"arm13": {
					"rotation": {
						"0.0": [12.5, 0, 0],
						"0.2083": [-15, 0, 0],
						"0.4167": [-32.5, 0, 0],
						"0.5417": [-20, 0, 0],
						"0.6667": [22.54497, 0.44857, 0.17677],
						"0.7917": [-9.90337, 0.89738, 0.35363],
						"1.0": [0, 0, 0]
					}
				},
				"arm14": {
					"rotation": {
						"0.0": [15, 0, 0],
						"0.2083": [-13.75, 0, 0],
						"0.4167": [-2.5, 0, 0]
					}
				},
				"arm": {
					"rotation": {
						"0.0": [5.36447, -7.24452, -3.16777],
						"1.0": [-1.82948, 0.49548, -5.58736]
					},
					"position": [-1, 0, 0]
				},
				"arm2": {
					"rotation": {
						"0.0": [0, 0, 0],
						"0.2083": [2.5, 0, 2.5],
						"1.0": [0, 0, 0]
					}
				},
				"arm5": {
					"rotation": {
						"0.0": [0, 0, 0],
						"0.2083": [7.5, 0, 2.5],
						"1.0": [0, 0, 0]
					}
				},
				"arm6": {
					"rotation": {
						"0.0": [0, 0, 0],
						"0.2083": [5, 0, 0],
						"1.0": [0, 0, 0]
					}
				},
				"head": {
					"rotation": {
						"0.0": [15, -7.5, 0],
						"0.7917": [4.96171, 2.46243, 0.86797]
					}
				},
				"pupil": {
					"scale": 1
				},
				"arm3": {
					"rotation": {
						"0.0": [0, 0, 0],
						"0.2083": [5, 0, 0],
						"1.0": [0, 0, 0]
					}
				},
				"arm4": {
					"rotation": {
						"0.0": [0, 0, 0],
						"0.2083": [10, 0, 0],
						"1.0": [0, 0, 0]
					}
				},
				"hand": {
					"rotation": [0, 92.5, 0],
					"position": [1, 0, 1]
				},
				"bone": {
					"scale": [0.7, 0.7, 1]
				},
				"bone2": {
					"scale": [0.7, 0.7, 1]
				},
				"smile": {
					"position": [0, 0, 7]
				},
				"mouth": {
					"position": [0, 0, -0.1],
					"scale": {
						"0.0": [0.8, 0.8, 0.8],
						"0.5": [0.9, 0.9, 0.9]
					}
				}
			}
		},
		"animation.huggy_wuggy.moving": {
			"loop": true,
			"animation_length": 1.08333,
			"blend_weight": "1",
			"bones": {
				"arm": {
					"rotation": {
						"0.0": [0, 0, 0],
						"0.0833": [5, 0, 0],
						"0.5417": [4.99527, 0.21782, -2.4905],
						"1.0": [5, 0, 0],
						"1.0833": [0, 0, 0]
					}
				},
				"arm2": {
					"rotation": {
						"0.0": [0, 0, 2.5],
						"0.125": [0, 0, 2.5],
						"0.5833": [0, 0, -2.5],
						"1.0417": [0, 0, 2.5]
					}
				},
				"arm3": {
					"rotation": {
						"0.0": [0, 0, 5],
						"0.5833": [0, 0, -7.5],
						"1.0417": [0, 0, 5]
					}
				},
				"arm4": {
					"rotation": {
						"0.0": [0, 0, 2.5],
						"0.125": [0, 0, 2.5],
						"0.5833": [0, 0, -7.5],
						"1.0417": [0, 0, 2.5]
					}
				},
				"arm5": {
					"rotation": {
						"0.0": [0, 0, 2.5],
						"0.125": [0, 0, 2.5],
						"0.5833": [0, 0, -7.5],
						"1.0417": [0, 0, 2.5]
					},
					"scale": 1
				},
				"arm6": {
					"rotation": {
						"0.0": [0, 0, 7.5],
						"0.125": [0, 0, 7.5],
						"0.5833": [0, 0, 0],
						"1.0417": [0, 0, 7.5]
					}
				},
				"arm8": {
					"rotation": {
						"0.0": [2.49294, -0.32621, 2.47864],
						"0.0833": [7.49294, -0.32621, 2.47864],
						"0.5417": [7.47178, 0.65182, -4.95744],
						"1.0": [7.49294, -0.32621, 2.47864],
						"1.0833": [2.49294, -0.32621, 2.47864]
					}
				},
				"arm9": {
					"rotation": {
						"0.0": [0, 0, 2.5],
						"0.125": [0, 0, 2.5],
						"0.5833": [0, 0, -5],
						"1.0417": [0, 0, 2.5]
					}
				},
				"arm10": {
					"rotation": {
						"0.0": [0, 0, 2.5],
						"0.5833": [0, 0, 0],
						"1.0417": [0, 0, 2.5]
					}
				},
				"arm11": {
					"rotation": {
						"0.0": [0, 0, 5],
						"0.125": [0, 0, 5],
						"0.5833": [0, 0, 0],
						"1.0417": [0, 0, 5]
					}
				},
				"arm12": {
					"rotation": {
						"0.0": [0, 0, 5],
						"0.125": [0, 0, 5],
						"0.5833": [0, 0, -2.5],
						"1.0417": [0, 0, 5]
					}
				},
				"arm13": {
					"rotation": {
						"0.0": [0, 0, 2.5],
						"0.125": [0, 0, 2.5],
						"0.5833": [0, 0, -10],
						"1.0417": [0, 0, 2.5]
					}
				},
				"leftLeg2": {
					"rotation": {
						"0.0": [-47.5, 0, 0],
						"0.5833": [12.5, 0, 0],
						"0.7917": [-72.27, 0, 0],
						"1.0417": [-47.5, 0, 0]
					}
				},
				"leftLeg3": {
					"rotation": {
						"0.0": [12.5, 0, 0],
						"0.7917": [-4.55, 0, 0],
						"1.0417": [12.5, 0, 0]
					}
				},
				"leftLeg4": {
					"rotation": {
						"0.0": [17.5, 0, 0],
						"0.5833": [30, 0, 0],
						"0.6667": [40.73, 0, 0],
						"0.7083": [69.42, 0, 0],
						"0.7917": [81.82, 0, 0],
						"1.0417": [17.5, 0, 0]
					}
				},
				"body": {
					"rotation": {
						"0.0": [-3.0164, 0.61144, 2.33718],
						"0.5417": [-3.05816, 0.34634, -2.65597],
						"1.0": [-2.5, 0, 2.5]
					}
				},
				"bone": {
					"scale": [0.7, 0.7, 1]
				},
				"bone2": {
					"scale": [0.7, 0.7, 1]
				},
				"all": {
					"position": {
						"0.0": [0, -3, 4],
						"0.0833": [0, -1.78, 4],
						"0.3333": [0, -3.69, 4],
						"0.4167": [0, -8.33, 4],
						"0.625": [0, -5.55, 4],
						"0.7917": [0, -4.13, 4],
						"0.8333": [0, -1.27, 4],
						"1.0417": [0, -3, 4]
					}
				},
				"leftLeg12": {
					"rotation": {
						"0.0": [7.5, 0, 0],
						"0.5833": [20, 0, 0],
						"0.6667": [29.23, 0, 0],
						"0.7083": [41.77, 0, 0],
						"0.7917": [-0.68, 0, 0],
						"1.0417": [7.5, 0, 0]
					}
				},
				"leftLeg13": {
					"rotation": {
						"0.0": [5, 0, 0],
						"0.5833": [12.5, 0, 0],
						"0.6667": [23.63, 0, 0],
						"0.7917": [-3.41, 0, 0],
						"1.0417": [5, 0, 0]
					}
				},
				"leftLeg14": {
					"rotation": {
						"0.0": [5, 0, 0],
						"0.5833": [12.5, 0, 0],
						"0.6667": [41.13, 0, 0],
						"0.7917": [-3.41, 0, 0],
						"1.0417": [5, 0, 0]
					}
				},
				"tie": {
					"rotation": [0, 0, -2.5]
				},
				"smile": {
					"scale": [0, 1, 1]
				},
				"foot2": {
					"rotation": {
						"0.0": [0, 0, 0],
						"0.1667": [-43.2, 0, 0],
						"0.2917": [-53.1, 0, 0],
						"0.5833": [23.79, 0, 0],
						"0.7917": [10.12, 0, 0],
						"0.875": [-33.85, 0, 0],
						"1.0417": [0, 0, 0]
					}
				},
				"leftLeg5": {
					"rotation": {
						"0.0": [20, 0, 0],
						"0.5833": [-92.5, 0, 0],
						"0.7917": [-45.68, 0, 0],
						"1.0417": [20, 0, 0]
					}
				},
				"leftLeg6": {
					"rotation": {
						"0.0": [20, 0, 0],
						"0.5833": [5, 0, 0],
						"0.6667": [10.23, 0, 0],
						"0.7917": [25.99, 0, 0],
						"1.0417": [20, 0, 0]
					}
				},
				"leftLeg7": {
					"rotation": {
						"0.0": [12.5, 0, 0],
						"0.5833": [77.5, 0, 0],
						"0.6667": [25.8487, -2.73607, -1.72592],
						"0.7917": [-3.59968, -1.82429, -1.15077],
						"1.0417": [12.5, 0, 0]
					}
				},
				"leftLeg8": {
					"rotation": {
						"0.0": [17.5, 0, 0],
						"0.125": [59.58, 0, 0],
						"0.5833": [0, 0, 0],
						"0.6667": [-0.90217, 3.91591, 1.78339],
						"0.7917": [-2.26975, 2.61095, 1.18909],
						"1.0417": [17.5, 0, 0]
					}
				},
				"leftLeg9": {
					"rotation": {
						"0.0": [20, 0, 0],
						"0.5833": [5, 0, 0],
						"0.6667": [7.73, 0, 0],
						"0.7917": [9.32, 0, 0],
						"1.0417": [20, 0, 0]
					}
				},
				"leftLeg10": {
					"rotation": {
						"0.0": [20, 0, 0],
						"0.5833": [-2.5, 0, 0],
						"0.6667": [4.09, 0, 0],
						"1.0417": [20, 0, 0]
					}
				},
				"leftLeg11": {
					"rotation": {
						"0.0": [27.5, 0, 0],
						"0.5833": [5, 0, 0],
						"1.0417": [27.5, 0, 0]
					}
				},
				"leftLeg15": {
					"rotation": {
						"0.0": [2.5, 0, 0],
						"0.6667": [17.5, 0, 0]
					}
				},
				"foot3": {
					"rotation": {
						"0.5833": [-17.5, 0, 0],
						"0.6667": [7.5, 0, 0],
						"0.7917": [-7.5, 0, 0],
						"0.875": [-32.5, 0, 0],
						"0.9583": [-10, 0, 0],
						"1.0": [7.5, 0, 0]
					}
				},
				"mouth": {
					"position": {
						"0.0": [0, 0, 0],
						"0.5": [0, 0, -0.1],
						"1.0833": [0, 0, 0]
					},
					"scale": {
						"0.0": [1, 1, 1],
						"0.5": [0.9, 0.9, 0.9],
						"1.0833": [1, 1, 1]
					}
				}
			}
		},
		"animation.huggy_wuggy_st.general": {
			"loop": true,
			"animation_length": 1.79167,
			"blend_weight": "1",
			"bones": {
				"leftLeg2": {
					"rotation": [0, 2.5, 0]
				},
				"head": {
					"rotation": [0, 0, -7.5]
				},
				"arm8": {
					"rotation": [0, 0, 72.5]
				},
				"arm11": {
					"rotation": [3.89703, -1.9404, 74.38811],
					"position": [2, 1, 0]
				},
				"arm": {
					"rotation": [0, 0, -2.5]
				},
				"mouth": {
					"scale": [0, 1, 1]
				},
				"smile": {
					"position": [0, 1, 0],
					"scale": 1.1
				},
				"arm10": {
					"rotation": [0, 0, 17.5]
				},
				"arm12": {
					"rotation": [0, 0, 7.5]
				},
				"arm13": {
					"rotation": [0, 0, 7.5]
				}
			}
		},
		"animation.huggy_wuggy.attack2": {
			"animation_length": 0.875,
			"blend_weight": "1",
			"bones": {
				"leftLeg2": {
					"rotation": [-5, 5, 0]
				},
				"leftLeg3": {
					"rotation": [2.5, 0, 0]
				},
				"leftLeg4": {
					"rotation": [2.5, 0, 0]
				},
				"leftLeg12": {
					"rotation": [2.5, 0, 0]
				},
				"leftLeg13": {
					"rotation": [2.5, 0, 0]
				},
				"leftLeg14": {
					"rotation": [-2.5, 0, 0]
				},
				"body": {
					"rotation": {
						"0.0": [-27.5, 0, 0],
						"0.2917": [75, 0, 0],
						"0.4167": [82.5, 0, 0],
						"0.5417": [-10, 0, 0],
						"0.7083": [5, 0, 0]
					}
				},
				"arm8": {
					"rotation": {
						"0.0": [25, 0, 15],
						"0.2917": [-50, 0, 15],
						"0.5417": [-2.43969, 0.03533, -0.54545],
						"0.7083": [0, 0, 0]
					}
				},
				"arm9": {
					"rotation": {
						"0.0": [2.5, 0, 0],
						"0.5417": [-5, 0, 0],
						"0.7083": [0, 0, 0]
					}
				},
				"arm10": {
					"rotation": {
						"0.0": [7.5, 0, 0],
						"0.2917": [-9.0164, -6.84554, -2.03231],
						"0.4167": [5.33372, -9.77934, -2.9033],
						"0.5417": [-5, 0, 0],
						"0.7083": [0, 0, 0]
					}
				},
				"arm11": {
					"rotation": {
						"0.0": [15, 0, 0],
						"0.2917": [-10.08, 0, 0],
						"0.4167": [10.96, 0, 0],
						"0.5417": [-2.5, 0, 0],
						"0.7083": [0, 0, 0]
					}
				},
				"arm12": {
					"rotation": {
						"0.0": [7.5, 0, 0],
						"0.2917": [-15.04612, 1.6931, -1.07473],
						"0.4167": [4.93412, 2.41871, -1.53533],
						"0.5417": [-5, 0, 0],
						"0.7083": [0, 0, 0]
					}
				},
				"arm13": {
					"rotation": {
						"0.0": [7.5, 0, 0],
						"0.2917": [-12.29, 0, 0],
						"0.4167": [21.73, 0, 0],
						"0.5417": [-2.5, 0, 0],
						"0.7083": [0, 0, 0]
					}
				},
				"arm": {
					"rotation": {
						"0.0": [19.98247, 0.85481, -9.84941],
						"0.2917": [-67.51753, 0.85481, -9.84941],
						"0.5417": [-10, 0, 0],
						"0.7083": [0, 0, 0]
					}
				},
				"arm2": {
					"rotation": {
						"0.0": [5, 0, 0],
						"0.5417": [-7.5, 0, 0],
						"0.7083": [0, 0, 0]
					}
				},
				"arm3": {
					"rotation": {
						"0.0": [7.5, 0, 0],
						"0.2917": [-1.85635, 4.27164, 1.28476],
						"0.4167": [11.99093, 6.10235, 1.83537],
						"0.5417": [-5, 0, 0],
						"0.7083": [0, 0, 0]
					}
				},
				"arm4": {
					"rotation": {
						"0.0": [5, 0, 0],
						"0.2917": [-8.02, 0, 0],
						"0.4167": [4.62, 0, 0],
						"0.5417": [-2.5, 0, 0],
						"0.7083": [0, 0, 0]
					}
				},
				"arm5": {
					"rotation": {
						"0.0": [7.5, 0, 0],
						"0.2917": [-17.48916, 0.6994, 1.03043],
						"0.4167": [1.8012, 0.99914, 1.47205],
						"0.5417": [-2.5, 0, 0],
						"0.7083": [0, 0, 0]
					}
				},
				"arm6": {
					"rotation": {
						"0.0": [10, 0, 0],
						"0.2917": [-5.19, 0, 0],
						"0.4167": [18.65, 0, 0],
						"0.5417": [-5, 0, 0],
						"0.7083": [0, 0, 0]
					}
				},
				"head": {
					"rotation": {
						"0.0": [-27.5, 0, 0],
						"0.2917": [25, 0, 0],
						"0.4167": [50, 0, 0],
						"0.5417": [-2.5, 0, 0],
						"0.7083": [-5, 0, 0]
					}
				},
				"bone": {
					"scale": [0.7, 0.7, 1]
				},
				"bone2": {
					"scale": [0.7, 0.7, 1]
				},
				"mouth": {
					"position": {
						"0.2917": [0, 0.5, 0],
						"0.5417": [0, 0, 0],
						"0.5833": [0, 0, -0.1]
					},
					"scale": {
						"0.0": [1, 1.1, 1],
						"0.2917": [1, 0.8, 1],
						"0.5417": [1, 1, 1]
					}
				},
				"smile": {
					"position": [0, 0, 7]
				}
			}
		},
		"animation.huggy_wuggy_d.general": {
			"loop": "hold_on_last_frame",
			"animation_length": 0.58333,
			"blend_weight": "1",
			"bones": {
				"all": {
					"rotation": {
						"0.0": [0, 0, 0],
						"0.4167": [92.5, 0, 0]
					},
					"position": {
						"0.0": [0, 0, 0],
						"0.2083": [0, -13, 12.5],
						"0.4167": [0, 6, 25]
					}
				},
				"leftLeg2": {
					"rotation": {
						"0.0": [-2.5, 0, 0],
						"0.4167": [-3.0651, -0.46825, 17.98317]
					}
				},
				"leftLeg3": {
					"rotation": {
						"0.0": [2.5, 0, 0],
						"0.4167": [2.41492, 0.64686, -14.98637]
					}
				},
				"leftLeg4": {
					"rotation": {
						"0.0": [0, 0, 0],
						"0.2083": [76.29197, 11.45745, -3.9986],
						"0.4167": [12.95864, 11.45745, -3.9986],
						"0.5833": [-6.20803, 11.45745, -3.9986]
					}
				},
				"leftLeg12": {
					"rotation": {
						"0.0": [2.5, 0, 0],
						"0.5833": [0, 0, -15]
					}
				},
				"leftLeg13": {
					"rotation": {
						"0.0": [-2.5, 0, 0],
						"0.2083": [-57.5, 0, 0],
						"0.5833": [0, 0, 22.5]
					}
				},
				"leftLeg14": {
					"rotation": {
						"0.0": [-2.5, 0, 0],
						"0.2083": [15, 0, 0],
						"0.5833": [7.5, 0, 0]
					}
				},
				"foot2": {
					"rotation": {
						"0.0": [0, 0, 0],
						"0.2083": [-77.5, 0, 0],
						"0.5833": [32.5, 0, 0]
					}
				},
				"body": {
					"rotation": {
						"0.0": [-5, 0, 0],
						"0.2083": [-37.5, 0, 0],
						"0.4167": [-2.5, 0, 0],
						"0.5": [-10, 0, 0],
						"0.5833": [-2.5, 0, 0]
					}
				},
				"arm8": {
					"rotation": {
						"0.0": [0, 0, 5],
						"0.5833": [0, 0, 30]
					}
				},
				"arm9": {
					"rotation": {
						"0.0": [0, 0, 12.5],
						"0.2083": [0, 0, -7.5],
						"0.5833": [0, 0, 12.5]
					}
				},
				"arm10": {
					"rotation": {
						"0.0": [0, 0, 7.5],
						"0.2083": [0, 0, -10.54],
						"0.5833": [0, 0, -15]
					}
				},
				"arm11": {
					"rotation": {
						"0.0": [0, 0, 10],
						"0.5833": [0, 0, -7.5]
					}
				},
				"arm12": {
					"rotation": {
						"0.0": [0, 0, 12.5],
						"0.5833": [0, 0, 22.5]
					}
				},
				"arm13": {
					"rotation": {
						"0.0": [0, 0, 17.5],
						"0.2083": [0, 0, 60]
					}
				},
				"arm": {
					"rotation": {
						"0.0": [0, 0, -2.5],
						"0.5833": [0, 0, -22.5]
					}
				},
				"arm2": {
					"rotation": {
						"0.0": [0, 0, -7.5],
						"0.2083": [0, 0, 2.5]
					}
				},
				"arm3": {
					"rotation": {
						"0.0": [0, 0, -2.5],
						"0.2083": [0, 0, 11.96],
						"0.5833": [0, 0, 10]
					}
				},
				"arm4": {
					"rotation": {
						"0.0": [0, 0, -5],
						"0.2083": [0, 0, -3.21],
						"0.5833": [0, 0, -35]
					}
				},
				"arm5": {
					"rotation": {
						"0.0": [0, 0, -10],
						"0.2083": [0, 0, -45]
					}
				},
				"arm6": {
					"rotation": {
						"0.0": [0, 0, -5],
						"0.2083": [0, 0, -57.86],
						"0.5833": [0, 0, 15]
					}
				},
				"head": {
					"rotation": {
						"0.0": [-7.5, 0, 0],
						"0.4167": [-21.14388, 29.7174, -4.30963]
					}
				},
				"eye": {
					"rotation": [-7.5, 0, 0]
				},
				"smile": {
					"position": [0, 0, 5],
					"scale": [0, 0.9, 1]
				},
				"bone": {
					"scale": [0.7, 0.7, 1]
				},
				"bone2": {
					"scale": [0.7, 0.7, 1]
				},
				"tie": {
					"rotation": {
						"0.0": [-5, 0, 0],
						"0.1667": [-30, 0, 0],
						"0.2917": [-15, 0, 0],
						"0.4167": [10, 0, 0],
						"0.5833": [7.5, 0, 0]
					}
				},
				"leftLeg5": {
					"rotation": {
						"0.0": [0, 0, 0],
						"0.2083": [-27.5, 0, 0],
						"0.5833": [-22.5, 0, 0]
					}
				},
				"leftLeg6": {
					"rotation": {
						"0.0": [0, 0, 0],
						"0.2083": [15, 0, 0],
						"0.5833": [17.5, 0, 0]
					}
				},
				"leftLeg7": {
					"rotation": {
						"0.0": [0, 0, 0],
						"0.2083": [55, 0, 0],
						"0.5833": [7.5, 0, 0]
					}
				},
				"leftLeg8": {
					"rotation": {
						"0.0": [0, 0, 0],
						"0.2083": [47.5, 0, 0],
						"0.5833": [2.5, 0, 0]
					}
				},
				"leftLeg9": {
					"rotation": {
						"0.0": [0, 0, 0],
						"0.2083": [-35, 0, 0],
						"0.5833": [-7.5, 0, 0]
					}
				},
				"leftLeg10": {
					"rotation": {
						"0.0": [0, 0, 0],
						"0.2083": [-22.5, 0, 0],
						"0.5833": [-2.5, 0, 0]
					}
				},
				"leftLeg11": {
					"rotation": {
						"0.0": [0, 0, 0],
						"0.2083": [-30, 0, 0],
						"0.5833": [5, 0, 0]
					}
				},
				"foot3": {
					"rotation": {
						"0.0": [0, 0, 0],
						"0.2083": [-32.5, 0, 0],
						"0.5833": [37.5, 0, 0]
					}
				}
			}
		},
		"animation.huggy_wuggy.crawl": {
			"loop": true,
			"blend_weight": "1",
			"bones": {
				"all": {
					"position": [0, -22, 11]
				},
				"leftLeg2": {
					"rotation": [-82.5, 0, 0],
					"position": [0, 0, -3]
				},
				"leftLeg3": {
					"rotation": [32.5, 0, 0]
				},
				"leftLeg4": {
					"rotation": [80, 0, 0]
				},
				"leftLeg12": {
					"rotation": [29.63948, -0.87523, 2.76335]
				},
				"leftLeg13": {
					"rotation": [42.5, 0, 0],
					"position": [0, 2, -1]
				},
				"leftLeg14": {
					"rotation": [-10.2272, 8.12364, 8.63974]
				},
				"leftLeg15": {
					"rotation": [50, 0, 0],
					"position": [0, 1, -2]
				},
				"foot2": {
					"rotation": [2.5, 0, 0]
				},
				"body": {
					"rotation": [50, 0, 0],
					"position": [0, 0, 1]
				},
				"arm8": {
					"rotation": [-47.5, 0, 0]
				},
				"arm9": {
					"rotation": [-35, 0, 0]
				},
				"arm10": {
					"rotation": [-32.5, 0, 0]
				},
				"arm11": {
					"rotation": [-17.5, 0, 0]
				},
				"arm12": {
					"rotation": [-22.5, 0, 0]
				},
				"arm13": {
					"rotation": [-15, 0, 0]
				},
				"hand2": {
					"rotation": [0, 92.5, 0],
					"position": [3, 0, -1]
				},
				"arm": {
					"rotation": [45, 0, 0]
				},
				"arm2": {
					"rotation": [-52.5, 0, 0]
				},
				"arm3": {
					"rotation": [-35, 0, 0]
				},
				"arm4": {
					"rotation": [-47.5, 0, 0]
				},
				"arm5": {
					"rotation": [-37.5, 0, 0]
				},
				"arm6": {
					"rotation": [-25, 0, 0]
				},
				"hand": {
					"rotation": [0, -92.5, 0],
					"position": [0, 0, -1]
				},
				"head": {
					"rotation": [-57.5, 0, 0],
					"position": [0, 0, -4]
				},
				"body2": {
					"rotation": [7.5, 0, 0]
				},
				"leftLeg5": {
					"rotation": [-62.5, 0, 0]
				},
				"leftLeg6": {
					"rotation": [5, 0, 0]
				},
				"leftLeg7": {
					"rotation": [10, 0, 0]
				},
				"leftLeg8": {
					"rotation": [-5, 0, 0]
				},
				"leftLeg9": {
					"rotation": [-40, 0, 0]
				},
				"leftLeg10": {
					"rotation": [-10, 0, 0]
				},
				"leftLeg11": {
					"rotation": [22.5, 0, 0]
				}
			}
		},
		"animation.huggy_wuggy.look_at": {
			"loop": true,
			"animation_length": 0.58333,
			"blend_weight": "1",
			"bones": {
				"head": {
					"rotation": {
						"0.0": [0, 0, 0],
						"0.5833": [0, 0, 0]
					}
				},
				"eye": {
					"rotation": [0, 0, 0]
				},
				"eye2": {
					"rotation": [0, 0, 0]
				}
			}
		},
		"animation.huggy_wuggy.crouch1": {
			"loop": true,
			"blend_weight": "1",
			"bones": {
				"all": {
					"position": [0, -4, 4]
				},
				"leftLeg2": {
					"rotation": [-28.35676, -6.60331, 3.50325]
				},
				"leftLeg3": {
					"rotation": [-7.5, 0, 0]
				},
				"leftLeg4": {
					"rotation": [10, 0, 0]
				},
				"leftLeg12": {
					"rotation": [7.5, 0, 0]
				},
				"leftLeg13": {
					"rotation": [17.5, 0, 0]
				},
				"leftLeg14": {
					"rotation": [40, 0, 0]
				},
				"foot2": {
					"rotation": [-35, 0, 0]
				},
				"body": {
					"rotation": [60, 0, 0],
					"position": [0, -1, 4]
				},
				"arm8": {
					"rotation": [-29.91063, -2.30644, -4.43745]
				},
				"arm9": {
					"rotation": [-15, 0, 0]
				},
				"arm10": {
					"rotation": [-7.5, 0, 0]
				},
				"arm11": {
					"rotation": [-4.99527, -0.21782, -2.4905]
				},
				"arm12": {
					"rotation": [-19.97178, -0.65182, -4.95744]
				},
				"arm13": {
					"rotation": [-7.82137, 3.77969, -8.94057]
				},
				"arm": {
					"rotation": [-29.97638, 1.2497, 2.16541]
				},
				"arm2": {
					"rotation": [-22.5, 0, 0]
				},
				"arm3": {
					"rotation": [-17.25002, 2.99318, 9.54589]
				},
				"arm4": {
					"rotation": [-14.94548, 1.29256, 4.83045]
				},
				"arm5": {
					"rotation": [12.48848, -0.54094, 2.44081]
				},
				"arm6": {
					"rotation": [4.89329, 0.39378, 4.0673]
				},
				"head": {
					"rotation": [-80, 0, 0],
					"position": [0, 2, -4]
				},
				"body2": {
					"rotation": [22.5, 0, 0]
				},
				"leftLeg5": {
					"rotation": [-22.5, 0, 0]
				},
				"leftLeg6": {
					"rotation": [22.5, 0, 0]
				},
				"leftLeg7": {
					"rotation": [15, 0, 0]
				},
				"leftLeg8": {
					"rotation": [-37.5, 0, 0]
				},
				"leftLeg9": {
					"rotation": [32.5, 0, 0]
				},
				"leftLeg10": {
					"rotation": [22.5, 0, 0]
				},
				"leftLeg11": {
					"rotation": [-5, 0, 0]
				},
				"foot3": {
					"rotation": [-30, 0, 0]
				}
			}
		},
		"animation.huggy_wuggy.general": {
			"loop": true,
			"animation_length": 1.45833,
			"blend_weight": "1",
			"bones": {
				"arm": {
					"rotation": {
						"0.0": [5, 0, 0],
						"0.2083": [4.99527, -0.21782, 2.4905],
						"0.5": [5, 0, 0],
						"0.9583": [4.99527, 0.21782, -2.4905],
						"1.4167": [5, 0, 0]
					}
				},
				"arm2": {
					"rotation": {
						"0.0": [0, 0, 2.5],
						"0.5417": [0, 0, 2.5],
						"1.0": [0, 0, -2.5],
						"1.4583": [0, 0, 2.5]
					}
				},
				"arm3": {
					"rotation": {
						"0.0": [0, 0, 5],
						"1.0": [0, 0, -7.5],
						"1.4583": [0, 0, 5]
					}
				},
				"arm4": {
					"rotation": {
						"0.0": [0, 0, 2.5],
						"0.5417": [0, 0, 2.5],
						"1.0": [0, 0, -7.5],
						"1.4583": [0, 0, 2.5]
					}
				},
				"arm5": {
					"rotation": {
						"0.0": [0, 0, 2.5],
						"0.5417": [0, 0, 2.5],
						"1.0": [0, 0, -7.5],
						"1.4583": [0, 0, 2.5]
					},
					"scale": 1
				},
				"arm6": {
					"rotation": {
						"0.0": [0, 0, 7.5],
						"0.5417": [0, 0, 7.5],
						"1.0": [0, 0, 0],
						"1.4583": [0, 0, 7.5]
					}
				},
				"arm8": {
					"rotation": {
						"0.0": [7.49294, -0.32621, 2.47864],
						"0.2083": [7.47178, -0.65182, 4.95744],
						"0.5": [7.49294, -0.32621, 2.47864],
						"0.9583": [7.47178, 0.65182, -4.95744],
						"1.4167": [7.49294, -0.32621, 2.47864]
					}
				},
				"arm9": {
					"rotation": {
						"0.0": [0, 0, 2.5],
						"0.5417": [0, 0, 2.5],
						"1.0": [0, 0, -5],
						"1.4583": [0, 0, 2.5]
					}
				},
				"arm10": {
					"rotation": {
						"0.0": [0, 0, 2.5],
						"1.0": [0, 0, 0],
						"1.4583": [0, 0, 2.5]
					}
				},
				"arm11": {
					"rotation": {
						"0.0": [0, 0, 5],
						"0.5417": [0, 0, 5],
						"1.0": [0, 0, 0],
						"1.4583": [0, 0, 5]
					}
				},
				"arm12": {
					"rotation": {
						"0.0": [0, 0, 5],
						"0.5417": [0, 0, 5],
						"1.0": [0, 0, -2.5],
						"1.4583": [0, 0, 5]
					}
				},
				"arm13": {
					"rotation": {
						"0.0": [0, 0, 2.5],
						"0.5417": [0, 0, 2.5],
						"1.0": [0, 0, -10],
						"1.4583": [0, 0, 2.5]
					}
				},
				"leftLeg2": {
					"rotation": [0, 0, -2.5]
				},
				"leftLeg3": {
					"rotation": [0, 0, 2.5]
				},
				"leftLeg4": {
					"rotation": [0, 0, 2.5]
				},
				"foot2": {
					"rotation": [0, 0, -2.5]
				},
				"body": {
					"rotation": {
						"0.0": [-2.5, 0, 2.5],
						"0.2083": [-2.49762, -0.10901, 0.00238],
						"0.4167": [-3.0164, 0.61144, 2.33718],
						"0.9583": [-3.05816, 0.34634, -2.65597],
						"1.4167": [-2.5, 0, 2.5]
					}
				},
				"head": {
					"rotation": {
						"0.0": [2.49762, -0.10901, 2.49762],
						"0.2083": [2.5, 0, 0],
						"0.5": [4.44584, -3.00582, -5.22188],
						"0.9583": [2.4905, 0.21782, -4.99527],
						"1.4167": [2.49762, -0.10901, 2.49762]
					}
				},
				"bone": {
					"scale": [0.7, 0.7, 1]
				},
				"bone2": {
					"scale": [0.7, 0.7, 1]
				},
				"tie": {
					"rotation": {
						"0.0": [0, 0, -5],
						"0.1667": [0, 0, 2.5],
						"0.875": [0, 0, -2.14],
						"0.9583": [0, 0, 2.9],
						"1.0417": [0, 0, 6.58],
						"1.4583": [0, 0, -5]
					}
				},
				"smile": {
					"position": [0, 0, 7],
					"scale": [0, 1, 1]
				},
				"mouth": {
					"position": [0, 0, -0.1],
					"scale": 0.9
				}
			}
		}
	}
}