{
	"format_version": "1.8.0",
	"animations": {
		"animation.mommy_long_legs.general": {
			"loop": true,
			"animation_length": 2,
			"blend_weight": "1",
			"bones": {
				"ALL": {
					"position": {
						"0.0": [3, -4, 18],
						"1.0": [3, -6, 18],
						"2.0": [3, -4, 18]
					},
					"scale": {
						"0.0": [0.7, 0.7, 0.7],
						"2.0": [0.7, 0.7, 0.7]
					}
				},
				"bone2": {
					"rotation": {
						"0.0": [80, 0, 0],
						"2.0": [80, 0, 0]
					}
				},
				"bone5": {
					"position": {
						"0.0": [0, -8, 0],
						"2.0": [0, -8, 0]
					}
				},
				"bone7": {
					"rotation": {
						"0.0": [-5, 0, 0],
						"2.0": [-5, 0, 0]
					}
				},
				"bone8": {
					"rotation": {
						"0.0": [10, 0, 0],
						"2.0": [10, 0, 0]
					}
				},
				"bone9": {
					"rotation": {
						"0.0": [17.5, 0, 0],
						"2.0": [17.5, 0, 0]
					}
				},
				"bone10": {
					"rotation": {
						"0.0": [5, 0, 0],
						"2.0": [5, 0, 0]
					}
				},
				"bone14": {
					"position": {
						"0.0": [0, -7, 0],
						"2.0": [0, -7, 0]
					}
				},
				"bone15": {
					"rotation": {
						"0.0": [2.5, 0, 0],
						"2.0": [2.5, 0, 0]
					}
				},
				"bone16": {
					"rotation": {
						"0.0": [10, 0, 0],
						"2.0": [10, 0, 0]
					}
				},
				"bone17": {
					"rotation": {
						"0.0": [-22.5, 0, 0],
						"2.0": [-22.5, 0, 0]
					}
				},
				"bone18": {
					"rotation": {
						"0.0": [-20, 0, 0],
						"2.0": [-20, 0, 0]
					}
				},
				"bone19": {
					"rotation": {
						"0.0": [-74.98635, -2.41476, -0.64743],
						"1.0": [-74.73449, 5.0311, 0.22254],
						"2.0": [-74.98635, -2.41476, -0.64743]
					}
				},
				"bone24": {
					"rotation": {
						"0.0": [21.51204, -55.24075, -21.22688],
						"1.0": [16.72697, -43.41502, -14.95407],
						"2.0": [21.51204, -55.24075, -21.22688]
					}
				},
				"bone25": {
					"rotation": {
						"0.0": [0, -22.5, 15],
						"2.0": [0, -22.5, 15]
					}
				},
				"bone26": {
					"rotation": {
						"0.0": [1.3378, 14.94159, 17.67544],
						"2.0": [1.3378, 14.94159, 17.67544]
					}
				},
				"bone27": {
					"rotation": {
						"0.0": [0, -2.5, 10],
						"2.0": [0, -2.5, 10]
					}
				},
				"bone28": {
					"rotation": {
						"0.0": [0, -12.5, -20],
						"1.0": [0, -37.5, -20],
						"2.0": [0, -12.5, -20]
					}
				},
				"bone29": {
					"rotation": {
						"0.0": [0, -15, 17.5],
						"2.0": [0, -15, 17.5]
					}
				},
				"bone30": {
					"rotation": {
						"0.0": [0, 12.5, 20],
						"2.0": [0, 12.5, 20]
					}
				},
				"bone31": {
					"rotation": {
						"0.0": [0, 0, 37.5],
						"2.0": [0, 0, 37.5]
					}
				},
				"bone32": {
					"rotation": {
						"0.0": [87.18465, 3.57558, 14.43324],
						"1.0": [97.53037, 4.01338, 19.30568],
						"2.0": [87.18465, 3.57558, 14.43324]
					}
				},
				"bone33": {
					"rotation": {
						"0.0": [0, 7.5, 0],
						"2.0": [0, 7.5, 0]
					}
				},
				"bone43": {
					"rotation": {
						"0.0": [31.31066, 60.90679, 31.31066],
						"1.0": [23.02023, 49.74745, 21.28592],
						"2.0": [31.31066, 60.90679, 31.31066]
					}
				},
				"bone44": {
					"rotation": {
						"0.0": [0, 17.5, -32.5],
						"2.0": [0, 17.5, -32.5]
					}
				},
				"bone45": {
					"rotation": {
						"0.0": [3.48713, -14.69221, -15.76526],
						"2.0": [3.48713, -14.69221, -15.76526]
					}
				},
				"bone46": {
					"rotation": {
						"0.0": [-4.8493, -11.53486, 22.99008],
						"2.0": [-4.8493, -11.53486, 22.99008]
					}
				},
				"bone47": {
					"rotation": {
						"0.0": [0, 17.5, -20],
						"2.0": [0, 17.5, -20]
					}
				},
				"bone48": {
					"rotation": {
						"0.0": [-2.74715, 12.19908, -12.79362],
						"1.0": [-3.62308, 42.15566, -14.6461],
						"2.0": [-2.74715, 12.19908, -12.79362]
					}
				},
				"bone49": {
					"rotation": {
						"0.0": [-19.5623, 4.2453, -5.73218],
						"2.0": [-19.5623, 4.2453, -5.73218]
					}
				},
				"bone50": {
					"rotation": {
						"0.0": [3.45118, -9.39129, -20.28356],
						"1.0": [3.51516, -14.38206, -20.59389],
						"2.0": [3.45118, -9.39129, -20.28356]
					}
				},
				"bone51": {
					"rotation": {
						"0.0": [89.46945, 4.2321, -48.44532],
						"1.0": [103.5422, 6.65819, -58.19139],
						"2.0": [89.46945, 4.2321, -48.44532]
					}
				},
				"bone63": {
					"rotation": {
						"0.0": [0, -17.5, 20],
						"1.0": [-4.6653, -16.88547, 35.69284],
						"2.0": [0, -17.5, 20]
					}
				},
				"bone64": {
					"rotation": {
						"0.0": [-1.29717, 4.82922, -15.0547],
						"2.0": [-1.29717, 4.82922, -15.0547]
					}
				},
				"bone65": {
					"rotation": {
						"0.0": [0, 10, 0],
						"2.0": [0, 10, 0]
					}
				},
				"bone66": {
					"rotation": {
						"0.0": [9.36302, 31.26463, 17.62528],
						"2.0": [9.36302, 31.26463, 17.62528]
					}
				},
				"bone67": {
					"rotation": {
						"0.0": [0, -62.5, 0],
						"1.0": [41.57337, -51.88637, -48.42663],
						"2.0": [0, -62.5, 0]
					}
				},
				"bone68": {
					"rotation": {
						"0.0": [-13.92809, 53.77546, -17.0883],
						"1.0": [-42.60862, 49.44852, -55.02256],
						"2.0": [-13.92809, 53.77546, -17.0883]
					}
				},
				"bone69": {
					"rotation": {
						"0.0": [-7.33476, -27.0478, -11.24314],
						"1.0": [-23.19641, -34.69179, 26.89539],
						"2.0": [-7.33476, -27.0478, -11.24314]
					}
				},
				"bone77": {
					"rotation": {
						"0.0": [0, 7.5, -15],
						"1.0": [-1.95155, 7.24305, -30.12353],
						"2.0": [0, 7.5, -15]
					}
				},
				"bone78": {
					"rotation": {
						"0.0": [0, 12.5, 0],
						"2.0": [0, 12.5, 0]
					}
				},
				"bone79": {
					"rotation": {
						"0.0": [0, -12.5, 0],
						"2.0": [0, -12.5, 0]
					}
				},
				"bone80": {
					"rotation": {
						"0.0": [-0.1677, -27.77995, 19.92635],
						"2.0": [-0.1677, -27.77995, 19.92635]
					}
				},
				"bone81": {
					"rotation": {
						"0.0": [7.99439, 0.42488, -23.91709],
						"1.0": [6.98226, -3.92608, 8.31361],
						"2.0": [7.99439, 0.42488, -23.91709]
					}
				},
				"bone82": {
					"rotation": {
						"0.0": [0, 60, 0],
						"2.0": [0, 60, 0]
					}
				},
				"bone83": {
					"rotation": {
						"0.0": [-32.54685, -32.24202, 13.67531],
						"2.0": [-32.54685, -32.24202, 13.67531]
					}
				},
				"bone84": {
					"rotation": {
						"0.0": [-5, -5, 0],
						"1.0": [23.79924, 2.96022, -14.67919],
						"2.0": [-5, -5, 0]
					}
				}
			}
		},
		"animation.mommy_long_legs.pulling": {
			"loop": true,
			"animation_length": 4.20833,
			"blend_weight": "1",
			"bones": {
				"ALL": {
					"position": {
						"0.0": [3, -4, 18],
						"1.0": [3, -6, 18],
						"2.0": [3, -4, 18]
					},
					"scale": {
						"0.0": [0.7, 0.7, 0.7],
						"2.0": [0.7, 0.7, 0.7]
					}
				},
				"bone2": {
					"rotation": {
						"0.0": [80, 0, 0],
						"2.0": [80, 0, 0]
					}
				},
				"bone5": {
					"position": {
						"0.0": [0, -8, 0],
						"2.0": [0, -8, 0]
					}
				},
				"bone7": {
					"rotation": {
						"0.0": [-5, 0, 0],
						"2.0": [-5, 0, 0]
					}
				},
				"bone8": {
					"rotation": {
						"0.0": [10, 0, 0],
						"2.0": [10, 0, 0]
					}
				},
				"bone9": {
					"rotation": {
						"0.0": [17.5, 0, 0],
						"2.0": [17.5, 0, 0]
					}
				},
				"bone10": {
					"rotation": {
						"0.0": [5, 0, 0],
						"2.0": [5, 0, 0]
					}
				},
				"bone14": {
					"position": {
						"0.0": [0, -7, 0],
						"2.0": [0, -7, 0]
					}
				},
				"bone15": {
					"rotation": {
						"0.0": [2.5, 0, 0],
						"1.2917": [10, 0, 0],
						"2.0": [2.5, 0, 0],
						"3.1667": [-20.36, 0, 0],
						"4.0417": [15, 0, 0]
					},
					"scale": {
						"0.0": [1, 1, 1],
						"4.0417": [2.1, 2.1, 2.1]
					}
				},
				"bone16": {
					"rotation": {
						"0.0": [10, 0, 0],
						"2.0": [10, 0, 0]
					}
				},
				"bone17": {
					"rotation": {
						"0.0": [-22.5, 0, 0],
						"2.0": [-22.5, 0, 0],
						"4.1667": [32.5, 0, 0]
					}
				},
				"bone18": {
					"rotation": {
						"0.0": [-20, 0, 0],
						"2.0": [-20, 0, 0]
					}
				},
				"bone19": {
					"rotation": {
						"0.0": [-74.98635, -2.41476, -0.64743],
						"1.0": [-74.73449, 5.0311, 0.22254],
						"2.0": [-74.98635, -2.41476, -0.64743]
					}
				},
				"bone24": {
					"rotation": {
						"0.0": [21.51204, -55.24075, -21.22688],
						"1.0": [16.72697, -43.41502, -14.95407],
						"2.0": [21.51204, -55.24075, -21.22688]
					}
				},
				"bone25": {
					"rotation": {
						"0.0": [0, -22.5, 15],
						"2.0": [0, -22.5, 15]
					}
				},
				"bone26": {
					"rotation": {
						"0.0": [1.3378, 14.94159, 17.67544],
						"2.0": [1.3378, 14.94159, 17.67544]
					}
				},
				"bone27": {
					"rotation": {
						"0.0": [0, -2.5, 10],
						"2.0": [0, -2.5, 10]
					}
				},
				"bone28": {
					"rotation": {
						"0.0": [0, -12.5, -20],
						"1.0": [0, -37.5, -20],
						"2.0": [0, -12.5, -20]
					}
				},
				"bone29": {
					"rotation": {
						"0.0": [0, -15, 17.5],
						"2.0": [0, -15, 17.5]
					}
				},
				"bone30": {
					"rotation": {
						"0.0": [0, 12.5, 20],
						"2.0": [0, 12.5, 20]
					}
				},
				"bone31": {
					"rotation": {
						"0.0": [0, 0, 37.5],
						"2.0": [0, 0, 37.5]
					}
				},
				"bone32": {
					"rotation": {
						"0.0": [87.18465, 3.57558, 14.43324],
						"1.0": [97.53037, 4.01338, 19.30568],
						"2.0": [87.18465, 3.57558, 14.43324]
					}
				},
				"bone33": {
					"rotation": {
						"0.0": [0, 7.5, 0],
						"2.0": [0, 7.5, 0]
					}
				},
				"bone43": {
					"rotation": {
						"0.0": [0, -10, 50],
						"0.2083": [4.15417, 7.48567, -72.05289],
						"4.2083": [15.77324, 58.49991, -59.14652]
					},
					"scale": {
						"0.2083": [3, 3, 3],
						"4.2083": [1.3, 1.3, 1.3]
					}
				},
				"bone44": {
					"rotation": [0, -12.5, -17.5]
				},
				"bone45": {
					"rotation": {
						"0.0": [0, -10, -10],
						"0.2083": [-0.88045, -9.96156, -4.92327]
					}
				},
				"bone46": {
					"rotation": {
						"0.0": [0, 10, -22.5],
						"0.2083": [3.45118, 9.39129, -2.21644]
					}
				},
				"bone47": {
					"rotation": {
						"0.0": [0, 5, -10],
						"0.2083": [1.29717, 4.82922, 5.0547],
						"4.2083": [1.75768, -42.65611, 3.75428]
					}
				},
				"bone48": {
					"rotation": {
						"0.0": [0, 7.5, -2.5],
						"0.2083": [1.5363, 7.14856, 2.71159],
						"4.2083": [1.62577, -20.34138, 1.95509]
					}
				},
				"bone49": {
					"rotation": {
						"0.0": [0, -5, -7.5],
						"0.2083": [-5.123, -21.93857, 5.9936],
						"4.2083": [-4.78683, -6.99393, 4.65939]
					}
				},
				"bone50": {
					"rotation": {
						"0.0": [0, 2.5, -7.5],
						"0.2083": [0.32652, 2.4786, 0.00706]
					}
				},
				"bone51": {
					"rotation": [-90, 0, 0]
				},
				"bone63": {
					"rotation": {
						"0.0": [0, -17.5, 20],
						"1.0": [-4.6653, -16.88547, 35.69284],
						"2.0": [0, -17.5, 20]
					}
				},
				"bone64": {
					"rotation": {
						"0.0": [-1.29717, 4.82922, -15.0547],
						"2.0": [-1.29717, 4.82922, -15.0547]
					}
				},
				"bone65": {
					"rotation": {
						"0.0": [0, 10, 0],
						"2.0": [0, 10, 0]
					}
				},
				"bone66": {
					"rotation": {
						"0.0": [9.36302, 31.26463, 17.62528],
						"2.0": [9.36302, 31.26463, 17.62528]
					}
				},
				"bone67": {
					"rotation": {
						"0.0": [0, -62.5, 0],
						"1.0": [41.57337, -51.88637, -48.42663],
						"2.0": [0, -62.5, 0]
					}
				},
				"bone68": {
					"rotation": {
						"0.0": [-13.92809, 53.77546, -17.0883],
						"1.0": [-42.60862, 49.44852, -55.02256],
						"2.0": [-13.92809, 53.77546, -17.0883]
					}
				},
				"bone69": {
					"rotation": {
						"0.0": [-7.33476, -27.0478, -11.24314],
						"1.0": [-23.19641, -34.69179, 26.89539],
						"2.0": [-7.33476, -27.0478, -11.24314]
					}
				},
				"bone77": {
					"rotation": {
						"0.0": [0, 7.5, -15],
						"1.0": [-1.95155, 7.24305, -30.12353],
						"2.0": [0, 7.5, -15]
					}
				},
				"bone78": {
					"rotation": {
						"0.0": [0, 12.5, 0],
						"2.0": [0, 12.5, 0]
					}
				},
				"bone79": {
					"rotation": {
						"0.0": [0, -12.5, 0],
						"2.0": [0, -12.5, 0]
					}
				},
				"bone80": {
					"rotation": {
						"0.0": [-0.1677, -27.77995, 19.92635],
						"2.0": [-0.1677, -27.77995, 19.92635]
					}
				},
				"bone81": {
					"rotation": {
						"0.0": [7.99439, 0.42488, -23.91709],
						"1.0": [6.98226, -3.92608, 8.31361],
						"2.0": [7.99439, 0.42488, -23.91709]
					}
				},
				"bone82": {
					"rotation": {
						"0.0": [0, 60, 0],
						"2.0": [0, 60, 0]
					}
				},
				"bone83": {
					"rotation": {
						"0.0": [-32.54685, -32.24202, 13.67531],
						"2.0": [-32.54685, -32.24202, 13.67531]
					}
				},
				"bone84": {
					"rotation": {
						"0.0": [-5, -5, 0],
						"1.0": [23.79924, 2.96022, -14.67919],
						"2.0": [-5, -5, 0]
					}
				},
				"bone53": {
					"rotation": [0, 20, 0]
				},
				"bone54": {
					"rotation": [0, 12.5, 0]
				},
				"bone56": {
					"rotation": [0, 15, 0]
				},
				"bone": {
					"position": [0, 0, -1]
				}
			}
		},
		"animation.mommy_long_legs.moving": {
			"loop": true,
			"animation_length": 2,
			"blend_weight": "1",
			"bones": {
				"ALL": {
					"position": {
						"0.0": [3, -4, 18],
						"1.0": [3, -6, 18],
						"2.0": [3, -4, 18]
					},
					"scale": {
						"0.0": [0.7, 0.7, 0.7],
						"2.0": [0.7, 0.7, 0.7]
					}
				},
				"bone2": {
					"rotation": {
						"0.0": [80, 0, 0],
						"2.0": [80, 0, 0]
					}
				},
				"bone5": {
					"position": {
						"0.0": [0, -8, 0],
						"2.0": [0, -8, 0]
					}
				},
				"bone7": {
					"rotation": {
						"0.0": [-5, 0, 0],
						"2.0": [-5, 0, 0]
					}
				},
				"bone8": {
					"rotation": {
						"0.0": [10, 0, 0],
						"2.0": [10, 0, 0]
					}
				},
				"bone9": {
					"rotation": {
						"0.0": [17.5, 0, 0],
						"2.0": [17.5, 0, 0]
					}
				},
				"bone10": {
					"rotation": {
						"0.0": [5, 0, 0],
						"2.0": [5, 0, 0]
					}
				},
				"bone14": {
					"position": {
						"0.0": [0, -7, 0],
						"2.0": [0, -7, 0]
					}
				},
				"bone15": {
					"rotation": {
						"0.0": [2.5, 0, 0],
						"2.0": [2.5, 0, 0]
					}
				},
				"bone16": {
					"rotation": {
						"0.0": [10, 0, 0],
						"2.0": [10, 0, 0]
					}
				},
				"bone17": {
					"rotation": {
						"0.0": [-22.5, 0, 0],
						"2.0": [-22.5, 0, 0]
					}
				},
				"bone18": {
					"rotation": {
						"0.0": [-20, 0, 0],
						"2.0": [-20, 0, 0]
					}
				},
				"bone19": {
					"rotation": {
						"0.0": [-74.98635, -2.41476, -0.64743],
						"1.0": [-74.73449, 5.0311, 0.22254],
						"2.0": [-74.98635, -2.41476, -0.64743]
					}
				},
				"bone24": {
					"rotation": {
						"0.0": [-5.13425, -57.822, 10.46278],
						"1.0": [16.72697, -43.41502, -14.95407],
						"2.0": [-5.13425, -57.822, 10.46278]
					}
				},
				"bone25": {
					"rotation": {
						"0.0": [0, -22.5, 15],
						"2.0": [0, -22.5, 15]
					}
				},
				"bone26": {
					"rotation": {
						"0.0": [1.3378, 14.94159, 17.67544],
						"2.0": [1.3378, 14.94159, 17.67544]
					}
				},
				"bone27": {
					"rotation": {
						"0.0": [0, -2.5, 10],
						"2.0": [0, -2.5, 10]
					}
				},
				"bone28": {
					"rotation": {
						"0.0": [0, -12.5, -20],
						"0.4583": [9.65073, -22.03431, -44.3832],
						"1.0": [0, -37.5, -20],
						"2.0": [0, -12.5, -20]
					}
				},
				"bone29": {
					"rotation": {
						"0.0": [0, -15, 17.5],
						"0.4583": [-12.95106, -5.01395, 46.84641],
						"1.0": [-8.02195, -8.87968, 34.03233],
						"2.0": [0, -15, 17.5]
					}
				},
				"bone30": {
					"rotation": {
						"0.0": [0, 12.5, 20],
						"0.4583": [8.90928, 8.80348, 65.68718],
						"1.0": [-2.15221, 11.42519, 8.90838],
						"2.0": [0, 12.5, 20]
					}
				},
				"bone31": {
					"rotation": {
						"0.0": [0, 0, 10],
						"1.0": [0, 0, 32.5],
						"2.0": [0, 0, 10]
					}
				},
				"bone32": {
					"rotation": {
						"0.0": [87.84866, 4.00998, 24.44581],
						"0.5": [90.31955, 4.81802, -8.20502],
						"1.0": [97.53037, 4.01338, 19.30568],
						"2.0": [87.84866, 4.00998, 24.44581]
					}
				},
				"bone33": {
					"rotation": {
						"0.0": [0, 7.5, 0],
						"2.0": [0, 7.5, 0]
					}
				},
				"bone43": {
					"rotation": {
						"0.0": [50.48952, 49.23577, 54.48088],
						"1.0": [23.02023, 49.74745, 21.28592],
						"2.0": [50.48952, 49.23577, 54.48088]
					}
				},
				"bone44": {
					"rotation": {
						"0.0": [0, 17.5, -32.5],
						"2.0": [0, 17.5, -32.5]
					}
				},
				"bone45": {
					"rotation": {
						"0.0": [3.48713, -14.69221, -15.76526],
						"2.0": [3.48713, -14.69221, -15.76526]
					}
				},
				"bone46": {
					"rotation": {
						"0.0": [-4.8493, -11.53486, 22.99008],
						"2.0": [-4.8493, -11.53486, 22.99008]
					}
				},
				"bone47": {
					"rotation": {
						"0.0": [0, 17.5, -20],
						"1.0": [-0.21699, 17.11193, -20.63021],
						"1.3333": [-8.28342, 15.46973, -48.62702],
						"2.0": [0, 17.5, -20]
					}
				},
				"bone48": {
					"rotation": {
						"0.0": [-4.8493, 11.53486, -22.99008],
						"1.0": [-3.62308, 42.15566, -14.6461],
						"1.3333": [-26.19277, 19.38941, -65.82475],
						"2.0": [-4.8493, 11.53486, -22.99008]
					}
				},
				"bone49": {
					"rotation": {
						"0.0": [-19.5623, 4.2453, -5.73218],
						"1.0": [-17.75739, 5.47707, -0.34104],
						"1.3333": [-19.9299, -1.70818, -22.19986],
						"2.0": [-19.5623, 4.2453, -5.73218]
					}
				},
				"bone50": {
					"rotation": {
						"0.0": [3.45118, -9.39129, -20.28356],
						"1.0": [3.51516, -14.38206, -20.59389],
						"1.3333": [5.14542, -12.15271, -28.14905],
						"2.0": [3.45118, -9.39129, -20.28356]
					}
				},
				"bone51": {
					"rotation": {
						"0.0": [89.46945, 4.2321, -48.44532],
						"1.0": [103.5422, 6.65819, -58.19139],
						"1.3333": [95.52858, -9.05421, 36.6661],
						"2.0": [89.46945, 4.2321, -48.44532]
					}
				},
				"bone63": {
					"rotation": {
						"0.0": [0, -17.5, 20],
						"1.0": [-4.6653, -16.88547, 35.69284],
						"2.0": [0, -17.5, 20]
					}
				},
				"bone64": {
					"rotation": {
						"0.0": [-1.29717, 4.82922, -15.0547],
						"0.5": [-1.37401, 19.82519, -15.41156],
						"2.0": [-1.29717, 4.82922, -15.0547]
					}
				},
				"bone65": {
					"rotation": {
						"0.0": [0, 10, 0],
						"2.0": [0, 10, 0]
					}
				},
				"bone66": {
					"rotation": {
						"0.0": [9.36302, 31.26463, 17.62528],
						"1.0": [13.09317, -39.37513, 4.19821],
						"1.5": [11.40716, -45.32199, 4.56968],
						"2.0": [9.36302, 31.26463, 17.62528]
					}
				},
				"bone67": {
					"rotation": {
						"0.0": [0, -62.5, 0],
						"1.0": [24.24712, -4.18866, -15.40008],
						"1.5": [-18.70754, -52.40321, 24.59802],
						"2.0": [0, -62.5, 0]
					}
				},
				"bone68": {
					"rotation": {
						"0.0": [-13.92809, 53.77546, -17.0883],
						"0.5": [-38.14571, 60.70476, -47.97971],
						"0.6667": [-51.89393, 60.87387, -64.54542],
						"1.0": [-33.42495, 28.58998, -42.26236],
						"2.0": [-13.92809, 53.77546, -17.0883]
					}
				},
				"bone69": {
					"rotation": {
						"0.0": [-7.33476, -27.0478, -11.24314],
						"0.5": [-21.52551, -51.77999, 7.02496],
						"0.6667": [-54.77507, -69.52942, 44.50957],
						"1.0": [-19.65582, 0.23097, -2.77022],
						"1.5": [-15.94667, 34.65737, -9.37473],
						"2.0": [-7.33476, -27.0478, -11.24314]
					}
				},
				"bone77": {
					"rotation": {
						"0.0": [0, 7.5, -15],
						"1.0": [-1.95155, 7.24305, -30.12353],
						"2.0": [0, 7.5, -15]
					}
				},
				"bone78": {
					"rotation": {
						"0.0": [0, 12.5, 0],
						"2.0": [0, 12.5, 0]
					}
				},
				"bone79": {
					"rotation": {
						"0.0": [0, -12.5, 0],
						"2.0": [0, -12.5, 0]
					}
				},
				"bone80": {
					"rotation": {
						"0.0": [-0.1677, -27.77995, 19.92635],
						"0.5": [-0.27404, 57.21965, 19.61779],
						"2.0": [-0.1677, -27.77995, 19.92635]
					}
				},
				"bone81": {
					"rotation": {
						"0.0": [7.99439, 0.42488, -23.91709],
						"0.5": [7.58262, -9.18602, -8.7891],
						"1.0": [7.24519, 15.92309, 10.79159],
						"2.0": [7.99439, 0.42488, -23.91709]
					}
				},
				"bone82": {
					"rotation": {
						"0.0": [0, 60, 0],
						"0.5": [12.92302, 27.45741, -2.64756],
						"1.0": [0, -65, 0],
						"1.5": [0, 42.5, 0],
						"2.0": [0, 60, 0]
					}
				},
				"bone83": {
					"rotation": {
						"0.0": [-32.54685, -32.24202, 13.67531],
						"0.5": [-62.1061, -59.01258, 53.17851],
						"1.0": [-24.65653, 15.45179, 11.05036],
						"1.5": [-24.76439, -55.01764, 20.30184],
						"2.0": [-32.54685, -32.24202, 13.67531]
					}
				},
				"bone84": {
					"rotation": {
						"0.0": [-5, -5, 0],
						"1.0": [18.94842, -1.09563, -5.53549],
						"2.0": [-5, -5, 0]
					}
				}
			}
		},
		"animation.mommy_long_legs.running": {
			"loop": true,
			"animation_length": 1.83333,
			"blend_weight": "1",
			"bones": {
				"ALL": {
					"position": {
						"0.0": [3, -4, 18],
						"0.8333": [3, -6, 18],
						"1.8333": [3, -4, 18]
					},
					"scale": {
						"0.0": [0.7, 0.7, 0.7],
						"1.8333": [0.7, 0.7, 0.7]
					}
				},
				"bone2": {
					"rotation": {
						"0.0": [80, 0, 0],
						"1.8333": [80, 0, 0]
					}
				},
				"bone5": {
					"rotation": [0, 0, 0],
					"position": [0, -3, 0]
				},
				"bone7": {
					"rotation": {
						"0.0": [-5, 0, 0],
						"1.8333": [-5, 0, 0]
					}
				},
				"bone8": {
					"rotation": {
						"0.0": [10, 0, 0],
						"1.8333": [10, 0, 0]
					}
				},
				"bone9": {
					"rotation": {
						"0.0": [17.5, 0, 0],
						"1.8333": [17.5, 0, 0]
					}
				},
				"bone10": {
					"rotation": {
						"0.0": [5, 0, 0],
						"1.8333": [5, 0, 0]
					}
				},
				"bone14": {
					"position": [0, -2, 0]
				},
				"bone15": {
					"rotation": [7.5, 0, 0]
				},
				"bone16": {
					"rotation": [-20, 0, 0]
				},
				"bone17": {
					"rotation": [-22.5, 0, 0]
				},
				"bone18": {
					"rotation": [5, 0, 0]
				},
				"bone19": {
					"rotation": {
						"0.0": [-74.98635, -2.41476, -0.64743],
						"0.8333": [-74.73449, 5.0311, 0.22254],
						"1.8333": [-74.98635, -2.41476, -0.64743]
					}
				},
				"bone24": {
					"rotation": {
						"0.0": [-5.13425, -57.822, 10.46278],
						"0.8333": [16.72697, -43.41502, -14.95407],
						"1.8333": [-5.13425, -57.822, 10.46278]
					}
				},
				"bone25": {
					"rotation": {
						"0.0": [0, -22.5, 15],
						"1.8333": [0, -22.5, 15]
					}
				},
				"bone26": {
					"rotation": {
						"0.0": [1.3378, 14.94159, 17.67544],
						"1.8333": [1.3378, 14.94159, 17.67544]
					}
				},
				"bone27": {
					"rotation": {
						"0.0": [0, -2.5, 10],
						"1.8333": [0, -2.5, 10]
					}
				},
				"bone28": {
					"rotation": {
						"0.0": [0, -12.5, -20],
						"0.2917": [9.65073, -22.03431, -44.3832],
						"0.8333": [0, -37.5, -20],
						"1.8333": [0, -12.5, -20]
					}
				},
				"bone29": {
					"rotation": {
						"0.0": [0, -15, 17.5],
						"0.2917": [-12.95106, -5.01395, 46.84641],
						"0.8333": [-8.02195, -8.87968, 34.03233],
						"1.8333": [0, -15, 17.5]
					}
				},
				"bone30": {
					"rotation": {
						"0.0": [0, 12.5, 20],
						"0.2917": [8.90928, 8.80348, 65.68718],
						"0.8333": [-2.15221, 11.42519, 8.90838],
						"1.8333": [0, 12.5, 20]
					}
				},
				"bone31": {
					"rotation": {
						"0.0": [0, 0, 10],
						"0.8333": [0, 0, 32.5],
						"1.8333": [0, 0, 10]
					}
				},
				"bone32": {
					"rotation": {
						"0.0": [87.84866, 4.00998, 24.44581],
						"0.3333": [90.31955, 4.81802, -8.20502],
						"0.8333": [97.53037, 4.01338, 19.30568],
						"1.8333": [87.84866, 4.00998, 24.44581]
					}
				},
				"bone33": {
					"rotation": {
						"0.0": [0, 7.5, 0],
						"1.8333": [0, 7.5, 0]
					}
				},
				"bone43": {
					"rotation": {
						"0.0": [50.48952, 49.23577, 54.48088],
						"0.8333": [23.02023, 49.74745, 21.28592],
						"1.8333": [50.48952, 49.23577, 54.48088]
					}
				},
				"bone44": {
					"rotation": {
						"0.0": [0, 17.5, -32.5],
						"1.8333": [0, 17.5, -32.5]
					}
				},
				"bone45": {
					"rotation": {
						"0.0": [3.48713, -14.69221, -15.76526],
						"1.8333": [3.48713, -14.69221, -15.76526]
					}
				},
				"bone46": {
					"rotation": {
						"0.0": [-4.8493, -11.53486, 22.99008],
						"1.8333": [-4.8493, -11.53486, 22.99008]
					}
				},
				"bone47": {
					"rotation": {
						"0.0": [0, 17.5, -20],
						"0.8333": [-0.21699, 17.11193, -20.63021],
						"1.1667": [-8.28342, 15.46973, -48.62702],
						"1.8333": [0, 17.5, -20]
					}
				},
				"bone48": {
					"rotation": {
						"0.0": [-4.8493, 11.53486, -22.99008],
						"0.8333": [-3.62308, 42.15566, -14.6461],
						"1.1667": [-26.19277, 19.38941, -65.82475],
						"1.8333": [-4.8493, 11.53486, -22.99008]
					}
				},
				"bone49": {
					"rotation": {
						"0.0": [-19.5623, 4.2453, -5.73218],
						"0.8333": [-17.75739, 5.47707, -0.34104],
						"1.1667": [-19.9299, -1.70818, -22.19986],
						"1.8333": [-19.5623, 4.2453, -5.73218]
					}
				},
				"bone50": {
					"rotation": {
						"0.0": [3.45118, -9.39129, -20.28356],
						"0.8333": [3.51516, -14.38206, -20.59389],
						"1.1667": [5.14542, -12.15271, -28.14905],
						"1.8333": [3.45118, -9.39129, -20.28356]
					}
				},
				"bone51": {
					"rotation": {
						"0.0": [89.46945, 4.2321, -48.44532],
						"0.8333": [103.5422, 6.65819, -58.19139],
						"1.1667": [95.52858, -9.05421, 36.6661],
						"1.8333": [89.46945, 4.2321, -48.44532]
					}
				},
				"bone63": {
					"rotation": {
						"0.0": [0, -17.5, 20],
						"0.8333": [-4.6653, -16.88547, 35.69284],
						"1.8333": [0, -17.5, 20]
					}
				},
				"bone64": {
					"rotation": {
						"0.0": [-1.29717, 4.82922, -15.0547],
						"0.3333": [-1.37401, 19.82519, -15.41156],
						"1.8333": [-1.29717, 4.82922, -15.0547]
					}
				},
				"bone65": {
					"rotation": {
						"0.0": [0, 10, 0],
						"1.8333": [0, 10, 0]
					}
				},
				"bone66": {
					"rotation": {
						"0.0": [9.36302, 31.26463, 17.62528],
						"0.8333": [13.09317, -39.37513, 4.19821],
						"1.3333": [11.40716, -45.32199, 4.56968],
						"1.8333": [9.36302, 31.26463, 17.62528]
					}
				},
				"bone67": {
					"rotation": {
						"0.0": [0, -62.5, 0],
						"0.8333": [24.24712, -4.18866, -15.40008],
						"1.3333": [-18.70754, -52.40321, 24.59802],
						"1.8333": [0, -62.5, 0]
					}
				},
				"bone68": {
					"rotation": {
						"0.0": [-13.92809, 53.77546, -17.0883],
						"0.3333": [-38.14571, 60.70476, -47.97971],
						"0.5": [-51.89393, 60.87387, -64.54542],
						"0.8333": [-33.42495, 28.58998, -42.26236],
						"1.8333": [-13.92809, 53.77546, -17.0883]
					}
				},
				"bone69": {
					"rotation": {
						"0.0": [-7.33476, -27.0478, -11.24314],
						"0.3333": [-21.52551, -51.77999, 7.02496],
						"0.5": [-54.77507, -69.52942, 44.50957],
						"0.8333": [-19.65582, 0.23097, -2.77022],
						"1.3333": [-15.94667, 34.65737, -9.37473],
						"1.8333": [-7.33476, -27.0478, -11.24314]
					}
				},
				"bone77": {
					"rotation": {
						"0.0": [0, 7.5, -15],
						"0.8333": [-1.95155, 7.24305, -30.12353],
						"1.8333": [0, 7.5, -15]
					}
				},
				"bone78": {
					"rotation": {
						"0.0": [0, 12.5, 0],
						"1.8333": [0, 12.5, 0]
					}
				},
				"bone79": {
					"rotation": {
						"0.0": [0, -12.5, 0],
						"1.8333": [0, -12.5, 0]
					}
				},
				"bone80": {
					"rotation": {
						"0.0": [-0.1677, -27.77995, 19.92635],
						"0.3333": [-0.27404, 57.21965, 19.61779],
						"1.8333": [-0.1677, -27.77995, 19.92635]
					}
				},
				"bone81": {
					"rotation": {
						"0.0": [7.99439, 0.42488, -23.91709],
						"0.3333": [7.58262, -9.18602, -8.7891],
						"0.8333": [7.24519, 15.92309, 10.79159],
						"1.8333": [7.99439, 0.42488, -23.91709]
					}
				},
				"bone82": {
					"rotation": {
						"0.0": [0, 60, 0],
						"0.3333": [12.92302, 27.45741, -2.64756],
						"0.8333": [0, -65, 0],
						"1.3333": [0, 42.5, 0],
						"1.8333": [0, 60, 0]
					}
				},
				"bone83": {
					"rotation": {
						"0.0": [-32.54685, -32.24202, 13.67531],
						"0.3333": [-62.1061, -59.01258, 53.17851],
						"0.8333": [-24.65653, 15.45179, 11.05036],
						"1.3333": [-24.76439, -55.01764, 20.30184],
						"1.8333": [-32.54685, -32.24202, 13.67531]
					}
				},
				"bone84": {
					"rotation": {
						"0.0": [-5, -5, 0],
						"0.8333": [18.94842, -1.09563, -5.53549],
						"1.8333": [-5, -5, 0]
					}
				},
				"bone6": {
					"rotation": [0, 0, 0]
				},
				"bone86": {
					"rotation": [-0.08205, -9.00132, -67.02968]
				},
				"bone87": {
					"rotation": [6.36571, -5.86179, 51.27254]
				},
				"bone88": {
					"rotation": [0, 0, 22.5]
				},
				"bone92": {
					"rotation": [0, -10, -7.5]
				},
				"bone93": {
					"rotation": [0, 0, 37.5]
				},
				"bone94": {
					"rotation": [-2.934, 10.24994, 25.25182]
				},
				"bone89": {
					"rotation": [0, -10, -57.5]
				},
				"bone90": {
					"rotation": [0, 0, 40]
				},
				"bone91": {
					"rotation": [0, 0, 37.5]
				},
				"bone": {
					"position": [0, 0, -1]
				}
			}
		}
	}
}