{
	"format_version": "1.8.0",
	"animations": {
		"animation.pj_pugapillar.moving": {
			"loop": true,
			"animation_length": 0.54167,
			"blend_weight": "1",
			"bones": {
				"body": {
					"rotation": {
						"0.0": [0, -7.5, 0],
						"0.2083": [0, 2.5, 0],
						"0.5417": [0, -7.5, 0]
					}
				},
				"Head": {
					"rotation": {
						"0.0": [0, 10, 0],
						"0.2083": [0, -5, 0],
						"0.5417": [0, 10, 0]
					}
				},
				"leg": {
					"rotation": {
						"0.0": [15, 0, 0],
						"0.2917": [-17.5, 0, 0],
						"0.5417": [15, 0, 0]
					}
				},
				"leg2": {
					"rotation": {
						"0.0": [-12.5, 0, 0],
						"0.2917": [10, 0, 0],
						"0.5417": [-12.5, 0, 0]
					},
					"position": {
						"0.0": [0, 2, 0],
						"0.2917": [0, 1, 0],
						"0.5417": [0, 2, 0]
					}
				}
			}
		}
	}
}