{
	"format_version": "1.8.0",
	"animations": {
		"animation.poppy.sitting": {
			"loop": true,
			"animation_length": 1.125,
			"blend_weight": "1",
			"bones": {
				"head": {
					"rotation": [-10, 0, 0]
				},
				"r_hair": {
					"rotation": [-9.85108, -1.72794, -9.85108]
				},
				"l_hair3": {
					"rotation": [2.22312, -1.7121, 9.49582]
				},
				"arm": {
					"rotation": [0, 0, -15]
				},
				"lower_arm": {
					"rotation": [20, 0, 0]
				},
				"arm2": {
					"rotation": [0, 0, 15]
				},
				"lower_arm2": {
					"rotation": [20, 0, 0]
				},
				"leg": {
					"rotation": [40, 0, 0]
				},
				"lower_leg": {
					"rotation": [50, 0, 0]
				},
				"leg2": {
					"rotation": [40, 0, 0]
				},
				"lower_leg2": {
					"rotation": [50.08809, -0.27787, -0.59045]
				},
				"all": {
					"position": [0, -4, 0]
				}
			}
		},
		"animation.poppy.general": {
			"loop": true,
			"animation_length": 0.625,
			"blend_weight": "1",
			"bones": {
				"head": {
					"rotation": [-2.5, 0, 0]
				},
				"r_hair": {
					"rotation": [-9.85108, -1.72794, -9.85108]
				},
				"l_hair3": {
					"rotation": [2.22312, -1.7121, 9.49582]
				},
				"arm": {
					"rotation": [0, 0, -15]
				},
				"lower_arm": {
					"rotation": [20, 0, 0]
				},
				"arm2": {
					"rotation": [0, 0, 15]
				},
				"lower_arm2": {
					"rotation": [20, 0, 0]
				},
				"all": {
					"position": [0, 0, 0]
				}
			}
		},
		"animation.poppy.moving": {
			"loop": true,
			"animation_length": 0.875,
			"blend_weight": "1",
			"bones": {
				"head": {
					"rotation": {
						"0.0": [2.5, 0, 0],
						"0.4583": [-7.5, 0, 0],
						"0.875": [2.5, 0, 0]
					}
				},
				"r_hair": {
					"rotation": [-9.85108, -1.72794, -9.85108]
				},
				"l_hair3": {
					"rotation": [2.22312, -1.7121, 9.49582]
				},
				"arm": {
					"rotation": {
						"0.0": [25, 0, -15],
						"0.4167": [-35, 0, -15],
						"0.875": [25, 0, -15]
					}
				},
				"lower_arm": {
					"rotation": [20, 0, 0]
				},
				"arm2": {
					"rotation": {
						"0.0": [-27.5, 0, 15],
						"0.4167": [12.0442, 0.63322, 21.34474],
						"0.875": [-27.5, 0, 15]
					}
				},
				"lower_arm2": {
					"rotation": [20, 0, 0]
				},
				"all": {
					"position": {
						"0.0": [0, 0, 0],
						"0.25": [0, 0.4, 0],
						"0.4167": [0, -1, 0],
						"0.625": [0, 0.45, 0],
						"0.875": [0, 0, 0]
					}
				},
				"body2": {
					"rotation": {
						"0.0": [-7.5, 0, 0],
						"0.4583": [2.17451, -0.35508, 1.72472],
						"0.875": [-7.5, 0, 0]
					}
				},
				"leg": {
					"rotation": {
						"0.0": [-16.67186, -4.79219, -1.7535],
						"0.4167": [30.82903, -4.79115, -1.75183],
						"0.875": [-16.67, -4.79, -1.75]
					}
				},
				"lower_leg": {
					"rotation": {
						"0.0": [-32.5, 0, 0],
						"0.875": [-32.5, 0, 0]
					}
				},
				"leg2": {
					"rotation": {
						"0.0": [15, 0, 0],
						"0.4167": [-34.68043, -1.78304, -1.12545],
						"0.875": [15, 0, 0]
					}
				},
				"lower_leg2": {
					"rotation": [-22.5, 0, 0]
				}
			}
		}
	}
}