{
	"format_version": "1.8.0",
	"animations": {
	"animation.smoke": {
			"loop": true,
			"animation_length": 0.0,
			"particle_effects":
                  {"0.0":
                      {"effect":"smoke",
                       "locator":"smoke"
                       }
                   }
		},
		"animation.ic_train.move": {
			"loop": true,
			"animation_length": 1.5,
			"anim_time_update": "query.anim_time + query.delta_time * 1.0",
			"bones": {
				"wheel6": {
					"rotation": {
						"0.0": [0, 0, 0],
						"1.5": [360, 0, 0]
					}
				},
				"wheel7": {
					"rotation": {
						"0.0": [0, 0, 0],
						"1.5": [360, 0, 0]
					}
				},
				"wheel8": {
					"rotation": {
						"0.0": [0, 0, 0],
						"1.5": [360, 0, 0]
					}
				},
				"wheel11": {
					"rotation": {
						"0.0": [0, 0, 0],
						"1.5": [360, 0, 0]
					}
				},
				"wheel13": {
					"rotation": {
						"0.0": [0, 0, 0],
						"1.5": [360, 0, 0]
					}
				},
				"wheel2": {
					"rotation": {
						"0.0": [0, 0, 0],
						"1.5": [360, 0, 0]
					}
				},
				"wheel3": {
					"rotation": {
						"0.0": [0, 0, 0],
						"1.5": [360, 0, 0]
					}
				},
				"wheel4": {
					"rotation": {
						"0.0": [0, 0, 0],
						"1.5": [360, 0, 0]
					}
				},
				"wheel9": {
					"rotation": {
						"0.0": [0, 0, 0],
						"1.5": [360, 0, 0]
					}
				},
				"wheel10": {
					"rotation": {
						"0.0": [0, 0, 0],
						"1.5": [360, 0, 0]
					}
				},
				"wheel12": {
					"rotation": {
						"0.0": [0, 0, 0],
						"1.5": [360, 0, 0]
					}
				},
				"wheel_line": {
					"position": {
						"0.0": {
							"post": [0, 0, 0],
							"lerp_mode": "catmullrom"
						},
						"0.25": {
							"post": [0, -2, 1],
							"lerp_mode": "catmullrom"
						},
						"0.5": {
							"post": [0, -2, 3],
							"lerp_mode": "catmullrom"
						},
						"0.75": {
							"post": [0, -1, 4],
							"lerp_mode": "catmullrom"
						},
						"1.0": {
							"post": [0, 2, 4],
							"lerp_mode": "catmullrom"
						},
						"1.25": {
							"post": [0, 2, 0],
							"lerp_mode": "catmullrom"
						},
						"1.5": {
							"post": [0, 0, 0],
							"lerp_mode": "catmullrom"
						}
					}
				},
				"wheel_line2": {
					"rotation": {
						"0.0": {
							"post": [0, 0, 0],
							"lerp_mode": "catmullrom"
						},
						"0.25": {
							"post": [0, 0, 0],
							"lerp_mode": "catmullrom"
						},
						"0.5": {
							"post": [0, 0, 0],
							"lerp_mode": "catmullrom"
						},
						"0.75": {
							"post": [2.5, 0, 0],
							"lerp_mode": "catmullrom"
						},
						"1.0": {
							"post": [0, 0, 0],
							"lerp_mode": "catmullrom"
						},
						"1.25": {
							"post": [-2.5, 0, 0],
							"lerp_mode": "catmullrom"
						},
						"1.5": {
							"post": [0, 0, 0],
							"lerp_mode": "catmullrom"
						}
					},
					"position": {
						"0.0": {
							"post": [0, 0, 0],
							"lerp_mode": "catmullrom"
						},
						"0.25": {
							"post": [0, 2, -1],
							"lerp_mode": "catmullrom"
						},
						"0.5": {
							"post": [0, 2, -5],
							"lerp_mode": "catmullrom"
						},
						"0.75": {
							"post": [0, -1, -6],
							"lerp_mode": "catmullrom"
						},
						"1.0": {
							"post": [0, -2, -5],
							"lerp_mode": "catmullrom"
						},
						"1.25": {
							"post": [0, -2, -2],
							"lerp_mode": "catmullrom"
						},
						"1.5": {
							"post": [0, 0, 0],
							"lerp_mode": "catmullrom"
						}
					}
				}
			}
		}
	}
}