{
    "format_version": "1.16.0",
    "minecraft:entity": {
    "description": {
        "identifier": "edge:cargo",
        "is_spawnable": true,
        "is_summonable": true,
        "is_experimental": false,
        "runtime_identifier": "minecraft:chest_minecart",
        "animations": {
          "str": "controller.animation.str",
          "leash": "controller.animation.leash"
        },
        "scripts": {
          "animate": [
            "str",
            "leash"
          ]
        }
       },
    "component_groups": {
      "red":{
        "minecraft:variant": {
          "value": 0
        }
      },
      "green":{
        "minecraft:variant": {
          "value": 1
        }
      },
      "blue":{
        "minecraft:variant": {
          "value": 2
        }
      },
      "yellow":{
        "minecraft:variant": {
          "value": 3
        }
      },
      "orange":{
        "minecraft:variant": {
          "value": 4
        }
      },
      "purple":{
        "minecraft:variant": {
          "value": 5
        }
      },
      "white":{
        "minecraft:variant": {
          "value": 6
        }
      },
      "black":{
        "minecraft:variant": {
          "value": 7
        }
      },
      "despawn":{
        "minecraft:instant_despawn":{},
        "minecraft:spawn_entity": {
          "entities": {
            "min_wait_time": 0,
            "max_wait_time": 0,
            "spawn_sound": "",
            "single_use": true,
            "spawn_item": "edge:cargo_spawn_egg"
          }
        }
      },
      "summon_carriage":{
        "minecraft:spawn_entity": {
          "entities": {
            "min_wait_time": 0,
            "max_wait_time": 0,
            "spawn_sound": "random.anvil_use",
            "single_use": true,
            "spawn_entity": "edge:carriage",
            "should_leash": true,
            "spawn_event": "leashed_summon"
          }
        }
      },
      "summon_cargo":{
        "minecraft:spawn_entity": {
          "entities": {
            "min_wait_time": 0,
            "max_wait_time": 0,
            "spawn_sound": "random.anvil_use",
            "single_use": true,
            "spawn_entity": "edge:cargo",
            "should_leash": true,
            "spawn_event": "leashed_summon"
          }
        }
      },
      "leashed_summon":{
        "minecraft:skin_id":{
          "value": 1
        }
      }
    },
    "components": {
      "minecraft:type_family": {
        "family": [ "cargo" ]
      },
      "minecraft:scale": {
        "value": 1.0
      },
      "minecraft:collision_box": {
        "width": 2.8,
        "height": 1.2
      },
      "minecraft:variant":{
        "value": 1
      },
      "minecraft:skin_id":{
        "value": 0
      },
      "minecraft:rail_movement": {
      },
      "minecraft:rail_sensor": {
        "eject_on_activate": true
      },
      "minecraft:leashable": {
        "soft_distance": 0.0,
        "hard_distance": 3.0,
        "max_distance": 50.0,
        "can_be_stolen": false
      },
      "minecraft:inventory": {
        "container_type": "minecart_chest",
        "inventory_size": 27,
        "can_be_siphoned_from": true
      },
      "minecraft:damage_sensor": {
        "triggers": [
          {
            "cause": "all",
            "deals_damage": false
          }
        ]
      },
      "minecraft:interact": {
				"interactions": [
          {
						"on_interact": {
							"filters": {
								"all_of": [
                  { "test": "is_sneaking", "subject": "player", "operator": "equals", "value": true },
                  { "test": "rider_count", "subject": "self", "operator": "equals", "value": 0 },
								  { "test": "has_equipment", "subject": "player", "domain": "hand", "value": "edge:carriage_coupler"}
								]
							},
							"event": "summon_carriage",
							"target": "self"
						},
						"use_item": true,
            "swing": true,
						"interact_text": "action.interact.couple"
					},
          {
						"on_interact": {
							"filters": {
								"all_of": [
                  { "test": "is_sneaking", "subject": "player", "operator": "equals", "value": true },
                  { "test": "rider_count", "subject": "self", "operator": "equals", "value": 0 },
								  { "test": "has_equipment", "subject": "player", "domain": "hand", "value": "edge:cargo_coupler"}
								]
							},
							"event": "summon_cargo",
							"target": "self"
						},
						"use_item": true,
            "swing": true,
						"interact_text": "action.interact.couple"
					},
					{
						"on_interact": {
							"filters": {
								"all_of": [
                  { "test": "is_sneaking", "subject": "player", "operator": "equals", "value": true },
                  { "test": "rider_count", "subject": "self", "operator": "equals", "value": 0 },
								  { "test": "has_equipment", "subject": "player", "domain": "hand", "value": "red_dye"}
								]
							},
							"event": "red",
							"target": "self"
						},
						"use_item": true,
            "swing": true,
						"interact_text": "action.interact.paint"
					},
          {
						"on_interact": {
							"filters": {
								"all_of": [
                  { "test": "is_sneaking", "subject": "player", "operator": "equals", "value": true },
                  { "test": "rider_count", "subject": "self", "operator": "equals", "value": 0 },
								  { "test": "has_equipment", "subject": "player", "domain": "hand", "value": "green_dye"}
								]
							},
							"event": "green",
							"target": "self"
						},
						"use_item": false,
            "swing": true,
						"interact_text": "action.interact.paint"
					},
          {
						"on_interact": {
							"filters": {
								"all_of": [
                  { "test": "is_sneaking", "subject": "player", "operator": "equals", "value": true },
                  { "test": "rider_count", "subject": "self", "operator": "equals", "value": 0 },
								  { "test": "has_equipment", "subject": "player", "domain": "hand", "value": "blue_dye"}
								]
							},
							"event": "blue",
							"target": "self"
						},
						"use_item": false,
            "swing": true,
						"interact_text": "action.interact.paint"
					},
          {
						"on_interact": {
							"filters": {
								"all_of": [
                  { "test": "is_sneaking", "subject": "player", "operator": "equals", "value": true },
                  { "test": "rider_count", "subject": "self", "operator": "equals", "value": 0 },
								  { "test": "has_equipment", "subject": "player", "domain": "hand", "value": "yellow_dye"}
								]
							},
							"event": "yellow",
							"target": "self"
						},
						"use_item": false,
            "swing": true,
						"interact_text": "action.interact.paint"
					},
          {
						"on_interact": {
							"filters": {
								"all_of": [
                  { "test": "is_sneaking", "subject": "player", "operator": "equals", "value": true },
                  { "test": "rider_count", "subject": "self", "operator": "equals", "value": 0 },
								  { "test": "has_equipment", "subject": "player", "domain": "hand", "value": "orange_dye"}
								]
							},
							"event": "orange",
							"target": "self"
						},
						"use_item": false,
            "swing": true,
						"interact_text": "action.interact.paint"
					},
          {
						"on_interact": {
							"filters": {
								"all_of": [
                  { "test": "is_sneaking", "subject": "player", "operator": "equals", "value": true },
                  { "test": "rider_count", "subject": "self", "operator": "equals", "value": 0 },
								  { "test": "has_equipment", "subject": "player", "domain": "hand", "value": "purple_dye"}
								]
							},
							"event": "purple",
							"target": "self"
						},
						"use_item": false,
            "swing": true,
						"interact_text": "action.interact.paint"
					},
          {
						"on_interact": {
							"filters": {
								"all_of": [
                  { "test": "is_sneaking", "subject": "player", "operator": "equals", "value": true },
                  { "test": "rider_count", "subject": "self", "operator": "equals", "value": 0 },
								  { "test": "has_equipment", "subject": "player", "domain": "hand", "value": "white_dye"}
								]
							},
							"event": "white",
							"target": "self"
						},
						"use_item": false,
            "swing": true,
						"interact_text": "action.interact.paint"
					},
          {
						"on_interact": {
							"filters": {
								"all_of": [
                  { "test": "is_sneaking", "subject": "player", "operator": "equals", "value": true },
                  { "test": "rider_count", "subject": "self", "operator": "equals", "value": 0 },
								  { "test": "has_equipment", "subject": "player", "domain": "hand", "value": "black_dye"}
								]
							},
							"event": "black",
							"target": "self"
						},
						"use_item": false,
            "swing": true,
						"interact_text": "action.interact.paint"
					}
				]
			},
      "minecraft:nameable": {
      },
      "minecraft:pushable": {
          "is_pushable": true,
          "is_pushable_by_piston": false
      },
      "minecraft:is_stackable":{},
      "minecraft:push_through":{
        "value": 1
      },
      "minecraft:physics": {},
      "minecraft:conditional_bandwidth_optimization": {
        "default_values": {
          "max_optimized_distance": 60.0,
          "max_dropped_ticks": 20,
          "use_motion_prediction_hints": true
        },
        "conditional_values": [
          {
            "max_optimized_distance": 0.0,
            "max_dropped_ticks": 0,
            "conditional_values": [
              { "test": "is_moving", "subject": "self", "operator": "==", "value": true}
            ]
          }
        ]
      }
    },

    "events": {
      "red":{
        "add":{
          "component_groups":[
            "red"
          ]
        }
      },
      "green":{
        "add":{
          "component_groups":[
            "green"
          ]
        }
      },
      "blue":{
        "add":{
          "component_groups":[
            "blue"
          ]
        }
      },
      "yellow":{
        "add":{
          "component_groups":[
            "yellow"
          ]
        }
      },
      "orange":{
        "add":{
          "component_groups":[
            "orange"
          ]
        }
      },
      "purple":{
        "add":{
          "component_groups":[
            "purple"
          ]
        }
      },
      "white":{
        "add":{
          "component_groups":[
            "white"
          ]
        }
      },
      "black":{
        "add":{
          "component_groups":[
            "black"
          ]
        }
      },
      "despawn":{
        "add":{
          "component_groups":[
            "despawn"
          ]
        }
      },
      "summon_carriage":{
        "add":{
          "component_groups":[
            "summon_carriage"
          ]
        }
      },
      "summon_cargo":{
        "add":{
          "component_groups":[
            "summon_cargo"
          ]
        }
      },
      "leashed_summon":{
        "add":{
          "component_groups":[
            "leashed_summon"
          ]
        }
      },
      "remove_leashed_summon":{
        "remove":{
          "component_groups":[
            "leashed_summon"
          ]
        }
      }
    }
  }
}
