{
	"format_version" : "1.17.30",
	"animation_controllers" : {
	"controller.animation.cultist": {
	"initial_state": "default",
	"states": {
		"default": {
		"variables": {
				"walk": {
					"input": "query.modified_move_speed",
					"remap_curve": {
						"0.0": 0.0,
						"0.27": 1.0
					}
				},
				"idle": {
					"input": "query.modified_move_speed",
					"remap_curve": {
						"0.27": 0.0,
						"0.0": 1.0
					}
				}
			},
		"animations": [
				{"idle" : "variable.idle"},
				{"walk" : "variable.walk"}
			],
		"transitions": [
						{
								"chase": "query.has_target"
							},
							{
								"shoot": "query.is_charged"
							} 
		],
		"blend_transition": 0.2
	  },
	  "chase": {
	"variables": {
				"walk": {
					"input": "query.modified_move_speed",
					"remap_curve": {
						"0.0": 0.0,
						"0.27": 1.0
					}
				},
				"idle": {
					"input": "query.modified_move_speed",
					"remap_curve": {
						"0.27": 0.0,
						"0.0": 1.0
					}
				}
			},
		"animations": [
			{"sprint": "variable.walk"},
			{"idle" : "variable.idle"}
		],
		"transitions": [{
				"default": "!query.has_target"
		},
		{
				"shoot": "query.is_charged"
		} 
		],
		"blend_transition": 0.2   
	},
	"shoot": {
	"variables": {
				"walk": {
					"input": "query.modified_move_speed",
					"remap_curve": {
						"0.0": 0.0,
						"0.27": 1.0
					}
				},
				"idle": {
					"input": "query.modified_move_speed",
					"remap_curve": {
						"0.27": 0.0,
						"0.0": 1.0
					}
				}
			},
		"animations": [
			{"sprint": "variable.walk"},
			{"shoot" : "variable.idle"}
		],
		"transitions": [{
				"default": "!query.is_charged"
		},
		{
								"chase": "query.has_target && !query.is_charged"
							}
		],
		"blend_transition": 0.7
	} 
                  }
                }
			}
		}