{
    "minirod_move": {
        "category": "neutral",
        "sounds": [
            "sounds/minirods/minirod_move1",
            "sounds/minirods/minirod_move2",
            "sounds/minirods/minirod_move3",
            "sounds/minirods/minirod_move4"
        ]
    },
    "minirod_hurt": {
        "category": "neutral",
        "sounds": [
            "sounds/minirods/minirod_hurt"
        ]
    },
    "minirod_prototype_warning": {
        "category": "neutral",
        "sounds": [
            "sounds/minirods/prototype/prototype_warn"
        ]
    },
    "minirod_warning": {
        "category": "neutral",
        "sounds": [
            "sounds/minirods/minirod_warn1",
            "sounds/minirods/minirod_warn2",
            "sounds/minirods/minirod_warn3",
            "sounds/minirods/minirod_warn4"
        ]
    },
    "minirod_alert": {
        "category": "neutral",
        "sounds": [
            "sounds/minirods/minirod_alert"
        ]
    },
    "minirod_shock": {
        "category": "neutral",
        "sounds": [
            "sounds/minirods/minirod_shock"
        ]
    },
    "minirod_mechanic": {
        "category": "neutral",
        "sounds": [
            "sounds/minirods/mechanic/mechanic1",
            "sounds/minirods/mechanic/mechanic2"
        ]
    },
    "minirod_attack": {
        "category": "neutral",
        "sounds": [
            "sounds/minirods/minirod_attack"
        ]
    },
    "minirod_down": {
        "category": "neutral",
        "sounds": [
            "sounds/minirods/minirod_down1",
            "sounds/minirods/minirod_down2"
        ]
    },
  "electrogun": {
    "category": "neutral",
    "sounds": [
      "sounds/weapons/electrogun"
        ]
    },
    "minirod_worker": {
        "category": "neutral",
        "sounds": [
            "sounds/minirods/worker/worker1",
            "sounds/minirods/worker/worker2",
            "sounds/minirods/worker/worker3"
        ]
    },
    "j": {
        "category": "neutral",
        "sounds": [
            "sounds/kids/j/j1",
            "sounds/kids/j/j2",
            "sounds/kids/j/j3",
            "sounds/kids/j/j4",
            "sounds/kids/j/j5",
            "sounds/kids/j/j7"
        ]
    },
    "j_call_charlie": {
        "category": "neutral",
        "sounds": [
            "sounds/kids/j/j_call_charlie1",
            "sounds/kids/j/j_call_charlie2",
            "sounds/kids/j/j_call_charlie3",
            "sounds/kids/j/j_call_charlie4",
            "sounds/kids/j/j_call_charlie5"
        ]
    },
    "j_call_mike": {
        "category": "neutral",
        "sounds": [
            "sounds/kids/j/j_call_mike1",
            "sounds/kids/j/j_call_mike2",
            "sounds/kids/j/j_call_mike3",
            "sounds/kids/j/j_call_mike4",
            "sounds/kids/j/j_call_mike5"
        ]
    },
    "j_death": {
        "category": "neutral",
        "sounds": [
            "sounds/kids/j/j_death1",
            "sounds/kids/j/j_death2",
            "sounds/kids/j/j_death3"
        ]
    },
    "j_end_call": {
        "category": "neutral",
        "sounds": [
            "sounds/kids/j/j_end_call1",
            "sounds/kids/j/j_end_call2",
            "sounds/kids/j/j_end_call3"
        ]
    },
    "j_hurt": {
        "category": "neutral",
        "sounds": [
            "sounds/kids/j/j_hurt1",
            "sounds/kids/j/j_hurt2",
            "sounds/kids/j/j_hurt3",
            "sounds/kids/j/j_hurt4"
        ]
    },
    "mike": {
        "category": "neutral",
        "sounds": [
            "sounds/kids/mike/mike1",
            "sounds/kids/mike/mike2",
            "sounds/kids/mike/mike3"
        ]
    },
    "mike_call_j": {
        "category": "neutral",
        "sounds": [
            "sounds/kids/mike/mike_call_j1",
            "sounds/kids/mike/mike_call_j2",
            "sounds/kids/mike/mike_call_j3"
        ]
    },
    "mike_death": {
        "category": "neutral",
        "sounds": [
            "sounds/kids/mike/mike_death1",
            "sounds/kids/mike/mike_death2"
        ]
    },
    "mike_end_call": {
        "category": "neutral",
        "sounds": [
            "sounds/kids/mike/mike_end_call1",
            "sounds/kids/mike/mike_end_call2"
        ]
    },
    "mike_hurt": {
        "category": "neutral",
        "sounds": [
            "sounds/kids/mike/mike_hurt1",
            "sounds/kids/mike/mike_hurt2",
            "sounds/kids/mike/mike_hurt3",
            "sounds/kids/mike/mike_hurt4"
        ]
    },
    "cage": {
        "category": "neutral",
        "sounds": [
            "sounds/blocks/cage/cage"
        ]
    },
    "cage_locked": {
        "category": "neutral",
        "sounds": [
            "sounds/blocks/cage/cage_locked"
        ]
    },
    "switch_character": {
        "category": "neutral",
        "sounds": [
            "sounds/musics/switch_character"
        ]
    },
    "phone_drop": {
        "category": "neutral",
        "sounds": [
            "sounds/blocks/phone/phone_drop"
        ]
    },
    "phone_pick": {
        "category": "neutral",
        "sounds": [
            "sounds/blocks/phone/phone_pick"
        ]
    },
    "minirod_cleaner1": {
        "category": "neutral",
        "sounds": [
            "sounds/minirods/cleaner1/cleaner1_1",
            "sounds/minirods/cleaner1/cleaner1_2",
            "sounds/minirods/cleaner1/cleaner1_3"
        ]
    },
    "locker": {
        "category": "neutral",
        "sounds": [
            "sounds/blocks/door/locker"
        ]
    },
    "cabinet": {
        "category": "neutral",
        "sounds": [
            "sounds/blocks/door/cabinet"
        ]
    },
    "rod": {
        "category": "neutral",
        "sounds": [
            "sounds/rod/rod1",
            "sounds/rod/rod2",
            "sounds/rod/rod3",
            "sounds/rod/rod4"
        ]
    },
    "rod_attack": {
        "category": "neutral",
        "sounds": [
            "sounds/rod/rod_attack"
        ]
    },
    "rod_hurt": {
        "category": "neutral",
        "sounds": [
            "sounds/rod/rod_hurt1",
            "sounds/rod/rod_hurt2",
            "sounds/rod/rod_hurt3"
        ]
    },
    "rod_warn": {
        "category": "neutral",
        "sounds": [
            "sounds/rod/rod_warn1",
            "sounds/rod/rod_warn2",
            "sounds/rod/rod_warn3",
            "sounds/rod/rod_warn4",
            "sounds/rod/rod_warn5"
        ]
    },
    "charlie": {
        "category": "neutral",
        "sounds": [
            "sounds/kids/charlie/charlie1",
            "sounds/kids/charlie/charlie2",
            "sounds/kids/charlie/charlie3",
            "sounds/kids/charlie/charlie4",
            "sounds/kids/charlie/charlie5",
            "sounds/kids/charlie/charlie6"
        ]
    },
    "charlie_call_j": {
        "category": "neutral",
        "sounds": [
            "sounds/kids/charlie/charlie_call_j1",
            "sounds/kids/charlie/charlie_call_j2"
        ]
    },
    "charlie_death": {
        "category": "neutral",
        "sounds": [
            "sounds/kids/charlie/charlie_death1",
            "sounds/kids/charlie/charlie_death2",
            "sounds/kids/charlie/charlie_death3"
        ]
    },
    "charlie_hurt": {
        "category": "neutral",
        "sounds": [
            "sounds/kids/charlie/charlie_hurt1",
            "sounds/kids/charlie/charlie_hurt2"
        ]
    },
    "charlie_move": {
        "category": "neutral",
        "sounds": [
            "sounds/kids/charlie/charlie_move"
        ]
    },
    "boris_attack": {
        "category": "neutral",
        "sounds": [
            "sounds/boris/boris_attack"
        ]
    },
    "boris_sleep": {
        "category": "neutral",
        "sounds": [
            "sounds/boris/boris_sleep"
        ]
    },
    "boris_sleep_again": {
        "category": "neutral",
        "sounds": [
            "sounds/boris/boris_sleep_again1",
            "sounds/boris/boris_sleep_again2"
        ]
    },
    "boris_warn": {
        "category": "neutral",
        "sounds": [
            "sounds/boris/boris_warn1",
            "sounds/boris/boris_warn2"
        ]
    },
    "microwavegun": {
        "category": "neutral",
        "sounds": [
            "sounds/weapons/microwavegun"
        ]
    },
    "lis": {
        "category": "neutral",
        "sounds": [
            "sounds/kids/lis/lis1",
            "sounds/kids/lis/lis2",
            "sounds/kids/lis/lis3",
            "sounds/kids/lis/lis4"
        ]
    },
    "lis_death": {
        "category": "neutral",
        "sounds": [
            "sounds/kids/lis/lis_death"
        ]
    },
    "minirod_cleaner2": {
        "category": "neutral",
        "sounds": [
            "sounds/minirods/cleaner2/cleaner2_1",
            "sounds/minirods/cleaner2/cleaner2_2",
            "sounds/minirods/cleaner2/cleaner2_3",
            "sounds/minirods/cleaner2/cleaner2_4",
            "sounds/minirods/cleaner2/cleaner2_5",
            "sounds/minirods/cleaner2/cleaner2_6"
        ]
    },
    "minirod_cleaner2_death": {
        "category": "neutral",
        "sounds": [
            "sounds/minirods/cleaner2/cleaner2_death"
        ]
    },
    "minirod_cleaner2_warning": {
        "category": "neutral",
        "sounds": [
            "sounds/minirods/cleaner2/cleaner2_warning"
        ]
    },
    "evil_nun1": {
        "category": "neutral",
        "sounds": [
            "sounds/evil_nun/evil_nun1"
        ]
    },
    "crocodile": {
        "category": "neutral",
        "sounds": [
            "sounds/crocodile/crocodile"
        ]
    },
    "crocodile_move": {
        "category": "neutral",
        "sounds": [
            "sounds/crocodile/crocodile_move"
        ]
    },
    "charlie_box": {
        "category": "neutral",
        "sounds": [
            "sounds/kids/charlie/charliebox1",
            "sounds/kids/charlie/charliebox2",
            "sounds/kids/charlie/charliebox3",
            "sounds/kids/charlie/charliebox4",
            "sounds/kids/charlie/charliebox5"
        ]
    },
    "charlie_box_hurt": {
        "category": "neutral",
        "sounds": [
            "sounds/kids/charlie/charliebox_hurt1",
            "sounds/kids/charlie/charliebox_hurt2",
            "sounds/kids/charlie/charliebox_hurt3",
            "sounds/kids/charlie/charliebox_hurt4"
        ]
    },
    "joseph": {
        "category": "neutral",
        "sounds": [
            "sounds/joseph/joseph1",
            "sounds/joseph/joseph2",
            "sounds/joseph/joseph3",
            "sounds/joseph/joseph4",
            "sounds/joseph/joseph5"
        ]
    },
    "mati": {
        "category": "neutral",
        "sounds": [
            "sounds/mati/mati1",
            "sounds/mati/mati2",
            "sounds/mati/mati3",
            "sounds/mati/mati4",
            "sounds/mati/mati5",
            "sounds/mati/mati6",
            "sounds/mati/mati7",
            "sounds/mati/mati8"
        ]
    },
    "mati_attack": {
        "category": "neutral",
        "sounds": [
            "sounds/mati/mati_attack"
        ]
    },
    "mati_death": {
        "category": "neutral",
        "sounds": [
            "sounds/mati/mati_death"
        ]
    },
    "mati_hurt": {
        "category": "neutral",
        "sounds": [
            "sounds/mati/mati_hurt1",
            "sounds/mati/mati_hurt2"
        ]
    },
    "mati_warn": {
        "category": "neutral",
        "sounds": [
            "sounds/mati/mati_warn1",
            "sounds/mati/mati_warn2",
            "sounds/mati/mati_warn3",
            "sounds/mati/mati_warn4",
            "sounds/mati/mati_warn5"
        ]
    },
    "switch_character": {
        "category": "music",
        "sounds": [
            "sounds/sfx/switch_character"
        ]
    },
    "van_move": {
        "category": "neutral",
        "sounds": [
            "sounds/vehicle/van_move"
        ]
    },
    "van_start": {
        "category": "neutral",
        "sounds": [
            "sounds/vehicle/van_start"
        ]
    },
    "minirod_chef": {
        "category": "neutral",
        "sounds": [
            "sounds/minirods/chef/chef1",
            "sounds/minirods/chef/chef2",
            "sounds/minirods/chef/chef3",
            "sounds/minirods/chef/chef4"
        ]
    },
    "gas": {
        "category": "neutral",
        "sounds": [
            "sounds/vehicle/gas"
        ]
    }
}
