{
	"format_version": "1.10.0",
	"minecraft:client_entity": {
		"description": {
			"identifier": "jn:box",
			"materials": {
				"default": "entity_alphatest"
			},
			"textures": {
				"default": "textures/jn/entity/box_jn.png"
			},
			"geometry": {
				"default": "geometry.box_jn"
			},
			"render_controllers": ["controller.render.default"],
			"spawn_egg": {
				"base_color": "#5e4931",
				"overlay_color": "#ffff00"
			},

                                                       "scripts": {
                                                          "animate": [
															  {
																  "fall": "!query.is_on_ground"
															  }
                ]
			},
                                                       "animations": {
                                                           "fall": "animation.box_jn.fall"
		    }

		}
	}
}