{
	"format_version": "1.10.0",
	"minecraft:client_entity": {
		"description": {
			"identifier": "jn:huggy",
			"materials": {
				"default": "entity_alphatest"
			},
			"textures": {
				"default": "textures/jn/entity/huggynewtest"
			},
			"geometry": {
				"default": "geometry.huggy_jn"
			},
			"render_controllers": ["controller.render.default"],
			"spawn_egg": {
				"base_color": "#0050ff",
				"overlay_color": "#fff526"
			},

                                                       "scripts": {
                                                          "animate": [
															  "huggy_control1",
															  "inside_teeth",
															  {
																  "passive": "!query.has_target && !query.has_rider"
															  },{
																  "chase": "query.has_target"
															  }
                ]
			},
                                                       "animations": {
                                                           "huggy_control1": "controller.animation.huggy_jn",
                                                           "idle": "animation.huggy_jn.idle",
														   "idle_leg": "animation.huggy_jn.idle_leg",
                                                           "under1": "animation.huggy_jn.under1",
                                                           "walk": "animation.huggy_jn.walk2",
                                                           "attack": "animation.huggy_jn.attack",
														   "ventcrawl": "animation.huggy_jn.ventcrawl",
														   "ventidle": "animation.huggy_jn.ventidle",
														   "passive": "animation.huggy_jn.passive",
														   "chase": "animation.huggy_jn.chase",
														   "wakeup": "animation.huggy_jn.wakeup",
														   "die": "animation.huggy_jn.die",
														   "jumpscare": "animation.huggy_jn.jumpscare2",
														   "grab": "animation.huggy_jn.grab",
														   "inside_teeth": "animation.huggy_jn.inside_teeth",
														   "fall": "animation.huggy_jn.fall2",
														   "land": "animation.huggy_jn.land"
		    }

		}
	}
}