{
	"format_version": "1.10.0",
	"minecraft:client_entity": {
		"description": {
			"identifier": "jn:huggy_dead",
			"materials": {
				"default": "entity_alphatest"
			},
			"textures": {
				"default": "textures/jn/entity/huggynewtest"
			},
			"geometry": {
				"default": "geometry.huggy_jn"
			},
			"render_controllers": ["controller.render.default"],
			"spawn_egg": {
				"base_color": "#0050ff",
				"overlay_color": "#fff526"
			},

                                                       "scripts": {
                                                          "animate": [
															  "huggy_control1",
															  "inside_teeth",
															  "chase"
                ]
			},
                                                       "animations": {
                                                           "huggy_control1": "controller.animation.mll_jn.dead",
                                                           "still": "animation.huggy_jn.diestill",
                                                           "fall": "animation.huggy_jn.fall2",
                                                           "die": "animation.huggy_jn.die",
														   "inside_teeth": "animation.huggy_jn.inside_teeth",
														   "chase": "animation.huggy_jn.chase"
		    }

		}
	}
}