{
	"format_version": "1.10.0",
	"minecraft:client_entity": {
		"description": {
			"identifier": "jn:huggy_statue",
			"materials": {
				"default": "entity_alphatest"
			},
			"textures": {
				"default": "textures/jn/entity/huggynewtest"
			},
			"geometry": {
				"default": "geometry.huggy_jn"
			},
			"render_controllers": ["controller.render.default"],
			"spawn_egg": {
				"base_color": "#0050ff",
				"overlay_color": "#fff526"
			},

                                                       "scripts": {
                                                          "animate": [
															  "statue",
															  "inside_teeth"
                ]
			},
                                                       "animations": {
                                                           "statue": "animation.huggy_jn.statue",
														   "inside_teeth": "animation.huggy_jn.inside_teeth"
		    }

		}
	}
}