{
	"format_version": "1.10.0",
	"minecraft:client_entity": {
		"description": {
			"identifier": "jn:jn_tpose",
			"materials": {
				"default": "entity_alphatest"
			},
			"textures": {
				"default": "textures/jn/entity/jn_tpose"
			},
			"geometry": {
				"default": "geometry.jn_tpose"
			},
			"render_controllers": ["controller.render.default"],
			"spawn_egg": {
				"base_color": "#000000",
				"overlay_color": "#6e6e6e"
			},

                                                       "scripts": {
                                                          "animate": [
															  "particle"
                ]
			},
			"particle_effects": {
				"particle": "jn:jn_tpose"
			},
                                                       "animations": {
                                                           "particle": "animation.jn_tpose.particle"
		    }

		}
	}
}