{
	"format_version": "1.10.0",
	"minecraft:client_entity": {
		"description": {
			"identifier": "jn:mommyarm",
			"materials": {
				"default": "entity_alphatest"
			},
			"textures": {
				"default": "textures/jn/entity/mommy_long_legs_jn.png"
			},
			"geometry": {
				"default": "geometry.mommy_long_legs_jn"
			},
			"render_controllers": ["controller.render.default"],
			"spawn_egg": {
				"base_color": "#ff67bd",
				"overlay_color": "#c31678"
			},

                                                       "scripts": {
                                                          "animate": [
															"big",
															{
															"stretchhand": "!query.has_rider"
														  },
														  {
															"catch": "query.has_rider"
														  }
                ]
			},
                                                       "animations": {
														"stretchhand": "animation.mommy_long_legs_jn.stretchhand",
														"catch": "animation.mommy_long_legs_jn.catch",
														"big": "animation.mommy_long_legs_jn.big"
		    }

		}
	}
}