{
    "format_version": "1.10.0",
    "minecraft:client_entity": {
      "description": {
        "identifier": "jn:throwable_web",
        "materials": {
          "default": "arrow"
        },
        "textures": {
          "default": "textures/jn/entity/web_projectile"
        },
        "geometry": {
          "default": "geometry.web_projectile_jn"
        },
        "animations": {
          "move": "animation.web_projectile_jn.roll"
        },
        "scripts": {
          "animate": [
            "move"
          ]
        },
        "render_controllers": [ "controller.render.default"]
      }
    }
  }