{
  "format_version": "1.10.0",
  "minecraft:client_entity": {
    "description": {
      "animations": {
        "attack": "animation.cy_opila_birds.attack",
        "attack_controllers": "controller.animation.cy_opila_birds.attack",
        "general": "controller.animation.cy_opila_birds.general",
        "bunzo_general": "animation.cy_opila_birds.general",
        "move": "controller.animation.cy_opila_birds.move",
        "moving": "animation.cy_opila_birds.move"
      },
      "geometry": {
        "default": "geometry.cy_opila_birds"
      },
      "identifier": "cy:opila_birds",
      "materials": {
        "default": "witch"
      },
      "render_controllers": [
        "controller.render.witch"
      ],
      "scripts": {
        "animate": [
          "move",
          "general",
          "attack_controllers"
        ],
        "pre_animation": [
          "variable.attack \u003d Math.sin(variable.attack_time * 30.0);"
        ],
        "scale": "1"
      },
      "spawn_egg": {
        "texture": "cy:opila_birds",
        "texture_index": 0
      },
      "textures": {
        "default": "textures/entity/pamobile/cy_opila_birds"
      }
    }
  }
}