{
	"format_version": "1.10.0",
	"geometry.grabpack_jn": {
		"texturewidth": 64,
		"textureheight": 64,
		"visible_bounds_width": 7,
		"visible_bounds_height": 3,
		"visible_bounds_offset": [0, 1.5, 0],
		"bones": [
			{
				"name": "root",
				"pivot": [0, 0, 0]
			},
			{
				"name": "waist",
				"parent": "root",
				"pivot": [0, 12, 0]
			},
			{
				"name": "body",
				"parent": "waist",
				"pivot": [0, 24, 0]
			},
			{
				"name": "grabpack",
				"parent": "body",
				"pivot": [0, 24, 0],
				"cubes": [
					{"origin": [-4, 18, 2], "size": [8, 6, 6], "uv": [18, 0]},
					{"origin": [4, 19, 3], "size": [1, 4, 4], "uv": [0, 16]},
					{"origin": [-5, 19, 3], "size": [1, 4, 4], "uv": [0, 16]}
				]
			},
			{
				"name": "rightArm_grabpack",
				"parent": "grabpack",
				"pivot": [-5, 22, 0],
				"cubes": [
					{"origin": [-7, 21, -9], "size": [2, 2, 14], "uv": [0, 0]},
					{"origin": [-7.5, 20.5, -5], "size": [3, 3, 4], "uv": [0, 32]}
				]
			},
			{
				"name": "rightHandle",
				"parent": "rightArm_grabpack",
				"pivot": [-5, 22, 0],
				"cubes": [
					{"origin": [-6.5, 18.5, -5], "size": [1, 2, 1], "uv": [10, 32]}
				]
			},
			{
				"name": "rightHand",
				"parent": "rightArm_grabpack",
				"pivot": [-6, 22, -9],
				"cubes": [
					{"origin": [-8, 20, -10], "size": [6, 6, 1], "uv": [0, 7]}
				]
			},
			{
				"name": "rightString",
				"parent": "rightHand",
				"pivot": [-6, 22, -9],
				"cubes": [
					{"origin": [-6.5, 21.5, -9], "size": [1, 1, 1], "uv": [0, 50]}
				]
			},
			{
				"name": "leftArm_grabpack",
				"parent": "grabpack",
				"pivot": [5, 22, 0],
				"cubes": [
					{"origin": [5, 21, -9], "size": [2, 2, 14], "uv": [0, 16]},
					{"origin": [4.5, 20.5, -5], "size": [3, 3, 4], "uv": [0, 32]}
				]
			},
			{
				"name": "leftHand",
				"parent": "leftArm_grabpack",
				"pivot": [6, 22, -9],
				"cubes": [
					{"origin": [2, 20, -10], "size": [6, 6, 1], "uv": [0, 0]}
				]
			},
			{
				"name": "leftString",
				"parent": "leftHand",
				"pivot": [-6, 22, -9],
				"cubes": [
					{"origin": [5.5, 21.5, -9], "size": [1, 1, 1], "uv": [0, 50]}
				]
			},
			{
				"name": "leftHandle",
				"parent": "leftArm_grabpack",
				"pivot": [-5, 22, 0],
				"cubes": [
					{"origin": [5.5, 18.5, -5], "size": [1, 2, 1], "uv": [10, 32]}
				]
			},
			{
				"name": "straps",
				"parent": "grabpack",
				"pivot": [0, 24, 0],
				"cubes": [
					{"origin": [-5, 17.8, -2.5], "size": [1, 6.4, 5.5], "uv": [0, 39]},
					{"origin": [4, 17.8, -2.5], "size": [1, 6.4, 5.5], "uv": [0, 39]}
				]
			}
		]
	}
}