{
  "format_version": "1.12.0",
  "minecraft:geometry": [
    {
      "description": {
        "identifier": "geometry.cy_banbaleena",
        "texture_width": 96,
        "texture_height": 96,
        "visible_bounds_width": 4,
        "visible_bounds_height": 5,
        "visible_bounds_offset": [
          0,
          1.5,
          0
        ]
      },
      "bones": [
        {
          "name": "Root",
          "pivot": [
            0,
            5,
            0
          ]
        },
        {
          "name": "Body",
          "pivot": [
            0,
            11,
            0
          ],
          "cubes": [
            {
              "origin": [
                -5.0,
                11.0,
                -4.0
              ],
              "size": [
                10.0,
                12.0,
                8.0
              ],
              "uv": [
                0,
                26
              ],
              "inflate": 0
            }
          ],
          "parent": "Root"
        },
        {
          "name": "head",
          "pivot": [
            0,
            27,
            -1
          ],
          "cubes": [
            {
              "origin": [
                -7.0,
                24.0,
                -7.0
              ],
              "size": [
                14.0,
                14.0,
                1.0
              ],
              "uv": [
                66,
                0
              ],
              "inflate": 0
            },
            {
              "origin": [
                -7.0,
                24.0,
                6.0
              ],
              "size": [
                14.0,
                14.0,
                1.0
              ],
              "uv": [
                60,
                25
              ],
              "inflate": 0
            },
            {
              "origin": [
                7.0,
                24.0,
                -6.0
              ],
              "size": [
                1.0,
                14.0,
                12.0
              ],
              "uv": [
                26,
                47
              ],
              "inflate": 0
            },
            {
              "origin": [
                -8.0,
                24.0,
                -6.0
              ],
              "size": [
                1.0,
                14.0,
                12.0
              ],
              "uv": [
                0,
                46
              ],
              "inflate": 0
            },
            {
              "origin": [
                -7.0,
                23.0,
                -6.0
              ],
              "size": [
                14.0,
                1.0,
                12.0
              ],
              "uv": [
                0,
                13
              ],
              "inflate": 0
            },
            {
              "origin": [
                8.0,
                25.0,
                -6.0
              ],
              "size": [
                1.0,
                12.0,
                12.0
              ],
              "uv": [
                52,
                47
              ],
              "inflate": 0
            },
            {
              "origin": [
                -7.0,
                38.0,
                -6.0
              ],
              "size": [
                14.0,
                1.0,
                12.0
              ],
              "uv": [
                0,
                0
              ],
              "inflate": 0
            },
            {
              "origin": [
                -6.0,
                39.0,
                -5.0
              ],
              "size": [
                12.0,
                1.0,
                10.0
              ],
              "uv": [
                26,
                36
              ],
              "inflate": 0
            },
            {
              "origin": [
                -9.0,
                25.0,
                -6.0
              ],
              "size": [
                1.0,
                12.0,
                12.0
              ],
              "uv": [
                40,
                1
              ],
              "inflate": 0
            }
          ],
          "parent": "Body"
        },
        {
          "name": "hair",
          "pivot": [
            -6,
            35,
            -7
          ],
          "parent": "head"
        },
        {
          "name": "nose",
          "pivot": [
            0,
            4,
            -1
          ],
          "cubes": [
            {
              "origin": [
                -0.5,
                28.9,
                -7.3
              ],
              "size": [
                1.0,
                1.0,
                1.0
              ],
              "uv": [
                8,
                0
              ],
              "inflate": 0
            },
            {
              "origin": [
                -1.25,
                29.65,
                -7.5
              ],
              "size": [
                1.0,
                1.0,
                1.0
              ],
              "uv": [
                0,
                8
              ],
              "inflate": -0.25
            },
            {
              "origin": [
                0.25,
                29.65,
                -7.5
              ],
              "size": [
                1.0,
                1.0,
                1.0
              ],
              "uv": [
                0,
                6
              ],
              "inflate": -0.25
            },
            {
              "origin": [
                -1.25,
                29.15,
                -7.5
              ],
              "size": [
                1.0,
                1.0,
                1.0
              ],
              "uv": [
                0,
                2
              ],
              "inflate": -0.25
            },
            {
              "origin": [
                0.25,
                29.15,
                -7.5
              ],
              "size": [
                1.0,
                1.0,
                1.0
              ],
              "uv": [
                0,
                0
              ],
              "inflate": -0.25
            }
          ],
          "parent": "head"
        },
        {
          "name": "hat",
          "pivot": [
            0,
            39,
            0
          ],
          "parent": "head"
        },
        {
          "name": "hat4",
          "pivot": [
            -7,
            37,
            1
          ],
          "cubes": [
            {
              "origin": [
                -10.0,
                36.0,
                -3.0
              ],
              "size": [
                6.0,
                4.0,
                6.0
              ],
              "uv": [
                36,
                26
              ],
              "inflate": -0.5
            },
            {
              "origin": [
                -10.0,
                38.0,
                -3.0
              ],
              "size": [
                6.0,
                4.0,
                6.0
              ],
              "uv": [
                36,
                26
              ],
              "inflate": -0.8
            }
          ],
          "parent": "hat"
        },
        {
          "name": "hat5",
          "pivot": [
            -7,
            40,
            2
          ],
          "cubes": [
            {
              "origin": [
                -10.0,
                40.0,
                -3.0
              ],
              "size": [
                6.0,
                4.0,
                6.0
              ],
              "uv": [
                36,
                26
              ],
              "inflate": -1
            },
            {
              "origin": [
                -10.0,
                41.0,
                -3.0
              ],
              "size": [
                6.0,
                4.0,
                6.0
              ],
              "uv": [
                36,
                26
              ],
              "inflate": -1.2
            },
            {
              "origin": [
                -10.0,
                42.0,
                -3.0
              ],
              "size": [
                6.0,
                4.0,
                6.0
              ],
              "uv": [
                36,
                26
              ],
              "inflate": -1.4
            },
            {
              "origin": [
                -10.0,
                43.0,
                -3.0
              ],
              "size": [
                6.0,
                4.0,
                6.0
              ],
              "uv": [
                36,
                26
              ],
              "inflate": -1.6
            }
          ],
          "parent": "hat4"
        },
        {
          "name": "hat2",
          "pivot": [
            7,
            37,
            1
          ],
          "cubes": [
            {
              "origin": [
                4.0,
                36.0,
                -3.0
              ],
              "size": [
                6.0,
                4.0,
                6.0
              ],
              "uv": [
                36,
                26
              ],
              "inflate": -0.5
            },
            {
              "origin": [
                4.0,
                38.0,
                -3.0
              ],
              "size": [
                6.0,
                4.0,
                6.0
              ],
              "uv": [
                36,
                26
              ],
              "inflate": -0.8
            }
          ],
          "parent": "hat"
        },
        {
          "name": "hat3",
          "pivot": [
            7,
            40,
            2
          ],
          "cubes": [
            {
              "origin": [
                4.0,
                40.0,
                -3.0
              ],
              "size": [
                6.0,
                4.0,
                6.0
              ],
              "uv": [
                36,
                26
              ],
              "inflate": -1
            },
            {
              "origin": [
                4.0,
                41.0,
                -3.0
              ],
              "size": [
                6.0,
                4.0,
                6.0
              ],
              "uv": [
                36,
                26
              ],
              "inflate": -1.2
            },
            {
              "origin": [
                4.0,
                42.0,
                -3.0
              ],
              "size": [
                6.0,
                4.0,
                6.0
              ],
              "uv": [
                36,
                26
              ],
              "inflate": -1.4
            },
            {
              "origin": [
                4.0,
                43.0,
                -3.0
              ],
              "size": [
                6.0,
                4.0,
                6.0
              ],
              "uv": [
                36,
                26
              ],
              "inflate": -1.6
            }
          ],
          "parent": "hat2"
        },
        {
          "name": "hat6",
          "pivot": [
            8,
            41.5,
            -2.5
          ],
          "cubes": [
            {
              "origin": [
                5.0,
                40.0,
                -3.0
              ],
              "size": [
                2.0,
                4.0,
                1.0
              ],
              "uv": [
                0,
                91
              ],
              "inflate": 0
            },
            {
              "origin": [
                5.0,
                40.0,
                -3.0
              ],
              "size": [
                2.0,
                4.0,
                1.0
              ],
              "pivot": [
                7.0,
                40.0,
                -3.0
              ],
              "rotation": [
                0.0,
                0.0,
                52.5
              ],
              "uv": [
                0,
                91
              ],
              "inflate": 0
            },
            {
              "origin": [
                9.0,
                40.0,
                -3.0
              ],
              "size": [
                2.0,
                4.0,
                1.0
              ],
              "pivot": [
                9.0,
                40.0,
                -3.0
              ],
              "rotation": [
                0.0,
                0.0,
                -52.5
              ],
              "uv": [
                0,
                91
              ],
              "inflate": 0
            },
            {
              "origin": [
                9.0,
                40.0,
                -3.0
              ],
              "size": [
                2.0,
                4.0,
                1.0
              ],
              "uv": [
                6,
                90
              ],
              "inflate": 0
            }
          ],
          "parent": "head"
        },
        {
          "name": "rightArm",
          "pivot": [
            -7,
            23,
            0
          ],
          "cubes": [
            {
              "origin": [
                -9.0,
                16.0,
                -2.0
              ],
              "size": [
                4.0,
                7.0,
                4.0
              ],
              "uv": [
                40,
                47
              ],
              "inflate": 0
            }
          ],
          "parent": "Body"
        },
        {
          "name": "rightArm2",
          "pivot": [
            -7,
            16,
            0
          ],
          "cubes": [
            {
              "origin": [
                -9.0,
                11.0,
                -2.0
              ],
              "size": [
                4.0,
                5.0,
                4.0
              ],
              "uv": [
                16,
                73
              ],
              "inflate": 0
            },
            {
              "origin": [
                -9.0,
                9.0,
                -2.0
              ],
              "size": [
                4.0,
                2.0,
                4.0
              ],
              "uv": [
                32,
                73
              ],
              "inflate": 0
            },
            {
              "origin": [
                -7.0,
                8.0,
                -4.0
              ],
              "size": [
                2.0,
                2.0,
                3.0
              ],
              "pivot": [
                -9.0,
                10.5,
                -3.0
              ],
              "rotation": [
                30.0,
                0.0,
                0.0
              ],
              "uv": [
                40,
                0
              ],
              "inflate": 0
            },
            {
              "origin": [
                -9.0,
                7.0,
                -2.0
              ],
              "size": [
                2.0,
                2.0,
                4.0
              ],
              "uv": [
                0,
                19
              ],
              "inflate": 0
            },
            {
              "origin": [
                -9.0,
                6.0,
                -2.0
              ],
              "size": [
                2.0,
                2.0,
                4.0
              ],
              "pivot": [
                -8.0,
                7.5,
                0.0
              ],
              "rotation": [
                0.0,
                0.0,
                -55.0
              ],
              "uv": [
                0,
                13
              ],
              "inflate": 0
            }
          ],
          "parent": "rightArm"
        },
        {
          "name": "leftArm",
          "pivot": [
            7,
            23,
            0
          ],
          "cubes": [
            {
              "origin": [
                5.0,
                16.0,
                -2.0
              ],
              "size": [
                4.0,
                7.0,
                4.0
              ],
              "uv": [
                14,
                46
              ],
              "inflate": 0
            }
          ],
          "parent": "Body"
        },
        {
          "name": "leftArm2",
          "pivot": [
            7,
            16,
            0
          ],
          "cubes": [
            {
              "origin": [
                5.0,
                8.0,
                -4.0
              ],
              "size": [
                2.0,
                2.0,
                3.0
              ],
              "pivot": [
                8.0,
                10.5,
                -3.0
              ],
              "rotation": [
                30.0,
                0.0,
                0.0
              ],
              "uv": [
                28,
                26
              ],
              "inflate": 0
            },
            {
              "origin": [
                5.0,
                9.0,
                -2.0
              ],
              "size": [
                4.0,
                2.0,
                4.0
              ],
              "uv": [
                66,
                53
              ],
              "inflate": 0
            },
            {
              "origin": [
                7.0,
                7.0,
                -2.0
              ],
              "size": [
                2.0,
                2.0,
                4.0
              ],
              "uv": [
                0,
                6
              ],
              "inflate": 0
            },
            {
              "origin": [
                7.0,
                6.0,
                -2.0
              ],
              "size": [
                2.0,
                2.0,
                4.0
              ],
              "pivot": [
                8.0,
                7.5,
                0.0
              ],
              "rotation": [
                0.0,
                0.0,
                55.0
              ],
              "uv": [
                0,
                0
              ],
              "inflate": 0
            },
            {
              "origin": [
                5.0,
                11.0,
                -2.0
              ],
              "size": [
                4.0,
                5.0,
                4.0
              ],
              "uv": [
                0,
                72
              ],
              "inflate": 0
            }
          ],
          "parent": "leftArm"
        },
        {
          "name": "rightLeg",
          "pivot": [
            -3,
            11,
            1
          ],
          "cubes": [
            {
              "origin": [
                -5.0,
                6.0,
                -2.0
              ],
              "size": [
                4.0,
                5.0,
                4.0
              ],
              "uv": [
                64,
                71
              ],
              "inflate": 0
            }
          ],
          "parent": "Root"
        },
        {
          "name": "rightLeg2",
          "pivot": [
            -3,
            6,
            1
          ],
          "cubes": [
            {
              "origin": [
                -5.0,
                0.0,
                -2.0
              ],
              "size": [
                4.0,
                6.0,
                4.0
              ],
              "uv": [
                66,
                43
              ],
              "inflate": 0
            }
          ],
          "parent": "rightLeg"
        },
        {
          "name": "leftLeg",
          "pivot": [
            3,
            11,
            1
          ],
          "cubes": [
            {
              "origin": [
                1.0,
                6.0,
                -2.0
              ],
              "size": [
                4.0,
                5.0,
                4.0
              ],
              "uv": [
                48,
                71
              ],
              "inflate": 0
            }
          ],
          "parent": "Root"
        },
        {
          "name": "leftLeg2",
          "pivot": [
            3,
            6,
            1
          ],
          "cubes": [
            {
              "origin": [
                1.0,
                0.0,
                -2.0
              ],
              "size": [
                4.0,
                6.0,
                4.0
              ],
              "uv": [
                66,
                15
              ],
              "inflate": 0
            }
          ],
          "parent": "Root"
        }
      ]
    }
  ]
}