{
  "format_version": "1.12.0",
  "minecraft:geometry": [
    {
      "description": {
        "identifier": "geometry.cy_caption",
        "texture_width": 64,
        "texture_height": 64,
        "visible_bounds_width": 3,
        "visible_bounds_height": 4.5,
        "visible_bounds_offset": [
          0,
          1.75,
          0
        ]
      },
      "bones": [
        {
          "name": "Root",
          "pivot": [
            0,
            5,
            0
          ]
        },
        {
          "name": "Body",
          "pivot": [
            0,
            11,
            0
          ],
          "cubes": [
            {
              "origin": [
                -5.0,
                11.0,
                -4.0
              ],
              "size": [
                10.0,
                12.0,
                8.0
              ],
              "uv": [
                0,
                0
              ],
              "inflate": 0
            }
          ],
          "parent": "Root"
        },
        {
          "name": "rightArm",
          "pivot": [
            -7,
            23,
            0
          ],
          "cubes": [
            {
              "origin": [
                -9.0,
                16.0,
                -2.0
              ],
              "size": [
                4.0,
                7.0,
                4.0
              ],
              "uv": [
                16,
                20
              ],
              "inflate": 0
            }
          ],
          "parent": "Body"
        },
        {
          "name": "rightArm2",
          "pivot": [
            -7,
            16,
            0
          ],
          "cubes": [
            {
              "origin": [
                -9.0,
                11.0,
                -2.0
              ],
              "size": [
                4.0,
                5.0,
                4.0
              ],
              "uv": [
                32,
                37
              ],
              "inflate": 0
            },
            {
              "origin": [
                -9.0,
                9.0,
                -2.0
              ],
              "size": [
                4.0,
                2.0,
                4.0
              ],
              "uv": [
                40,
                25
              ],
              "inflate": 0
            },
            {
              "origin": [
                -7.0,
                8.0,
                -4.0
              ],
              "size": [
                2.0,
                2.0,
                3.0
              ],
              "pivot": [
                -9.0,
                10.5,
                -3.0
              ],
              "rotation": [
                30.0,
                0.0,
                0.0
              ],
              "uv": [
                45,
                43
              ],
              "inflate": 0
            },
            {
              "origin": [
                -9.0,
                7.0,
                -2.0
              ],
              "size": [
                2.0,
                2.0,
                4.0
              ],
              "uv": [
                44,
                31
              ],
              "inflate": 0
            },
            {
              "origin": [
                -9.0,
                6.0,
                -2.0
              ],
              "size": [
                2.0,
                2.0,
                4.0
              ],
              "pivot": [
                -8.0,
                7.5,
                0.0
              ],
              "rotation": [
                0.0,
                0.0,
                -55.0
              ],
              "uv": [
                24,
                42
              ],
              "inflate": 0
            }
          ],
          "parent": "rightArm"
        },
        {
          "name": "leftArm",
          "pivot": [
            7,
            23,
            0
          ],
          "cubes": [
            {
              "origin": [
                5.0,
                16.0,
                -2.0
              ],
              "size": [
                4.0,
                7.0,
                4.0
              ],
              "uv": [
                0,
                20
              ],
              "inflate": 0
            }
          ],
          "parent": "Body"
        },
        {
          "name": "leftArm2",
          "pivot": [
            7,
            16,
            0
          ],
          "cubes": [
            {
              "origin": [
                5.0,
                8.0,
                -4.0
              ],
              "size": [
                2.0,
                2.0,
                3.0
              ],
              "pivot": [
                8.0,
                10.5,
                -3.0
              ],
              "rotation": [
                30.0,
                0.0,
                0.0
              ],
              "uv": [
                44,
                15
              ],
              "inflate": 0
            },
            {
              "origin": [
                5.0,
                9.0,
                -2.0
              ],
              "size": [
                4.0,
                2.0,
                4.0
              ],
              "uv": [
                36,
                9
              ],
              "inflate": 0
            },
            {
              "origin": [
                7.0,
                7.0,
                -2.0
              ],
              "size": [
                2.0,
                2.0,
                4.0
              ],
              "uv": [
                12,
                42
              ],
              "inflate": 0
            },
            {
              "origin": [
                7.0,
                6.0,
                -2.0
              ],
              "size": [
                2.0,
                2.0,
                4.0
              ],
              "pivot": [
                8.0,
                7.5,
                0.0
              ],
              "rotation": [
                0.0,
                0.0,
                55.0
              ],
              "uv": [
                0,
                41
              ],
              "inflate": 0
            },
            {
              "origin": [
                5.0,
                11.0,
                -2.0
              ],
              "size": [
                4.0,
                5.0,
                4.0
              ],
              "uv": [
                36,
                0
              ],
              "inflate": 0
            }
          ],
          "parent": "leftArm"
        },
        {
          "name": "rightLeg",
          "pivot": [
            -3,
            11,
            1
          ],
          "cubes": [
            {
              "origin": [
                -5.0,
                6.0,
                -2.0
              ],
              "size": [
                4.0,
                5.0,
                4.0
              ],
              "uv": [
                16,
                33
              ],
              "inflate": 0
            }
          ],
          "parent": "Root"
        },
        {
          "name": "rightLeg2",
          "pivot": [
            -3,
            6,
            1
          ],
          "cubes": [
            {
              "origin": [
                -5.0,
                0.0,
                -2.0
              ],
              "size": [
                4.0,
                6.0,
                4.0
              ],
              "uv": [
                0,
                31
              ],
              "inflate": 0
            }
          ],
          "parent": "rightLeg"
        },
        {
          "name": "leftLeg",
          "pivot": [
            3,
            11,
            1
          ],
          "cubes": [
            {
              "origin": [
                1.0,
                6.0,
                -2.0
              ],
              "size": [
                4.0,
                5.0,
                4.0
              ],
              "uv": [
                32,
                16
              ],
              "inflate": 0
            }
          ],
          "parent": "Root"
        },
        {
          "name": "leftLeg2",
          "pivot": [
            3,
            6,
            1
          ],
          "cubes": [
            {
              "origin": [
                1.0,
                0.0,
                -2.0
              ],
              "size": [
                4.0,
                6.0,
                4.0
              ],
              "uv": [
                28,
                27
              ],
              "inflate": 0
            }
          ],
          "parent": "leftLeg"
        }
      ]
    }
  ]
}