{
  "entity_sounds": {
    "entities": {
      "ff:plane": {
        "volume": 2.0,
        "pitch": [
          0.8,
          1.2
        ],
        "events": {
          "step": {
            "sound": "ff.plane",
            "volume": 2,
            "pitch": 1.0
          }
        }
      },
      "ff:jeep": {
        "volume": 2.0,
        "pitch": [
          0.8,
          1.2
        ],
        "events": {
          "step": {
            "sound": "ff.jeep",
            "volume": 2,
            "pitch": 1.0
          }
        }
      },
      "ff:lambo": {
        "volume": 2.0,
        "pitch": [
          0.8,
          1.2
        ],
        "events": {
          "step": {
            "sound": "ff.lambo",
            "volume": 2,
            "pitch": 1.0
          }
        }
      },
      "ff:motor_bike": {
        "volume": 2.0,
        "pitch": [
          0.8,
          1.2
        ],
        "events": {
          "step": {
            "sound": "ff.motor",
            "volume": 2,
            "pitch": 1.0
          }
        }
      },
      "ff:monster_truck": {
        "volume": 2.0,
        "pitch": [
          0.8,
          1.2
        ],
        "events": {
          "step": {
            "sound": "ff.monster",
            "volume": 2,
            "pitch": 1.0
          }
        }
      }
    }
  }
} "mob.cow.hurt",
          "death": "mob.cow.hurt",
          "step": {
            "sound": "mob.cow.step",
            "volume": 0.15,
            "pitch": 1.0
          }
        }
      },
      "mooshroom": {
        "volume": 1.0,
        "pitch": [
          0.8,
          1.2
        ],
        "events": {
          "ambient": "mob.cow.say",
          "hurt": "mob.cow.hurt",
          "death": "mob.cow.hurt",
          "step": {
            "sound": "mob.cow.step",
            "volume": 0.15,
            "pitch": 1.0
          }
        }
      },
      "creeper": {
        "volume": 1.0,
        "pitch": [
          0.8,
          1.2
        ],
        "events": {
          "hurt": "mob.creeper.say",
          "death": "mob.creeper.death",
          "fuse": {
            "sound": "random.fuse",
            "volume": 1.0,
            "pitch": 0.5
          }
        }
      },
      "enderman": {
        "volume": 1.0,
        "pitch": [
          0.8,
          1.2
        ],
        "events": {
          "ambient": "mob.endermen.idle",
          "hurt": "mob.endermen.hit",
          "death": "mob.endermen.death",
          "stare": {
            "sound": "mob.endermen.stare",
            "volume": 1.0,
            "pitch": 1.0
          }
        }
      },
      "endermite": {
        "volume": 1.0,
        "pitch": [
          0.8,
          1.2
        ],
        "events": {
          "ambient": "mob.endermite.say",
          "hurt": "mob.endermite.hit",
          "death": "mob.endermite.kill",
          "step": {
            "sound": "mob.endermite.step",
            "volume": 0.15,
            "pitch": 1.0
          }
        }
      },
      "ender_dragon": {
        "volume": 100.0,
        "pitch": [
          0.8,
          1.2
        ],
        "events": {
          "mad": "mob.enderdragon.growl",
          "hurt": "mob.enderdragon.hit",
          "death": "mob.enderdragon.death",
          "flap": "mob.enderdragon.flap"
        }
      },
      "xp_orb": {
        "volume": 1.0,
        "pitch": [
          0.8,
          1.2
        ],
        "events": {
          "fizz": {
            "sound": "random.fizz",
            "volume": 0.4,
            "pitch": [
              2.0,
              2.4
            ]
          }
        }
      },
      "ghast": {
        "volume": 1000.0,
        "pitch": [
          0.8,
          1.2
        ],
        "events": {
          "scream": "mob.ghast.affectionate_scream",
          "warn": "mob.ghast.charge",
          "shoot": "mob.ghast.fireball",
          "ambient": "mob.ghast.moan",
          "hurt": "mob.ghast.scream",
          "death": "mob.ghast.death"
        }
      },
      "guardian": {
        "volume": 1.0,
        "pitch": [
          0.8,
          1.2
        ],
        "events": {
          "ambient": "mob.guardian.land_idle",
          "hurt": "mob.guardian.land_hit",
          "death": "mob.guardian.land_death",
          "ambient.in.water": "mob.guardian.ambient",
          "hurt.in.water": "mob.guardian.hit",
          "death.in.water": "mob.guardian.death",
          "guardian.flop": {
            "sound": "mob.guardian.flop",
            "volume": 1.0,
            "pitch": 1.0
          }
        }
      },
      "elder_guardian": {
        "volume": 1.0,
        "pitch": [
          0.8,
          1.2
        ],
        "events": {
          "ambient": "mob.guardian.land_idle",
          "hurt": "mob.guardian.land_hit",
          "death": "mob.elderguardian.death",
          "ambient.in.water": "mob.elderguardian.idle",
          "hurt.in.water": "mob.elderguardian.hit",
          "death.in.water": "mob.elderguardian.death",
          "guardian.flop": {
            "sound": "mob.guardian.flop",
            "volume": 1.0,
            "pitch": 1.0
          }
        }
      },
      "evocation_illager": {
        "volume": 1.0,
        "pitch": [
          0.8,
          1.2
        ],
        "events": {
          "ambient": "mob.evocation_illager.ambient",
          "death": "mob.evocation_illager.death",
          "hurt": "mob.evocation_illager.hurt",
          "cast.spell": "mob.evocation_illager.cast_spell",
          "prepare.attack": "mob.evocation_illager.prepare_attack",
          "prepare.summon": "mob.evocation_illager.prepare_summon",
          "prepare.wololo": "mob.evocation_illager.prepare_wololo"
        }
      },
      "evocation_fang": {
        "volume": 0.8,
        "pitch": [
          0.8,
          1.2
        ],
        "events": {
          "fang": "mob.evocation_fangs.attack"
        }
      },
      "vex": {
        "volume": 1.0,
        "pitch": [
          0.8,
          1.2
        ],
        "events": {
          "ambient": "mob.vex.ambient",
          "death": "mob.vex.death",
          "hurt": "mob.vex.hurt",
          "charge": "mob.vex.charge"
        }
      },
      "llama": {
        "volume": 0.8,
        "pitch": [
          0.8,
          1.2
        ],
        "events": {
          "ambient": "mob.llama.idle",
          "death": "mob.llama.death",
          "hurt": "mob.llama.hurt",
          "mad": "mob.llama.angry",
          "shoot": "mob.llama.spit",
          "step": {
            "sound": "mob.llama.step",
            "volume": 0.15,
            "pitch": 1.0
          },
          "armor": {
            "sound": "mob.llama.swag",
            "volume": 0.5,
            "pitch": 1.0
          },
          "add.chest": {
            "sound": "mob.horse.armor",
            "volume": 1.0,
            "pitch": [
              0.8,
              1.2
            ]
          },
          "eat": {
            "sound": "mob.llama.eat",
            "volume": [
              0.5,
              1.5
            ],
            "pitch": [
              0.8,
              1.2
            ]
          }
        }
      },
      "horse": {
        "volume": 0.8,
        "pitch": [
          0.8,
          1.2
        ],
        "events": {
          "ambient": "mob.horse.idle",
          "death": "mob.horse.death",
          "hurt": "mob.horse.hit",
          "mad": "mob.horse.angry",
          "saddle": {
            "sound": "mob.horse.leather",
            "volume": 0.5,
            "pitch": 1.0
          },
          "armor": {
            "sound": "mob.horse.armor",
            "volume": 0.5,
            "pitch": 1.0
          },
          "add.chest": {
            "sound": "mob.horse.armor",
            "volume": 1.0,
            "pitch": [
              0.8,
              1.2
            ]
          },
          "breathe": {
            "sound": "mob.horse.breathe",
            "volume": 0.6,
            "pitch": 1.0
          },
          "jump": {
            "sound": "mob.horse.jump",
            "volume": 0.4,
            "pitch": 1.0
          },
          "land": {
            "sound": "mob.horse.land",
            "volume": 0.4,
            "pitch": 1.0
          },
          "eat": {
            "sound": "mob.horse.eat",
            "volume": [
              0.5,
              1.5
            ],
            "pitch": [
              0.8,
              1.2
            ]
          }
        }
      },
      "donkey": {
        "volume": 0.8,
        "pitch": [
          0.8,
          1.2
        ],
        "events": {
          "ambient": "mob.horse.donkey.idle",
          "death": "mob.horse.donkey.death",
          "hurt": "mob.horse.donkey.hit",
          "mad": "mob.horse.donkey.angry",
          "saddle": {
            "sound": "mob.horse.leather",
            "volume": 0.5,
            "pitch": 1.0
          },
          "armor": {
            "sound": "mob.horse.armor",
            "volume": 0.5,
            "pitch": 1.0
          },
          "add.chest": {
            "sound": "mob.horse.armor",
            "volume": 1.0,
            "pitch": [
              0.8,
              1.2
            ]
          },
          "breathe": {
            "sound": "mob.horse.breathe",
            "volume": 0.6,
            "pitch": 1.0
          },
          "jump": {
            "sound": "mob.horse.jump",
            "volume": 0.4,
            "pitch": 1.0
          },
          "land": {
            "sound": "mob.horse.land",
            "volume": 0.4,
            "pitch": 1.0
          },
          "eat": {
            "sound": "mob.horse.eat",
            "volume": [
              0.5,
              1.5
            ],
            "pitch": [
              0.8,
              1.2
            ]
          }
        }
      },
      "mule": {
        "volume": 0.8,
        "pitch": [
          0.8,
          1.2
        ],
        "events": {
          "ambient": "mob.horse.donkey.idle",
          "death": "mob.horse.donkey.death",
          "hurt": "mob.horse.donkey.hit",
          "mad": "mob.horse.donkey.angry",
          "saddle": {
            "sound": "mob.horse.leather",
            "volume": 0.5,
            "pitch": 1.0
          },
          "armor": {
            "sound": "mob.horse.armor",
            "volume": 0.5,
            "pitch": 1.0
          },
          "add.chest": {
            "sound": "mob.horse.armor",
            "volume": 1.0,
            "pitch": [
              0.8,
              1.2
            ]
          },
          "breathe": {
            "sound": "mob.horse.breathe",
            "volume": 0.6,
            "pitch": 1.0
          },
          "jump": {
            "sound": "mob.horse.jump",
            "volume": 0.4,
            "pitch": 1.0
          },
          "land": {
            "sound": "mob.horse.land",
            "volume": 0.4,
            "pitch": 1.0
          },
          "eat": {
            "sound": "mob.horse.eat",
            "volume": [
              0.5,
              1.5
            ],
            "pitch": [
              0.8,
              1.2
            ]
          }
        }
      },
      "skeleton_horse": {
        "volume": 0.8,
        "pitch": [
          0.8,
          1.2
        ],
        "events": {
          "ambient": "mob.horse.skeleton.idle",
          "death": "mob.horse.skeleton.death",
          "hurt": "mob.horse.skeleton.hit",
          "saddle": {
            "sound": "mob.horse.leather",
            "volume": 0.5,
            "pitch": 1.0
          },
          "armor": {
            "sound": "mob.horse.armor",
            "volume": 0.5,
            "pitch": 1.0
          },
          "add.chest": {
            "sound": "mob.horse.armor",
            "volume": 1.0,
            "pitch": [
              0.8,
              1.2
            ]
          },
          "breathe": {
            "sound": "mob.horse.breathe",
            "volume": 0.6,
            "pitch": 1.0
          },
          "jump": {
            "sound": "mob.horse.jump",
            "volume": 0.4,
            "pitch": 1.0
          },
          "land": {
            "sound": "mob.horse.land",
            "volume": 0.4,
            "pitch": 1.0
          }
        }
      },
      "zombie_horse": {
        "volume": 0.8,
        "pitch": [
          0.8,
          1.2
        ],
        "events": {
          "ambient": "mob.horse.zombie.idle",
          "death": "mob.horse.zombie.death",
          "hurt": "mob.horse.zombie.hit",
          "saddle": {
            "sound": "mob.horse.leather",
            "volume": 0.5,
            "pitch": 1.0
          },
          "armor": {
            "sound": "mob.horse.armor",
            "volume": 0.5,
            "pitch": 1.0
          },
          "add.chest": {
            "sound": "mob.horse.armor",
            "volume": 1.0,
            "pitch": [
              0.8,
              1.2
            ]
          },
          "breathe": {
            "sound": "mob.horse.breathe",
            "volume": 0.6,
            "pitch": 1.0
          },
          "jump": {
            "sound": "mob.horse.jump",
            "volume": 0.4,
            "pitch": 1.0
          },
          "land": {
            "sound": "mob.horse.land",
            "volume": 0.4,
            "pitch": 1.0
          }
        }
      },
      "husk": {
        "volume": 1.0,
        "pitch": [
          0.8,
          1.2
        ],
        "events": {
          "ambient": "mob.husk.ambient",
          "hurt": "mob.husk.hurt",
          "death": "mob.husk.death",
          "step": {
            "sound": "mob.husk.step",
            "volume": 0.15,
            "pitch": 1.0
          }
        }
      },
      "iron_golem": {
        "volume": 1.0,
        "pitch": [
          0.8,
          1.2
        ],
        "events": {
          "ambient": "mob.irongolem.say",
          "hurt": "mob.irongolem.hit",
          "death": "mob.irongolem.death",
          "step": {
            "sound": "mob.irongolem.walk",
            "volume": 1.0,
            "pitch": 1.0
          },
          "throw": {
            "sound": "mob.irongolem.throw",
            "volume": 1.0,
            "pitch": 1.0
          }
        }
      },
      "snow_golem": {
        "volume": 1.0,
        "pitch": [
          0.8,
          1.2
        ],
        "events": {
          "hurt": "mob.snowgolem.hurt",
          "death": "mob.snowgolem.death",
          "shoot": "mob.snowgolem.shoot"
        }
      },
      "lightning_bolt": {
        "volume": 1000.0,
        "events": {
          "thunder": {
            "sound": "ambient.weather.thunder",
            "pitch": [
              0.6,
              1.0
            ]
          },
          "explode": {
            "sound": "ambient.weather.lightning.impact",
            "pitch": [
              0.3,
              0.7
            ]
          }
        }
      },
      "item": {
        "volume": 1.0,
        "pitch": [
          0.8,
          1.2
        ],
        "events": {
          "fizz": {
            "sound": "random.fizz",
            "volume": 0.4,
            "pitch": [
              2.0,
              2.4
            ]
          }
        }
      },
      "ocelot": {
        "volume": 1.0,
        "pitch": [
          0.8,
          1.2
        ],
        "events": {
          "ambient": "mob.cat.meow",
          "hurt": "mob.cat.hit",
          "death": "mob.cat.hit"
        }
      },
      "pig": {
        "volume": 1.0,
        "pitch": [
          0.8,
          1.2
        ],
        "events": {
          "ambient": "mob.pig.say",
          "hurt": "mob.pig.say",
          "death": "mob.pig.death",
          "step": {
            "sound": "mob.pig.step",
            "volume": 0.15,
            "pitch": 1.0
          },
          "boost": {
            "sound": "mob.pig.boost",
            "volume": 1.0,
            "pitch": 1.0
          },
          "death.to.zombie": {
            "sound": "mob.pig.death",
            "volume": 2.0
          }
        }
      },
      "zombie_pigman": {
        "volume": 1.0,
        "pitch": [
          0.8,
          1.2
        ],
        "events": {
          "ambient": "mob.zombiepig.zpig",
          "hurt": "mob.zombiepig.zpighurt",
          "death": "mob.zombiepig.zpigdeath",
          "mad": {
            "sound": "mob.zombiepig.zpigangry",
            "volume": 2.0,
            "pitch": [
              1.44,
              2.16
            ]
          }
        }
      },
      "player": {
        "volume": 1.0,
        "pitch": [
          0.8,
          1.2
        ],
        "events": {
          "throw": {
            "volume": 0.5,
            "pitch": [
              0.33,
              0.5
            ]
          },
          "hurt": "game.player.hurt",
          "death": "game.player.die",
          "hurt.in.water": "game.player.hurt",
          "death.in.water": "game.player.die",
          "attack.nodamage": "game.player.attack.nodamage",
          "elderguardian.curse": {
            "sound": "mob.elderguardian.curse",
            "volume": 1.0,
            "pitch": 1.0
          }
        }
      },
      "polar_bear": {
        "volume": 1.0,
        "pitch": [
          0.8,
          1.2
        ],
        "events": {
          "ambient": "mob.polarbear.idle",
          "ambient.baby": "mob.polarbear_baby.idle",
          "hurt": "mob.polarbear.hurt",
          "death": "mob.polarbear.death",
          "step": {
            "sound": "mob.polarbear.step",
            "volume": 0.15,
            "pitch": 1.0
          },
          "mob.warning": {
            "sound": "mob.polarbear.warning",
            "volume": 1.2,
            "pitch": 1.0
          }
        }
      },
      "rabbit": {
        "volume": 0.8,
        "pitch": [
          0.8,
          1.2
        ],
        "events": {
          "ambient": "mob.rabbit.idle",
          "hurt": "mob.rabbit.hurt",
          "death": "mob.rabbit.death"
        }
      },
      "sheep": {
        "volume": 1.0,
        "pitch": [
          0.8,
          1.2
        ],
        "events": {
          "ambient": "mob.sheep.say",
          "hurt": "mob.sheep.say",
          "death": "mob.sheep.say",
          "step": {
            "sound": "mob.sheep.step",
            "volume": 0.15,
            "pitch": 1.0
          }
        }
      },
      "shulker": {
        "volume": 1.0,
        "pitch": [
          0.8,
          1.2
        ],
        "events": {
          "ambient": "mob.shulker.ambient",
          "hurt": "mob.shulker.hurt",
          "death": "mob.shulker.death",
          "shulker.open": "mob.shulker.open",
          "shulker.close": "mob.shulker.close",
          "teleport": "mob.shulker.teleport",
          "shoot": "mob.shulker.shoot"
        }
      },
      "silverfish": {
        "volume": 1.0,
        "pitch": [
          0.8,
          1.2
        ],
        "events": {
          "ambient": "mob.silverfish.say",
          "hurt": "mob.silverfish.hit",
          "death": "mob.silverfish.kill",
          "step": {
            "sound": "mob.silverfish.step",
            "volume": 0.15,
            "pitch": 1.0
          }
        }
      },
      "skeleton": {
        "volume": 1.0,
        "pitch": [
          0.8,
          1.2
        ],
        "events": {
          "ambient": "mob.skeleton.say",
          "hurt": "mob.skeleton.hurt",
          "death": "mob.skeleton.death",
          "step": {
            "sound": "mob.skeleton.step",
            "volume": 1.0,
            "pitch": 1.0
          }
        }
      },
      "wither_skeleton": {
        "volume": 1.0,
        "pitch": [
          0.8,
          1.2
        ],
        "events": {
          "ambient": "mob.skeleton.say",
          "hurt": "mob.skeleton.hurt",
          "death": "mob.skeleton.death",
          "step": {
            "sound": "mob.skeleton.step",
            "volume": 1.0,
            "pitch": 1.0
          }
        }
      },
      "stray": {
        "volume": 10.0,
        "pitch": [
          0.8,
          1.2
        ],
        "events": {
          "ambient": "humvee.null",
          "hurt": "humvee.hit",
          "death": "humvee.explode",
          "step": {
            "sound": "humvee.drive",
            "volume": 40.0
          }
        }
      },
      "squid": {
        "volume": 0.4,
        "pitch": [
          0.8,
          1.2
        ],
        "events": {
          "ambient": "mob.squid.ambient",
          "hurt": "mob.squid.hurt",
          "death": "mob.squid.death"
        }
      },
      "spider": {
        "volume": 1.0,
        "pitch": [
          0.8,
          1.2
        ],
        "events": {
          "ambient": "mob.spider.say",
          "hurt": "mob.spider.say",
          "death": "mob.spider.death",
          "step": {
            "sound": "mob.spider.step",
            "volume": 1.0,
            "pitch": 1.0
          }
        }
      },
      "cave_spider": {
        "volume": 1.0,
        "pitch": [
          0.8,
          1.2
        ],
        "events": {
          "ambient": "mob.spider.say",
          "hurt": "mob.spider.say",
          "death": "mob.spider.death",
          "step": {
            "sound": "mob.spider.step",
            "volume": 1.0,
            "pitch": 1.0
          }
        }
      },
      "slime": {
        "volume": 1.0,
        "pitch": [
          0.8,
          1.2
        ],
        "events": {
          "ambient": "",
          "hurt": "mob.slime.small",
          "death": "mob.slime.small",
          "squish.big": {
            "sound": "mob.slime.big",
            "pitch": [
              0.64,
              0.96
            ]
          },
          "squish.small": {
            "sound": "mob.slime.small",
            "pitch": [
              0.64,
              0.96
            ]
          },
          "attack": {
            "sound": "mob.attack",
            "pitch": [
              0.8,
              1.2
            ]
          }
        }
      },
      "magma_cube": {
        "volume": 1.0,
        "pitch": [
          0.8,
          1.2
        ],
        "events": {
          "ambient": "",
          "hurt": "mob.magmacube.small",
          "death": "mob.magmacube.small",
          "squish.big": {
            "sound": "mob.magmacube.big",
            "pitch": [
              0.64,
              0.96
            ]
          },
          "squish.small": {
            "sound": "mob.magmacube.small",
            "pitch": [
              0.64,
              0.96
            ]
          },
          "attack": {
            "sound": "mob.attack",
            "pitch": [
              0.8,
              1.2
            ]
          }
        }
      },
      "villager": {
        "volume": 1.0,
        "pitch": [
          0.8,
          1.2
        ],
        "events": {
          "ambient": "mob.villager.idle",
          "hurt": "mob.villager.hit",
          "death": "mob.villager.death",
          "death.to.zombie": "mob.villager.death",
          "haggle": "mob.villager.haggle",
          "haggle.yes": "mob.villager.yes",
          "haggle.no": "mob.villager.no"
        }
      },
      "vindicator": {
        "volume": 1.0,
        "pitch": [
          0.8,
          1.2
        ],
        "events": {
          "ambient": "mob.vindicator.idle",
          "hurt": "mob.vindicator.hurt",
          "death": "mob.vindicator.death"
        }
      },
      "minecraft:npc": {
        "volume": 1.0,
        "pitch": [
          0.8,
          1.2
        ],
        "events": {
          "ambient": "mob.villager.idle",
          "hurt": "mob.villager.hit",
          "death": "dig.wood"
        }
      },
      "witch": {
        "volume": 1.0,
        "pitch": [
          0.8,
          1.2
        ],
        "events": {
          "ambient": "mob.witch.ambient",
          "hurt": "mob.witch.hurt",
          "death": "mob.witch.death",
          "drink": {
            "sound": "mob.witch.drink",
            "volume": 1.0,
            "pitch": 1.0
          },
          "throw": {
            "sound": "mob.witch.throw",
            "volume": 1.0,
            "pitch": 1.0
          }
        }
      },
      "wither": {
        "volume": 1.0,
        "pitch": [
          0.8,
          1.2
        ],
        "events": {
          "ambient": "mob.wither.ambient",
          "hurt": "mob.wither.hurt",
          "death": "mob.wither.death",
          "spawn": {
            "sound": "mob.wither.spawn",
            "volume": 1.0,
            "pitch": 1.0
          },
          "shoot": {
            "sound": "mob.wither.shoot",
            "volume": 3.0,
            "pitch": 1.0
          },
          "break.block": {
            "sound": "mob.wither.break_block",
            "volume": 1.0,
            "pitch": 1.0
          }
        }
      },
      "wolf": {
        "volume": 1.0,
        "pitch": [
          0.8,
          1.2
        ],
        "events": {
          "ambient": "mob.wolf.bark",
          "hurt": "mob.wolf.hurt",
          "death": "mob.wolf.death",
          "step": {
            "sound": "mob.wolf.step",
            "volume": 0.15,
            "pitch": 1.0
          },
          "shake": {
            "sound": "mob.wolf.shake",
            "pitch": [
              0.8,
              1.2
            ]
          }
        }
      },
      "zombie": {
        "volume": 1.0,
        "pitch": [
          0.8,
          1.2
        ],
        "events": {
          "ambient": "mob.zombie.say",
          "hurt": "mob.zombie.hurt",
          "death": "mob.zombie.death",
          "step": {
            "sound": "mob.zombie.step",
            "volume": 0.15,
            "pitch": 1.0
          }
        }
      },
      "zombie_villager": {
        "volume": 1.0,
        "pitch": [
          0.8,
          1.2
        ],
        "events": {
          "ambient": "mob.zombie_villager.say",
          "hurt": "mob.zombie_villager.hurt",
          "death": "mob.zombie_villager.death",
          "step": {
            "sound": "mob.zombie.step",
            "volume": 0.15,
            "pitch": 1.0
          }
        }
      },
      "ff:lambo": {
        "volume": 2.0,
        "pitch": [
          0.8,
          1.2
        ],
        "events": {
          "step": {
            "sound": "mob.lambo",
            "volume": 2,
            "pitch": 1.0
          }
        }
      },
      "ff:jeep": {
        "volume": 2.0,
        "pitch": [
          0.8,
          1.2
        ],
        "events": {
          "step": {
            "sound": "mob.jeep",
            "volume": 2,
            "pitch": 1.0
          }
        }
      }
    }
  }
}r",
            "volume": 0.5,
            "pitch": 1.0
          },
          "armor": {
            "sound": "mob.horse.armor",
            "volume": 0.5,
            "pitch": 1.0
          },
          "add.chest": {
            "sound": "mob.horse.armor",
            "volume": 1.0,
            "pitch": [
              0.8,
              1.2
            ]
          },
          "breathe": {
            "sound": "mob.horse.breathe",
            "volume": 0.6,
            "pitch": 1.0
          },
          "jump": {
            "sound": "mob.horse.jump",
            "volume": 0.4,
            "pitch": 1.0
          },
          "land": {
            "sound": "mob.horse.land",
            "volume": 0.4,
            "pitch": 1.0
          }
        }
      },
      "husk": {
        "volume": 1.0,
        "pitch": [
          0.8,
          1.2
        ],
        "events": {
          "ambient": "mob.husk.ambient",
          "hurt": "mob.husk.hurt",
          "death": "mob.husk.death",
          "step": {
            "sound": "mob.husk.step",
            "volume": 0.15,
            "pitch": 1.0
          }
        }
      },
      "iron_golem": {
        "volume": 1.0,
        "pitch": [
          0.8,
          1.2
        ],
        "events": {
          "ambient": "mob.irongolem.say",
          "hurt": "mob.irongolem.hit",
          "death": "mob.irongolem.death",
          "step": {
            "sound": "mob.irongolem.walk",
            "volume": 1.0,
            "pitch": 1.0
          },
          "throw": {
            "sound": "mob.irongolem.throw",
            "volume": 1.0,
            "pitch": 1.0
          }
        }
      },
      "snow_golem": {
        "volume": 1.0,
        "pitch": [
          0.8,
          1.2
        ],
        "events": {
          "hurt": "mob.snowgolem.hurt",
          "death": "mob.snowgolem.death",
          "shoot": "mob.snowgolem.shoot"
        }
      },
      "lightning_bolt": {
        "volume": 1000.0,
        "events": {
          "thunder": {
            "sound": "ambient.weather.thunder",
            "pitch": [
              0.6,
              1.0
            ]
          },
          "explode": {
            "sound": "ambient.weather.lightning.impact",
            "pitch": [
              0.3,
              0.7
            ]
          }
        }
      },
      "item": {
        "volume": 1.0,
        "pitch": [
          0.8,
          1.2
        ],
        "events": {
          "fizz": {
            "sound": "random.fizz",
            "volume": 0.4,
            "pitch": [
              2.0,
              2.4
            ]
          }
        }
      },
      "ocelot": {
        "volume": 1.0,
        "pitch": [
          0.8,
          1.2
        ],
        "events": {
          "ambient": "mob.cat.meow",
          "hurt": "mob.cat.hit",
          "death": "mob.cat.hit"
        }
      },
      "pig": {
        "volume": 1.0,
        "pitch": [
          0.8,
          1.2
        ],
        "events": {
          "ambient": "mob.pig.say",
          "hurt": "mob.pig.say",
          "death": "mob.pig.death",
          "step": {
            "sound": "mob.pig.step",
            "volume": 0.15,
            "pitch": 1.0
          },
          "boost": {
            "sound": "mob.pig.boost",
            "volume": 1.0,
            "pitch": 1.0
          },
          "death.to.zombie": {
            "sound": "mob.pig.death",
            "volume": 2.0
          }
        }
      },
      "zombie_pigman": {
        "volume": 1.0,
        "pitch": [
          0.8,
          1.2
        ],
        "events": {
          "ambient": "mob.zombiepig.zpig",
          "hurt": "mob.zombiepig.zpighurt",
          "death": "mob.zombiepig.zpigdeath",
          "mad": {
            "sound": "mob.zombiepig.zpigangry",
            "volume": 2.0,
            "pitch": [
              1.44,
              2.16
            ]
          }
        }
      },
      "player": {
        "volume": 1.0,
        "pitch": [
          0.8,
          1.2
        ],
        "events": {
          "throw": {
            "volume": 0.5,
            "pitch": [
              0.33,
              0.5
            ]
          },
          "hurt": "game.player.hurt",
          "death": "game.player.die",
          "hurt.in.water": "game.player.hurt",
          "death.in.water": "game.player.die",
          "attack.nodamage": "game.player.attack.nodamage",
          "elderguardian.curse": {
            "sound": "mob.elderguardian.curse",
            "volume": 1.0,
            "pitch": 1.0
          }
        }
      },
      "polar_bear": {
        "volume": 1.0,
        "pitch": [
          0.8,
          1.2
        ],
        "events": {
          "ambient": "mob.polarbear.idle",
          "ambient.baby": "mob.polarbear_baby.idle",
          "hurt": "mob.polarbear.hurt",
          "death": "mob.polarbear.death",
          "step": {
            "sound": "mob.polarbear.step",
            "volume": 0.15,
            "pitch": 1.0
          },
          "mob.warning": {
            "sound": "mob.polarbear.warning",
            "volume": 1.2,
            "pitch": 1.0
          }
        }
      },
      "rabbit": {
        "volume": 0.8,
        "pitch": [
          0.8,
          1.2
        ],
        "events": {
          "ambient": "mob.rabbit.idle",
          "hurt": "mob.rabbit.hurt",
          "death": "mob.rabbit.death"
        }
      },
      "sheep": {
        "volume": 1.0,
        "pitch": [
          0.8,
          1.2
        ],
        "events": {
          "ambient": "mob.sheep.say",
          "hurt": "mob.sheep.say",
          "death": "mob.sheep.say",
          "step": {
            "sound": "mob.sheep.step",
            "volume": 0.15,
            "pitch": 1.0
          }
        }
      },
      "shulker": {
        "volume": 1.0,
        "pitch": [
          0.8,
          1.2
        ],
        "events": {
          "ambient": "mob.shulker.ambient",
          "hurt": "mob.shulker.hurt",
          "death": "mob.shulker.death",
          "shulker.open": "mob.shulker.open",
          "shulker.close": "mob.shulker.close",
          "teleport": "mob.shulker.teleport",
          "shoot": "mob.shulker.shoot"
        }
      },
      "silverfish": {
        "volume": 1.0,
        "pitch": [
          0.8,
          1.2
        ],
        "events": {
          "ambient": "mob.silverfish.say",
          "hurt": "mob.silverfish.hit",
          "death": "mob.silverfish.kill",
          "step": {
            "sound": "mob.silverfish.step",
            "volume": 0.15,
            "pitch": 1.0
          }
        }
      },
      "skeleton": {
        "volume": 1.0,
        "pitch": [
          0.8,
          1.2
        ],
        "events": {
          "ambient": "mob.skeleton.say",
          "hurt": "mob.skeleton.hurt",
          "death": "mob.skeleton.death",
          "step": {
            "sound": "mob.skeleton.step",
            "volume": 1.0,
            "pitch": 1.0
          }
        }
      },
      "wither_skeleton": {
        "volume": 1.0,
        "pitch": [
          0.8,
          1.2
        ],
        "events": {
          "ambient": "mob.skeleton.say",
          "hurt": "mob.skeleton.hurt",
          "death": "mob.skeleton.death",
          "step": {
            "sound": "mob.skeleton.step",
            "volume": 1.0,
            "pitch": 1.0
          }
        }
      },
      "stray": {
        "volume": 10.0,
        "pitch": [
          0.8,
          1.2
        ],
        "events": {
          "ambient": "humvee.null",
          "hurt": "humvee.hit",
          "death": "humvee.explode",
          "step": {
            "sound": "humvee.drive",
            "volume": 40.0
          }
        }
      },
      "squid": {
        "volume": 0.4,
        "pitch": [
          0.8,
          1.2
        ],
        "events": {
          "ambient": "mob.squid.ambient",
          "hurt": "mob.squid.hurt",
          "death": "mob.squid.death"
        }
      },
      "spider": {
        "volume": 1.0,
        "pitch": [
          0.8,
          1.2
        ],
        "events": {
          "ambient": "mob.spider.say",
          "hurt": "mob.spider.say",
          "death": "mob.spider.death",
          "step": {
            "sound": "mob.spider.step",
            "volume": 1.0,
            "pitch": 1.0
          }
        }
      },
      "cave_spider": {
        "volume": 1.0,
        "pitch": [
          0.8,
          1.2
        ],
        "events": {
          "ambient": "mob.spider.say",
          "hurt": "mob.spider.say",
          "death": "mob.spider.death",
          "step": {
            "sound": "mob.spider.step",
            "volume": 1.0,
            "pitch": 1.0
          }
        }
      },
      "slime": {
        "volume": 1.0,
        "pitch": [
          0.8,
          1.2
        ],
        "events": {
          "ambient": "",
          "hurt": "mob.slime.small",
          "death": "mob.slime.small",
          "squish.big": {
            "sound": "mob.slime.big",
            "pitch": [
              0.64,
              0.96
            ]
          },
          "squish.small": {
            "sound": "mob.slime.small",
            "pitch": [
              0.64,
              0.96
            ]
          },
          "attack": {
            "sound": "mob.attack",
            "pitch": [
              0.8,
              1.2
            ]
          }
        }
      },
      "magma_cube": {
        "volume": 1.0,
        "pitch": [
          0.8,
          1.2
        ],
        "events": {
          "ambient": "",
          "hurt": "mob.magmacube.small",
          "death": "mob.magmacube.small",
          "squish.big": {
            "sound": "mob.magmacube.big",
            "pitch": [
              0.64,
              0.96
            ]
          },
          "squish.small": {
            "sound": "mob.magmacube.small",
            "pitch": [
              0.64,
              0.96
            ]
          },
          "attack": {
            "sound": "mob.attack",
            "pitch": [
              0.8,
              1.2
            ]
          }
        }
      },
      "villager": {
        "volume": 1.0,
        "pitch": [
          0.8,
          1.2
        ],
        "events": {
          "ambient": "mob.villager.idle",
          "hurt": "mob.villager.hit",
          "death": "mob.villager.death",
          "death.to.zombie": "mob.villager.death",
          "haggle": "mob.villager.haggle",
          "haggle.yes": "mob.villager.yes",
          "haggle.no": "mob.villager.no"
        }
      },
      "vindicator": {
        "volume": 1.0,
        "pitch": [
          0.8,
          1.2
        ],
        "events": {
          "ambient": "mob.vindicator.idle",
          "hurt": "mob.vindicator.hurt",
          "death": "mob.vindicator.death"
        }
      },
      "minecraft:npc": {
        "volume": 1.0,
        "pitch": [
          0.8,
          1.2
        ],
        "events": {
          "ambient": "mob.villager.idle",
          "hurt": "mob.villager.hit",
          "death": "dig.wood"
        }
      },
      "witch": {
        "volume": 1.0,
        "pitch": [
          0.8,
          1.2
        ],
        "events": {
          "ambient": "mob.witch.ambient",
          "hurt": "mob.witch.hurt",
          "death": "mob.witch.death",
          "drink": {
            "sound": "mob.witch.drink",
            "volume": 1.0,
            "pitch": 1.0
          },
          "throw": {
            "sound": "mob.witch.throw",
            "volume": 1.0,
            "pitch": 1.0
          }
        }
      },
      "wither": {
        "volume": 1.0,
        "pitch": [
          0.8,
          1.2
        ],
        "events": {
          "ambient": "mob.wither.ambient",
          "hurt": "mob.wither.hurt",
          "death": "mob.wither.death",
          "spawn": {
            "sound": "mob.wither.spawn",
            "volume": 1.0,
            "pitch": 1.0
          },
          "shoot": {
            "sound": "mob.wither.shoot",
            "volume": 3.0,
            "pitch": 1.0
          },
          "break.block": {
            "sound": "mob.wither.break_block",
            "volume": 1.0,
            "pitch": 1.0
          }
        }
      },
      "wolf": {
        "volume": 1.0,
        "pitch": [
          0.8,
          1.2
        ],
        "events": {
          "ambient": "mob.wolf.bark",
          "hurt": "mob.wolf.hurt",
          "death": "mob.wolf.death",
          "step": {
            "sound": "mob.wolf.step",
            "volume": 0.15,
            "pitch": 1.0
          },
          "shake": {
            "sound": "mob.wolf.shake",
            "pitch": [
              0.8,
              1.2
            ]
          }
        }
      },
      "zombie": {
        "volume": 1.0,
        "pitch": [
          0.8,
          1.2
        ],
        "events": {
          "ambient": "mob.zombie.say",
          "hurt": "mob.zombie.hurt",
          "death": "mob.zombie.death",
          "step": {
            "sound": "mob.zombie.step",
            "volume": 0.15,
            "pitch": 1.0
          }
        }
      },
      "zombie_villager": {
        "volume": 1.0,
        "pitch": [
          0.8,
          1.2
        ],
        "events": {
          "ambient": "mob.zombie_villager.say",
          "hurt": "mob.zombie_villager.hurt",
          "death": "mob.zombie_villager.death",
          "step": {
            "sound": "mob.zombie.step",
            "volume": 0.15,
            "pitch": 1.0
          }
        }
      },
      "ff:lambo": {
        "volume": 2.0,
        "pitch": [
          0.8,
          1.2
        ],
        "events": {
          "step": {
            "sound": "mob.lambo",
            "volume": 2,
            "pitch": 1.0
          }
        }
      },
      "ff:jeep": {
        "volume": 2.0,
        "pitch": [
          0.8,
          1.2
        ],
        "events": {
          "step": {
            "sound": "mob.jeep",
            "volume": 2,
            "pitch": 1.0
          }
        }
      }
    }
  },
  "interactive_sounds": {
    "block_sounds": {
      "normal": {
        "events": {
          "default": "",
          "fall": "step.stone",
          "step": "step.stone",
          "jump": "jump.stone"
        },
        "volume": 1.0,
        "pitch": 1.00
      },
      "gravel": {
        "events": {
          "default": "",
          "fall": "step.gravel",
          "step": "step.gravel",
          "jump": "jump.gravel"
        },
        "volume": 1.0,
        "pitch": 1.00
      },
      "wood": {
        "events": {
          "default": "",
          "fall": "step.wood",
          "step": "step.wood",
          "jump": "jump.wood"
        },
        "volume": 1.0,
        "pitch": 1.00
      },
      "grass": {
        "events": {
          "default": "",
          "fall": "step.grass",
          "step": "step.grass",
          "jump": "jump.grass"
        },
        "volume": 1.0,
        "pitch": 1.00
      },
      "stone": {
        "events": {
          "default": "",
          "fall": "step.stone",
          "step": "step.stone",
          "jump": "jump.stone"
        },
        "volume": 1.0,
        "pitch": 1.00
      },
      "cloth": {
        "events": {
          "default": "",
          "fall": "step.cloth",
          "step": "step.cloth",
          "jump": "jump.cloth"
        },
        "volume": 1.0,
        "pitch": 1.00
      },
      "glass": {
        "events": {
          "default": "",
          "fall": "step.stone",
          "step": "step.stone",
          "jump": "jump.stone"
        },
        "volume": 1.0,
        "pitch": 1.00
      },
      "sand": {
        "events": {
          "default": "",
          "fall": "step.sand",
          "step": "step.sand",
          "jump": "jump.sand"
        },
        "volume": 1.0,
        "pitch": 1.00
      },
      "snow": {
        "events": {
          "default": "",
          "fall": "step.snow",
          "step": "step.snow",
          "jump": "jump.snow"
        },
        "volume": 1.0,
        "pitch": 1.00
      },
      "ladder": {
        "events": {
          "default": "",
          "fall": "step.ladder",
          "step": "step.ladder",
          "jump": "jump.ladder"
        },
        "volume": 1.0,
        "pitch": 1.00
      },
      "slime": {
        "events": {
          "default": "",
          "fall": "step.slime",
          "step": "step.slime",
          "jump": "jump.slime"
        },
        "volume": 1.0,
        "pitch": 1.00
      },
      "anvil": {
        "events": {
          "default": "",
          "fall": "step.anvil",
          "step": "step.anvil",
          "jump": "jump.anvil"
        },
        "volume": 0.35,
        "pitch": 1.00
      },
      "metal": {
        "events": {
          "default": "",
          "fall": "step.stone",
          "step": "step.stone",
          "jump": "jump.stone"
        },
        "volume": 1.00,
        "pitch": 1.50
      }
    },
    "entity_sounds": {
      "defaults": {
        "volume": 0.25,
        "pitch": 1.0,
        "events": {
          "fall": {
            "default": {
              "sound": "",
              "volume": 0.5,
              "pitch": 0.75
            }
          }
        }
      },
      "entities": {
        "horse": {
          "volume": 0.15,
          "pitch": 1.0,
          "events": {
            "step": {
              "wood": "mob.horse.wood",
              "default": "mob.horse.soft"
            },
            "heavy.step": {
              "default": "mob.horse.wood"
            },
            "gallop": {
              "default": "mob.horse.gallop"
            }
          }
        },
        "donkey": {
          "volume": 0.15,
          "pitch": 1.0,
          "events": {
            "step": {
              "wood": "mob.horse.wood",
              "default": "mob.horse.soft"
            },
            "heavy.step": {
              "default": "mob.horse.wood"
            },
            "gallop": {
              "default": "mob.horse.gallop"
            }
          }
        },
        "mule": {
          "volume": 0.15,
          "pitch": 1.0,
          "events": {
            "step": {
              "wood": "mob.horse.wood",
              "default": "mob.horse.soft"
            },
            "heavy.step": {
              "default": "mob.horse.wood"
            },
            "gallop": {
              "default": "mob.horse.gallop"
            }
          }
        },
        "skeleton_horse": {
          "volume": 0.15,
          "pitch": 1.0,
          "events": {
            "step": {
              "wood": "mob.horse.wood",
              "default": "mob.horse.soft"
            },
            "heavy.step": {
              "default": "mob.horse.wood"
            },
            "gallop": {
              "default": "mob.horse.gallop"
            }
          }
        },
        "zombie_horse": {
          "volume": 0.15,
          "pitch": 1.0,
          "events": {
            "step": {
              "wood": "mob.horse.wood",
              "default": "mob.horse.soft"
            },
            "heavy.step": {
              "default": "mob.horse.wood"
            },
            "gallop": {
              "default": "mob.horse.gallop"
            }
          }
        },
        "rabbit": {
          "volume": 0.0375,
          "pitch": 1.5
        }
      }
    }
  }
}