{
	"format_version": "1.8.0",
	"animations": {
	"animation.wither_storm.base": {
"loop": true,
"bones": {
"upperbodypart2":{"rotation" : [ "variable.upper_body_rotation - this", "-this", "-this" ]},
"upperbodypart3" : {
"position" : [ -2.0, -16.9, -0.5 ],
"rotation" : [ "((0.2 + 0.1 * variable.body_base_rotation) * 180) - this", "-this", "-this" ]
},

"body0":{"position":[0,3,-13.3]},
"head1":{"rotation":["query.target_x_rotation-this", "query.target_y_rotation-this", "-this" ]},
"head2":{"rotation":[ "query.target_x_rotation-this", "query.target_y_rotation-this", "-this" ]},
"head3":{"rotation":[ "query.target_x_rotation-this", "query.target_y_rotation-this", "-this" ]},
"head1v2":{"rotation":["(query.target_x_rotation-this)+(variable.has_target?0:-15)", "query.target_y_rotation-this", "-this"],"scale":[0.73,0.73,0.73],"position":[0,-10,0]},
"head2v2":{"rotation":["(query.target_x_rotation-this)+(variable.has_target?0:-15)", "query.target_y_rotation-this", "-this"],"scale":[0.73,0.73,0.73],"position":[0,10,3.5]},
"head3v2":{"rotation":["(query.target_x_rotation-this)+(variable.has_target?0:-15)", "query.target_y_rotation-this", "-this"],"scale":[0.73,0.73,0.73],"position":[0,10,3.5]},
"chin":{"rotation":["Math.abs(math.sin(query.life_time*360))>0.85?(variable.chin_open):0",0,0]},
"chin1":{"rotation":["Math.abs(math.sin(query.life_time*360))>0.85?(variable.chin_open):0",0,0]},
"chin2":{"rotation":["Math.abs(math.sin(query.life_time*360))<0.85?(variable.chin_open):0",0,0]},
"chin3":{"rotation":["Math.abs(math.cos(query.life_time*360))>0.85?(variable.chin_open):0",0,0]},

"tentacles":{/*"rotation":["variable.tentacles_x_rotation","variable.tentacles_y_rotation",0],*/"scale":[0.6,0.6,0.95]},

"part1":{"rotation":["variable.tentacles_x_rotation","variable.tentacles_y_rotation",0],"scale":[0.6,0.6,1.5]},
"part2":{"rotation":["variable.tentacles_x_rotation","variable.tentacles_y_rotation",0]},
"part3":{"rotation":["variable.tentacles_x_rotation","variable.tentacles_y_rotation",0]},
"part4":{"rotation":["variable.tentacles_x_rotation","variable.tentacles_y_rotation",0]},
"part5":{"rotation":["variable.tentacles_x_rotation","variable.tentacles_y_rotation",0]},
"part6":{"rotation":["variable.tentacles_x_rotation","variable.tentacles_y_rotation",0]},
"part7":{"rotation":["variable.tentacles_x_rotation","variable.tentacles_y_rotation",0]},
"part8":{"rotation":["variable.tentacles_x_rotation","variable.tentacles_y_rotation",0]},
"part9":{"rotation":["variable.tentacles_x_rotation","variable.tentacles_y_rotation",0]},
"part10":{"rotation":["variable.tentacles_x_rotation","variable.tentacles_y_rotation",0]},
"part11":{"rotation":["variable.tentacles_x_rotation","variable.tentacles_y_rotation",0]},
"part12":{"rotation":["variable.tentacles_x_rotation","variable.tentacles_y_rotation",0]},
"part13":{"rotation":["variable.tentacles_x_rotation","variable.tentacles_y_rotation",0]},
"part14":{"rotation":["variable.tentacles_x_rotation","variable.tentacles_y_rotation",0]},
"part15":{"rotation":["variable.tentacles_x_rotation","variable.tentacles_y_rotation",0]},
"part16":{"rotation":["variable.tentacles_x_rotation","variable.tentacles_y_rotation",0]},
"part17":{"rotation":["variable.tentacles_x_rotation","variable.tentacles_y_rotation",0]},
"part18":{"rotation":["variable.tentacles_x_rotation","variable.tentacles_y_rotation",0]},
"part19":{"rotation":["variable.tentacles_x_rotation","variable.tentacles_y_rotation",0]},
"part20":{"rotation":["variable.tentacles_x_rotation","variable.tentacles_y_rotation",0]}

}
		}
	}
}