{
  "format_version":"1.16.100",
  "animation_controllers":{
    "controller.animation.jotai2":{
      "states":{
        "default":{
          "transitions":[
            {"snakeman_speed1":"q.variant == 27143 && q.is_sneaking && !q.is_in_water"},
            {"p_phoenix_regeneration":"q.variant == 27112 && !q.is_on_ground && !q.is_in_water"},
            {"yomiyomi2":"q.variant == 27211"}
          ]
        },
        "yomiyomi2":{
          "transitions":[
            {"yomiyomi2u":"q.variant == 27211 && q.get_equipped_item_name == 'astral_projection_end' && q.is_using_item"},
            {"yomiyomi2_dead":"!q.is_alive"}
          ],
          "on_entry":[
            "/clear @s op_asa:yomiyomi"
          ]
        },
        "yomiyomi2u":{
          "transitions":[
            {"yomiyomi2s":"q.variant == 27211 && q.get_equipped_item_name == 'astral_projection_end' && q.is_using_item"},
            {"yomiyomi2_end":"!(q.variant == 27211)"}
          ],
          "on_entry":[
            "/tag @e[type=op_asa:yomi_player,r=3,c=1] add yomi2_end"
          ]
        },
        "yomiyomi2s":{
          "transitions":[
            {"yomiyomi2u":"!q.is_using_item"},
            {"yomiyomi2_end":"!(q.variant == 27211)"}
          ]
        },
        "yomiyomi2_end":{
          "transitions":[
            {"default":"(1.0)"}
          ],
          "on_entry":[
            "/tag @e[type=op_asa:yomi_player,r=3,c=1] add yomi2_end2",
            "/function akumanomi/yomiyomi/astral_projection_end"
          ]
        },
        "yomiyomi2_dead":{
          "transitions":[
            {"default":"(1.0)"}
          ],
          "on_entry":[
            "/tag @s remove yomiyomi2",
            "/function akumanomi/yomiyomi/astral_projection_end",
            "/kill @e[type=op_asa:yomi_player]"
          ]
        },
        "p_phoenix_regeneration":{
          "transitions":[
            {"default":"!(q.variant == 27112) || q.is_on_ground || q.is_in_water"}
          ],
          "on_entry":[
            "/effect @s regeneration 100 2 true"
          ],
          "on_exit":[
            "/effect @s regeneration 0 7 true"
          ]
        },
        "snakeman_speed1":{
          "transitions":[
            {"snakeman_end":"!(q.variant == 27143)"},
            {"snakeman_speed2":"!q.is_sneaking"}
          ]
        },
        "snakeman_speed2":{
          "transitions":[
            {"snakeman_end":"!(q.variant == 27143)"},
            {"snakeman_walk":"q.is_sneaking"}
          ],
          "on_entry":[
            "/effect @s speed 10000 6 true",
            "/effect @s jump_boost 10000 6 true"
          ]
        },
        "snakeman_walk":{
          "transitions":[
            {"snakeman_end":"!(q.variant == 27143)"},
            {"default":"!q.is_sneaking"}
          ],
          "on_entry":[
            "/effect @s speed 0 200 true",
            "/effect @s jump_boost 0 200 true"
          ]
        },
        "snakeman_end":{
          "transitions":[
            {"default":"(1.0)"}
          ],
          "on_entry":[
            "/effect @s speed 0 200 true",
            "/effect @s jump_boost 0 200 true"
          ]
        }
      }
    }
  }
}