{
  "format_version":"1.16.100",
  "animation_controllers":{
    "controller.animation.jotai1":{
      "states":{
        "default":{
          "transitions":[
            {"sorusoru":"query.variant == 2713 && !q.has_rider"},
            {"sorusoru_rider":"query.variant == 2713 && q.has_rider"},
            {"nikyu_combo1":"query.variant == 2733 && query.get_equipped_item_name == 'pressure_cannon_combo' && q.is_using_item && !query.is_in_water"},
            {"mochimochi1":"q.variant == 2719 && q.get_equipped_item_name('off_hand') != 'musodonatu'"},
            {"musodonatu":"q.variant == 2719 && q.get_equipped_item_name('off_hand') == 'musodonatu'"},
            {"blackhole":"(query.variant == 2709 || query.variant == 2715) && query.get_equipped_item_name == 'blackhole_revelation' && query.is_using_item && !query.is_in_water"},
            // alive
            {"hobihobi":"q.variant == 2716 && !q.is_alive"},
            {"itoito":"q.variant == 2712 && !q.is_alive"},
            // sneaking
            {"phoenix_sneaking":"q.variant == 2711 && (q.get_equipped_item_name == 'phoenix_boost' || q.get_equipped_item_name == 'hououin' || q.get_equipped_item_name == 'ongle') && q.is_sneaking && !query.is_in_water"},
            {"p_phoenix_sneaking":"q.variant == 27112 && q.is_sneaking && !query.is_in_water"},
            {"uouo_sneaking":"q.variant == 27201 && q.is_sneaking && !query.is_in_water"},
            {"doku_not_sneaking":"q.variant == 27301 && !q.is_sneaking && !query.is_in_water"},
            // tori
            {"ongle":"q.variant == 2711 && q.is_using_item && q.get_equipped_item_name == 'ongle' && !query.is_in_water"},
            // yomi
            {"yomiyomi0":"q.variant == 27210 && !q.is_alive"},
            {"yomiyomi":"q.variant == 2721 && q.get_equipped_item_name == 'astral_projection' && q.is_using_item && !q.is_in_water"},
            {"yomiyomi2_float":"q.variant == 27211"},
            // siro
            {"sirosiro_ride1":"q.variant == 2726 && q.has_rider"},
            {"sirosiro_ride2":"q.variant == 2726 && !q.has_rider"},
            {"baribari":"q.variant == 2727"},
            {"room":"query.variant == 2707 && query.equipped_item_all_tags('slot.weapon.offhand','op_asa:opeope') == 1.0 && !query.is_in_water"}
          ]
        },
        "room":{
          "transitions":[
            {"default":"query.equipped_item_all_tags('slot.weapon.offhand','op_asa:opeope') == 0.0 || query.variant != 2707 || query.is_in_water || !q.is_alive"}
          ],
          "on_entry":[
            "/function akumanomi/opeope/room_start"
          ],
          "on_exit":[
            "/function akumanomi/opeope/room_end"
          ]
        },
        "sorusoru":{
          "transitions":[
            {"default":"(1.0)"}
          ],
          "on_entry":[
            "/function akumanomi/sorusoru/soul_pocus_loop"
          ]
        },
        "sorusoru_rider":{
          "transitions":[
            {"default":"(1.0)"}
          ],
          "on_entry":[
            "/function akumanomi/sorusoru/soul_pocus_loop",
            "/effect @s fire_resistance 1 0 true"
          ]
        },
        "mochimochi1":{
          "transitions":[
            {"default":"(1.0)"}
          ],
          "on_entry":[
            "/execute @s ~~~ detect ~~-1~ op_asa:mochimochi_block 0 effect @s speed 1 2 true",
            "/clear @s[hasitem={item=op_asa:chikaramochi}] op_asa:chikaramochi",
            "/clear @s[hasitem={item=op_asa:mochiginchaku}] op_asa:mochiginchaku"
          ]
        },
        "musodonatu":{
          "transitions":[
            {"mochimochi2":"(1.0)"}
          ],
          "on_entry":[
            "/function akumanomi/mochimochi/muso_give"
          ]
        },
        "mochimochi2":{
          "transitions":[
            {"default":"q.variant != 2719 || q.get_equipped_item_name('off_hand') != 'musodonatu'"},
            {"mochimochi2_loop":"q.variant == 2719 && q.get_equipped_item_name('off_hand') == 'musodonatu'"}
          ],
          "on_entry":[
            "/execute @s ~~~ detect ~~-1~ op_asa:mochimochi_block 0 effect @s speed 1 2 true"
          ]
        },
        "mochimochi2_loop":{
          "transitions":[
            {"mochimochi2":"(1.0)"}
          ],
          "on_entry":[
            "/execute @s ~~~ detect ~~-1~ op_asa:mochimochi_block 0 effect @s speed 1 2 true"
          ]
        },
        "nikyu_combo1":{
          "transitions":[
            {"default":"query.variant != 2733 || query.get_equipped_item_name != 'pressure_cannon_combo' || !q.is_using_item || query.is_in_water"},
            {"nikyu_combo2":"query.variant == 2733 && query.get_equipped_item_name == 'pressure_cannon_combo' && q.is_using_item && !query.is_in_water"}
          ],
          "on_entry":[
            "/particle op_asa:pressure_cannon_particle ^^1^2",
            "/particle op_asa:pressure_cannon_particle ^^1^4"
          ]
        },
        "nikyu_combo2":{
          "transitions":[
            {"default":"query.variant != 2733 || query.get_equipped_item_name != 'pressure_cannon_combo' || !q.is_using_item || query.is_in_water"},
            {"nikyu_combo3":"query.variant == 2733 && query.get_equipped_item_name == 'pressure_cannon_combo' && q.is_using_item && !query.is_in_water"}
          ],
          "on_entry":[
            "/particle op_asa:pressure_cannon_particle ^1^1^2",
            "/particle op_asa:pressure_cannon_particle ^1^1^4"
          ]
        },
        "nikyu_combo3":{
          "transitions":[
            {"default":"query.variant != 2733 || query.get_equipped_item_name != 'pressure_cannon_combo' || !q.is_using_item || query.is_in_water"},
            {"nikyu_combo1":"query.variant == 2733 && query.get_equipped_item_name == 'pressure_cannon_combo' && q.is_using_item && !query.is_in_water"}
          ],
          "on_entry":[
            "/particle op_asa:pressure_cannon_particle ^-1^1^2",
            "/particle op_asa:pressure_cannon_particle ^-1^1^4"
          ]
        },
        "baribari":{
          "transitions":[
            {"default":"!q.is_alive || q.variant != 2727"}
          ],
          "on_exit":[
            "/function akumanomi/baribari/barrier_end"
          ]
        },
        "sirosiro_ride1":{
          "transitions":[
            {"default":"(1.0)"}
          ],
          "on_entry":[
            "/tag @a[tag=!sirosiro,dx=0,dy=1,dz=0] add sirosiro_rider",
            "/tag @a[tag=sirosiro_rider,rm=2,r=64] remove sirosiro_rider"
          ]
        },
        "sirosiro_ride2":{
          "transitions":[
            {"default":"(1.0)"}
          ],
          "on_entry":[
            "/tag @a[tag=sirosiro_rider] remove sirosiro_rider"
          ]
        },
        "blackhole":{
          "transitions":[
            {"default":"(1.0)"}
          ],
          "on_entry":[
            "/function akumanomi/yamiyami/blackhole"
          ]
        },
        "yomiyomi0":{
          "transitions":[
            {"yomiyomi1":"variable.time = (variable.time ?? 0);variable.time = variable.time < 5 ? variable.time + 1:0;return variable.time == 0;"}
          ]
        },
        "yomiyomi1":{
          "transitions":[
            {"yomiyomi2":"q.variant == 27210"},
            {"default":"q.variant != 27210"}
          ]
        },
        "yomiyomi2":{
          "transitions":[
            {"default":"(1.0)"}
          ],
          "on_entry":[
            "/tag @s add yomiyomi",
            "/tag @s remove yomiyomi0",
            "/function akumanomi/yomiyomi/yomi_give"
          ]
        },
        "yomiyomi2_float":{
          "transitions":[
            {"yomiyomi2_float_loop":"q.variant == 27211"},
            {"default":"q.variant != 27211"}
          ],
          "on_entry":[
            "/function akumanomi/yomiyomi/yomiyomi2float"
          ]
        },
        "yomiyomi2_float_loop":{
          "transitions":[
            {"yomiyomi2_float":"(1.0)"}
          ]
        },
        "yomiyomi":{
          "transitions":[
            {"default":"!q.is_using_item"}
          ],
          "on_entry":[
            "/summon op_asa:yomi_player"
          ],
          "on_exit":[
            "/function akumanomi/yomiyomi/yomiyomi"
          ]
        },
        // uouo
        "uouo_sneaking":{
          "transitions":[
            {"sneaking_end":"!q.is_sneaking || q.variant != 27201"},
            {"uouo_sneaking_loop":"variable.time = (variable.time ?? 0);variable.time = variable.time < 23 ? variable.time + 1:0;return variable.time == 0;"}
          ],
          "on_entry":[
            "/effect @s levitation 1 0 true",
            "/effect @s slow_falling 2 0 true"
          ]
        },
        "uouo_sneaking_loop":{
          "transitions":[
            {"uouo_sneaking":"(1.0)"}
          ]
        },
        "sneaking_end":{
          "transitions":[
            {"default":"(1.0)"}
          ],
          "on_entry":[
            "/effect @s slow_falling 0 2 true"
          ]
        },
        "doku_not_sneaking":{
          "transitions":[
            {"default":"(1.0)"}
          ],
          "on_entry":[
            "/function akumanomi/dokudoku/venomdemon_state"
          ]
        },
        // phoenix
        "phoenix_sneaking":{
          "transitions":[
            {"default":"!q.is_sneaking || q.variant != 2711 || (q.get_equipped_item_name != 'phoenix_boost' && q.get_equipped_item_name != 'hououin' && q.get_equipped_item_name != 'ongle')"},
            {"ongle":"q.is_using_item && q.get_equipped_item_name == 'ongle'"},
            {"phoenix_sneaking_loop":"variable.time = (variable.time ?? 0);variable.time = variable.time < 23 ? variable.time + 1:0;return variable.time == 0;"}
          ],
          "on_entry":[
            "/effect @s levitation 1 0 true",
            "/effect @s slow_falling 2 0 true"
          ]
        },
        "phoenix_sneaking_loop":{
          "transitions":[
            {"phoenix_sneaking":"(1.0)"}
          ]
        },
        "ongle":{
          "transitions":[
            {"default":"!q.is_using_item"}
          ],
          "on_entry":[
            "/function akumanomi/toritori/ongle"
          ]
        },
        // p_phoenix
        "p_phoenix_sneaking":{
          "transitions":[
            {"sneaking_end":"!q.is_sneaking || q.variant != 27112"},
            {"p_phoenix_sneaking_loop":"variable.time = (variable.time ?? 0);variable.time = variable.time < 23 ? variable.time + 1:0;return variable.time == 0;"}
          ],
          "on_entry":[
            "/effect @s levitation 1 0 true",
            "/effect @s slow_falling 10 0 true"
          ]
        },
        "p_phoenix_sneaking_loop":{
          "transitions":[
            {"p_phoenix_sneaking":"(1.0)"}
          ]
        },
        // hobi
        "hobihobi":{
          "transitions":[
            {"default":"(1.0)"}
          ],
          "on_entry":[
            "/tag @e[family=hobby] add toy_end"
          ]
        },
        "itoito":{
          "transitions":[
            {"default":"(1.0)"}
          ],
          "on_entry":[
            "/event entity @e[type=op_asa:torikago] op_asa:be_despawn"
          ]
        }
      }
    }
  }
}