{
  "format_version":"1.16.100",
  "animation_controllers":{
    "controller.animation.loop":{
      "states":{
        "default":{
          "transitions":[
            {"loop_inwater":"q.is_in_water"},
            {"loop":"!q.is_in_water"}
          ]
        },
        "loop_inwater":{
          "transitions":[
            {"default":"(1.0)"}
          ],
          "on_entry":[
            "/function loop_inwater"
          ]
        },
        "loop":{
          "transitions":[
            {"default":"(1.0)"}
          ],
          "on_entry":[
            "/function loop"
          ]
        }
      }
    }
  }
}