{
  "format_version":"1.16.100",
  "animation_controllers":{
    "controller.animation.main2":{
      "states":{
        "default":{
          "transitions":[
            {"hotoke_impact":"query.get_equipped_item_name == 'hotoke_impact' && query.is_using_item"},
            {"sanzensekai":"q.get_equipped_item_name == 'shusui' && q.get_equipped_item_name('off_hand') == 'sandaikitetu' && query.equipped_item_all_tags('slot.armor.head','op_asa:wadoichimonji') == 1.0"},
            {"dokuhiroi":"q.get_equipped_item_name == 'glass_bottle' && v.attack_time"},
            {"impact_dial_on_tag":"q.get_equipped_item_name == 'impact_dial_on' || q.get_equipped_item_name == 'impact_dial_used'"},
            {"reject_dial_on_tag":"q.get_equipped_item_name == 'reject_dial_on' || q.get_equipped_item_name == 'reject_dial_used'"}
          ],
          "on_entry":[
            "/tag @s remove dokuhiroi"
          ]
        },
        "hotoke_impact":{
          "transitions":[
            {"default":"(1.0)"}
          ],
          "on_entry":[
            "/particle op_asa:hotoke_particle ^^1^13"
          ]
        },
        "sanzensekai":{
          "transitions":[
            {"default":"(1.0)"}
          ],
          "on_entry":[
            "/function katanawaza/sanzensekai"
          ]
        },
        "dokuhiroi":{
          "transitions":[
            {"default":"!v.attack_time"}
          ],
          "on_entry":[
            "/tag @s add dokuhiroi"
          ]
        },
        "impact_dial_on_tag":{
          "transitions":[
            {"default":"q.get_equipped_item_name('off_hand') != 'impact_dial_on' && q.get_equipped_item_name != 'impact_dial_used'"}
          ],
          "on_entry":[
            "/tag @s add impact_dial_on"
          ],
          "on_exit":[
            "/tag @s remove impact_dial_on"
          ]
        },
        "reject_dial_on_tag":{
          "transitions":[
            {"default":"q.get_equipped_item_name != 'reject_dial_on' && q.get_equipped_item_name != 'reject_dial_used'"}
          ],
          "on_entry":[
            "/tag @s add reject_dial_on"
          ],
          "on_exit":[
            "/tag @s remove reject_dial_on"
          ]
        }
      }
    }
  }
}