{
  "format_version":"1.16.100",
  "animation_controllers":{
    "controller.animation.main":{
      "states":{
        "default":{
          "transitions":[
            // change forced
            {"kikoku":"q.variant != 2707 && (q.get_equipped_item_name == 'kikoku_injection' || q.get_equipped_item_name == 'kikoku_scan' || q.get_equipped_item_name == 'radio_knife')"},
            {"gurabito":"q.variant != 2706 && q.get_equipped_item_name == 'gurabito2'"},
            {"waraken":"q.variant != 2718 && q.get_equipped_item_name == 'warabideto'"},
            {"mochituki":"(q.variant != 2719 || q.is_in_water) && q.get_equipped_item_name == 'mochituki'"},
            // change forced akumanomi skill
            {"0":"q.variant != 2701 && query.equipped_item_all_tags('slot.weapon.mainhand','op_asa:hiehie') == 1.0"},
            {"0":"q.variant != 2702 && q.variant != 27021 && q.variant != 270211 && query.equipped_item_all_tags('slot.weapon.mainhand','op_asa:gorogoro') == 1.0"},
            {"0":"q.variant != 2703 && query.equipped_item_all_tags('slot.weapon.mainhand','op_asa:pikapika') == 1.0"},
            {"0":"q.variant != 2704 && query.equipped_item_all_tags('slot.weapon.mainhand','op_asa:sunasuna') == 1.0"},
            {"0":"q.variant != 2705 && q.variant != 2715 && query.equipped_item_all_tags('slot.weapon.mainhand','op_asa:guragura') == 1.0"},
            {"0":"q.variant != 2706 && query.equipped_item_all_tags('slot.weapon.mainhand','op_asa:zusizusi') == 1.0"},
            {"0":"q.variant != 2707 && query.equipped_item_all_tags('slot.weapon.mainhand','op_asa:opeope') == 1.0"},
            {"0":"q.variant != 2708 && query.equipped_item_all_tags('slot.weapon.mainhand','op_asa:meramera') == 1.0"},
            {"0":"q.variant != 2709 && q.variant != 2715 && query.equipped_item_all_tags('slot.weapon.mainhand','op_asa:yamiyami') == 1.0"},
            {"0":"q.variant != 2710 && query.equipped_item_all_tags('slot.weapon.mainhand','op_asa:magmag') == 1.0"},
            {"0":"q.variant != 2711 && q.variant != 27112 && query.equipped_item_all_tags('slot.weapon.mainhand','op_asa:toritori') == 1.0"},
            {"0":"q.variant != 2712 && query.equipped_item_all_tags('slot.weapon.mainhand','op_asa:itoito') == 1.0"},
            {"0":"q.variant != 2713 && query.equipped_item_all_tags('slot.weapon.mainhand','op_asa:sorusoru') == 1.0"},
            {"0":"q.variant != 2714 && q.variant != 27141 && q.variant != 27143 && q.variant != 27140 && query.equipped_item_all_tags('slot.weapon.mainhand','op_asa:gomgom') == 1.0"},
            {"0":"q.variant != 2716 && query.equipped_item_all_tags('slot.weapon.mainhand','op_asa:hobihobi') == 1.0"},
            {"0":"q.variant != 2717 && query.equipped_item_all_tags('slot.weapon.mainhand','op_asa:betabeta') == 1.0"},
            {"0":"q.variant != 2718 && q.variant != 27181 && query.equipped_item_all_tags('slot.weapon.mainhand','op_asa:warawara') == 1.0"},
            {"0":"q.variant != 2719 && query.equipped_item_all_tags('slot.weapon.mainhand','op_asa:mochimochi') == 1.0"},
            {"0":"q.variant != 2720 && q.variant != 27201 && q.variant != 272011 && query.equipped_item_all_tags('slot.weapon.mainhand','op_asa:uouo') == 1.0"},
            {"0":"q.variant != 27210 && q.variant != 2721 && q.variant != 27211 && query.equipped_item_all_tags('slot.weapon.mainhand','op_asa:yomiyomi') == 1.0"},
            {"0":"q.variant != 2723 && query.equipped_item_all_tags('slot.weapon.mainhand','op_asa:hanahana') == 1.0"},
            {"0":"q.variant != 2724 && query.equipped_item_all_tags('slot.weapon.mainhand','op_asa:sukesuke') == 1.0"},
            {"0":"q.variant != 2725 && query.equipped_item_all_tags('slot.weapon.mainhand','op_asa:noronoro') == 1.0"},
            {"0":"q.variant != 2726 && query.equipped_item_all_tags('slot.weapon.mainhand','op_asa:sirosiro') == 1.0"},
            {"0":"q.variant != 2727 && query.equipped_item_all_tags('slot.weapon.mainhand','op_asa:baribari') == 1.0"},
            {"0":"q.variant != 2730 && q.variant != 27301 && q.variant != 273011 && query.equipped_item_all_tags('slot.weapon.mainhand','op_asa:dokudoku') == 1.0"},
            {"0":"q.variant != 2731 && q.variant != 27311 && q.variant != 273111  && query.equipped_item_all_tags('slot.weapon.mainhand','op_asa:hotoke') == 1.0"},
            {"0":"q.variant != 2732 && query.equipped_item_all_tags('slot.weapon.mainhand','op_asa:jikijiki') == 1.0"},
            {"0":"q.variant != 2733 && query.equipped_item_all_tags('slot.weapon.mainhand','op_asa:nikyunikyu') == 1.0"},
            // change freedom
            {"busoshoku":"q.get_equipped_item_name == 'busoshoku'"},
            {"busoshoku_off":"q.get_equipped_item_name == 'busoshoku_on' && q.is_using_item"},
            {"busoshoku_on":"q.get_equipped_item_name == 'busoshoku_off' && q.is_using_item"},
            {"ryuo":"q.get_equipped_item_name == 'ryuo'"},
            {"ryuo_off":"q.get_equipped_item_name == 'ryuo_on' && q.is_using_item"},
            {"ryuo_on":"q.get_equipped_item_name == 'ryuo_off' && q.is_using_item"},
            {"sorcery_clima_tact2":"q.get_equipped_item_name == 'sorcery_clima_tact2' && variable.attack_time"},
            {"sorcery_clima_tact2_2":"q.get_equipped_item_name == 'sorcery_clima_tact2_2' && variable.attack_time"},
            // dial
            {"breath_dial":"q.get_equipped_item_name == 'breath_dial' && variable.attack_time"},
            {"breath_dial_on":"q.get_equipped_item_name == 'breath_dial' && q.is_using_item"},
            {"jet_dial":"q.get_equipped_item_name == 'jet_dial' && variable.attack_time"},
            {"jet_dial_on":"q.get_equipped_item_name == 'jet_dial' && q.is_using_item"},
            {"flame_dial":"q.get_equipped_item_name == 'flame_dial' && variable.attack_time"},
            {"water_dial":"q.get_equipped_item_name == 'water_dial' && variable.attack_time"},
            {"lamp_dial_on":"q.get_equipped_item_name == 'lamp_dial' && q.is_using_item"},
            {"lamp_dial":"q.get_equipped_item_name == 'lamp_dial' && q.time_of_day > 0.25 && q.time_of_day < 0.75 && !q.is_in_water_or_rain"},
            {"impact_dial_on":"q.get_equipped_item_name == 'impact_dial_on' && q.is_using_item"},
            {"reject_dial_on":"q.get_equipped_item_name == 'reject_dial_on' && q.is_using_item"},
            {"impact_dial_reuse":"q.get_equipped_item_name == 'impact_dial_used' && q.is_using_item"},
            {"reject_dial_reuse":"q.get_equipped_item_name == 'reject_dial_used' && q.is_using_item"},
            // akumanomi skill
            // nikyu
            {"pressure_cannon_combo":"query.variant == 2733 && query.get_equipped_item_name == 'pressure_cannon_combo' && q.is_using_item && !query.is_in_water"},
            // jiki
            {"jikipower":"query.variant == 2732 && query.get_equipped_item_name == 'attract' && q.is_using_item"},
            {"repel_start":"query.variant == 2732 && query.get_equipped_item_name == 'repel' && q.is_using_item"},
            {"jiki2":"query.variant == 2732 && query.get_equipped_item_name == 'jiki2' && variable.attack_time"},
            // hotoke
            {"hotoke_impact_start":"query.get_equipped_item_name == 'hotoke_impact' && query.is_using_item"},
            // doku
            {"dokuhugu":"query.get_equipped_item_name == 'dokuhugu' && query.is_using_item"},
            {"dokugumo1":"query.get_equipped_item_name == 'dokugumo' && query.is_using_item"},
            // mera
            {"kaen_ryuo":"query.variant == 2708 && query.get_equipped_item_name == 'kaen_ryuo'"},
            {"entei1":"query.variant == 2708 && query.get_equipped_item_name == 'entei' && query.is_using_item && !query.is_in_water"},
            // hie
            {"ice_age1":"query.variant == 2701 && query.get_equipped_item_name == 'ice_age' && query.is_using_item && !query.is_in_water"},
            // pika
            {"yasakaninomagatama":"q.variant == 2703 && query.get_equipped_item_name == 'yasakaninomagatama' && query.is_using_item && !query.is_in_water"},
            // suna
            {"sunasuna1":"!query.is_in_water_or_rain && query.variant == 2704 && query.get_equipped_item_name == 'grandsekko' && query.is_using_item"},
            // yami
            {"blackhole0":"(query.variant == 2709 || query.variant == 2715) && query.get_equipped_item_name == 'blackhole_revelation' && query.is_using_item && !query.is_in_water"},
            // magmag
            {"ryuseikazan":"query.variant == 2710 && query.get_equipped_item_name == 'ryuseikazan' && query.is_using_item && !query.is_in_water"},
            // gura
            {"murakumokiri_charge":"query.variant == 2705 && query.get_equipped_item_name('off_hand') == 'guragura_left' && query.get_equipped_item_name == 'murakumokiri' && query.is_using_item && !query.is_in_water"},
            {"guragura_charge":"(query.variant == 2705 || query.variant == 2715) && query.get_equipped_item_name == 'guragura_right' && query.is_using_item && !query.is_in_water"},
            // ito
            {"itoito1":"query.variant == 2712 && query.get_equipped_item_name == 'itoito_kakusei' && query.is_using_item && !query.is_in_water"},
            {"gosiki-to":"query.variant == 2712 && query.get_equipped_item_name == 'gosiki-to' && variable.attack_time && !query.is_in_water"},
            // gom
            {"gatling_start":"query.variant == 2714 && query.get_equipped_item_name == 'gatling' && query.is_using_item && !query.is_in_water"},
            {"gear2_1":"query.variant == 2714 && query.get_equipped_item_name == 'gear2' && query.is_using_item && !query.is_in_water"},
            {"jet_pistol_charge":"query.variant == 2714 && query.get_equipped_item_name == 'jet_pistol' && query.is_using_item && !query.is_in_water"},
            {"hawk_gatling_start":"query.variant == 2714 && query.has_any_family('b_haki','ryuo') == 1.0 && query.get_equipped_item_name == 'jet_gatling' && query.is_using_item && !query.is_in_water"},
            {"jet_gatling_start":"query.variant == 2714 && query.get_equipped_item_name == 'jet_gatling' && query.is_using_item && !query.is_in_water"},
            {"redhawk_hold_b_haki":"query.variant == 2714 && query.has_any_family('b_haki') == 1.0 && !query.is_in_water && query.get_equipped_item_name == 'redhawk' && query.is_using_item"},
            {"redhawk_hold_ryuo":"query.variant == 2714 && query.has_any_family('ryuo') == 1.0 && !query.is_in_water && query.get_equipped_item_name == 'redhawk' && query.is_using_item"},
            {"gear2_end":"query.variant == 2714 && query.get_equipped_item_name == 'gear' && query.is_using_item"},
            {"gear3_1":"query.variant == 2714 && query.get_equipped_item_name == 'gear3' && query.is_using_item && !query.is_in_water"},
            {"gom_rocket1":"query.variant == 2714 && query.get_equipped_item_name == 'gom_rocket' && query.is_using_item && !query.is_in_water"},
            {"konggun_charge":"q.variant ==27141 && q.get_equipped_item_name == 'konggun' && q.is_using_item && !query.is_in_water"},
            {"kingkonggun":"q.variant ==27141 && query.get_equipped_item_name == 'kingkonggun' && variable.attack_time && !query.is_in_water"},
            {"blackmamba1":"q.variant ==27143 && q.is_using_item && query.get_equipped_item_name == 'blackmamba' && !query.is_in_water"},
            // tori
            {"tori_health":"query.variant == 2711 && query.get_equipped_item_name == 'toritori_health' && query.is_using_item && !query.is_in_water"},
            {"ongle":"query.variant == 2711 && query.get_equipped_item_name == 'ongle' && q.is_using_item && !query.is_in_water"},
            {"hououin_hold":"query.variant == 2711 && query.get_equipped_item_name == 'hououin' && query.is_using_item && !query.is_in_water"},
            // mochi
            {"nagaremochi1":"query.variant == 2719 && query.get_equipped_item_name == 'nagaremochi' && query.is_using_item && !query.is_in_water"},
            {"mochiginchaku_haki":"query.variant == 2719 && query.has_any_family('b_haki','ryuo') == 1.0 && query.get_equipped_item_name == 'mochiginchaku' && query.is_using_item && !query.is_in_water"},
            {"mochiginchaku":"query.variant == 2719 && query.get_equipped_item_name == 'mochiginchaku' && query.is_using_item && !query.is_in_water"},
            // uo
            {"borobreath_charge":"query.variant == 27201 && query.get_equipped_item_name == 'borobreath' && query.is_using_item && !query.is_in_water"},
            // yomi
            {"yomiyomi1":"query.variant == 2721 && query.get_equipped_item_name == 'brook_ken' && query.get_equipped_item_name('off_hand') == 'yomiyomi' && variable.attack_time && !query.is_in_water"},
            {"soulking1":"query.variant == 2721 && query.get_equipped_item_name == 'soulking' && query.is_using_item && !query.is_in_water"},
            // hana
            {"gigantescomano1":"query.variant == 2723 && query.get_equipped_item_name == 'gigantescomano' && query.is_using_item"},
            {"spidernet":"query.variant == 2723 && query.get_equipped_item_name == 'spidernet' && query.is_using_item"},
            // moku
            {"whitesnake_start":"query.variant == 2729 && query.get_equipped_item_name == 'whitesnake' && query.is_using_item && !query.is_in_water"},
            {"whiteblow_charge":"query.variant == 2729 && query.get_equipped_item_name == 'whiteblow' && query.is_using_item && !query.is_in_water"},
            {"whitelauncher":"query.variant == 2729 && query.get_equipped_item_name == 'whitelauncher' && !query.is_in_water"},
            {"whiteout":"query.variant == 2729 && query.get_equipped_item_name == 'whiteout' && query.is_using_item && !query.is_in_water"},
            // soru
            {"soul_shave_prometheus":"query.variant == 2713 && q.get_equipped_item_name == 'soul_shave' && q.is_using_item && !query.is_in_water && q.position(1) >= 320"},
            {"soul_shave_zeus":"query.variant == 2713 && q.get_equipped_item_name == 'soul_shave' && q.is_using_item && !query.is_in_water && q.position(1) >= 197"},
            {"soul_shave":"q.get_equipped_item_name == 'soul_shave' && q.is_using_item && !query.is_in_water"},
            // ope
            {"injection_hold":"query.variant == 2707 && (query.get_equipped_item_name('off_hand') == 'room' || query.get_equipped_item_name('off_hand') == 'room_medium' || query.get_equipped_item_name('off_hand') == 'room_large') && query.get_equipped_item_name == 'kikoku_injection' && query.is_using_item"},
            {"room_scan_charge":"query.variant == 2707 && (query.get_equipped_item_name('off_hand') == 'room' || query.get_equipped_item_name('off_hand') == 'room_medium' || query.get_equipped_item_name('off_hand') == 'room_large') && query.get_equipped_item_name == 'kikoku_scan' && query.is_using_item"},
            // logia
            {"logia_speed":"((query.variant == 2708 && query.get_equipped_item_name == 'meramera') || (query.variant == 2704 && query.get_equipped_item_name == 'sunasuna') || (query.variant == 2729 && query.get_equipped_item_name == 'mokumoku')) && variable.attack_time && !query.is_in_water"},
            // kenbunshoku
            {"kenbunshoku1":"query.is_using_item && query.get_equipped_item_name == 'kenbunshoku1'"},
            // busoshoku
            {"get_busoshoku":"q.get_equipped_item_name == 'busoshoku_on' || q.get_equipped_item_name == 'busoshoku_off'"},
            {"get_ryuo":"q.get_equipped_item_name == 'ryuo_on' || q.get_equipped_item_name == 'ryuo_off'"},
            // kurokabuto
            {"kurokabuto_charge":"query.is_using_item && query.get_equipped_item_name == 'kurokabuto'"},
            // katanawaza
            {"homurasaki":"q.get_equipped_item_name == 'enma_homurasaki' && variable.attack_time"},
            {"sanzensekai_charge":"q.get_equipped_item_name == 'shusui' && q.get_equipped_item_name('off_hand') == 'sandaikitetu' && query.equipped_item_all_tags('slot.armor.head','op_asa:wadoichimonji') == 1.0 && q.is_using_item"},
            // rokushiki
            {"geppou_move":"q.get_equipped_item_name == 'geppou' && q.is_using_item && !q.is_sneaking"},
            {"geppou_stay":"q.get_equipped_item_name == 'geppou' && q.is_using_item && q.is_sneaking"}
          ]
        },
        // rokushiki
        "geppou_move":{
          "transitions":[
            {"default":"(1.0)"}
          ],
          "on_entry":[
            "/particle minecraft:camera_shoot_explosion ~~~",
            "/execute @s ~~~ summon op_asa:geppou_move ~~-1~"
          ]
        },
        "geppou_stay":{
          "transitions":[
            {"default":"(1.0)"}
          ],
          "on_entry":[
            "/particle minecraft:camera_shoot_explosion ~~~",
            "/execute @s ~~~ summon op_asa:geppou_stay ~~-1~"
          ]
        },
        // ope
        "room_scan_charge":{
          "transitions":[
            {"default":"(query.get_equipped_item_name('off_hand') != 'room' && query.get_equipped_item_name('off_hand') != 'room_medium' && query.get_equipped_item_name('off_hand') != 'room_large') || !query.is_using_item"},
            {"room_scan_charged":"query.item_in_use_duration > 200"}
          ]
        },
        "room_scan_charged":{
          "transitions":[
            {"default":"(1.0)"}
          ],
          "on_entry":[
            "/tp @e[type=item,tag=room_inside] @s"
          ]
        },
        "injection_hold":{
          "transitions":[
            {"default":"query.get_equipped_item_name('off_hand') != 'room' && query.get_equipped_item_name('off_hand') != 'room_medium' && query.get_equipped_item_name('off_hand') != 'room_large'"},
            {"injection_shot":"!q.is_using_item"}
          ],
          "on_exit":[
            "/effect @s speed 1 20 true",
            "/tag @s add injection",
            "/particle minecraft:camera_shoot_explosion ~~~"
          ]
        },
        "injection_shot":{
          "transitions":[
            {"default":"query.get_equipped_item_name('off_hand') != 'room' && query.get_equipped_item_name('off_hand') != 'room_medium' && query.get_equipped_item_name('off_hand') != 'room_large'"},
            {"default":"variable.time = (variable.time ?? 0);variable.time = variable.time < 20 ? variable.time + 1:0;return variable.time == 0;"}
          ],
          "on_exit":[
            "/tag @s remove injection"
          ]
        },
        // soru
        "soul_shave_prometheus":{
          "transitions":[
            {"default":"!q.is_using_item"}
          ],
          "on_entry":[
            "/function akumanomi/sorusoru/soul_shave_prometheus"
          ]
        },
        "soul_shave_zeus":{
          "transitions":[
            {"default":"!q.is_using_item"}
          ],
          "on_entry":[
            "/function akumanomi/sorusoru/soul_shave_zeus"
          ]
        },
        "soul_shave":{
          "transitions":[
            {"default":"!q.is_using_item"}
          ],
          "on_entry":[
            "/function akumanomi/sorusoru/soul_shave"
          ]
        },
        "pressure_cannon_combo":{
          "transitions":[
            {"default":"(1.0)"}
          ],
          "on_entry":[
            "/particle op_asa:pressure_cannon_combo_particle ^^1^4",
            "/execute @s ^^1^3 damage @e[r=3,c=1,family=mob] 4 entity_attack entity @s",
            "/execute @s ^^1^3 damage @p[r=3] 4 entity_attack entity @s",
            "/particle op_asa:pressure_cannon_combo_particle ^^1^7",
            "/execute @s ^^1^7 damage @e[r=3,c=1,family=mob] 4 entity_attack entity @s",
            "/execute @s ^^1^7 damage @p[r=3] 4 entity_attack entity @s"
          ]
        },
        // jiki
        "jikipower":{
          "transitions":[
            {"jikipowerout":"!q.is_using_item"},
            {"jikipower_loop":"variable.time = (variable.time ?? 0);variable.time = variable.time < 4 ? variable.time + 1:0;return variable.time == 0;"}
          ],
          "on_entry":[
            "/function akumanomi/jikijiki/jikipower"
          ]
        },
        "jikipower_loop":{
          "transitions":[
            {"jikipower":"(1.0)"}
          ]
        },
        "jikipowerout":{
          "transitions":[
            {"default":"(1.0)"}
          ],
          "on_entry":[
            "/function akumanomi/jikijiki/jikipowerout"
          ]
        },
        "repel_start":{
          "transitions":[
            {"repel":"(1.0)"}
          ],
          "on_entry":[
            "/event entity @s repel"
          ]
        },
        "repel":{
          "transitions":[
            {"repel_end":"query.variant != 2732 || query.get_equipped_item_name != 'repel' || !q.is_using_item"},
            {"repel_loop":"variable.time = (variable.time ?? 0);variable.time = variable.time < 9 ? variable.time + 1:0;return variable.time == 0;"}
          ],
          "on_entry":[
            "/particle op_asa:repel_particle ~~1~"
          ]
        },
        "repel_loop":{
          "transitions":[
            {"repel":"(1.0)"}
          ]
        },
        "repel_end":{
          "transitions":[
            {"default":"(1.0)"}
          ],
          "on_entry":[
            "/event entity @s repel_end"
          ]
        },
        "jiki2":{
          "transitions":[
            {"jiki2_end":"q.get_equipped_item_name != 'jiki2'"},
            {"jiki2_combo":"variable.time = (variable.time ?? 0);variable.time = variable.time < 5 ? variable.time + 1:0;return variable.time == 0;"}
          ],
          "on_entry":[
            "/effect @s weakness 10 40 true"
          ]
        },
        "jiki2_combo":{
          "transitions":[
            {"jiki2_end":"(1.0)"}
          ],
          "on_entry":[
            "/damage @e[tag=jiba,r=6] 15 suicide entity @s"
          ]
        },
        "jiki2_end":{
          "transitions":[
            {"default":"(1.0)"}
          ],
          "on_entry":[
            "/effect @s weakness 0 41 true",
            "/tag @e[r=16] remove jiba"
          ]
        },
        // hotoke
        "hotoke_impact_start":{
          "transitions":[
            {"hotoke_impact_state":"variable.time = (variable.time ?? 0);variable.time = variable.time < 9 ? variable.time + 1:0;return variable.time == 0;"}
          ],
          "on_entry":[
            "/execute @s ^^1^13 damage @e[r=10,tag=!hotoke,family=!hotoke] 2 suicide entity @s",
            "/execute @s ^^1^13 effect @e[r=10,tag=!hotoke,family=!hotoke] slowness 1 3 true"
          ]
        },
        "hotoke_impact_state":{
          "transitions":[
            {"default":"!query.is_using_item || query.get_equipped_item_name != 'hotoke_impact'"},
            {"hotoke_impact_loop":"variable.time = (variable.time ?? 0);variable.time = variable.time < 9 ? variable.time + 1:0;return variable.time == 0;"}
          ],
          "on_entry":[
            "/execute @s ^^1^13 damage @e[r=10,tag=!hotoke,family=!hotoke] 2 suicide",
            "/execute @s ^^1^13 effect @e[r=10,tag=!hotoke,family=!hotoke] slowness 1 3 true"
          ]
        },
        "hotoke_impact_loop":{
          "transitions":[
            {"hotoke_impact_state":"(1.0)"}
          ]
        },
        // doku
        "dokuhugu":{
          "transitions":[
            {"dokuhugu_end":"!query.is_using_item || query.get_equipped_item_name != 'dokuhugu'"}
          ],
          "on_entry":[
            "/tag @s add dokuhugu"
          ]
        },
        "dokuhugu_end":{
          "transitions":[
            {"default":"(1.0)"}
          ],
          "on_entry":[
            "/tag @s remove dokuhugu"
          ]
        },
        "dokugumo1":{
          "transitions":[
            {"default":"!query.is_using_item || query.get_equipped_item_name != 'dokugumo'"},
            {"dokugumo2":"variable.time = (variable.time ?? 0);variable.time = variable.time < 10 ? variable.time + 1:0;return variable.time == 0;"}
          ],
          "on_entry":[
            "/particle op_asa:chloroball_particle ~~~",
            "/effect @e[r=6,tag=!dokudoku,family=!dokudoku] nausea 15 1",
            "/effect @e[r=6,tag=!dokudoku,family=!dokudoku] mining_fatigue 10 2 true",
            "/effect @e[r=6,tag=!dokudoku,family=!dokudoku] slowness 10 2 true",
            "/effect @e[r=6,tag=!dokudoku,family=!dokudoku] weakness 10 2 true"
          ]
        },
        "dokugumo2":{
          "transitions":[
            {"default":"!query.is_using_item || query.get_equipped_item_name != 'dokugumo'"},
            {"dokugumo3":"variable.time = (variable.time ?? 0);variable.time = variable.time < 10 ? variable.time + 1:0;return variable.time == 0;"}
          ],
          "on_entry":[
            "/effect @e[r=10,tag=!dokudoku,family=!dokudoku] nausea 15 1",
            "/effect @e[r=10,tag=!dokudoku,family=!dokudoku] mining_fatigue 10 2 true",
            "/effect @e[r=10,tag=!dokudoku,family=!dokudoku] slowness 10 2 true",
            "/effect @e[r=6,tag=!dokudoku,family=!dokudoku] weakness 10 2 true"
          ]
        },
        "dokugumo3":{
          "transitions":[
            {"default":"!query.is_using_item || query.get_equipped_item_name != 'dokugumo'"},
            {"dokugumo4":"variable.time = (variable.time ?? 0);variable.time = variable.time < 10 ? variable.time + 1:0;return variable.time == 0;"}
          ],
          "on_entry":[
            "/particle op_asa:chloroball_particle ~~~",
            "/effect @e[r=14,tag=!dokudoku,family=!dokudoku] nausea 15 1",
            "/effect @e[r=14,tag=!dokudoku,family=!dokudoku] mining_fatigue 10 2 true",
            "/effect @e[r=14,tag=!dokudoku,family=!dokudoku] slowness 10 2 true",
            "/effect @e[r=6,tag=!dokudoku,family=!dokudoku] weakness 10 2 true"
          ]
        },
        "dokugumo4":{
          "transitions":[
            {"default":"!query.is_using_item || query.get_equipped_item_name != 'dokugumo'"},
            {"dokugumo5":"variable.time = (variable.time ?? 0);variable.time = variable.time < 10 ? variable.time + 1:0;return variable.time == 0;"}
          ],
          "on_entry":[
            "/effect @e[r=18,tag=!dokudoku,family=!dokudoku] nausea 15 1",
            "/effect @e[r=18,tag=!dokudoku,family=!dokudoku] mining_fatigue 10 2 true",
            "/effect @e[r=18,tag=!dokudoku,family=!dokudoku] slowness 10 2 true",
            "/effect @e[r=6,tag=!dokudoku,family=!dokudoku] weakness 10 2 true"
          ]
        },
        "dokugumo5":{
          "transitions":[
            {"default":"!query.is_using_item || query.get_equipped_item_name != 'dokugumo'"},
            {"dokugumo6":"variable.time = (variable.time ?? 0);variable.time = variable.time < 10 ? variable.time + 1:0;return variable.time == 0;"}
          ],
          "on_entry":[
            "/particle op_asa:chloroball_particle ~~~",
            "/effect @e[r=22,tag=!dokudoku,family=!dokudoku] nausea 15 1",
            "/effect @e[r=22,tag=!dokudoku,family=!dokudoku] mining_fatigue 10 2 true",
            "/effect @e[r=22,tag=!dokudoku,family=!dokudoku] slowness 10 2 true",
            "/effect @e[r=6,tag=!dokudoku,family=!dokudoku] weakness 10 2 true"
          ]
        },
        "dokugumo6":{
          "transitions":[
            {"default":"!query.is_using_item || query.get_equipped_item_name != 'dokugumo'"},
            {"dokugumo7":"variable.time = (variable.time ?? 0);variable.time = variable.time < 10 ? variable.time + 1:0;return variable.time == 0;"}
          ],
          "on_entry":[
            "/effect @e[r=26,tag=!dokudoku,family=!dokudoku] nausea 15 1",
            "/effect @e[r=26,tag=!dokudoku,family=!dokudoku] mining_fatigue 10 2 true",
            "/effect @e[r=26,tag=!dokudoku,family=!dokudoku] slowness 10 2 true",
            "/effect @e[r=6,tag=!dokudoku,family=!dokudoku] weakness 10 2 true"
          ]
        },
        "dokugumo7":{
          "transitions":[
            {"default":"!query.is_using_item || query.get_equipped_item_name != 'dokugumo'"},
            {"dokugumo8":"variable.time = (variable.time ?? 0);variable.time = variable.time < 10 ? variable.time + 1:0;return variable.time == 0;"}
          ],
          "on_entry":[
            "/particle op_asa:chloroball_particle ~~~",
            "/effect @e[r=30,tag=!dokudoku,family=!dokudoku] nausea 15 1",
            "/effect @e[r=30,tag=!dokudoku,family=!dokudoku] mining_fatigue 10 2 true",
            "/effect @e[r=30,tag=!dokudoku,family=!dokudoku] slowness 10 2 true",
            "/effect @e[r=6,tag=!dokudoku,family=!dokudoku] weakness 10 2 true"
          ]
        },
        "dokugumo8":{
          "transitions":[
            {"default":"!query.is_using_item || query.get_equipped_item_name != 'dokugumo'"},
            {"dokugumo7":"variable.time = (variable.time ?? 0);variable.time = variable.time < 10 ? variable.time + 1:0;return variable.time == 0;"}
          ],
          "on_entry":[
            "/effect @e[r=30,tag=!dokudoku,family=!dokudoku] nausea 15 1",
            "/effect @e[r=30,tag=!dokudoku,family=!dokudoku] mining_fatigue 10 2 true",
            "/effect @e[r=30,tag=!dokudoku,family=!dokudoku] slowness 10 2 true",
            "/effect @e[r=6,tag=!dokudoku,family=!dokudoku] weakness 10 2 true"
          ]
        },
        // moku
        "whiteout":{
          "transitions":[
            {"default":"!query.is_using_item"},
            {"whiteout_loop":"variable.time = (variable.time ?? 0);variable.time = variable.time < 10 ? variable.time + 1:0;return variable.time == 0;"}
          ],
          "on_entry":[
            "/function akumanomi/mokumoku/whiteout"
          ]
        },
        "whiteout_loop":{
          "transitions":[
            {"whiteout":"(1.0)"}
          ]
        },
        "whitelauncher":{
          "transitions":[
            {"default":"(1.0)"}
          ],
          "on_entry":[
            "/effect @s invisibility 1 0 true",
            "/particle op_asa:mokumoku_particle00 ~~~",
            "/particle op_asa:mokumoku_particle00 ~~1~"
          ]
        },
        "whitesnake_start":{
          "transitions":[
            {"whitesnake_state":"(1.0)"}
          ],
          "on_entry":[
            "/event entity @s be_whitesnake"
          ]
        },
        "whitesnake_state":{
          "transitions":[
            {"whitesnake_end":"query.variant != 2729 || query.get_equipped_item_name != 'whitesnake' || !query.is_using_item || query.is_in_water"},
            {"whitesnake_loop":"query.variant == 2729 && query.get_equipped_item_name == 'whitesnake' && query.is_using_item && !query.is_in_water"}
          ],
          "on_entry":[
            "/function akumanomi/mokumoku/whitesnake"
          ]
        },
        "whitesnake_loop":{
          "transitions":[
            {"whitesnake_state":"(1.0)"}
          ]
        },
        "whitesnake_end":{
          "transitions":[
            {"default":"(1.0)"}
          ],
          "on_entry":[
            "/tag @e[tag=whitesnake_bind] remove whitesnake_bind"
          ]
        },
        "whiteblow_charge":{
          "transitions":[
            {"whiteblow_charged_attack":"!q.is_using_item"}
          ]
        },
        "whiteblow_charged_attack":{
          "transitions":[
            {"default":"(1.0)"}
          ],
          "on_entry":[
            "/event entity @s be_whiteblow"
          ]
        },
        // gom
        "gom_rocket1":{
          "transitions":[
            {"gom_rocket_end":"!query.is_using_item"},
            {"gom_rocket2":"variable.time = (variable.time ?? 0);variable.time = variable.time < 20 ? variable.time + 1:0;return variable.time == 0;"}
          ],
          "on_entry":[
            "/effect @s speed 100000 20 true"
          ]
        },
        "gom_rocket2":{
          "transitions":[
            {"gom_rocket3":"!query.is_using_item"}
          ],
          "on_exit":[
            "/effect @s speed 0 21 true"
          ]
        },
        "gom_rocket3":{
          "transitions":[
            {"default":"(1.0)"}
          ],
          "on_entry":[
            "/function akumanomi/gomgom/gom_rocket"
          ]
        },
        "gom_rocket_end":{
          "transitions":[
            {"default":"(1.0)"}
          ],
          "on_entry":["/effect @s speed 0 21 true"]
        },
        "konggun_charge":{
          "transitions":[
            {"default":"q.variant != 27141 || q.get_equipped_item_name != 'konggun' || !q.is_using_item || query.is_in_water"},
            {"konggun_charged":"query.item_in_use_duration > 400"}
          ]
        },
        "konggun_charged":{
          "transitions":[
            {"default":"!q.is_using_item"}
          ],
          "on_entry":["/function akumanomi/gomgom/konggun_change"]
        },
        "kingkonggun":{
          "transitions":[
            {"default":"!variable.attack_time"}
          ],
          "on_entry":[
            "/summon op_asa:konggun_attack"
          ],
          "on_exit":[
            "/function akumanomi/gomgom/konggun_change"
          ]
        },
        "blackmamba1":{
          "transitions":[
            {"blackmamba_end":"q.variant != 27143"},
            {"blackmamba2":"query.item_in_use_duration > 200"}
          ],
          "on_entry":[
            "/fill ~2~~2 ~-2~~-2 op_asa:blackmamba_block"
          ]
        },
        "blackmamba2":{
          "transitions":[
            {"blackmamba_end":"!q.is_using_item || q.is_moving || q.variant != 27143"},
            {"blackmamba3":"query.item_in_use_duration > 400"}
          ],
          "on_entry":[
            "/function akumanomi/gomgom/blackmamba1"
          ]
        },
        "blackmamba3":{
          "transitions":[
            {"blackmamba_end":"!q.is_using_item || q.is_moving || q.variant != 27143"},
            {"blackmamba4":"query.item_in_use_duration > 600"}
          ],
          "on_entry":[
            "/function akumanomi/gomgom/blackmamba2"
          ]
        },
        "blackmamba4":{
          "transitions":[
            {"blackmamba_end":"!q.is_using_item || q.is_moving || q.variant != 27143"},
            {"blackmamba5":"query.item_in_use_duration > 800"}
          ],
          "on_entry":[
            "/function akumanomi/gomgom/blackmamba3"
          ]
        },
        "blackmamba5":{
          "transitions":[
            {"blackmamba_end":"!q.is_using_item || q.is_moving || q.variant != 27143"}
          ],
          "on_entry":[
            "/function akumanomi/gomgom/blackmamba4"
          ]
        },
        "blackmamba_end":{
          "transitions":[
            {"default":"(1.0)"}
          ],
          "on_entry":[
            "/event entity @e[type=op_asa:blackmamba_e,r=64] op_asa:be_despawn",
            "/fill ~-16~-3~-16 ~16~3~16 air 0 replace op_asa:blackmamba_block"
          ]
        },
        // logia
        "logia_speed":{
          "transitions":[
            {"default":"!variable.attack_time"}
          ],
          "on_entry":[
            "/effect @s speed 5 15 true",
            "/effect @s jump_boost 5 5 true"
          ]
        },
        // mera
        "kaen_ryuo":{
          "transitions":[
            {"default":"q.get_equipped_item_name != 'kaen_ryuo'"},
            {"kaen_ryuo_hold":"q.get_equipped_item_name == 'kaen_ryuo' && q.is_using_item"},
            {"kaen_ryuo_loop":"q.get_equipped_item_name == 'kaen_ryuo' && !q.is_using_item"}
          ]
        },
        "kaen_ryuo_loop":{
          "transitions":[
            {"kaen_ryuo":"(1.0)"}
          ],
          "on_entry":[
            "/function akumanomi/meramera/kaen_ryuo_tag"
          ]
        },
        "kaen_ryuo_hold":{
          "transitions":[
            {"kaen_ryuo_attack":"!q.is_using_item"},
            {"kaen_ryuo_hold_loop":"q.is_using_item"}
          ],
          "on_entry":[
            "/function akumanomi/meramera/kaen_ryuo_hold"
          ]
        },
        "kaen_ryuo_hold_loop":{
          "transitions":[
            {"kaen_ryuo_hold":"(1.0)"}
          ]
        },
        "kaen_ryuo_attack":{
          "transitions":[
            {"kaen_ryuo_shoot":"(1.0)"}
          ],
          "on_entry":[
            "/tag @e[tag=kaen_ryuo,r=32] remove kaen_ryuo",
            "/particle op_asa:kaenryuo_particle ^^1^2",
            "/execute @s ^^^2 damage @e[r=2,tag=!meramera,family=!meramera] 20 suicide entity @s",
            "/summon op_asa:kaen_ryuo_attack ^^1^1"
          ]
        },
        "kaen_ryuo_shoot":{
          "transitions":[
            {"default":"(1.0)"}
          ],
          "on_entry":[
            "/event entity @s kaen_ryuo"
          ]
        },
        // hana
        "spidernet":{
          "transitions":[
            {"default":"!query.is_using_item"}
          ],
          "on_entry":[
            "/summon op_asa:spidernet_e ^^1^4"
          ],
          "on_exit":[
            "/tag @e[type=op_asa:spidernet_e,r=32] add despawn"
          ]
        },
        "gigantescomano1":{
          "transitions":[
            {"gigantescomano2":"(1.0)"}
          ],
          "on_entry":[
            "/summon op_asa:gigantescomano_e ^^1^-5"
          ]
        },
        "gigantescomano2":{
          "transitions":[
            {"gigantescomano_end":"!query.is_using_item"},
            {"gigantescomano3":"variable.time = (variable.time ?? 0);variable.time = variable.time < 7 ? variable.time + 1:0;return variable.time == 0;"}
          ],
          "on_entry":[
            "/execute @e[type=op_asa:gigantescomano_e,r=32] ~~~ summon op_asa:gigantescomano_a ^^2^5"
          ]
        },
        "gigantescomano3":{
          "transitions":[
            {"gigantescomano2":"(1.0)"}
          ]
        },
        "gigantescomano_end":{
          "transitions":[
            {"default":"(1.0)"}
          ],
          "on_entry":[
            "/tag @e[type=op_asa:gigantescomano_e,r=32] add despawn"
          ]
        },
        // ito
        "gosiki-to":{
          "transitions":[
            {"default":"!variable.attack_time"}
          ],
          "on_entry":[
            "/particle op_asa:gosiki-to_particle ^^2^1"
          ]
        },
        // gura
        "murakumokiri_charge":{
          "transitions":[
            {"murakumokiri_charged_attack":"!query.is_using_item"}
          ]
        },
        "murakumokiri_charged_attack":{
          "transitions":[
            {"default":"(1.0)"}
          ],
          "on_entry":[
            "/event entity @s murakumokiri"
          ]
        },
        "guragura_charge":{
          "transitions":[
            {"guragura_charged_attack":"!query.is_using_item"}
          ]
        },
        "guragura_charged_attack":{
          "transitions":[
            {"default":"(1.0)"}
          ],
          "on_entry":[
            "/event entity @s be_guragura_p"
          ]
        },
        //hie
        "ice_age1":{
          "transitions":[
            {"default":"!query.is_using_item"},
            {"ice_age2":"variable.time = (variable.time ?? 0);variable.time = variable.time < 40 ? variable.time + 1:0;return variable.time == 0;"}
          ]
        },
        "ice_age2":{
          "transitions":[
            {"default":"!query.is_using_item"}
          ],
          "on_entry":[
            "/function akumanomi/hiehie/ice_age"
          ]
        },
        // pika
        "yasakaninomagatama":{
          "transitions":[
            {"default":"(1.0)"}
          ],
          "on_entry":[
            "/event entity @s be_yasakaninomagatama"
          ]
        },
        //suna
        "sunasuna1":{
          "transitions":[
            {"sunasuna2":"variable.time = (variable.time ?? 0);variable.time = variable.time < 20 ? variable.time + 1:0;return variable.time == 0;"},
            {"default":"!(query.get_equipped_item_name == 'grandsekko') || !query.is_using_item"}
          ],
          "on_entry":[
            "/function akumanomi/sunasuna/grandsekko1",
            "/effect @e[dx=-5,dy=0,dz=-5] wither 3 3 true",
            "/effect @e[dx=-5,dy=0,dz=5] wither 3 3 true",
            "/effect @e[dx=5,dy=0,dz=-5] wither 3 3 true",
            "/effect @e[dx=5,dy=0,dz=5] wither 3 3 true"
          ]
        },
        "sunasuna2":{
          "transitions":[
            {"sunasuna3":"variable.time = (variable.time ?? 0);variable.time = variable.time < 20 ? variable.time + 1:0;return variable.time == 0;"},
            {"default":"!(query.get_equipped_item_name == 'grandsekko') || !query.is_using_item"}
          ],
          "on_entry":[
            "/function akumanomi/sunasuna/grandsekko2",
            "/effect @e[dx=-10,dy=0,dz=-10] wither 3 3 true",
            "/effect @e[dx=-10,dy=0,dz=10] wither 3 3 true",
            "/effect @e[dx=10,dy=0,dz=-10] wither 3 3 true",
            "/effect @e[dx=10,dy=0,dz=10] wither 3 3 true"
          ]
        },
        "sunasuna3":{
          "transitions":[
            {"sunasuna4":"variable.time = (variable.time ?? 0);variable.time = variable.time < 20 ? variable.time + 1:0;return variable.time == 0;"},
            {"default":"!(query.get_equipped_item_name == 'grandsekko') || !query.is_using_item"}
          ],
          "on_entry":[
            "/function akumanomi/sunasuna/grandsekko3",
            "/effect @e[dx=-16,dy=0,dz=-16] wither 3 3 true",
            "/effect @e[dx=-16,dy=0,dz=16] wither 3 3 true",
            "/effect @e[dx=16,dy=0,dz=-16] wither 3 3 true",
            "/effect @e[dx=16,dy=0,dz=16] wither 3 3 true"
          ]
        },
        "sunasuna4":{
          "transitions":[
            {"sunasuna5":"variable.time = (variable.time ?? 0);variable.time = variable.time < 20 ? variable.time + 1:0;return variable.time == 0;"},
            {"default":"!(query.get_equipped_item_name == 'grandsekko') || !query.is_using_item"}
          ],
          "on_entry":[
            "/function akumanomi/sunasuna/grandsekko4",
            "/effect @e[dx=-24,dy=0,dz=-24] wither 3 3 true",
            "/effect @e[dx=-24,dy=0,dz=24] wither 3 3 true",
            "/effect @e[dx=24,dy=0,dz=-24] wither 3 3 true",
            "/effect @e[dx=24,dy=0,dz=24] wither 3 3 true"
          ]
        },
        "sunasuna5":{
          "transitions":[
            {"default":"!(query.get_equipped_item_name == 'grandsekko') || !query.is_using_item"}
          ],
          "on_entry":[
            "/function akumanomi/sunasuna/grandsekko5",
            "/effect @e[dx=-32,dy=0,dz=-32] wither 3 3 true",
            "/effect @e[dx=-32,dy=0,dz=32] wither 3 3 true",
            "/effect @e[dx=32,dy=0,dz=-32] wither 3 3 true",
            "/effect @e[dx=32,dy=0,dz=32] wither 3 3 true"
          ]
        },
        //yami
        "blackhole0":{
          "transitions":[
            {"revelation":"!query.is_using_item || query.get_equipped_item_name != 'blackhole_revelation'"},
            {"blackhole8":"variable.time = (variable.time ?? 0);variable.time = variable.time < 19 ? variable.time + 1:0;return variable.time == 0;"}
          ],
          "on_entry":[
            "/tag @s add blackhole0"
          ],
          "on_exit":[
            "/tag @s remove blackhole0"
          ]
        },
        "blackhole8":{
          "transitions":[
            {"revelation":"!query.is_using_item || query.get_equipped_item_name != 'blackhole_revelation'"},
            {"blackhole16":"variable.time = (variable.time ?? 0);variable.time = variable.time < 19 ? variable.time + 1:0;return variable.time == 0;"}
          ],
          "on_entry":[
            "/tag @s add blackhole8"
          ],
          "on_exit":[
            "/tag @s remove blackhole8"
          ]
        },
        "blackhole16":{
          "transitions":[
            {"revelation":"!query.is_using_item || query.get_equipped_item_name != 'blackhole_revelation'"},
            {"blackhole24":"variable.time = (variable.time ?? 0);variable.time = variable.time < 19 ? variable.time + 1:0;return variable.time == 0;"}
          ],
          "on_entry":[
            "/tag @s add blackhole16"
          ],
          "on_exit":[
            "/tag @s remove blackhole16"
          ]
        },
        "blackhole24":{
          "transitions":[
            {"revelation":"!query.is_using_item || query.get_equipped_item_name != 'blackhole_revelation'"},
            {"blackhole32":"variable.time = (variable.time ?? 0);variable.time = variable.time < 19 ? variable.time + 1:0;return variable.time == 0;"}
          ],
          "on_entry":[
            "/tag @s add blackhole24"
          ],
          "on_exit":[
            "/tag @s remove blackhole24"
          ]
        },
        "blackhole32":{
          "transitions":[
            {"revelation":"!query.is_using_item || query.get_equipped_item_name != 'blackhole_revelation'"}
          ],
          "on_entry":[
            "/tag @s add blackhole32"
          ],
          "on_exit":[
            "/tag @s remove blackhole32"
          ]
        },
        "revelation":{
          "transitions":[
            {"default":"(1.0)"}
          ],
          "on_entry":[
            "/function akumanomi/yamiyami/revelation"
          ]
        },
        // mag
        "ryuseikazan":{
          "transitions":[
            {"default":"(1.0)"}
          ],
          "on_entry":[
            "/event entity @s be_ryuseikazan"
          ]
        },
        //mera
        "entei1":{
          "transitions":[
            {"default":"!query.is_using_item"},
            {"entei2":"variable.time = (variable.time ?? 0);variable.time = variable.time < 10 ? variable.time + 1:0;return variable.time == 0;"}
          ],
          "on_entry":[
            "/fill ~16~~16 ~-16~~-16 fire 0 replace air",
            "/particle op_asa:entei_particle1 ~~~"
          ]
        },
        "entei2":{
          "transitions":[
            {"default":"!query.is_using_item"},
            {"entei3":"variable.time = (variable.time ?? 0);variable.time = variable.time < 30 ? variable.time + 1:0;return variable.time == 0;"}
          ],
          "on_entry":[
            "/particle op_asa:entei_particle2 ~~~"
          ]
        },
        "entei3":{
          "transitions":[
            {"default":"!query.is_using_item"}
          ],
          "on_entry":[
            "/summon op_asa:entei_e ~~~"
          ],
          "on_exit":[
            "/tag @e[type=op_asa:entei_e] add kill",
            "/summon op_asa:entei_attack ^^^16"
          ]
        },
        //ito
        "itoito1":{
          "transitions":[
            {"itoito2":"variable.time = (variable.time ?? 0);variable.time = variable.time < 20 ? variable.time + 1:0;return variable.time == 0;"},
            {"default":"!query.is_using_item"}
          ],
          "on_entry":[
            "/function akumanomi/itoito/itoito1"
          ]
        },
        "itoito2":{
          "transitions":[
            {"itoito3":"variable.time = (variable.time ?? 0);variable.time = variable.time < 20 ? variable.time + 1:0;return variable.time == 0;"},
            {"default":"!query.is_using_item"}
          ],
          "on_entry":[
            "/function akumanomi/itoito/itoito2"
          ]
        },
        "itoito3":{
          "transitions":[
            {"itoito4":"variable.time = (variable.time ?? 0);variable.time = variable.time < 20 ? variable.time + 1:0;return variable.time == 0;"},
            {"default":"!query.is_using_item"}
          ],
          "on_entry":[
            "/function akumanomi/itoito/itoito3"
          ]
        },
        "itoito4":{
          "transitions":[
            {"itoito5":"variable.time = (variable.time ?? 0);variable.time = variable.time < 20 ? variable.time + 1:0;return variable.time == 0;"},
            {"default":"!query.is_using_item"}
          ],
          "on_entry":[
            "/function akumanomi/itoito/itoito4"
          ]
        },
        "itoito5":{
          "transitions":[
            {"default":"!query.is_using_item"}
          ],
          "on_entry":[
            "/function akumanomi/itoito/itoito5"
          ]
        },
        // gom
        "gatling_start":{
          "transitions":[
            {"gatling":"(1.0)"}
          ],
          "on_entry":[
            "/effect @s hunger 10000 0 true"
          ]
        },
        "gatling":{
          "transitions":[
            {"gatling_end":"query.variant != 2714 || query.get_equipped_item_name != 'gatling' || !query.is_using_item || query.is_in_water"},
            {"gatling_loop":"(1.0)"}
          ],
          "on_entry":[
            "/execute @s ^^1^3 damage @e[r=3,c=1,family=mob] 4 entity_attack entity @s",
            "/execute @s ^^1^3 damage @p[r=3] 4 entity_attack entity @s"
          ]
        },
        "gatling_loop":{
          "transitions":[
            {"gatling":"(1.0)"}
          ]
        },
        "gatling_end":{
          "transitions":[
            {"default":"(1.0)"}
          ],
          "on_entry":[
            "/effect @s hunger 0 1 true"
          ]
        },
        // gear2
        "gear2_1":{
          "transitions":[
            {"default":"!query.is_using_item"},
            {"gear2_2":"variable.time = (variable.time ?? 0);variable.time = variable.time < 30 ? variable.time + 1:0;return variable.time == 0;"}
          ],
          "on_entry":[
            "/function akumanomi/gomgom/gear2_start"
          ]
        },
        "gear2_2":{
          "transitions":[
            {"gear2_3":"variable.time = (variable.time ?? 0);variable.time = variable.time < 20 ? variable.time + 1:0;return variable.time == 0;"}
          ],
          "on_entry":[
            "/function akumanomi/gomgom/gear2_give"
          ]
        },
        "gear2_3":{
          "transitions":[
            {"default":"!query.is_using_item"}
          ]
        },
        "gear2_end":{
          "transitions":[
            {"default":"!query.is_using_item"}
          ],
          "on_exit":[
            "/function akumanomi/gomgom/gear2_end"
          ]
        },
        // jet_pistol
        "jet_pistol_charge":{
          "transitions":[
            {"default":"query.variant != 2714 || query.get_equipped_item_name != 'jet_pistol' || query.is_in_water"},
            {"jet_pistol_charged_attack":"!query.is_using_item"}
          ]
        },
        "jet_pistol_charged_attack":{
          "transitions":[
            {"default":"(1.0)"}
          ],
          "on_exit":[
            "/event entity @s[tag=gear2] be_jet_pistol"
          ]
        },
        // jet_gatling
        "jet_gatling_start":{
          "transitions":[
            {"jet_gatling_end":"query.variant != 2714 || query.get_equipped_item_name != 'jet_gatling' || !query.is_using_item || query.is_in_water"},
            {"jet_gatling":"variable.time = (variable.time ?? 0);variable.time = variable.time < 5 ? variable.time + 1:0;return variable.time == 0;"}
          ],
          "on_entry":[
            "/effect @s hunger 10000 1 true"
          ]
        },
        "jet_gatling":{
          "transitions":[
            {"jet_gatling_end":"query.variant != 2714 || query.get_equipped_item_name != 'jet_gatling' || !query.is_using_item || query.is_in_water"},
            {"jet_gatling_loop":"query.variant == 2714 && query.get_equipped_item_name == 'jet_gatling' && query.is_using_item && !query.is_in_water"}
          ],
          "on_entry":[
            "/execute @s ^^1^4 damage @e[r=4,c=1,family=mob] 6 entity_attack entity @s",
            "/execute @s ^^1^4 damage @p[r=4] 6 entity_attack entity @s",
            "/particle minecraft:camera_shoot_explosion ^1^1^1",
            "/particle minecraft:camera_shoot_explosion ^-1^1^1"
          ]
        },
        "jet_gatling_loop":{
          "transitions":[
            {"jet_gatling":"(1.0)"}
          ]
        },
        "jet_gatling_end":{
          "transitions":[
            {"default":"(1.0)"}
          ],
          "on_entry":[
            "/effect @s hunger 0 2 true"
          ]
        },
        // hawk_gatling
        "hawk_gatling_start":{
          "transitions":[
            {"hawk_gatling_end":"query.variant != 2714 || (query.has_any_family('b_haki') == 0.0 && query.has_any_family('ryuo') == 0.0) || query.get_equipped_item_name != 'jet_gatling' || !query.is_using_item || query.is_in_water"},
            {"hawk_gatling":"variable.time = (variable.time ?? 0);variable.time = variable.time < 5 ? variable.time + 1:0;return variable.time == 0;"}
          ],
          "on_entry":[
            "/effect @s hunger 10000 1 true"
          ]
        },
        "hawk_gatling":{
          "transitions":[
            {"hawk_gatling_end":"query.variant != 2714 || (query.has_any_family('b_haki') == 0.0 && query.has_any_family('ryuo') == 0.0) || query.get_equipped_item_name != 'jet_gatling' || !query.is_using_item || query.is_in_water"},
            {"hawk_gatling_loop":"query.variant == 2714 && query.has_any_family('b_haki','ryuo') == 1.0 && query.get_equipped_item_name == 'jet_gatling' && query.is_using_item && !query.is_in_water"}
          ],
          "on_entry":[
            "/execute @s ^^1^4 damage @e[r=4,c=1,family=mob] 8 entity_attack entity @s",
            "/execute @s ^^1^4 damage @p[r=4] 8 entity_attack entity @s",
            "/particle minecraft:camera_shoot_explosion ^1^1^1",
            "/particle minecraft:camera_shoot_explosion ^-1^1^1",
            "/particle minecraft:camera_shoot_explosion ^1^1^3",
            "/particle minecraft:camera_shoot_explosion ^-1^1^3"
          ]
        },
        "hawk_gatling_loop":{
          "transitions":[
            {"hawk_gatling":"(1.0)"}
          ]
        },
        "hawk_gatling_end":{
          "transitions":[
            {"default":"(1.0)"}
          ],
          "on_entry":[
            "/effect @s hunger 0 2 true"
          ]
        },
        // redhawk
        "redhawk_hold_b_haki":{
          "transitions":[
            {"redhawk_attack_b_haki":"!query.is_using_item"}
          ]
        },
        "redhawk_attack_b_haki":{
          "transitions":[
            {"default":"variable.time = (variable.time ?? 0);variable.time = variable.time < 10 ? variable.time + 1:0;return variable.time == 0;"}
          ],
          "on_exit":[
            "/effect @s fire_resistance 2 0 true",
            "/summon op_asa:redhawk_attack"
          ]
        },
        "redhawk_hold_ryuo":{
          "transitions":[
            {"redhawk_attack_ryuo":"!query.is_using_item"}
          ]
        },
        "redhawk_attack_ryuo":{
          "transitions":[
            {"default":"variable.time = (variable.time ?? 0);variable.time = variable.time < 10 ? variable.time + 1:0;return variable.time == 0;"}
          ],
          "on_exit":[
            "/effect @s fire_resistance 2 0 true",
            "/summon op_asa:redhawk_attack_r"
          ]
        },
        "gear3_1":{
          "transitions":[
            {"default":"!query.is_using_item"},
            {"gear3_2":"variable.time = (variable.time ?? 0);variable.time = variable.time < 30 ? variable.time + 1:0;return variable.time == 0;"}
          ],
          "on_entry":[
            "/function akumanomi/gomgom/gear3_start"
          ]
        },
        "gear3_2":{
          "transitions":[
            {"gear3_state":"!query.is_using_item"}
          ],
          "on_entry":[
            "/function akumanomi/gomgom/gear3_give"
          ]
        },
        "gear3_state":{
          "transitions":[
            {"gear3_end":"!(query.get_equipped_item_name == 'gigant_pistol' || query.get_equipped_item_name == 'gear3')"}
          ]
        },
        "gear3_end":{
          "transitions":[
            {"default":"(1.0)"}
          ],
          "on_entry":[
            "/function akumanomi/gomgom/gear3_end"
          ]
        },
        //tori
        "tori_health":{
          "transitions":[
            {"default":"!query.is_using_item"},
            {"tori_health_loop":"variable.time = (variable.time ?? 0);variable.time = variable.time < 19 ? variable.time + 1:0;return variable.time == 0;"}
          ],
          "on_entry":[
            "/function akumanomi/toritori/tori_health"
          ]
        },
        "tori_health_loop":{
          "transitions":[
            {"tori_health":"(1.0)"}
          ]
        },
        "ongle":{
          "transitions":[
            {"default":"query.variant != 2711 || query.get_equipped_item_name != 'ongle' || query.is_in_water"},
            {"default":"variable.time = (variable.time ?? 0);variable.time = variable.time < 19 ? variable.time + 1:0;return variable.time == 0;"}
          ],
          "on_entry":[
            "/tag @s add ongle"
          ],
          "on_exit":[
            "/tag @s remove ongle"
          ]
        },
        "hououin_hold":{
          "transitions":[
            {"default":"query.variant != 2711 || query.get_equipped_item_name != 'hououin' || query.is_in_water"},
            {"hououin_attack":"!query.is_using_item"}
          ],
          "on_entry":[
            "/say '鳳凰'"
          ]
        },
        "hououin_attack":{
          "transitions":[
            {"default":"(1.0)"}
          ],
          "on_entry":[
            "/say '印'!!!",
            "/event entity @s hououin"
          ]
        },
        //mochi
        "nagaremochi1":{
          "transitions":[
            {"nagaremochi2":"variable.time = (variable.time ?? 0);variable.time = variable.time < 20 ? variable.time + 1:0;return variable.time == 0;"},
            {"default":"!query.is_using_item"}
          ],
          "on_entry":[
            "/function akumanomi/mochimochi/mochimochi1"
          ]
        },
        "nagaremochi2":{
          "transitions":[
            {"nagaremochi3":"variable.time = (variable.time ?? 0);variable.time = variable.time < 20 ? variable.time + 1:0;return variable.time == 0;"},
            {"default":"!query.is_using_item"}
          ],
          "on_entry":[
            "/function akumanomi/mochimochi/mochimochi2"
          ]
        },
        "nagaremochi3":{
          "transitions":[
            {"nagaremochi4":"variable.time = (variable.time ?? 0);variable.time = variable.time < 20 ? variable.time + 1:0;return variable.time == 0;"},
            {"default":"!query.is_using_item"}
          ],
          "on_entry":[
            "/function akumanomi/mochimochi/mochimochi3"
          ]
        },
        "nagaremochi4":{
          "transitions":[
            {"nagaremochi5":"variable.time = (variable.time ?? 0);variable.time = variable.time < 20 ? variable.time + 1:0;return variable.time == 0;"},
            {"default":"!query.is_using_item"}
          ],
          "on_entry":[
            "/function akumanomi/mochimochi/mochimochi4"
          ]
        },
        "nagaremochi5":{
          "transitions":[
            {"default":"!query.is_using_item"}
          ],
          "on_entry":[
            "/function akumanomi/mochimochi/mochimochi5"
          ]
        },
        "mochiginchaku":{
          "transitions":[
            {"default":"(1.0)"}
          ],
          "on_entry":[
            "/execute @s ^^1^4 damage @e[r=4,c=1,family=mob] 6 entity_attack entity @s",
            "/execute @s ^^1^11 damage @e[r=4,c=1,family=mob] 6 entity_attack entity @s",
            "/execute @s ^^1^4 damage @p[r=4] 6 entity_attack entity @s",
            "/execute @s ^^1^11 damage @p[r=4] 6 entity_attack entity @s"
          ]
        },
        "mochiginchaku_haki":{
          "transitions":[
            {"default":"(1.0)"}
          ],
          "on_entry":[
            "/execute @s ^^1^4 damage @e[r=4,c=1,family=mob] 10 entity_attack entity @s",
            "/execute @s ^^1^11 damage @e[r=4,c=1,family=mob] 10 entity_attack entity @s",
            "/execute @s ^^1^4 damage @p[r=4] 10 entity_attack entity @s",
            "/execute @s ^^1^11 damage @p[r=4] 10 entity_attack entity @s"
          ]
        },
        // uo
        "borobreath_charge":{
          "transitions":[
            {"borobreath_charged_attack_ground":"!q.is_using_item && q.is_on_ground"},
            {"borobreath_charged_attack_sneak":"!q.is_using_item && !q.is_on_ground && query.is_sneaking"},
            {"borobreath_charged_attack_move":"!q.is_using_item && !q.is_on_ground && !query.is_sneaking"}
          ]
        },
        "borobreath_charged_attack_ground":{
          "transitions":[
            {"default":"(1.0)"}
          ],
          "on_entry":[
            "/event entity @s be_borobreath_ground"
          ]
        },
        "borobreath_charged_attack_sneak":{
          "transitions":[
            {"default":"(1.0)"}
          ],
          "on_entry":[
            "/event entity @s be_borobreath_sneak"
          ]
        },
        "borobreath_charged_attack_move":{
          "transitions":[
            {"default":"(1.0)"}
          ],
          "on_entry":[
            "/event entity @s be_borobreath_move"
          ]
        },
        //yomi
        "yomiyomi1":{
          "transitions":[
            {"yomiyomi2":"(1.0)"}
          ],
          "on_entry":[
            "/tag @e[r=5,tag=!yomiyomi] add yomicold"
          ],
          "on_exit":[
            "/execute @e[tag=yomicold] ~~~ summon op_asa:yomicold"
          ]
        },
        "yomiyomi2":{
          "transitions":[
            {"default":"!variable.attack_time"}
          ],
          "on_entry":[
            "/tag @e[tag=yomicold] remove yomicold"
          ]
        },
        "soulking1":{
          "transitions":[
            {"default":"(1.0)"}
          ],
          "on_entry":[
            "/kill @e[r=16,family=sorusoru1]"
          ]
        },
        // 悪魔の実の能力強制入れ替え
        "0":{
          "transitions":[
            {"default":"(1.0)"}
          ],
          "on_entry":[
            "/replaceitem entity @s slot.weapon.mainhand 0 air"
          ]
        },
        // 強制入れ替え
        "kikoku":{
          "transitions":[
            {"default":"q.get_equipped_item_name != 'kikoku_injection' && q.get_equipped_item_name != 'kikoku_scan' && q.get_equipped_item_name != 'kikoku_radio_knife'"}
          ],
          "on_entry":[
            "/replaceitem entity @s slot.weapon.mainhand 0 op_asa:kikoku"
          ]
        },
        "gurabito":{
          "transitions":[
            {"default":"q.get_equipped_item_name != 'gurabito2'"}
          ],
          "on_entry":[
            "/replaceitem entity @s slot.weapon.mainhand 0 op_asa:gurabito"
          ]
        },
        "waraken":{
          "transitions":[
            {"default":"q.get_equipped_item_name != 'warabideto'"}
          ],
          "on_entry":[
            "/replaceitem entity @s slot.weapon.mainhand 0 op_asa:waraken"
          ]
        },
        "mochituki":{
          "transitions":[
            {"default":"q.get_equipped_item_name != 'mochituki'"}
          ],
          "on_entry":[
            "/replaceitem entity @s slot.weapon.mainhand 0 op_asa:mogura"
          ]
        },
        // 任意入れ替え
        "sorcery_clima_tact2":{
          "transitions":[
            {"default":"!variable.attack_time"}
          ],
          "on_entry":[
            "/replaceitem entity @s slot.weapon.mainhand 0 op_asa:sorcery_clima_tact2_2"
          ]
        },
        "sorcery_clima_tact2_2":{
          "transitions":[
            {"default":"!variable.attack_time"}
          ],
          "on_entry":[
            "/replaceitem entity @s slot.weapon.mainhand 0 op_asa:sorcery_clima_tact2"
          ]
        },
        "busoshoku":{
          "transitions":[
            {"default":"q.get_equipped_item_name != 'busoshoku'"}
          ],
          "on_entry":[
            "/function haki/to_busoshoku_off",
            "/scoreboard players add @s haki 1"
          ]
        },
        "busoshoku_off":{
          "transitions":[
            {"default":"!q.is_using_item"}
          ],
          "on_entry":[
            "/function haki/to_busoshoku_off"
          ]
        },
        "busoshoku_on":{
          "transitions":[
            {"default":"!q.is_using_item"}
          ],
          "on_entry":[
            "/function haki/to_busoshoku_on"
          ]
        },
        "ryuo":{
          "transitions":[
            {"default":"q.get_equipped_item_name != 'ryuo'"}
          ],
          "on_entry":[
            "/function haki/to_ryuo_off",
            "/scoreboard players add @s haki 1"
          ]
        },
        "ryuo_off":{
          "transitions":[
            {"default":"!q.is_using_item"}
          ],
          "on_entry":[
            "/function haki/to_ryuo_off"
          ]
        },
        "ryuo_on":{
          "transitions":[
            {"default":"!q.is_using_item"}
          ],
          "on_entry":[
            "/function haki/to_ryuo_on"
          ]
        },
        // ダイアル
        "lamp_dial_on":{
          "transitions":[
            {"default":"!q.is_using_item"}
          ],
          "on_exit":[
            "/function dial/lamp_doc"
          ]
        },
        "lamp_dial":{
          "transitions":[
            {"default":"(1.0)"}
          ],
          "on_exit":[
            "/function dial/lamp_dc"
          ]
        },
        "breath_dial":{
          "transitions":[
            {"default":"!variable.attack_time"}
          ],
          "on_exit":[
            "/function dial/breath_dc"
          ]
        },
        "breath_dial_on":{
          "transitions":[
            {"default":"!q.is_using_item"}
          ],
          "on_exit":[
            "/function dial/breath_doc"
          ]
        },
        "jet_dial":{
          "transitions":[
            {"default":"!variable.attack_time"}
          ],
          "on_exit":[
            "/function dial/jet_dc"
          ]
        },
        "jet_dial_on":{
          "transitions":[
            {"default":"!q.is_using_item"}
          ],
          "on_exit":[
            "/function dial/jet_doc"
          ]
        },
        "flame_dial":{
          "transitions":[
            {"default":"!variable.attack_time"}
          ],
          "on_entry":[
            "/fill ^^1^1 ^^1^1 fire 0 replace air"
          ]
        },
        "water_dial":{
          "transitions":[
            {"default":"!variable.attack_time"}
          ],
          "on_entry":[
            "/fill ^^1^1 ^^1^1 water 0 replace air"
          ]
        },
        "impact_dial_on":{
          "transitions":[
            {"impact_dial_used":"!q.is_alive"},
            {"impact_dial_on_clear":"q.is_alive"}
          ],
          "on_entry":[
            "/summon op_asa:impact_dial_attack",
            "/damage @s 10 suicide"
          ]
        },
        "impact_dial_on_clear":{
          "transitions":[
            {"impact_dial_used":"q.get_equipped_item_name != 'impact_dial_on'"}
          ],
          "on_entry":[
            "/replaceitem entity @s slot.weapon.mainhand 0 air",
            "/give @s op_asa:impact_dial_used"
          ]
        },
        "impact_dial_used":{
          "transitions":[
            {"default":"!q.is_using_item"}
          ]
        },
        "impact_dial_reuse":{
          "transitions":[
            {"default":"!q.is_using_item"}
          ],
          "on_exit":[
            "/replaceitem entity @s slot.weapon.mainhand 0 op_asa:impact_dial"
          ]
        },
        "reject_dial_on":{
          "transitions":[
            {"reject_dial_used":"!q.is_alive"},
            {"reject_dial_on_clear":"q.is_alive"}
          ],
          "on_entry":[
            "/summon op_asa:reject_dial_attack",
            "/damage @s 20 suicide"
          ]
        },
        "reject_dial_on_clear":{
          "transitions":[
            {"reject_dial_used":"q.get_equipped_item_name != 'reject_dial_on'"}
          ],
          "on_entry":[
            "/replaceitem entity @s slot.weapon.mainhand 0 air",
            "/give @s op_asa:reject_dial_used"
          ]
        },
        "reject_dial_used":{
          "transitions":[
            {"default":"!q.is_using_item"}
          ]
        },
        "reject_dial_reuse":{
          "transitions":[
            {"default":"!q.is_using_item"}
          ],
          "on_exit":[
            "/replaceitem entity @s slot.weapon.mainhand 0 op_asa:reject_dial"
          ]
        },
        // 見聞色の覇気
        "kenbunshoku1":{
          "transitions":[
            {"kenbunshoku2":"(1.0)"}
          ],
          "on_entry":[
            "/effect @s blindness 10000 0 true",
            "/scoreboard objectives add khaki16 dummy",
            "/scoreboard objectives add khaki1732 dummy",
            "/scoreboard objectives add khaki3364 dummy",
            "/scoreboard objectives add khaki65 dummy"
          ],
          "on_exit":[
            "/function haki/k_haki_reset"
          ]
        },
        "kenbunshoku2":{
          "transitions":[
            {"kenbunshoku3":"query.item_in_use_duration > 400"},
            {"kenbunshoku_end":"!query.is_using_item"}
          ],
          "on_entry":[
            "/function haki/k_haki_add"
          ]
        },
        "kenbunshoku3":{
          "transitions":[
            {"kenbunshoku_end":"!query.is_using_item"}
          ],
          "on_entry":[
            "/function haki/k_haki_tell"
          ]
        },
        "kenbunshoku_end":{
          "transitions":[
            {"default":"(1.0)"}
          ],
          "on_entry":[
            "/effect @s blindness 0 1 true"
          ]
        },
        // Busoshoku
        "get_busoshoku":{
          "transitions":[
            {"default":"(1.0)"}
          ],
          "on_entry":[
            "/tag @s add get_busoshoku"
          ]
        },
        "get_ryuo":{
          "transitions":[
            {"default":"(1.0)"}
          ],
          "on_entry":[
            "/tag @s add get_ryuo"
          ]
        },
        "kurokabuto_charge":{
          "transitions":[
            {"kurokabuto_charged_attack":"!q.is_using_item"}
          ]
        },
        "kurokabuto_charged_attack":{
          "transitions":[
            {"default":"(1.0)"}
          ],
          "on_entry":[
            "/event entity @s be_midoriboshi1"
          ]
        },
        "homurasaki":{
          "transitions":[
            {"default":"!variable.attack_time"}
          ],
          "on_entry":[
            "/function katanawaza/homurasaki"
          ]
        },
        "sanzensekai_charge":{
          "transitions":[
            {"default":"q.get_equipped_item_name != 'shusui' || q.get_equipped_item_name('off_hand') != 'sandaikitetu' || query.equipped_item_all_tags('slot.armor.head','op_asa:wadoichimonji') == 0.0 || !q.is_using_item"},
            {"sanzensekai_charged":"query.item_in_use_duration > 800"}
          ],
          "on_entry":[
            "/function katanawaza/sanzensekai_charge"
          ]
        },
        "sanzensekai_charged":{
          "transitions":[
            {"default":"q.get_equipped_item_name != 'shusui' || q.get_equipped_item_name('off_hand') != 'sandaikitetu' || query.equipped_item_all_tags('slot.armor.head','op_asa:wadoichimonji') == 0.0"},
            {"sanzensekai_charged_attack":"!q.is_using_item"}
          ],
          "on_entry":[
            "/function katanawaza/sanzensekai_charged1"
          ],
          "on_exit":[
            "/function katanawaza/sanzensekai_charged2"
          ]
        },
        "sanzensekai_charged_attack":{
          "transitions":[
            {"sanzensekai_end":"q.get_equipped_item_name != 'shusui' || q.get_equipped_item_name('off_hand') != 'sandaikitetu' || query.equipped_item_all_tags('slot.armor.head','op_asa:wadoichimonji') == 0.0"},
            {"sanzensekai_end":"variable.time = (variable.time ?? 0);variable.time = variable.time < 18 ? variable.time + 1:0;return variable.time == 0;"}
          ],
          "on_entry":[
            "/function katanawaza/sanzensekai_charged_attack"
          ]
        },
        "sanzensekai_end":{
          "transitions":[
            {"default":"(1.0)"}
          ],
          "on_entry":[
            "/tag @s remove sanzensekai"
          ]
        }
      }
    }
  }
}