{
  "format_version":"1.16.100",
  "animation_controllers":{
    "controller.animation.sneaking":{
      "states":{
        "default":{
          "transitions":[
            {"kurouzu":"(query.variant == 2709 || query.variant == 2715) && query.get_equipped_item_name('off_hand') == 'kurouzu' && query.is_sneaking && !query.is_in_water"},
            {"gorogoro2":"(query.variant == 2702 || query.variant == 27021 || query.variant == 270211) && query.get_equipped_item_name == 'gold_block' && query.is_sneaking && !query.is_in_water"},
            {"gorogoro3":"(query.variant == 2702 || query.variant == 27021 || query.variant == 270211) && query.get_equipped_item_name == 'nonosamabou1' && query.is_sneaking && !query.is_in_water"},
            {"sorusoru":"query.variant == 2713 && q.is_sneaking"},
            {"betabeta":"q.variant == 2717 && q.is_sneaking"},
            {"hiehie_regeneration":"q.variant == 2701 && q.is_sneaking"},
            {"sneaking":"q.is_sneaking"}
          ],
          "on_entry":[
            "/tag @e[r=24,tag=kurouzu] remove kurouzu"
          ]
        },
        "sneaking":{
          "transitions":[
            {"default":"!q.is_sneaking"}
          ],
          "on_entry":[
            "/function sneaking"
          ]
        },
        //闇水
        "kurouzu":{
          "transitions":[
            {"default":"query.get_equipped_item_name('off_hand') != 'kurouzu' || !query.is_sneaking || query.is_in_water"},
            {"kurouzu_loop":"variable.time = (variable.time ?? 0);variable.time = variable.time < 2 ? variable.time + 1:0;return variable.time == 0;"}
          ],
          "on_entry":[
            "/function akumanomi/yamiyami/kurouzu",
            "/particle op_asa:kurouzu_particle ^^1^2"
          ]
        },
        "kurouzu_loop":{
          "transitions":[
            {"kurouzu":"(1.0)"}
          ]
        },
        //のの様棒
        "gorogoro2":{
          "transitions":[
            {"default":"!query.is_sneaking"}
          ],
          "on_entry":[
            "/replaceitem entity @s slot.weapon.mainhand 0 op_asa:nonosamabou1"
          ]
        },
        "gorogoro3":{
          "transitions":[
            {"default":"!query.is_sneaking"}
          ],
          "on_entry":[
            "/replaceitem entity @s slot.weapon.mainhand 0 op_asa:nonosamabou2"
          ]
        },
        "hiehie_regeneration":{
          "transitions":[
            {"default":"!query.is_sneaking"}
          ],
          "on_entry":[
            "/execute @s ~~~ detect ~~-1~ ice 0 effect @s regeneration 100 2 true"
          ],
          "on_exit":[
            "/effect @s regeneration 0 7 true"
          ]
        },
        "sorusoru":{
          "transitions":[
            {"sorusoru_loop":"query.variant == 2713 && q.is_sneaking"},
            {"sorusoru_end":"query.variant != 2713 || !q.is_sneaking"}
          ],
          "on_entry":[
            "/tag @e[family=soru_ride,r=6] add notride"
          ]
        },
        "sorusoru_loop":{
          "transitions":[
            {"sorusoru":"(1.0)"}
          ]
        },
        "sorusoru_end":{
          "transitions":[
            {"default":"(1.0)"}
          ],
          "on_entry":[
            "/tag @e[tag=notride] remove notride"
          ]
        },
        "betabeta":{
          "transitions":[
            {"default":"(1.0)"}
          ],
          "on_entry":[
            "/execute @s[hasitem={location=slot.armor.chest,item=op_asa:betabeta_robe}] ~~~ fill ~~-1~ ~~-1~ op_asa:betabeta_block 0 replace air"
          ]
        }
      }
    }
  }
}