{
  "format_version":"1.16.100",
  "animation_controllers":{
    "controller.animation.status1":{
      "states":{
        "default":{
          "transitions":[
            {"gear4":"q.variant == 27141 || q.variant == 27143"},
            {"lv0":"q.player_level < 10"},
            {"lv10":"q.player_level >= 10 && q.player_level < 20"},
            {"lv20":"q.player_level >= 20 && q.player_level < 30"},
            {"lv30":"q.player_level >= 30 && q.player_level < 40"},
            {"lv40":"q.player_level >= 40 && q.player_level < 50"},
            {"lv50":"q.player_level >= 50"}
          ],
          "on_entry":[
            "/function akasi/promotion"
          ]
        },
        "lv0":{
          "transitions":[
            {"gear4":"q.variant == 27141 || q.variant == 27143"},
            {"default":"q.player_level >= 10"},
            {"lv0_loop":"q.player_level < 10"}
          ],
          "on_entry":[
            "/function akasi/status/status_lv0"
          ]
        },
        "lv0_loop":{
          "transitions":[
            {"gear4":"q.variant == 27141 || q.variant == 27143"},
            {"lv0":"q.variant != 27141 && q.variant != 27143"}
          ]
        },
        "lv10":{
          "transitions":[
            {"gear4":"q.variant == 27141 || q.variant == 27143"},
            {"default":"q.player_level < 10 || q.player_level >= 20"},
            {"lv10_loop":"q.player_level >= 10 && q.player_level < 20"}
          ],
          "on_entry":[
            "/function akasi/status/status_lv10"
          ]
        },
        "lv10_loop":{
          "transitions":[
            {"gear4":"q.variant == 27141 || q.variant == 27143"},
            {"lv10":"q.variant != 27141 && q.variant != 27143"}
          ]
        },
        "lv20":{
          "transitions":[
            {"gear4":"q.variant == 27141 || q.variant == 27143"},
            {"default":"q.player_level < 20 || q.player_level >= 30"},
            {"lv20_loop":"q.player_level >= 20 && q.player_level < 30"}
          ],
          "on_entry":[
            "/function akasi/status/status_lv20"
          ]
        },
        "lv20_loop":{
          "transitions":[
            {"gear4":"q.variant == 27141 || q.variant == 27143"},
            {"lv20":"q.variant != 27141 && q.variant != 27143"}
          ]
        },
        "lv30":{
          "transitions":[
            {"gear4":"q.variant == 27141 || q.variant == 27143"},
            {"default":"q.player_level < 30 || q.player_level >= 40"},
            {"lv30_loop":"q.player_level >= 30 && q.player_level < 40"}
          ],
          "on_entry":[
            "/function akasi/status/status_lv30"
          ]
        },
        "lv30_loop":{
          "transitions":[
            {"gear4":"q.variant == 27141 || q.variant == 27143"},
            {"lv30":"q.variant != 27141 && q.variant != 27143"}
          ]
        },
        "lv40":{
          "transitions":[
            {"gear4":"q.variant == 27141 || q.variant == 27143"},
            {"default":"q.player_level < 40 || q.player_level >= 50"},
            {"lv40_loop":"q.player_level >= 40 && q.player_level < 50"}
          ],
          "on_entry":[
            "/function akasi/status/status_lv40"
          ]
        },
        "lv40_loop":{
          "transitions":[
            {"gear4":"q.variant == 27141 || q.variant == 27143"},
            {"lv40":"q.variant != 27141 && q.variant != 27143"}
          ]
        },
        "lv50":{
          "transitions":[
            {"gear4":"q.variant == 27141 || q.variant == 27143"},
            {"default":"q.player_level < 50"},
            {"lv50_loop":"q.player_level >= 50"}
          ],
          "on_entry":[
            "/function akasi/status/status_lv50"
          ]
        },
        "lv50_loop":{
          "transitions":[
            {"gear4":"q.variant == 27141 || q.variant == 27143"},
            {"lv50":"q.variant != 27141 && q.variant != 27143"}
          ]
        },
        // gear4
        "gear4":{
          "transitions":[
            {"gear4_end":"q.variant != 27141 && q.variant != 27143"},
            {"gear4_lv0":"q.player_level < 10"},
            {"gear4_lv10":"q.player_level >= 10 && q.player_level < 20"},
            {"gear4_lv20":"q.player_level >= 20 && q.player_level < 30"},
            {"gear4_lv30":"q.player_level >= 30 && q.player_level < 40"},
            {"gear4_lv40":"q.player_level >= 40 && q.player_level < 50"},
            {"gear4_lv50":"q.player_level >= 50"}
          ],
          "on_entry":[
            "/function akasi/promotion_gear4"
          ]
        },
        "gear4_lv0":{
          "transitions":[
            {"gear4_end":"q.variant != 27141 && q.variant != 27143"},
            {"gear4":"q.player_level >= 10"},
            {"gear4_lv0_loop":"q.player_level < 10"}
          ],
          "on_entry":[
            "/function akasi/status/gear4/status_lv0_gear4"
          ]
        },
        "gear4_lv0_loop":{
          "transitions":[
            {"gear4_end":"q.variant != 27141 && q.variant != 27143"},
            {"gear4_lv0":"q.variant == 27141 || q.variant == 27143"}
          ]
        },
        "gear4_lv10":{
          "transitions":[
            {"gear4_end":"q.variant != 27141 && q.variant != 27143"},
            {"gear4":"q.player_level < 10 || q.player_level >= 20"},
            {"gear4_lv10_loop":"q.player_level >= 10 && q.player_level < 20"}
          ],
          "on_entry":[
            "/function akasi/status/gear4/status_lv10_gear4"
          ]
        },
        "gear4_lv10_loop":{
          "transitions":[
            {"gear4_end":"q.variant != 27141 && q.variant != 27143"},
            {"gear4_lv10":"q.variant == 27141 || q.variant == 27143"}
          ]
        },
        "gear4_lv20":{
          "transitions":[
            {"gear4_end":"q.variant != 27141 && q.variant != 27143"},
            {"gear4":"q.player_level < 20 || q.player_level >= 30"},
            {"gear4_lv20_loop":"q.player_level >= 20 && q.player_level < 30"}
          ],
          "on_entry":[
            "/function akasi/status/gear4/status_lv20_gear4"
          ]
        },
        "gear4_lv20_loop":{
          "transitions":[
            {"gear4_end":"q.variant != 27141 && q.variant != 27143"},
            {"gear4_lv20":"q.variant == 27141 || q.variant == 27143"}
          ]
        },
        "gear4_lv30":{
          "transitions":[
            {"gear4_end":"q.variant != 27141 && q.variant != 27143"},
            {"gear4":"q.player_level < 30 || q.player_level >= 40"},
            {"gear4_lv30_loop":"q.player_level >= 30 && q.player_level < 40"}
          ],
          "on_entry":[
            "/function akasi/status/gear4/status_lv30_gear4"
          ]
        },
        "gear4_lv30_loop":{
          "transitions":[
            {"gear4_end":"q.variant != 27141 && q.variant != 27143"},
            {"gear4_lv30":"q.variant == 27141 || q.variant == 27143"}
          ]
        },
        "gear4_lv40":{
          "transitions":[
            {"gear4_end":"q.variant != 27141 && q.variant != 27143"},
            {"gear4":"q.player_level < 40 || q.player_level >= 50"},
            {"gear4_lv40_loop":"q.player_level >= 40 && q.player_level < 50"}
          ],
          "on_entry":[
            "/function akasi/status/gear4/status_lv40_gear4"
          ]
        },
        "gear4_lv40_loop":{
          "transitions":[
            {"gear4_end":"q.variant != 27141 && q.variant != 27143"},
            {"gear4_lv40":"q.variant == 27141 || q.variant == 27143"}
          ]
        },
        "gear4_lv50":{
          "transitions":[
            {"gear4_end":"q.variant != 27141 && q.variant != 27143"},
            {"gear4":"q.player_level < 50"},
            {"gear4_lv50_loop":"q.player_level >= 50"}
          ],
          "on_entry":[
            "/function akasi/status/gear4/status_lv50_gear4"
          ]
        },
        "gear4_lv50_loop":{
          "transitions":[
            {"gear4_end":"q.variant != 27141 && q.variant != 27143"},
            {"gear4_lv50":"q.variant == 27141 || q.variant == 27143"}
          ]
        },
        "gear4_end":{
          "transitions":[
            {"lv0":"q.player_level < 10"},
            {"lv10":"q.player_level >= 10 && q.player_level < 20"},
            {"lv20":"q.player_level >= 20 && q.player_level < 30"},
            {"lv30":"q.player_level >= 30 && q.player_level < 40"},
            {"lv40":"q.player_level >= 40 && q.player_level < 50"},
            {"lv50":"q.player_level >= 50"}
          ]
        }
      } 
    }
  }
}