{
  "format_version":"1.16.100",
  "animation_controllers":{
    "controller.animation.status2":{
      "states":{
        "default":{
          "transitions":[
            {"soru":"q.variant == 2713"},
            {"yomi":"q.variant == 27211"},
            {"ope":"q.variant == 2707 && query.equipped_item_all_tags('slot.weapon.offhand','op_asa:opeope') == 1.0"},
            {"wara":"q.variant == 27181"},
            {"jiki":"q.variant == 2732"},
            {"cooltime_start":"q.variant == 270211 || q.variant == 27140 || q.variant == 272011 || q.variant == 273011 || q.variant == 273111"}
          ],
          "on_entry":["/function akasi/status/status_neutral"]
        },
        "soru":{
          "transitions":[
            {"default":"q.variant != 2713"},
            {"soru_loop":"q.variant == 2713"}
          ],
          "on_entry":["/function akasi/status/status_soru"]
        },
        "soru_loop":{
          "transitions":[{"soru":"(1.0)"}]
        },
        "yomi":{
          "transitions":[
            {"default":"q.variant != 27211"},
            {"yomi_loop":"q.variant == 27211"}
          ],
          "on_entry":["/function akasi/status/status_yomi"]
        },
        "yomi_loop":{
          "transitions":[{"yomi":"(1.0)"}]
        },
        "ope":{
          "transitions":[
            {"default":"q.variant != 2707 || query.equipped_item_all_tags('slot.weapon.offhand','op_asa:opeope') == 0.0"},
            {"ope_loop":"q.variant == 2707 && query.equipped_item_all_tags('slot.weapon.offhand','op_asa:opeope') == 1.0"}
          ],
          "on_entry":["/function akasi/status/status_ope"]
        },
        "ope_loop":{
          "transitions":[{"ope":"(1.0)"}]
        },
        "wara":{
          "transitions":[
            {"default":"q.variant != 27181"},
            {"wara_loop":"q.variant == 27181"}
          ],
          "on_entry":["/function akasi/status/status_wara"]
        },
        "wara_loop":{
          "transitions":[{"wara":"(1.0)"}]
        },
        "jiki":{
          "transitions":[
            {"default":"q.variant != 2732"},
            {"jiki_loop":"q.variant == 2732"}
          ],
          "on_entry":["/function akasi/status/status_jiki"]
        },
        "jiki_loop":{
          "transitions":[{"jiki":"(1.0)"}]
        },
        "cooltime_start":{
          "transitions":[
            {"cooltime":"(1.0)"}
          ],
          "on_entry":[
            "/function cooltime_start"
          ]
        },
        "cooltime":{
          "transitions":[
            {"default":"q.variant != 270211 && q.variant != 27140 && q.variant != 272011 && q.variant != 273011 && q.variant != 273111"},
            {"cooltime_loop":"q.variant == 270211 || q.variant == 27140 || q.variant == 272011 || q.variant == 273011 || q.variant == 273111"}
          ],
          "on_entry":[
            "/function cooltime_state"
          ]
        },
        "cooltime_loop":{
          "transitions":[
            {"default":"q.variant != 270211 && q.variant != 27140 && q.variant != 272011 && q.variant != 273011 && q.variant != 273111"},
            {"cooltime":"q.variant == 270211 || q.variant == 27140 || q.variant == 272011 || q.variant == 273011 || q.variant == 273111"}
          ],
          "on_entry":[
            "/function cooltime_state"
          ]
        }
      }
    }
  }
}