{
  "format_version": "1.8.0",
  "minecraft:client_entity": {
    "description": {
      "identifier": "escape_run:infection",
      "min_engine_version": "1.8.0",
      "materials": {
        "default": "spider",
        "invisible": "spider_invisible"
      },
      "textures": {
        "default": "textures/entity/pamobile/escape_run_infection"
      },
      "geometry": {
        "default": "geometry.escape_run_infection"
      },
      "scripts": {
        "scale": "0.7"
      },
      "animations": {
        "default_leg_pose": "animation.spider.default_leg_pose",
        "look_at_target": "animation.spider.look_at_target",
        "walk": "animation.spider.walk"
      },
      "animation_controllers": [
        {
          "move": "controller.animation.spider.move"
        }
      ],
      "render_controllers": [
        "controller.render.spider"
      ],
      "spawn_egg": {
        "texture": "escape_run:infection",
        "texture_index": 0
      }
    }
  }
}