{
  "format_version": "1.10.0",
  "minecraft:client_entity": {
      "description": {
          "identifier": "57:basic_wither_storm",
          "materials": {
              "default": "iron_golem",
              "beam_material": "entity_beam",
              "death_material": "entity_beam_additive",
              "dissolve_0": "entity_dissolve_layer0.skinning",
              "dissolve_1": "entity_dissolve_layer1.skinning",

              "beam": "wither_boss_armor"
          },
          "sound_effects": {
              "roar": "mob.wither_storm.roar",

              "land": "mob.wither_storm.land",
              "fall": "mob.wither_storm.fall",
              "revive": "mob.wither_storm.revive"
          },
          "textures": {
              "default": "textures/entity/basic_wither_storm",
              "exploding": "textures/entity/basic_wither_storm_death",
              "beam1": "textures/entity/endercrystal/endercrystal_beam",

              "beam": "textures/entity/basic_wither_storm_beam",
              "eye": "textures/entity/basic_wither_storm_eye"
          },
          "spawn_egg": {
              "texture": "basic_wither_storm",
              "texture_index": 0
          },
          "geometry": {
              "default": "geometry.basic_wither_storm",

              "beam": "geometry.basic_wither_storm.beam"
          },
          "scripts": {
              "scale": "2.0",
              "pre_animation": [
                  "variable.death_effect_duration = 200.0;",
                  "variable.death_alpha = (query.is_stunned ? ((1.0 - (1.0 + query.frame_alpha) / variable.death_effect_duration) * 2.0 + 0.3): 0);"
              ],
              "animate": [
                  "rubble_idle",
                  "beam_idle",
                  {
                      "phase1": "query.variant == 1"
                  },
                  {
                      "phase2": "query.variant == 2"
                  },
                  {
                      "phase3": "query.variant == 3"
                  },
                  {
                      "phase4": "query.variant == 4"
                  },
                  {
                      "phase5": "query.variant == 5"
                  },
                  {
                      "phase6": "query.variant == 6"
                  },
                  {
                      "phase7": "query.variant == 7"
                  },
                  {
                      "phase8": "query.variant == 8"
                  },
                  {
                      "phase9": "query.variant == 9"
                  },
                  {
                      "phase10": "query.variant == 10"
                  },

                  {
                      "idle_9_head": "query.variant == 9 || query.variant == 10"
                  },
                  {
                      "idle_3_head_severed": "query.variant == 8"
                  },
                  {
                      "idle_3_head_late": "query.variant == 7"
                  },
                  {
                      "idle_3_head_early": "query.variant == 5 || query.variant == 4"
                  },
                  {
                      "idle_3_head_middle": "query.variant == 6"
                  },
                  {
                      "idle_1_head": "query.variant == 3"
                  },

                  {
                    "fake_fall": "query.variant == 98"
                },
                {
                    "fake_land": "query.variant == 99"
                },
                {
                    "revive": "query.variant == 100"
                },
                {
                    "death": "query.is_stunned"
                },
                {
                    "scale_zero": "query.is_baby"
                },
                {
                    "heads_idle": "query.variant == 3 || query.variant == 4 || query.variant == 5 || query.variant == 6 || query.variant == 7 || query.variant == 8 || query.variant == 9 || query.variant == 10"
                }
              ],
              "should_update_bones_and_effects_offscreen": "1.0"
          },
          "animations": {
              "rubble_idle": "animation.basic_wither_storm.rubble_idle",
              "beam_idle": "animation.basic_wither_storm.beam_idle",

              "idle_9_head": "animation.basic_wither_storm.idle_9_head",
              "idle_3_head_severed": "animation.basic_wither_storm.idle_3_head_severed",
              "idle_3_head_late": "animation.basic_wither_storm.idle_3_head_late",
              "idle_3_head_early": "animation.basic_wither_storm.idle_3_head_early",
              "idle_3_head_middle": "animation.basic_wither_storm.idle_3_head_middle",
              "idle_1_head": "animation.basic_wither_storm.idle_1_head",

              "phase1": "animation.basic_wither_storm.phase1",
              "phase2": "animation.basic_wither_storm.phase2",
              "phase3": "animation.basic_wither_storm.phase3",
              "phase4": "animation.basic_wither_storm.phase4",
              "phase5": "animation.basic_wither_storm.phase5",
              "phase6": "animation.basic_wither_storm.phase6",
              "phase7": "animation.basic_wither_storm.phase7",
              "phase8": "animation.basic_wither_storm.phase8",
              "phase9": "animation.basic_wither_storm.phase9",
              "phase10": "animation.basic_wither_storm.phase10",
              
              "fake_land": "animation.basic_wither_storm.fake_land",
              "fake_fall": "animation.basic_wither_storm.fake_fall",
              "revive": "animation.basic_wither_storm.revive",
              "death": "animation.basic_wither_storm.death",
              "scale_zero": "animation.basic_wither_storm.size_zero",
              "heads_idle": "animation.basic_wither_storm.heads_idle"
          },
          "render_controllers": [
            {
                  "controller.render.wender_dragon_death_pre_pass": "query.is_in_love"
              },
              {
                  "controller.render.wender_dragon_death_main_pass": "query.is_in_love"
              },
              {
                  "controller.render.wender_dragon_default": "!query.is_in_love"
              },

              {
                  "controller.render.basic_wither_storm.beam": "!query.is_in_love"
              },
              {
                "controller.render.basic_wither_storm.eye": "!query.is_in_love"
            }
          ]
      }
  }
}