{
  "format_version": "1.10.0",
  "minecraft:client_entity": {
    "description": {
      "identifier": "57:basic_wither_storm_skull",
      "materials": {
        "default": "iron_golem"
      },
      "textures": {
        "default": "textures/entity/basic_wither_storm"
      },
      "geometry": {
        "default": "geometry.basic_wither_storm_skull"
      },
      "animations": {
        "idle": "animation.bws_skull.move"
      },
      "scripts": {
        "scale": "5",
        "animate": [
          "idle"
        ],
        "should_update_bones_and_effects_offscreen": "1.0"
      },
      "render_controllers": [ "controller.render.iron_golem" ]
    }
  }
}
