{
  "format_version": "1.10.0",
  "minecraft:client_entity": {
    "description": {
      "identifier": "57:basic_wither_storm_rubble",
      "materials": {
        "default": "iron_golem"
      },
      "textures": {
        "default": "textures/entity/basic_wither_storm_rubble"
      },
      "geometry": {
        "default": "geometry.basic_wither_storm_rubble"
      },
      "animations": {
        "small": "animation.basic_storm_piece.small",
        "med": "animation.basic_storm_piece.med",
        "large": "animation.basic_storm_piece.large"
      },
      "scripts": {
        "scale": "1",
        "animate": [
          {
            "small": "query.variant == 1"
          },
          {
            "med": "query.variant == 2"
          },
          {
            "large": "query.variant == 3"
          }
        ],
        "should_update_bones_and_effects_offscreen": "1.0"
      },
      "render_controllers": [ "controller.render.iron_golem" ]
    }
  }
}
