{
  "format_version": "1.10.0",
  "minecraft:client_entity": {
    "description": {
      "identifier": "57:bws_strike",
      "materials": {
        "default": "wither_boss_armor"
      },
      "textures": {
        "default": "textures/entity/bws_strike"
      },
      "geometry": { "default": "geometry.bws_strike" },
      "scripts": {
        "pre_animation": [
          "variable.animation_speed = Math.min(0.5, 3.0 * query.modified_move_speed);"
        ],
        "animate": [
          "base_pose"
        ],
        "should_update_bones_and_effects_offscreen": "1.0"
      },
      "animations": {
        "base_pose": "animation.bws_strike.idle"
      },
      "render_controllers": [
        "controller.render.warden"
       ],
      "enable_attachables": true,
      "spawn_egg": {
        "base_color": "#B90000",
        "overlay_color": "#04FFFB"
      }
    }
  }
}
