{
  "format_version": "1.10.0",
  "minecraft:client_entity": {
      "description": {
          "identifier": "57:commanded_warden",
          "materials": {
              "default": "iron_golem",
              "shine_material": "entity_shine",
              "death_material": "entity_shine_additive",
              "dissolve_0": "entity_dissolve_layer0.skinning",
              "dissolve_1": "entity_dissolve_layer1.skinning",

              "shine": "wither_boss_armor"
          },
          "sound_effects": {
              "smash": "random.explode",
              "swipe": "mob.wither.shoot",
              "roar": "mob.commanded_warden.roar",
              "attack": "mob.wither.break_block"
          },
          "particle_effects": {
            "roar": "57:commanded_warden_ability",
            "swipe": "57:commanded_warden_ability",
            "smash": "57:commanded_warden_ability"
          },
          "textures": {
              "default": "textures/entity/commanded_warden",
              "exploding": "textures/entity/commanded_warden_death",
              "shine1": "textures/entity/endercrystal/endercrystal_shine",

              "shine": "textures/entity/commanded_warden_shine"
          },
          "spawn_egg": {
              "texture": "commanded_warden",
              "texture_index": 0
          },
          "geometry": {
              "default": "geometry.commanded_warden"
          },
          "scripts": {
              "scale": "2.0",
              "pre_animation": [
                  "variable.death_effect_duration = 200.0;",
                  "variable.death_alpha = (query.is_stunned ? ((1.0 - (1.0 + query.frame_alpha) / variable.death_effect_duration) * 2.0 + 0.3): 0);"
              ],
              "animate": [
                {
                    "spawn": "!query.is_saddled"
                },
                {
                    "idle": "query.is_saddled"
                },
                {
                    "look": "query.is_saddled"
                },
                "attack_con",
                "roar_con",
                "smash_con",
                "swipe_con",
                "walk_con",
                "run_con"
              ],
              "should_update_bones_and_effects_offscreen": "1.0"
          },
          "animations": {
              "spawn": "animation.commanded_warden.spawn",
              "idle": "animation.commanded_warden.idle",
              "look": "animation.commanded_warden.look",
              "attack": "animation.commanded_warden.attack",
              "roar": "animation.commanded_warden.roar",
              "smash": "animation.commanded_warden.smash",
              "swipe": "animation.commanded_warden.swipe",
              "walk": "animation.commanded_warden.walk",
              "run": "animation.commanded_warden.run",

              "attack_con": "controller.animation.commanded_warden.attack",
              "roar_con": "controller.animation.commanded_warden.roar",
              "smash_con": "controller.animation.commanded_warden.smash",
              "swipe_con": "controller.animation.commanded_warden.swipe",
              "walk_con": "controller.animation.commanded_warden.walk",
              "run_con": "controller.animation.commanded_warden.run"
          },
          "render_controllers": [
            {
                  "controller.render.wender_dragon_death_pre_pass": "query.is_in_love"
              },
              {
                  "controller.render.wender_dragon_death_main_pass": "query.is_in_love"
              },
              {
                  "controller.render.wender_dragon_default": "!query.is_in_love"
              },

              {
                  "controller.render.commanded_warden.shine": "!query.is_in_love"
              }
          ]
      }
  }
}