{
  "format_version": "1.10.0",
  "minecraft:client_entity": {
    "description": {
      "identifier": "57:storm_arrow",
      "materials": {
        "default": "iron_golem"
      },
      "textures": {
        "default": "textures/entity/storm_arrow"
      },
      "geometry": {
        "default": "geometry.storm_arrow"
      },
      "animations": {
        "idle": "animation.bws_skull.move"
      },
      "scripts": {
        "scale": "3",
        "animate": [
          "idle"
        ],
        "should_update_bones_and_effects_offscreen": "1.0"
      },
      "render_controllers": [ "controller.render.iron_golem" ]
    }
  }
}
