{
  "format_version": "1.10.0",
  "minecraft:client_entity": {
    "description": {
      "identifier": "57:stormborne_death",
      "materials": {
        "default": "iron_golem",
        "beam_material": "entity_beam",
        "death_material": "entity_beam_additive",
        "dissolve_0": "entity_dissolve_layer0.skinning",
        "dissolve_1": "entity_dissolve_layer1.skinning"
      },
      "sound_effects": {
        "death": "mob.stormborne.death"
      },
      "particle_effects": {
        "death": "57:stormborne_death"
      },
      "textures": {
        "default": "textures/entity/stormborne",
        "exploding": "textures/entity/stormborne_death",
        "beam": "textures/entity/endercrystal/endercrystal_beam"
      },
      "spawn_egg": {
        "texture": "stormborne",
        "texture_index": 0
      },
      "geometry": {
        "default": "geometry.stormborne"
      },
      "scripts": {
        "scale": "1.0",
        "pre_animation": [
          "variable.death_effect_duration = 200.0;",
          "variable.death_alpha = (1.0 - (query.death_ticks + query.frame_alpha) / variable.death_effect_duration) * 2.0 + 0.3;"
        ],
        "animate": [
          "phase"
        ],
        "should_update_bones_and_effects_offscreen": "1.0"
      },
      "animations": {
        "phase": "animation.stormborne.death"
      },
      "render_controllers": [
        { "controller.render.ender_dragon_death_pre_pass": "query.death_ticks > 1.0" },
        { "controller.render.ender_dragon_death_main_pass": "query.death_ticks > 1.0" },
        { "controller.render.ender_dragon_default": "query.death_ticks <= 1.0" }
      ]
    }
  }
}