{
  "format_version": "1.10.0",
  "minecraft:client_entity": {
    "description": {
      "identifier": "57:void_nuke",
      "materials": {
        "default": "iron_golem"
      },
      "textures": {
        "default": "textures/blocks/void_nuke"
      },
      "geometry": { "default": "geometry.void_nuke" },
      "scripts": {
        "pre_animation": [
          "variable.animation_speed = Math.min(0.5, 3.0 * query.modified_move_speed);"
        ],
        "animate": [
          "base_pose"
        ]
      },
      "animations": {
        "base_pose": "animation.void_nuke.idle"
      },
      "render_controllers": [
        "controller.render.warden"
       ],
      "enable_attachables": true,
      "spawn_egg": {
        "base_color": "#B90000",
        "overlay_color": "#04FFFB"
      }
    }
  }
}
