{
  "format_version": "1.8.0",
  "animations": {
    "animation.os_c.walk": {
      "loop": true,
      "animation_length": 1,
      "bones": {
        "body": {
          "rotation": {
            "0.0": [
              12.5,
              0,
              0
            ],
            "0.5": [
              20,
              0,
              0
            ],
            "1.0": [
              12.5,
              0,
              0
            ]
          }
        },
        "righLeg": {
          "rotation": {
            "0.0": [
              60,
              0,
              0
            ],
            "0.5": [
              -57.5,
              0,
              0
            ],
            "1.0": [
              60,
              0,
              0
            ]
          }
        },
        "righLeg2": {
          "rotation": {
            "0.0": [
              72.5,
              0,
              0
            ],
            "0.5": [
              7.5,
              0,
              0
            ],
            "1.0": [
              72.5,
              0,
              0
            ]
          }
        },
        "leftLeg": {
          "rotation": {
            "0.0": [
              -32.5,
              0,
              0
            ],
            "0.5": [
              40,
              0,
              0
            ],
            "1.0": [
              -32.5,
              0,
              0
            ]
          }
        },
        "leftLeg2": {
          "rotation": {
            "0.0": [
              7.5,
              0,
              0
            ],
            "0.5": [
              75,
              0,
              0
            ],
            "1.0": [
              7.5,
              0,
              0
            ]
          }
        },
        "righArm": {
          "rotation": {
            "0.0": [
              -42.5,
              0,
              0
            ],
            "0.5": [
              -47.5,
              0,
              0
            ],
            "1.0": [
              -42.5,
              0,
              0
            ]
          }
        },
        "righArm2": {
          "rotation": {
            "0.0": [
              -30,
              0,
              0
            ],
            "0.5": [
              -7.5,
              0,
              0
            ],
            "1.0": [
              -30,
              0,
              0
            ]
          }
        },
        "leftArm": {
          "rotation": {
            "0.0": [
              -57.5,
              0,
              0
            ],
            "0.5": [
              -45,
              0,
              0
            ],
            "1.0": [
              -57.5,
              0,
              0
            ]
          }
        },
        "leftArm2": {
          "rotation": {
            "0.0": [
              -25,
              0,
              0
            ],
            "0.5": [
              -2.5,
              0,
              0
            ],
            "1.0": [
              -25,
              0,
              0
            ]
          }
        }
      }
    },
    "animation.os_c.bob": {
      "loop": true,
      "animation_length": 4,
      "bones": {
        "body": {
          "rotation": {
            "0.0": [
              0,
              0,
              0
            ],
            "2.0": [
              7.5,
              0,
              0
            ],
            "4.0": [
              0,
              0,
              0
            ]
          }
        },
        "righArm": {
          "rotation": {
            "0.0": [
              0,
              0,
              2.5
            ],
            "2.0": [
              0,
              0,
              0
            ],
            "4.0": [
              0,
              0,
              2.5
            ]
          }
        },
        "leftArm": {
          "rotation": {
            "0.0": [
              0,
              0,
              -5
            ],
            "2.0": [
              0,
              0,
              -2.5
            ],
            "4.0": [
              0,
              0,
              -5
            ]
          }
        }
      }
    },
    "animation.os_c.look_at": {
      "loop": true,
      "bones": {
        "eyeball": {
          "rotation": [
            0,
            "math.clamp(query.target_y_rotation, -25, 25)",
            0
          ]
        },
        "eyeball2": {
          "rotation": [
            0,
            "math.clamp(query.target_y_rotation, -25, 25)",
            0
          ]
        }
      }
    },
    "animation.os_c.jumpscare": {
      "loop": true,
      "animation_length": 2,
      "bones": {
        "root": {
          "position": [
            0,
            10,
            0
          ]
        },
        "body": {
          "rotation": {
            "0.0": [
              0,
              0,
              -2.5
            ],
            "0.0833": [
              0,
              0,
              2.5
            ],
            "0.1667": [
              -0.04433,
              -1.40065,
              -2.29918
            ],
            "0.25": [
              -0.16626,
              -1.39145,
              2.70229
            ],
            "0.3333": [
              -0.04433,
              -1.40065,
              -2.29918
            ],
            "0.4167": [
              -0.16626,
              -1.39145,
              2.70229
            ],
            "0.5": [
              -0.04433,
              -1.40065,
              -2.29918
            ],
            "0.5833": [
              -0.16626,
              -1.39145,
              2.70229
            ],
            "0.6667": [
              -0.04433,
              -1.40065,
              -2.29918
            ],
            "0.75": [
              0,
              0,
              2.5
            ],
            "0.8333": [
              0,
              0,
              0
            ],
            "0.9167": [
              0,
              0,
              5
            ],
            "1.0": [
              0,
              0,
              -5
            ],
            "1.0833": [
              0,
              0,
              5
            ],
            "1.1667": [
              0,
              0,
              -5
            ]
          },
          "scale": {
            "0.0": [
              1,
              1,
              1
            ],
            "0.0833": [
              1.2,
              1.2,
              1
            ],
            "1.125": [
              1.2,
              1.2,
              1
            ],
            "1.1667": [
              1,
              1,
              1
            ]
          }
        },
        "eyeball": {
          "rotation": [
            0,
            0,
            22.5
          ]
        },
        "eyeball2": {
          "rotation": [
            0,
            0,
            -17.5
          ]
        },
        "righLeg": {
          "rotation": [
            -19.71975,
            3.40487,
            9.40804
          ]
        },
        "righLeg2": {
          "rotation": [
            -21.26765,
            -7.52076,
            -36.08597
          ]
        },
        "leftLeg": {
          "rotation": [
            -20,
            0,
            -17.5
          ]
        },
        "leftLeg2": {
          "rotation": [
            -27.5,
            0,
            22.5
          ]
        },
        "righArm": {
          "rotation": [
            -46.85917,
            12.22437,
            8.73286
          ]
        },
        "righArm2": {
          "rotation": [
            0,
            0,
            -20
          ]
        },
        "leftArm": {
          "rotation": [
            -43.49645,
            -11.69317,
            -9.53064
          ]
        },
        "leftArm2": {
          "rotation": [
            0,
            0,
            17.5
          ]
        }
      }
    }
  }
}