{
	"format_version": "1.8.0",
	"animations": {
		"animation.os_s.look_at": {
			"loop": true,
			"bones": {
				"eyeball": {
					"rotation": [0, 0, 0]
				}
			}
		},
		"animation.os_s.jumpscare": {
			"loop": true,
			"animation_length": 1,
			"bones": {
				"body": {
					"position": {
						"0.0": [0, 7, 0],
						"0.1667": [0, 9, 0],
						"0.3333": [0, 7, 0],
						"0.5": [0, 9, 0],
						"0.6667": [0, 7, 0],
						"0.8333": [0, 9, 0],
						"1.0": [0, 7, 0]
					},
					"scale": {
						"0.0": [1, 1, 1],
						"0.1667": [1, 1.1, 1],
						"0.3333": [1, 1, 1],
						"0.5": [1, 1.1, 1],
						"0.6667": [1, 1, 1],
						"0.8333": [1, 1.1, 1],
						"1.0": [1, 1, 1]
					}
				},
				"righLeg": {
					"rotation": [0, 0, -30]
				},
				"righLeg4": {
					"rotation": [0, 0, -27.5]
				},
				"leftLeg4": {
					"rotation": [0, 0, 32.5]
				},
				"leftLeg7": {
					"rotation": [0, 0, 32.5]
				},
				"righArm": {
					"rotation": [100.90536, -10.12069, 88.19741]
				},
				"leftArm": {
					"rotation": [-94.79713, -8.18666, -81.22052]
				}
			}
		},
		"animation.os_s.walk": {
			"loop": true,
			"animation_length": 1,
			"bones": {
				"body": {
					"rotation": {
						"0.0": [7.5, 0, 0],
						"0.5": [0, 0, 0],
						"1.0": [7.5, 0, 0]
					}
				},
				"righLeg": {
					"rotation": {
						"0.0": [0, 0, -2.5],
						"0.5": [0, 0, 20],
						"1.0": [0, 0, -2.5]
					}
				},
				"righLeg4": {
					"rotation": {
						"0.0": [0, 0, 17.5],
						"0.5": [0, 0, 0],
						"1.0": [0, 0, 17.5]
					}
				},
				"leftLeg4": {
					"rotation": {
						"0.0": [0, 0, -2.5],
						"0.5": [0, 0, -30],
						"1.0": [0, 0, -2.5]
					}
				},
				"leftLeg7": {
					"rotation": {
						"0.0": [0, 0, -17.5],
						"0.5": [0, 0, 0],
						"1.0": [0, 0, -17.5]
					}
				}
			}
		}
	}
}