
 {
	"format_version": "1.16.100",
	"minecraft:item": {
		"description": {
			"identifier": "op_asa:impact_dial_used",
			"category": "items"
		},
  "components": {
    "minecraft:render_offsets": {
      "main_hand": {
        "first_person": { 
          "scale": [0.02,0.02,0.02]
        },
        "third_person": { 
          "scale": [0.02,0.02,0.02],
          "position":[-0.2,0.6,0.2]
        }
      }
    },
    "minecraft:use_duration": 99999,
    "minecraft:food": {
      "nutrition": 0,
      "saturation_modifier": "supernatural",
      "can_always_eat": true
    },
    "minecraft:cooldown": {
      "category": "dial",
      "duration": 1
    },
    "minecraft:max_stack_size": 1,
    "minecraft:icon":{
      "texture": "impact_dial_used"
    },
    "minecraft:display_name":{
      "value":"item.op_asa:impact_dial_used.name"
    },
    "minecraft:should_despawn":true
  },
  "events":{
  }
}
}

