
 {
	"format_version": "1.16.100",
	"minecraft:item": {
		"description": {
			"identifier": "op_asa:impact_dial",
			"category": "items"
		},
  "components": {
    "minecraft:render_offsets": {
      "main_hand": {
        "first_person": { 
          "scale": [0.02,0.02,0.02]
        },
        "third_person": { 
          "scale": [0.02,0.02,0.02],
          "position":[-0.2,0.6,0.2]
        }
      },
      "off_hand": {
        "first_person": { 
          "scale": [0.02,0.02,0.02]
        },
        "third_person": { 
          "scale": [0,0,0]
        }
      }
    },
    "minecraft:wearable":{
      "slot":"slot.weapon.offhand"
    },
    "minecraft:allow_off_hand":true,
    "minecraft:max_stack_size": 1,
    "minecraft:icon":{
      "texture": "impact_dial"
    },
    "minecraft:display_name":{
      "value":"item.op_asa:impact_dial.name"
    },
    "minecraft:should_despawn":true
  },
  "events":{
  }
}
}

