
 {
	"format_version": "1.16.100",
	"minecraft:item": {
		"description": {
			"identifier": "op_asa:lamp_dial",
			"category": "items"
		},
  "components": {
    "minecraft:use_duration": 9999,
    "minecraft:food": {
      "nutrition": 0,
      "saturation_modifier": "supernatural",
      "can_always_eat": true
    },
    "minecraft:max_stack_size": 1,
    "minecraft:icon":{
      "texture": "lamp_dial"
    },
    "minecraft:display_name":{
      "value":"item.op_asa:lamp_dial.name"
    },
    "minecraft:should_despawn":true
  },
  "events":{
  }
}
}

