
 {
	"format_version": "1.16.100",
	"minecraft:item": {
		"description": {
			"identifier": "op_asa:water_dial",
			"category": "items"
		},
  "components": {
    "minecraft:on_use":{
      "on_use":{
        "event":"op_asa:on_use"
      }
    },
    "minecraft:max_stack_size": 1,
    "minecraft:icon":{
      "texture": "water_dial"
    },
    "minecraft:display_name":{
      "value":"item.op_asa:water_dial.name"
    },
    "minecraft:should_despawn":true
  },
  "events":{
    "op_asa:on_use":{
      "sequence":[
        {
          "run_command":{
            "command":"fill ~-1~-1~-1 ~1~1~1 air 0 replace water"
          }
        }
      ]
    }
  }
}
}

