{
	"format_version": "1.10.0",
	"particle_effect": {
		"description": {
			"identifier": "chm:areaCut1",
			"basic_render_parameters": {
				"material": "particles_blend",
				"texture": "textures/particle1"
			}
		},
		"components": {
			"minecraft:emitter_rate_steady": {
				"spawn_rate": 100,
				"max_particles": 100
			},
			"minecraft:emitter_lifetime_once": {
				"active_time": 2
			},
			"minecraft:emitter_shape_point": {
				"offset": [0, 3, 0]
			},
			"minecraft:particle_lifetime_expression": {},
			"minecraft:particle_initial_spin": {
				"rotation": 30,
				"rotation_rate": 50
			},
			"minecraft:particle_initial_speed": 15,
			"minecraft:particle_motion_dynamic": {
				"linear_acceleration": [5, 5, 5],
				"linear_drag_coefficient": 1,
				"rotation_acceleration": 60,
				"rotation_drag_coefficient": 10
			},
			"minecraft:particle_appearance_billboard": {
				"size": [0.2, 0.2],
				"facing_camera_mode": "rotate_xyz",
				"uv": {
					"texture_width": 32,
					"texture_height": 32,
					"uv": [0, 0],
					"uv_size": [32, 32]
				}
			},
			"minecraft:particle_appearance_tinting": {
				"color": {
					"interpolant": "v.particle_age / v.particle_lifetime",
					"gradient": {
						"0.0": "#FFDFCCCC",
						"1.0": "#FF762C2C"
					}
				}
			}
		}
	}
}