{
	"format_version": "1.10.0",
	"particle_effect": {
		"description": {
			"identifier": "chm:dashCut_p",
			"basic_render_parameters": {
				"material": "particles_alpha",
				"texture": "textures/particle1"
			}
		},
		"components": {
			"minecraft:emitter_rate_steady": {
				"spawn_rate": 180,
				"max_particles": 250
			},
			"minecraft:emitter_lifetime_once": {
				"active_time": 1.3
			},
			"minecraft:emitter_shape_sphere": {
				"radius": 8,
				"direction": "outwards"
			},
			"minecraft:particle_lifetime_expression": {
				"max_lifetime": 1
			},
			"minecraft:particle_initial_speed": 0,
			"minecraft:particle_motion_dynamic": {},
			"minecraft:particle_appearance_billboard": {
				"size": [0.4, 0.4],
				"facing_camera_mode": "rotate_xyz",
				"uv": {
					"texture_width": 32,
					"texture_height": 32,
					"uv": [0, 0],
					"uv_size": [32, 32]
				}
			}
		}
	}
}