{
  "format_version": "1.10.0",
  "particle_effect": {
    "description": {
      "identifier": "chm:swipe1",
      "basic_render_parameters": {
        "material": "particles_alpha",
        "texture": "textures/swipe"
      }
    },
    "components": {
      "minecraft:emitter_rate_instant": {
        "num_particles": 200
      },
      "minecraft:emitter_lifetime_once": {
        "active_time": 2
      },
      "minecraft:emitter_shape_sphere": {
        "offset": [
          0,
          3,
          0
        ],
        "radius": 8,
        "direction": "outwards"
      },
      "minecraft:particle_lifetime_expression": {
        "max_lifetime": 1
      },
      "minecraft:particle_initial_speed": 0,
      "minecraft:particle_motion_dynamic": {},
      "minecraft:particle_appearance_billboard": {
        "size": [
          0.2,
          0.2
        ],
        "facing_camera_mode": "rotate_xyz",
        "uv": {
          "texture_width": 256,
          "texture_height": 16,
          "flipbook": {
            "base_UV": [
              0,
              0
            ],
            "size_UV": [
              32,
              16
            ],
            "step_UV": [
              32,
              0
            ],
            "frames_per_second": 15,
            "max_frame": 15,
            "stretch_to_lifetime": true,
            "loop": true
          }
        }
      },
      "minecraft:particle_appearance_lighting": {},
      "minecraft:particle_appearance_tinting": {
        "color": {
          "interpolant": "v.particle_age / v.particle_lifetime",
          "gradient": {
            "0.01": "#FF933636",
            "0.99": "#FFCBCACA"
          }
        }
      }
    }
  }
}