{
	"format_version": "1.10.0",
	"particle_effect": {
		"description": {
			"identifier": "chm:swipe2",
			"basic_render_parameters": {
				"material": "particles_alpha",
				"texture": "textures/swipe"
			}
		},
		"components": {
			"minecraft:emitter_rate_instant": {
				"num_particles": 100
			},
			"minecraft:emitter_lifetime_once": {
				"active_time": 0.5
			},
			"minecraft:emitter_shape_disc": {
				"offset": [0.5, 0, 0],
				"radius": 5,
				"plane_normal": [0, 0.5, 0],
				"surface_only": true,
				"direction": "outwards"
			},
			"minecraft:particle_lifetime_expression": {
				"max_lifetime": 1
			},
			"minecraft:particle_initial_speed": 0,
			"minecraft:particle_motion_dynamic": {},
			"minecraft:particle_appearance_billboard": {
				"size": [0.5, 0.5],
				"facing_camera_mode": "rotate_xyz",
				"uv": {
					"texture_width": 256,
					"texture_height": 16,
					"flipbook": {
						"base_UV": [32, 0],
						"size_UV": [32, 32],
						"step_UV": [32, 0],
						"frames_per_second": 8,
						"max_frame": 8,
						"stretch_to_lifetime": true,
						"loop": true
					}
				}
			}
		}
	}
}