{
	"format_version": "1.12.0",
	"minecraft:geometry": [
		{
			"description": {
				"identifier": "geometry.ic_charles_hell",
				"texture_width": 256,
				"texture_height": 256,
				"visible_bounds_width": 7,
				"visible_bounds_height": 5,
				"visible_bounds_offset": [0, 1.5, 0]
			},
			"bones": [
				{
					"name": "root",
					"pivot": [0, -8, 0]
				},
				{
					"name": "body",
					"parent": "root",
					"pivot": [0, 22, 0]
				},
				{
					"name": "train",
					"parent": "body",
					"pivot": [0, 18, 0],
					"cubes": [
						{"origin": [-12, 14, -24], "size": [24, 2, 48], "uv": [0, 50]},
						{"origin": [-11.5, 11, -23.5], "size": [23, 3, 47], "uv": [97, 3]},
						{"origin": [-12, 9, -24], "size": [24, 2, 48], "uv": [0, 0]},
						{"origin": [-6, 16, -23], "size": [12, 2, 26], "uv": [88, 100]},
						{"origin": [-11, 16, 2], "size": [22, 32, 2], "uv": [96, 0]},
						{"origin": [-12.5, 16, 1.5], "size": [3, 32, 3], "uv": [80, 171]},
						{"origin": [-12.5, 16, 21.5], "size": [3, 32, 3], "uv": [56, 171]},
						{"origin": [9.5, 16, 1.5], "size": [3, 32, 3], "uv": [92, 174]},
						{"origin": [9.5, 16, 21.5], "size": [3, 32, 3], "uv": [68, 171]},
						{"origin": [-11, 47, 1], "size": [22, 4, 24], "uv": [96, 53]},
						{"origin": [10.58458, 48.34461, 1.1], "size": [4, 3, 24], "pivot": [7.58458, 49.84461, 12], "rotation": [0, 0, 15], "uv": [0, 152]},
						{"origin": [6, 10.5, -23.75], "size": [4, 4, 1], "uv": [0, 111]},
						{"origin": [-14.58458, 48.34461, 1.1], "size": [4, 3, 24], "pivot": [-7.58458, 49.84461, 12], "rotation": [0, 0, -15], "uv": [134, 128]},
						{"origin": [-12, 16, 4], "size": [24, 32, 20], "uv": [0, 100]},
						{"origin": [-10, 10.5, -23.75], "size": [4, 4, 1], "uv": [106, 71]},
						{"origin": [-2.28, 12.19, -24.645], "size": [4.56, 4.56, 1.14], "uv": [96, 71]},
						{"origin": [12, 41, 2], "size": [10, 10, 0], "uv": [179, 155]},
						{"origin": [-22, 41, 2], "size": [10, 10, 0], "uv": [179, 155], "mirror": true}
					]
				},
				{
					"name": "octagon",
					"parent": "train",
					"pivot": [0, 27, -2],
					"cubes": [
						{"origin": [-4.10071, 17.1, -10.9], "size": [8.20143, 19.8, 16.8], "pivot": [0, 27, -4], "rotation": [0, 0, 45], "uv": [0, 50]},
						{"origin": [-4.10071, 17.1, -10.9], "size": [8.20143, 19.8, 16.8], "uv": [0, 0]},
						{"origin": [-9.9, 22.89929, -10.9], "size": [19.8, 8.20143, 16.8], "pivot": [0, 27, -4], "rotation": [0, 0, 45], "uv": [138, 84]},
						{"origin": [-9.9, 22.89929, -10.9], "size": [19.8, 8.20143, 16.8], "uv": [88, 128]}
					]
				},
				{
					"name": "octagon2",
					"parent": "octagon",
					"pivot": [0, 27, -21],
					"cubes": [
						{"origin": [-4.10071, 17.1, -21.9], "size": [8.20143, 19.8, 11.8], "pivot": [0, 27, -21], "rotation": [0, 0, 45], "uv": [166, 108]},
						{"origin": [-4.10071, 17.1, -21.9], "size": [8.20143, 19.8, 11.8], "uv": [152, 155]},
						{"origin": [-3, 35, -19], "size": [6, 12, 6], "uv": [96, 53]},
						{"origin": [-3.5, 45, -19.5], "size": [7, 4, 7], "uv": [138, 115]},
						{"origin": [-9.9, 22.89929, -21.9], "size": [19.8, 8.20143, 11.8], "pivot": [0, 27, -21], "rotation": [0, 0, 45], "uv": [92, 155]},
						{"origin": [-9.9, 22.89929, -21.9], "size": [19.8, 8.20143, 11.8], "uv": [32, 152]}
					]
				},
				{
					"name": "octagon3",
					"parent": "octagon2",
					"pivot": [0, 27, -6],
					"cubes": [
						{"origin": [-4.42877, 16.308, -6.972], "size": [8.85754, 21.384, 1.944], "pivot": [0, 27, -6], "rotation": [0, 0, 45], "uv": [152, 185]},
						{"origin": [-4.42877, 16.308, -6.972], "size": [8.85754, 21.384, 1.944], "uv": [30, 179]},
						{"origin": [-10.692, 22.57123, -6.972], "size": [21.384, 8.85754, 1.944], "uv": [68, 100]},
						{"origin": [-4.42877, 16.308, -15.972], "size": [8.85754, 21.384, 1.944], "pivot": [0, 27, -15], "rotation": [0, 0, 45], "uv": [134, 174]}
					]
				},
				{
					"name": "octagon4",
					"parent": "octagon3",
					"pivot": [0, 27, -15],
					"cubes": [
						{"origin": [-4.42877, 16.308, -15.972], "size": [8.85754, 21.384, 1.944], "uv": [0, 152]},
						{"origin": [-10.692, 22.57123, -15.972], "size": [21.384, 8.85754, 1.944], "pivot": [0, 27, -15], "rotation": [0, 0, 45], "uv": [96, 81]},
						{"origin": [-10.692, 22.57123, -15.972], "size": [21.384, 8.85754, 1.944], "uv": [96, 34]},
						{"origin": [-10.692, 22.57123, -6.972], "size": [21.384, 8.85754, 1.944], "pivot": [0, 27, -6], "rotation": [0, 0, 45], "uv": [68, 109]}
					]
				},
				{
					"name": "smoke",
					"parent": "octagon",
					"pivot": [0, 46, -16],
					"locators": {
						"smoke": [0, 46, -16]
					}
				},
				{
					"name": "wheel5",
					"parent": "train",
					"pivot": [-8, 9, -18],
					"cubes": [
						{"origin": [-9, 7.34315, -22], "size": [2, 3.31371, 8], "pivot": [-11, 9, -18], "rotation": [-45, 0, 0], "uv": [178, 141]},
						{"origin": [-9, 7.34315, -22], "size": [2, 3.31371, 8], "uv": [166, 138]},
						{"origin": [-9, 5, -19.65685], "size": [2, 8, 3.31371], "pivot": [-11, 9, -18], "rotation": [-45, 0, 0], "uv": [122, 174]},
						{"origin": [-9, 5, -19.65685], "size": [2, 8, 3.31371], "uv": [104, 174]}
					]
				},
				{
					"name": "wheel6",
					"parent": "wheel5",
					"pivot": [-8, 9, -8],
					"cubes": [
						{"origin": [-9, 7.34315, -12], "size": [2, 3.31371, 8], "pivot": [-11, 9, -8], "rotation": [-45, 0, 0], "uv": [141, 155]},
						{"origin": [-9, 7.34315, -12], "size": [2, 3.31371, 8], "uv": [81, 152]},
						{"origin": [-9, 5, -9.65685], "size": [2, 8, 3.31371], "pivot": [-11, 9, -8], "rotation": [-45, 0, 0], "uv": [164, 53]},
						{"origin": [-9, 5, -9.65685], "size": [2, 8, 3.31371], "uv": [32, 152]}
					]
				},
				{
					"name": "wheel7",
					"parent": "wheel6",
					"pivot": [-8, 9, 2],
					"cubes": [
						{"origin": [-9, 7.34315, -2], "size": [2, 3.31371, 8], "pivot": [-11, 9, 2], "rotation": [-45, 0, 0], "uv": [132, 82]},
						{"origin": [-9, 7.34315, -2], "size": [2, 3.31371, 8], "uv": [0, 100]},
						{"origin": [-9, 5, 0.34315], "size": [2, 8, 3.31371], "pivot": [-11, 9, 2], "rotation": [-45, 0, 0], "uv": [142, 128]},
						{"origin": [-9, 5, 0.34315], "size": [2, 8, 3.31371], "uv": [88, 128]}
					]
				},
				{
					"name": "wheel8",
					"parent": "wheel6",
					"pivot": [-8, 11, 15],
					"cubes": [
						{"origin": [-9.5, 8.51472, 9], "size": [3, 4.97056, 12], "pivot": [-12.5, 11, 15], "rotation": [-45, 0, 0], "uv": [104, 174]},
						{"origin": [-9.5, 8.51472, 9], "size": [3, 4.97056, 12], "uv": [164, 53]},
						{"origin": [-9.5, 5, 12.51472], "size": [3, 12, 4.97056], "pivot": [-12.5, 11, 15], "rotation": [-45, 0, 0], "uv": [32, 0]},
						{"origin": [-9.5, 5, 12.51472], "size": [3, 12, 4.97056], "uv": [0, 0]}
					]
				},
				{
					"name": "wheel2",
					"parent": "train",
					"pivot": [8, 9, -18],
					"cubes": [
						{"origin": [7, 7.34315, -22], "size": [2, 3.31371, 8], "pivot": [11, 9, -18], "rotation": [-45, 0, 0], "uv": [178, 141], "mirror": true},
						{"origin": [7, 7.34315, -22], "size": [2, 3.31371, 8], "uv": [166, 138], "mirror": true},
						{"origin": [7, 5, -19.65685], "size": [2, 8, 3.31371], "pivot": [11, 9, -18], "rotation": [-45, 0, 0], "uv": [122, 174], "mirror": true},
						{"origin": [7, 5, -19.65685], "size": [2, 8, 3.31371], "uv": [104, 174], "mirror": true}
					]
				},
				{
					"name": "wheel3",
					"parent": "wheel2",
					"pivot": [8, 9, -8],
					"cubes": [
						{"origin": [7, 7.34315, -12], "size": [2, 3.31371, 8], "pivot": [11, 9, -8], "rotation": [-45, 0, 0], "uv": [141, 155], "mirror": true},
						{"origin": [7, 7.34315, -12], "size": [2, 3.31371, 8], "uv": [81, 152], "mirror": true},
						{"origin": [7, 5, -9.65685], "size": [2, 8, 3.31371], "pivot": [11, 9, -8], "rotation": [-45, 0, 0], "uv": [164, 53], "mirror": true},
						{"origin": [7, 5, -9.65685], "size": [2, 8, 3.31371], "uv": [32, 152], "mirror": true}
					]
				},
				{
					"name": "wheel4",
					"parent": "wheel3",
					"pivot": [8, 9, 2],
					"cubes": [
						{"origin": [7, 7.34315, -2], "size": [2, 3.31371, 8], "pivot": [11, 9, 2], "rotation": [-45, 0, 0], "uv": [132, 82], "mirror": true},
						{"origin": [7, 7.34315, -2], "size": [2, 3.31371, 8], "uv": [0, 100], "mirror": true},
						{"origin": [7, 5, 0.34315], "size": [2, 8, 3.31371], "pivot": [11, 9, 2], "rotation": [-45, 0, 0], "uv": [142, 128], "mirror": true},
						{"origin": [7, 5, 0.34315], "size": [2, 8, 3.31371], "uv": [88, 128], "mirror": true}
					]
				},
				{
					"name": "wheel9",
					"parent": "wheel3",
					"pivot": [8, 11, 15],
					"cubes": [
						{"origin": [6.5, 8.51472, 9], "size": [3, 4.97056, 12], "pivot": [12.5, 11, 15], "rotation": [-45, 0, 0], "uv": [104, 174], "mirror": true},
						{"origin": [6.5, 8.51472, 9], "size": [3, 4.97056, 12], "uv": [164, 53], "mirror": true},
						{"origin": [6.5, 5, 12.51472], "size": [3, 12, 4.97056], "pivot": [12.5, 11, 15], "rotation": [-45, 0, 0], "uv": [32, 0], "mirror": true},
						{"origin": [6.5, 5, 12.51472], "size": [3, 12, 4.97056], "uv": [0, 0], "mirror": true}
					]
				},
				{
					"name": "face",
					"parent": "train",
					"pivot": [0, 27, -22],
					"cubes": [
						{"origin": [-7, 20, -22.5], "size": [14, 14, 1], "uv": [0, 179]}
					]
				},
				{
					"name": "smile",
					"parent": "face",
					"pivot": [0.25, 20.5, -22.6],
					"cubes": [
						{"origin": [-7.25, 18.5, -22.6], "size": [15, 4, 0], "uv": [164, 69]}
					]
				},
				{
					"name": "smile2",
					"parent": "smile",
					"pivot": [0.25, 24.5, -22.6],
					"cubes": [
						{"origin": [-7.25, 22.5, -22.6], "size": [15, 4, 0], "uv": [96, 43]}
					]
				},
				{
					"name": "left_leg1",
					"parent": "body",
					"pivot": [5, 15, -11],
					"cubes": [
						{
							"origin": [9.08, 18.44, -14.84],
							"size": [25.6, 5.12, 5.12],
							"pivot": [7.8, 21, -11],
							"rotation": [-5.43327, 47.2626, -37.37872],
							"uv": {
								"north": {"uv": [24, 89], "uv_size": [-20, 4]},
								"east": {"uv": [28, 89], "uv_size": [-4, 4]},
								"south": {"uv": [48, 89], "uv_size": [-20, 4]},
								"west": {"uv": [4, 89], "uv_size": [-4, 4]},
								"up": {"uv": [24, 85], "uv_size": [-20, 4]},
								"down": {"uv": [44, 89], "uv_size": [-20, -4]}
							}
						},
						{
							"origin": [18.64211, 28.9189, -34.56111],
							"size": [5.632, 5.632, 5.632],
							"pivot": [21.45811, 31.7349, -31.74511],
							"rotation": [30.38564, 38.44868, 13.31914],
							"uv": {
								"north": {"uv": [40, 54], "uv_size": [-4, 4]},
								"east": {"uv": [44, 54], "uv_size": [-4, 4]},
								"south": {"uv": [48, 54], "uv_size": [-4, 4]},
								"west": {"uv": [36, 54], "uv_size": [-4, 4]},
								"up": {"uv": [40, 50], "uv_size": [-4, 4]},
								"down": {"uv": [44, 54], "uv_size": [-4, -4]}
							}
						}
					]
				},
				{
					"name": "left_leg12",
					"parent": "left_leg1",
					"pivot": [15, 23.25, -27.25],
					"rotation": [15, 0, 0],
					"cubes": [
						{
							"origin": [13.19343, 21.60417, -38.95557],
							"size": [16.64, 3.84, 5.12],
							"pivot": [24.47365, 25.24653, -39.58102],
							"rotation": [128.76023, 62.72179, 36.50129],
							"uv": {
								"north": {"uv": [155, 112], "uv_size": [-13, 3]},
								"east": {"uv": [159, 112], "uv_size": [-4, 3]},
								"south": {"uv": [172, 112], "uv_size": [-13, 3]},
								"west": {"uv": [142, 112], "uv_size": [-4, 3]},
								"up": {"uv": [155, 108], "uv_size": [-13, 4]},
								"down": {"uv": [168, 112], "uv_size": [-13, -4]}
							}
						},
						{
							"origin": [20.64535, 18.12971, -49.01226],
							"size": [4.0704, 4.0704, 5.4272],
							"pivot": [29.41705, 20.60727, -47.90702],
							"rotation": [155.06567, 32.03605, 70.55508],
							"uv": {
								"north": {"uv": [39, 62], "uv_size": [-3, 3]},
								"east": {"uv": [43, 62], "uv_size": [-4, 3]},
								"south": {"uv": [46, 62], "uv_size": [-3, 3]},
								"west": {"uv": [36, 62], "uv_size": [-4, 3]},
								"up": {"uv": [39, 58], "uv_size": [-3, 4]},
								"down": {"uv": [42, 62], "uv_size": [-3, -4]}
							}
						}
					]
				},
				{
					"name": "left_leg13",
					"parent": "left_leg12",
					"pivot": [20, 20.25, -39.25],
					"rotation": [15, 0, 0],
					"cubes": [
						{
							"origin": [20.39641, 20.79112, -63.40044],
							"size": [15.36, 2.56, 3.84],
							"pivot": [30.87365, 21.40653, -54.94102],
							"rotation": [164.73677, 31.72597, 89.73737],
							"uv": {
								"north": {"uv": [15, 96], "uv_size": [-12, 2]},
								"east": {"uv": [18, 96], "uv_size": [-3, 2]},
								"south": {"uv": [30, 96], "uv_size": [-12, 2]},
								"west": {"uv": [3, 96], "uv_size": [-3, 2]},
								"up": {"uv": [15, 93], "uv_size": [-12, 3]},
								"down": {"uv": [27, 96], "uv_size": [-12, -3]}
							}
						},
						{
							"origin": [34.47641, 21.43112, -63.40044],
							"size": [3.84, 1.28, 2.56],
							"pivot": [30.87365, 21.40653, -54.94102],
							"rotation": [164.73677, 31.72597, 89.73737],
							"uv": {
								"north": {"uv": [42, 96], "uv_size": [-3, 1]},
								"east": {"uv": [44, 96], "uv_size": [-2, 1]},
								"south": {"uv": [47, 96], "uv_size": [-3, 1]},
								"west": {"uv": [39, 96], "uv_size": [-2, 1]},
								"up": {"uv": [42, 94], "uv_size": [-3, 2]},
								"down": {"uv": [45, 96], "uv_size": [-3, -2]}
							}
						}
					]
				},
				{
					"name": "right_leg1",
					"parent": "body",
					"pivot": [-5, 15, -11],
					"cubes": [
						{
							"origin": [-34.68, 18.44, -14.84],
							"size": [25.6, 5.12, 5.12],
							"pivot": [-7.8, 21, -11],
							"rotation": [-5.43327, -47.2626, 37.37872],
							"uv": {
								"north": {"uv": [4, 89], "uv_size": [20, 4]},
								"east": {"uv": [0, 89], "uv_size": [4, 4]},
								"south": {"uv": [28, 89], "uv_size": [20, 4]},
								"west": {"uv": [24, 89], "uv_size": [4, 4]},
								"up": {"uv": [4, 85], "uv_size": [20, 4]},
								"down": {"uv": [24, 89], "uv_size": [20, -4]}
							}
						},
						{
							"origin": [-24.27411, 28.9189, -34.56111],
							"size": [5.632, 5.632, 5.632],
							"pivot": [-21.45811, 31.7349, -31.74511],
							"rotation": [30.38564, -38.44868, -13.31914],
							"uv": {
								"north": {"uv": [36, 54], "uv_size": [4, 4]},
								"east": {"uv": [32, 54], "uv_size": [4, 4]},
								"south": {"uv": [44, 54], "uv_size": [4, 4]},
								"west": {"uv": [40, 54], "uv_size": [4, 4]},
								"up": {"uv": [36, 50], "uv_size": [4, 4]},
								"down": {"uv": [40, 54], "uv_size": [4, -4]}
							}
						}
					]
				},
				{
					"name": "right_leg12",
					"parent": "right_leg1",
					"pivot": [-15, 23.25, -27.25],
					"rotation": [15, 0, 0],
					"cubes": [
						{
							"origin": [-29.83343, 21.60417, -38.95557],
							"size": [16.64, 3.84, 5.12],
							"pivot": [-24.47365, 25.24653, -39.58102],
							"rotation": [128.76023, -62.72179, -36.50129],
							"uv": {
								"north": {"uv": [142, 112], "uv_size": [13, 3]},
								"east": {"uv": [138, 112], "uv_size": [4, 3]},
								"south": {"uv": [159, 112], "uv_size": [13, 3]},
								"west": {"uv": [155, 112], "uv_size": [4, 3]},
								"up": {"uv": [142, 108], "uv_size": [13, 4]},
								"down": {"uv": [155, 112], "uv_size": [13, -4]}
							}
						},
						{
							"origin": [-24.71575, 18.12971, -49.01226],
							"size": [4.0704, 4.0704, 5.4272],
							"pivot": [-29.41705, 20.60727, -47.90702],
							"rotation": [155.06567, -32.03605, -70.55508],
							"uv": {
								"north": {"uv": [36, 62], "uv_size": [3, 3]},
								"east": {"uv": [32, 62], "uv_size": [4, 3]},
								"south": {"uv": [43, 62], "uv_size": [3, 3]},
								"west": {"uv": [39, 62], "uv_size": [4, 3]},
								"up": {"uv": [36, 58], "uv_size": [3, 4]},
								"down": {"uv": [39, 62], "uv_size": [3, -4]}
							}
						}
					]
				},
				{
					"name": "right_leg13",
					"parent": "right_leg12",
					"pivot": [-20, 20.25, -39.25],
					"rotation": [15, 0, 0],
					"cubes": [
						{
							"origin": [-35.75641, 20.79112, -63.40044],
							"size": [15.36, 2.56, 3.84],
							"pivot": [-30.87365, 21.40653, -54.94102],
							"rotation": [164.73677, -31.72597, -89.73737],
							"uv": {
								"north": {"uv": [3, 96], "uv_size": [12, 2]},
								"east": {"uv": [0, 96], "uv_size": [3, 2]},
								"south": {"uv": [18, 96], "uv_size": [12, 2]},
								"west": {"uv": [15, 96], "uv_size": [3, 2]},
								"up": {"uv": [3, 93], "uv_size": [12, 3]},
								"down": {"uv": [15, 96], "uv_size": [12, -3]}
							}
						},
						{
							"origin": [-38.31641, 21.43112, -63.40044],
							"size": [3.84, 1.28, 2.56],
							"pivot": [-30.87365, 21.40653, -54.94102],
							"rotation": [164.73677, -31.72597, -89.73737],
							"uv": {
								"north": {"uv": [39, 96], "uv_size": [3, 1]},
								"east": {"uv": [37, 96], "uv_size": [2, 1]},
								"south": {"uv": [44, 96], "uv_size": [3, 1]},
								"west": {"uv": [42, 96], "uv_size": [2, 1]},
								"up": {"uv": [39, 94], "uv_size": [3, 2]},
								"down": {"uv": [42, 96], "uv_size": [3, -2]}
							}
						}
					]
				},
				{
					"name": "right_leg2",
					"parent": "body",
					"pivot": [-5, 15, -8],
					"rotation": [-22.39603, 21.81578, 9.79422],
					"cubes": [
						{
							"origin": [-36.28508, 16.49975, -10.66289],
							"size": [25.6, 5.12, 5.12],
							"pivot": [-5, 15, -7.16],
							"rotation": [-5.43327, -47.2626, 37.37872],
							"uv": {
								"north": {"uv": [4, 39], "uv_size": [20, 4]},
								"east": {"uv": [0, 39], "uv_size": [4, 4]},
								"south": {"uv": [28, 39], "uv_size": [20, 4]},
								"west": {"uv": [24, 39], "uv_size": [4, 4]},
								"up": {"uv": [4, 35], "uv_size": [20, 4]},
								"down": {"uv": [24, 39], "uv_size": [20, -4]}
							}
						},
						{
							"origin": [-22.49748, 28.82136, -30.384],
							"size": [5.632, 5.632, 5.632],
							"pivot": [-18.65811, 25.7349, -27.90511],
							"rotation": [30.38564, -38.44868, -13.31914],
							"uv": {
								"north": {"uv": [4, 54], "uv_size": [4, 4]},
								"east": {"uv": [0, 54], "uv_size": [4, 4]},
								"south": {"uv": [12, 54], "uv_size": [4, 4]},
								"west": {"uv": [8, 54], "uv_size": [4, 4]},
								"up": {"uv": [4, 50], "uv_size": [4, 4]},
								"down": {"uv": [8, 54], "uv_size": [4, -4]}
							}
						}
					]
				},
				{
					"name": "right_leg22",
					"parent": "right_leg2",
					"pivot": [-15, 23.25, -24.25],
					"rotation": [44.79769, 1.82444, -2.0859],
					"cubes": [
						{
							"origin": [-28.13923, 21.44638, -35.25741],
							"size": [17.92, 3.84, 5.12],
							"pivot": [-21.67365, 25.24653, -35.74102],
							"rotation": [128.76023, -62.72179, -36.50129],
							"uv": {
								"north": {"uv": [100, 94], "uv_size": [14, 3]},
								"east": {"uv": [96, 94], "uv_size": [4, 3]},
								"south": {"uv": [118, 94], "uv_size": [14, 3]},
								"west": {"uv": [114, 94], "uv_size": [4, 3]},
								"up": {"uv": [100, 90], "uv_size": [14, 4]},
								"down": {"uv": [114, 94], "uv_size": [14, -4]}
							}
						},
						{
							"origin": [-24.42389, 17.97192, -44.11083],
							"size": [5.3504, 4.0704, 5.4272],
							"pivot": [-26.61705, 20.60727, -44.06702],
							"rotation": [155.06567, -32.03605, -70.55508],
							"uv": {
								"north": {"uv": [4, 62], "uv_size": [4, 3]},
								"east": {"uv": [0, 62], "uv_size": [4, 3]},
								"south": {"uv": [12, 62], "uv_size": [4, 3]},
								"west": {"uv": [8, 62], "uv_size": [4, 3]},
								"up": {"uv": [4, 58], "uv_size": [4, 4]},
								"down": {"uv": [8, 62], "uv_size": [4, -4]}
							}
						}
					]
				},
				{
					"name": "right_leg4",
					"parent": "right_leg22",
					"pivot": [-20, 20.25, -36.25],
					"rotation": [15, 0, 0],
					"cubes": [
						{
							"origin": [-40.6351, 20.64525, -59.79298],
							"size": [23.04, 2.56, 3.84],
							"pivot": [-28.07365, 21.40653, -51.10102],
							"rotation": [164.73677, -31.72597, -89.73737],
							"uv": {
								"north": {"uv": [3, 46], "uv_size": [18, 2]},
								"east": {"uv": [0, 46], "uv_size": [3, 2]},
								"south": {"uv": [24, 46], "uv_size": [18, 2]},
								"west": {"uv": [21, 46], "uv_size": [3, 2]},
								"up": {"uv": [3, 43], "uv_size": [18, 3]},
								"down": {"uv": [21, 46], "uv_size": [18, -3]}
							}
						},
						{
							"origin": [-44.4751, 21.28525, -59.79298],
							"size": [5.12, 1.28, 2.56],
							"pivot": [-28.07365, 21.40653, -51.10102],
							"rotation": [164.73677, -31.72597, -89.73737],
							"uv": {
								"north": {"uv": [29, 95], "uv_size": [4, 1]},
								"east": {"uv": [27, 95], "uv_size": [2, 1]},
								"south": {"uv": [35, 95], "uv_size": [4, 1]},
								"west": {"uv": [33, 95], "uv_size": [2, 1]},
								"up": {"uv": [29, 93], "uv_size": [4, 2]},
								"down": {"uv": [33, 95], "uv_size": [4, -2]}
							}
						}
					]
				},
				{
					"name": "left_leg2",
					"parent": "body",
					"pivot": [5, 15, -8],
					"rotation": [-22.39603, -21.81578, -9.79422],
					"cubes": [
						{
							"origin": [13.48508, 16.49975, -10.66289],
							"size": [25.6, 5.12, 5.12],
							"pivot": [7.8, 15, -7.16],
							"rotation": [-5.43327, 47.2626, -37.37872],
							"uv": {
								"north": {"uv": [24, 39], "uv_size": [-20, 4]},
								"east": {"uv": [28, 39], "uv_size": [-4, 4]},
								"south": {"uv": [48, 39], "uv_size": [-20, 4]},
								"west": {"uv": [4, 39], "uv_size": [-4, 4]},
								"up": {"uv": [24, 35], "uv_size": [-20, 4]},
								"down": {"uv": [44, 39], "uv_size": [-20, -4]}
							}
						},
						{
							"origin": [19.66548, 28.82136, -30.384],
							"size": [5.632, 5.632, 5.632],
							"pivot": [21.45811, 25.7349, -27.90511],
							"rotation": [30.38564, 38.44868, 13.31914],
							"uv": {
								"north": {"uv": [8, 54], "uv_size": [-4, 4]},
								"east": {"uv": [12, 54], "uv_size": [-4, 4]},
								"south": {"uv": [16, 54], "uv_size": [-4, 4]},
								"west": {"uv": [4, 54], "uv_size": [-4, 4]},
								"up": {"uv": [8, 50], "uv_size": [-4, 4]},
								"down": {"uv": [12, 54], "uv_size": [-4, -4]}
							}
						}
					]
				},
				{
					"name": "left_leg22",
					"parent": "left_leg2",
					"pivot": [15, 23.25, -24.25],
					"rotation": [44.79769, -1.82444, 2.0859],
					"cubes": [
						{
							"origin": [13.01923, 21.44638, -35.25741],
							"size": [17.92, 3.84, 5.12],
							"pivot": [24.47365, 25.24653, -35.74102],
							"rotation": [128.76023, 62.72179, 36.50129],
							"uv": {
								"north": {"uv": [114, 94], "uv_size": [-14, 3]},
								"east": {"uv": [118, 94], "uv_size": [-4, 3]},
								"south": {"uv": [132, 94], "uv_size": [-14, 3]},
								"west": {"uv": [100, 94], "uv_size": [-4, 3]},
								"up": {"uv": [114, 90], "uv_size": [-14, 4]},
								"down": {"uv": [128, 94], "uv_size": [-14, -4]}
							}
						},
						{
							"origin": [21.87349, 17.97192, -44.11083],
							"size": [5.3504, 4.0704, 5.4272],
							"pivot": [29.41705, 20.60727, -44.06702],
							"rotation": [155.06567, 32.03605, 70.55508],
							"uv": {
								"north": {"uv": [8, 62], "uv_size": [-4, 3]},
								"east": {"uv": [12, 62], "uv_size": [-4, 3]},
								"south": {"uv": [16, 62], "uv_size": [-4, 3]},
								"west": {"uv": [4, 62], "uv_size": [-4, 3]},
								"up": {"uv": [8, 58], "uv_size": [-4, 4]},
								"down": {"uv": [12, 62], "uv_size": [-4, -4]}
							}
						}
					]
				},
				{
					"name": "left_leg4",
					"parent": "left_leg22",
					"pivot": [20, 20.25, -36.25],
					"rotation": [15, 0, 0],
					"cubes": [
						{
							"origin": [20.3951, 20.64525, -59.79298],
							"size": [23.04, 2.56, 3.84],
							"pivot": [30.87365, 21.40653, -51.10102],
							"rotation": [164.73677, 31.72597, 89.73737],
							"uv": {
								"north": {"uv": [21, 46], "uv_size": [-18, 2]},
								"east": {"uv": [24, 46], "uv_size": [-3, 2]},
								"south": {"uv": [42, 46], "uv_size": [-18, 2]},
								"west": {"uv": [3, 46], "uv_size": [-3, 2]},
								"up": {"uv": [21, 43], "uv_size": [-18, 3]},
								"down": {"uv": [39, 46], "uv_size": [-18, -3]}
							}
						},
						{
							"origin": [42.1551, 21.28525, -59.79298],
							"size": [5.12, 1.28, 2.56],
							"pivot": [30.87365, 21.40653, -51.10102],
							"rotation": [164.73677, 31.72597, 89.73737],
							"uv": {
								"north": {"uv": [33, 95], "uv_size": [-4, 1]},
								"east": {"uv": [35, 95], "uv_size": [-2, 1]},
								"south": {"uv": [39, 95], "uv_size": [-4, 1]},
								"west": {"uv": [29, 95], "uv_size": [-2, 1]},
								"up": {"uv": [33, 93], "uv_size": [-4, 2]},
								"down": {"uv": [37, 95], "uv_size": [-4, -2]}
							}
						}
					]
				},
				{
					"name": "right_leg3",
					"parent": "body",
					"pivot": [-5, 15, -4],
					"rotation": [-11.94944, 49.32402, 13.93479],
					"cubes": [
						{
							"origin": [-36.31458, 16.3349, -4.80097],
							"size": [25.6, 5.12, 5.12],
							"pivot": [-5, 15, -2.04],
							"rotation": [-5.43327, -47.2626, 37.37872],
							"uv": {
								"north": {"uv": [4, 39], "uv_size": [20, 4]},
								"east": {"uv": [0, 39], "uv_size": [4, 4]},
								"south": {"uv": [28, 39], "uv_size": [20, 4]},
								"west": {"uv": [24, 39], "uv_size": [4, 4]},
								"up": {"uv": [4, 35], "uv_size": [20, 4]},
								"down": {"uv": [24, 39], "uv_size": [20, -4]}
							}
						},
						{
							"origin": [-22.62123, 28.70853, -24.52208],
							"size": [5.632, 5.632, 5.632],
							"pivot": [-18.65811, 25.7349, -22.78511],
							"rotation": [30.38564, -38.44868, -13.31914],
							"uv": {
								"north": {"uv": [4, 54], "uv_size": [4, 4]},
								"east": {"uv": [0, 54], "uv_size": [4, 4]},
								"south": {"uv": [12, 54], "uv_size": [4, 4]},
								"west": {"uv": [8, 54], "uv_size": [4, 4]},
								"up": {"uv": [4, 50], "uv_size": [4, 4]},
								"down": {"uv": [8, 54], "uv_size": [4, -4]}
							}
						}
					]
				},
				{
					"name": "right_leg32",
					"parent": "right_leg3",
					"pivot": [-15, 23.25, -20.25],
					"rotation": [44.79769, 1.82444, -2.0859],
					"cubes": [
						{
							"origin": [-28.01988, 20.75999, -30.44254],
							"size": [17.92, 3.84, 5.12],
							"pivot": [-21.67365, 25.24653, -30.62102],
							"rotation": [128.76023, -62.72179, -36.50129],
							"uv": {
								"north": {"uv": [100, 94], "uv_size": [14, 3]},
								"east": {"uv": [96, 94], "uv_size": [4, 3]},
								"south": {"uv": [118, 94], "uv_size": [14, 3]},
								"west": {"uv": [114, 94], "uv_size": [4, 3]},
								"up": {"uv": [100, 90], "uv_size": [14, 4]},
								"down": {"uv": [114, 94], "uv_size": [14, -4]}
							}
						},
						{
							"origin": [-24.51496, 17.28553, -39.30556],
							"size": [5.3504, 4.0704, 5.4272],
							"pivot": [-26.61705, 20.60727, -38.94702],
							"rotation": [155.06567, -32.03605, -70.55508],
							"uv": {
								"north": {"uv": [4, 62], "uv_size": [4, 3]},
								"east": {"uv": [0, 62], "uv_size": [4, 3]},
								"south": {"uv": [12, 62], "uv_size": [4, 3]},
								"west": {"uv": [8, 62], "uv_size": [4, 3]},
								"up": {"uv": [4, 58], "uv_size": [4, 4]},
								"down": {"uv": [8, 62], "uv_size": [4, -4]}
							}
						}
					]
				},
				{
					"name": "right_leg33",
					"parent": "right_leg32",
					"pivot": [-20, 20.25, -32.25],
					"rotation": [14.78217, 2.57594, -9.6658],
					"cubes": [
						{
							"origin": [-40.65934, 20.76524, -55.17573],
							"size": [23.04, 2.56, 3.84],
							"pivot": [-28.07365, 21.40653, -45.98102],
							"rotation": [164.73677, -31.72597, -89.73737],
							"uv": {
								"north": {"uv": [3, 46], "uv_size": [18, 2]},
								"east": {"uv": [0, 46], "uv_size": [3, 2]},
								"south": {"uv": [24, 46], "uv_size": [18, 2]},
								"west": {"uv": [21, 46], "uv_size": [3, 2]},
								"up": {"uv": [3, 43], "uv_size": [18, 3]},
								"down": {"uv": [21, 46], "uv_size": [18, -3]}
							}
						},
						{
							"origin": [-44.49934, 21.40524, -55.17573],
							"size": [5.12, 1.28, 2.56],
							"pivot": [-28.07365, 21.40653, -45.98102],
							"rotation": [164.73677, -31.72597, -89.73737],
							"uv": {
								"north": {"uv": [29, 95], "uv_size": [4, 1]},
								"east": {"uv": [27, 95], "uv_size": [2, 1]},
								"south": {"uv": [35, 95], "uv_size": [4, 1]},
								"west": {"uv": [33, 95], "uv_size": [2, 1]},
								"up": {"uv": [29, 93], "uv_size": [4, 2]},
								"down": {"uv": [33, 95], "uv_size": [4, -2]}
							}
						}
					]
				},
				{
					"name": "left_leg3",
					"parent": "body",
					"pivot": [5, 15, -4],
					"rotation": [-11.94944, -49.32402, -13.93479],
					"cubes": [
						{
							"origin": [13.51458, 16.3349, -4.80097],
							"size": [25.6, 5.12, 5.12],
							"pivot": [7.8, 15, -2.04],
							"rotation": [-5.43327, 47.2626, -37.37872],
							"uv": {
								"north": {"uv": [24, 39], "uv_size": [-20, 4]},
								"east": {"uv": [28, 39], "uv_size": [-4, 4]},
								"south": {"uv": [48, 39], "uv_size": [-20, 4]},
								"west": {"uv": [4, 39], "uv_size": [-4, 4]},
								"up": {"uv": [24, 35], "uv_size": [-20, 4]},
								"down": {"uv": [44, 39], "uv_size": [-20, -4]}
							}
						},
						{
							"origin": [19.78923, 28.70853, -24.52208],
							"size": [5.632, 5.632, 5.632],
							"pivot": [21.45811, 25.7349, -22.78511],
							"rotation": [30.38564, 38.44868, 13.31914],
							"uv": {
								"north": {"uv": [8, 54], "uv_size": [-4, 4]},
								"east": {"uv": [12, 54], "uv_size": [-4, 4]},
								"south": {"uv": [16, 54], "uv_size": [-4, 4]},
								"west": {"uv": [4, 54], "uv_size": [-4, 4]},
								"up": {"uv": [8, 50], "uv_size": [-4, 4]},
								"down": {"uv": [12, 54], "uv_size": [-4, -4]}
							}
						}
					]
				},
				{
					"name": "left_leg32",
					"parent": "left_leg3",
					"pivot": [15, 23.25, -20.25],
					"rotation": [44.79769, -1.82444, 2.0859],
					"cubes": [
						{
							"origin": [12.89988, 20.75999, -30.44254],
							"size": [17.92, 3.84, 5.12],
							"pivot": [24.47365, 25.24653, -30.62102],
							"rotation": [128.76023, 62.72179, 36.50129],
							"uv": {
								"north": {"uv": [114, 94], "uv_size": [-14, 3]},
								"east": {"uv": [118, 94], "uv_size": [-4, 3]},
								"south": {"uv": [132, 94], "uv_size": [-14, 3]},
								"west": {"uv": [100, 94], "uv_size": [-4, 3]},
								"up": {"uv": [114, 90], "uv_size": [-14, 4]},
								"down": {"uv": [128, 94], "uv_size": [-14, -4]}
							}
						},
						{
							"origin": [21.96456, 17.28553, -39.30556],
							"size": [5.3504, 4.0704, 5.4272],
							"pivot": [29.41705, 20.60727, -38.94702],
							"rotation": [155.06567, 32.03605, 70.55508],
							"uv": {
								"north": {"uv": [8, 62], "uv_size": [-4, 3]},
								"east": {"uv": [12, 62], "uv_size": [-4, 3]},
								"south": {"uv": [16, 62], "uv_size": [-4, 3]},
								"west": {"uv": [4, 62], "uv_size": [-4, 3]},
								"up": {"uv": [8, 58], "uv_size": [-4, 4]},
								"down": {"uv": [12, 62], "uv_size": [-4, -4]}
							}
						}
					]
				},
				{
					"name": "left_leg33",
					"parent": "left_leg32",
					"pivot": [20, 20.25, -32.25],
					"rotation": [14.78217, -2.57594, 9.6658],
					"cubes": [
						{
							"origin": [20.41934, 20.76524, -55.17573],
							"size": [23.04, 2.56, 3.84],
							"pivot": [30.87365, 21.40653, -45.98102],
							"rotation": [164.73677, 31.72597, 89.73737],
							"uv": {
								"north": {"uv": [21, 46], "uv_size": [-18, 2]},
								"east": {"uv": [24, 46], "uv_size": [-3, 2]},
								"south": {"uv": [42, 46], "uv_size": [-18, 2]},
								"west": {"uv": [3, 46], "uv_size": [-3, 2]},
								"up": {"uv": [21, 43], "uv_size": [-18, 3]},
								"down": {"uv": [39, 46], "uv_size": [-18, -3]}
							}
						},
						{
							"origin": [42.17934, 21.40524, -55.17573],
							"size": [5.12, 1.28, 2.56],
							"pivot": [30.87365, 21.40653, -45.98102],
							"rotation": [164.73677, 31.72597, 89.73737],
							"uv": {
								"north": {"uv": [33, 95], "uv_size": [-4, 1]},
								"east": {"uv": [35, 95], "uv_size": [-2, 1]},
								"south": {"uv": [39, 95], "uv_size": [-4, 1]},
								"west": {"uv": [29, 95], "uv_size": [-2, 1]},
								"up": {"uv": [33, 93], "uv_size": [-4, 2]},
								"down": {"uv": [37, 95], "uv_size": [-4, -2]}
							}
						}
					]
				},
				{
					"name": "right_leg5",
					"parent": "body",
					"pivot": [-5, 15, 0],
					"rotation": [3.07064, 67.14483, 26.90684],
					"cubes": [
						{
							"origin": [-36.32966, 16.28256, 0.43801],
							"size": [25.6, 5.12, 5.12],
							"pivot": [-5, 15, 3.08],
							"rotation": [-5.43327, -47.2626, 37.37872],
							"uv": {
								"north": {"uv": [4, 39], "uv_size": [20, 4]},
								"east": {"uv": [0, 39], "uv_size": [4, 4]},
								"south": {"uv": [28, 39], "uv_size": [20, 4]},
								"west": {"uv": [24, 39], "uv_size": [4, 4]},
								"up": {"uv": [4, 35], "uv_size": [20, 4]},
								"down": {"uv": [24, 39], "uv_size": [20, -4]}
							}
						},
						{
							"origin": [-22.66507, 28.67619, -19.28309],
							"size": [5.632, 5.632, 5.632],
							"pivot": [-18.65811, 25.7349, -17.66511],
							"rotation": [30.38564, -38.44868, -13.31914],
							"uv": {
								"north": {"uv": [4, 54], "uv_size": [4, 4]},
								"east": {"uv": [0, 54], "uv_size": [4, 4]},
								"south": {"uv": [12, 54], "uv_size": [4, 4]},
								"west": {"uv": [8, 54], "uv_size": [4, 4]},
								"up": {"uv": [4, 50], "uv_size": [4, 4]},
								"down": {"uv": [8, 54], "uv_size": [4, -4]}
							}
						}
					]
				},
				{
					"name": "right_leg8",
					"parent": "right_leg5",
					"pivot": [-15, 23.25, -16.25],
					"rotation": [57.29769, 1.82444, -2.0859],
					"cubes": [
						{
							"origin": [-27.18967, 20.29033, -26.29601],
							"size": [17.92, 3.84, 5.12],
							"pivot": [-21.67365, 25.24653, -25.50102],
							"rotation": [128.76023, -62.72179, -36.50129],
							"uv": {
								"north": {"uv": [100, 94], "uv_size": [14, 3]},
								"east": {"uv": [96, 94], "uv_size": [4, 3]},
								"south": {"uv": [118, 94], "uv_size": [14, 3]},
								"west": {"uv": [114, 94], "uv_size": [4, 3]},
								"up": {"uv": [100, 90], "uv_size": [14, 4]},
								"down": {"uv": [114, 94], "uv_size": [14, -4]}
							}
						},
						{
							"origin": [-24.44892, 16.81587, -35.46327],
							"size": [5.3504, 4.0704, 5.4272],
							"pivot": [-26.61705, 20.60727, -33.82702],
							"rotation": [155.06567, -32.03605, -70.55508],
							"uv": {
								"north": {"uv": [4, 62], "uv_size": [4, 3]},
								"east": {"uv": [0, 62], "uv_size": [4, 3]},
								"south": {"uv": [12, 62], "uv_size": [4, 3]},
								"west": {"uv": [8, 62], "uv_size": [4, 3]},
								"up": {"uv": [4, 58], "uv_size": [4, 4]},
								"down": {"uv": [8, 62], "uv_size": [4, -4]}
							}
						}
					]
				},
				{
					"name": "right_leg9",
					"parent": "right_leg8",
					"pivot": [-20, 20.25, -28.25],
					"rotation": [15, 0, 0],
					"cubes": [
						{
							"origin": [-40.99463, 19.49695, -51.11025],
							"size": [23.04, 2.56, 3.84],
							"pivot": [-28.07365, 21.40653, -40.86102],
							"rotation": [164.73677, -31.72597, -89.73737],
							"uv": {
								"north": {"uv": [3, 46], "uv_size": [18, 2]},
								"east": {"uv": [0, 46], "uv_size": [3, 2]},
								"south": {"uv": [24, 46], "uv_size": [18, 2]},
								"west": {"uv": [21, 46], "uv_size": [3, 2]},
								"up": {"uv": [3, 43], "uv_size": [18, 3]},
								"down": {"uv": [21, 46], "uv_size": [18, -3]}
							}
						},
						{
							"origin": [-44.83463, 20.13695, -51.11025],
							"size": [5.12, 1.28, 2.56],
							"pivot": [-28.07365, 21.40653, -40.86102],
							"rotation": [164.73677, -31.72597, -89.73737],
							"uv": {
								"north": {"uv": [29, 95], "uv_size": [4, 1]},
								"east": {"uv": [27, 95], "uv_size": [2, 1]},
								"south": {"uv": [35, 95], "uv_size": [4, 1]},
								"west": {"uv": [33, 95], "uv_size": [2, 1]},
								"up": {"uv": [29, 93], "uv_size": [4, 2]},
								"down": {"uv": [33, 95], "uv_size": [4, -2]}
							}
						}
					]
				},
				{
					"name": "left_leg5",
					"parent": "body",
					"pivot": [5, 15, 0],
					"rotation": [3.07064, -67.14483, -26.90684],
					"cubes": [
						{
							"origin": [13.52966, 16.28256, 0.43801],
							"size": [25.6, 5.12, 5.12],
							"pivot": [7.8, 15, 3.08],
							"rotation": [-5.43327, 47.2626, -37.37872],
							"uv": {
								"north": {"uv": [24, 39], "uv_size": [-20, 4]},
								"east": {"uv": [28, 39], "uv_size": [-4, 4]},
								"south": {"uv": [48, 39], "uv_size": [-20, 4]},
								"west": {"uv": [4, 39], "uv_size": [-4, 4]},
								"up": {"uv": [24, 35], "uv_size": [-20, 4]},
								"down": {"uv": [44, 39], "uv_size": [-20, -4]}
							}
						},
						{
							"origin": [19.83307, 28.67619, -19.28309],
							"size": [5.632, 5.632, 5.632],
							"pivot": [21.45811, 25.7349, -17.66511],
							"rotation": [30.38564, 38.44868, 13.31914],
							"uv": {
								"north": {"uv": [8, 54], "uv_size": [-4, 4]},
								"east": {"uv": [12, 54], "uv_size": [-4, 4]},
								"south": {"uv": [16, 54], "uv_size": [-4, 4]},
								"west": {"uv": [4, 54], "uv_size": [-4, 4]},
								"up": {"uv": [8, 50], "uv_size": [-4, 4]},
								"down": {"uv": [12, 54], "uv_size": [-4, -4]}
							}
						}
					]
				},
				{
					"name": "left_leg8",
					"parent": "left_leg5",
					"pivot": [15, 23.25, -16.25],
					"rotation": [57.29769, -1.82444, 2.0859],
					"cubes": [
						{
							"origin": [9.26967, 20.29033, -26.29601],
							"size": [17.92, 3.84, 5.12],
							"pivot": [21.67365, 25.24653, -25.50102],
							"rotation": [128.76023, 62.72179, 36.50129],
							"uv": {
								"north": {"uv": [114, 94], "uv_size": [-14, 3]},
								"east": {"uv": [118, 94], "uv_size": [-4, 3]},
								"south": {"uv": [132, 94], "uv_size": [-14, 3]},
								"west": {"uv": [100, 94], "uv_size": [-4, 3]},
								"up": {"uv": [114, 90], "uv_size": [-14, 4]},
								"down": {"uv": [128, 94], "uv_size": [-14, -4]}
							}
						},
						{
							"origin": [19.09852, 16.81587, -35.46327],
							"size": [5.3504, 4.0704, 5.4272],
							"pivot": [26.61705, 20.60727, -33.82702],
							"rotation": [155.06567, 32.03605, 70.55508],
							"uv": {
								"north": {"uv": [8, 62], "uv_size": [-4, 3]},
								"east": {"uv": [12, 62], "uv_size": [-4, 3]},
								"south": {"uv": [16, 62], "uv_size": [-4, 3]},
								"west": {"uv": [4, 62], "uv_size": [-4, 3]},
								"up": {"uv": [8, 58], "uv_size": [-4, 4]},
								"down": {"uv": [12, 62], "uv_size": [-4, -4]}
							}
						}
					]
				},
				{
					"name": "left_leg9",
					"parent": "left_leg8",
					"pivot": [20, 20.25, -28.25],
					"rotation": [15, 0, 0],
					"cubes": [
						{
							"origin": [17.95463, 19.49695, -51.11025],
							"size": [23.04, 2.56, 3.84],
							"pivot": [28.07365, 21.40653, -40.86102],
							"rotation": [164.73677, 31.72597, 89.73737],
							"uv": {
								"north": {"uv": [21, 46], "uv_size": [-18, 2]},
								"east": {"uv": [24, 46], "uv_size": [-3, 2]},
								"south": {"uv": [42, 46], "uv_size": [-18, 2]},
								"west": {"uv": [3, 46], "uv_size": [-3, 2]},
								"up": {"uv": [21, 43], "uv_size": [-18, 3]},
								"down": {"uv": [39, 46], "uv_size": [-18, -3]}
							}
						},
						{
							"origin": [39.71463, 20.13695, -51.11025],
							"size": [5.12, 1.28, 2.56],
							"pivot": [28.07365, 21.40653, -40.86102],
							"rotation": [164.73677, 31.72597, 89.73737],
							"uv": {
								"north": {"uv": [33, 95], "uv_size": [-4, 1]},
								"east": {"uv": [35, 95], "uv_size": [-2, 1]},
								"south": {"uv": [39, 95], "uv_size": [-4, 1]},
								"west": {"uv": [29, 95], "uv_size": [-2, 1]},
								"up": {"uv": [33, 93], "uv_size": [-4, 2]},
								"down": {"uv": [37, 95], "uv_size": [-4, -2]}
							}
						}
					]
				}
			]
		}
	]
}