{"mob.yg_charles.attack":{"category":"hostile","max_distance":80,"sounds":["sounds/mob/charles_attack","sounds/mob/charles_attack2","sounds/mob/charles_attack3"]},"mob.yg_charles.death":{"category":" neutral","sounds":["sounds/mob/charles_death"]},"mob.yg_charles.step":{"max_distance":80,"sounds":["sounds/mob/charles_step"]},"mob.yg_charles.hurt":{"category":" neutral","sounds":["sounds/mob/charles_hurt","sounds/mob/charles_hurt2","sounds/mob/charles_hurt3"]},"mob.yg_charles.chase":{"category":" neutral","sounds":["sounds/mob/Choo-Choo_Charles_OST_-_Chase_Music_-__The_Hunt_(240p)"]}}