{
  "format_version": "1.8.0",
  "animations": {
    "animation.m1911.reload": {
      "loop": false,
      "animation_length": 3.7,
      "timeline": {
        "0.0": "/title @s actionbar Reloading",
        "0.15": "/playsound m1911.out @a[r=12] ~ ~ ~",
        "1.5": "/title @s actionbar >Reloading<",
        "3.0": "/title @s actionbar Reloading",
        "1.85": "/playsound m1911.in @a[r=12] ~ ~ ~",
        "2.6": "/clear @s gun:m1911_emp 0 1",
        "3.4": "/replaceitem entity @s slot.weapon.mainhand 1 gun:m1911"
      }
    }
  }
}