{
  "format_version": "1.8.0",
  "animations": {
    "animation.m3.reload": {
      "loop": false,
      "animation_length": 5.62,
      "timeline": {
        "0.0": "/title @s actionbar Reloading",
        "0.46": "/playsound m3.out @a[r=12] ~ ~ ~",
        "0.5": "/title @s actionbar >Reloading<",
        "1.0": "/title @s actionbar >>Reloading<<",
        "2.0": "/title @s actionbar >>>Reloading<<<",
        "3.0": "/title @s actionbar >>>>Reloading<<<<",
        "3.35": "/playsound m3.in @a[r=12] ~ ~ ~",
        "3.4": "/clear @s gun:m3_emp 0 1",
        "5.4": "/replaceitem entity @s slot.weapon.mainhand 1 gun:m3"
      }
    }
  }
}