{
  "format_version": "1.12.0",
  "minecraft:geometry": [
    {
      "description": {
        "identifier": "geometry.os_chocho",
        "texture_width": 256,
        "texture_height": 256,
        "visible_bounds_width": 11,
        "visible_bounds_height": 3.5,
        "visible_bounds_offset": [
          0,
          1.25,
          0
        ]
      },
      "bones": [
        {
          "name": "root",
          "pivot": [
            0,
            5,
            19
          ]
        },
        {
          "name": "waist",
          "pivot": [
            0,
            5,
            19
          ],
          "parent": "root"
        },
        {
          "name": "body",
          "pivot": [
            0,
            16.75,
            22.75
          ],
          "cubes": [
            {
              "origin": [
                -10.0,
                10.0,
                8.0
              ],
              "size": [
                20.0,
                25.0,
                29.0
              ],
              "uv": [
                0,
                0
              ],
              "inflate": 0
            },
            {
              "origin": [
                -10.0,
                35.0,
                7.0
              ],
              "size": [
                20.0,
                3.0,
                31.0
              ],
              "uv": [
                75,
                23
              ],
              "inflate": 0
            },
            {
              "origin": [
                -11.0,
                9.0,
                7.0
              ],
              "size": [
                22.0,
                2.0,
                31.0
              ],
              "uv": [
                0,
                54
              ],
              "inflate": 0
            },
            {
              "origin": [
                -10.0,
                4.0,
                27.0
              ],
              "size": [
                1.0,
                7.0,
                7.0
              ],
              "pivot": [
                -11.5,
                7.5,
                30.5
              ],
              "rotation": [
                -15.0,
                0.0,
                0.0
              ],
              "uv": [
                43,
                99
              ],
              "inflate": 0
            },
            {
              "origin": [
                9.0,
                4.0,
                27.0
              ],
              "size": [
                1.0,
                7.0,
                7.0
              ],
              "pivot": [
                11.5,
                7.5,
                30.5
              ],
              "rotation": [
                10.0,
                0.0,
                0.0
              ],
              "uv": [
                44,
                99
              ],
              "inflate": 0
            },
            {
              "origin": [
                -10.0,
                4.0,
                11.0
              ],
              "size": [
                1.0,
                7.0,
                7.0
              ],
              "pivot": [
                -11.5,
                7.5,
                14.5
              ],
              "rotation": [
                17.5,
                0.0,
                0.0
              ],
              "uv": [
                43,
                99
              ],
              "inflate": 0
            },
            {
              "origin": [
                9.0,
                4.0,
                11.0
              ],
              "size": [
                1.0,
                7.0,
                7.0
              ],
              "pivot": [
                11.5,
                7.5,
                14.5
              ],
              "rotation": [
                -17.5,
                0.0,
                0.0
              ],
              "uv": [
                44,
                99
              ],
              "inflate": 0
            }
          ],
          "parent": "waist"
        },
        {
          "name": "bone",
          "pivot": [
            -13.15881,
            28.7482,
            21.98424
          ],
          "cubes": [
            {
              "origin": [
                21.36708,
                21.78162,
                7.23585
              ],
              "size": [
                7.0,
                3.0,
                31.0
              ],
              "pivot": [
                15.36708,
                25.28162,
                22.73585
              ],
              "rotation": [
                -0.43829,
                -0.09507,
                -129.7593
              ],
              "uv": [
                75,
                57
              ],
              "inflate": 0
            },
            {
              "origin": [
                -11.15881,
                28.2482,
                7.48424
              ],
              "size": [
                7.0,
                3.0,
                30.0
              ],
              "pivot": [
                -13.15881,
                28.7482,
                21.98424
              ],
              "rotation": [
                0.31279,
                0.24267,
                -49.86357
              ],
              "uv": [
                0,
                87
              ],
              "inflate": 0
            }
          ],
          "parent": "body"
        },
        {
          "name": "body2",
          "pivot": [
            -0.5,
            17.7,
            7.8
          ],
          "cubes": [
            {
              "origin": [
                -9.0,
                10.0,
                -7.0
              ],
              "size": [
                16.0,
                16.0,
                15.0
              ],
              "pivot": [
                -0.5,
                18.0,
                0.5
              ],
              "rotation": [
                0.0,
                0.0,
                -47.5
              ],
              "uv": [
                0,
                120
              ],
              "inflate": 0
            },
            {
              "origin": [
                -9.0,
                10.0,
                -7.0
              ],
              "size": [
                16.0,
                16.0,
                15.0
              ],
              "uv": [
                74,
                91
              ],
              "inflate": 0
            },
            {
              "origin": [
                -2.0,
                26.0,
                -2.0
              ],
              "size": [
                3.0,
                9.0,
                3.0
              ],
              "uv": [
                18,
                87
              ],
              "inflate": 0
            },
            {
              "origin": [
                -10.0,
                6.0,
                -8.0
              ],
              "size": [
                19.0,
                5.0,
                16.0
              ],
              "uv": [
                69,
                0
              ],
              "inflate": 0
            },
            {
              "origin": [
                -2.0,
                7.0,
                -10.0
              ],
              "size": [
                3.0,
                3.0,
                2.0
              ],
              "uv": [
                75,
                78
              ],
              "inflate": 0
            },
            {
              "origin": [
                6.0,
                4.0,
                -3.0
              ],
              "size": [
                1.0,
                7.0,
                7.0
              ],
              "pivot": [
                8.5,
                7.5,
                0.5
              ],
              "rotation": [
                -20.0,
                0.0,
                0.0
              ],
              "uv": [
                44,
                99
              ],
              "inflate": 0
            },
            {
              "origin": [
                -7.0,
                4.0,
                -3.0
              ],
              "size": [
                1.0,
                7.0,
                7.0
              ],
              "pivot": [
                -9.5,
                7.5,
                0.5
              ],
              "rotation": [
                37.5,
                0.0,
                0.0
              ],
              "uv": [
                44,
                99
              ],
              "inflate": 0
            }
          ],
          "parent": "body"
        },
        {
          "name": "head",
          "pivot": [
            -0.5,
            17.75,
            33.25
          ],
          "cubes": [
            {
              "origin": [
                -5.0,
                12.75,
                15.75
              ],
              "size": [
                9.0,
                10.0,
                17.0
              ],
              "uv": [
                120,
                57
              ],
              "inflate": 0
            }
          ],
          "parent": "body2"
        },
        {
          "name": "head2",
          "pivot": [
            -0.5,
            17.75,
            17.25
          ],
          "cubes": [
            {
              "origin": [
                -5.0,
                12.75,
                -0.25
              ],
              "size": [
                9.0,
                10.0,
                17.0
              ],
              "uv": [
                119,
                105
              ],
              "inflate": 0
            }
          ],
          "parent": "head"
        },
        {
          "name": "head3",
          "pivot": [
            -0.5,
            17.75,
            3.25
          ],
          "cubes": [
            {
              "origin": [
                -6.0,
                11.75,
                -9.25
              ],
              "size": [
                11.0,
                11.0,
                12.0
              ],
              "uv": [
                62,
                122
              ],
              "inflate": 0
            },
            {
              "origin": [
                -2.0,
                16.75,
                -9.25
              ],
              "size": [
                3.0,
                4.0,
                1.0
              ],
              "pivot": [
                -0.5,
                17.75,
                -9.25
              ],
              "rotation": [
                -12.5,
                0.0,
                0.0
              ],
              "uv": [
                85,
                78
              ],
              "inflate": 0
            }
          ],
          "parent": "head2"
        },
        {
          "name": "eyeball",
          "pivot": [
            -3.5,
            19.75,
            -8.25
          ],
          "cubes": [
            {
              "origin": [
                -6.5,
                16.75,
                -9.75
              ],
              "size": [
                4.0,
                4.0,
                3.0
              ],
              "uv": [
                14,
                78
              ],
              "inflate": 0
            }
          ],
          "parent": "head3"
        },
        {
          "name": "eyeball2",
          "pivot": [
            2.5,
            19.75,
            -8.25
          ],
          "cubes": [
            {
              "origin": [
                1.5,
                16.75,
                -9.75
              ],
              "size": [
                4.0,
                4.0,
                3.0
              ],
              "uv": [
                14,
                78
              ],
              "inflate": 0
            }
          ],
          "parent": "head3"
        },
        {
          "name": "leftArm",
          "pivot": [
            6.37477,
            13.69047,
            4
          ],
          "cubes": [
            {
              "origin": [
                -2.90631,
                10.57738,
                1.0
              ],
              "size": [
                10.0,
                6.0,
                6.0
              ],
              "pivot": [
                7.0,
                14.0,
                4.0
              ],
              "rotation": [
                0.0,
                0.0,
                25.0
              ],
              "uv": [
                134,
                138
              ],
              "inflate": 0
            }
          ],
          "parent": "body2",
          "rotation": [
            0,
            180,
            0
          ]
        },
        {
          "name": "leftArm2",
          "pivot": [
            -2.68831,
            17.91666,
            4
          ],
          "cubes": [
            {
              "origin": [
                -12.90631,
                11.57738,
                2.0
              ],
              "size": [
                11.0,
                4.0,
                4.0
              ],
              "pivot": [
                7.0,
                14.0,
                4.0
              ],
              "rotation": [
                0.0,
                0.0,
                25.0
              ],
              "uv": [
                136,
                140
              ],
              "inflate": 0
            }
          ],
          "parent": "leftArm",
          "rotation": [
            0,
            0,
            -67.5
          ]
        },
        {
          "name": "leftArm3",
          "pivot": [
            -10.68831,
            20.91666,
            4
          ],
          "cubes": [
            {
              "origin": [
                -20.90631,
                15.57738,
                3.0
              ],
              "size": [
                11.0,
                3.0,
                2.0
              ],
              "pivot": [
                -1.0,
                17.0,
                4.0
              ],
              "rotation": [
                0.0,
                0.0,
                25.0
              ],
              "uv": [
                0,
                20
              ],
              "inflate": 0
            },
            {
              "origin": [
                -22.90631,
                16.57738,
                3.0
              ],
              "size": [
                2.0,
                1.0,
                2.0
              ],
              "pivot": [
                -1.0,
                17.0,
                4.0
              ],
              "rotation": [
                0.0,
                0.0,
                25.0
              ],
              "uv": [
                86,
                58
              ],
              "inflate": 0
            }
          ],
          "parent": "leftArm2",
          "rotation": [
            0,
            0,
            -47.5
          ]
        },
        {
          "name": "righArm",
          "pivot": [
            -7.62523,
            13.69047,
            4
          ],
          "cubes": [
            {
              "origin": [
                -16.90631,
                10.57738,
                1.0
              ],
              "size": [
                10.0,
                6.0,
                6.0
              ],
              "pivot": [
                -7.0,
                14.0,
                4.0
              ],
              "rotation": [
                0.0,
                0.0,
                25.0
              ],
              "uv": [
                134,
                138
              ],
              "inflate": 0
            }
          ],
          "parent": "body2"
        },
        {
          "name": "righArm2",
          "pivot": [
            -16.68831,
            17.91666,
            4
          ],
          "cubes": [
            {
              "origin": [
                -26.90631,
                11.57738,
                2.0
              ],
              "size": [
                11.0,
                4.0,
                4.0
              ],
              "pivot": [
                -7.0,
                14.0,
                4.0
              ],
              "rotation": [
                0.0,
                0.0,
                25.0
              ],
              "uv": [
                75,
                57
              ],
              "inflate": 0
            }
          ],
          "parent": "righArm",
          "rotation": [
            0,
            0,
            -67.5
          ]
        },
        {
          "name": "righArm3",
          "pivot": [
            -24.68831,
            20.91666,
            4
          ],
          "cubes": [
            {
              "origin": [
                -34.90631,
                15.57738,
                3.0
              ],
              "size": [
                11.0,
                3.0,
                2.0
              ],
              "pivot": [
                -15.0,
                17.0,
                4.0
              ],
              "rotation": [
                0.0,
                0.0,
                25.0
              ],
              "uv": [
                0,
                20
              ],
              "inflate": 0
            },
            {
              "origin": [
                -36.90631,
                16.57738,
                3.0
              ],
              "size": [
                2.0,
                1.0,
                2.0
              ],
              "pivot": [
                -15.0,
                17.0,
                4.0
              ],
              "rotation": [
                0.0,
                0.0,
                25.0
              ],
              "uv": [
                9,
                90
              ],
              "inflate": 0
            }
          ],
          "parent": "righArm2",
          "rotation": [
            0,
            0,
            -47.5
          ]
        },
        {
          "name": "righLeg",
          "pivot": [
            -9.62523,
            13.69047,
            30
          ],
          "cubes": [
            {
              "origin": [
                -18.90631,
                10.57738,
                27.0
              ],
              "size": [
                10.0,
                6.0,
                6.0
              ],
              "pivot": [
                -9.0,
                14.0,
                30.0
              ],
              "rotation": [
                0.0,
                0.0,
                25.0
              ],
              "uv": [
                134,
                138
              ],
              "inflate": 0
            }
          ],
          "parent": "root"
        },
        {
          "name": "righLeg2",
          "pivot": [
            -18.68831,
            17.91666,
            30
          ],
          "cubes": [
            {
              "origin": [
                -28.90631,
                11.57738,
                28.0
              ],
              "size": [
                11.0,
                4.0,
                4.0
              ],
              "pivot": [
                -9.0,
                14.0,
                30.0
              ],
              "rotation": [
                0.0,
                0.0,
                25.0
              ],
              "uv": [
                75,
                57
              ],
              "inflate": 0
            }
          ],
          "parent": "righLeg",
          "rotation": [
            0,
            0,
            -67.5
          ]
        },
        {
          "name": "righLeg3",
          "pivot": [
            -26.68831,
            20.91666,
            30
          ],
          "cubes": [
            {
              "origin": [
                -36.90631,
                15.57738,
                29.0
              ],
              "size": [
                11.0,
                3.0,
                2.0
              ],
              "pivot": [
                -17.0,
                17.0,
                30.0
              ],
              "rotation": [
                0.0,
                0.0,
                25.0
              ],
              "uv": [
                0,
                20
              ],
              "inflate": 0
            },
            {
              "origin": [
                -38.90631,
                16.57738,
                29.0
              ],
              "size": [
                2.0,
                1.0,
                2.0
              ],
              "pivot": [
                -17.0,
                17.0,
                30.0
              ],
              "rotation": [
                0.0,
                0.0,
                25.0
              ],
              "uv": [
                87,
                59
              ],
              "inflate": 0
            }
          ],
          "parent": "righLeg2",
          "rotation": [
            0,
            0,
            -47.5
          ]
        },
        {
          "name": "righLeg4",
          "pivot": [
            -9.62523,
            13.69047,
            17
          ],
          "cubes": [
            {
              "origin": [
                -18.90631,
                10.57738,
                14.0
              ],
              "size": [
                10.0,
                6.0,
                6.0
              ],
              "pivot": [
                -9.0,
                14.0,
                17.0
              ],
              "rotation": [
                0.0,
                0.0,
                25.0
              ],
              "uv": [
                134,
                138
              ],
              "inflate": 0
            }
          ],
          "parent": "root"
        },
        {
          "name": "righLeg5",
          "pivot": [
            -18.68831,
            17.91666,
            17
          ],
          "cubes": [
            {
              "origin": [
                -28.90631,
                11.57738,
                15.0
              ],
              "size": [
                11.0,
                4.0,
                4.0
              ],
              "pivot": [
                -9.0,
                14.0,
                17.0
              ],
              "rotation": [
                0.0,
                0.0,
                25.0
              ],
              "uv": [
                75,
                57
              ],
              "inflate": 0
            }
          ],
          "parent": "righLeg4",
          "rotation": [
            0,
            0,
            -67.5
          ]
        },
        {
          "name": "righLeg6",
          "pivot": [
            -26.68831,
            20.91666,
            17
          ],
          "cubes": [
            {
              "origin": [
                -36.90631,
                15.57738,
                16.0
              ],
              "size": [
                11.0,
                3.0,
                2.0
              ],
              "pivot": [
                -17.0,
                17.0,
                17.0
              ],
              "rotation": [
                0.0,
                0.0,
                25.0
              ],
              "uv": [
                0,
                20
              ],
              "inflate": 0
            },
            {
              "origin": [
                -38.90631,
                16.57738,
                16.0
              ],
              "size": [
                2.0,
                1.0,
                2.0
              ],
              "pivot": [
                -17.0,
                17.0,
                17.0
              ],
              "rotation": [
                0.0,
                0.0,
                25.0
              ],
              "uv": [
                88,
                57
              ],
              "inflate": 0
            }
          ],
          "parent": "righLeg5",
          "rotation": [
            0,
            0,
            -47.5
          ]
        },
        {
          "name": "leftLeg",
          "pivot": [
            9.37477,
            13.69047,
            17
          ],
          "cubes": [
            {
              "origin": [
                0.09369,
                10.57738,
                14.0
              ],
              "size": [
                10.0,
                6.0,
                6.0
              ],
              "pivot": [
                10.0,
                14.0,
                17.0
              ],
              "rotation": [
                0.0,
                0.0,
                25.0
              ],
              "uv": [
                224,
                0
              ],
              "inflate": 0
            }
          ],
          "parent": "root",
          "rotation": [
            0,
            180,
            0
          ]
        },
        {
          "name": "leftLeg2",
          "pivot": [
            0.31169,
            17.91666,
            17
          ],
          "cubes": [
            {
              "origin": [
                -9.90631,
                11.57738,
                15.0
              ],
              "size": [
                11.0,
                4.0,
                4.0
              ],
              "pivot": [
                10.0,
                14.0,
                17.0
              ],
              "rotation": [
                0.0,
                0.0,
                25.0
              ],
              "uv": [
                226,
                2
              ],
              "inflate": 0
            }
          ],
          "parent": "leftLeg",
          "rotation": [
            0,
            0,
            -67.5
          ]
        },
        {
          "name": "leftLeg3",
          "pivot": [
            -7.68831,
            20.91666,
            17
          ],
          "cubes": [
            {
              "origin": [
                -17.90631,
                15.57738,
                16.0
              ],
              "size": [
                11.0,
                3.0,
                2.0
              ],
              "pivot": [
                2.0,
                17.0,
                17.0
              ],
              "rotation": [
                0.0,
                0.0,
                25.0
              ],
              "uv": [
                230,
                6
              ],
              "inflate": 0
            },
            {
              "origin": [
                -19.90631,
                16.57738,
                16.0
              ],
              "size": [
                2.0,
                1.0,
                2.0
              ],
              "pivot": [
                2.0,
                17.0,
                17.0
              ],
              "rotation": [
                0.0,
                0.0,
                25.0
              ],
              "uv": [
                238,
                0
              ],
              "inflate": 0
            }
          ],
          "parent": "leftLeg2",
          "rotation": [
            0,
            0,
            -47.5
          ]
        },
        {
          "name": "leftLeg4",
          "pivot": [
            9.37477,
            13.69047,
            30
          ],
          "cubes": [
            {
              "origin": [
                0.09369,
                10.57738,
                27.0
              ],
              "size": [
                10.0,
                6.0,
                6.0
              ],
              "pivot": [
                10.0,
                14.0,
                30.0
              ],
              "rotation": [
                0.0,
                0.0,
                25.0
              ],
              "uv": [
                224,
                0
              ],
              "inflate": 0
            }
          ],
          "parent": "root",
          "rotation": [
            0,
            180,
            0
          ]
        },
        {
          "name": "leftLeg5",
          "pivot": [
            0.31169,
            17.91666,
            30
          ],
          "cubes": [
            {
              "origin": [
                -9.90631,
                11.57738,
                28.0
              ],
              "size": [
                11.0,
                4.0,
                4.0
              ],
              "pivot": [
                10.0,
                14.0,
                30.0
              ],
              "rotation": [
                0.0,
                0.0,
                25.0
              ],
              "uv": [
                226,
                3
              ],
              "inflate": 0
            }
          ],
          "parent": "leftLeg4",
          "rotation": [
            0,
            0,
            -67.5
          ]
        },
        {
          "name": "leftLeg6",
          "pivot": [
            -7.68831,
            20.91666,
            30
          ],
          "cubes": [
            {
              "origin": [
                -17.90631,
                15.57738,
                29.0
              ],
              "size": [
                11.0,
                3.0,
                2.0
              ],
              "pivot": [
                2.0,
                17.0,
                30.0
              ],
              "rotation": [
                0.0,
                0.0,
                25.0
              ],
              "uv": [
                230,
                5
              ],
              "inflate": 0
            },
            {
              "origin": [
                -19.90631,
                16.57738,
                29.0
              ],
              "size": [
                2.0,
                1.0,
                2.0
              ],
              "pivot": [
                2.0,
                17.0,
                30.0
              ],
              "rotation": [
                0.0,
                0.0,
                25.0
              ],
              "uv": [
                235,
                8
              ],
              "inflate": 0
            }
          ],
          "parent": "leftLeg5",
          "rotation": [
            0,
            0,
            -47.5
          ]
        }
      ]
    }
  ]
}