{
  "format_version": "1.8.0",
  "render_controllers": {
    "controller.render.derailer": {
      "textures": [
        "Texture.derailer"
      ],
      "geometry": "Geometry.derailer",
      "materials": [
        {
          "*": "Material.glow"
        }
      ]
    },
    "controller.render.derailer_overheat": {
      "textures": [
        "Texture.derailer_overheat"
      ],
      "geometry": "Geometry.derailer",
      "materials": [
        {
          "*": "Material.glow"
        }
      ]
    },
    "controller.render.bob": {
      "textures": [
        "Texture.bob"
      ],
      "geometry": "Geometry.bob",
      "materials": [
        {
          "*": "Material.glow"
        }
      ]
    },
    "controller.render.bob_overheat": {
      "textures": [
        "Texture.bob_overheat"
      ],
      "geometry": "Geometry.bob",
      "materials": [
        {
          "*": "Material.glow"
        }
      ]
    },
    "controller.render.bug_spray": {
      "textures": [
        "Texture.bug_spray"
      ],
      "geometry": "Geometry.bug_spray",
      "materials": [
        {
          "*": "Material.glow"
        }
      ]
    },
    "controller.render.bug_spray_overheat": {
      "textures": [
        "Texture.bug_spray_overheat"
      ],
      "geometry": "Geometry.bug_spray",
      "materials": [
        {
          "*": "Material.glow"
        }
      ]
    },
    "controller.render.boomer": {
      "textures": [
        "Texture.boomer"
      ],
      "geometry": "Geometry.boomer",
      "materials": [
        {
          "*": "Material.glow"
        }
      ]
    }
  }
}