{
   "format_version": "1.16.0",
   "minecraft:entity": {
      "description": {
         "identifier": "doors:xmas_figure",
         "runtime_identifier": "minecraft:warden",
         "is_spawnable": false,
         "is_summonable": true,
         "is_experimental": false,
         "scripts": {
            "animate": [
               "tp",
               "roar",
               "jumpscare_figure2",
               "figure_near",
               "duck"
            ]
         },
         "animations": {
            "tp": "controller.animation.figure_tp",
            "roar": "controller.animation.figure_roar",
            "jumpscare_figure2": "controller.animation.jumpscare_figure2",
            "figure_step": "animation.figure_step",
            "figure_near": "controller.animation.figure_near",
            "duck": "controller.animation.figure_duck"
         }
      },
      "component_groups": {
         "emerging": {
            "minecraft:behavior.emerge": {
               "duration": 7,
               "on_done": {
                  "event": "minecraft:emerged",
                  "target": "self"
               }
            }
         },
         "pushable": {
            "minecraft:pushable": {
               "is_pushable": true,
               "is_pushable_by_piston": true
            }
         },
         "minecraft:is_dead": {
            "minecraft:transformation": {
               "into": "doors:figure_d"
            }
         },
         "duck": {
            "minecraft:variant": {
               "value": 2
            },
            "minecraft:movement": {
               "value": 0.23
            },
            "minecraft:rideable": {
               "seat_count": 1,
               "seats": [
                  {
                     "position": [
                        0,
                        0.4,
                        1
                     ],
                     "rotate_rider_by": 180
                  }
               ]
            }
         },
         "no_duck": {
            "minecraft:variant": {
               "value": 0
            },
            "minecraft:rideable": {
               "rider_can_interact": false,
               "seat_count": 1,
               "seats": [
                  {
                     "lock_rider_rotation": 5,
                     "position": [
                        0,
                        2,
                        0.8
                     ],
                     "rotate_rider_by": 180
                  }
               ]
            },
            "minecraft:movement": {
               "value": 0.23
            }
         }
      },
      "components": {
         "minecraft:movement_sound_distance_offset": {
            "value": 0.55
         },
         "minecraft:experience_reward": {
            "on_bred": "Math.Random(1,7)",
            "on_death": "query.last_hit_by_player ? 5 : 0"
         },
         "minecraft:attack": {
            "damage": 0
         },
         "minecraft:vibration_listener": {},
         "minecraft:vibration_damper": {},
         "minecraft:suspect_tracking": {},
         "minecraft:anger_level": {
            "max_anger": 150,
            "angry_threshold": 80,
            "remove_targets_below_angry_threshold": true,
            "angry_boost": 20,
            "anger_decrement_interval": 1,
            "default_annoyingness": 35,
            "default_projectile_annoyingness": 10,
            "on_increase_sounds": [
               {
                  "sound": "listening_angry",
                  "condition": "query.anger_level(this) >= 40"
               },
               {
                  "sound": "listening",
                  "condition": "query.anger_level(this) >= 0"
               }
            ],
            "nuisance_filter": {
               "all_of": [
                  {
                     "test": "is_family",
                     "subject": "other",
                     "operator": "not",
                     "value": "inanimate"
                  },
                  {
                     "test": "is_family",
                     "subject": "other",
                     "operator": "not",
                     "value": "doors_creature"
                  },
                  {
                     "test": "is_family",
                     "subject": "other",
                     "operator": "not",
                     "value": "player"
                  },
                  {
                     "test": "is_family",
                     "subject": "other",
                     "operator": "not",
                     "value": "villager"
                  },
                  {
                     "test": "is_family",
                     "subject": "other",
                     "operator": "not",
                     "value": "animal"
                  }
               ]
            }
         },
         "minecraft:is_hidden_when_invisible": {},
         "minecraft:type_family": {
            "family": [
               "doors_creature",
               "figure"
            ]
         },
         "minecraft:breathable": {
            "total_supply": 15,
            "suffocate_time": 0
         },
         "minecraft:navigation.walk": {
            "can_path_over_water": true,
            "can_path_over_lava": true,
            "avoid_damage_blocks": true
         },
         "minecraft:ambient_sound_interval": {
            "value": 2,
            "range": 4,
            "event_name": "ambient",
            "event_names": [
               {
                  "event_name": "angry",
                  "condition": "query.anger_level(this) >= 80"
               },
               {
                  "event_name": "agitated",
                  "condition": "query.anger_level(this) >= 40"
               }
            ]
         },
         "minecraft:heartbeat": {
            "interval": "2.0 - math.clamp(query.anger_level / 80 * 1.5, 0, 1.5)"
         },
         "minecraft:movement.basic": {},
         "minecraft:jump.static": {},
         "minecraft:can_climb": {},
         "minecraft:collision_box": {
            "width": 0.9,
            "height": 2.9
         },
         "minecraft:health": {
            "value": 515,
            "max": 515
         },
         "minecraft:movement": {
            "value": 0.23
         },
         "minecraft:knockback_resistance": {
            "value": 60
         },
         "minecraft:behavior.float": {
            "priority": 0
         },
         "minecraft:behavior.roar": {
            "priority": 2,
            "duration": 4.2
         },
         "minecraft:behavior.melee_attack": {
            "priority": 4,
            "speed_multiplier": 1.2,
            "melee_fov": 360
         },
         "minecraft:behavior.investigate_suspicious_location": {
            "priority": 5,
            "speed_multiplier": 0.7
         },
         "minecraft:behavior.sniff": {
            "priority": 6,
            "duration": 4.16,
            "sniffing_radius": 24,
            "suspicion_radius_horizontal": 6,
            "suspicion_radius_vertical": 20,
            "cooldown_range": [
               5,
               10
            ]
         },
         "minecraft:behavior.random_stroll": {
            "priority": 9,
            "speed_multiplier": 0.5
         },
         "minecraft:behavior.random_look_around": {
            "priority": 11
         },
         "minecraft:physics": {},
         "minecraft:follow_range": 30,
         "minecraft:fire_immune": {},
         "minecraft:nameable": {},
         "minecraft:loot": {
            "table": "loot_tables/entities/noloot.json"
         },
         "minecraft:on_death": {
            "event": "on:death",
            "target": "self"
         },
         "minecraft:scale": {
            "value": 1
         },
         "minecraft:rideable": {
            "rider_can_interact": false,
            "seat_count": 1,
            "seats": [
               {
                  "lock_rider_rotation": 5,
                  "position": [
                     0,
                     2,
                     0.8
                  ],
                  "rotate_rider_by": 180
               }
            ]
         }
      },
      "events": {
         "minecraft:spawn_emerging": {
            "add": {
               "component_groups": [
                  "emerging"
               ]
            }
         },
         "minecraft:emerged": {
            "add": {
               "component_groups": [
                  "pushable"
               ]
            },
            "remove": {
               "component_groups": [
                  "emerging"
               ]
            }
         },
         "minecraft:entity_spawned": {
            "add": {
               "component_groups": [
                  "pushable",
                  "no_duck"
               ]
            }
         },
         "on_digging_event": {
            "remove": {
               "component_groups": [
                  "pushable"
               ]
            }
         },
         "on:death": {
            "add": {
               "component_groups": [
                  "minecraft:is_dead"
               ]
            }
         },
         "minecraft:duck": {
            "add": {
               "component_groups": [
                  "duck"
               ]
            },
            "remove": {
               "component_groups": [
                  "no_duck"
               ]
            }
         },
         "minecraft:no_duck": {
            "remove": {
               "component_groups": [
                  "duck"
               ]
            },
            "add": {
               "component_groups": [
                  "no_duck"
               ]
            }
         },
         "minecraft:entity_transformed": {
            "add": {
               "component_groups": [
                  "no_duck"
               ]
            }
         }
      }
   }
}