{
  "id": "1667159159882",
  "name": "magia e ferro",
  "pools": [
    {
      "rolls": 3,
      "entries": [
        {
          "type": "item",
          "weight": 1,
          "name": "mn:frag_magia",
          "functions": [
            {
              "function": "set_count",
              "count": {
                "min": 1,
                "max": 1
              }
            },
            {
              "function": "set_data",
              "data": 0
            }
          ]
        },
        {
          "type": "item",
          "weight": 1,
          "name": "minecraft:iron_ingot",
          "functions": [
            {
              "function": "set_count",
              "count": {
                "min": 1,
                "max": 1
              }
            },
            {
              "function": "set_data",
              "data": "0"
            }
          ]
        }
      ]
    }
  ]
}