{
	"format_version": "1.10.0",
	"particle_effect": {
		"description": {
			"identifier": "smw:smoke_big",
			"basic_render_parameters": {
				"material": "particles_blend",
				"texture": "textures/particles/smoke"
			}
		},
		"components": {
			"minecraft:emitter_rate_steady": {
				"spawn_rate": 15,
				"max_particles": 100
			},
			"minecraft:emitter_lifetime_once": {
				"active_time": 1
			},
			"minecraft:emitter_shape_point": {
				"direction": ["(variable.particle_random_1-0.5)", 1, "(variable.particle_random_1-0.5)"]
			},
			"minecraft:particle_lifetime_expression": {
				"max_lifetime": 3
			},
			"minecraft:particle_initial_spin": {
				"rotation": "(variable.particle_random_1*99) * (variable.particle_random_1+10)",
				"rotation_rate": 0.1
			},
			"minecraft:particle_initial_speed": 0.1,
			"minecraft:particle_motion_dynamic": {
				"linear_acceleration": ["(variable.particle_random_1*6)", 20, "(variable.particle_random_1*6)"],
				"linear_drag_coefficient": 6,
				"rotation_acceleration": 6,
				"rotation_drag_coefficient": 1
			},
			"minecraft:particle_appearance_billboard": {
				"size": [0.8, 0.8],
				"facing_camera_mode": "rotate_xyz",
				"uv": {
					"texture_width": 32,
					"texture_height": 128,
					"flipbook": {
						"base_UV": [0, 0],
						"size_UV": [32, 32],
						"step_UV": [0, 32],
						"frames_per_second": 9,
						"max_frame": 9,
						"stretch_to_lifetime": true
					}
				}
			},
			"minecraft:particle_appearance_lighting": {},
			"minecraft:particle_appearance_tinting": {
				"color": [0.71373, 0.79216, 0.79216, 0.61176]
			}
		}
	}
}
