{
  "format_version": "1.8.0",
  "minecraft:client_entity": {
    "description": {
      "identifier": "ff:motor_bike",
      "materials": {
        "default": "pig"
      },
      "textures": {
        "default": "textures/entity/motor"
      },
      "geometry": {
        "default": "geometry.motor"
      },
      "animations": {
        "walk": "animation.motor"
      },
      "animation_controllers": [
        {
          "move": "controller.animation.motor.move"
        }
      ],
      "render_controllers": [
        "controller.render.freefire"
      ],
      "spawn_egg": {
        "texture": "motor",
        "texture_index": 0
      }
    }
  }
}
}