{
  "format_version": "1.8.0",
  "minecraft:client_entity": {
    "description": {
      "identifier": "ff:plane",
      "materials": {
        "default": "ghast"
      },
      "textures": {
        "default": "textures/entity/plane"
      },
      "geometry": {
        "default": "geometry.plane"
      },
      "animations": {
        "fly": "animation.ff_plane.fly",
        "land": "animation.ff_plane.land"
      },
      "animation_controllers": [
        {
          "move": "controller.animation.ff_plane.move"
        }
      ],
      "render_controllers": [
        "controller.render.freefire"
      ],
      "spawn_egg": {
        "texture": "plane",
        "texture_index": 0
      }
    }
  }
}}
}}
}}
}    }
  }
}: "textures/entity/jumbo_jet/azul",
        "cebu": "textures/entity/jumbo_jet/cebu",
        "france": "textures/entity/jumbo_jet/france",
        "garuda": "textures/entity/jumbo_jet/garuda",
        "korean": "textures/entity/jumbo_jet/korean",
        "latam": "textures/entity/jumbo_jet/latam",
        "malaysia": "textures/entity/jumbo_jet/malaysia",
        "philippines": "textures/entity/jumbo_jet/philippines"
      },
      "geometry": {
        "default": "geometry.jumbo_jet"
      },
      "animations": {
        "fly": "animation.jumbo_jet.fly",
        "land": "animation.jumbo_jet.land"
      },
      "animation_controllers": [
        { "move": "controller.animation.jumbo_jet.move" }
      ],
      "render_controllers": [ "controller.render.jumbo_jet" ],
      "spawn_egg": {
        "texture": "jumbo_jet",
        "texture_index": 0
      }
    }
  }
}