{
    "format_version": "1.10.0",
    "animation_controllers": {
        "controller.animation.096.general": {
            "initial_state": "default",
            "states": {
                "default": {
                    "variables": {
                        "move_speed": {
                            "input": "query.modified_move_speed",
                            "remap_curve": {
                                "0.0": 0.0,
                                "0.25": 1.0
                            }
                        },
                        "is_idling": {
                            "input": "query.modified_move_speed",
                            "remap_curve": {
                                "0.0": 1.0,
                                "0.1": 0.0
                            }
                        }
                    },
                    "animations": [{
                            "moving": "variable.move_speed"
                        }, {
                            "096_general": "variable.is_idling"
                        }
                    ],
                    "transitions": [{
                            "running": "query.ground_speed >= 5.5 && query.is_on_ground"
                        },
						{
                            "raging": "query.is_sneaking && query.ground_speed >= 0.0 && !query.head_x_rotation(-85) <= 0 && query.head_x_rotation(0) >= -70"
                        },
						{
                            "climbing": "query.is_sneaking && !query.ground_speed >= 0.1 && query.head_x_rotation(-85) <= 0 && !query.head_x_rotation(-85) >= -70"
                        },
						{
                            "killing": "query.has_rider && query.mark_variant == 0"
                        },
						{
                            "killing2": "query.get_equipped_item_name == 'killing1' && query.is_using_item"
                        },
						{
                            "sitting": "query.is_laying_down && variable.random == 0"
                        },
						{
                            "sitting2": "query.is_laying_down && variable.random == 1"
                        },
						{
                            "lying": "query.is_transforming"
                        },
						{
                            "swimming": "query.is_swimming && query.is_in_water && query.ground_speed >= 3.5"
                        },
						{
                            "jumping": "query.get_equipped_item_name == 'jump' && query.is_using_item"
                        },
						{
                            "attack1": "variable.attack_time > 0 && variable.random_attack == 0"
                        },
						{
                            "attack2": "variable.attack_time > 0 && variable.random_attack == 1"
                        },
						{
                            "attack3": "variable.attack_time > 0 && variable.random_attack == 2"
                        },
						{
                            "landing": "query.get_equipped_item_name == 'landing' && query.is_using_item"
                        }
                    ],
					"blend_transition": 0.2
                },
                "running": {
                    "animations": [
                        "running"
                    ],
                    "transitions": [{
                            "moving": "query.ground_speed <= 5.5"
                        },
						{
                            "raging": "query.is_sneaking && query.ground_speed >= 0.0 && !query.head_x_rotation(-85) <= 0 && query.head_x_rotation(0) >= -70"
                        },
						{
                            "killing": "query.has_rider && query.mark_variant == 0"
                        },
						{
                            "killing2": "query.get_equipped_item_name == 'killing1' && query.is_using_item"
                        },
						{
                            "sitting": "query.is_laying_down && variable.random == 0"
                        },
						{
                            "sitting2": "query.is_laying_down && variable.random == 1"
                        },
						{
                            "lying": "query.is_transforming"
                        },
						{
                            "swimming": "query.is_in_water && query.ground_speed >= 3.5"
                        },
						{
                            "jumping": "query.get_equipped_item_name == 'jump' && query.is_using_item"
                        },
						{
                            "attack1": "variable.attack_time > 0 && variable.random_attack == 0"
                        },
						{
                            "attack2": "variable.attack_time > 0 && variable.random_attack == 1"
                        },
						{
                            "attack3": "variable.attack_time > 0 && variable.random_attack == 2"
                        },
						{
                            "landing": "query.get_equipped_item_name == 'landing' && query.is_using_item"
                        }
                    ],
                    "blend_transition": 0.1
                },
				"raging": {
                    "animations": [
                        "raging"
                    ],
                    "transitions": [{
                            "moving": "!query.ground_speed >= 0.0 && query.ground_speed >= 0.1"
                        }
                    ],
                    "blend_transition": 0.2
                },
				"climbing": {
                    "animations": [
                        "climbing"
                    ],
                    "transitions": [{
                            "moving": "!query.is_sneaking && query.ground_speed >= 0.1"
                        },
						{
                            "running": "query.ground_speed >= 3.5 && query.is_on_ground"
                        },
						{
                            "raging": "query.is_sneaking && query.ground_speed >= 0.0 && !query.head_x_rotation(-85) <= 0 && query.head_x_rotation(0) >= -70"
                        },
						{
                            "killing": "query.has_rider && query.mark_variant == 0"
                        },
						{
                            "killing2": "query.get_equipped_item_name == 'killing1' && query.is_using_item"
                        },
						{
                            "sitting": "query.is_laying_down && variable.random == 0"
                        },
						{
                            "sitting2": "query.is_laying_down && variable.random == 1"
                        },
						{
                            "lying": "query.is_transforming"
                        },
						{
                            "swimming": "query.is_swimming && query.is_in_water && query.ground_speed >= 3.5"
                        },
						{
                            "jumping": "query.get_equipped_item_name == 'jump' && query.is_using_item"
                        },
						{
                            "attack1": "variable.attack_time > 0 && variable.random_attack == 0"
                        },
						{
                            "attack2": "variable.attack_time > 0 && variable.random_attack == 1"
                        },
						{
                            "attack3": "variable.attack_time > 0 && variable.random_attack == 2"
                        }
                    ],
                    "blend_transition": 0.2
                },
				"killing": {
                    "animations": [
                        "killing"
                    ],
                    "transitions": [{
                            "default": "query.all_animations_finished"
                        },
						{
                            "attack1": "variable.attack_time > 0 && variable.random_attack == 0"
                        },
						{
                            "attack2": "variable.attack_time > 0 && variable.random_attack == 1"
                        },
						{
                            "attack3": "variable.attack_time > 0 && variable.random_attack == 2"
                        }
                    ],
                    "blend_transition": 0.2
                },
				"killing2": {
                    "animations": [
                        "killing2"
                    ],
                    "transitions": [{
                            "moving": "!query.is_using_item"
                        },
						{
                            "attack1": "variable.attack_time > 0 && variable.random_attack == 0"
                        },
						{
                            "attack2": "variable.attack_time > 0 && variable.random_attack == 1"
                        },
						{
                            "attack3": "variable.attack_time > 0 && variable.random_attack == 2"
                        }
                    ],
                    "blend_transition": 0.2
                },
				"sitting": {
                    "animations": [
                        "sitting"
                    ],
                    "transitions": [{
                            "default": "!query.is_laying_down"
                        },
						{
                            "raging": "query.is_sneaking && query.ground_speed >= 0.0 && !query.head_x_rotation(-85) <= 0 && query.head_x_rotation(0) >= -70"
                        },
						{
                            "killing": "query.has_rider && query.mark_variant == 0"
                        },
						{
                            "killing2": "query.get_equipped_item_name == 'killing1' && query.is_using_item"
                        },
						{
                            "lying": "query.is_transforming"
                        },
						{
                            "swimming": "query.is_swimming && query.is_in_water && query.ground_speed >= 3.5"
                        },
						{
                            "jumping": "query.get_equipped_item_name == 'jump' && query.is_using_item"
                        },
						{
                            "attack1": "variable.attack_time > 0 && variable.random_attack == 0"
                        },
						{
                            "attack2": "variable.attack_time > 0 && variable.random_attack == 1"
                        },
						{
                            "attack3": "variable.attack_time > 0 && variable.random_attack == 2"
                        }
                    ],
                    "blend_transition": 0.5
                },
				"sitting2": {
                    "animations": [
                        "sitting2"
                    ],
                    "transitions": [{
                            "default": "!query.is_laying_down"
                        },
						{
                            "raging": "query.is_sneaking && query.ground_speed >= 0.0 && !query.head_x_rotation(-85) <= 0 && query.head_x_rotation(0) >= -70"
                        },
						{
                            "killing": "query.has_rider && query.mark_variant == 0"
                        },
						{
                            "killing2": "query.get_equipped_item_name == 'killing1' && query.is_using_item"
                        },
						{
                            "lying": "query.is_transforming"
                        },
						{
                            "swimming": "query.is_swimming && query.is_in_water && query.ground_speed >= 3.5"
                        },
						{
                            "jumping": "query.get_equipped_item_name == 'jump' && query.is_using_item"
                        },
						{
                            "attack1": "variable.attack_time > 0 && variable.random_attack == 0"
                        },
						{
                            "attack2": "variable.attack_time > 0 && variable.random_attack == 1"
                        },
						{
                            "attack3": "variable.attack_time > 0 && variable.random_attack == 2"
                        }
                    ],
                    "blend_transition": 0.5
                },
				"lying": {
                    "animations": [
                        "lying"
                    ],
                    "transitions": [{
                            "default": "!query.is_transforming"
                        }
                    ],
                    "blend_transition": 5
                },
				"swimming": {
                    "animations": [
                        "swimming"
                    ],
                    "transitions": [{
                            "default": "!query.is_swimming && !query.is_in_water && query.ground_speed <= 3.5"
                        },
						{
                            "raging": "query.is_sneaking && query.ground_speed >= 0.0 && !query.head_x_rotation(-85) <= 0 && query.head_x_rotation(0) >= -70"
                        },
						{
                            "killing": "query.has_rider && query.mark_variant == 0"
                        },
						{
                            "killing2": "query.get_equipped_item_name == 'killing1' && query.is_using_item"
                        },
						{
                            "lying": "query.is_transforming"
                        },
						{
                            "jumping": "query.get_equipped_item_name == 'jump' && query.is_using_item"
                        },
						{
                            "attack1": "variable.attack_time > 0 && variable.random_attack == 0"
                        },
						{
                            "attack2": "variable.attack_time > 0 && variable.random_attack == 1"
                        },
						{
                            "attack3": "variable.attack_time > 0 && variable.random_attack == 2"
                        }
                    ],
                    "blend_transition": 0.2
                },
				"landing": {
                    "animations": [
                        "landing"
                    ],
                    "transitions": [{
                            "moving": "!query.is_using_item"
                        },
						{
                            "raging": "query.is_sneaking && query.ground_speed >= 0.0 && !query.head_x_rotation(-85) <= 0 && query.head_x_rotation(0) >= -70"
                        },
						{
                            "killing": "query.has_rider && query.mark_variant == 0"
                        },
						{
                            "killing2": "query.get_equipped_item_name == 'killing1' && query.is_using_item"
                        },
						{
                            "sitting": "query.is_laying_down && variable.random == 0"
                        },
						{
                            "sitting2": "query.is_laying_down && variable.random == 1"
                        },
						{
                            "lying": "query.is_transforming"
                        },
						{
                            "swimming": "query.is_swimming && query.is_in_water && query.ground_speed >= 3.5"
                        },
						{
                            "jumping": "query.get_equipped_item_name == 'jump' && query.is_using_item"
                        },
						{
                            "attack1": "variable.attack_time > 0 && variable.random_attack == 0"
                        },
						{
                            "attack2": "variable.attack_time > 0 && variable.random_attack == 1"
                        },
						{
                            "attack3": "variable.attack_time > 0 && variable.random_attack == 2"
                        }
                    ],
                    "blend_transition": 0.1
                },
				"jumping": {
                    "animations": [
                        "jumping"
                    ],
                    "transitions": [{
                            "moving": "!query.is_using_item"
                        }
                    ],
                    "blend_transition": 0.2
                },
				"attack1": {
                    "animations": ["attack1"],
                    "transitions": [{
                            "default": "query.all_animations_finished"
                        },
						{
                            "raging": "query.is_sneaking && query.ground_speed >= 0.0 && !query.head_x_rotation(-85) <= 0 && query.head_x_rotation(0) >= -70"
                        }
                    ],
                    "blend_transition": 0.1
                },
				"attack2": {
                    "animations": ["attack2"],
                    "transitions": [{
                            "default": "query.all_animations_finished"
                        },
						{
                            "raging": "query.is_sneaking && query.ground_speed >= 0.0 && !query.head_x_rotation(-85) <= 0 && query.head_x_rotation(0) >= -70"
                        }
                    ],
                    "blend_transition": 0.1
                },
				"attack3": {
                    "animations": ["attack3"],
                    "transitions": [{
                            "default": "query.all_animations_finished"
                        },
						{
                            "raging": "query.is_sneaking && query.ground_speed >= 0.0 && !query.head_x_rotation(-85) <= 0 && query.head_x_rotation(0) >= -70"
                        }
                    ],
                    "blend_transition": 0.1
                }
            }
        }
    }
}