{
   "entity_sounds" : {
      "entities" : {
         "57:basic_wither_storm" : {
            "events" : {
               "ambient" : "mob.wither_storm.ambient",
               "hurt" : "mob.wither_storm.hurt",
               "shoot" : "mob.wither_storm.shoot",
               "spawn" : "mob.wither_storm.spawn"
            },
            "pitch" : [ 1.00, 1.00 ],
            "volume" : 400.0
         },

         "57:stormborne" : {
            "events" : {
               "hurt" : "mob.stormborne.hurt",
               "death" : "mob.stormborne.death"
            },
            "pitch" : [ 1.00, 1.00 ],
            "volume" : 10.0
         },
         "57:commanded_warden" : {
            "events" : {
               "hurt" : "mob.commanded_warden.hurt",
               "ambient" : "mob.commanded_warden.ambient",
               "death" : "mob.commanded_warden.death"
            },
            "pitch" : [ 1.00, 1.00 ],
            "volume" : 10.0
         },


         "57:what_have_i_done" : {
            "events" : {
               "agitated" : {
                  "pitch" : [ 1.30, 1.70 ],
                  "sound" : "mob.warden.agitated",
                  "volume" : 10.0
               },
               "ambient" : "mob.warden.idle",
               "angry" : {
                  "pitch" : [ 1.30, 1.70 ],
                  "sound" : "mob.warden.angry",
                  "volume" : 10.0
               },
               "attack" : {
                  "pitch" : 1.4,
                  "sound" : "mob.warden.attack",
                  "volume" : 10.0
               },
               "death" : {
                  "pitch" : [ 1.40, 1.80 ],
                  "sound" : "mob.warden.death",
                  "volume" : 1.0
               },
               "dig" : {
                  "pitch" : 1.4,
                  "sound" : "mob.warden.dig",
                  "volume" : 5.0
               },
               "emerge" : {
                  "pitch" : 1.4,
                  "sound" : "mob.warden.emerge",
                  "volume" : 5.0
               },
               "heartbeat" : {
                  "pitch" : 1.4,
                  "sound" : "mob.warden.heartbeat",
                  "volume" : 5.0
               },
               "hurt" : {
                  "pitch" : [ 1.40, 1.80 ],
                  "sound" : "mob.warden.hurt",
                  "volume" : 1.0
               },
               "idle" : {
                  "pitch" : 1.4,
                  "sound" : "mob.warden.idle",
                  "volume" : 3.0
               },
               "listening" : {
                  "pitch" : [ 1.30, 1.70 ],
                  "sound" : "mob.warden.listening",
                  "volume" : 10.0
               },
               "listening_angry" : {
                  "pitch" : [ 1.30, 1.70 ],
                  "sound" : "mob.warden.listening_angry",
                  "volume" : 10.0
               },
               "nearby_close" : {
                  "pitch" : [ 1.30, 1.70 ],
                  "sound" : "mob.warden.nearby_close",
                  "volume" : 5.0
               },
               "nearby_closer" : {
                  "pitch" : [ 1.30, 1.70 ],
                  "sound" : "mob.warden.nearby_closer",
                  "volume" : 5.0
               },
               "nearby_closest" : {
                  "pitch" : [ 1.30, 1.70 ],
                  "sound" : "mob.warden.nearby_closest",
                  "volume" : 5.0
               },
               "roar" : {
                  "pitch" : 1.4,
                  "sound" : "mob.warden.roar",
                  "volume" : 10.0
               },
               "sniff" : {
                  "pitch" : 1.4,
                  "sound" : "mob.warden.sniff",
                  "volume" : 5.0
               },
               "step" : {
                  "pitch" : 1.4,
                  "sound" : "mob.warden.step",
                  "volume" : 10.0
               }
            },
            "pitch" : [ 1.30, 1.70 ],
            "volume" : 1.0
         }
      }
      }
   }

