{
    "format_version": "1.10",
    "minecraft:attachable": {
        "description": {
            "identifier": "among:grabpack_g",
            "materials": {
                "default": "armor",
                "enchanted":"armor_enchanted"
            },
            "textures": {
                "default": "textures/wepons/grabpack_g",
                "enchanted": "textures/misc/enchanted_item_glint"
            },
            "geometry": {
                "default": "geometry.grabpack"
            },
            "animations": {
                "anim_con": "controller.animation.grabpack",
                "retract": "animation.grabpack.retract",
                "throw": "animation.grabpack.throw",
                "fp": "animation.grabpack.fp"
              },
              "scripts": {
                "animate": [
                "anim_con"]
              },
            "render_controllers": ["controller.render.armor"]
        }
    }
}