{
	"format_version" : "1.17.30",
	"animation_controllers" : {
	"controller.animation.derailer.fire": {
	"initial_state": "default",
	"states": {
		"default": {
		"transitions": [
						{
								"shoot": "query.cooldown_time_remaining > 0"
							}
		],
		"blend_transition": 0.05
	  },
	  "shoot": {
		"animations": [
			"fire_derailer"
		],
		"transitions": [{
				"default": "query.cooldown_time_remaining <= 0"
		}
		],
		"blend_transition": 0.05   
	}
	  }
                  },
                  "controller.animation.boomer.fire": {
	"initial_state": "default",
	"states": {
		"default": {
		"transitions": [
						{
								"shoot": "query.cooldown_time_remaining > 0"
							}
		],
		"blend_transition": 0.05
	  },
	  "shoot": {
		"animations": [
			"fire_boomer"
		],
		"transitions": [{
				"default": "query.cooldown_time_remaining <= 0"
		}
		],
		"blend_transition": 0.05   
	}
	   }
                  },
                  "controller.animation.bug_spray.fire": {
	"initial_state": "default",
	"states": {
		"default": {
		"transitions": [
						{
								"shoot": "query.cooldown_time_remaining > 0"
							}
		],
		"blend_transition": 0.05
	  },
	  "shoot": {
		"animations": [
			"fire_bug_spray"
		],
		"transitions": [{
				"default": "query.cooldown_time_remaining <= 0"
		}
		],
		"blend_transition": 0.05   
	}
	  }
                  },
                  "controller.animation.bob.fire": {
	"initial_state": "default",
	"states": {
		"default": {
		"transitions": [
						{
								"shoot": "query.cooldown_time_remaining > 0"
							}
		],
		"blend_transition": 0.05
	  },
	  "shoot": {
		"animations": [
			"fire_bob"
		],
		"transitions": [{
				"default": "query.cooldown_time_remaining <= 0"
		}
		],
		"blend_transition": 0.05   
	}
	  }
                  }
			}
		}