{
  "format_version": "1.16.100",
  "minecraft:item": {
    "description": {
      "identifier": "ta:mp40_ammo",
      "category": "Equipment"
    },
    "components": {
      "minecraft:creative_category": {
        "parent": "itemGroup.name.tools"
      },
      "minecraft:display_name": {
        "value": "MP40 - §cPredatory Cobra §eAmmo"
      },
      "minecraft:allow_off_hand": true,
      "minecraft:hand_equipped": true,
      "minecraft:max_stack_size": 5,
      "minecraft:icon": {
        "texture": "mp40_ammo"
      },
      "minecraft:render_offsets": {
        "off_hand": {
          "first_person": {
            "scale": [
              0,
              0,
              0
            ]
          },
          "third_person": {
            "scale": [
              0,
              0,
              0
            ]
          }
        },
        "main_hand": {
          "first_person": {
            "scale": [
              0.0075,
              0.0075,
              0.0075
            ]
          },
          "third_person": {
            "scale": [
              0.01,
              0.01,
              0.01
            ],
            "position": [
              0,
              0.55,
              -0.35
            ]
          }
        }
      }
    }
  }
}