{
	"format_version": "1.12.0",
	"minecraft:geometry": [
		{
			"description": {
				"identifier": "geometry.mobil_monster",
				"texture_width": 256,
				"texture_height": 256,
				"visible_bounds_width": 12,
				"visible_bounds_height": 6.5,
				"visible_bounds_offset": [0, 2.75, 0]
			},
			"bones": [
				{
					"name": "mobil_monster",
					"pivot": [0, 0, 0]
				},
				{
					"name": "body2",
					"parent": "mobil_monster",
					"pivot": [0, -4, 0],
					"cubes": [
						{"origin": [-20, 30, 25], "size": [41, 2, 29], "uv": [69, 0]},
						{"origin": [-18, 32, -8], "size": [37, 9, 95], "uv": [0, 67]},
						{"origin": [-12, 19, 27], "size": [25, 11, 24], "uv": [0, 189]},
						{"origin": [-12, 23, 50], "size": [25, 8, 14], "uv": [11, 200]},
						{"origin": [3, 41, 38], "size": [10, 11, 3], "pivot": [0, 45, 38], "rotation": [-25, 0, 0], "uv": [0, 208]},
						{"origin": [3, 39, 32], "size": [10, 11, 3], "pivot": [0, 43, 32], "rotation": [-90, 0, 0], "uv": [0, 208]},
						{"origin": [4, 39, 64], "size": [10, 11, 3], "pivot": [1, 43, 64], "rotation": [-90, 0, 0], "uv": [0, 208]},
						{"origin": [-12, 39, 64], "size": [10, 11, 3], "pivot": [-15, 43, 64], "rotation": [-90, 0, 0], "uv": [0, 208]},
						{"origin": [-12, 39, 32], "size": [10, 11, 3], "pivot": [-15, 43, 32], "rotation": [-90, 0, 0], "uv": [0, 208]},
						{"origin": [-12, 42, 38], "size": [10, 11, 3], "pivot": [-15, 46, 38], "rotation": [-25, 0, 0], "uv": [0, 208]},
						{"origin": [-12, 42, 71], "size": [10, 11, 3], "pivot": [-15, 46, 71], "rotation": [-25, 0, 0], "uv": [0, 208]},
						{"origin": [4, 43, 71], "size": [10, 11, 3], "pivot": [1, 47, 71], "rotation": [-25, 0, 0], "uv": [0, 208]},
						{"origin": [16, 40, 18], "size": [2, 7, 45], "uv": [0, 59]},
						{"origin": [-18, 38, 18], "size": [2, 7, 45], "uv": [0, 59]},
						{"origin": [-20, 31, 53], "size": [41, 2, 13], "pivot": [1, 31, 54], "rotation": [40, 0, 0], "uv": [12, 42]},
						{"origin": [-20, 31, 12], "size": [41, 2, 13], "pivot": [0, 31, 25], "rotation": [-47.5, 0, 0], "uv": [13, 32]},
						{"origin": [-20, 40, -7], "size": [41, 2, 25], "uv": [13, 30]},
						{"origin": [-20, 30, 2], "size": [41, 2, 25], "uv": [13, 30]},
						{"origin": [-20, 30, -11], "size": [41, 2, 25], "uv": [13, 30]},
						{"origin": [-12, 29, -11], "size": [3, 2, 7], "pivot": [-5, 31, -9], "rotation": [87.5, 0, 37.5], "uv": [0, 214]},
						{"origin": [8.46256, 33.04385, -9.99564], "size": [3, 2, 7], "pivot": [12, 35, -9], "rotation": [87.5, 0, -40], "uv": [0, 214]},
						{"origin": [-19, 42, -5], "size": [39, 5, 23], "pivot": [0, 45, 21], "rotation": [7.5, 0, 0], "uv": [110, 164]},
						{"origin": [-16, 54, 15], "size": [35, 3, 3], "uv": [124, 33]},
						{"origin": [-17, 52, 50], "size": [34, 3, 3], "uv": [124, 33]},
						{"origin": [-16, 41, 50], "size": [33, 3, 3], "uv": [124, 33]},
						{"origin": [-18, 32, -11], "size": [37, 3, 3], "uv": [26, 45]},
						{"origin": [-7, 37, -9], "size": [15, 3, 3], "uv": [2, 216]},
						{"origin": [18, 45, 15], "size": [3, 12, 3], "uv": [26, 192]},
						{"origin": [14, 42, 50], "size": [3, 12, 3], "uv": [26, 192]},
						{"origin": [-17, 42, 50], "size": [3, 12, 3], "uv": [26, 192]},
						{"origin": [-19, 45, 15], "size": [3, 12, 3], "uv": [25, 190], "mirror": true},
						{"origin": [-19, 40, 62], "size": [3, 7, 22], "pivot": [0, 40, 65], "rotation": [-2.5, 0, 0], "uv": [207, 0]},
						{"origin": [-21, 39, 62], "size": [2, 2, 25], "pivot": [-3, 39, 65], "rotation": [-2.5, 0, 0], "uv": [14, 30]},
						{"origin": [19, 39, 62], "size": [2, 2, 25], "pivot": [3, 39, 65], "rotation": [-2.5, 0, 0], "uv": [105, 36], "mirror": true},
						{"origin": [19, 38, 52], "size": [2, 2, 40], "pivot": [3, 38, 70], "rotation": [0, -90, 0], "uv": [29, 14], "mirror": true},
						{"origin": [16, 40, 62], "size": [4, 7, 22], "pivot": [0, 40, 65], "rotation": [-2.5, 0, 0], "uv": [205, 0]},
						{"origin": [-19, 40, 83], "size": [39, 7, 4], "pivot": [0, 40, 68], "rotation": [-2.5, 0, 0], "uv": [0, 158]}
					]
				},
				{
					"name": "ban",
					"parent": "mobil_monster",
					"pivot": [0, 0, 0]
				},
				{
					"name": "ban_depan",
					"parent": "ban",
					"pivot": [0, 18, 7]
				},
				{
					"name": "besi",
					"parent": "ban_depan",
					"pivot": [0, 0, 0],
					"cubes": [
						{"origin": [-19, 18, 7], "size": [3, 24, 3], "pivot": [-18, 17, 8], "rotation": [-20, 0, 0], "uv": [0, 43]},
						{"origin": [17, 18, 7], "size": [3, 24, 3], "pivot": [19, 17, 8], "rotation": [-20, 0, 0], "uv": [0, 43], "mirror": true},
						{"origin": [9, 40, 17], "size": [1, 8, 1], "pivot": [10, 39, 17], "rotation": [-20, 0, 0], "uv": [47, 34], "mirror": true},
						{"origin": [6, 48, 17], "size": [7, 1, 7], "pivot": [10, 47, 20], "rotation": [-20, 0, 0], "uv": [51, 62], "mirror": true},
						{"origin": [-19, 18, 7], "size": [3, 22, 3], "pivot": [-18, 17, 8], "rotation": [5, 0, 0], "uv": [0, 43]},
						{"origin": [17, 18, 7], "size": [3, 22, 3], "pivot": [19, 17, 8], "rotation": [5, 0, 0], "uv": [0, 43], "mirror": true},
						{"origin": [17, 18, 67], "size": [3, 22, 3], "pivot": [19, 17, 68], "rotation": [12.5, 0, 0], "uv": [0, 43], "mirror": true},
						{"origin": [-20, 18, 67], "size": [3, 22, 3], "pivot": [-19, 17, 68], "rotation": [12.5, 0, 0], "uv": [0, 43]},
						{"origin": [17, 18, 67], "size": [3, 22, 3], "pivot": [19, 17, 68], "rotation": [-20, 0, 0], "uv": [0, 43], "mirror": true},
						{"origin": [-19, 18, 67], "size": [3, 22, 3], "pivot": [-18, 17, 68], "rotation": [-20, 0, 0], "uv": [0, 43]},
						{"origin": [-24, 16, 7], "size": [48, 2, 2], "uv": [0, 38]}
					]
				},
				{
					"name": "Kiri",
					"parent": "ban_depan",
					"pivot": [26, 17, 8]
				},
				{
					"name": "pelek",
					"parent": "Kiri",
					"pivot": [-3, 17, 8],
					"cubes": [
						{"origin": [27.01631, 9.5, -7], "size": [5.96737, 6, 30], "pivot": [30, 17, 8], "rotation": [0, -45, 90], "uv": [0, 0], "mirror": true},
						{"origin": [27.01631, 9.5, -7], "size": [5.96737, 6, 30], "pivot": [30, 17, 8], "rotation": [0, -22.5, 90], "uv": [0, 0], "mirror": true},
						{"origin": [27.01631, 9.5, -7], "size": [5.96737, 6, 30], "pivot": [30, 17, 8], "rotation": [0, 0, 90], "uv": [0, 0], "mirror": true},
						{"origin": [27.01631, 9.5, -7], "size": [5.96737, 6, 30], "pivot": [30, 17, 8], "rotation": [0, 22.5, 90], "uv": [0, 0], "mirror": true},
						{"origin": [27.01631, 9.5, -7], "size": [5.96737, 6, 30], "pivot": [30, 17, 8], "rotation": [0, 45, 90], "uv": [0, 0], "mirror": true},
						{"origin": [15, 9.5, 5.01631], "size": [30, 6, 5.96737], "pivot": [30, 17, 8], "rotation": [0, -22.5, 90], "uv": [0, 0], "mirror": true},
						{"origin": [15, 9.5, 5.01631], "size": [30, 6, 5.96737], "pivot": [30, 17, 8], "rotation": [0, 0, 90], "uv": [0, 0], "mirror": true},
						{"origin": [15, 9.5, 5.01631], "size": [30, 6, 5.96737], "pivot": [30, 17, 8], "rotation": [0, 22.5, 90], "uv": [0, 0], "mirror": true}
					]
				},
				{
					"name": "ban_luar",
					"parent": "Kiri",
					"pivot": [30, 17, 8],
					"rotation": [0, 0, 90],
					"cubes": [
						{"origin": [26.71795, 7.5, -8.5], "size": [6.56411, 10, 9], "pivot": [30, 17, 8], "rotation": [0, -45, 0], "uv": [0, 13], "mirror": true},
						{"origin": [26.71795, 7.5, 15.5], "size": [6.56411, 10, 9], "pivot": [30, 17, 8], "rotation": [0, -45, 0], "uv": [0, 13], "mirror": true},
						{"origin": [26.71795, 7.5, 15.5], "size": [6.56411, 10, 9], "pivot": [30, 17, 8], "rotation": [0, -22.5, 0], "uv": [0, 13], "mirror": true},
						{"origin": [26.71795, 7.5, -8.5], "size": [6.56411, 10, 9], "pivot": [30, 17, 8], "rotation": [0, -22.5, 0], "uv": [0, 13], "mirror": true},
						{"origin": [26.71795, 7.5, 15.5], "size": [6.56411, 10, 9], "uv": [0, 13], "mirror": true},
						{"origin": [26.71795, 7.5, -8.5], "size": [6.56411, 10, 9], "uv": [0, 13], "mirror": true},
						{"origin": [26.71795, 7.5, 15.5], "size": [6.56411, 10, 9], "pivot": [30, 17, 8], "rotation": [0, 22.5, 0], "uv": [0, 13], "mirror": true},
						{"origin": [26.71795, 7.5, -8.5], "size": [6.56411, 10, 9], "pivot": [30, 17, 8], "rotation": [0, 22.5, 0], "uv": [0, 13], "mirror": true},
						{"origin": [26.71795, 7.5, 15.5], "size": [6.56411, 10, 9], "pivot": [30, 17, 8], "rotation": [0, 45, 0], "uv": [0, 13], "mirror": true},
						{"origin": [26.71795, 7.5, -8.5], "size": [6.56411, 10, 9], "pivot": [30, 17, 8], "rotation": [0, 45, 0], "uv": [0, 13], "mirror": true},
						{"origin": [13.5, 7.5, 4.71795], "size": [9, 10, 6.56411], "pivot": [30, 17, 8], "rotation": [0, -22.5, 0], "uv": [0, 13], "mirror": true},
						{"origin": [37.5, 7.5, 4.71795], "size": [9, 10, 6.56411], "pivot": [30, 17, 8], "rotation": [0, -22.5, 0], "uv": [0, 13], "mirror": true},
						{"origin": [13.5, 8.5, 4.71795], "size": [9, 9, 6.56411], "uv": [0, 13], "mirror": true},
						{"origin": [37.5, 7.5, 4.71795], "size": [9, 10, 6.56411], "uv": [0, 13], "mirror": true},
						{"origin": [37.5, 7.5, 4.71795], "size": [9, 10, 6.56411], "pivot": [30, 17, 8], "rotation": [0, 22.5, 0], "uv": [0, 13], "mirror": true},
						{"origin": [13.5, 7.5, 4.71795], "size": [9, 10, 6.56411], "pivot": [30, 17, 8], "rotation": [0, 22.5, 0], "uv": [0, 13], "mirror": true}
					]
				},
				{
					"name": "Kanan",
					"parent": "ban_depan",
					"pivot": [-26, 17, 8]
				},
				{
					"name": "pelek2",
					"parent": "Kanan",
					"pivot": [3, 17, 8],
					"cubes": [
						{"origin": [-32.98368, 9.5, -7], "size": [5.96737, 6, 30], "pivot": [-30, 17, 8], "rotation": [0, 45, -90], "uv": [0, 0]},
						{"origin": [-32.98368, 9.5, -7], "size": [5.96737, 6, 30], "pivot": [-30, 17, 8], "rotation": [0, 22.5, -90], "uv": [0, 0]},
						{"origin": [-32.98368, 9.5, -7], "size": [5.96737, 6, 30], "pivot": [-30, 17, 8], "rotation": [0, 0, -90], "uv": [0, 0]},
						{"origin": [-32.98368, 9.5, -7], "size": [5.96737, 6, 30], "pivot": [-30, 17, 8], "rotation": [0, -22.5, -90], "uv": [0, 0]},
						{"origin": [-32.98368, 9.5, -7], "size": [5.96737, 6, 30], "pivot": [-30, 17, 8], "rotation": [0, -45, -90], "uv": [0, 0]},
						{"origin": [-45, 9.5, 5.01631], "size": [30, 6, 5.96737], "pivot": [-30, 17, 8], "rotation": [0, 22.5, -90], "uv": [0, 0]},
						{"origin": [-45, 9.5, 5.01631], "size": [30, 6, 5.96737], "pivot": [-30, 17, 8], "rotation": [0, 0, -90], "uv": [0, 0]},
						{"origin": [-45, 9.5, 5.01631], "size": [30, 6, 5.96737], "pivot": [-30, 17, 8], "rotation": [0, -22.5, -90], "uv": [0, 0]}
					]
				},
				{
					"name": "ban_luar2",
					"parent": "Kanan",
					"pivot": [-30, 17, 8],
					"rotation": [0, 0, -90],
					"cubes": [
						{"origin": [-33.28206, 7.5, -8.5], "size": [6.56411, 10, 9], "pivot": [-30, 17, 8], "rotation": [0, 45, 0], "uv": [0, 13]},
						{"origin": [-33.28206, 7.5, 15.5], "size": [6.56411, 10, 9], "pivot": [-30, 17, 8], "rotation": [0, 45, 0], "uv": [0, 13]},
						{"origin": [-33.28206, 7.5, 15.5], "size": [6.56411, 10, 9], "pivot": [-30, 17, 8], "rotation": [0, 22.5, 0], "uv": [0, 13]},
						{"origin": [-33.28206, 7.5, -8.5], "size": [6.56411, 10, 9], "pivot": [-30, 17, 8], "rotation": [0, 22.5, 0], "uv": [0, 13]},
						{"origin": [-33.28206, 7.5, 15.5], "size": [6.56411, 10, 9], "uv": [0, 13]},
						{"origin": [-33.28206, 7.5, -8.5], "size": [6.56411, 10, 9], "uv": [0, 13]},
						{"origin": [-33.28206, 7.5, 15.5], "size": [6.56411, 10, 9], "pivot": [-30, 17, 8], "rotation": [0, -22.5, 0], "uv": [0, 13]},
						{"origin": [-33.28206, 7.5, -8.5], "size": [6.56411, 10, 9], "pivot": [-30, 17, 8], "rotation": [0, -22.5, 0], "uv": [0, 13]},
						{"origin": [-33.28206, 7.5, 15.5], "size": [6.56411, 10, 9], "pivot": [-30, 17, 8], "rotation": [0, -45, 0], "uv": [0, 13]},
						{"origin": [-33.28206, 7.5, -8.5], "size": [6.56411, 10, 9], "pivot": [-30, 17, 8], "rotation": [0, -45, 0], "uv": [0, 13]},
						{"origin": [-22.5, 7.5, 4.71795], "size": [9, 10, 6.56411], "pivot": [-30, 17, 8], "rotation": [0, 22.5, 0], "uv": [0, 13]},
						{"origin": [-46.5, 7.5, 4.71795], "size": [9, 10, 6.56411], "pivot": [-30, 17, 8], "rotation": [0, 22.5, 0], "uv": [0, 13]},
						{"origin": [-22.5, 7.5, 4.71795], "size": [9, 10, 6.56411], "uv": [0, 13]},
						{"origin": [-46.5, 7.5, 4.71795], "size": [9, 10, 6.56411], "uv": [0, 13]},
						{"origin": [-46.5, 7.5, 4.71795], "size": [9, 10, 6.56411], "pivot": [-30, 17, 8], "rotation": [0, -22.5, 0], "uv": [0, 13]},
						{"origin": [-22.5, 7.5, 4.71795], "size": [9, 10, 6.56411], "pivot": [-30, 17, 8], "rotation": [0, -22.5, 0], "uv": [0, 13]}
					]
				},
				{
					"name": "ban_belakang",
					"parent": "ban",
					"pivot": [0, 18, 68]
				},
				{
					"name": "besi2",
					"parent": "ban_belakang",
					"pivot": [0, 0, -1],
					"cubes": [
						{"origin": [-24, 16, 67], "size": [48, 2, 2], "uv": [0, 38]}
					]
				},
				{
					"name": "Kiri2",
					"parent": "ban_belakang",
					"pivot": [26, 17, 7]
				},
				{
					"name": "pelek3",
					"parent": "Kiri2",
					"pivot": [-3, 17, 7],
					"cubes": [
						{"origin": [27.01631, 9.5, 53], "size": [5.96737, 6, 30], "pivot": [30, 17, 68], "rotation": [0, -45, 90], "uv": [0, 0], "mirror": true},
						{"origin": [27.01631, 9.5, 53], "size": [5.96737, 6, 30], "pivot": [30, 17, 68], "rotation": [0, -22.5, 90], "uv": [0, 0], "mirror": true},
						{"origin": [27.01631, 9.5, 53], "size": [5.96737, 6, 30], "pivot": [30, 17, 68], "rotation": [0, 0, 90], "uv": [0, 0], "mirror": true},
						{"origin": [27.01631, 9.5, 53], "size": [5.96737, 6, 30], "pivot": [30, 17, 68], "rotation": [0, 22.5, 90], "uv": [0, 0], "mirror": true},
						{"origin": [27.01631, 9.5, 53], "size": [5.96737, 6, 30], "pivot": [30, 17, 68], "rotation": [0, 45, 90], "uv": [0, 0], "mirror": true},
						{"origin": [15, 9.5, 65.01631], "size": [30, 6, 5.96737], "pivot": [30, 17, 68], "rotation": [0, -22.5, 90], "uv": [0, 0], "mirror": true},
						{"origin": [15, 9.5, 65.01631], "size": [30, 6, 5.96737], "pivot": [30, 17, 68], "rotation": [0, 0, 90], "uv": [0, 0], "mirror": true},
						{"origin": [15, 9.5, 65.01631], "size": [30, 6, 5.96737], "pivot": [30, 17, 68], "rotation": [0, 22.5, 90], "uv": [0, 0], "mirror": true}
					]
				},
				{
					"name": "ban_luar3",
					"parent": "Kiri2",
					"pivot": [30, 17, 7],
					"rotation": [0, 0, 90],
					"cubes": [
						{"origin": [69.85146, 7.5, 33.63351], "size": [6.56411, 10, 9], "pivot": [30, 17, 7], "rotation": [0, -45, 0], "uv": [0, 13], "mirror": true},
						{"origin": [69.85146, 7.5, 57.63351], "size": [6.56411, 10, 9], "pivot": [30, 17, 7], "rotation": [0, -45, 0], "uv": [0, 13], "mirror": true},
						{"origin": [50.06164, 7.5, 70.85665], "size": [6.56411, 10, 9], "pivot": [30, 17, 7], "rotation": [0, -22.5, 0], "uv": [0, 13], "mirror": true},
						{"origin": [50.06164, 7.5, 46.85665], "size": [6.56411, 10, 9], "pivot": [30, 17, 7], "rotation": [0, -22.5, 0], "uv": [0, 13], "mirror": true},
						{"origin": [26.71795, 7.5, 75.5], "size": [6.56411, 10, 9], "uv": [0, 13], "mirror": true},
						{"origin": [26.71795, 7.5, 51.5], "size": [6.56411, 10, 9], "uv": [0, 13], "mirror": true},
						{"origin": [3.37426, 7.5, 70.85665], "size": [6.56411, 10, 9], "pivot": [30, 17, 7], "rotation": [0, 22.5, 0], "uv": [0, 13], "mirror": true},
						{"origin": [3.37426, 7.5, 46.85665], "size": [6.56411, 10, 9], "pivot": [30, 17, 7], "rotation": [0, 22.5, 0], "uv": [0, 13], "mirror": true},
						{"origin": [-16.41556, 7.5, 57.63351], "size": [6.56411, 10, 9], "pivot": [30, 17, 7], "rotation": [0, 45, 0], "uv": [0, 13], "mirror": true},
						{"origin": [-16.41556, 7.5, 33.63351], "size": [6.56411, 10, 9], "pivot": [30, 17, 7], "rotation": [0, 45, 0], "uv": [0, 13], "mirror": true},
						{"origin": [36.84369, 7.5, 60.0746], "size": [9, 10, 6.56411], "pivot": [30, 17, 7], "rotation": [0, -22.5, 0], "uv": [0, 13], "mirror": true},
						{"origin": [60.84369, 7.5, 60.0746], "size": [9, 10, 6.56411], "pivot": [30, 17, 7], "rotation": [0, -22.5, 0], "uv": [0, 13], "mirror": true},
						{"origin": [13.5, 7.5, 64.71795], "size": [9, 10, 6.56411], "uv": [0, 13], "mirror": true},
						{"origin": [37.5, 7.5, 64.71795], "size": [9, 10, 6.56411], "uv": [0, 13], "mirror": true},
						{"origin": [14.15631, 7.5, 60.0746], "size": [9, 10, 6.56411], "pivot": [30, 17, 7], "rotation": [0, 22.5, 0], "uv": [0, 13], "mirror": true},
						{"origin": [-9.84369, 7.5, 60.0746], "size": [9, 10, 6.56411], "pivot": [30, 17, 7], "rotation": [0, 22.5, 0], "uv": [0, 13], "mirror": true}
					]
				},
				{
					"name": "Kanan2",
					"parent": "ban_belakang",
					"pivot": [-26, 17, 7]
				},
				{
					"name": "pelek4",
					"parent": "Kanan2",
					"pivot": [3, 17, 7],
					"cubes": [
						{"origin": [-32.98368, 9.5, 53], "size": [5.96737, 6, 30], "pivot": [-30, 17, 68], "rotation": [0, 45, -90], "uv": [0, 0]},
						{"origin": [-32.98368, 9.5, 53], "size": [5.96737, 6, 30], "pivot": [-30, 17, 68], "rotation": [0, 22.5, -90], "uv": [0, 0]},
						{"origin": [-32.98368, 9.5, 53], "size": [5.96737, 6, 30], "pivot": [-30, 17, 68], "rotation": [0, 0, -90], "uv": [0, 0]},
						{"origin": [-32.98368, 9.5, 53], "size": [5.96737, 6, 30], "pivot": [-30, 17, 68], "rotation": [0, -22.5, -90], "uv": [0, 0]},
						{"origin": [-32.98368, 9.5, 53], "size": [5.96737, 6, 30], "pivot": [-30, 17, 68], "rotation": [0, -45, -90], "uv": [0, 0]},
						{"origin": [-45, 9.5, 65.01631], "size": [30, 6, 5.96737], "pivot": [-30, 17, 68], "rotation": [0, 22.5, -90], "uv": [0, 0]},
						{"origin": [-45, 9.5, 65.01631], "size": [30, 6, 5.96737], "pivot": [-30, 17, 68], "rotation": [0, 0, -90], "uv": [0, 0]},
						{"origin": [-45, 9.5, 65.01631], "size": [30, 6, 5.96737], "pivot": [-30, 17, 68], "rotation": [0, -22.5, -90], "uv": [0, 0]}
					]
				},
				{
					"name": "ban_luar4",
					"parent": "Kanan2",
					"pivot": [-30, 17, 7],
					"rotation": [0, 0, -90],
					"cubes": [
						{"origin": [-76.41557, 7.5, 33.63351], "size": [6.56411, 10, 9], "pivot": [-30, 17, 7], "rotation": [0, 45, 0], "uv": [0, 13]},
						{"origin": [-76.41557, 7.5, 57.63351], "size": [6.56411, 10, 9], "pivot": [-30, 17, 7], "rotation": [0, 45, 0], "uv": [0, 13]},
						{"origin": [-56.62575, 7.5, 70.85665], "size": [6.56411, 10, 9], "pivot": [-30, 17, 7], "rotation": [0, 22.5, 0], "uv": [0, 13]},
						{"origin": [-56.62575, 7.5, 46.85665], "size": [6.56411, 10, 9], "pivot": [-30, 17, 7], "rotation": [0, 22.5, 0], "uv": [0, 13]},
						{"origin": [-33.28206, 7.5, 75.5], "size": [6.56411, 10, 9], "uv": [0, 13]},
						{"origin": [-33.28206, 7.5, 51.5], "size": [6.56411, 10, 9], "uv": [0, 13]},
						{"origin": [-9.93837, 7.5, 70.85665], "size": [6.56411, 10, 9], "pivot": [-30, 17, 7], "rotation": [0, -22.5, 0], "uv": [0, 13]},
						{"origin": [-9.93837, 7.5, 46.85665], "size": [6.56411, 10, 9], "pivot": [-30, 17, 7], "rotation": [0, -22.5, 0], "uv": [0, 13]},
						{"origin": [9.85145, 7.5, 57.63351], "size": [6.56411, 10, 9], "pivot": [-30, 17, 7], "rotation": [0, -45, 0], "uv": [0, 13]},
						{"origin": [9.85145, 7.5, 33.63351], "size": [6.56411, 10, 9], "pivot": [-30, 17, 7], "rotation": [0, -45, 0], "uv": [0, 13]},
						{"origin": [-45.84369, 7.5, 60.0746], "size": [9, 10, 6.56411], "pivot": [-30, 17, 7], "rotation": [0, 22.5, 0], "uv": [0, 13]},
						{"origin": [-69.84369, 7.5, 60.0746], "size": [9, 10, 6.56411], "pivot": [-30, 17, 7], "rotation": [0, 22.5, 0], "uv": [0, 13]},
						{"origin": [-22.5, 7.5, 64.71795], "size": [9, 10, 6.56411], "uv": [0, 13]},
						{"origin": [-46.5, 7.5, 64.71795], "size": [9, 10, 6.56411], "uv": [0, 13]},
						{"origin": [-23.15631, 7.5, 60.0746], "size": [9, 10, 6.56411], "pivot": [-30, 17, 7], "rotation": [0, -22.5, 0], "uv": [0, 13]},
						{"origin": [0.84369, 7.5, 60.0746], "size": [9, 10, 6.56411], "pivot": [-30, 17, 7], "rotation": [0, -22.5, 0], "uv": [0, 13]}
					]
				}
			]
		}
	]
}