{
    "format_version": "1.16.0",
    "minecraft:block": {
        "description": {
            "identifier": "jn:huggy_box",
            "properties": {
                "jn:direction": [ 2, 3, 4, 5 ]
            }
        },
        "components": {
            "minecraft:creative_category": {
                "category": "Construction"
            },
            "minecraft:material_instances": {
                "*": {
                    "texture": "huggy_box_jn",
                    "render_method": "blend"
                }
            },
            "minecraft:pick_collision": {
                "origin": [ -4, 0, -4 ],
                "size": [ 8, 16, 8 ]
            },
            "minecraft:entity_collision": false,
            "minecraft:geometry": "geometry.huggy_box_jn",
            "minecraft:destroy_time": 0.3,
            "minecraft:on_player_placing": {
                "event": "jn:place"
            },
            "minecraft:map_color": "#ff0000",
            "minecraft:flammable": {
                "flame_odds": 0,
                "burn_odds": 0
            },
            "minecraft:block_light_emission": 0,
            "minecraft:block_light_absorption": 0
        },
        "events": {
            "jn:place": {
                "set_block_property": {
                    "jn:direction": "(query.cardinal_facing_2d)"
                }
            }
        },
        "permutations": [
            {
                "condition": "query.block_property('jn:direction') == 2",
                "components": {
                    "minecraft:rotation": [ 0, 180, 0 ]
                }
            },
            {
                "condition": "query.block_property('jn:direction') == 3",
                "components": {
                    "minecraft:rotation": [ 0, 0, 0 ]
                }
            },
            {
                "condition": "query.block_property('jn:direction') == 4",
                "components": {
                    "minecraft:rotation": [ 0, 270, 0 ]
                }
            },
            {
                "condition": "query.block_property('jn:direction') == 5",
                "components": {
                    "minecraft:rotation": [ 0, 90, 0 ]
                }
            }
        ]
    }
}