{
  "format_version": "1.13.0",
  "minecraft:entity": {
    "description": {
      "identifier": "minecraft:player",
      "is_spawnable": false,
      "is_summonable": false,
      "is_experimental": false,
      "scripts": {
        "animate": [
          "player_normal",
          {
            "ability": "query.mark_variant \u003d\u003d 1"
          },
          {
          "chainsaw_sprint": "query.mark_variant == 1 && query.is_sprinting"
		}
        ]
      },
      "animations": {
        "ability": "animation.chainsawMan_ability",
        "chainsaw_sprint": "animation.chainsaw_sprint"
      }
    },
    "component_groups": {
      "not_transformed": {
        "minecraft:mark_variant": {
          "value": 0
        },
        "minecraft:type_family": {
          "family": [
            "player"
          ]
        },
        "minecraft:collision_box": {
          "width": 0.6,
          "height": 1.8
        },
        "minecraft:health": {
          "value": 20,
          "max": 20
        },
        "minecraft:attack": {
          "damage": 1
        },
        "minecraft:knockback_resistance": {
          "value": 0.0
        },
        "minecraft:physics": {
          "has_collision": true,
          "has_gravity": true
        },
        "minecraft:pushable": {
          "is_pushable": false,
          "is_pushable_by_piston": true
        }
      },
      "chainsaw_sprint": {
      "minecraft:movement": {
        "value": 0.15
      },
	  
	  "minecraft:area_attack": {
          "damage_range": 1.5,
          "damage_per_tick": 5,
          "cause": "contact",
          "entity_filter": {
            "any_of": [
            {
              "test": "is_family",
              "subject": "other",
              "operator": "!=",
              "value": ""
            }
          ]
        }
      }
    },
      "chainsawMan": {
        "minecraft:mark_variant": {
          "value": 1
        },
        "minecraft:collision_box": {
          "width": 0.6,
          "height": 1.8
        },
        "minecraft:type_family": {
          "family": [
            "player"
          ]
        },
        "minecraft:health": {
          "value": 100,
          "max": 100
        },
        "minecraft:attack": {
          "damage": 50
        },
        "minecraft:knockback_resistance": {
          "value": 0.0
        }
      },
      "normal_speed": {
        "minecraft:movement": {
          "value": 0.1
        },
        "minecraft:underwater_movement": {
          "value": 0.1
        }
      },
      "devil_speed": {
        "minecraft:movement": {
          "value": 0.15
        },
        "minecraft:underwater_movement": {
          "value": 0.15
        }
      },
      "remove_all_effects": {
        "minecraft:spell_effects": {
          "remove_effects": [
            "jump_boost",
            "slow_falling",
            "fire_resistance",
            "resistance",
            "invisibility",
            "water_breathing",
            "night_vision",
            "levitation"
          ]
        }
      },
      "minecraft:add_bad_omen": {
        "minecraft:spell_effects": {
          "add_effects": [
            {
              "effect": "bad_omen",
              "duration": 6000,
              "display_on_screen_animation": true
            }
          ]
        },
        "minecraft:timer": {
          "time": [
            0.0,
            0.0
          ],
          "looping": false,
          "time_down_event": {
            "event": "minecraft:clear_add_bad_omen",
            "target": "self"
          }
        }
      },
      "minecraft:clear_bad_omen_spell_effect": {
        "minecraft:spell_effects": {}
      },
      "minecraft:raid_trigger": {
        "minecraft:raid_trigger": {
          "triggered_event": {
            "event": "minecraft:remove_raid_trigger",
            "target": "self"
          }
        },
        "minecraft:spell_effects": {
          "remove_effects": "bad_omen"
        }
      }
    },
    "components": {
      "minecraft:hurt_on_condition": {
        "damage_conditions": [
          {
            "filters": {
              "all_of": [
                {
                  "test": "in_lava",
                  "subject": "self",
                  "operator": "\u003d\u003d",
                  "value": true
                }
              ]
            },
            "cause": "lava",
            "damage_per_tick": 4
          },
          {
            "filters": {
              "all_of": [
                {
                  "test": "is_mark_variant",
                  "subject": "self",
                  "operator": "\u003d\u003d",
                  "value": 11
                },
                {
                  "test": "in_water_or_rain",
                  "subject": "self",
                  "operator": "\u003d\u003d",
                  "value": true
                }
              ]
            },
            "cause": "water",
            "damage_per_tick": 4
          }
        ]
      },
      "minecraft:damage_sensor": {
        "triggers": [
          {
            "on_damage": {
              "filters": {
                "all_of": []
              }
            },
            "deals_damage": true
          },
          {
            "on_damage": {
              "filters": {
                "all_of": [
                  {},
                  {
                    "any_of": [
                      {
                        "test": "has_damage",
                        "subject": "self",
                        "operator": "\u003d\u003d",
                        "value": "fall"
                      }
                    ]
                  }
                ]
              }
            },
            "deals_damage": true
          }
        ]
      },
      "minecraft:experience_reward": {
        "on_death": "Math.Min(query.player_level * 7, 100)"
      },
      "minecraft:is_hidden_when_invisible": {},
      "minecraft:loot": {
        "table": "loot_tables/empty.json"
      },
      "minecraft:can_climb": {},
      "minecraft:player.saturation": {
        "value": 20
      },
      "minecraft:player.exhaustion": {
        "value": 0,
        "max": 4
      },
      "minecraft:player.level": {
        "value": 0,
        "max": 24791
      },
      "minecraft:player.experience": {
        "value": 0,
        "max": 1
      },
      "minecraft:breathable": {
        "total_supply": 15,
        "suffocate_time": -1,
        "inhale_time": 3.75,
        "generates_bubbles": false
      },
      "minecraft:nameable": {
        "always_show": true,
        "allow_name_tag_renaming": false
      },
      "minecraft:physics": {},
      "minecraft:pushable": {
        "is_pushable": false,
        "is_pushable_by_piston": true
      },
      "minecraft:insomnia": {
        "days_until_insomnia": 3
      },
      "minecraft:rideable": {
        "seat_count": 2,
        "family_types": [
          "parrot_tame"
        ],
        "pull_in_entities": true,
        "seats": [
          {
            "position": [
              0.4,
              -0.2,
              -0.1
            ],
            "min_rider_count": 0,
            "max_rider_count": 0,
            "lock_rider_rotation": 0
          },
          {
            "position": [
              -0.4,
              -0.2,
              -0.1
            ],
            "min_rider_count": 1,
            "max_rider_count": 2,
            "lock_rider_rotation": 0
          }
        ]
      },
      "minecraft:scaffolding_climber": {},
      "minecraft:environment_sensor": {
        "triggers": [
          {
            "filters": {
              "all_of": [
                {
                  "test": "has_mob_effect",
                  "subject": "self",
                  "value": "bad_omen"
                },
                {
                  "test": "is_in_village",
                  "subject": "self",
                  "value": true
                }
              ]
            },
            "event": "minecraft:trigger_raid"
          },
          {
            "filters": {
              "any_of": [
                {
                  "test": "has_tag",
                  "subject": "self",
                  "operator": "\u003d\u003d",
                  "value": "chainsawMan"
                }
              ]
            },
            "event": "chainsawMan"
          },
          {
            "filters": {
              "any_of": [
                {
                  "test": "has_tag",
                  "subject": "self",
                  "operator": "\u003d\u003d",
                  "value": "remove"
                }
              ]
            },
            "event": "remove"
          }
        ]
      }
    },
    "events": {
      "remove_all_effects": {
        "add": {
          "component_groups": [
            "remove_all_effects"
          ]
        }
      },
      "chainsawMan": {
        "remove": {
          "component_groups": [
            "not_transformed",
            "remove_all_effects",
            "normal_speed"
          ]
        },
        "add": {
          "component_groups": [
            "chainsawMan",
            "devil_speed"
          ]
        }
      },
      "remove": {
        "remove": {
          "component_groups": [
            "chainsawMan",
            "devil_speed",
            "chainsaw_sprint"
          ]
        },
        "add": {
          "component_groups": [
            "normal_speed",
            "not_transformed",
            "remove_all_effects"
          ]
        }
      },
      "devil_speed": {
        "remove": {
          "component_groups": [
            "normal_speed",
            "chainsaw_sprint"
          ]
        },
        "add": {
          "component_groups": [
            "devil_speed"
          ]
        }
      },
      "normal_speed": {
        "remove": {
          "component_groups": [
            "devil_speed",
            "chainsaw_sprint"
          ]
        },
        "add": {
          "component_groups": [
            "normal_speed"
          ]
        }
      },
      "chainsaw_sprint": {
        "remove": {
          "component_groups": [
            "devil_speed",
            "normal_speed"
          ]
        },
        "add": {
          "component_groups": [
            "chainsaw_sprint"
          ]
        }
      },
      "minecraft:gain_bad_omen": {
        "add": {
          "component_groups": [
            "minecraft:add_bad_omen"
          ]
        }
      },
      "minecraft:clear_add_bad_omen": {
        "remove": {
          "component_groups": [
            "minecraft:add_bad_omen"
          ]
        },
        "add": {
          "component_groups": [
            "minecraft:clear_bad_omen_spell_effect"
          ]
        }
      },
      "minecraft:trigger_raid": {
        "add": {
          "component_groups": [
            "minecraft:raid_trigger"
          ]
        }
      },
      "minecraft:remove_raid_trigger": {
        "remove": {
          "component_groups": [
            "minecraft:raid_trigger"
          ]
        }
      }
    }
  }
}