{
  "format_version": "1.13.0",
  "minecraft:entity": {
    "description": {
      "identifier": "chm:pochita",
      "is_spawnable": true,
      "is_summonable": true,
      "is_experimental": false
    },
    "component_groups": {
      "die": {
        "minecraft:transformation": {
          "delay": {
            "value": 0
          },
          "into": "idk"
        }
      },
      "chm:despawn": {
        "minecraft:instant_despawn": {}
      }
    },
    "components": {
      "minecraft:nameable": {},
      "minecraft:type_family": {
        "family": [
          "player",
          "pochita"
        ]
      },
      "minecraft:collision_box": {
        "width": 0.6,
        "height": 0.8
      },
      "minecraft:movement.basic": {},
      "minecraft:navigation.walk": {
        "is_amphibious": true,
        "can_pass_doors": true,
        "can_walk": true,
        "can_break_doors": true
      },
      "minecraft:annotation.break_door": {
        "min_difficulty": "peaceful",
        "break_time": 0
      },
      "minecraft:jump.static": {},
      "minecraft:can_climb": {},
      "minecraft:health": {
        "value": 50,
        "max": 60
      },
      "minecraft:hurt_on_condition": {
        "damage_conditions": [
          {
            "filters": {
              "test": "in_lava",
              "subject": "self",
              "operator": "\u003d\u003d",
              "value": true
            },
            "cause": "lava",
            "damage_per_tick": 4
          }
        ]
      },
      "minecraft:breathable": {
        "total_supply": 15,
        "suffocate_time": 0,
        "breathes_air": true,
        "breathes_water": true
      },
      "minecraft:attack": {
        "damage": 50,
        "effect_name": "wither",
        "effect_duration": 10
      },
      "minecraft:scale": {
        "value": 0.8
      },
      "minecraft:behavior.melee_attack": {
        "priority": 2
      },
      "minecraft:behavior.move_towards_restriction": {
        "priority": 5,
        "speed_multiplier": 1
      },
      "minecraft:behavior.look_at_player": {
        "priority": 8,
        "look_distance": 4,
        "probability": 0.02
      },
      "minecraft:behavior.random_look_around": {
        "priority": 9
      },
      "minecraft:behavior.hurt_by_target": {
        "priority": 1
      },
      "minecraft:behavior.nearest_attackable_target": {
        "priority": 2,
        "must_see": true,
        "within_radius": 20,
        "entity_types": [
          {
            "filters": {
              "any_of": [
                {
                  "test": "is_family",
                  "subject": "other",
                  "value": "monster"
                },
                {
                  "test": "is_family",
                  "subject": "other",
                  "value": "zombie"
                }
              ]
            },
            "max_dist": 20
          }
        ]
      },
      "minecraft:physics": {},
      "minecraft:pushable": {
        "is_pushable": true,
        "is_pushable_by_piston": false
      },
      "minecraft:loot": {
        "table": "none"
      },
      "minecraft:behavior.delayed_attack": {
        "priority": 1,
        "track_target": true,
        "hit_delay_pct": 2.0,
        "require_complete_path": false,
        "speed_multiplier": 1.0,
        "attack_duration": 2.0
      },
      "minecraft:follow_range": {
        "value": 64
      },
      "minecraft:behavior.random_stroll": {
        "priority": 6,
        "speed_multiplier": 0.3
      },
      "minecraft:behavior.flee_sun": {
        "priority": 3,
        "speed_multiplier": 2.1
      },
      "minecraft:knockback_resistance": {
        "value": 1
      },
      "minecraft:spell_effects": {
        "remove_effects": [
          "poison",
          "wither",
          "fatal_poison",
          "weakness",
          "slowness",
          "invisibility",
          "instant_health",
          "instant_damage"
        ],
        "add_effects": [
          {
            "effect": "regeneration",
            "duration": 5,
            "amplifier": 0,
            "visible": false
          },
          {
            "effect": "resistance",
            "duration": 5,
            "amplifier": 0,
            "visible": false
          }
        ]
      },
      "minecraft:target_nearby_sensor": {
        "inside_range": 1,
        "outside_range": 13,
        "on_inside_range": {
          "event": "walk",
          "target": "self"
        },
        "on_outside_range": {
          "event": "run",
          "target": "self"
        }
      },
      "minecraft:movement": {
        "value": 0.3
      },
      "minecraft:damage_sensor": {
        "triggers": [
          {
            "on_damage": {
              "filters": {
                "test": "has_damage",
                "subject": "self",
                "value": "fatal"
              },
              "event": "die"
            },
            "deals_damage": true
          }
        ]
      },
      "minecraft:interact": {
        "interactions": {
          "on_interact": {
            "filters": {
              "test": "is_family",
              "subject": "other",
              "value": "player"
            },
            "event": "chm:interact",
            "target": "self"
          },
          "interact_text": "Get Pochita"
        }
      }
    },
    "events": {
      "die": {
        "add": {
          "component_groups": [
            "die"
          ]
        }
      },
      "chm:interact": {
        "run_command": {
          "command": [
            "give @p chm:pochita2"
          ]
        },
        "add": {
          "component_groups": [
            "chm:despawn"
          ]
        }
      },
      "chm:despawn": {
        "add": {
          "component_groups": [
            "chm:despawn"
          ]
        }
      }
    }
  }
}