{
  "format_version": "1.8.0",
  "minecraft:client_entity": {
    "description": {
      "identifier": "drop:m1014_draco_empty",
      "materials": {
        "default": "slime"
      },
      "textures": {
        "default": "textures/freefire/gun/m1014_draco"
      },
      "geometry": {
        "default": "geometry.m1014_draco_drop"
      },
      "scripts": {
        "scale": "1.25"
      },
      "render_controllers": [
        "controller.render.freefire"
      ]
    }
  }
}  }
  }
}"render_controllers": [
        "controller.render.slime"
      ]
    }
  }
}