{
  "format_version": "1.16.100",
  "minecraft:block": {
    "description": {
      "identifier": "op_asa:buster_block2"
    },

    "components": {
      "minecraft:display_name": "op_asa:buster_block2",
      "minecraft:loot": "",
      "minecraft:unwalkable":true,
      "minecraft:map_color": "#f2ab63",
      "minecraft:unit_cube":{},
      "minecraft:material_instances": {
        "*": {
          "texture": "buster_block",
          "render_method": "blend"
        }
      },
      "minecraft:entity_collision":true,
      "minecraft:pick_collision":true,
      "minecraft:block_light_absorption": 0,
      "minecraft:breathability":"air",
      "minecraft:block_light_emission": 0,
      "minecraft:destroy_time": 1000,
      "minecraft:explosion_resistance": 1200,
      "minecraft:friction": 0.5,
      "minecraft:flammable":{
        "flame_odds":0,
        "burn_odds":0
      },
      "minecraft:ticking":{
        "on_tick":{
          "event":"op_asa:event1"
        },
        "range":[5, 5],
        "looping":true
      }
    },

    "events": {
      "op_asa:event1":{
        "sequence":[
          {
            "run_command":{
              "command":"summon op_asa:buster_attack ~10~~-10"
            }
          },
          {
            "run_command":{
              "command":"summon op_asa:buster_attack ~-10~~-10"
            }
          },
          {
            "run_command":{
              "command":"summon op_asa:buster_attack ~10~~10"
            }
          },
          {
            "run_command":{
              "command":"summon op_asa:buster_attack ~-10~~10"
            }
          },
          {
            "run_command":{
              "command":"summon op_asa:buster_attack ~~~16"
            }
          },
          {
            "run_command":{
              "command":"summon op_asa:buster_attack ~~~-16"
            }
          },
          {
            "run_command":{
              "command":"summon op_asa:buster_attack ~16~~"
            }
          },
          {
            "run_command":{
              "command":"summon op_asa:buster_attack ~-16~~"
            }
          },
          {
            "run_command":{
              "command":"fill ~~~ ~~~ op_asa:buster_block"
            }
          }
        ]
      }
    }
  }
}
        