{
  "format_version": "1.10.0",
  "animations": {
    "animation.admin": {
      "timeline": {
        "0.02": "/execute @e[name=herobrine, type=test:herobrine] ~ ~ ~ tag @a add sum",
        "0.03": "/execute @e[name=herobrine, type=test:herobrine] ~ ~ ~ kill @e[type=item, name=\"Bone\", r=4]",
        "0.04": "/execute @e[name=herobrine, type=test:herobrine] ~ ~ ~ kill @e[type=item, name=\"Clock\", r=4]",
        "0.05": "/execute @e[name=herobrine, type=test:herobrine] ~ ~ ~ function herobrine",
        "0.06": "/execute @e[name=pixelkitty, tag=!pix] ~ ~ ~ event entity @s horror",
        "0.0": "/execute @e[name=pixelfin, tag=!fin] ~ ~ ~ event entity @s horror",
        "0.07": "/execute @e[name=pixelkitty] ~ ~ ~ tag @e[name=herobrine] add pix",
        "0.010": "/execute @e[name=pixelfin] ~ ~ ~ tag @e[name=herobrine] add fin",
        "0.01": "/execute @e[type=test:creator] ~ ~ ~ tag @e[name=herobrine] add mb",
        "0.08": "/execute @e[name=pixelkitty, tag=!pix] ~ ~ ~ tag @s add pix",
        "0.011": "/execute @e[name=pixelfin, tag=!fin] ~ ~ ~ tag @s add fin",
        "0.09": "/execute @e[name=herobrine, type=test:herobrine] ~ ~ ~ kill @e[type=item, name=\"Command Block\"]"
      },
      "animation_length": 0.1,
      "loop": true
    }
  }
}
