{
  "format_version": "1.10.0",
  "animations": {
    "animation.fightingx": {
      "timeline": {
        "0.0": [
          "/scoreboard objectives add fight dummy fight",
          "/scoreboard players random @s fight 1 15",
          "/playsound item.shield.block @s ~ ~ ~ 0.4 0.2"
        ],
        "0.1": [
          "/playanimation @s[scores={fight=1}] animation.player.sf1",
          "/playanimation @s[scores={fight=2}] animation.player.sf2",
          "/playanimation @s[scores={fight=3}] animation.player.sf3",
          "/playanimation @s[scores={fight=4}] animation.player.sf4",
          "/playanimation @s[scores={fight=6}] animation.player.sf6",
          "/playanimation @s[scores={fight=7}] animation.player.sf6",
          "/playanimation @s[scores={fight=8}] animation.player.sideflip",
          "/playanimation @s[scores={fight=9}] animation.player.sf1",
          "/playanimation @s[scores={fight=10}] animation.player.sf1",
          "/playanimation @s[scores={fight=11}] animation.player.sf2",
          "/playanimation @s[scores={fight=12}] animation.player.sf2",
          "/playanimation @s[scores={fight=13}] animation.player.sf3",
          "/playanimation @s[scores={fight=14}] animation.player.sf4",
          "/playanimation @s[scores={fight=15}] animation.player.sf5"
        ]
      },
      "animation_length": 0.2,
      "loop": false
    }
  }
}
