{
  "format_version": "1.10.0",
  "animations": {
    "animation.herobrine": {
      "timeline": {
        "1.5": "execute @e[name=herobrine] ~ ~ ~ kill @e[type=item, name=\"Command Block\"]",
        "2.0": [
          "/execute @a[rx=90, rxm=84, tag=!sum, hasitem={item=command_block, location=slot.weapon.mainhand}] ~ ~ ~ detect ~ ~ ~ carpet -1 tellraw @a {\"rawtext\":[{\"text\":\"§eHerobrine joined the game\"}]}",
          "/execute @a[rx=90, rxm=84, tag=!sum, hasitem={item=command_block, location=slot.weapon.mainhand}] ~ ~ ~ detect ~ ~ ~ carpet -1 tag @a remove vic",
          "/execute @a[rx=90, rxm=84, tag=!sum, hasitem={item=command_block, location=slot.weapon.mainhand}] ~ ~ ~ detect ~ ~ ~ carpet -1 summon test:herobrine ~ ~7 ~ herobrine herobrine",
          "/execute @a[rx=90, rxm=84, tag=!sum, hasitem={item=command_block, location=slot.weapon.mainhand}] ~ ~ ~ detect ~ ~ ~ carpet -1 clear @a",
          "/execute @a[rx=90, rxm=84, tag=!sum, hasitem={item=command_block, location=slot.weapon.mainhand}] ~ ~ ~ detect ~ ~ ~ carpet -1 effect @e[name=herobrine] slow_falling 6 255",
          "/execute @e[type=item, name=\"Command Block\"] ~ ~ ~ detect ~ ~ ~ carpet -1 summon test:herobrine ~ ~ ~ herobrine herobrine",
          "/execute @e[type=item, name=\"Command Block\"] ~ ~ ~ detect ~ ~ ~ carpet -1 clear @a",
          "/execute @e[type=item, name=\"Command Block\"] ~ ~ ~ detect ~ ~ ~ carpet -1 tag @a remove vic",
          "/execute @e[type=item, name=\"Command Block\"] ~ ~ ~ detect ~ ~ ~ carpet -1 tellraw @a {\"rawtext\":[{\"text\":\"§eHerobrine joined the game\"}]}",
          "/execute @e[type=test:herobrine] ~ ~ ~ tag @s add herobrine",
          "/execute @a[rx=-75, rxm=-90, tag=!com] ~ ~ ~ detect ~ ~ ~ carpet -1 give @s command_block 1 0 {\"minecraft:can_place_on\":{\"blocks\":[\"command_block\"]}}",
          "/execute @a[hasitem={item=command_block}] ~ ~ ~ tag @a add com",
          "/tag @a[tag=sum] remove sum"
        ],
        "2.5": "execute @e[name=herobrine] ~ ~ ~ kill @e[type=item, name=\"Command Block\"]",
        "3.8": "/execute @a[tag=!tut] ~ ~ ~ say \"Welcome to the Herobrine MiniGame Experience: Survive the spooky Herobrine experience! Give yourself a Command Block from chat with: /give @s command_block , then drop it on a carpet to summon Herobrine! (Alternative: Stand on a carpet looking up to get a spare CMD block, then look down standing on the carpet holding the block to summon Herobrine!) He's very unpredictable! Are you in for a surprise? Find hidden enderchests! Collect the 3 random key items from them! Then use all 3 of those on Herobrine, to eventually win the game! But watch out for his tricks! Good luck!\"",
        "3.9": "/tag @a add tut"
      },
      "animation_length": 4,
      "loop": true
    }
  }
}
