{
  "format_version": "1.10.0",
  "animations": {
    "animation.key3": {
      "timeline": {
        "0.5": [
          "/execute @e[type=test:herobrine] ~ ~ ~ particle minecraft:totem_particle ~ ~ ~",
          "/execute @e[type=test:herobrine] ~ ~ ~ particle minecraft:totem_particle ~ ~ ~",
          "/execute @e[type=test:herobrine] ~ ~ ~ particle minecraft:totem_particle ~ ~ ~",
          "/execute @e[type=test:herobrine] ~ ~ ~ particle minecraft:totem_particle ~ ~ ~",
          "/execute @e[type=test:herobrine] ~ ~ ~ particle minecraft:totem_particle ~ ~ ~",
          "/playsound random.levelup @a ~ ~ ~",
          "/playsound mb.give.cpz @a",
          "/scoreboard objectives add keys dummy keys",
          "/scoreboard objectives setdisplay sidebar keys",
          "/scoreboard players add @a keys 1"
        ]
      },
      "animation_length": 1,
      "loop": false
    }
  }
}
