{
  "format_version": "1.10.0",
  "animations": {
    "animation.kill": {
      "timeline": {
        "0.05": [
          "/execute @e[type=test:herobrine] ~ ~ ~ particle minecraft:totem_particle ~ ~ ~",
          "/execute @e[type=test:herobrine] ~ ~ ~ particle minecraft:totem_particle ~ ~ ~",
          "/execute @e[type=test:herobrine] ~ ~ ~ particle minecraft:totem_particle ~ ~ ~",
          "/execute @e[type=test:herobrine] ~ ~ ~ particle minecraft:totem_particle ~ ~ ~",
          "/execute @e[type=test:herobrine] ~ ~ ~ particle minecraft:totem_particle ~ ~ ~",
          "/playsound random.levelup @a ~ ~ ~",
          "/scoreboard objectives setdisplay sidebar",
          "/scoreboard players reset @a keys",
          "/playanimation @e[type=test:herobrine] animation.dolphin.halloween",
          "/execute @e[name=herobrine] ~ ~ ~ tellraw @a {\"rawtext\":[{\"text\":\"§eHerobrine left the game\"}]}",
          "/execute @e[test:creator] ~ ~ ~ tellraw @a {\"rawtext\":[{\"text\":\"§eDolphinMasterMB left the game\"}]}",
          "/playsound mb.farting.fart @a",
          "/playsound mb.victory.cpz @a[tag=!vic]",
          "/title @a title §2Thanks for playing!",
          "/kill @e[type=test:herobrine]",
          "/kill @e[type=test:creator]",
          "/kill @e[name=pixelkitty]",
          "/kill @e[name=pixelfin]",
          "/kill @e[type=test:cow]",
          "/kill @e[type=test:pig]",
          "/kill @e[type=test:sheep]",
          "/kill @e[type=test:chicken]",
          "/kill @e[family=monster]",
          "/tag @a remove com",
          "/tag @a add vic",
          "/time set day",
          "/weather clear"
        ]
      },
      "animation_length": 0.1,
      "loop": true
    }
  }
}
