{
  "format_version": "1.10.0",
  "animations": {
    "animation.system": {
      "timeline": {
        "0.05": [
          "/execute @e[type=minecraft:dolphin] ~ ~ ~ tag @s add var",
          "/execute @e[type=mb:dolphin] ~ ~ ~ tag @s add var"
        ],
        "0.1": "/execute @r[tag=!offsys] ~ ~ ~ function dolphinsys2",
        "0.15": "/execute @r[tag=alt] ~ ~ ~ function dolphinsys2x",
        "0.175": [
          "/execute @r[tag=new] ~ ~ ~ function dolphindance",
          "/execute @r[tag=new] ~ ~ ~ function dolphintrick",
          "/execute @r[tag=new] ~ ~ ~ function dolphinride",
          "/execute @r[tag=new] ~ ~ ~ function dolphintoy",
          "/execute @r[tag=new] ~ ~ ~ function dolphintoyx"
        ],
        "0.18": [
          "/scoreboard objectives add blink dummy blink",
          "/scoreboard objectives add blonk dummy blonk",
          "/scoreboard objectives add flip dummy flip",
          "/execute @e[tag=var, scores={blink=25}] ~ ~ ~ event entity @s blink",
          "/execute @a ~ ~ ~ event entity @e[tag=var, scores={blink=11}, r=4] blinkx",
          "/execute @e[tag=var, scores={blonk=5}] ~ ~ ~ event entity @s blonk",
          "/execute @e[tag=var, scores={blonk=3}] ~ ~ ~ event entity @s blonkx",
          "/scoreboard players random @e[tag=var] blonk 1 5",
          "/scoreboard players random @e[tag=var] blink 1 25",
          "/scoreboard players random @e[tag=var] flip 1 2",
          "/tag @a[rx=-80, rxm=-88, hasitem={item=glass, location=slot.weapon.mainhand}] add petvr",
          "/tag @a[rx=88, rxm=80, hasitem={item=glass, location=slot.weapon.mainhand}] remove petvr"
        ]
      },
      "animation_length": 0.2,
      "loop": true
    }
  }
}
