{
	"format_version": "1.10.0",
	"particle_effect": {
		"description": {
			"identifier": "fx:muzzle3",
			"basic_render_parameters": {
				"material": "particles_blend",
				"texture": "textures/particle/gunsmoke"
			}
		},
		"components": {
			"minecraft:emitter_rate_steady": {
				"spawn_rate": 6,
				"max_particles": 8
			},
			"minecraft:emitter_lifetime_once": {
				"active_time": 0.9
			},
			"minecraft:emitter_shape_point": {},
			"minecraft:particle_lifetime_expression": {
				"max_lifetime": 1.0
			},
			"minecraft:particle_initial_speed": 0.02,
			"minecraft:particle_motion_dynamic": {
				"linear_acceleration": [0, 1.0, 0]
			},
			"minecraft:particle_appearance_billboard": {
				"size": [0.6, 0.6],
				"facing_camera_mode": "rotate_xyz",
				"uv": {
					"texture_width": 64,
					"texture_height": 64,
					"flipbook": {
						"base_UV": [0, 32],
						"size_UV": [32, 32],
						"step_UV": [32, 0],
						"frames_per_second": 3,
						"max_frame": 6,
						"stretch_to_lifetime": true
					}
				}
			},
			"minecraft:particle_appearance_tinting": {
				"color": [0.64706, 0.63529, 0.63529, 0.05537]
			}
		}
	}
}