{
	"format_version": "1.10.0",
	"particle_effect": {
		"description": {
			"identifier": "fx:port",
			"basic_render_parameters": {
				"material": "particles_blend",
				"texture": "textures/particle/gunsmoke"
			}
		},
		"components": {
			"minecraft:emitter_rate_steady": {
				"spawn_rate": 4,
				"max_particles": 8
			},
			"minecraft:emitter_lifetime_once": {
				"active_time": 0.5
			},
			"minecraft:emitter_shape_point": {},
			"minecraft:particle_lifetime_expression": {
				"max_lifetime": 1.1
			},
			"minecraft:particle_initial_spin": {
				"rotation": 0.1,
				"rotation_rate": 0.2
			},
			"minecraft:particle_initial_speed": 0.1,
			"minecraft:particle_motion_dynamic": {
				"linear_acceleration": [0, 2, 0],
				"rotation_acceleration": 1
			},
			"minecraft:particle_appearance_billboard": {
				"size": [0.25, 0.25],
				"facing_camera_mode": "rotate_xyz",
				"uv": {
					"texture_width": 64,
					"texture_height": 64,
					"flipbook": {
						"base_UV": [0, 0],
						"size_UV": [32, 32],
						"step_UV": [32, 0],
						"frames_per_second": 2,
						"max_frame": 5,
						"stretch_to_lifetime": true
					}
				}
			},
			"minecraft:particle_appearance_tinting": {
				"color": [0.74902, 0.74902, 0.74902, 0.03653]
			}
		}
	}
}