{
  "mob.huggy_jn.jumpscare": {
    "category": "hostile",
    "sounds": [
      "sounds/mob/huggy_jn/new/jumpscare"
    ]
  },
    "mob.huggy_jn.chase": {
    "category": "hostile",
    "min_distance": 100.0,
    "sounds": [
{
     "name": "sounds/mob/huggy_jn/new/huggychase",
        "volume": 0.75
}
    ]
  },
  "mob.huggy_jn.death": {
    "category": "hostile",
    "min_distance": 100.0,
    "sounds": [
{
     "name": "sounds/mob/huggy_jn/new/huggydeath",
        "volume": 0.75
}
    ]
  },
    "mob.mll_jn.chase": {
    "category": "hostile",
    "min_distance": 100.0,
    "sounds": [
{
     "name": "sounds/mob/mll_jn/arachnophobia",
        "volume": 0.75
}
    ]
  },
  "mob.mll_jn.jumpscare": {
    "category": "hostile",
    "sounds": [
      "sounds/mob/mll_jn/mll_jumpscare"
    ]
  }
}