{
  "format_version": "1.13.0",
  "minecraft:entity": {
    "description": {
      "identifier": "ic:grapple",
      "is_spawnable": false,
      "is_summonable": true,
      "is_experimental": false, 
      "scripts": {
				"animate": [
		  "pull"
		]
			},
			"animations": {
				"pull": "controller.animation.pull"
			} 
    },
"component_groups": {
			"cut": {
			"minecraft:instant_despawn": {
				"remove_child_entities":true
			}
		}
					},
    "components": {
      "minecraft:type_family": {
        "family": [ "inanimate" ]
      },
      "minecraft:damage_sensor": {
        "triggers": {
          "cause": "all",
          "deals_damage": false
        }
      },
      "minecraft:collision_box": {
        "width": 0.5,
        "height": 0.5
      },
      "minecraft:leashable": {
		"max_distance": 40,
		"hard_distance": 3,
		"soft_distance": 1
		},
		"minecraft:despawn": {
		"filters": {
			"any_of": [
			{"test": "is_leashed_to", "subject": "other", "value": false },
				{"test":"rider_count","value":0}
			]
		}
	  },
	"minecraft:addrider": {
		"entity_type": "ic:grapple2"
	  },
	  "minecraft:rideable": {
		"controlling_seat": 1,
		"family_types": ["grapple2"],
		"pull_in_entities": false,
		"seat_count": 1,
		"rider_can_interact": false,
		"seats": [
			{
				"rotate_rider_by": 0.0,
				"position": [0.0,0.0,0.0]
			}
		]
	  },
      "minecraft:health": {
        "value": 100,
        "max": 100
      },
      "minecraft:loot": {
        "table": "loot_tables/entities/boat.json"
      },
      "minecraft:timer": {
			  "looping": false,
			  "time": 30,
			  "randomInterval": false,
			  "time_down_event": {
				"event": "rope"
			  }
			},
      "minecraft:physics": {
      "has_gravity" : true
      },
      "minecraft:pushable": {
        "is_pushable": false,
        "is_pushable_by_piston": false
      }, 
      "minecraft:on_hurt_by_player": {
        "event": "fall",
        "target": "self"
      }
    }, 
        "events": { 
        "rope": {
        "add": {
          "component_groups": ["cut", "stack" ] 
        }
      }
    } 
  }
}