{
  "format_version": "1.13.0",
  "minecraft:entity": {
    "description": {
      "identifier": "minecraft:arrow",
      "is_spawnable": false,
      "is_summonable": true,
      "is_experimental": false
    },
    "component_groups": {
    "ic:rope": {
			"minecraft:instant_despawn": {
				"remove_child_entities":false
			}
		},
      "minecraft:hard_arrow": {
        "minecraft:projectile": {
          "on_hit": {
            "impact_damage": {
              "damage": [ 1, 5 ],
              "knockback": true,
              "semi_random_diff_damage": false,
              "destroy_on_hit": false
            },
            "stick_in_ground": {
              "shake_time" : 0.35
            },
            "arrow_effect": {
            }
          },
          "power": 1.6,
          "gravity": 0.0,
          "anchor": 1,
          "should_bounce": true,
          "shoot_sound": "item.grab_pack",
          "offset": [ 0, -0.1, 0 ]
        }
      },

      "minecraft:player_arrow": {
        "minecraft:projectile": {
          "on_hit": {
            "impact_damage": {
              "damage": 1,
              "knockback": true,
              "semi_random_diff_damage": true,
              "destroy_on_hit": false,
              "max_critical_damage": 10,
              "min_critical_damage": 9,
              "power_multiplier": 0.97
            },
            "stick_in_ground": {
              "shake_time" : 0.35
            },
            "arrow_effect": {
            }
          },
          "power": 5.0,
          "gravity": 0.0,
          "anchor": 1,
          "should_bounce": false,
          "shoot_sound": "item.grab_pack",
          "offset": [ 0, -0.1, 0 ]
        }
      },

      "minecraft:pillager_arrow": {
        "minecraft:projectile": {
          "on_hit": {
            "impact_damage": {
              "damage": [ 3, 6 ],
              "knockback": true,
              "semi_random_diff_damage": false,
              "destroy_on_hit": false
            },
            "stick_in_ground": {
              "shake_time": 0.35
            },
            "arrow_effect": {
            }
          },
          "power": 1.6,
          "gravity": 0.0,
          "anchor": 1,
          "should_bounce": true,
          "shoot_sound": "item.grab_pack",
          "offset": [ 0, -0.1, 0 ]
        }
      }
    },

    "components": {
      "minecraft:collision_box": {
        "width": 0.25,
        "height": 0.25
      },
      "minecraft:hurt_on_condition": {
        "damage_conditions": [
          {
            "filters": { "test": "in_lava", "subject": "self", "operator": "==", "value": true },
            "cause": "lava",
            "damage_per_tick": 4
          }
        ]
      },
      "minecraft:timer": {
			  "looping": false,
			  "time": 1.27,
			  "randomInterval": false,
			  "time_down_event": {
				"event": "ic:rope_despawn"
			  }
			},
      "minecraft:projectile": {
        "on_hit": {
          "impact_damage": {
            "damage": [ 1, 4 ],
            "knockback": true,
            "semi_random_diff_damage": false,
            "destroy_on_hit": false
          },
          "stick_in_ground": {
            "shake_time" : 0.35
          },
          "arrow_effect": {
          }
        },
        "power": 1.6,
        "gravity": 0.0,
        "anchor": 1,
        "should_bounce": false,
        "shoot_sound": "item.grab_pack",
        "offset": [ 0, 0, 0 ]
      },
      "minecraft:physics": {
      "has_gravity" : true
      },
      "minecraft:pushable": {
        "is_pushable": false,
        "is_pushable_by_piston": true
      }
    },

    "events": {
    "ic:rope_despawn": {
			"add": {
				"component_groups": [
					"ic:rope"
				]
			}
		}, 
      "minecraft:entity_spawned": {
        "sequence": [
          {
            "filters": {"test": "is_difficulty", "value": "hard"},
            "add": {
              "component_groups": [ "minecraft:hard_arrow" ]
            }
          },
          {
            "filters": {"test": "is_family", "subject": "other", "value": "player"},
            "add": {
              "component_groups" : [ "minecraft:player_arrow" ]
            }
          },
          {
            "filters": {"test": "is_family", "subject": "other", "value": "pillager"},
            "add": {
              "component_groups": [ "minecraft:pillager_arrow" ]
            }
          }
        ]
      }
    }

  }
}