{
  "format_version": "1.10.0",
  "animation_controllers": {
    "controller.animation.ws_spread": {
      "states": {
        "default": {
          "on_entry": [
            "/spreadplayers ~ ~ 0 35 @s",
            "/fill ~ ~ ~ ~ ~-2 ~ air",
            "/tp @s ~ ~-1 ~"
          ]
        }
      }
    },
    "controller.animation.true_ws": {
      "states": {
        "default": {
          "transitions": [
            {
              "ws": "(1.0)"
            }
          ]
        },
        "ws": {
          "transitions": [
            {
              "default": "(1.0)"
            }
          ],
          "on_entry": [
            "/effect @e[r=5,type=!mcsm_eps1:wither_storm_ex,type=!mcsm_eps1:wither_storm] wither 2 2"
          ]
        }
      }
    },
    "controller.animation.ws_stop_theme": {
      "states": {
        "default": {
          "transitions": [
            {
              "ws": "!query.is_alive"
            }
          ]
        },
        "ws": {
          "transitions": [
            {
              "default": "!query.is_alive"
            }
          ],
          "on_entry": [
            "/stopsound @a mob.ws_theme",
            "/particle ws:wither_storm_death_explosion ~ ~2.5 ~"
          ]
        }
      }
    },
    "controller.animation.ws_hit": {
      "states": {
        "default": {
          "transitions": [
            {
              "attack": "query.variant == 2"
            }
          ]
        },
        "attack": {
          "transitions": [
            {
              "default": "query.variant != 2"
            }
          ],
          "on_entry": [
            "/particle ws:ws_explode_dust ~~~",
            "/effect @e[r=6,type=!mcsm_eps1:wither_storm_ex,type=!mcsm_eps1:wither_storm,type=!ws:tractor,mcsm_eps1:ws_block] wither 20 5"
          ]
        }
      }
    },
    "controller.animation.true_ws_ex": {
      "states": {
        "default": {
          "transitions": [
            {
              "ws": "(1.0)"
            }
          ]
        },
        "ws": {
          "transitions": [
            {
              "default": "(1.0)"
            }
          ],
          "on_entry": [
            "/tp @e[r=26,type=mcsm_eps1:ws_block] ~-999999 ~-999999 ~-999999",
            "/weather thunder",
            "/effect @e[r=35,type=!mcsm_eps1:wither_storm_ex,type=!mcsm_eps1:wither_storm,type=!ws:tractor,mcsm_eps1:ws_block] wither 2 2",
            "/kill @e[r=16,type=!ws:tractor,type=!mcsm_eps1:ws_block,type=!mcsm_eps1:ws_skull,type=!mcsm_eps1:wither_storm_ex,type=!mcsm_eps1:wither_storm,type=!ws:lightning,type=!mcsm_eps1:ws_skull2]",
            "/tp @e[r=4,type=!ws:tractor,type=!mcsm_eps1:ws_block,type=!mcsm_eps1:ws_skull,type=!mcsm_eps1:wither_storm_ex,type=!mcsm_eps1:wither_storm,type=!ws:lightning,type=!player,type=!mcsm_eps1:ws_skull2] -99999 -10000 -99999"
          ]
        }
      }
    },
    "controller.animation.ws_spread1": {
      "states": {
        "default": {
          "on_entry": [
            "/spreadplayers ~ ~ 2 50 @s"
          ]
        }
      }
    },
    "controller.animation.ws_anti_explosion": {
      "states": {
        "default": {
          "on_entry": [
            "/tp @s ~ ~10 ~"
          ]
        }
      }
    },
    "controller.animation.ws_start_theme": {
      "states": {
        "default": {
          "on_entry": [
            "/stopsound @a mob.ws_theme",
            "/summon null",
            "/playsound mob.ws_theme @a"
          ]
        }
      }
    }
  }
}
