{
  "format_version": "1.12.0",
  "minecraft:entity": {
    "description": {
      "identifier": "op_asa:guragura_p",
      "is_spawnable": false,
      "is_summonable": false,
      "is_experimental": false,
      "runtime_identifier": "minecraft:snowball",
      "scripts": {
        "animate": [
          "guragura_p"
        ]
      },
      "animations": {
        "guragura_p":"controller.animation.guragura_p"
      }
    },
    "component_groups": {
      "op_asa:barriered":{
        "minecraft:instant_despawn": {}
      }
    },

    "components": {
      "minecraft:type_family": {
        "family": [ "guragura" ]
      },
      "minecraft:collision_box": {
        "width": 0,
        "height": 0
      },
      "minecraft:projectile": {
        "power": 1.5,
        "gravity": 0,
        "angle_offset": 0.0,
        "inertia": 1,
        "knockback":false,
        "liquid_inertia": 1
      },
	    "minecraft:physics": {
      },
      "minecraft:pushable": {
        "is_pushable": false,
        "is_pushable_by_piston": false
      },
      "minecraft:transformation": {
        "into": "op_asa:guragura_ex_l",
        "delay": 1
      },
      "minecraft:conditional_bandwidth_optimization": {
        "default_values": {
          "max_optimized_distance": 80.0,
          "max_dropped_ticks": 10,
          "use_motion_prediction_hints": true
        }
      }
    },

    "events": {
      "op_asa:barriered":{
        "add":{
          "component_groups":[
            "op_asa:barriered"
          ]
        }
      }
    }
  }
}
