{
	"format_version": "1.8.0",
	"animations": {
		"animation.huggy_jn.under1": {
			"loop": true,
			"bones": {
				"root": {
					"position": [0, -8, 0]
				},
				"waist": {
					"rotation": [22.5, 0, 0]
				},
				"leftArm": {
					"rotation": [15, 0, 0]
				},
				"leftLeg": {
					"rotation": [-92.5, 0, 0]
				},
				"leftLeg2": {
					"rotation": [32.5, 0, 0]
				},
				"leftLeg3": {
					"rotation": [25, 0, 0]
				},
				"leftLeg4": {
					"rotation": [35, 0, 0]
				},
				"leftLeg5": {
					"rotation": [17.5, 0, 0]
				},
				"leftLeg6": {
					"rotation": [17.5, 0, 0]
				},
				"leftLeg7": {
					"rotation": [15, 0, 0]
				},
				"leftLeg8": {
					"rotation": [-10, 0, 0]
				},
				"leftLeg9": {
					"rotation": [-15, 0, 0]
				},
				"leftLeg10": {
					"rotation": [-25, 0, 0]
				},
				"rightLeg": {
					"rotation": [-15, 0, 0]
				},
				"rightLeg2": {
					"rotation": [17.5, 0, 0]
				},
				"rightLeg3": {
					"rotation": [7.5, 0, 0]
				},
				"rightLeg4": {
					"rotation": [10, 0, 0]
				},
				"rightLeg5": {
					"rotation": [27.5, 0, 0]
				},
				"rightLeg6": {
					"rotation": [45, 0, 0]
				},
				"rightLeg7": {
					"rotation": [-22.5, 0, 0]
				},
				"rightLeg8": {
					"rotation": [-15, 0, 0]
				},
				"rightLeg9": {
					"rotation": [-25, 0, 0]
				},
				"rightLeg10": {
					"rotation": [-30, 0, 0]
				},
				"leftArm2": {
					"rotation": [-10, 0, 0]
				},
				"leftArm3": {
					"rotation": [-20, 0, 0]
				},
				"leftArm4": {
					"rotation": [-22.5, 0, 0]
				},
				"leftArm5": {
					"rotation": [2.5, 0, 0]
				},
				"leftArm6": {
					"rotation": [7.5, 0, 0]
				},
				"leftArm7": {
					"rotation": [12.5, 0, 0]
				},
				"leftArm8": {
					"rotation": [0, 0, 0]
				},
				"leftArm9": {
					"rotation": [0, 0, 0]
				},
				"leftArm10": {
					"rotation": [-10, 0, 0]
				},
				"rightArm": {
					"rotation": [-27.5, 0, 0]
				},
				"rightArm2": {
					"rotation": [12.5, 0, 0]
				},
				"rightArm3": {
					"rotation": [7.5, 0, 0]
				},
				"rightArm4": {
					"rotation": [15, 0, 0]
				},
				"rightArm5": {
					"rotation": [17.5, 0, 0]
				},
				"rightArm6": {
					"rotation": [-15, 0, 0]
				},
				"rightArm7": {
					"rotation": [-15, 0, 0]
				},
				"rightArm8": {
					"rotation": [-12.5, 0, 0]
				},
				"rightArm9": {
					"rotation": [-17.5, 0, 0]
				},
				"rightArm10": {
					"rotation": [-17.5, 0, 0]
				},
				"leftToe": {
					"rotation": [0, -52.5, 0]
				},
				"rightToe": {
					"rotation": [0, 65, 0]
				}
			}
		},
		"animation.huggy_jn.ventidle": {
			"loop": true,
			"bones": {
				"root": {
					"position": [0, -21, 0]
				},
				"waist": {
					"rotation": [17.5, 0, 0]
				},
				"leftArm": {
					"rotation": [10, 0, 0]
				},
				"leftArm2": {
					"rotation": [-22.5, 0, 0]
				},
				"leftArm3": {
					"rotation": [-15, 0, 0]
				},
				"leftArm4": {
					"rotation": [-17.5, 0, 0]
				},
				"leftArm5": {
					"rotation": [-22.5, 0, 0]
				},
				"leftArm6": {
					"rotation": [-2.5, 0, 0]
				},
				"leftArm7": {
					"rotation": [-7.5, 0, 0]
				},
				"leftArm8": {
					"rotation": [-5, 0, 0]
				},
				"leftArm9": {
					"rotation": [-2.5, 0, 0]
				},
				"leftArm10": {
					"rotation": [-10, 0, 0]
				},
				"leftHand": {
					"rotation": [0, 0, 12.5]
				},
				"rightArm": {
					"rotation": [17.5, 0, 0]
				},
				"rightArm2": {
					"rotation": [-15, 0, 0]
				},
				"rightArm3": {
					"rotation": [-25, 0, 0]
				},
				"rightArm4": {
					"rotation": [-15, 0, 0]
				},
				"rightArm5": {
					"rotation": [-25, 0, 0]
				},
				"rightArm6": {
					"rotation": [-10, 0, 0]
				},
				"rightArm7": {
					"rotation": [-7.5, 0, 0]
				},
				"rightArm8": {
					"rotation": [-10, 0, 0]
				},
				"rightArm9": {
					"rotation": [-2.5, 0, 0]
				},
				"rightArm10": {
					"rotation": [-12.5, 0, 0]
				},
				"rightHand": {
					"rotation": [0, 0, -10]
				},
				"leftLeg": {
					"rotation": [-122.5, 0, 0]
				},
				"leftLeg2": {
					"rotation": [17.5, 0, 0]
				},
				"leftLeg3": {
					"rotation": [27.5, 0, 0]
				},
				"leftLeg4": {
					"rotation": [37.5, 0, 0]
				},
				"leftLeg5": {
					"rotation": [35, 0, 0]
				},
				"leftLeg6": {
					"rotation": [30, 0, 0]
				},
				"leftLeg7": {
					"rotation": [35, 0, 0]
				},
				"leftLeg8": {
					"rotation": [45, 0, 0]
				},
				"leftLeg9": {
					"rotation": [0, 0, 0]
				},
				"leftLeg10": {
					"rotation": [-102.5, 0, 0]
				},
				"leftToe": {
					"rotation": [0, -60, 0]
				},
				"rightLeg": {
					"rotation": [-42.5, 0, 0]
				},
				"rightLeg2": {
					"rotation": [10, 0, 0]
				},
				"rightLeg3": {
					"rotation": [55, 0, 0]
				},
				"rightLeg4": {
					"rotation": [42.5, 0, 0]
				},
				"rightLeg5": {
					"rotation": [45, 0, 0]
				},
				"rightLeg6": {
					"rotation": [17.5, 0, 0]
				},
				"rightLeg7": {
					"rotation": [-17.5, 0, 0]
				},
				"rightLeg8": {
					"rotation": [-22.5, 0, 0]
				},
				"rightLeg9": {
					"rotation": [-27.5, 0, 0]
				},
				"rightLeg10": {
					"rotation": [-52.5, 0, 0]
				},
				"rightToe": {
					"rotation": [0, 37.5, 0]
				}
			}
		},
		"animation.huggy_jn.ventcrawl": {
			"loop": true,
			"animation_length": 1.625,
			"bones": {
				"root": {
					"position": [0, -21, 0]
				},
				"waist": {
					"rotation": {
						"0.0": [17.5, 0, 0],
						"0.2083": [12.5, 0, 0],
						"0.4167": [17.5, 0, 0],
						"0.625": [12.5, 0, 0],
						"0.8333": [17.5, 0, 0],
						"1.0417": [12.5, 0, 0],
						"1.25": [17.5, 0, 0],
						"1.4583": [12.5, 0, 0],
						"1.625": [17.5, 0, 0]
					}
				},
				"leftArm": {
					"rotation": {
						"0.0": {
							"post": [85, -5, "-((math.cos(query.life_time * 103.2) * 2.865) + 4)"],
							"lerp_mode": "catmullrom"
						},
						"0.2083": {
							"post": [-25, 5, "-((math.cos(query.life_time * 103.2) * 2.865) + 4)"],
							"lerp_mode": "catmullrom"
						},
						"0.4167": {
							"post": [-25, -5, "-((math.cos(query.life_time * 103.2) * 2.865) + 4)"],
							"lerp_mode": "catmullrom"
						},
						"0.8333": {
							"post": [72.5, -5, "-((math.cos(query.life_time * 103.2) * 2.865) + 4)"],
							"lerp_mode": "catmullrom"
						},
						"1.0417": {
							"post": [12.5, 5, "-((math.cos(query.life_time * 103.2) * 2.865) + 4)"],
							"lerp_mode": "catmullrom"
						},
						"1.25": {
							"post": [12.5, -5, "-((math.cos(query.life_time * 103.2) * 2.865) + 4)"],
							"lerp_mode": "catmullrom"
						},
						"1.625": {
							"post": [85, -5, "-((math.cos(query.life_time * 103.2) * 2.865) + 4)"],
							"lerp_mode": "catmullrom"
						}
					}
				},
				"leftArm2": {
					"rotation": {
						"0.0": {
							"post": [-22.5, 0, 0],
							"lerp_mode": "catmullrom"
						}
					}
				},
				"leftArm3": {
					"rotation": {
						"0.0": {
							"post": [-15, 0, 0],
							"lerp_mode": "catmullrom"
						}
					}
				},
				"leftArm4": {
					"rotation": {
						"0.0": {
							"post": [-17.5, 0, 0],
							"lerp_mode": "catmullrom"
						}
					}
				},
				"leftArm5": {
					"rotation": {
						"0.0": [-22.5, 0, 0],
						"0.2083": [-22.5, 0, 7.5],
						"0.4167": [-22.5, 0, 2.5],
						"0.8333": [-45, 0, 2.5]
					}
				},
				"leftArm6": {
					"rotation": {
						"0.0": [-2.5, 0, 0],
						"0.4167": [-2.5, 0, 0],
						"0.8333": [-27.5, 0, 0],
						"1.0417": [22.5, 0, 0]
					}
				},
				"leftArm7": {
					"rotation": {
						"0.0": [-77.5, 0, 0],
						"0.4167": [-7.5, 0, 0],
						"0.8333": [-40, 0, 0],
						"1.25": [-40, 0, 0],
						"1.625": [-77.5, 0, 0]
					}
				},
				"leftArm8": {
					"rotation": [-5, 0, 0]
				},
				"leftArm9": {
					"rotation": [-2.5, 0, 0]
				},
				"leftArm10": {
					"rotation": [-10, 0, 0]
				},
				"leftHand": {
					"rotation": {
						"0.0": {
							"post": [0, 180, 0],
							"lerp_mode": "catmullrom"
						}
					},
					"position": {
						"0.0": {
							"post": [1.5, 0, 0],
							"lerp_mode": "catmullrom"
						}
					}
				},
				"leftThumb": {
					"rotation": [45, 0, 0]
				},
				"rightArm": {
					"rotation": {
						"0.0": {
							"post": [6.9, -3.32, 1.2],
							"lerp_mode": "catmullrom"
						},
						"0.0417": {
							"post": [12.5, -5, "((math.cos(query.life_time * 103.2) * 2.865) + 4)"],
							"lerp_mode": "catmullrom"
						},
						"0.4167": {
							"post": [85, -5, "((math.cos(query.life_time * 103.2) * 2.865) + 4)"],
							"lerp_mode": "catmullrom"
						},
						"0.625": {
							"post": [-25, 5, "((math.cos(query.life_time * 103.2) * 2.865) + 4)"],
							"lerp_mode": "catmullrom"
						},
						"0.8333": {
							"post": [-25, -5, "((math.cos(query.life_time * 103.2) * 2.865) + 4)"],
							"lerp_mode": "catmullrom"
						},
						"1.25": {
							"post": [72.5, -5, "((math.cos(query.life_time * 103.2) * 2.865) + 4)"],
							"lerp_mode": "catmullrom"
						},
						"1.4583": {
							"post": [12.5, 5, "((math.cos(query.life_time * 103.2) * 2.865) + 4)"],
							"lerp_mode": "catmullrom"
						},
						"1.625": {
							"post": [6.9, -3.32, 1.2],
							"lerp_mode": "catmullrom"
						}
					}
				},
				"rightArm2": {
					"rotation": [-15, 0, 0]
				},
				"rightArm3": {
					"rotation": [-15, 0, 0]
				},
				"rightArm4": {
					"rotation": [-17.5, 0, 0]
				},
				"rightArm5": {
					"rotation": {
						"0.4167": [-22.5, 0, 0],
						"0.625": [-22.5, 0, -7.5],
						"0.8333": [-22.5, 0, 2.5],
						"1.25": [-45, 0, 2.5]
					}
				},
				"rightArm6": {
					"rotation": {
						"0.4167": [-2.5, 0, 0],
						"0.8333": [-2.5, 0, 0],
						"1.25": [-27.5, 0, 0],
						"1.4583": [22.5, 0, 0]
					}
				},
				"rightArm7": {
					"rotation": {
						"0.0": [-38.63, 0, 0],
						"0.0417": [-40, 0, 0],
						"0.4167": [-77.5, 0, 0],
						"0.8333": [-7.5, 0, 0],
						"1.25": [-40, 0, 0],
						"1.625": [-38.63, 0, 0]
					}
				},
				"rightArm8": {
					"rotation": [-5, 0, 0]
				},
				"rightArm9": {
					"rotation": [-2.5, 0, 0]
				},
				"rightArm10": {
					"rotation": [-12.5, 0, 0]
				},
				"rightHand": {
					"rotation": {
						"0.0": {
							"post": [0, 180, 0],
							"lerp_mode": "catmullrom"
						}
					},
					"position": {
						"0.0": {
							"post": [0.6, 0, 0],
							"lerp_mode": "catmullrom"
						}
					}
				},
				"rightThumb": {
					"rotation": [50, 0, 0]
				},
				"leftLeg": {
					"rotation": {
						"0.0": {
							"post": [-122.5, 0, 0],
							"lerp_mode": "catmullrom"
						},
						"0.4167": {
							"post": [35, 0, 0],
							"lerp_mode": "catmullrom"
						},
						"0.8333": {
							"post": [-122.5, 0, 0],
							"lerp_mode": "catmullrom"
						},
						"1.2083": {
							"post": [35, 0, 0],
							"lerp_mode": "catmullrom"
						},
						"1.625": {
							"post": [-122.5, 0, 0],
							"lerp_mode": "catmullrom"
						}
					}
				},
				"leftLeg2": {
					"rotation": {
						"0.0": {
							"post": [17.5, 0, 0],
							"lerp_mode": "catmullrom"
						},
						"0.4167": {
							"post": [-12.5, 0, 0],
							"lerp_mode": "catmullrom"
						},
						"0.8333": {
							"post": [17.5, 0, 0],
							"lerp_mode": "catmullrom"
						},
						"1.2083": {
							"post": [-12.5, 0, 0],
							"lerp_mode": "catmullrom"
						},
						"1.625": {
							"post": [17.5, 0, 0],
							"lerp_mode": "catmullrom"
						}
					}
				},
				"leftLeg3": {
					"rotation": {
						"0.0": {
							"post": [27.5, 0, 0],
							"lerp_mode": "catmullrom"
						},
						"0.4167": {
							"post": [2.5, 0, 0],
							"lerp_mode": "catmullrom"
						},
						"0.6667": {
							"post": [-20.39, 0, 0],
							"lerp_mode": "catmullrom"
						},
						"0.8333": {
							"post": [27.5, 0, 0],
							"lerp_mode": "catmullrom"
						},
						"1.2083": {
							"post": [2.5, 0, 0],
							"lerp_mode": "catmullrom"
						},
						"1.4583": {
							"post": [-20.39, 0, 0],
							"lerp_mode": "catmullrom"
						},
						"1.625": {
							"post": [27.5, 0, 0],
							"lerp_mode": "catmullrom"
						}
					}
				},
				"leftLeg4": {
					"rotation": {
						"0.0": {
							"post": [37.5, 0, 0],
							"lerp_mode": "catmullrom"
						},
						"0.8333": {
							"post": [37.5, 0, 0],
							"lerp_mode": "catmullrom"
						},
						"1.625": {
							"post": [37.5, 0, 0],
							"lerp_mode": "catmullrom"
						}
					}
				},
				"leftLeg5": {
					"rotation": {
						"0.0": {
							"post": [35, 0, 0],
							"lerp_mode": "catmullrom"
						},
						"0.6667": {
							"post": [75, 0, 0],
							"lerp_mode": "catmullrom"
						},
						"0.8333": {
							"post": [35, 0, 0],
							"lerp_mode": "catmullrom"
						},
						"1.4583": {
							"post": [75, 0, 0],
							"lerp_mode": "catmullrom"
						},
						"1.625": {
							"post": [35, 0, 0],
							"lerp_mode": "catmullrom"
						}
					}
				},
				"leftLeg6": {
					"rotation": {
						"0.0": {
							"post": [30, 0, 0],
							"lerp_mode": "catmullrom"
						},
						"0.4167": {
							"post": [17.5, 0, 0],
							"lerp_mode": "catmullrom"
						},
						"0.8333": {
							"post": [30, 0, 0],
							"lerp_mode": "catmullrom"
						},
						"1.2083": {
							"post": [17.5, 0, 0],
							"lerp_mode": "catmullrom"
						},
						"1.625": {
							"post": [30, 0, 0],
							"lerp_mode": "catmullrom"
						}
					}
				},
				"leftLeg7": {
					"rotation": {
						"0.0": {
							"post": [35, 0, 0],
							"lerp_mode": "catmullrom"
						},
						"0.4167": {
							"post": [17.5, 0, 0],
							"lerp_mode": "catmullrom"
						},
						"0.8333": {
							"post": [35, 0, 0],
							"lerp_mode": "catmullrom"
						},
						"1.2083": {
							"post": [17.5, 0, 0],
							"lerp_mode": "catmullrom"
						},
						"1.625": {
							"post": [35, 0, 0],
							"lerp_mode": "catmullrom"
						}
					}
				},
				"leftLeg8": {
					"rotation": {
						"0.0": {
							"post": [45, 0, 0],
							"lerp_mode": "catmullrom"
						},
						"0.4167": {
							"post": [-22.5, 0, 0],
							"lerp_mode": "catmullrom"
						},
						"0.8333": {
							"post": [45, 0, 0],
							"lerp_mode": "catmullrom"
						},
						"1.2083": {
							"post": [-22.5, 0, 0],
							"lerp_mode": "catmullrom"
						},
						"1.625": {
							"post": [45, 0, 0],
							"lerp_mode": "catmullrom"
						}
					}
				},
				"leftLeg9": {
					"rotation": {
						"0.0": {
							"post": [0, 0, 0],
							"lerp_mode": "catmullrom"
						},
						"0.4167": {
							"post": [-15, 0, 0],
							"lerp_mode": "catmullrom"
						},
						"0.6667": {
							"post": [40.26, 0, 0],
							"lerp_mode": "catmullrom"
						},
						"0.8333": {
							"post": [0, 0, 0],
							"lerp_mode": "catmullrom"
						},
						"1.2083": {
							"post": [-15, 0, 0],
							"lerp_mode": "catmullrom"
						},
						"1.4583": {
							"post": [40.26, 0, 0],
							"lerp_mode": "catmullrom"
						},
						"1.625": {
							"post": [0, 0, 0],
							"lerp_mode": "catmullrom"
						}
					}
				},
				"leftLeg10": {
					"rotation": {
						"0.0": {
							"post": [-102.5, 0, 0],
							"lerp_mode": "catmullrom"
						},
						"0.4167": {
							"post": [-30, 0, 0],
							"lerp_mode": "catmullrom"
						},
						"0.6667": {
							"post": [-2.11, 0, 0],
							"lerp_mode": "catmullrom"
						},
						"0.8333": {
							"post": [-102.5, 0, 0],
							"lerp_mode": "catmullrom"
						},
						"1.2083": {
							"post": [-30, 0, 0],
							"lerp_mode": "catmullrom"
						},
						"1.4583": {
							"post": [-2.11, 0, 0],
							"lerp_mode": "catmullrom"
						},
						"1.625": {
							"post": [-102.5, 0, 0],
							"lerp_mode": "catmullrom"
						}
					}
				},
				"leftToe": {
					"rotation": {
						"0.0": {
							"post": [0, -60, 0],
							"lerp_mode": "catmullrom"
						},
						"0.8333": {
							"post": [0, -60, 0],
							"lerp_mode": "catmullrom"
						}
					}
				},
				"rightLeg": {
					"rotation": {
						"0.0": {
							"post": [-42.5, 0, 0],
							"lerp_mode": "catmullrom"
						},
						"0.4167": {
							"post": [-107.5, 0, 0],
							"lerp_mode": "catmullrom"
						},
						"0.8333": {
							"post": [-42.5, 0, 0],
							"lerp_mode": "catmullrom"
						},
						"1.25": {
							"post": [-107.5, 0, 0],
							"lerp_mode": "catmullrom"
						},
						"1.625": {
							"post": [-42.5, 0, 0],
							"lerp_mode": "catmullrom"
						}
					}
				},
				"rightLeg2": {
					"rotation": {
						"0.0": {
							"post": [10, 0, 0],
							"lerp_mode": "catmullrom"
						},
						"0.8333": {
							"post": [10, 0, 0],
							"lerp_mode": "catmullrom"
						},
						"1.625": {
							"post": [10, 0, 0],
							"lerp_mode": "catmullrom"
						}
					}
				},
				"rightLeg3": {
					"rotation": {
						"0.0": {
							"post": [55, 0, 0],
							"lerp_mode": "catmullrom"
						},
						"0.25": {
							"post": [-40, 0, 0],
							"lerp_mode": "catmullrom"
						},
						"0.4167": {
							"post": [17.5, 0, 0],
							"lerp_mode": "catmullrom"
						},
						"0.8333": {
							"post": [55, 0, 0],
							"lerp_mode": "catmullrom"
						},
						"1.0833": {
							"post": [-40, 0, 0],
							"lerp_mode": "catmullrom"
						},
						"1.25": {
							"post": [17.5, 0, 0],
							"lerp_mode": "catmullrom"
						},
						"1.625": {
							"post": [55, 0, 0],
							"lerp_mode": "catmullrom"
						}
					}
				},
				"rightLeg4": {
					"rotation": {
						"0.0": {
							"post": [42.5, 0, 0],
							"lerp_mode": "catmullrom"
						},
						"0.4167": {
							"post": [15, 0, 0],
							"lerp_mode": "catmullrom"
						},
						"0.8333": {
							"post": [42.5, 0, 0],
							"lerp_mode": "catmullrom"
						},
						"1.25": {
							"post": [15, 0, 0],
							"lerp_mode": "catmullrom"
						},
						"1.625": {
							"post": [42.5, 0, 0],
							"lerp_mode": "catmullrom"
						}
					}
				},
				"rightLeg5": {
					"rotation": {
						"0.0": {
							"post": [45, 0, 0],
							"lerp_mode": "catmullrom"
						},
						"0.25": {
							"post": [20, 0, 0],
							"lerp_mode": "catmullrom"
						},
						"0.4167": {
							"post": [20, 0, 0],
							"lerp_mode": "catmullrom"
						},
						"0.8333": {
							"post": [45, 0, 0],
							"lerp_mode": "catmullrom"
						},
						"1.0833": {
							"post": [20, 0, 0],
							"lerp_mode": "catmullrom"
						},
						"1.25": {
							"post": [20, 0, 0],
							"lerp_mode": "catmullrom"
						},
						"1.2917": {
							"post": [22.56, 0, 0],
							"lerp_mode": "catmullrom"
						},
						"1.4583": {
							"post": [35.4, 0, 0],
							"lerp_mode": "catmullrom"
						},
						"1.625": {
							"post": [45, 0, 0],
							"lerp_mode": "catmullrom"
						}
					}
				},
				"rightLeg6": {
					"rotation": {
						"0.0": {
							"post": [17.5, 0, 0],
							"lerp_mode": "catmullrom"
						},
						"0.1667": {
							"post": [86.33, 0, 0],
							"lerp_mode": "catmullrom"
						},
						"0.25": {
							"post": [72, 0, 0],
							"lerp_mode": "catmullrom"
						},
						"0.4167": {
							"post": [25, 0, 0],
							"lerp_mode": "catmullrom"
						},
						"0.6667": {
							"post": [55.5, 0, 0],
							"lerp_mode": "catmullrom"
						},
						"0.8333": {
							"post": [17.5, 0, 0],
							"lerp_mode": "catmullrom"
						},
						"0.9583": {
							"post": [84.75, 0, 0],
							"lerp_mode": "catmullrom"
						},
						"1.0833": {
							"post": [72, 0, 0],
							"lerp_mode": "catmullrom"
						},
						"1.25": {
							"post": [25, 0, 0],
							"lerp_mode": "catmullrom"
						},
						"1.375": {
							"post": [57.5, 0, 0],
							"lerp_mode": "catmullrom"
						},
						"1.625": {
							"post": [17.5, 0, 0],
							"lerp_mode": "catmullrom"
						}
					}
				},
				"rightLeg7": {
					"rotation": {
						"0.0": {
							"post": [-17.5, 0, 0],
							"lerp_mode": "catmullrom"
						},
						"0.25": {
							"post": [58.5, 0, 0],
							"lerp_mode": "catmullrom"
						},
						"0.4167": {
							"post": [55, 0, 0],
							"lerp_mode": "catmullrom"
						},
						"0.8333": {
							"post": [-17.5, 0, 0],
							"lerp_mode": "catmullrom"
						},
						"1.0833": {
							"post": [58.5, 0, 0],
							"lerp_mode": "catmullrom"
						},
						"1.25": {
							"post": [55, 0, 0],
							"lerp_mode": "catmullrom"
						},
						"1.625": {
							"post": [-17.5, 0, 0],
							"lerp_mode": "catmullrom"
						}
					}
				},
				"rightLeg8": {
					"rotation": {
						"0.0": {
							"post": [-22.5, 0, 0],
							"lerp_mode": "catmullrom"
						},
						"0.4167": {
							"post": [27.5, 0, 0],
							"lerp_mode": "catmullrom"
						},
						"0.8333": {
							"post": [-22.5, 0, 0],
							"lerp_mode": "catmullrom"
						},
						"1.25": {
							"post": [27.5, 0, 0],
							"lerp_mode": "catmullrom"
						},
						"1.625": {
							"post": [-22.5, 0, 0],
							"lerp_mode": "catmullrom"
						}
					}
				},
				"rightLeg9": {
					"rotation": {
						"0.0": {
							"post": [-27.5, 0, 0],
							"lerp_mode": "catmullrom"
						},
						"0.4167": {
							"post": [75, 0, 0],
							"lerp_mode": "catmullrom"
						},
						"0.8333": {
							"post": [-27.5, 0, 0],
							"lerp_mode": "catmullrom"
						},
						"1.25": {
							"post": [75, 0, 0],
							"lerp_mode": "catmullrom"
						},
						"1.625": {
							"post": [-27.5, 0, 0],
							"lerp_mode": "catmullrom"
						}
					}
				},
				"rightLeg10": {
					"rotation": {
						"0.0": {
							"post": [-52.5, 0, 0],
							"lerp_mode": "catmullrom"
						},
						"0.25": {
							"post": [-5, 0, 0],
							"lerp_mode": "catmullrom"
						},
						"0.4167": {
							"post": [-52.5, 0, 0],
							"lerp_mode": "catmullrom"
						},
						"0.8333": {
							"post": [-52.5, 0, 0],
							"lerp_mode": "catmullrom"
						},
						"1.0833": {
							"post": [-5, 0, 0],
							"lerp_mode": "catmullrom"
						},
						"1.25": {
							"post": [-52.5, 0, 0],
							"lerp_mode": "catmullrom"
						},
						"1.625": {
							"post": [-52.5, 0, 0],
							"lerp_mode": "catmullrom"
						}
					}
				},
				"rightToe": {
					"rotation": [0, 37.5, 0]
				},
				"head": {
					"rotation": {
						"0.0": {
							"post": ["-((math.cos(query.life_time * 630) * 3) + 3)", 0, 0],
							"lerp_mode": "catmullrom"
						}
					}
				},
				"leftFoot": {
					"rotation": {
						"0.0": {
							"post": [0, 0, 0],
							"lerp_mode": "catmullrom"
						},
						"0.4167": {
							"post": [27.5, 0, 0],
							"lerp_mode": "catmullrom"
						},
						"0.8333": {
							"post": [0, 0, 0],
							"lerp_mode": "catmullrom"
						},
						"1.2083": {
							"post": [27.5, 0, 0],
							"lerp_mode": "catmullrom"
						},
						"1.625": {
							"post": [0, 0, 0],
							"lerp_mode": "catmullrom"
						}
					}
				},
				"rightEye": {
					"rotation": ["math.clamp(query.target_x_rotation, -25, 25)", "math.clamp(query.target_y_rotation, -25, 25)", 0]
				},
				"leftEye": {
					"rotation": ["math.clamp(query.target_x_rotation, -25, 25)", "math.clamp(query.target_y_rotation, -25, 25)", 0]
				}
			}
		},
		"animation.huggy_jn.chase": {
			"loop": true,
			"bones": {
				"passivemouth": {
					"scale": 0
				},
				"passive": {
					"scale": 0
				}
			}
		},
		"animation.huggy_jn.passive": {
			"loop": true,
			"bones": {
				"chase1": {
					"scale": [1, 0, 0]
				},
				"chase2": {
					"scale": [1, 0, 0]
				}
			}
		},
		"animation.huggy_jn.die": {
			"loop": "hold_on_last_frame",
			"animation_length": 0.7,
			"bones": {
				"leftArm": {
					"rotation": {
						"0.0": [0, 0, 0],
						"0.25": [-30, 0, "-36-((math.cos(query.life_time * 60) * 2) + 2)"],
						"0.45": [-30, -50, -36]
					}
				},
				"leftArm6": {
					"rotation": {
						"0.0": [0, 0, 0],
						"0.25": [0, 0, -16]
					}
				},
				"leftHand": {
					"rotation": {
						"0.0": [0, 0, 0],
						"0.25": [0, 0, 0],
						"0.45": [-64.89592, -77.33795, 55.90098]
					}
				},
				"leftThumb": {
					"rotation": [55, 0, 0]
				},
				"rightArm": {
					"rotation": {
						"0.0": [0, 0, 0],
						"0.25": [35, 0, 47.5],
						"0.5": [155, 0, -50]
					}
				},
				"rightArm7": {
					"rotation": [0, 0, 0]
				},
				"rightHand": {
					"rotation": [0, 0, "4-((math.cos(query.life_time * 60) * 2) + 2)"]
				},
				"rightThumb": {
					"rotation": [60, 0, 0]
				},
				"head": {
					"rotation": {
						"0.0": [17.5, 0, 12.5],
						"0.2": [-72, 0, 12.5],
						"0.45": [45.5, 0, 12.5],
						"0.55": [-9.5, 0, 12.5],
						"0.7": [0.5, 0, 12.5]
					}
				},
				"leftToe": {
					"rotation": [0, -27.5, 0]
				},
				"rightToe": {
					"rotation": [0, 62.5, 0]
				},
				"rightEye": {
					"rotation": ["math.clamp(query.target_x_rotation, -25, 25)", "math.clamp(query.target_y_rotation, -25, 25)", 0]
				},
				"leftEye": {
					"rotation": ["math.clamp(query.target_x_rotation, -25, 25)", "math.clamp(query.target_y_rotation, -25, 25)", 0]
				},
				"root": {
					"rotation": {
						"0.0": [0, 0, 0],
						"0.45": [90, 0, 0],
						"0.5": [87.5, 0, 0],
						"0.6": [90, 0, 0]
					},
					"position": {
						"0.0": [0, 0, 0],
						"0.15": [0, 2.33, 0],
						"0.45": [0, 1, 0]
					}
				},
				"rightArm8": {
					"rotation": {
						"0.0": [0, 0, 0],
						"0.25": [-12.5, 0, 5]
					}
				},
				"leftLeg": {
					"rotation": {
						"0.0": [0, 0, 0],
						"0.45": [0, 0, -50]
					}
				},
				"leftLeg2": {
					"rotation": {
						"0.0": [0, 0, 0],
						"0.45": [0, 0, -20]
					}
				},
				"leftLeg3": {
					"rotation": {
						"0.0": [0, 0, 0],
						"0.45": [0, 0, -10]
					}
				},
				"leftLeg4": {
					"rotation": {
						"0.0": [0, 0, 0],
						"0.45": [0, 0, 15]
					}
				},
				"leftLeg5": {
					"rotation": {
						"0.0": [0, 0, 0],
						"0.45": [0, 0, 18]
					}
				},
				"leftLeg6": {
					"rotation": {
						"0.0": [0, 0, 0],
						"0.45": [0, 0, 20]
					}
				},
				"leftLeg7": {
					"rotation": {
						"0.0": [0, 0, 0],
						"0.45": [0, 0, 18]
					}
				},
				"leftLeg8": {
					"rotation": {
						"0.0": [0, 0, 0],
						"0.45": [0, 0, 15]
					}
				},
				"leftLeg9": {
					"rotation": {
						"0.0": [0, 0, 0],
						"0.45": [0, 0, 15]
					}
				},
				"leftLeg10": {
					"rotation": {
						"0.0": [0, 0, 0],
						"0.45": [0, 0, 10]
					}
				},
				"leftFoot": {
					"rotation": {
						"0.0": [0, 0, 0],
						"0.45": [72.5, 0, 0]
					}
				},
				"rightLeg2": {
					"rotation": {
						"0.0": [0, 0, 0],
						"0.45": [0, 0, 10]
					}
				},
				"rightLeg3": {
					"rotation": {
						"0.0": [0, 0, 0],
						"0.45": [0, 0, 17]
					}
				},
				"rightLeg5": {
					"rotation": {
						"0.0": [0, 0, 0],
						"0.45": [0, 0, 10]
					}
				},
				"rightLeg6": {
					"rotation": {
						"0.0": [0, 0, 0],
						"0.45": [0, 0, -10]
					}
				},
				"rightLeg7": {
					"rotation": {
						"0.0": [0, 0, 0],
						"0.45": [0, 0, -15]
					}
				},
				"rightLeg8": {
					"rotation": {
						"0.0": [0, 0, 0],
						"0.45": [0, 0, -17]
					}
				},
				"rightLeg9": {
					"rotation": {
						"0.0": [0, 0, 0],
						"0.45": [0, 0, -18]
					}
				},
				"rightLeg10": {
					"rotation": {
						"0.0": [0, 0, 0],
						"0.45": [0, 0, 10]
					}
				},
				"rightFoot": {
					"rotation": {
						"0.0": [0, 0, 0],
						"0.45": [67.5, 0, 0]
					}
				},
				"leftArm2": {
					"rotation": {
						"0.0": [0, 0, 0],
						"0.25": [-27.5, 0, -35]
					}
				},
				"leftArm4": {
					"rotation": {
						"0.0": [0, 0, 0],
						"0.25": [0, 10, -42.5],
						"0.45": [0, 72.5, -17.5]
					}
				},
				"leftArm5": {
					"rotation": {
						"0.0": [0, 0, 0],
						"0.25": [-10, -12.5, -22.5],
						"0.7": [-10, -12.5, -22.5]
					}
				},
				"leftArm7": {
					"rotation": {
						"0.0": [0, 0, 0],
						"0.25": [7.5, 0, -20]
					}
				},
				"leftArm8": {
					"rotation": {
						"0.0": [0, 0, 0],
						"0.25": [0, 0, -12.5]
					}
				},
				"leftArm9": {
					"rotation": {
						"0.0": [0, 0, 0],
						"0.25": [0, 0, -5]
					}
				},
				"rightArm2": {
					"rotation": {
						"0.0": [0, 0, 0],
						"0.25": [25, 0, 0]
					}
				},
				"rightArm3": {
					"rotation": {
						"0.0": [0, 0, 0],
						"0.25": [17.5, 0, 0]
					}
				},
				"rightArm4": {
					"rotation": {
						"0.0": [0, 0, 0],
						"0.5": [-25, 0, 0]
					}
				},
				"rightArm5": {
					"rotation": {
						"0.0": [0, 0, 0],
						"0.25": [30, -17.5, 0]
					}
				},
				"rightArm6": {
					"rotation": {
						"0.0": [0, 0, 0],
						"0.25": [-4.8125, -0.9339, 30.71722]
					}
				},
				"rightArm9": {
					"rotation": {
						"0.0": [0, 0, 0],
						"0.25": [5, 0, 0]
					}
				},
				"rightArm10": {
					"rotation": {
						"0.0": [0, 0, 0],
						"0.25": [-12.5, 0, 0]
					}
				},
				"leftArm10": {
					"rotation": [12.5, 0, 0]
				}
			}
		},
		"animation.huggy_jn.jumpscare2": {
			"loop": true,
			"animation_length": 5,
			"bones": {
				"waist": {
					"rotation": {
						"0.0": [10, 0, 0],
						"1.45": [10, 0, 0],
						"1.75": ["-Math.sin(query.life_time * 104) * 3", 0, "2.5-Math.sin(query.life_time * 107) * 3"]
					}
				},
				"leftArm": {
					"rotation": {
						"0.0": [-35, 0, -15],
						"1.45": [-35, 0, -15],
						"1.75": [5, 0, "-2.5+Math.sin(query.life_time * 103) * 3"]
					}
				},
				"leftArm3": {
					"rotation": {
						"0.0": [-15, 0, 15],
						"1.45": [-15, 0, 15],
						"1.75": [0, 0, 0]
					}
				},
				"leftArm4": {
					"rotation": {
						"0.0": [-10, 0, 0],
						"1.45": [-10, 0, 0],
						"1.75": [0, 0, 0]
					}
				},
				"leftArm5": {
					"rotation": {
						"0.0": [0, 0, 15],
						"1.45": [0, 0, 15],
						"1.75": [0, 0, 0]
					}
				},
				"leftArm6": {
					"rotation": {
						"0.0": [-10, 0, 0],
						"1.45": [-10, 0, 0],
						"1.75": [0, 0, 0]
					}
				},
				"leftArm7": {
					"rotation": {
						"0.0": [0, 0, 12.5],
						"1.45": [0, 0, 12.5],
						"1.75": [0, 0, 0]
					}
				},
				"leftArm8": {
					"rotation": {
						"0.0": [-7.5, 0, 10],
						"1.45": [-7.5, 0, 10],
						"1.75": [0, 0, 0]
					}
				},
				"leftArm9": {
					"rotation": {
						"0.0": [-7.5, 0, 12.5],
						"1.45": [-7.5, 0, 12.5],
						"1.75": [0, 0, 0]
					}
				},
				"leftArm10": {
					"rotation": {
						"0.0": [0, 0, 17.5],
						"1.45": [0, 0, 17.5],
						"1.75": [0, 0, 0]
					}
				},
				"leftHand": {
					"rotation": {
						"0.0": [0, 0, 30],
						"1.45": [0, 0, 30],
						"1.75": [0, 0, 0]
					}
				},
				"leftThumb": {
					"rotation": [47.5, 0, 0]
				},
				"rightArm": {
					"rotation": {
						"0.0": [-22.5, 0, 25],
						"1.45": [-22.5, 0, 25],
						"1.75": [5, 0, "2.5+Math.sin(query.life_time * 100) * 3"]
					}
				},
				"rightArm2": {
					"rotation": {
						"0.0": [0, 0, -2.5],
						"1.45": [0, 0, -2.5],
						"1.75": [0, 0, 0]
					}
				},
				"rightArm3": {
					"rotation": {
						"0.0": [-20, 0, -7.5],
						"1.45": [-20, 0, -7.5],
						"1.75": [0, 0, 0]
					}
				},
				"rightArm4": {
					"rotation": {
						"0.0": [-12.5, 0, -5],
						"1.45": [-12.5, 0, -5],
						"1.75": [0, 0, 0]
					}
				},
				"rightArm5": {
					"rotation": {
						"0.0": [-2.5, 0, 0],
						"1.45": [-2.5, 0, 0],
						"1.75": [0, 0, 0]
					}
				},
				"rightArm6": {
					"rotation": {
						"0.0": [-12.5, 0, -2.5],
						"1.45": [-12.5, 0, -2.5],
						"1.75": [0, 0, 0]
					}
				},
				"rightArm7": {
					"rotation": {
						"0.0": [-12.5, 0, -5],
						"1.45": [-12.5, 0, -5],
						"1.75": [0, 0, 0]
					}
				},
				"rightArm8": {
					"rotation": {
						"0.0": [-17.5, 0, -25],
						"1.45": [-17.5, 0, -25],
						"1.75": [0, 0, 0]
					}
				},
				"rightArm9": {
					"rotation": {
						"0.0": [0, 0, -30],
						"1.45": [0, 0, -30],
						"1.75": [0, 0, 0]
					}
				},
				"rightArm10": {
					"rotation": {
						"0.0": [-2.5, 0, -12.5],
						"1.45": [-2.5, 0, -12.5],
						"1.75": [0, 0, 0]
					}
				},
				"rightHand": {
					"rotation": {
						"0.0": [0, 0, -27.5],
						"1.45": [0, 0, -27.5],
						"1.75": [0, 0, 0]
					}
				},
				"rightThumb": {
					"rotation": [47.5, 0, 0]
				},
				"head": {
					"rotation": {
						"0.0": [7.5, 0, 0],
						"0.35": [-20, 0, 0],
						"0.6": {
							"post": [-20, 0, 0],
							"lerp_mode": "catmullrom"
						},
						"0.8": {
							"post": [17.5, 0, 0],
							"lerp_mode": "catmullrom"
						},
						"1.0": {
							"post": [17.5, 0, 0],
							"lerp_mode": "catmullrom"
						},
						"1.35": {
							"post": [0, 0, 0],
							"lerp_mode": "catmullrom"
						},
						"1.45": [0, 0, 0],
						"1.75": [22.5, "query.target_y_rotation", 17.5]
					},
					"position": {
						"0.6": [0, 0, 0],
						"0.8": [0, -4.1, -5.1],
						"1.0": {
							"post": [0, -4.1, -5.1],
							"lerp_mode": "catmullrom"
						},
						"1.35": {
							"post": [0, 0, 0],
							"lerp_mode": "catmullrom"
						},
						"1.45": [0, 0, 0]
					}
				},
				"chase2": {
					"position": {
						"0.0": {
							"post": [0, 0, 0],
							"lerp_mode": "catmullrom"
						},
						"0.4": {
							"post": [0, -0.6, 0],
							"lerp_mode": "catmullrom"
						},
						"0.6": {
							"post": [0, -0.6, 0],
							"lerp_mode": "catmullrom"
						},
						"0.8": {
							"post": [0, 1, 0],
							"lerp_mode": "catmullrom"
						},
						"0.95": {
							"post": [0, 1, 0],
							"lerp_mode": "catmullrom"
						},
						"1.35": {
							"post": [0, 0, 0],
							"lerp_mode": "catmullrom"
						}
					}
				},
				"passive": {
					"scale": 0
				},
				"rightEye": {
					"rotation": {
						"0.0": {
							"post": [7.5, 0, 0],
							"lerp_mode": "catmullrom"
						},
						"0.35": {
							"post": [35, 0, 0],
							"lerp_mode": "catmullrom"
						},
						"0.85": {
							"post": [22.5, 0, 0],
							"lerp_mode": "catmullrom"
						},
						"1.35": {
							"post": [0, 0, 0],
							"lerp_mode": "catmullrom"
						}
					}
				},
				"leftEye": {
					"rotation": {
						"0.0": {
							"post": [12.5, 0, 0],
							"lerp_mode": "catmullrom"
						},
						"0.35": {
							"post": [30, 0, 0],
							"lerp_mode": "catmullrom"
						},
						"0.85": {
							"post": [20, 0, 0],
							"lerp_mode": "catmullrom"
						},
						"1.35": {
							"post": [0, 0, 0],
							"lerp_mode": "catmullrom"
						}
					}
				},
				"insideteeth1": {
					"rotation": {
						"0.0": [0, 0, 0],
						"0.35": [40, 0, 0],
						"0.6": [40, 0, 0],
						"0.8": [-10, 0, 0],
						"1.3": [0, 0, 0]
					}
				},
				"insideteeth2": {
					"rotation": {
						"0.0": [0, 0, 0],
						"0.35": [-30, 0, 0],
						"0.6": [-30, 0, 0],
						"0.8": [5, 0, 0],
						"1.3": [0, 0, 0]
					}
				}
			}
		},
		"animation.huggy_jn.idle": {
			"loop": true,
			"bones": {
				"waist": {
					"rotation": ["-Math.sin(query.life_time * 104) * 3", 0, "2.5-Math.sin(query.life_time * 107) * 3"]
				},
				"leftArm": {
					"rotation": [5, 0, "-2.5+Math.sin(query.life_time * 103) * 3"]
				},
				"leftArm6": {
					"rotation": [-5, 0, "Math.sin(query.life_time * 102) * 3"]
				},
				"leftArm7": {
					"rotation": [0, 0, 2.5]
				},
				"leftThumb": {
					"rotation": [50, 0, 0]
				},
				"rightArm": {
					"rotation": [5, 0, "2.5+Math.sin(query.life_time * 100) * 3"]
				},
				"rightArm7": {
					"rotation": [-5, 0, "-Math.sin(query.life_time * 105) * 3"]
				},
				"rightThumb": {
					"rotation": [62.5, 0, 0]
				},
				"head": {
					"rotation": [22.5, 0, 17.5]
				}
			}
		},
		"animation.huggy_jn.wakeup": {
			"animation_length": 0.5,
			"bones": {
				"passive": {
					"scale": 0
				}
			}
		},
		"animation.huggy_jn.idle_leg": {
			"loop": true,
			"bones": {
				"root": {
					"position": ["-Math.sin(query.life_time * 103) * 0.8", 0, 0]
				},
				"leftLeg": {
					"rotation": [-2.5, 0, "-2.5-Math.sin(query.life_time * 103) * 3"]
				},
				"leftLeg7": {
					"rotation": [5, 0, "Math.sin(query.life_time * 103) * 3"]
				},
				"leftToe": {
					"rotation": [0, -60, 0]
				},
				"rightLeg": {
					"rotation": [-5, 0, "2.5-Math.sin(query.life_time * 103) * 3"]
				},
				"rightLeg5": {
					"rotation": [5, 0, "Math.sin(query.life_time * 103) * 3"]
				},
				"rightToe": {
					"rotation": [0, 52.5, 0]
				}
			}
		},
		"animation.huggy_jn.grab": {
			"animation_length": 0.5,
			"bones": {
				"waist": {
					"rotation": {
						"0.0": [-7.5, 0, 0],
						"0.25": [10, 0, 0]
					}
				},
				"leftArm": {
					"rotation": {
						"0.0": [62.5, 0, -37.5],
						"0.25": [-35, 0, -15]
					}
				},
				"leftArm2": {
					"rotation": [25, 15, 0]
				},
				"leftArm3": {
					"rotation": {
						"0.0": [10, 0, 0],
						"0.25": [-15, 0, 15]
					}
				},
				"leftArm4": {
					"rotation": {
						"0.0": [10, 0, 0],
						"0.25": [-10, 0, 0]
					}
				},
				"leftArm5": {
					"rotation": {
						"0.0": [22.5, 0, 0],
						"0.25": [0, 0, 15]
					}
				},
				"leftArm6": {
					"rotation": {
						"0.0": [12.5, 0, 0],
						"0.25": [-10, 0, 0]
					}
				},
				"leftArm7": {
					"rotation": {
						"0.0": [10, 0, 0],
						"0.25": [0, 0, 12.5]
					}
				},
				"leftArm8": {
					"rotation": {
						"0.0": [10, 0, 0],
						"0.25": [-7.5, 0, 10]
					}
				},
				"leftArm9": {
					"rotation": {
						"0.0": [10, 0, 0],
						"0.25": [-7.5, 0, 12.5]
					}
				},
				"leftArm10": {
					"rotation": [12.5, 0, 0]
				},
				"leftHand": {
					"rotation": {
						"0.0": [0, -167.5, -20],
						"0.25": [0, 0, 30]
					}
				},
				"leftThumb": {
					"rotation": {
						"0.0": [67.5, 0, 0],
						"0.25": [47.5, 0, 0]
					}
				},
				"rightArm": {
					"rotation": {
						"0.0": [27.5, 30, 40],
						"0.25": [-22.5, 0, 25]
					}
				},
				"rightArm2": {
					"rotation": {
						"0.0": [0, 15, 25],
						"0.25": [0, 0, -2.5]
					}
				},
				"rightArm3": {
					"rotation": {
						"0.0": [-10, 0, 22.5],
						"0.25": [-20, 0, -7.5]
					}
				},
				"rightArm4": {
					"rotation": {
						"0.0": [0, 0, 15],
						"0.25": [-12.5, 0, -5]
					}
				},
				"rightArm5": {
					"rotation": [-2.5, 0, 0]
				},
				"rightArm6": {
					"rotation": {
						"0.0": [7.5, 0, 22.5],
						"0.25": [-12.5, 0, -2.5]
					}
				},
				"rightArm7": {
					"rotation": {
						"0.0": [0, 0, 20],
						"0.25": [-12.5, 0, -5]
					}
				},
				"rightArm8": {
					"rotation": {
						"0.0": [0, -27.5, 15],
						"0.25": [-17.5, 0, -25]
					}
				},
				"rightArm9": {
					"rotation": {
						"0.0": [-7.5, 0, 7.5],
						"0.25": [0, 0, -30]
					}
				},
				"rightArm10": {
					"rotation": {
						"0.0": [0, 0, 10],
						"0.25": [-2.5, 0, -12.5]
					}
				},
				"rightHand": {
					"rotation": {
						"0.0": [0, 157.5, 25],
						"0.25": [0, 0, -27.5]
					}
				},
				"rightThumb": {
					"rotation": {
						"0.0": [25, 0, 0],
						"0.25": [47.5, 0, 0]
					}
				},
				"head": {
					"rotation": {
						"0.25": {
							"pre": [7.5, 0, 0],
							"post": [7.5, 0, 0],
							"lerp_mode": "catmullrom"
						}
					}
				},
				"chase2": {
					"position": {
						"0.25": {
							"pre": [0, 0, 0],
							"post": [0, 0, 0],
							"lerp_mode": "catmullrom"
						}
					}
				},
				"passive": {
					"scale": 0
				},
				"rightEye": {
					"rotation": {
						"0.25": {
							"pre": [7.5, 0, 0],
							"post": [7.5, 0, 0],
							"lerp_mode": "catmullrom"
						}
					}
				},
				"leftEye": {
					"rotation": {
						"0.25": {
							"pre": [12.5, 0, 0],
							"post": [12.5, 0, 0],
							"lerp_mode": "catmullrom"
						}
					}
				}
			}
		},
		"animation.huggy_jn.inside_teeth": {
			"loop": true,
			"bones": {
				"insideteeth": {
					"position": [20, 1, 0],
					"scale": 0.6
				},
				"insideteeth1": {
					"rotation": [22.5, 0, 0]
				},
				"insideteeth2": {
					"rotation": [-37.5, 0, 0]
				},
				"head": {
					"rotation": [0, "query.target_y_rotation", 0]
				},
				"rightEye": {
					"rotation": ["math.clamp(query.target_x_rotation, -25, 25)", "math.clamp(query.target_y_rotation, -25, 25)", 0]
				},
				"leftEye": {
					"rotation": ["math.clamp(query.target_x_rotation, -25, 25)", "math.clamp(query.target_y_rotation, -25, 25)", 0]
				}
			}
		},
		"animation.huggy_jn.walk2": {
			"loop": true,
			"animation_length": 1,
			"bones": {
				"root": {
					"position": {
						"0.0": [0, 0, 0],
						"0.25": [0, 2, 0],
						"0.5": [0, 0, 0],
						"0.75": [0, 2, 0],
						"1.0": [0, 0, 0]
					}
				},
				"waist": {
					"rotation": {
						"0.0": [7.5, 0, 4.5],
						"0.25": [3.5, 0, 0],
						"0.5": [7.5, 0, -4.5],
						"0.75": [3.5, 0, 0],
						"1.0": [7.5, 0, 4.5]
					}
				},
				"leftArm": {
					"rotation": {
						"0.0": [-24.66569, -4.20854, -9.07947],
						"0.5": [7.43656, -0.9762, 7.43656],
						"1.0": [-24.66569, -4.20854, -9.07947]
					}
				},
				"leftArm3": {
					"rotation": {
						"0.0": [0, 0, -7.5],
						"0.5": [0, 0, 0],
						"1.0": [0, 0, -7.5]
					}
				},
				"leftArm5": {
					"rotation": [0, 0, -2.5]
				},
				"leftArm6": {
					"rotation": {
						"0.0": [-12.5, 0, 0],
						"0.5": [0, 0, 0],
						"1.0": [-12.5, 0, 0]
					}
				},
				"leftArm9": {
					"rotation": {
						"0.0": [0, 0, -10],
						"0.5": [0, 0, 0],
						"1.0": [0, 0, -10]
					}
				},
				"leftThumb": {
					"rotation": [50, 0, 0]
				},
				"rightArm": {
					"rotation": {
						"0.0": [7.38733, 1.29876, -12.41615],
						"0.5": [-24.47761, 5.24826, 13.86081],
						"1.0": [7.38733, 1.29876, -12.41615]
					}
				},
				"rightArm3": {
					"rotation": {
						"0.0": [0, 0, 0],
						"0.5": [0, 0, 7.5],
						"1.0": [0, 0, 0]
					}
				},
				"rightArm5": {
					"rotation": [0, 0, 2.5]
				},
				"rightArm6": {
					"rotation": {
						"0.0": [0, 0, 0],
						"0.5": [-12.5, 0, 0],
						"1.0": [0, 0, 0]
					}
				},
				"rightArm9": {
					"rotation": {
						"0.0": [0, 0, 0],
						"0.5": [0, 0, 10],
						"1.0": [0, 0, 0]
					}
				},
				"rightThumb": {
					"rotation": [62.5, 0, 0]
				},
				"head": {
					"rotation": [22.5, 0, 17.5]
				},
				"leftLeg": {
					"rotation": {
						"0.0": [12.5, 0, 0],
						"0.25": [-22.5, 0, 0],
						"0.5": [-47.5, 0, 0],
						"1.0": [12.5, 0, 0]
					}
				},
				"leftLeg3": {
					"rotation": {
						"0.0": [10, 0, 0],
						"1.0": [10, 0, 0]
					}
				},
				"leftLeg4": {
					"rotation": {
						"0.0": [0, 0, 0],
						"0.25": [10, 0, 0],
						"1.0": [0, 0, 0]
					}
				},
				"leftLeg5": {
					"rotation": {
						"0.0": [0, 0, 0],
						"0.25": [10, 0, 0],
						"1.0": [0, 0, 0]
					}
				},
				"leftLeg6": {
					"rotation": {
						"0.0": [5, 0, 0],
						"1.0": [5, 0, 0]
					}
				},
				"leftLeg7": {
					"rotation": {
						"0.0": [0, 0, 0],
						"0.25": [32.5, 0, 0],
						"0.5": [5, 0, 0],
						"1.0": [0, 0, 0]
					}
				},
				"leftLeg8": {
					"rotation": {
						"0.0": [0, 0, 0],
						"0.5": [5, 0, 0],
						"1.0": [0, 0, 0]
					}
				},
				"leftLeg9": {
					"rotation": {
						"0.0": [10, 0, 0],
						"0.25": [19.48348, 2.31584, -1.98985],
						"0.5": [1.98348, 2.31584, -1.98985],
						"1.0": [10, 0, 0]
					}
				},
				"leftLeg10": {
					"rotation": {
						"0.0": [0, 0, 0],
						"0.25": [12.5, 0, 0],
						"1.0": [0, 0, 0]
					}
				},
				"leftFoot": {
					"rotation": {
						"0.0": [10, 0, 0],
						"0.5": [-2.5, 0, 0],
						"1.0": [10, 0, 0]
					}
				},
				"leftToe": {
					"rotation": [0, -60, 0]
				},
				"rightLeg": {
					"rotation": {
						"0.0": [-47.5, 0, 0],
						"0.5": [12.5, 0, 0],
						"0.75": [-22.5, 0, 0],
						"1.0": [-47.5, 0, 0]
					}
				},
				"rightLeg3": {
					"rotation": [10, 0, 0]
				},
				"rightLeg4": {
					"rotation": {
						"0.0": [10, 0, 0],
						"0.5": [0, 0, 0],
						"0.75": [10, 0, 0]
					}
				},
				"rightLeg5": {
					"rotation": {
						"0.0": [10, 0, 0],
						"0.5": [0, 0, 0],
						"0.75": [10, 0, 0]
					}
				},
				"rightLeg6": {
					"rotation": [5, 0, 0]
				},
				"rightLeg7": {
					"rotation": {
						"0.0": [5, 0, 0],
						"0.5": [0, 0, 0],
						"0.75": [32.5, 0, 0],
						"1.0": [5, 0, 0]
					}
				},
				"rightLeg8": {
					"rotation": {
						"0.0": [5, 0, 0],
						"0.5": [0, 0, 0],
						"1.0": [5, 0, 0]
					}
				},
				"rightLeg9": {
					"rotation": {
						"0.0": [1.98348, 2.31584, -1.98985],
						"0.5": [10, 0, 0],
						"0.75": [19.48348, 2.31584, -1.98985],
						"1.0": [1.98348, 2.31584, -1.98985]
					}
				},
				"rightLeg10": {
					"rotation": {
						"0.0": [12.5, 0, 0],
						"0.5": [0, 0, 0],
						"0.75": [12.5, 0, 0]
					}
				},
				"rightFoot": {
					"rotation": {
						"0.0": [-2.5, 0, 0],
						"0.5": [10, 0, 0],
						"1.0": [-2.5, 0, 0]
					}
				},
				"rightToe": {
					"rotation": [0, 52.5, 0]
				}
			}
		},
		"animation.huggy_jn.fall2": {
			"loop": true,
			"animation_length": 7,
			"bones": {
				"root": {
					"rotation": {
						"0.0": {
							"post": [72.5, 0, 0],
							"lerp_mode": "catmullrom"
						},
						"2.25": {
							"post": [65.24998, 2.99318, 9.54589],
							"lerp_mode": "catmullrom"
						},
						"5.15": {
							"post": [87.7816, -9.97841, -33.40464],
							"lerp_mode": "catmullrom"
						},
						"7.0": {
							"post": [72.5, 0, 0],
							"lerp_mode": "catmullrom"
						}
					},
					"position": {
						"0.0": {
							"post": [0, 4, 22],
							"lerp_mode": "catmullrom"
						},
						"2.25": {
							"post": [0, 6, 22],
							"lerp_mode": "catmullrom"
						},
						"5.15": {
							"post": [0, -0.94, 22],
							"lerp_mode": "catmullrom"
						},
						"7.0": {
							"post": [0, 4, 22],
							"lerp_mode": "catmullrom"
						}
					}
				},
				"leftArm": {
					"rotation": [
						"36.8353+Math.sin(query.life_time * 360) * 15",
						"-8.0227+Math.sin(query.life_time * 330) * 15",
						"-23.5596+Math.sin(query.life_time * 300) * 15"
					]
				},
				"leftArm3": {
					"rotation": [17.5, 0, 0]
				},
				"leftArm5": {
					"rotation": [17.5, 0, 0]
				},
				"leftArm7": {
					"rotation": [12.5, 0, 0]
				},
				"leftArm10": {
					"rotation": [12.5, 0, 0]
				},
				"leftThumb": {
					"rotation": [55, 0, 0]
				},
				"rightArm": {
					"rotation": ["-3.1339+Math.sin(query.life_time * 300) * 15", "-17.2258+Math.sin(query.life_time * 360) * 15", "Math.sin(query.life_time * 330) * 15"]
				},
				"rightArm2": {
					"rotation": [25, 0, 0]
				},
				"rightArm4": {
					"rotation": [12.5, 0, 0]
				},
				"rightArm5": {
					"rotation": [7.5, 0, 0]
				},
				"rightArm7": {
					"rotation": [12.5, 0, 0]
				},
				"rightArm9": {
					"rotation": [27.5, 0, 0]
				},
				"rightHand": {
					"rotation": [12.5, 0, 0]
				},
				"rightThumb": {
					"rotation": [67.5, 0, 0]
				},
				"head": {
					"rotation": [-20, 0, 0]
				},
				"leftLeg": {
					"rotation": ["0+Math.sin(query.life_time * 300) * 15", "0+Math.sin(query.life_time * 330) * 15", "-12.5+Math.sin(query.life_time * 360) * 15"]
				},
				"leftLeg2": {
					"rotation": [22.5, 0, 0]
				},
				"leftLeg4": {
					"rotation": [7.5, 0, 0]
				},
				"leftLeg6": {
					"rotation": [15, 0, 0]
				},
				"leftLeg8": {
					"rotation": [17.5, 0, 0]
				},
				"leftLeg10": {
					"rotation": [12.5, 0, 0]
				},
				"leftFoot": {
					"rotation": [30, 0, 0]
				},
				"leftToe": {
					"rotation": [0, -45, 0]
				},
				"rightLeg": {
					"rotation": [
						"24.812+Math.sin(query.life_time * 360) * 15",
						"-3.1622+Math.sin(query.life_time * 300) * 15",
						"6.8042+Math.sin(query.life_time * 330) * 15"
					]
				},
				"rightLeg3": {
					"rotation": [12.5, 0, 0]
				},
				"rightLeg5": {
					"rotation": [15, 0, 0]
				},
				"rightLeg7": {
					"rotation": [12.5, 0, 0]
				},
				"rightLeg9": {
					"rotation": [22.5, 0, 0]
				},
				"rightLeg10": {
					"rotation": [7.5, 0, 0]
				},
				"rightFoot": {
					"rotation": [20, 0, 0]
				},
				"rightToe": {
					"rotation": [0, 27.5, 0]
				},
				"tiefull": {
					"rotation": [-157.5, 0, 0],
					"position": [0, -2, -5]
				}
			}
		},
		"animation.huggy_jn.land": {
			"loop": true,
			"animation_length": 4.7,
			"bones": {
				"root": {
					"rotation": {
						"0.0": [72.5, 0, 0],
						"0.15": [90, 0, 0],
						"3.4": [90, 0, 0],
						"3.6": [64.29, 0, 0],
						"4.25": [64.29, 0, 0],
						"4.7": [0, 0, 0]
					},
					"position": {
						"0.0": [0, 4, 22],
						"0.15": [0, 1, 22],
						"3.4": [0, 1, 22],
						"3.6": [0, 0.71, 15.71],
						"4.25": [0, 0.71, 15.71],
						"4.7": ["-Math.sin(query.life_time * 103) * 0.8", 0, 0]
					}
				},
				"leftArm": {
					"rotation": {
						"0.0": [
							"36.8353+Math.sin(query.life_time * 360) * 15",
							"-8.0227+Math.sin(query.life_time * 330) * 15",
							"-23.5596+Math.sin(query.life_time * 300) * 15"
						],
						"0.15": [-25.6647, -8.0227, -23.5596],
						"2.0": [-25.66, -8.02, -23.56],
						"2.5": [-35.66, -8.02, -23.56],
						"3.2": [-10.22273, -5.46818, -17.34212],
						"4.05": [-26.59652, -2.36955, -7.50343],
						"4.7": [5, 0, "-2.5+Math.sin(query.life_time * 103) * 3"]
					}
				},
				"leftArm3": {
					"rotation": {
						"0.0": [17.5, 0, 0],
						"0.15": [7.5, 0, 0],
						"2.0": [7.5, 0, 0],
						"2.5": [22.5, 0, 0],
						"4.7": [0, 0, 0]
					}
				},
				"leftArm5": {
					"rotation": {
						"0.0": [17.5, 0, 0],
						"0.15": [5, 0, 0],
						"2.0": [5, 0, 0],
						"2.5": [22.5, 0, 0],
						"4.7": [0, 0, 0]
					}
				},
				"leftArm7": {
					"rotation": {
						"0.0": [12.5, 0, 0],
						"0.15": [0, 0, 0]
					}
				},
				"leftArm10": {
					"rotation": {
						"0.0": [12.5, 0, 0],
						"0.15": [-2.5, 0, 0]
					}
				},
				"leftThumb": {
					"rotation": [55, 0, 0]
				},
				"rightArm": {
					"rotation": {
						"0.0": ["-3.1339+Math.sin(query.life_time * 300) * 15", "-17.2258+Math.sin(query.life_time * 360) * 15", "Math.sin(query.life_time * 330) * 15"],
						"0.15": [-4.7007, -18.9832, 14.979],
						"2.0": [-4.7007, -18.9832, 14.979],
						"2.5": [-12.2007, -18.9832, 14.979],
						"3.2": [8.27225, -12.94309, 10.39484],
						"4.05": [-18.58203, -5.60867, 7.12318],
						"4.7": [5, 0, "2.5+Math.sin(query.life_time * 100) * 3"]
					}
				},
				"rightArm2": {
					"rotation": {
						"0.0": [25, 0, 0],
						"0.15": [7.5, 0, 0],
						"2.0": [7.5, 0, 0],
						"2.5": [17.5, 0, 0],
						"4.7": [0, 0, 0]
					}
				},
				"rightArm4": {
					"rotation": {
						"0.0": [12.5, 0, 0],
						"0.15": [5, 0, 0],
						"2.5": [5, 0, 0],
						"4.7": [0, 0, 0]
					}
				},
				"rightArm5": {
					"rotation": {
						"0.0": [7.5, 0, 0],
						"0.15": [-7.5, 0, 0],
						"2.0": [-7.5, 0, 0],
						"2.5": [15, 0, 0],
						"4.7": [0, 0, 0]
					}
				},
				"rightArm7": {
					"rotation": {
						"0.0": [12.5, 0, 0],
						"0.15": [2.5, 0, 0],
						"2.0": [2.5, 0, 0],
						"2.5": [2.5, 0, 0],
						"4.7": [0, 0, 0]
					}
				},
				"rightArm9": {
					"rotation": {
						"0.0": [27.5, 0, 0],
						"0.15": [-7.5, 0, 0]
					}
				},
				"rightHand": {
					"rotation": {
						"0.0": [12.5, 0, 0],
						"0.15": [27.68035, 62.22995, 24.89867],
						"2.0": [27.68035, 62.22995, 24.89867],
						"2.5": [-45.52883, 86.51492, -46.12327],
						"4.7": [0, 0, 0]
					}
				},
				"rightThumb": {
					"rotation": [67.5, 0, 0]
				},
				"head": {
					"rotation": {
						"0.0": [-20, 0, 0],
						"0.15": [-40, 0, 0],
						"0.4": [-5, 0, 0],
						"2.0": [-5, 0, 0],
						"2.5": [-42.5, 0, 0],
						"3.2": [-42.5, 0, 0],
						"3.7": [40, 0, 0],
						"4.1": [22.5, "query.target_y_rotation", 17.5]
					}
				},
				"leftLeg": {
					"rotation": {
						"0.0": ["0+Math.sin(query.life_time * 300) * 15", "0+Math.sin(query.life_time * 330) * 15", "-12.5+Math.sin(query.life_time * 360) * 15"],
						"0.45": ["0+Math.sin(query.life_time * 300) * 15", "0+Math.sin(query.life_time * 330) * 15", "-12.5+Math.sin(query.life_time * 360) * 15"],
						"0.85": [0, 0, -12.5],
						"3.4": [0, 0, -12.5],
						"3.6": [-35, 0, -12.5],
						"4.7": [-2.5, 0, "-2.5-Math.sin(query.life_time * 103) * 3"]
					}
				},
				"leftLeg2": {
					"rotation": {
						"0.0": [22.5, 0, 0],
						"0.45": [22.5, 0, 0],
						"0.85": [7.5, 0, 0],
						"4.15": [7.5, 0, 0],
						"4.7": [0, 0, 0]
					}
				},
				"leftLeg4": {
					"rotation": {
						"0.0": [7.5, 0, 0],
						"0.45": [7.5, 0, 0],
						"0.85": [-12.5, 0, 0],
						"4.2": [-12.5, 0, 0],
						"4.7": [0, 0, 0]
					}
				},
				"leftLeg6": {
					"rotation": {
						"0.0": [15, 0, 0],
						"0.45": [15, 0, 0],
						"4.25": [15, 0, 0],
						"4.7": [0, 0, 0]
					}
				},
				"leftLeg8": {
					"rotation": {
						"0.0": [17.5, 0, 0],
						"0.45": [17.5, 0, 0],
						"0.85": [-10, 0, 0],
						"4.2": [-10, 0, 0],
						"4.7": [0, 0, 0]
					}
				},
				"leftLeg10": {
					"rotation": {
						"0.0": [12.5, 0, 0],
						"0.45": [12.5, 0, 0],
						"4.2": [12.5, 0, 0],
						"4.7": [0, 0, 0]
					}
				},
				"leftFoot": {
					"rotation": {
						"0.0": [30, 0, 0],
						"0.45": [30, 0, 0],
						"0.85": [47.5, 0, 0],
						"3.4": [47.5, 0, 0],
						"3.6": [3.92857, 0, 0],
						"4.1": [65, 0, 0],
						"4.7": [0, 0, 0]
					}
				},
				"leftToe": {
					"rotation": [0, -45, 0]
				},
				"rightLeg": {
					"rotation": {
						"0.0": [
							"24.812+Math.sin(query.life_time * 360) * 15",
							"-3.1622+Math.sin(query.life_time * 300) * 15",
							"6.8042+Math.sin(query.life_time * 330) * 15"
						],
						"0.45": [
							"24.812+Math.sin(query.life_time * 360) * 15",
							"-3.1622+Math.sin(query.life_time * 300) * 15",
							"6.8042+Math.sin(query.life_time * 330) * 15"
						],
						"0.85": [9.812, -3.1622, 6.8042],
						"3.4": [9.812, -3.1622, 6.8042],
						"3.6": [-27.688, -3.1622, 6.8042],
						"4.1": [-150.188, -3.1622, 6.8042],
						"4.25": [-150.188, -3.1622, 6.8042],
						"4.7": [-5, 0, "2.5-Math.sin(query.life_time * 103) * 3"]
					},
					"position": {
						"3.6": [0, 0, 0],
						"4.1": [0, 0, 2],
						"4.25": [0, 0, 2],
						"4.7": [0, 0, 0]
					}
				},
				"rightLeg3": {
					"rotation": {
						"0.0": [12.5, 0, 0],
						"0.45": [12.5, 0, 0],
						"0.85": [-12.5, 0, 0],
						"4.05": [-12.5, 0, 0],
						"4.7": [0, 0, 0]
					}
				},
				"rightLeg5": {
					"rotation": {
						"0.0": [15, 0, 0],
						"0.45": [15, 0, 0],
						"4.15": [15, 0, 0],
						"4.7": [5, 0, "Math.sin(query.life_time * 103) * 3"]
					}
				},
				"rightLeg7": {
					"rotation": {
						"0.0": [12.5, 0, 0],
						"0.45": [12.5, 0, 0],
						"4.1": [12.5, 0, 0],
						"4.7": [0, 0, 0]
					}
				},
				"rightLeg9": {
					"rotation": {
						"0.0": [22.5, 0, 0],
						"0.45": [22.5, 0, 0],
						"4.1": [22.5, 0, 0],
						"4.7": [0, 0, 0]
					}
				},
				"rightLeg10": {
					"rotation": {
						"0.0": [7.5, 0, 0],
						"0.45": [7.5, 0, 0],
						"4.2": [7.5, 0, 0],
						"4.7": [0, 0, 0]
					}
				},
				"rightFoot": {
					"rotation": {
						"0.0": [20, 0, 0],
						"3.6": [20, 0, 0],
						"4.1": [-2.5, 0, 0],
						"4.25": [25, 0, 0],
						"4.7": [0, 0, 0]
					}
				},
				"rightToe": {
					"rotation": [0, 27.5, 0]
				},
				"waist": {
					"rotation": {
						"2.0": [0, 0, 0],
						"2.5": [-55, 0, 0],
						"3.2": [-55, 0, 0],
						"3.7": [-32.5, 0, 0],
						"4.1": ["-Math.sin(query.life_time * 104) * 3", 0, "2.5-Math.sin(query.life_time * 107) * 3"]
					}
				},
				"leftArm2": {
					"rotation": {
						"0.0": [0, 0, 0],
						"0.15": [20, 0, 0],
						"2.5": [20, 0, 0],
						"4.7": [0, 0, 0]
					}
				},
				"leftArm4": {
					"rotation": {
						"2.0": [0, 0, 0],
						"2.5": [7.5, 0, 0],
						"4.7": [0, 0, 0]
					}
				},
				"leftArm6": {
					"rotation": {
						"2.0": [0, 0, 0],
						"2.5": [17.5, 0, 0],
						"4.7": [0, 0, 0]
					}
				},
				"leftHand": {
					"rotation": {
						"0.0": [0, 0, 0],
						"0.15": [-77.79698, -51.86576, 80.34611],
						"2.0": [-77.8, -51.87, 80.35],
						"2.5": [-27.86473, -43.49946, 22.71788],
						"4.7": [0, 0, 0]
					}
				},
				"rightArm3": {
					"rotation": {
						"2.0": [0, 0, 0],
						"2.5": [7.5, 0, 0],
						"4.7": [0, 0, 0]
					}
				},
				"rightArm6": {
					"rotation": {
						"2.0": [0, 0, 0],
						"2.5": [20, 0, 0],
						"4.7": [0, 0, 0]
					}
				},
				"leftLeg5": {
					"rotation": {
						"3.4": [0, 0, 0],
						"3.6": [20, 0, 0],
						"4.7": [0, 0, 0]
					}
				},
				"leftLeg7": {
					"rotation": {
						"3.4": [0, 0, 0],
						"3.6": [47.5, 0, 0],
						"4.7": [5, 0, "Math.sin(query.life_time * 103) * 3"]
					}
				},
				"rightLeg6": {
					"rotation": {
						"0.45": [0, 0, 0],
						"0.85": [-27.96232, 3.64205, 15.45103],
						"3.4": [-27.96232, 3.64205, 15.45103],
						"3.6": [32.03768, 3.64205, 15.45103],
						"3.75": [91.53768, 3.64205, 15.45103],
						"3.95": [106.10911, 3.64205, 15.45103],
						"4.1": [47.03768, 3.64205, 15.45103],
						"4.7": [0, 0, 0]
					}
				},
				"tiefull": {
					"rotation": {
						"0.0": [-157.5, 0, 0],
						"0.15": [-175, 0, 0],
						"2.05": [-175, 0, 0],
						"2.5": [-32.5, 0, 0],
						"3.35": [-32.5, 0, 0],
						"3.6": [-22.5, 0, 0],
						"4.25": [-55, 0, 0],
						"4.7": [0, 0, 0]
					},
					"position": {
						"0.0": [0, -2, -5],
						"0.15": [0, -3, -3],
						"2.05": [0, -3, -3],
						"2.5": [0, 0, 0],
						"3.35": [0, 0, 0],
						"3.6": [0, -2, 0],
						"4.25": [0, -4, -1],
						"4.7": [0, 0, 0]
					}
				}
			}
		},
		"animation.huggy_jn.attack": {
			"loop": true,
			"animation_length": 0.7,
			"bones": {
				"waist": {
					"rotation": {
						"0.0": [-5, 7.5, 0],
						"0.3": [20.23067, -11.30255, -6.8512],
						"0.6": [0, 0, 0]
					}
				},
				"leftArm": {
					"rotation": {
						"0.0": [17.5, 0, -7.5],
						"0.3": [17.5, 0, -7.5],
						"0.6": [0, 0, 0]
					}
				},
				"leftArm3": {
					"rotation": {
						"0.0": [7.5, 0, 5],
						"0.3": [7.5, 0, 5],
						"0.6": [0, 0, 0]
					}
				},
				"leftArm5": {
					"rotation": {
						"0.0": [-17.5, 0, -5],
						"0.3": [5, 0, -5],
						"0.6": [0, 0, 0]
					}
				},
				"leftArm7": {
					"rotation": {
						"0.0": [0, 0, 5],
						"0.3": [0, 0, 5],
						"0.6": [0, 0, 0]
					}
				},
				"leftArm8": {
					"rotation": {
						"0.0": [10, 0, 0],
						"0.3": [22.5, 0, 0],
						"0.6": [0, 0, 0]
					}
				},
				"leftArm10": {
					"rotation": {
						"0.0": [0, 0, 0],
						"0.3": [22.5, 0, 0],
						"0.6": [0, 0, 0]
					}
				},
				"leftThumb": {
					"rotation": [50, 0, 0]
				},
				"rightArm": {
					"rotation": {
						"0.0": [20, 0, 115],
						"0.3": [-112.55032, -5.84865, 124.5318],
						"0.6": [0, 0, 0]
					}
				},
				"rightArm2": {
					"rotation": {
						"0.0": [0, 0, 0],
						"0.3": [-5, 0, 0]
					}
				},
				"rightArm3": {
					"rotation": {
						"0.0": [0, 0, 0],
						"0.3": [-15, 0, 0],
						"0.6": [0, 0, 0]
					}
				},
				"rightArm4": {
					"rotation": {
						"0.0": [-20, 0, 0],
						"0.6": [0, 0, 0]
					}
				},
				"rightArm5": {
					"rotation": {
						"0.0": [-10, 0, 0],
						"0.3": [-10, 0, 0],
						"0.6": [0, 0, 0]
					}
				},
				"rightArm7": {
					"rotation": {
						"0.0": [-7.5, 0, 0],
						"0.3": [-17.5, 0, 0],
						"0.6": [0, 0, 0]
					}
				},
				"rightArm9": {
					"rotation": {
						"0.0": [0, 0, 0],
						"0.3": [-17.5, 0, 0],
						"0.6": [0, 0, 0]
					}
				},
				"rightArm10": {
					"rotation": {
						"0.0": [-17.5, 0, 0],
						"0.6": [0, 0, 0]
					}
				},
				"rightHand": {
					"rotation": {
						"0.0": [-82.98286, 79.99236, -68.3938],
						"0.6": [0, 0, 0]
					}
				},
				"rightThumb": {
					"rotation": [62.5, 0, 0]
				},
				"head": {
					"rotation": {
						"0.0": [-7.43656, 15, 10],
						"0.3": [7.78971, 5.08115, 11.29291],
						"0.6": [0, 0, 0]
					}
				},
				"rightEye": {
					"rotation": {
						"0.0": [27.4366, -15, -10],
						"0.3": [19.54403, 11.8, 3.61267],
						"0.6": [0, 0, 0]
					}
				},
				"leftEye": {
					"rotation": {
						"0.0": [27.4366, -15, -10],
						"0.3": [19.54403, 11.8, 3.61267],
						"0.6": [0, 0, 0]
					}
				},
				"tiefull": {
					"rotation": {
						"0.0": [0, 0, 0],
						"0.3": [-17.5, 0, 0],
						"0.6": [0, 0, 0]
					}
				}
			}
		},
		"animation.huggy_jn.nothing": {
			"loop": true
		},
		"animation.huggy_jn.diestill": {
			"loop": true,
			"bones": {
				"leftArm": {
					"rotation": [-30, -50, -36]
				},
				"leftArm6": {
					"rotation": [0, 0, -16]
				},
				"leftHand": {
					"rotation": [-64.89592, -77.33795, 55.90098]
				},
				"leftThumb": {
					"rotation": [55, 0, 0]
				},
				"rightArm": {
					"rotation": [155, 0, -50]
				},
				"rightArm7": {
					"rotation": [0, 0, 0]
				},
				"rightHand": {
					"rotation": [0, 0, 4]
				},
				"rightThumb": {
					"rotation": [60, 0, 0]
				},
				"head": {
					"rotation": [0.5, 0, 12.5]
				},
				"leftToe": {
					"rotation": [0, -27.5, 0]
				},
				"rightToe": {
					"rotation": [0, 62.5, 0]
				},
				"rightEye": {
					"rotation": ["math.clamp(query.target_x_rotation, -25, 25)", "math.clamp(query.target_y_rotation, -25, 25)", 0]
				},
				"leftEye": {
					"rotation": ["math.clamp(query.target_x_rotation, -25, 25)", "math.clamp(query.target_y_rotation, -25, 25)", 0]
				},
				"root": {
					"rotation": [90, 0, 0],
					"position": [0, 1, 0]
				},
				"rightArm8": {
					"rotation": [-12.5, 0, 5]
				},
				"leftLeg": {
					"rotation": [0, 0, -50]
				},
				"leftLeg2": {
					"rotation": [0, 0, -20]
				},
				"leftLeg3": {
					"rotation": [0, 0, -10]
				},
				"leftLeg4": {
					"rotation": [0, 0, 15]
				},
				"leftLeg5": {
					"rotation": [0, 0, 18]
				},
				"leftLeg6": {
					"rotation": [0, 0, 20]
				},
				"leftLeg7": {
					"rotation": [0, 0, 18]
				},
				"leftLeg8": {
					"rotation": [0, 0, 15]
				},
				"leftLeg9": {
					"rotation": [0, 0, 15]
				},
				"leftLeg10": {
					"rotation": [0, 0, 10]
				},
				"leftFoot": {
					"rotation": [72.5, 0, 0]
				},
				"rightLeg2": {
					"rotation": [0, 0, 10]
				},
				"rightLeg3": {
					"rotation": [0, 0, 17]
				},
				"rightLeg5": {
					"rotation": [0, 0, 10]
				},
				"rightLeg6": {
					"rotation": [0, 0, -10]
				},
				"rightLeg7": {
					"rotation": [0, 0, -15]
				},
				"rightLeg8": {
					"rotation": [0, 0, -17]
				},
				"rightLeg9": {
					"rotation": [0, 0, -18]
				},
				"rightLeg10": {
					"rotation": [0, 0, 10]
				},
				"rightFoot": {
					"rotation": [67.5, 0, 0]
				},
				"leftArm2": {
					"rotation": [-27.5, 0, -35]
				},
				"leftArm4": {
					"rotation": [0, 72.5, -17.5]
				},
				"leftArm5": {
					"rotation": [-10, -12.5, -22.5]
				},
				"leftArm7": {
					"rotation": [7.5, 0, -20]
				},
				"leftArm8": {
					"rotation": [0, 0, -12.5]
				},
				"leftArm9": {
					"rotation": [0, 0, -5]
				},
				"rightArm2": {
					"rotation": [25, 0, 0]
				},
				"rightArm3": {
					"rotation": [17.5, 0, 0]
				},
				"rightArm4": {
					"rotation": [-25, 0, 0]
				},
				"rightArm5": {
					"rotation": [30, -17.5, 0]
				},
				"rightArm6": {
					"rotation": [-4.8125, -0.9339, 30.71722]
				},
				"rightArm9": {
					"rotation": [5, 0, 0]
				},
				"rightArm10": {
					"rotation": [-12.5, 0, 0]
				},
				"leftArm10": {
					"rotation": [12.5, 0, 0]
				}
			}
		},
		"animation.huggy_jn.walk": {
			"loop": true,
			"animation_length": 1,
			"bones": {
				"rightEye": {
					"rotation": ["math.clamp(query.target_x_rotation, -25, 25)", "math.clamp(query.target_y_rotation, -25, 25)", 0]
				},
				"leftEye": {
					"rotation": ["math.clamp(query.target_x_rotation, -25, 25)", "math.clamp(query.target_y_rotation, -25, 25)", 0]
				},
				"head": {
					"rotation": {
						"0.0": {
							"post": [17.5, 0, -17.5],
							"lerp_mode": "catmullrom"
						},
						"0.2": {
							"post": [3.5, 0, 8],
							"lerp_mode": "catmullrom"
						},
						"0.5": {
							"post": [17.5, 0, 17.5],
							"lerp_mode": "catmullrom"
						},
						"0.7": {
							"post": [3.5, 0, 8],
							"lerp_mode": "catmullrom"
						},
						"1.0": {
							"post": [17.5, 0, -17.5],
							"lerp_mode": "catmullrom"
						}
					}
				},
				"leftToe": {
					"rotation": {
						"0.0": {
							"post": [0, -20, 0],
							"lerp_mode": "catmullrom"
						},
						"1.0": {
							"post": [0, -20, 0],
							"lerp_mode": "catmullrom"
						}
					}
				},
				"rightLeg": {
					"rotation": {
						"0.0": {
							"post": [-55, 0, 0],
							"lerp_mode": "catmullrom"
						},
						"0.2": {
							"post": [-42.5, 0, 0],
							"lerp_mode": "catmullrom"
						},
						"0.5": {
							"post": [-5, 0, 0],
							"lerp_mode": "catmullrom"
						},
						"1.0": {
							"post": [-55, 0, 0],
							"lerp_mode": "catmullrom"
						}
					}
				},
				"rightLeg2": {
					"rotation": {
						"0.0": {
							"post": [7.5, 0, 0],
							"lerp_mode": "catmullrom"
						},
						"1.0": {
							"post": [7.5, 0, 0],
							"lerp_mode": "catmullrom"
						}
					}
				},
				"rightLeg3": {
					"rotation": {
						"0.0": {
							"post": [2.5, 0, 0],
							"lerp_mode": "catmullrom"
						},
						"0.2": {
							"post": [15, 0, 0],
							"lerp_mode": "catmullrom"
						},
						"0.5": {
							"post": [0, 0, 0],
							"lerp_mode": "catmullrom"
						},
						"0.8": {
							"post": [9, 0, 0],
							"lerp_mode": "catmullrom"
						},
						"1.0": {
							"post": [2.5, 0, 0],
							"lerp_mode": "catmullrom"
						}
					}
				},
				"rightLeg4": {
					"rotation": {
						"0.0": {
							"post": [2.5, 0, 0],
							"lerp_mode": "catmullrom"
						},
						"0.8": {
							"post": [15, 0, 0],
							"lerp_mode": "catmullrom"
						},
						"1.0": {
							"post": [2.5, 0, 0],
							"lerp_mode": "catmullrom"
						}
					}
				},
				"rightLeg5": {
					"rotation": {
						"0.0": {
							"post": [10, 0, 0],
							"lerp_mode": "catmullrom"
						},
						"0.5": {
							"post": [15, 0, 0],
							"lerp_mode": "catmullrom"
						},
						"1.0": {
							"post": [10, 0, 0],
							"lerp_mode": "catmullrom"
						}
					}
				},
				"rightLeg6": {
					"rotation": {
						"0.0": {
							"post": [10, 0, 0],
							"lerp_mode": "catmullrom"
						},
						"0.2": {
							"post": [0, 0, 0],
							"lerp_mode": "catmullrom"
						},
						"0.8": {
							"post": [20, 0, 0],
							"lerp_mode": "catmullrom"
						},
						"1.0": {
							"post": [10, 0, 0],
							"lerp_mode": "catmullrom"
						}
					}
				},
				"rightLeg7": {
					"rotation": {
						"0.0": {
							"post": [12.5, 0, 0],
							"lerp_mode": "catmullrom"
						},
						"0.5": {
							"post": [0, 0, 0],
							"lerp_mode": "catmullrom"
						},
						"1.0": {
							"post": [12.5, 0, 0],
							"lerp_mode": "catmullrom"
						}
					}
				},
				"rightLeg8": {
					"rotation": {
						"0.2": {
							"pre": [10, 0, 0],
							"post": [10, 0, 0],
							"lerp_mode": "catmullrom"
						},
						"0.5": {
							"post": [12.5, 0, 0],
							"lerp_mode": "catmullrom"
						},
						"0.8": {
							"post": [17.5, 0, 0],
							"lerp_mode": "catmullrom"
						}
					}
				},
				"rightLeg9": {
					"rotation": {
						"0.0": {
							"post": [10, 0, 0],
							"lerp_mode": "catmullrom"
						},
						"0.2": {
							"post": [-2.5, 0, 0],
							"lerp_mode": "catmullrom"
						},
						"0.8": {
							"post": [26.88, 0, 0],
							"lerp_mode": "catmullrom"
						},
						"1.0": {
							"post": [10, 0, 0],
							"lerp_mode": "catmullrom"
						}
					}
				},
				"rightLeg10": {
					"rotation": {
						"0.0": {
							"post": [12.5, 0, 0],
							"lerp_mode": "catmullrom"
						},
						"0.5": {
							"post": [10, 0, 0],
							"lerp_mode": "catmullrom"
						},
						"1.0": {
							"post": [12.5, 0, 0],
							"lerp_mode": "catmullrom"
						}
					}
				},
				"rightFoot": {
					"rotation": {
						"0.0": {
							"post": [27.5, 0, 0],
							"lerp_mode": "catmullrom"
						},
						"0.2": {
							"post": [5, 0, 0],
							"lerp_mode": "catmullrom"
						},
						"0.5": {
							"post": [-5, 0, 0],
							"lerp_mode": "catmullrom"
						},
						"0.8": {
							"post": [24.5, 0, 0],
							"lerp_mode": "catmullrom"
						},
						"1.0": {
							"post": [27.5, 0, 0],
							"lerp_mode": "catmullrom"
						}
					}
				},
				"rightToe": {
					"rotation": {
						"0.0": {
							"post": [0, 52.5, 0],
							"lerp_mode": "catmullrom"
						},
						"1.0": {
							"post": [0, 52.5, 0],
							"lerp_mode": "catmullrom"
						}
					}
				},
				"waist": {
					"rotation": {
						"0.0": {
							"post": [10, 0, -2.5],
							"lerp_mode": "catmullrom"
						},
						"0.2": {
							"post": [2.5, 0, 0],
							"lerp_mode": "catmullrom"
						},
						"0.5": {
							"post": [10, 0, 2.5],
							"lerp_mode": "catmullrom"
						},
						"0.7": {
							"post": [2.5, 0, 0],
							"lerp_mode": "catmullrom"
						},
						"1.0": {
							"post": [10, 0, -2.5],
							"lerp_mode": "catmullrom"
						}
					}
				},
				"leftLeg": {
					"rotation": {
						"0.0": {
							"post": [-5, 0, 0],
							"lerp_mode": "catmullrom"
						},
						"0.5": {
							"post": [-55, 0, 0],
							"lerp_mode": "catmullrom"
						},
						"0.7": {
							"post": [-42.5, 0, 0],
							"lerp_mode": "catmullrom"
						},
						"1.0": {
							"post": [-5, 0, 0],
							"lerp_mode": "catmullrom"
						}
					}
				},
				"leftLeg2": {
					"rotation": {
						"0.0": {
							"post": [7.5, 0, 0],
							"lerp_mode": "catmullrom"
						}
					}
				},
				"leftLeg3": {
					"rotation": {
						"0.0": {
							"post": [0, 0, 0],
							"lerp_mode": "catmullrom"
						},
						"0.3": {
							"post": [9, 0, 0],
							"lerp_mode": "catmullrom"
						},
						"0.5": {
							"post": [2.5, 0, 0],
							"lerp_mode": "catmullrom"
						},
						"0.7": {
							"post": [15, 0, 0],
							"lerp_mode": "catmullrom"
						},
						"1.0": {
							"post": [0, 0, 0],
							"lerp_mode": "catmullrom"
						}
					}
				},
				"leftLeg4": {
					"rotation": {
						"0.0": {
							"post": [15, 0, 0],
							"lerp_mode": "catmullrom"
						},
						"0.2": {
							"post": [2.5, 0, 0],
							"lerp_mode": "catmullrom"
						},
						"1.0": {
							"post": [15, 0, 0],
							"lerp_mode": "catmullrom"
						}
					}
				},
				"leftLeg5": {
					"rotation": {
						"0.0": {
							"post": [15, 0, 0],
							"lerp_mode": "catmullrom"
						},
						"0.5": {
							"post": [10, 0, 0],
							"lerp_mode": "catmullrom"
						},
						"1.0": {
							"post": [15, 0, 0],
							"lerp_mode": "catmullrom"
						}
					}
				},
				"leftLeg6": {
					"rotation": {
						"0.0": {
							"post": [20, 0, 0],
							"lerp_mode": "catmullrom"
						},
						"0.2": {
							"post": [10, 0, 0],
							"lerp_mode": "catmullrom"
						},
						"0.8": {
							"post": [10, 0, 0],
							"lerp_mode": "catmullrom"
						},
						"1.0": {
							"post": [20, 0, 0],
							"lerp_mode": "catmullrom"
						}
					}
				},
				"leftLeg7": {
					"rotation": {
						"0.0": {
							"post": [0, 0, 0],
							"lerp_mode": "catmullrom"
						},
						"0.5": {
							"post": [12.5, 0, 0],
							"lerp_mode": "catmullrom"
						},
						"1.0": {
							"post": [0, 0, 0],
							"lerp_mode": "catmullrom"
						}
					}
				},
				"leftLeg8": {
					"rotation": {
						"0.2": {
							"pre": [10, 0, 0],
							"post": [10, 0, 0],
							"lerp_mode": "catmullrom"
						},
						"0.5": {
							"post": [12.5, 0, 0],
							"lerp_mode": "catmullrom"
						},
						"0.8": {
							"post": [17.5, 0, 0],
							"lerp_mode": "catmullrom"
						}
					}
				},
				"leftLeg9": {
					"rotation": {
						"0.0": {
							"post": [26.88, 0, 0],
							"lerp_mode": "catmullrom"
						},
						"0.2": {
							"post": [10, 0, 0],
							"lerp_mode": "catmullrom"
						},
						"0.8": {
							"post": [10, 0, 0],
							"lerp_mode": "catmullrom"
						},
						"1.0": {
							"post": [26.88, 0, 0],
							"lerp_mode": "catmullrom"
						}
					}
				},
				"leftLeg10": {
					"rotation": {
						"0.0": {
							"post": [10, 0, 0],
							"lerp_mode": "catmullrom"
						},
						"0.5": {
							"post": [12.5, 0, 0],
							"lerp_mode": "catmullrom"
						},
						"1.0": {
							"post": [10, 0, 0],
							"lerp_mode": "catmullrom"
						}
					}
				},
				"leftFoot": {
					"rotation": {
						"0.0": {
							"post": [24.5, 0, 0],
							"lerp_mode": "catmullrom"
						},
						"0.2": {
							"post": [27.5, 0, 0],
							"lerp_mode": "catmullrom"
						},
						"0.5": {
							"post": [27.5, 0, 0],
							"lerp_mode": "catmullrom"
						},
						"0.7": {
							"post": [-15, 0, 0],
							"lerp_mode": "catmullrom"
						},
						"1.0": {
							"post": [39.5, 0, 0],
							"lerp_mode": "catmullrom"
						}
					}
				},
				"body": {
					"position": {
						"0.0": [0, 0, 0],
						"0.2": [0, -1, 0],
						"0.5": [0, 0, 0],
						"0.8": [0, -1, 0],
						"1.0": [0, 0, 0]
					}
				},
				"root": {
					"position": {
						"0.0": [0, 0, 0],
						"0.2": [0, 1, 0],
						"0.5": [0, 0, 0],
						"0.7": [0, 1, 0],
						"1.0": [0, 0, 0]
					}
				}
			}
		},
		"animation.huggy_jn.smack": {
			"animation_length": 0.5
		},
		"animation.huggy_jn.fall": {
			"loop": true,
			"bones": {
				"root": {
					"rotation": ["Math.sin(query.life_time * 330) * 45", "Math.sin(query.life_time * 360) * 45", "Math.sin(query.life_time * 300) * 45"]
				},
				"leftArm": {
					"rotation": ["0+Math.sin(query.life_time * 360) * 45", "0+Math.sin(query.life_time * 300) * 45", "-50+Math.sin(query.life_time * 330) * 45"]
				},
				"leftArm3": {
					"rotation": ["Math.sin(query.life_time * 360) * 45", "Math.sin(query.life_time * 300) * 45", "Math.sin(query.life_time * 330) * 45"]
				},
				"leftArm6": {
					"rotation": ["-Math.sin(query.life_time * 300) * 45", "-Math.sin(query.life_time * 330) * 45", "Math.sin(query.life_time * 360) * 45"]
				},
				"leftArm8": {
					"rotation": ["0+Math.sin(query.life_time * 360) * 45", "0+Math.sin(query.life_time * 300) * 45", "-50+Math.sin(query.life_time * 330) * 45"]
				},
				"rightArm": {
					"rotation": ["-Math.sin(query.life_time * 300) * 45", "-Math.sin(query.life_time * 330) * 45", "32.5+Math.sin(query.life_time * 360) * 45"]
				},
				"rightArm4": {
					"rotation": ["Math.sin(query.life_time * 360) * 45", "Math.sin(query.life_time * 300) * 45", "Math.sin(query.life_time * 330) * 45"]
				},
				"rightArm6": {
					"rotation": ["Math.sin(query.life_time * 360) * 45", "Math.sin(query.life_time * 300) * 45", "Math.sin(query.life_time * 330) * 45"]
				},
				"rightArm8": {
					"rotation": ["-Math.sin(query.life_time * 300) * 45", "-Math.sin(query.life_time * 330) * 45", "32.5+Math.sin(query.life_time * 360) * 45"]
				}
			}
		},
		"animation.huggy_jn.idle2": {
			"loop": true,
			"bones": {
				"waist": {
					"rotation": [0, 0, "4-((math.cos(query.life_time * 60) * 2.865) + 4)"]
				},
				"leftArm": {
					"rotation": ["4-((math.cos(query.life_time * 60) * 2) + 2)", 0, "4-((math.cos(query.life_time * 60) * 2) + 2)"]
				},
				"leftArm6": {
					"rotation": ["4-((math.cos(query.life_time * 60) * 2) + 2)", 0, "4-((math.cos(query.life_time * 60) * 2) + 2)"]
				},
				"leftHand": {
					"rotation": [0, 0, "4-((math.cos(query.life_time * 60) * 2) + 2)"]
				},
				"leftThumb": {
					"rotation": [55, 0, 0]
				},
				"rightArm": {
					"rotation": ["4-((math.cos(query.life_time * 60) * 2) + 2)", 0, "4-((math.cos(query.life_time * 60) * 2) + 2)"]
				},
				"rightArm7": {
					"rotation": ["4-((math.cos(query.life_time * 60) * 2) + 2)", 0, "4-((math.cos(query.life_time * 60) * 2) + 2)"]
				},
				"rightHand": {
					"rotation": [0, 0, "4-((math.cos(query.life_time * 60) * 2) + 2)"]
				},
				"rightThumb": {
					"rotation": [60, 0, 0]
				},
				"head": {
					"rotation": ["17.5 && query.target_x_rotation", "query.target_y_rotation", 12.5]
				},
				"leftToe": {
					"rotation": [0, -27.5, 0]
				},
				"rightToe": {
					"rotation": [0, 62.5, 0]
				},
				"rightEye": {
					"rotation": ["math.clamp(query.target_x_rotation, -25, 25)", "math.clamp(query.target_y_rotation, -25, 25)", 0]
				},
				"leftEye": {
					"rotation": ["math.clamp(query.target_x_rotation, -25, 25)", "math.clamp(query.target_y_rotation, -25, 25)", 0]
				}
			}
		},
		"animation.huggy_jn.statue": {
			"loop": true,
			"bones": {
				"waist": {
					"rotation": ["-((math.cos(query.life_time * 103.2) * 0.5) + 1)", 0, 0]
				},
				"head": {
					"rotation": [0, 0, -15]
				},
				"leftArm": {
					"rotation": [0, 0, "-7.5-((math.cos(query.life_time * 103.2) * 0.5) + 0.5)"]
				},
				"leftArm6": {
					"rotation": [0, 0, 5]
				},
				"leftThumb": {
					"rotation": [52.5, 0, 0]
				},
				"rightArm": {
					"rotation": [0, 0, "85+((math.cos(query.life_time * 103.2) * 0.5) + 0.5)"]
				},
				"rightArm6": {
					"rotation": [0, 0, 95]
				},
				"rightHand": {
					"rotation": [0, 90, 0]
				},
				"rightThumb": {
					"rotation": [50, 0, 0]
				},
				"leftToe": {
					"rotation": [0, -67.5, 0]
				},
				"rightToe": {
					"rotation": [0, 57.5, 0]
				},
				"leftArm8": {
					"rotation": [0, 0, 7.5]
				},
				"rightArm3": {
					"rotation": [0, 0, 5]
				},
				"rightArm8": {
					"rotation": [0, 0, 5]
				}
			}
		},
		"animation.huggy_jn.transform": {
			"animation_length": 0.5,
			"bones": {
				"waist": {
					"rotation": ["-((math.cos(query.life_time * 103.2) * 0.5) + 1)", 0, 0]
				},
				"head": {
					"rotation": {
						"0.0": [0, 0, -15],
						"0.5": [0, 0, 0]
					}
				},
				"leftArm": {
					"rotation": {
						"0.0": [0, 0, "-7.5-((math.cos(query.life_time * 103.2) * 0.5) + 0.5)"],
						"0.5": [0, 0, 0]
					}
				},
				"leftArm6": {
					"rotation": {
						"0.0": [0, 0, 5],
						"0.5": [0, 0, 0]
					}
				},
				"leftThumb": {
					"rotation": {
						"0.0": [52.5, 0, 0],
						"0.5": [0, 0, 0]
					}
				},
				"rightArm": {
					"rotation": {
						"0.0": [0, 0, "85+((math.cos(query.life_time * 103.2) * 0.5) + 0.5)"],
						"0.5": [0, 0, 0]
					}
				},
				"rightArm6": {
					"rotation": {
						"0.0": [0, 0, 95],
						"0.5": [0, 0, 0]
					}
				},
				"rightHand": {
					"rotation": {
						"0.0": [0, 90, 0],
						"0.5": [0, 0, 0]
					}
				},
				"rightThumb": {
					"rotation": {
						"0.0": [50, 0, 0],
						"0.5": [0, 0, 0]
					}
				},
				"leftToe": {
					"rotation": {
						"0.0": [0, -67.5, 0],
						"0.5": [0, 0, 0]
					}
				},
				"rightToe": {
					"rotation": {
						"0.0": [0, 57.5, 0],
						"0.5": [0, 0, 0]
					}
				},
				"leftArm8": {
					"rotation": {
						"0.0": [0, 0, 7.5],
						"0.5": [0, 0, 0]
					}
				},
				"rightArm3": {
					"rotation": {
						"0.0": [0, 0, 5],
						"0.5": [0, 0, 0]
					}
				},
				"rightArm8": {
					"rotation": {
						"0.0": [0, 0, 5],
						"0.5": [0, 0, 0]
					}
				}
			}
		},
		"animation.huggy_jn.jumpscare": {
			"loop": true,
			"bones": {
				"leftArm": {
					"rotation": [-37.5, 0, -67.5]
				}
			}
		},
		"animation.huggy_jn.test": {
			"loop": true,
			"bones": {
				"leftLeg": {
					"rotation": [-52.5, 0, 0]
				},
				"leftLeg2": {
					"rotation": [45, 0, 0]
				},
				"leftLeg3": {
					"rotation": [10, 0, 0]
				},
				"leftLeg4": {
					"rotation": [5, 0, 0]
				},
				"leftLeg5": {
					"rotation": [22.5, 0, 0]
				},
				"leftLeg6": {
					"rotation": [2.5, 0, 0]
				},
				"leftLeg7": {
					"rotation": [15, 0, 0]
				},
				"leftLeg8": {
					"rotation": [10, 0, 0]
				},
				"leftLeg9": {
					"rotation": [15, 0, 0]
				},
				"leftLeg10": {
					"rotation": [22.5, 0, 0]
				},
				"leftFoot": {
					"rotation": [22.5, 0, 0]
				}
			}
		},
		"animation.huggy_jn.under1_test": {
			"loop": true,
			"bones": {
				"waist": {
					"rotation": [47.5, 0, 0]
				},
				"leftArm": {
					"rotation": [-47.5, 0, 0]
				},
				"rightArm": {
					"rotation": [-47.5, 0, 0]
				}
			}
		},
		"animation.huggy_jn.hand": {
			"animation_length": 1.65,
			"bones": {
				"leftArm": {
					"rotation": {
						"0.0": {
							"post": [-87.5, 0, 0],
							"lerp_mode": "catmullrom"
						},
						"0.2": {
							"post": [-62.5, -12.5, 0],
							"lerp_mode": "catmullrom"
						},
						"0.35": {
							"post": [-47.5, -45, 0],
							"lerp_mode": "catmullrom"
						},
						"0.55": {
							"post": [-47.5, -100, 0],
							"lerp_mode": "catmullrom"
						},
						"0.7": {
							"post": [-47.5, -122.5, 0],
							"lerp_mode": "catmullrom"
						},
						"1.2": {
							"post": [-47.5, -122.5, 50],
							"lerp_mode": "catmullrom"
						},
						"1.4": {
							"post": [0, 0, 0],
							"lerp_mode": "catmullrom"
						}
					},
					"position": {
						"0.0": {
							"post": [4, 0, -17],
							"lerp_mode": "catmullrom"
						},
						"0.55": {
							"post": [4, 0, -14],
							"lerp_mode": "catmullrom"
						},
						"0.7": {
							"post": [4, 0, -10],
							"lerp_mode": "catmullrom"
						},
						"0.8": {
							"post": [4, 0, -7],
							"lerp_mode": "catmullrom"
						},
						"1.0": {
							"post": [4, 0, 0],
							"lerp_mode": "catmullrom"
						},
						"1.2": {
							"post": [0, 0, 0],
							"lerp_mode": "catmullrom"
						}
					}
				},
				"leftArm2": {
					"rotation": {
						"0.0": {
							"post": [17.5, 0, 0],
							"lerp_mode": "catmullrom"
						},
						"0.35": {
							"post": [17.5, 0, 22.5],
							"lerp_mode": "catmullrom"
						},
						"1.2": {
							"post": [17.5, 0, 22.5],
							"lerp_mode": "catmullrom"
						},
						"1.4": {
							"post": [0, 0, 0],
							"lerp_mode": "catmullrom"
						}
					}
				},
				"leftArm3": {
					"rotation": {
						"0.0": {
							"post": [-12.5, 0, 22.5],
							"lerp_mode": "catmullrom"
						},
						"0.2": {
							"post": [-12.5, 0, 30],
							"lerp_mode": "catmullrom"
						},
						"1.2": {
							"post": [-12.5, 0, 30],
							"lerp_mode": "catmullrom"
						},
						"1.4": {
							"post": [0, 0, 0],
							"lerp_mode": "catmullrom"
						}
					}
				},
				"leftArm4": {
					"rotation": {
						"0.0": {
							"post": [0, 0, 40],
							"lerp_mode": "catmullrom"
						},
						"0.15": {
							"post": [0, 0, 33.75],
							"lerp_mode": "catmullrom"
						},
						"0.25": {
							"post": [0, 5, 32.5],
							"lerp_mode": "catmullrom"
						},
						"0.45": {
							"post": [0, 5, 42.5],
							"lerp_mode": "catmullrom"
						},
						"1.2": {
							"post": [0, 5, 42.5],
							"lerp_mode": "catmullrom"
						},
						"1.4": {
							"post": [0, 0, 0],
							"lerp_mode": "catmullrom"
						}
					}
				},
				"leftArm5": {
					"rotation": {
						"0.0": {
							"post": [0, 0, 25],
							"lerp_mode": "catmullrom"
						},
						"0.2": {
							"post": [0, 12.5, 25],
							"lerp_mode": "catmullrom"
						},
						"0.35": {
							"post": [50, 12.5, 25],
							"lerp_mode": "catmullrom"
						},
						"0.55": {
							"post": [50, 12.5, 65],
							"lerp_mode": "catmullrom"
						},
						"1.0": {
							"post": [47.5, 12.5, 10],
							"lerp_mode": "catmullrom"
						},
						"1.2": {
							"post": [47.5, 12.5, -92.5],
							"lerp_mode": "catmullrom"
						},
						"1.4": {
							"post": [0, 0, 0],
							"lerp_mode": "catmullrom"
						}
					}
				},
				"leftArm6": {
					"rotation": {
						"0.0": {
							"post": [-10, 0, 7.5],
							"lerp_mode": "catmullrom"
						},
						"0.8": {
							"post": [-10, 0, -7.5],
							"lerp_mode": "catmullrom"
						},
						"1.2": {
							"post": [-10, 0, -7.5],
							"lerp_mode": "catmullrom"
						},
						"1.4": {
							"post": [0, 0, 0],
							"lerp_mode": "catmullrom"
						}
					}
				},
				"leftArm7": {
					"rotation": {
						"0.0": {
							"post": [-12.5, 0, 0],
							"lerp_mode": "catmullrom"
						},
						"1.2": {
							"post": [-12.5, 0, 0],
							"lerp_mode": "catmullrom"
						},
						"1.4": {
							"post": [0, 0, 0],
							"lerp_mode": "catmullrom"
						}
					}
				},
				"leftArm8": {
					"rotation": {
						"0.0": {
							"post": [12.5, 0, 0],
							"lerp_mode": "catmullrom"
						},
						"0.15": {
							"post": [12.5, 0, 4.77],
							"lerp_mode": "catmullrom"
						},
						"0.55": {
							"post": [12.5, 0, 17.5],
							"lerp_mode": "catmullrom"
						},
						"1.2": {
							"post": [12.5, 0, 17.5],
							"lerp_mode": "catmullrom"
						},
						"1.4": {
							"post": [0, 0, 0],
							"lerp_mode": "catmullrom"
						}
					}
				},
				"leftArm9": {
					"rotation": {
						"0.0": {
							"post": [12.5, 0, -5],
							"lerp_mode": "catmullrom"
						},
						"0.35": {
							"post": [12.5, 50, -10],
							"lerp_mode": "catmullrom"
						},
						"0.55": {
							"post": [12.5, 0, 12.5],
							"lerp_mode": "catmullrom"
						},
						"1.2": {
							"post": [12.5, 0, 12.5],
							"lerp_mode": "catmullrom"
						},
						"1.4": {
							"post": [0, 0, 0],
							"lerp_mode": "catmullrom"
						}
					}
				},
				"leftArm10": {
					"rotation": {
						"0.0": {
							"post": [7.5, 0, 0],
							"lerp_mode": "catmullrom"
						},
						"1.2": {
							"post": [7.5, 0, 0],
							"lerp_mode": "catmullrom"
						},
						"1.4": {
							"post": [0, 0, 0],
							"lerp_mode": "catmullrom"
						}
					}
				},
				"leftHand": {
					"rotation": {
						"0.0": {
							"post": [0, 0, 5],
							"lerp_mode": "catmullrom"
						},
						"0.8": {
							"post": [0, 0, 40],
							"lerp_mode": "catmullrom"
						},
						"1.15": {
							"post": [-135, 82.5, -137.84668],
							"lerp_mode": "catmullrom"
						},
						"1.2": {
							"post": [0, 0, 40],
							"lerp_mode": "catmullrom"
						},
						"1.4": {
							"post": [0, 0, 0],
							"lerp_mode": "catmullrom"
						}
					}
				},
				"leftThumb": {
					"rotation": {
						"0.0": {
							"post": [30, 0, 0],
							"lerp_mode": "catmullrom"
						},
						"1.2": {
							"post": [30, 0, 0],
							"lerp_mode": "catmullrom"
						},
						"1.4": {
							"post": [0, 0, 0],
							"lerp_mode": "catmullrom"
						}
					}
				}
			}
		},
		"animation.huggy_jn.vent_sound": {
			"animation_length": 0.2
		},
		"animation.huggy_jn.hithead": {
			"animation_length": 0.8,
			"bones": {
				"root": {
					"rotation": {
						"0.0": [0, 0, 0],
						"0.15": [0, 15, 0],
						"0.55": [0, 0, 0]
					}
				},
				"waist": {
					"rotation": {
						"0.0": [0, 0, 0],
						"0.1": [17.5, 0, 0],
						"0.35": [-17.5, 0, 0],
						"0.8": [0, 0, 0]
					}
				},
				"leftArm": {
					"rotation": {
						"0.0": [0, 0, 0],
						"0.1": [-15, 0, 0],
						"0.35": [50, 0, 0],
						"0.8": [0, 0, 0]
					}
				},
				"rightArm": {
					"rotation": {
						"0.0": [0, 0, 0],
						"0.1": [-12.5, 0, 0],
						"0.35": [57.5, 0, 0],
						"0.8": [0, 0, 0]
					}
				},
				"head": {
					"rotation": {
						"0.0": [0, 0, 0],
						"0.1": [17.5, 0, 0],
						"0.35": [-65, 0, 0],
						"0.8": [0, 0, 0]
					}
				}
			}
		},
		"animation.huggy_jn.apart": {
			"loop": true,
			"animation_length": 0.7,
			"bones": {
				"leftArm7": {
					"position": [0, 0, -4]
				},
				"leftArm8": {
					"position": [0, 0, -4]
				},
				"leftArm9": {
					"position": [0, 0, -4]
				},
				"leftArm10": {
					"position": [0, 0, -4]
				},
				"rightArm2": {
					"position": [0, 0, -4]
				},
				"rightArm3": {
					"position": [0, 0, -4]
				},
				"rightArm4": {
					"position": [0, 0, -4]
				},
				"rightArm5": {
					"position": [0, 0, -4]
				},
				"rightArm7": {
					"position": [0, 0, -4]
				},
				"rightArm8": {
					"position": [0, 0, -4]
				},
				"rightArm9": {
					"position": [0, 0, -4]
				},
				"rightArm10": {
					"position": [0, 0, -4]
				}
			}
		},
		"animation.huggy_jn.apart2": {
			"loop": true,
			"bones": {
				"leftArm": {
					"position": [0, 0, -4]
				},
				"rightArm": {
					"position": [0, 0, 8]
				},
				"rightLeg": {
					"position": [0, 0, 4]
				}
			}
		},
		"animation.huggy_jn.apart3": {
			"loop": true,
			"bones": {
				"leftLeg": {
					"position": [0, 0, 4]
				},
				"leftLeg2": {
					"position": [0, 0, 4]
				},
				"leftLeg3": {
					"position": [0, 0, 4]
				},
				"leftLeg4": {
					"position": [0, 0, 4]
				},
				"leftLeg5": {
					"position": [0, 0, 4]
				},
				"leftLeg6": {
					"position": [0, 0, 4]
				},
				"leftLeg7": {
					"position": [0, 0, 4]
				},
				"leftLeg8": {
					"position": [0, 0, 4]
				},
				"leftLeg9": {
					"position": [0, 0, 4]
				},
				"leftLeg10": {
					"position": [0, 0, 4]
				},
				"leftFoot": {
					"position": [13, 0, 0]
				},
				"rightLeg": {
					"position": [0, 0, -4]
				},
				"rightLeg2": {
					"position": [0, 0, -4]
				},
				"rightLeg3": {
					"position": [0, 0, -4]
				},
				"rightLeg4": {
					"position": [0, 0, -4]
				},
				"rightLeg5": {
					"position": [0, 0, -4]
				},
				"rightLeg6": {
					"position": [0, 0, -4]
				},
				"rightLeg7": {
					"position": [0, 0, -4]
				},
				"rightLeg8": {
					"position": [0, 0, -4]
				},
				"rightLeg9": {
					"position": [0, 0, -4]
				},
				"rightLeg10": {
					"position": [0, 0, -4]
				},
				"rightFoot": {
					"position": [-8, 0, 0]
				}
			}
		},
		"animation.huggy_jn.sprint": {
			"loop": true,
			"animation_length": 0.5,
			"bones": {
				"root": {
					"position": {
						"0.0": [0, -14, 6],
						"0.15": [0, -12, 6],
						"0.25": [0, -14, 6],
						"0.4": [0, -12, 6],
						"0.5": [0, -14, 6]
					}
				},
				"waist": {
					"rotation": {
						"0.0": [75, 0, 0],
						"0.5": [75, 0, 0]
					}
				},
				"leftArm": {
					"rotation": {
						"0.0": [-74.20651, -0.61425, -90.32029],
						"0.25": [-69.90683, 37.6093, -77.56185],
						"0.35": [-72.93998, -6.31898, -91.78894],
						"0.5": [-74.20651, -0.61425, -90.32029]
					},
					"position": {
						"0.0": [0, 0, 0],
						"0.15": [0, 0, 2],
						"0.25": [0, 0, 0],
						"0.35": [0, 0, 2],
						"0.5": [0, 0, 0]
					}
				},
				"leftArm2": {
					"rotation": {
						"0.0": [0, 0, -12.5],
						"0.5": [0, 0, -12.5]
					}
				},
				"leftArm3": {
					"rotation": {
						"0.0": [0, 0, 0],
						"0.25": [0, 0, 15],
						"0.5": [0, 0, 0]
					}
				},
				"leftArm4": {
					"rotation": {
						"0.0": [0, 0, -10],
						"0.35": [0, 0, 20],
						"0.5": [0, 0, -10]
					}
				},
				"leftArm5": {
					"rotation": {
						"0.0": [0, 0, 0],
						"0.25": [0, 0, 20],
						"0.5": [0, 0, 0]
					}
				},
				"leftArm6": {
					"rotation": {
						"0.0": [0, 0, 0],
						"0.25": [0, 0, 27.5],
						"0.35": [0, 0, 29],
						"0.5": [0, 0, 0]
					}
				},
				"leftArm7": {
					"rotation": {
						"0.0": [0, 0, -10],
						"0.15": [0, 0, 30],
						"0.25": [0, 0, 2.5],
						"0.35": [0, 0, 7.5],
						"0.5": [0, 0, -10]
					}
				},
				"leftArm8": {
					"rotation": {
						"0.0": [0, 0, 0],
						"0.15": [0, 0, -32.5],
						"0.25": [0, 0, 0],
						"0.35": [0, 0, 32.5],
						"0.5": [0, 0, 0]
					}
				},
				"leftArm9": {
					"rotation": {
						"0.0": [0, 0, -2.5],
						"0.15": [0, 0, -35],
						"0.25": [0, 0, -2.5],
						"0.35": [0, 0, 12.5],
						"0.5": [0, 0, -2.5]
					}
				},
				"leftArm10": {
					"rotation": {
						"0.0": [0, 0, 0],
						"0.15": [0, 0, -52.5],
						"0.25": [0, 0, 0],
						"0.35": [0, 0, 12.5],
						"0.5": [0, 0, 0]
					}
				},
				"leftHand": {
					"rotation": {
						"0.0": [0, -15, -37.5],
						"0.25": [-3.21526, 2.83561, -25.57242],
						"0.5": [0, -15, -37.5]
					}
				},
				"leftThumb": {
					"rotation": {
						"0.0": [22.5, 0, 0],
						"0.5": [22.5, 0, 0]
					}
				},
				"rightArm": {
					"rotation": {
						"0.0": [-93.38905, 42.45005, -92.28888],
						"0.15": [-92.82636, 0.99812, -90.15139],
						"0.25": [-92.53852, -9.99038, -89.55933],
						"0.5": [-93.38905, 42.45005, -92.28888]
					},
					"position": {
						"0.0": [0, 0, 0],
						"0.15": [0, 0, 5],
						"0.25": [0, 0, 5],
						"0.5": [0, 0, 0]
					}
				},
				"rightArm3": {
					"rotation": {
						"0.0": [0, 0, 7.5],
						"0.25": [0, 0, -2.5],
						"0.5": [0, 0, 7.5]
					}
				},
				"rightArm4": {
					"rotation": {
						"0.0": [0, 0, 0],
						"0.15": [0, 0, 40],
						"0.25": [0, 0, 0]
					}
				},
				"rightArm5": {
					"rotation": {
						"0.0": [0, 0, 0],
						"0.25": [0, 0, -20],
						"0.5": [0, 0, 0]
					}
				},
				"rightArm6": {
					"rotation": {
						"0.0": [0, 0, 0],
						"0.15": [0, 0, 30],
						"0.25": [0, 0, 0],
						"0.35": [0, 0, -17.5],
						"0.5": [0, 0, 0]
					}
				},
				"rightArm7": {
					"rotation": {
						"0.0": [0, 0, 15],
						"0.5": [0, 0, 15]
					}
				},
				"rightArm8": {
					"rotation": {
						"0.25": [0, 0, 0],
						"0.35": [0, 0, 22.5],
						"0.5": [0, 0, 0]
					}
				},
				"rightArm9": {
					"rotation": {
						"0.0": [0, 0, 15],
						"0.25": [0, 0, 37.5],
						"0.5": [0, 0, 15]
					}
				},
				"rightArm10": {
					"rotation": {
						"0.0": [0, 0, 15],
						"0.25": [0, 0, -35],
						"0.35": [0, 0, 50],
						"0.5": [0, 0, 15]
					}
				},
				"rightHand": {
					"rotation": {
						"0.0": [0, -185, 0],
						"0.25": [-180, -2.5, -240],
						"0.5": [0, -185, 0]
					}
				},
				"head": {
					"rotation": {
						"0.0": [-67.5, 0, 0],
						"0.25": [-72.5, 0, 0],
						"0.5": [-67.5, 0, 0]
					}
				},
				"leftLeg": {
					"rotation": {
						"0.0": [-12.5, 0, 0],
						"0.15": [-103, 0, 0],
						"0.25": [-105, 0, 0],
						"0.35": [-85.5, 0, 0],
						"0.5": [-12.5, 0, 0]
					},
					"position": {
						"0.0": [0, 0, 0],
						"0.15": [0, 4, 5],
						"0.25": [0, 0, 0]
					}
				},
				"leftLeg2": {
					"rotation": {
						"0.0": [12.5, 0, 0],
						"0.5": [12.5, 0, 0]
					}
				},
				"leftLeg3": {
					"rotation": {
						"0.0": [22.5, 0, 0],
						"0.5": [22.5, 0, 0]
					}
				},
				"leftLeg4": {
					"rotation": {
						"0.0": [17.5, 0, 0],
						"0.5": [17.5, 0, 0]
					}
				},
				"leftLeg5": {
					"rotation": {
						"0.0": [12.5, 0, 0],
						"0.15": [5.5, 0, 0],
						"0.25": [30, 0, 0],
						"0.5": [12.5, 0, 0]
					}
				},
				"leftLeg6": {
					"rotation": {
						"0.0": [32.5, 0, 0],
						"0.5": [32.5, 0, 0]
					}
				},
				"leftLeg7": {
					"rotation": {
						"0.0": [12.5, 0, 0],
						"0.15": [8.5, 0, 0],
						"0.25": [35, 0, 0],
						"0.35": [46, 0, 0],
						"0.5": [12.5, 0, 0]
					}
				},
				"leftLeg8": {
					"rotation": {
						"0.0": [-12.5, 0, 0],
						"0.25": [10, 0, 0],
						"0.5": [-12.5, 0, 0]
					}
				},
				"leftLeg9": {
					"rotation": {
						"0.0": [-25, 0, 0],
						"0.25": [5, 0, 0],
						"0.5": [-25, 0, 0]
					}
				},
				"leftLeg10": {
					"rotation": {
						"0.0": [-27.5, 0, 0],
						"0.5": [-27.5, 0, 0]
					}
				},
				"leftFoot": {
					"rotation": {
						"0.0": [-30, 0, 0],
						"0.15": [12.5, 0, 0],
						"0.35": [-34.29, 0, 0],
						"0.5": [-30, 0, 0]
					}
				},
				"rightLeg": {
					"rotation": {
						"0.0": [-42.5, 0, 0],
						"0.15": [-50.5, 0, 0],
						"0.25": [-10, 0, 0],
						"0.35": [-45.5, 0, 0],
						"0.5": [-42.5, 0, 0]
					},
					"position": {
						"0.0": [0, 0, 0],
						"0.15": [0, 4, 0],
						"0.25": [0, 0, 0],
						"0.35": [0, 4, 0],
						"0.5": [0, 0, 0]
					}
				},
				"rightLeg3": {
					"rotation": {
						"0.0": [-17.5, 0, 0],
						"0.25": [30, 0, 0],
						"0.35": [33.5, 0, 0],
						"0.5": [-17.5, 0, 0]
					}
				},
				"rightLeg4": {
					"rotation": {
						"0.0": [0, 0, 0],
						"0.25": [15, 0, 0],
						"0.35": [-13.5, 0, 0],
						"0.5": [0, 0, 0]
					}
				},
				"rightLeg5": {
					"rotation": {
						"0.0": [-25, 0, 0],
						"0.25": [25, 0, 0],
						"0.35": [32.5, 0, 0],
						"0.5": [-25, 0, 0]
					}
				},
				"rightLeg6": {
					"rotation": {
						"0.0": [12.5, 0, 0],
						"0.15": [59.5, 0, 0],
						"0.25": [20, 0, 0],
						"0.5": [12.5, 0, 0]
					}
				},
				"rightLeg7": {
					"rotation": {
						"0.0": [10, 0, 0],
						"0.25": [-2.5, 0, 0],
						"0.35": [27.5, 0, 0],
						"0.5": [10, 0, 0]
					}
				},
				"rightLeg8": {
					"rotation": {
						"0.0": [-2.5, 0, 0],
						"0.25": [30, 0, 0],
						"0.35": [49.5, 0, 0],
						"0.5": [-2.5, 0, 0]
					}
				},
				"rightLeg9": {
					"rotation": {
						"0.0": [17.5, 0, 0],
						"0.25": [-30, 0, 0],
						"0.5": [17.5, 0, 0]
					}
				},
				"rightLeg10": {
					"rotation": {
						"0.0": [25, 0, 0],
						"0.25": [-25, 0, 0],
						"0.5": [25, 0, 0]
					}
				},
				"rightFoot": {
					"rotation": {
						"0.0": [20, 0, 0],
						"0.15": [-28, 0, 0],
						"0.25": [-35, 0, 0],
						"0.5": [20, 0, 0]
					}
				}
			}
		}
	}
}