{
  "format_version": "1.16.100",
  "minecraft:item": {
    "description": {
      "identifier": "storymode:amulet",
      "category": "Items"
    },
    
    "components": {
      "minecraft:icon": {
        "texture": "amulet"
      },
      "minecraft:block_placer": {
        "block": "storymode:amulet_placed"
      },
      "minecraft:max_stack_size": 1,
      "minecraft:use_animation": "camera",
      "minecraft:creative_category": {
        "parent": "itemGroup.name.amulet"
      },
      "minecraft:render_offsets": "miscellaneous",
      "minecraft:use_duration": 5,
      "minecraft:display_name": {}
    }
  }
}