{
  "format_version": "1.16.100",
  "minecraft:item": {
    "description": {
      "identifier": "storymode:book_atlas",
      "category": "Items"
    },
    
    "components": {
      "minecraft:icon": {
        "texture": "book_atlas"
      },
      "minecraft:block_placer": {
        "block": "storymode:atlas_placed"
      },
      "minecraft:creative_category": {
        "parent": "itemGroup.name.special_books"
      },
      "minecraft:render_offsets": "miscellaneous",
      "minecraft:max_stack_size": 1,
      "minecraft:foil": true,
      "minecraft:display_name": {}
    }
  }
}