{
  "format_version": "1.16.100",
  "minecraft:item": {
    "description": {
      "identifier": "storymode:book_command_eraser",
      "category": "Items"
    },
    
    "components": {
      "minecraft:icon": {
        "texture": "book_command_eraser"
      },
      "minecraft:block_placer": {
        "block": "storymode:command_book_placed"
      },
      "minecraft:creative_category": {
        "parent": "itemGroup.name.special_books"
      },
      "minecraft:render_offsets": "miscellaneous",
      "minecraft:max_stack_size": 1,
      "minecraft:foil": true,
      "minecraft:display_name": {}
    }
  }
}