{
  "format_version": "1.16.100",
  "minecraft:item": {
    "description": {
      "identifier": "storymode:carved_white_pumpkin_wearable",
      "category": "Nature"
    },
    "components": {
      "minecraft:icon": {
        "texture": "white_pumpkin_wearable"
      },
	  "minecraft:creative_category": {
	    "parent": "itemGroup.name.crop"
	  },
	  "minecraft:render_offsets": "helmets",
      "minecraft:use_duration": 0,
      "minecraft:max_stack_size": 1,
      "minecraft:mining_speed": 8,
      "minecraft:armor": {
        "protection": 1
      },
      "minecraft:wearable": {
        "slot": "slot.armor.head"
      },
      "minecraft:display_name": {}
    }
  }
}