{
  "format_version": "1.16.100",
  "minecraft:item": {
    "description": {
      "identifier": "storymode:enchanted_sword",
      "category": "Equipment"
    },
    
    "components": {
      "minecraft:icon": {
        "texture": "command_block_sword"
      },
      "minecraft:creative_category": {
        "parent": "itemGroup.name.sword"
      },
      "minecraft:render_offsets": "tools",
      "minecraft:weapon": {
      },
      "minecraft:max_stack_size": 1,
      "minecraft:damage": 17,
      "minecraft:can_destroy_in_creative": false,
      "minecraft:digger": {
        "use_efficiency": false,
        "destroy_speeds": [
          {
            "block": "minecraft:web",
            "speed": 2
          },
          {
            "block": "minecraft:bamboo",
            "speed": 2
          }
        ]
      },
      "minecraft:hand_equipped": true,
      "minecraft:display_name": {}
    }
  }
}