{
  "format_version": "1.16.100",
  "minecraft:item": {
    "description": {
      "identifier": "storymode:enchanted_pickaxe",
      "category": "Equipment"
    },
    
    "components": {
      "minecraft:icon": {
        "texture": "command_block_pickaxe"
      },
      "minecraft:creative_category": {
        "parent": "itemGroup.name.pickaxe"
      },
      "minecraft:render_offsets": "tools",
      "minecraft:max_stack_size": 1,
      "minecraft:weapon": {
      },
      "minecraft:damage": 14,
      "minecraft:digger": {
        "use_efficiency": false,
        "destroy_speeds": [
          {
            "block": {
              "tags": "q.any_tag('stone', 'metal', 'diamond_pick_diggable')"
            },
            "speed": 2
          },
          {
            "block": "minecraft:ice",
            "speed": 2
          },
          {
            "block": "minecraft:sandstone",
            "speed": 2
          }
        ]
      },
      "tag:minecraft:is_pickaxe": {},
      "minecraft:hand_equipped": true,
      "minecraft:display_name": {}
    }
  }
}