{
  "format_version": "1.16.100", 
  "minecraft:item": {
    "description": {
      "identifier": "storymode:enchanted_axe",
      "category": "Equipment"
    },
    
    "components": {
      "minecraft:icon": {
        "texture": "command_block_axe"
      },
      "minecraft:creative_category": {
        "parent": "itemGroup.name.axe"
      },
      "minecraft:render_offsets": "tools",
      "minecraft:weapon": {
      },
      "minecraft:hand_equipped": true,
      "minecraft:max_stack_size": 1,
      "minecraft:damage": 18,
      "minecraft:digger": {
        "use_efficiency": false,
        "destroy_speeds": [
          {
            "block": {
              "tags": "q.any_tag('wood', 'pumpkin', 'plant')"
            },
            "speed": 2
          },
          {
            "block": "minecraft:chest",
            "speed": 2
          },
          {
            "block": "minecraft:melon_block",
            "speed": 2
          }
        ]
      },
      "tag:minecraft:is_axe": {},
      "minecraft:display_name": {}
    }
  }
}