{
  "format_version": "1.16.100",
  "minecraft:item": {
    "description": {
      "identifier": "storymode:enchanted_shovel",
      "category": "Equipment"
    },
    
    "components": {
      "minecraft:icon": {
        "texture": "command_block_shovel"
      },
      "minecraft:creative_category": {
        "parent": "itemGroup.name.shovel"
      },
      "minecraft:render_offsets": "tools",
      "minecraft:weapon": {
      },
      "minecraft:max_stack_size": 1,
      "minecraft:damage": 14,
      "minecraft:digger": {
        "use_efficiency": false,
        "destroy_speeds": [
          {
            "block": {
              "tags": "q.any_tag('dirt', 'sand', 'gravel', 'grass', 'snow')"
            },
            "speed": 2
          }
        ]
      },
      "tag:minecraft:is_shovel": {},
      "minecraft:hand_equipped": true,
      "minecraft:display_name": {}
    }
  }
}