{
  "format_version": "1.16.100",
  "minecraft:item": {
    "description": {
      "identifier": "storymode:decay_nether_star",
      "category": "Items"
    },
    
    "components": {
      "minecraft:icon": {
        "texture": "decay_nether_star"
      },
	  "minecraft:creative_category": {
        "parent": "itemGroup.name.decay_nether_star"
      },
      "minecraft:render_offsets": "miscellaneous",
      "minecraft:max_stack_size": 64,
      "minecraft:foil": true,
      "minecraft:display_name": {}
    }
  }
}