{
  "format_version": "1.16.100",
  "minecraft:item": {
    "description": {
      "identifier": "storymode:door_wood_glass_upper_item",
      "category": "Construction"
    },

    "components": {
      "minecraft:block_placer": {
        "block": "storymode:door_wood_glass_upper"
      },
	  "minecraft:creative_category": {
        "parent": "itemGroup.name.door"
      },
      "minecraft:max_stack_size": 64,
      "minecraft:icon": {
        "texture": "door_wood_glass_upper"
      },
	  "minecraft:render_offsets": "miscellaneous",
      "minecraft:display_name": {}
    }
  }
}