{
  "format_version": "1.16.100",
  "minecraft:item": {
    "description": {
      "identifier": "storymode:elixir",
      "category": "Equipment"
    },
    
    "components": {
      "minecraft:icon": {
        "texture": "elixir"
      },
      "minecraft:block_placer": {
        "block": "storymode:elixir_placed"
      },
      "minecraft:creative_category": {
        "parent": "itemGroup.name.elixir"
      },
      "minecraft:animates_in_toolbar": true,
      "minecraft:render_offsets": "potion",
      "minecraft:max_stack_size": 1,
      "minecraft:foil": true,
      "minecraft:stacked_by_data": false,
      "minecraft:throwable": {
        "do_swing_animation": true
      },
      "minecraft:projectile": {
        "projectile_entity": "storymode:elixir_bottle"
      },
      "minecraft:display_name": {}
    }
  }
}