{
  "format_version": "1.16.100",
  "minecraft:item": {
    "description": {
      "identifier": "storymode:crown_eversource",
      "category": "Items"
    },
    
    "components": {
      "minecraft:icon": {
        "texture": "eversource_crown"
      },
      "minecraft:armor": {
        "protection": 1
      },
      "minecraft:wearable": {
        "slot": "slot.armor.head"
      },
      "minecraft:max_stack_size": 1,
      "minecraft:creative_category": {
        "parent": "itemGroup.name.crown"
      },
      "minecraft:render_offsets": "miscellaneous",
      "minecraft:use_duration": 1,
      "minecraft:display_name": {}
    }
  }
}