{
  "format_version": "1.16.100",
  "minecraft:item": {
    "description": {
      "identifier": "storymode:flintensteel_diamond",
      "category": "Equipment"
    },
    
    "components": {
      "minecraft:icon": {
        "texture": "flintensteel_diamond"
      },
      "minecraft:block_placer": {
        "block": "storymode:tall_fire_blue"
      },
      "minecraft:max_stack_size": 1,
	  "minecraft:creative_category": {
        "parent": "itemGroup.name.special_flintensteel"
      },
	  "minecraft:render_offsets": "tools",
      "minecraft:foil": true,
      "minecraft:display_name": {}
    }
  }
}