{
  "format_version": "1.16.100",
  "minecraft:item": {
    "description": {
      "identifier": "storymode:gabriel_helmet",
      "category": "Equipment"
    },
    "components": {
      "minecraft:icon": {
        "texture": "gabriel_helmet"
      },
	  "minecraft:creative_category": {
	    "parent": "itemGroup.name.helmet"
	  },
	  "minecraft:render_offsets": "helmets",
      "minecraft:use_duration": 0,
      "minecraft:max_stack_size": 1,
      "minecraft:mining_speed": 8,
      "minecraft:damageable": {
        "max_damage": 363,
        "damage_chance": {
          "min": 60,
          "max": 100
        }
      },
      "minecraft:repairable": {
        "repair_items": [
          {
            "items": [ "minecraft:diamond" ],
            "repair_amount": "query.max_durability * 0.25"
          },
          {
            "items": [ "minecraft:diamond_helmet" ],
            "repair_amount": "query.max_durability"
          }
        ]
      },
      "minecraft:armor": {
        "protection": 3
      },
      "minecraft:wearable": {
        "slot": "slot.armor.head"
      },
      "minecraft:display_name": {}
    }
  }
}