{
  "format_version": "1.16.100",
  "minecraft:item": {
    "description": {
      "identifier": "storymode:glowshroom_item",
      "category": "Nature"
    },

    "components": {
      "minecraft:block_placer": {
        "block": "storymode:glowing_mushroom",
        "use_on": [
          "grass",
          "dirt",
          "podzol",
		  "mycelium",
		  "stone",
		  "netherrack"
        ]
      },
	  "minecraft:creative_category": {
        "parent": "itemGroup.name.mushroom"
      },
      "minecraft:max_stack_size": 64,
      "minecraft:icon": {
        "texture": "mushroom_neon_green"
      },
	  "minecraft:render_offsets": "miscellaneous",
      "minecraft:display_name": {}
    }
  }
}