{
  "format_version": "1.16.100",
  "minecraft:item": {
    "description": {
      "identifier": "storymode:icy_gauntlet",
      "category": "Items"
    },
    
    "components": {
      "minecraft:icon": {
        "texture": "icy_gauntlet"
      },
      "minecraft:creative_category": {
        "parent": "itemGroup.name.gauntlet"
      },
      "minecraft:wearable": {
        "slot": "slot.weapon.offhand"
      },
      "minecraft:render_offsets": "tools",
      "minecraft:max_stack_size": 1,
      "minecraft:damage": 2,
      "minecraft:allow_off_hand": true,
      "minecraft:display_name": {}
    }
  }
}