{
  "format_version": "1.16.100",
  "minecraft:item": {
    "description": {
      "identifier": "storymode:pebble_item",
      "category": "Nature"
    },
    
    "components": {
      "minecraft:block_placer": {
        "block": "storymode:pebbles"
      },
	  "minecraft:creative_category": {
        "parent": "itemGroup.name.pebble"
      },
      "minecraft:max_stack_size": 16,
      "minecraft:icon": {
        "texture": "pebble"
      },
      "minecraft:throwable": {
        "do_swing_animation": true
      },
      "minecraft:projectile": {
        "projectile_entity": "storymode:pebble_projectile"
      },
	  "minecraft:render_offsets": "miscellaneous",
      "minecraft:display_name": {}
    }
  }
}