{
  "format_version": "1.16.100",
  "minecraft:item": {
    "description": {
      "identifier": "storymode:prismarine_sword",
      "category": "Equipment"
    },
    
    "components": {
      "minecraft:icon": {
        "texture": "prismarine_sword"
      },
      "minecraft:creative_category": {
        "parent": "itemGroup.name.sword"
      },
      "minecraft:render_offsets": "tools",
      "minecraft:weapon": {
        "on_hurt_entity": {
          "event": "minecraft:damage_hit",
          "target": "self"
        }
      },
      "minecraft:durability": {
        "max_durability": 512
      },
      "minecraft:max_stack_size": 1,
      "minecraft:damage": 10,
      "minecraft:can_destroy_in_creative": false,
      "minecraft:digger": {
        "use_efficiency": true,
        "destroy_speeds": [
          {
            "block": "minecraft:web",
            "speed": 2
          },
          {
            "block": "minecraft:bamboo",
            "speed": 2
          }
        ],
        "on_dig": {
          "event": "minecraft:damage_dig",
          "target": "self"
        }
      },
      "minecraft:repairable": {
        "repair_items": [
          {
            "items": [ "minecraft:prismarine_shard" ],
            "repair_amount": "query.max_durability * 0.25"
          },
          {
            "items": [ "storymode:prismarine_bow" ],
            "repair_amount": "query.max_durability"
          }
        ]
      },
      "minecraft:wearable": {
        "slot": "slot.weapon.mainhand"
      },
      "minecraft:knockback_resistance": {
        "protection": 0.25
      },
      "minecraft:hand_equipped": true,
      "minecraft:display_name": {}
    },
	"events": {
	  "minecraft:damage_hit": {
		"sequence": [
		  {
		    "swing": {}
		  },
		  {
		    "damage": {
			  "type": "contact",
			  "amount": 1
			}
		  }
		]
      },
	  "minecraft:damage_dig": {
		"sequence": [
		  {
		    "swing": {}
		  },
		  {
		    "damage": {
			  "type": "contact",
			  "amount": 3
			}
		  }
		]
      }
	}
  }
}