{
  "format_version": "1.16.100",
  "minecraft:item": {
    "description": {
      "identifier": "storymode:prismarine_arrow",
      "category": "Equipment"
    },
    
    "components": {
      "minecraft:icon": {
        "texture": "prismarine_arrow"
      },
      "minecraft:creative_category": {
        "parent": "itemGroup.name.arrow"
      },
      "minecraft:render_offsets": "arrows",
      "minecraft:weapon": {
        "on_hurt_entity": {
          "event": "minecraft:damage_hit",
          "target": "self"
        }
      },
      "minecraft:damage": 4,
      "minecraft:max_stack_size": 64,
      "minecraft:stacked_by_data": true,
      "minecraft:projectile": {
        "projectile_entity": "storymode:arrow_prismarine",
        "minimum_critical_power": 1.5
      },
      "minecraft:wearable": {
        "slot": "slot.weapon.mainhand"
      },
      "minecraft:display_name": {}
    },
	"events": {
	  "minecraft:damage_hit": {
		"swing": {}
      }
	}
  }
}