{
  "format_version": "1.16.100",
  "minecraft:item": {
    "description": {
      "identifier": "storymode:prismarine_bow",
      "category": "Equipment"
    },
    
    "components": {
      "minecraft:icon": {
        "texture": "prismarine_bow_standby"
      },
      "minecraft:frame_count": 3,
      "minecraft:creative_category": {
        "parent": "itemGroup.name.bow"
      },
      "minecraft:render_offsets": "tools",
      "minecraft:weapon": {
      },
      "minecraft:wearable": {
        "slot": "slot.weapon.mainhand"
      },
      "minecraft:max_stack_size": 1,
      "minecraft:damage": 4,
      "minecraft:shooter": {
        "ammunition": [
          {
            "item": "storymode:prismarine_arrow",
            "use_offhand": true,
            "search_inventory": true,
            "use_in_creative": true
          }
        ],
        "charge_on_draw": true,
        "scale_power_by_draw_duration": true,
        "max_draw_duration": 1.5
      },
      "minecraft:hand_equipped": true,
      "minecraft:durability": {
        "max_durability": 450,
		"damage_chance" : {
		  "min": 5,
		  "max": 10
		}
      },
      "minecraft:repairable": {
        "repair_items": [
          {
            "items": [ "minecraft:prismarine_shard" ],
            "repair_amount": "query.max_durability * 0.25"
          },
          {
            "items": [ "storymode:prismarine_bow" ],
            "repair_amount": "query.max_durability"
          }
        ]
      },
      "minecraft:knockback_resistance": {
        "protection": 0.25
      },
      "minecraft:display_name": {}
    },
	"events": {
	  "minecraft:on_use": {
		"sequence": [
		  {
		    "damage": {
			  "type": "contact",
			  "amount": 1
			}
		  }
		]
      }
	}
  }
}