{
  "format_version": "1.16.100",
  "minecraft:item": {
    "description": {
      "identifier": "storymode:skull_ghast",
      "category": "Items"
    },
    "components": {
      "minecraft:block_placer": {
        "block": "storymode:skull_ghast_block"
      },
      "minecraft:icon": {
        "texture": "skull_ghast"
      },
	  "minecraft:creative_category": {
	    "parent": "itemGroup.name.skull"
	  },
	  "minecraft:render_offsets": "skull",
      "minecraft:use_duration": 0,
      "minecraft:max_stack_size": 64,
      "minecraft:mining_speed": 8,
      "minecraft:armor": {
        "protection": 0
      },
      "minecraft:wearable": {
        "slot": "slot.armor.head"
      },
      "minecraft:display_name": {}
    }
  }
}