{
  "format_version": "1.8.0",
  "minecraft:client_entity": {
    "description": {
      "identifier": "mb:ball",
      "materials": {
        "default": "bee"
      },
      "textures": {
        "aa": "textures/entity/ball/aa",
        "bb": "textures/entity/ball/bb",
        "cc": "textures/entity/ball/cc",
        "dd": "textures/entity/ball/dd",
        "ee": "textures/entity/ball/ee",
        "ff": "textures/entity/ball/ff"
      },
      "geometry": {
        "default": "geometry.ball"
      },
      "animations": {
        "stop": "animation.ball"
      },
      "animation_controllers": [
        {
          "move": "controller.animation.ball"
        }
      ],
      "render_controllers": [
        "controller.render.ball"
      ]
    }
  }
}
