{
  "format_version": "1.10.0",
  "minecraft:client_entity": {
    "description": {
      "identifier": "minecraft:dolphin",
      "materials": {
        "default": "dolphin"
      },
      "textures": {
        "default": "textures/entity/dolphin"
      },
      "geometry": {
        "default": "geometry.dolphin"
      },
      "scripts": {
        "animate": [
          "general"
        ],
        "initialize": [
          "variable.smoot_turn = 0;"
        ],
        "pre_animation": [
          "variable.smoot_turn = variable.smoot_turn + Math.clamp(query.yaw_speed - variable.smoot_turn, -8, 8) / 2.4;"
        ]
      },
      "animations": {
        "move": "animation.dolphin.movexmb",
        "turn": "animation.dolphin.turn",
        "backflip": "animation.dolphin.backflip",
        "frontflip": "animation.dolphin.frontflip",
        "spin": "animation.dolphin.spin",
        "multibackflip": "animation.dolphin.multibackflip",
        "backflop": "animation.dolphin.backflop",
        "dashflip": "animation.dolphin.dashflip",
        "mixflip": "animation.dolphin.mixflip",
        "doublefrontflip": "animation.dolphin.doublefrontflip",
        "backsideflip": "animation.dolphin.backsideflip",
        "frontsideflip": "animation.dolphin.frontsideflip",
        "alien": "animation.dolphin.alien",
        "blink": "animation.dolphin.blink",
        "blink2": "animation.dolphin.blink2",
        "blinkx": "controller.animation.dolphin.blinkx",
        "belly": "animation.dolphin.belly",
        "general": "controller.animation.dolphin.general"
      },
      "render_controllers": [
        "controller.render.dolphin"
      ],
      "spawn_egg": {
        "texture": "spawn_egg",
        "texture_index": 49
      }
    }
  }
}
