{
  "format_version": "1.8.0",
  "minecraft:client_entity": {
    "description": {
      "identifier": "mb:dolphin",
      "materials": {
        "default": "entity_emissive_alpha"
      },
      "textures": {
        "default": "textures/entity/dolphin",
        "pixelfin": "textures/entity/pixelfin"
      },
      "geometry": {
        "default": "geometry.dolphin"
      },
      "animations": {
        "move": "animation.dolphin.movexmb",
        "backflip": "animation.dolphin.backflip",
        "frontflip": "animation.dolphin.frontflip",
        "spin": "animation.dolphin.spin",
        "multibackflip": "animation.dolphin.multibackflip",
        "backflop": "animation.dolphin.backflop",
        "dashflip": "animation.dolphin.dashflip",
        "mixflip": "animation.dolphin.mixflip",
        "doublefrontflip": "animation.dolphin.doublefrontflip",
        "backsideflip": "animation.dolphin.backsideflip",
        "frontsideflip": "animation.dolphin.frontsideflip",
        "alien": "animation.dolphin.alien",
        "blink": "animation.dolphin.blink",
        "blink2": "animation.dolphin.blink2",
        "blinksys": "controller.animation.dolphin.blinkx",
        "belly": "animation.dolphin.belly",
        "test1": "animation.test.a",
        "test2": "animation.test.b",
        "test3": "animation.test.c",
        "test4": "animation.test.d",
        "test5": "animation.test.e",
        "test6": "animation.test.f",
        "test7": "animation.test.g",
        "test8": "animation.test.h",
        "test9": "animation.test.i",
        "test10": "animation.test.j",
        "test11": "animation.test.k",
        "test12": "animation.test.l"
      },
      "animation_controllers": [
        {
          "general": "controller.animation.dolphin.general"
        }
      ],
      "render_controllers": [
        "controller.render.dolphin"
      ],
      "spawn_egg": {
        "texture": "spawn_egg",
        "texture_index": 49
      }
    }
  }
}
