{
  "format_version": "1.10.0",
  "animation_controllers": {
    "controller.animation.player.crossbow": {
      "initial_state": "default",
      "states": {
        "charge": {
          "animations": [
            "third_person_crossbow_equipped"
          ],
          "transitions": [
            {
              "default": "query.get_equipped_item_name !\u003d \u0027crossbow\u0027 || (query.item_remaining_use_duration \u003c\u003d 0.0 \u0026\u0026 !query.item_is_charged)"
            },
            {
              "hold": "query.item_is_charged"
            }
          ]
        },
        "default": {
          "transitions": [
            {
              "hold": "query.item_is_charged"
            },
            {
              "charge": "query.item_remaining_use_duration \u003e 0.0"
            }
          ]
        },
        "hold": {
          "animations": [
            "crossbow_hold"
          ],
          "transitions": [
            {
              "default": "query.get_equipped_item_name !\u003d \u0027crossbow\u0027 || (query.item_remaining_use_duration \u003c\u003d 0.0 \u0026\u0026 !query.item_is_charged)"
            },
            {
              "charge": "query.item_remaining_use_duration \u003e 0.0"
            }
          ]
        }
      }
    },
    "controller.animation.player.first_person_attack": {
      "initial_state": "default",
      "states": {
        "default": {
          "animations": [
            "first_person_attack_rotation"
          ],
          "transitions": [
            {
              "vr_attack": "variable.is_using_vr"
            }
          ]
        },
        "vr_attack": {
          "animations": [
            "first_person_vr_attack_rotation"
          ],
          "transitions": [
            {
              "default": "!variable.is_using_vr"
            }
          ]
        }
      }
    },
    "controller.animation.player.first_person_map": {
      "initial_state": "default",
      "states": {
        "default": {
          "transitions": [
            {
              "one_hand": "query.get_equipped_item_name(\u0027off_hand\u0027) \u003d\u003d \u0027map\u0027 || query.get_equipped_item_name(\u0027off_hand\u0027) \u003d\u003d \u0027shield\u0027"
            },
            {
              "two_hand": "query.get_equipped_item_name(\u0027off_hand\u0027) !\u003d \u0027map\u0027 \u0026\u0026 query.get_equipped_item_name(\u0027off_hand\u0027) !\u003d \u0027shield\u0027"
            }
          ]
        },
        "one_hand": {
          "animations": [
            {
              "first_person_map_hold_main_hand": "query.get_equipped_item_name(0, 1) \u003d\u003d \u0027map\u0027"
            },
            {
              "first_person_map_hold_off_hand": "query.get_equipped_item_name(\u0027off_hand\u0027) \u003d\u003d \u0027map\u0027 \u0026\u0026 (query.get_equipped_item_name \u003d\u003d \u0027bow\u0027 ? !(variable.item_use_normalized \u003e 0 \u0026\u0026 variable.item_use_normalized \u003c 1.0) : 1.0)"
            }
          ],
          "transitions": [
            {
              "default": "query.get_equipped_item_name(0, 1) !\u003d \u0027map\u0027 \u0026\u0026 query.get_equipped_item_name(\u0027off_hand\u0027) !\u003d \u0027map\u0027"
            },
            {
              "two_hand": "query.get_equipped_item_name(\u0027off_hand\u0027) !\u003d \u0027map\u0027 \u0026\u0026 query.get_equipped_item_name(\u0027off_hand\u0027) !\u003d \u0027shield\u0027"
            }
          ]
        },
        "two_hand": {
          "animations": [
            "first_person_map_hold",
            "first_person_map_hold_attack"
          ],
          "transitions": [
            {
              "default": "query.get_equipped_item_name(0, 1) !\u003d \u0027map\u0027 \u0026\u0026 query.get_equipped_item_name(\u0027off_hand\u0027) !\u003d \u0027map\u0027"
            },
            {
              "one_hand": "query.get_equipped_item_name(\u0027off_hand\u0027) \u003d\u003d \u0027map\u0027 || query.get_equipped_item_name(\u0027off_hand\u0027) \u003d\u003d \u0027shield\u0027"
            }
          ]
        }
      }
    },
    "controller.animation.player.hudplayer": {
      "initial_state": "default",
      "states": {
        "default": {
          "animations": [
            "humanoid_base_pose",
            {
              "look_at_target": "!query.is_sleeping \u0026\u0026 !query.is_emoting"
            },
            "move.arms",
            "move.legs",
            "cape",
            {
              "riding.arms": "query.is_riding \u0026\u0026 !variable.guns"
            },
            {
              "riding.legs": "query.is_riding"
            },
            "holding",
            {
              "brandish_spear": "variable.is_brandishing_spear"
            },
            {
              "charging": "query.is_charging"
            },
            {
              "sneaking": "!variable.guns \u0026\u0026 query.is_sneaking \u0026\u0026 !query.is_sleeping"
            },
            "bob",
            {
              "damage_nearby_mobs": "variable.damage_nearby_mobs"
            },
            {
              "bow_and_arrow": "query.has_target"
            },
            {
              "swimming": "variable.swim_amount \u003e 0.0"
            },
            {
              "swimming.legs": "variable.swim_amount \u003e 0.0"
            },
            {
              "use_item_progress": "( variable.use_item_interval_progress \u003e 0.0 ) || ( variable.use_item_startup_progress \u003e 0.0 ) \u0026\u0026 !variable.is_brandishing_spear"
            },
            {
              "sleeping": "query.is_sleeping \u0026\u0026 query.is_alive"
            },
            {
              "attack.positions": "variable.attack_time \u003e\u003d 0.0"
            },
            {
              "attack.rotations": "variable.attack_time \u003e\u003d 0.0"
            },
            {
              "shield_block_main_hand": "query.blocking \u0026\u0026 query.get_equipped_item_name(\u0027off_hand\u0027) !\u003d \u0027shield\u0027 \u0026\u0026 query.get_equipped_item_name \u003d\u003d \u0027shield\u0027"
            },
            {
              "shield_block_off_hand": "query.blocking \u0026\u0026 query.get_equipped_item_name(\u0027off_hand\u0027) \u003d\u003d \u0027shield\u0027 \u0026\u0026 !(variable.item_use_normalized \u003e 0 \u0026\u0026 variable.item_use_normalized \u003c 1.0)"
            },
            {
              "crossbow_controller": "query.get_equipped_item_name \u003d\u003d \u0027crossbow\u0027"
            },
            {
              "third_person_bow_equipped": "query.get_equipped_item_name \u003d\u003d \u0027bow\u0027 \u0026\u0026 (variable.item_use_normalized \u003e 0 \u0026\u0026 variable.item_use_normalized \u003c 1.0)"
            }
          ]
        }
      }
    },
    "controller.animation.player.root": {
      "initial_state": "first_person",
      "states": {
        "first_person": {
          "animations": [
            {
              "first_person_swap_item": "!variable.guns"
            },
            {
              "first_person_attack_controller": "variable.attack_time \u003e 0.0f \u0026\u0026 query.get_equipped_item_name !\u003d \u0027map\u0027 \u0026\u0026 !variable.guns"
            },
            "first_person_base_pose",
            {
              "first_person_empty_hand": "query.get_equipped_item_name(0, 1) !\u003d \u0027map\u0027 \u0026\u0026 !variable.guns"
            },
            {
              "first_person_walk": "variable.bob_animation"
            },
            {
              "first_person_map_controller": "(query.get_equipped_item_name(0, 1) \u003d\u003d \u0027map\u0027 || query.get_equipped_item_name(\u0027off_hand\u0027) \u003d\u003d \u0027map\u0027)"
            },
            {
              "first_person_crossbow_equipped": "query.get_equipped_item_name \u003d\u003d \u0027crossbow\u0027 \u0026\u0026 (variable.item_use_normalized \u003e 0 \u0026\u0026 variable.item_use_normalized \u003c 1.0)"
            }
          ],
          "transitions": [
            {
              "paperdoll": "variable.is_paperdoll"
            },
            {
              "map_player": "variable.map_face_icon"
            },
            {
              "third_person": "!variable.is_first_person"
            }
          ]
        },
        "map_player": {
          "transitions": [
            {
              "paperdoll": "variable.is_paperdoll"
            },
            {
              "first_person": "variable.is_first_person"
            },
            {
              "third_person": "!variable.map_face_icon \u0026\u0026 !variable.is_first_person"
            }
          ]
        },
        "paperdoll": {
          "animations": [
            "humanoid_base_pose",
            "look_at_target_ui",
            "move.arms",
            "move.legs",
            "cape"
          ],
          "transitions": [
            {
              "first_person": "!variable.is_paperdoll \u0026\u0026 variable.is_first_person"
            },
            {
              "map_player": "variable.map_face_icon"
            },
            {
              "third_person": "!variable.is_paperdoll \u0026\u0026 !variable.is_first_person"
            }
          ]
        },
        "third_person": {
          "animations": [
            "humanoid_base_pose",
            {
              "look_at_target": "!query.is_sleeping || !query.is_sneaking"
            },
            {
              "move.arms": "!variable.ak \u0026\u0026 !variable.m1014 \u0026\u0026 !variable.scar \u0026\u0026 !variable.mp40 \u0026\u0026 !variable.famas \u0026\u0026 !variable.ump \u0026\u0026 !variable.mp5 \u0026\u0026 !variable.m1887 \u0026\u0026 !variable.xm8"
            },
            "move.legs",
            "cape",
            {
              "riding.arms": "query.is_riding"
            },
            {
              "riding.legs": "query.is_riding"
            },
            {
              "holding": "!variable.guns"
            },
            {
              "brandish_spear": "variable.is_brandishing_spear"
            },
            {
              "charging": "query.is_charging"
            },
            {
              "sneaking": "query.is_sneaking \u0026\u0026 !query.is_sleeping \u0026\u0026 !variable.ak \u0026\u0026 !variable.m1014 \u0026\u0026 !variable.scar \u0026\u0026 !variable.mp40 \u0026\u0026 !variable.famas \u0026\u0026 !variable.ump \u0026\u0026 !variable.mp5 \u0026\u0026 !variable.m1887 \u0026\u0026 !variable.xm8"
            },
            {
              "bob": "!variable.is_holding_spyglass \u0026\u0026 !variable.ak \u0026\u0026 !variable.m1014 \u0026\u0026 !variable.scar \u0026\u0026 !variable.mp40 \u0026\u0026 !variable.famas \u0026\u0026 !variable.ump \u0026\u0026 !variable.mp5 \u0026\u0026 !variable.m1887 \u0026\u0026 !variable.xm8"
            },
            {
              "damage_nearby_mobs": "variable.damage_nearby_mobs"
            },
            {
              "bow_and_arrow": "query.has_target"
            },
            {
              "swimming": "variable.swim_amount \u003e 0.0"
            },
            {
              "swimming.legs": "variable.swim_amount \u003e 0.0"
            },
            {
              "use_item_progress": "( variable.use_item_interval_progress \u003e 0.0 ) || ( variable.use_item_startup_progress \u003e 0.0 ) \u0026\u0026 !variable.is_brandishing_spear \u0026\u0026 !variable.guns"
            },
            {
              "sleeping": "query.is_sleeping \u0026\u0026 query.is_alive"
            },
            {
              "attack.rotations": "variable.attack_time \u003e\u003d 0.0 \u0026\u0026 !variable.ak \u0026\u0026 !variable.m1014 \u0026\u0026 !variable.scar \u0026\u0026 !variable.mp40 \u0026\u0026 !variable.famas \u0026\u0026 !variable.ump \u0026\u0026 !variable.mp5 \u0026\u0026 !variable.m1887 \u0026\u0026 !variable.xm8"
            },
            {
              "attack.positions": "variable.attack_time \u003e\u003d 0.0 \u0026\u0026 !variable.ak \u0026\u0026 !variable.m1014 \u0026\u0026 !variable.scar \u0026\u0026 !variable.mp40 \u0026\u0026 !variable.famas \u0026\u0026 !variable.ump \u0026\u0026 !variable.mp5 \u0026\u0026 !variable.m1887 \u0026\u0026 !variable.xm8"
            },
            {
              "shield_block_main_hand": "query.blocking \u0026\u0026 query.get_equipped_item_name(\u0027off_hand\u0027) !\u003d \u0027shield\u0027 \u0026\u0026 query.get_equipped_item_name \u003d\u003d \u0027shield\u0027"
            },
            {
              "shield_block_off_hand": "query.blocking \u0026\u0026 query.get_equipped_item_name(\u0027off_hand\u0027) \u003d\u003d \u0027shield\u0027 \u0026\u0026 !variable.kali_sticks \u0026\u0026 !variable.ak \u0026\u0026 !variable.m1014 \u0026\u0026 !variable.scar \u0026\u0026 !variable.mp40 \u0026\u0026 !variable.famas \u0026\u0026 !variable.ump \u0026\u0026 !variable.mp5 \u0026\u0026 !variable.m1887 \u0026\u0026 !variable.xm8"
            },
            {
              "crossbow_controller": "query.get_equipped_item_name \u003d\u003d \u0027crossbow\u0027"
            },
            {
              "third_person_bow_equipped": "query.get_equipped_item_name \u003d\u003d \u0027bow\u0027 \u0026\u0026 (variable.item_use_normalized \u003e 0 \u0026\u0026 variable.item_use_normalized \u003c 1.0)"
            }
          ],
          "transitions": [
            {
              "paperdoll": "variable.is_paperdoll"
            },
            {
              "first_person": "variable.is_first_person"
            },
            {
              "map_player": "variable.map_face_icon"
            }
          ]
        }
      }
    },
    "controller.animation.ak": {
      "initial_state": "setup",
      "states": {
        "setup": {
          "transitions": [
            {
              "draw": "variable.ak"
            }
          ]
        },
        "draw": {
          "animations": [
            {
              "ak_draw": "variable.ak"
            }
          ],
          "transitions": [
            {
              "default": "variable.ak \u0026\u0026 query.all_animations_finished"
            },
            {
              "setup": "!variable.ak"
            }
          ]
        },
        "default": {
          "animations": [
            {
              "ak": "variable.ak"
            }
          ],
          "transitions": [
            {
              "aim": "variable.ak \u0026\u0026 query.is_sneaking"
            },
            {
              "sprint": "variable.ak \u0026\u0026 query.is_sprinting"
            },
            {
              "reload": "q.get_equipped_item_name(\u0027main_hand\u0027) \u003d\u003d \u0027ak_empty\u0027 \u0026\u0026 query.get_equipped_item_name(\u0027off_hand\u0027) \u003d\u003d \u0027ak_ammo\u0027"
            },
            {
              "setup": "!variable.ak"
            }
          ],
          "blend_transition": 0.2,
          "blend_via_shortest_path": true
        },
        "sprint": {
          "animations": [
            {
              "ak_sprint": "variable.ak"
            }
          ],
          "transitions": [
            {
              "aim": "variable.ak \u0026\u0026 query.is_sneaking"
            },
            {
              "reload": "q.get_equipped_item_name(\u0027main_hand\u0027) \u003d\u003d \u0027ak_empty\u0027 \u0026\u0026 query.get_equipped_item_name(\u0027off_hand\u0027) \u003d\u003d \u0027ak_ammo\u0027"
            },
            {
              "default": "variable.ak \u0026\u0026 !query.is_sprinting"
            },
            {
              "setup": "!variable.ak"
            }
          ],
          "blend_transition": 0.2,
          "blend_via_shortest_path": true
        },
        "aim": {
          "animations": [
            {
              "ak_aim": "variable.ak"
            }
          ],
          "transitions": [
            {
              "reload": "q.get_equipped_item_name(\u0027main_hand\u0027) \u003d\u003d \u0027ak_empty\u0027 \u0026\u0026 query.get_equipped_item_name(\u0027off_hand\u0027) \u003d\u003d \u0027ak_ammo\u0027"
            },
            {
              "default": "variable.ak \u0026\u0026 !query.is_sneaking"
            },
            {
              "setup": "!variable.ak"
            }
          ],
          "blend_transition": 0.2,
          "blend_via_shortest_path": true
        },
        "reload": {
          "animations": [
            {
              "ak_reload": "variable.ak"
            }
          ],
          "transitions": [
            {
              "default": "variable.ak \u0026\u0026 query.all_animations_finished"
            },
            {
              "setup": "!variable.ak"
            }
          ]
        }
      }
    },
    "controller.animation.ak_tpp": {
      "initial_state": "setup",
      "states": {
        "setup": {
          "transitions": [
            {
              "draw": "variable.ak"
            }
          ]
        },
        "draw": {
          "animations": [
            {
              "ak_draw_tpp": "variable.ak"
            }
          ],
          "transitions": [
            {
              "default": "variable.ak \u0026\u0026 query.all_animations_finished"
            },
            {
              "setup": "!variable.ak"
            }
          ]
        },
        "default": {
          "animations": [
            {
              "ak_tpp": "variable.ak"
            }
          ],
          "transitions": [
            {
              "aim": "variable.ak \u0026\u0026 query.is_sneaking"
            },
            {
              "sprint": "variable.ak \u0026\u0026 query.is_sprinting"
            },
            {
              "reload": "q.get_equipped_item_name(\u0027main_hand\u0027) \u003d\u003d \u0027ak_empty\u0027 \u0026\u0026 query.get_equipped_item_name(\u0027off_hand\u0027) \u003d\u003d \u0027ak_ammo\u0027"
            },
            {
              "setup": "!variable.ak"
            }
          ],
          "blend_transition": 0.2,
          "blend_via_shortest_path": true
        },
        "sprint": {
          "animations": [
            {
              "ak_sprint_tpp": "variable.ak"
            }
          ],
          "transitions": [
            {
              "aim": "variable.ak \u0026\u0026 query.is_sneaking"
            },
            {
              "default": "variable.ak \u0026\u0026 !query.is_sprinting"
            },
            {
              "reload": "q.get_equipped_item_name(\u0027main_hand\u0027) \u003d\u003d \u0027ak_empty\u0027 \u0026\u0026 query.get_equipped_item_name(\u0027off_hand\u0027) \u003d\u003d \u0027ak_ammo\u0027"
            },
            {
              "setup": "!variable.ak"
            }
          ],
          "blend_transition": 0.2,
          "blend_via_shortest_path": true
        },
        "aim": {
          "animations": [
            {
              "ak_aim_tpp": "variable.ak"
            }
          ],
          "transitions": [
            {
              "default": "variable.ak \u0026\u0026 !query.is_sneaking"
            },
            {
              "reload": "q.get_equipped_item_name(\u0027main_hand\u0027) \u003d\u003d \u0027ak_empty\u0027 \u0026\u0026 query.get_equipped_item_name(\u0027off_hand\u0027) \u003d\u003d \u0027ak_ammo\u0027"
            },
            {
              "setup": "!variable.ak"
            }
          ],
          "blend_transition": 0.2,
          "blend_via_shortest_path": true
        },
        "reload": {
          "animations": [
            {
              "ak_reload_tpp": "variable.ak"
            }
          ],
          "transitions": [
            {
              "default": "variable.ak \u0026\u0026 query.all_animations_finished"
            },
            {
              "setup": "!variable.ak"
            }
          ]
        }
      }
    },
    "controller.animation.m1014": {
      "initial_state": "setup",
      "states": {
        "setup": {
          "transitions": [
            {
              "draw": "variable.m1014"
            }
          ]
        },
        "draw": {
          "animations": [
            {
              "m1014_draw": "variable.m1014"
            }
          ],
          "transitions": [
            {
              "default": "variable.m1014 \u0026\u0026 query.all_animations_finished"
            },
            {
              "setup": "!variable.m1014"
            }
          ]
        },
        "default": {
          "animations": [
            {
              "m1014": "variable.m1014"
            }
          ],
          "transitions": [
            {
              "aim": "variable.m1014 \u0026\u0026 query.is_sneaking"
            },
            {
              "sprint": "variable.m1014 \u0026\u0026 query.is_sprinting"
            },
            {
              "reload": "q.get_equipped_item_name(\u0027main_hand\u0027) \u003d\u003d \u0027m1014_empty\u0027 \u0026\u0026 query.get_equipped_item_name(\u0027off_hand\u0027) \u003d\u003d \u0027m1014_ammo\u0027"
            },
            {
              "setup": "!variable.m1014"
            }
          ],
          "blend_transition": 0.2,
          "blend_via_shortest_path": true
        },
        "sprint": {
          "animations": [
            {
              "m1014_sprint": "variable.m1014"
            }
          ],
          "transitions": [
            {
              "aim": "variable.m1014 \u0026\u0026 query.is_sneaking"
            },
            {
              "reload": "q.get_equipped_item_name(\u0027main_hand\u0027) \u003d\u003d \u0027m1014_empty\u0027 \u0026\u0026 query.get_equipped_item_name(\u0027off_hand\u0027) \u003d\u003d \u0027m1014_ammo\u0027"
            },
            {
              "default": "variable.m1014 \u0026\u0026 !query.is_sprinting"
            },
            {
              "setup": "!variable.m1014"
            }
          ],
          "blend_transition": 0.2,
          "blend_via_shortest_path": true
        },
        "aim": {
          "animations": [
            {
              "m1014_aim": "variable.m1014"
            }
          ],
          "transitions": [
            {
              "reload": "q.get_equipped_item_name(\u0027main_hand\u0027) \u003d\u003d \u0027m1014_empty\u0027 \u0026\u0026 query.get_equipped_item_name(\u0027off_hand\u0027) \u003d\u003d \u0027m1014_ammo\u0027"
            },
            {
              "default": "variable.m1014 \u0026\u0026 !query.is_sneaking"
            },
            {
              "setup": "!variable.m1014"
            }
          ],
          "blend_transition": 0.2,
          "blend_via_shortest_path": true
        },
        "reload": {
          "animations": [
            {
              "m1014_reload": "variable.m1014"
            }
          ],
          "transitions": [
            {
              "default": "variable.m1014 \u0026\u0026 query.all_animations_finished"
            },
            {
              "setup": "!variable.m1014"
            }
          ]
        }
      }
    },
    "controller.animation.m1014_tpp": {
      "initial_state": "setup",
      "states": {
        "setup": {
          "transitions": [
            {
              "draw": "variable.m1014"
            }
          ]
        },
        "draw": {
          "animations": [
            {
              "m1014_draw_tpp": "variable.m1014"
            }
          ],
          "transitions": [
            {
              "default": "variable.m1014 \u0026\u0026 query.all_animations_finished"
            },
            {
              "setup": "!variable.m1014"
            }
          ]
        },
        "default": {
          "animations": [
            {
              "m1014_tpp": "variable.m1014"
            }
          ],
          "transitions": [
            {
              "aim": "variable.m1014 \u0026\u0026 query.is_sneaking"
            },
            {
              "sprint": "variable.m1014 \u0026\u0026 query.is_sprinting"
            },
            {
              "reload": "q.get_equipped_item_name(\u0027main_hand\u0027) \u003d\u003d \u0027m1014_empty\u0027 \u0026\u0026 query.get_equipped_item_name(\u0027off_hand\u0027) \u003d\u003d \u0027m1014_ammo\u0027"
            },
            {
              "setup": "!variable.m1014"
            }
          ],
          "blend_transition": 0.2,
          "blend_via_shortest_path": true
        },
        "sprint": {
          "animations": [
            {
              "m1014_sprint_tpp": "variable.m1014"
            }
          ],
          "transitions": [
            {
              "aim": "variable.m1014 \u0026\u0026 query.is_sneaking"
            },
            {
              "default": "variable.m1014 \u0026\u0026 !query.is_sprinting"
            },
            {
              "reload": "q.get_equipped_item_name(\u0027main_hand\u0027) \u003d\u003d \u0027m1014_empty\u0027 \u0026\u0026 query.get_equipped_item_name(\u0027off_hand\u0027) \u003d\u003d \u0027m1014_ammo\u0027"
            },
            {
              "setup": "!variable.m1014"
            }
          ],
          "blend_transition": 0.2,
          "blend_via_shortest_path": true
        },
        "aim": {
          "animations": [
            {
              "m1014_aim_tpp": "variable.m1014"
            }
          ],
          "transitions": [
            {
              "default": "variable.m1014 \u0026\u0026 !query.is_sneaking"
            },
            {
              "reload": "q.get_equipped_item_name(\u0027main_hand\u0027) \u003d\u003d \u0027m1014_empty\u0027 \u0026\u0026 query.get_equipped_item_name(\u0027off_hand\u0027) \u003d\u003d \u0027m1014_ammo\u0027"
            },
            {
              "setup": "!variable.m1014"
            }
          ],
          "blend_transition": 0.2,
          "blend_via_shortest_path": true
        },
        "reload": {
          "animations": [
            {
              "m1014_reload_tpp": "variable.m1014"
            }
          ],
          "transitions": [
            {
              "default": "variable.m1014 \u0026\u0026 query.all_animations_finished"
            },
            {
              "setup": "!variable.m1014"
            }
          ]
        }
      }
    },
    "controller.animation.scar": {
      "initial_state": "setup",
      "states": {
        "setup": {
          "transitions": [
            {
              "draw": "variable.scar"
            }
          ]
        },
        "draw": {
          "animations": [
            {
              "scar_draw": "variable.scar"
            }
          ],
          "transitions": [
            {
              "default": "variable.scar \u0026\u0026 query.all_animations_finished"
            },
            {
              "setup": "!variable.scar"
            }
          ]
        },
        "default": {
          "animations": [
            {
              "scar": "variable.scar"
            }
          ],
          "transitions": [
            {
              "aim": "variable.scar \u0026\u0026 query.is_sneaking"
            },
            {
              "sprint": "variable.scar \u0026\u0026 query.is_sprinting"
            },
            {
              "reload": "q.get_equipped_item_name(\u0027main_hand\u0027) \u003d\u003d \u0027scar_empty\u0027 \u0026\u0026 query.get_equipped_item_name(\u0027off_hand\u0027) \u003d\u003d \u0027scar_ammo\u0027"
            },
            {
              "setup": "!variable.scar"
            }
          ],
          "blend_transition": 0.2,
          "blend_via_shortest_path": true
        },
        "sprint": {
          "animations": [
            {
              "scar_sprint": "variable.scar"
            }
          ],
          "transitions": [
            {
              "aim": "variable.scar \u0026\u0026 query.is_sneaking"
            },
            {
              "reload": "q.get_equipped_item_name(\u0027main_hand\u0027) \u003d\u003d \u0027scar_empty\u0027 \u0026\u0026 query.get_equipped_item_name(\u0027off_hand\u0027) \u003d\u003d \u0027scar_ammo\u0027"
            },
            {
              "default": "variable.scar \u0026\u0026 !query.is_sprinting"
            },
            {
              "setup": "!variable.scar"
            }
          ],
          "blend_transition": 0.2,
          "blend_via_shortest_path": true
        },
        "aim": {
          "animations": [
            {
              "scar_aim": "variable.scar"
            }
          ],
          "transitions": [
            {
              "reload": "q.get_equipped_item_name(\u0027main_hand\u0027) \u003d\u003d \u0027scar_empty\u0027 \u0026\u0026 query.get_equipped_item_name(\u0027off_hand\u0027) \u003d\u003d \u0027scar_ammo\u0027"
            },
            {
              "default": "variable.scar \u0026\u0026 !query.is_sneaking"
            },
            {
              "setup": "!variable.scar"
            }
          ],
          "blend_transition": 0.2,
          "blend_via_shortest_path": true
        },
        "reload": {
          "animations": [
            {
              "scar_reload": "variable.scar"
            }
          ],
          "transitions": [
            {
              "default": "variable.scar \u0026\u0026 query.all_animations_finished"
            },
            {
              "setup": "!variable.scar"
            }
          ]
        }
      }
    },
    "controller.animation.scar_tpp": {
      "initial_state": "setup",
      "states": {
        "setup": {
          "transitions": [
            {
              "draw": "variable.scar"
            }
          ]
        },
        "draw": {
          "animations": [
            {
              "scar_draw_tpp": "variable.scar"
            }
          ],
          "transitions": [
            {
              "default": "variable.scar \u0026\u0026 query.all_animations_finished"
            },
            {
              "setup": "!variable.scar"
            }
          ]
        },
        "default": {
          "animations": [
            {
              "scar_tpp": "variable.scar"
            }
          ],
          "transitions": [
            {
              "aim": "variable.scar \u0026\u0026 query.is_sneaking"
            },
            {
              "sprint": "variable.scar \u0026\u0026 query.is_sprinting"
            },
            {
              "reload": "q.get_equipped_item_name(\u0027main_hand\u0027) \u003d\u003d \u0027scar_empty\u0027 \u0026\u0026 query.get_equipped_item_name(\u0027off_hand\u0027) \u003d\u003d \u0027scar_ammo\u0027"
            },
            {
              "setup": "!variable.scar"
            }
          ],
          "blend_transition": 0.2,
          "blend_via_shortest_path": true
        },
        "sprint": {
          "animations": [
            {
              "scar_sprint_tpp": "variable.scar"
            }
          ],
          "transitions": [
            {
              "aim": "variable.scar \u0026\u0026 query.is_sneaking"
            },
            {
              "default": "variable.scar \u0026\u0026 !query.is_sprinting"
            },
            {
              "reload": "q.get_equipped_item_name(\u0027main_hand\u0027) \u003d\u003d \u0027scar_empty\u0027 \u0026\u0026 query.get_equipped_item_name(\u0027off_hand\u0027) \u003d\u003d \u0027scar_ammo\u0027"
            },
            {
              "setup": "!variable.scar"
            }
          ],
          "blend_transition": 0.2,
          "blend_via_shortest_path": true
        },
        "aim": {
          "animations": [
            {
              "scar_aim_tpp": "variable.scar"
            }
          ],
          "transitions": [
            {
              "default": "variable.scar \u0026\u0026 !query.is_sneaking"
            },
            {
              "reload": "q.get_equipped_item_name(\u0027main_hand\u0027) \u003d\u003d \u0027scar_empty\u0027 \u0026\u0026 query.get_equipped_item_name(\u0027off_hand\u0027) \u003d\u003d \u0027scar_ammo\u0027"
            },
            {
              "setup": "!variable.scar"
            }
          ],
          "blend_transition": 0.2,
          "blend_via_shortest_path": true
        },
        "reload": {
          "animations": [
            {
              "scar_reload_tpp": "variable.scar"
            }
          ],
          "transitions": [
            {
              "default": "variable.scar \u0026\u0026 query.all_animations_finished"
            },
            {
              "setup": "!variable.scar"
            }
          ]
        }
      }
    },
    "controller.animation.mp40": {
      "initial_state": "setup",
      "states": {
        "setup": {
          "transitions": [
            {
              "draw": "variable.mp40"
            }
          ]
        },
        "draw": {
          "animations": [
            {
              "mp40_draw": "variable.mp40"
            }
          ],
          "transitions": [
            {
              "default": "variable.mp40 \u0026\u0026 query.all_animations_finished"
            },
            {
              "setup": "!variable.mp40"
            }
          ]
        },
        "default": {
          "animations": [
            {
              "mp40": "variable.mp40"
            }
          ],
          "transitions": [
            {
              "aim": "variable.mp40 \u0026\u0026 query.is_sneaking"
            },
            {
              "sprint": "variable.mp40 \u0026\u0026 query.is_sprinting"
            },
            {
              "reload": "q.get_equipped_item_name(\u0027main_hand\u0027) \u003d\u003d \u0027mp40_empty\u0027 \u0026\u0026 query.get_equipped_item_name(\u0027off_hand\u0027) \u003d\u003d \u0027mp40_ammo\u0027"
            },
            {
              "setup": "!variable.mp40"
            }
          ],
          "blend_transition": 0.2,
          "blend_via_shortest_path": true
        },
        "sprint": {
          "animations": [
            {
              "mp40_sprint": "variable.mp40"
            }
          ],
          "transitions": [
            {
              "aim": "variable.mp40 \u0026\u0026 query.is_sneaking"
            },
            {
              "reload": "q.get_equipped_item_name(\u0027main_hand\u0027) \u003d\u003d \u0027mp40_empty\u0027 \u0026\u0026 query.get_equipped_item_name(\u0027off_hand\u0027) \u003d\u003d \u0027mp40_ammo\u0027"
            },
            {
              "default": "variable.mp40 \u0026\u0026 !query.is_sprinting"
            },
            {
              "setup": "!variable.mp40"
            }
          ],
          "blend_transition": 0.2,
          "blend_via_shortest_path": true
        },
        "aim": {
          "animations": [
            {
              "mp40_aim": "variable.mp40"
            }
          ],
          "transitions": [
            {
              "reload": "q.get_equipped_item_name(\u0027main_hand\u0027) \u003d\u003d \u0027mp40_empty\u0027 \u0026\u0026 query.get_equipped_item_name(\u0027off_hand\u0027) \u003d\u003d \u0027mp40_ammo\u0027"
            },
            {
              "default": "variable.mp40 \u0026\u0026 !query.is_sneaking"
            },
            {
              "setup": "!variable.mp40"
            }
          ],
          "blend_transition": 0.2,
          "blend_via_shortest_path": true
        },
        "reload": {
          "animations": [
            {
              "mp40_reload": "variable.mp40"
            }
          ],
          "transitions": [
            {
              "default": "variable.mp40 \u0026\u0026 query.all_animations_finished"
            },
            {
              "setup": "!variable.mp40"
            }
          ]
        }
      }
    },
    "controller.animation.mp40_tpp": {
      "initial_state": "setup",
      "states": {
        "setup": {
          "transitions": [
            {
              "draw": "variable.mp40"
            }
          ]
        },
        "draw": {
          "animations": [
            {
              "mp40_draw_tpp": "variable.mp40"
            }
          ],
          "transitions": [
            {
              "default": "variable.mp40 \u0026\u0026 query.all_animations_finished"
            },
            {
              "setup": "!variable.mp40"
            }
          ]
        },
        "default": {
          "animations": [
            {
              "mp40_tpp": "variable.mp40"
            }
          ],
          "transitions": [
            {
              "aim": "variable.mp40 \u0026\u0026 query.is_sneaking"
            },
            {
              "sprint": "variable.mp40 \u0026\u0026 query.is_sprinting"
            },
            {
              "reload": "q.get_equipped_item_name(\u0027main_hand\u0027) \u003d\u003d \u0027mp40_empty\u0027 \u0026\u0026 query.get_equipped_item_name(\u0027off_hand\u0027) \u003d\u003d \u0027mp40_ammo\u0027"
            },
            {
              "setup": "!variable.mp40"
            }
          ],
          "blend_transition": 0.2,
          "blend_via_shortest_path": true
        },
        "sprint": {
          "animations": [
            {
              "mp40_sprint_tpp": "variable.mp40"
            }
          ],
          "transitions": [
            {
              "aim": "variable.mp40 \u0026\u0026 query.is_sneaking"
            },
            {
              "default": "variable.mp40 \u0026\u0026 !query.is_sprinting"
            },
            {
              "reload": "q.get_equipped_item_name(\u0027main_hand\u0027) \u003d\u003d \u0027mp40_empty\u0027 \u0026\u0026 query.get_equipped_item_name(\u0027off_hand\u0027) \u003d\u003d \u0027mp40_ammo\u0027"
            },
            {
              "setup": "!variable.mp40"
            }
          ],
          "blend_transition": 0.2,
          "blend_via_shortest_path": true
        },
        "aim": {
          "animations": [
            {
              "mp40_aim_tpp": "variable.mp40"
            }
          ],
          "transitions": [
            {
              "default": "variable.mp40 \u0026\u0026 !query.is_sneaking"
            },
            {
              "reload": "q.get_equipped_item_name(\u0027main_hand\u0027) \u003d\u003d \u0027mp40_empty\u0027 \u0026\u0026 query.get_equipped_item_name(\u0027off_hand\u0027) \u003d\u003d \u0027mp40_ammo\u0027"
            },
            {
              "setup": "!variable.mp40"
            }
          ],
          "blend_transition": 0.2,
          "blend_via_shortest_path": true
        },
        "reload": {
          "animations": [
            {
              "mp40_reload_tpp": "variable.mp40"
            }
          ],
          "transitions": [
            {
              "default": "variable.mp40 \u0026\u0026 query.all_animations_finished"
            },
            {
              "setup": "!variable.mp40"
            }
          ]
        }
      }
    },
    "controller.animation.famas": {
      "initial_state": "setup",
      "states": {
        "setup": {
          "transitions": [
            {
              "draw": "variable.famas"
            }
          ]
        },
        "draw": {
          "animations": [
            {
              "famas_draw": "variable.famas"
            }
          ],
          "transitions": [
            {
              "default": "variable.famas \u0026\u0026 query.all_animations_finished"
            },
            {
              "setup": "!variable.famas"
            }
          ]
        },
        "default": {
          "animations": [
            {
              "famas": "variable.famas"
            }
          ],
          "transitions": [
            {
              "aim": "variable.famas \u0026\u0026 query.is_sneaking"
            },
            {
              "sprint": "variable.famas \u0026\u0026 query.is_sprinting"
            },
            {
              "reload": "q.get_equipped_item_name(\u0027main_hand\u0027) \u003d\u003d \u0027famas_empty\u0027 \u0026\u0026 query.get_equipped_item_name(\u0027off_hand\u0027) \u003d\u003d \u0027famas_ammo\u0027"
            },
            {
              "setup": "!variable.famas"
            }
          ],
          "blend_transition": 0.2,
          "blend_via_shortest_path": true
        },
        "sprint": {
          "animations": [
            {
              "famas_sprint": "variable.famas"
            }
          ],
          "transitions": [
            {
              "aim": "variable.famas \u0026\u0026 query.is_sneaking"
            },
            {
              "reload": "q.get_equipped_item_name(\u0027main_hand\u0027) \u003d\u003d \u0027famas_empty\u0027 \u0026\u0026 query.get_equipped_item_name(\u0027off_hand\u0027) \u003d\u003d \u0027famas_ammo\u0027"
            },
            {
              "default": "variable.famas \u0026\u0026 !query.is_sprinting"
            },
            {
              "setup": "!variable.famas"
            }
          ],
          "blend_transition": 0.2,
          "blend_via_shortest_path": true
        },
        "aim": {
          "animations": [
            {
              "famas_aim": "variable.famas"
            }
          ],
          "transitions": [
            {
              "reload": "q.get_equipped_item_name(\u0027main_hand\u0027) \u003d\u003d \u0027famas_empty\u0027 \u0026\u0026 query.get_equipped_item_name(\u0027off_hand\u0027) \u003d\u003d \u0027famas_ammo\u0027"
            },
            {
              "default": "variable.famas \u0026\u0026 !query.is_sneaking"
            },
            {
              "setup": "!variable.famas"
            }
          ],
          "blend_transition": 0.2,
          "blend_via_shortest_path": true
        },
        "reload": {
          "animations": [
            {
              "famas_reload": "variable.famas"
            }
          ],
          "transitions": [
            {
              "default": "variable.famas \u0026\u0026 query.all_animations_finished"
            },
            {
              "setup": "!variable.famas"
            }
          ]
        }
      }
    },
    "controller.animation.famas_tpp": {
      "initial_state": "setup",
      "states": {
        "setup": {
          "transitions": [
            {
              "draw": "variable.famas"
            }
          ]
        },
        "draw": {
          "animations": [
            {
              "famas_draw_tpp": "variable.famas"
            }
          ],
          "transitions": [
            {
              "default": "variable.famas \u0026\u0026 query.all_animations_finished"
            },
            {
              "setup": "!variable.famas"
            }
          ]
        },
        "default": {
          "animations": [
            {
              "famas_tpp": "variable.famas"
            }
          ],
          "transitions": [
            {
              "aim": "variable.famas \u0026\u0026 query.is_sneaking"
            },
            {
              "sprint": "variable.famas \u0026\u0026 query.is_sprinting"
            },
            {
              "reload": "q.get_equipped_item_name(\u0027main_hand\u0027) \u003d\u003d \u0027famas_empty\u0027 \u0026\u0026 query.get_equipped_item_name(\u0027off_hand\u0027) \u003d\u003d \u0027famas_ammo\u0027"
            },
            {
              "setup": "!variable.famas"
            }
          ],
          "blend_transition": 0.2,
          "blend_via_shortest_path": true
        },
        "sprint": {
          "animations": [
            {
              "famas_sprint_tpp": "variable.famas"
            }
          ],
          "transitions": [
            {
              "aim": "variable.famas \u0026\u0026 query.is_sneaking"
            },
            {
              "default": "variable.famas \u0026\u0026 !query.is_sprinting"
            },
            {
              "reload": "q.get_equipped_item_name(\u0027main_hand\u0027) \u003d\u003d \u0027famas_empty\u0027 \u0026\u0026 query.get_equipped_item_name(\u0027off_hand\u0027) \u003d\u003d \u0027famas_ammo\u0027"
            },
            {
              "setup": "!variable.famas"
            }
          ],
          "blend_transition": 0.2,
          "blend_via_shortest_path": true
        },
        "aim": {
          "animations": [
            {
              "famas_aim_tpp": "variable.famas"
            }
          ],
          "transitions": [
            {
              "default": "variable.famas \u0026\u0026 !query.is_sneaking"
            },
            {
              "reload": "q.get_equipped_item_name(\u0027main_hand\u0027) \u003d\u003d \u0027famas_empty\u0027 \u0026\u0026 query.get_equipped_item_name(\u0027off_hand\u0027) \u003d\u003d \u0027famas_ammo\u0027"
            },
            {
              "setup": "!variable.famas"
            }
          ],
          "blend_transition": 0.2,
          "blend_via_shortest_path": true
        },
        "reload": {
          "animations": [
            {
              "famas_reload_tpp": "variable.famas"
            }
          ],
          "transitions": [
            {
              "default": "variable.famas \u0026\u0026 query.all_animations_finished"
            },
            {
              "setup": "!variable.famas"
            }
          ]
        }
      }
    },
    "controller.animation.ump": {
      "initial_state": "setup",
      "states": {
        "setup": {
          "transitions": [
            {
              "draw": "variable.ump"
            }
          ]
        },
        "draw": {
          "animations": [
            {
              "ump_draw": "variable.ump"
            }
          ],
          "transitions": [
            {
              "default": "variable.ump \u0026\u0026 query.all_animations_finished"
            },
            {
              "setup": "!variable.ump"
            }
          ]
        },
        "default": {
          "animations": [
            {
              "ump": "variable.ump"
            }
          ],
          "transitions": [
            {
              "aim": "variable.ump \u0026\u0026 query.is_sneaking"
            },
            {
              "sprint": "variable.ump \u0026\u0026 query.is_sprinting"
            },
            {
              "reload": "q.get_equipped_item_name(\u0027main_hand\u0027) \u003d\u003d \u0027ump_empty\u0027 \u0026\u0026 query.get_equipped_item_name(\u0027off_hand\u0027) \u003d\u003d \u0027ump_ammo\u0027"
            },
            {
              "setup": "!variable.ump"
            }
          ],
          "blend_transition": 0.2,
          "blend_via_shortest_path": true
        },
        "sprint": {
          "animations": [
            {
              "ump_sprint": "variable.ump"
            }
          ],
          "transitions": [
            {
              "aim": "variable.ump \u0026\u0026 query.is_sneaking"
            },
            {
              "reload": "q.get_equipped_item_name(\u0027main_hand\u0027) \u003d\u003d \u0027ump_empty\u0027 \u0026\u0026 query.get_equipped_item_name(\u0027off_hand\u0027) \u003d\u003d \u0027ump_ammo\u0027"
            },
            {
              "default": "variable.ump \u0026\u0026 !query.is_sprinting"
            },
            {
              "setup": "!variable.ump"
            }
          ],
          "blend_transition": 0.2,
          "blend_via_shortest_path": true
        },
        "aim": {
          "animations": [
            {
              "ump_aim": "variable.ump"
            }
          ],
          "transitions": [
            {
              "reload": "q.get_equipped_item_name(\u0027main_hand\u0027) \u003d\u003d \u0027ump_empty\u0027 \u0026\u0026 query.get_equipped_item_name(\u0027off_hand\u0027) \u003d\u003d \u0027ump_ammo\u0027"
            },
            {
              "default": "variable.ump \u0026\u0026 !query.is_sneaking"
            },
            {
              "setup": "!variable.ump"
            }
          ],
          "blend_transition": 0.2,
          "blend_via_shortest_path": true
        },
        "reload": {
          "animations": [
            {
              "ump_reload": "variable.ump"
            }
          ],
          "transitions": [
            {
              "default": "variable.ump \u0026\u0026 query.all_animations_finished"
            },
            {
              "setup": "!variable.ump"
            }
          ]
        }
      }
    },
    "controller.animation.ump_tpp": {
      "initial_state": "setup",
      "states": {
        "setup": {
          "transitions": [
            {
              "draw": "variable.ump"
            }
          ]
        },
        "draw": {
          "animations": [
            {
              "ump_draw_tpp": "variable.ump"
            }
          ],
          "transitions": [
            {
              "default": "variable.ump \u0026\u0026 query.all_animations_finished"
            },
            {
              "setup": "!variable.ump"
            }
          ]
        },
        "default": {
          "animations": [
            {
              "ump_tpp": "variable.ump"
            }
          ],
          "transitions": [
            {
              "aim": "variable.ump \u0026\u0026 query.is_sneaking"
            },
            {
              "sprint": "variable.ump \u0026\u0026 query.is_sprinting"
            },
            {
              "reload": "q.get_equipped_item_name(\u0027main_hand\u0027) \u003d\u003d \u0027ump_empty\u0027 \u0026\u0026 query.get_equipped_item_name(\u0027off_hand\u0027) \u003d\u003d \u0027ump_ammo\u0027"
            },
            {
              "setup": "!variable.ump"
            }
          ],
          "blend_transition": 0.2,
          "blend_via_shortest_path": true
        },
        "sprint": {
          "animations": [
            {
              "ump_sprint_tpp": "variable.ump"
            }
          ],
          "transitions": [
            {
              "aim": "variable.ump \u0026\u0026 query.is_sneaking"
            },
            {
              "default": "variable.ump \u0026\u0026 !query.is_sprinting"
            },
            {
              "reload": "q.get_equipped_item_name(\u0027main_hand\u0027) \u003d\u003d \u0027ump_empty\u0027 \u0026\u0026 query.get_equipped_item_name(\u0027off_hand\u0027) \u003d\u003d \u0027ump_ammo\u0027"
            },
            {
              "setup": "!variable.ump"
            }
          ],
          "blend_transition": 0.2,
          "blend_via_shortest_path": true
        },
        "aim": {
          "animations": [
            {
              "ump_aim_tpp": "variable.ump"
            }
          ],
          "transitions": [
            {
              "default": "variable.ump \u0026\u0026 !query.is_sneaking"
            },
            {
              "reload": "q.get_equipped_item_name(\u0027main_hand\u0027) \u003d\u003d \u0027ump_empty\u0027 \u0026\u0026 query.get_equipped_item_name(\u0027off_hand\u0027) \u003d\u003d \u0027ump_ammo\u0027"
            },
            {
              "setup": "!variable.ump"
            }
          ],
          "blend_transition": 0.2,
          "blend_via_shortest_path": true
        },
        "reload": {
          "animations": [
            {
              "ump_reload_tpp": "variable.ump"
            }
          ],
          "transitions": [
            {
              "default": "variable.ump \u0026\u0026 query.all_animations_finished"
            },
            {
              "setup": "!variable.ump"
            }
          ]
        }
      }
    },
    "controller.animation.mp5": {
      "initial_state": "setup",
      "states": {
        "setup": {
          "transitions": [
            {
              "draw": "variable.mp5"
            }
          ]
        },
        "draw": {
          "animations": [
            {
              "mp5_draw": "variable.mp5"
            }
          ],
          "transitions": [
            {
              "default": "variable.mp5 \u0026\u0026 query.all_animations_finished"
            },
            {
              "setup": "!variable.mp5"
            }
          ]
        },
        "default": {
          "animations": [
            {
              "mp5": "variable.mp5"
            }
          ],
          "transitions": [
            {
              "aim": "variable.mp5 \u0026\u0026 query.is_sneaking"
            },
            {
              "sprint": "variable.mp5 \u0026\u0026 query.is_sprinting"
            },
            {
              "reload": "q.get_equipped_item_name(\u0027main_hand\u0027) \u003d\u003d \u0027mp5_empty\u0027 \u0026\u0026 query.get_equipped_item_name(\u0027off_hand\u0027) \u003d\u003d \u0027mp5_ammo\u0027"
            },
            {
              "setup": "!variable.mp5"
            }
          ],
          "blend_transition": 0.2,
          "blend_via_shortest_path": true
        },
        "sprint": {
          "animations": [
            {
              "mp5_sprint": "variable.mp5"
            }
          ],
          "transitions": [
            {
              "aim": "variable.mp5 \u0026\u0026 query.is_sneaking"
            },
            {
              "reload": "q.get_equipped_item_name(\u0027main_hand\u0027) \u003d\u003d \u0027mp5_empty\u0027 \u0026\u0026 query.get_equipped_item_name(\u0027off_hand\u0027) \u003d\u003d \u0027mp5_ammo\u0027"
            },
            {
              "default": "variable.mp5 \u0026\u0026 !query.is_sprinting"
            },
            {
              "setup": "!variable.mp5"
            }
          ],
          "blend_transition": 0.2,
          "blend_via_shortest_path": true
        },
        "aim": {
          "animations": [
            {
              "mp5_aim": "variable.mp5"
            }
          ],
          "transitions": [
            {
              "reload": "q.get_equipped_item_name(\u0027main_hand\u0027) \u003d\u003d \u0027mp5_empty\u0027 \u0026\u0026 query.get_equipped_item_name(\u0027off_hand\u0027) \u003d\u003d \u0027mp5_ammo\u0027"
            },
            {
              "default": "variable.mp5 \u0026\u0026 !query.is_sneaking"
            },
            {
              "setup": "!variable.mp5"
            }
          ],
          "blend_transition": 0.2,
          "blend_via_shortest_path": true
        },
        "reload": {
          "animations": [
            {
              "mp5_reload": "variable.mp5"
            }
          ],
          "transitions": [
            {
              "default": "variable.mp5 \u0026\u0026 query.all_animations_finished"
            },
            {
              "setup": "!variable.mp5"
            }
          ]
        }
      }
    },
    "controller.animation.mp5_tpp": {
      "initial_state": "setup",
      "states": {
        "setup": {
          "transitions": [
            {
              "draw": "variable.mp5"
            }
          ]
        },
        "draw": {
          "animations": [
            {
              "mp5_draw_tpp": "variable.mp5"
            }
          ],
          "transitions": [
            {
              "default": "variable.mp5 \u0026\u0026 query.all_animations_finished"
            },
            {
              "setup": "!variable.mp5"
            }
          ]
        },
        "default": {
          "animations": [
            {
              "mp5_tpp": "variable.mp5"
            }
          ],
          "transitions": [
            {
              "aim": "variable.mp5 \u0026\u0026 query.is_sneaking"
            },
            {
              "sprint": "variable.mp5 \u0026\u0026 query.is_sprinting"
            },
            {
              "reload": "q.get_equipped_item_name(\u0027main_hand\u0027) \u003d\u003d \u0027mp5_empty\u0027 \u0026\u0026 query.get_equipped_item_name(\u0027off_hand\u0027) \u003d\u003d \u0027mp5_ammo\u0027"
            },
            {
              "setup": "!variable.mp5"
            }
          ],
          "blend_transition": 0.2,
          "blend_via_shortest_path": true
        },
        "sprint": {
          "animations": [
            {
              "mp5_sprint_tpp": "variable.mp5"
            }
          ],
          "transitions": [
            {
              "aim": "variable.mp5 \u0026\u0026 query.is_sneaking"
            },
            {
              "default": "variable.mp5 \u0026\u0026 !query.is_sprinting"
            },
            {
              "reload": "q.get_equipped_item_name(\u0027main_hand\u0027) \u003d\u003d \u0027mp5_empty\u0027 \u0026\u0026 query.get_equipped_item_name(\u0027off_hand\u0027) \u003d\u003d \u0027mp5_ammo\u0027"
            },
            {
              "setup": "!variable.mp5"
            }
          ],
          "blend_transition": 0.2,
          "blend_via_shortest_path": true
        },
        "aim": {
          "animations": [
            {
              "mp5_aim_tpp": "variable.mp5"
            }
          ],
          "transitions": [
            {
              "default": "variable.mp5 \u0026\u0026 !query.is_sneaking"
            },
            {
              "reload": "q.get_equipped_item_name(\u0027main_hand\u0027) \u003d\u003d \u0027mp5_empty\u0027 \u0026\u0026 query.get_equipped_item_name(\u0027off_hand\u0027) \u003d\u003d \u0027mp5_ammo\u0027"
            },
            {
              "setup": "!variable.mp5"
            }
          ],
          "blend_transition": 0.2,
          "blend_via_shortest_path": true
        },
        "reload": {
          "animations": [
            {
              "mp5_reload_tpp": "variable.mp5"
            }
          ],
          "transitions": [
            {
              "default": "variable.mp5 \u0026\u0026 query.all_animations_finished"
            },
            {
              "setup": "!variable.mp5"
            }
          ]
        }
      }
    },
    "controller.animation.m1887": {
      "initial_state": "setup",
      "states": {
        "setup": {
          "transitions": [
            {
              "draw": "variable.m1887"
            }
          ]
        },
        "draw": {
          "animations": [
            {
              "m1887_draw": "variable.m1887"
            }
          ],
          "transitions": [
            {
              "default": "variable.m1887 \u0026\u0026 query.all_animations_finished"
            },
            {
              "setup": "!variable.m1887"
            }
          ]
        },
        "default": {
          "animations": [
            {
              "m1887": "variable.m1887"
            }
          ],
          "transitions": [
            {
              "aim": "variable.m1887 \u0026\u0026 query.is_sneaking"
            },
            {
              "sprint": "variable.m1887 \u0026\u0026 query.is_sprinting"
            },
            {
              "reload": "q.get_equipped_item_name(\u0027main_hand\u0027) \u003d\u003d \u0027m1887_empty\u0027 \u0026\u0026 query.get_equipped_item_name(\u0027off_hand\u0027) \u003d\u003d \u0027m1887_ammo\u0027"
            },
            {
              "setup": "!variable.m1887"
            }
          ],
          "blend_transition": 0.2,
          "blend_via_shortest_path": true
        },
        "sprint": {
          "animations": [
            {
              "m1887_sprint": "variable.m1887"
            }
          ],
          "transitions": [
            {
              "aim": "variable.m1887 \u0026\u0026 query.is_sneaking"
            },
            {
              "reload": "q.get_equipped_item_name(\u0027main_hand\u0027) \u003d\u003d \u0027m1887_empty\u0027 \u0026\u0026 query.get_equipped_item_name(\u0027off_hand\u0027) \u003d\u003d \u0027m1887_ammo\u0027"
            },
            {
              "default": "variable.m1887 \u0026\u0026 !query.is_sprinting"
            },
            {
              "setup": "!variable.m1887"
            }
          ],
          "blend_transition": 0.2,
          "blend_via_shortest_path": true
        },
        "aim": {
          "animations": [
            {
              "m1887_aim": "variable.m1887"
            }
          ],
          "transitions": [
            {
              "reload": "q.get_equipped_item_name(\u0027main_hand\u0027) \u003d\u003d \u0027m1887_empty\u0027 \u0026\u0026 query.get_equipped_item_name(\u0027off_hand\u0027) \u003d\u003d \u0027m1887_ammo\u0027"
            },
            {
              "default": "variable.m1887 \u0026\u0026 !query.is_sneaking"
            },
            {
              "setup": "!variable.m1887"
            }
          ],
          "blend_transition": 0.2,
          "blend_via_shortest_path": true
        },
        "reload": {
          "animations": [
            {
              "m1887_reload": "variable.m1887"
            }
          ],
          "transitions": [
            {
              "default": "variable.m1887 \u0026\u0026 query.all_animations_finished"
            },
            {
              "setup": "!variable.m1887"
            }
          ]
        }
      }
    },
    "controller.animation.m1887_tpp": {
      "initial_state": "setup",
      "states": {
        "setup": {
          "transitions": [
            {
              "draw": "variable.m1887"
            }
          ]
        },
        "draw": {
          "animations": [
            {
              "m1887_draw_tpp": "variable.m1887"
            }
          ],
          "transitions": [
            {
              "default": "variable.m1887 \u0026\u0026 query.all_animations_finished"
            },
            {
              "setup": "!variable.m1887"
            }
          ]
        },
        "default": {
          "animations": [
            {
              "m1887_tpp": "variable.m1887"
            }
          ],
          "transitions": [
            {
              "aim": "variable.m1887 \u0026\u0026 query.is_sneaking"
            },
            {
              "sprint": "variable.m1887 \u0026\u0026 query.is_sprinting"
            },
            {
              "reload": "q.get_equipped_item_name(\u0027main_hand\u0027) \u003d\u003d \u0027m1887_empty\u0027 \u0026\u0026 query.get_equipped_item_name(\u0027off_hand\u0027) \u003d\u003d \u0027m1887_ammo\u0027"
            },
            {
              "setup": "!variable.m1887"
            }
          ],
          "blend_transition": 0.2,
          "blend_via_shortest_path": true
        },
        "sprint": {
          "animations": [
            {
              "m1887_sprint_tpp": "variable.m1887"
            }
          ],
          "transitions": [
            {
              "aim": "variable.m1887 \u0026\u0026 query.is_sneaking"
            },
            {
              "default": "variable.m1887 \u0026\u0026 !query.is_sprinting"
            },
            {
              "reload": "q.get_equipped_item_name(\u0027main_hand\u0027) \u003d\u003d \u0027m1887_empty\u0027 \u0026\u0026 query.get_equipped_item_name(\u0027off_hand\u0027) \u003d\u003d \u0027m1887_ammo\u0027"
            },
            {
              "setup": "!variable.m1887"
            }
          ],
          "blend_transition": 0.2,
          "blend_via_shortest_path": true
        },
        "aim": {
          "animations": [
            {
              "m1887_aim_tpp": "variable.m1887"
            }
          ],
          "transitions": [
            {
              "default": "variable.m1887 \u0026\u0026 !query.is_sneaking"
            },
            {
              "reload": "q.get_equipped_item_name(\u0027main_hand\u0027) \u003d\u003d \u0027m1887_empty\u0027 \u0026\u0026 query.get_equipped_item_name(\u0027off_hand\u0027) \u003d\u003d \u0027m1887_ammo\u0027"
            },
            {
              "setup": "!variable.m1887"
            }
          ],
          "blend_transition": 0.2,
          "blend_via_shortest_path": true
        },
        "reload": {
          "animations": [
            {
              "m1887_reload_tpp": "variable.m1887"
            }
          ],
          "transitions": [
            {
              "default": "variable.m1887 \u0026\u0026 query.all_animations_finished"
            },
            {
              "setup": "!variable.m1887"
            }
          ]
        }
      }
    },
    "controller.animation.xm8": {
      "initial_state": "setup",
      "states": {
        "setup": {
          "transitions": [
            {
              "draw": "variable.xm8"
            }
          ]
        },
        "draw": {
          "animations": [
            {
              "xm8_draw": "variable.xm8"
            }
          ],
          "transitions": [
            {
              "default": "variable.xm8 \u0026\u0026 query.all_animations_finished"
            },
            {
              "setup": "!variable.xm8"
            }
          ]
        },
        "default": {
          "animations": [
            {
              "xm8": "variable.xm8"
            }
          ],
          "transitions": [
            {
              "aim": "variable.xm8 \u0026\u0026 query.is_sneaking"
            },
            {
              "sprint": "variable.xm8 \u0026\u0026 query.is_sprinting"
            },
            {
              "reload": "q.get_equipped_item_name(\u0027main_hand\u0027) \u003d\u003d \u0027xm8_empty\u0027 \u0026\u0026 query.get_equipped_item_name(\u0027off_hand\u0027) \u003d\u003d \u0027xm8_ammo\u0027"
            },
            {
              "setup": "!variable.xm8"
            }
          ],
          "blend_transition": 0.2,
          "blend_via_shortest_path": true
        },
        "sprint": {
          "animations": [
            {
              "xm8_sprint": "variable.xm8"
            }
          ],
          "transitions": [
            {
              "aim": "variable.xm8 \u0026\u0026 query.is_sneaking"
            },
            {
              "reload": "q.get_equipped_item_name(\u0027main_hand\u0027) \u003d\u003d \u0027xm8_empty\u0027 \u0026\u0026 query.get_equipped_item_name(\u0027off_hand\u0027) \u003d\u003d \u0027xm8_ammo\u0027"
            },
            {
              "default": "variable.xm8 \u0026\u0026 !query.is_sprinting"
            },
            {
              "setup": "!variable.xm8"
            }
          ],
          "blend_transition": 0.2,
          "blend_via_shortest_path": true
        },
        "aim": {
          "animations": [
            {
              "xm8_aim": "variable.xm8"
            }
          ],
          "transitions": [
            {
              "reload": "q.get_equipped_item_name(\u0027main_hand\u0027) \u003d\u003d \u0027xm8_empty\u0027 \u0026\u0026 query.get_equipped_item_name(\u0027off_hand\u0027) \u003d\u003d \u0027xm8_ammo\u0027"
            },
            {
              "default": "variable.xm8 \u0026\u0026 !query.is_sneaking"
            },
            {
              "setup": "!variable.xm8"
            }
          ],
          "blend_transition": 0.2,
          "blend_via_shortest_path": true
        },
        "reload": {
          "animations": [
            {
              "xm8_reload": "variable.xm8"
            }
          ],
          "transitions": [
            {
              "default": "variable.xm8 \u0026\u0026 query.all_animations_finished"
            },
            {
              "setup": "!variable.xm8"
            }
          ]
        }
      }
    },
    "controller.animation.xm8_tpp": {
      "initial_state": "setup",
      "states": {
        "setup": {
          "transitions": [
            {
              "draw": "variable.xm8"
            }
          ]
        },
        "draw": {
          "animations": [
            {
              "xm8_draw_tpp": "variable.xm8"
            }
          ],
          "transitions": [
            {
              "default": "variable.xm8 \u0026\u0026 query.all_animations_finished"
            },
            {
              "setup": "!variable.xm8"
            }
          ]
        },
        "default": {
          "animations": [
            {
              "xm8_tpp": "variable.xm8"
            }
          ],
          "transitions": [
            {
              "aim": "variable.xm8 \u0026\u0026 query.is_sneaking"
            },
            {
              "sprint": "variable.xm8 \u0026\u0026 query.is_sprinting"
            },
            {
              "reload": "q.get_equipped_item_name(\u0027main_hand\u0027) \u003d\u003d \u0027xm8_empty\u0027 \u0026\u0026 query.get_equipped_item_name(\u0027off_hand\u0027) \u003d\u003d \u0027xm8_ammo\u0027"
            },
            {
              "setup": "!variable.xm8"
            }
          ],
          "blend_transition": 0.2,
          "blend_via_shortest_path": true
        },
        "sprint": {
          "animations": [
            {
              "xm8_sprint_tpp": "variable.xm8"
            }
          ],
          "transitions": [
            {
              "aim": "variable.xm8 \u0026\u0026 query.is_sneaking"
            },
            {
              "default": "variable.xm8 \u0026\u0026 !query.is_sprinting"
            },
            {
              "reload": "q.get_equipped_item_name(\u0027main_hand\u0027) \u003d\u003d \u0027xm8_empty\u0027 \u0026\u0026 query.get_equipped_item_name(\u0027off_hand\u0027) \u003d\u003d \u0027xm8_ammo\u0027"
            },
            {
              "setup": "!variable.xm8"
            }
          ],
          "blend_transition": 0.2,
          "blend_via_shortest_path": true
        },
        "aim": {
          "animations": [
            {
              "xm8_aim_tpp": "variable.xm8"
            }
          ],
          "transitions": [
            {
              "default": "variable.xm8 \u0026\u0026 !query.is_sneaking"
            },
            {
              "reload": "q.get_equipped_item_name(\u0027main_hand\u0027) \u003d\u003d \u0027xm8_empty\u0027 \u0026\u0026 query.get_equipped_item_name(\u0027off_hand\u0027) \u003d\u003d \u0027xm8_ammo\u0027"
            },
            {
              "setup": "!variable.xm8"
            }
          ],
          "blend_transition": 0.2,
          "blend_via_shortest_path": true
        },
        "reload": {
          "animations": [
            {
              "xm8_reload_tpp": "variable.xm8"
            }
          ],
          "transitions": [
            {
              "default": "variable.xm8 \u0026\u0026 query.all_animations_finished"
            },
            {
              "setup": "!variable.xm8"
            }
          ]
        }
      }
    },
    "controller.animation.shoot": {
      "states": {
        "default": {
          "transitions": [
            {
              "ak": "query.get_equipped_item_name(\u0027main_hand\u0027) \u003d\u003d \u0027ak\u0027 \u0026\u0026 !query.is_sneaking \u0026\u0026 query.is_using_item \u0026\u0026 variable.is_first_person"
            },
            {
              "ak_aim": "query.get_equipped_item_name(\u0027main_hand\u0027) \u003d\u003d \u0027ak\u0027 \u0026\u0026 query.is_sneaking \u0026\u0026 query.is_using_item \u0026\u0026 variable.is_first_person"
            },
            {
              "ak_tpp": "query.get_equipped_item_name(\u0027main_hand\u0027) \u003d\u003d \u0027ak\u0027 \u0026\u0026 query.is_using_item \u0026\u0026 !variable.is_first_person"
            },
            {
              "m1014": "query.get_equipped_item_name(\u0027main_hand\u0027) \u003d\u003d \u0027m1014\u0027 \u0026\u0026 !query.is_sneaking \u0026\u0026 query.is_using_item \u0026\u0026 variable.is_first_person"
            },
            {
              "m1014_aim": "query.get_equipped_item_name(\u0027main_hand\u0027) \u003d\u003d \u0027m1014\u0027 \u0026\u0026 query.is_sneaking \u0026\u0026 query.is_using_item \u0026\u0026 variable.is_first_person"
            },
            {
              "m1014_tpp": "query.get_equipped_item_name(\u0027main_hand\u0027) \u003d\u003d \u0027m1014\u0027 \u0026\u0026 query.is_using_item \u0026\u0026 !variable.is_first_person"
            },
            {
              "scar": "query.get_equipped_item_name(\u0027main_hand\u0027) \u003d\u003d \u0027scar\u0027 \u0026\u0026 !query.is_sneaking \u0026\u0026 query.is_using_item \u0026\u0026 variable.is_first_person"
            },
            {
              "scar_aim": "query.get_equipped_item_name(\u0027main_hand\u0027) \u003d\u003d \u0027scar\u0027 \u0026\u0026 query.is_sneaking \u0026\u0026 query.is_using_item \u0026\u0026 variable.is_first_person"
            },
            {
              "scar_tpp": "query.get_equipped_item_name(\u0027main_hand\u0027) \u003d\u003d \u0027scar\u0027 \u0026\u0026 query.is_using_item \u0026\u0026 !variable.is_first_person"
            },
            {
              "mp40": "query.get_equipped_item_name(\u0027main_hand\u0027) \u003d\u003d \u0027mp40\u0027 \u0026\u0026 !query.is_sneaking \u0026\u0026 query.is_using_item \u0026\u0026 variable.is_first_person"
            },
            {
              "mp40_aim": "query.get_equipped_item_name(\u0027main_hand\u0027) \u003d\u003d \u0027mp40\u0027 \u0026\u0026 query.is_sneaking \u0026\u0026 query.is_using_item \u0026\u0026 variable.is_first_person"
            },
            {
              "mp40_tpp": "query.get_equipped_item_name(\u0027main_hand\u0027) \u003d\u003d \u0027mp40\u0027 \u0026\u0026 query.is_using_item \u0026\u0026 !variable.is_first_person"
            },
            {
              "famas": "query.get_equipped_item_name(\u0027main_hand\u0027) \u003d\u003d \u0027famas\u0027 \u0026\u0026 !query.is_sneaking \u0026\u0026 query.is_using_item \u0026\u0026 variable.is_first_person"
            },
            {
              "famas_aim": "query.get_equipped_item_name(\u0027main_hand\u0027) \u003d\u003d \u0027famas\u0027 \u0026\u0026 query.is_sneaking \u0026\u0026 query.is_using_item \u0026\u0026 variable.is_first_person"
            },
            {
              "famas_tpp": "query.get_equipped_item_name(\u0027main_hand\u0027) \u003d\u003d \u0027famas\u0027 \u0026\u0026 query.is_using_item \u0026\u0026 !variable.is_first_person"
            },
            {
              "ump": "query.get_equipped_item_name(\u0027main_hand\u0027) \u003d\u003d \u0027ump\u0027 \u0026\u0026 !query.is_sneaking \u0026\u0026 query.is_using_item \u0026\u0026 variable.is_first_person"
            },
            {
              "ump_aim": "query.get_equipped_item_name(\u0027main_hand\u0027) \u003d\u003d \u0027ump\u0027 \u0026\u0026 query.is_sneaking \u0026\u0026 query.is_using_item \u0026\u0026 variable.is_first_person"
            },
            {
              "ump_tpp": "query.get_equipped_item_name(\u0027main_hand\u0027) \u003d\u003d \u0027ump\u0027 \u0026\u0026 query.is_using_item \u0026\u0026 !variable.is_first_person"
            },
            {
              "mp5": "query.get_equipped_item_name(\u0027main_hand\u0027) \u003d\u003d \u0027mp5\u0027 \u0026\u0026 !query.is_sneaking \u0026\u0026 query.is_using_item \u0026\u0026 variable.is_first_person"
            },
            {
              "mp5_aim": "query.get_equipped_item_name(\u0027main_hand\u0027) \u003d\u003d \u0027mp5\u0027 \u0026\u0026 query.is_sneaking \u0026\u0026 query.is_using_item \u0026\u0026 variable.is_first_person"
            },
            {
              "mp5_tpp": "query.get_equipped_item_name(\u0027main_hand\u0027) \u003d\u003d \u0027mp5\u0027 \u0026\u0026 query.is_using_item \u0026\u0026 !variable.is_first_person"
            },
            {
              "m1887": "query.get_equipped_item_name(\u0027main_hand\u0027) \u003d\u003d \u0027m1887\u0027 \u0026\u0026 !query.is_sneaking \u0026\u0026 query.is_using_item \u0026\u0026 variable.is_first_person"
            },
            {
              "m1887_aim": "query.get_equipped_item_name(\u0027main_hand\u0027) \u003d\u003d \u0027m1887\u0027 \u0026\u0026 query.is_sneaking \u0026\u0026 query.is_using_item \u0026\u0026 variable.is_first_person"
            },
            {
              "m1887_tpp": "query.get_equipped_item_name(\u0027main_hand\u0027) \u003d\u003d \u0027m1887\u0027 \u0026\u0026 query.is_using_item \u0026\u0026 !variable.is_first_person"
            },
            {
              "xm8": "query.get_equipped_item_name(\u0027main_hand\u0027) \u003d\u003d \u0027xm8\u0027 \u0026\u0026 !query.is_sneaking \u0026\u0026 query.is_using_item \u0026\u0026 variable.is_first_person"
            },
            {
              "xm8_aim": "query.get_equipped_item_name(\u0027main_hand\u0027) \u003d\u003d \u0027xm8\u0027 \u0026\u0026 query.is_sneaking \u0026\u0026 query.is_using_item \u0026\u0026 variable.is_first_person"
            },
            {
              "xm8_tpp": "query.get_equipped_item_name(\u0027main_hand\u0027) \u003d\u003d \u0027xm8\u0027 \u0026\u0026 query.is_using_item \u0026\u0026 !variable.is_first_person"
            }
          ]
        },
        "ak": {
          "animations": [
            "ak_shoot"
          ],
          "transitions": [
            {
              "default": "query.any_animation_finished"
            }
          ]
        },
        "ak_aim": {
          "animations": [
            "ak_shoot_aim"
          ],
          "transitions": [
            {
              "default": "query.any_animation_finished"
            }
          ]
        },
        "ak_tpp": {
          "animations": [
            "ak_shoot_tpp"
          ],
          "transitions": [
            {
              "default": "query.any_animation_finished"
            }
          ]
        },
        "m1014": {
          "animations": [
            "m1014_shoot"
          ],
          "transitions": [
            {
              "default": "query.any_animation_finished"
            }
          ]
        },
        "m1014_aim": {
          "animations": [
            "m1014_shoot_aim"
          ],
          "transitions": [
            {
              "default": "query.any_animation_finished"
            }
          ]
        },
        "m1014_tpp": {
          "animations": [
            "m1014_shoot_tpp"
          ],
          "transitions": [
            {
              "default": "query.any_animation_finished"
            }
          ]
        },
        "scar": {
          "animations": [
            "scar_shoot"
          ],
          "transitions": [
            {
              "default": "query.any_animation_finished"
            }
          ]
        },
        "scar_aim": {
          "animations": [
            "scar_shoot_aim"
          ],
          "transitions": [
            {
              "default": "query.any_animation_finished"
            }
          ]
        },
        "scar_shoot_tpp": {
          "animations": [
            "scar_shoot_tpp"
          ],
          "transitions": [
            {
              "default": "query.any_animation_finished"
            }
          ]
        },
        "mp40": {
          "animations": [
            "mp40_shoot"
          ],
          "transitions": [
            {
              "default": "query.any_animation_finished"
            }
          ]
        },
        "mp40_aim": {
          "animations": [
            "mp40_shoot_aim"
          ],
          "transitions": [
            {
              "default": "query.any_animation_finished"
            }
          ]
        },
        "mp40_shoot_tpp": {
          "animations": [
            "mp40_shoot_tpp"
          ],
          "transitions": [
            {
              "default": "query.any_animation_finished"
            }
          ]
        },
        "famas": {
          "animations": [
            "famas_shoot"
          ],
          "transitions": [
            {
              "default": "query.any_animation_finished"
            }
          ]
        },
        "famas_aim": {
          "animations": [
            "famas_shoot_aim"
          ],
          "transitions": [
            {
              "default": "query.any_animation_finished"
            }
          ]
        },
        "famas_shoot_tpp": {
          "animations": [
            "famas_shoot_tpp"
          ],
          "transitions": [
            {
              "default": "query.any_animation_finished"
            }
          ]
        },
        "ump": {
          "animations": [
            "ump_shoot"
          ],
          "transitions": [
            {
              "default": "query.any_animation_finished"
            }
          ]
        },
        "ump_aim": {
          "animations": [
            "ump_shoot_aim"
          ],
          "transitions": [
            {
              "default": "query.any_animation_finished"
            }
          ]
        },
        "ump_shoot_tpp": {
          "animations": [
            "ump_shoot_tpp"
          ],
          "transitions": [
            {
              "default": "query.any_animation_finished"
            }
          ]
        },
        "mp5": {
          "animations": [
            "mp5_shoot"
          ],
          "transitions": [
            {
              "default": "query.any_animation_finished"
            }
          ]
        },
        "mp5_aim": {
          "animations": [
            "mp5_shoot_aim"
          ],
          "transitions": [
            {
              "default": "query.any_animation_finished"
            }
          ]
        },
        "mp5_shoot_tpp": {
          "animations": [
            "mp5_shoot_tpp"
          ],
          "transitions": [
            {
              "default": "query.any_animation_finished"
            }
          ]
        },
        "m1887": {
          "animations": [
            "m1887_shoot"
          ],
          "transitions": [
            {
              "default": "query.any_animation_finished"
            }
          ]
        },
        "m1887_aim": {
          "animations": [
            "m1887_shoot_aim"
          ],
          "transitions": [
            {
              "default": "query.any_animation_finished"
            }
          ]
        },
        "m1887_shoot_tpp": {
          "animations": [
            "m1887_shoot_tpp"
          ],
          "transitions": [
            {
              "default": "query.any_animation_finished"
            }
          ]
        },
        "xm8": {
          "animations": [
            "xm8_shoot"
          ],
          "transitions": [
            {
              "default": "query.any_animation_finished"
            }
          ]
        },
        "xm8_aim": {
          "animations": [
            "xm8_shoot_aim"
          ],
          "transitions": [
            {
              "default": "query.any_animation_finished"
            }
          ]
        },
        "xm8_shoot_tpp": {
          "animations": [
            "xm8_shoot_tpp"
          ],
          "transitions": [
            {
              "default": "query.any_animation_finished"
            }
          ]
        }
      }
    }
  }
}