{
  "entity_sounds": {
    "entities": {
      "mcsm_eps1:wither_storm": {
        "volume": 10,
        "pitch": [
          0.8,
          1.2
        ],
        "events": {
          "ambient": "mob.wither.ambient",
          "hurt": "mob.wither.hurt",
          "death.min.volume": "mob.wither_death",
          "break.block": {
            "sound": "mob.wither.hurt",
            "pitch": 1.6,
            "volume": 2.1
          },
          "death.max.volume": "mob.wither.death",
          "spawn": {
            "sound": "mob.wither.spawn",
            "volume": 10,
            "pitch": 1.0
          },
          "death": "mob.ws.dead",
          "shoot": {
            "sound": "mob.wither.shoot",
            "volume": 10,
            "pitch": 0.8
          }
        }
      },
      "mcsm_eps1:ws_spawn": {
        "volume": 10,
        "pitch": [
          0.8,
          1.2
        ],
        "events": {
          "spawn": "mob.wither.spawn",
          "shoot": {
            "sound": "mob.wither.shoot",
            "volume": 10,
            "pitch": 1.0
          }
        }
      },
      "mcsm_eps1:wither_storm_ex": {
        "volume": 100,
        "pitch": [
          0.95,
          1.15
        ],
        "events": {
          "ambient": "mob.ws.ambient",
          "hurt": "mob.ws.hurt",
          "spawn": {
            "sound": "mob.ws_spawn",
            "volume": 100,
            "pitch": 1.0
          },
          "death": "mob.ws.death",
          "shoot": {
            "sound": "mob.wither.shoot",
            "volume": 100,
            "pitch": 1.0
          }
        }
      }
    }
  }
}
