
{
  "format_version": "1.8.0",
  "render_controllers": {
    "controller.render.basic_wither_storm.beam": {
      "geometry": "Geometry.beam",
      "part_visibility": [
        { "*": "!query.is_saddled && (query.variant==3 || query.variant==4 || query.variant==5 || query.variant==6 || query.variant==7 || query.variant==8 || query.variant==9 || query.variant==10)" }
      ],
      "materials": [ { "*": "Material.beam" } ],
      "textures": [ "Texture.beam" ],
      "overlay_color": {
          "r": 1.0,
          "g": 1.0,
          "b": 1.0,
          "a": 1.0
      },
      "uv_anim": {
          "offset": [ "(query.variant==3 || query.variant==4 || query.variant==5 || query.variant==6 || query.variant==7 || query.variant==8 || query.variant==9 || query.variant==10) ? (Math.floor(query.life_time * 20.0) + query.frame_alpha) * 0.01 : 0.0", 
                      "(query.variant==3 || query.variant==4 || query.variant==5 || query.variant==6 || query.variant==7 || query.variant==8 || query.variant==9 || query.variant==10) ? (Math.floor(query.life_time * 20.0) + query.frame_alpha) * 0.01 : 0.0" ],
          "scale": [ 1.0, 1.0 ]
      },
      "light_color_multiplier": 0.5,
      "ignore_lighting" : true
    },
    "controller.render.basic_wither_storm.eye": {
      "geometry": "Geometry.default",
      "materials": [ { "*": "Material.default" } ],
      "textures": [ "Texture.eye" ],
      "light_color_multiplier": 2,
      "ignore_lighting" : true
    },
    "controller.render.commanded_warden.shine": {
      "geometry": "Geometry.default",
      "materials": [ { "*": "Material.default" } ],
      "textures": [ "Texture.shine" ],
      "light_color_multiplier": 2,
      "ignore_lighting" : true
    },
    "controller.render.stormborne.beam": {
      "geometry": "Geometry.beam",
      "part_visibility": [
        { "*": "query.is_powered" }
      ],
      "materials": [ { "*": "Material.beam" } ],
      "textures": [ "Texture.beam" ],
      "overlay_color": {
          "r": 1.0,
          "g": 1.0,
          "b": 1.0,
          "a": 1.0
      },
      "uv_anim": {
          "offset": [ "query.is_powered ? (Math.floor(query.life_time * 20.0) + query.frame_alpha) * 0.01 : 0.0", 
                      "query.is_powered ? (Math.floor(query.life_time * 20.0) + query.frame_alpha) * 0.01 : 0.0" ],
          "scale": [ 1.0, 1.0 ]
      },
      "light_color_multiplier": 0.5,
      "ignore_lighting" : true
    }
  }
}
