{
  "format_version": "1.10.0",
  "render_controllers": {
    "controller.render.wender_dragon_default": {
      "geometry": "Geometry.default",
      "materials": [
        { "*": "Material.default" }
      ],
      "textures": [ "Texture.default" ]
    },
    "controller.render.wender_dragon_death_pre_pass": {
      "geometry": "Geometry.default",
      "materials": [
        { "*": "Material.dissolve_0" }
      ],
      "textures": [ "Texture.exploding" ],
      "part_visibility": [ { "*": "query.is_stunned" } ]
    },
    "controller.render.wender_dragon_death_main_pass": {
      "geometry": "Geometry.default",
      "materials": [
        { "*": "Material.dissolve_1" }
      ],
      "textures": [ "Texture.default" ]
    }
  }
}