{
  "format_version":"1.16.100",
  "animation_controllers":{
    "controller.animation.law1":{
      "states":{
        "default":{
          "transitions":[
            {"k":"query.variant == 27000"},
            {"kurouzu":"query.variant == 270"},
            {"law1":"query.has_target && !query.is_in_water"}
          ]
        },
        "law1":{
          "transitions":[
            {"default":"variable.time = (variable.time ?? 0);variable.time = variable.time < 100 ? variable.time + 1:0;return variable.time == 0;"}
          ],
          "on_entry":[
            "/tell @a[r=16] shambles",
            "/execute @e[type=op_asa:law] ~~~ tp @e[r=16,family=!opeope,tag=!opeope] ^17^^"
          ]
        },
        "kurouzu":{
          "transitions":[
            {"default":"query.variant == 0"}
          ]
        },
        "k":{}
      }
    }
  }
}