{
	"format_version": "1.8.0",
	"animations": {
		"animation.player.normal": {
			"loop": true,
			"bones": {
				"rightArm": {
					"rotation": [7.5, 0, 0]
				},
				"rightItem": {
					"scale": 0
				}
			}
		},
		"animation.emote.feeding_time": {
			"loop": true,
			"animation_length": 12.12,
			"bones": {
				"root": {
					"rotation": {
						"0.88": [0, 0, 0],
						"1.28": [0, -22.5, 0],
						"3.0": [0, -22.5, 0],
						"3.16": [0, -22.5, 0],
						"3.32": [0, -22.5, 0],
						"4.0": [0, -22.5, 0],
						"4.4": [0, 0, 0]
					},
					"position": {
						"3.0": [0, 0, 0],
						"3.16": [0, 0, 0],
						"3.32": [0, 0, 0]
					}
				},
				"head": {
					"rotation": {
						"1.0": [0, 0, 0],
						"1.28": [25, 0, 0],
						"3.0": [25, 0, 0],
						"3.32": [25, 0, 0],
						"4.0": [25, 0, 0],
						"4.88": [25, 30, 0],
						"5.36": [7.5, 30, 15],
						"6.0": [7.5, 5, 0],
						"6.16": [30, 5, 0],
						"6.64": [30, 5, 0],
						"6.84": [7.5, 5, 0],
						"9.0": [7.5, 5, 0],
						"9.36": [0, 0, 0]
					}
				},
				"leftArm": {
					"rotation": {
						"0.88": [0, 0, 0],
						"1.28": [10, 0, -17.5],
						"2.04": [10, 0, -17.5],
						"4.0": [10, 0, -17.5],
						"4.4": [10, 0, -2.5],
						"6.6": [10, 0, -2.5],
						"7.04": [-92.5, 10, -2.5],
						"7.32": [-72.5, 10, -2.5],
						"7.6": [-92.5, 10, -2.5],
						"7.88": [-72.5, 10, -2.5],
						"8.24": [0, 0, 0],
						"9.0": [0, 0, 0],
						"9.36": [0, 0, 0]
					},
					"position": {
						"3.0": [0, 0, 0],
						"4.0": [0, 0, 0],
						"4.4": [0, 0, 0]
					}
				},
				"rightArm": {
					"rotation": {
						"0.0": [0, 0, 0],
						"0.88": [2.5, 0, 0],
						"1.28": [-52.5, -52.5, -17.5],
						"3.0": [-55, -52.5, -17.5],
						"3.16": [-55, -47.5, -7.5],
						"4.0": [-55, -47.5, -7.5],
						"4.16": [-42.5, 35, -7.5],
						"4.88": [-77.5, 35, 10],
						"5.64": [-77.5, 10, 10],
						"6.0": [-77.5, 35, 10],
						"6.6": [27.5, 35, 10],
						"9.0": [27.5, 35, 10],
						"9.36": [0, 0, 0]
					}
				},
				"rightItem": {
					"scale": 0
				},
				"leftLeg": {
					"rotation": {
						"1.0": [0, 0, 0],
						"1.28": [2.5, -15, -10],
						"3.0": [2.5, -15, -10],
						"3.16": [2.5, -15, -10],
						"3.32": [2.5, -15, -10],
						"4.0": [2.5, -15, -10],
						"4.4": [10, -2.5, -12.5],
						"9.0": [10, -2.5, -12.5],
						"9.36": [0, 0, 0]
					},
					"position": {
						"3.0": [0, 0, 0],
						"3.16": [0, 0, 0],
						"3.32": [0, 0, 0]
					}
				},
				"rightLeg": {
					"rotation": {
						"1.0": [0, 0, 0],
						"1.28": [2.5, 12.5, 2.5],
						"3.0": [2.5, 12.5, 2.5],
						"3.16": [0, 12.5, 2.5],
						"3.32": [2.5, 12.5, 2.5],
						"4.0": [2.5, 12.5, 2.5],
						"4.4": [2.5, 22.5, 7.5],
						"9.0": [2.5, 22.5, 7.5],
						"9.36": [0, 0, 0]
					},
					"position": {
						"3.0": [0, 0, 0],
						"3.16": [0, 0, 0],
						"3.32": [0, 0, 0]
					}
				},
				"body": {
					"rotation": {
						"3.0": [0, 0, 0],
						"3.16": [7.5, 0, 0],
						"3.32": [0, 0, 0]
					},
					"position": {
						"3.0": [0, 0, 0],
						"3.16": [0, 0, -1],
						"3.32": [0, 0, 0]
					}
				},
				"ak": {
					"scale": 0
				},
				"scar": {
					"rotation": {
						"3.0": [0, 15, 0],
						"3.16": [0, 27.5, 0],
						"4.0": [0, 27.5, 0],
						"4.16": [0, 15, 0],
						"6.0": [0, 15, 0],
						"6.6": [5.42576, 17.1286, -7.48477],
						"9.0": [5.42576, 17.1286, -7.48477]
					},
					"position": {
						"3.0": [-6, 0, 0],
						"3.16": [-4, 0, -2],
						"4.0": [-4, 0, -2],
						"4.16": [-2, 0, 0],
						"6.0": [-2, 0, 0],
						"6.6": [-3, 2, 0],
						"9.0": [-3, 2, 0],
						"9.36": [-6, 0, 2]
					},
					"scale": {
						"3.0": [0, 0, 0],
						"3.16": [0.7, 0.7, 0.7],
						"9.0": [0.7, 0.7, 0.7],
						"9.36": [0, 0, 0]
					}
				},
				"SG": {
					"scale": 0
				},
				"mp40": {
					"scale": 0
				},
				"cobra_background": {
					"scale": 0
				},
				"ump": {
					"scale": 0
				},
				"crystal": {
					"scale": 0
				},
				"Kursi": {
					"scale": 0
				},
				"Xm8": {
					"scale": 0
				},
				"katana_xm8": {
					"scale": 0
				},
				"famas": {
					"scale": 0
				},
				"mask": {
					"scale": 0
				},
				"emote": {
					"scale": 0
				}
			}
		},
		"animation.emote.dracos_summon": {
			"loop": true,
			"animation_length": 13.72,
			"bones": {
				"root": {
					"rotation": {
						"0.0": [0, 0, 0],
						"0.48": [0, 25, 0],
						"0.88": [0, 25, 0],
						"1.28": [0, 0, 0],
						"3.32": [0, 0, 0],
						"3.92": [0, 25, 0],
						"4.44": [0, 0, 0]
					}
				},
				"body": {
					"rotation": {
						"0.0": [0, 0, 0],
						"2.48": [0, 0, 0],
						"2.72": [7.5, 0, 0],
						"2.96": [0, 0, 0]
					},
					"position": {
						"2.48": [0, 0, 0],
						"2.72": [0, 0, -1],
						"2.96": [0, 0, 0]
					}
				},
				"head": {
					"rotation": {
						"0.0": [0, 0, 0],
						"0.48": [22.5, 0, 0],
						"5.2": [22.5, 0, 0],
						"5.72": [5, 0, 0],
						"9.36": [5, 0, 0],
						"9.72": [27.5, 0, 0],
						"10.16": [27.5, 0, 0],
						"10.48": [5, 0, 0]
					}
				},
				"leftArm": {
					"rotation": {
						"0.0": [0, 0, 0],
						"0.48": [-37.5, 50, 0],
						"0.88": [-37.5, 50, 0],
						"1.28": [12.5, 0, -7.5],
						"10.48": [12.5, 0, -7.5],
						"11.52": [0, 0, 0]
					}
				},
				"rightArm": {
					"rotation": {
						"0.0": [0, 0, 0],
						"0.48": [0, 0, 20],
						"0.88": [0, 0, 20],
						"1.28": [-162.5, 0, -30],
						"2.48": [-162.5, 0, -30],
						"2.56": [-162.5, 0, -42.5],
						"3.32": [-162.5, 0, -42.5],
						"3.92": [-87.5, 20, -42.5],
						"4.44": [-7.5, 0, 20],
						"4.8": [-27.5, 52.5, 17.5],
						"5.44": [-107.5, 25, -5],
						"5.68": [-115, 0, -5],
						"5.92": [-62.5, 0, -5],
						"6.92": [-62.5, 10, -5],
						"7.84": [-57.5, -5, -5],
						"8.64": [-60, 5, -5],
						"9.64": [-62.5, -5, -5],
						"9.88": [-162.5, -5, -30],
						"10.48": [-162.5, -5, -30],
						"11.52": [0, 0, 0]
					},
					"scale": {
						"0.0": [1, 1, 1],
						"0.48": [1, 0.7, 1],
						"0.88": [1, 0.7, 1],
						"1.28": [1, 1, 1],
						"2.48": [1, 1, 1],
						"2.56": [1, 0.8, 1],
						"3.32": [1, 0.8, 1],
						"3.64": [1, 1, 1],
						"9.64": [1, 1, 1],
						"9.88": [1, 1, 1],
						"10.12": [1, 0.8, 1],
						"11.52": [1, 1, 1]
					}
				},
				"leftLeg": {
					"rotation": {
						"0.0": [0, 0, 0],
						"0.2": [0, 0, 0],
						"0.48": [0, -32.5, -10],
						"0.88": [0, -32.5, -10],
						"3.08": [0, -32.5, -10],
						"3.92": [15, -32.5, -10],
						"4.44": [0, -32.5, -10],
						"10.48": [0, -32.5, -10],
						"11.52": [0, 0, 0]
					},
					"position": {
						"3.08": [0, 0, 0],
						"3.92": [0, 0, 1],
						"4.44": [0, 0, 0]
					}
				},
				"rightLeg": {
					"rotation": {
						"0.0": [0, 0, 0],
						"0.2": [0, 0, 0],
						"0.48": [0, 10, 10],
						"0.88": [0, 10, 10],
						"3.92": [0, 10, 10],
						"4.44": [0, 10, 10],
						"10.48": [0, 10, 10],
						"11.52": [0, 0, 0]
					}
				},
				"rightItem": {
					"scale": 0
				},
				"scar": {
					"scale": 0
				},
				"ak": {
					"rotation": {
						"2.4": [0, 0, 0],
						"2.48": [47.5, 0, 0],
						"2.88": [37.5, 0, 0],
						"3.32": [37.5, 0, 0],
						"3.64": [2.5, 0, 0]
					},
					"position": {
						"2.4": [-7, -1, 2],
						"2.48": [-2, -3, 2],
						"3.32": [-2, -2.78, 2],
						"3.64": [-2, -0.69, 2],
						"9.88": [-2, -1, 2],
						"10.12": [-7, -1, 2]
					},
					"scale": {
						"2.4": [0, 0, 0],
						"2.48": [0.7, 0.7, 0.7],
						"9.88": [0.7, 0.7, 0.7],
						"10.12": [0, 0, 0]
					}
				},
				"sayap_kanan3": {
					"rotation": {
						"2.48": [0, 0, 0],
						"2.8": [-4.30963, 29.7174, -33.64388],
						"3.12": [0, 0, 0],
						"4.84": [0, 0, 0],
						"5.16": [0, 0, -65],
						"5.48": [0, 0, 0],
						"5.92": [0, -40, 0],
						"6.36": [19.52546, -35.63104, -31.32977],
						"6.8": [0, -40, 0],
						"8.12": [0, -40, 0],
						"8.56": [19.52546, -35.63104, -31.32977],
						"9.0": [0, -40, 0],
						"9.4": [0, -50.45455, 0],
						"9.88": [0, 25, 0]
					}
				},
				"sayap_kiri3": {
					"rotation": {
						"2.48": [0, 0, 0],
						"2.8": [-9.06159, -23.39896, 21.88023],
						"3.12": [0, 0, 0],
						"4.84": [0, 0, 0],
						"5.16": [0, 0, 67.5],
						"5.48": [0, 0, 0],
						"5.92": [0, 35, 0],
						"6.36": [16.48457, 31.3213, 29.65098],
						"6.8": [0, 35, 0],
						"8.12": [0, 35, 0],
						"8.56": [16.48457, 31.3213, 29.65098],
						"9.0": [0, 35, 0],
						"9.4": [0, 30.45455, 0],
						"9.88": [0, -30, 0]
					}
				},
				"SG": {
					"scale": 0
				},
				"mp40": {
					"scale": 0
				},
				"cobra_background": {
					"scale": 0
				},
				"ump": {
					"scale": 0
				},
				"crystal": {
					"scale": 0
				},
				"Kursi": {
					"scale": 0
				},
				"Xm8": {
					"scale": 0
				},
				"katana_xm8": {
					"scale": 0
				},
				"famas": {
					"scale": 0
				},
				"mask": {
					"scale": 0
				},
				"emote": {
					"scale": 0
				}
			}
		},
		"animation.emote.cobra_rising": {
			"loop": true,
			"animation_length": 8.54167,
			"bones": {
				"root": {
					"rotation": {
						"0.5833": [0, 0, 0],
						"1.0": [0, 0, -10],
						"5.1667": [0, 0, -10],
						"5.5417": [0, 0, -5],
						"6.5833": [0, 0, -5],
						"7.125": [0, 0, 0]
					}
				},
				"body": {
					"rotation": {
						"0.5833": [0, 0, 0],
						"1.0": [0, 0, 10],
						"5.1667": [0, 0, 10],
						"5.5417": [0, 0, 5],
						"6.5833": [0, 0, 5],
						"7.125": [0, 0, 0]
					},
					"position": {
						"0.5833": [0, 0, 0],
						"1.0": [2, 0, 0],
						"5.1667": [2, 0, 0],
						"5.5417": [1, 0, 0],
						"6.5833": [1, 0, 0],
						"7.125": [0, 0, 0]
					}
				},
				"leftArm": {
					"rotation": {
						"0.4167": [0, 0, 0],
						"0.625": [-36.25, 23.75, -41.25],
						"0.8333": [-72.5, 47.5, 2.5],
						"1.0": [-72.5, 47.5, 2.5],
						"4.7083": [-80, -27.5, 2.5],
						"5.1667": [-80, -27.5, 2.5],
						"5.5": [-52.5, 27.5, 2.5],
						"5.6667": [-55, 30, 2.5],
						"5.9583": [-25, 37.5, 25],
						"6.5833": [-25, 37.5, 25],
						"7.125": [0, 0, 0]
					}
				},
				"rightArm": {
					"rotation": {
						"0.4167": [0, 0, 0],
						"0.625": [-32.5, -23.75, 40],
						"0.8333": [-72.5, -47.5, 0],
						"1.0": [-72.5, -47.5, 0],
						"4.7083": [-75, 42.5, 0],
						"5.1667": [-75, 42.5, 0],
						"5.6667": [-30, 42.5, 0],
						"5.9583": [-22.5, 0, -30],
						"6.5833": [-25, 0, -30],
						"6.8333": [-190, 0, -30],
						"7.125": [0, 0, 0]
					}
				},
				"rightItem": {
					"scale": 0
				},
				"leftLeg": {
					"rotation": {
						"6.5833": [0, 0, 0],
						"7.125": [0, 0, 0]
					}
				},
				"rightLeg": {
					"rotation": {
						"0.5833": [0, 0, 0],
						"1.0": [0, 0, 17.5],
						"5.1667": [0, 0, 17.5],
						"5.5417": [0, 0, 10],
						"6.5833": [0, 0, 10],
						"7.125": [0, 0, 0]
					}
				},
				"head": {
					"rotation": {
						"5.4583": [0, 0, 0],
						"5.7917": [25.76926, 13.56626, 6.46066],
						"6.1667": [25.76926, 13.56626, 6.46066],
						"6.5": [0, 0, 0]
					}
				},
				"scar": {
					"scale": 0
				},
				"ak": {
					"scale": 0
				},
				"SG": {
					"scale": 0
				},
				"mp40": {
					"rotation": {
						"2.0833": [-9.64139, -21.22511, -57.15325],
						"2.5": [-0.35486, -23.2173, -81.391],
						"4.3333": [5.92022, -17.12723, -126.37646],
						"4.5833": [8.01432, -12.56853, -133.04858],
						"5.2083": [8.01432, -12.56853, -133.04858],
						"5.3333": [18.56998, -18.95248, -107.90185],
						"5.5": [12.42386, -39.52422, -98.27449],
						"5.5833": [2.69473, -37.2555, -82.87873],
						"5.9583": [-10.23565, -29.25692, 3.49915],
						"6.5833": [-10.24, -29.26, 3.5],
						"6.7083": [-9.04807, -9.53602, -0.03473]
					},
					"position": {
						"1.625": [-5, -4, 2],
						"2.0833": [-5.22, -5.65, 0.26],
						"2.5": [-2.81, -4.23, 0.77],
						"4.3333": [-2, 5, 3],
						"4.4583": [-2, 6, 3],
						"5.2083": [-2, 6, 3],
						"5.3333": [-1, 6, 3],
						"5.5": [-1, 6, 6],
						"5.9583": [-2, -3, 3],
						"6.5833": [-2, -3, 3],
						"6.7083": [-2, -3, 1]
					},
					"scale": {
						"1.625": [0, 0, 0],
						"2.0417": [0, 0, 0],
						"4.3333": [0.7, 0.7, 0.7],
						"4.4583": [0.8, 0.8, 0.8],
						"4.5833": [0.7, 0.7, 0.7],
						"6.8333": [0.7, 0.7, 0.7],
						"6.875": [0, 0, 0]
					}
				},
				"cobra_background": {
					"position": {
						"4.3333": [-3, 12, 2],
						"4.4167": [-1.67, -14, 2],
						"4.4583": [-1, -15, 2],
						"4.5833": [-1, -15, 2],
						"4.7083": [-1, -15, 2],
						"4.9583": [-1, -15, 2],
						"5.0833": [-1, -15, 2],
						"5.2083": [-1, -15, 2],
						"5.25": [-1.67, -14, 2],
						"5.3333": [-3, 12, 2]
					},
					"scale": {
						"4.3333": [0, 0, 0],
						"4.4167": [2, 2, 2],
						"4.5833": [2.1, 2.1, 2],
						"5.25": [2.1, 2.1, 2],
						"5.3333": [0, 0, 0]
					}
				},
				"ump": {
					"scale": 0
				},
				"crystal": {
					"scale": 0
				},
				"Kursi": {
					"scale": 0
				},
				"Xm8": {
					"scale": 0
				},
				"katana_xm8": {
					"scale": 0
				},
				"famas": {
					"scale": 0
				},
				"mask": {
					"scale": 0
				},
				"ump_evo": {
					"scale": 0
				},
				"predator_pulse": {
					"scale": 0
				},
				"Bendera": {
					"scale": 0
				}
			}
		},
		"animation.emote.draco_soul": {
			"loop": true,
			"animation_length": 12,
			"bones": {
				"root": {
					"rotation": {
						"0.5417": [0, 0, 0],
						"0.875": [0, 0, -5],
						"8.9167": [0, 0, -5],
						"9.375": [0, 0, 0]
					}
				},
				"body": {
					"rotation": {
						"0.5417": [0, 0, 0],
						"0.875": [0, -12.5, 5],
						"1.4167": [0, -37.5, 5],
						"2.0417": [0, 37.5, 5],
						"2.75": [0, 0, 5],
						"3.5833": [0, 0, 5],
						"4.375": [0, 0, 10],
						"7.1667": [0, 0, 10],
						"7.5": [0, 0, 5],
						"8.0833": [0, 0, 5],
						"8.2917": [-10, 0, 5],
						"8.4583": [0, 0, 5],
						"8.9167": [0, 0, 5],
						"9.375": [0, 0, 0]
					},
					"position": {
						"0.5417": [0, 0, 0],
						"0.875": [1, 0, 0],
						"3.5833": [1, 0, 0],
						"4.375": [2, 0, 0],
						"7.1667": [2, 0, 0],
						"7.5": [1, 0, 0],
						"8.0833": [1, 0, 0],
						"8.2917": [1, 0, 2],
						"8.4583": [1, 0, 0],
						"8.9167": [1, 0, 0],
						"9.375": [0, 0, 0]
					}
				},
				"head": {
					"rotation": {
						"0.5417": [0, 0, 0],
						"0.875": [-12.5, -52.5, 0],
						"1.4167": [-12.5, -102.5, 0],
						"2.0417": [-12.5, 82.5, 0],
						"2.75": [-12.5, 0, 0],
						"3.0": [-12.5, 0, 0],
						"3.5833": [-22.5, 0, 0],
						"7.1667": [-22.5, 0, 0],
						"7.5": [10, 0, -17.5],
						"8.9167": [10, 0, -17.5],
						"9.375": [0, 0, 0]
					}
				},
				"leftArm": {
					"rotation": {
						"0.5417": [0, 0, 0],
						"0.875": [0, 0, -5],
						"7.1667": [0, 0, -5],
						"7.5": [-70, 42.5, 20],
						"8.9167": [-70, 42.5, 20],
						"9.375": [-27.5, 57.5, 20],
						"10.25": [-27.5, 57.5, 20],
						"10.5": [0, 0, 0]
					}
				},
				"rightArm": {
					"rotation": {
						"0.5417": [0, 0, 0],
						"0.875": [0, 0, 5],
						"3.5833": [0, 0, 5],
						"4.1667": [-138.86903, -3.1359, 23.91892],
						"4.75": [-130, -20, 5],
						"5.4167": [-137.5, -20, 5],
						"6.2083": [-133.86903, -3.1359, 23.91892],
						"6.8333": [-137.5, -20, 5],
						"7.0417": [-117.5, -20, 5],
						"7.5": [-77.5, -20, 5],
						"8.9167": [-77.5, -20, 5],
						"9.375": [-50, -42.5, 5],
						"10.25": [-50, -42.5, 5],
						"10.5": [0, 0, 0]
					}
				},
				"rightLeg": {
					"rotation": {
						"0.5417": [0, 0, 0],
						"0.875": [0, 0, 10],
						"10.25": [0, 0, 10],
						"10.5": [0, 0, 0]
					}
				},
				"crystal": {
					"rotation": {
						"0.8333": [0, 0, 0],
						"7.125": [0, -875, 0]
					},
					"position": {
						"0.8333": [3, 0, 6],
						"1.0833": [3, 0, 13],
						"1.375": [-4, 0, 19],
						"1.6667": [-12, 0, 19],
						"1.9167": [-18, 0, 15],
						"2.2083": [-21, 0, 6],
						"2.5": [-17, 0, 0],
						"2.75": [-9, 0, -3],
						"3.0": [-9, 0, -3],
						"3.5833": [-9, 0, -3],
						"6.7917": [-9, 0, -3],
						"7.125": [-9, 0, -3]
					},
					"scale": {
						"0.6667": [0, 0, 0],
						"0.75": [1, 1, 1],
						"6.9583": [1, 1, 1],
						"7.0": [0, 0, 0]
					}
				},
				"rightItem": {
					"scale": 0
				},
				"scar": {
					"scale": 0
				},
				"ak": {
					"scale": 0
				},
				"SG": {
					"rotation": {
						"6.9583": [0, 0, 12.5],
						"7.0": [7.5, 0, 0],
						"7.0417": [0, 0, 5],
						"7.5": [7.4353, 10.0212, 19.66873],
						"8.9167": [7.44, 10.02, 19.67],
						"9.375": [3.53458, 11.9531, -0.61298]
					},
					"position": {
						"6.9583": [-7, -11, 1],
						"7.0": [-0.5, -6.5, 0.5],
						"7.0417": [-2, -5, 0],
						"7.5": [-1, -6, -2],
						"8.9167": [-1, -6, -2],
						"9.375": [-1, -2, -2]
					},
					"scale": {
						"6.9583": [0, 0, 0],
						"7.0": [0.9, 0.9, 0.9],
						"7.0417": [0.8, 0.8, 0.8],
						"10.25": [0.8, 0.8, 0.8],
						"10.375": [0, 0, 0]
					}
				},
				"sayap_kanan4": {
					"rotation": {
						"7.0417": [0, 0, -55],
						"7.25": [0, 0, -22.5],
						"7.4583": [0, 0, 0],
						"7.75": [0, 0, -55],
						"8.0833": [0, 0, -34.28571],
						"8.9167": [0, 0, -34.28571],
						"9.375": [-29.18217, 11.06494, -46.40458]
					}
				},
				"sayap_kiri4": {
					"rotation": {
						"7.0417": [0, 0, 60],
						"7.25": [0, 0, 12.5],
						"7.4583": [0, 0, 0],
						"7.75": [0, 0, 60],
						"8.0833": [0, 0, 35.35714],
						"8.9167": [0, 0, 35.35714],
						"9.375": [-21.39542, -25.93457, 14.93161]
					}
				},
				"mp40": {
					"scale": 0
				},
				"cobra_background": {
					"scale": 0
				},
				"ump": {
					"scale": 0
				},
				"Kursi": {
					"scale": 0
				},
				"Xm8": {
					"scale": 0
				},
				"katana_xm8": {
					"scale": 0
				},
				"famas": {
					"scale": 0
				},
				"mask": {
					"scale": 0
				},
				"ump_evo": {
					"scale": 0
				},
				"predator_pulse": {
					"scale": 0
				},
				"Bendera": {
					"scale": 0
				}
			}
		},
		"animation.emote.born_of_light": {
			"loop": true,
			"animation_length": 8,
			"bones": {
				"root": {
					"rotation": {
						"0.625": [0, 0, 0],
						"1.125": [0, 0, -10],
						"2.625": [0, 0, -10],
						"3.0833": [0, 0, -5],
						"3.2917": [0, 0, 0],
						"3.5417": [5, 0, 0],
						"4.375": [5, 0, 0],
						"5.0417": [3.49226, -34.84748, -6.0963],
						"5.5417": [0, 0, -7.5],
						"6.5833": [0, 0, -7.5],
						"7.125": [0, 0, 0]
					},
					"position": {
						"0.625": [0, 0, 0],
						"1.125": [0, -0.5, 0],
						"2.625": [0, -0.5, 0],
						"3.0833": [0, -0.5, 0],
						"3.2917": [0, 0, 0],
						"3.4167": [0, 0, -1],
						"3.5417": [0, 0, -1],
						"4.375": [0, 0, -1],
						"5.0417": [0, 0, 0],
						"5.5417": [0, 0, 0],
						"6.5833": [0, 0, 0],
						"7.125": [0, 0, 0]
					}
				},
				"body": {
					"rotation": {
						"0.625": [0, 0, 0],
						"1.125": [0, 0, 10],
						"2.625": [0, 0, 10],
						"3.0833": [-2.58807, 14.98539, 9.33037],
						"3.4167": [-5, 0, 10],
						"3.5417": [22.5, 0, 10],
						"3.6667": [20, 0, 10],
						"3.7917": [22.5, 0, 10],
						"3.9167": [20, 0, 10],
						"4.375": [20, 0, 10],
						"5.0417": [0, 0, 0],
						"5.5417": [0, 0, 7.5],
						"6.5833": [0, 0, 7.5],
						"7.125": [0, 0, 0]
					},
					"position": {
						"0.625": [0, 0, 0],
						"1.125": [2, 0, 0],
						"2.625": [2, 0, 0],
						"3.0833": [2, 0, 1],
						"3.4167": [2, 0, 0],
						"3.5417": [2, -1, -6],
						"3.6667": [1, -2, -6],
						"3.7917": [1, -2, -7],
						"3.9167": [1, -2, -6],
						"4.375": [1, -2, -6],
						"5.0417": [0, 0, 0],
						"5.5417": [1.5, 0, 0],
						"6.5833": [1.5, 0, 0],
						"7.125": [0, 0, 0]
					}
				},
				"head": {
					"rotation": {
						"0.625": [0, 0, 0],
						"1.125": [5, 0, 0],
						"2.625": [5, 0, 0],
						"3.0833": [15.12076, -12.45167, -1.10693],
						"3.5417": [15.12, -12.45, -1.11],
						"3.6667": [30.12, -12.45, 0],
						"4.375": [30.12, -12.45, 0],
						"5.0417": [0, 0, 0],
						"5.5417": [0, 0, 0]
					}
				},
				"leftArm": {
					"rotation": {
						"0.625": [0, 0, 0],
						"1.125": [0, 0, -5],
						"2.625": [0, 0, -5],
						"3.3333": [-87.84109, 38.63516, 16.80048],
						"3.5417": [-86.97428, 56.11802, 17.9648],
						"3.6667": [-33.36779, 15.70662, -3.2693],
						"4.375": [-33.37, 15.71, -3.27],
						"5.0417": [4.93007, -7.16787, 1.30302],
						"5.5417": [-39.81159, 12.02297, 13.38072],
						"6.5833": [-39.81, 12.02, 13.38],
						"7.125": [0, 0, 0]
					}
				},
				"rightArm": {
					"rotation": {
						"0.625": [0, 0, 0],
						"1.125": [0, 0, 15],
						"2.625": [0, 0, 15],
						"3.0833": [-1.06492, -28.4974, 77.69611],
						"3.3333": [-118.69909, -31.93464, 21.23811],
						"3.5417": [-122.61486, -29.84459, -9.99644],
						"3.6667": [-27.51103, -46.04914, -29.93112],
						"4.375": [-27.51103, -46.04914, -29.93112],
						"5.0417": [-70.27356, 22.52101, 11.14843],
						"5.5417": [-30.90787, -43.99297, -20.31825],
						"6.5833": [-30.90787, -43.99297, -20.31825],
						"6.9583": [-182.5, 0, -30],
						"7.2083": [0, 0, 0]
					}
				},
				"rightItem": {
					"scale": 0
				},
				"scar": {
					"scale": 0
				},
				"ak": {
					"scale": 0
				},
				"SG": {
					"scale": 0
				},
				"mp40": {
					"scale": 0
				},
				"ump": {
					"scale": 0
				},
				"Xm8": {
					"rotation": {
						"3.8333": [0, 0, 0],
						"4.0417": [-20.26412, -61.39523, 2.80673],
						"4.375": [-17.56179, -56.66354, -0.34203],
						"4.4167": [-17.29913, -59.31598, -3.60703],
						"4.4583": [-16.70673, -59.39758, -3.66974],
						"4.5": [-9.94325, -61.2575, -10.68079],
						"4.5417": [-1.56648, -57.01486, -18.75998],
						"4.5833": [-1.83407, -57.08573, -25.94656],
						"4.6667": [0.98864, -56.05621, -30.03779],
						"4.9167": [8.68106, -12.98566, -41.31734],
						"5.0417": [0, 0, 2.5],
						"5.5417": [0, 0, 2.5]
					},
					"position": {
						"3.8333": [-7, 5, -33],
						"4.0417": [-12, 5, -20],
						"4.375": [-12, 5, -20],
						"4.4167": [-12, 4, -20],
						"4.4583": [-11, 4, -20],
						"4.5": [-12.29, 3.57, -19.86],
						"4.5417": [-11.42, 3.14, -19.64],
						"4.5833": [-10.55, 1.71, -20.34],
						"4.6667": [-7.81, 0.04, -17.37],
						"5.0417": [-1, -2, -4],
						"5.5417": [-1, -2, -4],
						"6.9583": [-1, -2, -4],
						"7.0417": [-7, -2, -17]
					},
					"scale": {
						"0.625": [0, 0, 0],
						"3.8333": [0, 0, 0],
						"4.0417": [1, 0.7, 0.7],
						"6.9583": [1, 0.7, 0.7],
						"7.0417": [0, 0, 0]
					}
				},
				"katana_xm8": {
					"rotation": {
						"1.2083": [2.5, 10, 0],
						"1.3333": [20, 10, 0],
						"1.4167": [17.5, 10, 0],
						"2.625": [17.5, 10, 0],
						"3.0833": [8.29379, -5.27099, -13.86375],
						"3.3333": [15.28223, -42.14177, 22.81193],
						"3.5417": [16.27098, -0.65671, 33.06986],
						"3.6667": [28.77098, -0.65671, 33.06986]
					},
					"position": {
						"1.125": [0, 0, 1],
						"2.625": [0, 0, 1],
						"3.0833": [0, 0, 1],
						"3.3333": [0, 0, 1],
						"3.5417": [0, 0, 1],
						"3.6667": [0, 0, 1]
					},
					"scale": {
						"1.125": [0, 0, 0],
						"1.2917": [1, 1, 1],
						"4.5": [1, 1, 1],
						"4.8333": [0, 0, 0]
					}
				},
				"leftLeg": {
					"rotation": {
						"3.0833": [0, 0, 0],
						"3.4167": [9.99067, 0.43399, -2.46207],
						"3.6667": [19.99067, 0.43399, -2.46207],
						"4.375": [19.99, 0.43, -2.46],
						"5.0417": [0, 0, 0],
						"5.5417": [0, 0, 0],
						"6.5833": [0, 0, 0],
						"7.125": [0, 0, 0]
					},
					"position": {
						"3.0833": [0, 0, 0],
						"3.4167": [0, 0, -1],
						"3.6667": [0, -1, -2],
						"4.375": [0, -1, -2],
						"5.0417": [0, 0, 0],
						"5.5417": [0, 0, 0],
						"6.5833": [0, 0, 0],
						"7.125": [0, 0, 0]
					}
				},
				"rightLeg": {
					"rotation": {
						"0.625": [0, 0, 0],
						"1.125": [0, 0, 20],
						"2.625": [0, 0, 20],
						"3.0833": [0, 0, 20],
						"3.4167": [-9.85108, 1.72794, 9.85108],
						"3.5417": [-7.36163, 1.94336, 9.81846],
						"3.6667": [-7.66049, 1.48845, 4.83919],
						"4.375": [-7.66, 1.49, 4.84],
						"5.0417": [-2.5, 0, 12.5],
						"5.5417": [0, 0, 17.5],
						"6.5833": [0, 0, 17.5],
						"7.125": [0, 0, 0]
					},
					"position": {
						"0.625": [0, 0, 0],
						"1.125": [0, 1, 0],
						"2.625": [0, 1, 0],
						"3.0833": [0, 1, 0],
						"3.4167": [0, 1, -1],
						"3.5417": [0, 0, -1],
						"3.6667": [-1, 0, -4],
						"4.375": [-1, 0, -4],
						"5.0417": [0, 0, 0],
						"5.5417": [0, 1, 0],
						"6.5833": [0, 1, 0],
						"7.125": [0, 0, 0]
					}
				},
				"emote": {
					"scale": 0
				},
				"famas": {
					"scale": 0
				},
				"mask": {
					"scale": 0
				}
			}
		},
		"animation.emote.the_chosen_victor": {
			"loop": true,
			"animation_length": 8.75,
			"bones": {
				"1": {
					"rotation": {
						"2.5417": [0, 0, 22.5],
						"2.8333": [0, 0, 132.5],
						"3.2083": [0, 0, 195],
						"3.5417": [180, -12.5, 22.5]
					},
					"position": {
						"2.5417": [3, 0, -7],
						"2.8333": [5, -4, -19],
						"3.2083": [6, -4, -19],
						"3.5417": [-2, 0, 2]
					}
				},
				"2": {
					"rotation": {
						"2.5417": [0, 0, 70],
						"2.8333": [0, 0, 70],
						"3.2083": [0, 0, 30],
						"3.5417": [12.5, 180, -40]
					},
					"position": {
						"2.5417": [13, 13, -11],
						"2.8333": [11, 16, -14],
						"3.2083": [13, 16, -14],
						"3.5417": [0, 0, 0]
					}
				},
				"3": {
					"rotation": {
						"2.5417": [-14.13272, -5.07855, -106.87006],
						"2.8333": [-14.13272, -5.07855, -106.87006],
						"3.2083": [-13.56543, 20.98661, -90.81027],
						"3.5417": [-180, 180, -177.5]
					},
					"position": {
						"2.5417": [0, -12, -10],
						"2.8333": [0, -14, -11],
						"3.2083": [0, -15, -11],
						"3.5417": [1, 0, 2]
					}
				},
				"4": {
					"rotation": {
						"2.5417": [-45.72113, -14.60559, -103.81465],
						"2.8333": [-45.72113, -14.60559, -103.81465],
						"3.2083": [-61.4005, -32.92754, -126.40051],
						"3.5417": [180, -30, 0]
					},
					"position": {
						"2.5417": [-9, -4, -2],
						"2.8333": [-14, -4, -2],
						"3.2083": [-15, -4, -2],
						"3.5417": [4, 0, 3]
					}
				},
				"mask": {
					"scale": 0
				},
				"rightItem": {
					"scale": 0
				},
				"scar": {
					"scale": 0
				},
				"ak": {
					"scale": 0
				},
				"SG": {
					"scale": 0
				},
				"mp40": {
					"scale": 0
				},
				"Xm8": {
					"scale": 0
				},
				"famas": {
					"scale": 0
				},
				"katana_xm8": {
					"scale": 0
				},
				"root": {
					"rotation": {
						"0.4167": [0, 0, 0],
						"0.8333": [0, 0, -5],
						"2.0417": [0, 0, -5],
						"2.3333": [7.37407, 20.02102, -5.3472],
						"4.0833": [7.37, 20.02, -5.35],
						"4.4583": [7.37, 20.02, -5.35],
						"6.2083": [7.37, 20.02, -5.35],
						"6.5833": [0, 32.52, -5.35],
						"7.375": [0, 32.52, -5.35],
						"7.7917": [0, 0, 0]
					},
					"position": {
						"4.0833": [0, 0, 0],
						"4.4583": [0, 0, -1],
						"7.375": [0, 0, -1],
						"7.7917": [0, 0, 0]
					}
				},
				"body": {
					"rotation": {
						"0.4167": [0, 0, 0],
						"0.8333": [0, 0, 5],
						"1.125": [0, -10, 5],
						"1.5833": [0, -2.5, 5],
						"2.0417": [0, -2.5, 5],
						"2.3333": [0, -2.5, 5],
						"2.4167": [5, -2.5, 5],
						"2.5417": [0, -2.5, 5],
						"2.75": [-2.5, -12.5, 5],
						"3.5417": [-2.52683, -14.9976, 5.11286],
						"3.8333": [-2.53, -15, 5.11],
						"3.9583": [4.97181, -14.99863, 5.11163],
						"4.0833": [-2.53, -15, 5.11],
						"4.4583": [-2.53, -15, 5.11],
						"5.3333": [-3.3136, -42.46622, 6.69334],
						"6.2083": [-2.53, -15, 5.11],
						"6.5417": [-0.03, -15, 5.11],
						"7.375": [-0.03, -15, 5.11],
						"7.7917": [0, 0, 0]
					},
					"position": {
						"0.4167": [0, 0, 0],
						"0.8333": [1, 0, 0],
						"2.0417": [1, 0, 0],
						"2.3333": [1, 0, 0],
						"2.4167": [1, 0, -1],
						"2.5417": [1, 0, 0],
						"3.5417": [1, 0, 0],
						"3.8333": [1, 0, 0],
						"3.9583": [1, 0, -1],
						"4.0833": [1, 0, 0],
						"6.2083": [1, 0, 0],
						"6.5417": [1, 0.5, -0.5],
						"7.375": [1, 0.5, -0.5],
						"7.7917": [0, 0, 0]
					}
				},
				"head": {
					"rotation": {
						"0.6667": [0, 0, 0],
						"0.9167": [0, 22.5, 0],
						"1.25": [0, -35, 0],
						"1.5": [0, 0, 0],
						"1.5833": [9.90812, 22.54917, 0.33228],
						"2.0417": [9.91, 22.55, 0.33],
						"2.3333": [-7.59, 22.55, 0.33],
						"2.5417": [-7.59, 22.55, 0.33],
						"2.75": [7.24063, -29.73627, 2.1128],
						"2.9167": [2.36746, -34.73223, 1.87524],
						"3.5417": [2.37, -34.73, 1.88],
						"3.8333": [2.37, 0, 0],
						"4.0833": [2.37, 0, 0],
						"4.4583": [2.31388, 0.51282, -12.48964],
						"6.2083": [2.31, 0.51, -12.49],
						"6.5833": [10, 0, 0],
						"7.375": [10, 0, 0],
						"7.7917": [0, 0, 0]
					}
				},
				"leftArm": {
					"rotation": {
						"0.4167": [0, 0, 0],
						"0.8333": [0, 0, -5],
						"2.0417": [0, 0, -5],
						"2.3333": [-17.38733, -1.29876, -9.91615],
						"2.5417": [-17.39, -1.3, -9.92],
						"2.9167": [-79.28846, -15.7667, -13.94],
						"3.375": [-59.78873, -15.7667, -13.94],
						"3.5417": [-74.28846, -15.7667, -13.94],
						"3.8333": [-73.58024, 22.78911, -3.05715],
						"4.0833": [-68.71075, 44.12915, 5.61052],
						"4.4583": [-69.54004, 41.7939, 4.39098],
						"4.5833": [-77.04004, 41.7939, 4.39098],
						"4.7083": [-74.54004, 41.7939, 4.39098],
						"4.8333": [-77.04004, 41.7939, 4.39098],
						"4.9583": [-74.54004, 41.7939, 4.39098],
						"5.0833": [-77.04004, 41.7939, 4.39098],
						"5.1667": [-74.54004, 41.7939, 4.39098],
						"5.25": [-77.04004, 41.7939, 4.39098],
						"5.375": [-74.54004, 41.7939, 4.39098],
						"5.4583": [-77.04004, 41.7939, 4.39098],
						"5.5833": [-74.54004, 41.7939, 4.39098],
						"5.7083": [-77.04004, 41.7939, 4.39098],
						"5.8333": [-74.54004, 41.7939, 4.39098],
						"5.9167": [-77.04004, 41.7939, 4.39098],
						"6.0": [-74.54004, 41.7939, 4.39098],
						"6.0833": [-77.04004, 41.7939, 4.39098],
						"6.2083": [-69.54004, 41.7939, 4.39098],
						"6.5833": [3.2252, -9.52916, -10.56611],
						"7.375": [3.23, -9.53, -10.57],
						"7.7917": [0, 0, 0]
					}
				},
				"rightArm": {
					"rotation": {
						"0.4167": [0, 0, 0],
						"0.8333": [0, 0, 5],
						"1.4583": [-7.5, 0, 0],
						"1.5833": [-79.76228, 12.3071, 2.20462],
						"2.0417": [-104.03271, 26.79524, -6.42848],
						"2.3333": [-104.15201, -6.69525, -67.94795],
						"2.75": [-114.04245, -1.90804, -69.38175],
						"3.5417": [-114.04, -1.91, -69.38],
						"3.8333": [-70.76053, -16.16183, -15.38422],
						"4.0833": [-69.44861, -31.30162, -17.45617],
						"4.4583": [-72.16, -20.12, -11.23],
						"4.5833": [-74.66, -20.12, -11.23],
						"4.7083": [-72.16, -20.12, -11.23],
						"4.8333": [-74.66, -20.12, -11.23],
						"4.9583": [-69.66, -20.12, -11.23],
						"5.0833": [-74.66, -20.12, -11.23],
						"5.1667": [-79.66, -20.12, -11.23],
						"5.25": [-74.66, -20.12, -11.23],
						"5.375": [-72.16, -20.12, -11.23],
						"5.4583": [-74.66, -20.12, -11.23],
						"5.5833": [-69.66, -20.12, -11.23],
						"5.7083": [-74.66, -20.12, -11.23],
						"5.8333": [-72.16, -20.12, -11.23],
						"5.9167": [-74.66, -20.12, -11.23],
						"6.0": [-72.16, -20.12, -11.23],
						"6.0833": [-72.16, -20.12, -11.23],
						"6.2083": [-64.66, -20.12, -11.23],
						"6.5833": [-127.08419, -6.3555, -22.36413],
						"7.375": [-127.08, -6.36, -22.36],
						"7.7917": [0, 0, 0]
					},
					"position": {
						"6.2083": [0, 0, 0],
						"6.5833": [0, -2, 0],
						"7.375": [0, -2, 0],
						"7.7917": [0, 0, 0]
					},
					"scale": {
						"6.2083": [1, 1, 1],
						"6.5833": [1, 0.7, 1],
						"7.375": [1, 0.7, 1],
						"7.7917": [1, 1, 1]
					}
				},
				"ump": {
					"rotation": {
						"3.75": [0, 0, 0],
						"3.7917": [0, 0, 0],
						"4.0833": [0.06788, -6.84645, 15.30375],
						"6.2083": [0.07, -6.85, 15.3],
						"6.5833": [10.64365, -36.7785, -3.73219]
					},
					"position": {
						"3.75": [0, 0, 0],
						"3.7917": [0, 0, 0],
						"4.0833": [-4, 1, 0],
						"6.2083": [-4, 1, 0],
						"6.5833": [-7, -1, 5]
					},
					"scale": {
						"0.875": [0, 0, 0],
						"3.75": [0, 0, 0],
						"3.7917": [1, 0.8, 0.8],
						"6.2083": [1, 0.8, 0.8],
						"6.5833": [1, 0.8, 1.1]
					}
				},
				"leftLeg": {
					"rotation": {
						"2.5833": [0, 0, 0],
						"2.9167": [0, -25, 0],
						"3.5417": [0, -25, 0],
						"3.8333": [0, -32.5, 0],
						"4.0833": [0, -32.5, 0],
						"4.4583": [3.17805, -32.36121, -5.92236],
						"6.2083": [3.18, -32.36, -5.92],
						"7.375": [3.18, -32.36, -5.92],
						"7.7917": [0, 0, 0]
					}
				},
				"rightLeg": {
					"rotation": {
						"0.4167": [0, 0, 0],
						"0.8333": [0, 0, 12.5],
						"2.0417": [0, 0, 12.5],
						"2.3333": [-17.97465, 19.06503, 11.97823],
						"3.5417": [-17.97, 19.07, 11.98],
						"3.8333": [-10.14953, -12.93246, 17.72951],
						"4.0833": [-10.15, -12.93, 17.73],
						"4.4583": [-17.97465, 19.06503, 11.97823],
						"6.2083": [-17.97, 19.07, 11.98],
						"6.5833": [-7.60796, -8.18592, 15.68863],
						"7.375": [-7.61, -8.19, 15.69],
						"7.7917": [0, 0, 0]
					},
					"position": {
						"0.4167": [0, 0, 0],
						"0.8333": [0, 0.5, 0],
						"2.0417": [0, 0.5, 0],
						"2.3333": [0, 0.5, -1],
						"7.375": [0, 0.5, -1],
						"7.7917": [0, 0, 0]
					}
				},
				"crystal": {
					"scale": 0
				},
				"cobra_background": {
					"scale": 0
				},
				"bola_ump": {
					"position": {
						"1.0": [-1, 0, 0],
						"1.125": [9, -3, 0],
						"1.25": [19, 0, 0],
						"1.375": [19, 1, 0],
						"1.4583": [19, 5, 0],
						"1.5": [12.67, -2, 0],
						"1.5833": [-1, -5, 1],
						"2.0417": [-3, -1, 1],
						"2.1667": [-4, -1.29, 1],
						"2.2917": [-4, -4, 1],
						"2.4167": [-4, -3, 1],
						"3.5417": [-4, -3, 1],
						"3.625": [-2, -3.14, 1],
						"3.75": [1, -4.46, 1],
						"3.8333": [3, -7, 1]
					},
					"scale": {
						"0.8333": [0, 0, 0],
						"0.875": [1, 1, 1],
						"0.9583": [0.8, 0.8, 0.8],
						"3.75": [0.8, 0.8, 0.8],
						"3.8333": [0, 0, 0]
					}
				},
				"pecahan": {
					"rotation": {
						"3.5417": [0, 0, 0],
						"3.75": [0, 25, 0]
					},
					"position": {
						"2.5": [7, 15, -13],
						"2.5417": [-6, 3, -11],
						"3.5417": [-6, 3, -11],
						"3.75": [-8, 2, -1],
						"3.8333": [-4, 18, -12]
					},
					"scale": {
						"2.5417": [0, 0, 0],
						"2.7083": [1, 1, 1],
						"3.75": [1, 1, 1],
						"3.8333": [0, 0, 0]
					}
				},
				"Kursi": {
					"scale": 0
				},
				"gun": {
					"rotation": {
						"6.2083": [0, 0, 0],
						"6.5833": [0, -30, 0]
					},
					"position": {
						"6.2083": [0, 0, 0],
						"6.5833": [0, -2, 1]
					},
					"scale": {
						"7.375": [1, 1, 1],
						"7.4167": [0, 0, 0]
					}
				},
				"predator_pulse": {
					"scale": 0
				},
				"Bendera": {
					"scale": 0
				}
			}
		},
		"animation.emote.boold_wraith": {
			"loop": true,
			"animation_length": 10,
			"bones": {
				"root": {
					"rotation": {
						"0.625": [0, 0, 0],
						"1.125": [1.16524, -24.97457, -2.75806],
						"3.125": [1.17, -24.97, -2.76],
						"3.3333": [-0.44067, 9.99038, -2.53852],
						"4.6667": [-0.44, 9.99, -2.54],
						"5.2083": [-0.44, 0, -2.54],
						"8.2917": [-0.44, 0, -2.54],
						"8.75": [0, 0, 0]
					}
				},
				"body": {
					"rotation": {
						"0.625": [0, 0, 0],
						"1.125": [0, 0, 2.5],
						"2.625": [0, 0, 2.5],
						"3.125": [5, -10, 2.5],
						"3.3333": [0, 7.5, 0],
						"3.375": [0, 0, 0],
						"3.7917": [0, 0, 0],
						"3.9167": [7.5, 0, 0],
						"4.0417": [0, 0, 0],
						"8.2917": [0, 0, 0],
						"8.75": [0, 0, 0]
					},
					"position": {
						"0.625": [0, 0, 0],
						"1.125": [1, 0, 0],
						"2.625": [1, 0, 0],
						"3.125": [1, 0, -1],
						"3.3333": [0, 0, 0],
						"3.7917": [0, 0, 0],
						"3.9167": [0, 0, -1.5],
						"4.0417": [0, 0, 0],
						"8.2917": [0, 0, 0],
						"8.75": [0, 0, 0]
					}
				},
				"head": {
					"rotation": {
						"0.625": [0, 0, 0],
						"1.125": [12.5, 0, 0],
						"2.25": [12.5, 0, 0],
						"3.125": [12.5, 0, 0],
						"3.3333": [12.5, 0, 0],
						"3.9167": [12.5, 0, 0],
						"4.8333": [25, 0, 0],
						"5.2083": [25, 0, 0],
						"5.7083": [10, 0, 0],
						"6.4583": [0, 0, 0],
						"7.2083": [5, 0, 0],
						"7.7917": [2.5, 0, 0],
						"8.2917": [2.5, 0, 0],
						"8.75": [0, 0, 0]
					}
				},
				"mask": {
					"scale": {
						"1.125": [0, 0, 0],
						"2.1667": [0, 0, 0],
						"2.2083": [1.3, 1.3, 1.3],
						"2.25": [1, 1, 1],
						"3.125": [1, 1, 1],
						"3.1667": [1.3, 1.3, 1.3],
						"3.2083": [0, 0, 0]
					}
				},
				"leftArm": {
					"rotation": {
						"0.625": [0, 0, 0],
						"1.125": [0, 7.5, -7.5],
						"4.8333": [0, 7.5, -7.5],
						"5.2083": [-36.00521, 18.74724, 23.85865],
						"5.7083": [-36.01, 18.75, 23.86],
						"6.4583": [-33.50521, 18.74724, 23.85865],
						"7.2083": [-36.01, 18.75, 23.86],
						"8.2917": [-36.01, 18.75, 23.86],
						"8.75": [0, 0, 0]
					}
				},
				"rightArm": {
					"rotation": {
						"0.625": [0, 0, 0],
						"0.75": [-34.62096, -4.51796, 23.31536],
						"0.875": [-24.31965, 25.80792, 73.7543],
						"1.0": [-68.06377, 2.11483, 46.17859],
						"1.125": [-111.53208, -42.406, 16.73634],
						"1.875": [-111.53208, -42.406, 16.73634],
						"2.75": [-111.53208, -42.406, 16.73634],
						"3.125": [-104.17, -35.49, 12.99],
						"3.3333": [66.00045, 84.41125, 175.89128],
						"3.7917": [66, 84.41, 175.89],
						"3.9583": [58.5, 84.41, 175.89],
						"4.6667": [58.5, 84.41, 175.89],
						"4.7917": [-21.44839, 48.11882, 84.40759],
						"4.9583": [-30.96846, 33.97437, 52.45944],
						"5.0833": [-27.24099, -9.38239, 46.10719],
						"5.2083": [-43.99518, -65.44621, 12.27418],
						"5.7083": [-44, -65.45, 12.27],
						"6.4583": [-41.49518, -65.44621, 12.27418],
						"7.2083": [-44, -65.45, 12.27],
						"8.2917": [-44, -65.45, 12.27],
						"8.75": [0, 0, 0]
					},
					"position": {
						"0.875": [0, 0, 0],
						"1.125": [0, 0, -2],
						"1.875": [0, 0, -3],
						"2.75": [0, 0, -2],
						"3.125": [0, 0, -2],
						"3.3333": [0, 0, 0],
						"4.6667": [0, 0, 0],
						"5.2083": [0, 0, -2],
						"8.2917": [0, 0, -2],
						"8.75": [0, 0, 0]
					},
					"scale": {
						"0.9583": [1, 1, 1],
						"1.125": [1, 0.8, 1],
						"3.125": [1, 0.8, 1],
						"3.3333": [1, 1, 1]
					}
				},
				"rightItem": {
					"scale": 0
				},
				"scar": {
					"scale": 0
				},
				"ak": {
					"scale": 0
				},
				"SG": {
					"scale": 0
				},
				"mp40": {
					"scale": 0
				},
				"ump": {
					"scale": 0
				},
				"Xm8": {
					"scale": 0
				},
				"famas": {
					"rotation": {
						"3.9167": [-25.98998, 31.81666, -36.04466],
						"5.0833": [-20.99, 31.82, -36.04],
						"5.2083": [-8.67484, 6.65865, -9.34426]
					},
					"position": {
						"3.9167": [0, -8, -1],
						"5.0833": [0, -8, -1],
						"5.2083": [-1, -4, -1]
					},
					"scale": {
						"3.7917": [0, 0, 0],
						"3.8333": [1, 0.9, 0.9],
						"3.9167": [0.8, 0.6, 0.6],
						"8.2917": [0.8, 0.6, 0.6],
						"8.375": [1, 0.9, 0.9],
						"8.4583": [0, 0, 0]
					}
				},
				"katana_xm8": {
					"scale": 0
				},
				"leftLeg": {
					"rotation": {
						"0.625": [0, 0, 0],
						"1.125": [0, 0, -5],
						"8.2917": [0, 0, -5],
						"8.75": [0, 0, 0]
					}
				},
				"rightLeg": {
					"rotation": {
						"0.625": [0, 0, 0],
						"1.125": [0, 0, 10],
						"8.2917": [0, 0, 10],
						"8.75": [0, 0, 0]
					},
					"position": {
						"0.625": [0, 0, 0],
						"1.125": [0, 0, 0]
					}
				},
				"emote": {
					"scale": 0
				}
			}
		},
		"animation.emote.ffwc_throne": {
			"loop": true,
			"animation_length": 5.44,
			"bones": {
				"root": {
					"rotation": {
						"0.0": [0, 0, 0],
						"0.56": [7.5, 0, 0],
						"1.36": [0, 0, 0]
					}
				},
				"leftArm": {
					"rotation": {
						"0.56": [0, 0, 0],
						"0.96": [0, 0, -82.5],
						"1.76": [-119.05613, 6.60796, -13.75926],
						"3.08": [-119.05613, 6.60796, -13.75926],
						"3.64": [-35.57639, -9.30727, -53.30696],
						"3.8": [0, 0, 0]
					},
					"position": {
						"1.44": [0, 0, 0],
						"1.76": [0, -3, 1],
						"3.08": [0, -3, 1],
						"3.52": [0, 0, 0]
					},
					"scale": {
						"1.44": [1, 1, 1],
						"1.76": [1, 0.9, 1],
						"3.08": [1, 0.9, 1],
						"3.52": [1, 1, 1]
					}
				},
				"rightArm": {
					"rotation": {
						"0.56": [0, 0, 0],
						"0.92": [0, 0, 75],
						"1.16": [-9.86679, 3.17244, 64.46209],
						"1.4": [-32.47131, 8.14139, 60.29044],
						"1.56": [-54.00375, 6.73268, 35.10779],
						"1.76": [-53.05294, 8.97826, 6.64379],
						"3.08": [-53.05294, 8.97826, 6.64379],
						"3.64": [-37.51154, 1.7717, 49.42206],
						"3.84": [0, 0, 0]
					}
				},
				"leftLeg": {
					"rotation": {
						"1.0": [0, 0, 0],
						"1.36": [-70.92836, -3.35404, 5.08728],
						"1.76": [-22.5, -17.5, 0],
						"3.12": [-22.5, -17.5, 0],
						"3.52": [-70.92836, -3.35404, 5.08728],
						"3.88": [0, 0, 0]
					},
					"position": {
						"1.36": [0, 0, 0],
						"1.76": [0, 0, -3],
						"3.12": [0, 0, -3],
						"3.52": [0, 0, 0]
					}
				},
				"rightLeg": {
					"rotation": {
						"0.0": [0, 0, 0],
						"1.0": [0, 0, 0],
						"1.36": [-70.76405, 8.07758, -3.43903],
						"1.76": [-45.37964, -62.58212, -52.74787],
						"3.12": [-45.37964, -62.58212, -52.74787],
						"3.52": [-70.76405, 8.07758, -3.43903],
						"3.84": [0, 0, 0]
					},
					"position": {
						"1.36": [0, 0, 0],
						"1.76": [-2, 0, -4],
						"3.12": [-2, 0, -4],
						"3.52": [0, 0, 0]
					}
				},
				"Kursi": {
					"rotation": [0, 0, 0],
					"position": {
						"0.48": [0, -3, -6],
						"1.36": [0, 0, -6],
						"3.52": [0, 0, -6],
						"4.2": [0, -3, -6]
					},
					"scale": {
						"0.44": [0, 0, 0],
						"0.48": [1, 0, 1],
						"1.36": [1.2, 1.2, 1.2],
						"3.52": [1.2, 1.2, 1.2],
						"4.2": [1, 0, 1],
						"4.24": [0, 0, 0]
					}
				},
				"head": {
					"rotation": {
						"0.16": [0, 0, 0],
						"0.48": [45, 0, 0],
						"1.36": [45, 0, 0],
						"1.6": [8.85599, 0, 4.94564],
						"2.96": [8.85599, 0, 4.94564],
						"3.52": [47.5, 0, 0],
						"3.92": [47.5, 0, 0],
						"4.12": [32.5, 0, 0],
						"4.44": [0, 0, 0]
					},
					"position": {
						"1.36": [0, 0, 0],
						"1.6": [0.5, 0, 0],
						"2.96": [0.5, 0, 0],
						"3.16": [0, 0, 0]
					}
				},
				"rightItem": {
					"scale": 0
				},
				"body": {
					"rotation": {
						"0.48": [0, 0, 0],
						"0.92": [30, 0, 0],
						"1.2": [30, 0, 0],
						"1.44": [0, 0, 0],
						"1.76": [0, 0, 7.5],
						"3.08": [0, 0, 7.5],
						"3.24": [0, 0, 0],
						"3.52": [45, 0, 0],
						"3.8": [47.5, 0, 0],
						"4.04": [0, 0, 0]
					},
					"position": {
						"0.48": [0, 0, 0],
						"0.92": [0, -2, -6],
						"1.2": [0, -2, -6],
						"1.44": [0, 0, 0],
						"1.76": [1.5, -1, 0],
						"3.08": [1.5, -1, 0],
						"3.24": [0, 0, 0],
						"3.52": [0, -3, -6],
						"3.8": [0, -4, -7],
						"4.04": [0, 0, 0]
					}
				},
				"gun": {
					"scale": 0
				},
				"crystal": {
					"scale": 0
				},
				"cobra_background": {
					"scale": 0
				},
				"katana_xm8": {
					"scale": 0
				},
				"mask": {
					"scale": 0
				},
				"ump_evo": {
					"scale": 0
				},
				"predator_pulse": {
					"scale": 0
				},
				"Bendera": {
					"scale": 0
				}
			}
		},
		"animation.emote.pirates_flag": {
			"loop": true,
			"animation_length": 5,
			"bones": {
				"root": {
					"rotation": {
						"0.0": [0, 0, 0],
						"0.4": [0, 0, -10],
						"0.8": [0, 0, -10],
						"1.04": [0, 0, 0]
					},
					"position": {
						"0.0": [0, 0, 0],
						"0.4": [0, 1, 0],
						"0.8": [0, 1, 0],
						"1.04": [0, 0, 0]
					}
				},
				"leftArm": {
					"rotation": {
						"0.0": [0, 0, 0],
						"0.4": [0, 0, -110],
						"0.8": [0, 0, -135],
						"1.04": [0, 0, -90],
						"3.72": [0, 0, -90],
						"4.0": [0, 0, 0]
					}
				},
				"rightArm": {
					"rotation": {
						"0.0": [10, 0, 0],
						"0.4": [10, 0, 12.5],
						"1.0": [10, 0, 2.5],
						"1.88": [10, 0, 8.81],
						"2.8": [10, 0, 3.2],
						"3.72": [10, 0, 12.5],
						"4.0": [10, 0, 0]
					}
				},
				"rightItem": {
					"scale": 0
				},
				"Bendera": {
					"rotation": {
						"0.16": [0, 0, 0],
						"0.24": [0, 0, 40],
						"0.4": [0, 0, -17.5],
						"0.8": [0, 0, -37.5],
						"1.04": [0, 0, 2.5],
						"3.72": [0, 0, 2.5],
						"4.0": [0, 0, 0]
					},
					"position": {
						"0.0": [0, -26, 0],
						"0.24": [0, 0, 0],
						"0.4": [-9, 0, -2],
						"0.8": [-11, 0, -2],
						"1.04": [-4, 0, -2],
						"3.72": [-4, 0, -2],
						"4.0": [-4, -26, 0]
					},
					"scale": {
						"0.0": [0, 0, 0],
						"0.24": [1, 1, 1],
						"3.84": [1, 1, 1],
						"4.0": [0, 0, 0]
					}
				},
				"kibar": {
					"rotation": {
						"1.04": [0, 0, 0],
						"1.32": [0, -5, 0],
						"1.64": [0, 0, 0],
						"1.96": [0, -5, 0],
						"2.32": [0, 0, 0],
						"2.64": [0, -5, 0],
						"3.04": [0, 0, 0],
						"3.36": [0, -5, 0],
						"3.72": [0, 0, 0]
					}
				},
				"head": {
					"rotation": {
						"0.0": [0, 0, 0],
						"0.24": [0, -40, 0],
						"0.52": [0, -40, -20],
						"0.8": [0, -40, -20],
						"1.04": [0, 0, 0]
					}
				},
				"mask": {
					"scale": 0
				},
				"gun": {
					"scale": 0
				},
				"katana_xm8": {
					"scale": 0
				},
				"crystal": {
					"scale": 0
				},
				"cobra_background": {
					"scale": 0
				},
				"ump_evo": {
					"scale": 0
				},
				"Kursi": {
					"scale": 0
				},
				"predator_pulse": {
					"scale": 0
				}
			}
		},
		"animation.emote.cobra_dance": {
			"loop": true,
			"animation_length": 13,
			"bones": {
				"root": {
					"rotation": {
						"0.0": [0, 0, 0],
						"0.5417": [0, -52.5, 0],
						"0.7917": [-5, -15, 0],
						"1.0833": [-5, -15, 0],
						"1.4167": [-5, -67.5, 0],
						"1.75": [-5, -7.5, 0],
						"2.0417": [-10, -7.5, 0],
						"2.3333": [-10, -7.5, 0],
						"2.6667": [-10, -7.5, 0],
						"3.0": [-10, -7.5, 10],
						"3.3333": [-10, -7.5, 2.5],
						"3.8333": [-22.5, 7.5, -10],
						"4.375": [2.5, 35, -2.5],
						"4.75": [0, 35, -2.5],
						"5.0833": [-17.5, 35, -2.5],
						"5.875": [-17.5, 35, -2.5],
						"6.25": [20, 0, 0],
						"6.4583": [20, 0, 0],
						"6.7083": [20, 0, -5],
						"7.0833": [20, 0, -5],
						"7.2917": [20, 0, 0],
						"7.625": [20, 0, 0],
						"7.9167": [20, 0, -5],
						"8.25": [20, 0, -5],
						"8.5": [20, 0, 7.5],
						"8.75": [20, 0, 7.5],
						"8.9583": [20, 0, 0],
						"9.1667": [20, 0, 0],
						"9.7917": [20, -360, 0],
						"10.125": [0, -360, 0],
						"10.375": [0, -360, 0],
						"10.6667": [0, -360, 10],
						"10.9167": [0, -360, 10],
						"11.4583": [0, -360, 0]
					},
					"position": {
						"0.0": [0, 0, 0],
						"0.5417": [-3, 0, -2],
						"0.7917": [-3, 0, 0],
						"1.0833": [-4, 0, -2],
						"1.4167": [-3, 0, -6],
						"1.75": [-8, 0, -4],
						"2.0417": [-8, 0, -5],
						"2.3333": [-8, 0, -9],
						"2.6667": [-8, 0, -13],
						"3.0": [-9, 1, -12],
						"3.3333": [-7, 0, -13],
						"3.8333": [-5, 1, -12],
						"4.375": [2, 0, -1],
						"4.75": [2, 0, -1],
						"5.0833": [-4, 1, -6],
						"5.875": [-4, 1, -6],
						"6.0417": [-2.22, 2.56, -1.11],
						"6.25": [0, 0, 5],
						"8.25": [0, 0, 5],
						"8.5": [0, -1, 5],
						"8.75": [0, -1, 5],
						"8.9583": [0, 0, 5],
						"9.1667": [0, 0, 5],
						"9.2917": [-1.4, 0, -1.27],
						"9.375": [4, 0, -5.67],
						"9.5": [10.8, 0, -3.97],
						"9.5833": [11.71, 0, 2.16],
						"9.6667": [7.03, 0, 6.1],
						"9.75": [2.34, 0, 3.03],
						"9.7917": [0, 0, 0],
						"10.25": [0, 8, 0],
						"10.375": [0, 8, 0],
						"10.6667": [0, 0, 0],
						"10.9167": [0, 0, 0],
						"11.4583": [0, 0, 0]
					}
				},
				"body": {
					"rotation": {
						"0.0": [0, 0, 0],
						"0.2917": [18.75, 0, 0],
						"0.5417": [12.5, 0, 0],
						"1.0833": [12.5, 0, 0],
						"1.75": [12.5, 0, 0],
						"2.0417": [12.5, 0, 7.5],
						"2.3333": [17.5, 0, 2.5],
						"2.6667": [17.5, -25, 2.5],
						"3.0": [17.5, -25, 2.5],
						"3.3333": [17.5, 0, 7.5],
						"3.8333": [12.5, 0, 7.5],
						"4.375": [12.5, 0, 7.5],
						"4.75": [-12.5, 0, 7.5],
						"5.0833": [2.5, 0, 7.5],
						"5.875": [2.5, 0, 7.5],
						"6.25": [0, 0, 0],
						"6.4583": [0, 0, 0],
						"6.7083": [0, 22.5, 0],
						"7.0833": [0, 32.5, 0],
						"7.2917": [2.5, -35, 0],
						"7.625": [2.5, -35, 0],
						"7.9167": [2.5, 35, 0],
						"8.25": [2.5, 35, 0],
						"8.5": [15, -27.5, 0],
						"8.75": [15, -27.5, 0],
						"8.9583": [0, 0, 0],
						"9.1667": [0, 0, 0],
						"9.7917": [0, 0, 0],
						"10.125": [0, 20, 0],
						"10.375": [0, 20, 0],
						"10.6667": [0, -12.5, 0],
						"10.9167": [0, -12.5, 0],
						"11.4583": [0, 0, 0]
					},
					"position": {
						"0.0": [0, 0, 0],
						"0.2917": [0, 0, -4],
						"0.5417": [0, 0, -2],
						"1.0833": [0, 0, -2],
						"1.75": [0, 0, -2],
						"2.0417": [2, -1, -2],
						"2.3333": [1, 0, -3],
						"2.6667": [3, 0, -3],
						"3.0": [3, 0, -3],
						"3.3333": [3, 0, -3],
						"3.8333": [3, 0, -2],
						"4.375": [3, 0, -2],
						"4.75": [3, -1, 3],
						"5.0833": [3, -1, 0],
						"5.875": [3, -1, 0],
						"6.25": [0, 0, 0],
						"7.9167": [0, 0, 0],
						"8.25": [0, 0, 0],
						"8.5": [1, 0, -2],
						"8.75": [1, 0, -2],
						"8.9583": [0, 0, 0],
						"9.1667": [0, 0, 0],
						"9.7917": [0, 0, 0],
						"10.125": [0, 0, 0],
						"10.375": [0, 0, 0],
						"10.9167": [0, 0, 0],
						"11.4583": [0, 0, 0]
					}
				},
				"head": {
					"rotation": {
						"0.0": [0, 0, 0],
						"0.2917": [25, 0, 0],
						"0.5417": [0, 0, 0],
						"0.7917": [32.5, 0, 0],
						"1.0833": [0, 0, 0],
						"1.4167": [15, 0, 0],
						"3.3333": [15, 0, 0],
						"3.8333": [35, 10, 0],
						"4.375": [35, 25, 10],
						"4.75": [0, -12.5, 0],
						"5.0833": [30, 0, 0],
						"6.4583": [30, 0, 0],
						"6.7083": [30, 40, 0],
						"7.0833": [30, 50, 0],
						"7.2917": [30, -57.5, 0],
						"7.625": [30, -57.5, 0],
						"7.9167": [30, 32.5, 0],
						"8.25": [30, 32.5, 0],
						"8.5": [30, -45, 0],
						"8.75": [30, -45, 0],
						"8.9583": [0, 0, 0],
						"9.1667": [0, 0, 0],
						"9.7917": [0, -360, 0],
						"10.125": [30, -360, 0],
						"10.375": [30, -360, 0],
						"11.4583": [0, -360, 0]
					}
				},
				"leftArm": {
					"rotation": {
						"0.0": [0, 0, 0],
						"0.5417": [-170, 0, 0],
						"0.7917": [-77.5, -10, 0],
						"1.0833": [-31.31, 30, 0],
						"1.4167": [-47.5, 52.5, 0],
						"1.75": [-47.5, 52.5, -80],
						"2.0417": [-100, 35, -60],
						"2.3333": [-85, -42.5, -37.5],
						"2.6667": [0, -2.5, -12.5],
						"3.0": [-55, 45, 20],
						"3.3333": [-25, 37.5, 5],
						"3.8333": [-72.5, 40, 5],
						"3.9583": [-56.25, 60, 5],
						"4.0833": [-40, 40, 5],
						"4.2083": [-65, 7.5, 15],
						"4.375": [-72.5, 40, 5],
						"4.75": [30, 40, -2.5],
						"5.0833": [-72.5, 40, 5],
						"5.3333": [-72.5, 40, 5],
						"5.5": [-72.5, -107.5, 5],
						"5.875": [-72.5, -107.5, 5],
						"6.25": [-22.5, 0, 15],
						"6.4583": [-22.5, 0, 15],
						"6.7083": [20, 0, -32.5],
						"7.0833": [20, 0, -32.5],
						"7.2917": [-132.5, 0, -42.5],
						"7.625": [-132.5, 0, -42.5],
						"7.9167": [15, 0, -37.5],
						"8.25": [15, 0, -37.5],
						"8.5": [-107.5, 2.5, 0],
						"8.75": [-107.5, 2.5, 0],
						"8.9583": [-22.5, 0, -32.5],
						"9.1667": [-22.5, 0, -32.5],
						"9.4167": [-27.5, 0, 12.5],
						"9.7917": [-27.5, 0, 12.5],
						"10.125": [-47.5, 0, -20],
						"10.375": [-47.5, 0, -20],
						"10.6667": [-47.5, -7.5, -20],
						"10.9167": [-47.5, -7.5, -20],
						"11.4583": [0, 0, 0]
					},
					"position": {
						"7.9167": [0, 0, 0],
						"8.25": [0, 0, 0],
						"8.5": [0, -2, 3],
						"8.75": [0, -2, 3],
						"8.9583": [0, 0, 0],
						"9.1667": [0, 0, 0],
						"9.7917": [0, 0, 0],
						"10.125": [0, 0, 0],
						"10.375": [0, 0, 0],
						"10.6667": [-1, 0, 4],
						"10.9167": [-1, 0, 4],
						"11.4583": [0, 0, 0]
					}
				},
				"rightArm": {
					"rotation": {
						"0.0": [0, 0, 0],
						"0.5417": [-170, 0, 0],
						"0.7917": [-72.5, 17.5, 0],
						"1.0833": [-72.5, 60, 0],
						"1.4167": [-72.5, -55, 0],
						"1.75": [-72.5, 67.5, -22.5],
						"2.0417": [-72.5, -17.5, -12.5],
						"2.3333": [-72.5, 47.5, 2.5],
						"2.6667": [-72.5, -52.5, 2.5],
						"3.0": [-72.5, 80, -25],
						"3.3333": [-27.5, -20, -5],
						"3.8333": [-40, -30, -5],
						"3.9583": [-49.17, -10, -5],
						"4.0833": [-67.5, -30, -5],
						"4.2083": [-52.5, -45, -10],
						"4.375": [-40, -30, -5],
						"4.75": [-40, -30, 165],
						"5.0833": [-40, -30, -5],
						"5.3333": [-40, -30, -5],
						"5.5": [-80, 47.5, -5],
						"5.875": [-80, 47.5, -5],
						"6.25": [-12.5, 0, -12.5],
						"6.4583": [-12.5, 0, -12.5],
						"6.7083": [-122.5, -20, -12.5],
						"7.0833": [-122.5, -20, -12.5],
						"7.2917": [20, -20, 22.5],
						"7.625": [20, -20, 22.5],
						"7.9167": [-107.5, 0, 0],
						"8.25": [-107.5, 0, 0],
						"8.5": [-77.5, -27.5, 0],
						"8.75": [-77.5, -27.5, 0],
						"8.9583": [-12.5, 0, 52.5],
						"9.1667": [-12.5, 0, 52.5],
						"9.4167": [-30, -30, 0],
						"9.7917": [-30, -30, 0],
						"10.125": [-75, 0, 0],
						"10.375": [-75, 0, 0],
						"10.6667": [-75, -15, 0],
						"10.9167": [-75, -15, 0],
						"11.4583": [0, 0, 0]
					},
					"position": {
						"7.2917": [0, 0, 0],
						"7.625": [0, 0, 0],
						"7.9167": [0, -1, 2],
						"8.25": [0, -1, 2],
						"8.5": [0, -1, -3],
						"8.75": [0, -1, -3],
						"8.9583": [0, 0, 0],
						"9.1667": [0, 0, 0],
						"9.7917": [0, 0, 0],
						"10.125": [0, 1, 4],
						"10.375": [0, 1, 4],
						"10.6667": [0, -1, -3],
						"10.9167": [0, -1, -3],
						"11.4583": [0, 0, 0]
					}
				},
				"leftLeg": {
					"rotation": {
						"0.0": [0, 0, 0],
						"0.5417": [-15, 0, -5],
						"0.7917": [-15, 0, -5],
						"1.0833": [-7.5, 0, -10],
						"1.4167": [-7.5, 0, -10],
						"1.75": [27.5, 0, 0],
						"2.0417": [10, 0, 0],
						"2.3333": [-2.5, 0, 0],
						"2.6667": [15, 0, 0],
						"3.0": [10, 0, -7.5],
						"3.3333": [10, 0, 0],
						"3.8333": [10, 0, 17.5],
						"4.375": [10, 0, -5],
						"4.75": [20, 0, -5],
						"5.0833": [-37.5, 0, -5],
						"5.5": [-47.5, 5, -5],
						"5.875": [-47.5, 5, -5],
						"6.25": [-20, 0, -15],
						"8.25": [-20, 0, -15],
						"8.5": [-20, 0, -15],
						"8.75": [-20, 0, -15],
						"8.9583": [-20, 0, -15],
						"9.1667": [-20, 0, -15],
						"9.7917": [-20, 0, -15],
						"10.125": [0, 0, 0],
						"10.375": [0, 0, 0],
						"10.9167": [0, 0, 0],
						"11.4583": [0, 0, 0]
					},
					"position": {
						"0.0": [0, 0, 0],
						"0.5417": [0, 0, 0],
						"1.0833": [0, 0, 0],
						"1.4167": [0, 0, 0],
						"1.75": [0, 0, 1],
						"2.0417": [0, 3, -3],
						"2.3333": [1, 0, 1],
						"2.6667": [1, 0, 1],
						"3.0": [1, 0, 1],
						"3.3333": [1, 0, 1],
						"3.8333": [1, 0, 1],
						"4.375": [1, 0, 1],
						"4.75": [1, 0, 1],
						"5.0833": [1, 0, 1],
						"5.875": [1, 0, 1],
						"6.25": [0, 0, 0],
						"8.25": [0, 0, 0],
						"8.5": [0, 2, 0],
						"8.75": [0, 2, 0],
						"8.9583": [0, 0, 0],
						"9.1667": [0, 0, 0],
						"9.7917": [0, 0, 0],
						"10.125": [0, 0, 0],
						"10.375": [0, 0, 0],
						"10.9167": [0, 0, 0],
						"11.4583": [0, 0, 0]
					}
				},
				"rightLeg": {
					"rotation": {
						"0.0": [0, 0, 0],
						"0.5417": [27.5, 0, 10],
						"0.7917": [7.5, 0, 15],
						"1.0833": [0, 0, 17.5],
						"1.4167": [25, 0, 17.5],
						"1.75": [-2.5, 10, -5],
						"2.0417": [5, 10, -5],
						"2.3333": [20, 10, 2.5],
						"2.6667": [12.5, 10, 2.5],
						"3.0": [-7.5, -22.5, 32.5],
						"3.3333": [42.5, -7.5, 15],
						"3.8333": [42.5, -7.5, -7.5],
						"4.375": [-15, -7.5, 15],
						"4.75": [-15, -7.5, 15],
						"5.0833": [25, -7.5, -2.5],
						"5.875": [25, -7.5, -2.5],
						"6.25": [-20, 0, 15],
						"6.4583": [-20, 0, 15],
						"6.7083": [-20, 0, 27.5],
						"8.25": [-20, 0, 27.5],
						"8.5": [-20, -22.5, 27.5],
						"8.75": [-20, -22.5, 27.5],
						"8.9583": [-20, 0, 15],
						"9.1667": [-20, 0, 15],
						"9.7917": [-20, 0, 15],
						"10.125": [17.5, 17.5, 0],
						"10.375": [17.5, 17.5, 0],
						"10.6667": [45, 7.5, 35],
						"10.9167": [45, 7.5, 35],
						"11.4583": [0, 0, 0]
					},
					"position": {
						"0.0": [0, 0, 0],
						"0.5417": [0, 0, 0],
						"0.7917": [0, 0, 0],
						"1.0833": [-1, 4, -3],
						"1.4167": [0, 0, 1],
						"2.0417": [0, 0, 1],
						"2.3333": [0, 1, 0],
						"2.6667": [0, 3, -2],
						"3.0": [1, 1, -1],
						"3.3333": [1, 3, -2],
						"3.8333": [0, 2, 0],
						"4.375": [0, 0, 0],
						"4.75": [0, 0, 0],
						"5.0833": [0, 1, 0],
						"5.875": [0, 1, 0],
						"6.25": [0, 0, 0],
						"8.25": [0, 0, 0],
						"8.5": [-1, 0, 0],
						"8.75": [-1, 0, 0],
						"8.9583": [0, 0, 0],
						"9.1667": [0, 0, 0],
						"9.7917": [0, 0, 0],
						"10.125": [-2, 3, -2],
						"10.375": [-2, 3, -2],
						"10.6667": [0, 0, 0],
						"10.9167": [0, 0, 0],
						"11.4583": [0, 0, 0]
					}
				},
				"rightItem": {
					"scale": 0
				},
				"background": {
					"position": {
						"10.4167": [0, 1030, 16],
						"10.5": [4, 998, -4],
						"10.7083": [4, 1005.22, -12.89],
						"11.0417": [3, 1023.22, -12.89]
					},
					"scale": {
						"10.4167": [0, 0, 0],
						"10.5": [1.5, 1.5, 1.5],
						"11.0417": [0, 0, 0]
					}
				},
				"cobra_background": {
					"position": {
						"10.4167": [0, 14, 0],
						"10.5833": [0, 0, 0]
					},
					"scale": {
						"10.125": [0, 0, 0],
						"10.5833": [1.5, 1.5, 1.5],
						"10.7917": [1.3, 1.3, 1.3],
						"11.1667": [0, 0, 0]
					}
				},
				"mask": {
					"scale": 0
				},
				"gun": {
					"scale": 0
				},
				"katana_xm8": {
					"scale": 0
				},
				"crystal": {
					"scale": 0
				},
				"ump_evo": {
					"scale": 0
				},
				"Kursi": {
					"scale": 0
				},
				"predator_pulse": {
					"scale": 0
				},
				"Bendera": {
					"scale": 0
				}
			}
		},
		"animation.emote.predator_pulse": {
			"loop": true,
			"animation_length": 10,
			"bones": {
				"root": {
					"rotation": {
						"0.0": [0, 0, 0],
						"0.3333": [0, 0, 0],
						"0.625": [0, 0, 0],
						"1.9167": [0, 0, 0],
						"2.375": [0, -32.5, 0],
						"4.375": [0, -32.5, 0],
						"4.8333": [0, 0, 0],
						"5.3333": [0, 10, -5],
						"6.5833": [0, 10, -5],
						"7.0833": [0, 0, 0]
					},
					"position": {
						"0.3333": [0, 0, 0],
						"0.625": [0, -5, 4],
						"1.9167": [0, -5, 4],
						"2.375": [0, 0, 0]
					}
				},
				"body": {
					"rotation": {
						"0.3333": [0, 0, 0],
						"0.625": [25, 0, 0],
						"1.2083": [25, 0, 0],
						"1.5": [15, 0, 0],
						"1.9167": [15, 0, 0],
						"2.375": [0, 0, 0],
						"4.8333": [0, 0, 0],
						"5.3333": [0, 0, 5],
						"6.5833": [0, 0, 5],
						"7.0833": [0, 0, 0]
					},
					"position": {
						"0.3333": [0, 0, 0],
						"0.625": [0, 0, -5],
						"1.9167": [0, 0, -5],
						"2.375": [0, 0, 0],
						"4.8333": [0, 0, 0],
						"5.3333": [1, 0, 0],
						"6.5833": [1, 0, 0],
						"7.0833": [0, 0, 0]
					}
				},
				"head": {
					"rotation": {
						"0.3333": [0, 0, 0],
						"0.625": [20, 0, 0],
						"1.2083": [20, 0, 0],
						"1.5": [0, 0, 0],
						"1.9167": [0, 0, 0],
						"2.375": [17.5, 0, 0],
						"4.0": [17.5, 0, 0],
						"4.375": [17.5, 0, 0],
						"4.8333": [20, 32.5, 0],
						"5.3333": [7.5, -37.5, 0],
						"6.0417": [7.5, 35, 12.5],
						"6.5833": [7.5, 35, 12.5],
						"7.0833": [0, 0, 0]
					}
				},
				"leftArm": {
					"rotation": {
						"0.0": [0, 0, 0],
						"0.3333": [0, 0, -27.5],
						"0.625": [-92.5, 30, -22.5],
						"1.2083": [-92.5, 30, -22.5],
						"1.5": [-92.5, -92.5, 2.5],
						"1.9167": [-92.5, -92.5, 2.5],
						"2.375": [32.5, 0, -12.5],
						"2.5833": [-12.5, 0, -10],
						"2.8333": [5, 0, -10],
						"3.0833": [12.5, 0, -10],
						"3.7917": [-5, 0, -10],
						"4.4167": [-5, 0, -10],
						"4.8333": [0, 0, 0],
						"5.3333": [-12.5, 0, -12.5],
						"6.0417": [7.5, 0, -7.5],
						"6.5833": [7.5, 0, -7.5],
						"7.0833": [0, 0, 0]
					}
				},
				"rightArm": {
					"rotation": {
						"0.0": [0, 0, 0],
						"0.3333": [0, 0, 27.5],
						"0.625": [-90, -27.5, 20],
						"1.2083": [-90, -27.5, 20],
						"1.5": [-90, 70, -2.5],
						"1.9167": [-90, 70, -2.5],
						"2.375": [-60, -32.5, 0],
						"2.5833": [-110, 25, 0],
						"2.8333": [-82.5, 27.5, 0],
						"3.0833": [-82.5, 27.5, 0],
						"3.375": [-110, 25, 0],
						"3.7083": [-82.5, 27.5, 0],
						"4.0417": [-110, 25, 0],
						"4.4167": [-110, 25, 0],
						"4.8333": [0, 0, 0],
						"5.3333": [0, 0, 10],
						"6.0417": [0, 0, 2.5],
						"6.5833": [0, 0, 2.5],
						"7.0833": [0, 0, 0]
					},
					"position": {
						"1.2083": [0, 0, 0],
						"1.5": [0, 0, 0]
					}
				},
				"jacket": {
					"scale": [1, 0.9, 1]
				},
				"leftLeg": {
					"rotation": {
						"0.0": [0, 0, 0],
						"0.3333": [0, 0, 0],
						"0.625": [0, 0, -10],
						"1.2083": [0, 0, -10],
						"1.5": [0, 0, -7.5],
						"1.9167": [0, 0, -7.5],
						"2.375": [-7.5, 0, -10],
						"4.375": [-7.5, 0, -10],
						"4.8333": [0, 0, 0],
						"6.5833": [0, 0, 0],
						"7.0833": [0, 0, 0]
					},
					"position": {
						"0.0": [0, 0, 0],
						"0.3333": [0, 0, -1],
						"0.625": [2, 4, -4],
						"1.9167": [2, 4, -4],
						"2.375": [0, 0, 0]
					}
				},
				"rightLeg": {
					"rotation": {
						"0.0": [0, 0, 0],
						"0.3333": [30, 0, 10],
						"0.625": [65, -7.5, 10],
						"1.2083": [65, -7.5, 10],
						"1.5": [65, -5, 10],
						"1.9167": [65, -5, 10],
						"2.375": [7.5, 0, 5],
						"4.375": [7.5, 0, 5],
						"4.8333": [0, 0, 0],
						"5.3333": [0, 0, 10],
						"6.5833": [0, 0, 10],
						"7.0833": [0, 0, 0]
					},
					"position": {
						"0.3333": [0, 0, 0],
						"0.625": [-1, 0, -5],
						"1.9167": [-1, 0, -5],
						"2.375": [0, 0, 0]
					}
				},
				"predator_pulse": {
					"position": [0, -58, 0]
				},
				"ular": {
					"rotation": [0, 0, 0],
					"position": {
						"1.125": [0, 40, 0],
						"1.625": [0, 40, 0]
					},
					"scale": {
						"1.125": [0, 0, 0],
						"1.5417": [1, 1, 1],
						"6.5833": [1, 1, 1],
						"7.125": [0, 0, 0]
					}
				},
				"kepala": {
					"rotation": {
						"1.0833": [0, 0, 0],
						"1.5": [0, -32.5, 0],
						"2.0": [0, 0, 0],
						"2.3333": [0, 10, 0],
						"2.625": [0, 9.15, 0],
						"2.875": [-27.5, 8.81, 0],
						"3.125": [-26.44, 8.47, 0],
						"3.4167": [-25.38, 8.13, 0],
						"3.75": [-26.44, 8.47, 0],
						"4.125": [5.68, 7.79, 0],
						"4.3333": [-26.44, 8.47, 0],
						"4.5833": [-23.26, 7.45, 0],
						"4.7917": [0, 10, 0],
						"4.9583": [-23.26, -130.05, 0],
						"5.125": [-23.26, -227.55, 0],
						"5.6667": [-23.26, -390.05, 0]
					},
					"position": {
						"1.125": [0, 0, 0],
						"1.3333": [-3.95, -2, -2.14],
						"1.5": [-0.46, -10, -15.85],
						"1.75": [19.65, -11.67, -24],
						"2.0": [32, -13, -21],
						"2.3333": [28, -13, -21],
						"4.7917": [28, -13, -21],
						"4.9583": [35, -13, -21],
						"5.125": [35, -10, -6],
						"5.2917": [15.42, -2.89, 8.68],
						"5.6667": [0, 5, 6]
					}
				},
				"badan1": {
					"rotation": {
						"1.0833": [0, 0, 0],
						"1.3333": [22.5, -15, 0],
						"1.5": [22.5, -25, 0],
						"1.75": [12.5, -22.5, 5],
						"2.0": [10, -27.5, 12.5],
						"2.3333": [15, -12.5, 5],
						"4.7917": [15, -12.5, 5],
						"4.9583": [20, -107.5, 5],
						"5.125": [27.5, -197.5, 7.5],
						"5.2917": [17.5, -270, -7.5],
						"5.6667": [17.5, -367.5, -7.5]
					},
					"position": {
						"1.0833": [0, 0, 0],
						"1.3333": [-5, 0, 0],
						"1.5": [-3, -8, -14],
						"1.75": [18, -10, -24],
						"2.0": [29, -11, -21],
						"2.3333": [26, -11, -20],
						"4.7917": [26, -11, -20],
						"4.9583": [29, -10, -27],
						"5.125": [36, -7, -17],
						"5.2917": [21, 0, 4],
						"5.6667": [0, 7, 8]
					}
				},
				"badan2": {
					"rotation": {
						"1.0833": [0, 0, 0],
						"1.3333": [32.5, -5, 12.5],
						"1.5": [50, -42.5, 7.5],
						"1.75": [42.5, -102.5, 22.5],
						"2.0": [30, -110, 15],
						"2.3333": [0, -122.5, 37.5],
						"4.7917": [0, -122.5, 37.5],
						"4.9583": [0, -130, 37.5],
						"5.0417": [5.69, -138.89, 28.37],
						"5.125": [35, -200, 27.5],
						"5.2917": [35, -270, 15],
						"5.6667": [35, -340, -7.5]
					},
					"position": {
						"1.0833": [0, 0, 0],
						"1.3333": [-6, 1, 0],
						"1.5": [-4, -7, -14],
						"1.75": [18, -9, -26],
						"2.0": [28, -10, -23],
						"2.3333": [26, -10, -22],
						"4.7917": [26, -10, -22],
						"4.9583": [29, -10, -29],
						"5.125": [37, -7, -18],
						"5.2917": [22, 1, 4],
						"5.6667": [-1.05, 7.6, 8]
					}
				},
				"badan3": {
					"rotation": {
						"1.0833": [0, 0, 0],
						"1.3333": [-15, -52.5, 5],
						"1.5": [40, -72.5, 30],
						"1.75": [-17.5, -115, 62.5],
						"2.0": [-90, -95, 145],
						"2.3333": [-105, -120, 155],
						"4.7917": [-105, -120, 155],
						"4.9583": [-105, -102.5, 155],
						"5.125": [-105, -80, 145],
						"5.2917": [-152.5, -35, 145],
						"5.4167": [-180, -27.5, 145.5],
						"5.5417": [-258.75, -8.75, 92.06],
						"5.6667": [-290, 2.5, 60]
					},
					"position": {
						"1.0833": [0, 0, 0],
						"1.3333": [-10, 3, 6],
						"1.5": [-15, 0, -5],
						"1.75": [-6, 2, -24],
						"2.0": [5, -3, -22],
						"2.3333": [2, -2, -22],
						"4.7917": [2, -2, -22],
						"4.9583": [5, -2, -28],
						"5.125": [18, 1, -34],
						"5.2917": [17, 3, -11],
						"5.6667": [2, 13, 8]
					}
				},
				"badan4": {
					"rotation": {
						"1.0833": [0, 0, 0],
						"1.3333": [-35, -55, -15],
						"1.5": [47.5, -82.5, 25],
						"1.75": [32.5, -132.5, 25],
						"2.0": [32.5, -185, 25],
						"2.3333": [2.5, -155, 62.5],
						"4.7917": [2.5, -155, 62.5],
						"4.9583": [2.5, -170, 35],
						"5.125": [57.5, -227.5, -7.5],
						"5.2917": [57.5, -255, -35],
						"5.5417": [27.75, -315, -42],
						"5.6667": [-10, -330, -45]
					},
					"position": {
						"1.0833": [0, 0, 0],
						"1.3333": [-12, 0, 19],
						"1.5": [-22, 2, 13],
						"1.75": [-25, 3, -5],
						"2.0": [-22, 0, -11],
						"2.3333": [-23, 3, -6],
						"4.7917": [-23, 3, -6],
						"4.9583": [-23, 2, -16],
						"5.125": [-11, 2, -27],
						"5.2917": [-6, 1, -14],
						"5.5417": [-3.9, 4.6, 0.7],
						"5.6667": [-3, 9, 7]
					}
				},
				"badan5": {
					"rotation": {
						"1.0833": [0, 0, 0],
						"1.3333": [22.5, -52.5, 27.5],
						"1.5": [32.5, -85, 22.5],
						"1.75": [42.5, -152.5, 22.5],
						"2.0": [27.5, -187.5, 20],
						"2.3333": [37.5, -152.5, 25],
						"4.7917": [37.5, -152.5, 25],
						"4.9583": [37.5, -175, 12.5],
						"5.125": [37.5, -235, 12.5],
						"5.2917": [37.5, -272.5, -10],
						"5.6667": [-5, -357.5, -10]
					},
					"position": {
						"1.0833": [0, 0, 0],
						"1.3333": [-3, 0, 25],
						"1.5": [-11, 1, 31],
						"1.75": [-22, 4, 24],
						"2.0": [-31, 6, 18],
						"2.3333": [-28, 4, 23],
						"4.7917": [-28, 4, 23],
						"4.9583": [-30, 3, 14],
						"5.125": [-28, 7, -6],
						"5.2917": [-23, -1, 0],
						"5.6667": [-5, 6, 9]
					}
				},
				"badan6": {
					"rotation": {
						"1.0833": [0, 0, 0],
						"1.3333": [0, -75, 0],
						"1.5": [0, -115, 0],
						"1.75": [0, -147.5, 5],
						"2.0": [0, -187.5, 5],
						"2.3333": [0, -145, 5],
						"4.7917": [0, -145, 5],
						"4.9583": [0, -162.5, 5],
						"5.125": [-62.5, -222.5, 52.5],
						"5.2917": [-30, -280, 52.5],
						"5.6667": [70, -367.5, 45]
					},
					"position": {
						"1.0833": [0, 0, 0],
						"1.3333": [11, 1, 22],
						"1.5": [10, 1, 33],
						"1.75": [2, 4, 41],
						"2.0": [-13, 7, 43],
						"2.3333": [-5, 3, 40],
						"4.7917": [-5, 3, 40],
						"4.9583": [-9, 5, 36],
						"5.125": [-20, 11, 20],
						"5.2917": [-25, 2, 20],
						"5.6667": [-3, 5, 10]
					}
				},
				"badan7": {
					"rotation": {
						"1.0833": [0, 0, 0],
						"1.3333": [0, -40, 0],
						"1.5": [0, -112.5, 0],
						"1.75": [27.5, -145, 0],
						"2.0": [37.5, -177.5, 0],
						"2.3333": [22.5, -145, 0],
						"4.7917": [22.5, -145, 0],
						"4.9583": [22.5, -155, 0],
						"5.125": [22.5, -252.5, 0],
						"5.2917": [22.5, -282.5, 0],
						"5.6667": [17.5, -365, 0]
					},
					"position": {
						"1.0833": [0, 0, 0],
						"1.3333": [17, 1, 5],
						"1.5": [28, 1, 14],
						"1.75": [28, 4, 26],
						"2.0": [17, 7, 37],
						"2.3333": [20, 3, 25],
						"4.7917": [20, 3, 25],
						"4.9583": [19, 5, 24],
						"5.125": [6, 9, 26],
						"5.2917": [-7, 4, 30],
						"5.6667": [-3, 8, 4]
					}
				},
				"lingkaran": {
					"rotation": {
						"0.0": [0, 0, 0],
						"1.7083": [0, -100, 0]
					},
					"position": {
						"0.0": [0, 39, 0],
						"0.625": [0, 60, 0],
						"1.3333": [0, 60, 0],
						"1.7083": [0, 40, 0]
					},
					"scale": {
						"0.0": [0, 0, 0],
						"0.625": [1, 1.1, 1],
						"1.3333": [1, 1.1, 1],
						"1.7083": [0, 0, 0]
					}
				},
				"rightItem": {
					"scale": 0
				},
				"mask": {
					"scale": 0
				},
				"gun": {
					"scale": 0
				},
				"katana_xm8": {
					"scale": 0
				},
				"crystal": {
					"scale": 0
				},
				"cobra_background": {
					"scale": 0
				},
				"ump_evo": {
					"scale": 0
				},
				"Kursi": {
					"scale": 0
				},
				"Bendera": {
					"scale": 0
				}
			}
		}
	}
}