{
	"format_version": "1.8.0",
	"animations": {
		"animation.glock17.low": {
			"loop": true,
			"bones": {
				"root": {
					"rotation": [0, 180, 0],
					"position": [0, 0, -2]
				},
				"rightArm": {
					"rotation": [-90, 0, 12],
					"position": [2, -1.5, -5]
				},
				"leftArm": {
					"rotation": [-105, 35, 10],
					"position": [-4.5, -5, -6.4]
				},
				"tool": {
					"position": [-2, 13, 11],
					"scale": 0.2
				},
				"glock17": {
					"rotation": [90, 0, 0],
					"position": [-6, 2, 19.95],
					"scale": 0.35
				}
			}
		},
		"animation.glock17.reload": {
			"loop": "hold_on_last_frame",
			"animation_length": 3.61,
			"bones": {
				"rightArm": {
					"rotation": {
						"0.0": [-90, 0, 12],
						"0.28": [-97.16, -16.15, 5],
						"0.45": [-102.5, -20.73, 10],
						"0.57": [-90, -20.73, -7.5],
						"0.77": [-90, -20.73, -7.5],
						"1.04": [-100, -20.73, 10],
						"1.21": [-97.5, -20.73, 12.5],
						"1.78": [-97.5, -20.73, -15],
						"2.06": [-97.5, -20.73, -22.5],
						"2.23": [-95, -20.73, -17.5],
						"2.31": [-92.5, -20.73, -15],
						"2.56": [-97.5, -13.23, 42.5],
						"2.78": [-97.5, -13.23, 42.5],
						"2.88": [-93.55, -11.78, 25.86],
						"3.52": [-90, 0, 12]
					},
					"position": {
						"0.0": [2, -1.5, -5],
						"0.45": [0, 0.5, -1],
						"0.57": [0, 0.5, -1],
						"0.77": [0, 1, -1],
						"1.04": [0, 0, -0.5],
						"1.21": [0, 0, -0.5],
						"1.78": [0, 0, -1],
						"2.06": [0.23, -0.23, -1],
						"2.23": [0.5, -0.5, -1],
						"2.31": [0.5, -0.5, -1],
						"2.56": [0.5, -0.5, -2],
						"2.78": [0.5, -0.5, -2],
						"2.88": [0.41, -0.64, -2],
						"3.52": [2, -1.5, -5]
					}
				},
				"leftArm": {
					"rotation": {
						"0.0": [-105, 35, 10],
						"0.15": [-80.33, 28.72, 3.3],
						"0.28": [-86.95, 36.95, -2.5],
						"0.45": [-90, 42.5, -2.5],
						"0.57": [-92.5, 42.5, -5],
						"0.78": [-62.5, 50, -10],
						"0.93": [-35, 37.5, -5],
						"1.09": [-7.5, 0, 0],
						"1.27": [-7.5, 20, 0],
						"1.43": [2.5, 20, 0],
						"1.56": [2.5, 25, 0],
						"1.8": [-65.6, 22.08, -3.45],
						"1.98": [-77.5, 22.5, -22.5],
						"2.23": [-87.5, 32.5, 5],
						"2.32": [-95, 30, 5],
						"2.4": [-92.13, 16.84, 3.7],
						"2.56": [-101.39, 35.51, 1.11],
						"2.77": [-101.39, 35.51, 1.11],
						"2.88": [-92.82, 35.37, 3.05],
						"3.03": [-86.21, 27.6, -6.4],
						"3.52": [-105, 35, 10]
					},
					"position": {
						"0.0": [-4.5, -5, -6.4],
						"0.16": [-2, -0.49, -2.2],
						"0.45": [-2, -1, -1],
						"0.57": [-2, -1, -1],
						"0.77": [-1, -1, 0],
						"0.93": [-2, -1, 0.5],
						"1.09": [-1, 0, 0],
						"1.27": [-1, 0, 1],
						"1.56": [-1, 0, 1],
						"1.98": [-2, -1, 1],
						"2.23": [-2, -1, 0],
						"2.31": [-2, -1, 0],
						"2.56": [0, -1, -0.7],
						"2.77": [0, -1, -0.5],
						"2.88": [0, 0, 1],
						"3.52": [-4.5, -5, -6.4]
					}
				},
				"tool": {
					"position": [-2, 13, 11],
					"scale": 0.2
				},
				"glock17": {
					"rotation": [90, 0, 0],
					"position": [-6, 2, 19.95],
					"scale": 0.35
				},
				"root": {
					"rotation": [0, 180, 0],
					"position": [0, 0, -2]
				},
				"body": {
					"position": {
						"0.0": [0, 0, 0],
						"0.28": [-2, 0, -5],
						"0.32": [-2, 0, -5],
						"0.8": [-2, 0, -5],
						"2.88": [-2, 0, -5],
						"3.52": [0, 0, 0]
					}
				},
				"mag": {
					"rotation": {
						"0.76": [0, 0, 0],
						"0.78": [0, 0, -15],
						"0.85": [35, 72.5, 12.5],
						"0.93": [47.5, 57.5, 5],
						"1.03": [65.31, 38.75, 0.31],
						"1.09": [80, 27.5, -2.5],
						"1.27": [80, 42.5, -2.5],
						"1.44": [80, 37.5, -2.5],
						"1.56": [80, 45, -2.5],
						"1.68": [56.09, 45, 17.72],
						"1.8": [20, 45, 20],
						"1.97": [-10, 0, -15],
						"2.0": [-10, 0, -20.77],
						"2.01": [-9.57, 0, -10.37],
						"2.05": [-7.83, 0, -3.75],
						"2.23": [0, 0, 0]
					},
					"position": {
						"0.57": [0, 0, 0],
						"0.76": [0, -19.9, 6.33],
						"0.78": [3, -22, 7],
						"0.85": [15, -21.53, 4.18],
						"0.93": [23, -21, 5],
						"1.03": [32.75, -15.87, 7.75],
						"1.09": [37, -10, 11],
						"1.27": [37, -10, 11],
						"1.43": [40, -32, 17],
						"1.56": [34, -18, 17],
						"1.68": [20, -22, 8],
						"1.74": [15, -21, 6],
						"1.8": [11, -19, 3],
						"1.97": [6, -19, 4],
						"2.05": [1, -15.23, 3.47],
						"2.23": [0, 0, 0]
					},
					"scale": {
						"1.1": [1, 1, 1],
						"1.27": [0, 0, 0],
						"1.43": [0, 0, 0],
						"1.56": [1, 1, 1]
					}
				},
				"slidebody15": {
					"position": {
						"0.76": [0, 0, 7],
						"2.72": [0, 0, 7],
						"2.78": [0, 0, 7.5],
						"2.88": [0, 0, 0]
					}
				},
				"9x2": {
					"rotation": {
						"2.77": [0, 0, 0],
						"2.82": [0, 5, 0]
					},
					"position": {
						"2.77": [0, 0, 0],
						"2.81": [0, 1, 0],
						"2.88": [-0.2, 3.3, -4]
					},
					"scale": {
						"0.0": [0, 0, 0],
						"1.46": [0, 0, 0],
						"1.56": [1, 1, 1]
					}
				},
				"slidebody13": {
					"position": {
						"1.3": [0, 0, 0],
						"1.34": [-1, 0, 0],
						"1.4": [0, 0, 0]
					}
				},
				"bone10": {
					"position": [0, -4, 6],
					"scale": {
						"0.0": [0, 0, 0],
						"2.12": [0, 0, 0],
						"2.19": [1, 1, 1]
					}
				},
				"bone25": {
					"rotation": {
						"0.0": [0, 0, 10],
						"2.93": [0, 0, 7.5],
						"3.01": [0, 0, 0]
					}
				},
				"cartridge3": {
					"position": {
						"2.79": [0, -3, 6],
						"2.98": [0, -1.7, 5.5]
					},
					"scale": {
						"0.0": [0, 0, 0],
						"2.27": [0, 0, 0],
						"2.45": [1, 1, 1]
					}
				},
				"bone17": {
					"rotation": {
						"0.0": [10, 0, 0],
						"2.74": [10, 0, 0],
						"2.82": [0, 0, 0]
					}
				},
				"cartridge": {
					"position": {
						"2.79": [0, 0, 0],
						"2.82": [0, 0.84, -1.67],
						"2.87": [0, 1.9, -6]
					},
					"scale": {
						"1.44": [0, 0, 0],
						"1.55": [1, 1, 1]
					}
				},
				"bonebarrel": {
					"rotation": {
						"0.0": [-2.5, 0, 0],
						"2.78": [-2.5, 0, 0],
						"2.88": [0, 0, 0]
					}
				}
			}
		},
		"animation.glock17.hold.mag": {
			"loop": true,
			"bones": {
				"root": {
					"rotation": [0, 180, 0],
					"position": [0, 0, -2]
				},
				"rightArm": {
					"rotation": [-90, 0, 12.5],
					"position": [1, -1, -4]
				},
				"leftArm": {
					"position": [0, 0, 0]
				},
				"tool": {
					"position": [-2, 13, 11],
					"scale": 0.2
				},
				"glock17": {
					"rotation": [90, 0, 0],
					"position": [-6, 1.3, 18],
					"scale": 0.28
				},
				"NewGlock": {
					"scale": 0
				}
			}
		},
		"animation.glock17.draw": {
			"loop": "hold_on_last_frame",
			"animation_length": 0.36,
			"bones": {
				"root": {
					"rotation": [0, 180, 0],
					"position": [0, 0, -2]
				},
				"rightArm": {
					"rotation": {
						"0.0": [0, 0, 0],
						"0.24": [-97.5, 0, 0],
						"0.36": [-90, 0, 12]
					},
					"position": {
						"0.0": [1, -1, -2],
						"0.24": [1, -1, -5],
						"0.36": [2, -1.5, -5]
					}
				},
				"leftArm": {
					"rotation": {
						"0.0": [0, 0, 0],
						"0.24": [-112.5, 35, 2.5],
						"0.36": [-105, 35, 10]
					},
					"position": {
						"0.0": [0, 0, 0],
						"0.24": [-4.5, -4, -7],
						"0.36": [-4.5, -5, -7]
					}
				},
				"tool": {
					"position": [-2, 13, 11],
					"scale": 0.2
				},
				"glock17": {
					"rotation": [90, 0, 0],
					"position": [-6, 2, 19.95],
					"scale": 0.35
				}
			},
			"sound_effects": {
				"0.0": {
					"effect": "pistol.draw"
				}
			}
		},
		"animation.glock17.sight": {
			"loop": true,
			"bones": {
				"root": {
					"rotation": [0, 180, 0],
					"position": [0, 0, -2]
				},
				"rightArm": {
					"rotation": [-90, 0, 0],
					"position": [5.615, 1.17, -5]
				},
				"leftArm": {
					"rotation": [-92.5, 30, 10],
					"position": [0.3, -0.4, -6]
				},
				"tool": {
					"position": [-2, 14, 10],
					"scale": 0.2
				},
				"glock17": {
					"rotation": [90, 0, 0],
					"position": [-5.8, 2, 19.8],
					"scale": 0.35
				}
			}
		},
		"animation.glock17.sprint": {
			"loop": true,
			"animation_length": 4.315,
			"bones": {
				"root": {
					"rotation": [0, 180, 0],
					"position": [0, 0, -2]
				},
				"rightArm": {
					"rotation": [-112.5, 0, 17.5],
					"position": [1, -3, -5]
				},
				"leftArm": {
					"position": [0, 0, 6]
				},
				"tool": {
					"position": [-1, 13, 11],
					"scale": 0.2
				},
				"base": {
					"position": [-0.6, 0, 0.8]
				},
				"glock17": {
					"rotation": [90, 0, 0],
					"position": [-6, 2, 19.8],
					"scale": 0.35
				}
			}
		},
		"animation.glock17.shoot": {
			"animation_length": 0.76,
			"bones": {
				"glock17": {
					"rotation": {
						"0.04": [0, 0, 0],
						"0.08": [-2.5, 0, 0],
						"0.16": [5, 0, 0],
						"0.18": [-2.5, 0, 0],
						"0.28": [0, 0, 0]
					}
				},
				"slidebody15": {
					"position": {
						"0.08": [0, 0, 0],
						"0.12": [0, 0, 7],
						"0.18": [0, 0, 0]
					}
				},
				"slidebody2": {
					"position": [0, 0, 0]
				},
				"hole3": {
					"rotation": {
						"0.0": [0, 0, 0],
						"0.08": [45, 0, 0],
						"0.12": [0, 0, 0]
					}
				},
				"bone10": {
					"rotation": {
						"0.12": [0, 0, 0],
						"0.2": [-177.5, -27.5, -237.5],
						"0.32": [-167.5, 222.5, -37.5]
					},
					"position": {
						"0.0": [0, 0, 5],
						"0.12": [0, 0, 5],
						"0.16": [-19, 12.5, 8],
						"0.2": [-32, 19, 4],
						"0.24": [-51, 3, 9.33],
						"0.32": [-65, -41, 31]
					}
				},
				"9x2": {
					"position": {
						"0.16": [0, 0, 0],
						"0.2": [0, 2, -8]
					}
				},
				"bone15": {
					"rotation": {
						"0.0": [0, 0, 0],
						"0.08": [32.5, 0, 0],
						"0.16": [32.5, 0, 0],
						"0.24": [0, 0, 0]
					}
				},
				"rightArm": {
					"rotation": {
						"0.04": [0, 0, 0],
						"0.12": [-10, 0, 0],
						"0.24": [0, 0, 0]
					},
					"position": {
						"0.0": [0, 0, 0],
						"0.08": [0, 0, 1],
						"0.16": [0, 0, 0]
					}
				},
				"cartridge": {
					"position": {
						"0.12": [0, 0, 0],
						"0.14": [0, 0.5, -1],
						"0.18": [0, 2, -6]
					}
				},
				"Bullet3": {
					"position": {
						"0.0": [0, 0, 0],
						"0.08": [13, 0, 0]
					}
				},
				"Casing3": {
					"rotation": {
						"0.1": [0, 0, 0],
						"0.14": [0, 0, 185],
						"0.18": [22.5, -120, 217.5],
						"0.36": [187.5, -630, 510],
						"0.68": [340, -950, 760]
					},
					"position": {
						"0.04": [0, 0, 0],
						"0.1": [4, 0, 0],
						"0.14": [5, 4, 2],
						"0.2": [4, 15, 7],
						"0.24": [4, 28, 23],
						"0.28": [3, 30, 35],
						"0.36": [1, 24, 47],
						"0.44": [-2, 13.67, 57.33],
						"0.52": [-5, 4, 64],
						"0.6": [-16, -37, 70],
						"0.68": [-22, -104, 76]
					}
				},
				"bonebarrel": {
					"rotation": {
						"0.08": [0, 0, 0],
						"0.16": [-2.5, 0, 0],
						"0.2": [0, 0, 0]
					}
				},
				"leftArm": {
					"rotation": {
						"0.04": [0, 0, 0],
						"0.12": [-8, 0, 0],
						"0.22": [0, 0, 0]
					}
				}
			},
			"particle_effects": {
				"0.08": {
					"effect": "fx.muzzle",
					"locator": "locator"
				},
				"0.12": {
					"effect": "fx.port",
					"locator": "locator2"
				}
			}
		},
		"animation.glock17.low.tp": {
			"loop": true,
			"bones": {
				"leftArm": {
					"rotation": [-80, 32.5, -2.5],
					"position": [-3, 0, -1]
				},
				"rightArm": {
					"rotation": [-85, -5.73, 10]
				},
				"body": {
					"rotation": ["query.target_x_rotation*0.38", "query.target_y_rotation", 0]
				},
				"tool": {
					"position": [-2, 14, 12],
					"scale": 0.2
				},
				"glock17": {
					"rotation": [90, 0, 0],
					"position": [-6, 3, 19.7],
					"scale": 0.28
				}
			}
		},
		"animation.glock17.sight.tp": {
			"loop": true,
			"bones": {
				"leftArm": {
					"rotation": [-88, 35, -2.5],
					"position": [-3, 0, -1]
				},
				"rightArm": {
					"rotation": [-90, -5.73, 2.5]
				},
				"head": {
					"rotation": [4, 0, 0]
				},
				"body": {
					"rotation": ["query.target_x_rotation*0.35", "query.target_y_rotation", 0]
				},
				"tool": {
					"position": [-2, 14, 12],
					"scale": 0.2
				},
				"glock17": {
					"rotation": [90, 0, 0],
					"position": [-6, 3, 19.7],
					"scale": 0.28
				}
			},
			"sound_effects": {
				"0.0": {
					"effect": "pistol.ads"
				}
			}
		},
		"animation.glock17.reload.tp": {
			"loop": "hold_on_last_frame",
			"animation_length": 3.74,
			"bones": {
				"rightArm": {
					"rotation": {
						"0.0": [-85, -5.73, 10],
						"0.28": [-97.16, -16.15, 5],
						"0.45": [-102.5, -20.73, 10],
						"0.57": [-90, -20.73, -7.5],
						"0.77": [-90, -20.73, -7.5],
						"1.04": [-100, -20.73, 10],
						"1.21": [-97.5, -20.73, 12.5],
						"1.78": [-97.5, -20.73, -15],
						"2.06": [-97.5, -20.73, -22.5],
						"2.23": [-95, -20.73, -17.5],
						"2.31": [-92.5, -20.73, -15],
						"2.56": [-97.5, -13.23, 42.5],
						"2.78": [-97.5, -13.23, 42.5],
						"2.88": [-93.55, -11.78, 25.86],
						"3.28": [-86.69, -5.73, 11.63],
						"3.42": [-85, -5.73, 7.5],
						"3.55": [-85, -5.73, 10]
					},
					"position": {
						"0.0": [0, 0, 0],
						"0.45": [0, 0.5, -1],
						"0.57": [0, 0.5, -1],
						"0.77": [0, 1, -1],
						"1.04": [0, 0, -0.5],
						"1.21": [0, 0, -0.5],
						"1.78": [0, 0, -1],
						"2.06": [0.23, -0.23, -1],
						"2.23": [0.5, -0.5, -1],
						"2.31": [0.5, -0.5, -1],
						"2.56": [0.5, -0.5, -2],
						"2.78": [0.5, -0.5, -2],
						"2.88": [0.41, -0.64, -2],
						"3.55": [0, 0, 0]
					}
				},
				"leftArm": {
					"rotation": {
						"0.0": [-80, 32.5, -2.5],
						"0.28": [-86.95, 41.95, -2.5],
						"0.45": [-90, 42.5, -2.5],
						"0.57": [-92.5, 42.5, -5],
						"0.78": [-62.5, 60, -5],
						"0.93": [-35, 37.5, -5],
						"1.09": [-7.5, 0, 0],
						"1.27": [-7.5, 20, 0],
						"1.43": [2.5, 20, 0],
						"1.56": [2.5, 25, 0],
						"1.8": [-65.6, 22.08, -3.45],
						"1.98": [-82.5, 22.5, -22.5],
						"2.23": [-87.5, 35, 5],
						"2.32": [-95, 30, 5],
						"2.4": [-92.13, 16.84, 3.7],
						"2.56": [-101.39, 35.51, 1.11],
						"2.77": [-101.39, 35.51, 1.11],
						"2.88": [-92.82, 35.37, 3.05],
						"3.03": [-86.21, 27.6, -6.4],
						"3.17": [-97.5, 35, -10],
						"3.31": [-80, 32.5, 2.5],
						"3.45": [-80, 32.5, 0],
						"3.58": [-80, 32.5, -2.5]
					},
					"position": {
						"0.0": [-3, 0, -1],
						"0.16": [-2, -0.49, -0.2],
						"0.45": [-2, -1, -1],
						"0.57": [-2, -1, -1],
						"0.77": [-1, -1, 0],
						"0.93": [-2, -1, -1],
						"1.09": [-1, 0, -1],
						"1.56": [-1, 0, -1],
						"1.79": [-2, -1, -1],
						"1.98": [-2, -1, 1],
						"2.23": [-2, -1, 0],
						"2.31": [-2, -1, 0],
						"2.56": [0, -1, -0.7],
						"2.77": [0, -1, -0.5],
						"2.88": [0, 0, 1],
						"3.09": [-0.9, 0, -0.6],
						"3.58": [-3, 0, -1]
					}
				},
				"tool": {
					"position": [-2, 13, 11],
					"scale": 0.2
				},
				"glock17": {
					"rotation": [90, 0, 0],
					"position": [-6, 3, 19.7],
					"scale": 0.28
				},
				"body": {
					"rotation": ["query.target_x_rotation*0.35", "query.target_y_rotation", 0]
				},
				"mag": {
					"rotation": {
						"0.76": [0, 0, 0],
						"0.78": [0, 0, -15],
						"0.85": [35, 72.5, 12.5],
						"0.93": [47.5, 57.5, 5],
						"1.03": [65.31, 38.75, 0.31],
						"1.09": [80, 27.5, -2.5],
						"1.27": [80, 42.5, -2.5],
						"1.44": [80, 37.5, -2.5],
						"1.56": [80, 45, -2.5],
						"1.68": [46.09, 45, 17.72],
						"1.8": [20, 45, 20],
						"1.97": [0, 0, -15],
						"2.03": [-8.7, 0, -7.06],
						"2.05": [-7.83, 0, -6.25],
						"2.23": [0, 0, 0]
					},
					"position": {
						"0.57": [0, 0, 0],
						"0.76": [0, -19.9, 6.33],
						"0.78": [3, -22, 7],
						"0.85": [13, -24.53, 4.18],
						"0.93": [25, -28, 5],
						"1.03": [37.75, -20.87, 5.75],
						"1.09": [42, -17, 11],
						"1.27": [37, -10, 11],
						"1.43": [34, -25, 17],
						"1.56": [34, -26, 17],
						"1.68": [19, -31, 6],
						"1.74": [13, -29, -1],
						"1.8": [7, -22, -4],
						"1.97": [6, -19, 4],
						"2.03": [2, -16.92, 3.85],
						"2.05": [1, -15.23, 3.47],
						"2.23": [0, 0, 0]
					},
					"scale": {
						"1.1": [1, 1, 1],
						"1.27": [0, 0, 0],
						"1.43": [0, 0, 0],
						"1.56": [1, 1, 1]
					}
				},
				"slidebody15": {
					"position": {
						"0.76": [0, 0, 7],
						"2.72": [0, 0, 7],
						"2.78": [0, 0, 7.5],
						"2.88": [0, 0, 0]
					}
				},
				"9x2": {
					"rotation": {
						"2.77": [0, 0, 0],
						"2.82": [0, 5, 0]
					},
					"position": {
						"2.77": [0, 0, 0],
						"2.81": [0, 1, 0],
						"2.88": [-0.2, 3.3, -4]
					},
					"scale": {
						"0.0": [0, 0, 0],
						"1.46": [0, 0, 0],
						"1.56": [1, 1, 1]
					}
				},
				"slidebody13": {
					"position": {
						"1.3": [0, 0, 0],
						"1.34": [-1, 0, 0],
						"1.4": [0, 0, 0]
					}
				},
				"bone10": {
					"position": [0, -4, 6],
					"scale": {
						"0.0": [0, 0, 0],
						"2.12": [0, 0, 0],
						"2.19": [1, 1, 1]
					}
				},
				"bone25": {
					"rotation": {
						"0.0": [0, 0, 10],
						"2.93": [0, 0, 7.5],
						"3.01": [0, 0, 0]
					}
				},
				"cartridge3": {
					"position": {
						"2.79": [0, -3, 6],
						"2.98": [0, -1.7, 5.5]
					},
					"scale": {
						"0.0": [0, 0, 0],
						"2.27": [0, 0, 0],
						"2.45": [1, 1, 1]
					}
				},
				"bone17": {
					"rotation": {
						"0.0": [10, 0, 0],
						"2.74": [10, 0, 0],
						"2.82": [0, 0, 0]
					}
				},
				"cartridge": {
					"position": {
						"2.79": [0, 0, 0],
						"2.82": [0, 0.84, -1.67],
						"2.87": [0, 1.9, -6]
					},
					"scale": {
						"1.44": [0, 0, 0],
						"1.55": [1, 1, 1]
					}
				}
			}
		},
		"animation.glock17.hold.mag.tp": {
			"loop": true,
			"bones": {
				"rightArm": {
					"rotation": [-90, 0, 12.5],
					"position": [0, 0, 0]
				},
				"leftArm": {
					"position": [0, 0, 0]
				},
				"tool": {
					"position": [-2, 13, 11],
					"scale": 0.2
				},
				"glock17": {
					"rotation": [90, 0, 0],
					"position": [-6, 3, 19.7],
					"scale": 0.28
				},
				"body": {
					"rotation": ["query.target_x_rotation*0.35", "query.target_y_rotation", 0]
				},
				"mag": {
					"rotation": [-7.5, 0, 0],
					"position": [-1, 0, -10]
				},
				"NewGlock": {
					"scale": 0
				}
			}
		},
		"animation.glock17.draw.tp": {
			"loop": "hold_on_last_frame",
			"animation_length": 0.44,
			"bones": {
				"rightArm": {
					"rotation": {
						"0.0": [0, 0, 0],
						"0.24": [-97.5, 0, 0],
						"0.36": [-85, -5.73, 10]
					},
					"position": {
						"0.0": [0, 0, 0],
						"0.2": [1, 0, -1],
						"0.36": [0, 0, 0]
					}
				},
				"leftArm": {
					"rotation": {
						"0.0": [0, 0, 0],
						"0.24": [-84.37, 33.13, 13.13],
						"0.36": [-80, 32.5, -2.5]
					},
					"position": {
						"0.0": [0, 0, 0],
						"0.24": [-3, 0, -3],
						"0.36": [-3, 0, -1]
					}
				},
				"tool": {
					"position": [-2, 13, 11],
					"scale": 0.2
				},
				"glock17": {
					"rotation": [90, 0, 0],
					"position": [-6, 3, 19.7],
					"scale": 0.28
				},
				"body": {
					"rotation": ["query.target_x_rotation*0.35", "query.target_y_rotation", 0]
				}
			},
			"sound_effects": {
				"0.0": {
					"effect": "pistol.draw"
				}
			}
		},
		"animation.glock17.sprint.tp": {
			"loop": true,
			"bones": {
				"rightArm": {
					"rotation": [-110, -20, 25],
					"position": [0, 1, -2]
				},
				"leftArm": {
					"rotation": [5, 0, -2.5],
					"position": [0, 0, 0]
				},
				"tool": {
					"position": [-1, 13, 11],
					"scale": 0.2
				},
				"base": {
					"position": [-0.6, 0, 0.8]
				},
				"glock17": {
					"rotation": [90, 0, 0],
					"position": [-6, 3, 19.7],
					"scale": 0.28
				}
			}
		}
	}
}