{
   "format_version": "1.10.0",
   "minecraft:client_entity": {
      "description": {
         "identifier": "doors:figure_bad_scene2",
         "materials": {
            "default": "spider"
         },
         "textures": {
            "default": "textures/entity/figure_bad"
         },
         "geometry": {
            "default": "geometry.figure_bad"
         },
         "animations": {
            "figure_bad_generall2": "animation.figure_bad.scene2",
            "generall2": "controller.animation.figure_bad.generall2"
         },
         "scripts": {
            "animate": [
               "generall2"
            ]
         },
         "render_controllers": [
            "controller.render.spider"
         ],
         "spawn_egg": {
            "texture": "figure_bad",
            "texture_index": 0
         }
      }
   }
}