{
   "format_version": "1.10.0",
   "minecraft:client_entity": {
      "description": {
         "identifier": "doors:figure_d2",
         "materials": {
            "default": "spider"
         },
         "textures": {
            "default": "textures/entity/figure_new"
         },
         "geometry": {
            "default": "geometry.figure3"
         },
         "animations": {
            "figure_d_general": "animation.figure.dead",
            "general": "controller.animation.figure_d.general"
         },
         "scripts": {
            "animate": [
               "general"
            ]
         },
         "render_controllers": [
            "controller.render.spider"
         ]
      }
   }
}