
 {
	"format_version": "1.16.100",
	"minecraft:item": {
		"description": {
			"identifier": "op_asa:buster_call"
		},
  "components": {
    "minecraft:on_use":{
      "on_use":{
        "event":"op_asa:event1"
      }
    },
    "minecraft:max_stack_size": 1,
    "minecraft:hand_equipped":true,
    "minecraft:icon":{
      "texture": "buster_call"
    },
    "minecraft:display_name":{
      "value":"buster_call"
    },
    "minecraft:should_despawn":true
  },
  "events":{
    "op_asa:event1":{
      "sequence":[
        {
          "run_command":{
            "command":"fill ~~-1~ ~~-1~  op_asa:buster_block"
          }
        }
      ]
    }
  }
}
}

