
 {
	"format_version": "1.16.100",
	"minecraft:item": {
		"description": {
			"identifier": "op_asa:kaigun_supply",
			"category": "items"
		},
  "components": {
    "minecraft:render_offsets": {
      "main_hand": {
        "first_person": { 
          "scale": [0.0,0.0,0.0]
        },
        "third_person": { 
          "scale": [0.0,0.0,0.0]
        }
      }
    },
    "minecraft:on_use":{
      "on_use":{
        "event":"op_asa:event1"
      }
    },
    "minecraft:max_stack_size": 1,
    "minecraft:icon":{
      "texture": "kaigun_supply"
    },
    "minecraft:display_name":{
      "value":"kaigun_supply"
    },
    "minecraft:cooldown": {
      "category": "supply",
      "duration": 1200
    },
    "minecraft:should_despawn":true
  },
  "events":{
    "op_asa:event1":{
      "run_command":{
        "command":"function akasi/kaigun_supply"
      }
    }
  }
}
}

