
 {
	"format_version": "1.16.100",
	"minecraft:item": {
		"description": {
			"identifier": "op_asa:kaizokuo_akasi",
			"category": "items"
		},
  "components": {
    "minecraft:on_use":{
      "on_use":{
        "event":"op_asa:event1"
      }
    },
    "minecraft:render_offsets": {
      "main_hand": {
        "first_person": { 
          "scale": [0.0,0.0,0.0]
        },
        "third_person": { 
          "scale": [0.0,0.0,0.0]
        }
      }
    },
    "minecraft:max_stack_size": 1,
    "minecraft:hand_equipped":true,
    "minecraft:icon":{
      "texture": "kaizokuo_akasi"
    },
    "minecraft:display_name":{
      "value":"kaizokuo_akasi"
    },
    "minecraft:should_despawn":true
  },
  "events":{
    "op_asa:event1":{
      "sequence":[
        {
          "run_command":{
            "command":"tag @s[tag=kaizoku,lm=50,tag=yonko] add kaizokuo"
          }
        },
        {
          "run_command":{
            "command":"tag @s[tag=kaizokuo] remove sitibukai"
          }
        },
        {
          "run_command":{
            "command":"tag @s[tag=kaizokuo] remove yonko"
          }
        },
        {
          "run_command":{
            "command":"function akasi/promotion"
          }
        },
        {
          "run_command":{
            "command":"replaceitem entity @s[tag=kaizokuo] slot.weapon.mainhand 0 air"
          }
        }
      ]
    }
  }
}
}

