
 {
	"format_version": "1.16.100",
	"minecraft:item": {
		"description": {
			"identifier": "op_asa:kaizoku_akasi",
			"category": "items"
		},
  "components": {
    "minecraft:render_offsets": {
      "main_hand": {
        "first_person": { 
          "scale": [0.0,0.0,0.0]
        },
        "third_person": { 
          "scale": [0.0,0.0,0.0]
        }
      }
    },
    "minecraft:on_use":{
      "on_use":{
        "event":"op_asa:event1"
      }
    },
    "minecraft:max_stack_size": 1,
    "minecraft:icon":{
      "texture": "kaizoku_akasi"
    },
    "minecraft:display_name":{
      "value":"kaizoku_akasi"
    },
    "minecraft:should_despawn":true
  },
  "events":{
    "op_asa:event1":{
      "sequence":[
        {
          "run_command":{
            "command":[
              "clear @s op_asa:kaigun_akasi",
              "clear @s op_asa:kaigun_supply",
              "tag @s remove kaigun",
              "xp -24791L @s"
            ]
          }
        },
        {
          "run_command":{
            "command":"tag @s add kaizoku"
          }
        },
        {
          "run_command":{
            "command":"function akasi/promotion_gear4"
          }
        },
        {
          "run_command":{
            "command":"function akasi/kaizoku_akasi"
          }
        }
      ]
    }
  }
}
}

