
 {
	"format_version": "1.16.100",
	"minecraft:item": {
		"description": {
			"identifier": "op_asa:mam_akasi",
			"category": "items"
		},
  "components": {
    "minecraft:on_use":{
      "on_use":{
        "event":"op_asa:event1"
      }
    },
    "minecraft:max_stack_size": 1,
    "minecraft:hand_equipped":true,
    "minecraft:icon":{
      "texture": "mam_akasi"
    },
    "minecraft:display_name":{
      "value":"mam_akasi"
    },
    "minecraft:should_despawn":true
  },
  "events":{
    "op_asa:event1":{
      "sequence":[
        {
          "run_command":{
            "command":"tag @s[tag=kaizoku,lm=40] add yonko"
          }
        },
        {
          "run_command":{
            "command":"tag @s[tag=yonko] remove sitibukai"
          }
        },
        {
          "run_command":{
            "command":"tag @s[tag=yonko] remove kaizokuo"
          }
        },
        {
          "run_command":{
            "command":"function akasi/promotion"
          }
        },
        {
          "run_command":{
            "command":"replaceitem entity @s[tag=yonko] slot.weapon.mainhand 0 air"
          }
        }
      ]
    }
  }
}
}

