
 {
	"format_version": "1.16.100",
	"minecraft:item": {
		"description": {
			"identifier": "op_asa:taisyo_summon",
			"category": "items"
		},
  "components": {
    "minecraft:on_use":{
      "on_use":{
        "event":"op_asa:event1"
      }
    },
    "minecraft:render_offsets": {
      "main_hand": {
        "first_person": { 
          "scale": [0.0,0.0,0.0]
        },
        "third_person": { 
          "scale": [0.0,0.0,0.0]
        }
      }
    },
    "minecraft:max_stack_size": 1,
    "minecraft:icon":{
      "texture": "taisyo_summon"
    },
    "minecraft:display_name":{
      "value":"taisyo_summon"
    },
    "minecraft:should_despawn":true
  },
  "events":{
    "op_asa:event1":{
      "sequence":[
        {
          "run_command":{
            "command":"clear @s[tag=gensui] op_asa:taisyo_summon 0 1"
          }
        },
        {
          "run_command":{
            "command":"execute @s[tag=gensui] ~~~ summon op_asa:kizaru ~~~"
          }
        },
        {
          "run_command":{
            "command":"execute @s[tag=gensui] ~~~ summon op_asa:akainu ~10~~"
          }
        },
        {
          "run_command":{
            "command":"execute @s[tag=gensui] ~~~ summon op_asa:aokizi ~20~~"
          }
        }
      ]
    }
  }
}
}

