{
	"format_version": "1.10.0",
	"geometry.mechanical_pup": {
		"texturewidth": 64,
		"textureheight": 64,
		"visible_bounds_width": 3,
		"visible_bounds_height": 2,
		"visible_bounds_offset": [0, 1, 0],
		"bones": [
			{
				"name": "root",
				"pivot": [0, 7, 5]
			},
			{
				"name": "body",
				"parent": "root",
				"pivot": [0, 0, 0],
				"cubes": [
					{"origin": [-1.5, 4.7, -4], "size": [3, 3.4, 6], "uv": [6, 0]},
					{"origin": [-1.5, 4.7, 2], "size": [3, 3.5, 3], "uv": [0, 0]}
				]
			},
			{
				"name": "leg4",
				"parent": "root",
				"pivot": [-2, 6, -3],
				"cubes": [
					{"origin": [-3, 0, -5], "size": [2, 1, 2.4], "uv": [9, 10]}
				]
			},
			{
				"name": "leg4a",
				"parent": "leg4",
				"pivot": [-6, 0, -7],
				"rotation": [-10, 0, 0],
				"cubes": [
					{"origin": [-2.5, 1, -4], "size": [1, 3, 1.5], "uv": [6, 12]}
				]
			},
			{
				"name": "leg4b",
				"parent": "leg4",
				"pivot": [-6, 0, -7],
				"rotation": [5, 0, 0],
				"cubes": [
					{"origin": [-2.6, 2, -3.4], "size": [1, 3, 2.2], "uv": [0, 11]},
					{"origin": [-2.7, 4.5, -3], "size": [2, 2, 2.2], "uv": [0, 7]}
				]
			},
			{
				"name": "leg3",
				"parent": "root",
				"pivot": [2, 6, -3],
				"cubes": [
					{"origin": [1, 0, -5], "size": [2, 1, 2.4], "uv": [9, 10]}
				]
			},
			{
				"name": "leg3a",
				"parent": "leg3",
				"pivot": [6, 0, -7],
				"rotation": [-10, 0, 0],
				"cubes": [
					{"origin": [1.5, 1, -4], "size": [1, 3, 1.5], "uv": [6, 12]}
				]
			},
			{
				"name": "leg3b",
				"parent": "leg3",
				"pivot": [6, 0, -7],
				"rotation": [5, 0, 0],
				"cubes": [
					{"origin": [1.6, 2, -3.4], "size": [1, 3, 2.2], "uv": [0, 11]},
					{"origin": [0.7, 4.5, -3], "size": [2, 2, 2.2], "uv": [0, 7]}
				]
			},
			{
				"name": "leg1",
				"parent": "root",
				"pivot": [-2, 7, 4],
				"cubes": [
					{"origin": [-3, 0, 2], "size": [2, 1, 3], "uv": [10, 13]}
				]
			},
			{
				"name": "leg1a",
				"parent": "leg1",
				"pivot": [-6, 0, 0],
				"rotation": [-10, 0, 0],
				"cubes": [
					{"origin": [-2.5, 1, 3], "size": [1, 3, 1.5], "uv": [18, 10]}
				]
			},
			{
				"name": "leg1b",
				"parent": "leg1",
				"pivot": [-6, 0, 0],
				"rotation": [-10, 0, 0],
				"cubes": [
					{"origin": [-2.6, 4, 1.6], "size": [1.55, 4, 2.5], "uv": [22, 9]}
				]
			},
			{
				"name": "leg2",
				"parent": "root",
				"pivot": [2, 7, 4],
				"cubes": [
					{"origin": [1, 0, 2], "size": [2, 1, 3], "uv": [10, 13]}
				]
			},
			{
				"name": "leg2a",
				"parent": "leg2",
				"pivot": [6, 0, 0],
				"rotation": [-10, 0, 0],
				"cubes": [
					{"origin": [1.5, 1, 3], "size": [1, 3, 1.5], "uv": [18, 10]}
				]
			},
			{
				"name": "leg2b",
				"parent": "leg2",
				"pivot": [6, 0, 0],
				"rotation": [-10, 0, 0],
				"cubes": [
					{"origin": [1.05, 4, 1.6], "size": [1.55, 4, 2.5], "uv": [22, 9]}
				]
			},
			{
				"name": "head",
				"parent": "root",
				"pivot": [0, 7, -3],
				"rotation": [-15, 0, 0],
				"cubes": [
					{"origin": [-1.5, 6.04905, -6.03167], "size": [3, 2, 3], "uv": [19, 1]}
				]
			},
			{
				"name": "head2",
				"parent": "head",
				"pivot": [0, 0.04905, 1.96833],
				"rotation": [15, 0, 0],
				"cubes": [
					{"origin": [-2, 7.74905, -6.03167], "size": [4, 3, 3], "uv": [32, 0]}
				]
			},
			{
				"name": "head3",
				"parent": "head",
				"pivot": [0, 0.04905, 1.96833],
				"rotation": [15, 0, 0],
				"cubes": [
					{"origin": [-0.5, 9.3491, -8.3], "size": [1, 1, 1], "uv": [18, 0]},
					{"origin": [-1.2, 8.34905, -8.03167], "size": [2.5, 1.4, 2], "uv": [24, 6]}
				]
			},
			{
				"name": "head4",
				"parent": "head",
				"pivot": [0, 0.04905, 1.96833],
				"rotation": [15, 0, 0],
				"cubes": [
					{"origin": [-0.7, 7.74905, -7.83167], "size": [1.5, 1, 2], "uv": [32, 6]}
				]
			},
			{
				"name": "head5",
				"parent": "head",
				"pivot": [0, 0.04905, 1.96833],
				"rotation": [-5, 0, 5],
				"cubes": [
					{"origin": [0.3, 7.04905, -7.83167], "size": [1, 3, 1], "uv": [28, 0]}
				]
			},
			{
				"name": "head6",
				"parent": "head",
				"pivot": [0, 0.04905, 1.96833],
				"rotation": [-5, 0, 5]
			},
			{
				"name": "head7",
				"parent": "head",
				"pivot": [0, 0.04905, 1.96833],
				"rotation": [-5, 0, -5],
				"cubes": [
					{"origin": [-1.3, 7.04905, -7.83167], "size": [1, 3, 1], "uv": [28, 0]}
				]
			},
			{
				"name": "head8",
				"parent": "head",
				"pivot": [0, 0.04905, 1.96833],
				"rotation": [-5, 0, -5]
			},
			{
				"name": "tail",
				"parent": "root",
				"pivot": [0, 7, 5],
				"rotation": [-27.5, 0, 0],
				"cubes": [
					{"origin": [-0.5, 7, 4.3], "size": [1, 1, 2], "uv": [43, 0]}
				]
			}
		]
	}
}