{
	"format_version": "1.10.0",
	"geometry.night_panter": {
		"texturewidth": 64,
		"textureheight": 64,
		"visible_bounds_width": 3,
		"visible_bounds_height": 2,
		"visible_bounds_offset": [0, 1, 0],
		"bones": [
			{
				"name": "leg1",
				"pivot": [-2, 6, 4],
				"cubes": [
					{"origin": [-3, 0, 2], "size": [2, 1, 3], "uv": [26, 23]}
				]
			},
			{
				"name": "leg1a",
				"parent": "leg1",
				"pivot": [2, 0, 0],
				"rotation": [-10, 0, 0],
				"cubes": [
					{"origin": [-2.5, 1, 3], "size": [1, 3, 1.5], "uv": [4, 38]}
				]
			},
			{
				"name": "leg1b",
				"parent": "leg1",
				"pivot": [2, 0, 0],
				"rotation": [-10, 0, 0],
				"cubes": [
					{"origin": [-3, 3, 1.6], "size": [2, 4, 2.5], "uv": [0, 23]},
					{"origin": [-2.9, 5.95442, 1.07906], "size": [1, 3, 2.2], "uv": [36, 1]}
				]
			},
			{
				"name": "leg2",
				"pivot": [2, 6, 4],
				"cubes": [
					{"origin": [1, 0, 2], "size": [2, 1, 3], "uv": [8, 23]}
				]
			},
			{
				"name": "leg2a",
				"parent": "leg2",
				"pivot": [6, 0, 0],
				"rotation": [-10, 0, 0],
				"cubes": [
					{"origin": [1.5, 1, 3], "size": [1, 3, 1.5], "uv": [30, 34]}
				]
			},
			{
				"name": "leg2b",
				"parent": "leg2",
				"pivot": [0, 0, 0],
				"rotation": [-10, 0, 0],
				"cubes": [
					{"origin": [1, 3, 1.6], "size": [2, 4, 2.5], "uv": [18, 23]},
					{"origin": [1.9, 5.95442, 1.07906], "size": [1, 3, 2.2], "uv": [36, 1]}
				]
			},
			{
				"name": "leg3",
				"pivot": [0, 0, 0],
				"cubes": [
					{"origin": [1, 0, -5], "size": [2, 1, 2.4], "uv": [16, 29]}
				]
			},
			{
				"name": "leg3a",
				"parent": "leg3",
				"pivot": [0, 0, 0],
				"rotation": [-10, 0, 0],
				"cubes": [
					{"origin": [1.5, 0.01519, -3.82635], "size": [1, 3, 1.5], "uv": [12, 34]},
					{"origin": [1, 1.82635, -4.38481], "size": [2, 3, 2.2], "uv": [8, 29]}
				]
			},
			{
				"name": "leg3a2",
				"parent": "leg3",
				"pivot": [0, 3, 0],
				"rotation": [-10, 0, 0],
				"cubes": [
					{"origin": [2, 5, -3.4], "size": [1, 3, 2.2], "uv": [36, 1]}
				]
			},
			{
				"name": "leg4",
				"pivot": [0, 0, 0],
				"cubes": [
					{"origin": [-3, 0, -5], "size": [2, 1, 2.4], "uv": [32, 29]}
				]
			},
			{
				"name": "leg4a",
				"parent": "leg4",
				"pivot": [-6, 0, -7],
				"rotation": [-10, 0, 0],
				"cubes": [
					{"origin": [-2.5, 1, -4], "size": [1, 3, 1.5], "uv": [26, 34]}
				]
			},
			{
				"name": "leg4b",
				"parent": "leg4",
				"pivot": [-6, 1, -8],
				"rotation": [-10, 0, 0],
				"cubes": [
					{"origin": [-3, 6.15846, -4], "size": [1, 3, 2.2], "uv": [36, 1]},
					{"origin": [-3, 3, -4.4], "size": [2, 3, 2.2], "uv": [0, 29]}
				]
			},
			{
				"name": "body",
				"pivot": [0, 0, 0],
				"cubes": [
					{"origin": [-2, 4.7, -4], "size": [4, 4.4, 4], "uv": [18, 0]},
					{"origin": [-1.7, 5, 0], "size": [3.5, 3.5, 3], "uv": [0, 0]},
					{"origin": [-2, 5, 2], "size": [4, 4, 3], "uv": [46, 0]}
				]
			},
			{
				"name": "head",
				"pivot": [0, 6, -5],
				"rotation": [7.5, 0, 0],
				"cubes": [
					{"origin": [-1.5, 4.30787, -7.06574], "size": [3, 3, 5], "uv": [16, 9]}
				]
			},
			{
				"name": "head2",
				"parent": "head",
				"pivot": [0, -0.69213, 0.93426],
				"rotation": [15, 0, 0],
				"cubes": [
					{"origin": [-2, 6.00787, -8.06574], "size": [4, 4, 4], "uv": [0, 9]}
				]
			},
			{
				"name": "head3",
				"parent": "head",
				"pivot": [0, -0.69213, 0.93426],
				"rotation": [15, 0, 0],
				"cubes": [
					{"origin": [-1.2, 7.00787, -10.06574], "size": [2.5, 1.4, 2], "uv": [24, 29]}
				]
			},
			{
				"name": "head4",
				"parent": "head",
				"pivot": [0, 2.5155, 1.90242],
				"rotation": [32.5, 0, 0],
				"cubes": [
					{"origin": [-0.7, 9.5155, -8.89758], "size": [1.5, 1, 2], "uv": [0, 34]}
				]
			},
			{
				"name": "head5",
				"parent": "head",
				"pivot": [0, -2.95215, -3.63655],
				"rotation": [-30, 0, 5],
				"cubes": [
					{"origin": [0.3, 4.04785, -13.43655], "size": [1, 2, 1], "uv": [22, 34]}
				]
			},
			{
				"name": "head6",
				"parent": "head",
				"pivot": [0, -0.69213, 0.93426],
				"rotation": [-5, 0, 5]
			},
			{
				"name": "head7",
				"parent": "head",
				"pivot": [0, -2.95215, -3.63655],
				"rotation": [-30, 0, -5],
				"cubes": [
					{"origin": [-1.3, 4.04785, -13.43655], "size": [1, 2, 1], "uv": [0, 38]}
				]
			},
			{
				"name": "head8",
				"parent": "head",
				"pivot": [0, -0.69213, 0.93426],
				"rotation": [-5, 0, -5]
			},
			{
				"name": "ekor",
				"pivot": [0, 7, 5],
				"rotation": [-55, 0, 0],
				"cubes": [
					{"origin": [-1.5, 5.2738, 4.32456], "size": [3, 2, 3], "uv": [0, 17]}
				]
			},
			{
				"name": "ekor2",
				"parent": "ekor",
				"pivot": [0, 1.2738, -0.67544],
				"rotation": [10, 0, 0],
				"cubes": [
					{"origin": [-0.7, 4.2738, 7.32456], "size": [1.5, 1.3, 4], "uv": [32, 9]}
				]
			},
			{
				"name": "ekor3",
				"parent": "ekor",
				"pivot": [0, 1.2738, -0.67544],
				"rotation": [30, 0, 0],
				"cubes": [
					{"origin": [-0.4, 0.2738, 11.32456], "size": [1, 1, 3], "uv": [22, 17]}
				]
			},
			{
				"name": "ekor4",
				"parent": "ekor",
				"pivot": [0, 1.2738, -0.67544],
				"rotation": [70, 0, 0],
				"cubes": [
					{"origin": [-0.4, -8.9262, 10.02456], "size": [1, 1, 3], "uv": [33, 18]}
				]
			},
			{
				"name": "lingkaran",
				"pivot": [0, 8, -10],
				"cubes": [
					{"origin": [-2, 9, -12], "size": [4, 0, 4], "uv": [47, 10]}
				]
			},
			{
				"name": "lingkaran2",
				"pivot": [0, 2.22096, 11],
				"rotation": [0, 0, -90],
				"cubes": [
					{"origin": [-2, 2, 9], "size": [4, 0, 4], "uv": [47, 10]}
				]
			}
		]
	}
}