{
  "format_version": "1.12.0",
  "minecraft:geometry": [
    {
      "description": {
        "identifier": "geometry.poring",
        "texture_width": 64,
        "texture_height": 64,
        "visible_bounds_width": 2,
        "visible_bounds_height": 2.5,
        "visible_bounds_offset": [
          0,
          0.75,
          0
        ]
      },
      "bones": [
        {
          "name": "root",
          "pivot": [
            0,
            0,
            0
          ]
        },
        {
          "name": "bone",
          "parent": "root",
          "pivot": [
            0,
            0,
            0
          ],
          "cubes": [
            {
              "origin": [
                -4.2,
                1,
                -4.3
              ],
              "size": [
                9.5,
                2.3,
                9.5
              ],
              "uv": [
                0,
                0
              ]
            },
            {
              "origin": [
                -3.7,
                3,
                -3.8
              ],
              "size": [
                8.5,
                1,
                8.5
              ],
              "uv": [
                2,
                1
              ]
            },
            {
              "origin": [
                -3.7,
                0.5,
                -3.8
              ],
              "size": [
                8.5,
                1,
                8.5
              ],
              "uv": [
                2,
                1
              ]
            },
            {
              "origin": [
                -3.4,
                4,
                -3.5
              ],
              "size": [
                8,
                1,
                8
              ],
              "uv": [
                2,
                1
              ]
            },
            {
              "origin": [
                1.6,
                3.3,
                -4
              ],
              "size": [
                1,
                2,
                1
              ],
              "uv": [
                2,
                1
              ]
            },
            {
              "origin": [
                -1.6,
                3.3,
                -4
              ],
              "size": [
                1,
                2,
                1
              ],
              "uv": [
                2,
                1
              ],
              "mirror": true
            },
            {
              "origin": [
                -3.1,
                4,
                -3.2
              ],
              "size": [
                7.5,
                1.5,
                7.5
              ],
              "uv": [
                2,
                3
              ]
            },
            {
              "origin": [
                -2.5,
                5,
                -2.6
              ],
              "size": [
                6.3,
                1,
                6.3
              ],
              "uv": [
                5,
                3
              ]
            },
            {
              "origin": [
                -2.1,
                5.5,
                -2.2
              ],
              "size": [
                5.5,
                1,
                5.5
              ],
              "uv": [
                5,
                3
              ]
            },
            {
              "origin": [
                -1.8,
                6,
                -2
              ],
              "size": [
                5,
                1,
                5
              ],
              "uv": [
                5,
                3
              ]
            },
            {
              "origin": [
                -1.5,
                6.5,
                -1.8
              ],
              "size": [
                4.5,
                1,
                4.5
              ],
              "uv": [
                8,
                4
              ]
            },
            {
              "origin": [
                -1.4,
                7,
                -1.5
              ],
              "size": [
                4,
                1,
                4
              ],
              "uv": [
                8,
                4
              ]
            },
            {
              "origin": [
                -1,
                7.5,
                -1
              ],
              "size": [
                3.3,
                1,
                3.3
              ],
              "uv": [
                8,
                4
              ]
            },
            {
              "origin": [
                -3.4,
                0,
                -3.6
              ],
              "size": [
                8,
                1,
                8
              ],
              "uv": [
                2,
                1
              ]
            }
          ]
        },
        {
          "name": "bone2",
          "parent": "root",
          "pivot": [
            0,
            0,
            0
          ],
          "cubes": [
            {
              "origin": [
                0.8,
                11.79335,
                3.8
              ],
              "size": [
                1.5,
                1.5,
                1.5
              ],
              "pivot": [
                3.5,
                12,
                1.9
              ],
              "rotation": [
                -52.5,
                -72.5,
                0
              ],
              "uv": [
                8,
                4
              ]
            }
          ]
        }
      ]
    }
  ]
}