{
	"format_version": "1.12.0",
	"minecraft:geometry": [
		{
			"description": {
				"identifier": "geometry.shiba",
				"texture_width": 128,
				"texture_height": 128,
				"visible_bounds_width": 3,
				"visible_bounds_height": 2.5,
				"visible_bounds_offset": [0, 0.75, 0]
			},
			"bones": [
				{
					"name": "root",
					"pivot": [-0.5, 10, -6]
				},
				{
					"name": "leg1",
					"parent": "root",
					"pivot": [-3, 7, 5],
					"cubes": [
						{"origin": [-3.5, 0, 3], "size": [2, 1, 3], "uv": [5, 19]}
					]
				},
				{
					"name": "leg1a",
					"parent": "leg1",
					"pivot": [0, 1, 0],
					"rotation": [-10, 0, 0],
					"cubes": [
						{"origin": [-3, 1, 4.55], "size": [1, 5, 1.5], "uv": [0, 18]}
					]
				},
				{
					"name": "leg1b",
					"parent": "leg1",
					"pivot": [0, 3, 0],
					"rotation": [10, 0, 0],
					"cubes": [
						{"origin": [-3.5, 2, 4.55], "size": [2, 5, 2.5], "uv": [0, 0]}
					]
				},
				{
					"name": "leg2",
					"parent": "root",
					"pivot": [2, 7, 5],
					"cubes": [
						{"origin": [0.5, 0, 3], "size": [2, 1, 3], "uv": [5, 19]}
					]
				},
				{
					"name": "leg2a",
					"parent": "leg2",
					"pivot": [-1, 1, 0],
					"rotation": [-10, 0, 0],
					"cubes": [
						{"origin": [1, 1, 4.55], "size": [1, 5, 1.5], "uv": [0, 18]}
					]
				},
				{
					"name": "leg2b",
					"parent": "leg2",
					"pivot": [-1, 3, 0],
					"rotation": [10, 0, 0],
					"cubes": [
						{"origin": [0.5, 2, 4.55], "size": [2, 5, 2.5], "uv": [0, 0]}
					]
				},
				{
					"name": "leg3",
					"parent": "root",
					"pivot": [-3, 6, -4],
					"cubes": [
						{"origin": [-3.5, 0, -5.5], "size": [2, 1, 2.5], "uv": [6, 20]}
					]
				},
				{
					"name": "leg3a",
					"parent": "leg3",
					"pivot": [-5, 1, -9],
					"rotation": [-10, 0, 0],
					"cubes": [
						{"origin": [-3, 1, -4.45], "size": [1, 5, 1.5], "uv": [0, 18]}
					]
				},
				{
					"name": "leg3b",
					"parent": "leg3",
					"pivot": [-5, 3, -9],
					"rotation": [10, 0, 0],
					"cubes": [
						{"origin": [-3.4, 1.7, -4.45], "size": [2, 4, 2.5], "uv": [0, 0]}
					]
				},
				{
					"name": "leg4",
					"parent": "root",
					"pivot": [2, 6, -4],
					"cubes": [
						{"origin": [0.5, 0, -5.5], "size": [2, 1, 2.5], "uv": [5, 20]}
					]
				},
				{
					"name": "leg4a",
					"parent": "leg4",
					"pivot": [-2, 1, -9],
					"rotation": [-10, 0, 0],
					"cubes": [
						{"origin": [1, 1, -4.45], "size": [1, 5, 1.5], "uv": [0, 18]}
					]
				},
				{
					"name": "leg4b",
					"parent": "leg4",
					"pivot": [-2, 3, -9],
					"rotation": [10, 0, 0],
					"cubes": [
						{"origin": [0.4, 1.7, -4.45], "size": [2, 4, 2.5], "uv": [0, 0]}
					]
				},
				{
					"name": "body",
					"parent": "root",
					"pivot": [0, 0, 0],
					"cubes": [
						{"origin": [-3, 4, 3], "size": [5, 5, 4], "uv": [16, 17]},
						{"origin": [-2.5, 4.8, 6.7], "size": [4, 4, 1], "uv": [0, 0]}
					]
				},
				{
					"name": "body2",
					"parent": "body",
					"pivot": [0, 0, -5],
					"cubes": [
						{"origin": [-2.5, 4.3, -4], "size": [4, 4.5, 7], "uv": [0, 0]}
					]
				},
				{
					"name": "body3",
					"parent": "body",
					"pivot": [0, 2, -14],
					"rotation": [-10, 0, 0],
					"cubes": [
						{"origin": [-3, 8.95443, -6.52095], "size": [5, 5.4, 5], "uv": [0, 0]}
					]
				},
				{
					"name": "body4",
					"parent": "body",
					"pivot": [0, 0, 0],
					"cubes": [
						{"origin": [-4, 4.3, -8], "size": [7, 8, 2], "pivot": [0, -2, -3], "rotation": [-17.5, 0, 0], "uv": [18, 34]}
					]
				},
				{
					"name": "body5",
					"parent": "body",
					"pivot": [0, -1, 3],
					"rotation": [-5, 0, 0],
					"cubes": [
						{"origin": [-2, 5.4, -4], "size": [3, 4, 11], "uv": [0, 0]},
						{"origin": [-2, 8.35871, 6.95814], "size": [3, 1, 3], "uv": [0, 0]},
						{"origin": [-2, 7.36252, 7.0453], "size": [3, 1, 1], "uv": [0, 0]}
					]
				},
				{
					"name": "body6",
					"parent": "body",
					"pivot": [0, 0, 0]
				},
				{
					"name": "body7",
					"parent": "body",
					"pivot": [0, -1, -2],
					"rotation": [-25, 0, 0],
					"cubes": [
						{"origin": [-2.64, 6, -9], "size": [4.3, 4, 6], "uv": [0, 0]}
					]
				},
				{
					"name": "head",
					"parent": "root",
					"pivot": [-0.5, 10, -6],
					"rotation": [-25, 0, 0],
					"cubes": [
						{"origin": [-2.5, 7.5, -10], "size": [4, 3, 4], "uv": [47, 1]},
						{"origin": [-3.5, 7, -7.8], "size": [6, 6.4, 5.2], "pivot": [0, 1, 0], "rotation": [5, 0, 0], "uv": [24, 0]}
					]
				},
				{
					"name": "head2",
					"parent": "head",
					"pivot": [0, 0, 0],
					"cubes": [
						{"origin": [-2, 9, -11], "size": [3, 2, 2], "pivot": [0, 0, 0], "rotation": [5, 0, 0], "uv": [60, 0]},
						{"origin": [-1, 10.1, -11.1], "size": [1, 1, 1], "pivot": [0, 0, 0], "rotation": [5, 0, 0], "uv": [7, 5]}
					]
				},
				{
					"name": "head3",
					"parent": "head",
					"pivot": [0, -2, 1],
					"rotation": [-5, 0, 0],
					"cubes": [
						{"origin": [-1.5, 10.47836, -6.55477], "size": [2, 1, 2], "pivot": [0, -2, 1], "rotation": [27.5, 0, 0], "uv": [50, 9]}
					]
				},
				{
					"name": "head4",
					"parent": "head",
					"pivot": [0, 1, 0],
					"rotation": [-15, 10, -5],
					"cubes": [
						{"origin": [-1, 10, -9.5], "size": [1.5, 3, 1], "pivot": [0, 1, 0], "rotation": [5, 0, 0], "uv": [44, 0]}
					]
				},
				{
					"name": "head5",
					"parent": "head",
					"pivot": [-1, 1, 0],
					"rotation": [-15, -10, 5],
					"cubes": [
						{"origin": [-1.5, 10, -9.5], "size": [1.5, 3, 1], "pivot": [-1, 1, 0], "rotation": [5, 0, 0], "uv": [44, 0]}
					]
				},
				{
					"name": "bone",
					"parent": "root",
					"pivot": [-0.5, 10, -6],
					"cubes": [
						{"origin": [1.5, 12.3, 1], "size": [1, 4.5, 1.2], "pivot": [6, 3, 0], "rotation": [0, 0, -37.5], "uv": [30, 11]},
						{"origin": [-20.5, 8.3, 1], "size": [1, 7.5, 1.2], "pivot": [-16, 2, 0], "rotation": [0, 0, 65], "uv": [42, 11]},
						{"origin": [-21.5, 9.3, 1.1], "size": [1, 7.5, 1], "pivot": [-17, 3, 0], "rotation": [0, 0, 82.5], "uv": [36, 11]},
						{"origin": [-21.5, 11, 1.1], "size": [1, 6.5, 1], "pivot": [-17, 4, 0], "rotation": [0, 0, 82.5], "uv": [36, 11]},
						{"origin": [-22, 15.3, 1.1], "size": [1, 3.5, 1], "pivot": [-18, 5, 0], "rotation": [0, 0, 82.5], "uv": [36, 11]}
					]
				},
				{
					"name": "bone2",
					"parent": "root",
					"pivot": [-0.5, 10, -6],
					"cubes": [
						{"origin": [-3.5, 12.3, 1], "size": [1, 4.5, 1.2], "pivot": [-7, 3, 0], "rotation": [0, 0, 37.5], "uv": [30, 11], "mirror": true},
						{"origin": [18.5, 8.3, 1], "size": [1, 7.5, 1.2], "pivot": [15, 2, 0], "rotation": [0, 0, -65], "uv": [42, 11], "mirror": true},
						{"origin": [19.5, 9.3, 1.1], "size": [1, 7.5, 1], "pivot": [16, 3, 0], "rotation": [0, 0, -82.5], "uv": [36, 11], "mirror": true},
						{"origin": [19.5, 11, 1.1], "size": [1, 6.5, 1], "pivot": [16, 4, 0], "rotation": [0, 0, -82.5], "uv": [36, 11], "mirror": true},
						{"origin": [20, 15.3, 1.1], "size": [1, 3.5, 1], "pivot": [17, 5, 0], "rotation": [0, 0, -82.5], "uv": [36, 11], "mirror": true}
					]
				},
				{
					"name": "bone3",
					"parent": "root",
					"pivot": [-0.5, 10, -6],
					"cubes": [
						{"origin": [-1.5, 17.2333, -1.92222], "size": [2, 0, 2], "pivot": [0, 1, 2], "rotation": [50, 0, 0], "uv": [56, 9]}
					]
				}
			]
		}
	]
}