{
	"format_version": "1.8.0",
	"animations": {
		"animation.flag.wind": {
			"loop": true,
			"animation_length": 0.68,
			"bones": {
				"flag": {
					"rotation": {
						"0.0": [0, 0, 0],
						"0.28": [0, -15, 0],
						"0.56": [0, 0, 0]
					}
				},
				"bone": {
					"rotation": {
						"0.08": [0, 0, 0],
						"0.36": [0, 22.5, 0],
						"0.64": [0, 0, 0]
					}
				},
				"bone2": {
					"rotation": {
						"0.08": [0, 0, 0],
						"0.36": [0, -15, 0],
						"0.64": [0, 0, 0]
					},
					"position": {
						"0.08": [0, 0, 0],
						"0.36": [-2.5, 0, 1],
						"0.64": [0, 0, 0]
					}
				},
				"bone3": {
					"rotation": {
						"0.08": [0, 0, 0],
						"0.36": [0, 22.5, 0],
						"0.64": [0, 0, 0]
					},
					"position": {
						"0.08": [0, 0, 0],
						"0.36": [-0.8, 0, 1.5],
						"0.64": [0, 0, 0]
					}
				}
			}
		}
	}
}