{
  "format_version": "1.16.100",
  "minecraft:item": {
    "description": {
      "identifier": "ic:train2", 
      "category": "equipment" 
    },
    "components": {
      "minecraft:display_name": {
        "value": "§fSummon Lvl2 Train"
      },
      "minecraft:creative_category": {
        "parent": "itemGroup.name.tools"
      },
      "minecraft:enchantable": {
			"slot": "flintsteel",
			"value": 45
		},
		"minecraft:durability": {
			"max_durability": 270,
			"damage_chance": {
				"min": 5,
				"max": 10
			}
		},
		"minecraft:on_use": {
			"on_use": {
				"event":"throw"
			}		
		},
      "minecraft:stacked_by_data": false,
      "minecraft:cooldown": {
        "category": "train",
        "duration": 5.0
      },
      "minecraft:allow_off_hand": false,
      "minecraft:hand_equipped": false,
      "minecraft:use_duration": 17,
      "minecraft:max_stack_size": 1, 
      "minecraft:icon": {
        "texture": "ic:train"
      }
     }, 
     "events": {
		"throw": {
			"sequence": [
				{
					"damage": {
						"type": "none",
						"amount": 1,
						"target": "self"
					}, 
					"run_command": {
							"command": [
								"summon ic:train_lvl2 ~ ~2 ~"
							]
						}
				}
			]
		}
	} 
  }
}