{                                                                     
  "format_version": "1.16.100",
  "minecraft:item": {
    "description": {
      "identifier": "stk:mag_floor",
      "category" : "items"
    },
    "components": {
      "minecraft:icon": {
        "texture": "mag_floor"
      },
		"minecraft:render_offsets": {
			"main_hand": {
			  "first_person": { 
				"scale": [0.000,0.000,0.000]
			  },
			  "third_person": { 
				"scale": [0.000,0.000,0.000]
			  }
			},
			"off_hand": {
			  "first_person": { 
				"scale": [0.000,0.000,0.000]
			  },
			  "third_person": { 
				"scale": [0.000,0.000,0.000]
			  }
			}
		  },
      "minecraft:cooldown": {
        "category": "l",
        "duration": 8
      },
        "minecraft:display_name": {
        "value": "§l§emagu magu no: Magma Floor \ncooldown: 8"},
      "minecraft:stacked_by_data": false,
      "minecraft:max_stack_size": 1,
      "minecraft:foil": false,
      "minecraft:damage": 0,
      "minecraft:hand_equipped": true,
      "minecraft:on_use": {
        "on_use": {
          "event": "7",
          "target": "self"
        }
      }
    },
    "events": {
      "7": {
        "run_command": {
          "command": [ "summon stk:mag_floor ~~~","particle stk:magma_tower ~~~","playanimation @s animation.haki.explosion","effect @e[r=10,tag=!magu] poison 6 1 true" ],
          "target": "self"
        }
      }
    }
  }
}
















