{
	"format_version": "1.17.100",
	"minecraft:item": {
		"description": {
			"identifier": "stk:magu",
			"category": "items"
		},
		"components": {
			"minecraft:use_duration": 1,
			"minecraft:use_animation": "eat",
			"minecraft:max_stack_size": 1,
			"minecraft:icon": {
				"texture": "magu"
			},
			"minecraft:display_name": {
				"value": "§amagu magu no mi \ntype Logia \nrarity: mithic"
			},
			"minecraft:food": {
				"nutrition": 1,
				"can_always_eat": true,
				"saturation_modifier": "poor",
				"on_consume": {
					"event": "7"
				}
			},
			"minecraft:render_offsets": {			
			    "main_hand": {
			  "first_person": {
			      "position": [7.08, -1.6, -12.8],
				"scale": [0.20,0.20,0.20]
			  },
			  "third_person": { 
			      "position": [0.26, 1.0, -0.55],
				"scale": [0.07,0.07,0.07]
			  }
			},
			"off_hand": {
			  "first_person": { 
				"scale": [0.006,0.006,0.006]
			  },
			  "third_person": { 
				"scale": [0.010,0.010,0.010]
			  }
			}
			}
		},
		"events": {
			"7": {
				"run_command": {
					"command": [
						"function magu"
					]
				}
			}
		}
	}
}






































