{
  "format_version": "1.10.0",
  "animation_controllers": {
    "controller.animation.walk": {
      "states": {
        "default": {
          "transitions": [
            {
              "walk": "(1.0)"
            }
          ],
          "on_entry": [
            "/function walk"
          ]
        },
        "walk": {
          "transitions": [
            {
              "default": "(1.0)"
            }
          ],
          "on_entry": [
            "/function walk"
          ]
        }
      }
    },
    "controller.animation.sprint": {
      "initial_state": "default",
      "states": {
        "default": {
          "transitions": [
            {
              "sprint_ak": "query.get_equipped_item_name(\u0027main_hand\u0027) \u003d\u003d \u0027ak\u0027 \u0026\u0026 query.is_sprinting"
            },
            {
              "sprint_m1014": "query.get_equipped_item_name(\u0027main_hand\u0027) \u003d\u003d \u0027m1014\u0027 \u0026\u0026 query.is_sprinting"
            },
            {
              "sprint_scar": "query.get_equipped_item_name(\u0027main_hand\u0027) \u003d\u003d \u0027scar\u0027 \u0026\u0026 query.is_sprinting"
            },
            {
              "sprint_mp40": "query.get_equipped_item_name(\u0027main_hand\u0027) \u003d\u003d \u0027mp40\u0027 \u0026\u0026 query.is_sprinting"
            },
            {
              "sprint_famas": "query.get_equipped_item_name(\u0027main_hand\u0027) \u003d\u003d \u0027famas\u0027 \u0026\u0026 query.is_sprinting"
            },
            {
              "sprint_ump": "query.get_equipped_item_name(\u0027main_hand\u0027) \u003d\u003d \u0027ump\u0027 \u0026\u0026 query.is_sprinting"
            },
            {
              "sprint_mp5": "query.get_equipped_item_name(\u0027main_hand\u0027) \u003d\u003d \u0027mp5\u0027 \u0026\u0026 query.is_sprinting"
            },
            {
              "sprint_m1887": "query.get_equipped_item_name(\u0027main_hand\u0027) \u003d\u003d \u0027m1887\u0027 \u0026\u0026 query.is_sprinting"
            },
            {
              "sprint_xm8": "query.get_equipped_item_name(\u0027main_hand\u0027) \u003d\u003d \u0027xm8\u0027 \u0026\u0026 query.is_sprinting"
            },
            {
              "sprint_ak_empty": "query.get_equipped_item_name(\u0027main_hand\u0027) \u003d\u003d \u0027ak_empty\u0027 \u0026\u0026 query.is_sprinting"
            },
            {
              "sprint_m1014_empty": "query.get_equipped_item_name(\u0027main_hand\u0027) \u003d\u003d \u0027m1014_empty\u0027 \u0026\u0026 query.is_sprinting"
            },
            {
              "sprint_scar_empty": "query.get_equipped_item_name(\u0027main_hand\u0027) \u003d\u003d \u0027scar_empty\u0027 \u0026\u0026 query.is_sprinting"
            },
            {
              "sprint_mp40_empty": "query.get_equipped_item_name(\u0027main_hand\u0027) \u003d\u003d \u0027mp40_empty\u0027 \u0026\u0026 query.is_sprinting"
            },
            {
              "sprint_famas_empty": "query.get_equipped_item_name(\u0027main_hand\u0027) \u003d\u003d \u0027famas_empty\u0027 \u0026\u0026 query.is_sprinting"
            },
            {
              "sprint_ump_empty": "query.get_equipped_item_name(\u0027main_hand\u0027) \u003d\u003d \u0027ump_empty\u0027 \u0026\u0026 query.is_sprinting"
            },
            {
              "sprint_mp5_empty": "query.get_equipped_item_name(\u0027main_hand\u0027) \u003d\u003d \u0027mp5_empty\u0027 \u0026\u0026 query.is_sprinting"
            },
            {
              "sprint_m1887_empty": "query.get_equipped_item_name(\u0027main_hand\u0027) \u003d\u003d \u0027m1887_empty\u0027 \u0026\u0026 query.is_sprinting"
            },
            {
              "sprint_xm8_empty": "query.get_equipped_item_name(\u0027main_hand\u0027) \u003d\u003d \u0027xm8_empty\u0027 \u0026\u0026 query.is_sprinting"
            }
          ]
        },
        "sprint_ak": {
          "transitions": [
            {
              "default": "query.get_equipped_item_name(\u0027main_hand\u0027) !\u003d \u0027ak\u0027 || !query.is_sprinting"
            }
          ],
          "on_exit": [
            "/tag @s remove sprint"
          ],
          "animations": [
            "sprinting"
          ]
        },
        "sprint_m1014": {
          "transitions": [
            {
              "default": "query.get_equipped_item_name(\u0027main_hand\u0027) !\u003d \u0027m1014\u0027 || !query.is_sprinting"
            }
          ],
          "on_exit": [
            "/tag @s remove sprint"
          ],
          "animations": [
            "sprinting"
          ]
        },
        "sprint_scar": {
          "transitions": [
            {
              "default": "query.get_equipped_item_name(\u0027main_hand\u0027) !\u003d \u0027scar\u0027 || !query.is_sprinting"
            }
          ],
          "on_exit": [
            "/tag @s remove sprint"
          ],
          "animations": [
            "sprinting"
          ]
        },
        "sprint_mp40": {
          "transitions": [
            {
              "default": "query.get_equipped_item_name(\u0027main_hand\u0027) !\u003d \u0027mp40\u0027 || !query.is_sprinting"
            }
          ],
          "on_exit": [
            "/tag @s remove sprint"
          ],
          "animations": [
            "sprinting"
          ]
        },
        "sprint_famas": {
          "transitions": [
            {
              "default": "query.get_equipped_item_name(\u0027main_hand\u0027) !\u003d \u0027famas\u0027 || !query.is_sprinting"
            }
          ],
          "on_exit": [
            "/tag @s remove sprint"
          ],
          "animations": [
            "sprinting"
          ]
        },
        "sprint_ump": {
          "transitions": [
            {
              "default": "query.get_equipped_item_name(\u0027main_hand\u0027) !\u003d \u0027ump\u0027 || !query.is_sprinting"
            }
          ],
          "on_exit": [
            "/tag @s remove sprint"
          ],
          "animations": [
            "sprinting"
          ]
        },
        "sprint_mp5": {
          "transitions": [
            {
              "default": "query.get_equipped_item_name(\u0027main_hand\u0027) !\u003d \u0027mp5\u0027 || !query.is_sprinting"
            }
          ],
          "on_exit": [
            "/tag @s remove sprint"
          ],
          "animations": [
            "sprinting"
          ]
        },
        "sprint_m1887": {
          "transitions": [
            {
              "default": "query.get_equipped_item_name(\u0027main_hand\u0027) !\u003d \u0027m1887\u0027 || !query.is_sprinting"
            }
          ],
          "on_exit": [
            "/tag @s remove sprint"
          ],
          "animations": [
            "sprinting"
          ]
        },
        "sprint_xm8": {
          "transitions": [
            {
              "default": "query.get_equipped_item_name(\u0027main_hand\u0027) !\u003d \u0027xm8\u0027 || !query.is_sprinting"
            }
          ],
          "on_exit": [
            "/tag @s remove sprint"
          ],
          "animations": [
            "sprinting"
          ]
        },
        "sprint_ak_empty": {
          "transitions": [
            {
              "default": "query.get_equipped_item_name(\u0027main_hand\u0027) !\u003d \u0027ak_empty\u0027 || !query.is_sprinting"
            }
          ],
          "on_exit": [
            "/tag @s remove sprint"
          ],
          "animations": [
            "sprinting"
          ]
        },
        "sprint_m1014_empty": {
          "transitions": [
            {
              "default": "query.get_equipped_item_name(\u0027main_hand\u0027) !\u003d \u0027m1014_empty\u0027 || !query.is_sprinting"
            }
          ],
          "on_exit": [
            "/tag @s remove sprint"
          ],
          "animations": [
            "sprinting"
          ]
        },
        "sprint_scar_empty": {
          "transitions": [
            {
              "default": "query.get_equipped_item_name(\u0027main_hand\u0027) !\u003d \u0027scar_empty\u0027 || !query.is_sprinting"
            }
          ],
          "on_exit": [
            "/tag @s remove sprint"
          ],
          "animations": [
            "sprinting"
          ]
        },
        "sprint_mp40_empty": {
          "transitions": [
            {
              "default": "query.get_equipped_item_name(\u0027main_hand\u0027) !\u003d \u0027mp40_empty\u0027 || !query.is_sprinting"
            }
          ],
          "on_exit": [
            "/tag @s remove sprint"
          ],
          "animations": [
            "sprinting"
          ]
        },
        "sprint_famas_empty": {
          "transitions": [
            {
              "default": "query.get_equipped_item_name(\u0027main_hand\u0027) !\u003d \u0027famas_empty\u0027 || !query.is_sprinting"
            }
          ],
          "on_exit": [
            "/tag @s remove sprint"
          ],
          "animations": [
            "sprinting"
          ]
        },
        "sprint_ump_empty": {
          "transitions": [
            {
              "default": "query.get_equipped_item_name(\u0027main_hand\u0027) !\u003d \u0027ump_empty\u0027 || !query.is_sprinting"
            }
          ],
          "on_exit": [
            "/tag @s remove sprint"
          ],
          "animations": [
            "sprinting"
          ]
        },
        "sprint_mp5_empty": {
          "transitions": [
            {
              "default": "query.get_equipped_item_name(\u0027main_hand\u0027) !\u003d \u0027mp5_empty\u0027 || !query.is_sprinting"
            }
          ],
          "on_exit": [
            "/tag @s remove sprint"
          ],
          "animations": [
            "sprinting"
          ]
        },
        "sprint_m1887_empty": {
          "transitions": [
            {
              "default": "query.get_equipped_item_name(\u0027main_hand\u0027) !\u003d \u0027m1887_empty\u0027 || !query.is_sprinting"
            }
          ],
          "on_exit": [
            "/tag @s remove sprint"
          ],
          "animations": [
            "sprinting"
          ]
        },
        "sprint_xm8_empty": {
          "transitions": [
            {
              "default": "query.get_equipped_item_name(\u0027main_hand\u0027) !\u003d \u0027xm8_empty\u0027 || !query.is_sprinting"
            }
          ],
          "on_exit": [
            "/tag @s remove sprint"
          ],
          "animations": [
            "sprinting"
          ]
        }
      }
    },
    "controller.animation.ak_hold": {
      "initial_state": "default",
      "states": {
        "default": {
          "transitions": [
            {
              "equip": "query.get_equipped_item_name(\u0027main_hand\u0027) \u003d\u003d \u0027ak\u0027"
            }
          ]
        },
        "equip": {
          "transitions": [
            {
              "default": "1.0"
            }
          ],
          "on_entry": [
            "/function ak_hold",
            "/gamerule sendcommandfeedback false"
          ]
        }
      }
    },
    "controller.animation.m1014_hold": {
      "initial_state": "default",
      "states": {
        "default": {
          "transitions": [
            {
              "equip": "query.get_equipped_item_name(\u0027main_hand\u0027) \u003d\u003d \u0027m1014\u0027"
            }
          ]
        },
        "equip": {
          "transitions": [
            {
              "default": "1.0"
            }
          ],
          "on_entry": [
            "/function m1014_hold",
            "/gamerule sendcommandfeedback false"
          ]
        }
      }
    },
    "controller.animation.scar_hold": {
      "initial_state": "default",
      "states": {
        "default": {
          "transitions": [
            {
              "equip": "query.get_equipped_item_name(\u0027main_hand\u0027) \u003d\u003d \u0027scar\u0027"
            }
          ]
        },
        "equip": {
          "transitions": [
            {
              "default": "1.0"
            }
          ],
          "on_entry": [
            "/function scar_hold",
            "/gamerule sendcommandfeedback false"
          ]
        }
      }
    },
    "controller.animation.mp40_hold": {
      "initial_state": "default",
      "states": {
        "default": {
          "transitions": [
            {
              "equip": "query.get_equipped_item_name(\u0027main_hand\u0027) \u003d\u003d \u0027mp40\u0027"
            }
          ]
        },
        "equip": {
          "transitions": [
            {
              "default": "1.0"
            }
          ],
          "on_entry": [
            "/function mp40_hold",
            "/gamerule sendcommandfeedback false"
          ]
        }
      }
    },
    "controller.animation.famas_hold": {
      "initial_state": "default",
      "states": {
        "default": {
          "transitions": [
            {
              "equip": "query.get_equipped_item_name(\u0027main_hand\u0027) \u003d\u003d \u0027famas\u0027"
            }
          ]
        },
        "equip": {
          "transitions": [
            {
              "default": "1.0"
            }
          ],
          "on_entry": [
            "/function famas_hold",
            "/gamerule sendcommandfeedback false"
          ]
        }
      }
    },
    "controller.animation.ump_hold": {
      "initial_state": "default",
      "states": {
        "default": {
          "transitions": [
            {
              "equip": "query.get_equipped_item_name(\u0027main_hand\u0027) \u003d\u003d \u0027ump\u0027"
            }
          ]
        },
        "equip": {
          "transitions": [
            {
              "default": "1.0"
            }
          ],
          "on_entry": [
            "/function ump_hold",
            "/gamerule sendcommandfeedback false"
          ]
        }
      }
    },
    "controller.animation.mp5_hold": {
      "initial_state": "default",
      "states": {
        "default": {
          "transitions": [
            {
              "equip": "query.get_equipped_item_name(\u0027main_hand\u0027) \u003d\u003d \u0027mp5\u0027"
            }
          ]
        },
        "equip": {
          "transitions": [
            {
              "default": "1.0"
            }
          ],
          "on_entry": [
            "/function mp5_hold",
            "/gamerule sendcommandfeedback false"
          ]
        }
      }
    },
    "controller.animation.m1887_hold": {
      "initial_state": "default",
      "states": {
        "default": {
          "transitions": [
            {
              "equip": "query.get_equipped_item_name(\u0027main_hand\u0027) \u003d\u003d \u0027m1887\u0027"
            }
          ]
        },
        "equip": {
          "transitions": [
            {
              "default": "1.0"
            }
          ],
          "on_entry": [
            "/function m1887_hold",
            "/gamerule sendcommandfeedback false"
          ]
        }
      }
    },
    "controller.animation.xm8_hold": {
      "initial_state": "default",
      "states": {
        "default": {
          "transitions": [
            {
              "equip": "query.get_equipped_item_name(\u0027main_hand\u0027) \u003d\u003d \u0027xm8\u0027"
            }
          ]
        },
        "equip": {
          "transitions": [
            {
              "default": "1.0"
            }
          ],
          "on_entry": [
            "/function xm8_hold",
            "/gamerule sendcommandfeedback false"
          ]
        }
      }
    },
    "controller.animation.reload_ak": {
      "initial_state": "default",
      "states": {
        "default": {
          "transitions": [
            {
              "reload": "query.get_equipped_item_name(\u0027off_hand\u0027) \u003d\u003d \u0027ak_ammo\u0027 \u0026\u0026 query.get_equipped_item_name(\u0027main_hand\u0027) \u003d\u003d \u0027ak_empty\u0027"
            }
          ]
        },
        "reload": {
          "animations": [
            "ak_reload"
          ],
          "transitions": [
            {
              "default": "query.all_animations_finished"
            }
          ]
        }
      }
    },
    "controller.animation.reload_m1014": {
      "initial_state": "default",
      "states": {
        "default": {
          "transitions": [
            {
              "reload": "query.get_equipped_item_name(\u0027off_hand\u0027) \u003d\u003d \u0027m1014_ammo\u0027 \u0026\u0026 query.get_equipped_item_name(\u0027main_hand\u0027) \u003d\u003d \u0027m1014_empty\u0027"
            }
          ]
        },
        "reload": {
          "animations": [
            "m1014_reload"
          ],
          "transitions": [
            {
              "default": "query.all_animations_finished"
            }
          ]
        }
      }
    },
    "controller.animation.reload_scar": {
      "initial_state": "default",
      "states": {
        "default": {
          "transitions": [
            {
              "reload": "query.get_equipped_item_name(\u0027off_hand\u0027) \u003d\u003d \u0027scar_ammo\u0027 \u0026\u0026 query.get_equipped_item_name(\u0027main_hand\u0027) \u003d\u003d \u0027scar_empty\u0027"
            }
          ]
        },
        "reload": {
          "animations": [
            "scar_reload"
          ],
          "transitions": [
            {
              "default": "query.all_animations_finished"
            }
          ]
        }
      }
    },
    "controller.animation.reload_mp40": {
      "initial_state": "default",
      "states": {
        "default": {
          "transitions": [
            {
              "reload": "query.get_equipped_item_name(\u0027off_hand\u0027) \u003d\u003d \u0027mp40_ammo\u0027 \u0026\u0026 query.get_equipped_item_name(\u0027main_hand\u0027) \u003d\u003d \u0027mp40_empty\u0027"
            }
          ]
        },
        "reload": {
          "animations": [
            "mp40_reload"
          ],
          "transitions": [
            {
              "default": "query.all_animations_finished"
            }
          ]
        }
      }
    },
    "controller.animation.reload_famas": {
      "initial_state": "default",
      "states": {
        "default": {
          "transitions": [
            {
              "reload": "query.get_equipped_item_name(\u0027off_hand\u0027) \u003d\u003d \u0027famas_ammo\u0027 \u0026\u0026 query.get_equipped_item_name(\u0027main_hand\u0027) \u003d\u003d \u0027famas_empty\u0027"
            }
          ]
        },
        "reload": {
          "animations": [
            "famas_reload"
          ],
          "transitions": [
            {
              "default": "query.all_animations_finished"
            }
          ]
        }
      }
    },
    "controller.animation.reload_ump": {
      "initial_state": "default",
      "states": {
        "default": {
          "transitions": [
            {
              "reload": "query.get_equipped_item_name(\u0027off_hand\u0027) \u003d\u003d \u0027ump_ammo\u0027 \u0026\u0026 query.get_equipped_item_name(\u0027main_hand\u0027) \u003d\u003d \u0027ump_empty\u0027"
            }
          ]
        },
        "reload": {
          "animations": [
            "ump_reload"
          ],
          "transitions": [
            {
              "default": "query.all_animations_finished"
            }
          ]
        }
      }
    },
    "controller.animation.reload_mp5": {
      "initial_state": "default",
      "states": {
        "default": {
          "transitions": [
            {
              "reload": "query.get_equipped_item_name(\u0027off_hand\u0027) \u003d\u003d \u0027mp5_ammo\u0027 \u0026\u0026 query.get_equipped_item_name(\u0027main_hand\u0027) \u003d\u003d \u0027mp5_empty\u0027"
            }
          ]
        },
        "reload": {
          "animations": [
            "mp5_reload"
          ],
          "transitions": [
            {
              "default": "query.all_animations_finished"
            }
          ]
        }
      }
    },
    "controller.animation.reload_m1887": {
      "initial_state": "default",
      "states": {
        "default": {
          "transitions": [
            {
              "reload": "query.get_equipped_item_name(\u0027off_hand\u0027) \u003d\u003d \u0027m1887_ammo\u0027 \u0026\u0026 query.get_equipped_item_name(\u0027main_hand\u0027) \u003d\u003d \u0027m1887_empty\u0027"
            }
          ]
        },
        "reload": {
          "animations": [
            "m1887_reload"
          ],
          "transitions": [
            {
              "default": "query.all_animations_finished"
            }
          ]
        }
      }
    },
    "controller.animation.reload_xm8": {
      "initial_state": "default",
      "states": {
        "default": {
          "transitions": [
            {
              "reload": "query.get_equipped_item_name(\u0027off_hand\u0027) \u003d\u003d \u0027xm8_ammo\u0027 \u0026\u0026 query.get_equipped_item_name(\u0027main_hand\u0027) \u003d\u003d \u0027xm8_empty\u0027"
            }
          ]
        },
        "reload": {
          "animations": [
            "xm8_reload"
          ],
          "transitions": [
            {
              "default": "query.all_animations_finished"
            }
          ]
        }
      }
    },
    "controller.animation.ammo_out": {
      "initial_state": "default",
      "states": {
        "default": {
          "transitions": [
            {
              "30ammo": "query.get_equipped_item_name(\u0027main_hand\u0027) \u003d\u003d \u0027ak_empty\u0027"
            },
            {
              "6ammo": "query.get_equipped_item_name(\u0027main_hand\u0027) \u003d\u003d \u0027m1014_empty\u0027"
            },
            {
              "30ammo": "query.get_equipped_item_name(\u0027main_hand\u0027) \u003d\u003d \u0027scar_empty\u0027"
            },
            {
              "20ammo": "query.get_equipped_item_name(\u0027main_hand\u0027) \u003d\u003d \u0027mp40_empty\u0027"
            },
            {
              "30ammo": "query.get_equipped_item_name(\u0027main_hand\u0027) \u003d\u003d \u0027famas_empty\u0027"
            },
            {
              "30ammo": "query.get_equipped_item_name(\u0027main_hand\u0027) \u003d\u003d \u0027ump_empty\u0027"
            },
            {
              "30ammo": "query.get_equipped_item_name(\u0027main_hand\u0027) \u003d\u003d \u0027mp5_empty\u0027"
            },
            {
              "2ammo": "query.get_equipped_item_name(\u0027main_hand\u0027) \u003d\u003d \u0027m1887_empty\u0027"
            },
            {
              "25ammo": "query.get_equipped_item_name(\u0027main_hand\u0027) \u003d\u003d \u0027xm8_empty\u0027"
            }
          ]
        },
        "30ammo": {
          "transitions": [
            {
              "default": "(1.0)"
            }
          ],
          "on_entry": [
            "/title @s actionbar 0/30"
          ]
        },
        "20ammo": {
          "transitions": [
            {
              "default": "(1.0)"
            }
          ],
          "on_entry": [
            "/title @s actionbar 0/20"
          ]
        },
        "25ammo": {
          "transitions": [
            {
              "default": "(1.0)"
            }
          ],
          "on_entry": [
            "/title @s actionbar 0/25"
          ]
        },
        "6ammo": {
          "transitions": [
            {
              "default": "(1.0)"
            }
          ],
          "on_entry": [
            "/title @s actionbar 0/6"
          ]
        },
        "2ammo": {
          "transitions": [
            {
              "default": "(1.0)"
            }
          ],
          "on_entry": [
            "/title @s actionbar 0/2"
          ]
        }
      }
    },
    "controller.animation.auto_sounds": {
      "initial_state": "default",
      "states": {
        "default": {
          "transitions": [
            {
              "ak": "query.get_equipped_item_name(\u0027main_hand\u0027) \u003d\u003d \u0027ak\u0027 \u0026\u0026 query.is_using_item"
            },
            {
              "scar": "query.get_equipped_item_name(\u0027main_hand\u0027) \u003d\u003d \u0027scar\u0027 \u0026\u0026 query.is_using_item"
            },
            {
              "mp40": "query.get_equipped_item_name(\u0027main_hand\u0027) \u003d\u003d \u0027mp40\u0027 \u0026\u0026 query.is_using_item"
            },
            {
              "ump": "query.get_equipped_item_name(\u0027main_hand\u0027) \u003d\u003d \u0027ump\u0027 \u0026\u0026 query.is_using_item"
            },
            {
              "mp5": "query.get_equipped_item_name(\u0027main_hand\u0027) \u003d\u003d \u0027mp5\u0027 \u0026\u0026 query.is_using_item"
            },
            {
              "xm8": "query.get_equipped_item_name(\u0027main_hand\u0027) \u003d\u003d \u0027xm8\u0027 \u0026\u0026 query.is_using_item"
            }
          ]
        },
        "ak": {
          "transitions": [
            {
              "default": "(1.0)"
            }
          ],
          "on_entry": [
            "/playsound ta.ak @a[r\u003d60]"
          ]
        },
        "scar": {
          "transitions": [
            {
              "default": "(1.0)"
            }
          ],
          "on_entry": [
            "/playsound ta.scar @a[r\u003d60]"
          ]
        },
        "mp40": {
          "transitions": [
            {
              "default": "(1.0)"
            }
          ],
          "on_entry": [
            "/playsound ta.mp40 @a[r\u003d60]"
          ]
        },
        "ump": {
          "transitions": [
            {
              "default": "(1.0)"
            }
          ],
          "on_entry": [
            "/playsound ta.ump @a[r\u003d60]"
          ]
        },
        "mp5": {
          "transitions": [
            {
              "default": "(1.0)"
            }
          ],
          "on_entry": [
            "/playsound ta.mp5 @a[r\u003d60]"
          ]
        },
        "xm8": {
          "transitions": [
            {
              "default": "(1.0)"
            }
          ],
          "on_entry": [
            "/playsound ta.xm8 @a[r\u003d60]"
          ]
        }
      }
    },
    "controller.animation.drop_ak": {
      "states": {
        "default": {
          "transitions": [
            {
              "walking": "(0.0)"
            }
          ],
          "on_entry": [
            "/give @p[r\u003d5] ta:ak"
          ]
        },
        "walking": {
          "transitions": [
            {
              "default": "(0.0)"
            }
          ],
          "on_entry": [
            "/give @p[r\u003d5] ta:ak"
          ]
        }
      }
    },
    "controller.animation.drop_ak_empty": {
      "states": {
        "default": {
          "transitions": [
            {
              "walking": "(0.0)"
            }
          ],
          "on_entry": [
            "/give @p[r\u003d5] ta:ak_empty"
          ]
        },
        "walking": {
          "transitions": [
            {
              "default": "(0.0)"
            }
          ],
          "on_entry": [
            "/give @p[r\u003d5] ta:ak_empty"
          ]
        }
      }
    },
    "controller.animation.drop_m1014": {
      "states": {
        "default": {
          "transitions": [
            {
              "walking": "(0.0)"
            }
          ],
          "on_entry": [
            "/give @p[r\u003d5] ta:m1014"
          ]
        },
        "walking": {
          "transitions": [
            {
              "default": "(0.0)"
            }
          ],
          "on_entry": [
            "/give @p[r\u003d5] ta:m1014"
          ]
        }
      }
    },
    "controller.animation.drop_m1014_empty": {
      "states": {
        "default": {
          "transitions": [
            {
              "walking": "(0.0)"
            }
          ],
          "on_entry": [
            "/give @p[r\u003d5] ta:m1014_empty"
          ]
        },
        "walking": {
          "transitions": [
            {
              "default": "(0.0)"
            }
          ],
          "on_entry": [
            "/give @p[r\u003d5] ta:m1014_empty"
          ]
        }
      }
    },
    "controller.animation.drop_scar": {
      "states": {
        "default": {
          "transitions": [
            {
              "walking": "(0.0)"
            }
          ],
          "on_entry": [
            "/give @p[r\u003d5] ta:scar"
          ]
        },
        "walking": {
          "transitions": [
            {
              "default": "(0.0)"
            }
          ],
          "on_entry": [
            "/give @p[r\u003d5] ta:scar"
          ]
        }
      }
    },
    "controller.animation.drop_scar_empty": {
      "states": {
        "default": {
          "transitions": [
            {
              "walking": "(0.0)"
            }
          ],
          "on_entry": [
            "/give @p[r\u003d5] ta:scar_empty"
          ]
        },
        "walking": {
          "transitions": [
            {
              "default": "(0.0)"
            }
          ],
          "on_entry": [
            "/give @p[r\u003d5] ta:scar_empty"
          ]
        }
      }
    },
    "controller.animation.drop_mp40": {
      "states": {
        "default": {
          "transitions": [
            {
              "walking": "(0.0)"
            }
          ],
          "on_entry": [
            "/give @p[r\u003d5] ta:mp40"
          ]
        },
        "walking": {
          "transitions": [
            {
              "default": "(0.0)"
            }
          ],
          "on_entry": [
            "/give @p[r\u003d5] ta:mp40"
          ]
        }
      }
    },
    "controller.animation.drop_mp40_empty": {
      "states": {
        "default": {
          "transitions": [
            {
              "walking": "(0.0)"
            }
          ],
          "on_entry": [
            "/give @p[r\u003d5] ta:mp40_empty"
          ]
        },
        "walking": {
          "transitions": [
            {
              "default": "(0.0)"
            }
          ],
          "on_entry": [
            "/give @p[r\u003d5] ta:mp40_empty"
          ]
        }
      }
    },
    "controller.animation.drop_famas": {
      "states": {
        "default": {
          "transitions": [
            {
              "walking": "(0.0)"
            }
          ],
          "on_entry": [
            "/give @p[r\u003d5] ta:famas"
          ]
        },
        "walking": {
          "transitions": [
            {
              "default": "(0.0)"
            }
          ],
          "on_entry": [
            "/give @p[r\u003d5] ta:famas"
          ]
        }
      }
    },
    "controller.animation.drop_famas_empty": {
      "states": {
        "default": {
          "transitions": [
            {
              "walking": "(0.0)"
            }
          ],
          "on_entry": [
            "/give @p[r\u003d5] ta:famas_empty"
          ]
        },
        "walking": {
          "transitions": [
            {
              "default": "(0.0)"
            }
          ],
          "on_entry": [
            "/give @p[r\u003d5] ta:famas_empty"
          ]
        }
      }
    },
    "controller.animation.drop_ump": {
      "states": {
        "default": {
          "transitions": [
            {
              "walking": "(0.0)"
            }
          ],
          "on_entry": [
            "/give @p[r\u003d5] ta:ump"
          ]
        },
        "walking": {
          "transitions": [
            {
              "default": "(0.0)"
            }
          ],
          "on_entry": [
            "/give @p[r\u003d5] ta:ump"
          ]
        }
      }
    },
    "controller.animation.drop_ump_empty": {
      "states": {
        "default": {
          "transitions": [
            {
              "walking": "(0.0)"
            }
          ],
          "on_entry": [
            "/give @p[r\u003d5] ta:ump_empty"
          ]
        },
        "walking": {
          "transitions": [
            {
              "default": "(0.0)"
            }
          ],
          "on_entry": [
            "/give @p[r\u003d5] ta:ump_empty"
          ]
        }
      }
    },
    "controller.animation.drop_mp5": {
      "states": {
        "default": {
          "transitions": [
            {
              "walking": "(0.0)"
            }
          ],
          "on_entry": [
            "/give @p[r\u003d5] ta:mp5"
          ]
        },
        "walking": {
          "transitions": [
            {
              "default": "(0.0)"
            }
          ],
          "on_entry": [
            "/give @p[r\u003d5] ta:mp5"
          ]
        }
      }
    },
    "controller.animation.drop_mp5_empty": {
      "states": {
        "default": {
          "transitions": [
            {
              "walking": "(0.0)"
            }
          ],
          "on_entry": [
            "/give @p[r\u003d5] ta:mp5_empty"
          ]
        },
        "walking": {
          "transitions": [
            {
              "default": "(0.0)"
            }
          ],
          "on_entry": [
            "/give @p[r\u003d5] ta:mp5_empty"
          ]
        }
      }
    },
    "controller.animation.drop_m1887": {
      "states": {
        "default": {
          "transitions": [
            {
              "walking": "(0.0)"
            }
          ],
          "on_entry": [
            "/give @p[r\u003d5] ta:m1887"
          ]
        },
        "walking": {
          "transitions": [
            {
              "default": "(0.0)"
            }
          ],
          "on_entry": [
            "/give @p[r\u003d5] ta:m1887"
          ]
        }
      }
    },
    "controller.animation.drop_m1887_empty": {
      "states": {
        "default": {
          "transitions": [
            {
              "walking": "(0.0)"
            }
          ],
          "on_entry": [
            "/give @p[r\u003d5] ta:m1887_empty"
          ]
        },
        "walking": {
          "transitions": [
            {
              "default": "(0.0)"
            }
          ],
          "on_entry": [
            "/give @p[r\u003d5] ta:m1887_empty"
          ]
        }
      }
    },
    "controller.animation.drop_xm8": {
      "states": {
        "default": {
          "transitions": [
            {
              "walking": "(0.0)"
            }
          ],
          "on_entry": [
            "/give @p[r\u003d5] ta:xm8"
          ]
        },
        "walking": {
          "transitions": [
            {
              "default": "(0.0)"
            }
          ],
          "on_entry": [
            "/give @p[r\u003d5] ta:xm8"
          ]
        }
      }
    },
    "controller.animation.drop_xm8_empty": {
      "states": {
        "default": {
          "transitions": [
            {
              "walking": "(0.0)"
            }
          ],
          "on_entry": [
            "/give @p[r\u003d5] ta:xm8_empty"
          ]
        },
        "walking": {
          "transitions": [
            {
              "default": "(0.0)"
            }
          ],
          "on_entry": [
            "/give @p[r\u003d5] ta:xm8_empty"
          ]
        }
      }
    },
    "controller.animation.ak": {
      "initial_state": "default",
      "states": {
        "default": {
          "transitions": [
            {
              "noscope": "query.get_equipped_item_name(\u0027main_hand\u0027) \u003d\u003d \u0027ak\u0027 \u0026\u0026 query.is_using_item \u0026\u0026 !query.is_sneaking"
            },
            {
              "scope": "query.get_equipped_item_name(\u0027main_hand\u0027) \u003d\u003d \u0027ak\u0027 \u0026\u0026 query.is_using_item \u0026\u0026 query.is_sneaking"
            }
          ]
        },
        "noscope": {
          "transitions": [
            {
              "default": "query.all_animations_finished"
            }
          ],
          "animations": [
            "ak_shoot_noscope"
          ]
        },
        "scope": {
          "transitions": [
            {
              "default": "query.all_animations_finished"
            }
          ],
          "animations": [
            "ak_shoot_scope"
          ]
        }
      }
    },
    "controller.animation.m1014": {
      "initial_state": "default",
      "states": {
        "default": {
          "transitions": [
            {
              "noscope": "query.get_equipped_item_name(\u0027main_hand\u0027) \u003d\u003d \u0027m1014\u0027 \u0026\u0026 query.is_using_item \u0026\u0026 !query.is_sneaking"
            },
            {
              "scope": "query.get_equipped_item_name(\u0027main_hand\u0027) \u003d\u003d \u0027m1014\u0027 \u0026\u0026 query.is_using_item \u0026\u0026 query.is_sneaking"
            }
          ]
        },
        "noscope": {
          "transitions": [
            {
              "default": "query.all_animations_finished"
            }
          ],
          "animations": [
            "m1014_shoot_noscope"
          ]
        },
        "scope": {
          "transitions": [
            {
              "default": "query.all_animations_finished"
            }
          ],
          "animations": [
            "m1014_shoot_scope"
          ]
        }
      }
    },
    "controller.animation.scar": {
      "initial_state": "default",
      "states": {
        "default": {
          "transitions": [
            {
              "noscope": "query.get_equipped_item_name(\u0027main_hand\u0027) \u003d\u003d \u0027scar\u0027 \u0026\u0026 query.is_using_item \u0026\u0026 !query.is_sneaking"
            },
            {
              "scope": "query.get_equipped_item_name(\u0027main_hand\u0027) \u003d\u003d \u0027scar\u0027 \u0026\u0026 query.is_using_item \u0026\u0026 query.is_sneaking"
            }
          ]
        },
        "noscope": {
          "transitions": [
            {
              "default": "query.all_animations_finished"
            }
          ],
          "animations": [
            "scar_shoot_noscope"
          ]
        },
        "scope": {
          "transitions": [
            {
              "default": "query.all_animations_finished"
            }
          ],
          "animations": [
            "scar_shoot_scope"
          ]
        }
      }
    },
    "controller.animation.mp40": {
      "initial_state": "default",
      "states": {
        "default": {
          "transitions": [
            {
              "noscope": "query.get_equipped_item_name(\u0027main_hand\u0027) \u003d\u003d \u0027mp40\u0027 \u0026\u0026 query.is_using_item \u0026\u0026 !query.is_sneaking"
            },
            {
              "scope": "query.get_equipped_item_name(\u0027main_hand\u0027) \u003d\u003d \u0027mp40\u0027 \u0026\u0026 query.is_using_item \u0026\u0026 query.is_sneaking"
            }
          ]
        },
        "noscope": {
          "transitions": [
            {
              "default": "query.all_animations_finished"
            }
          ],
          "animations": [
            "mp40_shoot_noscope"
          ]
        },
        "scope": {
          "transitions": [
            {
              "default": "query.all_animations_finished"
            }
          ],
          "animations": [
            "mp40_shoot_scope"
          ]
        }
      }
    },
    "controller.animation.famas": {
      "initial_state": "default",
      "states": {
        "default": {
          "transitions": [
            {
              "noscope": "query.get_equipped_item_name(\u0027main_hand\u0027) \u003d\u003d \u0027famas\u0027 \u0026\u0026 query.is_using_item \u0026\u0026 !query.is_sneaking"
            },
            {
              "scope": "query.get_equipped_item_name(\u0027main_hand\u0027) \u003d\u003d \u0027famas\u0027 \u0026\u0026 query.is_using_item \u0026\u0026 query.is_sneaking"
            }
          ]
        },
        "noscope": {
          "transitions": [
            {
              "default": "query.all_animations_finished"
            }
          ],
          "animations": [
            "famas_shoot_noscope"
          ]
        },
        "scope": {
          "transitions": [
            {
              "default": "query.all_animations_finished"
            }
          ],
          "animations": [
            "famas_shoot_scope"
          ]
        }
      }
    },
    "controller.animation.ump": {
      "initial_state": "default",
      "states": {
        "default": {
          "transitions": [
            {
              "noscope": "query.get_equipped_item_name(\u0027main_hand\u0027) \u003d\u003d \u0027ump\u0027 \u0026\u0026 query.is_using_item \u0026\u0026 !query.is_sneaking"
            },
            {
              "scope": "query.get_equipped_item_name(\u0027main_hand\u0027) \u003d\u003d \u0027ump\u0027 \u0026\u0026 query.is_using_item \u0026\u0026 query.is_sneaking"
            }
          ]
        },
        "noscope": {
          "transitions": [
            {
              "default": "query.all_animations_finished"
            }
          ],
          "animations": [
            "ump_shoot_noscope"
          ]
        },
        "scope": {
          "transitions": [
            {
              "default": "query.all_animations_finished"
            }
          ],
          "animations": [
            "ump_shoot_scope"
          ]
        }
      }
    },
    "controller.animation.mp5": {
      "initial_state": "default",
      "states": {
        "default": {
          "transitions": [
            {
              "noscope": "query.get_equipped_item_name(\u0027main_hand\u0027) \u003d\u003d \u0027mp5\u0027 \u0026\u0026 query.is_using_item \u0026\u0026 !query.is_sneaking"
            },
            {
              "scope": "query.get_equipped_item_name(\u0027main_hand\u0027) \u003d\u003d \u0027mp5\u0027 \u0026\u0026 query.is_using_item \u0026\u0026 query.is_sneaking"
            }
          ]
        },
        "noscope": {
          "transitions": [
            {
              "default": "query.all_animations_finished"
            }
          ],
          "animations": [
            "mp5_shoot_noscope"
          ]
        },
        "scope": {
          "transitions": [
            {
              "default": "query.all_animations_finished"
            }
          ],
          "animations": [
            "mp5_shoot_scope"
          ]
        }
      }
    },
    "controller.animation.m1887": {
      "initial_state": "default",
      "states": {
        "default": {
          "transitions": [
            {
              "noscope": "query.get_equipped_item_name(\u0027main_hand\u0027) \u003d\u003d \u0027m1887\u0027 \u0026\u0026 query.is_using_item \u0026\u0026 !query.is_sneaking"
            },
            {
              "scope": "query.get_equipped_item_name(\u0027main_hand\u0027) \u003d\u003d \u0027m1887\u0027 \u0026\u0026 query.is_using_item \u0026\u0026 query.is_sneaking"
            }
          ]
        },
        "noscope": {
          "transitions": [
            {
              "default": "query.all_animations_finished"
            }
          ],
          "animations": [
            "m1887_shoot_noscope"
          ]
        },
        "scope": {
          "transitions": [
            {
              "default": "query.all_animations_finished"
            }
          ],
          "animations": [
            "m1887_shoot_scope"
          ]
        }
      }
    },
    "controller.animation.xm8": {
      "initial_state": "default",
      "states": {
        "default": {
          "transitions": [
            {
              "noscope": "query.get_equipped_item_name(\u0027main_hand\u0027) \u003d\u003d \u0027xm8\u0027 \u0026\u0026 query.is_using_item \u0026\u0026 !query.is_sneaking"
            },
            {
              "scope": "query.get_equipped_item_name(\u0027main_hand\u0027) \u003d\u003d \u0027xm8\u0027 \u0026\u0026 query.is_using_item \u0026\u0026 query.is_sneaking"
            }
          ]
        },
        "noscope": {
          "transitions": [
            {
              "default": "query.all_animations_finished"
            }
          ],
          "animations": [
            "xm8_shoot_noscope"
          ]
        },
        "scope": {
          "transitions": [
            {
              "default": "query.all_animations_finished"
            }
          ],
          "animations": [
            "xm8_shoot_scope"
          ]
        }
      }
    }
  }
}