{
  "format_version": "1.8.0",
  "animations": {
    "animation.aim": {
      "loop": true,
      "bones": {
        "head": {
          "rotation": [
            0,
            0,
            -12.5
          ]
        },
        "sayap_kanan": {
          "rotation": [
            0,
            10,
            -55
          ]
        },
        "sayap_kiri": {
          "rotation": [
            -2.5,
            -17.5,
            42.5
          ]
        },
        "sayap_kanan": {
          "rotation": [
            0,
            10,
            -55
          ]
        },
        "sayap_kiri": {
          "rotation": [
            -2.5,
            -17.5,
            42.5
          ]
        }
      }
    },
    "animation.tangan": {
      "loop": true,
      "bones": {
        "leftArm": {
          "rotation": [
            "query.target_x_rotation - 90.0 - math.sin(query.life_time * 76.8) * 2.865 - this",
            "query.target_y_rotation + 28.65",
            "-(math.cos(query.life_time * 103.2) * 2.865) - 2.865"
          ]
        },
        "rightArm": {
          "rotation": [
            "query.target_x_rotation - 90.0 + math.sin(query.life_time * 76.8) * 2.865 - this",
            "query.target_y_rotation - 5.73",
            "(math.cos(query.life_time * 103.2) * 2.865) + 2.865"
          ]
        },
        "gun": {
          "scale": 1
        },
        "rightItem": {
          "scale": 0
        },
        "scope": {
          "scale": 0
        }
      }
    },
    "animation.tangan_lari": {
      "loop": true,
      "bones": {
        "leftArm": {
          "rotation": [
            "query.target_x_rotation - 70.0 - math.sin(query.life_time * 76.8) * 2.865 - this",
            "query.target_y_rotation + 28.65",
            "-(math.cos(query.life_time * 103.2) * 2.865) - 2.865"
          ]
        },
        "rightArm": {
          "rotation": [
            "query.target_x_rotation - 70.0 + math.sin(query.life_time * 76.8) * 2.865 - this",
            "query.target_y_rotation - 28.65",
            "(math.cos(query.life_time * 103.2) * 2.865) + 2.865"
          ]
        },
        "gun": {
          "scale": 1
        },
        "rightItem": {
          "scale": 0
        },
        "scope": {
          "scale": 0
        },
        "sayap_kanan": {
          "rotation": [
            -5,
            32.5,
            -85
          ]
        },
        "sayap_kiri": {
          "rotation": [
            2.5,
            -37.5,
            77.5
          ]
        }
      }
    },
    "animation.nembak": {
      "loop": true,
      "animation_length": 0.16,
      "bones": {
        "zatvor": {
          "position": {
            "0.0": [
              0,
              0,
              0.25
            ],
            "0.02": [
              0,
              0,
              0.6
            ],
            "0.08": [
              0,
              0,
              1
            ],
            "0.16": [
              0,
              0,
              1.35
            ]
          }
        },
        "rightArm": {
          "rotation": {
            "0.0": [
              -3,
              0,
              0
            ],
            "0.02": [
              -6,
              0,
              0
            ],
            "0.08": [
              -3,
              0,
              0
            ],
            "0.16": [
              -6,
              0,
              0
            ]
          }
        },
        "bullet": {
          "position": {
            "0.0": [
              -2,
              0,
              0
            ],
            "0.02": [
              -3,
              0,
              0
            ],
            "0.08": [
              -4,
              0,
              0
            ],
            "0.16": [
              -5,
              0,
              0
            ]
          }
        },
        "leftArm": {
          "rotation": {
            "0.0": [
              -3,
              0,
              0
            ],
            "0.02": [
              -6,
              0,
              0
            ],
            "0.08": [
              -3,
              0,
              0
            ],
            "0.16": [
              -6,
              0,
              0
            ]
          }
        }
      }
    },
    "animation.aim_senjata": {
      "loop": true,
      "animation_length": 0.68,
      "bones": {
        "leftArm": {
          "rotation": [
            0,
            0,
            0
          ],
          "position": [
            -6.5,
            0,
            -8
          ]
        },
        "rightArm": {
          "rotation": [
            3,
            -7,
            5
          ],
          "position": [
            -7,
            0,
            -8
          ]
        },
        "rightitem": {
          "position": [
            0,
            -99999,
            0
          ]
        },
        "gun": {
          "rotation": [
            0,
            0,
            0
          ],
          "position": [
            0,
            0,
            2
          ]
        },
        "sayap_kanan": {
          "rotation": [
            0,
            10,
            -55
          ]
        },
        "sayap_kiri": {
          "rotation": [
            -2.5,
            -17.5,
            42.5
          ]
        },
        "ump_booyah": {
          "rotation": [
            -10,
            0,
            0
          ],
          "position": [
            0,
            0,
            -16
          ]
        }
      }
    },
    "animation.senjata": {
      "loop": true,
      "animation_length": 1,
      "bones": {
        "rightItem": {
          "position": [
            0,
            -800,
            0
          ]
        },
        "rightArm": {
          "rotation": [
            "variable.is_first_person?-10:0",
            "variable.is_first_person?60:0",
            "variable.is_first_person?60:0"
          ],
          "position": [
            "variable.is_first_person?-1:0",
            "variable.is_first_person?7:0",
            "variable.is_first_person?-7:0"
          ]
        },
        "leftArm": {
          "rotation": [
            "variable.is_first_person?90:0",
            "variable.is_first_person?-10:0",
            "variable.is_first_person?180:0"
          ],
          "position": [
            "variable.is_first_person?-3.5:0",
            "variable.is_first_person?-1.5:0",
            "variable.is_first_person?10:0"
          ],
          "scale": [
            "variable.is_first_person?1:0",
            "variable.is_first_person?2:0",
            "variable.is_first_person?1:0"
          ]
        },
        "gun": {
          "rotation": [
            "variable.is_first_person?0:0",
            "variable.is_first_person?0:0",
            "variable.is_first_person?7.5:0"
          ],
          "position": [
            "variable.is_first_person?0:0",
            "variable.is_first_person?0:0",
            "variable.is_first_person?1:0"
          ],
          "scale": 1.4
        },
        "bola": {
          "rotation": {
            "0.0": [
              0,
              0,
              0
            ],
            "1.0": [
              -335,
              0,
              -345
            ]
          }
        },
        "bola1": {
          "rotation": {
            "0.0": [
              0,
              0,
              0
            ],
            "1.0": [
              -342.5,
              0,
              350
            ]
          }
        }
      }
    },
    "animation.senjata_lari": {
      "loop": true,
      "bones": {
        "rightItem": {
          "position": [
            0,
            -800,
            0
          ]
        },
        "rightArm": {
          "rotation": [
            "variable.is_first_person?0:0",
            "variable.is_first_person?0:0",
            "variable.is_first_person?0:0"
          ],
          "position": [
            "variable.is_first_person?-1:0",
            "variable.is_first_person?0:0",
            "variable.is_first_person?-5:0"
          ]
        },
        "leftArm": {
          "rotation": [
            "variable.is_first_person?0:0",
            "variable.is_first_person?0:0",
            "variable.is_first_person?0:0"
          ],
          "position": [
            "variable.is_first_person?-8:0",
            "variable.is_first_person?-0.5:0",
            "variable.is_first_person?-16:0"
          ]
        },
        "gun": {
          "rotation": [
            "variable.is_first_person?0:0",
            "variable.is_first_person?0:0",
            "variable.is_first_person?-60:0"
          ],
          "position": [
            "variable.is_first_person?3:0",
            "variable.is_first_person?0:0",
            "variable.is_first_person?0:0"
          ]
        },
        "sayap_kanan": {
          "rotation": [
            -5,
            32.5,
            -85
          ]
        },
        "sayap_kiri": {
          "rotation": [
            2.5,
            -37.5,
            77.5
          ]
        }
      }
    },
    "animation.senjata_nembak": {
      "loop": true,
      "animation_length": 0.16,
      "bones": {
        "rightArm": {
          "rotation": {
            "0.0": [
              0,
              0,
              0
            ],
            "0.02": [
              0,
              0,
              0
            ],
            "0.08": [
              0,
              0,
              0
            ],
            "0.16": [
              0,
              0,
              0
            ]
          },
          "position": {
            "0.0": [
              0,
              0,
              -0.3
            ],
            "0.02": [
              0,
              0,
              -0.6
            ],
            "0.08": [
              0,
              0,
              -0.9
            ],
            "0.16": [
              0,
              0,
              -1.2
            ]
          }
        },
        "leftArm": {
          "rotation": {
            "0.0": [
              0,
              0,
              0
            ],
            "0.02": [
              0,
              0,
              0
            ],
            "0.08": [
              0,
              0,
              0
            ],
            "0.16": [
              0,
              0,
              0
            ]
          },
          "position": {
            "0.0": [
              0,
              0,
              -0.3
            ],
            "0.02": [
              0,
              0,
              -0.6
            ],
            "0.08": [
              0,
              0,
              -0.9
            ],
            "0.16": [
              0,
              0,
              -1.2
            ]
          }
        },
        "M1014_draco": {
          "rotation": {
            "0.0": [
              7.5,
              0,
              0
            ],
            "0.16": [
              -5,
              0,
              0
            ]
          }
        }
      }
    },
    "animation.player.sneaking": {
      "loop": true,
      "animation_length": 2,
      "bones": {
        "root": {
          "rotation": [
            20,
            0,
            0
          ],
          "position": [
            0,
            -5,
            6
          ]
        },
        "head": {
          "rotation": {
            "0.0": [
              -20,
              0,
              0
            ],
            "1.0": [
              -10,
              0,
              0
            ],
            "1.96": [
              -20,
              0,
              0
            ]
          }
        },
        "leftArm": {
          "rotation": {
            "0.0": [
              -85,
              40,
              0
            ],
            "1.0": [
              -75,
              40,
              0
            ],
            "2.0": [
              -85,
              40,
              0
            ]
          }
        },
        "rightArm": {
          "rotation": {
            "0.0": [
              -90,
              -25,
              0
            ],
            "1.0": [
              -72.5,
              -25,
              0
            ],
            "2.0": [
              -90,
              -25,
              0
            ]
          }
        },
        "leftLeg": {
          "rotation": [
            10,
            0,
            -5
          ],
          "position": [
            1,
            4,
            -2
          ],
          "scale": [
            1,
            0.8,
            1
          ]
        },
        "rightLeg": {
          "rotation": [
            -30,
            0,
            0
          ],
          "position": [
            -1,
            4,
            -2
          ],
          "scale": [
            1,
            0.8,
            1
          ]
        },
        "body": {
          "rotation": [
            0,
            0,
            0
          ],
          "position": {
            "0.0": [
              0,
              0,
              0
            ],
            "1.0": [
              0,
              1,
              0
            ],
            "2.0": [
              0,
              0,
              0
            ]
          }
        }
      }
    }
  }
}