{
  "format_version": "1.8.0",
  "animations": {
    "animation.mssr.reload": {
      "loop": false,
      "animation_length": 5.4,
      "timeline": {
        "0.0": "/title @s actionbar Reloading",
        "0.75": "/playsound ar.out @a[r=12] ~ ~ ~",
        "2.0": "/title @s actionbar >Reloading<",
        "3.2": "/clear @s gun:mssr_emp 0 1",
        "3.6": "/playsound ar.in @a[r=12] ~ ~ ~",
        "4.0": "/title @s actionbar Reloading",
        "4.45": "/playsound ar.charge @a[r=12] ~ ~ ~",
        "4.7": "/replaceitem entity @s slot.weapon.mainhand 1 gun:mssr"
      }
    }
  }
}