{
    "format_version": "1.16.100",
    "minecraft:item": {
        "description": {
            "identifier": "jn:grabpack_blue",
            "category": "equipment"
        },
        "components": {
            "minecraft:max_stack_size": 1,
            "minecraft:creative_category": {
                "parent": "itemGroup.name.chestplate"
            },
            "minecraft:icon": {
                "texture": "grabpack_jn"
            },
            "minecraft:food": {
                "can_always_eat": true
              },
              "minecraft:use_duration": 999999,
            "minecraft:on_use": {
				"on_use": {
					"event": "jn:eat",
					"target": "self"
				}
			},
            "minecraft:display_name": {
                "value": "Grabpack Blue"
            }
        },
        "events": {
			"jn:eat": {
				"sequence": [
					{
						"run_command": {
						  "command": [
                            "tag @s add grabpack_jn",
                            "execute @s ^ ^ ^5 event entity @e[type=jn:grabpack_entity,r=5] jn:despawn",
                            "execute @s ^ ^ ^5 execute @e[tag=!grabpack_jn,r=5,type=!jn:grabpack_entity,type=!jn:box] ~ ~ ~tp @s @p[tag=grabpack_jn,c=1]",
                            "execute @s ^ ^ ^5 execute @e[type=jn:box,r=5] ~ ~ ~tp @s ~ ~ ~facing @p[tag=grabpack_jn]",
                            "execute @s ^ ^ ^5 execute @e[type=jn:box,r=5] ~ ~ ~tp @s ^ ^ ^2facing @p[tag=grabpack_jn]",
                            "tag @s remove grabpack_jn"
						  ],
						  "target": "holder"
						}
					}
				]
			}
		}
    }
}