{
	"format_version" : "1.10.0",
	"minecraft:client_entity" : {
		"description" : {
			"identifier" : "srp:adabted_yellow_eye",
			"materials" : {
				"default" : "skeleton"
			},
			"textures" : {
				"default" : "textures/entity/adabted_yellow_eye"
			},
			"geometry" : {
				"default" : "geometry.adabted_yellow_eye"
			},
			"animations" : {
				"adabted_yellow_eye_move" : "animation.adabted_yellow_eye.move",
				"adabted_summoner_static" : "animation.adabted_summoner.static",
				"move" : "controller.animation.adabted_yellow_eye.move"
			},
			"scripts" : {
				"animate" : [ "move" ],
				"pre_animation" : [ "variable.attack=Math.sin(variable.attack_time*30.0);" ]
			},
			"render_controllers" : [ "controller.render.adabted_yellow_eye" ],
			"spawn_egg" : {
				"texture" : "egg_adabted_yellow_eye"
			}
		}
	}
}
