{
	"format_version" : "1.10.0",
	"minecraft:client_entity" : {
		"description" : {
			"identifier" : "srp:beckon1",
			"materials" : {
				"default" : "skeleton"
			},
			"textures" : {
				"default" : "textures/entity/beckon1"
			},
			"geometry" : {
				"default" : "geometry.beckon1"
			},
			"animations" : {
				"beckon1_move" : "animation.beckon1.move",
				"beckon1_static" : "animation.beckon1.static",
       "spawn": "controller.animation.beckon1.spawn",
				"move" : "controller.animation.beckon1.move"
			},
			"scripts" : {
				"animate" : [ "move" ],
				"pre_animation" : [ "variable.attack=Math.sin(variable.attack_time*30.0);" ]
			},
			"render_controllers" : [ "controller.render.beckon1" ],
			"spawn_egg" : {
				"texture" : "egg_beckon1"
			}
		}
	}
}
