{
	"format_version" : "1.10.0",
	"minecraft:client_entity" : {
		"description" : {
			"identifier" : "srp:host",
			"materials" : {
				"default" : "skeleton"
			},
			"textures" : {
				"default" : "textures/entity/host"
			},
			"geometry" : {
				"default" : "geometry.host"
			},
			"animations" : {
				"host_move" : "animation.host.move",
				"host_static" : "animation.host.static",
				"move" : "controller.animation.host.move"
			},
			"scripts" : {
				"animate" : [ "move" ],
				"pre_animation" : [ "variable.attack=Math.sin(variable.attack_time*30.0);" ]
			},
			"render_controllers" : [ "controller.render.host" ],
			"spawn_egg" : {
				"texture" : "egg_host"
			}
		}
	}
}
