{
  "format_version": "1.10.0",
  "minecraft:client_entity": {
    "description": {
      "identifier": "srp:infected_humanv2",
      "materials": {
  	    "default": "skeleton"
	  },
      "textures": {
        "default": "textures/entity/infected_humanv2"
      },
      "geometry": {
        "default": "geometry.infected_humanv2"
      },
      "animations" : {
				"infected_humanv2_move" : "animation.infected_humanv2.move",
				"infected_humanv2_static" : "animation.infected_humanv2.static",
				"move" : "controller.animation.infected_humanv2.move"
			},
			"scripts" : {
				"animate" : [ "move" ],
				"pre_animation" : [ "variable.attack=Math.sin(variable.attack_time*30.0);" ]
			},
      "render_controllers": [ "controller.render.infected_humanv2" ]
    }
  }
}