{
  "format_version": "1.10.0",
  "minecraft:client_entity": {
    "description": {
      "identifier": "srp:infected_sheep",
      "materials": {
  	    "default": "entity"
	  },
      "textures": {
        "default": "textures/entity/infected_sheep"
      },
      "geometry": {
        "default": "geometry.infected_sheep"
      },
      "animations" : {
				"infected_sheep_move" : "animation.infected_sheep.move",
				"infected_sheep_static" : "animation.infected_sheep.static",
				"move" : "controller.animation.infected_sheep.move"
			},
			"scripts" : {
				"animate" : [ "move" ],
				"pre_animation" : [ "variable.attack=Math.sin(variable.attack_time*30.0);" ]
			},
      "spawn_egg": {
        "texture": "egg_infected_sheep"
      },
      "render_controllers": [ "controller.render.infected_sheep" ]
    }
  }
}