{
  "format_version": "1.10.0",
  "minecraft:client_entity": {
    "description": {
      "identifier": "srp:infected_chicken",
      "materials": {
  	    "default": "entity"
	  },
      "textures": {
        "default": "textures/entity/infected_chicken"
      },
      "geometry": {
        "default": "geometry.infected_chicken"
      },
      "animations" : {
                "death": "controller.animation.death",
				"infected_chicken_move" : "animation.infected_chicken.move",
				"infected_chicken_static" : "animation.infected_chicken.static",
				"move" : "controller.animation.infected_chicken.move"
			},
			"scripts" : {
				"animate" : [ "move" ],
				"pre_animation" : [ "variable.attack=Math.sin(variable.attack_time*30.0);" ]
			},
      "spawn_egg": {
        "texture": "egg_infected_chicken"
      },
      "render_controllers": [ "controller.render.infected_chicken" ]
    }
  }
}