{
  "format_version": "1.10.0",
  "minecraft:client_entity": {
    "description": {
      "identifier": "srp:infected_villager",
      "materials": {
  	    "default": "skeleton"
	  },
      "textures": {
        "default": "textures/entity/infected_villager"
      },
      "geometry": {
        "default": "geometry.infected_villager"
      },
      "animations" : {
				"infected_villager_move" : "animation.infected_villager.move",
				"infected_villager_static" : "animation.infected_villager.static",
				"move" : "controller.animation.infected_villager.move"
			},
			"scripts" : {
				"animate" : [ "move" ],
				"pre_animation" : [ "variable.attack=Math.sin(variable.attack_time*30.0);" ]
			},
      "spawn_egg": {
        "texture": "egg_infected_villager"
      },
      "render_controllers": [ "controller.render.infected_villager" ]
    }
  }
}