{
	"format_version" : "1.10.0",
	"minecraft:client_entity" : {
		"description" : {
			"identifier" : "srp:t2",
			"materials" : {
				"default" : "skeleton"
			},
			"textures" : {
				"default" : "textures/entity/t2"
			},
			"geometry" : {
				"default" : "geometry.t2"
			},
			"animations" : {
				"dread_move" : "animation.dread.move",
				"dread_static" : "animation.dread.static",
				"move" : "controller.animation.dread.move"
			},
			"scripts" : {
				"animate" : [ "move" ],
				"pre_animation" : [ "variable.attack=Math.sin(variable.attack_time*30.0);" ]
			},
			"render_controllers" : [ "controller.render.t2" ],
			"spawn_egg" : {
				"texture" : "egg_dread"
			}
		}
	}
}
_overlord"
			}
		}
	}
}
	}
		}
	}
}
