{
    "format_version": "1.10.0",
    "animation_controllers": {
        "controller.animation.thomas.general": {
            "initial_state": "moving",
            "states": {
                "moving": {
                    "variables": {
                        "move_speed": {
                            "input": "query.modified_move_speed",
                            "remap_curve": {
                                "0.0": 0.0,
                                "0.1": 1.0
                            }
                        },
                        "is_idling": {
                            "input": "query.modified_move_speed",
                            "remap_curve": {
                                "0.0": 1.0,
                                "0.1": 0.0
                            }
                        }
                    },
                    "animations": [{
                            "moving": "variable.move_speed"
                    }, {
                            "thomas_general": "variable.is_idling"
                        }
                    ],
                    "transitions": [{
                            "jumpscare": "query.has_rider && !query.is_stunned"
                    }, {
                            "walk": "query.ground_speed >= 0.5"
                        }
                    ],
                    "blend_transition": 0.2
                    },
	           "jumpscare": {
		            "animations": [
		                 "jumpscare"
			            ],
					   "transitions": [
						{
							"moving": "!query.has_rider && !query.is_stunned"
						}
					],
					"blend_transition": 0.5
				},

				"walk" : {
					"animations" : [
					    "moving" 
					    ],
					"transitions" : [
						 {
						     "moving": "query.ground_speed < 0.5"
						 },
						 {
							"jumpscare": "query.has_rider"
						 }
						],
						"blend_transition": 0.3
				}
			}
		},
        "controller.animation.thomas.climbing": {
            "initial_state": "default",
            "states": {
                "default": {
                    "transitions": [
                        {
                            "climbing": "query.is_wall_climbing && query.ground_speed >= 0.7"
                        }
                    ],
                    "blend_transition": 0.3
                },
                "climbing": {
                    "animations": [
                        "climb"
                    ],
                    "transitions": [
                        {
                            "default": "!query.is_wall_climbing"
                        },
                        {
                            "upside_down": "query.is_wall_climbing && query.ground_speed < 0.7"
                        }
                    ],
                    "blend_transition": 0.3,
                    "blend_via_shortest_path": true
                },
                "upside_down": {
                    "animations": [
                        "upside_down"
                    ],
                    "transitions": [
                        {
                            "default": "!query.is_wall_climbing"
                        },
                        {
                            "climbing": "query.is_wall_climbing && query.ground_speed >= 0.7"
                        }
                    ],
                    "blend_transition": 0.3
                },
                "right": {
                    "animations": [
                        "right"
                    ],
                    "transitions": [
                        {
                            "default": "!query.is_wall_climbing"
                        },
                        {
                            "left": "query.is_wall_climbing && query.ground_speed < 0.8"
                        }
                    ],
                    "blend_transition": 0.3
                },
                "left": {
                    "animations": [
                        "left"
                    ],
                    "transitions": [
                        {
                            "default": "!query.is_wall_climbing"
                        },
                        {
                            "right": "query.is_wall_climbing && query.ground_speed < 0.8"
                        }
                    ],
                    "blend_transition": 0.3
                } 
            }
        },
		"controller.animation.thomas.attack5655": {
            "states": {
                "default": {
                    "transitions": [{
                            "attack1": "variable.attack_time > 0 && variable.random == 0"
                        },
						{
                            "attack2": "variable.attack_time > 0 && variable.random == 1"
                        }
                    ],
                    "blend_transition": 0.2
                },
                "attack": {
                    "animations": [
                        "attack1"
                    ],
                    "transitions": [{
                            "default": "query.all_animations_finished"
                        }
                    ],
                    "blend_transition": 0.1
                },
                "attack2": {
                    "animations": [
                        "attack1"
                    ],
                    "transitions": [{
                            "default": "query.all_animations_finished"
                        }
                    ],
                    "blend_transition": 0.1
                }
            }
        }		
    }
}