{
  "entity_sounds": {
    "entities": {
      "summon:ws1": {
        "volume": 100.0,
        "pitch": [ 0.8, 1.2 ],
        "events": {
          "spawn": "mob.ws.bgm"
        }
      },
      "summon:ws2": {
        "volume": 100.0,
        "pitch": [ 0.8, 1.2 ],
        "events": {
          "spawn": "mob.ws.finished"
        }
      },
      "minecraft_storymode:wither_storm1": {
        "volume": 100.0,
        "pitch": [ 0.8, 1.2 ],
        "events": {
          "ambient": "mob.wither.ambient",
          "hurt": "mob.wither.hurt",
          "death": "mob.wither.death",
          "witherstorm": "mob.ws.finished",
          "spawn": {
            "sound": "mob.ws.bgm",
            "volume": 1000.0,
            "pitch": 1.0
          },
          "shoot": {
            "sound": "mob.wither.shoot",
            "volume": 100.0,
            "pitch": 1.0
          }
        }
      },
      "minecraft_storymode:wither_storm2": {
        "volume": 100.0,
        "pitch": [ 0.8, 1.2 ],
        "events": {
          "ambient": "mob.ws.idle",
          "hurt": "mob.ws.hurt",
          "death": "mob.ws.death",
          "spawn": {
            "sound": "mob.ws.finished",
            "volume": 1000.0,
            "pitch": 1.0
          },
          "shoot": {
            "sound": "mob.wither.shoot",
            "volume": 100.0,
            "pitch": 1.0
          }
        }
      }
    }
  }
}