{
  "resource_pack_name": "vanilla",
  "texture_name": "atlas.items",
  "texture_data": {
    "egg_camel": {
      "textures": "textures/items/egg_camel"
    },
    "egg_lion": {
      "textures": "textures/items/egg_lion"
    },
    "egg_penguin": {
      "textures": "textures/items/egg_penguin"
    },
    "egg_tiger": {
      "textures": "textures/items/egg_tiger"
    },
    "egg_elephant": {
      "textures": "textures/items/egg_elephant"
    },
    "egg_deer": {
      "textures": "textures/items/egg_deer"
    },
    "egg_panther": {
      "textures": "textures/items/egg_panther"
    },
    "egg_frog": {
      "textures": "textures/items/egg_frog"
    },
    "egg_crocodile": {
      "textures": "textures/items/egg_crocodile"
    },
    "egg_mouse": {
      "textures": "textures/items/egg_mouse"
    },
    "gallardo": {
      "textures": "textures/items/gallardo"
    },
    "bench": {
      "textures": "textures/items/bench"
    },
    "christmas_tree": {
      "textures": "textures/items/christmas_tree"
    },
    "tivi": {
      "textures": "textures/items/tivi"
    },
    "closet": {
      "textures": "textures/items/closet"
    },
    "laptop": {
      "textures": "textures/items/laptop"
    },
    "piano": {
      "textures": "textures/items/piano"
    },
    "armchairs": {
      "textures": "textures/items/armchairs"
    },
    "chair": {
      "textures": "textures/items/chair"
    },
    "big_table": {
      "textures": "textures/items/big_table"
    },
    "small_table": {
      "textures": "textures/items/small_table"
    },
    "drone": {
      "textures": "textures/items/drone"
    },
    "colorful_gifts": {
      "textures": "textures/items/colorful_gifts"
    },
    "mr_cj_armor": {
      "textures": [
        "textures/items/pamobile/mr_cj_armor"
      ]
    },
    "mr_bullet_proof_armor": {
      "textures": [
        "textures/items/pamobile/mr_bullet_proof_armor"
      ]
    },
    "mr_glock_gun": {
      "textures": "textures/items/pamobile/mr_glock_gun"
    },
    "mr_uzi": {
      "textures": "textures/items/pamobile/mr_uzi"
    },
    "mr_ak_47": {
      "textures": "textures/items/pamobile/mr_ak_47"
    },
    "mr_trevor_armor": {
      "textures": [
        "textures/items/pamobile/mr_trevor_armor"
      ]
    },
    "mr_claude_armor": {
      "textures": [
        "textures/items/pamobile/mr_claude_armor"
      ]
    },
    "mr_tommy_armor": {
      "textures": [
        "textures/items/pamobile/mr_tommy_armor"
      ]
    },
    "mr_michael_armor": {
      "textures": [
        "textures/items/pamobile/mr_michael_armor"
      ]
    },
    "mr_franklin_armor": {
      "textures": [
        "textures/items/pamobile/mr_franklin_armor"
      ]
    },
    "mr_baton": {
      "textures": "textures/items/pamobile/mr_baton"
    },
    "mr_baseball_bat": {
      "textures": "textures/items/pamobile/mr_baseball_bat"
    },
    "mr_niko_bellic_armor": {
      "textures": [
        "textures/items/pamobile/mr_niko_bellic_armor"
      ]
    },
    "mr:tommy_vercitte": {
      "textures": "textures/items/pamobile/mr_tommy_vercitte"
    },
    "mr:claude": {
      "textures": "textures/items/pamobile/mr_claude"
    },
    "mr:cj": {
      "textures": "textures/items/pamobile/mr_cj"
    },
    "mr:ballas_gang_member_3": {
      "textures": "textures/items/pamobile/mr_ballas_gang_member_3"
    },
    "mr:ballas_gang_member_2": {
      "textures": "textures/items/pamobile/mr_ballas_gang_member_2"
    },
    "mr:police_los_santos": {
      "textures": "textures/items/pamobile/mr_police_los_santos"
    },
    "mr:police_vice_city": {
      "textures": "textures/items/pamobile/mr_police_vice_city"
    },
    "mr:civilian_1": {
      "textures": "textures/items/pamobile/mr_civilian_1"
    },
    "mr:ballas_gang_member_1": {
      "textures": "textures/items/pamobile/mr_ballas_gang_member_1"
    },
    "mr:civilian_2": {
      "textures": "textures/items/pamobile/mr_civilian_2"
    },
    "mr:niko_bellic": {
      "textures": "textures/items/pamobile/mr_niko_bellic"
    },
    "mr:civilian_3": {
      "textures": "textures/items/pamobile/mr_civilian_3"
    },
    "mr:groove_street_member": {
      "textures": "textures/items/pamobile/mr_groove_street_member"
    },
    "mr:ryder": {
      "textures": "textures/items/pamobile/mr_ryder"
    },
    "mr:steve_haines": {
      "textures": "textures/items/pamobile/mr_steve_haines"
    },
    "mr:devin_weston": {
      "textures": "textures/items/pamobile/mr_devin_weston"
    },
    "mr:frank_tenpenny": {
      "textures": "textures/items/pamobile/mr_frank_tenpenny"
    },
    "mr:lamar": {
      "textures": "textures/items/pamobile/mr_lamar"
    },
    "mr:og_loc": {
      "textures": "textures/items/pamobile/mr_og_loc"
    },
    "mr:trevor": {
      "textures": "textures/items/pamobile/mr_trevor"
    },
    "mr:dimitri_rascalov": {
      "textures": "textures/items/pamobile/mr_dimitri_rascalov"
    },
    "mr:michael": {
      "textures": "textures/items/pamobile/mr_michael"
    },
    "mr:big_smoke": {
      "textures": "textures/items/pamobile/mr_big_smoke"
    },
    "mr:franklin": {
      "textures": "textures/items/pamobile/mr_franklin"
    }
  }
}