{
  "format_version": "1.8.0",
  "render_controllers": {
    "controller.render.wall_builder": {
      "geometry": "Geometry.default",
      "materials": [ { "*": "Material.default" } ],
      "textures": [ "Array.base[query.variant]" ],
      "arrays": {
        "textures": {
          "Array.base": [
            "Texture.wall_builder1",
            "Texture.wall_builder2",
            "Texture.wall_builder3",
            "Texture.wall_builder4",
            "Texture.wall_builder5",
            "Texture.wall_builder6"
          ]
        }
      }
    }
  }
}