{
	"format_version" : "1.10.0",
	"minecraft:client_entity" : {
		"description" : {
			"identifier" : "srp:head_infected_villager",
			"materials" : {
				"default" : "skeleton"
			},
			"textures" : {
				"default" : "textures/entity/head_infected_villager"
			},
			"geometry" : {
				"default" : "geometry.head_infected_villager"
			},
			"animations" : {
				"head_infected_villager_move" : "animation.head_infected_villager.move",
				"head_infected_villager_static" : "animation.head_infected_villager.static",
				"move" : "controller.animation.head_infected_villager.move"
			},
			"scripts" : {
				"animate" : [ "move" ],
				"pre_animation" : [ "variable.attack=Math.sin(variable.attack_time*30.0);" ]
			},
			"render_controllers" : [ "controller.render.head_infected_villager" ],
			"spawn_egg" : {
				"texture" : "egg_head_infected_villager"
			}
		}
	}
}
