{
	"format_version" : "1.10.0",
	"minecraft:client_entity" : {
		"description" : {
			"identifier" : "srp:head_infected_wolf",
			"materials" : {
				"default" : "skeleton"
			},
			"textures" : {
				"default" : "textures/entity/head_infected_wolf"
			},
			"geometry" : {
				"default" : "geometry.head_infected_wolf"
			},
			"animations" : {
				"head_infected_wolf_move" : "animation.head_infected_wolf.move",
				"head_infected_wolf_static" : "animation.head_infected_wolf.static",
				"move" : "controller.animation.head_infected_wolf.move"
			},
			"scripts" : {
				"animate" : [ "move" ],
				"pre_animation" : [ "variable.attack=Math.sin(variable.attack_time*30.0);" ]
			},
			"render_controllers" : [ "controller.render.head_infected_wolf" ],
			"spawn_egg" : {
				"texture" : "egg_head_infected_wolf"
			}
		}
	}
}
