{
	"format_version" : "1.10.0",
	"minecraft:client_entity" : {
		"description" : {
			"identifier" : "srp:rupter",
			"materials" : {
				"default" : "skeleton"
			},
			"textures" : {
				"default" : "textures/entity/rupter"
			},
			"geometry" : {
				"default" : "geometry.rupter"
			},
			"animations" : {
				"rupter_move" : "animation.rupter.move",
				"rupter_static" : "animation.rupter.static",
				"move" : "controller.animation.rupter.move"
			},
			"scripts" : {
				"animate" : [ "move" ],
				"pre_animation" : [ "variable.attack=Math.sin(variable.attack_time*30.0);" ]
			},
			"render_controllers" : [ "controller.render.rupter" ],
			"spawn_egg" : {
				"texture" : "egg_rupter"
			}
		}
	}
}
