{
  "format_version": "1.12.0",
  "minecraft:entity": {
    "description": {
      "identifier": "ta:famas_bullet",
      "runtime_identifier": "minecraft:snowball",
      "is_spawnable": false,
      "is_summonable": true,
      "is_experimental": false
    },
    "component_groups": {
      "entity:despawn": {
        "minecraft:instant_despawn": {}
      },
      "shoot:scope": {
        "minecraft:projectile": {
          "on_hit": {
            "impact_damage": {
              "damage": [
                8,
                7
              ],
              "knockback": true
            },
            "definition_event": {
              "affect_projectile": true,
              "event_trigger": {
                "event": "entity:despawn",
                "target": "self"
              }
            }
          },
          "power": 15,
          "gravity": 0.005,
          "inertia": 1.5,
          "uncertaintyBase": 1,
          "uncertaintyMultiplier": 1,
          "anchor": 1,
          "offset": [
            0,
            0,
            0
          ],
          "reflectOnHurt": false,
          "catch_fire": false
        }
      },
      "shoot:noscope": {
        "minecraft:projectile": {
          "on_hit": {
            "impact_damage": {
              "damage": [
                5,
                6
              ],
              "knockback": true
            },
            "definition_event": {
              "affect_projectile": true,
              "event_trigger": {
                "event": "entity:despawn",
                "target": "self"
              }
            }
          },
          "power": 10,
          "gravity": 0.005,
          "inertia": 1.5,
          "uncertaintyBase": 1,
          "uncertaintyMultiplier": 1,
          "anchor": 1,
          "offset": [
            0,
            0,
            0
          ],
          "reflectOnHurt": false,
          "catch_fire": false
        }
      }
    },
    "components": {
      "minecraft:type_family": {
        "family": [
          "bullet"
        ]
      },
      "minecraft:timer": {
        "time": 4,
        "looping": false,
        "time_down_event": {
          "event": "entity:despawn"
        }
      },
      "minecraft:collision_box": {
        "width": 0.25,
        "height": 0.25
      },
      "minecraft:physics": {}
    },
    "events": {
      "entity:despawn": {
        "add": {
          "component_groups": [
            "entity:despawn"
          ]
        }
      },
      "shoot:scope": {
        "add": {
          "component_groups": [
            "shoot:scope"
          ]
        },
        "remove": {
          "component_groups": [
            "shoot:noscope"
          ]
        }
      },
      "shoot:noscope": {
        "add": {
          "component_groups": [
            "shoot:noscope"
          ]
        },
        "remove": {
          "component_groups": [
            "shoot:scope"
          ]
        }
      }
    }
  }
}