{
  "format_version": "1.8.0",
  "animations": {
    "animation.hero.sikle": {
      "loop": true,
      "bones": {
        "weapon": {
          "rotation": [
            "Math.sin(query.anim_time * 100000.0) * 100 + variable.shake_power - query.target_x_rotation",
            "-query.target_y_rotation",
            0
          ],
          "scale": [
            1.9,
            1.9,
            1.9
          ]
        }
      }
    },
    "animation.herospike.attack": {
      "loop": true,
      "animation_length": 0.5,
      "bones": {
        "bone": {
          "position": {
            "0": [
              0,
              -100,
              0
            ],
            "0.35": [
              0,
              -1,
              0
            ]
          }
        }
      }
    },
    "animation.herospike.attack1": {
      "loop": true,
      "animation_length": 100,
      "bones": {
        "bone": {
          "position": {
            "0": [
              0,
              -100,
              0
            ],
            "0.35": [
              0,
              1,
              0
            ]
          }
        }
      }
    },
    "animation.hero.aiming": {
      "loop": true,
      "bones": {
        "rightArm": {
          "rotation": [
            "10+query.target_x_rotation - 90.0 + math.sin(query.life_time * 89.8) * 2.865 - this",
            "query.target_y_rotation - 5.73",
            "(math.cos(query.life_time * 103.2) * 2.865) - 2.865"
          ]
        },
        "head": {
          "rotation": [
            "-5+query.target_x_rotation - this",
            "0+query.target_y_rotation - this",
            0
          ]
        }
      }
    },
    "animation.hero.ball": {
      "loop": true,
      "animation_length": 1.04,
      "bones": {
        "bone": {
          "rotation": {
            "0.0": [
              0,
              0,
              0
            ],
            "1.0333": [
              360,
              360,
              360
            ]
          }
        }
      }
    },
    "animation.hero.laser": {
      "loop": true,
      "bones": {
        "bone": {
          "relative_to": {
            "rotation": "entity"
          },
          "position": [
            0,
            -3.5,
            -2
          ],
          "rotation": [
            "Math.min(query.anim_time*2,1)*-16+query.target_x_rotation-this+10",
            "query.target_y_rotation-this",
            0
          ]
        },
        "bone": {
          "rotation": [
            "Math.min(query.anim_time*2,1)*16-10",
            0,
            0
          ]
        },
        "bone": {
          "relative_to": {
            "rotation": "entity"
          },
          "rotation": [
            "query.target_x_rotation-this",
            "query.target_y_rotation-this",
            0
          ],
          "scale": [
            "query.anim_time>1.0?1:0",
            "query.anim_time>1.0?1:0",
            "query.anim_time>1?Math.min((query.anim_time-1)/1.65,1):0"
          ],
          "position": [
            0,
            3,
            0.5
          ]
        }
      }
    }
  }
}
