{
	"format_version": "1.12.0",
	"minecraft:geometry": [
		{
			"description": {
				"identifier": "geometry.ic_barry",
				"texture_width": 64,
				"texture_height": 32,
				"visible_bounds_width": 3,
				"visible_bounds_height": 3.5,
				"visible_bounds_offset": [0, 1.25, 0]
			},
			"bones": [
				{
					"name": "root",
					"pivot": [0, 11, 0]
				},
				{
					"name": "eye",
					"parent": "root",
					"pivot": [0, 7, 0],
					"cubes": [
						{"origin": [9, 14, 6], "size": [2, 4, 4], "uv": [44, 11]}
					]
				},
				{
					"name": "eye2",
					"parent": "root",
					"pivot": [20, 9, -12],
					"cubes": [
						{"origin": [9, 14, -10], "size": [2, 4, 4], "uv": [44, 11]}
					]
				},
				{
					"name": "bottom",
					"parent": "root",
					"pivot": [0, 7, 0],
					"rotation": [90, 0, 0],
					"cubes": [
						{"origin": [-10, -1, -1], "size": [20, 16, 2], "uv": [0, 10]}
					]
				},
				{
					"name": "Wheel",
					"parent": "bottom",
					"pivot": [-2, -7, -12],
					"rotation": [-42.5, 0, 0],
					"cubes": [
						{"origin": [5, 1, -16], "size": [1, 6, 1], "pivot": [-2, -7, -12], "rotation": [-25, 0, 0], "uv": [44, 25]},
						{"origin": [3.5, -2, -19], "size": [4, 4, 2], "pivot": [-2, -7, -12], "rotation": [-47.5, 0, 0], "uv": [52, 25]}
					]
				},
				{
					"name": "Wheel3",
					"parent": "bottom",
					"pivot": [-2, 9, -12],
					"rotation": [-42.5, 0, 0],
					"cubes": [
						{"origin": [5, 14, -19], "size": [1, 6, 1], "pivot": [-2, 9, -12], "rotation": [-60, 0, 0], "uv": [44, 25]},
						{"origin": [3.5, 14, -19], "size": [4, 4, 2], "pivot": [-2, 9, -12], "rotation": [-47.5, 0, 0], "uv": [52, 25]}
					]
				},
				{
					"name": "Wheel4",
					"parent": "bottom",
					"pivot": [-13, 9, -12],
					"rotation": [-42.5, 0, 0],
					"cubes": [
						{"origin": [-6, 14, -19], "size": [1, 6, 1], "pivot": [-13, 9, -12], "rotation": [-60, 0, 0], "uv": [44, 25]},
						{"origin": [-7.5, 14, -19], "size": [4, 4, 2], "pivot": [-13, 9, -12], "rotation": [-47.5, 0, 0], "uv": [52, 25]}
					]
				},
				{
					"name": "Wheel2",
					"parent": "bottom",
					"pivot": [-13, -7, -12],
					"rotation": [-42.5, 0, 0],
					"cubes": [
						{"origin": [-6, 1, -16], "size": [1, 6, 1], "pivot": [-13, -7, -12], "rotation": [-25, 0, 0], "uv": [44, 25]},
						{"origin": [-7.5, -2, -19], "size": [4, 4, 2], "pivot": [-13, -7, -12], "rotation": [-47.5, 0, 0], "uv": [52, 25]}
					]
				},
				{
					"name": "back",
					"parent": "root",
					"pivot": [-9, 7, 0],
					"rotation": [0, 270, 0],
					"cubes": [
						{"origin": [-17, 8, -1], "size": [16, 8, 2], "uv": [0, 0]}
					]
				},
				{
					"name": "front",
					"parent": "root",
					"pivot": [9, 7, 0],
					"rotation": [0, 90, 0],
					"cubes": [
						{"origin": [1, 8, -1], "size": [16, 8, 2], "uv": [0, 0]},
						{"origin": [4, 10, 1], "size": [2, 2, 3], "uv": [54, 0]},
						{"origin": [12, 10, 1], "size": [2, 2, 3], "uv": [54, 0]},
						{"origin": [4, 10, 4], "size": [10, 2, 2], "uv": [0, 28]}
					]
				},
				{
					"name": "right",
					"parent": "root",
					"pivot": [0, 7, -7],
					"rotation": [0, 180, 0],
					"cubes": [
						{"origin": [-8, 8, -8], "size": [16, 8, 2], "uv": [0, 0]}
					]
				},
				{
					"name": "left",
					"parent": "root",
					"pivot": [0, 7, 7],
					"cubes": [
						{"origin": [-8, 8, 6], "size": [16, 8, 2], "uv": [0, 0]}
					]
				}
			]
		}
	]
}