{
	"format_version": "1.10.0",
	"geometry.ic_candy": {
		"texturewidth": 64,
		"textureheight": 64,
		"visible_bounds_width": 3,
		"visible_bounds_height": 3,
		"visible_bounds_offset": [0, 1.5, 0],
		"bones": [
			{
				"name": "body",
				"pivot": [0, 24, 0],
				"cubes": [
					{"origin": [-3, 4, -5.25], "size": [6, 8, 12], "uv": [0, 0]}
				]
			},
			{
				"name": "tail",
				"pivot": [-1, 9, 6],
				"rotation": [22.5, 0, 0],
				"cubes": [
					{"origin": [-1.5, 7, 6], "size": [3, 3, 5], "uv": [26, 20]}
				]
			},
			{
				"name": "tail2",
				"parent": "tail",
				"pivot": [-1, 3, 10],
				"rotation": [35, 0, 0],
				"cubes": [
					{"origin": [-1.5, 5.70303, 13.11346], "size": [3, 3, 5], "uv": [24, 0]}
				]
			},
			{
				"name": "head",
				"pivot": [0, 23, 0],
				"cubes": [
					{"origin": [-3.5, 4.75, -11], "size": [7, 7, 6], "uv": [0, 20]},
					{"origin": [-1.5, 5.75, -12], "size": [3, 3, 3], "uv": [35, 35]}
				]
			},
			{
				"name": "ear",
				"parent": "head",
				"pivot": [-9.5, 9.5, -0.5],
				"rotation": [0, 0, 57.5],
				"cubes": [
					{"origin": [-5.5, 20.5, -8.5], "size": [1, 2, 1], "uv": [32, 8]},
					{"origin": [-3.5, 20.5, -8.5], "size": [1, 2, 1], "uv": [28, 8]},
					{"origin": [-4.5, 20, -8.5], "size": [1, 3, 1], "uv": [24, 0]}
				]
			},
			{
				"name": "ear2",
				"parent": "head",
				"pivot": [3.5, 0.25, -0.5],
				"rotation": [0, 0, -57.5],
				"cubes": [
					{"origin": [7.5, 11.25, -8.5], "size": [1, 2, 1], "uv": [27, 20]},
					{"origin": [9.5, 11.25, -8.5], "size": [1, 2, 1], "uv": [24, 8]},
					{"origin": [8.5, 10.75, -8.5], "size": [1, 3, 1], "uv": [0, 20]}
				]
			},
			{
				"name": "bone",
				"parent": "head",
				"pivot": [0, 16, 12],
				"rotation": [-35, 0, 0],
				"cubes": [
					{"origin": [-1, -3, 3], "size": [2, 2, 3], "uv": [20, 20]}
				]
			},
			{
				"name": "rightArm",
				"pivot": [-2, 5, -3],
				"rotation": [-26.78135, 20.29348, -9.92926],
				"cubes": [
					{"origin": [-3.9, 0, -5], "size": [3, 5, 3], "uv": [12, 33]}
				]
			},
			{
				"name": "leftArm",
				"pivot": [2, 5, -3],
				"rotation": [-23.47603, -16.1299, 6.88003],
				"mirror": true,
				"cubes": [
					{"origin": [0.62644, 0.03996, -5], "size": [3, 5, 3], "uv": [0, 33], "mirror": false}
				]
			},
			{
				"name": "rightLeg",
				"pivot": [-0.9, 12, 3],
				"rotation": [0, 0, 22.5],
				"cubes": [
					{"origin": [-1.9, 0, 3], "size": [3, 7, 3], "uv": [26, 28]}
				]
			},
			{
				"name": "leftLeg",
				"pivot": [-1.1, 12, 0],
				"rotation": [0, 0, -22.5],
				"mirror": true,
				"cubes": [
					{"origin": [-1.37356, -0.96004, 3], "size": [3, 7, 3], "uv": [0, 0], "mirror": false}
				]
			}
		]
	}
}