{
	"format_version": "1.10.0",
	"geometry.ic_kmp": {
		"texturewidth": 64,
		"textureheight": 64,
		"visible_bounds_width": 4,
		"visible_bounds_height": 3,
		"visible_bounds_offset": [0, 1.5, 0],
		"bones": [
			{
				"name": "body",
				"pivot": [0, 7, 16],
				"rotation": [-90, 0, 0],
				"cubes": [
					{"origin": [-4.5, -14, 13], "size": [9, 9, 10], "uv": [0, 0]},
					{"origin": [-1.5, -11, 10], "size": [3, 3, 3], "uv": [24, 23]},
					{"origin": [-2.5, -12, 9.99], "size": [5, 5, 0], "uv": [28, 0]}
				]
			},
			{
				"name": "hand",
				"parent": "body",
				"pivot": [0, 0, -2],
				"rotation": [0, -20, 0],
				"cubes": [
					{"origin": [8.5, -10.5, 14], "size": [7, 2, 2], "uv": [18, 19]}
				]
			},
			{
				"name": "hand2",
				"parent": "body",
				"pivot": [-23, 0, 6.5],
				"rotation": [0, 20, 0],
				"cubes": [
					{"origin": [-14.5, -10.5, 22.5], "size": [7, 2, 2], "uv": [0, 19]}
				]
			},
			{
				"name": "foot",
				"parent": "body",
				"pivot": [-12, 0, 5],
				"rotation": [0, 0, 22.5],
				"cubes": [
					{"origin": [-0.5, -12.5, 20], "size": [3, 4, 3], "uv": [12, 23]}
				]
			},
			{
				"name": "foot2",
				"parent": "body",
				"pivot": [-12, -10, 5],
				"rotation": [0, 0, -22.5],
				"cubes": [
					{"origin": [-0.5, -22.5, 20], "size": [3, 4, 3], "uv": [0, 23]}
				]
			}
		]
	}
}