{
	"format_version": "1.12.0",
	"minecraft:geometry": [
		{
			"description": {
				"identifier": "geometry.ic_longlegs_poppy",
				"texture_width": 128,
				"texture_height": 128,
				"visible_bounds_width": 13,
				"visible_bounds_height": 7,
				"visible_bounds_offset": [0, 0.5, 0]
			},
			"bones": [
				{
					"name": "body_main",
					"pivot": [0, 19, 3]
				},
				{
					"name": "Body",
					"parent": "body_main",
					"pivot": [0, 6, 4],
					"rotation": [22.5, 0, 0],
					"cubes": [
						{"origin": [-6, 14, 8], "size": [12, 11, 13], "uv": [0, 0]}
					]
				},
				{
					"name": "body2",
					"parent": "Body",
					"pivot": [0, 3, 0],
					"cubes": [
						{"origin": [-4, 15, -7], "size": [8, 8, 7], "uv": [36, 28]},
						{"origin": [-2, 17, 0], "size": [4, 4, 8], "uv": [0, 50]}
					]
				},
				{
					"name": "head",
					"parent": "body2",
					"pivot": [0, 18.62742, -7.27208],
					"rotation": [-22.5, 0, 0],
					"cubes": [
						{"origin": [-5, 30.63785, -14.24696], "size": [6, 2, 4], "uv": [42, 56]},
						{"origin": [5, 28.63785, -15.24696], "size": [6, 6, 6], "pivot": [0, 0, 0], "rotation": [0, 0, -10], "uv": [37, 1]},
						{"origin": [-4, 22.63785, -16.24696], "size": [8, 8, 8], "uv": [0, 24]}
					]
				},
				{
					"name": "Head2",
					"parent": "head",
					"pivot": [-15, 7.63785, 0.75304],
					"rotation": [0, 0, -50],
					"cubes": [
						{"origin": [4, 17.63785, -13.24696], "size": [7, 2, 2], "uv": [24, 24]}
					]
				},
				{
					"name": "Head10",
					"parent": "Head2",
					"pivot": [4, -11.36215, 0.75304],
					"rotation": [0, 0, -70],
					"cubes": [
						{"origin": [20.31854, 3.55508, -13.24696], "size": [7, 2, 2], "pivot": [12.31854, -14.08277, 0], "rotation": [0, 0, 20], "uv": [24, 24]}
					]
				},
				{
					"name": "Head1",
					"parent": "head",
					"pivot": [5, 4.63785, -6.24696],
					"rotation": [0, 0, -70],
					"cubes": [
						{"origin": [21, 25.63785, -15.24696], "size": [7, 2, 2], "uv": [24, 24]}
					]
				},
				{
					"name": "head7",
					"parent": "Head1",
					"pivot": [59, 51.63785, 4.75304],
					"rotation": [0, 0, 82.5],
					"cubes": [
						{"origin": [79, 14.63785, -12.24696], "size": [6, 2, 2], "uv": [24, 24]}
					]
				},
				{
					"name": "head6",
					"parent": "Head1",
					"pivot": [5, 64.63785, 4.75304],
					"rotation": [0, 0, 95],
					"cubes": [
						{"origin": [40, 89.63785, -14.24696], "size": [6, 2, 2], "uv": [24, 24]},
						{"origin": [44, 90.63785, -15.24696], "size": [2, 2, 5], "uv": [27, 45]},
						{"origin": [44, 88.63785, -15.24696], "size": [2, 2, 5], "uv": [27, 45]}
					]
				},
				{
					"name": "Head8",
					"parent": "Head1",
					"pivot": [10, -4.36215, -6.24696],
					"rotation": [0, 0, -27.5],
					"cubes": [
						{"origin": [31.04314, 7.26183, -15.24696], "size": [7, 2, 2], "pivot": [-0.47964, 0.77159, 0], "rotation": [0, 0, -15], "uv": [24, 24]}
					]
				},
				{
					"name": "Head4",
					"parent": "head",
					"pivot": [0, 7.63785, 3.75304],
					"rotation": [-42.5, 0, 0],
					"cubes": [
						{"origin": [-1, 7.63785, -18.24696], "size": [2, 2, 7], "uv": [16, 45]}
					]
				},
				{
					"name": "Head3",
					"parent": "head",
					"pivot": [-7, 5.63785, -0.24696],
					"rotation": [0, 0, -75],
					"cubes": [
						{"origin": [13, 11.63785, -12.24696], "size": [7, 2, 2], "uv": [24, 24]}
					]
				},
				{
					"name": "Head9",
					"parent": "Head3",
					"pivot": [-14, -0.36215, -0.24696],
					"rotation": [0, 0, -47.5],
					"cubes": [
						{"origin": [7.56282, -12.81037, -12.24696], "size": [7, 2, 2], "uv": [24, 24]}
					]
				},
				{
					"name": "leftarm",
					"parent": "body_main",
					"pivot": [0, 0, 0]
				},
				{
					"name": "leftarm1",
					"parent": "leftarm",
					"pivot": [0, 0, 0],
					"rotation": [90, 0, 55],
					"cubes": [
						{"origin": [-11, 6, 8], "size": [2, 2, 8], "uv": [0, 40]}
					]
				},
				{
					"name": "leftarm2",
					"parent": "leftarm",
					"pivot": [0, 0, 0],
					"rotation": [90, 0, -12.5],
					"cubes": [
						{"origin": [15.50076, 6, -1.71439], "size": [2, 2, 14], "uv": [18, 29]}
					]
				},
				{
					"name": "leftarm4",
					"parent": "leftarm",
					"pivot": [4, 0, -2],
					"cubes": [
						{"origin": [15, 0, -11], "size": [3, 2, 4], "uv": [26, 56]},
						{"origin": [16, 4, -4.24696], "size": [2, 4, 2], "pivot": [0, 0, -2], "rotation": [62.5, 0, 0], "uv": [30, 46]},
						{"origin": [15, 4, -4.24696], "size": [2, 4, 2], "pivot": [0, 0, -2], "rotation": [62.5, 0, 0], "uv": [30, 46]}
					]
				},
				{
					"name": "leftarm5",
					"parent": "leftarm4",
					"pivot": [4, 0, 1],
					"rotation": [0, 17.5, 0],
					"cubes": [
						{"origin": [17.5, 0, -9], "size": [1, 2, 5], "uv": [0, 0]}
					]
				},
				{
					"name": "leftarm6",
					"parent": "leftarm4",
					"pivot": [16, 0, 7],
					"rotation": [0, 65, 0],
					"cubes": [
						{"origin": [30, 0, -3], "size": [1, 2, 5], "uv": [0, 0]}
					]
				},
				{
					"name": "leftarm7",
					"parent": "leftarm4",
					"pivot": [1, 0, -2],
					"rotation": [0, 2.5, 0],
					"cubes": [
						{"origin": [15.5, 0, -12.7], "size": [1, 2, 5], "uv": [0, 0]}
					]
				},
				{
					"name": "leftarm8",
					"parent": "leftarm4",
					"pivot": [2, 0, -4],
					"rotation": [0, -2.5, 0],
					"cubes": [
						{"origin": [15.8, 0, -14], "size": [1, 2, 5], "uv": [0, 0]}
					]
				},
				{
					"name": "leftarm9",
					"parent": "leftarm4",
					"pivot": [17.58207, 1, -8.86816],
					"rotation": [0, -10, 0],
					"cubes": [
						{"origin": [16.90843, 0, -12.35297], "size": [1, 2, 5], "uv": [0, 0]}
					]
				},
				{
					"name": "leftarm3",
					"parent": "leftarm",
					"pivot": [-3, 9, 0],
					"rotation": [90, 0, 107.5],
					"cubes": [
						{"origin": [-14.70869, 15, 6.5808], "size": [2, 2, 8], "uv": [0, 40]}
					]
				},
				{
					"name": "rightarm",
					"parent": "body_main",
					"pivot": [0, 0, 0]
				},
				{
					"name": "rightarm1",
					"parent": "rightarm",
					"pivot": [0, 0, 0],
					"rotation": [-90, 0, -55],
					"cubes": [
						{"origin": [9, -8, -16], "size": [2, 2, 8], "uv": [0, 40]}
					]
				},
				{
					"name": "rightarm2",
					"parent": "rightarm",
					"pivot": [-4, 0, 0],
					"rotation": [90, 0, 12.5],
					"cubes": [
						{"origin": [-17.38904, 6, -1.17976], "size": [2, 2, 14], "uv": [18, 29]}
					]
				},
				{
					"name": "rightarm4",
					"parent": "rightarm",
					"pivot": [-4, 0, -2],
					"cubes": [
						{"origin": [-18, 0, -11], "size": [3, 2, 4], "uv": [25, 56]},
						{"origin": [-18, 4, -4.24696], "size": [2, 4, 2], "pivot": [0, 0, -2], "rotation": [62.5, 0, 0], "uv": [30, 46]},
						{"origin": [-17, 4, -4.24696], "size": [2, 4, 2], "pivot": [0, 0, -2], "rotation": [62.5, 0, 0], "uv": [30, 46]}
					]
				},
				{
					"name": "rightarm6",
					"parent": "rightarm4",
					"pivot": [0, 0, -2],
					"rotation": [0, 2.5, 0],
					"cubes": [
						{"origin": [-17, 0, -14], "size": [1, 2, 5], "uv": [0, 0]}
					]
				},
				{
					"name": "rightarm5",
					"parent": "rightarm4",
					"pivot": [0, 0, -1],
					"cubes": [
						{"origin": [-16.2, 0, -13.5], "size": [1, 2, 5], "uv": [0, 0]}
					]
				},
				{
					"name": "rightarm8",
					"parent": "rightarm4",
					"pivot": [-3, 0, 1],
					"rotation": [0, -17.5, 0],
					"cubes": [
						{"origin": [-18.3, 0, -9], "size": [1, 2, 5], "uv": [0, 0]}
					]
				},
				{
					"name": "rightarm9",
					"parent": "rightarm4",
					"pivot": [-16, 0, 6],
					"rotation": [0, -62.5, 0],
					"cubes": [
						{"origin": [-30, 0, -4], "size": [1, 2, 5], "uv": [0, 0]}
					]
				},
				{
					"name": "rightarm7",
					"parent": "rightarm4",
					"pivot": [1, 0, -4],
					"rotation": [0, 10, 0],
					"cubes": [
						{"origin": [-17, 0, -16], "size": [1, 2, 5], "uv": [0, 0]}
					]
				},
				{
					"name": "rightarm3",
					"parent": "rightarm",
					"pivot": [0, 0, 0],
					"rotation": [-90, 0, -107.5],
					"cubes": [
						{"origin": [17, -8, -9], "size": [2, 2, 8], "uv": [0, 40]}
					]
				},
				{
					"name": "root",
					"parent": "rightarm",
					"pivot": [-18, 27, -11]
				},
				{
					"name": "body3",
					"parent": "root",
					"pivot": [-18, 27, -11],
					"cubes": [
						{"origin": [-21, 10, -13], "size": [6, 10, 4], "uv": [93, 93]},
						{"origin": [-22.5, 12, -14.5], "size": [9, 3, 7], "uv": [96, 81]},
						{"origin": [-23, 4, -15], "size": [10, 8, 8], "uv": [64, 64]}
					]
				},
				{
					"name": "head11",
					"parent": "body3",
					"pivot": [-18, 37, -11],
					"cubes": [
						{"origin": [-22, 21, -15], "size": [8, 8, 8], "uv": [64, 81]},
						{"origin": [-19, 20, -12], "size": [2, 1, 2], "uv": [110, 64]}
					]
				},
				{
					"name": "ear",
					"parent": "head11",
					"pivot": [-9, -5, -11],
					"rotation": [0, 0, -17.5],
					"cubes": [
						{"origin": [-5, 27, -12], "size": [2, 2, 2], "uv": [92, 68]}
					]
				},
				{
					"name": "ear2",
					"parent": "ear",
					"pivot": [-16, -12, -11],
					"rotation": [0, 0, 12.5],
					"cubes": [
						{"origin": [-11, 22, -13], "size": [3, 8, 4], "pivot": [-18, -4, -11], "rotation": [0, 0, -2.5], "uv": [64, 97]}
					]
				},
				{
					"name": "ear3",
					"parent": "head11",
					"pivot": [-38, -1, -11],
					"rotation": [0, 0, 17.5],
					"cubes": [
						{"origin": [-32, 30.5, -12], "size": [2, 2, 2], "uv": [92, 64]}
					]
				},
				{
					"name": "ear4",
					"parent": "ear3",
					"pivot": [-31, -11, -11],
					"rotation": [0, 0, -12.5],
					"cubes": [
						{"origin": [-27, 23, -13], "size": [3, 8, 4], "pivot": [-18, -4, -11], "rotation": [0, 0, 2.5], "uv": [100, 64]}
					]
				},
				{
					"name": "rightArm10",
					"parent": "body3",
					"pivot": [-22.54009, 19.57725, -11.5],
					"rotation": [7.5, 0, 12.5],
					"cubes": [
						{"origin": [-27.54009, 16.5, -15], "size": [3, 3, 3], "pivot": [-18, -1, -11], "rotation": [-7.38733, 1.29876, 9.91615], "uv": [64, 110]}
					]
				},
				{
					"name": "rightArm11",
					"parent": "rightArm10",
					"pivot": [-23.54009, 12.57725, -11.5],
					"cubes": [
						{"origin": [-27.5, 11.5, -15], "size": [2, 8, 2], "pivot": [-19, -4, -11], "rotation": [-7.38733, 1.29876, 9.91615], "uv": [78, 97]}
					]
				},
				{
					"name": "rightArm12",
					"parent": "rightArm11",
					"pivot": [-17.54009, -4.92275, -11],
					"rotation": [0, 0, -12.5]
				},
				{
					"name": "leftArm10",
					"parent": "body3",
					"pivot": [-13.02276, 19.54314, -11.5],
					"rotation": [15, 0, -2.5],
					"mirror": true,
					"cubes": [
						{"origin": [-6.02276, 12.04314, -18], "size": [3, 3, 3], "pivot": [-18, -1, -11], "rotation": [-13.06431, -7.43547, -29.14743], "uv": [107, 107], "mirror": false}
					]
				},
				{
					"name": "leftArm11",
					"parent": "leftArm10",
					"pivot": [-13.02276, 15.54314, -11.5],
					"mirror": true,
					"cubes": [
						{"origin": [-5, 6, -17.5], "size": [2, 8, 2], "pivot": [-18, -1, -11], "rotation": [-12.73415, -7.99365, -31.60659], "uv": [99, 107], "mirror": false}
					]
				},
				{
					"name": "leftArm12",
					"parent": "leftArm11",
					"pivot": [-15.02276, 4.04314, -11],
					"rotation": [0, 0, 12.5],
					"mirror": true
				},
				{
					"name": "rightLeg5",
					"parent": "root",
					"pivot": [-19.9, 0, -12],
					"cubes": [
						{"origin": [-21.4, 8, -13], "size": [3, 3, 3], "uv": [87, 107]}
					]
				},
				{
					"name": "rightLeg6",
					"parent": "rightLeg5",
					"pivot": [-19.9, -4, -12],
					"cubes": [
						{"origin": [-20.9, 3, -12.5], "size": [2, 5, 2], "uv": [64, 81]}
					]
				},
				{
					"name": "rightLeg7",
					"parent": "rightLeg6",
					"pivot": [-19.9, -10, -12],
					"cubes": [
						{"origin": [-21.4, 1, -13], "size": [3, 2, 3], "uv": [100, 76]}
					]
				},
				{
					"name": "leftLeg5",
					"parent": "root",
					"pivot": [-16.1, 1, -12],
					"mirror": true,
					"cubes": [
						{"origin": [-17.6, 8, -13], "size": [3, 3, 3], "uv": [75, 107], "mirror": false}
					]
				},
				{
					"name": "leftLeg6",
					"parent": "leftLeg5",
					"pivot": [-16.1, -3, -12],
					"mirror": true,
					"cubes": [
						{"origin": [-17.1, 3, -12.5], "size": [2, 5, 2], "uv": [64, 64], "mirror": false}
					]
				},
				{
					"name": "leftleg7",
					"parent": "leftLeg6",
					"pivot": [-16.1, -10, -12],
					"mirror": true,
					"cubes": [
						{"origin": [-17.6, 1, -13], "size": [3, 2, 3], "uv": [100, 76], "mirror": false}
					]
				},
				{
					"name": "leftleg",
					"parent": "body_main",
					"pivot": [0, 0, 1]
				},
				{
					"name": "leftleg4",
					"parent": "leftleg",
					"pivot": [4, 19, 25],
					"rotation": [90, 0, 97.5],
					"cubes": [
						{"origin": [1, 34, 19], "size": [2, 2, 14], "uv": [18, 29]}
					]
				},
				{
					"name": "leftleg3",
					"parent": "leftleg",
					"pivot": [0, 0, 1],
					"cubes": [
						{"origin": [15.5, 0, 5], "size": [4, 2, 6], "uv": [36, 48]}
					]
				},
				{
					"name": "leftleg2",
					"parent": "leftleg",
					"pivot": [0, 0, 1],
					"rotation": [90, 0, -12.5],
					"cubes": [
						{"origin": [16.63169, -9, -2.96062], "size": [2, 2, 14], "uv": [18, 29]},
						{"origin": [17, -10, -1.24696], "size": [2, 4, 2], "uv": [30, 46]},
						{"origin": [16, -10, -1.24696], "size": [2, 4, 2], "uv": [30, 46]}
					]
				},
				{
					"name": "leftleg1",
					"parent": "leftleg",
					"pivot": [-1, 25, 1],
					"rotation": [90, 0, 152.5],
					"cubes": [
						{"origin": [-10.93851, 16, 10.76196], "size": [2, 2, 8], "uv": [0, 40]}
					]
				},
				{
					"name": "rightLeg",
					"parent": "body_main",
					"pivot": [0, 0, 1]
				},
				{
					"name": "rightleg4",
					"parent": "rightLeg",
					"pivot": [-4, 36, 25],
					"rotation": [90, 0, -97.5],
					"cubes": [
						{"origin": [-20, 51, 22], "size": [2, 2, 14], "uv": [18, 29]}
					]
				},
				{
					"name": "rightleg3",
					"parent": "rightLeg",
					"pivot": [0, 0, 1],
					"cubes": [
						{"origin": [-20.5, 0, 5], "size": [4, 2, 6], "uv": [36, 48]}
					]
				},
				{
					"name": "rightleg2",
					"parent": "rightLeg",
					"pivot": [0, 0, 1],
					"rotation": [90, 0, 12.5],
					"cubes": [
						{"origin": [-19.65099, -9, -3.26676], "size": [2, 2, 14], "uv": [18, 29]},
						{"origin": [-20, -10, -1.24696], "size": [2, 4, 2], "uv": [30, 46]},
						{"origin": [-19, -10, -1.24696], "size": [2, 4, 2], "uv": [30, 46]}
					]
				},
				{
					"name": "rightLeg1",
					"parent": "rightLeg",
					"pivot": [6, 38, 1],
					"rotation": [-90, 0, -150],
					"cubes": [
						{"origin": [11.86448, 45, -31.53537], "size": [2, 2, 8], "uv": [0, 40]}
					]
				}
			]
		}
	]
}