{
	"format_version": "1.12.0",
	"minecraft:geometry": [
		{
			"description": {
				"identifier": "geometry.ic_longlegs_mad",
				"texture_width": 64,
				"texture_height": 64,
				"visible_bounds_width": 13,
				"visible_bounds_height": 7,
				"visible_bounds_offset": [0, 0.5, 0]
			},
			"bones": [
				{
					"name": "body_main",
					"pivot": [0, 19, 3]
				},
				{
					"name": "Body",
					"parent": "body_main",
					"pivot": [0, 6, 4],
					"rotation": [22.5, 0, 0],
					"cubes": [
						{"origin": [-6, 14, 8], "size": [12, 11, 13], "uv": [0, 0]}
					]
				},
				{
					"name": "body2",
					"parent": "Body",
					"pivot": [0, 3, 0],
					"cubes": [
						{"origin": [-4, 15, -7], "size": [8, 8, 7], "uv": [36, 28]},
						{"origin": [-2, 17, 0], "size": [4, 4, 8], "uv": [0, 50]}
					]
				},
				{
					"name": "head",
					"parent": "body2",
					"pivot": [0, 18.62742, -7.27208],
					"rotation": [-22.5, 0, 0],
					"cubes": [
						{"origin": [-5, 30.63785, -14.24696], "size": [6, 2, 4], "uv": [42, 56]},
						{"origin": [5, 28.63785, -15.24696], "size": [6, 6, 6], "pivot": [0, 0, 0], "rotation": [0, 0, -10], "uv": [37, 1]},
						{"origin": [-4, 22.63785, -16.24696], "size": [8, 8, 8], "uv": [0, 24]}
					]
				},
				{
					"name": "Head2",
					"parent": "head",
					"pivot": [-27, 52.63785, 0.75304],
					"rotation": [0, 0, 67.5],
					"cubes": [
						{"origin": [-8, 62.63785, -13.24696], "size": [7, 2, 2], "uv": [24, 24]}
					]
				},
				{
					"name": "Head10",
					"parent": "Head2",
					"pivot": [-8, 33.63785, 0.75304],
					"rotation": [0, 0, -70],
					"cubes": [
						{"origin": [8.31854, 48.55508, -13.24696], "size": [7, 2, 2], "pivot": [0.31854, 30.91723, 0], "rotation": [0, 0, 20], "uv": [24, 24]}
					]
				},
				{
					"name": "Head1",
					"parent": "head",
					"pivot": [5, 4.63785, -6.24696],
					"rotation": [0, 0, -70],
					"cubes": [
						{"origin": [22, 26.63785, -15.24696], "size": [7, 2, 2], "uv": [24, 24]}
					]
				},
				{
					"name": "head7",
					"parent": "Head1",
					"pivot": [59, 51.63785, 4.75304],
					"rotation": [0, 0, 82.5],
					"cubes": [
						{"origin": [79, 14.63785, -12.24696], "size": [6, 2, 2], "uv": [24, 24]}
					]
				},
				{
					"name": "head6",
					"parent": "Head1",
					"pivot": [5, 64.63785, 4.75304],
					"rotation": [0, 0, 95],
					"cubes": [
						{"origin": [40, 89.63785, -14.24696], "size": [6, 2, 2], "uv": [24, 24]},
						{"origin": [44, 90.63785, -15.24696], "size": [2, 2, 5], "uv": [27, 45]},
						{"origin": [44, 88.63785, -15.24696], "size": [2, 2, 5], "uv": [27, 45]}
					]
				},
				{
					"name": "Head8",
					"parent": "Head1",
					"pivot": [10, -4.36215, -6.24696],
					"rotation": [0, 0, -30],
					"cubes": [
						{"origin": [33.40237, 6.53556, -15.24696], "size": [7, 2, 2], "pivot": [1.87959, 0.04532, 0], "rotation": [0, 0, -15], "uv": [24, 24]}
					]
				},
				{
					"name": "Head4",
					"parent": "head",
					"pivot": [0, 7.63785, 3.75304],
					"rotation": [-42.5, 0, 0],
					"cubes": [
						{"origin": [-1, 7.63785, -18.24696], "size": [2, 2, 7], "uv": [16, 45]}
					]
				},
				{
					"name": "Head3",
					"parent": "head",
					"pivot": [-34, 34.63785, -0.24696],
					"rotation": [0, 0, 17.5],
					"cubes": [
						{"origin": [-14, 40.63785, -12.24696], "size": [7, 2, 2], "uv": [24, 24]}
					]
				},
				{
					"name": "Head9",
					"parent": "Head3",
					"pivot": [-41, 28.63785, -0.24696],
					"rotation": [0, 0, -75],
					"cubes": [
						{"origin": [-27.48892, 4.18132, -12.24696], "size": [7, 2, 2], "uv": [24, 24]}
					]
				},
				{
					"name": "Head5",
					"parent": "head",
					"pivot": [0, 5.63785, 1.75304],
					"cubes": [
						{"origin": [-4, 22.63785, -15.44696], "size": [8, 8, 0], "uv": [50, 13]}
					]
				},
				{
					"name": "leftarm",
					"parent": "body_main",
					"pivot": [0, 0, 0]
				},
				{
					"name": "leftarm1",
					"parent": "leftarm",
					"pivot": [0, 0, 0],
					"rotation": [90, 0, 55],
					"cubes": [
						{"origin": [-11, 6, 8], "size": [2, 2, 8], "uv": [0, 40]}
					]
				},
				{
					"name": "leftarm2",
					"parent": "leftarm",
					"pivot": [0, 0, 0],
					"rotation": [90, 0, -12.5],
					"cubes": [
						{"origin": [15.50076, 6, -1.71439], "size": [2, 2, 14], "uv": [18, 29]}
					]
				},
				{
					"name": "leftarm4",
					"parent": "leftarm",
					"pivot": [4, 0, -2],
					"cubes": [
						{"origin": [15, 0, -11], "size": [3, 2, 4], "uv": [26, 56]},
						{"origin": [16, 4, -4.24696], "size": [2, 4, 2], "pivot": [0, 0, -2], "rotation": [62.5, 0, 0], "uv": [30, 46]},
						{"origin": [15, 4, -4.24696], "size": [2, 4, 2], "pivot": [0, 0, -2], "rotation": [62.5, 0, 0], "uv": [30, 46]}
					]
				},
				{
					"name": "leftarm5",
					"parent": "leftarm4",
					"pivot": [4, 0, 1],
					"rotation": [0, 17.5, 0],
					"cubes": [
						{"origin": [17.5, 0, -9], "size": [1, 2, 5], "uv": [0, 0]}
					]
				},
				{
					"name": "leftarm6",
					"parent": "leftarm4",
					"pivot": [16, 0, 7],
					"rotation": [0, 65, 0],
					"cubes": [
						{"origin": [30, 0, -3], "size": [1, 2, 5], "uv": [0, 0]}
					]
				},
				{
					"name": "leftarm7",
					"parent": "leftarm4",
					"pivot": [1, 0, -2],
					"rotation": [0, 2.5, 0],
					"cubes": [
						{"origin": [15.5, 0, -12.7], "size": [1, 2, 5], "uv": [0, 0]}
					]
				},
				{
					"name": "leftarm8",
					"parent": "leftarm4",
					"pivot": [2, 0, -4],
					"rotation": [0, -2.5, 0],
					"cubes": [
						{"origin": [15.8, 0, -14], "size": [1, 2, 5], "uv": [0, 0]}
					]
				},
				{
					"name": "leftarm9",
					"parent": "leftarm4",
					"pivot": [17.58207, 1, -8.86816],
					"rotation": [0, -10, 0],
					"cubes": [
						{"origin": [16.90843, 0, -12.35297], "size": [1, 2, 5], "uv": [0, 0]}
					]
				},
				{
					"name": "leftarm3",
					"parent": "leftarm",
					"pivot": [-3, 9, 0],
					"rotation": [90, 0, 107.5],
					"cubes": [
						{"origin": [-14.70869, 15, 6.5808], "size": [2, 2, 8], "uv": [0, 40]}
					]
				},
				{
					"name": "rightarm",
					"parent": "body_main",
					"pivot": [0, 0, 0]
				},
				{
					"name": "rightarm1",
					"parent": "rightarm",
					"pivot": [0, 0, 0],
					"rotation": [-90, 0, -55],
					"cubes": [
						{"origin": [9, -8, -16], "size": [2, 2, 8], "uv": [0, 40]}
					]
				},
				{
					"name": "rightarm2",
					"parent": "rightarm",
					"pivot": [-4, 0, 0],
					"rotation": [90, 0, 12.5],
					"cubes": [
						{"origin": [-17.38904, 6, -1.17976], "size": [2, 2, 14], "uv": [18, 29]}
					]
				},
				{
					"name": "rightarm4",
					"parent": "rightarm",
					"pivot": [-4, 0, -2],
					"cubes": [
						{"origin": [-18, 0, -11], "size": [3, 2, 4], "uv": [25, 56]},
						{"origin": [-18, 4, -4.24696], "size": [2, 4, 2], "pivot": [0, 0, -2], "rotation": [62.5, 0, 0], "uv": [30, 46]},
						{"origin": [-17, 4, -4.24696], "size": [2, 4, 2], "pivot": [0, 0, -2], "rotation": [62.5, 0, 0], "uv": [30, 46]}
					]
				},
				{
					"name": "rightarm6",
					"parent": "rightarm4",
					"pivot": [0, 0, -2],
					"rotation": [0, 2.5, 0],
					"cubes": [
						{"origin": [-17, 0, -14], "size": [1, 2, 5], "uv": [0, 0]}
					]
				},
				{
					"name": "rightarm5",
					"parent": "rightarm4",
					"pivot": [0, 0, -1],
					"cubes": [
						{"origin": [-16.2, 0, -13.5], "size": [1, 2, 5], "uv": [0, 0]}
					]
				},
				{
					"name": "rightarm8",
					"parent": "rightarm4",
					"pivot": [-3, 0, 1],
					"rotation": [0, -17.5, 0],
					"cubes": [
						{"origin": [-18.3, 0, -9], "size": [1, 2, 5], "uv": [0, 0]}
					]
				},
				{
					"name": "rightarm9",
					"parent": "rightarm4",
					"pivot": [-16, 0, 6],
					"rotation": [0, -62.5, 0],
					"cubes": [
						{"origin": [-30, 0, -4], "size": [1, 2, 5], "uv": [0, 0]}
					]
				},
				{
					"name": "rightarm7",
					"parent": "rightarm4",
					"pivot": [1, 0, -4],
					"rotation": [0, 10, 0],
					"cubes": [
						{"origin": [-17, 0, -16], "size": [1, 2, 5], "uv": [0, 0]}
					]
				},
				{
					"name": "rightarm3",
					"parent": "rightarm",
					"pivot": [0, 0, 0],
					"rotation": [-90, 0, -107.5],
					"cubes": [
						{"origin": [17, -8, -9], "size": [2, 2, 8], "uv": [0, 40]}
					]
				},
				{
					"name": "leftleg",
					"parent": "body_main",
					"pivot": [0, 0, 1]
				},
				{
					"name": "leftleg4",
					"parent": "leftleg",
					"pivot": [4, 19, 25],
					"rotation": [90, 0, 97.5],
					"cubes": [
						{"origin": [1, 34, 19], "size": [2, 2, 14], "uv": [18, 29]}
					]
				},
				{
					"name": "leftleg3",
					"parent": "leftleg",
					"pivot": [0, 0, 1],
					"cubes": [
						{"origin": [15.5, 0, 5], "size": [4, 2, 6], "uv": [36, 48]}
					]
				},
				{
					"name": "leftleg2",
					"parent": "leftleg",
					"pivot": [0, 0, 1],
					"rotation": [90, 0, -12.5],
					"cubes": [
						{"origin": [16.63169, -9, -2.96062], "size": [2, 2, 14], "uv": [18, 29]},
						{"origin": [17, -10, -1.24696], "size": [2, 4, 2], "uv": [30, 46]},
						{"origin": [16, -10, -1.24696], "size": [2, 4, 2], "uv": [30, 46]}
					]
				},
				{
					"name": "leftleg1",
					"parent": "leftleg",
					"pivot": [-1, 25, 1],
					"rotation": [90, 0, 152.5],
					"cubes": [
						{"origin": [-10.93851, 16, 10.76196], "size": [2, 2, 8], "uv": [0, 40]}
					]
				},
				{
					"name": "rightLeg",
					"parent": "body_main",
					"pivot": [0, 0, 1]
				},
				{
					"name": "rightleg4",
					"parent": "rightLeg",
					"pivot": [-4, 36, 25],
					"rotation": [90, 0, -97.5],
					"cubes": [
						{"origin": [-20, 51, 22], "size": [2, 2, 14], "uv": [18, 29]}
					]
				},
				{
					"name": "rightleg3",
					"parent": "rightLeg",
					"pivot": [0, 0, 1],
					"cubes": [
						{"origin": [-20.5, 0, 5], "size": [4, 2, 6], "uv": [36, 48]}
					]
				},
				{
					"name": "rightleg2",
					"parent": "rightLeg",
					"pivot": [0, 0, 1],
					"rotation": [90, 0, 12.5],
					"cubes": [
						{"origin": [-19.65099, -9, -3.26676], "size": [2, 2, 14], "uv": [18, 29]},
						{"origin": [-20, -10, -1.24696], "size": [2, 4, 2], "uv": [30, 46]},
						{"origin": [-19, -10, -1.24696], "size": [2, 4, 2], "uv": [30, 46]}
					]
				},
				{
					"name": "rightLeg1",
					"parent": "rightLeg",
					"pivot": [6, 38, 1],
					"rotation": [-90, 0, -150],
					"cubes": [
						{"origin": [11.86448, 45, -31.53537], "size": [2, 2, 8], "uv": [0, 40]}
					]
				}
			]
		}
	]
}