{
	"format_version": "1.12.0",
	"minecraft:geometry": [
		{
			"description": {
				"identifier": "geometry.ic_pugpillar",
				"texture_width": 64,
				"texture_height": 64,
				"visible_bounds_width": 8,
				"visible_bounds_height": 3,
				"visible_bounds_offset": [0, 0.5, 0]
			},
			"bones": [
				{
					"name": "Body",
					"pivot": [0, 1, 1]
				},
				{
					"name": "body1",
					"parent": "Body",
					"pivot": [0, 1, 1],
					"cubes": [
						{"origin": [-4, 1, -6], "size": [2, 4, 2], "uv": [30, 0]},
						{"origin": [-4.5, 0, -7.5], "size": [3, 2, 4], "uv": [6, 28]},
						{"origin": [1.5, 0, -7.5], "size": [3, 2, 4], "uv": [6, 28]},
						{"origin": [2, 1, -6], "size": [2, 4, 2], "uv": [38, 0]},
						{"origin": [-1, 7, -12], "size": [2, 2, 2], "uv": [31, 42]}
					]
				},
				{
					"name": "mainbody",
					"parent": "body1",
					"pivot": [0, 1, 1],
					"cubes": [
						{"origin": [-5, 3, -10], "size": [10, 10, 10], "uv": [0, 42]}
					]
				},
				{
					"name": "Head",
					"parent": "Body",
					"pivot": [0, 1, 1],
					"cubes": [
						{"origin": [-5, 3, -21], "size": [10, 12, 10], "uv": [0, 0]},
						{"origin": [-1, 2, -22], "size": [2, 4, 1], "uv": [0, 42]}
					]
				},
				{
					"name": "head1",
					"parent": "Head",
					"pivot": [5, 0, 1],
					"rotation": [0, 0, -25],
					"cubes": [
						{"origin": [9, 9, -19], "size": [4, 6, 6], "uv": [40, 0]}
					]
				},
				{
					"name": "head2",
					"parent": "Head",
					"pivot": [-6, 0, 1],
					"rotation": [0, 0, 25],
					"cubes": [
						{"origin": [-13, 9, -19], "size": [4, 6, 6], "uv": [36, 19]}
					]
				},
				{
					"name": "eyeball",
					"parent": "Head",
					"pivot": [0, 1, 1],
					"cubes": [
						{"origin": [-4, 9, -21.5], "size": [3, 3, 1], "uv": [41, 13]},
						{"origin": [1, 9, -21.5], "size": [3, 3, 1], "uv": [41, 13]}
					]
				},
				{
					"name": "body2",
					"parent": "Body",
					"pivot": [0, 1, 1],
					"cubes": [
						{"origin": [2, 1, 5], "size": [2, 4, 2], "uv": [0, 0]},
						{"origin": [-4, 1, 5], "size": [2, 4, 2], "uv": [0, 22]},
						{"origin": [-1, 7, -1], "size": [2, 2, 2], "uv": [32, 46]},
						{"origin": [1.5, 0, 3.5], "size": [3, 2, 4], "uv": [6, 28]},
						{"origin": [-4.5, 0, 3.5], "size": [3, 2, 4], "uv": [6, 28]}
					]
				},
				{
					"name": "mainbody2",
					"parent": "body2",
					"pivot": [0, 1, 1],
					"cubes": [
						{"origin": [-5, 3, 1], "size": [10, 10, 10], "uv": [0, 22]}
					]
				},
				{
					"name": "body4",
					"parent": "Body",
					"pivot": [0, 1, 23],
					"cubes": [
						{"origin": [2, 1, 27], "size": [2, 4, 2], "uv": [0, 0]},
						{"origin": [-4, 1, 27], "size": [2, 4, 2], "uv": [0, 22]},
						{"origin": [-1, 7, 21], "size": [2, 2, 2], "uv": [31, 46]},
						{"origin": [1.5, 0, 25.5], "size": [3, 2, 4], "uv": [6, 28]},
						{"origin": [-4.5, 0, 25.5], "size": [3, 2, 4], "uv": [6, 28]}
					]
				},
				{
					"name": "mainbody3",
					"parent": "body4",
					"pivot": [0, 1, 23],
					"cubes": [
						{"origin": [-5, 3, 23], "size": [10, 10, 10], "uv": [0, 22]}
					]
				},
				{
					"name": "body6",
					"parent": "Body",
					"pivot": [0, 1, 45],
					"cubes": [
						{"origin": [2, 1, 49], "size": [2, 4, 2], "uv": [0, 0]},
						{"origin": [-4, 1, 49], "size": [2, 4, 2], "uv": [0, 22]},
						{"origin": [-1, 7, 43], "size": [2, 2, 2], "uv": [31, 46]},
						{"origin": [1.5, 0, 47.5], "size": [3, 2, 4], "uv": [6, 28]},
						{"origin": [-4.5, 0, 47.5], "size": [3, 2, 4], "uv": [6, 28]}
					]
				},
				{
					"name": "mainbody4",
					"parent": "body6",
					"pivot": [0, 1, 45],
					"cubes": [
						{"origin": [-5, 3, 45], "size": [10, 10, 10], "uv": [0, 22]}
					]
				},
				{
					"name": "body3",
					"parent": "Body",
					"pivot": [0, 1, 23],
					"cubes": [
						{"origin": [-4, 1, 16], "size": [2, 4, 2], "uv": [30, 0]},
						{"origin": [2, 1, 16], "size": [2, 4, 2], "uv": [38, 0]},
						{"origin": [-1, 7, 10], "size": [2, 2, 2], "uv": [31, 42]},
						{"origin": [-4.5, 0, 14.5], "size": [3, 2, 4], "uv": [6, 28]},
						{"origin": [1.5, 0, 14.5], "size": [3, 2, 4], "uv": [6, 28]}
					]
				},
				{
					"name": "mainbody5",
					"parent": "body3",
					"pivot": [0, 1, 23],
					"cubes": [
						{"origin": [-5, 3, 12], "size": [10, 10, 10], "uv": [0, 42]}
					]
				},
				{
					"name": "body5",
					"parent": "Body",
					"pivot": [0, 1, 45],
					"cubes": [
						{"origin": [-4, 1, 38], "size": [2, 4, 2], "uv": [30, 0]},
						{"origin": [2, 1, 38], "size": [2, 4, 2], "uv": [38, 0]},
						{"origin": [-1, 7, 32], "size": [2, 2, 2], "uv": [31, 42]},
						{"origin": [-4.5, 0, 36.5], "size": [3, 2, 4], "uv": [6, 28]},
						{"origin": [1.5, 0, 36.5], "size": [3, 2, 4], "uv": [6, 28]}
					]
				},
				{
					"name": "mainbody6",
					"parent": "body5",
					"pivot": [0, 1, 45],
					"cubes": [
						{"origin": [-5, 3, 34], "size": [10, 10, 10], "uv": [0, 42]}
					]
				}
			]
		}
	]
}