{
	"format_version": "1.12.0",
	"minecraft:geometry": [
		{
			"description": {
				"identifier": "geometry.ic_wuggy",
				"texture_width": 64,
				"texture_height": 64,
				"visible_bounds_width": 2,
				"visible_bounds_height": 4,
				"visible_bounds_offset": [0, 2, 0]
			},
			"bones": [
				{
					"name": "main",
					"pivot": [1.9, 16, -10]
				},
				{
					"name": "root",
					"parent": "main",
					"pivot": [0, 17, 2],
					"rotation": [22.5, 0, 0]
				},
				{
					"name": "body",
					"parent": "root",
					"pivot": [0, 17, 2],
					"cubes": [
						{"origin": [-4, 19, -1], "size": [8, 10, 6], "uv": [36, 31]},
						{"origin": [-5, 26, 1], "size": [10, 3, 2], "uv": [34, 0]}
					]
				},
				{
					"name": "head",
					"parent": "body",
					"pivot": [0, 30, 2],
					"rotation": [-22.5, 0, 0],
					"cubes": [
						{"origin": [-6, 31, -3], "size": [12, 9, 10], "uv": [0, 0]},
						{"origin": [-6, 40, -3], "size": [12, 1, 10], "uv": [0, 20]},
						{"origin": [-5, 30, -3], "size": [10, 1, 10], "uv": [1, 4]},
						{"origin": [-4, 29, -3], "size": [8, 1, 10], "uv": [0, 32]},
						{"origin": [-5, 29, -3.1], "size": [10, 5, 1], "uv": [0, 58]}
					]
				},
				{
					"name": "eyeball2",
					"parent": "head",
					"pivot": [0, -6, 2],
					"cubes": [
						{"origin": [1, 35, -3.5], "size": [3, 3, 2], "uv": [28, 31]}
					]
				},
				{
					"name": "eyeball1",
					"parent": "head",
					"pivot": [0, -6, 2],
					"cubes": [
						{"origin": [-4, 35, -3.5], "size": [3, 3, 2], "uv": [28, 31]}
					]
				},
				{
					"name": "rightArm",
					"parent": "body",
					"pivot": [-4, 16, -1],
					"rotation": [-20, 0, 2.5],
					"cubes": [
						{"origin": [-7, 26, -3], "size": [3, 4, 4], "uv": [44, 12]}
					]
				},
				{
					"name": "rightArm2",
					"parent": "rightArm",
					"pivot": [-4, 12, -1],
					"cubes": [
						{"origin": [-7, 22, -3], "size": [3, 4, 4], "uv": [44, 12]}
					]
				},
				{
					"name": "rightArm3",
					"parent": "rightArm2",
					"pivot": [-4, 8, -1],
					"cubes": [
						{"origin": [-7, 18, -3], "size": [3, 4, 4], "uv": [44, 12]}
					]
				},
				{
					"name": "rightArm4",
					"parent": "rightArm3",
					"pivot": [-4, 4, -1],
					"cubes": [
						{"origin": [-7, 14, -3], "size": [3, 4, 4], "uv": [44, 12]}
					]
				},
				{
					"name": "rightArm5",
					"parent": "rightArm4",
					"pivot": [-4, 0, -1],
					"cubes": [
						{"origin": [-7, 10, -3], "size": [3, 4, 4], "uv": [44, 12]}
					]
				},
				{
					"name": "rightArm6",
					"parent": "rightArm5",
					"pivot": [-4, -4, -1],
					"cubes": [
						{"origin": [-7, 6, -3], "size": [3, 4, 4], "uv": [44, 12]}
					]
				},
				{
					"name": "rightArm7",
					"parent": "rightArm6",
					"pivot": [0, -6, -1],
					"rotation": [0, 0, -12.5],
					"cubes": [
						{"origin": [-4, 4, -2], "size": [2, 4, 3], "uv": [0, 20]}
					]
				},
				{
					"name": "rightArm8",
					"parent": "rightArm7",
					"pivot": [0, -6, -1],
					"rotation": [0, 0, -12.5],
					"cubes": [
						{"origin": [-1, 5, -3], "size": [2, 3, 1], "uv": [34, 5]}
					]
				},
				{
					"name": "leftArm",
					"parent": "body",
					"pivot": [5, 25, 2],
					"rotation": [-20, 0, -2.5],
					"mirror": true,
					"cubes": [
						{"origin": [4, 25, 0], "size": [3, 4, 4], "uv": [0, 46], "mirror": false}
					]
				},
				{
					"name": "leftArm2",
					"parent": "leftArm",
					"pivot": [5, 21, 2],
					"mirror": true,
					"cubes": [
						{"origin": [4, 21, 0], "size": [3, 4, 4], "uv": [0, 46], "mirror": false}
					]
				},
				{
					"name": "leftArm3",
					"parent": "leftArm2",
					"pivot": [5, 21, 2],
					"mirror": true,
					"cubes": [
						{"origin": [4, 17, 0], "size": [3, 4, 4], "uv": [0, 46], "mirror": false}
					]
				},
				{
					"name": "leftArm4",
					"parent": "leftArm3",
					"pivot": [5, 13, 2],
					"mirror": true,
					"cubes": [
						{"origin": [4, 13, 0], "size": [3, 4, 4], "uv": [0, 46], "mirror": false}
					]
				},
				{
					"name": "leftArm5",
					"parent": "leftArm4",
					"pivot": [5, 9, 2],
					"mirror": true,
					"cubes": [
						{"origin": [4, 9, 0], "size": [3, 4, 4], "uv": [0, 46], "mirror": false}
					]
				},
				{
					"name": "leftArm6",
					"parent": "leftArm5",
					"pivot": [5, 5, 2],
					"mirror": true,
					"cubes": [
						{"origin": [4, 5, 0], "size": [3, 4, 4], "uv": [0, 46], "mirror": false}
					]
				},
				{
					"name": "leftArm7",
					"parent": "leftArm6",
					"pivot": [4, 2, 2],
					"rotation": [0, 0, 12.5],
					"mirror": true,
					"cubes": [
						{"origin": [4, 2, 1], "size": [2, 4, 3], "uv": [0, 0], "mirror": false}
					]
				},
				{
					"name": "leftArm8",
					"parent": "leftArm7",
					"pivot": [4, 2, 2],
					"rotation": [0, 0, 12.5],
					"mirror": true,
					"cubes": [
						{"origin": [3, 3, 0], "size": [2, 4, 1], "uv": [0, 31], "mirror": false}
					]
				},
				{
					"name": "rightLeg",
					"parent": "main",
					"pivot": [-1.9, 18, -11],
					"rotation": [-75, 0, 0],
					"cubes": [
						{"origin": [-3.9, 28, -13], "size": [3, 4, 4], "uv": [14, 46]}
					]
				},
				{
					"name": "rightLeg2",
					"parent": "rightLeg",
					"pivot": [-1.9, 15, -6],
					"rotation": [20, 0, 0],
					"cubes": [
						{"origin": [-3.9, 25, -8], "size": [3, 4, 4], "uv": [14, 46]}
					]
				},
				{
					"name": "rightLeg3",
					"parent": "rightLeg2",
					"pivot": [-1.9, 13, 0],
					"rotation": [27.5, 0, 0],
					"cubes": [
						{"origin": [-3.9, 23, -2], "size": [3, 4, 4], "uv": [14, 46]}
					]
				},
				{
					"name": "rightLeg4",
					"parent": "rightLeg3",
					"pivot": [-1.9, 13, 9],
					"rotation": [40, 0, 0],
					"cubes": [
						{"origin": [-3.9, 23, 7], "size": [3, 4, 4], "uv": [14, 46]}
					]
				},
				{
					"name": "rightLeg5",
					"parent": "rightLeg4",
					"pivot": [-1.9, 12, 17],
					"rotation": [35, 0, 0],
					"cubes": [
						{"origin": [-3.9, 22, 15], "size": [3, 4, 4], "uv": [14, 46]}
					]
				},
				{
					"name": "rightLeg6",
					"parent": "rightLeg5",
					"pivot": [-1.9, 8, 14],
					"rotation": [-12.5, 0, 0],
					"cubes": [
						{"origin": [-3.9, 18, 12], "size": [3, 4, 4], "uv": [14, 46]}
					]
				},
				{
					"name": "rightLeg7",
					"parent": "rightLeg6",
					"pivot": [-1.9, 6, 8],
					"rotation": [-25, 0, 0],
					"cubes": [
						{"origin": [-3.9, 16, 6], "size": [3, 4, 4], "uv": [14, 46]}
					]
				},
				{
					"name": "rightLeg8",
					"parent": "rightLeg7",
					"pivot": [-1.9, 4, 8],
					"cubes": [
						{"origin": [-3.9, 14, 5], "size": [3, 2, 5], "uv": [34, 20]}
					]
				},
				{
					"name": "rightLeg9",
					"parent": "rightLeg8",
					"pivot": [-2.9, 4, 7],
					"rotation": [0, -12.5, 0],
					"cubes": [
						{"origin": [-1.9, 14, 5], "size": [1, 2, 5], "uv": [28, 46]}
					]
				},
				{
					"name": "leftLeg",
					"parent": "main",
					"pivot": [1.9, 16, -10],
					"rotation": [-57.5, 0, 0],
					"mirror": true,
					"cubes": [
						{"origin": [0.9, 26, -12], "size": [3, 4, 4], "uv": [46, 23], "mirror": false}
					]
				},
				{
					"name": "leftLeg2",
					"parent": "leftLeg",
					"pivot": [1.9, 12, -7],
					"rotation": [12.5, 0, 0],
					"mirror": true,
					"cubes": [
						{"origin": [0.9, 22, -9], "size": [3, 4, 4], "uv": [46, 23], "mirror": false}
					]
				},
				{
					"name": "leftLeg3",
					"parent": "leftLeg2",
					"pivot": [1.9, 9, -4],
					"rotation": [15, 0, 0],
					"mirror": true,
					"cubes": [
						{"origin": [0.9, 19, -6], "size": [3, 4, 4], "uv": [46, 23], "mirror": false}
					]
				},
				{
					"name": "leftLeg4",
					"parent": "leftLeg3",
					"pivot": [1.9, 7, 2],
					"rotation": [22.5, 0, 0],
					"mirror": true,
					"cubes": [
						{"origin": [0.9, 17, 0], "size": [3, 4, 4], "uv": [46, 23], "mirror": false}
					]
				},
				{
					"name": "leftLeg5",
					"parent": "leftLeg4",
					"pivot": [1.9, 4, 7],
					"rotation": [22.5, 0, 0],
					"mirror": true,
					"cubes": [
						{"origin": [0.9, 14, 5], "size": [3, 4, 4], "uv": [46, 23], "mirror": false}
					]
				},
				{
					"name": "leftLeg6",
					"parent": "leftLeg5",
					"pivot": [1.9, 2, 13],
					"rotation": [25, 0, 0],
					"mirror": true,
					"cubes": [
						{"origin": [0.9, 12, 11], "size": [3, 4, 4], "uv": [46, 23], "mirror": false}
					]
				},
				{
					"name": "leftLeg7",
					"parent": "leftLeg6",
					"pivot": [1.9, 0, 8],
					"rotation": [-22.5, 0, 0],
					"mirror": true,
					"cubes": [
						{"origin": [0.9, 10, 6], "size": [3, 4, 4], "uv": [46, 23], "mirror": false}
					]
				},
				{
					"name": "leftLeg8",
					"parent": "leftLeg7",
					"pivot": [1.9, -2, 8],
					"mirror": true,
					"cubes": [
						{"origin": [0.9, 8, 5], "size": [3, 2, 5], "uv": [44, 5], "mirror": false}
					]
				},
				{
					"name": "leftLeg9",
					"parent": "leftLeg8",
					"pivot": [2.9, -2, 8],
					"rotation": [0, 12.5, 0],
					"mirror": true,
					"cubes": [
						{"origin": [2.9, 8, 5], "size": [1, 2, 5], "uv": [40, 47], "mirror": false}
					]
				}
			]
		}
	]
}