{
    "format_version": "1.10.0",
    "minecraft:client_entity": {
        "description": {
            "identifier": "en:pea",
            "materials": {
                "default": "slime"
            },
            "textures": {
                "default": "textures\/projectiles\/pea"
            },
            "geometry": {
                "default": "geometry.pea"
            },
            "animations": {
                "move": ""
            },
            "scripts": {
                "animate": [
                    "move"
                ]
            },
            "render_controllers": [
                "controller.render.default"
            ]
        }
    }
}