{
	"format_version": "1.8.0",
	"animations": {
	"animation.bug_spray": {
			"loop": true,
			"animation_length": 0.01,
			"particle_effects":
                  {"0.0":
                      {"effect":"flame",
                       "locator":"flame"
                       }
                   }
		},
		"animation.ic_bug_spray.shoot": {
			"loop": true,
			"animation_length" : 0.25,
			"particle_effects":
                  {"0.0":
                      {"effect":"flame",
                       "locator":"flame"
                       }
                   }
		}
	}
}