{
	"format_version": "1.8.0",
	"animations": {
		"animation.ic_bob.shoot": {
			"loop": true,
			"animation_length": 0.33333,
			"bones": {
				"main": {
					"position": {
						"0.0": [0, 0, 0],
						"0.0833": [0, 0, 1],
						"0.3333": [0, 0, 0]
					}
				},
				"fire": {
					"position": {
						"0.0": [0, 0, 0],
						"0.0417": {"pre": [0, 0, 0], "post": [0, -4, -16.2]},
						"0.125": {"pre": [0, -4, -16.2], "post": [0, 0, 0]}
					},
					"scale": {
						"0.0": [1, 1, 1],
						"0.0417": {"pre": [1, 1, 1], "post": [5, 5, 5]},
						"0.125": {"pre": [5, 5, 5], "post": [1, 1, 1]}
					}
				},
				"fire2": {
					"position": {
						"0.0": [0, 0, 0],
						"0.0417": {"pre": [0, 0, 0], "post": [0, -4, -18]},
						"0.125": {"pre": [0, -4, -18], "post": [0, 0, 0]}
					},
					"scale": {
						"0.0": [1, 1, 1],
						"0.0417": {"pre": [1, 1, 1], "post": [5, 5, 5]},
						"0.125": {"pre": [5, 5, 5], "post": [1, 1, 1]}
					}
				}
			}
		}
	}
}