{
	"format_version": "1.8.0",
	"animations": {
	"animation.rocket": {
			"loop": true,
			"animation_length": 0.01,
			"particle_effects":
                  {"0.0":
                      {"effect":"rocket",
                       "locator":"rocket"
                       }
                   }
		},
		"animation.ic_boomer.shoot": {
			"loop": true,
			"animation_length": 2,
			"anim_time_update" : "query.anim_time + query.delta_time * 0.5",
			"bones": {
				"main": {
					"rotation": {
						"0.0": [0, 0, 0],
						"0.0833": [-5, 0, 0],
						"1.0": [0, 0, 0]
					},
					"position": {
						"0.0": [0, 0, 0],
						"0.0833": [0, 0, 1],
						"1.0": [0, 0, 0]
					}
				},
				"rocket": {
					"position": {
						"0.0": [0, 0, 0],
						"0.0833": {"pre": [0, 0, 0], "post": [-19, 5, 30]},
						"0.5": {"pre": [-19, 5, 30], "post": [-19, 5, 30]},
						"1.25": [0, 0, -3],
						"2.0": [0, 0, 0]
					}
				}
			},
			"particle_effects":
                  {"0.1":
                      {"effect":"burst",
                       "locator":"burst"
                       }
                   }
		}
	}
}