{"format_version":"1.8.0","minecraft:entity":{"description":{"identifier":"jtartz:hb_curse","is_spawnable":false,"is_summonable":true,"is_experimental":false,"scripts":{"animate":["walk"]},"animations":{"walk":"controller.animation.hbcurse"}},"components":{"minecraft:type_family":{"family":["nefngjfjsskskkskdkd","92828173636jdjsjsJesja8","herirbrineeeee69491"]},"minecraft:loot":{"table":"loot_tables/empty.json"},"minecraft:health":{"value":580,"max":580},"minecraft:movement":{"value":0.8},"minecraft:scale":{"value":0.09},"minecraft:knockback_resistance":{"value":2.0},"minecraft:damage_sensor":{"triggers":{"on_damage":{"filters":{"test":"is_family","subject":"other","value":"player"}},"deals_damage":false}},"minecraft:navigation.walk":{"can_path_over_water":true,"can_pass_doors":true,"can_open_doors":true,"avoid_water":false},"minecraft:follow_range":{"value":78,"max":78},"minecraft:movement.basic":{},"minecraft:jump.static":{},"minecraft:tick_world":{},"minecraft:behavior.float":{"priority":0},"minecraft:behavior.summon_entity":{"priority": 3,"summon_choices":[{"min_activation_range":0.0,"max_activation_range":3.0,"cooldown_time":12.0,"weight":15,"cast_duration":10.0,"particle_color":"#FFFFFFFF","start_sound_event":"plop","sequence":[{"shape":"circle","target":"self","base_delay":0.0,"delay_per_summon":0.1,"num_entities_spawned":1,"entity_type":"jtartz:hb_scare","size":1.9,"entity_lifespan":6.2,"sound_event":"plop"}]},{"min_activation_range":0.0,"max_activation_range":3.0,"cooldown_time":3.0,"weight":15,"cast_duration":6.0,"particle_color":"#FFFFFFFF","start_sound_event":"plop","sequence":[{"shape":"circle","target":"self","base_delay":0.0,"delay_per_summon": 0.1,"num_entities_spawned":1,"entity_type":"jtartz:hb_stare","size": 7.3,"entity_lifespan":3.0,"sound_event":"plop"}]},{"min_activation_range":0.0,"max_activation_range":3.0,"cooldown_time":3.0,"weight":7,"cast_duration":6.0,"particle_color":"#FFFFFFFF","start_sound_event":"plop","sequence":[{"shape":"circle","target":"self","base_delay":2.0,"delay_per_summon": 0.2,"num_entities_spawned":3,"entity_type":"minecraft:tnt","size": 0.5,"entity_lifespan":100,"sound_event":"plop"}]},{"min_activation_range":0.0,"max_activation_range":3.0,"cooldown_time":3.0,"weight":2,"cast_duration":6.0,"particle_color":"#FFFFFFFF","start_sound_event":"plop","sequence":[{"shape":"circle","target":"self","base_delay":2.0,"delay_per_summon": 0.2,"num_entities_spawned":1,"entity_type":"jtartz:hbthunder","size": 0.5,"entity_lifespan":100,"sound_event":"plop"}]},{"min_activation_range":0.0,"max_activation_range":3.0,"cooldown_time":3.0,"weight":4,"cast_duration":6.0,"particle_color":"#FFFFFFFF","start_sound_event":"plop","sequence":[{"shape":"circle","target":"self","base_delay":2.0,"delay_per_summon": 2.0,"num_entities_spawned":3,"entity_type":"jtartz:lightningstrike","size": 0.7,"entity_lifespan":100,"sound_event":"plop"}]},{"min_activation_range":0.0,"max_activation_range":3.0,"cooldown_time":3.0,"weight":8,"cast_duration":6.0,"particle_color":"#FFFFFFFF","start_sound_event":"plop","sequence":[{"shape":"circle","target":"self","base_delay":0.0,"delay_per_summon": 0.5,"num_entities_spawned":1,"entity_type":"minecraft:tnt","size": 2.0,"entity_lifespan":100,"sound_event":"plop"}]}]}, "minecraft:behavior.nearest_attackable_target":{"priority":2,"entity_types":[{"filters":{"any_of":[{"test":"is_family","subject":"other","value":"hbcursetrigger"}]},"max_dist":16}],"must_see":true}, "minecraft:behavior.look_at_player":{"priority":9,"look_distance":3.0,"probability":1.0},"minecraft:behavior.hurt_by_target":{"priority":1},"minecraft:physics":{"has_collison":false}}}}
