{
  "format_version": "1.16.100",
  "minecraft:item": {
    "description": {
      "identifier": "among:grabpack",
	  "category": "equipment"
    },
    "components": {
		"minecraft:display_name": {
			"value": " Grabpack (Red & Blue)"
		},
		"minecraft:max_stack_size": 1,
		"minecraft:hand_equipped": true,
		"minecraft:use_duration": 0.0,
		"minecraft:durability": {
			"max_durability": 10000,
			"damage_chance": {
				"min": 5,
				"max": 10
			}
		},
		"minecraft:icon": {
			"texture": "og_pack"
		},
		"minecraft:enchantable": {
			"slot": "flintsteel",
			"value": 45
		},
		"minecraft:repairable": {
			"repair_items": [
				{
					"items": [
						"minecraft:string"
					],
					"repair_amount": "query.max_durability"
				}
			]
		},
		"minecraft:on_use": {
			"on_use": {
				"event":"throw"
			}
		},
		"minecraft:cooldown": {
			"category": "grabpack", 
			"duration": 1
		}
    },
	"events": {
		"accrue_damage": {
			"damage": {
				"type": "none",
				"amount": 1,
				"target": "self"
			}
		},
		"throw": {
			"sequence": [
				{
					"swing": {}
				},
				{
					"shoot": {
						"projectile": "among:hand_g",
						"launch_power": 1.3
					}
				},
				{
					"damage": {
						"type": "none",
						"amount": 1,
						"target": "self"
					}
				}
			]
		}
	}
  }
}