{
    "format_version": "1.10.0",
    "minecraft:client_entity": {
        "description": {
            "identifier": "bd:huggy_wuggy_statue_bd",
            "materials": {
                "default": "npc"
            },
            "textures": {
                "default": "textures/entity/huggy_wuggy_bd"
            },
            "geometry": {
                "default": "geometry.huggy_wuggy_bd"
            },
            "animations": {
				"general": "animation.huggy_wuggy_bd.pose"
            },
            "scripts": {
                "animate": [
                    "general"
                ]
            },
            "render_controllers": [
                "controller.render.skeleton"
            ],
			"enable_attachables": true,
            "spawn_egg": {
                "base_color": "#d2cc93",
                "overlay_color": "#efde22"
            }
        }
    }
}