{
    "format_version": "1.10.0",
    "minecraft:client_entity": {
        "description": {
            "identifier": "bd:mommy_hand_tail_back_bd",
            "materials": {
                "default": "spider"
            },
            "textures": {
                "default": "textures/entity/mommy_long_angy_bd"
            },
            "geometry": {
                "default": "geometry.mommy_hand_tail_back_bd"
            },
            "animations": {
                "general_hand": "animation.mommy_hand_tail_back_bd.general",
				"grab": "animation.mommy_hand_tail_back_bd.grab",
				
				"general": "controller.animation.mommy_hand_tail_back_bd.general"
            },
            "scripts": {
                "animate": [
                    "general"
                ]
            },
			"sound_effects": {
				"grab": "mob.mommy_long_bd.attack"
			},
            "render_controllers": [
                "controller.render.skeleton"
            ],
            "spawn_egg": {
                "base_color": "#d2cc93",
                "overlay_color": "#efde22"
            }
        }
    }
}