{
  "format_version": "1.16.0",
  "minecraft:entity": {
    "description": {
      "identifier": "goodlord:road_tractor",
      "is_spawnable": true,
      "is_summonable": true,
      "is_experimental": false,
      "scripts": {
        "animate": [ "road_tractor" ]
        
      },
      "animations": {
        "road_tractor": "controller.animation.road_tractor"
      }
    },
    "component_groups": {
      "road_tractor_1": {
        "minecraft:variant": { "value": 0 }
      },   
      "road_tractor_2": {
        "minecraft:variant": { "value": 1 }
      },   
      "road_tractor_3": {
        "minecraft:variant": { "value": 2 }
      },   
      "road_tractor_4": {
        "minecraft:variant": { "value": 3 }
      },   
      "road_tractor_5": {
        "minecraft:variant": { "value": 4 }
      },   
      "road_tractor_6": {
        "minecraft:variant": { "value": 5 }
      },   
      "road_tractor_7": {
        "minecraft:variant": { "value": 6 }
      },
      "road_tractor_8": {
        "minecraft:variant": { "value": 7 }
      },
      "goodlord:lay_wood": {
        "minecraft:mark_variant": {
          "value": 2
        },
        "minecraft:movement": {
          "value": 0.11
        }
      },
      "goodlord:lay_stone": {
        "minecraft:mark_variant": {
          "value": 1
        },
        "minecraft:movement": {
          "value": 0.09
        }
      },
      "goodlord:lay_road": {
        "minecraft:mark_variant": {
          "value": 3
        },
        "minecraft:movement": {
          "value": 0.08
        }
      },
      "goodlord:lay_nothing": {
        "minecraft:mark_variant": {
          "value": 0
        },
        "minecraft:movement": {
          "value": 0.14
        }
      },
      "goodlord:no_petrol": {
        "minecraft:movement": {
          "value": 0.14
        }
      },
      "goodlord:zero_speed": {
        "minecraft:mark_variant": {
          "value": 9
        },
        "minecraft:movement": {
          "value": 0.01
        },
        "minecraft:timer": {
          "looping": false,
          "time": 6,
          "time_down_event": {
            "event": "goodlord:off_mode",
            "target": "self"
          }
        }
      },
      "goodlord:start_timer1": {
        "minecraft:timer": {
          "looping": false,
          "time": 75,
          "time_down_event": {
            "event": "goodlord:slow_it",
            "target": "self"
          }
        }
      },
      "goodlord:start_timer2": {
        "minecraft:timer": {
          "looping": false,
          "time": 85,
          "time_down_event": {
            "event": "goodlord:slow_it",
            "target": "self"
          }
        }
      }
    },
    "components": {
      "minecraft:type_family": {
        "family": [ "road_tractor", "transport" ]
      },
      "minecraft:mark_variant": {
        "value": 2
      },
      "minecraft:breathable": {
        "totalSupply": 15,
        "suffocateTime": 0,
        "breathesWater": true
      },
      "minecraft:knockback_resistance": {
        "value": 1.5
      },
      "minecraft:health": {
        "value": 120,
        "max": 120
      },
      "minecraft:scale": {
        "value": 1.0
      },
      "minecraft:healable": {
        "items": [
          {
            "item": "redstone",
            "heal_amount": 5
          },
          {
            "item": "iron_ingot",
            "heal_amount": 15
          }
        ]
      },
      "minecraft:loot": {
        "table": "loot_tables/entities/road_tractor.json"
      },
      "minecraft:collision_box": {
        "width": 2,
        "height": 2
      },
      "minecraft:underwater_movement": {
        "value": 0.10
      },
      "minecraft:lava_movement": {
        "value": 0.05
      },
      "minecraft:navigation.walk": {
        "is_amphibious": true,
        "avoid_water": true
      },
      "minecraft:movement.basic": {
      },
      "minecraft:jump.static": {
        "jump_power": 0.2
      },
      "minecraft:nameable": {
      },
      "minecraft:horse.jump_strength": {
        "value": 0.5
      },
      "minecraft:rideable": {
        "seat_count": 2,
        "crouching_skip_interact": true,
        "family_types": [
          "player"
        ],
        "interact_text": "action.interact.ride.horse",
        "seats": [
          {
            "position": [ 0.0, 0.95, 0.1 ]
          },
          {
            "position": [ 0.0, 0.9, -2.2 ]
          }
        ]
      },
      "minecraft:behavior.player_ride_tamed": {
      },
      "minecraft:input_ground_controlled": {
      },
      "minecraft:interact": {
        "interactions": [
          {
            "on_interact": {
              "filters": {
                "all_of": [
                  { "test": "has_equipment", "domain": "hand", "subject": "other", "value": "gold_block" }
                ]
              },
              "event": "goodlord:wood_mode",
              "target": "self"
            },
            "play_sounds": "power.on",
            "use_item": true,
            "swing": true,
            "interact_text": "action.interact.wood_mode"
          },
          {
            "on_interact": {
              "filters": {
                "all_of": [
                  { "test": "has_equipment", "domain": "hand", "subject": "other", "value": "diamond" }
                ]
              },
              "event": "goodlord:off_mode",
              "target": "self"
            },
            "play_sounds": "power.off",
            "use_item": false,
            "swing": true,
            "interact_text": "action.interact.off_mode"
          },
          {
            "on_interact": {
              "filters": {
                "all_of": [
                  { "test": "has_equipment", "domain": "hand", "subject": "other", "value": "iron_block" }
                ]
              },
              "event": "goodlord:stone_mode",
              "target": "self"
            },
            "play_sounds": "power.on",
            "use_item": true,
            "swing": true,
            "interact_text": "action.interact.stone_mode"
          },
          {
            "on_interact": {
              "filters": {
                "all_of": [
                  { "test": "has_equipment", "domain": "hand", "subject": "other", "value": "lapis_block" }
                ]
              },
              "event": "goodlord:road_mode",
              "target": "self"
            },
            "play_sounds": "power.on",
            "use_item": true,
            "swing": true,
            "interact_text": "action.interact.road_mode"
          }            
        ]
      },
      "minecraft:can_power_jump": {
      },
      "minecraft:balloonable": {
      },
      "minecraft:is_tamed": {
      },
      "minecraft:fire_immune": {
      },

      "minecraft:physics": {
      }
    },

    "events": {
      "minecraft:entity_spawned": {
        "sequence": [
          {
            "randomize": [
              {
                "weight": 8,
                "add": { "component_groups": [ "road_tractor_1" ] }
              },
              {
                "weight": 8,
                "add": { "component_groups": [ "road_tractor_2" ] }
              },
              {
                "weight": 6,
                "add": { "component_groups": [ "road_tractor_3" ] }
              },
              {
                "weight": 6,
                "add": { "component_groups": [ "road_tractor_4" ] }
              },
              {
                "weight": 5,
                "add": { "component_groups": [ "road_tractor_5" ] }
              },
              {
                "weight": 5,
                "add": { "component_groups": [ "road_tractor_6" ] }
              },
              {
                "weight": 5,
                "add": { "component_groups": [ "road_tractor_7" ] }
              },
              {
                "weight": 5,
                "add": { "component_groups": [ "road_tractor_8" ] }
              }
            ]
          },
          {
            "add": {
              "component_groups": [
                  "goodlord:lay_nothing"
              ]
            }
          }
        ]
      },
      "goodlord:wood_mode": {
        "remove": {
          "component_groups": [
            "goodlord:lay_nothing", "goodlord:lay_stone", "goodlord:lay_road"
          ]
        },
        "add": {
          "component_groups": [
            "goodlord:lay_wood", "goodlord:start_timer2"
          ]
        }
      },
      "goodlord:stone_mode": {
        "remove": {
          "component_groups": [
            "goodlord:lay_nothing", "goodlord:lay_wood", "goodlord:lay_road"
          ]
        },
        "add": {
          "component_groups": [
            "goodlord:lay_stone", "goodlord:start_timer1"
          ]
        }
      },
      "goodlord:off_mode": {
        "remove": {
          "component_groups": [
            "goodlord:lay_stone", "goodlord:lay_wood", "goodlord:lay_road", "goodlord:start_timer1", "goodlord:start_timer2"
          ]
        },
        "add": {
          "component_groups": [
            "goodlord:lay_nothing"
          ]
        }
      },
      "goodlord:road_mode": {
        "remove": {
          "component_groups": [
            "goodlord:lay_stone", "goodlord:lay_wood", "goodlord:lay_nothing"
          ]
        },
        "add": {
          "component_groups": [
            "goodlord:lay_road", "goodlord:start_timer1"
          ]
        }
      },
      "goodlord:slow_it": {
        "remove": {
          "component_groups": [
            "goodlord:lay_stone", "goodlord:lay_wood", "goodlord:lay_road", "goodlord:start_timer1", "goodlord:start_timer2"
          ]
        },
        "add": {
          "component_groups": [
            "goodlord:zero_speed"
          ]
        }
      }
    }
  }
}