{
  "format_version": "1.16.0",
  "minecraft:entity": {
    "description": {
      "identifier": "goodlord:wall_builder",
      "is_spawnable": true,
      "is_summonable": true,
      "is_experimental": false,
      "scripts": {
        "animate": [ "wall_builder" ]
      },
      "animations": {
        "wall_builder": "controller.animation.wall_builder"
      }
    },
    "component_groups": {
      "wall_builder1": {
        "minecraft:variant": { "value": 0 }
      },   
      "wall_builder2": {
        "minecraft:variant": { "value": 1 }
      },   
      "wall_builder3": {
        "minecraft:variant": { "value": 2 }
      },   
      "wall_builder4": {
        "minecraft:variant": { "value": 3 }
      },   
      "wall_builder5": {
        "minecraft:variant": { "value": 4 }
      },   
      "wall_builder6": {
        "minecraft:variant": { "value": 5 }
      },   
      "goodlord:build_fence": {
        "minecraft:mark_variant": {
          "value": 3
        },
        "minecraft:movement": {
          "value": 0.09
        }
      },
      "goodlord:build_fence2": {
        "minecraft:mark_variant": {
          "value": 4
        },
        "minecraft:movement": {
          "value": 0.095
        }
      },      
      "goodlord:lay_nothing": {
        "minecraft:mark_variant": {
          "value": 0
        },
        "minecraft:movement": {
          "value": 0.14
        }
      },
      "goodlord:no_petrol": {
        "minecraft:movement": {
          "value": 0.14
        }
      },
      "goodlord:zero_speed": {
        "minecraft:mark_variant": {
          "value": 9
        },
        "minecraft:movement": {
          "value": 0.01
        },
        "minecraft:timer": {
          "looping": false,
          "time": 6,
          "time_down_event": {
            "event": "goodlord:off_mode",
            "target": "self"
          }
        }
      },
      "goodlord:start_timer1": {
        "minecraft:timer": {
          "looping": false,
          "time": 75,
          "time_down_event": {
            "event": "goodlord:slow_it",
            "target": "self"
          }
        }
      }
    },
    "components": {
      "minecraft:type_family": {
        "family": [ "wall_builder", "transport" ]
      },
      "minecraft:mark_variant": {
        "value": 2
      },
      "minecraft:breathable": {
        "totalSupply": 15,
        "suffocateTime": 0,
        "breathesWater": true
      },
      "minecraft:knockback_resistance": {
        "value": 1.5
      },
      "minecraft:health": {
        "value": 120,
        "max": 120
      },
      "minecraft:scale": {
        "value": 1.0
      },
      "minecraft:healable": {
        "items": [
          {
            "item": "redstone",
            "heal_amount": 5
          },
          {
            "item": "iron_ingot",
            "heal_amount": 15
          }
        ]
      },
      "minecraft:loot": {
        "table": "loot_tables/entities/wall_builder.json"
      },
      "minecraft:collision_box": {
        "width": 1.9,
        "height": 1.7
      },
      "minecraft:underwater_movement": {
        "value": 0.10
      },
      "minecraft:lava_movement": {
        "value": 0.05
      },
      "minecraft:navigation.walk": {
        "is_amphibious": true,
        "avoid_water": true
      },
      "minecraft:movement.basic": {
      },
      "minecraft:jump.static": {
        "jump_power": 0.2
      },
      "minecraft:nameable": {
      },
      "minecraft:horse.jump_strength": {
        "value": 0.5
      },
      "minecraft:rideable": {
        "seat_count": 1,
        "crouching_skip_interact": true,
        "family_types": [
          "player"
        ],
        "interact_text": "action.interact.ride.horse",
        "seats": [
          {
            "position": [ 0.0, 0.95, 1.0 ]
          }
        ]
      },
      "minecraft:behavior.player_ride_tamed": {
      },
      "minecraft:input_ground_controlled": {
      },
      "minecraft:interact": {
        "interactions": [
          {
            "on_interact": {
              "filters": {
                "all_of": [
                  { "test": "has_equipment", "domain": "hand", "subject": "other", "value": "redstone" }
                ]
              },
              "event": "goodlord:off_mode",
              "target": "self"
            },
            "play_sounds": "power.off",
            "use_item": false,
            "swing": true,
            "interact_text": "action.interact.off_mode"
          },
          {
            "on_interact": {
              "filters": {
                "all_of": [
                  { "test": "has_equipment", "domain": "hand", "subject": "other", "value": "iron_block" }
                ]
              },
              "event": "goodlord:fence_mode",
              "target": "self"
            },
            "play_sounds": "power.on",
            "use_item": true,
            "swing": true,
            "interact_text": "action.interact.fence_mode"
          },
          {
            "on_interact": {
              "filters": {
                "all_of": [
                  { "test": "has_equipment", "domain": "hand", "subject": "other", "value": "lapis_block" }
                ]
              },
              "event": "goodlord:fence2_mode",
              "target": "self"
            },
            "play_sounds": "power.on",
            "use_item": true,
            "swing": true,
            "interact_text": "action.interact.fence2_mode"
          }
        ]
      },
	  "minecraft:break_blocks": {
        "breakable_blocks": [
          "bamboo",
          "bamboo_sapling",
          "beetroot",
          "brown_mushroom",
          "cactus",
          "carrots",
          "carved_pumpkin",
          "chorus_flower",
          "chorus_plant",
          "deadbush",
          "double_plant",
          "leaves",
          "leaves2",
          "lit_pumpkin",
          "melon_block",
          "melon_stem",
          "potatoes",
          "pumpkin",
          "pumpkin_stem",
          "red_flower",
          "red_mushroom",
          "reeds",
          "sapling",
          "snow_layer",
          "sweet_berry_bush",
          "tallgrass",
          "turtle_egg",
          "vine",
          "waterlily",
          "wheat",
          "yellow_flower"
        ]
      },
      "minecraft:can_power_jump": {
      },
      "minecraft:balloonable": {
      },
      "minecraft:is_tamed": {
      },
      "minecraft:fire_immune": {
      },
      "minecraft:physics": {
      }
    },

    "events": {
      "minecraft:entity_spawned": {
        "sequence": [
          {
            "randomize": [
              {
                "weight": 8,
                "add": { "component_groups": [ "wall_builder1" ] }
              },
              {
                "weight": 8,
                "add": { "component_groups": [ "wall_builder2" ] }
              },
              {
                "weight": 6,
                "add": { "component_groups": [ "wall_builder3" ] }
              },
              {
                "weight": 6,
                "add": { "component_groups": [ "wall_builder4" ] }
              },
              {
                "weight": 5,
                "add": { "component_groups": [ "wall_builder5" ] }
              },
              {
                "weight": 5,
                "add": { "component_groups": [ "wall_builder6" ] }
              }
            ]
          },
          {
            "add": {
              "component_groups": [
                  "goodlord:lay_nothing"
              ]
            }
          }
        ]
      },
      "goodlord:off_mode": {
        "remove": {
          "component_groups": [
            "goodlord:build_fence", "goodlord:start_timer1", "goodlord:build_fence2"
          ]
        },
        "add": {
          "component_groups": [
            "goodlord:lay_nothing"
          ]
        }
      },
      "goodlord:fence_mode": {
        "remove": {
          "component_groups": [
            "goodlord:lay_nothing", "goodlord:build_fence2"
          ]
        },
        "add": {
          "component_groups": [
            "goodlord:build_fence", "goodlord:start_timer1"
          ]
        }
      },
      "goodlord:fence2_mode": {
        "remove": {
          "component_groups": [
            "goodlord:lay_nothing", "goodlord:build_fence"
          ]
        },
        "add": {
          "component_groups": [
            "goodlord:build_fence2", "goodlord:start_timer1"
          ]
        }
      },      
      "goodlord:slow_it": {
        "remove": {
          "component_groups": [
            "goodlord:build_fence", "goodlord:start_timer1", "goodlord:build_fence2"
          ]
        },
        "add": {
          "component_groups": [
            "goodlord:zero_speed"
          ]
        }
      }
    }
  }
}