{
	"format_version": "1.12.0",
	"minecraft:geometry": [
		{
			"description": {
				"identifier": "geometry.morph4",
				"texture_width": 148,
				"texture_height": 148,
				"visible_bounds_width": 7,
				"visible_bounds_height": 8.5,
				"visible_bounds_offset": [0, 3.75, 0]
			},
			"bones": [
				{
					"name": "rote",
					"pivot": [0, 31, 0]
				},
				{
					"name": "all",
					"parent": "rote",
					"pivot": [0, 0, 0]
				},
				{
					"name": "rightleg8",
					"parent": "all",
					"pivot": [-3, 40, 0],
					"cubes": [
						{"origin": [-5, 36, -2], "size": [4, 4, 4], "uv": [34, 77]}
					]
				},
				{
					"name": "rightleg7",
					"parent": "rightleg8",
					"pivot": [-3, 36, 0],
					"cubes": [
						{"origin": [-5, 32, -2], "size": [4, 4, 4], "inflate": 0.01, "uv": [51, 77]}
					]
				},
				{
					"name": "rightleg6",
					"parent": "rightleg7",
					"pivot": [-3, 32, 0],
					"cubes": [
						{"origin": [-5, 28, -2], "size": [4, 4, 4], "uv": [64, 82]}
					]
				},
				{
					"name": "rightleg5",
					"parent": "rightleg6",
					"pivot": [-3, 28, 0],
					"cubes": [
						{"origin": [-5, 24, -2], "size": [4, 4, 4], "inflate": 0.01, "uv": [81, 82]}
					]
				},
				{
					"name": "rightleg10",
					"parent": "rightleg5",
					"pivot": [-3, 24, 0],
					"cubes": [
						{"origin": [-5, 20, -2], "size": [4, 4, 4], "uv": [85, 41]}
					]
				},
				{
					"name": "rightleg4",
					"parent": "rightleg10",
					"pivot": [-3, 20, 0],
					"cubes": [
						{"origin": [-5, 16, -2], "size": [4, 4, 4], "inflate": 0.01, "uv": [85, 41]}
					]
				},
				{
					"name": "rightleg11",
					"parent": "rightleg4",
					"pivot": [-3, 16, 0],
					"cubes": [
						{"origin": [-5, 12, -2], "size": [4, 4, 4], "uv": [85, 50]}
					]
				},
				{
					"name": "rightleg3",
					"parent": "rightleg11",
					"pivot": [-3, 12, 0],
					"cubes": [
						{"origin": [-5, 8, -2], "size": [4, 4, 4], "inflate": 0.01, "uv": [85, 50]}
					]
				},
				{
					"name": "rightleg2",
					"parent": "rightleg3",
					"pivot": [-3, 8, 0],
					"cubes": [
						{"origin": [-5, 4, -2], "size": [4, 4, 4], "uv": [0, 86]},
						{"origin": [-9.87059, 0.98296, 0.85], "size": [0, 7, 4], "pivot": [-6.87059, 7.48296, -1], "rotation": [90, 82.5, 90], "uv": [140, 8], "mirror": true},
						{"origin": [-1, 1, -2], "size": [0, 7, 4], "pivot": [-1, 7.5, 0], "rotation": [0, 0, -10], "uv": [140, 8], "mirror": true},
						{"origin": [-5, 1, -2], "size": [0, 7, 4], "pivot": [-5, 7.5, 0], "rotation": [0, 0, 10], "uv": [140, 8], "mirror": true},
						{"origin": [-5.87059, 0.98296, 0.85], "size": [0, 7, 4], "pivot": [-6.87059, 7.48296, -1], "rotation": [-90, 77.5, -90], "uv": [140, 8], "mirror": true}
					]
				},
				{
					"name": "rightleg",
					"parent": "rightleg2",
					"pivot": [-3, 4, 0],
					"cubes": [
						{"origin": [-5, 2, -2], "size": [4, 2, 4], "inflate": 0.01, "uv": [98, 37]}
					]
				},
				{
					"name": "rightleg9",
					"parent": "rightleg",
					"pivot": [-3, 2, 0],
					"cubes": [
						{"origin": [-5, 0, -3], "size": [4, 2, 4], "inflate": 0.01, "uv": [48, 0]},
						{"origin": [-3, 0, -4], "size": [2, 2, 4], "pivot": [-1, 1, -1], "rotation": [0, -20, 0], "uv": [86, 100]},
						{"origin": [-5, 0, -6], "size": [4, 2, 3], "inflate": 0.01, "uv": [100, 22]}
					]
				},
				{
					"name": "leftleg9",
					"parent": "all",
					"pivot": [3, 40, 0],
					"cubes": [
						{"origin": [1, 36, -2], "size": [4, 4, 4], "uv": [17, 77]}
					]
				},
				{
					"name": "leftleg10",
					"parent": "leftleg9",
					"pivot": [3, 36, 0],
					"cubes": [
						{"origin": [1, 32, -2], "size": [4, 4, 4], "inflate": 0.01, "uv": [0, 77]}
					]
				},
				{
					"name": "leftleg11",
					"parent": "leftleg10",
					"pivot": [3, 32, 0],
					"cubes": [
						{"origin": [1, 28, -2], "size": [4, 4, 4], "uv": [76, 61]}
					]
				},
				{
					"name": "leftleg1",
					"parent": "leftleg11",
					"pivot": [3, 28, 0],
					"cubes": [
						{"origin": [1, 24, -2], "size": [4, 4, 4], "inflate": 0.01, "uv": [76, 32]}
					]
				},
				{
					"name": "leftleg2",
					"parent": "leftleg1",
					"pivot": [3, 24, 0],
					"cubes": [
						{"origin": [1, 20, -2], "size": [4, 4, 4], "uv": [72, 73]}
					]
				},
				{
					"name": "leftleg13",
					"parent": "leftleg2",
					"pivot": [3, 20, 0],
					"cubes": [
						{"origin": [1, 16, -2], "size": [4, 4, 4], "inflate": 0.01, "uv": [72, 73]}
					]
				},
				{
					"name": "leftleg3",
					"parent": "leftleg13",
					"pivot": [3, 16, 0],
					"cubes": [
						{"origin": [1, 12, -2], "size": [4, 4, 4], "uv": [17, 68]}
					]
				},
				{
					"name": "leftleg14",
					"parent": "leftleg3",
					"pivot": [3, 12, 0],
					"cubes": [
						{"origin": [1, 8, -2], "size": [4, 4, 4], "inflate": 0.01, "uv": [17, 68]}
					]
				},
				{
					"name": "leftleg15",
					"parent": "leftleg14",
					"pivot": [3, 8, 0],
					"cubes": [
						{"origin": [1, 4, -2], "size": [4, 4, 4], "uv": [0, 68]},
						{"origin": [9.87059, 0.98296, 0.85], "size": [0, 7, 4], "pivot": [6.87059, 7.48296, -1], "rotation": [90, -82.5, -90], "uv": [140, 8]},
						{"origin": [1, 1, -2], "size": [0, 7, 4], "pivot": [1, 7.5, 0], "rotation": [0, 0, 10], "uv": [140, 8]},
						{"origin": [5, 1, -2], "size": [0, 7, 4], "pivot": [5, 7.5, 0], "rotation": [0, 0, -10], "uv": [140, 8]},
						{"origin": [5.87059, 0.98296, 0.85], "size": [0, 7, 4], "pivot": [6.87059, 7.48296, -1], "rotation": [-90, -77.5, 90], "uv": [140, 8]}
					]
				},
				{
					"name": "leftleg16",
					"parent": "leftleg15",
					"pivot": [3, 4, 0],
					"cubes": [
						{"origin": [1, 2, -2], "size": [4, 2, 4], "inflate": 0.01, "uv": [96, 9]}
					]
				},
				{
					"name": "leftleg",
					"parent": "leftleg16",
					"pivot": [3, 2, 0],
					"cubes": [
						{"origin": [1, 0, -3], "size": [4, 2, 4], "inflate": 0.01, "uv": [51, 32]},
						{"origin": [1, 0, -6], "size": [4, 2, 3], "inflate": 0.01, "uv": [98, 84]},
						{"origin": [1, 0, -4], "size": [2, 2, 4], "pivot": [1, 1, -1], "rotation": [0, 20, 0], "uv": [73, 100]}
					]
				},
				{
					"name": "body2",
					"parent": "all",
					"pivot": [0, 40, 0],
					"cubes": [
						{"origin": [-5, 40, -4], "size": [10, 7, 8], "uv": [59, 0]},
						{"origin": [-5, 38, -4], "size": [10, 2, 8], "uv": [112, 19]}
					]
				},
				{
					"name": "body",
					"parent": "body2",
					"pivot": [0, 47, 0],
					"cubes": [
						{"origin": [-5, 47, -4], "size": [10, 7, 8], "uv": [39, 61]},
						{"origin": [-5, 47, -4], "size": [10, 7, 0], "pivot": [0, 54, -4], "rotation": [-4.98145, 0.07516, -0.52712], "uv": [110, 1]}
					]
				},
				{
					"name": "lefthand",
					"parent": "body",
					"pivot": [6, 51, 0],
					"cubes": [
						{"origin": [5, 49, -2], "size": [3, 4, 4], "uv": [98, 55]}
					]
				},
				{
					"name": "lefthand2",
					"parent": "lefthand",
					"pivot": [6.5, 49, 0],
					"cubes": [
						{"origin": [5, 45, -2], "size": [3, 4, 4], "inflate": 0.01, "uv": [45, 96]}
					]
				},
				{
					"name": "lefthand3",
					"parent": "lefthand2",
					"pivot": [6.5, 45, 0],
					"cubes": [
						{"origin": [5, 41, -2], "size": [3, 4, 4], "uv": [96, 0]}
					]
				},
				{
					"name": "lefthand4",
					"parent": "lefthand3",
					"pivot": [6.5, 41, 0],
					"cubes": [
						{"origin": [5, 37, -2], "size": [3, 4, 4], "inflate": 0.01, "uv": [30, 95]}
					]
				},
				{
					"name": "lefthand5",
					"parent": "lefthand4",
					"pivot": [6.5, 37, 0],
					"cubes": [
						{"origin": [5, 33, -2], "size": [3, 4, 4], "uv": [15, 95]}
					]
				},
				{
					"name": "lefthand12",
					"parent": "lefthand5",
					"pivot": [6.5, 33, 0],
					"cubes": [
						{"origin": [5, 29, -2], "size": [3, 4, 4], "inflate": 0.01, "uv": [0, 95]}
					]
				},
				{
					"name": "lefthand6",
					"parent": "lefthand12",
					"pivot": [6.5, 29, 0],
					"cubes": [
						{"origin": [5, 25, -2], "size": [3, 4, 4], "uv": [0, 95]}
					]
				},
				{
					"name": "lefthand7",
					"parent": "lefthand6",
					"pivot": [6.5, 25, 0],
					"cubes": [
						{"origin": [5, 21, -2], "size": [3, 4, 4], "inflate": 0.01, "uv": [94, 75]}
					]
				},
				{
					"name": "lefthand8",
					"parent": "lefthand7",
					"pivot": [6.5, 21, 0],
					"cubes": [
						{"origin": [5, 17, -2], "size": [3, 4, 4], "uv": [93, 28]},
						{"origin": [5, 16, -2], "size": [3, 5, 0], "pivot": [6.5, 21, -2], "rotation": [-17.5, 0, 0], "uv": [142, 7]},
						{"origin": [5, 16, 2], "size": [3, 5, 0], "pivot": [6.5, 21, 2], "rotation": [17.5, 0, 0], "uv": [142, 7]},
						{"origin": [5.00095, 16.9997, -2], "size": [0, 4, 4], "pivot": [5.00095, 20.9997, 0], "rotation": [0, 0, 17.5], "uv": [131, -2], "mirror": true},
						{"origin": [8, 17, -2], "size": [0, 4, 4], "pivot": [8, 21, 0], "rotation": [0, 0, -17.5], "uv": [131, -2]},
						{"origin": [5, 14, -2], "size": [3, 3, 0], "pivot": [6.5, 17, -2], "rotation": [-35, 0, 0], "uv": [142, 7]},
						{"origin": [5, 14, 2], "size": [3, 3, 0], "pivot": [6.5, 17, 2], "rotation": [17.5, 0, 0], "uv": [142, 7]},
						{"origin": [5, 14, -2], "size": [0, 3, 4], "pivot": [5, 17, 0], "rotation": [0, 0, 15], "uv": [139, 0]},
						{"origin": [8, 14, -2], "size": [0, 3, 4], "pivot": [8, 17, 0], "rotation": [0, 0, -17.5], "uv": [139, 0]}
					]
				},
				{
					"name": "lefthand9",
					"parent": "lefthand8",
					"pivot": [6.5, 17, 0],
					"cubes": [
						{"origin": [5.5, 15, -2], "size": [2, 2, 4], "uv": [60, 100]}
					],
					"locators": {
						"attack_smear": [0, 0, 0]
					}
				},
				{
					"name": "lefthand10",
					"parent": "lefthand9",
					"pivot": [7.5, 15, 0],
					"rotation": [0, 0, 17.5],
					"cubes": [
						{"origin": [5.5, 12, -2], "size": [2, 3, 4], "uv": [98, 46]}
					]
				},
				{
					"name": "lefthand11",
					"parent": "lefthand9",
					"pivot": [6.5, 17, -2],
					"rotation": [-10, 0, 17.5],
					"cubes": [
						{"origin": [5.5, 14, -3], "size": [2, 3, 1], "uv": [0, 54]}
					]
				},
				{
					"name": "righthand1",
					"parent": "body",
					"pivot": [-6, 51, 0],
					"cubes": [
						{"origin": [-8, 49, -2], "size": [3, 4, 4], "uv": [88, 91]}
					]
				},
				{
					"name": "righthand13",
					"parent": "righthand1",
					"pivot": [-6.5, 49, 0],
					"cubes": [
						{"origin": [-8, 45, -2], "size": [3, 4, 4], "inflate": 0.01, "uv": [73, 91]}
					]
				},
				{
					"name": "righthand14",
					"parent": "righthand13",
					"pivot": [-6.5, 45, 0],
					"cubes": [
						{"origin": [-8, 41, -2], "size": [3, 4, 4], "uv": [58, 91]}
					]
				},
				{
					"name": "righthand15",
					"parent": "righthand14",
					"pivot": [-6.5, 41, 0],
					"cubes": [
						{"origin": [-8, 37, -2], "size": [3, 4, 4], "inflate": 0.01, "uv": [89, 66]}
					]
				},
				{
					"name": "righthand16",
					"parent": "righthand15",
					"pivot": [-6.5, 37, 0],
					"cubes": [
						{"origin": [-8, 33, -2], "size": [3, 4, 4], "uv": [88, 16]}
					]
				},
				{
					"name": "righthand3",
					"parent": "righthand16",
					"pivot": [-6.5, 33, 0],
					"cubes": [
						{"origin": [-8, 29, -2], "size": [3, 4, 4], "inflate": 0.01, "uv": [47, 86]}
					]
				},
				{
					"name": "righthand17",
					"parent": "righthand3",
					"pivot": [-6.5, 29, 0],
					"cubes": [
						{"origin": [-8, 25, -2], "size": [3, 4, 4], "uv": [47, 86]}
					]
				},
				{
					"name": "righthand18",
					"parent": "righthand17",
					"pivot": [-6.5, 25, 0],
					"cubes": [
						{"origin": [-8, 21, -2], "size": [3, 4, 4], "inflate": 0.01, "uv": [32, 86]}
					]
				},
				{
					"name": "righthand19",
					"parent": "righthand18",
					"pivot": [-6.5, 21, 0],
					"cubes": [
						{"origin": [-8, 17, -2], "size": [3, 4, 4], "uv": [17, 86]},
						{"origin": [-8, 16, -2], "size": [3, 5, 0], "pivot": [-6.5, 21, -2], "rotation": [-17.5, 0, 0], "uv": [142, 7], "mirror": true},
						{"origin": [-8, 16, 2], "size": [3, 5, 0], "pivot": [-6.5, 21, 2], "rotation": [17.5, 0, 0], "uv": [142, 7], "mirror": true},
						{"origin": [-5.00095, 16.9997, -2], "size": [0, 4, 4], "pivot": [-5.00095, 20.9997, 0], "rotation": [0, 0, -17.5], "uv": [131, -2]},
						{"origin": [-8, 17, -2], "size": [0, 4, 4], "pivot": [-8, 21, 0], "rotation": [0, 0, 17.5], "uv": [131, -2], "mirror": true},
						{"origin": [-8, 14, -2], "size": [3, 3, 0], "pivot": [-6.5, 17, -2], "rotation": [-35, 0, 0], "uv": [142, 7], "mirror": true},
						{"origin": [-8, 14, 2], "size": [3, 3, 0], "pivot": [-6.5, 17, 2], "rotation": [17.5, 0, 0], "uv": [142, 7], "mirror": true},
						{"origin": [-5, 14, -2], "size": [0, 3, 4], "pivot": [-5, 17, 0], "rotation": [0, 0, -15], "uv": [139, 0], "mirror": true},
						{"origin": [-8, 14, -2], "size": [0, 3, 4], "pivot": [-8, 17, 0], "rotation": [0, 0, 17.5], "uv": [139, 0], "mirror": true}
					]
				},
				{
					"name": "righthand0",
					"parent": "righthand19",
					"pivot": [-6.5, 17, 0],
					"cubes": [
						{"origin": [-7.5, 15, -2], "size": [2, 2, 4], "uv": [99, 96]}
					]
				},
				{
					"name": "lefthand21",
					"parent": "righthand0",
					"pivot": [-7.5, 15, 0],
					"rotation": [0, 0, -17.5],
					"cubes": [
						{"origin": [-7.5, 12, -2], "size": [2, 3, 4], "uv": [40, 28]}
					]
				},
				{
					"name": "righthand2",
					"parent": "righthand0",
					"pivot": [-6.5, 17, -2],
					"rotation": [-10, 0, -17.5],
					"cubes": [
						{"origin": [-7.5, 14, -3], "size": [2, 3, 1], "uv": [0, 49]}
					]
				},
				{
					"name": "neck",
					"parent": "body",
					"pivot": [0, 54, 0]
				},
				{
					"name": "head",
					"parent": "neck",
					"pivot": [0, 54, 0],
					"cubes": [
						{"origin": [-9, 55, -5], "size": [18, 13, 11], "inflate": 0.01, "uv": [0, 0]},
						{"origin": [-9, 66, -5], "size": [18, 0, 11], "uv": [81, 117]},
						{"origin": [-9, 59, -5], "size": [18, 0, 11], "uv": [101, 78]},
						{"origin": [-7, 55, -5], "size": [14, 0, 11], "uv": [81, 106]},
						{"origin": [-6, 54, -5], "size": [12, 0, 11], "uv": [-4, 109]},
						{"origin": [-6, 54.1, -4.9], "size": [12, 11, 9], "uv": [42, 40]},
						{"origin": [-7, 54, -5], "size": [14, 12, 11], "uv": [0, 25]},
						{"origin": [-6.1, 54, -5], "size": [12.2, 1, 11], "uv": [102, 126]},
						{"origin": [-5, 52, -4], "size": [10, 2, 8], "inflate": -0.01, "uv": [112, 138]}
					]
				},
				{
					"name": "hide_bug",
					"parent": "head",
					"pivot": [0, 53, -4],
					"cubes": [
						{"origin": [-5, 52, -4], "size": [10, 2, 0], "inflate": -0.01, "uv": [92, 146]}
					]
				},
				{
					"name": "eyeball",
					"parent": "head",
					"pivot": [2.5, 62.5, -4.5],
					"cubes": [
						{"origin": [1, 61, -6], "size": [3, 3, 1], "uv": [0, 31]},
						{"origin": [1, 61, -5], "size": [3, 3, 1], "uv": [0, 31]}
					]
				},
				{
					"name": "eye1",
					"parent": "eyeball",
					"pivot": [2, 63.1, -5.45],
					"cubes": [
						{"origin": [1, 61.1, -6.45], "size": [3, 3, 2], "inflate": -0.2, "uv": [0, 25]}
					]
				},
				{
					"name": "eyeball2",
					"parent": "head",
					"pivot": [-2.5, 61.5, -4.5],
					"cubes": [
						{"origin": [-4, 60, -6], "size": [3, 3, 1], "uv": [0, 6]},
						{"origin": [-4, 60, -5], "size": [3, 3, 1], "uv": [0, 6]}
					]
				},
				{
					"name": "eye2",
					"parent": "eyeball2",
					"pivot": [-2, 61.9, -5.45],
					"cubes": [
						{"origin": [-4, 59.9, -6.45], "size": [3, 3, 2], "inflate": -0.2, "uv": [0, 0]}
					]
				},
				{
					"name": "lip",
					"parent": "head",
					"pivot": [0, 55, 0],
					"cubes": [
						{"origin": [-7, 54, -4.7], "size": [14, 6, 9], "inflate": 0.5, "uv": [0, 52]}
					]
				},
				{
					"name": "teeth",
					"parent": "lip",
					"pivot": [0, 56.15119, -2.18993],
					"cubes": [
						{"origin": [-9, 56.15119, -2.18993], "size": [14, 4, 0], "pivot": [0, 56.15119, -2.18993], "rotation": [12.5, 20, 0], "uv": [64, 121], "mirror": true},
						{"origin": [-5, 56.15119, -2.18993], "size": [14, 4, 0], "pivot": [0, 56.15119, -2.18993], "rotation": [12.5, -20, 0], "uv": [64, 121]}
					]
				},
				{
					"name": "lip3",
					"parent": "head",
					"pivot": [0, 54, 0.2]
				},
				{
					"name": "lip2",
					"parent": "head",
					"pivot": [0, 61, 0],
					"cubes": [
						{"origin": [-7, 55, -4.7], "size": [14, 6, 9], "inflate": 0.51, "uv": [50, 16]}
					],
					"locators": {
						"watering": [0, 62, -3]
					}
				},
				{
					"name": "teeth2",
					"parent": "lip2",
					"pivot": [0, 59, -1],
					"cubes": [
						{"origin": [-5, 55.73895, -1.98289], "size": [14, 3, 0], "pivot": [0, 59, -1], "rotation": [-15, -20, 0], "uv": [64, 118]},
						{"origin": [-9, 55.73895, -1.98289], "size": [14, 3, 0], "pivot": [0, 59, -1], "rotation": [-15, 20, 0], "uv": [64, 118], "mirror": true}
					]
				}
			]
		}
	]
}