{
  "resource_pack_name": "vanilla",
  "texture_name": "atlas.items",
  "texture_data": {
    "ic:charles": {
      "textures": "textures/items/spawn_eggs/ic_charles"
    },
    "ic:boomer": {
      "textures": "textures/items/guns/ic_boomer"
    },
    "ic:cultist": {
      "textures": "textures/items/ic_cultist"
    },
    "ic:train": {
      "textures": "textures/items/ic_train"
    },
    "ic:derailer": {
      "textures": "textures/items/guns/ic_derailer"
    },
    "ic:derailer_overheat": {
      "textures": "textures/items/guns/ic_derailer_overheat"
    },
    "ic:spray": {
      "textures": "textures/items/guns/ic_bug_spray"
    },
    "ic:spray_overheat": {
      "textures": "textures/items/guns/ic_bug_spray_overheat"
    },
    "ic:bob": {
      "textures": "textures/items/guns/ic_bob"
    },
    "ic:bob_overheat": {
      "textures": "textures/items/guns/ic_bob_overheat"
    },
    "ic:charles_mad": {
      "textures": "textures/items/spawn_eggs/ic_charles_hell"
    }  
  }
}