{
  "format_version": "1.10.0",
  "minecraft:client_entity": {
    "description": {
      "identifier": "minecraft:player",
      "materials": {
        "default": "npc"
      },
      "textures": {
        "default": "textures/entity/huggy_wuggy_bd"
      },
      "geometry": {
        "default": "geometry.huggy_wuggy_bd"
      },
      "animations": {
        "moving": "animation.huggy_wuggy_bd.moving",
        "huggy_wuggy_bd_general": "animation.huggy_wuggy_bd.general",
        "attack1": "animation.huggy_wuggy_bd.attack1",
		"attack2": "animation.huggy_wuggy_bd.attack2",
		"vent_moving": "animation.huggy_wuggy_bd.vent_moving",
		"statue": "animation.huggy_wuggy_bd.statue",
		"to_revive": "animation.huggy_wuggy_bd.to_revive",
		"falling": "animation.huggy_wuggy_bd.falling",
		"running": "animation.huggy_wuggy_bd.running",
		"heying": "animation.huggy_wuggy_bd.heying",
		"jumpscare": "animation.huggy_wuggy_bd.jumpscare",
		"jumpscare2": "animation.huggy_wuggy_bd.jumpscare2",
		"dead_entity": "animation.huggy_wuggy_bd.dead_entity",
        "crouching":
"animation.huggy_wuggy_bd.crouching",
        "crouching2":
"animation.huggy_wuggy_bd.crouching2",
        "move": "controller.animation.huggy_wuggy_bd.move",
        "general": "controller.animation.huggy_wuggy_bd.general",
		"hey": "controller.animation.huggy_wuggy_bd.hey",
        "attack": "controller.animation.huggy_wuggy_bd.attack"
      },
      "scripts": {
        "animate": [
          "move", "general", "attack", "hey"
        ],
        "pre_animation": [
               "variable.random = math.round(math.random(0,1));",
               "variable.attack = Math.sin(variable.attack_time * 30.0);",
               "variable.random2 = math.floor(math.random(0,1));"
        ]
	  },
      "render_controllers": [
        { "controller.render.player.first_person": "variable.is_first_person" },
        { "controller.render.player.third_person": "!variable.is_first_person && !variable.map_face_icon" },
        { "controller.render.player.map": "variable.map_face_icon" }
      ],
      "spawn_egg": {
        "base_color": "#0955a8",
        "overlay_color": "#1782db"
      }
    }
  }
}