{"animation_controllers":{"controller.animation.huggy_wuggy_morph_fall":{"initial_state":"default","states":{"default":{"transitions":[{"fall":"(!variable.attack_time > 0 && !query.is_on_ground && query.ground_speed > 13 && query.variant>=300)"}]},"fall":{"transitions":[{"land":"query.is_on_ground && query.variant>=300 && (!query.is_in_water && query.ground_speed < 13)"}]},"land":{"on_entry":["/effect @s slowness 4 100 true"],"transitions":[{"default":"query.is_on_ground && query.variant>=300 && (!query.is_in_water && query.ground_speed < 13)"}]}}},"controller.animation.move":{"initial_state":"default","states":{"default":{"transitions":[{"move":"query.is_moving && query.variant>=300"},{"sprint":"query.is_sprinting && query.variant>=300"}]},"move":{"on_entry":["/playsound mob.huggy_wuggy.step @a[r=5]"],"transitions":[{"default":"!query.is_moving && query.variant>=300"},{"sprint":"query.is_sprinting && query.variant>=300"}]},"sprint":{"on_entry":["/playsound mob.huggy_wuggy.step @a[r=5]","/playsound mob.huggy_wuggy.step @a[r=6]"],"transitions":[{"default":"!query.is_sprinting && query.variant>=300"},{"move":"query.is_moving && query.variant>=300"}]}}},"controller.animation.run":{"initial_state":"default","states":{"default":{"transitions":[{"run":"query.is_sprinting && query.variant>=300"}]},"run":{"on_entry":["/effect @s slowness 0 0 true","/effect @s speed 2 3 true","/effect @s jump_boost 2 3 true"],"transitions":[{"default":"query.is_sprinting && query.variant>=300"}]}}},"controller.animation.vent_speed_con":{"initial_state":"default","states":{"default":{"transitions":[{"in_vent":"query.is_stunned && query.variant>=300"}]},"in_vent":{"animations":["vent_speed"],"on_exit":["/effect @s speed 0 0 true"],"transitions":[{"default":"!query.is_stunned && query.variant>=300"}]}}}},"format_version":"1.10.0"}