{"animation_controllers":{"controller.animation.statue":{"states":{"default":{"on_entry":["/gamerule commandblockoutput false","/gamerule sendcommandfeedback false","/effect @s invisibility 0 0 true","/effect @s weakness 1 1 true","/effect @s resistance 1 255 true","/effect @a[tag=!huggy,r=3] weakness 1 255 true","/effect @e[type=!player,r=3] weakness 1 255 true","/tp @s @s","/gamerule commandblockoutput true","/gamerule sendcommandfeedback true"],"transitions":[{"statue":"(1.0)"}]},"statue":{"on_entry":["/gamerule commandblockoutput false","/gamerule sendcommandfeedback false","/effect @s invisibility 0 0 true","/effect @s weakness 1 1 true","/effect @s resistance 1 255 true","/effect @a[tag=!huggy,r=3] weakness 1 255 true","/effect @e[type=!player,r=3] weakness 1 255 true","/tp @s @s","/gamerule commandblockoutput true","/gamerule sendcommandfeedback true"],"transitions":[{"default":"query.get_equipped_item_name == 'statue' && query.is_using_item && query.variant>=300"}]}}}},"format_version":"1.10.0"}