{
    "pools": [
        {
            "rolls": 1,
            "entries": [
                {
                    "type": "item",
                    "name": "srp:yelloweye",
                    "weight": 20,
                    "functions": [
                        {
                            "function": "set_count",
                            "count": {
                                "min": 1,
                                "max": 1
                      }
                    },
                    {
                      "function": "looting_enchant",
                      "count": {
                        "min": 1,
                        "max": 1
                      }
                    }
                  ]
                }
            ]
        }
    ]
}  ]
}