
{
	"format_version": "1.16.100",
	"minecraft:item": {
		"description": {
			"identifier": "57:storm_bow",
			"category": "equipment"
		},
		"components": {
			"minecraft:render_offsets": {
				"main_hand": {
				  "third_person": {
                    "position": [0.25,0.55,-0.7]
				  }
				}
			  },
            "minecraft:on_use": {
                "on_use": {
                    "condition": "query.scoreboard('bws_arrow') == 1",
                    "event": "fulger"
                }
              },
			"minecraft:cooldown": {
				"category": "storm_bow",
				"duration": 10
			  },
			"minecraft:max_stack_size": 1,
			"minecraft:hand_equipped": true,
			"minecraft:foil": true,
			"minecraft:durability": {
				"max_durability": 10000
			},
			"minecraft:mining_speed": 3.5,
			"minecraft:enchantable": {
				"value": 10,
				"slot": "bow"
			},
			"minecraft:repairable": {
				"repair_items": [
					{
						"items": [
							"minecraft:netherite_ingot"
						],
						"repair_amount": "query.max_durability"
					}
				]
			},
			"minecraft:can_destroy_in_creative": false,
			"minecraft:icon": {
				"texture": "storm_bow"
			},
			"minecraft:display_name": {
				"value": "Storm Bow"
			}
		},
		"events": {
			"fulger": {
				"sequence": [
				  {
					  "shoot": {
						 "projectile": "57:storm_arrow",
						 "launch_power": 2,
						 "angle_offset": 0
						}
					 },
				   {
					  "damage": {
						 "type": "durability",
						 "amount": 1
					   }
					},
					{
					"run_command": {
					  "command": [
						"clear @s 57:storm_arrow 0 1",
						  "playsound random.bow @a[r=10]",
						  "camerashake add @a[r=30] 0.5 1 rotational"
						  ]
					  }
				  }
				  ]
				}
		}
	}
}