{"format_version":"1.14.0","sound_definitions":{"mob.huggy_wuggy.attack":{"category":"hostile","sounds":{"0":"sounds/huggy_wuggy_morph/attack1","1":"sounds/huggy_wuggy_morph/attack2"}},"mob.huggy_wuggy.chase":{"__use_legacy_max_distance":"true","category":"music","sounds":[{"load_on_low_memory":true,"name":"sounds/huggy_wuggy_morph/chase"}]},"mob.huggy_wuggy.jumpscare":{"category":"hostile","sounds":["sounds/huggy_wuggy_morph/jumpscare"]},"mob.huggy_wuggy.step":{"category":"hostile","sounds":{"0":"sounds/huggy_wuggy_morph/step1","1":"sounds/huggy_wuggy_morph/step2"}},"mob.huggy_wuggy.vent_step":{"category":"hostile","sounds":{"0":"sounds/huggy_wuggy_morph/vent_step1","1":"sounds/huggy_wuggy_morph/vent_step2","2":"sounds/huggy_wuggy_morph/vent_step3"}},"music.game":{"category":"music","sounds":["sounds/music/game/general"],"stream":true,"volume":0.4},"music.game.creative":{"category":"music","sounds":["sounds/music/game/general"],"stream":true,"volume":0.4},"music.menu":{"category":"music","sounds":["sounds/music/game/general"],"stream":true,"volume":0.6}}}