{
	"format_version": "1.8.0",
	"animations": {
		"animation.steam.move": {
			"loop": true,
			"bones": {
				"body": {
					"rotation": [0, "query.body_y_rotation", 0]
				}
			}
		},
		"animation.steam.wheels": {
			"loop": true,
			"animation_length": 0.44,
			"bones": {
				"1": {
					"rotation": {
						"0.0": [0, 0, 0],
						"0.44": [0, 0, -360]
					}
				},
				"2": {
					"rotation": {
						"0.0": [0, 0, 0],
						"0.44": [0, 0, -360]
					}
				},
				"3": {
					"rotation": {
						"0.0": [0, 0, 0],
						"0.44": [0, 0, -360]
					}
				},
				"4": {
					"rotation": {
						"0.0": [0, 0, 0],
						"0.44": [0, 0, -360]
					}
				},
				"5": {
					"rotation": {
						"0.0": [0, 0, 0],
						"0.44": [0, 0, -360]
					}
				}
			}
		}
	}
}