{
  "format_version":"1.16.100",
  "animation_controllers":{
    "controller.animation.fujitora":{
      "states":{
        "default":{
          "transitions":[
            {"k":"query.variant == 27000"},
            {"kurouzu":"query.variant == 270"},
            {"zusizusi":"query.has_target && !query.is_in_water"}
          ]
        },
        "zusizusi":{
          "transitions":[
            {"k":"query.variant == 27000"},
            {"default":"variable.time = (variable.time ?? 0);variable.time = variable.time < 100 ? variable.time + 1:0;return variable.time == 0;"}
          ],
          "on_entry":[
            "/summon op_asa:fujitora_meteo"
          ]
        },
        "kurouzu":{
          "transitions":[
            {"default":"query.variant == 0"}
          ],
          "on_entry":[
            "/event entity @e[type=op_asa:fujitora_meteo] op_asa:despawn"
          ]
        },
        "k":{
          "on_entry":[
            "/event entity @e[type=op_asa:fujitora_meteo] op_asa:despawn"
          ]
        }
      }
    }
  }
}