{
  "format_version":"1.16.100",
  "animation_controllers":{
    "controller.animation.kaizoku_yamiyami":{
      "states":{
        "default":{
          "transitions":[
            {"1":"query.has_target && !query.is_in_water"}
          ]
        },
        "1":{
          "transitions":[
            {"default":"(1.0)"}
          ],
          "on_entry":[
            "/execute @s ~~~ teleport @e[rm=1,r=16,family=devil] ^^^2",
            "/execute @s ~~~ teleport @e[rm=1,r=16,tag=devil] ^^^2"
          ]
        }
      }
    }
  }
}