{
	"format_version": "1.12.0",
	"minecraft:geometry": [
		{
			"description": {
				"identifier": "geometry.lis",
				"texture_width": 64,
				"texture_height": 64,
				"visible_bounds_width": 3,
				"visible_bounds_height": 4,
				"visible_bounds_offset": [0, 1, 0]
			},
			"bones": [
				{
					"name": "body",
					"pivot": [0, 24, 0],
					"mirror": true,
					"cubes": [
						{"origin": [-4, 12, -2], "size": [8, 12, 4], "pivot": [0, 0, 0], "rotation": [0, 180, 0], "uv": [0, 35], "mirror": false}
					]
				},
				{
					"name": "head",
					"parent": "body",
					"pivot": [0, 24, 0],
					"mirror": true,
					"cubes": [
						{"origin": [-4, 24, -4], "size": [8, 8, 8], "uv": [24, 27], "mirror": false},
						{"origin": [-4.65, 24.1, -4.65], "size": [9.3, 9.3, 9.3], "uv": [0, 0], "mirror": false},
						{"origin": [-4.15, 24, -4.15], "size": [8.3, 9.3, 8.3], "uv": [0, 18], "mirror": false}
					]
				},
				{
					"name": "bone",
					"parent": "head",
					"pivot": [0.002, 31.25201, 7.44685],
					"cubes": [
						{"origin": [-1.50793, 30.5856, 9.24069], "size": [3.01, 3.01, 3.71], "pivot": [0.00978, 33.5607, 9.24109], "rotation": [-72.4051, -1.65216, 1.103], "uv": [24, 18]},
						{"origin": [-1.13106, 28.36221, 8.69378], "size": [2.31, 2.31, 2.31], "pivot": [0.02564, 29.66839, 9.1653], "rotation": [-90.02848, 0.34668, -0.13901], "uv": [0, 0]},
						{"origin": [-1.14608, 31.55599, 6.67773], "size": [2.31, 2.31, 2.31], "pivot": [0.00892, 33.41099, 8.18273], "rotation": [-20.02848, 0.34668, -0.13901], "uv": [0, 4]},
						{"origin": [-0.8044, 34.9256, 11.57905], "size": [1.61, 1.61, 1.61], "pivot": [0.0006, 33.3506, 6.78405], "rotation": [-92.5, 0, 0], "uv": [4, 18]},
						{"origin": [-0.7, 32.5, 4.11976], "size": [1.4, 1.4, 1.61], "pivot": [-0.105, 33.32693, 5.07217], "rotation": [30, 0, 0], "uv": [0, 18]},
						{"origin": [-0.8044, 32.5456, 5.27905], "size": [1.61, 1.61, 1.61], "pivot": [0.0006, 33.3506, 6.78405], "rotation": [-2.5, 0, 0], "uv": [0, 20]}
					]
				},
				{
					"name": "leftArm",
					"parent": "body",
					"pivot": [-5, 22, 0],
					"mirror": true,
					"cubes": [
						{"origin": [-8, 12, -2], "size": [4, 12, 4], "uv": [48, 12], "mirror": false}
					]
				},
				{
					"name": "rightArm",
					"parent": "body",
					"pivot": [5, 22, 0],
					"mirror": true,
					"cubes": [
						{"origin": [4, 12, -2], "size": [4, 12, 4], "uv": [40, 43], "mirror": false}
					]
				},
				{
					"name": "leftLeg",
					"parent": "body",
					"pivot": [-1.9, 12, 0],
					"mirror": true,
					"cubes": [
						{"origin": [-4, 0, -2], "size": [4, 12, 4], "uv": [24, 43], "mirror": false}
					]
				},
				{
					"name": "rightLeg",
					"parent": "body",
					"pivot": [1.9, 12, 0],
					"mirror": true,
					"cubes": [
						{"origin": [0, 0, -2], "size": [4, 12, 4], "uv": [36, 0], "mirror": false}
					]
				}
			]
		}
	]
}