{
	"format_version": "1.12.0",
	"minecraft:geometry": [
		{
			"description": {
				"identifier": "geometry.mati",
				"texture_width": 2048,
				"texture_height": 2048,
				"visible_bounds_width": 22,
				"visible_bounds_height": 35,
				"visible_bounds_offset": [0, 13.5, 0]
			},
			"bones": [
				{
					"name": "mati",
					"pivot": [0, 0, 0]
				},
				{
					"name": "body",
					"parent": "mati",
					"pivot": [0, -25.91683, -24.73907]
				},
				{
					"name": "upper",
					"parent": "body",
					"pivot": [0, 104.08317, 27.26093]
				},
				{
					"name": "arms",
					"parent": "upper",
					"pivot": [0, 228, 0]
				},
				{
					"name": "leftarm",
					"parent": "arms",
					"pivot": [-75.57633, 226.74362, 18.42367],
					"rotation": [0, 0, 2.5]
				},
				{
					"name": "boneupperleft",
					"parent": "leftarm",
					"pivot": [-74.98165, 226.61264, 18.94081],
					"cubes": [
						{"origin": [-135.8956, 160.33259, -5.68224], "size": [53.03425, 90.91587, 49.24609], "pivot": [-95.26528, 98.59024, 18.94081], "rotation": [0, 0, 5], "uv": [800, 372]}
					]
				},
				{
					"name": "bonelowerleft",
					"parent": "boneupperleft",
					"pivot": [-105, 160, 17]
				},
				{
					"name": "bone4",
					"parent": "bonelowerleft",
					"pivot": [-130.02453, 160.99025, 18.94081],
					"cubes": [
						{"origin": [-137.07522, 135.18261, -5.68224], "size": [53.03425, 27.03425, 49.24609], "pivot": [-101.13435, 9.04509, 18.94081], "rotation": [0, 0, 2.5], "uv": [657, 838]}
					]
				},
				{
					"name": "bone10",
					"parent": "bone4",
					"pivot": [-103.65021, 140.85048, 18.94081],
					"cubes": [
						{"origin": [-137.79756, 101.60629, -6.43987], "size": [54.54953, 37.88161, 50.76136], "pivot": [-101.13435, 9.04509, 18.94081], "rotation": [0, 0, 2.5], "uv": [932, 622]}
					]
				},
				{
					"name": "hand",
					"parent": "bone10",
					"pivot": [-103.88763, 101.88681, 14.10841],
					"cubes": [
						{"origin": [-132.6731, 95.50238, -5.68224], "size": [53.03425, 15.15264, 49.24609], "uv": [971, 323]},
						{"origin": [-125.09677, 72.77341, -5.68224], "size": [22.72897, 22.72897, 49.24609], "uv": [1068, 1046]},
						{"origin": [-111.8759, 34.8918, -13.25857], "size": [18.94081, 37.88161, 18.94081], "pivot": [-107.12185, -54.18978, -3.78816], "rotation": [0, 0, -5], "uv": [1094, 1117]},
						{"origin": [-111.8759, 34.8918, 9.4704], "size": [18.94081, 37.88161, 18.94081], "pivot": [-107.12185, -54.18978, -3.78816], "rotation": [0, 0, -5], "uv": [1117, 976]},
						{"origin": [-111.8759, 34.8918, 32.19937], "size": [18.94081, 37.88161, 18.94081], "pivot": [-107.12185, -54.18978, -3.78816], "rotation": [0, 0, -5], "uv": [1107, 709]},
						{"origin": [-61.01862, 54.41111, -43.81164], "size": [18.94081, 37.88161, 18.94081], "pivot": [-88.52925, -23.55006, -3.78816], "rotation": [-17.5, 0, -22.5], "uv": [872, 511]},
						{"origin": [-48.48232, 27.97906, -2.86255], "size": [18.94081, 37.88161, 18.94081], "pivot": [-75.99293, -53.81544, -6.65421], "rotation": [7.5, 0, -22.5], "uv": [800, 511]},
						{"origin": [-47.65842, -4.13984, 9.4704], "size": [18.94081, 30.30528, 18.94081], "pivot": [-96.2837, -83.96731, -3.78816], "rotation": [0, 0, -35], "uv": [932, 709]},
						{"origin": [-47.65842, -4.13984, 32.19937], "size": [18.94081, 30.30528, 18.94081], "pivot": [-96.2837, -83.96731, -3.78816], "rotation": [0, 0, -35], "uv": [862, 622]},
						{"origin": [-47.65842, -4.13984, -13.25857], "size": [18.94081, 30.30528, 18.94081], "pivot": [-96.2837, -83.96731, -3.78816], "rotation": [0, 0, -35], "uv": [812, 838]}
					]
				},
				{
					"name": "rightarm",
					"parent": "arms",
					"pivot": [76.57633, 228.74362, 17.42367],
					"rotation": [0, 0, -2.5]
				},
				{
					"name": "boneupperright",
					"parent": "rightarm",
					"pivot": [75.89535, 228.65816, 18.94081],
					"cubes": [
						{"origin": [82.77505, 160.37811, -5.68224], "size": [53.03425, 90.91587, 49.24609], "pivot": [95.17899, 98.63576, 18.94081], "rotation": [0, 0, -5], "uv": [0, 725]}
					]
				},
				{
					"name": "bonelowerright",
					"parent": "boneupperright",
					"pivot": [127.93824, 163.03576, 18.94081],
					"cubes": [
						{"origin": [83.95468, 137.22813, -5.68224], "size": [53.03425, 25.03425, 49.24609], "pivot": [101.04806, 9.09061, 18.94081], "rotation": [0, 0, -2.5], "uv": [453, 838]}
					]
				},
				{
					"name": "bone5",
					"parent": "bonelowerright",
					"pivot": [105.56392, 139.89601, 18.94081],
					"cubes": [
						{"origin": [83.16174, 101.65181, -6.43987], "size": [54.54953, 37.88161, 50.76136], "pivot": [101.04806, 9.09061, 18.94081], "rotation": [0, 0, -2.5], "uv": [912, 38]}
					]
				},
				{
					"name": "hand2",
					"parent": "bone5",
					"pivot": [103.80135, 100.93233, 14.10841],
					"cubes": [
						{"origin": [102.28152, 72.81893, -5.68224], "size": [22.72897, 22.72897, 49.24609], "uv": [1004, 387]},
						{"origin": [92.8488, 34.93732, -13.25857], "size": [18.94081, 37.88161, 18.94081], "pivot": [107.03556, -54.14426, -3.78816], "rotation": [0, 0, 5], "uv": [686, 695]},
						{"origin": [92.8488, 34.93732, 32.19937], "size": [18.94081, 37.88161, 18.94081], "pivot": [107.03556, -54.14426, -3.78816], "rotation": [0, 0, 5], "uv": [440, 686]},
						{"origin": [41.99152, 54.45663, -43.81164], "size": [18.94081, 37.88161, 18.94081], "pivot": [88.44296, -23.50454, -3.78816], "rotation": [-17.5, 0, 22.5], "uv": [632, 88]},
						{"origin": [29.45522, 28.02458, -2.86255], "size": [18.94081, 37.88161, 18.94081], "pivot": [75.90664, -53.76992, -6.65421], "rotation": [7.5, 0, 22.5], "uv": [0, 598]},
						{"origin": [92.8488, 34.93732, 9.4704], "size": [18.94081, 37.88161, 18.94081], "pivot": [107.03556, -54.14426, -3.78816], "rotation": [0, 0, 5], "uv": [556, 568]},
						{"origin": [79.55255, 95.5479, -5.68224], "size": [53.03425, 15.15264, 49.24609], "uv": [810, 958]},
						{"origin": [28.63132, -4.09432, 9.4704], "size": [18.94081, 30.30528, 18.94081], "pivot": [96.19741, -83.92179, -3.78816], "rotation": [0, 0, 35], "uv": [608, 838]},
						{"origin": [28.63132, -4.09432, 32.19937], "size": [18.94081, 30.30528, 18.94081], "pivot": [96.19741, -83.92179, -3.78816], "rotation": [0, 0, 35], "uv": [756, 372]},
						{"origin": [28.63132, -4.09432, -13.25857], "size": [18.94081, 30.30528, 18.94081], "pivot": [96.19741, -83.92179, -3.78816], "rotation": [0, 0, 35], "uv": [155, 725]}
					]
				},
				{
					"name": "torso",
					"parent": "upper",
					"pivot": [0, -25.91683, -24.73907],
					"cubes": [
						{"origin": [-75.76322, 145.26351, -24.73907], "size": [75.76322, 111.20038, 85.64347], "uv": [0, 0]},
						{"origin": [-75.76322, 97.36111, 28.29519], "size": [75.76322, 143.95012, 47.76186], "uv": [556, 378]},
						{"origin": [-76.09969, 138.06413, -25.4967], "size": [43.19938, 4.79748, 1.5055], "uv": [860, 309]},
						{"origin": [-77.4058, 138.06413, 76.19717], "size": [43.19938, 4.79748, 1.5055], "uv": [864, 307]},
						{"origin": [33.5942, 138.06413, 76.19717], "size": [43.19938, 4.79748, 1.5055], "uv": [864, 307]},
						{"origin": [-8.4058, 138.06413, 76.19717], "size": [43.19938, 4.79748, 1.5055], "uv": [864, 307]},
						{"origin": [-24.4058, 138.06413, 76.19717], "size": [43.19938, 4.79748, 1.5055], "pivot": [-2.80611, 140.46287, 76.94993], "rotation": [0, -7.5, -12.5], "uv": [864, 307]},
						{"origin": [-24.4058, 138.06413, 76.19717], "size": [43.19938, 4.79748, 1.5055], "pivot": [-2.80611, 140.46287, 76.94993], "rotation": [0, 10, 12.5], "uv": [864, 307]},
						{"origin": [-38.4058, 138.06413, 76.19717], "size": [43.19938, 4.79748, 1.5055], "uv": [864, 307]},
						{"origin": [33.90031, 138.06413, -25.4967], "size": [43.19938, 4.79748, 1.5055], "uv": [895, 331]},
						{"origin": [54.74725, 138.06413, -4.64976], "size": [43.19938, 4.79748, 1.5055], "pivot": [76.34694, 140.46287, -3.89701], "rotation": [0, 90, 0], "uv": [858, 340]},
						{"origin": [117.54787, 138.06413, -220.64976], "size": [43.19938, 4.79748, 1.5055], "pivot": [139.14756, 140.46287, -3.89701], "rotation": [0, 90, 0], "uv": [849, 284]},
						{"origin": [74.54787, 138.06413, -220.64976], "size": [43.19938, 4.79748, 1.5055], "pivot": [139.14756, 140.46287, -3.89701], "rotation": [0, 90, 0], "uv": [849, 284]},
						{"origin": [11.74725, 138.06413, -4.64976], "size": [43.19938, 4.79748, 1.5055], "pivot": [76.34694, 140.46287, -3.89701], "rotation": [0, 90, 0], "uv": [811, 258]},
						{"origin": [-5.25275, 138.06413, -4.64976], "size": [43.19938, 4.79748, 1.5055], "pivot": [76.34694, 140.46287, -3.89701], "rotation": [0, 90, 0], "uv": [849, 274]},
						{"origin": [-5.25275, 138.06413, -157.64976], "size": [43.19938, 4.79748, 1.5055], "pivot": [76.34694, 140.46287, -3.89701], "rotation": [0, 90, 0], "uv": [849, 274]}
					]
				},
				{
					"name": "torso2",
					"parent": "torso",
					"pivot": [0, -25.91683, -24.73907],
					"cubes": [
						{"origin": [0, 97.87187, -24.71718], "size": [75.76322, 49.2612, 78.77837], "uv": [0, 598]},
						{"origin": [-75.76322, 97.87187, -24.71718], "size": [75.76322, 49.2612, 78.77837], "uv": [556, 568]},
						{"origin": [0, 147.13307, -24.73907], "size": [75.76322, 109.33081, 85.64347], "uv": [0, 196]},
						{"origin": [0, 97.36111, 28.29519], "size": [75.76322, 143.95012, 47.76186], "uv": [312, 496]}
					]
				},
				{
					"name": "bone6",
					"parent": "torso2",
					"pivot": [0, -25.91683, -24.73907]
				},
				{
					"name": "chest",
					"parent": "bone6",
					"pivot": [-0.35562, 146.4563, -17.48619],
					"rotation": [15, 0, 0],
					"cubes": [
						{"origin": [-0.35562, 141.43902, -61.54812], "size": [71.97506, 102.63596, 85.64347], "pivot": [35.63192, 85.55672, -7.27064], "rotation": [-22.5, 0, 0], "uv": [462, 191]},
						{"origin": [-72.33068, 147.71028, -62.34902], "size": [71.97506, 102.63596, 85.64347], "pivot": [-40.1313, 86.67918, -23.43498], "rotation": [-22.5, 0, 0], "uv": [0, 411]}
					]
				},
				{
					"name": "chest2",
					"parent": "bone6",
					"pivot": [-0.35562, 79.5083, 3.34556],
					"rotation": [-7.5, 0, 0],
					"cubes": [
						{"origin": [-0.35562, 120.9996, -92.67976], "size": [71.97506, 106.06851, 85.64347], "pivot": [35.63192, 82.11088, 1.54719], "rotation": [-22.5, 0, 0], "uv": [235, 305]},
						{"origin": [-72.33068, 127.27087, -93.48066], "size": [71.97506, 106.06823, 85.64347], "pivot": [-40.1313, 83.23333, -14.61715], "rotation": [-22.5, 0, 0], "uv": [320, 0]}
					]
				},
				{
					"name": "bone7",
					"parent": "torso2",
					"pivot": [0, -18, 0]
				},
				{
					"name": "chest3",
					"parent": "bone7",
					"pivot": [-0.35562, 146.4563, -17.48619],
					"rotation": [15, 0, 0],
					"cubes": [
						{"origin": [-60.60448, 207.54612, -64.10198], "size": [121.20896, 44.55308, 10.34912], "inflate": 0.3, "pivot": [-49.35617, 86.67918, -23.43498], "rotation": [-22.5, 0, 0], "uv": [784, 568]}
					]
				},
				{
					"name": "chest4",
					"parent": "bone7",
					"pivot": [-0.35562, 79.5083, 3.34556],
					"rotation": [-7.5, 0, 0],
					"cubes": [
						{"origin": [-60.60447, 132.44225, -57.96111], "size": [121.20896, 44.56512, 44.56512], "inflate": 0.3, "pivot": [-38.7248, 180.38627, -13.38642], "rotation": [-22.5, 0, 0], "uv": [632, 0]},
						{"origin": [-60.60448, 125.51791, -95.23362], "size": [121.20896, 61.67175, 10.34912], "inflate": 0.3, "pivot": [-49.35617, 83.23333, -14.61715], "rotation": [-22.5, 0, 0], "uv": [235, 196]}
					]
				},
				{
					"name": "bone16",
					"parent": "torso",
					"pivot": [0, 139.46287, -24.74395],
					"cubes": [
						{"origin": [-61.09969, 23.06413, -25.4967], "size": [122.19938, 128.79748, 1.5055], "uv": [774, 243]}
					]
				},
				{
					"name": "head",
					"parent": "upper",
					"pivot": [0, 222, 15]
				},
				{
					"name": "headstructure",
					"parent": "head",
					"pivot": [0, 128.70715, -1.71627]
				},
				{
					"name": "hat",
					"parent": "headstructure",
					"pivot": [-0.53081, 343.72807, -24.44591],
					"rotation": [-7.5, 0, 0],
					"cubes": [
						{"origin": [-27.49472, 341.81844, -28.28469], "size": [27.49472, 18.32981, 59.17715], "uv": [994, 709]},
						{"origin": [-21.0281, 358.41429, -28.28469], "size": [33.60466, 61.09937, 59.17715], "pivot": [-16.62385, 285.22661, 10.26824], "rotation": [0, 0, -5], "uv": [861, 838]}
					]
				},
				{
					"name": "hat2",
					"parent": "hat",
					"pivot": [0, 124.96783, 0.5438],
					"cubes": [
						{"origin": [0, 341.81844, -28.28469], "size": [27.49472, 18.32981, 59.17715], "uv": [986, 899]},
						{"origin": [-12.57656, 358.41429, -28.28469], "size": [33.60466, 61.09937, 59.17715], "pivot": [16.62385, 285.22661, 10.26824], "rotation": [0, 0, 5], "uv": [145, 841]}
					]
				},
				{
					"name": "hair",
					"parent": "headstructure",
					"pivot": [0, 128.70715, -1.71627],
					"cubes": [
						{"origin": [-61.09937, 255.16226, -7.28821], "size": [67.20931, 93.36534, 62.40374], "pivot": [-24.43975, 282.65698, 4.93167], "rotation": [1.31845, -9.91358, -7.61435], "uv": [689, 88]},
						{"origin": [-54.98944, 261.2722, 4.93167], "size": [61.09937, 81.14546, 62.40374], "pivot": [-24.43975, 282.65698, 4.93167], "rotation": [1.31845, -9.91358, -7.61435], "uv": [748, 695]},
						{"origin": [-77.71236, 256.91202, -12.95804], "size": [36.65962, 68.92559, 53.23884], "pivot": [-56.32757, 275.24183, -3.79314], "rotation": [3.96781, -14.44755, -18.06047], "uv": [276, 908]},
						{"origin": [-71.60242, 263.02195, 5.37177], "size": [36.65962, 56.70571, 53.23884], "pivot": [-56.32757, 275.24183, -3.79314], "rotation": [3.96781, -14.44755, -18.06047], "uv": [632, 940]},
						{"origin": [-103.50229, 263.23843, -22.89214], "size": [42.76956, 44.48584, 47.1289], "pivot": [-76.00757, 284.62321, -12.19975], "rotation": [8.4961, -36.30414, -26.14439], "uv": [957, 464]},
						{"origin": [-97.39235, 269.34837, -4.56233], "size": [42.76956, 32.26596, 47.1289], "pivot": [-76.00757, 284.62321, -12.19975], "rotation": [8.4961, -36.30414, -26.14439], "uv": [986, 791]}
					]
				},
				{
					"name": "headstructure2",
					"parent": "hair",
					"pivot": [0, 128.70715, -1.71627],
					"cubes": [
						{"origin": [-6.10994, 255.16226, -7.28821], "size": [67.20931, 93.36534, 62.40374], "pivot": [24.43975, 282.65698, 4.93167], "rotation": [1.31845, 9.91358, 7.61435], "uv": [244, 686]},
						{"origin": [-6.10994, 261.2722, 4.93167], "size": [61.09937, 81.14546, 62.40374], "pivot": [24.43975, 282.65698, 4.93167], "rotation": [1.31845, 9.91358, 7.61435], "uv": [502, 695]},
						{"origin": [41.05273, 256.91202, -12.95804], "size": [36.65962, 68.92559, 53.23884], "pivot": [56.32757, 275.24183, -3.79314], "rotation": [3.96781, 14.44755, 18.06047], "uv": [0, 908]},
						{"origin": [34.94279, 263.02195, 5.37177], "size": [36.65962, 56.70571, 53.23884], "pivot": [56.32757, 275.24183, -3.79314], "rotation": [3.96781, 14.44755, 18.06047], "uv": [454, 940]},
						{"origin": [60.73272, 263.23843, -22.89214], "size": [42.76956, 44.48584, 47.1289], "pivot": [76.00757, 284.62321, -12.19975], "rotation": [8.4961, 36.30414, 26.14439], "uv": [947, 125]},
						{"origin": [54.62279, 269.34837, -4.56233], "size": [42.76956, 32.26596, 47.1289], "pivot": [76.00757, 284.62321, -12.19975], "rotation": [8.4961, 36.30414, 26.14439], "uv": [131, 982]}
					]
				},
				{
					"name": "bone",
					"parent": "head",
					"pivot": [-0.19108, 292.29344, -5.2725],
					"rotation": [-2.48899, 0.24726, 0.21068],
					"cubes": [
						{"origin": [-11.05261, 317.93355, -28.4661], "size": [11.98785, 31.49534, 41.35806], "pivot": [-13.91335, 341.85474, -1.65691], "rotation": [0, 0, -7.5], "uv": [1105, 417]},
						{"origin": [-1.15622, 320.06727, -28.4661], "size": [14.71236, 31.49534, 41.35806], "pivot": [-2.65471, 343.98847, -1.65691], "rotation": [0, 0, 7.5], "uv": [984, 1095]},
						{"origin": [19.67442, 310.46664, -28.4661], "size": [24.24814, 38.30662, 41.35806], "pivot": [18.17594, 358.90843, -1.65691], "rotation": [0, 0, 30], "uv": [670, 1087]},
						{"origin": [-32.10067, 313.35921, -28.4661], "size": [11.98785, 32.85759, 41.35806], "pivot": [-19.9766, 341.36717, -1.65691], "rotation": [0, 0, -35], "uv": [1099, 870]},
						{"origin": [-21.93872, 310.71553, -28.4661], "size": [11.98785, 39.66887, 41.35806], "pivot": [-9.81466, 345.53477, -1.65691], "rotation": [0, 0, -23], "uv": [1090, 555]},
						{"origin": [44.64684, 287.35192, -28.4661], "size": [28.33491, 46.48015, 41.35806], "pivot": [43.14837, 343.96724, -1.65691], "rotation": [0, 0, 57.5], "uv": [532, 1049]},
						{"origin": [58.48604, 258.68653, -28.4661], "size": [25.6104, 45.11789, 41.35806], "pivot": [61.07431, 313.9396, -1.65691], "rotation": [0, 0, 72.5], "uv": [1070, 0]},
						{"origin": [66.06502, 225.17587, -28.4661], "size": [26.97265, 51.92917, 41.35806], "pivot": [68.65331, 287.24022, -1.65691], "rotation": [0, 0, 85], "uv": [398, 1049]},
						{"origin": [66.18538, 200.18315, -28.4661], "size": [22.88589, 45.11789, 41.35806], "pivot": [68.77366, 255.43621, -1.65691], "rotation": [0, 0, 115], "uv": [1079, 86]},
						{"origin": [51.68434, 155.69814, -28.4661], "size": [28.33491, 65.55172, 41.35806], "pivot": [54.27263, 231.38503, -1.65691], "rotation": [0, 0, 147.5], "uv": [769, 1022]},
						{"origin": [-1.84928, 173.16204, -28.4661], "size": [28.33491, 60.1027, 41.35806], "pivot": [12.31818, 228.41511, -1.65691], "rotation": [0, 0, 170], "uv": [0, 1029]},
						{"origin": [-28.06947, 169.07528, -28.4661], "size": [24.24814, 64.18947, 41.35806], "pivot": [-13.90201, 228.41511, -1.65691], "rotation": [0, 0, -170], "uv": [268, 1029]},
						{"origin": [-48.18213, 179.11437, -28.4661], "size": [31.05942, 62.82721, 41.35806], "pivot": [-34.01469, 237.09196, -1.65691], "rotation": [0, 0, -147.5], "uv": [1020, 216]},
						{"origin": [-70.7235, 176.68527, -28.4661], "size": [20.16138, 56.01593, 41.35806], "pivot": [-63.36732, 242.83638, -1.65691], "rotation": [0, 0, -122.5], "uv": [138, 1061]},
						{"origin": [-72.76305, 243.08986, -28.4661], "size": [36.50844, 38.30662, 41.35806], "pivot": [-54.50883, 276.54684, -1.65691], "rotation": [0, 0, -82.5], "uv": [235, 0]},
						{"origin": [-64.38807, 273.22883, -28.4661], "size": [18.79912, 42.39338, 41.35806], "pivot": [-46.13384, 310.77258, -1.65691], "rotation": [0, 0, -70], "uv": [866, 1087]},
						{"origin": [-54.31608, 256.23902, -28.4661], "size": [31.05942, 73.72525, 41.35806], "pivot": [-36.06186, 325.11464, -1.65691], "rotation": [0, 0, -55], "uv": [973, 981]}
					]
				},
				{
					"name": "face_structure",
					"parent": "head",
					"pivot": [0, -18, 0]
				},
				{
					"name": "nose",
					"parent": "face_structure",
					"pivot": [1.1907, 200.32214, -23.37537],
					"rotation": [0, 90, -15],
					"cubes": [
						{"origin": [-0.42663, 291.37628, 7.47504], "size": [8.26859, 17.75123, 4.43782], "uv": [156, 1870]},
						{"origin": [-0.42663, 283.27122, 33.3218], "size": [8.26859, 6.65672, 4.43782], "pivot": [5.62308, 189.58186, -14.38596], "rotation": [12.5, 0, 0], "uv": [156, 1870]},
						{"origin": [-0.42663, 232.1948, 84.69247], "size": [8.26859, 4.43782, 2.2189], "pivot": [5.62308, 184.48699, -17.87256], "rotation": [47.5, 0, 0], "uv": [156, 1870]},
						{"origin": [-0.42663, 214.66086, 95.22373], "size": [8.26859, 8.87562, 2.2189], "pivot": [5.62308, 179.89873, -19.69427], "rotation": [55, 0, 0], "uv": [156, 1870]},
						{"origin": [-0.42663, 191.79275, 104.40125], "size": [8.26859, 4.43782, 2.2189], "pivot": [5.62308, 179.89849, -16.11248], "rotation": [67.5, 0, 0], "uv": [156, 1870]},
						{"origin": [-0.42663, 154.57388, 107.95972], "size": [8.26859, 11.09451, 2.2189], "pivot": [5.62308, 180.19537, -10.91599], "rotation": [87.5, 0, 0], "uv": [156, 1870]},
						{"origin": [-0.42663, 129.99243, 101.91529], "size": [8.26859, 8.87562, 2.2189], "pivot": [5.62308, 182.13804, -7.30647], "rotation": [102.5, 0, 0], "uv": [156, 1870]},
						{"origin": [-0.42663, 132.76183, 104.23926], "size": [8.26859, 8.87562, 4.43782], "pivot": [5.62308, 186.41968, -0.26614], "rotation": [107.5, 0, 0], "uv": [156, 1870]},
						{"origin": [-0.42663, 295.29466, -22.28771], "size": [8.26859, 19.97018, 4.43782], "pivot": [5.62308, 197.15445, -20.06882], "rotation": [-15, 0, 0], "uv": [156, 1870]},
						{"origin": [-0.42663, 295.95935, -25.72295], "size": [8.26859, 22.18908, 8.08922], "pivot": [5.62308, 198.93272, -22.62187], "rotation": [-14.5, 0, 0], "uv": [156, 1870]},
						{"origin": [-0.42663, 295.53105, -33.40587], "size": [8.26859, 22.18908, 4.43782], "pivot": [5.62308, 189.62464, -22.31131], "rotation": [-15, 0, 0], "uv": [156, 1870]},
						{"origin": [-0.42663, 295.55928, -35.39231], "size": [8.26859, 19.97018, 4.43782], "pivot": [5.62308, 189.65289, -22.07885], "rotation": [-15, 0, 0], "uv": [156, 1870]},
						{"origin": [-0.42663, 293.47905, -58.62031], "size": [8.26859, 17.75123, 4.43782], "pivot": [5.62308, 189.21531, -26.53114], "rotation": [-25, 0, 0], "uv": [156, 1870]},
						{"origin": [-0.42663, 295.60359, -40.06557], "size": [8.26859, 17.75123, 2.00354], "pivot": [5.62308, 189.8001, -24.47004], "rotation": [-17.5, 0, 0], "uv": [156, 1870]},
						{"origin": [-0.42663, 276.75914, -103.31185], "size": [8.26859, 6.65672, 4.43782], "pivot": [5.62308, 187.78608, -31.90271], "rotation": [-47.5, 0, 0], "uv": [156, 1870]},
						{"origin": [-0.42663, 226.75153, -152.38287], "size": [8.26859, 4.43782, 4.43782], "pivot": [5.62308, 187.59268, -39.17466], "rotation": [-82.5, 0, 0], "uv": [156, 1870]},
						{"origin": [-0.42663, 175.12136, -164.97263], "size": [8.26859, 8.87562, 4.43782], "pivot": [5.62308, 191.45342, -44.45895], "rotation": [-112.5, 0, 0], "uv": [156, 1870]},
						{"origin": [-0.42663, 140.47601, -153.07382], "size": [8.26859, 8.87562, 4.43782], "pivot": [5.62308, 196.75756, -46.1211], "rotation": [-135, 0, 0], "uv": [156, 1870]},
						{"origin": [-0.42663, 136.09866, -145.53344], "size": [8.26859, 6.65672, 4.43782], "pivot": [5.62308, 200.33567, -43.64894], "rotation": [-140, 0, 0], "uv": [156, 1870]},
						{"origin": [-0.42663, 117.14614, -121.36334], "size": [8.26859, 4.43782, 4.43782], "pivot": [5.62308, 205.14659, -42.22737], "rotation": [-157.5, 0, 0], "uv": [156, 1870]},
						{"origin": [-0.42663, 105.48395, -89.71946], "size": [8.26859, 4.43782, 4.43782], "pivot": [5.62308, 209.30742, -39.42496], "rotation": [-175, 0, 0], "uv": [156, 1870]},
						{"origin": [-0.42663, 102.53977, -67.48006], "size": [8.26859, 4.43782, 4.43782], "pivot": [5.62308, 211.24135, -35.39085], "rotation": [175, 0, 0], "uv": [156, 1870]},
						{"origin": [-0.42663, 102.60293, -39.66384], "size": [8.26859, 4.43782, 4.43782], "pivot": [5.62308, 212.84421, -31.06675], "rotation": [162.5, 0, 0], "uv": [156, 1870]},
						{"origin": [-0.42663, 106.81324, -11.8268], "size": [8.26859, 4.43782, 4.43782], "pivot": [5.62308, 213.47315, -26.49823], "rotation": [150, 0, 0], "uv": [156, 1870]},
						{"origin": [-0.42663, 126.42831, 31.48655], "size": [8.26859, 8.87562, 4.43782], "pivot": [5.62308, 214.42882, -21.02251], "rotation": [127.5, 0, 0], "uv": [156, 1870]},
						{"origin": [-0.42663, 140.60312, 54.81483], "size": [8.26859, 6.65672, 2.2189], "pivot": [5.62308, 212.32361, -16.9194], "rotation": [115, 0, 0], "uv": [156, 1870]},
						{"origin": [-0.42663, 150.6893, 65.09257], "size": [8.26859, 8.87562, 2.2189], "pivot": [5.62308, 211.00387, -15.00485], "rotation": [107.5, 0, 0], "uv": [156, 1870]}
					]
				},
				{
					"name": "cheeks",
					"parent": "face_structure",
					"pivot": [0, 18.04177, 1.76007]
				},
				{
					"name": "cheekboneLeft",
					"parent": "cheeks",
					"pivot": [9.69141, 210.23594, -26.96097]
				},
				{
					"name": "octagon2",
					"parent": "cheekboneLeft",
					"pivot": [8.2118, 208.99693, -26.25989],
					"rotation": [0, -90, 0],
					"cubes": [
						{"origin": [3.88448, 286.94557, -109.17623], "size": [5.7777, 4.78642, 8.36917], "pivot": [6.77333, 189.44401, -62.02077], "rotation": [-22.5, 0, 0], "uv": [696, 1850], "mirror": true},
						{"origin": [3.88448, 286.94557, -26.42072], "size": [5.7777, 4.78642, 7.83814], "pivot": [6.77333, 189.44401, -62.02077], "rotation": [22.5, 0, 0], "uv": [696, 1850], "mirror": true},
						{"origin": [3.88448, 283.56106, -105.79176], "size": [5.7777, 11.55541, 4.78642], "pivot": [6.77333, 189.44401, -62.02077], "rotation": [-22.5, 0, 0], "uv": [696, 1850], "mirror": true},
						{"origin": [3.88448, 283.56106, -23.03624], "size": [5.7777, 11.55541, 4.78642], "pivot": [6.77333, 189.44401, -62.02077], "rotation": [22.5, 0, 0], "uv": [696, 1850], "mirror": true}
					]
				},
				{
					"name": "octagon",
					"parent": "cheekboneLeft",
					"pivot": [-10.64303, 193.59683, -26.25989],
					"rotation": [0, 90, 0],
					"cubes": [
						{"origin": [-12.04252, 286.94557, -23.05496], "size": [5.7777, 4.78642, 8.36917], "pivot": [-9.15367, 189.44401, 24.10052], "rotation": [-22.5, 0, 0], "uv": [696, 1850], "mirror": true},
						{"origin": [-12.04252, 286.94557, 59.70057], "size": [5.7777, 4.78642, 7.83814], "pivot": [-9.15367, 189.44401, 24.10052], "rotation": [22.5, 0, 0], "uv": [696, 1850], "mirror": true},
						{"origin": [-12.04252, 283.56106, -19.67046], "size": [5.7777, 11.55541, 4.78642], "pivot": [-9.15367, 189.44401, 24.10052], "rotation": [-22.5, 0, 0], "uv": [696, 1850], "mirror": true},
						{"origin": [-12.04252, 291.34366, 24.10052], "size": [5.7777, 12.47941, 4.25538], "uv": [696, 1850], "mirror": true},
						{"origin": [-12.04252, 283.56106, 63.08506], "size": [5.7777, 11.55541, 4.78642], "pivot": [-9.15367, 189.44401, 24.10052], "rotation": [22.5, 0, 0], "uv": [696, 1850], "mirror": true}
					]
				},
				{
					"name": "cheekboneLeft2",
					"parent": "cheekboneLeft",
					"pivot": [-2, -17, 2]
				},
				{
					"name": "octagon9",
					"parent": "cheekboneLeft2",
					"pivot": [6.54027, 205.5568, -25.31028],
					"rotation": [0, -90, 0],
					"cubes": [
						{"origin": [2.03986, 286.62339, -111.54328], "size": [6.00881, 4.97788, 8.70394], "pivot": [5.04427, 185.22177, -62.5016], "rotation": [-22.5, 0, 0], "uv": [491, 1839], "mirror": true},
						{"origin": [2.03986, 286.62339, -25.47755], "size": [6.00881, 4.97788, 8.15166], "pivot": [5.04427, 185.22177, -62.5016], "rotation": [22.5, 0, 0], "uv": [491, 1839], "mirror": true},
						{"origin": [2.03986, 283.10351, -108.02344], "size": [6.00881, 12.01762, 4.97788], "pivot": [5.04427, 185.22177, -62.5016], "rotation": [-22.5, 0, 0], "uv": [491, 1839], "mirror": true},
						{"origin": [2.03986, 283.10351, -21.95769], "size": [6.00881, 12.01762, 4.97788], "pivot": [5.04427, 185.22177, -62.5016], "rotation": [22.5, 0, 0], "uv": [491, 1839], "mirror": true}
					]
				},
				{
					"name": "octagon10",
					"parent": "cheekboneLeft2",
					"pivot": [-13.06875, 189.5407, -25.31028],
					"rotation": [0, 90, 0],
					"cubes": [
						{"origin": [-14.52422, 286.62339, -21.97715], "size": [6.00881, 4.97788, 8.70394], "pivot": [-11.51982, 185.22177, 27.06454], "rotation": [-22.5, 0, 0], "uv": [491, 1839], "mirror": true},
						{"origin": [-14.52422, 286.62339, 64.08859], "size": [6.00881, 4.97788, 8.15166], "pivot": [-11.51982, 185.22177, 27.06454], "rotation": [22.5, 0, 0], "uv": [491, 1839], "mirror": true},
						{"origin": [-14.52422, 283.10351, -18.45728], "size": [6.00881, 12.01762, 4.97788], "pivot": [-11.51982, 185.22177, 27.06454], "rotation": [-22.5, 0, 0], "uv": [491, 1839], "mirror": true},
						{"origin": [-14.52422, 291.19741, 27.06454], "size": [6.00881, 12.97859, 4.4256], "uv": [491, 1839], "mirror": true},
						{"origin": [-14.52422, 283.10351, 67.60846], "size": [6.00881, 12.01762, 4.97788], "pivot": [-11.51982, 185.22177, 27.06454], "rotation": [22.5, 0, 0], "uv": [491, 1839], "mirror": true}
					]
				},
				{
					"name": "cheekboneRight",
					"parent": "cheeks",
					"pivot": [-72.48055, 210.23594, -26.96097]
				},
				{
					"name": "octagon3",
					"parent": "cheekboneRight",
					"pivot": [-73.96016, 208.99693, -26.25989],
					"rotation": [0, -90, 0],
					"cubes": [
						{"origin": [-78.28748, 286.94557, -109.17623], "size": [5.7777, 4.78642, 8.36917], "pivot": [-75.39863, 189.44401, -62.02077], "rotation": [-22.5, 0, 0], "uv": [696, 1850], "mirror": true},
						{"origin": [-78.28748, 286.94557, -26.42072], "size": [5.7777, 4.78642, 7.83814], "pivot": [-75.39863, 189.44401, -62.02077], "rotation": [22.5, 0, 0], "uv": [696, 1850], "mirror": true},
						{"origin": [-78.28748, 283.56106, -105.79176], "size": [5.7777, 11.55541, 4.78642], "pivot": [-75.39863, 189.44401, -62.02077], "rotation": [-22.5, 0, 0], "uv": [696, 1850], "mirror": true},
						{"origin": [-78.28748, 283.56106, -23.03624], "size": [5.7777, 11.55541, 4.78642], "pivot": [-75.39863, 189.44401, -62.02077], "rotation": [22.5, 0, 0], "uv": [696, 1850], "mirror": true}
					]
				},
				{
					"name": "octagon4",
					"parent": "cheekboneRight",
					"pivot": [-92.81498, 193.59683, -26.25989],
					"rotation": [0, 90, 0],
					"cubes": [
						{"origin": [-94.21451, 286.94557, -23.05496], "size": [5.7777, 4.78642, 8.36917], "pivot": [-91.32563, 189.44401, 24.10052], "rotation": [-22.5, 0, 0], "uv": [696, 1850], "mirror": true},
						{"origin": [-94.21451, 286.94557, 59.70057], "size": [5.7777, 4.78642, 7.83814], "pivot": [-91.32563, 189.44401, 24.10052], "rotation": [22.5, 0, 0], "uv": [696, 1850], "mirror": true},
						{"origin": [-94.21451, 283.56106, -19.67046], "size": [5.7777, 11.55541, 4.78642], "pivot": [-91.32563, 189.44401, 24.10052], "rotation": [-22.5, 0, 0], "uv": [696, 1850], "mirror": true},
						{"origin": [-94.21451, 291.34366, 24.10052], "size": [5.7777, 12.47941, 4.25538], "uv": [696, 1850], "mirror": true},
						{"origin": [-94.21451, 283.56106, 63.08506], "size": [5.7777, 11.55541, 4.78642], "pivot": [-91.32563, 189.44401, 24.10052], "rotation": [22.5, 0, 0], "uv": [696, 1850], "mirror": true}
					]
				},
				{
					"name": "cheekboneRight2",
					"parent": "cheekboneRight",
					"pivot": [2, -23, 2]
				},
				{
					"name": "octagon7",
					"parent": "cheekboneRight2",
					"pivot": [-76.39777, 203.83674, -25.83548],
					"rotation": [0, -90, 0],
					"cubes": [
						{"origin": [-80.98473, 286.46231, -113.7268], "size": [6.12436, 5.0736, 8.87132], "pivot": [-77.92254, 183.11065, -63.74202], "rotation": [-22.5, 0, 0], "uv": [454, 1841], "mirror": true},
						{"origin": [-80.98473, 286.46231, -26.00596], "size": [6.12436, 5.0736, 8.30842], "pivot": [-77.92254, 183.11065, -63.74202], "rotation": [22.5, 0, 0], "uv": [454, 1841], "mirror": true},
						{"origin": [-80.98473, 282.87473, -110.13927], "size": [6.12436, 12.24873, 5.0736], "pivot": [-77.92254, 183.11065, -63.74202], "rotation": [-22.5, 0, 0], "uv": [454, 1841], "mirror": true},
						{"origin": [-80.98473, 282.87473, -22.41842], "size": [6.12436, 12.24873, 5.0736], "pivot": [-77.92254, 183.11065, -63.74202], "rotation": [22.5, 0, 0], "uv": [454, 1841], "mirror": true}
					]
				},
				{
					"name": "octagon8",
					"parent": "cheekboneRight2",
					"pivot": [-96.38388, 187.51264, -25.83548],
					"rotation": [0, 90, 0],
					"cubes": [
						{"origin": [-97.86738, 286.46231, -22.43825], "size": [6.12436, 5.0736, 8.87132], "pivot": [-94.80517, 183.11065, 27.54655], "rotation": [-22.5, 0, 0], "uv": [454, 1841], "mirror": true},
						{"origin": [-97.86738, 286.46231, 65.2826], "size": [6.12436, 5.0736, 8.30842], "pivot": [-94.80517, 183.11065, 27.54655], "rotation": [22.5, 0, 0], "uv": [454, 1841], "mirror": true},
						{"origin": [-97.86738, 282.87473, -18.85069], "size": [6.12436, 12.24873, 5.0736], "pivot": [-94.80517, 183.11065, 27.54655], "rotation": [-22.5, 0, 0], "uv": [454, 1841], "mirror": true},
						{"origin": [-97.86738, 291.12428, 27.54655], "size": [6.12436, 13.22817, 4.51071], "uv": [454, 1841], "mirror": true},
						{"origin": [-97.86738, 282.87473, 68.87016], "size": [6.12436, 12.24873, 5.0736], "pivot": [-94.80517, 183.11065, 27.54655], "rotation": [22.5, 0, 0], "uv": [454, 1841], "mirror": true}
					]
				},
				{
					"name": "mouth",
					"parent": "face_structure",
					"pivot": [-43.81108, 146.25107, -26.12801],
					"rotation": [0, 0, 7.5],
					"cubes": [
						{"origin": [100.84977, 201.7228, -31.15046], "size": [36.76986, 8.10855, 5.01093], "pivot": [2.70763, 149.41894, -26.71868], "rotation": [0, 0, -65], "uv": [425, 1837]},
						{"origin": [137.61963, 201.7228, -31.15046], "size": [6.8651, 1.71627, 5.01093], "pivot": [2.70763, 149.41894, -26.71868], "rotation": [0, 0, -65], "uv": [425, 1837]},
						{"origin": [137.61963, 203.43907, -31.15046], "size": [5.14882, 1.37302, 5.01093], "pivot": [2.70763, 149.41894, -26.71868], "rotation": [0, 0, -65], "uv": [425, 1837]},
						{"origin": [137.93072, 205.01028, -31.15046], "size": [3.43255, 1.37302, 5.01093], "pivot": [3.01873, 149.27387, -26.71868], "rotation": [0, 0, -65], "uv": [425, 1837]},
						{"origin": [136.68635, 205.59054, -31.15046], "size": [1.71627, 1.37302, 5.01093], "pivot": [1.77434, 149.85414, -26.71868], "rotation": [0, 0, -65], "uv": [425, 1837]},
						{"origin": [43.81982, 239.77736, -31.15046], "size": [12.74201, 8.10855, 5.01093], "pivot": [-8.82608, 147.57438, -26.71868], "rotation": [0, 0, -32.5], "uv": [425, 1837]},
						{"origin": [-61.06892, 248.71808, -31.15046], "size": [14.45829, 8.10855, 5.01093], "pivot": [-16.37612, 158.6016, -26.71868], "rotation": [0, 0, 20], "uv": [425, 1837]},
						{"origin": [-129.8323, 218.7885, -31.15046], "size": [35.05358, 8.10855, 5.01093], "pivot": [-20.83166, 170.51766, -26.71868], "rotation": [0, 0, 52.5], "uv": [425, 1837]},
						{"origin": [-121.25093, 223.93732, -31.15046], "size": [21.32339, 8.10855, 5.01093], "pivot": [-20.83166, 170.51766, -26.71868], "rotation": [0, 0, 52.5], "uv": [425, 1837]},
						{"origin": [-136.6974, 218.7885, -31.15046], "size": [9.30946, 1.24346, 5.01093], "pivot": [-20.83166, 170.51766, -26.71868], "rotation": [0, 0, 52.5], "uv": [425, 1837]},
						{"origin": [-135.35624, 220.21694, -31.15046], "size": [7.59319, 1.24346, 5.01093], "pivot": [-21.20677, 170.22984, -26.71868], "rotation": [0, 0, 52.5], "uv": [425, 1837]},
						{"origin": [-134.83163, 221.64537, -31.15046], "size": [6.69347, 1.24346, 5.01093], "pivot": [-21.58188, 169.942, -26.71868], "rotation": [0, 0, 52.5], "uv": [425, 1837]},
						{"origin": [-56.76379, 278.46224, -31.15046], "size": [17.89084, 8.10855, 5.01093], "pivot": [-13.41752, 179.81303, -26.71868], "rotation": [0, 0, 7.5], "uv": [425, 1837]},
						{"origin": [-66.38944, 286.59458, -31.15046], "size": [11.02574, 1.24346, 5.01093], "pivot": [-23.04317, 181.08028, -26.71868], "rotation": [0, 0, 7.5], "uv": [425, 1837]},
						{"origin": [-62.9569, 283.16203, -31.15046], "size": [9.30946, 4.67601, 5.01093], "pivot": [-23.04317, 181.08028, -26.71868], "rotation": [0, 0, 7.5], "uv": [425, 1837]},
						{"origin": [26.52273, 284.66058, -31.15046], "size": [17.89084, 8.10854, 5.01093], "pivot": [12.06556, 183.15256, -28.64499], "rotation": [0, 0, -20], "uv": [425, 1837]},
						{"origin": [24.52273, 275.79548, -31.15046], "size": [13.02574, 10.10855, 5.01093], "pivot": [12.06556, 183.15256, -28.64499], "rotation": [0, 0, -20], "uv": [425, 1837]},
						{"origin": [40.10602, 293.62516, -31.15046], "size": [17.89084, 1.24346, 5.01093], "pivot": [21.06656, 186.37333, -28.64499], "rotation": [0, 0, -22.5], "uv": [425, 1837]},
						{"origin": [40.10602, 291.90889, -31.15046], "size": [14.45829, 2.95973, 5.01093], "pivot": [21.06656, 186.37333, -28.64499], "rotation": [0, 0, -22.5], "uv": [425, 1837]},
						{"origin": [-12.18793, 262.7133, -31.15046], "size": [24.75594, 28.70385, 5.01093], "pivot": [-1.09378, 179.34047, -28.64499], "rotation": [0, 0, -10], "uv": [425, 1837]},
						{"origin": [-12.18793, 264.42955, -31.15046], "size": [24.75594, 26.98757, 5.01093], "pivot": [-1.09378, 179.34047, -28.64499], "rotation": [0, 0, -10], "uv": [425, 1837]}
					]
				},
				{
					"name": "red",
					"parent": "mouth",
					"pivot": [1.71627, 141.61353, 15.44647],
					"rotation": [0, 0, -7.5]
				},
				{
					"name": "octagon5",
					"parent": "red",
					"pivot": [-32.76957, 160.94124, -12.57349],
					"rotation": [0, -90, 0],
					"cubes": [
						{"origin": [-41.07109, 238.88988, -95.48983], "size": [5.7777, 4.78642, 8.36917], "pivot": [-38.18224, 141.38833, -48.33437], "rotation": [-22.5, 0, 0], "uv": [425, 1837]},
						{"origin": [-41.07109, 238.88988, -12.73432], "size": [5.7777, 4.78642, 7.83814], "pivot": [-38.18224, 141.38833, -48.33437], "rotation": [22.5, 0, 0], "uv": [425, 1837]},
						{"origin": [-41.07109, 235.50538, -92.10536], "size": [5.7777, 11.55541, 4.78642], "pivot": [-38.18224, 141.38833, -48.33437], "rotation": [-22.5, 0, 0], "uv": [425, 1837]},
						{"origin": [-41.07109, 235.50538, -9.34984], "size": [5.7777, 11.55541, 4.78642], "pivot": [-38.18224, 141.38833, -48.33437], "rotation": [22.5, 0, 0], "uv": [425, 1837]}
					]
				},
				{
					"name": "octagon6",
					"parent": "red",
					"pivot": [-51.62439, 145.54114, -12.57349],
					"rotation": [0, 90, 0],
					"cubes": [
						{"origin": [-49.04972, 238.88988, -9.36856], "size": [5.7777, 4.78642, 8.36917], "pivot": [-46.16084, 141.38833, 37.78692], "rotation": [-22.5, 0, 0], "uv": [425, 1837]},
						{"origin": [-49.04972, 238.88988, 73.38697], "size": [5.7777, 4.78642, 7.83814], "pivot": [-46.16084, 141.38833, 37.78692], "rotation": [22.5, 0, 0], "uv": [425, 1837]},
						{"origin": [-49.04972, 235.50538, -5.98406], "size": [5.7777, 11.55541, 4.78642], "pivot": [-46.16084, 141.38833, 37.78692], "rotation": [-22.5, 0, 0], "uv": [425, 1837]},
						{"origin": [-49.04972, 243.28797, 37.78692], "size": [5.7777, 12.47941, 4.25538], "uv": [425, 1837]},
						{"origin": [-49.04972, 235.50538, 76.77146], "size": [5.7777, 11.55541, 4.78642], "pivot": [-46.16084, 141.38833, 37.78692], "rotation": [22.5, 0, 0], "uv": [425, 1837]}
					]
				},
				{
					"name": "eyes",
					"parent": "face_structure",
					"pivot": [-1.27897, 208.78372, -5.14882],
					"rotation": [0, 0, 7.5]
				},
				{
					"name": "bone2",
					"parent": "eyes",
					"pivot": [-1.27897, 208.78372, -5.14882],
					"cubes": [
						{"origin": [38.27634, 294.67694, -29.43419], "size": [7.59319, 4.67601, 5.01093], "pivot": [-17.74261, 209.51709, -26.92871], "rotation": [0, 0, -45], "uv": [456, 1896]},
						{"origin": [-21.85927, 317.19446, -29.43419], "size": [4.16064, 4.67601, 5.01093], "pivot": [-26.21158, 211.51008, -26.92871], "rotation": [0, 0, -10], "uv": [456, 1896]},
						{"origin": [8.48613, 303.95048, -29.43419], "size": [7.59319, 8.10855, 5.01093], "pivot": [-29.09502, 209.82628, -26.92871], "rotation": [0, 0, -30], "uv": [456, 1896]},
						{"origin": [48.84471, 272.65813, -29.43419], "size": [4.16064, 4.67601, 5.01093], "pivot": [-33.62003, 205.49452, -26.92871], "rotation": [0, 0, -57.5], "uv": [456, 1896]},
						{"origin": [74.28971, 186.93041, -29.43419], "size": [4.16064, 4.67601, 5.01093], "pivot": [-32.54651, 203.38159, -26.92871], "rotation": [0, 0, -105], "uv": [456, 1896]},
						{"origin": [42.42473, 120.10604, -29.43419], "size": [4.16064, 4.67601, 5.01093], "pivot": [-30.25962, 202.16238, -26.92871], "rotation": [0, 0, -145], "uv": [456, 1896]},
						{"origin": [74.43412, 256.24317, -29.43419], "size": [4.16064, 4.67601, 5.01093], "pivot": [-17.37335, 215.48712, -26.92871], "rotation": [0, 0, -75], "uv": [456, 1896]},
						{"origin": [32.63148, 128.63529, -29.43419], "size": [5.87692, 6.39228, 5.01093], "pivot": [-25.10375, 215.03858, -26.92871], "rotation": [0, 0, -150], "uv": [456, 1896]},
						{"origin": [-17.95137, 309.89648, -29.43419], "size": [7.59319, 4.67601, 5.01093], "pivot": [-22.26101, 203.31794, -26.92871], "rotation": [0, 0, -15], "uv": [456, 1896]}
					]
				},
				{
					"name": "bone3",
					"parent": "eyes",
					"pivot": [26.00779, 214.3955, -24.41175],
					"rotation": [-180, 0, 167.5],
					"cubes": [
						{"origin": [95.15994, 298.58924, -24.40026], "size": [7.59319, 6.39228, 5.01093], "pivot": [35.46191, 216.38219, -21.89478], "rotation": [0, 0, -45], "uv": [456, 1896]},
						{"origin": [36.05264, 322.03474, -24.40026], "size": [4.16064, 6.39228, 5.01093], "pivot": [26.99293, 218.37518, -21.89478], "rotation": [0, 0, -10], "uv": [456, 1896]},
						{"origin": [66.00861, 310.63189, -24.40026], "size": [7.59319, 6.39228, 5.01093], "pivot": [24.10949, 216.69138, -21.89478], "rotation": [0, 0, -30], "uv": [456, 1896]},
						{"origin": [105.00199, 275.84414, -24.40026], "size": [4.16064, 4.67601, 5.01093], "pivot": [19.58448, 212.35962, -21.89478], "rotation": [0, 0, -57.5], "uv": [456, 1896]},
						{"origin": [126.77658, 189.13293, -24.40026], "size": [4.16064, 4.67601, 5.01093], "pivot": [20.658, 210.24669, -21.89478], "rotation": [0, 0, -105], "uv": [456, 1896]},
						{"origin": [92.08245, 123.86068, -24.40026], "size": [4.16064, 4.67601, 5.01093], "pivot": [22.94489, 209.02747, -21.89478], "rotation": [0, 0, -145], "uv": [456, 1896]},
						{"origin": [129.34843, 258.71153, -24.40026], "size": [4.16064, 4.67601, 5.01093], "pivot": [35.83116, 222.35222, -21.89478], "rotation": [0, 0, -75], "uv": [456, 1896]},
						{"origin": [5.82933, 289.24008, -25.40026], "size": [20.16064, 48.67601, 5.01093], "pivot": [15.90965, 322.57808, -23.89479], "rotation": [0, 0, -25], "uv": [1526, 1995]},
						{"origin": [-41.17067, 322.24008, -26.38932], "size": [20.16064, 48.67601, 0], "pivot": [15.90965, 322.57808, -23.89479], "rotation": [180, 0, -155], "uv": [1535, 1995]},
						{"origin": [82.0316, 132.71089, -24.40026], "size": [5.87692, 4.67601, 5.01093], "pivot": [28.10076, 221.90367, -21.89478], "rotation": [0, 0, -150], "uv": [456, 1896]},
						{"origin": [39.91571, 316.04394, -24.40026], "size": [7.59319, 4.67601, 5.01093], "pivot": [30.9435, 210.18304, -21.89478], "rotation": [0, 0, -15], "uv": [456, 1896]}
					]
				},
				{
					"name": "eyes2",
					"parent": "face_structure",
					"pivot": [-1.27897, 208.78372, -5.14882],
					"rotation": [0, 0, 7.5]
				},
				{
					"name": "bone12",
					"parent": "eyes2",
					"pivot": [-38.10939, 315.18877, -28.83302],
					"cubes": [
						{"origin": [187.63126, 255.12843, -29.54275], "size": [2.15094, 1.32458, 1.41946], "pivot": [4.43108, 12.93427, -21.07907], "rotation": [0, 0, -45], "uv": [1159, 1923]},
						{"origin": [15.2547, 318.04682, -29.54275], "size": [1.17859, 1.32458, 1.41946], "pivot": [2.03206, 13.49883, -21.07907], "rotation": [0, 0, -10], "uv": [1159, 1923]},
						{"origin": [117.04998, 293.63339, -29.54275], "size": [2.15094, 2.29693, 1.41946], "pivot": [1.21526, 13.02185, -21.07907], "rotation": [0, 0, -30], "uv": [1159, 1923]},
						{"origin": [233.85771, 207.50479, -29.54275], "size": [1.17859, 1.32458, 1.41946], "pivot": [-0.06655, 11.79479, -21.07907], "rotation": [0, 0, -57.5], "uv": [1159, 1923]},
						{"origin": [303.02187, -29.34192, -29.54275], "size": [1.17859, 1.32458, 1.41946], "pivot": [0.23755, 11.19626, -21.07907], "rotation": [0, 0, -105], "uv": [1159, 1923]},
						{"origin": [207.17575, -215.05041, -29.54275], "size": [1.17859, 1.32458, 1.41946], "pivot": [0.88536, 10.85088, -21.07907], "rotation": [0, 0, -145], "uv": [1159, 1923]},
						{"origin": [284.49095, 131.35949, -29.54275], "size": [1.17859, 1.32458, 1.41946], "pivot": [4.53568, 14.62541, -21.07907], "rotation": [0, 0, -75], "uv": [1159, 1923]},
						{"origin": [186.03223, -228.04804, -29.54275], "size": [1.66477, 1.81075, 1.41946], "pivot": [2.34587, 14.49835, -21.07907], "rotation": [0, 0, -150], "uv": [1159, 1923]},
						{"origin": [40.24996, 313.88955, -29.54275], "size": [2.15094, 1.32458, 1.41946], "pivot": [3.15114, 11.17822, -21.07907], "rotation": [0, 0, -15], "uv": [1159, 1923]}
					]
				},
				{
					"name": "bone13",
					"parent": "eyes2",
					"pivot": [9.44811, 321.66213, -29.24048],
					"rotation": [-180, 0, 167.5],
					"cubes": [
						{"origin": [214.51645, 257.36002, -29.89343], "size": [1.97886, 1.66589, 1.3059], "pivot": [36.40885, 42.21686, -36.37411], "rotation": [0, 0, -45], "uv": [1159, 1923]},
						{"origin": [58.60296, 321.67111, -29.89343], "size": [1.08431, 1.66589, 1.3059], "pivot": [34.20175, 42.73625, -36.37411], "rotation": [0, 0, -10], "uv": [1159, 1923]},
						{"origin": [151.24236, 295.96859, -29.89343], "size": [1.97886, 1.66589, 1.3059], "pivot": [33.4503, 42.29743, -36.37411], "rotation": [0, 0, -30], "uv": [1159, 1923]},
						{"origin": [255.15682, 211.6583, -29.89343], "size": [1.08431, 1.21861, 1.3059], "pivot": [32.27104, 41.16853, -36.37411], "rotation": [0, 0, -57.5], "uv": [1159, 1923]},
						{"origin": [309.24695, -8.79715, -29.89343], "size": [1.08431, 1.21861, 1.3059], "pivot": [32.5508, 40.61788, -36.37411], "rotation": [0, 0, -105], "uv": [1159, 1923]},
						{"origin": [213.71443, -175.61436, -29.89343], "size": [1.08431, 1.21861, 1.3059], "pivot": [33.14679, 40.30014, -36.37411], "rotation": [0, 0, -145], "uv": [1159, 1923]},
						{"origin": [298.50838, 139.73919, -29.89343], "size": [1.08431, 1.21861, 1.3059], "pivot": [36.50509, 43.77271, -36.37411], "rotation": [0, 0, -75], "uv": [1159, 1923]},
						{"origin": [193.59278, -186.73788, -29.89343], "size": [1.53158, 1.21861, 1.3059], "pivot": [34.49046, 43.65581, -36.37411], "rotation": [0, 0, -150], "uv": [1159, 1923]},
						{"origin": [81.48213, 317.23028, -29.89343], "size": [1.97886, 1.21861, 1.3059], "pivot": [35.23131, 40.60129, -36.37411], "rotation": [0, 0, -15], "uv": [1159, 1923]}
					]
				},
				{
					"name": "lips",
					"parent": "face_structure",
					"pivot": [0, -5, 0]
				},
				{
					"name": "lowerlips",
					"parent": "lips",
					"pivot": [0, 248, -30],
					"rotation": [2.5, 0, -180]
				},
				{
					"name": "hexadecagon5",
					"parent": "lowerlips",
					"pivot": [-31.72664, 424.94778, -26.92405],
					"rotation": [0, 90, 0],
					"cubes": [
						{"origin": [-28.28792, 245.29105, 5.41183], "size": [0.32256, 3.2081, 7.41898], "pivot": [-28.12664, 246.8951, 4.7667], "rotation": [45, 0, 0], "uv": [396, 1826]},
						{"origin": [-28.28792, 245.29105, 5.41183], "size": [0.32256, 3.2081, 7.41898], "pivot": [-28.12664, 246.8951, 4.7667], "rotation": [22.5, 0, 0], "uv": [396, 1826]},
						{"origin": [-28.28792, 243.67823, -3.29741], "size": [0.32256, 4.82092, 16.12822], "uv": [396, 1826]},
						{"origin": [-28.28792, 245.29105, -3.29741], "size": [0.32256, 3.2081, 7.74155], "pivot": [-28.12664, 246.8951, 4.7667], "rotation": [-22.5, 0, 0], "uv": [396, 1826]},
						{"origin": [-28.28792, 245.29105, -3.29741], "size": [0.32256, 3.2081, 8.38667], "pivot": [-28.12664, 246.8951, 4.7667], "rotation": [-45, 0, 0], "uv": [396, 1826]},
						{"origin": [-28.28792, 246.57254, 3.16265], "size": [0.32256, 8.38667, 3.2081], "pivot": [-28.12664, 246.8951, 4.7667], "rotation": [22.5, 0, 0], "uv": [396, 1826]},
						{"origin": [-28.28792, 245.92741, 3.16265], "size": [0.32256, 9.0318, 3.2081], "uv": [396, 1826]},
						{"origin": [-28.28792, 246.57254, 3.16265], "size": [0.32256, 8.38667, 3.2081], "pivot": [-28.12664, 246.8951, 4.7667], "rotation": [-22.5, 0, 0], "uv": [396, 1826]}
					]
				},
				{
					"name": "hexadecagon6",
					"parent": "lowerlips",
					"pivot": [-31.7773, 59.02408, -26.66719],
					"rotation": [0, 90, 0],
					"cubes": [
						{"origin": [-27.73669, 245.98627, 5.56663], "size": [0.26617, 2.64726, 6.12199], "pivot": [-27.60361, 247.3099, 5.03429], "rotation": [45, 0, 0], "uv": [665, 1859]},
						{"origin": [-27.73669, 245.98627, 5.56663], "size": [0.26617, 2.64726, 6.12199], "pivot": [-27.60361, 247.3099, 5.03429], "rotation": [22.5, 0, 0], "uv": [665, 1859]},
						{"origin": [-27.73669, 244.6554, -1.62005], "size": [0.26617, 3.97813, 13.30867], "uv": [665, 1859]},
						{"origin": [-27.73669, 245.98627, -1.62005], "size": [0.26617, 2.64726, 6.38816], "pivot": [-27.60361, 247.3099, 5.03429], "rotation": [-22.5, 0, 0], "uv": [665, 1859]},
						{"origin": [-27.73669, 245.98627, -1.62005], "size": [0.26617, 2.64726, 6.92051], "pivot": [-27.60361, 247.3099, 5.03429], "rotation": [-45, 0, 0], "uv": [665, 1859]},
						{"origin": [-27.73669, 247.04372, 3.71066], "size": [0.26617, 6.92051, 2.64726], "pivot": [-27.60361, 247.3099, 5.03429], "rotation": [22.5, 0, 0], "uv": [665, 1859]},
						{"origin": [-27.73669, 246.51138, 3.71066], "size": [0.26617, 7.45286, 2.64726], "uv": [665, 1859]},
						{"origin": [-27.73669, 247.04372, 3.71066], "size": [0.26617, 6.92051, 2.64726], "pivot": [-27.60361, 247.3099, 5.03429], "rotation": [-22.5, 0, 0], "uv": [665, 1859]}
					]
				},
				{
					"name": "upperlips",
					"parent": "lips",
					"pivot": [2, 288, -21]
				},
				{
					"name": "bone15",
					"parent": "upperlips",
					"pivot": [-3.94029, 89.23597, -21]
				},
				{
					"name": "hexadecagon3",
					"parent": "bone15",
					"pivot": [3.82677, 287.89987, -29.35119],
					"rotation": [0, 90, 0],
					"cubes": [
						{"origin": [3.733, 285.58782, -29.01181], "size": [0.18754, 1.86518, 4.31336], "pivot": [3.82677, 286.52041, -29.38688], "rotation": [45, 0, 0], "uv": [396, 1826]},
						{"origin": [3.733, 285.58782, -29.01181], "size": [0.18754, 1.86518, 4.31336], "pivot": [3.82677, 286.52041, -29.38688], "rotation": [22.5, 0, 0], "uv": [396, 1826]},
						{"origin": [3.733, 284.65013, -34.07532], "size": [0.18754, 2.80286, 9.37687], "uv": [396, 1826]},
						{"origin": [3.733, 285.58782, -34.07532], "size": [0.18754, 1.86518, 4.5009], "pivot": [3.82677, 286.52041, -29.38688], "rotation": [-22.5, 0, 0], "uv": [396, 1826]},
						{"origin": [3.733, 285.58782, -34.07532], "size": [0.18754, 1.86518, 4.87597], "pivot": [3.82677, 286.52041, -29.38688], "rotation": [-45, 0, 0], "uv": [396, 1826]},
						{"origin": [3.733, 286.33287, -30.31947], "size": [0.18754, 4.87597, 1.86518], "pivot": [3.82677, 286.52041, -29.38688], "rotation": [22.5, 0, 0], "uv": [396, 1826]},
						{"origin": [3.733, 285.9578, -30.31947], "size": [0.18754, 5.25105, 1.86518], "uv": [396, 1826]},
						{"origin": [3.733, 286.33287, -30.31947], "size": [0.18754, 4.87597, 1.86518], "pivot": [3.82677, 286.52041, -29.38688], "rotation": [-22.5, 0, 0], "uv": [396, 1826]}
					]
				},
				{
					"name": "hexadecagon4",
					"parent": "bone15",
					"pivot": [-3.94029, 75.15354, -29.20186],
					"rotation": [0, 90, 0],
					"cubes": [
						{"origin": [-3.71358, 285.99202, -21.15475], "size": [0.15475, 1.5391, 3.5593], "pivot": [-3.6362, 286.76157, -21.46426], "rotation": [45, 0, 0], "uv": [665, 1859]},
						{"origin": [-3.71358, 285.99202, -21.15475], "size": [0.15475, 1.5391, 3.5593], "pivot": [-3.6362, 286.76157, -21.46426], "rotation": [22.5, 0, 0], "uv": [665, 1859]},
						{"origin": [-3.71358, 285.21826, -25.33306], "size": [0.15475, 2.31286, 7.7376], "uv": [665, 1859]},
						{"origin": [-3.71358, 285.99202, -25.33306], "size": [0.15475, 1.5391, 3.71405], "pivot": [-3.6362, 286.76157, -21.46426], "rotation": [-22.5, 0, 0], "uv": [665, 1859]},
						{"origin": [-3.71358, 285.99202, -25.33306], "size": [0.15475, 1.5391, 4.02355], "pivot": [-3.6362, 286.76157, -21.46426], "rotation": [-45, 0, 0], "uv": [665, 1859]},
						{"origin": [-3.71358, 286.60682, -22.23381], "size": [0.15475, 4.02355, 1.5391], "pivot": [-3.6362, 286.76157, -21.46426], "rotation": [22.5, 0, 0], "uv": [665, 1859]},
						{"origin": [-3.71358, 286.29731, -22.23381], "size": [0.15475, 4.33306, 1.5391], "uv": [665, 1859]},
						{"origin": [-3.71358, 286.60682, -22.23381], "size": [0.15475, 4.02355, 1.5391], "pivot": [-3.6362, 286.76157, -21.46426], "rotation": [-22.5, 0, 0], "uv": [665, 1859]}
					]
				},
				{
					"name": "bone14",
					"parent": "upperlips",
					"pivot": [-3.94029, 89.23597, -21]
				},
				{
					"name": "hexadecagon2",
					"parent": "bone14",
					"pivot": [-3.91083, 287.89987, -29.35119],
					"rotation": [0, 90, 0],
					"cubes": [
						{"origin": [-4.0046, 285.58782, -29.01181], "size": [0.18754, 1.86518, 4.31336], "pivot": [-3.91083, 286.52041, -29.38688], "rotation": [45, 0, 0], "uv": [396, 1826]},
						{"origin": [-4.0046, 285.58782, -29.01181], "size": [0.18754, 1.86518, 4.31336], "pivot": [-3.91083, 286.52041, -29.38688], "rotation": [22.5, 0, 0], "uv": [396, 1826]},
						{"origin": [-4.0046, 284.65013, -34.07532], "size": [0.18754, 2.80286, 9.37687], "uv": [396, 1826]},
						{"origin": [-4.0046, 285.58782, -34.07532], "size": [0.18754, 1.86518, 4.5009], "pivot": [-3.91083, 286.52041, -29.38688], "rotation": [-22.5, 0, 0], "uv": [396, 1826]},
						{"origin": [-4.0046, 285.58782, -34.07532], "size": [0.18754, 1.86518, 4.87597], "pivot": [-3.91083, 286.52041, -29.38688], "rotation": [-45, 0, 0], "uv": [396, 1826]},
						{"origin": [-4.0046, 286.33287, -30.31947], "size": [0.18754, 4.87597, 1.86518], "pivot": [-3.91083, 286.52041, -29.38688], "rotation": [22.5, 0, 0], "uv": [396, 1826]},
						{"origin": [-4.0046, 285.9578, -30.31947], "size": [0.18754, 5.25105, 1.86518], "uv": [396, 1826]},
						{"origin": [-4.0046, 286.33287, -30.31947], "size": [0.18754, 4.87597, 1.86518], "pivot": [-3.91083, 286.52041, -29.38688], "rotation": [-22.5, 0, 0], "uv": [396, 1826]}
					]
				},
				{
					"name": "hexadecagon",
					"parent": "bone14",
					"pivot": [-3.94029, 75.15354, -29.20186],
					"rotation": [0, 90, 0],
					"cubes": [
						{"origin": [-3.68412, 285.99202, -28.92181], "size": [0.15475, 1.5391, 3.5593], "pivot": [-3.60675, 286.76157, -29.23131], "rotation": [45, 0, 0], "uv": [665, 1859]},
						{"origin": [-3.68412, 285.99202, -28.92181], "size": [0.15475, 1.5391, 3.5593], "pivot": [-3.60675, 286.76157, -29.23131], "rotation": [22.5, 0, 0], "uv": [665, 1859]},
						{"origin": [-3.68412, 285.21826, -33.10011], "size": [0.15475, 2.31286, 7.7376], "uv": [665, 1859]},
						{"origin": [-3.68412, 285.99202, -33.10011], "size": [0.15475, 1.5391, 3.71405], "pivot": [-3.60675, 286.76157, -29.23131], "rotation": [-22.5, 0, 0], "uv": [665, 1859]},
						{"origin": [-3.68412, 285.99202, -33.10011], "size": [0.15475, 1.5391, 4.02355], "pivot": [-3.60675, 286.76157, -29.23131], "rotation": [-45, 0, 0], "uv": [665, 1859]},
						{"origin": [-3.68412, 286.60682, -30.00086], "size": [0.15475, 4.02355, 1.5391], "pivot": [-3.60675, 286.76157, -29.23131], "rotation": [22.5, 0, 0], "uv": [665, 1859]},
						{"origin": [-3.68412, 286.29731, -30.00086], "size": [0.15475, 4.33306, 1.5391], "uv": [665, 1859]},
						{"origin": [-3.68412, 286.60682, -30.00086], "size": [0.15475, 4.02355, 1.5391], "pivot": [-3.60675, 286.76157, -29.23131], "rotation": [-22.5, 0, 0], "uv": [665, 1859]}
					]
				},
				{
					"name": "straw",
					"parent": "face_structure",
					"pivot": [0.0264, 259.544, -12.9618],
					"cubes": [
						{"origin": [-3.2272, 256.2904, -29.4308], "size": [6.5072, 6.5072, 32.938], "uv": [0, 417]}
					]
				},
				{
					"name": "lower",
					"parent": "mati",
					"pivot": [0, 98.3344, 0],
					"rotation": [-22.5, 0, 0]
				},
				{
					"name": "rightLeg",
					"parent": "lower",
					"pivot": [-36.43646, 105.61248, 21.79399],
					"rotation": [-2.5, 0, 0],
					"cubes": [
						{"origin": [-42.50928, 56.21112, 7.56121], "size": [18.9787, 66.74145, 16.78828], "pivot": [-30.72656, 44.85012, 14.61499], "rotation": [-5, 0, 0], "uv": [0, 0]},
						{"origin": [-43.20601, 70.74316, 5.75045], "size": [21.07146, 44.94339, 21.07146], "pivot": [-85.51235, 52.11614, 11.41794], "rotation": [-5, 0, 0], "uv": [547, 0]}
					]
				},
				{
					"name": "bone9",
					"parent": "rightLeg",
					"pivot": [-36.63466, 64.11016, 15.64388],
					"rotation": [42.5, 0, 0]
				},
				{
					"name": "bone8",
					"parent": "bone9",
					"pivot": [-37.06979, 133.03898, 29.57958]
				},
				{
					"name": "shoes3",
					"parent": "bone8",
					"pivot": [-32.67028, 65.8441, 15.42561],
					"cubes": [
						{"origin": [-43.20601, 19.9576, 6.0322], "size": [21.07146, 44.94339, 21.07146], "pivot": [-85.51235, 52.45875, 12.2465], "rotation": [5, 0, 0], "uv": [0, 390]}
					]
				},
				{
					"name": "shoe2",
					"parent": "shoes3",
					"pivot": [-33.39573, 21.34204, 18.32969],
					"rotation": [-17.5, 0, 0],
					"cubes": [
						{"origin": [-42.50928, 13.83317, 11.09879], "size": [18.9787, 11.84263, 16.78828], "uv": [689, 243]},
						{"origin": [-44.08696, -0.18255, -7.15221], "size": [3.03676, 3.50389, 35.03929], "uv": [669, 108]},
						{"origin": [-44.08696, -0.18255, -7.85295], "size": [21.25717, 3.50389, 3.03676], "uv": [283, 79]},
						{"origin": [-44.08696, -0.18255, 25.25329], "size": [21.25717, 3.50389, 3.03676], "uv": [235, 79]},
						{"origin": [-25.86655, -0.18255, -7.15221], "size": [3.03676, 3.50389, 35.03929], "uv": [462, 232]},
						{"origin": [-43.38613, -0.18255, 4.52754], "size": [19.85555, 14.01572, 23.35953], "uv": [320, 267]},
						{"origin": [-43.38613, -0.18255, -7.15221], "size": [19.85555, 9.34381, 11.67975], "uv": [63, 390]}
					]
				},
				{
					"name": "leftLeg",
					"parent": "lower",
					"pivot": [29.56354, 105.61248, 21.79399],
					"rotation": [-2.5, 0, 0],
					"cubes": [
						{"origin": [23.49072, 56.21112, 7.56121], "size": [18.9787, 66.74145, 16.78828], "pivot": [35.27344, 44.85012, 14.61499], "rotation": [-5, 0, 0], "uv": [0, 0]},
						{"origin": [22.79399, 70.74316, 5.75045], "size": [21.07146, 44.94339, 21.07146], "pivot": [-19.51235, 52.11614, 11.41794], "rotation": [-5, 0, 0], "uv": [547, 0]}
					]
				},
				{
					"name": "bone11",
					"parent": "leftLeg",
					"pivot": [29.36534, 64.11016, 15.64388],
					"rotation": [42.5, 0, 0]
				},
				{
					"name": "bone18",
					"parent": "bone11",
					"pivot": [28.93021, 133.03898, 29.57958]
				},
				{
					"name": "shoes2",
					"parent": "bone18",
					"pivot": [33.32972, 64.8441, 15.42561],
					"cubes": [
						{"origin": [22.79399, 19.9576, 6.0322], "size": [21.07146, 44.94339, 21.07146], "pivot": [-19.51235, 52.45875, 12.2465], "rotation": [5, 0, 0], "uv": [0, 390]}
					]
				},
				{
					"name": "shoe4",
					"parent": "shoes2",
					"pivot": [32.60427, 21.34204, 18.32969],
					"rotation": [-17.5, 0, 0],
					"cubes": [
						{"origin": [23.49072, 13.83317, 11.09879], "size": [18.9787, 11.84263, 16.78828], "uv": [689, 243]},
						{"origin": [21.91304, -0.18255, -7.15221], "size": [3.03676, 3.50389, 35.03929], "uv": [669, 108]},
						{"origin": [21.91304, -0.18255, -7.85295], "size": [21.25717, 3.50389, 3.03676], "uv": [283, 79]},
						{"origin": [21.91304, -0.18255, 25.25329], "size": [21.25717, 3.50389, 3.03676], "uv": [235, 79]},
						{"origin": [40.13345, -0.18255, -7.15221], "size": [3.03676, 3.50389, 35.03929], "uv": [462, 232]},
						{"origin": [22.61387, -0.18255, 4.52754], "size": [19.85555, 14.01572, 23.35953], "uv": [320, 267]},
						{"origin": [22.61387, -0.18255, -7.15221], "size": [19.85555, 9.34381, 11.67975], "uv": [63, 390]}
					]
				}
			]
		}
	]
}