{
	"format_version": "1.12.0",
	"minecraft:geometry": [
		{
			"description": {
				"identifier": "geometry.meat",
				"texture_width": 256,
				"texture_height": 256,
				"visible_bounds_width": 5,
				"visible_bounds_height": 10,
				"visible_bounds_offset": [0, 4, 0]
			},
			"bones": [
				{
					"name": "rod_main",
					"pivot": [0, 0, 0]
				},
				{
					"name": "rod",
					"parent": "rod_main",
					"pivot": [0, -3, 0]
				},
				{
					"name": "main",
					"parent": "rod",
					"pivot": [0, -3, 0]
				},
				{
					"name": "upper",
					"parent": "main",
					"pivot": [0, 47, 7]
				},
				{
					"name": "body",
					"parent": "upper",
					"pivot": [0, -3, 0]
				},
				{
					"name": "arms",
					"parent": "body",
					"pivot": [0, -3, 0]
				},
				{
					"name": "leftArm",
					"parent": "arms",
					"pivot": [14, 79, 2]
				},
				{
					"name": "limbs",
					"parent": "leftArm",
					"pivot": [0, -3, 0]
				},
				{
					"name": "limb1",
					"parent": "limbs",
					"pivot": [0, -3, 0],
					"cubes": [
						{"origin": [13.68063, 62.28094, -3], "size": [9, 12, 9.5], "pivot": [2.50334, 66.75438, 0.67295], "rotation": [0, 0, -30], "uv": [0, 212]}
					]
				},
				{
					"name": "limb2",
					"parent": "limbs",
					"pivot": [6, -15, 0],
					"cubes": [
						{"origin": [14.28839, 53.85265, -2], "size": [8, 12, 8], "pivot": [2.50334, 66.75438, 0.67295], "rotation": [0, 0, -20], "uv": [218, 79]}
					]
				},
				{
					"name": "limb3",
					"parent": "limbs",
					"pivot": [23, 61, 2],
					"cubes": [
						{"origin": [19.85733, 42.5516, -2], "size": [8, 1, 8], "uv": [0, 27]},
						{"origin": [16.61184, 40.44074, -2], "size": [8, 18, 8], "pivot": [2.50334, 66.75438, 0.67295], "rotation": [0, 0, -7.5], "uv": [0, 50]}
					]
				},
				{
					"name": "hand",
					"parent": "limb3",
					"pivot": [0, -3, 0],
					"cubes": [
						{"origin": [25, 37, -1], "size": [2, 4, 5], "uv": [0, 141]},
						{"origin": [24, 37, -1], "size": [3, 2, 5], "uv": [104, 131]},
						{"origin": [22, 41, -1], "size": [5, 2, 5], "uv": [75, 111]},
						{"origin": [22, 39, -1], "size": [2, 4, 2], "uv": [17, 97]}
					]
				},
				{
					"name": "rightArm",
					"parent": "arms",
					"pivot": [-13, 79, 0]
				},
				{
					"name": "limbs2",
					"parent": "rightArm",
					"pivot": [0, -3, 0]
				},
				{
					"name": "limb4",
					"parent": "limbs2",
					"pivot": [0, -3, 0],
					"cubes": [
						{"origin": [-22.00986, 59.7776, -3.5], "size": [9, 12, 9.5], "pivot": [2.50334, 66.75438, 0.67295], "rotation": [0, 0, 30], "uv": [87, 16]}
					]
				},
				{
					"name": "limb5",
					"parent": "limbs2",
					"pivot": [6, -15, 0],
					"cubes": [
						{"origin": [-22.6072, 56.19055, -3], "size": [8, 12, 8], "pivot": [2.50334, 66.75438, 0.67295], "rotation": [0, 0, 10], "uv": [66, 217]}
					]
				},
				{
					"name": "limb6",
					"parent": "limbs2",
					"pivot": [-21, 61, 1]
				},
				{
					"name": "limb7",
					"parent": "limb6",
					"pivot": [-20, 59, 2],
					"cubes": [
						{"origin": [-24.0601, 41.71144, -3], "size": [8, 19, 8], "uv": [0, 0]}
					]
				},
				{
					"name": "hand2",
					"parent": "limb7",
					"pivot": [-21, 42, 0],
					"cubes": [
						{"origin": [-23.5, 34, -1], "size": [2.5, 6, 5], "uv": [107, 71]},
						{"origin": [-23, 34, -1], "size": [5, 2, 5], "uv": [75, 104]},
						{"origin": [-23.5, 40, -1], "size": [5.5, 2, 5], "uv": [75, 97]},
						{"origin": [-20, 38, -1], "size": [2, 4, 2], "uv": [24, 50]}
					]
				},
				{
					"name": "bone4",
					"parent": "hand2",
					"pivot": [-14, 39, 3],
					"rotation": [30, 0, 0],
					"cubes": [
						{"origin": [-23, 38, -20], "size": [4, 4, 26], "uv": [116, 156]},
						{"origin": [-24, 37, -26], "size": [6, 6, 6], "uv": [116, 163]},
						{"origin": [-25, 36, -17], "size": [8, 8, 12], "uv": [162, 206]},
						{"origin": [-26, 37, -16], "size": [10, 6, 10], "uv": [200, 170]},
						{"origin": [-24, 37, -16], "size": [6, 8, 10], "uv": [220, 129]},
						{"origin": [-24, 37, -18], "size": [6, 6, 14], "uv": [200, 192]},
						{"origin": [-24, 38, -27], "size": [6, 4, 2], "uv": [144, 65]}
					]
				},
				{
					"name": "torso",
					"parent": "body",
					"pivot": [0, 55, 0],
					"cubes": [
						{"origin": [-16.22309, 84.11411, 0], "size": [17, 1, 4], "pivot": [2.50334, 66.75438, 0.67295], "rotation": [0, 0, -2.5], "uv": [175, 129]},
						{"origin": [-16.22309, 83.61411, -1], "size": [17, 1, 6], "pivot": [2.50334, 66.75438, 0.67295], "rotation": [0, 0, -2.5], "uv": [172, 87]},
						{"origin": [-0.77215, 83.39573, -1], "size": [17, 1, 6], "pivot": [2.50334, 66.75438, 0.67295], "rotation": [0, 0, 2.5], "uv": [40, 148]},
						{"origin": [-14.5, 81.06783, 0.292], "size": [29, 2, 6], "pivot": [2.50334, 66.75438, 0.67295], "rotation": [12.5, 0, 0], "uv": [87, 0]},
						{"origin": [-12.5, 61.31127, -14.70725], "size": [25, 13, 37], "pivot": [2.50334, 66.75438, 0.67295], "rotation": [-90, 0, 0], "uv": [0, 0]},
						{"origin": [-12.5, 60.31127, -7.70725], "size": [25, 15, 29], "pivot": [2.50334, 66.75438, 0.67295], "rotation": [-90, 0, 0], "uv": [95, 21]},
						{"origin": [-11.5, 59.31127, -5.70725], "size": [23, 15, 29], "pivot": [2.50334, 66.75438, 0.67295], "rotation": [-90, 0, 0], "uv": [0, 97]},
						{"origin": [-11.5, 58.31127, -3.70725], "size": [23, 18, 26], "pivot": [2.50334, 66.75438, 0.67295], "rotation": [-90, 0, 0], "uv": [100, 71]},
						{"origin": [-12.5, 57.31127, -1.70725], "size": [24, 18, 23], "pivot": [2.50334, 66.75438, 0.67295], "rotation": [-90, 0, 0], "uv": [104, 115]},
						{"origin": [-13.5, 62.31127, -14.70725], "size": [27, 11, 36], "pivot": [2.50334, 66.75438, 0.67295], "rotation": [-90, 0, 0], "uv": [0, 50]},
						{"origin": [-12.5, 81.83502, -2.59506], "size": [25, 2, 6], "pivot": [2.50334, 66.75438, 0.67295], "rotation": [-12.5, 0, 0], "uv": [87, 8]},
						{"origin": [-0.77215, 83.89573, 0], "size": [17, 1, 4], "pivot": [2.50334, 66.75438, 0.67295], "rotation": [0, 0, 2.5], "uv": [143, 8]}
					]
				},
				{
					"name": "bone3",
					"parent": "torso",
					"pivot": [0, 55, 0],
					"cubes": [
						{"origin": [-13, 45, -9.5], "size": [2, 12, 1], "uv": [96, 141]},
						{"origin": [-11, 45, -9.5], "size": [22, 16, 1], "uv": [203, 35]},
						{"origin": [-11, 61, -9.5], "size": [22, 2, 1], "uv": [114, 16]},
						{"origin": [11, 45, -9.5], "size": [2, 12, 1], "uv": [96, 141]},
						{"origin": [-13, 23, -9.5], "size": [26, 21, 1], "uv": [172, 65]},
						{"origin": [-13, 44, -10], "size": [26, 5, 1], "uv": [90, 65]},
						{"origin": [-3, 44, -10.2], "size": [1, 5, 1], "uv": [32, 8]},
						{"origin": [-2, 48, -10.2], "size": [5, 1, 1], "uv": [24, 6]},
						{"origin": [-2, 44, -10.2], "size": [5, 1, 1], "uv": [24, 6]},
						{"origin": [3, 44, -10.2], "size": [1, 5, 1], "uv": [32, 8]},
						{"origin": [3, 46, -10.2], "size": [2, 1, 1], "uv": [0, 33]},
						{"origin": [-4, 46, -10.2], "size": [2, 1, 1], "uv": [0, 33]},
						{"origin": [-13, 44, 9], "size": [26, 5, 2], "uv": [40, 141]},
						{"origin": [12, 44, -10], "size": [2, 5, 21], "uv": [128, 186]},
						{"origin": [-14, 44, -10], "size": [2, 5, 21], "uv": [75, 97]},
						{"origin": [8.8207, 53.55343, -9.5], "size": [2, 10, 1], "pivot": [-1.1793, 63.55343, 0], "rotation": [0, 0, -15], "uv": [90, 71]},
						{"origin": [8.8207, 53.55343, -9.5], "size": [2, 8, 1], "pivot": [-1.1793, 63.55343, 0], "rotation": [0, 0, -15], "uv": [87, 16]},
						{"origin": [-10.44588, 56.40044, -9.5], "size": [2, 10, 1], "pivot": [-9.44588, 66.40044, 0], "rotation": [0, 0, 15], "uv": [0, 97]},
						{"origin": [-10.41181, 60.65926, -9.5], "size": [3, 6, 1], "uv": [0, 0]},
						{"origin": [-10.59658, 69.32226, -10.18404], "size": [2, 10, 1], "pivot": [-12.59658, 67.32226, -10.18404], "rotation": [-20, 0, -7.5], "uv": [90, 71]},
						{"origin": [-10.58084, 65.20268, -9.5], "size": [2, 4, 1], "pivot": [-12.58084, 67.20268, -9.5], "rotation": [0, 0, -7.5], "uv": [90, 97]},
						{"origin": [-12.04091, 78.42406, -6.14011], "size": [2, 4, 1], "uv": [90, 97]},
						{"origin": [9.96818, 78.34998, -6.14011], "size": [2, 4, 1], "uv": [90, 97]},
						{"origin": [9.96818, 81.19522, -4.32749], "size": [2, 7, 1], "pivot": [7.96818, 83.19522, -4.32749], "rotation": [-65, 0, 0], "uv": [0, 50]},
						{"origin": [9.96818, 77.30831, -3.79595], "size": [2, 5, 1], "pivot": [7.96818, 79.30831, 2.20405], "rotation": [-90, 0, 0], "uv": [0, 150]},
						{"origin": [-12.04091, 76.38239, -4.79595], "size": [2, 5, 1], "pivot": [-14.04091, 78.38239, 2.20405], "rotation": [-90, 0, 0], "uv": [0, 150]},
						{"origin": [-12.04091, 77.32032, -2.59911], "size": [2, 5, 1], "pivot": [-16.04091, 79.32032, 3.40089], "rotation": [-125, 0, 0], "uv": [40, 148]},
						{"origin": [9.96818, 77.24624, -2.59911], "size": [2, 5, 1], "pivot": [7.96818, 79.24624, 3.40089], "rotation": [-125, 0, 0], "uv": [87, 8]},
						{"origin": [9.96818, 78.44042, -2.7002], "size": [2, 2, 1], "pivot": [7.96818, 80.44042, 3.2998], "rotation": [180, 0, 0], "uv": [90, 104]},
						{"origin": [-1.03182, 96.44042, -4.7002], "size": [2, 16, 1], "pivot": [7.96818, 80.44042, 3.2998], "rotation": [180, 0, 0], "uv": [46, 176]},
						{"origin": [-2.03182, 111.44042, -4.9], "size": [4, 5, 1], "pivot": [7.96818, 80.44042, 3.2998], "rotation": [180, 0, 0], "uv": [24, 0]},
						{"origin": [9.10503, 78.46892, -2.38781], "size": [2, 17, 1], "pivot": [7.10503, 80.46892, 3.61219], "rotation": [-172.5, 0, 35], "uv": [40, 176]},
						{"origin": [-10.62297, 74.88174, -2.11203], "size": [2, 17, 1], "pivot": [-12.62297, 76.88174, 3.88797], "rotation": [-172.42184, 7.04533, -35], "uv": [121, 116]},
						{"origin": [-12.04091, 78.5145, -2.7002], "size": [2, 2, 1], "pivot": [-14.04091, 80.5145, 3.2998], "rotation": [180, 0, 0], "uv": [23, 103]},
						{"origin": [-3.04091, 91.5145, -5.3], "size": [6, 6, 2.1], "pivot": [-14.04091, 80.5145, 3.2998], "rotation": [180, 0, 0], "uv": [104, 123]},
						{"origin": [-12.04091, 81.26929, -4.32749], "size": [2, 7, 1], "pivot": [2.95909, 83.26929, -4.32749], "rotation": [-65, 0, 0], "uv": [0, 50]},
						{"origin": [8.68997, 66.9032, -9.5], "size": [2, 3, 1], "pivot": [6.68997, 68.9032, -9.5], "rotation": [0, 0, 7.5], "uv": [17, 103]},
						{"origin": [8.69784, 69.96299, -9.84202], "size": [2, 10, 1], "pivot": [6.69784, 68.96299, -9.84202], "rotation": [-20, 0, 7.5], "uv": [90, 71]},
						{"origin": [-8.9439, 58.37368, -9.5], "size": [2, 9, 1], "pivot": [-8.9439, 65.37368, 0], "rotation": [0, 0, -40], "uv": [28, 76]},
						{"origin": [-12.03754, 57.92458, -9.5], "size": [2, 7, 1], "pivot": [-9.03754, 65.92458, 0], "rotation": [0, 0, -75], "uv": [24, 27]},
						{"origin": [6.3537, 52.32053, -9.5], "size": [2, 8, 1], "pivot": [11.3537, 60.32053, 0], "rotation": [0, 0, 74], "uv": [31, 26]},
						{"origin": [7.9439, 60.37368, -9.5], "size": [3, 5, 1], "pivot": [9.9439, 65.37368, 0], "rotation": [0, 0, 40], "uv": [0, 27]},
						{"origin": [8.41181, 61.65926, -9.5], "size": [2, 5, 1], "uv": [87, 0]}
					]
				},
				{
					"name": "head",
					"parent": "body",
					"pivot": [0, 83, 3]
				},
				{
					"name": "headstrcture",
					"parent": "head",
					"pivot": [0, 164.328, 1.3888],
					"cubes": [
						{"origin": [-6.41242, 85.0928, -6.63481], "size": [12.8896, 19.3344, 16.7232], "uv": [0, 141]},
						{"origin": [-6.4448, 85.0928, 7.3328], "size": [12.8896, 19.3344, 3.7232], "uv": [36, 217]},
						{"origin": [5.3217, 85.0928, -6.15619], "size": [3.2224, 19.3344, 4.51136], "pivot": [6.9329, 94.76, -3.90051], "rotation": [0, 45, 0], "uv": [185, 226]},
						{"origin": [-8.47933, 85.0928, -6.15619], "size": [3.2224, 19.3344, 4.51136], "pivot": [-6.86813, 94.76, -3.90051], "rotation": [0, -45, 0], "uv": [171, 226]},
						{"origin": [-8.47933, 85.0928, 6.03364], "size": [3.2224, 19.3344, 4.51136], "pivot": [-6.86813, 94.76, 8.28932], "rotation": [0, 45, 0], "uv": [226, 51]},
						{"origin": [5.3217, 85.0928, 6.03363], "size": [3.2224, 19.3344, 4.51136], "pivot": [6.9329, 94.76, 8.28931], "rotation": [0, -45, 0], "uv": [226, 0]},
						{"origin": [-6.4448, 102.72162, -5.77197], "size": [12.8896, 4.51136, 3.2224], "pivot": [0, 104.65506, -4.16077], "rotation": [-45, 0, 0], "uv": [157, 0]},
						{"origin": [-6.4448, 102.72162, 6.93837], "size": [12.8896, 4.51136, 3.2224], "pivot": [0, 104.65506, 8.54957], "rotation": [45, 0, 0], "uv": [105, 156]},
						{"origin": [-9.60243, 85.0928, -3.44479], "size": [19.3344, 19.3344, 11.2784], "uv": [56, 156]},
						{"origin": [-4.8336, 81.8, -3.4448], "size": [9.6672, 25.7792, 11.2784], "uv": [0, 176]},
						{"origin": [-8.51171, 102.65962, -3.4448], "size": [3.2224, 4.51136, 11.2784], "pivot": [-6.90051, 104.9153, 1.3888], "rotation": [0, 0, 45], "uv": [0, 97]},
						{"origin": [5.28931, 102.65962, -3.4448], "size": [3.2224, 4.51136, 11.2784], "pivot": [6.90051, 104.9153, 1.3888], "rotation": [0, 0, -45], "uv": [90, 71]}
					]
				},
				{
					"name": "lower",
					"parent": "main",
					"pivot": [0, -7, 0]
				},
				{
					"name": "rightLeg",
					"parent": "lower",
					"pivot": [-6, 45, 1],
					"cubes": [
						{"origin": [-12.5, 25.13458, -4.77016], "size": [12, 20, 14], "uv": [174, 0]},
						{"origin": [-12.2, 11.13458, -4.5], "size": [11.5, 14, 13.5], "uv": [185, 143]},
						{"origin": [0.8, 11.13458, -4.5], "size": [11.5, 14, 13.5], "uv": [185, 102]}
					]
				},
				{
					"name": "bone9",
					"parent": "rightLeg",
					"pivot": [-6, 26, 1]
				},
				{
					"name": "shoes",
					"parent": "bone9",
					"pivot": [-3.5, 4.5, 0.5],
					"cubes": [
						{"origin": [-11.2, 0.31588, -3.3], "size": [9.5, 6, 10], "uv": [202, 212]},
						{"origin": [-11.2, 0.31588, -8.3], "size": [9.5, 4, 5], "uv": [0, 112]},
						{"origin": [-11.5, 0.31588, -8.3], "size": [2.3, 1.5, 15], "uv": [141, 213]},
						{"origin": [-11.5, 0.31588, -8.6], "size": [10.1, 1.5, 1.3], "uv": [0, 123]},
						{"origin": [-2.7, 0.31588, -8.3], "size": [1.3, 1.5, 15], "uv": [98, 217]},
						{"origin": [-11.5, 0.31588, 5.7], "size": [10.1, 1.5, 1.3], "uv": [0, 121]}
					]
				},
				{
					"name": "bone",
					"parent": "bone9",
					"pivot": [-6, 28, 0],
					"cubes": [
						{"origin": [-11.7, 6.31588, -3.77016], "size": [10.5, 19, 12], "uv": [84, 186]}
					]
				},
				{
					"name": "leftLeg",
					"parent": "lower",
					"pivot": [8, 45, 2],
					"cubes": [
						{"origin": [0.5, 25.13458, -4.77016], "size": [12, 20, 14], "uv": [162, 172]}
					]
				},
				{
					"name": "bone11",
					"parent": "leftLeg",
					"pivot": [8, 25, 1]
				},
				{
					"name": "bone2",
					"parent": "bone11",
					"pivot": [6, 28, 0],
					"cubes": [
						{"origin": [1.3, 6.31588, -3.77016], "size": [10.5, 19, 12], "uv": [40, 186]}
					]
				},
				{
					"name": "shoes2",
					"parent": "bone11",
					"pivot": [8.5, 4.5, 0.5],
					"cubes": [
						{"origin": [1.8, 0.31588, -3.3], "size": [9.5, 6, 10], "uv": [118, 212]},
						{"origin": [1.8, 0.31588, -8.3], "size": [9.5, 4, 5], "uv": [0, 76]},
						{"origin": [1.5, 0.31588, -8.3], "size": [2.3, 1.5, 5], "uv": [80, 148]},
						{"origin": [1.5, 0.31588, 1.7], "size": [2.3, 1.5, 5], "uv": [80, 148]},
						{"origin": [1.5, 0.31588, -3.3], "size": [2.3, 1.5, 5], "uv": [80, 148]},
						{"origin": [1.5, 0.31588, -8.6], "size": [10.1, 1.5, 1.3], "uv": [100, 115]},
						{"origin": [9.3, 0.31588, -8.3], "size": [2.3, 1.5, 15], "uv": [150, 156]},
						{"origin": [1.5, 0.31588, 5.7], "size": [10.1, 1.5, 1.3], "uv": [114, 19]}
					]
				}
			]
		}
	]
}