{
	"format_version": "1.12.0",
	"minecraft:geometry": [
		{
			"description": {
				"identifier": "geometry.minirod_prototype",
				"texture_width": 512,
				"texture_height": 512,
				"visible_bounds_width": 17,
				"visible_bounds_height": 26,
				"visible_bounds_offset": [0, 7, 0]
			},
			"bones": [
				{
					"name": "minirodBase",
					"pivot": [0, 0, 0]
				},
				{
					"name": "rod",
					"parent": "minirodBase",
					"pivot": [0, -58.57643, 0]
				},
				{
					"name": "main",
					"parent": "rod",
					"pivot": [0, -58.57643, 0]
				},
				{
					"name": "upper",
					"parent": "main",
					"pivot": [0, 95.20838, 0]
				},
				{
					"name": "body",
					"parent": "upper",
					"pivot": [-2.66204, 2.80105, 0]
				},
				{
					"name": "arms",
					"parent": "body",
					"pivot": [0, 157, 5]
				},
				{
					"name": "leftArm",
					"parent": "arms",
					"pivot": [-38.93435, 152.38039, 4.27452],
					"cubes": [
						{"origin": [-46.62848, 144.442, -4.88516], "size": [12.70141, 15.63251, 17.58657], "uv": [445, 439]},
						{"origin": [-61.28395, 140.53388, -6.83922], "size": [17.58657, 25.40283, 22.47173], "uv": [391, 98]},
						{"origin": [-59.32989, 120.99324, -2.9311], "size": [12.70141, 19.54063, 14.65548], "pivot": [-52.97918, 130.76356, 4.39665], "rotation": [180, 0, 0], "uv": [344, 446]},
						{"origin": [-56.39879, 116.10808, -0.97703], "size": [6.83922, 4.88516, 10.74735], "uv": [357, 98]}
					]
				},
				{
					"name": "bone4",
					"parent": "leftArm",
					"pivot": [-52.97918, 115.86382, 4.39665],
					"rotation": [-87.49046, -4.99523, -0.21865],
					"cubes": [
						{"origin": [-59.32989, 86.79712, -2.9311], "size": [12.70141, 29.31095, 14.65548], "pivot": [-52.97918, 101.45261, 4.39665], "rotation": [-180, 0, 0], "uv": [66, 436]},
						{"origin": [-56.39879, 82.88899, -0.97703], "size": [6.83922, 4.88516, 10.74735], "uv": [258, 308]}
					]
				},
				{
					"name": "bone5",
					"parent": "bone4",
					"pivot": [-52.97918, 83.37752, 4.39665],
					"rotation": [0, 90, 0],
					"cubes": [
						{"origin": [-66.16911, 72.14165, -3.90813], "size": [26.37986, 10.74735, 16.60954], "uv": [140, 423]}
					]
				},
				{
					"name": "bone6",
					"parent": "bone5",
					"pivot": [-44.67441, 71.16461, 4.39665],
					"cubes": [
						{"origin": [-49.55957, 44.78476, -3.90813], "size": [9.77032, 27.35689, 16.60954], "uv": [444, 232]}
					]
				},
				{
					"name": "bone7",
					"parent": "bone5",
					"pivot": [-61.28395, 71.16461, 3.90813],
					"cubes": [
						{"origin": [-66.16911, 44.78476, -3.90813], "size": [9.77032, 27.35689, 16.60954], "uv": [444, 145]}
					]
				},
				{
					"name": "item",
					"parent": "bone5",
					"pivot": [-52.97918, 59.37752, 4.39665],
					"cubes": [
						{"origin": [-56.97918, 55.36531, 89.38771], "size": [7, 7, 28], "pivot": [-53.47918, 58.86531, 37.88771], "rotation": [-4.98107, -0.43523, -4.98107], "uv": [334, 191]},
						{"origin": [-56.97918, 55.3653, 62.38771], "size": [7, 7, 28], "pivot": [-53.47918, 58.86531, 37.88771], "rotation": [-4.98107, -0.43523, -4.98107], "uv": [334, 191]},
						{"origin": [-56.97918, 55.3653, 34.38771], "size": [7, 7, 28], "pivot": [-53.47918, 58.86531, 37.88771], "rotation": [-4.98107, -0.43523, -4.98107], "uv": [334, 191]},
						{"origin": [-56.97918, 55.3653, 6.38771], "size": [7, 7, 28], "pivot": [-53.47918, 58.86531, 37.88771], "rotation": [-4.98107, -0.43523, -4.98107], "uv": [334, 191]},
						{"origin": [-56.97918, 55.3653, -20.61229], "size": [7, 7, 28], "pivot": [-53.47918, 58.86531, 37.88771], "rotation": [-4.98107, -0.43523, -4.98107], "uv": [334, 191]},
						{"origin": [-56.97918, 55.3653, -47.61229], "size": [7, 7, 28], "pivot": [-53.47918, 58.86531, 37.88771], "rotation": [-4.98107, -0.43523, -4.98107], "uv": [334, 191]},
						{"origin": [-57.19514, 42.52582, 143.87459], "size": [7, 28, 7], "pivot": [-53.69514, 59.02582, 64.37459], "rotation": [-4.98107, -0.43523, -4.98107], "uv": [348, 190]},
						{"origin": [-58.19514, 45.52582, 142.87459], "size": [9, 22, 9], "pivot": [-53.69514, 59.02582, 64.37459], "rotation": [-4.98107, -0.43523, -4.98107], "uv": [338, 186]},
						{"origin": [-57.93712, 58.75051, 98.32406], "size": [7, 7, 36], "pivot": [-54.43712, 62.25051, 124.82406], "rotation": [22.51893, -0.43523, -4.98107], "uv": [317, 181]},
						{"origin": [-58.39566, 62.51735, 132.4034], "size": [7, 7, 19], "pivot": [-54.89566, 66.01735, 141.9034], "rotation": [2.51893, -0.43523, -4.98107], "uv": [337, 191]},
						{"origin": [-56.02124, 36.93519, 99.41546], "size": [7, 7, 33], "pivot": [-52.52124, 40.43519, 122.91546], "rotation": [-32.48107, -0.43523, -4.98107], "uv": [321, 183]},
						{"origin": [-55.5627, 30.25978, 129.58123], "size": [7, 7, 19], "pivot": [-52.0627, 33.75978, 139.08123], "rotation": [-12.48107, -0.43523, -4.98107], "uv": [337, 195]},
						{"origin": [-54.15275, 68.27299, -38.99777], "size": [2, 16, 9], "pivot": [-52.15275, 78.77299, -34.49777], "rotation": [0.01893, -0.43523, -4.98107], "uv": [344, 184]},
						{"origin": [-53.98506, 79.74895, -74.35595], "size": [2, 5, 43], "pivot": [-52.98506, 76.74895, -33.85595], "rotation": [-9.98107, -0.43523, -4.98107], "uv": [312, 178]},
						{"origin": [-53.98506, 64.74895, -72.35595], "size": [1, 15, 41], "pivot": [-52.98506, 76.74895, -33.85595], "rotation": [-9.98107, -0.43523, -4.98107], "uv": [316, 172]},
						{"origin": [-53.98506, 56.74895, -70.35595], "size": [1, 17, 37], "pivot": [-52.98506, 76.74895, -33.85595], "rotation": [-9.98107, -0.43523, -4.98107], "uv": [322, 173]},
						{"origin": [-51.82844, 46.85062, -41.30943], "size": [2, 16, 9], "pivot": [-48.82844, 52.35062, -36.80943], "rotation": [-9.98107, -0.43523, -4.98107], "uv": [353, 190]},
						{"origin": [-51.76008, 46.15573, -76.3326], "size": [2, 5, 43], "pivot": [-48.76008, 51.65573, -37.8326], "rotation": [0.01893, -0.43523, -4.98107], "uv": [315, 179]},
						{"origin": [-51.76008, 51.15573, -74.3326], "size": [1, 15, 41], "pivot": [-48.76008, 51.65573, -37.8326], "rotation": [0.01893, -0.43523, -4.98107], "uv": [322, 174]},
						{"origin": [-53.73015, 43.71926, -73.73793], "size": [1, 42, 4], "pivot": [-50.73015, 74.21926, -37.23793], "rotation": [-4.98107, -0.43523, -4.98107], "uv": [359, 175]},
						{"origin": [-51.76008, 51.15573, -76.3326], "size": [0, 0, 43], "pivot": [-48.76008, 51.65573, -37.8326], "rotation": [0.01893, -0.43523, -4.98107], "uv": [0, 0]}
					]
				},
				{
					"name": "rightArm",
					"parent": "arms",
					"pivot": [36.29711, 152.38039, 4.27452],
					"rotation": [-180, 0, 180],
					"cubes": [
						{"origin": [28.35872, 144.442, -4.15238], "size": [12.70141, 15.63251, 17.58657], "uv": [430, 407]},
						{"origin": [13.70325, 140.53388, -6.10645], "size": [17.58657, 25.40283, 22.47173], "uv": [78, 389]},
						{"origin": [15.65731, 120.99324, -2.19832], "size": [12.70141, 19.54063, 14.65548], "uv": [446, 197]},
						{"origin": [18.5884, 116.10808, -0.24426], "size": [6.83922, 4.88516, 10.74735], "uv": [111, 296]}
					]
				},
				{
					"name": "bone8",
					"parent": "rightArm",
					"pivot": [22.00801, 115.86382, 5.12941],
					"rotation": [87.5, 0, 0],
					"cubes": [
						{"origin": [15.65731, 86.79712, -2.19832], "size": [12.70141, 29.31095, 14.65548], "uv": [424, 326]},
						{"origin": [18.5884, 82.88899, -0.24426], "size": [6.83922, 4.88516, 10.74735], "uv": [126, 148]}
					]
				},
				{
					"name": "bone10",
					"parent": "bone8",
					"pivot": [22.00801, 81.42345, 5.12941],
					"rotation": [0, 90, 0],
					"cubes": [
						{"origin": [8.81809, 72.14165, -3.17535], "size": [26.37986, 10.74735, 16.60954], "uv": [0, 230]}
					]
				},
				{
					"name": "bone11",
					"parent": "bone10",
					"pivot": [30.31279, 72.14165, 5.12941],
					"cubes": [
						{"origin": [25.42763, 44.78476, -3.17535], "size": [9.77032, 27.35689, 16.60954], "pivot": [30.31278, 58.4632, 5.12941], "rotation": [-180, 0, 180], "uv": [0, 443]},
						{"origin": [39.85739, 44.78476, -3.17535], "size": [9.77032, 27.35689, 16.60954], "pivot": [29.2229, 58.4632, 5.12941], "rotation": [-180, 0, 180], "uv": [294, 441]}
					]
				},
				{
					"name": "bone12",
					"parent": "bone10",
					"pivot": [13.70325, 71.16461, 4.6409]
				},
				{
					"name": "torso",
					"parent": "body",
					"pivot": [-2.66204, 92.88804, 0]
				},
				{
					"name": "bodymain",
					"parent": "torso",
					"pivot": [-2.66204, 92.88804, 0]
				},
				{
					"name": "backcover",
					"parent": "bodymain",
					"pivot": [3.01558, 126.24935, 11.95277],
					"cubes": [
						{"origin": [-33.59956, 136.77664, -30.82572], "size": [64.05259, 2.82747, 88.89883], "pivot": [3.01558, 126.24935, 11.95277], "rotation": [-90, 0, 0], "uv": [0, 170]},
						{"origin": [0.55953, 149.03706, 17.31492], "size": [3.47661, 4.78154, 9.77032], "pivot": [2.29783, 152.35305, 26.59672], "rotation": [-105, 0, -5], "uv": [275, 15]},
						{"origin": [-7.24944, 147.72568, 19.14371], "size": [3.47661, 4.78154, 8.79329], "pivot": [-5.48139, 151.92978, 27.75011], "rotation": [-104.82417, -1.61888, -17.39638], "uv": [106, 323]},
						{"origin": [-11.02625, 145.70523, 10.01998], "size": [3.47661, 4.78154, 7.81625], "pivot": [-9.2582, 149.90933, 27.41967], "rotation": [-104.15597, 4.7312, 6.80522], "uv": [143, 0]},
						{"origin": [-8.72891, 163.85648, 28.80421], "size": [3.47661, 4.78154, 2.9311], "pivot": [-6.9906, 167.17246, 30.26976], "rotation": [-64.15597, 4.7312, 6.80522], "uv": [0, 0]},
						{"origin": [-8.81893, 163.58585, 18.91228], "size": [3.47661, 4.78154, 11.72438], "pivot": [-7.08062, 166.90184, 33.56775], "rotation": [-14.30656, 0.04003, 9.97076], "uv": [275, 0]},
						{"origin": [0.02768, 161.52996, 24.02563], "size": [3.47661, 4.78154, 8.79329], "pivot": [1.76599, 164.84595, 28.42227], "rotation": [-82.56344, -0.9762, 2.43656], "uv": [205, 322]},
						{"origin": [0.53431, 167.61274, 23.55717], "size": [3.47661, 4.78154, 5.86219], "pivot": [2.27261, 170.92874, 25.02272], "rotation": [-40.17583, -1.61888, 7.39638], "uv": [111, 310]},
						{"origin": [0.93344, 167.24559, 19.57732], "size": [3.47661, 4.78154, 5.86219], "pivot": [2.67174, 170.56159, 21.04286], "rotation": [12.30731, -6.6134, 7.63107], "uv": [284, 296]},
						{"origin": [-9.17376, 137.75367, -14.21618], "size": [15.20099, 7.71263, 19.52957], "pivot": [3.01558, 126.24935, 11.95277], "rotation": [-90, 0, 0], "uv": [94, 0]},
						{"origin": [-4.2886, 138.84901, 29.22119], "size": [5.43067, 10.64373, 2.92003], "pivot": [-1.57326, 143.14203, 30.6812], "rotation": [-140, 0, 0], "uv": [134, 310]},
						{"origin": [-39.80953, 130.56666, -30.82572], "size": [6.40771, 2.82747, 76.19742], "pivot": [-3.19439, 120.03939, 11.95277], "rotation": [-90, 0, 0], "uv": [228, 248]},
						{"origin": [30.25529, 130.56665, -30.82571], "size": [6.40771, 2.82747, 76.19742], "pivot": [66.87043, 120.03938, 11.95278], "rotation": [-90, 0, 0], "uv": [216, 170]},
						{"origin": [-95.46297, 72.98215, -30.82572], "size": [8.36177, 2.82747, 8.78222], "pivot": [12.4755, 62.45486, 11.95277], "rotation": [-90, 0, 45], "uv": [330, 389]},
						{"origin": [-39.80953, 107.73583, 1.0832], "size": [8.36177, 2.82747, 8.78222], "pivot": [-39.80953, 86.33897, 1.0832], "rotation": [-90, 0, -45], "uv": [160, 389]},
						{"origin": [-31.11307, -3.79405, -30.82572], "size": [8.36177, 2.82747, 8.78222], "pivot": [76.82538, -14.32134, 11.95277], "rotation": [-90, 0, 45], "uv": [261, 387]},
						{"origin": [116.92422, 81.74779, -119.18692], "size": [8.36177, 2.82747, 8.78222], "pivot": [121.10511, 72.4631, 13.19536], "rotation": [-90, 0, -45], "uv": [382, 234]}
					]
				},
				{
					"name": "frontcover",
					"parent": "bodymain",
					"pivot": [3.01558, 126.24935, -28.10553],
					"cubes": [
						{"origin": [-33.59956, 138.62707, -69.70553], "size": [64.05259, 2.82747, 18.55254], "pivot": [3.01558, 126.24935, -26.92704], "rotation": [-90, 0, 0], "uv": [273, 78]},
						{"origin": [-33.59956, 137.65004, 2.59483], "size": [64.05259, 2.82747, 15.62144], "pivot": [3.01558, 125.27231, -26.92704], "rotation": [-90, 0, 0], "uv": [0, 54]},
						{"origin": [-18.94409, 138.62707, -5.22142], "size": [47.44305, 2.82747, 6.82815], "pivot": [3.01558, 126.24935, -26.92704], "rotation": [-90, 0, -92.5], "uv": [275, 65]},
						{"origin": [-24.80628, 138.62707, -62.8663], "size": [48.42008, 2.82747, 5.85112], "pivot": [3.01558, 126.24935, -26.92704], "rotation": [-90, 0, -82.5], "uv": [177, 156]},
						{"origin": [-15.42163, 125.58825, -49.71693], "size": [35.71866, 2.82747, 8.78222], "pivot": [-2.93598, 126.07677, -14.0608], "rotation": [-90, 0, -172.5], "uv": [304, 232]},
						{"origin": [-5.84295, 127.49554, -49.71693], "size": [35.71866, 2.82747, 8.78222], "pivot": [6.64271, 127.98406, -14.0608], "rotation": [-90, 0, 165], "uv": [216, 248]},
						{"origin": [-39.80953, 132.4171, -69.70553], "size": [10.31583, 2.82747, 76.19742], "pivot": [-3.19439, 120.03939, -26.92704], "rotation": [-90, 0, 0], "uv": [177, 78]},
						{"origin": [25.37013, 132.4171, -69.70553], "size": [11.29286, 2.82747, 76.19742], "pivot": [3.36335, 120.03939, -26.92704], "rotation": [-90, 0, 0], "uv": [177, 0]},
						{"origin": [-95.46297, 74.83259, -69.70553], "size": [8.36177, 2.82747, 8.78222], "pivot": [12.4755, 62.45486, -26.92704], "rotation": [-90, 0, 45], "uv": [330, 379]},
						{"origin": [-39.80953, 109.58627, -37.79661], "size": [8.36177, 2.82747, 8.78222], "pivot": [-39.80953, 86.33897, -37.79661], "rotation": [-90, 0, -45], "uv": [379, 98]},
						{"origin": [-31.11307, -1.94362, -69.70553], "size": [8.36177, 2.82747, 8.78222], "pivot": [76.82538, -14.32134, -26.92704], "rotation": [-90, 0, 45], "uv": [72, 368]},
						{"origin": [116.92422, 83.59823, -158.06673], "size": [8.36177, 2.82747, 8.78222], "pivot": [121.10511, 72.4631, -25.68445], "rotation": [-90, 0, -45], "uv": [72, 358]}
					]
				},
				{
					"name": "sides",
					"parent": "bodymain",
					"pivot": [3.01558, 126.24935, 3.15949],
					"cubes": [
						{"origin": [-33.59956, 148.6109, 5.764], "size": [64.05259, 36.15596, 0.97703], "pivot": [-1.57326, 168.53933, 6.25251], "rotation": [-90, 0, 0], "uv": [316, 284]},
						{"origin": [-39.11398, 102.33058, -21.15902], "size": [75.77697, 36.15596, 0.97703], "pivot": [9.22554, 128.83267, 12.82618], "rotation": [-90, 0, 0], "uv": [0, 260]},
						{"origin": [-33.59956, 96.82724, 55.04946], "size": [64.05259, 36.15596, 0.97703], "pivot": [3.01558, 123.32932, 12.82618], "rotation": [-90, 0, 0], "uv": [316, 248]},
						{"origin": [-39.80953, 93.53729, -29.95231], "size": [0.97703, 36.15596, 76.19742], "pivot": [-3.19439, 120.03939, 12.82618], "rotation": [-90, 0, 0], "uv": [0, 36]},
						{"origin": [35.68596, 93.25581, -29.95231], "size": [0.97703, 36.15596, 76.19742], "pivot": [3.36335, 119.7579, 12.82618], "rotation": [-90, 0, 0], "uv": [0, 0]},
						{"origin": [-95.46297, 35.95278, -29.95231], "size": [0.97703, 36.15596, 8.78222], "pivot": [12.4755, 62.45486, 12.82618], "rotation": [-90, 0, 45], "uv": [396, 465]},
						{"origin": [-39.80953, 70.70646, 1.9566], "size": [0.97703, 36.15596, 8.78222], "pivot": [-39.80953, 86.33897, 1.9566], "rotation": [-90, 0, -45], "uv": [455, 463]},
						{"origin": [-23.72833, -40.82342, -29.95231], "size": [0.97703, 36.15596, 8.78222], "pivot": [76.82538, -14.32134, 12.82618], "rotation": [-90, 0, 45], "uv": [50, 435]},
						{"origin": [124.30897, 44.71842, -118.31351], "size": [0.97703, 36.15596, 8.78222], "pivot": [121.10511, 72.4631, 14.06877], "rotation": [-90, 0, -45], "uv": [286, 252]}
					]
				},
				{
					"name": "engine",
					"parent": "bodymain",
					"pivot": [0, 0, 0]
				},
				{
					"name": "mechanism",
					"parent": "engine",
					"pivot": [-1.26232, 122.80055, 10.2049],
					"cubes": [
						{"origin": [-38.80614, 138.42681, 15.22763], "size": [74.66243, 2.23232, 2.23232], "uv": [0, 71]},
						{"origin": [-3.58766, 109.96469, 4.6241], "size": [5.02272, 51.34341, 5.02272], "uv": [118, 436]},
						{"origin": [0.28523, 139.14078, -8.07732], "size": [3.06866, 12.26214, 3.06866], "pivot": [1.81956, 145.27185, -6.54299], "rotation": [0, 0, -25], "uv": [290, 308]},
						{"origin": [7.69083, 131.73518, -8.07732], "size": [3.06866, 12.26214, 3.06866], "pivot": [9.22516, 137.86625, -6.54299], "rotation": [0, 0, -65], "uv": [258, 287]},
						{"origin": [18.84049, 118.97732, -8.07732], "size": [3.06866, 22.03246, 3.06866], "pivot": [20.37483, 134.87871, -6.54299], "rotation": [0, 0, -85], "uv": [304, 170]},
						{"origin": [-1.6336, 150.023, -8.07732], "size": [3.06866, 12.26214, 3.06866], "pivot": [-0.09927, 156.15407, -6.54299], "rotation": [0, 0, 5], "uv": [273, 78]},
						{"origin": [-23.1283, 147.0919, -8.07732], "size": [3.06866, 13.23918, 3.06866], "pivot": [-0.09927, 156.15407, -6.54299], "rotation": [0, 0, 5], "uv": [206, 128]},
						{"origin": [-31.66062, 117.15699, -8.07732], "size": [3.06866, 13.23918, 3.06866], "pivot": [7.00092, 126.21916, -6.54299], "rotation": [0, 0, 32.5], "uv": [177, 128]},
						{"origin": [-56.78669, 96.11013, -8.07732], "size": [3.06866, 11.28511, 3.06866], "pivot": [-18.12514, 103.21824, -6.54299], "rotation": [0, 0, 67.5], "uv": [106, 335]},
						{"origin": [-38.96037, 144.25064, 0.71596], "size": [3.06866, 8.35402, 3.06866], "pivot": [-37.42605, 145.98506, 2.2503], "rotation": [0, 0, 95], "uv": [349, 0]},
						{"origin": [-28.44147, 136.65465, 0.71596], "size": [3.06866, 11.28511, 3.06866], "pivot": [-26.90714, 138.38907, 2.2503], "rotation": [0, 0, 172.5], "uv": [311, 326]},
						{"origin": [-27.42124, 125.86663, 0.71596], "size": [3.06866, 8.35402, 3.06866], "pivot": [-25.88691, 127.60106, 2.2503], "rotation": [0, 0, -172.5], "uv": [118, 335]},
						{"origin": [-25.28035, 183.16373, -10.06856], "size": [3.06866, 7.37699, 3.06866], "pivot": [-23.74601, 143.86282, 21.75376], "rotation": [-12.5, 0, -172.5], "uv": [0, 358]},
						{"origin": [134.32874, 87.4165, -3.32658], "size": [3.06866, 5.42292, 3.06866], "pivot": [52.81536, 89.15092, -1.79225], "rotation": [-62.5, 0, -172.5], "uv": [354, 161]},
						{"origin": [-31.14836, 96.57934, -5.37366], "size": [3.06866, 5.42292, 3.06866], "pivot": [-29.61403, 99.29081, -3.83933], "rotation": [-127.5, 0, -172.5], "uv": [349, 22]},
						{"origin": [-27.42124, 162.99384, 0.71596], "size": [3.06866, 11.28511, 3.06866], "pivot": [-25.88691, 127.60106, 2.2503], "rotation": [0, 0, -172.5], "uv": [299, 326]},
						{"origin": [-32.39367, 142.89214, 0.71596], "size": [3.06866, 8.35402, 3.06866], "pivot": [-30.85934, 144.62657, 2.2503], "rotation": [0, 0, 142.5], "uv": [292, 0]},
						{"origin": [11.06782, 143.18378, -11.98545], "size": [3.06866, 19.10137, 3.06866], "uv": [170, 322]},
						{"origin": [13.02188, 80.65374, -11.98545], "size": [3.06866, 12.26214, 3.06866], "pivot": [12.60215, 90.20441, -10.45111], "rotation": [0, -10, 0], "uv": [0, 230]},
						{"origin": [18.14024, 91.64567, -11.08294], "size": [3.06866, 7.37699, 3.06866], "pivot": [17.7205, 101.19636, -9.54861], "rotation": [-5.41207, -8.42145, 32.89875], "uv": [357, 112]},
						{"origin": [25.68833, 94.00358, -9.75201], "size": [3.06866, 7.37699, 3.06866], "pivot": [25.2686, 103.55425, -8.21768], "rotation": [-9.07947, -4.20854, 65.33431], "uv": [30, 0]},
						{"origin": [33.25668, 93.95505, -8.4175], "size": [3.06866, 12.26214, 3.06866], "pivot": [32.83695, 103.50574, -6.88318], "rotation": [-9.96271, -0.86717, 85.07558], "uv": [0, 54]},
						{"origin": [11.45351, 126.55196, -11.98545], "size": [3.06866, 15.19324, 3.06866], "pivot": [0.28642, 139.52226, -6.54299], "rotation": [0, 0, -7.5], "uv": [94, 0]},
						{"origin": [21.99829, 95.18921, -11.98545], "size": [3.06866, 23.98652, 3.06866], "pivot": [10.83121, 116.95279, -6.54299], "rotation": [0, 0, -67.5], "uv": [12, 296]},
						{"origin": [-26.82729, 106.751, 4.6241], "size": [5.02272, 36.83332, 5.02272], "pivot": [-0.35094, 124.44231, 8.22062], "rotation": [0, 0, -90], "uv": [435, 471]},
						{"origin": [9.44795, 112.88989, 11.04202], "size": [10.60353, 24.55554, 10.60353], "pivot": [-0.35094, 124.44231, 8.22062], "rotation": [0, 0, -90], "uv": [0, 0]},
						{"origin": [-5.2619, 80.52555, 2.39178], "size": [8.92929, 26.64874, 8.92929], "uv": [50, 170]}
					]
				},
				{
					"name": "hexadecagon3",
					"parent": "mechanism",
					"pivot": [-22.11594, 102.15156, 7.97258],
					"rotation": [0, 0, -180],
					"cubes": [
						{"origin": [-24.50396, 93.96362, 14.58442], "size": [4.77606, 3.66904, 18.44549], "pivot": [-43.88093, 79.86082, 8.22062], "rotation": [45, 0, 0], "uv": [467, 52]},
						{"origin": [-24.50396, 98.71518, 7.29901], "size": [4.77606, 3.66904, 18.44549], "pivot": [-43.88093, 79.86082, 8.22062], "rotation": [22.5, 0, 0], "uv": [467, 31]},
						{"origin": [-24.50396, 100.31705, -1.25017], "size": [4.77606, 3.66904, 18.44549], "uv": [465, 3]},
						{"origin": [-24.50396, 98.52534, -9.76158], "size": [4.77606, 3.66904, 18.44549], "pivot": [-43.88093, 79.86082, 8.22062], "rotation": [-22.5, 0, 0], "uv": [460, 296]},
						{"origin": [-24.50396, 93.61285, -16.93944], "size": [4.77606, 3.66904, 18.44549], "pivot": [-43.88093, 79.86082, 8.22062], "rotation": [-45, 0, 0], "uv": [460, 275]},
						{"origin": [-24.50396, 91.32696, 14.68724], "size": [4.77606, 18.44549, 3.66904], "pivot": [-43.88093, 79.86082, 8.22062], "rotation": [22.5, 0, 0], "uv": [316, 170]},
						{"origin": [-24.50396, 92.92882, 6.13806], "size": [4.77606, 18.44549, 3.66904], "uv": [76, 296]},
						{"origin": [-24.50396, 91.13712, -2.37336], "size": [4.77606, 18.44549, 3.66904], "pivot": [-43.88093, 79.86082, 8.22062], "rotation": [-22.5, 0, 0], "uv": [270, 170]}
					]
				},
				{
					"name": "hexadecagon5",
					"parent": "mechanism",
					"pivot": [-17.23234, 156.94273, 7.97258],
					"rotation": [0, 90, -90],
					"cubes": [
						{"origin": [-19.67423, 126.16409, 1.36432], "size": [4.88378, 3.75179, 18.86151], "pivot": [-17.48037, 139.08429, -25.50488], "rotation": [45, 0, 0], "uv": [248, 460]},
						{"origin": [-19.67423, 140.89617, 2.82763], "size": [4.88378, 3.75179, 18.86151], "pivot": [-17.48037, 139.08429, -25.50488], "rotation": [22.5, 0, 0], "uv": [222, 457]},
						{"origin": [-19.67423, 155.06684, -1.45818], "size": [4.88378, 3.75179, 18.86151], "uv": [396, 452]},
						{"origin": [-19.67423, 166.51871, -10.84062], "size": [4.88378, 3.75179, 18.86151], "pivot": [-17.48037, 139.08429, -25.50488], "rotation": [-22.5, 0, 0], "uv": [447, 87]},
						{"origin": [-19.67423, 173.50835, -23.89132], "size": [4.88378, 3.75179, 18.86151], "pivot": [-17.48037, 139.08429, -25.50488], "rotation": [-45, 0, 0], "uv": [439, 0]},
						{"origin": [-19.67423, 133.34131, 10.38249], "size": [4.88378, 18.86151, 3.75179], "pivot": [-17.48037, 139.08429, -25.50488], "rotation": [22.5, 0, 0], "uv": [263, 260]},
						{"origin": [-19.67423, 147.51196, 6.09668], "size": [4.88378, 18.86151, 3.75179], "uv": [228, 260]},
						{"origin": [-19.67423, 158.96385, -3.28576], "size": [4.88378, 18.86151, 3.75179], "pivot": [-17.48037, 139.08429, -25.50488], "rotation": [-22.5, 0, 0], "uv": [233, 128]}
					]
				},
				{
					"name": "hexadecagon7",
					"parent": "mechanism",
					"pivot": [14.13086, 156.94273, 7.97258],
					"rotation": [0, 90, -90],
					"cubes": [
						{"origin": [11.68897, 126.16409, 1.36432], "size": [4.88378, 3.75179, 18.86151], "pivot": [13.88283, 139.08429, -25.50488], "rotation": [45, 0, 0], "uv": [278, 419]},
						{"origin": [11.68897, 140.89617, 2.82763], "size": [4.88378, 3.75179, 18.86151], "pivot": [13.88283, 139.08429, -25.50488], "rotation": [22.5, 0, 0], "uv": [391, 49]},
						{"origin": [11.68897, 155.06684, -1.45818], "size": [4.88378, 3.75179, 18.86151], "uv": [134, 389]},
						{"origin": [11.68897, 166.51871, -10.84062], "size": [4.88378, 3.75179, 18.86151], "pivot": [13.88283, 139.08429, -25.50488], "rotation": [-22.5, 0, 0], "uv": [258, 287]},
						{"origin": [11.68897, 173.50835, -23.89132], "size": [4.88378, 3.75179, 18.86151], "pivot": [13.88283, 139.08429, -25.50488], "rotation": [-45, 0, 0], "uv": [207, 132]},
						{"origin": [11.68897, 133.34131, 10.38249], "size": [4.88378, 18.86151, 3.75179], "pivot": [13.88283, 139.08429, -25.50488], "rotation": [22.5, 0, 0], "uv": [231, 78]},
						{"origin": [11.68897, 147.51196, 6.09668], "size": [4.88378, 18.86151, 3.75179], "uv": [231, 0]},
						{"origin": [11.68897, 158.96385, -3.28576], "size": [4.88378, 18.86151, 3.75179], "pivot": [13.88283, 139.08429, -25.50488], "rotation": [-22.5, 0, 0], "uv": [216, 215]}
					]
				},
				{
					"name": "hexadecagon4",
					"parent": "mechanism",
					"pivot": [20.29819, 102.15156, 7.97258],
					"rotation": [0, 0, -180],
					"cubes": [
						{"origin": [17.19374, 93.41327, 11.8176], "size": [6.20888, 4.76974, 23.97912], "pivot": [40.94732, 79.86082, 8.22062], "rotation": [45, 0, 0], "uv": [264, 326]},
						{"origin": [17.19374, 98.16483, 4.53219], "size": [6.20888, 4.76974, 23.97912], "pivot": [40.94732, 79.86082, 8.22062], "rotation": [22.5, 0, 0], "uv": [170, 322]},
						{"origin": [17.19374, 99.76669, -4.01698], "size": [6.20888, 4.76974, 23.97912], "uv": [76, 296]},
						{"origin": [17.19374, 97.97499, -12.5284], "size": [6.20888, 4.76974, 23.97912], "pivot": [40.94732, 79.86082, 8.22062], "rotation": [-22.5, 0, 0], "uv": [228, 260]},
						{"origin": [17.19374, 93.06249, -19.70627], "size": [6.20888, 4.76974, 23.97912], "pivot": [40.94732, 79.86082, 8.22062], "rotation": [-45, 0, 0], "uv": [216, 215]},
						{"origin": [17.19374, 88.56013, 14.13689], "size": [6.20888, 23.97912, 4.76974], "pivot": [40.94732, 79.86082, 8.22062], "rotation": [22.5, 0, 0], "uv": [273, 98]},
						{"origin": [17.19374, 90.162, 5.58771], "size": [6.20888, 23.97912, 4.76974], "uv": [150, 260]},
						{"origin": [17.19374, 88.37029, -2.92371], "size": [6.20888, 23.97912, 4.76974], "pivot": [40.94732, 79.86082, 8.22062], "rotation": [-22.5, 0, 0], "uv": [143, 42]}
					]
				},
				{
					"name": "bone13",
					"parent": "mechanism",
					"pivot": [-1.07631, 127.26519, 7.4145],
					"cubes": [
						{"origin": [-6.37807, 120.56822, 2.11273], "size": [10.60353, 13.39393, 10.60353], "uv": [251, 215]}
					]
				},
				{
					"name": "hexadecagon",
					"parent": "bone13",
					"pivot": [-0.35079, 116.66166, 7.97258],
					"rotation": [0, 0, -90],
					"cubes": [
						{"origin": [-4.49399, 113.65423, -7.95616], "size": [8.28638, 6.3657, 32.00257], "pivot": [7.42986, 116.66181, 8.22062], "rotation": [45, 0, 0], "uv": [422, 369]},
						{"origin": [-4.49399, 113.57373, -8.00989], "size": [8.28638, 6.3657, 32.00257], "pivot": [7.42986, 116.66181, 8.22062], "rotation": [22.5, 0, 0], "uv": [230, 419]},
						{"origin": [-4.49399, 113.47881, -8.0287], "size": [8.28638, 6.3657, 32.00257], "uv": [419, 49]},
						{"origin": [-4.49399, 113.3839, -8.00977], "size": [8.28638, 6.3657, 32.00257], "pivot": [7.42986, 116.66181, 8.22062], "rotation": [-22.5, 0, 0], "uv": [382, 414]},
						{"origin": [-4.49399, 113.30346, -7.95595], "size": [8.28638, 6.3657, 32.00257], "pivot": [7.42986, 116.66181, 8.22062], "rotation": [-45, 0, 0], "uv": [412, 288]},
						{"origin": [-4.49399, 100.7553, 4.80855], "size": [8.28638, 32.00257, 6.3657], "pivot": [7.42986, 116.66181, 8.22062], "rotation": [22.5, 0, 0], "uv": [194, 449]},
						{"origin": [-4.49399, 100.66037, 4.78972], "size": [8.28638, 32.00257, 6.3657], "uv": [166, 449]},
						{"origin": [-4.49399, 100.56546, 4.80866], "size": [8.28638, 32.00257, 6.3657], "pivot": [7.42986, 116.66181, 8.22062], "rotation": [-22.5, 0, 0], "uv": [138, 449]}
					]
				},
				{
					"name": "hexadecagon2",
					"parent": "bone13",
					"pivot": [-0.35079, 111.08085, 7.97258],
					"rotation": [0, 0, -90],
					"cubes": [
						{"origin": [-2.86235, 109.32688, -1.65466], "size": [5.0231, 3.85881, 19.39956], "pivot": [13.01066, 111.081, 8.22062], "rotation": [45, 0, 0], "uv": [232, 387]},
						{"origin": [-2.86235, 109.24638, -1.70837], "size": [5.0231, 3.85881, 19.39956], "pivot": [13.01066, 111.081, 8.22062], "rotation": [22.5, 0, 0], "uv": [362, 326]},
						{"origin": [-2.86235, 109.15144, -1.7272], "size": [5.0231, 3.85881, 19.39956], "uv": [362, 54]},
						{"origin": [-2.86235, 109.05654, -1.70826], "size": [5.0231, 3.85881, 19.39956], "pivot": [13.01066, 111.081, 8.22062], "rotation": [-22.5, 0, 0], "uv": [349, 0]},
						{"origin": [-2.86235, 108.9761, -1.65445], "size": [5.0231, 3.85881, 19.39956], "pivot": [13.01066, 111.081, 8.22062], "rotation": [-45, 0, 0], "uv": [177, 128]},
						{"origin": [-2.86235, 101.476, 6.06199], "size": [5.0231, 19.39956, 3.85881], "pivot": [13.01066, 111.081, 8.22062], "rotation": [22.5, 0, 0], "uv": [216, 170]},
						{"origin": [-2.86235, 101.38107, 6.04318], "size": [5.0231, 19.39956, 3.85881], "uv": [177, 78]},
						{"origin": [-2.86235, 101.28616, 6.06211], "size": [5.0231, 19.39956, 3.85881], "pivot": [13.01066, 111.081, 8.22062], "rotation": [-22.5, 0, 0], "uv": [177, 0]}
					]
				},
				{
					"name": "head_structure",
					"parent": "upper",
					"pivot": [-2, 169, 5]
				},
				{
					"name": "head",
					"parent": "head_structure",
					"pivot": [-1.02296, 192.94083, 4.55382],
					"cubes": [
						{"origin": [-80.60439, 114.2507, -10.65818], "size": [0, 12.27746, 30.41705], "pivot": [7.29641, 118.39848, 4.55034], "rotation": [0, 0, 67.5], "uv": [94, 0]},
						{"origin": [49.51979, 174.41075, -10.65818], "size": [17.60159, 31.49958, 30.41705], "pivot": [38.22146, 148.38694, 4.55034], "rotation": [0, 0, -67.5], "uv": [200, 326]},
						{"origin": [49.5232, 177.63081, -10.65818], "size": [17.60159, 37.36177, 30.41705], "pivot": [38.22485, 157.4692, 4.55034], "rotation": [0, 0, -90], "uv": [106, 322]},
						{"origin": [22.7326, 213.01138, -10.65818], "size": [23.20901, 30.46748, 30.41705], "pivot": [42.20804, 200.66125, 4.55034], "rotation": [0, 0, -75], "uv": [304, 170]},
						{"origin": [54.77093, 207.58887, -10.65818], "size": [24.70425, 32.33517, 30.41705], "pivot": [43.07318, 195.23872, 4.55034], "rotation": [0, 0, -87.5], "uv": [150, 260]},
						{"origin": [10.2964, 221.2198, -10.65818], "size": [17.86503, 6.60667, 30.41705], "pivot": [15.8093, 237.38738, 4.55034], "rotation": [0, 0, -150], "uv": [380, 161]},
						{"origin": [-5.61833, 230.26046, -10.65818], "size": [16.888, 6.44383, 30.41705], "pivot": [12.59598, 246.42804, 4.55034], "rotation": [0, 0, -102.5], "uv": [170, 387]},
						{"origin": [6.07815, 107.98597, -10.65818], "size": [27.63534, 25.65879, 30.41705], "pivot": [9.63699, 182.77547, 4.55034], "rotation": [0, 0, -180], "uv": [273, 98]},
						{"origin": [10.96096, 231.50147, -10.65818], "size": [15.42244, 19.54063, 30.41705], "pivot": [17.6975, 240.70594, 4.55033], "rotation": [0, 0, 112.5], "uv": [379, 0]},
						{"origin": [-7.60029, 256.49482, -0.88786], "size": [12.97987, 4.00125, 10.87641], "uv": [82, 148]},
						{"origin": [-2.71513, 254.54075, 3.41962], "size": [3.20955, 23.54188, 3.06015], "pivot": [-1.11036, 259.96098, 4.46117], "rotation": [-9.85108, -1.72794, -9.85108], "uv": [0, 296]},
						{"origin": [-5.88521, 272.72158, 16.15072], "size": [3.20955, 18.65672, 3.06015], "pivot": [-4.28043, 272.27962, 17.19228], "rotation": [-16.6044, -5.39132, -21.82746], "uv": [264, 326]},
						{"origin": [-5.8863, 249.16935, 11.39431], "size": [3.20955, 13.77157, 3.06015], "pivot": [-4.28153, 265.33694, 0.71149], "rotation": [75, 0, 0], "uv": [177, 50]},
						{"origin": [-12.96005, 256.79367, 36.57622], "size": [3.20955, 10.84047, 3.06015], "pivot": [-11.35527, 270.03017, 21.00823], "rotation": [95, -10, 0], "uv": [149, 145]},
						{"origin": [-13.87799, 257.75212, 30.46438], "size": [5.16361, 3.90813, 4.03719], "pivot": [-10.31915, 274.89674, 20.75859], "rotation": [95, -10, 0], "uv": [283, 156]},
						{"origin": [13.37887, 114.79309, -10.65818], "size": [18.84206, 10.35196, 30.41705], "pivot": [16.93771, 189.58259, 4.55034], "rotation": [0, 0, 152.5], "uv": [264, 379]},
						{"origin": [13.37887, 124.15721, -10.65818], "size": [18.84206, 2.59213, 30.41705], "pivot": [16.93771, 189.58259, 4.55034], "rotation": [0, 0, 152.5], "uv": [380, 200]},
						{"origin": [-35.41324, 230.69658, -10.65818], "size": [16.888, 22.89053, 30.41705], "pivot": [-25.99221, 238.07088, 4.55033], "rotation": [0, 0, 102.5], "uv": [362, 349]},
						{"origin": [-36.45066, 215.9123, -10.65818], "size": [22.75019, 35.26626, 30.41705], "pivot": [-27.02963, 223.2866, 4.55033], "rotation": [0, 0, 87.5], "uv": [275, 0]},
						{"origin": [-24.98528, 206.40764, -10.65818], "size": [23.72722, 32.33517, 30.41705], "pivot": [-27.28864, 213.78194, 4.55033], "rotation": [0, 0, 75], "uv": [0, 296]},
						{"origin": [-19.66115, 184.5595, -10.65818], "size": [19.81909, 23.54188, 30.41705], "pivot": [-21.9645, 191.93379, 4.55033], "rotation": [0, 0, 65], "uv": [294, 326]}
					]
				},
				{
					"name": "face_structure",
					"parent": "head",
					"pivot": [0, -51.19007, 0]
				},
				{
					"name": "eyes",
					"parent": "face_structure",
					"pivot": [0, -51.19007, 0]
				},
				{
					"name": "eye2",
					"parent": "eyes",
					"pivot": [7.17654, 228.17696, -10.63341],
					"rotation": [10.07564, -7.41875, 43.90686],
					"cubes": [
						{"origin": [2.80648, 229.39968, -28.49636], "size": [6.83922, 6.41527, 3.06015], "pivot": [6.0782, 233.58435, -26.96628], "rotation": [0, 0, -41], "uv": [210, 50]},
						{"origin": [6.66502, 230.2763, -24.8683], "size": [4.88516, 1.53011, 1.10609], "pivot": [8.29526, 228.21973, -27.24635], "rotation": [0, -50, 39], "uv": [108, 26]},
						{"origin": [3.15227, 230.45343, -18.48366], "size": [4.88516, 1.53011, 1.10609], "pivot": [4.78251, 228.39686, -18.90765], "rotation": [0, -25, 39], "uv": [103, 0]},
						{"origin": [1.71805, 225.66935, -22.87404], "size": [3.90813, 1.53011, 1.10609], "pivot": [7.58024, 226.43442, -22.32099], "rotation": [0, 20, 39], "uv": [105, 17]},
						{"origin": [-2.05716, 226.22021, -10.38757], "size": [6.83922, 1.53011, 1.10609], "pivot": [6.73613, 226.98527, -9.83452], "rotation": [0, 22.5, 39], "uv": [94, 26]},
						{"origin": [3.5883, 230.09925, -19.1897], "size": [4.88516, 1.53011, 1.10609], "pivot": [5.05386, 230.86432, -18.63665], "rotation": [8.89593, 32.51394, 131.28753], "uv": [0, 8]},
						{"origin": [4.84423, 233.77327, -24.2267], "size": [4.88516, 1.53011, 1.10609], "pivot": [6.47447, 231.7167, -24.65069], "rotation": [-20.88852, -16.41371, 135.15491], "uv": [0, 6]},
						{"origin": [4.5036, 231.20453, -16.99272], "size": [5.86219, 1.53011, 1.10609], "pivot": [6.13384, 229.14796, -17.41672], "rotation": [-22.30998, -25.71543, 139.09541], "uv": [106, 28]},
						{"origin": [1.15923, 229.25584, -13.22122], "size": [5.86219, 1.53011, 1.10609], "pivot": [2.78947, 227.19926, -13.64522], "rotation": [-120.73838, -66.55151, -108.04902], "uv": [94, 28]},
						{"origin": [5.5674, 224.52065, -28.49636], "size": [5.86219, 7.3923, 3.06015], "pivot": [7.86209, 232.61344, -26.96628], "rotation": [0, 0, -12.5], "uv": [133, 296]},
						{"origin": [8.32253, 223.3555, -28.49636], "size": [5.86219, 4.46121, 3.06015], "pivot": [9.64018, 228.5172, -26.96628], "rotation": [0, 0, 32.5], "uv": [205, 334]},
						{"origin": [12.31932, 223.02225, -28.49636], "size": [5.86219, 4.46121, 3.06015], "pivot": [11.68292, 228.18395, -26.96628], "rotation": [0, 0, 92.5], "uv": [120, 323]},
						{"origin": [0.13515, 221.11988, -28.49636], "size": [7.81625, 4.46121, 3.06015], "pivot": [7.95141, 223.35048, -26.96628], "rotation": [0, 0, 50], "uv": [20, 34]},
						{"origin": [-8.45637, 212.24745, -28.49636], "size": [6.83922, 4.46121, 3.06015], "pivot": [9.1302, 218.38618, -26.96628], "rotation": [0, 0, 80], "uv": [271, 239]},
						{"origin": [-0.72095, 232.33008, -28.49636], "size": [4.88516, 4.46121, 3.06015], "pivot": [2.69866, 234.56069, -26.96628], "rotation": [0, 0, 125], "uv": [349, 11]},
						{"origin": [2.01426, 233.52893, -28.49636], "size": [4.88516, 4.59205, 3.06015], "pivot": [4.45683, 235.75953, -26.96628], "rotation": [0, 0, 103], "uv": [299, 340]}
					]
				},
				{
					"name": "eye",
					"parent": "eyes",
					"pivot": [0, -51.19007, 0],
					"cubes": [
						{"origin": [-15.58745, 224.11969, -12.61225], "size": [6.83922, 6.41527, 3.06015], "pivot": [-12.31573, 228.30436, -11.08218], "rotation": [0, 0, -41], "uv": [116, 148]},
						{"origin": [-12.82653, 219.24065, -12.61225], "size": [5.86219, 7.3923, 3.06015], "pivot": [-10.53184, 227.33345, -11.08218], "rotation": [0, 0, -12.5], "uv": [210, 59]},
						{"origin": [-10.07141, 218.07551, -12.61225], "size": [5.86219, 4.46121, 3.06015], "pivot": [-8.75374, 223.2372, -11.08218], "rotation": [0, 0, 32.5], "uv": [317, 156]},
						{"origin": [-6.07461, 217.74225, -12.61225], "size": [5.86219, 4.46121, 3.06015], "pivot": [-6.71101, 222.90395, -11.08218], "rotation": [0, 0, 92.5], "uv": [301, 156]},
						{"origin": [-18.25878, 215.83989, -12.61225], "size": [7.81625, 4.46121, 3.06015], "pivot": [-10.44252, 218.07049, -11.08218], "rotation": [0, 0, 50], "uv": [0, 34]},
						{"origin": [-26.8503, 206.96746, -12.61225], "size": [6.83922, 4.46121, 3.06015], "pivot": [-9.26373, 213.10619, -11.08218], "rotation": [0, 0, 80], "uv": [143, 11]},
						{"origin": [-19.11488, 227.05008, -12.61225], "size": [4.88516, 4.46121, 3.06015], "pivot": [-15.69527, 229.28069, -11.08218], "rotation": [0, 0, 125], "uv": [340, 161]},
						{"origin": [-16.37967, 228.24894, -12.61225], "size": [4.88516, 4.59205, 3.06015], "pivot": [-13.93709, 230.47954, -11.08218], "rotation": [0, 0, 103], "uv": [74, 170]}
					]
				},
				{
					"name": "mouth",
					"parent": "face_structure",
					"pivot": [0, -51.19007, 0],
					"cubes": [
						{"origin": [8.79524, 177.44328, -11.63521], "size": [1.44876, 25.10972, 3.06015], "uv": [152, 113]},
						{"origin": [-0.10229, 177.44328, -11.63521], "size": [4.44876, 25.10972, 3.06015], "uv": [74, 213]},
						{"origin": [-4.55105, 177.44328, -11.63521], "size": [4.44876, 25.10972, 3.06015], "uv": [74, 213]},
						{"origin": [-8.99982, 177.44328, -11.63521], "size": [4.44876, 25.10972, 3.06015], "uv": [74, 213]},
						{"origin": [-13.44858, 177.44328, -11.63521], "size": [4.44876, 25.10972, 3.06015], "uv": [74, 213]},
						{"origin": [4.34647, 177.44328, -11.63521], "size": [4.44876, 25.10972, 3.06015], "uv": [74, 213]}
					]
				},
				{
					"name": "lower",
					"parent": "main",
					"pivot": [0, 0, 0]
				},
				{
					"name": "leftLeg",
					"parent": "lower",
					"pivot": [-17.09806, 81.48227, 5.37367],
					"cubes": [
						{"origin": [-25.40283, 52.06266, -5.86219], "size": [16.60954, 28.33392, 22.47173], "uv": [177, 78]},
						{"origin": [-28.33392, 36.43014, -8.79329], "size": [22.47173, 16.60954, 28.33392], "uv": [0, 358]}
					]
				},
				{
					"name": "bone",
					"parent": "leftLeg",
					"pivot": [-17.09806, 36.69067, 6.61812],
					"cubes": [
						{"origin": [-25.40283, 12.98138, -5.86219], "size": [16.60954, 23.44876, 22.47173], "uv": [338, 401]},
						{"origin": [-18.5636, 13.95841, -10.74735], "size": [2.9311, 4.88516, 2.9311], "pivot": [-17.09806, 15.42397, -7.32774], "rotation": [-67.5, 0, 0], "uv": [154, 26]},
						{"origin": [-18.5636, 12.47819, -10.81155], "size": [2.9311, 4.88516, 5.86219], "pivot": [-17.09806, 13.94374, -7.39195], "rotation": [-12.5, 0, 0], "uv": [311, 191]}
					]
				},
				{
					"name": "bone2",
					"parent": "bone",
					"pivot": [-17.09806, 12.49287, 6.35071],
					"cubes": [
						{"origin": [-30.04594, 0.27997, -21.4947], "size": [26.37986, 12.70141, 42.01237], "uv": [0, 0]}
					]
				},
				{
					"name": "rightLeg",
					"parent": "lower",
					"pivot": [15.14399, 81.48227, 5.37367],
					"cubes": [
						{"origin": [6.83922, 52.06266, -5.86219], "size": [16.60954, 28.33392, 22.47173], "uv": [177, 0]},
						{"origin": [3.90813, 36.43014, -8.79329], "size": [22.47173, 16.60954, 28.33392], "uv": [0, 358]}
					]
				},
				{
					"name": "bone3",
					"parent": "rightLeg",
					"pivot": [15.144, 36.69067, 6.61812],
					"cubes": [
						{"origin": [6.83922, 12.98138, -5.86219], "size": [16.60954, 23.44876, 22.47173], "uv": [216, 170]},
						{"origin": [13.67844, 13.95841, -10.74735], "size": [2.9311, 4.88516, 2.9311], "pivot": [15.144, 15.42397, -7.32774], "rotation": [-67.5, 0, 0], "uv": [82, 148]},
						{"origin": [13.67844, 12.47819, -10.81155], "size": [2.9311, 4.88516, 5.86219], "pivot": [15.144, 13.94374, -7.39195], "rotation": [-12.5, 0, 0], "uv": [290, 15]}
					]
				},
				{
					"name": "bone9",
					"parent": "bone3",
					"pivot": [15.144, 12.49287, 6.35071],
					"cubes": [
						{"origin": [1.95406, 0.27997, -21.4947], "size": [26.37986, 12.70141, 42.01237], "uv": [0, 0]}
					]
				}
			]
		}
	]
}