{
	"format_version": "1.12.0",
	"minecraft:geometry": [
		{
			"description": {
				"identifier": "geometry.minirod_chef",
				"texture_width": 512,
				"texture_height": 512,
				"visible_bounds_width": 11,
				"visible_bounds_height": 20,
				"visible_bounds_offset": [0, 6, 0]
			},
			"bones": [
				{
					"name": "minirodBase",
					"pivot": [0, 0, 0]
				},
				{
					"name": "rod",
					"parent": "minirodBase",
					"pivot": [0, -124.4, 0]
				},
				{
					"name": "main",
					"parent": "rod",
					"pivot": [0, -124.4, 0]
				},
				{
					"name": "upper",
					"parent": "main",
					"pivot": [0, 33, 0]
				},
				{
					"name": "body",
					"parent": "upper",
					"pivot": [-2.72462, -61.57965, 0]
				},
				{
					"name": "arms",
					"parent": "body",
					"pivot": [-2.72462, -66.60899, 0]
				},
				{
					"name": "rightArm",
					"parent": "arms",
					"pivot": [-21, 87, 0],
					"rotation": [-180, 0, 180]
				},
				{
					"name": "limbs2",
					"parent": "rightArm",
					"pivot": [-43.75396, -64.93256, 0]
				},
				{
					"name": "limb4",
					"parent": "limbs2",
					"pivot": [-43.75396, -64.93256, 0],
					"cubes": [
						{"origin": [-23.2898, 58.94761, -13.00252], "size": [15.08805, 20.11741, 15.92627], "pivot": [-42.02797, 66.44713, -6.84501], "rotation": [0, 0, -30], "uv": [69, 166]}
					]
				},
				{
					"name": "limb5",
					"parent": "limbs2",
					"pivot": [-11.46493, 74.41203, -5.37972],
					"rotation": [0, 0, 17.5],
					"cubes": [
						{"origin": [-16.79386, 57.67119, -11.32607], "size": [11.73516, 16.11741, 11.73516], "pivot": [-11.92628, 63.72989, -5.45849], "rotation": [0, 0, -30], "uv": [0, 66]}
					]
				},
				{
					"name": "limb6",
					"parent": "limb5",
					"pivot": [-3.84183, 60.96035, -5.45849],
					"rotation": [7.5, 0, 0],
					"cubes": [
						{"origin": [-14.24437, 38.9034, -11.32607], "size": [11.73516, 21.17609, 11.73516], "pivot": [-7.93897, 59.74977, -5.45849], "rotation": [0, 0, -20], "uv": [0, 0]}
					]
				},
				{
					"name": "hand2",
					"parent": "limb6",
					"pivot": [-2.05972, 40.75731, -5.59401],
					"rotation": [179.83724, 22.13205, 159.90639],
					"cubes": [
						{"origin": [-8.0662, 37.10834, -10.75207], "size": [11.06, 3.16, 10.27], "uv": [123, 87]}
					]
				},
				{
					"name": "finger4",
					"parent": "hand2",
					"pivot": [-0.84382, 38.80809, -9.35707],
					"cubes": [
						{"origin": [-1.81882, 30.85809, -12.33207], "size": [3.95, 7.9, 3.95], "pivot": [0.15618, 34.80809, -10.35707], "rotation": [-17.5, 0, -22.5], "uv": [172, 98]}
					]
				},
				{
					"name": "bone8",
					"parent": "finger4",
					"pivot": [1.77056, 32.49641, -12.95477],
					"cubes": [
						{"origin": [0.79556, 24.54641, -12.92977], "size": [3.95, 7.9, 3.95], "pivot": [2.77056, 28.49641, -10.95477], "rotation": [7.5, 0, -22.5], "uv": [165, 0]}
					]
				},
				{
					"name": "main2",
					"parent": "hand2",
					"pivot": [-4.1162, 37.73834, -5.61707],
					"rotation": [0, 0, -7.5],
					"cubes": [
						{"origin": [-6.4862, 32.36834, -10.75207], "size": [4.74, 4.74, 10.27], "uv": [131, 154]}
					]
				},
				{
					"name": "finger1",
					"parent": "main2",
					"pivot": [-3.7212, 32.41834, -10.35707],
					"cubes": [
						{"origin": [-5.6962, 24.46834, -12.33207], "size": [3.95, 7.9, 3.95], "pivot": [-3.7212, 28.41834, -10.35707], "rotation": [0, 0, -5], "uv": [149, 154]}
					]
				},
				{
					"name": "bone5",
					"parent": "finger1",
					"pivot": [-4.91409, 24.85554, -10.35707],
					"rotation": [0, 0, -30],
					"cubes": [
						{"origin": [-3.43596, 19.83841, -12.33207], "size": [3.95, 6.32, 3.95], "pivot": [-1.46096, 22.20841, -10.35707], "rotation": [0, 0, -35], "uv": [208, 98]}
					]
				},
				{
					"name": "finger2",
					"parent": "main2",
					"pivot": [-3.7212, 32.41834, -5.61707],
					"cubes": [
						{"origin": [-5.6962, 24.46834, -7.59207], "size": [3.95, 7.9, 3.95], "pivot": [-3.7212, 28.41834, -5.61707], "rotation": [0, 0, -5], "uv": [149, 154]}
					]
				},
				{
					"name": "bone6",
					"parent": "finger2",
					"pivot": [-4.91409, 24.85554, -5.61707],
					"rotation": [0, 0, -30],
					"cubes": [
						{"origin": [-3.43596, 19.83841, -7.59207], "size": [3.95, 6.32, 3.95], "pivot": [-1.46096, 22.20841, -5.61707], "rotation": [0, 0, -35], "uv": [208, 98]}
					]
				},
				{
					"name": "finger3",
					"parent": "main2",
					"pivot": [-3.7212, 32.41834, -0.87708],
					"cubes": [
						{"origin": [-5.6962, 24.46834, -2.85208], "size": [3.95, 7.9, 3.95], "pivot": [-3.7212, 28.41834, -0.87708], "rotation": [0, 0, -5], "uv": [149, 154]}
					]
				},
				{
					"name": "bone7",
					"parent": "finger3",
					"pivot": [-4.91409, 24.85554, -0.87708],
					"rotation": [0, 0, -30],
					"cubes": [
						{"origin": [-3.43596, 19.83841, -2.85208], "size": [3.95, 6.32, 3.95], "pivot": [-1.46096, 22.20841, -0.87708], "rotation": [0, 0, -35], "uv": [208, 98]}
					]
				},
				{
					"name": "item",
					"parent": "main2",
					"pivot": [1.17435, 28.86794, -6.30419],
					"rotation": [0, 0, -170],
					"cubes": [
						{"origin": [2.33448, 26.75017, -35.35156], "size": [1.38, 4.14, 67.62], "uv": [0, 135]},
						{"origin": [2.33448, 26.75017, -31.21156], "size": [1.38, 4.14, 67.62], "uv": [103, 68]},
						{"origin": [2.33448, 21.23017, -40.87156], "size": [15.18, 15.18, 6.9], "uv": [123, 66]},
						{"origin": [3.71448, 22.61017, -46.39156], "size": [12.42, 12.42, 5.52], "uv": [32, 206]},
						{"origin": [-3.27561, 26.75017, 32.7543], "size": [1.38, 4.14, 2.76], "pivot": [-2.58561, 28.82017, 34.8243], "rotation": [0, -90, 0], "uv": [155, 87]},
						{"origin": [-3.27561, 26.75017, 29.9943], "size": [1.38, 4.14, 2.76], "pivot": [-2.58561, 28.82017, 34.8243], "rotation": [0, -90, 0], "uv": [131, 154]},
						{"origin": [-4.85536, 26.75017, 31.45198], "size": [1.38, 4.14, 2.76], "pivot": [-4.16536, 28.82017, 33.52198], "rotation": [-180, -42.5, 180], "uv": [0, 135]},
						{"origin": [-5.60462, 26.75017, 29.23914], "size": [1.38, 4.14, 2.76], "pivot": [-4.91462, 28.82017, 31.30914], "rotation": [-180, -12.5, 180], "uv": [123, 66]}
					]
				},
				{
					"name": "leftArm",
					"parent": "arms",
					"pivot": [19, 87, 0]
				},
				{
					"name": "limbs4",
					"parent": "leftArm",
					"pivot": [0.24604, -64.93256, 0]
				},
				{
					"name": "limb2",
					"parent": "limbs4",
					"pivot": [0.24604, -64.93256, 0],
					"cubes": [
						{"origin": [16.7953, 58.94761, -2.92375], "size": [15.08805, 20.11741, 15.92627], "pivot": [-1.94287, 66.44713, 3.23376], "rotation": [0, 0, -30], "uv": [69, 166]}
					]
				},
				{
					"name": "limb3",
					"parent": "limbs4",
					"pivot": [29.53507, 74.41203, 4.62028],
					"rotation": [0, 0, 17.5],
					"cubes": [
						{"origin": [23.33358, 57.39608, -1.2473], "size": [11.73516, 16.11741, 11.73516], "pivot": [28.20116, 63.45478, 4.62028], "rotation": [0, 0, -30], "uv": [0, 66]}
					]
				},
				{
					"name": "limb10",
					"parent": "limb3",
					"pivot": [37.28561, 60.68524, 4.62028],
					"cubes": [
						{"origin": [25.88307, 38.62828, -1.2473], "size": [11.73516, 21.17609, 11.73516], "pivot": [32.18847, 59.47465, 4.62028], "rotation": [0, 0, -20], "uv": [0, 0]}
					]
				},
				{
					"name": "hand4",
					"parent": "limb10",
					"pivot": [39.22421, 38.70172, 4.51021],
					"rotation": [179.84923, -0.36787, 159.96868],
					"cubes": [
						{"origin": [33.69421, 37.12172, -0.62479], "size": [11.06, 3.16, 10.27], "uv": [123, 87]}
					]
				},
				{
					"name": "finger5",
					"parent": "hand4",
					"pivot": [40.94088, 37.67502, 8.82409],
					"rotation": [-173.20667, -7.35559, 137.06283],
					"cubes": [
						{"origin": [40.5292, 31.20212, 6.45445], "size": [3.95, 7.9, 3.95], "pivot": [42.5042, 35.15212, 8.42945], "rotation": [-17.5, 0, -22.5], "uv": [172, 98]}
					]
				},
				{
					"name": "bone10",
					"parent": "finger5",
					"pivot": [43.11858, 31.84044, 5.83175],
					"cubes": [
						{"origin": [43.14358, 24.89044, 5.85675], "size": [3.95, 7.9, 3.95], "pivot": [45.11858, 28.84044, 7.83175], "rotation": [7.5, 0, -22.5], "uv": [165, 0]}
					]
				},
				{
					"name": "main3",
					"parent": "hand4",
					"pivot": [37.64421, 36.75172, 4.51021],
					"cubes": [
						{"origin": [35.27421, 32.38172, -0.62479], "size": [4.74, 4.74, 10.27], "uv": [131, 154]}
					]
				},
				{
					"name": "finger6",
					"parent": "main3",
					"pivot": [38.03921, 32.43172, -0.22979],
					"cubes": [
						{"origin": [36.06421, 24.48172, -2.20479], "size": [3.95, 7.9, 3.95], "pivot": [38.03921, 28.43172, -0.22979], "rotation": [0, 0, -5], "uv": [149, 154]}
					]
				},
				{
					"name": "bone11",
					"parent": "finger6",
					"pivot": [36.84633, 23.86892, -0.22979],
					"cubes": [
						{"origin": [38.32445, 19.85179, -2.20479], "size": [3.95, 6.32, 3.95], "pivot": [40.29945, 22.22179, -0.22979], "rotation": [0, 0, -35], "uv": [208, 98]}
					]
				},
				{
					"name": "finger7",
					"parent": "main3",
					"pivot": [38.03921, 32.43172, 4.51021],
					"cubes": [
						{"origin": [36.06421, 24.48172, 2.53521], "size": [3.95, 7.9, 3.95], "pivot": [38.03921, 28.43172, 4.51021], "rotation": [0, 0, -5], "uv": [149, 154]}
					]
				},
				{
					"name": "bone12",
					"parent": "finger7",
					"pivot": [36.84633, 24.86892, 4.51021],
					"cubes": [
						{"origin": [38.32445, 19.85179, 2.53521], "size": [3.95, 6.32, 3.95], "pivot": [40.29945, 22.22179, 4.51021], "rotation": [0, 0, -35], "uv": [208, 98]}
					]
				},
				{
					"name": "finger8",
					"parent": "main3",
					"pivot": [38.03921, 32.43172, 9.25021],
					"cubes": [
						{"origin": [36.06421, 24.48172, 7.27521], "size": [3.95, 7.9, 3.95], "pivot": [38.03921, 28.43172, 9.25021], "rotation": [0, 0, -5], "uv": [149, 154]}
					]
				},
				{
					"name": "bone13",
					"parent": "finger8",
					"pivot": [34.87061, 24.72247, 19.30408],
					"cubes": [
						{"origin": [38.32445, 19.85179, 7.27521], "size": [3.95, 6.32, 3.95], "pivot": [40.29945, 22.22179, 9.25021], "rotation": [0, 0, -35], "uv": [208, 98]}
					]
				},
				{
					"name": "torso",
					"parent": "body",
					"pivot": [-2.72462, 30.62511, 0],
					"cubes": [
						{"origin": [-22.57018, 93.20679, 2.10559], "size": [21.4703, 1.67646, 6.7058], "pivot": [-12.83504, 94.04499, 5.4585], "rotation": [0, 0, -2.5], "uv": [0, 187]},
						{"origin": [-18.92521, 93.03518, 0.42913], "size": [19.11741, 1.67646, 10.05871], "pivot": [3.08647, 64.77068, 3.23376], "rotation": [0, 0, -2.5], "uv": [0, 176]},
						{"origin": [-2.40474, 92.66907, 0.42913], "size": [21.79384, 1.67646, 10.05871], "pivot": [3.08647, 64.77068, 3.23376], "rotation": [0, 0, 2.5], "uv": [165, 16]},
						{"origin": [-18.71299, 89.10826, -5.06545], "size": [35.20546, 3.35291, 12.05871], "pivot": [-1.11026, 90.78471, 1.96391], "rotation": [17.5, 0, 0], "uv": [69, 139]},
						{"origin": [-22.06593, 56, -21.55037], "size": [41.9113, 20.44096, 46.31221], "pivot": [3.08647, 64.77068, 3.23376], "rotation": [-90, 0, 0], "uv": [0, 0]},
						{"origin": [-15.36008, 89.51085, 2.60063], "size": [28.49966, 3.35291, 13.05871], "pivot": [-1.11025, 91.18731, 8.62998], "rotation": [-20, 0, 0], "uv": [165, 0]},
						{"origin": [-2.40474, 93.5073, 2.10559], "size": [21.79384, 1.67646, 6.7058], "pivot": [3.08647, 64.77068, 3.23376], "rotation": [0, 0, 2.5], "uv": [0, 187]},
						{"origin": [-20.38942, 63.64558, 9.44963], "size": [38.55834, 23.7938, 25.98867], "pivot": [3.08647, 74.77068, 3.23376], "rotation": [-90, 0, 0], "uv": [265, 0]},
						{"origin": [-20.38942, 53.63425, -17.55037], "size": [38.55834, 23.7938, 16.98867], "pivot": [3.08647, 64.75935, 3.23376], "rotation": [-90, 0, 0], "uv": [311, 232]},
						{"origin": [-2.38942, 52.63425, -17.55037], "size": [17.55834, 23.7938, 42.98867], "pivot": [3.08647, 64.75935, 3.23376], "rotation": [-90, 0, 0], "uv": [193, 219]},
						{"origin": [-22.38942, 52.63425, -17.55037], "size": [17.55834, 23.7938, 42.98867], "pivot": [3.08647, 64.75935, 3.23376], "rotation": [-90, 0, 0], "uv": [193, 219]},
						{"origin": [5.61058, 53.62292, -22.55037], "size": [12.55834, 23.7938, 4.98867], "pivot": [3.08647, 64.74802, 3.23376], "rotation": [-90, 0, 0], "uv": [33, 135]},
						{"origin": [-5.38942, 53.62292, -22.55037], "size": [11.55834, 23.7938, 4.98867], "pivot": [3.08647, 64.74802, 3.23376], "rotation": [-90, 0, 0], "uv": [128, 0]},
						{"origin": [-13.38942, 53.62292, -22.55037], "size": [11.55834, 23.7938, 4.98867], "pivot": [3.08647, 64.74802, 3.23376], "rotation": [-90, 0, 0], "uv": [128, 0]},
						{"origin": [-20.38942, 53.62292, -22.55037], "size": [11.55834, 23.7938, 4.98867], "pivot": [3.08647, 64.74802, 3.23376], "rotation": [-90, 0, 0], "uv": [128, 0]}
					]
				},
				{
					"name": "bone4",
					"parent": "torso",
					"pivot": [3.08647, 64.77068, 3.23376],
					"cubes": [
						{"origin": [-20.38942, 55.64558, -22.55037], "size": [38.55834, 22.7938, 47.98867], "pivot": [3.08647, 64.77068, 3.23376], "rotation": [-90, 0, 0], "uv": [0, 66]},
						{"origin": [-19.38942, 59.71133, 29.39521], "size": [15.55834, 17, 10.98867], "pivot": [4.08649, 67.78201, 4.17934], "rotation": [-90, 0, 0], "uv": [320, 94]},
						{"origin": [1.61058, 59.71133, 29.39521], "size": [15.55834, 17, 10.98867], "pivot": [4.08649, 67.78201, 4.17934], "rotation": [-90, 0, 0], "uv": [220, 98]}
					]
				},
				{
					"name": "head_structure",
					"parent": "upper",
					"pivot": [-2, 85, 9]
				},
				{
					"name": "head",
					"parent": "head_structure",
					"pivot": [-0.15841, 83.93432, 5.65976],
					"cubes": [
						{"origin": [8.57608, 90.08488, -10.90874], "size": [12.94472, 12.01912, 31.13209], "pivot": [15.90812, 134.38164, 4.65731], "rotation": [0, 0, 30], "uv": [0, 354]},
						{"origin": [-5.11489, 95.33745, -10.90874], "size": [12.48892, 12.01912, 31.13209], "pivot": [0.84974, 101.34701, 4.65731], "rotation": [0, 0, -30], "uv": [342, 131]},
						{"origin": [-82.49925, 52.48997, -10.90874], "size": [0, 12.56608, 31.13209], "pivot": [7.46794, 56.73526, 4.65731], "rotation": [0, 0, 67.5], "uv": [69, 123]},
						{"origin": [-86.31135, 161.47142, -10.90874], "size": [34.92697, 34.44448, 31.13209], "pivot": [-59.99689, 131.65904, 4.65731], "rotation": [0, 0, 80], "uv": [136, 139]},
						{"origin": [-58.30133, 141.11976, -10.90874], "size": [33.10377, 27.15168, 31.13209], "pivot": [-54.77686, 109.48417, 4.65731], "rotation": [0, 0, 60], "uv": [0, 230]},
						{"origin": [34.68391, 119.06426, -10.90874], "size": [34.01537, 26.24008, 31.13209], "pivot": [39.11997, 87.42868, 4.65731], "rotation": [0, 0, -60], "uv": [105, 204]},
						{"origin": [-26.15978, 152.76387, -10.90874], "size": [19.9723, 33.16824, 31.13209], "pivot": [-16.39463, 170.25959, 4.65731], "rotation": [0, 0, 98.5], "uv": [292, 295]},
						{"origin": [-59.64844, 131.6429, -10.90874], "size": [3.1, 15.16824, 31.13209], "pivot": [-27.75559, 149.13862, 4.6573], "rotation": [0, 0, 113.5], "uv": [128, 0]},
						{"origin": [22.48894, 158.9388, -10.90874], "size": [31.7546, 32.18371, 31.13209], "pivot": [42.42221, 146.29834, 4.65731], "rotation": [0, 0, -80], "uv": [172, 35]},
						{"origin": [52.47956, 159.27234, -10.90874], "size": [1.727, 10.30531, 31.13209], "pivot": [42.38523, 146.63187, 4.65731], "rotation": [0, 0, -80], "uv": [0, 135]},
						{"origin": [57.63514, 161.95005, -10.90874], "size": [25.285, 33.09531, 31.13209], "pivot": [45.6624, 149.30958, 4.65731], "rotation": [0, 0, -95], "uv": [239, 98]},
						{"origin": [-13.68336, 166.9969, -10.90874], "size": [23.285, 15.09531, 31.13209], "pivot": [4.95914, 183.54455, 4.65731], "rotation": [0, 0, -142.5], "uv": [296, 48]},
						{"origin": [11.92289, 170.79743, -10.90874], "size": [10.285, 21.09531, 31.13209], "pivot": [2.56539, 186.34508, 4.65731], "rotation": [0, 0, 167.5], "uv": [233, 341]},
						{"origin": [7.1335, 177.96529, -10.90874], "size": [16.285, 15.09531, 31.13209], "pivot": [-2.224, 193.51295, 4.65731], "rotation": [0, 0, 133], "uv": [170, 326]},
						{"origin": [4.06457, 168.40355, -10.90874], "size": [21.285, 23.09531, 31.13209], "pivot": [7.70707, 183.95121, 4.65731], "rotation": [0, 0, -180], "uv": [0, 300]},
						{"origin": [-7.65884, 74.82428, -1.50234], "size": [12.39776, 22.97232, 12.39776], "uv": [172, 98]}
					]
				},
				{
					"name": "face_structure",
					"parent": "head",
					"pivot": [0, -116.84, 0]
				},
				{
					"name": "nose",
					"parent": "face_structure",
					"pivot": [-1.23181, 141.52603, -11.94709],
					"rotation": [17.5, 90, 0],
					"cubes": [
						{"origin": [-3.05486, 130.47452, -9.82345], "size": [3.6461, 14.5844, 3.6461], "uv": [0, 304]},
						{"origin": [-3.05486, 130.82588, -6.61513], "size": [3.6461, 5.46915, 3.6461], "pivot": [-1.23181, 132.64893, -4.79208], "rotation": [12.5, 0, 0], "uv": [196, 27]},
						{"origin": [-3.05486, 126.63998, -2.1875], "size": [3.6461, 3.6461, 1.82305], "pivot": [-1.23181, 128.46303, -7.65665], "rotation": [47.5, 0, 0], "uv": [144, 27]},
						{"origin": [-3.05486, 122.87026, 1.78496], "size": [3.6461, 7.2922, 1.82305], "pivot": [-1.23181, 124.69331, -9.15334], "rotation": [55, 0, 0], "uv": [123, 100]},
						{"origin": [-3.05486, 122.87005, 4.72775], "size": [3.6461, 3.6461, 1.82305], "pivot": [-1.23181, 124.6931, -6.21055], "rotation": [67.5, 0, 0], "uv": [93, 135]},
						{"origin": [-3.05486, 123.11399, 8.99715], "size": [3.6461, 9.11525, 1.82305], "pivot": [-1.23181, 124.93704, -1.94115], "rotation": [87.5, 0, 0], "uv": [0, 0]},
						{"origin": [-3.05486, 124.71007, 11.96274], "size": [3.6461, 7.2922, 1.82305], "pivot": [-1.23181, 126.53312, 1.02444], "rotation": [102.5, 0, 0], "uv": [123, 87]},
						{"origin": [-3.05486, 133.69701, 17.74706], "size": [3.6461, 7.2922, 3.6461], "pivot": [-1.23181, 130.05091, 6.80876], "rotation": [107.5, 0, 0], "uv": [153, 100]},
						{"origin": [-3.05486, 130.66683, -11.28413], "size": [3.6461, 16.40745, 3.6461], "pivot": [-1.23181, 138.87056, -9.46108], "rotation": [-15, 0, 0], "uv": [73, 303]},
						{"origin": [-3.05486, 131.21634, -14.88173], "size": [3.6461, 18.2305, 6.6461], "pivot": [-1.23181, 140.3316, -11.55868], "rotation": [-14.5, 0, 0], "uv": [266, 162]},
						{"origin": [-3.05486, 130.86107, -20.41878], "size": [3.6461, 18.2305, 3.6461], "pivot": [-1.23181, 132.68412, -11.30352], "rotation": [-15, 0, 0], "uv": [18, 288]},
						{"origin": [-3.05486, 130.88425, -22.05082], "size": [3.6461, 16.40745, 3.6461], "pivot": [-1.23181, 132.7073, -11.11252], "rotation": [-15, 0, 0], "uv": [296, 48]},
						{"origin": [-3.05486, 130.52476, -25.7088], "size": [3.6461, 14.5844, 3.6461], "pivot": [-1.23181, 132.34781, -14.7705], "rotation": [-25, 0, 0], "uv": [85, 303]},
						{"origin": [-3.05486, 131.00521, -22.01543], "size": [3.6461, 14.5844, 1.6461], "pivot": [-1.23181, 132.82826, -13.07712], "rotation": [-17.5, 0, 0], "uv": [69, 135]},
						{"origin": [-3.05486, 129.3505, -30.1221], "size": [3.6461, 5.46915, 3.6461], "pivot": [-1.23181, 131.17355, -19.1838], "rotation": [-47.5, 0, 0], "uv": [34, 194]},
						{"origin": [-3.05486, 129.19159, -36.09673], "size": [3.6461, 3.6461, 3.6461], "pivot": [-1.23181, 131.01464, -25.15842], "rotation": [-82.5, 0, 0], "uv": [204, 226]},
						{"origin": [-3.05486, 132.36359, -40.43825], "size": [3.6461, 7.2922, 3.6461], "pivot": [-1.23181, 134.18664, -29.49995], "rotation": [-112.5, 0, 0], "uv": [151, 139]},
						{"origin": [-3.05486, 136.72145, -41.80389], "size": [3.6461, 7.2922, 3.6461], "pivot": [-1.23181, 138.5445, -30.86558], "rotation": [-135, 0, 0], "uv": [33, 66]},
						{"origin": [-3.05486, 139.66123, -39.77276], "size": [3.6461, 5.46915, 3.6461], "pivot": [-1.23181, 141.48428, -28.83446], "rotation": [-140, 0, 0], "uv": [22, 194]},
						{"origin": [-3.05486, 143.61387, -38.60482], "size": [3.6461, 3.6461, 3.6461], "pivot": [-1.23181, 145.43692, -27.66652], "rotation": [-157.5, 0, 0], "uv": [225, 204]},
						{"origin": [-3.05486, 147.03238, -36.30238], "size": [3.6461, 3.6461, 3.6461], "pivot": [-1.23181, 148.85543, -25.36407], "rotation": [-175, 0, 0], "uv": [44, 223]},
						{"origin": [-3.05486, 148.62127, -32.98793], "size": [3.6461, 3.6461, 3.6461], "pivot": [-1.23181, 150.44433, -22.04963], "rotation": [175, 0, 0], "uv": [32, 223]},
						{"origin": [-3.05486, 149.93821, -29.43526], "size": [3.6461, 3.6461, 3.6461], "pivot": [-1.23181, 151.76126, -18.49696], "rotation": [162.5, 0, 0], "uv": [220, 29]},
						{"origin": [-3.05486, 150.45494, -25.68179], "size": [3.6461, 3.6461, 3.6461], "pivot": [-1.23181, 152.27799, -14.74348], "rotation": [150, 0, 0], "uv": [208, 29]},
						{"origin": [-3.05486, 151.24011, -21.18295], "size": [3.6461, 7.2922, 3.6461], "pivot": [-1.23181, 153.06317, -10.24465], "rotation": [127.5, 0, 0], "uv": [33, 0]},
						{"origin": [-3.05486, 149.5105, -15.98879], "size": [3.6461, 5.46915, 1.82305], "pivot": [-1.23181, 151.33355, -6.87354], "rotation": [115, 0, 0], "uv": [143, 100]},
						{"origin": [-3.05486, 148.4262, -14.41578], "size": [3.6461, 7.2922, 1.82305], "pivot": [-1.23181, 150.24925, -5.30053], "rotation": [107.5, 0, 0], "uv": [0, 66]}
					]
				},
				{
					"name": "cheeks",
					"parent": "face_structure",
					"pivot": [-22.68, 135.16, -12.6]
				},
				{
					"name": "cheekboneLeft",
					"parent": "cheeks",
					"pivot": [-57, 134, -8],
					"cubes": [
						{"origin": [-31.76, 130.08, -13.852], "size": [22.68, 12.64, 0], "uv": [0, 93]}
					]
				},
				{
					"name": "octagon2",
					"parent": "cheekboneLeft",
					"pivot": [-58.51955, 132.72755, -7.28],
					"rotation": [0, -90, 0],
					"cubes": [
						{"origin": [-64.4864, 133.51961, -49.94007], "size": [5.93369, 4.91563, 8.59513], "pivot": [-61.51955, 135.97742, -44.00638], "rotation": [-22.5, 0, 0], "uv": [283, 245]},
						{"origin": [-64.4864, 133.51961, -49.94007], "size": [5.93369, 4.91563, 8.04975], "pivot": [-61.51955, 135.97742, -44.00638], "rotation": [22.5, 0, 0], "uv": [283, 245]},
						{"origin": [-64.4864, 130.04373, -46.4642], "size": [5.93369, 11.86738, 4.91563], "pivot": [-61.51955, 135.97742, -44.00638], "rotation": [-22.5, 0, 0], "uv": [73, 288]},
						{"origin": [-64.4864, 130.04373, -46.4642], "size": [5.93369, 11.86738, 4.91563], "pivot": [-61.51955, 135.97742, -44.00638], "rotation": [22.5, 0, 0], "uv": [73, 288]}
					]
				},
				{
					"name": "octagon",
					"parent": "cheekboneLeft",
					"pivot": [-77.88342, 116.91165, -7.28],
					"rotation": [0, 90, 0],
					"cubes": [
						{"origin": [-77.85027, 133.51961, 38.50631], "size": [5.93369, 4.91563, 8.59513], "pivot": [-74.88342, 135.97742, 44.44], "rotation": [-22.5, 0, 0], "uv": [283, 245]},
						{"origin": [-77.85027, 133.51961, 38.50631], "size": [5.93369, 4.91563, 8.04975], "pivot": [-74.88342, 135.97742, 44.44], "rotation": [22.5, 0, 0], "uv": [283, 245]},
						{"origin": [-77.85027, 130.04373, 41.98218], "size": [5.93369, 11.86738, 4.91563], "pivot": [-74.88342, 135.97742, 44.44], "rotation": [-22.5, 0, 0], "uv": [73, 288]},
						{"origin": [-77.85027, 129.58367, 44.44], "size": [5.93369, 12.81634, 4.37025], "uv": [0, 288]},
						{"origin": [-77.85027, 130.04373, 41.98218], "size": [5.93369, 11.86738, 4.91563], "pivot": [-74.88342, 135.97742, 44.44], "rotation": [22.5, 0, 0], "uv": [73, 288]}
					]
				},
				{
					"name": "cheekboneRight",
					"parent": "cheeks",
					"pivot": [-12, 134, -8],
					"cubes": [
						{"origin": [-75.76, 132.08, -13.852], "size": [22.68, 13.64, 0], "pivot": [-23.42, 136.9, -12.852], "rotation": [0, 0, -180], "uv": [0, 32]}
					]
				},
				{
					"name": "octagon3",
					"parent": "cheekboneRight",
					"pivot": [-13.51955, 132.72755, -7.28],
					"rotation": [0, -90, 0],
					"cubes": [
						{"origin": [-19.4864, 133.51961, -49.94007], "size": [5.93369, 4.91563, 8.59513], "pivot": [-16.51955, 135.97742, -44.00638], "rotation": [-22.5, 0, 0], "uv": [283, 245]},
						{"origin": [-19.4864, 133.51961, -49.94007], "size": [5.93369, 4.91563, 8.04975], "pivot": [-16.51955, 135.97742, -44.00638], "rotation": [22.5, 0, 0], "uv": [283, 245]},
						{"origin": [-19.4864, 130.04373, -46.4642], "size": [5.93369, 11.86738, 4.91563], "pivot": [-16.51955, 135.97742, -44.00638], "rotation": [-22.5, 0, 0], "uv": [73, 288]},
						{"origin": [-19.4864, 130.04373, -46.4642], "size": [5.93369, 11.86738, 4.91563], "pivot": [-16.51955, 135.97742, -44.00638], "rotation": [22.5, 0, 0], "uv": [73, 288]}
					]
				},
				{
					"name": "octagon4",
					"parent": "cheekboneRight",
					"pivot": [-32.88342, 116.91165, -7.28],
					"rotation": [0, 90, 0],
					"cubes": [
						{"origin": [-32.85027, 133.51961, 38.50631], "size": [5.93369, 4.91563, 8.59513], "pivot": [-29.88342, 135.97742, 44.44], "rotation": [-22.5, 0, 0], "uv": [283, 245]},
						{"origin": [-32.85027, 133.51961, 38.50631], "size": [5.93369, 4.91563, 8.04975], "pivot": [-29.88342, 135.97742, 44.44], "rotation": [22.5, 0, 0], "uv": [283, 245]},
						{"origin": [-32.85027, 130.04373, 41.98218], "size": [5.93369, 11.86738, 4.91563], "pivot": [-29.88342, 135.97742, 44.44], "rotation": [-22.5, 0, 0], "uv": [73, 288]},
						{"origin": [-32.85027, 129.58367, 44.44], "size": [5.93369, 12.81634, 4.37025], "uv": [0, 288]},
						{"origin": [-32.85027, 130.04373, 41.98218], "size": [5.93369, 11.86738, 4.91563], "pivot": [-29.88342, 135.97742, 44.44], "rotation": [22.5, 0, 0], "uv": [73, 288]}
					]
				},
				{
					"name": "mouth",
					"parent": "face_structure",
					"pivot": [-1.66267, 121.14206, -10.73502],
					"cubes": [
						{"origin": [-3.31831, 101.5685, -11.36502], "size": [7.504, 3.9, 1.26], "pivot": [-2.56631, 103.0185, -10.73502], "rotation": [0, 0, -80], "uv": [128, 27]},
						{"origin": [-8.16136, 84.23836, -11.36502], "size": [10.504, 4.2, 1.26], "pivot": [10.59064, 95.15636, -10.73502], "rotation": [0, 0, 83], "uv": [0, 194]},
						{"origin": [9.63001, 106.3525, -11.36502], "size": [1.504, 30.836, 1.26], "pivot": [-0.11799, 119.77047, -10.73502], "rotation": [0, 0, 30], "uv": [163, 139]},
						{"origin": [-0.36999, 123.3525, -11.36502], "size": [11.504, 5.836, 1.26], "pivot": [-0.11799, 119.77047, -10.73502], "rotation": [0, 0, 30], "uv": [0, 105]},
						{"origin": [-1.36999, 106.3525, -11.36502], "size": [11.504, 17.836, 1.26], "pivot": [-0.11799, 119.77047, -10.73502], "rotation": [0, 0, 30], "uv": [265, 48]},
						{"origin": [-10.51267, 96.03169, -11.36502], "size": [1.504, 30.836, 1.26], "pivot": [-20.26067, 109.44966, -10.73502], "rotation": [0, 0, -30], "uv": [163, 139]},
						{"origin": [-20.24122, 124.8224, -11.36502], "size": [2.504, 4.836, 1.26], "pivot": [-18.0514, 129.49873, -10.73502], "rotation": [0, 0, -62.5], "uv": [20, 157]},
						{"origin": [-19.24122, 121.8224, -11.36502], "size": [1.504, 7.836, 1.26], "pivot": [-18.0514, 129.49873, -10.73502], "rotation": [0, 0, -32.5], "uv": [77, 139]},
						{"origin": [-9.51267, 96.03169, -11.36502], "size": [12.504, 18.836, 1.26], "pivot": [-20.26067, 109.44966, -10.73502], "rotation": [0, 0, -30], "uv": [174, 46]},
						{"origin": [11.45812, 112.03391, -11.36502], "size": [1.504, 17.836, 1.26], "pivot": [-3.28988, 112.45188, -10.73502], "rotation": [0, 0, -85], "uv": [165, 85]},
						{"origin": [5.45812, 111.03391, -11.36502], "size": [6.504, 14.836, 1.26], "pivot": [-3.28988, 112.45188, -10.73502], "rotation": [0, 0, -85], "uv": [69, 166]},
						{"origin": [15.78412, 122.52731, -11.36502], "size": [1.4, 6.836, 1.26], "pivot": [16.69358, 128.93389, -10.73502], "rotation": [0, 0, 67.5], "uv": [137, 154]},
						{"origin": [14.78412, 122.52731, -11.36502], "size": [4.4, 3.836, 1.26], "pivot": [16.69358, 128.93389, -10.73502], "rotation": [0, 0, 67.5], "uv": [21, 135]},
						{"origin": [15.78412, 122.52731, -11.36502], "size": [1.4, 6.836, 1.26], "pivot": [16.69358, 128.93389, -10.73502], "rotation": [0, 0, 50], "uv": [137, 154]},
						{"origin": [15.68012, 121.52731, -11.36502], "size": [1.504, 7.836, 1.26], "pivot": [16.69358, 128.93389, -10.73502], "rotation": [0, 0, 35], "uv": [77, 139]},
						{"origin": [-1.269, 128.1826, -11.36502], "size": [1.504, 18.836, 1.26], "pivot": [-1.3014, 128.63485, -10.73502], "rotation": [0, 0, 85.7], "uv": [165, 66]},
						{"origin": [17.14391, 130, -11.36502], "size": [5.504, 8, 1.26], "pivot": [-1.60409, 143.15472, -10.73502], "rotation": [0, 0, 87], "uv": [48, 176]},
						{"origin": [14.14391, 129, -11.36502], "size": [6.504, 27, 1.26], "pivot": [-1.60409, 143.15472, -10.73502], "rotation": [0, 0, 87], "uv": [119, 206]}
					]
				},
				{
					"name": "eyes",
					"parent": "face_structure",
					"pivot": [0, -38, 4]
				},
				{
					"name": "face",
					"parent": "eyes",
					"pivot": [-9.09426, 151.76112, -7.50655],
					"rotation": [0, 0, 7.5],
					"cubes": [
						{"origin": [-14.55876, 151.85148, -11.67944], "size": [7.686, 13.8348, 9.2232], "pivot": [-10.23007, 151.2683, -7.06784], "rotation": [0, 0, -20], "uv": [0, 206]},
						{"origin": [-18.24584, 159.32075, -11.67944], "size": [3.0744, 4.6116, 9.2232], "pivot": [-18.45209, 163.16375, -7.06784], "rotation": [0, 0, -92.5], "uv": [275, 177]},
						{"origin": [-17.74289, 160.66338, -11.67944], "size": [1.5372, 4.6116, 9.2232], "pivot": [-19.48633, 164.50638, -7.06784], "rotation": [0, 0, -62.5], "uv": [114, 166]},
						{"origin": [-17.96725, 162.34327, -11.67944], "size": [1.5372, 4.6116, 9.2232], "pivot": [-19.7107, 166.18627, -7.06784], "rotation": [0, 0, -32.5], "uv": [114, 166]},
						{"origin": [-16.12049, 163.63919, -11.67944], "size": [1.5372, 4.6116, 9.2232], "pivot": [-17.86394, 164.40779, -7.06784], "rotation": [0, 0, -17.5], "uv": [114, 166]},
						{"origin": [-16.51727, 164.08198, -11.67944], "size": [4.6116, 3.0744, 9.2232], "pivot": [-15.18632, 164.85058, -7.06784], "rotation": [0, 0, -32.5], "uv": [283, 232]},
						{"origin": [-17.18589, 165.2343, -11.67944], "size": [4.6116, 1.5372, 9.2232], "pivot": [-15.85494, 166.0029, -7.06784], "rotation": [0, 0, -62.5], "uv": [211, 125]},
						{"origin": [-13.17173, 165.13136, -11.67944], "size": [1.5372, 1.5372, 9.2232], "pivot": [-14.91518, 165.89996, -7.06784], "rotation": [0, 0, -105], "uv": [45, 187]}
					]
				},
				{
					"name": "face5",
					"parent": "eyes",
					"pivot": [4.44139, 150.83567, -7.50655],
					"rotation": [0, 0, 27.5],
					"cubes": [
						{"origin": [2.84232, 152.77698, -11.67944], "size": [7.686, 13.8348, 9.2232], "pivot": [7.17101, 152.19378, -7.06784], "rotation": [0, 0, -20], "uv": [0, 206]},
						{"origin": [-0.84475, 160.24625, -11.67944], "size": [3.0744, 4.6116, 9.2232], "pivot": [-1.051, 164.08925, -7.06784], "rotation": [0, 0, -92.5], "uv": [275, 177]},
						{"origin": [-0.34181, 161.58888, -11.67944], "size": [1.5372, 4.6116, 9.2232], "pivot": [-2.08525, 165.43188, -7.06784], "rotation": [0, 0, -62.5], "uv": [114, 166]},
						{"origin": [-0.56616, 163.26877, -11.67944], "size": [1.5372, 4.6116, 9.2232], "pivot": [-2.30962, 167.11177, -7.06784], "rotation": [0, 0, -32.5], "uv": [114, 166]},
						{"origin": [1.2806, 164.56469, -11.67944], "size": [1.5372, 4.6116, 9.2232], "pivot": [-0.46285, 165.33329, -7.06784], "rotation": [0, 0, -17.5], "uv": [114, 166]},
						{"origin": [0.88382, 165.00748, -11.67944], "size": [4.6116, 3.0744, 9.2232], "pivot": [2.21476, 165.77608, -7.06784], "rotation": [0, 0, -32.5], "uv": [283, 232]},
						{"origin": [0.2152, 166.15978, -11.67944], "size": [4.6116, 1.5372, 9.2232], "pivot": [1.54614, 166.92838, -7.06784], "rotation": [0, 0, -62.5], "uv": [211, 125]},
						{"origin": [4.22935, 166.05686, -11.67944], "size": [1.5372, 1.5372, 9.2232], "pivot": [2.48591, 166.82546, -7.06784], "rotation": [0, 0, -105], "uv": [45, 187]}
					]
				},
				{
					"name": "layer",
					"parent": "head",
					"pivot": [0.62982, 93.33994, 4.32258],
					"cubes": [
						{"origin": [-32.37018, 147.85994, -11], "size": [61, 42, 0], "uv": [201, 284]}
					]
				},
				{
					"name": "hat",
					"parent": "head",
					"pivot": [-24.83708, 196.51749, 7.82197],
					"rotation": [-10, 0, -17.5],
					"cubes": [
						{"origin": [-33.96828, 180.88216, -8.15953], "size": [17.97919, 8.98613, 31.96301], "uv": [73, 331]},
						{"origin": [-35.84926, 189.00117, -8.15953], "size": [21.97457, 39.95376, 31.96301], "pivot": [-26.85967, 210.97574, 7.82197], "rotation": [0, 0, -5], "uv": [269, 162]}
					]
				},
				{
					"name": "hat2",
					"parent": "hat",
					"pivot": [-46.36949, 680.66641, -0.16878],
					"cubes": [
						{"origin": [-15.98909, 180.88216, -8.15953], "size": [17.97919, 8.98613, 31.96301], "uv": [73, 331], "mirror": true},
						{"origin": [-18.10348, 189.00117, -8.15953], "size": [21.97457, 39.95376, 31.96301], "pivot": [-5.11851, 210.97574, 7.82197], "rotation": [0, 0, 5], "uv": [97, 261]}
					]
				},
				{
					"name": "lower",
					"parent": "main",
					"pivot": [0, -147.16, 0]
				},
				{
					"name": "rightLeg",
					"parent": "lower",
					"pivot": [-11.73402, 42.21737, 1.93062],
					"cubes": [
						{"origin": [-15.22316, 21.67617, -0.48082], "size": [6.58219, 23.14726, 5.82251], "pivot": [-11.1367, 20.25595, 1.9656], "rotation": [-5, 0, 0], "uv": [170, 261]},
						{"origin": [-15.616, 26.71617, -1.26], "size": [7.308, 15.58726, 7.308], "pivot": [-11.1367, 20.25595, 1.9656], "rotation": [-5, 0, 0], "uv": [0, 228]}
					]
				},
				{
					"name": "bone9",
					"parent": "rightLeg",
					"pivot": [-11.93206, 44.30937, 6.19736]
				},
				{
					"name": "shoes",
					"parent": "bone9",
					"pivot": [-11.80601, 22.5554, 3.01596],
					"cubes": [
						{"origin": [-15.22316, -0.50782, -1.07075], "size": [6.8863, 4.86093, 8.10155], "uv": [232, 204]},
						{"origin": [-15.616, 6.55617, -0.756], "size": [7.308, 15.58726, 7.308], "pivot": [-11.1367, 20.25595, 1.9656], "rotation": [5, 0, 0], "uv": [66, 206]},
						{"origin": [-15.22316, -0.50782, -5.12152], "size": [6.8863, 3.24062, 4.05077], "uv": [0, 157]},
						{"origin": [-15.46621, -0.50782, -5.12152], "size": [1.05321, 1.21522, 12.15232], "uv": [269, 245]},
						{"origin": [-15.46621, -0.50782, -5.36455], "size": [7.37241, 1.21522, 1.05321], "uv": [153, 110]},
						{"origin": [-9.14701, -0.50782, -5.12152], "size": [1.05321, 1.21522, 12.15232], "uv": [269, 232]},
						{"origin": [-15.46621, -0.50782, 6.22065], "size": [7.37241, 1.21522, 1.05321], "uv": [77, 137]}
					]
				},
				{
					"name": "bone",
					"parent": "shoes",
					"pivot": [-11.93206, 46.62409, 5.04],
					"cubes": [
						{"origin": [-15.22316, 4.00853, -0.86116], "size": [6.58219, 18.10726, 5.82251], "pivot": [-11.93206, 27.87975, 2.0501], "rotation": [5, 0, 0], "uv": [264, 0]}
					]
				},
				{
					"name": "leftLeg",
					"parent": "lower",
					"pivot": [9.06874, 42.61927, 4.78616],
					"rotation": [-2.5, 0, 0],
					"cubes": [
						{"origin": [5.558, 21.67522, 0.57479], "size": [6.58219, 23.14726, 5.82251], "pivot": [9.64448, 17.735, 3.02118], "rotation": [-5, 0, 0], "uv": [97, 206]},
						{"origin": [5.31636, 26.71522, -0.05322], "size": [7.308, 15.58726, 7.308], "pivot": [-9.35632, 20.255, 1.91238], "rotation": [-5, 0, 0], "uv": [204, 204]}
					]
				},
				{
					"name": "bone2",
					"parent": "leftLeg",
					"pivot": [8.84909, 41.78842, 7.25296]
				},
				{
					"name": "shoes2",
					"parent": "bone2",
					"pivot": [8.73608, 22.56191, 3.28072],
					"cubes": [
						{"origin": [5.25389, -0.51837, 0.20447], "size": [6.8863, 4.86093, 8.10155], "uv": [123, 100]},
						{"origin": [5.25389, -0.51837, -3.8463], "size": [6.8863, 3.24062, 4.05077], "uv": [24, 105]},
						{"origin": [5.01083, -0.51837, -3.8463], "size": [1.05321, 1.21522, 12.15232], "uv": [215, 16]},
						{"origin": [5.01083, -0.51837, -4.08933], "size": [7.37241, 1.21522, 1.05321], "uv": [77, 135]},
						{"origin": [11.33003, -0.51837, -3.8463], "size": [1.05321, 1.21522, 12.15232], "uv": [139, 100]},
						{"origin": [5.01083, -0.51837, 7.49587], "size": [7.37241, 1.21522, 1.05321], "uv": [0, 111]},
						{"origin": [5.31636, 6.55522, 0.45078], "size": [7.308, 15.58726, 7.308], "pivot": [-9.35632, 20.255, 1.91238], "rotation": [5, 0, 0], "uv": [0, 135]}
					]
				},
				{
					"name": "bone3",
					"parent": "shoes2",
					"pivot": [8.84909, 44.10314, 6.09558],
					"cubes": [
						{"origin": [5.558, 3.998, 0.41406], "size": [6.58219, 18.10726, 5.82251], "pivot": [8.84909, 27.86923, 3.32532], "rotation": [5, 0, 0], "uv": [242, 11]}
					]
				}
			]
		}
	]
}