{
	"format_version": "1.12.0",
	"minecraft:geometry": [
		{
			"description": {
				"identifier": "geometry.minirod_janitor_electrify",
				"texture_width": 512,
				"texture_height": 512,
				"visible_bounds_width": 10,
				"visible_bounds_height": 19,
				"visible_bounds_offset": [0, 5.5, 0]
			},
			"bones": [
				{
					"name": "minirodBase",
					"pivot": [0, 34, 0]
				},
				{
					"name": "rod",
					"parent": "minirodBase",
					"pivot": [0, -124.4, 0]
				},
				{
					"name": "main",
					"parent": "rod",
					"pivot": [0, -124.4, 0]
				},
				{
					"name": "upper",
					"parent": "main",
					"pivot": [0, 33, 0]
				},
				{
					"name": "body",
					"parent": "upper",
					"pivot": [-2.72462, -61.57965, 0]
				},
				{
					"name": "arms",
					"parent": "body",
					"pivot": [0, 86, 0]
				},
				{
					"name": "rightArm",
					"parent": "arms",
					"pivot": [-21, 87, 0],
					"rotation": [-180, 0, 180]
				},
				{
					"name": "limbs2",
					"parent": "rightArm",
					"pivot": [-43.75396, -64.93256, 0]
				},
				{
					"name": "limb4",
					"parent": "limbs2",
					"pivot": [-43.75396, -64.93256, 0],
					"cubes": [
						{"origin": [-23.2898, 58.94761, -13.00252], "size": [15.08805, 20.11741, 15.92627], "pivot": [-42.02797, 66.44713, -6.84501], "rotation": [0, 0, -30], "uv": [108, 335]}
					]
				},
				{
					"name": "limb5",
					"parent": "limbs2",
					"pivot": [-11.46493, 73.41203, -5.37972],
					"rotation": [0, 0, 17.5],
					"cubes": [
						{"origin": [-17.09457, 57.62491, -11.32607], "size": [11.73516, 16.11741, 11.73516], "pivot": [-12.22699, 63.68361, -5.45849], "rotation": [0, 0, -30], "uv": [137, 92]}
					]
				},
				{
					"name": "limb6",
					"parent": "limb5",
					"pivot": [-4.14254, 60.91407, -5.45849],
					"rotation": [20.15874, -7.04533, -2.57816],
					"cubes": [
						{"origin": [-14.54508, 38.85712, -11.32607], "size": [11.73516, 21.17609, 11.73516], "pivot": [-8.23968, 59.70349, -5.45849], "rotation": [0, 0, -20], "uv": [0, 81]}
					]
				},
				{
					"name": "hand2",
					"parent": "limb6",
					"pivot": [-2.36043, 40.71103, -5.59401],
					"rotation": [179.83993, 19.63206, 159.91393],
					"cubes": [
						{"origin": [-8.36691, 37.06206, -10.75207], "size": [11.06, 3.16, 10.27], "uv": [93, 227]}
					]
				},
				{
					"name": "finger4",
					"parent": "hand2",
					"pivot": [-1.14453, 38.76181, -9.35707],
					"cubes": [
						{"origin": [-2.11953, 30.81181, -12.33207], "size": [3.95, 7.9, 3.95], "pivot": [-0.14453, 34.76181, -10.35707], "rotation": [-17.5, 0, -22.5], "uv": [99, 213]}
					]
				},
				{
					"name": "bone8",
					"parent": "finger4",
					"pivot": [1.46985, 32.45013, -12.95477],
					"cubes": [
						{"origin": [0.49485, 24.50013, -12.92977], "size": [3.95, 7.9, 3.95], "pivot": [2.46985, 28.45013, -10.95477], "rotation": [7.5, 0, -22.5], "uv": [87, 213]}
					]
				},
				{
					"name": "main2",
					"parent": "hand2",
					"pivot": [-4.41691, 37.69206, -5.61707],
					"rotation": [0, 0, -7.5],
					"cubes": [
						{"origin": [-6.78691, 32.32206, -10.75207], "size": [4.74, 4.74, 10.27], "uv": [335, 325]}
					]
				},
				{
					"name": "item",
					"parent": "main2",
					"pivot": [-1.64746, 28.59474, 8.91695],
					"rotation": [0, 0, -117.5],
					"cubes": [
						{"origin": [-3.64746, 26.59474, -46.74402], "size": [4, 4, 67], "pivot": [-1.64746, 28.59474, -9.24402], "rotation": [0, 0, -180], "uv": [0, 156]},
						{"origin": [-3.64746, 26.59474, -71.74402], "size": [4, 4, 67], "pivot": [-1.64746, 28.59474, -9.24402], "rotation": [0, 0, -180], "uv": [0, 156]},
						{"origin": [-5.64746, 6.59474, 20.25598], "size": [8, 44, 4], "pivot": [-1.64746, 28.59474, -9.24402], "rotation": [0, 0, 90], "uv": [75, 156]},
						{"origin": [-4.64746, 7.59474, 24.25598], "size": [6, 42, 4], "pivot": [-1.64746, 28.59474, 24.25598], "rotation": [0, 0, 90], "uv": [168, 335]},
						{"origin": [-4.64746, 7.59474, 24.25598], "size": [6, 42, 4], "pivot": [-1.64746, 28.59474, 24.25598], "rotation": [0, 7.5, 90], "uv": [168, 335]},
						{"origin": [-4.64746, 7.59474, 24.25598], "size": [6, 42, 4], "pivot": [-1.64746, 28.59474, 24.25598], "rotation": [0, -7.5, 90], "uv": [168, 335]}
					]
				},
				{
					"name": "finger1",
					"parent": "main2",
					"pivot": [-4.02191, 32.37206, -10.35707],
					"cubes": [
						{"origin": [-5.99691, 24.42206, -12.33207], "size": [3.95, 7.9, 3.95], "pivot": [-4.02191, 28.37206, -10.35707], "rotation": [0, 0, -5], "uv": [75, 213]}
					]
				},
				{
					"name": "bone5",
					"parent": "finger1",
					"pivot": [-5.2148, 24.80926, -10.35707],
					"rotation": [0, 0, -10],
					"cubes": [
						{"origin": [-3.73667, 19.79213, -12.33207], "size": [3.95, 6.32, 3.95], "pivot": [-1.76167, 22.16213, -10.35707], "rotation": [0, 0, -35], "uv": [45, 178]}
					]
				},
				{
					"name": "finger2",
					"parent": "main2",
					"pivot": [-4.02191, 32.37206, -5.61707],
					"cubes": [
						{"origin": [-5.99691, 24.42206, -7.59207], "size": [3.95, 7.9, 3.95], "pivot": [-4.02191, 28.37206, -5.61707], "rotation": [0, 0, -5], "uv": [75, 213]}
					]
				},
				{
					"name": "bone6",
					"parent": "finger2",
					"pivot": [-5.2148, 24.80926, -5.61707],
					"rotation": [0, 0, -10],
					"cubes": [
						{"origin": [-3.73667, 19.79213, -7.59207], "size": [3.95, 6.32, 3.95], "pivot": [-1.76167, 22.16213, -5.61707], "rotation": [0, 0, -35], "uv": [45, 178]}
					]
				},
				{
					"name": "finger3",
					"parent": "main2",
					"pivot": [-4.02191, 32.37206, -0.87708],
					"cubes": [
						{"origin": [-5.99691, 24.42206, -2.85208], "size": [3.95, 7.9, 3.95], "pivot": [-4.02191, 28.37206, -0.87708], "rotation": [0, 0, -5], "uv": [75, 213]}
					]
				},
				{
					"name": "bone7",
					"parent": "finger3",
					"pivot": [-5.2148, 24.80926, -0.87708],
					"rotation": [0, 0, -10],
					"cubes": [
						{"origin": [-3.73667, 19.79213, -2.85208], "size": [3.95, 6.32, 3.95], "pivot": [-1.76167, 22.16213, -0.87708], "rotation": [0, 0, -35], "uv": [45, 178]}
					]
				},
				{
					"name": "leftArm",
					"parent": "arms",
					"pivot": [19, 87, 0]
				},
				{
					"name": "limbs4",
					"parent": "leftArm",
					"pivot": [0.24604, -64.93256, 0]
				},
				{
					"name": "limb2",
					"parent": "limbs4",
					"pivot": [0.24604, -64.93256, 0],
					"cubes": [
						{"origin": [16.7953, 58.94761, -2.92375], "size": [15.08805, 20.11741, 15.92627], "pivot": [-1.94287, 66.44713, 3.23376], "rotation": [0, 0, -30], "uv": [333, 232]}
					]
				},
				{
					"name": "limb3",
					"parent": "limbs4",
					"pivot": [29.53507, 74.41203, 4.62028],
					"rotation": [0, 0, 17.5],
					"cubes": [
						{"origin": [23.33358, 57.39608, -1.2473], "size": [11.73516, 16.11741, 11.73516], "pivot": [28.20116, 63.45478, 4.62028], "rotation": [0, 0, -30], "uv": [137, 92]}
					]
				},
				{
					"name": "limb10",
					"parent": "limb3",
					"pivot": [37.28561, 60.68524, 4.62028],
					"cubes": [
						{"origin": [25.88307, 38.62828, -1.2473], "size": [11.73516, 21.17609, 11.73516], "pivot": [32.18847, 59.47465, 4.62028], "rotation": [0, 0, -20], "uv": [0, 81]}
					]
				},
				{
					"name": "hand4",
					"parent": "limb10",
					"pivot": [39.22421, 40.70172, 4.51021],
					"rotation": [179.84923, -0.36787, 159.96868],
					"cubes": [
						{"origin": [34.37926, 37.24273, -0.61544], "size": [11.06, 3.16, 10.27], "uv": [137, 119]}
					]
				},
				{
					"name": "finger5",
					"parent": "hand4",
					"pivot": [41.62593, 37.79603, 8.83344],
					"rotation": [-173.20667, -7.35559, 137.06283],
					"cubes": [
						{"origin": [41.21425, 31.32313, 6.4638], "size": [3.95, 7.9, 3.95], "pivot": [43.18925, 35.27313, 8.4388], "rotation": [-17.5, 0, -22.5], "uv": [52, 209]}
					]
				},
				{
					"name": "bone10",
					"parent": "finger5",
					"pivot": [43.80363, 31.96145, 5.8411],
					"cubes": [
						{"origin": [43.82863, 25.01145, 5.8661], "size": [3.95, 7.9, 3.95], "pivot": [45.80363, 28.96145, 7.8411], "rotation": [7.5, 0, -22.5], "uv": [36, 0]}
					]
				},
				{
					"name": "main3",
					"parent": "hand4",
					"pivot": [38.32926, 36.87273, 4.51956],
					"cubes": [
						{"origin": [35.95926, 32.50273, -0.61544], "size": [4.74, 4.74, 10.27], "uv": [174, 288]}
					]
				},
				{
					"name": "finger6",
					"parent": "main3",
					"pivot": [38.72426, 32.55273, -0.22044],
					"cubes": [
						{"origin": [36.74926, 24.60273, -2.19544], "size": [3.95, 7.9, 3.95], "pivot": [38.72426, 28.55273, -0.22044], "rotation": [0, 0, -5], "uv": [0, 0]}
					]
				},
				{
					"name": "bone11",
					"parent": "finger6",
					"pivot": [37.53138, 23.98993, -0.22044],
					"cubes": [
						{"origin": [39.0095, 19.9728, -2.19544], "size": [3.95, 6.32, 3.95], "pivot": [40.9845, 22.3428, -0.22044], "rotation": [0, 0, -35], "uv": [33, 178]}
					]
				},
				{
					"name": "finger7",
					"parent": "main3",
					"pivot": [38.72426, 32.55273, 4.51956],
					"cubes": [
						{"origin": [36.74926, 24.60273, 2.54456], "size": [3.95, 7.9, 3.95], "pivot": [38.72426, 28.55273, 4.51956], "rotation": [0, 0, -5], "uv": [0, 0]}
					]
				},
				{
					"name": "bone12",
					"parent": "finger7",
					"pivot": [37.53138, 24.98993, 4.51956],
					"cubes": [
						{"origin": [39.0095, 19.9728, 2.54456], "size": [3.95, 6.32, 3.95], "pivot": [40.9845, 22.3428, 4.51956], "rotation": [0, 0, -35], "uv": [33, 178]}
					]
				},
				{
					"name": "finger8",
					"parent": "main3",
					"pivot": [38.72426, 32.55273, 9.25956],
					"cubes": [
						{"origin": [36.74926, 24.60273, 7.28456], "size": [3.95, 7.9, 3.95], "pivot": [38.72426, 28.55273, 9.25956], "rotation": [0, 0, -5], "uv": [0, 0]}
					]
				},
				{
					"name": "bone13",
					"parent": "finger8",
					"pivot": [35.55566, 24.84348, 19.31343],
					"cubes": [
						{"origin": [39.0095, 19.9728, 7.28456], "size": [3.95, 6.32, 3.95], "pivot": [40.9845, 22.3428, 9.25956], "rotation": [0, 0, -35], "uv": [33, 178]}
					]
				},
				{
					"name": "torso",
					"parent": "body",
					"pivot": [-2.72462, 30.62511, 0],
					"cubes": [
						{"origin": [-22.57018, 93.20679, 2.10559], "size": [21.4703, 1.67646, 6.7058], "pivot": [-12.83504, 94.04499, 5.4585], "rotation": [0, 0, -2.5], "uv": [0, 34]},
						{"origin": [-18.92521, 93.03518, 0.42913], "size": [19.11741, 1.67646, 10.05871], "pivot": [3.08647, 64.77068, 3.23376], "rotation": [0, 0, -2.5], "uv": [0, 227]},
						{"origin": [-2.40474, 92.66907, 0.42913], "size": [21.79384, 1.67646, 10.05871], "pivot": [3.08647, 64.77068, 3.23376], "rotation": [0, 0, 2.5], "uv": [0, 209]},
						{"origin": [-18.71299, 89.10826, -5.06545], "size": [35.20546, 3.35291, 12.05871], "pivot": [-1.11026, 90.78471, 1.96391], "rotation": [17.5, 0, 0], "uv": [314, 66]},
						{"origin": [8.61058, 53.64558, -22.55037], "size": [9.55834, 2.7938, 21.98867], "pivot": [3.08647, 64.77068, 3.23376], "rotation": [-90, 0, 0], "uv": [330, 283]},
						{"origin": [-20.38942, 53.63425, -22.55037], "size": [9.55834, 2.7938, 21.98867], "pivot": [4.08647, 64.75935, 3.23376], "rotation": [-90, 0, 0], "uv": [330, 283]},
						{"origin": [8.16892, 53.63425, -15.55037], "size": [1.55834, 2, 14.98867], "pivot": [24.64481, 64.75935, 3.23376], "rotation": [-90, 0, 0], "uv": [174, 270]},
						{"origin": [7.16892, 53.63425, -11.55037], "size": [1.55834, 2, 10.98867], "pivot": [24.64481, 64.75935, 3.23376], "rotation": [-90, 0, 0], "uv": [34, 44]},
						{"origin": [6.16892, 53.63425, -9.55037], "size": [1.55834, 2, 8.98867], "pivot": [24.64481, 64.75935, 3.23376], "rotation": [-90, 0, 0], "uv": [132, 22]},
						{"origin": [5.16892, 53.63425, -7.55037], "size": [1.55834, 2, 6.98867], "pivot": [24.64481, 64.75935, 3.23376], "rotation": [-90, 0, 0], "uv": [16, 178]},
						{"origin": [4.16892, 53.63425, -5.55037], "size": [1.55834, 2, 4.98867], "pivot": [24.64481, 64.75935, 3.23376], "rotation": [-90, 0, 0], "uv": [44, 106]},
						{"origin": [2.16892, 53.63425, -3.55037], "size": [2.55834, 2, 2.98867], "pivot": [24.64481, 64.75935, 3.23376], "rotation": [-90, 0, 0], "uv": [17, 129]},
						{"origin": [-10.83108, 52.63425, -14.55037], "size": [1.55834, 2, 14.98867], "pivot": [23.64481, 64.75935, 4.23376], "rotation": [-90, 0, 0], "uv": [174, 270]},
						{"origin": [-9.83108, 52.63425, -1.55037], "size": [6.55834, 2, 1.98867], "pivot": [23.64481, 64.75935, 4.23376], "rotation": [-90, 0, 0], "uv": [137, 88]},
						{"origin": [-9.83108, 52.63425, -3.55037], "size": [4.55834, 2, 1.98867], "pivot": [23.64481, 64.75935, 4.23376], "rotation": [-90, 0, 0], "uv": [46, 51]},
						{"origin": [-9.83108, 52.63425, -6.55037], "size": [3.55834, 2, 2.98867], "pivot": [23.64481, 64.75935, 4.23376], "rotation": [-90, 0, 0], "uv": [137, 91]},
						{"origin": [-9.83108, 52.63425, -9.55037], "size": [2.55834, 2, 2.98867], "pivot": [23.64481, 64.75935, 4.23376], "rotation": [-90, 0, 0], "uv": [17, 129]},
						{"origin": [8.16892, 53.6342, -13.55037], "size": [1.55834, 2, 13.98867], "pivot": [23.64481, 64.75935, 4.23376], "rotation": [-90, 0, 0], "uv": [191, 273]},
						{"origin": [4.998, 64.71267, 3.44963], "size": [2.55834, 2, 10.98867], "pivot": [11.47389, 74.83776, 2.23376], "rotation": [-90, 0, 35], "uv": [236, 346]},
						{"origin": [-3.84817, 64.68016, -13.55037], "size": [2.55834, 2, 10.98867], "pivot": [19.62772, 75.80526, 3.23376], "rotation": [-90, 0, -35], "uv": [236, 346]},
						{"origin": [7.15373, 74.84989, 3.44963], "size": [2.55834, 2, 10.98867], "pivot": [13.62962, 84.97499, 2.23376], "rotation": [-90, 0, 15], "uv": [353, 329]},
						{"origin": [-11.75939, 75.03899, 4.44963], "size": [2.55834, 2, 10.98867], "pivot": [-11.2835, 86.16408, 3.23376], "rotation": [-90, 0, -16], "uv": [236, 346]},
						{"origin": [7.30242, 85.42023, 7.44963], "size": [2.55834, 2, 6.98867], "pivot": [13.77831, 95.54533, 2.23376], "rotation": [-90, 0, 2.5], "uv": [0, 178]},
						{"origin": [-11.71762, 84.82233, 8.44963], "size": [2.55834, 2, 6.98867], "pivot": [-5.24173, 95.94743, 3.23376], "rotation": [-90, 0, -2.5], "uv": [0, 178]},
						{"origin": [-22.06593, 56, -21.55037], "size": [41.9113, 20.44096, 55.31221], "pivot": [3.08647, 64.77068, 3.23376], "rotation": [-90, 0, 0], "uv": [0, 81]},
						{"origin": [-15.36008, 89.51085, 2.60063], "size": [28.49966, 3.35291, 13.05871], "pivot": [-1.11025, 91.18731, 8.62998], "rotation": [-20, 0, 0], "uv": [317, 193]},
						{"origin": [-2.40474, 93.5073, 2.10559], "size": [21.79384, 1.67646, 6.7058], "pivot": [3.08647, 64.77068, 3.23376], "rotation": [0, 0, 2.5], "uv": [0, 34]},
						{"origin": [-20.38942, 53.64558, -0.55037], "size": [38.55834, 23.7938, 34.98867], "pivot": [3.08647, 64.77068, 3.23376], "rotation": [-90, 0, 0], "uv": [108, 213]}
					]
				},
				{
					"name": "bone4",
					"parent": "torso",
					"pivot": [3.08647, 64.77068, 3.23376],
					"cubes": [
						{"origin": [-20.38942, 55.64558, -22.55037], "size": [38.55834, 22.7938, 56.98867], "pivot": [3.08647, 64.77068, 3.23376], "rotation": [-90, 0, 0], "uv": [136, 100]},
						{"origin": [-21.38944, 52.7, -21.75657], "size": [38.55834, 25, 56.98867], "pivot": [3.08647, 64.77068, 4.02756], "rotation": [-90, 0, 0], "uv": [0, 0]}
					]
				},
				{
					"name": "head_structure",
					"parent": "upper",
					"pivot": [0, 90, 4]
				},
				{
					"name": "head",
					"parent": "head_structure",
					"pivot": [-1.04701, 90.8348, 4.66087],
					"cubes": [
						{"origin": [8.57608, 90.08488, -10.90874], "size": [12.94472, 12.01912, 31.13209], "pivot": [15.90812, 134.38164, 4.65731], "rotation": [0, 0, 30], "uv": [317, 150]},
						{"origin": [-5.11489, 95.33745, -10.90874], "size": [12.48892, 12.01912, 31.13209], "pivot": [0.84974, 101.34701, 4.65731], "rotation": [0, 0, -30], "uv": [314, 23]},
						{"origin": [-82.49925, 52.48997, -10.90874], "size": [0, 12.56608, 31.13209], "pivot": [7.46794, 56.73526, 4.65731], "rotation": [0, 0, 67.5], "uv": [0, 166]},
						{"origin": [-86.31135, 161.47142, -10.90874], "size": [34.92697, 34.44448, 31.13209], "pivot": [-59.99689, 131.65904, 4.65731], "rotation": [0, 0, 80], "uv": [218, 182]},
						{"origin": [-58.30133, 141.11976, -10.90874], "size": [33.10377, 27.15168, 31.13209], "pivot": [-54.77686, 109.48417, 4.65731], "rotation": [0, 0, 60], "uv": [268, 92]},
						{"origin": [34.68391, 119.06426, -10.90874], "size": [34.01537, 26.24008, 31.13209], "pivot": [39.11997, 87.42868, 4.65731], "rotation": [0, 0, -60], "uv": [221, 247]},
						{"origin": [-30.36278, 153.25375, -10.90874], "size": [23.9723, 33.16824, 31.13209], "pivot": [-16.59763, 170.74947, 4.65731], "rotation": [0, 0, 97], "uv": [0, 304]},
						{"origin": [22.48894, 158.9388, -10.90874], "size": [31.7546, 32.18371, 31.13209], "pivot": [42.42221, 146.29834, 4.65731], "rotation": [0, 0, -80], "uv": [0, 239]},
						{"origin": [52.47956, 159.27234, -10.90874], "size": [1.727, 10.30531, 31.13209], "pivot": [42.38523, 146.63187, 4.65731], "rotation": [0, 0, -80], "uv": [0, 156]},
						{"origin": [57.59815, 162.28359, -10.90874], "size": [25.285, 33.09531, 31.13209], "pivot": [45.62541, 149.64312, 4.65731], "rotation": [0, 0, -95], "uv": [93, 271]},
						{"origin": [82.59815, 162.28359, -10.90874], "size": [4.285, 33.09531, 31.13209], "pivot": [45.62541, 149.64312, 4.65731], "rotation": [0, 0, -95], "uv": [296, 315]},
						{"origin": [-7.65884, 74.82428, -1.50234], "size": [12.39776, 22.97232, 12.39776], "uv": [0, 0]}
					]
				},
				{
					"name": "layer",
					"parent": "head",
					"pivot": [0.62982, 93.33994, 4.32258],
					"cubes": [
						{"origin": [-32.37018, 147.85994, -11], "size": [61, 42, 0], "uv": [205, 304]}
					]
				},
				{
					"name": "hat2",
					"parent": "head",
					"pivot": [-1.4381, 180.95143, 4.8195],
					"rotation": [0, 0, -5],
					"cubes": [
						{"origin": [-33.36492, 183.14146, -12.10732], "size": [63.85365, 6.96749, 33.85365], "uv": [155, 53]},
						{"origin": [-32.49118, 186.10895, -11.23358], "size": [62.10616, 21.24246, 32.10616], "uv": [132, 0]},
						{"origin": [-30.61744, 207.35142, -9.35984], "size": [58.35867, 7.74749, 28.35867], "uv": [75, 178]},
						{"origin": [-24.61744, 213.35142, -3.35984], "size": [46.35867, 7.74749, 16.35867], "uv": [288, 0]}
					]
				},
				{
					"name": "face_structure",
					"parent": "head",
					"pivot": [0, -116.84, 0]
				},
				{
					"name": "nose",
					"parent": "face_structure",
					"pivot": [-1.23181, 141.52603, -11.94709],
					"rotation": [17.5, 90, 0],
					"cubes": [
						{"origin": [-3.05486, 130.47452, -9.82345], "size": [3.6461, 14.5844, 3.6461], "uv": [254, 360]},
						{"origin": [-3.05486, 130.82588, -6.61513], "size": [3.6461, 5.46915, 3.6461], "pivot": [-1.23181, 132.64893, -4.79208], "rotation": [12.5, 0, 0], "uv": [214, 92]},
						{"origin": [-3.05486, 126.63998, -2.1875], "size": [3.6461, 3.6461, 1.82305], "pivot": [-1.23181, 128.46303, -7.65665], "rotation": [47.5, 0, 0], "uv": [0, 129]},
						{"origin": [-3.05486, 122.87026, 1.78496], "size": [3.6461, 7.2922, 1.82305], "pivot": [-1.23181, 124.69331, -9.15334], "rotation": [55, 0, 0], "uv": [44, 81]},
						{"origin": [-3.05486, 122.87005, 4.72775], "size": [3.6461, 3.6461, 1.82305], "pivot": [-1.23181, 124.6931, -6.21055], "rotation": [67.5, 0, 0], "uv": [0, 125]},
						{"origin": [-3.05486, 123.11399, 8.99715], "size": [3.6461, 9.11525, 1.82305], "pivot": [-1.23181, 124.93704, -1.94115], "rotation": [87.5, 0, 0], "uv": [46, 41]},
						{"origin": [-3.05486, 124.71007, 11.96274], "size": [3.6461, 7.2922, 1.82305], "pivot": [-1.23181, 126.53312, 1.02444], "rotation": [102.5, 0, 0], "uv": [33, 81]},
						{"origin": [-3.05486, 133.69701, 17.74706], "size": [3.6461, 7.2922, 3.6461], "pivot": [-1.23181, 130.05091, 6.80876], "rotation": [107.5, 0, 0], "uv": [125, 227]},
						{"origin": [-3.05486, 130.66683, -11.28413], "size": [3.6461, 16.40745, 3.6461], "pivot": [-1.23181, 138.87056, -9.46108], "rotation": [-15, 0, 0], "uv": [320, 247]},
						{"origin": [-3.05486, 131.21634, -14.88173], "size": [3.6461, 18.2305, 6.6461], "pivot": [-1.23181, 140.3316, -11.55868], "rotation": [-14.5, 0, 0], "uv": [188, 340]},
						{"origin": [-3.05486, 130.86107, -20.41878], "size": [3.6461, 18.2305, 3.6461], "pivot": [-1.23181, 132.68412, -11.30352], "rotation": [-15, 0, 0], "uv": [77, 302]},
						{"origin": [-3.05486, 130.88425, -22.05082], "size": [3.6461, 16.40745, 3.6461], "pivot": [-1.23181, 132.7073, -11.11252], "rotation": [-15, 0, 0], "uv": [179, 116]},
						{"origin": [-3.05486, 130.52476, -25.7088], "size": [3.6461, 14.5844, 3.6461], "pivot": [-1.23181, 132.34781, -14.7705], "rotation": [-25, 0, 0], "uv": [242, 359]},
						{"origin": [-3.05486, 131.00521, -22.01543], "size": [3.6461, 14.5844, 1.6461], "pivot": [-1.23181, 132.82826, -13.07712], "rotation": [-17.5, 0, 0], "uv": [44, 91]},
						{"origin": [-3.05486, 129.3505, -30.1221], "size": [3.6461, 5.46915, 3.6461], "pivot": [-1.23181, 131.17355, -19.1838], "rotation": [-47.5, 0, 0], "uv": [202, 92]},
						{"origin": [-3.05486, 129.19159, -36.09673], "size": [3.6461, 3.6461, 3.6461], "pivot": [-1.23181, 131.01464, -25.15842], "rotation": [-82.5, 0, 0], "uv": [238, 92]},
						{"origin": [-3.05486, 132.36359, -40.43825], "size": [3.6461, 7.2922, 3.6461], "pivot": [-1.23181, 134.18664, -29.49995], "rotation": [-112.5, 0, 0], "uv": [86, 227]},
						{"origin": [-3.05486, 136.72145, -41.80389], "size": [3.6461, 7.2922, 3.6461], "pivot": [-1.23181, 138.5445, -30.86558], "rotation": [-135, 0, 0], "uv": [123, 213]},
						{"origin": [-3.05486, 139.66123, -39.77276], "size": [3.6461, 5.46915, 3.6461], "pivot": [-1.23181, 141.48428, -28.83446], "rotation": [-140, 0, 0], "uv": [190, 92]},
						{"origin": [-3.05486, 143.61387, -38.60482], "size": [3.6461, 3.6461, 3.6461], "pivot": [-1.23181, 145.43692, -27.66652], "rotation": [-157.5, 0, 0], "uv": [48, 227]},
						{"origin": [-3.05486, 147.03238, -36.30238], "size": [3.6461, 3.6461, 3.6461], "pivot": [-1.23181, 148.85543, -25.36407], "rotation": [-175, 0, 0], "uv": [226, 92]},
						{"origin": [-3.05486, 148.62127, -32.98793], "size": [3.6461, 3.6461, 3.6461], "pivot": [-1.23181, 150.44433, -22.04963], "rotation": [175, 0, 0], "uv": [10, 178]},
						{"origin": [-3.05486, 149.93821, -29.43526], "size": [3.6461, 3.6461, 3.6461], "pivot": [-1.23181, 151.76126, -18.49696], "rotation": [162.5, 0, 0], "uv": [120, 156]},
						{"origin": [-3.05486, 150.45494, -25.68179], "size": [3.6461, 3.6461, 3.6461], "pivot": [-1.23181, 152.27799, -14.74348], "rotation": [150, 0, 0], "uv": [54, 156]},
						{"origin": [-3.05486, 151.24011, -21.18295], "size": [3.6461, 7.2922, 3.6461], "pivot": [-1.23181, 153.06317, -10.24465], "rotation": [127.5, 0, 0], "uv": [111, 213]},
						{"origin": [-3.05486, 149.5105, -15.98879], "size": [3.6461, 5.46915, 1.82305], "pivot": [-1.23181, 151.33355, -6.87354], "rotation": [115, 0, 0], "uv": [46, 116]},
						{"origin": [-3.05486, 148.4262, -14.41578], "size": [3.6461, 7.2922, 1.82305], "pivot": [-1.23181, 150.24925, -5.30053], "rotation": [107.5, 0, 0], "uv": [0, 81]}
					]
				},
				{
					"name": "cheeks",
					"parent": "face_structure",
					"pivot": [-22.68, 135.16, -12.6]
				},
				{
					"name": "cheekboneLeft",
					"parent": "cheeks",
					"pivot": [-57, 134, -8],
					"cubes": [
						{"origin": [-31.76, 130.08, -13.852], "size": [22.68, 12.64, 0], "uv": [0, 113]}
					]
				},
				{
					"name": "octagon2",
					"parent": "cheekboneLeft",
					"pivot": [-58.51955, 132.72755, -7.28],
					"rotation": [0, -90, 0],
					"cubes": [
						{"origin": [-64.4864, 133.51961, -49.94007], "size": [5.93369, 4.91563, 8.59513], "pivot": [-61.51955, 135.97742, -44.00638], "rotation": [-22.5, 0, 0], "uv": [351, 267]},
						{"origin": [-64.4864, 133.51961, -49.94007], "size": [5.93369, 4.91563, 8.04975], "pivot": [-61.51955, 135.97742, -44.00638], "rotation": [22.5, 0, 0], "uv": [351, 267]},
						{"origin": [-64.4864, 130.04373, -46.4642], "size": [5.93369, 11.86738, 4.91563], "pivot": [-61.51955, 135.97742, -44.00638], "rotation": [-22.5, 0, 0], "uv": [224, 359]},
						{"origin": [-64.4864, 130.04373, -46.4642], "size": [5.93369, 11.86738, 4.91563], "pivot": [-61.51955, 135.97742, -44.00638], "rotation": [22.5, 0, 0], "uv": [224, 359]}
					]
				},
				{
					"name": "octagon",
					"parent": "cheekboneLeft",
					"pivot": [-77.88342, 116.91165, -7.28],
					"rotation": [0, 90, 0],
					"cubes": [
						{"origin": [-77.85027, 133.51961, 38.50631], "size": [5.93369, 4.91563, 8.59513], "pivot": [-74.88342, 135.97742, 44.44], "rotation": [-22.5, 0, 0], "uv": [351, 267]},
						{"origin": [-77.85027, 133.51961, 38.50631], "size": [5.93369, 4.91563, 8.04975], "pivot": [-74.88342, 135.97742, 44.44], "rotation": [22.5, 0, 0], "uv": [351, 267]},
						{"origin": [-77.85027, 130.04373, 41.98218], "size": [5.93369, 11.86738, 4.91563], "pivot": [-74.88342, 135.97742, 44.44], "rotation": [-22.5, 0, 0], "uv": [224, 359]},
						{"origin": [-77.85027, 129.58367, 44.44], "size": [5.93369, 12.81634, 4.37025], "uv": [206, 358]},
						{"origin": [-77.85027, 130.04373, 41.98218], "size": [5.93369, 11.86738, 4.91563], "pivot": [-74.88342, 135.97742, 44.44], "rotation": [22.5, 0, 0], "uv": [224, 359]}
					]
				},
				{
					"name": "cheekboneRight",
					"parent": "cheeks",
					"pivot": [-12, 134, -8],
					"cubes": [
						{"origin": [-75.76, 132.08, -13.852], "size": [22.68, 13.64, 0], "pivot": [-23.42, 136.9, -12.852], "rotation": [0, 0, -180], "uv": [0, 41]}
					]
				},
				{
					"name": "octagon3",
					"parent": "cheekboneRight",
					"pivot": [-13.51955, 132.72755, -7.28],
					"rotation": [0, -90, 0],
					"cubes": [
						{"origin": [-19.4864, 133.51961, -49.94007], "size": [5.93369, 4.91563, 8.59513], "pivot": [-16.51955, 135.97742, -44.00638], "rotation": [-22.5, 0, 0], "uv": [351, 267]},
						{"origin": [-19.4864, 133.51961, -49.94007], "size": [5.93369, 4.91563, 8.04975], "pivot": [-16.51955, 135.97742, -44.00638], "rotation": [22.5, 0, 0], "uv": [351, 267]},
						{"origin": [-19.4864, 130.04373, -46.4642], "size": [5.93369, 11.86738, 4.91563], "pivot": [-16.51955, 135.97742, -44.00638], "rotation": [-22.5, 0, 0], "uv": [224, 359]},
						{"origin": [-19.4864, 130.04373, -46.4642], "size": [5.93369, 11.86738, 4.91563], "pivot": [-16.51955, 135.97742, -44.00638], "rotation": [22.5, 0, 0], "uv": [224, 359]}
					]
				},
				{
					"name": "octagon4",
					"parent": "cheekboneRight",
					"pivot": [-32.88342, 116.91165, -7.28],
					"rotation": [0, 90, 0],
					"cubes": [
						{"origin": [-32.85027, 133.51961, 38.50631], "size": [5.93369, 4.91563, 8.59513], "pivot": [-29.88342, 135.97742, 44.44], "rotation": [-22.5, 0, 0], "uv": [351, 267]},
						{"origin": [-32.85027, 133.51961, 38.50631], "size": [5.93369, 4.91563, 8.04975], "pivot": [-29.88342, 135.97742, 44.44], "rotation": [22.5, 0, 0], "uv": [351, 267]},
						{"origin": [-32.85027, 130.04373, 41.98218], "size": [5.93369, 11.86738, 4.91563], "pivot": [-29.88342, 135.97742, 44.44], "rotation": [-22.5, 0, 0], "uv": [224, 359]},
						{"origin": [-32.85027, 129.58367, 44.44], "size": [5.93369, 12.81634, 4.37025], "uv": [206, 358]},
						{"origin": [-32.85027, 130.04373, 41.98218], "size": [5.93369, 11.86738, 4.91563], "pivot": [-29.88342, 135.97742, 44.44], "rotation": [22.5, 0, 0], "uv": [224, 359]}
					]
				},
				{
					"name": "mouth",
					"parent": "face_structure",
					"pivot": [-1.66267, 121.14206, -10.73502],
					"cubes": [
						{"origin": [-3.31831, 101.5685, -11.36502], "size": [7.504, 3.9, 1.26], "pivot": [-2.56631, 103.0185, -10.73502], "rotation": [0, 0, -80], "uv": [17, 125]},
						{"origin": [-8.16136, 84.23836, -11.36502], "size": [10.504, 4.2, 1.26], "pivot": [10.59064, 95.15636, -10.73502], "rotation": [0, 0, 83], "uv": [137, 81]},
						{"origin": [9.63001, 106.3525, -11.36502], "size": [1.504, 30.836, 1.26], "pivot": [-0.11799, 119.77047, -10.73502], "rotation": [0, 0, 30], "uv": [48, 0]},
						{"origin": [-0.36999, 123.3525, -11.36502], "size": [11.504, 5.836, 1.26], "pivot": [-0.11799, 119.77047, -10.73502], "rotation": [0, 0, 30], "uv": [26, 129]},
						{"origin": [-1.36999, 106.3525, -11.36502], "size": [11.504, 17.836, 1.26], "pivot": [-0.11799, 119.77047, -10.73502], "rotation": [0, 0, 30], "uv": [324, 150]},
						{"origin": [-10.51267, 96.03169, -11.36502], "size": [1.504, 30.836, 1.26], "pivot": [-20.26067, 109.44966, -10.73502], "rotation": [0, 0, -30], "uv": [48, 0]},
						{"origin": [-20.24122, 124.8224, -11.36502], "size": [2.504, 4.836, 1.26], "pivot": [-18.0514, 129.49873, -10.73502], "rotation": [0, 0, -62.5], "uv": [0, 34]},
						{"origin": [-19.24122, 121.8224, -11.36502], "size": [1.504, 7.836, 1.26], "pivot": [-18.0514, 129.49873, -10.73502], "rotation": [0, 0, -32.5], "uv": [48, 31]},
						{"origin": [-9.51267, 96.03169, -11.36502], "size": [12.504, 18.836, 1.26], "pivot": [-20.26067, 109.44966, -10.73502], "rotation": [0, 0, -30], "uv": [335, 306]},
						{"origin": [11.45812, 112.03391, -11.36502], "size": [1.504, 17.836, 1.26], "pivot": [-3.28988, 112.45188, -10.73502], "rotation": [0, 0, -85], "uv": [52, 19]},
						{"origin": [5.45812, 111.03391, -11.36502], "size": [6.504, 14.836, 1.26], "pivot": [-3.28988, 112.45188, -10.73502], "rotation": [0, 0, -85], "uv": [206, 270]},
						{"origin": [15.78412, 122.52731, -11.36502], "size": [1.4, 6.836, 1.26], "pivot": [16.69358, 128.93389, -10.73502], "rotation": [0, 0, 67.5], "uv": [50, 129]},
						{"origin": [14.78412, 122.52731, -11.36502], "size": [4.4, 3.836, 1.26], "pivot": [16.69358, 128.93389, -10.73502], "rotation": [0, 0, 67.5], "uv": [44, 112]},
						{"origin": [15.78412, 122.52731, -11.36502], "size": [1.4, 6.836, 1.26], "pivot": [16.69358, 128.93389, -10.73502], "rotation": [0, 0, 50], "uv": [50, 129]},
						{"origin": [15.68012, 121.52731, -11.36502], "size": [1.504, 7.836, 1.26], "pivot": [16.69358, 128.93389, -10.73502], "rotation": [0, 0, 35], "uv": [48, 31]},
						{"origin": [-1.269, 128.1826, -11.36502], "size": [1.504, 18.836, 1.26], "pivot": [-1.3014, 128.63485, -10.73502], "rotation": [0, 0, 85.7], "uv": [52, 0]},
						{"origin": [17.14391, 130, -11.36502], "size": [5.504, 8, 1.26], "pivot": [-1.60409, 143.15472, -10.73502], "rotation": [0, 0, 87], "uv": [0, 260]},
						{"origin": [14.14391, 129, -11.36502], "size": [6.504, 27, 1.26], "pivot": [-1.60409, 143.15472, -10.73502], "rotation": [0, 0, 87], "uv": [93, 240]}
					]
				},
				{
					"name": "eyes",
					"parent": "face_structure",
					"pivot": [0, -38, 4]
				},
				{
					"name": "face",
					"parent": "eyes",
					"pivot": [-9.09426, 151.76112, -7.50655],
					"rotation": [0, 0, 7.5],
					"cubes": [
						{"origin": [-14.55876, 151.85148, -11.67944], "size": [7.686, 13.8348, 9.2232], "pivot": [-10.23007, 151.2683, -7.06784], "rotation": [0, 0, -20], "uv": [132, 0]},
						{"origin": [-18.24584, 159.32075, -11.67944], "size": [3.0744, 4.6116, 9.2232], "pivot": [-18.45209, 163.16375, -7.06784], "rotation": [0, 0, -92.5], "uv": [353, 316]},
						{"origin": [-17.74289, 160.66338, -11.67944], "size": [1.5372, 4.6116, 9.2232], "pivot": [-19.48633, 164.50638, -7.06784], "rotation": [0, 0, -62.5], "uv": [35, 116]},
						{"origin": [-17.96725, 162.34327, -11.67944], "size": [1.5372, 4.6116, 9.2232], "pivot": [-19.7107, 166.18627, -7.06784], "rotation": [0, 0, -32.5], "uv": [35, 116]},
						{"origin": [-16.12049, 163.63919, -11.67944], "size": [1.5372, 4.6116, 9.2232], "pivot": [-17.86394, 164.40779, -7.06784], "rotation": [0, 0, -17.5], "uv": [35, 116]},
						{"origin": [-16.51727, 164.08198, -11.67944], "size": [4.6116, 3.0744, 9.2232], "pivot": [-15.18632, 164.85058, -7.06784], "rotation": [0, 0, -32.5], "uv": [348, 209]},
						{"origin": [-17.18589, 165.2343, -11.67944], "size": [4.6116, 1.5372, 9.2232], "pivot": [-15.85494, 166.0029, -7.06784], "rotation": [0, 0, -62.5], "uv": [0, 125]},
						{"origin": [-13.17173, 165.13136, -11.67944], "size": [1.5372, 1.5372, 9.2232], "pivot": [-14.91518, 165.89996, -7.06784], "rotation": [0, 0, -105], "uv": [33, 81]}
					]
				},
				{
					"name": "face5",
					"parent": "eyes",
					"pivot": [4.44139, 150.83567, -7.50655],
					"rotation": [0, 0, 27.5],
					"cubes": [
						{"origin": [2.84232, 152.77698, -11.67944], "size": [7.686, 13.8348, 9.2232], "pivot": [7.17101, 152.19378, -7.06784], "rotation": [0, 0, -20], "uv": [132, 0]},
						{"origin": [-0.84475, 160.24625, -11.67944], "size": [3.0744, 4.6116, 9.2232], "pivot": [-1.051, 164.08925, -7.06784], "rotation": [0, 0, -92.5], "uv": [353, 316]},
						{"origin": [-0.34181, 161.58888, -11.67944], "size": [1.5372, 4.6116, 9.2232], "pivot": [-2.08525, 165.43188, -7.06784], "rotation": [0, 0, -62.5], "uv": [35, 116]},
						{"origin": [-0.56616, 163.26877, -11.67944], "size": [1.5372, 4.6116, 9.2232], "pivot": [-2.30962, 167.11177, -7.06784], "rotation": [0, 0, -32.5], "uv": [35, 116]},
						{"origin": [1.2806, 164.56469, -11.67944], "size": [1.5372, 4.6116, 9.2232], "pivot": [-0.46285, 165.33329, -7.06784], "rotation": [0, 0, -17.5], "uv": [35, 116]},
						{"origin": [0.88382, 165.00748, -11.67944], "size": [4.6116, 3.0744, 9.2232], "pivot": [2.21476, 165.77608, -7.06784], "rotation": [0, 0, -32.5], "uv": [348, 209]},
						{"origin": [0.2152, 166.15978, -11.67944], "size": [4.6116, 1.5372, 9.2232], "pivot": [1.54614, 166.92838, -7.06784], "rotation": [0, 0, -62.5], "uv": [0, 125]},
						{"origin": [4.22935, 166.05686, -11.67944], "size": [1.5372, 1.5372, 9.2232], "pivot": [2.48591, 166.82546, -7.06784], "rotation": [0, 0, -105], "uv": [33, 81]}
					]
				},
				{
					"name": "lower",
					"pivot": [0, -147.16, 0]
				},
				{
					"name": "rightLeg",
					"parent": "lower",
					"pivot": [-10.73402, 33.21737, 1.93062],
					"cubes": [
						{"origin": [-14.22316, 21.67617, -0.48082], "size": [6.58219, 23.14726, 5.82251], "pivot": [-10.1367, 20.25595, 1.9656], "rotation": [-5, 0, 0], "uv": [268, 92]},
						{"origin": [-14.616, 26.71617, -1.26], "size": [7.308, 15.58726, 7.308], "pivot": [-10.1367, 20.25595, 1.9656], "rotation": [-5, 0, 0], "uv": [0, 238]}
					]
				},
				{
					"name": "bone9",
					"parent": "rightLeg",
					"pivot": [-11, 22, 3]
				},
				{
					"name": "shoes",
					"parent": "bone9",
					"pivot": [-10.78001, 22.57238, 2.61708],
					"cubes": [
						{"origin": [-14.22316, -0.50782, -1.07075], "size": [6.8863, 4.86093, 8.10155], "uv": [206, 346]},
						{"origin": [-14.22316, -0.50782, -5.12152], "size": [6.8863, 3.24062, 4.05077], "uv": [170, 92]},
						{"origin": [-14.46621, -0.50782, -5.12152], "size": [1.05321, 1.21522, 12.15232], "uv": [262, 347]},
						{"origin": [-14.46621, -0.50782, -5.36455], "size": [7.37241, 1.21522, 1.05321], "uv": [137, 86]},
						{"origin": [-8.14701, -0.50782, -5.12152], "size": [1.05321, 1.21522, 12.15232], "uv": [248, 346]},
						{"origin": [-14.46621, -0.50782, 6.22065], "size": [7.37241, 1.21522, 1.05321], "uv": [132, 53]}
					]
				},
				{
					"name": "bone",
					"parent": "shoes",
					"pivot": [-10.93206, 46.62409, 5.04],
					"cubes": [
						{"origin": [-14.22316, 4.00853, -0.86116], "size": [6.58219, 18.10726, 5.82251], "pivot": [-10.93206, 27.87975, 2.0501], "rotation": [5, 0, 0], "uv": [320, 23]},
						{"origin": [-14.616, 6.55617, -0.756], "size": [7.308, 15.58726, 7.308], "pivot": [-10.1367, 20.25595, 1.9656], "rotation": [5, 0, 0], "uv": [99, 156]}
					]
				},
				{
					"name": "leftLeg",
					"parent": "lower",
					"pivot": [8.06874, 33.61927, 4.78616],
					"rotation": [-2.5, 0, 0],
					"cubes": [
						{"origin": [4.558, 21.66665, 0.18222], "size": [6.58219, 23.14726, 5.82251], "pivot": [8.64448, 17.72643, 2.62861], "rotation": [-5, 0, 0], "uv": [219, 178]},
						{"origin": [4.31636, 26.70665, -0.44579], "size": [7.308, 15.58726, 7.308], "pivot": [-10.35632, 20.24643, 1.51981], "rotation": [-5, 0, 0], "uv": [33, 156]}
					]
				},
				{
					"name": "bone2",
					"parent": "leftLeg",
					"pivot": [8, 22, 4]
				},
				{
					"name": "shoes2",
					"parent": "bone2",
					"pivot": [7.69704, 22.55326, 3.49973],
					"cubes": [
						{"origin": [4.25389, -0.52694, -0.1881], "size": [6.8863, 4.86093, 8.10155], "uv": [58, 227]},
						{"origin": [4.25389, -0.52694, -4.23887], "size": [6.8863, 3.24062, 4.05077], "uv": [142, 22]},
						{"origin": [4.01083, -0.52694, -4.23887], "size": [1.05321, 1.21522, 12.15232], "uv": [222, 346]},
						{"origin": [4.01083, -0.52694, -4.4819], "size": [7.37241, 1.21522, 1.05321], "uv": [16, 54]},
						{"origin": [10.33003, -0.52694, -4.23887], "size": [1.05321, 1.21522, 12.15232], "uv": [312, 168]},
						{"origin": [4.01083, -0.52694, 7.1033], "size": [7.37241, 1.21522, 1.05321], "uv": [0, 54]}
					]
				},
				{
					"name": "bone3",
					"parent": "shoes2",
					"pivot": [7.84909, 44.09457, 5.70301],
					"cubes": [
						{"origin": [4.558, 3.98943, 0.02149], "size": [6.58219, 18.10726, 5.82251], "pivot": [7.84909, 27.86066, 2.93275], "rotation": [5, 0, 0], "uv": [0, 302]},
						{"origin": [4.31636, 6.54665, 0.05821], "size": [7.308, 15.58726, 7.308], "pivot": [-10.35632, 20.24643, 1.51981], "rotation": [5, 0, 0], "uv": [0, 156]}
					]
				}
			]
		}
	]
}