{
	"format_version": "1.12.0",
	"minecraft:geometry": [
		{
			"description": {
				"identifier": "geometry.minirod_mechanic",
				"texture_width": 512,
				"texture_height": 512,
				"visible_bounds_width": 10,
				"visible_bounds_height": 19,
				"visible_bounds_offset": [0, 5.5, 0]
			},
			"bones": [
				{
					"name": "minirodBase",
					"pivot": [0, 0, 0]
				},
				{
					"name": "rod",
					"parent": "minirodBase",
					"pivot": [0, 0, 0]
				},
				{
					"name": "main",
					"parent": "rod",
					"pivot": [0, 0, 0]
				},
				{
					"name": "upper",
					"parent": "main",
					"pivot": [0, 33, 0]
				},
				{
					"name": "body",
					"parent": "upper",
					"pivot": [-2.72462, -61.57965, 0]
				},
				{
					"name": "arms",
					"parent": "body",
					"pivot": [-2.72462, -66.60899, 0]
				},
				{
					"name": "rightArm",
					"parent": "arms",
					"pivot": [-21, 87, 0],
					"rotation": [-180, 0, 180]
				},
				{
					"name": "limbs2",
					"parent": "rightArm",
					"pivot": [-43.75396, -64.93256, 0]
				},
				{
					"name": "limb4",
					"parent": "limbs2",
					"pivot": [-43.75396, -64.93256, 0],
					"cubes": [
						{"origin": [-23.2898, 58.94761, -13.00252], "size": [15.08805, 20.11741, 15.92627], "pivot": [-42.02797, 66.44713, -6.84501], "rotation": [0, 0, -30], "uv": [236, 347]}
					]
				},
				{
					"name": "limb5",
					"parent": "limbs2",
					"pivot": [-10.5737, 74.53206, -5.45849],
					"rotation": [0, 0, 17.5],
					"cubes": [
						{"origin": [-16.71652, 57.40875, -11.32607], "size": [11.73516, 16.11741, 11.73516], "pivot": [-11.84894, 63.46745, -5.45849], "rotation": [0, 0, -30], "uv": [141, 335]}
					]
				},
				{
					"name": "limb6",
					"parent": "limb5",
					"pivot": [-3.76449, 60.69791, -5.45849],
					"rotation": [20.1587, 0, 0],
					"cubes": [
						{"origin": [-14.16703, 38.64096, -11.32607], "size": [11.73516, 21.17609, 11.73516], "pivot": [-7.86163, 59.48733, -5.45849], "rotation": [0, 0, -20], "uv": [0, 81]}
					]
				},
				{
					"name": "hand2",
					"parent": "limb6",
					"pivot": [-1.98238, 40.49487, -5.59401],
					"rotation": [179.83993, 19.63206, 159.91393],
					"cubes": [
						{"origin": [-7.98886, 36.8459, -10.75207], "size": [11.06, 3.16, 10.27], "uv": [128, 107]}
					]
				},
				{
					"name": "finger4",
					"parent": "hand2",
					"pivot": [-0.76648, 38.54565, -9.35707],
					"cubes": [
						{"origin": [-1.74148, 30.59565, -12.33207], "size": [3.95, 7.9, 3.95], "pivot": [0.23352, 34.54565, -10.35707], "rotation": [-17.5, 0, -22.5], "uv": [33, 81]}
					]
				},
				{
					"name": "bone8",
					"parent": "finger4",
					"pivot": [1.8479, 32.23397, -12.95477],
					"cubes": [
						{"origin": [0.8729, 24.28397, -12.92977], "size": [3.95, 7.9, 3.95], "pivot": [2.8479, 28.23397, -10.95477], "rotation": [7.5, 0, -22.5], "uv": [36, 0]}
					]
				},
				{
					"name": "main2",
					"parent": "hand2",
					"pivot": [-4.03886, 37.4759, -5.61707],
					"rotation": [0, 0, -7.5],
					"cubes": [
						{"origin": [-6.40886, 32.1059, -10.75207], "size": [4.74, 4.74, 10.27], "uv": [140, 27]}
					]
				},
				{
					"name": "finger1",
					"parent": "main2",
					"pivot": [-3.64386, 32.1559, -10.35707],
					"cubes": [
						{"origin": [-5.61886, 24.2059, -12.33207], "size": [3.95, 7.9, 3.95], "pivot": [-3.64386, 28.1559, -10.35707], "rotation": [0, 0, -5], "uv": [0, 0]}
					]
				},
				{
					"name": "bone5",
					"parent": "finger1",
					"pivot": [-4.83675, 24.5931, -10.35707],
					"rotation": [0, 0, -30],
					"cubes": [
						{"origin": [-3.35862, 19.57597, -12.33207], "size": [3.95, 6.32, 3.95], "pivot": [-1.38362, 21.94597, -10.35707], "rotation": [0, 0, -35], "uv": [130, 191]}
					]
				},
				{
					"name": "finger2",
					"parent": "main2",
					"pivot": [-3.64386, 32.1559, -5.61707],
					"cubes": [
						{"origin": [-5.61886, 24.2059, -7.59207], "size": [3.95, 7.9, 3.95], "pivot": [-3.64386, 28.1559, -5.61707], "rotation": [0, 0, -5], "uv": [0, 0]}
					]
				},
				{
					"name": "bone6",
					"parent": "finger2",
					"pivot": [-4.83675, 24.5931, -5.61707],
					"rotation": [0, 0, -30],
					"cubes": [
						{"origin": [-3.35862, 19.57597, -7.59207], "size": [3.95, 6.32, 3.95], "pivot": [-1.38362, 21.94597, -5.61707], "rotation": [0, 0, -35], "uv": [130, 191]}
					]
				},
				{
					"name": "finger3",
					"parent": "main2",
					"pivot": [-3.64386, 32.1559, -0.87708],
					"cubes": [
						{"origin": [-5.61886, 24.2059, -2.85208], "size": [3.95, 7.9, 3.95], "pivot": [-3.64386, 28.1559, -0.87708], "rotation": [0, 0, -5], "uv": [0, 0]}
					]
				},
				{
					"name": "bone7",
					"parent": "finger3",
					"pivot": [-4.83675, 24.5931, -0.87708],
					"rotation": [0, 0, -30],
					"cubes": [
						{"origin": [-3.35862, 19.57597, -2.85208], "size": [3.95, 6.32, 3.95], "pivot": [-1.38362, 21.94597, -0.87708], "rotation": [0, 0, -35], "uv": [130, 191]}
					]
				},
				{
					"name": "item",
					"parent": "main2",
					"pivot": [-0.53886, 29.53016, -6.66812],
					"rotation": [0, 0, -5],
					"cubes": [
						{"origin": [-2.03886, 26.4759, -21.61707], "size": [3, 6, 7], "uv": [339, 145]},
						{"origin": [-2.03886, 24.4759, -24.61707], "size": [3, 10, 3], "uv": [268, 68]},
						{"origin": [-2.03886, 34.19841, -24.33671], "size": [3, 2, 3], "pivot": [-1.03886, 33.19841, -8.33671], "rotation": [7.5, 0, 0], "uv": [180, 86]},
						{"origin": [-2.03886, 25.22746, -23.54374], "size": [3, 2, 3], "pivot": [-0.53886, 26.22746, -22.04374], "rotation": [70, 0, 0], "uv": [180, 86]},
						{"origin": [-2.03886, 32.4759, -28.61707], "size": [3, 2, 4], "uv": [119, 169]},
						{"origin": [-2.03886, 32.46503, -29.59502], "size": [3, 1, 1], "uv": [0, 10]},
						{"origin": [-2.03886, 25.46503, -29.59502], "size": [3, 1, 1], "uv": [0, 10]},
						{"origin": [-2.03886, 32.97047, -31.10605], "size": [3, 1, 3], "pivot": [-0.53886, 33.47047, -29.10605], "rotation": [37.5, 0, 0], "uv": [154, 97]},
						{"origin": [-2.03886, 24.98134, -31.10605], "size": [3, 1, 3], "pivot": [-0.53886, 25.48134, -29.10605], "rotation": [-37.5, 0, 0], "uv": [154, 97]},
						{"origin": [-2.03886, 24.4759, -28.61707], "size": [3, 2, 4], "uv": [119, 169]}
					]
				},
				{
					"name": "item2",
					"parent": "item",
					"pivot": [-0.53886, 29.53016, 9.33188],
					"rotation": [180, 0, 0],
					"cubes": [
						{"origin": [-2.03886, 26.58442, 13.28083], "size": [3, 6, 20], "uv": [128, 81]},
						{"origin": [-2.03886, 24.58442, 10.28083], "size": [3, 10, 3], "uv": [268, 68]},
						{"origin": [-2.03886, 34.30692, 10.56119], "size": [3, 2, 3], "pivot": [-1.03886, 33.30692, 26.56119], "rotation": [7.5, 0, 0], "uv": [180, 86]},
						{"origin": [-2.03886, 25.33598, 11.35416], "size": [3, 2, 3], "pivot": [-0.53886, 26.33598, 12.85416], "rotation": [70, 0, 0], "uv": [180, 86]},
						{"origin": [-2.03886, 32.58442, 6.28083], "size": [3, 2, 4], "uv": [119, 169]},
						{"origin": [-2.03886, 32.57354, 5.30288], "size": [3, 1, 1], "uv": [0, 10]},
						{"origin": [-2.03886, 25.57354, 5.30288], "size": [3, 1, 1], "uv": [0, 10]},
						{"origin": [-2.03886, 33.07898, 3.79185], "size": [3, 1, 3], "pivot": [-0.53886, 33.57898, 5.79185], "rotation": [37.5, 0, 0], "uv": [154, 97]},
						{"origin": [-2.03886, 25.08986, 3.79185], "size": [3, 1, 3], "pivot": [-0.53886, 25.58986, 5.79185], "rotation": [-37.5, 0, 0], "uv": [154, 97]},
						{"origin": [-2.03886, 24.58442, 6.28083], "size": [3, 2, 4], "uv": [119, 169]}
					]
				},
				{
					"name": "leftArm",
					"parent": "arms",
					"pivot": [19, 87, 0]
				},
				{
					"name": "limbs4",
					"parent": "leftArm",
					"pivot": [0.24604, -64.93256, 0]
				},
				{
					"name": "limb2",
					"parent": "limbs4",
					"pivot": [0.24604, -64.93256, 0],
					"cubes": [
						{"origin": [16.7953, 58.94761, -2.92375], "size": [15.08805, 20.11741, 15.92627], "pivot": [-1.94287, 66.44713, 3.23376], "rotation": [0, 0, -30], "uv": [236, 347]}
					]
				},
				{
					"name": "limb3",
					"parent": "limbs4",
					"pivot": [29.5114, 74.53207, 4.62028],
					"rotation": [0, 0, 17.5],
					"cubes": [
						{"origin": [23.36858, 57.40875, -1.2473], "size": [11.73516, 16.11741, 11.73516], "pivot": [28.23616, 63.46745, 4.62028], "rotation": [0, 0, -30], "uv": [141, 335]}
					]
				},
				{
					"name": "limb10",
					"parent": "limb3",
					"pivot": [37.32061, 60.69791, 4.62028],
					"cubes": [
						{"origin": [25.91807, 38.64095, -1.2473], "size": [11.73516, 21.17609, 11.73516], "pivot": [32.22347, 59.48732, 4.62028], "rotation": [0, 0, -20], "uv": [0, 81]}
					]
				},
				{
					"name": "hand4",
					"parent": "limb10",
					"pivot": [39.25921, 38.7144, 4.51021],
					"rotation": [179.84923, -0.36787, 159.96868],
					"cubes": [
						{"origin": [33.72921, 37.1344, -0.62479], "size": [11.06, 3.16, 10.27], "uv": [128, 107]}
					]
				},
				{
					"name": "finger5",
					"parent": "hand4",
					"pivot": [40.97588, 37.6877, 8.82409],
					"rotation": [-173.20667, -7.35559, 137.06283],
					"cubes": [
						{"origin": [40.5642, 31.2148, 6.45445], "size": [3.95, 7.9, 3.95], "pivot": [42.5392, 35.1648, 8.42945], "rotation": [-17.5, 0, -22.5], "uv": [33, 81]}
					]
				},
				{
					"name": "bone10",
					"parent": "finger5",
					"pivot": [43.15358, 31.85312, 5.83175],
					"cubes": [
						{"origin": [43.17858, 24.90312, 5.85675], "size": [3.95, 7.9, 3.95], "pivot": [45.15358, 28.85312, 7.83175], "rotation": [7.5, 0, -22.5], "uv": [36, 0]}
					]
				},
				{
					"name": "main3",
					"parent": "hand4",
					"pivot": [37.67921, 36.7644, 4.51021],
					"cubes": [
						{"origin": [35.30921, 32.3944, -0.62479], "size": [4.74, 4.74, 10.27], "uv": [140, 27]}
					]
				},
				{
					"name": "finger6",
					"parent": "main3",
					"pivot": [38.07421, 32.4444, -0.22979],
					"cubes": [
						{"origin": [36.09921, 24.4944, -2.20479], "size": [3.95, 7.9, 3.95], "pivot": [38.07421, 28.4444, -0.22979], "rotation": [0, 0, -5], "uv": [0, 0]}
					]
				},
				{
					"name": "bone11",
					"parent": "finger6",
					"pivot": [36.88133, 23.8816, -0.22979],
					"cubes": [
						{"origin": [38.35945, 19.86447, -2.20479], "size": [3.95, 6.32, 3.95], "pivot": [40.33445, 22.23447, -0.22979], "rotation": [0, 0, -35], "uv": [130, 191]}
					]
				},
				{
					"name": "finger7",
					"parent": "main3",
					"pivot": [38.07421, 32.4444, 4.51021],
					"cubes": [
						{"origin": [36.09921, 24.4944, 2.53521], "size": [3.95, 7.9, 3.95], "pivot": [38.07421, 28.4444, 4.51021], "rotation": [0, 0, -5], "uv": [0, 0]}
					]
				},
				{
					"name": "bone12",
					"parent": "finger7",
					"pivot": [36.88133, 24.8816, 4.51021],
					"cubes": [
						{"origin": [38.35945, 19.86447, 2.53521], "size": [3.95, 6.32, 3.95], "pivot": [40.33445, 22.23447, 4.51021], "rotation": [0, 0, -35], "uv": [130, 191]}
					]
				},
				{
					"name": "finger8",
					"parent": "main3",
					"pivot": [38.07421, 32.4444, 9.25021],
					"cubes": [
						{"origin": [36.09921, 24.4944, 7.27521], "size": [3.95, 7.9, 3.95], "pivot": [38.07421, 28.4444, 9.25021], "rotation": [0, 0, -5], "uv": [0, 0]}
					]
				},
				{
					"name": "bone13",
					"parent": "finger8",
					"pivot": [34.90561, 24.73515, 19.30408],
					"cubes": [
						{"origin": [38.35945, 19.86447, 7.27521], "size": [3.95, 6.32, 3.95], "pivot": [40.33445, 22.23447, 9.25021], "rotation": [0, 0, -35], "uv": [130, 191]}
					]
				},
				{
					"name": "torso",
					"parent": "body",
					"pivot": [-2.72462, 30.62511, 0],
					"cubes": [
						{"origin": [-22.57018, 93.20679, 2.10559], "size": [21.4703, 1.67646, 6.7058], "pivot": [-12.83504, 94.04499, 5.4585], "rotation": [0, 0, -2.5], "uv": [0, 34]},
						{"origin": [-18.92521, 93.03518, 0.42913], "size": [19.11741, 1.67646, 10.05871], "pivot": [3.08647, 64.77068, 3.23376], "rotation": [0, 0, -2.5], "uv": [303, 86]},
						{"origin": [-2.40474, 92.66907, 0.42913], "size": [21.79384, 1.67646, 10.05871], "pivot": [3.08647, 64.77068, 3.23376], "rotation": [0, 0, 2.5], "uv": [99, 232]},
						{"origin": [-18.71299, 89.10826, -5.06545], "size": [35.20546, 3.35291, 12.05871], "pivot": [-1.11026, 90.78471, 1.96391], "rotation": [17.5, 0, 0], "uv": [268, 71]},
						{"origin": [-22.06593, 56, -21.55037], "size": [41.9113, 20.44096, 46.31221], "pivot": [3.08647, 64.77068, 3.23376], "rotation": [-90, 0, 0], "uv": [0, 81]},
						{"origin": [-15.36008, 89.51085, 2.60063], "size": [28.49966, 3.35291, 13.05871], "pivot": [-1.11025, 91.18731, 8.62998], "rotation": [-20, 0, 0], "uv": [269, 0]},
						{"origin": [-2.40474, 93.5073, 2.10559], "size": [21.79384, 1.67646, 6.7058], "pivot": [3.08647, 64.77068, 3.23376], "rotation": [0, 0, 2.5], "uv": [0, 34]},
						{"origin": [-20.38942, 63.64558, 9.44963], "size": [38.55834, 23.7938, 25.98867], "pivot": [3.08647, 74.77068, 3.23376], "rotation": [-90, 0, 0], "uv": [250, 97]},
						{"origin": [-20.38942, 53.63425, -17.55037], "size": [38.55834, 23.7938, 16.98867], "pivot": [3.08647, 64.75935, 3.23376], "rotation": [-90, 0, 0], "uv": [100, 296]},
						{"origin": [5.61058, 53.62292, -22.55037], "size": [12.55834, 23.7938, 4.98867], "pivot": [3.08647, 64.74802, 3.23376], "rotation": [-90, 0, 0], "uv": [140, 0]},
						{"origin": [-5.38942, 53.62292, -22.55037], "size": [11.55834, 23.7938, 4.98867], "pivot": [3.08647, 64.74802, 3.23376], "rotation": [-90, 0, 0], "uv": [0, 147]},
						{"origin": [-13.38942, 53.62292, -22.55037], "size": [11.55834, 23.7938, 4.98867], "pivot": [3.08647, 64.74802, 3.23376], "rotation": [-90, 0, 0], "uv": [0, 147]},
						{"origin": [-20.38942, 53.62292, -22.55037], "size": [11.55834, 23.7938, 4.98867], "pivot": [3.08647, 64.74802, 3.23376], "rotation": [-90, 0, 0], "uv": [0, 147]}
					]
				},
				{
					"name": "bone4",
					"parent": "torso",
					"pivot": [3.08647, 64.77068, 3.23376],
					"cubes": [
						{"origin": [-20.38942, 55.64558, -22.55037], "size": [38.55834, 22.7938, 47.98867], "pivot": [3.08647, 64.77068, 3.23376], "rotation": [-90, 0, 0], "uv": [127, 100]},
						{"origin": [-22.38944, 52.7, -26.75657], "size": [42.55834, 25, 56.98867], "pivot": [3.08647, 64.77068, 4.02756], "rotation": [-90, 0, 0], "uv": [0, 0]},
						{"origin": [-19.38942, 59.71133, 29.39521], "size": [15.55834, 17, 10.98867], "pivot": [4.08649, 67.78201, 4.17934], "rotation": [-90, 0, 0], "uv": [55, 333]},
						{"origin": [1.61058, 59.71133, 29.39521], "size": [15.55834, 17, 10.98867], "pivot": [4.08649, 67.78201, 4.17934], "rotation": [-90, 0, 0], "uv": [69, 269]}
					]
				},
				{
					"name": "head_structure",
					"parent": "upper",
					"pivot": [-1, 86, 3],
					"locators": {
						"_null_null_object": [0, 0, 0]
					}
				},
				{
					"name": "head",
					"parent": "head_structure",
					"pivot": [-1.15841, 87.93432, 4.65976],
					"cubes": [
						{"origin": [8.57608, 90.08488, -10.90874], "size": [12.94472, 12.01912, 31.13209], "pivot": [15.90812, 134.38164, 4.65731], "rotation": [0, 0, 30], "uv": [86, 335]},
						{"origin": [-5.11489, 95.33745, -10.90874], "size": [12.48892, 12.01912, 31.13209], "pivot": [0.84974, 101.34701, 4.65731], "rotation": [0, 0, -30], "uv": [0, 333]},
						{"origin": [-82.49925, 52.48997, -10.90874], "size": [0, 12.56608, 31.13209], "pivot": [7.46794, 56.73526, 4.65731], "rotation": [0, 0, 67.5], "uv": [271, 270]},
						{"origin": [-86.31135, 161.47142, -10.90874], "size": [34.92697, 34.44448, 31.13209], "pivot": [-59.99689, 131.65904, 4.65731], "rotation": [0, 0, 80], "uv": [0, 147]},
						{"origin": [-58.30133, 141.11976, -10.90874], "size": [33.10377, 27.15168, 31.13209], "pivot": [-54.77686, 109.48417, 4.65731], "rotation": [0, 0, 60], "uv": [223, 201]},
						{"origin": [34.68391, 119.06426, -10.90874], "size": [34.01537, 26.24008, 31.13209], "pivot": [39.11997, 87.42868, 4.65731], "rotation": [0, 0, -60], "uv": [0, 212]},
						{"origin": [-26.15978, 152.76387, -10.90874], "size": [19.9723, 33.16824, 31.13209], "pivot": [-16.39463, 170.25959, 4.65731], "rotation": [0, 0, 98.5], "uv": [0, 269]},
						{"origin": [-59.64844, 131.6429, -10.90874], "size": [3.1, 15.16824, 31.13209], "pivot": [-27.75559, 149.13862, 4.6573], "rotation": [0, 0, 113.5], "uv": [339, 168]},
						{"origin": [22.48894, 158.9388, -10.90874], "size": [31.7546, 32.18371, 31.13209], "pivot": [42.42221, 146.29834, 4.65731], "rotation": [0, 0, -80], "uv": [130, 169]},
						{"origin": [52.47956, 159.27234, -10.90874], "size": [1.727, 10.30531, 31.13209], "pivot": [42.38523, 146.63187, 4.65731], "rotation": [0, 0, -80], "uv": [172, 335]},
						{"origin": [57.63514, 161.95005, -10.90874], "size": [25.285, 33.09531, 31.13209], "pivot": [45.6624, 149.30958, 4.65731], "rotation": [0, 0, -95], "uv": [130, 232]},
						{"origin": [-13.68336, 166.9969, -10.90874], "size": [23.285, 15.09531, 31.13209], "pivot": [4.95914, 183.54455, 4.65731], "rotation": [0, 0, -142.5], "uv": [279, 25]},
						{"origin": [11.92289, 170.79743, -10.90874], "size": [10.285, 21.09531, 31.13209], "pivot": [2.56539, 186.34508, 4.65731], "rotation": [0, 0, 167.5], "uv": [302, 301]},
						{"origin": [7.1335, 177.96529, -10.90874], "size": [16.285, 15.09531, 31.13209], "pivot": [-2.224, 193.51295, 4.65731], "rotation": [0, 0, 133], "uv": [208, 301]},
						{"origin": [4.06457, 168.40355, -10.90874], "size": [21.285, 23.09531, 31.13209], "pivot": [7.70707, 183.95121, 4.65731], "rotation": [0, 0, -180], "uv": [266, 145]},
						{"origin": [-7.65884, 74.82428, -1.50234], "size": [12.39776, 22.97232, 12.39776], "uv": [0, 0]}
					]
				},
				{
					"name": "hat2",
					"parent": "head",
					"pivot": [9.68487, 193.32284, 21.23195],
					"rotation": [-5, 0, -5],
					"cubes": [
						{"origin": [-7.81503, 201.15747, -16.1805], "size": [44, 15, 41], "pivot": [-19.31503, 210.65747, 30.3195], "rotation": [0, 0, 22.5], "uv": [140, 0]},
						{"origin": [-13.4476, 197.50187, -35.93446], "size": [14, 1, 20], "pivot": [-12.91475, 194.82309, -15.93446], "rotation": [0, -27.5, 22.5], "uv": [339, 145]},
						{"origin": [-4.86255, 193.94583, -58.38787], "size": [20, 1, 13], "pivot": [-4.3297, 191.26704, -33.38787], "rotation": [0, -90, 22.5], "uv": [320, 214]},
						{"origin": [-16.43881, 198.74087, -58.38787], "size": [20, 1, 13], "pivot": [-15.90596, 196.06209, -33.38787], "rotation": [0, -90, 22.5], "uv": [320, 214]},
						{"origin": [14.53598, 180.78744, -35.70359], "size": [15, 1, 20], "pivot": [28.50313, 183.46623, -15.70359], "rotation": [0, 27.5, 22.5], "uv": [331, 0]},
						{"origin": [-3.81503, 216.15747, -13.1805], "size": [36, 6, 35], "pivot": [-19.31503, 210.65747, 30.3195], "rotation": [0, 0, 22.5], "uv": [161, 56]}
					]
				},
				{
					"name": "face_structure",
					"parent": "head",
					"pivot": [0, -116.84, 0]
				},
				{
					"name": "nose",
					"parent": "face_structure",
					"pivot": [-1.23181, 141.52603, -11.94709],
					"rotation": [17.5, 90, 0],
					"cubes": [
						{"origin": [-3.05486, 130.47452, -9.82345], "size": [3.6461, 14.5844, 3.6461], "uv": [211, 232]},
						{"origin": [-3.05486, 130.82588, -6.61513], "size": [3.6461, 5.46915, 3.6461], "pivot": [-1.23181, 132.64893, -4.79208], "rotation": [12.5, 0, 0], "uv": [246, 169]},
						{"origin": [-3.05486, 126.63998, -2.1875], "size": [3.6461, 3.6461, 1.82305], "pivot": [-1.23181, 128.46303, -7.65665], "rotation": [47.5, 0, 0], "uv": [166, 97]},
						{"origin": [-3.05486, 122.87026, 1.78496], "size": [3.6461, 7.2922, 1.82305], "pivot": [-1.23181, 124.69331, -9.15334], "rotation": [55, 0, 0], "uv": [140, 27]},
						{"origin": [-3.05486, 122.87005, 4.72775], "size": [3.6461, 3.6461, 1.82305], "pivot": [-1.23181, 124.6931, -6.21055], "rotation": [67.5, 0, 0], "uv": [158, 31]},
						{"origin": [-3.05486, 123.11399, 8.99715], "size": [3.6461, 9.11525, 1.82305], "pivot": [-1.23181, 124.93704, -1.94115], "rotation": [87.5, 0, 0], "uv": [46, 41]},
						{"origin": [-3.05486, 124.71007, 11.96274], "size": [3.6461, 7.2922, 1.82305], "pivot": [-1.23181, 126.53312, 1.02444], "rotation": [102.5, 0, 0], "uv": [128, 107]},
						{"origin": [-3.05486, 133.69701, 17.74706], "size": [3.6461, 7.2922, 3.6461], "pivot": [-1.23181, 130.05091, 6.80876], "rotation": [107.5, 0, 0], "uv": [192, 296]},
						{"origin": [-3.05486, 130.66683, -11.28413], "size": [3.6461, 16.40745, 3.6461], "pivot": [-1.23181, 138.87056, -9.46108], "rotation": [-15, 0, 0], "uv": [353, 301]},
						{"origin": [-3.05486, 131.21634, -14.88173], "size": [3.6461, 18.2305, 6.6461], "pivot": [-1.23181, 140.3316, -11.55868], "rotation": [-14.5, 0, 0], "uv": [351, 97]},
						{"origin": [-3.05486, 130.86107, -20.41878], "size": [3.6461, 18.2305, 3.6461], "pivot": [-1.23181, 132.68412, -11.30352], "rotation": [-15, 0, 0], "uv": [297, 16]},
						{"origin": [-3.05486, 130.88425, -22.05082], "size": [3.6461, 16.40745, 3.6461], "pivot": [-1.23181, 132.7073, -11.11252], "rotation": [-15, 0, 0], "uv": [105, 335]},
						{"origin": [-3.05486, 130.52476, -25.7088], "size": [3.6461, 14.5844, 3.6461], "pivot": [-1.23181, 132.34781, -14.7705], "rotation": [-25, 0, 0], "uv": [169, 24]},
						{"origin": [-3.05486, 131.00521, -22.01543], "size": [3.6461, 14.5844, 1.6461], "pivot": [-1.23181, 132.82826, -13.07712], "rotation": [-17.5, 0, 0], "uv": [172, 0]},
						{"origin": [-3.05486, 129.3505, -30.1221], "size": [3.6461, 5.46915, 3.6461], "pivot": [-1.23181, 131.17355, -19.1838], "rotation": [-47.5, 0, 0], "uv": [235, 191]},
						{"origin": [-3.05486, 129.19159, -36.09673], "size": [3.6461, 3.6461, 3.6461], "pivot": [-1.23181, 131.01464, -25.15842], "rotation": [-82.5, 0, 0], "uv": [12, 291]},
						{"origin": [-3.05486, 132.36359, -40.43825], "size": [3.6461, 7.2922, 3.6461], "pivot": [-1.23181, 134.18664, -29.49995], "rotation": [-112.5, 0, 0], "uv": [109, 269]},
						{"origin": [-3.05486, 136.72145, -41.80389], "size": [3.6461, 7.2922, 3.6461], "pivot": [-1.23181, 138.5445, -30.86558], "rotation": [-135, 0, 0], "uv": [269, 0]},
						{"origin": [-3.05486, 139.66123, -39.77276], "size": [3.6461, 5.46915, 3.6461], "pivot": [-1.23181, 141.48428, -28.83446], "rotation": [-140, 0, 0], "uv": [223, 191]},
						{"origin": [-3.05486, 143.61387, -38.60482], "size": [3.6461, 3.6461, 3.6461], "pivot": [-1.23181, 145.43692, -27.66652], "rotation": [-157.5, 0, 0], "uv": [0, 291]},
						{"origin": [-3.05486, 147.03238, -36.30238], "size": [3.6461, 3.6461, 3.6461], "pivot": [-1.23181, 148.85543, -25.36407], "rotation": [-175, 0, 0], "uv": [282, 169]},
						{"origin": [-3.05486, 148.62127, -32.98793], "size": [3.6461, 3.6461, 3.6461], "pivot": [-1.23181, 150.44433, -22.04963], "rotation": [175, 0, 0], "uv": [270, 169]},
						{"origin": [-3.05486, 149.93821, -29.43526], "size": [3.6461, 3.6461, 3.6461], "pivot": [-1.23181, 151.76126, -18.49696], "rotation": [162.5, 0, 0], "uv": [258, 169]},
						{"origin": [-3.05486, 150.45494, -25.68179], "size": [3.6461, 3.6461, 3.6461], "pivot": [-1.23181, 152.27799, -14.74348], "rotation": [150, 0, 0], "uv": [19, 237]},
						{"origin": [-3.05486, 151.24011, -21.18295], "size": [3.6461, 7.2922, 3.6461], "pivot": [-1.23181, 153.06317, -10.24465], "rotation": [127.5, 0, 0], "uv": [160, 107]},
						{"origin": [-3.05486, 149.5105, -15.98879], "size": [3.6461, 5.46915, 1.82305], "pivot": [-1.23181, 151.33355, -6.87354], "rotation": [115, 0, 0], "uv": [154, 81]},
						{"origin": [-3.05486, 148.4262, -14.41578], "size": [3.6461, 7.2922, 1.82305], "pivot": [-1.23181, 150.24925, -5.30053], "rotation": [107.5, 0, 0], "uv": [0, 81]}
					]
				},
				{
					"name": "cheeks",
					"parent": "face_structure",
					"pivot": [-22.68, 135.16, -12.6]
				},
				{
					"name": "cheekboneLeft",
					"parent": "cheeks",
					"pivot": [-57, 134, -8],
					"cubes": [
						{"origin": [-31.76, 130.08, -13.852], "size": [22.68, 12.64, 0], "uv": [0, 113]}
					]
				},
				{
					"name": "octagon2",
					"parent": "cheekboneLeft",
					"pivot": [-58.51955, 132.72755, -7.28],
					"rotation": [0, -90, 0],
					"cubes": [
						{"origin": [-64.4864, 133.51961, -49.94007], "size": [5.93369, 4.91563, 8.59513], "pivot": [-61.51955, 135.97742, -44.00638], "rotation": [-22.5, 0, 0], "uv": [351, 228]},
						{"origin": [-64.4864, 133.51961, -49.94007], "size": [5.93369, 4.91563, 8.04975], "pivot": [-61.51955, 135.97742, -44.00638], "rotation": [22.5, 0, 0], "uv": [351, 228]},
						{"origin": [-64.4864, 130.04373, -46.4642], "size": [5.93369, 11.86738, 4.91563], "pivot": [-61.51955, 135.97742, -44.00638], "rotation": [-22.5, 0, 0], "uv": [320, 199]},
						{"origin": [-64.4864, 130.04373, -46.4642], "size": [5.93369, 11.86738, 4.91563], "pivot": [-61.51955, 135.97742, -44.00638], "rotation": [22.5, 0, 0], "uv": [320, 199]}
					]
				},
				{
					"name": "octagon",
					"parent": "cheekboneLeft",
					"pivot": [-77.88342, 116.91165, -7.28],
					"rotation": [0, 90, 0],
					"cubes": [
						{"origin": [-77.85027, 133.51961, 38.50631], "size": [5.93369, 4.91563, 8.59513], "pivot": [-74.88342, 135.97742, 44.44], "rotation": [-22.5, 0, 0], "uv": [351, 228]},
						{"origin": [-77.85027, 133.51961, 38.50631], "size": [5.93369, 4.91563, 8.04975], "pivot": [-74.88342, 135.97742, 44.44], "rotation": [22.5, 0, 0], "uv": [351, 228]},
						{"origin": [-77.85027, 130.04373, 41.98218], "size": [5.93369, 11.86738, 4.91563], "pivot": [-74.88342, 135.97742, 44.44], "rotation": [-22.5, 0, 0], "uv": [320, 199]},
						{"origin": [-77.85027, 129.58367, 44.44], "size": [5.93369, 12.81634, 4.37025], "uv": [128, 81]},
						{"origin": [-77.85027, 130.04373, 41.98218], "size": [5.93369, 11.86738, 4.91563], "pivot": [-74.88342, 135.97742, 44.44], "rotation": [22.5, 0, 0], "uv": [320, 199]}
					]
				},
				{
					"name": "cheekboneRight",
					"parent": "cheeks",
					"pivot": [-12, 134, -8],
					"cubes": [
						{"origin": [-75.76, 132.08, -13.852], "size": [22.68, 13.64, 0], "pivot": [-23.42, 136.9, -12.852], "rotation": [0, 0, -180], "uv": [0, 41]}
					]
				},
				{
					"name": "octagon3",
					"parent": "cheekboneRight",
					"pivot": [-13.51955, 132.72755, -7.28],
					"rotation": [0, -90, 0],
					"cubes": [
						{"origin": [-19.4864, 133.51961, -49.94007], "size": [5.93369, 4.91563, 8.59513], "pivot": [-16.51955, 135.97742, -44.00638], "rotation": [-22.5, 0, 0], "uv": [351, 228]},
						{"origin": [-19.4864, 133.51961, -49.94007], "size": [5.93369, 4.91563, 8.04975], "pivot": [-16.51955, 135.97742, -44.00638], "rotation": [22.5, 0, 0], "uv": [351, 228]},
						{"origin": [-19.4864, 130.04373, -46.4642], "size": [5.93369, 11.86738, 4.91563], "pivot": [-16.51955, 135.97742, -44.00638], "rotation": [-22.5, 0, 0], "uv": [320, 199]},
						{"origin": [-19.4864, 130.04373, -46.4642], "size": [5.93369, 11.86738, 4.91563], "pivot": [-16.51955, 135.97742, -44.00638], "rotation": [22.5, 0, 0], "uv": [320, 199]}
					]
				},
				{
					"name": "octagon4",
					"parent": "cheekboneRight",
					"pivot": [-32.88342, 116.91165, -7.28],
					"rotation": [0, 90, 0],
					"cubes": [
						{"origin": [-32.85027, 133.51961, 38.50631], "size": [5.93369, 4.91563, 8.59513], "pivot": [-29.88342, 135.97742, 44.44], "rotation": [-22.5, 0, 0], "uv": [351, 228]},
						{"origin": [-32.85027, 133.51961, 38.50631], "size": [5.93369, 4.91563, 8.04975], "pivot": [-29.88342, 135.97742, 44.44], "rotation": [22.5, 0, 0], "uv": [351, 228]},
						{"origin": [-32.85027, 130.04373, 41.98218], "size": [5.93369, 11.86738, 4.91563], "pivot": [-29.88342, 135.97742, 44.44], "rotation": [-22.5, 0, 0], "uv": [320, 199]},
						{"origin": [-32.85027, 129.58367, 44.44], "size": [5.93369, 12.81634, 4.37025], "uv": [128, 81]},
						{"origin": [-32.85027, 130.04373, 41.98218], "size": [5.93369, 11.86738, 4.91563], "pivot": [-29.88342, 135.97742, 44.44], "rotation": [22.5, 0, 0], "uv": [320, 199]}
					]
				},
				{
					"name": "mouth",
					"parent": "face_structure",
					"pivot": [-1.66267, 121.14206, -10.73502],
					"cubes": [
						{"origin": [-3.31831, 101.5685, -11.36502], "size": [7.504, 3.9, 1.26], "pivot": [-2.56631, 103.0185, -10.73502], "rotation": [0, 0, -80], "uv": [128, 97]},
						{"origin": [-8.16136, 84.23836, -11.36502], "size": [10.504, 4.2, 1.26], "pivot": [10.59064, 95.15636, -10.73502], "rotation": [0, 0, 83], "uv": [171, 81]},
						{"origin": [9.63001, 106.3525, -11.36502], "size": [1.504, 30.836, 1.26], "pivot": [-0.11799, 119.77047, -10.73502], "rotation": [0, 0, 30], "uv": [48, 0]},
						{"origin": [-0.36999, 123.3525, -11.36502], "size": [11.504, 5.836, 1.26], "pivot": [-0.11799, 119.77047, -10.73502], "rotation": [0, 0, 30], "uv": [128, 120]},
						{"origin": [-1.36999, 106.3525, -11.36502], "size": [11.504, 17.836, 1.26], "pivot": [-0.11799, 119.77047, -10.73502], "rotation": [0, 0, 30], "uv": [130, 243]},
						{"origin": [-10.51267, 96.03169, -11.36502], "size": [1.504, 30.836, 1.26], "pivot": [-20.26067, 109.44966, -10.73502], "rotation": [0, 0, -30], "uv": [48, 0]},
						{"origin": [-20.24122, 124.8224, -11.36502], "size": [2.504, 4.836, 1.26], "pivot": [-18.0514, 129.49873, -10.73502], "rotation": [0, 0, -62.5], "uv": [0, 34]},
						{"origin": [-19.24122, 121.8224, -11.36502], "size": [1.504, 7.836, 1.26], "pivot": [-18.0514, 129.49873, -10.73502], "rotation": [0, 0, -32.5], "uv": [48, 31]},
						{"origin": [-9.51267, 96.03169, -11.36502], "size": [12.504, 18.836, 1.26], "pivot": [-20.26067, 109.44966, -10.73502], "rotation": [0, 0, -30], "uv": [99, 212]},
						{"origin": [11.45812, 112.03391, -11.36502], "size": [1.504, 17.836, 1.26], "pivot": [-3.28988, 112.45188, -10.73502], "rotation": [0, 0, -85], "uv": [52, 19]},
						{"origin": [5.45812, 111.03391, -11.36502], "size": [6.504, 14.836, 1.26], "pivot": [-3.28988, 112.45188, -10.73502], "rotation": [0, 0, -85], "uv": [100, 296]},
						{"origin": [15.78412, 122.52731, -11.36502], "size": [1.4, 6.836, 1.26], "pivot": [16.69358, 128.93389, -10.73502], "rotation": [0, 0, 67.5], "uv": [99, 147]},
						{"origin": [14.78412, 122.52731, -11.36502], "size": [4.4, 3.836, 1.26], "pivot": [16.69358, 128.93389, -10.73502], "rotation": [0, 0, 67.5], "uv": [158, 27]},
						{"origin": [15.78412, 122.52731, -11.36502], "size": [1.4, 6.836, 1.26], "pivot": [16.69358, 128.93389, -10.73502], "rotation": [0, 0, 50], "uv": [99, 147]},
						{"origin": [15.68012, 121.52731, -11.36502], "size": [1.504, 7.836, 1.26], "pivot": [16.69358, 128.93389, -10.73502], "rotation": [0, 0, 35], "uv": [48, 31]},
						{"origin": [-1.269, 128.1826, -11.36502], "size": [1.504, 18.836, 1.26], "pivot": [-1.3014, 128.63485, -10.73502], "rotation": [0, 0, 85.7], "uv": [52, 0]},
						{"origin": [17.14391, 130, -11.36502], "size": [5.504, 8, 1.26], "pivot": [-1.60409, 143.15472, -10.73502], "rotation": [0, 0, 87], "uv": [142, 191]},
						{"origin": [14.14391, 129, -11.36502], "size": [6.504, 27, 1.26], "pivot": [-1.60409, 143.15472, -10.73502], "rotation": [0, 0, 87], "uv": [185, 335]}
					]
				},
				{
					"name": "eyes",
					"parent": "face_structure",
					"pivot": [0, -38, 4]
				},
				{
					"name": "face",
					"parent": "eyes",
					"pivot": [-9.09426, 151.76112, -7.50655],
					"rotation": [0, 0, 7.5],
					"cubes": [
						{"origin": [-14.55876, 151.85148, -11.67944], "size": [7.686, 13.8348, 9.2232], "pivot": [-10.23007, 151.2683, -7.06784], "rotation": [0, 0, -20], "uv": [223, 169]},
						{"origin": [-18.24584, 159.32075, -11.67944], "size": [3.0744, 4.6116, 9.2232], "pivot": [-18.45209, 163.16375, -7.06784], "rotation": [0, 0, -92.5], "uv": [351, 240]},
						{"origin": [-17.74289, 160.66338, -11.67944], "size": [1.5372, 4.6116, 9.2232], "pivot": [-19.48633, 164.50638, -7.06784], "rotation": [0, 0, -62.5], "uv": [211, 250]},
						{"origin": [-17.96725, 162.34327, -11.67944], "size": [1.5372, 4.6116, 9.2232], "pivot": [-19.7107, 166.18627, -7.06784], "rotation": [0, 0, -32.5], "uv": [211, 250]},
						{"origin": [-16.12049, 163.63919, -11.67944], "size": [1.5372, 4.6116, 9.2232], "pivot": [-17.86394, 164.40779, -7.06784], "rotation": [0, 0, -17.5], "uv": [211, 250]},
						{"origin": [-16.51727, 164.08198, -11.67944], "size": [4.6116, 3.0744, 9.2232], "pivot": [-15.18632, 164.85058, -7.06784], "rotation": [0, 0, -32.5], "uv": [350, 71]},
						{"origin": [-17.18589, 165.2343, -11.67944], "size": [4.6116, 1.5372, 9.2232], "pivot": [-15.85494, 166.0029, -7.06784], "rotation": [0, 0, -62.5], "uv": [154, 81]},
						{"origin": [-13.17173, 165.13136, -11.67944], "size": [1.5372, 1.5372, 9.2232], "pivot": [-14.91518, 165.89996, -7.06784], "rotation": [0, 0, -105], "uv": [35, 45]}
					]
				},
				{
					"name": "face5",
					"parent": "eyes",
					"pivot": [4.44139, 150.83567, -7.50655],
					"rotation": [0, 0, 27.5],
					"cubes": [
						{"origin": [2.84232, 152.77698, -11.67944], "size": [7.686, 13.8348, 9.2232], "pivot": [7.17101, 152.19378, -7.06784], "rotation": [0, 0, -20], "uv": [223, 169]},
						{"origin": [-0.84475, 160.24625, -11.67944], "size": [3.0744, 4.6116, 9.2232], "pivot": [-1.051, 164.08925, -7.06784], "rotation": [0, 0, -92.5], "uv": [351, 240]},
						{"origin": [-0.34181, 161.58888, -11.67944], "size": [1.5372, 4.6116, 9.2232], "pivot": [-2.08525, 165.43188, -7.06784], "rotation": [0, 0, -62.5], "uv": [211, 250]},
						{"origin": [-0.56616, 163.26877, -11.67944], "size": [1.5372, 4.6116, 9.2232], "pivot": [-2.30962, 167.11177, -7.06784], "rotation": [0, 0, -32.5], "uv": [211, 250]},
						{"origin": [1.2806, 164.56469, -11.67944], "size": [1.5372, 4.6116, 9.2232], "pivot": [-0.46285, 165.33329, -7.06784], "rotation": [0, 0, -17.5], "uv": [211, 250]},
						{"origin": [0.88382, 165.00748, -11.67944], "size": [4.6116, 3.0744, 9.2232], "pivot": [2.21476, 165.77608, -7.06784], "rotation": [0, 0, -32.5], "uv": [350, 71]},
						{"origin": [0.2152, 166.15978, -11.67944], "size": [4.6116, 1.5372, 9.2232], "pivot": [1.54614, 166.92838, -7.06784], "rotation": [0, 0, -62.5], "uv": [154, 81]},
						{"origin": [4.22935, 166.05686, -11.67944], "size": [1.5372, 1.5372, 9.2232], "pivot": [2.48591, 166.82546, -7.06784], "rotation": [0, 0, -105], "uv": [35, 45]}
					]
				},
				{
					"name": "layer",
					"parent": "head",
					"pivot": [0.62982, 93.33994, 4.32258],
					"cubes": [
						{"origin": [-32.37018, 147.85994, -11], "size": [61, 42, 0], "uv": [242, 259]}
					]
				},
				{
					"name": "lower",
					"parent": "main",
					"pivot": [0, -147.16, 0]
				},
				{
					"name": "rightLeg",
					"parent": "lower",
					"pivot": [-11.73402, 33.21737, 1.93062],
					"cubes": [
						{"origin": [-15.22316, 21.67617, -0.48082], "size": [6.58219, 23.14726, 5.82251], "pivot": [-11.1367, 20.25595, 1.9656], "rotation": [-5, 0, 0], "uv": [208, 296]},
						{"origin": [-15.616, 26.71617, -1.26], "size": [7.308, 15.58726, 7.308], "pivot": [-11.1367, 20.25595, 1.9656], "rotation": [-5, 0, 0], "uv": [269, 16]}
					]
				},
				{
					"name": "bone9",
					"parent": "rightLeg",
					"pivot": [-11.93206, 44.30937, 6.19736]
				},
				{
					"name": "shoes",
					"parent": "bone9",
					"pivot": [-11.80601, 21.5554, 3.01596],
					"cubes": [
						{"origin": [-15.22316, -0.50782, -1.07075], "size": [6.8863, 4.86093, 8.10155], "uv": [299, 313]},
						{"origin": [-15.22316, -0.50782, -5.12152], "size": [6.8863, 3.24062, 4.05077], "uv": [99, 169]},
						{"origin": [-15.46621, -0.50782, -5.12152], "size": [1.05321, 1.21522, 12.15232], "uv": [219, 348]},
						{"origin": [-15.46621, -0.50782, -5.36455], "size": [7.37241, 1.21522, 1.05321], "uv": [16, 125]},
						{"origin": [-9.14701, -0.50782, -5.12152], "size": [1.05321, 1.21522, 12.15232], "uv": [281, 347]},
						{"origin": [-15.46621, -0.50782, 6.22065], "size": [7.37241, 1.21522, 1.05321], "uv": [0, 125]},
						{"origin": [-15.616, 6.55617, -0.756], "size": [7.308, 15.58726, 7.308], "pivot": [-11.1367, 20.25595, 1.9656], "rotation": [5, 0, 0], "uv": [0, 269]}
					]
				},
				{
					"name": "bone",
					"parent": "shoes",
					"pivot": [-11.93206, 46.62409, 5.04],
					"cubes": [
						{"origin": [-15.22316, 4.00853, -0.86116], "size": [6.58219, 18.10726, 5.82251], "pivot": [-11.93206, 27.87975, 2.0501], "rotation": [5, 0, 0], "uv": [0, 333]}
					]
				},
				{
					"name": "leftLeg",
					"parent": "lower",
					"pivot": [9.06874, 33.61927, 4.78616],
					"rotation": [-2.5, 0, 0],
					"cubes": [
						{"origin": [5.558, 21.66665, 0.18222], "size": [6.58219, 23.14726, 5.82251], "pivot": [9.64448, 17.72643, 2.62861], "rotation": [-5, 0, 0], "uv": [0, 212]},
						{"origin": [5.31636, 26.70665, -0.44579], "size": [7.308, 15.58726, 7.308], "pivot": [-9.35632, 20.24643, 1.51981], "rotation": [-5, 0, 0], "uv": [130, 169]}
					]
				},
				{
					"name": "bone2",
					"parent": "leftLeg",
					"pivot": [8.84909, 41.77985, 6.86039]
				},
				{
					"name": "shoes2",
					"parent": "bone2",
					"pivot": [8.73608, 21.55334, 2.88814],
					"cubes": [
						{"origin": [5.25389, -0.52694, -0.1881], "size": [6.8863, 4.86093, 8.10155], "uv": [271, 313]},
						{"origin": [5.31636, 6.54665, 0.05821], "size": [7.308, 15.58726, 7.308], "pivot": [-9.35632, 20.24643, 1.51981], "rotation": [5, 0, 0], "uv": [99, 147]},
						{"origin": [5.25389, -0.52694, -4.23887], "size": [6.8863, 3.24062, 4.05077], "uv": [152, 120]},
						{"origin": [5.01083, -0.52694, -4.23887], "size": [1.05321, 1.21522, 12.15232], "uv": [205, 347]},
						{"origin": [5.01083, -0.52694, -4.4819], "size": [7.37241, 1.21522, 1.05321], "uv": [16, 54]},
						{"origin": [11.33003, -0.52694, -4.23887], "size": [1.05321, 1.21522, 12.15232], "uv": [243, 187]},
						{"origin": [5.01083, -0.52694, 7.1033], "size": [7.37241, 1.21522, 1.05321], "uv": [0, 54]}
					]
				},
				{
					"name": "bone3",
					"parent": "shoes2",
					"pivot": [8.84909, 44.09457, 5.70301],
					"cubes": [
						{"origin": [5.558, 3.98943, 0.02149], "size": [6.58219, 18.10726, 5.82251], "pivot": [8.84909, 27.86066, 2.93275], "rotation": [5, 0, 0], "uv": [250, 97]}
					]
				}
			]
		}
	]
}