{
	"format_version": "1.12.0",
	"minecraft:geometry": [
		{
			"description": {
				"identifier": "geometry.rod",
				"texture_width": 224,
				"texture_height": 224,
				"visible_bounds_width": 5,
				"visible_bounds_height": 10,
				"visible_bounds_offset": [0, 4, 0]
			},
			"bones": [
				{
					"name": "rod_main",
					"pivot": [0, 0, 0]
				},
				{
					"name": "rod",
					"parent": "rod_main",
					"pivot": [0, -3, 0]
				},
				{
					"name": "main",
					"parent": "rod",
					"pivot": [0, -3, 0]
				},
				{
					"name": "upper",
					"parent": "main",
					"pivot": [0, 47, 7]
				},
				{
					"name": "body",
					"parent": "upper",
					"pivot": [0, -3, 0]
				},
				{
					"name": "arms",
					"parent": "body",
					"pivot": [0, -3, 0]
				},
				{
					"name": "leftArm",
					"parent": "arms",
					"pivot": [14, 79, 2]
				},
				{
					"name": "limbs",
					"parent": "leftArm",
					"pivot": [0, -3, 0]
				},
				{
					"name": "limb1",
					"parent": "limbs",
					"pivot": [0, -3, 0],
					"cubes": [
						{"origin": [13.68063, 62.28094, -3], "size": [9, 12, 9.5], "pivot": [2.50334, 66.75438, 0.67295], "rotation": [0, 0, -30], "uv": [77, 144]}
					]
				},
				{
					"name": "limb2",
					"parent": "limbs",
					"pivot": [6, -15, 0],
					"cubes": [
						{"origin": [15.28839, 53.85265, -2], "size": [7, 12, 7], "pivot": [2.50334, 66.75438, 0.67295], "rotation": [0, 0, -20], "uv": [188, 67]}
					]
				},
				{
					"name": "limb3",
					"parent": "limbs",
					"pivot": [23, 61, 2],
					"cubes": [
						{"origin": [20.85733, 42.5516, -2], "size": [7, 1, 7], "uv": [153, 27]},
						{"origin": [17.61184, 40.44074, -2], "size": [7, 18, 7], "pivot": [2.50334, 66.75438, 0.67295], "rotation": [0, 0, -7.5], "uv": [63, 165]}
					]
				},
				{
					"name": "hand",
					"parent": "limb3",
					"pivot": [0, -3, 0],
					"cubes": [
						{"origin": [25, 37, -1], "size": [2, 4, 5], "uv": [31, 130]},
						{"origin": [24, 37, -1], "size": [3, 2, 5], "uv": [19, 50]},
						{"origin": [22, 41, -1], "size": [5, 2, 5], "uv": [83, 97]},
						{"origin": [22, 39, -1], "size": [2, 4, 2], "uv": [53, 102]}
					]
				},
				{
					"name": "rightArm",
					"parent": "arms",
					"pivot": [-13, 79, 0]
				},
				{
					"name": "limbs2",
					"parent": "rightArm",
					"pivot": [0, -3, 0]
				},
				{
					"name": "limb4",
					"parent": "limbs2",
					"pivot": [0, -3, 0],
					"cubes": [
						{"origin": [-22.00986, 59.7776, -3.5], "size": [9, 12, 9.5], "pivot": [2.50334, 66.75438, 0.67295], "rotation": [0, 0, 30], "uv": [119, 140]}
					]
				},
				{
					"name": "limb5",
					"parent": "limbs2",
					"pivot": [6, -15, 0],
					"cubes": [
						{"origin": [-22.6072, 56.19055, -2], "size": [7, 12, 7], "pivot": [2.50334, 66.75438, 0.67295], "rotation": [0, 0, 10], "uv": [181, 46]}
					]
				},
				{
					"name": "limb6",
					"parent": "limbs2",
					"pivot": [-21, 61, 1]
				},
				{
					"name": "limb7",
					"parent": "limb6",
					"pivot": [-20, 59, 2],
					"cubes": [
						{"origin": [-24.0601, 41.71144, -2], "size": [7, 19, 7], "uv": [86, 50]}
					]
				},
				{
					"name": "hand2",
					"parent": "limb7",
					"pivot": [4, -4, 0],
					"cubes": [
						{"origin": [-23.5, 34, -1], "size": [2.5, 6, 5], "uv": [23, 0]},
						{"origin": [-23, 34, -1], "size": [5, 2, 5], "uv": [35, 97]},
						{"origin": [-23.5, 40, -1], "size": [5.5, 2, 5], "uv": [83, 18]},
						{"origin": [-20, 38, -1], "size": [2, 4, 2], "uv": [0, 97]}
					]
				},
				{
					"name": "ribbons",
					"parent": "body",
					"pivot": [-38, -4, 4]
				},
				{
					"name": "ribbon2",
					"parent": "ribbons",
					"pivot": [-0.02042, 82.55486, -5.97059],
					"rotation": [0, 180, -7.5],
					"cubes": [
						{"origin": [-1.22074, 80.85444, -7.5], "size": [3, 3, 3], "uv": [0, 219]},
						{"origin": [1.49019, 79.73255, -6.94118], "size": [5, 3, 2], "pivot": [-2.00981, 81.23255, -5.94118], "rotation": [0, 0, -17.5], "uv": [0, 219]},
						{"origin": [3.06301, 80.19511, -6.94118], "size": [4, 3, 2], "pivot": [4.56301, 87.69511, -5.94118], "rotation": [0, 0, 17.5], "uv": [0, 219]},
						{"origin": [5.13417, 78.73872, -6.94118], "size": [3, 1, 2], "pivot": [-5.36583, 78.23872, -5.94118], "rotation": [0, 0, -27.5], "uv": [0, 219]},
						{"origin": [5.84238, 84.67659, -6.94118], "size": [0.5, 1, 2], "pivot": [6.84238, 85.17659, -5.94118], "rotation": [0, 0, 7.5], "uv": [0, 219]},
						{"origin": [5.58133, 79.01519, -6.94118], "size": [0.5, 1, 2], "pivot": [6.58133, 81.51519, -5.94118], "rotation": [0, 0, -7.5], "uv": [0, 219]},
						{"origin": [5.33266, 84.12236, -6.94118], "size": [0.5, 1, 2], "pivot": [6.33266, 84.62236, -5.94118], "rotation": [0, 0, 67.5], "uv": [0, 219]},
						{"origin": [3.48071, 82.35817, -6.94118], "size": [0.5, 1, 2], "pivot": [7.48071, 82.85817, -5.94118], "rotation": [0, 0, -67.5], "uv": [0, 219]},
						{"origin": [6.11086, 83.68881, -6.94118], "size": [1.5, 2, 2], "pivot": [6.11086, 85.18881, -5.94118], "rotation": [0, 0, 80], "uv": [0, 219]},
						{"origin": [6.13742, 82.0058, -6.94118], "size": [0.5, 2, 2], "pivot": [6.38742, 83.5058, -5.94118], "rotation": [0, 0, 85], "uv": [0, 219]},
						{"origin": [7.15731, 82.55033, -6.94118], "size": [0.5, 2, 2], "pivot": [6.40731, 84.05033, -5.94118], "rotation": [0, 0, 90], "uv": [0, 219]},
						{"origin": [7.1905, 82.07142, -6.94118], "size": [0.5, 2, 2], "pivot": [6.4405, 83.57142, -5.94118], "rotation": [0, 0, 92.5], "uv": [0, 219]},
						{"origin": [5.14783, 80.59289, -6.94118], "size": [0.5, 2, 2], "pivot": [5.39783, 82.09289, -5.94118], "rotation": [0, 0, -92.5], "uv": [0, 219]},
						{"origin": [6.15731, 81.15856, -6.94118], "size": [0.5, 2, 2], "pivot": [6.40731, 81.65856, -5.94118], "rotation": [0, 0, -90], "uv": [0, 219]},
						{"origin": [7.05027, 79.7069, -6.94118], "size": [0.5, 2, 2], "pivot": [6.30027, 80.2069, -5.94118], "rotation": [0, 0, -85], "uv": [0, 219]},
						{"origin": [6.11086, 79.02008, -6.94118], "size": [1.5, 2, 2], "pivot": [6.11086, 79.52008, -5.94118], "rotation": [0, 0, -80], "uv": [0, 219]},
						{"origin": [5.13417, 84.97017, -6.94118], "size": [3, 1, 2], "pivot": [-5.36583, 86.47017, -5.94118], "rotation": [0, 0, 27.5], "uv": [0, 219]}
					]
				},
				{
					"name": "ribbon",
					"parent": "ribbons",
					"pivot": [-38, -4, 4],
					"cubes": [
						{"origin": [0.71093, 79.87811, -7], "size": [5, 3, 2], "pivot": [-2.78907, 81.37811, -6], "rotation": [0, 0, -17.5], "uv": [0, 219]},
						{"origin": [2.28375, 80.34067, -7], "size": [4, 3, 2], "pivot": [3.78375, 87.84067, -6], "rotation": [0, 0, 17.5], "uv": [0, 219]},
						{"origin": [4.35491, 78.88427, -7], "size": [3, 1, 2], "pivot": [-6.14509, 78.38427, -6], "rotation": [0, 0, -27.5], "uv": [0, 219]},
						{"origin": [5.06312, 84.82215, -7], "size": [0.5, 1, 2], "pivot": [6.06312, 85.32215, -6], "rotation": [0, 0, 7.5], "uv": [0, 219]},
						{"origin": [4.80207, 79.16074, -7], "size": [0.5, 1, 2], "pivot": [5.80207, 81.66074, -6], "rotation": [0, 0, -7.5], "uv": [0, 219]},
						{"origin": [4.5534, 84.26791, -7], "size": [0.5, 1, 2], "pivot": [5.5534, 84.76791, -6], "rotation": [0, 0, 67.5], "uv": [0, 219]},
						{"origin": [2.70145, 82.50373, -7], "size": [0.5, 1, 2], "pivot": [6.70145, 83.00373, -6], "rotation": [0, 0, -67.5], "uv": [0, 219]},
						{"origin": [5.3316, 83.83437, -7], "size": [1.5, 2, 2], "pivot": [5.3316, 85.33437, -6], "rotation": [0, 0, 80], "uv": [0, 219]},
						{"origin": [5.35817, 82.15135, -7], "size": [0.5, 2, 2], "pivot": [5.60817, 83.65135, -6], "rotation": [0, 0, 85], "uv": [0, 219]},
						{"origin": [6.37805, 82.69588, -7], "size": [0.5, 2, 2], "pivot": [5.62805, 84.19588, -6], "rotation": [0, 0, 90], "uv": [0, 219]},
						{"origin": [6.41124, 82.21698, -7], "size": [0.5, 2, 2], "pivot": [5.66124, 83.71698, -6], "rotation": [0, 0, 92.5], "uv": [0, 219]},
						{"origin": [4.36857, 80.73845, -7], "size": [0.5, 2, 2], "pivot": [4.61857, 82.23845, -6], "rotation": [0, 0, -92.5], "uv": [0, 219]},
						{"origin": [5.37805, 81.30412, -7], "size": [0.5, 2, 2], "pivot": [5.62805, 81.80412, -6], "rotation": [0, 0, -90], "uv": [0, 219]},
						{"origin": [6.27101, 79.85245, -7], "size": [0.5, 2, 2], "pivot": [5.52101, 80.35245, -6], "rotation": [0, 0, -85], "uv": [0, 219]},
						{"origin": [5.3316, 79.16563, -7], "size": [1.5, 2, 2], "pivot": [5.3316, 79.66563, -6], "rotation": [0, 0, -80], "uv": [0, 219]},
						{"origin": [4.35491, 85.11573, -7], "size": [3, 1, 2], "pivot": [-6.14509, 86.61573, -6], "rotation": [0, 0, 27.5], "uv": [0, 219]}
					]
				},
				{
					"name": "torso",
					"parent": "body",
					"pivot": [0, 55, 0],
					"cubes": [
						{"origin": [-16.22309, 84.11411, 0], "size": [17, 1, 4], "pivot": [2.50334, 66.75438, 0.67295], "rotation": [0, 0, -2.5], "uv": [0, 155]},
						{"origin": [-16.22309, 83.61411, -1], "size": [17, 1, 6], "pivot": [2.50334, 66.75438, 0.67295], "rotation": [0, 0, -2.5], "uv": [149, 67]},
						{"origin": [-0.77215, 83.39573, -1], "size": [17, 1, 6], "pivot": [2.50334, 66.75438, 0.67295], "rotation": [0, 0, 2.5], "uv": [146, 141]},
						{"origin": [-14.5, 81.06783, 0.292], "size": [29, 2, 6], "pivot": [2.50334, 66.75438, 0.67295], "rotation": [12.5, 0, 0], "uv": [83, 27]},
						{"origin": [-11.5, 61.31127, -14.70725], "size": [23, 13, 37], "pivot": [2.50334, 66.75438, 0.67295], "rotation": [-90, 0, 0], "uv": [0, 0]},
						{"origin": [-11.47111, 58.96059, 20.29275], "size": [22.9, 1, 1], "pivot": [-0.56777, 66.4037, 0.67295], "rotation": [-90, 0, 0], "uv": [86, 80]},
						{"origin": [-8.5, 59.31127, -7.70725], "size": [17, 1, 29], "pivot": [2.50334, 66.75438, 0.67295], "rotation": [-90, 0, 0], "uv": [86, 50]},
						{"origin": [-8.78877, 58.83738, -5.70725], "size": [2, 1, 17], "pivot": [2.21457, 66.28049, 0.67295], "rotation": [-90, 0, 2.5], "uv": [151, 123]},
						{"origin": [-10.75573, 41.25308, -5.70725], "size": [3, 1, 11], "pivot": [1.24761, 48.69619, 0.67295], "rotation": [-90, 0, 12.5], "uv": [0, 184]},
						{"origin": [7.19186, 46.0162, -5.70725], "size": [3, 1, 11], "pivot": [20.1952, 53.45931, 0.67295], "rotation": [-90, 0, -12.5], "uv": [116, 183]},
						{"origin": [6.76973, 59.71006, -5.70725], "size": [2, 1, 17], "pivot": [17.77307, 67.15317, 0.67295], "rotation": [-90, 0, -2.5], "uv": [96, 148]},
						{"origin": [-6.58006, 74.12414, -6.83582], "size": [9, 1, 1], "pivot": [-6.46482, 74.62414, -6.27016], "rotation": [-90, -7.5, -67.5], "uv": [0, 82]},
						{"origin": [-2.03106, 74.19597, -6.83582], "size": [9, 1, 1], "pivot": [6.85371, 74.69597, -6.27016], "rotation": [-90, 7.5, 67.5], "uv": [0, 80]},
						{"origin": [-12.5, 62.31127, -14.70725], "size": [25, 11, 36], "pivot": [2.50334, 66.75438, 0.67295], "rotation": [-90, 0, 0], "uv": [0, 50]},
						{"origin": [-12.5, 81.83502, -2.59506], "size": [25, 2, 6], "pivot": [2.50334, 66.75438, 0.67295], "rotation": [-12.5, 0, 0], "uv": [120, 35]},
						{"origin": [-0.77215, 83.89573, 0], "size": [17, 1, 4], "pivot": [2.50334, 66.75438, 0.67295], "rotation": [0, 0, 2.5], "uv": [120, 43]}
					]
				},
				{
					"name": "cover_lock",
					"parent": "torso",
					"pivot": [-14, 47, -7],
					"cubes": [
						{"origin": [-11.76401, 45.7839, -6.06305], "size": [1, 1, 2], "pivot": [-10.76401, 45.7839, -6.06305], "rotation": [0, -45, 0], "uv": [103, 18]}
					]
				},
				{
					"name": "bone3",
					"parent": "cover_lock",
					"pivot": [-14, 47, -7],
					"rotation": [0, 32.5, 0],
					"cubes": [
						{"origin": [-14.23614, 45.7839, -4.3074], "size": [1, 1, 2], "pivot": [-13.23614, 45.7839, -4.3074], "rotation": [0, -45, 0], "uv": [0, 103]}
					]
				},
				{
					"name": "bone4",
					"parent": "cover_lock",
					"pivot": [-14, 47, -7],
					"rotation": [0, 45, 0],
					"cubes": [
						{"origin": [-16.354, 45.7839, -3.26758], "size": [1, 1, 1], "pivot": [-15.354, 45.7839, -3.26758], "rotation": [0, -45, 0], "uv": [33, 33]},
						{"origin": [-17.06111, 45.7839, -2.56047], "size": [1, 1, 3], "pivot": [-16.06111, 45.7839, -2.56047], "rotation": [10, -45, 0], "uv": [100, 101]},
						{"origin": [-18.99657, 46.2906, -0.62501], "size": [1, 1, 3], "pivot": [-17.99657, 46.2906, -0.62501], "rotation": [-2.5, -45, 0], "uv": [101, 22]},
						{"origin": [-21.05442, 46.16735, 1.43284], "size": [1, 1, 3], "pivot": [-20.05442, 46.16735, 1.43284], "rotation": [-7.5, -45, 0], "uv": [5, 100]},
						{"origin": [-21.91955, 45.77577, 4.91409], "size": [1, 1, 1], "pivot": [-20.91955, 45.77577, -3.08591], "rotation": [0, -17.5, 0], "uv": [33, 25]},
						{"origin": [-24.31207, 45.77577, 5.23801], "size": [1, 1, 1], "pivot": [-24.51648, 46.77577, 5.67639], "rotation": [0, 32.5, 0], "uv": [32, 0]},
						{"origin": [-20.32917, 45.77577, 4.70758], "size": [1, 1, 2], "pivot": [-19.32917, 45.77577, 0.70758], "rotation": [0, -45, 0], "uv": [102, 82]}
					]
				},
				{
					"name": "cover_lock2",
					"parent": "torso",
					"pivot": [-14, 47, -7],
					"rotation": [0, 0, -180],
					"cubes": [
						{"origin": [-39.72178, 47.2161, -6.06305], "size": [1, 1, 2], "pivot": [-38.72178, 47.2161, -6.06305], "rotation": [0, -45, 0], "uv": [55, 97]}
					]
				},
				{
					"name": "bone5",
					"parent": "cover_lock2",
					"pivot": [-14, 47, -7],
					"rotation": [0, 32.5, 0],
					"cubes": [
						{"origin": [-37.81548, 47.2161, -19.3291], "size": [1, 1, 2], "pivot": [-36.81548, 47.2161, -19.3291], "rotation": [0, -45, 0], "uv": [86, 53]},
						{"origin": [-31.10327, 46.65636, -3.78851], "size": [4, 1, 1], "pivot": [-33.10327, 46.65636, -17.78851], "rotation": [0, -32.5, 5], "uv": [17, 84]},
						{"origin": [-27.74254, 47.47317, -1.63931], "size": [6, 1, 1], "pivot": [-29.74254, 47.47317, -15.63931], "rotation": [0, -32.5, -5], "uv": [20, 82]},
						{"origin": [-22.81403, 47.07796, 1.58449], "size": [6, 1, 1], "pivot": [-24.81403, 47.07796, -12.41551], "rotation": [0, -32.5, 2.5], "uv": [20, 80]},
						{"origin": [-17.20283, 47.28243, 2.67743], "size": [2, 1, 1], "pivot": [-23.20283, 47.28243, -11.32257], "rotation": [0, -32.5, -2.5], "uv": [30, 78]},
						{"origin": [-36.05221, 47.20797, -7.0123], "size": [6, 1, 1], "pivot": [-38.05221, 47.20797, -21.0123], "rotation": [0, -32.5, 0], "uv": [23, 11]},
						{"origin": [-31.32539, 47.20797, 7.4832], "size": [1, 1, 1], "pivot": [-30.32539, 47.20797, -6.5168], "rotation": [0, -95, 0], "uv": [23, 0]},
						{"origin": [-37.36543, 47.20797, -5.9377], "size": [1, 1, 1], "pivot": [-36.36543, 47.20797, -19.9377], "rotation": [0, -32.5, 0], "uv": [8, 0]}
					]
				},
				{
					"name": "bone6",
					"parent": "cover_lock2",
					"pivot": [-14, 47, -7],
					"rotation": [0, 45, 0],
					"cubes": [
						{"origin": [-36.12314, 47.2161, -23.03671], "size": [1, 1, 1], "pivot": [-35.12314, 47.2161, -23.03671], "rotation": [0, -45, 0], "uv": [0, 0]},
						{"origin": [-36.83024, 47.2161, -22.3296], "size": [1, 1, 3], "pivot": [-35.83024, 47.2161, -22.3296], "rotation": [10, -45, 0], "uv": [98, 97]},
						{"origin": [-38.7657, 47.72281, -20.39414], "size": [1, 1, 3], "pivot": [-37.7657, 47.72281, -20.39414], "rotation": [-2.5, -45, 0], "uv": [98, 18]},
						{"origin": [-40.82355, 47.59955, -18.33629], "size": [1, 1, 3], "pivot": [-39.82355, 47.59955, -18.33629], "rotation": [-7.5, -45, 0], "uv": [50, 97]},
						{"origin": [-40.0983, 47.20797, -15.06155], "size": [1, 1, 2], "pivot": [-39.0983, 47.20797, -19.06155], "rotation": [0, -45, 0], "uv": [86, 50]}
					]
				},
				{
					"name": "bone10",
					"parent": "torso",
					"pivot": [-0.02111, 46.46059, -6.70725],
					"cubes": [
						{"origin": [-11.47111, 58.96059, 20.29275], "size": [22.9, 1, 26], "pivot": [-0.56777, 66.4037, 0.67295], "rotation": [-90, 0, 0], "uv": [83, 0]}
					]
				},
				{
					"name": "head_structure",
					"parent": "body",
					"pivot": [0, -3, 0]
				},
				{
					"name": "head",
					"parent": "head_structure",
					"pivot": [0.24993, 84.40474, 1.71531],
					"cubes": [
						{"origin": [-2.464, 83.648, -4.928], "size": [3.696, 4.232, 13.552], "uv": [180, 171]},
						{"origin": [-5.72652, 84.37128, -4.928], "size": [3.696, 9.232, 13.552], "pivot": [-3.87852, 84.98728, 1.848], "rotation": [0, 0, 25], "uv": [121, 161]},
						{"origin": [-12.46143, 75.84381, -4.928], "size": [3.696, 5.232, 13.552], "pivot": [1.70657, 77.69181, 1.848], "rotation": [0, 0, 55], "uv": [179, 136]},
						{"origin": [18.19225, 77.5444, -4.928], "size": [3.696, 6.232, 13.552], "pivot": [4.02425, 68.3044, 1.848], "rotation": [0, 0, -55], "uv": [19, 176]},
						{"origin": [-18.84647, 73.21344, -4.928], "size": [3.696, 8.232, 13.552], "pivot": [0.24953, 75.06144, 1.848], "rotation": [0, 0, 65], "uv": [0, 163]},
						{"origin": [-34.28487, 63.69834, -4.928], "size": [8.624, 10.232, 13.552], "pivot": [3.29113, 65.54634, 1.848], "rotation": [0, 0, 67.5], "uv": [44, 130]},
						{"origin": [-26.25906, 107.37586, -4.928], "size": [3.696, 10.232, 13.552], "pivot": [-21.94706, 98.13586, 1.848], "rotation": [0, 0, 85], "uv": [157, 97]},
						{"origin": [-31.59804, 116.78877, -4.928], "size": [3.696, 10.232, 13.552], "pivot": [-27.28604, 102.62077, 1.848], "rotation": [0, 0, 90], "uv": [31, 153]},
						{"origin": [-37.40951, 131.05916, -4.928], "size": [3.696, 6.232, 13.552], "pivot": [-33.09751, 110.73116, 1.848], "rotation": [0, 0, 102.5], "uv": [176, 7]},
						{"origin": [-16.04899, 126.11592, -4.928], "size": [3.696, 8.232, 13.552], "pivot": [-14.20099, 119.33992, 1.848], "rotation": [0, 0, 130], "uv": [161, 159]},
						{"origin": [-10.34718, 103.52212, -0.928], "size": [5.696, 4.232, 4.552], "pivot": [-6.49918, 111.63812, 1.848], "rotation": [0, 0, 135], "uv": [19, 23]},
						{"origin": [-9.78107, 99.75251, -0.928], "size": [1.696, 4.232, 4.552], "pivot": [-6.93307, 110.86851, 1.848], "rotation": [0, 0, 135], "uv": [0, 50]},
						{"origin": [-15.87838, 116.26908, -0.928], "size": [2.696, 3.232, 4.552], "pivot": [-14.03038, 117.38508, 1.348], "rotation": [0, 0, 122.5], "uv": [0, 23]},
						{"origin": [-11.27301, 119.58407, -0.928], "size": [2.5, 3.232, 4.552], "pivot": [-10.62101, 120.70007, 1.348], "rotation": [0, 0, 150], "uv": [0, 0]},
						{"origin": [-20.69798, 164.45238, -4.928], "size": [3.696, 6.232, 13.552], "pivot": [-18.84998, 139.19638, 1.848], "rotation": [0, 0, 150], "uv": [140, 172]},
						{"origin": [-6.29292, 156.52844, -4.928], "size": [3.696, 34.232, 13.552], "pivot": [-4.44492, 137.43244, 1.848], "rotation": [0, 0, 175], "uv": [96, 97]},
						{"origin": [-3.38116, 116.57694, -4.928], "size": [3.696, 3.232, 13.552], "pivot": [-0.91716, 117.19294, 1.848], "rotation": [0, 0, -117.5], "uv": [176, 94]},
						{"origin": [-2.87559, 173.88392, -4.928], "size": [5.696, 7.232, 13.552], "pivot": [-0.41159, 144.93192, 1.848], "rotation": [0, 0, 177.5], "uv": [153, 0]},
						{"origin": [-9.22706, 121.98101, -4.928], "size": [3.696, 1.232, 13.552], "pivot": [1.24494, 122.59701, 1.848], "rotation": [0, 0, -102.5], "uv": [0, 23]},
						{"origin": [-8.56039, 140.54052, -4.928], "size": [3.696, 4.232, 13.552], "pivot": [1.29561, 127.60452, 1.848], "rotation": [0, 0, -162.5], "uv": [159, 180]},
						{"origin": [12.04032, 122.96719, -4.928], "size": [5.928, 10.232, 13.552], "pivot": [16.12032, 113.72719, 1.848], "rotation": [0, 0, -110], "uv": [0, 0]},
						{"origin": [36.64746, 124.7028, -4.928], "size": [5.1744, 3.232, 13.552], "pivot": [25.18986, 115.4628, 1.848], "rotation": [0, 0, -172.5], "uv": [169, 30]},
						{"origin": [-39.6903, 153.6561, -4.928], "size": [3.696, 11.232, 13.552], "pivot": [-35.3783, 125.9361, 1.848], "rotation": [0, 0, 125], "uv": [149, 43]},
						{"origin": [12.39499, 107.14333, -4.928], "size": [3.696, 11.232, 13.552], "pivot": [16.70699, 102.83133, 1.848], "rotation": [0, 0, -77.5], "uv": [142, 148]},
						{"origin": [22.39447, 121.02112, -4.928], "size": [3.696, 13.232, 13.552], "pivot": [26.70647, 106.85312, 1.848], "rotation": [0, 0, -87.5], "uv": [0, 50]},
						{"origin": [13.89896, 100.13685, -4.928], "size": [9.624, 12.232, 13.552], "pivot": [17.97896, 90.89685, 1.848], "rotation": [0, 0, -67.5], "uv": [0, 130]},
						{"origin": [10.05571, 81.74077, -4.928], "size": [3.696, 7.232, 13.552], "pivot": [3.27971, 82.35677, 1.848], "rotation": [0, 0, -65], "uv": [165, 74]},
						{"origin": [0.79852, 84.37128, -4.928], "size": [3.696, 4.232, 13.552], "pivot": [2.64652, 84.98728, 1.848], "rotation": [0, 0, -25], "uv": [180, 154]}
					]
				},
				{
					"name": "face_structure",
					"parent": "head",
					"pivot": [0, 0, 0]
				},
				{
					"name": "face",
					"parent": "face_structure",
					"pivot": [0, -26, 0],
					"cubes": [
						{"origin": [-4.35914, 104.70116, -5.1], "size": [1.5, 3.5, 3], "pivot": [-2.35914, 104.20116, -8.5], "rotation": [0, 0, -20], "uv": [142, 219]},
						{"origin": [0.28851, 106.30056, -5.1], "size": [1.5, 3.5, 3], "pivot": [-4.71149, 104.80056, -8.5], "rotation": [0, 0, 20], "uv": [142, 219]}
					]
				},
				{
					"name": "Nose",
					"parent": "face_structure",
					"pivot": [-2, 100.01858, -4.74091],
					"rotation": [17.5, 90, 0],
					"cubes": [
						{"origin": [-2.52, 97.40892, -2.79564], "size": [1.04, 4.16, 1.04], "uv": [119, 62]},
						{"origin": [-2.52, 97.50914, -1.88051], "size": [1.04, 1.56, 1.04], "pivot": [-2, 98.02914, -1.36051], "rotation": [12.5, 0, 0], "uv": [119, 62]},
						{"origin": [-2.52, 96.31517, -0.61759], "size": [1.04, 1.04, 0.52], "pivot": [-2, 96.83517, -2.17759], "rotation": [47.5, 0, 0], "uv": [119, 62]},
						{"origin": [-2.52, 95.23991, 0.5155], "size": [1.04, 2.08, 0.52], "pivot": [-2, 95.75991, -2.6045], "rotation": [55, 0, 0], "uv": [119, 62]},
						{"origin": [-2.52, 95.23985, 1.35489], "size": [1.04, 1.04, 0.52], "pivot": [-2, 95.75985, -1.76511], "rotation": [67.5, 0, 0], "uv": [119, 62]},
						{"origin": [-2.52, 95.30943, 2.57268], "size": [1.04, 2.6, 0.52], "pivot": [-2, 95.82943, -0.54732], "rotation": [87.5, 0, 0], "uv": [119, 62]},
						{"origin": [-2.52, 95.76469, 3.41857], "size": [1.04, 2.08, 0.52], "pivot": [-2, 96.28469, 0.29857], "rotation": [102.5, 0, 0], "uv": [119, 62]},
						{"origin": [-2.52, 98.32809, 5.06847], "size": [1.04, 2.08, 1.04], "pivot": [-2, 97.28809, 1.94847], "rotation": [107.5, 0, 0], "uv": [119, 62]},
						{"origin": [-2.52, 97.52579, -3.68333], "size": [1.04, 4.68, 1.04], "pivot": [-2, 98.04579, -3.16333], "rotation": [-15, 0, 0], "uv": [119, 62]},
						{"origin": [-2.52, 97.52579, -4.72333], "size": [1.04, 5.2, 1.04], "pivot": [-2, 98.04579, -3.16333], "rotation": [-15, 0, 0], "uv": [119, 62]},
						{"origin": [-2.52, 97.52579, -5.76333], "size": [1.04, 5.2, 1.04], "pivot": [-2, 98.04579, -3.16333], "rotation": [-15, 0, 0], "uv": [119, 62]},
						{"origin": [-2.52, 97.52579, -6.28333], "size": [1.04, 4.68, 1.04], "pivot": [-2, 98.04579, -3.16333], "rotation": [-15, 0, 0], "uv": [119, 62]},
						{"origin": [-2.52, 97.42325, -7.32672], "size": [1.04, 4.16, 1.04], "pivot": [-2, 97.94325, -4.20672], "rotation": [-25, 0, 0], "uv": [119, 62]},
						{"origin": [-2.52, 97.08831, -8.58555], "size": [1.04, 1.56, 1.04], "pivot": [-2, 97.60831, -5.46555], "rotation": [-47.5, 0, 0], "uv": [119, 62]},
						{"origin": [-2.52, 97.04298, -10.28973], "size": [1.04, 1.04, 1.04], "pivot": [-2, 97.56298, -7.16973], "rotation": [-82.5, 0, 0], "uv": [119, 62]},
						{"origin": [-2.52, 97.94775, -11.52809], "size": [1.04, 2.08, 1.04], "pivot": [-2, 98.46775, -8.40809], "rotation": [-112.5, 0, 0], "uv": [119, 62]},
						{"origin": [-2.52, 99.19077, -11.91762], "size": [1.04, 2.08, 1.04], "pivot": [-2, 99.71077, -8.79762], "rotation": [-135, 0, 0], "uv": [119, 62]},
						{"origin": [-2.52, 100.0293, -11.33827], "size": [1.04, 1.56, 1.04], "pivot": [-2, 100.5493, -8.21827], "rotation": [-140, 0, 0], "uv": [119, 62]},
						{"origin": [-2.52, 101.15674, -11.00513], "size": [1.04, 1.04, 1.04], "pivot": [-2, 101.67674, -7.88513], "rotation": [-157.5, 0, 0], "uv": [119, 62]},
						{"origin": [-2.52, 102.13182, -10.34839], "size": [1.04, 1.04, 1.04], "pivot": [-2, 102.65182, -7.22839], "rotation": [-175, 0, 0], "uv": [119, 62]},
						{"origin": [-2.52, 102.58503, -9.40299], "size": [1.04, 1.04, 1.04], "pivot": [-2, 103.10503, -6.28299], "rotation": [175, 0, 0], "uv": [119, 62]},
						{"origin": [-2.52, 102.96067, -8.38964], "size": [1.04, 1.04, 1.04], "pivot": [-2, 103.48067, -5.26964], "rotation": [162.5, 0, 0], "uv": [119, 62]},
						{"origin": [-2.52, 103.10806, -7.31901], "size": [1.04, 1.04, 1.04], "pivot": [-2, 103.62806, -4.19901], "rotation": [150, 0, 0], "uv": [119, 62]},
						{"origin": [-2.52, 103.33202, -6.03578], "size": [1.04, 2.08, 1.04], "pivot": [-2, 103.85202, -2.91578], "rotation": [127.5, 0, 0], "uv": [119, 62]},
						{"origin": [-2.52, 102.83867, -4.55422], "size": [1.04, 1.56, 0.52], "pivot": [-2, 103.35867, -1.95422], "rotation": [115, 0, 0], "uv": [119, 62]},
						{"origin": [-2.52, 102.52939, -4.10554], "size": [1.04, 2.08, 0.52], "pivot": [-2, 103.04939, -1.50554], "rotation": [107.5, 0, 0], "uv": [119, 62]}
					]
				},
				{
					"name": "face3",
					"parent": "face_structure",
					"pivot": [5, 100, -5],
					"cubes": [
						{"origin": [2, 96, -5.1], "size": [8, 7, 1], "uv": [68, 195]}
					]
				},
				{
					"name": "face2",
					"parent": "face_structure",
					"pivot": [-9, 100, -5],
					"cubes": [
						{"origin": [-13, 96, -5.1], "size": [9, 7, 1], "uv": [68, 194]}
					]
				},
				{
					"name": "tounge",
					"parent": "face_structure",
					"pivot": [-1.00346, 90.64747, -6.5],
					"rotation": [-12.5, 0, -5],
					"cubes": [
						{"origin": [-2.6777, 89.58603, -6.07479], "size": [1.9032, 0.9516, 0.5], "uv": [12, 223]},
						{"origin": [-0.80661, 86.18749, -6.09723], "size": [0.2, 4.3, 0.5], "uv": [82, 221]},
						{"origin": [-1.23352, 86.09946, -6.07479], "size": [1.05723, 0.57096, 0.5], "uv": [12, 223]},
						{"origin": [-0.7081, 89.62597, -6.07479], "size": [1.9032, 0.9516, 0.5], "uv": [12, 223]},
						{"origin": [-2.6113, 89.62597, -6.07479], "size": [3.8064, 0.9516, 0.5], "uv": [12, 223]},
						{"origin": [-1.90714, 88.13119, -6.07479], "size": [1.9032, 1.9032, 0.5], "pivot": [-0.95554, 85.27639, -5.12319], "rotation": [0, 0, 15], "uv": [12, 223]},
						{"origin": [-1.47866, 88.09125, -6.07479], "size": [1.9032, 1.9032, 0.5], "pivot": [-0.52706, 85.23645, -5.12319], "rotation": [0, 0, -15], "uv": [12, 223]},
						{"origin": [0.14289, 86.67225, -6.07479], "size": [1.33224, 1.9032, 0.5], "pivot": [0.52353, 83.81745, -5.12319], "rotation": [0, 0, -30], "uv": [12, 223]},
						{"origin": [-2.90953, 86.86143, -6.07479], "size": [1.52256, 1.9032, 0.5], "pivot": [-2.33857, 84.00663, -5.12319], "rotation": [0, 0, 27.5], "uv": [12, 223]}
					]
				},
				{
					"name": "mouth",
					"parent": "face_structure",
					"pivot": [4, -39, 29]
				},
				{
					"name": "bone8",
					"parent": "mouth",
					"pivot": [-10.63, 88.82, -3.186],
					"rotation": [0, 180, -7.5]
				},
				{
					"name": "moutfh3",
					"parent": "bone8",
					"pivot": [-12.093, 93.209, -4.649],
					"rotation": [0, 0, 10],
					"cubes": [
						{"origin": [-18.05812, 88.4965, -3.186], "size": [2.926, 2.926, 2.926], "pivot": [-16.59512, 89.9595, -1.723], "rotation": [0, 0, 7.5], "uv": [148, 221]},
						{"origin": [-21.72311, 86.31956, -3.186], "size": [5.852, 2.926, 2.926], "pivot": [-17.33411, 87.78256, -1.723], "rotation": [0, 0, 30], "uv": [148, 221]},
						{"origin": [-25.98694, 76.61756, -3.186], "size": [5.852, 2.926, 2.926], "pivot": [-9.89394, 78.08056, -1.723], "rotation": [0, 0, 40], "uv": [148, 221]}
					]
				},
				{
					"name": "moutfh4",
					"parent": "bone8",
					"pivot": [-7.704, -171.594, -6.112],
					"cubes": [
						{"origin": [-18.0487, 91.86796, -3.186], "size": [2.926, 2.926, 2.926], "pivot": [-16.5857, 93.33096, -1.723], "rotation": [0, 0, 5], "uv": [148, 221]},
						{"origin": [-18.37526, 93.98965, -3.186], "size": [2.926, 1.463, 2.926], "pivot": [-16.91226, 95.45265, -1.723], "rotation": [0, 0, -22.5], "uv": [148, 221]},
						{"origin": [-21.10107, 90.41167, -3.186], "size": [3.2186, 4.4, 2.926], "pivot": [-19.34547, 94.80067, -1.723], "rotation": [0, 0, -7.5], "uv": [148, 221]},
						{"origin": [-24.53494, 90.85112, -3.186], "size": [3.463, 4.389, 2.926], "pivot": [-24.53494, 95.24012, -1.723], "rotation": [0, 0, 15], "uv": [148, 221]},
						{"origin": [-23.75449, 90.54454, -3.186], "size": [4.389, 4.389, 2.926], "pivot": [-23.75449, 92.00754, -1.723], "rotation": [0, 0, 10], "uv": [148, 221]},
						{"origin": [-22.25112, 90.27244, -3.186], "size": [1.463, 4.389, 2.926], "pivot": [-22.25112, 88.80944, -1.723], "rotation": [0, 0, 2.5], "uv": [148, 221]},
						{"origin": [-27.71208, 92.77614, -3.186], "size": [2.926, 1.463, 2.926], "pivot": [-26.24908, 94.23914, -1.723], "rotation": [0, 0, 7], "uv": [148, 221]},
						{"origin": [-27.49291, 93.47294, -3.186], "size": [2.926, 1.463, 2.926], "pivot": [-23.10391, 94.93594, -1.723], "rotation": [0, 0, 12], "uv": [148, 221]}
					]
				},
				{
					"name": "bone7",
					"parent": "mouth",
					"pivot": [9.852, 88.82, -6.112],
					"rotation": [0, 0, 7.5]
				},
				{
					"name": "moutfh2",
					"parent": "bone7",
					"pivot": [5.463, 93.209, -4.649],
					"rotation": [0, 0, 10],
					"cubes": [
						{"origin": [2.04543, 88.89929, -6.112], "size": [2.926, 2.926, 2.926], "pivot": [3.50843, 90.36229, -4.649], "rotation": [0, 0, 7.5], "uv": [148, 221]},
						{"origin": [-1.61953, 86.72235, -6.112], "size": [5.852, 2.926, 2.926], "pivot": [2.76947, 88.18535, -4.649], "rotation": [0, 0, 30], "uv": [148, 221]},
						{"origin": [-2.95738, 77.02035, -6.112], "size": [2.926, 2.926, 2.926], "pivot": [10.20962, 78.48335, -4.649], "rotation": [0, 0, 40], "uv": [148, 221]}
					]
				},
				{
					"name": "moutfh",
					"parent": "bone7",
					"pivot": [9.852, -171.594, -6.112],
					"cubes": [
						{"origin": [2.0861, 91.82222, -6.112], "size": [2.926, 2.926, 2.926], "pivot": [3.5491, 93.28522, -4.649], "rotation": [0, 0, 5], "uv": [148, 221]}
					]
				},
				{
					"name": "lower",
					"parent": "main",
					"pivot": [0, -7, 0]
				},
				{
					"name": "rightLeg",
					"parent": "lower",
					"pivot": [-6, 45, 1],
					"cubes": [
						{"origin": [-11.5, 25.13458, -4.77016], "size": [11, 20, 13], "uv": [48, 97]}
					]
				},
				{
					"name": "bone9",
					"parent": "rightLeg",
					"pivot": [-6, 26, 1]
				},
				{
					"name": "shoes",
					"parent": "bone9",
					"pivot": [-3.5, 4.5, 0.5],
					"cubes": [
						{"origin": [-10.2, 0.31588, -3.3], "size": [8.5, 6, 10], "uv": [189, 209]},
						{"origin": [-10.2, 0.31588, -8.3], "size": [8.5, 4, 5], "uv": [189, 209]},
						{"origin": [-10.5, 0.31588, -8.3], "size": [1.3, 1.5, 15], "uv": [189, 209]},
						{"origin": [-10.5, 0.31588, -8.6], "size": [9.1, 1.5, 1.3], "uv": [189, 209]},
						{"origin": [-2.7, 0.31588, -8.3], "size": [1.3, 1.5, 15], "uv": [189, 209]},
						{"origin": [-10.5, 0.31588, 5.7], "size": [9.1, 1.5, 1.3], "uv": [189, 209]}
					]
				},
				{
					"name": "bone",
					"parent": "bone9",
					"pivot": [-6, 28, 0],
					"cubes": [
						{"origin": [-10.7, 6.31588, -3.77016], "size": [9.5, 19, 11], "uv": [128, 110]}
					]
				},
				{
					"name": "leftLeg",
					"parent": "lower",
					"pivot": [8, 45, 2],
					"cubes": [
						{"origin": [0.5, 25.13458, -4.77016], "size": [11, 20, 13], "uv": [0, 97]}
					]
				},
				{
					"name": "bone11",
					"parent": "leftLeg",
					"pivot": [8, 25, 1]
				},
				{
					"name": "bone2",
					"parent": "bone11",
					"pivot": [6, 28, 0],
					"cubes": [
						{"origin": [1.3, 6.31588, -3.77016], "size": [9.5, 19, 11], "uv": [122, 80]}
					]
				},
				{
					"name": "shoes2",
					"parent": "bone11",
					"pivot": [8.5, 4.5, 0.5],
					"cubes": [
						{"origin": [1.8, 0.31588, -3.3], "size": [8.5, 6, 10], "uv": [189, 209]},
						{"origin": [1.8, 0.31588, -8.3], "size": [8.5, 4, 5], "uv": [189, 209]},
						{"origin": [1.5, 0.31588, -8.3], "size": [2.3, 1.5, 15], "uv": [189, 209]},
						{"origin": [1.5, 0.31588, -8.6], "size": [9.1, 1.5, 1.3], "uv": [189, 209]},
						{"origin": [9.3, 0.31588, -8.3], "size": [1.3, 1.5, 15], "uv": [189, 209]},
						{"origin": [1.5, 0.31588, 5.7], "size": [9.1, 1.5, 1.3], "uv": [189, 209]}
					]
				}
			]
		}
	]
}