{"format_version":"1.8.0","animations":{"animation.yg_charles.move":{"loop":true,"animation_length":2.75,"anim_time_update":"query.modified_distance_moved * 0.3","bones":{"Body":{"rotation":{"0.0":{"post":[0,0,7.5],"lerp_mode":"catmullrom"},"1.5":{"post":[0,0,-5],"lerp_mode":"catmullrom"},"2.75":{"post":[0,0,7.5],"lerp_mode":"catmullrom"}}},"Paa":{"rotation":{"0.25":{"post":[0,0,0],"lerp_mode":"catmullrom"},"0.5":{"post":[0,0,-40],"lerp_mode":"catmullrom"},"0.75":{"post":[-24.75948,41.92831,-49.61432],"lerp_mode":"catmullrom"},"1.0":{"post":[15.77241,45.41054,6.63402],"lerp_mode":"catmullrom"},"1.25":{"post":[0,0,0],"lerp_mode":"catmullrom"}}},"Paa2":{"rotation":{"0.75":{"post":[0,0,0],"lerp_mode":"catmullrom"},"1.0":{"post":[0,0,-40],"lerp_mode":"catmullrom"},"1.25":{"post":[-15.06885,29.14089,-43.93803],"lerp_mode":"catmullrom"},"1.5":{"post":[9.36302,31.26463,2.62528],"lerp_mode":"catmullrom"},"1.75":{"post":[0,0,0],"lerp_mode":"catmullrom"}}},"Paa3":{"rotation":{"1.25":{"post":[0,0,0],"lerp_mode":"catmullrom"},"1.5":{"post":[0,0,-40],"lerp_mode":"catmullrom"},"1.75":{"post":[-15.06885,29.14089,-43.93803],"lerp_mode":"catmullrom"},"2.0":{"post":[9.36302,31.26463,2.62528],"lerp_mode":"catmullrom"},"2.25":{"post":[0,0,0],"lerp_mode":"catmullrom"}}},"Paa4":{"rotation":{"1.75":{"post":[0,0,0],"lerp_mode":"catmullrom"},"2.0":{"post":[0,0,-40],"lerp_mode":"catmullrom"},"2.25":{"post":[-15.06885,29.14089,-43.93803],"lerp_mode":"catmullrom"},"2.5":{"post":[9.36302,31.26463,2.62528],"lerp_mode":"catmullrom"},"2.75":{"post":[0,0,0],"lerp_mode":"catmullrom"}}},"Paa5":{"rotation":{"1.5":{"post":[0,0,0],"lerp_mode":"catmullrom"},"1.75":{"post":[0,0,32.5],"lerp_mode":"catmullrom"},"2.0":{"post":[-11.89031,-33.16347,36.05215],"lerp_mode":"catmullrom"},"2.25":{"post":[10.27206,-33.64409,-3.11321],"lerp_mode":"catmullrom"},"2.5":{"post":[0,0,0],"lerp_mode":"catmullrom"}}},"Paa6":{"rotation":{"1.0":{"post":[0,0,0],"lerp_mode":"catmullrom"},"1.25":{"post":[0,0,32.5],"lerp_mode":"catmullrom"},"1.5":{"post":[-11.89031,-33.16347,36.05215],"lerp_mode":"catmullrom"},"1.75":{"post":[10.27206,-33.64409,-3.11321],"lerp_mode":"catmullrom"},"2.0":{"post":[0,0,0],"lerp_mode":"catmullrom"}}},"Paa7":{"rotation":{"0.5":{"post":[0,0,0],"lerp_mode":"catmullrom"},"0.75":{"post":[0,0,37.5],"lerp_mode":"catmullrom"},"1.0":{"post":[-10.11783,-22.9824,39.56202],"lerp_mode":"catmullrom"},"1.25":{"post":[5.7632,-24.3683,1.25462],"lerp_mode":"catmullrom"},"1.5":{"post":[0,0,0],"lerp_mode":"catmullrom"}}},"Paa8":{"rotation":{"0.0":{"post":[0,0,0],"lerp_mode":"catmullrom"},"0.25":{"post":[0,0,40],"lerp_mode":"catmullrom"},"0.5":{"post":[-19.52546,-35.63104,46.32977],"lerp_mode":"catmullrom"},"0.75":{"post":[12.25294,-38.3808,-4.27896],"lerp_mode":"catmullrom"},"1.0":{"post":[0,0,0],"lerp_mode":"catmullrom"}}}}},"animation.yg_charles.climbing":{"loop":true,"animation_length":2.75,"bones":{"Body":{"rotation":{"0.0":{"post":[0,0,7.5],"lerp_mode":"catmullrom"},"1.5":{"post":[0,0,-5],"lerp_mode":"catmullrom"},"2.75":{"post":[0,0,7.5],"lerp_mode":"catmullrom"}}},"Paa":{"rotation":{"0.25":{"post":[0,0,0],"lerp_mode":"catmullrom"},"0.5":{"post":[0,0,-40],"lerp_mode":"catmullrom"},"0.75":{"post":[-24.75948,41.92831,-49.61432],"lerp_mode":"catmullrom"},"1.0":{"post":[15.77241,45.41054,6.63402],"lerp_mode":"catmullrom"},"1.25":{"post":[0,0,0],"lerp_mode":"catmullrom"}}},"Paa2":{"rotation":{"0.75":{"post":[0,0,0],"lerp_mode":"catmullrom"},"1.0":{"post":[0,0,-40],"lerp_mode":"catmullrom"},"1.25":{"post":[-15.06885,29.14089,-43.93803],"lerp_mode":"catmullrom"},"1.5":{"post":[9.36302,31.26463,2.62528],"lerp_mode":"catmullrom"},"1.75":{"post":[0,0,0],"lerp_mode":"catmullrom"}}},"Paa3":{"rotation":{"1.25":{"post":[0,0,0],"lerp_mode":"catmullrom"},"1.5":{"post":[0,0,-40],"lerp_mode":"catmullrom"},"1.75":{"post":[-15.06885,29.14089,-43.93803],"lerp_mode":"catmullrom"},"2.0":{"post":[9.36302,31.26463,2.62528],"lerp_mode":"catmullrom"},"2.25":{"post":[0,0,0],"lerp_mode":"catmullrom"}}},"Paa4":{"rotation":{"1.75":{"post":[0,0,0],"lerp_mode":"catmullrom"},"2.0":{"post":[0,0,-40],"lerp_mode":"catmullrom"},"2.25":{"post":[-15.06885,29.14089,-43.93803],"lerp_mode":"catmullrom"},"2.5":{"post":[9.36302,31.26463,2.62528],"lerp_mode":"catmullrom"},"2.75":{"post":[0,0,0],"lerp_mode":"catmullrom"}}},"Paa5":{"rotation":{"1.5":{"post":[0,0,0],"lerp_mode":"catmullrom"},"1.75":{"post":[0,0,32.5],"lerp_mode":"catmullrom"},"2.0":{"post":[-11.89031,-33.16347,36.05215],"lerp_mode":"catmullrom"},"2.25":{"post":[10.27206,-33.64409,-3.11321],"lerp_mode":"catmullrom"},"2.5":{"post":[0,0,0],"lerp_mode":"catmullrom"}}},"Paa6":{"rotation":{"1.0":{"post":[0,0,0],"lerp_mode":"catmullrom"},"1.25":{"post":[0,0,32.5],"lerp_mode":"catmullrom"},"1.5":{"post":[-11.89031,-33.16347,36.05215],"lerp_mode":"catmullrom"},"1.75":{"post":[10.27206,-33.64409,-3.11321],"lerp_mode":"catmullrom"},"2.0":{"post":[0,0,0],"lerp_mode":"catmullrom"}}},"Paa7":{"rotation":{"0.5":{"post":[0,0,0],"lerp_mode":"catmullrom"},"0.75":{"post":[0,0,37.5],"lerp_mode":"catmullrom"},"1.0":{"post":[-10.11783,-22.9824,39.56202],"lerp_mode":"catmullrom"},"1.25":{"post":[5.7632,-24.3683,1.25462],"lerp_mode":"catmullrom"},"1.5":{"post":[0,0,0],"lerp_mode":"catmullrom"}}},"Paa8":{"rotation":{"0.0":{"post":[0,0,0],"lerp_mode":"catmullrom"},"0.25":{"post":[0,0,40],"lerp_mode":"catmullrom"},"0.5":{"post":[-19.52546,-35.63104,46.32977],"lerp_mode":"catmullrom"},"0.75":{"post":[12.25294,-38.3808,-4.27896],"lerp_mode":"catmullrom"},"1.0":{"post":[0,0,0],"lerp_mode":"catmullrom"}}},"Root":{"rotation":[-90,0,0],"position":[0,19,-8]}}},"animation.yg_charles.general":{"loop":true,"animation_length":2,"bones":{"Body":{"position":{"0.0":[0,0,0],"1.0":[0,-2,0],"2.0":[0,0,0]}},"Paa":{"rotation":[0,17.5,0]},"Paa2":{"rotation":[0,7.5,0]},"Paa3":{"rotation":[0,-7.5,0]},"Paa4":{"rotation":[0,-17.5,0]},"Paa5":{"rotation":[0,15,0]},"Paa6":{"rotation":[0,7.5,0]},"Paa7":{"rotation":[0,-7.5,0]},"Paa8":{"rotation":[0,-12.5,0]}},"particle_effects":{"0.0":{"effect":"steam","locator":"train"}}},"animation.yg_charles.attack":{"animation_length":1,"bones":{"Paa":{"rotation":{"0.0":[0,0,0],"0.25":[0,0,-47.5],"0.5":[-26.21307,-34.73537,-64.1702],"0.75":[-5.59111,72.39421,67.8255],"0.875":[-6.19686,68.61587,29.79132],"1.0":[0,0,0]}}}},"animation.yg_charles.jumpscare":{"animation_length":1.25,"bones":{"Root":{"rotation":{"0.0":[0,0,0],"0.25":[-15,0,0]}},"Body":{"rotation":{"0.0":[0,0,0],"0.8333":[-5,0,0]},"position":{"0.0":[0,0,0],"0.5":[0,1.55291,5.79555],"0.8333":[0,-1.29701,-4.82518],"1.0":[0,1.55291,-9.20445]}},"Paa":{"rotation":{"0.0":[0,25,0],"0.25":[-22.90981,10.28859,-67.09019],"0.5":[-9.41764,50.7661,31.42111],"0.75":[-83.80378,62.60737,-33.61858]}},"Paa2":{"rotation":[0,7.5,0]},"Paa3":{"rotation":[0,-15,0]},"Paa4":{"rotation":[0,-22.5,0]},"Paa5":{"rotation":[0,22.5,0]},"Paa6":{"rotation":[0,10,0]},"Paa7":{"rotation":[0,-7.5,0]},"Paa8":{"rotation":{"0.0":[0,-27.5,0],"0.25":[-23.09454,-15.35793,58.15593],"0.5":[-0.67685,-44.88954,-34.84792],"0.75":[-81.01595,-61.16759,33.68432]}}}}}}