{
    "format_version": "1.10.0",
    "minecraft:client_entity": {
        "description": {
            "identifier": "vl:boris_sleep",
            "materials": {
                "default": "zombie"
            },
            "textures": {
                "default": "textures/entity/minirod_worker"
            },
            "geometry": {
                "default": "geometry.boris"
            },
            "animations": {
        "idle": "animation.boris.sleep",
                "move": "controller.animation.vl"
            },
            "scripts": {
                "animate": [

                              {"idle": "query.variant == 1"},
                    "move"
                ],
                "pre_animation": [
                    "variable.attack = Math.sin(variable.attack_time * 30.0);"
                ]
            },
            "render_controllers": [
                "controller.render.default"
            ],
			"spawn_egg": {
        "texture": "boris",
        "texture_index": 0
            }
        }
    }
}
