{
  "format_version": "1.16.100",
  "minecraft:block": {
    "description": {
      "identifier": "storymode:amulet_placed",
      "properties": {
		"storymode:rotation": [0, 1, 2, 3, 4]
      }
    },
	"permutations": [
	  {
		"condition": "query.block_property('storymode:rotation') == 0",
		"components": {
		  "minecraft:rotation" : [0, 0, 0],
	      "minecraft:on_interact": {
            "event": "minecraft:rotate_one",
            "target": "self"
	      }
	    }
	  },
	  {
		"condition": "query.block_property('storymode:rotation') == 1",
		"components": {
		  "minecraft:rotation" : [0, 90, 0],
	      "minecraft:on_interact": {
            "event": "minecraft:rotate_two",
            "target": "self"
	      }
	    }
	  },
	  {
		"condition": "query.block_property('storymode:rotation') == 2",
		"components": {
		  "minecraft:rotation" : [0, 180, 0],
	      "minecraft:on_interact": {
            "event": "minecraft:rotate_three",
            "target": "self"
	      }
	    }
	  },
	  {
		"condition": "query.block_property('storymode:rotation') == 3",
		"components": {
		  "minecraft:rotation" : [0, 270, 0],
	      "minecraft:on_interact": {
            "event": "minecraft:rotate_four",
            "target": "self"
	      }
	    }
	  },
	  {
		"condition": "query.block_property('storymode:rotation') == 4",
		"components": {
          "minecraft:geometry": "geometry.amulet_placed_two",
	      "minecraft:on_interact": {
            "event": "minecraft:rotate_five",
            "target": "self"
	      }
	    }
	  }
	],
    "components": {
	  "tag:stone": {},
      "minecraft:block_light_absorption": 0,
      "minecraft:explosion_resistance": 1,
      "minecraft:destroy_time": 0.01,
      "minecraft:geometry": "geometry.amulet_placed",
	  "minecraft:entity_collision": false,
      "minecraft:loot": "loot_tables/amulet.json",
	  "minecraft:material_instances" : {
        "*": {
          "texture": "amulet",
          "render_method" : "alpha_test"
        }
      }
    },
	"events": {
	  "minecraft:set": {
		"set_block_property": {
		  "storymode:rotation": 0
		}
	  },
	  "minecraft:rotate_one": {
	    "set_block_property": {
		  "storymode:rotation": 1
		}
	  },
	  "minecraft:rotate_two": {
	    "set_block_property": {
		  "storymode:rotation": 2
		}
	  },
	  "minecraft:rotate_three": {
	    "set_block_property": {
		  "storymode:rotation": 3
		}
	  },
	  "minecraft:rotate_four": {
	    "set_block_property": {
		   "storymode:rotation": 4
		}
	  },
	  "minecraft:rotate_five": {
	    "set_block_property": {
		   "storymode:rotation": 0
		}
	  }
	}
  }
}
