{
  "format_version": "1.16.100",
  "minecraft:block": {
    "description": {
      "identifier": "storymode:atlas_placed",
      "properties": {
		"storymode:rotation": [0, 1, 2, 3],
		"storymode:opened": [false, true]
      }
    },
	"permutations": [
	  {
		"condition": "query.block_property('storymode:opened') == false",
		"components": {
          "minecraft:geometry": "geometry.book_closed",
	      "minecraft:on_interact": {
            "event": "minecraft:open",
            "target": "self"
	      }
	    }
	  },
	  {
		"condition": "query.block_property('storymode:opened') == true",
		"components": {
          "minecraft:geometry": "geometry.book_open",
	      "minecraft:on_interact": {
            "event": "minecraft:close",
            "target": "self"
	      }
	    }
	  },
	  {
		"condition": "query.block_property('storymode:rotation') == 0",
		"components": {
		  "minecraft:rotation" : [0, 0, 0]
	    }
	  },
	  {
		"condition": "query.block_property('storymode:rotation') == 1",
		"components": {
		  "minecraft:rotation" : [0, 90, 0]
	    }
	  },
	  {
		"condition": "query.block_property('storymode:rotation') == 2",
		"components": {
		  "minecraft:rotation" : [0, 180, 0]
	    }
	  },
	  {
		"condition": "query.block_property('storymode:rotation') == 3",
		"components": {
		  "minecraft:rotation" : [0, 270, 0]
	    }
	  }
	],
    "components": {
	  "tag:stone": {},
      "minecraft:block_light_absorption": 0,
      "minecraft:explosion_resistance": 1,
	  "minecraft:entity_collision": false,
      "minecraft:pick_collision": {
        "origin": [-8,0,-8],
        "size": [15,3,15]
      },
      "minecraft:destroy_time": 0.01,
	  "minecraft:block_light_emission": 0.1,
	  "minecraft:entity_collision": false,
      "minecraft:loot": "loot_tables/atlas.json",
	  "minecraft:material_instances" : {
        "*": {
          "texture": "atlas_placed",
          "render_method" : "alpha_test",
		  "ambient_occlusion": true,
		  "face_dimming": false
        }
      }
    },
	"events": {
	  "minecraft:open": {
	    "set_block_property": {
		  "storymode:opened": true
		}
	  },
	  "minecraft:close": {
	    "set_block_property": {
		  "storymode:opened": false
	    }
	  },
	  "minecraft:rotate_one": {
	    "set_block_property": {
		  "storymode:rotation": 1
		}
	  },
	  "minecraft:rotate_two": {
	    "set_block_property": {
		  "storymode:rotation": 2
		}
	  },
	  "minecraft:rotate_three": {
	    "set_block_property": {
		  "storymode:rotation": 3
		}
	  },
	  "minecraft:rotate_four": {
	    "set_block_property": {
		   "storymode:rotation": 0
		}
	  },
	  "minecraft:set": {
	    "sequence": [
	      {
		    "set_block_property": {
		      "storymode:opened": false
		    }
		  },
	      {
		    "randomize": [
              {
                "weight": 25,
		        "set_block_property": {
		          "storymode:rotation": 0
		        }
		      },
              {
                "weight": 25,
		        "set_block_property": {
		          "storymode:rotation": 1
		        }
		      },
              {
                "weight": 25,
		        "set_block_property": {
		          "storymode:rotation": 2
		        }
		      },
              {
                "weight": 25,
		        "set_block_property": {
		          "storymode:rotation": 3
		        }
		      }
            ]
		  }
		]
	  }
	}
  }
}
