{
  "format_version": "1.16.0",

  "minecraft:block": {
    "description": {
      "identifier": "storymode:bookshelf_dark_oak_empty",
      "register_to_creative_menu": true,
      "is_experimental": false
    },
    "components": {
	  "tag:wood": {},
      "minecraft:loot": "loot_tables/blocks/empty.json",
      "minecraft:map_color": "#492f17",
      "minecraft:block_light_emission": 0,
      "minecraft:explosion_resistance": 3,
      "minecraft:destroy_time": 1.25,
      "minecraft:flammable": {
        "flame_odds": 10,
        "burn_odds": 10
      }
    }
  }
}
