{
  "format_version": "1.16.0",
  "minecraft:block": {
    "description": {
      "identifier": "misc:book_pile",
      "properties": {
	    "misc:direction": [2, 3, 4, 5],
		"misc:pile_1": [false, true],
		"misc:pile_2": [false, true],
		"misc:pile_3": [false, true],
		"misc:pile_4": [false, true],
		"misc:pile_5": [false, true],
		"misc:pile_6": [false, true]
      }
    },
	"permutations": [
	  {
		"condition": "query.block_property('misc:direction') == 2",
		"components": {
		  "minecraft:rotation" : [0, 180, 0],
	      "minecraft:on_interact": {
            "event": "minecraft:rotate_one",
            "target": "self"
	      }
	    }
	  },
	  {
		"condition": "query.block_property('misc:direction') == 3",
		"components": {
		  "minecraft:rotation" : [0, 0, 0],
	      "minecraft:on_interact": {
            "event": "minecraft:rotate_two",
            "target": "self"
	      }
		}
	  },
	  {
		"condition": "query.block_property('misc:direction') == 4",
		"components": {
		  "minecraft:rotation" : [0, 270, 0],
	      "minecraft:on_interact": {
            "event": "minecraft:rotate_three",
            "target": "self"
	      }
	    }
      },
	  {
		"condition": "query.block_property('misc:direction') == 5",
		"components": {
		  "minecraft:rotation" : [0, 90, 0],
	      "minecraft:on_interact": {
            "event": "minecraft:rotate_four",
            "target": "self"
	      }
	    }
      },
	  
	  {
		"condition": "query.block_property('misc:pile_1') == true",
		"components": {
		  "minecraft:geometry": "geometry.books_pile_1",
	      "minecraft:entity_collision": {
            "origin": [-7,0,-7],
            "size": [14,8,14]
          },
	      "minecraft:material_instances" : {
            "*": {
              "texture": "book_pile",
              "render_method" : "alpha_test"
            }
          }
	    }
      },
	  {
		"condition": "query.block_property('misc:pile_2') == true",
		"components": {
		  "minecraft:geometry": "geometry.books_pile_2",
	      "minecraft:entity_collision": {
            "origin": [-6,0,-6],
            "size": [12,4,12]
          },
	      "minecraft:material_instances" : {
            "*": {
              "texture": "book_pile",
              "render_method" : "alpha_test"
            }
          }
	    }
      },
	  {
		"condition": "query.block_property('misc:pile_3') == true",
		"components": {
		  "minecraft:geometry": "geometry.books_pile_3",
	      "minecraft:entity_collision": {
            "origin": [-6,0,-4],
            "size": [12,10,8]
          },
	      "minecraft:material_instances" : {
            "*": {
              "texture": "book_pile",
              "render_method" : "alpha_test"
            }
          }
	    }
      },
	  {
		"condition": "query.block_property('misc:pile_4') == true",
		"components": {
		  "minecraft:geometry": "geometry.books_pile_4",
	      "minecraft:entity_collision": {
            "origin": [-6,0,-4],
            "size": [12,10,8]
          },
	      "minecraft:material_instances" : {
            "*": {
              "texture": "book_pile",
              "render_method" : "alpha_test"
            }
          }
	    }
      },
	  {
		"condition": "query.block_property('misc:pile_5') == true",
		"components": {
		  "minecraft:geometry": "geometry.books_pile_5",
	      "minecraft:entity_collision": {
            "origin": [-6,0,-4],
            "size": [12,10,8]
          },
	      "minecraft:material_instances" : {
            "*": {
              "texture": "book_pile",
              "render_method" : "alpha_test"
            }
          }
	    }
      },
	  {
		"condition": "query.block_property('misc:pile_6') == true",
		"components": {
		  "minecraft:geometry": "geometry.books_pile_6",
	      "minecraft:entity_collision": {
            "origin": [-6,0,-4],
            "size": [12,10,8]
          },
	      "minecraft:material_instances" : {
            "*": {
              "texture": "book_pile",
              "render_method" : "alpha_test"
            }
          }
	    }
      }
	],
    "components": {
      "minecraft:loot": "loot_tables/blocks/books.json",
      "minecraft:block_light_absorption": 0.0,
      "minecraft:explosion_resistance": 1,
      "minecraft:destroy_time": 0.1,
	  "minecraft:breakonpush": true,
      "minecraft:geometry": "geometry.books_pile_1",
	  "minecraft:material_instances" : {
        "*": {
          "texture": "book_pile",
          "render_method" : "alpha_test"
        }
      },
	  "minecraft:entity_collision": {
        "origin": [-6,0,-6],
        "size": [12,6,12]
      },
      "minecraft:pick_collision": {
        "origin": [-6,0,-6],
        "size": [12,6,12]
      },
      "minecraft:on_player_placing": {
        "event": "minecraft:placing_direction",
        "target": "self"
      }
    },
	"events": {
	  "minecraft:rotate_one": {
	    "set_block_property": {
		  "storymode:rotation": 1
		}
	  },
	  "minecraft:rotate_two": {
	    "set_block_property": {
		  "storymode:rotation": 2
		}
	  },
	  "minecraft:rotate_three": {
	    "set_block_property": {
		  "storymode:rotation": 3
		}
	  },
	  "minecraft:rotate_four": {
	    "set_block_property": {
		   "storymode:rotation": 0
		}
	  },
	  "minecraft:placing_direction": {
	    "sequence": [
		  {
		    "set_block_property": {
		      "misc:direction": "query.cardinal_facing_2d"
		    }
		  },
		  {
		    "randomize": [
			  {
			    "weight": 1,
				"set_block_property": {
		          "misc:pile_1": true
		        }
			  },
			  {
			    "weight": 1,
				"set_block_property": {
		          "misc:pile_2": true
		        }
			  },
			  {
			    "weight": 1,
				"set_block_property": {
		          "misc:pile_3": true
		        }
			  },
			  {
			    "weight": 1,
				"set_block_property": {
		          "misc:pile_4": true
		        }
			  },
			  {
			    "weight": 1,
				"set_block_property": {
		          "misc:pile_5": true
		        }
			  },
			  {
			    "weight": 1,
				"set_block_property": {
		          "misc:pile_6": true
		        }
			  }
			]
		  }
		]
	  }
	}
  }
}
