{
  "format_version": "1.16.0",
  "minecraft:block": {
    "description": {
      "identifier": "storymode:clean_glass"
    },
    "components": {
      "minecraft:loot": "loot_tables/empty.json",
      "minecraft:explosion_resistance": 3,
      "minecraft:destroy_time": 1.25,
	  "minecraft:block_light_absorption": 0.0,
      "minecraft:geometry": "geometry.full_block",
	  "minecraft:material_instances" : {
        "*": {
          "texture": "clean_glass",
          "render_method" : "blend"
        }
      }
    }
  }
}
