{
  "format_version": "1.16.100",
  "minecraft:block": {
    "description": {
      "identifier": "storymode:door_wood_glass_upper",
      "properties": {
	    "storymode:opened": [false, true],
		"storymode:direction": [0, 1, 2, 3, 4, 5, 6]
      }
    },
	"permutations": [
	  {
		"condition": "query.block_property('storymode:direction') == 2",
		"components": {
		  "minecraft:rotation" : [0, 180, 0]
	    },
	    "events": {
	      "minecraft:open_close": {
	        "sequence": [
	          {
		        "filters": { "test": "has_equipment", "operator": "==", "subject": "player", "value": "misc:wrench" },
		        "set_block_property": {
		          "storymode:direction": 3
		        }
		      },

	          {
		        "filters": { "test": "has_equipment", "operator": "!=", "subject": "player", "value": "misc:wrench" },
		        "sequence": [
                  {
		            "play_sound": {
		              "sound": "random.door_open",
                      "target": "self"
		            }
		          },
		          {
		            "set_block_property": {
		              "storymode:opened": true
		            }
		          }
                ]
		      }
		    ]
	      },
	      "minecraft:rotate": {
	    	"set_block_property": {
		      "storymode:direction": 3
		    }
	      }
	    }
	  },
	  {
		"condition": "query.block_property('storymode:direction') == 3",
		"components": {
		  "minecraft:rotation" : [0, 0, 0]
		},
	    "events": {
	      "minecraft:open_close": {
	        "sequence": [
	          {
		        "filters": { "test": "has_equipment", "operator": "==", "subject": "player", "value": "misc:wrench" },
		        "set_block_property": {
		          "storymode:direction": 4
		        }
		      },

	          {
		        "filters": { "test": "has_equipment", "operator": "!=", "subject": "player", "value": "misc:wrench" },
		        "sequence": [
                  {
		            "play_sound": {
		              "sound": "random.door_open",
                      "target": "self"
		            }
		          },
		          {
		            "set_block_property": {
		              "storymode:opened": true
		            }
		          }
                ]
		      }
		    ]
	      },
	      "minecraft:rotate": {
	    	"set_block_property": {
		      "storymode:direction": 4
		    }
	      }
	    }
	  },
	  {
		"condition": "query.block_property('storymode:direction') == 4",
		"components": {
		  "minecraft:rotation" : [0, 270, 0]
	    },
	    "events": {
	      "minecraft:open_close": {
	        "sequence": [
	          {
		        "filters": { "test": "has_equipment", "operator": "==", "subject": "player", "value": "misc:wrench" },
		        "set_block_property": {
		          "storymode:direction": 5
		        }
		      },

	          {
		        "filters": { "test": "has_equipment", "operator": "!=", "subject": "player", "value": "misc:wrench" },
		        "sequence": [
                  {
		            "play_sound": {
		              "sound": "random.door_open",
                      "target": "self"
		            }
		          },
		          {
		            "set_block_property": {
		              "storymode:opened": true
		            }
		          }
                ]
		      }
		    ]
	      },
	      "minecraft:rotate": {
	    	"set_block_property": {
		      "storymode:direction": 5
		    }
	      }
	    }
      },
	  {
		"condition": "query.block_property('storymode:direction') == 5",
		"components": {
		  "minecraft:rotation" : [0, 90, 0]
	    },
	    "events": {
	      "minecraft:open_close": {
	        "sequence": [
	          {
		        "filters": { "test": "has_equipment", "operator": "==", "subject": "player", "value": "misc:wrench" },
		        "set_block_property": {
		          "storymode:direction": 2
		        }
		      },

	          {
		        "filters": { "test": "has_equipment", "operator": "!=", "subject": "player", "value": "misc:wrench" },
		        "sequence": [
                  {
		            "play_sound": {
		              "sound": "random.door_open",
                      "target": "self"
		            }
		          },
		          {
		            "set_block_property": {
		              "storymode:opened": true
		            }
		          }
                ]
		      }
		    ]
	      },
	      "minecraft:rotate": {
	    	"set_block_property": {
		      "storymode:direction": 2
		    }
	      }
	    }
      },
	  
	  {
		"condition": "query.block_property('storymode:opened') == true",
		"components": {
          "minecraft:geometry": "geometry.opened_door",
	      "minecraft:entity_collision": {
            "origin": [-5,0,-8],
            "size": [3,32,32]
          },
          "minecraft:pick_collision": {
            "origin": [-5,0,-8],
            "size": [3,32,32]
          }
	    },
	    "events": {
	      "minecraft:open_close": {
	    	"sequence": [
	    	  {
		        "play_sound": {
		    	  "sound": "random.door_close",
                  "target": "self"
		    	}
	    	  },
		      {
		        "set_block_property": {
		          "storymode:opened": false
		        }
		      }
		    ]
	      }
	    }
	  }
	],
	
    "components": {
	  "tag:wood": {},
      "minecraft:block_light_absorption": 0,
      "minecraft:explosion_resistance": 1,
      "minecraft:destroy_time": 1.0,
      "minecraft:geometry": "geometry.closed_door",
      "minecraft:on_player_placing": {
		"condition": "query.get_equipped_item_name('main_hand') == 'door_wood_glass_upper_item'",
        "event": "minecraft:placing_direction",
        "target": "self"
      },
      "minecraft:loot": "loot_tables/blocks/door_wood_glass_upper.json",
	  "minecraft:material_instances" : {
        "*": {
          "texture": "large_glassed_wooden_door_upper",
          "render_method" : "blend",
		  "ambient_occlusion": false,
		  "face_dimming": false
        },
        "upper": {
          "texture": "oak_door_upper",
          "render_method" : "blend",
		  "ambient_occlusion": false,
		  "face_dimming": false
        },
        "lower": {
          "texture": "oak_door_lower",
          "render_method" : "blend",
		  "ambient_occlusion": false,
		  "face_dimming": false
        },
        "upper_front": {
          "texture": "up_glassed_wooden_door_upper",
          "render_method" : "blend",
		  "ambient_occlusion": false,
		  "face_dimming": false
        },
        "lower_front": {
          "texture": "up_glassed_wooden_door_lower",
          "render_method" : "blend",
		  "ambient_occlusion": false,
		  "face_dimming": false
        }
      },
	  "minecraft:entity_collision": {
        "origin": [-8,0,-8],
        "size": [32,32,3]
      },
      "minecraft:pick_collision": {
        "origin": [-8,0,-8],
        "size": [32,32,3]
      }
    },
	"events": {
	  "minecraft:placing_direction": {
		"set_block_property": {
		  "storymode:direction": "query.cardinal_player_facing"
		}
	  },
	  "minecraft:open_close": {
	    "sequence": [
	      {
		    "filters": { "test": "has_equipment", "operator": "==", "subject": "player", "value": "misc:wrench" },
		    "set_block_property": {
		      "storymode:direction": 4
		    }
		  },

	      {
		    "filters": { "test": "has_equipment", "operator": "!=", "subject": "player", "value": "misc:wrench" },
		    "sequence": [
              {
		        "play_sound": {
		          "sound": "random.door_open",
                  "target": "self"
		        }
		      },
		      {
		        "set_block_property": {
		          "storymode:opened": true
		        }
		      }
            ]
		  }
		]
	  },
	  "minecraft:rotate": {
	    "set_block_property": {
		  "storymode:direction": 4
		}
	  }
	}
  }
}
