{
  "format_version": "1.16.100",

  "minecraft:block": {
    "description": {
      "identifier": "storymode:formidibomb"
    },
    "components": {
      "minecraft:loot": "loot_tables/blocks/formidibomb.json",
      "minecraft:on_placed": {
        "event": "minecraft:ignite",
        "target": "self"
      },
      "minecraft:explosion_resistance": 6,
      "minecraft:destroy_time": 1.25
    },
	"events": {
	  "minecraft:ignite": {
		"sequence": [
		  {
		    "set_block": {
	  	      "block_type": "minecraft:air"
		    }
		  },
		  {
		    "run_command": {
			  "command": ["summon storymode:primed_formidibomb"]
			}
		  }
		]
	  }
	}
  }
}
