{
  "format_version": "1.16.0",

  "minecraft:block": {
    "description": {
      "identifier": "storymode:glowing_mushroom_stem_two",
      "register_to_creative_menu": true,
      "is_experimental": false
    },
    "components": {
	  "tag:wood": {},
      "minecraft:loot": "loot_tables/blocks/glowing_mushroom_stem_two.json",
      "minecraft:map_color": "#36f9d4",
      "minecraft:block_light_emission": 0.4,
      "minecraft:explosion_resistance": 6,
      "minecraft:destroy_time": 1.25
    }
  }
}
