{
  "format_version": "1.16.100",
  "minecraft:block": {
    "description": {
      "identifier": "storymode:leaves_slab_dark_oak",
      "properties": {
	    "storymode:stack": [false, true],
		"storymode:up_or_down": [0, 1, 2, 3, 4, 5]
      }
    },
	"permutations": [
	  {
		"condition": "query.block_property('storymode:up_or_down') == 1 || query.block_property('storymode:up_or_down') == 2 || query.block_property('storymode:up_or_down') == 3 || query.block_property('storymode:up_or_down') == 4 || query.block_property('storymode:up_or_down') == 5",
		"components": {
	      "minecraft:on_interact": {
	        "condition": "query.get_equipped_item_name('main_hand') == 'leaves_slab_dark_oak'",
            "event": "minecraft:stack_slab",
            "target": "self"
	      },
          "minecraft:block_light_absorption": 0,
          "minecraft:geometry": "geometry.slab",
	      "minecraft:entity_collision": {
            "origin": [-8,0,-8],
            "size": [16,8,16]
          },
          "minecraft:pick_collision": {
            "origin": [-8,0,-8],
            "size": [16,8,16]
          },
	      "minecraft:on_player_destroyed": {
	        "condition": "q.get_equipped_item_name('main_hand') == 'shears'",
            "event": "minecraft:drop_single_slab",
            "target": "self"
	      }
	    }
	  },
	  {
		"condition": "query.block_property('storymode:up_or_down') == 0",
		"components": {
	      "minecraft:on_interact": {
	        "condition": "query.get_equipped_item_name('main_hand') == 'leaves_slab_dark_oak'",
            "event": "minecraft:stack_slab",
            "target": "self"
	      },
          "minecraft:block_light_absorption": 0,
          "minecraft:geometry": "geometry.slab_upper",
	      "minecraft:entity_collision": {
            "origin": [-8,8,-8],
            "size": [16,8,16]
          },
          "minecraft:pick_collision": {
            "origin": [-8,8,-8],
            "size": [16,8,16]
          },
	      "minecraft:on_player_destroyed": {
	        "condition": "q.get_equipped_item_name('main_hand') == 'shears'",
            "event": "minecraft:drop_single_slab",
            "target": "self"
	      }
	    }
	  },
	  {
		"condition": "query.block_property('storymode:stack') == true",
		"components": {
	      "minecraft:entity_collision": {
            "origin": [-8,0,-8],
            "size": [16,16,16]
          },
          "minecraft:pick_collision": {
            "origin": [-8,0,-8],
            "size": [16,16,16]
          },
          "minecraft:geometry": "geometry.full_block",
	      "minecraft:material_instances" : {
            "*": {
              "texture": "dark_oak_leaves",
              "render_method" : "alpha_test"
            }
          },
	      "minecraft:on_player_destroyed": {
	        "condition": "q.get_equipped_item_name('main_hand') == 'shears'",
            "event": "minecraft:drop_two_slab",
            "target": "self"
	      }
	    }
	  }
	],
    "components": {
	  "tag:stone": {},
      "minecraft:explosion_resistance": 1,
      "minecraft:destroy_time": 1.25,
      "minecraft:geometry": "geometry.slab",
      "minecraft:on_player_placing": {
        "event": "minecraft:place_direction",
        "target": "self"
      },
      "minecraft:loot": "loot_tables/empty.json",
	  "minecraft:material_instances" : {
        "*": {
          "texture": "dark_oak_leaves",
          "render_method" : "alpha_test"
        }
      }
    },
	"events": {
	  "minecraft:place_direction": {
		"set_block_property": {
		  "storymode:up_or_down": "query.cardinal_block_face_placed_on"
		}
	  },
	  "minecraft:stack_slab": {
		"set_block_property": {
		  "storymode:stack": true
		}
	  },
	  "minecraft:drop_single_slab": {
		"sequence": [
		  {
		    "spawn_loot": {
			  "table": "loot_tables/blocks/leaves_slab_dark_oak.json"
			}
		  }
		]
      },
	  "minecraft:drop_two_slab": {
		"sequence": [
		  {
		    "spawn_loot": {
			  "table": "loot_tables/blocks/leaves_slab_dark_oak_double.json"
			}
		  }
		]
      }
	}
  }
}
