{
  "format_version": "1.16.0",
  "minecraft:block": {
    "description": {
      "identifier": "storymode:mushroom_wither"
    },
    "components": {
      "minecraft:block_light_absorption": 0,
      "minecraft:loot": "loot_tables/blocks/mushroom_wither.json",
      "minecraft:explosion_resistance": 1,
	  "minecraft:block_light_emission": 0.3,
      "minecraft:destroy_time": 0.5,
	  "minecraft:breakonpush": true,
      "minecraft:geometry": "geometry.cross",
	  "minecraft:material_instances" : {
        "*": {
          "texture": "mushroom_wither",
          "render_method" : "alpha_test",
		  "ambient_occlusion": false,
		  "face_dimming": false
        }
      },
	  "minecraft:entity_collision": false,
      "minecraft:pick_collision": {
        "origin": [-4,0,-4],
        "size": [8,8,8]
      },
	  "minecraft:placement_filter" : {
        "conditions": [
		  {
            "block_filter": ["minecraft:dirt","minecraft:mycelium","minecraft:grass","minecraft:crimson_nylium","minecraft:warped_nylium","minecraft:netherrack","minecraft:stone"],
            "allowed_faces": ["up"]
		  }
        ]
      }
    }
  }
}
