{
  "format_version": "1.16.100",
  "minecraft:block": {
    "description": {
      "identifier": "storymode:obsidian_stairs",
      "properties": {
		"storymode:up_or_down": [0, 1, 2, 3, 4, 5],
		"storymode:direction": [0, 1, 2, 3, 4, 5]
      }
    },
	"permutations": [
	  {
		"condition": "query.block_property('storymode:up_or_down') == 1 && query.block_property('storymode:direction') == 2",
		"components": {
          "minecraft:block_light_absorption": 0,
          "minecraft:geometry": "geometry.slab_south",
		  "minecraft:rotation" : [0, 180, 0],
	      "minecraft:entity_collision": {
            "origin": [-8,0,-8],
            "size": [16,8,16]
          }
	    }
	  },
	  {
		"condition": "query.block_property('storymode:up_or_down') == 1 && query.block_property('storymode:direction') == 3",
		"components": {
          "minecraft:block_light_absorption": 0,
          "minecraft:geometry": "geometry.slab",
		  "minecraft:rotation" : [0, 180, 0],
	      "minecraft:entity_collision": {
            "origin": [-8,0,-8],
            "size": [16,8,16]
          }
	    }
	  },
	  {
		"condition": "query.block_property('storymode:up_or_down') == 1 && query.block_property('storymode:direction') == 4",
		"components": {
          "minecraft:block_light_absorption": 0,
          "minecraft:geometry": "geometry.slab_east",
		  "minecraft:rotation" : [0, 180, 0],
	      "minecraft:entity_collision": {
            "origin": [-8,0,-8],
            "size": [16,8,16]
          }
	    }
	  },
	  {
		"condition": "query.block_property('storymode:up_or_down') == 1 && query.block_property('storymode:direction') == 5",
		"components": {
          "minecraft:block_light_absorption": 0,
          "minecraft:geometry": "geometry.slab_west",
		  "minecraft:rotation" : [0, 180, 0],
	      "minecraft:entity_collision": {
            "origin": [-8,0,-8],
            "size": [16,8,16]
          }
	    }
	  },
	  {
		"condition": "query.block_property('storymode:up_or_down') == 0 && query.block_property('storymode:direction') == 2",
		"components": {
          "minecraft:block_light_absorption": 0,
          "minecraft:geometry": "geometry.slab_upper_south",
		  "minecraft:rotation" : [0, 180, 0],
	      "minecraft:entity_collision": {
            "origin": [-8,8,-8],
            "size": [16,8,16]
          }
	    }
	  },
	  {
		"condition": "query.block_property('storymode:up_or_down') == 0 && query.block_property('storymode:direction') == 3",
		"components": {
          "minecraft:block_light_absorption": 0,
          "minecraft:geometry": "geometry.slab_upper",
		  "minecraft:rotation" : [0, 180, 0],
	      "minecraft:entity_collision": {
            "origin": [-8,8,-8],
            "size": [16,8,16]
          }
	    }
	  },
	  {
		"condition": "query.block_property('storymode:up_or_down') == 0 && query.block_property('storymode:direction') == 4",
		"components": {
          "minecraft:block_light_absorption": 0,
          "minecraft:geometry": "geometry.slab_upper_east",
		  "minecraft:rotation" : [0, 180, 0],
	      "minecraft:entity_collision": {
            "origin": [-8,8,-8],
            "size": [16,8,16]
          }
	    }
	  },
	  {
		"condition": "query.block_property('storymode:up_or_down') == 0 && query.block_property('storymode:direction') == 5",
		"components": {
          "minecraft:block_light_absorption": 0,
          "minecraft:geometry": "geometry.slab_upper_west",
		  "minecraft:rotation" : [0, 180, 0],
	      "minecraft:entity_collision": {
            "origin": [-8,8,-8],
            "size": [16,8,16]
          }
	    }
	  }
	],
    "components": {
	  "tag:stone": {},
      "minecraft:explosion_resistance": 1,
      "minecraft:destroy_time": 1.0,
      "minecraft:on_player_placing": {
        "event": "minecraft:place_direction",
        "target": "self"
      },
      "minecraft:loot": "loot_tables/empty.json",
	  "minecraft:on_player_destroyed": {
	    "condition": "q.get_equipped_item_name('main_hand') == 'wooden_pickaxe' || q.get_equipped_item_name('main_hand') == 'stone_pickaxe' || q.get_equipped_item_name('main_hand') == 'iron_pickaxe' || q.get_equipped_item_name('main_hand') == 'golden_pickaxe' || q.get_equipped_item_name('main_hand') == 'diamond_pickaxe' || q.get_equipped_item_name('main_hand') == 'netherite_pickaxe' || q.get_equipped_item_name('main_hand') == 'enchanted_pickaxe'",
        "event": "minecraft:drop",
        "target": "self"
	  }
    },
	"events": {
	  "minecraft:place_direction": {
		"sequence": [
		  {
		    "set_block_property": {
			  "storymode:direction": "query.cardinal_player_facing"
			}
		  },
		  {
		    "set_block_property": {
			  "storymode:up_or_down": "query.block_face || query.cardinal_block_face_placed_on"
			}
		  }
		]
	  },
	  "minecraft:drop": {
		"sequence": [
		  {
		    "spawn_loot": {
			  "table": "loot_tables/blocks/obsidian_stairs.json"
			}
		  }
		]
      }
	}
  }
}