{
  "format_version": "1.16.100",
  "minecraft:block": {
    "description": {
      "identifier": "storymode:pebbles",
      "properties": {
		"storymode:number": [0, 1, 2, 3],
		"storymode:rotation": [0, 1, 2, 3]
      }
    },
	"permutations": [
	  {
		"condition": "query.block_property('storymode:rotation') == 0",
		"components": {
		  "minecraft:rotation" : [0, 0, 0]
	    }
	  },
	  {
		"condition": "query.block_property('storymode:rotation') == 1",
		"components": {
		  "minecraft:rotation" : [0, 90, 0]
	    }
	  },
	  {
		"condition": "query.block_property('storymode:rotation') == 2",
		"components": {
		  "minecraft:rotation" : [0, 180, 0]
	    }
	  },
	  {
		"condition": "query.block_property('storymode:rotation') == 3",
		"components": {
		  "minecraft:rotation" : [0, 270, 0]
	    }
	  }
	],
    "components": {
      "minecraft:on_interact": {
	    "condition": "query.get_equipped_item_name('main_hand') == 'pebble_item'",
        "event": "minecraft:add_piece",
        "target": "self"
	  },
      "minecraft:geometry": "geometry.pebbles",
      "minecraft:loot": "loot_tables/blocks/pebbles.json",
      "minecraft:block_light_absorption": 0,
      "minecraft:pick_collision": {
        "origin": [-8,0,-8],
        "size": [15,3,15]
      },
      "minecraft:on_placed": {
        "event": "minecraft:random_rotation",
        "target": "self"
      },
	  "tag:stone": {},
      "minecraft:explosion_resistance": 1,
      "minecraft:destroy_time": 0.5,
      "minecraft:block_light_absorption": 0,
      "minecraft:breakonpush": true,
	  "minecraft:entity_collision": false,
	  "minecraft:material_instances" : {
        "*": {
          "texture": "stone",
          "render_method" : "opaque",
		  "ambient_occlusion": true,
		  "face_dimming": true
        },
        "up": {
          "texture": "stone",
          "render_method" : "opaque",
		  "ambient_occlusion": true,
		  "face_dimming": true
        },
        "down": {
          "texture": "stone",
          "render_method" : "opaque",
		  "ambient_occlusion": true,
		  "face_dimming": true
        }
      }
    },
	"events": {
	  "minecraft:add_piece": {
		"set_block": {
	  	  "block_type": "storymode:pebbles_two"
		}
	  },
	  "minecraft:random_rotation": {
		"randomize": [
          {
            "weight": 25,
		    "set_block_property": {
		      "storymode:rotation": 0
		    }
		  },
          {
            "weight": 25,
		    "set_block_property": {
		      "storymode:rotation": 1
		    }
		  },
          {
            "weight": 25,
		    "set_block_property": {
		      "storymode:rotation": 2
		    }
		  },
          {
            "weight": 25,
		    "set_block_property": {
		      "storymode:rotation": 3
		    }
		  }
        ]
	  }
	}
  }
}
