{
  "format_version": "1.16.100",

  "minecraft:block": {
    "description": {
      "identifier": "storymode:prismarine_pillar",
      "properties": {
	    "storymode:direction": [0, 1, 2]
      }
    },
	"permutations": [
	  {
		"condition": "query.block_property('storymode:direction') == 0",
		"components": {
		  "minecraft:rotation" : [0, 0, 0]
	    }
	  },
	  {
		"condition": "query.block_property('storymode:direction') == 1",
		"components": {
		  "minecraft:rotation" : [270, 0, 0]
		}
	  },
	  {
		"condition": "query.block_property('storymode:direction') == 2",
		"components": {
		  "minecraft:rotation" : [0, 0, 270]
	    }
      }
	],
    "components": {
	  "tag:stone": {},
      "minecraft:loot": "loot_tables/empty.json",
	  "minecraft:unit_cube": {},
      "minecraft:explosion_resistance": 2,
      "minecraft:destroy_time": 1.25,
      "minecraft:on_player_placing": {
        "event": "minecraft:placing_direction",
        "target": "self"
      },
	  "minecraft:material_instances" : {
        "*": {
          "texture": "prismarine_pillar_side",
          "render_method" : "opaque"
        },
        "up": {
          "texture": "prismarine_pillar_top",
          "render_method" : "opaque"
        },
        "down": {
          "texture": "prismarine_pillar_top",
          "render_method" : "opaque"
        }
      },
	  "minecraft:on_player_destroyed": {
	    "condition": "q.get_equipped_item_name('main_hand') == 'wooden_pickaxe' || q.get_equipped_item_name('main_hand') == 'stone_pickaxe' || q.get_equipped_item_name('main_hand') == 'iron_pickaxe' || q.get_equipped_item_name('main_hand') == 'golden_pickaxe' || q.get_equipped_item_name('main_hand') == 'diamond_pickaxe' || q.get_equipped_item_name('main_hand') == 'netherite_pickaxe' || q.get_equipped_item_name('main_hand') == 'enchanted_pickaxe'",
        "event": "minecraft:drop",
        "target": "self"
	  }
    },
	"events": {
	  "minecraft:placing_direction": {
		"set_block_property": {
		  "storymode:direction": "math.floor(query.cardinal_block_face_placed_on / 2.0)"
		}
	  },
	  "minecraft:drop": {
		"sequence": [
		  {
		    "spawn_loot": {
			  "table": "loot_tables/blocks/prismarine_pillar.json"
			}
		  }
		]
      }
	}
  }
}
