{
  "format_version": "1.16.0",

  "minecraft:block": {
    "description": {
      "identifier": "storymode:prismarine_structure",
      "register_to_creative_menu": true,
      "is_experimental": false
    },
    "components": {
	  "tag:stone": {},
      "minecraft:map_color": "#5aafa4",
      "minecraft:block_light_emission": 0,
      "minecraft:explosion_resistance": 10,
      "minecraft:destroy_time": 1.25,
      "minecraft:loot": "loot_tables/empty.json",
	  "minecraft:on_player_destroyed": {
	    "condition": "q.get_equipped_item_name('main_hand') == 'wooden_pickaxe' || q.get_equipped_item_name('main_hand') == 'stone_pickaxe' || q.get_equipped_item_name('main_hand') == 'iron_pickaxe' || q.get_equipped_item_name('main_hand') == 'golden_pickaxe' || q.get_equipped_item_name('main_hand') == 'diamond_pickaxe' || q.get_equipped_item_name('main_hand') == 'netherite_pickaxe' || q.get_equipped_item_name('main_hand') == 'enchanted_pickaxe'",
        "event": "minecraft:drop",
        "target": "self"
	  }
    },
	"events": {
	  "minecraft:drop": {
		"sequence": [
		  {
		    "spawn_loot": {
			  "table": "loot_tables/blocks/prismarine_structure.json"
			}
		  }
		]
      }
    }
  }
}
