{
  "format_version": "1.16.100",

  "minecraft:block": {
    "description": {
      "identifier": "storymode:pumpkin_white",
      "properties": {
		"storymode:direction": [2, 3, 4, 5]
      }
    },
	"permutations": [
	  {
		"condition": "query.block_property('storymode:direction') == 2",
		"components": {
		  "minecraft:rotation" : [0, 180, 0]
	    }
	  },
	  {
		"condition": "query.block_property('storymode:direction') == 3",
		"components": {
		  "minecraft:rotation" : [0, 0, 0]
		}
	  },
	  {
		"condition": "query.block_property('storymode:direction') == 4",
		"components": {
		  "minecraft:rotation" : [0, 270, 0]
	    }
      },
	  {
		"condition": "query.block_property('storymode:direction') == 5",
		"components": {
		  "minecraft:rotation" : [0, 90, 0]
	    }
      }
	],
    "components": {
	  "tag:wood": {},
      "minecraft:loot": "loot_tables/blocks/pumpkin_white.json",
      "minecraft:map_color": "#d2d1d0",
      "minecraft:block_light_emission": 0,
      "minecraft:explosion_resistance": 3,
      "minecraft:destroy_time": 1.25,
	  "minecraft:on_interact": {
	    "condition": "query.get_equipped_item_name('main_hand') == 'shears'",
        "event": "minecraft:carve",
        "target": "self"
	  },
      "minecraft:on_player_placing": {
        "event": "minecraft:placing_direction",
        "target": "self"
      }
    },
	"events": {
	  "minecraft:placing_direction": {
		"set_block_property": {
		  "storymode:direction": "query.cardinal_facing_2d"
		}
	  },
	  "minecraft:carve": {
		"sequence": [
		  {
		    "set_block": {
	  	      "block_type": "storymode:pumpkin_white_carved"
		    }
		  },
		  {
		    "spawn_loot": {
			  "table": "loot_tables/blocks/white_pumpkin_seed.json"
			}
		  }
		]
	  }
	}
  }
}
