{
  "format_version": "1.16.100",

  "minecraft:block": {
    "description": {
      "identifier": "storymode:redstone_lamp_blue_lit"
    },
    "components": {
	  "tag:stone": {},
      "minecraft:loot": "loot_tables/blocks/redstone_lamp_blue.json",
      "minecraft:explosion_resistance": 6,
	  "minecraft:material_instances" : {
        "*": {
          "texture": "redstone_lamp_blue_on",
          "render_method" : "alpha_test",
          "ambient_occlusion" : false,
          "face_dimming" : false
        }
      },
	  "minecraft:block_light_emission": 1.0,
      "minecraft:block_light_absorption": 0,
	  "minecraft:on_interact": {
        "event": "minecraft:powered_off",
        "target": "self"
	  },
      "minecraft:destroy_time": 1.25
    },
	"events": {
	  "minecraft:powered_off": {
		"set_block": {
	  	  "block_type": "storymode:redstone_lamp_blue"
		}
	  }
	}
  }
}
