{
  "format_version": "1.16.100",

  "minecraft:block": {
    "description": {
      "identifier": "storymode:redstone_lamp_purple"
    },
    "components": {
	  "tag:stone": {},
      "minecraft:loot": "loot_tables/blocks/redstone_lamp_purple.json",
      "minecraft:explosion_resistance": 6,
	  "minecraft:material_instances" : {
        "*": {
          "texture": "redstone_lamp_purple_off",
          "render_method" : "alpha_test",
          "ambient_occlusion" : true,
          "face_dimming" : true
        }
      },
	  "minecraft:on_interact": {
        "event": "minecraft:powered",
        "target": "self"
	  },
      "minecraft:destroy_time": 1.25
    },
	"events": {
	  "minecraft:powered": {
		"set_block": {
	  	  "block_type": "storymode:redstone_lamp_purple_lit"
		}
	  }
	}
  }
}
