{
  "format_version": "1.16.0",
  "minecraft:block": {
    "description": {
      "identifier": "storymode:tall_fire_green_middle"
    },
    "components": {
      "minecraft:block_light_absorption": 0,
      "minecraft:explosion_resistance": 1,
	  "minecraft:block_light_emission": 1.0,
      "minecraft:destroy_time": 0.1,
	  "minecraft:breakonpush": true,
      "minecraft:geometry": "geometry.tall_fire_middle",
      "minecraft:loot": "loot_tables/empty.json",
	  "minecraft:material_instances" : {
        "*": {
          "texture": "tall_fire_green_middle",
          "render_method" : "alpha_test",
		  "ambient_occlusion": false,
		  "face_dimming": false
        }
      },
	  "minecraft:entity_collision": false,
      "minecraft:pick_collision": {
        "origin": [-8,0,-8],
        "size": [16,1,16]
      },
	  "minecraft:on_placed": {
        "event": "minecraft:place_fire",
        "target": "self"
	  },
	  "minecraft:on_step_on": {
        "event": "minecraft:fire_damage",
        "target": "self"
	  },
	  "minecraft:placement_filter" : {
        "conditions": [
		  {
            "block_filter": ["storymode:tall_fire_green"],
            "allowed_faces": ["up"]
		  }
        ]
      }
    },
	"events": {
	  "minecraft:fire_damage": {
		"damage": {
		  "type": "fire",
          "target": "other",
          "amount": 5
		}
	  },
	  "minecraft:place_fire": {
		"set_block_at_pos": {
	  	  "block_type": "storymode:tall_fire_green_top",
	  	  "block_offset": [0, 1, 0]
		}
      }
	}
  }
}
