{
  "format_version": "1.16.0",
  "minecraft:block": {
    "description": {
      "identifier": "storymode:window_hard_quad"
    },
    "components": {
      "minecraft:loot": "loot_tables/blocks/window.json",
      "minecraft:explosion_resistance": 3,
      "minecraft:destroy_time": 1.25,
	  "minecraft:block_light_absorption": 0.0,
      "minecraft:geometry": "geometry.full_block",
	  "minecraft:material_instances" : {
        "*": {
          "texture": "framed_hard_quad",
          "render_method" : "blend"
        }
      }
    }
  }
}
