 {
  "format_version": "1.16.0",
  "minecraft:block": {
    "description": {
      "identifier": "storymode:window_hard_triad_vertical_pane",
      "properties": {
	    "storymode:direction": [2, 3, 4, 5]
      }
    },
	"permutations": [
	  {
		"condition": "query.block_property('storymode:direction') == 4 || query.block_property('storymode:direction') == 5",
		"components": {
		  "minecraft:rotation" : [0, 90, 0]
		}
	  },
	  {
		"condition": "query.block_property('storymode:direction') == 2 || query.block_property('storymode:direction') == 3",
		"components": {
		  "minecraft:rotation" : [0, 0, 0]
	    }
	  }
	],
    "components": {
      "minecraft:loot": "loot_tables/blocks/window.json",
      "minecraft:explosion_resistance": 3,
      "minecraft:destroy_time": 1.25,
	  "minecraft:block_light_absorption": 0.0,
      "minecraft:geometry": "geometry.pane",
	  "minecraft:material_instances" : {
        "*": {
          "texture": "framed_side",
          "render_method" : "blend"
        },
		"north": {
          "texture": "framed_hard_triad_vertical",
          "render_method" : "blend"
        },
		"south": {
          "texture": "framed_hard_triad_vertical",
          "render_method" : "blend"
        }
      },
	  "minecraft:entity_collision": {
        "origin": [-8,0,-1],
        "size": [16,16,2]
      },
      "minecraft:pick_collision": {
        "origin": [-8,0,-2],
        "size": [16,16,4]
      },
      "minecraft:on_player_placing": {
        "event": "minecraft:placing_direction",
        "target": "self"
      }
    },
	"events": {
	  "minecraft:placing_direction": {
		"set_block_property": {
		  "storymode:direction": "query.cardinal_facing_2d"
		}
	  }
	}
  }
}
