{
  "format_version": "1.13.0",
  "minecraft:feature_rules": {
    "description": {
      "identifier": "op_asa:featurerule_pirates_ship",
      "places_feature": "op_asa:feature_control_pirates_ship"
    },
    "conditions": {
      "placement_pass": "sky_pass",
      "minecraft:biome_filter": [
        {
          "all_of": [
            {
              "test": "has_biome_tag",
              "operator": "==",
              "value": "ocean"
            }
          ]
        }
      ]
    },
    "distribution": {
      "iterations": 1,
      "scatter_chance": {
        "numerator": 1,
        "denominator": 200
      },
      "coordinate_eval_order": "xzy",
      "x": {
        "distribution": "uniform",
        "extent": [ 0, 1 ]
      },
      "y": "query.heightmap(variable.worldx, variable.worldz)-4",
      "z": {
        "distribution": "uniform",
        "extent": [ 0, 1 ]
      }
    }
  }
}