
 {
	"format_version": "1.16.100",
	"minecraft:item": {
		"description": {
			"identifier": "op_asa:bubbly_sango",
			"category": "items"
		},
  "components": {
    "minecraft:on_use":{
      "on_use":{
        "event":"op_asa:event1"
      }
    },
    "minecraft:use_duration": 99999,
    "minecraft:food": {
      "nutrition": 0,
      "saturation_modifier": "supernatural",
      "can_always_eat": true
    },
    "minecraft:max_stack_size": 1,
    "minecraft:hand_equipped":true,
    "minecraft:icon":{
      "texture": "bubbly_sango"
    },
    "minecraft:display_name":{
      "value":"item.op_asa:bubbly_sango.name"
    },
    "minecraft:should_despawn":true
  },
  "events":{
    "op_asa:event1":{
      "run_command":{
        "command":"give @s op_asa:soap_bubbles"
      }
    }
  }
}
}

