{
  "mn_hq_apara_shot": {
    "category": "neutral",
    "sounds": [
      "sounds/mn_hq_apara_shot"
    ]
  },
  "mn_hq_bonba_shot": {
    "category": "neutral",
    "sounds": [
      "sounds/mn_hq_bonba_shot"
    ]
  },
  "mn_hq_alarte_shot": {
    "category": "neutral",
    "sounds": [
      "sounds/mn_hq_alarte_shot"
    ]
  },
  "mn_hq_confu_shot": {
    "category": "neutral",
    "sounds": [
      "sounds/mn_hq_confu_shot"
    ]
  },
  "mn_hq_estu_shot": {
    "category": "neutral",
    "sounds": [
      "sounds/mn_hq_estu_shot"
    ]
  },
  "mn_hq_levio_shot": {
    "category": "neutral",
    "sounds": [
      "sounds/mn_hq_levio_shot"
    ]
  }
}