{
  "format_version": "1.16.0",
  "minecraft:entity": {
    "description": {
      "identifier": "op_asa:hobby",
      "is_spawnable": false,
      "is_summonable": true,
      "is_experimental": false
    },
    "component_groups":{
      "op_asa:wild":{
        "minecraft:tameable": {
          "probability": 1,
          "tame_items": "op_asa:keiyaku",
          "tame_event": {
            "event": "op_asa:on_tame",
            "target": "self"
          }
        }
      },
      "op_asa:parasite":{
        "minecraft:behavior.nearest_attackable_target": {
          "priority": 2,
          "must_see": true,
          "reselect_targets": true,
          "within_radius": 16.0,
          "entity_types": [
            {
              "filters": {
                "any_of": [
                  {
                    "test": "is_family",
                    "subject": "other",
                    "value": "mob"
                  },
                  {
                    "test":"is_family",
                    "subject":"other",
                    "value":"player"
                  }
                ]
              },
              "max_dist": 16
            }
          ]
        }
      },
      "op_asa:tame":{
        "minecraft:is_tamed": {},
        "minecraft:behavior.stay_while_sitting": {
          "priority": 1
        },
        "minecraft:sittable": {
        },
        "minecraft:behavior.follow_owner": {
          "priority": 6,
          "speed_multiplier": 1.0,
          "start_distance": 12,
          "stop_distance": 7
        }
      },
      "op_asa:toy_ace":{
        "minecraft:loot": {
          "table": "loot_tables/entities/ace.json"
        }
      },
      "op_asa:to_ace":{
        "minecraft:transformation":{
          "into": "op_asa:ace"
        }
      },
      "op_asa:toy_akainu":{
        "minecraft:loot": {
          "table": "loot_tables/entities/akainu.json"
        }
      },
      "op_asa:to_akainu":{
        "minecraft:transformation":{
          "into": "op_asa:akainu"
        }
      },
      "op_asa:toy_aokizi":{
        "minecraft:loot": {
          "table": "loot_tables/entities/aokizi.json"
        }
      },
      "op_asa:to_aokizi":{
        "minecraft:transformation":{
          "into": "op_asa:zokizi"
        }
      },
      "op_asa:toy_brook":{
        "minecraft:loot": {
          "table": "loot_tables/entities/brook.json"
        }
      },
      "op_asa:to_brook":{
        "minecraft:transformation":{
          "into": "op_asa:brook"
        }
      },
      "op_asa:toy_chopper":{
        "minecraft:loot": {
          "table": "loot_tables/entities/chopper.json"
        }
      },
      "op_asa:to_chopper":{
        "minecraft:transformation":{
          "into": "op_asa:chopper"
        }
      },
      "op_asa:toy_crocodile":{
        "minecraft:loot": {
          "table": "loot_tables/entities/crocodile.json"
        }
      },
      "op_asa:to_crocodile":{
        "minecraft:transformation":{
          "into": "op_asa:crocodile"
        }
      },
      "op_asa:toy_doframingo":{
        "minecraft:loot": {
          "table": "loot_tables/entities/doframingo.json"
        }
      },
      "op_asa:to_doframingo":{
        "minecraft:transformation":{
          "into": "op_asa:doframingo"
        }
      },
      "op_asa:toy_enel":{
        "minecraft:loot": {
          "table": "loot_tables/entities/enel.json"
        }
      },
      "op_asa:to_enel":{
        "minecraft:transformation":{
          "into": "op_asa:enel"
        }
      },
      "op_asa:toy_franky":{
        "minecraft:loot": {
          "table": "loot_tables/entities/franky.json"
        }
      },
      "op_asa:to_franky":{
        "minecraft:transformation":{
          "into": "op_asa:franky"
        }
      },
      "op_asa:toy_fujitora":{
        "minecraft:loot": {
          "table": "loot_tables/entities/fujitora.json"
        }
      },
      "op_asa:to_fujitora":{
        "minecraft:transformation":{
          "into": "op_asa:fujitora"
        }
      },
      "op_asa:toy_hokinsu":{
        "minecraft:loot": {
          "table": "loot_tables/entities/hokinsu.json"
        }
      },
      "op_asa:to_hokinsu":{
        "minecraft:transformation":{
          "into": "op_asa:hokinsu"
        }
      },
      "op_asa:toy_hyogoro":{
        "minecraft:loot": {
          "table": "loot_tables/entities/hyogoro.json"
        }
      },
      "op_asa:to_hyogoro":{
        "minecraft:transformation":{
          "into": "op_asa:hyogoro"
        }
      },
      "op_asa:toy_jinbe":{
        "minecraft:loot": {
          "table": "loot_tables/entities/jinbe.json"
        }
      },
      "op_asa:to_jinbe":{
        "minecraft:transformation":{
          "into": "op_asa:jinbe"
        }
      },
      "op_asa:toy_kaido":{
        "minecraft:loot": {
          "table": "loot_tables/entities/kaido.json"
        }
      },
      "op_asa:to_kaido":{
        "minecraft:transformation":{
          "into": "op_asa:kaido"
        }
      },
      "op_asa:toy_kaigun":{
        "minecraft:loot": {
          "table": "loot_tables/entities/kaigun.json"
        }
      },
      "op_asa:to_kaigun":{
        "minecraft:transformation":{
          "into": "op_asa:kaigun"
        }
      },
      "op_asa:toy_kaigun2":{
        "minecraft:loot": {
          "table": "loot_tables/entities/kaigun2.json"
        }
      },
      "op_asa:to_kaigun2":{
        "minecraft:transformation":{
          "into": "op_asa:kaigun2"
        }
      },
      "op_asa:toy_kaizoku":{
        "minecraft:loot": {
          "table": "loot_tables/entities/kaizoku.json"
        }
      },
      "op_asa:to_kaizoku":{
        "minecraft:transformation":{
          "into": "op_asa:kaizoku"
        }
      },
      "op_asa:toy_kaizoku2":{
        "minecraft:loot": {
          "table": "loot_tables/entities/kaizoku2.json"
        }
      },
      "op_asa:to_kaizoku2":{
        "minecraft:transformation":{
          "into": "op_asa:kaizoku2"
        }
      },
      "op_asa:toy_kaizoku3":{
        "minecraft:loot": {
          "table": "loot_tables/entities/kaizoku3.json"
        }
      },
      "op_asa:to_kaizoku3":{
        "minecraft:transformation":{
          "into": "op_asa:kaizoku3"
        }
      },
      "op_asa:toy_kaizoku4":{
        "minecraft:loot": {
          "table": "loot_tables/entities/kaizoku4.json"
        }
      },
      "op_asa:to_kaizoku4":{
        "minecraft:transformation":{
          "into": "op_asa:kaizoku4"
        }
      },
      "op_asa:toy_katakuri":{
        "minecraft:loot": {
          "table": "loot_tables/entities/katakuri.json"
        }
      },
      "op_asa:to_katakuri":{
        "minecraft:transformation":{
          "into": "op_asa:katakuri"
        }
      },
      "op_asa:toy_kizaru":{
        "minecraft:loot": {
          "table": "loot_tables/entities/kizaru.json"
        }
      },
      "op_asa:to_kizaru":{
        "minecraft:transformation":{
          "into": "op_asa:kizaru"
        }
      },
      "op_asa:toy_law":{
        "minecraft:loot": {
          "table": "loot_tables/entities/law.json"
        }
      },
      "op_asa:to_law":{
        "minecraft:transformation":{
          "into": "op_asa:law"
        }
      },
      "op_asa:toy_law2":{
        "minecraft:loot": {
          "table": "loot_tables/entities/law2.json"
        }
      },
      "op_asa:to_law2":{
        "minecraft:transformation":{
          "into": "op_asa:law2"
        }
      },
      "op_asa:toy_law3":{
        "minecraft:loot": {
          "table": "loot_tables/entities/law3.json"
        }
      },
      "op_asa:to_law3":{
        "minecraft:transformation":{
          "into": "op_asa:law3"
        }
      },
      "op_asa:toy_layry":{
        "minecraft:loot": {
          "table": "loot_tables/entities/layry.json"
        }
      },
      "op_asa:to_layry":{
        "minecraft:transformation":{
          "into": "op_asa:layry"
        }
      },
      "op_asa:toy_luffy":{
        "minecraft:loot": {
          "table": "loot_tables/entities/luffy.json"
        }
      },
      "op_asa:to_luffy":{
        "minecraft:transformation":{
          "into": "op_asa:luffy"
        }
      },
      "op_asa:toy_luffy2":{
        "minecraft:loot": {
          "table": "loot_tables/entities/luffy2.json"
        }
      },
      "op_asa:to_luffy2":{
        "minecraft:transformation":{
          "into": "op_asa:luffy2"
        }
      },
      "op_asa:toy_malco":{
        "minecraft:loot": {
          "table": "loot_tables/entities/malco.json"
        }
      },
      "op_asa:to_malco":{
        "minecraft:transformation":{
          "into": "op_asa:malco"
        }
      },
      "op_asa:toy_mam":{
        "minecraft:loot": {
          "table": "loot_tables/entities/big_mam.json"
        }
      },
      "op_asa:to_mam":{
        "minecraft:transformation":{
          "into": "op_asa:big_mam"
        }
      },
      "op_asa:toy_nami":{
        "minecraft:loot": {
          "table": "loot_tables/entities/nami.json"
        }
      },
      "op_asa:to_nami":{
        "minecraft:transformation":{
          "into": "op_asa:nami"
        }
      },
      "op_asa:toy_robin":{
        "minecraft:loot": {
          "table": "loot_tables/entities/robin.json"
        }
      },
      "op_asa:to_robin":{
        "minecraft:transformation":{
          "into": "op_asa:robin"
        }
      },
      "op_asa:toy_sabo":{
        "minecraft:loot": {
          "table": "loot_tables/entities/sabo.json"
        }
      },
      "op_asa:to_sabo":{
        "minecraft:transformation":{
          "into": "op_asa:sabo"
        }
      },
      "op_asa:toy_sanji":{
        "minecraft:loot": {
          "table": "loot_tables/entities/sanji.json"
        }
      },
      "op_asa:to_sanji":{
        "minecraft:transformation":{
          "into": "op_asa:sanji"
        }
      },
      "op_asa:toy_sirohige":{
        "minecraft:loot": {
          "table": "loot_tables/entities/sirohige.json"
        }
      },
      "op_asa:to_sirohige":{
        "minecraft:transformation":{
          "into": "op_asa:sirohige"
        }
      },
      "op_asa:toy_syankusu":{
        "minecraft:loot": {
          "table": "loot_tables/entities/syankusu.json"
        }
      },
      "op_asa:to_syankusu":{
        "minecraft:transformation":{
          "into": "op_asa:syankusu"
        }
      },
      "op_asa:toy_teach":{
        "minecraft:loot": {
          "table": "loot_tables/entities/teach.json"
        }
      },
      "op_asa:to_teach":{
        "minecraft:transformation":{
          "into": "op_asa:teach"
        }
      },
      "op_asa:toy_trabol":{
        "minecraft:loot": {
          "table": "loot_tables/entities/trabol.json"
        }
      },
      "op_asa:to_trabol":{
        "minecraft:transformation":{
          "into": "op_asa:trabol"
        }
      },
      "op_asa:toy_usopp":{
        "minecraft:loot": {
          "table": "loot_tables/entities/usopp.json"
        }
      },
      "op_asa:to_usopp":{
        "minecraft:transformation":{
          "into": "op_asa:usopp"
        }
      },
      "op_asa:toy_zoro":{
        "minecraft:loot": {
          "table": "loot_tables/entities/zoro.json"
        }
      },
      "op_asa:to_zoro":{
        "minecraft:transformation":{
          "into": "op_asa:zoro"
        }
      },
      "op_asa:toy_zoro2":{
        "minecraft:loot": {
          "table": "loot_tables/entities/zoro2.json"
        }
      },
      "op_asa:to_zoro2":{
        "minecraft:transformation":{
          "into": "op_asa:zoro2"
        }
      },
      "op_asa:toy_luccy1":{
        "minecraft:loot": {
          "table": "loot_tables/entities/luccy1.json"
        }
      },
      "op_asa:to_luccy1":{
        "minecraft:transformation":{
          "into": "op_asa:luccy1"
        }
      },
      "op_asa:toy_luccy2":{
        "minecraft:loot": {
          "table": "loot_tables/entities/luccy2.json"
        }
      },
      "op_asa:to_luccy2":{
        "minecraft:transformation":{
          "into": "op_asa:luccy2"
        }
      },
      "op_asa:toy_kid":{
        "minecraft:loot": {
          "table": "loot_tables/entities/kid.json"
        }
      },
      "op_asa:to_kid":{
        "minecraft:transformation":{
          "into": "op_asa:kid"
        }
      }
    },
    
    "components": {
      "minecraft:timer": {
        "looping": false,
        "randomInterval": false,
        "time": 0.1,
        "time_down_event": {
         "event": "op_asa:be_wild",
         "target": "self"
        }
      },
      "minecraft:type_family": {
        "family": ["mob", "hobby"]
      },
      "minecraft:navigation.walk": {
        "is_amphibious": true,
        "can_pass_doors":true,
        "can_break_doors":false,
        "can_walk":true,
        "can_open_doors": true,
        "can_path_over_water": true
      },
      "minecraft:environment_sensor":{
        "triggers":[
          {
            "filters":{
              "all_of":[
                {
                  "test":"has_tag",
                  "subject":"self",
                  "operator":"==",
                  "value":"parasite"
                }
              ]
            },
            "event":"op_asa:be_parasite"
          },
          {
            "filters":{
              "all_of":[
                {
                  "test": "has_tag",
                  "value": "toy_end"
                },
                {
                  "test":"has_tag",
                  "value":"ace"
                }
              ]
            },
            "event":"op_asa:to_ace"
          },
          {
            "filters":{
              "all_of":[
                {
                  "test": "has_tag",
                  "value": "toy_end"
                },
                {
                  "test":"has_tag",
                  "value":"akainu"
                }
              ]
            },
            "event":"op_asa:to_akainu"
          },
          {
            "filters":{
              "all_of":[
                {
                  "test": "has_tag",
                  "value": "toy_end"
                },
                {
                  "test":"has_tag",
                  "value":"aokizi"
                }
              ]
            },
            "event":"op_asa:to_aokizi"
          },
          {
            "filters":{
              "all_of":[
                {
                  "test": "has_tag",
                  "value": "toy_end"
                },
                {
                  "test":"has_tag",
                  "value":"brook"
                }
              ]
            },
            "event":"op_asa:to_brook"
          },
          {
            "filters":{
              "all_of":[
                {
                  "test": "has_tag",
                  "value": "toy_end"
                },
                {
                  "test":"has_tag",
                  "value":"chopper"
                }
              ]
            },
            "event":"op_asa:to_chopper"
          },
          {
            "filters":{
              "all_of":[
                {
                  "test": "has_tag",
                  "value": "toy_end"
                },
                {
                  "test":"has_tag",
                  "value":"crocodile"
                }
              ]
            },
            "event":"op_asa:to_crocodile"
          },
          {
            "filters":{
              "all_of":[
                {
                  "test": "has_tag",
                  "value": "toy_end"
                },
                {
                  "test":"has_tag",
                  "value":"doframingo"
                }
              ]
            },
            "event":"op_asa:to_doframingo"
          },
          {
            "filters":{
              "all_of":[
                {
                  "test": "has_tag",
                  "value": "toy_end"
                },
                {
                  "test":"has_tag",
                  "value":"enel"
                }
              ]
            },
            "event":"op_asa:to_enel"
          },
          {
            "filters":{
              "all_of":[
                {
                  "test": "has_tag",
                  "value": "toy_end"
                },
                {
                  "test":"has_tag",
                  "value":"franky"
                }
              ]
            },
            "event":"op_asa:to_franky"
          },
          {
            "filters":{
              "all_of":[
                {
                  "test": "has_tag",
                  "value": "toy_end"
                },
                {
                  "test":"has_tag",
                  "value":"fujitora"
                }
              ]
            },
            "event":"op_asa:to_fujitora"
          },
          {
            "filters":{
              "all_of":[
                {
                  "test": "has_tag",
                  "value": "toy_end"
                },
                {
                  "test":"has_tag",
                  "value":"hokinsu"
                }
              ]
            },
            "event":"op_asa:to_hokinsu"
          },
          {
            "filters":{
              "all_of":[
                {
                  "test": "has_tag",
                  "value": "toy_end"
                },
                {
                  "test":"has_tag",
                  "value":"hyogoro"
                }
              ]
            },
            "event":"op_asa:to_hyogoro"
          },
          {
            "filters":{
              "all_of":[
                {
                  "test": "has_tag",
                  "value": "toy_end"
                },
                {
                  "test":"has_tag",
                  "value":"jinbe"
                }
              ]
            },
            "event":"op_asa:to_jinbe"
          },
          {
            "filters":{
              "all_of":[
                {
                  "test": "has_tag",
                  "value": "toy_end"
                },
                {
                  "test":"has_tag",
                  "value":"kaido"
                }
              ]
            },
            "event":"op_asa:to_kaido"
          },
          {
            "filters":{
              "all_of":[
                {
                  "test": "has_tag",
                  "value": "toy_end"
                },
                {
                  "test":"has_tag",
                  "value":"kaigun"
                }
              ]
            },
            "event":"op_asa:to_kaigun"
          },
          {
            "filters":{
              "all_of":[
                {
                  "test": "has_tag",
                  "value": "toy_end"
                },
                {
                  "test":"has_tag",
                  "value":"kaigun2"
                }
              ]
            },
            "event":"op_asa:to_kaigun2"
          },
          {
            "filters":{
              "all_of":[
                {
                  "test": "has_tag",
                  "value": "toy_end"
                },
                {
                  "test":"has_tag",
                  "value":"kaizoku"
                }
              ]
            },
            "event":"op_asa:to_kaizoku"
          },
          {
            "filters":{
              "all_of":[
                {
                  "test": "has_tag",
                  "value": "toy_end"
                },
                {
                  "test":"has_tag",
                  "value":"kaizoku2"
                }
              ]
            },
            "event":"op_asa:to_kaizoku2"
          },
          {
            "filters":{
              "all_of":[
                {
                  "test": "has_tag",
                  "value": "toy_end"
                },
                {
                  "test":"has_tag",
                  "value":"kaizoku3"
                }
              ]
            },
            "event":"op_asa:to_kaizoku3"
          },
          {
            "filters":{
              "all_of":[
                {
                  "test": "has_tag",
                  "value": "toy_end"
                },
                {
                  "test":"has_tag",
                  "value":"kaizoku4"
                }
              ]
            },
            "event":"op_asa:to_kaizoku4"
          },
          {
            "filters":{
              "all_of":[
                {
                  "test": "has_tag",
                  "value": "toy_end"
                },
                {
                  "test":"has_tag",
                  "value":"katakuri"
                }
              ]
            },
            "event":"op_asa:to_karakuri"
          },
          {
            "filters":{
              "all_of":[
                {
                  "test": "has_tag",
                  "value": "toy_end"
                },
                {
                  "test":"has_tag",
                  "value":"kizaru"
                }
              ]
            },
            "event":"op_asa:to_kizaru"
          },
          {
            "filters":{
              "all_of":[
                {
                  "test": "has_tag",
                  "value": "toy_end"
                },
                {
                  "test":"has_tag",
                  "value":"law"
                }
              ]
            },
            "event":"op_asa:to_law"
          },
          {
            "filters":{
              "all_of":[
                {
                  "test": "has_tag",
                  "value": "toy_end"
                },
                {
                  "test":"has_tag",
                  "value":"law2"
                }
              ]
            },
            "event":"op_asa:to_law2"
          },
          {
            "filters":{
              "all_of":[
                {
                  "test": "has_tag",
                  "value": "toy_end"
                },
                {
                  "test":"has_tag",
                  "value":"law3"
                }
              ]
            },
            "event":"op_asa:to_law3"
          },
          {
            "filters":{
              "all_of":[
                {
                  "test": "has_tag",
                  "value": "toy_end"
                },
                {
                  "test":"has_tag",
                  "value":"layry"
                }
              ]
            },
            "event":"op_asa:to_layry"
          },
          {
            "filters":{
              "all_of":[
                {
                  "test": "has_tag",
                  "value": "toy_end"
                },
                {
                  "test":"has_tag",
                  "value":"luffy"
                }
              ]
            },
            "event":"op_asa:to_luffy"
          },
          {
            "filters":{
              "all_of":[
                {
                  "test": "has_tag",
                  "value": "toy_end"
                },
                {
                  "test":"has_tag",
                  "value":"luffy2"
                }
              ]
            },
            "event":"op_asa:to_luffy2"
          },
          {
            "filters":{
              "all_of":[
                {
                  "test": "has_tag",
                  "value": "toy_end"
                },
                {
                  "test":"has_tag",
                  "value":"malco"
                }
              ]
            },
            "event":"op_asa:to_malco"
          },
          {
            "filters":{
              "all_of":[
                {
                  "test": "has_tag",
                  "value": "toy_end"
                },
                {
                  "test":"has_tag",
                  "value":"big_mam"
                }
              ]
            },
            "event":"op_asa:to_mam"
          },
          {
            "filters":{
              "all_of":[
                {
                  "test": "has_tag",
                  "value": "toy_end"
                },
                {
                  "test":"has_tag",
                  "value":"nami"
                }
              ]
            },
            "event":"op_asa:to_nami"
          },
          {
            "filters":{
              "all_of":[
                {
                  "test": "has_tag",
                  "value": "toy_end"
                },
                {
                  "test":"has_tag",
                  "value":"robin"
                }
              ]
            },
            "event":"op_asa:to_robin"
          },
          {
            "filters":{
              "all_of":[
                {
                  "test": "has_tag",
                  "value": "toy_end"
                },
                {
                  "test":"has_tag",
                  "value":"sabo"
                }
              ]
            },
            "event":"op_asa:to_sabo"
          },
          {
            "filters":{
              "all_of":[
                {
                  "test": "has_tag",
                  "value": "toy_end"
                },
                {
                  "test":"has_tag",
                  "value":"sanji"
                }
              ]
            },
            "event":"op_asa:to_sanji"
          },
          {
            "filters":{
              "all_of":[
                {
                  "test": "has_tag",
                  "value": "toy_end"
                },
                {
                  "test":"has_tag",
                  "value":"sirohige"
                }
              ]
            },
            "event":"op_asa:to_sirohige"
          },
          {
            "filters":{
              "all_of":[
                {
                  "test": "has_tag",
                  "value": "toy_end"
                },
                {
                  "test":"has_tag",
                  "value":"syankusu"
                }
              ]
            },
            "event":"op_asa:to_syankusu"
          },
          {
            "filters":{
              "all_of":[
                {
                  "test": "has_tag",
                  "value": "toy_end"
                },
                {
                  "test":"has_tag",
                  "value":"teach"
                }
              ]
            },
            "event":"op_asa:to_teach"
          },
          {
            "filters":{
              "all_of":[
                {
                  "test": "has_tag",
                  "value": "toy_end"
                },
                {
                  "test":"has_tag",
                  "value":"trabol"
                }
              ]
            },
            "event":"op_asa:to_trabol"
          },
          {
            "filters":{
              "all_of":[
                {
                  "test": "has_tag",
                  "value": "toy_end"
                },
                {
                  "test":"has_tag",
                  "value":"usopp"
                }
              ]
            },
            "event":"op_asa:to_usopp"
          },
          {
            "filters":{
              "all_of":[
                {
                  "test": "has_tag",
                  "value": "toy_end"
                },
                {
                  "test":"has_tag",
                  "value":"zoro"
                }
              ]
            },
            "event":"op_asa:to_zoro"
          },
          {
            "filters":{
              "all_of":[
                {
                  "test": "has_tag",
                  "value": "toy_end"
                },
                {
                  "test":"has_tag",
                  "value":"zoro2"
                }
              ]
            },
            "event":"op_asa:to_zoro2"
          },
          {
            "filters":{
              "all_of":[
                {
                  "test": "has_tag",
                  "value": "toy_end"
                },
                {
                  "test":"has_tag",
                  "value":"luccy1"
                }
              ]
            },
            "event":"op_asa:to_luccy1"
          },
          {
            "filters":{
              "all_of":[
                {
                  "test": "has_tag",
                  "value": "toy_end"
                },
                {
                  "test":"has_tag",
                  "value":"luccy2"
                }
              ]
            },
            "event":"op_asa:to_luccy2"
          },
          {
            "filters":{
              "all_of":[
                {
                  "test": "has_tag",
                  "value": "toy_end"
                },
                {
                  "test":"has_tag",
                  "value":"kid"
                }
              ]
            },
            "event":"op_asa:to_kid"
          }
        ]   
      },
      "minecraft:follow_range": {
        "value": 32,
        "max": 32
      },
      "minecraft:movement": {
        "value": 0.25
      },
      "minecraft:health": {
        "value": 40,
        "max": 40
      },
      "minecraft:attack":{
        "damage":1
      },
      "minecraft:nameable": {
      },
      "minecraft:collision_box": {
        "width": 0.6,
        "height": 1.9
      },
      "minecraft:movement.basic": {
      },
      "minecraft:jump.static": {},
      "minecraft:can_climb": {
      },
      "minecraft:hurt_on_condition": {
        "damage_conditions": [
          {
            "filters": {
              "test": "in_lava",
              "subject": "self",
              "operator": "==",
              "value": true
            },
            "cause": "lava",
            "damage_per_tick": 4
          }
        ]
      },
      "minecraft:breathable": {
        "total_supply": 15,
        "suffocate_time": 0
      },
      "minecraft:despawn": {
        "despawn_from_distance": {
          "min_distance":64
        }
      },
      "minecraft:behavior.melee_attack": {
        "priority": 4,
        "track_target": true,
        "speed_multiplier": 1.25
      },
      "minecraft:behavior.random_stroll": {
        "priority": 6,
        "speed_multiplier": 1
      },
      "minecraft:behavior.look_at_player": {
        "priority": 9,
        "look_distance": 10,
        "probability": 0.02
      },
      "minecraft:behavior.random_look_around":{
        "priority":7,
        "speed_multiplier":1
      },
      "minecraft:physics": {
      },
      "minecraft:pushable": {
        "is_pushable": true,
        "is_pushable_by_piston": true
      },
      "minecraft:conditional_bandwidth_optimization": {
      },
      "minecraft:behavior.float": {
        "priority": 0
      },
      "minecraft:persistent":{
      }
    },
    "events":{
      "op_asa:be_wild":{
        "add":{
          "component_groups":[
            "op_asa:wild"
          ]
        }
      },
      "op_asa:be_parasite":{
        "remove":{
          "component_groups":[
            "op_asa:wild"
          ]
        },
        "add":{
          "component_groups":[
            "op_asa:parasite"
          ]
        }
      },
      "op_asa:on_tame":{
        "remove": {
          "component_groups": [
            "op_asa:wild","op_asa:parasite"
          ]
        },
        "add": {
          "component_groups": [
            "op_asa:tame"
          ]
        }
      },
      "op_asa:toy_ace":{
        "add":{
          "component_groups":["op_asa:toy_ace"]
        },
        "run_command":{
          "command":"tag @s add ace"
        }
      },
      "op_asa:to_ace":{
        "add":{
          "component_groups":["op_asa:to_ace"]
        }
      },
      "op_asa:toy_akainu":{
        "add":{
          "component_groups":["op_asa:toy_akainu"]
        },
        "run_command":{
          "command":"tag @s add akainu"
        }
      },
      "op_asa:to_akainu":{
        "add":{
          "component_groups":["op_asa:to_akainu"]
        }
      },
      "op_asa:toy_aokizi":{
        "add":{
          "component_groups":["op_asa:toy_aokizi"]
        },
        "run_command":{
          "command":"tag @s add aokizi"
        }
      },
      "op_asa:to_aokizi":{
        "add":{
          "component_groups":["op_asa:to_aokizi"]
        }
      },
      "op_asa:toy_brook":{
        "add":{
          "component_groups":["op_asa:toy_brook"]
        },
        "run_command":{
          "command":"tag @s add brook"
        }
      },
      "op_asa:to_brook":{
        "add":{
          "component_groups":["op_asa:to_brook"]
        }
      },
      "op_asa:toy_chopper":{
        "add":{
          "component_groups":["op_asa:toy_chopper"]
        },
        "run_command":{
          "command":"tag @s add chopper"
        }
      },
      "op_asa:to_chopper":{
        "add":{
          "component_groups":["op_asa:to_chopper"]
        }
      },
      "op_asa:toy_crocodile":{
        "add":{
          "component_groups":["op_asa:toy_crocodile"]
        },
        "run_command":{
          "command":"tag @s add crocodile"
        }
      },
      "op_asa:to_crocodile":{
        "add":{
          "component_groups":["op_asa:to_crocodile"]
        }
      },
      "op_asa:toy_doframingo":{
        "add":{
          "component_groups":["op_asa:toy_doframingo"]
        },
        "run_command":{
          "command":"tag @s add doframingo"
        }
      },
      "op_asa:to_doframingo":{
        "add":{
          "component_groups":["op_asa:to_doframingo"]
        }
      },
      "op_asa:toy_enel":{
        "add":{
          "component_groups":["op_asa:toy_enel"]
        },
        "run_command":{
          "command":"tag @s add enel"
        }
      },
      "op_asa:to_enel":{
        "add":{
          "component_groups":["op_asa:to_enel"]
        }
      },
      "op_asa:toy_franky":{
        "add":{
          "component_groups":["op_asa:toy_franky"]
        },
        "run_command":{
          "command":"tag @s add franky"
        }
      },
      "op_asa:to_franky":{
        "add":{
          "component_groups":["op_asa:to_franky"]
        }
      },
      "op_asa:toy_fujitora":{
        "add":{
          "component_groups":["op_asa:toy_fujitora"]
        },
        "run_command":{
          "command":"tag @s add fujitora"
        }
      },
      "op_asa:to_fujitora":{
        "add":{
          "component_groups":["op_asa:to_fujitora"]
        }
      },
      "op_asa:toy_hokinsu":{
        "add":{
          "component_groups":["op_asa:toy_hokinsu"]
        },
        "run_command":{
          "command":"tag @s add hokinsu"
        }
      },
      "op_asa:to_hokinsu":{
        "add":{
          "component_groups":["op_asa:to_hokinsu"]
        }
      },
      "op_asa:toy_hyogoro":{
        "add":{
          "component_groups":["op_asa:toy_hyogoro"]
        },
        "run_command":{
          "command":"tag @s add hyogoro"
        }
      },
      "op_asa:to_hyogoro":{
        "add":{
          "component_groups":["op_asa:to_hyogoro"]
        }
      },
      "op_asa:toy_jinbe":{
        "add":{
          "component_groups":["op_asa:toy_jinbe"]
        },
        "run_command":{
          "command":"tag @s add jinbe"
        }
      },
      "op_asa:to_jinbe":{
        "add":{
          "component_groups":["op_asa:to_jinbe"]
        }
      },
      "op_asa:toy_kaido":{
        "add":{
          "component_groups":["op_asa:toy_kaido"]
        },
        "run_command":{
          "command":"tag @s add kaido"
        }
      },
      "op_asa:to_kaido":{
        "add":{
          "component_groups":["op_asa:to_kaido"]
        }
      },
      "op_asa:toy_kaigun":{
        "add":{
          "component_groups":["op_asa:toy_kaigun"]
        },
        "run_command":{
          "command":"tag @s add kaigun"
        }
      },
      "op_asa:to_kaigun":{
        "add":{
          "component_groups":["op_asa:to_kaigun"]
        }
      },
      "op_asa:toy_kaigun2":{
        "add":{
          "component_groups":["op_asa:toy_kaigun2"]
        },
        "run_command":{
          "command":"tag @s add kaigun2"
        }
      },
      "op_asa:to_kaigun2":{
        "add":{
          "component_groups":["op_asa:to_kaigun2"]
        }
      },
      "op_asa:toy_kaizoku":{
        "add":{
          "component_groups":["op_asa:toy_kaizoku"]
        },
        "run_command":{
          "command":"tag @s add kaizoku"
        }
      },
      "op_asa:to_kaizoku":{
        "add":{
          "component_groups":["op_asa:to_kaizoku"]
        }
      },
      "op_asa:toy_kaizoku2":{
        "add":{
          "component_groups":["op_asa:toy_kaizoku2"]
        },
        "run_command":{
          "command":"tag @s add kaizoku2"
        }
      },
      "op_asa:to_kaizoku2":{
        "add":{
          "component_groups":["op_asa:to_kaizoku2"]
        }
      },
      "op_asa:toy_kaizoku3":{
        "add":{
          "component_groups":["op_asa:toy_kaizoku3"]
        },
        "run_command":{
          "command":"tag @s add kaizoku3"
        }
      },
      "op_asa:to_kaizoku3":{
        "add":{
          "component_groups":["op_asa:to_kaizoku3"]
        }
      },
      "op_asa:toy_kaizoku4":{
        "add":{
          "component_groups":["op_asa:toy_kaizoku4"]
        },
        "run_command":{
          "command":"tag @s add kaizoku4"
        }
      },
      "op_asa:to_kaizoku4":{
        "add":{
          "component_groups":["op_asa:to_kaizoku4"]
        }
      },
      "op_asa:toy_katakuri":{
        "add":{
          "component_groups":["op_asa:toy_katakuri"]
        },
        "run_command":{
          "command":"tag @s add katakuri"
        }
      },
      "op_asa:to_katakuri":{
        "add":{
          "component_groups":["op_asa:to_katakuri"]
        }
      },
      "op_asa:toy_kizaru":{
        "add":{
          "component_groups":["op_asa:toy_kizaru"]
        },
        "run_command":{
          "command":"tag @s add kizaru"
        }
      },
      "op_asa:to_kizaru":{
        "add":{
          "component_groups":["op_asa:to_kizaru"]
        }
      },
      "op_asa:toy_law":{
        "add":{
          "component_groups":["op_asa:toy_law"]
        },
        "run_command":{
          "command":"tag @s add law"
        }
      },
      "op_asa:to_law":{
        "add":{
          "component_groups":["op_asa:to_law"]
        }
      },
      "op_asa:toy_law2":{
        "add":{
          "component_groups":["op_asa:toy_law2"]
        },
        "run_command":{
          "command":"tag @s add law2"
        }
      },
      "op_asa:to_law2":{
        "add":{
          "component_groups":["op_asa:to_law2"]
        }
      },
      "op_asa:toy_law3":{
        "add":{
          "component_groups":["op_asa:toy_law3"]
        },
        "run_command":{
          "command":"tag @s add law3"
        }
      },
      "op_asa:to_law3":{
        "add":{
          "component_groups":["op_asa:to_law3"]
        }
      },
      "op_asa:toy_layry":{
        "add":{
          "component_groups":["op_asa:toy_layry"]
        },
        "run_command":{
          "command":"tag @s add layry"
        }
      },
      "op_asa:to_layry":{
        "add":{
          "component_groups":["op_asa:to_layry"]
        }
      },
      "op_asa:toy_luffy":{
        "add":{
          "component_groups":["op_asa:toy_luffy"]
        },
        "run_command":{
          "command":"tag @s add luffy"
        }
      },
      "op_asa:to_luffy":{
        "add":{
          "component_groups":["op_asa:to_luffy"]
        }
      },
      "op_asa:toy_luffy2":{
        "add":{
          "component_groups":["op_asa:toy_luffy2"]
        },
        "run_command":{
          "command":"tag @s add luffy2"
        }
      },
      "op_asa:to_luffy2":{
        "add":{
          "component_groups":["op_asa:to_luffy2"]
        }
      },
      "op_asa:toy_malco":{
        "add":{
          "component_groups":["op_asa:toy_malco"]
        },
        "run_command":{
          "command":"tag @s add malco"
        }
      },
      "op_asa:to_malco":{
        "add":{
          "component_groups":["op_asa:to_malco"]
        }
      },
      "op_asa:toy_mam":{
        "add":{
          "component_groups":["op_asa:toy_mam"]
        },
        "run_command":{
          "command":"tag @s add big_mam"
        }
      },
      "op_asa:to_mam":{
        "add":{
          "component_groups":["op_asa:to_mam"]
        }
      },
      "op_asa:toy_nami":{
        "add":{
          "component_groups":["op_asa:toy_nami"]
        },
        "run_command":{
          "command":"tag @s add nami"
        }
      },
      "op_asa:to_nami":{
        "add":{
          "component_groups":["op_asa:to_nami"]
        }
      },
      "op_asa:toy_robin":{
        "add":{
          "component_groups":["op_asa:toy_robin"]
        },
        "run_command":{
          "command":"tag @s add robin"
        }
      },
      "op_asa:to_robin":{
        "add":{
          "component_groups":["op_asa:to_robin"]
        }
      },
      "op_asa:toy_sabo":{
        "add":{
          "component_groups":["op_asa:toy_sabo"]
        },
        "run_command":{
          "command":"tag @s add sabo"
        }
      },
      "op_asa:to_sabo":{
        "add":{
          "component_groups":["op_asa:to_sabo"]
        }
      },
      "op_asa:toy_sanji":{
        "add":{
          "component_groups":["op_asa:toy_sanji"]
        },
        "run_command":{
          "command":"tag @s add sanji"
        }
      },
      "op_asa:to_sanji":{
        "add":{
          "component_groups":["op_asa:to_sanji"]
        }
      },
      "op_asa:toy_sirohige":{
        "add":{
          "component_groups":["op_asa:toy_sirohige"]
        },
        "run_command":{
          "command":"tag @s add sirohige"
        }
      },
      "op_asa:to_sirohige":{
        "add":{
          "component_groups":["op_asa:to_sirohige"]
        }
      },
      "op_asa:toy_syankusu":{
        "add":{
          "component_groups":["op_asa:toy_syankusu"]
        },
        "run_command":{
          "command":"tag @s add syankusu"
        }
      },
      "op_asa:to_syankusu":{
        "add":{
          "component_groups":["op_asa:to_syankusu"]
        }
      },
      "op_asa:toy_teach":{
        "add":{
          "component_groups":["op_asa:toy_teach"]
        },
        "run_command":{
          "command":"tag @s add teach"
        }
      },
      "op_asa:to_teach":{
        "add":{
          "component_groups":["op_asa:to_teach"]
        }
      },
      "op_asa:toy_trabol":{
        "add":{
          "component_groups":["op_asa:toy_trabol"]
        },
        "run_command":{
          "command":"tag @s add trabol"
        }
      },
      "op_asa:to_trabol":{
        "add":{
          "component_groups":["op_asa:to_trabol"]
        }
      },
      "op_asa:toy_usopp":{
        "add":{
          "component_groups":["op_asa:toy_usopp"]
        },
        "run_command":{
          "command":"tag @s add usopp"
        }
      },
      "op_asa:to_usopp":{
        "add":{
          "component_groups":["op_asa:to_usopp"]
        }
      },
      "op_asa:toy_zoro":{
        "add":{
          "component_groups":["op_asa:toy_zoro"]
        },
        "run_command":{
          "command":"tag @s add zoro"
        }
      },
      "op_asa:to_zoro":{
        "add":{
          "component_groups":["op_asa:to_zoro"]
        }
      },
      "op_asa:toy_zoro2":{
        "add":{
          "component_groups":["op_asa:toy_zoro2"]
        },
        "run_command":{
          "command":"tag @s add zoro2"
        }
      },
      "op_asa:to_zoro2":{
        "add":{
          "component_groups":["op_asa:to_zoro2"]
        }
      },
      "op_asa:toy_luccy1":{
        "add":{
          "component_groups":["op_asa:toy_luccy1"]
        },
        "run_command":{
          "command":"tag @s add luccy1"
        }
      },
      "op_asa:to_luccy1":{
        "add":{
          "component_groups":["op_asa:to_luccy1"]
        }
      },
      "op_asa:toy_luccy2":{
        "add":{
          "component_groups":["op_asa:toy_luccy2"]
        },
        "run_command":{
          "command":"tag @s add luccy2"
        }
      },
      "op_asa:to_luccy2":{
        "add":{
          "component_groups":["op_asa:to_luccy2"]
        }
      },
      "op_asa:toy_kid":{
        "add":{
          "component_groups":["op_asa:toy_kid"]
        },
        "run_command":{
          "command":"tag @s add kid"
        }
      },
      "op_asa:to_kid":{
        "add":{
          "component_groups":["op_asa:to_kid"]
        }
      }
    }
}}
