{
  "format_version": "1.16.0",
  "minecraft:entity": {
    "description": {
      "identifier": "op_asa:kaizoku2_sirosiro",
      "is_spawnable": true,
      "is_summonable": false,
      "is_experimental": false
    },
    "component_groups":{
      "op_asa:despawn":{
        "minecraft:instant_despawn": {}
      },
      "op_asa:tame":{
        "minecraft:is_tamed": {},
        "minecraft:behavior.stay_while_sitting": {
          "priority": 1
        },
        "minecraft:behavior.owner_hurt_by_target": {
          "priority": 1
        },
        "minecraft:behavior.owner_hurt_target": {
          "priority": 2
        },
        "minecraft:sittable": {
        },
        "minecraft:behavior.follow_owner": {
          "priority": 2,
          "speed_multiplier": 1.0,
          "start_distance": 10,
          "stop_distance": 3
        }
      }
    },
    
    "components": {
      "minecraft:damage_sensor": {
        "triggers": [
          {
            "on_damage": {
              "filters": {
                "all_of": [
                  {
                    "test":"is_variant",
                    "subject":"other",
                    "value":2726
                  },
                  {
                    "test":"has_tag",
                    "subject":"other",
                    "value":"sirosiro"
                  },
                  {
                    "test":"is_family",
                    "subject":"other",
                    "value":"player"
                  }
                ]
              },
              "event": "op_asa:sirosiro"
            }
          }
        ]
      },
      "minecraft:tameable": {
        "probability": 1,
        "tame_items": "op_asa:sirosiro_tame_item",
        "tame_event": {
          "event": "op_asa:on_tame",
          "target": "self"
        }
      },
      "minecraft:type_family": {
        "family": ["player","kaizoku"]
      },
      "minecraft:navigation.walk": {
        "is_amphibious": false,
        "can_pass_doors":true,
        "can_break_doors":false,
        "can_walk":true,
        "can_open_doors": true,
        "can_path_over_water": true
      },
      "minecraft:healable": {
        "items": [
          {
            "item":"bread",
            "heal_amount":5
          },
          {
            "item": "porkchop",
            "heal_amount": 3
          },
          {
            "item": "cooked_porkchop",
            "heal_amount": 8
          },
          {
            "item": "fish",
            "heal_amount": 2
          },
          {
            "item": "salmon",
            "heal_amount": 2
          },
          {
            "item": "clownfish",
            "heal_amount": 1
          },
          {
            "item": "pufferfish",
            "heal_amount": 1
          },
          {
            "item": "cooked_fish",
            "heal_amount": 5
          },
          {
            "item": "cooked_salmon",
            "heal_amount": 6
          },
          {
            "item": "beef",
            "heal_amount": 3
          },
          {
            "item": "cooked_beef",
            "heal_amount": 8
          },
          {
            "item": "chicken",
            "heal_amount": 2
          },
          {
            "item": "cooked_chicken",
            "heal_amount": 6
          },
          {
            "item": "muttonRaw",
            "heal_amount": 2
          },
          {
            "item": "muttonCooked",
            "heal_amount": 6
          },
          {
            "item": "rotten_flesh",
            "heal_amount": 4
          },
          {
            "item": "rabbit",
            "heal_amount": 3
          },
          {
            "item": "cooked_rabbit",
            "heal_amount": 5
          },
          {
            "item": "rabbit_stew",
            "heal_amount": 10
          }
        ]
      },
      "minecraft:movement": {
        "value": 0.23
      },
      "minecraft:health": {
        "value": 100,
        "max": 100
      },
      "minecraft:attack":{
        "damage":3
      },
      "minecraft:equipment": {
        "table": "loot_tables/gear/kaizoku2_gear.json"
      },
      "minecraft:shareables": {
        "items": [
          {
            "item": "op_asa:cutlass2",
            "want_amount": 1,
            "surplus_amount": 1,
            "priority": 1
          },
          {
            "item":"op_asa:cutlass",
            "want_amount":1,
            "surplus_amount":1,
            "priority":2
          },
          {
            "item": "minecraft:netherite_helmet",
            "want_amount": 1,
            "surplus_amount": 1,
            "priority": 0
          },
          {
            "item": "minecraft:diamond_helmet",
            "want_amount": 1,
            "surplus_amount": 1,
            "priority": 1
          },
          {
            "item": "minecraft:iron_helmet",
            "want_amount": 1,
            "surplus_amount": 1,
            "priority": 2
          },
          {
            "item": "minecraft:chainmail_helmet",
            "want_amount": 1,
            "surplus_amount": 1,
            "priority": 3
          },
          {
            "item": "minecraft:golden_helmet",
            "want_amount": 1,
            "surplus_amount": 1,
            "priority": 4
          },
          {
            "item": "minecraft:leather_helmet",
            "want_amount": 1,
            "surplus_amount": 1,
            "priority": 5
          },
          {
            "item": "minecraft:turtle_helmet",
            "want_amount": 1,
            "surplus_amount": 1,
            "priority":  6
          },
          {
            "item": "op_asa:kaigun_haori",
            "want_amount": 1,
            "surplus_amount": 1,
            "priority": 0
          },
          {
            "item": "minecraft:netherite_chestplate",
            "want_amount": 1,
            "surplus_amount": 1,
            "priority": 1
          },
          {
            "item": "minecraft:diamond_chestplate",
            "want_amount": 1,
            "surplus_amount": 1,
            "priority": 2
          },
          {
            "item": "minecraft:iron_chestplate",
            "want_amount": 1,
            "surplus_amount": 1,
            "priority": 3
          },
          {
            "item": "minecraft:chainmail_chestplate",
            "want_amount": 1,
            "surplus_amount": 1,
            "priority": 4
          },
          {
            "item": "minecraft:golden_chestplate",
            "want_amount": 1,
            "surplus_amount": 1,
            "priority": 5
          },
          {
            "item": "minecraft:leather_chestplate",
            "want_amount": 1,
            "surplus_amount": 1,
            "priority": 6
          },
          {
            "item": "minecraft:netherite_leggings",
            "want_amount": 1,
            "surplus_amount": 1,
            "priority": 0
          },
          {
            "item": "minecraft:diamond_leggings",
            "want_amount": 1,
            "surplus_amount": 1,
            "priority": 1
          },
          {
            "item": "minecraft:iron_leggings",
            "want_amount": 1,
            "surplus_amount": 1,
            "priority": 2
          },
          {
            "item": "minecraft:chainmail_leggings",
            "want_amount": 1,
            "surplus_amount": 1,
            "priority": 3
          },
          {
            "item": "minecraft:golden_leggings",
            "want_amount": 1,
            "surplus_amount": 1,
            "priority": 4
          },
          {
            "item": "minecraft:leather_leggings",
            "want_amount": 1,
            "surplus_amount": 1,
            "priority": 5
          },
          {
            "item": "minecraft:netherite_boots",
            "want_amount": 1,
            "surplus_amount": 1,
            "priority": 0
          },
          {
            "item": "minecraft:diamond_boots",
            "want_amount": 1,
            "surplus_amount": 1,
            "priority": 1
          },
          {
            "item": "minecraft:iron_boots",
            "want_amount": 1,
            "surplus_amount": 1,
            "priority": 2
          },
          {
            "item": "minecraft:chainmail_boots",
            "want_amount": 1,
            "surplus_amount": 1,
            "priority": 3
          },
          {
            "item": "minecraft:golden_boots",
            "want_amount": 1,
            "surplus_amount": 1,
            "priority": 4
          },
          {
            "item": "minecraft:leather_boots",
            "want_amount": 1,
            "surplus_amount": 1,
            "priority": 5
          }
        ]
      },
      "minecraft:scale":{
        "value":1.2
      },
      "minecraft:nameable": {
      },
      "minecraft:equip_item": {
      },
      "minecraft:collision_box": {
        "width": 0.6,
        "height": 1.9
      },
      "minecraft:movement.basic": {
      },
      "minecraft:jump.static": {},
      "minecraft:can_climb": {
      },
      "minecraft:hurt_on_condition": {
        "damage_conditions": [
          {
            "filters": {
              "test": "in_lava",
              "subject": "self",
              "operator": "==",
              "value": true
            },
            "cause": "lava",
            "damage_per_tick": 4
          }
        ]
      },
      "minecraft:breathable": {
        "total_supply": 15,
        "suffocate_time": 0
      },
      "minecraft:despawn": {
        "despawn_from_distance": {}
      },
      "minecraft:behavior.equip_item": {
        "priority": 3
      },
      "minecraft:behavior.melee_attack": {
        "priority": 4,
        "track_target": true,
        "speed_multiplier": 1.25
      },
      "minecraft:behavior.pickup_items": {
        "priority": 7,
        "max_dist": 3,
        "goal_radius": 2,
        "speed_multiplier": 1.0
      },
      "minecraft:behavior.random_stroll": {
        "priority": 6,
        "speed_multiplier": 1
      },
      "minecraft:behavior.look_at_player": {
        "priority": 9,
        "look_distance": 10,
        "probability": 0.02
      },
      "minecraft:behavior.random_look_around":{
        "priority":7,
        "speed_multiplier":1
      },
      "minecraft:behavior.hurt_by_target": {
        "entity_types": {
          "filters": {
              "test": "is_family",
              "subject": "other",
              "operator": "!=",
              "value": "waza"
          }
        },
        "priority": 1
      },
      "minecraft:physics": {
      },
      "minecraft:pushable": {
        "is_pushable": true,
        "is_pushable_by_piston": true
      },
      "minecraft:conditional_bandwidth_optimization": {
      },
      "minecraft:experience_reward": {
        "on_death": "query.last_hit_by_player ? 10 + (query.equipment_count * Math.Random(1,3)) : 0"
      },
      "minecraft:behavior.float": {
        "priority": 0
      },
      "minecraft:persistent":{
      }
    },
    "events":{
      "op_asa:on_tame":{
        "add":{
          "component_groups":[
            "op_asa:tame"
          ]
        }
      },
      "op_asa:sirosiro":{
        "run_command":{
          "command":"give @p[tag=sirosiro] op_asa:kaizoku2_sirosiro_spawn_egg"
        },
        "add":{
          "component_groups":[
            "op_asa:despawn"
          ]
        }
      }
    }
}}
