{
  "format_version": "1.16.0",
  "minecraft:entity": {
    "description": {
      "identifier": "op_asa:zeus",
      "is_spawnable": false,
      "is_summonable": true,
      "is_experimental": false
    },
    "component_groups":{
      "op_asa:zeus_tame":{
        "minecraft:transformation":{
          "into": "op_asa:zeus_tame",
          "keep_owner":true
        }
      }
    },

    "components": {
      "minecraft:scale":{
        "value":2
      },
      "minecraft:is_baby":{},
      "minecraft:behavior.tempt": {
        "priority": 0,
        "speed_multiplier": 1.25,
        "within_radius":128,
        "items": [
          "op_asa:weather_egg1"
        ]
      },
      "minecraft:hurt_on_condition": {
        "damage_conditions": [
          {
            "filters": { "test": "in_lava", "subject": "self", "operator": "==", "value": true },
            "cause": "lava",
            "damage_per_tick": 4
          }
        ]
      },
      "minecraft:experience_reward": {
        "on_death": "query.last_hit_by_player ? 5 + (query.equipment_count * Math.Random(1,3)) : 0"
      },
      "minecraft:breathable": {
        "total_supply": 15,
        "suffocate_time": 0
      },
      "minecraft:nameable": {
      },
      "minecraft:health": {
        "value": 100,
        "max": 100
      },
      "minecraft:collision_box": {
        "width": 1.2,
        "height": 0.5
      },
      "minecraft:movement": {
        "value": 0.03
      },
      "minecraft:can_fly": {
      },
      "minecraft:loot": {
        "table": "loot_tables/entities/zeus.json"
      },
      "minecraft:shooter": {
        "def": "op_asa:zeus_shoot"
      },
      "minecraft:type_family": {
        "family": ["mam","mob","h5"]
      },
      "minecraft:damage_sensor": {
        "triggers": [
          {
            "cause": "fall",
            "deals_damage": false
          },
          {
            "cause": "lightning",
            "deals_damage": false
          }
        ]
      },
      "minecraft:jump.static": {
      },
      "minecraft:despawn": {
        "despawn_from_distance": {
          "min_distance":64
        }
      },
      "minecraft:behavior.float": {
        "priority": 0
      },
      "minecraft:behavior.ranged_attack": {
        "priority": 2,
        "attack_radius": 64,
        "charge_shoot_trigger": 2,
        "charge_charged_trigger": 1
      },
      "minecraft:follow_range": {
        "value": 64,
        "max": 64
      },
      "minecraft:behavior.hurt_by_target": {
        "entity_types": {
          "filters": {
              "test": "is_family",
              "subject": "other",
              "operator": "!=",
              "value": "waza"
          }
        },
        "priority": 1
      },
      "minecraft:behavior.nearest_attackable_target": {
        "priority": 2,
        "entity_types": [
          {
            "filters": {
              "all_of": [
                {
                  "test": "is_family",
                  "subject": "other",
                  "value": "mob"
                },
                {
                  "test": "is_family",
                  "subject": "other",
                  "operator": "!=",
                  "value":"mam"
                },
                {
                  "any_of":[
                    {
                      "test":"is_family",
                      "subject":"other",
                      "value":"h1"
                    },
                    {
                      "test":"is_family",
                      "subject":"other",
                      "value":"h2"
                    },
                    {
                      "test":"is_family",
                      "subject":"other",
                      "value":"h3"
                    },
                    {
                      "test":"is_family",
                      "subject":"other",
                      "value":"h4"
                    }
                  ]
                }
              ]
            },
            "max_dist": 28
          },
          {
            "filters": {
              "all_of": [
                {
                  "test": "is_family",
                  "subject": "other",
                  "value": "player"
                },
                {
                  "test": "has_equipment",
                  "subject": "other",
                  "domain": "hand",
                  "operator": "!=",
                  "value": "op_asa:sorcery_clima_tact1"
                },
                {
                  "test": "is_family",
                  "subject": "other",
                  "operator": "!=",
                  "value":"sorusoru"
                }
              ]
            },
            "max_dist": 64
          }
        ],
        "must_see": true
      },
      "minecraft:environment_sensor": {
        "triggers": [
          {
            "filters": {
              "test":"is_riding",
              "value":true
            },
            "event": "op_asa:get_off"
          }
        ]
      },
      "minecraft:physics": {
      },
      "minecraft:pushable": {
        "is_pushable": false,
        "is_pushable_by_piston": false
      },
      "minecraft:conditional_bandwidth_optimization": {
      },
      "minecraft:navigation.float": {
        "can_path_over_water": true
      },
      "minecraft:behavior.float_wander": {
        "priority": 2,
        "must_reach": true
      },
      "minecraft:movement.basic": {
      },
      "minecraft:behavior.random_stroll": {
        "priority": 8,
        "speed_multiplier": 1.0
      },
      "minecraft:can_climb": {
      },
      "minecraft:tameable": {
        "probability": 1,
        "tame_items": "op_asa:weather_egg1",
        "tame_event": {
          "event": "op_asa:on_tame",
          "target": "self"
        }
      },
      "minecraft:persistent":{
      }
    },
    
    "events":{
      "op_asa:on_tame":{
        "add": {
          "component_groups": [
            "op_asa:zeus_tame"
          ]
        }
      },
      "op_asa:get_off":{
        "run_command":{
          "command":["kill @e[r=1,type=minecraft:boat]","kill @e[r=1,type=minecraft:chest_boat]","kill @e[r=1,type=minecraft:minecart]"]
        }
      }
    }
  }
}