{
  "format_version": "1.16.0",
  "minecraft:entity": {
    "description": {
      "identifier": "op_asa:zeus_tame",
      "is_spawnable": false,
      "is_summonable": true,
      "is_experimental": false
    },
    "component_groups":{
    },

    "components": {
      "minecraft:is_tamed": {},
      "minecraft:behavior.stay_while_sitting": {
        "priority": 1
      },
      "minecraft:behavior.owner_hurt_by_target": {
        "priority": 1
      },
      "minecraft:behavior.owner_hurt_target": {
        "priority": 2
      },
      "minecraft:sittable": {
      },
      "minecraft:behavior.follow_owner": {
        "priority": 2,
        "speed_multiplier": 1.0,
        "start_distance": 12,
        "stop_distance": 7
      },
      "minecraft:healable": {
        "items": [
          {
            "item":"op_asa:weather_egg1",
            "heal_amount":5
          }
        ]
      },
      "minecraft:type_family": {
        "family": ["player","mob","h5"]
      },
      "minecraft:scale":{
        "value":1
      },
      "minecraft:behavior.tempt": {
        "priority": 1,
        "speed_multiplier": 1.25,
        "within_radius":64,
        "items": [
          "op_asa:weather_egg1"
        ]
      },
      "minecraft:hurt_on_condition": {
        "damage_conditions": [
          {
            "filters": { "test": "in_lava", "subject": "self", "operator": "==", "value": true },
            "cause": "lava",
            "damage_per_tick": 4
          }
        ]
      },
      "minecraft:experience_reward": {
        "on_death": "query.last_hit_by_player ? 5 + (query.equipment_count * Math.Random(1,3)) : 0"
      },
      "minecraft:breathable": {
        "total_supply": 15,
        "suffocate_time": 0
      },
      "minecraft:nameable": {
      },
      "minecraft:health": {
        "value": 100,
        "max": 100
      },
      "minecraft:collision_box": {
        "width": 0.5,
        "height": 1.5
      },
      "minecraft:ground_offset":{
        "value": 1.0
      },
      "minecraft:movement": {
        "value": 0.3
      },
      "minecraft:can_fly": {
      },
      "minecraft:loot": {
        "table": "loot_tables/entities/zeus.json"
      },
      "minecraft:shooter": {
        "def": "op_asa:zeus_shoot"
      },
      "minecraft:damage_sensor": {
        "triggers": [
          {
            "cause": "fall",
            "deals_damage": false
          },
          {
            "cause": "lightning",
            "deals_damage": false
          }
        ]
      },
      "minecraft:jump.static": {
      },
      "minecraft:despawn": {
        "despawn_from_distance": {
          "min_distance":64
        }
      },
      "minecraft:behavior.float": {
        "priority": 0
      },
      "minecraft:navigation.fly": {
        "is_amphibious": true,
        "can_pass_doors":true,
        "can_open_doors": true,
        "can_path_over_water": true,
        "avoid_water": true,
        "can_path_from_air": true
      },
      "minecraft:movement.fly": {
      },
      "minecraft:behavior.ranged_attack": {
        "priority": 2,
        "attack_radius": 64,
        "charge_shoot_trigger": 2,
        "charge_charged_trigger": 1
      },
      "minecraft:follow_range": {
        "value": 64,
        "max": 64
      },
      "minecraft:behavior.hurt_by_target": {
        "entity_types": {
          "filters": {
              "test": "is_family",
              "subject": "other",
              "operator": "!=",
              "value": "waza"
          }
        },
        "priority": 1
      },
      "minecraft:physics": {
      },
      "minecraft:pushable": {
        "is_pushable": false,
        "is_pushable_by_piston": false
      },
      "minecraft:conditional_bandwidth_optimization": {
      },
      "minecraft:behavior.random_stroll": {
        "priority": 6,
        "speed_multiplier": 1
      },
      "minecraft:behavior.look_at_player": {
        "priority": 9,
        "look_distance": 10,
        "probability": 0.02
      },
      "minecraft:behavior.random_look_around":{
        "priority":7,
        "speed_multiplier":1
      },
      "minecraft:can_climb": {
      },
      "minecraft:persistent":{
      }
    },
    
    "events":{
    }
  }
}