﻿{
  "VinceLouis_UI": {
    "type": "label",
    "text": "   §l§bIce Scream Horror Addon by Vince Louis",
    "shadow": true,
    "font_size": "middle",
    "anchor_from": "bottom_left",
    "anchor_to": "bottom_left"
  },
  "VinceLouis_UI1": {
    "type": "label",
    "text": "   §l§4Subscribe",
    "shadow": true,
    "font_size": "middle",
    "anchor_from": "bottom_right",
    "anchor_to": "bottom_right"
  },
  "content_panel": {
    "type": "panel",
    "controls": [
      { 
        "VinceLouis_UI@debug_screen.VinceLouis_UI": {} 
      },
      { 
        "VinceLouis_UI1@debug_screen.VinceLouis_UI1": {} 
      }
    ]
  }
}
