{
  "format_version": "1.12",
  "minecraft:recipe_shaped": {
    "description": {
    "identifier": "jtartz:herobrinetotem"
    },

    
    "tags": [ "crafting_table" ],
    "pattern": [
      "RSR",
      "SXS",
      "RSR"
    ],
    "key": {
      "X": {
        "item": "minecraft:netherStar"
      },
      "R": {
        "item": "minecraft:rotten_flesh"
      },
      "S": {
      	"item": "minecraft:soul_sand",
        "data": 0
      }
    },
    "result": {
      "item": "jtartz:herobrinetotem"
    }
  }
}
