{
	"format_version": "1.8.0",
	"animations": {
		"animation.poppy_bd.general": {
			"loop": true,
			"bones": {
				"eye1": {
					"scale": [0.9, 0.8, 1]
				},
				"eye2": {
					"scale": [0.9, 0.8, 1]
				},
				"all": {
					"position": [0, "-0.2+Math.cos(query.anim_time * 180 + 180) * -0.25", 0]
				},
				"body": {
					"rotation": ["0+Math.sin(query.life_time * 180.0 + 90) * 1", 0, "0+Math.sin(query.life_time * 180.0) * 0.3"],
					"position": [0, "0+Math.cos(query.anim_time * 180 + 360) *0.2", 0]
				},
				"leftarm": {
					"rotation": ["0+Math.sin(query.life_time * 180.0) * 2", 0, "0+Math.sin(query.life_time * 90.0) * 2"]
				},
				"rightarm4": {
					"rotation": ["0+Math.sin(query.life_time * 180.0) * -2", 0, "0+Math.sin(query.life_time * 90.0) * 2"]
				},
				"leftleg": {
					"rotation": ["-2.5+Math.cos(query.anim_time * 180 + 360) *2", -5, 0]
				},
				"leftleg2": {
					"rotation": ["5+Math.cos(query.anim_time * 180 + 360) *-4", 0, 0]
				},
				"leftleg3": {
					"rotation": ["-2.5+Math.cos(query.anim_time * 180 + 360) *2", 0, 0]
				},
				"rightleg": {
					"rotation": ["-2.5+Math.cos(query.anim_time * 180 + 360) *2", 5, 0]
				},
				"rightleg2": {
					"rotation": ["7.5+Math.cos(query.anim_time * 180 + 360) *-4", 0, 0]
				},
				"rightleg3": {
					"rotation": ["-5+Math.cos(query.anim_time * 180 + 360) *2", 0, 0]
				}
			}
		},
		"animation.poppy_bd.moving": {
			"loop": true,
			"animation_length": 1,
			"anim_time_update": "query.modified_distance_moved * 0.095",
			"bones": {
				"all": {
					"rotation": {
						"0.0": {
							"post": [0, -7.5, 0],
							"lerp_mode": "catmullrom"
						},
						"0.16": {
							"post": [-0.09252, 2.11798, -2.50171],
							"lerp_mode": "catmullrom"
						},
						"0.52": {
							"post": [0, 7.5, 0],
							"lerp_mode": "catmullrom"
						},
						"0.64": {
							"post": [0.04842, 1.00718, 2.62047],
							"lerp_mode": "catmullrom"
						},
						"0.72": {
							"post": [-0.16381, -3.74643, 2.50536],
							"lerp_mode": "catmullrom"
						},
						"1.0": {
							"post": [0, -7.5, 0],
							"lerp_mode": "catmullrom"
						}
					},
					"position": {
						"0.0": {
							"post": [0, -1, 0],
							"lerp_mode": "catmullrom"
						},
						"0.16": {
							"post": [0, 0, 0],
							"lerp_mode": "catmullrom"
						},
						"0.32": {
							"post": [0, -0.8, 0],
							"lerp_mode": "catmullrom"
						},
						"0.48": {
							"post": [0, -1, 0],
							"lerp_mode": "catmullrom"
						},
						"0.64": {
							"post": [0, 0, 0],
							"lerp_mode": "catmullrom"
						},
						"0.8": {
							"post": [0, -0.54, 0],
							"lerp_mode": "catmullrom"
						},
						"1.0": {
							"post": [0, -1, 0],
							"lerp_mode": "catmullrom"
						}
					}
				},
				"dress_all": {
					"rotation": {
						"0.0": {
							"post": [7.5, -10, 0],
							"lerp_mode": "catmullrom"
						},
						"0.16": {
							"post": [-2.68154, 4.04647, -2.83094],
							"lerp_mode": "catmullrom"
						},
						"0.32": {
							"post": [-1.56027, 7.01843, -2.68182],
							"lerp_mode": "catmullrom"
						},
						"0.48": {
							"post": [0, 10, 0],
							"lerp_mode": "catmullrom"
						},
						"0.64": {
							"post": [9.83583, -3.90718, 0.84591],
							"lerp_mode": "catmullrom"
						},
						"0.8": {
							"post": [-7.35356, -8.55653, 1.80455],
							"lerp_mode": "catmullrom"
						},
						"1.0": {
							"post": [7.5, -10, 0],
							"lerp_mode": "catmullrom"
						}
					},
					"scale": {
						"0.0": {
							"post": [1, 0.9, 1],
							"lerp_mode": "catmullrom"
						},
						"0.16": {
							"post": [1, 0.9, 1],
							"lerp_mode": "catmullrom"
						},
						"0.32": {
							"post": [1, 0.9, 1],
							"lerp_mode": "catmullrom"
						},
						"0.48": {
							"post": [1, 1, 1],
							"lerp_mode": "catmullrom"
						},
						"0.68": {
							"post": [1, 0.9, 1],
							"lerp_mode": "catmullrom"
						},
						"1.0": {
							"post": [1, 0.9, 1],
							"lerp_mode": "catmullrom"
						}
					}
				},
				"dress3": {
					"rotation": {
						"0.0": {
							"post": [0, 0, 5],
							"lerp_mode": "catmullrom"
						},
						"0.24": {
							"post": [0, 0, -2.81],
							"lerp_mode": "catmullrom"
						},
						"0.48": {
							"post": [0, 0, 0],
							"lerp_mode": "catmullrom"
						},
						"0.72": {
							"post": [0, 0, -2.32],
							"lerp_mode": "catmullrom"
						},
						"1.0": {
							"post": [0, 0, 5],
							"lerp_mode": "catmullrom"
						}
					}
				},
				"dress18": {
					"rotation": {
						"0.0": {
							"post": [0, 0, 5],
							"lerp_mode": "catmullrom"
						},
						"0.24": {
							"post": [0, 0, -2.81],
							"lerp_mode": "catmullrom"
						},
						"0.48": {
							"post": [0, 0, 0],
							"lerp_mode": "catmullrom"
						},
						"0.72": {
							"post": [0, 0, -2.32],
							"lerp_mode": "catmullrom"
						},
						"1.0": {
							"post": [0, 0, 5],
							"lerp_mode": "catmullrom"
						}
					}
				},
				"dress2": {
					"rotation": {
						"0.0": {
							"post": [-5, 0, 0],
							"lerp_mode": "catmullrom"
						},
						"0.24": {
							"post": [2.81, 0, 0],
							"lerp_mode": "catmullrom"
						},
						"0.48": {
							"post": [0, 0, 0],
							"lerp_mode": "catmullrom"
						},
						"0.72": {
							"post": [2.32, 0, 0],
							"lerp_mode": "catmullrom"
						},
						"1.0": {
							"post": [-5, 0, 0],
							"lerp_mode": "catmullrom"
						}
					}
				},
				"dress8": {
					"rotation": {
						"0.0": {
							"post": [-5, 0, 0],
							"lerp_mode": "catmullrom"
						},
						"0.24": {
							"post": [2.81, 0, 0],
							"lerp_mode": "catmullrom"
						},
						"0.48": {
							"post": [0, 0, 0],
							"lerp_mode": "catmullrom"
						},
						"0.72": {
							"post": [2.32, 0, 0],
							"lerp_mode": "catmullrom"
						},
						"1.0": {
							"post": [-5, 0, 0],
							"lerp_mode": "catmullrom"
						}
					}
				},
				"leftleg": {
					"rotation": {
						"0.0": {
							"post": [20.15874, -7.04533, -2.57816],
							"lerp_mode": "catmullrom"
						},
						"0.16": {
							"post": [-19.98247, -0.85481, -2.34941],
							"lerp_mode": "catmullrom"
						},
						"0.32": {
							"post": [-26.92945, 3.23951, 4.3203],
							"lerp_mode": "catmullrom"
						},
						"0.48": {
							"post": [-24.97911, 1.05627, 2.26602],
							"lerp_mode": "catmullrom"
						},
						"0.64": {
							"post": [8.92514, -7.4102, -1.16034],
							"lerp_mode": "catmullrom"
						},
						"0.8": {
							"post": [18.96076, -7.09733, -2.43068],
							"lerp_mode": "catmullrom"
						},
						"1.0": {
							"post": [20.15874, -7.04533, -2.57816],
							"lerp_mode": "catmullrom"
						}
					},
					"position": {
						"0.0": {
							"post": [0, 0, 0.2],
							"lerp_mode": "catmullrom"
						},
						"0.16": {
							"post": [0, 0.4, -0.1],
							"lerp_mode": "catmullrom"
						},
						"0.32": {
							"post": [0, 0, -0.2],
							"lerp_mode": "catmullrom"
						},
						"0.52": {
							"post": [0, 0.3, -0.2],
							"lerp_mode": "catmullrom"
						},
						"0.64": {
							"post": [0, 0, -0.2],
							"lerp_mode": "catmullrom"
						},
						"0.8": {
							"post": [0, 0, 0.1],
							"lerp_mode": "catmullrom"
						},
						"1.0": {
							"post": [0, 0, 0.2],
							"lerp_mode": "catmullrom"
						}
					}
				},
				"leftleg2": {
					"rotation": {
						"0.0": {
							"post": [17.5, 0, 0],
							"lerp_mode": "catmullrom"
						},
						"0.16": {
							"post": [31.67, 0, 0],
							"lerp_mode": "catmullrom"
						},
						"0.32": {
							"post": [-1.66, 0, 0],
							"lerp_mode": "catmullrom"
						},
						"0.48": {
							"post": [7.5, 0, 0],
							"lerp_mode": "catmullrom"
						},
						"0.64": {
							"post": [0.58, 0, 0],
							"lerp_mode": "catmullrom"
						},
						"0.8": {
							"post": [3.1, 0, 0],
							"lerp_mode": "catmullrom"
						},
						"1.0": {
							"post": [17.5, 0, 0],
							"lerp_mode": "catmullrom"
						}
					}
				},
				"leftleg3": {
					"rotation": {
						"0.0": {
							"post": [0, 0, 0],
							"lerp_mode": "catmullrom"
						},
						"0.16": {
							"post": [20, 0, 0],
							"lerp_mode": "catmullrom"
						},
						"0.32": {
							"post": [2.5, 0, 0],
							"lerp_mode": "catmullrom"
						},
						"0.48": {
							"post": [15, 0, 0],
							"lerp_mode": "catmullrom"
						},
						"0.64": {
							"post": [-9.39378, -2.03465, 2.27953],
							"lerp_mode": "catmullrom"
						},
						"0.8": {
							"post": [-15.21877, -1.13036, 1.26641],
							"lerp_mode": "catmullrom"
						},
						"1.0": {
							"post": [0, 0, 0],
							"lerp_mode": "catmullrom"
						}
					}
				},
				"rightleg": {
					"rotation": {
						"0.0": {
							"post": [-25, 0, 0],
							"lerp_mode": "catmullrom"
						},
						"0.16": {
							"post": [4.8233, -1.62321, 1.23429],
							"lerp_mode": "catmullrom"
						},
						"0.32": {
							"post": [10.9074, 4.1186, 3.88612],
							"lerp_mode": "catmullrom"
						},
						"0.48": {
							"post": [11.93728, 2.46819, 5.25555],
							"lerp_mode": "catmullrom"
						},
						"0.64": {
							"post": [-11.54421, 4.82236, 5.29292],
							"lerp_mode": "catmullrom"
						},
						"0.8": {
							"post": [-25.96325, 6.05995, -5.16241],
							"lerp_mode": "catmullrom"
						},
						"1.0": {
							"post": [-25, 0, 0],
							"lerp_mode": "catmullrom"
						}
					},
					"position": {
						"0.0": {
							"post": [0, 0, -0.1],
							"lerp_mode": "catmullrom"
						},
						"0.16": {
							"post": [0, -0.13, -0.23],
							"lerp_mode": "catmullrom"
						},
						"0.4": {
							"post": [0, 0.19, -0.43],
							"lerp_mode": "catmullrom"
						},
						"0.64": {
							"post": [0, 0.3, -0.3],
							"lerp_mode": "catmullrom"
						},
						"0.8": {
							"post": [0, 0, -0.23],
							"lerp_mode": "catmullrom"
						},
						"1.0": {
							"post": [0, 0, -0.1],
							"lerp_mode": "catmullrom"
						}
					}
				},
				"rightleg2": {
					"rotation": {
						"0.0": {
							"post": [7.5, 0, 0],
							"lerp_mode": "catmullrom"
						},
						"0.16": {
							"post": [0.83, 0, 0],
							"lerp_mode": "catmullrom"
						},
						"0.32": {
							"post": [11.67, 0, 0],
							"lerp_mode": "catmullrom"
						},
						"0.48": {
							"post": [17.5, 0, 0],
							"lerp_mode": "catmullrom"
						},
						"0.64": {
							"post": [49.42, 0, 0],
							"lerp_mode": "catmullrom"
						},
						"0.8": {
							"post": [0.79, 0, 0],
							"lerp_mode": "catmullrom"
						},
						"1.0": {
							"post": [7.5, 0, 0],
							"lerp_mode": "catmullrom"
						}
					}
				},
				"rightleg3": {
					"rotation": {
						"0.0": {
							"post": [17.5, 0, 0],
							"lerp_mode": "catmullrom"
						},
						"0.16": {
							"post": [-6.75103, -0.61606, -0.15182],
							"lerp_mode": "catmullrom"
						},
						"0.32": {
							"post": [-18.37551, -0.30803, -0.07591],
							"lerp_mode": "catmullrom"
						},
						"0.48": {
							"post": [-17.5, 0, 0],
							"lerp_mode": "catmullrom"
						},
						"0.64": {
							"post": [8.26923, 0, 0],
							"lerp_mode": "catmullrom"
						},
						"0.8": {
							"post": [-0.13, 0, 0],
							"lerp_mode": "catmullrom"
						},
						"1.0": {
							"post": [17.5, 0, 0],
							"lerp_mode": "catmullrom"
						}
					}
				},
				"body2": {
					"rotation": {
						"0.0": {
							"post": [-5, 5, 2.5],
							"lerp_mode": "catmullrom"
						},
						"0.12": {
							"post": [0, 4.38, 0],
							"lerp_mode": "catmullrom"
						},
						"0.48": {
							"post": [5, -5, -2.5],
							"lerp_mode": "catmullrom"
						},
						"0.6": {
							"post": [0.31131, -5.26993, -0.02713],
							"lerp_mode": "catmullrom"
						},
						"1.0": {
							"post": [-5, 5, 2.5],
							"lerp_mode": "catmullrom"
						}
					}
				},
				"leftarm": {
					"rotation": {
						"0.0": {
							"post": [-25, 0, 0],
							"lerp_mode": "catmullrom"
						},
						"0.12": {
							"post": [-20.32, 0, 0],
							"lerp_mode": "catmullrom"
						},
						"0.48": {
							"post": [15, 0, 0],
							"lerp_mode": "catmullrom"
						},
						"0.6": {
							"post": [14.42, 0, 0],
							"lerp_mode": "catmullrom"
						},
						"1.0": {
							"post": [-25, 0, 0],
							"lerp_mode": "catmullrom"
						}
					},
					"position": {
						"0.0": {
							"post": [0, 0, -1],
							"lerp_mode": "catmullrom"
						},
						"0.12": {
							"post": [0, 0, -1],
							"lerp_mode": "catmullrom"
						},
						"0.48": {
							"post": [0, 0, 1],
							"lerp_mode": "catmullrom"
						},
						"0.6": {
							"post": [0, -1, 1],
							"lerp_mode": "catmullrom"
						},
						"1.0": {
							"post": [0, 0, -1],
							"lerp_mode": "catmullrom"
						}
					}
				},
				"rightarm4": {
					"rotation": {
						"0.0": {
							"post": [17.5, 0, 0],
							"lerp_mode": "catmullrom"
						},
						"0.12": {
							"post": [15.67, 0, 0],
							"lerp_mode": "catmullrom"
						},
						"0.48": {
							"post": [-27.5, 0, 0],
							"lerp_mode": "catmullrom"
						},
						"0.6": {
							"post": [-19.62, 0, 0],
							"lerp_mode": "catmullrom"
						},
						"1.0": {
							"post": [17.5, 0, 0],
							"lerp_mode": "catmullrom"
						}
					},
					"position": {
						"0.0": {
							"post": [0, 0, 1],
							"lerp_mode": "catmullrom"
						},
						"0.12": {
							"post": [0, -1, 0.5],
							"lerp_mode": "catmullrom"
						},
						"0.48": {
							"post": [0, 0, -1],
							"lerp_mode": "catmullrom"
						},
						"0.6": {
							"post": [0, 0, -1],
							"lerp_mode": "catmullrom"
						},
						"1.0": {
							"post": [0, 0, 1],
							"lerp_mode": "catmullrom"
						}
					}
				},
				"body": {
					"rotation": {
						"0.0": {
							"post": [7.5, 0, 0],
							"lerp_mode": "catmullrom"
						},
						"0.12": {
							"post": [6.36118, -0.27716, 2.4846],
							"lerp_mode": "catmullrom"
						},
						"0.48": {
							"post": [2.5, 0, 0],
							"lerp_mode": "catmullrom"
						},
						"0.6": {
							"post": [3.14744, 0.15629, -2.66586],
							"lerp_mode": "catmullrom"
						},
						"1.0": {
							"post": [7.5, 0, 0],
							"lerp_mode": "catmullrom"
						}
					}
				},
				"leftarm2": {
					"rotation": {
						"0.0": {
							"post": [-10, 0, 0],
							"lerp_mode": "catmullrom"
						},
						"0.12": {
							"post": [-30, 0, 0],
							"lerp_mode": "catmullrom"
						},
						"0.48": {
							"post": [-5, 0, 0],
							"lerp_mode": "catmullrom"
						},
						"0.6": {
							"post": [-2.5, 0, 0],
							"lerp_mode": "catmullrom"
						},
						"1.0": {
							"post": [-10, 0, 0],
							"lerp_mode": "catmullrom"
						}
					}
				},
				"rightarm5": {
					"rotation": {
						"0.0": {
							"post": [0, 0, 0],
							"lerp_mode": "catmullrom"
						},
						"0.12": {
							"post": [0, 0, 0],
							"lerp_mode": "catmullrom"
						},
						"0.48": {
							"post": [-15, 0, 0],
							"lerp_mode": "catmullrom"
						},
						"0.6": {
							"post": [-20, 0, 0],
							"lerp_mode": "catmullrom"
						},
						"1.0": {
							"post": [0, 0, 0],
							"lerp_mode": "catmullrom"
						}
					}
				},
				"head": {
					"rotation": {
						"0.0": {
							"post": [-2.59917, 2.38183, -2.82632],
							"lerp_mode": "catmullrom"
						},
						"0.24": {
							"post": [-5.61285, -6.37708, 5.66823],
							"lerp_mode": "catmullrom"
						},
						"0.48": {
							"post": [-5.08831, -2.25209, 3.14489],
							"lerp_mode": "catmullrom"
						},
						"0.72": {
							"post": [-5.37952, 7.51411, -3.1697],
							"lerp_mode": "catmullrom"
						},
						"1.0": {
							"post": [-2.59917, 2.38183, -2.82632],
							"lerp_mode": "catmullrom"
						}
					}
				},
				"hair": {
					"rotation": {
						"0.0": {
							"post": [0, 0, -2.5],
							"lerp_mode": "catmullrom"
						},
						"0.16": {
							"post": [2.5, 0, -2.5],
							"lerp_mode": "catmullrom"
						},
						"0.48": {
							"post": [0, 0, 2.5],
							"lerp_mode": "catmullrom"
						},
						"0.6": {
							"post": [-2.5, 0, 2.5],
							"lerp_mode": "catmullrom"
						},
						"1.0": {
							"post": [0, 0, -2.5],
							"lerp_mode": "catmullrom"
						}
					}
				}
			}
		},
		"animation.poppy_bd.look_at": {
			"loop": true,
			"bones": {
				"head": {
					"rotation": ["0+query.target_x_rotation - this", "0+query.target_y_rotation - this", 0]
				}
			}
		}
	}
}