{
  "format_version":"1.16.100",
  "animation_controllers":{
    "controller.animation.katakuri":{
      "states":{
        "default":{
          "transitions":[
            {"1":"query.has_target && !query.is_in_water && !variable.attack_time"}
          ]
        },
        "1":{
          "transitions":[
            {"default":"variable.time = (variable.time ?? 0);variable.time = variable.time < 60 ? variable.time + 1:0;return variable.time == 0;"}
          ],
          "on_entry":[
            "/tp @s ^^7^10 true"
          ]
        }
      }
    }
  }
}