{"packs":[{"can_be_redownloaded":false,"name":"§l§4Choo choo Charles","uuid":"bf15e71a-d6ab-48ed-b780-68521cc36564","version":[0,0,1]},{"can_be_redownloaded":false,"name":"§l§aStellar's Modern Warfare","uuid":"4ed1e538-16d6-49b1-826a-68a526229106","version":[1,8,0]},{"can_be_redownloaded":false,"name":"§lPhilippine Army BP","uuid":"75638583-7f37-4f34-8fd6-ae065cbe5f4b","version":[0,0,1]},{"can_be_redownloaded":false,"name":{"en_US":"§bTrains! Add-on§7[Steam Edition] §b(§cBE§b)"},"uuid":"c85e9415-0803-4b01-bd9d-b9cd1a9db114","version":[0,0,1]},{"can_be_redownloaded":false,"name":"§l§4Choo Choo Charles: §fRemastered","uuid":"bf15e71a-d6ab-48ed-b780-68521cc30991","version":[0,0,1]}]}
