{
"format_version": "1.8.0",
"animations": {
"animation.choo_choo_charles.idle": {
"loop": true,
"animation_length": 2,
"bones": {
"corpo": {
"position": {
"0.0": [0, 1, 0],
"1.0": [0, -1, 0],
"2.0": [0, 1, 0]
}
}
}
},
"animation.choo_choo_charles.walk": {
"loop": true,
"animation_length": 1,
"bones": {
"corpo": {
"rotation": {
"0.0": [0, 0, -5],
"0.25": [-1.68716, -0.12253, 1.84265],
"0.5": [0, 0, 5],
"0.75": [-1.68716, -0.12253, 1.84265],
"1.0": [0, 0, -5]
},
"position": {
"0.0": [0, 1, 0],
"0.25": [0, -1, 0],
"0.5": [0, 1, 0],
"0.75": [0, -1, 0],
"1.0": [0, 1, 0]
}
},
"perna_0": {
"rotation": {
"0.0": [-0.09365, 1.76332, 0.82986],
"0.25": [-17.85349, -3.09858, 31.75188],
"0.5": [-27.01643, -26.01686, -0.40668],
"1.0": [-0.09, 1.76, 0.83]
}
},
"perna_3": {
"rotation": {
"0.0": [-8.72155, -9.96029, -5.39954],
"0.5": [3.70884, 12.28421, -8.8041],
"0.75": [-1.58918, 2.25906, 22.89203],
"1.0": [-8.72, -9.96, -5.4]
}
},
"perna_6": {
"rotation": {
"0.0": [9.47704, 7.6786, -2.17343],
"0.25": [-2.51409, -5.32553, 18.11748],
"0.5": [-10.03375, -19.44065, -6.7969],
"1.0": [9.48, 7.68, -2.17]
}
},
"perna_9": {
"rotation": {
"0.0": [-7.36578, -12.50896, -0.44454],
"0.5": [10.79217, -1.51384, -4.60567],
"0.75": [-0.80291, -7.17209, 17.63232],
"1.0": [-7.37, -12.51, -0.44]
}
},
"perna_12": {
"rotation": {
"0.0": [-25, -25, 0],
"0.25": [-15.39292, -4.56339, 15.42057],
"0.5": [-0.10713, 4.87039, -13.1732],
"1.0": [-25, -25, 0]
}
},
"perna_15": {
"rotation": {
"0.0": [2.34249, -5.89071, -0.08476],
"0.5": [-37.50738, -20.87717, -0.73075],
"0.75": [-21.43975, -4.90922, 23.44537],
"1.0": [2.34, -5.89, -0.08]
}
},
"perna_18": {
"rotation": {
"0.0": [-10.06062, -12.48791, 0.55404],
"0.25": [1.01053, -0.66368, 23.38364],
"0.5": [12.45324, 12.13897, -3.7787],
"1.0": [-10.06, -12.49, 0.55]
}
},
"perna_21": {
"rotation": {
"0.0": [27.08044, 4.06714, -1.80533],
"0.5": [-7.7134, -9.92463, -3.57064],
"0.75": [6.94641, -7.36665, 27.10997],
"1.0": [27.08, 4.07, -1.81]
}
}
}
},
"animation.choo_choo_charles.click": {
"animation_length": 0.5,
"bones": {
"corpo": {
"rotation": {
"0.0": [-7.5, 0, 0],
"0.1667": [2.07206, -0.56473, -2.88955]
},
"position": {
"0.0": [0, 0, 4],
"0.1667": [0, 0, 0]
}
},
"perna_0": {
"rotation": {
"0.0": [-64.48924, 7.89329, 28.78095],
"0.1667": [-61.1093, -27.99682, 10.50903],
"0.3333": [0, 0, 0]
}
},
"perna_21": {
"rotation": {
"0.0": [69.64883, -30.98929, 18.67179],
"0.1667": [70.19419, 28.37189, -1.85167],
"0.3333": [0, 0, 0]
}
},
"tudo_0": {
"position": {
"0.0": [0, 0, 4],
"0.1667": [0, 0, -10],
"0.3333": [0, 0, 2]
}
}
}
},
"animation.choo_choo_charles.particles": {
"loop": true,
"animation_length": 1,
"particle_effects": {
"0.0": {
"effect": "train",
"locator": "smash"
}
}
}
}
}