{
  "format_version": "1.12.0",
  "minecraft:geometry": [
    {
      "description": {
        "identifier": "geometry.os_j",
        "texture_width": 256,
        "texture_height": 256,
        "visible_bounds_width": 4,
        "visible_bounds_height": 7.5,
        "visible_bounds_offset": [
          0,
          3.25,
          0
        ]
      },
      "bones": [
        {
          "name": "root"
        },
        {
          "name": "waist",
          "parent": "root"
        },
        {
          "name": "body",
          "pivot": [
            0,
            29.625,
            -0.5
          ],
          "cubes": [
            {
              "origin": [
                -11.0,
                30.0,
                -10.0
              ],
              "size": [
                22.0,
                10.0,
                19.0
              ],
              "uv": [
                0,
                117
              ],
              "inflate": 0
            },
            {
              "origin": [
                -12.0,
                40.0,
                -10.0
              ],
              "size": [
                24.0,
                11.0,
                19.0
              ],
              "uv": [
                0,
                87
              ],
              "inflate": 0
            },
            {
              "origin": [
                -13.0,
                51.0,
                -10.0
              ],
              "size": [
                26.0,
                18.0,
                19.0
              ],
              "uv": [
                0,
                27
              ],
              "inflate": 0
            }
          ],
          "parent": "waist"
        },
        {
          "name": "head",
          "pivot": [
            0,
            68,
            -2
          ],
          "cubes": [
            {
              "origin": [
                -10.0,
                69.0,
                -11.0
              ],
              "size": [
                20.0,
                2.0,
                21.0
              ],
              "uv": [
                126,
                137
              ],
              "inflate": 0
            },
            {
              "origin": [
                -11.0,
                71.0,
                -11.0
              ],
              "size": [
                22.0,
                2.0,
                21.0
              ],
              "uv": [
                136,
                114
              ],
              "inflate": 0
            },
            {
              "origin": [
                -11.0,
                91.0,
                -11.0
              ],
              "size": [
                22.0,
                2.0,
                21.0
              ],
              "uv": [
                61,
                135
              ],
              "inflate": 0
            },
            {
              "origin": [
                -12.0,
                73.0,
                -11.0
              ],
              "size": [
                25.0,
                2.0,
                21.0
              ],
              "uv": [
                65,
                112
              ],
              "inflate": 0
            },
            {
              "origin": [
                -12.0,
                89.0,
                -11.0
              ],
              "size": [
                25.0,
                2.0,
                21.0
              ],
              "uv": [
                86,
                89
              ],
              "inflate": 0
            },
            {
              "origin": [
                -13.0,
                75.0,
                -11.0
              ],
              "size": [
                27.0,
                2.0,
                21.0
              ],
              "uv": [
                83,
                6
              ],
              "inflate": 0
            },
            {
              "origin": [
                -13.0,
                87.0,
                -11.0
              ],
              "size": [
                27.0,
                2.0,
                21.0
              ],
              "uv": [
                79,
                66
              ],
              "inflate": 0
            },
            {
              "origin": [
                -14.0,
                77.0,
                -11.0
              ],
              "size": [
                29.0,
                2.0,
                21.0
              ],
              "uv": [
                79,
                43
              ],
              "inflate": 0
            },
            {
              "origin": [
                -14.0,
                85.0,
                -11.0
              ],
              "size": [
                29.0,
                2.0,
                21.0
              ],
              "uv": [
                0,
                64
              ],
              "inflate": 0
            },
            {
              "origin": [
                -15.0,
                79.0,
                -11.0
              ],
              "size": [
                31.0,
                6.0,
                21.0
              ],
              "uv": [
                0,
                0
              ],
              "inflate": 0
            }
          ],
          "parent": "body"
        },
        {
          "name": "eyeball",
          "pivot": [
            0,
            15,
            -2
          ],
          "cubes": [
            {
              "origin": [
                -11.0,
                80.0,
                -12.0
              ],
              "size": [
                7.0,
                7.0,
                5.0
              ],
              "uv": [
                117,
                29
              ],
              "inflate": 0
            },
            {
              "origin": [
                -10.0,
                81.0,
                -13.0
              ],
              "size": [
                5.0,
                5.0,
                1.0
              ],
              "uv": [
                0,
                6
              ],
              "inflate": 0
            }
          ],
          "parent": "head"
        },
        {
          "name": "eyeball2",
          "pivot": [
            15,
            15,
            -2
          ],
          "cubes": [
            {
              "origin": [
                4.0,
                80.0,
                -12.0
              ],
              "size": [
                7.0,
                7.0,
                5.0
              ],
              "uv": [
                93,
                29
              ],
              "inflate": 0
            },
            {
              "origin": [
                5.0,
                81.0,
                -13.0
              ],
              "size": [
                5.0,
                5.0,
                1.0
              ],
              "uv": [
                0,
                0
              ],
              "inflate": 0
            }
          ],
          "parent": "head"
        },
        {
          "name": "righArm",
          "pivot": [
            -13,
            64.625,
            -0.5
          ],
          "cubes": [
            {
              "origin": [
                -19.0,
                55.625,
                -3.5
              ],
              "size": [
                6.0,
                12.0,
                6.0
              ],
              "uv": [
                0,
                174
              ],
              "inflate": 0
            }
          ],
          "parent": "body"
        },
        {
          "name": "righArm2",
          "pivot": [
            -16,
            56.125,
            -0.5
          ],
          "cubes": [
            {
              "origin": [
                -20.0,
                40.625,
                -4.5
              ],
              "size": [
                8.0,
                15.0,
                8.0
              ],
              "uv": [
                93,
                159
              ],
              "inflate": 0
            }
          ],
          "parent": "righArm"
        },
        {
          "name": "righArm3",
          "pivot": [
            -16,
            40.625,
            -0.5
          ],
          "cubes": [
            {
              "origin": [
                -21.0,
                24.625,
                -5.5
              ],
              "size": [
                10.0,
                16.0,
                10.0
              ],
              "uv": [
                158,
                0
              ],
              "inflate": 0
            }
          ],
          "parent": "righArm2"
        },
        {
          "name": "righArm4",
          "pivot": [
            -16.73045,
            24.0216,
            -3.56141
          ],
          "cubes": [
            {
              "origin": [
                -23.0,
                10.625,
                -7.5
              ],
              "size": [
                12.0,
                14.0,
                14.0
              ],
              "uv": [
                158,
                29
              ],
              "inflate": 0
            },
            {
              "origin": [
                -15.0,
                11.625,
                -7.5
              ],
              "size": [
                6.0,
                13.0,
                5.0
              ],
              "pivot": [
                -12.0,
                23.125,
                -5.0
              ],
              "rotation": [
                -18.97037,
                3.22769,
                4.484
              ],
              "uv": [
                178,
                177
              ],
              "inflate": 0
            }
          ],
          "parent": "righArm3"
        },
        {
          "name": "leftArm",
          "pivot": [
            13,
            64.625,
            -0.5
          ],
          "cubes": [
            {
              "origin": [
                13.0,
                55.625,
                -3.5
              ],
              "size": [
                6.0,
                12.0,
                6.0
              ],
              "uv": [
                0,
                174
              ],
              "inflate": 0
            }
          ],
          "parent": "body"
        },
        {
          "name": "leftArm2",
          "pivot": [
            16,
            56.125,
            -0.5
          ],
          "cubes": [
            {
              "origin": [
                12.0,
                40.625,
                -4.5
              ],
              "size": [
                8.0,
                15.0,
                8.0
              ],
              "uv": [
                92,
                158
              ],
              "inflate": 0
            }
          ],
          "parent": "leftArm"
        },
        {
          "name": "leftArm3",
          "pivot": [
            16,
            40.625,
            -0.5
          ],
          "cubes": [
            {
              "origin": [
                11.0,
                24.625,
                -5.5
              ],
              "size": [
                10.0,
                16.0,
                10.0
              ],
              "uv": [
                158,
                0
              ],
              "inflate": 0
            }
          ],
          "parent": "leftArm2"
        },
        {
          "name": "leftArm4",
          "pivot": [
            17.26955,
            24.0216,
            -3.56141
          ],
          "cubes": [
            {
              "origin": [
                11.0,
                10.625,
                -7.5
              ],
              "size": [
                12.0,
                14.0,
                14.0
              ],
              "uv": [
                0,
                146
              ],
              "inflate": 0
            },
            {
              "origin": [
                8.9986,
                11.67591,
                -7.65929
              ],
              "size": [
                6.0,
                13.0,
                5.0
              ],
              "pivot": [
                12.0,
                23.125,
                -5.0
              ],
              "rotation": [
                -18.87493,
                -4.04058,
                -8.88146
              ],
              "uv": [
                156,
                177
              ],
              "inflate": 0
            }
          ],
          "parent": "leftArm3"
        },
        {
          "name": "righLeg",
          "pivot": [
            -5.5,
            30.5,
            0
          ],
          "cubes": [
            {
              "origin": [
                -10.0,
                19.0,
                -5.0
              ],
              "size": [
                9.0,
                11.0,
                10.0
              ],
              "uv": [
                157,
                89
              ],
              "inflate": 0
            }
          ],
          "parent": "root"
        },
        {
          "name": "righLeg2",
          "pivot": [
            -5.5,
            19.5,
            0
          ],
          "cubes": [
            {
              "origin": [
                -9.0,
                10.0,
                -4.0
              ],
              "size": [
                7.0,
                9.0,
                8.0
              ],
              "uv": [
                156,
                160
              ],
              "inflate": 0
            }
          ],
          "parent": "righLeg"
        },
        {
          "name": "righLeg3",
          "pivot": [
            -5.5,
            10.5,
            0
          ],
          "cubes": [
            {
              "origin": [
                -8.0,
                0.0,
                -3.0
              ],
              "size": [
                5.0,
                10.0,
                6.0
              ],
              "uv": [
                63,
                117
              ],
              "inflate": 0
            }
          ],
          "parent": "righLeg2"
        },
        {
          "name": "leftLeg",
          "pivot": [
            5.5,
            30.5,
            0
          ],
          "cubes": [
            {
              "origin": [
                1.0,
                19.0,
                -5.0
              ],
              "size": [
                9.0,
                11.0,
                10.0
              ],
              "uv": [
                154,
                66
              ],
              "inflate": 0
            }
          ],
          "parent": "root"
        },
        {
          "name": "leftLeg2",
          "pivot": [
            5.5,
            19.5,
            0
          ],
          "cubes": [
            {
              "origin": [
                2.0,
                10.0,
                -4.0
              ],
              "size": [
                7.0,
                9.0,
                8.0
              ],
              "uv": [
                67,
                89
              ],
              "inflate": 0
            }
          ],
          "parent": "leftLeg"
        },
        {
          "name": "leftLeg3",
          "pivot": [
            5.5,
            10.5,
            0
          ],
          "cubes": [
            {
              "origin": [
                3.0,
                0.0,
                -3.0
              ],
              "size": [
                5.0,
                10.0,
                6.0
              ],
              "uv": [
                71,
                29
              ],
              "inflate": 0
            }
          ],
          "parent": "leftLeg2"
        }
      ]
    }
  ]
}