{
  "format_version": "1.12.0",
  "minecraft:geometry": [
    {
      "description": {
        "identifier": "geometry.os_o",
        "texture_width": 128,
        "texture_height": 128,
        "visible_bounds_width": 4,
        "visible_bounds_height": 3.5,
        "visible_bounds_offset": [
          0,
          1.25,
          0
        ]
      },
      "bones": [
        {
          "name": "root",
          "pivot": [
            0,
            0,
            3
          ]
        },
        {
          "name": "waist",
          "pivot": [
            0,
            0,
            3
          ],
          "parent": "root"
        },
        {
          "name": "body",
          "pivot": [
            0,
            12,
            3
          ],
          "cubes": [
            {
              "origin": [
                -4.0,
                12.0,
                -5.0
              ],
              "size": [
                8.0,
                1.0,
                18.0
              ],
              "uv": [
                0,
                49
              ],
              "inflate": 0
            },
            {
              "origin": [
                -4.0,
                23.0,
                -5.0
              ],
              "size": [
                8.0,
                2.0,
                18.0
              ],
              "uv": [
                45,
                0
              ],
              "inflate": 0
            },
            {
              "origin": [
                -5.0,
                13.0,
                -6.0
              ],
              "size": [
                10.0,
                2.0,
                20.0
              ],
              "uv": [
                40,
                29
              ],
              "inflate": 0
            },
            {
              "origin": [
                -5.0,
                21.0,
                -6.0
              ],
              "size": [
                10.0,
                2.0,
                20.0
              ],
              "uv": [
                0,
                27
              ],
              "inflate": 0
            },
            {
              "origin": [
                -6.0,
                15.0,
                -7.0
              ],
              "size": [
                12.0,
                6.0,
                21.0
              ],
              "uv": [
                0,
                0
              ],
              "inflate": 0
            },
            {
              "origin": [
                -5.0,
                13.0,
                11.0
              ],
              "size": [
                10.0,
                10.0,
                4.0
              ],
              "pivot": [
                0.0,
                18.0,
                13.5
              ],
              "rotation": [
                -15.0,
                0.0,
                0.0
              ],
              "uv": [
                0,
                68
              ],
              "inflate": 0
            },
            {
              "origin": [
                -4.0,
                13.48236,
                14.06815
              ],
              "size": [
                8.0,
                8.0,
                3.0
              ],
              "pivot": [
                0.0,
                18.0,
                15.5
              ],
              "rotation": [
                -25.0,
                0.0,
                0.0
              ],
              "uv": [
                54,
                73
              ],
              "inflate": 0
            },
            {
              "origin": [
                -3.0,
                13.21451,
                16.34922
              ],
              "size": [
                6.0,
                6.0,
                3.0
              ],
              "pivot": [
                0.0,
                18.0,
                18.5
              ],
              "rotation": [
                -35.0,
                0.0,
                0.0
              ],
              "uv": [
                0,
                27
              ],
              "inflate": 0
            }
          ],
          "parent": "waist"
        },
        {
          "name": "head",
          "pivot": [
            0,
            17,
            -6
          ],
          "cubes": [
            {
              "origin": [
                -3.0,
                15.0,
                -12.0
              ],
              "size": [
                6.0,
                5.0,
                7.0
              ],
              "pivot": [
                0.0,
                18.0,
                -7.0
              ],
              "rotation": [
                -40.0,
                0.0,
                0.0
              ],
              "uv": [
                28,
                68
              ],
              "inflate": 0
            },
            {
              "origin": [
                -3.0,
                17.63023,
                -12.7735
              ],
              "size": [
                6.0,
                5.0,
                4.0
              ],
              "pivot": [
                0.0,
                21.0,
                -10.0
              ],
              "rotation": [
                -67.5,
                0.0,
                0.0
              ],
              "uv": [
                0,
                9
              ],
              "inflate": 0
            },
            {
              "origin": [
                -3.0,
                18.86486,
                -13.92574
              ],
              "size": [
                6.0,
                5.0,
                4.0
              ],
              "pivot": [
                0.0,
                23.0,
                -10.0
              ],
              "rotation": [
                -85.0,
                0.0,
                0.0
              ],
              "uv": [
                0,
                0
              ],
              "inflate": 0
            },
            {
              "origin": [
                -3.0,
                22.59578,
                -20.11147
              ],
              "size": [
                6.0,
                6.0,
                8.0
              ],
              "pivot": [
                0.0,
                26.0,
                -12.0
              ],
              "rotation": [
                -90.0,
                0.0,
                0.0
              ],
              "uv": [
                54,
                59
              ],
              "inflate": 0
            },
            {
              "origin": [
                -1.0,
                33.61147,
                -15.90422
              ],
              "size": [
                1.0,
                1.0,
                4.0
              ],
              "pivot": [
                -0.5,
                34.11147,
                -12.90422
              ],
              "rotation": [
                -111.55613,
                -6.60796,
                -16.24074
              ],
              "uv": [
                50,
                29
              ],
              "inflate": 0
            },
            {
              "origin": [
                0.0,
                33.61147,
                -15.90422
              ],
              "size": [
                1.0,
                1.0,
                4.0
              ],
              "pivot": [
                0.5,
                34.11147,
                -12.90422
              ],
              "rotation": [
                -111.55613,
                6.60796,
                16.24074
              ],
              "uv": [
                10,
                41
              ],
              "inflate": 0
            },
            {
              "origin": [
                0.0,
                33.61147,
                -15.90422
              ],
              "size": [
                1.0,
                1.0,
                4.0
              ],
              "pivot": [
                0.5,
                34.11147,
                -12.90422
              ],
              "rotation": [
                -124.69157,
                -3.81024,
                -9.25249
              ],
              "uv": [
                9,
                36
              ],
              "inflate": 0
            }
          ],
          "parent": "body"
        },
        {
          "name": "mout",
          "pivot": [
            0,
            29.77364,
            -15.03376
          ],
          "cubes": [
            {
              "origin": [
                -1.0,
                29.0,
                -19.0
              ],
              "size": [
                2.0,
                2.0,
                5.0
              ],
              "uv": [
                0,
                36
              ],
              "inflate": 0
            },
            {
              "origin": [
                -1.0,
                29.0,
                -21.0
              ],
              "size": [
                2.0,
                2.0,
                2.0
              ],
              "pivot": [
                0.0,
                31.0,
                -18.5
              ],
              "rotation": [
                20.0,
                0.0,
                0.0
              ],
              "uv": [
                52,
                34
              ],
              "inflate": 0
            }
          ],
          "parent": "head"
        },
        {
          "name": "mout2",
          "pivot": [
            0,
            28.5,
            -15.5
          ],
          "cubes": [
            {
              "origin": [
                -1.0,
                28.0,
                -19.0
              ],
              "size": [
                2.0,
                1.0,
                5.0
              ],
              "uv": [
                0,
                57
              ],
              "inflate": 0
            }
          ],
          "parent": "head"
        },
        {
          "name": "eyeball",
          "pivot": [
            -2,
            32,
            -15
          ],
          "cubes": [
            {
              "origin": [
                -3.0,
                31.0,
                -16.0
              ],
              "size": [
                2.0,
                2.0,
                2.0
              ],
              "pivot": [
                -2.0,
                32.0,
                -15.0
              ],
              "rotation": [
                0.0,
                17.5,
                0.0
              ],
              "uv": [
                50,
                39
              ],
              "inflate": 0
            }
          ],
          "parent": "head"
        },
        {
          "name": "eyeball2",
          "pivot": [
            2,
            32,
            -15
          ],
          "cubes": [
            {
              "origin": [
                1.0,
                31.0,
                -16.0
              ],
              "size": [
                2.0,
                2.0,
                2.0
              ],
              "pivot": [
                2.0,
                32.0,
                -15.0
              ],
              "rotation": [
                0.0,
                -22.5,
                0.0
              ],
              "uv": [
                50,
                39
              ],
              "inflate": 0
            }
          ],
          "parent": "head"
        },
        {
          "name": "righWing",
          "pivot": [
            -6,
            17,
            -2
          ],
          "cubes": [
            {
              "origin": [
                -6.0,
                13.0,
                -2.0
              ],
              "size": [
                0.0,
                8.0,
                14.0
              ],
              "uv": [
                34,
                45
              ],
              "inflate": 0
            }
          ],
          "parent": "body",
          "rotation": [
            0,
            -10,
            0
          ]
        },
        {
          "name": "leftWing",
          "pivot": [
            6,
            17,
            -2
          ],
          "cubes": [
            {
              "origin": [
                6.0,
                13.0,
                -2.0
              ],
              "size": [
                0.0,
                8.0,
                14.0
              ],
              "uv": [
                34,
                45
              ],
              "inflate": 0
            }
          ],
          "parent": "body",
          "rotation": [
            0,
            12.5,
            0
          ]
        },
        {
          "name": "righLeg",
          "pivot": [
            -1.5,
            11.5,
            3.5
          ],
          "cubes": [
            {
              "origin": [
                -3.0,
                7.0,
                2.0
              ],
              "size": [
                3.0,
                5.0,
                3.0
              ],
              "uv": [
                0,
                49
              ],
              "inflate": 0
            }
          ],
          "parent": "root"
        },
        {
          "name": "righLeg2",
          "pivot": [
            -1.5,
            6.5,
            3.5
          ],
          "cubes": [
            {
              "origin": [
                -3.0,
                2.0,
                2.0
              ],
              "size": [
                3.0,
                5.0,
                3.0
              ],
              "uv": [
                45,
                8
              ],
              "inflate": 0
            }
          ],
          "parent": "righLeg"
        },
        {
          "name": "righLeg3",
          "pivot": [
            -1.5,
            1.5,
            3.5
          ],
          "cubes": [
            {
              "origin": [
                -3.0,
                0.0,
                1.0
              ],
              "size": [
                3.0,
                2.0,
                4.0
              ],
              "uv": [
                40,
                41
              ],
              "inflate": 0
            },
            {
              "origin": [
                -4.0,
                0.0,
                -3.0
              ],
              "size": [
                1.0,
                2.0,
                5.0
              ],
              "pivot": [
                -3.5,
                1.0,
                0.5
              ],
              "rotation": [
                0.0,
                32.5,
                0.0
              ],
              "uv": [
                75,
                22
              ],
              "inflate": 0
            },
            {
              "origin": [
                -2.0,
                0.0,
                -3.0
              ],
              "size": [
                1.0,
                2.0,
                5.0
              ],
              "uv": [
                74,
                58
              ],
              "inflate": 0
            },
            {
              "origin": [
                0.0,
                0.0,
                -3.0
              ],
              "size": [
                1.0,
                2.0,
                5.0
              ],
              "pivot": [
                0.5,
                1.0,
                0.5
              ],
              "rotation": [
                0.0,
                -37.5,
                0.0
              ],
              "uv": [
                74,
                51
              ],
              "inflate": 0
            }
          ],
          "parent": "righLeg2",
          "rotation": [
            0,
            25,
            0
          ]
        },
        {
          "name": "leftLeg",
          "pivot": [
            1.5,
            11.5,
            3.5
          ],
          "cubes": [
            {
              "origin": [
                0.0,
                7.0,
                2.0
              ],
              "size": [
                3.0,
                5.0,
                3.0
              ],
              "uv": [
                45,
                8
              ],
              "inflate": 0
            }
          ],
          "parent": "root"
        },
        {
          "name": "leftLeg2",
          "pivot": [
            1.5,
            6.5,
            3.5
          ],
          "cubes": [
            {
              "origin": [
                0.0,
                2.0,
                2.0
              ],
              "size": [
                3.0,
                5.0,
                3.0
              ],
              "uv": [
                45,
                8
              ],
              "inflate": 0
            }
          ],
          "parent": "leftLeg"
        },
        {
          "name": "leftLeg3",
          "pivot": [
            1.5,
            2.5,
            3.5
          ],
          "cubes": [
            {
              "origin": [
                0.0,
                0.0,
                1.0
              ],
              "size": [
                3.0,
                2.0,
                4.0
              ],
              "uv": [
                40,
                41
              ],
              "inflate": 0
            },
            {
              "origin": [
                -1.0,
                0.0,
                -3.0
              ],
              "size": [
                1.0,
                2.0,
                5.0
              ],
              "pivot": [
                -0.5,
                1.0,
                0.5
              ],
              "rotation": [
                0.0,
                32.5,
                0.0
              ],
              "uv": [
                75,
                22
              ],
              "inflate": 0
            },
            {
              "origin": [
                1.0,
                0.0,
                -3.0
              ],
              "size": [
                1.0,
                2.0,
                5.0
              ],
              "uv": [
                74,
                51
              ],
              "inflate": 0
            },
            {
              "origin": [
                3.0,
                0.0,
                -3.0
              ],
              "size": [
                1.0,
                2.0,
                5.0
              ],
              "pivot": [
                3.5,
                1.0,
                0.5
              ],
              "rotation": [
                0.0,
                -37.5,
                0.0
              ],
              "uv": [
                75,
                22
              ],
              "inflate": 0
            }
          ],
          "parent": "leftLeg2",
          "rotation": [
            0,
            -27.5,
            0
          ]
        }
      ]
    }
  ]
}