{
    "format_version": "1.8.0",
    "minecraft:entity": {
        "description": {
            "identifier": "jn:box",
            "is_spawnable": true,
            "is_summonable": true,
            "is_experimental": false,
            "scripts": {
				"animate": [
                    "box1",
                    "box2"
		]
			},
			"animations": {
				"box1": "controller.animation.box1_jn",
				"box2": "controller.animation.box2_jn"
			}
        },
        "component_groups": {
            "despawn": {
                "minecraft:type_family": {
                    "family": ["despawn"]
                }
            }
        },
        "components": {
            "minecraft:knockback_resistance": {
                "value": 1
            },
            "minecraft:collision_box": {
                "width": 1,
                "height": 1
            },
            "minecraft:despawn": {
                "filters": {
                    "all_of": [{
                            "test": "is_family",
                            "subject": "self",
                            "value": "despawn"
                        }
                    ]
                }
            },
            "minecraft:push_through": {
                "value": 1
            },
            "minecraft:fire_immune": true,
            "minecraft:health": {
                "value": {
                    "range_min": 10,
                    "range_max": 10
                }
            },
			"minecraft:type_family": {
				"family": ["inanimate"]
			},
            "minecraft:damage_sensor": [{
                    "deals_damage": false
                }
            ],
            "minecraft:physics": {
                "has_gravity": true,
                "has_collision": true
            }
        },
        "events": {
        "jn:despawn": {
            "add": {
                "component_groups": ["despawn"]
            
        }
    }
    }
}
}
