{
    "format_version": "1.8.0",
    "minecraft:entity": {
        "description": {
            "identifier": "jn:grabpack_entity",
            "is_spawnable": true,
            "is_summonable": true,
            "is_experimental": false
        },
        "component_groups": {
            "despawn": {
                "minecraft:type_family": {
                    "family": ["despawn"]
                }
            }
        },
        "components": {
            "minecraft:knockback_resistance": {
                "value": 1
            },
            "minecraft:collision_box": {
                "width": 0.6,
                "height": 0.5
            },
            "minecraft:despawn": {
                "filters": {
                    "all_of": [{
                            "test": "is_family",
                            "subject": "self",
                            "value": "despawn"
                        }
                    ]
                }
            },
            "minecraft:push_through": {
                "value": 1
            },
            "minecraft:fire_immune": true,
            "minecraft:health": {
                "value": {
                    "range_min": 10,
                    "range_max": 10
                }
            },
			"minecraft:type_family": {
				"family": ["inanimate"]
			},
            "minecraft:damage_sensor": [{
                    "deals_damage": false
                }
            ],
            "minecraft:physics": {
                "has_gravity": false,
                "has_collision": false
            }
        },
        "events": {
        "jn:despawn": {
            "add": {
                "component_groups": ["despawn"]
            
        },
        "run_command": {
            "command": ["setblock ~ 0 ~ redstone_block"]
          }
    }
    }
}
}
