{
	"format_version": "1.16.100",
	"minecraft:entity": {
		"description": {
			"identifier": "jn:huggy",
			"is_spawnable": true,
			"is_summonable": true,
			"is_experimental": false,
			"scripts": {
				"animate": [
		  "huggy_ventstep",
		  "huggy_duck",
		  "huggy_theme",
		  "jumpscare_test",
		  "huggy_fall"
		]
			},
			"animations": {
				"huggy_ventstep": "controller.animation.huggy_ventstep_jn",
				"huggy_duck": "controller.animation.huggy_duck_jn",
				"huggy_theme": "controller.animation.huggy_theme_jn",
				"huggy_attack_kbr": "controller.animation.huggy_attack_kbr_jn",
				"vent_sound": "animation.huggy_jn.vent_sound",
				"jumpscare_test": "controller.animation.huggy_jumpscare_jn",
				"huggy_fall": "controller.animation.huggy_fall_jn"
			}
		},
		"component_groups": {
            "dead": {
                "minecraft:transformation": {
                    "into": "jn:huggy_dead"
                }
			},
			"no_duck": {
				"minecraft:variant": {
                    "value": 0
                },
				"minecraft:movement": {
					"value": 0.25
				},
				"minecraft:rideable": {
					"seat_count": 1,
					"seats": [
						{
							"position": [0, 1, 0.8], "rotate_rider_by": 180
						}
					]
				}
			},
			"duck1": {
				"minecraft:variant": {
                    "value": 2
                },
				"minecraft:movement": {
					"value": 0.23
				},
				"minecraft:rideable": {
					"seat_count": 1,
					"seats": [
						{
							"position": [0, 0.4, 1], "rotate_rider_by": 180
						}
					]
				}
			},
			"vent": {
				"minecraft:variant": {
                    "value": 1
                },
				"minecraft:movement": {
					"value": 0.32
				},
				"minecraft:rideable": {
					"seat_count": 1,
					"seats": [
						{
							"position": [0, 0, 1], "rotate_rider_by": 180
						}
					]
				}
			},
		"jumpscare": {
			"minecraft:attack": {
				"damage": 0
			  }
		},
		"jumpscare_cooldown": {
			"minecraft:is_stunned": {},
			"minecraft:attack": {
				"damage": 8
			  },
			  "minecraft:timer": {
				"looping": false,
				"randomInterval": false,
				"time": [ 10, 20 ],
				"time_down_event": {
					"event": "jn:jumpscare_ready"
				}
			}
		},
		"fall": {
			"minecraft:is_sheared": {}
		}
					},
		"components": {
			"minecraft:physics": {
				"has_gravity": true,
				"has_collision": true
			},
			"minecraft:push_through": {
				"value": -1
			},
			"minecraft:jump.static": {},
			"minecraft:movement.basic": {},
			"minecraft:navigation.generic": {
				"can_pass_doors": true,
				"can_walk": true,
				"can_open_doors": true,
				"can_jump": true,
                "can_open_iron_doors": true,
				"can_swim": true
			  },
			  "minecraft:nameable": {},
			  "minecraft:block_climber": {
			},
			"minecraft:behavior.melee_attack": {
				"priority": 0,
				"speed_multiplier": 1.1,
				"track_target": true,
				"reach_multiplier": 1.6
			  },
			"minecraft:leashable": {
				"can_be_stolen": true,
				"hard_distance": 10,
				"max_distance": 14,
				"soft_distance": 8
			},
			"minecraft:type_family": {
				"family": [ "huggy", "monster", "vex" ]
			},
		"minecraft:behavior.random_look_around": {
			"priority": 15
		},
		"minecraft:target_nearby_sensor": {
			"inside_range": 1,
			"outside_range": 30,
			"must_see": true,
			"on_inside_range": {
				"event": "jn:stop_sprint",
				"target": "self"
			},
			"on_outside_range": {
				"event": "jn:sprint",
				"target": "self"
			}
	},
		"minecraft:behavior.nearest_attackable_target": {
			"priority": 2,
			"within_radius": 64,
			"reselect_targets": true,
			"entity_types": [{
				"filters": {
				  "any_of": [
					{
					  "test": "is_family",
					  "subject": "other",
					  "value": "player"
					},
					{
						"test": "is_family",
						"subject": "other",
						"value": "villager"
					  },
					  {
						"test": "is_family",
						"subject": "other",
						"value": "irongolem"
					  },{
						  "test": "is_family",
						  "subject": "other",
						  "value": "wandering_trader"
					  },{
						  "test": "is_family",
						  "subject": "other",
						  "value":"snowgolem"
					  }
				  ]
				},
				"max_dist": 64
			  }
			],
			"must_see": true,
			"must_see_forget_duration": 11
		  },
		  "minecraft:pushable": {
			"is_pushable": true
		},
			"minecraft:on_death": {
				"event": "jn:dead",
				"target": "self"
			},
			  "minecraft:annotation.open_door": {
			},
			"minecraft:behavior.random_stroll": {
				"priority": 15,
				"speed_multiplier": 0.8
			},
			  "minecraft:scale": {
				"value": 1
		 },
			  "minecraft:attack_cooldown": {
				  "attack_cooldown_time": 1
			  },
			"minecraft:collision_box": {
				"height": 1.7,
				"width": 0.7
			},
			  "minecraft:follow_range": {
                "value": 64
            },
			  "minecraft:health": {
                "value": 250,
                "max": 250
			}
		},
		"events": {
			"jn:dead": {
				"add": {
					"component_groups": ["dead"]
				}
			},
			"jn:start_theme": {
				"run_command": {
					"command": ["playsound mob.huggy_jn.chase @a"]
				  }
			},
			"jn:stop_theme": {
				"run_command": {
					"command": ["stopsound @a mob.huggy_jn.chase"]
				  }
			},
			"jn:vent": {
				"add": {
					"component_groups": ["vent"]
				},
				"remove": {
					"component_groups": ["no_duck", "duck1"]
				}
			},
			"jn:duck1": {
				"add": {
					"component_groups": ["duck1"]
				},
				"remove": {
					"component_groups": ["no_duck", "vent"]
				}
			},
			"jn:no_duck": {
				"remove": {
					"component_groups": ["vent", "duck1"]
				},
				"add": {
					"component_groups": ["no_duck"]
				}
			},
			"minecraft:entity_spawned": {
				"add": {
					"component_groups": ["no_duck", "jumpscare"]
				}
			},
			"minecraft:entity_transformed": {
				"add": {
					"component_groups": ["no_duck", "jumpscare"]
				}
			},
			"jn:jumpscare_ready": {
				"remove": {
					"component_groups": ["jumpscare_cooldown"]
				},
				"add": {
					"component_groups": ["jumpscare"]
				}
			},
			"jn:jumpscare_cooldown": {
				"add": {
					"component_groups": ["jumpscare_cooldown"]
				},
				"remove": {
					"component_groups": ["jumpscare"]
				}
			},
			"jn:fall": {
				"add": {
					"component_groups": ["fall"]
				}
			},
			"jn:stop_fall": {
				"remove": {
					"component_groups": ["fall"]
				}
			},
			"jn:ducking": {
				"run_command": {
					"command": ["function jn/duck"]
				  }
			},
			"jn:sprint": {
				"run_command": {
					"command": ["effect @s speed 999999 4 true", "playanimation @s animation.huggy_jn.sprint e 999999"]
				  }
			},
			"jn:stop_sprint": {
				"run_command": {
					"command": ["effect @s speed 0", "playanimation @s animation.huggy_jn.nothing e 0"]
				  }
			}
		}
	}
}