{
	"format_version": "1.16.100",
	"minecraft:entity": {
		"description": {
			"identifier": "jn:huggy_statue",
			"is_spawnable": true,
			"is_summonable": true,
			"is_experimental": false
		},
		"component_groups": {
            "become_evil": {
                "minecraft:transformation": {
                    "into": "jn:huggy"
                }
			}
		},
		"components": {
			"minecraft:physics": {
				"has_gravity": true,
				"has_collision": true
			},
			"minecraft:pushable": {
				"is_pushable": false
			},
			"minecraft:collision_box": {
				"height": 3.7,
				"width": 0.7
			},
			"minecraft:scale": {
				"value": 1
		 },
			"minecraft:push_through": {
				"value": 1
			},
			"minecraft:type_family": {
				"family": [ "huggy", "inanimate" ]
			},
			"minecraft:knockback_resistance": {
				"value": 1
			},
			  "minecraft:health": {
                "value": 10,
                "max": 10
			},
			"minecraft:on_death": {
				"event": "jn:become_evil",
				"target": "self"
			}
		},
		"events": {
			"jn:become_evil": {
				"add": {
					"component_groups": ["become_evil"]
				}
			}
		}
	}
}