{
	"format_version": "1.16.100",
	"minecraft:entity": {
		"description": {
			"identifier": "jn:jn_tpose",
			"is_spawnable": false,
			"is_summonable": true,
			"is_experimental": false
		},
		"components": {
			"minecraft:physics": {
				"has_gravity": false,
				"has_collision": false
			},
			"minecraft:pushable": {
				"is_pushable": true
			},
			"minecraft:collision_box": {
				"height": 0.5,
				"width": 0.9
			},
			"minecraft:type_family": {
				"family": [ "jn" ]
			},
			"minecraft:push_through": {
				"value": 0
			},
			  "minecraft:scale": {
				"value": 1
			  },
			  "minecraft:knockback_resistance": {
				"value": 1
			},
			  "minecraft:health": {
                "value": 100,
                "max": 100
			}
		}
	}
}