{
	"format_version": "1.16.100",
	"minecraft:entity": {
		"description": {
			"identifier": "jn:mll",
			"is_spawnable": true,
			"is_summonable": true,
			"is_experimental": false,
			"scripts": {
				"animate": [
		  "mll_theme",
		  "jumpscare_test",
		  "mll_fall",
		  "hand_stretch"
		]
			},
			"animations": {
				"mll_theme": "controller.animation.mll_theme_jn",
				"jumpscare_test": "controller.animation.mll_jumpscare_jn",
				"mll_fall": "controller.animation.mll_fall_jn",
				"hand_stretch": "controller.animation.mll_usehand_jn",
				"wait": "animation.mommy_long_legs_jn.wait"
			}
		},
		"component_groups": {
            "dead": {
                "minecraft:transformation": {
                    "into": "jn:mll_dead"
                }
			},
		"jumpscare": {
			"minecraft:attack": {
				"damage": 0
			  }
		},
		"jumpscare_cooldown": {
			"minecraft:is_stunned": {},
			"minecraft:attack": {
				"damage": 14
			  },
			  "minecraft:timer": {
				"looping": false,
				"randomInterval": false,
				"time": [ 15, 25 ],
				"time_down_event": {
					"event": "jn:jumpscare_ready"
				}
			}
		},
		"fall": {
			"minecraft:is_sheared": {}
		},
		"melee": {
			"minecraft:behavior.melee_attack": {
				"priority": 0,
				"speed_multiplier": 1.5,
				"track_target": true,
				"reach_multiplier": 1.6
			  }
		},
		"ranged": {
			"minecraft:behavior.ranged_attack": {
				"priority": 0,
				"attack_interval_min": 1,
				"attack_interval_max": 2,
				"burst_shots": 5,
				"burst_interval": 0.2,
				"speed_multiplier": 1,
				"attack_radius": 64
			},
			"minecraft:shooter": {
				"def": "jn:throwable_web"
			  }
		}
					},
		"components": {
			"minecraft:physics": {
				"has_gravity": true,
				"has_collision": true
			},
			"minecraft:movement": {
				"value": 0.25
			},
			"minecraft:rideable": {
				"seat_count": 1,
				"seats": [
					{
						"position": [0, 1, 3], "rotate_rider_by": 180
					}
				]
			},
			"minecraft:push_through": {
				"value": -1
			},
			"minecraft:jump.static": {},
			"minecraft:movement.basic": {},
			"minecraft:navigation.climb": {
				"can_pass_doors": true,
				"can_walk": true,
				"can_open_doors": true,
				"can_jump": true,
                "can_open_iron_doors": true,
				"can_swim": true
			  },
			  "minecraft:can_climb": {},
			  "minecraft:nameable": {},
			  "minecraft:block_climber": {
			},
			"minecraft:leashable": {
				"can_be_stolen": true,
				"hard_distance": 10,
				"max_distance": 14,
				"soft_distance": 8
			},
			"minecraft:type_family": {
				"family": [ "mll", "monster", "vex" ]
			},
		"minecraft:behavior.random_look_around": {
			"priority": 15
		},
		"minecraft:behavior.nearest_attackable_target": {
			"priority": 2,
			"within_radius": 64,
			"reselect_targets": true,
			"entity_types": [{
				"filters": {
				  "any_of": [
					{
					  "test": "is_family",
					  "subject": "other",
					  "value": "player"
					},
					{
						"test": "is_family",
						"subject": "other",
						"value": "villager"
					  },
					  {
						"test": "is_family",
						"subject": "other",
						"value": "irongolem"
					  },{
						  "test": "is_family",
						  "subject": "other",
						  "value": "wandering_trader"
					  },{
						  "test": "is_family",
						  "subject": "other",
						  "value":"snowgolem"
					  }
				  ]
				},
				"max_dist": 64
			  }
			],
			"must_see": true,
			"must_see_forget_duration": 8
		  },
		  "minecraft:pushable": {
			"is_pushable": true
		},
			"minecraft:on_death": {
				"event": "jn:dead",
				"target": "self"
			},
			"minecraft:target_nearby_sensor": {
				"inside_range": 14,
				"outside_range": 15,
				"must_see": true,
				"on_inside_range": {
					"event": "jn:melee",
					"target": "self"
				},
				"on_outside_range": {
					"event": "jn:ranged",
					"target": "self"
				}
		},
			  "minecraft:annotation.open_door": {
			},
			"minecraft:behavior.random_stroll": {
				"priority": 15,
				"speed_multiplier": 0.8
			},
			  "minecraft:scale": {
				"value": 1
		 },
			  "minecraft:attack_cooldown": {
				  "attack_cooldown_time": 2
			  },
			"minecraft:collision_box": {
				"height": 3,
				"width": 3
			},
			  "minecraft:follow_range": {
                "value": 64
            },
			  "minecraft:health": {
                "value": 400,
                "max": 400
			}
		},
		"events": {
			"jn:start_theme": {
				"run_command": {
					"command": ["playsound mob.mll_jn.chase @a"]
				  }
			},
			"jn:stop_theme": {
				"run_command": {
					"command": ["stopsound @a mob.mll_jn.chase"]
				  }
			},
			"jn:dead": {
				"add": {
					"component_groups": ["dead"]
				}
			},
			"minecraft:entity_spawned": {
				"add": {
					"component_groups": ["jumpscare", "melee"]
				}
			},
			"minecraft:entity_transformed": {
				"add": {
					"component_groups": ["jumpscare"]
				}
			},
			"jn:jumpscare_ready": {
				"remove": {
					"component_groups": ["jumpscare_cooldown"]
				},
				"add": {
					"component_groups": ["jumpscare"]
				}
			},
			"jn:melee": {
				"remove": {
					"component_groups": ["ranged"]
				},
				"add": {
					"component_groups": ["melee"]
				}
			},
			"jn:ranged": {
				"add": {
					"component_groups": ["ranged"]
				},
				"remove": {
					"component_groups": ["melee"]
				}
			},
			"jn:jumpscare_cooldown": {
				"add": {
					"component_groups": ["jumpscare_cooldown"]
				},
				"remove": {
					"component_groups": ["jumpscare"]
				}
			},
			"jn:fall": {
				"add": {
					"component_groups": ["fall"]
				}
			},
			"jn:stop_fall": {
				"remove": {
					"component_groups": ["fall"]
				}
			}
		}
	}
}