{
	"format_version": "1.16.100",
	"minecraft:entity": {
		"description": {
			"identifier": "jn:mll_dead",
			"is_spawnable": false,
			"is_summonable": true,
			"is_experimental": false,
			"scripts": {
				"animate": [
		  "mll_fall"
		]
			},
			"animations": {
				"mll_fall": "controller.animation.huggy_fall_jn"
			}
		},
		"component_groups": {
			"fall": {
				"minecraft:is_sheared": {}
			}
		},
		"components": {
			"minecraft:physics": {
				"has_gravity": true,
				"has_collision": true
			},
			"minecraft:pushable": {
				"is_pushable": true
			},
			"minecraft:collision_box": {
				"height": 0.5,
				"width": 0.9
			},
			"minecraft:type_family": {
				"family": [ "huggy", "dead" ]
			},
			"minecraft:push_through": {
				"value": -1
			},
			  "minecraft:scale": {
				"value": 1
			  },
			  "minecraft:knockback_resistance": {
				"value": 1
			},
			  "minecraft:health": {
                "value": 100,
                "max": 100
			}
		},
		"events": {
			"jn:fall": {
				"add": {
					"component_groups": ["fall"]
				}
			},
			"jn:stop_fall": {
				"remove": {
					"component_groups": ["fall"]
				}
			},
		    "minecraft:entity_transformed": {
				"run_command": {
					"command": ["stopsound @a mob.mll_jn.chase"]
				  }
			}
		}
	}
}