{
	"format_version": "1.16.100",
	"minecraft:entity": {
		"description": {
			"identifier": "jn:mommyarm2",
			"is_spawnable": false,
			"is_summonable": true,
			"is_experimental": false
		},
		"component_groups": {
			"despawn": {
                "minecraft:type_family": {
                    "family": ["despawn"]
                }
            }
					},
		"components": {
			"minecraft:physics": {
				"has_gravity": false,
				"has_collision": false
			},
			"minecraft:despawn": {
                "filters": {
                    "all_of": [{
                            "test": "is_family",
                            "subject": "self",
                            "value": "despawn"
                        }
                    ]
                }
            },
			"minecraft:push_through": {
				"value": 0
			},
			"minecraft:leashable": {
				"can_be_stolen": true,
				"hard_distance": 10,
				"max_distance": 14,
				"soft_distance": 8
			},
			"minecraft:type_family": {
				"family": [ "mommy", "monster", "vex" ]
			},
		  "minecraft:pushable": {
			"is_pushable": false
		},
			  "minecraft:scale": {
				"value": 1
		 },
			  "minecraft:attack_cooldown": {
				  "attack_cooldown_time": 5
			  },
			"minecraft:collision_box": {
				"height": 0.2,
				"width": 0.2
			},
			  "minecraft:health": {
                "value": 9999999,
                "max": 9999999
			}
		},
		"events": {
			"minecraft:entity_spawned": {
				"add": {
					"component_groups": ["track"]
				}
			},
			"jn:despawn": {
				"add": {
					"component_groups": ["despawn"]
				
			}
		}
		}
	}
}