{
    "format_version": "1.12.0",
    "minecraft:entity": {
        "description": {
            "identifier": "jn:throwable_web",
            "is_spawnable": false,
            "is_summonable": true,
            "is_experimental": false,
            "runtime_identifier": "minecraft:snowball",
            "scripts": {
				"animate": [
		  "web"
		]
			},
			"animations": {
				"web": "controller.animation.throwable_web_jn"
			}
        },
        "component_groups": {
            "despawn": {
                "minecraft:type_family": {
                    "family": ["despawn"
                    ]
                }
            }
        },
        "components": {
            "minecraft:type_family": {
                "family": [
                    "projectile"
                ]
            },
            "minecraft:collision_box": {
                "width": 0.01,
                "height": 0.01
            },
            "minecraft:timer": {
                "looping": true,
                "randomInterval": false,
                "time": 15,
                "time_down_event": {
                    "event": "jn:despawn"
                }
            },
			"minecraft:spawn_entity": [
              {
                "min_wait_time": 0,
                "max_wait_time": 0,
                "single_use": true,
                "spawn_entity": "xx:xx",
                "spawn_sound": "shoot",
                "num_to_spawn": 1
              }
            ],
            "minecraft:despawn": {
                "filters": {
                    "all_of": [{
                            "any_of": [{
                                    "test":
                                    "is_family",
                                    "subject": "self",
                                    "value": "despawn"
                                }
                            ]
                        }
                    ]
                }
            },
            "minecraft:projectile": {
                "onHit": {
                    "impact_damage": {
                        "damage": 0,
                        "knockback": true,
                        "semirandomdiffdamage": true,
                        "destroyonhit": false
                    },
                    "remove_on_hit": {},
                    "definition_event": {
                        "affectProjectile": true,
                        "eventTrigger": {}
                    }
                },
                "power": 1,
                "gravity": 0,
                "inertia": 1,
                "uncertaintyBase": 2,
                "uncertaintyMultiplier": 2,
                "anchor": 1,
                "offset": [0, 0, 0],
                "reflectOnHurt": true,
                "catch_fire": false,
                "crit_particle_on_hurt": true,
                "liquid_inertia": 0.12
            },
            "minecraft:physics": {}
        },
        "events": {
            "jn:despawn": {
                "add": {
                    "component_groups": ["despawn"]
                }
            }
        }
    }
}