{
  "format_version": "1.12.0",
  "minecraft:geometry": [
    {
      "description": {
        "identifier": "geometry.pa_anxionsdog",
        "texture_width": 128,
        "texture_height": 128,
        "visible_bounds_width": 4,
        "visible_bounds_height": 3.5,
        "visible_bounds_offset": [
          0,
          1.25,
          0
        ]
      },
      "bones": [
        {
          "name": "unknown_bone",
          "pivot": [
            0,
            0,
            0
          ],
          "cubes": [
            {
              "origin": [
                2.0,
                25.0,
                -2.0
              ],
              "size": [
                7.0,
                5.0,
                5.0
              ],
              "rotation": [
                0.0,
                0.0,
                0.0
              ],
              "uv": [
                23,
                4
              ],
              "inflate": 0
            },
            {
              "origin": [
                -8.0,
                25.0,
                -2.0
              ],
              "size": [
                9.0,
                4.0,
                5.0
              ],
              "pivot": [
                -3.0,
                23.0,
                -3.0
              ],
              "rotation": [
                0.0,
                0.0,
                -22.5
              ],
              "uv": [
                0,
                0
              ],
              "inflate": 0
            },
            {
              "origin": [
                -11.0,
                23.0,
                -2.0
              ],
              "size": [
                3.0,
                4.0,
                5.0
              ],
              "pivot": [
                -6.0,
                23.0,
                -3.0
              ],
              "rotation": [
                0.0,
                0.0,
                -22.5
              ],
              "uv": [
                0,
                22
              ],
              "inflate": 0
            },
            {
              "origin": [
                -12.0,
                27.0,
                -2.0
              ],
              "size": [
                4.0,
                2.0,
                5.0
              ],
              "pivot": [
                -6.0,
                24.0,
                -3.0
              ],
              "rotation": [
                0.0,
                0.0,
                -22.5
              ],
              "uv": [
                17,
                41
              ],
              "inflate": 0
            },
            {
              "origin": [
                -12.0,
                25.0,
                -2.0
              ],
              "size": [
                9.0,
                2.0,
                3.0
              ],
              "pivot": [
                -6.0,
                22.0,
                -3.0
              ],
              "rotation": [
                0.0,
                -27.5,
                -22.5
              ],
              "uv": [
                30,
                19
              ],
              "inflate": 0
            },
            {
              "origin": [
                -17.0,
                23.0,
                3.0
              ],
              "size": [
                10.0,
                2.0,
                3.0
              ],
              "pivot": [
                -11.0,
                20.0,
                2.0
              ],
              "rotation": [
                0.0,
                35.0,
                -45.0
              ],
              "uv": [
                30,
                14
              ],
              "inflate": 0
            },
            {
              "origin": [
                -2.0,
                26.0,
                -1.0
              ],
              "size": [
                8.0,
                5.0,
                3.0
              ],
              "rotation": [
                0.0,
                0.0,
                0.0
              ],
              "uv": [
                0,
                32
              ],
              "inflate": 0
            },
            {
              "origin": [
                3.0,
                23.0,
                -3.0
              ],
              "size": [
                5.0,
                6.0,
                7.0
              ],
              "rotation": [
                0.0,
                0.0,
                0.0
              ],
              "uv": [
                0,
                9
              ],
              "inflate": 0
            },
            {
              "origin": [
                9.0,
                26.0,
                -2.0
              ],
              "size": [
                5.0,
                4.0,
                5.0
              ],
              "pivot": [
                10.0,
                24.0,
                -3.0
              ],
              "rotation": [
                0.0,
                0.0,
                -15.0
              ],
              "uv": [
                22,
                32
              ],
              "inflate": 0
            },
            {
              "origin": [
                10.0,
                25.0,
                -3.0
              ],
              "size": [
                5.0,
                2.0,
                2.0
              ],
              "pivot": [
                11.0,
                23.0,
                -3.0
              ],
              "rotation": [
                0.0,
                -12.5,
                -35.0
              ],
              "uv": [
                23,
                61
              ],
              "inflate": 0
            },
            {
              "origin": [
                10.0,
                25.0,
                2.0
              ],
              "size": [
                5.0,
                2.0,
                2.0
              ],
              "pivot": [
                11.0,
                23.0,
                2.0
              ],
              "rotation": [
                0.0,
                12.5,
                -35.0
              ],
              "uv": [
                58,
                60
              ],
              "inflate": 0
            },
            {
              "origin": [
                8.0,
                27.0,
                -3.0
              ],
              "size": [
                5.0,
                2.0,
                2.0
              ],
              "pivot": [
                9.0,
                25.0,
                -3.0
              ],
              "rotation": [
                0.0,
                -5.0,
                -35.0
              ],
              "uv": [
                60,
                15
              ],
              "inflate": 0
            },
            {
              "origin": [
                8.0,
                27.0,
                2.0
              ],
              "size": [
                5.0,
                2.0,
                2.0
              ],
              "pivot": [
                9.0,
                25.0,
                2.0
              ],
              "rotation": [
                0.0,
                10.0,
                -35.0
              ],
              "uv": [
                23,
                0
              ],
              "inflate": 0
            },
            {
              "origin": [
                12.0,
                23.0,
                -1.0
              ],
              "size": [
                2.0,
                5.0,
                3.0
              ],
              "pivot": [
                14.0,
                27.0,
                0.0
              ],
              "rotation": [
                0.0,
                0.0,
                127.5
              ],
              "uv": [
                10,
                63
              ],
              "inflate": 0
            },
            {
              "origin": [
                12.0,
                20.0,
                -1.0
              ],
              "size": [
                2.0,
                5.0,
                3.0
              ],
              "pivot": [
                14.0,
                24.0,
                0.0
              ],
              "rotation": [
                0.0,
                0.0,
                -180.0
              ],
              "uv": [
                0,
                60
              ],
              "inflate": 0
            },
            {
              "origin": [
                12.0,
                21.0,
                -3.0
              ],
              "size": [
                3.0,
                8.0,
                7.0
              ],
              "pivot": [
                15.0,
                24.0,
                0.0
              ],
              "rotation": [
                0.0,
                0.0,
                -180.0
              ],
              "uv": [
                17,
                17
              ],
              "inflate": 0
            },
            {
              "origin": [
                13.0,
                22.0,
                -2.0
              ],
              "size": [
                2.0,
                1.0,
                5.0
              ],
              "pivot": [
                15.0,
                25.0,
                0.0
              ],
              "rotation": [
                0.0,
                0.0,
                -180.0
              ],
              "uv": [
                54,
                54
              ],
              "inflate": 0
            },
            {
              "origin": [
                13.0,
                13.0,
                -2.0
              ],
              "size": [
                2.0,
                1.0,
                5.0
              ],
              "pivot": [
                15.0,
                16.0,
                0.0
              ],
              "rotation": [
                0.0,
                0.0,
                -180.0
              ],
              "uv": [
                51,
                15
              ],
              "inflate": 0
            },
            {
              "origin": [
                16.0,
                23.0,
                -2.0
              ],
              "size": [
                1.0,
                3.0,
                2.0
              ],
              "pivot": [
                18.0,
                25.0,
                -1.0
              ],
              "rotation": [
                0.0,
                0.0,
                -180.0
              ],
              "uv": [
                17,
                9
              ],
              "inflate": 0
            },
            {
              "origin": [
                16.0,
                23.0,
                1.0
              ],
              "size": [
                1.0,
                3.0,
                2.0
              ],
              "pivot": [
                18.0,
                25.0,
                3.0
              ],
              "rotation": [
                0.0,
                0.0,
                -180.0
              ],
              "uv": [
                0,
                9
              ],
              "inflate": 0
            },
            {
              "origin": [
                15.0,
                23.0,
                -3.0
              ],
              "size": [
                1.0,
                4.0,
                7.0
              ],
              "pivot": [
                17.0,
                25.0,
                3.0
              ],
              "rotation": [
                0.0,
                0.0,
                -180.0
              ],
              "uv": [
                35,
                35
              ],
              "inflate": 0
            },
            {
              "origin": [
                15.0,
                25.0,
                -2.0
              ],
              "size": [
                1.0,
                1.0,
                5.0
              ],
              "pivot": [
                17.0,
                24.0,
                3.0
              ],
              "rotation": [
                0.0,
                0.0,
                -180.0
              ],
              "uv": [
                46,
                58
              ],
              "inflate": 0
            },
            {
              "origin": [
                15.0,
                22.0,
                -2.0
              ],
              "size": [
                2.0,
                2.0,
                5.0
              ],
              "pivot": [
                17.0,
                21.0,
                3.0
              ],
              "rotation": [
                0.0,
                0.0,
                -180.0
              ],
              "uv": [
                45,
                46
              ],
              "inflate": 0
            },
            {
              "origin": [
                15.0,
                25.0,
                3.0
              ],
              "size": [
                1.0,
                2.0,
                1.0
              ],
              "pivot": [
                17.0,
                23.0,
                4.0
              ],
              "rotation": [
                0.0,
                0.0,
                -180.0
              ],
              "uv": [
                0,
                22
              ],
              "inflate": 0
            },
            {
              "origin": [
                15.0,
                25.0,
                -3.0
              ],
              "size": [
                1.0,
                2.0,
                1.0
              ],
              "pivot": [
                17.0,
                23.0,
                -2.0
              ],
              "rotation": [
                0.0,
                0.0,
                -180.0
              ],
              "uv": [
                0,
                0
              ],
              "inflate": 0
            },
            {
              "origin": [
                13.0,
                0.0,
                -6.0
              ],
              "size": [
                4.0,
                2.0,
                3.0
              ],
              "pivot": [
                14.0,
                0.0,
                -4.0
              ],
              "rotation": [
                0.0,
                0.0,
                -20.0
              ],
              "uv": [
                59,
                49
              ],
              "inflate": 0
            },
            {
              "origin": [
                -13.0,
                0.0,
                -7.0
              ],
              "size": [
                4.0,
                2.0,
                3.0
              ],
              "pivot": [
                -12.0,
                0.0,
                -5.0
              ],
              "rotation": [
                0.0,
                0.0,
                -20.0
              ],
              "uv": [
                56,
                21
              ],
              "inflate": 0
            },
            {
              "origin": [
                -13.0,
                0.0,
                3.0
              ],
              "size": [
                4.0,
                2.0,
                3.0
              ],
              "pivot": [
                -12.0,
                0.0,
                5.0
              ],
              "rotation": [
                0.0,
                0.0,
                -20.0
              ],
              "uv": [
                54,
                44
              ],
              "inflate": 0
            },
            {
              "origin": [
                18.0,
                0.0,
                4.0
              ],
              "size": [
                4.0,
                2.0,
                3.0
              ],
              "pivot": [
                19.0,
                0.0,
                6.0
              ],
              "rotation": [
                0.0,
                0.0,
                -20.0
              ],
              "uv": [
                11,
                58
              ],
              "inflate": 0
            },
            {
              "origin": [
                10.0,
                3.0,
                -6.0
              ],
              "size": [
                4.0,
                2.0,
                3.0
              ],
              "pivot": [
                11.0,
                3.0,
                -4.0
              ],
              "rotation": [
                0.0,
                0.0,
                65.0
              ],
              "uv": [
                37,
                58
              ],
              "inflate": 0
            },
            {
              "origin": [
                -15.0,
                2.0,
                -7.0
              ],
              "size": [
                2.0,
                2.0,
                3.0
              ],
              "pivot": [
                -14.0,
                2.0,
                -5.0
              ],
              "rotation": [
                0.0,
                0.0,
                65.0
              ],
              "uv": [
                34,
                63
              ],
              "inflate": 0
            },
            {
              "origin": [
                -17.0,
                2.0,
                3.0
              ],
              "size": [
                4.0,
                2.0,
                3.0
              ],
              "pivot": [
                -14.0,
                2.0,
                5.0
              ],
              "rotation": [
                0.0,
                0.0,
                55.0
              ],
              "uv": [
                0,
                55
              ],
              "inflate": 0
            },
            {
              "origin": [
                15.0,
                3.0,
                4.0
              ],
              "size": [
                4.0,
                2.0,
                3.0
              ],
              "pivot": [
                16.0,
                3.0,
                6.0
              ],
              "rotation": [
                0.0,
                0.0,
                65.0
              ],
              "uv": [
                56,
                26
              ],
              "inflate": 0
            },
            {
              "origin": [
                6.0,
                7.0,
                -6.0
              ],
              "size": [
                8.0,
                2.0,
                3.0
              ],
              "pivot": [
                11.0,
                7.0,
                -4.0
              ],
              "rotation": [
                0.0,
                0.0,
                105.0
              ],
              "uv": [
                42,
                0
              ],
              "inflate": 0
            },
            {
              "origin": [
                10.0,
                7.0,
                4.0
              ],
              "size": [
                8.0,
                2.0,
                3.0
              ],
              "pivot": [
                15.0,
                7.0,
                6.0
              ],
              "rotation": [
                0.0,
                0.0,
                77.5
              ],
              "uv": [
                37,
                29
              ],
              "inflate": 0
            },
            {
              "origin": [
                6.0,
                13.0,
                -6.0
              ],
              "size": [
                8.0,
                2.0,
                3.0
              ],
              "pivot": [
                11.0,
                13.0,
                -4.0
              ],
              "rotation": [
                0.0,
                0.0,
                62.5
              ],
              "uv": [
                0,
                40
              ],
              "inflate": 0
            },
            {
              "origin": [
                8.0,
                14.0,
                4.0
              ],
              "size": [
                8.0,
                2.0,
                3.0
              ],
              "pivot": [
                13.0,
                14.0,
                6.0
              ],
              "rotation": [
                0.0,
                0.0,
                65.0
              ],
              "uv": [
                37,
                24
              ],
              "inflate": 0
            },
            {
              "origin": [
                5.0,
                19.0,
                -6.0
              ],
              "size": [
                5.0,
                2.0,
                3.0
              ],
              "pivot": [
                7.0,
                19.0,
                -4.0
              ],
              "rotation": [
                0.0,
                0.0,
                47.5
              ],
              "uv": [
                53,
                10
              ],
              "inflate": 0
            },
            {
              "origin": [
                -15.0,
                21.0,
                -6.0
              ],
              "size": [
                5.0,
                2.0,
                3.0
              ],
              "pivot": [
                -13.0,
                21.0,
                -4.0
              ],
              "rotation": [
                -25.0,
                0.0,
                70.0
              ],
              "uv": [
                30,
                51
              ],
              "inflate": 0
            },
            {
              "origin": [
                -18.0,
                19.0,
                5.0
              ],
              "size": [
                5.0,
                2.0,
                3.0
              ],
              "pivot": [
                -16.0,
                19.0,
                7.0
              ],
              "rotation": [
                -25.0,
                0.0,
                70.0
              ],
              "uv": [
                0,
                50
              ],
              "inflate": 0
            },
            {
              "origin": [
                -16.0,
                17.0,
                -6.0
              ],
              "size": [
                6.0,
                2.0,
                3.0
              ],
              "pivot": [
                -13.0,
                17.0,
                -4.0
              ],
              "rotation": [
                -25.0,
                0.0,
                115.0
              ],
              "uv": [
                15,
                48
              ],
              "inflate": 0
            },
            {
              "origin": [
                -19.0,
                15.0,
                5.0
              ],
              "size": [
                6.0,
                2.0,
                3.0
              ],
              "pivot": [
                -16.0,
                15.0,
                7.0
              ],
              "rotation": [
                -25.0,
                0.0,
                115.0
              ],
              "uv": [
                0,
                45
              ],
              "inflate": 0
            },
            {
              "origin": [
                -17.0,
                11.0,
                -6.0
              ],
              "size": [
                6.0,
                2.0,
                3.0
              ],
              "pivot": [
                -14.0,
                11.0,
                -4.0
              ],
              "rotation": [
                -25.0,
                0.0,
                85.0
              ],
              "uv": [
                47,
                5
              ],
              "inflate": 0
            },
            {
              "origin": [
                -20.0,
                9.0,
                5.0
              ],
              "size": [
                7.0,
                2.0,
                3.0
              ],
              "pivot": [
                -16.0,
                9.0,
                7.0
              ],
              "rotation": [
                -25.0,
                7.5,
                67.5
              ],
              "uv": [
                44,
                34
              ],
              "inflate": 0
            },
            {
              "origin": [
                -17.0,
                6.0,
                -7.0
              ],
              "size": [
                6.0,
                2.0,
                3.0
              ],
              "pivot": [
                -14.0,
                6.0,
                -5.0
              ],
              "rotation": [
                -20.0,
                15.0,
                100.0
              ],
              "uv": [
                32,
                46
              ],
              "inflate": 0
            },
            {
              "origin": [
                -19.0,
                4.0,
                3.0
              ],
              "size": [
                4.0,
                2.0,
                3.0
              ],
              "pivot": [
                -15.0,
                4.0,
                5.0
              ],
              "rotation": [
                20.0,
                32.5,
                87.5
              ],
              "uv": [
                26,
                56
              ],
              "inflate": 0
            },
            {
              "origin": [
                7.0,
                20.0,
                4.0
              ],
              "size": [
                5.0,
                2.0,
                3.0
              ],
              "pivot": [
                9.0,
                20.0,
                6.0
              ],
              "rotation": [
                0.0,
                0.0,
                47.5
              ],
              "uv": [
                13,
                53
              ],
              "inflate": 0
            },
            {
              "origin": [
                4.0,
                23.0,
                3.0
              ],
              "size": [
                5.0,
                2.0,
                3.0
              ],
              "pivot": [
                6.0,
                23.0,
                5.0
              ],
              "rotation": [
                0.0,
                -25.0,
                47.5
              ],
              "uv": [
                51,
                39
              ],
              "inflate": 0
            },
            {
              "origin": [
                3.0,
                23.0,
                -5.0
              ],
              "size": [
                5.0,
                2.0,
                3.0
              ],
              "pivot": [
                5.0,
                23.0,
                -3.0
              ],
              "rotation": [
                0.0,
                22.5,
                75.0
              ],
              "uv": [
                43,
                53
              ],
              "inflate": 0
            },
            {
              "origin": [
                15.0,
                0.0,
                -4.0
              ],
              "size": [
                2.0,
                2.0,
                1.0
              ],
              "pivot": [
                16.0,
                0.0,
                -4.0
              ],
              "rotation": [
                0.0,
                0.0,
                15.0
              ],
              "uv": [
                43,
                68
              ],
              "inflate": 0
            },
            {
              "origin": [
                20.0,
                0.0,
                4.0
              ],
              "size": [
                2.0,
                2.0,
                3.0
              ],
              "pivot": [
                21.0,
                0.0,
                4.0
              ],
              "rotation": [
                0.0,
                0.0,
                15.0
              ],
              "uv": [
                63,
                54
              ],
              "inflate": 0
            },
            {
              "origin": [
                15.0,
                0.0,
                -5.0
              ],
              "size": [
                2.0,
                2.0,
                1.0
              ],
              "pivot": [
                16.0,
                0.0,
                -5.0
              ],
              "rotation": [
                0.0,
                0.0,
                15.0
              ],
              "uv": [
                27,
                14
              ],
              "inflate": 0
            },
            {
              "origin": [
                -11.0,
                0.0,
                -7.0
              ],
              "size": [
                2.0,
                2.0,
                3.0
              ],
              "pivot": [
                -10.0,
                0.0,
                -7.0
              ],
              "rotation": [
                0.0,
                0.0,
                15.0
              ],
              "uv": [
                62,
                2
              ],
              "inflate": 0
            },
            {
              "origin": [
                -11.0,
                0.0,
                3.0
              ],
              "size": [
                2.0,
                2.0,
                3.0
              ],
              "pivot": [
                -10.0,
                0.0,
                3.0
              ],
              "rotation": [
                0.0,
                0.0,
                15.0
              ],
              "uv": [
                61,
                31
              ],
              "inflate": 0
            },
            {
              "origin": [
                15.0,
                0.0,
                -6.0
              ],
              "size": [
                2.0,
                2.0,
                1.0
              ],
              "pivot": [
                16.0,
                0.0,
                -6.0
              ],
              "rotation": [
                0.0,
                0.0,
                15.0
              ],
              "uv": [
                11,
                24
              ],
              "inflate": 0
            },
            {
              "origin": [
                17.0,
                0.0,
                -4.0
              ],
              "size": [
                3.0,
                1.0,
                1.0
              ],
              "pivot": [
                18.0,
                0.0,
                -4.0
              ],
              "rotation": [
                0.0,
                -17.5,
                -30.0
              ],
              "uv": [
                35,
                68
              ],
              "inflate": 0
            },
            {
              "origin": [
                -9.0,
                0.0,
                -5.0
              ],
              "size": [
                3.0,
                1.0,
                1.0
              ],
              "pivot": [
                -8.0,
                0.0,
                -5.0
              ],
              "rotation": [
                0.0,
                -17.5,
                -30.0
              ],
              "uv": [
                54,
                49
              ],
              "inflate": 0
            },
            {
              "origin": [
                -9.0,
                0.0,
                5.0
              ],
              "size": [
                3.0,
                1.0,
                1.0
              ],
              "pivot": [
                -8.0,
                0.0,
                5.0
              ],
              "rotation": [
                0.0,
                -17.5,
                -30.0
              ],
              "uv": [
                47,
                10
              ],
              "inflate": 0
            },
            {
              "origin": [
                22.0,
                0.0,
                6.0
              ],
              "size": [
                3.0,
                1.0,
                1.0
              ],
              "pivot": [
                23.0,
                0.0,
                6.0
              ],
              "rotation": [
                0.0,
                -17.5,
                -15.0
              ],
              "uv": [
                67,
                42
              ],
              "inflate": 0
            },
            {
              "origin": [
                18.0,
                0.0,
                -3.0
              ],
              "size": [
                4.0,
                1.0,
                1.0
              ],
              "pivot": [
                20.0,
                0.0,
                -3.0
              ],
              "rotation": [
                0.0,
                -22.5,
                17.5
              ],
              "uv": [
                64,
                66
              ],
              "inflate": 0
            },
            {
              "origin": [
                -7.0,
                0.0,
                -4.0
              ],
              "size": [
                4.0,
                1.0,
                1.0
              ],
              "pivot": [
                -5.0,
                0.0,
                -4.0
              ],
              "rotation": [
                0.0,
                -15.0,
                22.5
              ],
              "uv": [
                61,
                0
              ],
              "inflate": 0
            },
            {
              "origin": [
                -7.0,
                0.0,
                6.0
              ],
              "size": [
                4.0,
                1.0,
                1.0
              ],
              "pivot": [
                -5.0,
                0.0,
                6.0
              ],
              "rotation": [
                0.0,
                -15.0,
                22.5
              ],
              "uv": [
                44,
                39
              ],
              "inflate": 0
            },
            {
              "origin": [
                24.0,
                0.0,
                7.0
              ],
              "size": [
                4.0,
                1.0,
                1.0
              ],
              "pivot": [
                26.0,
                0.0,
                7.0
              ],
              "rotation": [
                0.0,
                -22.5,
                17.5
              ],
              "uv": [
                65,
                19
              ],
              "inflate": 0
            },
            {
              "origin": [
                19.0,
                0.0,
                -5.0
              ],
              "size": [
                4.0,
                1.0,
                1.0
              ],
              "pivot": [
                21.0,
                0.0,
                -5.0
              ],
              "rotation": [
                0.0,
                5.0,
                17.5
              ],
              "uv": [
                54,
                66
              ],
              "inflate": 0
            },
            {
              "origin": [
                -7.0,
                0.0,
                -6.0
              ],
              "size": [
                4.0,
                1.0,
                1.0
              ],
              "pivot": [
                -5.0,
                0.0,
                -6.0
              ],
              "rotation": [
                0.0,
                5.0,
                17.5
              ],
              "uv": [
                41,
                64
              ],
              "inflate": 0
            },
            {
              "origin": [
                -7.0,
                0.0,
                4.0
              ],
              "size": [
                4.0,
                1.0,
                1.0
              ],
              "pivot": [
                -5.0,
                0.0,
                4.0
              ],
              "rotation": [
                0.0,
                5.0,
                17.5
              ],
              "uv": [
                35,
                0
              ],
              "inflate": 0
            },
            {
              "origin": [
                24.0,
                0.0,
                5.0
              ],
              "size": [
                4.0,
                1.0,
                1.0
              ],
              "pivot": [
                26.0,
                0.0,
                5.0
              ],
              "rotation": [
                0.0,
                5.0,
                17.5
              ],
              "uv": [
                65,
                7
              ],
              "inflate": 0
            },
            {
              "origin": [
                19.0,
                0.0,
                -7.0
              ],
              "size": [
                4.0,
                1.0,
                1.0
              ],
              "pivot": [
                21.0,
                0.0,
                -7.0
              ],
              "rotation": [
                0.0,
                22.5,
                17.5
              ],
              "uv": [
                44,
                66
              ],
              "inflate": 0
            },
            {
              "origin": [
                -7.0,
                0.0,
                2.0
              ],
              "size": [
                4.0,
                1.0,
                1.0
              ],
              "pivot": [
                -5.0,
                0.0,
                2.0
              ],
              "rotation": [
                0.0,
                22.5,
                17.5
              ],
              "uv": [
                51,
                64
              ],
              "inflate": 0
            },
            {
              "origin": [
                -7.0,
                0.0,
                -8.0
              ],
              "size": [
                4.0,
                1.0,
                1.0
              ],
              "pivot": [
                -5.0,
                0.0,
                -8.0
              ],
              "rotation": [
                0.0,
                22.5,
                17.5
              ],
              "uv": [
                11,
                22
              ],
              "inflate": 0
            },
            {
              "origin": [
                24.0,
                0.0,
                3.0
              ],
              "size": [
                4.0,
                1.0,
                1.0
              ],
              "pivot": [
                26.0,
                0.0,
                3.0
              ],
              "rotation": [
                0.0,
                22.5,
                17.5
              ],
              "uv": [
                20,
                65
              ],
              "inflate": 0
            },
            {
              "origin": [
                17.0,
                0.0,
                -9.0
              ],
              "size": [
                4.0,
                1.0,
                1.0
              ],
              "pivot": [
                19.0,
                0.0,
                -9.0
              ],
              "rotation": [
                0.0,
                37.5,
                17.5
              ],
              "uv": [
                65,
                44
              ],
              "inflate": 0
            },
            {
              "origin": [
                -10.0,
                0.0,
                0.0
              ],
              "size": [
                4.0,
                1.0,
                1.0
              ],
              "pivot": [
                -8.0,
                0.0,
                0.0
              ],
              "rotation": [
                0.0,
                37.5,
                15.0
              ],
              "uv": [
                61,
                64
              ],
              "inflate": 0
            },
            {
              "origin": [
                22.0,
                0.0,
                1.0
              ],
              "size": [
                4.0,
                1.0,
                1.0
              ],
              "pivot": [
                24.0,
                0.0,
                1.0
              ],
              "rotation": [
                0.0,
                37.5,
                17.5
              ],
              "uv": [
                64,
                38
              ],
              "inflate": 0
            },
            {
              "origin": [
                17.0,
                0.0,
                -5.0
              ],
              "size": [
                3.0,
                1.0,
                1.0
              ],
              "pivot": [
                18.0,
                0.0,
                -5.0
              ],
              "rotation": [
                0.0,
                -5.0,
                0.0
              ],
              "uv": [
                27,
                68
              ],
              "inflate": 0
            },
            {
              "origin": [
                -9.0,
                0.0,
                -6.0
              ],
              "size": [
                3.0,
                1.0,
                1.0
              ],
              "pivot": [
                -8.0,
                0.0,
                -6.0
              ],
              "rotation": [
                0.0,
                -5.0,
                -12.5
              ],
              "uv": [
                66,
                11
              ],
              "inflate": 0
            },
            {
              "origin": [
                -9.0,
                0.0,
                4.0
              ],
              "size": [
                3.0,
                1.0,
                1.0
              ],
              "pivot": [
                -8.0,
                0.0,
                4.0
              ],
              "rotation": [
                0.0,
                -5.0,
                -12.5
              ],
              "uv": [
                42,
                5
              ],
              "inflate": 0
            },
            {
              "origin": [
                22.0,
                0.0,
                5.0
              ],
              "size": [
                3.0,
                1.0,
                1.0
              ],
              "pivot": [
                23.0,
                0.0,
                5.0
              ],
              "rotation": [
                0.0,
                -5.0,
                0.0
              ],
              "uv": [
                67,
                26
              ],
              "inflate": 0
            },
            {
              "origin": [
                17.0,
                0.0,
                -6.0
              ],
              "size": [
                3.0,
                1.0,
                1.0
              ],
              "pivot": [
                18.0,
                0.0,
                -6.0
              ],
              "rotation": [
                0.0,
                7.5,
                0.0
              ],
              "uv": [
                0,
                68
              ],
              "inflate": 0
            },
            {
              "origin": [
                -9.0,
                0.0,
                -7.0
              ],
              "size": [
                3.0,
                1.0,
                1.0
              ],
              "pivot": [
                -8.0,
                0.0,
                -7.0
              ],
              "rotation": [
                0.0,
                7.5,
                -17.5
              ],
              "uv": [
                20,
                67
              ],
              "inflate": 0
            },
            {
              "origin": [
                -9.0,
                0.0,
                3.0
              ],
              "size": [
                3.0,
                1.0,
                1.0
              ],
              "pivot": [
                -8.0,
                0.0,
                3.0
              ],
              "rotation": [
                0.0,
                7.5,
                -17.5
              ],
              "uv": [
                19,
                32
              ],
              "inflate": 0
            },
            {
              "origin": [
                22.0,
                0.0,
                4.0
              ],
              "size": [
                3.0,
                1.0,
                1.0
              ],
              "pivot": [
                23.0,
                0.0,
                4.0
              ],
              "rotation": [
                0.0,
                7.5,
                0.0
              ],
              "uv": [
                67,
                21
              ],
              "inflate": 0
            },
            {
              "origin": [
                15.0,
                0.0,
                -6.0
              ],
              "size": [
                4.0,
                1.0,
                1.0
              ],
              "pivot": [
                16.0,
                0.0,
                -6.0
              ],
              "rotation": [
                0.0,
                47.5,
                0.0
              ],
              "uv": [
                66,
                9
              ],
              "inflate": 0
            },
            {
              "origin": [
                -12.0,
                0.0,
                -7.0
              ],
              "size": [
                4.0,
                1.0,
                1.0
              ],
              "pivot": [
                -11.0,
                0.0,
                -7.0
              ],
              "rotation": [
                0.0,
                47.5,
                -7.5
              ],
              "uv": [
                64,
                36
              ],
              "inflate": 0
            },
            {
              "origin": [
                -12.0,
                0.0,
                3.0
              ],
              "size": [
                4.0,
                1.0,
                1.0
              ],
              "pivot": [
                -11.0,
                0.0,
                3.0
              ],
              "rotation": [
                0.0,
                47.5,
                -7.5
              ],
              "uv": [
                17,
                14
              ],
              "inflate": 0
            },
            {
              "origin": [
                20.0,
                0.0,
                4.0
              ],
              "size": [
                4.0,
                1.0,
                1.0
              ],
              "pivot": [
                21.0,
                0.0,
                4.0
              ],
              "rotation": [
                0.0,
                47.5,
                0.0
              ],
              "uv": [
                64,
                40
              ],
              "inflate": 0
            },
            {
              "origin": [
                18.0,
                22.0,
                3.0
              ],
              "size": [
                1.0,
                1.0,
                1.0
              ],
              "rotation": [
                0.0,
                0.0,
                0.0
              ],
              "uv": [
                0,
                0
              ],
              "inflate": 0
            },
            {
              "origin": [
                18.0,
                20.0,
                2.0
              ],
              "size": [
                1.0,
                1.0,
                1.0
              ],
              "rotation": [
                0.0,
                0.0,
                0.0
              ],
              "uv": [
                0,
                0
              ],
              "inflate": 0
            },
            {
              "origin": [
                18.0,
                20.0,
                0.0
              ],
              "size": [
                1.0,
                1.0,
                1.0
              ],
              "rotation": [
                0.0,
                0.0,
                0.0
              ],
              "uv": [
                0,
                0
              ],
              "inflate": 0
            },
            {
              "origin": [
                18.0,
                20.0,
                -2.0
              ],
              "size": [
                1.0,
                1.0,
                1.0
              ],
              "rotation": [
                0.0,
                0.0,
                0.0
              ],
              "uv": [
                0,
                0
              ],
              "inflate": 0
            },
            {
              "origin": [
                18.0,
                22.0,
                -3.0
              ],
              "size": [
                1.0,
                1.0,
                1.0
              ],
              "rotation": [
                0.0,
                0.0,
                0.0
              ],
              "uv": [
                0,
                0
              ],
              "inflate": 0
            }
          ],
          "rotation": [
            0,
            0,
            0
          ],
          "bind_pose_rotation": [
            0,
            0,
            0
          ]
        }
      ]
    }
  ]
}