{
  "format_version": "1.12.0",
  "minecraft:geometry": [
    {
      "description": {
        "identifier": "geometry.pa_billcypher",
        "texture_width": 64,
        "texture_height": 64,
        "visible_bounds_width": 3,
        "visible_bounds_height": 3.5,
        "visible_bounds_offset": [
          0,
          1.25,
          0
        ]
      },
      "bones": [
        {
          "name": "unknown_bone",
          "pivot": [
            0,
            0,
            0
          ],
          "cubes": [
            {
              "origin": [
                -7.0,
                2.0,
                0.0
              ],
              "size": [
                2.0,
                2.0,
                1.0
              ],
              "rotation": [
                0.0,
                0.0,
                0.0
              ],
              "uv": [
                29,
                29
              ],
              "inflate": 0
            },
            {
              "origin": [
                5.0,
                2.0,
                0.0
              ],
              "size": [
                2.0,
                2.0,
                1.0
              ],
              "rotation": [
                0.0,
                0.0,
                0.0
              ],
              "uv": [
                8,
                28
              ],
              "inflate": 0
            },
            {
              "origin": [
                -8.0,
                8.0,
                0.0
              ],
              "size": [
                16.0,
                2.0,
                1.0
              ],
              "rotation": [
                0.0,
                0.0,
                0.0
              ],
              "uv": [
                0,
                0
              ],
              "inflate": 0
            },
            {
              "origin": [
                -6.0,
                10.0,
                0.0
              ],
              "size": [
                12.0,
                2.0,
                1.0
              ],
              "rotation": [
                0.0,
                0.0,
                0.0
              ],
              "uv": [
                0,
                9
              ],
              "inflate": 0
            },
            {
              "origin": [
                -1.0,
                10.0,
                -1.0
              ],
              "size": [
                4.0,
                1.0,
                1.0
              ],
              "pivot": [
                2.0,
                10.0,
                -1.0
              ],
              "rotation": [
                0.0,
                0.0,
                -37.5
              ],
              "uv": [
                21,
                14
              ],
              "inflate": 0
            },
            {
              "origin": [
                -2.0,
                9.0,
                -1.0
              ],
              "size": [
                5.0,
                1.0,
                1.0
              ],
              "pivot": [
                2.0,
                9.0,
                -1.0
              ],
              "rotation": [
                0.0,
                0.0,
                20.0
              ],
              "uv": [
                0,
                18
              ],
              "inflate": 0
            },
            {
              "origin": [
                -2.0,
                8.0,
                -1.0
              ],
              "size": [
                2.0,
                1.0,
                1.0
              ],
              "pivot": [
                2.0,
                8.0,
                -1.0
              ],
              "rotation": [
                0.0,
                0.0,
                20.0
              ],
              "uv": [
                18,
                30
              ],
              "inflate": 0
            },
            {
              "origin": [
                2.0,
                10.0,
                -1.0
              ],
              "size": [
                1.0,
                2.0,
                1.0
              ],
              "pivot": [
                5.0,
                10.0,
                -1.0
              ],
              "rotation": [
                0.0,
                0.0,
                -22.5
              ],
              "uv": [
                32,
                32
              ],
              "inflate": 0
            },
            {
              "origin": [
                -5.0,
                12.0,
                0.0
              ],
              "size": [
                10.0,
                2.0,
                1.0
              ],
              "rotation": [
                0.0,
                0.0,
                0.0
              ],
              "uv": [
                0,
                12
              ],
              "inflate": 0
            },
            {
              "origin": [
                -3.0,
                14.0,
                0.0
              ],
              "size": [
                7.0,
                2.0,
                1.0
              ],
              "rotation": [
                0.0,
                0.0,
                0.0
              ],
              "uv": [
                0,
                15
              ],
              "inflate": 0
            },
            {
              "origin": [
                -2.0,
                16.0,
                0.0
              ],
              "size": [
                4.0,
                2.0,
                1.0
              ],
              "rotation": [
                0.0,
                0.0,
                0.0
              ],
              "uv": [
                18,
                21
              ],
              "inflate": 0
            },
            {
              "origin": [
                0.0,
                18.0,
                0.0
              ],
              "size": [
                1.0,
                1.0,
                1.0
              ],
              "rotation": [
                0.0,
                0.0,
                0.0
              ],
              "uv": [
                22,
                12
              ],
              "inflate": 0
            },
            {
              "origin": [
                -1.0,
                23.0,
                0.0
              ],
              "size": [
                2.0,
                6.0,
                1.0
              ],
              "rotation": [
                0.0,
                0.0,
                0.0
              ],
              "uv": [
                12,
                21
              ],
              "inflate": 0
            },
            {
              "origin": [
                -5.0,
                14.0,
                0.0
              ],
              "size": [
                2.0,
                6.0,
                1.0
              ],
              "pivot": [
                -4.0,
                14.0,
                0.0
              ],
              "rotation": [
                0.0,
                0.0,
                -82.5
              ],
              "uv": [
                6,
                20
              ],
              "inflate": 0
            },
            {
              "origin": [
                8.0,
                14.0,
                0.0
              ],
              "size": [
                2.0,
                6.0,
                1.0
              ],
              "pivot": [
                9.0,
                14.0,
                0.0
              ],
              "rotation": [
                0.0,
                0.0,
                -102.5
              ],
              "uv": [
                0,
                20
              ],
              "inflate": 0
            },
            {
              "origin": [
                8.0,
                14.0,
                0.0
              ],
              "size": [
                2.0,
                5.0,
                1.0
              ],
              "pivot": [
                9.0,
                13.0,
                0.0
              ],
              "rotation": [
                0.0,
                0.0,
                -27.5
              ],
              "uv": [
                24,
                24
              ],
              "inflate": 0
            },
            {
              "origin": [
                -11.0,
                15.0,
                0.0
              ],
              "size": [
                2.0,
                5.0,
                1.0
              ],
              "pivot": [
                -10.0,
                14.0,
                0.0
              ],
              "rotation": [
                0.0,
                0.0,
                30.0
              ],
              "uv": [
                18,
                24
              ],
              "inflate": 0
            },
            {
              "origin": [
                -7.0,
                17.0,
                0.0
              ],
              "size": [
                1.0,
                4.0,
                1.0
              ],
              "pivot": [
                -7.0,
                18.0,
                0.0
              ],
              "rotation": [
                0.0,
                0.0,
                57.5
              ],
              "uv": [
                4,
                27
              ],
              "inflate": 0
            },
            {
              "origin": [
                6.0,
                15.0,
                0.0
              ],
              "size": [
                1.0,
                5.0,
                1.0
              ],
              "pivot": [
                6.0,
                16.0,
                0.0
              ],
              "rotation": [
                0.0,
                0.0,
                -50.0
              ],
              "uv": [
                0,
                27
              ],
              "inflate": 0
            },
            {
              "origin": [
                -8.0,
                18.0,
                0.0
              ],
              "size": [
                1.0,
                3.0,
                1.0
              ],
              "pivot": [
                -8.0,
                19.0,
                0.0
              ],
              "rotation": [
                0.0,
                0.0,
                -12.5
              ],
              "uv": [
                24,
                30
              ],
              "inflate": 0
            },
            {
              "origin": [
                5.0,
                17.0,
                0.0
              ],
              "size": [
                1.0,
                4.0,
                1.0
              ],
              "pivot": [
                5.0,
                19.0,
                0.0
              ],
              "rotation": [
                0.0,
                0.0,
                -37.5
              ],
              "uv": [
                26,
                9
              ],
              "inflate": 0
            },
            {
              "origin": [
                -9.0,
                18.0,
                0.0
              ],
              "size": [
                1.0,
                2.0,
                1.0
              ],
              "pivot": [
                -9.0,
                19.0,
                0.0
              ],
              "rotation": [
                0.0,
                0.0,
                -37.5
              ],
              "uv": [
                32,
                17
              ],
              "inflate": 0
            },
            {
              "origin": [
                7.0,
                17.0,
                0.0
              ],
              "size": [
                1.0,
                3.0,
                1.0
              ],
              "pivot": [
                7.0,
                18.0,
                0.0
              ],
              "rotation": [
                0.0,
                0.0,
                35.0
              ],
              "uv": [
                30,
                10
              ],
              "inflate": 0
            },
            {
              "origin": [
                7.0,
                18.0,
                0.0
              ],
              "size": [
                1.0,
                2.0,
                1.0
              ],
              "pivot": [
                7.0,
                18.0,
                0.0
              ],
              "rotation": [
                0.0,
                0.0,
                -27.5
              ],
              "uv": [
                28,
                32
              ],
              "inflate": 0
            },
            {
              "origin": [
                -7.0,
                18.0,
                0.0
              ],
              "size": [
                1.0,
                3.0,
                1.0
              ],
              "pivot": [
                -7.0,
                19.0,
                0.0
              ],
              "rotation": [
                0.0,
                0.0,
                35.0
              ],
              "uv": [
                14,
                28
              ],
              "inflate": 0
            },
            {
              "origin": [
                -6.0,
                20.0,
                0.0
              ],
              "size": [
                1.0,
                2.0,
                1.0
              ],
              "pivot": [
                -6.0,
                21.0,
                0.0
              ],
              "rotation": [
                0.0,
                0.0,
                -7.5
              ],
              "uv": [
                33,
                2
              ],
              "inflate": 0
            },
            {
              "origin": [
                6.0,
                20.0,
                0.0
              ],
              "size": [
                1.0,
                2.0,
                1.0
              ],
              "pivot": [
                6.0,
                21.0,
                0.0
              ],
              "rotation": [
                0.0,
                0.0,
                5.0
              ],
              "uv": [
                31,
                14
              ],
              "inflate": 0
            },
            {
              "origin": [
                1.0,
                23.0,
                0.0
              ],
              "size": [
                2.0,
                2.0,
                1.0
              ],
              "rotation": [
                0.0,
                0.0,
                0.0
              ],
              "uv": [
                27,
                19
              ],
              "inflate": 0
            },
            {
              "origin": [
                -3.0,
                23.0,
                0.0
              ],
              "size": [
                2.0,
                2.0,
                1.0
              ],
              "rotation": [
                0.0,
                0.0,
                0.0
              ],
              "uv": [
                26,
                16
              ],
              "inflate": 0
            },
            {
              "origin": [
                -11.0,
                16.0,
                0.0
              ],
              "size": [
                15.0,
                2.0,
                1.0
              ],
              "pivot": [
                -4.0,
                16.0,
                0.0
              ],
              "rotation": [
                0.0,
                0.0,
                125.0
              ],
              "uv": [
                0,
                3
              ],
              "inflate": 0
            },
            {
              "origin": [
                -4.0,
                16.0,
                0.0
              ],
              "size": [
                14.0,
                2.0,
                1.0
              ],
              "pivot": [
                2.0,
                16.0,
                0.0
              ],
              "rotation": [
                0.0,
                0.0,
                60.0
              ],
              "uv": [
                0,
                6
              ],
              "inflate": 0
            },
            {
              "origin": [
                -4.0,
                6.0,
                0.0
              ],
              "size": [
                1.0,
                3.0,
                1.0
              ],
              "pivot": [
                -3.0,
                8.0,
                0.0
              ],
              "rotation": [
                0.0,
                0.0,
                7.5
              ],
              "uv": [
                19,
                32
              ],
              "inflate": 0
            },
            {
              "origin": [
                2.0,
                7.0,
                0.0
              ],
              "size": [
                1.0,
                3.0,
                1.0
              ],
              "pivot": [
                3.0,
                8.0,
                0.0
              ],
              "rotation": [
                0.0,
                0.0,
                -17.5
              ],
              "uv": [
                30,
                24
              ],
              "inflate": 0
            },
            {
              "origin": [
                -4.0,
                4.0,
                0.0
              ],
              "size": [
                1.0,
                3.0,
                1.0
              ],
              "pivot": [
                -3.0,
                6.0,
                0.0
              ],
              "rotation": [
                0.0,
                0.0,
                -17.5
              ],
              "uv": [
                15,
                32
              ],
              "inflate": 0
            },
            {
              "origin": [
                2.0,
                4.0,
                0.0
              ],
              "size": [
                1.0,
                3.0,
                1.0
              ],
              "pivot": [
                3.0,
                6.0,
                0.0
              ],
              "rotation": [
                0.0,
                0.0,
                2.5
              ],
              "uv": [
                7,
                31
              ],
              "inflate": 0
            },
            {
              "origin": [
                -4.0,
                1.0,
                0.0
              ],
              "size": [
                1.0,
                3.0,
                1.0
              ],
              "pivot": [
                -3.0,
                4.0,
                0.0
              ],
              "rotation": [
                0.0,
                0.0,
                62.5
              ],
              "uv": [
                3,
                32
              ],
              "inflate": 0
            },
            {
              "origin": [
                4.0,
                0.0,
                0.0
              ],
              "size": [
                1.0,
                3.0,
                1.0
              ],
              "pivot": [
                5.0,
                3.0,
                0.0
              ],
              "rotation": [
                0.0,
                0.0,
                105.0
              ],
              "uv": [
                11,
                31
              ],
              "inflate": 0
            },
            {
              "origin": [
                -2.0,
                14.0,
                -1.0
              ],
              "size": [
                4.0,
                4.0,
                1.0
              ],
              "rotation": [
                0.0,
                0.0,
                0.0
              ],
              "uv": [
                16,
                16
              ],
              "inflate": 0
            },
            {
              "origin": [
                -3.0,
                15.0,
                -1.0
              ],
              "size": [
                1.0,
                2.0,
                1.0
              ],
              "rotation": [
                0.0,
                0.0,
                0.0
              ],
              "uv": [
                31,
                5
              ],
              "inflate": 0
            },
            {
              "origin": [
                2.0,
                15.0,
                -1.0
              ],
              "size": [
                1.0,
                2.0,
                1.0
              ],
              "rotation": [
                0.0,
                0.0,
                0.0
              ],
              "uv": [
                12,
                18
              ],
              "inflate": 0
            },
            {
              "origin": [
                -1.0,
                18.0,
                -1.0
              ],
              "size": [
                2.0,
                1.0,
                1.0
              ],
              "rotation": [
                0.0,
                0.0,
                0.0
              ],
              "uv": [
                29,
                8
              ],
              "inflate": 0
            },
            {
              "origin": [
                -1.0,
                13.0,
                -1.0
              ],
              "size": [
                2.0,
                1.0,
                1.0
              ],
              "rotation": [
                0.0,
                0.0,
                0.0
              ],
              "uv": [
                28,
                22
              ],
              "inflate": 0
            }
          ],
          "rotation": [
            0,
            0,
            0
          ],
          "bind_pose_rotation": [
            0,
            0,
            0
          ]
        }
      ]
    }
  ]
}