{
  "format_version": "1.12.0",
  "minecraft:geometry": [
    {
      "description": {
        "identifier": "geometry.pa_bluesirenhead",
        "texture_width": 128,
        "texture_height": 128,
        "visible_bounds_width": 4,
        "visible_bounds_height": 5.5,
        "visible_bounds_offset": [
          0,
          2.25,
          0
        ]
      },
      "bones": [
        {
          "name": "unknown_bone",
          "pivot": [
            0,
            0,
            0
          ],
          "cubes": [
            {
              "origin": [
                -1.0,
                33.0,
                -2.0
              ],
              "size": [
                1.0,
                6.0,
                1.0
              ],
              "rotation": [
                0.0,
                0.0,
                0.0
              ],
              "uv": [
                53,
                66
              ],
              "inflate": 0
            },
            {
              "origin": [
                -5.0,
                33.0,
                -2.0
              ],
              "size": [
                1.0,
                6.0,
                1.0
              ],
              "rotation": [
                0.0,
                0.0,
                0.0
              ],
              "uv": [
                20,
                40
              ],
              "inflate": 0
            },
            {
              "origin": [
                -5.0,
                35.0,
                1.0
              ],
              "size": [
                1.0,
                4.0,
                1.0
              ],
              "rotation": [
                0.0,
                0.0,
                0.0
              ],
              "uv": [
                38,
                67
              ],
              "inflate": 0
            },
            {
              "origin": [
                -1.0,
                35.0,
                1.0
              ],
              "size": [
                1.0,
                4.0,
                1.0
              ],
              "rotation": [
                0.0,
                0.0,
                0.0
              ],
              "uv": [
                34,
                33
              ],
              "inflate": 0
            },
            {
              "origin": [
                -1.0,
                47.0,
                -1.0
              ],
              "size": [
                2.0,
                5.0,
                2.0
              ],
              "rotation": [
                0.0,
                0.0,
                0.0
              ],
              "uv": [
                60,
                51
              ],
              "inflate": 0
            },
            {
              "origin": [
                -6.0,
                45.0,
                -1.0
              ],
              "size": [
                2.0,
                9.0,
                2.0
              ],
              "pivot": [
                -5.0,
                51.0,
                0.0
              ],
              "rotation": [
                0.0,
                -17.5,
                0.0
              ],
              "uv": [
                40,
                51
              ],
              "inflate": 0
            },
            {
              "origin": [
                -6.0,
                45.0,
                -2.0
              ],
              "size": [
                1.0,
                9.0,
                4.0
              ],
              "pivot": [
                -5.0,
                51.0,
                -1.0
              ],
              "rotation": [
                0.0,
                -17.5,
                0.0
              ],
              "uv": [
                34,
                34
              ],
              "inflate": 0
            },
            {
              "origin": [
                -7.0,
                45.0,
                1.0
              ],
              "size": [
                1.0,
                9.0,
                2.0
              ],
              "pivot": [
                -6.0,
                51.0,
                -1.0
              ],
              "rotation": [
                0.0,
                -17.5,
                0.0
              ],
              "uv": [
                28,
                58
              ],
              "inflate": 0
            },
            {
              "origin": [
                -7.0,
                45.0,
                -3.0
              ],
              "size": [
                1.0,
                9.0,
                2.0
              ],
              "pivot": [
                -6.0,
                51.0,
                -1.0
              ],
              "rotation": [
                0.0,
                -17.5,
                0.0
              ],
              "uv": [
                22,
                58
              ],
              "inflate": 0
            },
            {
              "origin": [
                -8.0,
                45.0,
                -4.0
              ],
              "size": [
                1.0,
                9.0,
                1.0
              ],
              "pivot": [
                -6.0,
                51.0,
                -1.0
              ],
              "rotation": [
                0.0,
                -17.5,
                0.0
              ],
              "uv": [
                4,
                63
              ],
              "inflate": 0
            },
            {
              "origin": [
                -9.0,
                45.0,
                -5.0
              ],
              "size": [
                1.0,
                9.0,
                1.0
              ],
              "pivot": [
                -6.0,
                51.0,
                -1.0
              ],
              "rotation": [
                0.0,
                -17.5,
                0.0
              ],
              "uv": [
                62,
                62
              ],
              "inflate": 0
            },
            {
              "origin": [
                -9.0,
                45.0,
                4.0
              ],
              "size": [
                1.0,
                9.0,
                1.0
              ],
              "pivot": [
                -6.0,
                51.0,
                -1.0
              ],
              "rotation": [
                0.0,
                -17.5,
                0.0
              ],
              "uv": [
                42,
                62
              ],
              "inflate": 0
            },
            {
              "origin": [
                -9.0,
                44.0,
                3.0
              ],
              "size": [
                1.0,
                1.0,
                1.0
              ],
              "pivot": [
                -6.0,
                51.0,
                -1.0
              ],
              "rotation": [
                0.0,
                -17.5,
                0.0
              ],
              "uv": [
                48,
                30
              ],
              "inflate": 0
            },
            {
              "origin": [
                -9.0,
                44.0,
                -4.0
              ],
              "size": [
                1.0,
                1.0,
                1.0
              ],
              "pivot": [
                -6.0,
                51.0,
                -1.0
              ],
              "rotation": [
                0.0,
                -17.5,
                0.0
              ],
              "uv": [
                48,
                28
              ],
              "inflate": 0
            },
            {
              "origin": [
                -9.0,
                54.0,
                -4.0
              ],
              "size": [
                1.0,
                1.0,
                1.0
              ],
              "pivot": [
                -6.0,
                51.0,
                -1.0
              ],
              "rotation": [
                0.0,
                -17.5,
                0.0
              ],
              "uv": [
                46,
                0
              ],
              "inflate": 0
            },
            {
              "origin": [
                -9.0,
                54.0,
                3.0
              ],
              "size": [
                1.0,
                1.0,
                1.0
              ],
              "pivot": [
                -6.0,
                51.0,
                -1.0
              ],
              "rotation": [
                0.0,
                -17.5,
                0.0
              ],
              "uv": [
                30,
                15
              ],
              "inflate": 0
            },
            {
              "origin": [
                -9.0,
                55.0,
                -3.0
              ],
              "size": [
                1.0,
                1.0,
                6.0
              ],
              "pivot": [
                -6.0,
                51.0,
                -1.0
              ],
              "rotation": [
                0.0,
                -17.5,
                0.0
              ],
              "uv": [
                46,
                46
              ],
              "inflate": 0
            },
            {
              "origin": [
                -9.0,
                43.0,
                -3.0
              ],
              "size": [
                1.0,
                1.0,
                6.0
              ],
              "pivot": [
                -6.0,
                51.0,
                -1.0
              ],
              "rotation": [
                0.0,
                -17.5,
                0.0
              ],
              "uv": [
                44,
                0
              ],
              "inflate": 0
            },
            {
              "origin": [
                -13.0,
                42.0,
                -3.0
              ],
              "size": [
                4.0,
                1.0,
                6.0
              ],
              "pivot": [
                -6.0,
                51.0,
                -1.0
              ],
              "rotation": [
                0.0,
                -17.5,
                0.0
              ],
              "uv": [
                24,
                24
              ],
              "inflate": 0
            },
            {
              "origin": [
                -13.0,
                56.0,
                -3.0
              ],
              "size": [
                4.0,
                1.0,
                6.0
              ],
              "pivot": [
                -6.0,
                51.0,
                -1.0
              ],
              "rotation": [
                0.0,
                -17.5,
                0.0
              ],
              "uv": [
                10,
                20
              ],
              "inflate": 0
            },
            {
              "origin": [
                -13.0,
                55.0,
                -4.0
              ],
              "size": [
                4.0,
                1.0,
                1.0
              ],
              "pivot": [
                -6.0,
                51.0,
                -1.0
              ],
              "rotation": [
                0.0,
                -17.5,
                0.0
              ],
              "uv": [
                60,
                7
              ],
              "inflate": 0
            },
            {
              "origin": [
                -13.0,
                43.0,
                -4.0
              ],
              "size": [
                4.0,
                1.0,
                1.0
              ],
              "pivot": [
                -6.0,
                51.0,
                -1.0
              ],
              "rotation": [
                0.0,
                -17.5,
                0.0
              ],
              "uv": [
                60,
                0
              ],
              "inflate": 0
            },
            {
              "origin": [
                -13.0,
                43.0,
                3.0
              ],
              "size": [
                4.0,
                1.0,
                1.0
              ],
              "pivot": [
                -6.0,
                51.0,
                -1.0
              ],
              "rotation": [
                0.0,
                -17.5,
                0.0
              ],
              "uv": [
                40,
                48
              ],
              "inflate": 0
            },
            {
              "origin": [
                -13.0,
                44.0,
                4.0
              ],
              "size": [
                4.0,
                1.0,
                1.0
              ],
              "pivot": [
                -6.0,
                51.0,
                -1.0
              ],
              "rotation": [
                0.0,
                -17.5,
                0.0
              ],
              "uv": [
                46,
                7
              ],
              "inflate": 0
            },
            {
              "origin": [
                -10.0,
                54.0,
                4.0
              ],
              "size": [
                1.0,
                1.0,
                1.0
              ],
              "pivot": [
                -6.0,
                51.0,
                -1.0
              ],
              "rotation": [
                0.0,
                -17.5,
                0.0
              ],
              "uv": [
                30,
                10
              ],
              "inflate": 0
            },
            {
              "origin": [
                -13.0,
                55.0,
                3.0
              ],
              "size": [
                4.0,
                1.0,
                1.0
              ],
              "pivot": [
                -6.0,
                51.0,
                -1.0
              ],
              "rotation": [
                0.0,
                -17.5,
                0.0
              ],
              "uv": [
                32,
                31
              ],
              "inflate": 0
            },
            {
              "origin": [
                -14.0,
                55.0,
                -3.0
              ],
              "size": [
                1.0,
                1.0,
                6.0
              ],
              "pivot": [
                -6.0,
                51.0,
                -1.0
              ],
              "rotation": [
                0.0,
                -17.5,
                0.0
              ],
              "uv": [
                38,
                41
              ],
              "inflate": 0
            },
            {
              "origin": [
                -14.0,
                43.0,
                -3.0
              ],
              "size": [
                1.0,
                1.0,
                6.0
              ],
              "pivot": [
                -6.0,
                51.0,
                -1.0
              ],
              "rotation": [
                0.0,
                -17.5,
                0.0
              ],
              "uv": [
                40,
                28
              ],
              "inflate": 0
            },
            {
              "origin": [
                -14.0,
                54.0,
                2.0
              ],
              "size": [
                1.0,
                1.0,
                2.0
              ],
              "pivot": [
                -6.0,
                51.0,
                -1.0
              ],
              "rotation": [
                0.0,
                -17.5,
                0.0
              ],
              "uv": [
                68,
                34
              ],
              "inflate": 0
            },
            {
              "origin": [
                -14.0,
                54.0,
                -4.0
              ],
              "size": [
                1.0,
                1.0,
                2.0
              ],
              "pivot": [
                -6.0,
                51.0,
                -1.0
              ],
              "rotation": [
                0.0,
                -17.5,
                0.0
              ],
              "uv": [
                67,
                44
              ],
              "inflate": 0
            },
            {
              "origin": [
                -14.0,
                44.0,
                2.0
              ],
              "size": [
                1.0,
                1.0,
                2.0
              ],
              "pivot": [
                -6.0,
                51.0,
                -1.0
              ],
              "rotation": [
                0.0,
                -17.5,
                0.0
              ],
              "uv": [
                68,
                2
              ],
              "inflate": 0
            },
            {
              "origin": [
                -14.0,
                44.0,
                -4.0
              ],
              "size": [
                1.0,
                1.0,
                2.0
              ],
              "pivot": [
                -6.0,
                51.0,
                -1.0
              ],
              "rotation": [
                0.0,
                -17.5,
                0.0
              ],
              "uv": [
                40,
                31
              ],
              "inflate": 0
            },
            {
              "origin": [
                -14.0,
                45.0,
                3.0
              ],
              "size": [
                1.0,
                9.0,
                2.0
              ],
              "pivot": [
                -6.0,
                51.0,
                -1.0
              ],
              "rotation": [
                0.0,
                -17.5,
                0.0
              ],
              "uv": [
                56,
                56
              ],
              "inflate": 0
            },
            {
              "origin": [
                -14.0,
                45.0,
                -5.0
              ],
              "size": [
                1.0,
                9.0,
                2.0
              ],
              "pivot": [
                -6.0,
                51.0,
                -1.0
              ],
              "rotation": [
                0.0,
                -17.5,
                0.0
              ],
              "uv": [
                16,
                56
              ],
              "inflate": 0
            },
            {
              "origin": [
                -13.0,
                54.0,
                4.0
              ],
              "size": [
                4.0,
                1.0,
                1.0
              ],
              "pivot": [
                -6.0,
                51.0,
                -1.0
              ],
              "rotation": [
                0.0,
                -17.5,
                0.0
              ],
              "uv": [
                42,
                16
              ],
              "inflate": 0
            },
            {
              "origin": [
                -13.0,
                54.0,
                -5.0
              ],
              "size": [
                4.0,
                1.0,
                1.0
              ],
              "pivot": [
                -6.0,
                51.0,
                -1.0
              ],
              "rotation": [
                0.0,
                -17.5,
                0.0
              ],
              "uv": [
                60,
                5
              ],
              "inflate": 0
            },
            {
              "origin": [
                -13.0,
                44.0,
                -5.0
              ],
              "size": [
                4.0,
                1.0,
                1.0
              ],
              "pivot": [
                -6.0,
                51.0,
                -1.0
              ],
              "rotation": [
                0.0,
                -17.5,
                0.0
              ],
              "uv": [
                60,
                2
              ],
              "inflate": 0
            },
            {
              "origin": [
                -13.0,
                45.0,
                -6.0
              ],
              "size": [
                4.0,
                9.0,
                1.0
              ],
              "pivot": [
                -6.0,
                51.0,
                -1.0
              ],
              "rotation": [
                0.0,
                -17.5,
                0.0
              ],
              "uv": [
                30,
                48
              ],
              "inflate": 0
            },
            {
              "origin": [
                -13.0,
                45.0,
                5.0
              ],
              "size": [
                4.0,
                9.0,
                1.0
              ],
              "pivot": [
                -6.0,
                51.0,
                -1.0
              ],
              "rotation": [
                0.0,
                -17.5,
                0.0
              ],
              "uv": [
                20,
                48
              ],
              "inflate": 0
            },
            {
              "origin": [
                -8.0,
                45.0,
                3.0
              ],
              "size": [
                1.0,
                9.0,
                1.0
              ],
              "pivot": [
                -6.0,
                51.0,
                -1.0
              ],
              "rotation": [
                0.0,
                -17.5,
                0.0
              ],
              "uv": [
                0,
                63
              ],
              "inflate": 0
            },
            {
              "origin": [
                -7.0,
                54.0,
                -2.0
              ],
              "size": [
                2.0,
                1.0,
                4.0
              ],
              "pivot": [
                -6.0,
                51.0,
                -1.0
              ],
              "rotation": [
                0.0,
                -17.5,
                0.0
              ],
              "uv": [
                52,
                0
              ],
              "inflate": 0
            },
            {
              "origin": [
                -8.0,
                54.0,
                -3.0
              ],
              "size": [
                1.0,
                1.0,
                6.0
              ],
              "pivot": [
                -6.0,
                51.0,
                -1.0
              ],
              "rotation": [
                0.0,
                -17.5,
                0.0
              ],
              "uv": [
                46,
                35
              ],
              "inflate": 0
            },
            {
              "origin": [
                -8.0,
                44.0,
                -3.0
              ],
              "size": [
                1.0,
                1.0,
                6.0
              ],
              "pivot": [
                -6.0,
                51.0,
                -1.0
              ],
              "rotation": [
                0.0,
                -17.5,
                0.0
              ],
              "uv": [
                46,
                9
              ],
              "inflate": 0
            },
            {
              "origin": [
                -7.0,
                44.0,
                -2.0
              ],
              "size": [
                2.0,
                1.0,
                4.0
              ],
              "pivot": [
                -6.0,
                51.0,
                -1.0
              ],
              "rotation": [
                0.0,
                -17.5,
                0.0
              ],
              "uv": [
                50,
                16
              ],
              "inflate": 0
            },
            {
              "origin": [
                1.0,
                46.0,
                -1.0
              ],
              "size": [
                2.0,
                1.0,
                2.0
              ],
              "rotation": [
                0.0,
                0.0,
                0.0
              ],
              "uv": [
                46,
                64
              ],
              "inflate": 0
            },
            {
              "origin": [
                1.0,
                52.0,
                -1.0
              ],
              "size": [
                2.0,
                1.0,
                2.0
              ],
              "rotation": [
                0.0,
                0.0,
                0.0
              ],
              "uv": [
                8,
                64
              ],
              "inflate": 0
            },
            {
              "origin": [
                0.0,
                48.0,
                -2.0
              ],
              "size": [
                1.0,
                3.0,
                4.0
              ],
              "rotation": [
                0.0,
                0.0,
                0.0
              ],
              "uv": [
                54,
                5
              ],
              "inflate": 0
            },
            {
              "origin": [
                1.0,
                48.0,
                -2.0
              ],
              "size": [
                3.0,
                3.0,
                1.0
              ],
              "rotation": [
                0.0,
                0.0,
                0.0
              ],
              "uv": [
                62,
                32
              ],
              "inflate": 0
            },
            {
              "origin": [
                1.0,
                47.0,
                -2.0
              ],
              "size": [
                3.0,
                1.0,
                1.0
              ],
              "rotation": [
                0.0,
                0.0,
                0.0
              ],
              "uv": [
                66,
                12
              ],
              "inflate": 0
            },
            {
              "origin": [
                1.0,
                47.0,
                1.0
              ],
              "size": [
                3.0,
                1.0,
                1.0
              ],
              "rotation": [
                0.0,
                0.0,
                0.0
              ],
              "uv": [
                32,
                58
              ],
              "inflate": 0
            },
            {
              "origin": [
                1.0,
                51.0,
                1.0
              ],
              "size": [
                3.0,
                1.0,
                1.0
              ],
              "rotation": [
                0.0,
                0.0,
                0.0
              ],
              "uv": [
                54,
                12
              ],
              "inflate": 0
            },
            {
              "origin": [
                1.0,
                51.0,
                -2.0
              ],
              "size": [
                3.0,
                1.0,
                1.0
              ],
              "rotation": [
                0.0,
                0.0,
                0.0
              ],
              "uv": [
                38,
                28
              ],
              "inflate": 0
            },
            {
              "origin": [
                1.0,
                48.0,
                1.0
              ],
              "size": [
                3.0,
                3.0,
                1.0
              ],
              "rotation": [
                0.0,
                0.0,
                0.0
              ],
              "uv": [
                60,
                46
              ],
              "inflate": 0
            },
            {
              "origin": [
                2.0,
                48.0,
                2.0
              ],
              "size": [
                2.0,
                3.0,
                1.0
              ],
              "rotation": [
                0.0,
                0.0,
                0.0
              ],
              "uv": [
                14,
                67
              ],
              "inflate": 0
            },
            {
              "origin": [
                2.0,
                48.0,
                -3.0
              ],
              "size": [
                2.0,
                3.0,
                1.0
              ],
              "rotation": [
                0.0,
                0.0,
                0.0
              ],
              "uv": [
                8,
                67
              ],
              "inflate": 0
            },
            {
              "origin": [
                4.0,
                48.0,
                -4.0
              ],
              "size": [
                2.0,
                3.0,
                1.0
              ],
              "rotation": [
                0.0,
                0.0,
                0.0
              ],
              "uv": [
                66,
                61
              ],
              "inflate": 0
            },
            {
              "origin": [
                4.0,
                48.0,
                3.0
              ],
              "size": [
                2.0,
                3.0,
                1.0
              ],
              "rotation": [
                0.0,
                0.0,
                0.0
              ],
              "uv": [
                66,
                26
              ],
              "inflate": 0
            },
            {
              "origin": [
                4.0,
                51.0,
                2.0
              ],
              "size": [
                2.0,
                1.0,
                1.0
              ],
              "rotation": [
                0.0,
                0.0,
                0.0
              ],
              "uv": [
                20,
                69
              ],
              "inflate": 0
            },
            {
              "origin": [
                4.0,
                47.0,
                2.0
              ],
              "size": [
                2.0,
                1.0,
                1.0
              ],
              "rotation": [
                0.0,
                0.0,
                0.0
              ],
              "uv": [
                10,
                24
              ],
              "inflate": 0
            },
            {
              "origin": [
                3.0,
                52.0,
                -1.0
              ],
              "size": [
                2.0,
                1.0,
                2.0
              ],
              "rotation": [
                0.0,
                0.0,
                0.0
              ],
              "uv": [
                62,
                58
              ],
              "inflate": 0
            },
            {
              "origin": [
                4.0,
                52.0,
                -2.0
              ],
              "size": [
                1.0,
                1.0,
                1.0
              ],
              "rotation": [
                0.0,
                0.0,
                0.0
              ],
              "uv": [
                52,
                2
              ],
              "inflate": 0
            },
            {
              "origin": [
                4.0,
                47.0,
                -2.0
              ],
              "size": [
                1.0,
                1.0,
                1.0
              ],
              "rotation": [
                0.0,
                0.0,
                0.0
              ],
              "uv": [
                6,
                51
              ],
              "inflate": 0
            },
            {
              "origin": [
                4.0,
                52.0,
                1.0
              ],
              "size": [
                1.0,
                1.0,
                1.0
              ],
              "rotation": [
                0.0,
                0.0,
                0.0
              ],
              "uv": [
                52,
                0
              ],
              "inflate": 0
            },
            {
              "origin": [
                6.0,
                54.0,
                -1.0
              ],
              "size": [
                2.0,
                1.0,
                2.0
              ],
              "rotation": [
                0.0,
                0.0,
                0.0
              ],
              "uv": [
                62,
                36
              ],
              "inflate": 0
            },
            {
              "origin": [
                6.0,
                53.0,
                -2.0
              ],
              "size": [
                2.0,
                1.0,
                1.0
              ],
              "rotation": [
                0.0,
                0.0,
                0.0
              ],
              "uv": [
                68,
                56
              ],
              "inflate": 0
            },
            {
              "origin": [
                6.0,
                53.0,
                1.0
              ],
              "size": [
                2.0,
                1.0,
                1.0
              ],
              "rotation": [
                0.0,
                0.0,
                0.0
              ],
              "uv": [
                54,
                53
              ],
              "inflate": 0
            },
            {
              "origin": [
                6.0,
                45.0,
                1.0
              ],
              "size": [
                2.0,
                1.0,
                1.0
              ],
              "rotation": [
                0.0,
                0.0,
                0.0
              ],
              "uv": [
                46,
                50
              ],
              "inflate": 0
            },
            {
              "origin": [
                6.0,
                52.0,
                2.0
              ],
              "size": [
                2.0,
                1.0,
                1.0
              ],
              "rotation": [
                0.0,
                0.0,
                0.0
              ],
              "uv": [
                14,
                53
              ],
              "inflate": 0
            },
            {
              "origin": [
                6.0,
                46.0,
                2.0
              ],
              "size": [
                2.0,
                1.0,
                1.0
              ],
              "rotation": [
                0.0,
                0.0,
                0.0
              ],
              "uv": [
                48,
                18
              ],
              "inflate": 0
            },
            {
              "origin": [
                6.0,
                51.0,
                3.0
              ],
              "size": [
                2.0,
                1.0,
                1.0
              ],
              "rotation": [
                0.0,
                0.0,
                0.0
              ],
              "uv": [
                50,
                21
              ],
              "inflate": 0
            },
            {
              "origin": [
                6.0,
                47.0,
                3.0
              ],
              "size": [
                2.0,
                1.0,
                1.0
              ],
              "rotation": [
                0.0,
                0.0,
                0.0
              ],
              "uv": [
                40,
                35
              ],
              "inflate": 0
            },
            {
              "origin": [
                6.0,
                45.0,
                -2.0
              ],
              "size": [
                2.0,
                1.0,
                1.0
              ],
              "rotation": [
                0.0,
                0.0,
                0.0
              ],
              "uv": [
                66,
                30
              ],
              "inflate": 0
            },
            {
              "origin": [
                6.0,
                52.0,
                -3.0
              ],
              "size": [
                2.0,
                1.0,
                1.0
              ],
              "rotation": [
                0.0,
                0.0,
                0.0
              ],
              "uv": [
                68,
                54
              ],
              "inflate": 0
            },
            {
              "origin": [
                6.0,
                46.0,
                -3.0
              ],
              "size": [
                2.0,
                1.0,
                1.0
              ],
              "rotation": [
                0.0,
                0.0,
                0.0
              ],
              "uv": [
                66,
                39
              ],
              "inflate": 0
            },
            {
              "origin": [
                6.0,
                51.0,
                -4.0
              ],
              "size": [
                2.0,
                1.0,
                1.0
              ],
              "rotation": [
                0.0,
                0.0,
                0.0
              ],
              "uv": [
                68,
                52
              ],
              "inflate": 0
            },
            {
              "origin": [
                6.0,
                47.0,
                -4.0
              ],
              "size": [
                2.0,
                1.0,
                1.0
              ],
              "rotation": [
                0.0,
                0.0,
                0.0
              ],
              "uv": [
                68,
                41
              ],
              "inflate": 0
            },
            {
              "origin": [
                6.0,
                48.0,
                -5.0
              ],
              "size": [
                2.0,
                3.0,
                1.0
              ],
              "rotation": [
                0.0,
                0.0,
                0.0
              ],
              "uv": [
                66,
                66
              ],
              "inflate": 0
            },
            {
              "origin": [
                6.0,
                48.0,
                4.0
              ],
              "size": [
                2.0,
                3.0,
                1.0
              ],
              "rotation": [
                0.0,
                0.0,
                0.0
              ],
              "uv": [
                10,
                20
              ],
              "inflate": 0
            },
            {
              "origin": [
                6.0,
                44.0,
                -1.0
              ],
              "size": [
                2.0,
                1.0,
                2.0
              ],
              "rotation": [
                0.0,
                0.0,
                0.0
              ],
              "uv": [
                24,
                21
              ],
              "inflate": 0
            },
            {
              "origin": [
                3.0,
                53.0,
                -1.0
              ],
              "size": [
                3.0,
                1.0,
                2.0
              ],
              "rotation": [
                0.0,
                0.0,
                0.0
              ],
              "uv": [
                32,
                15
              ],
              "inflate": 0
            },
            {
              "origin": [
                3.0,
                45.0,
                -1.0
              ],
              "size": [
                3.0,
                1.0,
                2.0
              ],
              "rotation": [
                0.0,
                0.0,
                0.0
              ],
              "uv": [
                20,
                27
              ],
              "inflate": 0
            },
            {
              "origin": [
                4.0,
                51.0,
                -3.0
              ],
              "size": [
                2.0,
                1.0,
                1.0
              ],
              "rotation": [
                0.0,
                0.0,
                0.0
              ],
              "uv": [
                68,
                58
              ],
              "inflate": 0
            },
            {
              "origin": [
                4.0,
                47.0,
                -3.0
              ],
              "size": [
                2.0,
                1.0,
                1.0
              ],
              "rotation": [
                0.0,
                0.0,
                0.0
              ],
              "uv": [
                24,
                24
              ],
              "inflate": 0
            },
            {
              "origin": [
                5.0,
                52.0,
                -2.0
              ],
              "size": [
                1.0,
                1.0,
                4.0
              ],
              "rotation": [
                0.0,
                0.0,
                0.0
              ],
              "uv": [
                54,
                46
              ],
              "inflate": 0
            },
            {
              "origin": [
                3.0,
                46.0,
                -2.0
              ],
              "size": [
                3.0,
                1.0,
                4.0
              ],
              "rotation": [
                0.0,
                0.0,
                0.0
              ],
              "uv": [
                48,
                28
              ],
              "inflate": 0
            },
            {
              "origin": [
                -5.0,
                0.0,
                -1.0
              ],
              "size": [
                2.0,
                1.0,
                2.0
              ],
              "rotation": [
                0.0,
                0.0,
                0.0
              ],
              "uv": [
                64,
                23
              ],
              "inflate": 0
            },
            {
              "origin": [
                -6.0,
                21.0,
                -1.0
              ],
              "size": [
                7.0,
                3.0,
                2.0
              ],
              "rotation": [
                0.0,
                0.0,
                0.0
              ],
              "uv": [
                38,
                23
              ],
              "inflate": 0
            },
            {
              "origin": [
                -4.0,
                24.0,
                -1.0
              ],
              "size": [
                3.0,
                15.0,
                2.0
              ],
              "rotation": [
                0.0,
                0.0,
                0.0
              ],
              "uv": [
                24,
                31
              ],
              "inflate": 0
            },
            {
              "origin": [
                -4.0,
                39.0,
                -1.0
              ],
              "size": [
                3.0,
                16.0,
                2.0
              ],
              "pivot": [
                -3.0,
                39.0,
                0.0
              ],
              "rotation": [
                0.0,
                -12.5,
                0.0
              ],
              "uv": [
                0,
                20
              ],
              "inflate": 0
            },
            {
              "origin": [
                -3.0,
                55.0,
                -1.0
              ],
              "size": [
                1.0,
                3.0,
                1.0
              ],
              "pivot": [
                -3.0,
                46.0,
                0.0
              ],
              "rotation": [
                0.0,
                -27.5,
                0.0
              ],
              "uv": [
                10,
                27
              ],
              "inflate": 0
            },
            {
              "origin": [
                -4.0,
                30.0,
                -2.0
              ],
              "size": [
                3.0,
                9.0,
                4.0
              ],
              "rotation": [
                0.0,
                0.0,
                0.0
              ],
              "uv": [
                10,
                27
              ],
              "inflate": 0
            },
            {
              "origin": [
                -7.0,
                28.0,
                -1.0
              ],
              "size": [
                3.0,
                11.0,
                2.0
              ],
              "rotation": [
                0.0,
                0.0,
                0.0
              ],
              "uv": [
                10,
                40
              ],
              "inflate": 0
            },
            {
              "origin": [
                -1.0,
                28.0,
                -1.0
              ],
              "size": [
                3.0,
                11.0,
                2.0
              ],
              "rotation": [
                0.0,
                0.0,
                0.0
              ],
              "uv": [
                0,
                38
              ],
              "inflate": 0
            },
            {
              "origin": [
                -9.0,
                30.0,
                -1.0
              ],
              "size": [
                2.0,
                9.0,
                2.0
              ],
              "rotation": [
                0.0,
                0.0,
                0.0
              ],
              "uv": [
                48,
                53
              ],
              "inflate": 0
            },
            {
              "origin": [
                -12.0,
                36.0,
                -1.0
              ],
              "size": [
                8.0,
                3.0,
                2.0
              ],
              "pivot": [
                -5.0,
                26.0,
                0.0
              ],
              "rotation": [
                0.0,
                0.0,
                -20.0
              ],
              "uv": [
                32,
                10
              ],
              "inflate": 0
            },
            {
              "origin": [
                -4.0,
                34.0,
                -1.0
              ],
              "size": [
                8.0,
                3.0,
                2.0
              ],
              "pivot": [
                3.0,
                24.0,
                0.0
              ],
              "rotation": [
                0.0,
                0.0,
                32.5
              ],
              "uv": [
                30,
                18
              ],
              "inflate": 0
            },
            {
              "origin": [
                -18.0,
                39.0,
                -1.0
              ],
              "size": [
                14.0,
                3.0,
                2.0
              ],
              "pivot": [
                -5.0,
                29.0,
                0.0
              ],
              "rotation": [
                0.0,
                0.0,
                -65.0
              ],
              "uv": [
                0,
                15
              ],
              "inflate": 0
            },
            {
              "origin": [
                8.0,
                45.0,
                -1.0
              ],
              "size": [
                14.0,
                3.0,
                2.0
              ],
              "pivot": [
                21.0,
                35.0,
                0.0
              ],
              "rotation": [
                0.0,
                0.0,
                -100.0
              ],
              "uv": [
                0,
                10
              ],
              "inflate": 0
            },
            {
              "origin": [
                -30.0,
                32.0,
                -1.0
              ],
              "size": [
                22.0,
                3.0,
                2.0
              ],
              "pivot": [
                -9.0,
                22.0,
                0.0
              ],
              "rotation": [
                0.0,
                0.0,
                -92.5
              ],
              "uv": [
                0,
                0
              ],
              "inflate": 0
            },
            {
              "origin": [
                3.0,
                31.0,
                -1.0
              ],
              "size": [
                21.0,
                3.0,
                2.0
              ],
              "pivot": [
                23.0,
                21.0,
                0.0
              ],
              "rotation": [
                0.0,
                0.0,
                -92.5
              ],
              "uv": [
                0,
                5
              ],
              "inflate": 0
            },
            {
              "origin": [
                2.0,
                30.0,
                -1.0
              ],
              "size": [
                2.0,
                9.0,
                2.0
              ],
              "rotation": [
                0.0,
                0.0,
                0.0
              ],
              "uv": [
                8,
                53
              ],
              "inflate": 0
            },
            {
              "origin": [
                -1.0,
                27.0,
                -1.0
              ],
              "size": [
                2.0,
                1.0,
                2.0
              ],
              "rotation": [
                0.0,
                0.0,
                0.0
              ],
              "uv": [
                64,
                19
              ],
              "inflate": 0
            },
            {
              "origin": [
                -6.0,
                27.0,
                -1.0
              ],
              "size": [
                2.0,
                1.0,
                2.0
              ],
              "rotation": [
                0.0,
                0.0,
                0.0
              ],
              "uv": [
                64,
                9
              ],
              "inflate": 0
            },
            {
              "origin": [
                -1.0,
                25.0,
                -1.0
              ],
              "size": [
                1.0,
                2.0,
                2.0
              ],
              "rotation": [
                0.0,
                0.0,
                0.0
              ],
              "uv": [
                32,
                67
              ],
              "inflate": 0
            },
            {
              "origin": [
                -5.0,
                25.0,
                -1.0
              ],
              "size": [
                1.0,
                2.0,
                2.0
              ],
              "rotation": [
                0.0,
                0.0,
                0.0
              ],
              "uv": [
                66,
                48
              ],
              "inflate": 0
            },
            {
              "origin": [
                -7.0,
                21.0,
                -1.0
              ],
              "size": [
                1.0,
                2.0,
                2.0
              ],
              "rotation": [
                0.0,
                0.0,
                0.0
              ],
              "uv": [
                68,
                14
              ],
              "inflate": 0
            },
            {
              "origin": [
                1.0,
                21.0,
                -1.0
              ],
              "size": [
                1.0,
                2.0,
                2.0
              ],
              "rotation": [
                0.0,
                0.0,
                0.0
              ],
              "uv": [
                46,
                67
              ],
              "inflate": 0
            },
            {
              "origin": [
                -5.0,
                1.0,
                -1.0
              ],
              "size": [
                2.0,
                5.0,
                2.0
              ],
              "pivot": [
                -3.0,
                1.0,
                0.0
              ],
              "rotation": [
                0.0,
                0.0,
                -15.0
              ],
              "uv": [
                60,
                39
              ],
              "inflate": 0
            },
            {
              "origin": [
                -6.0,
                5.0,
                -1.0
              ],
              "size": [
                2.0,
                6.0,
                2.0
              ],
              "pivot": [
                -4.0,
                5.0,
                0.0
              ],
              "rotation": [
                0.0,
                0.0,
                10.0
              ],
              "uv": [
                54,
                33
              ],
              "inflate": 0
            },
            {
              "origin": [
                -5.0,
                10.0,
                -1.0
              ],
              "size": [
                2.0,
                5.0,
                2.0
              ],
              "pivot": [
                -3.0,
                10.0,
                0.0
              ],
              "rotation": [
                0.0,
                0.0,
                -20.0
              ],
              "uv": [
                60,
                12
              ],
              "inflate": 0
            },
            {
              "origin": [
                0.0,
                8.0,
                -1.0
              ],
              "size": [
                2.0,
                10.0,
                2.0
              ],
              "pivot": [
                2.0,
                10.0,
                0.0
              ],
              "rotation": [
                0.0,
                0.0,
                -10.0
              ],
              "uv": [
                0,
                51
              ],
              "inflate": 0
            },
            {
              "origin": [
                -2.0,
                17.0,
                -1.0
              ],
              "size": [
                2.0,
                5.0,
                2.0
              ],
              "pivot": [
                0.0,
                14.0,
                0.0
              ],
              "rotation": [
                0.0,
                0.0,
                12.5
              ],
              "uv": [
                34,
                60
              ],
              "inflate": 0
            },
            {
              "origin": [
                -5.0,
                18.0,
                -1.0
              ],
              "size": [
                2.0,
                4.0,
                2.0
              ],
              "pivot": [
                -3.0,
                14.0,
                0.0
              ],
              "rotation": [
                0.0,
                0.0,
                -7.5
              ],
              "uv": [
                44,
                35
              ],
              "inflate": 0
            },
            {
              "origin": [
                -7.0,
                14.0,
                -1.0
              ],
              "size": [
                2.0,
                5.0,
                2.0
              ],
              "pivot": [
                -5.0,
                11.0,
                0.0
              ],
              "rotation": [
                0.0,
                0.0,
                12.5
              ],
              "uv": [
                58,
                25
              ],
              "inflate": 0
            },
            {
              "origin": [
                -5.0,
                8.0,
                -1.0
              ],
              "size": [
                4.0,
                2.0,
                2.0
              ],
              "pivot": [
                -2.0,
                6.0,
                0.0
              ],
              "rotation": [
                0.0,
                0.0,
                105.0
              ],
              "uv": [
                54,
                21
              ],
              "inflate": 0
            },
            {
              "origin": [
                -5.0,
                4.0,
                -1.0
              ],
              "size": [
                5.0,
                2.0,
                2.0
              ],
              "pivot": [
                -2.0,
                2.0,
                0.0
              ],
              "rotation": [
                0.0,
                0.0,
                85.0
              ],
              "uv": [
                46,
                42
              ],
              "inflate": 0
            }
          ],
          "rotation": [
            0,
            0,
            0
          ],
          "bind_pose_rotation": [
            0,
            0,
            0
          ]
        }
      ]
    }
  ]
}