{
  "format_version": "1.12.0",
  "minecraft:geometry": [
    {
      "description": {
        "identifier": "geometry.pa_bananaeater",
        "texture_width": 64,
        "texture_height": 64,
        "visible_bounds_width": 3,
        "visible_bounds_height": 4.5,
        "visible_bounds_offset": [
          0,
          1.75,
          0
        ]
      },
      "bones": [
        {
          "name": "unknown_bone",
          "pivot": [
            0,
            0,
            0
          ],
          "cubes": [
            {
              "origin": [
                -6.0,
                0.0,
                0.0
              ],
              "size": [
                2.0,
                1.0,
                2.0
              ],
              "rotation": [
                0.0,
                0.0,
                0.0
              ],
              "uv": [
                44,
                5
              ],
              "inflate": 0
            },
            {
              "origin": [
                3.0,
                0.0,
                0.0
              ],
              "size": [
                2.0,
                1.0,
                2.0
              ],
              "rotation": [
                0.0,
                0.0,
                0.0
              ],
              "uv": [
                44,
                0
              ],
              "inflate": 0
            },
            {
              "origin": [
                -6.0,
                1.0,
                0.0
              ],
              "size": [
                2.0,
                8.0,
                2.0
              ],
              "pivot": [
                -5.0,
                1.0,
                1.0
              ],
              "rotation": [
                0.0,
                0.0,
                5.0
              ],
              "uv": [
                10,
                35
              ],
              "inflate": 0
            },
            {
              "origin": [
                -6.0,
                9.0,
                0.0
              ],
              "size": [
                2.0,
                7.0,
                2.0
              ],
              "pivot": [
                -5.0,
                8.0,
                1.0
              ],
              "rotation": [
                0.0,
                0.0,
                32.5
              ],
              "uv": [
                38,
                40
              ],
              "inflate": 0
            },
            {
              "origin": [
                3.0,
                1.0,
                0.0
              ],
              "size": [
                2.0,
                8.0,
                2.0
              ],
              "pivot": [
                4.0,
                1.0,
                0.0
              ],
              "rotation": [
                0.0,
                0.0,
                -5.0
              ],
              "uv": [
                22,
                34
              ],
              "inflate": 0
            },
            {
              "origin": [
                2.0,
                8.0,
                0.0
              ],
              "size": [
                2.0,
                8.0,
                2.0
              ],
              "pivot": [
                3.0,
                9.0,
                0.0
              ],
              "rotation": [
                0.0,
                0.0,
                -25.0
              ],
              "uv": [
                32,
                32
              ],
              "inflate": 0
            },
            {
              "origin": [
                -2.0,
                6.0,
                -1.0
              ],
              "size": [
                3.0,
                18.0,
                4.0
              ],
              "rotation": [
                0.0,
                0.0,
                0.0
              ],
              "uv": [
                0,
                0
              ],
              "inflate": 0
            },
            {
              "origin": [
                -3.0,
                7.0,
                -1.0
              ],
              "size": [
                1.0,
                17.0,
                4.0
              ],
              "rotation": [
                0.0,
                0.0,
                0.0
              ],
              "uv": [
                0,
                22
              ],
              "inflate": 0
            },
            {
              "origin": [
                1.0,
                7.0,
                -1.0
              ],
              "size": [
                1.0,
                17.0,
                4.0
              ],
              "rotation": [
                0.0,
                0.0,
                0.0
              ],
              "uv": [
                14,
                14
              ],
              "inflate": 0
            },
            {
              "origin": [
                0.0,
                18.0,
                -3.0
              ],
              "size": [
                2.0,
                3.0,
                2.0
              ],
              "rotation": [
                0.0,
                0.0,
                0.0
              ],
              "uv": [
                40,
                35
              ],
              "inflate": 0
            },
            {
              "origin": [
                -3.0,
                18.0,
                -3.0
              ],
              "size": [
                2.0,
                3.0,
                2.0
              ],
              "rotation": [
                0.0,
                0.0,
                0.0
              ],
              "uv": [
                40,
                30
              ],
              "inflate": 0
            },
            {
              "origin": [
                2.0,
                18.0,
                -3.0
              ],
              "size": [
                1.0,
                3.0,
                2.0
              ],
              "rotation": [
                0.0,
                0.0,
                0.0
              ],
              "uv": [
                6,
                45
              ],
              "inflate": 0
            },
            {
              "origin": [
                -4.0,
                18.0,
                -3.0
              ],
              "size": [
                1.0,
                3.0,
                2.0
              ],
              "rotation": [
                0.0,
                0.0,
                0.0
              ],
              "uv": [
                21,
                44
              ],
              "inflate": 0
            },
            {
              "origin": [
                -9.0,
                17.0,
                0.0
              ],
              "size": [
                6.0,
                2.0,
                2.0
              ],
              "pivot": [
                -3.0,
                18.0,
                0.0
              ],
              "rotation": [
                0.0,
                0.0,
                -45.0
              ],
              "uv": [
                30,
                22
              ],
              "inflate": 0
            },
            {
              "origin": [
                -4.0,
                17.0,
                0.0
              ],
              "size": [
                6.0,
                2.0,
                2.0
              ],
              "pivot": [
                2.0,
                18.0,
                0.0
              ],
              "rotation": [
                0.0,
                0.0,
                -135.0
              ],
              "uv": [
                24,
                18
              ],
              "inflate": 0
            },
            {
              "origin": [
                -13.0,
                13.0,
                0.0
              ],
              "size": [
                6.0,
                2.0,
                2.0
              ],
              "pivot": [
                -7.0,
                14.0,
                1.0
              ],
              "rotation": [
                0.0,
                0.0,
                -62.5
              ],
              "uv": [
                30,
                12
              ],
              "inflate": 0
            },
            {
              "origin": [
                0.0,
                13.0,
                0.0
              ],
              "size": [
                6.0,
                2.0,
                2.0
              ],
              "pivot": [
                6.0,
                14.0,
                1.0
              ],
              "rotation": [
                0.0,
                0.0,
                -110.0
              ],
              "uv": [
                26,
                0
              ],
              "inflate": 0
            },
            {
              "origin": [
                9.0,
                6.0,
                0.0
              ],
              "size": [
                1.0,
                4.0,
                1.0
              ],
              "pivot": [
                10.0,
                8.0,
                0.0
              ],
              "rotation": [
                0.0,
                0.0,
                -32.5
              ],
              "uv": [
                16,
                46
              ],
              "inflate": 0
            },
            {
              "origin": [
                -9.0,
                6.0,
                0.0
              ],
              "size": [
                1.0,
                4.0,
                1.0
              ],
              "pivot": [
                -8.0,
                8.0,
                0.0
              ],
              "rotation": [
                0.0,
                0.0,
                -32.5
              ],
              "uv": [
                10,
                26
              ],
              "inflate": 0
            },
            {
              "origin": [
                8.0,
                5.0,
                0.0
              ],
              "size": [
                1.0,
                4.0,
                1.0
              ],
              "pivot": [
                9.0,
                7.0,
                0.0
              ],
              "rotation": [
                0.0,
                0.0,
                -7.5
              ],
              "uv": [
                27,
                45
              ],
              "inflate": 0
            },
            {
              "origin": [
                -10.0,
                5.0,
                0.0
              ],
              "size": [
                1.0,
                4.0,
                1.0
              ],
              "pivot": [
                -9.0,
                7.0,
                0.0
              ],
              "rotation": [
                0.0,
                0.0,
                -7.5
              ],
              "uv": [
                18,
                35
              ],
              "inflate": 0
            },
            {
              "origin": [
                7.0,
                5.0,
                0.0
              ],
              "size": [
                1.0,
                4.0,
                1.0
              ],
              "pivot": [
                8.0,
                7.0,
                0.0
              ],
              "rotation": [
                0.0,
                0.0,
                15.0
              ],
              "uv": [
                12,
                45
              ],
              "inflate": 0
            },
            {
              "origin": [
                -11.0,
                6.0,
                0.0
              ],
              "size": [
                1.0,
                4.0,
                1.0
              ],
              "pivot": [
                -10.0,
                8.0,
                0.0
              ],
              "rotation": [
                0.0,
                0.0,
                15.0
              ],
              "uv": [
                34,
                44
              ],
              "inflate": 0
            },
            {
              "origin": [
                -2.0,
                15.0,
                -2.0
              ],
              "size": [
                3.0,
                1.0,
                1.0
              ],
              "rotation": [
                0.0,
                0.0,
                0.0
              ],
              "uv": [
                44,
                26
              ],
              "inflate": 0
            },
            {
              "origin": [
                -1.0,
                13.0,
                -2.0
              ],
              "size": [
                3.0,
                1.0,
                1.0
              ],
              "pivot": [
                1.0,
                13.0,
                -2.0
              ],
              "rotation": [
                0.0,
                0.0,
                -37.5
              ],
              "uv": [
                44,
                22
              ],
              "inflate": 0
            },
            {
              "origin": [
                -3.0,
                13.0,
                -2.0
              ],
              "size": [
                3.0,
                1.0,
                1.0
              ],
              "pivot": [
                -2.0,
                13.0,
                -2.0
              ],
              "rotation": [
                0.0,
                0.0,
                30.0
              ],
              "uv": [
                38,
                10
              ],
              "inflate": 0
            },
            {
              "origin": [
                1.0,
                14.0,
                -2.0
              ],
              "size": [
                1.0,
                2.0,
                1.0
              ],
              "pivot": [
                3.0,
                13.0,
                -2.0
              ],
              "rotation": [
                0.0,
                0.0,
                -10.0
              ],
              "uv": [
                10,
                0
              ],
              "inflate": 0
            },
            {
              "origin": [
                -3.0,
                13.0,
                -2.0
              ],
              "size": [
                1.0,
                2.0,
                1.0
              ],
              "pivot": [
                -1.0,
                12.0,
                -2.0
              ],
              "rotation": [
                0.0,
                0.0,
                12.5
              ],
              "uv": [
                0,
                0
              ],
              "inflate": 0
            },
            {
              "origin": [
                -3.0,
                22.0,
                -2.0
              ],
              "size": [
                5.0,
                7.0,
                1.0
              ],
              "pivot": [
                0.0,
                24.0,
                -2.0
              ],
              "rotation": [
                30.0,
                0.0,
                0.0
              ],
              "uv": [
                26,
                4
              ],
              "inflate": 0
            },
            {
              "origin": [
                -3.0,
                22.0,
                4.0
              ],
              "size": [
                5.0,
                7.0,
                1.0
              ],
              "pivot": [
                0.0,
                25.0,
                4.0
              ],
              "rotation": [
                -42.5,
                0.0,
                0.0
              ],
              "uv": [
                14,
                0
              ],
              "inflate": 0
            },
            {
              "origin": [
                -5.0,
                22.0,
                -1.0
              ],
              "size": [
                1.0,
                6.0,
                4.0
              ],
              "pivot": [
                -6.0,
                25.0,
                -2.0
              ],
              "rotation": [
                -2.5,
                0.0,
                -40.0
              ],
              "uv": [
                24,
                24
              ],
              "inflate": 0
            },
            {
              "origin": [
                3.0,
                24.0,
                -1.0
              ],
              "size": [
                1.0,
                6.0,
                4.0
              ],
              "pivot": [
                2.0,
                27.0,
                -2.0
              ],
              "rotation": [
                -2.5,
                0.0,
                30.0
              ],
              "uv": [
                20,
                8
              ],
              "inflate": 0
            },
            {
              "origin": [
                -1.0,
                24.0,
                0.0
              ],
              "size": [
                1.0,
                8.0,
                1.0
              ],
              "pivot": [
                0.0,
                24.0,
                0.0
              ],
              "rotation": [
                0.0,
                0.0,
                -12.5
              ],
              "uv": [
                14,
                8
              ],
              "inflate": 0
            },
            {
              "origin": [
                -2.0,
                32.0,
                0.0
              ],
              "size": [
                6.0,
                1.0,
                1.0
              ],
              "pivot": [
                -1.0,
                32.0,
                0.0
              ],
              "rotation": [
                0.0,
                0.0,
                -45.0
              ],
              "uv": [
                34,
                28
              ],
              "inflate": 0
            },
            {
              "origin": [
                1.0,
                36.0,
                0.0
              ],
              "size": [
                6.0,
                1.0,
                1.0
              ],
              "pivot": [
                2.0,
                36.0,
                0.0
              ],
              "rotation": [
                0.0,
                0.0,
                -115.0
              ],
              "uv": [
                30,
                26
              ],
              "inflate": 0
            },
            {
              "origin": [
                -1.0,
                41.0,
                0.0
              ],
              "size": [
                6.0,
                1.0,
                1.0
              ],
              "pivot": [
                0.0,
                41.0,
                0.0
              ],
              "rotation": [
                0.0,
                0.0,
                -72.5
              ],
              "uv": [
                30,
                16
              ],
              "inflate": 0
            },
            {
              "origin": [
                1.0,
                24.0,
                -1.0
              ],
              "size": [
                1.0,
                1.0,
                4.0
              ],
              "rotation": [
                0.0,
                0.0,
                0.0
              ],
              "uv": [
                38,
                5
              ],
              "inflate": 0
            },
            {
              "origin": [
                -3.0,
                24.0,
                -1.0
              ],
              "size": [
                1.0,
                1.0,
                4.0
              ],
              "rotation": [
                0.0,
                0.0,
                0.0
              ],
              "uv": [
                38,
                0
              ],
              "inflate": 0
            },
            {
              "origin": [
                -2.0,
                24.0,
                -1.0
              ],
              "size": [
                3.0,
                1.0,
                1.0
              ],
              "rotation": [
                0.0,
                0.0,
                0.0
              ],
              "uv": [
                34,
                30
              ],
              "inflate": 0
            },
            {
              "origin": [
                -2.0,
                24.0,
                2.0
              ],
              "size": [
                3.0,
                1.0,
                1.0
              ],
              "rotation": [
                0.0,
                0.0,
                0.0
              ],
              "uv": [
                24,
                22
              ],
              "inflate": 0
            },
            {
              "origin": [
                -1.0,
                9.0,
                0.0
              ],
              "size": [
                1.0,
                1.0,
                1.0
              ],
              "rotation": [
                0.0,
                0.0,
                0.0
              ],
              "uv": [
                24,
                24
              ],
              "inflate": 0
            },
            {
              "origin": [
                -1.0,
                8.0,
                0.0
              ],
              "size": [
                1.0,
                1.0,
                1.0
              ],
              "rotation": [
                0.0,
                0.0,
                0.0
              ],
              "uv": [
                0,
                24
              ],
              "inflate": 0
            },
            {
              "origin": [
                -1.0,
                8.0,
                0.0
              ],
              "size": [
                1.0,
                1.0,
                1.0
              ],
              "rotation": [
                0.0,
                0.0,
                0.0
              ],
              "uv": [
                0,
                22
              ],
              "inflate": 0
            },
            {
              "origin": [
                -1.0,
                8.0,
                0.0
              ],
              "size": [
                1.0,
                1.0,
                1.0
              ],
              "rotation": [
                0.0,
                0.0,
                0.0
              ],
              "uv": [
                18,
                10
              ],
              "inflate": 0
            },
            {
              "origin": [
                -1.0,
                8.0,
                0.0
              ],
              "size": [
                1.0,
                1.0,
                1.0
              ],
              "rotation": [
                0.0,
                0.0,
                0.0
              ],
              "uv": [
                18,
                8
              ],
              "inflate": 0
            },
            {
              "origin": [
                -5.0,
                0.0,
                -2.0
              ],
              "size": [
                1.0,
                1.0,
                3.0
              ],
              "rotation": [
                0.0,
                0.0,
                0.0
              ],
              "uv": [
                43,
                13
              ],
              "inflate": 0
            },
            {
              "origin": [
                3.0,
                0.0,
                -2.0
              ],
              "size": [
                1.0,
                1.0,
                3.0
              ],
              "rotation": [
                0.0,
                0.0,
                0.0
              ],
              "uv": [
                27,
                41
              ],
              "inflate": 0
            },
            {
              "origin": [
                -6.0,
                0.0,
                -2.0
              ],
              "size": [
                1.0,
                1.0,
                3.0
              ],
              "pivot": [
                -5.0,
                0.0,
                0.0
              ],
              "rotation": [
                0.0,
                22.5,
                0.0
              ],
              "uv": [
                0,
                43
              ],
              "inflate": 0
            },
            {
              "origin": [
                4.0,
                0.0,
                -2.0
              ],
              "size": [
                1.0,
                1.0,
                3.0
              ],
              "pivot": [
                5.0,
                0.0,
                0.0
              ],
              "rotation": [
                0.0,
                -12.5,
                0.0
              ],
              "uv": [
                40,
                18
              ],
              "inflate": 0
            },
            {
              "origin": [
                -7.0,
                0.0,
                -2.0
              ],
              "size": [
                1.0,
                1.0,
                3.0
              ],
              "pivot": [
                -6.0,
                0.0,
                0.0
              ],
              "rotation": [
                0.0,
                52.5,
                0.0
              ],
              "uv": [
                15,
                42
              ],
              "inflate": 0
            },
            {
              "origin": [
                5.0,
                0.0,
                -2.0
              ],
              "size": [
                1.0,
                1.0,
                3.0
              ],
              "pivot": [
                6.0,
                0.0,
                0.0
              ],
              "rotation": [
                0.0,
                -35.0,
                0.0
              ],
              "uv": [
                6,
                22
              ],
              "inflate": 0
            }
          ],
          "rotation": [
            0,
            0,
            0
          ],
          "bind_pose_rotation": [
            0,
            0,
            0
          ]
        }
      ]
    }
  ]
}