{
  "format_version": "1.12.0",
  "minecraft:geometry": [
    {
      "description": {
        "identifier": "geometry.pa_bigcharlie",
        "texture_width": 128,
        "texture_height": 128,
        "visible_bounds_width": 3,
        "visible_bounds_height": 4.5,
        "visible_bounds_offset": [
          0,
          1.75,
          0
        ]
      },
      "bones": [
        {
          "name": "unknown_bone",
          "pivot": [
            0,
            0,
            0
          ],
          "cubes": [
            {
              "origin": [
                -1.0,
                20.0,
                0.0
              ],
              "size": [
                1.0,
                1.0,
                1.0
              ],
              "rotation": [
                0.0,
                0.0,
                0.0
              ],
              "uv": [
                16,
                40
              ],
              "inflate": 0
            },
            {
              "origin": [
                -5.0,
                17.0,
                -9.0
              ],
              "size": [
                10.0,
                5.0,
                16.0
              ],
              "rotation": [
                0.0,
                0.0,
                0.0
              ],
              "uv": [
                40,
                40
              ],
              "inflate": 0
            },
            {
              "origin": [
                -5.0,
                24.0,
                -15.0
              ],
              "size": [
                10.0,
                2.0,
                22.0
              ],
              "pivot": [
                0.0,
                21.0,
                0.0
              ],
              "rotation": [
                -20.0,
                0.0,
                0.0
              ],
              "uv": [
                0,
                0
              ],
              "inflate": 0
            },
            {
              "origin": [
                -1.0,
                25.0,
                -15.0
              ],
              "size": [
                2.0,
                2.0,
                22.0
              ],
              "pivot": [
                0.0,
                22.0,
                0.0
              ],
              "rotation": [
                -20.0,
                0.0,
                0.0
              ],
              "uv": [
                42,
                2
              ],
              "inflate": 0
            },
            {
              "origin": [
                -2.0,
                26.0,
                -11.0
              ],
              "size": [
                4.0,
                1.0,
                2.0
              ],
              "pivot": [
                0.0,
                22.0,
                0.0
              ],
              "rotation": [
                -20.0,
                0.0,
                0.0
              ],
              "uv": [
                68,
                18
              ],
              "inflate": 0
            },
            {
              "origin": [
                -2.0,
                24.0,
                -7.0
              ],
              "size": [
                4.0,
                1.0,
                2.0
              ],
              "pivot": [
                0.0,
                20.0,
                4.0
              ],
              "rotation": [
                -20.0,
                0.0,
                0.0
              ],
              "uv": [
                35,
                52
              ],
              "inflate": 0
            },
            {
              "origin": [
                -2.0,
                22.0,
                -2.0
              ],
              "size": [
                4.0,
                1.0,
                2.0
              ],
              "pivot": [
                0.0,
                18.0,
                9.0
              ],
              "rotation": [
                -20.0,
                0.0,
                0.0
              ],
              "uv": [
                35,
                49
              ],
              "inflate": 0
            },
            {
              "origin": [
                -2.0,
                21.0,
                3.0
              ],
              "size": [
                4.0,
                1.0,
                2.0
              ],
              "pivot": [
                0.0,
                17.0,
                14.0
              ],
              "rotation": [
                -20.0,
                0.0,
                0.0
              ],
              "uv": [
                35,
                46
              ],
              "inflate": 0
            },
            {
              "origin": [
                -2.0,
                26.0,
                -15.0
              ],
              "size": [
                4.0,
                1.0,
                2.0
              ],
              "pivot": [
                -1.0,
                22.0,
                0.0
              ],
              "rotation": [
                -20.0,
                0.0,
                0.0
              ],
              "uv": [
                68,
                15
              ],
              "inflate": 0
            },
            {
              "origin": [
                -1.0,
                26.0,
                4.0
              ],
              "size": [
                2.0,
                2.0,
                3.0
              ],
              "pivot": [
                0.0,
                23.0,
                0.0
              ],
              "rotation": [
                -20.0,
                0.0,
                0.0
              ],
              "uv": [
                68,
                0
              ],
              "inflate": 0
            },
            {
              "origin": [
                -1.0,
                27.0,
                0.0
              ],
              "size": [
                2.0,
                2.0,
                3.0
              ],
              "pivot": [
                0.0,
                24.0,
                -4.0
              ],
              "rotation": [
                -20.0,
                0.0,
                0.0
              ],
              "uv": [
                0,
                67
              ],
              "inflate": 0
            },
            {
              "origin": [
                -1.0,
                29.0,
                -4.0
              ],
              "size": [
                2.0,
                2.0,
                3.0
              ],
              "pivot": [
                0.0,
                26.0,
                -8.0
              ],
              "rotation": [
                -20.0,
                0.0,
                0.0
              ],
              "uv": [
                0,
                62
              ],
              "inflate": 0
            },
            {
              "origin": [
                -1.0,
                30.0,
                -8.0
              ],
              "size": [
                2.0,
                2.0,
                3.0
              ],
              "pivot": [
                0.0,
                27.0,
                -12.0
              ],
              "rotation": [
                -20.0,
                0.0,
                0.0
              ],
              "uv": [
                54,
                14
              ],
              "inflate": 0
            },
            {
              "origin": [
                -1.0,
                32.0,
                -12.0
              ],
              "size": [
                2.0,
                2.0,
                3.0
              ],
              "pivot": [
                0.0,
                29.0,
                -16.0
              ],
              "rotation": [
                -20.0,
                0.0,
                0.0
              ],
              "uv": [
                45,
                46
              ],
              "inflate": 0
            },
            {
              "origin": [
                -3.0,
                27.0,
                -23.0
              ],
              "size": [
                6.0,
                6.0,
                11.0
              ],
              "pivot": [
                0.0,
                28.0,
                0.0
              ],
              "rotation": [
                7.5,
                0.0,
                0.0
              ],
              "uv": [
                0,
                62
              ],
              "inflate": 0
            },
            {
              "origin": [
                -2.0,
                29.0,
                -28.0
              ],
              "size": [
                4.0,
                1.0,
                5.0
              ],
              "pivot": [
                0.0,
                31.0,
                -6.0
              ],
              "rotation": [
                17.5,
                0.0,
                0.0
              ],
              "uv": [
                0,
                24
              ],
              "inflate": 0
            },
            {
              "origin": [
                -2.0,
                20.0,
                -28.0
              ],
              "size": [
                4.0,
                1.0,
                5.0
              ],
              "pivot": [
                0.0,
                22.0,
                -6.0
              ],
              "rotation": [
                -20.0,
                0.0,
                0.0
              ],
              "uv": [
                3,
                12
              ],
              "inflate": 0
            },
            {
              "origin": [
                -2.0,
                29.0,
                -28.0
              ],
              "size": [
                1.0,
                2.0,
                2.0
              ],
              "pivot": [
                0.0,
                31.0,
                -8.0
              ],
              "rotation": [
                17.5,
                0.0,
                0.0
              ],
              "uv": [
                16,
                12
              ],
              "inflate": 0
            },
            {
              "origin": [
                1.0,
                29.0,
                -28.0
              ],
              "size": [
                1.0,
                2.0,
                2.0
              ],
              "pivot": [
                3.0,
                31.0,
                -8.0
              ],
              "rotation": [
                17.5,
                0.0,
                0.0
              ],
              "uv": [
                16,
                8
              ],
              "inflate": 0
            },
            {
              "origin": [
                1.0,
                21.0,
                -28.0
              ],
              "size": [
                1.0,
                2.0,
                2.0
              ],
              "pivot": [
                3.0,
                23.0,
                -8.0
              ],
              "rotation": [
                -15.0,
                0.0,
                0.0
              ],
              "uv": [
                16,
                4
              ],
              "inflate": 0
            },
            {
              "origin": [
                -2.0,
                21.0,
                -28.0
              ],
              "size": [
                1.0,
                2.0,
                2.0
              ],
              "pivot": [
                0.0,
                23.0,
                -8.0
              ],
              "rotation": [
                -15.0,
                0.0,
                0.0
              ],
              "uv": [
                16,
                0
              ],
              "inflate": 0
            },
            {
              "origin": [
                -3.0,
                30.0,
                -25.0
              ],
              "size": [
                6.0,
                4.0,
                11.0
              ],
              "pivot": [
                0.0,
                29.0,
                0.0
              ],
              "rotation": [
                7.5,
                0.0,
                0.0
              ],
              "uv": [
                68,
                0
              ],
              "inflate": 0
            },
            {
              "origin": [
                -3.0,
                34.0,
                -24.0
              ],
              "size": [
                6.0,
                1.0,
                9.0
              ],
              "pivot": [
                0.0,
                30.0,
                0.0
              ],
              "rotation": [
                7.5,
                0.0,
                0.0
              ],
              "uv": [
                67,
                26
              ],
              "inflate": 0
            },
            {
              "origin": [
                0.0,
                33.0,
                -16.0
              ],
              "size": [
                6.0,
                0.0,
                1.0
              ],
              "pivot": [
                3.0,
                29.0,
                0.0
              ],
              "rotation": [
                7.5,
                0.0,
                52.5
              ],
              "uv": [
                0,
                21
              ],
              "inflate": 0
            },
            {
              "origin": [
                0.0,
                32.0,
                -15.0
              ],
              "size": [
                6.0,
                0.0,
                1.0
              ],
              "pivot": [
                3.0,
                28.0,
                1.0
              ],
              "rotation": [
                7.5,
                0.0,
                52.5
              ],
              "uv": [
                0,
                20
              ],
              "inflate": 0
            },
            {
              "origin": [
                3.0,
                32.0,
                -17.0
              ],
              "size": [
                5.0,
                0.0,
                1.0
              ],
              "pivot": [
                5.0,
                28.0,
                -1.0
              ],
              "rotation": [
                10.0,
                10.0,
                52.5
              ],
              "uv": [
                35,
                34
              ],
              "inflate": 0
            },
            {
              "origin": [
                -5.0,
                34.0,
                -17.0
              ],
              "size": [
                5.0,
                0.0,
                1.0
              ],
              "pivot": [
                -3.0,
                30.0,
                -1.0
              ],
              "rotation": [
                10.0,
                10.0,
                -40.0
              ],
              "uv": [
                35,
                35
              ],
              "inflate": 0
            },
            {
              "origin": [
                -4.0,
                34.0,
                -16.0
              ],
              "size": [
                6.0,
                0.0,
                1.0
              ],
              "pivot": [
                -2.0,
                30.0,
                0.0
              ],
              "rotation": [
                5.0,
                10.0,
                -40.0
              ],
              "uv": [
                0,
                19
              ],
              "inflate": 0
            },
            {
              "origin": [
                -4.0,
                33.0,
                -15.0
              ],
              "size": [
                6.0,
                0.0,
                1.0
              ],
              "pivot": [
                -2.0,
                29.0,
                1.0
              ],
              "rotation": [
                5.0,
                10.0,
                -40.0
              ],
              "uv": [
                0,
                18
              ],
              "inflate": 0
            },
            {
              "origin": [
                -4.0,
                30.0,
                -21.0
              ],
              "size": [
                8.0,
                4.0,
                4.0
              ],
              "pivot": [
                1.0,
                29.0,
                0.0
              ],
              "rotation": [
                7.5,
                0.0,
                0.0
              ],
              "uv": [
                23,
                62
              ],
              "inflate": 0
            },
            {
              "origin": [
                -2.0,
                14.0,
                -32.0
              ],
              "size": [
                4.0,
                3.0,
                2.0
              ],
              "pivot": [
                0.0,
                13.0,
                -7.0
              ],
              "rotation": [
                -35.0,
                0.0,
                0.0
              ],
              "uv": [
                36,
                39
              ],
              "inflate": 0
            },
            {
              "origin": [
                -5.0,
                22.0,
                -9.0
              ],
              "size": [
                10.0,
                1.0,
                15.0
              ],
              "rotation": [
                0.0,
                0.0,
                0.0
              ],
              "uv": [
                0,
                46
              ],
              "inflate": 0
            },
            {
              "origin": [
                -4.0,
                22.0,
                -18.0
              ],
              "size": [
                8.0,
                2.0,
                20.0
              ],
              "pivot": [
                0.0,
                20.0,
                0.0
              ],
              "rotation": [
                -20.0,
                0.0,
                0.0
              ],
              "uv": [
                0,
                24
              ],
              "inflate": 0
            },
            {
              "origin": [
                -5.0,
                20.0,
                -15.0
              ],
              "size": [
                10.0,
                3.0,
                14.0
              ],
              "pivot": [
                0.0,
                19.0,
                0.0
              ],
              "rotation": [
                -17.5,
                0.0,
                0.0
              ],
              "uv": [
                36,
                61
              ],
              "inflate": 0
            },
            {
              "origin": [
                -5.0,
                14.0,
                -22.0
              ],
              "size": [
                10.0,
                2.0,
                11.0
              ],
              "pivot": [
                0.0,
                13.0,
                -1.0
              ],
              "rotation": [
                -40.0,
                0.0,
                0.0
              ],
              "uv": [
                36,
                26
              ],
              "inflate": 0
            },
            {
              "origin": [
                -1.0,
                19.0,
                0.0
              ],
              "size": [
                1.0,
                1.0,
                1.0
              ],
              "rotation": [
                0.0,
                0.0,
                0.0
              ],
              "uv": [
                16,
                38
              ],
              "inflate": 0
            },
            {
              "origin": [
                -2.0,
                15.0,
                0.0
              ],
              "size": [
                4.0,
                2.0,
                4.0
              ],
              "rotation": [
                0.0,
                0.0,
                0.0
              ],
              "uv": [
                42,
                16
              ],
              "inflate": 0
            },
            {
              "origin": [
                -1.0,
                21.0,
                0.0
              ],
              "size": [
                1.0,
                1.0,
                1.0
              ],
              "rotation": [
                0.0,
                0.0,
                0.0
              ],
              "uv": [
                16,
                36
              ],
              "inflate": 0
            },
            {
              "origin": [
                -1.0,
                20.0,
                0.0
              ],
              "size": [
                1.0,
                1.0,
                1.0
              ],
              "rotation": [
                0.0,
                0.0,
                0.0
              ],
              "uv": [
                16,
                34
              ],
              "inflate": 0
            },
            {
              "origin": [
                -1.0,
                20.0,
                0.0
              ],
              "size": [
                1.0,
                1.0,
                1.0
              ],
              "rotation": [
                0.0,
                0.0,
                0.0
              ],
              "uv": [
                16,
                32
              ],
              "inflate": 0
            },
            {
              "origin": [
                -1.0,
                21.0,
                0.0
              ],
              "size": [
                1.0,
                1.0,
                1.0
              ],
              "rotation": [
                0.0,
                0.0,
                0.0
              ],
              "uv": [
                14,
                30
              ],
              "inflate": 0
            },
            {
              "origin": [
                -2.0,
                14.0,
                3.0
              ],
              "size": [
                1.0,
                1.0,
                1.0
              ],
              "rotation": [
                0.0,
                0.0,
                0.0
              ],
              "uv": [
                6,
                30
              ],
              "inflate": 0
            },
            {
              "origin": [
                -2.0,
                14.0,
                0.0
              ],
              "size": [
                1.0,
                1.0,
                1.0
              ],
              "rotation": [
                0.0,
                0.0,
                0.0
              ],
              "uv": [
                14,
                0
              ],
              "inflate": 0
            },
            {
              "origin": [
                1.0,
                14.0,
                0.0
              ],
              "size": [
                1.0,
                1.0,
                1.0
              ],
              "rotation": [
                0.0,
                0.0,
                0.0
              ],
              "uv": [
                0,
                24
              ],
              "inflate": 0
            },
            {
              "origin": [
                1.0,
                14.0,
                3.0
              ],
              "size": [
                1.0,
                1.0,
                1.0
              ],
              "rotation": [
                0.0,
                0.0,
                0.0
              ],
              "uv": [
                6,
                0
              ],
              "inflate": 0
            },
            {
              "origin": [
                -1.0,
                19.0,
                0.0
              ],
              "size": [
                1.0,
                1.0,
                1.0
              ],
              "rotation": [
                0.0,
                0.0,
                0.0
              ],
              "uv": [
                16,
                27
              ],
              "inflate": 0
            },
            {
              "origin": [
                -1.0,
                18.0,
                0.0
              ],
              "size": [
                1.0,
                1.0,
                1.0
              ],
              "rotation": [
                0.0,
                0.0,
                0.0
              ],
              "uv": [
                13,
                26
              ],
              "inflate": 0
            },
            {
              "origin": [
                -1.0,
                19.0,
                0.0
              ],
              "size": [
                1.0,
                1.0,
                1.0
              ],
              "rotation": [
                0.0,
                0.0,
                0.0
              ],
              "uv": [
                0,
                26
              ],
              "inflate": 0
            },
            {
              "origin": [
                -1.0,
                21.0,
                0.0
              ],
              "size": [
                1.0,
                1.0,
                1.0
              ],
              "rotation": [
                0.0,
                0.0,
                0.0
              ],
              "uv": [
                16,
                25
              ],
              "inflate": 0
            },
            {
              "origin": [
                -1.0,
                22.0,
                0.0
              ],
              "size": [
                1.0,
                1.0,
                1.0
              ],
              "rotation": [
                0.0,
                0.0,
                0.0
              ],
              "uv": [
                13,
                24
              ],
              "inflate": 0
            },
            {
              "origin": [
                -8.0,
                0.0,
                -10.0
              ],
              "size": [
                2.0,
                12.0,
                2.0
              ],
              "pivot": [
                -6.0,
                0.0,
                -9.0
              ],
              "rotation": [
                0.0,
                0.0,
                -2.5
              ],
              "uv": [
                50,
                0
              ],
              "inflate": 0
            },
            {
              "origin": [
                -8.0,
                0.0,
                7.0
              ],
              "size": [
                2.0,
                12.0,
                2.0
              ],
              "pivot": [
                -6.0,
                0.0,
                8.0
              ],
              "rotation": [
                0.0,
                0.0,
                -2.5
              ],
              "uv": [
                8,
                30
              ],
              "inflate": 0
            },
            {
              "origin": [
                -8.0,
                0.0,
                4.0
              ],
              "size": [
                2.0,
                1.0,
                3.0
              ],
              "pivot": [
                -6.0,
                0.0,
                6.0
              ],
              "rotation": [
                0.0,
                0.0,
                -2.5
              ],
              "uv": [
                5,
                57
              ],
              "inflate": 0
            },
            {
              "origin": [
                6.0,
                0.0,
                4.0
              ],
              "size": [
                2.0,
                1.0,
                3.0
              ],
              "pivot": [
                8.0,
                0.0,
                6.0
              ],
              "rotation": [
                0.0,
                0.0,
                -2.5
              ],
              "uv": [
                44,
                52
              ],
              "inflate": 0
            },
            {
              "origin": [
                6.0,
                1.0,
                6.0
              ],
              "size": [
                2.0,
                1.0,
                2.0
              ],
              "pivot": [
                8.0,
                1.0,
                7.0
              ],
              "rotation": [
                40.0,
                0.0,
                -2.5
              ],
              "uv": [
                48,
                39
              ],
              "inflate": 0
            },
            {
              "origin": [
                -8.0,
                1.0,
                6.0
              ],
              "size": [
                2.0,
                1.0,
                2.0
              ],
              "pivot": [
                -6.0,
                1.0,
                7.0
              ],
              "rotation": [
                40.0,
                0.0,
                -2.5
              ],
              "uv": [
                13,
                18
              ],
              "inflate": 0
            },
            {
              "origin": [
                6.0,
                0.0,
                7.0
              ],
              "size": [
                2.0,
                12.0,
                2.0
              ],
              "pivot": [
                8.0,
                0.0,
                8.0
              ],
              "rotation": [
                0.0,
                0.0,
                -2.5
              ],
              "uv": [
                0,
                30
              ],
              "inflate": 0
            },
            {
              "origin": [
                6.0,
                0.0,
                -10.0
              ],
              "size": [
                2.0,
                12.0,
                2.0
              ],
              "pivot": [
                8.0,
                0.0,
                -9.0
              ],
              "rotation": [
                0.0,
                0.0,
                -2.5
              ],
              "uv": [
                0,
                46
              ],
              "inflate": 0
            },
            {
              "origin": [
                -9.0,
                11.0,
                -10.0
              ],
              "size": [
                2.0,
                15.0,
                2.0
              ],
              "pivot": [
                -7.0,
                11.0,
                -9.0
              ],
              "rotation": [
                -10.0,
                0.0,
                30.0
              ],
              "uv": [
                0,
                0
              ],
              "inflate": 0
            },
            {
              "origin": [
                -9.0,
                11.0,
                7.0
              ],
              "size": [
                2.0,
                8.0,
                2.0
              ],
              "pivot": [
                -7.0,
                11.0,
                8.0
              ],
              "rotation": [
                25.0,
                0.0,
                30.0
              ],
              "uv": [
                36,
                24
              ],
              "inflate": 0
            },
            {
              "origin": [
                5.0,
                11.0,
                7.0
              ],
              "size": [
                2.0,
                10.0,
                2.0
              ],
              "pivot": [
                7.0,
                12.0,
                8.0
              ],
              "rotation": [
                25.0,
                0.0,
                -15.0
              ],
              "uv": [
                8,
                0
              ],
              "inflate": 0
            },
            {
              "origin": [
                6.0,
                12.0,
                -10.0
              ],
              "size": [
                2.0,
                14.0,
                2.0
              ],
              "pivot": [
                8.0,
                12.0,
                -9.0
              ],
              "rotation": [
                -7.5,
                0.0,
                -27.5
              ],
              "uv": [
                42,
                0
              ],
              "inflate": 0
            }
          ],
          "rotation": [
            0,
            0,
            0
          ],
          "bind_pose_rotation": [
            0,
            0,
            0
          ]
        }
      ]
    }
  ]
}