{
  "format_version": "1.12.0",
  "minecraft:geometry": [
    {
      "description": {
        "identifier": "geometry.pa_cartoonmouse",
        "texture_width": 64,
        "texture_height": 64,
        "visible_bounds_width": 2,
        "visible_bounds_height": 3.5,
        "visible_bounds_offset": [
          0,
          1.25,
          0
        ]
      },
      "bones": [
        {
          "name": "unknown_bone",
          "pivot": [
            0,
            0,
            0
          ],
          "cubes": [
            {
              "origin": [
                -1.0,
                19.0,
                -1.0
              ],
              "size": [
                2.0,
                2.0,
                2.0
              ],
              "rotation": [
                0.0,
                0.0,
                0.0
              ],
              "uv": [
                38,
                7
              ],
              "inflate": 0
            },
            {
              "origin": [
                -3.0,
                21.0,
                -1.0
              ],
              "size": [
                6.0,
                7.0,
                3.0
              ],
              "rotation": [
                0.0,
                0.0,
                0.0
              ],
              "uv": [
                0,
                8
              ],
              "inflate": 0
            },
            {
              "origin": [
                -4.0,
                22.0,
                -1.0
              ],
              "size": [
                1.0,
                5.0,
                3.0
              ],
              "rotation": [
                0.0,
                0.0,
                0.0
              ],
              "uv": [
                32,
                9
              ],
              "inflate": 0
            },
            {
              "origin": [
                3.0,
                22.0,
                -1.0
              ],
              "size": [
                1.0,
                5.0,
                3.0
              ],
              "rotation": [
                0.0,
                0.0,
                0.0
              ],
              "uv": [
                31,
                18
              ],
              "inflate": 0
            },
            {
              "origin": [
                -3.0,
                24.0,
                -2.0
              ],
              "size": [
                2.0,
                3.0,
                1.0
              ],
              "pivot": [
                1.0,
                21.0,
                -1.0
              ],
              "rotation": [
                0.0,
                0.0,
                -10.0
              ],
              "uv": [
                39,
                21
              ],
              "inflate": 0
            },
            {
              "origin": [
                -4.0,
                27.0,
                0.0
              ],
              "size": [
                4.0,
                4.0,
                1.0
              ],
              "pivot": [
                1.0,
                25.0,
                1.0
              ],
              "rotation": [
                0.0,
                0.0,
                -17.5
              ],
              "uv": [
                39,
                16
              ],
              "inflate": 0
            },
            {
              "origin": [
                -1.0,
                23.0,
                0.0
              ],
              "size": [
                4.0,
                4.0,
                1.0
              ],
              "pivot": [
                4.0,
                23.0,
                1.0
              ],
              "rotation": [
                0.0,
                0.0,
                30.0
              ],
              "uv": [
                32,
                26
              ],
              "inflate": 0
            },
            {
              "origin": [
                -1.0,
                25.0,
                0.0
              ],
              "size": [
                1.0,
                3.0,
                1.0
              ],
              "pivot": [
                4.0,
                24.0,
                1.0
              ],
              "rotation": [
                0.0,
                0.0,
                30.0
              ],
              "uv": [
                20,
                31
              ],
              "inflate": 0
            },
            {
              "origin": [
                0.0,
                24.0,
                0.0
              ],
              "size": [
                1.0,
                3.0,
                1.0
              ],
              "pivot": [
                5.0,
                23.0,
                1.0
              ],
              "rotation": [
                0.0,
                0.0,
                30.0
              ],
              "uv": [
                26,
                4
              ],
              "inflate": 0
            },
            {
              "origin": [
                1.0,
                23.0,
                0.0
              ],
              "size": [
                1.0,
                4.0,
                1.0
              ],
              "pivot": [
                6.0,
                22.0,
                1.0
              ],
              "rotation": [
                0.0,
                0.0,
                30.0
              ],
              "uv": [
                16,
                40
              ],
              "inflate": 0
            },
            {
              "origin": [
                2.0,
                22.0,
                0.0
              ],
              "size": [
                1.0,
                4.0,
                1.0
              ],
              "pivot": [
                7.0,
                22.0,
                1.0
              ],
              "rotation": [
                0.0,
                0.0,
                40.0
              ],
              "uv": [
                12,
                40
              ],
              "inflate": 0
            },
            {
              "origin": [
                -4.0,
                31.0,
                0.0
              ],
              "size": [
                3.0,
                1.0,
                1.0
              ],
              "pivot": [
                1.0,
                26.0,
                1.0
              ],
              "rotation": [
                0.0,
                0.0,
                -17.5
              ],
              "uv": [
                22,
                21
              ],
              "inflate": 0
            },
            {
              "origin": [
                0.0,
                23.0,
                -2.0
              ],
              "size": [
                2.0,
                3.0,
                1.0
              ],
              "pivot": [
                4.0,
                20.0,
                -1.0
              ],
              "rotation": [
                0.0,
                0.0,
                15.0
              ],
              "uv": [
                38,
                31
              ],
              "inflate": 0
            },
            {
              "origin": [
                -3.0,
                21.0,
                -2.0
              ],
              "size": [
                1.0,
                2.0,
                1.0
              ],
              "pivot": [
                -1.0,
                17.0,
                -1.0
              ],
              "rotation": [
                0.0,
                0.0,
                17.5
              ],
              "uv": [
                40,
                11
              ],
              "inflate": 0
            },
            {
              "origin": [
                1.0,
                22.0,
                -2.0
              ],
              "size": [
                1.0,
                2.0,
                1.0
              ],
              "pivot": [
                3.0,
                18.0,
                -1.0
              ],
              "rotation": [
                0.0,
                0.0,
                -15.0
              ],
              "uv": [
                40,
                3
              ],
              "inflate": 0
            },
            {
              "origin": [
                -1.0,
                24.0,
                -2.0
              ],
              "size": [
                1.0,
                1.0,
                1.0
              ],
              "rotation": [
                0.0,
                0.0,
                0.0
              ],
              "uv": [
                40,
                38
              ],
              "inflate": 0
            },
            {
              "origin": [
                -1.0,
                13.0,
                0.0
              ],
              "size": [
                1.0,
                1.0,
                1.0
              ],
              "rotation": [
                0.0,
                0.0,
                0.0
              ],
              "uv": [
                40,
                36
              ],
              "inflate": 0
            },
            {
              "origin": [
                -1.0,
                15.0,
                0.0
              ],
              "size": [
                1.0,
                1.0,
                1.0
              ],
              "rotation": [
                0.0,
                0.0,
                0.0
              ],
              "uv": [
                40,
                34
              ],
              "inflate": 0
            },
            {
              "origin": [
                -1.0,
                15.0,
                0.0
              ],
              "size": [
                1.0,
                1.0,
                1.0
              ],
              "rotation": [
                0.0,
                0.0,
                0.0
              ],
              "uv": [
                40,
                14
              ],
              "inflate": 0
            },
            {
              "origin": [
                -1.0,
                14.0,
                0.0
              ],
              "size": [
                1.0,
                1.0,
                1.0
              ],
              "rotation": [
                0.0,
                0.0,
                0.0
              ],
              "uv": [
                4,
                33
              ],
              "inflate": 0
            },
            {
              "origin": [
                -1.0,
                16.0,
                0.0
              ],
              "size": [
                1.0,
                1.0,
                1.0
              ],
              "rotation": [
                0.0,
                0.0,
                0.0
              ],
              "uv": [
                26,
                0
              ],
              "inflate": 0
            },
            {
              "origin": [
                -1.0,
                14.0,
                0.0
              ],
              "size": [
                1.0,
                1.0,
                1.0
              ],
              "rotation": [
                0.0,
                0.0,
                0.0
              ],
              "uv": [
                12,
                18
              ],
              "inflate": 0
            },
            {
              "origin": [
                -1.0,
                13.0,
                0.0
              ],
              "size": [
                1.0,
                1.0,
                1.0
              ],
              "rotation": [
                0.0,
                0.0,
                0.0
              ],
              "uv": [
                6,
                18
              ],
              "inflate": 0
            },
            {
              "origin": [
                1.0,
                0.0,
                -1.0
              ],
              "size": [
                2.0,
                7.0,
                2.0
              ],
              "rotation": [
                0.0,
                0.0,
                0.0
              ],
              "uv": [
                32,
                32
              ],
              "inflate": 0
            },
            {
              "origin": [
                -4.0,
                0.0,
                -1.0
              ],
              "size": [
                2.0,
                7.0,
                2.0
              ],
              "rotation": [
                0.0,
                0.0,
                0.0
              ],
              "uv": [
                12,
                31
              ],
              "inflate": 0
            },
            {
              "origin": [
                -4.0,
                6.0,
                -1.0
              ],
              "size": [
                1.0,
                8.0,
                2.0
              ],
              "pivot": [
                -2.0,
                7.0,
                0.0
              ],
              "rotation": [
                0.0,
                0.0,
                7.5
              ],
              "uv": [
                6,
                33
              ],
              "inflate": 0
            },
            {
              "origin": [
                2.0,
                7.0,
                -1.0
              ],
              "size": [
                1.0,
                8.0,
                2.0
              ],
              "pivot": [
                4.0,
                8.0,
                0.0
              ],
              "rotation": [
                0.0,
                0.0,
                -15.0
              ],
              "uv": [
                0,
                33
              ],
              "inflate": 0
            },
            {
              "origin": [
                -4.0,
                6.0,
                -1.0
              ],
              "size": [
                1.0,
                13.0,
                2.0
              ],
              "rotation": [
                0.0,
                0.0,
                0.0
              ],
              "uv": [
                8,
                18
              ],
              "inflate": 0
            },
            {
              "origin": [
                -2.0,
                15.0,
                -1.0
              ],
              "size": [
                5.0,
                5.0,
                2.0
              ],
              "pivot": [
                0.0,
                6.0,
                0.0
              ],
              "rotation": [
                0.0,
                0.0,
                -12.5
              ],
              "uv": [
                18,
                8
              ],
              "inflate": 0
            },
            {
              "origin": [
                -5.0,
                17.0,
                -1.0
              ],
              "size": [
                7.0,
                3.0,
                2.0
              ],
              "pivot": [
                -3.0,
                7.0,
                0.0
              ],
              "rotation": [
                0.0,
                0.0,
                17.5
              ],
              "uv": [
                16,
                16
              ],
              "inflate": 0
            },
            {
              "origin": [
                -10.0,
                22.0,
                -1.0
              ],
              "size": [
                11.0,
                2.0,
                2.0
              ],
              "pivot": [
                -6.0,
                11.0,
                0.0
              ],
              "rotation": [
                0.0,
                0.0,
                77.5
              ],
              "uv": [
                0,
                4
              ],
              "inflate": 0
            },
            {
              "origin": [
                -22.0,
                28.0,
                -1.0
              ],
              "size": [
                12.0,
                2.0,
                2.0
              ],
              "pivot": [
                -17.0,
                17.0,
                0.0
              ],
              "rotation": [
                0.0,
                0.0,
                102.5
              ],
              "uv": [
                0,
                0
              ],
              "inflate": 0
            },
            {
              "origin": [
                1.0,
                6.0,
                -1.0
              ],
              "size": [
                2.0,
                13.0,
                2.0
              ],
              "rotation": [
                0.0,
                0.0,
                0.0
              ],
              "uv": [
                0,
                18
              ],
              "inflate": 0
            },
            {
              "origin": [
                1.0,
                7.0,
                -1.0
              ],
              "size": [
                2.0,
                9.0,
                2.0
              ],
              "pivot": [
                3.0,
                7.0,
                0.0
              ],
              "rotation": [
                0.0,
                0.0,
                7.5
              ],
              "uv": [
                24,
                24
              ],
              "inflate": 0
            },
            {
              "origin": [
                -4.0,
                12.0,
                -1.0
              ],
              "size": [
                3.0,
                7.0,
                2.0
              ],
              "pivot": [
                -1.0,
                9.0,
                0.0
              ],
              "rotation": [
                0.0,
                0.0,
                2.5
              ],
              "uv": [
                30,
                0
              ],
              "inflate": 0
            },
            {
              "origin": [
                -2.0,
                11.0,
                -1.0
              ],
              "size": [
                3.0,
                8.0,
                2.0
              ],
              "pivot": [
                1.0,
                7.0,
                0.0
              ],
              "rotation": [
                0.0,
                0.0,
                2.5
              ],
              "uv": [
                14,
                21
              ],
              "inflate": 0
            },
            {
              "origin": [
                -4.0,
                6.0,
                -1.0
              ],
              "size": [
                2.0,
                6.0,
                2.0
              ],
              "pivot": [
                -2.0,
                6.0,
                0.0
              ],
              "rotation": [
                0.0,
                0.0,
                15.0
              ],
              "uv": [
                20,
                35
              ],
              "inflate": 0
            },
            {
              "origin": [
                1.0,
                7.0,
                -1.0
              ],
              "size": [
                1.0,
                5.0,
                2.0
              ],
              "pivot": [
                3.0,
                7.0,
                0.0
              ],
              "rotation": [
                0.0,
                0.0,
                -12.5
              ],
              "uv": [
                28,
                39
              ],
              "inflate": 0
            }
          ],
          "rotation": [
            0,
            0,
            0
          ],
          "bind_pose_rotation": [
            0,
            0,
            0
          ]
        }
      ]
    }
  ]
}