{
  "format_version": "1.12.0",
  "minecraft:geometry": [
    {
      "description": {
        "identifier": "geometry.pa_cartoonmousekiller",
        "texture_width": 64,
        "texture_height": 64,
        "visible_bounds_width": 5,
        "visible_bounds_height": 3.5,
        "visible_bounds_offset": [
          0,
          1.25,
          0
        ]
      },
      "bones": [
        {
          "name": "unknown_bone",
          "pivot": [
            0,
            0,
            0
          ],
          "cubes": [
            {
              "origin": [
                -1.0,
                19.0,
                -2.0
              ],
              "size": [
                2.0,
                2.0,
                3.0
              ],
              "rotation": [
                0.0,
                0.0,
                0.0
              ],
              "uv": [
                12,
                46
              ],
              "inflate": 0
            },
            {
              "origin": [
                -3.0,
                21.0,
                -2.0
              ],
              "size": [
                6.0,
                2.0,
                4.0
              ],
              "rotation": [
                0.0,
                0.0,
                0.0
              ],
              "uv": [
                12,
                46
              ],
              "inflate": 0
            },
            {
              "origin": [
                -3.0,
                23.0,
                -1.0
              ],
              "size": [
                6.0,
                1.0,
                3.0
              ],
              "rotation": [
                0.0,
                0.0,
                0.0
              ],
              "uv": [
                12,
                46
              ],
              "inflate": 0
            },
            {
              "origin": [
                -2.0,
                19.0,
                -3.0
              ],
              "size": [
                4.0,
                2.0,
                1.0
              ],
              "rotation": [
                0.0,
                0.0,
                0.0
              ],
              "uv": [
                44,
                38
              ],
              "inflate": 0
            },
            {
              "origin": [
                -3.0,
                28.0,
                -1.0
              ],
              "size": [
                6.0,
                3.0,
                3.0
              ],
              "rotation": [
                0.0,
                0.0,
                0.0
              ],
              "uv": [
                0,
                15
              ],
              "inflate": 0
            },
            {
              "origin": [
                -3.0,
                24.0,
                -1.0
              ],
              "size": [
                6.0,
                4.0,
                3.0
              ],
              "rotation": [
                0.0,
                0.0,
                0.0
              ],
              "uv": [
                0,
                8
              ],
              "inflate": 0
            },
            {
              "origin": [
                -4.0,
                22.0,
                -2.0
              ],
              "size": [
                1.0,
                2.0,
                4.0
              ],
              "rotation": [
                0.0,
                0.0,
                0.0
              ],
              "uv": [
                45,
                12
              ],
              "inflate": 0
            },
            {
              "origin": [
                3.0,
                22.0,
                -2.0
              ],
              "size": [
                1.0,
                2.0,
                4.0
              ],
              "rotation": [
                0.0,
                0.0,
                0.0
              ],
              "uv": [
                24,
                45
              ],
              "inflate": 0
            },
            {
              "origin": [
                3.0,
                24.0,
                -1.0
              ],
              "size": [
                1.0,
                6.0,
                3.0
              ],
              "rotation": [
                0.0,
                0.0,
                0.0
              ],
              "uv": [
                44,
                33
              ],
              "inflate": 0
            },
            {
              "origin": [
                3.0,
                28.0,
                -1.0
              ],
              "size": [
                1.0,
                2.0,
                3.0
              ],
              "rotation": [
                0.0,
                0.0,
                0.0
              ],
              "uv": [
                19,
                43
              ],
              "inflate": 0
            },
            {
              "origin": [
                -4.0,
                24.0,
                -1.0
              ],
              "size": [
                1.0,
                6.0,
                3.0
              ],
              "rotation": [
                0.0,
                0.0,
                0.0
              ],
              "uv": [
                44,
                0
              ],
              "inflate": 0
            },
            {
              "origin": [
                -3.0,
                28.0,
                -2.0
              ],
              "size": [
                2.0,
                3.0,
                1.0
              ],
              "pivot": [
                1.0,
                25.0,
                -1.0
              ],
              "rotation": [
                0.0,
                0.0,
                -10.0
              ],
              "uv": [
                46,
                21
              ],
              "inflate": 0
            },
            {
              "origin": [
                -4.0,
                31.0,
                0.0
              ],
              "size": [
                4.0,
                4.0,
                1.0
              ],
              "pivot": [
                1.0,
                29.0,
                1.0
              ],
              "rotation": [
                0.0,
                0.0,
                -17.5
              ],
              "uv": [
                43,
                43
              ],
              "inflate": 0
            },
            {
              "origin": [
                -1.0,
                28.0,
                0.0
              ],
              "size": [
                4.0,
                4.0,
                1.0
              ],
              "pivot": [
                4.0,
                28.0,
                1.0
              ],
              "rotation": [
                0.0,
                0.0,
                30.0
              ],
              "uv": [
                33,
                43
              ],
              "inflate": 0
            },
            {
              "origin": [
                -1.0,
                30.0,
                0.0
              ],
              "size": [
                1.0,
                3.0,
                1.0
              ],
              "pivot": [
                4.0,
                29.0,
                1.0
              ],
              "rotation": [
                0.0,
                0.0,
                30.0
              ],
              "uv": [
                20,
                48
              ],
              "inflate": 0
            },
            {
              "origin": [
                0.0,
                29.0,
                0.0
              ],
              "size": [
                1.0,
                3.0,
                1.0
              ],
              "pivot": [
                5.0,
                28.0,
                1.0
              ],
              "rotation": [
                0.0,
                0.0,
                30.0
              ],
              "uv": [
                29,
                44
              ],
              "inflate": 0
            },
            {
              "origin": [
                1.0,
                28.0,
                0.0
              ],
              "size": [
                1.0,
                4.0,
                1.0
              ],
              "pivot": [
                6.0,
                27.0,
                1.0
              ],
              "rotation": [
                0.0,
                0.0,
                30.0
              ],
              "uv": [
                22,
                37
              ],
              "inflate": 0
            },
            {
              "origin": [
                2.0,
                27.0,
                0.0
              ],
              "size": [
                1.0,
                4.0,
                1.0
              ],
              "pivot": [
                7.0,
                27.0,
                1.0
              ],
              "rotation": [
                0.0,
                0.0,
                40.0
              ],
              "uv": [
                36,
                15
              ],
              "inflate": 0
            },
            {
              "origin": [
                -4.0,
                35.0,
                0.0
              ],
              "size": [
                3.0,
                1.0,
                1.0
              ],
              "pivot": [
                1.0,
                30.0,
                1.0
              ],
              "rotation": [
                0.0,
                0.0,
                -17.5
              ],
              "uv": [
                30,
                0
              ],
              "inflate": 0
            },
            {
              "origin": [
                0.0,
                27.0,
                -2.0
              ],
              "size": [
                2.0,
                3.0,
                1.0
              ],
              "pivot": [
                4.0,
                24.0,
                -1.0
              ],
              "rotation": [
                0.0,
                0.0,
                15.0
              ],
              "uv": [
                46,
                17
              ],
              "inflate": 0
            },
            {
              "origin": [
                -1.0,
                28.0,
                -2.0
              ],
              "size": [
                1.0,
                1.0,
                1.0
              ],
              "rotation": [
                0.0,
                0.0,
                0.0
              ],
              "uv": [
                38,
                0
              ],
              "inflate": 0
            },
            {
              "origin": [
                -1.0,
                13.0,
                0.0
              ],
              "size": [
                1.0,
                1.0,
                1.0
              ],
              "rotation": [
                0.0,
                0.0,
                0.0
              ],
              "uv": [
                12,
                37
              ],
              "inflate": 0
            },
            {
              "origin": [
                -1.0,
                15.0,
                0.0
              ],
              "size": [
                1.0,
                1.0,
                1.0
              ],
              "rotation": [
                0.0,
                0.0,
                0.0
              ],
              "uv": [
                32,
                33
              ],
              "inflate": 0
            },
            {
              "origin": [
                -1.0,
                15.0,
                0.0
              ],
              "size": [
                1.0,
                1.0,
                1.0
              ],
              "rotation": [
                0.0,
                0.0,
                0.0
              ],
              "uv": [
                32,
                6
              ],
              "inflate": 0
            },
            {
              "origin": [
                -1.0,
                14.0,
                0.0
              ],
              "size": [
                1.0,
                1.0,
                1.0
              ],
              "rotation": [
                0.0,
                0.0,
                0.0
              ],
              "uv": [
                14,
                27
              ],
              "inflate": 0
            },
            {
              "origin": [
                -1.0,
                16.0,
                0.0
              ],
              "size": [
                1.0,
                1.0,
                1.0
              ],
              "rotation": [
                0.0,
                0.0,
                0.0
              ],
              "uv": [
                4,
                27
              ],
              "inflate": 0
            },
            {
              "origin": [
                -1.0,
                14.0,
                0.0
              ],
              "size": [
                1.0,
                1.0,
                1.0
              ],
              "rotation": [
                0.0,
                0.0,
                0.0
              ],
              "uv": [
                24,
                22
              ],
              "inflate": 0
            },
            {
              "origin": [
                -1.0,
                13.0,
                0.0
              ],
              "size": [
                1.0,
                1.0,
                1.0
              ],
              "rotation": [
                0.0,
                0.0,
                0.0
              ],
              "uv": [
                15,
                8
              ],
              "inflate": 0
            },
            {
              "origin": [
                1.0,
                0.0,
                -1.0
              ],
              "size": [
                2.0,
                7.0,
                2.0
              ],
              "rotation": [
                0.0,
                0.0,
                0.0
              ],
              "uv": [
                14,
                37
              ],
              "inflate": 0
            },
            {
              "origin": [
                -4.0,
                0.0,
                -1.0
              ],
              "size": [
                2.0,
                7.0,
                2.0
              ],
              "rotation": [
                0.0,
                0.0,
                0.0
              ],
              "uv": [
                6,
                37
              ],
              "inflate": 0
            },
            {
              "origin": [
                -4.0,
                6.0,
                -1.0
              ],
              "size": [
                1.0,
                8.0,
                2.0
              ],
              "pivot": [
                -2.0,
                7.0,
                0.0
              ],
              "rotation": [
                0.0,
                0.0,
                7.5
              ],
              "uv": [
                0,
                42
              ],
              "inflate": 0
            },
            {
              "origin": [
                2.0,
                7.0,
                -1.0
              ],
              "size": [
                1.0,
                8.0,
                2.0
              ],
              "pivot": [
                4.0,
                8.0,
                0.0
              ],
              "rotation": [
                0.0,
                0.0,
                -15.0
              ],
              "uv": [
                40,
                15
              ],
              "inflate": 0
            },
            {
              "origin": [
                -4.0,
                6.0,
                -1.0
              ],
              "size": [
                1.0,
                13.0,
                2.0
              ],
              "rotation": [
                0.0,
                0.0,
                0.0
              ],
              "uv": [
                0,
                27
              ],
              "inflate": 0
            },
            {
              "origin": [
                -2.0,
                15.0,
                -1.0
              ],
              "size": [
                5.0,
                5.0,
                2.0
              ],
              "pivot": [
                0.0,
                6.0,
                0.0
              ],
              "rotation": [
                0.0,
                0.0,
                -12.5
              ],
              "uv": [
                26,
                26
              ],
              "inflate": 0
            },
            {
              "origin": [
                -5.0,
                17.0,
                -1.0
              ],
              "size": [
                7.0,
                3.0,
                2.0
              ],
              "pivot": [
                -3.0,
                7.0,
                0.0
              ],
              "rotation": [
                0.0,
                0.0,
                17.5
              ],
              "uv": [
                18,
                8
              ],
              "inflate": 0
            },
            {
              "origin": [
                -14.0,
                22.0,
                -1.0
              ],
              "size": [
                12.0,
                2.0,
                2.0
              ],
              "pivot": [
                -7.0,
                11.0,
                0.0
              ],
              "rotation": [
                0.0,
                0.0,
                90.0
              ],
              "uv": [
                0,
                4
              ],
              "inflate": 0
            },
            {
              "origin": [
                7.0,
                18.0,
                -1.0
              ],
              "size": [
                8.0,
                2.0,
                2.0
              ],
              "pivot": [
                11.0,
                7.0,
                0.0
              ],
              "rotation": [
                0.0,
                0.0,
                -17.5
              ],
              "uv": [
                18,
                18
              ],
              "inflate": 0
            },
            {
              "origin": [
                -14.0,
                16.0,
                -1.0
              ],
              "size": [
                8.0,
                2.0,
                2.0
              ],
              "pivot": [
                -10.0,
                5.0,
                0.0
              ],
              "rotation": [
                0.0,
                0.0,
                5.0
              ],
              "uv": [
                16,
                13
              ],
              "inflate": 0
            },
            {
              "origin": [
                8.0,
                18.0,
                -1.0
              ],
              "size": [
                5.0,
                2.0,
                2.0
              ],
              "pivot": [
                12.0,
                7.0,
                0.0
              ],
              "rotation": [
                0.0,
                0.0,
                12.5
              ],
              "uv": [
                34,
                11
              ],
              "inflate": 0
            },
            {
              "origin": [
                -16.0,
                16.0,
                -1.0
              ],
              "size": [
                5.0,
                2.0,
                2.0
              ],
              "pivot": [
                -12.0,
                5.0,
                0.0
              ],
              "rotation": [
                0.0,
                0.0,
                -5.0
              ],
              "uv": [
                30,
                2
              ],
              "inflate": 0
            },
            {
              "origin": [
                -19.0,
                18.0,
                -1.0
              ],
              "size": [
                5.0,
                2.0,
                2.0
              ],
              "pivot": [
                -15.0,
                7.0,
                0.0
              ],
              "rotation": [
                0.0,
                0.0,
                -32.5
              ],
              "uv": [
                30,
                2
              ],
              "inflate": 0
            },
            {
              "origin": [
                -18.0,
                21.0,
                -1.0
              ],
              "size": [
                5.0,
                2.0,
                2.0
              ],
              "pivot": [
                -14.0,
                10.0,
                0.0
              ],
              "rotation": [
                0.0,
                0.0,
                -67.5
              ],
              "uv": [
                30,
                2
              ],
              "inflate": 0
            },
            {
              "origin": [
                11.0,
                17.0,
                -1.0
              ],
              "size": [
                5.0,
                2.0,
                2.0
              ],
              "pivot": [
                15.0,
                6.0,
                0.0
              ],
              "rotation": [
                0.0,
                0.0,
                15.0
              ],
              "uv": [
                34,
                6
              ],
              "inflate": 0
            },
            {
              "origin": [
                15.0,
                15.0,
                -1.0
              ],
              "size": [
                5.0,
                2.0,
                2.0
              ],
              "pivot": [
                19.0,
                4.0,
                0.0
              ],
              "rotation": [
                0.0,
                0.0,
                17.5
              ],
              "uv": [
                34,
                6
              ],
              "inflate": 0
            },
            {
              "origin": [
                10.0,
                17.0,
                -1.0
              ],
              "size": [
                5.0,
                2.0,
                2.0
              ],
              "pivot": [
                14.0,
                6.0,
                0.0
              ],
              "rotation": [
                0.0,
                0.0,
                60.0
              ],
              "uv": [
                34,
                6
              ],
              "inflate": 0
            },
            {
              "origin": [
                9.0,
                18.0,
                -1.0
              ],
              "size": [
                5.0,
                2.0,
                2.0
              ],
              "pivot": [
                13.0,
                7.0,
                0.0
              ],
              "rotation": [
                0.0,
                0.0,
                85.0
              ],
              "uv": [
                34,
                6
              ],
              "inflate": 0
            },
            {
              "origin": [
                -22.0,
                16.0,
                -1.0
              ],
              "size": [
                5.0,
                2.0,
                2.0
              ],
              "pivot": [
                -18.0,
                5.0,
                0.0
              ],
              "rotation": [
                0.0,
                0.0,
                5.0
              ],
              "uv": [
                26,
                22
              ],
              "inflate": 0
            },
            {
              "origin": [
                -22.0,
                26.0,
                -1.0
              ],
              "size": [
                12.0,
                2.0,
                2.0
              ],
              "pivot": [
                -17.0,
                15.0,
                0.0
              ],
              "rotation": [
                0.0,
                0.0,
                97.5
              ],
              "uv": [
                0,
                0
              ],
              "inflate": 0
            },
            {
              "origin": [
                -18.0,
                19.0,
                -1.0
              ],
              "size": [
                3.0,
                2.0,
                2.0
              ],
              "pivot": [
                -18.0,
                8.0,
                0.0
              ],
              "rotation": [
                0.0,
                0.0,
                97.5
              ],
              "uv": [
                0,
                0
              ],
              "inflate": 0
            },
            {
              "origin": [
                -7.0,
                19.0,
                -1.0
              ],
              "size": [
                3.0,
                2.0,
                2.0
              ],
              "pivot": [
                -7.0,
                8.0,
                0.0
              ],
              "rotation": [
                0.0,
                0.0,
                97.5
              ],
              "uv": [
                0,
                0
              ],
              "inflate": 0
            },
            {
              "origin": [
                1.0,
                6.0,
                -1.0
              ],
              "size": [
                2.0,
                13.0,
                2.0
              ],
              "rotation": [
                0.0,
                0.0,
                0.0
              ],
              "uv": [
                18,
                22
              ],
              "inflate": 0
            },
            {
              "origin": [
                1.0,
                7.0,
                -1.0
              ],
              "size": [
                2.0,
                9.0,
                2.0
              ],
              "pivot": [
                3.0,
                7.0,
                0.0
              ],
              "rotation": [
                0.0,
                0.0,
                7.5
              ],
              "uv": [
                26,
                33
              ],
              "inflate": 0
            },
            {
              "origin": [
                -4.0,
                12.0,
                -1.0
              ],
              "size": [
                3.0,
                7.0,
                2.0
              ],
              "pivot": [
                -1.0,
                9.0,
                0.0
              ],
              "rotation": [
                0.0,
                0.0,
                2.5
              ],
              "uv": [
                34,
                34
              ],
              "inflate": 0
            },
            {
              "origin": [
                -2.0,
                11.0,
                -1.0
              ],
              "size": [
                3.0,
                8.0,
                2.0
              ],
              "pivot": [
                1.0,
                7.0,
                0.0
              ],
              "rotation": [
                0.0,
                0.0,
                2.5
              ],
              "uv": [
                6,
                27
              ],
              "inflate": 0
            },
            {
              "origin": [
                -4.0,
                6.0,
                -1.0
              ],
              "size": [
                2.0,
                6.0,
                2.0
              ],
              "pivot": [
                -2.0,
                6.0,
                0.0
              ],
              "rotation": [
                0.0,
                0.0,
                15.0
              ],
              "uv": [
                40,
                25
              ],
              "inflate": 0
            },
            {
              "origin": [
                1.0,
                7.0,
                -1.0
              ],
              "size": [
                1.0,
                5.0,
                2.0
              ],
              "pivot": [
                3.0,
                7.0,
                0.0
              ],
              "rotation": [
                0.0,
                0.0,
                -12.5
              ],
              "uv": [
                6,
                46
              ],
              "inflate": 0
            }
          ],
          "rotation": [
            0,
            0,
            0
          ],
          "bind_pose_rotation": [
            0,
            0,
            0
          ]
        }
      ]
    }
  ]
}