{
  "format_version": "1.12.0",
  "minecraft:geometry": [
    {
      "description": {
        "identifier": "geometry.pa_cartooncat",
        "texture_width": 64,
        "texture_height": 64,
        "visible_bounds_width": 4,
        "visible_bounds_height": 4.5,
        "visible_bounds_offset": [
          0,
          1.75,
          0
        ]
      },
      "bones": [
        {
          "name": "unknown_bone",
          "pivot": [
            0,
            0,
            0
          ],
          "cubes": [
            {
              "origin": [
                -5.0,
                8.0,
                -3.0
              ],
              "size": [
                2.0,
                5.0,
                3.0
              ],
              "rotation": [
                0.0,
                0.0,
                0.0
              ],
              "uv": [
                50,
                33
              ],
              "inflate": 0
            },
            {
              "origin": [
                -5.0,
                7.0,
                -2.0
              ],
              "size": [
                2.0,
                1.0,
                1.0
              ],
              "rotation": [
                0.0,
                0.0,
                0.0
              ],
              "uv": [
                32,
                47
              ],
              "inflate": 0
            },
            {
              "origin": [
                2.0,
                0.0,
                -1.0
              ],
              "size": [
                2.0,
                8.0,
                2.0
              ],
              "rotation": [
                0.0,
                0.0,
                0.0
              ],
              "uv": [
                0,
                50
              ],
              "inflate": 0
            },
            {
              "origin": [
                2.0,
                7.0,
                -2.0
              ],
              "size": [
                2.0,
                1.0,
                1.0
              ],
              "rotation": [
                0.0,
                0.0,
                0.0
              ],
              "uv": [
                46,
                46
              ],
              "inflate": 0
            },
            {
              "origin": [
                2.0,
                8.0,
                -3.0
              ],
              "size": [
                2.0,
                5.0,
                3.0
              ],
              "rotation": [
                0.0,
                0.0,
                0.0
              ],
              "uv": [
                46,
                49
              ],
              "inflate": 0
            },
            {
              "origin": [
                -4.0,
                13.0,
                -3.0
              ],
              "size": [
                7.0,
                12.0,
                4.0
              ],
              "rotation": [
                0.0,
                0.0,
                0.0
              ],
              "uv": [
                22,
                25
              ],
              "inflate": 0
            },
            {
              "origin": [
                1.0,
                10.0,
                -3.0
              ],
              "size": [
                1.0,
                3.0,
                3.0
              ],
              "rotation": [
                0.0,
                0.0,
                0.0
              ],
              "uv": [
                40,
                55
              ],
              "inflate": 0
            },
            {
              "origin": [
                -3.0,
                10.0,
                -3.0
              ],
              "size": [
                1.0,
                3.0,
                3.0
              ],
              "rotation": [
                0.0,
                0.0,
                0.0
              ],
              "uv": [
                54,
                7
              ],
              "inflate": 0
            },
            {
              "origin": [
                -2.0,
                11.0,
                -3.0
              ],
              "size": [
                1.0,
                2.0,
                3.0
              ],
              "rotation": [
                0.0,
                0.0,
                0.0
              ],
              "uv": [
                55,
                19
              ],
              "inflate": 0
            },
            {
              "origin": [
                0.0,
                11.0,
                -3.0
              ],
              "size": [
                1.0,
                2.0,
                3.0
              ],
              "rotation": [
                0.0,
                0.0,
                0.0
              ],
              "uv": [
                55,
                14
              ],
              "inflate": 0
            },
            {
              "origin": [
                -1.0,
                12.0,
                -3.0
              ],
              "size": [
                1.0,
                1.0,
                3.0
              ],
              "rotation": [
                0.0,
                0.0,
                0.0
              ],
              "uv": [
                53,
                48
              ],
              "inflate": 0
            },
            {
              "origin": [
                -5.0,
                13.0,
                -3.0
              ],
              "size": [
                1.0,
                3.0,
                3.0
              ],
              "rotation": [
                0.0,
                0.0,
                0.0
              ],
              "uv": [
                34,
                2
              ],
              "inflate": 0
            },
            {
              "origin": [
                3.0,
                13.0,
                -3.0
              ],
              "size": [
                1.0,
                3.0,
                3.0
              ],
              "rotation": [
                0.0,
                0.0,
                0.0
              ],
              "uv": [
                13,
                29
              ],
              "inflate": 0
            },
            {
              "origin": [
                -6.0,
                21.0,
                -3.0
              ],
              "size": [
                2.0,
                3.0,
                3.0
              ],
              "rotation": [
                0.0,
                0.0,
                0.0
              ],
              "uv": [
                22,
                54
              ],
              "inflate": 0
            },
            {
              "origin": [
                -7.0,
                22.0,
                -7.0
              ],
              "size": [
                2.0,
                3.0,
                6.0
              ],
              "rotation": [
                0.0,
                0.0,
                0.0
              ],
              "uv": [
                0,
                41
              ],
              "inflate": 0
            },
            {
              "origin": [
                -9.0,
                21.0,
                -16.0
              ],
              "size": [
                2.0,
                3.0,
                9.0
              ],
              "rotation": [
                0.0,
                0.0,
                0.0
              ],
              "uv": [
                0,
                29
              ],
              "inflate": 0
            },
            {
              "origin": [
                -8.0,
                21.0,
                -7.0
              ],
              "size": [
                1.0,
                3.0,
                1.0
              ],
              "rotation": [
                0.0,
                0.0,
                0.0
              ],
              "uv": [
                48,
                11
              ],
              "inflate": 0
            },
            {
              "origin": [
                -7.0,
                21.0,
                -8.0
              ],
              "size": [
                1.0,
                3.0,
                2.0
              ],
              "rotation": [
                0.0,
                0.0,
                0.0
              ],
              "uv": [
                44,
                33
              ],
              "inflate": 0
            },
            {
              "origin": [
                -8.0,
                20.0,
                -25.0
              ],
              "size": [
                2.0,
                3.0,
                10.0
              ],
              "rotation": [
                0.0,
                0.0,
                0.0
              ],
              "uv": [
                20,
                5
              ],
              "inflate": 0
            },
            {
              "origin": [
                -9.0,
                20.0,
                -28.0
              ],
              "size": [
                4.0,
                3.0,
                3.0
              ],
              "rotation": [
                0.0,
                0.0,
                0.0
              ],
              "uv": [
                35,
                46
              ],
              "inflate": 0
            },
            {
              "origin": [
                -10.0,
                20.0,
                -32.0
              ],
              "size": [
                1.0,
                2.0,
                6.0
              ],
              "rotation": [
                0.0,
                0.0,
                0.0
              ],
              "uv": [
                16,
                41
              ],
              "inflate": 0
            },
            {
              "origin": [
                -8.0,
                21.0,
                -33.0
              ],
              "size": [
                1.0,
                2.0,
                5.0
              ],
              "rotation": [
                0.0,
                0.0,
                0.0
              ],
              "uv": [
                25,
                47
              ],
              "inflate": 0
            },
            {
              "origin": [
                -6.0,
                21.0,
                -32.0
              ],
              "size": [
                1.0,
                2.0,
                4.0
              ],
              "rotation": [
                0.0,
                0.0,
                0.0
              ],
              "uv": [
                52,
                53
              ],
              "inflate": 0
            },
            {
              "origin": [
                -5.0,
                0.0,
                -1.0
              ],
              "size": [
                2.0,
                8.0,
                2.0
              ],
              "rotation": [
                0.0,
                0.0,
                0.0
              ],
              "uv": [
                14,
                49
              ],
              "inflate": 0
            },
            {
              "origin": [
                -5.0,
                20.0,
                -29.0
              ],
              "size": [
                1.0,
                2.0,
                2.0
              ],
              "rotation": [
                0.0,
                0.0,
                0.0
              ],
              "uv": [
                58,
                39
              ],
              "inflate": 0
            },
            {
              "origin": [
                -4.0,
                20.0,
                -32.0
              ],
              "size": [
                1.0,
                2.0,
                4.0
              ],
              "rotation": [
                0.0,
                0.0,
                0.0
              ],
              "uv": [
                52,
                42
              ],
              "inflate": 0
            },
            {
              "origin": [
                -8.0,
                18.0,
                -32.0
              ],
              "size": [
                2.0,
                1.0,
                3.0
              ],
              "rotation": [
                0.0,
                0.0,
                0.0
              ],
              "uv": [
                53,
                0
              ],
              "inflate": 0
            },
            {
              "origin": [
                -1.0,
                13.0,
                -4.0
              ],
              "size": [
                2.0,
                7.0,
                1.0
              ],
              "rotation": [
                0.0,
                0.0,
                0.0
              ],
              "uv": [
                0,
                29
              ],
              "inflate": 0
            },
            {
              "origin": [
                -2.0,
                13.0,
                -4.0
              ],
              "size": [
                1.0,
                6.0,
                1.0
              ],
              "rotation": [
                0.0,
                0.0,
                0.0
              ],
              "uv": [
                15,
                15
              ],
              "inflate": 0
            },
            {
              "origin": [
                -3.0,
                14.0,
                -4.0
              ],
              "size": [
                1.0,
                4.0,
                1.0
              ],
              "rotation": [
                0.0,
                0.0,
                0.0
              ],
              "uv": [
                0,
                0
              ],
              "inflate": 0
            },
            {
              "origin": [
                -2.0,
                32.0,
                -2.0
              ],
              "size": [
                3.0,
                1.0,
                1.0
              ],
              "rotation": [
                0.0,
                0.0,
                0.0
              ],
              "uv": [
                29,
                54
              ],
              "inflate": 0
            },
            {
              "origin": [
                1.0,
                14.0,
                -4.0
              ],
              "size": [
                1.0,
                5.0,
                1.0
              ],
              "rotation": [
                0.0,
                0.0,
                0.0
              ],
              "uv": [
                48,
                57
              ],
              "inflate": 0
            },
            {
              "origin": [
                -3.0,
                25.0,
                -3.0
              ],
              "size": [
                5.0,
                1.0,
                4.0
              ],
              "rotation": [
                0.0,
                0.0,
                0.0
              ],
              "uv": [
                15,
                18
              ],
              "inflate": 0
            },
            {
              "origin": [
                -2.0,
                26.0,
                -2.0
              ],
              "size": [
                3.0,
                6.0,
                2.0
              ],
              "rotation": [
                0.0,
                0.0,
                0.0
              ],
              "uv": [
                0,
                15
              ],
              "inflate": 0
            },
            {
              "origin": [
                -2.0,
                32.0,
                -8.0
              ],
              "size": [
                3.0,
                2.0,
                6.0
              ],
              "rotation": [
                0.0,
                0.0,
                0.0
              ],
              "uv": [
                38,
                38
              ],
              "inflate": 0
            },
            {
              "origin": [
                -2.0,
                31.0,
                -3.0
              ],
              "size": [
                3.0,
                1.0,
                1.0
              ],
              "rotation": [
                0.0,
                0.0,
                0.0
              ],
              "uv": [
                20,
                49
              ],
              "inflate": 0
            },
            {
              "origin": [
                -6.0,
                28.0,
                -12.0
              ],
              "size": [
                10.0,
                10.0,
                5.0
              ],
              "rotation": [
                0.0,
                0.0,
                0.0
              ],
              "uv": [
                0,
                0
              ],
              "inflate": 0
            },
            {
              "origin": [
                -5.0,
                37.0,
                -13.0
              ],
              "size": [
                8.0,
                1.0,
                1.0
              ],
              "rotation": [
                0.0,
                0.0,
                0.0
              ],
              "uv": [
                44,
                31
              ],
              "inflate": 0
            },
            {
              "origin": [
                7.0,
                21.0,
                -32.0
              ],
              "size": [
                1.0,
                2.0,
                4.0
              ],
              "rotation": [
                0.0,
                0.0,
                0.0
              ],
              "uv": [
                33,
                52
              ],
              "inflate": 0
            },
            {
              "origin": [
                -8.0,
                19.0,
                -30.0
              ],
              "size": [
                2.0,
                1.0,
                3.0
              ],
              "rotation": [
                0.0,
                0.0,
                0.0
              ],
              "uv": [
                36,
                21
              ],
              "inflate": 0
            },
            {
              "origin": [
                -5.0,
                33.0,
                -13.0
              ],
              "size": [
                8.0,
                1.0,
                1.0
              ],
              "rotation": [
                0.0,
                0.0,
                0.0
              ],
              "uv": [
                44,
                29
              ],
              "inflate": 0
            },
            {
              "origin": [
                -2.0,
                34.0,
                -13.0
              ],
              "size": [
                2.0,
                3.0,
                1.0
              ],
              "rotation": [
                0.0,
                0.0,
                0.0
              ],
              "uv": [
                32,
                58
              ],
              "inflate": 0
            },
            {
              "origin": [
                -3.0,
                29.0,
                -13.0
              ],
              "size": [
                1.0,
                1.0,
                1.0
              ],
              "rotation": [
                0.0,
                0.0,
                0.0
              ],
              "uv": [
                0,
                23
              ],
              "inflate": 0
            },
            {
              "origin": [
                -5.0,
                28.0,
                -13.0
              ],
              "size": [
                8.0,
                1.0,
                1.0
              ],
              "rotation": [
                0.0,
                0.0,
                0.0
              ],
              "uv": [
                15,
                23
              ],
              "inflate": 0
            },
            {
              "origin": [
                1.0,
                29.0,
                -13.0
              ],
              "size": [
                2.0,
                1.0,
                1.0
              ],
              "rotation": [
                0.0,
                0.0,
                0.0
              ],
              "uv": [
                40,
                25
              ],
              "inflate": 0
            },
            {
              "origin": [
                -5.0,
                29.0,
                -13.0
              ],
              "size": [
                2.0,
                1.0,
                1.0
              ],
              "rotation": [
                0.0,
                0.0,
                0.0
              ],
              "uv": [
                35,
                0
              ],
              "inflate": 0
            },
            {
              "origin": [
                0.0,
                38.0,
                -12.0
              ],
              "size": [
                4.0,
                3.0,
                2.0
              ],
              "rotation": [
                0.0,
                0.0,
                0.0
              ],
              "uv": [
                10,
                41
              ],
              "inflate": 0
            },
            {
              "origin": [
                1.0,
                41.0,
                -12.0
              ],
              "size": [
                2.0,
                1.0,
                2.0
              ],
              "rotation": [
                0.0,
                0.0,
                0.0
              ],
              "uv": [
                35,
                41
              ],
              "inflate": 0
            },
            {
              "origin": [
                -6.0,
                38.0,
                -12.0
              ],
              "size": [
                4.0,
                3.0,
                2.0
              ],
              "rotation": [
                0.0,
                0.0,
                0.0
              ],
              "uv": [
                25,
                0
              ],
              "inflate": 0
            },
            {
              "origin": [
                -5.0,
                41.0,
                -12.0
              ],
              "size": [
                2.0,
                1.0,
                2.0
              ],
              "rotation": [
                0.0,
                0.0,
                0.0
              ],
              "uv": [
                13,
                35
              ],
              "inflate": 0
            },
            {
              "origin": [
                -6.0,
                28.0,
                -13.0
              ],
              "size": [
                1.0,
                10.0,
                1.0
              ],
              "rotation": [
                0.0,
                0.0,
                0.0
              ],
              "uv": [
                8,
                50
              ],
              "inflate": 0
            },
            {
              "origin": [
                -3.0,
                32.0,
                -13.0
              ],
              "size": [
                1.0,
                1.0,
                1.0
              ],
              "rotation": [
                0.0,
                0.0,
                0.0
              ],
              "uv": [
                39,
                54
              ],
              "inflate": 0
            },
            {
              "origin": [
                0.0,
                32.0,
                -13.0
              ],
              "size": [
                1.0,
                1.0,
                1.0
              ],
              "rotation": [
                0.0,
                0.0,
                0.0
              ],
              "uv": [
                42,
                53
              ],
              "inflate": 0
            },
            {
              "origin": [
                2.0,
                32.0,
                -13.0
              ],
              "size": [
                1.0,
                1.0,
                1.0
              ],
              "rotation": [
                0.0,
                0.0,
                0.0
              ],
              "uv": [
                39,
                52
              ],
              "inflate": 0
            },
            {
              "origin": [
                -5.0,
                30.0,
                -13.0
              ],
              "size": [
                1.0,
                1.0,
                1.0
              ],
              "rotation": [
                0.0,
                0.0,
                0.0
              ],
              "uv": [
                50,
                41
              ],
              "inflate": 0
            },
            {
              "origin": [
                0.0,
                29.0,
                -13.0
              ],
              "size": [
                1.0,
                1.0,
                1.0
              ],
              "rotation": [
                0.0,
                0.0,
                0.0
              ],
              "uv": [
                32,
                22
              ],
              "inflate": 0
            },
            {
              "origin": [
                2.0,
                30.0,
                -13.0
              ],
              "size": [
                1.0,
                1.0,
                1.0
              ],
              "rotation": [
                0.0,
                0.0,
                0.0
              ],
              "uv": [
                48,
                33
              ],
              "inflate": 0
            },
            {
              "origin": [
                3.0,
                21.0,
                -3.0
              ],
              "size": [
                2.0,
                3.0,
                3.0
              ],
              "rotation": [
                0.0,
                0.0,
                0.0
              ],
              "uv": [
                48,
                21
              ],
              "inflate": 0
            },
            {
              "origin": [
                4.0,
                20.0,
                -7.0
              ],
              "size": [
                2.0,
                3.0,
                6.0
              ],
              "rotation": [
                0.0,
                0.0,
                0.0
              ],
              "uv": [
                38,
                12
              ],
              "inflate": 0
            },
            {
              "origin": [
                5.0,
                19.0,
                -8.0
              ],
              "size": [
                1.0,
                3.0,
                2.0
              ],
              "rotation": [
                0.0,
                0.0,
                0.0
              ],
              "uv": [
                0,
                41
              ],
              "inflate": 0
            },
            {
              "origin": [
                6.0,
                19.0,
                -7.0
              ],
              "size": [
                1.0,
                3.0,
                1.0
              ],
              "rotation": [
                0.0,
                0.0,
                0.0
              ],
              "uv": [
                46,
                0
              ],
              "inflate": 0
            },
            {
              "origin": [
                6.0,
                19.0,
                -15.0
              ],
              "size": [
                2.0,
                3.0,
                8.0
              ],
              "rotation": [
                0.0,
                0.0,
                0.0
              ],
              "uv": [
                34,
                0
              ],
              "inflate": 0
            },
            {
              "origin": [
                5.0,
                20.0,
                -25.0
              ],
              "size": [
                2.0,
                3.0,
                11.0
              ],
              "rotation": [
                0.0,
                0.0,
                0.0
              ],
              "uv": [
                0,
                15
              ],
              "inflate": 0
            },
            {
              "origin": [
                4.0,
                20.0,
                -28.0
              ],
              "size": [
                4.0,
                3.0,
                3.0
              ],
              "rotation": [
                0.0,
                0.0,
                0.0
              ],
              "uv": [
                24,
                41
              ],
              "inflate": 0
            },
            {
              "origin": [
                3.0,
                20.0,
                -32.0
              ],
              "size": [
                1.0,
                2.0,
                6.0
              ],
              "rotation": [
                0.0,
                0.0,
                0.0
              ],
              "uv": [
                40,
                21
              ],
              "inflate": 0
            },
            {
              "origin": [
                -5.0,
                32.0,
                -13.0
              ],
              "size": [
                1.0,
                1.0,
                1.0
              ],
              "rotation": [
                0.0,
                0.0,
                0.0
              ],
              "uv": [
                5,
                36
              ],
              "inflate": 0
            },
            {
              "origin": [
                8.0,
                20.0,
                -29.0
              ],
              "size": [
                1.0,
                2.0,
                2.0
              ],
              "rotation": [
                0.0,
                0.0,
                0.0
              ],
              "uv": [
                56,
                25
              ],
              "inflate": 0
            },
            {
              "origin": [
                9.0,
                20.0,
                -32.0
              ],
              "size": [
                1.0,
                2.0,
                4.0
              ],
              "rotation": [
                0.0,
                0.0,
                0.0
              ],
              "uv": [
                48,
                11
              ],
              "inflate": 0
            },
            {
              "origin": [
                5.0,
                19.0,
                -30.0
              ],
              "size": [
                2.0,
                1.0,
                3.0
              ],
              "rotation": [
                0.0,
                0.0,
                0.0
              ],
              "uv": [
                34,
                11
              ],
              "inflate": 0
            },
            {
              "origin": [
                5.0,
                18.0,
                -32.0
              ],
              "size": [
                2.0,
                1.0,
                3.0
              ],
              "rotation": [
                0.0,
                0.0,
                0.0
              ],
              "uv": [
                29,
                18
              ],
              "inflate": 0
            },
            {
              "origin": [
                -1.0,
                15.0,
                -2.0
              ],
              "size": [
                1.0,
                1.0,
                1.0
              ],
              "rotation": [
                0.0,
                0.0,
                0.0
              ],
              "uv": [
                18,
                29
              ],
              "inflate": 0
            },
            {
              "origin": [
                5.0,
                21.0,
                -33.0
              ],
              "size": [
                1.0,
                2.0,
                5.0
              ],
              "rotation": [
                0.0,
                0.0,
                0.0
              ],
              "uv": [
                46,
                0
              ],
              "inflate": 0
            },
            {
              "origin": [
                -1.0,
                25.0,
                0.0
              ],
              "size": [
                1.0,
                1.0,
                1.0
              ],
              "rotation": [
                0.0,
                0.0,
                0.0
              ],
              "uv": [
                0,
                0
              ],
              "inflate": 0
            },
            {
              "origin": [
                -1.0,
                17.0,
                0.0
              ],
              "size": [
                1.0,
                1.0,
                1.0
              ],
              "rotation": [
                0.0,
                0.0,
                0.0
              ],
              "uv": [
                0,
                0
              ],
              "inflate": 0
            },
            {
              "origin": [
                -2.0,
                33.0,
                -14.0
              ],
              "size": [
                2.0,
                1.0,
                1.0
              ],
              "rotation": [
                0.0,
                0.0,
                0.0
              ],
              "uv": [
                0,
                0
              ],
              "inflate": 0
            }
          ],
          "rotation": [
            0,
            0,
            0
          ],
          "bind_pose_rotation": [
            0,
            0,
            0
          ]
        }
      ]
    }
  ]
}