{
  "format_version": "1.12.0",
  "minecraft:geometry": [
    {
      "description": {
        "identifier": "geometry.pa_coantryroadcreature",
        "texture_width": 64,
        "texture_height": 64,
        "visible_bounds_width": 3,
        "visible_bounds_height": 2.5,
        "visible_bounds_offset": [
          0,
          0.75,
          0
        ]
      },
      "bones": [
        {
          "name": "unknown_bone",
          "pivot": [
            0,
            0,
            0
          ],
          "cubes": [
            {
              "origin": [
                -1.0,
                2.0,
                -17.0
              ],
              "size": [
                3.0,
                16.0,
                2.0
              ],
              "pivot": [
                0.0,
                2.0,
                -17.0
              ],
              "rotation": [
                -32.5,
                0.0,
                -7.5
              ],
              "uv": [
                10,
                28
              ],
              "inflate": 0
            },
            {
              "origin": [
                -5.0,
                14.0,
                -9.0
              ],
              "size": [
                5.0,
                3.0,
                10.0
              ],
              "rotation": [
                0.0,
                0.0,
                0.0
              ],
              "uv": [
                0,
                15
              ],
              "inflate": 0
            },
            {
              "origin": [
                -8.0,
                1.0,
                -13.0
              ],
              "size": [
                3.0,
                8.0,
                2.0
              ],
              "pivot": [
                -7.0,
                2.0,
                -13.0
              ],
              "rotation": [
                25.0,
                0.0,
                0.0
              ],
              "uv": [
                0,
                0
              ],
              "inflate": 0
            },
            {
              "origin": [
                -8.0,
                8.0,
                -16.0
              ],
              "size": [
                3.0,
                11.0,
                2.0
              ],
              "pivot": [
                -7.0,
                9.0,
                -15.0
              ],
              "rotation": [
                -47.5,
                0.0,
                22.5
              ],
              "uv": [
                30,
                38
              ],
              "inflate": 0
            },
            {
              "origin": [
                -4.0,
                15.0,
                -10.0
              ],
              "size": [
                3.0,
                3.0,
                12.0
              ],
              "rotation": [
                0.0,
                0.0,
                0.0
              ],
              "uv": [
                0,
                0
              ],
              "inflate": 0
            },
            {
              "origin": [
                -4.0,
                16.0,
                -13.0
              ],
              "size": [
                3.0,
                2.0,
                3.0
              ],
              "rotation": [
                0.0,
                0.0,
                0.0
              ],
              "uv": [
                40,
                40
              ],
              "inflate": 0
            },
            {
              "origin": [
                -6.0,
                14.0,
                -18.0
              ],
              "size": [
                7.0,
                6.0,
                5.0
              ],
              "rotation": [
                0.0,
                0.0,
                0.0
              ],
              "uv": [
                18,
                0
              ],
              "inflate": 0
            },
            {
              "origin": [
                -5.0,
                15.0,
                -13.0
              ],
              "size": [
                5.0,
                4.0,
                1.0
              ],
              "rotation": [
                0.0,
                0.0,
                0.0
              ],
              "uv": [
                37,
                0
              ],
              "inflate": 0
            },
            {
              "origin": [
                -8.0,
                1.0,
                3.0
              ],
              "size": [
                3.0,
                15.0,
                2.0
              ],
              "pivot": [
                -5.0,
                2.0,
                4.0
              ],
              "rotation": [
                15.0,
                0.0,
                12.5
              ],
              "uv": [
                20,
                28
              ],
              "inflate": 0
            },
            {
              "origin": [
                -1.0,
                1.0,
                6.0
              ],
              "size": [
                3.0,
                16.0,
                2.0
              ],
              "pivot": [
                0.0,
                2.0,
                7.0
              ],
              "rotation": [
                27.5,
                0.0,
                -7.5
              ],
              "uv": [
                0,
                28
              ],
              "inflate": 0
            },
            {
              "origin": [
                -1.0,
                16.0,
                0.0
              ],
              "size": [
                1.0,
                1.0,
                1.0
              ],
              "rotation": [
                0.0,
                0.0,
                0.0
              ],
              "uv": [
                0,
                15
              ],
              "inflate": 0
            },
            {
              "origin": [
                -1.0,
                15.0,
                0.0
              ],
              "size": [
                1.0,
                1.0,
                1.0
              ],
              "rotation": [
                0.0,
                0.0,
                0.0
              ],
              "uv": [
                8,
                10
              ],
              "inflate": 0
            },
            {
              "origin": [
                -1.0,
                16.0,
                0.0
              ],
              "size": [
                1.0,
                1.0,
                1.0
              ],
              "rotation": [
                0.0,
                0.0,
                0.0
              ],
              "uv": [
                4,
                10
              ],
              "inflate": 0
            },
            {
              "origin": [
                -1.0,
                16.0,
                0.0
              ],
              "size": [
                1.0,
                1.0,
                1.0
              ],
              "rotation": [
                0.0,
                0.0,
                0.0
              ],
              "uv": [
                0,
                10
              ],
              "inflate": 0
            },
            {
              "origin": [
                -3.0,
                16.0,
                -2.0
              ],
              "size": [
                1.0,
                1.0,
                1.0
              ],
              "rotation": [
                0.0,
                0.0,
                0.0
              ],
              "uv": [
                8,
                0
              ],
              "inflate": 0
            },
            {
              "origin": [
                -1.0,
                0.0,
                -21.0
              ],
              "size": [
                3.0,
                2.0,
                6.0
              ],
              "rotation": [
                0.0,
                0.0,
                0.0
              ],
              "uv": [
                32,
                19
              ],
              "inflate": 0
            },
            {
              "origin": [
                -8.0,
                0.0,
                -17.0
              ],
              "size": [
                3.0,
                2.0,
                6.0
              ],
              "rotation": [
                0.0,
                0.0,
                0.0
              ],
              "uv": [
                32,
                11
              ],
              "inflate": 0
            },
            {
              "origin": [
                -8.0,
                0.0,
                -1.0
              ],
              "size": [
                3.0,
                2.0,
                6.0
              ],
              "rotation": [
                0.0,
                0.0,
                0.0
              ],
              "uv": [
                30,
                30
              ],
              "inflate": 0
            },
            {
              "origin": [
                -1.0,
                0.0,
                2.0
              ],
              "size": [
                3.0,
                2.0,
                6.0
              ],
              "rotation": [
                0.0,
                0.0,
                0.0
              ],
              "uv": [
                20,
                15
              ],
              "inflate": 0
            }
          ],
          "rotation": [
            0,
            0,
            0
          ],
          "bind_pose_rotation": [
            0,
            0,
            0
          ]
        }
      ]
    }
  ]
}