{
  "format_version": "1.12.0",
  "minecraft:geometry": [
    {
      "description": {
        "identifier": "geometry.pa_custommanmrmascot",
        "texture_width": 64,
        "texture_height": 64,
        "visible_bounds_width": 4,
        "visible_bounds_height": 3.5,
        "visible_bounds_offset": [
          0,
          1.25,
          0
        ]
      },
      "bones": [
        {
          "name": "unknown_bone",
          "pivot": [
            0,
            0,
            0
          ],
          "cubes": [
            {
              "origin": [
                -3.0,
                12.0,
                -1.0
              ],
              "size": [
                5.0,
                10.0,
                4.0
              ],
              "rotation": [
                0.0,
                0.0,
                0.0
              ],
              "uv": [
                0,
                0
              ],
              "inflate": 0
            },
            {
              "origin": [
                -4.0,
                22.0,
                0.0
              ],
              "size": [
                7.0,
                7.0,
                3.0
              ],
              "rotation": [
                0.0,
                0.0,
                0.0
              ],
              "uv": [
                18,
                0
              ],
              "inflate": 0
            },
            {
              "origin": [
                -3.0,
                29.0,
                -1.0
              ],
              "size": [
                5.0,
                1.0,
                4.0
              ],
              "rotation": [
                0.0,
                0.0,
                0.0
              ],
              "uv": [
                8,
                20
              ],
              "inflate": 0
            },
            {
              "origin": [
                0.0,
                29.0,
                0.0
              ],
              "size": [
                1.0,
                5.0,
                2.0
              ],
              "pivot": [
                -1.0,
                23.0,
                0.0
              ],
              "rotation": [
                0.0,
                0.0,
                17.5
              ],
              "uv": [
                40,
                15
              ],
              "inflate": 0
            },
            {
              "origin": [
                0.0,
                29.0,
                0.0
              ],
              "size": [
                1.0,
                5.0,
                2.0
              ],
              "pivot": [
                -1.0,
                23.0,
                0.0
              ],
              "rotation": [
                0.0,
                0.0,
                -32.5
              ],
              "uv": [
                24,
                40
              ],
              "inflate": 0
            },
            {
              "origin": [
                1.0,
                33.0,
                0.0
              ],
              "size": [
                1.0,
                2.0,
                2.0
              ],
              "pivot": [
                0.0,
                24.0,
                0.0
              ],
              "rotation": [
                0.0,
                0.0,
                17.5
              ],
              "uv": [
                26,
                28
              ],
              "inflate": 0
            },
            {
              "origin": [
                -3.0,
                32.0,
                0.0
              ],
              "size": [
                1.0,
                2.0,
                2.0
              ],
              "pivot": [
                -4.0,
                23.0,
                0.0
              ],
              "rotation": [
                0.0,
                0.0,
                -22.5
              ],
              "uv": [
                8,
                14
              ],
              "inflate": 0
            },
            {
              "origin": [
                -4.0,
                22.0,
                -1.0
              ],
              "size": [
                1.0,
                2.0,
                1.0
              ],
              "pivot": [
                -1.0,
                22.0,
                -2.0
              ],
              "rotation": [
                0.0,
                0.0,
                2.5
              ],
              "uv": [
                8,
                25
              ],
              "inflate": 0
            },
            {
              "origin": [
                -4.0,
                24.0,
                -1.0
              ],
              "size": [
                1.0,
                5.0,
                1.0
              ],
              "rotation": [
                0.0,
                0.0,
                0.0
              ],
              "uv": [
                30,
                42
              ],
              "inflate": 0
            },
            {
              "origin": [
                -3.0,
                24.0,
                -1.0
              ],
              "size": [
                1.0,
                5.0,
                1.0
              ],
              "rotation": [
                0.0,
                0.0,
                0.0
              ],
              "uv": [
                16,
                31
              ],
              "inflate": 0
            },
            {
              "origin": [
                -2.0,
                20.0,
                -1.0
              ],
              "size": [
                1.0,
                3.0,
                1.0
              ],
              "pivot": [
                1.0,
                23.0,
                -2.0
              ],
              "rotation": [
                0.0,
                0.0,
                90.0
              ],
              "uv": [
                14,
                14
              ],
              "inflate": 0
            },
            {
              "origin": [
                -2.0,
                21.0,
                -1.0
              ],
              "size": [
                1.0,
                1.0,
                1.0
              ],
              "pivot": [
                1.0,
                24.0,
                -2.0
              ],
              "rotation": [
                0.0,
                0.0,
                90.0
              ],
              "uv": [
                6,
                14
              ],
              "inflate": 0
            },
            {
              "origin": [
                0.0,
                22.0,
                -1.0
              ],
              "size": [
                1.0,
                4.0,
                1.0
              ],
              "pivot": [
                3.0,
                26.0,
                -2.0
              ],
              "rotation": [
                0.0,
                0.0,
                90.0
              ],
              "uv": [
                8,
                19
              ],
              "inflate": 0
            },
            {
              "origin": [
                1.0,
                24.0,
                -1.0
              ],
              "size": [
                3.0,
                1.0,
                1.0
              ],
              "pivot": [
                2.0,
                25.0,
                -2.0
              ],
              "rotation": [
                0.0,
                0.0,
                90.0
              ],
              "uv": [
                30,
                28
              ],
              "inflate": 0
            },
            {
              "origin": [
                0.0,
                25.0,
                -1.0
              ],
              "size": [
                2.0,
                2.0,
                1.0
              ],
              "pivot": [
                1.0,
                27.0,
                -2.0
              ],
              "rotation": [
                0.0,
                0.0,
                90.0
              ],
              "uv": [
                14,
                0
              ],
              "inflate": 0
            },
            {
              "origin": [
                2.0,
                26.0,
                -1.0
              ],
              "size": [
                3.0,
                1.0,
                1.0
              ],
              "pivot": [
                3.0,
                27.0,
                -2.0
              ],
              "rotation": [
                0.0,
                0.0,
                90.0
              ],
              "uv": [
                26,
                10
              ],
              "inflate": 0
            },
            {
              "origin": [
                -2.0,
                22.0,
                -2.0
              ],
              "size": [
                1.0,
                3.0,
                1.0
              ],
              "pivot": [
                1.0,
                23.0,
                -3.0
              ],
              "rotation": [
                104.0,
                87.5,
                95.0
              ],
              "uv": [
                0,
                0
              ],
              "inflate": 0
            },
            {
              "origin": [
                2.0,
                13.0,
                -1.0
              ],
              "size": [
                1.0,
                8.0,
                4.0
              ],
              "rotation": [
                0.0,
                0.0,
                0.0
              ],
              "uv": [
                30,
                30
              ],
              "inflate": 0
            },
            {
              "origin": [
                -4.0,
                13.0,
                -1.0
              ],
              "size": [
                1.0,
                8.0,
                4.0
              ],
              "rotation": [
                0.0,
                0.0,
                0.0
              ],
              "uv": [
                20,
                28
              ],
              "inflate": 0
            },
            {
              "origin": [
                -14.0,
                0.0,
                0.0
              ],
              "size": [
                4.0,
                2.0,
                7.0
              ],
              "rotation": [
                0.0,
                0.0,
                0.0
              ],
              "uv": [
                11,
                11
              ],
              "inflate": 0
            },
            {
              "origin": [
                -14.0,
                0.0,
                -4.0
              ],
              "size": [
                4.0,
                2.0,
                4.0
              ],
              "rotation": [
                0.0,
                0.0,
                0.0
              ],
              "uv": [
                8,
                25
              ],
              "inflate": 0
            },
            {
              "origin": [
                -15.0,
                0.0,
                -4.0
              ],
              "size": [
                6.0,
                2.0,
                2.0
              ],
              "pivot": [
                -9.0,
                0.0,
                2.0
              ],
              "rotation": [
                0.0,
                55.0,
                0.0
              ],
              "uv": [
                26,
                13
              ],
              "inflate": 0
            },
            {
              "origin": [
                -13.0,
                0.0,
                1.0
              ],
              "size": [
                7.0,
                2.0,
                2.0
              ],
              "pivot": [
                -6.0,
                0.0,
                7.0
              ],
              "rotation": [
                -12.5,
                77.5,
                -17.5
              ],
              "uv": [
                24,
                24
              ],
              "inflate": 0
            },
            {
              "origin": [
                -16.0,
                0.0,
                2.0
              ],
              "size": [
                7.0,
                2.0,
                2.0
              ],
              "pivot": [
                -9.0,
                0.0,
                8.0
              ],
              "rotation": [
                -12.5,
                55.0,
                -17.5
              ],
              "uv": [
                22,
                20
              ],
              "inflate": 0
            },
            {
              "origin": [
                -1.0,
                14.0,
                0.0
              ],
              "size": [
                1.0,
                1.0,
                1.0
              ],
              "rotation": [
                0.0,
                0.0,
                0.0
              ],
              "uv": [
                16,
                37
              ],
              "inflate": 0
            },
            {
              "origin": [
                -1.0,
                14.0,
                0.0
              ],
              "size": [
                1.0,
                1.0,
                1.0
              ],
              "rotation": [
                0.0,
                0.0,
                0.0
              ],
              "uv": [
                36,
                30
              ],
              "inflate": 0
            }
          ],
          "rotation": [
            0,
            0,
            0
          ],
          "bind_pose_rotation": [
            0,
            0,
            0
          ]
        },
        {
          "name": "bone",
          "pivot": [
            0,
            0,
            0
          ],
          "cubes": [
            {
              "origin": [
                -1.0,
                15.0,
                0.0
              ],
              "size": [
                1.0,
                1.0,
                1.0
              ],
              "rotation": [
                0.0,
                0.0,
                0.0
              ],
              "uv": [
                36,
                18
              ],
              "inflate": 0
            },
            {
              "origin": [
                -1.0,
                15.0,
                0.0
              ],
              "size": [
                1.0,
                1.0,
                1.0
              ],
              "rotation": [
                0.0,
                0.0,
                0.0
              ],
              "uv": [
                35,
                0
              ],
              "inflate": 0
            },
            {
              "origin": [
                -1.0,
                16.0,
                0.0
              ],
              "size": [
                1.0,
                1.0,
                1.0
              ],
              "rotation": [
                0.0,
                0.0,
                0.0
              ],
              "uv": [
                33,
                17
              ],
              "inflate": 0
            },
            {
              "origin": [
                -1.0,
                14.0,
                0.0
              ],
              "size": [
                1.0,
                1.0,
                1.0
              ],
              "rotation": [
                0.0,
                0.0,
                0.0
              ],
              "uv": [
                33,
                11
              ],
              "inflate": 0
            },
            {
              "origin": [
                -1.0,
                14.0,
                0.0
              ],
              "size": [
                1.0,
                1.0,
                1.0
              ],
              "rotation": [
                0.0,
                0.0,
                0.0
              ],
              "uv": [
                30,
                32
              ],
              "inflate": 0
            },
            {
              "origin": [
                -1.0,
                15.0,
                0.0
              ],
              "size": [
                1.0,
                1.0,
                1.0
              ],
              "rotation": [
                0.0,
                0.0,
                0.0
              ],
              "uv": [
                6,
                31
              ],
              "inflate": 0
            },
            {
              "origin": [
                -1.0,
                14.0,
                0.0
              ],
              "size": [
                1.0,
                1.0,
                1.0
              ],
              "rotation": [
                0.0,
                0.0,
                0.0
              ],
              "uv": [
                20,
                27
              ],
              "inflate": 0
            },
            {
              "origin": [
                -1.0,
                17.0,
                0.0
              ],
              "size": [
                1.0,
                1.0,
                1.0
              ],
              "rotation": [
                0.0,
                0.0,
                0.0
              ],
              "uv": [
                20,
                25
              ],
              "inflate": 0
            },
            {
              "origin": [
                -4.0,
                0.0,
                -2.0
              ],
              "size": [
                2.0,
                2.0,
                4.0
              ],
              "rotation": [
                0.0,
                0.0,
                0.0
              ],
              "uv": [
                36,
                38
              ],
              "inflate": 0
            },
            {
              "origin": [
                1.0,
                0.0,
                -2.0
              ],
              "size": [
                2.0,
                2.0,
                4.0
              ],
              "rotation": [
                0.0,
                0.0,
                0.0
              ],
              "uv": [
                36,
                28
              ],
              "inflate": 0
            },
            {
              "origin": [
                1.0,
                2.0,
                0.0
              ],
              "size": [
                2.0,
                11.0,
                2.0
              ],
              "pivot": [
                3.0,
                2.0,
                1.0
              ],
              "rotation": [
                0.0,
                0.0,
                -5.0
              ],
              "uv": [
                38,
                0
              ],
              "inflate": 0
            },
            {
              "origin": [
                4.0,
                10.0,
                0.0
              ],
              "size": [
                2.0,
                11.0,
                2.0
              ],
              "pivot": [
                6.0,
                9.0,
                1.0
              ],
              "rotation": [
                0.0,
                0.0,
                -15.0
              ],
              "uv": [
                0,
                31
              ],
              "inflate": 0
            },
            {
              "origin": [
                -8.0,
                6.0,
                0.0
              ],
              "size": [
                2.0,
                15.0,
                2.0
              ],
              "pivot": [
                -6.0,
                9.0,
                1.0
              ],
              "rotation": [
                0.0,
                0.0,
                22.5
              ],
              "uv": [
                0,
                14
              ],
              "inflate": 0
            },
            {
              "origin": [
                -8.0,
                -1.0,
                -1.0
              ],
              "size": [
                2.0,
                8.0,
                2.0
              ],
              "pivot": [
                -6.0,
                8.0,
                0.0
              ],
              "rotation": [
                -5.0,
                0.0,
                22.5
              ],
              "uv": [
                16,
                40
              ],
              "inflate": 0
            },
            {
              "origin": [
                -4.0,
                2.0,
                0.0
              ],
              "size": [
                2.0,
                11.0,
                2.0
              ],
              "pivot": [
                -2.0,
                2.0,
                1.0
              ],
              "rotation": [
                0.0,
                0.0,
                7.5
              ],
              "uv": [
                8,
                31
              ],
              "inflate": 0
            }
          ],
          "rotation": [
            0,
            0,
            0
          ],
          "bind_pose_rotation": [
            0,
            0,
            0
          ]
        }
      ]
    }
  ]
}