{
  "format_version": "1.12.0",
  "minecraft:geometry": [
    {
      "description": {
        "identifier": "geometry.pa_chikenghostgodofchickens",
        "texture_width": 64,
        "texture_height": 64,
        "visible_bounds_width": 3,
        "visible_bounds_height": 4.5,
        "visible_bounds_offset": [
          0,
          1.75,
          0
        ]
      },
      "bones": [
        {
          "name": "unknown_bone",
          "pivot": [
            0,
            0,
            0
          ],
          "cubes": [
            {
              "origin": [
                -7.0,
                0.0,
                -4.0
              ],
              "size": [
                1.0,
                1.0,
                1.0
              ],
              "rotation": [
                0.0,
                0.0,
                0.0
              ],
              "uv": [
                15,
                47
              ],
              "inflate": 0
            },
            {
              "origin": [
                -8.0,
                0.0,
                -5.0
              ],
              "size": [
                1.0,
                1.0,
                1.0
              ],
              "rotation": [
                0.0,
                0.0,
                0.0
              ],
              "uv": [
                8,
                45
              ],
              "inflate": 0
            },
            {
              "origin": [
                -6.0,
                0.0,
                -6.0
              ],
              "size": [
                1.0,
                1.0,
                3.0
              ],
              "rotation": [
                0.0,
                0.0,
                0.0
              ],
              "uv": [
                52,
                13
              ],
              "inflate": 0
            },
            {
              "origin": [
                -2.0,
                0.0,
                -5.0
              ],
              "size": [
                1.0,
                1.0,
                1.0
              ],
              "rotation": [
                0.0,
                0.0,
                0.0
              ],
              "uv": [
                44,
                35
              ],
              "inflate": 0
            },
            {
              "origin": [
                -3.0,
                0.0,
                -4.0
              ],
              "size": [
                1.0,
                1.0,
                1.0
              ],
              "rotation": [
                0.0,
                0.0,
                0.0
              ],
              "uv": [
                40,
                20
              ],
              "inflate": 0
            },
            {
              "origin": [
                -5.0,
                0.0,
                -4.0
              ],
              "size": [
                2.0,
                1.0,
                1.0
              ],
              "rotation": [
                0.0,
                0.0,
                0.0
              ],
              "uv": [
                56,
                21
              ],
              "inflate": 0
            },
            {
              "origin": [
                -4.0,
                0.0,
                -6.0
              ],
              "size": [
                1.0,
                1.0,
                2.0
              ],
              "rotation": [
                0.0,
                0.0,
                0.0
              ],
              "uv": [
                57,
                0
              ],
              "inflate": 0
            },
            {
              "origin": [
                -5.0,
                1.0,
                -2.0
              ],
              "size": [
                2.0,
                5.0,
                2.0
              ],
              "rotation": [
                0.0,
                0.0,
                0.0
              ],
              "uv": [
                38,
                49
              ],
              "inflate": 0
            },
            {
              "origin": [
                -4.0,
                6.0,
                -2.0
              ],
              "size": [
                2.0,
                1.0,
                2.0
              ],
              "rotation": [
                0.0,
                0.0,
                0.0
              ],
              "uv": [
                53,
                39
              ],
              "inflate": 0
            },
            {
              "origin": [
                -3.0,
                5.0,
                -2.0
              ],
              "size": [
                1.0,
                1.0,
                2.0
              ],
              "rotation": [
                0.0,
                0.0,
                0.0
              ],
              "uv": [
                57,
                57
              ],
              "inflate": 0
            },
            {
              "origin": [
                -4.0,
                7.0,
                -2.0
              ],
              "size": [
                2.0,
                9.0,
                2.0
              ],
              "rotation": [
                0.0,
                0.0,
                0.0
              ],
              "uv": [
                41,
                0
              ],
              "inflate": 0
            },
            {
              "origin": [
                -2.0,
                14.0,
                -2.0
              ],
              "size": [
                1.0,
                2.0,
                2.0
              ],
              "rotation": [
                0.0,
                0.0,
                0.0
              ],
              "uv": [
                56,
                24
              ],
              "inflate": 0
            },
            {
              "origin": [
                -1.0,
                15.0,
                -2.0
              ],
              "size": [
                1.0,
                1.0,
                2.0
              ],
              "rotation": [
                0.0,
                0.0,
                0.0
              ],
              "uv": [
                56,
                52
              ],
              "inflate": 0
            },
            {
              "origin": [
                0.0,
                14.0,
                -2.0
              ],
              "size": [
                1.0,
                2.0,
                2.0
              ],
              "rotation": [
                0.0,
                0.0,
                0.0
              ],
              "uv": [
                56,
                17
              ],
              "inflate": 0
            },
            {
              "origin": [
                1.0,
                6.0,
                -2.0
              ],
              "size": [
                2.0,
                10.0,
                2.0
              ],
              "rotation": [
                0.0,
                0.0,
                0.0
              ],
              "uv": [
                32,
                38
              ],
              "inflate": 0
            },
            {
              "origin": [
                1.0,
                5.0,
                -2.0
              ],
              "size": [
                1.0,
                1.0,
                2.0
              ],
              "rotation": [
                0.0,
                0.0,
                0.0
              ],
              "uv": [
                56,
                49
              ],
              "inflate": 0
            },
            {
              "origin": [
                2.0,
                1.0,
                -2.0
              ],
              "size": [
                2.0,
                5.0,
                2.0
              ],
              "rotation": [
                0.0,
                0.0,
                0.0
              ],
              "uv": [
                48,
                48
              ],
              "inflate": 0
            },
            {
              "origin": [
                -6.0,
                0.0,
                -3.0
              ],
              "size": [
                4.0,
                1.0,
                4.0
              ],
              "rotation": [
                0.0,
                0.0,
                0.0
              ],
              "uv": [
                32,
                33
              ],
              "inflate": 0
            },
            {
              "origin": [
                0.0,
                0.0,
                -4.0
              ],
              "size": [
                2.0,
                1.0,
                1.0
              ],
              "rotation": [
                0.0,
                0.0,
                0.0
              ],
              "uv": [
                49,
                6
              ],
              "inflate": 0
            },
            {
              "origin": [
                2.0,
                0.0,
                -6.0
              ],
              "size": [
                1.0,
                1.0,
                2.0
              ],
              "rotation": [
                0.0,
                0.0,
                0.0
              ],
              "uv": [
                56,
                46
              ],
              "inflate": 0
            },
            {
              "origin": [
                4.0,
                0.0,
                -6.0
              ],
              "size": [
                1.0,
                1.0,
                2.0
              ],
              "rotation": [
                0.0,
                0.0,
                0.0
              ],
              "uv": [
                5,
                25
              ],
              "inflate": 0
            },
            {
              "origin": [
                -1.0,
                0.0,
                -5.0
              ],
              "size": [
                1.0,
                1.0,
                1.0
              ],
              "rotation": [
                0.0,
                0.0,
                0.0
              ],
              "uv": [
                18,
                39
              ],
              "inflate": 0
            },
            {
              "origin": [
                2.0,
                0.0,
                -4.0
              ],
              "size": [
                4.0,
                1.0,
                1.0
              ],
              "rotation": [
                0.0,
                0.0,
                0.0
              ],
              "uv": [
                26,
                24
              ],
              "inflate": 0
            },
            {
              "origin": [
                6.0,
                0.0,
                -5.0
              ],
              "size": [
                1.0,
                1.0,
                1.0
              ],
              "rotation": [
                0.0,
                0.0,
                0.0
              ],
              "uv": [
                37,
                2
              ],
              "inflate": 0
            },
            {
              "origin": [
                -5.0,
                1.0,
                0.0
              ],
              "size": [
                2.0,
                2.0,
                1.0
              ],
              "rotation": [
                0.0,
                0.0,
                0.0
              ],
              "uv": [
                5,
                42
              ],
              "inflate": 0
            },
            {
              "origin": [
                2.0,
                1.0,
                0.0
              ],
              "size": [
                2.0,
                2.0,
                1.0
              ],
              "rotation": [
                0.0,
                0.0,
                0.0
              ],
              "uv": [
                28,
                0
              ],
              "inflate": 0
            },
            {
              "origin": [
                3.0,
                16.0,
                -2.0
              ],
              "size": [
                1.0,
                3.0,
                2.0
              ],
              "rotation": [
                0.0,
                0.0,
                0.0
              ],
              "uv": [
                28,
                56
              ],
              "inflate": 0
            },
            {
              "origin": [
                -4.0,
                16.0,
                -2.0
              ],
              "size": [
                7.0,
                5.0,
                2.0
              ],
              "rotation": [
                0.0,
                0.0,
                0.0
              ],
              "uv": [
                26,
                26
              ],
              "inflate": 0
            },
            {
              "origin": [
                -5.0,
                16.0,
                -2.0
              ],
              "size": [
                1.0,
                3.0,
                2.0
              ],
              "rotation": [
                0.0,
                0.0,
                0.0
              ],
              "uv": [
                54,
                30
              ],
              "inflate": 0
            },
            {
              "origin": [
                4.0,
                18.0,
                -2.0
              ],
              "size": [
                1.0,
                2.0,
                2.0
              ],
              "rotation": [
                0.0,
                0.0,
                0.0
              ],
              "uv": [
                56,
                9
              ],
              "inflate": 0
            },
            {
              "origin": [
                -6.0,
                18.0,
                -2.0
              ],
              "size": [
                1.0,
                2.0,
                2.0
              ],
              "rotation": [
                0.0,
                0.0,
                0.0
              ],
              "uv": [
                39,
                56
              ],
              "inflate": 0
            },
            {
              "origin": [
                -3.0,
                21.0,
                -2.0
              ],
              "size": [
                5.0,
                2.0,
                2.0
              ],
              "rotation": [
                0.0,
                0.0,
                0.0
              ],
              "uv": [
                40,
                16
              ],
              "inflate": 0
            },
            {
              "origin": [
                -4.0,
                23.0,
                -2.0
              ],
              "size": [
                7.0,
                10.0,
                2.0
              ],
              "rotation": [
                0.0,
                0.0,
                0.0
              ],
              "uv": [
                0,
                13
              ],
              "inflate": 0
            },
            {
              "origin": [
                1.0,
                0.0,
                -3.0
              ],
              "size": [
                4.0,
                1.0,
                4.0
              ],
              "rotation": [
                0.0,
                0.0,
                0.0
              ],
              "uv": [
                31,
                11
              ],
              "inflate": 0
            },
            {
              "origin": [
                -3.0,
                24.0,
                -3.0
              ],
              "size": [
                1.0,
                1.0,
                1.0
              ],
              "rotation": [
                0.0,
                0.0,
                0.0
              ],
              "uv": [
                18,
                37
              ],
              "inflate": 0
            },
            {
              "origin": [
                1.0,
                24.0,
                -3.0
              ],
              "size": [
                1.0,
                1.0,
                1.0
              ],
              "rotation": [
                0.0,
                0.0,
                0.0
              ],
              "uv": [
                31,
                13
              ],
              "inflate": 0
            },
            {
              "origin": [
                2.0,
                25.0,
                -4.0
              ],
              "size": [
                1.0,
                8.0,
                1.0
              ],
              "rotation": [
                0.0,
                0.0,
                0.0
              ],
              "uv": [
                12,
                52
              ],
              "inflate": 0
            },
            {
              "origin": [
                -4.0,
                25.0,
                -4.0
              ],
              "size": [
                1.0,
                8.0,
                1.0
              ],
              "rotation": [
                0.0,
                0.0,
                0.0
              ],
              "uv": [
                8,
                52
              ],
              "inflate": 0
            },
            {
              "origin": [
                0.0,
                25.0,
                -3.0
              ],
              "size": [
                1.0,
                1.0,
                1.0
              ],
              "rotation": [
                0.0,
                0.0,
                0.0
              ],
              "uv": [
                31,
                11
              ],
              "inflate": 0
            },
            {
              "origin": [
                -2.0,
                25.0,
                -3.0
              ],
              "size": [
                1.0,
                1.0,
                1.0
              ],
              "rotation": [
                0.0,
                0.0,
                0.0
              ],
              "uv": [
                26,
                21
              ],
              "inflate": 0
            },
            {
              "origin": [
                -1.0,
                26.0,
                -3.0
              ],
              "size": [
                1.0,
                1.0,
                1.0
              ],
              "rotation": [
                0.0,
                0.0,
                0.0
              ],
              "uv": [
                13,
                25
              ],
              "inflate": 0
            },
            {
              "origin": [
                -4.0,
                24.0,
                -3.0
              ],
              "size": [
                1.0,
                9.0,
                1.0
              ],
              "rotation": [
                0.0,
                0.0,
                0.0
              ],
              "uv": [
                27,
                44
              ],
              "inflate": 0
            },
            {
              "origin": [
                2.0,
                24.0,
                -3.0
              ],
              "size": [
                1.0,
                9.0,
                1.0
              ],
              "rotation": [
                0.0,
                0.0,
                0.0
              ],
              "uv": [
                18,
                0
              ],
              "inflate": 0
            },
            {
              "origin": [
                -3.0,
                25.0,
                -3.0
              ],
              "size": [
                1.0,
                8.0,
                1.0
              ],
              "rotation": [
                0.0,
                0.0,
                0.0
              ],
              "uv": [
                20,
                53
              ],
              "inflate": 0
            },
            {
              "origin": [
                1.0,
                25.0,
                -3.0
              ],
              "size": [
                1.0,
                8.0,
                1.0
              ],
              "rotation": [
                0.0,
                0.0,
                0.0
              ],
              "uv": [
                16,
                52
              ],
              "inflate": 0
            },
            {
              "origin": [
                -1.0,
                27.0,
                -3.0
              ],
              "size": [
                1.0,
                6.0,
                1.0
              ],
              "rotation": [
                0.0,
                0.0,
                0.0
              ],
              "uv": [
                0,
                56
              ],
              "inflate": 0
            },
            {
              "origin": [
                0.0,
                26.0,
                -3.0
              ],
              "size": [
                1.0,
                7.0,
                1.0
              ],
              "rotation": [
                0.0,
                0.0,
                0.0
              ],
              "uv": [
                24,
                53
              ],
              "inflate": 0
            },
            {
              "origin": [
                -2.0,
                26.0,
                -3.0
              ],
              "size": [
                1.0,
                7.0,
                1.0
              ],
              "rotation": [
                0.0,
                0.0,
                0.0
              ],
              "uv": [
                35,
                55
              ],
              "inflate": 0
            },
            {
              "origin": [
                1.0,
                26.0,
                -4.0
              ],
              "size": [
                1.0,
                7.0,
                1.0
              ],
              "rotation": [
                0.0,
                0.0,
                0.0
              ],
              "uv": [
                45,
                55
              ],
              "inflate": 0
            },
            {
              "origin": [
                -3.0,
                26.0,
                -4.0
              ],
              "size": [
                1.0,
                7.0,
                1.0
              ],
              "rotation": [
                0.0,
                0.0,
                0.0
              ],
              "uv": [
                18,
                10
              ],
              "inflate": 0
            },
            {
              "origin": [
                -2.0,
                27.0,
                -4.0
              ],
              "size": [
                1.0,
                6.0,
                1.0
              ],
              "rotation": [
                0.0,
                0.0,
                0.0
              ],
              "uv": [
                53,
                55
              ],
              "inflate": 0
            },
            {
              "origin": [
                0.0,
                27.0,
                -4.0
              ],
              "size": [
                1.0,
                6.0,
                1.0
              ],
              "rotation": [
                0.0,
                0.0,
                0.0
              ],
              "uv": [
                49,
                55
              ],
              "inflate": 0
            },
            {
              "origin": [
                -1.0,
                28.0,
                -4.0
              ],
              "size": [
                1.0,
                5.0,
                1.0
              ],
              "rotation": [
                0.0,
                0.0,
                0.0
              ],
              "uv": [
                40,
                38
              ],
              "inflate": 0
            },
            {
              "origin": [
                3.0,
                28.0,
                -3.0
              ],
              "size": [
                2.0,
                4.0,
                3.0
              ],
              "rotation": [
                0.0,
                0.0,
                0.0
              ],
              "uv": [
                44,
                28
              ],
              "inflate": 0
            },
            {
              "origin": [
                -6.0,
                28.0,
                -3.0
              ],
              "size": [
                2.0,
                4.0,
                3.0
              ],
              "rotation": [
                0.0,
                0.0,
                0.0
              ],
              "uv": [
                42,
                21
              ],
              "inflate": 0
            },
            {
              "origin": [
                -7.0,
                25.0,
                -3.0
              ],
              "size": [
                1.0,
                6.0,
                3.0
              ],
              "rotation": [
                0.0,
                0.0,
                0.0
              ],
              "uv": [
                19,
                44
              ],
              "inflate": 0
            },
            {
              "origin": [
                5.0,
                25.0,
                -3.0
              ],
              "size": [
                1.0,
                6.0,
                3.0
              ],
              "rotation": [
                0.0,
                0.0,
                0.0
              ],
              "uv": [
                0,
                42
              ],
              "inflate": 0
            },
            {
              "origin": [
                -8.0,
                14.0,
                -3.0
              ],
              "size": [
                1.0,
                16.0,
                3.0
              ],
              "rotation": [
                0.0,
                0.0,
                0.0
              ],
              "uv": [
                23,
                0
              ],
              "inflate": 0
            },
            {
              "origin": [
                6.0,
                14.0,
                -3.0
              ],
              "size": [
                1.0,
                16.0,
                3.0
              ],
              "rotation": [
                0.0,
                0.0,
                0.0
              ],
              "uv": [
                18,
                18
              ],
              "inflate": 0
            },
            {
              "origin": [
                -9.0,
                14.0,
                -3.0
              ],
              "size": [
                1.0,
                14.0,
                3.0
              ],
              "rotation": [
                0.0,
                0.0,
                0.0
              ],
              "uv": [
                8,
                25
              ],
              "inflate": 0
            },
            {
              "origin": [
                7.0,
                14.0,
                -3.0
              ],
              "size": [
                1.0,
                14.0,
                3.0
              ],
              "rotation": [
                0.0,
                0.0,
                0.0
              ],
              "uv": [
                0,
                25
              ],
              "inflate": 0
            },
            {
              "origin": [
                -6.0,
                26.0,
                -3.0
              ],
              "size": [
                1.0,
                2.0,
                3.0
              ],
              "rotation": [
                0.0,
                0.0,
                0.0
              ],
              "uv": [
                51,
                25
              ],
              "inflate": 0
            },
            {
              "origin": [
                4.0,
                26.0,
                -3.0
              ],
              "size": [
                1.0,
                2.0,
                3.0
              ],
              "rotation": [
                0.0,
                0.0,
                0.0
              ],
              "uv": [
                28,
                51
              ],
              "inflate": 0
            },
            {
              "origin": [
                -9.0,
                12.0,
                -2.0
              ],
              "size": [
                2.0,
                2.0,
                3.0
              ],
              "rotation": [
                0.0,
                0.0,
                0.0
              ],
              "uv": [
                8,
                47
              ],
              "inflate": 0
            },
            {
              "origin": [
                6.0,
                12.0,
                -2.0
              ],
              "size": [
                2.0,
                2.0,
                3.0
              ],
              "rotation": [
                0.0,
                0.0,
                0.0
              ],
              "uv": [
                46,
                8
              ],
              "inflate": 0
            },
            {
              "origin": [
                -9.0,
                13.0,
                -3.0
              ],
              "size": [
                2.0,
                1.0,
                1.0
              ],
              "rotation": [
                0.0,
                0.0,
                0.0
              ],
              "uv": [
                43,
                13
              ],
              "inflate": 0
            },
            {
              "origin": [
                6.0,
                13.0,
                -3.0
              ],
              "size": [
                2.0,
                1.0,
                1.0
              ],
              "rotation": [
                0.0,
                0.0,
                0.0
              ],
              "uv": [
                23,
                19
              ],
              "inflate": 0
            },
            {
              "origin": [
                6.0,
                12.0,
                1.0
              ],
              "size": [
                2.0,
                1.0,
                2.0
              ],
              "rotation": [
                0.0,
                0.0,
                0.0
              ],
              "uv": [
                53,
                6
              ],
              "inflate": 0
            },
            {
              "origin": [
                -9.0,
                12.0,
                1.0
              ],
              "size": [
                2.0,
                1.0,
                2.0
              ],
              "rotation": [
                0.0,
                0.0,
                0.0
              ],
              "uv": [
                47,
                13
              ],
              "inflate": 0
            },
            {
              "origin": [
                6.0,
                11.0,
                1.0
              ],
              "size": [
                2.0,
                1.0,
                3.0
              ],
              "rotation": [
                0.0,
                0.0,
                0.0
              ],
              "uv": [
                49,
                20
              ],
              "inflate": 0
            },
            {
              "origin": [
                -9.0,
                11.0,
                1.0
              ],
              "size": [
                2.0,
                1.0,
                3.0
              ],
              "rotation": [
                0.0,
                0.0,
                0.0
              ],
              "uv": [
                46,
                40
              ],
              "inflate": 0
            },
            {
              "origin": [
                -3.0,
                33.0,
                -4.0
              ],
              "size": [
                5.0,
                1.0,
                4.0
              ],
              "rotation": [
                0.0,
                0.0,
                0.0
              ],
              "uv": [
                26,
                19
              ],
              "inflate": 0
            },
            {
              "origin": [
                -4.0,
                23.0,
                -3.0
              ],
              "size": [
                2.0,
                1.0,
                1.0
              ],
              "rotation": [
                0.0,
                0.0,
                0.0
              ],
              "uv": [
                37,
                0
              ],
              "inflate": 0
            },
            {
              "origin": [
                1.0,
                23.0,
                -3.0
              ],
              "size": [
                2.0,
                1.0,
                1.0
              ],
              "rotation": [
                0.0,
                0.0,
                0.0
              ],
              "uv": [
                36,
                24
              ],
              "inflate": 0
            },
            {
              "origin": [
                2.0,
                35.0,
                -4.0
              ],
              "size": [
                1.0,
                7.0,
                4.0
              ],
              "rotation": [
                0.0,
                0.0,
                0.0
              ],
              "uv": [
                22,
                33
              ],
              "inflate": 0
            },
            {
              "origin": [
                -4.0,
                35.0,
                -4.0
              ],
              "size": [
                1.0,
                7.0,
                4.0
              ],
              "rotation": [
                0.0,
                0.0,
                0.0
              ],
              "uv": [
                31,
                0
              ],
              "inflate": 0
            },
            {
              "origin": [
                -5.0,
                36.0,
                -4.0
              ],
              "size": [
                1.0,
                5.0,
                4.0
              ],
              "rotation": [
                0.0,
                0.0,
                0.0
              ],
              "uv": [
                40,
                40
              ],
              "inflate": 0
            },
            {
              "origin": [
                3.0,
                36.0,
                -4.0
              ],
              "size": [
                1.0,
                5.0,
                4.0
              ],
              "rotation": [
                0.0,
                0.0,
                0.0
              ],
              "uv": [
                12,
                38
              ],
              "inflate": 0
            },
            {
              "origin": [
                -2.0,
                33.0,
                -5.0
              ],
              "size": [
                3.0,
                5.0,
                1.0
              ],
              "rotation": [
                0.0,
                0.0,
                0.0
              ],
              "uv": [
                49,
                0
              ],
              "inflate": 0
            },
            {
              "origin": [
                -2.0,
                33.0,
                -6.0
              ],
              "size": [
                3.0,
                4.0,
                1.0
              ],
              "rotation": [
                0.0,
                0.0,
                0.0
              ],
              "uv": [
                0,
                51
              ],
              "inflate": 0
            },
            {
              "origin": [
                -2.0,
                33.0,
                -7.0
              ],
              "size": [
                3.0,
                3.0,
                1.0
              ],
              "rotation": [
                0.0,
                0.0,
                0.0
              ],
              "uv": [
                50,
                44
              ],
              "inflate": 0
            },
            {
              "origin": [
                -3.0,
                34.0,
                -4.0
              ],
              "size": [
                5.0,
                9.0,
                4.0
              ],
              "rotation": [
                0.0,
                0.0,
                0.0
              ],
              "uv": [
                0,
                0
              ],
              "inflate": 0
            },
            {
              "origin": [
                -1.0,
                32.0,
                -8.0
              ],
              "size": [
                1.0,
                1.0,
                4.0
              ],
              "rotation": [
                0.0,
                0.0,
                0.0
              ],
              "uv": [
                44,
                35
              ],
              "inflate": 0
            },
            {
              "origin": [
                -4.0,
                39.0,
                -5.0
              ],
              "size": [
                3.0,
                3.0,
                1.0
              ],
              "rotation": [
                0.0,
                0.0,
                0.0
              ],
              "uv": [
                50,
                35
              ],
              "inflate": 0
            },
            {
              "origin": [
                0.0,
                39.0,
                -5.0
              ],
              "size": [
                3.0,
                3.0,
                1.0
              ],
              "rotation": [
                0.0,
                0.0,
                0.0
              ],
              "uv": [
                28,
                33
              ],
              "inflate": 0
            },
            {
              "origin": [
                -2.0,
                33.0,
                -8.0
              ],
              "size": [
                3.0,
                2.0,
                1.0
              ],
              "rotation": [
                0.0,
                0.0,
                0.0
              ],
              "uv": [
                31,
                16
              ],
              "inflate": 0
            },
            {
              "origin": [
                -1.0,
                20.0,
                -2.0
              ],
              "size": [
                1.0,
                1.0,
                1.0
              ],
              "rotation": [
                0.0,
                0.0,
                0.0
              ],
              "uv": [
                22,
                0
              ],
              "inflate": 0
            },
            {
              "origin": [
                -1.0,
                19.0,
                -1.0
              ],
              "size": [
                1.0,
                1.0,
                1.0
              ],
              "rotation": [
                0.0,
                0.0,
                0.0
              ],
              "uv": [
                14,
                2
              ],
              "inflate": 0
            },
            {
              "origin": [
                -1.0,
                37.0,
                -6.0
              ],
              "size": [
                1.0,
                1.0,
                1.0
              ],
              "rotation": [
                0.0,
                0.0,
                0.0
              ],
              "uv": [
                14,
                0
              ],
              "inflate": 0
            },
            {
              "origin": [
                -1.0,
                36.0,
                -7.0
              ],
              "size": [
                1.0,
                1.0,
                1.0
              ],
              "rotation": [
                0.0,
                0.0,
                0.0
              ],
              "uv": [
                0,
                2
              ],
              "inflate": 0
            },
            {
              "origin": [
                -1.0,
                35.0,
                -8.0
              ],
              "size": [
                1.0,
                1.0,
                1.0
              ],
              "rotation": [
                0.0,
                0.0,
                0.0
              ],
              "uv": [
                0,
                0
              ],
              "inflate": 0
            }
          ],
          "rotation": [
            0,
            0,
            0
          ],
          "bind_pose_rotation": [
            0,
            0,
            0
          ]
        }
      ]
    }
  ]
}