{
  "format_version": "1.12.0",
  "minecraft:geometry": [
    {
      "description": {
        "identifier": "geometry.pa_doolsbody",
        "texture_width": 64,
        "texture_height": 64,
        "visible_bounds_width": 3,
        "visible_bounds_height": 3.5,
        "visible_bounds_offset": [
          0,
          1.25,
          0
        ]
      },
      "bones": [
        {
          "name": "unknown_bone",
          "pivot": [
            0,
            0,
            0
          ],
          "cubes": [
            {
              "origin": [
                -6.0,
                2.0,
                0.0
              ],
              "size": [
                2.0,
                16.0,
                2.0
              ],
              "rotation": [
                0.0,
                0.0,
                0.0
              ],
              "uv": [
                0,
                8
              ],
              "inflate": 0
            },
            {
              "origin": [
                -8.0,
                10.0,
                -2.0
              ],
              "size": [
                6.0,
                2.0,
                6.0
              ],
              "rotation": [
                0.0,
                0.0,
                0.0
              ],
              "uv": [
                0,
                0
              ],
              "inflate": 0
            },
            {
              "origin": [
                -7.0,
                12.0,
                -1.0
              ],
              "size": [
                4.0,
                2.0,
                4.0
              ],
              "rotation": [
                0.0,
                0.0,
                0.0
              ],
              "uv": [
                28,
                0
              ],
              "inflate": 0
            },
            {
              "origin": [
                -6.0,
                14.0,
                0.0
              ],
              "size": [
                2.0,
                2.0,
                2.0
              ],
              "rotation": [
                0.0,
                0.0,
                0.0
              ],
              "uv": [
                44,
                45
              ],
              "inflate": 0
            },
            {
              "origin": [
                -7.0,
                9.0,
                -3.0
              ],
              "size": [
                4.0,
                8.0,
                2.0
              ],
              "pivot": [
                -4.0,
                10.0,
                -3.0
              ],
              "rotation": [
                -15.0,
                0.0,
                0.0
              ],
              "uv": [
                28,
                15
              ],
              "inflate": 0
            },
            {
              "origin": [
                -7.0,
                9.0,
                3.0
              ],
              "size": [
                4.0,
                8.0,
                2.0
              ],
              "pivot": [
                -4.0,
                10.0,
                3.0
              ],
              "rotation": [
                17.5,
                0.0,
                0.0
              ],
              "uv": [
                26,
                26
              ],
              "inflate": 0
            },
            {
              "origin": [
                -3.0,
                9.0,
                -3.0
              ],
              "size": [
                2.0,
                8.0,
                2.0
              ],
              "pivot": [
                -1.0,
                10.0,
                -3.0
              ],
              "rotation": [
                -12.5,
                0.0,
                -12.5
              ],
              "uv": [
                8,
                37
              ],
              "inflate": 0
            },
            {
              "origin": [
                -3.0,
                9.0,
                3.0
              ],
              "size": [
                2.0,
                8.0,
                2.0
              ],
              "pivot": [
                -1.0,
                10.0,
                3.0
              ],
              "rotation": [
                20.0,
                0.0,
                -20.0
              ],
              "uv": [
                0,
                37
              ],
              "inflate": 0
            },
            {
              "origin": [
                -9.0,
                9.0,
                -3.0
              ],
              "size": [
                2.0,
                8.0,
                2.0
              ],
              "pivot": [
                -7.0,
                10.0,
                -3.0
              ],
              "rotation": [
                -15.0,
                0.0,
                10.0
              ],
              "uv": [
                22,
                36
              ],
              "inflate": 0
            },
            {
              "origin": [
                -9.0,
                9.0,
                3.0
              ],
              "size": [
                2.0,
                8.0,
                2.0
              ],
              "pivot": [
                -7.0,
                9.0,
                3.0
              ],
              "rotation": [
                15.0,
                0.0,
                10.0
              ],
              "uv": [
                30,
                36
              ],
              "inflate": 0
            },
            {
              "origin": [
                -7.0,
                18.0,
                -1.0
              ],
              "size": [
                2.0,
                7.0,
                4.0
              ],
              "rotation": [
                0.0,
                0.0,
                0.0
              ],
              "uv": [
                20,
                4
              ],
              "inflate": 0
            },
            {
              "origin": [
                -5.0,
                18.0,
                -1.0
              ],
              "size": [
                2.0,
                6.0,
                4.0
              ],
              "rotation": [
                0.0,
                0.0,
                0.0
              ],
              "uv": [
                4,
                22
              ],
              "inflate": 0
            },
            {
              "origin": [
                -3.0,
                19.0,
                -1.0
              ],
              "size": [
                1.0,
                5.0,
                4.0
              ],
              "rotation": [
                0.0,
                0.0,
                0.0
              ],
              "uv": [
                32,
                6
              ],
              "inflate": 0
            },
            {
              "origin": [
                -8.0,
                19.0,
                -1.0
              ],
              "size": [
                1.0,
                5.0,
                4.0
              ],
              "rotation": [
                0.0,
                0.0,
                0.0
              ],
              "uv": [
                14,
                28
              ],
              "inflate": 0
            },
            {
              "origin": [
                -8.0,
                24.0,
                -1.0
              ],
              "size": [
                1.0,
                2.0,
                4.0
              ],
              "rotation": [
                0.0,
                0.0,
                0.0
              ],
              "uv": [
                38,
                27
              ],
              "inflate": 0
            },
            {
              "origin": [
                -2.0,
                23.0,
                -1.0
              ],
              "size": [
                1.0,
                2.0,
                4.0
              ],
              "rotation": [
                0.0,
                0.0,
                0.0
              ],
              "uv": [
                38,
                11
              ],
              "inflate": 0
            },
            {
              "origin": [
                -8.0,
                23.0,
                3.0
              ],
              "size": [
                6.0,
                2.0,
                1.0
              ],
              "rotation": [
                0.0,
                0.0,
                0.0
              ],
              "uv": [
                18,
                0
              ],
              "inflate": 0
            },
            {
              "origin": [
                -6.0,
                24.0,
                1.0
              ],
              "size": [
                4.0,
                2.0,
                2.0
              ],
              "rotation": [
                0.0,
                0.0,
                0.0
              ],
              "uv": [
                36,
                34
              ],
              "inflate": 0
            },
            {
              "origin": [
                -5.0,
                24.0,
                -1.0
              ],
              "size": [
                2.0,
                7.0,
                2.0
              ],
              "pivot": [
                -4.0,
                19.0,
                -2.0
              ],
              "rotation": [
                -2.5,
                0.0,
                10.0
              ],
              "uv": [
                38,
                38
              ],
              "inflate": 0
            },
            {
              "origin": [
                -3.0,
                30.0,
                0.0
              ],
              "size": [
                2.0,
                5.0,
                2.0
              ],
              "pivot": [
                -2.0,
                25.0,
                -1.0
              ],
              "rotation": [
                7.5,
                0.0,
                0.0
              ],
              "uv": [
                42,
                4
              ],
              "inflate": 0
            },
            {
              "origin": [
                -4.0,
                34.0,
                -1.0
              ],
              "size": [
                2.0,
                4.0,
                2.0
              ],
              "pivot": [
                -3.0,
                30.0,
                -1.0
              ],
              "rotation": [
                5.0,
                0.0,
                15.0
              ],
              "uv": [
                42,
                17
              ],
              "inflate": 0
            },
            {
              "origin": [
                -7.0,
                25.0,
                3.0
              ],
              "size": [
                4.0,
                1.0,
                1.0
              ],
              "rotation": [
                0.0,
                0.0,
                0.0
              ],
              "uv": [
                42,
                23
              ],
              "inflate": 0
            },
            {
              "origin": [
                -6.0,
                26.0,
                3.0
              ],
              "size": [
                2.0,
                1.0,
                1.0
              ],
              "rotation": [
                0.0,
                0.0,
                0.0
              ],
              "uv": [
                6,
                8
              ],
              "inflate": 0
            },
            {
              "origin": [
                -7.0,
                21.0,
                3.0
              ],
              "size": [
                4.0,
                2.0,
                1.0
              ],
              "rotation": [
                0.0,
                0.0,
                0.0
              ],
              "uv": [
                44,
                27
              ],
              "inflate": 0
            },
            {
              "origin": [
                -9.0,
                23.0,
                -1.0
              ],
              "size": [
                1.0,
                2.0,
                4.0
              ],
              "rotation": [
                0.0,
                0.0,
                0.0
              ],
              "uv": [
                36,
                21
              ],
              "inflate": 0
            },
            {
              "origin": [
                -7.0,
                25.0,
                0.0
              ],
              "size": [
                4.0,
                2.0,
                3.0
              ],
              "rotation": [
                0.0,
                0.0,
                0.0
              ],
              "uv": [
                0,
                32
              ],
              "inflate": 0
            },
            {
              "origin": [
                -7.0,
                27.0,
                0.0
              ],
              "size": [
                4.0,
                1.0,
                2.0
              ],
              "pivot": [
                -7.0,
                22.0,
                0.0
              ],
              "rotation": [
                0.0,
                0.0,
                32.5
              ],
              "uv": [
                40,
                0
              ],
              "inflate": 0
            },
            {
              "origin": [
                -10.0,
                36.0,
                0.0
              ],
              "size": [
                3.0,
                2.0,
                2.0
              ],
              "pivot": [
                -10.0,
                31.0,
                0.0
              ],
              "rotation": [
                0.0,
                0.0,
                140.0
              ],
              "uv": [
                44,
                11
              ],
              "inflate": 0
            },
            {
              "origin": [
                -5.0,
                13.0,
                0.0
              ],
              "size": [
                1.0,
                1.0,
                1.0
              ],
              "rotation": [
                0.0,
                0.0,
                0.0
              ],
              "uv": [
                8,
                10
              ],
              "inflate": 0
            },
            {
              "origin": [
                -2.0,
                9.0,
                -1.0
              ],
              "size": [
                2.0,
                8.0,
                4.0
              ],
              "pivot": [
                -1.0,
                10.0,
                1.0
              ],
              "rotation": [
                0.0,
                0.0,
                -25.0
              ],
              "uv": [
                16,
                16
              ],
              "inflate": 0
            },
            {
              "origin": [
                -10.0,
                9.0,
                -1.0
              ],
              "size": [
                2.0,
                8.0,
                4.0
              ],
              "pivot": [
                -8.0,
                10.0,
                1.0
              ],
              "rotation": [
                0.0,
                0.0,
                20.0
              ],
              "uv": [
                8,
                8
              ],
              "inflate": 0
            },
            {
              "origin": [
                -4.0,
                0.0,
                1.0
              ],
              "size": [
                1.0,
                6.0,
                1.0
              ],
              "pivot": [
                -3.0,
                0.0,
                1.0
              ],
              "rotation": [
                0.0,
                0.0,
                -10.0
              ],
              "uv": [
                15,
                46
              ],
              "inflate": 0
            },
            {
              "origin": [
                -5.0,
                0.0,
                -1.0
              ],
              "size": [
                1.0,
                8.0,
                1.0
              ],
              "pivot": [
                -4.0,
                0.0,
                -1.0
              ],
              "rotation": [
                -7.5,
                0.0,
                -7.5
              ],
              "uv": [
                16,
                37
              ],
              "inflate": 0
            },
            {
              "origin": [
                -5.0,
                0.0,
                2.0
              ],
              "size": [
                1.0,
                7.0,
                1.0
              ],
              "pivot": [
                -4.0,
                0.0,
                2.0
              ],
              "rotation": [
                12.5,
                0.0,
                -7.5
              ],
              "uv": [
                19,
                45
              ],
              "inflate": 0
            },
            {
              "origin": [
                -7.0,
                0.0,
                0.0
              ],
              "size": [
                1.0,
                5.0,
                1.0
              ],
              "pivot": [
                -6.0,
                0.0,
                0.0
              ],
              "rotation": [
                0.0,
                0.0,
                15.0
              ],
              "uv": [
                0,
                0
              ],
              "inflate": 0
            }
          ],
          "rotation": [
            0,
            0,
            0
          ],
          "bind_pose_rotation": [
            0,
            0,
            0
          ]
        }
      ]
    }
  ]
}