{
  "format_version": "1.12.0",
  "minecraft:geometry": [
    {
      "description": {
        "identifier": "geometry.pa_day18",
        "texture_width": 16,
        "texture_height": 16,
        "visible_bounds_width": 7,
        "visible_bounds_height": 6.5,
        "visible_bounds_offset": [
          0,
          2.75,
          0
        ]
      },
      "bones": [
        {
          "name": "unknown_bone",
          "pivot": [
            0,
            0,
            0
          ],
          "cubes": [
            {
              "origin": [
                -11.0,
                38.0,
                -21.0
              ],
              "size": [
                14.0,
                21.0,
                12.0
              ],
              "rotation": [
                0.0,
                0.0,
                0.0
              ],
              "uv": [
                0,
                0
              ],
              "inflate": 0
            },
            {
              "origin": [
                -11.0,
                52.0,
                -15.0
              ],
              "size": [
                14.0,
                11.0,
                17.0
              ],
              "pivot": [
                -8.0,
                37.0,
                -15.0
              ],
              "rotation": [
                20.0,
                0.0,
                0.0
              ],
              "uv": [
                0,
                0
              ],
              "inflate": 0
            },
            {
              "origin": [
                -10.0,
                63.0,
                -12.0
              ],
              "size": [
                12.0,
                2.0,
                11.0
              ],
              "pivot": [
                -8.0,
                37.0,
                -15.0
              ],
              "rotation": [
                20.0,
                0.0,
                0.0
              ],
              "uv": [
                0,
                0
              ],
              "inflate": 0
            },
            {
              "origin": [
                -9.0,
                38.0,
                -24.0
              ],
              "size": [
                10.0,
                3.0,
                3.0
              ],
              "rotation": [
                0.0,
                0.0,
                0.0
              ],
              "uv": [
                0,
                0
              ],
              "inflate": 0
            },
            {
              "origin": [
                -9.0,
                41.0,
                -27.0
              ],
              "size": [
                10.0,
                4.0,
                10.0
              ],
              "pivot": [
                -8.0,
                40.0,
                -19.0
              ],
              "rotation": [
                37.5,
                0.0,
                0.0
              ],
              "uv": [
                0,
                0
              ],
              "inflate": 0
            },
            {
              "origin": [
                -9.0,
                52.0,
                -28.0
              ],
              "size": [
                10.0,
                3.0,
                10.0
              ],
              "pivot": [
                -8.0,
                46.0,
                -20.0
              ],
              "rotation": [
                67.5,
                -2.5,
                0.0
              ],
              "uv": [
                0,
                0
              ],
              "inflate": 0
            },
            {
              "origin": [
                -8.0,
                49.0,
                -29.0
              ],
              "size": [
                8.0,
                2.0,
                4.0
              ],
              "pivot": [
                -8.0,
                42.0,
                -19.0
              ],
              "rotation": [
                50.0,
                -2.5,
                0.0
              ],
              "uv": [
                0,
                0
              ],
              "inflate": 0
            },
            {
              "origin": [
                -10.0,
                45.0,
                -32.0
              ],
              "size": [
                12.0,
                13.0,
                15.0
              ],
              "pivot": [
                -8.0,
                52.0,
                -24.0
              ],
              "rotation": [
                130.0,
                0.0,
                0.0
              ],
              "uv": [
                0,
                0
              ],
              "inflate": 0
            },
            {
              "origin": [
                -10.0,
                58.0,
                -25.0
              ],
              "size": [
                12.0,
                14.0,
                10.0
              ],
              "pivot": [
                -8.0,
                52.0,
                -24.0
              ],
              "rotation": [
                130.0,
                0.0,
                0.0
              ],
              "uv": [
                0,
                0
              ],
              "inflate": 0
            },
            {
              "origin": [
                -9.0,
                72.0,
                -24.0
              ],
              "size": [
                10.0,
                10.0,
                7.0
              ],
              "pivot": [
                -8.0,
                52.0,
                -24.0
              ],
              "rotation": [
                130.0,
                0.0,
                0.0
              ],
              "uv": [
                0,
                0
              ],
              "inflate": 0
            },
            {
              "origin": [
                -7.0,
                78.0,
                -17.0
              ],
              "size": [
                6.0,
                3.0,
                2.0
              ],
              "pivot": [
                -8.0,
                52.0,
                -24.0
              ],
              "rotation": [
                130.0,
                0.0,
                0.0
              ],
              "uv": [
                0,
                0
              ],
              "inflate": 0
            },
            {
              "origin": [
                -7.0,
                66.0,
                -15.0
              ],
              "size": [
                6.0,
                6.0,
                3.0
              ],
              "pivot": [
                -8.0,
                52.0,
                -24.0
              ],
              "rotation": [
                130.0,
                0.0,
                0.0
              ],
              "uv": [
                0,
                0
              ],
              "inflate": 0
            },
            {
              "origin": [
                -7.0,
                74.0,
                -17.0
              ],
              "size": [
                6.0,
                3.0,
                2.0
              ],
              "pivot": [
                -8.0,
                52.0,
                -24.0
              ],
              "rotation": [
                130.0,
                0.0,
                0.0
              ],
              "uv": [
                0,
                0
              ],
              "inflate": 0
            },
            {
              "origin": [
                -8.0,
                82.0,
                -24.0
              ],
              "size": [
                8.0,
                8.0,
                8.0
              ],
              "pivot": [
                -8.0,
                52.0,
                -24.0
              ],
              "rotation": [
                130.0,
                0.0,
                0.0
              ],
              "uv": [
                0,
                0
              ],
              "inflate": 0
            },
            {
              "origin": [
                -8.0,
                66.0,
                -18.0
              ],
              "size": [
                8.0,
                5.0,
                7.0
              ],
              "pivot": [
                -8.0,
                35.0,
                -16.0
              ],
              "rotation": [
                102.5,
                0.0,
                0.0
              ],
              "uv": [
                0,
                0
              ],
              "inflate": 0
            },
            {
              "origin": [
                -8.0,
                49.0,
                -20.0
              ],
              "size": [
                8.0,
                9.0,
                6.0
              ],
              "pivot": [
                -8.0,
                17.0,
                -20.0
              ],
              "rotation": [
                75.0,
                0.0,
                0.0
              ],
              "uv": [
                0,
                0
              ],
              "inflate": 0
            },
            {
              "origin": [
                -9.0,
                54.0,
                -17.0
              ],
              "size": [
                10.0,
                10.0,
                3.0
              ],
              "pivot": [
                -8.0,
                52.0,
                -24.0
              ],
              "rotation": [
                130.0,
                0.0,
                0.0
              ],
              "uv": [
                0,
                0
              ],
              "inflate": 0
            },
            {
              "origin": [
                -9.0,
                56.0,
                -14.0
              ],
              "size": [
                10.0,
                4.0,
                4.0
              ],
              "pivot": [
                -8.0,
                52.0,
                -24.0
              ],
              "rotation": [
                130.0,
                0.0,
                0.0
              ],
              "uv": [
                0,
                0
              ],
              "inflate": 0
            },
            {
              "origin": [
                -9.0,
                70.0,
                -22.0
              ],
              "size": [
                10.0,
                6.0,
                3.0
              ],
              "pivot": [
                -8.0,
                64.0,
                -29.0
              ],
              "rotation": [
                180.0,
                0.0,
                0.0
              ],
              "uv": [
                0,
                0
              ],
              "inflate": 0
            },
            {
              "origin": [
                -9.0,
                79.0,
                -30.0
              ],
              "size": [
                10.0,
                4.0,
                3.0
              ],
              "pivot": [
                -8.0,
                71.0,
                -37.0
              ],
              "rotation": [
                -130.0,
                0.0,
                0.0
              ],
              "uv": [
                0,
                0
              ],
              "inflate": 0
            },
            {
              "origin": [
                -8.0,
                41.0,
                -29.0
              ],
              "size": [
                8.0,
                2.0,
                4.0
              ],
              "pivot": [
                -8.0,
                38.0,
                -16.0
              ],
              "rotation": [
                27.5,
                0.0,
                0.0
              ],
              "uv": [
                0,
                0
              ],
              "inflate": 0
            },
            {
              "origin": [
                -8.0,
                47.0,
                -32.0
              ],
              "size": [
                8.0,
                2.0,
                4.0
              ],
              "pivot": [
                -8.0,
                44.0,
                -19.0
              ],
              "rotation": [
                57.5,
                0.0,
                0.0
              ],
              "uv": [
                0,
                0
              ],
              "inflate": 0
            },
            {
              "origin": [
                -11.0,
                35.0,
                -12.0
              ],
              "size": [
                14.0,
                11.0,
                5.0
              ],
              "pivot": [
                -8.0,
                41.0,
                -1.0
              ],
              "rotation": [
                -22.5,
                0.0,
                0.0
              ],
              "uv": [
                0,
                0
              ],
              "inflate": 0
            },
            {
              "origin": [
                -11.0,
                40.0,
                -9.0
              ],
              "size": [
                14.0,
                6.0,
                2.0
              ],
              "pivot": [
                -8.0,
                42.0,
                -3.0
              ],
              "rotation": [
                -60.0,
                0.0,
                0.0
              ],
              "uv": [
                0,
                0
              ],
              "inflate": 0
            },
            {
              "origin": [
                -11.0,
                35.0,
                -23.0
              ],
              "size": [
                14.0,
                21.0,
                16.0
              ],
              "pivot": [
                -8.0,
                43.0,
                -3.0
              ],
              "rotation": [
                -100.0,
                0.0,
                0.0
              ],
              "uv": [
                0,
                0
              ],
              "inflate": 0
            },
            {
              "origin": [
                -9.0,
                43.0,
                -28.0
              ],
              "size": [
                10.0,
                4.0,
                5.0
              ],
              "pivot": [
                -8.0,
                43.0,
                -3.0
              ],
              "rotation": [
                -100.0,
                0.0,
                0.0
              ],
              "uv": [
                0,
                0
              ],
              "inflate": 0
            },
            {
              "origin": [
                -9.0,
                39.0,
                -18.0
              ],
              "size": [
                10.0,
                7.0,
                7.0
              ],
              "pivot": [
                -8.0,
                39.0,
                11.0
              ],
              "rotation": [
                -117.5,
                0.0,
                0.0
              ],
              "uv": [
                0,
                0
              ],
              "inflate": 0
            },
            {
              "origin": [
                -9.0,
                40.0,
                -24.0
              ],
              "size": [
                10.0,
                5.0,
                6.0
              ],
              "pivot": [
                -8.0,
                39.0,
                11.0
              ],
              "rotation": [
                -117.5,
                0.0,
                0.0
              ],
              "uv": [
                0,
                0
              ],
              "inflate": 0
            },
            {
              "origin": [
                -8.0,
                41.0,
                -22.0
              ],
              "size": [
                8.0,
                4.0,
                5.0
              ],
              "pivot": [
                -8.0,
                41.0,
                3.0
              ],
              "rotation": [
                -100.0,
                0.0,
                0.0
              ],
              "uv": [
                0,
                0
              ],
              "inflate": 0
            },
            {
              "origin": [
                -8.0,
                40.0,
                -8.0
              ],
              "size": [
                8.0,
                4.0,
                6.0
              ],
              "pivot": [
                -8.0,
                41.0,
                18.0
              ],
              "rotation": [
                -77.5,
                0.0,
                0.0
              ],
              "uv": [
                0,
                0
              ],
              "inflate": 0
            },
            {
              "origin": [
                -8.0,
                40.0,
                -9.0
              ],
              "size": [
                8.0,
                4.0,
                14.0
              ],
              "pivot": [
                -8.0,
                41.0,
                23.0
              ],
              "rotation": [
                -77.5,
                0.0,
                0.0
              ],
              "uv": [
                0,
                0
              ],
              "inflate": 0
            },
            {
              "origin": [
                -8.0,
                44.0,
                -6.0
              ],
              "size": [
                8.0,
                1.0,
                11.0
              ],
              "pivot": [
                -8.0,
                41.0,
                23.0
              ],
              "rotation": [
                -77.5,
                0.0,
                0.0
              ],
              "uv": [
                0,
                0
              ],
              "inflate": 0
            },
            {
              "origin": [
                -9.0,
                36.0,
                -26.0
              ],
              "size": [
                10.0,
                6.0,
                3.0
              ],
              "pivot": [
                -8.0,
                43.0,
                -3.0
              ],
              "rotation": [
                -100.0,
                0.0,
                0.0
              ],
              "uv": [
                0,
                0
              ],
              "inflate": 0
            },
            {
              "origin": [
                -11.0,
                43.0,
                -11.0
              ],
              "size": [
                14.0,
                7.0,
                13.0
              ],
              "pivot": [
                -8.0,
                45.0,
                6.0
              ],
              "rotation": [
                -85.0,
                0.0,
                0.0
              ],
              "uv": [
                0,
                0
              ],
              "inflate": 0
            },
            {
              "origin": [
                -11.0,
                47.0,
                -8.0
              ],
              "size": [
                14.0,
                13.0,
                13.0
              ],
              "pivot": [
                -8.0,
                45.0,
                9.0
              ],
              "rotation": [
                -75.0,
                0.0,
                0.0
              ],
              "uv": [
                0,
                0
              ],
              "inflate": 0
            },
            {
              "origin": [
                -9.0,
                39.0,
                8.0
              ],
              "size": [
                10.0,
                23.0,
                4.0
              ],
              "pivot": [
                -8.0,
                43.0,
                14.0
              ],
              "rotation": [
                -35.0,
                0.0,
                0.0
              ],
              "uv": [
                0,
                0
              ],
              "inflate": 0
            },
            {
              "origin": [
                -9.0,
                42.0,
                12.0
              ],
              "size": [
                10.0,
                20.0,
                8.0
              ],
              "pivot": [
                -8.0,
                43.0,
                14.0
              ],
              "rotation": [
                -35.0,
                0.0,
                0.0
              ],
              "uv": [
                0,
                0
              ],
              "inflate": 0
            },
            {
              "origin": [
                -9.0,
                44.0,
                20.0
              ],
              "size": [
                10.0,
                15.0,
                2.0
              ],
              "pivot": [
                -8.0,
                43.0,
                14.0
              ],
              "rotation": [
                -35.0,
                0.0,
                0.0
              ],
              "uv": [
                0,
                0
              ],
              "inflate": 0
            },
            {
              "origin": [
                -3.0,
                25.0,
                16.0
              ],
              "size": [
                3.0,
                18.0,
                2.0
              ],
              "pivot": [
                -8.0,
                43.0,
                18.0
              ],
              "rotation": [
                -7.5,
                0.0,
                0.0
              ],
              "uv": [
                0,
                0
              ],
              "inflate": 0
            },
            {
              "origin": [
                -3.0,
                19.0,
                7.0
              ],
              "size": [
                3.0,
                6.0,
                2.0
              ],
              "pivot": [
                -8.0,
                43.0,
                9.0
              ],
              "rotation": [
                20.0,
                0.0,
                0.0
              ],
              "uv": [
                0,
                0
              ],
              "inflate": 0
            },
            {
              "origin": [
                -8.0,
                11.0,
                -3.0
              ],
              "size": [
                3.0,
                4.0,
                5.0
              ],
              "pivot": [
                -13.0,
                35.0,
                2.0
              ],
              "rotation": [
                20.0,
                0.0,
                0.0
              ],
              "uv": [
                0,
                0
              ],
              "inflate": 0
            },
            {
              "origin": [
                -8.0,
                8.0,
                8.0
              ],
              "size": [
                3.0,
                4.0,
                6.0
              ],
              "pivot": [
                -13.0,
                32.0,
                14.0
              ],
              "rotation": [
                -12.5,
                0.0,
                0.0
              ],
              "uv": [
                0,
                0
              ],
              "inflate": 0
            },
            {
              "origin": [
                -8.0,
                -2.0,
                8.0
              ],
              "size": [
                3.0,
                10.0,
                2.0
              ],
              "pivot": [
                -13.0,
                32.0,
                14.0
              ],
              "rotation": [
                -12.5,
                0.0,
                0.0
              ],
              "uv": [
                0,
                0
              ],
              "inflate": 0
            },
            {
              "origin": [
                -8.0,
                -2.0,
                11.0
              ],
              "size": [
                3.0,
                10.0,
                2.0
              ],
              "pivot": [
                -13.0,
                32.0,
                14.0
              ],
              "rotation": [
                -12.5,
                0.0,
                0.0
              ],
              "uv": [
                0,
                0
              ],
              "inflate": 0
            },
            {
              "origin": [
                -8.0,
                -2.0,
                10.0
              ],
              "size": [
                3.0,
                4.0,
                1.0
              ],
              "pivot": [
                -13.0,
                32.0,
                14.0
              ],
              "rotation": [
                -12.5,
                0.0,
                0.0
              ],
              "uv": [
                0,
                0
              ],
              "inflate": 0
            },
            {
              "origin": [
                -3.0,
                13.0,
                20.0
              ],
              "size": [
                3.0,
                30.0,
                1.0
              ],
              "pivot": [
                -8.0,
                43.0,
                18.0
              ],
              "rotation": [
                -7.5,
                0.0,
                0.0
              ],
              "uv": [
                0,
                0
              ],
              "inflate": 0
            },
            {
              "origin": [
                -3.0,
                0.0,
                18.0
              ],
              "size": [
                3.0,
                20.0,
                1.0
              ],
              "pivot": [
                -8.0,
                43.0,
                16.0
              ],
              "rotation": [
                -2.5,
                0.0,
                0.0
              ],
              "uv": [
                0,
                0
              ],
              "inflate": 0
            },
            {
              "origin": [
                -3.0,
                0.0,
                18.0
              ],
              "size": [
                3.0,
                33.0,
                2.0
              ],
              "pivot": [
                -8.0,
                43.0,
                18.0
              ],
              "rotation": [
                -7.5,
                0.0,
                0.0
              ],
              "uv": [
                0,
                0
              ],
              "inflate": 0
            },
            {
              "origin": [
                -8.0,
                12.0,
                12.0
              ],
              "size": [
                3.0,
                31.0,
                2.0
              ],
              "pivot": [
                -13.0,
                43.0,
                13.0
              ],
              "rotation": [
                -15.0,
                0.0,
                0.0
              ],
              "uv": [
                0,
                0
              ],
              "inflate": 0
            },
            {
              "origin": [
                -5.0,
                32.0,
                15.0
              ],
              "size": [
                0.0,
                11.0,
                1.0
              ],
              "pivot": [
                -13.0,
                43.0,
                13.0
              ],
              "rotation": [
                -15.0,
                0.0,
                0.0
              ],
              "uv": [
                0,
                0
              ],
              "inflate": 0
            },
            {
              "origin": [
                -8.0,
                12.0,
                14.0
              ],
              "size": [
                3.0,
                20.0,
                2.0
              ],
              "pivot": [
                -13.0,
                43.0,
                13.0
              ],
              "rotation": [
                -15.0,
                0.0,
                0.0
              ],
              "uv": [
                0,
                0
              ],
              "inflate": 0
            },
            {
              "origin": [
                -9.0,
                36.0,
                9.0
              ],
              "size": [
                10.0,
                3.0,
                2.0
              ],
              "pivot": [
                -8.0,
                43.0,
                14.0
              ],
              "rotation": [
                -35.0,
                0.0,
                0.0
              ],
              "uv": [
                0,
                0
              ],
              "inflate": 0
            },
            {
              "origin": [
                -9.0,
                42.0,
                4.0
              ],
              "size": [
                10.0,
                2.0,
                8.0
              ],
              "pivot": [
                -8.0,
                46.0,
                11.0
              ],
              "rotation": [
                32.5,
                0.0,
                0.0
              ],
              "uv": [
                0,
                0
              ],
              "inflate": 0
            },
            {
              "origin": [
                -9.0,
                45.0,
                2.0
              ],
              "size": [
                10.0,
                1.0,
                4.0
              ],
              "pivot": [
                -8.0,
                46.0,
                8.0
              ],
              "rotation": [
                67.5,
                0.0,
                0.0
              ],
              "uv": [
                0,
                0
              ],
              "inflate": 0
            },
            {
              "origin": [
                -10.0,
                1.0,
                -20.0
              ],
              "size": [
                3.0,
                3.0,
                4.0
              ],
              "pivot": [
                -7.0,
                1.0,
                -17.0
              ],
              "rotation": [
                60.0,
                0.0,
                0.0
              ],
              "uv": [
                0,
                0
              ],
              "inflate": 0
            },
            {
              "origin": [
                -1.0,
                3.0,
                -14.0
              ],
              "size": [
                3.0,
                1.0,
                4.0
              ],
              "pivot": [
                2.0,
                1.0,
                -11.0
              ],
              "rotation": [
                60.0,
                0.0,
                0.0
              ],
              "uv": [
                0,
                0
              ],
              "inflate": 0
            },
            {
              "origin": [
                -1.0,
                2.0,
                -14.0
              ],
              "size": [
                3.0,
                1.0,
                4.0
              ],
              "pivot": [
                2.0,
                2.0,
                -11.0
              ],
              "rotation": [
                60.0,
                0.0,
                0.0
              ],
              "uv": [
                0,
                0
              ],
              "inflate": 0
            },
            {
              "origin": [
                -10.0,
                0.0,
                -19.0
              ],
              "size": [
                3.0,
                13.0,
                3.0
              ],
              "pivot": [
                -7.0,
                3.0,
                -15.0
              ],
              "rotation": [
                7.5,
                0.0,
                0.0
              ],
              "uv": [
                0,
                0
              ],
              "inflate": 0
            },
            {
              "origin": [
                -1.0,
                0.0,
                -13.0
              ],
              "size": [
                3.0,
                13.0,
                3.0
              ],
              "pivot": [
                2.0,
                3.0,
                -9.0
              ],
              "rotation": [
                7.5,
                0.0,
                0.0
              ],
              "uv": [
                0,
                0
              ],
              "inflate": 0
            },
            {
              "origin": [
                -10.0,
                12.0,
                -21.0
              ],
              "size": [
                3.0,
                19.0,
                3.0
              ],
              "pivot": [
                -7.0,
                3.0,
                -17.0
              ],
              "rotation": [
                -2.5,
                0.0,
                0.0
              ],
              "uv": [
                0,
                0
              ],
              "inflate": 0
            },
            {
              "origin": [
                -1.0,
                12.0,
                -15.0
              ],
              "size": [
                3.0,
                19.0,
                3.0
              ],
              "pivot": [
                2.0,
                3.0,
                -11.0
              ],
              "rotation": [
                -2.5,
                0.0,
                0.0
              ],
              "uv": [
                0,
                0
              ],
              "inflate": 0
            },
            {
              "origin": [
                -10.0,
                19.0,
                -18.0
              ],
              "size": [
                3.0,
                7.0,
                3.0
              ],
              "pivot": [
                -7.0,
                3.0,
                -14.0
              ],
              "rotation": [
                10.0,
                0.0,
                0.0
              ],
              "uv": [
                0,
                0
              ],
              "inflate": 0
            },
            {
              "origin": [
                -1.0,
                19.0,
                -12.0
              ],
              "size": [
                3.0,
                7.0,
                3.0
              ],
              "pivot": [
                2.0,
                3.0,
                -8.0
              ],
              "rotation": [
                10.0,
                0.0,
                0.0
              ],
              "uv": [
                0,
                0
              ],
              "inflate": 0
            },
            {
              "origin": [
                -10.0,
                28.0,
                -18.0
              ],
              "size": [
                3.0,
                4.0,
                2.0
              ],
              "pivot": [
                -7.0,
                12.0,
                -14.0
              ],
              "rotation": [
                10.0,
                0.0,
                0.0
              ],
              "uv": [
                0,
                0
              ],
              "inflate": 0
            },
            {
              "origin": [
                -1.0,
                28.0,
                -12.0
              ],
              "size": [
                3.0,
                4.0,
                2.0
              ],
              "pivot": [
                2.0,
                12.0,
                -8.0
              ],
              "rotation": [
                10.0,
                0.0,
                0.0
              ],
              "uv": [
                0,
                0
              ],
              "inflate": 0
            },
            {
              "origin": [
                -10.0,
                30.0,
                -25.0
              ],
              "size": [
                3.0,
                9.0,
                5.0
              ],
              "pivot": [
                -7.0,
                14.0,
                -21.0
              ],
              "rotation": [
                -12.5,
                0.0,
                0.0
              ],
              "uv": [
                0,
                0
              ],
              "inflate": 0
            },
            {
              "origin": [
                -1.0,
                30.0,
                -19.0
              ],
              "size": [
                3.0,
                9.0,
                5.0
              ],
              "pivot": [
                2.0,
                14.0,
                -15.0
              ],
              "rotation": [
                -12.5,
                0.0,
                0.0
              ],
              "uv": [
                0,
                0
              ],
              "inflate": 0
            },
            {
              "origin": [
                -10.0,
                19.0,
                -26.0
              ],
              "size": [
                3.0,
                7.0,
                3.0
              ],
              "pivot": [
                -7.0,
                3.0,
                -22.0
              ],
              "rotation": [
                -20.0,
                0.0,
                0.0
              ],
              "uv": [
                0,
                0
              ],
              "inflate": 0
            },
            {
              "origin": [
                -1.0,
                19.0,
                -20.0
              ],
              "size": [
                3.0,
                7.0,
                3.0
              ],
              "pivot": [
                2.0,
                3.0,
                -16.0
              ],
              "rotation": [
                -20.0,
                0.0,
                0.0
              ],
              "uv": [
                0,
                0
              ],
              "inflate": 0
            },
            {
              "origin": [
                -10.0,
                15.0,
                -10.0
              ],
              "size": [
                3.0,
                7.0,
                2.0
              ],
              "pivot": [
                -7.0,
                7.0,
                -7.0
              ],
              "rotation": [
                40.0,
                0.0,
                0.0
              ],
              "uv": [
                0,
                0
              ],
              "inflate": 0
            },
            {
              "origin": [
                -10.0,
                16.0,
                -12.0
              ],
              "size": [
                3.0,
                6.0,
                1.0
              ],
              "pivot": [
                -7.0,
                7.0,
                -7.0
              ],
              "rotation": [
                40.0,
                0.0,
                0.0
              ],
              "uv": [
                0,
                0
              ],
              "inflate": 0
            },
            {
              "origin": [
                -1.0,
                16.0,
                -5.0
              ],
              "size": [
                3.0,
                6.0,
                3.0
              ],
              "pivot": [
                2.0,
                7.0,
                -1.0
              ],
              "rotation": [
                40.0,
                0.0,
                0.0
              ],
              "uv": [
                0,
                0
              ],
              "inflate": 0
            },
            {
              "origin": [
                -10.0,
                28.0,
                -12.0
              ],
              "size": [
                3.0,
                3.0,
                2.0
              ],
              "pivot": [
                -7.0,
                20.0,
                -9.0
              ],
              "rotation": [
                40.0,
                0.0,
                0.0
              ],
              "uv": [
                0,
                0
              ],
              "inflate": 0
            },
            {
              "origin": [
                -1.0,
                28.0,
                -6.0
              ],
              "size": [
                3.0,
                3.0,
                2.0
              ],
              "pivot": [
                2.0,
                20.0,
                -3.0
              ],
              "rotation": [
                40.0,
                0.0,
                0.0
              ],
              "uv": [
                0,
                0
              ],
              "inflate": 0
            },
            {
              "origin": [
                -10.0,
                24.0,
                -26.0
              ],
              "size": [
                3.0,
                4.0,
                2.0
              ],
              "pivot": [
                -7.0,
                17.0,
                -23.0
              ],
              "rotation": [
                -30.0,
                0.0,
                0.0
              ],
              "uv": [
                0,
                0
              ],
              "inflate": 0
            },
            {
              "origin": [
                -1.0,
                24.0,
                -20.0
              ],
              "size": [
                3.0,
                4.0,
                2.0
              ],
              "pivot": [
                2.0,
                17.0,
                -17.0
              ],
              "rotation": [
                -30.0,
                0.0,
                0.0
              ],
              "uv": [
                0,
                0
              ],
              "inflate": 0
            }
          ],
          "rotation": [
            0,
            0,
            0
          ],
          "bind_pose_rotation": [
            0,
            0,
            0
          ]
        }
      ]
    }
  ]
}