{
  "format_version": "1.12.0",
  "minecraft:geometry": [
    {
      "description": {
        "identifier": "geometry.pa_followingyouathome",
        "texture_width": 64,
        "texture_height": 64,
        "visible_bounds_width": 3,
        "visible_bounds_height": 2.5,
        "visible_bounds_offset": [
          0,
          0.75,
          0
        ]
      },
      "bones": [
        {
          "name": "bb_main",
          "pivot": [
            0,
            0,
            0
          ],
          "cubes": [
            {
              "origin": [
                -2.0,
                0.0,
                -1.0
              ],
              "size": [
                5.0,
                5.0,
                5.0
              ],
              "rotation": [
                0.0,
                0.0,
                0.0
              ],
              "uv": [
                0,
                0
              ],
              "inflate": 0
            },
            {
              "origin": [
                -3.0,
                1.0,
                -1.0
              ],
              "size": [
                1.0,
                5.0,
                4.0
              ],
              "rotation": [
                0.0,
                0.0,
                0.0
              ],
              "uv": [
                16,
                21
              ],
              "inflate": 0
            },
            {
              "origin": [
                -2.0,
                5.0,
                -1.0
              ],
              "size": [
                4.0,
                2.0,
                4.0
              ],
              "rotation": [
                0.0,
                0.0,
                0.0
              ],
              "uv": [
                12,
                15
              ],
              "inflate": 0
            },
            {
              "origin": [
                -4.0,
                2.0,
                -1.0
              ],
              "size": [
                1.0,
                3.0,
                4.0
              ],
              "rotation": [
                0.0,
                0.0,
                0.0
              ],
              "uv": [
                30,
                6
              ],
              "inflate": 0
            },
            {
              "origin": [
                -1.0,
                2.0,
                -3.0
              ],
              "size": [
                2.0,
                2.0,
                2.0
              ],
              "rotation": [
                0.0,
                0.0,
                0.0
              ],
              "uv": [
                35,
                0
              ],
              "inflate": 0
            },
            {
              "origin": [
                -2.0,
                1.0,
                -6.0
              ],
              "size": [
                4.0,
                5.0,
                4.0
              ],
              "rotation": [
                0.0,
                0.0,
                0.0
              ],
              "uv": [
                0,
                10
              ],
              "inflate": 0
            },
            {
              "origin": [
                1.0,
                1.0,
                2.0
              ],
              "size": [
                1.0,
                1.0,
                5.0
              ],
              "pivot": [
                0.0,
                0.0,
                0.0
              ],
              "rotation": [
                -12.5,
                17.5,
                0.0
              ],
              "uv": [
                11,
                30
              ],
              "inflate": 0
            },
            {
              "origin": [
                -1.0,
                2.0,
                2.0
              ],
              "size": [
                1.0,
                1.0,
                5.0
              ],
              "pivot": [
                0.0,
                0.0,
                0.0
              ],
              "rotation": [
                -12.5,
                10.0,
                0.0
              ],
              "uv": [
                28,
                0
              ],
              "inflate": 0
            },
            {
              "origin": [
                0.0,
                4.0,
                2.0
              ],
              "size": [
                1.0,
                1.0,
                3.0
              ],
              "pivot": [
                0.0,
                0.0,
                0.0
              ],
              "rotation": [
                -12.5,
                10.0,
                0.0
              ],
              "uv": [
                18,
                30
              ],
              "inflate": 0
            },
            {
              "origin": [
                0.0,
                6.0,
                1.0
              ],
              "size": [
                1.0,
                1.0,
                2.0
              ],
              "pivot": [
                0.0,
                0.0,
                0.0
              ],
              "rotation": [
                -52.5,
                10.0,
                0.0
              ],
              "uv": [
                22,
                22
              ],
              "inflate": 0
            },
            {
              "origin": [
                -1.0,
                3.0,
                2.0
              ],
              "size": [
                1.0,
                1.0,
                5.0
              ],
              "pivot": [
                0.0,
                0.0,
                0.0
              ],
              "rotation": [
                -12.5,
                -12.5,
                0.0
              ],
              "uv": [
                23,
                16
              ],
              "inflate": 0
            },
            {
              "origin": [
                -1.0,
                7.0,
                2.0
              ],
              "size": [
                1.0,
                1.0,
                2.0
              ],
              "pivot": [
                0.0,
                0.0,
                0.0
              ],
              "rotation": [
                -62.5,
                -12.5,
                0.0
              ],
              "uv": [
                33,
                37
              ],
              "inflate": 0
            },
            {
              "origin": [
                3.0,
                5.0,
                3.0
              ],
              "size": [
                1.0,
                1.0,
                2.0
              ],
              "pivot": [
                0.0,
                0.0,
                0.0
              ],
              "rotation": [
                -62.5,
                -22.5,
                -72.5
              ],
              "uv": [
                27,
                37
              ],
              "inflate": 0
            },
            {
              "origin": [
                -1.0,
                6.0,
                -5.0
              ],
              "size": [
                2.0,
                1.0,
                2.0
              ],
              "rotation": [
                0.0,
                0.0,
                0.0
              ],
              "uv": [
                8,
                36
              ],
              "inflate": 0
            },
            {
              "origin": [
                -2.0,
                0.0,
                -5.0
              ],
              "size": [
                4.0,
                1.0,
                2.0
              ],
              "rotation": [
                0.0,
                0.0,
                0.0
              ],
              "uv": [
                32,
                24
              ],
              "inflate": 0
            },
            {
              "origin": [
                -3.0,
                1.0,
                -5.0
              ],
              "size": [
                1.0,
                4.0,
                2.0
              ],
              "rotation": [
                0.0,
                0.0,
                0.0
              ],
              "uv": [
                21,
                35
              ],
              "inflate": 0
            },
            {
              "origin": [
                -3.0,
                2.0,
                -6.0
              ],
              "size": [
                1.0,
                2.0,
                1.0
              ],
              "rotation": [
                0.0,
                0.0,
                0.0
              ],
              "uv": [
                0,
                10
              ],
              "inflate": 0
            },
            {
              "origin": [
                2.0,
                2.0,
                -6.0
              ],
              "size": [
                1.0,
                2.0,
                1.0
              ],
              "rotation": [
                0.0,
                0.0,
                0.0
              ],
              "uv": [
                0,
                0
              ],
              "inflate": 0
            },
            {
              "origin": [
                2.0,
                1.0,
                -5.0
              ],
              "size": [
                1.0,
                4.0,
                2.0
              ],
              "rotation": [
                0.0,
                0.0,
                0.0
              ],
              "uv": [
                34,
                27
              ],
              "inflate": 0
            },
            {
              "origin": [
                3.0,
                2.0,
                -5.0
              ],
              "size": [
                1.0,
                2.0,
                2.0
              ],
              "rotation": [
                0.0,
                0.0,
                0.0
              ],
              "uv": [
                14,
                37
              ],
              "inflate": 0
            },
            {
              "origin": [
                -4.0,
                2.0,
                -5.0
              ],
              "size": [
                1.0,
                2.0,
                2.0
              ],
              "rotation": [
                0.0,
                0.0,
                0.0
              ],
              "uv": [
                36,
                6
              ],
              "inflate": 0
            },
            {
              "origin": [
                -1.0,
                1.0,
                -2.0
              ],
              "size": [
                2.0,
                4.0,
                1.0
              ],
              "rotation": [
                0.0,
                0.0,
                0.0
              ],
              "uv": [
                36,
                13
              ],
              "inflate": 0
            },
            {
              "origin": [
                -2.0,
                2.0,
                -2.0
              ],
              "size": [
                4.0,
                2.0,
                1.0
              ],
              "rotation": [
                0.0,
                0.0,
                0.0
              ],
              "uv": [
                34,
                34
              ],
              "inflate": 0
            },
            {
              "origin": [
                -1.0,
                0.0,
                0.0
              ],
              "size": [
                1.0,
                1.0,
                1.0
              ],
              "rotation": [
                0.0,
                0.0,
                0.0
              ],
              "uv": [
                14,
                21
              ],
              "inflate": 0
            },
            {
              "origin": [
                -1.0,
                0.0,
                0.0
              ],
              "size": [
                1.0,
                1.0,
                1.0
              ],
              "rotation": [
                0.0,
                0.0,
                0.0
              ],
              "uv": [
                19,
                13
              ],
              "inflate": 0
            },
            {
              "origin": [
                -1.0,
                0.0,
                0.0
              ],
              "size": [
                1.0,
                1.0,
                1.0
              ],
              "rotation": [
                0.0,
                0.0,
                0.0
              ],
              "uv": [
                6,
                19
              ],
              "inflate": 0
            },
            {
              "origin": [
                -1.0,
                0.0,
                0.0
              ],
              "size": [
                1.0,
                1.0,
                1.0
              ],
              "rotation": [
                0.0,
                0.0,
                0.0
              ],
              "uv": [
                15,
                2
              ],
              "inflate": 0
            },
            {
              "origin": [
                -1.0,
                0.0,
                0.0
              ],
              "size": [
                1.0,
                1.0,
                1.0
              ],
              "rotation": [
                0.0,
                0.0,
                0.0
              ],
              "uv": [
                15,
                0
              ],
              "inflate": 0
            },
            {
              "origin": [
                -1.0,
                0.0,
                0.0
              ],
              "size": [
                1.0,
                1.0,
                1.0
              ],
              "rotation": [
                0.0,
                0.0,
                0.0
              ],
              "uv": [
                0,
                3
              ],
              "inflate": 0
            },
            {
              "origin": [
                -13.0,
                -4.0,
                -1.0
              ],
              "size": [
                2.0,
                12.0,
                2.0
              ],
              "pivot": [
                0.0,
                0.0,
                0.0
              ],
              "rotation": [
                7.5,
                0.0,
                22.5
              ],
              "uv": [
                0,
                19
              ],
              "inflate": 0
            },
            {
              "origin": [
                -1.0,
                6.0,
                0.0
              ],
              "size": [
                2.0,
                9.0,
                2.0
              ],
              "pivot": [
                0.0,
                0.0,
                0.0
              ],
              "rotation": [
                7.5,
                0.0,
                -32.5
              ],
              "uv": [
                26,
                26
              ],
              "inflate": 0
            },
            {
              "origin": [
                12.0,
                -7.0,
                -1.0
              ],
              "size": [
                2.0,
                11.0,
                2.0
              ],
              "pivot": [
                0.0,
                0.0,
                0.0
              ],
              "rotation": [
                7.5,
                0.0,
                -32.5
              ],
              "uv": [
                20,
                0
              ],
              "inflate": 0
            },
            {
              "origin": [
                12.0,
                -7.0,
                -2.0
              ],
              "size": [
                1.0,
                1.0,
                4.0
              ],
              "pivot": [
                0.0,
                0.0,
                0.0
              ],
              "rotation": [
                7.5,
                12.5,
                -32.5
              ],
              "uv": [
                0,
                33
              ],
              "inflate": 0
            },
            {
              "origin": [
                -9.0,
                7.0,
                -4.0
              ],
              "size": [
                1.0,
                1.0,
                4.0
              ],
              "pivot": [
                0.0,
                0.0,
                0.0
              ],
              "rotation": [
                7.5,
                12.5,
                -32.5
              ],
              "uv": [
                30,
                14
              ],
              "inflate": 0
            },
            {
              "origin": [
                -9.0,
                8.0,
                -7.0
              ],
              "size": [
                1.0,
                1.0,
                3.0
              ],
              "pivot": [
                0.0,
                0.0,
                0.0
              ],
              "rotation": [
                7.5,
                30.0,
                -32.5
              ],
              "uv": [
                26,
                22
              ],
              "inflate": 0
            },
            {
              "origin": [
                -6.0,
                9.0,
                -10.0
              ],
              "size": [
                1.0,
                1.0,
                3.0
              ],
              "pivot": [
                0.0,
                0.0,
                0.0
              ],
              "rotation": [
                7.5,
                60.0,
                -32.5
              ],
              "uv": [
                12,
                10
              ],
              "inflate": 0
            },
            {
              "origin": [
                13.0,
                -5.0,
                -9.0
              ],
              "size": [
                1.0,
                1.0,
                4.0
              ],
              "pivot": [
                0.0,
                0.0,
                0.0
              ],
              "rotation": [
                32.5,
                -10.0,
                -32.5
              ],
              "uv": [
                31,
                19
              ],
              "inflate": 0
            },
            {
              "origin": [
                12.0,
                -8.0,
                -4.0
              ],
              "size": [
                1.0,
                1.0,
                5.0
              ],
              "pivot": [
                0.0,
                0.0,
                0.0
              ],
              "rotation": [
                32.5,
                15.0,
                -32.5
              ],
              "uv": [
                23,
                8
              ],
              "inflate": 0
            },
            {
              "origin": [
                -1.0,
                3.0,
                0.0
              ],
              "size": [
                2.0,
                11.0,
                2.0
              ],
              "pivot": [
                0.0,
                0.0,
                0.0
              ],
              "rotation": [
                7.5,
                0.0,
                40.0
              ],
              "uv": [
                8,
                21
              ],
              "inflate": 0
            }
          ],
          "rotation": [
            0,
            0,
            0
          ],
          "bind_pose_rotation": [
            0,
            0,
            0
          ]
        }
      ]
    }
  ]
}