{
  "format_version": "1.12.0",
  "minecraft:geometry": [
    {
      "description": {
        "identifier": "geometry.pa_goblinshark",
        "texture_width": 128,
        "texture_height": 128,
        "visible_bounds_width": 3,
        "visible_bounds_height": 4.5,
        "visible_bounds_offset": [
          0,
          1.75,
          0
        ]
      },
      "bones": [
        {
          "name": "unknown_bone",
          "pivot": [
            0,
            0,
            0
          ],
          "cubes": [
            {
              "origin": [
                -6.0,
                1.0,
                -1.0
              ],
              "size": [
                2.0,
                9.0,
                2.0
              ],
              "pivot": [
                -5.0,
                1.0,
                0.0
              ],
              "rotation": [
                27.5,
                0.0,
                0.0
              ],
              "uv": [
                0,
                51
              ],
              "inflate": 0
            },
            {
              "origin": [
                3.0,
                1.0,
                -1.0
              ],
              "size": [
                2.0,
                9.0,
                2.0
              ],
              "pivot": [
                4.0,
                1.0,
                0.0
              ],
              "rotation": [
                27.5,
                0.0,
                0.0
              ],
              "uv": [
                41,
                50
              ],
              "inflate": 0
            },
            {
              "origin": [
                3.0,
                9.0,
                -5.0
              ],
              "size": [
                2.0,
                9.0,
                2.0
              ],
              "pivot": [
                4.0,
                9.0,
                -4.0
              ],
              "rotation": [
                -35.0,
                0.0,
                -15.0
              ],
              "uv": [
                20,
                14
              ],
              "inflate": 0
            },
            {
              "origin": [
                -6.0,
                9.0,
                -5.0
              ],
              "size": [
                2.0,
                9.0,
                2.0
              ],
              "pivot": [
                -5.0,
                9.0,
                -4.0
              ],
              "rotation": [
                -35.0,
                0.0,
                15.0
              ],
              "uv": [
                0,
                14
              ],
              "inflate": 0
            },
            {
              "origin": [
                -4.0,
                15.0,
                -1.0
              ],
              "size": [
                7.0,
                3.0,
                3.0
              ],
              "rotation": [
                0.0,
                0.0,
                0.0
              ],
              "uv": [
                22,
                37
              ],
              "inflate": 0
            },
            {
              "origin": [
                -3.0,
                18.0,
                -1.0
              ],
              "size": [
                5.0,
                6.0,
                3.0
              ],
              "rotation": [
                0.0,
                0.0,
                0.0
              ],
              "uv": [
                39,
                12
              ],
              "inflate": 0
            },
            {
              "origin": [
                2.0,
                18.0,
                -1.0
              ],
              "size": [
                1.0,
                3.0,
                3.0
              ],
              "pivot": [
                3.0,
                18.0,
                0.0
              ],
              "rotation": [
                0.0,
                0.0,
                -22.5
              ],
              "uv": [
                55,
                11
              ],
              "inflate": 0
            },
            {
              "origin": [
                -4.0,
                17.0,
                -1.0
              ],
              "size": [
                1.0,
                4.0,
                3.0
              ],
              "pivot": [
                -3.0,
                18.0,
                0.0
              ],
              "rotation": [
                0.0,
                0.0,
                22.5
              ],
              "uv": [
                32,
                55
              ],
              "inflate": 0
            },
            {
              "origin": [
                -1.0,
                17.0,
                0.0
              ],
              "size": [
                1.0,
                1.0,
                1.0
              ],
              "rotation": [
                0.0,
                0.0,
                0.0
              ],
              "uv": [
                8,
                16
              ],
              "inflate": 0
            },
            {
              "origin": [
                -2.0,
                16.0,
                0.0
              ],
              "size": [
                3.0,
                3.0,
                8.0
              ],
              "pivot": [
                0.0,
                16.0,
                2.0
              ],
              "rotation": [
                -25.0,
                0.0,
                0.0
              ],
              "uv": [
                24,
                26
              ],
              "inflate": 0
            },
            {
              "origin": [
                -2.0,
                14.0,
                7.0
              ],
              "size": [
                3.0,
                3.0,
                3.0
              ],
              "pivot": [
                0.0,
                16.0,
                8.0
              ],
              "rotation": [
                12.5,
                0.0,
                0.0
              ],
              "uv": [
                20,
                27
              ],
              "inflate": 0
            },
            {
              "origin": [
                -1.0,
                17.0,
                8.0
              ],
              "size": [
                1.0,
                7.0,
                3.0
              ],
              "pivot": [
                0.0,
                17.0,
                6.0
              ],
              "rotation": [
                -22.5,
                0.0,
                0.0
              ],
              "uv": [
                8,
                51
              ],
              "inflate": 0
            },
            {
              "origin": [
                -1.0,
                11.0,
                9.0
              ],
              "size": [
                1.0,
                4.0,
                2.0
              ],
              "pivot": [
                0.0,
                13.0,
                9.0
              ],
              "rotation": [
                27.5,
                0.0,
                0.0
              ],
              "uv": [
                57,
                57
              ],
              "inflate": 0
            },
            {
              "origin": [
                -4.0,
                24.0,
                -1.0
              ],
              "size": [
                7.0,
                7.0,
                3.0
              ],
              "rotation": [
                0.0,
                0.0,
                0.0
              ],
              "uv": [
                0,
                27
              ],
              "inflate": 0
            },
            {
              "origin": [
                -3.0,
                24.0,
                -2.0
              ],
              "size": [
                3.0,
                1.0,
                1.0
              ],
              "pivot": [
                0.0,
                24.0,
                -2.0
              ],
              "rotation": [
                0.0,
                0.0,
                20.0
              ],
              "uv": [
                57,
                21
              ],
              "inflate": 0
            },
            {
              "origin": [
                -3.0,
                26.0,
                -2.0
              ],
              "size": [
                3.0,
                1.0,
                1.0
              ],
              "pivot": [
                0.0,
                26.0,
                -2.0
              ],
              "rotation": [
                0.0,
                0.0,
                20.0
              ],
              "uv": [
                56,
                30
              ],
              "inflate": 0
            },
            {
              "origin": [
                -3.0,
                28.0,
                -2.0
              ],
              "size": [
                3.0,
                1.0,
                1.0
              ],
              "pivot": [
                0.0,
                28.0,
                -2.0
              ],
              "rotation": [
                0.0,
                0.0,
                20.0
              ],
              "uv": [
                34,
                12
              ],
              "inflate": 0
            },
            {
              "origin": [
                0.0,
                25.0,
                -2.0
              ],
              "size": [
                2.0,
                1.0,
                1.0
              ],
              "pivot": [
                3.0,
                25.0,
                -2.0
              ],
              "rotation": [
                0.0,
                0.0,
                -20.0
              ],
              "uv": [
                41,
                44
              ],
              "inflate": 0
            },
            {
              "origin": [
                0.0,
                27.0,
                -2.0
              ],
              "size": [
                2.0,
                1.0,
                1.0
              ],
              "pivot": [
                3.0,
                27.0,
                -2.0
              ],
              "rotation": [
                0.0,
                0.0,
                -20.0
              ],
              "uv": [
                17,
                27
              ],
              "inflate": 0
            },
            {
              "origin": [
                0.0,
                29.0,
                -2.0
              ],
              "size": [
                2.0,
                1.0,
                1.0
              ],
              "pivot": [
                3.0,
                29.0,
                -2.0
              ],
              "rotation": [
                0.0,
                0.0,
                -20.0
              ],
              "uv": [
                6,
                14
              ],
              "inflate": 0
            },
            {
              "origin": [
                -11.0,
                30.0,
                -1.0
              ],
              "size": [
                9.0,
                2.0,
                2.0
              ],
              "pivot": [
                -2.0,
                29.0,
                0.0
              ],
              "rotation": [
                0.0,
                -15.0,
                -52.5
              ],
              "uv": [
                0,
                37
              ],
              "inflate": 0
            },
            {
              "origin": [
                -4.0,
                32.0,
                -1.0
              ],
              "size": [
                10.0,
                2.0,
                2.0
              ],
              "pivot": [
                5.0,
                31.0,
                0.0
              ],
              "rotation": [
                0.0,
                -32.5,
                -125.0
              ],
              "uv": [
                36,
                0
              ],
              "inflate": 0
            },
            {
              "origin": [
                -16.0,
                23.0,
                -3.0
              ],
              "size": [
                8.0,
                2.0,
                2.0
              ],
              "pivot": [
                -8.0,
                23.0,
                -2.0
              ],
              "rotation": [
                0.0,
                -50.0,
                -77.5
              ],
              "uv": [
                38,
                30
              ],
              "inflate": 0
            },
            {
              "origin": [
                0.0,
                25.0,
                -5.0
              ],
              "size": [
                8.0,
                2.0,
                2.0
              ],
              "pivot": [
                8.0,
                25.0,
                -4.0
              ],
              "rotation": [
                5.0,
                -32.5,
                -97.5
              ],
              "uv": [
                38,
                26
              ],
              "inflate": 0
            },
            {
              "origin": [
                -12.0,
                17.0,
                -10.0
              ],
              "size": [
                4.0,
                2.0,
                3.0
              ],
              "rotation": [
                0.0,
                0.0,
                0.0
              ],
              "uv": [
                50,
                34
              ],
              "inflate": 0
            },
            {
              "origin": [
                6.0,
                17.0,
                -10.0
              ],
              "size": [
                4.0,
                2.0,
                3.0
              ],
              "rotation": [
                0.0,
                0.0,
                0.0
              ],
              "uv": [
                27,
                50
              ],
              "inflate": 0
            },
            {
              "origin": [
                -10.0,
                18.0,
                -11.0
              ],
              "size": [
                4.0,
                1.0,
                1.0
              ],
              "pivot": [
                -9.0,
                18.0,
                -11.0
              ],
              "rotation": [
                0.0,
                25.0,
                65.0
              ],
              "uv": [
                56,
                26
              ],
              "inflate": 0
            },
            {
              "origin": [
                8.0,
                18.0,
                -11.0
              ],
              "size": [
                4.0,
                1.0,
                1.0
              ],
              "pivot": [
                9.0,
                18.0,
                -11.0
              ],
              "rotation": [
                0.0,
                25.0,
                65.0
              ],
              "uv": [
                0,
                9
              ],
              "inflate": 0
            },
            {
              "origin": [
                -11.0,
                18.0,
                -11.0
              ],
              "size": [
                4.0,
                1.0,
                1.0
              ],
              "pivot": [
                -10.0,
                18.0,
                -11.0
              ],
              "rotation": [
                0.0,
                25.0,
                75.0
              ],
              "uv": [
                54,
                45
              ],
              "inflate": 0
            },
            {
              "origin": [
                7.0,
                18.0,
                -11.0
              ],
              "size": [
                4.0,
                1.0,
                1.0
              ],
              "pivot": [
                8.0,
                18.0,
                -11.0
              ],
              "rotation": [
                0.0,
                25.0,
                75.0
              ],
              "uv": [
                0,
                11
              ],
              "inflate": 0
            },
            {
              "origin": [
                -12.0,
                18.0,
                -11.0
              ],
              "size": [
                4.0,
                1.0,
                1.0
              ],
              "pivot": [
                -11.0,
                18.0,
                -11.0
              ],
              "rotation": [
                0.0,
                25.0,
                87.5
              ],
              "uv": [
                55,
                19
              ],
              "inflate": 0
            },
            {
              "origin": [
                6.0,
                18.0,
                -11.0
              ],
              "size": [
                4.0,
                1.0,
                1.0
              ],
              "pivot": [
                7.0,
                18.0,
                -11.0
              ],
              "rotation": [
                0.0,
                25.0,
                87.5
              ],
              "uv": [
                36,
                4
              ],
              "inflate": 0
            },
            {
              "origin": [
                -13.0,
                18.0,
                -11.0
              ],
              "size": [
                4.0,
                1.0,
                1.0
              ],
              "pivot": [
                -12.0,
                18.0,
                -11.0
              ],
              "rotation": [
                0.0,
                25.0,
                105.0
              ],
              "uv": [
                55,
                17
              ],
              "inflate": 0
            },
            {
              "origin": [
                5.0,
                18.0,
                -11.0
              ],
              "size": [
                4.0,
                1.0,
                1.0
              ],
              "pivot": [
                6.0,
                18.0,
                -11.0
              ],
              "rotation": [
                0.0,
                25.0,
                105.0
              ],
              "uv": [
                11,
                41
              ],
              "inflate": 0
            },
            {
              "origin": [
                -11.0,
                13.0,
                -9.0
              ],
              "size": [
                2.0,
                5.0,
                1.0
              ],
              "pivot": [
                -10.0,
                16.0,
                -9.0
              ],
              "rotation": [
                -35.0,
                0.0,
                0.0
              ],
              "uv": [
                16,
                56
              ],
              "inflate": 0
            },
            {
              "origin": [
                7.0,
                13.0,
                -9.0
              ],
              "size": [
                2.0,
                5.0,
                1.0
              ],
              "pivot": [
                8.0,
                16.0,
                -9.0
              ],
              "rotation": [
                -35.0,
                0.0,
                0.0
              ],
              "uv": [
                21,
                0
              ],
              "inflate": 0
            },
            {
              "origin": [
                -4.0,
                31.0,
                -1.0
              ],
              "size": [
                3.0,
                6.0,
                3.0
              ],
              "pivot": [
                -3.0,
                31.0,
                0.0
              ],
              "rotation": [
                0.0,
                0.0,
                12.5
              ],
              "uv": [
                0,
                0
              ],
              "inflate": 0
            },
            {
              "origin": [
                -1.0,
                30.0,
                -1.0
              ],
              "size": [
                4.0,
                7.0,
                3.0
              ],
              "pivot": [
                1.0,
                31.0,
                0.0
              ],
              "rotation": [
                0.0,
                0.0,
                -17.5
              ],
              "uv": [
                0,
                41
              ],
              "inflate": 0
            },
            {
              "origin": [
                -2.0,
                32.0,
                2.0
              ],
              "size": [
                3.0,
                3.0,
                5.0
              ],
              "pivot": [
                0.0,
                34.0,
                2.0
              ],
              "rotation": [
                -22.5,
                0.0,
                0.0
              ],
              "uv": [
                14,
                43
              ],
              "inflate": 0
            },
            {
              "origin": [
                -2.0,
                30.0,
                2.0
              ],
              "size": [
                3.0,
                2.0,
                5.0
              ],
              "rotation": [
                0.0,
                0.0,
                0.0
              ],
              "uv": [
                43,
                4
              ],
              "inflate": 0
            },
            {
              "origin": [
                -2.0,
                31.0,
                5.0
              ],
              "size": [
                3.0,
                2.0,
                4.0
              ],
              "pivot": [
                0.0,
                31.0,
                6.0
              ],
              "rotation": [
                -55.0,
                0.0,
                0.0
              ],
              "uv": [
                44,
                44
              ],
              "inflate": 0
            },
            {
              "origin": [
                -3.0,
                34.0,
                2.0
              ],
              "size": [
                4.0,
                8.0,
                1.0
              ],
              "rotation": [
                0.0,
                0.0,
                0.0
              ],
              "uv": [
                49,
                50
              ],
              "inflate": 0
            },
            {
              "origin": [
                -4.0,
                0.0,
                -3.0
              ],
              "size": [
                1.0,
                1.0,
                4.0
              ],
              "rotation": [
                0.0,
                0.0,
                0.0
              ],
              "uv": [
                22,
                55
              ],
              "inflate": 0
            },
            {
              "origin": [
                2.0,
                0.0,
                -3.0
              ],
              "size": [
                1.0,
                1.0,
                4.0
              ],
              "rotation": [
                0.0,
                0.0,
                0.0
              ],
              "uv": [
                54,
                4
              ],
              "inflate": 0
            },
            {
              "origin": [
                3.0,
                0.0,
                -2.0
              ],
              "size": [
                1.0,
                1.0,
                3.0
              ],
              "rotation": [
                0.0,
                0.0,
                0.0
              ],
              "uv": [
                25,
                43
              ],
              "inflate": 0
            },
            {
              "origin": [
                4.0,
                0.0,
                -3.0
              ],
              "size": [
                1.0,
                1.0,
                4.0
              ],
              "rotation": [
                0.0,
                0.0,
                0.0
              ],
              "uv": [
                51,
                21
              ],
              "inflate": 0
            },
            {
              "origin": [
                -6.0,
                0.0,
                -3.0
              ],
              "size": [
                1.0,
                1.0,
                4.0
              ],
              "rotation": [
                0.0,
                0.0,
                0.0
              ],
              "uv": [
                54,
                40
              ],
              "inflate": 0
            },
            {
              "origin": [
                -5.0,
                0.0,
                -2.0
              ],
              "size": [
                1.0,
                1.0,
                3.0
              ],
              "rotation": [
                0.0,
                0.0,
                0.0
              ],
              "uv": [
                50,
                39
              ],
              "inflate": 0
            },
            {
              "origin": [
                -3.0,
                42.0,
                -10.0
              ],
              "size": [
                4.0,
                1.0,
                13.0
              ],
              "rotation": [
                0.0,
                0.0,
                0.0
              ],
              "uv": [
                0,
                0
              ],
              "inflate": 0
            },
            {
              "origin": [
                -3.0,
                43.0,
                -9.0
              ],
              "size": [
                4.0,
                1.0,
                11.0
              ],
              "rotation": [
                0.0,
                0.0,
                0.0
              ],
              "uv": [
                20,
                14
              ],
              "inflate": 0
            },
            {
              "origin": [
                -3.0,
                41.0,
                -10.0
              ],
              "size": [
                4.0,
                1.0,
                12.0
              ],
              "rotation": [
                0.0,
                0.0,
                0.0
              ],
              "uv": [
                0,
                14
              ],
              "inflate": 0
            },
            {
              "origin": [
                -3.0,
                36.0,
                -5.0
              ],
              "size": [
                4.0,
                1.0,
                5.0
              ],
              "pivot": [
                0.0,
                36.0,
                -2.0
              ],
              "rotation": [
                25.0,
                0.0,
                0.0
              ],
              "uv": [
                37,
                38
              ],
              "inflate": 0
            },
            {
              "origin": [
                -3.0,
                38.0,
                -5.0
              ],
              "size": [
                4.0,
                5.0,
                7.0
              ],
              "pivot": [
                0.0,
                38.0,
                -2.0
              ],
              "rotation": [
                -20.0,
                0.0,
                0.0
              ],
              "uv": [
                21,
                0
              ],
              "inflate": 0
            },
            {
              "origin": [
                -3.0,
                39.0,
                -7.0
              ],
              "size": [
                4.0,
                3.0,
                3.0
              ],
              "pivot": [
                0.0,
                40.0,
                -5.0
              ],
              "rotation": [
                -47.5,
                0.0,
                0.0
              ],
              "uv": [
                30,
                44
              ],
              "inflate": 0
            },
            {
              "origin": [
                -4.0,
                41.0,
                -2.0
              ],
              "size": [
                6.0,
                2.0,
                2.0
              ],
              "rotation": [
                0.0,
                0.0,
                0.0
              ],
              "uv": [
                39,
                21
              ],
              "inflate": 0
            },
            {
              "origin": [
                -1.0,
                20.0,
                0.0
              ],
              "size": [
                1.0,
                1.0,
                1.0
              ],
              "rotation": [
                0.0,
                0.0,
                0.0
              ],
              "uv": [
                9,
                10
              ],
              "inflate": 0
            },
            {
              "origin": [
                0.0,
                36.0,
                -5.0
              ],
              "size": [
                1.0,
                1.0,
                1.0
              ],
              "rotation": [
                0.0,
                0.0,
                0.0
              ],
              "uv": [
                9,
                0
              ],
              "inflate": 0
            },
            {
              "origin": [
                0.0,
                36.0,
                -3.0
              ],
              "size": [
                1.0,
                1.0,
                1.0
              ],
              "rotation": [
                0.0,
                0.0,
                0.0
              ],
              "uv": [
                9,
                0
              ],
              "inflate": 0
            },
            {
              "origin": [
                0.0,
                38.0,
                -4.0
              ],
              "size": [
                1.0,
                1.0,
                1.0
              ],
              "rotation": [
                0.0,
                0.0,
                0.0
              ],
              "uv": [
                9,
                0
              ],
              "inflate": 0
            },
            {
              "origin": [
                -3.0,
                38.0,
                -4.0
              ],
              "size": [
                1.0,
                1.0,
                1.0
              ],
              "rotation": [
                0.0,
                0.0,
                0.0
              ],
              "uv": [
                9,
                0
              ],
              "inflate": 0
            },
            {
              "origin": [
                -3.0,
                38.0,
                -6.0
              ],
              "size": [
                1.0,
                1.0,
                1.0
              ],
              "rotation": [
                0.0,
                0.0,
                0.0
              ],
              "uv": [
                9,
                0
              ],
              "inflate": 0
            },
            {
              "origin": [
                0.0,
                38.0,
                -6.0
              ],
              "size": [
                1.0,
                1.0,
                1.0
              ],
              "rotation": [
                0.0,
                0.0,
                0.0
              ],
              "uv": [
                9,
                0
              ],
              "inflate": 0
            },
            {
              "origin": [
                -3.0,
                36.0,
                -5.0
              ],
              "size": [
                1.0,
                1.0,
                1.0
              ],
              "rotation": [
                0.0,
                0.0,
                0.0
              ],
              "uv": [
                9,
                0
              ],
              "inflate": 0
            },
            {
              "origin": [
                -3.0,
                36.0,
                -3.0
              ],
              "size": [
                1.0,
                1.0,
                1.0
              ],
              "rotation": [
                0.0,
                0.0,
                0.0
              ],
              "uv": [
                9,
                0
              ],
              "inflate": 0
            },
            {
              "origin": [
                -3.0,
                38.0,
                3.0
              ],
              "size": [
                4.0,
                4.0,
                1.0
              ],
              "rotation": [
                0.0,
                0.0,
                0.0
              ],
              "uv": [
                16,
                51
              ],
              "inflate": 0
            }
          ],
          "rotation": [
            0,
            0,
            0
          ],
          "bind_pose_rotation": [
            0,
            0,
            0
          ]
        }
      ]
    }
  ]
}