{
  "format_version": "1.12.0",
  "minecraft:geometry": [
    {
      "description": {
        "identifier": "geometry.pa_highwayworm",
        "texture_width": 128,
        "texture_height": 128,
        "visible_bounds_width": 5,
        "visible_bounds_height": 2.5,
        "visible_bounds_offset": [
          0,
          0.75,
          0
        ]
      },
      "bones": [
        {
          "name": "bb_main",
          "pivot": [
            0,
            0,
            0
          ],
          "cubes": [
            {
              "origin": [
                -1.0,
                0.0,
                0.0
              ],
              "size": [
                1.0,
                1.0,
                1.0
              ],
              "rotation": [
                0.0,
                0.0,
                0.0
              ],
              "uv": [
                3,
                1
              ],
              "inflate": 0
            },
            {
              "origin": [
                -1.0,
                0.0,
                0.0
              ],
              "size": [
                1.0,
                1.0,
                1.0
              ],
              "rotation": [
                0.0,
                0.0,
                0.0
              ],
              "uv": [
                3,
                3
              ],
              "inflate": 0
            },
            {
              "origin": [
                -1.0,
                0.0,
                0.0
              ],
              "size": [
                1.0,
                1.0,
                1.0
              ],
              "rotation": [
                0.0,
                0.0,
                0.0
              ],
              "uv": [
                0,
                2
              ],
              "inflate": 0
            },
            {
              "origin": [
                -1.0,
                0.0,
                0.0
              ],
              "size": [
                1.0,
                1.0,
                1.0
              ],
              "rotation": [
                0.0,
                0.0,
                0.0
              ],
              "uv": [
                0,
                0
              ],
              "inflate": 0
            },
            {
              "origin": [
                -6.0,
                8.0,
                10.0
              ],
              "size": [
                12.0,
                20.0,
                11.0
              ],
              "pivot": [
                0.0,
                8.0,
                20.0
              ],
              "rotation": [
                65.0,
                0.0,
                0.0
              ],
              "uv": [
                0,
                31
              ],
              "inflate": 0
            },
            {
              "origin": [
                -6.0,
                39.0,
                -7.0
              ],
              "size": [
                12.0,
                3.0,
                11.0
              ],
              "pivot": [
                0.0,
                19.0,
                3.0
              ],
              "rotation": [
                115.0,
                0.0,
                0.0
              ],
              "uv": [
                70,
                31
              ],
              "inflate": 0
            },
            {
              "origin": [
                -6.0,
                39.0,
                -4.0
              ],
              "size": [
                12.0,
                7.0,
                11.0
              ],
              "pivot": [
                0.0,
                16.0,
                6.0
              ],
              "rotation": [
                107.5,
                0.0,
                0.0
              ],
              "uv": [
                35,
                20
              ],
              "inflate": 0
            },
            {
              "origin": [
                -6.0,
                41.0,
                -1.0
              ],
              "size": [
                12.0,
                5.0,
                11.0
              ],
              "pivot": [
                0.0,
                11.0,
                9.0
              ],
              "rotation": [
                97.5,
                0.0,
                0.0
              ],
              "uv": [
                46,
                0
              ],
              "inflate": 0
            },
            {
              "origin": [
                -6.0,
                43.0,
                0.0
              ],
              "size": [
                12.0,
                4.0,
                11.0
              ],
              "pivot": [
                0.0,
                8.0,
                10.0
              ],
              "rotation": [
                92.5,
                0.0,
                0.0
              ],
              "uv": [
                0,
                62
              ],
              "inflate": 0
            },
            {
              "origin": [
                -6.0,
                16.0,
                -7.0
              ],
              "size": [
                12.0,
                20.0,
                11.0
              ],
              "pivot": [
                0.0,
                16.0,
                3.0
              ],
              "rotation": [
                105.0,
                0.0,
                0.0
              ],
              "uv": [
                0,
                0
              ],
              "inflate": 0
            },
            {
              "origin": [
                -6.0,
                4.0,
                10.0
              ],
              "size": [
                12.0,
                4.0,
                11.0
              ],
              "pivot": [
                0.0,
                8.0,
                20.0
              ],
              "rotation": [
                47.5,
                0.0,
                0.0
              ],
              "uv": [
                70,
                16
              ],
              "inflate": 0
            },
            {
              "origin": [
                -6.0,
                0.0,
                11.0
              ],
              "size": [
                12.0,
                4.0,
                11.0
              ],
              "pivot": [
                0.0,
                8.0,
                20.0
              ],
              "rotation": [
                37.5,
                0.0,
                0.0
              ],
              "uv": [
                46,
                63
              ],
              "inflate": 0
            },
            {
              "origin": [
                -6.0,
                -5.0,
                9.0
              ],
              "size": [
                12.0,
                6.0,
                11.0
              ],
              "pivot": [
                0.0,
                7.0,
                18.0
              ],
              "rotation": [
                52.5,
                0.0,
                0.0
              ],
              "uv": [
                46,
                46
              ],
              "inflate": 0
            }
          ],
          "rotation": [
            0,
            0,
            0
          ],
          "bind_pose_rotation": [
            0,
            0,
            0
          ]
        }
      ]
    }
  ]
}