{
  "format_version": "1.12.0",
  "minecraft:geometry": [
    {
      "description": {
        "identifier": "geometry.pa_longhorse",
        "texture_width": 128,
        "texture_height": 128,
        "visible_bounds_width": 4,
        "visible_bounds_height": 3.5,
        "visible_bounds_offset": [
          0,
          1.25,
          0
        ]
      },
      "bones": [
        {
          "name": "unknown_bone",
          "pivot": [
            0,
            0,
            0
          ],
          "cubes": [
            {
              "origin": [
                -5.0,
                3.0,
                -9.0
              ],
              "size": [
                2.0,
                2.0,
                15.0
              ],
              "pivot": [
                -3.0,
                3.0,
                -4.0
              ],
              "rotation": [
                7.5,
                0.0,
                0.0
              ],
              "uv": [
                44,
                45
              ],
              "inflate": 0
            },
            {
              "origin": [
                -5.0,
                4.0,
                -12.0
              ],
              "size": [
                2.0,
                1.0,
                15.0
              ],
              "pivot": [
                -3.0,
                4.0,
                -7.0
              ],
              "rotation": [
                7.5,
                0.0,
                0.0
              ],
              "uv": [
                46,
                0
              ],
              "inflate": 0
            },
            {
              "origin": [
                -5.0,
                2.0,
                -5.0
              ],
              "size": [
                2.0,
                1.0,
                1.0
              ],
              "rotation": [
                0.0,
                0.0,
                0.0
              ],
              "uv": [
                6,
                18
              ],
              "inflate": 0
            },
            {
              "origin": [
                -5.0,
                2.0,
                -7.0
              ],
              "size": [
                2.0,
                1.0,
                1.0
              ],
              "rotation": [
                0.0,
                0.0,
                0.0
              ],
              "uv": [
                0,
                18
              ],
              "inflate": 0
            },
            {
              "origin": [
                -5.0,
                2.0,
                -9.0
              ],
              "size": [
                2.0,
                1.0,
                1.0
              ],
              "rotation": [
                0.0,
                0.0,
                0.0
              ],
              "uv": [
                10,
                14
              ],
              "inflate": 0
            },
            {
              "origin": [
                -5.0,
                1.0,
                -12.0
              ],
              "size": [
                2.0,
                1.0,
                1.0
              ],
              "rotation": [
                0.0,
                0.0,
                0.0
              ],
              "uv": [
                0,
                14
              ],
              "inflate": 0
            },
            {
              "origin": [
                -5.0,
                1.0,
                -14.0
              ],
              "size": [
                2.0,
                1.0,
                1.0
              ],
              "rotation": [
                0.0,
                0.0,
                0.0
              ],
              "uv": [
                11,
                4
              ],
              "inflate": 0
            },
            {
              "origin": [
                -5.0,
                4.0,
                -13.0
              ],
              "size": [
                2.0,
                1.0,
                4.0
              ],
              "rotation": [
                0.0,
                0.0,
                0.0
              ],
              "uv": [
                7,
                22
              ],
              "inflate": 0
            },
            {
              "origin": [
                -5.0,
                2.0,
                -14.0
              ],
              "size": [
                2.0,
                1.0,
                3.0
              ],
              "rotation": [
                0.0,
                0.0,
                0.0
              ],
              "uv": [
                10,
                10
              ],
              "inflate": 0
            },
            {
              "origin": [
                -5.0,
                2.0,
                -9.0
              ],
              "size": [
                2.0,
                2.0,
                1.0
              ],
              "pivot": [
                -3.0,
                2.0,
                -9.0
              ],
              "rotation": [
                27.5,
                0.0,
                0.0
              ],
              "uv": [
                0,
                4
              ],
              "inflate": 0
            },
            {
              "origin": [
                -5.0,
                2.0,
                -12.0
              ],
              "size": [
                2.0,
                3.0,
                1.0
              ],
              "pivot": [
                -3.0,
                2.0,
                -12.0
              ],
              "rotation": [
                -35.0,
                0.0,
                0.0
              ],
              "uv": [
                0,
                0
              ],
              "inflate": 0
            },
            {
              "origin": [
                -6.0,
                4.0,
                -3.0
              ],
              "size": [
                4.0,
                2.0,
                2.0
              ],
              "rotation": [
                0.0,
                0.0,
                0.0
              ],
              "uv": [
                23,
                23
              ],
              "inflate": 0
            },
            {
              "origin": [
                -5.0,
                4.0,
                5.0
              ],
              "size": [
                2.0,
                2.0,
                19.0
              ],
              "pivot": [
                -3.0,
                5.0,
                6.0
              ],
              "rotation": [
                30.0,
                27.5,
                0.0
              ],
              "uv": [
                0,
                22
              ],
              "inflate": 0
            },
            {
              "origin": [
                -5.0,
                4.0,
                9.0
              ],
              "size": [
                2.0,
                3.0,
                7.0
              ],
              "pivot": [
                -2.0,
                5.0,
                6.0
              ],
              "rotation": [
                30.0,
                27.5,
                0.0
              ],
              "uv": [
                0,
                0
              ],
              "inflate": 0
            },
            {
              "origin": [
                -6.0,
                18.0,
                16.0
              ],
              "size": [
                1.0,
                1.0,
                3.0
              ],
              "pivot": [
                -4.0,
                17.0,
                6.0
              ],
              "rotation": [
                42.5,
                25.0,
                135.0
              ],
              "uv": [
                29,
                9
              ],
              "inflate": 0
            },
            {
              "origin": [
                -9.0,
                18.0,
                16.0
              ],
              "size": [
                1.0,
                1.0,
                3.0
              ],
              "pivot": [
                -7.0,
                17.0,
                6.0
              ],
              "rotation": [
                42.5,
                25.0,
                135.0
              ],
              "uv": [
                23,
                27
              ],
              "inflate": 0
            },
            {
              "origin": [
                -7.0,
                18.0,
                14.0
              ],
              "size": [
                1.0,
                1.0,
                3.0
              ],
              "pivot": [
                -5.0,
                17.0,
                4.0
              ],
              "rotation": [
                42.5,
                25.0,
                135.0
              ],
              "uv": [
                29,
                5
              ],
              "inflate": 0
            },
            {
              "origin": [
                -10.0,
                17.0,
                14.0
              ],
              "size": [
                1.0,
                1.0,
                3.0
              ],
              "pivot": [
                -8.0,
                16.0,
                4.0
              ],
              "rotation": [
                42.5,
                25.0,
                135.0
              ],
              "uv": [
                28,
                28
              ],
              "inflate": 0
            },
            {
              "origin": [
                -5.0,
                28.0,
                14.0
              ],
              "size": [
                1.0,
                1.0,
                3.0
              ],
              "pivot": [
                -3.0,
                27.0,
                4.0
              ],
              "rotation": [
                42.5,
                25.0,
                135.0
              ],
              "uv": [
                9,
                27
              ],
              "inflate": 0
            },
            {
              "origin": [
                -3.0,
                28.0,
                14.0
              ],
              "size": [
                1.0,
                1.0,
                3.0
              ],
              "pivot": [
                -1.0,
                27.0,
                4.0
              ],
              "rotation": [
                42.5,
                25.0,
                135.0
              ],
              "uv": [
                11,
                0
              ],
              "inflate": 0
            },
            {
              "origin": [
                -4.0,
                28.0,
                14.0
              ],
              "size": [
                1.0,
                2.0,
                5.0
              ],
              "pivot": [
                -2.0,
                28.0,
                4.0
              ],
              "rotation": [
                42.5,
                25.0,
                135.0
              ],
              "uv": [
                0,
                22
              ],
              "inflate": 0
            },
            {
              "origin": [
                -5.0,
                27.0,
                16.0
              ],
              "size": [
                1.0,
                1.0,
                3.0
              ],
              "pivot": [
                -3.0,
                26.0,
                6.0
              ],
              "rotation": [
                42.5,
                25.0,
                135.0
              ],
              "uv": [
                24,
                12
              ],
              "inflate": 0
            },
            {
              "origin": [
                -3.0,
                27.0,
                16.0
              ],
              "size": [
                1.0,
                1.0,
                3.0
              ],
              "pivot": [
                -1.0,
                26.0,
                6.0
              ],
              "rotation": [
                42.5,
                25.0,
                135.0
              ],
              "uv": [
                24,
                0
              ],
              "inflate": 0
            },
            {
              "origin": [
                -5.0,
                25.0,
                17.0
              ],
              "size": [
                1.0,
                1.0,
                3.0
              ],
              "pivot": [
                -3.0,
                24.0,
                7.0
              ],
              "rotation": [
                42.5,
                25.0,
                135.0
              ],
              "uv": [
                24,
                8
              ],
              "inflate": 0
            },
            {
              "origin": [
                -3.0,
                25.0,
                17.0
              ],
              "size": [
                1.0,
                1.0,
                3.0
              ],
              "pivot": [
                -1.0,
                24.0,
                7.0
              ],
              "rotation": [
                42.5,
                25.0,
                135.0
              ],
              "uv": [
                24,
                4
              ],
              "inflate": 0
            },
            {
              "origin": [
                -8.0,
                16.0,
                12.0
              ],
              "size": [
                1.0,
                1.0,
                3.0
              ],
              "pivot": [
                -6.0,
                15.0,
                2.0
              ],
              "rotation": [
                42.5,
                25.0,
                135.0
              ],
              "uv": [
                29,
                1
              ],
              "inflate": 0
            },
            {
              "origin": [
                -11.0,
                16.0,
                12.0
              ],
              "size": [
                1.0,
                1.0,
                3.0
              ],
              "pivot": [
                -9.0,
                15.0,
                2.0
              ],
              "rotation": [
                42.5,
                25.0,
                135.0
              ],
              "uv": [
                0,
                29
              ],
              "inflate": 0
            },
            {
              "origin": [
                2.0,
                22.0,
                5.0
              ],
              "size": [
                2.0,
                2.0,
                18.0
              ],
              "pivot": [
                4.0,
                23.0,
                6.0
              ],
              "rotation": [
                -35.0,
                0.0,
                0.0
              ],
              "uv": [
                22,
                45
              ],
              "inflate": 0
            },
            {
              "origin": [
                2.0,
                22.0,
                5.0
              ],
              "size": [
                2.0,
                2.0,
                18.0
              ],
              "pivot": [
                4.0,
                23.0,
                6.0
              ],
              "rotation": [
                50.0,
                -52.5,
                0.0
              ],
              "uv": [
                0,
                43
              ],
              "inflate": 0
            },
            {
              "origin": [
                -7.0,
                34.0,
                10.0
              ],
              "size": [
                2.0,
                2.0,
                18.0
              ],
              "pivot": [
                -5.0,
                35.0,
                11.0
              ],
              "rotation": [
                7.5,
                155.0,
                0.0
              ],
              "uv": [
                24,
                25
              ],
              "inflate": 0
            },
            {
              "origin": [
                0.0,
                36.0,
                -4.0
              ],
              "size": [
                2.0,
                2.0,
                18.0
              ],
              "pivot": [
                2.0,
                37.0,
                -3.0
              ],
              "rotation": [
                -37.5,
                -127.5,
                0.0
              ],
              "uv": [
                24,
                0
              ],
              "inflate": 0
            },
            {
              "origin": [
                -11.0,
                25.0,
                -12.0
              ],
              "size": [
                2.0,
                2.0,
                20.0
              ],
              "pivot": [
                -9.0,
                26.0,
                -9.0
              ],
              "rotation": [
                -37.5,
                -50.0,
                0.0
              ],
              "uv": [
                0,
                0
              ],
              "inflate": 0
            },
            {
              "origin": [
                -2.0,
                34.0,
                8.0
              ],
              "size": [
                1.0,
                3.0,
                1.0
              ],
              "rotation": [
                0.0,
                0.0,
                0.0
              ],
              "uv": [
                27,
                36
              ],
              "inflate": 0
            },
            {
              "origin": [
                -1.0,
                34.0,
                6.0
              ],
              "size": [
                1.0,
                3.0,
                1.0
              ],
              "rotation": [
                0.0,
                0.0,
                0.0
              ],
              "uv": [
                35,
                31
              ],
              "inflate": 0
            },
            {
              "origin": [
                -3.0,
                34.0,
                6.0
              ],
              "size": [
                1.0,
                3.0,
                1.0
              ],
              "pivot": [
                -2.0,
                36.0,
                6.0
              ],
              "rotation": [
                0.0,
                0.0,
                15.0
              ],
              "uv": [
                8,
                35
              ],
              "inflate": 0
            },
            {
              "origin": [
                -4.0,
                34.0,
                8.0
              ],
              "size": [
                1.0,
                3.0,
                1.0
              ],
              "pivot": [
                -3.0,
                36.0,
                8.0
              ],
              "rotation": [
                0.0,
                0.0,
                15.0
              ],
              "uv": [
                34,
                0
              ],
              "inflate": 0
            },
            {
              "origin": [
                0.0,
                34.0,
                4.0
              ],
              "size": [
                1.0,
                3.0,
                1.0
              ],
              "rotation": [
                0.0,
                0.0,
                0.0
              ],
              "uv": [
                35,
                22
              ],
              "inflate": 0
            },
            {
              "origin": [
                1.0,
                34.0,
                2.0
              ],
              "size": [
                1.0,
                3.0,
                1.0
              ],
              "pivot": [
                2.0,
                36.0,
                2.0
              ],
              "rotation": [
                -22.5,
                -10.0,
                0.0
              ],
              "uv": [
                34,
                35
              ],
              "inflate": 0
            },
            {
              "origin": [
                1.0,
                34.0,
                -6.0
              ],
              "size": [
                1.0,
                3.0,
                1.0
              ],
              "pivot": [
                2.0,
                36.0,
                -6.0
              ],
              "rotation": [
                -22.5,
                -10.0,
                0.0
              ],
              "uv": [
                33,
                27
              ],
              "inflate": 0
            },
            {
              "origin": [
                1.0,
                34.0,
                -4.0
              ],
              "size": [
                1.0,
                3.0,
                1.0
              ],
              "pivot": [
                2.0,
                36.0,
                -4.0
              ],
              "rotation": [
                -22.5,
                -10.0,
                0.0
              ],
              "uv": [
                27,
                32
              ],
              "inflate": 0
            },
            {
              "origin": [
                -8.0,
                35.0,
                -6.0
              ],
              "size": [
                10.0,
                2.0,
                2.0
              ],
              "pivot": [
                2.0,
                36.0,
                -5.0
              ],
              "rotation": [
                -22.5,
                -25.0,
                -40.0
              ],
              "uv": [
                46,
                38
              ],
              "inflate": 0
            },
            {
              "origin": [
                -20.0,
                25.0,
                -11.0
              ],
              "size": [
                12.0,
                2.0,
                2.0
              ],
              "pivot": [
                -10.0,
                26.0,
                -10.0
              ],
              "rotation": [
                -22.5,
                35.0,
                -40.0
              ],
              "uv": [
                46,
                34
              ],
              "inflate": 0
            },
            {
              "origin": [
                -1.0,
                32.0,
                -8.0
              ],
              "size": [
                1.0,
                3.0,
                1.0
              ],
              "pivot": [
                0.0,
                34.0,
                -8.0
              ],
              "rotation": [
                -22.5,
                -10.0,
                0.0
              ],
              "uv": [
                4,
                33
              ],
              "inflate": 0
            },
            {
              "origin": [
                -1.0,
                32.0,
                -5.0
              ],
              "size": [
                1.0,
                3.0,
                1.0
              ],
              "pivot": [
                0.0,
                34.0,
                -5.0
              ],
              "rotation": [
                -22.5,
                -10.0,
                0.0
              ],
              "uv": [
                31,
                32
              ],
              "inflate": 0
            },
            {
              "origin": [
                -3.0,
                30.0,
                -10.0
              ],
              "size": [
                1.0,
                3.0,
                1.0
              ],
              "pivot": [
                -2.0,
                32.0,
                -10.0
              ],
              "rotation": [
                -22.5,
                -10.0,
                0.0
              ],
              "uv": [
                0,
                33
              ],
              "inflate": 0
            },
            {
              "origin": [
                -11.0,
                24.0,
                -11.0
              ],
              "size": [
                1.0,
                3.0,
                1.0
              ],
              "pivot": [
                -10.0,
                26.0,
                -11.0
              ],
              "rotation": [
                -22.5,
                -10.0,
                0.0
              ],
              "uv": [
                23,
                31
              ],
              "inflate": 0
            },
            {
              "origin": [
                -11.0,
                23.0,
                -8.0
              ],
              "size": [
                1.0,
                3.0,
                1.0
              ],
              "pivot": [
                -10.0,
                25.0,
                -8.0
              ],
              "rotation": [
                -22.5,
                -10.0,
                0.0
              ],
              "uv": [
                0,
                10
              ],
              "inflate": 0
            },
            {
              "origin": [
                -13.0,
                23.0,
                -9.0
              ],
              "size": [
                1.0,
                3.0,
                1.0
              ],
              "pivot": [
                -12.0,
                25.0,
                -9.0
              ],
              "rotation": [
                -22.5,
                -10.0,
                0.0
              ],
              "uv": [
                12,
                31
              ],
              "inflate": 0
            },
            {
              "origin": [
                -13.0,
                21.0,
                -6.0
              ],
              "size": [
                1.0,
                3.0,
                1.0
              ],
              "pivot": [
                -12.0,
                23.0,
                -6.0
              ],
              "rotation": [
                -22.5,
                -10.0,
                0.0
              ],
              "uv": [
                16,
                16
              ],
              "inflate": 0
            },
            {
              "origin": [
                -15.0,
                21.0,
                -7.0
              ],
              "size": [
                1.0,
                3.0,
                1.0
              ],
              "pivot": [
                -14.0,
                23.0,
                -7.0
              ],
              "rotation": [
                -22.5,
                -10.0,
                0.0
              ],
              "uv": [
                8,
                31
              ],
              "inflate": 0
            },
            {
              "origin": [
                -14.0,
                19.0,
                -5.0
              ],
              "size": [
                1.0,
                3.0,
                1.0
              ],
              "pivot": [
                -13.0,
                21.0,
                -5.0
              ],
              "rotation": [
                -22.5,
                -10.0,
                0.0
              ],
              "uv": [
                0,
                22
              ],
              "inflate": 0
            },
            {
              "origin": [
                -16.0,
                18.0,
                -7.0
              ],
              "size": [
                1.0,
                3.0,
                1.0
              ],
              "pivot": [
                -15.0,
                20.0,
                -7.0
              ],
              "rotation": [
                -22.5,
                -10.0,
                0.0
              ],
              "uv": [
                15,
                22
              ],
              "inflate": 0
            },
            {
              "origin": [
                -16.0,
                18.0,
                -4.0
              ],
              "size": [
                1.0,
                3.0,
                1.0
              ],
              "pivot": [
                -15.0,
                20.0,
                -4.0
              ],
              "rotation": [
                -22.5,
                -10.0,
                0.0
              ],
              "uv": [
                7,
                22
              ],
              "inflate": 0
            },
            {
              "origin": [
                -3.0,
                30.0,
                -7.0
              ],
              "size": [
                1.0,
                3.0,
                1.0
              ],
              "pivot": [
                -2.0,
                32.0,
                -7.0
              ],
              "rotation": [
                -22.5,
                -10.0,
                0.0
              ],
              "uv": [
                32,
                13
              ],
              "inflate": 0
            },
            {
              "origin": [
                -1.0,
                34.0,
                2.0
              ],
              "size": [
                1.0,
                3.0,
                1.0
              ],
              "pivot": [
                0.0,
                36.0,
                2.0
              ],
              "rotation": [
                -22.5,
                -10.0,
                0.0
              ],
              "uv": [
                23,
                35
              ],
              "inflate": 0
            },
            {
              "origin": [
                -2.0,
                34.0,
                4.0
              ],
              "size": [
                1.0,
                3.0,
                1.0
              ],
              "pivot": [
                -1.0,
                36.0,
                4.0
              ],
              "rotation": [
                -22.5,
                -10.0,
                0.0
              ],
              "uv": [
                15,
                34
              ],
              "inflate": 0
            },
            {
              "origin": [
                -2.0,
                35.0,
                2.0
              ],
              "size": [
                2.0,
                2.0,
                6.0
              ],
              "pivot": [
                0.0,
                37.0,
                4.0
              ],
              "rotation": [
                -22.5,
                -10.0,
                0.0
              ],
              "uv": [
                0,
                10
              ],
              "inflate": 0
            },
            {
              "origin": [
                -5.0,
                5.0,
                0.0
              ],
              "size": [
                1.0,
                1.0,
                1.0
              ],
              "rotation": [
                0.0,
                0.0,
                0.0
              ],
              "uv": [
                36,
                14
              ],
              "inflate": 0
            },
            {
              "origin": [
                -4.0,
                5.0,
                0.0
              ],
              "size": [
                1.0,
                1.0,
                1.0
              ],
              "rotation": [
                0.0,
                0.0,
                0.0
              ],
              "uv": [
                36,
                12
              ],
              "inflate": 0
            },
            {
              "origin": [
                -4.0,
                4.0,
                0.0
              ],
              "size": [
                1.0,
                1.0,
                1.0
              ],
              "rotation": [
                0.0,
                0.0,
                0.0
              ],
              "uv": [
                35,
                16
              ],
              "inflate": 0
            },
            {
              "origin": [
                -4.0,
                4.0,
                0.0
              ],
              "size": [
                1.0,
                1.0,
                1.0
              ],
              "rotation": [
                0.0,
                0.0,
                0.0
              ],
              "uv": [
                34,
                9
              ],
              "inflate": 0
            },
            {
              "origin": [
                -4.0,
                4.0,
                0.0
              ],
              "size": [
                1.0,
                1.0,
                1.0
              ],
              "rotation": [
                0.0,
                0.0,
                0.0
              ],
              "uv": [
                34,
                5
              ],
              "inflate": 0
            },
            {
              "origin": [
                -5.0,
                4.0,
                0.0
              ],
              "size": [
                1.0,
                1.0,
                1.0
              ],
              "rotation": [
                0.0,
                0.0,
                0.0
              ],
              "uv": [
                5,
                29
              ],
              "inflate": 0
            },
            {
              "origin": [
                -5.0,
                4.0,
                3.0
              ],
              "size": [
                1.0,
                1.0,
                1.0
              ],
              "rotation": [
                0.0,
                0.0,
                0.0
              ],
              "uv": [
                28,
                16
              ],
              "inflate": 0
            },
            {
              "origin": [
                -4.0,
                4.0,
                0.0
              ],
              "size": [
                1.0,
                1.0,
                1.0
              ],
              "rotation": [
                0.0,
                0.0,
                0.0
              ],
              "uv": [
                14,
                27
              ],
              "inflate": 0
            },
            {
              "origin": [
                -4.0,
                4.0,
                0.0
              ],
              "size": [
                1.0,
                1.0,
                1.0
              ],
              "rotation": [
                0.0,
                0.0,
                0.0
              ],
              "uv": [
                24,
                16
              ],
              "inflate": 0
            },
            {
              "origin": [
                -4.0,
                4.0,
                0.0
              ],
              "size": [
                1.0,
                1.0,
                1.0
              ],
              "rotation": [
                0.0,
                0.0,
                0.0
              ],
              "uv": [
                12,
                18
              ],
              "inflate": 0
            },
            {
              "origin": [
                -4.0,
                4.0,
                -1.0
              ],
              "size": [
                1.0,
                1.0,
                1.0
              ],
              "rotation": [
                0.0,
                0.0,
                0.0
              ],
              "uv": [
                16,
                14
              ],
              "inflate": 0
            },
            {
              "origin": [
                -4.0,
                4.0,
                0.0
              ],
              "size": [
                1.0,
                1.0,
                1.0
              ],
              "rotation": [
                0.0,
                0.0,
                0.0
              ],
              "uv": [
                16,
                5
              ],
              "inflate": 0
            },
            {
              "origin": [
                -4.0,
                4.0,
                0.0
              ],
              "size": [
                1.0,
                1.0,
                1.0
              ],
              "rotation": [
                0.0,
                0.0,
                0.0
              ],
              "uv": [
                16,
                0
              ],
              "inflate": 0
            },
            {
              "origin": [
                -5.0,
                4.0,
                -3.0
              ],
              "size": [
                2.0,
                2.0,
                10.0
              ],
              "pivot": [
                -3.0,
                4.0,
                0.0
              ],
              "rotation": [
                -7.5,
                0.0,
                0.0
              ],
              "uv": [
                52,
                62
              ],
              "inflate": 0
            },
            {
              "origin": [
                -5.0,
                3.0,
                -14.0
              ],
              "size": [
                2.0,
                2.0,
                12.0
              ],
              "pivot": [
                -3.0,
                3.0,
                -9.0
              ],
              "rotation": [
                12.5,
                0.0,
                0.0
              ],
              "uv": [
                46,
                20
              ],
              "inflate": 0
            }
          ],
          "rotation": [
            0,
            0,
            0
          ],
          "bind_pose_rotation": [
            0,
            0,
            0
          ]
        }
      ]
    }
  ]
}