{
  "format_version": "1.12.0",
  "minecraft:geometry": [
    {
      "description": {
        "identifier": "geometry.pa_lamb",
        "texture_width": 128,
        "texture_height": 128,
        "visible_bounds_width": 2,
        "visible_bounds_height": 3.5,
        "visible_bounds_offset": [
          0,
          1.25,
          0
        ]
      },
      "bones": [
        {
          "name": "unknown_bone",
          "pivot": [
            0,
            0,
            0
          ],
          "cubes": [
            {
              "origin": [
                -5.0,
                10.0,
                -9.0
              ],
              "size": [
                10.0,
                7.0,
                13.0
              ],
              "rotation": [
                0.0,
                0.0,
                0.0
              ],
              "uv": [
                0,
                20
              ],
              "inflate": 0
            },
            {
              "origin": [
                -4.0,
                11.0,
                -10.0
              ],
              "size": [
                8.0,
                5.0,
                15.0
              ],
              "rotation": [
                0.0,
                0.0,
                0.0
              ],
              "uv": [
                0,
                0
              ],
              "inflate": 0
            },
            {
              "origin": [
                -6.0,
                11.0,
                -8.0
              ],
              "size": [
                12.0,
                5.0,
                11.0
              ],
              "rotation": [
                0.0,
                0.0,
                0.0
              ],
              "uv": [
                35,
                35
              ],
              "inflate": 0
            },
            {
              "origin": [
                -4.0,
                9.0,
                -8.0
              ],
              "size": [
                8.0,
                9.0,
                11.0
              ],
              "rotation": [
                0.0,
                0.0,
                0.0
              ],
              "uv": [
                35,
                9
              ],
              "inflate": 0
            },
            {
              "origin": [
                -3.0,
                16.0,
                -10.0
              ],
              "size": [
                6.0,
                10.0,
                4.0
              ],
              "rotation": [
                0.0,
                0.0,
                0.0
              ],
              "uv": [
                0,
                40
              ],
              "inflate": 0
            },
            {
              "origin": [
                -4.0,
                17.0,
                -10.0
              ],
              "size": [
                1.0,
                8.0,
                3.0
              ],
              "rotation": [
                0.0,
                0.0,
                0.0
              ],
              "uv": [
                38,
                51
              ],
              "inflate": 0
            },
            {
              "origin": [
                3.0,
                17.0,
                -10.0
              ],
              "size": [
                1.0,
                8.0,
                3.0
              ],
              "rotation": [
                0.0,
                0.0,
                0.0
              ],
              "uv": [
                30,
                48
              ],
              "inflate": 0
            },
            {
              "origin": [
                -3.0,
                17.0,
                -11.0
              ],
              "size": [
                1.0,
                8.0,
                1.0
              ],
              "rotation": [
                0.0,
                0.0,
                0.0
              ],
              "uv": [
                46,
                51
              ],
              "inflate": 0
            },
            {
              "origin": [
                2.0,
                17.0,
                -11.0
              ],
              "size": [
                1.0,
                8.0,
                1.0
              ],
              "rotation": [
                0.0,
                0.0,
                0.0
              ],
              "uv": [
                49,
                0
              ],
              "inflate": 0
            },
            {
              "origin": [
                2.0,
                18.0,
                -12.0
              ],
              "size": [
                1.0,
                6.0,
                1.0
              ],
              "rotation": [
                0.0,
                0.0,
                0.0
              ],
              "uv": [
                53,
                0
              ],
              "inflate": 0
            },
            {
              "origin": [
                -3.0,
                18.0,
                -12.0
              ],
              "size": [
                1.0,
                6.0,
                1.0
              ],
              "rotation": [
                0.0,
                0.0,
                0.0
              ],
              "uv": [
                50,
                51
              ],
              "inflate": 0
            },
            {
              "origin": [
                -2.0,
                24.0,
                -11.0
              ],
              "size": [
                4.0,
                2.0,
                1.0
              ],
              "rotation": [
                0.0,
                0.0,
                0.0
              ],
              "uv": [
                0,
                30
              ],
              "inflate": 0
            },
            {
              "origin": [
                -2.0,
                24.0,
                -12.0
              ],
              "size": [
                4.0,
                1.0,
                1.0
              ],
              "rotation": [
                0.0,
                0.0,
                0.0
              ],
              "uv": [
                0,
                13
              ],
              "inflate": 0
            },
            {
              "origin": [
                -2.0,
                17.0,
                -12.0
              ],
              "size": [
                4.0,
                1.0,
                2.0
              ],
              "rotation": [
                0.0,
                0.0,
                0.0
              ],
              "uv": [
                0,
                10
              ],
              "inflate": 0
            },
            {
              "origin": [
                -2.0,
                18.0,
                -11.0
              ],
              "size": [
                1.0,
                1.0,
                1.0
              ],
              "rotation": [
                0.0,
                0.0,
                0.0
              ],
              "uv": [
                9,
                20
              ],
              "inflate": 0
            },
            {
              "origin": [
                1.0,
                18.0,
                -11.0
              ],
              "size": [
                1.0,
                1.0,
                1.0
              ],
              "rotation": [
                0.0,
                0.0,
                0.0
              ],
              "uv": [
                9,
                0
              ],
              "inflate": 0
            },
            {
              "origin": [
                -2.0,
                23.0,
                -11.0
              ],
              "size": [
                1.0,
                1.0,
                1.0
              ],
              "rotation": [
                0.0,
                0.0,
                0.0
              ],
              "uv": [
                11,
                12
              ],
              "inflate": 0
            },
            {
              "origin": [
                1.0,
                23.0,
                -11.0
              ],
              "size": [
                1.0,
                1.0,
                1.0
              ],
              "rotation": [
                0.0,
                0.0,
                0.0
              ],
              "uv": [
                10,
                10
              ],
              "inflate": 0
            },
            {
              "origin": [
                -2.0,
                16.0,
                -11.0
              ],
              "size": [
                4.0,
                1.0,
                1.0
              ],
              "rotation": [
                0.0,
                0.0,
                0.0
              ],
              "uv": [
                31,
                10
              ],
              "inflate": 0
            },
            {
              "origin": [
                -2.0,
                16.0,
                -6.0
              ],
              "size": [
                4.0,
                9.0,
                1.0
              ],
              "rotation": [
                0.0,
                0.0,
                0.0
              ],
              "uv": [
                20,
                50
              ],
              "inflate": 0
            },
            {
              "origin": [
                -1.0,
                16.0,
                -5.0
              ],
              "size": [
                2.0,
                8.0,
                1.0
              ],
              "rotation": [
                0.0,
                0.0,
                0.0
              ],
              "uv": [
                43,
                0
              ],
              "inflate": 0
            },
            {
              "origin": [
                -1.0,
                15.0,
                0.0
              ],
              "size": [
                1.0,
                1.0,
                1.0
              ],
              "rotation": [
                0.0,
                0.0,
                0.0
              ],
              "uv": [
                37,
                12
              ],
              "inflate": 0
            },
            {
              "origin": [
                -1.0,
                14.0,
                0.0
              ],
              "size": [
                1.0,
                1.0,
                1.0
              ],
              "rotation": [
                0.0,
                0.0,
                0.0
              ],
              "uv": [
                36,
                30
              ],
              "inflate": 0
            },
            {
              "origin": [
                -1.0,
                12.0,
                0.0
              ],
              "size": [
                1.0,
                1.0,
                1.0
              ],
              "rotation": [
                0.0,
                0.0,
                0.0
              ],
              "uv": [
                34,
                13
              ],
              "inflate": 0
            },
            {
              "origin": [
                -1.0,
                11.0,
                0.0
              ],
              "size": [
                1.0,
                1.0,
                1.0
              ],
              "rotation": [
                0.0,
                0.0,
                0.0
              ],
              "uv": [
                33,
                31
              ],
              "inflate": 0
            },
            {
              "origin": [
                -1.0,
                12.0,
                0.0
              ],
              "size": [
                1.0,
                1.0,
                1.0
              ],
              "rotation": [
                0.0,
                0.0,
                0.0
              ],
              "uv": [
                33,
                29
              ],
              "inflate": 0
            },
            {
              "origin": [
                -1.0,
                12.0,
                0.0
              ],
              "size": [
                1.0,
                1.0,
                1.0
              ],
              "rotation": [
                0.0,
                0.0,
                0.0
              ],
              "uv": [
                31,
                12
              ],
              "inflate": 0
            },
            {
              "origin": [
                -5.0,
                4.0,
                -10.0
              ],
              "size": [
                3.0,
                7.0,
                3.0
              ],
              "pivot": [
                -2.0,
                4.0,
                -8.0
              ],
              "rotation": [
                -12.5,
                0.0,
                0.0
              ],
              "uv": [
                20,
                40
              ],
              "inflate": 0
            },
            {
              "origin": [
                2.0,
                4.0,
                -10.0
              ],
              "size": [
                3.0,
                7.0,
                3.0
              ],
              "pivot": [
                5.0,
                4.0,
                -8.0
              ],
              "rotation": [
                -12.5,
                0.0,
                0.0
              ],
              "uv": [
                0,
                0
              ],
              "inflate": 0
            },
            {
              "origin": [
                -5.0,
                4.0,
                2.0
              ],
              "size": [
                3.0,
                7.0,
                3.0
              ],
              "pivot": [
                -2.0,
                4.0,
                4.0
              ],
              "rotation": [
                12.5,
                0.0,
                0.0
              ],
              "uv": [
                31,
                0
              ],
              "inflate": 0
            },
            {
              "origin": [
                2.0,
                4.0,
                2.0
              ],
              "size": [
                3.0,
                7.0,
                3.0
              ],
              "pivot": [
                5.0,
                4.0,
                4.0
              ],
              "rotation": [
                12.5,
                0.0,
                0.0
              ],
              "uv": [
                0,
                20
              ],
              "inflate": 0
            }
          ],
          "rotation": [
            0,
            0,
            0
          ],
          "bind_pose_rotation": [
            0,
            0,
            0
          ]
        }
      ]
    }
  ]
}