{
  "format_version": "1.12.0",
  "minecraft:geometry": [
    {
      "description": {
        "identifier": "geometry.pa_lighthead",
        "texture_width": 128,
        "texture_height": 128,
        "visible_bounds_width": 4,
        "visible_bounds_height": 5.5,
        "visible_bounds_offset": [
          0,
          2.25,
          0
        ]
      },
      "bones": [
        {
          "name": "bone",
          "pivot": [
            0,
            0,
            0
          ],
          "cubes": [
            {
              "origin": [
                -4.0,
                30.0,
                -1.0
              ],
              "size": [
                7.0,
                5.0,
                2.0
              ],
              "rotation": [
                0.0,
                0.0,
                0.0
              ],
              "uv": [
                48,
                32
              ],
              "inflate": 0
            },
            {
              "origin": [
                3.0,
                33.0,
                -1.0
              ],
              "size": [
                1.0,
                2.0,
                2.0
              ],
              "rotation": [
                0.0,
                0.0,
                0.0
              ],
              "uv": [
                0,
                25
              ],
              "inflate": 0
            },
            {
              "origin": [
                -5.0,
                33.0,
                -1.0
              ],
              "size": [
                1.0,
                2.0,
                2.0
              ],
              "rotation": [
                0.0,
                0.0,
                0.0
              ],
              "uv": [
                22,
                0
              ],
              "inflate": 0
            },
            {
              "origin": [
                3.0,
                31.0,
                0.0
              ],
              "size": [
                1.0,
                2.0,
                1.0
              ],
              "rotation": [
                0.0,
                0.0,
                0.0
              ],
              "uv": [
                0,
                36
              ],
              "inflate": 0
            },
            {
              "origin": [
                -5.0,
                31.0,
                0.0
              ],
              "size": [
                1.0,
                2.0,
                1.0
              ],
              "rotation": [
                0.0,
                0.0,
                0.0
              ],
              "uv": [
                0,
                33
              ],
              "inflate": 0
            },
            {
              "origin": [
                -5.0,
                35.0,
                -2.0
              ],
              "size": [
                9.0,
                13.0,
                4.0
              ],
              "rotation": [
                0.0,
                0.0,
                0.0
              ],
              "uv": [
                0,
                0
              ],
              "inflate": 0
            },
            {
              "origin": [
                -6.0,
                36.0,
                -2.0
              ],
              "size": [
                1.0,
                12.0,
                4.0
              ],
              "rotation": [
                0.0,
                0.0,
                0.0
              ],
              "uv": [
                12,
                49
              ],
              "inflate": 0
            },
            {
              "origin": [
                4.0,
                36.0,
                -2.0
              ],
              "size": [
                1.0,
                12.0,
                4.0
              ],
              "rotation": [
                0.0,
                0.0,
                0.0
              ],
              "uv": [
                43,
                43
              ],
              "inflate": 0
            },
            {
              "origin": [
                -4.0,
                33.0,
                1.0
              ],
              "size": [
                7.0,
                2.0,
                1.0
              ],
              "rotation": [
                0.0,
                0.0,
                0.0
              ],
              "uv": [
                66,
                21
              ],
              "inflate": 0
            },
            {
              "origin": [
                -4.0,
                33.0,
                -2.0
              ],
              "size": [
                7.0,
                2.0,
                1.0
              ],
              "rotation": [
                0.0,
                0.0,
                0.0
              ],
              "uv": [
                65,
                54
              ],
              "inflate": 0
            },
            {
              "origin": [
                1.0,
                45.0,
                -3.0
              ],
              "size": [
                6.0,
                2.0,
                6.0
              ],
              "pivot": [
                2.0,
                42.0,
                -5.0
              ],
              "rotation": [
                0.0,
                0.0,
                -27.5
              ],
              "uv": [
                0,
                33
              ],
              "inflate": 0
            },
            {
              "origin": [
                0.0,
                42.0,
                -3.0
              ],
              "size": [
                6.0,
                2.0,
                6.0
              ],
              "pivot": [
                1.0,
                39.0,
                -5.0
              ],
              "rotation": [
                0.0,
                0.0,
                -12.5
              ],
              "uv": [
                26,
                8
              ],
              "inflate": 0
            },
            {
              "origin": [
                0.0,
                40.0,
                -3.0
              ],
              "size": [
                6.0,
                2.0,
                6.0
              ],
              "pivot": [
                2.0,
                37.0,
                -5.0
              ],
              "rotation": [
                0.0,
                0.0,
                -10.0
              ],
              "uv": [
                26,
                0
              ],
              "inflate": 0
            },
            {
              "origin": [
                1.0,
                37.0,
                -3.0
              ],
              "size": [
                5.0,
                2.0,
                6.0
              ],
              "pivot": [
                2.0,
                34.0,
                -5.0
              ],
              "rotation": [
                0.0,
                0.0,
                -15.0
              ],
              "uv": [
                36,
                24
              ],
              "inflate": 0
            },
            {
              "origin": [
                -7.0,
                40.0,
                -3.0
              ],
              "size": [
                6.0,
                2.0,
                6.0
              ],
              "pivot": [
                -6.0,
                37.0,
                -5.0
              ],
              "rotation": [
                0.0,
                0.0,
                5.0
              ],
              "uv": [
                0,
                25
              ],
              "inflate": 0
            },
            {
              "origin": [
                -7.0,
                38.0,
                -3.0
              ],
              "size": [
                7.0,
                2.0,
                6.0
              ],
              "pivot": [
                -6.0,
                35.0,
                -5.0
              ],
              "rotation": [
                0.0,
                0.0,
                12.5
              ],
              "uv": [
                0,
                17
              ],
              "inflate": 0
            },
            {
              "origin": [
                -8.0,
                47.0,
                -3.0
              ],
              "size": [
                6.0,
                2.0,
                6.0
              ],
              "pivot": [
                -7.0,
                44.0,
                -5.0
              ],
              "rotation": [
                0.0,
                0.0,
                32.5
              ],
              "uv": [
                32,
                16
              ],
              "inflate": 0
            },
            {
              "origin": [
                -7.0,
                43.0,
                -3.0
              ],
              "size": [
                6.0,
                2.0,
                6.0
              ],
              "pivot": [
                -7.0,
                40.0,
                -5.0
              ],
              "rotation": [
                0.0,
                0.0,
                10.0
              ],
              "uv": [
                18,
                28
              ],
              "inflate": 0
            },
            {
              "origin": [
                -3.0,
                31.0,
                -2.0
              ],
              "size": [
                5.0,
                2.0,
                4.0
              ],
              "rotation": [
                0.0,
                0.0,
                0.0
              ],
              "uv": [
                52,
                21
              ],
              "inflate": 0
            },
            {
              "origin": [
                -2.0,
                30.0,
                -2.0
              ],
              "size": [
                3.0,
                1.0,
                4.0
              ],
              "rotation": [
                0.0,
                0.0,
                0.0
              ],
              "uv": [
                65,
                57
              ],
              "inflate": 0
            },
            {
              "origin": [
                -2.0,
                48.0,
                -1.0
              ],
              "size": [
                3.0,
                15.0,
                2.0
              ],
              "rotation": [
                0.0,
                0.0,
                0.0
              ],
              "uv": [
                33,
                43
              ],
              "inflate": 0
            },
            {
              "origin": [
                -2.0,
                63.0,
                -8.0
              ],
              "size": [
                3.0,
                1.0,
                8.0
              ],
              "rotation": [
                0.0,
                0.0,
                0.0
              ],
              "uv": [
                34,
                34
              ],
              "inflate": 0
            },
            {
              "origin": [
                -2.0,
                60.0,
                -8.0
              ],
              "size": [
                3.0,
                1.0,
                6.0
              ],
              "rotation": [
                0.0,
                0.0,
                0.0
              ],
              "uv": [
                44,
                2
              ],
              "inflate": 0
            },
            {
              "origin": [
                -2.0,
                61.0,
                -9.0
              ],
              "size": [
                3.0,
                2.0,
                8.0
              ],
              "rotation": [
                0.0,
                0.0,
                0.0
              ],
              "uv": [
                18,
                18
              ],
              "inflate": 0
            },
            {
              "origin": [
                -1.0,
                38.0,
                0.0
              ],
              "size": [
                1.0,
                1.0,
                1.0
              ],
              "rotation": [
                0.0,
                0.0,
                0.0
              ],
              "uv": [
                26,
                36
              ],
              "inflate": 0
            },
            {
              "origin": [
                -3.0,
                48.0,
                0.0
              ],
              "size": [
                1.0,
                6.0,
                1.0
              ],
              "rotation": [
                0.0,
                0.0,
                0.0
              ],
              "uv": [
                56,
                0
              ],
              "inflate": 0
            },
            {
              "origin": [
                -3.0,
                54.0,
                0.0
              ],
              "size": [
                1.0,
                6.0,
                1.0
              ],
              "pivot": [
                -2.0,
                54.0,
                0.0
              ],
              "rotation": [
                -12.5,
                0.0,
                7.5
              ],
              "uv": [
                16,
                41
              ],
              "inflate": 0
            },
            {
              "origin": [
                -2.0,
                59.0,
                1.0
              ],
              "size": [
                1.0,
                3.0,
                1.0
              ],
              "pivot": [
                -1.0,
                60.0,
                1.0
              ],
              "rotation": [
                12.5,
                0.0,
                22.5
              ],
              "uv": [
                32,
                16
              ],
              "inflate": 0
            },
            {
              "origin": [
                -1.0,
                61.0,
                0.0
              ],
              "size": [
                1.0,
                3.0,
                1.0
              ],
              "pivot": [
                0.0,
                62.0,
                0.0
              ],
              "rotation": [
                62.5,
                0.0,
                7.5
              ],
              "uv": [
                0,
                0
              ],
              "inflate": 0
            },
            {
              "origin": [
                -1.0,
                28.0,
                0.0
              ],
              "size": [
                1.0,
                1.0,
                1.0
              ],
              "rotation": [
                0.0,
                0.0,
                0.0
              ],
              "uv": [
                22,
                36
              ],
              "inflate": 0
            },
            {
              "origin": [
                -1.0,
                29.0,
                0.0
              ],
              "size": [
                1.0,
                1.0,
                1.0
              ],
              "rotation": [
                0.0,
                0.0,
                0.0
              ],
              "uv": [
                18,
                36
              ],
              "inflate": 0
            },
            {
              "origin": [
                -1.0,
                36.0,
                0.0
              ],
              "size": [
                1.0,
                1.0,
                1.0
              ],
              "rotation": [
                0.0,
                0.0,
                0.0
              ],
              "uv": [
                32,
                24
              ],
              "inflate": 0
            },
            {
              "origin": [
                -1.0,
                36.0,
                0.0
              ],
              "size": [
                1.0,
                1.0,
                1.0
              ],
              "rotation": [
                0.0,
                0.0,
                0.0
              ],
              "uv": [
                32,
                20
              ],
              "inflate": 0
            },
            {
              "origin": [
                -1.0,
                36.0,
                0.0
              ],
              "size": [
                1.0,
                1.0,
                1.0
              ],
              "rotation": [
                0.0,
                0.0,
                0.0
              ],
              "uv": [
                0,
                29
              ],
              "inflate": 0
            },
            {
              "origin": [
                -1.0,
                34.0,
                0.0
              ],
              "size": [
                1.0,
                1.0,
                1.0
              ],
              "rotation": [
                0.0,
                0.0,
                0.0
              ],
              "uv": [
                26,
                12
              ],
              "inflate": 0
            },
            {
              "origin": [
                -1.0,
                41.0,
                0.0
              ],
              "size": [
                1.0,
                1.0,
                1.0
              ],
              "rotation": [
                0.0,
                0.0,
                0.0
              ],
              "uv": [
                26,
                0
              ],
              "inflate": 0
            },
            {
              "origin": [
                -1.0,
                38.0,
                0.0
              ],
              "size": [
                1.0,
                1.0,
                1.0
              ],
              "rotation": [
                0.0,
                0.0,
                0.0
              ],
              "uv": [
                25,
                16
              ],
              "inflate": 0
            },
            {
              "origin": [
                -6.0,
                0.0,
                -4.0
              ],
              "size": [
                3.0,
                1.0,
                5.0
              ],
              "rotation": [
                0.0,
                0.0,
                0.0
              ],
              "uv": [
                62,
                48
              ],
              "inflate": 0
            },
            {
              "origin": [
                2.0,
                0.0,
                -4.0
              ],
              "size": [
                3.0,
                1.0,
                5.0
              ],
              "rotation": [
                0.0,
                0.0,
                0.0
              ],
              "uv": [
                62,
                15
              ],
              "inflate": 0
            },
            {
              "origin": [
                2.0,
                2.0,
                -4.0
              ],
              "size": [
                3.0,
                1.0,
                4.0
              ],
              "pivot": [
                5.0,
                2.0,
                0.0
              ],
              "rotation": [
                25.0,
                0.0,
                0.0
              ],
              "uv": [
                70,
                5
              ],
              "inflate": 0
            },
            {
              "origin": [
                -6.0,
                2.0,
                -4.0
              ],
              "size": [
                3.0,
                1.0,
                4.0
              ],
              "pivot": [
                -3.0,
                2.0,
                0.0
              ],
              "rotation": [
                25.0,
                0.0,
                0.0
              ],
              "uv": [
                70,
                70
              ],
              "inflate": 0
            },
            {
              "origin": [
                2.0,
                1.0,
                -4.0
              ],
              "size": [
                3.0,
                1.0,
                4.0
              ],
              "pivot": [
                5.0,
                1.0,
                0.0
              ],
              "rotation": [
                15.0,
                0.0,
                0.0
              ],
              "uv": [
                70,
                0
              ],
              "inflate": 0
            },
            {
              "origin": [
                -6.0,
                1.0,
                -4.0
              ],
              "size": [
                3.0,
                1.0,
                4.0
              ],
              "pivot": [
                -3.0,
                1.0,
                0.0
              ],
              "rotation": [
                15.0,
                0.0,
                0.0
              ],
              "uv": [
                68,
                43
              ],
              "inflate": 0
            },
            {
              "origin": [
                2.0,
                1.0,
                -1.0
              ],
              "size": [
                3.0,
                5.0,
                2.0
              ],
              "rotation": [
                0.0,
                0.0,
                0.0
              ],
              "uv": [
                6,
                74
              ],
              "inflate": 0
            },
            {
              "origin": [
                2.0,
                18.0,
                -1.0
              ],
              "size": [
                3.0,
                12.0,
                2.0
              ],
              "rotation": [
                0.0,
                0.0,
                0.0
              ],
              "uv": [
                56,
                39
              ],
              "inflate": 0
            },
            {
              "origin": [
                -6.0,
                18.0,
                -1.0
              ],
              "size": [
                3.0,
                12.0,
                2.0
              ],
              "rotation": [
                0.0,
                0.0,
                0.0
              ],
              "uv": [
                0,
                56
              ],
              "inflate": 0
            },
            {
              "origin": [
                -11.0,
                35.0,
                -1.0
              ],
              "size": [
                3.0,
                12.0,
                3.0
              ],
              "pivot": [
                -8.0,
                35.0,
                0.0
              ],
              "rotation": [
                0.0,
                0.0,
                22.5
              ],
              "uv": [
                0,
                41
              ],
              "inflate": 0
            },
            {
              "origin": [
                6.0,
                29.0,
                -3.0
              ],
              "size": [
                3.0,
                12.0,
                3.0
              ],
              "pivot": [
                9.0,
                29.0,
                -2.0
              ],
              "rotation": [
                -7.5,
                0.0,
                -2.5
              ],
              "uv": [
                21,
                38
              ],
              "inflate": 0
            },
            {
              "origin": [
                8.0,
                41.0,
                -2.0
              ],
              "size": [
                3.0,
                8.0,
                3.0
              ],
              "pivot": [
                11.0,
                33.0,
                -1.0
              ],
              "rotation": [
                -5.0,
                0.0,
                -20.0
              ],
              "uv": [
                62,
                62
              ],
              "inflate": 0
            },
            {
              "origin": [
                -11.0,
                30.0,
                -1.0
              ],
              "size": [
                3.0,
                6.0,
                3.0
              ],
              "rotation": [
                0.0,
                0.0,
                0.0
              ],
              "uv": [
                10,
                65
              ],
              "inflate": 0
            },
            {
              "origin": [
                -11.0,
                9.0,
                -1.0
              ],
              "size": [
                3.0,
                9.0,
                3.0
              ],
              "rotation": [
                0.0,
                0.0,
                0.0
              ],
              "uv": [
                53,
                53
              ],
              "inflate": 0
            },
            {
              "origin": [
                6.0,
                8.0,
                -3.0
              ],
              "size": [
                3.0,
                9.0,
                3.0
              ],
              "rotation": [
                0.0,
                0.0,
                0.0
              ],
              "uv": [
                50,
                9
              ],
              "inflate": 0
            },
            {
              "origin": [
                -6.0,
                18.0,
                -1.0
              ],
              "size": [
                3.0,
                12.0,
                2.0
              ],
              "rotation": [
                0.0,
                0.0,
                0.0
              ],
              "uv": [
                22,
                53
              ],
              "inflate": 0
            },
            {
              "origin": [
                -3.0,
                26.0,
                -1.0
              ],
              "size": [
                5.0,
                4.0,
                2.0
              ],
              "rotation": [
                0.0,
                0.0,
                0.0
              ],
              "uv": [
                64,
                27
              ],
              "inflate": 0
            },
            {
              "origin": [
                1.0,
                23.0,
                -1.0
              ],
              "size": [
                1.0,
                3.0,
                2.0
              ],
              "rotation": [
                0.0,
                0.0,
                0.0
              ],
              "uv": [
                20,
                17
              ],
              "inflate": 0
            },
            {
              "origin": [
                0.0,
                24.0,
                -1.0
              ],
              "size": [
                1.0,
                2.0,
                2.0
              ],
              "rotation": [
                0.0,
                0.0,
                0.0
              ],
              "uv": [
                26,
                8
              ],
              "inflate": 0
            },
            {
              "origin": [
                -2.0,
                24.0,
                -1.0
              ],
              "size": [
                1.0,
                2.0,
                2.0
              ],
              "rotation": [
                0.0,
                0.0,
                0.0
              ],
              "uv": [
                26,
                2
              ],
              "inflate": 0
            },
            {
              "origin": [
                -1.0,
                25.0,
                -1.0
              ],
              "size": [
                1.0,
                1.0,
                2.0
              ],
              "rotation": [
                0.0,
                0.0,
                0.0
              ],
              "uv": [
                18,
                28
              ],
              "inflate": 0
            },
            {
              "origin": [
                -3.0,
                23.0,
                -1.0
              ],
              "size": [
                1.0,
                3.0,
                2.0
              ],
              "rotation": [
                0.0,
                0.0,
                0.0
              ],
              "uv": [
                0,
                17
              ],
              "inflate": 0
            },
            {
              "origin": [
                -6.0,
                1.0,
                -1.0
              ],
              "size": [
                3.0,
                5.0,
                2.0
              ],
              "rotation": [
                0.0,
                0.0,
                0.0
              ],
              "uv": [
                73,
                10
              ],
              "inflate": 0
            },
            {
              "origin": [
                2.0,
                6.0,
                -1.0
              ],
              "size": [
                1.0,
                12.0,
                2.0
              ],
              "rotation": [
                0.0,
                0.0,
                0.0
              ],
              "uv": [
                0,
                70
              ],
              "inflate": 0
            },
            {
              "origin": [
                -4.0,
                6.0,
                -1.0
              ],
              "size": [
                1.0,
                12.0,
                2.0
              ],
              "rotation": [
                0.0,
                0.0,
                0.0
              ],
              "uv": [
                66,
                33
              ],
              "inflate": 0
            },
            {
              "origin": [
                -7.0,
                19.0,
                -1.0
              ],
              "size": [
                2.0,
                7.0,
                2.0
              ],
              "pivot": [
                -3.0,
                15.0,
                0.0
              ],
              "rotation": [
                0.0,
                0.0,
                25.0
              ],
              "uv": [
                62,
                73
              ],
              "inflate": 0
            },
            {
              "origin": [
                4.0,
                21.0,
                -1.0
              ],
              "size": [
                2.0,
                7.0,
                2.0
              ],
              "pivot": [
                8.0,
                16.0,
                0.0
              ],
              "rotation": [
                0.0,
                0.0,
                -27.5
              ],
              "uv": [
                72,
                33
              ],
              "inflate": 0
            },
            {
              "origin": [
                5.0,
                34.0,
                -1.0
              ],
              "size": [
                3.0,
                4.0,
                2.0
              ],
              "pivot": [
                9.0,
                26.0,
                0.0
              ],
              "rotation": [
                0.0,
                0.0,
                -90.0
              ],
              "uv": [
                74,
                62
              ],
              "inflate": 0
            },
            {
              "origin": [
                4.0,
                6.0,
                -1.0
              ],
              "size": [
                1.0,
                12.0,
                2.0
              ],
              "rotation": [
                0.0,
                0.0,
                0.0
              ],
              "uv": [
                22,
                67
              ],
              "inflate": 0
            },
            {
              "origin": [
                -6.0,
                6.0,
                -1.0
              ],
              "size": [
                1.0,
                12.0,
                2.0
              ],
              "rotation": [
                0.0,
                0.0,
                0.0
              ],
              "uv": [
                56,
                65
              ],
              "inflate": 0
            },
            {
              "origin": [
                -11.0,
                18.0,
                -1.0
              ],
              "size": [
                1.0,
                12.0,
                3.0
              ],
              "rotation": [
                0.0,
                0.0,
                0.0
              ],
              "uv": [
                62,
                0
              ],
              "inflate": 0
            },
            {
              "origin": [
                -13.0,
                2.0,
                1.0
              ],
              "size": [
                1.0,
                11.0,
                1.0
              ],
              "pivot": [
                -10.0,
                -3.0,
                0.0
              ],
              "rotation": [
                0.0,
                0.0,
                7.5
              ],
              "uv": [
                39,
                74
              ],
              "inflate": 0
            },
            {
              "origin": [
                5.0,
                2.0,
                -1.0
              ],
              "size": [
                1.0,
                11.0,
                1.0
              ],
              "pivot": [
                8.0,
                -3.0,
                -2.0
              ],
              "rotation": [
                0.0,
                0.0,
                7.5
              ],
              "uv": [
                28,
                67
              ],
              "inflate": 0
            },
            {
              "origin": [
                -11.0,
                2.0,
                -1.0
              ],
              "size": [
                1.0,
                8.0,
                1.0
              ],
              "rotation": [
                0.0,
                0.0,
                0.0
              ],
              "uv": [
                51,
                77
              ],
              "inflate": 0
            },
            {
              "origin": [
                6.0,
                2.0,
                -3.0
              ],
              "size": [
                1.0,
                8.0,
                1.0
              ],
              "rotation": [
                0.0,
                0.0,
                0.0
              ],
              "uv": [
                70,
                75
              ],
              "inflate": 0
            },
            {
              "origin": [
                -8.0,
                2.0,
                -1.0
              ],
              "size": [
                1.0,
                8.0,
                1.0
              ],
              "pivot": [
                -5.0,
                -3.0,
                0.0
              ],
              "rotation": [
                0.0,
                0.0,
                -10.0
              ],
              "uv": [
                47,
                77
              ],
              "inflate": 0
            },
            {
              "origin": [
                9.0,
                2.0,
                -3.0
              ],
              "size": [
                1.0,
                8.0,
                1.0
              ],
              "pivot": [
                12.0,
                -3.0,
                -2.0
              ],
              "rotation": [
                0.0,
                0.0,
                -10.0
              ],
              "uv": [
                32,
                75
              ],
              "inflate": 0
            },
            {
              "origin": [
                -5.0,
                3.0,
                0.0
              ],
              "size": [
                1.0,
                8.0,
                1.0
              ],
              "pivot": [
                -2.0,
                -3.0,
                1.0
              ],
              "rotation": [
                0.0,
                0.0,
                -17.5
              ],
              "uv": [
                74,
                75
              ],
              "inflate": 0
            },
            {
              "origin": [
                12.0,
                3.0,
                -2.0
              ],
              "size": [
                1.0,
                8.0,
                1.0
              ],
              "pivot": [
                15.0,
                -3.0,
                -1.0
              ],
              "rotation": [
                0.0,
                0.0,
                -17.5
              ],
              "uv": [
                43,
                74
              ],
              "inflate": 0
            },
            {
              "origin": [
                -8.0,
                3.0,
                5.0
              ],
              "size": [
                1.0,
                11.0,
                1.0
              ],
              "pivot": [
                -5.0,
                -3.0,
                6.0
              ],
              "rotation": [
                15.0,
                0.0,
                -10.0
              ],
              "uv": [
                16,
                74
              ],
              "inflate": 0
            },
            {
              "origin": [
                9.0,
                3.0,
                2.0
              ],
              "size": [
                1.0,
                11.0,
                1.0
              ],
              "pivot": [
                12.0,
                -3.0,
                3.0
              ],
              "rotation": [
                15.0,
                0.0,
                -10.0
              ],
              "uv": [
                12,
                41
              ],
              "inflate": 0
            },
            {
              "origin": [
                -9.0,
                18.0,
                -1.0
              ],
              "size": [
                1.0,
                12.0,
                3.0
              ],
              "rotation": [
                0.0,
                0.0,
                0.0
              ],
              "uv": [
                48,
                62
              ],
              "inflate": 0
            },
            {
              "origin": [
                8.0,
                17.0,
                -3.0
              ],
              "size": [
                1.0,
                12.0,
                3.0
              ],
              "rotation": [
                0.0,
                0.0,
                0.0
              ],
              "uv": [
                32,
                60
              ],
              "inflate": 0
            },
            {
              "origin": [
                6.0,
                17.0,
                -3.0
              ],
              "size": [
                1.0,
                12.0,
                3.0
              ],
              "rotation": [
                0.0,
                0.0,
                0.0
              ],
              "uv": [
                40,
                59
              ],
              "inflate": 0
            }
          ],
          "rotation": [
            0,
            0,
            0
          ],
          "bind_pose_rotation": [
            0,
            0,
            0
          ]
        }
      ]
    }
  ]
}