{
  "format_version": "1.12.0",
  "minecraft:geometry": [
    {
      "description": {
        "identifier": "geometry.pa_nugget",
        "texture_width": 32,
        "texture_height": 32,
        "visible_bounds_width": 2,
        "visible_bounds_height": 1.5,
        "visible_bounds_offset": [
          0,
          0.25,
          0
        ]
      },
      "bones": [
        {
          "name": "unknown_bone",
          "pivot": [
            0,
            0,
            0
          ],
          "cubes": [
            {
              "origin": [
                -2.0,
                2.0,
                -1.0
              ],
              "size": [
                3.0,
                2.0,
                4.0
              ],
              "rotation": [
                0.0,
                0.0,
                0.0
              ],
              "uv": [
                0,
                0
              ],
              "inflate": 0
            },
            {
              "origin": [
                -2.0,
                3.0,
                -2.0
              ],
              "size": [
                3.0,
                5.0,
                2.0
              ],
              "rotation": [
                0.0,
                0.0,
                0.0
              ],
              "uv": [
                0,
                6
              ],
              "inflate": 0
            },
            {
              "origin": [
                -2.0,
                6.0,
                -3.0
              ],
              "size": [
                2.0,
                2.0,
                1.0
              ],
              "rotation": [
                0.0,
                0.0,
                0.0
              ],
              "uv": [
                10,
                6
              ],
              "inflate": 0
            },
            {
              "origin": [
                -1.0,
                3.0,
                -3.0
              ],
              "size": [
                2.0,
                2.0,
                1.0
              ],
              "rotation": [
                0.0,
                0.0,
                0.0
              ],
              "uv": [
                10,
                0
              ],
              "inflate": 0
            },
            {
              "origin": [
                -2.0,
                2.0,
                2.0
              ],
              "size": [
                3.0,
                3.0,
                1.0
              ],
              "pivot": [
                0.0,
                0.0,
                -1.0
              ],
              "rotation": [
                32.5,
                0.0,
                0.0
              ],
              "uv": [
                10,
                10
              ],
              "inflate": 0
            },
            {
              "origin": [
                -1.0,
                3.0,
                0.0
              ],
              "size": [
                1.0,
                1.0,
                1.0
              ],
              "rotation": [
                0.0,
                0.0,
                0.0
              ],
              "uv": [
                16,
                0
              ],
              "inflate": 0
            },
            {
              "origin": [
                -1.0,
                2.0,
                0.0
              ],
              "size": [
                1.0,
                1.0,
                1.0
              ],
              "rotation": [
                0.0,
                0.0,
                0.0
              ],
              "uv": [
                12,
                16
              ],
              "inflate": 0
            },
            {
              "origin": [
                -1.0,
                3.0,
                0.0
              ],
              "size": [
                1.0,
                1.0,
                1.0
              ],
              "rotation": [
                0.0,
                0.0,
                0.0
              ],
              "uv": [
                15,
                8
              ],
              "inflate": 0
            },
            {
              "origin": [
                -1.0,
                3.0,
                0.0
              ],
              "size": [
                1.0,
                1.0,
                1.0
              ],
              "rotation": [
                0.0,
                0.0,
                0.0
              ],
              "uv": [
                15,
                5
              ],
              "inflate": 0
            },
            {
              "origin": [
                -1.0,
                2.0,
                0.0
              ],
              "size": [
                1.0,
                1.0,
                1.0
              ],
              "rotation": [
                0.0,
                0.0,
                0.0
              ],
              "uv": [
                15,
                15
              ],
              "inflate": 0
            },
            {
              "origin": [
                -1.0,
                2.0,
                0.0
              ],
              "size": [
                1.0,
                1.0,
                1.0
              ],
              "rotation": [
                0.0,
                0.0,
                0.0
              ],
              "uv": [
                14,
                3
              ],
              "inflate": 0
            },
            {
              "origin": [
                -1.0,
                3.0,
                0.0
              ],
              "size": [
                1.0,
                1.0,
                1.0
              ],
              "rotation": [
                0.0,
                0.0,
                0.0
              ],
              "uv": [
                12,
                14
              ],
              "inflate": 0
            },
            {
              "origin": [
                -2.0,
                0.0,
                -2.0
              ],
              "size": [
                1.0,
                3.0,
                1.0
              ],
              "pivot": [
                -1.0,
                0.0,
                -2.0
              ],
              "rotation": [
                -15.0,
                0.0,
                0.0
              ],
              "uv": [
                8,
                14
              ],
              "inflate": 0
            },
            {
              "origin": [
                0.0,
                0.0,
                -2.0
              ],
              "size": [
                1.0,
                3.0,
                1.0
              ],
              "pivot": [
                1.0,
                0.0,
                -2.0
              ],
              "rotation": [
                -15.0,
                0.0,
                0.0
              ],
              "uv": [
                4,
                13
              ],
              "inflate": 0
            },
            {
              "origin": [
                0.0,
                0.0,
                2.0
              ],
              "size": [
                1.0,
                3.0,
                1.0
              ],
              "pivot": [
                1.0,
                0.0,
                2.0
              ],
              "rotation": [
                10.0,
                0.0,
                0.0
              ],
              "uv": [
                0,
                13
              ],
              "inflate": 0
            },
            {
              "origin": [
                -2.0,
                0.0,
                2.0
              ],
              "size": [
                1.0,
                3.0,
                1.0
              ],
              "pivot": [
                -1.0,
                0.0,
                2.0
              ],
              "rotation": [
                10.0,
                0.0,
                0.0
              ],
              "uv": [
                0,
                0
              ],
              "inflate": 0
            }
          ],
          "rotation": [
            0,
            0,
            0
          ],
          "bind_pose_rotation": [
            0,
            0,
            0
          ]
        }
      ]
    }
  ]
}