{
  "format_version": "1.12.0",
  "minecraft:geometry": [
    {
      "description": {
        "identifier": "geometry.pa_nurpo",
        "texture_width": 64,
        "texture_height": 64,
        "visible_bounds_width": 3,
        "visible_bounds_height": 2.5,
        "visible_bounds_offset": [
          0,
          0.75,
          0
        ]
      },
      "bones": [
        {
          "name": "unknown_bone",
          "pivot": [
            0,
            0,
            0
          ],
          "cubes": [
            {
              "origin": [
                -2.0,
                3.0,
                -1.0
              ],
              "size": [
                1.0,
                1.0,
                2.0
              ],
              "rotation": [
                0.0,
                0.0,
                0.0
              ],
              "uv": [
                36,
                20
              ],
              "inflate": 0
            },
            {
              "origin": [
                -3.0,
                4.0,
                -1.0
              ],
              "size": [
                2.0,
                5.0,
                2.0
              ],
              "rotation": [
                0.0,
                0.0,
                0.0
              ],
              "uv": [
                28,
                28
              ],
              "inflate": 0
            },
            {
              "origin": [
                -1.0,
                7.0,
                -1.0
              ],
              "size": [
                1.0,
                2.0,
                2.0
              ],
              "rotation": [
                0.0,
                0.0,
                0.0
              ],
              "uv": [
                16,
                33
              ],
              "inflate": 0
            },
            {
              "origin": [
                0.0,
                8.0,
                -1.0
              ],
              "size": [
                1.0,
                1.0,
                2.0
              ],
              "rotation": [
                0.0,
                0.0,
                0.0
              ],
              "uv": [
                30,
                36
              ],
              "inflate": 0
            },
            {
              "origin": [
                1.0,
                7.0,
                -1.0
              ],
              "size": [
                1.0,
                2.0,
                2.0
              ],
              "rotation": [
                0.0,
                0.0,
                0.0
              ],
              "uv": [
                20,
                14
              ],
              "inflate": 0
            },
            {
              "origin": [
                2.0,
                4.0,
                -1.0
              ],
              "size": [
                2.0,
                5.0,
                2.0
              ],
              "rotation": [
                0.0,
                0.0,
                0.0
              ],
              "uv": [
                26,
                12
              ],
              "inflate": 0
            },
            {
              "origin": [
                2.0,
                3.0,
                -1.0
              ],
              "size": [
                1.0,
                1.0,
                2.0
              ],
              "rotation": [
                0.0,
                0.0,
                0.0
              ],
              "uv": [
                20,
                36
              ],
              "inflate": 0
            },
            {
              "origin": [
                3.0,
                0.0,
                -1.0
              ],
              "size": [
                2.0,
                4.0,
                2.0
              ],
              "rotation": [
                0.0,
                0.0,
                0.0
              ],
              "uv": [
                0,
                32
              ],
              "inflate": 0
            },
            {
              "origin": [
                -2.0,
                9.0,
                -1.0
              ],
              "size": [
                5.0,
                7.0,
                2.0
              ],
              "rotation": [
                0.0,
                0.0,
                0.0
              ],
              "uv": [
                0,
                15
              ],
              "inflate": 0
            },
            {
              "origin": [
                -4.0,
                14.0,
                -1.0
              ],
              "size": [
                2.0,
                2.0,
                2.0
              ],
              "rotation": [
                0.0,
                0.0,
                0.0
              ],
              "uv": [
                32,
                4
              ],
              "inflate": 0
            },
            {
              "origin": [
                -5.0,
                14.0,
                -1.0
              ],
              "size": [
                1.0,
                1.0,
                2.0
              ],
              "rotation": [
                0.0,
                0.0,
                0.0
              ],
              "uv": [
                12,
                36
              ],
              "inflate": 0
            },
            {
              "origin": [
                -4.0,
                0.0,
                -1.0
              ],
              "size": [
                2.0,
                4.0,
                2.0
              ],
              "rotation": [
                0.0,
                0.0,
                0.0
              ],
              "uv": [
                8,
                30
              ],
              "inflate": 0
            },
            {
              "origin": [
                -4.0,
                13.0,
                -1.0
              ],
              "size": [
                2.0,
                1.0,
                2.0
              ],
              "rotation": [
                0.0,
                0.0,
                0.0
              ],
              "uv": [
                32,
                11
              ],
              "inflate": 0
            },
            {
              "origin": [
                -9.0,
                10.0,
                -1.0
              ],
              "size": [
                3.0,
                2.0,
                2.0
              ],
              "rotation": [
                0.0,
                0.0,
                0.0
              ],
              "uv": [
                18,
                29
              ],
              "inflate": 0
            },
            {
              "origin": [
                -6.0,
                11.0,
                -1.0
              ],
              "size": [
                1.0,
                1.0,
                2.0
              ],
              "rotation": [
                0.0,
                0.0,
                0.0
              ],
              "uv": [
                6,
                36
              ],
              "inflate": 0
            },
            {
              "origin": [
                -8.0,
                12.0,
                -1.0
              ],
              "size": [
                1.0,
                1.0,
                2.0
              ],
              "rotation": [
                0.0,
                0.0,
                0.0
              ],
              "uv": [
                26,
                35
              ],
              "inflate": 0
            },
            {
              "origin": [
                -9.0,
                8.0,
                -1.0
              ],
              "size": [
                2.0,
                2.0,
                2.0
              ],
              "rotation": [
                0.0,
                0.0,
                0.0
              ],
              "uv": [
                30,
                23
              ],
              "inflate": 0
            },
            {
              "origin": [
                -3.0,
                12.0,
                -1.0
              ],
              "size": [
                1.0,
                1.0,
                2.0
              ],
              "rotation": [
                0.0,
                0.0,
                0.0
              ],
              "uv": [
                34,
                27
              ],
              "inflate": 0
            },
            {
              "origin": [
                -7.0,
                12.0,
                -1.0
              ],
              "size": [
                3.0,
                2.0,
                2.0
              ],
              "rotation": [
                0.0,
                0.0,
                0.0
              ],
              "uv": [
                28,
                0
              ],
              "inflate": 0
            },
            {
              "origin": [
                3.0,
                14.0,
                -1.0
              ],
              "size": [
                2.0,
                2.0,
                2.0
              ],
              "rotation": [
                0.0,
                0.0,
                0.0
              ],
              "uv": [
                6,
                24
              ],
              "inflate": 0
            },
            {
              "origin": [
                5.0,
                14.0,
                -1.0
              ],
              "size": [
                1.0,
                1.0,
                2.0
              ],
              "rotation": [
                0.0,
                0.0,
                0.0
              ],
              "uv": [
                34,
                17
              ],
              "inflate": 0
            },
            {
              "origin": [
                3.0,
                13.0,
                -1.0
              ],
              "size": [
                2.0,
                1.0,
                2.0
              ],
              "rotation": [
                0.0,
                0.0,
                0.0
              ],
              "uv": [
                32,
                8
              ],
              "inflate": 0
            },
            {
              "origin": [
                3.0,
                12.0,
                -1.0
              ],
              "size": [
                1.0,
                1.0,
                2.0
              ],
              "rotation": [
                0.0,
                0.0,
                0.0
              ],
              "uv": [
                34,
                14
              ],
              "inflate": 0
            },
            {
              "origin": [
                5.0,
                12.0,
                -1.0
              ],
              "size": [
                3.0,
                2.0,
                2.0
              ],
              "rotation": [
                0.0,
                0.0,
                0.0
              ],
              "uv": [
                26,
                19
              ],
              "inflate": 0
            },
            {
              "origin": [
                6.0,
                11.0,
                -1.0
              ],
              "size": [
                1.0,
                1.0,
                2.0
              ],
              "rotation": [
                0.0,
                0.0,
                0.0
              ],
              "uv": [
                34,
                34
              ],
              "inflate": 0
            },
            {
              "origin": [
                8.0,
                12.0,
                -1.0
              ],
              "size": [
                1.0,
                1.0,
                2.0
              ],
              "rotation": [
                0.0,
                0.0,
                0.0
              ],
              "uv": [
                22,
                33
              ],
              "inflate": 0
            },
            {
              "origin": [
                8.0,
                8.0,
                -1.0
              ],
              "size": [
                2.0,
                2.0,
                2.0
              ],
              "rotation": [
                0.0,
                0.0,
                0.0
              ],
              "uv": [
                18,
                0
              ],
              "inflate": 0
            },
            {
              "origin": [
                -3.0,
                16.0,
                -2.0
              ],
              "size": [
                7.0,
                6.0,
                4.0
              ],
              "rotation": [
                0.0,
                0.0,
                0.0
              ],
              "uv": [
                0,
                0
              ],
              "inflate": 0
            },
            {
              "origin": [
                -3.0,
                22.0,
                -2.0
              ],
              "size": [
                7.0,
                1.0,
                4.0
              ],
              "rotation": [
                0.0,
                0.0,
                0.0
              ],
              "uv": [
                0,
                10
              ],
              "inflate": 0
            },
            {
              "origin": [
                -4.0,
                17.0,
                -2.0
              ],
              "size": [
                1.0,
                5.0,
                4.0
              ],
              "rotation": [
                0.0,
                0.0,
                0.0
              ],
              "uv": [
                20,
                20
              ],
              "inflate": 0
            },
            {
              "origin": [
                4.0,
                17.0,
                -2.0
              ],
              "size": [
                1.0,
                5.0,
                4.0
              ],
              "rotation": [
                0.0,
                0.0,
                0.0
              ],
              "uv": [
                14,
                15
              ],
              "inflate": 0
            },
            {
              "origin": [
                -5.0,
                18.0,
                -2.0
              ],
              "size": [
                1.0,
                4.0,
                4.0
              ],
              "rotation": [
                0.0,
                0.0,
                0.0
              ],
              "uv": [
                0,
                24
              ],
              "inflate": 0
            },
            {
              "origin": [
                5.0,
                18.0,
                -2.0
              ],
              "size": [
                1.0,
                4.0,
                4.0
              ],
              "rotation": [
                0.0,
                0.0,
                0.0
              ],
              "uv": [
                18,
                6
              ],
              "inflate": 0
            },
            {
              "origin": [
                7.0,
                10.0,
                -1.0
              ],
              "size": [
                3.0,
                2.0,
                2.0
              ],
              "rotation": [
                0.0,
                0.0,
                0.0
              ],
              "uv": [
                24,
                6
              ],
              "inflate": 0
            },
            {
              "origin": [
                -6.0,
                20.0,
                -2.0
              ],
              "size": [
                1.0,
                2.0,
                4.0
              ],
              "rotation": [
                0.0,
                0.0,
                0.0
              ],
              "uv": [
                10,
                24
              ],
              "inflate": 0
            },
            {
              "origin": [
                6.0,
                20.0,
                -2.0
              ],
              "size": [
                1.0,
                2.0,
                4.0
              ],
              "rotation": [
                0.0,
                0.0,
                0.0
              ],
              "uv": [
                22,
                0
              ],
              "inflate": 0
            },
            {
              "origin": [
                -1.0,
                17.0,
                -3.0
              ],
              "size": [
                3.0,
                2.0,
                1.0
              ],
              "rotation": [
                0.0,
                0.0,
                0.0
              ],
              "uv": [
                0,
                0
              ],
              "inflate": 0
            }
          ],
          "rotation": [
            0,
            0,
            0
          ],
          "bind_pose_rotation": [
            0,
            0,
            0
          ]
        },
        {
          "name": "bone",
          "pivot": [
            -3,
            13,
            0
          ],
          "rotation": [
            0,
            0,
            0
          ],
          "bind_pose_rotation": [
            0,
            0,
            0
          ]
        }
      ]
    }
  ]
}