{
  "format_version": "1.12.0",
  "minecraft:geometry": [
    {
      "description": {
        "identifier": "geometry.pa_peepingtom",
        "texture_width": 64,
        "texture_height": 64,
        "visible_bounds_width": 2,
        "visible_bounds_height": 3.5,
        "visible_bounds_offset": [
          0,
          1.25,
          0
        ]
      },
      "bones": [
        {
          "name": "unknown_bone",
          "pivot": [
            0,
            0,
            0
          ],
          "cubes": [
            {
              "origin": [
                1.0,
                0.0,
                -3.0
              ],
              "size": [
                2.0,
                1.0,
                4.0
              ],
              "rotation": [
                0.0,
                0.0,
                0.0
              ],
              "uv": [
                26,
                26
              ],
              "inflate": 0
            },
            {
              "origin": [
                -4.0,
                1.0,
                -1.0
              ],
              "size": [
                2.0,
                8.0,
                2.0
              ],
              "rotation": [
                0.0,
                0.0,
                0.0
              ],
              "uv": [
                8,
                19
              ],
              "inflate": 0
            },
            {
              "origin": [
                1.0,
                1.0,
                -1.0
              ],
              "size": [
                2.0,
                8.0,
                2.0
              ],
              "rotation": [
                0.0,
                0.0,
                0.0
              ],
              "uv": [
                0,
                19
              ],
              "inflate": 0
            },
            {
              "origin": [
                -2.0,
                7.0,
                -1.0
              ],
              "size": [
                1.0,
                2.0,
                2.0
              ],
              "rotation": [
                0.0,
                0.0,
                0.0
              ],
              "uv": [
                34,
                34
              ],
              "inflate": 0
            },
            {
              "origin": [
                0.0,
                7.0,
                -1.0
              ],
              "size": [
                1.0,
                2.0,
                2.0
              ],
              "rotation": [
                0.0,
                0.0,
                0.0
              ],
              "uv": [
                32,
                6
              ],
              "inflate": 0
            },
            {
              "origin": [
                -1.0,
                8.0,
                -1.0
              ],
              "size": [
                1.0,
                1.0,
                2.0
              ],
              "rotation": [
                0.0,
                0.0,
                0.0
              ],
              "uv": [
                34,
                26
              ],
              "inflate": 0
            },
            {
              "origin": [
                -3.0,
                9.0,
                -1.0
              ],
              "size": [
                5.0,
                8.0,
                2.0
              ],
              "rotation": [
                0.0,
                0.0,
                0.0
              ],
              "uv": [
                18,
                0
              ],
              "inflate": 0
            },
            {
              "origin": [
                -4.0,
                13.0,
                -1.0
              ],
              "size": [
                1.0,
                4.0,
                2.0
              ],
              "rotation": [
                0.0,
                0.0,
                0.0
              ],
              "uv": [
                14,
                34
              ],
              "inflate": 0
            },
            {
              "origin": [
                2.0,
                13.0,
                -1.0
              ],
              "size": [
                1.0,
                4.0,
                2.0
              ],
              "rotation": [
                0.0,
                0.0,
                0.0
              ],
              "uv": [
                32,
                0
              ],
              "inflate": 0
            },
            {
              "origin": [
                -6.0,
                10.0,
                -1.0
              ],
              "size": [
                2.0,
                5.0,
                2.0
              ],
              "rotation": [
                0.0,
                0.0,
                0.0
              ],
              "uv": [
                8,
                29
              ],
              "inflate": 0
            },
            {
              "origin": [
                -5.0,
                15.0,
                -1.0
              ],
              "size": [
                1.0,
                1.0,
                2.0
              ],
              "rotation": [
                0.0,
                0.0,
                0.0
              ],
              "uv": [
                34,
                15
              ],
              "inflate": 0
            },
            {
              "origin": [
                -7.0,
                10.0,
                -1.0
              ],
              "size": [
                1.0,
                1.0,
                2.0
              ],
              "rotation": [
                0.0,
                0.0,
                0.0
              ],
              "uv": [
                34,
                10
              ],
              "inflate": 0
            },
            {
              "origin": [
                -7.0,
                6.0,
                -1.0
              ],
              "size": [
                2.0,
                4.0,
                2.0
              ],
              "rotation": [
                0.0,
                0.0,
                0.0
              ],
              "uv": [
                26,
                31
              ],
              "inflate": 0
            },
            {
              "origin": [
                -4.0,
                0.0,
                -3.0
              ],
              "size": [
                2.0,
                1.0,
                4.0
              ],
              "rotation": [
                0.0,
                0.0,
                0.0
              ],
              "uv": [
                20,
                13
              ],
              "inflate": 0
            },
            {
              "origin": [
                3.0,
                10.0,
                -1.0
              ],
              "size": [
                2.0,
                5.0,
                2.0
              ],
              "rotation": [
                0.0,
                0.0,
                0.0
              ],
              "uv": [
                0,
                29
              ],
              "inflate": 0
            },
            {
              "origin": [
                5.0,
                10.0,
                -1.0
              ],
              "size": [
                1.0,
                1.0,
                2.0
              ],
              "rotation": [
                0.0,
                0.0,
                0.0
              ],
              "uv": [
                32,
                23
              ],
              "inflate": 0
            },
            {
              "origin": [
                4.0,
                6.0,
                -1.0
              ],
              "size": [
                2.0,
                4.0,
                2.0
              ],
              "rotation": [
                0.0,
                0.0,
                0.0
              ],
              "uv": [
                28,
                11
              ],
              "inflate": 0
            },
            {
              "origin": [
                -3.0,
                17.0,
                -1.0
              ],
              "size": [
                5.0,
                1.0,
                2.0
              ],
              "rotation": [
                0.0,
                0.0,
                0.0
              ],
              "uv": [
                16,
                10
              ],
              "inflate": 0
            },
            {
              "origin": [
                -1.0,
                18.0,
                -1.0
              ],
              "size": [
                2.0,
                15.0,
                2.0
              ],
              "rotation": [
                0.0,
                0.0,
                0.0
              ],
              "uv": [
                18,
                18
              ],
              "inflate": 0
            },
            {
              "origin": [
                -2.0,
                33.0,
                -3.0
              ],
              "size": [
                4.0,
                6.0,
                5.0
              ],
              "rotation": [
                0.0,
                0.0,
                0.0
              ],
              "uv": [
                0,
                0
              ],
              "inflate": 0
            },
            {
              "origin": [
                -3.0,
                34.0,
                -2.0
              ],
              "size": [
                6.0,
                4.0,
                4.0
              ],
              "rotation": [
                0.0,
                0.0,
                0.0
              ],
              "uv": [
                0,
                11
              ],
              "inflate": 0
            },
            {
              "origin": [
                -2.0,
                34.0,
                2.0
              ],
              "size": [
                4.0,
                4.0,
                1.0
              ],
              "rotation": [
                0.0,
                0.0,
                0.0
              ],
              "uv": [
                26,
                18
              ],
              "inflate": 0
            },
            {
              "origin": [
                -1.0,
                13.0,
                0.0
              ],
              "size": [
                1.0,
                1.0,
                1.0
              ],
              "rotation": [
                0.0,
                0.0,
                0.0
              ],
              "uv": [
                0,
                2
              ],
              "inflate": 0
            },
            {
              "origin": [
                -1.0,
                13.0,
                0.0
              ],
              "size": [
                1.0,
                1.0,
                1.0
              ],
              "rotation": [
                0.0,
                0.0,
                0.0
              ],
              "uv": [
                0,
                0
              ],
              "inflate": 0
            },
            {
              "origin": [
                3.0,
                15.0,
                -1.0
              ],
              "size": [
                1.0,
                1.0,
                2.0
              ],
              "rotation": [
                0.0,
                0.0,
                0.0
              ],
              "uv": [
                26,
                23
              ],
              "inflate": 0
            }
          ],
          "rotation": [
            0,
            0,
            0
          ],
          "bind_pose_rotation": [
            0,
            0,
            0
          ]
        }
      ]
    }
  ]
}