{
  "format_version": "1.12.0",
  "minecraft:geometry": [
    {
      "description": {
        "identifier": "geometry.pa_pointysharesfungal",
        "texture_width": 64,
        "texture_height": 64,
        "visible_bounds_width": 4,
        "visible_bounds_height": 3.5,
        "visible_bounds_offset": [
          0,
          1.25,
          0
        ]
      },
      "bones": [
        {
          "name": "unknown_bone",
          "pivot": [
            0,
            0,
            0
          ],
          "cubes": [
            {
              "origin": [
                2.0,
                0.0,
                0.0
              ],
              "size": [
                2.0,
                23.0,
                2.0
              ],
              "rotation": [
                0.0,
                0.0,
                0.0
              ],
              "uv": [
                20,
                29
              ],
              "inflate": 0
            },
            {
              "origin": [
                -5.0,
                0.0,
                3.0
              ],
              "size": [
                2.0,
                8.0,
                2.0
              ],
              "pivot": [
                -4.0,
                0.0,
                3.0
              ],
              "rotation": [
                0.0,
                0.0,
                -7.5
              ],
              "uv": [
                0,
                44
              ],
              "inflate": 0
            },
            {
              "origin": [
                -6.0,
                7.0,
                3.0
              ],
              "size": [
                2.0,
                8.0,
                2.0
              ],
              "pivot": [
                -5.0,
                8.0,
                3.0
              ],
              "rotation": [
                0.0,
                0.0,
                -10.0
              ],
              "uv": [
                42,
                19
              ],
              "inflate": 0
            },
            {
              "origin": [
                4.0,
                0.0,
                -3.0
              ],
              "size": [
                1.0,
                4.0,
                1.0
              ],
              "pivot": [
                5.0,
                0.0,
                -3.0
              ],
              "rotation": [
                0.0,
                0.0,
                15.0
              ],
              "uv": [
                25,
                22
              ],
              "inflate": 0
            },
            {
              "origin": [
                4.0,
                11.0,
                1.0
              ],
              "size": [
                1.0,
                3.0,
                1.0
              ],
              "pivot": [
                5.0,
                11.0,
                1.0
              ],
              "rotation": [
                0.0,
                0.0,
                42.5
              ],
              "uv": [
                50,
                21
              ],
              "inflate": 0
            },
            {
              "origin": [
                3.0,
                16.0,
                0.0
              ],
              "size": [
                1.0,
                3.0,
                1.0
              ],
              "pivot": [
                4.0,
                16.0,
                0.0
              ],
              "rotation": [
                0.0,
                0.0,
                42.5
              ],
              "uv": [
                49,
                28
              ],
              "inflate": 0
            },
            {
              "origin": [
                -2.0,
                15.0,
                1.0
              ],
              "size": [
                1.0,
                3.0,
                1.0
              ],
              "pivot": [
                -1.0,
                15.0,
                1.0
              ],
              "rotation": [
                0.0,
                0.0,
                122.5
              ],
              "uv": [
                16,
                47
              ],
              "inflate": 0
            },
            {
              "origin": [
                -2.0,
                8.0,
                0.0
              ],
              "size": [
                1.0,
                5.0,
                1.0
              ],
              "pivot": [
                -1.0,
                9.0,
                0.0
              ],
              "rotation": [
                0.0,
                0.0,
                122.5
              ],
              "uv": [
                28,
                30
              ],
              "inflate": 0
            },
            {
              "origin": [
                -9.0,
                8.0,
                4.0
              ],
              "size": [
                1.0,
                5.0,
                1.0
              ],
              "pivot": [
                -8.0,
                9.0,
                4.0
              ],
              "rotation": [
                0.0,
                0.0,
                142.5
              ],
              "uv": [
                0,
                0
              ],
              "inflate": 0
            },
            {
              "origin": [
                -4.0,
                14.0,
                0.0
              ],
              "size": [
                1.0,
                3.0,
                1.0
              ],
              "pivot": [
                -3.0,
                13.0,
                0.0
              ],
              "rotation": [
                0.0,
                0.0,
                162.5
              ],
              "uv": [
                0,
                29
              ],
              "inflate": 0
            },
            {
              "origin": [
                -5.0,
                5.0,
                0.0
              ],
              "size": [
                1.0,
                3.0,
                1.0
              ],
              "pivot": [
                -4.0,
                4.0,
                0.0
              ],
              "rotation": [
                0.0,
                0.0,
                165.0
              ],
              "uv": [
                28,
                40
              ],
              "inflate": 0
            },
            {
              "origin": [
                -5.0,
                8.0,
                0.0
              ],
              "size": [
                1.0,
                3.0,
                1.0
              ],
              "pivot": [
                -4.0,
                7.0,
                0.0
              ],
              "rotation": [
                0.0,
                0.0,
                177.5
              ],
              "uv": [
                16,
                29
              ],
              "inflate": 0
            },
            {
              "origin": [
                -2.0,
                18.0,
                1.0
              ],
              "size": [
                1.0,
                3.0,
                1.0
              ],
              "pivot": [
                -1.0,
                18.0,
                1.0
              ],
              "rotation": [
                0.0,
                0.0,
                175.0
              ],
              "uv": [
                36,
                40
              ],
              "inflate": 0
            },
            {
              "origin": [
                5.0,
                18.0,
                0.0
              ],
              "size": [
                1.0,
                2.0,
                1.0
              ],
              "pivot": [
                6.0,
                18.0,
                0.0
              ],
              "rotation": [
                0.0,
                0.0,
                17.5
              ],
              "uv": [
                49,
                15
              ],
              "inflate": 0
            },
            {
              "origin": [
                5.0,
                4.0,
                -3.0
              ],
              "size": [
                1.0,
                4.0,
                1.0
              ],
              "rotation": [
                0.0,
                0.0,
                0.0
              ],
              "uv": [
                0,
                22
              ],
              "inflate": 0
            },
            {
              "origin": [
                1.0,
                9.0,
                0.0
              ],
              "size": [
                4.0,
                7.0,
                2.0
              ],
              "rotation": [
                0.0,
                0.0,
                0.0
              ],
              "uv": [
                40,
                40
              ],
              "inflate": 0
            },
            {
              "origin": [
                2.0,
                9.0,
                -1.0
              ],
              "size": [
                2.0,
                7.0,
                4.0
              ],
              "rotation": [
                0.0,
                0.0,
                0.0
              ],
              "uv": [
                28,
                40
              ],
              "inflate": 0
            },
            {
              "origin": [
                4.0,
                7.0,
                -3.0
              ],
              "size": [
                3.0,
                2.0,
                1.0
              ],
              "rotation": [
                0.0,
                0.0,
                0.0
              ],
              "uv": [
                8,
                49
              ],
              "inflate": 0
            },
            {
              "origin": [
                -5.0,
                6.0,
                0.0
              ],
              "size": [
                3.0,
                2.0,
                1.0
              ],
              "rotation": [
                0.0,
                0.0,
                0.0
              ],
              "uv": [
                45,
                9
              ],
              "inflate": 0
            },
            {
              "origin": [
                -8.0,
                15.0,
                2.0
              ],
              "size": [
                3.0,
                6.0,
                4.0
              ],
              "rotation": [
                0.0,
                0.0,
                0.0
              ],
              "uv": [
                35,
                9
              ],
              "inflate": 0
            },
            {
              "origin": [
                -9.0,
                16.0,
                1.0
              ],
              "size": [
                5.0,
                4.0,
                6.0
              ],
              "rotation": [
                0.0,
                0.0,
                0.0
              ],
              "uv": [
                28,
                30
              ],
              "inflate": 0
            },
            {
              "origin": [
                -1.0,
                23.0,
                -3.0
              ],
              "size": [
                8.0,
                2.0,
                7.0
              ],
              "rotation": [
                0.0,
                0.0,
                0.0
              ],
              "uv": [
                0,
                13
              ],
              "inflate": 0
            },
            {
              "origin": [
                0.0,
                25.0,
                -1.0
              ],
              "size": [
                6.0,
                11.0,
                4.0
              ],
              "rotation": [
                0.0,
                0.0,
                0.0
              ],
              "uv": [
                0,
                29
              ],
              "inflate": 0
            },
            {
              "origin": [
                1.0,
                36.0,
                0.0
              ],
              "size": [
                4.0,
                1.0,
                2.0
              ],
              "rotation": [
                0.0,
                0.0,
                0.0
              ],
              "uv": [
                30,
                3
              ],
              "inflate": 0
            },
            {
              "origin": [
                -2.0,
                31.0,
                -3.0
              ],
              "size": [
                10.0,
                2.0,
                5.0
              ],
              "rotation": [
                0.0,
                0.0,
                0.0
              ],
              "uv": [
                0,
                22
              ],
              "inflate": 0
            },
            {
              "origin": [
                -3.0,
                25.0,
                -3.0
              ],
              "size": [
                2.0,
                6.0,
                1.0
              ],
              "rotation": [
                0.0,
                0.0,
                0.0
              ],
              "uv": [
                43,
                2
              ],
              "inflate": 0
            },
            {
              "origin": [
                7.0,
                25.0,
                -3.0
              ],
              "size": [
                2.0,
                6.0,
                1.0
              ],
              "rotation": [
                0.0,
                0.0,
                0.0
              ],
              "uv": [
                0,
                13
              ],
              "inflate": 0
            },
            {
              "origin": [
                6.0,
                30.0,
                -3.0
              ],
              "size": [
                1.0,
                1.0,
                1.0
              ],
              "rotation": [
                0.0,
                0.0,
                0.0
              ],
              "uv": [
                44,
                0
              ],
              "inflate": 0
            },
            {
              "origin": [
                6.0,
                25.0,
                -3.0
              ],
              "size": [
                1.0,
                1.0,
                1.0
              ],
              "rotation": [
                0.0,
                0.0,
                0.0
              ],
              "uv": [
                6,
                44
              ],
              "inflate": 0
            },
            {
              "origin": [
                -1.0,
                25.0,
                -3.0
              ],
              "size": [
                1.0,
                1.0,
                1.0
              ],
              "rotation": [
                0.0,
                0.0,
                0.0
              ],
              "uv": [
                38,
                19
              ],
              "inflate": 0
            },
            {
              "origin": [
                -1.0,
                30.0,
                -3.0
              ],
              "size": [
                1.0,
                1.0,
                1.0
              ],
              "rotation": [
                0.0,
                0.0,
                0.0
              ],
              "uv": [
                34,
                19
              ],
              "inflate": 0
            },
            {
              "origin": [
                -3.0,
                25.0,
                -2.0
              ],
              "size": [
                12.0,
                7.0,
                6.0
              ],
              "rotation": [
                0.0,
                0.0,
                0.0
              ],
              "uv": [
                0,
                0
              ],
              "inflate": 0
            },
            {
              "origin": [
                5.0,
                13.0,
                1.0
              ],
              "size": [
                3.0,
                2.0,
                1.0
              ],
              "rotation": [
                0.0,
                0.0,
                0.0
              ],
              "uv": [
                48,
                0
              ],
              "inflate": 0
            },
            {
              "origin": [
                -5.0,
                6.0,
                1.0
              ],
              "size": [
                3.0,
                2.0,
                1.0
              ],
              "rotation": [
                0.0,
                0.0,
                0.0
              ],
              "uv": [
                48,
                18
              ],
              "inflate": 0
            },
            {
              "origin": [
                -4.0,
                6.0,
                -1.0
              ],
              "size": [
                2.0,
                2.0,
                1.0
              ],
              "pivot": [
                -3.0,
                7.0,
                -3.0
              ],
              "rotation": [
                0.0,
                0.0,
                -40.0
              ],
              "uv": [
                49,
                6
              ],
              "inflate": 0
            },
            {
              "origin": [
                5.0,
                7.0,
                -4.0
              ],
              "size": [
                1.0,
                2.0,
                3.0
              ],
              "rotation": [
                0.0,
                0.0,
                0.0
              ],
              "uv": [
                8,
                44
              ],
              "inflate": 0
            },
            {
              "origin": [
                6.0,
                13.0,
                0.0
              ],
              "size": [
                1.0,
                2.0,
                3.0
              ],
              "rotation": [
                0.0,
                0.0,
                0.0
              ],
              "uv": [
                44,
                29
              ],
              "inflate": 0
            },
            {
              "origin": [
                0.0,
                25.0,
                -3.0
              ],
              "size": [
                2.0,
                2.0,
                1.0
              ],
              "pivot": [
                1.0,
                25.0,
                -3.0
              ],
              "rotation": [
                20.0,
                0.0,
                0.0
              ],
              "uv": [
                49,
                12
              ],
              "inflate": 0
            },
            {
              "origin": [
                2.0,
                25.0,
                -3.0
              ],
              "size": [
                2.0,
                2.0,
                1.0
              ],
              "pivot": [
                3.0,
                25.0,
                -3.0
              ],
              "rotation": [
                27.5,
                0.0,
                0.0
              ],
              "uv": [
                49,
                3
              ],
              "inflate": 0
            },
            {
              "origin": [
                4.0,
                25.0,
                -3.0
              ],
              "size": [
                2.0,
                2.0,
                1.0
              ],
              "pivot": [
                5.0,
                25.0,
                -3.0
              ],
              "rotation": [
                17.5,
                0.0,
                0.0
              ],
              "uv": [
                46,
                49
              ],
              "inflate": 0
            },
            {
              "origin": [
                4.0,
                31.0,
                -2.0
              ],
              "size": [
                2.0,
                2.0,
                1.0
              ],
              "pivot": [
                5.0,
                31.0,
                -2.0
              ],
              "rotation": [
                140.0,
                0.0,
                0.0
              ],
              "uv": [
                40,
                49
              ],
              "inflate": 0
            },
            {
              "origin": [
                2.0,
                31.0,
                -2.0
              ],
              "size": [
                2.0,
                2.0,
                1.0
              ],
              "pivot": [
                3.0,
                31.0,
                -2.0
              ],
              "rotation": [
                152.5,
                0.0,
                0.0
              ],
              "uv": [
                13,
                44
              ],
              "inflate": 0
            },
            {
              "origin": [
                0.0,
                31.0,
                -2.0
              ],
              "size": [
                2.0,
                2.0,
                1.0
              ],
              "pivot": [
                1.0,
                31.0,
                -2.0
              ],
              "rotation": [
                145.0,
                0.0,
                0.0
              ],
              "uv": [
                36,
                6
              ],
              "inflate": 0
            },
            {
              "origin": [
                -2.0,
                0.0,
                -4.0
              ],
              "size": [
                6.0,
                0.0,
                9.0
              ],
              "rotation": [
                0.0,
                0.0,
                0.0
              ],
              "uv": [
                21,
                21
              ],
              "inflate": 0
            },
            {
              "origin": [
                -3.0,
                0.0,
                5.0
              ],
              "size": [
                7.0,
                0.0,
                3.0
              ],
              "rotation": [
                0.0,
                0.0,
                0.0
              ],
              "uv": [
                27,
                0
              ],
              "inflate": 0
            },
            {
              "origin": [
                -5.0,
                0.0,
                -2.0
              ],
              "size": [
                3.0,
                0.0,
                7.0
              ],
              "rotation": [
                0.0,
                0.0,
                0.0
              ],
              "uv": [
                22,
                13
              ],
              "inflate": 0
            },
            {
              "origin": [
                4.0,
                0.0,
                -3.0
              ],
              "size": [
                3.0,
                0.0,
                7.0
              ],
              "rotation": [
                0.0,
                0.0,
                0.0
              ],
              "uv": [
                16,
                13
              ],
              "inflate": 0
            }
          ],
          "rotation": [
            0,
            0,
            0
          ],
          "bind_pose_rotation": [
            0,
            0,
            0
          ]
        },
        {
          "name": "Plant",
          "pivot": [
            0,
            0,
            0
          ],
          "rotation": [
            0,
            0,
            0
          ],
          "bind_pose_rotation": [
            0,
            0,
            0
          ]
        }
      ]
    }
  ]
}