{
  "format_version": "1.12.0",
  "minecraft:geometry": [
    {
      "description": {
        "identifier": "geometry.pa_ribbit",
        "texture_width": 128,
        "texture_height": 128,
        "visible_bounds_width": 5,
        "visible_bounds_height": 3.5,
        "visible_bounds_offset": [
          0,
          1.25,
          0
        ]
      },
      "bones": [
        {
          "name": "unknown_bone",
          "pivot": [
            0,
            0,
            0
          ],
          "cubes": [
            {
              "origin": [
                -6.0,
                0.0,
                -9.0
              ],
              "size": [
                3.0,
                2.0,
                2.0
              ],
              "rotation": [
                0.0,
                0.0,
                0.0
              ],
              "uv": [
                55,
                47
              ],
              "inflate": 0
            },
            {
              "origin": [
                -5.0,
                0.0,
                -10.0
              ],
              "size": [
                1.0,
                2.0,
                1.0
              ],
              "rotation": [
                0.0,
                0.0,
                0.0
              ],
              "uv": [
                44,
                14
              ],
              "inflate": 0
            },
            {
              "origin": [
                -3.0,
                0.0,
                -9.0
              ],
              "size": [
                3.0,
                2.0,
                1.0
              ],
              "rotation": [
                0.0,
                0.0,
                0.0
              ],
              "uv": [
                62,
                7
              ],
              "inflate": 0
            },
            {
              "origin": [
                -7.0,
                1.0,
                -7.0
              ],
              "size": [
                3.0,
                2.0,
                2.0
              ],
              "rotation": [
                0.0,
                0.0,
                0.0
              ],
              "uv": [
                55,
                43
              ],
              "inflate": 0
            },
            {
              "origin": [
                -6.0,
                2.0,
                -6.0
              ],
              "size": [
                3.0,
                2.0,
                2.0
              ],
              "rotation": [
                0.0,
                0.0,
                0.0
              ],
              "uv": [
                55,
                38
              ],
              "inflate": 0
            },
            {
              "origin": [
                -5.0,
                3.0,
                -5.0
              ],
              "size": [
                3.0,
                2.0,
                2.0
              ],
              "rotation": [
                0.0,
                0.0,
                0.0
              ],
              "uv": [
                55,
                25
              ],
              "inflate": 0
            },
            {
              "origin": [
                -4.0,
                4.0,
                -4.0
              ],
              "size": [
                3.0,
                2.0,
                2.0
              ],
              "rotation": [
                0.0,
                0.0,
                0.0
              ],
              "uv": [
                54,
                30
              ],
              "inflate": 0
            },
            {
              "origin": [
                -3.0,
                5.0,
                -3.0
              ],
              "size": [
                3.0,
                4.0,
                2.0
              ],
              "rotation": [
                0.0,
                0.0,
                0.0
              ],
              "uv": [
                36,
                51
              ],
              "inflate": 0
            },
            {
              "origin": [
                -2.0,
                7.0,
                -2.0
              ],
              "size": [
                3.0,
                6.0,
                2.0
              ],
              "rotation": [
                0.0,
                0.0,
                0.0
              ],
              "uv": [
                48,
                14
              ],
              "inflate": 0
            },
            {
              "origin": [
                -1.0,
                11.0,
                -1.0
              ],
              "size": [
                3.0,
                3.0,
                2.0
              ],
              "rotation": [
                0.0,
                0.0,
                0.0
              ],
              "uv": [
                54,
                8
              ],
              "inflate": 0
            },
            {
              "origin": [
                3.0,
                0.0,
                -15.0
              ],
              "size": [
                2.0,
                2.0,
                5.0
              ],
              "rotation": [
                0.0,
                0.0,
                0.0
              ],
              "uv": [
                34,
                27
              ],
              "inflate": 0
            },
            {
              "origin": [
                2.0,
                0.0,
                -12.0
              ],
              "size": [
                1.0,
                2.0,
                1.0
              ],
              "rotation": [
                0.0,
                0.0,
                0.0
              ],
              "uv": [
                0,
                44
              ],
              "inflate": 0
            },
            {
              "origin": [
                -2.0,
                0.0,
                -20.0
              ],
              "size": [
                1.0,
                2.0,
                5.0
              ],
              "rotation": [
                0.0,
                0.0,
                0.0
              ],
              "uv": [
                27,
                36
              ],
              "inflate": 0
            },
            {
              "origin": [
                3.0,
                0.0,
                -10.0
              ],
              "size": [
                1.0,
                2.0,
                1.0
              ],
              "rotation": [
                0.0,
                0.0,
                0.0
              ],
              "uv": [
                22,
                40
              ],
              "inflate": 0
            },
            {
              "origin": [
                -1.0,
                0.0,
                -17.0
              ],
              "size": [
                4.0,
                2.0,
                2.0
              ],
              "rotation": [
                0.0,
                0.0,
                0.0
              ],
              "uv": [
                45,
                41
              ],
              "inflate": 0
            },
            {
              "origin": [
                3.0,
                0.0,
                -16.0
              ],
              "size": [
                1.0,
                2.0,
                1.0
              ],
              "rotation": [
                0.0,
                0.0,
                0.0
              ],
              "uv": [
                38,
                20
              ],
              "inflate": 0
            },
            {
              "origin": [
                2.0,
                0.0,
                -15.0
              ],
              "size": [
                1.0,
                2.0,
                1.0
              ],
              "rotation": [
                0.0,
                0.0,
                0.0
              ],
              "uv": [
                26,
                4
              ],
              "inflate": 0
            },
            {
              "origin": [
                -3.0,
                0.0,
                -20.0
              ],
              "size": [
                1.0,
                2.0,
                4.0
              ],
              "rotation": [
                0.0,
                0.0,
                0.0
              ],
              "uv": [
                50,
                2
              ],
              "inflate": 0
            },
            {
              "origin": [
                -1.0,
                0.0,
                -18.0
              ],
              "size": [
                1.0,
                2.0,
                1.0
              ],
              "rotation": [
                0.0,
                0.0,
                0.0
              ],
              "uv": [
                18,
                22
              ],
              "inflate": 0
            },
            {
              "origin": [
                -1.0,
                14.0,
                0.0
              ],
              "size": [
                3.0,
                6.0,
                2.0
              ],
              "rotation": [
                0.0,
                0.0,
                0.0
              ],
              "uv": [
                45,
                45
              ],
              "inflate": 0
            },
            {
              "origin": [
                -2.0,
                16.0,
                1.0
              ],
              "size": [
                5.0,
                5.0,
                2.0
              ],
              "rotation": [
                0.0,
                0.0,
                0.0
              ],
              "uv": [
                34,
                34
              ],
              "inflate": 0
            },
            {
              "origin": [
                -1.0,
                21.0,
                1.0
              ],
              "size": [
                3.0,
                1.0,
                2.0
              ],
              "rotation": [
                0.0,
                0.0,
                0.0
              ],
              "uv": [
                56,
                13
              ],
              "inflate": 0
            },
            {
              "origin": [
                3.0,
                17.0,
                2.0
              ],
              "size": [
                1.0,
                3.0,
                1.0
              ],
              "rotation": [
                0.0,
                0.0,
                0.0
              ],
              "uv": [
                0,
                22
              ],
              "inflate": 0
            },
            {
              "origin": [
                -3.0,
                17.0,
                2.0
              ],
              "size": [
                1.0,
                3.0,
                1.0
              ],
              "rotation": [
                0.0,
                0.0,
                0.0
              ],
              "uv": [
                0,
                0
              ],
              "inflate": 0
            },
            {
              "origin": [
                -1.0,
                15.0,
                2.0
              ],
              "size": [
                3.0,
                1.0,
                1.0
              ],
              "rotation": [
                0.0,
                0.0,
                0.0
              ],
              "uv": [
                30,
                20
              ],
              "inflate": 0
            },
            {
              "origin": [
                -4.0,
                13.0,
                3.0
              ],
              "size": [
                9.0,
                10.0,
                4.0
              ],
              "rotation": [
                0.0,
                0.0,
                0.0
              ],
              "uv": [
                0,
                0
              ],
              "inflate": 0
            },
            {
              "origin": [
                -4.0,
                11.0,
                3.0
              ],
              "size": [
                2.0,
                2.0,
                2.0
              ],
              "rotation": [
                0.0,
                0.0,
                0.0
              ],
              "uv": [
                62,
                32
              ],
              "inflate": 0
            },
            {
              "origin": [
                -6.0,
                9.0,
                3.0
              ],
              "size": [
                2.0,
                2.0,
                2.0
              ],
              "rotation": [
                0.0,
                0.0,
                0.0
              ],
              "uv": [
                62,
                20
              ],
              "inflate": 0
            },
            {
              "origin": [
                -8.0,
                7.0,
                3.0
              ],
              "size": [
                2.0,
                2.0,
                2.0
              ],
              "rotation": [
                0.0,
                0.0,
                0.0
              ],
              "uv": [
                62,
                3
              ],
              "inflate": 0
            },
            {
              "origin": [
                -10.0,
                5.0,
                3.0
              ],
              "size": [
                2.0,
                2.0,
                2.0
              ],
              "rotation": [
                0.0,
                0.0,
                0.0
              ],
              "uv": [
                61,
                62
              ],
              "inflate": 0
            },
            {
              "origin": [
                -12.0,
                2.0,
                3.0
              ],
              "size": [
                2.0,
                3.0,
                2.0
              ],
              "rotation": [
                0.0,
                0.0,
                0.0
              ],
              "uv": [
                56,
                0
              ],
              "inflate": 0
            },
            {
              "origin": [
                -4.0,
                10.0,
                3.0
              ],
              "size": [
                1.0,
                1.0,
                2.0
              ],
              "rotation": [
                0.0,
                0.0,
                0.0
              ],
              "uv": [
                18,
                68
              ],
              "inflate": 0
            },
            {
              "origin": [
                -5.0,
                11.0,
                3.0
              ],
              "size": [
                1.0,
                1.0,
                2.0
              ],
              "rotation": [
                0.0,
                0.0,
                0.0
              ],
              "uv": [
                12,
                68
              ],
              "inflate": 0
            },
            {
              "origin": [
                -6.0,
                8.0,
                3.0
              ],
              "size": [
                1.0,
                1.0,
                2.0
              ],
              "rotation": [
                0.0,
                0.0,
                0.0
              ],
              "uv": [
                0,
                68
              ],
              "inflate": 0
            },
            {
              "origin": [
                -7.0,
                9.0,
                3.0
              ],
              "size": [
                1.0,
                1.0,
                2.0
              ],
              "rotation": [
                0.0,
                0.0,
                0.0
              ],
              "uv": [
                67,
                64
              ],
              "inflate": 0
            },
            {
              "origin": [
                -9.0,
                7.0,
                3.0
              ],
              "size": [
                1.0,
                1.0,
                2.0
              ],
              "rotation": [
                0.0,
                0.0,
                0.0
              ],
              "uv": [
                67,
                46
              ],
              "inflate": 0
            },
            {
              "origin": [
                -4.0,
                0.0,
                -11.0
              ],
              "size": [
                7.0,
                2.0,
                2.0
              ],
              "rotation": [
                0.0,
                0.0,
                0.0
              ],
              "uv": [
                18,
                32
              ],
              "inflate": 0
            },
            {
              "origin": [
                -10.0,
                2.0,
                3.0
              ],
              "size": [
                1.0,
                3.0,
                2.0
              ],
              "rotation": [
                0.0,
                0.0,
                0.0
              ],
              "uv": [
                14,
                63
              ],
              "inflate": 0
            },
            {
              "origin": [
                -11.0,
                5.0,
                3.0
              ],
              "size": [
                1.0,
                1.0,
                2.0
              ],
              "rotation": [
                0.0,
                0.0,
                0.0
              ],
              "uv": [
                67,
                38
              ],
              "inflate": 0
            },
            {
              "origin": [
                -13.0,
                0.0,
                3.0
              ],
              "size": [
                1.0,
                2.0,
                2.0
              ],
              "rotation": [
                0.0,
                0.0,
                0.0
              ],
              "uv": [
                63,
                36
              ],
              "inflate": 0
            },
            {
              "origin": [
                -10.0,
                0.0,
                3.0
              ],
              "size": [
                1.0,
                2.0,
                2.0
              ],
              "rotation": [
                0.0,
                0.0,
                0.0
              ],
              "uv": [
                63,
                27
              ],
              "inflate": 0
            },
            {
              "origin": [
                -12.0,
                0.0,
                4.0
              ],
              "size": [
                2.0,
                2.0,
                1.0
              ],
              "rotation": [
                0.0,
                0.0,
                0.0
              ],
              "uv": [
                67,
                43
              ],
              "inflate": 0
            },
            {
              "origin": [
                -3.0,
                22.0,
                2.0
              ],
              "size": [
                7.0,
                1.0,
                1.0
              ],
              "rotation": [
                0.0,
                0.0,
                0.0
              ],
              "uv": [
                38,
                25
              ],
              "inflate": 0
            },
            {
              "origin": [
                -4.0,
                15.0,
                2.0
              ],
              "size": [
                1.0,
                7.0,
                1.0
              ],
              "rotation": [
                0.0,
                0.0,
                0.0
              ],
              "uv": [
                57,
                62
              ],
              "inflate": 0
            },
            {
              "origin": [
                -5.0,
                15.0,
                1.0
              ],
              "size": [
                1.0,
                7.0,
                1.0
              ],
              "rotation": [
                0.0,
                0.0,
                0.0
              ],
              "uv": [
                46,
                61
              ],
              "inflate": 0
            },
            {
              "origin": [
                -3.0,
                23.0,
                1.0
              ],
              "size": [
                7.0,
                1.0,
                1.0
              ],
              "rotation": [
                0.0,
                0.0,
                0.0
              ],
              "uv": [
                28,
                13
              ],
              "inflate": 0
            },
            {
              "origin": [
                4.0,
                15.0,
                2.0
              ],
              "size": [
                1.0,
                7.0,
                1.0
              ],
              "rotation": [
                0.0,
                0.0,
                0.0
              ],
              "uv": [
                42,
                61
              ],
              "inflate": 0
            },
            {
              "origin": [
                5.0,
                15.0,
                1.0
              ],
              "size": [
                1.0,
                7.0,
                1.0
              ],
              "rotation": [
                0.0,
                0.0,
                0.0
              ],
              "uv": [
                0,
                60
              ],
              "inflate": 0
            },
            {
              "origin": [
                -3.0,
                23.0,
                3.0
              ],
              "size": [
                7.0,
                6.0,
                4.0
              ],
              "rotation": [
                0.0,
                0.0,
                0.0
              ],
              "uv": [
                0,
                22
              ],
              "inflate": 0
            },
            {
              "origin": [
                4.0,
                24.0,
                3.0
              ],
              "size": [
                1.0,
                4.0,
                4.0
              ],
              "rotation": [
                0.0,
                0.0,
                0.0
              ],
              "uv": [
                44,
                6
              ],
              "inflate": 0
            },
            {
              "origin": [
                -4.0,
                24.0,
                3.0
              ],
              "size": [
                1.0,
                4.0,
                4.0
              ],
              "rotation": [
                0.0,
                0.0,
                0.0
              ],
              "uv": [
                0,
                44
              ],
              "inflate": 0
            },
            {
              "origin": [
                -2.0,
                25.0,
                2.0
              ],
              "size": [
                5.0,
                4.0,
                1.0
              ],
              "rotation": [
                0.0,
                0.0,
                0.0
              ],
              "uv": [
                43,
                27
              ],
              "inflate": 0
            },
            {
              "origin": [
                -1.0,
                30.0,
                3.0
              ],
              "size": [
                3.0,
                1.0,
                4.0
              ],
              "rotation": [
                0.0,
                0.0,
                0.0
              ],
              "uv": [
                38,
                20
              ],
              "inflate": 0
            },
            {
              "origin": [
                -3.0,
                14.0,
                7.0
              ],
              "size": [
                7.0,
                9.0,
                1.0
              ],
              "rotation": [
                0.0,
                0.0,
                0.0
              ],
              "uv": [
                22,
                22
              ],
              "inflate": 0
            },
            {
              "origin": [
                -2.0,
                29.0,
                3.0
              ],
              "size": [
                5.0,
                1.0,
                4.0
              ],
              "rotation": [
                0.0,
                0.0,
                0.0
              ],
              "uv": [
                26,
                4
              ],
              "inflate": 0
            },
            {
              "origin": [
                -2.0,
                24.0,
                7.0
              ],
              "size": [
                5.0,
                5.0,
                1.0
              ],
              "rotation": [
                0.0,
                0.0,
                0.0
              ],
              "uv": [
                22,
                43
              ],
              "inflate": 0
            },
            {
              "origin": [
                -10.0,
                13.0,
                3.0
              ],
              "size": [
                6.0,
                2.0,
                2.0
              ],
              "rotation": [
                0.0,
                0.0,
                0.0
              ],
              "uv": [
                16,
                36
              ],
              "inflate": 0
            },
            {
              "origin": [
                -17.0,
                14.0,
                3.0
              ],
              "size": [
                7.0,
                2.0,
                2.0
              ],
              "rotation": [
                0.0,
                0.0,
                0.0
              ],
              "uv": [
                0,
                32
              ],
              "inflate": 0
            },
            {
              "origin": [
                -10.0,
                15.0,
                3.0
              ],
              "size": [
                1.0,
                1.0,
                2.0
              ],
              "rotation": [
                0.0,
                0.0,
                0.0
              ],
              "uv": [
                67,
                29
              ],
              "inflate": 0
            },
            {
              "origin": [
                -11.0,
                13.0,
                3.0
              ],
              "size": [
                1.0,
                1.0,
                2.0
              ],
              "rotation": [
                0.0,
                0.0,
                0.0
              ],
              "uv": [
                67,
                25
              ],
              "inflate": 0
            },
            {
              "origin": [
                -16.0,
                13.0,
                3.0
              ],
              "size": [
                1.0,
                1.0,
                2.0
              ],
              "rotation": [
                0.0,
                0.0,
                0.0
              ],
              "uv": [
                65,
                67
              ],
              "inflate": 0
            },
            {
              "origin": [
                -21.0,
                12.0,
                3.0
              ],
              "size": [
                5.0,
                2.0,
                2.0
              ],
              "rotation": [
                0.0,
                0.0,
                0.0
              ],
              "uv": [
                40,
                2
              ],
              "inflate": 0
            },
            {
              "origin": [
                -18.0,
                14.0,
                3.0
              ],
              "size": [
                1.0,
                1.0,
                2.0
              ],
              "rotation": [
                0.0,
                0.0,
                0.0
              ],
              "uv": [
                48,
                67
              ],
              "inflate": 0
            },
            {
              "origin": [
                -8.0,
                6.0,
                3.0
              ],
              "size": [
                1.0,
                1.0,
                2.0
              ],
              "rotation": [
                0.0,
                0.0,
                0.0
              ],
              "uv": [
                34,
                67
              ],
              "inflate": 0
            },
            {
              "origin": [
                -21.0,
                11.0,
                3.0
              ],
              "size": [
                1.0,
                1.0,
                2.0
              ],
              "rotation": [
                0.0,
                0.0,
                0.0
              ],
              "uv": [
                28,
                67
              ],
              "inflate": 0
            },
            {
              "origin": [
                -11.0,
                19.0,
                3.0
              ],
              "size": [
                7.0,
                2.0,
                2.0
              ],
              "rotation": [
                0.0,
                0.0,
                0.0
              ],
              "uv": [
                28,
                16
              ],
              "inflate": 0
            },
            {
              "origin": [
                -12.0,
                20.0,
                3.0
              ],
              "size": [
                1.0,
                1.0,
                2.0
              ],
              "rotation": [
                0.0,
                0.0,
                0.0
              ],
              "uv": [
                66,
                59
              ],
              "inflate": 0
            },
            {
              "origin": [
                -23.0,
                21.0,
                3.0
              ],
              "size": [
                13.0,
                2.0,
                2.0
              ],
              "rotation": [
                0.0,
                0.0,
                0.0
              ],
              "uv": [
                0,
                18
              ],
              "inflate": 0
            },
            {
              "origin": [
                -10.0,
                21.0,
                3.0
              ],
              "size": [
                1.0,
                1.0,
                2.0
              ],
              "rotation": [
                0.0,
                0.0,
                0.0
              ],
              "uv": [
                66,
                56
              ],
              "inflate": 0
            },
            {
              "origin": [
                -27.0,
                22.0,
                3.0
              ],
              "size": [
                4.0,
                1.0,
                2.0
              ],
              "rotation": [
                0.0,
                0.0,
                0.0
              ],
              "uv": [
                46,
                53
              ],
              "inflate": 0
            },
            {
              "origin": [
                -22.0,
                23.0,
                3.0
              ],
              "size": [
                1.0,
                4.0,
                2.0
              ],
              "rotation": [
                0.0,
                0.0,
                0.0
              ],
              "uv": [
                28,
                61
              ],
              "inflate": 0
            },
            {
              "origin": [
                -23.0,
                17.0,
                3.0
              ],
              "size": [
                1.0,
                4.0,
                2.0
              ],
              "rotation": [
                0.0,
                0.0,
                0.0
              ],
              "uv": [
                10,
                58
              ],
              "inflate": 0
            },
            {
              "origin": [
                -4.0,
                21.0,
                7.0
              ],
              "size": [
                2.0,
                2.0,
                2.0
              ],
              "rotation": [
                0.0,
                0.0,
                0.0
              ],
              "uv": [
                58,
                16
              ],
              "inflate": 0
            },
            {
              "origin": [
                -5.0,
                22.0,
                8.0
              ],
              "size": [
                2.0,
                6.0,
                2.0
              ],
              "rotation": [
                0.0,
                0.0,
                0.0
              ],
              "uv": [
                8,
                50
              ],
              "inflate": 0
            },
            {
              "origin": [
                -6.0,
                26.0,
                9.0
              ],
              "size": [
                2.0,
                8.0,
                2.0
              ],
              "rotation": [
                0.0,
                0.0,
                0.0
              ],
              "uv": [
                37,
                41
              ],
              "inflate": 0
            },
            {
              "origin": [
                -7.0,
                32.0,
                9.0
              ],
              "size": [
                1.0,
                6.0,
                2.0
              ],
              "rotation": [
                0.0,
                0.0,
                0.0
              ],
              "uv": [
                16,
                55
              ],
              "inflate": 0
            },
            {
              "origin": [
                -4.0,
                32.0,
                9.0
              ],
              "size": [
                1.0,
                6.0,
                2.0
              ],
              "rotation": [
                0.0,
                0.0,
                0.0
              ],
              "uv": [
                0,
                52
              ],
              "inflate": 0
            },
            {
              "origin": [
                3.0,
                21.0,
                7.0
              ],
              "size": [
                2.0,
                2.0,
                2.0
              ],
              "rotation": [
                0.0,
                0.0,
                0.0
              ],
              "uv": [
                58,
                58
              ],
              "inflate": 0
            },
            {
              "origin": [
                4.0,
                22.0,
                8.0
              ],
              "size": [
                2.0,
                6.0,
                2.0
              ],
              "rotation": [
                0.0,
                0.0,
                0.0
              ],
              "uv": [
                28,
                49
              ],
              "inflate": 0
            },
            {
              "origin": [
                5.0,
                26.0,
                9.0
              ],
              "size": [
                2.0,
                8.0,
                2.0
              ],
              "rotation": [
                0.0,
                0.0,
                0.0
              ],
              "uv": [
                14,
                40
              ],
              "inflate": 0
            },
            {
              "origin": [
                -6.0,
                34.0,
                10.0
              ],
              "size": [
                2.0,
                3.0,
                1.0
              ],
              "rotation": [
                0.0,
                0.0,
                0.0
              ],
              "uv": [
                20,
                64
              ],
              "inflate": 0
            },
            {
              "origin": [
                5.0,
                34.0,
                10.0
              ],
              "size": [
                2.0,
                3.0,
                1.0
              ],
              "rotation": [
                0.0,
                0.0,
                0.0
              ],
              "uv": [
                4,
                64
              ],
              "inflate": 0
            },
            {
              "origin": [
                4.0,
                33.0,
                9.0
              ],
              "size": [
                1.0,
                5.0,
                2.0
              ],
              "rotation": [
                0.0,
                0.0,
                0.0
              ],
              "uv": [
                22,
                57
              ],
              "inflate": 0
            },
            {
              "origin": [
                7.0,
                33.0,
                9.0
              ],
              "size": [
                1.0,
                5.0,
                2.0
              ],
              "rotation": [
                0.0,
                0.0,
                0.0
              ],
              "uv": [
                52,
                56
              ],
              "inflate": 0
            },
            {
              "origin": [
                5.0,
                19.0,
                3.0
              ],
              "size": [
                7.0,
                2.0,
                2.0
              ],
              "rotation": [
                0.0,
                0.0,
                0.0
              ],
              "uv": [
                26,
                9
              ],
              "inflate": 0
            },
            {
              "origin": [
                12.0,
                20.0,
                3.0
              ],
              "size": [
                1.0,
                1.0,
                2.0
              ],
              "rotation": [
                0.0,
                0.0,
                0.0
              ],
              "uv": [
                66,
                52
              ],
              "inflate": 0
            },
            {
              "origin": [
                -23.0,
                7.0,
                3.0
              ],
              "size": [
                2.0,
                6.0,
                2.0
              ],
              "rotation": [
                0.0,
                0.0,
                0.0
              ],
              "uv": [
                20,
                49
              ],
              "inflate": 0
            },
            {
              "origin": [
                11.0,
                21.0,
                3.0
              ],
              "size": [
                13.0,
                2.0,
                2.0
              ],
              "rotation": [
                0.0,
                0.0,
                0.0
              ],
              "uv": [
                0,
                14
              ],
              "inflate": 0
            },
            {
              "origin": [
                23.0,
                17.0,
                3.0
              ],
              "size": [
                1.0,
                4.0,
                2.0
              ],
              "rotation": [
                0.0,
                0.0,
                0.0
              ],
              "uv": [
                4,
                58
              ],
              "inflate": 0
            },
            {
              "origin": [
                24.0,
                22.0,
                3.0
              ],
              "size": [
                4.0,
                1.0,
                2.0
              ],
              "rotation": [
                0.0,
                0.0,
                0.0
              ],
              "uv": [
                52,
                22
              ],
              "inflate": 0
            },
            {
              "origin": [
                22.0,
                23.0,
                3.0
              ],
              "size": [
                1.0,
                4.0,
                2.0
              ],
              "rotation": [
                0.0,
                0.0,
                0.0
              ],
              "uv": [
                36,
                57
              ],
              "inflate": 0
            },
            {
              "origin": [
                5.0,
                13.0,
                3.0
              ],
              "size": [
                6.0,
                2.0,
                2.0
              ],
              "rotation": [
                0.0,
                0.0,
                0.0
              ],
              "uv": [
                0,
                36
              ],
              "inflate": 0
            },
            {
              "origin": [
                11.0,
                13.0,
                3.0
              ],
              "size": [
                1.0,
                1.0,
                2.0
              ],
              "rotation": [
                0.0,
                0.0,
                0.0
              ],
              "uv": [
                66,
                17
              ],
              "inflate": 0
            },
            {
              "origin": [
                11.0,
                14.0,
                3.0
              ],
              "size": [
                8.0,
                2.0,
                2.0
              ],
              "rotation": [
                0.0,
                0.0,
                0.0
              ],
              "uv": [
                22,
                0
              ],
              "inflate": 0
            },
            {
              "origin": [
                17.0,
                13.0,
                3.0
              ],
              "size": [
                1.0,
                1.0,
                2.0
              ],
              "rotation": [
                0.0,
                0.0,
                0.0
              ],
              "uv": [
                61,
                66
              ],
              "inflate": 0
            },
            {
              "origin": [
                19.0,
                14.0,
                3.0
              ],
              "size": [
                1.0,
                1.0,
                2.0
              ],
              "rotation": [
                0.0,
                0.0,
                0.0
              ],
              "uv": [
                24,
                66
              ],
              "inflate": 0
            },
            {
              "origin": [
                18.0,
                12.0,
                3.0
              ],
              "size": [
                5.0,
                2.0,
                2.0
              ],
              "rotation": [
                0.0,
                0.0,
                0.0
              ],
              "uv": [
                0,
                40
              ],
              "inflate": 0
            },
            {
              "origin": [
                10.0,
                21.0,
                3.0
              ],
              "size": [
                1.0,
                1.0,
                2.0
              ],
              "rotation": [
                0.0,
                0.0,
                0.0
              ],
              "uv": [
                8,
                66
              ],
              "inflate": 0
            },
            {
              "origin": [
                23.0,
                7.0,
                3.0
              ],
              "size": [
                2.0,
                6.0,
                2.0
              ],
              "rotation": [
                0.0,
                0.0,
                0.0
              ],
              "uv": [
                48,
                32
              ],
              "inflate": 0
            },
            {
              "origin": [
                3.0,
                11.0,
                3.0
              ],
              "size": [
                2.0,
                2.0,
                2.0
              ],
              "rotation": [
                0.0,
                0.0,
                0.0
              ],
              "uv": [
                28,
                57
              ],
              "inflate": 0
            },
            {
              "origin": [
                5.0,
                11.0,
                3.0
              ],
              "size": [
                1.0,
                1.0,
                2.0
              ],
              "rotation": [
                0.0,
                0.0,
                0.0
              ],
              "uv": [
                64,
                14
              ],
              "inflate": 0
            },
            {
              "origin": [
                4.0,
                10.0,
                3.0
              ],
              "size": [
                1.0,
                1.0,
                2.0
              ],
              "rotation": [
                0.0,
                0.0,
                0.0
              ],
              "uv": [
                64,
                10
              ],
              "inflate": 0
            },
            {
              "origin": [
                5.0,
                9.0,
                3.0
              ],
              "size": [
                2.0,
                2.0,
                2.0
              ],
              "rotation": [
                0.0,
                0.0,
                0.0
              ],
              "uv": [
                56,
                51
              ],
              "inflate": 0
            },
            {
              "origin": [
                7.0,
                9.0,
                3.0
              ],
              "size": [
                1.0,
                1.0,
                2.0
              ],
              "rotation": [
                0.0,
                0.0,
                0.0
              ],
              "uv": [
                64,
                0
              ],
              "inflate": 0
            },
            {
              "origin": [
                6.0,
                8.0,
                3.0
              ],
              "size": [
                1.0,
                1.0,
                2.0
              ],
              "rotation": [
                0.0,
                0.0,
                0.0
              ],
              "uv": [
                63,
                49
              ],
              "inflate": 0
            },
            {
              "origin": [
                7.0,
                7.0,
                3.0
              ],
              "size": [
                2.0,
                2.0,
                2.0
              ],
              "rotation": [
                0.0,
                0.0,
                0.0
              ],
              "uv": [
                56,
                34
              ],
              "inflate": 0
            },
            {
              "origin": [
                8.0,
                6.0,
                3.0
              ],
              "size": [
                1.0,
                1.0,
                2.0
              ],
              "rotation": [
                0.0,
                0.0,
                0.0
              ],
              "uv": [
                63,
                45
              ],
              "inflate": 0
            },
            {
              "origin": [
                9.0,
                7.0,
                3.0
              ],
              "size": [
                1.0,
                1.0,
                2.0
              ],
              "rotation": [
                0.0,
                0.0,
                0.0
              ],
              "uv": [
                63,
                40
              ],
              "inflate": 0
            },
            {
              "origin": [
                9.0,
                5.0,
                3.0
              ],
              "size": [
                2.0,
                2.0,
                2.0
              ],
              "rotation": [
                0.0,
                0.0,
                0.0
              ],
              "uv": [
                6,
                44
              ],
              "inflate": 0
            },
            {
              "origin": [
                10.0,
                2.0,
                3.0
              ],
              "size": [
                1.0,
                3.0,
                2.0
              ],
              "rotation": [
                0.0,
                0.0,
                0.0
              ],
              "uv": [
                62,
                53
              ],
              "inflate": 0
            },
            {
              "origin": [
                11.0,
                2.0,
                3.0
              ],
              "size": [
                2.0,
                3.0,
                2.0
              ],
              "rotation": [
                0.0,
                0.0,
                0.0
              ],
              "uv": [
                44,
                56
              ],
              "inflate": 0
            },
            {
              "origin": [
                11.0,
                5.0,
                3.0
              ],
              "size": [
                1.0,
                1.0,
                2.0
              ],
              "rotation": [
                0.0,
                0.0,
                0.0
              ],
              "uv": [
                56,
                55
              ],
              "inflate": 0
            },
            {
              "origin": [
                22.0,
                11.0,
                3.0
              ],
              "size": [
                1.0,
                1.0,
                2.0
              ],
              "rotation": [
                0.0,
                0.0,
                0.0
              ],
              "uv": [
                42,
                7
              ],
              "inflate": 0
            },
            {
              "origin": [
                11.0,
                0.0,
                4.0
              ],
              "size": [
                2.0,
                2.0,
                1.0
              ],
              "rotation": [
                0.0,
                0.0,
                0.0
              ],
              "uv": [
                63,
                24
              ],
              "inflate": 0
            },
            {
              "origin": [
                13.0,
                0.0,
                3.0
              ],
              "size": [
                1.0,
                2.0,
                2.0
              ],
              "rotation": [
                0.0,
                0.0,
                0.0
              ],
              "uv": [
                50,
                63
              ],
              "inflate": 0
            },
            {
              "origin": [
                -1.0,
                20.0,
                4.0
              ],
              "size": [
                1.0,
                1.0,
                1.0
              ],
              "rotation": [
                0.0,
                0.0,
                0.0
              ],
              "uv": [
                16,
                32
              ],
              "inflate": 0
            },
            {
              "origin": [
                10.0,
                0.0,
                3.0
              ],
              "size": [
                1.0,
                2.0,
                2.0
              ],
              "rotation": [
                0.0,
                0.0,
                0.0
              ],
              "uv": [
                34,
                63
              ],
              "inflate": 0
            },
            {
              "origin": [
                -24.0,
                21.0,
                3.0
              ],
              "size": [
                1.0,
                1.0,
                2.0
              ],
              "rotation": [
                0.0,
                0.0,
                0.0
              ],
              "uv": [
                0,
                0
              ],
              "inflate": 0
            },
            {
              "origin": [
                -22.0,
                20.0,
                3.0
              ],
              "size": [
                1.0,
                1.0,
                2.0
              ],
              "rotation": [
                0.0,
                0.0,
                0.0
              ],
              "uv": [
                0,
                0
              ],
              "inflate": 0
            },
            {
              "origin": [
                21.0,
                23.0,
                3.0
              ],
              "size": [
                1.0,
                1.0,
                2.0
              ],
              "rotation": [
                0.0,
                0.0,
                0.0
              ],
              "uv": [
                0,
                0
              ],
              "inflate": 0
            },
            {
              "origin": [
                -23.0,
                23.0,
                3.0
              ],
              "size": [
                1.0,
                1.0,
                2.0
              ],
              "rotation": [
                0.0,
                0.0,
                0.0
              ],
              "uv": [
                0,
                0
              ],
              "inflate": 0
            },
            {
              "origin": [
                24.0,
                21.0,
                3.0
              ],
              "size": [
                1.0,
                1.0,
                2.0
              ],
              "rotation": [
                0.0,
                0.0,
                0.0
              ],
              "uv": [
                0,
                0
              ],
              "inflate": 0
            },
            {
              "origin": [
                22.0,
                20.0,
                3.0
              ],
              "size": [
                1.0,
                1.0,
                2.0
              ],
              "rotation": [
                0.0,
                0.0,
                0.0
              ],
              "uv": [
                0,
                0
              ],
              "inflate": 0
            },
            {
              "origin": [
                23.0,
                23.0,
                3.0
              ],
              "size": [
                1.0,
                1.0,
                2.0
              ],
              "rotation": [
                0.0,
                0.0,
                0.0
              ],
              "uv": [
                0,
                0
              ],
              "inflate": 0
            }
          ],
          "rotation": [
            0,
            0,
            0
          ],
          "bind_pose_rotation": [
            0,
            0,
            0
          ]
        }
      ]
    }
  ]
}