{
  "format_version": "1.12.0",
  "minecraft:geometry": [
    {
      "description": {
        "identifier": "geometry.pa_skyscreamer",
        "texture_width": 128,
        "texture_height": 128,
        "visible_bounds_width": 4,
        "visible_bounds_height": 4.5,
        "visible_bounds_offset": [
          0,
          1.75,
          0
        ]
      },
      "bones": [
        {
          "name": "unknown_bone",
          "pivot": [
            0,
            0,
            0
          ],
          "cubes": [
            {
              "origin": [
                -8.0,
                8.0,
                5.0
              ],
              "size": [
                4.0,
                18.0,
                5.0
              ],
              "pivot": [
                -9.0,
                20.0,
                9.0
              ],
              "rotation": [
                25.0,
                0.0,
                0.0
              ],
              "uv": [
                95,
                95
              ],
              "inflate": 0
            },
            {
              "origin": [
                0.0,
                1.0,
                5.0
              ],
              "size": [
                4.0,
                25.0,
                5.0
              ],
              "pivot": [
                -1.0,
                20.0,
                9.0
              ],
              "rotation": [
                25.0,
                0.0,
                0.0
              ],
              "uv": [
                77,
                77
              ],
              "inflate": 0
            },
            {
              "origin": [
                6.0,
                8.0,
                5.0
              ],
              "size": [
                4.0,
                18.0,
                5.0
              ],
              "pivot": [
                5.0,
                20.0,
                9.0
              ],
              "rotation": [
                25.0,
                0.0,
                0.0
              ],
              "uv": [
                82,
                46
              ],
              "inflate": 0
            },
            {
              "origin": [
                -8.0,
                4.0,
                0.0
              ],
              "size": [
                4.0,
                22.0,
                5.0
              ],
              "pivot": [
                -9.0,
                20.0,
                4.0
              ],
              "rotation": [
                5.0,
                0.0,
                0.0
              ],
              "uv": [
                44,
                81
              ],
              "inflate": 0
            },
            {
              "origin": [
                -8.0,
                21.0,
                0.0
              ],
              "size": [
                10.0,
                24.0,
                5.0
              ],
              "pivot": [
                -9.0,
                39.0,
                4.0
              ],
              "rotation": [
                5.0,
                0.0,
                25.0
              ],
              "uv": [
                56,
                11
              ],
              "inflate": 0
            },
            {
              "origin": [
                7.0,
                14.0,
                0.0
              ],
              "size": [
                10.0,
                24.0,
                5.0
              ],
              "pivot": [
                6.0,
                27.0,
                4.0
              ],
              "rotation": [
                5.0,
                0.0,
                -32.5
              ],
              "uv": [
                52,
                52
              ],
              "inflate": 0
            },
            {
              "origin": [
                -17.0,
                17.0,
                1.0
              ],
              "size": [
                10.0,
                6.0,
                5.0
              ],
              "pivot": [
                -18.0,
                17.0,
                5.0
              ],
              "rotation": [
                5.0,
                0.0,
                15.0
              ],
              "uv": [
                82,
                35
              ],
              "inflate": 0
            },
            {
              "origin": [
                15.0,
                12.0,
                1.0
              ],
              "size": [
                10.0,
                7.0,
                5.0
              ],
              "pivot": [
                14.0,
                12.0,
                5.0
              ],
              "rotation": [
                5.0,
                0.0,
                -15.0
              ],
              "uv": [
                52,
                40
              ],
              "inflate": 0
            },
            {
              "origin": [
                -2.0,
                11.0,
                0.0
              ],
              "size": [
                4.0,
                15.0,
                5.0
              ],
              "pivot": [
                -3.0,
                20.0,
                4.0
              ],
              "rotation": [
                5.0,
                0.0,
                0.0
              ],
              "uv": [
                95,
                64
              ],
              "inflate": 0
            },
            {
              "origin": [
                6.0,
                8.0,
                0.0
              ],
              "size": [
                4.0,
                18.0,
                5.0
              ],
              "pivot": [
                5.0,
                20.0,
                4.0
              ],
              "rotation": [
                5.0,
                0.0,
                0.0
              ],
              "uv": [
                86,
                11
              ],
              "inflate": 0
            },
            {
              "origin": [
                -1.0,
                28.0,
                0.0
              ],
              "size": [
                1.0,
                1.0,
                1.0
              ],
              "rotation": [
                0.0,
                0.0,
                0.0
              ],
              "uv": [
                46,
                35
              ],
              "inflate": 0
            },
            {
              "origin": [
                -1.0,
                29.0,
                0.0
              ],
              "size": [
                1.0,
                1.0,
                1.0
              ],
              "rotation": [
                0.0,
                0.0,
                0.0
              ],
              "uv": [
                45,
                43
              ],
              "inflate": 0
            },
            {
              "origin": [
                -1.0,
                27.0,
                0.0
              ],
              "size": [
                1.0,
                1.0,
                1.0
              ],
              "rotation": [
                0.0,
                0.0,
                0.0
              ],
              "uv": [
                45,
                41
              ],
              "inflate": 0
            },
            {
              "origin": [
                -1.0,
                26.0,
                0.0
              ],
              "size": [
                1.0,
                1.0,
                1.0
              ],
              "rotation": [
                0.0,
                0.0,
                0.0
              ],
              "uv": [
                44,
                7
              ],
              "inflate": 0
            },
            {
              "origin": [
                -1.0,
                29.0,
                0.0
              ],
              "size": [
                1.0,
                1.0,
                1.0
              ],
              "rotation": [
                0.0,
                0.0,
                0.0
              ],
              "uv": [
                42,
                42
              ],
              "inflate": 0
            },
            {
              "origin": [
                -1.0,
                28.0,
                0.0
              ],
              "size": [
                1.0,
                1.0,
                1.0
              ],
              "rotation": [
                0.0,
                0.0,
                0.0
              ],
              "uv": [
                4,
                42
              ],
              "inflate": 0
            },
            {
              "origin": [
                -1.0,
                28.0,
                0.0
              ],
              "size": [
                1.0,
                1.0,
                1.0
              ],
              "rotation": [
                0.0,
                0.0,
                0.0
              ],
              "uv": [
                0,
                42
              ],
              "inflate": 0
            },
            {
              "origin": [
                -1.0,
                27.0,
                0.0
              ],
              "size": [
                1.0,
                1.0,
                1.0
              ],
              "rotation": [
                0.0,
                0.0,
                0.0
              ],
              "uv": [
                7,
                10
              ],
              "inflate": 0
            },
            {
              "origin": [
                -1.0,
                28.0,
                0.0
              ],
              "size": [
                1.0,
                1.0,
                1.0
              ],
              "rotation": [
                0.0,
                0.0,
                0.0
              ],
              "uv": [
                4,
                9
              ],
              "inflate": 0
            },
            {
              "origin": [
                -1.0,
                28.0,
                0.0
              ],
              "size": [
                1.0,
                1.0,
                1.0
              ],
              "rotation": [
                0.0,
                0.0,
                0.0
              ],
              "uv": [
                0,
                9
              ],
              "inflate": 0
            },
            {
              "origin": [
                -1.0,
                30.0,
                0.0
              ],
              "size": [
                1.0,
                1.0,
                1.0
              ],
              "rotation": [
                0.0,
                0.0,
                0.0
              ],
              "uv": [
                7,
                8
              ],
              "inflate": 0
            },
            {
              "origin": [
                -1.0,
                30.0,
                0.0
              ],
              "size": [
                1.0,
                1.0,
                1.0
              ],
              "rotation": [
                0.0,
                0.0,
                0.0
              ],
              "uv": [
                4,
                7
              ],
              "inflate": 0
            },
            {
              "origin": [
                -1.0,
                27.0,
                0.0
              ],
              "size": [
                1.0,
                1.0,
                1.0
              ],
              "rotation": [
                0.0,
                0.0,
                0.0
              ],
              "uv": [
                0,
                7
              ],
              "inflate": 0
            },
            {
              "origin": [
                -4.0,
                23.0,
                -3.0
              ],
              "size": [
                10.0,
                8.0,
                1.0
              ],
              "rotation": [
                0.0,
                0.0,
                0.0
              ],
              "uv": [
                82,
                0
              ],
              "inflate": 0
            },
            {
              "origin": [
                -4.0,
                35.0,
                -3.0
              ],
              "size": [
                4.0,
                6.0,
                1.0
              ],
              "rotation": [
                0.0,
                0.0,
                0.0
              ],
              "uv": [
                0,
                35
              ],
              "inflate": 0
            },
            {
              "origin": [
                3.0,
                35.0,
                -3.0
              ],
              "size": [
                4.0,
                6.0,
                1.0
              ],
              "rotation": [
                0.0,
                0.0,
                0.0
              ],
              "uv": [
                0,
                0
              ],
              "inflate": 0
            },
            {
              "origin": [
                6.0,
                24.0,
                -3.0
              ],
              "size": [
                1.0,
                6.0,
                1.0
              ],
              "rotation": [
                0.0,
                0.0,
                0.0
              ],
              "uv": [
                44,
                0
              ],
              "inflate": 0
            },
            {
              "origin": [
                -5.0,
                24.0,
                -3.0
              ],
              "size": [
                1.0,
                6.0,
                1.0
              ],
              "rotation": [
                0.0,
                0.0,
                0.0
              ],
              "uv": [
                42,
                35
              ],
              "inflate": 0
            },
            {
              "origin": [
                -7.0,
                20.0,
                -1.0
              ],
              "size": [
                16.0,
                25.0,
                10.0
              ],
              "rotation": [
                0.0,
                0.0,
                0.0
              ],
              "uv": [
                0,
                35
              ],
              "inflate": 0
            },
            {
              "origin": [
                -7.0,
                22.0,
                -2.0
              ],
              "size": [
                16.0,
                23.0,
                12.0
              ],
              "rotation": [
                0.0,
                0.0,
                0.0
              ],
              "uv": [
                0,
                0
              ],
              "inflate": 0
            },
            {
              "origin": [
                -6.0,
                45.0,
                -1.0
              ],
              "size": [
                14.0,
                1.0,
                10.0
              ],
              "rotation": [
                0.0,
                0.0,
                0.0
              ],
              "uv": [
                44,
                0
              ],
              "inflate": 0
            },
            {
              "origin": [
                -8.0,
                22.0,
                -1.0
              ],
              "size": [
                1.0,
                22.0,
                10.0
              ],
              "rotation": [
                0.0,
                0.0,
                0.0
              ],
              "uv": [
                22,
                70
              ],
              "inflate": 0
            },
            {
              "origin": [
                9.0,
                22.0,
                -1.0
              ],
              "size": [
                1.0,
                22.0,
                10.0
              ],
              "rotation": [
                0.0,
                0.0,
                0.0
              ],
              "uv": [
                0,
                70
              ],
              "inflate": 0
            }
          ],
          "rotation": [
            0,
            0,
            0
          ],
          "bind_pose_rotation": [
            0,
            0,
            0
          ]
        }
      ]
    }
  ]
}