{
  "format_version": "1.12.0",
  "minecraft:geometry": [
    {
      "description": {
        "identifier": "geometry.pa_spidereats",
        "texture_width": 128,
        "texture_height": 128,
        "visible_bounds_width": 4,
        "visible_bounds_height": 4.5,
        "visible_bounds_offset": [
          0,
          1.75,
          0
        ]
      },
      "bones": [
        {
          "name": "unknown_bone",
          "pivot": [
            0,
            0,
            0
          ],
          "cubes": [
            {
              "origin": [
                -2.0,
                14.0,
                -2.0
              ],
              "size": [
                2.0,
                12.0,
                2.0
              ],
              "pivot": [
                0.0,
                15.0,
                -1.0
              ],
              "rotation": [
                0.0,
                0.0,
                12.5
              ],
              "uv": [
                56,
                56
              ],
              "inflate": 0
            },
            {
              "origin": [
                1.0,
                15.0,
                -2.0
              ],
              "size": [
                2.0,
                12.0,
                2.0
              ],
              "pivot": [
                2.0,
                16.0,
                -1.0
              ],
              "rotation": [
                0.0,
                0.0,
                -12.5
              ],
              "uv": [
                48,
                54
              ],
              "inflate": 0
            },
            {
              "origin": [
                -4.0,
                11.0,
                -3.0
              ],
              "size": [
                7.0,
                23.0,
                5.0
              ],
              "rotation": [
                0.0,
                0.0,
                0.0
              ],
              "uv": [
                0,
                8
              ],
              "inflate": 0
            },
            {
              "origin": [
                -6.0,
                12.0,
                -3.0
              ],
              "size": [
                2.0,
                21.0,
                5.0
              ],
              "rotation": [
                0.0,
                0.0,
                0.0
              ],
              "uv": [
                0,
                36
              ],
              "inflate": 0
            },
            {
              "origin": [
                3.0,
                12.0,
                -3.0
              ],
              "size": [
                2.0,
                21.0,
                5.0
              ],
              "rotation": [
                0.0,
                0.0,
                0.0
              ],
              "uv": [
                24,
                24
              ],
              "inflate": 0
            },
            {
              "origin": [
                -19.0,
                15.0,
                -2.0
              ],
              "size": [
                13.0,
                2.0,
                2.0
              ],
              "pivot": [
                -6.0,
                16.0,
                -1.0
              ],
              "rotation": [
                0.0,
                -27.5,
                -62.5
              ],
              "uv": [
                38,
                38
              ],
              "inflate": 0
            },
            {
              "origin": [
                -14.0,
                20.0,
                -2.0
              ],
              "size": [
                8.0,
                2.0,
                2.0
              ],
              "rotation": [
                0.0,
                0.0,
                0.0
              ],
              "uv": [
                27,
                50
              ],
              "inflate": 0
            },
            {
              "origin": [
                -18.0,
                24.0,
                -2.0
              ],
              "size": [
                13.0,
                2.0,
                2.0
              ],
              "pivot": [
                -6.0,
                25.0,
                -1.0
              ],
              "rotation": [
                0.0,
                -2.5,
                22.5
              ],
              "uv": [
                33,
                25
              ],
              "inflate": 0
            },
            {
              "origin": [
                -12.0,
                27.0,
                0.0
              ],
              "size": [
                8.0,
                2.0,
                2.0
              ],
              "pivot": [
                -4.0,
                28.0,
                1.0
              ],
              "rotation": [
                0.0,
                -27.5,
                45.0
              ],
              "uv": [
                48,
                2
              ],
              "inflate": 0
            },
            {
              "origin": [
                -12.0,
                5.0,
                -17.0
              ],
              "size": [
                2.0,
                2.0,
                11.0
              ],
              "rotation": [
                0.0,
                0.0,
                0.0
              ],
              "uv": [
                33,
                12
              ],
              "inflate": 0
            },
            {
              "origin": [
                -14.0,
                8.0,
                -2.0
              ],
              "size": [
                2.0,
                12.0,
                2.0
              ],
              "rotation": [
                0.0,
                0.0,
                0.0
              ],
              "uv": [
                40,
                54
              ],
              "inflate": 0
            },
            {
              "origin": [
                -17.0,
                29.0,
                -3.0
              ],
              "size": [
                2.0,
                12.0,
                2.0
              ],
              "rotation": [
                0.0,
                0.0,
                0.0
              ],
              "uv": [
                32,
                54
              ],
              "inflate": 0
            },
            {
              "origin": [
                -10.0,
                32.0,
                -3.0
              ],
              "size": [
                2.0,
                12.0,
                2.0
              ],
              "pivot": [
                -8.0,
                32.0,
                -2.0
              ],
              "rotation": [
                22.5,
                0.0,
                0.0
              ],
              "uv": [
                14,
                36
              ],
              "inflate": 0
            },
            {
              "origin": [
                -13.0,
                5.0,
                -20.0
              ],
              "size": [
                4.0,
                2.0,
                3.0
              ],
              "rotation": [
                0.0,
                0.0,
                0.0
              ],
              "uv": [
                0,
                62
              ],
              "inflate": 0
            },
            {
              "origin": [
                -15.0,
                4.0,
                -2.0
              ],
              "size": [
                4.0,
                4.0,
                2.0
              ],
              "rotation": [
                0.0,
                0.0,
                0.0
              ],
              "uv": [
                64,
                54
              ],
              "inflate": 0
            },
            {
              "origin": [
                -11.0,
                42.0,
                -9.0
              ],
              "size": [
                4.0,
                2.0,
                3.0
              ],
              "rotation": [
                0.0,
                0.0,
                0.0
              ],
              "uv": [
                59,
                6
              ],
              "inflate": 0
            },
            {
              "origin": [
                -18.0,
                41.0,
                -3.0
              ],
              "size": [
                4.0,
                4.0,
                2.0
              ],
              "rotation": [
                0.0,
                0.0,
                0.0
              ],
              "uv": [
                64,
                64
              ],
              "inflate": 0
            },
            {
              "origin": [
                -13.0,
                6.0,
                -24.0
              ],
              "size": [
                1.0,
                1.0,
                4.0
              ],
              "pivot": [
                -12.0,
                6.0,
                -21.0
              ],
              "rotation": [
                0.0,
                20.0,
                0.0
              ],
              "uv": [
                18,
                72
              ],
              "inflate": 0
            },
            {
              "origin": [
                -15.0,
                4.0,
                -5.0
              ],
              "size": [
                1.0,
                1.0,
                4.0
              ],
              "pivot": [
                -14.0,
                4.0,
                -2.0
              ],
              "rotation": [
                65.0,
                20.0,
                0.0
              ],
              "uv": [
                56,
                70
              ],
              "inflate": 0
            },
            {
              "origin": [
                -15.0,
                45.0,
                -6.0
              ],
              "size": [
                1.0,
                1.0,
                4.0
              ],
              "pivot": [
                -14.0,
                45.0,
                -3.0
              ],
              "rotation": [
                -70.0,
                -7.5,
                0.0
              ],
              "uv": [
                6,
                68
              ],
              "inflate": 0
            },
            {
              "origin": [
                -11.0,
                43.0,
                -13.0
              ],
              "size": [
                1.0,
                1.0,
                4.0
              ],
              "pivot": [
                -10.0,
                43.0,
                -10.0
              ],
              "rotation": [
                0.0,
                20.0,
                0.0
              ],
              "uv": [
                18,
                67
              ],
              "inflate": 0
            },
            {
              "origin": [
                -14.0,
                3.0,
                -4.0
              ],
              "size": [
                1.0,
                1.0,
                4.0
              ],
              "pivot": [
                -13.0,
                3.0,
                -1.0
              ],
              "rotation": [
                95.0,
                5.0,
                0.0
              ],
              "uv": [
                70,
                16
              ],
              "inflate": 0
            },
            {
              "origin": [
                -18.0,
                45.0,
                -6.0
              ],
              "size": [
                1.0,
                1.0,
                4.0
              ],
              "pivot": [
                -17.0,
                45.0,
                -3.0
              ],
              "rotation": [
                -52.5,
                5.0,
                0.0
              ],
              "uv": [
                24,
                68
              ],
              "inflate": 0
            },
            {
              "origin": [
                -10.0,
                43.0,
                -13.0
              ],
              "size": [
                1.0,
                1.0,
                4.0
              ],
              "pivot": [
                -9.0,
                43.0,
                -10.0
              ],
              "rotation": [
                0.0,
                5.0,
                0.0
              ],
              "uv": [
                0,
                67
              ],
              "inflate": 0
            },
            {
              "origin": [
                -12.0,
                6.0,
                -24.0
              ],
              "size": [
                1.0,
                1.0,
                4.0
              ],
              "pivot": [
                -11.0,
                6.0,
                -21.0
              ],
              "rotation": [
                0.0,
                5.0,
                0.0
              ],
              "uv": [
                69,
                39
              ],
              "inflate": 0
            },
            {
              "origin": [
                -11.0,
                6.0,
                -24.0
              ],
              "size": [
                1.0,
                1.0,
                4.0
              ],
              "pivot": [
                -10.0,
                6.0,
                -21.0
              ],
              "rotation": [
                0.0,
                -7.5,
                0.0
              ],
              "uv": [
                70,
                2
              ],
              "inflate": 0
            },
            {
              "origin": [
                -13.0,
                4.0,
                -4.0
              ],
              "size": [
                1.0,
                1.0,
                4.0
              ],
              "pivot": [
                -12.0,
                4.0,
                -1.0
              ],
              "rotation": [
                87.5,
                -7.5,
                0.0
              ],
              "uv": [
                50,
                69
              ],
              "inflate": 0
            },
            {
              "origin": [
                -17.0,
                45.0,
                -6.0
              ],
              "size": [
                1.0,
                1.0,
                4.0
              ],
              "pivot": [
                -16.0,
                45.0,
                -3.0
              ],
              "rotation": [
                -85.0,
                -7.5,
                0.0
              ],
              "uv": [
                34,
                68
              ],
              "inflate": 0
            },
            {
              "origin": [
                -9.0,
                43.0,
                -12.0
              ],
              "size": [
                1.0,
                1.0,
                4.0
              ],
              "pivot": [
                -8.0,
                43.0,
                -9.0
              ],
              "rotation": [
                0.0,
                -7.5,
                0.0
              ],
              "uv": [
                66,
                47
              ],
              "inflate": 0
            },
            {
              "origin": [
                -12.0,
                4.0,
                -4.0
              ],
              "size": [
                1.0,
                1.0,
                4.0
              ],
              "pivot": [
                -11.0,
                4.0,
                -1.0
              ],
              "rotation": [
                102.5,
                -25.0,
                0.0
              ],
              "uv": [
                66,
                70
              ],
              "inflate": 0
            },
            {
              "origin": [
                -16.0,
                45.0,
                -6.0
              ],
              "size": [
                1.0,
                1.0,
                4.0
              ],
              "pivot": [
                -15.0,
                45.0,
                -3.0
              ],
              "rotation": [
                -100.0,
                -7.5,
                7.5
              ],
              "uv": [
                44,
                68
              ],
              "inflate": 0
            },
            {
              "origin": [
                -8.0,
                43.0,
                -12.0
              ],
              "size": [
                1.0,
                1.0,
                4.0
              ],
              "pivot": [
                -7.0,
                43.0,
                -9.0
              ],
              "rotation": [
                0.0,
                -25.0,
                0.0
              ],
              "uv": [
                66,
                34
              ],
              "inflate": 0
            },
            {
              "origin": [
                -10.0,
                6.0,
                -24.0
              ],
              "size": [
                1.0,
                1.0,
                4.0
              ],
              "pivot": [
                -9.0,
                6.0,
                -21.0
              ],
              "rotation": [
                0.0,
                -25.0,
                0.0
              ],
              "uv": [
                12,
                69
              ],
              "inflate": 0
            },
            {
              "origin": [
                -4.0,
                11.0,
                -4.0
              ],
              "size": [
                7.0,
                6.0,
                2.0
              ],
              "rotation": [
                0.0,
                0.0,
                0.0
              ],
              "uv": [
                48,
                12
              ],
              "inflate": 0
            },
            {
              "origin": [
                -1.0,
                21.0,
                -4.0
              ],
              "size": [
                7.0,
                6.0,
                2.0
              ],
              "pivot": [
                2.0,
                21.0,
                0.0
              ],
              "rotation": [
                0.0,
                0.0,
                -92.5
              ],
              "uv": [
                38,
                42
              ],
              "inflate": 0
            },
            {
              "origin": [
                -4.0,
                26.0,
                -4.0
              ],
              "size": [
                7.0,
                6.0,
                2.0
              ],
              "rotation": [
                0.0,
                0.0,
                0.0
              ],
              "uv": [
                38,
                29
              ],
              "inflate": 0
            },
            {
              "origin": [
                12.0,
                0.0,
                -20.0
              ],
              "size": [
                4.0,
                2.0,
                5.0
              ],
              "rotation": [
                0.0,
                0.0,
                0.0
              ],
              "uv": [
                14,
                50
              ],
              "inflate": 0
            },
            {
              "origin": [
                1.0,
                12.0,
                -4.0
              ],
              "size": [
                18.0,
                2.0,
                2.0
              ],
              "pivot": [
                6.0,
                12.0,
                -3.0
              ],
              "rotation": [
                0.0,
                22.5,
                52.5
              ],
              "uv": [
                19,
                8
              ],
              "inflate": 0
            },
            {
              "origin": [
                13.0,
                2.0,
                -15.0
              ],
              "size": [
                2.0,
                2.0,
                8.0
              ],
              "pivot": [
                15.0,
                2.0,
                -8.0
              ],
              "rotation": [
                17.5,
                0.0,
                0.0
              ],
              "uv": [
                24,
                12
              ],
              "inflate": 0
            },
            {
              "origin": [
                15.0,
                0.0,
                -24.0
              ],
              "size": [
                1.0,
                1.0,
                4.0
              ],
              "pivot": [
                16.0,
                0.0,
                -21.0
              ],
              "rotation": [
                0.0,
                -20.0,
                0.0
              ],
              "uv": [
                0,
                72
              ],
              "inflate": 0
            },
            {
              "origin": [
                14.0,
                0.0,
                -24.0
              ],
              "size": [
                1.0,
                1.0,
                4.0
              ],
              "pivot": [
                15.0,
                0.0,
                -21.0
              ],
              "rotation": [
                0.0,
                -10.0,
                0.0
              ],
              "uv": [
                66,
                11
              ],
              "inflate": 0
            },
            {
              "origin": [
                13.0,
                0.0,
                -24.0
              ],
              "size": [
                1.0,
                1.0,
                4.0
              ],
              "rotation": [
                0.0,
                0.0,
                0.0
              ],
              "uv": [
                22,
                62
              ],
              "inflate": 0
            },
            {
              "origin": [
                12.0,
                0.0,
                -24.0
              ],
              "size": [
                1.0,
                1.0,
                4.0
              ],
              "pivot": [
                13.0,
                0.0,
                -21.0
              ],
              "rotation": [
                0.0,
                20.0,
                0.0
              ],
              "uv": [
                22,
                57
              ],
              "inflate": 0
            },
            {
              "origin": [
                21.0,
                10.0,
                -1.0
              ],
              "size": [
                5.0,
                2.0,
                3.0
              ],
              "rotation": [
                0.0,
                0.0,
                0.0
              ],
              "uv": [
                56,
                42
              ],
              "inflate": 0
            },
            {
              "origin": [
                23.0,
                27.0,
                -1.0
              ],
              "size": [
                5.0,
                2.0,
                3.0
              ],
              "rotation": [
                0.0,
                0.0,
                0.0
              ],
              "uv": [
                56,
                29
              ],
              "inflate": 0
            },
            {
              "origin": [
                -3.0,
                12.0,
                -5.0
              ],
              "size": [
                5.0,
                1.0,
                1.0
              ],
              "rotation": [
                0.0,
                0.0,
                0.0
              ],
              "uv": [
                50,
                6
              ],
              "inflate": 0
            },
            {
              "origin": [
                -2.0,
                11.0,
                -5.0
              ],
              "size": [
                3.0,
                1.0,
                1.0
              ],
              "rotation": [
                0.0,
                0.0,
                0.0
              ],
              "uv": [
                24,
                12
              ],
              "inflate": 0
            },
            {
              "origin": [
                0.0,
                15.0,
                -5.0
              ],
              "size": [
                2.0,
                1.0,
                1.0
              ],
              "rotation": [
                0.0,
                0.0,
                0.0
              ],
              "uv": [
                24,
                22
              ],
              "inflate": 0
            },
            {
              "origin": [
                -3.0,
                15.0,
                -5.0
              ],
              "size": [
                2.0,
                1.0,
                1.0
              ],
              "rotation": [
                0.0,
                0.0,
                0.0
              ],
              "uv": [
                24,
                18
              ],
              "inflate": 0
            },
            {
              "origin": [
                -3.0,
                23.0,
                -5.0
              ],
              "size": [
                1.0,
                1.0,
                1.0
              ],
              "rotation": [
                0.0,
                0.0,
                0.0
              ],
              "uv": [
                36,
                17
              ],
              "inflate": 0
            },
            {
              "origin": [
                0.0,
                30.0,
                -5.0
              ],
              "size": [
                1.0,
                2.0,
                1.0
              ],
              "pivot": [
                1.0,
                30.0,
                -5.0
              ],
              "rotation": [
                0.0,
                0.0,
                -45.0
              ],
              "uv": [
                9,
                36
              ],
              "inflate": 0
            },
            {
              "origin": [
                0.0,
                22.0,
                -5.0
              ],
              "size": [
                1.0,
                2.0,
                1.0
              ],
              "rotation": [
                0.0,
                0.0,
                0.0
              ],
              "uv": [
                0,
                36
              ],
              "inflate": 0
            },
            {
              "origin": [
                -2.0,
                28.0,
                -5.0
              ],
              "size": [
                1.0,
                2.0,
                1.0
              ],
              "pivot": [
                -1.0,
                28.0,
                -5.0
              ],
              "rotation": [
                0.0,
                0.0,
                -40.0
              ],
              "uv": [
                24,
                24
              ],
              "inflate": 0
            },
            {
              "origin": [
                3.0,
                28.0,
                -5.0
              ],
              "size": [
                1.0,
                1.0,
                1.0
              ],
              "pivot": [
                4.0,
                27.0,
                -5.0
              ],
              "rotation": [
                0.0,
                0.0,
                -35.0
              ],
              "uv": [
                20,
                36
              ],
              "inflate": 0
            },
            {
              "origin": [
                1.0,
                26.0,
                -5.0
              ],
              "size": [
                1.0,
                1.0,
                1.0
              ],
              "pivot": [
                2.0,
                25.0,
                -5.0
              ],
              "rotation": [
                0.0,
                0.0,
                -47.5
              ],
              "uv": [
                24,
                27
              ],
              "inflate": 0
            },
            {
              "origin": [
                -2.0,
                19.0,
                -2.0
              ],
              "size": [
                1.0,
                1.0,
                1.0
              ],
              "rotation": [
                0.0,
                0.0,
                0.0
              ],
              "uv": [
                36,
                15
              ],
              "inflate": 0
            },
            {
              "origin": [
                0.0,
                19.0,
                -5.0
              ],
              "size": [
                1.0,
                2.0,
                1.0
              ],
              "rotation": [
                0.0,
                0.0,
                0.0
              ],
              "uv": [
                36,
                12
              ],
              "inflate": 0
            },
            {
              "origin": [
                -3.0,
                19.0,
                -5.0
              ],
              "size": [
                1.0,
                4.0,
                1.0
              ],
              "rotation": [
                0.0,
                0.0,
                0.0
              ],
              "uv": [
                0,
                8
              ],
              "inflate": 0
            },
            {
              "origin": [
                0.0,
                26.0,
                -5.0
              ],
              "size": [
                4.0,
                1.0,
                1.0
              ],
              "pivot": [
                1.0,
                26.0,
                -5.0
              ],
              "rotation": [
                0.0,
                0.0,
                -47.5
              ],
              "uv": [
                69,
                29
              ],
              "inflate": 0
            },
            {
              "origin": [
                -2.0,
                8.0,
                -5.0
              ],
              "size": [
                2.0,
                3.0,
                1.0
              ],
              "rotation": [
                0.0,
                0.0,
                0.0
              ],
              "uv": [
                24,
                14
              ],
              "inflate": 0
            },
            {
              "origin": [
                2.0,
                19.0,
                -1.0
              ],
              "size": [
                23.0,
                2.0,
                2.0
              ],
              "pivot": [
                6.0,
                20.0,
                0.0
              ],
              "rotation": [
                0.0,
                0.0,
                30.0
              ],
              "uv": [
                0,
                4
              ],
              "inflate": 0
            },
            {
              "origin": [
                2.0,
                24.0,
                -1.0
              ],
              "size": [
                23.0,
                2.0,
                2.0
              ],
              "pivot": [
                6.0,
                25.0,
                0.0
              ],
              "rotation": [
                0.0,
                0.0,
                -10.0
              ],
              "uv": [
                0,
                0
              ],
              "inflate": 0
            },
            {
              "origin": [
                24.0,
                11.0,
                -2.0
              ],
              "size": [
                6.0,
                1.0,
                1.0
              ],
              "pivot": [
                27.0,
                11.0,
                -2.0
              ],
              "rotation": [
                0.0,
                25.0,
                0.0
              ],
              "uv": [
                64,
                0
              ],
              "inflate": 0
            },
            {
              "origin": [
                28.0,
                28.0,
                1.0
              ],
              "size": [
                6.0,
                1.0,
                1.0
              ],
              "pivot": [
                31.0,
                28.0,
                1.0
              ],
              "rotation": [
                0.0,
                -12.5,
                0.0
              ],
              "uv": [
                55,
                36
              ],
              "inflate": 0
            },
            {
              "origin": [
                24.0,
                11.0,
                -1.0
              ],
              "size": [
                6.0,
                1.0,
                1.0
              ],
              "pivot": [
                27.0,
                11.0,
                -1.0
              ],
              "rotation": [
                0.0,
                15.0,
                0.0
              ],
              "uv": [
                63,
                27
              ],
              "inflate": 0
            },
            {
              "origin": [
                24.0,
                11.0,
                0.0
              ],
              "size": [
                6.0,
                1.0,
                1.0
              ],
              "pivot": [
                27.0,
                11.0,
                0.0
              ],
              "rotation": [
                0.0,
                2.5,
                0.0
              ],
              "uv": [
                61,
                25
              ],
              "inflate": 0
            },
            {
              "origin": [
                25.0,
                11.0,
                1.0
              ],
              "size": [
                6.0,
                1.0,
                1.0
              ],
              "pivot": [
                28.0,
                11.0,
                1.0
              ],
              "rotation": [
                0.0,
                -17.5,
                0.0
              ],
              "uv": [
                56,
                47
              ],
              "inflate": 0
            },
            {
              "origin": [
                27.0,
                28.0,
                3.0
              ],
              "size": [
                6.0,
                1.0,
                1.0
              ],
              "pivot": [
                30.0,
                28.0,
                3.0
              ],
              "rotation": [
                0.0,
                -37.5,
                0.0
              ],
              "uv": [
                56,
                34
              ],
              "inflate": 0
            },
            {
              "origin": [
                28.0,
                28.0,
                0.0
              ],
              "size": [
                6.0,
                1.0,
                1.0
              ],
              "pivot": [
                31.0,
                28.0,
                0.0
              ],
              "rotation": [
                0.0,
                5.0,
                0.0
              ],
              "uv": [
                48,
                20
              ],
              "inflate": 0
            },
            {
              "origin": [
                27.0,
                28.0,
                -2.0
              ],
              "size": [
                7.0,
                1.0,
                1.0
              ],
              "pivot": [
                31.0,
                28.0,
                -2.0
              ],
              "rotation": [
                0.0,
                25.0,
                0.0
              ],
              "uv": [
                48,
                0
              ],
              "inflate": 0
            },
            {
              "origin": [
                5.0,
                30.0,
                -1.0
              ],
              "size": [
                8.0,
                2.0,
                2.0
              ],
              "rotation": [
                0.0,
                0.0,
                0.0
              ],
              "uv": [
                47,
                50
              ],
              "inflate": 0
            },
            {
              "origin": [
                11.0,
                32.0,
                -1.0
              ],
              "size": [
                2.0,
                9.0,
                2.0
              ],
              "rotation": [
                0.0,
                0.0,
                0.0
              ],
              "uv": [
                14,
                57
              ],
              "inflate": 0
            },
            {
              "origin": [
                12.0,
                41.0,
                -2.0
              ],
              "size": [
                4.0,
                2.0,
                3.0
              ],
              "rotation": [
                0.0,
                0.0,
                0.0
              ],
              "uv": [
                59,
                20
              ],
              "inflate": 0
            },
            {
              "origin": [
                16.0,
                42.0,
                0.0
              ],
              "size": [
                4.0,
                1.0,
                1.0
              ],
              "pivot": [
                17.0,
                41.0,
                0.0
              ],
              "rotation": [
                0.0,
                -17.5,
                0.0
              ],
              "uv": [
                67,
                52
              ],
              "inflate": 0
            },
            {
              "origin": [
                16.0,
                42.0,
                -1.0
              ],
              "size": [
                4.0,
                1.0,
                1.0
              ],
              "pivot": [
                17.0,
                41.0,
                -1.0
              ],
              "rotation": [
                0.0,
                -2.5,
                0.0
              ],
              "uv": [
                64,
                62
              ],
              "inflate": 0
            },
            {
              "origin": [
                16.0,
                42.0,
                -2.0
              ],
              "size": [
                4.0,
                1.0,
                1.0
              ],
              "pivot": [
                17.0,
                41.0,
                -2.0
              ],
              "rotation": [
                0.0,
                12.5,
                0.0
              ],
              "uv": [
                64,
                60
              ],
              "inflate": 0
            },
            {
              "origin": [
                14.0,
                42.0,
                -3.0
              ],
              "size": [
                4.0,
                1.0,
                1.0
              ],
              "pivot": [
                15.0,
                41.0,
                -3.0
              ],
              "rotation": [
                0.0,
                32.5,
                0.0
              ],
              "uv": [
                54,
                54
              ],
              "inflate": 0
            }
          ],
          "rotation": [
            0,
            0,
            0
          ],
          "bind_pose_rotation": [
            0,
            0,
            0
          ]
        }
      ]
    }
  ]
}