{
  "format_version": "1.12.0",
  "minecraft:geometry": [
    {
      "description": {
        "identifier": "geometry.pa_turnoffthelights",
        "texture_width": 64,
        "texture_height": 64,
        "visible_bounds_width": 5,
        "visible_bounds_height": 5,
        "visible_bounds_offset": [
          0,
          1.5,
          0
        ]
      },
      "bones": [
        {
          "name": "unknown_bone",
          "pivot": [
            0,
            0,
            0
          ],
          "cubes": [
            {
              "origin": [
                -5.0,
                2.0,
                0.0
              ],
              "size": [
                1.0,
                4.0,
                1.0
              ],
              "rotation": [
                0.0,
                0.0,
                0.0
              ],
              "uv": [
                14,
                38
              ],
              "inflate": 0
            },
            {
              "origin": [
                -6.0,
                6.0,
                0.0
              ],
              "size": [
                1.0,
                1.0,
                1.0
              ],
              "rotation": [
                0.0,
                0.0,
                0.0
              ],
              "uv": [
                17,
                44
              ],
              "inflate": 0
            },
            {
              "origin": [
                -7.0,
                7.0,
                0.0
              ],
              "size": [
                1.0,
                1.0,
                1.0
              ],
              "rotation": [
                0.0,
                0.0,
                0.0
              ],
              "uv": [
                7,
                44
              ],
              "inflate": 0
            },
            {
              "origin": [
                -6.0,
                8.0,
                0.0
              ],
              "size": [
                1.0,
                1.0,
                1.0
              ],
              "rotation": [
                0.0,
                0.0,
                0.0
              ],
              "uv": [
                43,
                29
              ],
              "inflate": 0
            },
            {
              "origin": [
                -5.0,
                9.0,
                0.0
              ],
              "size": [
                1.0,
                1.0,
                1.0
              ],
              "rotation": [
                0.0,
                0.0,
                0.0
              ],
              "uv": [
                43,
                14
              ],
              "inflate": 0
            },
            {
              "origin": [
                -5.0,
                10.0,
                0.0
              ],
              "size": [
                1.0,
                3.0,
                1.0
              ],
              "rotation": [
                0.0,
                0.0,
                0.0
              ],
              "uv": [
                29,
                8
              ],
              "inflate": 0
            },
            {
              "origin": [
                -4.0,
                13.0,
                0.0
              ],
              "size": [
                1.0,
                1.0,
                1.0
              ],
              "rotation": [
                0.0,
                0.0,
                0.0
              ],
              "uv": [
                43,
                43
              ],
              "inflate": 0
            },
            {
              "origin": [
                -3.0,
                14.0,
                0.0
              ],
              "size": [
                1.0,
                1.0,
                1.0
              ],
              "rotation": [
                0.0,
                0.0,
                0.0
              ],
              "uv": [
                39,
                43
              ],
              "inflate": 0
            },
            {
              "origin": [
                -4.0,
                15.0,
                0.0
              ],
              "size": [
                1.0,
                1.0,
                1.0
              ],
              "rotation": [
                0.0,
                0.0,
                0.0
              ],
              "uv": [
                32,
                43
              ],
              "inflate": 0
            },
            {
              "origin": [
                -5.0,
                16.0,
                0.0
              ],
              "size": [
                1.0,
                1.0,
                1.0
              ],
              "rotation": [
                0.0,
                0.0,
                0.0
              ],
              "uv": [
                28,
                43
              ],
              "inflate": 0
            },
            {
              "origin": [
                1.0,
                0.0,
                -3.0
              ],
              "size": [
                3.0,
                2.0,
                4.0
              ],
              "rotation": [
                0.0,
                0.0,
                0.0
              ],
              "uv": [
                0,
                31
              ],
              "inflate": 0
            },
            {
              "origin": [
                -5.0,
                17.0,
                0.0
              ],
              "size": [
                8.0,
                1.0,
                1.0
              ],
              "rotation": [
                0.0,
                0.0,
                0.0
              ],
              "uv": [
                22,
                14
              ],
              "inflate": 0
            },
            {
              "origin": [
                2.0,
                16.0,
                0.0
              ],
              "size": [
                1.0,
                1.0,
                1.0
              ],
              "rotation": [
                0.0,
                0.0,
                0.0
              ],
              "uv": [
                24,
                43
              ],
              "inflate": 0
            },
            {
              "origin": [
                1.0,
                15.0,
                0.0
              ],
              "size": [
                1.0,
                1.0,
                1.0
              ],
              "rotation": [
                0.0,
                0.0,
                0.0
              ],
              "uv": [
                20,
                43
              ],
              "inflate": 0
            },
            {
              "origin": [
                0.0,
                14.0,
                0.0
              ],
              "size": [
                1.0,
                1.0,
                1.0
              ],
              "rotation": [
                0.0,
                0.0,
                0.0
              ],
              "uv": [
                14,
                43
              ],
              "inflate": 0
            },
            {
              "origin": [
                1.0,
                13.0,
                0.0
              ],
              "size": [
                1.0,
                1.0,
                1.0
              ],
              "rotation": [
                0.0,
                0.0,
                0.0
              ],
              "uv": [
                10,
                43
              ],
              "inflate": 0
            },
            {
              "origin": [
                2.0,
                9.0,
                0.0
              ],
              "size": [
                1.0,
                4.0,
                1.0
              ],
              "rotation": [
                0.0,
                0.0,
                0.0
              ],
              "uv": [
                37,
                24
              ],
              "inflate": 0
            },
            {
              "origin": [
                3.0,
                8.0,
                0.0
              ],
              "size": [
                1.0,
                1.0,
                1.0
              ],
              "rotation": [
                0.0,
                0.0,
                0.0
              ],
              "uv": [
                4,
                43
              ],
              "inflate": 0
            },
            {
              "origin": [
                4.0,
                7.0,
                0.0
              ],
              "size": [
                1.0,
                1.0,
                1.0
              ],
              "rotation": [
                0.0,
                0.0,
                0.0
              ],
              "uv": [
                0,
                43
              ],
              "inflate": 0
            },
            {
              "origin": [
                3.0,
                6.0,
                0.0
              ],
              "size": [
                1.0,
                1.0,
                1.0
              ],
              "rotation": [
                0.0,
                0.0,
                0.0
              ],
              "uv": [
                42,
                19
              ],
              "inflate": 0
            },
            {
              "origin": [
                2.0,
                2.0,
                0.0
              ],
              "size": [
                1.0,
                4.0,
                1.0
              ],
              "rotation": [
                0.0,
                0.0,
                0.0
              ],
              "uv": [
                0,
                0
              ],
              "inflate": 0
            },
            {
              "origin": [
                -2.0,
                18.0,
                0.0
              ],
              "size": [
                2.0,
                9.0,
                1.0
              ],
              "rotation": [
                0.0,
                0.0,
                0.0
              ],
              "uv": [
                36,
                1
              ],
              "inflate": 0
            },
            {
              "origin": [
                -7.0,
                28.0,
                0.0
              ],
              "size": [
                1.0,
                1.0,
                1.0
              ],
              "rotation": [
                0.0,
                0.0,
                0.0
              ],
              "uv": [
                42,
                17
              ],
              "inflate": 0
            },
            {
              "origin": [
                -6.0,
                27.0,
                0.0
              ],
              "size": [
                1.0,
                1.0,
                1.0
              ],
              "rotation": [
                0.0,
                0.0,
                0.0
              ],
              "uv": [
                42,
                12
              ],
              "inflate": 0
            },
            {
              "origin": [
                -8.0,
                29.0,
                0.0
              ],
              "size": [
                1.0,
                1.0,
                1.0
              ],
              "rotation": [
                0.0,
                0.0,
                0.0
              ],
              "uv": [
                42,
                10
              ],
              "inflate": 0
            },
            {
              "origin": [
                -5.0,
                27.0,
                0.0
              ],
              "size": [
                9.0,
                1.0,
                1.0
              ],
              "rotation": [
                0.0,
                0.0,
                0.0
              ],
              "uv": [
                17,
                0
              ],
              "inflate": 0
            },
            {
              "origin": [
                -13.0,
                27.0,
                0.0
              ],
              "size": [
                4.0,
                1.0,
                1.0
              ],
              "rotation": [
                0.0,
                0.0,
                0.0
              ],
              "uv": [
                0,
                37
              ],
              "inflate": 0
            },
            {
              "origin": [
                -14.0,
                26.0,
                0.0
              ],
              "size": [
                1.0,
                1.0,
                1.0
              ],
              "rotation": [
                0.0,
                0.0,
                0.0
              ],
              "uv": [
                42,
                8
              ],
              "inflate": 0
            },
            {
              "origin": [
                -9.0,
                28.0,
                0.0
              ],
              "size": [
                1.0,
                1.0,
                1.0
              ],
              "rotation": [
                0.0,
                0.0,
                0.0
              ],
              "uv": [
                42,
                6
              ],
              "inflate": 0
            },
            {
              "origin": [
                -15.0,
                25.0,
                0.0
              ],
              "size": [
                1.0,
                1.0,
                1.0
              ],
              "rotation": [
                0.0,
                0.0,
                0.0
              ],
              "uv": [
                42,
                4
              ],
              "inflate": 0
            },
            {
              "origin": [
                -16.0,
                26.0,
                0.0
              ],
              "size": [
                1.0,
                1.0,
                1.0
              ],
              "rotation": [
                0.0,
                0.0,
                0.0
              ],
              "uv": [
                42,
                2
              ],
              "inflate": 0
            },
            {
              "origin": [
                -19.0,
                27.0,
                0.0
              ],
              "size": [
                3.0,
                1.0,
                1.0
              ],
              "rotation": [
                0.0,
                0.0,
                0.0
              ],
              "uv": [
                37,
                22
              ],
              "inflate": 0
            },
            {
              "origin": [
                -25.0,
                25.0,
                0.0
              ],
              "size": [
                6.0,
                5.0,
                1.0
              ],
              "rotation": [
                0.0,
                0.0,
                0.0
              ],
              "uv": [
                22,
                2
              ],
              "inflate": 0
            },
            {
              "origin": [
                -6.0,
                0.0,
                -3.0
              ],
              "size": [
                3.0,
                2.0,
                4.0
              ],
              "rotation": [
                0.0,
                0.0,
                0.0
              ],
              "uv": [
                19,
                8
              ],
              "inflate": 0
            },
            {
              "origin": [
                -24.0,
                24.0,
                0.0
              ],
              "size": [
                4.0,
                1.0,
                1.0
              ],
              "rotation": [
                0.0,
                0.0,
                0.0
              ],
              "uv": [
                35,
                31
              ],
              "inflate": 0
            },
            {
              "origin": [
                -26.0,
                25.0,
                0.0
              ],
              "size": [
                1.0,
                5.0,
                1.0
              ],
              "rotation": [
                0.0,
                0.0,
                0.0
              ],
              "uv": [
                10,
                37
              ],
              "inflate": 0
            },
            {
              "origin": [
                -21.0,
                23.0,
                0.0
              ],
              "size": [
                1.0,
                1.0,
                1.0
              ],
              "rotation": [
                0.0,
                0.0,
                0.0
              ],
              "uv": [
                36,
                42
              ],
              "inflate": 0
            },
            {
              "origin": [
                -23.0,
                23.0,
                0.0
              ],
              "size": [
                1.0,
                1.0,
                1.0
              ],
              "rotation": [
                0.0,
                0.0,
                0.0
              ],
              "uv": [
                17,
                42
              ],
              "inflate": 0
            },
            {
              "origin": [
                -25.0,
                24.0,
                0.0
              ],
              "size": [
                1.0,
                1.0,
                1.0
              ],
              "rotation": [
                0.0,
                0.0,
                0.0
              ],
              "uv": [
                7,
                42
              ],
              "inflate": 0
            },
            {
              "origin": [
                -27.0,
                25.0,
                0.0
              ],
              "size": [
                1.0,
                1.0,
                1.0
              ],
              "rotation": [
                0.0,
                0.0,
                0.0
              ],
              "uv": [
                41,
                39
              ],
              "inflate": 0
            },
            {
              "origin": [
                -24.0,
                31.0,
                0.0
              ],
              "size": [
                1.0,
                1.0,
                1.0
              ],
              "rotation": [
                0.0,
                0.0,
                0.0
              ],
              "uv": [
                41,
                36
              ],
              "inflate": 0
            },
            {
              "origin": [
                -26.0,
                23.0,
                0.0
              ],
              "size": [
                1.0,
                1.0,
                1.0
              ],
              "rotation": [
                0.0,
                0.0,
                0.0
              ],
              "uv": [
                41,
                34
              ],
              "inflate": 0
            },
            {
              "origin": [
                -27.0,
                29.0,
                0.0
              ],
              "size": [
                1.0,
                1.0,
                1.0
              ],
              "rotation": [
                0.0,
                0.0,
                0.0
              ],
              "uv": [
                41,
                26
              ],
              "inflate": 0
            },
            {
              "origin": [
                -25.0,
                30.0,
                0.0
              ],
              "size": [
                1.0,
                1.0,
                1.0
              ],
              "rotation": [
                0.0,
                0.0,
                0.0
              ],
              "uv": [
                41,
                24
              ],
              "inflate": 0
            },
            {
              "origin": [
                -26.0,
                31.0,
                0.0
              ],
              "size": [
                1.0,
                1.0,
                1.0
              ],
              "rotation": [
                0.0,
                0.0,
                0.0
              ],
              "uv": [
                41,
                0
              ],
              "inflate": 0
            },
            {
              "origin": [
                -27.0,
                27.0,
                0.0
              ],
              "size": [
                1.0,
                1.0,
                1.0
              ],
              "rotation": [
                0.0,
                0.0,
                0.0
              ],
              "uv": [
                41,
                41
              ],
              "inflate": 0
            },
            {
              "origin": [
                -22.0,
                31.0,
                0.0
              ],
              "size": [
                1.0,
                1.0,
                1.0
              ],
              "rotation": [
                0.0,
                0.0,
                0.0
              ],
              "uv": [
                33,
                41
              ],
              "inflate": 0
            },
            {
              "origin": [
                -24.0,
                30.0,
                0.0
              ],
              "size": [
                4.0,
                1.0,
                1.0
              ],
              "rotation": [
                0.0,
                0.0,
                0.0
              ],
              "uv": [
                33,
                11
              ],
              "inflate": 0
            },
            {
              "origin": [
                -19.0,
                31.0,
                0.0
              ],
              "size": [
                1.0,
                1.0,
                1.0
              ],
              "rotation": [
                0.0,
                0.0,
                0.0
              ],
              "uv": [
                29,
                41
              ],
              "inflate": 0
            },
            {
              "origin": [
                -20.0,
                24.0,
                0.0
              ],
              "size": [
                1.0,
                1.0,
                1.0
              ],
              "rotation": [
                0.0,
                0.0,
                0.0
              ],
              "uv": [
                25,
                41
              ],
              "inflate": 0
            },
            {
              "origin": [
                -19.0,
                23.0,
                0.0
              ],
              "size": [
                1.0,
                1.0,
                1.0
              ],
              "rotation": [
                0.0,
                0.0,
                0.0
              ],
              "uv": [
                21,
                41
              ],
              "inflate": 0
            },
            {
              "origin": [
                -24.0,
                26.0,
                -1.0
              ],
              "size": [
                3.0,
                3.0,
                3.0
              ],
              "rotation": [
                0.0,
                0.0,
                0.0
              ],
              "uv": [
                26,
                31
              ],
              "inflate": 0
            },
            {
              "origin": [
                4.0,
                28.0,
                0.0
              ],
              "size": [
                1.0,
                1.0,
                1.0
              ],
              "rotation": [
                0.0,
                0.0,
                0.0
              ],
              "uv": [
                4,
                41
              ],
              "inflate": 0
            },
            {
              "origin": [
                5.0,
                29.0,
                0.0
              ],
              "size": [
                1.0,
                1.0,
                1.0
              ],
              "rotation": [
                0.0,
                0.0,
                0.0
              ],
              "uv": [
                0,
                41
              ],
              "inflate": 0
            },
            {
              "origin": [
                6.0,
                28.0,
                0.0
              ],
              "size": [
                1.0,
                1.0,
                1.0
              ],
              "rotation": [
                0.0,
                0.0,
                0.0
              ],
              "uv": [
                40,
                28
              ],
              "inflate": 0
            },
            {
              "origin": [
                7.0,
                27.0,
                0.0
              ],
              "size": [
                4.0,
                1.0,
                1.0
              ],
              "rotation": [
                0.0,
                0.0,
                0.0
              ],
              "uv": [
                22,
                16
              ],
              "inflate": 0
            },
            {
              "origin": [
                11.0,
                26.0,
                0.0
              ],
              "size": [
                1.0,
                1.0,
                1.0
              ],
              "rotation": [
                0.0,
                0.0,
                0.0
              ],
              "uv": [
                40,
                15
              ],
              "inflate": 0
            },
            {
              "origin": [
                12.0,
                25.0,
                0.0
              ],
              "size": [
                1.0,
                1.0,
                1.0
              ],
              "rotation": [
                0.0,
                0.0,
                0.0
              ],
              "uv": [
                38,
                40
              ],
              "inflate": 0
            },
            {
              "origin": [
                13.0,
                26.0,
                0.0
              ],
              "size": [
                1.0,
                1.0,
                1.0
              ],
              "rotation": [
                0.0,
                0.0,
                0.0
              ],
              "uv": [
                18,
                40
              ],
              "inflate": 0
            },
            {
              "origin": [
                14.0,
                27.0,
                0.0
              ],
              "size": [
                3.0,
                1.0,
                1.0
              ],
              "rotation": [
                0.0,
                0.0,
                0.0
              ],
              "uv": [
                31,
                37
              ],
              "inflate": 0
            },
            {
              "origin": [
                17.0,
                23.0,
                0.0
              ],
              "size": [
                6.0,
                8.0,
                1.0
              ],
              "rotation": [
                0.0,
                0.0,
                0.0
              ],
              "uv": [
                0,
                22
              ],
              "inflate": 0
            },
            {
              "origin": [
                23.0,
                24.0,
                0.0
              ],
              "size": [
                1.0,
                6.0,
                1.0
              ],
              "rotation": [
                0.0,
                0.0,
                0.0
              ],
              "uv": [
                14,
                22
              ],
              "inflate": 0
            },
            {
              "origin": [
                19.0,
                25.0,
                -1.0
              ],
              "size": [
                3.0,
                4.0,
                3.0
              ],
              "rotation": [
                0.0,
                0.0,
                0.0
              ],
              "uv": [
                14,
                31
              ],
              "inflate": 0
            },
            {
              "origin": [
                -20.0,
                30.0,
                0.0
              ],
              "size": [
                1.0,
                1.0,
                1.0
              ],
              "rotation": [
                0.0,
                0.0,
                0.0
              ],
              "uv": [
                39,
                13
              ],
              "inflate": 0
            },
            {
              "origin": [
                16.0,
                31.0,
                0.0
              ],
              "size": [
                1.0,
                1.0,
                1.0
              ],
              "rotation": [
                0.0,
                0.0,
                0.0
              ],
              "uv": [
                35,
                39
              ],
              "inflate": 0
            },
            {
              "origin": [
                19.0,
                31.0,
                0.0
              ],
              "size": [
                1.0,
                1.0,
                1.0
              ],
              "rotation": [
                0.0,
                0.0,
                0.0
              ],
              "uv": [
                31,
                39
              ],
              "inflate": 0
            },
            {
              "origin": [
                21.0,
                31.0,
                0.0
              ],
              "size": [
                1.0,
                1.0,
                1.0
              ],
              "rotation": [
                0.0,
                0.0,
                0.0
              ],
              "uv": [
                21,
                39
              ],
              "inflate": 0
            },
            {
              "origin": [
                23.0,
                31.0,
                0.0
              ],
              "size": [
                1.0,
                1.0,
                1.0
              ],
              "rotation": [
                0.0,
                0.0,
                0.0
              ],
              "uv": [
                4,
                39
              ],
              "inflate": 0
            },
            {
              "origin": [
                24.0,
                29.0,
                0.0
              ],
              "size": [
                1.0,
                1.0,
                1.0
              ],
              "rotation": [
                0.0,
                0.0,
                0.0
              ],
              "uv": [
                0,
                39
              ],
              "inflate": 0
            },
            {
              "origin": [
                24.0,
                27.0,
                0.0
              ],
              "size": [
                1.0,
                1.0,
                1.0
              ],
              "rotation": [
                0.0,
                0.0,
                0.0
              ],
              "uv": [
                38,
                35
              ],
              "inflate": 0
            },
            {
              "origin": [
                24.0,
                25.0,
                0.0
              ],
              "size": [
                1.0,
                1.0,
                1.0
              ],
              "rotation": [
                0.0,
                0.0,
                0.0
              ],
              "uv": [
                38,
                33
              ],
              "inflate": 0
            },
            {
              "origin": [
                24.0,
                23.0,
                0.0
              ],
              "size": [
                1.0,
                1.0,
                1.0
              ],
              "rotation": [
                0.0,
                0.0,
                0.0
              ],
              "uv": [
                38,
                38
              ],
              "inflate": 0
            },
            {
              "origin": [
                18.0,
                22.0,
                0.0
              ],
              "size": [
                1.0,
                1.0,
                1.0
              ],
              "rotation": [
                0.0,
                0.0,
                0.0
              ],
              "uv": [
                18,
                38
              ],
              "inflate": 0
            },
            {
              "origin": [
                20.0,
                22.0,
                0.0
              ],
              "size": [
                1.0,
                1.0,
                1.0
              ],
              "rotation": [
                0.0,
                0.0,
                0.0
              ],
              "uv": [
                37,
                29
              ],
              "inflate": 0
            },
            {
              "origin": [
                22.0,
                22.0,
                0.0
              ],
              "size": [
                1.0,
                1.0,
                1.0
              ],
              "rotation": [
                0.0,
                0.0,
                0.0
              ],
              "uv": [
                10,
                33
              ],
              "inflate": 0
            },
            {
              "origin": [
                16.0,
                24.0,
                0.0
              ],
              "size": [
                1.0,
                1.0,
                1.0
              ],
              "rotation": [
                0.0,
                0.0,
                0.0
              ],
              "uv": [
                0,
                33
              ],
              "inflate": 0
            },
            {
              "origin": [
                16.0,
                29.0,
                0.0
              ],
              "size": [
                1.0,
                1.0,
                1.0
              ],
              "rotation": [
                0.0,
                0.0,
                0.0
              ],
              "uv": [
                32,
                16
              ],
              "inflate": 0
            },
            {
              "origin": [
                16.0,
                22.0,
                0.0
              ],
              "size": [
                1.0,
                1.0,
                1.0
              ],
              "rotation": [
                0.0,
                0.0,
                0.0
              ],
              "uv": [
                13,
                32
              ],
              "inflate": 0
            },
            {
              "origin": [
                -19.0,
                29.0,
                0.0
              ],
              "size": [
                1.0,
                1.0,
                1.0
              ],
              "rotation": [
                0.0,
                0.0,
                0.0
              ],
              "uv": [
                23,
                31
              ],
              "inflate": 0
            },
            {
              "origin": [
                -2.0,
                28.0,
                0.0
              ],
              "size": [
                2.0,
                3.0,
                1.0
              ],
              "rotation": [
                0.0,
                0.0,
                0.0
              ],
              "uv": [
                25,
                37
              ],
              "inflate": 0
            },
            {
              "origin": [
                -4.0,
                31.0,
                -1.0
              ],
              "size": [
                6.0,
                9.0,
                3.0
              ],
              "rotation": [
                0.0,
                0.0,
                0.0
              ],
              "uv": [
                19,
                19
              ],
              "inflate": 0
            },
            {
              "origin": [
                -5.0,
                32.0,
                -1.0
              ],
              "size": [
                8.0,
                7.0,
                3.0
              ],
              "rotation": [
                0.0,
                0.0,
                0.0
              ],
              "uv": [
                0,
                12
              ],
              "inflate": 0
            },
            {
              "origin": [
                -4.0,
                32.0,
                -2.0
              ],
              "size": [
                6.0,
                7.0,
                5.0
              ],
              "rotation": [
                0.0,
                0.0,
                0.0
              ],
              "uv": [
                0,
                0
              ],
              "inflate": 0
            },
            {
              "origin": [
                -2.0,
                40.0,
                0.0
              ],
              "size": [
                2.0,
                4.0,
                2.0
              ],
              "rotation": [
                0.0,
                0.0,
                0.0
              ],
              "uv": [
                34,
                16
              ],
              "inflate": 0
            },
            {
              "origin": [
                -1.0,
                34.0,
                0.0
              ],
              "size": [
                1.0,
                1.0,
                1.0
              ],
              "rotation": [
                0.0,
                0.0,
                0.0
              ],
              "uv": [
                10,
                31
              ],
              "inflate": 0
            },
            {
              "origin": [
                -1.0,
                34.0,
                0.0
              ],
              "size": [
                1.0,
                1.0,
                1.0
              ],
              "rotation": [
                0.0,
                0.0,
                0.0
              ],
              "uv": [
                0,
                31
              ],
              "inflate": 0
            },
            {
              "origin": [
                -1.0,
                33.0,
                0.0
              ],
              "size": [
                1.0,
                1.0,
                1.0
              ],
              "rotation": [
                0.0,
                0.0,
                0.0
              ],
              "uv": [
                14,
                29
              ],
              "inflate": 0
            },
            {
              "origin": [
                -19.0,
                25.0,
                0.0
              ],
              "size": [
                1.0,
                1.0,
                1.0
              ],
              "rotation": [
                0.0,
                0.0,
                0.0
              ],
              "uv": [
                17,
                2
              ],
              "inflate": 0
            }
          ],
          "rotation": [
            0,
            0,
            0
          ],
          "bind_pose_rotation": [
            0,
            0,
            0
          ]
        }
      ]
    }
  ]
}