{
  "format_version": "1.12.0",
  "minecraft:geometry": [
    {
      "description": {
        "identifier": "geometry.pa_traineater",
        "texture_width": 256,
        "texture_height": 256,
        "visible_bounds_width": 3,
        "visible_bounds_height": 2.5,
        "visible_bounds_offset": [
          0,
          0.75,
          0
        ]
      },
      "bones": [
        {
          "name": "unknown_bone",
          "pivot": [
            0,
            0,
            0
          ],
          "cubes": [
            {
              "origin": [
                7.0,
                2.0,
                0.0
              ],
              "size": [
                1.0,
                1.0,
                1.0
              ],
              "rotation": [
                0.0,
                0.0,
                0.0
              ],
              "uv": [
                0,
                67
              ],
              "inflate": 0
            },
            {
              "origin": [
                8.0,
                0.0,
                2.0
              ],
              "size": [
                1.0,
                2.0,
                1.0
              ],
              "rotation": [
                0.0,
                0.0,
                0.0
              ],
              "uv": [
                4,
                62
              ],
              "inflate": 0
            },
            {
              "origin": [
                7.0,
                2.0,
                2.0
              ],
              "size": [
                1.0,
                1.0,
                1.0
              ],
              "rotation": [
                0.0,
                0.0,
                0.0
              ],
              "uv": [
                61,
                66
              ],
              "inflate": 0
            },
            {
              "origin": [
                8.0,
                0.0,
                -2.0
              ],
              "size": [
                1.0,
                2.0,
                1.0
              ],
              "rotation": [
                0.0,
                0.0,
                0.0
              ],
              "uv": [
                0,
                62
              ],
              "inflate": 0
            },
            {
              "origin": [
                7.0,
                2.0,
                -2.0
              ],
              "size": [
                1.0,
                1.0,
                1.0
              ],
              "rotation": [
                0.0,
                0.0,
                0.0
              ],
              "uv": [
                36,
                66
              ],
              "inflate": 0
            },
            {
              "origin": [
                8.0,
                0.0,
                -4.0
              ],
              "size": [
                1.0,
                2.0,
                1.0
              ],
              "rotation": [
                0.0,
                0.0,
                0.0
              ],
              "uv": [
                61,
                57
              ],
              "inflate": 0
            },
            {
              "origin": [
                7.0,
                2.0,
                -4.0
              ],
              "size": [
                1.0,
                1.0,
                1.0
              ],
              "rotation": [
                0.0,
                0.0,
                0.0
              ],
              "uv": [
                29,
                66
              ],
              "inflate": 0
            },
            {
              "origin": [
                8.0,
                0.0,
                4.0
              ],
              "size": [
                1.0,
                2.0,
                1.0
              ],
              "rotation": [
                0.0,
                0.0,
                0.0
              ],
              "uv": [
                61,
                54
              ],
              "inflate": 0
            },
            {
              "origin": [
                7.0,
                2.0,
                4.0
              ],
              "size": [
                1.0,
                1.0,
                1.0
              ],
              "rotation": [
                0.0,
                0.0,
                0.0
              ],
              "uv": [
                25,
                66
              ],
              "inflate": 0
            },
            {
              "origin": [
                8.0,
                0.0,
                6.0
              ],
              "size": [
                1.0,
                2.0,
                1.0
              ],
              "rotation": [
                0.0,
                0.0,
                0.0
              ],
              "uv": [
                61,
                51
              ],
              "inflate": 0
            },
            {
              "origin": [
                7.0,
                2.0,
                6.0
              ],
              "size": [
                1.0,
                1.0,
                1.0
              ],
              "rotation": [
                0.0,
                0.0,
                0.0
              ],
              "uv": [
                21,
                66
              ],
              "inflate": 0
            },
            {
              "origin": [
                8.0,
                0.0,
                -6.0
              ],
              "size": [
                1.0,
                2.0,
                1.0
              ],
              "rotation": [
                0.0,
                0.0,
                0.0
              ],
              "uv": [
                61,
                48
              ],
              "inflate": 0
            },
            {
              "origin": [
                7.0,
                2.0,
                -6.0
              ],
              "size": [
                1.0,
                1.0,
                1.0
              ],
              "rotation": [
                0.0,
                0.0,
                0.0
              ],
              "uv": [
                15,
                66
              ],
              "inflate": 0
            },
            {
              "origin": [
                8.0,
                0.0,
                -8.0
              ],
              "size": [
                1.0,
                2.0,
                1.0
              ],
              "rotation": [
                0.0,
                0.0,
                0.0
              ],
              "uv": [
                61,
                45
              ],
              "inflate": 0
            },
            {
              "origin": [
                7.0,
                2.0,
                -8.0
              ],
              "size": [
                1.0,
                1.0,
                1.0
              ],
              "rotation": [
                0.0,
                0.0,
                0.0
              ],
              "uv": [
                11,
                66
              ],
              "inflate": 0
            },
            {
              "origin": [
                8.0,
                0.0,
                -10.0
              ],
              "size": [
                1.0,
                2.0,
                1.0
              ],
              "rotation": [
                0.0,
                0.0,
                0.0
              ],
              "uv": [
                61,
                42
              ],
              "inflate": 0
            },
            {
              "origin": [
                8.0,
                0.0,
                -12.0
              ],
              "size": [
                1.0,
                2.0,
                1.0
              ],
              "rotation": [
                0.0,
                0.0,
                0.0
              ],
              "uv": [
                20,
                60
              ],
              "inflate": 0
            },
            {
              "origin": [
                8.0,
                0.0,
                -14.0
              ],
              "size": [
                1.0,
                2.0,
                1.0
              ],
              "rotation": [
                0.0,
                0.0,
                0.0
              ],
              "uv": [
                35,
                57
              ],
              "inflate": 0
            },
            {
              "origin": [
                8.0,
                0.0,
                -16.0
              ],
              "size": [
                1.0,
                2.0,
                1.0
              ],
              "rotation": [
                0.0,
                0.0,
                0.0
              ],
              "uv": [
                20,
                57
              ],
              "inflate": 0
            },
            {
              "origin": [
                8.0,
                0.0,
                -18.0
              ],
              "size": [
                1.0,
                2.0,
                1.0
              ],
              "rotation": [
                0.0,
                0.0,
                0.0
              ],
              "uv": [
                35,
                54
              ],
              "inflate": 0
            },
            {
              "origin": [
                8.0,
                0.0,
                -20.0
              ],
              "size": [
                1.0,
                2.0,
                1.0
              ],
              "rotation": [
                0.0,
                0.0,
                0.0
              ],
              "uv": [
                20,
                54
              ],
              "inflate": 0
            },
            {
              "origin": [
                8.0,
                0.0,
                -22.0
              ],
              "size": [
                1.0,
                2.0,
                1.0
              ],
              "rotation": [
                0.0,
                0.0,
                0.0
              ],
              "uv": [
                16,
                54
              ],
              "inflate": 0
            },
            {
              "origin": [
                8.0,
                0.0,
                -24.0
              ],
              "size": [
                1.0,
                2.0,
                1.0
              ],
              "rotation": [
                0.0,
                0.0,
                0.0
              ],
              "uv": [
                10,
                54
              ],
              "inflate": 0
            },
            {
              "origin": [
                8.0,
                0.0,
                -26.0
              ],
              "size": [
                1.0,
                2.0,
                1.0
              ],
              "rotation": [
                0.0,
                0.0,
                0.0
              ],
              "uv": [
                6,
                54
              ],
              "inflate": 0
            },
            {
              "origin": [
                7.0,
                2.0,
                -10.0
              ],
              "size": [
                1.0,
                1.0,
                1.0
              ],
              "rotation": [
                0.0,
                0.0,
                0.0
              ],
              "uv": [
                7,
                66
              ],
              "inflate": 0
            },
            {
              "origin": [
                8.0,
                0.0,
                0.0
              ],
              "size": [
                1.0,
                2.0,
                1.0
              ],
              "rotation": [
                0.0,
                0.0,
                0.0
              ],
              "uv": [
                61,
                61
              ],
              "inflate": 0
            },
            {
              "origin": [
                -8.0,
                4.0,
                -27.0
              ],
              "size": [
                3.0,
                11.0,
                40.0
              ],
              "rotation": [
                0.0,
                0.0,
                0.0
              ],
              "uv": [
                68,
                2
              ],
              "inflate": 0
            },
            {
              "origin": [
                -7.0,
                4.0,
                10.0
              ],
              "size": [
                14.0,
                2.0,
                4.0
              ],
              "rotation": [
                0.0,
                0.0,
                0.0
              ],
              "uv": [
                0,
                17
              ],
              "inflate": 0
            },
            {
              "origin": [
                -5.0,
                6.0,
                12.0
              ],
              "size": [
                10.0,
                2.0,
                1.0
              ],
              "rotation": [
                0.0,
                0.0,
                0.0
              ],
              "uv": [
                0,
                36
              ],
              "inflate": 0
            },
            {
              "origin": [
                7.0,
                2.0,
                -12.0
              ],
              "size": [
                1.0,
                1.0,
                1.0
              ],
              "rotation": [
                0.0,
                0.0,
                0.0
              ],
              "uv": [
                65,
                61
              ],
              "inflate": 0
            },
            {
              "origin": [
                7.0,
                2.0,
                -14.0
              ],
              "size": [
                1.0,
                1.0,
                1.0
              ],
              "rotation": [
                0.0,
                0.0,
                0.0
              ],
              "uv": [
                64,
                44
              ],
              "inflate": 0
            },
            {
              "origin": [
                7.0,
                2.0,
                -16.0
              ],
              "size": [
                1.0,
                1.0,
                1.0
              ],
              "rotation": [
                0.0,
                0.0,
                0.0
              ],
              "uv": [
                61,
                64
              ],
              "inflate": 0
            },
            {
              "origin": [
                7.0,
                2.0,
                -22.0
              ],
              "size": [
                1.0,
                1.0,
                1.0
              ],
              "rotation": [
                0.0,
                0.0,
                0.0
              ],
              "uv": [
                37,
                64
              ],
              "inflate": 0
            },
            {
              "origin": [
                7.0,
                2.0,
                -24.0
              ],
              "size": [
                1.0,
                1.0,
                1.0
              ],
              "rotation": [
                0.0,
                0.0,
                0.0
              ],
              "uv": [
                22,
                64
              ],
              "inflate": 0
            },
            {
              "origin": [
                7.0,
                2.0,
                -26.0
              ],
              "size": [
                1.0,
                1.0,
                1.0
              ],
              "rotation": [
                0.0,
                0.0,
                0.0
              ],
              "uv": [
                15,
                64
              ],
              "inflate": 0
            },
            {
              "origin": [
                7.0,
                2.0,
                -20.0
              ],
              "size": [
                1.0,
                1.0,
                1.0
              ],
              "rotation": [
                0.0,
                0.0,
                0.0
              ],
              "uv": [
                26,
                64
              ],
              "inflate": 0
            },
            {
              "origin": [
                7.0,
                2.0,
                -18.0
              ],
              "size": [
                1.0,
                1.0,
                1.0
              ],
              "rotation": [
                0.0,
                0.0,
                0.0
              ],
              "uv": [
                30,
                64
              ],
              "inflate": 0
            },
            {
              "origin": [
                3.0,
                6.0,
                13.0
              ],
              "size": [
                2.0,
                2.0,
                1.0
              ],
              "rotation": [
                0.0,
                0.0,
                0.0
              ],
              "uv": [
                22,
                42
              ],
              "inflate": 0
            },
            {
              "origin": [
                -2.0,
                6.0,
                13.0
              ],
              "size": [
                4.0,
                2.0,
                1.0
              ],
              "rotation": [
                0.0,
                0.0,
                0.0
              ],
              "uv": [
                30,
                27
              ],
              "inflate": 0
            },
            {
              "origin": [
                -5.0,
                6.0,
                13.0
              ],
              "size": [
                2.0,
                2.0,
                1.0
              ],
              "rotation": [
                0.0,
                0.0,
                0.0
              ],
              "uv": [
                14,
                42
              ],
              "inflate": 0
            },
            {
              "origin": [
                -4.0,
                8.0,
                12.0
              ],
              "size": [
                2.0,
                2.0,
                1.0
              ],
              "rotation": [
                0.0,
                0.0,
                0.0
              ],
              "uv": [
                8,
                42
              ],
              "inflate": 0
            },
            {
              "origin": [
                -1.0,
                8.0,
                12.0
              ],
              "size": [
                2.0,
                2.0,
                1.0
              ],
              "rotation": [
                0.0,
                0.0,
                0.0
              ],
              "uv": [
                0,
                42
              ],
              "inflate": 0
            },
            {
              "origin": [
                2.0,
                8.0,
                12.0
              ],
              "size": [
                2.0,
                2.0,
                1.0
              ],
              "rotation": [
                0.0,
                0.0,
                0.0
              ],
              "uv": [
                15,
                27
              ],
              "inflate": 0
            },
            {
              "origin": [
                5.0,
                8.0,
                12.0
              ],
              "size": [
                2.0,
                2.0,
                1.0
              ],
              "rotation": [
                0.0,
                0.0,
                0.0
              ],
              "uv": [
                0,
                27
              ],
              "inflate": 0
            },
            {
              "origin": [
                5.0,
                4.0,
                -27.0
              ],
              "size": [
                3.0,
                11.0,
                40.0
              ],
              "rotation": [
                0.0,
                0.0,
                0.0
              ],
              "uv": [
                62,
                62
              ],
              "inflate": 0
            },
            {
              "origin": [
                6.0,
                15.0,
                -27.0
              ],
              "size": [
                1.0,
                1.0,
                40.0
              ],
              "rotation": [
                0.0,
                0.0,
                0.0
              ],
              "uv": [
                44,
                113
              ],
              "inflate": 0
            },
            {
              "origin": [
                -7.0,
                15.0,
                -27.0
              ],
              "size": [
                1.0,
                1.0,
                40.0
              ],
              "rotation": [
                0.0,
                0.0,
                0.0
              ],
              "uv": [
                108,
                53
              ],
              "inflate": 0
            },
            {
              "origin": [
                -6.0,
                3.0,
                -29.0
              ],
              "size": [
                12.0,
                12.0,
                5.0
              ],
              "rotation": [
                0.0,
                0.0,
                0.0
              ],
              "uv": [
                0,
                0
              ],
              "inflate": 0
            },
            {
              "origin": [
                -6.0,
                15.0,
                -28.0
              ],
              "size": [
                1.0,
                2.0,
                41.0
              ],
              "rotation": [
                0.0,
                0.0,
                0.0
              ],
              "uv": [
                107,
                107
              ],
              "inflate": 0
            },
            {
              "origin": [
                5.0,
                15.0,
                -28.0
              ],
              "size": [
                1.0,
                2.0,
                41.0
              ],
              "rotation": [
                0.0,
                0.0,
                0.0
              ],
              "uv": [
                0,
                86
              ],
              "inflate": 0
            },
            {
              "origin": [
                -5.0,
                15.0,
                -28.0
              ],
              "size": [
                10.0,
                3.0,
                41.0
              ],
              "rotation": [
                0.0,
                0.0,
                0.0
              ],
              "uv": [
                0,
                42
              ],
              "inflate": 0
            },
            {
              "origin": [
                -5.0,
                8.0,
                3.0
              ],
              "size": [
                10.0,
                2.0,
                2.0
              ],
              "rotation": [
                0.0,
                0.0,
                0.0
              ],
              "uv": [
                15,
                23
              ],
              "inflate": 0
            },
            {
              "origin": [
                -1.0,
                5.0,
                3.0
              ],
              "size": [
                2.0,
                8.0,
                3.0
              ],
              "rotation": [
                0.0,
                0.0,
                0.0
              ],
              "uv": [
                25,
                51
              ],
              "inflate": 0
            },
            {
              "origin": [
                -2.0,
                6.0,
                1.0
              ],
              "size": [
                4.0,
                1.0,
                7.0
              ],
              "rotation": [
                0.0,
                0.0,
                0.0
              ],
              "uv": [
                0,
                23
              ],
              "inflate": 0
            },
            {
              "origin": [
                -7.0,
                2.0,
                -27.0
              ],
              "size": [
                14.0,
                2.0,
                40.0
              ],
              "rotation": [
                0.0,
                0.0,
                0.0
              ],
              "uv": [
                0,
                0
              ],
              "inflate": 0
            },
            {
              "origin": [
                -9.0,
                9.0,
                0.0
              ],
              "size": [
                1.0,
                4.0,
                4.0
              ],
              "rotation": [
                0.0,
                0.0,
                0.0
              ],
              "uv": [
                10,
                54
              ],
              "inflate": 0
            },
            {
              "origin": [
                -9.0,
                4.0,
                -13.0
              ],
              "size": [
                1.0,
                6.0,
                6.0
              ],
              "rotation": [
                0.0,
                0.0,
                0.0
              ],
              "uv": [
                14,
                42
              ],
              "inflate": 0
            },
            {
              "origin": [
                -9.0,
                11.0,
                -19.0
              ],
              "size": [
                1.0,
                2.0,
                2.0
              ],
              "rotation": [
                0.0,
                0.0,
                0.0
              ],
              "uv": [
                22,
                36
              ],
              "inflate": 0
            },
            {
              "origin": [
                -9.0,
                5.0,
                -23.0
              ],
              "size": [
                1.0,
                4.0,
                5.0
              ],
              "rotation": [
                0.0,
                0.0,
                0.0
              ],
              "uv": [
                28,
                42
              ],
              "inflate": 0
            },
            {
              "origin": [
                -9.0,
                9.0,
                -4.0
              ],
              "size": [
                1.0,
                2.0,
                2.0
              ],
              "rotation": [
                0.0,
                0.0,
                0.0
              ],
              "uv": [
                34,
                8
              ],
              "inflate": 0
            },
            {
              "origin": [
                -9.0,
                7.0,
                6.0
              ],
              "size": [
                1.0,
                3.0,
                3.0
              ],
              "rotation": [
                0.0,
                0.0,
                0.0
              ],
              "uv": [
                32,
                33
              ],
              "inflate": 0
            },
            {
              "origin": [
                3.0,
                13.0,
                13.0
              ],
              "size": [
                2.0,
                3.0,
                1.0
              ],
              "rotation": [
                0.0,
                0.0,
                0.0
              ],
              "uv": [
                34,
                4
              ],
              "inflate": 0
            },
            {
              "origin": [
                -2.0,
                13.0,
                13.0
              ],
              "size": [
                4.0,
                3.0,
                1.0
              ],
              "rotation": [
                0.0,
                0.0,
                0.0
              ],
              "uv": [
                29,
                0
              ],
              "inflate": 0
            },
            {
              "origin": [
                -5.0,
                13.0,
                13.0
              ],
              "size": [
                2.0,
                3.0,
                1.0
              ],
              "rotation": [
                0.0,
                0.0,
                0.0
              ],
              "uv": [
                6,
                31
              ],
              "inflate": 0
            },
            {
              "origin": [
                8.0,
                6.0,
                0.0
              ],
              "size": [
                1.0,
                6.0,
                6.0
              ],
              "rotation": [
                0.0,
                0.0,
                0.0
              ],
              "uv": [
                0,
                42
              ],
              "inflate": 0
            },
            {
              "origin": [
                -2.0,
                11.0,
                2.0
              ],
              "size": [
                4.0,
                4.0,
                5.0
              ],
              "rotation": [
                0.0,
                0.0,
                0.0
              ],
              "uv": [
                17,
                27
              ],
              "inflate": 0
            },
            {
              "origin": [
                8.0,
                10.0,
                -12.0
              ],
              "size": [
                1.0,
                3.0,
                3.0
              ],
              "rotation": [
                0.0,
                0.0,
                0.0
              ],
              "uv": [
                32,
                14
              ],
              "inflate": 0
            },
            {
              "origin": [
                8.0,
                8.0,
                -23.0
              ],
              "size": [
                1.0,
                4.0,
                4.0
              ],
              "rotation": [
                0.0,
                0.0,
                0.0
              ],
              "uv": [
                0,
                54
              ],
              "inflate": 0
            },
            {
              "origin": [
                8.0,
                6.0,
                -17.0
              ],
              "size": [
                1.0,
                2.0,
                2.0
              ],
              "rotation": [
                0.0,
                0.0,
                0.0
              ],
              "uv": [
                0,
                31
              ],
              "inflate": 0
            },
            {
              "origin": [
                -8.0,
                2.0,
                -26.0
              ],
              "size": [
                1.0,
                1.0,
                1.0
              ],
              "rotation": [
                0.0,
                0.0,
                0.0
              ],
              "uv": [
                64,
                65
              ],
              "inflate": 0
            },
            {
              "origin": [
                -8.0,
                2.0,
                -24.0
              ],
              "size": [
                1.0,
                1.0,
                1.0
              ],
              "rotation": [
                0.0,
                0.0,
                0.0
              ],
              "uv": [
                11,
                64
              ],
              "inflate": 0
            },
            {
              "origin": [
                -8.0,
                2.0,
                -22.0
              ],
              "size": [
                1.0,
                1.0,
                1.0
              ],
              "rotation": [
                0.0,
                0.0,
                0.0
              ],
              "uv": [
                7,
                64
              ],
              "inflate": 0
            },
            {
              "origin": [
                -8.0,
                2.0,
                -20.0
              ],
              "size": [
                1.0,
                1.0,
                1.0
              ],
              "rotation": [
                0.0,
                0.0,
                0.0
              ],
              "uv": [
                34,
                63
              ],
              "inflate": 0
            },
            {
              "origin": [
                -8.0,
                2.0,
                -18.0
              ],
              "size": [
                1.0,
                1.0,
                1.0
              ],
              "rotation": [
                0.0,
                0.0,
                0.0
              ],
              "uv": [
                19,
                63
              ],
              "inflate": 0
            },
            {
              "origin": [
                -8.0,
                2.0,
                -16.0
              ],
              "size": [
                1.0,
                1.0,
                1.0
              ],
              "rotation": [
                0.0,
                0.0,
                0.0
              ],
              "uv": [
                31,
                62
              ],
              "inflate": 0
            },
            {
              "origin": [
                -8.0,
                2.0,
                -14.0
              ],
              "size": [
                1.0,
                1.0,
                1.0
              ],
              "rotation": [
                0.0,
                0.0,
                0.0
              ],
              "uv": [
                27,
                62
              ],
              "inflate": 0
            },
            {
              "origin": [
                -8.0,
                2.0,
                -12.0
              ],
              "size": [
                1.0,
                1.0,
                1.0
              ],
              "rotation": [
                0.0,
                0.0,
                0.0
              ],
              "uv": [
                23,
                62
              ],
              "inflate": 0
            },
            {
              "origin": [
                -8.0,
                2.0,
                -10.0
              ],
              "size": [
                1.0,
                1.0,
                1.0
              ],
              "rotation": [
                0.0,
                0.0,
                0.0
              ],
              "uv": [
                16,
                62
              ],
              "inflate": 0
            },
            {
              "origin": [
                -8.0,
                2.0,
                -8.0
              ],
              "size": [
                1.0,
                1.0,
                1.0
              ],
              "rotation": [
                0.0,
                0.0,
                0.0
              ],
              "uv": [
                12,
                62
              ],
              "inflate": 0
            },
            {
              "origin": [
                -8.0,
                2.0,
                -6.0
              ],
              "size": [
                1.0,
                1.0,
                1.0
              ],
              "rotation": [
                0.0,
                0.0,
                0.0
              ],
              "uv": [
                8,
                62
              ],
              "inflate": 0
            },
            {
              "origin": [
                -8.0,
                2.0,
                -4.0
              ],
              "size": [
                1.0,
                1.0,
                1.0
              ],
              "rotation": [
                0.0,
                0.0,
                0.0
              ],
              "uv": [
                35,
                45
              ],
              "inflate": 0
            },
            {
              "origin": [
                -8.0,
                2.0,
                -2.0
              ],
              "size": [
                1.0,
                1.0,
                1.0
              ],
              "rotation": [
                0.0,
                0.0,
                0.0
              ],
              "uv": [
                26,
                45
              ],
              "inflate": 0
            },
            {
              "origin": [
                -8.0,
                2.0,
                0.0
              ],
              "size": [
                1.0,
                1.0,
                1.0
              ],
              "rotation": [
                0.0,
                0.0,
                0.0
              ],
              "uv": [
                34,
                12
              ],
              "inflate": 0
            },
            {
              "origin": [
                -8.0,
                2.0,
                2.0
              ],
              "size": [
                1.0,
                1.0,
                1.0
              ],
              "rotation": [
                0.0,
                0.0,
                0.0
              ],
              "uv": [
                11,
                34
              ],
              "inflate": 0
            },
            {
              "origin": [
                -8.0,
                2.0,
                4.0
              ],
              "size": [
                1.0,
                1.0,
                1.0
              ],
              "rotation": [
                0.0,
                0.0,
                0.0
              ],
              "uv": [
                30,
                30
              ],
              "inflate": 0
            },
            {
              "origin": [
                -8.0,
                2.0,
                6.0
              ],
              "size": [
                1.0,
                1.0,
                1.0
              ],
              "rotation": [
                0.0,
                0.0,
                0.0
              ],
              "uv": [
                0,
                3
              ],
              "inflate": 0
            },
            {
              "origin": [
                -9.0,
                0.0,
                -26.0
              ],
              "size": [
                1.0,
                2.0,
                1.0
              ],
              "rotation": [
                0.0,
                0.0,
                0.0
              ],
              "uv": [
                35,
                60
              ],
              "inflate": 0
            },
            {
              "origin": [
                -9.0,
                0.0,
                -24.0
              ],
              "size": [
                1.0,
                2.0,
                1.0
              ],
              "rotation": [
                0.0,
                0.0,
                0.0
              ],
              "uv": [
                0,
                54
              ],
              "inflate": 0
            },
            {
              "origin": [
                -9.0,
                0.0,
                -22.0
              ],
              "size": [
                1.0,
                2.0,
                1.0
              ],
              "rotation": [
                0.0,
                0.0,
                0.0
              ],
              "uv": [
                36,
                51
              ],
              "inflate": 0
            },
            {
              "origin": [
                -9.0,
                0.0,
                -20.0
              ],
              "size": [
                1.0,
                2.0,
                1.0
              ],
              "rotation": [
                0.0,
                0.0,
                0.0
              ],
              "uv": [
                32,
                51
              ],
              "inflate": 0
            },
            {
              "origin": [
                -9.0,
                0.0,
                -18.0
              ],
              "size": [
                1.0,
                2.0,
                1.0
              ],
              "rotation": [
                0.0,
                0.0,
                0.0
              ],
              "uv": [
                22,
                45
              ],
              "inflate": 0
            },
            {
              "origin": [
                -9.0,
                0.0,
                -16.0
              ],
              "size": [
                1.0,
                2.0,
                1.0
              ],
              "rotation": [
                0.0,
                0.0,
                0.0
              ],
              "uv": [
                16,
                45
              ],
              "inflate": 0
            },
            {
              "origin": [
                -9.0,
                0.0,
                -14.0
              ],
              "size": [
                1.0,
                2.0,
                1.0
              ],
              "rotation": [
                0.0,
                0.0,
                0.0
              ],
              "uv": [
                12,
                45
              ],
              "inflate": 0
            },
            {
              "origin": [
                -9.0,
                0.0,
                -12.0
              ],
              "size": [
                1.0,
                2.0,
                1.0
              ],
              "rotation": [
                0.0,
                0.0,
                0.0
              ],
              "uv": [
                8,
                45
              ],
              "inflate": 0
            },
            {
              "origin": [
                -9.0,
                0.0,
                -10.0
              ],
              "size": [
                1.0,
                2.0,
                1.0
              ],
              "rotation": [
                0.0,
                0.0,
                0.0
              ],
              "uv": [
                0,
                45
              ],
              "inflate": 0
            },
            {
              "origin": [
                -9.0,
                0.0,
                -8.0
              ],
              "size": [
                1.0,
                2.0,
                1.0
              ],
              "rotation": [
                0.0,
                0.0,
                0.0
              ],
              "uv": [
                35,
                42
              ],
              "inflate": 0
            },
            {
              "origin": [
                -9.0,
                0.0,
                -6.0
              ],
              "size": [
                1.0,
                2.0,
                1.0
              ],
              "rotation": [
                0.0,
                0.0,
                0.0
              ],
              "uv": [
                28,
                42
              ],
              "inflate": 0
            },
            {
              "origin": [
                -9.0,
                0.0,
                -4.0
              ],
              "size": [
                1.0,
                2.0,
                1.0
              ],
              "rotation": [
                0.0,
                0.0,
                0.0
              ],
              "uv": [
                36,
                20
              ],
              "inflate": 0
            },
            {
              "origin": [
                -9.0,
                0.0,
                -2.0
              ],
              "size": [
                1.0,
                2.0,
                1.0
              ],
              "rotation": [
                0.0,
                0.0,
                0.0
              ],
              "uv": [
                28,
                36
              ],
              "inflate": 0
            },
            {
              "origin": [
                -9.0,
                0.0,
                0.0
              ],
              "size": [
                1.0,
                2.0,
                1.0
              ],
              "rotation": [
                0.0,
                0.0,
                0.0
              ],
              "uv": [
                35,
                30
              ],
              "inflate": 0
            },
            {
              "origin": [
                -9.0,
                0.0,
                2.0
              ],
              "size": [
                1.0,
                2.0,
                1.0
              ],
              "rotation": [
                0.0,
                0.0,
                0.0
              ],
              "uv": [
                12,
                31
              ],
              "inflate": 0
            },
            {
              "origin": [
                -9.0,
                0.0,
                4.0
              ],
              "size": [
                1.0,
                2.0,
                1.0
              ],
              "rotation": [
                0.0,
                0.0,
                0.0
              ],
              "uv": [
                0,
                17
              ],
              "inflate": 0
            },
            {
              "origin": [
                -9.0,
                0.0,
                6.0
              ],
              "size": [
                1.0,
                2.0,
                1.0
              ],
              "rotation": [
                0.0,
                0.0,
                0.0
              ],
              "uv": [
                0,
                0
              ],
              "inflate": 0
            },
            {
              "origin": [
                -1.0,
                3.0,
                0.0
              ],
              "size": [
                1.0,
                1.0,
                1.0
              ],
              "rotation": [
                0.0,
                0.0,
                0.0
              ],
              "uv": [
                33,
                65
              ],
              "inflate": 0
            },
            {
              "origin": [
                -1.0,
                4.0,
                0.0
              ],
              "size": [
                1.0,
                1.0,
                1.0
              ],
              "rotation": [
                0.0,
                0.0,
                0.0
              ],
              "uv": [
                18,
                65
              ],
              "inflate": 0
            },
            {
              "origin": [
                -1.0,
                3.0,
                0.0
              ],
              "size": [
                1.0,
                1.0,
                1.0
              ],
              "rotation": [
                0.0,
                0.0,
                0.0
              ],
              "uv": [
                4,
                65
              ],
              "inflate": 0
            },
            {
              "origin": [
                -1.0,
                3.0,
                0.0
              ],
              "size": [
                1.0,
                1.0,
                1.0
              ],
              "rotation": [
                0.0,
                0.0,
                0.0
              ],
              "uv": [
                0,
                65
              ],
              "inflate": 0
            },
            {
              "origin": [
                -1.0,
                4.0,
                0.0
              ],
              "size": [
                1.0,
                1.0,
                1.0
              ],
              "rotation": [
                0.0,
                0.0,
                0.0
              ],
              "uv": [
                64,
                63
              ],
              "inflate": 0
            },
            {
              "origin": [
                -1.0,
                4.0,
                0.0
              ],
              "size": [
                1.0,
                1.0,
                1.0
              ],
              "rotation": [
                0.0,
                0.0,
                0.0
              ],
              "uv": [
                64,
                59
              ],
              "inflate": 0
            },
            {
              "origin": [
                -1.0,
                5.0,
                0.0
              ],
              "size": [
                1.0,
                1.0,
                1.0
              ],
              "rotation": [
                0.0,
                0.0,
                0.0
              ],
              "uv": [
                64,
                56
              ],
              "inflate": 0
            },
            {
              "origin": [
                -1.0,
                6.0,
                0.0
              ],
              "size": [
                1.0,
                1.0,
                1.0
              ],
              "rotation": [
                0.0,
                0.0,
                0.0
              ],
              "uv": [
                64,
                53
              ],
              "inflate": 0
            },
            {
              "origin": [
                -1.0,
                4.0,
                0.0
              ],
              "size": [
                1.0,
                1.0,
                1.0
              ],
              "rotation": [
                0.0,
                0.0,
                0.0
              ],
              "uv": [
                64,
                50
              ],
              "inflate": 0
            },
            {
              "origin": [
                -1.0,
                5.0,
                0.0
              ],
              "size": [
                1.0,
                1.0,
                1.0
              ],
              "rotation": [
                0.0,
                0.0,
                0.0
              ],
              "uv": [
                64,
                47
              ],
              "inflate": 0
            },
            {
              "origin": [
                8.0,
                5.0,
                -7.0
              ],
              "size": [
                1.0,
                2.0,
                2.0
              ],
              "rotation": [
                0.0,
                0.0,
                0.0
              ],
              "uv": [
                0,
                23
              ],
              "inflate": 0
            }
          ],
          "rotation": [
            0,
            0,
            0
          ],
          "bind_pose_rotation": [
            0,
            0,
            0
          ]
        }
      ]
    }
  ]
}