{
  "format_version": "1.12.0",
  "minecraft:geometry": [
    {
      "description": {
        "identifier": "geometry.pa_theclass",
        "texture_width": 64,
        "texture_height": 64,
        "visible_bounds_width": 3,
        "visible_bounds_height": 2.5,
        "visible_bounds_offset": [
          0,
          0.75,
          0
        ]
      },
      "bones": [
        {
          "name": "unknown_bone",
          "pivot": [
            0,
            0,
            0
          ],
          "cubes": [
            {
              "origin": [
                -2.0,
                0.0,
                2.0
              ],
              "size": [
                5.0,
                2.0,
                2.0
              ],
              "rotation": [
                0.0,
                0.0,
                0.0
              ],
              "uv": [
                46,
                30
              ],
              "inflate": 0
            },
            {
              "origin": [
                -5.0,
                1.0,
                -1.0
              ],
              "size": [
                10.0,
                2.0,
                3.0
              ],
              "rotation": [
                0.0,
                0.0,
                0.0
              ],
              "uv": [
                18,
                23
              ],
              "inflate": 0
            },
            {
              "origin": [
                -3.0,
                1.0,
                -2.0
              ],
              "size": [
                5.0,
                3.0,
                2.0
              ],
              "rotation": [
                0.0,
                0.0,
                0.0
              ],
              "uv": [
                42,
                42
              ],
              "inflate": 0
            },
            {
              "origin": [
                -4.0,
                2.0,
                -5.0
              ],
              "size": [
                7.0,
                4.0,
                1.0
              ],
              "rotation": [
                0.0,
                0.0,
                0.0
              ],
              "uv": [
                0,
                43
              ],
              "inflate": 0
            },
            {
              "origin": [
                -5.0,
                2.0,
                -4.0
              ],
              "size": [
                9.0,
                3.0,
                3.0
              ],
              "rotation": [
                0.0,
                0.0,
                0.0
              ],
              "uv": [
                23,
                0
              ],
              "inflate": 0
            },
            {
              "origin": [
                -4.0,
                2.0,
                -12.0
              ],
              "size": [
                8.0,
                5.0,
                7.0
              ],
              "rotation": [
                0.0,
                0.0,
                0.0
              ],
              "uv": [
                0,
                0
              ],
              "inflate": 0
            },
            {
              "origin": [
                -4.0,
                7.0,
                -14.0
              ],
              "size": [
                8.0,
                4.0,
                7.0
              ],
              "rotation": [
                0.0,
                0.0,
                0.0
              ],
              "uv": [
                0,
                12
              ],
              "inflate": 0
            },
            {
              "origin": [
                -13.0,
                7.0,
                -18.0
              ],
              "size": [
                8.0,
                3.0,
                3.0
              ],
              "pivot": [
                -9.0,
                7.0,
                -12.0
              ],
              "rotation": [
                0.0,
                -50.0,
                0.0
              ],
              "uv": [
                24,
                28
              ],
              "inflate": 0
            },
            {
              "origin": [
                -18.0,
                8.0,
                -16.0
              ],
              "size": [
                5.0,
                1.0,
                1.0
              ],
              "pivot": [
                -9.0,
                7.0,
                -12.0
              ],
              "rotation": [
                0.0,
                -50.0,
                0.0
              ],
              "uv": [
                47,
                4
              ],
              "inflate": 0
            },
            {
              "origin": [
                -21.0,
                8.0,
                -20.0
              ],
              "size": [
                5.0,
                1.0,
                1.0
              ],
              "pivot": [
                -12.0,
                7.0,
                -14.0
              ],
              "rotation": [
                0.0,
                -85.0,
                0.0
              ],
              "uv": [
                47,
                2
              ],
              "inflate": 0
            },
            {
              "origin": [
                -20.0,
                7.0,
                -18.0
              ],
              "size": [
                5.0,
                1.0,
                1.0
              ],
              "pivot": [
                -11.0,
                6.0,
                -12.0
              ],
              "rotation": [
                0.0,
                -67.5,
                0.0
              ],
              "uv": [
                44,
                0
              ],
              "inflate": 0
            },
            {
              "origin": [
                -18.0,
                9.0,
                -17.0
              ],
              "size": [
                5.0,
                1.0,
                1.0
              ],
              "pivot": [
                -9.0,
                7.0,
                -12.0
              ],
              "rotation": [
                0.0,
                -50.0,
                12.5
              ],
              "uv": [
                45,
                15
              ],
              "inflate": 0
            },
            {
              "origin": [
                -1.0,
                7.0,
                -24.0
              ],
              "size": [
                8.0,
                3.0,
                3.0
              ],
              "pivot": [
                3.0,
                7.0,
                -18.0
              ],
              "rotation": [
                0.0,
                -142.5,
                0.0
              ],
              "uv": [
                23,
                12
              ],
              "inflate": 0
            },
            {
              "origin": [
                -6.0,
                8.0,
                -26.0
              ],
              "size": [
                5.0,
                1.0,
                1.0
              ],
              "pivot": [
                3.0,
                7.0,
                -20.0
              ],
              "rotation": [
                0.0,
                -175.0,
                0.0
              ],
              "uv": [
                0,
                49
              ],
              "inflate": 0
            },
            {
              "origin": [
                -6.0,
                8.0,
                -19.0
              ],
              "size": [
                5.0,
                1.0,
                1.0
              ],
              "pivot": [
                3.0,
                7.0,
                -15.0
              ],
              "rotation": [
                0.0,
                -117.5,
                0.0
              ],
              "uv": [
                48,
                34
              ],
              "inflate": 0
            },
            {
              "origin": [
                -6.0,
                8.0,
                -28.0
              ],
              "size": [
                5.0,
                1.0,
                1.0
              ],
              "pivot": [
                3.0,
                7.0,
                -22.0
              ],
              "rotation": [
                0.0,
                -175.0,
                0.0
              ],
              "uv": [
                48,
                8
              ],
              "inflate": 0
            },
            {
              "origin": [
                -7.0,
                9.0,
                -23.0
              ],
              "size": [
                5.0,
                1.0,
                1.0
              ],
              "pivot": [
                2.0,
                8.0,
                -17.0
              ],
              "rotation": [
                0.0,
                -130.0,
                0.0
              ],
              "uv": [
                48,
                6
              ],
              "inflate": 0
            },
            {
              "origin": [
                -3.0,
                7.0,
                -15.0
              ],
              "size": [
                6.0,
                6.0,
                6.0
              ],
              "rotation": [
                0.0,
                0.0,
                0.0
              ],
              "uv": [
                0,
                23
              ],
              "inflate": 0
            },
            {
              "origin": [
                4.0,
                12.0,
                -15.0
              ],
              "size": [
                3.0,
                3.0,
                3.0
              ],
              "pivot": [
                4.0,
                16.0,
                -4.0
              ],
              "rotation": [
                0.0,
                0.0,
                50.0
              ],
              "uv": [
                30,
                43
              ],
              "inflate": 0
            },
            {
              "origin": [
                3.0,
                14.0,
                -30.0
              ],
              "size": [
                3.0,
                3.0,
                3.0
              ],
              "pivot": [
                3.0,
                18.0,
                -19.0
              ],
              "rotation": [
                0.0,
                -147.5,
                50.0
              ],
              "uv": [
                18,
                42
              ],
              "inflate": 0
            },
            {
              "origin": [
                -4.0,
                14.0,
                -35.0
              ],
              "size": [
                3.0,
                3.0,
                5.0
              ],
              "pivot": [
                -4.0,
                18.0,
                -22.0
              ],
              "rotation": [
                0.0,
                -147.5,
                50.0
              ],
              "uv": [
                19,
                34
              ],
              "inflate": 0
            },
            {
              "origin": [
                -3.0,
                13.0,
                -15.0
              ],
              "size": [
                5.0,
                5.0,
                3.0
              ],
              "pivot": [
                -1.0,
                17.0,
                -4.0
              ],
              "rotation": [
                0.0,
                0.0,
                15.0
              ],
              "uv": [
                0,
                35
              ],
              "inflate": 0
            },
            {
              "origin": [
                -2.0,
                10.0,
                -16.0
              ],
              "size": [
                4.0,
                4.0,
                3.0
              ],
              "pivot": [
                -1.0,
                13.0,
                -5.0
              ],
              "rotation": [
                0.0,
                0.0,
                15.0
              ],
              "uv": [
                41,
                18
              ],
              "inflate": 0
            },
            {
              "origin": [
                -2.0,
                13.0,
                -12.0
              ],
              "size": [
                4.0,
                5.0,
                3.0
              ],
              "pivot": [
                -1.0,
                15.0,
                -1.0
              ],
              "rotation": [
                0.0,
                0.0,
                -17.5
              ],
              "uv": [
                37,
                34
              ],
              "inflate": 0
            },
            {
              "origin": [
                -4.0,
                3.0,
                -13.0
              ],
              "size": [
                8.0,
                4.0,
                1.0
              ],
              "rotation": [
                0.0,
                0.0,
                0.0
              ],
              "uv": [
                30,
                6
              ],
              "inflate": 0
            },
            {
              "origin": [
                -3.0,
                4.0,
                -14.0
              ],
              "size": [
                6.0,
                3.0,
                1.0
              ],
              "rotation": [
                0.0,
                0.0,
                0.0
              ],
              "uv": [
                42,
                11
              ],
              "inflate": 0
            },
            {
              "origin": [
                -6.0,
                0.0,
                1.0
              ],
              "size": [
                5.0,
                2.0,
                2.0
              ],
              "pivot": [
                -2.0,
                0.0,
                2.0
              ],
              "rotation": [
                0.0,
                0.0,
                32.5
              ],
              "uv": [
                43,
                26
              ],
              "inflate": 0
            },
            {
              "origin": [
                -1.0,
                0.0,
                0.0
              ],
              "size": [
                1.0,
                1.0,
                1.0
              ],
              "rotation": [
                0.0,
                0.0,
                0.0
              ],
              "uv": [
                3,
                5
              ],
              "inflate": 0
            },
            {
              "origin": [
                -1.0,
                0.0,
                0.0
              ],
              "size": [
                1.0,
                1.0,
                1.0
              ],
              "rotation": [
                0.0,
                0.0,
                0.0
              ],
              "uv": [
                0,
                4
              ],
              "inflate": 0
            },
            {
              "origin": [
                -1.0,
                0.0,
                0.0
              ],
              "size": [
                1.0,
                1.0,
                1.0
              ],
              "rotation": [
                0.0,
                0.0,
                0.0
              ],
              "uv": [
                3,
                1
              ],
              "inflate": 0
            },
            {
              "origin": [
                -1.0,
                0.0,
                0.0
              ],
              "size": [
                1.0,
                1.0,
                1.0
              ],
              "rotation": [
                0.0,
                0.0,
                0.0
              ],
              "uv": [
                3,
                3
              ],
              "inflate": 0
            },
            {
              "origin": [
                -1.0,
                0.0,
                0.0
              ],
              "size": [
                1.0,
                1.0,
                1.0
              ],
              "rotation": [
                0.0,
                0.0,
                0.0
              ],
              "uv": [
                0,
                2
              ],
              "inflate": 0
            },
            {
              "origin": [
                -1.0,
                0.0,
                0.0
              ],
              "size": [
                1.0,
                1.0,
                1.0
              ],
              "rotation": [
                0.0,
                0.0,
                0.0
              ],
              "uv": [
                0,
                0
              ],
              "inflate": 0
            },
            {
              "origin": [
                -1.0,
                0.0,
                4.0
              ],
              "size": [
                1.0,
                1.0,
                3.0
              ],
              "pivot": [
                0.0,
                0.0,
                5.0
              ],
              "rotation": [
                0.0,
                -17.5,
                0.0
              ],
              "uv": [
                16,
                35
              ],
              "inflate": 0
            },
            {
              "origin": [
                -3.0,
                0.0,
                2.0
              ],
              "size": [
                1.0,
                1.0,
                5.0
              ],
              "pivot": [
                -2.0,
                0.0,
                5.0
              ],
              "rotation": [
                -17.5,
                2.5,
                0.0
              ],
              "uv": [
                37,
                47
              ],
              "inflate": 0
            },
            {
              "origin": [
                -6.0,
                0.0,
                1.0
              ],
              "size": [
                1.0,
                1.0,
                6.0
              ],
              "pivot": [
                -5.0,
                0.0,
                5.0
              ],
              "rotation": [
                -17.5,
                -20.0,
                0.0
              ],
              "uv": [
                10,
                42
              ],
              "inflate": 0
            },
            {
              "origin": [
                4.0,
                0.0,
                0.0
              ],
              "size": [
                1.0,
                1.0,
                7.0
              ],
              "pivot": [
                5.0,
                0.0,
                5.0
              ],
              "rotation": [
                -17.5,
                17.5,
                0.0
              ],
              "uv": [
                28,
                35
              ],
              "inflate": 0
            },
            {
              "origin": [
                5.0,
                0.0,
                -1.0
              ],
              "size": [
                1.0,
                1.0,
                4.0
              ],
              "pivot": [
                6.0,
                0.0,
                2.0
              ],
              "rotation": [
                -17.5,
                17.5,
                0.0
              ],
              "uv": [
                30,
                18
              ],
              "inflate": 0
            },
            {
              "origin": [
                1.0,
                0.0,
                3.0
              ],
              "size": [
                1.0,
                1.0,
                4.0
              ],
              "pivot": [
                2.0,
                0.0,
                5.0
              ],
              "rotation": [
                -17.5,
                -5.0,
                0.0
              ],
              "uv": [
                44,
                47
              ],
              "inflate": 0
            }
          ],
          "rotation": [
            0,
            0,
            0
          ],
          "bind_pose_rotation": [
            0,
            0,
            0
          ]
        }
      ]
    }
  ]
}