{
	"format_version": "1.8.0",
	"animations": {
	    "animation.infected_sheep.move": {
			"loop": true,
			"bones": {
				"Mandibula": {
					"rotation": ["-7.5-math.cos(query.anim_time*150)*6", 0, 0]
				},
				"PataIzq1": {
					"rotation": ["0+math.cos(query.anim_time*400)*15", 0, 0]
				},
				"PataDer1": {
					"rotation": ["0-math.cos(query.anim_time*400)*15", 0, 0]
				},
				"PataDer2": {
					"rotation": ["0+math.cos(query.anim_time*400)*15", 0, 0]
				},
				"PataIzq2": {
					"rotation": ["0-math.cos(query.anim_time*400)*15", 0, 0]
				}
			}
		},
		"animation.infected_sheep.static": {
			"loop": true,
			"bones": {
				"Mandibula": {
					"rotation": ["-7.5-math.cos(query.anim_time*125)*6", 0, 0]
				}
			}
		},
		"animation.infected_sheep.run": {
			"loop": true,
			"bones": {
				"Mandibula": {
					"rotation": ["0+math.cos(query.anim_time*300)*15", 0, 0]
				},
				"PataIzq1": {
					"rotation": ["0-math.cos(query.anim_time*600)*30", 0, 0]
				},
				"PataDer1": {
					"rotation": ["0-math.cos(query.anim_time*600)*30", 0, 0]
				},
				"PataDer2": {
					"rotation": ["0+math.cos(query.anim_time*600)*30", 0, 0]
				},
				"PataIzq2": {
					"rotation": ["0+math.cos(query.anim_time*600)*30", 0, 0]
				}
			}
		}
	}
}