{
	"format_version": "1.8.0",
	"animations": {
		    "animation.infected_wolf.static": {
			"loop": true,
			"bones": {
				"Mandibula": {
					"rotation": ["-2.5-math.cos(query.anim_time*125)*5", 0, 0]
				}
			}
		},
		"animation.infected_wolf.move": {
			"loop": true,
			"bones": {
				"Mandibula": {
					"rotation": ["0-math.cos(query.anim_time*150)*5", 0, 0]
				},
				"PataIzq1": {
					"rotation": ["0-math.cos(query.anim_time*400)*20", 0, 0]
				},
				"PataDer1": {
					"rotation": ["0+math.cos(query.anim_time*400)*20", 0, 0]
				},
				"PatqIzq2": {
					"rotation": ["0-math.cos(query.anim_time*400)*20", 0, 0]
				},
				"PataDer2": {
					"rotation": ["0+math.cos(query.anim_time*400)*20", 0, 0]
				}
			}
		}
	}
}