{
	"format_version": "1.8.0",
	"animations": {
	    "animation.infected_cow.static": {
			"loop": true,
			"bones": {
				"Mandibula": {
					"rotation": ["0-math.cos(query.anim_time*125)*7", 0, 0]
				}
			}
		},
		"animation.infected_cow.move": {
			"loop": true,
			"bones": {
				"Mandibula": {
					"rotation": ["0-math.cos(query.anim_time*150)*7", 0, 0]
				},
				"PataIzq1": {
					"rotation": ["0+math.cos(query.anim_time*400)*15", 0, 0]
				},
				"PataIDer1": {
					"rotation": ["0-math.cos(query.anim_time*400)*15", 0, 0]
				},
				"PataIDer2": {
					"rotation": ["0+math.cos(query.anim_time*400)*15", 0, 0]
				},
				"PataIzq2": {
					"rotation": ["0-math.cos(query.anim_time*400)*15", 0, 0]
				}
			}
		}
	}
}