{
    "entity_sounds": {
        "entities": {
            "vl:minirod_prototype": {
                "volume": 1,
                "pitch": [
                    1,
                    1
                ],
                "events": {
                    "ambient": "minirod_prototype",
                    "hurt": "minirod_hurt",
                    "death": "minirod_hurt",
                    "attack": "minirod_prototype_warning",
                    "step": {
                        "sound": "minirod_move",
                        "volume": 1,
                        "pitch": 1
                        }
                    }
                },
            "vl:minirod_mechanic": {
                "volume": 1,
                "pitch": [
                    1,
                    1
                ],
                "events": {
                    "ambient": "minirod_mechanic",
                    "hurt": "minirod_hurt",
                    "death": "minirod_hurt",
                    "attack": "minirod_attack",
                    "step": {
                        "sound": "minirod_move",
                        "volume": 1,
                        "pitch": 1
                        }
                    }
                },
            "vl:minirod_worker": {
                "volume": 1,
                "pitch": [
                    1,
                    1
                ],
                "events": {
                    "ambient": "minirod_worker",
                    "hurt": "minirod_hurt",
                    "death": "minirod_hurt",
                    "attack": "minirod_attack",
                    "step": {
                        "sound": "minirod_move",
                        "volume": 1,
                        "pitch": 1
                        }
                    }
                },
            "vl:j": {
                "volume": 1,
                "pitch": [
                    1,
                    1
                ],
                "events": {
                    "ambient": "j",
                    "hurt": "j_hurt",
                    "death": "j_death",
                    "spawn": "j_end_call",
                    "step": {
                        "sound": "step2",
                        "volume": 1,
                        "pitch": 1
                        }
                    }
                },
            "vl:j_call_mike": {
                "volume": 1,
                "pitch": [
                    1,
                    1
                ],
                "events": {
                    "hurt": "j_hurt",
                    "death": "j_death",
                    "spawn": "j_call_mike",
                    "step": {
                        "sound": "",
                        "volume": 1,
                        "pitch": 1
                        }
                    }
                },
            "vl:mike": {
                "volume": 1,
                "pitch": [
                    1,
                    1
                ],
                "events": {
                    "ambient": "mike",
                    "hurt": "mike_hurt",
                    "death": "mike_death",
                    "spawn": "mike_end_call",
                    "step": {
                        "sound": "step2",
                        "volume": 1,
                        "pitch": 1
                        }
                    }
                },
            "vl:mike_call_j": {
                "volume": 1,
                "pitch": [
                    1,
                    1
                ],
                "events": {
                    "hurt": "mike_hurt",
                    "death": "mike_death",
                    "spawn": "mike_call_j",
                    "step": {
                        "sound": "",
                        "volume": 1,
                        "pitch": 1
                        }
                    }
                },
            "vl:minirod_cleaner1": {
                "volume": 1,
                "pitch": [
                    1,
                    1
                ],
                "events": {
                    "ambient": "minirod_cleaner1",
                    "hurt": "minirod_hurt",
                    "death": "minirod_hurt",
                    "attack": "minirod_attack",
                    "step": {
                        "sound": "minirod_move",
                        "volume": 1,
                        "pitch": 1
                        }
                    }
                },
            "vl:rod": {
                "volume": 1,
                "pitch": [
                    1,
                    1
                ],
                "events": {
                    "ambient": "rod",
                    "hurt": "rod_hurt",
                    "death": "rod_hurt",
                    "attack": "rod_attack",
                    "step": {
                        "sound": "step2",
                        "volume": 1,
                        "pitch": 1
                        }
                    }
                },
            "vl:charlie": {
                "volume": 1,
                "pitch": [
                    1,
                    1
                ],
                "events": {
                    "ambient": "charlie",
                    "hurt": "charlie_hurt",
                    "death": "charlie_death",
                    "step": {
                        "sound": "charlie_move",
                        "volume": 1,
                        "pitch": 1
                        }
                    }
                },
            "vl:boris": {
                "volume": 1,
                "pitch": [
                    1,
                    1
                ],
                "events": {
                    "hurt": "minirod_hurt",
                    "death": "minirod_hurt",
                    "spawn": "boris_sleep_again",
                    "step": {
                        "sound": "minirod_move",
                        "volume": 1,
                        "pitch": 1
                        }
                    }
                },
            "vl:boris_attack": {
                "volume": 1,
                "pitch": [
                    1,
                    1
                ],
                "events": {
                    "spawn": "boris_attack",
                    "step": {
                        "sound": "",
                        "volume": 1,
                        "pitch": 1
                        }
                    }
                },
            "vl:boris_sleep": {
                "volume": 1,
                "pitch": [
                    1,
                    1
                ],
                "events": {
                    "ambient": "boris_sleep",
                    "hurt": "minirod_hurt",
                    "death": "minirod_hurt",
                    "spawn": "boris_sleep",
                    "step": {
                        "sound": "",
                        "volume": 1,
                        "pitch": 1
                        }
                    }
                },
            "vl:lis": {
                "volume": 1,
                "pitch": [
                    1,
                    1
                ],
                "events": {
                    "ambient": "lis",
                    "hurt": "lis_death",
                    "death": "lis_death",
                    "step": {
                        "sound": "step2",
                        "volume": 1,
                        "pitch": 1
                        }
                    }
                },
            "vl:minirod_cleaner2": {
                "volume": 1,
                "pitch": [
                    1,
                    1
                ],
                "events": {
                    "ambient": "minirod_cleaner2",
                    "hurt": "minirod_hurt",
                    "death": "minirod_cleaner2_death",
                    "step": {
                        "sound": "minirod_move",
                        "volume": 1,
                        "pitch": 1
                        }
                    }
                },
            "vl:evil_nun1": {
                "volume": 1,
                "pitch": [
                    1,
                    1
                ],
                "events": {
                    "spawn": "evil_nun1",
                    "step": {
                        "sound": "step2",
                        "volume": 1,
                        "pitch": 1
                        }
                    }
                },
            "vl:crocodile": {
                "volume": 1,
                "pitch": [
                    1,
                    1
                ],
                "events": {
                    "ambient": "crocodile",
                    "step": {
                        "sound": "crocodile_move",
                        "volume": 1,
                        "pitch": 1
                        }
                    }
                },
            "vl:charlie_box": {
                "volume": 1,
                "pitch": [
                    1,
                    1
                ],
                "events": {
                    "ambient": "charlie_box",
                    "hurt": "charlie_box_hurt",
                    "death": "charlie_death",
                    "step": {
                        "sound": "step2",
                        "volume": 1,
                        "pitch": 1
                        }
                    }
                },
            "vl:joseph": {
                "volume": 1,
                "pitch": [
                    1,
                    1
                ],
                "events": {
                    "ambient": "joseph",
                    "attack": "rod_attack",
                    "step": {
                        "sound": "step2",
                        "volume": 1,
                        "pitch": 1
                        }
                    }
                },
            "vl:mati": {
                "volume": 1,
                "pitch": [
                    1,
                    1
                ],
                "events": {
                    "ambient": "mati",
                    "hurt": "mati_hurt",
                    "death": "mati_death",
                    "attack": "mati_attack",
                    "step": {
                        "sound": "minirod_move",
                        "volume": 1,
                        "pitch": 1
                        }
                    }
                },
            "vl:minirod_chef": {
                "volume": 1,
                "pitch": [
                    1,
                    1
                ],
                "events": {
                    "ambient": "minirod_chef",
                    "hurt": "minirod_hurt",
                    "death": "minirod_hurt",
                    "step": {
                        "sound": "minirod_move",
                        "volume": 1,
                        "pitch": 1
                        }
                    }
                },
            "vl:rods_van": {
                "volume": 1,
                "pitch": [
                    1,
                    1
                ],
                "events": {
                    "ambient": "van_idle",
                    "saddle": "van_start",
                    "eat": "gas",
                    "hurt": "minirod_hurt",
                    "death": "minirod_hurt",
                    "step": {
                        "sound": "van_move",
                        "volume": 1,
                        "pitch": 1
                        }
                    }
                },
            "vl:j_call_charlie": {
                "volume": 1,
                "pitch": [
                    1,
                    1
                ],
                "events": {
                    "hurt": "j_hurt",
                    "death": "j_death",
                    "spawn": "j_call_charlie",
                    "step": {
                        "sound": "",
                        "volume": 1,
                        "pitch": 1
                        }
                    }
                },
            "vl:charlie_call_j": {
                "volume": 1,
                "pitch": [
                    1,
                    1
                ],
                "events": {
                    "hurt": "charlie_hurt",
                    "death": "charlie_death",
                    "spawn": "charlie_call_j",
                    "step": {
                        "sound": "",
                        "volume": 1,
                        "pitch": 1
                             }
                          }
                      }
                  }
              }
          }
      }
   }
}
