{
  "format_version": "1.12.0",
  "minecraft:geometry": [
    {
      "description": {
        "identifier": "geometry.mn_hq_confu_bullet",
        "texture_width": 16,
        "texture_height": 16,
        "visible_bounds_width": 2,
        "visible_bounds_height": 1.5,
        "visible_bounds_offset": [
          0,
          0.25,
          0
        ]
      },
      "bones": [
        {
          "name": "bone",
          "pivot": [
            0,
            1,
            0
          ],
          "cubes": [
            {
              "origin": [
                -0.9728,
                0.0272,
                -0.9728
              ],
              "size": [
                1.9456,
                1.9456,
                1.9456
              ],
              "pivot": [
                0.0,
                1.0,
                0.0
              ],
              "rotation": [
                45.0,
                0.0,
                0.0
              ],
              "uv": {
                "north": {
                  "uv": [
                    0,
                    0
                  ],
                  "uv_size": [
                    16,
                    16
                  ]
                },
                "east": {
                  "uv": [
                    0,
                    0
                  ],
                  "uv_size": [
                    16,
                    16
                  ]
                },
                "south": {
                  "uv": [
                    0,
                    0
                  ],
                  "uv_size": [
                    16,
                    16
                  ]
                },
                "west": {
                  "uv": [
                    0,
                    0
                  ],
                  "uv_size": [
                    16,
                    16
                  ]
                },
                "up": {
                  "uv": [
                    16,
                    16
                  ],
                  "uv_size": [
                    -16,
                    -16
                  ]
                },
                "down": {
                  "uv": [
                    16,
                    16
                  ],
                  "uv_size": [
                    -16,
                    -16
                  ]
                }
              },
              "inflate": 0
            },
            {
              "origin": [
                -0.9728,
                0.0272,
                -0.9728
              ],
              "size": [
                1.9456,
                1.9456,
                1.9456
              ],
              "pivot": [
                0.0,
                1.0,
                0.0
              ],
              "rotation": [
                0.0,
                -45.0,
                0.0
              ],
              "uv": {
                "north": {
                  "uv": [
                    0,
                    0
                  ],
                  "uv_size": [
                    16,
                    16
                  ]
                },
                "east": {
                  "uv": [
                    0,
                    0
                  ],
                  "uv_size": [
                    16,
                    16
                  ]
                },
                "south": {
                  "uv": [
                    0,
                    0
                  ],
                  "uv_size": [
                    16,
                    16
                  ]
                },
                "west": {
                  "uv": [
                    0,
                    0
                  ],
                  "uv_size": [
                    16,
                    16
                  ]
                },
                "up": {
                  "uv": [
                    16,
                    16
                  ],
                  "uv_size": [
                    -16,
                    -16
                  ]
                },
                "down": {
                  "uv": [
                    16,
                    16
                  ],
                  "uv_size": [
                    -16,
                    -16
                  ]
                }
              },
              "inflate": 0
            },
            {
              "origin": [
                -0.9728,
                0.0272,
                -0.9728
              ],
              "size": [
                1.9456,
                1.9456,
                1.9456
              ],
              "pivot": [
                0.0,
                1.0,
                0.0
              ],
              "rotation": [
                0.0,
                0.0,
                -45.0
              ],
              "uv": {
                "north": {
                  "uv": [
                    0,
                    0
                  ],
                  "uv_size": [
                    16,
                    16
                  ]
                },
                "east": {
                  "uv": [
                    0,
                    0
                  ],
                  "uv_size": [
                    16,
                    16
                  ]
                },
                "south": {
                  "uv": [
                    0,
                    0
                  ],
                  "uv_size": [
                    16,
                    16
                  ]
                },
                "west": {
                  "uv": [
                    0,
                    0
                  ],
                  "uv_size": [
                    16,
                    16
                  ]
                },
                "up": {
                  "uv": [
                    16,
                    16
                  ],
                  "uv_size": [
                    -16,
                    -16
                  ]
                },
                "down": {
                  "uv": [
                    16,
                    16
                  ],
                  "uv_size": [
                    -16,
                    -16
                  ]
                }
              },
              "inflate": 0
            }
          ]
        }
      ]
    }
  ]
}