{
  "format_version": "1.12.0",
  "minecraft:geometry": [
    {
      "description": {
        "identifier": "geometry.mn_hq_alarte",
        "texture_width": 2,
        "texture_height": 2,
        "visible_bounds_width": 2,
        "visible_bounds_height": 3.5,
        "visible_bounds_offset": [
          0,
          1.25,
          0
        ]
      },
      "bones": [
        {
          "name": "root"
        },
        {
          "name": "waist",
          "parent": "root"
        },
        {
          "name": "body",
          "pivot": [
            0,
            24,
            0
          ],
          "parent": "waist"
        },
        {
          "name": "rightArm",
          "pivot": [
            -5,
            22,
            0
          ],
          "parent": "body"
        },
        {
          "name": "wand",
          "pivot": [
            -5.9998,
            12.49488,
            -2.95047
          ],
          "cubes": [
            {
              "origin": [
                -6.5,
                11.9,
                2.525
              ],
              "size": [
                1.0,
                1.15,
                0.75
              ],
              "pivot": [
                -6.0,
                12.375,
                3.075
              ],
              "rotation": [
                5.26846,
                0.14896,
                0.58422
              ],
              "uv": {
                "north": {
                  "uv": [
                    1,
                    1
                  ],
                  "uv_size": [
                    1,
                    1
                  ]
                },
                "east": {
                  "uv": [
                    1,
                    1
                  ],
                  "uv_size": [
                    1,
                    1
                  ]
                },
                "south": {
                  "uv": [
                    1,
                    1
                  ],
                  "uv_size": [
                    1,
                    1
                  ]
                },
                "west": {
                  "uv": [
                    1,
                    1
                  ],
                  "uv_size": [
                    1,
                    1
                  ]
                },
                "up": {
                  "uv": [
                    2,
                    2
                  ],
                  "uv_size": [
                    -1,
                    -1
                  ]
                },
                "down": {
                  "uv": [
                    2,
                    2
                  ],
                  "uv_size": [
                    -1,
                    -1
                  ]
                }
              },
              "inflate": 0.05
            },
            {
              "origin": [
                -6.5,
                12.0,
                -2.5
              ],
              "size": [
                1.0,
                1.0,
                5.45
              ],
              "uv": {
                "north": {
                  "uv": [
                    1,
                    1
                  ],
                  "uv_size": [
                    1,
                    1
                  ]
                },
                "east": {
                  "uv": [
                    1,
                    1
                  ],
                  "uv_size": [
                    1,
                    1
                  ]
                },
                "south": {
                  "uv": [
                    1,
                    1
                  ],
                  "uv_size": [
                    1,
                    1
                  ]
                },
                "west": {
                  "uv": [
                    1,
                    1
                  ],
                  "uv_size": [
                    1,
                    1
                  ]
                },
                "up": {
                  "uv": [
                    2,
                    2
                  ],
                  "uv_size": [
                    -1,
                    -1
                  ]
                },
                "down": {
                  "uv": [
                    2,
                    2
                  ],
                  "uv_size": [
                    -1,
                    -1
                  ]
                }
              },
              "inflate": 0
            },
            {
              "origin": [
                -6.5,
                12.0,
                -5.0
              ],
              "size": [
                1.0,
                1.0,
                4.0
              ],
              "uv": {
                "north": {
                  "uv": [
                    1,
                    0
                  ],
                  "uv_size": [
                    1,
                    1
                  ]
                },
                "east": {
                  "uv": [
                    1,
                    0
                  ],
                  "uv_size": [
                    1,
                    1
                  ]
                },
                "south": {
                  "uv": [
                    1,
                    0
                  ],
                  "uv_size": [
                    1,
                    1
                  ]
                },
                "west": {
                  "uv": [
                    1,
                    0
                  ],
                  "uv_size": [
                    1,
                    1
                  ]
                },
                "up": {
                  "uv": [
                    2,
                    1
                  ],
                  "uv_size": [
                    -1,
                    -1
                  ]
                },
                "down": {
                  "uv": [
                    2,
                    1
                  ],
                  "uv_size": [
                    -1,
                    -1
                  ]
                }
              },
              "inflate": -0.1
            },
            {
              "origin": [
                -6.5,
                11.9,
                -2.875
              ],
              "size": [
                1.0,
                1.25,
                0.75
              ],
              "pivot": [
                -6.0,
                12.375,
                -2.575
              ],
              "rotation": [
                -12.26846,
                -0.14896,
                0.58422
              ],
              "uv": {
                "north": {
                  "uv": [
                    1,
                    1
                  ],
                  "uv_size": [
                    1,
                    1
                  ]
                },
                "east": {
                  "uv": [
                    1,
                    1
                  ],
                  "uv_size": [
                    1,
                    1
                  ]
                },
                "south": {
                  "uv": [
                    1,
                    1
                  ],
                  "uv_size": [
                    1,
                    1
                  ]
                },
                "west": {
                  "uv": [
                    1,
                    1
                  ],
                  "uv_size": [
                    1,
                    1
                  ]
                },
                "up": {
                  "uv": [
                    2,
                    2
                  ],
                  "uv_size": [
                    -1,
                    -1
                  ]
                },
                "down": {
                  "uv": [
                    2,
                    2
                  ],
                  "uv_size": [
                    -1,
                    -1
                  ]
                }
              },
              "inflate": 0.05
            },
            {
              "origin": [
                -6.31213,
                12.0,
                -5.4
              ],
              "size": [
                0.75,
                1.0,
                0.75
              ],
              "pivot": [
                -5.81213,
                12.5,
                -4.9
              ],
              "rotation": [
                0.0,
                45.0,
                0.0
              ],
              "uv": {
                "north": {
                  "uv": [
                    1,
                    0
                  ],
                  "uv_size": [
                    1,
                    1
                  ]
                },
                "east": {
                  "uv": [
                    1,
                    0
                  ],
                  "uv_size": [
                    1,
                    1
                  ]
                },
                "south": {
                  "uv": [
                    1,
                    0
                  ],
                  "uv_size": [
                    1,
                    1
                  ]
                },
                "west": {
                  "uv": [
                    1,
                    0
                  ],
                  "uv_size": [
                    1,
                    1
                  ]
                },
                "up": {
                  "uv": [
                    2,
                    1
                  ],
                  "uv_size": [
                    -1,
                    -1
                  ]
                },
                "down": {
                  "uv": [
                    2,
                    1
                  ],
                  "uv_size": [
                    -1,
                    -1
                  ]
                }
              },
              "inflate": -0.1
            },
            {
              "origin": [
                -6.33431,
                12.0,
                -5.4
              ],
              "size": [
                0.75,
                1.0,
                0.75
              ],
              "pivot": [
                -5.83431,
                12.5,
                -4.9
              ],
              "rotation": [
                0.0,
                45.0,
                0.0
              ],
              "uv": {
                "north": {
                  "uv": [
                    1,
                    0
                  ],
                  "uv_size": [
                    1,
                    1
                  ]
                },
                "east": {
                  "uv": [
                    1,
                    0
                  ],
                  "uv_size": [
                    1,
                    1
                  ]
                },
                "south": {
                  "uv": [
                    1,
                    0
                  ],
                  "uv_size": [
                    1,
                    1
                  ]
                },
                "west": {
                  "uv": [
                    1,
                    0
                  ],
                  "uv_size": [
                    1,
                    1
                  ]
                },
                "up": {
                  "uv": [
                    2,
                    1
                  ],
                  "uv_size": [
                    -1,
                    -1
                  ]
                },
                "down": {
                  "uv": [
                    2,
                    1
                  ],
                  "uv_size": [
                    -1,
                    -1
                  ]
                }
              },
              "inflate": -0.1
            },
            {
              "origin": [
                -6.493,
                12.007,
                -11.923
              ],
              "size": [
                0.986,
                0.986,
                7.846
              ],
              "uv": {
                "north": {
                  "uv": [
                    0,
                    1
                  ],
                  "uv_size": [
                    1,
                    1
                  ]
                },
                "east": {
                  "uv": [
                    0,
                    1
                  ],
                  "uv_size": [
                    1,
                    1
                  ]
                },
                "south": {
                  "uv": [
                    0,
                    1
                  ],
                  "uv_size": [
                    1,
                    1
                  ]
                },
                "west": {
                  "uv": [
                    0,
                    1
                  ],
                  "uv_size": [
                    1,
                    1
                  ]
                },
                "up": {
                  "uv": [
                    1,
                    2
                  ],
                  "uv_size": [
                    -1,
                    -1
                  ]
                },
                "down": {
                  "uv": [
                    1,
                    2
                  ],
                  "uv_size": [
                    -1,
                    -1
                  ]
                }
              },
              "inflate": -0.15
            }
          ],
          "parent": "rightArm",
          "rotation": [
            0,
            0,
            -90
          ]
        }
      ]
    }
  ]
}