{
  "format_version": "1.12.0",
  "minecraft:geometry": [
    {
      "description": {
        "identifier": "geometry.mn_oculos_1",
        "texture_width": 64,
        "texture_height": 64,
        "visible_bounds_width": 2,
        "visible_bounds_height": 3.5,
        "visible_bounds_offset": [
          0,
          1.25,
          0
        ]
      },
      "bones": [
        {
          "name": "Head",
          "pivot": [
            0,
            24,
            0
          ],
          "cubes": [
            {
              "origin": [
                -4.1,
                25.5,
                -4.1
              ],
              "size": [
                8.2,
                3.0,
                0.0
              ],
              "uv": {
                "north": {
                  "uv": [
                    0,
                    28
                  ],
                  "uv_size": [
                    64,
                    24
                  ]
                },
                "east": {
                  "uv": [
                    0,
                    0
                  ],
                  "uv_size": [
                    0,
                    8
                  ]
                },
                "south": {
                  "uv": [
                    64,
                    0
                  ],
                  "uv_size": [
                    -21,
                    8
                  ]
                },
                "west": {
                  "uv": [
                    64,
                    2
                  ],
                  "uv_size": [
                    0,
                    8
                  ]
                },
                "up": {
                  "uv": [
                    0,
                    0
                  ],
                  "uv_size": [
                    8,
                    0
                  ]
                },
                "down": {
                  "uv": [
                    8,
                    0
                  ],
                  "uv_size": [
                    8,
                    0
                  ]
                }
              },
              "inflate": 0
            },
            {
              "origin": [
                0.17884,
                26.0,
                -0.0039
              ],
              "size": [
                3.2,
                1.5,
                0.0
              ],
              "pivot": [
                4.27884,
                27.0,
                -0.0039
              ],
              "rotation": [
                0.0,
                -87.5,
                0.0
              ],
              "uv": {
                "north": {
                  "uv": [
                    0,
                    6
                  ],
                  "uv_size": [
                    30,
                    12
                  ]
                },
                "east": {
                  "uv": [
                    0,
                    0
                  ],
                  "uv_size": [
                    0,
                    8
                  ]
                },
                "south": {
                  "uv": [
                    64,
                    20
                  ],
                  "uv_size": [
                    -48,
                    8
                  ]
                },
                "west": {
                  "uv": [
                    64,
                    2
                  ],
                  "uv_size": [
                    0,
                    8
                  ]
                },
                "up": {
                  "uv": [
                    0,
                    0
                  ],
                  "uv_size": [
                    8,
                    0
                  ]
                },
                "down": {
                  "uv": [
                    8,
                    0
                  ],
                  "uv_size": [
                    8,
                    0
                  ]
                }
              },
              "inflate": 0
            },
            {
              "origin": [
                -3.37884,
                26.0,
                -0.0039
              ],
              "size": [
                3.2,
                1.5,
                0.0
              ],
              "pivot": [
                -4.27884,
                27.0,
                -0.0039
              ],
              "rotation": [
                0.0,
                87.5,
                0.0
              ],
              "uv": {
                "north": {
                  "uv": [
                    30,
                    6
                  ],
                  "uv_size": [
                    -30,
                    12
                  ]
                },
                "east": {
                  "uv": [
                    64,
                    2
                  ],
                  "uv_size": [
                    0,
                    8
                  ]
                },
                "south": {
                  "uv": [
                    16,
                    19
                  ],
                  "uv_size": [
                    48,
                    4
                  ]
                },
                "west": {
                  "uv": [
                    0,
                    0
                  ],
                  "uv_size": [
                    0,
                    8
                  ]
                },
                "up": {
                  "uv": [
                    8,
                    0
                  ],
                  "uv_size": [
                    -8,
                    0
                  ]
                },
                "down": {
                  "uv": [
                    16,
                    0
                  ],
                  "uv_size": [
                    -8,
                    0
                  ]
                }
              },
              "inflate": 0
            }
          ]
        }
      ]
    }
  ]
}