{
  "format_version": "1.10.0",
  "minecraft:attachable": {
    "description": {
    "identifier": "bd:familiar_hat",
      "materials": {
        "default": "armor",
        "enchanted": "armor_enchanted"
      },
      "textures": {
        "default": "textures/entity/familiar_hat",
        "enchanted": "textures/misc/enchanted_item_glint"
      },
      "geometry": {
        "default": "geometry.familiar_hat"
      },
      "scripts": {
        "parent_setup": "variable.helmet_layer_visible = 0.0;"
      },
      "render_controllers":[ "controller.render.armor" ]
    }
  }
}