{
	"format_version": "1.8.0",
	"animations": {
		"animation.m14.low": {
			"loop": true,
			"bones": {
				"root": {
					"rotation": [0, 180, 0],
					"position": [0, 0, -2]
				},
				"rightArm": {
					"rotation": [-90, 0, 8],
					"position": [2, -1.2, -0.8]
				},
				"leftArm": {
					"rotation": [-102.5, 37.5, 7.5],
					"position": [-2.5, -3, -12]
				},
				"tool": {
					"position": [-2, 13, 11],
					"scale": 0.2
				},
				"m14": {
					"rotation": [90, 0, 0],
					"position": [-6, 1, 4.7],
					"scale": 0.52
				}
			}
		},
		"animation.m14.sight": {
			"loop": true,
			"bones": {
				"root": {
					"rotation": [0, 180, 0],
					"position": [0, 0, -2]
				},
				"rightArm": {
					"rotation": [-90, 0, 0],
					"position": [5.95, 0.08, 2.2]
				},
				"leftArm": {
					"rotation": [-110, 42.5, 10],
					"position": [1.5, -2.5, -9]
				},
				"tool": {
					"position": [-2, 14, 10],
					"scale": 0.2
				},
				"m14": {
					"rotation": [90, 0, 0],
					"position": [-5.68, 2, 4],
					"scale": 0.5
				}
			}
		},
		"animation.m14.reload": {
			"loop": "hold_on_last_frame",
			"animation_length": 6.44,
			"bones": {
				"308": {
					"scale": 0
				},
				"root": {
					"rotation": [0, 180, 0],
					"position": [0, 0, -2]
				},
				"rightArm": {
					"rotation": {
						"0.0": [-90, 0, 8],
						"0.25": [-87.5, -5.73, 10],
						"0.59": [-88.5, -4, -7.5],
						"0.94": [-89.5, -4, -10],
						"1.1": [-89.5, -4, -5],
						"1.35": [-92, -4, -7.5],
						"1.5": [-92.5, -4, -12.5],
						"1.82": [-90, -4, -2.5],
						"2.27": [-90, -4, -12.5],
						"2.55": [-92, -4, -12.5],
						"2.92": [-91, -4, -10],
						"3.22": [-91, -4, -5],
						"3.78": [-91, -4, -5],
						"4.02": [-91, -4, 0],
						"4.24": [-92, -4, -2.5],
						"4.51": [-93.5, -4, 0],
						"4.87": [-90, 0, 8],
						"5.13": [-82.5, 4.27, 35],
						"5.39": [-84.29, 10.25, 32.68],
						"5.69": [-102.5, 11.77, 30],
						"5.77": [-102.5, 11.77, 30],
						"5.95": [-102.5, 11.77, 30],
						"6.43": [-90, 0, 8]
					},
					"position": {
						"0.0": [2, -1.2, -1.8],
						"0.25": [1, 0, 1],
						"0.94": [1, 0.5, 1],
						"1.1": [1, 0.4, 1],
						"1.35": [1, 0.5, 1.3],
						"1.5": [1, -0.4, 1],
						"1.82": [1, -0.5, 1],
						"2.27": [1, -0.2, 1],
						"2.55": [1, 0.3, 1],
						"2.92": [1, 0.2, 1],
						"3.22": [1, 0.2, 1],
						"3.78": [1, 0.2, 1.2],
						"4.87": [2, -1.2, 1.2],
						"5.13": [1.52, -0.5, -0.13],
						"5.69": [0.5, 1, -3],
						"5.77": [0.5, 1, -2.08],
						"5.95": [0.5, 1, 0],
						"6.18": [1.22, -1.05, -0.38],
						"6.43": [2, -1.2, -0.8]
					}
				},
				"body": {
					"position": {
						"0.16": [0, 0, 0],
						"0.52": [0, 0, -2],
						"5.95": [0, 0, -2],
						"6.39": [0, 0, 0]
					}
				},
				"m14": {
					"rotation": {
						"0.0": [90, 0, 0],
						"5.13": [90, 0, 0],
						"5.39": [94.46, 0, -4.82],
						"5.69": [105, 0, -5],
						"5.77": [105, 0, -5],
						"5.95": [105, 0, -5],
						"6.43": [90, 0, 0]
					},
					"position": {
						"0.0": [-6, 1, 4.7],
						"5.13": [-6, 1, 4.7],
						"5.39": [-3.14, 3.09, 6.16],
						"5.69": [-2, 5.5, 10],
						"5.77": [-2, 4.58, 10],
						"5.95": [-1.8, 2, 10.4],
						"6.18": [-3.92, 1.78, 6.46],
						"6.43": [-6, 1, 4.7]
					},
					"scale": 0.52
				},
				"leftArm": {
					"rotation": {
						"0.0": [-102.5, 37.5, 7.5],
						"0.25": [-82.5, 27.5, -2.5],
						"0.59": [-90, 27.5, -25],
						"0.93": [-102, 22.5, -25],
						"1.1": [-95, 27.5, -17.5],
						"1.34": [-97.5, 32.5, -17.5],
						"1.42": [-84.09, 33.18, -17.5],
						"1.56": [-65, 27.5, -17.5],
						"2.11": [-7.5, 10, -5],
						"2.29": [-2.5, -17.5, -5],
						"2.5": [-22.5, -10, -5],
						"2.76": [-20, 40, -5],
						"3.05": [-22.5, 22.5, -5],
						"3.17": [-27.5, 22.5, -17.5],
						"3.73": [-62.5, 17.5, -5],
						"3.84": [-74.9, 21.73, -15],
						"3.99": [-82.5, 27.5, -5],
						"4.24": [-82.5, 27.5, -10],
						"4.43": [-82.5, 17.5, -5],
						"4.62": [-89.44, 18.33, 8.89],
						"4.87": [-102.5, 37.5, 7.5],
						"5.13": [-87.5, 47.5, 25],
						"5.69": [-77.5, 52.5, 52.5],
						"5.95": [-77.5, 55, 52.5],
						"6.43": [-102.5, 37.5, 7.5]
					},
					"position": {
						"0.0": [-2.5, -3, -13],
						"0.25": [-3, 0, -3.5],
						"0.59": [-3.94, 0, -4],
						"1.42": [-3.94, 0, -4],
						"1.55": [-3.39, 0, -2.5],
						"2.11": [-1, 0, -0.5],
						"3.05": [-2, 0, -0.5],
						"3.73": [-3.94, 0, -3.2],
						"4.23": [-3.94, 0, -3.2],
						"4.87": [-2.5, -3, -9],
						"5.13": [-2.5, -3, -10],
						"5.69": [-2, -3, -12],
						"5.95": [-1.9, -3, -12.5],
						"6.43": [-2.5, -3, -12]
					}
				},
				"mag": {
					"rotation": {
						"1.34": [0, 0, 0],
						"1.42": [0, 0, 0],
						"1.5": [17.5, 35, 0],
						"1.62": [32.5, 22.5, -5],
						"2.1": [77.5, 7.5, 0],
						"2.29": [77.5, -15, 7.5],
						"2.8": [77.5, 40, 7.5],
						"2.89": [77.5, 37.5, 7.5],
						"3.05": [77.5, 27.5, 2.5],
						"3.17": [70, 27.5, -10],
						"3.73": [25, 22.5, 5],
						"3.83": [15.38, 13.85, -19.42],
						"3.99": [0, 0, 0]
					},
					"position": {
						"1.34": [0, 0, 0],
						"1.42": [0, -5, 0],
						"1.5": [3, -9, 2],
						"1.62": [7, -11, 4],
						"2.1": [18, -23, 18],
						"2.29": [19, -27, 23],
						"2.8": [12, -24, 16],
						"2.89": [11, -24, 16],
						"3.05": [14, -24, 16],
						"3.17": [18, -21, 13],
						"3.73": [6, -10, 2],
						"3.91": [1.3, -3.69, -0.1],
						"3.95": [0.4, -1.84, -0.05],
						"3.99": [0, 0, 0]
					},
					"scale": {
						"2.1": [1, 1, 1],
						"2.29": [0, 0, 0],
						"2.8": [0, 0, 0],
						"2.89": [1, 1, 1]
					}
				},
				"308m": {
					"position": {
						"5.73": [0, 0, 0],
						"5.79": [0, 2, 0],
						"6.03": [0, 1.8, -6.4]
					},
					"scale": {
						"0.0": [0, 0, 0],
						"2.8": [0, 0, 0],
						"2.89": [1, 1, 1]
					}
				},
				"Boltcarrier": {
					"position": {
						"0.02": [0, 0, 9],
						"5.57": [0, 0, 9.5],
						"5.68": [0, 0, 10],
						"5.75": [0, 0, 9.5],
						"6.03": [0, 0, 0]
					}
				},
				"bone19": {
					"position": {
						"0.0": [0, 0, 2],
						"5.74": [0, 0, 2],
						"6.01": [0, 0, 0]
					},
					"scale": {
						"0.0": [1, 1, 0.7],
						"5.74": [1, 1, 0.7],
						"6.01": [1, 1, 1]
					}
				},
				"bone17": {
					"rotation": {
						"0.0": [0, 0, 22.5],
						"5.74": [0, 0, 22.5],
						"5.9": [0, 0, 22.5],
						"6.03": [0, 0, 0]
					},
					"position": {
						"0.0": [0, 0, -5],
						"5.74": [0, 0, -5],
						"6.01": [0, 0, 0]
					},
					"scale": {
						"0.0": [1, 1, 0.3],
						"5.74": [1, 1, 0.3],
						"6.01": [1, 1, 1]
					}
				},
				"magrel": {
					"rotation": {
						"0.83": [0, 0, 0],
						"0.96": [-12, 0, 0],
						"1.31": [-12, 0, 0],
						"1.47": [0, 0, 0]
					}
				}
			}
		},
		"animation.m14.hold.mag": {
			"loop": true,
			"bones": {
				"308": {
					"scale": 0
				},
				"root": {
					"rotation": [0, 180, 0],
					"position": [0, 0, -2]
				},
				"rightArm": {
					"rotation": [-90, 0, 12.5],
					"position": [1, -1, -4]
				},
				"leftArm": {
					"position": [0, 0, 0]
				},
				"tool": {
					"position": [-2, 13, 11],
					"scale": 0.2
				},
				"m14": {
					"rotation": [90, 0, 0],
					"position": [-6, 2, 18],
					"scale": 0.52
				},
				"lower": {
					"scale": 0
				},
				"upper": {
					"scale": 0
				},
				"stock": {
					"scale": 0
				},
				"magazine": {
					"position": [0, 33, -6],
					"scale": 0.26
				},
				"mag": {
					"position": [1, 28, 9.5]
				},
				"receiver": {
					"scale": 0
				},
				"barrelassembly": {
					"scale": 0
				}
			}
		},
		"animation.m14.draw": {
			"loop": "hold_on_last_frame",
			"animation_length": 0.56,
			"bones": {
				"root": {
					"rotation": [0, 180, 0],
					"position": [0, 0, -2]
				},
				"rightArm": {
					"rotation": {
						"0.04": [0, 0, 0],
						"0.2": [-30, 0, 0],
						"0.32": [-75, 1.5, 2],
						"0.36": [-90, 0, 0],
						"0.52": [-90, 0, 8]
					},
					"position": {
						"0.0": [0, 0, 0],
						"0.16": [-0.11, -0.53, -1.94],
						"0.28": [1.56, -0.93, -3.4],
						"0.32": [1.56, -0.93, -3.4],
						"0.56": [2, -1.2, -0.8]
					}
				},
				"leftArm": {
					"rotation": {
						"0.0": [0, 0, 0],
						"0.2": [-38.61, 19.44, -1.94],
						"0.28": [-59.17, 53.16, -4.66],
						"0.32": [-83.34, 42.83, 1.42],
						"0.36": [-102.5, 42.5, 7.5],
						"0.56": [-102.5, 37.5, 7.5]
					},
					"position": {
						"0.0": [0, 0, 0],
						"0.2": [0.06, -1.87, -1],
						"0.32": [-1.5, -3, -11],
						"0.36": [-2.5, -3, -11],
						"0.56": [-2.5, -3, -12]
					}
				},
				"tool": {
					"position": [-2, 13, 11],
					"scale": 0.2
				},
				"m14": {
					"rotation": [90, 0, 0],
					"position": {
						"0.0": [-6, 1, 4.7],
						"0.36": [-6, 1, 4.7]
					},
					"scale": 0.52
				}
			},
			"sound_effects": {
				"0.0": {
					"effect": "rifle.draw"
				}
			}
		},
		"animation.m14.sprint": {
			"loop": true,
			"bones": {
				"root": {
					"rotation": [0, 180, 0],
					"position": [0, 0, -2]
				},
				"rightArm": {
					"rotation": [-80, -48.23, 25],
					"position": [1, -0.2, -5.5]
				},
				"leftArm": {
					"rotation": [-62.5, 2.5, -12.5],
					"position": [1, -2, -6.5]
				},
				"tool": {
					"position": [-2, 13, 11],
					"scale": 0.2
				},
				"m14": {
					"rotation": [90, 0, 0],
					"position": [-6, 1, 4.7],
					"scale": 0.5
				}
			}
		},
		"animation.m14.shoot": {
			"animation_length": 0.72,
			"bones": {
				"rightArm": {
					"rotation": {
						"0.04": [0, 0, 0],
						"0.12": [-5, 0, 0],
						"0.24": [0, 0, 0]
					},
					"position": {
						"0.04": [0, 0, 0],
						"0.12": [0, 0, 1.8],
						"0.24": [0, 0, 0]
					}
				},
				"leftArm": {
					"position": {
						"0.04": [0, 0, 0],
						"0.12": [-0.5, 0, 1],
						"0.24": [0, 0, 0]
					}
				},
				"308m": {
					"position": {
						"0.12": [0, 0, 0],
						"0.16": [0, 1.7, -1.6],
						"0.22": [0, 1.83, -6.6]
					}
				},
				"casing": {
					"rotation": {
						"0.1": [0, 0, 0],
						"0.16": [0, 45, 20],
						"0.26": [0, 360, 20],
						"0.38": [0, 690, 20],
						"0.54": [-50, 1067.5, 442.5],
						"0.62": [-50, 967.5, 442.5]
					},
					"position": {
						"0.02": [0, 0, 0],
						"0.08": [3.7, 0.15, 0],
						"0.1": [6.5, 0.5, 0],
						"0.14": [7.1, 1.5, 2.5],
						"0.22": [1.1, 3, 11.5],
						"0.34": [-5.9, 1, 25.5],
						"0.38": [-8.5, -0.4, 31.1],
						"0.44": [-12.9, -7, 43.5],
						"0.48": [-16.9, -16.5, 57],
						"0.54": [-20.9, -45.25, 72.25],
						"0.62": [-23.9, -73, 82.5]
					}
				},
				"bullet": {
					"scale": {
						"0.02": [1, 1, 1],
						"0.08": [0, 0, 0]
					}
				},
				"Boltcarrier": {
					"position": {
						"0.02": [0, 0, 0],
						"0.12": [0, 0, 9],
						"0.22": [0, 0, 0]
					}
				},
				"bone17": {
					"rotation": {
						"0.02": [0, 0, 0],
						"0.08": [0, 0, 22.5],
						"0.2": [0, 0, 22.5],
						"0.26": [0, 0, 0]
					},
					"position": {
						"0.02": [0, 0, 0],
						"0.1": [0, 0, -5],
						"0.2": [0, 0, 0]
					},
					"scale": {
						"0.02": [1, 1, 1],
						"0.1": [1, 1, 0.3],
						"0.2": [1, 1, 1]
					}
				},
				"trigger": {
					"rotation": {
						"0.0": [0, 0, 0],
						"0.04": [12.5, 0, 0],
						"0.36": [12.5, 0, 0],
						"0.52": [0, 0, 0]
					},
					"position": [0, 0, 0]
				},
				"bone19": {
					"position": {
						"0.0": [0, 0, 0],
						"0.12": [0, 0, 2],
						"0.22": [0, 0, 0]
					},
					"scale": {
						"0.0": [1, 1, 1],
						"0.12": [1, 1, 0.7],
						"0.22": [1, 1, 1]
					}
				}
			},
			"particle_effects": {
				"0.04": {
					"effect": "fx.muzzle2",
					"locator": "muzzle2"
				},
				"0.06": {
					"effect": "fx.port",
					"locator": "port2"
				}
			}
		},
		"animation.m14.low.tp": {
			"loop": true,
			"bones": {
				"leftArm": {
					"rotation": [-82.5, 27.5, -2.5],
					"position": [-3, 0, -3.5]
				},
				"rightArm": {
					"rotation": [-87.5, -5.73, 10],
					"position": [1, 0, 1]
				},
				"body": {
					"rotation": ["query.target_x_rotation*0.38", "query.target_y_rotation", 0]
				},
				"tool": {
					"position": [-2, 14, 12],
					"scale": 0.2
				},
				"m14": {
					"rotation": [90, 0, 0],
					"position": [-6, 3, 3.7],
					"scale": 0.42
				}
			}
		},
		"animation.m14.sight.tp": {
			"loop": true,
			"bones": {
				"leftArm": {
					"rotation": [-90, 30, -2.5],
					"position": [-3, 0, -3.5]
				},
				"rightArm": {
					"rotation": [-90, -5.73, 1],
					"position": [1, 0, 1]
				},
				"body": {
					"rotation": ["query.target_x_rotation*0.38", "query.target_y_rotation", 0]
				},
				"tool": {
					"position": [-2, 14, 12],
					"scale": 0.2
				},
				"head": {
					"rotation": [4, 0, -2.5]
				},
				"m14": {
					"rotation": [90, 0, 0],
					"position": [-6, 3, 3.7],
					"scale": 0.42
				}
			},
			"sound_effects": {
				"0.0": {
					"effect": "marksman.ads"
				}
			}
		},
		"animation.m14.reload.tp": {
			"loop": "hold_on_last_frame",
			"animation_length": 6.44,
			"bones": {
				"308": {
					"scale": 0
				},
				"body": {
					"rotation": ["query.target_x_rotation*0.38", "query.target_y_rotation", 0]
				},
				"rightArm": {
					"rotation": {
						"0.0": [-87.5, -5.73, 10],
						"0.25": [-87.5, -5.73, 10],
						"0.59": [-88.5, -4, -7.5],
						"0.94": [-89.5, -4, -10],
						"1.1": [-89.5, -4, -5],
						"1.35": [-92, -4, -7.5],
						"1.5": [-92.5, -4, -12.5],
						"1.82": [-90, -4, -2.5],
						"2.27": [-90, -4, -12.5],
						"2.55": [-92, -4, -12.5],
						"2.92": [-91, -4, -10],
						"3.22": [-91, -4, -5],
						"3.78": [-91, -4, -5],
						"4.02": [-91, -4, 0],
						"4.24": [-91, -4, -2.5],
						"4.51": [-91, -4, 0],
						"4.88": [-87.5, -5.73, 10],
						"5.13": [-82.5, 4.27, 35],
						"5.47": [-102.5, 16.77, 30],
						"5.69": [-102.5, 11.77, 30],
						"5.95": [-102.5, 11.77, 30],
						"6.43": [-87.5, -5.73, 10]
					},
					"position": {
						"0.0": [1, 0, 1],
						"0.25": [1, 0, 1],
						"0.94": [1, 0.5, 1],
						"1.1": [1, 0.4, 1],
						"1.35": [1, 0.5, 1.3],
						"1.5": [1, -0.4, 1],
						"1.82": [1, -0.5, 1],
						"2.27": [1, -0.2, 1],
						"2.55": [1, 0.3, 1],
						"2.92": [1, 0.2, 1],
						"3.22": [1, 0.2, 1],
						"3.78": [1, 0.2, 1.2],
						"4.87": [1, 0, 1],
						"4.88": [1, 0, 1],
						"5.69": [-0.5, 1, -3],
						"5.95": [-0.5, 1, 0],
						"6.43": [1, 0, 1],
						"6.44": [1, 0, 1]
					}
				},
				"m14": {
					"rotation": {
						"0.0": [90, 0, 0],
						"5.13": [90, 0, 0],
						"5.47": [107, 0, -12],
						"5.69": [105, 0, -5],
						"5.95": [105, 0, -5],
						"6.43": [90, 0, 0]
					},
					"position": {
						"0.0": [-6, 3, 3.7],
						"5.13": [-5.5, 3, 3.7],
						"5.47": [-1.4, 6.7, 8.52],
						"5.69": [-3, 7.5, 8],
						"5.95": [-3, 4.5, 8],
						"6.43": [-6, 3, 3.7]
					},
					"scale": 0.42
				},
				"leftArm": {
					"rotation": {
						"0.0": [-82.5, 27.5, -2.5],
						"0.25": [-82.5, 27.5, -2.5],
						"0.59": [-90, 27.5, -25],
						"0.93": [-95, 27.5, -25],
						"1.1": [-90, 27.5, -17.5],
						"1.34": [-95, 32.5, -17.5],
						"1.42": [-84.09, 33.18, -17.5],
						"1.56": [-65, 27.5, -17.5],
						"2.11": [-7.5, 10, -5],
						"2.29": [-2.5, -17.5, -5],
						"2.5": [-22.5, -10, -5],
						"2.76": [-20, 40, -5],
						"3.05": [-22.5, 22.5, -5],
						"3.17": [-27.5, 22.5, -17.5],
						"3.73": [-65, 17.5, -5],
						"3.84": [-74.9, 21.73, -15],
						"3.99": [-82.5, 27.5, -5],
						"4.24": [-82.5, 27.5, -10],
						"4.51": [-82.5, 27.5, -5],
						"4.71": [-89.44, 18.33, 8.89],
						"4.87": [-82.5, 27.5, -2.5],
						"5.13": [-72.5, 27.5, 40],
						"5.46": [-77.5, 27.5, 47.5],
						"5.69": [-80, 27.5, 50],
						"5.94": [-80, 32.5, 50],
						"6.43": [-82.5, 27.5, -2.5]
					},
					"position": {
						"0.0": [-3, 0, -3.5],
						"0.25": [-3, 0, -3.5],
						"0.59": [-3.94, 0, -3.2],
						"1.63": [-3.94, 0, -3.2],
						"2.11": [-1, 0, -0.5],
						"3.05": [-2, 0, -0.5],
						"3.73": [-3.94, 0, -3.2],
						"4.87": [-3, 0, -3.5],
						"5.13": [-3.94, 0, -3.2],
						"6.43": [-3, 0, -3.5]
					}
				},
				"mag": {
					"rotation": {
						"1.34": [0, 0, 0],
						"1.42": [0, 0, 0],
						"1.5": [17.5, 35, 0],
						"1.62": [32.5, 22.5, -5],
						"2.1": [77.5, 7.5, 0],
						"2.29": [77.5, -15, 7.5],
						"2.8": [77.5, 40, 7.5],
						"2.89": [77.5, 37.5, 7.5],
						"3.05": [77.5, 27.5, 2.5],
						"3.17": [70, 27.5, -10],
						"3.73": [25, 22.5, 5],
						"3.83": [15.38, 13.85, -19.42],
						"3.99": [0, 0, 0]
					},
					"position": {
						"1.34": [0, 0, 0],
						"1.42": [0, -5, 0],
						"1.5": [2, -10, 0],
						"1.62": [6, -14, 1],
						"2.1": [18, -26, 21],
						"2.29": [19, -27, 23],
						"2.8": [12, -24, 16],
						"2.89": [11, -24, 16],
						"3.05": [14, -24, 16],
						"3.17": [18, -24, 13],
						"3.73": [8, -12, -1],
						"3.91": [1.3, -3.69, -0.1],
						"3.95": [0.4, -1.84, -0.05],
						"3.99": [0, 0, 0]
					},
					"scale": {
						"2.1": [1, 1, 1],
						"2.29": [0, 0, 0],
						"2.8": [0, 0, 0],
						"2.89": [1, 1, 1]
					}
				},
				"308m": {
					"position": {
						"5.73": [0, 0, 0],
						"5.79": [0, 2, 0],
						"6.03": [0, 1.8, -6.4]
					},
					"scale": {
						"0.0": [0, 0, 0],
						"2.8": [0, 0, 0],
						"2.89": [1, 1, 1]
					}
				},
				"Boltcarrier": {
					"position": {
						"0.02": [0, 0, 9],
						"5.65": [0, 0, 9.5],
						"5.76": [0, 0, 9],
						"6.03": [0, 0, 0]
					}
				},
				"bone19": {
					"position": {
						"0.0": [0, 0, 2],
						"5.74": [0, 0, 2],
						"6.01": [0, 0, 0]
					},
					"scale": {
						"0.0": [1, 1, 0.7],
						"5.74": [1, 1, 0.7],
						"6.01": [1, 1, 1]
					}
				},
				"bone17": {
					"rotation": {
						"0.0": [0, 0, 22.5],
						"5.74": [0, 0, 22.5],
						"5.96": [0, 0, 22.5],
						"6.07": [0, 0, 0]
					},
					"position": {
						"0.0": [0, 0, -5],
						"5.74": [0, 0, -5],
						"6.01": [0, 0, 0]
					},
					"scale": {
						"0.0": [1, 1, 0.3],
						"5.74": [1, 1, 0.3],
						"6.01": [1, 1, 1]
					}
				},
				"magrel": {
					"rotation": {
						"1.19": [0, 0, 0],
						"1.32": [-10, 0, 0],
						"1.43": [0, 0, 0]
					}
				}
			}
		},
		"animation.m14.hold.mag.tp": {
			"loop": true,
			"bones": {
				"308": {
					"scale": 0
				},
				"rightArm": {
					"rotation": [-90, 0, 12.5],
					"position": [0, 0, 0]
				},
				"leftArm": {
					"position": [0, 0, 0]
				},
				"tool": {
					"position": [-2, 13, 11],
					"scale": 0.2
				},
				"m14": {
					"rotation": [90, 0, 0],
					"position": [-6, 3, 3.7],
					"scale": 0.42
				},
				"body": {
					"rotation": ["query.target_x_rotation*0.35", "query.target_y_rotation", 0]
				},
				"lower": {
					"scale": 0.0001
				},
				"upper": {
					"scale": 0.0001
				},
				"stock": {
					"scale": 0.0001
				},
				"magazine": {
					"position": [-27, 135, -54]
				},
				"mag": {
					"rotation": [2.5, 0, 0],
					"position": [1, 0, 8.5]
				},
				"receiver": {
					"scale": 0
				},
				"barrelassembly": {
					"scale": 0
				}
			}
		},
		"animation.m14.draw.tp": {
			"loop": "hold_on_last_frame",
			"animation_length": 0.44,
			"bones": {
				"rightArm": {
					"rotation": {
						"0.04": [0, 0, 0],
						"0.36": [-87.5, -5.73, 10]
					},
					"position": {
						"0.0": [0, 0, 0],
						"0.28": [0, 0, 0],
						"0.44": [1, 0, 1]
					}
				},
				"leftArm": {
					"rotation": {
						"0.0": [0, 0, 0],
						"0.44": [-82.5, 27.5, -2.5]
					},
					"position": {
						"0.0": [0, 0, 0],
						"0.44": [-3, 0, -3.5]
					}
				},
				"tool": {
					"position": [-2, 13, 11],
					"scale": 0.2
				},
				"m14": {
					"rotation": [90, 0, 0],
					"position": {
						"0.0": [-6, 3, 3.7],
						"0.36": [-6, 3, 3.7]
					},
					"scale": 0.42
				},
				"body": {
					"rotation": ["query.target_x_rotation*0.35", "query.target_y_rotation", 0]
				}
			},
			"sound_effects": {
				"0.0": {
					"effect": "rifle.draw"
				}
			}
		},
		"animation.m14.sprint.tp": {
			"loop": true,
			"bones": {
				"leftArm": {
					"rotation": [-40, 15, -12.5],
					"position": [0, 0, -3]
				},
				"rightArm": {
					"rotation": [-80, -48.23, 25],
					"position": [0, -1, 0]
				},
				"tool": {
					"position": [-2, 14, 12],
					"scale": 0.2
				},
				"m14": {
					"rotation": [90, 0, 0],
					"position": [-6, 3, 3.7],
					"scale": 0.42
				},
				"head": {
					"rotation": [5, 0, 0]
				}
			}
		}
	}
}