{
	"format_version": "1.10.0",
	"animation_controllers": {
		"controller.animation.particles": {
			"states": {
				"default": {
					"transitions": [
						{
							"walk": "1"
						}
					],
					"on_entry": [
						"/function particle_inu",
						"/function particle_jiki",
						"/function particle_sara",
						"/function particle_magu",
						"/function particle_mochi",
						"/function particle_uo",
						"/function particle_sea",
						"/function particle_nikyu",
						"/function particle_pika",
						"/function particle_goro",
						"/function particle_mera"
					]
				},
				"walk": {
					"transitions": [
						{
							"default": "1"
						}
					],
					"on_entry": [
						"/function particle_inu",
						"/function particle_jiki",
						"/function particle_sara",
						"/function particle_magu",
						"/function particle_mochi",
						"/function particle_uo",
						"/function particle_sea",
						"/function particle_nikyu",
						"/function particle_pika",
						"/function particle_goro",
						"/function particle_mera"
					]
				}
			}
		},
		"controller.animation.chakra2": {
			"states": {
				"default": {
					"transitions": [
						{
							"walk": "query.is_sneaking"
						}
					],
					"on_entry": [
						"/scoreboard players add @p chakra 1"
					]
				},
				"walk": {
					"transitions": [
						{
							"default": "1"
						}
					],
					"on_entry": [
						"0"
					]
				}
			}
		}
	}
}











