{
	"format_version": "1.10.0",
	"animation_controllers": {
		"controller.animation.haki2": {
			"states": {
				"default": {
					"transitions": [
						{
							"walk": "!query.get_equipped_item_name('feet') == 'ryou'"
						}
					],
					"on_entry": [
						"/tag @s remove haki"
					]
				},
				"walk": {
					"transitions": [
						{
							"default": "!query.get_equipped_item_name('feet') == 'ryou'"
						}
					],
					"on_entry": [
						"/tag @s remove haki"
					]
				}
			}
		}
	}
}
	





































			
			
		
	

	


















