{
  "format_version":"1.16.100",
  "animation_controllers":{
    "controller.animation.luffy2":{
      "states":{
        "default":{
          "transitions":[
            {"luffy2":"variable.time = (variable.time ?? 0);variable.time = variable.time < 40 ? variable.time + 1:0;return variable.time == 0;"}
          ]
        },
        "luffy2":{
          "transitions":[
            {"4":"query.has_target"},
            {"2":"variable.time = (variable.time ?? 0);variable.time = variable.time < 50 ? variable.time + 1:0;return variable.time == 0;"}
          ],
          "on_entry":[
"/effect @e[r=7,rm=2,type=!stk:luffy2] slowness 7 1 true", 
"/effect @e[r=7,rm=2,type=!stk:luffy2] instant_damage 5 1 true", 
"/playanimation @e[type=stk:luffy2] animation.gomu.pistol", 
"/playsound pistol @a[r=7]"
          ]
        },
        "2":{
          "transitions":[
            {"3":"variable.time = (variable.time ?? 0);variable.time = variable.time < 100 ? variable.time + 1:0;return variable.time == 0;"}
          ],
          "on_entry":[
"/effect @e[r=7,rm=2,type=!stk:luffy2] slowness 7 1 true", 
"/effect @e[r=7,rm=2,type=!stk:luffy2] instant_damage 5 3 true", 
"/playanimation @e[type=stk:luffy2] animation.gomu.bazooka", 
"/playsound pistol @a[r=7]"
          ]
        },
        "3":{
          "transitions":[
            {"default":"variable.time = (variable.time ?? 0);variable.time = variable.time < 150 ? variable.time + 1:0;return variable.time == 0;"}
          ],
          "on_entry":[
"/effect @e[r=7,rm=2,type=!stk:luffy2] slowness 7 1 true", 
"/effect @e[r=7,rm=2,type=!stk:luffy2] instant_damage 5 3 true", 
"/playanimation @e[type=stk:luffy2] animation.gomu.bazooka", 
"/playsound pistol @a[r=7]"
          ]
        },
        "4":{
          "transitions":[
            {"4.5":"variable.time = (variable.time ?? 0);variable.time = variable.time < 15 ? variable.time + 1:0;return variable.time == 0;"}
          ],
          "on_entry":[
            "/tp @s @e[r=20,c=1,rm=5,family=!attack]",
            "/effect @e[r=8,type=!stk:luffy2] slowness 6 225 true",
            "/particle stk:haki_rei ~~~",
            "/playsound rei @a[r=20]"
          ]
        },
       "4.5":{
          "transitions":[
            {"5":"variable.time = (variable.time ?? 0);variable.time = variable.time < 50 ? variable.time + 1:0;return variable.time == 0;"}
          ],
          "on_entry":[
            "/tp @s @e[r=20,c=1,rm=5,family=!attack]",
            "/effect @e[r=8,type=!stk:luffy2] slowness 6 225 true",
            "/particle stk:haki_rei ~~~",
            "/playsound rei @a[r=20]",
            "/summon stk:raid_pirate",
            "/summon stk:raid_pirate",
            "/summon stk:raid_pirate"
,
            "/summon stk:raid_pirate"

          ]
          
        },
       "5":{
          "transitions":[
            {"6":"variable.time = (variable.time ?? 0);variable.time = variable.time < 50 ? variable.time + 1:0;return variable.time == 0;"}
          ],
          "on_entry":[
            "/replaceitem entity @s slot.weapon.mainhand 0 stk:haki",
            "/playsound haki @a[r=20]"
          ]
        },
       "6":{
          "transitions":[
            {"default":"variable.time = (variable.time ?? 0);variable.time = variable.time < 60 ? variable.time + 1:0;return variable.time == 0;"}
          ],
          "on_entry":[
"/effect @e[r=7,rm=2,type=!stk:luffy2] slowness 7 1 true", 
"/effect @e[r=7,rm=2,type=!stk:luffy2] instant_damage 5 2 true", 
"/playanimation @e[type=stk:luffy2] animation.gomu.gatling", 
"/playsound gatling @a[r=7]"
          ]
        }
        
      }
    }
  }
}













