{
	"format_version": "1.10.0",
	"animation_controllers": {
		"controller.animation.zp": {
			"states": {
				"default": {
					"transitions": [
						{
							"walking": "1"
						}
					],
					"on_entry": [
						"/execute @s[tag=soru] ~~~ tp @e[type=stk:zp] ~~~ facing ^^^100",
						"/execute @s[tag=soru] ~~~ tp @e[type=stk:tw] ~~~ facing ^^^100"
					]
				},
				"walking": {
					"transitions": [
						{
							"default": "1"
						}
					],
					"on_entry": [
						"/execute @s[tag=soru] ~~~ tp @e[type=stk:zp] ~~~ facing ^^^100",
						"/execute @s[tag=soru] ~~~ tp @e[type=stk:tw] ~~~ facing ^^^100"
					]
				}
			}
		}
	}
}