{
	"format_version": "1.10.0",
	"geometry.miner": {
		"texturewidth": 512,
		"textureheight": 512,
		"visible_bounds_width": 8,
		"visible_bounds_height": 3,
		"visible_bounds_offset": [0, 0, 0],
		"bones": [
			{
				"name": "miner",
				"pivot": [0, 7, 0]
			},
			{
				"name": "seat3",
				"parent": "miner",
				"pivot": [0, 20, 3],
				"rotation": [-10, 0, 0],
				"cubes": [
					{"origin": [-6, 20, 3], "size": [11, 11, 2], "uv": [102, 406]}
				]
			},
			{
				"name": "headrest3",
				"parent": "seat3",
				"pivot": [0, 31, 3],
				"cubes": [
					{"origin": [1, 31, 4], "size": [1, 1, 1], "uv": [22, 484]},
					{"origin": [-3, 31, 4], "size": [1, 1, 1], "uv": [22, 482]},
					{"origin": [-4, 32, 3], "size": [7, 4, 2], "uv": [0, 447]}
				]
			},
			{
				"name": "steering",
				"parent": "miner",
				"pivot": [10, 24, -12],
				"rotation": [20, 0, 0],
				"cubes": [
					{"origin": [-4, 24, -17], "size": [1, 1, 8], "uv": [188, 427]},
					{"origin": [-4, 24, -9], "size": [1, 3, 1], "uv": [18, 486]},
					{"origin": [-1, 19, -21], "size": [1, 1, 8], "uv": [170, 427]},
					{"origin": [-4, 19, -21], "size": [1, 1, 8], "uv": [152, 427]},
					{"origin": [1, 24, -17], "size": [1, 1, 8], "uv": [116, 427]},
					{"origin": [1, 24, -9], "size": [1, 3, 1], "uv": [18, 482]}
				]
			},
			{
				"name": "gears",
				"parent": "miner",
				"pivot": [0, 18, -7],
				"rotation": [-15, 0, 0],
				"cubes": [
					{"origin": [7, 15, -8], "size": [1, 8, 1], "uv": [148, 473]},
					{"origin": [6, 23, -8], "size": [3, 1, 1], "uv": [10, 487]}
				]
			},
			{
				"name": "gears2",
				"parent": "miner",
				"pivot": [0, 18, -7],
				"rotation": [-15, 0, 0],
				"cubes": [
					{"origin": [-9, 15, -8], "size": [1, 8, 1], "uv": [0, 482]},
					{"origin": [-10, 23, -8], "size": [3, 1, 1], "uv": [10, 489]}
				]
			},
			{
				"name": "pedal1",
				"parent": "miner",
				"pivot": [11, 17, -10],
				"rotation": [15, 0, 0],
				"cubes": [
					{"origin": [-1, 17, -11], "size": [2, 4, 1], "uv": [4, 482]}
				]
			},
			{
				"name": "pedal2",
				"parent": "miner",
				"pivot": [11, 17, -10],
				"rotation": [15, 0, 0],
				"cubes": [
					{"origin": [-5, 17, -11], "size": [2, 4, 1], "uv": [10, 482]}
				]
			},
			{
				"name": "windsrceen",
				"parent": "miner",
				"pivot": [0, 27, -18],
				"rotation": [-10, 0, 0],
				"cubes": [
					{"origin": [-10, 28, -17], "size": [20, 11, 1], "uv": [0, 393]},
					{"origin": [10, 27, -18], "size": [2, 12, 2], "uv": [62, 457]},
					{"origin": [-12, 27, -18], "size": [2, 12, 2], "uv": [54, 457]},
					{"origin": [-10, 39, -18], "size": [20, 2, 2], "uv": [126, 380]}
				]
			},
			{
				"name": "windsrceen2",
				"parent": "miner",
				"pivot": [0, 27, 22],
				"rotation": [5, 0, 0],
				"cubes": [
					{"origin": [-10, 26, 22], "size": [20, 13, 1], "uv": [170, 361]},
					{"origin": [10, 26, 22], "size": [2, 13, 2], "uv": [38, 457]},
					{"origin": [-12, 26, 22], "size": [2, 13, 2], "uv": [46, 457]},
					{"origin": [-10, 39, 22], "size": [20, 2, 2], "uv": [0, 406]}
				]
			},
			{
				"name": "body",
				"parent": "miner",
				"pivot": [0, 7, 0],
				"cubes": [
					{"origin": [-10, 40, -14], "size": [20, 1, 35], "uv": [124, 254]},
					{"origin": [-12, 15, -35], "size": [24, 1, 59], "uv": [0, 0]},
					{"origin": [-8, 3, -35], "size": [16, 1, 59], "uv": [166, 0]},
					{"origin": [11, 16, 4], "size": [1, 10, 20], "uv": [208, 320]},
					{"origin": [-6, 4, -35], "size": [12, 11, 57], "uv": [0, 60]},
					{"origin": [-12, 16, -35], "size": [24, 10, 19], "uv": [124, 290]},
					{"origin": [-17, 6, 14], "size": [32, 4, 4], "uv": [136, 320]},
					{"origin": [-17, 6, -28], "size": [32, 4, 4], "uv": [136, 328]},
					{"origin": [-12, 16, 4], "size": [1, 10, 20], "uv": [0, 350]},
					{"origin": [-11, 16, 23], "size": [22, 10, 1], "uv": [170, 350]},
					{"origin": [-3, 12, -38], "size": [6, 6, 3], "uv": [134, 427]},
					{"origin": [-3, 28, -29], "size": [6, 1, 10], "uv": [68, 406]},
					{"origin": [-11, 26, -34], "size": [22, 2, 18], "uv": [0, 320]},
					{"origin": [-5, 16, -4], "size": [9, 1, 8], "uv": [68, 417]},
					{"origin": [-6, 17, -5], "size": [11, 3, 10], "uv": [0, 380]},
					{"origin": [6, 16, -9], "size": [3, 1, 3], "uv": [70, 461]},
					{"origin": [-10, 16, -9], "size": [3, 1, 3], "uv": [70, 457]},
					{"origin": [-8, 26, -28], "size": [2, 6, 2], "uv": [70, 465]},
					{"origin": [-12, 16, -16], "size": [1, 6, 20], "uv": [86, 350]},
					{"origin": [11, 16, -16], "size": [1, 6, 20], "uv": [128, 350]},
					{"origin": [-2, 29, -24], "size": [4, 1, 2], "uv": [136, 473]}
				]
			},
			{
				"name": "wheel1",
				"parent": "body",
				"pivot": [0, 7, 0],
				"cubes": [
					{"origin": [15, 2, -33], "size": [7, 11, 55], "uv": [0, 254]},
					{"origin": [13, 2, 25], "size": [10, 11, 1], "uv": [172, 406]},
					{"origin": [13, 2, -37], "size": [10, 11, 1], "uv": [194, 406]},
					{"origin": [13, 14, -35], "size": [10, 1, 59], "uv": [0, 128]},
					{"origin": [13, 0, -35], "size": [10, 1, 59], "uv": [138, 128]},
					{"origin": [15, 3, -35], "size": [7, 9, 2], "uv": [44, 427]},
					{"origin": [15, 3, 22], "size": [7, 9, 2], "uv": [98, 427]},
					{"origin": [13, 11, -38], "size": [10, 1, 1], "uv": [242, 453]},
					{"origin": [13, 8, -38], "size": [10, 1, 1], "uv": [220, 453]},
					{"origin": [13, 5, -38], "size": [10, 1, 1], "uv": [198, 453]},
					{"origin": [13, 5, 26], "size": [10, 1, 1], "uv": [176, 453]},
					{"origin": [13, 8, 26], "size": [10, 1, 1], "uv": [154, 453]},
					{"origin": [13, 11, 26], "size": [10, 1, 1], "uv": [132, 453]}
				]
			},
			{
				"name": "w1",
				"parent": "wheel1",
				"pivot": [18, 13, -37],
				"rotation": [-45, 0, 0],
				"cubes": [
					{"origin": [13, 13, -37], "size": [10, 3, 1], "uv": [88, 439]}
				]
			},
			{
				"name": "w2",
				"parent": "wheel1",
				"pivot": [18, 2, -37],
				"rotation": [45, 0, 0],
				"cubes": [
					{"origin": [13, -1, -37], "size": [10, 3, 1], "uv": [0, 439]}
				]
			},
			{
				"name": "w3",
				"parent": "wheel1",
				"pivot": [18, 13, 26],
				"rotation": [45, 0, 0],
				"cubes": [
					{"origin": [13, 13, 25], "size": [10, 3, 1], "uv": [110, 439]}
				]
			},
			{
				"name": "w4",
				"parent": "wheel1",
				"pivot": [18, 2, 26],
				"rotation": [-45, 0, 0],
				"cubes": [
					{"origin": [13, -1, 25], "size": [10, 3, 1], "uv": [206, 427]}
				]
			},
			{
				"name": "track1",
				"parent": "wheel1",
				"pivot": [0, 7, 0],
				"cubes": [
					{"origin": [13, -1, 17], "size": [10, 1, 1], "uv": [18, 451]},
					{"origin": [13, -1, -34], "size": [10, 1, 1], "uv": [110, 453]},
					{"origin": [13, -1, -31], "size": [10, 1, 1], "uv": [88, 453]},
					{"origin": [13, -1, -28], "size": [10, 1, 1], "uv": [66, 453]},
					{"origin": [13, -1, -25], "size": [10, 1, 1], "uv": [44, 453]},
					{"origin": [13, -1, -22], "size": [10, 1, 1], "uv": [22, 453]},
					{"origin": [13, -1, -19], "size": [10, 1, 1], "uv": [0, 453]},
					{"origin": [13, -1, -16], "size": [10, 1, 1], "uv": [106, 449]},
					{"origin": [13, -1, -13], "size": [10, 1, 1], "uv": [106, 447]},
					{"origin": [13, -1, -10], "size": [10, 1, 1], "uv": [84, 451]},
					{"origin": [13, -1, -7], "size": [10, 1, 1], "uv": [84, 449]},
					{"origin": [13, -1, -4], "size": [10, 1, 1], "uv": [84, 447]},
					{"origin": [13, -1, -1], "size": [10, 1, 1], "uv": [62, 451]},
					{"origin": [13, -1, 2], "size": [10, 1, 1], "uv": [62, 449]},
					{"origin": [13, -1, 5], "size": [10, 1, 1], "uv": [62, 447]},
					{"origin": [13, -1, 11], "size": [10, 1, 1], "uv": [40, 449]},
					{"origin": [13, -1, 8], "size": [10, 1, 1], "uv": [40, 451]},
					{"origin": [13, -1, 14], "size": [10, 1, 1], "uv": [40, 447]},
					{"origin": [13, -1, 20], "size": [10, 1, 1], "uv": [18, 449]}
				]
			},
			{
				"name": "track11",
				"parent": "wheel1",
				"pivot": [0, 7, 0],
				"cubes": [
					{"origin": [13, 15, 17], "size": [10, 1, 1], "uv": [132, 439]},
					{"origin": [13, 15, -34], "size": [10, 1, 1], "uv": [0, 457]},
					{"origin": [13, 15, -31], "size": [10, 1, 1], "uv": [308, 455]},
					{"origin": [13, 15, -28], "size": [10, 1, 1], "uv": [286, 455]},
					{"origin": [13, 15, -25], "size": [10, 1, 1], "uv": [264, 455]},
					{"origin": [13, 15, -22], "size": [10, 1, 1], "uv": [242, 455]},
					{"origin": [13, 15, -19], "size": [10, 1, 1], "uv": [220, 455]},
					{"origin": [13, 15, -16], "size": [10, 1, 1], "uv": [198, 455]},
					{"origin": [13, 15, -13], "size": [10, 1, 1], "uv": [176, 455]},
					{"origin": [13, 15, -10], "size": [10, 1, 1], "uv": [154, 455]},
					{"origin": [13, 15, -7], "size": [10, 1, 1], "uv": [132, 455]},
					{"origin": [13, 15, -4], "size": [10, 1, 1], "uv": [110, 455]},
					{"origin": [13, 15, -1], "size": [10, 1, 1], "uv": [88, 455]},
					{"origin": [13, 15, 2], "size": [10, 1, 1], "uv": [66, 455]},
					{"origin": [13, 15, 5], "size": [10, 1, 1], "uv": [44, 455]},
					{"origin": [13, 15, 8], "size": [10, 1, 1], "uv": [22, 455]},
					{"origin": [13, 15, 11], "size": [10, 1, 1], "uv": [0, 455]},
					{"origin": [13, 15, 14], "size": [10, 1, 1], "uv": [308, 453]},
					{"origin": [13, 15, 20], "size": [10, 1, 1], "uv": [264, 453]}
				]
			},
			{
				"name": "wheel2",
				"parent": "body",
				"pivot": [-36, 7, 0],
				"cubes": [
					{"origin": [-21, 2, -33], "size": [7, 11, 55], "uv": [138, 188]},
					{"origin": [-23, 2, 25], "size": [10, 11, 1], "uv": [22, 427]},
					{"origin": [-23, 2, -37], "size": [10, 11, 1], "uv": [0, 427]},
					{"origin": [-23, 14, -35], "size": [10, 1, 59], "uv": [0, 188]},
					{"origin": [-23, 0, -35], "size": [10, 1, 59], "uv": [138, 60]},
					{"origin": [-21, 3, -35], "size": [7, 9, 2], "uv": [62, 427]},
					{"origin": [-21, 3, 22], "size": [7, 9, 2], "uv": [80, 427]},
					{"origin": [-23, 11, -38], "size": [10, 1, 1], "uv": [22, 443]},
					{"origin": [-23, 8, -38], "size": [10, 1, 1], "uv": [0, 443]},
					{"origin": [-23, 5, -38], "size": [10, 1, 1], "uv": [220, 439]},
					{"origin": [-23, 5, 26], "size": [10, 1, 1], "uv": [198, 441]},
					{"origin": [-23, 11, 26], "size": [10, 1, 1], "uv": [176, 441]},
					{"origin": [-23, 8, 26], "size": [10, 1, 1], "uv": [198, 439]}
				]
			},
			{
				"name": "w5",
				"parent": "wheel2",
				"pivot": [-18, 13, -37],
				"rotation": [-45, 0, 0],
				"cubes": [
					{"origin": [-23, 13, -37], "size": [10, 3, 1], "uv": [206, 431]}
				]
			},
			{
				"name": "w6",
				"parent": "wheel2",
				"pivot": [-18, 2, -37],
				"rotation": [45, 0, 0],
				"cubes": [
					{"origin": [-23, -1, -37], "size": [10, 3, 1], "uv": [66, 439]}
				]
			},
			{
				"name": "w7",
				"parent": "wheel2",
				"pivot": [-18, 13, 26],
				"rotation": [45, 0, 0],
				"cubes": [
					{"origin": [-23, 13, 25], "size": [10, 3, 1], "uv": [44, 439]}
				]
			},
			{
				"name": "w8",
				"parent": "wheel2",
				"pivot": [-18, 2, 26],
				"rotation": [-45, 0, 0],
				"cubes": [
					{"origin": [-23, -1, 25], "size": [10, 3, 1], "uv": [22, 439]}
				]
			},
			{
				"name": "track2",
				"parent": "wheel2",
				"pivot": [-36, 7, 0],
				"cubes": [
					{"origin": [-23, -1, 20], "size": [10, 1, 1], "uv": [0, 465]},
					{"origin": [-23, -1, -34], "size": [10, 1, 1], "uv": [176, 439]},
					{"origin": [-23, -1, -31], "size": [10, 1, 1], "uv": [154, 441]},
					{"origin": [-23, -1, -28], "size": [10, 1, 1], "uv": [154, 439]},
					{"origin": [-23, -1, -25], "size": [10, 1, 1], "uv": [286, 453]},
					{"origin": [-23, -1, -22], "size": [10, 1, 1], "uv": [132, 441]},
					{"origin": [-23, -1, -19], "size": [10, 1, 1], "uv": [132, 445]},
					{"origin": [-23, -1, -16], "size": [10, 1, 1], "uv": [154, 445]},
					{"origin": [-23, -1, -13], "size": [10, 1, 1], "uv": [176, 445]},
					{"origin": [-23, -1, -10], "size": [10, 1, 1], "uv": [198, 445]},
					{"origin": [-23, -1, -7], "size": [10, 1, 1], "uv": [220, 445]},
					{"origin": [-23, -1, -4], "size": [10, 1, 1], "uv": [242, 445]},
					{"origin": [-23, -1, -1], "size": [10, 1, 1], "uv": [264, 445]},
					{"origin": [-23, -1, 2], "size": [10, 1, 1], "uv": [286, 445]},
					{"origin": [-23, -1, 5], "size": [10, 1, 1], "uv": [308, 445]},
					{"origin": [-23, -1, 8], "size": [10, 1, 1], "uv": [18, 447]},
					{"origin": [-23, -1, 11], "size": [10, 1, 1], "uv": [0, 459]},
					{"origin": [-23, -1, 14], "size": [10, 1, 1], "uv": [0, 461]},
					{"origin": [-23, -1, 17], "size": [10, 1, 1], "uv": [0, 463]}
				]
			},
			{
				"name": "track22",
				"parent": "wheel2",
				"pivot": [-36, 7, 0],
				"cubes": [
					{"origin": [-23, 15, 20], "size": [10, 1, 1], "uv": [44, 443]},
					{"origin": [-23, 15, -34], "size": [10, 1, 1], "uv": [110, 445]},
					{"origin": [-23, 15, -31], "size": [10, 1, 1], "uv": [88, 445]},
					{"origin": [-23, 15, -28], "size": [10, 1, 1], "uv": [66, 445]},
					{"origin": [-23, 15, -25], "size": [10, 1, 1], "uv": [44, 445]},
					{"origin": [-23, 15, -22], "size": [10, 1, 1], "uv": [22, 445]},
					{"origin": [-23, 15, -19], "size": [10, 1, 1], "uv": [0, 445]},
					{"origin": [-23, 15, -16], "size": [10, 1, 1], "uv": [308, 443]},
					{"origin": [-23, 15, -13], "size": [10, 1, 1], "uv": [286, 443]},
					{"origin": [-23, 15, -10], "size": [10, 1, 1], "uv": [264, 443]},
					{"origin": [-23, 15, -7], "size": [10, 1, 1], "uv": [242, 443]},
					{"origin": [-23, 15, -4], "size": [10, 1, 1], "uv": [220, 443]},
					{"origin": [-23, 15, -1], "size": [10, 1, 1], "uv": [198, 443]},
					{"origin": [-23, 15, 2], "size": [10, 1, 1], "uv": [176, 443]},
					{"origin": [-23, 15, 5], "size": [10, 1, 1], "uv": [154, 443]},
					{"origin": [-23, 15, 8], "size": [10, 1, 1], "uv": [132, 443]},
					{"origin": [-23, 15, 11], "size": [10, 1, 1], "uv": [110, 443]},
					{"origin": [-23, 15, 14], "size": [10, 1, 1], "uv": [88, 443]},
					{"origin": [-23, 15, 17], "size": [10, 1, 1], "uv": [66, 443]}
				]
			},
			{
				"name": "upright",
				"parent": "body",
				"pivot": [12, 26, 6],
				"rotation": [0, 0, -5],
				"cubes": [
					{"origin": [10, 26, 4], "size": [2, 14, 2], "uv": [22, 457]}
				]
			},
			{
				"name": "upright2",
				"parent": "body",
				"pivot": [-12, 26, 6],
				"rotation": [0, 0, 5],
				"cubes": [
					{"origin": [-12, 26, 4], "size": [2, 14, 2], "uv": [30, 457]}
				]
			},
			{
				"name": "stack",
				"parent": "body",
				"pivot": [-6, 50, -26],
				"rotation": [45, 0, 0],
				"cubes": [
					{"origin": [-8, 37, -41], "size": [2, 5, 2], "uv": [80, 473]}
				]
			},
			{
				"name": "tool",
				"parent": "body",
				"pivot": [0, 15, -37],
				"cubes": [
					{"origin": [-9, 5, -47], "size": [18, 20, 10], "uv": [80, 320]},
					{"origin": [9, 7, -47], "size": [3, 16, 10], "uv": [74, 380]},
					{"origin": [-12, 7, -47], "size": [3, 16, 10], "uv": [100, 380]},
					{"origin": [-6, 7, -57], "size": [12, 16, 10], "uv": [42, 350]},
					{"origin": [6, 9, -57], "size": [3, 12, 10], "uv": [126, 384]},
					{"origin": [-3, 10, -67], "size": [6, 10, 10], "uv": [42, 380]},
					{"origin": [-9, 9, -56], "size": [3, 12, 9], "uv": [44, 406]},
					{"origin": [3, 12, -65], "size": [3, 6, 8], "uv": [128, 406]},
					{"origin": [-6, 12, -65], "size": [3, 6, 8], "uv": [150, 406]},
					{"origin": [8, 18, -56], "size": [4, 1, 2], "uv": [88, 473]},
					{"origin": [8, 19, -50], "size": [4, 1, 2], "uv": [100, 473]},
					{"origin": [10, 20, -45], "size": [4, 1, 2], "uv": [100, 476]},
					{"origin": [8, 11, -56], "size": [4, 1, 2], "uv": [82, 457]},
					{"origin": [8, 10, -50], "size": [4, 1, 2], "uv": [82, 460]},
					{"origin": [4, 15, -60], "size": [4, 1, 2], "uv": [82, 463]},
					{"origin": [10, 10, -45], "size": [4, 1, 2], "uv": [82, 466]},
					{"origin": [-1, 18, -61], "size": [2, 5, 2], "uv": [0, 473]},
					{"origin": [2, 21, -52], "size": [2, 5, 2], "uv": [8, 473]},
					{"origin": [-4, 21, -52], "size": [2, 5, 2], "uv": [16, 473]},
					{"origin": [-5, 23, -44], "size": [2, 5, 2], "uv": [24, 473]},
					{"origin": [3, 23, -44], "size": [2, 5, 2], "uv": [32, 473]},
					{"origin": [-1, 7, -61], "size": [2, 5, 2], "uv": [40, 473]},
					{"origin": [2, 4, -52], "size": [2, 5, 2], "uv": [48, 473]},
					{"origin": [3, 2, -44], "size": [2, 5, 2], "uv": [56, 473]},
					{"origin": [-5, 2, -44], "size": [2, 5, 2], "uv": [64, 473]},
					{"origin": [-4, 4, -52], "size": [2, 5, 2], "uv": [72, 473]},
					{"origin": [-8, 15, -60], "size": [4, 1, 2], "uv": [88, 476]},
					{"origin": [-12, 18, -56], "size": [4, 1, 2], "uv": [88, 479]},
					{"origin": [-12, 19, -50], "size": [4, 1, 2], "uv": [100, 479]},
					{"origin": [-12, 11, -56], "size": [4, 1, 2], "uv": [124, 479]},
					{"origin": [-12, 10, -50], "size": [4, 1, 2], "uv": [124, 476]},
					{"origin": [-14, 10, -45], "size": [4, 1, 2], "uv": [124, 473]},
					{"origin": [-14, 20, -45], "size": [4, 1, 2], "uv": [112, 478]},
					{"origin": [-1, 14, -70], "size": [2, 2, 3], "uv": [112, 473]}
				]
			}
		]
	}
}