{
	"format_version": "1.10.0",
	"geometry.road_tractor": {
		"texturewidth": 336,
		"textureheight": 336,
		"visible_bounds_width": 8,
		"visible_bounds_height": 3,
		"visible_bounds_offset": [0, 0, 0],
		"bones": [
			{
				"name": "miner",
				"pivot": [0, 7, 0]
			},
			{
				"name": "seat3",
				"parent": "miner",
				"pivot": [0, 20, 3],
				"rotation": [-10, 0, 0],
				"cubes": [
					{"origin": [-6, 20, 3], "size": [11, 11, 2], "uv": [22, 79]}
				]
			},
			{
				"name": "headrest3",
				"parent": "seat3",
				"pivot": [0, 31, 3],
				"cubes": [
					{"origin": [1, 31, 4], "size": [1, 1, 1], "uv": [16, 19]},
					{"origin": [-3, 31, 4], "size": [1, 1, 1], "uv": [9, 9]},
					{"origin": [-4, 32, 3], "size": [7, 4, 2], "uv": [0, 90]}
				]
			},
			{
				"name": "steering",
				"parent": "miner",
				"pivot": [10, 24, -12],
				"rotation": [20, 0, 0],
				"cubes": [
					{"origin": [-4, 24, -17], "size": [1, 1, 8], "uv": [34, 69]},
					{"origin": [-4, 24, -9], "size": [1, 3, 1], "uv": [48, 22]},
					{"origin": [-1, 19, -21], "size": [1, 1, 8], "uv": [40, 84]},
					{"origin": [-4, 19, -21], "size": [1, 1, 8], "uv": [0, 30]},
					{"origin": [1, 24, -17], "size": [1, 1, 8], "uv": [0, 60]},
					{"origin": [1, 24, -9], "size": [1, 3, 1], "uv": [16, 30]}
				]
			},
			{
				"name": "gears",
				"parent": "miner",
				"pivot": [0, 18, -7],
				"rotation": [-15, 0, 0],
				"cubes": [
					{"origin": [7, 15, -8], "size": [1, 8, 1], "uv": [55, 68]},
					{"origin": [6, 23, -8], "size": [3, 1, 1], "uv": [10, 35]}
				]
			},
			{
				"name": "gears2",
				"parent": "miner",
				"pivot": [0, 18, -7],
				"rotation": [-15, 0, 0],
				"cubes": [
					{"origin": [-9, 15, -8], "size": [1, 8, 1], "uv": [54, 54]},
					{"origin": [-10, 23, -8], "size": [3, 1, 1], "uv": [44, 54]}
				]
			},
			{
				"name": "pedal1",
				"parent": "miner",
				"pivot": [11, 17, -10],
				"rotation": [15, 0, 0],
				"cubes": [
					{"origin": [-1, 17, -11], "size": [2, 4, 1], "uv": [22, 22]}
				]
			},
			{
				"name": "pedal2",
				"parent": "miner",
				"pivot": [11, 17, -10],
				"rotation": [15, 0, 0],
				"cubes": [
					{"origin": [-5, 17, -11], "size": [2, 4, 1], "uv": [10, 30]}
				]
			},
			{
				"name": "windsrceen",
				"parent": "miner",
				"pivot": [0, 27, -18],
				"rotation": [-10, 0, 0],
				"cubes": [
					{"origin": [-10, 28, -17], "size": [20, 11, 1], "uv": [0, 109]},
					{"origin": [10, 27, -18], "size": [2, 12, 2], "uv": [44, 139]},
					{"origin": [-12, 27, -18], "size": [2, 12, 2], "uv": [135, 93]},
					{"origin": [-10, 39, -18], "size": [20, 2, 2], "uv": [107, 74]}
				]
			},
			{
				"name": "windsrceen2",
				"parent": "miner",
				"pivot": [0, 27, 22],
				"rotation": [5, 0, 0],
				"cubes": [
					{"origin": [-10, 26, 22], "size": [20, 13, 1], "uv": [107, 43]},
					{"origin": [10, 26, 22], "size": [2, 13, 2], "uv": [44, 120]},
					{"origin": [-12, 26, 22], "size": [2, 13, 2], "uv": [50, 107]},
					{"origin": [-10, 39, 22], "size": [20, 2, 2], "uv": [107, 70]}
				]
			},
			{
				"name": "body",
				"parent": "miner",
				"pivot": [0, 7, 0],
				"cubes": [
					{"origin": [-10, 40, -14], "size": [20, 1, 35], "uv": [0, 199]},
					{"origin": [-12, 15, -35], "size": [24, 1, 59], "uv": [0, 19]},
					{"origin": [-8, 3, -35], "size": [16, 1, 59], "uv": [0, 79]},
					{"origin": [11, 16, 4], "size": [1, 10, 20], "uv": [0, 79]},
					{"origin": [-6, 4, -35], "size": [12, 11, 57], "uv": [93, 93]},
					{"origin": [-12, 16, -35], "size": [24, 10, 19], "uv": [194, 222]},
					{"origin": [-8, 17, -36], "size": [1, 8, 1], "uv": [9, 0]},
					{"origin": [7, 17, -36], "size": [1, 8, 1], "uv": [53, 43]},
					{"origin": [-6, 17, -36], "size": [1, 8, 1], "uv": [26, 49]},
					{"origin": [5, 17, -36], "size": [1, 8, 1], "uv": [50, 79]},
					{"origin": [-4, 17, -36], "size": [1, 8, 1], "uv": [52, 34]},
					{"origin": [-2, 17, -36], "size": [1, 8, 1], "uv": [54, 19]},
					{"origin": [1, 17, -36], "size": [1, 8, 1], "uv": [22, 49]},
					{"origin": [3, 17, -36], "size": [1, 8, 1], "uv": [54, 79]},
					{"origin": [-22.5, 6, 14], "size": [46, 4, 4], "uv": [186, 66]},
					{"origin": [-22.75, 6, -28], "size": [46, 4, 4], "uv": [231, 146]},
					{"origin": [-12, 16, 4], "size": [1, 10, 20], "uv": [0, 19]},
					{"origin": [-11, 16, 23], "size": [22, 10, 1], "uv": [107, 32]},
					{"origin": [-3, 28, -29], "size": [6, 1, 10], "uv": [22, 49]},
					{"origin": [-11, 26, -34], "size": [22, 2, 18], "uv": [0, 235]},
					{"origin": [-5, 16, -4], "size": [9, 1, 8], "uv": [22, 60]},
					{"origin": [-6, 17, -5], "size": [11, 3, 10], "uv": [107, 57]},
					{"origin": [6, 16, -9], "size": [3, 1, 3], "uv": [44, 50]},
					{"origin": [-10, 16, -9], "size": [3, 1, 3], "uv": [0, 8]},
					{"origin": [-8, 26, -28], "size": [2, 6, 2], "uv": [0, 0]},
					{"origin": [-12, 16, -16], "size": [1, 6, 20], "uv": [0, 49]},
					{"origin": [11, 16, -16], "size": [1, 6, 20], "uv": [91, 93]},
					{"origin": [-2, 29, -24], "size": [4, 1, 2], "uv": [42, 19]}
				]
			},
			{
				"name": "tool",
				"parent": "body",
				"pivot": [0, 0, 0],
				"cubes": [
					{"origin": [-5, 9, -41], "size": [10, 6, 6], "uv": [22, 22]},
					{"origin": [-21, 6, -48], "size": [42, 5, 8], "uv": [91, 80]},
					{"origin": [-50, 0, -52], "size": [100, 6, 13], "uv": [0, 0]}
				]
			},
			{
				"name": "tool2",
				"parent": "body",
				"pivot": [0, 0, 80],
				"cubes": [
					{"origin": [-5, 9, 21], "size": [10, 6, 9], "uv": [91, 119]},
					{"origin": [-17, 0, 28], "size": [34, 11, 16], "uv": [94, 222]},
					{"origin": [-11, 11, 29], "size": [22, 5, 14], "uv": [237, 154]},
					{"origin": [-8, 16, 31], "size": [16, 3, 10], "uv": [107, 19]}
				]
			},
			{
				"name": "wheel1",
				"parent": "body",
				"pivot": [0, 7, 0],
				"cubes": [
					{"origin": [15, 2, -33], "size": [7, 11, 55], "uv": [186, 0]},
					{"origin": [13, 2, 25], "size": [10, 11, 1], "uv": [0, 139]},
					{"origin": [13, 2, -37], "size": [10, 11, 1], "uv": [113, 93]},
					{"origin": [13, 14, -35], "size": [10, 1, 59], "uv": [0, 139]},
					{"origin": [13, 0, -35], "size": [10, 1, 59], "uv": [107, 20]},
					{"origin": [15, 3, -35], "size": [7, 9, 2], "uv": [91, 93]},
					{"origin": [15, 3, 22], "size": [7, 9, 2], "uv": [0, 19]},
					{"origin": [13, 11, -38], "size": [10, 1, 1], "uv": [79, 163]},
					{"origin": [13, 8, -38], "size": [10, 1, 1], "uv": [22, 163]},
					{"origin": [13, 5, -38], "size": [10, 1, 1], "uv": [0, 163]},
					{"origin": [13, 5, 26], "size": [10, 1, 1], "uv": [158, 161]},
					{"origin": [13, 8, 26], "size": [10, 1, 1], "uv": [101, 161]},
					{"origin": [13, 11, 26], "size": [10, 1, 1], "uv": [79, 161]}
				]
			},
			{
				"name": "w1",
				"parent": "wheel1",
				"pivot": [18, 13, -37],
				"rotation": [-45, 0, 0],
				"cubes": [
					{"origin": [13, 13, -37], "size": [10, 3, 1], "uv": [22, 34]}
				]
			},
			{
				"name": "w2",
				"parent": "wheel1",
				"pivot": [18, 2, -37],
				"rotation": [45, 0, 0],
				"cubes": [
					{"origin": [13, -1, -37], "size": [10, 3, 1], "uv": [113, 105]}
				]
			},
			{
				"name": "w3",
				"parent": "wheel1",
				"pivot": [18, 13, 26],
				"rotation": [45, 0, 0],
				"cubes": [
					{"origin": [13, 13, 25], "size": [10, 3, 1], "uv": [22, 133]}
				]
			},
			{
				"name": "w4",
				"parent": "wheel1",
				"pivot": [18, 2, 26],
				"rotation": [-45, 0, 0],
				"cubes": [
					{"origin": [13, -1, 25], "size": [10, 3, 1], "uv": [113, 109]}
				]
			},
			{
				"name": "track1",
				"parent": "wheel1",
				"pivot": [0, 7, 0],
				"cubes": [
					{"origin": [13, -1, 17], "size": [10, 1, 1], "uv": [22, 157]},
					{"origin": [13, -1, -34], "size": [10, 1, 1], "uv": [0, 157]},
					{"origin": [13, -1, -31], "size": [10, 1, 1], "uv": [22, 155]},
					{"origin": [13, -1, -28], "size": [10, 1, 1], "uv": [0, 155]},
					{"origin": [13, -1, -25], "size": [10, 1, 1], "uv": [22, 153]},
					{"origin": [13, -1, -22], "size": [10, 1, 1], "uv": [0, 153]},
					{"origin": [13, -1, -19], "size": [10, 1, 1], "uv": [22, 151]},
					{"origin": [13, -1, -16], "size": [10, 1, 1], "uv": [0, 151]},
					{"origin": [13, -1, -13], "size": [10, 1, 1], "uv": [22, 149]},
					{"origin": [13, -1, -10], "size": [10, 1, 1], "uv": [101, 173]},
					{"origin": [13, -1, -7], "size": [10, 1, 1], "uv": [123, 147]},
					{"origin": [13, -1, -4], "size": [10, 1, 1], "uv": [101, 147]},
					{"origin": [13, -1, -1], "size": [10, 1, 1], "uv": [79, 147]},
					{"origin": [13, -1, 2], "size": [10, 1, 1], "uv": [22, 147]},
					{"origin": [13, -1, 5], "size": [10, 1, 1], "uv": [123, 145]},
					{"origin": [13, -1, 11], "size": [10, 1, 1], "uv": [101, 145]},
					{"origin": [13, -1, 8], "size": [10, 1, 1], "uv": [79, 145]},
					{"origin": [13, -1, 14], "size": [10, 1, 1], "uv": [22, 145]},
					{"origin": [13, -1, 20], "size": [10, 1, 1], "uv": [123, 143]}
				]
			},
			{
				"name": "track11",
				"parent": "wheel1",
				"pivot": [0, 7, 0],
				"cubes": [
					{"origin": [13, 15, 17], "size": [10, 1, 1], "uv": [101, 143]},
					{"origin": [13, 15, -34], "size": [10, 1, 1], "uv": [79, 143]},
					{"origin": [13, 15, -31], "size": [10, 1, 1], "uv": [22, 143]},
					{"origin": [13, 15, -28], "size": [10, 1, 1], "uv": [123, 141]},
					{"origin": [13, 15, -25], "size": [10, 1, 1], "uv": [101, 141]},
					{"origin": [13, 15, -22], "size": [10, 1, 1], "uv": [79, 141]},
					{"origin": [13, 15, -19], "size": [10, 1, 1], "uv": [22, 141]},
					{"origin": [13, 15, -16], "size": [10, 1, 1], "uv": [139, 65]},
					{"origin": [13, 15, -13], "size": [10, 1, 1], "uv": [139, 63]},
					{"origin": [13, 15, -10], "size": [10, 1, 1], "uv": [139, 61]},
					{"origin": [13, 15, -7], "size": [10, 1, 1], "uv": [139, 59]},
					{"origin": [13, 15, -4], "size": [10, 1, 1], "uv": [139, 57]},
					{"origin": [13, 15, -1], "size": [10, 1, 1], "uv": [123, 139]},
					{"origin": [13, 15, 2], "size": [10, 1, 1], "uv": [101, 139]},
					{"origin": [13, 15, 5], "size": [10, 1, 1], "uv": [79, 139]},
					{"origin": [13, 15, 8], "size": [10, 1, 1], "uv": [22, 139]},
					{"origin": [13, 15, 11], "size": [10, 1, 1], "uv": [91, 136]},
					{"origin": [13, 15, 14], "size": [10, 1, 1], "uv": [112, 135]},
					{"origin": [13, 15, 20], "size": [10, 1, 1], "uv": [91, 134]}
				]
			},
			{
				"name": "wheel2",
				"parent": "body",
				"pivot": [-36, 7, 0],
				"cubes": [
					{"origin": [-21, 2, -33], "size": [7, 11, 55], "uv": [174, 80]},
					{"origin": [-23, 2, 25], "size": [10, 11, 1], "uv": [0, 121]},
					{"origin": [-23, 2, -37], "size": [10, 11, 1], "uv": [22, 121]},
					{"origin": [-23, 14, -35], "size": [10, 1, 59], "uv": [158, 162]},
					{"origin": [-23, 0, -35], "size": [10, 1, 59], "uv": [79, 161]},
					{"origin": [-21, 3, -35], "size": [7, 9, 2], "uv": [0, 79]},
					{"origin": [-21, 3, 22], "size": [7, 9, 2], "uv": [0, 49]},
					{"origin": [-23, 11, -38], "size": [10, 1, 1], "uv": [174, 105]},
					{"origin": [-23, 8, -38], "size": [10, 1, 1], "uv": [174, 103]},
					{"origin": [-23, 5, -38], "size": [10, 1, 1], "uv": [174, 101]},
					{"origin": [-23, 5, 26], "size": [10, 1, 1], "uv": [174, 99]},
					{"origin": [-23, 11, 26], "size": [10, 1, 1], "uv": [174, 97]},
					{"origin": [-23, 8, 26], "size": [10, 1, 1], "uv": [174, 95]}
				]
			},
			{
				"name": "w5",
				"parent": "wheel2",
				"pivot": [-18, 13, -37],
				"rotation": [-45, 0, 0],
				"cubes": [
					{"origin": [-23, 13, -37], "size": [10, 3, 1], "uv": [120, 120]}
				]
			},
			{
				"name": "w6",
				"parent": "wheel2",
				"pivot": [-18, 2, -37],
				"rotation": [45, 0, 0],
				"cubes": [
					{"origin": [-23, -1, -37], "size": [10, 3, 1], "uv": [120, 124]}
				]
			},
			{
				"name": "w7",
				"parent": "wheel2",
				"pivot": [-18, 13, 26],
				"rotation": [45, 0, 0],
				"cubes": [
					{"origin": [-23, 13, 25], "size": [10, 3, 1], "uv": [0, 133]}
				]
			},
			{
				"name": "w8",
				"parent": "wheel2",
				"pivot": [-18, 2, 26],
				"rotation": [-45, 0, 0],
				"cubes": [
					{"origin": [-23, -1, 25], "size": [10, 3, 1], "uv": [22, 93]}
				]
			},
			{
				"name": "track2",
				"parent": "wheel2",
				"pivot": [-36, 7, 0],
				"cubes": [
					{"origin": [-23, -1, 20], "size": [10, 1, 1], "uv": [79, 173]},
					{"origin": [-23, -1, -34], "size": [10, 1, 1], "uv": [22, 173]},
					{"origin": [-23, -1, -31], "size": [10, 1, 1], "uv": [0, 173]},
					{"origin": [-23, -1, -28], "size": [10, 1, 1], "uv": [158, 171]},
					{"origin": [-23, -1, -25], "size": [10, 1, 1], "uv": [101, 171]},
					{"origin": [-23, -1, -22], "size": [10, 1, 1], "uv": [79, 171]},
					{"origin": [-23, -1, -19], "size": [10, 1, 1], "uv": [22, 171]},
					{"origin": [-23, -1, -16], "size": [10, 1, 1], "uv": [0, 171]},
					{"origin": [-23, -1, -13], "size": [10, 1, 1], "uv": [158, 169]},
					{"origin": [-23, -1, -10], "size": [10, 1, 1], "uv": [101, 169]},
					{"origin": [-23, -1, -7], "size": [10, 1, 1], "uv": [79, 169]},
					{"origin": [-23, -1, -4], "size": [10, 1, 1], "uv": [22, 169]},
					{"origin": [-23, -1, -1], "size": [10, 1, 1], "uv": [0, 169]},
					{"origin": [-23, -1, 2], "size": [10, 1, 1], "uv": [158, 167]},
					{"origin": [-23, -1, 5], "size": [10, 1, 1], "uv": [101, 167]},
					{"origin": [-23, -1, 8], "size": [10, 1, 1], "uv": [79, 167]},
					{"origin": [-23, -1, 11], "size": [10, 1, 1], "uv": [22, 167]},
					{"origin": [-23, -1, 14], "size": [10, 1, 1], "uv": [0, 167]},
					{"origin": [-23, -1, 17], "size": [10, 1, 1], "uv": [158, 165]}
				]
			},
			{
				"name": "track22",
				"parent": "wheel2",
				"pivot": [-36, 7, 0],
				"cubes": [
					{"origin": [-23, 15, 20], "size": [10, 1, 1], "uv": [101, 165]},
					{"origin": [-23, 15, -34], "size": [10, 1, 1], "uv": [79, 165]},
					{"origin": [-23, 15, -31], "size": [10, 1, 1], "uv": [22, 165]},
					{"origin": [-23, 15, -28], "size": [10, 1, 1], "uv": [0, 165]},
					{"origin": [-23, 15, -25], "size": [10, 1, 1], "uv": [158, 163]},
					{"origin": [-23, 15, -22], "size": [10, 1, 1], "uv": [101, 163]},
					{"origin": [-23, 15, -19], "size": [10, 1, 1], "uv": [22, 161]},
					{"origin": [-23, 15, -16], "size": [10, 1, 1], "uv": [0, 161]},
					{"origin": [-23, 15, -13], "size": [10, 1, 1], "uv": [22, 159]},
					{"origin": [-23, 15, -10], "size": [10, 1, 1], "uv": [0, 159]},
					{"origin": [-23, 15, -7], "size": [10, 1, 1], "uv": [128, 133]},
					{"origin": [-23, 15, -4], "size": [10, 1, 1], "uv": [22, 97]},
					{"origin": [-23, 15, -1], "size": [10, 1, 1], "uv": [0, 75]},
					{"origin": [-23, 15, 2], "size": [10, 1, 1], "uv": [22, 19]},
					{"origin": [-23, 15, 5], "size": [10, 1, 1], "uv": [174, 111]},
					{"origin": [-23, 15, 8], "size": [10, 1, 1], "uv": [174, 109]},
					{"origin": [-23, 15, 11], "size": [10, 1, 1], "uv": [174, 107]},
					{"origin": [-23, 15, 14], "size": [10, 1, 1], "uv": [174, 93]},
					{"origin": [-23, 15, 17], "size": [10, 1, 1], "uv": [158, 173]}
				]
			},
			{
				"name": "upright",
				"parent": "body",
				"pivot": [12, 26, 6],
				"rotation": [0, 0, -5],
				"cubes": [
					{"origin": [10, 26, 4], "size": [2, 14, 2], "uv": [44, 93]}
				]
			},
			{
				"name": "upright2",
				"parent": "body",
				"pivot": [-12, 26, 6],
				"rotation": [0, 0, 5],
				"cubes": [
					{"origin": [-12, 26, 4], "size": [2, 14, 2], "uv": [44, 34]}
				]
			},
			{
				"name": "stack",
				"parent": "body",
				"pivot": [-6, 50, -26],
				"rotation": [45, 0, 0],
        "locators": {
          "stacko": [ -6, 50, -26 ]
        },
				"cubes": [
					{"origin": [-8, 37, -41], "size": [2, 5, 2], "uv": [0, 30]}
				]
			}
		]
	}
}