{
	"format_version": "1.10.0",
	"geometry.wall_builder": {
		"texturewidth": 304,
		"textureheight": 304,
		"visible_bounds_width": 8,
		"visible_bounds_height": 3,
		"visible_bounds_offset": [0, 0, 0],
		"bones": [
			{
				"name": "miner",
				"pivot": [0, 7, -17]
			},
			{
				"name": "seat3",
				"parent": "miner",
				"pivot": [0, 20, -14],
				"rotation": [-10, 0, 0],
				"cubes": [
					{"origin": [-6, 20, -14], "size": [11, 11, 2], "uv": [32, 114]}
				]
			},
			{
				"name": "headrest3",
				"parent": "seat3",
				"pivot": [0, 31, -14],
				"cubes": [
					{"origin": [1, 31, -13], "size": [1, 1, 1], "uv": [49, 47]},
					{"origin": [-3, 31, -13], "size": [1, 1, 1], "uv": [49, 4]},
					{"origin": [-4, 32, -14], "size": [7, 4, 2], "uv": [40, 127]}
				]
			},
			{
				"name": "steering",
				"parent": "miner",
				"pivot": [10, 24, -29],
				"rotation": [20, 0, 0],
				"cubes": [
					{"origin": [-4, 24, -34], "size": [1, 1, 8], "uv": [22, 65]},
					{"origin": [-4, 24, -26], "size": [1, 3, 1], "uv": [22, 65]},
					{"origin": [-1, 19, -38], "size": [1, 1, 8], "uv": [79, 90]},
					{"origin": [-4, 19, -38], "size": [1, 1, 8], "uv": [34, 102]},
					{"origin": [1, 24, -34], "size": [1, 1, 8], "uv": [0, 65]},
					{"origin": [1, 24, -26], "size": [1, 3, 1], "uv": [52, 54]}
				]
			},
			{
				"name": "gears",
				"parent": "miner",
				"pivot": [0, 18, -24],
				"rotation": [-15, 0, 0],
				"cubes": [
					{"origin": [7, 15, -25], "size": [1, 8, 1], "uv": [130, 129]},
					{"origin": [6, 23, -25], "size": [3, 1, 1], "uv": [38, 54]}
				]
			},
			{
				"name": "gears2",
				"parent": "miner",
				"pivot": [0, 18, -24],
				"rotation": [-15, 0, 0],
				"cubes": [
					{"origin": [-9, 15, -25], "size": [1, 8, 1], "uv": [131, 114]},
					{"origin": [-10, 23, -25], "size": [3, 1, 1], "uv": [40, 56]}
				]
			},
			{
				"name": "pedal1",
				"parent": "miner",
				"pivot": [11, 17, -27],
				"rotation": [15, 0, 0],
				"cubes": [
					{"origin": [-1, 17, -28], "size": [2, 4, 1], "uv": [34, 0]}
				]
			},
			{
				"name": "pedal2",
				"parent": "miner",
				"pivot": [11, 17, -27],
				"rotation": [15, 0, 0],
				"cubes": [
					{"origin": [-5, 17, -28], "size": [2, 4, 1], "uv": [44, 0]}
				]
			},
			{
				"name": "windsrceen",
				"parent": "miner",
				"pivot": [0, 27, -35],
				"rotation": [-10, 0, 0],
				"cubes": [
					{"origin": [-10, 28, -34], "size": [20, 11, 1], "uv": [0, 93]},
					{"origin": [10, 27, -35], "size": [2, 12, 2], "uv": [101, 24]},
					{"origin": [-12, 27, -35], "size": [2, 12, 2], "uv": [101, 0]},
					{"origin": [-10, 39, -35], "size": [20, 2, 2], "uv": [0, 48]}
				]
			},
			{
				"name": "body",
				"parent": "miner",
				"pivot": [0, 7, -17],
				"cubes": [
					{"origin": [-10, 40, -31], "size": [20, 1, 23], "uv": [174, 29]},
					{"origin": [-12, 15, -52], "size": [24, 1, 53], "uv": [0, 0]},
					{"origin": [-8, 3, -52], "size": [16, 1, 54], "uv": [158, 60]},
					{"origin": [11, 16, -13], "size": [1, 10, 14], "uv": [101, 24]},
					{"origin": [-6, 4, -52], "size": [12, 11, 54], "uv": [84, 139]},
					{"origin": [-12, 16, -52], "size": [24, 10, 19], "uv": [174, 0]},
					{"origin": [-8, 17, -53], "size": [1, 8, 1], "uv": [131, 96]},
					{"origin": [7, 17, -53], "size": [1, 8, 1], "uv": [109, 0]},
					{"origin": [-6, 17, -53], "size": [1, 8, 1], "uv": [0, 80]},
					{"origin": [5, 17, -53], "size": [1, 8, 1], "uv": [32, 80]},
					{"origin": [-4, 17, -53], "size": [1, 8, 1], "uv": [36, 80]},
					{"origin": [-2, 17, -53], "size": [1, 8, 1], "uv": [52, 102]},
					{"origin": [1, 17, -53], "size": [1, 8, 1], "uv": [109, 24]},
					{"origin": [3, 17, -53], "size": [1, 8, 1], "uv": [4, 80]},
					{"origin": [-22.5, 6, -3], "size": [46, 4, 4], "uv": [79, 68]},
					{"origin": [-22.75, 6, -45], "size": [46, 4, 4], "uv": [79, 60]},
					{"origin": [-12, 16, -13], "size": [1, 10, 14], "uv": [101, 0]},
					{"origin": [-11, 16, -9], "size": [22, 24, 11], "uv": [217, 115]},
					{"origin": [-3, 28, -46], "size": [6, 1, 10], "uv": [101, 76]},
					{"origin": [-11, 26, -51], "size": [22, 2, 18], "uv": [69, 204]},
					{"origin": [-5, 16, -21], "size": [9, 1, 8], "uv": [101, 87]},
					{"origin": [-6, 17, -22], "size": [11, 3, 10], "uv": [0, 80]},
					{"origin": [6, 16, -26], "size": [3, 1, 3], "uv": [41, 49]},
					{"origin": [-10, 16, -26], "size": [3, 1, 3], "uv": [22, 43]},
					{"origin": [-8, 26, -45], "size": [2, 6, 2], "uv": [0, 65]},
					{"origin": [-12, 16, -33], "size": [1, 6, 20], "uv": [0, 54]},
					{"origin": [11, 16, -33], "size": [1, 6, 20], "uv": [79, 79]},
					{"origin": [-2, 29, -41], "size": [4, 1, 2], "uv": [99, 76]}
				]
			},
			{
				"name": "tool",
				"parent": "body",
				"pivot": [0, 0, -17],
				"cubes": [
					{"origin": [-5, 9, -58], "size": [10, 4, 6], "uv": [0, 114]},
					{"origin": [-21, 6, -59], "size": [42, 5, 3], "uv": [162, 150]}
				]
			},
			{
				"name": "tool2",
				"parent": "body",
				"pivot": [0, 0, 63],
				"cubes": [
					{"origin": [-8, -1, 2], "size": [16, 42, 1], "uv": [0, 0]},
					{"origin": [8, -1, 3], "size": [2, 42, 6], "uv": [34, 0]},
					{"origin": [-10, -1, 3], "size": [2, 42, 6], "uv": [42, 54]}
				]
			},
			{
				"name": "wheel1",
				"parent": "body",
				"pivot": [0, 7, -17],
				"cubes": [
					{"origin": [15, 2, -50], "size": [7, 11, 55], "uv": [0, 174]},
					{"origin": [13, 2, 8], "size": [10, 11, 1], "uv": [117, 24]},
					{"origin": [13, 2, -54], "size": [10, 11, 1], "uv": [117, 0]},
					{"origin": [13, 14, -52], "size": [10, 1, 59], "uv": [79, 79]},
					{"origin": [13, 0, -52], "size": [10, 1, 59], "uv": [0, 114]},
					{"origin": [15, 3, -52], "size": [7, 9, 2], "uv": [0, 54]},
					{"origin": [15, 3, 5], "size": [7, 9, 2], "uv": [79, 79]},
					{"origin": [13, 11, -55], "size": [10, 1, 1], "uv": [101, 143]},
					{"origin": [13, 8, -55], "size": [10, 1, 1], "uv": [79, 143]},
					{"origin": [13, 5, -55], "size": [10, 1, 1], "uv": [22, 143]},
					{"origin": [13, 5, 9], "size": [10, 1, 1], "uv": [0, 143]},
					{"origin": [13, 8, 9], "size": [10, 1, 1], "uv": [101, 141]},
					{"origin": [13, 11, 9], "size": [10, 1, 1], "uv": [79, 141]}
				]
			},
			{
				"name": "w1",
				"parent": "wheel1",
				"pivot": [18, 13, -54],
				"rotation": [-45, 0, 0],
				"cubes": [
					{"origin": [13, 13, -54], "size": [10, 3, 1], "uv": [101, 105]}
				]
			},
			{
				"name": "w2",
				"parent": "wheel1",
				"pivot": [18, 2, -54],
				"rotation": [45, 0, 0],
				"cubes": [
					{"origin": [13, -1, -54], "size": [10, 3, 1], "uv": [0, 109]}
				]
			},
			{
				"name": "w3",
				"parent": "wheel1",
				"pivot": [18, 13, 9],
				"rotation": [45, 0, 0],
				"cubes": [
					{"origin": [13, 13, 8], "size": [10, 3, 1], "uv": [0, 43]}
				]
			},
			{
				"name": "w4",
				"parent": "wheel1",
				"pivot": [18, 2, 9],
				"rotation": [-45, 0, 0],
				"cubes": [
					{"origin": [13, -1, 8], "size": [10, 3, 1], "uv": [0, 105]}
				]
			},
			{
				"name": "track1",
				"parent": "wheel1",
				"pivot": [0, 7, -17],
				"cubes": [
					{"origin": [13, -1, 0], "size": [10, 1, 1], "uv": [22, 139]},
					{"origin": [13, -1, -51], "size": [10, 1, 1], "uv": [0, 139]},
					{"origin": [13, -1, -48], "size": [10, 1, 1], "uv": [22, 137]},
					{"origin": [13, -1, -45], "size": [10, 1, 1], "uv": [0, 137]},
					{"origin": [13, -1, -42], "size": [10, 1, 1], "uv": [101, 136]},
					{"origin": [13, -1, -39], "size": [10, 1, 1], "uv": [79, 136]},
					{"origin": [13, -1, -36], "size": [10, 1, 1], "uv": [22, 135]},
					{"origin": [13, -1, -33], "size": [10, 1, 1], "uv": [0, 135]},
					{"origin": [13, -1, -30], "size": [10, 1, 1], "uv": [101, 134]},
					{"origin": [13, -1, -27], "size": [10, 1, 1], "uv": [79, 134]},
					{"origin": [13, -1, -24], "size": [10, 1, 1], "uv": [18, 133]},
					{"origin": [13, -1, -21], "size": [10, 1, 1], "uv": [101, 132]},
					{"origin": [13, -1, -18], "size": [10, 1, 1], "uv": [79, 132]},
					{"origin": [13, -1, -15], "size": [10, 1, 1], "uv": [158, 83]},
					{"origin": [13, -1, -12], "size": [10, 1, 1], "uv": [131, 46]},
					{"origin": [13, -1, -6], "size": [10, 1, 1], "uv": [131, 44]},
					{"origin": [13, -1, -9], "size": [10, 1, 1], "uv": [131, 42]},
					{"origin": [13, -1, -3], "size": [10, 1, 1], "uv": [131, 40]},
					{"origin": [13, -1, 3], "size": [10, 1, 1], "uv": [131, 38]}
				]
			},
			{
				"name": "track11",
				"parent": "wheel1",
				"pivot": [0, 7, -17],
				"cubes": [
					{"origin": [13, 15, 0], "size": [10, 1, 1], "uv": [131, 22]},
					{"origin": [13, 15, -51], "size": [10, 1, 1], "uv": [131, 20]},
					{"origin": [13, 15, -48], "size": [10, 1, 1], "uv": [131, 18]},
					{"origin": [13, 15, -45], "size": [10, 1, 1], "uv": [131, 16]},
					{"origin": [13, 15, -42], "size": [10, 1, 1], "uv": [131, 14]},
					{"origin": [13, 15, -39], "size": [10, 1, 1], "uv": [18, 131]},
					{"origin": [13, 15, -36], "size": [10, 1, 1], "uv": [101, 130]},
					{"origin": [13, 15, -33], "size": [10, 1, 1], "uv": [79, 130]},
					{"origin": [13, 15, -30], "size": [10, 1, 1], "uv": [18, 129]},
					{"origin": [13, 15, -27], "size": [10, 1, 1], "uv": [101, 128]},
					{"origin": [13, 15, -24], "size": [10, 1, 1], "uv": [79, 128]},
					{"origin": [13, 15, -21], "size": [10, 1, 1], "uv": [18, 127]},
					{"origin": [13, 15, -18], "size": [10, 1, 1], "uv": [101, 126]},
					{"origin": [13, 15, -15], "size": [10, 1, 1], "uv": [79, 126]},
					{"origin": [13, 15, -12], "size": [10, 1, 1], "uv": [123, 76]},
					{"origin": [13, 15, -9], "size": [10, 1, 1], "uv": [123, 54]},
					{"origin": [13, 15, -6], "size": [10, 1, 1], "uv": [123, 48]},
					{"origin": [13, 15, -3], "size": [10, 1, 1], "uv": [122, 57]},
					{"origin": [13, 15, 3], "size": [10, 1, 1], "uv": [122, 51]}
				]
			},
			{
				"name": "wheel2",
				"parent": "body",
				"pivot": [-36, 7, -17],
				"cubes": [
					{"origin": [-21, 2, -50], "size": [7, 11, 55], "uv": [161, 161]},
					{"origin": [-23, 2, 8], "size": [10, 11, 1], "uv": [101, 114]},
					{"origin": [-23, 2, -54], "size": [10, 11, 1], "uv": [79, 114]},
					{"origin": [-23, 14, -52], "size": [10, 1, 59], "uv": [95, 0]},
					{"origin": [-23, 0, -52], "size": [10, 1, 59], "uv": [0, 54]},
					{"origin": [-21, 3, -52], "size": [7, 9, 2], "uv": [22, 54]},
					{"origin": [-21, 3, 5], "size": [7, 9, 2], "uv": [0, 124]},
					{"origin": [-23, 11, -55], "size": [10, 1, 1], "uv": [101, 96]},
					{"origin": [-23, 8, -55], "size": [10, 1, 1], "uv": [79, 76]},
					{"origin": [-23, 5, -55], "size": [10, 1, 1], "uv": [101, 151]},
					{"origin": [-23, 5, 9], "size": [10, 1, 1], "uv": [79, 151]},
					{"origin": [-23, 11, 9], "size": [10, 1, 1], "uv": [22, 151]},
					{"origin": [-23, 8, 9], "size": [10, 1, 1], "uv": [79, 149]}
				]
			},
			{
				"name": "w5",
				"parent": "wheel2",
				"pivot": [-18, 13, -54],
				"rotation": [-45, 0, 0],
				"cubes": [
					{"origin": [-23, 13, -54], "size": [10, 3, 1], "uv": [101, 54]}
				]
			},
			{
				"name": "w6",
				"parent": "wheel2",
				"pivot": [-18, 2, -54],
				"rotation": [45, 0, 0],
				"cubes": [
					{"origin": [-23, -1, -54], "size": [10, 3, 1], "uv": [101, 48]}
				]
			},
			{
				"name": "w7",
				"parent": "wheel2",
				"pivot": [-18, 13, 9],
				"rotation": [45, 0, 0],
				"cubes": [
					{"origin": [-23, 13, 8], "size": [10, 3, 1], "uv": [79, 54]}
				]
			},
			{
				"name": "w8",
				"parent": "wheel2",
				"pivot": [-18, 2, 9],
				"rotation": [-45, 0, 0],
				"cubes": [
					{"origin": [-23, -1, 8], "size": [10, 3, 1], "uv": [79, 105]}
				]
			},
			{
				"name": "track2",
				"parent": "wheel2",
				"pivot": [-36, 7, -17],
				"cubes": [
					{"origin": [-23, -1, 3], "size": [10, 1, 1], "uv": [22, 141]},
					{"origin": [-23, -1, -51], "size": [10, 1, 1], "uv": [0, 141]},
					{"origin": [-23, -1, -48], "size": [10, 1, 1], "uv": [79, 139]},
					{"origin": [-23, -1, -45], "size": [10, 1, 1], "uv": [117, 12]},
					{"origin": [-23, -1, -42], "size": [10, 1, 1], "uv": [101, 111]},
					{"origin": [-23, -1, -39], "size": [10, 1, 1], "uv": [101, 109]},
					{"origin": [-23, -1, -36], "size": [10, 1, 1], "uv": [79, 109]},
					{"origin": [-23, -1, -33], "size": [10, 1, 1], "uv": [0, 147]},
					{"origin": [-23, -1, -30], "size": [10, 1, 1], "uv": [101, 145]},
					{"origin": [-23, -1, -27], "size": [10, 1, 1], "uv": [0, 145]},
					{"origin": [-23, -1, -24], "size": [10, 1, 1], "uv": [101, 139]},
					{"origin": [-23, -1, -21], "size": [10, 1, 1], "uv": [144, 77]},
					{"origin": [-23, -1, -18], "size": [10, 1, 1], "uv": [22, 111]},
					{"origin": [-23, -1, -15], "size": [10, 1, 1], "uv": [79, 111]},
					{"origin": [-23, -1, -12], "size": [10, 1, 1], "uv": [117, 36]},
					{"origin": [-23, -1, -9], "size": [10, 1, 1], "uv": [22, 145]},
					{"origin": [-23, -1, -6], "size": [10, 1, 1], "uv": [79, 145]},
					{"origin": [-23, -1, -3], "size": [10, 1, 1], "uv": [22, 147]},
					{"origin": [-23, -1, 0], "size": [10, 1, 1], "uv": [79, 147]}
				]
			},
			{
				"name": "track22",
				"parent": "wheel2",
				"pivot": [-36, 7, -17],
				"cubes": [
					{"origin": [-23, 15, 3], "size": [10, 1, 1], "uv": [101, 147]},
					{"origin": [-23, 15, -51], "size": [10, 1, 1], "uv": [0, 149]},
					{"origin": [-23, 15, -48], "size": [10, 1, 1], "uv": [22, 149]},
					{"origin": [-23, 15, -45], "size": [10, 1, 1], "uv": [101, 149]},
					{"origin": [-23, 15, -42], "size": [10, 1, 1], "uv": [0, 151]},
					{"origin": [-23, 15, -39], "size": [10, 1, 1], "uv": [0, 153]},
					{"origin": [-23, 15, -36], "size": [10, 1, 1], "uv": [22, 153]},
					{"origin": [-23, 15, -33], "size": [10, 1, 1], "uv": [79, 153]},
					{"origin": [-23, 15, -30], "size": [10, 1, 1], "uv": [101, 153]},
					{"origin": [-23, 15, -27], "size": [10, 1, 1], "uv": [0, 155]},
					{"origin": [-23, 15, -24], "size": [10, 1, 1], "uv": [22, 155]},
					{"origin": [-23, 15, -21], "size": [10, 1, 1], "uv": [79, 155]},
					{"origin": [-23, 15, -18], "size": [10, 1, 1], "uv": [101, 155]},
					{"origin": [-23, 15, -15], "size": [10, 1, 1], "uv": [158, 81]},
					{"origin": [-23, 15, -12], "size": [10, 1, 1], "uv": [158, 79]},
					{"origin": [-23, 15, -9], "size": [10, 1, 1], "uv": [101, 157]},
					{"origin": [-23, 15, -6], "size": [10, 1, 1], "uv": [79, 157]},
					{"origin": [-23, 15, -3], "size": [10, 1, 1], "uv": [22, 157]},
					{"origin": [-23, 15, 0], "size": [10, 1, 1], "uv": [0, 157]}
				]
			},
			{
				"name": "upright",
				"parent": "body",
				"pivot": [12, 26, -11],
				"rotation": [0, 0, -5],
				"cubes": [
					{"origin": [10, 26, -13], "size": [2, 14, 2], "uv": [123, 114]}
				]
			},
			{
				"name": "upright2",
				"parent": "body",
				"pivot": [-12, 26, -11],
				"rotation": [0, 0, 5],
				"cubes": [
					{"origin": [-12, 26, -13], "size": [2, 14, 2], "uv": [123, 96]}
				]
			},
			{
				"name": "stack",
				"parent": "body",
				"pivot": [-6, 50, -43],
				"rotation": [45, 0, 0],
				"cubes": [
					{"origin": [-8, 37, -58], "size": [2, 5, 2], "uv": [10, 65]}
				]
			}
		]
	}
}