{
    "format_version": "1.10.0",
    "animation_controllers": {
		"controller.animation.mommy_long_bd.general": {
            "initial_state": "moving",
            "states": {
                "moving": {
                    "variables": {
                        "move_speed": {
                            "input": "query.modified_move_speed",
                            "remap_curve": {
                                "0.0": 0.0,
                                "0.1": 1.0
                            }
                        },
                        "is_idling": {
                            "input": "query.modified_move_speed",
                            "remap_curve": {
                                "0.0": 1.0,
                                "0.1": 0.0
                            }
                        }
                    },
                    "animations": [{
                            "moving": "variable.move_speed"
                        }, {
                            "mommy_long_bd_general": "variable.is_idling"
                        }
                    ]
				}
            }
		},
		"controller.animation.mommy_long_bd.mouth": {
            "states": {
                "moving": {
                    "animations": ["passive_mode"
					],
					"transitions": [{
                            "hunt_mode": "query.mark_variant == 1"
						}
                    ]
                },
                "hunt_mode": {
                    "animations": [
                        "hunt_mode"
                    ],
                    "transitions": [{
                            "moving": "query.mark_variant != 1"
                        }
                    ]
                }
			}
		}
    }
}