{
  "resource_pack_name": "vanilla",
  "texture_name": "atlas.terrain",
  "padding": 8,
  "num_mip_levels": 4,
  "texture_data": {
    "srp_infectedstone": {
      "textures": [
        "textures/blocks/srp_infectedstone"
      ]
    },
    "srp_change_me": {
      "textures": [
        "textures/blocks/srp_change_me"
      ]
    },
    "srp_infectedleaf": {
      "textures": [
        "textures/blocks/srp_infectedleaf"
      ]
    },
    "srp_infected_tree": {
      "textures": [
        "textures/blocks/srp_infected_tree"
      ]
    }
  }
}