{
  "namespace": "debug_screen",
  "special_render": {
    "type": "custom",
    "renderer": "debug_screen_renderer"
	},
	"gamercat_watermark": {
		"type": "label",
		"text": "§bAddon By §eGamerCat §cYou§fTube",
		"color": [
			1,
			1,
			1
		],
		"shadow": true,
		"font_size": "medium",
		"anchor_from": "top_right",
		"anchor_to": "top_right",
		"alpha": 7
  },
  "debug_screen@common.base_screen": {
    "send_telemetry": false,
    "screen_not_flushable": true,
    "render_game_behind": true,
    "is_showing_menu": false,
    "low_frequency_rendering": true,
    "is_modal": true,
    "should_steal_mouse": false,
    "render_only_when_topmost": false,
    "screen_draws_last": true,
    "always_accepts_input": true,
    "$screen_content": "",
    "$screen_animations": [],
    "$use_loading_bars": false
  }
}