{
  "format_version": "1.12.0",
  "minecraft:geometry": [
    {
      "description": {
        "identifier": "geometry.mech_pufferfish",
        "texture_width": 96,
        "texture_height": 96,
        "visible_bounds_width": 4,
        "visible_bounds_height": 3.5,
        "visible_bounds_offset": [
          0,
          1.25,
          0
        ]
      },
      "bones": [
        {
          "name": "body",
          "pivot": [
            0,
            0,
            2
          ],
          "cubes": [
            {
              "origin": [
                -6.0,
                12.0,
                -9.0
              ],
              "size": [
                12.0,
                6.0,
                18.0
              ],
              "uv": [
                0,
                0
              ],
              "inflate": 0
            },
            {
              "origin": [
                -2.0,
                11.0,
                -10.0
              ],
              "size": [
                4.0,
                15.0,
                4.0
              ],
              "uv": [
                12,
                68
              ],
              "inflate": 0
            },
            {
              "origin": [
                -6.0,
                18.0,
                2.0
              ],
              "size": [
                12.0,
                10.0,
                7.0
              ],
              "uv": [
                37,
                39
              ],
              "inflate": 0
            },
            {
              "origin": [
                -3.0,
                15.0,
                3.0
              ],
              "size": [
                6.0,
                13.0,
                6.0
              ],
              "pivot": [
                0.0,
                28.0,
                9.0
              ],
              "rotation": [
                60.0,
                0.0,
                0.0
              ],
              "uv": [
                54,
                18
              ],
              "inflate": 0
            },
            {
              "origin": [
                -9.0,
                22.0,
                -2.0
              ],
              "size": [
                4.0,
                4.0,
                12.0
              ],
              "pivot": [
                -7.0,
                24.0,
                3.0
              ],
              "rotation": [
                0.0,
                0.0,
                -15.0
              ],
              "uv": [
                0,
                46
              ],
              "inflate": 0
            },
            {
              "origin": [
                5.0,
                22.0,
                -2.0
              ],
              "size": [
                4.0,
                4.0,
                12.0
              ],
              "pivot": [
                7.0,
                24.0,
                3.0
              ],
              "rotation": [
                0.0,
                0.0,
                15.0
              ],
              "uv": [
                42,
                0
              ],
              "inflate": 0
            },
            {
              "origin": [
                -5.0,
                18.0,
                -10.0
              ],
              "size": [
                10.0,
                10.0,
                12.0
              ],
              "pivot": [
                0.0,
                28.0,
                2.0
              ],
              "rotation": [
                15.0,
                0.0,
                0.0
              ],
              "uv": [
                0,
                24
              ],
              "inflate": 0
            }
          ]
        },
        {
          "name": "head",
          "pivot": [
            0,
            24,
            0
          ],
          "parent": "body"
        },
        {
          "name": "rightArm",
          "pivot": [
            -6,
            21,
            6
          ],
          "cubes": [
            {
              "origin": [
                -10.0,
                1.0,
                4.0
              ],
              "size": [
                3.0,
                20.0,
                3.0
              ],
              "pivot": [
                -8.5,
                17.0,
                5.5
              ],
              "rotation": [
                -70.0,
                0.0,
                0.0
              ],
              "uv": [
                67,
                69
              ],
              "inflate": 0
            },
            {
              "origin": [
                -9.0,
                4.0,
                3.0
              ],
              "size": [
                3.0,
                3.0,
                5.0
              ],
              "pivot": [
                -8.5,
                17.0,
                5.5
              ],
              "rotation": [
                -70.0,
                0.0,
                0.0
              ],
              "uv": [
                70,
                59
              ],
              "inflate": 0
            },
            {
              "origin": [
                -11.0,
                2.0,
                3.0
              ],
              "size": [
                2.0,
                8.0,
                5.0
              ],
              "pivot": [
                -8.5,
                17.0,
                5.5
              ],
              "rotation": [
                -70.0,
                0.0,
                0.0
              ],
              "uv": [
                0,
                0
              ],
              "inflate": 0
            },
            {
              "origin": [
                -11.0,
                17.0,
                3.0
              ],
              "size": [
                5.0,
                7.0,
                5.0
              ],
              "uv": [
                32,
                24
              ],
              "inflate": 0
            }
          ],
          "parent": "body"
        },
        {
          "name": "rightItem",
          "pivot": [
            -6,
            15,
            1
          ],
          "parent": "rightArm"
        },
        {
          "name": "leftArm",
          "pivot": [
            6,
            21,
            6
          ],
          "cubes": [
            {
              "origin": [
                6.0,
                17.0,
                3.0
              ],
              "size": [
                5.0,
                7.0,
                5.0
              ],
              "uv": [
                62,
                0
              ],
              "inflate": 0,
              "mirror": false
            },
            {
              "origin": [
                7.0,
                1.0,
                4.0
              ],
              "size": [
                3.0,
                20.0,
                3.0
              ],
              "pivot": [
                8.5,
                17.0,
                5.5
              ],
              "rotation": [
                -70.0,
                0.0,
                0.0
              ],
              "uv": [
                0,
                62
              ],
              "inflate": 0,
              "mirror": false
            },
            {
              "origin": [
                6.0,
                4.0,
                3.0
              ],
              "size": [
                3.0,
                3.0,
                5.0
              ],
              "pivot": [
                8.5,
                17.0,
                5.5
              ],
              "rotation": [
                -70.0,
                0.0,
                0.0
              ],
              "uv": [
                20,
                46
              ],
              "inflate": 0,
              "mirror": false
            },
            {
              "origin": [
                9.0,
                2.0,
                3.0
              ],
              "size": [
                2.0,
                8.0,
                5.0
              ],
              "pivot": [
                8.5,
                17.0,
                5.5
              ],
              "rotation": [
                -70.0,
                0.0,
                0.0
              ],
              "uv": [
                28,
                72
              ],
              "inflate": 0,
              "mirror": false
            }
          ],
          "parent": "body",
          "mirror": true
        },
        {
          "name": "rightLeg",
          "pivot": [
            -4,
            12,
            2
          ],
          "cubes": [
            {
              "origin": [
                -7.0,
                5.0,
                -2.0
              ],
              "size": [
                5.0,
                10.0,
                6.0
              ],
              "pivot": [
                -5.0,
                13.0,
                1.0
              ],
              "rotation": [
                45.0,
                0.0,
                0.0
              ],
              "uv": [
                48,
                56
              ],
              "inflate": 0
            },
            {
              "origin": [
                -6.0,
                0.0,
                2.0
              ],
              "size": [
                3.0,
                10.0,
                3.0
              ],
              "uv": [
                54,
                72
              ],
              "inflate": 0
            },
            {
              "origin": [
                -7.0,
                0.0,
                1.0
              ],
              "size": [
                5.0,
                3.0,
                5.0
              ],
              "uv": [
                68,
                37
              ],
              "inflate": 0
            },
            {
              "origin": [
                -7.0,
                0.0,
                -2.0
              ],
              "size": [
                5.0,
                2.0,
                3.0
              ],
              "uv": [
                71,
                13
              ],
              "inflate": 0
            },
            {
              "origin": [
                -6.0,
                0.0,
                6.0
              ],
              "size": [
                3.0,
                2.0,
                2.0
              ],
              "uv": [
                0,
                28
              ],
              "inflate": 0
            }
          ],
          "parent": "body"
        },
        {
          "name": "leftLeg",
          "pivot": [
            4,
            12,
            2
          ],
          "cubes": [
            {
              "origin": [
                2.0,
                5.0,
                -2.0
              ],
              "size": [
                5.0,
                10.0,
                6.0
              ],
              "pivot": [
                5.0,
                13.0,
                1.0
              ],
              "rotation": [
                45.0,
                0.0,
                0.0
              ],
              "uv": [
                26,
                56
              ],
              "inflate": 0,
              "mirror": false
            },
            {
              "origin": [
                2.0,
                0.0,
                1.0
              ],
              "size": [
                5.0,
                3.0,
                5.0
              ],
              "uv": [
                70,
                51
              ],
              "inflate": 0,
              "mirror": false
            },
            {
              "origin": [
                2.0,
                0.0,
                -2.0
              ],
              "size": [
                5.0,
                2.0,
                3.0
              ],
              "uv": [
                0,
                13
              ],
              "inflate": 0,
              "mirror": false
            },
            {
              "origin": [
                3.0,
                0.0,
                6.0
              ],
              "size": [
                3.0,
                2.0,
                2.0
              ],
              "uv": [
                0,
                24
              ],
              "inflate": 0,
              "mirror": false
            },
            {
              "origin": [
                3.0,
                0.0,
                2.0
              ],
              "size": [
                3.0,
                10.0,
                3.0
              ],
              "uv": [
                42,
                72
              ],
              "inflate": 0,
              "mirror": false
            }
          ],
          "parent": "body",
          "mirror": true
        }
      ]
    }
  ]
}