{
  "format_version": "1.12.0",
  "minecraft:geometry": [
    {
      "description": {
        "identifier": "geometry.pa_cactus",
        "texture_width": 64,
        "texture_height": 64,
        "visible_bounds_width": 3,
        "visible_bounds_height": 3.5,
        "visible_bounds_offset": [
          0,
          1.25,
          0
        ]
      },
      "bones": [
        {
          "name": "bb_main",
          "cubes": [
            {
              "origin": [
                -3.0,
                5.0,
                -15.0
              ],
              "size": [
                5.0,
                14.0,
                4.0
              ],
              "uv": {
                "north": {
                  "uv": [
                    30,
                    30
                  ],
                  "uv_size": [
                    5,
                    14
                  ]
                },
                "east": {
                  "uv": [
                    37,
                    0
                  ],
                  "uv_size": [
                    4,
                    14
                  ]
                },
                "south": {
                  "uv": [
                    32,
                    0
                  ],
                  "uv_size": [
                    5,
                    14
                  ]
                },
                "west": {
                  "uv": [
                    37,
                    14
                  ],
                  "uv_size": [
                    4,
                    14
                  ]
                },
                "up": {
                  "uv": [
                    45,
                    5
                  ],
                  "uv_size": [
                    5,
                    4
                  ]
                },
                "down": {
                  "uv": [
                    45,
                    13
                  ],
                  "uv_size": [
                    5,
                    -4
                  ]
                }
              },
              "inflate": 0
            },
            {
              "origin": [
                -3.0,
                14.0,
                11.0
              ],
              "size": [
                5.0,
                14.0,
                4.0
              ],
              "uv": {
                "north": {
                  "uv": [
                    32,
                    14
                  ],
                  "uv_size": [
                    5,
                    14
                  ]
                },
                "east": {
                  "uv": [
                    40,
                    28
                  ],
                  "uv_size": [
                    4,
                    14
                  ]
                },
                "south": {
                  "uv": [
                    35,
                    28
                  ],
                  "uv_size": [
                    5,
                    14
                  ]
                },
                "west": {
                  "uv": [
                    41,
                    0
                  ],
                  "uv_size": [
                    4,
                    14
                  ]
                },
                "up": {
                  "uv": [
                    45,
                    40
                  ],
                  "uv_size": [
                    5,
                    4
                  ]
                },
                "down": {
                  "uv": [
                    45,
                    48
                  ],
                  "uv_size": [
                    5,
                    -4
                  ]
                }
              },
              "inflate": 0
            },
            {
              "origin": [
                -5.0,
                0.0,
                -5.0
              ],
              "size": [
                10.0,
                30.0,
                11.0
              ],
              "uv": {
                "north": {
                  "uv": [
                    22,
                    0
                  ],
                  "uv_size": [
                    10,
                    30
                  ]
                },
                "east": {
                  "uv": [
                    0,
                    0
                  ],
                  "uv_size": [
                    11,
                    30
                  ]
                },
                "south": {
                  "uv": [
                    0,
                    30
                  ],
                  "uv_size": [
                    10,
                    30
                  ]
                },
                "west": {
                  "uv": [
                    11,
                    0
                  ],
                  "uv_size": [
                    11,
                    30
                  ]
                },
                "up": {
                  "uv": [
                    10,
                    30
                  ],
                  "uv_size": [
                    10,
                    11
                  ]
                },
                "down": {
                  "uv": [
                    20,
                    41
                  ],
                  "uv_size": [
                    10,
                    -11
                  ]
                }
              },
              "inflate": 0
            },
            {
              "origin": [
                -3.0,
                5.0,
                -11.0
              ],
              "size": [
                5.0,
                5.0,
                6.0
              ],
              "uv": {
                "north": {
                  "uv": [
                    21,
                    41
                  ],
                  "uv_size": [
                    5,
                    5
                  ]
                },
                "east": {
                  "uv": [
                    10,
                    41
                  ],
                  "uv_size": [
                    6,
                    5
                  ]
                },
                "south": {
                  "uv": [
                    35,
                    42
                  ],
                  "uv_size": [
                    5,
                    5
                  ]
                },
                "west": {
                  "uv": [
                    41,
                    14
                  ],
                  "uv_size": [
                    6,
                    5
                  ]
                },
                "up": {
                  "uv": [
                    16,
                    41
                  ],
                  "uv_size": [
                    5,
                    6
                  ]
                },
                "down": {
                  "uv": [
                    41,
                    25
                  ],
                  "uv_size": [
                    5,
                    -6
                  ]
                }
              },
              "inflate": 0
            },
            {
              "origin": [
                -3.0,
                14.0,
                6.0
              ],
              "size": [
                5.0,
                5.0,
                5.0
              ],
              "uv": {
                "north": {
                  "uv": [
                    40,
                    42
                  ],
                  "uv_size": [
                    5,
                    5
                  ]
                },
                "east": {
                  "uv": [
                    44,
                    25
                  ],
                  "uv_size": [
                    5,
                    5
                  ]
                },
                "south": {
                  "uv": [
                    26,
                    44
                  ],
                  "uv_size": [
                    5,
                    5
                  ]
                },
                "west": {
                  "uv": [
                    44,
                    30
                  ],
                  "uv_size": [
                    5,
                    5
                  ]
                },
                "up": {
                  "uv": [
                    44,
                    35
                  ],
                  "uv_size": [
                    5,
                    5
                  ]
                },
                "down": {
                  "uv": [
                    45,
                    5
                  ],
                  "uv_size": [
                    5,
                    -5
                  ]
                }
              },
              "inflate": 0
            }
          ]
        }
      ]
    }
  ]
}