{
  "format_version": "1.12.0",
  "minecraft:geometry": [
    {
      "description": {
        "identifier": "geometry.pa_edward_morph2",
        "texture_width": 256,
        "texture_height": 256,
        "visible_bounds_width": 8,
        "visible_bounds_height": 6,
        "visible_bounds_offset": [
          0,
          2,
          0
        ]
      },
      "bones": [
        {
          "name": "root",
          "pivot": [
            0,
            -8,
            0
          ]
        },
        {
          "name": "body",
          "pivot": [
            0,
            22,
            0
          ],
          "parent": "root"
        },
        {
          "name": "train",
          "pivot": [
            0,
            18,
            0
          ],
          "cubes": [
            {
              "origin": [
                -12.0,
                14.0,
                -24.0
              ],
              "size": [
                24.0,
                2.0,
                48.0
              ],
              "uv": [
                0,
                0
              ],
              "inflate": 0
            },
            {
              "origin": [
                -11.5,
                11.0,
                -23.5
              ],
              "size": [
                23.0,
                3.0,
                47.0
              ],
              "uv": [
                97,
                53
              ],
              "inflate": 0
            },
            {
              "origin": [
                -12.0,
                9.0,
                -24.0
              ],
              "size": [
                24.0,
                2.0,
                48.0
              ],
              "uv": [
                0,
                50
              ],
              "inflate": 0
            },
            {
              "origin": [
                -6.0,
                16.0,
                -23.0
              ],
              "size": [
                12.0,
                2.0,
                26.0
              ],
              "uv": [
                62,
                131
              ],
              "inflate": 0
            },
            {
              "origin": [
                -11.0,
                16.0,
                2.0
              ],
              "size": [
                22.0,
                32.0,
                2.0
              ],
              "uv": [
                96,
                0
              ],
              "inflate": 0
            },
            {
              "origin": [
                -12.5,
                16.0,
                1.5
              ],
              "size": [
                3.0,
                32.0,
                3.0
              ],
              "uv": [
                24,
                213
              ],
              "inflate": 0
            },
            {
              "origin": [
                -12.5,
                16.0,
                21.5
              ],
              "size": [
                3.0,
                32.0,
                3.0
              ],
              "uv": [
                12,
                213
              ],
              "inflate": 0
            },
            {
              "origin": [
                9.5,
                16.0,
                1.5
              ],
              "size": [
                3.0,
                32.0,
                3.0
              ],
              "uv": [
                0,
                213
              ],
              "inflate": 0
            },
            {
              "origin": [
                9.5,
                16.0,
                21.5
              ],
              "size": [
                3.0,
                32.0,
                3.0
              ],
              "uv": [
                112,
                210
              ],
              "inflate": 0
            },
            {
              "origin": [
                -11.0,
                47.0,
                1.0
              ],
              "size": [
                22.0,
                4.0,
                24.0
              ],
              "uv": [
                88,
                103
              ],
              "inflate": 0
            },
            {
              "origin": [
                10.58458,
                48.34461,
                1.1
              ],
              "size": [
                4.0,
                3.0,
                24.0
              ],
              "pivot": [
                7.58458,
                49.84461,
                12.0
              ],
              "rotation": [
                0.0,
                0.0,
                15.0
              ],
              "uv": [
                158,
                131
              ],
              "inflate": 0
            },
            {
              "origin": [
                6.0,
                10.5,
                -23.75
              ],
              "size": [
                4.0,
                4.0,
                1.0
              ],
              "uv": [
                0,
                111
              ],
              "inflate": 0
            },
            {
              "origin": [
                6.0,
                2.5,
                -23.75
              ],
              "size": [
                4.0,
                4.0,
                3.0
              ],
              "pivot": [
                0.0,
                0.0,
                0.0
              ],
              "rotation": [
                -7.5,
                0.0,
                0.0
              ],
              "uv": [
                96,
                83
              ],
              "inflate": 0
            },
            {
              "origin": [
                6.0,
                2.5,
                -40.75
              ],
              "size": [
                4.0,
                2.0,
                17.0
              ],
              "pivot": [
                0.0,
                0.0,
                0.0
              ],
              "rotation": [
                -7.5,
                0.0,
                0.0
              ],
              "uv": [
                85,
                191
              ],
              "inflate": 0
            },
            {
              "origin": [
                -10.0,
                2.5,
                -40.75
              ],
              "size": [
                4.0,
                2.0,
                17.0
              ],
              "pivot": [
                0.0,
                0.0,
                0.0
              ],
              "rotation": [
                -7.5,
                0.0,
                0.0
              ],
              "uv": [
                43,
                191
              ],
              "inflate": 0
            },
            {
              "origin": [
                -10.0,
                -24.5,
                -49.75
              ],
              "size": [
                4.0,
                2.0,
                17.0
              ],
              "pivot": [
                0.0,
                0.0,
                0.0
              ],
              "rotation": [
                -47.5,
                0.0,
                0.0
              ],
              "uv": [
                68,
                100
              ],
              "inflate": 0
            },
            {
              "origin": [
                3.0,
                -35.5,
                -58.75
              ],
              "size": [
                10.0,
                13.0,
                9.0
              ],
              "pivot": [
                0.0,
                0.0,
                0.0
              ],
              "rotation": [
                -47.5,
                0.0,
                0.0
              ],
              "uv": [
                192,
                22
              ],
              "inflate": 0
            },
            {
              "origin": [
                -13.0,
                -35.5,
                -58.75
              ],
              "size": [
                10.0,
                13.0,
                9.0
              ],
              "pivot": [
                0.0,
                0.0,
                0.0
              ],
              "rotation": [
                -47.5,
                0.0,
                0.0
              ],
              "uv": [
                192,
                0
              ],
              "inflate": 0
            },
            {
              "origin": [
                6.0,
                -24.5,
                -49.75
              ],
              "size": [
                4.0,
                2.0,
                17.0
              ],
              "pivot": [
                0.0,
                0.0,
                0.0
              ],
              "rotation": [
                -47.5,
                0.0,
                0.0
              ],
              "uv": [
                96,
                76
              ],
              "inflate": 0
            },
            {
              "origin": [
                -10.0,
                2.5,
                -23.75
              ],
              "size": [
                4.0,
                4.0,
                3.0
              ],
              "pivot": [
                0.0,
                0.0,
                0.0
              ],
              "rotation": [
                -7.5,
                0.0,
                0.0
              ],
              "uv": [
                96,
                76
              ],
              "inflate": 0
            },
            {
              "origin": [
                -10.0,
                -5.5,
                -26.75
              ],
              "size": [
                20.0,
                9.0,
                0.0
              ],
              "pivot": [
                0.0,
                0.0,
                0.0
              ],
              "rotation": [
                -22.5,
                0.0,
                0.0
              ],
              "uv": [
                44,
                210
              ],
              "inflate": 0
            },
            {
              "origin": [
                -14.58458,
                48.34461,
                1.1
              ],
              "size": [
                4.0,
                3.0,
                24.0
              ],
              "pivot": [
                -7.58458,
                49.84461,
                12.0
              ],
              "rotation": [
                0.0,
                0.0,
                -15.0
              ],
              "uv": [
                114,
                155
              ],
              "inflate": 0
            },
            {
              "origin": [
                -12.0,
                16.0,
                4.0
              ],
              "size": [
                24.0,
                32.0,
                20.0
              ],
              "uv": [
                0,
                100
              ],
              "inflate": 0
            },
            {
              "origin": [
                -10.0,
                10.5,
                -23.75
              ],
              "size": [
                4.0,
                4.0,
                1.0
              ],
              "uv": [
                96,
                57
              ],
              "inflate": 0
            },
            {
              "origin": [
                -2.28,
                12.19,
                -24.645
              ],
              "size": [
                4.56,
                4.56,
                1.14
              ],
              "uv": [
                96,
                52
              ],
              "inflate": 0
            },
            {
              "origin": [
                12.0,
                41.0,
                2.0
              ],
              "size": [
                10.0,
                10.0,
                0.0
              ],
              "uv": [
                179,
                155
              ],
              "inflate": 0
            },
            {
              "origin": [
                -1.0,
                18.0,
                -1.0
              ],
              "size": [
                2.0,
                2.0,
                2.0
              ],
              "uv": [
                0,
                100
              ],
              "inflate": 0
            }
          ],
          "parent": "body"
        },
        {
          "name": "octagon",
          "pivot": [
            0,
            27,
            -2
          ],
          "cubes": [
            {
              "origin": [
                -4.10071,
                17.1,
                -10.9
              ],
              "size": [
                8.20143,
                19.8,
                16.8
              ],
              "pivot": [
                0.0,
                27.0,
                -4.0
              ],
              "rotation": [
                0.0,
                0.0,
                45.0
              ],
              "uv": [
                0,
                50
              ],
              "inflate": 0
            },
            {
              "origin": [
                -4.10071,
                17.1,
                -10.9
              ],
              "size": [
                8.20143,
                19.8,
                16.8
              ],
              "uv": [
                0,
                0
              ],
              "inflate": 0
            },
            {
              "origin": [
                -9.9,
                22.89929,
                -10.9
              ],
              "size": [
                19.8,
                8.20143,
                16.8
              ],
              "pivot": [
                0.0,
                27.0,
                -4.0
              ],
              "rotation": [
                0.0,
                0.0,
                45.0
              ],
              "uv": [
                0,
                152
              ],
              "inflate": 0
            },
            {
              "origin": [
                -9.9,
                22.89929,
                -10.9
              ],
              "size": [
                19.8,
                8.20143,
                16.8
              ],
              "uv": [
                112,
                131
              ],
              "inflate": 0
            }
          ],
          "parent": "train"
        },
        {
          "name": "octagon2",
          "pivot": [
            0,
            27,
            -21
          ],
          "cubes": [
            {
              "origin": [
                -4.10071,
                17.1,
                -21.9
              ],
              "size": [
                8.20143,
                19.8,
                11.8
              ],
              "pivot": [
                0.0,
                27.0,
                -21.0
              ],
              "rotation": [
                0.0,
                0.0,
                45.0
              ],
              "uv": [
                190,
                122
              ],
              "inflate": 0
            },
            {
              "origin": [
                -4.10071,
                17.1,
                -21.9
              ],
              "size": [
                8.20143,
                19.8,
                11.8
              ],
              "uv": [
                190,
                52
              ],
              "inflate": 0
            },
            {
              "origin": [
                -3.0,
                35.0,
                -19.0
              ],
              "size": [
                6.0,
                12.0,
                6.0
              ],
              "uv": [
                217,
                111
              ],
              "inflate": 0
            },
            {
              "origin": [
                -3.5,
                45.0,
                -19.5
              ],
              "size": [
                7.0,
                14.0,
                7.0
              ],
              "uv": [
                84,
                210
              ],
              "inflate": 0
            },
            {
              "origin": [
                -4.5,
                58.0,
                -20.5
              ],
              "size": [
                9.0,
                6.0,
                9.0
              ],
              "uv": [
                157,
                205
              ],
              "inflate": 0
            },
            {
              "origin": [
                2.5,
                60.0,
                -29.5
              ],
              "size": [
                2.0,
                2.0,
                9.0
              ],
              "uv": [
                221,
                13
              ],
              "inflate": 0
            },
            {
              "origin": [
                4.5,
                60.0,
                -20.5
              ],
              "size": [
                2.0,
                2.0,
                9.0
              ],
              "uv": [
                199,
                213
              ],
              "inflate": 0
            },
            {
              "origin": [
                -6.5,
                60.0,
                -20.5
              ],
              "size": [
                2.0,
                2.0,
                9.0
              ],
              "uv": [
                121,
                76
              ],
              "inflate": 0
            },
            {
              "origin": [
                -4.5,
                60.0,
                -29.5
              ],
              "size": [
                2.0,
                2.0,
                9.0
              ],
              "uv": [
                219,
                143
              ],
              "inflate": 0
            },
            {
              "origin": [
                -9.9,
                22.89929,
                -21.9
              ],
              "size": [
                19.8,
                8.20143,
                11.8
              ],
              "pivot": [
                0.0,
                27.0,
                -21.0
              ],
              "rotation": [
                0.0,
                0.0,
                45.0
              ],
              "uv": [
                146,
                158
              ],
              "inflate": 0
            },
            {
              "origin": [
                -9.9,
                22.89929,
                -21.9
              ],
              "size": [
                19.8,
                8.20143,
                11.8
              ],
              "uv": [
                156,
                103
              ],
              "inflate": 0
            }
          ],
          "parent": "octagon"
        },
        {
          "name": "octagon3",
          "pivot": [
            0,
            27,
            -6
          ],
          "cubes": [
            {
              "origin": [
                -4.42877,
                16.308,
                -6.972
              ],
              "size": [
                8.85754,
                21.384,
                1.944
              ],
              "pivot": [
                0.0,
                27.0,
                -6.0
              ],
              "rotation": [
                0.0,
                0.0,
                45.0
              ],
              "uv": [
                228,
                52
              ],
              "inflate": 0
            },
            {
              "origin": [
                -4.42877,
                16.308,
                -6.972
              ],
              "size": [
                8.85754,
                21.384,
                1.944
              ],
              "uv": [
                154,
                220
              ],
              "inflate": 0
            },
            {
              "origin": [
                -10.692,
                22.57123,
                -6.972
              ],
              "size": [
                21.384,
                8.85754,
                1.944
              ],
              "uv": [
                0,
                196
              ],
              "inflate": 0
            },
            {
              "origin": [
                -4.42877,
                16.308,
                -15.972
              ],
              "size": [
                8.85754,
                21.384,
                1.944
              ],
              "pivot": [
                0.0,
                27.0,
                -15.0
              ],
              "rotation": [
                0.0,
                0.0,
                45.0
              ],
              "uv": [
                54,
                219
              ],
              "inflate": 0
            }
          ],
          "parent": "octagon2"
        },
        {
          "name": "octagon4",
          "pivot": [
            0,
            27,
            -15
          ],
          "cubes": [
            {
              "origin": [
                -4.42877,
                16.308,
                -15.972
              ],
              "size": [
                8.85754,
                21.384,
                1.944
              ],
              "uv": [
                36,
                219
              ],
              "inflate": 0
            },
            {
              "origin": [
                -10.692,
                22.57123,
                -15.972
              ],
              "size": [
                21.384,
                8.85754,
                1.944
              ],
              "pivot": [
                0.0,
                27.0,
                -15.0
              ],
              "rotation": [
                0.0,
                0.0,
                45.0
              ],
              "uv": [
                96,
                34
              ],
              "inflate": 0
            },
            {
              "origin": [
                -10.692,
                22.57123,
                -15.972
              ],
              "size": [
                21.384,
                8.85754,
                1.944
              ],
              "uv": [
                0,
                85
              ],
              "inflate": 0
            },
            {
              "origin": [
                -10.692,
                22.57123,
                -6.972
              ],
              "size": [
                21.384,
                8.85754,
                1.944
              ],
              "pivot": [
                0.0,
                27.0,
                -6.0
              ],
              "rotation": [
                0.0,
                0.0,
                45.0
              ],
              "uv": [
                0,
                35
              ],
              "inflate": 0
            }
          ],
          "parent": "octagon3"
        },
        {
          "name": "smoke",
          "pivot": [
            0,
            46,
            -16
          ],
          "parent": "octagon",
          "locators": {}
        },
        {
          "name": "face",
          "pivot": [
            0,
            27,
            -22
          ],
          "cubes": [
            {
              "origin": [
                -7.0,
                20.0,
                -28.5
              ],
              "size": [
                14.0,
                14.0,
                10.0
              ],
              "uv": [
                96,
                52
              ],
              "inflate": 0
            }
          ],
          "parent": "train"
        },
        {
          "name": "smile",
          "pivot": [
            0.25,
            20.5,
            -22.6
          ],
          "parent": "face"
        },
        {
          "name": "smile2",
          "pivot": [
            0.25,
            24.5,
            -22.6
          ],
          "parent": "smile"
        },
        {
          "name": "left_leg1",
          "pivot": [
            5,
            15,
            -11
          ],
          "cubes": [
            {
              "origin": [
                9.08,
                18.44,
                -14.84
              ],
              "size": [
                25.6,
                5.12,
                5.12
              ],
              "pivot": [
                7.8,
                21.0,
                -11.0
              ],
              "rotation": [
                -5.43327,
                47.2626,
                -37.37872
              ],
              "uv": [
                170,
                187
              ],
              "inflate": 0
            },
            {
              "origin": [
                18.64211,
                28.9189,
                -34.56111
              ],
              "size": [
                5.632,
                5.632,
                5.632
              ],
              "pivot": [
                21.45811,
                31.7349,
                -31.74511
              ],
              "rotation": [
                30.38564,
                38.44868,
                13.31914
              ],
              "uv": {
                "north": {
                  "uv": [
                    40,
                    54
                  ],
                  "uv_size": [
                    -4,
                    4
                  ]
                },
                "east": {
                  "uv": [
                    44,
                    54
                  ],
                  "uv_size": [
                    -4,
                    4
                  ]
                },
                "south": {
                  "uv": [
                    48,
                    54
                  ],
                  "uv_size": [
                    -4,
                    4
                  ]
                },
                "west": {
                  "uv": [
                    36,
                    54
                  ],
                  "uv_size": [
                    -4,
                    4
                  ]
                },
                "up": {
                  "uv": [
                    40,
                    50
                  ],
                  "uv_size": [
                    -4,
                    4
                  ]
                },
                "down": {
                  "uv": [
                    44,
                    54
                  ],
                  "uv_size": [
                    -4,
                    -4
                  ]
                }
              },
              "inflate": 0
            }
          ],
          "parent": "body"
        },
        {
          "name": "left_leg12",
          "pivot": [
            15,
            23.25,
            -27.25
          ],
          "cubes": [
            {
              "origin": [
                13.19343,
                21.60417,
                -38.95557
              ],
              "size": [
                16.64,
                3.84,
                5.12
              ],
              "pivot": [
                24.47365,
                25.24653,
                -39.58102
              ],
              "rotation": [
                128.76023,
                62.72179,
                36.50129
              ],
              "uv": [
                206,
                168
              ],
              "inflate": 0
            }
          ],
          "parent": "left_leg1",
          "rotation": [
            15,
            0,
            0
          ]
        },
        {
          "name": "left_leg13",
          "pivot": [
            20,
            20.25,
            -39.25
          ],
          "cubes": [
            {
              "origin": [
                20.39641,
                20.79112,
                -63.40044
              ],
              "size": [
                15.36,
                2.56,
                3.84
              ],
              "pivot": [
                30.87365,
                21.40653,
                -54.94102
              ],
              "rotation": [
                164.73677,
                31.72597,
                89.73737
              ],
              "uv": [
                156,
                122
              ],
              "inflate": 0
            },
            {
              "origin": [
                34.47641,
                21.43112,
                -63.40044
              ],
              "size": [
                3.84,
                1.28,
                2.56
              ],
              "pivot": [
                30.87365,
                21.40653,
                -54.94102
              ],
              "rotation": [
                164.73677,
                31.72597,
                89.73737
              ],
              "uv": [
                96,
                95
              ],
              "inflate": 0
            }
          ],
          "parent": "left_leg12",
          "rotation": [
            15,
            0,
            0
          ]
        },
        {
          "name": "right_leg1",
          "pivot": [
            -5,
            15,
            -11
          ],
          "cubes": [
            {
              "origin": [
                -34.68,
                18.44,
                -14.84
              ],
              "size": [
                25.6,
                5.12,
                5.12
              ],
              "pivot": [
                -7.8,
                21.0,
                -11.0
              ],
              "rotation": [
                -5.43327,
                -47.2626,
                37.37872
              ],
              "uv": [
                110,
                186
              ],
              "inflate": 0
            }
          ],
          "parent": "body"
        },
        {
          "name": "right_leg12",
          "pivot": [
            -15,
            23.25,
            -27.25
          ],
          "cubes": [
            {
              "origin": [
                -29.83343,
                21.60417,
                -38.95557
              ],
              "size": [
                16.64,
                3.84,
                5.12
              ],
              "pivot": [
                -24.47365,
                25.24653,
                -39.58102
              ],
              "rotation": [
                128.76023,
                -62.72179,
                -36.50129
              ],
              "uv": [
                184,
                205
              ],
              "inflate": 0
            }
          ],
          "parent": "right_leg1",
          "rotation": [
            15,
            0,
            0
          ]
        },
        {
          "name": "right_leg13",
          "pivot": [
            -20,
            20.25,
            -39.25
          ],
          "cubes": [
            {
              "origin": [
                -35.75641,
                20.79112,
                -63.40044
              ],
              "size": [
                15.36,
                2.56,
                3.84
              ],
              "pivot": [
                -30.87365,
                21.40653,
                -54.94102
              ],
              "rotation": [
                164.73677,
                -31.72597,
                -89.73737
              ],
              "uv": [
                96,
                43
              ],
              "inflate": 0
            },
            {
              "origin": [
                -38.31641,
                21.43112,
                -63.40044
              ],
              "size": [
                3.84,
                1.28,
                2.56
              ],
              "pivot": [
                -30.87365,
                21.40653,
                -54.94102
              ],
              "rotation": [
                164.73677,
                -31.72597,
                -89.73737
              ],
              "uv": [
                96,
                90
              ],
              "inflate": 0
            }
          ],
          "parent": "right_leg12",
          "rotation": [
            15,
            0,
            0
          ]
        },
        {
          "name": "right_leg2",
          "pivot": [
            -5,
            15,
            -8
          ],
          "cubes": [
            {
              "origin": [
                -36.28508,
                16.49975,
                -10.66289
              ],
              "size": [
                25.6,
                5.12,
                5.12
              ],
              "pivot": [
                -5.0,
                15.0,
                -7.16
              ],
              "rotation": [
                -5.43327,
                -47.2626,
                37.37872
              ],
              "uv": [
                0,
                186
              ],
              "inflate": 0
            }
          ],
          "parent": "body",
          "rotation": [
            -25.02832,
            33.27083,
            4.13382
          ]
        },
        {
          "name": "right_leg22",
          "pivot": [
            -15,
            23.25,
            -24.25
          ],
          "cubes": [
            {
              "origin": [
                -28.13923,
                21.44638,
                -35.25741
              ],
              "size": [
                17.92,
                3.84,
                5.12
              ],
              "pivot": [
                -21.67365,
                25.24653,
                -35.74102
              ],
              "rotation": [
                128.76023,
                -62.72179,
                -36.50129
              ],
              "uv": [
                122,
                205
              ],
              "inflate": 0
            }
          ],
          "parent": "right_leg2",
          "rotation": [
            44.79769,
            1.82444,
            -2.0859
          ]
        },
        {
          "name": "right_leg4",
          "pivot": [
            -20,
            20.25,
            -36.25
          ],
          "cubes": [
            {
              "origin": [
                -40.6351,
                20.64525,
                -59.79298
              ],
              "size": [
                23.04,
                2.56,
                3.84
              ],
              "pivot": [
                -28.07365,
                21.40653,
                -51.10102
              ],
              "rotation": [
                164.73677,
                -31.72597,
                -89.73737
              ],
              "uv": [
                195,
                163
              ],
              "inflate": 0
            },
            {
              "origin": [
                -44.4751,
                21.28525,
                -59.79298
              ],
              "size": [
                5.12,
                1.28,
                2.56
              ],
              "pivot": [
                -28.07365,
                21.40653,
                -51.10102
              ],
              "rotation": [
                164.73677,
                -31.72597,
                -89.73737
              ],
              "uv": [
                28,
                94
              ],
              "inflate": 0
            }
          ],
          "parent": "right_leg22",
          "rotation": [
            15,
            0,
            0
          ]
        },
        {
          "name": "left_leg2",
          "pivot": [
            5,
            15,
            -8
          ],
          "cubes": [
            {
              "origin": [
                13.48508,
                16.49975,
                -10.66289
              ],
              "size": [
                25.6,
                5.12,
                5.12
              ],
              "pivot": [
                7.8,
                15.0,
                -7.16
              ],
              "rotation": [
                -5.43327,
                47.2626,
                -37.37872
              ],
              "uv": [
                55,
                181
              ],
              "inflate": 0
            },
            {
              "origin": [
                19.66548,
                28.82136,
                -30.384
              ],
              "size": [
                5.632,
                5.632,
                5.632
              ],
              "pivot": [
                21.45811,
                25.7349,
                -27.90511
              ],
              "rotation": [
                30.38564,
                38.44868,
                13.31914
              ],
              "uv": {
                "north": {
                  "uv": [
                    8,
                    54
                  ],
                  "uv_size": [
                    -4,
                    4
                  ]
                },
                "east": {
                  "uv": [
                    12,
                    54
                  ],
                  "uv_size": [
                    -4,
                    4
                  ]
                },
                "south": {
                  "uv": [
                    16,
                    54
                  ],
                  "uv_size": [
                    -4,
                    4
                  ]
                },
                "west": {
                  "uv": [
                    4,
                    54
                  ],
                  "uv_size": [
                    -4,
                    4
                  ]
                },
                "up": {
                  "uv": [
                    8,
                    50
                  ],
                  "uv_size": [
                    -4,
                    4
                  ]
                },
                "down": {
                  "uv": [
                    12,
                    54
                  ],
                  "uv_size": [
                    -4,
                    -4
                  ]
                }
              },
              "inflate": 0
            }
          ],
          "parent": "body",
          "rotation": [
            -25.02832,
            -33.27083,
            -4.13382
          ]
        },
        {
          "name": "left_leg22",
          "pivot": [
            15,
            23.25,
            -24.25
          ],
          "cubes": [
            {
              "origin": [
                13.01923,
                21.44638,
                -35.25741
              ],
              "size": [
                17.92,
                3.84,
                5.12
              ],
              "pivot": [
                24.47365,
                25.24653,
                -35.74102
              ],
              "rotation": [
                128.76023,
                62.72179,
                36.50129
              ],
              "uv": [
                205,
                103
              ],
              "inflate": 0
            }
          ],
          "parent": "left_leg2",
          "rotation": [
            44.79769,
            -1.82444,
            2.0859
          ]
        },
        {
          "name": "left_leg4",
          "pivot": [
            20,
            20.25,
            -36.25
          ],
          "cubes": [
            {
              "origin": [
                20.3951,
                20.64525,
                -59.79298
              ],
              "size": [
                23.04,
                2.56,
                3.84
              ],
              "pivot": [
                30.87365,
                21.40653,
                -51.10102
              ],
              "rotation": [
                164.73677,
                31.72597,
                89.73737
              ],
              "uv": [
                195,
                158
              ],
              "inflate": 0
            },
            {
              "origin": [
                42.1551,
                21.28525,
                -59.79298
              ],
              "size": [
                5.12,
                1.28,
                2.56
              ],
              "pivot": [
                30.87365,
                21.40653,
                -51.10102
              ],
              "rotation": [
                164.73677,
                31.72597,
                89.73737
              ],
              "uv": [
                14,
                94
              ],
              "inflate": 0
            }
          ],
          "parent": "left_leg22",
          "rotation": [
            15,
            0,
            0
          ]
        },
        {
          "name": "right_leg3",
          "pivot": [
            -5,
            15,
            -4
          ],
          "cubes": [
            {
              "origin": [
                -36.31458,
                16.3349,
                -4.80097
              ],
              "size": [
                25.6,
                5.12,
                5.12
              ],
              "pivot": [
                -5.0,
                15.0,
                -2.04
              ],
              "rotation": [
                -5.43327,
                -47.2626,
                37.37872
              ],
              "uv": [
                165,
                177
              ],
              "inflate": 0
            },
            {
              "origin": [
                -22.62123,
                28.70853,
                -24.52208
              ],
              "size": [
                5.632,
                5.632,
                5.632
              ],
              "pivot": [
                -18.65811,
                25.7349,
                -22.78511
              ],
              "rotation": [
                30.38564,
                -38.44868,
                -13.31914
              ],
              "uv": {
                "north": {
                  "uv": [
                    4,
                    54
                  ],
                  "uv_size": [
                    4,
                    4
                  ]
                },
                "east": {
                  "uv": [
                    0,
                    54
                  ],
                  "uv_size": [
                    4,
                    4
                  ]
                },
                "south": {
                  "uv": [
                    12,
                    54
                  ],
                  "uv_size": [
                    4,
                    4
                  ]
                },
                "west": {
                  "uv": [
                    8,
                    54
                  ],
                  "uv_size": [
                    4,
                    4
                  ]
                },
                "up": {
                  "uv": [
                    4,
                    50
                  ],
                  "uv_size": [
                    4,
                    4
                  ]
                },
                "down": {
                  "uv": [
                    8,
                    54
                  ],
                  "uv_size": [
                    4,
                    -4
                  ]
                }
              },
              "inflate": 0
            }
          ],
          "parent": "body",
          "rotation": [
            -11.94944,
            49.32402,
            13.93479
          ]
        },
        {
          "name": "right_leg32",
          "pivot": [
            -15,
            23.25,
            -20.25
          ],
          "cubes": [
            {
              "origin": [
                -28.01988,
                20.75999,
                -30.44254
              ],
              "size": [
                17.92,
                3.84,
                5.12
              ],
              "pivot": [
                -21.67365,
                25.24653,
                -30.62102
              ],
              "rotation": [
                128.76023,
                -62.72179,
                -36.50129
              ],
              "uv": [
                0,
                205
              ],
              "inflate": 0
            }
          ],
          "parent": "right_leg3",
          "rotation": [
            44.79769,
            1.82444,
            -2.0859
          ]
        },
        {
          "name": "right_leg33",
          "pivot": [
            -20,
            20.25,
            -32.25
          ],
          "cubes": [
            {
              "origin": [
                -40.65934,
                20.76524,
                -55.17573
              ],
              "size": [
                23.04,
                2.56,
                3.84
              ],
              "pivot": [
                -28.07365,
                21.40653,
                -45.98102
              ],
              "rotation": [
                164.73677,
                -31.72597,
                -89.73737
              ],
              "uv": [
                192,
                44
              ],
              "inflate": 0
            },
            {
              "origin": [
                -44.49934,
                21.40524,
                -55.17573
              ],
              "size": [
                5.12,
                1.28,
                2.56
              ],
              "pivot": [
                -28.07365,
                21.40653,
                -45.98102
              ],
              "rotation": [
                164.73677,
                -31.72597,
                -89.73737
              ],
              "uv": [
                0,
                94
              ],
              "inflate": 0
            }
          ],
          "parent": "right_leg32",
          "rotation": [
            14.78217,
            2.57594,
            -9.6658
          ]
        },
        {
          "name": "left_leg3",
          "pivot": [
            5,
            15,
            -4
          ],
          "cubes": [
            {
              "origin": [
                13.51458,
                16.3349,
                -4.80097
              ],
              "size": [
                25.6,
                5.12,
                5.12
              ],
              "pivot": [
                7.8,
                15.0,
                -2.04
              ],
              "rotation": [
                -5.43327,
                47.2626,
                -37.37872
              ],
              "uv": [
                0,
                176
              ],
              "inflate": 0
            }
          ],
          "parent": "body",
          "rotation": [
            -11.94944,
            -49.32402,
            -13.93479
          ]
        },
        {
          "name": "left_leg32",
          "pivot": [
            15,
            23.25,
            -20.25
          ],
          "cubes": [
            {
              "origin": [
                12.89988,
                20.75999,
                -30.44254
              ],
              "size": [
                17.92,
                3.84,
                5.12
              ],
              "pivot": [
                24.47365,
                25.24653,
                -30.62102
              ],
              "rotation": [
                128.76023,
                62.72179,
                36.50129
              ],
              "uv": [
                198,
                197
              ],
              "inflate": 0
            }
          ],
          "parent": "left_leg3",
          "rotation": [
            44.79769,
            -1.82444,
            2.0859
          ]
        },
        {
          "name": "left_leg33",
          "pivot": [
            20,
            20.25,
            -32.25
          ],
          "cubes": [
            {
              "origin": [
                20.41934,
                20.76524,
                -55.17573
              ],
              "size": [
                23.04,
                2.56,
                3.84
              ],
              "pivot": [
                30.87365,
                21.40653,
                -45.98102
              ],
              "rotation": [
                164.73677,
                31.72597,
                89.73737
              ],
              "uv": [
                190,
                92
              ],
              "inflate": 0
            },
            {
              "origin": [
                42.17934,
                21.40524,
                -55.17573
              ],
              "size": [
                5.12,
                1.28,
                2.56
              ],
              "pivot": [
                30.87365,
                21.40653,
                -45.98102
              ],
              "rotation": [
                164.73677,
                31.72597,
                89.73737
              ],
              "uv": [
                28,
                44
              ],
              "inflate": 0
            }
          ],
          "parent": "left_leg32",
          "rotation": [
            14.78217,
            -2.57594,
            9.6658
          ]
        },
        {
          "name": "right_leg5",
          "pivot": [
            -5,
            15,
            0
          ],
          "cubes": [
            {
              "origin": [
                -36.32966,
                16.28256,
                0.43801
              ],
              "size": [
                25.6,
                5.12,
                5.12
              ],
              "pivot": [
                -5.0,
                15.0,
                3.08
              ],
              "rotation": [
                -5.43327,
                -47.2626,
                37.37872
              ],
              "uv": [
                70,
                169
              ],
              "inflate": 0
            }
          ],
          "parent": "body",
          "rotation": [
            3.07064,
            67.14483,
            26.90684
          ]
        },
        {
          "name": "right_leg8",
          "pivot": [
            -15,
            23.25,
            -16.25
          ],
          "cubes": [
            {
              "origin": [
                -27.18967,
                20.29033,
                -26.29601
              ],
              "size": [
                17.92,
                3.84,
                5.12
              ],
              "pivot": [
                -21.67365,
                25.24653,
                -25.50102
              ],
              "rotation": [
                128.76023,
                -62.72179,
                -36.50129
              ],
              "uv": [
                154,
                197
              ],
              "inflate": 0
            }
          ],
          "parent": "right_leg5",
          "rotation": [
            57.29769,
            1.82444,
            -2.0859
          ]
        },
        {
          "name": "right_leg9",
          "pivot": [
            -20,
            20.25,
            -28.25
          ],
          "cubes": [
            {
              "origin": [
                -40.99463,
                19.49695,
                -51.11025
              ],
              "size": [
                23.04,
                2.56,
                3.84
              ],
              "pivot": [
                -28.07365,
                21.40653,
                -40.86102
              ],
              "rotation": [
                164.73677,
                -31.72597,
                -89.73737
              ],
              "uv": [
                190,
                87
              ],
              "inflate": 0
            },
            {
              "origin": [
                -44.83463,
                20.13695,
                -51.11025
              ],
              "size": [
                5.12,
                1.28,
                2.56
              ],
              "pivot": [
                -28.07365,
                21.40653,
                -40.86102
              ],
              "rotation": [
                164.73677,
                -31.72597,
                -89.73737
              ],
              "uv": [
                14,
                44
              ],
              "inflate": 0
            }
          ],
          "parent": "right_leg8",
          "rotation": [
            15,
            0,
            0
          ]
        },
        {
          "name": "left_leg5",
          "pivot": [
            5,
            15,
            0
          ],
          "cubes": [
            {
              "origin": [
                13.52966,
                16.28256,
                0.43801
              ],
              "size": [
                25.6,
                5.12,
                5.12
              ],
              "pivot": [
                7.8,
                15.0,
                3.08
              ],
              "rotation": [
                -5.43327,
                47.2626,
                -37.37872
              ],
              "uv": [
                70,
                159
              ],
              "inflate": 0
            }
          ],
          "parent": "body",
          "rotation": [
            3.07064,
            -67.14483,
            -26.90684
          ]
        },
        {
          "name": "left_leg8",
          "pivot": [
            15,
            23.25,
            -16.25
          ],
          "cubes": [
            {
              "origin": [
                9.26967,
                20.29033,
                -26.29601
              ],
              "size": [
                17.92,
                3.84,
                5.12
              ],
              "pivot": [
                21.67365,
                25.24653,
                -25.50102
              ],
              "rotation": [
                128.76023,
                62.72179,
                36.50129
              ],
              "uv": [
                110,
                196
              ],
              "inflate": 0
            },
            {
              "origin": [
                19.09852,
                16.81587,
                -35.46327
              ],
              "size": [
                5.3504,
                4.0704,
                5.4272
              ],
              "pivot": [
                26.61705,
                20.60727,
                -33.82702
              ],
              "rotation": [
                155.06567,
                32.03605,
                70.55508
              ],
              "uv": {
                "north": {
                  "uv": [
                    8,
                    62
                  ],
                  "uv_size": [
                    -4,
                    3
                  ]
                },
                "east": {
                  "uv": [
                    12,
                    62
                  ],
                  "uv_size": [
                    -4,
                    3
                  ]
                },
                "south": {
                  "uv": [
                    16,
                    62
                  ],
                  "uv_size": [
                    -4,
                    3
                  ]
                },
                "west": {
                  "uv": [
                    4,
                    62
                  ],
                  "uv_size": [
                    -4,
                    3
                  ]
                },
                "up": {
                  "uv": [
                    8,
                    58
                  ],
                  "uv_size": [
                    -4,
                    4
                  ]
                },
                "down": {
                  "uv": [
                    12,
                    62
                  ],
                  "uv_size": [
                    -4,
                    -4
                  ]
                }
              },
              "inflate": 0
            }
          ],
          "parent": "left_leg5",
          "rotation": [
            57.29769,
            -1.82444,
            2.0859
          ]
        },
        {
          "name": "left_leg9",
          "pivot": [
            20,
            20.25,
            -28.25
          ],
          "cubes": [
            {
              "origin": [
                17.95463,
                19.49695,
                -51.11025
              ],
              "size": [
                23.04,
                2.56,
                3.84
              ],
              "pivot": [
                28.07365,
                21.40653,
                -40.86102
              ],
              "rotation": [
                164.73677,
                31.72597,
                89.73737
              ],
              "uv": [
                190,
                82
              ],
              "inflate": 0
            },
            {
              "origin": [
                39.71463,
                20.13695,
                -51.11025
              ],
              "size": [
                5.12,
                1.28,
                2.56
              ],
              "pivot": [
                28.07365,
                21.40653,
                -40.86102
              ],
              "rotation": [
                164.73677,
                31.72597,
                89.73737
              ],
              "uv": [
                0,
                44
              ],
              "inflate": 0
            }
          ],
          "parent": "left_leg8",
          "rotation": [
            15,
            0,
            0
          ]
        },
        {
          "name": "bone",
          "pivot": [
            0,
            8,
            -29
          ]
        }
      ]
    }
  ]
}