{
  "format_version": "1.12.0",
  "minecraft:geometry": [
    {
      "description": {
        "identifier": "geometry.pa_esward_guys",
        "texture_width": 128,
        "texture_height": 128,
        "visible_bounds_width": 4,
        "visible_bounds_height": 5,
        "visible_bounds_offset": [
          0,
          1.5,
          0
        ]
      },
      "bones": [
        {
          "name": "Main_root",
          "pivot": [
            0,
            0,
            -11
          ]
        },
        {
          "name": "root",
          "parent": "Main_root"
        },
        {
          "name": "waist",
          "pivot": [
            0,
            12,
            0
          ],
          "parent": "root"
        },
        {
          "name": "body",
          "pivot": [
            0,
            24,
            0
          ],
          "cubes": [
            {
              "origin": [
                -4.0,
                12.0,
                -2.0
              ],
              "size": [
                8.0,
                12.0,
                4.0
              ],
              "uv": [
                16,
                16
              ],
              "inflate": 0
            },
            {
              "origin": [
                -4.5,
                7.47537,
                -2.43348
              ],
              "size": [
                4.0,
                6.0,
                0.0
              ],
              "pivot": [
                -2.0,
                10.47537,
                -2.43348
              ],
              "rotation": [
                -9.85108,
                1.72794,
                9.85108
              ],
              "uv": {
                "north": {
                  "uv": [
                    22,
                    23
                  ],
                  "uv_size": [
                    4,
                    6
                  ]
                },
                "east": {
                  "uv": [
                    20,
                    20
                  ],
                  "uv_size": [
                    0,
                    6
                  ]
                },
                "south": {
                  "uv": [
                    34,
                    23
                  ],
                  "uv_size": [
                    4,
                    6
                  ]
                },
                "west": {
                  "uv": [
                    24,
                    20
                  ],
                  "uv_size": [
                    0,
                    6
                  ]
                },
                "up": {
                  "uv": [
                    20,
                    20
                  ],
                  "uv_size": [
                    4,
                    0
                  ]
                },
                "down": {
                  "uv": [
                    24,
                    20
                  ],
                  "uv_size": [
                    4,
                    0
                  ]
                }
              },
              "inflate": 0
            },
            {
              "origin": [
                0.5,
                7.47537,
                -2.43348
              ],
              "size": [
                4.0,
                6.0,
                0.0
              ],
              "pivot": [
                2.0,
                10.47537,
                -2.43348
              ],
              "rotation": [
                -9.85108,
                -1.72794,
                -9.85108
              ],
              "uv": {
                "north": {
                  "uv": [
                    26,
                    23
                  ],
                  "uv_size": [
                    -4,
                    6
                  ]
                },
                "east": {
                  "uv": [
                    24,
                    20
                  ],
                  "uv_size": [
                    0,
                    6
                  ]
                },
                "south": {
                  "uv": [
                    38,
                    23
                  ],
                  "uv_size": [
                    -4,
                    6
                  ]
                },
                "west": {
                  "uv": [
                    20,
                    20
                  ],
                  "uv_size": [
                    0,
                    6
                  ]
                },
                "up": {
                  "uv": [
                    24,
                    20
                  ],
                  "uv_size": [
                    -4,
                    0
                  ]
                },
                "down": {
                  "uv": [
                    28,
                    20
                  ],
                  "uv_size": [
                    -4,
                    0
                  ]
                }
              },
              "inflate": 0
            },
            {
              "origin": [
                -0.5,
                6.47537,
                2.43348
              ],
              "size": [
                5.0,
                7.0,
                0.0
              ],
              "pivot": [
                2.0,
                10.47537,
                2.43348
              ],
              "rotation": [
                9.85108,
                1.72794,
                -9.85108
              ],
              "uv": {
                "north": {
                  "uv": [
                    34,
                    23
                  ],
                  "uv_size": [
                    4,
                    6
                  ]
                },
                "east": {
                  "uv": [
                    24,
                    20
                  ],
                  "uv_size": [
                    0,
                    6
                  ]
                },
                "south": {
                  "uv": [
                    22,
                    23
                  ],
                  "uv_size": [
                    4,
                    6
                  ]
                },
                "west": {
                  "uv": [
                    20,
                    20
                  ],
                  "uv_size": [
                    0,
                    6
                  ]
                },
                "up": {
                  "uv": [
                    24,
                    20
                  ],
                  "uv_size": [
                    -4,
                    0
                  ]
                },
                "down": {
                  "uv": [
                    28,
                    20
                  ],
                  "uv_size": [
                    -4,
                    0
                  ]
                }
              },
              "inflate": 0
            },
            {
              "origin": [
                -4.5,
                6.47537,
                2.43348
              ],
              "size": [
                5.0,
                7.0,
                0.0
              ],
              "pivot": [
                -2.0,
                10.47537,
                2.43348
              ],
              "rotation": [
                9.85108,
                -1.72794,
                9.85108
              ],
              "uv": {
                "north": {
                  "uv": [
                    38,
                    23
                  ],
                  "uv_size": [
                    -4,
                    6
                  ]
                },
                "east": {
                  "uv": [
                    20,
                    20
                  ],
                  "uv_size": [
                    0,
                    6
                  ]
                },
                "south": {
                  "uv": [
                    26,
                    23
                  ],
                  "uv_size": [
                    -4,
                    6
                  ]
                },
                "west": {
                  "uv": [
                    24,
                    20
                  ],
                  "uv_size": [
                    0,
                    6
                  ]
                },
                "up": {
                  "uv": [
                    20,
                    20
                  ],
                  "uv_size": [
                    4,
                    0
                  ]
                },
                "down": {
                  "uv": [
                    24,
                    20
                  ],
                  "uv_size": [
                    4,
                    0
                  ]
                }
              },
              "inflate": 0
            },
            {
              "origin": [
                2.9,
                5.97537,
                -4.43348
              ],
              "size": [
                4.0,
                7.0,
                0.0
              ],
              "pivot": [
                2.5,
                10.47537,
                -2.43348
              ],
              "rotation": [
                0.0,
                -90.0,
                -10.0
              ],
              "uv": {
                "north": {
                  "uv": [
                    26,
                    22
                  ],
                  "uv_size": [
                    -4,
                    7
                  ]
                },
                "east": {
                  "uv": [
                    24,
                    20
                  ],
                  "uv_size": [
                    0,
                    7
                  ]
                },
                "south": {
                  "uv": [
                    38,
                    22
                  ],
                  "uv_size": [
                    -4,
                    7
                  ]
                },
                "west": {
                  "uv": [
                    20,
                    20
                  ],
                  "uv_size": [
                    0,
                    7
                  ]
                },
                "up": {
                  "uv": [
                    24,
                    20
                  ],
                  "uv_size": [
                    -4,
                    0
                  ]
                },
                "down": {
                  "uv": [
                    28,
                    20
                  ],
                  "uv_size": [
                    -4,
                    0
                  ]
                }
              },
              "inflate": 0
            },
            {
              "origin": [
                -6.9,
                5.97537,
                -4.43348
              ],
              "size": [
                4.0,
                7.0,
                0.0
              ],
              "pivot": [
                -2.5,
                10.47537,
                -2.43348
              ],
              "rotation": [
                0.0,
                90.0,
                10.0
              ],
              "uv": {
                "north": {
                  "uv": [
                    22,
                    22
                  ],
                  "uv_size": [
                    4,
                    7
                  ]
                },
                "east": {
                  "uv": [
                    20,
                    20
                  ],
                  "uv_size": [
                    0,
                    7
                  ]
                },
                "south": {
                  "uv": [
                    34,
                    22
                  ],
                  "uv_size": [
                    4,
                    7
                  ]
                },
                "west": {
                  "uv": [
                    24,
                    20
                  ],
                  "uv_size": [
                    0,
                    7
                  ]
                },
                "up": {
                  "uv": [
                    20,
                    20
                  ],
                  "uv_size": [
                    4,
                    0
                  ]
                },
                "down": {
                  "uv": [
                    24,
                    20
                  ],
                  "uv_size": [
                    4,
                    0
                  ]
                }
              },
              "inflate": 0
            }
          ],
          "parent": "waist"
        },
        {
          "name": "head",
          "pivot": [
            0,
            24,
            0
          ],
          "cubes": [
            {
              "origin": [
                -4.0,
                24.0,
                -4.0
              ],
              "size": [
                8.0,
                8.0,
                8.0
              ],
              "uv": [
                0,
                0
              ],
              "inflate": 0
            }
          ],
          "parent": "body"
        },
        {
          "name": "hat",
          "pivot": [
            0,
            24,
            0
          ],
          "cubes": [
            {
              "origin": [
                -4.0,
                24.0,
                -4.0
              ],
              "size": [
                8.0,
                8.0,
                8.0
              ],
              "uv": [
                32,
                0
              ],
              "inflate": 0.5
            },
            {
              "origin": [
                -4.5,
                23.5,
                -4.75
              ],
              "size": [
                9.0,
                9.0,
                0.0
              ],
              "uv": {
                "north": {
                  "uv": [
                    55,
                    19
                  ],
                  "uv_size": [
                    9,
                    9
                  ]
                },
                "east": {
                  "uv": [
                    46,
                    19
                  ],
                  "uv_size": [
                    0,
                    9
                  ]
                },
                "south": {
                  "uv": [
                    55,
                    19
                  ],
                  "uv_size": [
                    9,
                    9
                  ]
                },
                "west": {
                  "uv": [
                    55,
                    19
                  ],
                  "uv_size": [
                    0,
                    9
                  ]
                },
                "up": {
                  "uv": [
                    46,
                    19
                  ],
                  "uv_size": [
                    9,
                    0
                  ]
                },
                "down": {
                  "uv": [
                    55,
                    19
                  ],
                  "uv_size": [
                    9,
                    0
                  ]
                }
              },
              "inflate": 0
            }
          ],
          "parent": "head"
        },
        {
          "name": "Eyelashes",
          "pivot": [
            0,
            28,
            -4
          ],
          "parent": "head"
        },
        {
          "name": "eyelash1",
          "pivot": [
            -2.5,
            28.5,
            -4.55
          ],
          "cubes": [
            {
              "origin": [
                -3.5,
                28.25,
                -4.55
              ],
              "size": [
                2.0,
                0.5,
                0.0
              ],
              "uv": [
                0,
                0
              ],
              "inflate": 0
            }
          ],
          "parent": "Eyelashes"
        },
        {
          "name": "eyelash2",
          "pivot": [
            2.5,
            28.5,
            -4.55
          ],
          "cubes": [
            {
              "origin": [
                1.5,
                28.25,
                -4.55
              ],
              "size": [
                2.0,
                0.5,
                0.0
              ],
              "uv": [
                0,
                0
              ],
              "inflate": 0
            }
          ],
          "parent": "Eyelashes"
        },
        {
          "name": "Eye",
          "pivot": [
            0,
            27,
            -4
          ],
          "parent": "head"
        },
        {
          "name": "eye1",
          "pivot": [
            -2.5,
            27.5,
            -4.01
          ],
          "cubes": [
            {
              "origin": [
                -3.0,
                27.0,
                -4.01
              ],
              "size": [
                1.0,
                1.0,
                0.0
              ],
              "uv": [
                24,
                1.5
              ],
              "inflate": 0
            }
          ],
          "parent": "Eye"
        },
        {
          "name": "eye2",
          "pivot": [
            2.5,
            27.5,
            -4.01
          ],
          "cubes": [
            {
              "origin": [
                2.0,
                27.0,
                -4.01
              ],
              "size": [
                1.0,
                1.0,
                0.0
              ],
              "uv": [
                24,
                1.5
              ],
              "inflate": 0
            }
          ],
          "parent": "Eye"
        },
        {
          "name": "mouth",
          "pivot": [
            0,
            24,
            0
          ],
          "cubes": [
            {
              "origin": [
                -1.0,
                25.0,
                -4.01
              ],
              "size": [
                3.0,
                2.0,
                0.0
              ],
              "uv": [
                24,
                4
              ],
              "inflate": 0
            }
          ],
          "parent": "head"
        },
        {
          "name": "mouth_sad",
          "pivot": [
            0,
            24,
            0
          ],
          "cubes": [
            {
              "origin": [
                -1.0,
                25.0,
                -3.01
              ],
              "size": [
                3.0,
                2.0,
                0.0
              ],
              "pivot": [
                0.5,
                26.0,
                -4.01
              ],
              "rotation": [
                0.0,
                0.0,
                -180.0
              ],
              "uv": [
                24,
                4
              ],
              "inflate": 0
            }
          ],
          "parent": "head"
        },
        {
          "name": "mouth_meh",
          "pivot": [
            0,
            24,
            0
          ],
          "cubes": [
            {
              "origin": [
                -1.0,
                25.0,
                -3.01
              ],
              "size": [
                3.0,
                2.0,
                0.0
              ],
              "uv": [
                24,
                4
              ],
              "inflate": 0
            }
          ],
          "parent": "head"
        },
        {
          "name": "leftArm",
          "pivot": [
            5,
            21.5,
            0
          ],
          "cubes": [
            {
              "origin": [
                4.0,
                11.5,
                -2.0
              ],
              "size": [
                3.0,
                12.0,
                4.0
              ],
              "uv": [
                32,
                48
              ],
              "inflate": 0
            }
          ],
          "parent": "body"
        },
        {
          "name": "leftSleeve",
          "pivot": [
            5,
            21.5,
            0
          ],
          "cubes": [
            {
              "origin": [
                4.0,
                11.5,
                -2.0
              ],
              "size": [
                3.0,
                12.0,
                4.0
              ],
              "uv": [
                48,
                48
              ],
              "inflate": 0.25
            }
          ],
          "parent": "leftArm"
        },
        {
          "name": "leftItem",
          "pivot": [
            6,
            14.5,
            1
          ],
          "parent": "leftArm",
          "locators": {
            "lead_hold": [
              5,
              12,
              -1
            ]
          }
        },
        {
          "name": "rightArm",
          "pivot": [
            -5,
            21.5,
            0
          ],
          "cubes": [
            {
              "origin": [
                -7.0,
                11.5,
                -2.0
              ],
              "size": [
                3.0,
                12.0,
                4.0
              ],
              "uv": [
                40,
                16
              ],
              "inflate": 0
            }
          ],
          "parent": "body"
        },
        {
          "name": "rightSleeve",
          "pivot": [
            -5,
            21.5,
            0
          ],
          "cubes": [
            {
              "origin": [
                -7.0,
                11.5,
                -2.0
              ],
              "size": [
                3.0,
                12.0,
                4.0
              ],
              "uv": [
                40,
                32
              ],
              "inflate": 0.25
            }
          ],
          "parent": "rightArm"
        },
        {
          "name": "rightItem",
          "pivot": [
            -6,
            14.5,
            0
          ],
          "parent": "rightArm"
        },
        {
          "name": "gun",
          "pivot": [
            -5,
            13.5,
            -1
          ],
          "cubes": [
            {
              "origin": [
                -6.0,
                17.5,
                -3.0
              ],
              "size": [
                2.0,
                3.0,
                2.0
              ],
              "uv": [
                0,
                0
              ],
              "inflate": 0
            },
            {
              "origin": [
                -6.5,
                6.5,
                -5.0
              ],
              "size": [
                3.0,
                12.0,
                2.0
              ],
              "uv": {
                "north": {
                  "uv": [
                    121,
                    1
                  ],
                  "uv_size": [
                    3,
                    9
                  ]
                },
                "east": {
                  "uv": [
                    120,
                    1
                  ],
                  "uv_size": [
                    1,
                    9
                  ]
                },
                "south": {
                  "uv": [
                    125,
                    1
                  ],
                  "uv_size": [
                    3,
                    9
                  ]
                },
                "west": {
                  "uv": [
                    124,
                    1
                  ],
                  "uv_size": [
                    1,
                    9
                  ]
                },
                "up": {
                  "uv": [
                    121,
                    0
                  ],
                  "uv_size": [
                    3,
                    1
                  ]
                },
                "down": {
                  "uv": [
                    124,
                    1
                  ],
                  "uv_size": [
                    3,
                    -1
                  ]
                }
              },
              "inflate": 0
            },
            {
              "origin": [
                -5.0,
                12.5,
                -5.0
              ],
              "size": [
                0.0,
                8.0,
                3.0
              ],
              "uv": [
                118,
                24
              ],
              "inflate": 0
            }
          ],
          "parent": "rightArm"
        },
        {
          "name": "gunfire",
          "pivot": [
            -5,
            4.5,
            -3.5
          ],
          "cubes": [
            {
              "origin": [
                -5.4004,
                10.02,
                -3.9004
              ],
              "size": [
                0.8008,
                0.0,
                0.8008
              ],
              "uv": {
                "north": {
                  "uv": [
                    86,
                    73
                  ],
                  "uv_size": [
                    7,
                    0
                  ]
                },
                "east": {
                  "uv": [
                    79,
                    73
                  ],
                  "uv_size": [
                    7,
                    0
                  ]
                },
                "south": {
                  "uv": [
                    100,
                    73
                  ],
                  "uv_size": [
                    7,
                    0
                  ]
                },
                "west": {
                  "uv": [
                    93,
                    73
                  ],
                  "uv_size": [
                    7,
                    0
                  ]
                },
                "up": {
                  "uv": [
                    86,
                    66
                  ],
                  "uv_size": [
                    7,
                    7
                  ]
                },
                "down": {
                  "uv": [
                    93,
                    73
                  ],
                  "uv_size": [
                    7,
                    -7
                  ]
                }
              },
              "inflate": 0
            }
          ],
          "parent": "gun"
        },
        {
          "name": "jacket",
          "pivot": [
            0,
            24,
            0
          ],
          "cubes": [
            {
              "origin": [
                -4.0,
                12.0,
                -2.0
              ],
              "size": [
                8.0,
                12.0,
                4.0
              ],
              "uv": [
                16,
                32
              ],
              "inflate": 0.25
            }
          ],
          "parent": "body"
        },
        {
          "name": "cape",
          "pivot": [
            0,
            24,
            -3
          ],
          "parent": "body"
        },
        {
          "name": "rightleg",
          "pivot": [
            -1.9,
            12,
            0
          ],
          "cubes": [
            {
              "origin": [
                -3.9,
                0.0,
                -2.0
              ],
              "size": [
                4.0,
                12.0,
                4.0
              ],
              "uv": [
                0,
                16
              ],
              "inflate": 0
            }
          ],
          "parent": "root"
        },
        {
          "name": "rightPants",
          "pivot": [
            -1.9,
            12,
            0
          ],
          "cubes": [
            {
              "origin": [
                -3.9,
                0.0,
                -2.0
              ],
              "size": [
                4.0,
                12.0,
                4.0
              ],
              "uv": [
                0,
                32
              ],
              "inflate": 0.25
            }
          ],
          "parent": "rightleg"
        },
        {
          "name": "leftleg",
          "pivot": [
            1.9,
            12,
            0
          ],
          "cubes": [
            {
              "origin": [
                -0.1,
                0.0,
                -2.0
              ],
              "size": [
                4.0,
                12.0,
                4.0
              ],
              "uv": [
                16,
                48
              ],
              "inflate": 0,
              "mirror": true
            }
          ],
          "parent": "root"
        },
        {
          "name": "leftPants",
          "pivot": [
            1.9,
            12,
            0
          ],
          "cubes": [
            {
              "origin": [
                -0.1,
                0.0,
                -2.0
              ],
              "size": [
                4.0,
                12.0,
                4.0
              ],
              "uv": [
                0,
                48
              ],
              "inflate": 0.25
            }
          ],
          "parent": "leftleg"
        }
      ]
    }
  ]
}