{
  "format_version": "1.10.0",
  "animation_controllers": {
    "controller.animation.cmd": {
      "initial_state": "default",
      "states": {
        "default": {
          "transitions": [
            {
              "on": "query.can_power_jump && query.is_ignited && query.is_sheared"
            }
          ],
          "animations": [
            {
              "key1": "query.can_power_jump"
            },
            {
              "key2": "query.is_ignited"
            },
            {
              "key3": "query.is_sheared"
            }
          ]
        },
        "on": {
          "animations": [
            "kill"
          ],
          "transitions": [
            {
              "default": "!query.can_power_jump"
            }
          ]
        }
      }
    }
  }
}
