{
  "format_version": "1.10.0",
  "animation_controllers": {
    "controller.animation.create": {
      "initial_state": "default",
      "states": {
        "default": {
          "transitions": [
            {
              "on": "query.can_power_jump"
            }
          ]
        },
        "on": {
          "animations": [
            "npc"
          ],
          "transitions": [
            {
              "default": "!query.can_power_jump"
            }
          ]
        }
      }
    }
  }
}
