{
  "format_version": "1.10.0",
  "animation_controllers": {
    "controller.animation.stylex": {
      "initial_state": "default",
      "states": {
        "default": {
          "transitions": [
            {
              "on": "variable.attack_time >= 0.001"
            }
          ]
        },
        "on": {
          "animations": [
            "fighting"
          ],
          "transitions": [
            {
              "default": "variable.attack_time < 0.001"
            }
          ]
        }
      }
    }
  }
}
