{
  "format_version": "1.10.0",
  "animation_controllers": {
    "controller.animation.tactilesys": {
      "initial_state": "default",
      "states": {
        "default": {
          "transitions": [
            {
              "on": "query.is_stunned"
            }
          ]
        },
        "on": {
          "animations": [
            "tactile"
          ],
          "transitions": [
            {
              "default": "!query.is_stunned"
            }
          ]
        }
      }
    }
  }
}
