{
  "format_version": "1.10.0",
  "animation_controllers": {
    "controller.animation.trigger": {
      "initial_state": "default",
      "states": {
        "default": {
          "transitions": [
            {
              "on": "query.get_equipped_item_name == 'emerald' && query.is_sneaking"
            }
          ]
        },
        "on": {
          "animations": [
            "trades"
          ],
          "transitions": [
            {
              "default": "query.get_equipped_item_name == 'emerald' && !query.is_sneaking"
            }
          ]
        }
      }
    }
  }
}
