{
	"format_version": "1.8.0",
	"animations": {
		"animation.greed.idle": {
			"loop": true,
			"animation_length": 0.33333,
			"override_previous_animation": true,
			"bones": {
				"Greed": {
					"rotation": {
						"0.0": [0, 0, 0],
						"0.0833": [0, -2.5, 0],
						"0.1667": [0, 0, 0],
						"0.25": [0, 2.5, 0],
						"0.3333": [0, 0, 0]
					}
				},
				"Greedinvisible": {
					"rotation": {
						"0.0": [0, 0, 0],
						"0.0833": [0, 2.5, 0],
						"0.1667": [0, 0, 0],
						"0.25": [0, -2.5, 0],
						"0.3333": [0, 0, 0]
					}
				}
			}
		}
	}
}