{
	"format_version": "1.8.0",
	"animations": {
		"animation.silence.idle": {
			"loop": true,
			"animation_length": 0.33333,
			"bones": {
				"silence": {
					"rotation": {
						"0.0": [0, 0, 0],
						"0.0833": [2.5, 0, 0],
						"0.1667": [0, 0, 0],
						"0.25": [2.5, 0, 0],
						"0.3333": [0, 0, 0]
					}
				},
				"silenceinvisible": {
					"rotation": {
						"0.0": [0, 0, 0],
						"0.0833": [-2.5, 0, 0],
						"0.1667": [0, 0, 0],
						"0.25": [-2.5, 0, 0],
						"0.3333": [0, 0, 0]
					}
				}
			}
		}
	}
}