{
  "format_version": "1.16.0",
  "minecraft:entity": {
    "description": {
      "identifier": "op_asa:akainu",
      "is_spawnable": true,
      "is_summonable": true,
      "is_experimental": false,
      "scripts":{
        "animate":["mess","water"]
      },
      "animations":{
        "mess":"controller.animation.mess",
        "water":"controller.animation.water"
      }
    },

    "component_groups":{
      "op_asa:float":{
        "minecraft:behavior.float": {
          "priority": 0
        }
      },
      "op_asa:wild_ability":{
        "minecraft:damage_sensor": {
          "triggers":[
            {
              "cause":"starve",
              "deals_damage":true
            },
            {
              "cause":"wither",
              "deals_damage":true
            },
            {
              "cause": "fall",
              "deals_damage": false
            },
            {
              "cause":"lightning",
              "deals_damage":true
            },
            {
              "cause":"entity_explosion",
              "deals_damage":true
            },
            {
              "cause": "fire",
              "deals_damage": false
            },
            {
              "cause": "magma",
              "deals_damage": false
            },
            {
              "cause": "lava",
              "deals_damage": false
            },
            {
              "cause":"temperature",
              "deals_damage":true
            },
            {
              "on_damage": {
                "filters": {
                  "test":"is_family","subject":"other","operator":"==","value":"b_haki"
                },
                "event":"op_asa:logia_refrection"
              },
              "deals_damage":true
            },
            {
              "on_damage": {
                "filters": {
                  "test":"is_family","subject":"other","operator":"==","value":"ryuo"
                },
                "event":"op_asa:logia_refrection"
              },
              "deals_damage":true
            },
            {
              "on_damage": {
                "filters": {
                  "test":"has_equipment","subject":"other","operator":"==","domain":"hand","value":"op_asa:gamma_knife"
                },
                "event":"op_asa:logia_refrection"
              },
              "deals_damage":true
            },
            {
              "on_damage": {
                "filters": {
                  "test":"in_water","subject":"self","operator":"==","value":true
                }
              },
              "deals_damage":true
            },
            {
              "on_damage": {
                "filters": {
                  "test":"is_family","subject":"other","operator":"==","value":"player"
                },
                "event":"op_asa:logia_particle"
              },
              "deals_damage":false
            },
            {
              "on_damage": {
                "filters": {
                  "test":"is_family","subject":"other","operator":"==","value":"mob"
                },
                "event":"op_asa:logia_particle"
              },
              "deals_damage":false
            },
            {
              "on_damage": {
                "filters": {
                  "test":"is_family","subject":"other","operator":"==","value":"sorusoru1"
                },
                "event":"op_asa:logia_particle"
              },
              "deals_damage":false
            }
          ]
        }
      },
      "op_asa:lost_ability":{
        "minecraft:damage_sensor": {
          "triggers":[
            {
              "cause":"starve",
              "deals_damage":true
            },
            {
              "cause":"wither",
              "deals_damage":true
            },
            {
              "cause": "fall",
              "deals_damage": true
            },
            {
              "cause":"lightning",
              "deals_damage":true
            },
            {
              "cause":"entity_explosion",
              "deals_damage":true
            },
            {
              "cause": "fire",
              "deals_damage": true
            },
            {
              "cause": "magma",
              "deals_damage": true
            },
            {
              "cause": "lava",
              "deals_damage": true
            },
            {
              "cause":"temperature",
              "deals_damage":true
            }
          ]
        }
      },
      "op_asa:wild":{
        "minecraft:variant":{
          "value":0
        },
        "minecraft:target_nearby_sensor": {
          "inside_range": 10.0,
          "outside_range": 11.0,
          "must_see":  true,
          "on_inside_range": {
            "event": "op_asa:switch_to_melee",
            "target": "self"
          },
          "on_outside_range": {
            "event": "op_asa:switch_to_ranged",
            "target": "self"
          }
        }
      },
      "op_asa:ranged_mode": {
        "minecraft:shooter": {
          "def": "op_asa:akainu_p"
        },
        "minecraft:behavior.ranged_attack": {
          "priority": 3,
          "burst_shots": 1,
          "burst_interval": 0,
          "charge_charged_trigger": 3,
          "charge_shoot_trigger": 1,
          "attack_interval_min": 5,
          "attack_interval_max": 5,
          "attack_radius": 16.0
        }
      },
      "op_asa:melee_mode": {
        "minecraft:attack": {
          "damage": 8
        },
        "minecraft:behavior.melee_attack": {
          "priority": 3
        }
      },
      "op_asa:kairouseki":{
        "minecraft:variant":{
          "value":27000
        },
        "minecraft:attack": {
          "damage": 8
        },
        "minecraft:behavior.melee_attack": {
          "priority": 3
        }
      },
      "op_asa:kurouzu":{
        "minecraft:variant":{
          "value":270
        },
        "minecraft:attack": {
          "damage": 8
        },
        "minecraft:behavior.melee_attack": {
          "priority": 3
        }
      },
      "op_asa:toy":{
        "minecraft:instant_despawn":{}
      },
      "op_asa:mess":{
        "minecraft:type_family": {
          "family": ["mob","taisyo","magmag","devil","character","in_mess","b_haki","logia"]
        },
        "minecraft:spawn_entity": {
          "entities": {
            "min_wait_time": 0,
            "max_wait_time": 0,
            "single_use":true,
            "spawn_entity":"op_asa:heart",
            "num_to_spawn":1
          }
        }
      }
    },
    
    "components": {
      "minecraft:type_family": {
        "family": ["mob","taisyo","magmag","devil","character","b_haki","logia"]
      },
      "minecraft:timer": {
        "looping": false,
        "randomInterval": false,
        "time": 0.1,
        "time_down_event": {
         "event": "op_asa:be_wild",
         "target": "self"
        }
      },
      "minecraft:knockback_resistance": {
        "value": 0.4
      },
      "minecraft:behavior.hurt_by_target": {
        "entity_types": {
          "filters": {
              "test": "is_family",
              "subject": "other",
              "operator": "!=",
              "value": "waza"
          }
        },
        "priority": 1
      },
      "minecraft:shareables": {
        "items": [
          {
            "item": "op_asa:kairouseki",
            "want_amount": 1,
            "surplus_amount": 1,
            "priority": 0
          }
        ]
      },
      "minecraft:behavior.nearest_attackable_target": {
        "priority": 2,
        "must_see": true,
        "reselect_targets": true,
        "entity_types": [
          {
            "filters":{
              "all_of": [
                { "test": "is_family", "subject": "other", "value": "kaizoku" }
              ]
            },
            "max_dist": 16
          },
          {
            "filters":{
              "all_of": [
                { "test": "is_family", "subject": "other", "value": "ace" }
              ]
            },
            "max_dist": 16
          },
          {
            "filters":{
              "all_of": [
                {"test":"has_tag", "subject":"other", "value":"kaizoku"},
                {"test":"is_family","subject":"other","value":"player"}
              ]
            },
            "max_dist": 32
          }
        ]
      },
      "minecraft:environment_sensor": {
        "triggers": [
          {
            "filters": { "test":"is_riding","value":true },
            "event": "op_asa:get_off"
          },
          {
            "filters":{
              "all_of": [
                { "test":"in_water","value":true },
                { "test":"has_component","value":"minecraft:behavior.float" }
              ]
            },
            "event": "op_asa:not_float"
          },
          {
            "filters":{
              "all_of": [
                { "test":"in_water","value":false },
                { "test":"has_component","operator":"!=","value":"minecraft:behavior.float" }
              ]
            },
            "event": "op_asa:float"
          },
          {
            "filters": {
              "all_of": [
                {
                  "test": "has_equipment",
                  "subject": "self",
                  "domain": "hand",
                  "value": "op_asa:kairouseki"
                },
                {
                  "test":"is_variant",
                  "operator":"!=",
                  "subject":"self",
                  "value":27000
                }
              ]
            },
            "event": "op_asa:be_kairouseki"
          },
          {
            "filters": {
              "all_of": [
                {
                  "test": "has_tag",
                  "value": "kurouzu"
                },
                {
                  "test":"is_variant",
                  "operator":"!=",
                  "subject":"self",
                  "value":270
                }
              ]
            },
            "event": "op_asa:be_kurouzu"
          },
          {
            "filters": {
              "all_of": [
                {
                  "test": "has_tag",
                  "operator":"!=",
                  "value": "kurouzu"
                },
                {
                  "test":"is_variant",
                  "operator":"==",
                  "subject":"self",
                  "value":270
                }
              ]
            },
            "event": "op_asa:kurouzu_end"
          }
        ]
      },
      "minecraft:follow_range": {
        "value": 32,
        "max": 32
      },
      "minecraft:scale":{
        "value":1.7
      },
      "minecraft:lava_movement": {
        "value": 0.4
      },
      "minecraft:movement": {
        "value": 0.20
      },
      "minecraft:health": {
        "value": 500,
        "max": 500
      },
      "minecraft:loot": {
        "table": "loot_tables/entities/akainu.json"
      },
      "minecraft:nameable": {
      },
      "minecraft:equip_item": {
      },
      "minecraft:collision_box": {
        "width": 0.6,
        "height": 1.8
      },
      "minecraft:movement.basic": {
      },
      "minecraft:navigation.walk": {
        "can_path_over_lava": true,
        "is_amphibious": true,
        "can_pass_doors":true,
        "can_break_doors":false,
        "can_walk":true,
        "can_open_doors": true,
        "can_path_over_water": true,
        "can_walk_in_lava": false,
        "avoid_water": true
      },
      "minecraft:jump.static": {},
      "minecraft:can_climb": {
      },
      "minecraft:breathable": {
        "breathes_solids":true,
        "total_supply": 15,
        "suffocate_time": -1,
        "inhale_time": 3.75,
        "generates_bubbles": false
      },
      "minecraft:despawn": {
        "despawn_from_distance": {
          "min_distance":64
        }
      },
      "minecraft:behavior.equip_item": {
        "priority": 3
      },
      "minecraft:behavior.pickup_items": {
        "priority": 7,
        "max_dist": 3,
        "goal_radius": 2,
        "speed_multiplier": 1.0
      },
      "minecraft:behavior.random_stroll": {
        "priority": 6,
        "speed_multiplier": 1
      },
      "minecraft:behavior.look_at_player": {
        "priority": 9,
        "look_distance": 10,
        "probability": 0.02
      },
      "minecraft:behavior.random_look_around":{
        "priority":7,
        "speed_multiplier":1
      },
      "minecraft:physics": {
      },
      "minecraft:pushable": {
        "is_pushable": true,
        "is_pushable_by_piston": true
      },
      "minecraft:conditional_bandwidth_optimization": {
      },
      "minecraft:experience_reward": {
        "on_death": "query.last_hit_by_player ? 80 + (query.equipment_count * Math.Random(1,3)) : 0"
      },
      "minecraft:fire_immune": {
      }
    },
    "events":{
      "minecraft:entity_spawned":{
        "add": {
          "component_groups": [
            "op_asa:wild","op_asa:wild_ability"
          ]
        }
      },
      "op_asa:be_wild":{
        "add":{
          "component_groups":[
            "op_asa:wild","op_asa:wild_ability"
          ]
        }
      },
      "op_asa:switch_to_melee": {
        "remove": {
          "component_groups": [
            "op_asa:ranged_mode"
          ]
        },
        "add": {
          "component_groups": [
            "op_asa:melee_mode"
          ]
        }
      },
      "op_asa:switch_to_ranged": {
        "remove": {
          "component_groups": [
            "op_asa:melee_mode"
          ]
        },
        "add": {
          "component_groups": [
            "op_asa:ranged_mode"
          ]
        }
      },
      "op_asa:be_kurouzu":{
        "remove":{
          "component_groups":[
            "op_asa:wild","op_asa:ranged_mode","op_asa:melee_mode","op_asa:wild_ability"
          ]
        },
        "add":{
          "component_groups":[
            "op_asa:kurouzu","op_asa:lost_ability"
          ]
        }
      },
      "op_asa:kurouzu_end":{
        "remove":{
          "component_groups":[
            "op_asa:kurouzu","op_asa:lost_ability"
          ]
        },
        "add":{
          "component_groups":[
            "op_asa:wild","op_asa:wild_ability"
          ]
        }
      },
      "op_asa:be_kairouseki":{
        "remove":{
          "component_groups":[
            "op_asa:wild","op_asa:ranged_mode","op_asa:melee_mode","op_asa:wild_ability"
          ]
        },
        "add":{
          "component_groups":[
            "op_asa:kairouseki","op_asa:lost_ability"
          ]
        }
      },
      "op_asa:be_toy":{
        "add":{
          "component_groups":[
            "op_asa:toy"
          ]
        },
        "run_command":{
          "command":"summon op_asa:hobby ~~~ op_asa:toy_akainu"
        }
      },
      "op_asa:be_mess":{
        "add":{
          "component_groups":[
            "op_asa:mess"
          ]
        }
      },
      "op_asa:logia_particle":{
        "run_command":{
          "command":"function akumanomi/logia_particle"
        }
      },
      "op_asa:logia_refrection":{
        "run_command":{
          "command":"function mob/logia_refrection"
        }
      },
      "op_asa:get_off":{
        "run_command":{
          "command":["kill @e[r=1,type=minecraft:boat]","kill @e[r=1,type=minecraft:chest_boat]","kill @e[r=1,type=minecraft:minecart]"]
        }
      },
      "op_asa:float":{
        "add":{
          "component_groups":["op_asa:float"]
        }
      },
      "op_asa:not_float":{
        "remove":{
          "component_groups":["op_asa:float"]
        }
      }
    }
  }
}
