{
  "format_version": "1.16.0",
  "minecraft:entity": {
    "description": {
      "identifier": "op_asa:kaigun",
      "is_spawnable": true,
      "is_summonable": true,
      "is_experimental": false,
      "scripts":{
        "animate":["crisis","mess"]
      },
      "animations":{
        "crisis":"controller.animation.kaigun_crisis",
        "mess":"controller.animation.mess"
      }
    },
    "component_groups":{
      "op_asa:wild":{
        "minecraft:variant": {
          "value": 0
        }
      },
      "op_asa:mode_switcher":{
        "minecraft:environment_sensor":{
          "triggers":[
            {
              "filters": {
                "any_of":[
                  {
                    "all_of": [
                      {
                        "test": "has_equipment",
                        "domain":"hand",
                        "value": "op_asa:katana"
                      },
                      {
                        "test": "is_variant",
                        "operator":"!=",
                        "value": 1
                      }
                    ]
                  },
                  {
                    "all_of": [
                      {
                        "test": "has_equipment",
                        "domain":"hand",
                        "operator":"!=",
                        "value": "op_asa:ju"
                      },
                      {
                        "test": "is_variant",
                        "operator":"==",
                        "value": 2
                      }
                    ]
                  }
                ]
              },
              "event": "op_asa:katana_mode"
            },
            {
              "filters": {
                "all_of": [
                  {
                    "test": "has_equipment",
                    "domain":"hand",
                    "value": "op_asa:ju"
                  },
                  {
                    "test": "is_variant",
                    "operator":"!=",
                    "value": 2
                  }
                ]
              },
              "event": "op_asa:ju_mode"
            }
          ]   
        }
      },
      "op_asa:toy":{
        "minecraft:instant_despawn":{}
      },
      "op_asa:tame":{
        "minecraft:variant":{
          "value":10000
        },
        "minecraft:transformation":{
          "into": "op_asa:kaigun_neo",
          "keep_owner":true
        }
      },
      "op_asa:crisis":{
        "minecraft:mark_variant":{
          "value":20
        }
      },
      "op_asa:mess":{
        "minecraft:type_family": {
          "family": ["mob", "kaigun","mob0","in_mess","h0"]
        },
        "minecraft:spawn_entity": {
          "entities": {
            "min_wait_time": 0,
            "max_wait_time": 0,
            "single_use":true,
            "spawn_entity":"op_asa:heart",
            "num_to_spawn":1
          }
        }
      },
      "op_asa:katana_mode":{
        "minecraft:variant": {
          "value": 1
        },
        "minecraft:behavior.melee_attack": {
          "priority": 4,
          "track_target": true,
          "speed_multiplier": 1.25
        }
      },
      "op_asa:ju_mode":{
        "minecraft:variant": {
          "value": 2
        },
        "minecraft:target_nearby_sensor": {
          "inside_range": 2.0,
          "outside_range": 3.0,
          "must_see":  true,
          "on_inside_range": {
            "event": "op_asa:switch_to_melee",
            "target": "self"
          },
          "on_outside_range": {
            "event": "op_asa:switch_to_ranged",
            "target": "self"
          }
        }
      },
      "op_asa:melee_ju_mode":{
        "minecraft:behavior.melee_attack": {
          "priority": 1,
          "track_target": true,
          "speed_multiplier": 1.25
        }
      },
      "op_asa:ranged_ju_mode":{
        "minecraft:shooter": {
          "def": "op_asa:ju_p"
        },
        "minecraft:behavior.ranged_attack": {
          "priority": 1,
          "burst_shots": 1,
          "burst_interval": 0.2,
          "charge_charged_trigger": 0,
          "charge_shoot_trigger": 1,
          "attack_interval_min": 1,
          "attack_interval_max": 1,
          "attack_radius": 16.0
        }
      }
    },
    
    "components": {
      "minecraft:type_family": {
        "family": ["mob", "kaigun","mob0","h0"]
      },
      "minecraft:tameable": {
        "probability": 0.33,
        "tame_items": "gold_ingot",
        "tame_event": {
          "event": "op_asa:on_tame",
          "target": "self"
        }
      },
      "minecraft:behavior.nearest_attackable_target": {
        "priority": 2,
        "must_see": true,
        "reselect_targets": true,
        "entity_types": [
          {
            "filters":{
              "all_of": [
                { "test": "is_family", "subject": "other", "value": "kaizoku" },
                {
                  "test": "has_equipment",
                  "subject": "other",
                  "domain": "any",
                  "operator": "!=",
                  "value": "op_asa:kaigun_haori"
                }
              ]
            },
            "max_dist": 16
          },
          {
            "filters":{
              "all_of":[
                { "test": "is_family", "subject": "other", "value": "player" },
                {
                  "test": "has_equipment",
                  "subject": "other",
                  "domain": "torso",
                  "operator": "!=",
                  "value": "op_asa:kaigun_haori"
                },
                {
                  "any_of":[
                    { "test": "has_tag", "subject": "other", "value": "kaizoku0" },
                    { "test": "has_tag", "subject": "other", "value": "kaizoku10" },
                    { "test": "has_tag", "subject": "other", "value": "kaizoku20" },
                    { "test": "has_tag", "subject": "other", "value": "kaizoku23" },
                    { "test": "has_tag", "subject": "other", "value": "kaizoku24" },
                    { "test": "has_tag", "subject": "other", "value": "kaizoku25" }
                  ]
                }
              ]
            },
            "max_dist":16
          },
          {
            "filters": { 
              "all_of": [
                { "test" :  "is_family", "subject" : "other", "value" :  "monster" },
                { "test" :  "is_family", "subject" : "other", "operator": "!=", "value" :  "creeper" }
              ] 
            },
            "max_dist":16
          }
        ]
      },
      "minecraft:behavior.hurt_by_target": {
        "entity_types": {
          "filters": {
            "all_of":[
              {
                "test": "is_family",
                "subject": "other",
                "operator": "!=",
                "value": "waza"
              },
              {
                "test": "is_family",
                "subject": "other",
                "operator": "!=",
                "value": "kaigun"
              },
              {
                "test": "has_component",
                "subject": "other",
                "operator": "!=",
                "value": "minecraft:behavior.ranged_attack"
              }
            ]
          }
        },
        "priority": 1
      },
      "minecraft:shareables": {
        "items": [
          {
            "item": "op_asa:katana",
            "want_amount": 1,
            "surplus_amount": 1,
            "priority": 0
          },
          {
            "item": "op_asa:ju",
            "want_amount": 1,
            "surplus_amount": 1,
            "priority": 0
          }
        ]
      },
      "minecraft:equip_item": {
      },
      "minecraft:behavior.equip_item": {
        "priority": 3
      },
      "minecraft:navigation.walk": {
        "is_amphibious": true,
        "can_pass_doors":true,
        "can_break_doors":false,
        "can_walk":true,
        "can_open_doors": true,
        "can_path_over_water": true
      },
      "minecraft:damage_sensor": {
        "triggers": [
          {
            "on_damage": {
              "filters": {
                "all_of": [
                  {
                    "test":"is_family",
                    "subject":"other",
                    "value":"syuga-"
                  }
                ]
              },
              "event": "op_asa:be_toy"
            }
          }
        ]
      },
      "minecraft:follow_range": {
        "value": 32,
        "max": 32
      },
      "minecraft:movement": {
        "value": 0.28
      },
      "minecraft:health": {
        "value": 20,
        "max": 20
      },
      "minecraft:attack":{
        "damage":1
      },
      "minecraft:equipment": {
        "table": "loot_tables/gear/kaigun_gear.json"
      },
      "minecraft:loot": {
        "table": "loot_tables/entities/kaigun.json"
      },
      "minecraft:nameable": {
      },
      "minecraft:collision_box": {
        "width": 0.6,
        "height": 1.9
      },
      "minecraft:movement.basic": {
      },
      "minecraft:jump.static": {},
      "minecraft:can_climb": {
      },
      "minecraft:hurt_on_condition": {
        "damage_conditions": [
          {
            "filters": {
              "test": "in_lava",
              "subject": "self",
              "operator": "==",
              "value": true
            },
            "cause": "lava",
            "damage_per_tick": 4
          }
        ]
      },
      "minecraft:breathable": {
        "total_supply": 15,
        "suffocate_time": 0
      },
      "minecraft:despawn": {
        "despawn_from_distance": {
          "min_distance":64
        }
      },
      "minecraft:behavior.pickup_items": {
        "priority": 7,
        "max_dist": 3,
        "goal_radius": 2,
        "speed_multiplier": 1.0
      },
      "minecraft:behavior.random_stroll": {
        "priority": 6,
        "speed_multiplier": 1
      },
      "minecraft:behavior.look_at_player": {
        "priority": 9,
        "look_distance": 10,
        "probability": 0.02
      },
      "minecraft:behavior.random_look_around":{
        "priority":7,
        "speed_multiplier":1
      },
      "minecraft:physics": {
      },
      "minecraft:pushable": {
        "is_pushable": true,
        "is_pushable_by_piston": true
      },
      "minecraft:conditional_bandwidth_optimization": {
      },
      "minecraft:experience_reward": {
        "on_death": "query.last_hit_by_player ? 5 + (query.equipment_count * Math.Random(1,3)) : 0"
      },
      "minecraft:behavior.float": {
        "priority": 0
      }
    },
    "events":{
      "minecraft:entity_spawned":{
        "add":{
          "component_groups":[
            "op_asa:wild","op_asa:mode_switcher"
          ]
        }
      },
      "op_asa:be_crisis":{
        "remove":{
          "component_groups":[
            "op_asa:wild","op_asa:mode_switcher","op_asa:ju_mode","op_asa:katana_mode","op_asa:melee_ju_mode","op_asa:ranged_ju_mode"
          ]
        },
        "add":{
          "component_groups":[
            "op_asa:crisis"
          ]
        }
      },
      "op_asa:on_tame":{
        "add": {
          "component_groups": [
            "op_asa:tame"
          ]
        }
      },
      "op_asa:be_toy":{
        "add":{
          "component_groups":[
            "op_asa:toy"
          ]
        },
        "run_command":{
          "command":"summon op_asa:hobby ~~~ op_asa:toy_kaigun"
        }
      },
      "op_asa:be_mess":{
        "add":{
          "component_groups":[
            "op_asa:mess"
          ]
        }
      },
      "op_asa:katana_mode":{
        "remove":{
          "component_groups":[
            "op_asa:wild","op_asa:ju_mode","op_asa:melee_ju_mode","op_asa:ranged_ju_mode"
          ]
        },
        "add":{
          "component_groups":[
            "op_asa:katana_mode"
          ]
        }
      },
      "op_asa:ju_mode":{
        "remove":{
          "component_groups":[
            "op_asa:wild","op_asa:katana_mode"
          ]
        },
        "add":{
          "component_groups":[
            "op_asa:ju_mode"
          ]
        }
      },
      "op_asa:switch_to_melee":{
        "remove":{
          "component_groups":[
            "op_asa:ranged_ju_mode"
          ]
        },
        "add":{
          "component_groups":[
            "op_asa:melee_ju_mode"
          ]
        }
      },
      "op_asa:switch_to_ranged":{
        "remove":{
          "component_groups":[
            "op_asa:melee_ju_mode"
          ]
        },
        "add":{
          "component_groups":[
            "op_asa:ranged_ju_mode"
          ]
        }
      }
    }
}}
