{
  "format_version": "1.16.0",
  "minecraft:entity": {
    "description": {
      "identifier": "op_asa:luccy1",
      "is_spawnable": true,
      "is_summonable": true,
      "is_experimental": false,
      "scripts":{
        "animate":["mess","luccy1","luccy1_2","water"]
      },
      "animations":{
        "mess":"controller.animation.mess",
        "luccy1":"controller.animation.luccy1",
        "luccy1_2":"controller.animation.luccy1_2",
        "water":"controller.animation.water"
      }
    },
    "component_groups":{
      "op_asa:float":{
        "minecraft:behavior.float": {
          "priority": 0
        }
      },
      "op_asa:wild_ability":{},
      "op_asa:lost_ability":{},
      "op_asa:pistol_mode":{
        "minecraft:variant":{
          "value":1
        },
        "minecraft:target_nearby_sensor": {
          "outside_range": 3.0,
          "must_see":  true,
          "on_outside_range": {
            "event": "op_asa:switch_to_whip",
            "target": "self"
          }
        },
        "minecraft:behavior.melee_attack": {
          "priority": 4,
          "track_target": true,
          "speed_multiplier": 1.25,
          "reach_multiplier": 6.0
        }
      },
      "op_asa:whip_mode":{
        "minecraft:variant":{
          "value":2
        },
        "minecraft:target_nearby_sensor": {
          "inside_range": 2.0,
          "outside_range": 10.0,
          "must_see":  true,
          "on_inside_range": {
            "event": "op_asa:switch_to_pistol",
            "target": "self"
          },
          "on_outside_range": {
            "event": "op_asa:switch_to_rocket",
            "target": "self"
          }
        },
        "minecraft:behavior.melee_attack": {
          "priority": 4,
          "track_target": true,
          "speed_multiplier": 1.25,
          "reach_multiplier": 6.0
        }
      },
      "op_asa:not_rocket_mode":{
        "minecraft:variant":{
          "value":35
        },
        "minecraft:target_nearby_sensor": {
          "inside_range": 9.0,
          "outside_range": 16.0,
          "must_see":  true,
          "on_inside_range": {
            "event": "op_asa:switch_to_whip",
            "target": "self"
          },
          "on_outside_range": {
            "event": "op_asa:switch_to_move",
            "target": "self"
          }
        },
        "minecraft:behavior.melee_attack": {
          "priority": 4,
          "track_target": true,
          "speed_multiplier": 1.25,
          "reach_multiplier": 6.0
        }
      },
      "op_asa:rocket_mode":{
        "minecraft:variant":{
          "value":3
        },
        "minecraft:target_nearby_sensor": {
          "inside_range": 9.0,
          "outside_range": 16.0,
          "must_see":  true,
          "on_inside_range": {
            "event": "op_asa:switch_to_whip",
            "target": "self"
          },
          "on_outside_range": {
            "event": "op_asa:switch_to_move",
            "target": "self"
          }
        },
        "minecraft:behavior.melee_attack": {
          "priority": 4,
          "track_target": true,
          "speed_multiplier": 1.25,
          "reach_multiplier": 6.0
        }
      },
      "op_asa:move_mode":{
        "minecraft:variant":{
          "value":4
        },
        "minecraft:target_nearby_sensor": {
          "inside_range": 15.0,
          "must_see":  true,
          "on_inside_range": {
            "event": "op_asa:switch_to_pistol",
            "target": "self"
          }
        },
        "minecraft:behavior.melee_attack": {
          "priority": 4,
          "track_target": true,
          "speed_multiplier": 1.25,
          "reach_multiplier": 6.0
        }
      },
      "op_asa:in_water":{
        "minecraft:variant":{
          "value":2700
        }
      },
      "op_asa:kairouseki":{
        "minecraft:variant":{
          "value":27000
        },
        "minecraft:behavior.melee_attack": {
          "priority": 4,
          "track_target": true,
          "speed_multiplier": 1.25
        }
      },
      "op_asa:kurouzu":{
        "minecraft:variant":{
          "value":270
        },
        "minecraft:behavior.melee_attack": {
          "priority": 4,
          "track_target": true,
          "speed_multiplier": 1.25
        }
      },
      "op_asa:toy":{
        "minecraft:instant_despawn":{}
      },
      "op_asa:mess":{
        "minecraft:type_family": {
          "family": ["mob","luffy","gomgom","devil","kaizoku","character","in_mess","b_haki","h3","luccy"]
        },
        "minecraft:spawn_entity": {
          "entities": {
            "min_wait_time": 0,
            "max_wait_time": 0,
            "single_use":true,
            "spawn_entity":"op_asa:heart",
            "num_to_spawn":1
          }
        }
      }
    },
    
    "components": {
      "minecraft:variant":{
        "value":0
      },
      "minecraft:type_family": {
        "family": ["mob","luffy","gomgom","devil","kaizoku","character","b_haki","h3","luccy"]
      },
      "minecraft:boss": {
        "should_darken_sky": false,
        "name": "boss.luccy1.name",
        "hud_range": 100
      },
      "minecraft:behavior.nearest_attackable_target": {
        "priority": 2,
        "must_see": true,
        "reselect_targets": true,
        "entity_types": [
          {
            "filters":{
              "all_of": [
                { "test": "is_family", "subject": "other", "value": "player" }
              ]
            },
            "max_dist": 64
          }
        ]
      },
      "minecraft:knockback_resistance": {
        "value": 0.3
      },
      "minecraft:behavior.hurt_by_target": {
        "entity_types": {
          "filters": {
              "test": "is_family",
              "subject": "other",
              "operator": "!=",
              "value": "waza"
          }
        },
        "priority": 1
      },
      "minecraft:shareables": {
        "items": [
          {
            "item": "op_asa:kairouseki",
            "want_amount": 1,
            "surplus_amount": 1,
            "priority": 0
          }
        ]
      },
      "minecraft:behavior.equip_item": {
        "priority": 3
      },
      "minecraft:equip_item": {
      },
      "minecraft:behavior.pickup_items": {
        "priority": 7,
        "max_dist": 3,
        "goal_radius": 2,
        "speed_multiplier": 1.0
      },
      "minecraft:environment_sensor": {
        "triggers": [
          {
            "filters": {
              "test":"is_riding",
              "value":true
            },
            "event": "op_asa:get_off"
          },
          {
            "filters": {
              "all_of": [
                {
                  "test":"in_water",
                  "value":true
                },
                {
                  "test":"is_variant",
                  "operator":"!=",
                  "value":2700
                }
              ]
            },
            "event": "op_asa:in_water"
          },
          {
            "filters":{
              "all_of": [
                { "test":"in_water","value":true },
                { "test":"has_component","value":"minecraft:behavior.float" }
              ]
            },
            "event": "op_asa:not_float"
          },
          {
            "filters":{
              "all_of": [
                { "test":"in_water","value":false },
                { "test":"has_component","operator":"!=","value":"minecraft:behavior.float" }
              ]
            },
            "event": "op_asa:float"
          },
          {
            "filters": {
              "all_of": [
                {
                  "test": "has_equipment",
                  "subject": "self",
                  "domain": "hand",
                  "value": "op_asa:kairouseki"
                },
                {
                  "test":"is_variant",
                  "operator":"!=",
                  "subject":"self",
                  "value":27000
                }
              ]
            },
            "event": "op_asa:be_kairouseki"
          },
          {
            "filters": {
              "all_of": [
                {
                  "test": "has_tag",
                  "value": "kurouzu"
                },
                {
                  "test":"is_variant",
                  "operator":"!=",
                  "subject":"self",
                  "value":270
                }
              ]
            },
            "event": "op_asa:be_kurouzu"
          },
          {
            "filters": {
              "all_of": [
                {
                  "test": "has_tag",
                  "operator":"!=",
                  "value": "kurouzu"
                },
                {
                  "test":"is_variant",
                  "operator":"==",
                  "subject":"self",
                  "value":270
                }
              ]
            },
            "event": "op_asa:kurouzu_end"
          }
        ]
      },
      "minecraft:damage_sensor": {
        "triggers":[
          {
            "cause": "fall",
            "deals_damage": false
          },
          {
            "cause": "lightning",
            "deals_damage": false
          },
          {
            "on_damage": {
              "filters": {
                "test":"is_family","subject":"other","operator":"==","value":"goro_ex"
              }
            },
            "deals_damage":false
          },
          {
            "on_damage": {
              "filters": {
                "test":"has_equipment","subject":"other","operator":"==","domain":"hand","value":"op_asa:ju"
              },
              "event":"op_asa:gom_reflect"
            },
            "deals_damage":false
          }
        ]
      },
      "minecraft:movement": {
        "value": 0.28
      },
      "minecraft:follow_range": {
        "value": 32,
        "max": 32
      },
      "minecraft:scale":{
        "value":0.97
      },
      "minecraft:health": {
        "value": 200,
        "max": 200
      },
      "minecraft:attack":{
        "damage":12
      },
      "minecraft:loot": {
        "table": "loot_tables/entities/luccy1.json"
      },
      "minecraft:nameable": {
      },
      "minecraft:collision_box": {
        "width": 0.6,
        "height": 1.9
      },
      "minecraft:movement.basic": {
      },
      "minecraft:navigation.walk": {
        "is_amphibious": true,
        "can_pass_doors":true,
        "can_break_doors":false,
        "can_walk":true,
        "can_open_doors": true,
        "can_path_over_water": true,
        "avoid_water": true
      },
      "minecraft:jump.static": {},
      "minecraft:can_climb": {
      },
      "minecraft:hurt_on_condition": {
        "damage_conditions": [
          {
            "filters": {
              "test": "in_lava",
              "subject": "self",
              "operator": "==",
              "value": true
            },
            "cause": "lava",
            "damage_per_tick": 4
          }
        ]
      },
      "minecraft:breathable": {
        "breathes_solids":true,
        "total_supply": 15,
        "suffocate_time": -1,
        "inhale_time": 3.75,
        "generates_bubbles": false
      },
      "minecraft:behavior.random_stroll": {
        "priority": 6,
        "speed_multiplier": 1
      },
      "minecraft:behavior.look_at_player": {
        "priority": 9,
        "look_distance": 10,
        "probability": 0.02
      },
      "minecraft:behavior.random_look_around":{
        "priority":7,
        "speed_multiplier":1
      },
      "minecraft:physics": {
      },
      "minecraft:pushable": {
        "is_pushable": true,
        "is_pushable_by_piston": true
      },
      "minecraft:conditional_bandwidth_optimization": {
      },
      "minecraft:persistent": {
      },
      "minecraft:experience_reward": {
        "on_death": "query.last_hit_by_player ? 50 + (query.equipment_count * Math.Random(1,3)) : 0"
      }
    },
    "events":{
      "minecraft:entity_spawned": {
        "add": {
          "component_groups": [
            "op_asa:pistol_mode"
          ]
        }
      },
      "op_asa:be_wild":{
        "add": {
          "component_groups": [
            "op_asa:pistol_mode"
          ]
        }
      },
      "op_asa:switch_to_pistol": {
        "remove": {
          "component_groups": [
            "op_asa:whip_mode","op_asa:rocket_mode","op_asa:move_mode","op_asa:not_rocket_mode"
          ]
        },
        "add": {
          "component_groups": [
            "op_asa:pistol_mode"
          ]
        }
      },
      "op_asa:switch_to_whip": {
        "remove": {
          "component_groups": [
            "op_asa:pistol_mode","op_asa:rocket_mode","op_asa:move_mode","op_asa:not_rocket_mode"
          ]
        },
        "add": {
          "component_groups": [
            "op_asa:whip_mode"
          ]
        }
      },
      "op_asa:switch_to_rocket": {
        "sequence": [
          {
            "remove": {
              "component_groups": [
                "op_asa:pistol_mode","op_asa:whip_mode","op_asa:move_mode"
              ]
            }
          },
          {
            "filters": {
              "test": "on_ground",
              "value": true
            },
            "add": { "component_groups": [ "op_asa:rocket_mode" ] }
          },
          {
            "filters": {
              "test": "on_ground",
              "value": false
            },
            "add": { "component_groups": [ "op_asa:not_rocket_mode" ] }
          }
        ]
      },
      "op_asa:switch_to_move": {
        "remove": {
          "component_groups": [
            "op_asa:pistol_mode","op_asa:whip_mode","op_asa:rocket_mode","op_asa:not_rocket_mode"
          ]
        },
        "add": {
          "component_groups": [
            "op_asa:move_mode"
          ]
        }
      },
      "op_asa:be_kairouseki":{
        "remove":{
          "component_groups":[
            "op_asa:pistol_mode","op_asa:whip_mode","op_asa:rocket_mode","op_asa:move_mode","op_asa:not_rocket_mode"
          ]
        },
        "add":{
          "component_groups":[
            "op_asa:kairouseki"
          ]
        }
      },
      "op_asa:be_kurouzu":{
        "remove":{
          "component_groups":[
            "op_asa:pistol_mode","op_asa:whip_mode","op_asa:rocket_mode","op_asa:move_mode","op_asa:not_rocket_mode"
          ]
        },
        "add":{
          "component_groups":[
            "op_asa:kurouzu"
          ]
        }
      },
      "op_asa:kurouzu_end":{
        "remove":{
          "component_groups":[
            "op_asa:kurouzu"
          ]
        },
        "add":{
          "component_groups":[
            "op_asa:pistol_mode"
          ]
        }
      },
      "op_asa:in_water":{
        "remove":{
          "component_groups":[
            "op_asa:move_mode","op_asa:pistol_mode","op_asa:rocket_mode","op_asa:whip_mode","op_asa:not_rocket_mode"
          ]
        },
        "add":{
          "component_groups":[
            "op_asa:in_water"
          ]
        }
      },
      "op_asa:be_toy":{
        "add":{
          "component_groups":[
            "op_asa:toy"
          ]
        },
        "run_command":{
          "command":"summon op_asa:hobby ~~~ op_asa:toy_luccy1"
        }
      },
      "op_asa:be_mess":{
        "add":{
          "component_groups":[
            "op_asa:mess"
          ]
        }
      },
      "op_asa:gom_reflect":{
        "run_command":{
          "command":"damage @e[tag=!gomgom,family=!gomgom,rm=1,r=16,c=1,hasitem={item=op_asa:ju,location=slot.weapon.mainhand}] 5 projectile entity @s"
        }
      },
      "op_asa:get_off":{
        "run_command":{
          "command":["kill @e[r=1,type=minecraft:boat]","kill @e[r=1,type=minecraft:chest_boat]","kill @e[r=1,type=minecraft:minecart]"]
        }
      },
      "op_asa:float":{
        "add":{
          "component_groups":["op_asa:float"]
        }
      },
      "op_asa:not_float":{
        "remove":{
          "component_groups":["op_asa:float"]
        }
      }
    }
}}
