{
  "format_version": "1.16.0",
  "minecraft:entity": {
    "description": {
      "identifier": "op_asa:sanji",
      "is_spawnable": true,
      "is_summonable": true,
      "is_experimental": false,
      "scripts":{
        "animate":["sanji_attack","sanji_crisis","luffy_sanji","mess"]
      },
      "animations":{
        "sanji_attack":"controller.animation.sanji_attack",
        "sanji_crisis":"controller.animation.sanji_crisis",
        "luffy_sanji":"controller.animation.luffy_sanji",
        "mess":"controller.animation.mess"
      }
    },
    "component_groups":{
      "op_asa:wild":{
        "minecraft:attack":{
          "damage":10
        },
        "minecraft:variant":{
          "value":0
        }
      },
      "op_asa:crisis":{
        "minecraft:mark_variant":{
          "value":20
        },
        "minecraft:attack":{
          "damage":0
        }
      },
      "op_asa:angry":{
        "minecraft:behavior.nearest_attackable_target": {
          "priority": 2,
          "must_see": true,
          "reselect_targets": true,
          "entity_types": [
            {
              "filters":{
                "all_of": [
                  { "test": "is_family", "subject": "other", "value": "player" }
                ]
              },
              "max_dist": 32
            }
          ]
        }
      },
      "op_asa:toy":{
        "minecraft:instant_despawn":{}
      },
      "op_asa:mess":{
        "minecraft:type_family": {
          "family": ["mob", "kaizoku","sanji","character","in_mess","b_haki","h3"]
        },
        "minecraft:spawn_entity": {
          "entities": {
            "min_wait_time": 0,
            "max_wait_time": 0,
            "single_use":true,
            "spawn_entity":"op_asa:heart",
            "num_to_spawn":1
          }
        }
      }
    },
    
    "components": {
      "minecraft:type_family": {
        "family": ["mob", "kaizoku","sanji","character","b_haki","h3"]
      },
      "minecraft:timer": {
        "looping": false,
        "randomInterval": false,
        "time": 0.1,
        "time_down_event": {
         "event": "op_asa:be_wild",
         "target": "self"
        }
      },
      "minecraft:behavior.hurt_by_target": {
        "entity_types": {
          "filters": {
              "test": "is_family",
              "subject": "other",
              "operator": "!=",
              "value": "waza"
          }
        },
        "priority": 1
      },
      "minecraft:environment_sensor": {
        "triggers": [
          {
            "filters": {
              "test":"is_riding",
              "value":true
            },
            "event": "op_asa:get_off"
          },
          {
            "filters": {
              "all_of": [
                {
                  "test": "has_tag",
                  "subject": "self",
                  "operator":"==",
                  "value": "crisis"
                },
                {
                  "test":"is_mark_variant",
                  "subject":"self",
                  "operator":"!=",
                  "value":20
                }
              ]
            },
            "event": "op_asa:be_crisis"
          },
          {
            "filters": {
              "all_of": [
                {
                  "test": "has_tag",
                  "subject": "self",
                  "operator":"==",
                  "value": "luffy"
                },
                {
                  "test":"has_component",
                  "subject":"self",
                  "operator":"!=",
                  "value":"minecraft:behavior.nearest_attackable_target"
                }
              ]
            },
            "event": "op_asa:be_angry"
          }
        ]
      },
      "minecraft:behavior.equip_item": {
        "priority": 3
      },
      "minecraft:equip_item": {
      },
      "minecraft:follow_range": {
        "value": 32,
        "max": 32
      },
      "minecraft:movement": {
        "value": 0.3
      },
      "minecraft:health": {
        "value": 200,
        "max": 200
      },
      "minecraft:loot": {
        "table": "loot_tables/entities/sanji.json"
      },
      "minecraft:nameable": {
      },
      "minecraft:knockback_resistance": {
        "value": 0.3
      },
      "minecraft:collision_box": {
        "width": 0.6,
        "height": 1.9
      },
      "minecraft:movement.basic": {
      },
      "minecraft:navigation.walk": {
        "is_amphibious": true,
        "can_pass_doors":true,
        "can_break_doors":false,
        "can_walk":true,
        "can_open_doors": true,
        "can_path_over_water": true
      },
      "minecraft:jump.static": {},
      "minecraft:can_climb": {
      },
      "minecraft:hurt_on_condition": {
        "damage_conditions": [
          {
            "filters": {
              "test": "in_lava",
              "subject": "self",
              "operator": "==",
              "value": true
            },
            "cause": "lava",
            "damage_per_tick": 4
          }
        ]
      },
      "minecraft:breathable": {
        "total_supply": 15,
        "suffocate_time": 0
      },
      "minecraft:despawn": {
        "despawn_from_distance": {
          "min_distance":64
        }
      },
      "minecraft:behavior.melee_attack": {
        "priority": 1,
        "track_target": true,
        "speed_multiplier": 1.25
      },
      "minecraft:behavior.random_stroll": {
        "priority": 6,
        "speed_multiplier": 1
      },
      "minecraft:behavior.look_at_player": {
        "priority": 9,
        "look_distance": 10,
        "probability": 0.02
      },
      "minecraft:behavior.random_look_around":{
        "priority":7,
        "speed_multiplier":1
      },
      "minecraft:physics": {
      },
      "minecraft:pushable": {
        "is_pushable": true,
        "is_pushable_by_piston": true
      },
      "minecraft:conditional_bandwidth_optimization": {
      },
      "minecraft:experience_reward": {
        "on_death": "query.last_hit_by_player ? 50 + (query.equipment_count * Math.Random(1,3)) : 0"
      },
      "minecraft:behavior.float": {
        "priority": 0
      }
    },
    "events":{
      "minecraft:entity_spawned":{
        "add": {
          "component_groups": [
            "op_asa:wild"
          ]
        }
      },
      "op_asa:be_wild":{
        "add":{
          "component_groups":[
            "op_asa:wild"
          ]
        }
      },
      "op_asa:be_toy":{
        "add":{
          "component_groups":[
            "op_asa:toy"
          ]
        },
        "run_command":{
          "command":"summon op_asa:hobby ~~~ op_asa:toy_sanji"
        }
      },
      "op_asa:be_mess":{
        "add":{
          "component_groups":[
            "op_asa:mess"
          ]
        }
      },
      "op_asa:be_crisis":{
        "add":{
          "component_groups":[
            "op_asa:crisis"
          ]
        }
      },
      "op_asa:be_angry":{
        "add":{
          "component_groups":[
            "op_asa:angry"
          ]
        }
      },
      "op_asa:get_off":{
        "run_command":{
          "command":["kill @e[r=1,type=minecraft:boat]","kill @e[r=1,type=minecraft:chest_boat]","kill @e[r=1,type=minecraft:minecart]"]
        }
      }
    }
}}
