{
  "format_version": "1.16.0",
  "minecraft:entity": {
    "description": {
      "identifier": "op_asa:syuga-",
      "is_spawnable": true,
      "is_summonable": true,
      "is_experimental": false,
      "scripts":{
        "animate":["syuga-2","mess","water"]
      },
      "animations":{
        "syuga-2":"controller.animation.syuga-2",
        "mess":"controller.animation.mess",
        "water":"controller.animation.water"
      }
    },
    "component_groups":{
      "op_asa:float":{
        "minecraft:behavior.float": {
          "priority": 0
        }
      },
      "op_asa:wild_ability":{},
      "op_asa:lost_ability":{},
      "op_asa:wild0":{
        "minecraft:spawn_entity":{
          "entities":{
            "min_wait_time":0,
            "max_wait_time":0,
            "single_use":true,
            "spawn_entity":"op_asa:trabol",
            "num_to_spawn":1
          }
        },
        "minecraft:timer": {
          "looping": false,
          "randomInterval": false,
          "time": 0.1,
          "time_down_event": {
           "event": "op_asa:be_wild1",
           "target": "self"
          }
        }
      },
      "op_asa:wild1":{
        "minecraft:type_family": {
          "family": ["mob", "syuga-","hobihobi","devil","character","wild1"]
        }
      },
      "op_asa:wild2":{
        "minecraft:spawn_entity":{
          "entities":{
            "min_wait_time":0,
            "max_wait_time":0,
            "single_use":true,
            "spawn_entity":"op_asa:doframingo",
            "num_to_spawn":1
          }
        },
        "minecraft:timer": {
          "looping": false,
          "randomInterval": false,
          "time": 0.1,
          "time_down_event": {
           "event": "op_asa:help_end",
           "target": "self"
          }
        }
      },
      "op_asa:wild3":{
      },
      "op_asa:kairouseki":{
        "minecraft:variant":{
          "value":27000
        }
      },
      "op_asa:mess":{
        "minecraft:type_family": {
          "family": ["mob", "syuga-","hobihobi","devil","character","in_mess"]
        },
        "minecraft:spawn_entity": {
          "entities": {
            "min_wait_time": 0,
            "max_wait_time": 0,
            "single_use":true,
            "spawn_entity":"op_asa:heart",
            "num_to_spawn":1
          }
        }
      }
    },
    
    "components": {
      "minecraft:type_family": {
        "family": ["mob", "syuga-","hobihobi","devil","character"]
      },
      "minecraft:behavior.equip_item": {
        "priority": 3
      },
      "minecraft:equip_item": {
      },
      "minecraft:behavior.pickup_items": {
        "priority": 7,
        "max_dist": 3,
        "goal_radius": 2,
        "speed_multiplier": 1.0
      },
      "minecraft:shareables": {
        "items": [
          {
            "item": "op_asa:kairouseki",
            "want_amount": 1,
            "surplus_amount": 1,
            "priority": 0
          }
        ]
      },
      "minecraft:environment_sensor": {
        "triggers": [
          {
            "filters": {
              "test":"is_riding",
              "value":true
            },
            "event": "op_asa:get_off"
          },
          {
            "filters":{
              "all_of": [
                { "test":"in_water","value":true },
                { "test":"has_component","value":"minecraft:behavior.float" }
              ]
            },
            "event": "op_asa:not_float"
          },
          {
            "filters":{
              "all_of": [
                { "test":"in_water","value":false },
                { "test":"has_component","operator":"!=","value":"minecraft:behavior.float" }
              ]
            },
            "event": "op_asa:float"
          },
          {
            "filters": {
              "all_of": [
                {
                  "test": "has_equipment",
                  "subject": "self",
                  "domain": "hand",
                  "value": "op_asa:kairouseki"
                },
                {
                  "test":"is_variant",
                  "operator":"!=",
                  "subject":"self",
                  "value":27000
                }
              ]
            },
            "event": "op_asa:be_kairouseki"
          }
        ]
      },
      "minecraft:damage_sensor": {
        "triggers":[
          {
            "on_damage": {
              "filters": {
                "all_of": [
                  {
                    "test": "has_damage",
                    "subject": "self",
                    "value": "attack"
                  },
                  {
                    "test":"is_family",
                    "subject":"self",
                    "value":"wild1"
                  }
                ]
              },
              "event": "op_asa:help"
            }
          }
        ]
      },
      "minecraft:behavior.nearest_attackable_target": {
        "priority": 2,
        "must_see": true,
        "reselect_targets": true,
        "entity_types": [
          {
            "filters": {
              "all_of": [
                { "test": "is_family", "subject": "other", "value": "mob0" }
              ]
            },
            "max_dist": 8
          },
          {
            "filters": {
              "all_of": [
                { "test": "is_family", "subject": "other", "value": "mob0" }
              ]
            },
            "max_dist": 8
          }
        ]
      },
      "minecraft:follow_range": {
        "value": 8,
        "max": 8
      },
      "minecraft:scale":{
        "value":0.61
      },
      "minecraft:movement": {
        "value": 0.23
      },
      "minecraft:health": {
        "value": 50,
        "max": 50
      },
      "minecraft:attack": {
        "damage": 1
      },
      "minecraft:loot": {
        "table": "loot_tables/entities/syuga-.json"
      },
      "minecraft:nameable": {
      },
      "minecraft:collision_box": {
        "width": 0.6,
        "height": 1.9
      },
      "minecraft:movement.basic": {
      },
      "minecraft:navigation.walk": {
        "is_amphibious": true,
        "can_pass_doors":true,
        "can_break_doors":false,
        "can_walk":true,
        "can_open_doors": true,
        "can_path_over_water": true,
        "avoid_water": true
      },
      "minecraft:jump.static": {},
      "minecraft:can_climb": {
      },
      "minecraft:hurt_on_condition": {
        "damage_conditions": [
          {
            "filters": {
              "test": "in_lava",
              "subject": "self",
              "operator": "==",
              "value": true
            },
            "cause": "lava",
            "damage_per_tick": 4
          }
        ]
      },
      "minecraft:breathable": {
        "breathes_solids":true,
        "total_supply": 15,
        "suffocate_time": -1,
        "inhale_time": 3.75,
        "generates_bubbles": false
      },
      "minecraft:despawn": {
        "despawn_from_distance": {
          "min_distance":64
        }
      },
      "minecraft:behavior.melee_attack": {
        "priority": 4,
        "track_target": true,
        "speed_multiplier": 1.25
      },
      "minecraft:behavior.random_stroll": {
        "priority": 6,
        "speed_multiplier": 1
      },
      "minecraft:behavior.look_at_player": {
        "priority": 9,
        "look_distance": 10,
        "probability": 0.02
      },
      "minecraft:behavior.random_look_around":{
        "priority":7,
        "speed_multiplier":1
      },
      "minecraft:physics": {
      },
      "minecraft:pushable": {
        "is_pushable": true,
        "is_pushable_by_piston": true
      },
      "minecraft:conditional_bandwidth_optimization": {
      },
      "minecraft:experience_reward": {
        "on_death": "query.last_hit_by_player ? 40 + (query.equipment_count * Math.Random(1,3)) : 0"
      }
    },
    "events":{
      "minecraft:entity_spawned":{
        "add": {
          "component_groups": [
            "op_asa:wild0","op_asa:wild_ability"
          ]
        }
      },
      "op_asa:be_wild1":{
        "remove":{
          "component_groups":[
            "op_asa:wild0"
          ]
        },
        "add":{
          "component_groups":[
            "op_asa:wild1","op_asa:wild_ability"
          ]
        }
      },
      "op_asa:help":{
        "remove":{
          "component_groups":[
            "op_asa:wild1"
          ]
        },
        "add":{
          "component_groups":[
            "op_asa:wild2"
          ]
        }
      },
      "op_asa:help_end":{
        "remove":{
          "component_groups":[
            "op_asa:wild2"
          ]
        },
        "add":{
          "component_groups":[
            "op_asa:wild3"
          ]
        }
      },
      "op_asa:be_kairouseki":{
        "add":{
          "component_groups":[
            "op_asa:kairouseki"
          ]
        }
      },
      "op_asa:be_mess":{
        "add":{
          "component_groups":[
            "op_asa:mess"
          ]
        }
      },
      "op_asa:get_off":{
        "run_command":{
          "command":["kill @e[r=1,type=minecraft:boat]","kill @e[r=1,type=minecraft:chest_boat]","kill @e[r=1,type=minecraft:minecart]"]
        }
      },
      "op_asa:float":{
        "add":{
          "component_groups":["op_asa:float"]
        }
      },
      "op_asa:not_float":{
        "remove":{
          "component_groups":["op_asa:float"]
        }
      }
    }
}}
