{
  "format_version": "1.12.0",
  "minecraft:entity": {
    "description": {
      "identifier": "ic:train_lvl2",
      "is_spawnable": false,
      "is_summonable": true,
      "is_experimental": false,
      "runtime_identifier" : "minecraft:minecart"
    },

    "components": {
      "minecraft:is_stackable": {
      },
      "minecraft:type_family": {
        "family": [ "train", "inanimate" ]
      },
      "minecraft:collision_box": {
        "width": 2.2,
        "height": 1.9
      },
      "minecraft:rail_movement": {
      },
      "minecraft:health": {
        "value": 250
      },
      "minecraft:scale": {
        "value": 1.27
      },
      "minecraft:rideable": {
        "seat_count": 2,
        "interact_text": "Ride train",
        "rider_can_interact" : true,
        "pull_in_entities": false,
        "seats": [
{
          "position": [ 4.0, 0.5,  0.0]
        } 
]
      },
      "minecraft:inventory": {
          "inventory_size": 16,
          "container_type": "chest"
        },
      "minecraft:rail_sensor": {
        "eject_on_activate": false
      },
      "minecraft:physics": {
      },
      "minecraft:pushable": {
        "is_pushable": true,
        "is_pushable_by_piston": true
      }
    }
  }
}
