{
	"format_version": "1.8.0",
	"animations": {
	"animation.bullet.move" : {
			"loop" : true,
			"bones" : {
				"body" : {
					"rotation" : [ "variable.shake_power - query.target_x_rotation", "-query.target_y_rotation", 0.0 ]
				}
			}
		},
	"animation.gun.third_person": {
      "loop": true,
      "bones": {
      "main": {
          "position": [
            0,
            -12,
            0
          ]
        }
      }
    },
	"animation.gun.offset": {
      "loop": true,
      "bones": {
      "main": {
          "rotation": [
           2.5,
            180,
            0
          ],
          "position": [
            0,
            -6.5,
            25
          ],
          "scale": 1.0
        }
      }
    },
		"animation.ic_derailer.shoot": {
			"loop": true,
			"animation_length": 0.1667,
			"anim_time_update" : "query.anim_time + query.delta_time * 1.0",
			"bones": {
				"main": {
					"rotation": {
						"0.0": [0, 0, 0],
						"0.0833": [-2.5, 0, 0],
						"0.1667": [0, 0, 0]
					}
				},
				"fire": {
					"rotation": [0, 0, 0],
					"position": {
						"0.0": [0, 0, 0],
						"0.0417": {"pre": [0, 0, 0], "post": [0, 0, -91]},
						"0.125": {"pre": [0, 0, -91], "post": [0, 0, 0]}
					},
					"scale": {
						"0.0": [1, 1, 1],
						"0.0417": {"pre": [1, 1, 1], "post": [7, 7, 7]},
						"0.125": {"pre": [7, 7, 7], "post": [1, 1, 1]}
					}
				}
			}
		}
	}
}