{
    "format_version": "1.10.0",
    "minecraft:client_entity": {
        "description": {
            "identifier": "vl:j",
            "materials": {
                "default": "zombie"
            },
            "textures": {
                "default": "textures/entity/j"
            },
            "geometry": {
                "default": "geometry.j"
            },
            "animations": {
                "walk": "animation.j.walk",
                "look_at_target": "animation.common.look_at_target",
                "move": "controller.animation.vl"
            },
            "scripts": {
                "animate": [
                              {"cooldown": "query.variant == 1"},
                    "move"
                ],
                "pre_animation": [
                    "variable.attack = Math.sin(variable.attack_time * 30.0);"
                ]
            },
            "render_controllers": [
                "controller.render.default"
            ],
			"spawn_egg": {
        "texture": "j",
        "texture_index": 0
            }
        }
    }
}
