{ 
  "casing.9mm": {
    "category": "hostile",
    "sounds": [
    "sounds/casing/9mm/9mm",
	  "sounds/casing/9mm/9mm2",
	  "sounds/casing/9mm/9mm3"
     ]
  },
  "casing.556": {
    "category": "hostile",
    "sounds": [
    "sounds/casing/556/556",
	  "sounds/casing/556/5562",
	  "sounds/casing/556/5563"
     ]
  },
  "casing.762x51": {
    "category": "hostile",
    "sounds": [
    "sounds/casing/762x51/762",
	  "sounds/casing/762x51/7622",
	  "sounds/casing/762x51/7623"
     ]
  },
  "random.bowhit": {
    "category": "hostile",
    "sounds": [
    "sounds/random/bowhit1",
	  "sounds/random/bowhit2",
	  "sounds/random/bowhit3",
	  "sounds/random/bowhit4",
	  "sounds/random/bowhit5"
     ]
  },
  "rifle.draw": {
    "category": "hostile",
    "sounds": [
    "sounds/misc/rifledraw",
      "sounds/misc/rifledraw2",
	  "sounds/misc/rifledraw3"
     ]
  },
  "rifle.ads": {
    "category": "hostile",
    "sounds": [
    "sounds/misc/rifleads",
      "sounds/misc/rifleads2"
     ]
  },
  "pistol.draw": {
    "category": "hostile",
    "sounds": [
    "sounds/misc/pistoldraw",
      "sounds/misc/pistoldraw2",
	  "sounds/misc/pistoldraw3"
     ]
  },
  "pistol.ads": {
    "category": "hostile",
    "sounds": [
    "sounds/misc/pistolads",
      "sounds/misc/pistolads2",
	  "sounds/misc/pistolads3"
     ]
  },
  "marksman.ads": {
    "category": "hostile",
    "sounds": [
    "sounds/misc/marksmanads",
      "sounds/misc/marksmanads2"
     ]
  },
  "guns.dryfire": {
		"category": "hostile",
  	  	 "sounds": [
			"sounds/guns/dryfire"
	 ]
  },
  "guns.dryfire2": {
		"category": "hostile",
  	  	 "sounds": [
			"sounds/guns/dryfire2"
	 ]
  },
  "guns.dryfire3": {
		"category": "hostile",
  	  	 "sounds": [
			"sounds/guns/dryfire3"
	 ]
  },
  "guns.dryfire4": {
		"category": "hostile",
  	  	 "sounds": [
			"sounds/guns/dryfire4"
	 ]
  },
  "guns.dryfire5": {
		"category": "hostile",
  	  	 "sounds": [
			"sounds/guns/dryfire5" 
	 ]
  },
  "guns.dryfire6": {
		"category": "hostile",
  	  	 "sounds": [
			"sounds/guns/dryfire6"
     ]
  },
  "guns.glock17": {
		"category": "hostile",
  	  	 "sounds": [
			"sounds/guns/glock17"
     ]
  },
  "guns.m1911": {
		"category": "hostile",
  	  	 "sounds": [
			"sounds/guns/m1911"
     ]
  },
  "guns.mssr": {
		"category": "hostile",
  	  	 "sounds": [
			"sounds/guns/mssr"
     ]
  },
  "guns.r4a3": {
		"category": "hostile",
  	  	 "sounds": [
			"sounds/guns/r4a3"
     ]
  },
  "guns.m16a1": {
		"category": "hostile",
  	  	 "sounds": [
			"sounds/guns/m16a1"
     ]
  },
  "guns.k3": {
		"category": "hostile",
  	  	 "sounds": [
			"sounds/guns/k3"
     ]
  },
  "guns.m3": {
		"category": "hostile",
  	  	 "sounds": [
			"sounds/guns/m3"
     ]
  },
  "guns.m14": {
		"category": "hostile",
  	  	 "sounds": [
			"sounds/guns/m14"
     ]
  },
  "m14.out": {
		"category": "hostile",
  	  	 "sounds": [
			"sounds/reload/m14/remove"
     ]
  },
  "m14.in": {
		"category": "hostile",
  	  	 "sounds": [
			"sounds/reload/m14/insert"
     ]
  },
  "m14.charge": {
		"category": "hostile",
  	  	 "sounds": [
			"sounds/reload/m14/charge"
     ]
  },
   "glock17.magless": {
		"category": "hostile",
  	  	 "sounds": [
			"sounds/reload/glock17/magless"
     ]
  },
  "glock17.out": {
		"category": "hostile",
  	  	 "sounds": [
			"sounds/reload/glock17/remove"
     ]
  },
  "glock17.in": {
		"category": "hostile",
  	  	 "sounds": [
			"sounds/reload/glock17/insert"
     ]
  },
  "glock17.charge": {
		"category": "hostile",
  	  	 "sounds": [
			"sounds/reload/glock17/charge"
     ]
  },
   "m1911.out": {
		"category": "hostile",
  	  	 "sounds": [
			"sounds/reload/m1911/remove"
     ]
  },
  "m1911.in": {
		"category": "hostile",
  	  	 "sounds": [
			"sounds/reload/m1911/insert"
     ]
  },
   "m3.out": {
		"category": "hostile",
  	  	 "sounds": [
			"sounds/reload/m3/remove"
     ]
  },
  "m3.in": {
		"category": "hostile",
  	  	 "sounds": [
			"sounds/reload/m3/insert"
     ]
  },
   "ar.out": {
		"category": "hostile",
  	  	 "sounds": [
			"sounds/reload/ar/remove"
     ]
  },
  "ar.in": {
		"category": "hostile",
  	  	 "sounds": [
			"sounds/reload/ar/insert"
     ]
  },
  "ar.charge": {
		"category": "hostile",
  	  	 "sounds": [
			"sounds/reload/ar/charge"
     ]
  },
   "k3.out": {
		"category": "hostile",
  	  	 "sounds": [
			"sounds/reload/k3/remove"
     ]
  },
  "k3.in": {
		"category": "hostile",
  	  	 "sounds": [
			"sounds/reload/k3/insert"
     ]
  },
   "k3.open": {
		"category": "hostile",
  	  	 "sounds": [
			"sounds/reload/k3/open"
     ]
  },
  "k3.close": {
		"category": "hostile",
  	  	 "sounds": [
			"sounds/reload/k3/close"
     ]
  },
  "k3.charge": {
		"category": "hostile",
  	  	 "sounds": [
			"sounds/reload/k3/charge"
     ]
  }
}