{
  "format_version": "1.13.0",
  "minecraft:entity": {
    "description": {
      "identifier": "ff:lambo",
      "is_spawnable": true,
      "is_summonable": true,
      "is_experimental": false
    },
    "components": {
      "minecraft:type_family": {
        "family": [
          "car"
        ]
      },
      "minecraft:breathable": {
        "totalSupply": 1,
        "suffocateTime": 0
      },
      "minecraft:collision_box": {
        "width": 3.0,
        "height": 3.0
      },
      "minecraft:scale": {
        "value": 0.7
      },
      "minecraft:movement": {
        "value": 0.5
      },
      "minecraft:movement.basic": {},
      "minecraft:jump.static": {},
      "minecraft:health": {
        "value": 50,
        "max": 50
      },
      "minecraft:nameable": {},
      "minecraft:knockback_resistance": {
        "value": 1.0
      },
      "minecraft:rideable": {
        "priority": 0,
        "seat_count": 2,
        "crouching_skip_interact": true,
        "interact_text": "Gasken",
        "family_types": [
          "player",
          "zombie"
        ],
        "seats": [
          {
            "position": [
              0.7,
              0.1,
              -0.7
            ],
            "min_rider_count": 0,
            "max_rider_count": 0
          },
          {
            "position": [
              -1.1,
              0.1,
              -0.7
            ],
            "min_rider_count": 2,
            "max_rider_count": 2
          }
        ]
      },
      "minecraft:input_ground_controlled": {},
      "minecraft:physics": {}
    }
  }
}