{
  "format_version": "1.13.0",
  "minecraft:entity": {
    "description": {
      "identifier": "ff:monster_truck",
      "is_spawnable": true,
      "is_summonable": true,
      "is_experimental": false
    },
    "components": {
      "minecraft:type_family": {
        "family": [
          "Tirtaajalh"
        ]
      },
      "minecraft:breathable": {
        "totalSupply": 1,
        "suffocateTime": 0
      },
      "minecraft:collision_box": {
        "width": 3.0,
        "height": 3.0
      },
      "minecraft:scale": {
        "value": 1
      },
      "minecraft:movement": {
        "value": 0.26
      },
      "minecraft:movement.basic": {},
      "minecraft:jump.static": {},
      "minecraft:health": {
        "value": 80,
        "max": 80
      },
      "minecraft:nameable": {},
      "minecraft:knockback_resistance": {
        "value": 1.0
      },
      "minecraft:rideable": {
        "priority": 0,
        "seat_count": 4,
        "crouching_skip_interact": true,
        "interact_text": "Gasken",
        "family_types": [
          "player"
        ],
        "seats": [
          {
            "position": [
              0.6,
              2.4,
              -2.2
            ],
            "min_rider_count": 0,
            "max_rider_count": 0
          },
          {
            "position": [
              -0.5,
              2.4,
              -2.2
            ],
            "min_rider_count": 2,
            "max_rider_count": 2
          },
          {
            "position": [
              -0.5,
              2.4,
              -4.2
            ],
            "min_rider_count": 2,
            "max_rider_count": 2
          },
          {
            "position": [
              0.5,
              2.4,
              -4.2
            ],
            "min_rider_count": 4,
            "max_rider_count": 4
          }
        ]
      },
      "minecraft:input_ground_controlled": {},
      "minecraft:physics": {}
    }
  }
} }
}