{
  "format_version": "1.13.0",
  "minecraft:entity": {
    "description": {
      "identifier": "ff:plane",
      "is_spawnable": true,
      "is_summonable": true,
      "is_experimental": false,
      "scripts": {
        "animate": [
          "plane_fly",
          "plane_down",
          "plane_sound"
        ]
      },
      "animations": {
        "plane_fly": "controller.animation.plane_fly",
        "plane_down": "controller.animation.ff_plane_down",
        "plane_sound": "controller.animation.plane_sound"
      }
    },
    "components": {
      "minecraft:type_family": {
        "family": [
          "plane"
        ]
      },
      "minecraft:breathable": {
        "totalSupply": 15,
        "suffocateTime": 0,
        "breathesWater": true
      },
      "minecraft:health": {
        "value": 100,
        "max": 100
      },
      "minecraft:scale": {
        "value": 2
      },
      "minecraft:movement": {
        "value": 0.7
      },
      "minecraft:navigation.walk": {
        "is_amphibious": true,
        "avoid_water": true
      },
      "minecraft:movement.basic": {},
      "minecraft:jump.static": {},
      "minecraft:nameable": {},
      "minecraft:knockback_resistance": {
        "value": 1.0
      },
      "minecraft:rideable": {
        "seat_count": 34,
        "controlling_seat": 0,
        "family_types": [
          "player"
        ],
        "interact_text": "Let\u0027s Go",
        "pull_in_entities": true,
        "seats": [
          {
            "position": [
              0.22,
              0.83,
              -0.1
            ],
            "min_rider_count": 0,
            "max_rider_count": 34
          },
          {
            "position": [
              -0.22,
              0.83,
              -0.1
            ],
            "min_rider_count": 1,
            "max_rider_count": 34
          },
          {
            "position": [
              0.48,
              0.83,
              -2.1
            ],
            "min_rider_count": 2,
            "max_rider_count": 34
          },
          {
            "position": [
              0.22,
              0.83,
              -2.1
            ],
            "min_rider_count": 3,
            "max_rider_count": 34
          },
          {
            "position": [
              -0.22,
              0.83,
              -2.1
            ],
            "min_rider_count": 4,
            "max_rider_count": 34
          },
          {
            "position": [
              -0.48,
              0.83,
              -2.1
            ],
            "min_rider_count": 5,
            "max_rider_count": 34
          },
          {
            "position": [
              0.48,
              0.83,
              -2.6
            ],
            "min_rider_count": 6,
            "max_rider_count": 34
          },
          {
            "position": [
              0.22,
              0.83,
              -2.6
            ],
            "min_rider_count": 7,
            "max_rider_count": 34
          },
          {
            "position": [
              -0.22,
              0.83,
              -2.6
            ],
            "min_rider_count": 8,
            "max_rider_count": 34
          },
          {
            "position": [
              -0.48,
              0.83,
              -2.6
            ],
            "min_rider_count": 9,
            "max_rider_count": 34
          },
          {
            "position": [
              0.48,
              0.83,
              -3.1
            ],
            "min_rider_count": 10,
            "max_rider_count": 34
          },
          {
            "position": [
              0.22,
              0.83,
              -3.1
            ],
            "min_rider_count": 11,
            "max_rider_count": 34
          },
          {
            "position": [
              -0.22,
              0.83,
              -3.1
            ],
            "min_rider_count": 12,
            "max_rider_count": 34
          },
          {
            "position": [
              -0.48,
              0.83,
              -3.1
            ],
            "min_rider_count": 13,
            "max_rider_count": 34
          },
          {
            "position": [
              0.48,
              0.83,
              -3.6
            ],
            "min_rider_count": 14,
            "max_rider_count": 34
          },
          {
            "position": [
              0.22,
              0.83,
              -3.6
            ],
            "min_rider_count": 15,
            "max_rider_count": 34
          },
          {
            "position": [
              -0.22,
              0.83,
              -3.6
            ],
            "min_rider_count": 16,
            "max_rider_count": 34
          },
          {
            "position": [
              -0.48,
              0.83,
              -3.6
            ],
            "min_rider_count": 17,
            "max_rider_count": 34
          },
          {
            "position": [
              0.48,
              0.83,
              -4.1
            ],
            "min_rider_count": 18,
            "max_rider_count": 34
          },
          {
            "position": [
              0.22,
              0.83,
              -4.1
            ],
            "min_rider_count": 19,
            "max_rider_count": 34
          },
          {
            "position": [
              -0.22,
              0.83,
              -4.1
            ],
            "min_rider_count": 21,
            "max_rider_count": 34
          },
          {
            "position": [
              -0.48,
              0.83,
              -4.1
            ],
            "min_rider_count": 22,
            "max_rider_count": 34
          },
          {
            "position": [
              0.48,
              0.83,
              -4.6
            ],
            "min_rider_count": 23,
            "max_rider_count": 34
          },
          {
            "position": [
              0.22,
              0.83,
              -4.6
            ],
            "min_rider_count": 24,
            "max_rider_count": 34
          },
          {
            "position": [
              -0.22,
              0.83,
              -4.6
            ],
            "min_rider_count": 25,
            "max_rider_count": 34
          },
          {
            "position": [
              -0.48,
              0.83,
              -4.6
            ],
            "min_rider_count": 26,
            "max_rider_count": 34
          },
          {
            "position": [
              0.48,
              0.83,
              -5.1
            ],
            "min_rider_count": 27,
            "max_rider_count": 34
          },
          {
            "position": [
              0.22,
              0.83,
              -5.1
            ],
            "min_rider_count": 28,
            "max_rider_count": 34
          },
          {
            "position": [
              -0.22,
              0.83,
              -5.1
            ],
            "min_rider_count": 29,
            "max_rider_count": 34
          },
          {
            "position": [
              -0.48,
              0.83,
              -5.1
            ],
            "min_rider_count": 30,
            "max_rider_count": 34
          },
          {
            "position": [
              0.48,
              0.83,
              -5.6
            ],
            "min_rider_count": 31,
            "max_rider_count": 34
          },
          {
            "position": [
              0.22,
              0.83,
              -5.6
            ],
            "min_rider_count": 32,
            "max_rider_count": 34
          },
          {
            "position": [
              -0.22,
              0.83,
              -5.6
            ],
            "min_rider_count": 33,
            "max_rider_count": 34
          },
          {
            "position": [
              -0.48,
              0.83,
              -5.6
            ],
            "min_rider_count": 30,
            "max_rider_count": 34
          }
        ]
      },
      "minecraft:behavior.player_ride_tamed": {},
      "minecraft:input_ground_controlled": {},
      "minecraft:collision_box": {
        "width": 3,
        "height": 2
      },
      "minecraft:damage_sensor": {
        "triggers": {
          "cause": "fall",
          "deals_damage": false
        }
      },
      "minecraft:healable": {
        "items": [
          {
            "item": "string",
            "heal_amount": 1
          }
        ]
      },
      "minecraft:is_tamed": {},
      "minecraft:physics": {}
    }
  }
}_pushable": false,
        "is_pushable_by_piston": false
      },
      "minecraft:physics": {}
    }
  }
}le_by_piston": false
      },
      "minecraft:physics": {}
    }
  }
}t:physics": {}
    }
  }
}in_rider_count": 28,
            "max_rider_count": 34
          },
          {
            "position": [
              -0.22,
              0.83,
              -5.1
            ],
            "min_rider_count": 29,
            "max_rider_count": 34
          },
          {
            "position": [
              -0.48,
              0.83,
              -5.1
            ],
            "min_rider_count": 30,
            "max_rider_count": 34
          },
          {
            "position": [
              0.48,
              0.83,
              -5.6
            ],
            "min_rider_count": 31,
            "max_rider_count": 34
          },
          {
            "position": [
              0.22,
              0.83,
              -5.6
            ],
            "min_rider_count": 32,
            "max_rider_count": 34
          },
          {
            "position": [
              -0.22,
              0.83,
              -5.6
            ],
            "min_rider_count": 33,
            "max_rider_count": 34
          },
          {
            "position": [
              -0.48,
              0.83,
              -5.6
            ],
            "min_rider_count": 30,
            "max_rider_count": 34
          }
        ]
      },
      "minecraft:behavior.player_ride_tamed": {},
      "minecraft:input_ground_controlled": {},
      "minecraft:collision_box": {
        "width": 3,
        "height": 2
      },
      "minecraft:damage_sensor": {
        "triggers": {
          "cause": "fall",
          "deals_damage": false
        }
      },
      "minecraft:healable": {
        "items": [
          {
            "item": "string",
            "heal_amount": 1
          }
        ]
      },
      "minecraft:is_tamed": {},
      "minecraft:pushable": {
        "is_pushable": false,
        "is_pushable_by_piston": false
      },
      "minecraft:physics": {}
    },
    "events": {
      "minecraft:entity_spawned": {
        "sequence": [
          {
            "randomize": [
              {
                "weight": 36,
                "add": {
                  "component_groups": [
                    "default"
                  ]
                }
              },
              {
                "weight": 36,
                "add": {
                  "component_groups": [
                    "thai"
                  ]
                }
              },
              {
                "weight": 36,
                "add": {
                  "component_groups": [
                    "delta"
                  ]
                }
              },
              {
                "weight": 36,
                "add": {
                  "component_groups": [
                    "orange"
                  ]
                }
              },
              {
                "weight": 36,
                "add": {
                  "component_groups": [
                    "red"
                  ]
                }
              },
              {
                "weight": 36,
                "add": {
                  "component_groups": [
                    "blue"
                  ]
                }
              },
              {
                "weight": 36,
                "add": {
                  "component_groups": [
                    "green"
                  ]
                }
              },
              {
                "weight": 36,
                "add": {
                  "component_groups": [
                    "yellow"
                  ]
                }
              },
              {
                "weight": 36,
                "add": {
                  "component_groups": [
                    "american"
                  ]
                }
              },
              {
                "weight": 36,
                "add": {
                  "component_groups": [
                    "ana"
                  ]
                }
              },
              {
                "weight": 36,
                "add": {
                  "component_groups": [
                    "azul"
                  ]
                }
              },
              {
                "weight": 36,
                "add": {
                  "component_groups": [
                    "cebu"
                  ]
                }
              },
              {
                "weight": 36,
                "add": {
                  "component_groups": [
                    "france"
                  ]
                }
              },
              {
                "weight": 36,
                "add": {
                  "component_groups": [
                    "garuda"
                  ]
                }
              },
              {
                "weight": 36,
                "add": {
                  "component_groups": [
                    "korean"
                  ]
                }
              },
              {
                "weight": 36,
                "add": {
                  "component_groups": [
                    "latam"
                  ]
                }
              },
              {
                "weight": 36,
                "add": {
                  "component_groups": [
                    "malaysia"
                  ]
                }
              },
              {
                "weight": 36,
                "add": {
                  "component_groups": [
                    "philippines"
                  ]
                }
              }
            ]
          }
        ]
      }
    }
  }
}