{
  "format_version": "1.16.0",
  "minecraft:entity": {
    "description": {
      "identifier": "stk:luffy",
      "is_spawnable": true,
      "is_summonable": true,
      "is_experimental": false,
      "scripts":{
        "animate":["luffy"]
      },
      "animations":{
        "luffy":"controller.animation.luffy"
      }
    },
    "component_groups":{
      "stk:wild":{
        "minecraft:variant":{
          "value":0
        }
      },
      "stk:kurouzu":{
        "minecraft:variant":{
          "value":270
        }
      }
    },
    
    "components": {
      "minecraft:behavior.hurt_by_target": {
        "priority": 1
      },
     "minecraft:behavior.nearest_attackable_target": {
        "priority": 2,
        "within_radius": 35,
        "reselect_targets": true,
        "entity_types": [
          {
            "filters": {
              "any_of": [
                {
                  "test": "is_family",
                  "subject": "other",
                  "value": "marine"
                },
                {
                  "test": "has_tag",
                  "subject": "other",
                  "value": "marine"
                }
              ]
            },
            "max_dist": 35
          }
        ],
        "must_see": true,
        "must_see_forget_duration": 17.0
      },
      "minecraft:damage_sensor": {
        "triggers": [
          {
            "on_damage": {
              "filters": {
                "all_of": [
                  {
                    "test": "has_damage",
                    "value":"fatal"
                  },
                  {
                    "test": "is_family",
                    "subject": "other",
                    "value": "player"
                  }
                ]
              },
              "event":"kill",
              "target":"self"
            }
          },
           {
              "cause":"starve",
              "deals_damage":true
            },
            {
              "cause":"wither",
              "deals_damage":true
            },
            {
              "cause": "fall",
              "deals_damage": false
            },
            {
              "cause":"lightning",
              "deals_damage":false
            },
            {
              "cause":"entity_explosion",
              "deals_damage":true
            },
            {
              "cause": "fire",
              "deals_damage": false
            },
            {
              "cause": "magma",
              "deals_damage": true
            },
            {
              "cause": "lava",
              "deals_damage": true
            },
            {
              "on_damage": {
                "filters": {
                  "test":"is_family","subject":"other","operator":"==","value":"haki"
                }
              },
              "deals_damage":true
            },
            {
              "on_damage": {
                "filters": {
                      "test": "has_equipment","domain": "head","subject": "player","value": "stk:haki"
                }
              },
              "deals_damage":true
            },
            {
              "on_damage": {
                "filters": {
                   "test": "has_equipment","domain": "head","subject": "player","value": "stk:gear4"
                }
              },
              "deals_damage":true
            },
            {
                              "on_damage": {
                "filters": {
                   "test": "has_equipment","domain": "head","subject": "player","value": "stk:snakeman"
                }
              },
              "deals_damage":true
            },
            {
              "on_damage": {
                "filters": {
                  "test":"is_family","subject":"other","operator":"==","value":"player"
                },
                "event":"stk:logia_particle"
              },
              "deals_damage":true
            },
            {
              "on_damage": {
                "filters": {
                  "test":"is_family","subject":"other","operator":"==","value":"mob"
                },
                "event":"stk:logia_particle"
              },
              "deals_damage":true
            }
          ]
        },
      "minecraft:physics": {
      },
      "minecraft:behavior.equip_item": {
        "priority": 3
      },
      "minecraft:equip_item": {
      },
      "minecraft:behavior.pickup_items": {
        "priority": 7,
        "max_dist": 3,
        "goal_radius": 2,
        "speed_multiplier": 1.0
      },
      "minecraft:environment_sensor": {
        "triggers": [
          {
            "filters": {
              "all_of": [
                {
                  "test": "has_tag",
                  "subject": "self",
                  "value": "kurouzu"
                },
                {
                  "test":"is_variant",
                  "operator":"!=",
                  "subject":"self",
                  "value":270
                }
              ]
            },
            "event": "stk:be_kurouzu"
          },
          {
            "filters": {
              "all_of": [
                {
                  "test": "has_tag",
                  "subject": "self",
                  "value": "kurouzuend"
                },
                {
                  "test":"is_variant",
                  "operator":"==",
                  "subject":"self",
                  "value":270
                }
              ]
            },
            "event": "stk:kurouzu_end"
          }
        ]
      },
      "minecraft:follow_range": {
        "value": 32,
        "max": 32
      },
      "minecraft:type_family": {
        "family": ["pirate","luffy"]
      },
      "minecraft:movement": {
        "value": 0.24
      },
      "minecraft:health": {
        "value": 500,
        "max": 500
      },
        "minecraft:boss": {
          "name": "§l§cMonkey D. Luffy [[hp: 500]]",
          "should_darken_sky": true,
          "hud_range": 10
        },
      "minecraft:attack":{
        "damage":50
      },
      "minecraft:loot": {
        "table": "loot_tables/luffy.json"
      },
      "minecraft:nameable": {
      },
     "minecraft:scale":{
        "value": 1.10
      },
      "minecraft:collision_box": {
        "width": 0.9,
        "height": 1.9
      },
      "minecraft:movement.basic": {
      },
      "minecraft:navigation.walk": {
        "is_amphibious": true,
        "can_pass_doors":true,
        "can_break_doors":false,
        "can_walk":true,
        "can_open_doors": true,
        "can_path_over_water": true,
        "avoid_water": true
      },
      "minecraft:jump.static": {},
      "minecraft:can_climb": {
      },
      "minecraft:hurt_on_condition": {
        "damage_conditions": [
          {
            "filters": {
              "test": "in_lava",
              "subject": "self",
              "operator": "==",
              "value": true
            },
            "cause": "lava",
            "damage_per_tick": 4
          }
        ]
      },
      "minecraft:breathable": {
        "breathes_solids":true,
        "total_supply": 15,
        "suffocate_time": -1,
        "inhale_time": 3.75,
        "generates_bubbles": false
      },
      "minecraft:despawn": {
        "despawn_from_distance": {
          "min_distance":64
        }
      },
      "minecraft:behavior.melee_attack": {
        "priority": 4,
        "track_target": true,
        "speed_multiplier": 1.25
      },
      "minecraft:behavior.random_stroll": {
        "priority": 6,
        "speed_multiplier": 1
      },
      "minecraft:behavior.look_at_player": {
        "priority": 9,
        "look_distance": 10,
        "probability": 0.02
      },
      "minecraft:behavior.random_look_around":{
        "priority":7,
        "speed_multiplier":1
      },
      "minecraft:physics": {
      },
      "minecraft:pushable": {
        "is_pushable": true,
        "is_pushable_by_piston": true
      },
      "minecraft:conditional_bandwidth_optimization": {
      },
      "minecraft:experience_reward": {
        "on_death": "query.last_hit_by_player ? 50 + (query.equipment_count * Math.Random(1,3)) : 0"
      }
    },
   	"events": {
	  "kill": {
        "run_command": {
          "command": [
            "scoreboard players add @p[r=5] xp 400","scoreboard players add @p[r=5] din 10","summon stk:gear4","summon stk:bau"
		  ]
		}
	  },
      "minecraft:entity_spawned":{
        "add": {
          "component_groups": [
            "stk:wild"
          ]
        }
      },
      "stk:logia_particle":{
        "run_command":{
          "command":"function logia_particles"
        }
      },
      "stk:be_kurouzu":{
        "remove":{
          "component_groups":[
            "stk:wild"
          ]
        },
        "add":{
          "component_groups":[
            "stk:kurouzu"
          ]
        }
      },
      "stk:kurouzu_end":{
        "remove":{
          "component_groups":[
            "stk:kurouzu"
          ]
        },
        "add":{
          "component_groups":[
            "stk:wild"
          ]
        }
      }
    }
}}
























