{
	"format_version": "1.8.0",
	"animations": {
		"animation.alex_resistance.general": {
			"loop": true,
			"animation_length": 1,
			"bones": {
				"rightArm": {
					"rotation": {
						"0.0": [0, 0, 0],
						"0.5": [0, 0, 7.5],
						"1.0": [0, 0, 0]
					}
				},
				"leftArm": {
					"rotation": {
						"0.0": [0, 0, 0],
						"0.5": [0, 0, -5],
						"1.0": [0, 0, 0]
					}
				}
			}
		},
		"animation.alex_resistance.moving": {
			"loop": true,
			"animation_length": 1,
			"bones": {
				"rightArm": {
					"rotation": {
						"0.0": [25, 0, 0],
						"0.5": [-32.5, 0, 0],
						"1.0": [22.5, 0, 0]
					}
				},
				"leftArm": {
					"rotation": {
						"0.0": [-30, 0, 0],
						"0.5": [30, 0, 0],
						"1.0": [-17.5, 0, 0]
					}
				},
				"rightLeg": {
					"rotation": {
						"0.0": [22.5, 0, 0],
						"0.5": [-30, 0, 0],
						"1.0": [17.5, 0, 0]
					}
				},
				"leftLeg": {
					"rotation": {
						"0.0": [-27.5, 0, 0],
						"0.5": [22.5, 0, 0],
						"1.0": [-22.5, 0, 0]
					}
				}
			}
		},
		"animation.alex_resistance.attack": {
			"animation_length": 1.5,
			"bones": {
				"body": {
					"rotation": [0, 0, 0]
				},
				"head": {
					"rotation": {
						"0.0": [0, 0, 0],
						"0.5": [0, -17.5, 0],
						"1.0": [0, 2.5, 0]
					}
				},
				"mask": {
					"rotation": [0, 0, 0]
				},
				"rightArm": {
					"rotation": {
						"0.0": [-2.5, 0, 0],
						"0.5": [-1.89531, -0.00352, 15.01211],
						"1.0": [-2.5, 0, 0]
					}
				},
				"leftArm": {
					"rotation": {
						"0.0": [0, 0, 0],
						"0.5": [-74.65328, -36.5078, -9.1711],
						"1.0": [-34.07647, 9.9092, -26.28325],
						"1.5": [-2.1597, 0.00265, -0.71204]
					}
				},
				"leftHand": {
					"rotation": {
						"0.0": [0, 0, 0],
						"0.5": [-12.5, 0, 0],
						"1.5": [0, 0, 0]
					}
				}
			}
		}
	}
}