{
	"format_version": "1.8.0",
	"animations": {
		"animation.ambush.general": {
			"loop": true,
			"animation_length": 1.5,
			"bones": {
				"bb_main": {
					"position": {
						"0.0": [2, 0, 11],
						"0.5": [2, -1, 11],
						"1.0": [2, 0, 11],
						"1.5": [2, -1, 11]
					},
					"scale": {
						"0.0": [1, 1, 8],
						"0.5": [1, 0.9, 8],
						"1.0": [1, 1.1, 8],
						"1.5": [1, 1, 8]
					}
				}
			}
		},
		"animation.ambush.scare": {
			"animation_length": 1.66667,
			"bones": {
				"bb_main": {
					"rotation": {
						"0.0": [0, 0, 0],
						"0.5": [15, 0, 0],
						"0.6667": [14, 0, 0],
						"0.9167": [0, 0, 0],
						"1.0833": [0, 0, 2.5],
						"1.1667": [0, 0, -7.5],
						"1.25": [0, 0, 5],
						"1.3333": [0, 0, -2.5],
						"1.375": [0, 0, 7.5],
						"1.4167": [0, 0, 0]
					},
					"position": {
						"0.0": [2, 0, 0],
						"0.5": [2, 0, 24],
						"0.6667": [2, -0.8, 33.8],
						"0.9167": [2, -2, 1],
						"1.6667": [2, -2, 2]
					},
					"scale": {
						"0.0": [1, 1, 1],
						"0.5": [1, 0.9, 1]
					}
				}
			}
		}
	}
}