{
	"format_version": "1.8.0",
	"animations": {
		"animation.capibara.general": {
			"loop": true,
			"animation_length": 1,
			"bones": {
				"head": {
					"rotation": {
						"0.0": [0, 0, 0],
						"0.5": [4.60786, -1.36055, 0.94603],
						"1.0": [2.185, -0.74798, 0.94144]
					}
				},
				"bone": {
					"rotation": {
						"0.0": [-2.5, 0, 0],
						"0.5": [-2.5, 0, 0],
						"1.0": [0, 0, 0]
					}
				},
				"bone2": {
					"rotation": {
						"0.0": [2.5, 0, 0],
						"0.5": [40, 0, 0],
						"1.0": [15, 0, 0]
					}
				},
				"body": {
					"rotation": {
						"0.0": [0, 0, 0],
						"0.5": [2.5, 0, 0],
						"1.0": [0, 0, 0]
					}
				}
			}
		},
		"animation.capibara.moving": {
			"loop": true,
			"animation_length": 1,
			"bones": {
				"bone3": {
					"rotation": {
						"0.0": [0, 0, 0],
						"0.25": [0, 0, -2.5],
						"0.5": [0, 0, 3.33],
						"1.0": [0, 0, 0]
					}
				},
				"leg3": {
					"rotation": {
						"0.0": [22.5, 0, 0],
						"0.5": [-17.5, 0, 0],
						"1.0": [40, 0, 0]
					}
				},
				"leg2": {
					"rotation": {
						"0.0": [-22.49104, 0.2342, -0.64315],
						"0.5": [30.00896, 0.2342, -0.64315],
						"1.0": [-22.49104, 0.2342, -0.64315]
					}
				},
				"leg1": {
					"rotation": {
						"0.0": [20, 0, 0],
						"0.5": [-12.5, 0, 0],
						"1.0": [30, 0, 0]
					}
				},
				"leg0": {
					"rotation": {
						"0.0": [-25, 0, 0],
						"0.5": [27.5, 0, 0],
						"1.0": [-20, 0, 0]
					}
				},
				"head": {
					"rotation": {
						"0.0": [0, 0, 0],
						"0.5": [10, 0, 0],
						"1.0": [2.5, 0, 0]
					}
				},
				"bone2": {
					"rotation": {
						"0.0": [0, 0, 0],
						"0.5": [37.5, 0, 0],
						"1.0": [15, 0, 0]
					}
				},
				"body": {
					"rotation": {
						"0.0": [0, 0, 0],
						"0.5": [2.5, 0, 0],
						"1.0": [0, 0, 0]
					}
				}
			}
		},
		"animation.capibara.eating": {
			"loop": true,
			"animation_length": 1,
			"bones": {
				"leg3": {
					"rotation": [-7.5, 0, 0]
				},
				"leg2": {
					"rotation": [-7.5, 0, 0]
				},
				"leg1": {
					"rotation": [17.5, 0, 0]
				},
				"leg0": {
					"rotation": [15, 0, 0]
				},
				"head": {
					"rotation": {
						"0.0": [42.5, 0, 0],
						"0.2917": [45.51874, 12.67816, -12.16322],
						"0.4167": [47.32221, -11.68505, 10.23034],
						"0.5": [50, 0, 0],
						"1.0": [37.5, 0, 0]
					}
				},
				"bone": {
					"rotation": {
						"0.0": [0, 0, 0],
						"0.5": [-27.5, 0, 0],
						"1.0": [0, 0, 0]
					}
				},
				"bone2": {
					"rotation": {
						"0.0": [0, 0, 0],
						"0.5": [30, 0, 0],
						"1.0": [0, 0, 0]
					}
				},
				"body": {
					"rotation": {
						"0.0": [0, 0, 0],
						"0.5": [5, 0, 0],
						"1.0": [2.5, 0, 0]
					}
				}
			}
		},
		"animation.capibara.death": {
			"loop": "hold_on_last_frame",
			"animation_length": 1.5,
			"bones": {
				"bone3": {
					"rotation": {
						"0.0": [0, 0, 0],
						"0.5": [1.25, 0, 0],
						"1.0": [-182.5, 0, 0]
					},
					"position": {
						"0.0": [0, 0, 0],
						"0.5": [0, 0, 0],
						"1.0": [0, 14, 0]
					}
				},
				"leg3": {
					"rotation": {
						"0.0": [0, 0, 0],
						"0.5": [0, 0, 12.5],
						"1.0": [0, 0, 135]
					}
				},
				"leg2": {
					"rotation": {
						"0.0": [0, 0, 0],
						"0.5": [0, 0, -17.5],
						"1.0": [0, 0, -125]
					}
				},
				"leg1": {
					"rotation": {
						"0.0": [2.5, 0, 0],
						"0.5": [5.72359, 5.73726, 10.37175],
						"1.0": [13.56545, -2.04767, 125.02564]
					}
				},
				"leg0": {
					"rotation": {
						"0.0": [2.5, 0, 0],
						"0.5": [4.47061, -5.14362, -6.52246],
						"1.0": [10.97749, 1.98315, -127.52635]
					}
				},
				"head": {
					"rotation": {
						"0.0": [0, 0, 0],
						"0.5": [-35, 0, 0],
						"1.0": [14.51082, 3.84097, -14.51082],
						"1.5": [7.35618, -3.536, 9.47771]
					}
				},
				"bone": {
					"rotation": {
						"0.0": [0, 0, 0],
						"0.5": [-30, 0, 0],
						"1.0": [-22.5, 0, 0],
						"1.5": [-32.5, 0, 0]
					}
				},
				"bone2": {
					"rotation": {
						"0.0": [0, 0, 0],
						"0.5": [37.5, 0, 0],
						"1.0": [-5, 0, 0],
						"1.5": [19.5623, 4.2453, -11.76782]
					}
				},
				"body": {
					"rotation": {
						"0.0": [0, 0, 0],
						"0.5417": [10, 0, 0],
						"1.0": [2.5, 0, 0]
					}
				}
			}
		}
	}
}