{
	"format_version": "1.8.0",
	"animations": {
		"animation.crucifix.general": {
			"loop": "hold_on_last_frame",
			"animation_length": 4,
			"bones": {
				"bone": {
					"rotation": {
						"0.0": [0, 0, 0],
						"0.5": [0, 70, 0],
						"1.0": [0, 90, 0],
						"1.5": [0, 140, 0],
						"2.0": [0, 180, 0],
						"2.5": [0, 245, 0],
						"3.0": [0, 360, 0],
						"3.5": [0, 452.5, 0],
						"4.0": [0, 540, 0]
					},
					"position": {
						"0.0": [1, 4, 0],
						"0.5": [1, 8, 0],
						"1.0": [1, 7, 0],
						"1.5": [1, 8, 0],
						"2.0": [1, 7, 0],
						"2.5": [1, 6, 0],
						"3.0": [1, 7, 0],
						"4.0": [1, 9, 0]
					},
					"scale": {
						"0.0": [0.7, 0.7, 1],
						"2.0": [0.55, 0.65, 1],
						"3.0": [0.575, 0.625, 1],
						"3.5": [0.2875, 0.3125, 0.8],
						"4.0": [0, 0, 1]
					}
				}
			}
		}
	}
}