{
	"format_version": "1.8.0",
	"animations": {
		"animation.door50.open": {
			"loop": "hold_on_last_frame",
			"animation_length": 2,
			"bones": {
				"right": {
					"rotation": {
						"0.0": [0, 0, 0],
						"0.5": [0, 42.5, 0],
						"1.0": [0, 92.5, 0],
						"1.5": [0, 96.25, 0],
						"2.0": [0, 110, 0]
					}
				},
				"left": {
					"rotation": {
						"0.0": [0, 0, 0],
						"0.5": [0, -37.5, 0],
						"1.0": [0, -87.5, 0],
						"1.5": [0, -93.75, 0],
						"2.0": [0, -127.5, 0]
					}
				}
			}
		},
		"animation.door50.close": {
			"loop": "hold_on_last_frame",
			"animation_length": 2,
			"bones": {
				"right": {
					"rotation": {
						"0.0": [0, 137.5, 0],
						"0.5": [0, 122.5, 0],
						"1.0": [0, 85, 0],
						"1.5": [0, 75, 0],
						"2.0": [0, 0, 0]
					}
				},
				"left": {
					"rotation": {
						"0.0": [0, -122.5, 0],
						"0.5": [0, -117.5, 0],
						"1.0": [0, -92.5, 0],
						"1.5": [0, -83.75, 0],
						"2.0": [0, 0, 0]
					}
				}
			}
		},
		"animation.door50.north": {
			"loop": true
		},
		"animation.door50.east": {
			"loop": true,
			"bones": {
				"All": {
					"rotation": [-90.96574, 89.6102, -91.06841]
				}
			}
		},
		"animation.door50.south": {
			"animation_length": 2,
			"bones": {
				"All": {
					"rotation": [0, 180, 0]
				}
			}
		},
		"animation.door50.west": {
			"animation_length": 2,
			"bones": {
				"All": {
					"rotation": [0, 90, 0]
				}
			}
		}
	}
}