{
	"format_version": "1.8.0",
	"animations": {
		"animation.drawer.general": {
			"loop": true
		},
		"animation.drawer.open": {
			"loop": "hold_on_last_frame",
			"animation_length": 0.5,
			"bones": {
				"drawer": {
					"position": {
						"0.0": [0, 0, 0],
						"0.5": [0, 0, -4]
					}
				},
				"drawer2": {
					"position": {
						"0.0": [0, 0, 0],
						"0.5": [0, 0, -3]
					}
				},
				"drawer3": {
					"position": {
						"0.0": [0, 0, 0],
						"0.5": [0, 0, -4]
					}
				}
			}
		},
		"animation.drawer.close": {
			"loop": "hold_on_last_frame",
			"animation_length": 0.5,
			"bones": {
				"drawer": {
					"position": {
						"0.0": [0, 0, -2],
						"0.5": [0, 0, 0]
					}
				},
				"drawer2": {
					"position": {
						"0.0": [0, 0, -3],
						"0.5": [0, 0, 0]
					}
				},
				"drawer3": {
					"position": {
						"0.0": [0, 0, -4],
						"0.5": [0, 0, 0]
					}
				}
			}
		}
	}
}