{
	"format_version": "1.8.0",
	"animations": {
		"animation.elevator.open": {
			"loop": "hold_on_last_frame",
			"animation_length": 1,
			"bones": {
				"door": {
					"position": {
						"0.0": [0, 0, 0],
						"0.5": [-14, 0, 0],
						"1.0": [0, 0, 0]
					}
				}
			}
		},
		"animation.elevator.close": {
			"loop": "hold_on_last_frame",
			"animation_length": 0.5,
			"bones": {
				"door": {
					"position": {
						"0.0": [-14, 0, 0],
						"0.5": [0, 0, 0]
					}
				}
			}
		},
		"animation.elevator.get_out": {
			"animation_length": 1,
			"bones": {
				"door": {
					"position": {
						"0.0": [0, 0, 0],
						"0.5": [-14, 0, 0],
						"1.0": [1, 0, 0]
					}
				}
			}
		}
	}
}