{
	"format_version": "1.8.0",
	"animations": {
		"animation.figure_bad.general": {
			"loop": true,
			"animation_length": 1.5,
			"bones": {
				"body": {
					"rotation": {
						"0.0": [0, 0, 0],
						"0.5": [2.5, 0, 0],
						"1.5": [0, 0, 0]
					}
				},
				"head": {
					"rotation": {
						"0.0": [0, 0, 0],
						"0.5": [2.5, 0, 0],
						"1.5": [0, 0, 0]
					}
				},
				"arm2": {
					"rotation": {
						"0.0": [0, 0, 0],
						"0.5": [0, 0, -2.5],
						"1.5": [0, 0, 0]
					}
				},
				"arm1": {
					"rotation": {
						"0.0": [0, 0, 0],
						"0.5": [0.2114, -0.14434, 4.99318],
						"1.5": [0.22317, -0.12537, -0.0068]
					}
				},
				"all": {
					"position": [1, -2, 0],
					"scale": [0.9, 0.8, 1]
				}
			}
		},
		"animation.figure_bad.moving": {
			"loop": true,
			"animation_length": 1,
			"bones": {
				"leg1": {
					"rotation": {
						"0.0": [-20, 0, 0],
						"0.5": [17.5, 0, 0],
						"1.0": [-15, 0, 0]
					}
				},
				"leg2": {
					"rotation": {
						"0.0": [17.5, 0, 0],
						"0.5": [-20, 0, 0],
						"1.0": [20, 0, 0]
					}
				},
				"body": {
					"rotation": {
						"0.0": [-2.5, 0, 0],
						"0.5": [2.5, 0, 0],
						"1.0": [-2.5, 0, 0]
					}
				},
				"head": {
					"rotation": {
						"0.0": [-7.5, 0, 0],
						"0.5": [-5, 0, 0]
					}
				},
				"arm2": {
					"rotation": {
						"0.0": [0, 0, -10],
						"0.5": [0, 0, -15],
						"1.0": [0, 0, -7.5]
					}
				},
				"arm1": {
					"rotation": {
						"0.0": [0, 0, 7.5],
						"0.5": [0, 0, 12.5],
						"1.0": [0, 0, 7.5]
					}
				}
			}
		},
		"animation.figure_bad.running": {
			"loop": true,
			"animation_length": 1,
			"bones": {
				"leg1": {
					"rotation": {
						"0.0": [-20, 0, 0],
						"0.5": [17.5, 0, 0],
						"1.0": [-15, 0, 0]
					}
				},
				"leg2": {
					"rotation": {
						"0.0": [17.5, 0, 0],
						"0.5": [-20, 0, 0],
						"1.0": [20, 0, 0]
					}
				},
				"body": {
					"rotation": {
						"0.0": [-2.5, 0, 0],
						"0.5": [2.5, 0, 0],
						"1.0": [-2.5, 0, 0]
					}
				},
				"head": {
					"rotation": {
						"0.0": [-7.5, 0, 0],
						"0.5": [-5, 0, 0]
					}
				},
				"arm2": {
					"rotation": {
						"0.0": [0, 0, -10],
						"0.5": [0, 0, -15],
						"1.0": [0, 0, -7.5]
					}
				},
				"arm1": {
					"rotation": {
						"0.0": [0, 0, 7.5],
						"0.5": [0, 0, 12.5],
						"1.0": [0, 0, 7.5]
					}
				}
			}
		},
		"animation.figure_bad.scene": {
			"loop": "hold_on_last_frame",
			"animation_length": 3.5,
			"bones": {
				"all": {
					"rotation": {
						"0.0": [0, 2.5, 0],
						"2.5": [0, -1.67, 0],
						"3.0": [0, 87.5, 0]
					},
					"position": {
						"0.0": [0, -2, 0],
						"0.5": [-3.5, -2, 0],
						"1.0": [-1.67, -2, 0],
						"2.0": [-58, -3, 0],
						"2.5": [-58, -2, -116],
						"3.0": [-130, -3, -116],
						"3.5": [-202, 0, -116]
					},
					"scale": [0.9, 0.8, 1]
				},
				"leg1": {
					"rotation": {
						"0.0": [0, 0, 0],
						"1.5417": [0.99, 0, 0],
						"2.0": [17.5, 0, 0],
						"2.1667": [-15, 0, 0],
						"2.5": [0, 0, 0],
						"2.9583": [-12.5, 0, 0],
						"3.1667": [2.5, 0, 0]
					}
				},
				"leg2": {
					"rotation": {
						"0.0": [0, 0, 0],
						"0.5": [0, 0, -12.5],
						"1.5": [0, 0, 0],
						"2.0": [0.63, 0, 0],
						"2.1667": [17.5, 0, 0],
						"2.5": [0, 0, 0],
						"2.9583": [20, 0, 0],
						"3.1667": [2.5, 0, 0]
					}
				},
				"body": {
					"rotation": {
						"0.0": [0, 0, 0],
						"0.5": [0, 0, 27.5],
						"1.5": [-17.5, 0, 0],
						"2.0": [0, 0, 0]
					}
				},
				"head": {
					"rotation": {
						"0.0": [0, 0, 0],
						"0.5": [0, 0, 7.5],
						"1.5": [0, 0, 0]
					}
				},
				"arm2": {
					"rotation": {
						"0.0": [0, 0, 0],
						"0.5": [67.5, 0, -47.5],
						"1.5": [6.15518, -4.29357, -12.73095]
					}
				},
				"arm1": {
					"rotation": {
						"0.0": [0, 0, 0],
						"1.5": [0, 0, 10]
					}
				}
			}
		},
		"animation.figure_bad.scene2": {
			"loop": "hold_on_last_frame",
			"animation_length": 2.5,
			"bones": {
				"all": {
					"rotation": {
						"0.0": [0, 0, 0],
						"1.0": [-35, 0, 0],
						"1.5": [-63.75, 0, 0],
						"2.0": [-75, 0, 0],
						"2.5": [-5, 0, 0]
					},
					"position": {
						"0.0": [0, -2, 0],
						"0.5417": [0, 11, -2],
						"2.0": [0, -59, -92]
					},
					"scale": [0.9, 0.8, 1]
				},
				"leg1": {
					"rotation": {
						"0.0": [0, 0, 0],
						"1.5": [5, 0, 0]
					}
				},
				"leg2": {
					"rotation": {
						"0.0": [0, 0, 0],
						"1.5": [-12.5, 0, 0],
						"2.5": [5, 0, 0]
					}
				},
				"body": {
					"rotation": {
						"0.0": [0, 0, 0],
						"1.5": [10, 0, 0],
						"2.5": [5, 0, 0]
					}
				},
				"head": {
					"rotation": [0, 0, 0]
				},
				"arm2": {
					"rotation": {
						"0.0": [0, 0, 0],
						"0.5": [130, 0, 0],
						"2.5": [0, 0, 0]
					}
				},
				"arm1": {
					"rotation": {
						"0.0": [0, 0, 0],
						"0.5": [135, 0, 0],
						"2.5": [0, 0, 0]
					}
				}
			}
		},
		"animation.figure_bad.look_down": {
			"loop": true,
			"bones": {
				"body": {
					"rotation": [-15, 0, 0]
				},
				"head": {
					"rotation": [-25, 0, 0]
				},
				"arm2": {
					"rotation": [20, 0, 0]
				},
				"arm1": {
					"rotation": [20, 0, 0]
				}
			}
		}
	}
}