{
	"format_version": "1.8.0",
	"animations": {
		"animation.flashlight.first_person": {
			"loop": true,
			"bones": {
				"rightitem": {
					"rotation": [87.67522, -1.43244, -0.32344],
					"position": [20, 9, -6],
					"scale": [0.8, 0.8, 1]
				},
				"Flashlight": {
					"rotation": [0, 0, -90],
					"position": [13, 17, 0]
				},
				"flashlight": {
					"rotation": [0, 0, 90],
					"position": [-18, 12, 4],
					"scale": [1.1, 1, 1.6]
				}
			}
		},
		"animation.flashlight.third_person": {
			"loop": true,
			"bones": {
				"rightitem": {
					"rotation": [41.1501, -0.08521, 2.82892],
					"position": [0, -2, 0],
					"scale": [0.6, 0.6, 0.5]
				}
			}
		}
	}
}