{
	"format_version": "1.8.0",
	"animations": {
		"animation.halt.general": {
			"loop": true,
			"animation_length": 1.04167,
			"bones": {
				"body": {
					"rotation": {
						"0.0": [0, 0, 0],
						"0.5": [0, 45, 0],
						"1.0": [0, 92.5, 0]
					},
					"position": {
						"0.0": [0, -1, 0],
						"0.5": [0, 1, 0],
						"1.0": [0, -1, 0]
					},
					"scale": [1.6, 1.7, 1.7]
				},
				"eyes": {
					"position": {
						"0.0": [0, 6, -6],
						"0.2": [0, 6, -11],
						"0.6": [0, 6, -12.5],
						"1.0": [0, 6, -7]
					},
					"scale": {
						"0.0": [1.5, 1.3, 1],
						"0.5": [1.4, 1.3, 1],
						"1.0": [1.4, 1.2, 1]
					}
				}
			}
		}
	}
}