{
	"format_version": "1.8.0",
	"animations": {
		"animation.jimothy.general": {
			"loop": true,
			"animation_length": 1,
			"bones": {
				"bone": {
					"rotation": {
						"0.0": [0, 0, 0],
						"0.5": [10, 0, 0],
						"1.0": [0, 0, 0]
					}
				},
				"bone5": {
					"rotation": {
						"0.0": [0, 0, 0],
						"0.5": [-10, 0, 0],
						"1.0": [0, 0, 0]
					}
				}
			}
		},
		"animation.jimothy.attack": {
			"animation_length": 1.5,
			"bones": {
				"All": {
					"rotation": {
						"0.0": [0, 0, 0],
						"0.5": [-67.5, 0, 0],
						"1.5": [2.5, 0, 0]
					},
					"position": {
						"0.0": [0, 0, 0],
						"0.5": [0, 20, -10],
						"1.5": [0, 3, 0]
					}
				}
			}
		}
	}
}