{
	"format_version": "1.8.0",
	"animations": {
		"animation.light_circle.general": {
			"loop": "hold_on_last_frame",
			"animation_length": 3.5,
			"bones": {
				"bone": {
					"rotation": {
						"0.0": [0, 2.5, 0],
						"1.0": [0, -25, 0],
						"1.5": [0, -70, 0],
						"2.0": [0, -87.5, 0],
						"2.5": [0, -180, 0]
					},
					"position": {
						"0.0": [0, -2, 0],
						"0.5": [0, 0, 0],
						"3.0": [0, 0.17, 0],
						"3.5": [0, -13, 0]
					},
					"scale": {
						"0.0": [0.8, 0.9, 0.3],
						"0.5": [2, 0.9, 2],
						"3.0": [1.5, 0.9, 1.8167],
						"3.5": [0.2, 0.9, 0.1]
					}
				}
			}
		}
	}
}