{
	"format_version": "1.8.0",
	"animations": {
		"animation.seek_hand.general": {
			"loop": true,
			"animation_length": 1,
			"bones": {
				"bone": {
					"rotation": [89.89099, -0.00238, -92.49762],
					"position": [0, 10, 0],
					"scale": [2, 1.6, 1.6]
				},
				"Arm1": {
					"rotation": {
						"0.0": [12.5, 0, 0],
						"0.5": [-15, 0, 0],
						"1.0": [20, 0, 0]
					}
				},
				"Forearm1": {
					"rotation": {
						"0.0": [-17.5, 0, 0],
						"0.5": [12.5, 0, 0],
						"1.0": [-57.5, 0, 0]
					}
				},
				"bone2": {
					"rotation": {
						"0.0": [42.5, 0, 0],
						"0.5": [-45, 0, 0],
						"1.0": [22.5, 0, 0]
					}
				},
				"bone3": {
					"rotation": [0, 0, -20]
				},
				"bone4": {
					"rotation": [0, 0, -2.5]
				},
				"bone5": {
					"rotation": [0, 0, 10]
				}
			}
		},
		"animation.seek_hand.grab": {
			"animation_length": 1,
			"bones": {
				"bone": {
					"rotation": [90, -2.5, -90],
					"position": {
						"0.0": [0, 6, 0],
						"0.5": [0, 6, -6],
						"1.0": [0, 6, 31]
					}
				},
				"Forearm1": {
					"rotation": [0, 0, 45]
				},
				"bone2": {
					"rotation": [0, 0, 10]
				},
				"bone3": {
					"rotation": [0, 0, -12.5]
				},
				"bone5": {
					"rotation": [0, 0, 15]
				}
			}
		}
	}
}