{
	"format_version": "1.8.0",
	"animations": {
		"animation.seek.general": {
			"loop": true,
			"animation_length": 1.5,
			"bones": {
				"Head": {
					"rotation": {
						"0.0": {
							"post": [0, 0, 0],
							"lerp_mode": "catmullrom"
						},
						"0.5": {
							"post": [16.39, 0, 0],
							"lerp_mode": "catmullrom"
						},
						"0.75": {
							"post": [20, 0, 0],
							"lerp_mode": "catmullrom"
						},
						"1.5": {
							"post": [0, 0, 0],
							"lerp_mode": "catmullrom"
						}
					},
					"position": {
						"0.0": {
							"post": [0, 0, 0],
							"lerp_mode": "catmullrom"
						},
						"0.75": {
							"post": [0, -1, -1],
							"lerp_mode": "catmullrom"
						},
						"1.5": {
							"post": [0, 0, 0],
							"lerp_mode": "catmullrom"
						}
					},
					"scale": [0.9, 0.9, 1]
				},
				"Body": {
					"rotation": {
						"0.0": {
							"post": [0, 0, 0],
							"lerp_mode": "catmullrom"
						},
						"0.75": {
							"post": [5, 0, 0],
							"lerp_mode": "catmullrom"
						},
						"1.5": {
							"post": [0, 0, 0],
							"lerp_mode": "catmullrom"
						}
					},
					"position": {
						"0.0": {
							"post": [0, 0, 0],
							"lerp_mode": "catmullrom"
						},
						"0.75": {
							"post": [0, -0.5, 0],
							"lerp_mode": "catmullrom"
						},
						"1.5": {
							"post": [0, 0, 0],
							"lerp_mode": "catmullrom"
						}
					}
				},
				"Arm1": {
					"rotation": {
						"0.0": {
							"post": [0, 0, 7.5],
							"lerp_mode": "catmullrom"
						},
						"0.375": {
							"post": [15, 0, 0],
							"lerp_mode": "catmullrom"
						},
						"0.75": {
							"post": [0, 0, 0],
							"lerp_mode": "catmullrom"
						},
						"1.0": {
							"post": [-12.12499, 1.42808, 3.38885],
							"lerp_mode": "catmullrom"
						},
						"1.125": {
							"post": [-14.51082, 3.84097, 14.51082],
							"lerp_mode": "catmullrom"
						},
						"1.5": {
							"post": [0, 0, 7.5],
							"lerp_mode": "catmullrom"
						}
					},
					"position": {
						"0.0": {
							"post": [0, 0, 0],
							"lerp_mode": "catmullrom"
						},
						"0.75": {
							"post": [0, -1, -1],
							"lerp_mode": "catmullrom"
						},
						"1.5": {
							"post": [0, 0, 0],
							"lerp_mode": "catmullrom"
						}
					},
					"scale": [1, 1.2, 1]
				},
				"Arm2": {
					"rotation": {
						"0.0": {
							"post": [0, 0, -10],
							"lerp_mode": "catmullrom"
						},
						"0.375": {
							"post": [15, 0, 0],
							"lerp_mode": "catmullrom"
						},
						"0.75": {
							"post": [0, 0, 0],
							"lerp_mode": "catmullrom"
						},
						"1.0": {
							"post": [-12.05329, -1.9776, -6.21293],
							"lerp_mode": "catmullrom"
						},
						"1.125": {
							"post": [-14.65993, -3.21132, -12.08681],
							"lerp_mode": "catmullrom"
						},
						"1.5": {
							"post": [0, 0, -10],
							"lerp_mode": "catmullrom"
						}
					},
					"position": {
						"0.0": {
							"post": [0, 0, 0],
							"lerp_mode": "catmullrom"
						},
						"0.75": {
							"post": [0, -1, -1],
							"lerp_mode": "catmullrom"
						},
						"1.5": {
							"post": [0, 0, 0],
							"lerp_mode": "catmullrom"
						}
					},
					"scale": [1, 1.2, 1]
				},
				"Slime": {
					"scale": 0
				},
				"bone": {
					"position": [0, 4, 0]
				},
				"Leg2": {
					"rotation": [0, -15, 0],
					"scale": [1, 1.2, 1]
				},
				"Shin2": {
					"rotation": [0, 7.5, 0]
				},
				"Leg1": {
					"rotation": [0.44067, 9.99038, 2.53852],
					"scale": [1, 1.2, 1]
				},
				"Shin1": {
					"rotation": [0.32902, -7.49282, -2.52154]
				},
				"Forearm2": {
					"rotation": {
						"0.0": [-17.5, 0, 0],
						"1.0": [-2.5, 0, 0],
						"1.5": [-20, 0, 0]
					}
				},
				"Forearm1": {
					"rotation": {
						"0.0": [-7.5, 0, 0],
						"1.0": [-2.5, 0, 0],
						"1.5": [-15, 0, 0]
					}
				},
				"Eye": {
					"position": [0, 0, 0],
					"scale": {
						"0.0": [1, 1, 1.3],
						"0.5": [0.9, 1, 1],
						"1.0": [1, 1, 1],
						"1.1875": [0.9, 1, 1],
						"1.5": [1, 1, 1]
					}
				}
			}
		},
		"animation.seek_s.general": {
			"loop": "hold_on_last_frame",
			"animation_length": 6.5,
			"bones": {
				"Head": {
					"rotation": {
						"0.0": {
							"post": [0, 2.5, 0],
							"lerp_mode": "catmullrom"
						},
						"2.0": {
							"post": [-76.66667, 0.74074, 0],
							"lerp_mode": "catmullrom"
						},
						"2.25": {
							"post": [-2.65625, 0.46658, 0],
							"lerp_mode": "catmullrom"
						},
						"3.0": {
							"post": [0, 0, 0],
							"lerp_mode": "catmullrom"
						},
						"3.5": {
							"post": [22.5, 0, 0],
							"lerp_mode": "catmullrom"
						},
						"3.7917": {
							"post": [16.76937, 4.17014, 11.21325],
							"lerp_mode": "catmullrom"
						},
						"4.5": {
							"post": [-2.18558, -9.76061, 12.68664],
							"lerp_mode": "catmullrom"
						},
						"4.75": {
							"post": [-0.55948, 0.63717, 24.25494],
							"lerp_mode": "catmullrom"
						},
						"5.5": {
							"post": [-0.67798, 1.35477, 3.4781],
							"lerp_mode": "catmullrom"
						},
						"6.5": {
							"post": [0, 0, 0],
							"lerp_mode": "catmullrom"
						}
					},
					"position": {
						"0.0": {
							"post": [0, -30, 0],
							"lerp_mode": "catmullrom"
						},
						"1.0": {
							"post": [0, -30, 0],
							"lerp_mode": "catmullrom"
						},
						"2.0": {
							"post": [0, -30, 0],
							"lerp_mode": "catmullrom"
						},
						"2.25": {
							"post": [0, -30, 0],
							"lerp_mode": "catmullrom"
						},
						"3.0": {
							"post": [0, -30, 0],
							"lerp_mode": "catmullrom"
						},
						"3.5": {
							"post": [0, -23, -1],
							"lerp_mode": "catmullrom"
						},
						"3.7917": {
							"post": [0, -22, -1],
							"lerp_mode": "catmullrom"
						},
						"4.5": {
							"post": [0, -15, -5],
							"lerp_mode": "catmullrom"
						},
						"5.0": {
							"post": [0, -5, 0],
							"lerp_mode": "catmullrom"
						},
						"5.5": {
							"post": [0, 0, 0],
							"lerp_mode": "catmullrom"
						},
						"6.5": {
							"post": [0, 0, 0],
							"lerp_mode": "catmullrom"
						}
					},
					"scale": {
						"0.0": {
							"post": [1, 0, 1],
							"lerp_mode": "catmullrom"
						},
						"1.0": {
							"post": [1, 0, 1],
							"lerp_mode": "catmullrom"
						},
						"2.0": {
							"post": [1, 1, 1],
							"lerp_mode": "catmullrom"
						},
						"2.25": {
							"post": [1, 0.8, 1],
							"lerp_mode": "catmullrom"
						},
						"2.75": {
							"post": [1, 1, 1],
							"lerp_mode": "catmullrom"
						},
						"3.0": [1, 1, 1],
						"3.5": [0.9, 0.9, 1]
					}
				},
				"Body": {
					"rotation": {
						"3.75": {
							"pre": [0, 0, 0],
							"post": [0, 0, 0],
							"lerp_mode": "catmullrom"
						},
						"4.5": {
							"post": [17.5, 0, 0],
							"lerp_mode": "catmullrom"
						},
						"5.0": {
							"post": [0, 0, 0],
							"lerp_mode": "catmullrom"
						}
					},
					"position": {
						"0.0": {
							"post": [0, -18, 0],
							"lerp_mode": "catmullrom"
						},
						"3.0": {
							"post": [0, -18, 0],
							"lerp_mode": "catmullrom"
						},
						"3.5": {
							"post": [0, -18, 0],
							"lerp_mode": "catmullrom"
						},
						"3.75": {
							"post": [0, -18, 0],
							"lerp_mode": "catmullrom"
						},
						"4.5": {
							"post": [0, -12, 0],
							"lerp_mode": "catmullrom"
						},
						"5.0": {
							"post": [0, -3, 0],
							"lerp_mode": "catmullrom"
						},
						"5.5": [0, 2, 0]
					},
					"scale": {
						"0.0": {
							"post": [1, 0, 1],
							"lerp_mode": "catmullrom"
						},
						"3.0": {
							"post": [1, -0.1325, 1],
							"lerp_mode": "catmullrom"
						},
						"3.5": [1, 0.8675, 1]
					}
				},
				"Arm1": {
					"rotation": {
						"0.0": {
							"post": [0, 0, 0],
							"lerp_mode": "catmullrom"
						},
						"3.0": {
							"post": [0, 0, 0],
							"lerp_mode": "catmullrom"
						},
						"3.5": {
							"post": [-88.56268, 40.79641, 30.85709],
							"lerp_mode": "catmullrom"
						},
						"3.75": {
							"post": [-81.5, 2, 0],
							"lerp_mode": "catmullrom"
						},
						"4.5": {
							"post": [-31.5, 2, 0],
							"lerp_mode": "catmullrom"
						},
						"5.0": {
							"post": [-19, 0, 0],
							"lerp_mode": "catmullrom"
						},
						"5.5": [1, 0, 0],
						"6.5": [0.99145, -0.13052, 7.49887]
					},
					"position": {
						"0.0": {
							"post": [0, -28, 0],
							"lerp_mode": "catmullrom"
						},
						"3.0": {
							"post": [0, -28, 0],
							"lerp_mode": "catmullrom"
						},
						"3.5": {
							"post": [0, -23, 0],
							"lerp_mode": "catmullrom"
						},
						"4.5": {
							"post": [0, -14, -5],
							"lerp_mode": "catmullrom"
						},
						"5.0": {
							"post": [0, -7, -1],
							"lerp_mode": "catmullrom"
						},
						"5.5": {
							"post": [0, 0, 0],
							"lerp_mode": "catmullrom"
						}
					},
					"scale": {
						"0.0": {
							"post": [1, 0, 1],
							"lerp_mode": "catmullrom"
						},
						"3.0": {
							"post": [1, 0, 1],
							"lerp_mode": "catmullrom"
						},
						"3.5": [1, 1, 1],
						"6.5": [1, 1.2, 1]
					}
				},
				"Forearm1": {
					"rotation": {
						"0.0": [0, 0, 0],
						"3.5": [52.5, 0, 0],
						"5.5": [-7.5, 0, 0]
					},
					"scale": [1, 1.1, 1]
				},
				"Arm2": {
					"rotation": {
						"0.0": {
							"post": [0, 0, 0],
							"lerp_mode": "catmullrom"
						},
						"3.0": {
							"post": [0, 0, 0],
							"lerp_mode": "catmullrom"
						},
						"3.5": {
							"post": [-108.95785, -60.02574, 25.965],
							"lerp_mode": "catmullrom"
						},
						"3.75": {
							"post": [-81.40501, -65.19154, 16.36062],
							"lerp_mode": "catmullrom"
						},
						"4.5": {
							"post": [59.11896, -49.41787, -104.70289],
							"lerp_mode": "catmullrom"
						},
						"5.0": {
							"post": [-19, 0, 0],
							"lerp_mode": "catmullrom"
						},
						"5.5": {
							"post": [0, 0, 0],
							"lerp_mode": "catmullrom"
						},
						"6.5": {
							"post": [0, 0, -5],
							"lerp_mode": "catmullrom"
						}
					},
					"position": {
						"0.0": {
							"post": [0, -28, 0],
							"lerp_mode": "catmullrom"
						},
						"3.0": {
							"post": [0, -28, 0],
							"lerp_mode": "catmullrom"
						},
						"3.5": {
							"post": [0, -23, 0],
							"lerp_mode": "catmullrom"
						},
						"4.5": {
							"post": [0, -14, -5],
							"lerp_mode": "catmullrom"
						},
						"5.0": {
							"post": [0, -6, -1],
							"lerp_mode": "catmullrom"
						},
						"5.5": [0, 0, 0]
					},
					"scale": {
						"0.0": {
							"post": [1, 0, 1],
							"lerp_mode": "catmullrom"
						},
						"3.0": {
							"post": [1, 0, 1],
							"lerp_mode": "catmullrom"
						},
						"3.5": [1, 1, 1],
						"6.5": [1, 1.2, 1]
					}
				},
				"Leg1": {
					"position": {
						"0.0": {
							"post": [0, -18, 0],
							"lerp_mode": "catmullrom"
						},
						"3.5": {
							"post": [0, -18, 0],
							"lerp_mode": "catmullrom"
						},
						"3.75": {
							"post": [0, -18, 0],
							"lerp_mode": "catmullrom"
						},
						"4.0": {
							"post": [0, -15, 0],
							"lerp_mode": "catmullrom"
						},
						"4.5": {
							"post": [0, -9, 0],
							"lerp_mode": "catmullrom"
						},
						"5.0": {
							"post": [0, -3, 0],
							"lerp_mode": "catmullrom"
						},
						"5.5": [0, 2, 0]
					},
					"scale": {
						"0.0": {
							"post": [1, 0, 1],
							"lerp_mode": "catmullrom"
						},
						"3.75": {
							"post": [1, 0, 1],
							"lerp_mode": "catmullrom"
						},
						"4.5": {
							"post": [1, 0.5, 1],
							"lerp_mode": "catmullrom"
						},
						"5.0": {
							"post": [1, 0.8, 1],
							"lerp_mode": "catmullrom"
						},
						"5.5": [1, 1.1, 1],
						"6.25": [1, 1.275, 1],
						"6.5": [1, 1.2, 1]
					}
				},
				"Leg2": {
					"position": {
						"0.0": {
							"post": [0, -18, 0],
							"lerp_mode": "catmullrom"
						},
						"3.75": {
							"post": [0, -18, 0],
							"lerp_mode": "catmullrom"
						},
						"4.5": {
							"post": [0, -9, 0],
							"lerp_mode": "catmullrom"
						},
						"5.5": [0, 2, 0]
					},
					"scale": {
						"0.0": {
							"post": [1, 0, 1],
							"lerp_mode": "catmullrom"
						},
						"3.75": {
							"post": [1, 0, 1],
							"lerp_mode": "catmullrom"
						},
						"4.5": {
							"post": [1, 0.5, 1],
							"lerp_mode": "catmullrom"
						},
						"5.5": [1, 1.1, 1],
						"6.25": [1, 1.275, 1],
						"6.5": [1, 1.2, 1]
					}
				},
				"Slime": {
					"rotation": {
						"0.0": {
							"post": [0, -45, 0],
							"lerp_mode": "catmullrom"
						},
						"0.5": {
							"post": [0, 0, 0],
							"lerp_mode": "catmullrom"
						},
						"1.0": {
							"post": [0, 45, 0],
							"lerp_mode": "catmullrom"
						},
						"5.75": {
							"post": [0, 90, 0],
							"lerp_mode": "catmullrom"
						},
						"6.5": {
							"post": [0, 135, 0],
							"lerp_mode": "catmullrom"
						}
					},
					"position": {
						"0.0": {
							"post": [0, 0, 0],
							"lerp_mode": "catmullrom"
						},
						"0.0833": {
							"post": [0, 41.69, 0],
							"lerp_mode": "catmullrom"
						},
						"0.1667": {
							"post": [0, 3.27, 0],
							"lerp_mode": "catmullrom"
						},
						"0.25": {
							"post": [0, -1.51, 0],
							"lerp_mode": "catmullrom"
						},
						"0.5": {
							"post": [0, -2.5, 0],
							"lerp_mode": "catmullrom"
						},
						"1.0": {
							"post": [0, -2, 0],
							"lerp_mode": "catmullrom"
						},
						"4.375": {
							"post": [0, -2.3, 0],
							"lerp_mode": "catmullrom"
						},
						"5.1667": {
							"post": [0, -2.07, -2],
							"lerp_mode": "catmullrom"
						},
						"5.75": {
							"post": [0, -2, 0],
							"lerp_mode": "catmullrom"
						},
						"6.25": {
							"post": [0, -2.99, 0],
							"lerp_mode": "catmullrom"
						},
						"6.5": {
							"post": [0, -2, 0],
							"lerp_mode": "catmullrom"
						}
					},
					"scale": {
						"0.0": {
							"post": [0, 1, 0],
							"lerp_mode": "catmullrom"
						},
						"1.0": {
							"post": [1, 1.2, 1],
							"lerp_mode": "catmullrom"
						},
						"1.3333": {
							"post": [0.47, 1.9386, 0.47],
							"lerp_mode": "catmullrom"
						},
						"1.5": {
							"post": [1.0471, 2.3035, 1.0471],
							"lerp_mode": "catmullrom"
						},
						"1.625": {
							"post": [1.0493, 2.0154, 1.0493],
							"lerp_mode": "catmullrom"
						},
						"1.7083": {
							"post": [1.047, 1.6379, 1.047],
							"lerp_mode": "catmullrom"
						},
						"1.7917": {
							"post": [1.0488, 0.9903, 1.0488],
							"lerp_mode": "catmullrom"
						},
						"3.5833": {
							"post": [1.0833, 1.7443, 1.0833],
							"lerp_mode": "catmullrom"
						},
						"3.75": {
							"post": [1.0833, 2.136, 1.0833],
							"lerp_mode": "catmullrom"
						},
						"4.0": {
							"post": [1.0831, 2.4641, 1.0831],
							"lerp_mode": "catmullrom"
						},
						"4.375": {
							"post": [0.7873, 2.7551, 0.7873],
							"lerp_mode": "catmullrom"
						},
						"4.7083": {
							"post": [0.4436, 3.0673, 0.5237],
							"lerp_mode": "catmullrom"
						},
						"5.0": {
							"post": [0.6052, 3.3362, 0.6052],
							"lerp_mode": "catmullrom"
						},
						"5.1667": {
							"post": [0.4064, 3.6295, 0.7064],
							"lerp_mode": "catmullrom"
						},
						"5.75": {
							"post": [1, 1, 1],
							"lerp_mode": "catmullrom"
						},
						"6.5": {
							"post": [0, 0.3, 0],
							"lerp_mode": "catmullrom"
						}
					}
				},
				"bone": {
					"position": {
						"0.0": [0, 1, 0],
						"6.25": [0, 3, 0]
					}
				},
				"Forearm2": {
					"rotation": {
						"3.5": [27.5, 0, 0],
						"3.75": [22.5, 0, 0],
						"5.5": [-4.60786, 9.34996, -4.58539],
						"6.0833": [-4.55323, -3.11043, -3.58762]
					},
					"scale": [1, 1.1, 1]
				},
				"Shin2": {
					"scale": [1, 1.1, 1]
				},
				"Shin1": {
					"scale": [1, 1.1, 1]
				}
			}
		},
		"animation.seek.moving": {
			"loop": true,
			"animation_length": 1,
			"bones": {
				"Head": {
					"rotation": {
						"0.0": [-2.5, 0, 0],
						"0.5": [20, 0, 0],
						"0.75": [0, 0, 0]
					},
					"position": {
						"0.0": {
							"post": [0, -1, -4],
							"lerp_mode": "catmullrom"
						},
						"0.25": {
							"post": [0, -1.5, -5],
							"lerp_mode": "catmullrom"
						},
						"0.5": {
							"post": [0, -1, -4],
							"lerp_mode": "catmullrom"
						},
						"0.75": {
							"post": [0, -1.5, -5],
							"lerp_mode": "catmullrom"
						},
						"1.0": {
							"post": [0, -1, -4],
							"lerp_mode": "catmullrom"
						}
					}
				},
				"Body": {
					"rotation": {
						"0.0": {
							"post": [15, 0, 0],
							"lerp_mode": "catmullrom"
						},
						"1.0": {
							"post": [15, 0, 0],
							"lerp_mode": "catmullrom"
						}
					}
				},
				"Arm1": {
					"rotation": {
						"0.0": {
							"post": [0, 0, 0],
							"lerp_mode": "catmullrom"
						},
						"0.25": {
							"post": [67.5, 0, 0],
							"lerp_mode": "catmullrom"
						},
						"0.5": {
							"post": [0, 0, 0],
							"lerp_mode": "catmullrom"
						},
						"0.75": {
							"post": [-45, 0, 0],
							"lerp_mode": "catmullrom"
						},
						"1.0": {
							"post": [0, 0, 0],
							"lerp_mode": "catmullrom"
						}
					},
					"position": {
						"0.0": {
							"post": [0, -1, -3],
							"lerp_mode": "catmullrom"
						},
						"1.0": {
							"post": [0, -1, -3],
							"lerp_mode": "catmullrom"
						}
					}
				},
				"Forearm1": {
					"rotation": [-45, 0, 0]
				},
				"Arm2": {
					"rotation": {
						"0.0": {
							"post": [0, 0, 0],
							"lerp_mode": "catmullrom"
						},
						"0.25": {
							"post": [-45, 0, 0],
							"lerp_mode": "catmullrom"
						},
						"0.5": {
							"post": [0, 0, 0],
							"lerp_mode": "catmullrom"
						},
						"0.75": {
							"post": [67.5, 0, 0],
							"lerp_mode": "catmullrom"
						},
						"1.0": {
							"post": [0, 0, 0],
							"lerp_mode": "catmullrom"
						}
					},
					"position": {
						"0.0": {
							"post": [0, -1, -3],
							"lerp_mode": "catmullrom"
						},
						"1.0": {
							"post": [0, -1, -3],
							"lerp_mode": "catmullrom"
						}
					}
				},
				"Forearm2": {
					"rotation": [-45, 0, 0]
				},
				"Leg1": {
					"rotation": {
						"0.0": [-32.5, 0, 0],
						"0.5": [30, 0, 0],
						"0.8333": [-76.5, 0, 0],
						"1.0": [-32.5, 0, 0]
					}
				},
				"Shin1": {
					"rotation": {
						"0.0": [35, 0, 0],
						"0.4167": [79.17, 0, 0],
						"0.5": [55, 0, 0],
						"0.8333": [60.12, 0, 0],
						"1.0": [35, 0, 0]
					}
				},
				"Leg2": {
					"rotation": {
						"0.0": [32.5, 0, 0],
						"0.4167": [-60.42, 0, 0],
						"0.5": [-25, 0, 0],
						"1.0": [32.5, 0, 0]
					}
				},
				"Shin2": {
					"rotation": {
						"0.0": [50, 0, 0],
						"0.4167": [63.75, 0, 0],
						"0.5": [27.5, 0, 0],
						"1.0": [50, 0, 0]
					}
				},
				"Slime": {
					"position": [0, 3, 0],
					"scale": 0
				},
				"bone": {
					"rotation": {
						"0.0": [0, 0, 0],
						"0.1667": [0, 5, 0],
						"0.4167": [0, -5, 0],
						"0.75": [0, -8.21, 0],
						"1.0": [0, 2.5, 0]
					},
					"position": {
						"0.0": [0, -1, 0],
						"0.25": [0, 0, 0],
						"0.5": [0, -1, 0],
						"0.75": [0, 0, 0],
						"1.0": [0, -1, 0]
					}
				},
				"Eye": {
					"scale": {
						"0.0": [1, 1, 1],
						"0.5": [0.9, 1, 1],
						"1.0": [1, 1, 1]
					}
				}
			}
		},
		"animation.seek.jumpscare": {
			"animation_length": 1,
			"blend_weight": "1",
			"bones": {
				"Head": {
					"rotation": {
						"0.0": [2.5, 0, 0],
						"0.2917": [19.14314, -5.90316, 16.50371],
						"0.5417": [19.28467, 4.58893, -12.88636],
						"0.7917": [18.52173, -7.06958, 20.12667],
						"1.0": [20, 0, 0]
					},
					"position": {
						"0.0": [0, -1, -4],
						"1.0": [0, -1, -4]
					}
				},
				"Body": {
					"rotation": {
						"0.0": [17.5, 0, 0],
						"1.0": [17.5, 0, 0]
					}
				},
				"Arm1": {
					"rotation": {
						"0.0": [-74.08473, 19.291, 5.38152],
						"1.0": [-75, 0, 0]
					},
					"position": {
						"0.0": [0, -1, -4],
						"1.0": [0, -1, -4]
					}
				},
				"Arm2": {
					"rotation": {
						"0.0": [-75.96729, -26.79524, -6.42848],
						"1.0": [-77.5, 0, 0]
					},
					"position": {
						"0.0": [0, -1, -4],
						"1.0": [0, -1, -4]
					}
				},
				"Slime": {
					"scale": {
						"0.0": [0, 1, 0],
						"1.0": [0, 1, 0]
					}
				},
				"Forearm2": {
					"rotation": [0, 0, 50]
				},
				"Forearm1": {
					"rotation": [0, 0, -42.5]
				}
			}
		},
		"animation.seek_d.death": {
			"loop": "hold_on_last_frame",
			"animation_length": 3,
			"bones": {
				"bone": {
					"rotation": {
						"0.0": [0, 0, 0],
						"0.5": [-37.5, 0, 0],
						"1.0": [-90, 0, 0]
					},
					"position": {
						"0.0": [0, 5, 0],
						"0.5": [0, 7.8, 0],
						"1.4167": [0, 4.85, 0],
						"2.0": [0, 1.78, 0],
						"2.5": [0, -51, 0]
					}
				},
				"Slime": {
					"rotation": {
						"0.0": [0, -2.5, 0],
						"0.5": [37.5, 0, 0],
						"1.0": [90, 0, 0],
						"1.3333": [90, 0, 26.01771],
						"1.5": [90, 0, 118.51771],
						"1.7083": [90, 0, 166.01771],
						"2.0": [90, 0, 206.01771],
						"2.5": [90, 0, 178.51771],
						"2.8333": [90, 0, 131.01771],
						"3.0": [90, 0, 71.01771]
					},
					"position": {
						"0.0": [0, -15, 0],
						"1.0": [0, 1, 49],
						"1.5": [0, 1, 5],
						"2.0": [0, 10, 5],
						"2.5": [0, 10, -51],
						"3.0": [0, 10, -41]
					},
					"scale": {
						"0.0": [0, 0.3, 0.1],
						"0.5": [0.1679, 0.0125, -0.0142],
						"1.25": [0.0197, 1.1713, 0.0244],
						"1.3333": [0.4477, 1.3, 0.6954],
						"1.4167": [-0.0261, 1.3, -0.0523],
						"1.4583": [0.0369, 1.6, -0.0262],
						"1.5": [0.9, 1.3, 0.6],
						"2.0": [2.7, 1.3, 2.6],
						"2.5": [1.8, 1.3, 1.8],
						"2.8333": [1.3, 1.3, 1.3],
						"3.0": [0.6, 1.3, 0.6]
					}
				},
				"Leg2": {
					"rotation": {
						"0.0": [0, 0, 0],
						"1.0": [7.5, 0, 0]
					}
				},
				"Shin2": {
					"rotation": {
						"0.0": [0, 0, 0],
						"0.5": [22.5, 0, 0],
						"1.0": [0, 0, 0]
					},
					"scale": [1, 1.6, 1]
				},
				"Leg1": {
					"rotation": {
						"0.0": [0, 0, 0],
						"0.5": [-47.5, 0, 0],
						"1.0": [12.5, 0, 0]
					}
				},
				"Shin1": {
					"rotation": {
						"0.0": [0, 0, 0],
						"0.5": [20, 0, 0],
						"1.0": [-7.5, 0, 0]
					},
					"scale": [1, 1.6, 1]
				},
				"Arm2": {
					"rotation": {
						"0.0": [0, 0, -2.5],
						"0.5": [-74.77926, -9.65594, -5.11298],
						"1.0": [9.32849, -1.9284, -20.90788],
						"1.5": [19.32849, -1.9284, -20.90788]
					}
				},
				"Forearm2": {
					"rotation": {
						"0.0": [0, 0, 2.5],
						"0.5": [-22.5, 0, 2.5],
						"1.0": [-15, 0, 2.5]
					},
					"scale": [1, 1.3, 1]
				},
				"Arm1": {
					"rotation": {
						"0.0": [0, 0, 0],
						"0.5": [-67.42266, 4.61854, 1.91757],
						"1.0": [10.71742, 2.80932, 11.77371],
						"1.5": [18.21742, 2.80932, 11.77371]
					}
				},
				"Forearm1": {
					"rotation": {
						"0.0": [0, 0, 0],
						"0.5": [-37.5, 0, 0],
						"1.0": [-20, 0, 0]
					},
					"scale": [1, 1.3, 1]
				},
				"Head": {
					"rotation": {
						"0.0": [0, 0, 0],
						"0.5": [-25, 0, 0],
						"1.0": [-10, 0, 0]
					},
					"scale": [0.9, 1, 1]
				}
			}
		},
		"animation.seek.attack1": {
			"animation_length": 1,
			"bones": {
				"Slime": {
					"position": [0, -31, 0],
					"scale": [0, 1, 0]
				},
				"Arm1": {
					"rotation": {
						"0.0": [18.01813, 74.20678, 108.67681],
						"0.5": [-67.37094, -47.72648, -17.1423],
						"1.0": [-2.5, 0, 0]
					}
				},
				"Forearm1": {
					"rotation": {
						"0.0": [0, 0, 17.5],
						"0.5": [0, 0, -37.5],
						"1.0": [0, 0, 0]
					}
				},
				"Head": {
					"rotation": {
						"0.0": [0, 12.5, 0],
						"0.5": [0, -5, 0]
					}
				}
			}
		},
		"animation.seek.running": {
			"loop": true,
			"animation_length": 1,
			"bones": {
				"bone": {
					"rotation": {
						"0.0": [2.50238, 2.49762, 0.10912],
						"0.3": [2.56062, 12.48791, 0.55404],
						"0.5": [2.53852, -9.99038, -0.44067],
						"0.7": [2.66022, 19.98015, 0.90956],
						"1.0": [2.5, 0, 0]
					},
					"position": [0, -1, 0]
				},
				"Slime": {
					"position": [0, -22, 0],
					"scale": [0, 1, 0]
				},
				"Leg2": {
					"rotation": {
						"0.0": [-25, 0, 0],
						"0.5": [32.5, 0, 0],
						"1.0": [-25, 0, 0]
					}
				},
				"Shin2": {
					"rotation": [25, 0, 0]
				},
				"Leg1": {
					"rotation": {
						"0.0": [40, 0, 0],
						"0.5": [-37.63661, 0.02072, -0.81445],
						"1.0": [24.86339, 0.02072, -0.81445]
					}
				},
				"Shin1": {
					"rotation": [37.5, 0, 0]
				},
				"Arm2": {
					"rotation": {
						"0.0": [-34.0724, -8.53726, -12.37961],
						"0.5": [60.9276, -8.53726, -12.37961],
						"1.0": [-34.0724, -8.53726, -12.37961]
					}
				},
				"Forearm2": {
					"rotation": [-30, 0, 0]
				},
				"Arm1": {
					"rotation": {
						"0.0": [66.78912, -13.83447, 5.85463],
						"0.5": [-58.21088, -13.83447, 5.85463],
						"1.0": [46.78912, -13.83447, 5.85463]
					}
				},
				"Forearm1": {
					"rotation": [-27.5, 0, 0]
				},
				"Head": {
					"rotation": {
						"0.0": [2.5, 0, 0],
						"0.5": [15, 0, 0],
						"1.0": [-2.5, 0, 0]
					}
				}
			}
		}
	}
}