{
	"format_version": "1.8.0",
	"animations": {
		"animation.seek_eye.general": {
			"loop": true,
			"animation_length": 2.33333,
			"bones": {
				"eyeball": {
					"position": {
						"0.0": [0, 0, 0],
						"0.5": [-1, 0, 0],
						"1.0": [0, 0, 0],
						"1.5": [1, 0, 0],
						"2.0": [0, 0, 0]
					},
					"scale": [1, 1, 0.4]
				},
				"eye_lash": {
					"position": {
						"0.0": [0, 0, 0],
						"0.5": [0, -1, 0],
						"1.0": [0, 0, 0],
						"1.5": [0, -1, 0],
						"2.0": [0, 0, 0]
					},
					"scale": [1, 1, 0.6]
				},
				"eye_lash2": {
					"position": {
						"0.0": [0, 0, 0],
						"0.5": [0, 1, 0],
						"1.0": [0, 0, 0],
						"1.5": [0, 1, 0],
						"2.0": [0, 0, 0]
					},
					"scale": [1, 1, 0.6]
				},
				"bone": {
					"position": [0, 0, 11]
				}
			}
		}
	}
}