{
    "format_version": "1.10.0",
    "animation_controllers": {
        "controller.animation.rod": {
            "states": {
                "move": {
                    "transitions": [
                        {
                            "attack": "query.has_target"
                        }
                    ],
                    "on_entry": [
                        "/"
                    ]
                },
                "attack": {
                    "transitions": [
                        {
                            "move": "!query.has_target"
                        }
                    ],
                    "on_entry": [
                        "/function rod_chase"
                    ]
                }
            }
        }
    }
}
