{
  "mob.ws_spawn": {
    "category": "hostile",
    "min_distance": 100.0,
    "sounds": [
      "ws_last_form"
    ]
  },
  "mob.ws_theme": {
    "category": "music",
    "min_distance": 10000,
    "sounds": [
      "ws_theme"
    ]
  },
  "mob.ws.ambient": {
    "category": "hostile",
    "min_distance": 100.0,
    "sounds": [
      "sounds/ws/idle1",
      "sounds/ws/idle2",
      "sounds/ws/idle3",
      "sounds/ws/idle4"
    ]
  },
  "mob.ws.hurt": {
    "category": "hostile",
    "min_distance": 100.0,
    "sounds": [
      "sounds/ws/hurt1",
      "sounds/ws/hurt2",
      "sounds/ws/hurt3",
      "sounds/ws/hurt4"
    ]
  },
  "mob.ws.dead": {
    "category": "hostile",
    "min_distance": 10.0,
    "sounds": [
      "sounds/ws/witherstorm_broken_death"
    ]
  },
  "mob.ws.death": {
    "category": "hostile",
    "min_distance": 100.0,
    "sounds": [
      "sounds/ws/death"
    ]
  }
}
