{
	"format_version": "1.8.0",
	"animations": {
		"animation.chainsaw.walk2": {
			"loop": true,
			"animation_length": 0.70833,
			"bones": {
				"waist": {
					"rotation": {
						"0.0": [22.5, 0, 0],
						"0.7083": [22.5, 0, 0]
					}
				},
				"leftArm": {
					"rotation": {
						"0.0": [57.5, 0, 0],
						"0.3333": [62.5, 0, 0],
						"0.7083": [57.5, 0, 0]
					}
				},
				"rightArm": {
					"rotation": {
						"0.0": [57.5, 0, 0],
						"0.3333": [62.5, 0, 0],
						"0.7083": [57.5, 0, 0]
					}
				},
				"leftLeg": {
					"rotation": {
						"0.0": [-30, 0, 0],
						"0.3333": [30, 0, 0],
						"0.7083": [-30, 0, 0]
					}
				},
				"rightLeg": {
					"rotation": {
						"0.0": [32.5, 0, 0],
						"0.3333": [-30, 0, 0],
						"0.7083": [32.5, 0, 0]
					}
				}
			}
		},
		"animation.chainsaw.general": {
			"loop": true,
			"animation_length": 0.625,
			"bones": {
				"head": {
					"scale": 0
				},
				"ChainsawHead": {
					"rotation": ["query.target_x_rotation - this", "query.target_y_rotation - this", 0]
				},
				"bone10": {
					"position": {
						"0.0": [0, 0, 0],
						"0.2917": [0, 0, -1],
						"0.625": [0, 0, 0]
					}
				},
				"bone11": {
					"position": {
						"0.0": [0, 0, 0],
						"0.2917": [0, 0, 1],
						"0.625": [0, 0, 0]
					}
				},
				"bone12": {
					"position": {
						"0.0": [0, 0, 0],
						"0.2917": [0, -1, 0],
						"0.625": [0, 0, 0]
					}
				},
				"bone13": {
					"position": {
						"0.0": [0, 0, 0],
						"0.2917": [0, 1, 0],
						"0.625": [0, 0, 0]
					}
				},
				"bone6": {
					"position": {
						"0.0": [0, 0, 0],
						"0.0833": [0, -1, 0],
						"0.1667": [0, 1.15, 0],
						"0.25": [0, -1.06, 0],
						"0.3333": [0, 1.18, 0],
						"0.4167": [0, -1.16, 0],
						"0.5": [0, 1.3, 0],
						"0.5417": [0, -1.13, 0],
						"0.625": [0, 0, 0]
					}
				},
				"bone7": {
					"position": {
						"0.0": [0, 0, 0],
						"0.0833": [0, 1, 0],
						"0.1667": [0, -0.15, 0],
						"0.25": [0, 0.88, 0],
						"0.3333": [0, -0.32, 0],
						"0.4167": [0, 0.77, 0],
						"0.5": [0, -0.54, 0],
						"0.5417": [0, 0.64, 0],
						"0.625": [0, 0, 0]
					}
				},
				"bone9": {
					"position": {
						"0.0": [0, 0, 0],
						"0.0833": [0, 0, 1],
						"0.1667": [0, 0, -0.15],
						"0.25": [0, 0, 0.88],
						"0.3333": [0, 0, -0.32],
						"0.4167": [0, 0, 0.77],
						"0.5": [0, 0, -0.54],
						"0.5417": [0, 0, 0.64],
						"0.625": [0, 0, 0]
					}
				},
				"bone2": {
					"position": {
						"0.0": [0, 0, 0],
						"0.0833": [0, -1, 0],
						"0.1667": [0, 1.15, 0],
						"0.25": [0, -1.06, 0],
						"0.3333": [0, 1.18, 0],
						"0.4167": [0, -1.16, 0],
						"0.5": [0, 1.3, 0],
						"0.5833": [0, 0, 0]
					}
				},
				"bone3": {
					"position": {
						"0.0": [0, 0, 0],
						"0.0833": [0, 1, 0],
						"0.1667": [0, -1.15, 0],
						"0.25": [0, 1.06, 0],
						"0.3333": [0, -1.18, 0],
						"0.4167": [0, 1.16, 0],
						"0.5": [0, -1.3, 0],
						"0.5833": [0, 0, 0]
					}
				},
				"bone5": {
					"position": {
						"0.0": [0, 0, 0],
						"0.0833": [0, 0, 1],
						"0.1667": [0, 0, -1.15],
						"0.25": [0, 0, 1.06],
						"0.3333": [0, 0, -1.18],
						"0.4167": [0, 0, 1.16],
						"0.5": [0, 0, -1.3],
						"0.5833": [0, 0, 0]
					}
				}
			}
		},
		"animation.chainsaw.attack1": {
			"loop": true,
			"animation_length": 1,
			"override_previous_animation": true,
			"bones": {
				"waist": {
					"rotation": {
						"0.375": [0, 0, 0],
						"0.4167": [0, -12.5, 0],
						"0.5": [20, 12.5, 0],
						"0.625": [20, 12.5, 0],
						"0.75": [20.07489, -13.39319, -9.34289],
						"0.8333": [20.07489, -13.39319, -9.34289],
						"0.9167": [0, 0, 0]
					}
				},
				"leftArm": {
					"rotation": {
						"0.0833": [0, 0, 0],
						"0.25": [-170, 0, 0],
						"0.375": [-170, 0, 0],
						"0.5": [-60.58439, -1.60667, 39.97314],
						"0.5833": [-60.58439, -1.60667, 39.97314],
						"0.75": [23.81437, -16.19837, -25.17362],
						"0.8333": [23.81437, -16.19837, -25.17362],
						"0.9167": [0, 0, 0]
					}
				}
			},
			"sound_effects": {
				"0.5": {
					"effect": "swipe1"
				}
			},
			"particle_effects": {
				"0.5": {
					"effect": "swipe2",
					"locator": "swipe2"
				}
			}
		},
		"animation.chainsaw.attack2": {
			"loop": true,
			"animation_length": 1,
			"override_previous_animation": true,
			"bones": {
				"rightArm": {
					"rotation": {
						"0.125": [0, 0, 0],
						"0.25": [-165, 0, 0],
						"0.375": [-165, 0, 0],
						"0.5": [-75, 0, 0],
						"0.5833": [-75, 0, 0],
						"0.6667": [41.5123, -10.07026, 11.17505],
						"0.7917": [41.5123, -10.07026, 11.17505],
						"0.875": [0, 0, 0]
					}
				}
			},
			"sound_effects": {
				"0.3333": {
					"effect": "swipe2"
				}
			},
			"particle_effects": {
				"0.3333": {
					"effect": "swipe2",
					"locator": "locator2"
				}
			}
		},
		"animation.chainsaw.attack3": {
			"loop": true,
			"animation_length": 1.79167,
			"override_previous_animation": true,
			"bones": {
				"waist": {
					"rotation": {
						"1.125": [0, 0, 0],
						"1.2083": [42.5, 0, 0],
						"1.4583": [42.5, 0, 0],
						"1.5833": [0, 0, 0]
					}
				},
				"leftArm": {
					"rotation": {
						"0.1667": [0, 0, 0],
						"0.5": [-160, 0, 0],
						"0.6667": [-160, 0, 0],
						"0.8333": [21.55613, 6.60796, -16.24074],
						"1.4583": [21.55613, 6.60796, -16.24074],
						"1.5417": [0, 0, 0]
					}
				},
				"rightArm": {
					"rotation": {
						"0.1667": [0, 0, 0],
						"0.5": [17.25002, 2.99318, 7.95411],
						"0.6667": [17.25002, 2.99318, 7.95411],
						"0.8333": [-152.02579, 1.33012, -4.36911],
						"1.0": [-152.02579, 1.33012, -4.36911],
						"1.1667": [25.47421, 1.33012, -4.36911],
						"1.4583": [25.47421, 1.33012, -4.36911],
						"1.5417": [0, 0, 0]
					}
				}
			},
			"sound_effects": {
				"0.75": {
					"effect": "swipe1"
				},
				"1.1667": {
					"effect": "swipe2"
				}
			},
			"particle_effects": {
				"0.8333": {
					"effect": "swipe2",
					"locator": "swipe1"
				},
				"1.1667": {
					"effect": "swipe2",
					"locator": "locator2"
				}
			}
		},
		"animation.chm.transform": {
			"animation_length": 1.1667,
			"override_previous_animation": true,
			"bones": {
				"head": {
					"rotation": {
						"0.0833": [0, 0, 0],
						"0.25": [27.5, 0, 0],
						"0.4167": [27.5, 0, 0],
						"0.6667": [0, 0, 0]
					},
					"scale": {
						"0.0": [1, 1, 1],
						"0.5": [1, 1, 1],
						"1.0": [1, 1, 1],
						"1.1667": [1, 1, 1]
					}
				},
				"leftArm": {
					"rotation": [0, 0, 0]
				},
				"rightArm": {
					"rotation": {
						"0.0833": [0, 0, 0],
						"0.25": [-150.18454, -16.89552, 93.31592],
						"0.4167": [-150.18454, -16.89552, 93.31592],
						"0.5833": [-11.14016, 6.26444, 64.78491],
						"0.8333": [-11.14016, 6.26444, 64.78491],
						"1.0833": [0, 0, 0]
					}
				},
				"ChainsawHead": {
					"scale": {
						"0.75": [0, 1, 0],
						"0.8333": [1, 1, 1]
					}
				},
				"LeftChainsaw": {
					"scale": {
						"0.75": [1, 0, 0],
						"0.8333": [1, 1, 1]
					}
				},
				"RightChainsaw": {
					"scale": {
						"0.75": [1, -0.1, 0.2],
						"0.8333": [1, 1, 1]
					}
				}
			},
			"particle_effects": {
				"0.7083": [
					{
						"effect": "blood",
						"locator": "locator"
					},
					{
						"effect": "blood",
						"locator": "locator2"
					},
					{
						"effect": "blood",
						"locator": "locator3"
					}
				]
			}
		},
		"animation.chm.slash1": {
			"animation_length": 2,
			"override_previous_animation": true,
			"bones": {
				"root": {
					"rotation": {
						"0.4167": [0, 0, 0],
						"0.5417": [0, 65, 0],
						"0.7083": [0, 230, 0],
						"0.8333": [0, 360, 0]
					},
					"position": {
						"0.0833": [0, 0, 0],
						"0.25": [0, -4, 0],
						"0.375": [0, -4, 0],
						"0.4583": [0, 12, 0],
						"0.875": [0, 12, 0],
						"0.9583": [0, -4, 0],
						"1.25": [0, -4, 0],
						"1.5": [0, 0, 0]
					}
				},
				"leftArm": {
					"rotation": {
						"0.25": [0, 0, 0],
						"0.3333": [32.5, 0, -30],
						"0.4583": [32.5, 0, -30],
						"0.5833": [-38.90827, 3.00565, -97.63834],
						"0.8333": [-38.90827, 3.00565, -97.63834],
						"0.9167": [32.5, 0, -30],
						"1.1667": [32.5, 0, -30],
						"1.3333": [0, 0, 0]
					}
				},
				"rightArm": {
					"rotation": {
						"0.25": [0, 0, 0],
						"0.3333": [35, 0, 27.5],
						"0.4583": [35, 0, 27.5],
						"0.5833": [33.73499, -9.93191, 41.98174],
						"0.8333": [33.73499, -9.93191, 41.98174],
						"0.9167": [35, 0, 27.5],
						"1.1667": [35, 0, 27.5],
						"1.3333": [0, 0, 0]
					}
				},
				"leftLeg": {
					"rotation": {
						"0.0833": [0.35527, 1.19397, -1.46449],
						"0.25": [-19.64473, 1.19397, -1.46449],
						"0.3333": [-19.64473, 1.19397, -1.46449],
						"0.4167": [10.35527, 1.19397, -1.46449],
						"1.0": [10.35527, 1.19397, -1.46449],
						"1.0833": [-9.64473, 1.19397, -1.46449],
						"1.25": [-9.64473, 1.19397, -1.46449],
						"1.5": [0.35527, 1.19397, -1.46449]
					},
					"position": {
						"0.2083": [0, 0, 0],
						"0.25": [0, 3, -2],
						"0.3333": [0, 3, -2],
						"0.4583": [0, 2, -2],
						"0.9167": [0, 2, -2],
						"1.0833": [0, 4, -3],
						"1.25": [0, 4, -3],
						"1.5": [0, 0, 0]
					}
				},
				"rightLeg": {
					"rotation": {
						"0.0833": [0, 0, 0],
						"0.25": [30, 0, 0],
						"0.3333": [30, 0, 0],
						"0.4167": [0, 0, 0],
						"0.9167": [0, 0, 0],
						"1.0833": [37.5, 0, 0],
						"1.25": [37.5, 0, 0],
						"1.5": [0, 0, 0]
					},
					"position": {
						"0.0833": [0, 0, 0],
						"0.25": [0, 2, 0],
						"0.3333": [0, 2, 0],
						"0.4167": [0, 0, 0],
						"0.9167": [0, 0, 0],
						"1.0833": [0, 3, 0],
						"1.25": [0, 3, 0],
						"1.5": [0, 0, 0]
					}
				}
			},
			"particle_effects": {
				"0.5": {
					"effect": "swipe",
					"locator": "locator"
				},
				"0.5833": {
					"effect": "swipe2",
					"locator": "swipe1"
				},
				"0.6667": {
					"effect": "swipe2",
					"locator": "swipe2"
				}
			}
		},
		"animation.chm.slash2": {
			"animation_length": 2,
			"override_previous_animation": true,
			"bones": {
				"root": {
					"position": {
						"0.0833": [0, 0, 0],
						"0.25": [0, -3, 0],
						"0.3333": [0, -3, 0],
						"0.5": [0, 14, 0],
						"1.1667": [0, 14, 0],
						"1.25": [0, -4, 0],
						"1.4583": [0, -4, 0],
						"1.6667": [0, 0, 0]
					}
				},
				"leftArm": {
					"rotation": {
						"0.0833": [0, 0, 0],
						"0.25": [0, 0, -37.5],
						"0.3333": [22.5, 0, -37.5],
						"0.5": [22.5, 0, -37.5],
						"0.5833": [-80, 0, -37.5],
						"0.6667": [-112.30737, 6.40865, -77.06869],
						"0.75": [0.19263, 6.40865, -77.06869],
						"0.8333": [-129.80737, 6.40865, -77.06869],
						"0.9167": [62.08304, 39.08659, -10.95284],
						"1.0": [-121.53847, 8.19292, -78.54735],
						"1.0833": [-77.91696, 39.08659, -10.95284],
						"1.1667": [-56.95451, 5.00738, -2.14828],
						"1.25": [22.5, 0, -37.5],
						"1.4167": [37.15846, 18.26883, -61.63527],
						"1.5": [0, 0, 0]
					}
				},
				"rightArm": {
					"rotation": {
						"0.0833": [0, 0, 0],
						"0.25": [-1.37472, -9.48781, 33.81535],
						"0.3333": [33.62528, -9.48781, 33.81535],
						"0.5": [33.62528, -9.48781, 33.81535],
						"0.5833": [-85.14152, -23.27479, 55.62981],
						"0.6667": [-125.14152, -23.27479, 55.62981],
						"0.75": [-57.15276, -25.45522, 14.80612],
						"0.8333": [-131.09114, -40.6503, 72.82824],
						"0.9167": [-18.42134, -53.87755, 2.33962],
						"1.0": [-50.37107, -36.4487, -24.89707],
						"1.0833": [-139.12243, -22.37968, -8.24094],
						"1.1667": [-41.52401, -18.2082, 48.03676],
						"1.25": [33.62528, -9.48781, 33.81535],
						"1.4167": [43.51556, -26.34341, 69.04581],
						"1.5": [0, 0, 0]
					}
				},
				"leftLeg": {
					"rotation": {
						"0.0833": [0, 0, 0],
						"0.25": [-32.5, 0, 0],
						"0.3333": [-32.5, 0, 0],
						"0.5": [12.5, 0, 0],
						"1.1667": [12.5, 0, 0],
						"1.25": [-35, 0, 0],
						"1.4583": [-35, 0, 0],
						"1.6667": [0, 0, 0]
					},
					"position": {
						"0.0833": [0, 0, 0],
						"0.25": [0, 1, 0],
						"0.3333": [0, 1, 0],
						"0.5": [0, 2, -2],
						"1.1667": [0, 2, -2],
						"1.25": [0, 1, -1],
						"1.4583": [0, 1, -1],
						"1.6667": [0, 0, 0]
					}
				},
				"rightLeg": {
					"rotation": {
						"0.0833": [0, 0, 0],
						"0.25": [35, 0, 0],
						"0.3333": [35, 0, 0],
						"0.5": [10, 0, 0],
						"1.1667": [10, 0, 0],
						"1.25": [40, 0, 0],
						"1.4583": [40, 0, 0],
						"1.6667": [0, 0, 0]
					},
					"position": {
						"0.0833": [0, 0, 0],
						"0.25": [0, 1, 0],
						"0.3333": [0, 1, 0],
						"0.5": [0, 0, 0],
						"1.1667": [0, 0, 0],
						"1.25": [0, 1, 0],
						"1.4583": [0, 1, 0],
						"1.6667": [0, 0, 0]
					}
				}
			},
			"particle_effects": {
				"0.625": {
					"effect": "swipeA",
					"locator": "locator"
				}
			}
		}
	}
}