{
    // Why did I modify the content log?
    // Because this pack spits out a really dumb UI warning.
    "content_log_label": {
        "modifications": [
            {
                "array_name": "bindings",
                "operation": "insert_back",
                "value": {
                    "binding_type": "view",
                    "source_property_name": "(not (#text > 'Unknown properties found in def[hud_actionbar_text] from namespace[hud]'))",
                    "target_property_name": "#visible"
                }
            }
        ]
    }
}