{
  "namespace": "hud",  
  "anim_push_start": {
    "anim_type": "offset",
    "easing": "out_cubic",
    "duration": 1.0,
    "from": [ 270, -110 ],
    "to": [ 160, -110 ],
    "next": "@hud.anim_wait"
  },
  "anim_wait": {
    "anim_type": "wait",
    "duration": 1.7,
    "next": "@hud.anim_push_exit"
  },
  "anim_push_exit": {
    "anim_type": "offset",
    "easing": "in_cubic",
    "duration": 0.6,
    "from": [ 160, -110 ],
    "to": [ 1000, -110 ]
  },
  "hud_actionbar_text": {
    "type": "panel",
    "controls": [
      {
        "hud_actionbar_text": {
          "type": "image",
          "size": [ "100%c + 12px", "100%c + 5px" ],
          "offset": [ 0, "50%-68px" ],
          "texture": "textures/ui/hud_tip_text_background",
          "ignored": "($actionbar_text > 'text_smartphoneaddon')",
          "alpha": "@hud.anim_actionbar_text_background_alpha_out",
          "controls": [
            {
              "actionbar_message": {
                "type": "label",
                "anchor_from": "center",
                "anchor_to": "center",
                "color": "$tool_tip_text",
                "layer": 31,
                "text": "$actionbar_text",
                "localize": false,
                "alpha": "@hud.anim_actionbar_text_alpha_out"
              }
            }
          ]
        }
      },
      {
        "smartphone_hud_actionbar_text": {
          "type": "image",
          "size": [ "100%c + 12px", "100%c + 20px" ],
          "offset": "@hud.anim_push_start",
          "texture": "textures/ui/effect_background",
          "ignored": "(not ($actionbar_text > 'text_smartphoneaddon'))",
          "controls": [
            {
              "actionbar_message": {
                "type": "label",
                "size": [ 120, "default" ],
                "anchor_from": "center",
                "anchor_to": "center",
                "color": "$tool_tip_text",
                "layer": 31,
                "text": "$actionbar_text",
                "localize": false
              }
            }
          ]
        }
      }
    ]
  }
}
