{
  "student_button_custom@npc_interact.student_button": {
    "size": [ 32, 32 ]
  },

  "student_custom_dialog": {
    "type": "panel",
    "size": [ "90%", "90%c" ],
    "controls": [
      { "student_custom_dialog_stack_panel@npc_interact.student_custom_dialog_stack_panel": {} }
    ]
  },

  "button_image@horse.overlay_image": {
    "type": "image",
    "texture": "textures/ui/cartography_table_empty",
    "size": [ 40, 40 ]
  },
  "test_image": {
    "type": "panel"
  },
  "black@horse.overlay_image": {
    "type": "image",
    "texture": "textures/ui/Black",
    "size": [ 9999, 9999 ]
  },
  "student_custom_dialog_stack_panel": {
    "type": "stack_panel",
    "orientation": "vertical",
    "size": [ "100%", "100%c" ],
    "controls": [
      {
        "top_padding": {
          "type": "panel",
          "size": [ "100%", 2 ]
        }
      },
      {
        "text_panel": {
          "type": "panel",
          "size": [ "100%", "100%c" ],
          "controls": [
            {
              "message_label": {
                "type": "label",
                "size": [ "100%-8px", "default" ],
                "text": "#dialogtext",
                "bindings": [
                  {
                    "binding_name": "#dialogtext"
                  }
                ]
              }
            }
          ]
        }
      },
      {
        "middle_padding": {
          "type": "panel",
          "size": [ "100%", 2 ]
        }
      },
      { 
        "buttons": {
          "type": "stack_panel",
          "orientation": "horizontal",
          "size": [ "100%", "100%cm" ],
          "controls": [
            {
              "actions": {
                "type": "grid",
                "size": [ "fill", "default" ],
                "grid_item_template": "npc_interact.student_button_custom",
                "grid_dimension_binding": "#student_button_grid_dimensions",
                "collection_name": "student_buttons_collection",
                "bindings": [
                  {
                    "binding_name": "#student_button_grid_dimensions"
                  }
                ]
              }
            }
          ]
        }
      },
      {
        "bottom_padding": {
          "type": "panel",
          "size": [ "100%", 150 ]
        }
      }
    ]
  },

  "button_name_label": {
    "text": "npcscreen.action.buttonname",
    "color": [ 1.0, 1.0, 1.0 ],
    "bindings": [
      {
        // Actions on close are not allowed for url actions, so show this label instead
        "binding_type": "collection",
        "binding_name": "#is_url_action",
        "binding_name_override": "#visible",
        "binding_collection_name": "actions_collection"
      }
    ]
  },

  "npc_screen_contents_custom": {
    "type": "panel",
    "controls": [
      { "npc_screen_contents@npc_interact.npc_screen_contents": { "ignored": "(not $is_worldbuilder)" } },
      { "black@npc_interact.black": {} },
      {
        "student_custom@npc_interact.test_image": {
          "size": [ 124, 230 ],
          "layer": 2,
          "$dialog_background": "common.null",
          "ignored": "$is_worldbuilder",
          "controls": [
            { "common_panel@common.common_panel": {} },
            {
              "teste_button@common_buttons.transparent_content_button": {
                "size": [ 80, 25 ],
                "ignored": "($is_holographic)",
                "$pressed_button_name": "button.add_screenshot",
                "$button_content": "feed.add_screenshot_label",
                "$default_button_texture": "textures/ui/imagetaggedcorner",
                "$hover_button_texture": "textures/ui/imagetaggedcornergreenhover",
                "$pressed_button_texture": "textures/ui/imagetaggedcornergreenpressed",
                "$default_button_alpha": 0.6,
                "anchor_from": "center",
                "anchor_to": "center",
                "button_mappings": [
                  {
                    "from_button_id": "button.menu_select",
                    "to_button_id": "button.teste",
                    "mapping_type": "pressed"
                  },
                  {
                    "from_button_id": "button.menu_ok",
                    "to_button_id": "button.teste",
                    "mapping_type": "focused"
                  }
                ]
              }
            },
            {
              "music": {
                "type": "image",
                "texture": "textures/icons_apps/music",
                "size": [ 28, 28 ],
                "offset": [ 14, 27.5 ],
                "layer": 20,
                "anchor_from": "top_left",
                "anchor_to": "top_left",
                "bindings": [
                  {
                    "binding_name": "#title_text"
                  },
                  {
                    "binding_type": "view",
                    "source_property_name": "(#title_text = 'title.black_smartphone_home' or #title_text = 'title.gray_smartphone_home' or #title_text = 'title.silver_smartphone_home' or #title_text = 'title.white_smartphone_home' or #title_text = 'title.brown_smartphone_home' or #title_text = 'title.red_smartphone_home' or #title_text = 'title.orange_smartphone_home' or #title_text = 'title.yellow_smartphone_home' or #title_text = 'title.lime_smartphone_home' or #title_text = 'title.green_smartphone_home' or #title_text = 'title.cyan_smartphone_home' or #title_text = 'title.light_blue_smartphone_home' or #title_text = 'title.blue_smartphone_home' or #title_text = 'title.purple_smartphone_home' or #title_text = 'title.magenta_smartphone_home' or #title_text = 'title.pink_smartphone_home')",
                    "target_property_name": "#visible"
                  }
                ]
              }
            },
            {
              "day_night": {
                "type": "image",
                "texture": "textures/icons_apps/day_night",
                "size": [ 28, 28 ],
                "offset": [ 47.9, 27.5 ],
                "layer": 20,
                "anchor_from": "top_left",
                "anchor_to": "top_left",
                "bindings": [
                  {
                    "binding_name": "#title_text"
                  },
                  {
                    "binding_type": "view",
                    "source_property_name": "(#title_text = 'title.black_smartphone_home' or #title_text = 'title.gray_smartphone_home' or #title_text = 'title.silver_smartphone_home' or #title_text = 'title.white_smartphone_home' or #title_text = 'title.brown_smartphone_home' or #title_text = 'title.red_smartphone_home' or #title_text = 'title.orange_smartphone_home' or #title_text = 'title.yellow_smartphone_home' or #title_text = 'title.lime_smartphone_home' or #title_text = 'title.green_smartphone_home' or #title_text = 'title.cyan_smartphone_home' or #title_text = 'title.light_blue_smartphone_home' or #title_text = 'title.blue_smartphone_home' or #title_text = 'title.purple_smartphone_home' or #title_text = 'title.magenta_smartphone_home' or #title_text = 'title.pink_smartphone_home')",
                    "target_property_name": "#visible"
                  }
                ]
              }
            },
            {
              "weather": {
                "type": "image",
                "texture": "textures/icons_apps/weather",
                "size": [ 28, 28 ],
                "offset": [ 81.9, 27.5 ],
                "layer": 20,
                "anchor_from": "top_left",
                "anchor_to": "top_left",
                "bindings": [
                  {
                    "binding_name": "#title_text"
                  },
                  {
                    "binding_type": "view",
                    "source_property_name": "(#title_text = 'title.black_smartphone_home' or #title_text = 'title.gray_smartphone_home' or #title_text = 'title.silver_smartphone_home' or #title_text = 'title.white_smartphone_home' or #title_text = 'title.brown_smartphone_home' or #title_text = 'title.red_smartphone_home' or #title_text = 'title.orange_smartphone_home' or #title_text = 'title.yellow_smartphone_home' or #title_text = 'title.lime_smartphone_home' or #title_text = 'title.green_smartphone_home' or #title_text = 'title.cyan_smartphone_home' or #title_text = 'title.light_blue_smartphone_home' or #title_text = 'title.blue_smartphone_home' or #title_text = 'title.purple_smartphone_home' or #title_text = 'title.magenta_smartphone_home' or #title_text = 'title.pink_smartphone_home')",
                    "target_property_name": "#visible"
                  }
                ]
              }
            },
            {
              "effect": {
                "type": "image",
                "texture": "textures/icons_apps/effect",
                "size": [ 28, 28 ],
                "offset": [ 14, 59.5 ],
                "layer": 20,
                "anchor_from": "top_left",
                "anchor_to": "top_left",
                "bindings": [
                  {
                    "binding_name": "#title_text"
                  },
                  {
                    "binding_type": "view",
                    "source_property_name": "(#title_text = 'title.black_smartphone_home' or #title_text = 'title.gray_smartphone_home' or #title_text = 'title.silver_smartphone_home' or #title_text = 'title.white_smartphone_home' or #title_text = 'title.brown_smartphone_home' or #title_text = 'title.red_smartphone_home' or #title_text = 'title.orange_smartphone_home' or #title_text = 'title.yellow_smartphone_home' or #title_text = 'title.lime_smartphone_home' or #title_text = 'title.green_smartphone_home' or #title_text = 'title.cyan_smartphone_home' or #title_text = 'title.light_blue_smartphone_home' or #title_text = 'title.blue_smartphone_home' or #title_text = 'title.purple_smartphone_home' or #title_text = 'title.magenta_smartphone_home' or #title_text = 'title.pink_smartphone_home')",
                    "target_property_name": "#visible"
                  }
                ]
              }
            },
            {
              "discraft": {
                "type": "image",
                "texture": "textures/icons_apps/discraft",
                "size": [ 28, 28 ],
                "offset": [ 47.9, 59.5 ],
                "layer": 20,
                "anchor_from": "top_left",
                "anchor_to": "top_left",
                "bindings": [
                  {
                    "binding_name": "#title_text"
                  },
                  {
                    "binding_type": "view",
                    "source_property_name": "(#title_text = 'title.black_smartphone_home' or #title_text = 'title.gray_smartphone_home' or #title_text = 'title.silver_smartphone_home' or #title_text = 'title.white_smartphone_home' or #title_text = 'title.brown_smartphone_home' or #title_text = 'title.red_smartphone_home' or #title_text = 'title.orange_smartphone_home' or #title_text = 'title.yellow_smartphone_home' or #title_text = 'title.lime_smartphone_home' or #title_text = 'title.green_smartphone_home' or #title_text = 'title.cyan_smartphone_home' or #title_text = 'title.light_blue_smartphone_home' or #title_text = 'title.blue_smartphone_home' or #title_text = 'title.purple_smartphone_home' or #title_text = 'title.magenta_smartphone_home' or #title_text = 'title.pink_smartphone_home')",
                    "target_property_name": "#visible"
                  }
                ]
              }
            },
            {
              "black@smartphone_ui.black": {}
            },
            {
              "gray@smartphone_ui.gray": {}
            },
            {
              "silver@smartphone_ui.silver": {}
            },
            {
              "white@smartphone_ui.white": {}
            },
            {
              "brown@smartphone_ui.brown": {}
            },
            {
              "red@smartphone_ui.red": {}
            },
            {
              "orange@smartphone_ui.orange": {}
            },
            {
              "yellow@smartphone_ui.yellow": {}
            },
            {
              "lime@smartphone_ui.lime": {}
            },
            {
              "green@smartphone_ui.green": {}
            },
            {
              "cyan@smartphone_ui.cyan": {}
            },
            {
              "light_blue@smartphone_ui.light_blue": {}
            },
            {
              "blue@smartphone_ui.blue": {}
            },
            {
              "purple@smartphone_ui.purple": {}
            },
            {
              "magenta@smartphone_ui.magenta": {}
            },
            {
              "pink@smartphone_ui.pink": {}
            },
            {
              "title_text@common_dialogs.standard_title_label": {
                "$text_name": "#title_text",
                "$title_text_binding_type": "global",
                "$title_binding_condition": "",
                "anchor_from": "top_middle",
                "anchor_to": "top_middle",
                "offset": [ 0, 16 ]
              }
            },
            {
              "scrolling_panel@npc_interact.student_custom_dialog": {
                "size": [ 101.9, 80 ],
                "offset": [ 12, 85.7 ],
                "anchor_from": "top_left",
                "anchor_to": "top_left"
              }
            }
          ],
          "bindings": [
            {
              "binding_name": "#student_view_visible",
              "binding_name_override": "#visible",
              "binding_type": "global"
            }
          ]
        }
      }
    ]
  },

  "npc_screen": {
    "$screen_content": "npc_interact.npc_screen_contents_custom"
  }
}