{
	"format_version": "1.8.0",
	"animations": {
		"animation.the_ws_6th_form.attack": {
			"loop": true,
			"animation_length": 2.44,
			"bones": {
				"tentacle": {
					"rotation": {
						"0.0": [0, 0, 0],
						"0.8": [0, 60, 0],
						"0.92": [0, 65, 0],
						"1.08": [0, 67.5, 0],
						"1.84": [0, -100, 0],
						"1.96": [0, -102.5, 0],
						"2.44": [0, 0, 0]
					}
				},
				"hed": {
					"rotation": {
						"0.0": [0, 0, 0],
						"0.48": [30, 0, 0],
						"0.96": [0, 0, 0]
					}
				},
				"hed3": {
					"rotation": {
						"0.0": [0, 0, 0],
						"0.48": [30, 0, 0],
						"0.96": [0, 0, 0]
					}
				},
				"hed2": {
					"rotation": {
						"0.0": [0, 0, 0],
						"0.48": [30, 0, 0],
						"0.96": [0, 0, 0]
					}
				},
      "head": {
        "rotation": [
          "0+query.target_x_rotation - this",
          "0+query.target_y_rotation - this",
          0
        ]
      },
      "head2": {
        "rotation": [
          "0+query.target_x_rotation - this",
          "0+query.target_y_rotation - this",
          0
        ]
      },
      "head3": {
        "rotation": [
          "0+query.target_x_rotation - this",
          "0+query.target_y_rotation - this",
          0
        ]
      },
				"tentacle2": {
					"rotation": {
						"0.0": [0, 0, 0],
						"0.8": [0, 40, 0],
						"0.92": [0, 45, 0],
						"1.08": [0, 47.5, 0],
						"1.84": [0, 12.5, 0],
						"1.96": [0, 10, 0],
						"2.44": [0, 0, 0]
					}
				},
				"tentacle3": {
					"rotation": {
						"0.0": [0, 0, 0],
						"0.8": [0, 52.5, 0],
						"0.92": [0, 57.5, 0],
						"1.08": [0, 62.5, 0],
						"1.84": [0, 60, 0],
						"1.96": [0, 32.5, 0],
						"2.44": [0, 0, 0]
					}
				},
				"tentacle4": {
					"rotation": {
						"0.0": [0, 0, 0],
						"0.8": [0, 67.5, 0],
						"0.92": [0, 75, 0],
						"1.08": [0, 77.5, 0],
						"1.84": [0, 75, 0],
						"1.96": [0, 20, 0],
						"2.44": [0, 0, 0]
					}
				},
				"storm": {
					"rotation": {
						"0.0": [0, 0, 0],
						"2.4": [0, 720, 0]
					},
					"position": [0, -9, 0],
					"scale": 2
				},
				"tentacle5": {
					"rotation": {
						"0.0": [0, 0, 0],
						"0.8": [0, -60, 0],
						"0.92": [0, -62.5, 0],
						"1.08": [0, -65, 0],
						"1.84": [0, 140, 0],
						"1.96": [0, 142.5, 0],
						"2.4": [0, 0, 0]
					}
				},
				"tentacle6": {
					"rotation": {
						"0.0": [0, 0, 0],
						"0.8": [0, -45, 0],
						"0.92": [0, -47.5, 0],
						"1.08": [0, -50, 0],
						"1.84": [0, -15, 0],
						"1.96": [0, -12.5, 0],
						"2.4": [0, 0, 0]
					}
				},
				"tentacle7": {
					"rotation": {
						"0.0": [0, 0, 0],
						"0.8": [0, -42.5, 0],
						"0.92": [0, -45, 0],
						"1.08": [0, -52.5, 0],
						"1.84": [0, -37.5, 0],
						"1.96": [0, -20, 0],
						"2.4": [0, 0, 0]
					}
				},
				"tentacle8": {
					"rotation": {
						"0.0": [0, 0, 0],
						"0.8": [0, -37.5, 0],
						"0.92": [0, -42.5, 0],
						"1.08": [0, -45, 0],
						"1.84": [0, -15, 0],
						"1.96": [0, -12.5, 0],
						"2.4": [0, 0, 0]
					}
				},
				"tentacle9": {
					"rotation": {
						"0.0": [0, 0, 0],
						"0.8": [0, 110, 0],
						"0.88": [0, 115, 0],
						"1.08": [0, 120, 0],
						"1.84": [0, 32.5, 0],
						"1.96": [0, 25, 0],
						"2.4": [0, 0, 0]
					}
				},
				"tentacle10": {
					"rotation": {
						"0.0": [0, 0, 0],
						"0.8": [0, 30, 0],
						"0.88": [0, 35, 0],
						"1.08": [0, 40, 0],
						"1.84": [0, 17.5, 0],
						"1.96": [0, 10, 0],
						"2.4": [0, 0, 0]
					}
				},
				"tentacle11": {
					"rotation": {
						"0.0": [0, 0, 0],
						"0.8": [0, 22.5, 0],
						"0.88": [0, 27.5, 0],
						"1.08": [0, 32.5, 0],
						"1.84": [0, 15, 0],
						"1.96": [0, 7.5, 0],
						"2.4": [0, 0, 0]
					}
				},
				"tentacle12": {
					"rotation": {
						"0.0": [0, 0, 0],
						"0.8": [0, 32.5, 0],
						"0.88": [0, 37.5, 0],
						"1.08": [0, 40, 0],
						"1.84": [0, 10, 0],
						"1.96": [0, 5, 0],
						"2.4": [0, 0, 0]
					}
				},
				"tentacle13": {
					"rotation": {
						"0.0": [0, 0, 0],
						"0.8": [0, 140, -82.5],
						"0.88": [0, 142.5, -82.5],
						"1.08": [0, 147.5, -82.5],
						"1.84": [0, 0, -82.5],
						"1.96": [-5, 0, -85],
						"2.4": [0, 0, 0]
					}
				},
				"tentacle14": {
					"rotation": {
						"0.0": [0, 0, 0],
						"0.8": [0, 42.5, 0],
						"0.88": [0, 45, 0],
						"1.08": [0, 47.5, 0],
						"1.84": [0, 2.5, 0],
						"1.96": [0, -5, 0],
						"2.4": [0, 0, 0]
					}
				},
				"tentacle15": {
					"rotation": {
						"0.0": [0, 0, 0],
						"0.8": [0, 30, 0],
						"0.88": [0, 32.5, 0],
						"1.08": [0, 42.5, 0],
						"1.84": [0, 20, 0],
						"1.96": [0, 5, 0],
						"2.4": [0, 0, 0]
					}
				},
				"tentacle16": {
					"rotation": {
						"0.0": [0, 0, 0],
						"0.8": [0, 35, 0],
						"0.88": [0, 37.5, 0],
						"1.08": [0, 42.5, 0],
						"1.84": [0, 15, 0],
						"1.96": [0, -2.5, 0],
						"2.4": [0, 0, 0]
					}
				},
				"tentacle17": {
					"rotation": {
						"0.0": [0, 0, 0],
						"0.8": [0, 112.5, 0],
						"0.88": [0, 115, 0],
						"1.08": [0, 117.5, 0],
						"1.84": [0, 57.5, 0],
						"1.96": [0, 55, 0],
						"2.4": [0, 0, 0]
					}
				},
				"tentacle18": {
					"rotation": {
						"0.0": [0, 0, 0],
						"0.8": [0, 32.5, 0],
						"0.88": [0, 35, 0],
						"1.08": [0, 37.5, 0],
						"1.84": [0, 15, 0],
						"1.96": [0, 10, 0],
						"2.4": [0, 0, 0]
					}
				},
				"tentacle19": {
					"rotation": {
						"0.0": [0, 0, 0],
						"0.8": [0, 27.5, 0],
						"0.88": [0, 30, 0],
						"1.08": [0, 35, 0],
						"1.84": [0, 0, 0],
						"1.96": [0, -2.5, 0],
						"2.4": [0, 0, 0]
					}
				},
				"tentacle20": {
					"rotation": {
						"0.0": [0, -2.5, 0],
						"0.8": [0, 30, 0],
						"0.88": [0, 35, 0],
						"1.08": [0, 42.5, 0],
						"1.84": [0, 12.5, 0],
						"1.96": [0, 10, 0],
						"2.4": [0, 0, 0]
					}
				},
				"tentacle21": {
					"rotation": {
						"0.0": [0, 0, 0],
						"0.8": [0, 85, 0],
						"0.92": [0, 87.5, 0],
						"1.08": [0, 90, 0],
						"1.84": [0, 207.5, 0],
						"1.96": [0, 210, 0],
						"2.4": [0, 207.5, 0]
					}
				},
				"tentacle22": {
					"rotation": {
						"0.0": [0, 0, 0],
						"0.8": [0, 35, 0],
						"0.92": [0, 37.5, 0],
						"1.08": [0, 40, 0],
						"1.84": [0, 60, 0],
						"1.96": [0, 47.5, 0],
						"2.44": [0, 0, 0]
					}
				},
				"tentacle23": {
					"rotation": {
						"0.0": [0, 0, 0],
						"0.8": [0, 45, 0],
						"0.92": [0, 52.5, 0],
						"1.08": [0, 57.5, 0],
						"1.84": [0, 67.5, 0],
						"1.96": [0, 60, 0],
						"2.44": [0, 0, 0]
					}
				},
				"tentacle24": {
					"rotation": {
						"0.0": [0, 0, 0],
						"0.8": [0, 40, 0],
						"0.92": [0, 45, 0],
						"1.08": [0, 47.5, 0],
						"1.84": [0, 57.5, 0],
						"1.96": [0, 45, 0],
						"2.44": [0, 0, 0]
					}
				}
			}
		}
	}
}
