{
	"format_version": "1.8.0",
	"animations": {
		"animation.the_ws_6th_form.roar": {
			"animation_length": 2.6,
			"bones": {
				"hed": {
					"rotation": {
						"0.0": [0, 0, 0],
						"0.48": [30, 0, 0],
						"0.96": [0, 0, 0]
					}
				},
				"hed3": {
					"rotation": {
						"0.0": [0, 0, 0],
						"0.48": [30, 0, 0],
						"0.96": [0, 0, 0]
					}
				},
				"hed2": {
					"rotation": {
						"0.0": [0, 0, 0],
						"0.48": [30, 0, 0],
						"0.96": [0, 0, 0]
					}
				}
			}
		}
	}
}
