{
	"format_version": "1.8.0",
	"animations": {
		"animation.the_ws1.spawn": {
			"animation_length": 4.48,
			"bones": {
				"upperBodyPart2": {
					"rotation": {
						"0.0": [-5, 0, 0],
						"2.08": [-17.5, 0, 0],
						"2.32": [15, 0, 0],
						"4.48": [0, 0, 0]
					}
				},
				"skull1": {
					"rotation": {
						"0.0": [40, 0, 0],
						"2.08": [40, 0, 0],
						"2.32": [-30, 0, 0],
						"4.48": [0, 0, 0]
					}
				},
				"skull2": {
					"rotation": {
						"0.0": [40, 0, 0],
						"2.08": [40, 0, 0],
						"2.32": [-30, 0, 0],
						"4.48": [0, 0, 0]
					}
				},
				"skull3": {
					"rotation": {
						"0.0": [40, 0, 0],
						"2.08": [40, 0, 0],
						"2.32": [-30, 0, 0],
						"4.48": [0, 0, 0]
					}
				}
			}
		}
	}
}
