{
	"format_version": "1.8.0",
	"animations": {
		"animation.the_ws5.idle": {
			"loop": true,
			"animation_length": 1.56,
			"bones": {
				"tentacle": {
					"rotation": {
						"0.0": [0, 0, 0],
						"0.72": [0, -25, -30],
						"0.84": [0, -25, -32.5],
						"1.56": [0, 0, 0]
					}
				},
				"tentacle2": {
					"rotation": {
						"0.0": [0, 0, 0],
						"0.72": [0, 0, -32.5],
						"0.84": [0, 0, -35],
						"1.56": [0, 0, 0]
					}
				},
				"tentacle3": {
					"rotation": {
						"0.0": [0, 0, 0],
						"0.72": [0, 0, -17.5],
						"0.84": [0, 0, -22.5],
						"1.56": [0, 0, 0]
					}
				},
				"tentacle4": {
					"rotation": {
						"0.0": [0, 0, 0],
						"0.72": [0, -32.5, 27.5],
						"0.84": [0, -32.5, 32.5],
						"1.56": [0, 0, 0]
					}
				},
				"tentacle5": {
					"rotation": {
						"0.0": [0, 0, 0],
						"0.72": [0, 0, 12.5],
						"0.84": [0, 0, 15],
						"1.56": [0, 0, 0]
					}
				},
				"tentacle6": {
					"rotation": {
						"0.0": [0, 0, 0],
						"0.72": [0, 0, 22.5],
						"0.84": [0, 0, 25],
						"1.56": [0, 0, 0]
					}
				}
			}
		}
	}
}