{
	"format_version": "1.12.0",
	"minecraft:geometry": [
		{
			"description": {
				"identifier": "geometry.grabpack",
				"texture_width": 64,
				"texture_height": 64,
				"visible_bounds_width": 3,
				"visible_bounds_height": 4,
				"visible_bounds_offset": [0, 1, 0]
			},
			"bones": [
				{
					"name": "all",
					"pivot": [0, 18, 1],
					"cubes": [
						{"origin": [-5, 17, 3], "size": [11, 6, 6], "uv": [0, 0]},
						{"origin": [-5, 15, 3], "size": [1, 9, 1], "uv": [20, 37]},
						{"origin": [-5, 15, -3], "size": [1, 9, 1], "uv": [16, 37]},
						{"origin": [4, 16, -3], "size": [1, 8, 1], "uv": [24, 41]},
						{"origin": [-5, 24, -3], "size": [1, 1, 7], "uv": [33, 34]},
						{"origin": [4, 24, -3], "size": [1, 1, 7], "uv": [33, 34]},
						{"origin": [-5, 15, -3], "size": [1, 1, 7], "uv": [33, 34]},
						{"origin": [4, 15, -3], "size": [1, 1, 7], "uv": [33, 34]},
						{"origin": [4, 16, 4], "size": [1, 8, 1], "uv": [24, 41]},
						{"origin": [-12, 18, 0], "size": [4, 4, 1], "uv": [42, 15]},
						{"origin": [9, 18, 0], "size": [4, 4, 1], "uv": [34, 29]},
						{"origin": [-10.32283, 18.2, 4.22293], "size": [4.9, 3.6, 3.6], "pivot": [-6, 20, 5], "rotation": [-0.67817, 0.05175, 0.20706], "uv": [31, 9]},
						{"origin": [6.67717, 18.2, 4.22293], "size": [4.9, 3.6, 3.6], "pivot": [-6, 20, 5], "rotation": [-0.67817, 0.05175, 0.20706], "uv": [31, 9]},
						{"origin": [-5.61903, 16.8, 2.86422], "size": [1.1, 6.4, 6.4], "uv": [26, 29]},
						{"origin": [-4.61903, 16.8, 2.86422], "size": [10.1, 6.4, 6.4], "uv": [0, 12]},
						{"origin": [5.38097, 16.8, 2.86422], "size": [1.1, 6.4, 6.4], "uv": [26, 29]}
					]
				},
				{
					"name": "blueboi",
					"parent": "all",
					"pivot": [-10, 20, 6],
					"cubes": [
						{"origin": [-12.7, 17.3, -2.9], "size": [5.4, 5.4, 9], "uv": [23, 15]},
						{"origin": [-10.7, 12.3, 0.1], "size": [1.4, 6.4, 2], "uv": [6, 45]},
						{"origin": [-10.7, 16.3, -0.9], "size": [1.4, 2.4, 1], "uv": [0, 3]},
						{"origin": [-11.9568, 17.8832, -9.8176], "size": [4.2336, 4.2336, 9.056], "uv": [0, 24]}
					]
				},
				{
					"name": "main_hand",
					"parent": "blueboi",
					"pivot": [-10, 20, -10],
					"cubes": [
						{"origin": [-13, 17, -12], "size": [6, 6, 2], "uv": [0, 37]},
						{"origin": [-8.5, 23, -12], "size": [1.5, 6, 2], "pivot": [-8, 23, -12], "rotation": [0, 0, 5], "uv": [0, 45]},
						{"origin": [-10.85, 23, -12], "size": [1.5, 6, 2], "uv": [40, 42]},
						{"origin": [-13, 23, -12], "size": [1.5, 6, 2], "pivot": [-12, 23, -11], "rotation": [0, 0, -5], "uv": [34, 42]},
						{"origin": [-7, 19, -12], "size": [3, 1.5, 1], "pivot": [-7, 19, -11], "rotation": [0, 0, -5], "uv": [42, 8]}
					]
				},
				{
					"name": "redboi",
					"parent": "all",
					"pivot": [11, 20, 5],
					"cubes": [
						{"origin": [8.3, 17.3, -3.9], "size": [5.4, 5.4, 9], "uv": [23, 15]},
						{"origin": [10.3, 12.3, -0.9], "size": [1.4, 6.4, 2], "uv": [42, 32]},
						{"origin": [10.3, 16.3, -1.9], "size": [1.4, 2.4, 1], "uv": [0, 0]},
						{"origin": [8.7232, 17.8832, -10.8176], "size": [4.2336, 4.2336, 9.056], "uv": [0, 24]}
					]
				},
				{
					"name": "main_hand2",
					"parent": "redboi",
					"pivot": [11, 20, -11],
					"cubes": [
						{"origin": [8, 17, -13], "size": [6, 6, 2], "uv": [34, 0]},
						{"origin": [8, 23, -13], "size": [1.5, 6, 2], "pivot": [9, 23, -13], "rotation": [0, 0, -5], "uv": [28, 41]},
						{"origin": [10.25, 23, -13], "size": [1.5, 6, 2], "uv": [17, 24]},
						{"origin": [12.5, 23, -13], "size": [1.5, 6, 2], "pivot": [13, 23, -13], "rotation": [0, 0, 5], "uv": [0, 24]},
						{"origin": [5, 19, -13], "size": [3, 1.5, 1], "pivot": [8, 19, -13], "rotation": [0, 0, 10], "uv": [23, 29]}
					]
				}
			]
		}
	]
}