{
    "format_version": "1.16.0",
    "minecraft:block": {
        "description": {
            "identifier": "vl:cabinet",
            "properties": {
                "furniture:face": [ 2, 3, 4, 5 ],
                "furniture:open": [ false, true ]
            }
        },
        "components": {
            "minecraft:material_instances": {
                "*": {
                    "texture": "cabinet",
                    "render_method": "blend"
                }
            },
            "minecraft:on_interact": {
                "event": "furniture:open"
            },
            "minecraft:pick_collision": {
                "origin": [ -8, 0, -8 ],
                "size": [ 18, 18, 18 ]
            },
            "minecraft:geometry": "geometry.cabinet_close",
            "minecraft:destroy_time": 1.0,
            "minecraft:on_player_placing": {
                "event": "furniture:place"
            },
            "minecraft:friction": 0.6,
            "minecraft:map_color": "#00ff00",
            "minecraft:flammable": {
                "flame_odds": 0,
                "burn_odds": 0
            },
            "minecraft:block_light_emission": 0.0
        },
        "events": {
            "furniture:place": {
                "set_block_property": {
                    "furniture:face": "(query.cardinal_facing_2d)"
                }
            },
            "furniture:open": {
                "set_block_property": {
                    "furniture:open": true
                },
                "run_command": {
                    "command": [ "playsound cabinet @a[r=10]" ]
                }
            },
            "furniture:close": {
                "set_block_property": {
                    "furniture:open": false
                },
                "run_command": {
                    "command": [ "playsound cabinet @a[r=10]" ]
                }
            }
        },
        "permutations": [
            {
                "condition": "query.block_property('furniture:face') == 2",
                "components": {
                    "minecraft:block_light_emission": 0.0
                }
            },
            {
                "condition": "query.block_property('furniture:face') == 3",
                "components": {
                    "minecraft:rotation": [ 0, 180, 0 ]
                }
            },
            {
                "condition": "query.block_property('furniture:face') == 4",
                "components": {
                    "minecraft:rotation": [ 0, 90, 0 ]
                }
            },
            {
                "condition": "query.block_property('furniture:face') == 5",
                "components": {
                    "minecraft:rotation": [ 0, 270, 0 ]
                }
            },

            {
                "condition": "query.block_property('furniture:open') == false",
                "components": {
                    "minecraft:on_interact": {
                        "event": "furniture:open"
                    },
                    "minecraft:material_instances": {
                        "*": {
                            "texture": "cabinet",
                            "render_method": "blend"
                        }
                    },
                    "minecraft:geometry": "geometry.cabinet_close"
                }
            },
            {
                "condition": "query.block_property('furniture:open') == true",
                "components": {
                    "minecraft:on_interact": {
                        "event": "furniture:close"
                    },
                    "minecraft:material_instances": {
                        "*": {
                            "texture": "cabinet",
                            "render_method": "blend"
                        }
                    },
                    "minecraft:geometry": "geometry.cabinet_open"
                }
            }
        ]
    }
}
