{
  "format_version": "1.13.0",
  "minecraft:recipe_shaped": {
    "description": {
      "identifier": "goodlord:rail_tractor"
    },
    
    "tags": [ "crafting_table" ],
    "pattern": [
      " G ",
      "PBP",
      "III"
    ],
    "key": {
      "P": {
        "item": "minecraft:redstone_block"
      },
      "B": {
        "item": "minecraft:netherite_block"
      },
      "A": {
        "item": "minecraft:lapis_block"
      },
      "I": {
        "item": "minecraft:iron_block"
      },
      "G": {
        "item": "minecraft:gold_block"
      }
    },
    "result": {
      "item": "spawn_egg",
      "data": "query.get_actor_info_id('goodlord:rail_tractor')"
    }
  }
}
