{
  "format_version": "1.13.0",
  "minecraft:recipe_shaped": {
    "description": {
      "identifier": "goodlord:wall_builder"
    },
    
    "tags": [ "crafting_table" ],
    "pattern": [
      "AGA",
      "BPB",
      "III"
    ],
    "key": {
      "P": {
        "item": "minecraft:redstone_block"
      },
      "B": {
        "item": "minecraft:netherite_block"
      },
      "A": {
        "item": "minecraft:lapis_block"
      },
      "I": {
        "item": "minecraft:fence"
      },
      "G": {
        "item": "minecraft:gold_block"
      }
    },
    "result": {
      "item": "spawn_egg",
      "data": "query.get_actor_info_id('goodlord:wall_builder')"
    }
  }
}
