{
  "format_version": "1.10.0",
  "minecraft:client_entity": {
    "description": {
      "identifier": "boss:herobrine_wand_projectile",
      "materials": {
	    "default": "spider"
	  },
      "textures": {
        "default": "textures/blocks/obsidian"
      },
      "animations": {
        "general": "animation.hero.sikle"
      },
      "scripts": {
        "pre_animation": [
          "variable.shake = query.shake_time - query.frame_alpha;",
          "variable.shake_power = variable.shake > 0.0 ? -Math.sin(variable.shake * 200.0) * variable.shake : 0.0;"
        ],
        "animate": [
          "general"
        ]
      },
      "geometry": {
        "default": "geometry.heroblock"
      },
      "render_controllers": [ "controller.render.skeleton" ]
    }
  }
}
