{
  "format_version": "1.10.0",
  "minecraft:client_entity": {
    "description": {
      "identifier": "boss:enchanted_herobrine_wand",
      "materials": {
	      "default": "spider",
        "charged": "charged_creeper"
	    },
      "textures": {
        "default": "textures/blocks/obsidian",
        "charged": "enchanted_obsidian_block"
      },
      "animations": {
        "general": "animation.hero.sikle"
      },
      "scripts": {
        "pre_animation": [
          "variable.shake = query.shake_time - query.frame_alpha;",
          "variable.shake_power = variable.shake > 0.0 ? -Math.sin(variable.shake * 200.0) * variable.shake : 0.0;"
        ],
        "animate": [
          "general"
        ]
      },
      "geometry": {
        "default": "geometry.heroblock",
        "charged": "geometry.heroblock1"
      },
      "render_controllers": [ "controller.render.skeleton", "controller.render.creeper_armor" ]
    }
  }
}
