{
  "format_version": "1.10.0",
  "minecraft:client_entity": {
    "description": {
      "identifier": "boss:herobrine_skull_blaster",
      "materials": {
	    "default": "spider",
      "beam": "charged_creeper"
	  },
      "textures": {
        "default": "this_is_obsidian",
        "beam": "ender"
      },
      "animations": {
        "general": "animation.hero.laser"
      },
      "scripts": {
        "scale": "2.0",
        "pre_animation": [
          "variable.shake = query.shake_time - query.frame_alpha;",
          "variable.shake_power = variable.shake > 0.0 ? -Math.sin(variable.shake * 200.0) * variable.shake : 0.0;"
        ],
        "animate": [
          "general"
        ]
      },
      "geometry": {
        "beam": "geometry.herolaser1",
        "default": "geometry.herobrine_skull_blaster"
      },
      "render_controllers": [ "controller.render.skeleton", "controller.render.blaster" ]
    }
  }
}
