{
	"format_version": "1.12.0",
	"minecraft:geometry": [
		{
			"description": {
				"identifier": "geometry.arm",
				"texture_width": 128,
				"texture_height": 128,
				"visible_bounds_width": 4,
				"visible_bounds_height": 6,
				"visible_bounds_offset": [0, 2, 0]
			},
			"bones": [
				{
					"name": "body",
					"pivot": [0, 24, 0]
				},
				{
					"name": "bodyArmor",
					"parent": "body",
					"pivot": [0, 24, 0]
				},
				{
					"name": "belt",
					"parent": "body",
					"pivot": [0, 24, 0]
				},
				{
					"name": "rightArm",
					"parent": "body",
					"pivot": [-5, 22, 0]
				},
				{
					"name": "rightItem",
					"parent": "rightArm",
					"pivot": [-6, 15, 1]
				},
				{
					"name": "rightArmArmor",
					"parent": "rightArm",
					"pivot": [-5, 22, 0]
				},
				{
					"name": "rightLeg",
					"parent": "body",
					"pivot": [-1.9, 12, 0]
				},
				{
					"name": "rightLegging",
					"parent": "rightLeg",
					"pivot": [-1.9, 12, 0]
				},
				{
					"name": "rightBoot",
					"parent": "rightLeg",
					"pivot": [-1.9, 12, 0]
				},
				{
					"name": "rightSock",
					"parent": "rightLeg",
					"pivot": [-1.9, 12, 0]
				},
				{
					"name": "leftLeg",
					"parent": "body",
					"pivot": [1.9, 12, 0]
				},
				{
					"name": "leftLegging",
					"parent": "leftLeg",
					"pivot": [1.9, 12, 0]
				},
				{
					"name": "leftBoot",
					"parent": "leftLeg",
					"pivot": [1.9, 12, 0]
				},
				{
					"name": "leftSock",
					"parent": "leftLeg",
					"pivot": [1.9, 12, 0]
				},
				{
					"name": "leftArm",
					"parent": "body",
					"pivot": [5, 22, 0]
				},
				{
					"name": "leftItem",
					"parent": "leftArm",
					"pivot": [6, 15, 1]
				},
				{
					"name": "leftArmArmor",
					"parent": "leftArm",
					"pivot": [5, 22, 0]
				},
				{
					"name": "leftBraco",
					"pivot": [0.88662, -13.74032, 5.32716],
					"rotation": [-178.73126, -1.05071, 1.36026],
					"cubes": [
						{
							"origin": [-8.59278, -39.1954, -4.87183],
							"size": [17.63029, 21.95696, 20.59532],
							"uv": {
								"north": {"uv": [29, 47], "uv_size": [-5, 6.5]},
								"east": {"uv": [68, 7], "uv_size": [-6, 6.5]},
								"south": {"uv": [59, 65], "uv_size": [-5, 6.5]},
								"west": {"uv": [68, 0], "uv_size": [-6, 6.5]},
								"up": {"uv": [63, 72], "uv_size": [-5, 6]},
								"down": {"uv": [78, 30], "uv_size": [-5, -6]}
							}
						},
						{
							"origin": [-7.45417, -52.72901, -2.22795],
							"size": [15.35305, 21.8273, 15.30752],
							"uv": {
								"north": {"uv": [14.5, 74], "uv_size": [-4.5, 6.5]},
								"east": {"uv": [4.5, 75], "uv_size": [-4.5, 6.5]},
								"south": {"uv": [78.5, 41], "uv_size": [-4.5, 6.5]},
								"west": {"uv": [19.5, 74], "uv_size": [-4.5, 6.5]},
								"up": {"uv": [88.5, 60], "uv_size": [-4.5, 4.5]},
								"down": {"uv": [88.5, 69.5], "uv_size": [-4.5, -4.5]}
							}
						},
						{
							"origin": [-9.49164, -55.7266, -5.14745],
							"size": [10.5333, 18.86223, 15.12541],
							"pivot": [-10.71602, -25.45473, 5.59551],
							"rotation": [0, 0, -5],
							"uv": {
								"north": {"uv": [76, 87], "uv_size": [-3, 5.5]},
								"east": {"uv": [44.5, 76], "uv_size": [-4.5, 5.5]},
								"south": {"uv": [92, 0], "uv_size": [-3, 5.5]},
								"west": {"uv": [39.5, 76], "uv_size": [-4.5, 5.5]},
								"up": {"uv": [79, 91], "uv_size": [-3, 4.5]},
								"down": {"uv": [94, 81.5], "uv_size": [-3, -4.5]}
							}
						},
						{
							"origin": [-9.73135, -36.14624, -3.73323],
							"size": [19.9075, 17.76916, 18.31808],
							"uv": {
								"north": {"uv": [73, 21], "uv_size": [-6, 5.5]},
								"east": {"uv": [74.5, 69], "uv_size": [-5.5, 5.5]},
								"south": {"uv": [73, 27], "uv_size": [-6, 5.5]},
								"west": {"uv": [68.5, 69], "uv_size": [-5.5, 5.5]},
								"up": {"uv": [74, 0], "uv_size": [-6, 5.5]},
								"down": {"uv": [74, 11.5], "uv_size": [-6, -5.5]}
							}
						},
						{
							"origin": [-4.95201, -35.75147, -3.1581],
							"size": [17.5186, 15.63687, 16.1199],
							"uv": {
								"north": {"uv": [35, 81], "uv_size": [-5, 4.5]},
								"east": {"uv": [10, 82], "uv_size": [-5, 4.5]},
								"south": {"uv": [5, 82], "uv_size": [-5, 4.5]},
								"west": {"uv": [86, 55], "uv_size": [-5, 4.5]},
								"up": {"uv": [73, 75], "uv_size": [-5, 5]},
								"down": {"uv": [80, 74], "uv_size": [-5, -5]}
							}
						},
						{
							"origin": [-5.35209, -31.72149, -2.22795],
							"size": [12.60874, 16.26388, 15.30752],
							"uv": {
								"north": {"uv": [32, 86], "uv_size": [-4, 5]},
								"east": {"uv": [27.5, 82], "uv_size": [-4.5, 5]},
								"south": {"uv": [90, 55], "uv_size": [-4, 5]},
								"west": {"uv": [22.5, 82], "uv_size": [-4.5, 5]},
								"up": {"uv": [69, 87], "uv_size": [-4, 4.5]},
								"down": {"uv": [73, 91.5], "uv_size": [-4, -4.5]}
							}
						},
						{
							"origin": [-7.45417, -36.9182, -6.01043],
							"size": [15.35305, 18.54108, 22.87253],
							"uv": {
								"north": {"uv": [49.5, 76], "uv_size": [-4.5, 5.5]},
								"east": {"uv": [11, 63], "uv_size": [-7, 5.5]},
								"south": {"uv": [80.5, 52], "uv_size": [-4.5, 5.5]},
								"west": {"uv": [69, 51], "uv_size": [-7, 5.5]},
								"up": {"uv": [41.5, 69], "uv_size": [-4.5, 7]},
								"down": {"uv": [46.5, 76], "uv_size": [-4.5, -7]}
							}
						}
					]
				},
				{
					"name": "leftBraco_down",
					"parent": "leftBraco",
					"pivot": [0.66025, -49.34941, 1.84968],
					"rotation": [-5, 0, 7.5],
					"cubes": [
						{
							"origin": [-2.71892, -86.91479, -2.84106],
							"size": [10.55947, 21.61199, 12.01922],
							"uv": {
								"north": {"uv": [16, 20], "uv_size": [-3, 6.5]},
								"east": {"uv": [83.5, 64], "uv_size": [-3.5, 6.5]},
								"south": {"uv": [13, 37], "uv_size": [-3, 6.5]},
								"west": {"uv": [81.5, 79], "uv_size": [-3.5, 6.5]},
								"up": {"uv": [36, 92], "uv_size": [-3, 3.5]},
								"down": {"uv": [95, 61.5], "uv_size": [-3, -3.5]}
							}
						},
						{
							"origin": [-6.65275, -67.24344, -4.30081],
							"size": [13.47898, 17.50594, 14.93873],
							"pivot": [-10.71602, -25.45473, 5.59551],
							"rotation": [0, 0, -2.5],
							"uv": {
								"north": {"uv": [80, 86], "uv_size": [-4, 5]},
								"east": {"uv": [39.5, 82], "uv_size": [-4.5, 5]},
								"south": {"uv": [4, 87], "uv_size": [-4, 5]},
								"west": {"uv": [86.5, 33], "uv_size": [-4.5, 5]},
								"up": {"uv": [91, 79], "uv_size": [-4, 4.5]},
								"down": {"uv": [91, 88.5], "uv_size": [-4, -4.5]}
							}
						},
						{
							"origin": [-4.03265, -76.84256, -4.15479],
							"size": [9.24571, 17.52475, 8.07791],
							"uv": {
								"north": {"uv": [53, 44], "uv_size": [-3, 5]},
								"east": {"uv": [5.5, 92], "uv_size": [-2.5, 5]},
								"south": {"uv": [24, 56], "uv_size": [-3, 5]},
								"west": {"uv": [94.5, 0], "uv_size": [-2.5, 5]},
								"up": {"uv": [13, 44], "uv_size": [-3, 2.5]},
								"down": {"uv": [85, 40.5], "uv_size": [-3, -2.5]}
							}
						},
						{
							"origin": [-4.03265, -76.84256, 2.41408],
							"size": [9.24571, 16.065, 8.07791],
							"uv": {
								"north": {"uv": [87, 89], "uv_size": [-3, 5]},
								"east": {"uv": [19.5, 92], "uv_size": [-2.5, 5]},
								"south": {"uv": [90, 89], "uv_size": [-3, 5]},
								"west": {"uv": [94.5, 10], "uv_size": [-2.5, 5]},
								"up": {"uv": [82, 94], "uv_size": [-3, 2.5]},
								"down": {"uv": [97, 83.5], "uv_size": [-3, -2.5]}
							}
						},
						{
							"origin": [-5.34644, -63.91502, 3.72784],
							"size": [9.24571, 12.26961, 8.07791],
							"uv": {
								"north": {"uv": [95, 62], "uv_size": [-3, 3.5]},
								"east": {"uv": [96.5, 37], "uv_size": [-2.5, 3.5]},
								"south": {"uv": [67, 92], "uv_size": [-3, 3.5]},
								"west": {"uv": [38.5, 94], "uv_size": [-2.5, 3.5]},
								"up": {"uv": [85, 94], "uv_size": [-3, 2.5]},
								"down": {"uv": [97, 86.5], "uv_size": [-3, -2.5]}
							}
						},
						{
							"origin": [-5.34644, -63.91502, -5.46855],
							"size": [9.24571, 12.26961, 8.07791],
							"uv": {
								"north": {"uv": [95, 66], "uv_size": [-3, 3.5]},
								"east": {"uv": [48.5, 94], "uv_size": [-2.5, 3.5]},
								"south": {"uv": [70, 92], "uv_size": [-3, 3.5]},
								"west": {"uv": [41.5, 94], "uv_size": [-2.5, 3.5]},
								"up": {"uv": [88, 94], "uv_size": [-3, 2.5]},
								"down": {"uv": [97, 91.5], "uv_size": [-3, -2.5]}
							}
						}
					]
				},
				{
					"name": "leftHand",
					"parent": "leftBraco_down",
					"pivot": [2.30827, 5.68944, 4.12073],
					"rotation": [0, -22.5, 0],
					"cubes": [
						{
							"origin": [-3.67115, -97.60406, 4.37718],
							"size": [11.28748, 10.72875, 12.74724],
							"pivot": [-10.71602, -25.45473, 5.59551],
							"rotation": [0, 35, 0],
							"uv": {
								"north": {"uv": [96.5, 15], "uv_size": [-3.5, 3]},
								"east": {"uv": [94, 40], "uv_size": [-4, 3]},
								"south": {"uv": [96.5, 46], "uv_size": [-3.5, 3]},
								"west": {"uv": [72, 18], "uv_size": [-4, 3]},
								"up": {"uv": [93.5, 54], "uv_size": [-3.5, 4]},
								"down": {"uv": [93.5, 93], "uv_size": [-3.5, -4]}
							}
						}
					]
				}
			]
		}
	]
}