{
	"format_version": "1.12.0",
	"minecraft:geometry": [
		{
			"description": {
				"identifier": "geometry.roupas",
				"texture_width": 64,
				"texture_height": 64,
				"visible_bounds_width": 4,
				"visible_bounds_height": 4,
				"visible_bounds_offset": [0, 1, 0]
			},
			"bones": [
				{
					"name": "body",
					"pivot": [0, 24, 0],
					"cubes": [
						{
							"origin": [-4.1, 12, -2.1],
							"size": [8.2, 12.1, 4.2],
							"uv": {
								"north": {"uv": [0, 0], "uv_size": [8, 12]},
								"east": {"uv": [16, 0], "uv_size": [4, 12]},
								"south": {"uv": [8, 0], "uv_size": [8, 12]},
								"west": {"uv": [20, 0], "uv_size": [4, 12]},
								"up": {"uv": [28, 24], "uv_size": [8, 4]},
								"down": {"uv": [28, 32], "uv_size": [8, -4]}
							}
						}
					]
				},
				{
					"name": "head",
					"pivot": [0, 24, 0]
				},
				{
					"name": "rightArm",
					"pivot": [-5, 22, 0],
					"cubes": [
						{
							"origin": [-8.1, 11.9, -2.1],
							"size": [4.2, 12.2, 4.2],
							"uv": {
								"north": {"uv": [20, 12], "uv_size": [4, 12]},
								"east": {"uv": [0, 24], "uv_size": [4, 12]},
								"south": {"uv": [24, 0], "uv_size": [4, 12]},
								"west": {"uv": [4, 24], "uv_size": [4, 12]},
								"up": {"uv": [32, 16], "uv_size": [4, 4]},
								"down": {"uv": [32, 24], "uv_size": [4, -4]}
							}
						}
					]
				},
				{
					"name": "pawpaw",
					"parent": "rightArm",
					"pivot": [1.25, -0.53125, 0.21875]
				},
				{
					"name": "rightItem",
					"parent": "rightArm",
					"pivot": [-6, 15, 1]
				},
				{
					"name": "leftArm",
					"pivot": [5, 22, 0],
					"cubes": [
						{
							"origin": [3.9, 11.9, -2.1],
							"size": [4.2, 12.2, 4.2],
							"uv": {
								"north": {"uv": [8, 24], "uv_size": [4, 12]},
								"east": {"uv": [12, 24], "uv_size": [4, 12]},
								"south": {"uv": [24, 12], "uv_size": [4, 12]},
								"west": {"uv": [16, 24], "uv_size": [4, 12]},
								"up": {"uv": [28, 32], "uv_size": [4, 4]},
								"down": {"uv": [32, 36], "uv_size": [4, -4]}
							}
						}
					]
				},
				{
					"name": "rightLeg",
					"pivot": [-1.9, 12, 0],
					"cubes": [
						{
							"origin": [-4.19, -0.05, -2.11],
							"size": [4.3, 12.2, 4.2],
							"uv": {
								"north": {"uv": [0, 12], "uv_size": [4.5, 12]},
								"east": {"uv": [20, 24], "uv_size": [4, 12]},
								"south": {"uv": [5, 12], "uv_size": [4.5, 12]},
								"west": {"uv": [24, 24], "uv_size": [4, 12]},
								"up": {"uv": [32, 0], "uv_size": [4.5, 4]},
								"down": {"uv": [32, 8], "uv_size": [4.5, -4]}
							}
						}
					]
				},
				{
					"name": "leftLeg",
					"pivot": [1.9, 12, 0],
					"cubes": [
						{
							"origin": [-0.11, -0.05, -2.11],
							"size": [4.3, 12.2, 4.2],
							"uv": {
								"north": {"uv": [4.5, 12], "uv_size": [-4.5, 12]},
								"east": {"uv": [28, 24], "uv_size": [-4, 12]},
								"south": {"uv": [9.5, 12], "uv_size": [-4.5, 12]},
								"west": {"uv": [24, 24], "uv_size": [-4, 12]},
								"up": {"uv": [36.5, 0], "uv_size": [-4.5, 4]},
								"down": {"uv": [36.5, 8], "uv_size": [-4.5, -4]}
							}
						}
					]
				}
			]
		}
	]
}