{
	"format_version": "1.12.0",
	"minecraft:geometry": [
		{
			"description": {
				"identifier": "geometry.slingshot",
				"texture_width": 32,
				"texture_height": 32,
				"visible_bounds_width": 3,
				"visible_bounds_height": 3,
				"visible_bounds_offset": [0, 1.5, 0]
			},
			"bones": [
				{
					"name": "rightArm",
					"pivot": [-5, 22, 0],
					"cubes": [
						{
							"origin": [-8, 12, -2],
							"size": [4, 12, 4],
							"uv": {
								"north": {"uv": [44, 20], "uv_size": [4, 12]},
								"east": {"uv": [40, 20], "uv_size": [4, 12]},
								"south": {"uv": [52, 20], "uv_size": [4, 12]},
								"west": {"uv": [48, 20], "uv_size": [4, 12]},
								"up": {"uv": [44, 16], "uv_size": [4, 4]},
								"down": {"uv": [48, 20], "uv_size": [4, -4]}
							}
						},
						{
							"origin": [-6, 11, -3],
							"size": [1, 1, 4],
							"uv": {
								"north": {"uv": [4, 4], "uv_size": [1, 1]},
								"east": {"uv": [0, 4], "uv_size": [4, 1]},
								"south": {"uv": [9, 4], "uv_size": [1, 1]},
								"west": {"uv": [5, 4], "uv_size": [4, 1]},
								"up": {"uv": [4, 0], "uv_size": [1, 4]},
								"down": {"uv": [5, 4], "uv_size": [1, -4]}
							}
						},
						{
							"origin": [-8, 11, -4],
							"size": [5, 1, 1],
							"uv": {
								"north": {"uv": [1, 6], "uv_size": [5, 1]},
								"east": {"uv": [0, 6], "uv_size": [1, 1]},
								"south": {"uv": [7, 6], "uv_size": [5, 1]},
								"west": {"uv": [6, 6], "uv_size": [1, 1]},
								"up": {"uv": [1, 5], "uv_size": [5, 1]},
								"down": {"uv": [6, 6], "uv_size": [5, -1]}
							}
						},
						{
							"origin": [-8, 11, -7],
							"size": [1, 1, 3],
							"uv": {
								"north": {"uv": [8, 11], "uv_size": [1, 1]},
								"east": {"uv": [5, 11], "uv_size": [3, 1]},
								"south": {"uv": [12, 11], "uv_size": [1, 1]},
								"west": {"uv": [9, 11], "uv_size": [3, 1]},
								"up": {"uv": [8, 8], "uv_size": [1, 3]},
								"down": {"uv": [9, 11], "uv_size": [1, -3]}
							}
						},
						{
							"origin": [-4, 11, -7],
							"size": [1, 1, 3],
							"uv": {
								"north": {"uv": [3, 10], "uv_size": [1, 1]},
								"east": {"uv": [0, 10], "uv_size": [3, 1]},
								"south": {"uv": [7, 10], "uv_size": [1, 1]},
								"west": {"uv": [4, 10], "uv_size": [3, 1]},
								"up": {"uv": [3, 7], "uv_size": [1, 3]},
								"down": {"uv": [4, 10], "uv_size": [1, -3]}
							}
						},
						{
							"origin": [-8, 12, -6],
							"size": [5, 0, 1],
							"uv": {
								"north": {"uv": [6, 1], "uv_size": [5, 0]},
								"east": {"uv": [5, 1], "uv_size": [1, 0]},
								"south": {"uv": [12, 1], "uv_size": [5, 0]},
								"west": {"uv": [11, 1], "uv_size": [1, 0]},
								"up": {"uv": [6, 0], "uv_size": [5, 1]},
								"down": {"uv": [11, 1], "uv_size": [5, -1]}
							}
						}
					]
				},
				{
					"name": "rightSleeve",
					"parent": "rightArm",
					"pivot": [-5, 22, 0],
					"cubes": [
						{
							"origin": [-8, 12, -2],
							"size": [4, 12, 4],
							"inflate": 0.25,
							"uv": {
								"north": {"uv": [44, 36], "uv_size": [4, 12]},
								"east": {"uv": [40, 36], "uv_size": [4, 12]},
								"south": {"uv": [52, 36], "uv_size": [4, 12]},
								"west": {"uv": [48, 36], "uv_size": [4, 12]},
								"up": {"uv": [44, 32], "uv_size": [4, 4]},
								"down": {"uv": [48, 36], "uv_size": [4, -4]}
							}
						}
					]
				},
				{
					"name": "rightItem",
					"parent": "rightArm",
					"pivot": [-6, 15, 1],
					"locators": {
						"lead_hold": [-6, 15, 1]
					}
				}
			]
		}
	]
}