{
  "format_version": "1.10.0",
  "animation_controllers": {
    "controller.animation.mr_niko_bellic_armor": {
      "states": {
        "default": {
          "transitions": [
            {
              "walking": "(1.0)"
            }
          ],
          "on_entry": [
            "/function mr_niko_bellic_armor"
          ]
        },
        "walking": {
          "transitions": [
            {
              "default": "query.get_equipped_item_name=='niko_bellic_armor' && query.is_using_item"
            }
          ],
          "on_entry": [
            "/function mr_niko_bellic_armor"
          ]
        }
      }
    }
  }
}