{
  "format_version": "1.12",
  "minecraft:recipe_shaped": {
    "description": {
    "identifier": "57:storm_bow"
    },

    
    "tags": [ "crafting_table" ],
    "group": "planks",
    "pattern": [
      "STA",
      "TSA",
      "STA"
    ],
    "key": {
      "T": {
        "item": "minecraft:netherite_ingot"
      },
      "S": {
        "item": "57:storm_essence"
      },
      "A": {
        "item": "minecraft:blaze_rod"
      }
    },
    "result": {
      "item": "57:storm_bow",
      "count": 1
    }
  }
}
