{
  "format_version": "1.12",
  "minecraft:recipe_shaped": {
    "description": {
    "identifier": "57:storm_arrow"
    },

    
    "tags": [ "crafting_table" ],
    "group": "planks",
    "pattern": [
      "R",
      "X",
      "F"
    ],
    "key": {
      "R": {
        "item": "57:storm_arrow_head"
      },
      "X": {
        "item": "minecraft:arrow"
      },
      "F": {
        "item": "57:void_nuke"
      }
    },
    "result": {
      "item": "57:storm_arrow",
      "count": 1
    }
  }
}
