{
  "format_version": "1.12",
  "minecraft:recipe_shaped": {
    "description": {
    "identifier": "57:void_nuke"
    },

    
    "tags": [ "crafting_table" ],
    "group": "planks",
    "pattern": [
      "GGG",
      "TXT",
      "GGG"
    ],
    "key": {
      "T": {
        "item": "minecraft:tnt"
      },
      "G": {
        "item": "57:storm_essence"
      },
      "X": {
        "item": "minecraft:diamond_block"
      }
    },
    "result": {
      "item": "57:void_nuke",
      "count": 1
    }
  }
}
