{
  "format_version": "1.12",
  "minecraft:recipe_shaped": {
    "description": {
      "identifier": "sen_scythe_29d2eadc"
    },
    "tags": [
      "crafting_table"
    ],
    "pattern": [
      "AB ",
      " C ",
      " D "
    ],
    "key": {
      "A": {
        "item": "srp:reeker_teeth",
        "data": 0
      },
      "B": {
        "item": "srp:reeker_teeth",
        "data": 0
      },
      "C": {
        "item": "srp:infected_flesh",
        "data": 0
      },
      "D": {
        "item": "srp:infected_flesh",
        "data": 0
      }
    },
    "result": {
      "item": "weapon:sen_scythe",
      "count": 1
    }
  }
} 1
    }
  }
}}
  }
} }
}