{
  "format_version": "1.8.0",
  "render_controllers": {
   "controller.render.player.doom_sword": {
      "geometry": "Geometry.doom_sword",
      "materials": [ { "*": "Material.default" } ],
      "textures": [ "Texture.doom_sword" ]
    },
   "controller.render.player.p90": {
      "geometry": "Geometry.p90",
      "materials": [ { "*": "Material.default" } ],
      "textures": [ "Texture.p90" ]
    },
   "controller.render.player.m16": {
      "geometry": "Geometry.m16",
      "materials": [ { "*": "Material.default" } ],
      "textures": [ "Texture.m16" ]
    },
   "controller.render.player.mg90": {
      "geometry": "Geometry.mg90",
      "materials": [ { "*": "Material.default" } ],
      "textures": [ "Texture.mg90" ]
    },
   "controller.render.player.m1911": {
      "geometry": "Geometry.m1911",
      "materials": [ { "*": "Material.default" } ],
      "textures": [ "Texture.m1911" ]
    },
   "controller.render.player.m870": {
      "geometry": "Geometry.m870",
      "materials": [ { "*": "Material.default" } ],
      "textures": [ "Texture.m870" ]
    },
   "controller.render.player.m249": {
      "geometry": "Geometry.m249",
      "materials": [ { "*": "Material.default" } ],
      "textures": [ "Texture.m249" ]
    },
   "controller.render.player.ak117": {
      "geometry": "Geometry.ak117",
      "materials": [ { "*": "Material.default" } ],
      "textures": [ "Texture.ak117" ]
    },
   "controller.render.player.ak47": {
      "geometry": "Geometry.electrogun",
      "materials": [ { "*": "Material.default" } ],
      "textures": [ "Texture.electrogun" ]
    },
   "controller.render.player.scar": {
      "geometry": "Geometry.scar",
      "materials": [ { "*": "Material.default" } ],
      "textures": [ "Texture.scar" ]
    },
   "controller.render.player.p228": {
      "geometry": "Geometry.p228",
      "materials": [ { "*": "Material.default" } ],
      "textures": [ "Texture.m16" ]
    },
   "controller.render.player.awm": {
      "geometry": "Geometry.awm",
      "materials": [ { "*": "Material.default" } ],
      "textures": [ "Texture.awm" ]
    },
   "controller.render.player.gold_awm": {
      "geometry": "Geometry.awm",
      "materials": [ { "*": "Material.default" } ],
      "textures": [ "Texture.gold_awm" ]
    },
   "controller.render.player.m500": {
      "geometry": "Geometry.m500",
      "materials": [ { "*": "Material.default" } ],
      "textures": [ "Texture.m500" ]
    },
   "controller.render.player.scope": {
      "geometry": "Geometry.scope",
      "materials": [ { "*": "Material.scope" } ],
      "textures": [ "Texture.scope" ]
    }
  }
}