{
  "format_version": "1.16.100",
  "minecraft:item": {
    "description": {
      "category": "equipment",
      "identifier": "escape_run:infected_claw"
    },
    "components": {
      "minecraft:icon": {
        "texture": "escape_run_infected_claw"
      },
      "minecraft:creative_category": {
        "parent": "itemGroup.name.sword"
      },
      "minecraft:max_stack_size": 1,
      "minecraft:hand_equipped": true,
      "minecraft:allow_off_hand": true,
      "minecraft:foil": true,
      "minecraft:durability": {
        "max_durability": 80,
        "damage_chance": {
          "min": 60,
          "max": 100
        }
      },
      "minecraft:repairable": {
        "repair_items": [
          {
            "items": [
              "minecraft:emerald",
              "escape_run:infected_claw"
            ],
            "repair_amount": 10
          }
        ]
      },
      "minecraft:mining_speed": 1,
      "minecraft:damage": 5,
      "minecraft:enchantable": {
        "value": 15,
        "slot": "sword"
      },
      "minecraft:can_destroy_in_creative": true,
      "minecraft:weapon": {
        "on_hurt_entity": {
          "event": "hurt"
        },
        "on_not_hurt_entity": {
          "event": "hurt"
        },
        "on_hit_block": {
          "event": "hurt"
        }
      },
      "minecraft:render_offsets": "tools",
      "tag:minecraft:is_sword": {},
      "minecraft:display_name": {}
    },
    "events": {
      "hurt": {
        "damage": {
          "type": "none",
          "amount": 1,
          "target": "self"
        }
      }
    }
  }
}