{
  "format_version": "1.10",
  "minecraft:item": {
    "description": {
      "identifier": "escape_run:cooked_infection_raw",
      "category": "items"
    },
    "components": {
      "minecraft:hand_equipped": false,
      "minecraft:max_stack_size": 64,
      "minecraft:foil": true,
      "minecraft:stack_by_data": true,
      "minecraft:food": {
        "saturation_modifier": "supernatural",
        "nutrition": 10,
        "can_always_eat": true,
        "effects": [
          {
            "name": "poison",
            "chance": 1,
            "duration": 5,
            "amplifier": 1
          }
        ]
      },
      "minecraft:use_duration": 5
    }
  }
}