{
  "format_version": "1.8.0",
  "render_controllers": {
    "controller.render.player.first_person": {
      "geometry": "Geometry.default",
      "materials": [
        {
          "*": "Material.default"
        }
      ],
      "textures": [
        "Texture.default"
      ],
      "part_visibility": [
        {
          "*": false
        },
        {
          "rightArm": "variable.all_firearms || query.get_equipped_item_name(0, 1) == '' || query.get_equipped_item_name(0, 1) == 'map'"
        },
        {
          "rightSleeve": "variable.all_firearms || query.get_equipped_item_name(0, 1) == '' || query.get_equipped_item_name(0, 1) == 'map'"
        },
        {
          "leftArm": "variable.all_firearms || query.get_equipped_item_name(0, 1) == '' || query.get_equipped_item_name(0, 1) == 'map'"
        },
        {
          "leftSleeve": "variable.all_firearms"
        }
      ]
    },
    "controller.render.player.third_person": {
      "geometry": "Geometry.default",
      "materials": [
        {
          "*": "Material.default"
        }
      ],
      "textures": [
        "Texture.default"
      ],
      "part_visibility": [
        {
          "*": true
        },
        {
          "helmet": "variable.helmet_layer_visible"
        },
        {
          "leftLegging": "variable.leg_layer_visible"
        },
        {
          "rightLegging": "variable.leg_layer_visible"
        },
        {
          "leftBoot": "variable.boot_layer_visible"
        },
        {
          "rightBoot": "variable.boot_layer_visible"
        },
        {
          "leftSock": "variable.boot_layer_visible && variable.leg_layer_visible"
        },
        {
          "rightSock": "variable.boot_layer_visible && variable.leg_layer_visible"
        },
        {
          "bodyArmor": "variable.chest_layer_visible && !query.has_cape"
        },
        {
          "leftArmArmor": "variable.chest_layer_visible && !query.has_cape"
        },
        {
          "rightArmArmor": "variable.chest_layer_visible && !query.has_cape"
        },
        {
          "belt": "variable.chest_layer_visible && variable.leg_layer_visible"
        }
      ]
    },
    "controller.render.player.map": {
      "geometry": "Geometry.default",
      "materials": [
        {
          "*": "Material.default"
        }
      ],
      "textures": [
        "Texture.default"
      ],
      "part_visibility": [
        {
          "*": false
        },
        {
          "head": true
        },
        {
          "hat": true
        },
        {
          "helmet": true
        }
      ]
    }
  }
}