{
	"format_version": "1.10.0",
	"animation_controllers": {
		"controller.animation.cement_truck": {
    "initial_state" : "start",
			"states": {
        "start_nothing": {
          "transitions": [
            {
              "start": "1"
            }
          ]
        },
        "out_of_fuel": {
          "transitions": [
            {
              "start": "1"
            }
          ],
          "on_entry": [
            "/title @p title §l§4DANGER§r §2no fuel",
            "/title @p subtitle you must refuel to keep building!",
            "/playsound mob.cement_truck.stop @a[r=30]"
          ]
        },
        "start": {
          "transitions": [
            {
              "stone1": "q.has_rider && query.ground_speed > 0 && q.mark_variant == 1"
            },
            {
              "wood1": "q.has_rider && query.ground_speed > 0 && q.mark_variant == 2"
            },
            {
              "road1": "q.has_rider && query.ground_speed > 0 && q.mark_variant == 3"
            },
            {
              "start2": "q.has_rider && query.ground_speed > 0 && q.mark_variant == 0"
            }
          ]
        },
        "start2": {
          "transitions": [
            {
              "stone1": "q.has_rider && query.ground_speed > 0 && q.mark_variant == 1"
            },
            {
              "wood1": "q.has_rider && query.ground_speed > 0 && q.mark_variant == 2"
            },
            {
              "road1": "q.has_rider && query.ground_speed > 0 && q.mark_variant == 3"
            },
            {
              "start": "q.has_rider && query.ground_speed > 0 && q.mark_variant == 0"
            }
          ]
        },
        "add_light": {
          "transitions": [
            {
              "stone1": "q.mark_variant == 1"
            },
            {
              "wood1": "q.mark_variant == 2"
            },
            {
              "road1": "q.mark_variant == 3"
            },
            {
              "start2": "q.mark_variant == 0"
            }
          ],
          "on_entry": [
            "/execute @e[type=goodlord:cement_truck,r=4] ~ ~ ~ fill ~ ~-2 ~ ~ ~-2 ~ sealantern"
					]
        },
        "add_lightd": {
          "transitions": [
            {
              "stone1": "q.mark_variant == 1"
            },
            {
              "wood1": "q.mark_variant == 2"
            },
            {
              "road1": "q.mark_variant == 3"
            },
            {
              "start2": "q.mark_variant == 0"
            }
          ],
          "on_entry": [
            "/execute @e[type=goodlord:cement_truck,r=4] ~ ~ ~ fill ~ ~-3 ~ ~ ~-3 ~ sealantern"
					]
        },
				"wood_s": {
					"transitions": [
            { 
              "add_light": "math.random(1,10) > 5"
            },
						{
							"wood1": "q.mark_variant == 2"
						},
            {
              "start_nothing": "!q.mark_variant == 2"
            }
					],
          "on_entry": [
            "/execute @e[type=goodlord:cement_truck,r=4] ~ ~ ~ fill ~3 ~-43 ~-3 ~3 ~-2 ~-3 cobblestone_wall 1 replace water",
            "/execute @e[type=goodlord:cement_truck,r=4] ~ ~ ~ fill ~3 ~-43 ~-3 ~3 ~-2 ~-3 fence 1 replace air",
            "/execute @e[type=goodlord:cement_truck,r=4] ~ ~ ~ fill ~-3 ~-43 ~3 ~-3 ~-2 ~3 cobblestone_wall 1 replace water",
            "/execute @e[type=goodlord:cement_truck,r=4] ~ ~ ~ fill ~-3 ~-43 ~3 ~-3 ~-2 ~3 fence 1 replace air",
            "/execute @e[type=goodlord:cement_truck,r=4] ~ ~ ~ fill ~-3 ~-43 ~3 ~-3 ~-2 ~3 fence 1 replace air",
            "/playsound mob.cement_truck.buildw @a[r=30]"
					]
				},
				"wood1": {
					"transitions": [
            {
              "out_of_fuel": "q.mark_variant == 9"
            },
            {
							"wood_s": "q.has_rider && query.ground_speed > 0 && math.mod(q.time_of_day * 10000,2) == 0"
            },
						{
							"wood2": "q.has_rider && query.ground_speed > 0 && q.mark_variant == 2"
						},
            {
              "start_nothing": "!q.has_rider || !q.mark_variant == 2"
            }
					],
					"on_entry": [
            "/execute @e[type=goodlord:cement_truck,r=4] ~ ~ ~ fill ~3 ~-1 ~3 ~-3 ~-1 ~-3 concrete 8"
					]
				},
				"wood2": {
					"transitions": [
            {
              "out_of_fuel": "q.mark_variant == 9"
            },
            {
							"wood_s": "q.has_rider && query.ground_speed > 0 && math.mod(q.time_of_day * 10000,2) == 0"
            },
						{
							"wood1": "q.has_rider && query.ground_speed > 0 && q.mark_variant == 2"
						},
            {
              "start_nothing": "!q.has_rider || !q.mark_variant == 2"
            }
					],
					"on_entry": [
            "/execute @e[type=goodlord:cement_truck,r=4] ~ ~ ~ fill ~3 ~-1 ~3 ~-3 ~-1 ~-3 concrete 8"
					]
				},
				"stone_s": {
					"transitions": [
            {
              "out_of_fuel": "q.mark_variant == 9"
            },
            { 
              "add_light": "math.random(1,10) > 6"
            },
						{
							"stone1": "q.mark_variant == 1"
						},
            {
              "start_nothing": "!q.mark_variant == 1"
            }
					],
          "on_entry": [
            "/execute @e[type=goodlord:cement_truck,r=4] ~ ~ ~ fill ~3 ~-43 ~-3 ~3 ~-2 ~-3 cobblestone_wall 1 replace water",
            "/execute @e[type=goodlord:cement_truck,r=4] ~ ~ ~ fill ~3 ~-43 ~-3 ~3 ~-2 ~-3 fence 3 replace air",
            "/execute @e[type=goodlord:cement_truck,r=4] ~ ~ ~ fill ~-3 ~-43 ~3 ~-3 ~-2 ~3 cobblestone_wall 1 replace water",
            "/execute @e[type=goodlord:cement_truck,r=4] ~ ~ ~ fill ~-3 ~-43 ~3 ~-3 ~-2 ~3 fence 3 replace air",
            "/playsound mob.cement_truck.build @a[r=35]"
					]
				},
				"stone1": {
					"transitions": [
            {
              "out_of_fuel": "q.mark_variant == 9"
            },
            {
							"stone_s": "q.has_rider && query.ground_speed > 0 && math.mod(q.time_of_day * 10000,2) == 0"
            },
						{
							"stone2": "q.has_rider && query.ground_speed > 0 && q.mark_variant == 1"
						},
            {
              "start_nothing": "!q.has_rider || !q.mark_variant == 1"
            }
					],
					"on_entry": [
            "/execute @e[type=goodlord:cement_truck,r=4] ~ ~ ~ fill ~3 ~-1 ~3 ~-3 ~-1 ~-3 concrete 0"
					]
				},
				"stone2": {
					"transitions": [
            {
              "out_of_fuel": "q.mark_variant == 9"
            },
            {
							"stone_s": "q.has_rider && query.ground_speed > 0 && math.mod(q.time_of_day * 10000,2) == 0"
            },
						{
							"stone1": "q.has_rider && query.ground_speed > 0 && q.mark_variant == 1"
						},
            {
              "start_nothing": "!q.has_rider || !q.mark_variant == 1"
            }
					],
					"on_entry": [
            "/execute @e[type=goodlord:cement_truck,r=4] ~ ~ ~ fill ~3 ~-1 ~3 ~-3 ~-1 ~-3 concrete 0"
					]
				},
				"road_s": {
					"transitions": [
            {
              "out_of_fuel": "q.mark_variant == 9"
            },
            { 
              "add_lightd": "math.random(1,10) > 6"
            },
						{
							"road1": "q.mark_variant == 1"
						},
            {
              "start_nothing": "!q.mark_variant == 1"
            }
					],
          "on_entry": [
            "/execute @e[type=goodlord:cement_truck,r=4] ~ ~ ~ fill ~3 ~-43 ~-3 ~3 ~-2 ~-3 cobblestone_wall 1 replace water",
            "/execute @e[type=goodlord:cement_truck,r=4] ~ ~ ~ fill ~3 ~-43 ~-3 ~3 ~-2 ~-3 fence 2 replace air",
            "/execute @e[type=goodlord:cement_truck,r=4] ~ ~ ~ fill ~-3 ~-43 ~3 ~-3 ~-2 ~3 cobblestone_wall 1 replace water",
            "/execute @e[type=goodlord:cement_truck,r=4] ~ ~ ~ fill ~-3 ~-43 ~3 ~-3 ~-2 ~3 fence 2 replace air",
            "/playsound mob.cement_truck.build @a[r=35]"
					]
				},
				"road1": {
					"transitions": [
            {
              "out_of_fuel": "q.mark_variant == 9"
            },
            {
							"road_s": "q.has_rider && query.ground_speed > 0 && math.mod(q.time_of_day * 10000,2) == 0"
            },
						{
							"road2": "q.has_rider && query.ground_speed > 0 && q.mark_variant == 3"
						},
            {
              "start_nothing": "!q.has_rider || !q.mark_variant == 3"
            }
					],
					"on_entry": [
            "/execute @e[type=goodlord:cement_truck,r=4] ~ ~ ~ fill ~3 ~-1 ~3 ~-3 ~-1 ~-3 concrete 7"
					]
				},
				"road2": {
					"transitions": [
            {
              "out_of_fuel": "q.mark_variant == 9"
            },
            {
							"road_s": "q.has_rider && query.ground_speed > 0 && math.mod(q.time_of_day * 10000,2) == 0"
            },
						{
							"road1": "q.has_rider && query.ground_speed > 0 && q.mark_variant == 3"
						},
            {
              "start_nothing": "!q.has_rider || !q.mark_variant == 3"
            }
					],
					"on_entry": [
            "/execute @e[type=goodlord:cement_truck,r=4] ~ ~ ~ fill ~3 ~-1 ~3 ~-3 ~-1 ~-3 concrete 7"
					]
				}
      }
		}
	}
}