{
	"format_version": "1.10.0",
	"animation_controllers": {
		"controller.animation.army_miner": {
			"states": {
				"default": {
					"transitions": [
						{
							"drive": "(1.0)"
						}
					],
					"on_entry": [
						"/effect @p[r=2] water_breathing 1 0 true",
						"/effect @p[r=2] night_vision 1 0 true"
					]
				},
				"drive": {
					"transitions": [
						{
							"default": "query.has_rider"
						}
					],
					"on_entry": [
						"/effect @p[r=2] water_breathing 1 0 true",
						"/effect @p[r=2] night_vision 1 0 true"
					]
				}
			}
		}
	}
}