{
  "format_version": "1.10.0",
  "animation_controllers": {
    "controller.animation.paver": {
    "initial_state" : "start",
      "states": {
        "start_nothing": {
          "transitions": [
            {
              "start": "1"
            }
          ]
        },
        "out_of_fuel": {
          "transitions": [
            {
              "start": "1"
            }
          ],
          "on_entry": [
            "/title @p title §l§4DANGER§r §2no fuel",
            "/title @p subtitle you must refuel to keep laying!",
            "/playsound mob.road_tractor.stop @a[r=30]",
            "/particle minecraft:campfire_smoke_particle ~ ~ ~"
          ]
        },
        "start": {
          "transitions": [
            {
              "converta1": "q.has_rider && query.ground_speed > 0 && q.mark_variant == 3"
            },
            {
              "convertb1": "q.has_rider && query.ground_speed > 0 && q.mark_variant == 4"
            },
            {
              "start2": "q.has_rider && query.ground_speed > 0 && q.mark_variant == 0"
            }
          ]
        },
        "start2": {
          "transitions": [
            {
              "converta1": "q.has_rider && query.ground_speed > 0 && q.mark_variant == 3"
            },
            {
              "convertb1": "q.has_rider && query.ground_speed > 0 && q.mark_variant == 4"
            },
            {
              "start": "q.has_rider && query.ground_speed > 0 && q.mark_variant == 0"
            }
          ]
        },
        "converta1": {
          "transitions": [
            { "out_of_fuel":  "q.mark_variant == 9" },
            { "start_nothing": "!q.has_rider || (!q.mark_variant == 3 && !q.mark_variant == 4)" },
            { "converta2": "q.has_rider && query.ground_speed > 0 && q.mark_variant == 3" }
          ],
          "on_entry": [
            "/execute @e[type=goodlord:paver,r=2] ~ ~ ~ fill ~-1 ~-1 ~-1 ~1 ~ ~1 brick_block 0 replace sand",
            "/execute @e[type=goodlord:paver,r=2] ~ ~ ~ fill ~-1 ~-1 ~-1 ~1 ~ ~1 brick_block 0 replace concrete",
            "/execute @e[type=goodlord:paver,r=2] ~ ~ ~ fill ~-1 ~-1 ~-1 ~1 ~ ~1 brick_block 0 replace grass",
            "/execute @e[type=goodlord:paver,r=2] ~ ~ ~ fill ~-1 ~-1 ~-1 ~1 ~ ~1 brick_block 0 replace dirt",
            "/execute @e[type=goodlord:paver,r=2] ~ ~ ~ fill ~-1 ~-1 ~-1 ~1 ~ ~1 brick_block 0 replace end_stone",
            "/execute @e[type=goodlord:paver,r=2] ~ ~ ~ fill ~-1 ~-1 ~-1 ~1 ~ ~1 brick_block 0 replace netherrack",
            "/execute @e[type=goodlord:paver,r=2] ~ ~ ~ fill ~-1 ~-1 ~-1 ~1 ~ ~1 brick_block 0 replace stone",
            "/execute @e[type=goodlord:paver,r=2] ~ ~ ~ fill ~-1 ~-1 ~-1 ~1 ~ ~1 brick_block 0 replace gravel"
          ]
        },
        "converta2": {
          "transitions": [
            { "out_of_fuel": "q.mark_variant == 9" },
            { "start_nothing": "!q.has_rider || (!q.mark_variant == 3 && !q.mark_variant == 4)" },
            { "converta1": "q.has_rider && query.ground_speed > 0 && q.mark_variant == 3" }
          ],
          "on_entry": [
            "/execute @e[type=goodlord:paver,r=2] ~ ~ ~ fill ~-1 ~-1 ~-1 ~1 ~ ~1 brick_block 0 replace sand",
            "/execute @e[type=goodlord:paver,r=2] ~ ~ ~ fill ~-1 ~-1 ~-1 ~1 ~ ~1 brick_block 0 replace concrete",
            "/execute @e[type=goodlord:paver,r=2] ~ ~ ~ fill ~-1 ~-1 ~-1 ~1 ~ ~1 brick_block 0 replace grass",
            "/execute @e[type=goodlord:paver,r=2] ~ ~ ~ fill ~-1 ~-1 ~-1 ~1 ~ ~1 brick_block 0 replace dirt",
            "/execute @e[type=goodlord:paver,r=2] ~ ~ ~ fill ~-1 ~-1 ~-1 ~1 ~ ~1 brick_block 0 replace end_stone",
            "/execute @e[type=goodlord:paver,r=2] ~ ~ ~ fill ~-1 ~-1 ~-1 ~1 ~ ~1 brick_block 0 replace netherrack",
            "/execute @e[type=goodlord:paver,r=2] ~ ~ ~ fill ~-1 ~-1 ~-1 ~1 ~ ~1 brick_block 0 replace stone",
            "/execute @e[type=goodlord:paver,r=2] ~ ~ ~ fill ~-1 ~-1 ~-1 ~1 ~ ~1 brick_block 0 replace gravel"
          ]
        },
        "convertb1": {
          "transitions": [
            { "out_of_fuel":  "q.mark_variant == 9" },
            { "start_nothing": "!q.has_rider || (!q.mark_variant == 3 && !q.mark_variant == 4)" },
            { "convertb2": "q.has_rider && query.ground_speed > 0 && q.mark_variant == 4" }
          ],
          "on_entry": [
            "/execute @e[type=goodlord:paver,r=2] ~ ~ ~ fill ~-1 ~-1 ~-1 ~1 ~ ~1 double_stone_slab 0 replace sand",
            "/execute @e[type=goodlord:paver,r=2] ~ ~ ~ fill ~-1 ~-1 ~-1 ~1 ~ ~1 double_stone_slab 0 replace concrete",
            "/execute @e[type=goodlord:paver,r=2] ~ ~ ~ fill ~-1 ~-1 ~-1 ~1 ~ ~1 double_stone_slab 0 replace grass",
            "/execute @e[type=goodlord:paver,r=2] ~ ~ ~ fill ~-1 ~-1 ~-1 ~1 ~ ~1 double_stone_slab 0 replace dirt",
            "/execute @e[type=goodlord:paver,r=2] ~ ~ ~ fill ~-1 ~-1 ~-1 ~1 ~ ~1 double_stone_slab 0 replace end_stone",
            "/execute @e[type=goodlord:paver,r=2] ~ ~ ~ fill ~-1 ~-1 ~-1 ~1 ~ ~1 double_stone_slab 0 replace netherrack",
            "/execute @e[type=goodlord:paver,r=2] ~ ~ ~ fill ~-1 ~-1 ~-1 ~1 ~ ~1 double_stone_slab 0 replace stone",
            "/execute @e[type=goodlord:paver,r=2] ~ ~ ~ fill ~-1 ~-1 ~-1 ~1 ~ ~1 double_stone_slab 0 replace gravel"
          ]
        },
        "convertb2": {
          "transitions": [
            { "out_of_fuel": "q.mark_variant == 9" },
            { "start_nothing": "!q.has_rider || (!q.mark_variant == 3 && !q.mark_variant == 4)" },
            { "convertb1": "q.has_rider && query.ground_speed > 0 && q.mark_variant == 4" }
          ],
          "on_entry": [
            "/execute @e[type=goodlord:paver,r=2] ~ ~ ~ fill ~-1 ~-1 ~-1 ~1 ~ ~1 double_stone_slab 0 replace sand",
            "/execute @e[type=goodlord:paver,r=2] ~ ~ ~ fill ~-1 ~-1 ~-1 ~1 ~ ~1 double_stone_slab 0 replace concrete",
            "/execute @e[type=goodlord:paver,r=2] ~ ~ ~ fill ~-1 ~-1 ~-1 ~1 ~ ~1 double_stone_slab 0 replace grass",
            "/execute @e[type=goodlord:paver,r=2] ~ ~ ~ fill ~-1 ~-1 ~-1 ~1 ~ ~1 double_stone_slab 0 replace dirt",
            "/execute @e[type=goodlord:paver,r=2] ~ ~ ~ fill ~-1 ~-1 ~-1 ~1 ~ ~1 double_stone_slab 0 replace end_stone",
            "/execute @e[type=goodlord:paver,r=2] ~ ~ ~ fill ~-1 ~-1 ~-1 ~1 ~ ~1 double_stone_slab 0 replace netherrack",
            "/execute @e[type=goodlord:paver,r=2] ~ ~ ~ fill ~-1 ~-1 ~-1 ~1 ~ ~1 double_stone_slab 0 replace stone",
            "/execute @e[type=goodlord:paver,r=2] ~ ~ ~ fill ~-1 ~-1 ~-1 ~1 ~ ~1 double_stone_slab 0 replace gravel"
          ]
        }
      }
    }
  }
}