{
  "format_version": "1.10.0",
  "animation_controllers": {
    "controller.animation.rail_tractor": {
    "initial_state" : "start",
      "states": {
        "start_nothing": {
          "transitions": [
            {
              "start": "1"
            }
          ]
        },
        "out_of_fuel": {
          "transitions": [
            {
              "start": "1"
            }
          ],
          "on_entry": [
            "/title @p title §l§4DANGER§r §2no fuel",
            "/title @p subtitle you must refuel to keep building!",
            "/playsound mob.road_tractor.stop @a[r=30]",
            "/particle minecraft:campfire_smoke_particle ~ ~ ~"
          ]
        },
        "start": {
          "transitions": [
            {
              "direction_test": "q.has_rider && query.ground_speed > 0 && q.mark_variant == 3"
            },
            {
              "start2": "q.has_rider && query.ground_speed > 0 && q.mark_variant == 0"
            }
          ]
        },
        "start2": {
          "transitions": [
            {
              "direction_test": "q.has_rider && query.ground_speed > 0 && q.mark_variant == 3"
            },
            {
              "start": "q.has_rider && query.ground_speed > 0 && q.mark_variant == 0"
            }
          ]
        },
        "direction_test": {
          "transitions": [
            {
              "direction_n": "q.cardinal_facing_2d == 2.0"
            },
            {
              "direction_s": "q.cardinal_facing_2d == 3.0"
            },
            {
              "direction_w": "q.cardinal_facing_2d == 4.0"
            },
            {
              "direction_e": "q.cardinal_facing_2d == 5.0"
            }
          ]
        },
        "direction_n": {
          "transitions": [
            { "out_of_fuel":  "q.mark_variant == 9" },
            { "start_nothing": "!q.has_rider || !q.mark_variant == 3" },
            { "power_n":      "q.has_rider && math.mod(math.floor(query.position(2)),30) == 0" },
            { "direction_n2": "q.cardinal_facing_2d == 2.0" },
            { "direction_s":  "q.cardinal_facing_2d == 3.0" },
            { "direction_w":  "q.cardinal_facing_2d == 4.0" },
            { "direction_e":  "q.cardinal_facing_2d == 5.0" }
          ],
          "on_entry": [
            "/execute @e[type=goodlord:rail_tractor,r=4] ~ ~ ~ fill ~ ~ ~ ~ ~ ~-1 rail 0 replace air"
          ]
        },
        "direction_n2": {
          "transitions": [
            { "out_of_fuel":  "q.mark_variant == 9" },
            { "start_nothing": "!q.has_rider || !q.mark_variant == 3" },
            { "power_n":      "q.has_rider && math.mod(math.floor(query.position(2)),30) == 0" },
            { "direction_n":  "q.cardinal_facing_2d == 2.0" },
            { "direction_s":  "q.cardinal_facing_2d == 3.0" },
            { "direction_w":  "q.cardinal_facing_2d == 4.0" },
            { "direction_e":  "q.cardinal_facing_2d == 5.0" }
          ],
          "on_entry": [
            "/execute @e[type=goodlord:rail_tractor,r=4] ~ ~ ~ fill ~ ~ ~ ~ ~ ~-1 rail 0 replace air"
          ]
        },
        "direction_s": {
          "transitions": [
            {
              "out_of_fuel": "q.mark_variant == 9"
            },
            {
              "start_nothing": "!q.has_rider || !q.mark_variant == 3"
            },
            {
              "power_s": "q.has_rider && math.mod(math.floor(query.position(2)),30) == 0"
            },
            {
              "direction_n": "q.cardinal_facing_2d == 2.0"
            },
            {
              "direction_s2": "q.cardinal_facing_2d == 3.0"
            },
            {
              "direction_w": "q.cardinal_facing_2d == 4.0"
            },
            {
              "direction_e": "q.cardinal_facing_2d == 5.0"
            }
          ],
          "on_entry": [
            "/execute @e[type=goodlord:rail_tractor,r=4] ~ ~ ~ fill ~ ~ ~ ~ ~ ~1 rail 0 replace air"
          ]
        },
        "direction_s2": {
          "transitions": [
            {
              "out_of_fuel": "q.mark_variant == 9"
            },
            {
              "start_nothing": "!q.has_rider || !q.mark_variant == 3"
            },
            {
              "power_s": "q.has_rider && math.mod(math.floor(query.position(2)),30) == 0"
            },
            {
              "direction_n": "q.cardinal_facing_2d == 2.0"
            },
            {
              "direction_s": "q.cardinal_facing_2d == 3.0"
            },
            {
              "direction_w": "q.cardinal_facing_2d == 4.0"
            },
            {
              "direction_e": "q.cardinal_facing_2d == 5.0"
            }
          ],
          "on_entry": [
            "/execute @e[type=goodlord:rail_tractor,r=4] ~ ~ ~ fill ~ ~ ~ ~ ~ ~1 rail 0 replace air"
          ]
        },
        "direction_e": {
          "transitions": [
            {
              "out_of_fuel": "q.mark_variant == 9"
            },
            {
              "start_nothing": "!q.has_rider || !q.mark_variant == 3"
            },
            {
              "power_e": "q.has_rider && math.mod(math.floor(query.position(0)),30) == 0"
            },
            {
              "direction_n": "q.cardinal_facing_2d == 2.0"
            },
            {
              "direction_s": "q.cardinal_facing_2d == 3.0"
            },
            {
              "direction_w": "q.cardinal_facing_2d == 4.0"
            },
            {
              "direction_e2": "q.cardinal_facing_2d == 5.0"
            }
          ],
          "on_entry": [
            "/execute @e[type=goodlord:rail_tractor,r=4] ~ ~ ~ fill ~1 ~ ~ ~1 ~ ~ rail 0 replace air"
          ]
        },
        "direction_e2": {
          "transitions": [
            {
              "out_of_fuel": "q.mark_variant == 9"
            },
            {
              "start_nothing": "!q.has_rider || !q.mark_variant == 3"
            },
            {
              "power_e": "q.has_rider && math.mod(math.floor(query.position(0)),30) == 0"
            },
            {
              "direction_n": "q.cardinal_facing_2d == 2.0"
            },
            {
              "direction_s": "q.cardinal_facing_2d == 3.0"
            },
            {
              "direction_w": "q.cardinal_facing_2d == 4.0"
            },
            {
              "direction_e": "q.cardinal_facing_2d == 5.0"
            }
          ],
          "on_entry": [
            "/execute @e[type=goodlord:rail_tractor,r=4] ~ ~ ~ fill ~1 ~ ~ ~1 ~ ~ rail 0 replace air"
          ]
        },
        "direction_w": {
          "transitions": [
            {
              "out_of_fuel": "q.mark_variant == 9"
            },
            {
              "start_nothing": "!q.has_rider || !q.mark_variant == 3"
            },
            {
              "power_w": "q.has_rider && math.mod(math.floor(query.position(0)),30) == 0"
            },
            {
              "direction_n": "q.cardinal_facing_2d == 2.0"
            },
            {
              "direction_s": "q.cardinal_facing_2d == 3.0"
            },
            {
              "direction_w2": "q.cardinal_facing_2d == 4.0"
            },
            {
              "direction_e": "q.cardinal_facing_2d == 5.0"
            }
          ],
          "on_entry": [
            "/execute @e[type=goodlord:rail_tractor,r=4] ~ ~ ~ fill ~-1 ~ ~ ~-1 ~ ~ rail 0 replace air"
          ]
        },
        "direction_w2": {
          "transitions": [
            {
              "out_of_fuel": "q.mark_variant == 9"
            },
            {
              "start_nothing": "!q.has_rider || !q.mark_variant == 3"
            },
            {
              "power_w": "q.has_rider && math.mod(math.floor(query.position(0)),30) == 0"
            },
            {
              "direction_n": "q.cardinal_facing_2d == 2.0"
            },
            {
              "direction_s": "q.cardinal_facing_2d == 3.0"
            },
            {
              "direction_w": "q.cardinal_facing_2d == 4.0"
            },
            {
              "direction_e": "q.cardinal_facing_2d == 5.0"
            }
          ],
          "on_entry": [
            "/execute @e[type=goodlord:rail_tractor,r=4] ~ ~ ~ fill ~-1 ~ ~ ~-1 ~ ~ rail 0 replace air"
          ]
        },
        "power_n": {
          "transitions": [
            {
              "out_of_fuel": "q.mark_variant == 9"
            },
            {
              "direction_n2": "q.mark_variant == 3"
            },
            {
              "start_nothing": "!q.mark_variant == 1"
            }
          ],
          "on_entry": [
            "/execute @e[type=goodlord:rail_tractor,r=4] ~ ~ ~ fill ~ ~ ~2 ~ ~ ~2 golden_rail 0 replace rail",
            "/execute @e[type=goodlord:rail_tractor,r=4] ~ ~ ~ fill ~1 ~ ~2 ~1 ~ ~2 redstone_torch",
            "/execute @e[type=goodlord:rail_tractor,r=4] ~ ~ ~ fill ~1 ~ ~2 ~1 ~ ~2 redstone_torch 0 replace stone",
            "/playsound mob.rail_tractor.build @a[r=15]"
          ]
        },
        "power_w": {
          "transitions": [
            {
              "out_of_fuel": "q.mark_variant == 9"
            },
            {
              "direction_w2": "q.mark_variant == 3"
            },
            {
              "start_nothing": "!q.mark_variant == 1"
            }
          ],
          "on_entry": [
            "/execute @e[type=goodlord:rail_tractor,r=4] ~ ~ ~ fill ~2 ~ ~ ~2 ~ ~ golden_rail 0 replace rail",
            "/execute @e[type=goodlord:rail_tractor,r=4] ~ ~ ~ fill ~2 ~ ~1 ~2 ~ ~1 redstone_torch",
            "/execute @e[type=goodlord:rail_tractor,r=4] ~ ~ ~ fill ~2 ~ ~1 ~2 ~ ~1 redstone_torch 0 replace stone",
            "/playsound mob.rail_tractor.build @a[r=15]"
          ]
        },
        "power_s": {
          "transitions": [
            {
              "out_of_fuel": "q.mark_variant == 9"
            },
            {
              "direction_s2": "q.mark_variant == 3"
            },
            {
              "start_nothing": "!q.mark_variant == 1"
            }
          ],
          "on_entry": [
            "/execute @e[type=goodlord:rail_tractor,r=4] ~ ~ ~ fill ~ ~ ~-2 ~ ~ ~-2 golden_rail 0 replace rail",
            "/execute @e[type=goodlord:rail_tractor,r=4] ~ ~ ~ fill ~-1 ~ ~-2 ~-1 ~ ~-2 redstone_torch",
            "/execute @e[type=goodlord:rail_tractor,r=4] ~ ~ ~ fill ~-1 ~ ~-2 ~-1 ~ ~-2 redstone_torch 0 replace stone",
            "/playsound mob.rail_tractor.build @a[r=15]"
          ]
        },
        "power_e": {
          "transitions": [
            {
              "out_of_fuel": "q.mark_variant == 9"
            },
            {
              "direction_e2": "q.mark_variant == 3"
            },
            {
              "start_nothing": "!q.mark_variant == 1"
            }
          ],
          "on_entry": [
            "/execute @e[type=goodlord:rail_tractor,r=4] ~ ~ ~ fill ~-2 ~ ~ ~-2 ~ ~ golden_rail 0 replace rail",
            "/execute @e[type=goodlord:rail_tractor,r=4] ~ ~ ~ fill ~-2 ~ ~-1 ~-2 ~ ~-1 redstone_torch",
            "/execute @e[type=goodlord:rail_tractor,r=4] ~ ~ ~ fill ~-2 ~ ~-1 ~-2 ~ ~-1 redstone_torch 0 replace stone",
            "/playsound mob.rail_tractor.build @a[r=15]"
          ]
        }
      }
    }
  }
}