{
  "format_version": "1.10.0",
  "animation_controllers": {
    "controller.animation.ball": {
      "initial_state": "default",
      "states": {
        "default": {
          "animations": [
            "stop",
            {
              "walk": "query.modified_move_speed"
            },
            {
              "step": "query.modified_move_speed"
            },
            {
              "flap": "!query.is_on_ground"
            }
          ],
          "blend_transition": 0.5
        }
      }
    }
  }
}
