{"format_version" : "1.10.0", "animation_controllers" : {
"controller.animation.basic" : {"initial_state" : "default", "states" : {
"default" : {"animations" : ["look_at", "xdef", "angle", {"walk" : "query.modified_move_speed"}, {"step" : "query.modified_move_speed"}, {"flap" : "!query.is_on_ground"}], "transitions" : [{"floor" : "query.is_sheared"}, {"nap" : "query.is_sleeping"}, {"sit" : "query.is_sitting"}, {"climb" : "query.is_wall_climbing"}, {"grr" : "query.has_target"}], "blend_transition": 0.5},
"grr" : {"animations" : ["grr", "xgrr", "look_at", "angle", {"walk" : "query.modified_move_speed"}, {"run" : "query.modified_move_speed"}], "transitions" : [{"default" : "!query.has_target"}, {"climb" : "query.is_wall_climbing"}], "blend_transition": 0.5},
"floor" : {"animations" : ["floor", "xfloor", "angle", {"walk" : "query.modified_move_speed"}, {"step" : "query.modified_move_speed"}], "transitions" : [{"default" : "!query.is_sheared"}], "blend_transition": 0.5},
"climb" : {"animations" : ["climb", "xclimb", {"grr" : "query.has_target"}], "transitions" : [{"default" : "!query.is_wall_climbing"}], "blend_transition": 0.5},
"nap" : {"animations" : ["look_at", "nap", "xnap", {"sleep" : "query.is_stunned"}], "transitions" : [{"default" : "!query.is_sleeping"}, {"climb" : "query.is_wall_climbing"}], "blend_transition": 0.5},
"sit" : {"animations" : ["look_at", "sit", "xsit"], "transitions" : [{"default" : "!query.is_sitting"}, {"climb" : "query.is_wall_climbing"}], "blend_transition": 0.5}
}}
}}
