{
  "format_version": "1.10.0",
  "animation_controllers": {
    "controller.animation.dolphin.blinkx": {
      "initial_state": "default",
      "states": {
        "default": {
          "transitions": [
            {
              "open": "variable.is_blinking = 0; variable.return_from_blink = query.life_time + math.random(0, 12); variable.last_blink_time = query.life_time; return variable.last_blink_time != 0;"
            }
          ]
        },
        "open": {
          "transitions": [
            {
              "blink": "variable.is_blinking = 0; variable.return_from_blink = query.life_time + math.random(0, 12); return query.life_time > (variable.last_blink_time + math.random(0, 16));"
            }
          ]
        },
        "blink": {
          "transitions": [
            {
              "open": "variable.is_blinking = 1; variable.last_blink_time = query.life_time; return query.all_animations_finished && (query.life_time > (variable.return_from_blink ?? 8));"
            }
          ]
        }
      }
    }
  }
}
