{
  "format_version": "1.10.0",
  "animation_controllers": {
    "controller.animation.dolphin.general": {
      "initial_state": "default",
      "states": {
        "default": {
          "animations": [
            "move",
            "turn",
            {
              "fin": "query.is_tamed"
            },
            {
              "jaw": "query.has_target || query.is_eating"
            }
          ],
          "transitions": [
            {
              "acro": "query.vertical_speed > 5.5 && !query.is_in_water && !query.is_on_ground"
            },
            {
              "blinking": "query.is_sheared"
            },
            {
              "blinking2": "query.is_illager_captain"
            }
          ]
        },
        "acro": {
          "animations": [
            "move",
            "turn",
            {
              "backflip": "query.skin_id == 1"
            },
            {
              "frontflip": "query.skin_id == 2"
            },
            {
              "spin": "query.skin_id == 3"
            },
            {
              "multibackflip": "query.skin_id == 4"
            },
            {
              "backflop": "query.skin_id == 5"
            },
            {
              "dashflip": "query.skin_id == 6"
            },
            {
              "mixflip": "query.skin_id == 7"
            },
            {
              "doublefrontflip": "query.skin_id == 8"
            },
            {
              "backsideflip": "query.skin_id == 9"
            },
            {
              "frontsideflip": "query.skin_id == 10"
            },
            {
              "alien": "query.skin_id == 11"
            },
            {
              "test1": "query.skin_id == 12"
            },
            {
              "test2": "query.skin_id == 13"
            },
            {
              "test3": "query.skin_id == 14"
            },
            {
              "test4": "query.skin_id == 15"
            },
            {
              "test5": "query.skin_id == 16"
            },
            {
              "test6": "query.skin_id == 17"
            },
            {
              "test7": "query.skin_id == 18"
            },
            {
              "test8": "query.skin_id == 19"
            },
            {
              "test9": "query.skin_id == 20"
            },
            {
              "test10": "query.skin_id == 21"
            },
            {
              "test11": "query.skin_id == 22"
            },
            {
              "test12": "query.skin_id == 23"
            }
          ],
          "transitions": [
            {
              "default": "query.is_in_water || query.is_on_ground"
            }
          ]
        },
        "blinking": {
          "animations": [
            "move",
            "turn",
            "blink"
          ],
          "transitions": [
            {
              "default": "!query.is_sheared"
            }
          ]
        },
        "blinking2": {
          "animations": [
            "move",
            "turn",
            "blink2"
          ],
          "transitions": [
            {
              "default": "!query.is_illager_captain"
            }
          ]
        }
      }
    }
  }
}
