{"format_version" : "1.10.0", "animation_controllers" : {
"controller.animation.castnet" : {"initial_state" : "default", "states" : {"default" : {"animations" : ["spin"], "transitions" : [{"o" : "query.all_animations_finished"}], "blend_transition": 0.0}, "o" : {}}},
"controller.animation.bfout" : {"initial_state" : "default", "states" : {
"default" : {"animations" : ["look_at", "def", "angle", "fix", "noflo", {"swim" : "query.modified_move_speed"}, {"walk" : "query.modified_move_speed"}, {"step" : "query.modified_move_speed"}, {"grr" : "query.has_target"}], "transitions" : [{"floor" : "query.is_sheared"}, {"nap" : "query.is_sleeping"}, {"sit" : "query.is_sitting"}, {"out" : "!query.is_in_water && query.is_on_ground"}], "blend_transition": 0.5},
"floor" : {"animations" : ["look_at", "floor", "xfloor", "angle", "def", "fix", {"swim" : "query.modified_move_speed"}, {"walk" : "query.modified_move_speed"}, {"step" : "query.modified_move_speed"}, {"grr" : "query.has_target"}], "transitions" : [{"default" : "!query.is_sheared"}, {"out" : "!query.is_in_water && query.is_on_ground"}], "blend_transition": 0.5},
"out" : {"animations" : [{"out" : "!query.is_riding"}, "def", "fix", "noflo", {"grr" : "query.has_target"}, {"walk" : "query.modified_move_speed"}], "transitions" : [{"default" : "query.is_in_water || !query.is_on_ground"}], "blend_transition": 0.5},
"nap" : {"animations" : ["look_at", "nap", "xnap", "def", "fix", "noflo", {"sleep" : "query.is_stunned"}], "transitions" : [{"default" : "!query.is_sleeping"}, {"out" : "!query.is_in_water && query.is_on_ground"}], "blend_transition": 0.5},
"sit" : {"animations" : ["look_at", "sit", "xsit", "fix", "noflo", "def"], "transitions" : [{"default" : "!query.is_sitting"}, {"out" : "!query.is_in_water && query.is_on_ground"}], "blend_transition": 0.5}}},
"controller.animation.dhk" : {"initial_state" : "default", "states" : {
"default" : {"animations" : ["look_at", "fix", "def", "angle", "mov", {"swim" : "query.modified_move_speed"}, {"step" : "query.modified_move_speed"}, {"grr" : "query.has_target"}],
"transitions" : [{"floor" : "query.is_sheared"}, {"sit" : "query.is_sitting"}, {"salto" : "!query.is_in_water && query.is_ignited"}, {"dry" : "!query.is_in_water && !query.is_ignited"}], "blend_transition": 0.5},
"floor" : {"animations" : ["look_at", "fix", "floor", "xfloor", "angle", "def", "mov", {"swim" : "query.modified_move_speed"}, {"step" : "query.modified_move_speed"}, {"grr" : "query.has_target"}],
"transitions" : [{"default" : "!query.is_sheared"}, {"salto" : "!query.is_in_water && query.is_ignited"}, {"dry" : "!query.is_in_water && !query.is_ignited && query.is_on_ground"}], "blend_transition": 0.5},
"out" : {"animations" : ["fix", "mov"], "transitions" : [{"salto" : "query.is_ignited"}, {"dry" : "!query.is_ignited"}], "blend_transition": 0.5},
"salto" : {"animations" : ["salto", "fix", {"sal_a" : "query.skin_id == 0"}, {"sal_b" : "query.skin_id == 1"}, {"sal_c" : "query.skin_id == 2"}, {"sal_d" : "query.skin_id == 3"}, {"sal_e" : "query.skin_id == 4"},
{"sal_f" : "query.skin_id == 5"}, {"sal_g" : "query.skin_id == 6"}, {"sal_h" : "query.skin_id == 7"}, {"sal_i" : "query.skin_id == 8"}], "transitions" : [{"default" : "query.is_in_water"}], "blend_transition": 0.0},
"dry" : {"animations" : ["fix", "out", {"grr" : "query.has_target"}], "transitions" : [{"default" : "query.is_in_water || !query.is_on_ground"}], "blend_transition": 0.5},
"sit" : {"animations" : ["look_at", "fix", "sit", "xsit", "def"], "transitions" : [{"default" : "!query.is_sitting"}, {"salto" : "!query.is_in_water && query.is_ignited"}, {"dry" : "!query.is_in_water && !query.is_ignited"}], "blend_transition": 0.5}}},
"controller.animation.jscfix" : {"initial_state" : "fix", "states" : {"fix" : {"animations" : [{"cfix" : "query.variant == 2"}]}}},
"controller.animation.stf" : {"initial_state" : "default", "states" : {"default" : {"animations" : ["swim", "move", "fix", "def", {"grr" : "query.has_target"}], "transitions" : [{"fl" : "query.is_on_ground"}], "blend_transition": 0.5},
"fl" : {"animations" : ["out", "fix", "def", "move", {"grr" : "query.has_target"}, {"walk" : "query.modified_move_speed"}], "transitions" : [{"default" : "!query.is_on_ground"}], "blend_transition": 0.5}}},
"controller.animation.str" : {"initial_state" : "default", "states" : {
"default" : {"animations" : ["look_at", "def", "fix", "move", {"swim" : "query.modified_move_speed"}, {"grr" : "query.has_target"}], "transitions" : [{"floor" : "query.is_sheared"}], "blend_transition": 0.5},
"floor" : {"animations" : ["def", "fix", "floor"], "particle_effects" : [{"effect": "par", "locator": "right_hand"}], "transitions" : [{"default" : "!query.is_sheared && !query.is_stunned"}, {"stun" : "query.is_stunned"}], "blend_transition": 0.5},
"stun" : {"animations" : ["def", "fix", "stun", {"grr" : "query.has_target"}], "transitions" : [{"default" : "!query.is_stunned"}], "blend_transition": 0.5}}},
"controller.animation.seasalto" : {"initial_state" : "default", "states" : {
"default" : {"animations" : ["look_at", "fix", "def", "angle", {"swim" : "query.modified_move_speed"}, {"step" : "query.modified_move_speed"}, {"grr" : "query.has_target"}], "transitions" : [{"floor" : "query.is_sheared"}, {"nap" : "query.is_sleeping"}, {"sit" : "query.is_sitting"}, {"out" : "!query.is_in_water && query.is_on_ground"}], "blend_transition": 0.5},
"floor" : {"animations" : ["look_at", "fix", "floor", "xfloor", "angle", "def", {"swim" : "query.modified_move_speed"}, {"step" : "query.modified_move_speed"}, {"grr" : "query.has_target"}], "transitions" : [{"default" : "!query.is_sheared"}, {"out" : "!query.is_in_water && query.is_on_ground"}], "blend_transition": 0.5},
"out" : {"animations" : ["fix"], "transitions" : [{"salto" : "query.is_ignited"}, {"dry" : "!query.is_ignited"}], "blend_transition": 0.5},
"salto" : {"animations" : ["salto", "fix"], "transitions" : [{"default" : "query.is_in_water || !query.is_on_ground"}], "blend_transition": 0.5},
"dry" : {"animations" : ["fix", "out", {"grr" : "query.has_target"}], "transitions" : [{"default" : "query.is_in_water || !query.is_on_ground"}], "blend_transition": 0.5},
"nap" : {"animations" : ["look_at", "fix", "nap", "xnap", "def", {"sleep" : "query.is_stunned"}], "transitions" : [{"default" : "!query.is_sleeping"}, {"out" : "!query.is_in_water && query.is_on_ground"}], "blend_transition": 0.5},
"sit" : {"animations" : ["look_at", "fix", "sit", "xsit", "def"], "transitions" : [{"default" : "!query.is_sitting"}, {"out" : "!query.is_in_water && query.is_on_ground"}], "blend_transition": 0.5}}},
"controller.animation.walto" : {"initial_state" : "default", "states" : {
"default" : {"animations" : ["look_at", "fix", "def", "angle", {"swim" : "query.modified_move_speed"}, {"grr" : "query.has_target"}], "transitions" : [{"floor" : "query.is_sheared"}, {"flat" : "query.is_stunned"}, {"splash" : "query.is_ignited"}, {"nap" : "query.is_sleeping"}, {"sit" : "query.is_sitting"}, {"dry" : "!query.is_in_water && query.is_on_ground"}], "blend_transition": 0.5},
"floor" : {"animations" : ["look_at", "fix", "floor", "xfloor", "angle", "def", {"swim" : "query.modified_move_speed"}, {"step" : "query.modified_move_speed"}, {"grr" : "query.has_target"}], "transitions" : [{"default" : "!query.is_sheared"}, {"dry" : "!query.is_in_water && query.is_on_ground"}], "blend_transition": 0.5},
"sit" : {"animations" : ["sit", "fix"], "transitions" : [{"default" : "!query.is_sitting"}], "blend_transition": 0.5},
"dry" : {"animations" : ["fix", "dry"], "transitions" : [{"default" : "!query.is_on_ground && query.is_in_water"}], "blend_transition": 0.5},
"nap" : {"animations" : ["nap", "xnap", "fix"], "transitions" : [{"default" : "!query.is_sleeping"}], "blend_transition": 0.5},
"flat" : {"animations" : ["flat", "fix"], "transitions" : [{"default" : "!query.is_stunned"}], "blend_transition": 0.5},
"splash" : {"animations" : ["splash", "fix"], "transitions" : [{"default" : "!query.is_ignited"}], "blend_transition": 0.5}}},
"controller.animation.scuba" : {"initial_state" : "default", "states" : {
"default" : {"animations" : ["look_at", "fix", "def", {"walk" : "query.modified_move_speed"}], "transitions" : [{"aqua" : "query.is_in_water && !query.is_on_ground"}], "blend_transition": 0.5},
"aqua" : {"animations" : ["look_at", "fix", "def", {"swim" : "query.modified_move_speed"}], "transitions" : [{"default" : "!query.is_in_water || query.is_on_ground"}], "blend_transition": 0.5}}},
"controller.animation.ocm" : {"initial_state" : "default", "states" : {
"default" : {"animations" : ["a"], "transitions" : [{"morph" : "query.variant >= 1"}, {"aqua" : "query.variant == 0 && !query.is_on_ground"}], "blend_transition": 0.5},
"aqua" : {"animations" : ["aa"], "transitions" : [{"morph" : "query.variant >= 1"}, {"default" : "query.variant == 0 && query.is_on_ground"}], "blend_transition": 0.5},
"morph" : {"animations" : [{"b" : "query.variant == 1"}, {"c" : "query.variant == 2"}, {"d" : "query.variant == 3"}, {"e" : "query.variant == 4"}, {"f" : "query.variant == 5"}],
"transitions" : [{"default" : "query.variant == 0 && query.is_on_ground"}, {"aqua" : "query.variant == 0 && !query.is_on_ground"}], "blend_transition": 0.5}}},
"controller.animation.seapeli" : {"initial_state" : "default", "states" : {
"default" : {"animations" : ["look_at", "def", "angle", "fix", "noflo", {"walk" : "query.modified_move_speed"}, {"grr" : "query.has_target"}], "transitions" : [{"floor" : "query.is_sheared"}, {"nap" : "query.is_sleeping && !query.is_tamed"}, {"trx" : "query.is_sleeping && query.is_tamed"}, {"sit" : "query.is_sitting"}, {"wat" : "query.is_in_water"}], "blend_transition": 0.5},
"wat" : {"animations" : ["look_at", "def", "fix", "swim", {"grr" : "query.has_target"}], "transitions" : [{"floor" : "query.is_sheared"}, {"default" : "!query.is_in_water"}], "blend_transition": 0.5},
"floor" : {"animations" : ["look_at", "floor", "xfloor", "def", "fix", {"swim" : "query.modified_move_speed"}, {"walk" : "query.modified_move_speed"}, {"step" : "query.modified_move_speed"}, {"grr" : "query.has_target"}], "transitions" : [{"default" : "!query.is_sheared"}, {"out" : "!query.is_in_water && query.is_on_ground"}], "blend_transition": 0.5},
"nap" : {"animations" : ["look_at", "nap", "xnap", "def", "fix", {"sleep" : "query.is_stunned"}], "transitions" : [{"default" : "!query.is_sleeping"}, {"wat" : "query.is_in_water"}], "blend_transition": 0.5},
"trx" : {"animations" : [{"ta": "query.skin_id == 1"}, {"tb": "query.skin_id == 2"}, {"tc": "query.skin_id == 3"}, {"td": "query.skin_id == 4"}, "fix", "def"], "transitions" : [{"default" : "!query.is_sleeping"}, {"wat" : "query.is_in_water"}, {"sit" : "query.is_sitting"}], "blend_transition": 0.5},
"sit" : {"animations" : ["look_at", "sit", "fix", "def"], "transitions" : [{"default" : "!query.is_sitting"}, {"wat" : "query.is_in_water"}, {"nap" : "query.is_sleeping"}], "blend_transition": 0.5}
}},
"controller.animation.hmc" : {"initial_state" : "default", "states" : {
"default" : {"animations" : [{"walk" : "query.modified_move_speed"}], "transitions" : [{"shell" : "query.has_rider"}], "blend_transition": 0.5},
"shell" : {"animations" : ["rot", {"walk" : "query.modified_move_speed"}], "transitions" : [{"default" : "!query.has_rider"}, {"nap" : "query.is_sleeping"}], "blend_transition": 0.5},
"nap" : {"animations" : ["rot", "nap"], "transitions" : [{"default" : "!query.has_rider"}, {"shell" : "!query.is_sleeping"}], "blend_transition": 0.5}}},
"controller.animation.hshell" : {"initial_state" : "default", "states" : {
"default" : {"transitions" : [{"s" : "query.is_riding"}], "blend_transition": 0.5}, "s" : {"animations" : ["r"], "transitions" : [{"default" : "!query.is_riding"}], "blend_transition": 0.5}}}
}}
