{
  "format_version": "1.16.0",
  "minecraft:entity": {
    "description": {
      "identifier": "minecraft:dolphin",
      "is_spawnable": true,
      "is_summonable": true,
      "is_experimental": true,
      "scripts": {
        "animate": [
          "random",
          "tactilesys",
          "create"
        ]
      },
      "animations": {
        "random": "controller.animation.random",
        "tactilesys": "controller.animation.tactilesys",
        "tactile": "animation.tactile",
        "innovate": "animation.innovate",
        "create": "controller.animation.create",
        "npc": "animation.npc"
      }
    },
    "component_groups": {
      "dolphin_adult": {
        "minecraft:behavior.breed": {
          "priority": 1,
          "speed_multiplier": 0.8
        },
        "minecraft:breedable": {
          "require_tame": false,
          "breeds_with": [
            {
              "mate_type": "minecraft:dolphin",
              "baby_type": "minecraft:dolphin",
              "breed_event": {
                "event": "minecraft:entity_born",
                "target": "baby"
              }
            }
          ],
          "breed_items": "kelp"
        },
        "minecraft:behavior.melee_attack": {
          "priority": 2,
          "track_target": true
        }
      },
      "dolphin_baby": {
        "minecraft:is_baby": {

        },
        "minecraft:scale": {
          "value": 0.65
        },
        "minecraft:ageable": {
          "duration": 1200,
          "feed_items": [
            "fish",
            "salmon"
          ],
          "grow_up": {
            "event": "ageable_grow_up",
            "target": "self"
          }
        },
        "minecraft:behavior.follow_parent": {
          "priority": 4,
          "speed_multiplier": 1.1
        },
        "minecraft:behavior.panic": {
          "priority": 1,
          "speed_multiplier": 1.25
        }
      },
      "dolphin_dried": {

      },
      "dolphin_swimming_navigation": {
        "minecraft:behavior.look_at_player": {
          "priority": 4,
          "look_distance": 2
        },
        "minecraft:navigation.generic": {
          "is_amphibious": true,
          "can_path_over_water": false,
          "can_swim": true,
          "can_walk": true,
          "can_breach": true,
          "can_sink": false
        },
        "minecraft:environment_sensor": {
          "triggers": [
            {
              "filters": {
                "all_of": [
                  {
                    "test": "on_ground",
                    "operator": "==",
                    "value": true
                  },
                  {
                    "test": "in_water",
                    "operator": "!=",
                    "value": true
                  }
                ]
              },
              "event": "navigation_on_land"
            }
          ]
        }
      },
      "dolphin_on_land": {
        "minecraft:navigation.generic": {
          "is_amphibious": true,
          "can_path_over_water": true,
          "can_swim": true,
          "can_walk": true,
          "can_breach": false,
          "can_jump": false
        },
        "minecraft:drying_out_timer": {
          "total_time": 8888,
          "water_bottle_refill_time": 0,
          "dried_out_event": {
            "event": "dried_out"
          },
          "stopped_drying_out_event": {
            "event": "stop_dryingout"
          },
          "recover_after_dried_out_event": {
            "event": "recover_after_dried_out"
          }
        }
      },
      "dolphin_on_land_in_rain": {
        "minecraft:navigation.generic": {
          "is_amphibious": true,
          "can_path_over_water": true,
          "can_swim": true,
          "can_walk": true,
          "can_breach": false,
          "can_jump": false
        },
        "minecraft:environment_sensor": {
          "triggers": [
            {
              "filters": {
                "test": "in_water",
                "operator": "==",
                "value": true
              },
              "event": "navigation_off_land"
            },
            {
              "filters": {
                "test": "in_water_or_rain",
                "operator": "!=",
                "value": true
              },
              "event": "start_dryingout"
            }
          ]
        }
      },
      "pickup_item_delay": {
        "minecraft:timer": {
          "looping": false,
          "time": 3,
          "time_down_event": {
            "target": "self",
            "event": "pickup_item_delay_complete"
          }
        }
      },
      "pickup_item": {
        "minecraft:behavior.pickup_items": {
          "priority": 2,
          "max_dist": 64,
          "search_height": 32,
          "goal_radius": 2,
          "speed_multiplier": 1.0,
          "pickup_based_on_chance": false,
          "can_pickup_any_item": true,
          "can_pickup_to_hand_or_equipment": true
        }
      },
      "dolphin_hunting": {
        "minecraft:behavior.nearest_attackable_target": {
          "priority": 1,
          "must_see": true,
          "within_radius": 8,
          "must_reach": true,
          "entity_types": [
            {
              "filters": {
                "all_of": [
                  {
                    "test": "is_family",
                    "subject": "other",
                    "value": "fish"
                  },
                  {
                    "test": "has_tag",
                    "subject": "self",
                    "operator": "!=",
                    "value": "surface"
                  }
                ]
              },
              "must_see": true,
              "must_reach": true,
              "max_dist": 8
            },
            {
              "filters": {
                "all_of": [
                  {
                    "test": "is_family",
                    "subject": "other",
                    "value": "squid"
                  },
                  {
                    "test": "has_tag",
                    "subject": "self",
                    "operator": "!=",
                    "value": "surface"
                  }
                ]
              },
              "must_see": true,
              "must_reach": true,
              "max_dist": 8
            },
            {
              "filters": {
                "test": "has_tag",
                "subject": "other",
                "value": "prey"
              },
              "must_see": true,
              "must_reach": true,
              "max_dist": 16
            },
            {
              "filters": {
                "test": "has_tag",
                "subject": "other",
                "value": "stuck"
              },
              "must_see": true,
              "must_reach": true,
              "max_dist": 16
            }
          ],
          "reselect_targets": true
        },
        "minecraft:timer": {
          "looping": true,
          "time": 24,
          "time_down_event": {
            "target": "self",
            "event": "stop_hunting"
          }
        }
      },
      "dolphin_wild": {
        "minecraft:behavior.tempt": {
          "priority": 2,
          "within_radius": 16,
          "speed_multiplier": 0.96,
          "items": [
            "minecraft:fish",
            "minecraft:salmon",
            "minecraft:clownfish",
            "minecraft:pufferfish",
            "minecraft:kelp"
          ],
          "can_tempt_vertically": true
        }
      },
      "dolphin_trained": {
        "minecraft:behavior.move_to_block": {
          "priority": 2,
          "speed_multiplier": 1.2,
          "search_range": 480,
          "search_height": 64,
          "goal_radius": 1.16,
          "target_blocks": [
            "minecraft:chest",
            "minecraft:bed"
          ],
          "target_selection_method": "nearest",
          "on_reach": {
            "target": "self",
            "event": "start_play"
          }
        },
        "minecraft:break_blocks": {
          "breakable_blocks": [
            "minecraft:chest"
          ]
        },
        "minecraft:is_tamed": {

        },
        "minecraft:behavior.tempt": {
          "priority": 0,
          "within_radius": 222,
          "speed_multiplier": 1.16,
          "items": [
            "minecraft:fish",
            "minecraft:salmon",
            "minecraft:clownfish",
            "minecraft:pufferfish",
            "minecraft:kelp",
            "minecraft:amethyst_shard",
            "minecraft:heart_of_the_sea",
            "minecraft:salmon_bucket",
            "minecraft:cod_bucket",
            "minecraft:tropical_fish_bucket",
            "mb:petvr"
          ],
          "can_tempt_vertically": true
        },
        "minecraft:healable": {
          "items": [
            {
              "item": "fish",
              "heal_amount": 36
            },
            {
              "item": "salmon",
              "heal_amount": 36
            },
            {
              "item": "clownfish",
              "heal_amount": 36
            }
          ]
        },
        "minecraft:rideable": {
          "seat_count": 1,
          "family_types": [
            "player"
          ],
          "crouching_skip_interact": true,
          "interact_text": "Ride!",
          "seats": {
            "position": [
              -0.2,
              0.62,
              -0.88
            ]
          }
        },
        "minecraft:behavior.player_ride_tamed": {

        },
        "minecraft:input_ground_controlled": {

        },
        "minecraft:behavior.owner_hurt_by_target": {

        },
        "minecraft:sittable": {

        },
        "minecraft:behavior.stay_while_sitting": {
          "priority": 1
        },
        "minecraft:behavior.nearest_prioritized_attackable_target": {
          "priority": 1,
          "must_see": true,
          "must_reach": true,
          "within_radius": 40,
          "entity_types": [
            {
              "priority": 1,
              "filters": {
                "test": "is_family",
                "subject": "other",
                "value": "mb:ball"
              },
              "must_see": true,
              "max_dist": 40,
              "walk_speed_multiplier": 2,
              "sprint_speed_multiplier": 2.0
            },
            {
              "priority": 0,
              "filters": {
                "test": "has_tag",
                "subject": "other",
                "value": "prey"
              },
              "must_see": true,
              "max_dist": 40,
              "walk_speed_multiplier": 2,
              "sprint_speed_multiplier": 2.0
            },
            {
              "priority": 0,
              "filters": {
                "test": "has_tag",
                "subject": "other",
                "value": "stuck"
              },
              "must_see": true,
              "max_dist": 40,
              "walk_speed_multiplier": 2,
              "sprint_speed_multiplier": 2.0
            }
          ]
        }
      },
      "create": {
        "minecraft:can_power_jump": {

        },
        "minecraft:timer": {
          "looping": false,
          "time": 2,
          "time_down_event": {
            "target": "self",
            "event": "created"
          }
        }
      },
      "npc": {
        "minecraft:is_tamed": {

        },
        "minecraft:behavior.tempt": {
          "priority": 0,
          "within_radius": 222,
          "speed_multiplier": 1.4,
          "items": [
            "minecraft:writable_book",
            "minecraft:stick",
            "minecraft:fish",
            "minecraft:salmon",
            "minecraft:clownfish",
            "minecraft:heart_of_the_sea",
            "mb:petvr"
          ],
          "can_tempt_vertically": true
        },
        "minecraft:healable": {
          "items": [
            {
              "item": "fish",
              "heal_amount": 36
            },
            {
              "item": "salmon",
              "heal_amount": 36
            },
            {
              "item": "clownfish",
              "heal_amount": 36
            }
          ]
        },
        "minecraft:behavior.nearest_prioritized_attackable_target": {
          "priority": 1,
          "must_see": true,
          "must_reach": true,
          "within_radius": 40,
          "entity_types": [
            {
              "priority": 0,
              "filters": {
                "test": "is_family",
                "subject": "other",
                "value": "mb:ball"
              },
              "must_see": true,
              "max_dist": 40,
              "walk_speed_multiplier": 2,
              "sprint_speed_multiplier": 2.0
            }
          ]
        },
        "minecraft:npc": {

        }
      },
      "dolphin_ball": {
        "minecraft:behavior.knockback_roar": {
          "priority": 1,
          "duration": 1,
          "attack_time": 0.8,
          "knockback_damage": 0,
          "knockback_horizontal_strength": 6,
          "knockback_verticle_strength": 18,
          "knockback_range": 3.6,
          "knockback_filters": {
            "test": "is_family",
            "subject": "other",
            "operator": "!=",
            "value": "dtmb"
          },
          "damage_filters": {
            "test": "is_family",
            "subject": "other",
            "value": "rabbit"
          },
          "cooldown_time": 24,
          "on_roar_end": {
            "target": "self",
            "event": "stop_ball"
          }
        }
      },
      "dolphin_light": {
        "minecraft:underwater_movement": {
          "value": 0
        },
        "minecraft:movement": {
          "value": 0
        }
      },
      "dolphin_move": {
        "minecraft:underwater_movement": {
          "value": 0.15
        },
        "minecraft:movement": {
          "value": 0.1
        }
      },
      "interact": {
        "minecraft:spell_effects": {
          "remove_effect": "levitation"
        },
        "minecraft:interact": {
          "interactions": [
            {
              "on_interact": {
                "filters": {
                  "all_of": [
                    {
                      "test": "has_equipment",
                      "subject": "other",
                      "domain": "hand",
                      "value": "amethyst_shard"
                    },
                    {
                      "test": "has_component",
                      "operator": "!=",
                      "value": "minecraft:npc"
                    }
                  ]
                },
                "event": "create"
              },
              "use_item": false,
              "interact_text": "Make NPC!",
              "play_sounds": "pop",
              "swing": true
            },
            {
              "on_interact": {
                "filters": {
                  "all_of": [
                    {
                      "test": "has_equipment",
                      "subject": "other",
                      "domain": "hand",
                      "value": "salmon"
                    },
                    {
                      "test": "has_component",
                      "operator": "!=",
                      "value": "minecraft:npc"
                    }
                  ]
                },
                "event": "tjump"
              },
              "use_item": false,
              "interact_text": "Make Jump!",
              "play_sounds": "pop",
              "swing": true
            },
            {
              "on_interact": {
                "filters": {
                  "all_of": [
                    {
                      "test": "has_equipment",
                      "subject": "other",
                      "domain": "hand",
                      "value": "clownfish"
                    },
                    {
                      "test": "has_component",
                      "operator": "!=",
                      "value": "minecraft:npc"
                    }
                  ]
                },
                "event": "randomt"
              },
              "use_item": false,
              "interact_text": "Innovate!",
              "play_sounds": "pop",
              "swing": true
            },
            {
              "on_interact": {
                "filters": {
                  "test": "has_equipment",
                  "subject": "other",
                  "domain": "hand",
                  "value": "salmon_bucket"
                },
                "event": "tjumpx"
              },
              "use_item": false,
              "interact_text": "Group Jump!",
              "play_sounds": "pop",
              "swing": true
            },
            {
              "on_interact": {
                "filters": {
                  "test": "has_equipment",
                  "subject": "other",
                  "domain": "hand",
                  "value": "tropical_fish_bucket"
                },
                "event": "trickmaster"
              },
              "use_item": false,
              "interact_text": "Make Trick Master!",
              "play_sounds": "pop",
              "swing": true
            },
            {
              "on_interact": {
                "filters": {
                  "test": "has_equipment",
                  "subject": "other",
                  "domain": "hand",
                  "value": "cod_bucket"
                },
                "event": "leader"
              },
              "use_item": false,
              "interact_text": "Make Jump Leader!",
              "play_sounds": "pop",
              "swing": true
            },
            {
              "on_interact": {
                "filters": {
                  "test": "has_equipment",
                  "subject": "other",
                  "domain": "hand",
                  "value": "bucket"
                },
                "event": "stopleader"
              },
              "use_item": false,
              "interact_text": "Stop Leader/Master",
              "play_sounds": "pop",
              "swing": true
            },
            {
              "on_interact": {
                "filters": {
                  "test": "has_equipment",
                  "subject": "other",
                  "domain": "hand",
                  "value": "pufferfish"
                },
                "event": "tpet"
              },
              "use_item": false,
              "interact_text": "Tactile!",
              "play_sounds": "pop"
            },
            {
              "on_interact": {
                "filters": {
                  "all_of": [
                    {
                      "test": "has_equipment",
                      "subject": "other",
                      "domain": "hand",
                      "value": "lapis_lazuli"
                    },
                    {
                      "test": "has_component",
                      "operator": "!=",
                      "value": "minecraft:is_sheared"
                    }
                  ]
                },
                "event": "blue"
              },
              "use_item": false,
              "interact_text": "Bind Blue!",
              "play_sounds": "pop",
              "swing": true
            },
            {
              "on_interact": {
                "filters": {
                  "all_of": [
                    {
                      "test": "has_equipment",
                      "subject": "other",
                      "domain": "hand",
                      "value": "redstone"
                    },
                    {
                      "test": "has_component",
                      "operator": "!=",
                      "value": "minecraft:is_sheared"
                    }
                  ]
                },
                "event": "red"
              },
              "use_item": false,
              "interact_text": "Bind Red!",
              "play_sounds": "pop",
              "swing": true
            },
            {
              "on_interact": {
                "filters": {
                  "all_of": [
                    {
                      "test": "has_equipment",
                      "subject": "other",
                      "domain": "hand",
                      "value": "emerald"
                    },
                    {
                      "test": "has_component",
                      "operator": "!=",
                      "value": "minecraft:is_sheared"
                    }
                  ]
                },
                "event": "green"
              },
              "use_item": false,
              "interact_text": "Bind Green!",
              "play_sounds": "pop",
              "swing": true
            },
            {
              "on_interact": {
                "filters": {
                  "all_of": [
                    {
                      "test": "has_equipment",
                      "subject": "other",
                      "domain": "hand",
                      "value": "diamond"
                    },
                    {
                      "test": "has_component",
                      "operator": "!=",
                      "value": "minecraft:is_sheared"
                    }
                  ]
                },
                "event": "cyan"
              },
              "use_item": false,
              "interact_text": "Bind Cyan!",
              "play_sounds": "pop",
              "swing": true
            },
            {
              "on_interact": {
                "filters": {
                  "all_of": [
                    {
                      "test": "has_equipment",
                      "subject": "other",
                      "domain": "hand",
                      "value": "iron_ingot"
                    },
                    {
                      "test": "has_component",
                      "operator": "!=",
                      "value": "minecraft:is_sheared"
                    }
                  ]
                },
                "event": "white"
              },
              "use_item": false,
              "interact_text": "Bind White!",
              "play_sounds": "pop",
              "swing": true
            },
            {
              "on_interact": {
                "filters": {
                  "all_of": [
                    {
                      "test": "has_equipment",
                      "subject": "other",
                      "domain": "hand",
                      "value": "gold_ingot"
                    },
                    {
                      "test": "has_component",
                      "operator": "!=",
                      "value": "minecraft:is_sheared"
                    }
                  ]
                },
                "event": "yellow"
              },
              "use_item": false,
              "interact_text": "Bind Yellow!",
              "play_sounds": "pop",
              "swing": true
            },
            {
              "on_interact": {
                "filters": {
                  "test": "has_equipment",
                  "subject": "other",
                  "domain": "hand",
                  "value": "book"
                },
                "event": "unbind"
              },
              "use_item": false,
              "interact_text": "Unbind all!",
              "play_sounds": "pop",
              "swing": true
            }
          ]
        }
      },
      "tjump": {
        "minecraft:behavior.random_breach": {
          "priority": 5
        },
        "minecraft:timer": {
          "looping": false,
          "time": 10,
          "time_down_event": {
            "target": "self",
            "event": "djump"
          }
        }
      },
      "cjump": {
        "minecraft:behavior.random_breach": {
          "priority": 1,
          "interval": 1
        },
        "minecraft:timer": {
          "looping": false,
          "time": 30,
          "time_down_event": {
            "target": "self",
            "event": "jumpc"
          }
        }
      },
      "tjumpx": {
        "minecraft:behavior.send_event": {
          "priority": 1,
          "event_choices": [
            {
              "min_activation_range": 0.0,
              "max_activation_range": 36.0,
              "cooldown_time": 0,
              "cast_duration": 0.0,
              "look_at_target": true,
              "filters": {
                "all_of": [
                  {
                    "test": "is_family",
                    "subject": "other",
                    "value": "dolphin"
                  }
                ]
              },
              "weight": 1,
              "start_sound_event": "mob.dolphin.idle_water",
              "sequence": [
                {
                  "base_delay": 0.0,
                  "event": "tjump",
                  "sound_event": "mob.dolphin.idle_water"
                }
              ]
            }
          ]
        },
        "minecraft:behavior.random_breach": {
          "priority": 7
        },
        "minecraft:timer": {
          "looping": false,
          "time": 3,
          "time_down_event": {
            "target": "self",
            "event": "interact"
          }
        }
      },
      "leader": {
        "minecraft:behavior.send_event": {
          "priority": 2,
          "event_choices": [
            {
              "min_activation_range": 0.0,
              "max_activation_range": 12.0,
              "cooldown_time": 4.0,
              "cast_duration": 0.8,
              "look_at_target": true,
              "filters": {
                "all_of": [
                  {
                    "test": "is_family",
                    "subject": "other",
                    "value": "dolphin"
                  }
                ]
              },
              "weight": 8,
              "start_sound_event": "mob.dolphin.idle_water",
              "sequence": [
                {
                  "base_delay": 0.36,
                  "event": "djump",
                  "sound_event": "mob.dolphin.idle_water"
                }
              ]
            }
          ]
        }
      },
      "trickmaster": {
        "minecraft:behavior.send_event": {
          "priority": 2,
          "event_choices": [
            {
              "min_activation_range": 0.0,
              "max_activation_range": 12.0,
              "cooldown_time": 2.6,
              "cast_duration": 0.8,
              "look_at_target": true,
              "filters": {
                "all_of": [
                  {
                    "test": "is_family",
                    "subject": "other",
                    "value": "dolphin"
                  }
                ]
              },
              "weight": 8,
              "start_sound_event": "mob.dolphin.idle_water",
              "sequence": [
                {
                  "base_delay": 0.42,
                  "event": "randomt",
                  "sound_event": "mob.dolphin.idle_water"
                }
              ]
            }
          ]
        }
      },
      "djump": {
        "minecraft:environment_sensor": {
          "triggers": [
            {
              "filters": {
                "any_of": [
                  {
                    "test": "on_ground"
                  },
                  {
                    "test": "in_clouds"
                  }
                ]
              },
              "event": "tjump"
            },
            {
              "filters": {
                "any_of": [
                  {
                    "test": "in_water",
                    "value": true
                  }
                ]
              },
              "event": "jump"
            }
          ]
        }
      },
      "djumpx": {
        "minecraft:behavior.send_event": {
          "priority": 1,
          "event_choices": [
            {
              "min_activation_range": 0.0,
              "max_activation_range": 16.0,
              "cooldown_time": 1,
              "cast_duration": 0.0,
              "filters": {
                "all_of": [
                  {
                    "test": "is_family",
                    "subject": "other",
                    "value": "dolphin"
                  }
                ]
              },
              "weight": 1,
              "start_sound_event": "splash",
              "sequence": [
                {
                  "base_delay": 1.0,
                  "event": "tjumpx",
                  "sound_event": "splash"
                }
              ]
            }
          ]
        },
        "minecraft:environment_sensor": {
          "triggers": [
            {
              "filters": {
                "any_of": [
                  {
                    "test": "on_ground"
                  },
                  {
                    "test": "in_clouds"
                  }
                ]
              },
              "event": "tjumpx"
            },
            {
              "filters": {
                "any_of": [
                  {
                    "test": "in_water",
                    "value": true
                  }
                ]
              },
              "event": "jump"
            }
          ]
        }
      },
      "jump": {
        "minecraft:spell_effects": {
          "add_effects": [
            {
              "effect": "levitation",
              "duration": 1,
              "amplifier": 6,
              "visible": false
            }
          ]
        },
        "minecraft:environment_sensor": {
          "triggers": [
            {
              "filters": {
                "any_of": [
                  {
                    "test": "is_underwater"
                  },
                  {
                    "test": "on_ground"
                  }
                ]
              },
              "event": "interact"
            },
            {
              "filters": {
                "any_of": [
                  {
                    "test": "in_water",
                    "value": false
                  }
                ]
              },
              "event": "ajump"
            }
          ]
        }
      },
      "ajump": {
        "minecraft:environment_sensor": {
          "triggers": [
            {
              "filters": {
                "any_of": [
                  {
                    "test": "in_water"
                  }
                ]
              },
              "event": "reset"
            }
          ]
        }
      },
      "reset": {
        "minecraft:timer": {
          "looping": false,
          "time": 1,
          "time_down_event": {
            "target": "self",
            "event": "interact"
          }
        }
      },
      "randomt": {
        "minecraft:timer": {
          "looping": false,
          "time": 1,
          "time_down_event": {
            "target": "self",
            "event": "randomd"
          }
        }
      },
      "randomd": {
        "minecraft:environment_sensor": {
          "triggers": [
            {
              "filters": {
                "any_of": [
                  {
                    "test": "on_ground"
                  },
                  {
                    "test": "in_clouds"
                  }
                ]
              },
              "event": "randomt"
            },
            {
              "filters": {
                "any_of": [
                  {
                    "test": "in_water",
                    "value": true
                  }
                ]
              },
              "event": "innovate"
            }
          ]
        }
      },
      "innovate": {
        "minecraft:is_ignited": {

        },
        "minecraft:timer": {
          "looping": false,
          "time": 1,
          "time_down_event": {
            "target": "self",
            "event": "interact"
          }
        }
      },
      "tpet": {
        "minecraft:timer": {
          "looping": false,
          "time": 1,
          "time_down_event": {
            "target": "self",
            "event": "tactile"
          }
        }
      },
      "tactile": {
        "minecraft:is_stunned": {

        },
        "minecraft:timer": {
          "looping": false,
          "time": 2,
          "time_down_event": {
            "target": "self",
            "event": "interact"
          }
        }
      },
      "red": {
        "minecraft:behavior.tempt": {
          "priority": 1,
          "within_radius": 222,
          "speed_multiplier": 1.25,
          "items": [
            "minecraft:fish",
            "minecraft:salmon",
            "minecraft:clownfish",
            "minecraft:pufferfish",
            "minecraft:heart_of_the_sea",
            "minecraft:redstone",
            "minecraft:stick"
          ]
        },
        "minecraft:is_sheared": {

        }
      },
      "blue": {
        "minecraft:behavior.tempt": {
          "priority": 1,
          "within_radius": 222,
          "speed_multiplier": 1.25,
          "items": [
            "minecraft:fish",
            "minecraft:salmon",
            "minecraft:clownfish",
            "minecraft:pufferfish",
            "minecraft:heart_of_the_sea",
            "minecraft:lapis_lazuli",
            "minecraft:stick"
          ]
        },
        "minecraft:is_sheared": {

        }
      },
      "cyan": {
        "minecraft:behavior.tempt": {
          "priority": 1,
          "within_radius": 222,
          "speed_multiplier": 1.25,
          "items": [
            "minecraft:fish",
            "minecraft:salmon",
            "minecraft:clownfish",
            "minecraft:pufferfish",
            "minecraft:heart_of_the_sea",
            "minecraft:diamond",
            "minecraft:stick"
          ]
        },
        "minecraft:is_sheared": {

        }
      },
      "green": {
        "minecraft:behavior.tempt": {
          "priority": 1,
          "within_radius": 222,
          "speed_multiplier": 1.25,
          "items": [
            "minecraft:fish",
            "minecraft:salmon",
            "minecraft:clownfish",
            "minecraft:pufferfish",
            "minecraft:heart_of_the_sea",
            "minecraft:emerald",
            "minecraft:stick"
          ]
        },
        "minecraft:is_sheared": {

        }
      },
      "yellow": {
        "minecraft:behavior.tempt": {
          "priority": 1,
          "within_radius": 222,
          "speed_multiplier": 1.25,
          "items": [
            "minecraft:fish",
            "minecraft:salmon",
            "minecraft:clownfish",
            "minecraft:pufferfish",
            "minecraft:heart_of_the_sea",
            "minecraft:gold_ingot",
            "minecraft:stick"
          ]
        },
        "minecraft:is_sheared": {

        }
      },
      "white": {
        "minecraft:behavior.tempt": {
          "priority": 1,
          "within_radius": 222,
          "speed_multiplier": 1.25,
          "items": [
            "minecraft:fish",
            "minecraft:salmon",
            "minecraft:clownfish",
            "minecraft:pufferfish",
            "minecraft:heart_of_the_sea",
            "minecraft:iron_ingot",
            "minecraft:stick"
          ]
        },
        "minecraft:is_sheared": {

        }
      },
      "jumpx": {
        "minecraft:skin_id": {
          "value": 0
        }
      },
      "jumpa": {
        "minecraft:skin_id": {
          "value": 1
        }
      },
      "jumpb": {
        "minecraft:skin_id": {
          "value": 2
        }
      },
      "jumpc": {
        "minecraft:skin_id": {
          "value": 3
        }
      },
      "jumpd": {
        "minecraft:skin_id": {
          "value": 4
        }
      },
      "jumpe": {
        "minecraft:skin_id": {
          "value": 5
        }
      },
      "jumpf": {
        "minecraft:skin_id": {
          "value": 6
        }
      },
      "jumpg": {
        "minecraft:skin_id": {
          "value": 7
        }
      },
      "jumph": {
        "minecraft:skin_id": {
          "value": 8
        }
      },
      "jumpi": {
        "minecraft:skin_id": {
          "value": 9
        }
      },
      "jumpj": {
        "minecraft:skin_id": {
          "value": 10
        }
      },
      "jumpk": {
        "minecraft:skin_id": {
          "value": 11
        }
      },
      "blink": {
        "minecraft:is_sheared": {

        }
      },
      "blinkx": {
        "minecraft:is_illager_captain": {

        }
      }
    },
    "components": {
      "minecraft:nameable": {

      },
      "minecraft:type_family": {
        "family": [
          "dolphin",
          "mob",
          "dtmb"
        ]
      },
      "minecraft:collision_box": {
        "width": 0.9,
        "height": 0.6
      },
      "minecraft:health": {
        "value": 36,
        "max": 36
      },
      "minecraft:item_hopper": {

      },
      "minecraft:equip_item": {

      },
      "minecraft:hurt_on_condition": {
        "damage_conditions": [
          {
            "filters": {
              "test": "in_lava",
              "subject": "self",
              "operator": "==",
              "value": true
            },
            "cause": "lava",
            "damage_per_tick": 4
          }
        ]
      },
      "minecraft:attack": {
        "damage": 3
      },
      "minecraft:navigation.generic": {
        "is_amphibious": true,
        "can_path_over_water": true,
        "can_swim": true,
        "can_walk": false,
        "can_breach": true,
        "can_sink": false
      },
      "minecraft:jump.static": {
        "jump_power": 0.96
      },
      "minecraft:jump.dynamic": {
        "jump_power": 0.96
      },
      "minecraft:can_climb": {

      },
      "minecraft:despawn": {
        "despawn_from_distance": {

        }
      },
      "minecraft:behavior.swim_with_entity": {
        "priority": 3,
        "success_rate": 0.4,
        "chance_to_stop": 0.0333,
        "state_check_interval": 0.5,
        "catch_up_threshold": 18,
        "match_direction_threshold": 2.0,
        "catch_up_multiplier": 1.2,
        "speed_multiplier": 1.15,
        "search_range": 64,
        "stop_distance": 2,
        "entity_types": [
          {
            "filters": {
              "test": "is_family",
              "subject": "other",
              "value": "player"
            }
          },
          {
            "test": "has_tag",
            "value": "podleader"
          }
        ]
      },
      "minecraft:flocking": {
        "in_water": false,
        "match_variants": false,
        "use_center_of_mass": false,
        "low_flock_limit": 2,
        "high_flock_limit": 16,
        "goal_weight": 0,
        "loner_chance": 0,
        "influence_radius": 16,
        "breach_influence": 0.0,
        "separation_weight": 1,
        "separation_threshold": 1,
        "cohesion_weight": 2,
        "cohesion_threshold": 1,
        "innner_cohesion_threshold": 0,
        "min_height": 1,
        "max_height": 6,
        "block_distance": 0,
        "block_weight": 0
      },
      "minecraft:follow_range": {
        "value": 48,
        "max": 48
      },
      "minecraft:behavior.random_swim": {
        "priority": 5,
        "interval": 0,
        "xz_dist": 20
      },
      "minecraft:behavior.random_breach": {
        "priority": 2,
        "cooldown_time": 2,
        "interval": 50,
        "xz_dist": 16,
        "y_dist": 8
      },
      "minecraft:behavior.avoid_mob_type": {
        "priority": 2,
        "entity_types": [
          {
            "filters": {
              "any_of": [
                {
                  "test": "is_family",
                  "subject": "other",
                  "value": "guardian_elder"
                },
                {
                  "test": "is_family",
                  "subject": "other",
                  "value": "guardian"
                }
              ]
            },
            "max_dist": 8,
            "walk_speed_multiplier": 1,
            "sprint_speed_multiplier": 1
          }
        ],
        "probability_per_strength": 0.14
      },
      "minecraft:shareables": {
        "all_items": true,
        "items": [
          {
            "priority": 0,
            "item": "minecraft:command_block"
          },
          {
            "priority": 0,
            "item": "minecraft:fish"
          },
          {
            "priority": 0,
            "item": "minecraft:salmon"
          },
          {
            "priority": 0,
            "item": "minecraft:clownfish"
          },
          {
            "priority": 1,
            "item": "minecraft:pufferfish"
          },
          {
            "priority": 1,
            "item": "minecraft:potion"
          },
          {
            "priority": 1,
            "item": "minecraft:chorus_fruit"
          },
          {
            "priority": 1,
            "item": "minecraft:suspicious_stew"
          }
        ]
      },
      "minecraft:tameable": {
        "probability": 0.6,
        "tame_items": [
          "minecraft:fish",
          "minecraft:salmon",
          "minecraft:clownfish",
          "minecraft:pufferfish"
        ],
        "tame_event": {
          "target": "self",
          "event": "trained_dolphin"
        }
      },
      "minecraft:timer": {
        "looping": true,
        "time": [
          30,
          90
        ],
        "time_down_event": {
          "target": "self",
          "event": "start_hunting"
        }
      },
      "minecraft:behavior.move_to_water": {
        "priority": 1,
        "search_range": 24,
        "search_height": 6
      },
      "minecraft:inventory": {
        "container_type": "minecart_chest",
        "inventory_size": 27,
        "restrict_to_owner": true
      },
      "minecraft:behavior.equip_item": {
        "priority": 1
      },
      "minecraft:equipment": {
        "table": "loot_tables/entities/gear/dolphin_equipment.json",
        "slot_drop_chance": [
          {
            "slot": "slot.weapon.mainhand",
            "drop_chance": 1
          }
        ]
      },
      "minecraft:bribeable": {
        "bribe_items": [
          "kelp"
        ]
      },
      "minecraft:loot": {
        "table": "loot_tables/entities/dolphin.json"
      },
      "minecraft:behavior.eat_carried_item": {
        "priority": 3,
        "delay_before_eating": 30
      },
      "minecraft:damage_sensor": {
        "triggers": {
          "cause": "fall",
          "deals_damage": false
        }
      },
      "minecraft:physics": {

      },
      "minecraft:conditional_bandwidth_optimization": {
        "default_values": {
          "max_optimized_distance": 80.0,
          "max_dropped_ticks": 0,
          "use_motion_prediction_hints": true
        }
      },
      "minecraft:pushable": {
        "is_pushable": true,
        "is_pushable_by_piston": true
      },
      "minecraft:leashable": {
        "soft_distance": 4,
        "hard_distance": 6,
        "max_distance": 10
      }
    },
    "events": {
      "minecraft:entity_spawned": {
        "randomize": [
          {
            "weight": 80,
            "add": {
              "component_groups": [
                "dolphin_adult",
                "dolphin_swimming_navigation",
                "dolphin_wild",
                "dolphin_move",
                "jumpx",
                "pickup_item"
              ]
            }
          },
          {
            "weight": 119,
            "add": {
              "component_groups": [
                "dolphin_adult",
                "dolphin_swimming_navigation",
                "dolphin_wild",
                "dolphin_move",
                "jumpa",
                "pickup_item"
              ]
            }
          },
          {
            "weight": 118,
            "add": {
              "component_groups": [
                "dolphin_adult",
                "dolphin_swimming_navigation",
                "dolphin_wild",
                "dolphin_move",
                "jumpb",
                "pickup_item"
              ]
            }
          },
          {
            "weight": 117,
            "add": {
              "component_groups": [
                "dolphin_adult",
                "dolphin_swimming_navigation",
                "dolphin_wild",
                "dolphin_move",
                "jumpc",
                "pickup_item"
              ]
            }
          },
          {
            "weight": 116,
            "add": {
              "component_groups": [
                "dolphin_adult",
                "dolphin_swimming_navigation",
                "dolphin_wild",
                "dolphin_move",
                "jumpd",
                "pickup_item"
              ]
            }
          },
          {
            "weight": 115,
            "add": {
              "component_groups": [
                "dolphin_adult",
                "dolphin_swimming_navigation",
                "dolphin_wild",
                "dolphin_move",
                "jumpe",
                "pickup_item"
              ]
            }
          },
          {
            "weight": 114,
            "add": {
              "component_groups": [
                "dolphin_adult",
                "dolphin_swimming_navigation",
                "dolphin_wild",
                "dolphin_move",
                "jumpf",
                "pickup_item"
              ]
            }
          },
          {
            "weight": 113,
            "add": {
              "component_groups": [
                "dolphin_adult",
                "dolphin_swimming_navigation",
                "dolphin_wild",
                "dolphin_move",
                "jumpg",
                "pickup_item"
              ]
            }
          },
          {
            "weight": 112,
            "add": {
              "component_groups": [
                "dolphin_adult",
                "dolphin_swimming_navigation",
                "dolphin_wild",
                "dolphin_move",
                "jumph",
                "pickup_item"
              ]
            }
          },
          {
            "weight": 111,
            "add": {
              "component_groups": [
                "dolphin_adult",
                "dolphin_swimming_navigation",
                "dolphin_wild",
                "dolphin_move",
                "jumpi",
                "pickup_item"
              ]
            }
          },
          {
            "weight": 110,
            "add": {
              "component_groups": [
                "dolphin_adult",
                "dolphin_swimming_navigation",
                "dolphin_wild",
                "dolphin_move",
                "jumpj"
              ]
            }
          },
          {
            "weight": 109,
            "add": {
              "component_groups": [
                "dolphin_adult",
                "dolphin_swimming_navigation",
                "dolphin_wild",
                "dolphin_move",
                "jumpk",
                "pickup_item"
              ]
            }
          },
          {
            "weight": 10,
            "add": {
              "component_groups": [
                "dolphin_baby",
                "dolphin_swimming_navigation",
                "dolphin_wild",
                "dolphin_move",
                "jp0",
                "pickup_item"
              ]
            }
          },
          {
            "weight": 10,
            "add": {
              "component_groups": [
                "dolphin_baby",
                "dolphin_swimming_navigation",
                "dolphin_wild",
                "dolphin_move",
                "jp1",
                "pickup_item"
              ]
            }
          },
          {
            "weight": 11,
            "add": {
              "component_groups": [
                "dolphin_baby",
                "dolphin_swimming_navigation",
                "dolphin_wild",
                "dolphin_move",
                "jp2",
                "pickup_item"
              ]
            }
          }
        ]
      },
      "ageable_grow_up": {
        "remove": {
          "component_groups": [
            "dolphin_baby"
          ]
        },
        "add": {
          "component_groups": [
            "dolphin_adult",
            "nice"
          ]
        }
      },
      "minecraft:entity_born": {
        "remove": {

        },
        "add": {
          "component_groups": [
            "dolphin_baby",
            "dolphin_swimming_navigation",
            "dolphin_wild",
            "dolphin_move",
            "nice"
          ]
        }
      },
      "pickup_item_delay": {
        "remove": {
          "component_groups": [
            "pickup_item"
          ]
        },
        "add": {
          "component_groups": [
            "pickup_item_delay"
          ]
        }
      },
      "pickup_item_delay_complete": {
        "remove": {
          "component_groups": [
            "pickup_item_delay"
          ]
        },
        "add": {
          "component_groups": [
            "pickup_item"
          ]
        }
      },
      "stop_dryingout": {
        "remove": {
          "component_groups": [
            "dolphin_on_land",
            "dolphin_dried"
          ]
        },
        "add": {
          "component_groups": [
            "dolphin_on_land_in_rain"
          ]
        }
      },
      "start_dryingout": {
        "remove": {
          "component_groups": [
            "dolphin_on_land_in_rain"
          ]
        },
        "add": {
          "component_groups": [
            "dolphin_on_land"
          ]
        }
      },
      "dried_out": {
        "add": {
          "component_groups": [
            "dolphin_dried"
          ]
        }
      },
      "recover_after_dried_out": {
        "remove": {
          "component_groups": [
            "dolphin_dried"
          ]
        }
      },
      "navigation_on_land": {
        "add": {
          "component_groups": [
            "dolphin_on_land"
          ]
        },
        "remove": {
          "component_groups": [
            "dolphin_swimming_navigation"
          ]
        }
      },
      "navigation_off_land": {
        "add": {
          "component_groups": [
            "dolphin_swimming_navigation"
          ]
        },
        "remove": {
          "component_groups": [
            "dolphin_on_land_in_rain",
            "dolphin_on_land",
            "dolphin_dried"
          ]
        }
      },
      "start_hunting": {
        "add": {
          "component_groups": [
            "dolphin_hunting"
          ]
        }
      },
      "stop_hunting": {
        "remove": {
          "component_groups": [
            "dolphin_hunting"
          ]
        }
      },
      "start_ball": {
        "add": {
          "component_groups": [
            "dolphin_ball"
          ]
        }
      },
      "jp1": {
        "add": {
          "component_groups": [
            "jumpa"
          ]
        },
        "remove": {
          "component_groups": [
            "jumpx"
          ]
        }
      },
      "jp2": {
        "add": {
          "component_groups": [
            "jumpb"
          ]
        },
        "remove": {
          "component_groups": [
            "jumpx"
          ]
        }
      },
      "jp3": {
        "add": {
          "component_groups": [
            "jumpc"
          ]
        },
        "remove": {
          "component_groups": [
            "jumpx"
          ]
        }
      },
      "jp4": {
        "add": {
          "component_groups": [
            "jumpd"
          ]
        },
        "remove": {
          "component_groups": [
            "jumpx"
          ]
        }
      },
      "jp5": {
        "add": {
          "component_groups": [
            "jumpe"
          ]
        },
        "remove": {
          "component_groups": [
            "jumpx"
          ]
        }
      },
      "jp6": {
        "add": {
          "component_groups": [
            "jumpf"
          ]
        },
        "remove": {
          "component_groups": [
            "jumpx"
          ]
        }
      },
      "jp7": {
        "add": {
          "component_groups": [
            "jumpg"
          ]
        },
        "remove": {
          "component_groups": [
            "jumpx"
          ]
        }
      },
      "jp8": {
        "add": {
          "component_groups": [
            "jumph"
          ]
        },
        "remove": {
          "component_groups": [
            "jumpx"
          ]
        }
      },
      "jp9": {
        "add": {
          "component_groups": [
            "jumpi"
          ]
        },
        "remove": {
          "component_groups": [
            "jumpx"
          ]
        }
      },
      "jp10": {
        "add": {
          "component_groups": [
            "jumpj"
          ]
        },
        "remove": {
          "component_groups": [
            "jumpx"
          ]
        }
      },
      "jp11": {
        "add": {
          "component_groups": [
            "jumpk"
          ]
        },
        "remove": {
          "component_groups": [
            "jumpx"
          ]
        }
      },
      "jp0": {
        "remove": {
          "component_groups": [
            "jumpa",
            "jumpb",
            "jumpc",
            "jumpd",
            "jumpe",
            "jumpf",
            "jumpg",
            "jumph",
            "jumpi",
            "jumpj",
            "jumpk"
          ]
        },
        "add": {
          "component_groups": [
            "jumpx"
          ]
        }
      },
      "stop_ball": {
        "remove": {
          "component_groups": [
            "dolphin_ball"
          ]
        }
      },
      "trained_dolphin": {
        "remove": {
          "component_groups": [
            "dolphin_wild",
            "npc"
          ]
        },
        "add": {
          "component_groups": [
            "dolphin_trained",
            "interact",
            "dolphin_swimming_navigation"
          ]
        }
      },
      "npc": {
        "add": {
          "component_groups": [
            "dolphin_adult",
            "dolphin_swimming_navigation",
            "npc",
            "dolphin_move",
            "interact"
          ]
        },
        "remove": {
          "component_groups": [
            "dolphin_trained",
            "blue",
            "red",
            "green",
            "yellow",
            "cyan",
            "white",
            "dolphin_wild",
            "leader",
            "trickmaster"
          ]
        }
      },
      "create": {
        "add": {
          "component_groups": [
            "create"
          ]
        }
      },
      "created": {
        "remove": {
          "component_groups": [
            "create"
          ]
        }
      },
      "red_light": {
        "add": {
          "component_groups": [
            "dolphin_light"
          ]
        },
        "remove": {
          "component_groups": [
            "dolphin_move"
          ]
        }
      },
      "green_light": {
        "remove": {
          "component_groups": [
            "dolphin_light"
          ]
        },
        "add": {
          "component_groups": [
            "dolphin_move"
          ]
        }
      },
      "tjump": {
        "remove": {
          "component_groups": [
            "interact"
          ]
        },
        "add": {
          "component_groups": [
            "tjump"
          ]
        }
      },
      "cjump": {
        "add": {
          "component_groups": [
            "cjump"
          ]
        }
      },
      "jumpc": {
        "remove": {
          "component_groups": [
            "cjump"
          ]
        }
      },
      "tjumpx": {
        "remove": {
          "component_groups": [
            "interact"
          ]
        },
        "add": {
          "component_groups": [
            "tjumpx"
          ]
        }
      },
      "djump": {
        "remove": {
          "component_groups": [
            "tjump"
          ]
        },
        "add": {
          "component_groups": [
            "djump"
          ]
        }
      },
      "djumpx": {
        "remove": {
          "component_groups": [
            "tjumpx"
          ]
        },
        "add": {
          "component_groups": [
            "djumpx"
          ]
        }
      },
      "jump": {
        "remove": {
          "component_groups": [
            "djump",
            "djumpx"
          ]
        },
        "add": {
          "component_groups": [
            "jump"
          ]
        }
      },
      "ajump": {
        "remove": {
          "component_groups": [
            "jump"
          ]
        },
        "add": {
          "component_groups": [
            "ajump"
          ]
        }
      },
      "reset": {
        "remove": {
          "component_groups": [
            "ajump"
          ]
        },
        "add": {
          "component_groups": [
            "reset"
          ]
        }
      },
      "interact": {
        "remove": {
          "component_groups": [
            "reset",
            "ajump",
            "jump",
            "innovate",
            "tactile",
            "tjumpx",
            "tjump",
            "djump",
            "djumpx"
          ]
        },
        "add": {
          "component_groups": [
            "interact",
            "dolphin_swimming_navigation"
          ]
        }
      },
      "randomt": {
        "remove": {
          "component_groups": [
            "interact"
          ]
        },
        "add": {
          "component_groups": [
            "randomt"
          ]
        }
      },
      "randomd": {
        "remove": {
          "component_groups": [
            "randomt"
          ]
        },
        "add": {
          "component_groups": [
            "randomd"
          ]
        }
      },
      "innovate": {
        "remove": {
          "component_groups": [
            "randomd"
          ]
        },
        "add": {
          "component_groups": [
            "innovate"
          ]
        }
      },
      "tpet": {
        "remove": {
          "component_groups": [
            "interact"
          ]
        },
        "add": {
          "component_groups": [
            "tpet"
          ]
        }
      },
      "tactile": {
        "remove": {
          "component_groups": [
            "tpet"
          ]
        },
        "add": {
          "component_groups": [
            "tactile"
          ]
        }
      },
      "blue": {
        "add": {
          "component_groups": [
            "blue"
          ]
        }
      },
      "red": {
        "add": {
          "component_groups": [
            "red"
          ]
        }
      },
      "cyan": {
        "add": {
          "component_groups": [
            "cyan"
          ]
        }
      },
      "green": {
        "add": {
          "component_groups": [
            "green"
          ]
        }
      },
      "yellow": {
        "add": {
          "component_groups": [
            "yellow"
          ]
        }
      },
      "white": {
        "add": {
          "component_groups": [
            "white"
          ]
        }
      },
      "blink": {
        "add": {
          "component_groups": [
            "blink",
            "interact"
          ]
        }
      },
      "blinkx": {
        "add": {
          "component_groups": [
            "blinkx"
          ]
        }
      },
      "blonk": {
        "remove": {
          "component_groups": [
            "blink"
          ]
        }
      },
      "blonkx": {
        "remove": {
          "component_groups": [
            "blinkx"
          ]
        }
      },
      "unbind": {
        "remove": {
          "component_groups": [
            "blue",
            "red",
            "cyan",
            "green",
            "yellow",
            "white"
          ]
        }
      },
      "leader": {
        "add": {
          "component_groups": [
            "leader",
            "dolphin_swimming_navigation"
          ]
        }
      },
      "trickmaster": {
        "add": {
          "component_groups": [
            "trickmaster",
            "dolphin_swimming_navigation"
          ]
        }
      },
      "stopleader": {
        "remove": {
          "component_groups": [
            "leader",
            "trickmaster"
          ]
        },
        "add": {
          "component_groups": [
            "dolphin_swimming_navigation"
          ]
        }
      }
    }
  }
}
