{
	"format_version": "1.16.100",
	"minecraft:entity": {
		"description": {
			"identifier": "among:kissy_dead",
			"is_spawnable": false,
			"is_summonable": true,
			"is_experimental": false
		},
		"components": {
			"minecraft:physics": {
				"has_gravity": true,
				"has_collision": true
			},
			"minecraft:pushable": {
				"is_pushable": false
			},
			"minecraft:collision_box": {
				"height": 1.7,
				"width": 0.7
			},
			"minecraft:type_family": {
				"family": [ "kissy_dead", "dead" ]
			},
			"minecraft:push_through": {
				"value": 1
			},
			  "minecraft:scale": {
				"value": 1
			  },
			  "minecraft:knockback_resistance": {
				"value": 1
			},
			  "minecraft:health": {
                "value": 20,
                "max": 20
			}
		}
	}
}