{
	"format_version": "1.8.0",
	"animations": {
		"animation.m1911.low": {
			"loop": true,
			"bones": {
				"root": {
					"rotation": [0, 180, 0],
					"position": [0, 0, -2]
				},
				"rightArm": {
					"rotation": [-90, 0, 12],
					"position": [2, -1.5, -5]
				},
				"leftArm": {
					"rotation": [-105, 35, 10],
					"position": [-4.5, -5, -6]
				},
				"tool": {
					"position": [-2, 13, 11],
					"scale": 0.2
				},
				"m1911": {
					"rotation": [90, 0, 0],
					"position": [-6, 2, 19.95],
					"scale": 0.35
				}
			}
		},
		"animation.m1911.reload": {
			"loop": "hold_on_last_frame",
			"animation_length": 3.26,
			"bones": {
				"rightArm": {
					"rotation": {
						"0.0": [-90, 0, 12],
						"0.28": [-97.16, -16.15, 5],
						"0.45": [-102.5, -20.73, 10],
						"0.57": [-90, -20.73, -7.5],
						"0.77": [-90, -20.73, -7.5],
						"1.04": [-100, -20.73, 10],
						"1.21": [-97.5, -20.73, 12.5],
						"1.78": [-97.5, -20.73, -15],
						"2.06": [-97.5, -20.73, -22.5],
						"2.23": [-95, -20.73, -17.5],
						"2.57": [-95, -18.23, -22.5],
						"2.69": [-100, -18.23, -25],
						"2.77": [-103.97, -13.52, -20.29],
						"2.81": [-94.71, -11.17, -17.94],
						"2.86": [-97, -3, -14],
						"2.99": [-90, 0, 13],
						"3.13": [-90, 0, 9.5],
						"3.26": [-90, 0, 12]
					},
					"position": {
						"0.0": [2, -1.5, -5],
						"0.28": [0, 0.5, -1],
						"0.57": [0, 0.5, -1],
						"0.77": [0, 1, -1],
						"1.04": [0, 0, -0.5],
						"1.21": [0, 0, -0.5],
						"1.78": [0, 0, -1],
						"2.06": [0.23, -0.23, -1],
						"2.23": [0.5, -0.5, -1],
						"2.57": [0.5, -0.5, -1],
						"2.7": [0.5, -1, -1],
						"2.86": [0.2, -1, -1.3],
						"3.26": [2, -1.5, -5]
					}
				},
				"leftArm": {
					"rotation": {
						"0.0": [-105, 35, 10],
						"0.28": [-86.95, 41.95, -2.5],
						"0.45": [-90, 42.5, -2.5],
						"0.57": [-92.5, 42.5, -5],
						"0.78": [-62.5, 60, -7.5],
						"0.93": [-32.5, 37.5, -5],
						"1.09": [-7.5, 0, 0],
						"1.27": [-7.5, 20, 0],
						"1.43": [2.5, 20, 0],
						"1.56": [2.5, 25, 0],
						"1.8": [-65.6, 22.08, -3.45],
						"1.98": [-72.5, 35, -22.5],
						"2.23": [-87.5, 35, 5],
						"2.43": [-97.79, 28.53, -5.29],
						"2.57": [-105, 32.5, -12.5],
						"2.69": [-107.5, 35, -12.5],
						"2.86": [-97.5, 42.5, -10],
						"2.99": [-85, 32.5, 2.5],
						"3.13": [-97.5, 32.5, 0],
						"3.26": [-105, 35, 10]
					},
					"position": {
						"0.0": [-4.5, -5, -6],
						"0.27": [-2, -0.49, -0.2],
						"0.45": [-2, -1, -1],
						"0.57": [-2, -1, -1],
						"0.77": [-0.6, -1, 0],
						"0.93": [-1.5, -1, 0.5],
						"1.09": [-1, 0, 0],
						"1.56": [-1, 0, 1],
						"1.98": [-2, -1, 2],
						"2.23": [-2, -1, 0],
						"2.57": [-2, -1, -0.5],
						"2.86": [-3, -1, -1.5],
						"3.26": [-4.5, -5, -6]
					}
				},
				"tool": {
					"position": [-2, 13, 11],
					"scale": 0.2
				},
				"body": {
					"position": {
						"0.0": [0, 0, 0],
						"0.28": [-2, 0, -5],
						"0.32": [-2, 0, -5],
						"0.8": [-2, 0, -5],
						"2.86": [-2, 0, -5],
						"3.26": [0, 0, 0]
					}
				},
				"root": {
					"rotation": [0, 180, 0],
					"position": [0, 0, -2]
				},
				"m1911": {
					"rotation": {
						"0.0": [90, 0, 0],
						"2.69": [90, 0, 0],
						"2.77": [95, 0, 0],
						"2.81": [90, 0, 0]
					},
					"position": {
						"0.0": [-6, 2, 19.95],
						"2.69": [-6, 3, 19.7],
						"2.77": [-6, 3, 20.7],
						"2.81": [-6, 2, 19.95]
					},
					"scale": 0.35
				},
				"mag": {
					"rotation": {
						"0.76": [0, 0, 0],
						"0.78": [0, 0, -15],
						"0.85": [35, 72.5, 12.5],
						"0.93": [47.5, 57.5, 5],
						"1.03": [65.31, 38.75, 0.31],
						"1.09": [80, 27.5, -2.5],
						"1.27": [80, 42.5, -2.5],
						"1.44": [80, 37.5, -2.5],
						"1.56": [80, 45, -2.5],
						"1.68": [46.09, 45, 17.72],
						"1.8": [20, 45, 20],
						"1.97": [0, 0, -15],
						"2.0": [-10, 0, -20.77],
						"2.05": [-7.83, 0, -6.25],
						"2.23": [0, 0, 0]
					},
					"position": {
						"0.57": [0, 0, 0],
						"0.76": [0, -19.9, 6.33],
						"0.78": [3, -22, 7],
						"0.85": [10, -24.53, 6.18],
						"0.93": [17, -28, 5],
						"1.03": [32.75, -30.87, 7.75],
						"1.09": [35, -22, 7],
						"1.27": [39, -29, 11],
						"1.43": [40, -32, 17],
						"1.56": [31, -30, 21],
						"1.66": [18.45, -29.29, 10.53],
						"1.68": [16.74, -29.35, 9.83],
						"1.74": [10.71, -24.11, 2.29],
						"1.8": [8, -21, -1],
						"1.97": [5, -22, 5],
						"2.03": [2, -16.92, 3.85],
						"2.05": [1, -15.23, 3.47],
						"2.23": [0, 0, 0]
					},
					"scale": {
						"1.1": [1, 1, 1],
						"1.27": [0, 0, 0],
						"1.43": [0, 0, 0],
						"1.56": [1, 1, 1]
					}
				},
				"slidebody15": {
					"position": {
						"0.76": [0, 0, 7],
						"2.78": [0, 0, 7],
						"2.88": [0, 0, 0]
					}
				},
				"9x2": {
					"rotation": {
						"2.77": [0, 0, 0],
						"2.82": [0, 5, 0]
					},
					"position": {
						"2.77": [0, 0, 0],
						"2.81": [0, 1, 0],
						"2.88": [-0.2, 3.3, -4]
					},
					"scale": {
						"0.0": [0, 0, 0],
						"1.46": [0, 0, 0],
						"1.56": [1, 1, 1]
					}
				},
				"slidebody13": {
					"position": {
						"1.3": [0, 0, 0],
						"1.34": [-1, 0, 0],
						"1.4": [0, 0, 0]
					}
				},
				"bone10": {
					"position": [0, -4, 6],
					"scale": {
						"0.0": [0, 0, 0],
						"2.12": [0, 0, 0],
						"2.19": [1, 1, 1]
					}
				},
				"bone25": {
					"rotation": {
						"0.0": [0, 0, 10],
						"2.93": [0, 0, 7.5],
						"3.01": [0, 0, 0]
					}
				},
				"cartridge3": {
					"scale": 0
				},
				"bone17": {
					"rotation": {
						"0.0": [10, 0, 0],
						"2.74": [10, 0, 0],
						"2.82": [0, 0, 0]
					}
				}
			}
		},
		"animation.m1911.hold.mag": {
			"loop": true,
			"bones": {
				"root": {
					"rotation": [0, 180, 0],
					"position": [0, 0, -2]
				},
				"rightArm": {
					"rotation": [-90, 0, 12.5],
					"position": [1, -1, -2]
				},
				"leftArm": {
					"position": [0, 0, 0]
				},
				"tool": {
					"position": [-2, 13, 11],
					"scale": 0.2
				},
				"m1911": {
					"rotation": [90, 0, 0],
					"position": [-6, 1.3, 18],
					"scale": 0.28
				},
				"NewGlock": {
					"scale": 0
				},
				"frame2": {
					"scale": 0
				}
			}
		},
		"animation.m1911.draw": {
			"loop": "hold_on_last_frame",
			"animation_length": 0.36,
			"bones": {
				"root": {
					"rotation": [0, 180, 0],
					"position": [0, 0, -2]
				},
				"rightArm": {
					"rotation": {
						"0.0": [0, 0, 0],
						"0.24": [-97.5, 0, 0],
						"0.36": [-90, 0, 12]
					},
					"position": {
						"0.0": [1, -1, -2],
						"0.24": [1, -1, -5],
						"0.36": [2, -1.5, -5]
					}
				},
				"leftArm": {
					"rotation": {
						"0.0": [0, 0, 0],
						"0.24": [-112.5, 35, 2.5],
						"0.36": [-105, 35, 10]
					},
					"position": {
						"0.0": [0, 0, 0],
						"0.24": [-4.5, -4, -6.5],
						"0.36": [-4.5, -5, -6]
					}
				},
				"tool": {
					"position": [-2, 13, 11],
					"scale": 0.2
				},
				"m1911": {
					"rotation": [90, 0, 0],
					"position": [-6, 2, 19.95],
					"scale": 0.35
				}
			},
			"sound_effects": {
				"0.0": {
					"effect": "pistol.draw"
				}
			}
		},
		"animation.m1911.sight": {
			"loop": true,
			"bones": {
				"root": {
					"rotation": [0, 180, 0],
					"position": [0, 0, -2]
				},
				"rightArm": {
					"rotation": [-90, 0, 0],
					"position": [5.67, 0.9, -5]
				},
				"leftArm": {
					"rotation": [-92.5, 30, 10],
					"position": [0.35, -0.6, -6]
				},
				"tool": {
					"position": [-2, 14, 10],
					"scale": 0.2
				},
				"m1911": {
					"rotation": [90, 0, 0],
					"position": [-5.8, 2, 19.8],
					"scale": 0.35
				}
			}
		},
		"animation.m1911.sprint": {
			"loop": true,
			"animation_length": 4.315,
			"bones": {
				"root": {
					"rotation": [0, 180, 0],
					"position": [0, 0, -2]
				},
				"rightArm": {
					"rotation": [-112.5, 0, 17.5],
					"position": [1, -3, -5]
				},
				"leftArm": {
					"position": [0, 0, 6]
				},
				"tool": {
					"position": [-1, 13, 11],
					"scale": 0.2
				},
				"base": {
					"position": [-0.6, 0, 0.8]
				},
				"m1911": {
					"rotation": [90, 0, 0],
					"position": [-6, 2, 19.8],
					"scale": 0.35
				}
			}
		},
		"animation.m1911.shoot": {
			"animation_length": 0.76,
			"bones": {
				"m1911": {
					"rotation": {
						"0.04": [0, 0, 0],
						"0.08": [-2.5, 0, 0],
						"0.16": [5, 0, 0],
						"0.18": [-2.5, 0, 0],
						"0.28": [0, 0, 0]
					}
				},
				"slidebody15": {
					"position": {
						"0.08": [0, 0, 0],
						"0.12": [0, 0, 8],
						"0.2": [0, 0, 0]
					}
				},
				"slidebody2": {
					"position": [0, 0, 0]
				},
				"hole3": {
					"rotation": {
						"0.0": [0, 0, 0],
						"0.08": [45, 0, 0],
						"0.12": [0, 0, 0]
					}
				},
				"9x2": {
					"position": {
						"0.16": [0, 0, 0],
						"0.2": [0, 2, -8]
					}
				},
				"bone15": {
					"rotation": {
						"0.0": [0, 0, 0],
						"0.08": [32.5, 0, 0],
						"0.16": [32.5, 0, 0],
						"0.24": [0, 0, 0]
					}
				},
				"rightArm": {
					"rotation": {
						"0.04": [0, 0, 0],
						"0.12": [-12.5, 0, 0],
						"0.24": [0, 0, 0]
					},
					"position": {
						"0.0": [0, 0, 0],
						"0.08": [0, 0, 1],
						"0.16": [0, 0, 0]
					}
				},
				"cartridge": {
					"position": {
						"0.12": [0, 0, 0],
						"0.16": [0, 0.5, -1],
						"0.2": [0, 2, -6]
					}
				},
				"Bullet3": {
					"scale": {
						"0.0": [1, 1, 1],
						"0.02": [0, 0, 0]
					}
				},
				"Casing3": {
					"rotation": {
						"0.1": [0, 0, 0],
						"0.16": [0, 0, 185],
						"0.2": [22.5, -120, 217.5],
						"0.36": [155, -475, 347.5],
						"0.68": [240, -1000, 800]
					},
					"position": {
						"0.08": [0, 0, 0],
						"0.1": [3.3, 0, 0],
						"0.12": [6, 0, 0],
						"0.16": [5.25, 9.25, 10.25],
						"0.28": [3, 20, 23],
						"0.36": [3, 20, 34],
						"0.44": [3, 13.67, 43.33],
						"0.52": [3, 4, 51],
						"0.6": [1, -37, 59],
						"0.68": [1, -104, 68]
					}
				},
				"bonebarrel": {
					"rotation": {
						"0.08": [0, 0, 0],
						"0.16": [-2.5, 0, 0],
						"0.2": [0, 0, 0]
					}
				},
				"leftArm": {
					"rotation": {
						"0.04": [0, 0, 0],
						"0.12": [-8, 0, 0],
						"0.22": [0, 0, 0]
					}
				},
				"trigger": {
					"position": {
						"0.0": [0, 0, 0],
						"0.04": [0, 0, 1],
						"0.22": [0, 0, 1],
						"0.26": [0, 0, 0]
					}
				}
			},
			"particle_effects": {
				"0.08": {
					"effect": "fx.muzzle",
					"locator": "muzzle7"
				},
				"0.12": {
					"effect": "fx.port",
					"locator": "port7"
				}
			}
		},
		"animation.m1911.low.tp": {
			"loop": true,
			"bones": {
				"leftArm": {
					"rotation": [-80, 32.5, -2.5],
					"position": [-3, 0, -1]
				},
				"rightArm": {
					"rotation": [-85, -5.73, 10],
					"position": [0, 0, 0]
				},
				"body": {
					"rotation": ["query.target_x_rotation*0.38", "query.target_y_rotation", 0]
				},
				"tool": {
					"position": [-2, 14, 12],
					"scale": 0.2
				},
				"m1911": {
					"rotation": [90, 0, 0],
					"position": [-6, 3, 19.7],
					"scale": 0.28
				}
			}
		},
		"animation.m1911.sight.tp": {
			"loop": true,
			"bones": {
				"leftArm": {
					"rotation": [-88, 30, -2.5],
					"position": [-3, 0, -1]
				},
				"rightArm": {
					"rotation": [-90, -5.73, 2.5]
				},
				"head": {
					"rotation": [4, 0, 0]
				},
				"body": {
					"rotation": ["query.target_x_rotation*0.35", "query.target_y_rotation", 0]
				},
				"tool": {
					"position": [-2, 14, 12],
					"scale": 0.2
				},
				"m1911": {
					"rotation": [90, 0, 0],
					"position": [-6, 3, 19.7],
					"scale": 0.28
				}
			},
			"sound_effects": {
				"0.0": {
					"effect": "pistol.ads"
				}
			}
		},
		"animation.m1911.reload.tp": {
			"loop": "hold_on_last_frame",
			"animation_length": 3.26,
			"bones": {
				"rightArm": {
					"rotation": {
						"0.0": [-85, -5.73, 10],
						"0.28": [-97.16, -16.15, 5],
						"0.45": [-102.5, -20.73, 10],
						"0.57": [-90, -20.73, -7.5],
						"0.77": [-90, -20.73, -7.5],
						"1.04": [-100, -20.73, 10],
						"1.21": [-97.5, -20.73, 12.5],
						"1.78": [-97.5, -20.73, -15],
						"2.06": [-97.5, -20.73, -22.5],
						"2.23": [-95, -20.73, -17.5],
						"2.57": [-95, -18.23, -22.5],
						"2.69": [-100, -18.23, -25],
						"2.77": [-103.97, -13.52, -20.29],
						"2.81": [-94.71, -11.17, -17.94],
						"2.86": [-92.5, -8.23, -15],
						"2.99": [-86.69, -5.73, 11.63],
						"3.13": [-85, -5.73, 7.5],
						"3.26": [-85, -5.73, 10]
					},
					"position": {
						"0.0": [0, 0, 0],
						"0.45": [0, 0.5, -1],
						"0.57": [0, 0.5, -1],
						"0.77": [0, 1, -1],
						"1.04": [0, 0, -0.5],
						"1.21": [0, 0, -0.5],
						"1.78": [0, 0, -1],
						"2.06": [0.23, -0.23, -1],
						"2.23": [0.5, -0.5, -1],
						"2.57": [0.5, -0.5, -1],
						"2.7": [0.5, -1, -1],
						"2.86": [0.2, -1, -1.3],
						"3.26": [0, 0, 0]
					}
				},
				"leftArm": {
					"rotation": {
						"0.0": [-80, 32.5, -2.5],
						"0.28": [-86.95, 41.95, -2.5],
						"0.45": [-90, 42.5, -2.5],
						"0.57": [-92.5, 42.5, -5],
						"0.78": [-62.5, 60, -5],
						"0.93": [-35, 37.5, -5],
						"1.09": [-7.5, 0, 0],
						"1.27": [-7.5, 20, 0],
						"1.43": [2.5, 20, 0],
						"1.56": [2.5, 25, 0],
						"1.8": [-65.6, 22.08, -3.45],
						"1.98": [-82.5, 22.5, -22.5],
						"2.23": [-87.5, 35, 5],
						"2.43": [-97.79, 28.53, -5.29],
						"2.57": [-105, 32.5, -12.5],
						"2.69": [-107.5, 35, -12.5],
						"2.85": [-97.5, 35, -10],
						"2.99": [-80, 32.5, 2.5],
						"3.13": [-80, 32.5, 0],
						"3.26": [-80, 32.5, -2.5]
					},
					"position": {
						"0.0": [-3, 0, -1],
						"0.27": [-2, -0.49, -0.2],
						"0.45": [-2, -1, -1],
						"0.57": [-2, -1, -1],
						"0.77": [-1, -1, 0],
						"0.93": [-2, -1, -1],
						"1.09": [-1, 0, -1],
						"1.56": [-1, 0, -1],
						"1.79": [-2, -1, -1],
						"1.98": [-2, -1, 1],
						"2.23": [-2, -1, 0],
						"2.57": [-2, -1, -0.5],
						"3.26": [-3, 0, -1]
					}
				},
				"tool": {
					"position": [-2, 13, 11],
					"scale": 0.2
				},
				"m1911": {
					"rotation": {
						"0.0": [90, 0, 0],
						"2.69": [90, 0, 0],
						"2.77": [95, 0, 0],
						"2.81": [90, 0, 0]
					},
					"position": {
						"0.0": [-6, 3, 19.7],
						"2.69": [-6, 3, 19.7],
						"2.77": [-6, 3, 20.7],
						"2.81": [-6, 3, 19.7]
					},
					"scale": 0.28
				},
				"body": {
					"rotation": ["query.target_x_rotation*0.35", "query.target_y_rotation", 0]
				},
				"mag": {
					"rotation": {
						"0.76": [0, 0, 0],
						"0.78": [0, 0, -15],
						"0.85": [35, 72.5, 12.5],
						"0.93": [47.5, 57.5, 5],
						"1.03": [65.31, 38.75, 0.31],
						"1.09": [80, 27.5, -2.5],
						"1.27": [80, 42.5, -2.5],
						"1.44": [80, 37.5, -2.5],
						"1.56": [80, 45, -2.5],
						"1.68": [46.09, 45, 17.72],
						"1.8": [20, 45, 20],
						"1.97": [0, 0, -15],
						"2.0": [-10, 0, -20.77],
						"2.05": [-7.83, 0, -6.25],
						"2.23": [0, 0, 0]
					},
					"position": {
						"0.57": [0, 0, 0],
						"0.76": [0, -19.9, 6.33],
						"0.78": [3, -22, 7],
						"0.85": [10, -29.53, 6.18],
						"0.93": [17, -34, 5],
						"1.03": [32.75, -30.87, 7.75],
						"1.09": [39, -29, 11],
						"1.27": [39, -29, 11],
						"1.43": [40, -32, 17],
						"1.56": [32, -38, 15],
						"1.68": [14.74, -36.35, 4.83],
						"1.74": [10.71, -32.11, -1.71],
						"1.8": [6, -25, -5],
						"1.97": [5, -22, 5],
						"2.03": [2, -16.92, 3.85],
						"2.05": [1, -15.23, 3.47],
						"2.23": [0, 0, 0]
					},
					"scale": {
						"1.1": [1, 1, 1],
						"1.27": [0, 0, 0],
						"1.43": [0, 0, 0],
						"1.56": [1, 1, 1]
					}
				},
				"slidebody15": {
					"position": {
						"0.76": [0, 0, 7],
						"2.78": [0, 0, 7],
						"2.88": [0, 0, 0]
					}
				},
				"9x2": {
					"rotation": {
						"2.77": [0, 0, 0],
						"2.82": [0, 5, 0]
					},
					"position": {
						"2.77": [0, 0, 0],
						"2.81": [0, 1, 0],
						"2.88": [-0.2, 3.3, -4]
					},
					"scale": {
						"0.0": [0, 0, 0],
						"1.46": [0, 0, 0],
						"1.56": [1, 1, 1]
					}
				},
				"slidebody13": {
					"position": {
						"1.3": [0, 0, 0],
						"1.34": [-1, 0, 0],
						"1.4": [0, 0, 0]
					}
				},
				"bone10": {
					"position": [0, -4, 6],
					"scale": {
						"0.0": [0, 0, 0],
						"2.12": [0, 0, 0],
						"2.19": [1, 1, 1]
					}
				},
				"bone25": {
					"rotation": {
						"0.0": [0, 0, 10],
						"2.93": [0, 0, 7.5],
						"3.01": [0, 0, 0]
					}
				},
				"cartridge3": {
					"scale": 0
				},
				"bone17": {
					"rotation": {
						"0.0": [10, 0, 0],
						"2.74": [10, 0, 0],
						"2.82": [0, 0, 0]
					}
				}
			}
		},
		"animation.m1911.hold.mag.tp": {
			"loop": true,
			"bones": {
				"rightArm": {
					"rotation": [-90, 0, 12.5],
					"position": [0, 0, 0]
				},
				"leftArm": {
					"position": [0, 0, 0]
				},
				"tool": {
					"position": [-2, 13, 11],
					"scale": 0.2
				},
				"m1911": {
					"rotation": [90, 0, 0],
					"position": [-6, 3, 19.7],
					"scale": 0.25
				},
				"body": {
					"rotation": ["query.target_x_rotation*0.35", "query.target_y_rotation", 0]
				},
				"mag": {
					"rotation": [-7.5, 0, 0],
					"position": [-1, -1, -12]
				},
				"NewGlock": {
					"scale": 0
				},
				"frame2": {
					"scale": 0
				}
			}
		},
		"animation.m1911.draw.tp": {
			"loop": "hold_on_last_frame",
			"animation_length": 0.388,
			"bones": {
				"rightArm": {
					"rotation": {
						"0.0": [0, 0, 0],
						"0.24": [-97.5, 0, 0],
						"0.36": [-85, -5.73, 10]
					},
					"position": {
						"0.0": [0, 0, 0],
						"0.2": [1, 0, -1],
						"0.36": [0, 0, 0]
					}
				},
				"leftArm": {
					"rotation": {
						"0.0": [0, 0, 0],
						"0.24": [-61.87, 20.63, 13.13],
						"0.32": [-80, 32.5, -2.5]
					},
					"position": {
						"0.0": [0, 0, 0],
						"0.24": [-3, 0, -3],
						"0.36": [-3, 0, -1]
					}
				},
				"tool": {
					"position": [-2, 13, 11],
					"scale": 0.2
				},
				"m1911": {
					"rotation": [90, 0, 0],
					"position": [-6, 3, 19.7],
					"scale": 0.28
				},
				"body": {
					"rotation": ["query.target_x_rotation*0.35", "query.target_y_rotation", 0]
				}
			},
			"sound_effects": {
				"0.0": {
					"effect": "pistol.draw"
				}
			}
		},
		"animation.m1911.sprint.tp": {
			"loop": true,
			"bones": {
				"rightArm": {
					"rotation": [-110, -20, 25],
					"position": [0, 1, -2]
				},
				"leftArm": {
					"rotation": [5, 0, -2.5],
					"position": [0, 0, 0]
				},
				"tool": {
					"position": [-1, 13, 11],
					"scale": 0.2
				},
				"base": {
					"position": [-0.6, 0, 0.8]
				},
				"m1911": {
					"rotation": [90, 0, 0],
					"position": [-6, 3, 19.7],
					"scale": 0.28
				}
			}
		}
	}
}