{
	"format_version": "1.12.0",
	"minecraft:geometry": [
		{
			"description": {
				"identifier": "geometry.pj_pugapillar",
				"texture_width": 256,
				"texture_height": 256,
				"visible_bounds_width": 18,
				"visible_bounds_height": 4,
				"visible_bounds_offset": [0, 1, 0]
			},
			"bones": [
				{
					"name": "PjPugPillar",
					"pivot": [0, 20, -6]
				},
				{
					"name": "body",
					"parent": "PjPugPillar",
					"pivot": [0, 12, 9],
					"cubes": [
						{"origin": [-7, 6, -6], "size": [14, 14, 14], "uv": [0, 130]}
					]
				},
				{
					"name": "Head",
					"parent": "body",
					"pivot": [0, 19, -6],
					"cubes": [
						{"origin": [5, 15, -21], "size": [3, 12, 15], "uv": [100, 106]},
						{"origin": [-8, 15, -21], "size": [3, 12, 15], "uv": [106, 73]},
						{"origin": [-5, 19, -21], "size": [10, 8, 15], "uv": [0, 106]},
						{"origin": [-6, 27, -21], "size": [12, 1, 13], "uv": [50, 96]},
						{"origin": [-5, 15, -8], "size": [10, 4, 2], "uv": [53, 97]},
						{"origin": [-5, 14.99, -21], "size": [10, 1, 15], "uv": [10, 82]},
						{"origin": [-2, 15, -23], "size": [4, 1, 11], "uv": [63, 4]},
						{"origin": [-2, 13, -24], "size": [4, 2, 1], "uv": [0, 15]},
						{"origin": [-5, 15, -19], "size": [10, 6, 1], "uv": [108, 21]},
						{"origin": [-3, 18, -23], "size": [6, 3, 2], "uv": [0, 0]},
						{"origin": [-3, 13, -23], "size": [6, 2, 2], "uv": [0, 5]},
						{"origin": [-6, 17, -22], "size": [12, 2, 1], "uv": [98, 100]},
						{"origin": [-6, 15, -22], "size": [12, 2, 1], "uv": [98, 100]},
						{"origin": [-4, 18, -23], "size": [1, 2, 2], "uv": [65, 0]},
						{"origin": [-4, 14, -23], "size": [1, 1, 2], "uv": [10, 15]},
						{"origin": [3, 18, -23], "size": [1, 2, 2], "uv": [49, 72]},
						{"origin": [3, 14, -23], "size": [1, 1, 2], "uv": [10, 15]},
						{"origin": [4, 18, -22], "size": [1, 1, 1], "uv": [6, 9]},
						{"origin": [4, 14, -22], "size": [1, 1, 1], "uv": [6, 9]},
						{"origin": [5, 15, -22], "size": [1, 2, 1], "uv": [129, 0]},
						{"origin": [6, 17, -22], "size": [1, 2, 1], "uv": [129, 0]},
						{"origin": [-7, 17, -22], "size": [1, 2, 1], "uv": [49, 76]},
						{"origin": [-6, 15, -22], "size": [1, 2, 1], "uv": [49, 76]},
						{"origin": [-5, 18, -22], "size": [1, 1, 1], "uv": [6, 9]},
						{"origin": [-5, 14, -22], "size": [1, 1, 1], "uv": [6, 9]},
						{"origin": [4.5, 19, -22], "size": [2, 2, 1], "uv": [54, 15]},
						{"origin": [-6.5, 19, -22], "size": [2, 2, 1], "uv": [54, 15]},
						{"origin": [1.1, 20.9, -21.1], "size": [3.8, 3.8, 1], "uv": [74, 0]},
						{"origin": [-4.9, 20.9, -21.1], "size": [3.8, 3.8, 1], "uv": [74, 0]},
						{"origin": [-1.5, 20.5, -23.5], "size": [2.5, 1.5, 1.5], "uv": [60, 16]},
						{"origin": [-11, 12, -17], "size": [2, 14, 7], "pivot": [0, 8, -13], "rotation": [0, 0, 5], "uv": [58, 125]},
						{"origin": [8, 12, -17], "size": [3, 14, 7], "pivot": [0, 8, -13], "rotation": [0, 0, -5], "uv": [108, 0]}
					]
				},
				{
					"name": "leg",
					"pivot": [7, 17, 0],
					"cubes": [
						{"origin": [7, 2, -1], "size": [2, 15, 2], "uv": [238, 230]},
						{"origin": [6.5, 0, -5], "size": [3, 2, 6], "uv": [86, 108]},
						{"origin": [6.5, 2, -6], "size": [3, 2, 2], "uv": [86, 108]},
						{"origin": [6.5, 2, -2], "size": [3, 2, 3], "uv": [86, 108]}
					]
				},
				{
					"name": "leg2",
					"pivot": [-9, 17, 0],
					"cubes": [
						{"origin": [-9, 2, -1], "size": [2, 15, 2], "uv": [238, 230]},
						{"origin": [-9.5, 0, -5], "size": [3, 2, 6], "uv": [86, 108]},
						{"origin": [-9.5, 2, -6], "size": [3, 2, 2], "uv": [86, 108]},
						{"origin": [-9.5, 2, -2], "size": [3, 2, 3], "uv": [86, 108]}
					]
				}
			]
		}
	]
}