{
	"format_version": "1.12.0",
	"minecraft:geometry": [
		{
			"description": {
				"identifier": "geometry.pj_part",
				"texture_width": 256,
				"texture_height": 256,
				"visible_bounds_width": 18,
				"visible_bounds_height": 4,
				"visible_bounds_offset": [0, 1, 0]
			},
			"bones": [
				{
					"name": "PjPugPillar",
					"pivot": [0, 20, -6]
				},
				{
					"name": "body",
					"parent": "PjPugPillar",
					"pivot": [0, 12, 9],
					"cubes": [
						{"origin": [-7, 6, -6], "size": [14, 14, 14], "uv": [0, 130]}
					]
				},
				{
					"name": "leg",
					"parent": "body",
					"pivot": [7, 17, 0],
					"cubes": [
						{"origin": [7, 2, -1], "size": [2, 15, 2], "uv": [238, 230]},
						{"origin": [6.5, 0, -5], "size": [3, 2, 6], "uv": [86, 108]},
						{"origin": [6.5, 2, -6], "size": [3, 2, 2], "uv": [86, 108]},
						{"origin": [6.5, 2, -2], "size": [3, 2, 3], "uv": [86, 108]}
					]
				},
				{
					"name": "leg2",
					"parent": "body",
					"pivot": [-9, 17, 0],
					"cubes": [
						{"origin": [-9, 2, -1], "size": [2, 15, 2], "uv": [238, 230]},
						{"origin": [-9.5, 0, -5], "size": [3, 2, 6], "uv": [86, 108]},
						{"origin": [-9.5, 2, -6], "size": [3, 2, 2], "uv": [86, 108]},
						{"origin": [-9.5, 2, -2], "size": [3, 2, 3], "uv": [86, 108]}
					]
				}
			]
		}
	]
}