{
  "format_version": "1.10.0",
  "animation_controllers": {
    "controller.animation.player.crossbow": {
      "initial_state": "default",
      "states": {
        "charge": {
          "animations": [
            "third_person_crossbow_equipped"
          ],
          "transitions": [
            {
              "default": "query.get_equipped_item_name !\u003d \u0027crossbow\u0027 || (query.item_remaining_use_duration \u003c\u003d 0.0 \u0026\u0026 !query.item_is_charged)"
            },
            {
              "hold": "query.item_is_charged"
            }
          ]
        },
        "default": {
          "transitions": [
            {
              "hold": "query.item_is_charged"
            },
            {
              "charge": "query.item_remaining_use_duration \u003e 0.0"
            }
          ]
        },
        "hold": {
          "animations": [
            "crossbow_hold"
          ],
          "transitions": [
            {
              "default": "query.get_equipped_item_name !\u003d \u0027crossbow\u0027 || (query.item_remaining_use_duration \u003c\u003d 0.0 \u0026\u0026 !query.item_is_charged)"
            },
            {
              "charge": "query.item_remaining_use_duration \u003e 0.0"
            }
          ]
        }
      }
    },
    "controller.animation.player.first_person_attack": {
      "initial_state": "default",
      "states": {
        "default": {
          "animations": [
            {
              "first_person_attack_rotation": "variable.is_holding_right \u003c\u003d 0.0"
            },
            {
              "first_person_attack_rotation_item": "variable.is_holding_right \u003e 0.0"
            }
          ],
          "transitions": [
            {
              "vr_attack": "variable.is_using_vr"
            }
          ]
        },
        "vr_attack": {
          "animations": [
            {
              "first_person_vr_attack_rotation": "variable.is_holding_right \u003c\u003d 0.0"
            },
            {
              "first_person_attack_rotation_item": "variable.is_holding_right \u003e 0.0"
            }
          ],
          "transitions": [
            {
              "default": "!variable.is_using_vr"
            }
          ]
        }
      }
    },
    "controller.animation.player.first_person_map": {
      "initial_state": "default",
      "states": {
        "default": {
          "transitions": [
            {
              "one_hand": "query.get_equipped_item_name(\u0027off_hand\u0027) \u003d\u003d \u0027map\u0027 || query.get_equipped_item_name(\u0027off_hand\u0027) \u003d\u003d \u0027shield\u0027"
            },
            {
              "two_hand": "query.get_equipped_item_name(\u0027off_hand\u0027) !\u003d \u0027map\u0027 \u0026\u0026 query.get_equipped_item_name(\u0027off_hand\u0027) !\u003d \u0027shield\u0027"
            }
          ]
        },
        "one_hand": {
          "animations": [
            {
              "first_person_map_hold_main_hand": "query.get_equipped_item_name(0, 1) \u003d\u003d \u0027map\u0027"
            },
            {
              "first_person_map_hold_off_hand": "query.get_equipped_item_name(\u0027off_hand\u0027) \u003d\u003d \u0027map\u0027 \u0026\u0026 (query.get_equipped_item_name \u003d\u003d \u0027bow\u0027 ? !(variable.item_use_normalized \u003e 0 \u0026\u0026 variable.item_use_normalized \u003c 1.0) : 1.0)"
            }
          ],
          "transitions": [
            {
              "default": "query.get_equipped_item_name(0, 1) !\u003d \u0027map\u0027 \u0026\u0026 query.get_equipped_item_name(\u0027off_hand\u0027) !\u003d \u0027map\u0027"
            },
            {
              "two_hand": "query.get_equipped_item_name(\u0027off_hand\u0027) !\u003d \u0027map\u0027 \u0026\u0026 query.get_equipped_item_name(\u0027off_hand\u0027) !\u003d \u0027shield\u0027"
            }
          ]
        },
        "two_hand": {
          "animations": [
            "first_person_map_hold",
            "first_person_map_hold_attack"
          ],
          "transitions": [
            {
              "default": "query.get_equipped_item_name(0, 1) !\u003d \u0027map\u0027 \u0026\u0026 query.get_equipped_item_name(\u0027off_hand\u0027) !\u003d \u0027map\u0027"
            },
            {
              "one_hand": "query.get_equipped_item_name(\u0027off_hand\u0027) \u003d\u003d \u0027map\u0027 || query.get_equipped_item_name(\u0027off_hand\u0027) \u003d\u003d \u0027shield\u0027"
            }
          ]
        }
      }
    },
    "controller.animation.player.root": {
      "initial_state": "first_person",
      "states": {
        "first_person": {
          "animations": [
            "first_person_swap_item",
            {
              "first_person_attack_controller": "(variable.attack_time \u003e 0.0f \u0026\u0026 variable.item_use_normalized \u003c\u003d 0.0f) \u0026\u0026 query.get_equipped_item_name !\u003d \u0027map\u0027"
            },
            "first_person_base_pose",
            {
              "first_person_empty_hand": "query.get_equipped_item_name(0, 1) !\u003d \u0027map\u0027"
            },
            {
              "first_person_walk": "variable.bob_animation"
            },
            {
              "first_person_map_controller": "(query.get_equipped_item_name(0, 1) \u003d\u003d \u0027map\u0027 || query.get_equipped_item_name(\u0027off_hand\u0027) \u003d\u003d \u0027map\u0027)"
            },
            {
              "first_person_crossbow_equipped": "query.get_equipped_item_name \u003d\u003d \u0027crossbow\u0027 \u0026\u0026 (variable.item_use_normalized \u003e 0 \u0026\u0026 variable.item_use_normalized \u003c 1.0)"
            },
            {
              "first_person_crossbow_hold": "query.get_equipped_item_name \u003d\u003d \u0027crossbow\u0027 \u0026\u0026 query.item_is_charged"
            },
            {
              "first_person_breathing_bob": "variable.attack_time \u003c\u003d 0.0"
            }
          ],
          "transitions": [
            {
              "paperdoll": "variable.is_paperdoll"
            },
            {
              "map_player": "variable.map_face_icon"
            },
            {
              "third_person": "!variable.is_first_person"
            }
          ]
        },
        "map_player": {
          "transitions": [
            {
              "paperdoll": "variable.is_paperdoll"
            },
            {
              "first_person": "variable.is_first_person"
            },
            {
              "third_person": "!variable.map_face_icon \u0026\u0026 !variable.is_first_person"
            }
          ]
        },
        "paperdoll": {
          "animations": [
            "humanoid_base_pose",
            "look_at_target_ui",
            "move.arms",
            "move.legs",
            "cape"
          ],
          "transitions": [
            {
              "first_person": "!variable.is_paperdoll \u0026\u0026 variable.is_first_person"
            },
            {
              "map_player": "variable.map_face_icon"
            },
            {
              "third_person": "!variable.is_paperdoll \u0026\u0026 !variable.is_first_person"
            }
          ]
        },
        "third_person": {
          "animations": [
            "humanoid_base_pose",
            {
              "look_at_target": "!query.is_sleeping"
            },
            "move.arms",
            "move.legs",
            "cape",
            {
              "riding.arms": "query.is_riding"
            },
            {
              "riding.legs": "query.is_riding"
            },
            {
              "holding": "!variable.emote"
            },
            {
              "brandish_spear": "variable.is_brandishing_spear"
            },
            {
              "charging": "query.is_charging"
            },
            {
              "sneaking": "query.is_sneaking \u0026\u0026 !query.is_sleeping \u0026\u0026 !variable.emote"
            },
            "bob",
            {
              "damage_nearby_mobs": "variable.damage_nearby_mobs"
            },
            {
              "bow_and_arrow": "query.has_target"
            },
            {
              "swimming": "variable.swim_amount \u003e 0.0"
            },
            {
              "swimming.legs": "variable.swim_amount \u003e 0.0"
            },
            {
              "use_item_progress": "( variable.use_item_interval_progress \u003e 0.0 ) || ( variable.use_item_startup_progress \u003e 0.0 ) \u0026\u0026 !variable.is_brandishing_spear"
            },
            {
              "sleeping": "query.is_sleeping \u0026\u0026 query.is_alive"
            },
            {
              "attack.positions": "variable.attack_time \u003e\u003d 0.0 \u0026\u0026 variable.item_use_normalized \u003c\u003d 0.0f"
            },
            {
              "attack.rotations": "variable.attack_time \u003e\u003d 0.0 \u0026\u0026 variable.item_use_normalized \u003c\u003d 0.0f"
            },
            {
              "shield_block_main_hand": "query.blocking \u0026\u0026 query.get_equipped_item_name(\u0027off_hand\u0027) !\u003d \u0027shield\u0027 \u0026\u0026 query.get_equipped_item_name \u003d\u003d \u0027shield\u0027"
            },
            {
              "shield_block_off_hand": "query.blocking \u0026\u0026 query.get_equipped_item_name(\u0027off_hand\u0027) \u003d\u003d \u0027shield\u0027"
            },
            {
              "crossbow_controller": "query.get_equipped_item_name \u003d\u003d \u0027crossbow\u0027"
            },
            {
              "third_person_bow_equipped": "query.get_equipped_item_name \u003d\u003d \u0027bow\u0027 \u0026\u0026 (variable.item_use_normalized \u003e 0 \u0026\u0026 variable.item_use_normalized \u003c 1.0)"
            }
          ],
          "transitions": [
            {
              "paperdoll": "variable.is_paperdoll"
            },
            {
              "first_person": "variable.is_first_person"
            },
            {
              "map_player": "variable.map_face_icon"
            }
          ]
        }
      }
    }
  }
}