{
	"format_version": "1.8.0",
	"animations": {
		"animation.mechanical.gerak": {
			"loop": true,
			"animation_length": 0.9667,
			"bones": {
				"leg1": {
					"rotation": {
						"0.0": [0, 0, 0],
						"0.24": [-60, 0, 0],
						"0.48": [0, 0, 0],
						"0.72": [60, 0, 0],
						"0.96": [0, 0, 0]
					}
				},
				"leg2": {
					"rotation": {
						"0.0": [0, 0, 0],
						"0.24": [60, 0, 0],
						"0.48": [0, 0, 0],
						"0.72": [-60, 0, 0],
						"0.96": [0, 0, 0]
					}
				},
				"leg3": {
					"rotation": {
						"0.0": [0, 0, 0],
						"0.24": [-62.5, 0, 0],
						"0.48": [0, 0, 0],
						"0.72": [67.5, 0, 0],
						"0.96": [0, 0, 0]
					}
				},
				"leg4": {
					"rotation": {
						"0.0": [0, 0, 0],
						"0.24": [62.5, 0, 0],
						"0.48": [0, 0, 0],
						"0.72": [-70, 0, 0],
						"0.96": [0, 0, 0]
					}
				},
				"tail": {
					"rotation": {
						"0.0": [0, 0, 0],
						"0.48": [52.14, 0, 0],
						"0.96": [0, 0, 0]
					},
					"position": {
						"0.0": [0, 0, 0],
						"0.48": [0, 1, 0],
						"0.96": [0, 0, 0]
					}
				},
				"leg1b": {
					"scale": 1
				},
				"head": {
					"rotation": {
						"0.0": [0, 0, 0],
						"0.48": [22.5, 0, 0],
						"0.96": [0, 0, 0]
					}
				},
				"root": {
					"position": {
						"0.0": [0, 0, 0],
						"0.24": [0, 2, 0],
						"0.48": [0, 0, 0],
						"0.72": [0, 2, 0],
						"0.96": [0, 0, 0]
					}
				}
			}
		},
		"animation.mechanical": {
			"loop": true,
			"animation_length": 6,
			"bones": {
				"head": {
					"rotation": {
						"0.48": [0, 0, 0],
						"1.0": [60, 35, 0],
						"1.6": [60, 35, 0],
						"2.16": [0, 0, 0]
					}
				}
			}
		}
	}
}