{
	"format_version": "1.8.0",
	"animations": {
		"animation.panter": {
			"loop": true,
			"animation_length": 1.04,
			"bones": {
				"lingkaran": {
					"rotation": {
						"0.0": [0, 0, 0],
						"1.04": [0, -360, 0]
					}
				},
				"lingkaran2": {
					"rotation": {
						"0.0": [0, 0, 0],
						"1.04": [0, -360, 0]
					},
					"position": [0, 0, 1],
					"scale": [0.9, 1, 0.9]
				}
			}
		},
		"animation.panter.gerak": {
			"loop": true,
			"animation_length": 1.04,
			"bones": {
				"lingkaran": {
					"rotation": {
						"0.0": [0, 0, 0],
						"0.52": [0, -180, 0],
						"1.04": [0, -360, 0]
					},
					"position": {
						"0.0": [0, 0, 0],
						"0.52": [0, 3, 2],
						"1.04": [0, 0, 0]
					}
				},
				"lingkaran2": {
					"rotation": {
						"0.0": [0, 0, 0],
						"1.04": [0, -360, 0]
					},
					"position": {
						"0.0": [0, 0, 1],
						"0.52": [0, 6, 2],
						"1.04": [0, 0, 1]
					},
					"scale": [0.9, 1, 0.9]
				},
				"leg1": {
					"rotation": {
						"0.0": [0, 0, 0],
						"0.52": [65, 0, 0],
						"1.04": [0, 0, 0]
					}
				},
				"leg2": {
					"rotation": {
						"0.0": [0, 0, 0],
						"0.52": [65, 0, 0],
						"1.04": [0, 0, 0]
					},
					"position": {
						"0.0": [0, 0, 0],
						"0.52": [0, 0, 0],
						"1.04": [0, 0, 0]
					}
				},
				"leg3": {
					"rotation": {
						"0.0": [0, 0, 0],
						"0.52": [-40, 0, 0],
						"1.04": [0, 0, 0]
					},
					"position": {
						"0.0": [0, 0, 0],
						"0.52": [0, 0, -6],
						"1.04": [0, 0, 0]
					}
				},
				"leg4": {
					"rotation": {
						"0.0": [0, 0, 0],
						"0.52": [-42.5, 0, 0],
						"1.04": [0, 0, 0]
					},
					"position": {
						"0.0": [0, 0, 0],
						"0.52": [0, 0, -6],
						"1.04": [0, 0, 0]
					}
				},
				"head": {
					"rotation": {
						"0.0": [0, 0, 0],
						"0.52": [-25, 0, 0],
						"1.04": [0, 0, 0]
					},
					"position": {
						"0.0": [0, 0, 0],
						"0.52": [0, 1, 0],
						"1.04": [0, 0, 0]
					}
				},
				"ekor": {
					"rotation": {
						"0.0": [0, 0, 0],
						"0.52": [45, 0, 0],
						"1.04": [0, 0, 0]
					}
				}
			}
		}
	}
}