{
  "format_version": "1.8.0",
  "animations": {
    "animation.robo": {
      "loop": true,
      "animation_length": 3,
      "bones": {
        "bone": {
          "rotation": {
            "0.0": [
              0,
              0,
              0
            ],
            "1.48": [
              0,
              0,
              0
            ],
            "3.0": [
              0,
              0,
              0
            ]
          },
          "position": {
            "0.0": [
              0,
              0,
              0
            ],
            "1.48": [
              0,
              2,
              0
            ],
            "3.0": [
              0,
              0,
              0
            ]
          }
        },
        "bone3": {
          "rotation": {
            "0.0": [
              0,
              0,
              0
            ],
            "3.0": [
              0,
              -350,
              0
            ]
          }
        }
      }
    },
    "animation.robo.gerak": {
      "loop": true,
      "animation_length": 3,
      "bones": {
        "bone": {
          "rotation": {
            "0.0": [
              15,
              0,
              0
            ],
            "1.48": [
              15,
              0,
              0
            ],
            "3.0": [
              15,
              0,
              0
            ]
          },
          "position": {
            "0.0": [
              0,
              0,
              0
            ],
            "1.48": [
              0,
              2,
              0
            ],
            "3.0": [
              0,
              0,
              0
            ]
          }
        },
        "bone3": {
          "rotation": {
            "0.0": [
              0,
              0,
              0
            ],
            "3.0": [
              0,
              -350,
              0
            ]
          }
        }
      }
    }
  }
}