{
	"format_version": "1.12.0",
	"minecraft:geometry": [
		{
			"description": {
				"identifier": "geometry.halt_armor",
				"texture_width": 128,
				"texture_height": 128,
				"visible_bounds_width": 3,
				"visible_bounds_height": 10,
				"visible_bounds_offset": [0, 2, 0]
			},
			"bones": [
				{
					"name": "body",
					"pivot": [0, 0, 0],
					"mirror": true,
					"cubes": [
						{"origin": [-10, 0, -9], "size": [20, 34, 19], "uv": [0, 0], "mirror": false}
					],
					"locators": {
						"halt2": [0, 6, 0]
					}
				}
			]
		}
	]
}