{
  "format_version": "1.10.0",
  "minecraft:client_entity": {
    "description": {
      "identifier": "ag1:boxy_spawn",
      "textures": {
        "default": "textures/entity/Boxy boo ag1"
      },
      "materials": {
        "default": "spider"
      },
      "geometry": {
        "default": "geometry.Boxy_boo_ag1"
      },
      "render_controllers": [
        "controller.render.default"
      ],
      "animations": {
        "opened": "animation.Boxy_boo_ag1.spa"
      },
      "scripts": {
        "animate": [
          "opened"
        ]
      }
    }
  }
}