{
  "format_version": "1.10.0",
  "minecraft:client_entity": {
    "description": {
      "identifier": "ag1:boxy_morph",
      "materials": {
        "default": "witch"
      },
      "textures": {
        "default": "textures/entity/Boxy boo ag1"
      },
      "geometry": {
        "default": "geometry.Boxy_boo_ag1"
      },
      "scripts": {
        "animate": [
          "general",
          "look_at_target",
          "rounding"
        ],
        "pre_animation": [
          "variable.attack \u003d Math.sin(variable.attack_time * 30.0);"
        ]
      },
      "animations": {
        "biting": "animation.Boxy_boo_ag1.att",
        "general": "controller.animation.custom",
        "idle_mouth": "animation.Boxy_boo_ag1.gen",
        "look_at_target": "animation.Custom.lookattarget",
        "look_at_target_con": "controller.animation.custom.look_at_target",
        "walk": "animation.Boxy_boo_ag1.mov",
        "rounding": "animation.Boxy_boo_ag1.rounding"
      },
      "render_controllers": [
        "controller.render.default"
      ],
      "spawn_egg": {
        "base_color": "#0080ff",
        "overlay_color": "#ff0000"
      }
    }
  }
}