{
  "format_version": "1.10.0",
  "minecraft:client_entity": {
    "description": {
      "identifier": "ag1:boxy_hide",
      "textures": {
        "default": "textures/entity/Boxy boo ag1"
      },
      "materials": {
        "default": "skeleton"
      },
      "geometry": {
        "default": "geometry.Boxy_boo_ag1"
      },
      "render_controllers": [
        "controller.render.default"
      ],
      "spawn_egg": {
        "texture": "ic:boxy",
        "texture_index": 0
      },
      "animations": {
        "closed": "animation.Boxy_boo_ag1.hide"
      },
      "scripts": {
        "animate": [
          "closed"
        ]
      }
    }
  }
}