{
  "format_version": "1.10.0",
  "minecraft:client_entity": {
    "description": {
      "identifier": "ag1:huggy_wuggy",
      "min_engine_version": "1.8.0",
      "materials": {
        "default": "vindicator"
      },
      "textures": {
        "default": "textures/entity/Huggy wuggy ag1"
      },
      "geometry": {
        "default": "geometry.Huggy_wuggy_ag1"
      },
      "spawn_egg": {
        "base_color": "#0080ff",
        "overlay_color": "#0080ff"
      },
      "scripts": {
        "scale": "0.9375",
        "animate": [
          "controller_base",
          "look_at_target"
        ]
      },
      "animations": {
        "look_at_target": "animation.Custom.lookattarget",
        "idle_mouth": "animation.Huggy_wuggy_ag1.gen",
        "biting": "animation.Huggy_wuggy_ag1.att",
        "walk": "animation.Huggy_wuggy_ag1.mov",
        "controller_look_at_target": "controller.animation.custom.look_at_target",
        "controller_base": "controller.animation.custom",
        "floating": "animation.Huggy_wuggy_ag1.flo"
      },
      "render_controllers": [
        "controller.render.vindicator"
      ],
      "enable_attachables": true
    }
  }
}