{
  "format_version": "1.10.0",
  "minecraft:client_entity": {
    "description": {
      "identifier": "ag1:huggy_buddies_pink",
      "textures": {
        "default": "textures/entity/Huggy buddies pink ag1"
      },
      "materials": {
        "default": "ravager"
      },
      "geometry": {
        "default": "geometry.Huggy_wuggy_ag1"
      },
      "render_controllers": [
        "controller.render.default"
      ],
      "spawn_egg": {
        "base_color": "#0080ff",
        "overlay_color": "#ff0000"
      },
      "animations": {
        "walk": "animation.Huggy_wuggy_ag1.mov_dusk",
        "idle_mouth": "animation.Huggy_wuggy_ag1.gen_dusk",
        "move": "controller.animation.custom",
        "biting": "animation.Huggy_wuggy_ag1.att2",
        "round": "animation.Boxy_boo_ag1.rounding",
        "look_at_target": "animation.Custom.lookattarget",
        "look_at_target_cont": "controller.animation.custom.look_at_target",
        "floating": "animation.Huggy_wuggy_ag1.flo",
        "charging": "animation.Huggy_wuggy_ag1.cha",
        "scale": "animation.Huggy_wuggy_ag1.sca"
      },
      "scripts": {
        "animate": [
          "move",
          "round",
          "look_at_target",
          "scale"
        ]
      }
    }
  }
}