{
  "format_version": "1.10.0",
  "minecraft:client_entity": {
    "description": {
      "identifier": "ag1:mll_hand",
      "materials": {
        "default": "slime"
      },
      "textures": {
        "default": "textures/entity/Mll hand ag1"
      },
      "geometry": {
        "default": "geometry.Mll_hand_ag1"
      },
      "animations": {
        "move": "animation.Mll_hand_ag1.pose"
      },
      "scripts": {
        "pre_animation": [
          "variable.shake \u003d query.shake_time - query.frame_alpha;",
          "variable.shake_power \u003d variable.shake \u003e 0.0 ? -Math.sin(variable.shake * 200.0) * variable.shake : 0.0;"
        ],
        "animate": [
          "move"
        ]
      },
      "spawn_egg": {
        "texture": "spawn_egg",
        "texture_index": 99
      },
      "render_controllers": [
        "controller.render.slime"
      ],
      "particle_effects": {
        "arm": "ag1:arm"
      }
    }
  }
}