{
  "format_version": "1.10.0",
  "minecraft:client_entity": {
    "description": {
      "identifier": "sus:sus",
      "min_engine_version": "1.8.0",
      "materials": {
        "default": "vindicator"
      },
      "textures": {
        "default": "textures/entity/Sus_t"
      },
      "geometry": {
        "default": "geometry.Sus"
      },
      "spawn_egg": {
        "base_color": "#0080ff",
        "overlay_color": "#0080ff"
      },
      "scripts": {
        "scale": "0.9375",
        "animate": [
          "controller_base"
        ]
      },
      "animations": {
        "idle_mouth": "animation.Sus.gen",
        "biting": "animation.Sus.att",
        "walk": "animation.Sus.mov",
        "controller_base": "controller.animation.custom"
      },
      "render_controllers": [
        "controller.render.vindicator"
      ],
      "enable_attachables": true
    }
  }
}