{
  "format_version": "1.10.0",
  "minecraft:client_entity": {
    "description": {
      "identifier": "ic:train_lvl4",
      "materials": {
        "default": "entity_emissive_alpha"
      },
      "textures": {
        "default": "textures/entity/ic_train_level4"
      },
      "geometry": {
        "default": "geometry.ic_train_lvl4"
      },
      "particle_effects": {
        "smoke": "ic:smoke"
      },
      "scripts": {
        "pre_animation": [
          "variable.hurt = query.hurt_time - query.frame_alpha;"
        ],
        "animate": [
          "move",
          "smoke",
          {"move_rail" : "query.is_moving"}
        ],
        "should_update_bones_and_effects_offscreen": "1.0"
      },
      "animations": {
      "smoke": "animation.smoke",
        "move": "animation.ic_train.offset",
        "move_rail" : "animation.ic_train.move"
      },
      "render_controllers": [ "controller.render.default" ]
    }
  }
}