{
	"format_version": "1.16.100",
	"minecraft:item": {
		"description": {
			"identifier": "kuraputi:blumel_flor",
			"category": "equipment"
		},
		"components": {
			"minecraft:creative_category": {
				"parent": "itemGroup.name.helmet"
			},
			"minecraft:icon": {
				"texture": "blumel_flor"
			},
			"minecraft:display_name": {},
			"minecraft:render_offsets": "helmets",
			"minecraft:max_stack_size": 1,
			"minecraft:enchantable": {
				"value": 10,
				"slot": "armor_head"
			}, 
			"minecraft:knockback_resistance": {
				"protection": 0.0
			},
			"minecraft:armor": {
				"protection": 5
			},
			"minecraft:wearable": {
				"slot": "slot.armor.head"
			}
		}
	}
}
