{
    "boris_attack": {
        "category": "neutral",
        "sounds": [
            "sounds/boris/boris_attack"
        ]
    },
    "boris_sleep": {
        "category": "neutral",
        "sounds": [
            "sounds/boris/boris_sleep"
        ]
    },
    "boris_sleep_again": {
        "category": "neutral",
        "sounds": [
            "sounds/boris/boris_sleep_again1",
            "sounds/boris/boris_sleep_again2"
        ]
    },
    "boris_warn": {
        "category": "neutral",
        "sounds": [
            "sounds/boris/boris_warn1",
            "sounds/boris/boris_warn2"
        ]
    },
    "gummy_bite": {
        "category": "neutral",
        "sounds": [
            "sounds/chickens/gummy/gummy_bite"
        ]
    },
    "gummy_wake": {
        "category": "neutral",
        "sounds": [
            "sounds/chickens/gummy/gummy_wake"
        ]
    },
    "chickens": {
        "category": "neutral",
        "sounds": [
            "sounds/chickens/chicken1",
            "sounds/chickens/chicken2"
        ]
    },
    "chicken_attack": {
        "category": "neutral",
        "sounds": [
            "sounds/chickens/chicken_attack1",
            "sounds/chickens/chicken_attack2",
            "sounds/chickens/chicken_attack3"
        ]
    },
    "chicken_hurt": {
        "category": "neutral",
        "sounds": [
            "sounds/chickens/chicken_hurt1",
            "sounds/chickens/chicken_hurt2",
            "sounds/chickens/chicken_hurt3"
        ]
    },
    "chicken_move": {
        "category": "neutral",
        "sounds": [
            "sounds/chickens/chicken_move"
        ]
    },
    "chicken_warn": {
        "category": "neutral",
        "sounds": [
            "sounds/chickens/chicken_warn"
        ]
    },
    "evil_nun": {
        "category": "neutral",
        "sounds": [
            "sounds/evil_nun/sm1",
            "sounds/evil_nun/sm2",
            "sounds/evil_nun/sm3",
            "sounds/evil_nun/sm4",
            "sounds/evil_nun/sm5",
            "sounds/evil_nun/sm6",
            "sounds/evil_nun/sm7",
            "sounds/evil_nun/sm8"
        ]
    },
    "evil_nun_hurt": {
        "category": "neutral",
        "sounds": [
            "sounds/evil_nun/sm_hurt"
        ]
    },
    "evil_nun_scream": {
        "category": "neutral",
        "sounds": [
            "sounds/evil_nun/sm_scream"
        ]
    },
    "charlie": {
        "category": "neutral",
        "sounds": [
            "sounds/kids/charlie/charlie1",
            "sounds/kids/charlie/charlie2",
            "sounds/kids/charlie/charlie3",
            "sounds/kids/charlie/charlie4",
            "sounds/kids/charlie/charlie5",
            "sounds/kids/charlie/charlie6"
        ]
    },
    "charlie_death": {
        "category": "neutral",
        "sounds": [
            "sounds/kids/charlie/charlie_death1",
            "sounds/kids/charlie/charlie_death2",
            "sounds/kids/charlie/charlie_death3"
        ]
    },
    "charlie_hurt": {
        "category": "neutral",
        "sounds": [
            "sounds/kids/charlie/charlie_hurt1",
            "sounds/kids/charlie/charlie_hurt2"
        ]
    },
    "charlie_move": {
        "category": "neutral",
        "sounds": [
            "sounds/kids/charlie/charlie_move"
        ]
    },
    "j": {
        "category": "neutral",
        "sounds": [
            "sounds/kids/j/j1",
            "sounds/kids/j/j2",
            "sounds/kids/j/j3",
            "sounds/kids/j/j4",
            "sounds/kids/j/j5",
            "sounds/kids/j/j7"
        ]
    },
    "j_death": {
        "category": "neutral",
        "sounds": [
            "sounds/kids/j/j_death1",
            "sounds/kids/j/j_death2",
            "sounds/kids/j/j_death3"
        ]
    },
    "j_hurt": {
        "category": "neutral",
        "sounds": [
            "sounds/kids/j/j_hurt1",
            "sounds/kids/j/j_hurt2",
            "sounds/kids/j/j_hurt3",
            "sounds/kids/j/j_hurt4"
        ]
    },
    "lis": {
        "category": "neutral",
        "sounds": [
            "sounds/kids/lis/lis1",
            "sounds/kids/lis/lis2",
            "sounds/kids/lis/lis3",
            "sounds/kids/lis/lis4"
        ]
    },
    "lis_death": {
        "category": "neutral",
        "sounds": [
            "sounds/kids/lis/lis_death"
        ]
    },
    "mike": {
        "category": "neutral",
        "sounds": [
            "sounds/kids/mike/mike1",
            "sounds/kids/mike/mike2",
            "sounds/kids/mike/mike3"
        ]
    },
    "mike_death": {
        "category": "neutral",
        "sounds": [
            "sounds/kids/mike/mike_death1",
            "sounds/kids/mike/mike_death2"
        ]
    },
    "mike_hurt": {
        "category": "neutral",
        "sounds": [
            "sounds/kids/mike/mike_hurt1",
            "sounds/kids/mike/mike_hurt2",
            "sounds/kids/mike/mike_hurt3",
            "sounds/kids/mike/mike_hurt4"
        ]
    },
    "mati": {
        "category": "neutral",
        "sounds": [
            "sounds/mati/mati1",
            "sounds/mati/mati2",
            "sounds/mati/mati3",
            "sounds/mati/mati4",
            "sounds/mati/mati5",
            "sounds/mati/mati6",
            "sounds/mati/mati7",
            "sounds/mati/mati8"
        ]
    },
    "mati_attack": {
        "category": "neutral",
        "sounds": [
            "sounds/mati/mati_attack"
        ]
    },
    "mati_death": {
        "category": "neutral",
        "sounds": [
            "sounds/mati/mati_death"
        ]
    },
    "mati_hurt": {
        "category": "neutral",
        "sounds": [
            "sounds/mati/mati_hurt1",
            "sounds/mati/mati_hurt2"
        ]
    },
    "mati_warn": {
        "category": "neutral",
        "sounds": [
            "sounds/mati/mati_warn1",
            "sounds/mati/mati_warn2",
            "sounds/mati/mati_warn3",
            "sounds/mati/mati_warn4",
            "sounds/mati/mati_warn5"
        ]
    },
    "minirod_chef": {
        "category": "neutral",
        "sounds": [
            "sounds/minirods/chef/chef1",
            "sounds/minirods/chef/chef2",
            "sounds/minirods/chef/chef3",
            "sounds/minirods/chef/chef4"
        ]
    },
    "minirod_cleaner1": {
        "category": "neutral",
        "sounds": [
            "sounds/minirods/cleaner1/cleaner1_1",
            "sounds/minirods/cleaner1/cleaner1_2",
            "sounds/minirods/cleaner1/cleaner1_3"
        ]
    },
    "minirod_cleaner2": {
        "category": "neutral",
        "sounds": [
            "sounds/minirods/cleaner2/cleaner2_1",
            "sounds/minirods/cleaner2/cleaner2_2",
            "sounds/minirods/cleaner2/cleaner2_3",
            "sounds/minirods/cleaner2/cleaner2_4",
            "sounds/minirods/cleaner2/cleaner2_5",
            "sounds/minirods/cleaner2/cleaner2_6"
        ]
    },
    "minirod_cleaner2_death": {
        "category": "neutral",
        "sounds": [
            "sounds/minirods/cleaner2/cleaner2_death"
        ]
    },
    "minirod_cleaner2_warning": {
        "category": "neutral",
        "sounds": [
            "sounds/minirods/cleaner2/cleaner2_warning"
        ]
    },
    "minirod_mechanic": {
        "category": "neutral",
        "sounds": [
            "sounds/minirods/mechanic/mechanic1",
            "sounds/minirods/mechanic/mechanic2"
        ]
    },
    "minirod_prototype_warn": {
        "category": "neutral",
        "sounds": [
            "sounds/minirods/prototype/prototype_warn"
        ]
    },
    "minirod_worker": {
        "category": "neutral",
        "sounds": [
            "sounds/minirods/worker/worker1",
            "sounds/minirods/worker/worker2",
            "sounds/minirods/worker/worker3"
        ]
    },
    "minirod_alert": {
        "category": "neutral",
        "sounds": [
            "sounds/minirods/minirod_alert"
        ]
    },
    "minirod_attack": {
        "category": "neutral",
        "sounds": [
            "sounds/minirods/minirod_attack"
        ]
    },
    "minirod_down": {
        "category": "neutral",
        "sounds": [
            "sounds/minirods/minirod_down1",
            "sounds/minirods/minirod_down2"
        ]
    },
    "minirod_hurt": {
        "category": "neutral",
        "sounds": [
            "sounds/minirods/minirod_hurt"
        ]
    },
    "minirod_move": {
        "category": "neutral",
        "sounds": [
            "sounds/minirods/minirod_move1",
            "sounds/minirods/minirod_move2",
            "sounds/minirods/minirod_move3",
            "sounds/minirods/minirod_move4"
        ]
    },
    "minirod_shock": {
        "category": "neutral",
        "sounds": [
            "sounds/minirods/minirod_shock"
        ]
    },
    "minirod_warning": {
        "category": "neutral",
        "sounds": [
            "sounds/minirods/minirod_warn1",
            "sounds/minirods/minirod_warn2",
            "sounds/minirods/minirod_warn3",
            "sounds/minirods/minirod_warn4"
    ]
  },
  "mr_meat": {
    "category": "neutral",
    "sounds": [
      "sounds/mr_meat/mr_meat1",
      "sounds/mr_meat/mr_meat2",
      "sounds/mr_meat/mr_meat3",
      "sounds/mr_meat/mr_meat4",
      "sounds/mr_meat/mr_meat5",
      "sounds/mr_meat/mr_meat6",
      "sounds/mr_meat/mr_meat7",
      "sounds/mr_meat/mr_meat8"
    ]
  },
  "mr_meat_death": {
    "category": "neutral",
    "sounds": [
      "sounds/mr_meat/mr_meat_death"
    ]
  },
  "mr_meat_hurt": {
    "category": "neutral",
    "sounds": [
      "sounds/mr_meat/mr_meat_hurt"
    ]
  },
  "mr_meat_warn": {
    "category": "neutral",
    "sounds": [
      "sounds/mr_meat/mr_meat_warn1",
      "sounds/mr_meat/mr_meat_warn2"
        ]
    },
    "rod": {
        "category": "neutral",
        "sounds": [
            "sounds/rod/rod1",
            "sounds/rod/rod2",
            "sounds/rod/rod3",
            "sounds/rod/rod4"
        ]
    },
    "death_hurt": {
        "category": "neutral",
        "sounds": [
            "sounds/rod/rod_death1",
            "sounds/rod/rod_death2"
        ]
    },
    "rod_hurt": {
        "category": "neutral",
        "sounds": [
            "sounds/rod/rod_hurt1",
            "sounds/rod/rod_hurt2",
            "sounds/rod/rod_hurt3"
        ]
    },
    "rod_warn": {
        "category": "neutral",
        "sounds": [
            "sounds/rod/rod_warn1",
            "sounds/rod/rod_warn2",
            "sounds/rod/rod_warn3",
            "sounds/rod/rod_warn4",
            "sounds/rod/rod_warn5"
    ]
  },
  "sm": {
    "category": "neutral",
    "sounds": [
      "sounds/sm/sm1",
      "sounds/sm/sm2",
      "sounds/sm/sm3",
      "sounds/sm/sm4",
      "sounds/sm/sm5",
      "sounds/sm/sm6",
      "sounds/sm/sm7",
      "sounds/sm/sm8",
      "sounds/sm/sm9"
    ]
  },
  "sm_warn": {
    "category": "neutral",
    "sounds": [
      "sounds/sm/sm_warn"
//Musics
    ]
  },
  "en1_chase": {
    "category": "music",
    "sounds": [
      "sounds/musics/en1_chase"
    ]
  },
  "en2_chase": {
    "category": "music",
    "sounds": [
      "sounds/musics/en2_chase"
    ]
  },
  "is_chase": {
    "category": "music",
    "sounds": [
      "sounds/musics/is_chase"
    ]
  },
  "mm_chase": {
    "category": "music",
    "sounds": [
      "sounds/musics/mm_chase"
//Sfx
        ]
    },
  "electrogun": {
    "category": "neutral",
    "sounds": [
      "sounds/sfx/electrogun"
        ]
    },
    "en1_jumpscare": {
        "category": "music",
        "sounds": [
            "sounds/sfx/en1_jumpscare"
        ]
    },
    "en1_warn": {
        "category": "music",
        "sounds": [
            "sounds/sfx/en1_warn"
        ]
    },
    "en2_warn": {
        "category": "music",
        "sounds": [
            "sounds/sfx/en2_warn1",
            "sounds/sfx/en2_warn2"
        ]
    },
    "freeze_attack": {
        "category": "neutral",
        "sounds": [
            "sounds/sfx/freeze_attack"
        ]
    },
    "hammer_attack": {
        "category": "neutral",
        "sounds": [
            "sounds/sfx/hammer_attack"
        ]
    },
    "mm_warn": {
        "category": "music",
        "sounds": [
            "sounds/sfx/mm_warn1",
            "sounds/sfx/mm_warn2",
            "sounds/sfx/mm_warn3",
            "sounds/sfx/mm_warn4"
        ]
    },
  "slap": {
    "category": "neutral",
    "sounds": [
      "sounds/sfx/slap"
        ]
    },
  "spawn_kid": {
    "category": "music",
    "sounds": [
      "sounds/sfx/spawn_kid"
        ]
    },
  "step": {
    "category": "neutral",
    "sounds": [
      "sounds/sfx/step"
        ]
    }
}
