{
"entity.buglin.death": {
    "category": "hostil",
    "sounds": [
      "sounds/srpmob/buglin/buglin_death"
    ]
  },
  "entity.buglin.hurt": {
    "category": "hostil",
    "sounds": [
      "sounds/srpmob/buglin/buglin_hurt"
    ]
  },
  "entity.buglin.idle": {
    "category": "hostil",
    "sounds": [
      "sounds/srpmob/buglin/buglin_growl"
    ]
  },
"entity.rupter.death": {
    "category": "hostil",
    "sounds": [
      "sounds/srpmob/rupter/rupter_death"
    ]
  },
  "entity.rupter.hurt": {
    "category": "hostil",
    "sounds": [
      "sounds/srpmob/rupter/rupter_hurt"
    ]
  },
  "entity.rupter.idle": {
    "category": "hostil",
    "sounds": [
      "sounds/srpmob/rupter/rupter_growl"
    ]
  },
"entity.infected_pig.death": {
    "category": "hostil",
    "sounds": [
      "sounds/srpmob/infected_animals/infectedanimal_death"
    ]
  },
  "entity.infected_pig.hurt": {
    "category": "hostil",
    "sounds": [
      "sounds/srpmob/infected_animals/infectedanimal_hurt"
    ]
  },
  "entity.infected_pig.idle": {
    "category": "hostil",
    "sounds": [
      "sounds/srpmob/infected_animals/infectedanimal_growl"
    ]
  },
"entity.infected_cow.death": {
    "category": "hostil",
    "sounds": [
      "sounds/srpmob/infected_animals/infectedanimal_death"
    ]
  },
  "entity.infected_cow.hurt": {
    "category": "hostil",
    "sounds": [
      "sounds/srpmob/infected_animals/infectedanimal_hurt"
    ]
  },
  "entity.infected_cow.idle": {
    "category": "hostil",
    "sounds": [
      "sounds/srpmob/infected_animals/infectedanimal_growl"
    ]
  },
"entity.infected_sheep.death": {
    "category": "hostil",
    "sounds": [
      "sounds/srpmob/infected_animals/infectedanimal_death"
    ]
  },
  "entity.infected_sheep.hurt": {
    "category": "hostil",
    "sounds": [
      "sounds/srpmob/infected_animals/infectedanimal_hurt"
    ]
  },
  "entity.infected_sheep.idle": {
    "category": "hostil",
    "sounds": [
      "sounds/srpmob/infected_animals/infectedanimal_growl"
    ]
  },
"entity.infected_wolf.death": {
    "category": "hostil",
    "sounds": [
      "sounds/srpmob/infected_animals/infectedanimal_death"
    ]
  },
  "entity.infected_wolf.hurt": {
    "category": "hostil",
    "sounds": [
      "sounds/srpmob/infected_animals/infectedanimal_hurt"
    ]
  },
  "entity.infected_wolf.idle": {
    "category": "hostil",
    "sounds": [
      "sounds/srpmob/infected_animals/infectedanimal_growl"
    ]
  },
"entity.infected_villager.death": {
    "category": "hostil",
    "sounds": [
      "sounds/srpmob/infected_human/infectedhuman_death"
    ]
  },
  "entity.infected_villager.hurt": {
    "category": "hostil",
    "sounds": [
      "sounds/srpmob/infected_human/infectedhuman_hurt"
    ]
  },
  "entity.infected_villager.idle": {
    "category": "hostil",
    "sounds": [
      "sounds/srpmob/infected_human/infectedhuman_growl"
    ]
  },
"entity.infected_human.death": {
    "category": "hostil",
    "sounds": [
      "sounds/srpmob/infected_human/infectedhuman_death"
    ]
  },
  "entity.infected_human.hurt": {
    "category": "hostil",
    "sounds": [
      "sounds/srpmob/infected_human/infectedhuman_hurt"
    ]
  },
  "entity.infected_human.idle": {
    "category": "hostil",
    "sounds": [
      "sounds/srpmob/infected_human/infectedhuman_growl"
    ]
  },
"entity.head_infected_pig.death": {
    "category": "hostil",
    "sounds": [
      "sounds/srpmob/infected_head/infectedhead_death"
    ]
  },
  "entity.head_infected_pig.hurt": {
    "category": "hostil",
    "sounds": [
      "sounds/srpmob/infected_head/infectedhead_hurt"
    ]
  },
  "entity.head_infected_pig.idle": {
    "category": "hostil",
    "sounds": [
      "sounds/srpmob/infected_head/infectedhead_growl"
    ]
  }
}