{
	"format_version": "1.10.0",
	"geometry.the_ws5": {
		"texturewidth": 64,
		"textureheight": 96,
		"visible_bounds_width": 8,
		"visible_bounds_height": 4,
		"visible_bounds_offset": [0, 2, 0],
		"bones": [
			{
				"name": "upperBodyPart1",
				"pivot": [0, 0, 0],
				"cubes": [
					{"origin": [-10.5, 17.1, -0.5], "size": [20, 3, 3], "uv": [0, 16]}
				]
			},
			{
				"name": "head1",
				"parent": "upperBodyPart1",
				"pivot": [0, 20, 0]
			},
			{
				"name": "head2",
				"parent": "upperBodyPart1",
				"pivot": [-9, 18, -1]
			},
			{
				"name": "head3",
				"parent": "upperBodyPart1",
				"pivot": [9, 18, -1]
			},
			{
				"name": "storm",
				"parent": "upperBodyPart1",
				"pivot": [0, 0, 6],
				"cubes": [
					{"origin": [-3, 18, -1], "size": [1, 1, 1], "uv": [42, 53]},
					{"origin": [-3, 8, -1], "size": [1, 1, 1], "uv": [42, 53]},
					{"origin": [-11, 8, -1], "size": [1, 1, 1], "uv": [42, 53]},
					{"origin": [-11, 13, -1], "size": [1, 1, 1], "uv": [42, 53]},
					{"origin": [4, 13, -1], "size": [1, 1, 1], "uv": [42, 53]},
					{"origin": [4, 8, -1], "size": [1, 1, 1], "uv": [42, 53]},
					{"origin": [8, 8, 1], "size": [1, 1, 1], "uv": [42, 53]},
					{"origin": [-14, 8, 1], "size": [1, 1, 1], "uv": [42, 53]},
					{"origin": [-14, 8, 6], "size": [1, 1, 1], "uv": [42, 53]},
					{"origin": [-14, 8, 9], "size": [1, 1, 1], "uv": [42, 53]},
					{"origin": [8, 8, 9], "size": [1, 1, 1], "uv": [42, 53]},
					{"origin": [8, 8, 6], "size": [1, 1, 1], "uv": [42, 53]},
					{"origin": [8, 13, 6], "size": [1, 1, 1], "uv": [42, 53]},
					{"origin": [8, 13, 10], "size": [1, 1, 1], "uv": [42, 53]},
					{"origin": [-14, 13, 10], "size": [1, 1, 1], "uv": [42, 53]},
					{"origin": [-14, 13, 4], "size": [1, 1, 1], "uv": [42, 53]},
					{"origin": [-14, 13, 14], "size": [1, 1, 1], "uv": [42, 53]},
					{"origin": [-14, 7, 14], "size": [1, 1, 1], "uv": [42, 53]},
					{"origin": [11, 7, 14], "size": [1, 1, 1], "uv": [42, 53]},
					{"origin": [11, 12, 14], "size": [1, 1, 1], "uv": [42, 53]},
					{"origin": [4, 12, 19], "size": [1, 1, 1], "uv": [42, 53]},
					{"origin": [1, 12, 19], "size": [1, 1, 1], "uv": [42, 53]},
					{"origin": [-3, 12, 19], "size": [1, 1, 1], "uv": [42, 53]},
					{"origin": [-7, 12, 19], "size": [1, 1, 1], "uv": [42, 53]},
					{"origin": [-10, 12, 19], "size": [1, 1, 1], "uv": [42, 53]},
					{"origin": [-4, 17, 19], "size": [1, 1, 1], "uv": [42, 53]},
					{"origin": [-1, 17, 19], "size": [1, 1, 1], "uv": [42, 53]},
					{"origin": [4, 17, 19], "size": [1, 1, 1], "uv": [42, 53]},
					{"origin": [9, 17, 3], "size": [1, 1, 1], "uv": [42, 53]}
				]
			},
			{
				"name": "upperBodyPart2",
				"parent": "upperBodyPart1",
				"pivot": [-2, 17.1, -0.5],
				"cubes": [
					{"origin": [-2, 7.1, -0.5], "size": [3, 10, 3], "uv": [0, 22]},
					{"origin": [-2, 12.1, 2.5], "size": [3, 6, 0], "uv": [52, 51], "inflate": 2.65},
					{"origin": [-5, 17.1, 5.5], "size": [3, 6, 1], "uv": [52, 51], "inflate": 2.85},
					{"origin": [-5, 17.1, 7.5], "size": [3, 6, 1], "uv": [52, 51], "inflate": 2.85},
					{"origin": [4, 17.1, 7.5], "size": [3, 6, 1], "uv": [52, 51], "inflate": 2.85},
					{"origin": [4, 20.1, 7.5], "size": [3, 6, 1], "uv": [52, 51], "inflate": 2.85},
					{"origin": [-5, 20.1, 7.5], "size": [3, 6, 1], "uv": [52, 51], "inflate": 2.85},
					{"origin": [-5, 25.1, 7.5], "size": [3, 6, 1], "uv": [52, 51], "inflate": 2.85},
					{"origin": [4, 25.1, 7.5], "size": [3, 6, 1], "uv": [52, 51], "inflate": 2.85},
					{"origin": [4, 26.1, 4.5], "size": [3, 6, 1], "uv": [52, 51], "inflate": 2.85},
					{"origin": [-8, 26.1, 4.5], "size": [3, 6, 1], "uv": [52, 51], "inflate": 2.85},
					{"origin": [-4, 26.1, 10.5], "size": [3, 6, 1], "uv": [52, 51], "inflate": 2.85},
					{"origin": [-4, 26.1, 13.5], "size": [3, 6, 1], "uv": [52, 51], "inflate": 2.85},
					{"origin": [-4, 26.1, 18.5], "size": [3, 6, 1], "uv": [52, 51], "inflate": 2.85},
					{"origin": [-4, 26.1, 21.5], "size": [3, 6, 1], "uv": [52, 51], "inflate": 2.85},
					{"origin": [-9, 26.1, 21.5], "size": [3, 6, 1], "uv": [52, 51], "inflate": 2.85},
					{"origin": [-9, 15.1, 20.5], "size": [3, 6, 1], "uv": [52, 51], "inflate": 2.85},
					{"origin": [-9, 7.1, 20.5], "size": [3, 6, 1], "uv": [52, 51], "inflate": 2.85},
					{"origin": [-1, 7.1, 21.5], "size": [3, 6, 1], "uv": [52, 51], "inflate": 2.85},
					{"origin": [-1, 7.1, 16.5], "size": [3, 6, 1], "uv": [52, 51], "inflate": 2.85},
					{"origin": [-4, 16.1, 23.5], "size": [3, 6, 1], "uv": [52, 51], "inflate": 2.85},
					{"origin": [3, 16.1, 23.5], "size": [3, 6, 1], "uv": [52, 51], "inflate": 2.85},
					{"origin": [3, 23.1, 23.5], "size": [3, 6, 1], "uv": [52, 51], "inflate": 2.85},
					{"origin": [3, 33.1, 21.5], "size": [3, 6, 1], "uv": [52, 51], "inflate": 2.85},
					{"origin": [-10, 33.1, 21.5], "size": [3, 6, 1], "uv": [52, 51], "inflate": 2.85},
					{"origin": [-3, 33.1, 20.5], "size": [3, 6, 1], "uv": [52, 51], "inflate": 2.85},
					{"origin": [-4, 21.1, 18.5], "size": [3, 6, 1], "uv": [52, 51], "inflate": 2.85},
					{"origin": [3, 21.1, 18.5], "size": [3, 6, 1], "uv": [52, 51], "inflate": 2.85},
					{"origin": [3, 12.1, 17.5], "size": [3, 6, 1], "uv": [52, 51], "inflate": 2.85},
					{"origin": [3, 6.1, 17.5], "size": [3, 6, 1], "uv": [52, 51], "inflate": 2.85},
					{"origin": [-5, 12.1, 16.5], "size": [3, 6, 1], "uv": [52, 51], "inflate": 2.85},
					{"origin": [-5, 17.1, 16.5], "size": [3, 6, 1], "uv": [52, 51], "inflate": 2.85},
					{"origin": [-9, 21.1, 16.5], "size": [3, 6, 1], "uv": [52, 51], "inflate": 2.85},
					{"origin": [-9, 14.1, 16.5], "size": [3, 6, 1], "uv": [52, 51], "inflate": 2.85},
					{"origin": [-9, 6.1, 14.5], "size": [3, 6, 1], "uv": [52, 51], "inflate": 2.85},
					{"origin": [-1, 6.1, 11.5], "size": [3, 6, 1], "uv": [52, 51], "inflate": 2.85},
					{"origin": [-1, 1.1, 11.5], "size": [3, 6, 1], "uv": [52, 51], "inflate": 2.85},
					{"origin": [-1, 2.1, 15.5], "size": [3, 6, 1], "uv": [52, 51], "inflate": 2.85},
					{"origin": [-1, 4.1, 19.5], "size": [3, 6, 1], "uv": [52, 51], "inflate": 2.85},
					{"origin": [-5, 4.1, 19.5], "size": [3, 6, 1], "uv": [52, 51], "inflate": 2.85},
					{"origin": [-5, -0.9, 13.5], "size": [3, 6, 1], "uv": [52, 51], "inflate": 2.85},
					{"origin": [-5, -0.9, 7.5], "size": [3, 6, 1], "uv": [52, 51], "inflate": 2.85},
					{"origin": [1, -0.9, 7.5], "size": [3, 6, 1], "uv": [52, 51], "inflate": 2.85},
					{"origin": [1, -0.9, 4.5], "size": [3, 6, 1], "uv": [52, 51], "inflate": 2.85},
					{"origin": [-6, -0.9, 4.5], "size": [3, 6, 1], "uv": [52, 51], "inflate": 2.85},
					{"origin": [-3, 2.1, 1.5], "size": [3, 6, 1], "uv": [52, 51], "inflate": 2.85},
					{"origin": [6, 6.1, 5.5], "size": [3, 6, 1], "uv": [52, 51], "inflate": 2.85},
					{"origin": [5, 6.1, 2.5], "size": [3, 6, 1], "uv": [52, 51], "inflate": 2.85},
					{"origin": [-11, 6.1, 2.5], "size": [3, 6, 1], "uv": [52, 51], "inflate": 2.85},
					{"origin": [-12, 6.1, 6.5], "size": [3, 6, 1], "uv": [52, 51], "inflate": 2.85},
					{"origin": [-12, 13.1, 8.5], "size": [3, 6, 1], "uv": [52, 51], "inflate": 2.85},
					{"origin": [8, 14.1, 9.5], "size": [3, 6, 1], "uv": [52, 51], "inflate": 2.85},
					{"origin": [8, 25.1, 9.5], "size": [3, 6, 1], "uv": [52, 51], "inflate": 2.85},
					{"origin": [-14, 25.1, 9.5], "size": [3, 6, 1], "uv": [52, 51], "inflate": 2.85},
					{"origin": [-17, 18.1, 9.5], "size": [3, 6, 1], "uv": [52, 51], "inflate": 2.85},
					{"origin": [-15, 23.1, 9.5], "size": [3, 6, 1], "uv": [52, 51], "inflate": 2.85},
					{"origin": [12, 23.1, 9.5], "size": [3, 6, 1], "uv": [52, 51], "inflate": 2.85},
					{"origin": [10, 25.1, 9.5], "size": [3, 6, 1], "uv": [52, 51], "inflate": 2.85},
					{"origin": [10, 18.1, 9.5], "size": [3, 6, 1], "uv": [52, 51], "inflate": 2.85},
					{"origin": [-13, 35.1, 9.5], "size": [3, 6, 1], "uv": [52, 51], "inflate": 2.85},
					{"origin": [-12, 35.1, 14.5], "size": [3, 6, 1], "uv": [52, 51], "inflate": 2.85},
					{"origin": [-8, 35.1, 14.5], "size": [3, 6, 1], "uv": [52, 51], "inflate": 2.85},
					{"origin": [7, 35.1, 14.5], "size": [3, 6, 1], "uv": [52, 51], "inflate": 2.85},
					{"origin": [8, 35.1, 8.5], "size": [3, 6, 1], "uv": [52, 51], "inflate": 2.85},
					{"origin": [6, 35.1, 3.5], "size": [3, 6, 1], "uv": [52, 51], "inflate": 2.85},
					{"origin": [-10, 16.1, 13.5], "size": [3, 6, 1], "uv": [52, 51], "inflate": 2.85},
					{"origin": [8, 23.1, 13.5], "size": [3, 6, 1], "uv": [52, 51], "inflate": 2.85},
					{"origin": [-12, 23.1, 13.5], "size": [3, 6, 1], "uv": [52, 51], "inflate": 2.85},
					{"origin": [-12, 30.1, 13.5], "size": [3, 6, 1], "uv": [52, 51], "inflate": 2.85},
					{"origin": [-12, 30.1, 4.5], "size": [3, 6, 1], "uv": [52, 51], "inflate": 2.85},
					{"origin": [-4, 30.1, 4.5], "size": [3, 6, 1], "uv": [52, 51], "inflate": 2.85},
					{"origin": [3, 30.1, 4.5], "size": [3, 6, 1], "uv": [52, 51], "inflate": 2.85},
					{"origin": [3, 33.1, 4.5], "size": [3, 6, 1], "uv": [52, 51], "inflate": 2.85},
					{"origin": [-7, 33.1, 4.5], "size": [3, 6, 1], "uv": [52, 51], "inflate": 2.85},
					{"origin": [-7, 33.1, 4.5], "size": [3, 6, 1], "uv": [52, 51], "inflate": 2.85},
					{"origin": [-1, 33.1, 5.5], "size": [3, 6, 1], "uv": [52, 51], "inflate": 2.85},
					{"origin": [-1, 37.1, 5.5], "size": [3, 6, 1], "uv": [52, 51], "inflate": 2.85},
					{"origin": [-6, 37.1, 5.5], "size": [3, 6, 1], "uv": [52, 51], "inflate": 2.85},
					{"origin": [5, 37.1, 5.5], "size": [3, 6, 1], "uv": [52, 51], "inflate": 2.85},
					{"origin": [5, 32.1, 17.5], "size": [3, 6, 1], "uv": [52, 51], "inflate": 2.85},
					{"origin": [-1, 32.1, 17.5], "size": [3, 6, 1], "uv": [52, 51], "inflate": 2.85},
					{"origin": [-10, 32.1, 17.5], "size": [3, 6, 1], "uv": [52, 51], "inflate": 2.85},
					{"origin": [-10, 32.1, 19.5], "size": [3, 6, 1], "uv": [52, 51], "inflate": 2.85},
					{"origin": [4, 32.1, 19.5], "size": [3, 6, 1], "uv": [52, 51], "inflate": 2.85},
					{"origin": [-4, 32.1, 19.5], "size": [3, 6, 1], "uv": [52, 51], "inflate": 2.85},
					{"origin": [-4, 37.1, 16.5], "size": [3, 6, 1], "uv": [52, 51], "inflate": 2.85},
					{"origin": [3, 37.1, 16.5], "size": [3, 6, 1], "uv": [52, 51], "inflate": 2.85},
					{"origin": [3, 39.1, 9.5], "size": [3, 6, 1], "uv": [52, 51], "inflate": 2.85},
					{"origin": [-10, 32.1, 9.5], "size": [3, 6, 1], "uv": [52, 51], "inflate": 2.85},
					{"origin": [0, 32.1, 2.5], "size": [3, 6, 1], "uv": [52, 51], "inflate": 2.85},
					{"origin": [-6, 20.1, 13.5], "size": [3, 6, 1], "uv": [52, 51], "inflate": 2.85},
					{"origin": [-10, 20.1, 9.5], "size": [3, 6, 1], "uv": [52, 51], "inflate": 2.85},
					{"origin": [-10, 26.1, 9.5], "size": [3, 6, 1], "uv": [52, 51], "inflate": 2.85},
					{"origin": [6, 31.1, 9.5], "size": [3, 6, 1], "uv": [52, 51], "inflate": 2.85},
					{"origin": [5, 26.1, 13.5], "size": [3, 6, 1], "uv": [52, 51], "inflate": 2.85},
					{"origin": [5, 34.1, 13.5], "size": [3, 6, 1], "uv": [52, 51], "inflate": 2.85},
					{"origin": [-7, 34.1, 13.5], "size": [3, 6, 1], "uv": [52, 51], "inflate": 2.85},
					{"origin": [-7, 39.1, 13.5], "size": [3, 6, 1], "uv": [52, 51], "inflate": 2.85},
					{"origin": [-7, 39.1, 8.5], "size": [3, 6, 1], "uv": [52, 51], "inflate": 2.85},
					{"origin": [6, 39.1, 8.5], "size": [3, 6, 1], "uv": [52, 51], "inflate": 2.85},
					{"origin": [0, 36.1, 13.5], "size": [3, 6, 1], "uv": [52, 51], "inflate": 2.85},
					{"origin": [0, 38.1, 8.5], "size": [3, 6, 1], "uv": [52, 51], "inflate": 2.85},
					{"origin": [-4, 42.1, 8.5], "size": [3, 6, 1], "uv": [52, 51], "inflate": 2.85},
					{"origin": [4, 39.1, 8.5], "size": [3, 6, 1], "uv": [52, 51], "inflate": 2.85},
					{"origin": [5, 30.1, 9.5], "size": [3, 6, 1], "uv": [52, 51], "inflate": 2.85},
					{"origin": [-4, 20.1, 10.5], "size": [3, 6, 1], "uv": [52, 51], "inflate": 2.85},
					{"origin": [-4, 12.1, 10.5], "size": [3, 6, 1], "uv": [52, 51], "inflate": 2.85},
					{"origin": [-4, 12.1, 14.5], "size": [3, 6, 1], "uv": [52, 51], "inflate": 2.85},
					{"origin": [6, 16.1, 14.5], "size": [3, 6, 1], "uv": [52, 51], "inflate": 2.85},
					{"origin": [5, 20.1, 12.5], "size": [3, 6, 1], "uv": [52, 51], "inflate": 2.85},
					{"origin": [1, 30.1, 6.5], "size": [3, 6, 1], "uv": [52, 51], "inflate": 2.85},
					{"origin": [-3, 34.1, 6.5], "size": [3, 6, 1], "uv": [52, 51], "inflate": 2.85},
					{"origin": [1, 38.1, 6.5], "size": [3, 6, 1], "uv": [52, 51], "inflate": 2.85},
					{"origin": [-1, 41.1, 6.5], "size": [3, 6, 1], "uv": [52, 51], "inflate": 1},
					{"origin": [-5, 30.1, 7.5], "size": [3, 6, 1], "uv": [52, 51], "inflate": 2.85},
					{"origin": [-7, 30.1, 4.5], "size": [3, 6, 1], "uv": [52, 51], "inflate": 2.85},
					{"origin": [-8, 17.1, 4.5], "size": [3, 6, 1], "uv": [52, 51], "inflate": 2.85},
					{"origin": [-7, 19.1, 4.5], "size": [3, 6, 1], "uv": [52, 51], "inflate": 2.85},
					{"origin": [-10, 17.1, 4.5], "size": [3, 6, 1], "uv": [52, 51], "inflate": 2.85},
					{"origin": [-13, 17.1, 4.5], "size": [3, 6, 1], "uv": [52, 51], "inflate": 2.85},
					{"origin": [-13, 26.1, 4.5], "size": [3, 6, 1], "uv": [52, 51], "inflate": 2.85},
					{"origin": [9, 26.1, 4.5], "size": [3, 6, 1], "uv": [52, 51], "inflate": 2.85},
					{"origin": [9, 26.1, 0.5], "size": [3, 6, 1], "uv": [52, 51], "inflate": 2.85},
					{"origin": [-9, 26.1, 0.5], "size": [3, 6, 1], "uv": [52, 51], "inflate": 2.85},
					{"origin": [-16, 22.1, 6.5], "size": [3, 6, 1], "uv": [52, 51], "inflate": 2.85},
					{"origin": [11, 22.1, 6.5], "size": [3, 6, 1], "uv": [52, 51], "inflate": 2.85},
					{"origin": [10, 17.1, 3.5], "size": [3, 6, 0], "uv": [52, 51], "inflate": 2.85},
					{"origin": [10, 22.1, 4.5], "size": [3, 6, 1], "uv": [52, 51], "inflate": 2.85},
					{"origin": [-12, 22.1, 4.5], "size": [3, 6, 1], "uv": [52, 51], "inflate": 2.85},
					{"origin": [4, 16.1, 5.5], "size": [3, 6, 1], "uv": [52, 51], "inflate": 2.85},
					{"origin": [6, 16.1, 4.5], "size": [3, 6, 1], "uv": [52, 51], "inflate": 2.85},
					{"origin": [8, 16.1, 4.5], "size": [3, 6, 1], "uv": [52, 51], "inflate": 2.85},
					{"origin": [6, 19.1, 4.5], "size": [3, 6, 1], "uv": [52, 51], "inflate": 2.85},
					{"origin": [-1, 18.1, 4.5], "size": [3, 6, 1], "uv": [52, 51], "inflate": 2.85},
					{"origin": [-1, 20.1, 4.5], "size": [3, 6, 1], "uv": [52, 51], "inflate": 2.85},
					{"origin": [-3, 20.1, 4.5], "size": [3, 6, 1], "uv": [52, 51], "inflate": 2.85},
					{"origin": [-2, 24.1, 4.5], "size": [3, 6, 1], "uv": [52, 51], "inflate": 2.85},
					{"origin": [-2, 24.1, 3.5], "size": [3, 6, 1], "uv": [52, 51], "inflate": 2.85},
					{"origin": [2, 24.1, 1.5], "size": [3, 6, 1], "uv": [52, 51], "inflate": 2.85},
					{"origin": [-6, 24.1, 1.5], "size": [3, 6, 1], "uv": [52, 51], "inflate": 2.85},
					{"origin": [-6, 26.1, 1.5], "size": [3, 6, 1], "uv": [52, 51], "inflate": 2.85},
					{"origin": [4, 26.1, 1.5], "size": [3, 6, 1], "uv": [52, 51], "inflate": 2.85},
					{"origin": [-5, 21.1, 4.5], "size": [3, 6, 1], "uv": [52, 51], "inflate": 2.85},
					{"origin": [-5, 21.1, 5.5], "size": [3, 6, 1], "uv": [52, 51], "inflate": 2.85},
					{"origin": [4, 21.1, 5.5], "size": [3, 6, 1], "uv": [52, 51], "inflate": 2.85},
					{"origin": [4, 12.1, 5.5], "size": [3, 6, 1], "uv": [52, 51], "inflate": 2.85},
					{"origin": [-7, 12.1, 5.5], "size": [3, 6, 1], "uv": [52, 51], "inflate": 2.85},
					{"origin": [4, 19.1, 4.5], "size": [3, 6, 1], "uv": [52, 51], "inflate": 2.85},
					{"origin": [4, 22.1, 4.5], "size": [3, 6, 1], "uv": [52, 51], "inflate": 2.85},
					{"origin": [4, 14.1, 3.5], "size": [3, 6, 1], "uv": [52, 51], "inflate": 2.85},
					{"origin": [-6, 14.1, 2.5], "size": [3, 6, 1], "uv": [54, 53], "inflate": 2.85},
					{"origin": [-6, 14.1, 0.5], "size": [3, 6, 1], "uv": [54, 53], "inflate": 2.85},
					{"origin": [-4, 14.1, 2.5], "size": [3, 6, 1], "uv": [54, 53], "inflate": 2.85},
					{"origin": [2, 14.1, 1.5], "size": [3, 6, 1], "uv": [54, 53], "inflate": 2.85},
					{"origin": [-6, 16.1, 3.5], "size": [3, 6, 1], "uv": [54, 53], "inflate": 2.85},
					{"origin": [-2, 12.1, 4.5], "size": [3, 6, 1], "uv": [52, 51], "inflate": 2.85},
					{"origin": [-2, 9.1, 4.5], "size": [3, 6, 1], "uv": [52, 51], "inflate": 2.85},
					{"origin": [-2, 7.1, 5.5], "size": [3, 6, 1], "uv": [52, 51], "inflate": 2.85},
					{"origin": [-2, 3.1, 5.5], "size": [2, 6, 1], "uv": [52, 51], "inflate": 2.85},
					{"origin": [-2, -0.9, 5.5], "size": [2, 6, 1], "uv": [52, 51], "inflate": 2.25},
					{"origin": [-2, -5.9, 5.5], "size": [2, 6, 1], "uv": [52, 51], "inflate": 1},
					{"origin": [-2, 3.1, 3.5], "size": [2, 6, 1], "uv": [52, 51], "inflate": 2.85},
					{"origin": [-2, 7.1, 7.5], "size": [3, 6, 1], "uv": [52, 51], "inflate": 2.85},
					{"origin": [-2, 7.1, 1.5], "size": [3, 6, 1], "uv": [52, 51], "inflate": 2.85},
					{"origin": [-2, 9.1, 0.5], "size": [3, 6, 1], "uv": [52, 51], "inflate": 2.85},
					{"origin": [-2, 9.1, -1.5], "size": [3, 6, 1], "uv": [52, 51], "inflate": 2.85},
					{"origin": [-2, 6.1, -2.5], "size": [3, 6, 1], "uv": [52, 51], "inflate": 2.85},
					{"origin": [-2, 3.1, 1.5], "size": [3, 6, 1], "uv": [52, 51], "inflate": 2.85},
					{"origin": [2, 10.1, 2.5], "size": [3, 5, 1], "uv": [52, 51], "inflate": 2.85},
					{"origin": [-5, 9.1, 2.5], "size": [3, 6, 1], "uv": [52, 51], "inflate": 2.85},
					{"origin": [-7, 10.1, 2.5], "size": [3, 6, 1], "uv": [52, 51], "inflate": 2.85},
					{"origin": [-7, 10.1, -1.5], "size": [3, 6, 1], "uv": [52, 51], "inflate": 2.85},
					{"origin": [3, 8.1, -1.5], "size": [3, 6, 1], "uv": [52, 51], "inflate": 2.85},
					{"origin": [3, 8.1, -5.5], "size": [3, 6, 1], "uv": [52, 51], "inflate": 2.85},
					{"origin": [7, 8.1, -2.5], "size": [3, 6, 1], "uv": [52, 51], "inflate": 2.85},
					{"origin": [-12, 8.1, -2.5], "size": [3, 6, 1], "uv": [52, 51], "inflate": 2.85},
					{"origin": [-8, 8.1, 10.5], "size": [3, 6, 1], "uv": [52, 51], "inflate": 2.85},
					{"origin": [5, 8.1, 10.5], "size": [3, 6, 1], "uv": [52, 51], "inflate": 2.85},
					{"origin": [-3, 8.1, -3.5], "size": [3, 6, 1], "uv": [52, 51], "inflate": 2.85},
					{"origin": [-1, 8.1, -6.5], "size": [3, 6, 1], "uv": [52, 51], "inflate": 2.85},
					{"origin": [-5, 8.1, -5.5], "size": [3, 6, 1], "uv": [52, 51], "inflate": 2.85},
					{"origin": [-11, 14.1, 2.5], "size": [3, 6, 1], "uv": [52, 51], "inflate": 2.85},
					{"origin": [-8.5, 4.1, -11.5], "size": [16, 16, 16], "uv": [0, 64], "inflate": -4},
					{"origin": [-6, 13.6, 0], "size": [11, 2, 2], "uv": [24, 22]},
					{"origin": [-6, 13.6, -5], "size": [2, 2, 7], "uv": [24, 17]},
					{"origin": [-6, 13.6, -8], "size": [3, 2, 7], "uv": [24, 17]},
					{"origin": [3, 13.6, -5], "size": [2, 2, 7], "uv": [24, 17]},
					{"origin": [2, 13.6, -8], "size": [3, 2, 7], "uv": [24, 17]},
					{"origin": [3, 11.1, -5], "size": [2, 2, 7], "uv": [24, 17]},
					{"origin": [2, 11.1, -8], "size": [3, 2, 7], "uv": [24, 17]},
					{"origin": [-6, 11.1, -5], "size": [2, 2, 7], "uv": [24, 17]},
					{"origin": [-6, 11.1, -8], "size": [3, 2, 7], "uv": [24, 17]},
					{"origin": [-6, 8.6, -5], "size": [2, 2, 7], "uv": [24, 17]},
					{"origin": [-6, 8.6, -8], "size": [3, 2, 7], "uv": [24, 17]},
					{"origin": [3, 8.6, -5], "size": [2, 2, 7], "uv": [24, 17]},
					{"origin": [2, 8.6, -8], "size": [3, 2, 7], "uv": [24, 17]},
					{"origin": [-6, 11.1, 0], "size": [11, 2, 2], "uv": [24, 22]},
					{"origin": [-6, 8.6, 0], "size": [11, 2, 2], "uv": [24, 22]}
				]
			},
			{
				"name": "skull1",
				"parent": "upperBodyPart2",
				"pivot": [-0.5, 20, 1],
				"cubes": [
					{"origin": [-4.5, 27, -6], "size": [8, 1, 8], "uv": [32, 26]},
					{"origin": [-4.5, 24, -6], "size": [3, 4, 8], "uv": [32, 26]},
					{"origin": [0.5, 24, -6], "size": [3, 4, 8], "uv": [32, 26]},
					{"origin": [-4.5, 24, -6], "size": [8, 1, 8], "uv": [32, 26]},
					{"origin": [-1.5, 25, -6], "size": [2, 2, 8], "uv": [44, 38]},
					{"origin": [-4.5, 25, -6], "size": [8, 4, 8], "uv": [32, 26], "inflate": -0.5},
					{"origin": [-4.5, 20, -6], "size": [8, 1, 8], "uv": [32, 26]},
					{"origin": [2.5, 21, -6], "size": [1, 1, 1], "uv": [10, 49]},
					{"origin": [2.5, 23, -6], "size": [1, 1, 1], "uv": [10, 49]},
					{"origin": [0.5, 23, -6], "size": [1, 1, 1], "uv": [10, 49]},
					{"origin": [-1, 23, -6], "size": [1, 1, 1], "uv": [10, 49]},
					{"origin": [-1, 21, -6], "size": [1, 1, 1], "uv": [10, 49]},
					{"origin": [-2.5, 23, -6], "size": [1, 1, 1], "uv": [10, 49]},
					{"origin": [-4.5, 23, -6], "size": [1, 1, 1], "uv": [10, 49]},
					{"origin": [-4.5, 23, -4], "size": [1, 1, 1], "uv": [10, 49]},
					{"origin": [2.5, 23, -4], "size": [1, 1, 1], "uv": [10, 49]},
					{"origin": [2.5, 21, -4], "size": [1, 1, 1], "uv": [10, 49]},
					{"origin": [0.5, 21, -6], "size": [1, 1, 1], "uv": [10, 49]},
					{"origin": [-2.5, 21, -6], "size": [1, 1, 1], "uv": [10, 49]},
					{"origin": [-4.5, 21, -6], "size": [1, 1, 1], "uv": [10, 49]},
					{"origin": [-4.5, 21, -4], "size": [1, 1, 1], "uv": [10, 49]}
				]
			},
			{
				"name": "skull2",
				"parent": "upperBodyPart2",
				"pivot": [-9, 18, 0.5],
				"cubes": [
					{"origin": [-13, 18, -4], "size": [6, 6, 6], "uv": [32, 0]}
				]
			},
			{
				"name": "skull3",
				"parent": "upperBodyPart2",
				"pivot": [9, 18, 0.5],
				"cubes": [
					{"origin": [6, 18, -4], "size": [6, 6, 6], "uv": [32, 0]}
				]
			},
			{
				"name": "body3",
				"parent": "upperBodyPart2",
				"pivot": [0, 6, -1],
				"rotation": [37.5, 0, 0],
				"cubes": [
					{"origin": [-2, 0.75, 0.25], "size": [3, 6, 3], "uv": [12, 22]}
				]
			},
			{
				"name": "body4",
				"parent": "body3",
				"pivot": [0, 2.82659, -3.43505],
				"rotation": [37.5, 0, 0],
				"cubes": [
					{"origin": [-2, -4.62976, -1.63127], "size": [3, 4, 3], "uv": [12, 22]}
				]
			},
			{
				"name": "body5",
				"parent": "body4",
				"pivot": [0, -2.59728, -1.29456],
				"rotation": [75, 0, 0],
				"cubes": [
					{"origin": [-2, -9.05362, 0.50921], "size": [3, 3, 3], "uv": [12, 22]}
				]
			},
			{
				"name": "tentacle",
				"pivot": [0, 17, 0],
				"rotation": [0, 25, 22.5],
				"cubes": [
					{"origin": [-1, 16, 0], "size": [31, 2, 2], "uv": [0, 57], "inflate": 0.45}
				]
			},
			{
				"name": "tentacle2",
				"parent": "tentacle",
				"pivot": [27.79013, 16.94561, 1.92497],
				"cubes": [
					{"origin": [27.57506, 15.65, -0.08827], "size": [18, 2, 2], "uv": [0, 57], "inflate": 0.1}
				]
			},
			{
				"name": "tentacle3",
				"parent": "tentacle2",
				"pivot": [44.5519, 16.7599, 2.01747],
				"cubes": [
					{"origin": [43.33683, 15.46429, 0.00423], "size": [11, 2, 2], "uv": [0, 57], "inflate": -0.25},
					{"origin": [43.33683, 15.46429, 0.00423], "size": [13, 2, 2], "uv": [0, 57], "inflate": -0.5}
				]
			},
			{
				"name": "tentacle4",
				"pivot": [0, 17, 0],
				"rotation": [0, 25, 160],
				"cubes": [
					{"origin": [-1, 16, 0], "size": [31, 2, 2], "uv": [0, 57], "inflate": 0.45}
				]
			},
			{
				"name": "tentacle5",
				"parent": "tentacle4",
				"pivot": [27.79013, 16.94561, 1.92497],
				"cubes": [
					{"origin": [28.57506, 15.65, -0.08827], "size": [17, 2, 2], "uv": [0, 57], "inflate": 0.1}
				]
			},
			{
				"name": "tentacle6",
				"parent": "tentacle5",
				"pivot": [44.5519, 16.7599, 2.01747],
				"cubes": [
					{"origin": [45.33683, 15.46429, 0.00423], "size": [9, 2, 2], "uv": [0, 57], "inflate": -0.25},
					{"origin": [45.33683, 15.46429, 0.00423], "size": [11, 2, 2], "uv": [0, 57], "inflate": -0.5}
				]
			}
		]
	}
}
