{
	"format_version": "1.10.0",
	"geometry.the_ws4_beam_tractor": {
		"texturewidth": 64,
		"textureheight": 96,
		"visible_bounds_width": 4,
		"visible_bounds_height": 4,
		"visible_bounds_offset": [0, 2, 0],
		"bones": [
			{
				"name": "upperBodyPart1",
				"pivot": [0, 0, 0],
				"cubes": [
					{"origin": [-10.5, 17.1, -0.5], "size": [20, 3, 3], "uv": [0, 16]}
				]
			},
			{
				"name": "head1",
				"parent": "upperBodyPart1",
				"pivot": [0, 20, 0]
			},
			{
				"name": "head2",
				"parent": "upperBodyPart1",
				"pivot": [-9, 18, -1]
			},
			{
				"name": "head3",
				"parent": "upperBodyPart1",
				"pivot": [9, 18, -1]
			},
			{
				"name": "storm",
				"parent": "upperBodyPart1",
				"pivot": [0, 0, 6],
				"cubes": [
					{"origin": [-3, 18, -1], "size": [1, 1, 1], "uv": [42, 53]},
					{"origin": [-3, 8, -1], "size": [1, 1, 1], "uv": [42, 53]},
					{"origin": [-11, 8, -1], "size": [1, 1, 1], "uv": [42, 53]},
					{"origin": [-11, 13, -1], "size": [1, 1, 1], "uv": [42, 53]},
					{"origin": [4, 13, -1], "size": [1, 1, 1], "uv": [42, 53]},
					{"origin": [4, 8, -1], "size": [1, 1, 1], "uv": [42, 53]},
					{"origin": [8, 8, 1], "size": [1, 1, 1], "uv": [42, 53]},
					{"origin": [-14, 8, 1], "size": [1, 1, 1], "uv": [42, 53]},
					{"origin": [-14, 8, 6], "size": [1, 1, 1], "uv": [42, 53]},
					{"origin": [-14, 8, 9], "size": [1, 1, 1], "uv": [42, 53]},
					{"origin": [8, 8, 9], "size": [1, 1, 1], "uv": [42, 53]},
					{"origin": [8, 8, 6], "size": [1, 1, 1], "uv": [42, 53]},
					{"origin": [8, 13, 6], "size": [1, 1, 1], "uv": [42, 53]},
					{"origin": [8, 13, 10], "size": [1, 1, 1], "uv": [42, 53]},
					{"origin": [-14, 13, 10], "size": [1, 1, 1], "uv": [42, 53]},
					{"origin": [-14, 13, 4], "size": [1, 1, 1], "uv": [42, 53]},
					{"origin": [-14, 13, 14], "size": [1, 1, 1], "uv": [42, 53]},
					{"origin": [-14, 7, 14], "size": [1, 1, 1], "uv": [42, 53]},
					{"origin": [11, 7, 14], "size": [1, 1, 1], "uv": [42, 53]},
					{"origin": [11, 12, 14], "size": [1, 1, 1], "uv": [42, 53]},
					{"origin": [4, 12, 19], "size": [1, 1, 1], "uv": [42, 53]},
					{"origin": [1, 12, 19], "size": [1, 1, 1], "uv": [42, 53]},
					{"origin": [-3, 12, 19], "size": [1, 1, 1], "uv": [42, 53]},
					{"origin": [-7, 12, 19], "size": [1, 1, 1], "uv": [42, 53]},
					{"origin": [-10, 12, 19], "size": [1, 1, 1], "uv": [42, 53]},
					{"origin": [-4, 17, 19], "size": [1, 1, 1], "uv": [42, 53]},
					{"origin": [-1, 17, 19], "size": [1, 1, 1], "uv": [42, 53]},
					{"origin": [4, 17, 19], "size": [1, 1, 1], "uv": [42, 53]},
					{"origin": [9, 17, 3], "size": [1, 1, 1], "uv": [42, 53]}
				]
			},
			{
				"name": "upperBodyPart2",
				"parent": "upperBodyPart1",
				"pivot": [-2, 17.1, -0.5]
			},
			{
				"name": "body3",
				"parent": "upperBodyPart2",
				"pivot": [0, 6, -1],
				"rotation": [37.5, 0, 0],
				"cubes": [
					{"origin": [-2, 0.75, 0.25], "size": [3, 6, 3], "uv": [12, 22]}
				]
			},
			{
				"name": "body4",
				"parent": "body3",
				"pivot": [0, 2.82659, -3.43505],
				"rotation": [37.5, 0, 0],
				"cubes": [
					{"origin": [-2, -4.62976, -1.63127], "size": [3, 4, 3], "uv": [12, 22]}
				]
			},
			{
				"name": "body5",
				"parent": "body4",
				"pivot": [0, -2.59728, -1.29456],
				"rotation": [75, 0, 0],
				"cubes": [
					{"origin": [-2, -9.05362, 0.50921], "size": [3, 3, 3], "uv": [12, 22]}
				]
			},
			{
				"name": "skull1",
				"parent": "upperBodyPart2",
				"pivot": [-0.5, 20, 1],
				"cubes": [
					{"origin": [-4.5, 27, -6], "size": [8, 1, 8], "uv": [32, 26]},
					{"origin": [-4.5, 24, -6], "size": [3, 4, 8], "uv": [32, 26]},
					{"origin": [0.5, 24, -6], "size": [3, 4, 8], "uv": [32, 26]},
					{"origin": [-4.5, 24, -6], "size": [8, 1, 8], "uv": [32, 26]},
					{"origin": [-1.5, 25, -6], "size": [2, 2, 8], "uv": [44, 38]},
					{"origin": [-1.5, 25, -2050], "size": [2, 2, 2049], "uv": [44, 38]},
					{"origin": [-4.5, 25, -6], "size": [8, 4, 8], "uv": [32, 26], "inflate": -0.5},
					{"origin": [-4.5, 20, -6], "size": [8, 1, 8], "uv": [32, 26]},
					{"origin": [2.5, 21, -6], "size": [1, 1, 1], "uv": [10, 49]},
					{"origin": [2.5, 23, -6], "size": [1, 1, 1], "uv": [10, 49]},
					{"origin": [0.5, 23, -6], "size": [1, 1, 1], "uv": [10, 49]},
					{"origin": [-1, 23, -6], "size": [1, 1, 1], "uv": [10, 49]},
					{"origin": [-1, 21, -6], "size": [1, 1, 1], "uv": [10, 49]},
					{"origin": [-2.5, 23, -6], "size": [1, 1, 1], "uv": [10, 49]},
					{"origin": [-4.5, 23, -6], "size": [1, 1, 1], "uv": [10, 49]},
					{"origin": [-4.5, 23, -4], "size": [1, 1, 1], "uv": [10, 49]},
					{"origin": [2.5, 21, -4], "size": [1, 1, 1], "uv": [10, 49]},
					{"origin": [0.5, 21, -6], "size": [1, 1, 1], "uv": [10, 49]},
					{"origin": [-2.5, 21, -6], "size": [1, 1, 1], "uv": [10, 49]},
					{"origin": [-4.5, 21, -6], "size": [1, 1, 1], "uv": [10, 49]},
					{"origin": [-4.5, 21, -4], "size": [1, 1, 1], "uv": [10, 49]}
				]
			},
			{
				"name": "skull2",
				"parent": "upperBodyPart2",
				"pivot": [-9, 18, 0.5],
				"cubes": [
					{"origin": [-13, 18, -4], "size": [6, 6, 6], "uv": [32, 0]}
				]
			},
			{
				"name": "skull3",
				"parent": "upperBodyPart2",
				"pivot": [9, 18, 0.5],
				"cubes": [
					{"origin": [6, 18, -4], "size": [6, 6, 6], "uv": [32, 0]}
				]
			}
		]
	}
}
