{
	"format_version": "1.10.0",
	"geometry.the_ws1": {
		"texturewidth": 64,
		"textureheight": 96,
		"visible_bounds_width": 3,
		"visible_bounds_height": 4,
		"visible_bounds_offset": [0, 2, 0],
		"bones": [
			{
				"name": "upperBodyPart1",
				"pivot": [0, 0, 0],
				"cubes": [
					{"origin": [-10.5, 17.1, -0.5], "size": [20, 3, 3], "uv": [0, 16]}
				]
			},
			{
				"name": "upperBodyPart2",
				"parent": "upperBodyPart1",
				"pivot": [-2, 17.1, -0.5],
				"cubes": [
					{"origin": [-2, 7.1, -0.5], "size": [3, 10, 3], "uv": [0, 22]},
					{"origin": [-8.5, 4.1, -11.5], "size": [16, 16, 16], "uv": [0, 64], "inflate": -4},
					{"origin": [-6, 13.6, 0], "size": [11, 2, 2], "uv": [24, 22]},
					{"origin": [-6, 13.6, -5], "size": [2, 2, 7], "uv": [24, 17]},
					{"origin": [-6, 13.6, -8], "size": [3, 2, 7], "uv": [24, 17]},
					{"origin": [3, 13.6, -5], "size": [2, 2, 7], "uv": [24, 17]},
					{"origin": [2, 13.6, -8], "size": [3, 2, 7], "uv": [24, 17]},
					{"origin": [3, 11.1, -5], "size": [2, 2, 7], "uv": [24, 17]},
					{"origin": [2, 11.1, -8], "size": [3, 2, 7], "uv": [24, 17]},
					{"origin": [-6, 11.1, -5], "size": [2, 2, 7], "uv": [24, 17]},
					{"origin": [-6, 11.1, -8], "size": [3, 2, 7], "uv": [24, 17]},
					{"origin": [-6, 8.6, -5], "size": [2, 2, 7], "uv": [24, 17]},
					{"origin": [-6, 8.6, -8], "size": [3, 2, 7], "uv": [24, 17]},
					{"origin": [3, 8.6, -5], "size": [2, 2, 7], "uv": [24, 17]},
					{"origin": [2, 8.6, -8], "size": [3, 2, 7], "uv": [24, 17]},
					{"origin": [-6, 11.1, 0], "size": [11, 2, 2], "uv": [24, 22]},
					{"origin": [-6, 8.6, 0], "size": [11, 2, 2], "uv": [24, 22]}
				]
			},
			{
				"name": "body3",
				"parent": "upperBodyPart2",
				"pivot": [0, 6, -1],
				"rotation": [37.5, 0, 0],
				"cubes": [
					{"origin": [-2, 0.75, 0.25], "size": [3, 6, 3], "uv": [12, 22]}
				]
			},
			{
				"name": "body4",
				"parent": "body3",
				"pivot": [0, 2.82659, -3.43505],
				"rotation": [37.5, 0, 0],
				"cubes": [
					{"origin": [-2, -4.62976, -1.63127], "size": [3, 4, 3], "uv": [12, 22]}
				]
			},
			{
				"name": "body5",
				"parent": "body4",
				"pivot": [0, -2.59728, -1.29456],
				"rotation": [75, 0, 0]
			},
			{
				"name": "body2",
				"parent": "body4",
				"pivot": [0, -5.20724, -4.1061],
				"rotation": [55, 0, 0],
				"cubes": [
					{"origin": [-2, -10.95, -2.30232], "size": [3, 4, 3], "uv": [12, 22]}
				]
			},
			{
				"name": "body6",
				"parent": "body2",
				"pivot": [0, -10.63111, -1.96561],
				"rotation": [75, 0, 0]
			},
			{
				"name": "skull1",
				"parent": "upperBodyPart2",
				"pivot": [-0.5, 20, 1],
				"cubes": [
					{"origin": [-4.5, 20, -4], "size": [8, 8, 8], "uv": [0, 0]}
				]
			},
			{
				"name": "skull2",
				"parent": "upperBodyPart2",
				"pivot": [-9, 18, 0.5],
				"cubes": [
					{"origin": [-13, 18, -4], "size": [6, 6, 6], "uv": [32, 0]}
				]
			},
			{
				"name": "skull3",
				"parent": "upperBodyPart2",
				"pivot": [9, 18, 0.5],
				"cubes": [
					{"origin": [6, 18, -4], "size": [6, 6, 6], "uv": [32, 0]}
				]
			},
			{
				"name": "head1",
				"parent": "upperBodyPart1",
				"pivot": [0, 20, 0]
			},
			{
				"name": "head2",
				"parent": "upperBodyPart1",
				"pivot": [-9, 18, -1]
			},
			{
				"name": "head3",
				"parent": "upperBodyPart1",
				"pivot": [9, 18, -1]
			}
		]
	}
}