{
	"format_version": "1.12.0",
	"minecraft:geometry": [
		{
			"description": {
				"identifier": "geometry.the_ws_skull",
				"texture_width": 64,
				"texture_height": 96,
				"visible_bounds_width": 3,
				"visible_bounds_height": 1.5,
				"visible_bounds_offset": [0, 0.25, 0]
			},
			"bones": [
				{
					"name": "body",
					"pivot": [0, 0, 0],
					"cubes": [
						{"origin": [-4, 0, -4], "size": [8, 8, 8], "uv": [0, 35]}
					]
				},
				{
					"name": "spike",
					"parent": "body",
					"pivot": [0, 0, 0],
					"cubes": [
						{"origin": [1, 1, 1], "size": [2, 2, 6], "uv": [8, 36]},
						{"origin": [1, 1, 3], "size": [2, 2, 6], "inflate": -0.25, "uv": [8, 36]},
						{"origin": [1, 1, 5], "size": [2, 2, 6], "inflate": -0.35, "uv": [8, 36]},
						{"origin": [1, 1, 7], "size": [2, 2, 5], "inflate": -0.45, "uv": [8, 36]},
						{"origin": [1, 1, 8], "size": [2, 2, 5], "inflate": -0.65, "uv": [8, 36]}
					]
				},
				{
					"name": "spike9",
					"parent": "body",
					"pivot": [0, 2, -2],
					"rotation": [0, 17.5, 0],
					"cubes": [
						{"origin": [1, 3, -1], "size": [2, 2, 6], "uv": [8, 35]},
						{"origin": [1, 3, 1], "size": [2, 2, 6], "inflate": -0.25, "uv": [8, 35]},
						{"origin": [1, 3, 3], "size": [2, 2, 6], "inflate": -0.35, "uv": [8, 35]},
						{"origin": [1, 3, 5], "size": [2, 2, 5], "inflate": -0.45, "uv": [8, 35]},
						{"origin": [1, 3, 6], "size": [2, 2, 5], "inflate": -0.65, "uv": [8, 35]}
					]
				},
				{
					"name": "spike10",
					"parent": "body",
					"pivot": [-3, 2, -3],
					"rotation": [0, -20, 0],
					"cubes": [
						{"origin": [-2, 3, -2], "size": [2, 2, 6], "uv": [8, 36]},
						{"origin": [-2, 3, 0], "size": [2, 2, 6], "inflate": -0.25, "uv": [8, 36]},
						{"origin": [-2, 3, 2], "size": [2, 2, 6], "inflate": -0.35, "uv": [8, 36]},
						{"origin": [-2, 3, 4], "size": [2, 2, 5], "inflate": -0.45, "uv": [8, 36]},
						{"origin": [-2, 3, 5], "size": [2, 2, 5], "inflate": -0.65, "uv": [8, 36]}
					]
				},
				{
					"name": "spike2",
					"parent": "body",
					"pivot": [-4, 1, 0],
					"cubes": [
						{"origin": [-3, 2, 1], "size": [2, 2, 6], "uv": [8, 36]},
						{"origin": [-3, 2, 3], "size": [2, 2, 6], "inflate": -0.25, "uv": [8, 36]},
						{"origin": [-3, 2, 5], "size": [2, 2, 6], "inflate": -0.35, "uv": [8, 36]},
						{"origin": [-3, 2, 7], "size": [2, 2, 5], "inflate": -0.45, "uv": [8, 36]},
						{"origin": [-3, 2, 8], "size": [2, 2, 5], "inflate": -0.65, "uv": [8, 36]}
					]
				},
				{
					"name": "spike3",
					"parent": "body",
					"pivot": [-2, 2, 0],
					"cubes": [
						{"origin": [-1, 3, 1], "size": [2, 2, 6], "uv": [8, 36]},
						{"origin": [-1, 3, 3], "size": [2, 2, 6], "inflate": -0.25, "uv": [8, 36]},
						{"origin": [-1, 3, 5], "size": [2, 2, 6], "inflate": -0.35, "uv": [8, 36]},
						{"origin": [-1, 3, 7], "size": [2, 2, 5], "inflate": -0.45, "uv": [8, 36]},
						{"origin": [-1, 3, 8], "size": [2, 2, 5], "inflate": -0.65, "uv": [8, 36]}
					]
				},
				{
					"name": "spike4",
					"parent": "body",
					"pivot": [1, 2, 0],
					"cubes": [
						{"origin": [2, 3, 1], "size": [2, 2, 6], "uv": [8, 36]},
						{"origin": [2, 3, 3], "size": [2, 2, 6], "inflate": -0.25, "uv": [8, 36]},
						{"origin": [2, 3, 5], "size": [2, 2, 6], "inflate": -0.35, "uv": [8, 36]},
						{"origin": [2, 3, 7], "size": [2, 2, 5], "inflate": -0.45, "uv": [8, 36]},
						{"origin": [2, 3, 8], "size": [2, 2, 5], "inflate": -0.65, "uv": [8, 36]}
					]
				},
				{
					"name": "spike5",
					"parent": "body",
					"pivot": [-4, 3, 1],
					"cubes": [
						{"origin": [-3, 4, 2], "size": [2, 2, 6], "uv": [8, 36]},
						{"origin": [-3, 4, 4], "size": [2, 2, 6], "inflate": -0.25, "uv": [8, 36]},
						{"origin": [-3, 4, 6], "size": [2, 2, 6], "inflate": -0.35, "uv": [8, 36]},
						{"origin": [-3, 4, 8], "size": [2, 2, 5], "inflate": -0.45, "uv": [8, 36]},
						{"origin": [-3, 4, 9], "size": [2, 2, 5], "inflate": -0.65, "uv": [8, 36]}
					]
				},
				{
					"name": "spike6",
					"parent": "body",
					"pivot": [-2, 4, 2],
					"cubes": [
						{"origin": [-1, 5, 3], "size": [2, 2, 6], "uv": [8, 36]},
						{"origin": [-1, 5, 5], "size": [2, 2, 6], "inflate": -0.25, "uv": [8, 36]},
						{"origin": [-1, 5, 7], "size": [2, 2, 6], "inflate": -0.35, "uv": [8, 36]},
						{"origin": [-1, 5, 9], "size": [2, 2, 5], "inflate": -0.45, "uv": [8, 36]},
						{"origin": [-1, 5, 10], "size": [2, 2, 5], "inflate": -0.65, "uv": [8, 36]}
					]
				},
				{
					"name": "spike7",
					"parent": "body",
					"pivot": [0, 3, 2],
					"cubes": [
						{"origin": [1, 4, 3], "size": [2, 2, 6], "uv": [8, 36]},
						{"origin": [1, 4, 5], "size": [2, 2, 6], "inflate": -0.25, "uv": [8, 36]},
						{"origin": [1, 4, 7], "size": [2, 2, 6], "inflate": -0.35, "uv": [8, 36]},
						{"origin": [1, 4, 9], "size": [2, 2, 5], "inflate": -0.45, "uv": [8, 36]},
						{"origin": [1, 4, 10], "size": [2, 2, 5], "inflate": -0.65, "uv": [8, 36]}
					]
				},
				{
					"name": "spike8",
					"parent": "body",
					"pivot": [-4, -1, 1],
					"cubes": [
						{"origin": [-3, 0, 2], "size": [2, 2, 6], "uv": [8, 36]},
						{"origin": [-3, 0, 4], "size": [2, 2, 6], "inflate": -0.25, "uv": [8, 36]},
						{"origin": [-3, 0, 6], "size": [2, 2, 6], "inflate": -0.35, "uv": [8, 36]},
						{"origin": [-3, 0, 8], "size": [2, 2, 5], "inflate": -0.45, "uv": [8, 36]},
						{"origin": [-3, 0, 9], "size": [2, 2, 5], "inflate": -0.65, "uv": [8, 36]}
					]
				}
			]
		}
	]
}