{
	"format_version": "1.12.0",
	"minecraft:geometry": [
		{
			"description": {
				"identifier": "geometry.the_ws_last_form",
				"texture_width": 64,
				"texture_height": 96,
				"visible_bounds_width": 15,
				"visible_bounds_height": 17,
				"visible_bounds_offset": [0, 5.5, 0]
			},
			"bones": [
				{
					"name": "body",
					"pivot": [0, 15, 0],
					"cubes": [
						{"origin": [-2, 15, -2], "size": [5, 5, 5], "inflate": 5, "uv": [33, 53]},
						{"origin": [-3, 14, -2], "size": [5, 5, 5], "inflate": 5, "uv": [33, 53]},
						{"origin": [-4, 16, -2], "size": [5, 5, 5], "inflate": 5, "uv": [33, 53]},
						{"origin": [-4, 18, -2], "size": [5, 5, 5], "inflate": 5, "uv": [33, 53]},
						{"origin": [-6, 18, -2], "size": [5, 5, 5], "inflate": 5, "uv": [33, 53]},
						{"origin": [-6, 20, -2], "size": [5, 5, 5], "inflate": 5, "uv": [33, 53]},
						{"origin": [-2, 20, -2], "size": [5, 5, 5], "inflate": 5, "uv": [33, 53]},
						{"origin": [1, 20, -2], "size": [5, 5, 5], "inflate": 5, "uv": [33, 53]},
						{"origin": [3, 22, 0], "size": [5, 5, 5], "inflate": 5, "uv": [33, 53]},
						{"origin": [0, 18, -2], "size": [5, 5, 5], "inflate": 5, "uv": [33, 53]},
						{"origin": [2, 22, -2], "size": [5, 5, 5], "inflate": 5, "uv": [33, 53]},
						{"origin": [-2, 22, -2], "size": [5, 5, 5], "inflate": 5, "uv": [33, 53]},
						{"origin": [-5, 22, -2], "size": [5, 5, 5], "inflate": 5, "uv": [33, 53]},
						{"origin": [-7, 22, -2], "size": [5, 5, 5], "inflate": 5, "uv": [33, 53]},
						{"origin": [-7, 20, -2], "size": [5, 5, 5], "inflate": 5, "uv": [33, 53]},
						{"origin": [-8, 22, -2], "size": [5, 5, 5], "inflate": 5, "uv": [33, 53]},
						{"origin": [-9, 20, -2], "size": [5, 5, 5], "inflate": 5, "uv": [33, 53]},
						{"origin": [-8, 24, -2], "size": [5, 5, 5], "inflate": 5, "uv": [33, 53]},
						{"origin": [-6, 24, -2], "size": [5, 5, 5], "inflate": 5, "uv": [33, 53]},
						{"origin": [-3, 24, -2], "size": [5, 5, 5], "inflate": 5, "uv": [33, 53]},
						{"origin": [0, 24, -2], "size": [5, 5, 5], "inflate": 5, "uv": [33, 53]},
						{"origin": [0, 24, -3], "size": [5, 5, 5], "inflate": 5, "uv": [33, 53]},
						{"origin": [-3, 24, -4], "size": [5, 5, 5], "inflate": 5, "uv": [33, 53]},
						{"origin": [-3, 27, -3], "size": [5, 5, 5], "inflate": 5, "uv": [33, 53]},
						{"origin": [-7, 27, -4], "size": [5, 5, 5], "inflate": 5, "uv": [33, 53]},
						{"origin": [-7, 23, -4], "size": [5, 5, 5], "inflate": 5, "uv": [33, 53]},
						{"origin": [-3, 23, -4], "size": [5, 5, 5], "inflate": 5, "uv": [33, 53]},
						{"origin": [3, 24, -2], "size": [5, 5, 5], "inflate": 5, "uv": [33, 53]},
						{"origin": [2, 24, 0], "size": [5, 5, 5], "inflate": 5, "uv": [33, 53]},
						{"origin": [-1, 24, 0], "size": [5, 5, 5], "inflate": 5, "uv": [33, 53]},
						{"origin": [-2, 24, 1], "size": [5, 5, 5], "inflate": 5, "uv": [33, 53]},
						{"origin": [-4, 24, 2], "size": [5, 5, 5], "inflate": 5, "uv": [33, 53]},
						{"origin": [-7, 24, 3], "size": [5, 5, 5], "inflate": 5, "uv": [33, 53]},
						{"origin": [-7, 27, 0], "size": [5, 5, 5], "inflate": 5, "uv": [33, 53]},
						{"origin": [-7, 39, 4], "size": [5, 5, 5], "inflate": 5, "uv": [33, 53]},
						{"origin": [-7, 36, 7], "size": [5, 5, 5], "inflate": 5, "uv": [33, 53]},
						{"origin": [-11, 36, 5], "size": [5, 5, 5], "inflate": 5, "uv": [33, 53]},
						{"origin": [4, 36, 4], "size": [5, 5, 5], "inflate": 5, "uv": [33, 53]},
						{"origin": [10, 36, 3], "size": [5, 5, 5], "inflate": 5, "uv": [33, 53]},
						{"origin": [-7, 43, 1], "size": [5, 5, 5], "inflate": 5, "uv": [33, 53]},
						{"origin": [5, 43, 1], "size": [5, 5, 5], "inflate": 5, "uv": [33, 53]},
						{"origin": [10, 40, 1], "size": [5, 5, 5], "inflate": 5, "uv": [33, 53]},
						{"origin": [14, 37, 1], "size": [5, 5, 5], "inflate": 5, "uv": [33, 53]},
						{"origin": [-13, 37, 1], "size": [5, 5, 5], "inflate": 5, "uv": [33, 53]},
						{"origin": [-19, 37, 1], "size": [5, 5, 5], "inflate": 5, "uv": [33, 53]},
						{"origin": [-15, 40, 1], "size": [5, 5, 5], "inflate": 5, "uv": [33, 53]},
						{"origin": [-15, 42, 1], "size": [5, 5, 5], "inflate": 5, "uv": [33, 53]},
						{"origin": [-3, 27, 0], "size": [5, 5, 5], "inflate": 5, "uv": [33, 53]},
						{"origin": [0, 27, 0], "size": [5, 5, 5], "inflate": 5, "uv": [33, 53]},
						{"origin": [3, 27, 0], "size": [5, 5, 5], "inflate": 5, "uv": [33, 53]},
						{"origin": [5, 27, 0], "size": [5, 5, 5], "inflate": 5, "uv": [33, 53]},
						{"origin": [5, 27, -1], "size": [5, 5, 5], "inflate": 5, "uv": [33, 53]},
						{"origin": [1, 27, -2], "size": [5, 5, 5], "inflate": 5, "uv": [33, 53]},
						{"origin": [1, 29, -2], "size": [5, 5, 5], "inflate": 5, "uv": [33, 53]},
						{"origin": [3, 29, -2], "size": [5, 5, 5], "inflate": 5, "uv": [33, 53]},
						{"origin": [-3, 29, -2], "size": [5, 5, 5], "inflate": 5, "uv": [33, 53]},
						{"origin": [-6, 29, -2], "size": [5, 5, 5], "inflate": 5, "uv": [33, 53]},
						{"origin": [-9, 29, -2], "size": [5, 5, 5], "inflate": 5, "uv": [33, 53]},
						{"origin": [-9, 29, 1], "size": [5, 5, 5], "inflate": 5, "uv": [33, 53]},
						{"origin": [-11, 26, 1], "size": [5, 5, 5], "inflate": 5, "uv": [33, 53]},
						{"origin": [-10, 23, 1], "size": [5, 5, 5], "inflate": 5, "uv": [33, 53]},
						{"origin": [-9, 20, 1], "size": [5, 5, 5], "inflate": 5, "uv": [33, 53]},
						{"origin": [0, 30, 0], "size": [5, 5, 5], "inflate": 5, "uv": [33, 53]},
						{"origin": [7, 32, 0], "size": [5, 5, 5], "inflate": 5, "uv": [33, 53]},
						{"origin": [1, 35, 0], "size": [5, 5, 5], "inflate": 5, "uv": [33, 53]},
						{"origin": [-5, 34, 0], "size": [5, 5, 5], "inflate": 5, "uv": [33, 53]},
						{"origin": [-5, 37, 0], "size": [5, 5, 5], "inflate": 5, "uv": [33, 53]},
						{"origin": [0, 41, 0], "size": [5, 5, 5], "inflate": 5, "uv": [33, 53]},
						{"origin": [-3, 69, 24], "size": [5, 5, 5], "inflate": 25, "uv": [33, 53]},
						{"origin": [-6, 74, 21], "size": [5, 5, 5], "inflate": 25, "uv": [33, 53]},
						{"origin": [1, 80, 21], "size": [5, 5, 5], "inflate": 25, "uv": [33, 53]},
						{"origin": [1, 83, 21], "size": [5, 5, 5], "inflate": 25, "uv": [33, 53]},
						{"origin": [4, 83, 21], "size": [5, 5, 5], "inflate": 25, "uv": [33, 53]},
						{"origin": [-8, 88, 24], "size": [5, 5, 5], "inflate": 25, "uv": [33, 53]},
						{"origin": [-8, 93, 24], "size": [5, 5, 5], "inflate": 25, "uv": [33, 53]},
						{"origin": [9, 95, 29], "size": [5, 5, 5], "inflate": 25, "uv": [33, 53]},
						{"origin": [-3, 101, 34], "size": [5, 5, 5], "inflate": 25, "uv": [33, 53]},
						{"origin": [-13, 108, 34], "size": [5, 5, 5], "inflate": 25, "uv": [33, 53]},
						{"origin": [0, 122, 34], "size": [5, 5, 5], "inflate": 35, "uv": [33, 53]},
						{"origin": [8, 130, 34], "size": [5, 5, 5], "inflate": 35, "uv": [33, 53]},
						{"origin": [-9, 136, 42], "size": [5, 5, 5], "inflate": 35, "uv": [33, 53]},
						{"origin": [-9, 150, 52], "size": [5, 5, 5], "inflate": 35, "uv": [33, 53]},
						{"origin": [10, 150, 60], "size": [5, 5, 5], "inflate": 35, "uv": [33, 53]},
						{"origin": [-1, 150, 66], "size": [5, 5, 5], "inflate": 35, "uv": [33, 53]},
						{"origin": [-1, 159, 57], "size": [5, 5, 5], "inflate": 35, "uv": [33, 53]},
						{"origin": [16, 145, 42], "size": [5, 5, 5], "inflate": 35, "uv": [33, 53]},
						{"origin": [-19, 149, 42], "size": [5, 5, 5], "inflate": 35, "uv": [33, 53]},
						{"origin": [21, 155, 42], "size": [5, 5, 5], "inflate": 35, "uv": [33, 53]},
						{"origin": [-24, 155, 42], "size": [5, 5, 5], "inflate": 35, "uv": [33, 53]},
						{"origin": [-33, 155, 42], "size": [5, 5, 5], "inflate": 35, "uv": [33, 53]},
						{"origin": [29, 155, 42], "size": [5, 5, 5], "inflate": 35, "uv": [33, 53]},
						{"origin": [39, 155, 42], "size": [5, 5, 5], "inflate": 35, "uv": [33, 53]},
						{"origin": [-47, 155, 42], "size": [5, 5, 5], "inflate": 35, "uv": [33, 53]},
						{"origin": [-34, 150, 42], "size": [5, 5, 5], "inflate": 35, "uv": [33, 53]},
						{"origin": [31, 150, 42], "size": [5, 5, 5], "inflate": 35, "uv": [33, 53]},
						{"origin": [16, 158, 42], "size": [5, 5, 5], "inflate": 35, "uv": [33, 53]},
						{"origin": [-23, 158, 42], "size": [5, 5, 5], "inflate": 35, "uv": [33, 53]},
						{"origin": [9, 162, 42], "size": [5, 5, 5], "inflate": 35, "uv": [33, 53]},
						{"origin": [-11, 167, 42], "size": [5, 5, 5], "inflate": 35, "uv": [33, 53]},
						{"origin": [1, 105, 34], "size": [5, 5, 5], "inflate": 25, "uv": [33, 53]},
						{"origin": [9, 112, 34], "size": [5, 5, 5], "inflate": 25, "uv": [33, 53]},
						{"origin": [-3, 66, 22], "size": [5, 5, 3], "inflate": 25, "uv": [33, 53]},
						{"origin": [-3, 59, 17], "size": [5, 5, 5], "inflate": 20, "uv": [33, 53]},
						{"origin": [-3, 45, 10], "size": [5, 5, 5], "inflate": 10, "uv": [33, 53]},
						{"origin": [-6, 44, 0], "size": [5, 5, 5], "inflate": 5, "uv": [33, 53]},
						{"origin": [-10, 40, 0], "size": [5, 5, 5], "inflate": 5, "uv": [33, 53]},
						{"origin": [-10, 35, 0], "size": [5, 5, 5], "inflate": 5, "uv": [33, 53]},
						{"origin": [4, 35, 0], "size": [5, 5, 5], "inflate": 5, "uv": [33, 53]},
						{"origin": [-11, 31, 0], "size": [5, 5, 5], "inflate": 5, "uv": [33, 53]},
						{"origin": [-13, 31, 0], "size": [5, 5, 5], "inflate": 5, "uv": [33, 53]},
						{"origin": [-16, 27, 0], "size": [5, 5, 5], "inflate": 5, "uv": [33, 53]},
						{"origin": [9, 27, 0], "size": [5, 5, 5], "inflate": 5, "uv": [33, 53]},
						{"origin": [-3, 30, 0], "size": [5, 5, 5], "inflate": 5, "uv": [33, 53]},
						{"origin": [-7, 30, 0], "size": [5, 5, 5], "inflate": 5, "uv": [33, 53]},
						{"origin": [-6, 16, 0], "size": [5, 5, 5], "inflate": 5, "uv": [33, 53]},
						{"origin": [-7, 19, 0], "size": [5, 5, 5], "inflate": 5, "uv": [33, 53]},
						{"origin": [-7, 19, 2], "size": [5, 5, 5], "inflate": 5, "uv": [33, 53]},
						{"origin": [-4, 19, 2], "size": [5, 5, 5], "inflate": 5, "uv": [33, 53]},
						{"origin": [0, 19, 2], "size": [5, 5, 5], "inflate": 5, "uv": [33, 53]},
						{"origin": [0, 22, 1], "size": [5, 5, 5], "inflate": 5, "uv": [33, 53]},
						{"origin": [-1, 17, -2], "size": [5, 5, 5], "inflate": 5, "uv": [33, 53]},
						{"origin": [-3, 11, -2], "size": [5, 5, 5], "inflate": 5, "uv": [33, 53]},
						{"origin": [-3, 8, -2], "size": [5, 5, 5], "inflate": 1, "uv": [33, 53]},
						{"origin": [-3, 5, -2], "size": [6, 5, 5], "inflate": 3, "uv": [33, 53]},
						{"origin": [-3, 3, -2], "size": [5, 5, 5], "inflate": 2, "uv": [33, 53]},
						{"origin": [-3, -3, -2], "size": [5, 5, 5], "inflate": 1, "pivot": [-1, -3, 0], "rotation": [0, 2.5, 0], "uv": [33, 53]},
						{"origin": [-3, -7, -2], "size": [5, 5, 5], "inflate": -0.35, "uv": [33, 53]},
						{"origin": [-3, -8, -2], "size": [5, 5, 5], "inflate": -5, "uv": [33, 53]},
						{"origin": [-3, -11, -2], "size": [5, 5, 5], "inflate": -4.5, "uv": [33, 53]},
						{"origin": [-3, -14, -2], "size": [5, 5, 5], "inflate": -4, "uv": [33, 53]},
						{"origin": [-3, -16, -2], "size": [5, 5, 5], "inflate": -4, "uv": [33, 53]},
						{"origin": [-3, -18, -2], "size": [5, 5, 5], "inflate": -4, "uv": [33, 53]},
						{"origin": [-3, -20, -2], "size": [5, 5, 5], "inflate": -3.5, "uv": [33, 53]},
						{"origin": [-3, -11, -2], "size": [5, 8, 5], "inflate": -5, "uv": [43, 51]}
					],
					"locators": {
						"locator": [0, 15, 0]
					}
				},
				{
					"name": "head",
					"pivot": [0, 27, -9],
					"cubes": [
						{"origin": [-5, 28, -15], "size": [8, 1, 7], "uv": [33, 27]},
						{"origin": [-4, 28, -16], "size": [6, 1, 8], "uv": [34, 26]},
						{"origin": [-5, 28, -16], "size": [3, 4, 8], "uv": [34, 26]},
						{"origin": [0, 28, -16], "size": [3, 4, 8], "uv": [34, 26]},
						{"origin": [-2, 29, -16], "size": [2, 2, 8], "uv": [44, 38]},
						{"origin": [-5, 31, -16], "size": [8, 1, 8], "uv": [34, 26]},
						{"origin": [-4, 32, -15], "size": [6, 1, 6], "uv": [34, 26]},
						{"origin": [-5, 26, -9], "size": [8, 5, 1], "uv": [39, 54]},
						{"origin": [-4, 27, -16], "size": [1, 1, 1], "uv": [10, 49]},
						{"origin": [1, 27, -16], "size": [1, 1, 1], "uv": [10, 49]},
						{"origin": [2, 27, -15], "size": [1, 1, 1], "uv": [10, 49]},
						{"origin": [2, 27, -13], "size": [1, 1, 1], "uv": [10, 49]},
						{"origin": [2, 27, -11], "size": [1, 1, 1], "uv": [10, 49]},
						{"origin": [-5, 27, -11], "size": [1, 1, 1], "uv": [10, 49]},
						{"origin": [-5, 27, -13], "size": [1, 1, 1], "uv": [10, 49]},
						{"origin": [-5, 27, -15], "size": [1, 1, 1], "uv": [10, 49]},
						{"origin": [-0.5, 27, -16], "size": [1, 1, 1], "uv": [10, 49]},
						{"origin": [-2.5, 27, -16], "size": [1, 1, 1], "uv": [10, 49]}
					]
				},
				{
					"name": "hed",
					"parent": "head",
					"pivot": [0, 24, -9],
					"cubes": [
						{"origin": [-4, 24, -16], "size": [6, 1, 8], "uv": [32, 26]},
						{"origin": [-5, 24, -15], "size": [8, 1, 7], "uv": [33, 28]},
						{"origin": [2, 25, -11], "size": [1, 1, 1], "uv": [10, 49]},
						{"origin": [2, 25, -13], "size": [1, 1, 1], "uv": [10, 49]},
						{"origin": [2, 25, -15], "size": [1, 1, 1], "uv": [10, 49]},
						{"origin": [1, 25, -16], "size": [1, 1, 1], "uv": [10, 49]},
						{"origin": [-4, 25, -16], "size": [1, 1, 1], "uv": [10, 49]},
						{"origin": [-2.5, 25, -16], "size": [1, 1, 1], "uv": [10, 49]},
						{"origin": [-0.5, 25, -16], "size": [1, 1, 1], "uv": [10, 49]},
						{"origin": [-5, 25, -15], "size": [1, 1, 1], "uv": [10, 49]},
						{"origin": [-5, 25, -13], "size": [1, 1, 1], "uv": [10, 49]},
						{"origin": [-5, 25, -11], "size": [1, 1, 1], "uv": [10, 49]}
					]
				},
				{
					"name": "head2",
					"pivot": [-18, 35, -5],
					"cubes": [
						{"origin": [-23, 36, -11], "size": [8, 1, 7], "uv": [33, 27]},
						{"origin": [-22, 36, -12], "size": [6, 1, 8], "uv": [34, 26]},
						{"origin": [-23, 36, -12], "size": [3, 4, 8], "uv": [34, 26]},
						{"origin": [-18, 36, -12], "size": [3, 4, 8], "uv": [34, 26]},
						{"origin": [-20, 37, -12], "size": [2, 2, 8], "uv": [44, 38]},
						{"origin": [-23, 39, -12], "size": [8, 1, 8], "uv": [34, 26]},
						{"origin": [-22, 40, -11], "size": [6, 1, 6], "uv": [34, 26]},
						{"origin": [-23, 34, -5], "size": [8, 5, 1], "uv": [39, 54]},
						{"origin": [-22, 35, -12], "size": [1, 1, 1], "uv": [10, 49]},
						{"origin": [-17, 35, -12], "size": [1, 1, 1], "uv": [10, 49]},
						{"origin": [-16, 35, -11], "size": [1, 1, 1], "uv": [10, 49]},
						{"origin": [-16, 35, -9], "size": [1, 1, 1], "uv": [10, 49]},
						{"origin": [-16, 35, -7], "size": [1, 1, 1], "uv": [10, 49]},
						{"origin": [-23, 35, -7], "size": [1, 1, 1], "uv": [10, 49]},
						{"origin": [-23, 35, -9], "size": [1, 1, 1], "uv": [10, 49]},
						{"origin": [-23, 35, -11], "size": [1, 1, 1], "uv": [10, 49]},
						{"origin": [-18.5, 35, -12], "size": [1, 1, 1], "uv": [10, 49]},
						{"origin": [-20.5, 35, -12], "size": [1, 1, 1], "uv": [10, 49]}
					]
				},
				{
					"name": "hed3",
					"parent": "head2",
					"pivot": [-18, 32, -5],
					"cubes": [
						{"origin": [-22, 32, -12], "size": [6, 1, 8], "uv": [32, 26]},
						{"origin": [-23, 32, -11], "size": [8, 1, 7], "uv": [33, 28]},
						{"origin": [-16, 33, -7], "size": [1, 1, 1], "uv": [10, 49]},
						{"origin": [-16, 33, -9], "size": [1, 1, 1], "uv": [10, 49]},
						{"origin": [-16, 33, -11], "size": [1, 1, 1], "uv": [10, 49]},
						{"origin": [-17, 33, -12], "size": [1, 1, 1], "uv": [10, 49]},
						{"origin": [-22, 33, -12], "size": [1, 1, 1], "uv": [10, 49]},
						{"origin": [-20.5, 33, -12], "size": [1, 1, 1], "uv": [10, 49]},
						{"origin": [-18.5, 33, -12], "size": [1, 1, 1], "uv": [10, 49]},
						{"origin": [-23, 33, -11], "size": [1, 1, 1], "uv": [10, 49]},
						{"origin": [-23, 33, -9], "size": [1, 1, 1], "uv": [10, 49]},
						{"origin": [-23, 33, -7], "size": [1, 1, 1], "uv": [10, 49]}
					]
				},
				{
					"name": "head3",
					"pivot": [18, 35, -5],
					"cubes": [
						{"origin": [13, 36, -11], "size": [8, 1, 7], "uv": [33, 27]},
						{"origin": [14, 36, -12], "size": [6, 1, 8], "uv": [34, 26]},
						{"origin": [13, 36, -12], "size": [3, 4, 8], "uv": [34, 26]},
						{"origin": [18, 36, -12], "size": [3, 4, 8], "uv": [34, 26]},
						{"origin": [16, 37, -12], "size": [2, 2, 8], "uv": [44, 38]},
						{"origin": [13, 39, -12], "size": [8, 1, 8], "uv": [34, 26]},
						{"origin": [14, 40, -11], "size": [6, 1, 6], "uv": [34, 26]},
						{"origin": [13, 34, -5], "size": [8, 5, 1], "uv": [39, 54]},
						{"origin": [14, 35, -12], "size": [1, 1, 1], "uv": [10, 49]},
						{"origin": [19, 35, -12], "size": [1, 1, 1], "uv": [10, 49]},
						{"origin": [20, 35, -11], "size": [1, 1, 1], "uv": [10, 49]},
						{"origin": [20, 35, -9], "size": [1, 1, 1], "uv": [10, 49]},
						{"origin": [20, 35, -7], "size": [1, 1, 1], "uv": [10, 49]},
						{"origin": [13, 35, -7], "size": [1, 1, 1], "uv": [10, 49]},
						{"origin": [13, 35, -9], "size": [1, 1, 1], "uv": [10, 49]},
						{"origin": [13, 35, -11], "size": [1, 1, 1], "uv": [10, 49]},
						{"origin": [17.5, 35, -12], "size": [1, 1, 1], "uv": [10, 49]},
						{"origin": [15.5, 35, -12], "size": [1, 1, 1], "uv": [10, 49]}
					]
				},
				{
					"name": "hed2",
					"parent": "head3",
					"pivot": [18, 32, -5],
					"cubes": [
						{"origin": [14, 32, -12], "size": [6, 1, 8], "uv": [32, 26]},
						{"origin": [13, 32, -11], "size": [8, 1, 7], "uv": [33, 28]},
						{"origin": [20, 33, -7], "size": [1, 1, 1], "uv": [10, 49]},
						{"origin": [20, 33, -9], "size": [1, 1, 1], "uv": [10, 49]},
						{"origin": [20, 33, -11], "size": [1, 1, 1], "uv": [10, 49]},
						{"origin": [19, 33, -12], "size": [1, 1, 1], "uv": [10, 49]},
						{"origin": [14, 33, -12], "size": [1, 1, 1], "uv": [10, 49]},
						{"origin": [15.5, 33, -12], "size": [1, 1, 1], "uv": [10, 49]},
						{"origin": [17.5, 33, -12], "size": [1, 1, 1], "uv": [10, 49]},
						{"origin": [13, 33, -11], "size": [1, 1, 1], "uv": [10, 49]},
						{"origin": [13, 33, -9], "size": [1, 1, 1], "uv": [10, 49]},
						{"origin": [13, 33, -7], "size": [1, 1, 1], "uv": [10, 49]}
					]
				},
				{
					"name": "tentacle",
					"pivot": [0, 13, 0],
					"rotation": [0, -32.5, -22.5],
					"cubes": [
						{"origin": [-45, 13, 0], "size": [45, 1, 1], "inflate": 2, "uv": [0, 57]}
					]
				},
				{
					"name": "tentacle2",
					"parent": "tentacle",
					"pivot": [-46.32476, 13, -0.1301],
					"rotation": [0, -25, 0],
					"cubes": [
						{"origin": [-77.32476, 13, -0.1301], "size": [31, 1, 1], "inflate": 1.5, "uv": [0, 57]}
					]
				},
				{
					"name": "tentacle3",
					"parent": "tentacle2",
					"pivot": [-78.10172, 13, -0.60403],
					"rotation": [0, -32.5, 0],
					"cubes": [
						{"origin": [-95.10172, 13, -0.60403], "size": [17, 1, 1], "inflate": 1, "uv": [0, 57]}
					]
				},
				{
					"name": "tentacle4",
					"parent": "tentacle3",
					"pivot": [-94.81648, 13, -0.62405],
					"rotation": [0, -42.5, 0],
					"cubes": [
						{"origin": [-104.81648, 13, -0.62405], "size": [10, 1, 1], "inflate": 0.5, "uv": [0, 57]}
					]
				},
				{
					"name": "tentacle5",
					"pivot": [0, 13, 0],
					"rotation": [0, -150, 0],
					"cubes": [
						{"origin": [-45, 13, 0], "size": [45, 1, 1], "inflate": 2, "uv": [0, 57]}
					]
				},
				{
					"name": "tentacle6",
					"parent": "tentacle5",
					"pivot": [-46.32476, 13, -0.1301],
					"rotation": [0, 32.5, 0],
					"cubes": [
						{"origin": [-77.32476, 13, -0.1301], "size": [31, 1, 1], "inflate": 1.5, "uv": [0, 57]}
					]
				},
				{
					"name": "tentacle7",
					"parent": "tentacle6",
					"pivot": [-78.10172, 13, -0.60403],
					"rotation": [0, 30, 0],
					"cubes": [
						{"origin": [-95.10172, 13, -0.60403], "size": [17, 1, 1], "inflate": 1, "uv": [0, 57]}
					]
				},
				{
					"name": "tentacle8",
					"parent": "tentacle7",
					"pivot": [-96.22531, 13, -0.74731],
					"rotation": [0, 27.5, 0],
					"cubes": [
						{"origin": [-106.22531, 13, -0.74731], "size": [10, 1, 1], "inflate": 0.5, "uv": [0, 57]}
					]
				},
				{
					"name": "tentacle9",
					"pivot": [0, 13, 0],
					"rotation": [0, 132.5, -25],
					"cubes": [
						{"origin": [-45, 13, 0], "size": [45, 1, 1], "inflate": 2, "uv": [0, 57]}
					]
				},
				{
					"name": "tentacle10",
					"parent": "tentacle9",
					"pivot": [-46.32476, 13, -0.1301],
					"rotation": [0, -17.5, 0],
					"cubes": [
						{"origin": [-77.32476, 13, -0.1301], "size": [31, 1, 1], "inflate": 1.5, "uv": [0, 57]}
					]
				},
				{
					"name": "tentacle11",
					"parent": "tentacle10",
					"pivot": [-78.10172, 13, -0.60403],
					"rotation": [0, -15, 0],
					"cubes": [
						{"origin": [-95.10172, 13, -0.60403], "size": [17, 1, 1], "inflate": 1, "uv": [0, 57]}
					]
				},
				{
					"name": "tentacle12",
					"parent": "tentacle11",
					"pivot": [-96.22531, 13, -0.74731],
					"rotation": [0, -17.5, 0],
					"cubes": [
						{"origin": [-106.22531, 13, -0.74731], "size": [10, 1, 1], "inflate": 0.5, "uv": [0, 57]}
					]
				},
				{
					"name": "tentacle13",
					"pivot": [0, 13, 0],
					"rotation": [22.5, 42.5, 47.5],
					"cubes": [
						{"origin": [-45, 13, 0], "size": [45, 1, 1], "inflate": 2, "uv": [0, 57]}
					]
				},
				{
					"name": "tentacle14",
					"parent": "tentacle13",
					"pivot": [-46.32476, 13, -0.1301],
					"rotation": [0, -17.5, 0],
					"cubes": [
						{"origin": [-77.32476, 13, -0.1301], "size": [31, 1, 1], "inflate": 1.5, "uv": [0, 57]}
					]
				},
				{
					"name": "tentacle15",
					"parent": "tentacle14",
					"pivot": [-78.10172, 13, -0.60403],
					"rotation": [0, -15, 0],
					"cubes": [
						{"origin": [-95.10172, 13, -0.60403], "size": [17, 1, 1], "inflate": 1, "uv": [0, 57]}
					]
				},
				{
					"name": "tentacle16",
					"parent": "tentacle15",
					"pivot": [-96.22531, 13, -0.74731],
					"rotation": [0, -17.5, 0],
					"cubes": [
						{"origin": [-106.22531, 13, -0.74731], "size": [10, 1, 1], "inflate": 0.5, "uv": [0, 57]}
					]
				},
				{
					"name": "tentacle17",
					"pivot": [0, 13, 0],
					"rotation": [-42.5, -162.5, -180],
					"cubes": [
						{"origin": [-45, 13, 0], "size": [45, 1, 1], "inflate": 2, "uv": [0, 57]}
					]
				},
				{
					"name": "tentacle18",
					"parent": "tentacle17",
					"pivot": [-46.32476, 13, -0.1301],
					"rotation": [0, -15, 0],
					"cubes": [
						{"origin": [-77.32476, 13, -0.1301], "size": [31, 1, 1], "inflate": 1.5, "uv": [0, 57]}
					]
				},
				{
					"name": "tentacle19",
					"parent": "tentacle18",
					"pivot": [-78.10172, 13, -0.60403],
					"rotation": [0, -15, 0],
					"cubes": [
						{"origin": [-95.10172, 13, -0.60403], "size": [17, 1, 1], "inflate": 1, "uv": [0, 57]}
					]
				},
				{
					"name": "tentacle20",
					"parent": "tentacle19",
					"pivot": [-96.22531, 13, -0.74731],
					"rotation": [0, -17.5, 0],
					"cubes": [
						{"origin": [-106.22531, 13, -0.74731], "size": [10, 1, 1], "inflate": 0.5, "uv": [0, 57]}
					]
				},
				{
					"name": "tentacle21",
					"pivot": [0, 13, 0],
					"rotation": [0, -170, -22.5],
					"cubes": [
						{"origin": [-45, 13, 0], "size": [45, 1, 1], "inflate": 2, "uv": [0, 57]}
					]
				},
				{
					"name": "tentacle22",
					"parent": "tentacle21",
					"pivot": [-46.32476, 13, -0.1301],
					"rotation": [0, -7.5, 0],
					"cubes": [
						{"origin": [-77.32476, 13, -0.1301], "size": [31, 1, 1], "inflate": 1.5, "uv": [0, 57]}
					]
				},
				{
					"name": "tentacle23",
					"parent": "tentacle22",
					"pivot": [-78.10172, 13, -0.60403],
					"rotation": [0, -20, 0],
					"cubes": [
						{"origin": [-95.10172, 13, -0.60403], "size": [17, 1, 1], "inflate": 1, "uv": [0, 57]}
					]
				},
				{
					"name": "tentacle24",
					"parent": "tentacle23",
					"pivot": [-96.22531, 13, -0.74731],
					"rotation": [0, -5, 0],
					"cubes": [
						{"origin": [-106.22531, 13, -0.74731], "size": [10, 1, 1], "inflate": 0.5, "uv": [0, 57]}
					]
				},
				{
					"name": "storm",
					"pivot": [0, 0, 0],
					"cubes": [
						{"origin": [-1, 18, -36], "size": [1, 1, 1], "inflate": 1, "uv": [35, 57]},
						{"origin": [-9, 18, -36], "size": [1, 1, 1], "inflate": 1, "uv": [35, 57]},
						{"origin": [19, 18, -36], "size": [1, 1, 1], "inflate": 1, "uv": [35, 57]},
						{"origin": [9, 18, -32], "size": [1, 1, 1], "inflate": 1, "uv": [35, 57]},
						{"origin": [28, 18, -32], "size": [1, 1, 1], "inflate": 1, "uv": [35, 57]},
						{"origin": [-24, 18, -32], "size": [1, 1, 1], "inflate": 1, "uv": [35, 57]},
						{"origin": [-30, 18, -27], "size": [1, 1, 1], "inflate": 1, "uv": [35, 57]},
						{"origin": [-37, 18, -19], "size": [1, 1, 1], "inflate": 1, "uv": [35, 57]},
						{"origin": [-40, 18, -13], "size": [1, 1, 1], "inflate": 1, "uv": [35, 57]},
						{"origin": [-40, 18, -6], "size": [1, 1, 1], "inflate": 1, "uv": [35, 57]},
						{"origin": [-42, 18, 4], "size": [1, 1, 1], "inflate": 1, "uv": [35, 57]},
						{"origin": [-42, 18, 15], "size": [1, 1, 1], "inflate": 1, "uv": [35, 57]},
						{"origin": [-37, 18, 21], "size": [1, 1, 1], "inflate": 1, "uv": [35, 57]},
						{"origin": [-31, 18, 25], "size": [1, 1, 1], "inflate": 1, "uv": [35, 57]},
						{"origin": [-23, 18, 30], "size": [1, 1, 1], "inflate": 1, "uv": [35, 57]},
						{"origin": [-15, 18, 30], "size": [1, 1, 1], "inflate": 1, "uv": [35, 57]},
						{"origin": [-8, 18, 30], "size": [1, 1, 1], "inflate": 1, "uv": [35, 57]},
						{"origin": [1, 18, 31], "size": [1, 1, 1], "inflate": 1, "uv": [35, 57]},
						{"origin": [12, 18, 31], "size": [1, 1, 1], "inflate": 1, "uv": [35, 57]},
						{"origin": [20, 18, 26], "size": [1, 1, 1], "inflate": 1, "uv": [35, 57]},
						{"origin": [33, 18, 26], "size": [1, 1, 1], "inflate": 1, "uv": [35, 57]},
						{"origin": [33, 18, 18], "size": [1, 1, 1], "inflate": 1, "uv": [35, 57]},
						{"origin": [37, 18, 14], "size": [1, 1, 1], "inflate": 1, "uv": [35, 57]},
						{"origin": [37, 18, 4], "size": [1, 1, 1], "inflate": 1, "uv": [35, 57]},
						{"origin": [37, 18, -4], "size": [1, 1, 1], "inflate": 1, "uv": [35, 57]},
						{"origin": [37, 18, -14], "size": [1, 1, 1], "inflate": 1, "uv": [35, 57]},
						{"origin": [37, 18, -25], "size": [1, 1, 1], "inflate": 1, "uv": [35, 57]},
						{"origin": [32, 18, -25], "size": [1, 1, 1], "inflate": 1, "uv": [35, 57]},
						{"origin": [-9, 18, -31], "size": [1, 1, 1], "inflate": 1, "uv": [35, 57]}
					]
				}
			]
		}
	]
}
