{
  "format_version": "1.10.0",
  "animation_controllers": {
    "controller.animation.hbstartstalk": {
      "states": {
        "default": {
          "transitions": [ { "walking": "(1.0)" } ],
          "on_entry": [ "/execute @a[tag=hbgs0,c=1] ~~~ execute @e[type=jt666:hbstartstalk] ~~~ summon jtartz:hbstalker" ]
        },
        "walking": {
          "transitions": [ { "default": "(1.0)" } ],
          "on_entry": [ "/execute @a[tag=hbgs0,c=1] ~~~ execute @e[type=jt666:hbstartstalk] ~~~ summon jtartz:hbstalker" ]
        }
      }
    }
  }
}
