{
  "format_version": "1.10.0",
  "animation_controllers": {
    "controller.animation.hbstare_ability": {
      "states": {
        "default": {
          "transitions": [
            {
              "walking": "(1.0)"
            }
          ],
          "on_entry": [
          	"/kill @a[r=2]",
          	"/function hbcurse/messages",
          	"/execute @s ~~~ detect ~~-1~ water 0 playsound dig.gravel @a ~~~ 1 1",
          	"/execute @s ~~~ detect ~~-1~ water 0 replaceitem entity @s slot.weapon.mainhand 1 dirt",
          	"/execute @s ~~~ detect ~~-1~ lava 0 playsound dig.gravel @a ~~~ 1 1",
          	"/execute @s ~~~ detect ~~-1~ lava 0 replaceitem entity @s slot.weapon.mainhand 1 dirt",
          	"/fill ~~-1~~~-1~ dirt 0 replace water",
          	"/fill ~~-1~~~-1~ dirt 0 replace lava",
          	"/tag @s add hbstare",
          	"/scoreboard objectives add forcelook dummy",
          	"/scoreboard objectives add starecount dummy",
          	"/scoreboard players add @s starecount 1",
          	"/execute @s[scores={starecount=130..}] ~~~ tp @s ~ -5 ~",
          	"/execute @s[scores={starecount=131..}] ~~~ effect @s invisibility 99999 255 true",
          	"/execute @s[scores={starecount=132..}] ~~~ kill @s",
          	"/scoreboard players random @s[scores={starecount=5}] forcelook 1 4",
          	"/execute @s[scores={forcelook=1}] ~~~ tag @s add hbforcelook",
            "/effect @s resistance 99999 255 true"




          ]
        },
        "walking": {
          "transitions": [
            {
              "default": "(1.0)"
            }
          ],
          "on_entry": [
          	"/kill @a[r=2]",
          	"/function hbcurse/messages",
          	"/execute @s ~~~ detect ~~-1~ water 0 playsound dig.gravel @a ~~~ 1 1",
          	"/execute @s ~~~ detect ~~-1~ water 0 replaceitem entity @s slot.weapon.mainhand 1 dirt",
          	"/execute @s ~~~ detect ~~-1~ lava 0 playsound dig.gravel @a ~~~ 1 1",
          	"/execute @s ~~~ detect ~~-1~ lava 0 replaceitem entity @s slot.weapon.mainhand 1 dirt",
          	"/fill ~~-1~~~-1~ dirt 0 replace water",
          	"/fill ~~-1~~~-1~ dirt 0 replace lava",
          	"/tag @s add hbstare",
          	"/scoreboard objectives add forcelook dummy",
          	"/scoreboard objectives add starecount dummy",
          	"/scoreboard players add @s starecount 1",
          	"/execute @s[scores={starecount=300..}] ~~~ tp @s ~ -5 ~",
          	"/execute @s[scores={starecount=301..}] ~~~ effect @s invisibility 99999 255 true",
          	"/execute @s[scores={starecount=302..}] ~~~ kill @s",
          	"/scoreboard players random @s[scores={starecount=5}] forcelook 1 4",
          	"/execute @s[scores={forcelook=1}] ~~~ tag @s add hbforcelook",
            "/effect @s resistance 99999 255 true"

          ]
        }
      }
    }
  }
}
