{
  "format_version": "1.10.0",
  "animation_controllers": {
    "controller.animation.hbscare_ability": {
      "states": {
        "default": {
          "transitions": [
            {
              "loop": "(1.0)"
            }
          ],
          "on_entry": [
          	"/function hbcurse/messages",
          	"/function hbcurse/gear",
          	"/gamemode 0 @a[r=6]",
          	"/scoreboard objectives add despawn dummy",
          	"/scoreboard players add @s despawn 1",
          	"/execute @s[scores={despawn=180..}] ~~~ tp @s ~ -5 ~",
          	"/execute @s[scores={despawn=181..}] ~~~ effect @s invisibility 9999 255 true",
          	"/execute @s[scores={despawn=182..}] ~~~ kill @s",
          	"/execute @s ~~~ detect ~~~ water 0 tp @s ^^^0.17 facing @p[m=s]",
          	"/execute @s ~~~ detect ~~~ water 0 tp @s ^^^0.17 facing @p[m=a]",
          	"/effect @a[r=0.8] nausea 15 50 true",
            "/effect @s resistance 99999 255 true"




          ]
        },
        "loop": {
          "transitions": [
            {
              "default": "(1.0)"
            }
          ],
          "on_entry": [
          	"/function hbcurse/messages",
          	"/function hbcurse/gear",
          	"/gamemode 0 @a[r=6]",
          	"/scoreboard objectives add despawn dummy",
          	"/scoreboard players add @s despawn 1",
          	"/execute @s[scores={despawn=180..}] ~~~ tp @s ~ -5 ~",
          	"/execute @s[scores={despawn=181..}] ~~~ effect @s invisibility 9999 255 true",
          	"/execute @s[scores={despawn=182..}] ~~~ kill @s",
          	"/execute @s ~~~ detect ~~~ water 0 tp @s ^^^0.17 facing @p[m=s]",
          	"/execute @s ~~~ detect ~~~ water 0 tp @s ^^^0.17 facing @p[m=a]",
          	"/effect @a[r=0.8] nausea 15 50 true",
            "/effect @s resistance 99999 255 true"

          ]
        }
      }
    }
  }
}
