{
  "format_version": "1.8.0",
  "animations": {
    "animation.yg_happy.general": {
      "loop": true,
      "animation_length": 2,
      "bones": {
        "Rightarm": {
          "rotation": {
            "0.0": {
              "post": [
                12.2127,
                -2.68507,
                12.2127
              ],
              "lerp_mode": "catmullrom"
            },
            "0.5": {
              "post": [
                16.09749,
                -1.99384,
                9.80814
              ],
              "lerp_mode": "catmullrom"
            },
            "1.0": {
              "post": [
                19.7127,
                -2.68507,
                12.2127
              ],
              "lerp_mode": "catmullrom"
            },
            "1.5": {
              "post": [
                16.09749,
                -1.99384,
                9.80814
              ],
              "lerp_mode": "catmullrom"
            },
            "2.0": {
              "post": [
                12.2127,
                -2.68507,
                12.2127
              ],
              "lerp_mode": "catmullrom"
            }
          }
        },
        "bone9": {
          "rotation": {
            "0.0": {
              "post": [
                -27.5,
                0,
                0
              ],
              "lerp_mode": "catmullrom"
            },
            "1.0": {
              "post": [
                -34.58585,
                2.4521,
                -0.39403
              ],
              "lerp_mode": "catmullrom"
            },
            "2.0": {
              "post": [
                -27.5,
                0,
                0
              ],
              "lerp_mode": "catmullrom"
            }
          }
        },
        "bone10": {
          "rotation": {
            "0.0": {
              "post": [
                -42.5,
                0,
                0
              ],
              "lerp_mode": "catmullrom"
            },
            "1.0": {
              "post": [
                -50,
                0,
                0
              ],
              "lerp_mode": "catmullrom"
            },
            "2.0": {
              "post": [
                -42.5,
                0,
                0
              ],
              "lerp_mode": "catmullrom"
            }
          }
        },
        "Leftarm": {
          "rotation": {
            "0.0": {
              "post": [
                12.31594,
                2.15393,
                -9.76758
              ],
              "lerp_mode": "catmullrom"
            },
            "0.5": {
              "post": [
                16.17831,
                1.45885,
                -7.36494
              ],
              "lerp_mode": "catmullrom"
            },
            "1.0": {
              "post": [
                19.81594,
                2.15393,
                -9.76758
              ],
              "lerp_mode": "catmullrom"
            },
            "1.5": {
              "post": [
                16.17831,
                1.45885,
                -7.36494
              ],
              "lerp_mode": "catmullrom"
            },
            "2.0": {
              "post": [
                12.31594,
                2.15393,
                -9.76758
              ],
              "lerp_mode": "catmullrom"
            }
          }
        },
        "bone12": {
          "rotation": {
            "0.0": {
              "post": [
                -27.5,
                0,
                0
              ],
              "lerp_mode": "catmullrom"
            },
            "1.0": {
              "post": [
                -42.5,
                0,
                0
              ],
              "lerp_mode": "catmullrom"
            },
            "2.0": {
              "post": [
                -27.5,
                0,
                0
              ],
              "lerp_mode": "catmullrom"
            }
          }
        },
        "bone13": {
          "rotation": {
            "0.0": {
              "post": [
                -42.5,
                0,
                0
              ],
              "lerp_mode": "catmullrom"
            },
            "1.0": {
              "post": [
                -50,
                0,
                0
              ],
              "lerp_mode": "catmullrom"
            },
            "2.0": {
              "post": [
                -42.5,
                0,
                0
              ],
              "lerp_mode": "catmullrom"
            }
          }
        }
      }
    },
    "animation.yg_happy.looking": {
      "loop": true,
      "bones": {
        "Head": {
          "rotation": [
            "query.target_x_rotation-this",
            "query.target_y_rotation-this",
            0
          ]
        }
      }
    },
    "animation.yg_happy.move": {
      "loop": true,
      "animation_length": 1,
      "anim_time_update": "query.modified_distance_moved * 0.1",
      "bones": {
        "Head": {
          "rotation": {
            "0.0": {
              "post": [
                2.41614,
                0.28308,
                0.58238
              ],
              "lerp_mode": "catmullrom"
            },
            "0.5": {
              "post": [
                -5.08386,
                0.28308,
                0.58238
              ],
              "lerp_mode": "catmullrom"
            },
            "1.0": {
              "post": [
                2.41614,
                0.28308,
                0.58238
              ],
              "lerp_mode": "catmullrom"
            }
          }
        },
        "Body": {
          "rotation": [
            0,
            0,
            0
          ]
        },
        "Legs": {
          "rotation": {
            "0.0": [
              0,
              0,
              0
            ],
            "1.0": [
              0,
              360,
              0
            ]
          }
        },
        "Rightarm": {
          "rotation": {
            "0.0": {
              "post": [
                14.87739,
                -1.93597,
                7.24721
              ],
              "lerp_mode": "catmullrom"
            },
            "0.5": {
              "post": [
                -2.41492,
                0.64686,
                14.98637
              ],
              "lerp_mode": "catmullrom"
            },
            "1.0": {
              "post": [
                14.87739,
                -1.93597,
                7.24721
              ],
              "lerp_mode": "catmullrom"
            }
          }
        },
        "bone9": {
          "rotation": {
            "0.0": {
              "post": [
                -35,
                0,
                0
              ],
              "lerp_mode": "catmullrom"
            },
            "0.25": {
              "post": [
                -38.75,
                0,
                0
              ],
              "lerp_mode": "catmullrom"
            },
            "0.5": {
              "post": [
                -57.5,
                0,
                0
              ],
              "lerp_mode": "catmullrom"
            },
            "0.75": {
              "post": [
                -66.25,
                0,
                0
              ],
              "lerp_mode": "catmullrom"
            },
            "1.0": {
              "post": [
                -35,
                0,
                0
              ],
              "lerp_mode": "catmullrom"
            }
          }
        },
        "bone10": {
          "rotation": {
            "0.0": {
              "post": [
                -55,
                0,
                0
              ],
              "lerp_mode": "catmullrom"
            },
            "0.25": {
              "post": [
                -55,
                0,
                0
              ],
              "lerp_mode": "catmullrom"
            },
            "0.5": {
              "post": [
                -25,
                0,
                0
              ],
              "lerp_mode": "catmullrom"
            },
            "0.75": {
              "post": [
                -32.5,
                0,
                0
              ],
              "lerp_mode": "catmullrom"
            },
            "1.0": {
              "post": [
                -55,
                0,
                0
              ],
              "lerp_mode": "catmullrom"
            }
          }
        },
        "Leftarm": {
          "rotation": {
            "0.0": {
              "post": [
                14.78217,
                2.57594,
                -9.6658
              ],
              "lerp_mode": "catmullrom"
            },
            "0.5": {
              "post": [
                -2.38443,
                -0.75155,
                -17.48436
              ],
              "lerp_mode": "catmullrom"
            },
            "1.0": {
              "post": [
                14.78217,
                2.57594,
                -9.6658
              ],
              "lerp_mode": "catmullrom"
            }
          }
        },
        "bone12": {
          "rotation": {
            "0.0": {
              "post": [
                -35,
                0,
                0
              ],
              "lerp_mode": "catmullrom"
            },
            "0.25": {
              "post": [
                -66.25,
                0,
                0
              ],
              "lerp_mode": "catmullrom"
            },
            "0.5": {
              "post": [
                -57.5,
                0,
                0
              ],
              "lerp_mode": "catmullrom"
            },
            "0.75": {
              "post": [
                -33.75,
                0,
                0
              ],
              "lerp_mode": "catmullrom"
            },
            "1.0": {
              "post": [
                -35,
                0,
                0
              ],
              "lerp_mode": "catmullrom"
            }
          }
        },
        "bone13": {
          "rotation": {
            "0.0": {
              "post": [
                -55,
                0,
                0
              ],
              "lerp_mode": "catmullrom"
            },
            "0.25": {
              "post": [
                -20,
                0,
                0
              ],
              "lerp_mode": "catmullrom"
            },
            "0.5": {
              "post": [
                -25,
                0,
                0
              ],
              "lerp_mode": "catmullrom"
            },
            "0.75": {
              "post": [
                -55,
                0,
                0
              ],
              "lerp_mode": "catmullrom"
            },
            "1.0": {
              "post": [
                -55,
                0,
                0
              ],
              "lerp_mode": "catmullrom"
            }
          }
        }
      }
    },
    "animation.yg_happy.attack": {
      "animation_length": 1,
      "bones": {
        "Head": {
          "rotation": {
            "0.0": [
              0,
              0,
              0
            ],
            "0.5": [
              -15,
              0,
              0
            ],
            "0.75": [
              27.5,
              0,
              0
            ],
            "1.0": [
              0,
              0,
              0
            ]
          }
        },
        "Rightarm": {
          "rotation": {
            "0.0": [
              0,
              0,
              0
            ],
            "0.5": [
              22.5,
              0,
              0
            ],
            "0.625": [
              -13.13618,
              4.09863,
              17.02789
            ],
            "0.75": [
              -50,
              0,
              0
            ],
            "1.0": [
              0,
              0,
              0
            ]
          }
        },
        "bone9": {
          "rotation": {
            "0.0": [
              0,
              0,
              0
            ],
            "0.5": [
              -7.5,
              0,
              0
            ],
            "0.75": [
              -7.15656,
              -2.24944,
              -17.35932
            ],
            "1.0": [
              0,
              0,
              0
            ]
          }
        },
        "bone10": {
          "rotation": {
            "0.0": [
              0,
              0,
              0
            ],
            "0.5": [
              -22.5,
              0,
              0
            ],
            "0.75": [
              -7.09999,
              -21.40584,
              -71.15641
            ],
            "1.0": [
              0,
              0,
              0
            ]
          }
        },
        "Leftarm": {
          "rotation": {
            "0.0": [
              0,
              0,
              0
            ],
            "0.5": [
              22.5,
              0,
              0
            ],
            "0.625": [
              -15.3174,
              -5.49202,
              -19.26092
            ],
            "0.75": [
              -55,
              0,
              0
            ],
            "1.0": [
              0,
              0,
              0
            ]
          }
        },
        "bone12": {
          "rotation": {
            "0.0": [
              0,
              0,
              0
            ],
            "0.5": [
              -7.5,
              0,
              0
            ],
            "0.75": [
              -5.08269,
              5.52235,
              47.25471
            ],
            "1.0": [
              0,
              0,
              0
            ]
          }
        },
        "bone13": {
          "rotation": {
            "0.0": [
              0,
              0,
              0
            ],
            "0.5": [
              -22.5,
              0,
              0
            ],
            "0.75": [
              -13.36473,
              18.26883,
              52.84154
            ],
            "1.0": [
              0,
              0,
              0
            ]
          }
        }
      }
    }
  }
}