{
    "pools": [
        {
            "rolls": 1,
            "entries": [
                {
                    "type": "item",
                    "name": "minecraft:tnt",
                    "functions": [
                        {
                            "function": "set_count",
                            "count": {
                                "min": 21,
                                "max": 23
                            }
                        },
                        {
                            "function": "looting_enchant",
                            "count": {
                                "min": 43,
                                "max": 56
                            }
                        }
                    ]
                }
            ]
        }
    ]
}
