{
	"format_version": "1.8.0",
	"animations": {
		"animation.ic_train.activate": {
			"loop": "hold_on_last_frame",
			"animation_length": 0.5,
			"bones": {
				"lever2": {
					"rotation": {
						"0.0": [0, 0, 0],
						"0.3333": [37.5, 0, 0],
						"0.4167": [35, 0, 0],
						"0.5": [37.5, 0, 0]
					}
				}
			}
		},
		"animation.ic_train.stop": {
			"loop": "hold_on_last_frame",
			"animation_length": 0.5,
			"bones": {
				"lever2": {
					"rotation": {
						"0.0": [37.5, 0, 0],
						"0.0833": [35, 0, 0],
						"0.1667": [37.5, 0, 0],
						"0.5": [0, 0, 0]
					}
				},
				"lever3": {
					"rotation": {
						"0.0": [0, 0, 0],
						"0.3333": [37.5, 0, 0],
						"0.4167": [35, 0, 0],
						"0.5": [37.5, 0, 0]
					}
				}
			}
		}
	}
}