{
	"format_version": "1.10.0",
	"particle_effect": {
		"description": {
			"identifier": "jn:jn_tpose",
			"basic_render_parameters": {
				"material": "particles_blend",
				"texture": "textures/jn/entity/jn_tpose"
			}
		},
		"components": {
            "minecraft:emitter_local_space": {
				"position": true,
				"rotation": true,
				"velocity": true
			},
			"minecraft:emitter_rate_instant": {
				"num_particles": 1
			},
			"minecraft:emitter_lifetime_once": {
				"active_time": 1
			},
			"minecraft:emitter_shape_point": {
				"offset": [0, 2, 0]
			},
			"minecraft:particle_lifetime_expression": {
				"max_lifetime": 1
			},
			"minecraft:particle_initial_speed": 0,
			"minecraft:particle_motion_dynamic": {},
			"minecraft:particle_appearance_billboard": {
				"size": [2, 2],
				"facing_camera_mode": "rotate_xyz",
				"uv": {
					"texture_width": 236,
					"texture_height": 236,
					"uv": [0, 0],
					"uv_size": [236, 236]
				}
			}
		}
	}
}