{
    "format_version": "1.10.0",
    "minecraft:entity": {
        "description": {
            "identifier": "among:gate_c",
            "is_spawnable": true,
            "is_summonable": true,
            "is_experimental": false
        },
        "component_groups": {
			"minecraft:is_dead": {
                "minecraft:transformation": {
                    "into": "among:gate_o"
                }
            }
		},
        "components": {
            "minecraft:nameable": {},

            // Gate Components
            "minecraft:type_family": {
                "family": ["gate_c", "gate_o"]
            },
            "minecraft:collision_box": {
                "width": 0.6,
                "height": 1.8
            },
            "minecraft:pushable": {
                "is_pushable": false
           },
            "minecraft:behavior.avoid_mob_type": {
                "priority": 2,
                "entity_types": [{
                        "filters": {
                            "any_of": [{
                                    "test": "is_family",
                                    "subject": "other",
                                    "value": "huggy_wuggy"
                                },
								{
                                    "test": "is_family",
                                    "subject": "other",
                                    "value": "kissy_missy"
                                }
                            ]
                        },
                        "walk_speed_multiplier": 1.2,
                        "sprint_speed_multiplier": 1.2
                    }
                ],
                "max_dist": 20
            },
			"minecraft:damage_sensor": [{
                    "on_damage": {
                        "filters": {
                            "all_of": [{
                                    "test": "has_damage",
                                    "value": "fatal"
                                }
                            ]
                        },
                        "event": "minecraft:event_spawn_dead"
                    }
                }
            ],
            "minecraft:movement.basic": {},
            "minecraft:navigation.walk": {
                "is_amphibious": false,
                "can_pass_doors": false,
                "can_open_doors": false,
                "can_walk": false
            },
            "minecraft:annotation.open_door": {},
            "minecraft:jump.static": {},
            "minecraft:can_climb": {},

            "minecraft:attack": {
                "damage": 0
            },
            "minecraft:behavior.float": {
                "priority": 0
            },
            "minecraft:health": {
                "value": 50,
                "max": 50
            },
            "minecraft:knockback_resistance": {
                "value": 90
            },
            "minecraft:breathable": {
                "totalSupply": 15,
                "suffocateTime": 0,
                "breathesAir": true,
                "breathesWater": false
            },

            // Gate Closed is very cool
            "minecraft:behavior.move_towards_restriction": {
                "priority": 0,
                "speed_multiplier": 0
            },
            "minecraft:physics": {}
        },

        "events": {
			"minecraft:event_spawn_dead": {
                "add": {
                    "component_groups": ["minecraft:is_dead"]
                }
            }
		}
    }
}
