{
	"format_version": "1.12.0",
	"minecraft:geometry": [
		{
			"description": {
				"identifier": "geometry.bow_standby",
				"texture_width": 32,
				"texture_height": 32,
				"visible_bounds_width": 4,
				"visible_bounds_height": 2,
				"visible_bounds_offset": [0, 1, 0]
			},
			"bones": [
				{
					"name": "root",
					"pivot": [0, 0, 0]
				},
				{
					"name": "waist",
					"parent": "root",
					"pivot": [0, 12, 0]
				},
				{
					"name": "body",
					"parent": "waist",
					"pivot": [0, 24, 0]
				},
				{
					"name": "head",
					"parent": "body",
					"pivot": [0, 24, 0]
				},
				{
					"name": "hat",
					"parent": "head",
					"pivot": [0, 24, 0]
				},
				{
					"name": "cape",
					"parent": "body",
					"pivot": [0, 24, 3]
				},
				{
					"name": "leftArm",
					"parent": "body",
					"pivot": [5, 22, 0]
				},
				{
					"name": "leftSleeve",
					"parent": "leftArm",
					"pivot": [5, 22, 0]
				},
				{
					"name": "leftItem",
					"parent": "leftArm",
					"pivot": [6, 15, 1]
				},
				{
					"name": "rightArm",
					"parent": "body",
					"pivot": [-5, 22, 0]
				},
				{
					"name": "rightSleeve",
					"parent": "rightArm",
					"pivot": [-5, 22, 0]
				},
				{
					"name": "rightItem",
					"parent": "rightArm",
					"pivot": [-6, 15, 1],
					"locators": {
						"lead_hold": [-6, 15, 1]
					}
				},
				{
					"name": "revolver",
					"parent": "rightItem",
					"pivot": [-5.5, 15, -1]
				},
				{
					"name": "handrevolver",
					"parent": "revolver",
					"pivot": [-5.5, 12, -2],
					"rotation": [90, 0, 0]
				},
				{
					"name": "hammer",
					"parent": "handrevolver",
					"pivot": [-5.5, 14, 0],
					"cubes": [
						{"origin": [-5.5, 13, -1], "size": [0, 3, 3], "uv": [0, 0]}
					]
				},
				{
					"name": "handle",
					"parent": "handrevolver",
					"pivot": [-4, 12.5, 1],
					"cubes": [
						{"origin": [-6, 11.61698, -0.15619], "size": [1, 2, 2], "inflate": 0.001, "uv": [16, 3]}
					]
				},
				{
					"name": "bone4",
					"parent": "handle",
					"pivot": [-4, 14.5, 5],
					"rotation": [12.5, 0, 0],
					"cubes": [
						{"origin": [-6, 10.9028, 0.74112], "size": [1, 1, 1], "pivot": [-4.601, 12.4028, 0.24112], "rotation": [55, 0, 0], "uv": [0, 11]},
						{"origin": [-6, 9.67116, 0.33022], "size": [1, 3.1, 2], "inflate": 0.01, "uv": [12, 13]}
					]
				},
				{
					"name": "restofthegun",
					"parent": "handrevolver",
					"pivot": [-5, 11, -3],
					"cubes": [
						{"origin": [-6.5, 13.5, -5], "size": [2, 2, 3], "inflate": 0.1, "uv": [8, 0]},
						{"origin": [-6.5, 14, -11], "size": [1, 1, 6], "uv": [8, 5]},
						{"origin": [-6, 14.5, -12], "size": [1, 1, 6], "uv": [8, 5]},
						{"origin": [-6, 14, -6], "size": [1, 2, 5], "uv": [0, 11]},
						{"origin": [-6.5, 13.5, -1.8], "size": [2, 2, 1], "inflate": 0.1, "uv": [0, 0]},
						{"origin": [-5.5, 15.5, -12], "size": [0, 1, 1], "uv": [8, 0]},
						{"origin": [-5.5, 10.13053, -5.99144], "size": [0, 3, 6], "pivot": [-5.5, 13.13053, -3.99144], "rotation": [-7.5, 0, 0], "uv": [0, 2]},
						{"origin": [-6, 13, -6], "size": [1, 2, 6], "pivot": [-5, 13, -3], "rotation": [-7.5, 0, 0], "uv": [0, 0]}
					]
				}
			]
		}
	]
}