{
	"format_version": "1.12.0",
	"minecraft:geometry": [
		{
			"description": {
				"identifier": "geometry.cigar",
				"texture_width": 16,
				"texture_height": 16,
				"visible_bounds_width": 3,
				"visible_bounds_height": 2,
				"visible_bounds_offset": [0, 1, 0]
			},
			"bones": [
				{
					"name": "root",
					"pivot": [0, 0, 0]
				},
				{
					"name": "waist",
					"parent": "root",
					"pivot": [0, 12, 0]
				},
				{
					"name": "body",
					"parent": "waist",
					"pivot": [0, 24, 0]
				},
				{
					"name": "head",
					"parent": "body",
					"pivot": [0, 24, 0]
				},
				{
					"name": "hat",
					"parent": "head",
					"pivot": [0, 24, 0]
				},
				{
					"name": "leftArm",
					"parent": "body",
					"pivot": [5, 22, 0]
				},
				{
					"name": "leftSleeve",
					"parent": "leftArm",
					"pivot": [5, 22, 0]
				},
				{
					"name": "leftItem",
					"parent": "leftArm",
					"pivot": [6, 15, 1]
				},
				{
					"name": "rightArm",
					"parent": "body",
					"pivot": [-5, 22, 0]
				},
				{
					"name": "rightSleeve",
					"parent": "rightArm",
					"pivot": [-5, 22, 0]
				},
				{
					"name": "rightItem",
					"parent": "rightArm",
					"pivot": [-6, 15, 1],
					"locators": {
						"lead_hold": [-6, 15, 1]
					}
				},
				{
					"name": "cigar",
					"parent": "rightItem",
					"pivot": [-5.5, 13, -2.5],
					"rotation": [-90, 0, 0]
				},
				{
					"name": "bone2",
					"parent": "cigar",
					"pivot": [-5.5, 10, -2.5],
					"cubes": [
						{"origin": [-6, 8.02, -3], "size": [1, 6, 1], "inflate": 0.01, "uv": [0, 0]},
						{"origin": [-6, 5.01, -3], "size": [1, 2, 1], "uv": [4, 0]},
						{"origin": [-6, 7, -3], "size": [1, 1, 1], "inflate": 0.01, "uv": [4, 3]}
					]
				},
				{
					"name": "bone",
					"parent": "bone2",
					"pivot": [-5.5, 7, -2.5],
					"cubes": [
						{"origin": [-6, 5, -3], "size": [1, 2, 1], "inflate": 0.01, "uv": [4, 3]}
					],
					"locators": {
						"locator": [-5.5, 3, -3]
					}
				},
				{
					"name": "match",
					"parent": "cigar",
					"pivot": [-6, 7, -3],
					"rotation": [90, 0, 0],
					"cubes": [
						{"origin": [-6, 6, -5], "size": [1, 0, 3], "uv": [1, 6]}
					]
				},
				{
					"name": "jacket",
					"parent": "body",
					"pivot": [0, 24, 0]
				},
				{
					"name": "leftLeg",
					"parent": "root",
					"pivot": [1.9, 12, 0]
				},
				{
					"name": "leftPants",
					"parent": "leftLeg",
					"pivot": [1.9, 12, 0]
				},
				{
					"name": "rightLeg",
					"parent": "root",
					"pivot": [-1.9, 12, 0]
				},
				{
					"name": "rightPants",
					"parent": "rightLeg",
					"pivot": [-1.9, 12, 0]
				}
			]
		}
	]
}