{
	"format_version": "1.12.0",
	"minecraft:geometry": [
		{
			"description": {
				"identifier": "geometry.harmonica",
				"texture_width": 32,
				"texture_height": 32,
				"visible_bounds_width": 3,
				"visible_bounds_height": 2,
				"visible_bounds_offset": [0, 1, 0]
			},
			"bones": [
				{
					"name": "root",
					"pivot": [0, 0, 0]
				},
				{
					"name": "waist",
					"parent": "root",
					"pivot": [0, 12, 0]
				},
				{
					"name": "body",
					"parent": "waist",
					"pivot": [0, 24, 0]
				},
				{
					"name": "rightArm",
					"parent": "body",
					"pivot": [-5, 22, 0]
				},
				{
					"name": "rightItem",
					"parent": "rightArm",
					"pivot": [-6, 15, 1],
					"locators": {
						"lead_hold": [-6, 15, 1]
					}
				},
				{
					"name": "harmonica",
					"parent": "rightItem",
					"pivot": [-4, 13, -4],
					"rotation": [90, 0, 0],
					"cubes": [
						{"origin": [-7.5, 13.2, -5], "size": [7, 2, 3], "uv": [0, 4]},
						{"origin": [-8.5, 13.5, -5], "size": [9, 1, 3], "inflate": 0.01, "uv": [0, 0]}
					],
					"locators": {
						"particle": [-4, 30, -3]
					}
				}
			]
		}
	]
}