{
	"format_version": "1.16.0",
	"minecraft:geometry": [
		{
			"description": {
				"identifier": "geometry.spyglass",
				"texture_width": 32,
				"texture_height": 32,
				"visible_bounds_width": 3,
				"visible_bounds_height": 1.5,
				"visible_bounds_offset": [0, 0.25, 0]
			},
			"bones": [
				{
					"name": "spyglass",
					"pivot": [0, 0, 1],
					"binding": "q.item_slot_to_bone_name(q.main_hand_item_use_duration > 0.0f ? 'head' : 'main_hand')",
					"cubes": [
						{"origin": [-8.1, -0.1, -3.4], "size": [2.2, 2.2, 2.2], "uv": [10, 2]},
						{"origin": [-9.3, -0.1, 1.4], "size": [1.2, 2.2, 2.2], "uv": [12, 6]},
						{"origin": [-6, 0, 1.4], "size": [4, 2, 2], "uv": [0, 4]},
						{"origin": [-8.1, -0.1, 1.4], "size": [2.2, 2.2, 2.2], "uv": [0, 10]},
						{"origin": [-9.3, -0.1, -3.4], "size": [1.2, 2.2, 2.2], "uv": [8, 10]},
						{"origin": [-6, 0, -3.4], "size": [4, 2, 2], "uv": [0, 0]},
						{"origin": [-9, 1, -0.4], "size": [5, 1, 1], "uv": [0, 8]},
						{"origin": [-9, 0.63053, -0.4], "size": [0, 1, 2], "inflate": 0.01, "pivot": [-9, 1, 1], "rotation": [-15, 0, 0], "uv": [4, 12]},
						{"origin": [-4, 0.63053, -0.4], "size": [0, 1, 2], "inflate": 0.01, "pivot": [-4, 1, 1], "rotation": [-10, 0, 0], "uv": [6, 9]},
						{"origin": [-9, 0.63053, -1.4], "size": [0, 1, 2], "inflate": 0.001, "pivot": [-9, 1, -2], "rotation": [7.5, 0, 0], "uv": [0, 12]},
						{"origin": [-4, 0.80417, -1.38481], "size": [0, 1, 2], "inflate": 0.001, "pivot": [-4, 1, -1], "rotation": [5, 0, 0], "uv": [6, 8]}
					]
				}
			]
		}
	]
}