{
	"format_version": "1.16.0",
	"minecraft:geometry": [
		{
			"description": {
				"identifier": "geometry.spyglass",
				"texture_width": 32,
				"texture_height": 32,
				"visible_bounds_width": 3,
				"visible_bounds_height": 1.5,
				"visible_bounds_offset": [0, 0.25, 0]
			},
			"bones": [
				{
					"name": "spyglass",
					"pivot": [0, 0, 1],
					"binding": "q.item_slot_to_bone_name(q.main_hand_item_use_duration > 0.0f ? 'head' : 'main_hand')",
					"cubes": [
						{"origin": [-8.1, -0.5, -3.5], "size": [4.2, 3.2, 3.2], "uv": [0, 6]},
						{"origin": [-8.1, -0.5, 0.5], "size": [4.2, 3.2, 3.2], "uv": [0, 0]},
						{"origin": [-4.9, 0.9, -0.4], "size": [4, 1, 1], "uv": [11, 0]},
						{"origin": [-7.9, -0.1, -0.4], "size": [3, 2, 1], "uv": [12, 12]},
						{"origin": [-4, 0, -2.9], "size": [4, 2, 2], "inflate": 0.1, "uv": [12, 4]},
						{"origin": [-4, 0, 1.1], "size": [4, 2, 2], "inflate": 0.1, "uv": [0, 12]}
					]
				}
			]
		}
	]
}