{
	"format_version": "1.16.0",
	"minecraft:geometry": [
		{
			"description": {
				"identifier": "geometry.trident",
				"texture_width": 32,
				"texture_height": 32,
				"visible_bounds_width": 3,
				"visible_bounds_height": 4,
				"visible_bounds_offset": [0, 1, 0]
			},
			"bones": [
				{
					"name": "pole",
					"pivot": [0, 24, 0],
					"binding": "q.item_slot_to_bone_name(c.item_slot)",
					"cubes": [
						{"origin": [-1.5, 24.90773, -0.60146], "size": [1, 4, 0], "inflate": 0.01, "uv": [14, 2]},
						{"origin": [0.5, 24.90773, -0.60146], "size": [1, 4, 0], "inflate": 0.01, "uv": [13, 2]},
						{"origin": [0.5, 24.90773, -0.60146], "size": [0, 4, 0], "uv": [4, 0]},
						{"origin": [-3.5, 24.90773, -0.60146], "size": [1, 4, 0], "inflate": 0.01, "uv": [17, 2]},
						{"origin": [2.5, 24.90773, -0.60146], "size": [1, 4, 0], "inflate": 0.01, "uv": [11, 2]},
						{"origin": [-0.5, 22, 0], "size": [1, 1, 0], "inflate": 0.01, "uv": [4, 8]},
						{"origin": [-0.5, -3, -0.5], "size": [1, 25, 1], "uv": [0, 0]},
						{"origin": [-3.5, 23, 0], "size": [7, 2, 0], "inflate": 0.01, "pivot": [0, 23, 0], "rotation": [17.5, 0, 0], "uv": [4, 6]},
						{"origin": [2.5, 28.90804, -0.60141], "size": [1, 2, 0], "inflate": 0.01, "pivot": [-1, 28.90804, -0.60141], "rotation": [-17.5, 0, 0], "uv": [11, 0]},
						{"origin": [0.5, 28.90804, -0.60141], "size": [1, 2, 0], "inflate": 0.01, "pivot": [-1, 28.90804, -0.60141], "rotation": [-17.5, 0, 0], "uv": [13, 0]},
						{"origin": [-1.5, 28.90804, -0.60141], "size": [1, 2, 0], "inflate": 0.01, "pivot": [-1, 28.90804, -0.60141], "rotation": [-17.5, 0, 0], "uv": [15, 0]},
						{"origin": [-3.5, 28.90804, -0.60141], "size": [1, 2, 0], "inflate": 0.01, "pivot": [-1, 28.90804, -0.60141], "rotation": [-17.5, 0, 0], "uv": [17, 0]}
					]
				}
			]
		}
	]
}