{
	"format_version": "1.12.0",
	"minecraft:geometry": [{
		"description": {
			"identifier": "geometry.unicorn",
			"texture_width": 128,
			"texture_height": 128,
			"visible_bounds_width": 4,
			"visible_bounds_height": 4,
			"visible_bounds_offset": [0, 1, 0]
		},
		"bones": [{
				"name": "Body",
				"pivot": [0, 13, 9],
				"cubes": [{
					"origin": [-5, 11, -11],
					"size": [10, 10, 22],
					"uv": [0, 0]
				}]
			},
			{
				"name": "Tail",
				"parent": "Body",
				"pivot": [0, 20, 11],
				"rotation": [25, 0, 0],
				"cubes": [{
					"origin": [-1.5, 6, 9],
					"size": [3, 14, 4],
					"uv": [0, 36]
				}]
			},
			{
				"name": "LegBL",
				"parent": "Body",
				"pivot": [3, 11, 9],
				"cubes": [{
					"origin": [1, 0, 7],
					"size": [4, 11, 4],
					"uv": [46, 44]
				}]
			},
			{
				"name": "LegBR",
				"parent": "Body",
				"pivot": [-3, 11, 9],
				"cubes": [{
					"origin": [-5, 0, 7],
					"size": [4, 11, 4],
					"uv": [30, 44]
				}]
			},
			{
				"name": "LegFL",
				"parent": "Body",
				"pivot": [3, 11, -9],
				"cubes": [{
					"origin": [1, 0, -11],
					"size": [4, 11, 4],
					"uv": [14, 44]
				}]
			},
			{
				"name": "LegFR",
				"parent": "Body",
				"pivot": [-3, 11, -9],
				"cubes": [{
					"origin": [-5, 0, -11],
					"size": [4, 11, 4],
					"uv": [42, 0]
				}]
			},
			{
				"name": "Neck",
				"parent": "Body",
				"pivot": [0, 17, -8],
				"rotation": [30, 0, 0],
				"cubes": [{
					"origin": [-2, 16, -11],
					"size": [4, 12, 7],
					"uv": [0, 0]
				}],
				"locators": {
					"lead": [0, 17, -8]
				}
			},
			{
				"name": "Head",
				"parent": "Neck",
				"pivot": [0, 28, -11],
				"cubes": [{
					"origin": [-3, 28, -11],
					"size": [6, 5, 7],
					"uv": [25, 32]
				}]
			},
			{
				"name": "Muzzle",
				"parent": "Head",
				"pivot": [0, 28, -11],
				"cubes": [{
					"origin": [-2, 28, -16],
					"size": [4, 5, 5],
					"uv": [51, 32]
				}]
			},
			{
				"name": "EarL",
				"parent": "Head",
				"pivot": [0, 17, -8],
				"rotation": [0, 0, 5],
				"cubes": [{
					"origin": [-0.5, 32, -5.01],
					"size": [2, 3, 1],
					"uv": [15, 0]
				}]
			},
			{
				"name": "EarR",
				"parent": "Head",
				"pivot": [0, 17, -8],
				"rotation": [0, 0, -5],
				"cubes": [{
					"origin": [-1.5, 32, -5.01],
					"size": [2, 3, 1],
					"uv": [0, 0]
				}]
			},
			{
				"name": "ReinsL",
				"parent": "Head",
				"pivot": [3, 30.5, -13.5],
				"rotation": [-40, 0, 0],
				"cubes": [{
					"origin": [3.1, 29, -13],
					"size": [0, 2, 16],
					"uv": [0, 18]
				}]
			},
			{
				"name": "ReinsR",
				"parent": "Head",
				"pivot": [-3, 30.5, -13.5],
				"rotation": [-40, 0, 0],
				"cubes": [{
						"origin": [-3.1, 29, -13],
						"size": [0, 2, 16],
						"uv": [0, 16]
					},
					{
						"origin": [-3, 29, 3],
						"size": [6, 2, 0],
						"uv": [0, 19]
					},
					{
						"origin": [-3.1, 29, -13],
						"size": [6.1, 2, 2],
						"uv": [42, 15],
						"inflate": 0.01
					}
				]
			},
			{
				"name": "horn",
				"parent": "Head",
				"pivot": [0, 33, -7],
				"cubes": [{
					"origin": [-1, 33, -7.95],
					"size": [2, 6, 2],
					"uv": [14, 36]
				}]
			},
			{
				"name": "Mane",
				"parent": "Neck",
				"pivot": [0, 17, -8],
				"cubes": [{
					"origin": [-1, 17, -3.95],
					"size": [2, 16, 3],
					"uv": [0, 54]
				}]
			},
			{
				"name": "Saddle",
				"parent": "Body",
				"pivot": [0, 22, 2]
			}
		]
	}]
}