{
	"format_version": "1.12.0",
	"minecraft:geometry": [
		{
			"description": {
				"identifier": "geometry.windmill",
				"texture_width": 128,
				"texture_height": 128,
				"visible_bounds_width": 9,
				"visible_bounds_height": 17,
				"visible_bounds_offset": [0, 2.5, 0]
			},
			"bones": [
				{
					"name": "Windmill",
					"pivot": [-1, 54, 0],
					"rotation": [0, 90, 0],
					"cubes": [
						{"origin": [-3, 57, -1], "size": [4, 2, 4], "uv": [0, 65]},
						{"origin": [-2, 36, 1], "size": [2, 21, 0], "uv": [14, 78]},
						{"origin": [-9, 0, -7], "size": [16, 32, 16], "uv": [48, 77]},
						{"origin": [-11, 32, -9], "size": [20, 4, 20], "uv": [37, 8]}
					]
				},
				{
					"name": "all",
					"parent": "Windmill",
					"pivot": [-1, 59, 1]
				},
				{
					"name": "fan",
					"parent": "all",
					"pivot": [5, 64, 1],
					"cubes": [
						{"origin": [5.1, 48, -15], "size": [0, 32, 32], "uv": [0, 0]}
					]
				},
				{
					"name": "mill",
					"parent": "fan",
					"pivot": [5, 63, 1],
					"cubes": [
						{"origin": [6, 70.55851, -2.40111], "size": [0, 18, 6], "pivot": [6, 74.55851, 2.59889], "rotation": [-11.33491, 22.10442, -7.12675], "uv": [0, 72]},
						{"origin": [4, 70.55851, 1.59889], "size": [0, 18, 6], "pivot": [6, 74.55851, 2.59889], "rotation": [-26.33491, 22.10442, -7.12675], "uv": [0, 72]},
						{"origin": [5.11766, 67.61228, -8.77108], "size": [0, 18, 6], "pivot": [6, 71.15314, -6.8974], "rotation": [40.98271, 22.1446, 16.34504], "uv": [0, 72]},
						{"origin": [5.86236, 70.07721, -4.95347], "size": [0, 18, 6], "pivot": [4, 75.15314, -1.8974], "rotation": [14.24279, 31.21483, 2.52799], "uv": [0, 72]},
						{"origin": [6.06699, 65.02128, -8.41489], "size": [0, 18, 6], "pivot": [6, 64.25172, -5.27123], "rotation": [81.92361, 9.30727, 23.30696], "uv": [0, 72]},
						{"origin": [4.6605, 66.37072, -7.3371], "size": [0, 18, 6], "pivot": [4, 66.25172, -5.27123], "rotation": [61.92361, 9.30727, 23.30696], "uv": [0, 72]},
						{"origin": [6.11475, 59.73363, -7.51075], "size": [0, 18, 6], "pivot": [6, 59.25172, -5.27123], "rotation": [94.42361, 9.30727, 23.30696], "uv": [0, 72]},
						{"origin": [6, 54.70844, -12.28378], "size": [0, 18, 6], "pivot": [6, 57.70844, -7.28378], "rotation": [111.26765, -7.52076, 18.58597], "uv": [0, 72]},
						{"origin": [5, 52, -4], "size": [0, 18, 6], "pivot": [6, 54, -2], "rotation": [131.21433, -14.26008, 10.25103], "uv": [0, 72]},
						{"origin": [6, 51, -7], "size": [0, 18, 6], "pivot": [6, 54, -2], "rotation": [157.49941, -15.60918, 5.26791], "uv": [0, 72]},
						{"origin": [5, 52.49115, 1.78546], "size": [0, 18, 6], "pivot": [6, 54.49115, 3.78546], "rotation": [-170, -22.5, 0], "uv": [0, 72]},
						{"origin": [3, 52.70298, 8.81223], "size": [0, 18, 6], "pivot": [6, 56.70298, 8.81223], "rotation": [-145.19778, -21.2842, -25.15933], "uv": [0, 72]},
						{"origin": [6, 52.70298, 5.81223], "size": [0, 18, 6], "pivot": [6, 56.70298, 8.81223], "rotation": [-127.69778, -21.2842, -25.15933], "uv": [0, 72]},
						{"origin": [6, 57.8437, 8.48832], "size": [0, 18, 6], "pivot": [6, 61.8437, 11.48832], "rotation": [-116.60368, -2.40133, -20.20497], "uv": [0, 72]},
						{"origin": [7.14729, 65.76209, 3.50202], "size": [0, 18, 6], "pivot": [6, 64.8437, 6.48832], "rotation": [-86.12501, -5.73576, -26.94093], "uv": [0, 72]},
						{"origin": [6, 68.43719, 4.72021], "size": [0, 18, 6], "pivot": [5, 72.43719, 7.72021], "rotation": [-52.24682, 17.04679, -14.9092], "uv": [0, 72]},
						{"origin": [6, 63.54423, 7.98959], "size": [0, 18, 6], "pivot": [5, 67.54423, 10.98959], "rotation": [-59.42361, 9.30727, -23.30696], "uv": [0, 72]}
					]
				},
				{
					"name": "Featherhead",
					"parent": "all",
					"pivot": [-4, 64, 1],
					"cubes": [
						{"origin": [-17, 63, 1], "size": [22, 2, 0], "uv": [58, 6]},
						{"origin": [-45, 55, 1], "size": [28, 18, 0], "inflate": 0.1, "uv": [0, 0]}
					]
				},
				{
					"name": "motor",
					"parent": "all",
					"pivot": [2, 48, 1],
					"cubes": [
						{"origin": [-4, 59, -2], "size": [6, 14, 6], "uv": [20, 89]}
					]
				}
			]
		}
	]
}