{
    "format_version": "1.10.0",
    "minecraft:entity": {
        "description": {
            "scripts": {
                "animate": [
                    "attack"
                ]
            },
            "animations": {
                "attack": "controller.animation.minirod_alerted"
            },
            "identifier": "en:mini_rod_mechanic",
            "is_spawnable": true,
            "is_summonable": true,
            "is_experimental": false
        },
        "component_groups": {
            "minecraft:eating_process": {
                "minecraft:transformation": {
                    "into": "en:mini_rod_mechanic_rest<minecraft:entity_spawned>"
                },
                "minecraft:timer": {
                    "looping": true,
                    "time": 3,
                    "time_down_event": {
                        "event": "ready"
                    }
                }
            },
            "minecraft:ready": {
                "minecraft:variant": {
                    "value": 0
                },
                "minecraft:attack": {
                    "damage": 1,
                    "effect_name": "()",
                    "effect_duration": 5
                },
                "minecraft:behavior.melee_attack": {
                    "priority": 4,
                    "speed_multiplier": 1.5,
                    "track_target": false,
                    "attack_once": true,
                    "on_attack": {
                        "event": "eating",
                        "target": "self"
                    }
                }
            },
            "angry": {
                "minecraft:angry": {
                    "duration": 15,
                    "broadcast_anger": true,
                    "broadcast_anger_on_attack": true,
                    "broadcast_anger_on_being_attacked": true,
                    "broadcast_range": 150,
                    "broadcast_targets": [
                        "rod"
                    ],
                    "calm_event": {
                        "event": "become_calm_event",
                        "target": "self"
                    },
                    "filters": {
                        "all_of": [
                            {
                                "test": "is_family",
                                "subject": "other",
                                "operator": "!=",
                                "value": "rod"
                            }
                        ]
                    },
                    "angry_sound": "angry",
                    "sound_interval": {
                        "range_min": 2,
                        "range_max": 5
                    }
                }
            }
        },
        "components": {
            "minecraft:behavior.nearest_attackable_target": {
                "priority": 3,
                "must_see": false,
                "reselect_targets": true,
                "within_radius": 10,
                "must_see_forget_duration": 17,
                "entity_types": [
                    {
                        "filters": {
                            "any_of": [
                                {
                                    "test": "is_family",
                                    "subject": "other",
                                    "value": "player"
                                },
                                {
                                    "test": "is_family",
                                    "subject": "other",
                                    "value": "kid"
                                }
                            ]
                        },
                        "max_dist": 10
                    }
                ]
            },
            "minecraft:follow_range": {
                "value": 15,
                "max": 15
            },
            "minecraft:type_family": {
                "family": [
                    "evil",
                    "monster"
                ]
            },
            "minecraft:scale": {
                "value": 0.1
            },
            "minecraft:behavior.open_door": {
                "priority": 6,
                "close_door_after": true
            },
            "minecraft:breathable": {
                "totalSupply": 15,
                "suffocateTime": 0
            },
            "minecraft:collision_box": {
                "width": 1,
                "height": 16
            },
            "minecraft:on_target_acquired": {
                "event": "become_angry_event",
                "target": "self"
            },
            "minecraft:nameable": {},
            "minecraft:health": {
                "value": 20,
                "max": 20
            },
            "minecraft:movement": {
                "value": 0.16
            },
            "minecraft:knockback_resistance": {
                "value": 0
            },
            "minecraft:navigation.walk": {
                "is_amphibious": true,
                "can_path_over_water": true,
                "can_pass_doors": true,
                "can_open_doors": true,
                "can_walk": true,
                "avoid_water": true
            },
            "minecraft:damage_sensor": [
                {
                    "on_damage": {
                        "filters": {
                            "all_of": [
                                {
                                    "test": "has_equipment",
                                    "subject": "other",
                                    "domain": "hand",
                                    "value": "[]"
                                },
                                {
                                    "test": "is_family",
                                    "subject": "other",
                                    "value": "player"
                                }
                            ]
                        },
                        "event": "[]"
                    }
                },
                {
                    "on_damage": {
                        "filters": {
                            "test": "is_family",
                            "subject": "other",
                            "value": "monster"
                        }
                    },
                    "deals_damage": false
                }
            ],
            "minecraft:movement.basic": {},
            "minecraft:can_climb": {},
            "minecraft:jump.static": {},
            "minecraft:behavior.float": {
                "priority": 1
            },
            "minecraft:behavior.random_stroll": {
                "priority": 6,
                "speed_multiplier": 1
            },
            "minecraft:behavior.random_look_around": {
                "priority": 8
            },
            "minecraft:push_through": {
                "value": 1
            },
            "minecraft:pushable": {
                "is_pushable": false,
                "is_pushable_by_piston": true
            },
            "minecraft:physics": {}
        },
        "events": {
            "null": {},
            "minecraft:entity_spawned": {
                "add": {
                    "component_groups": [
                        "minecraft:ready"
                    ]
                }
            },
            "eating": {
                "add": {
                    "component_groups": [
                        "minecraft:eating_process"
                    ]
                },
                "remove": {
                    "component_groups": [
                        "minecraft:ready"
                    ]
                }
            },
            "ready": {
                "add": {
                    "component_groups": [
                        "minecraft:ready"
                    ]
                },
                "remove": {
                    "component_groups": [
                        "minecraft:eating_process"
                    ]
                }
            },
            "minecraft:event_null": {
                "add": {
                    "component_groups": [
                        "null"
                    ]
                }
            },
            "become_angry_event": {
                "add": {
                    "component_groups": [
                        "angry"
                    ]
                }
            },
            "become_calm_event": {
                "remove": {
                    "component_groups": [
                        "angry"
                    ]
                }
            }
        }
    }
}