{
	"format_version": "1.8.0",
	"animations": {
		"animation.experiment1006.walk": {
			"loop": true,
			"animation_length": 1.20833,
			"bones": {
				"dedo2": {
					"rotation": {
						"0.0": [0, 0, 0],
						"0.5833": [20, 0, 0],
						"1.2083": [0, 0, 0]
					}
				},
				"dedo4": {
					"rotation": {
						"0.0": [0, 0, 0],
						"0.625": [57.5, 0, 0],
						"1.2083": [0, 0, 0]
					}
				},
				"dedo6": {
					"rotation": {
						"0.0": [0, 0, 0],
						"0.5833": [12.5, 0, 0],
						"1.2083": [0, 0, 0]
					}
				},
				"dedo9": {
					"rotation": {
						"0.0": [0, 0, 0],
						"0.5833": [42.5, 0, 0],
						"1.2083": [0, 0, 0]
					}
				},
				"dedo11": {
					"rotation": {
						"0.0": [0, 0, 0],
						"1.2083": [0, 0, 0]
					}
				},
				"dedo14": {
					"rotation": {
						"0.0": [0, 0, 0],
						"0.625": [60, 0, 0],
						"1.2083": [0, 0, 0]
					}
				},
				"dedo16": {
					"rotation": {
						"0.0": [0, 0, 0],
						"1.2083": [0, 0, 0]
					}
				},
				"dedo19": {
					"rotation": {
						"0.0": [2.5, 0, 0],
						"0.6667": [62.5, 0, 0],
						"1.2083": [2.5, 0, 0]
					}
				},
				"dedo21": {
					"rotation": {
						"0.0": [0, 0, 0],
						"0.5833": [15, 0, 0],
						"1.2083": [0, 0, 0]
					}
				},
				"dedo24": {
					"rotation": {
						"0.0": [0, 0, 0],
						"0.5": [35, 0, 0],
						"1.2083": [0, 0, 0]
					}
				}
			}
		},
		"animation.experiment1006.move": {
			"animation_length": 1.91667,
			"bones": {
				"experiment1006": {
					"rotation": {
						"0.0": [0, 0, 0],
						"0.5417": [-42.5, 0, 0],
						"0.8333": [-40, 0, 0],
						"1.0833": [-42.5, 0, 0],
						"1.2917": [-40, 0, 0],
						"1.625": [-47.5, 0, 0],
						"1.9167": [0, 0, 0]
					}
				}
			}
		}
	}
}