{
	"format_version": "1.8.0",
	"animations": {
		"animation.green.walk": {
			"loop": true,
			"animation_length": 2.16667,
			"bones": {
				"kissymissy": {
					"rotation": {
						"0.0": [0, 0, 0],
						"0.8333": [0, 0, 5],
						"1.2917": [0, 0, 0],
						"1.7917": [0, 0, -7.5],
						"2.1667": [0, 0, 0]
					}
				},
				"part1": {
					"rotation": {
						"0.0": [12.5, 0, 0],
						"0.8333": [12.2127, -2.68507, 12.2127],
						"1.2917": [10, 0, 0],
						"1.7917": [12.45392, 1.08089, -4.88206],
						"2.1667": [12.5, 0, 0]
					}
				},
				"cm19": {
					"rotation": {
						"0.0": [0, 0, 0],
						"0.7917": [0, 0, -5],
						"1.75": [0, 0, 5],
						"2.1667": [0, 0, 0]
					}
				},
				"bx4": {
					"rotation": {
						"0.0": [0, 0, 0],
						"0.8333": [0, 0, -10],
						"1.75": [0, 0, 17.5],
						"2.1667": [0, 0, 0]
					}
				},
				"cm2": {
					"rotation": {
						"0.0": [0, 0, 0],
						"0.25": [15, 0, 1.42857],
						"0.875": [0, 0, 5],
						"1.7917": [0, 0, -2.5],
						"2.1667": [0, 0, 0]
					}
				},
				"bx6": {
					"rotation": {
						"0.0": [0, 0, 0],
						"0.7917": [0, 0, 22.5],
						"1.75": [0, 0, -7.5],
						"2.1667": [0, 0, 0]
					}
				},
				"cm25": {
					"rotation": {
						"0.0": [2.5, 0, 0],
						"0.9167": [2.70569, 22.47741, 1.03509],
						"1.5833": [2.81797, -27.47162, -1.30078],
						"2.1667": [2.5, 0, 0]
					}
				},
				"cm27": {
					"rotation": {
						"0.0": [0, 0, 0],
						"0.8333": [0, 0, 0],
						"1.0417": [0, 15, 0],
						"1.5": [0, 17.5, 0],
						"1.7083": [0, -2.5, 0],
						"2.1667": [0, 0, 0]
					}
				},
				"bx5": {
					"rotation": {
						"0.0": [0, 0, 0],
						"0.875": [0, 0, 0],
						"1.0417": [0, 25, 0],
						"1.5833": [0, 22.5, 0],
						"1.7917": [0, 0, 0]
					}
				},
				"perna2": {
					"rotation": [0, 0, 0]
				},
				"cm13": {
					"rotation": {
						"0.0": [0, 0, 0],
						"0.9167": [0, -35, 0],
						"1.5833": [0, 25, 0],
						"2.1667": [0, -1.82, 0]
					}
				},
				"cm15": {
					"rotation": {
						"0.0": [0, 0, 0],
						"0.1667": [0, 12.5, 0],
						"0.8333": [0, 22.5, 0],
						"1.0": [0, -7.5, 0],
						"1.4583": [0, -7.5, 0],
						"1.625": [0, 15, 0],
						"2.1667": [0, 0, 0]
					}
				},
				"bx3": {
					"rotation": {
						"0.0": [0, 0, 0],
						"0.2083": [0, 10, 0],
						"0.8333": [0, 22.5, 0],
						"1.0": [0, -5, 0],
						"1.4583": [0, -2.5, 0],
						"1.625": [0, 15, 0],
						"2.1667": [0, 0, 0]
					}
				}
			}
		},
		"animation.green.move": {
			"animation_length": 3.41667,
			"bones": {
				"kissymissy": {
					"position": {
						"0.0": [0, 0, -11],
						"0.75": [0, 0, -89]
					}
				},
				"corpo": {
					"rotation": {
						"1.0": [0, 0, 0],
						"1.9583": [0, 0, 25],
						"2.5833": [0, 0, 30],
						"3.375": [0, 0, -25]
					}
				},
				"cm19": {
					"rotation": {
						"0.25": [2.5, 0, 0],
						"1.0": [-74.06386, -24.32679, 27.92787]
					},
					"position": {
						"1.0": [0, 0, 0],
						"2.625": [25, 0, 0],
						"3.4167": [-18, -7, 2]
					}
				},
				"cm2": {
					"rotation": {
						"0.25": [0, 0, 0],
						"1.0": [76.35027, 6.27967, 24.24769]
					},
					"position": {
						"1.0": [0, 0, 0],
						"2.625": [-18, -4, -10],
						"3.4167": [22, -4, -10]
					}
				},
				"cm25": {
					"rotation": {
						"0.125": [0, 0, 0],
						"0.9583": [-14.51082, -43.07952, 20.75357]
					}
				},
				"cm13": {
					"rotation": {
						"0.125": [0, 0, 0],
						"0.9583": [13.46783, -32.61461, -23.9568]
					}
				},
				"head": {
					"rotation": {
						"0.875": [0, 0, 0],
						"2.625": [0, 0, 2.5]
					},
					"position": {
						"0.875": [0, 0, 0],
						"2.625": [26, -4, 0],
						"3.4167": [-26, -4, 0]
					}
				},
				"queicho": {
					"position": {
						"1.9583": [0, 0, 0],
						"2.2083": [0, -5, 0],
						"3.125": [0, -4, 0],
						"3.4167": [0, 0, 0]
					}
				},
				"boca4": {
					"position": [0, 0, 0]
				}
			}
		}
	}
}