{
	"format_version": "1.8.0",
	"animations": {
		"animation.mommy.walk": {
			"loop": true,
			"animation_length": 2.125,
			"bones": {
				"falda": {
					"position": {
						"0.0": [0, 0, 0],
						"0.75": [-3, 4, 0],
						"1.25": [0, 0, 0],
						"1.5": [3, 4, 0],
						"2.0833": [0, 0, 0]
					},
					"scale": {
						"0.3333": [1, 1, 1],
						"0.75": [1, 1.1, 1],
						"1.25": [1, 1, 1],
						"1.5417": [1, 1.1, 1],
						"1.9583": [1, 1, 1]
					}
				},
				"daddylonglegs": {
					"rotation": {
						"0.0": [0, 0, 0],
						"0.6667": [0, 0, 7.5],
						"0.9167": [0, 0, 0],
						"1.1667": [0, 0, -2.5],
						"1.4583": [0, 0, -11.63],
						"2.0": [0, 0, 0]
					},
					"position": {
						"0.0": [0, 1, 0],
						"0.6667": [0, 16, 0],
						"0.9167": [0, 1, 0],
						"1.1667": [0, 1, 0],
						"1.4583": [0, 24, 0],
						"2.0": [0, 1, 0]
					}
				},
				"part1": {
					"rotation": {
						"0.0": [0, 0, 0],
						"0.7083": [0, 0, 10],
						"1.4583": [0, 0, -5],
						"2.0417": [0, 0, 0]
					},
					"position": [0, 1, 0]
				},
				"brao": {
					"rotation": {
						"0.0": [0, 0, 0],
						"0.7917": [0, 0, 10],
						"1.4167": [0, 0, -10],
						"2.0417": [0, 0, 0]
					},
					"position": [0, 1, 0]
				},
				"bx5": {
					"rotation": {
						"0.4167": [0, 0, -2.5],
						"0.75": [-17.5, 55, 22.5],
						"1.2917": [-17.5, 55, 22.5],
						"1.5": [0, 0, -15],
						"2.0417": [0, 0, 0]
					}
				},
				"brao2": {
					"rotation": {
						"0.0": [0, 0, 0],
						"0.6667": [0, 0, 22.5],
						"1.5": [0, 0, -10],
						"2.0417": [0, 0, 0]
					}
				},
				"cm25": {
					"rotation": {
						"0.0": [0, 0, 2.5],
						"0.1667": [-11.68076, -26.33809, 45.61599],
						"0.625": [-23.91273, -21.18794, 70.54558],
						"0.9167": [17.5, 55, 22.5],
						"2.0833": [0, 0, 2.5]
					}
				},
				"cm26": {
					"rotation": [0, 0, 0]
				},
				"perna": {
					"rotation": {
						"0.0": [0, 0, 0],
						"0.6667": [-37.5, 0, 0],
						"1.4583": [32.5, 0, 0],
						"2.0417": [2.5, 0, 0]
					}
				},
				"bx4": {
					"rotation": {
						"0.0": [0, 0, 0],
						"0.125": [15, 0, 0],
						"0.5833": [20, 0, 0],
						"0.75": [2.5, 0, 0],
						"1.375": [2.5, 0, 0],
						"1.5833": [25, 0, 0],
						"2.0417": [0, 0, 0]
					}
				},
				"cm35": {
					"rotation": {
						"0.0": [0, 0, 0],
						"0.125": [27.5, 0, 0],
						"0.5833": [30, 0, 0],
						"0.75": [-5, 0, 0],
						"1.4167": [-5, 0, 0],
						"1.625": [17.5, 0, 0],
						"2.0417": [0, 0, 0]
					}
				},
				"cm37": {
					"rotation": {
						"0.0": [0, 0, 0],
						"0.125": [17.5, 0, 0],
						"0.6667": [20, 0, 0],
						"0.7917": [-7.5, 0, 0],
						"1.4583": [-7.5, 0, 0],
						"1.6667": [22.5, 0, 0],
						"2.0417": [0, 0, 0]
					}
				},
				"perna2": {
					"rotation": {
						"0.0": [0, 0, 0],
						"0.6667": [27.5, 0, 0],
						"1.5": [-37.5, 0, 0],
						"2.0417": [0, 0, 0]
					}
				},
				"cm16": {
					"rotation": {
						"0.0": [0, 0, 0],
						"0.5833": [0, 0, 0],
						"0.75": [7.5, 0, 0],
						"1.4167": [17.5, 0, 0],
						"1.5833": [-10, 0, 0],
						"2.0417": [0, 0, 0]
					}
				},
				"bx6": {
					"rotation": [0, 0, 0],
					"position": {
						"0.5833": [0, 0, 0],
						"0.8333": [0, 0, 2],
						"1.375": [0, 0, 4],
						"1.5": [0, 0, 0]
					}
				},
				"cm2": {
					"rotation": {
						"0.625": [-2.5, 0, 0],
						"0.75": [25, 0, 0],
						"1.4583": [37.5, 0, 0],
						"1.625": [-2.5, 0, 0],
						"2.0417": [-2.5, 0, 0]
					}
				},
				"cm5": {
					"rotation": {
						"0.5417": [0, 0, 0],
						"0.7083": [35, 0, 0],
						"1.3333": [42.5, 0, 0],
						"1.625": [2.5, 0, 0],
						"2.0417": [-2.5, 0, 0]
					}
				},
				"cabelo": {
					"rotation": {
						"0.0": [0, 0, 0],
						"0.625": [0, 0, -20],
						"1.5": [0, 0, 15],
						"2.0833": [0, 0, 0]
					}
				},
				"cm44": {
					"position": [0, 1, 0]
				},
				"head": {
					"position": {
						"0.0": [0, 0, 1],
						"0.5": [0, 0, 14],
						"1.0833": [0, 0, 6],
						"1.5417": [0, 0, 14],
						"2.125": [0, 0, 1]
					}
				},
				"pescoso": {
					"rotation": {
						"0.0": [0, 0, 0],
						"0.5417": [-12.5, 0, 0],
						"1.0": [-7.5, 0, 0],
						"1.5417": [-17.5, 0, 0],
						"2.125": [0, 0, 0]
					}
				}
			}
		},
		"animation.mommy.move": {
			"loop": true,
			"animation_length": 14.75,
			"bones": {
				"part1": {
					"rotation": {
						"0.875": [0, 0, 0],
						"1.2083": [-32.5, 0, 0],
						"1.9583": [-37.5, 0, 0],
						"2.3333": [0, 0, 0],
						"2.5": [0, 0, 0],
						"3.375": [25, 0, 0],
						"4.6667": [0, 0, 0],
						"5.9583": [27.5, 0, 0],
						"7.0833": [0, 0, 0],
						"8.5417": [17.5, 0, 0],
						"9.7917": [0, 0, 0],
						"11.125": [22.5, 0, 0],
						"12.1667": [0, 0, 0],
						"13.4583": [15, 0, 0],
						"14.75": [0, 0, 0]
					}
				},
				"head": {
					"rotation": {
						"0.0": [0, 0, 0],
						"1.0": [0, 0, 0],
						"1.5833": [0, 0, 360],
						"1.75": [0, 0, 355],
						"1.9167": [0, 0, 370],
						"2.0417": [0, 0, 0]
					}
				},
				"brao": {
					"rotation": {
						"2.3333": [0, 0, 0],
						"3.4167": [0, 0, 15],
						"4.5833": [0, 0, 0],
						"4.8333": [0, 0, 0],
						"5.9167": [0, 0, 15],
						"7.0833": [0, 0, 0],
						"7.25": [0, 0, 0],
						"8.3333": [0, 0, 15],
						"9.5": [0, 0, 0],
						"9.625": [0, 0, 0],
						"10.7083": [0, 0, 15],
						"11.875": [0, 0, 0],
						"12.0833": [0, 0, 0],
						"13.1667": [0, 0, 15],
						"14.3333": [0, 0, 0]
					}
				},
				"brao2": {
					"rotation": {
						"2.25": [0, 0, 0],
						"3.4167": [0, 0, -10],
						"4.625": [0, 0, 0],
						"4.7917": [0, 0, 0],
						"5.9583": [0, 0, -10],
						"7.1667": [0, 0, 0],
						"7.3333": [0, 0, 0],
						"8.5": [0, 0, -10],
						"9.7083": [0, 0, 0],
						"9.8333": [0, 0, 0],
						"11.0": [0, 0, -10],
						"12.2083": [0, 0, 0],
						"12.3333": [0, 0, 0],
						"13.5": [0, 0, -10],
						"14.7083": [0, 0, 0]
					}
				}
			}
		}
	}
}