{
	"format_version": "1.8.0",
	"animations": {
		"animation.pug_pillar.walk": {
			"loop": true,
			"animation_length": 1.08333,
			"bones": {
				"pugpillar": {
					"rotation": {
						"0.0": [0, 0, -2.5],
						"0.3333": [0, 0, 20],
						"0.75": [0, 0, -15],
						"1.0833": [0, 0, -2.5]
					},
					"position": {
						"0.0": [0, 1, 0],
						"0.3333": [0, 6, 0],
						"0.5417": [0, 1, 0],
						"0.75": [0, 8, 0],
						"1.0833": [0, 1, 0]
					}
				},
				"corpo": {
					"position": {
						"0.0": [0, 0, 0],
						"0.3333": [0, 3, 0],
						"0.75": [0, -7, 0],
						"1.0833": [0, 0, 0]
					}
				},
				"corpo5": {
					"position": {
						"0.0": [0, 0, 0],
						"0.3333": [0, 4, 0],
						"0.75": [0, -9.22, 0],
						"1.0833": [0, 0, 0]
					}
				},
				"corpo9": {
					"position": {
						"0.0": [0, 1, 0],
						"0.3333": [0, 3, 0],
						"0.75": [0, -10.11, 0],
						"1.0833": [0, 1, 0]
					}
				},
				"corpo13": {
					"position": {
						"0.0": [0, -1, 0],
						"0.3333": [0, 2, 0],
						"0.75": [0, -8.67, 0],
						"1.0833": [0, -1, 0]
					}
				}
			}
		},
		"animation.pug_pillar.move": {
			"loop": true,
			"animation_length": 1.08333,
			"bones": {
				"corpo": {
					"position": {
						"0.0": [0, 0, 0],
						"0.3333": [0, 3, 0],
						"0.75": [0, -7, 0],
						"1.0833": [0, 0, 0]
					}
				},
				"corpo5": {
					"position": {
						"0.0": [0, 0, 0],
						"0.3333": [0, 4, 0],
						"0.75": [0, -9.22, 0],
						"1.0833": [0, 0, 0]
					}
				},
				"corpo9": {
					"position": {
						"0.0": [0, 1, 0],
						"0.3333": [0, 3, 0],
						"0.75": [0, -10.11, 0],
						"1.0833": [0, 1, 0]
					}
				},
				"corpo13": {
					"position": {
						"0.0": [0, -1, 0],
						"0.3333": [0, 2, 0],
						"0.75": [0, -8.67, 0],
						"1.0833": [0, -1, 0]
					}
				},
				"head": {
					"position": {
						"0.0": [0, 1, 0],
						"0.25": [0, -10, 0],
						"0.8333": [0, -1, 0],
						"1.0833": [0, 1, 0]
					}
				}
			}
		}
	}
}