{
  "resource_pack_name": "Furnicraft[Resource]",
  "texture_name": "atlas.items",
  "texture_data": {
    "ff_diamond": {
      "textures": "textures/items/ff_diamond"
    },
    "pet_food": {
      "textures": "textures/items/pet_food"
    },
    "night_panter": {
      "textures": "textures/items/night_panter"
    },
    "robo": {
      "textures": "textures/items/robo"
    },
    "shiba": {
      "textures": "textures/items/shiba"
    },
    "mechanical_pup": {
      "textures": "textures/items/mechanical_pup"
    },
    "poring": {
      "textures": "textures/items/poring"
    },
    "falco": {
      "textures": "textures/items/falco"
    }
  }
}