{
  "format_version": "1.8.0",
  "render_controllers": {
    "controller.render.dolphinmu": {
      "geometry": "Geometry.default",
      "materials": [
        {
          "*": "Material.default"
        }
      ],
      "textures": [
        "query.is_name_any('Bottle') ? Texture.default : query.is_name_any('Melon-Headed') ? Texture.default5 : query.is_name_any('Pygmy Orca') ? Texture.default6 : query.is_name_any('Cameroon') ? Texture.default7 : query.is_name_any('Springer') ? Texture.default8 : query.is_name_any('Common') ? Texture.default9 : query.is_name_any('Dusky') ? Texture.default10 : query.is_name_any('Frasers') ? Texture.default11 : query.is_name_any('Hourglass') ? Texture.default12 : query.is_name_any('Rollever') ? Texture.default13 : query.is_name_any('White Stripe') ? Texture.default14 : query.is_name_any('Peals') ? Texture.default15 : query.is_name_any('Clymene') ? Texture.default16 : query.is_name_any('Striped') ? Texture.default17 : query.is_name_any('Tycuxi') ? Texture.default18 : query.is_name_any('Whitebeaked') ? Texture.default19 : query.is_name_any('Bridled Dolphin 1') ? Texture.default20 : query.is_name_any('Bottle 2') ? Texture.default21 : query.is_name_any('Black') ? Texture.default22 : query.is_name_any('Commersons') ? Texture.default23 : query.is_name_any('Common 2') ? Texture.default24 : query.is_name_any('Heavisides') ? Texture.default25 : query.is_name_any('Hectors') ? Texture.default26 : query.is_name_any('Pink Dolphin') ? Texture.default27 : query.is_name_any('Irrawaddy') ? Texture.default28 : query.is_name_any('Northen RW') ? Texture.default29 : query.is_name_any('Bridled Dolphin 2') ? Texture.default30 : query.is_name_any('Rissos') ? Texture.default31 : query.is_name_any('Roughtoothed') ? Texture.default32 : query.is_name_any('Southern RW') ? Texture.default33 : query.is_name_any('Burmeisters') ? Texture.default37 : query.is_name_any('Vaquita') ? Texture.default38 : query.is_name_any('Spectacled') ? Texture.default39 : query.is_name_any('Finless') ? Texture.default40 : query.is_name_any('Harbor') ? Texture.default41 : query.is_name_any('Dalls') ? Texture.default42 : query.is_name_any('Boto') ? Texture.default43 : query.is_name_any('Baiji') ? Texture.default44 : query.is_name_any('Indus') ? Texture.default45 : query.is_name_any('La Plata') ? Texture.default46 : Array.Xskins[variable.Xvar]"
      ],
      "arrays": {
        "textures": {
          "Array.Xskins": [
            "Texture.default",
            "Texture.default5",
            "Texture.default6",
            "Texture.default7",
            "Texture.default8",
            "Texture.default9",
            "Texture.default10",
            "Texture.default11",
            "Texture.default12",
            "Texture.default13",
            "Texture.default14",
            "Texture.default15",
            "Texture.default16",
            "Texture.default17",
            "Texture.default18",
            "Texture.default19",
            "Texture.default20",
            "Texture.default21",
            "Texture.default22",
            "Texture.default23",
            "Texture.default24",
            "Texture.default25",
            "Texture.default26",
            "Texture.default27",
            "Texture.default28",
            "Texture.default29",
            "Texture.default30",
            "Texture.default31",
            "Texture.default32",
            "Texture.default33",
            "Texture.default37",
            "Texture.default38",
            "Texture.default39",
            "Texture.default40",
            "Texture.default41",
            "Texture.default42",
            "Texture.default43",
            "Texture.default44",
            "Texture.default45",
            "Texture.default46"
          ]
        }
      }
    }
  }
}
