{
  "format_version": "1.8.0",
  "minecraft:client_entity": {
    "description": {
      "identifier": "spk:mommy_toy",
      "materials": {
        "default": "televisor"
      },
      "textures": {
        "white": "textures/entity/pamobile/spk_mommy_toy"
      },
      "geometry": {
        "default": "geometry.closet"
      },
      "render_controllers": [
        "controller.render.shulker"
      ],
      "spawn_egg": {
        "texture": "spk:mommy_toy",
        "texture_index": 0
      }
    }
  }
}