{"animations":{"animation.huggy_become_use":{"animation_length":0.1,"loop":true,"timeline":{"0.0":["@s huggy","/tag @s add huggy","/gamerule commandblockoutput false","/gamerule sendcommandfeedback false","/gamemode s @s","/effect @s[tag=huggy] night_vision 9999999 255 true","/effect @s[tag=huggy] regeneration 10 4 true","/give @s[tag=huggy] hw_bd:statue","/give @s[tag=huggy] hw_bd:hunt_mode","/replaceitem entity @s[tag=huggy] slot.hotbar 8 hw_bd:huggy_remove","/clear @s[tag=huggy] hw_bd:huggy_become","/gamerule commandblockoutput true","/gamerule sendcommandfeedback true"]}},"animation.huggy_dusk":{"animation_length":0.1,"loop":true,"timeline":{"0.0":["/execute @s[tag=huggy] ~~~ function dusking"]}},"animation.huggy_no_target":{"animation_length":0.1,"loop":true,"timeline":{"0.0":["/effect @s[tag=huggy] slowness 1 1 true","/effect @s[tag=huggy] weakness 9999999 255 true","/effect @s[tag=huggy] resistance 9999999 2 true","/effect @s[tag=huggy] saturation 9999999 255 true"]}},"animation.huggy_remove_items":{"animation_length":0.1,"loop":true,"timeline":{"0.0":["@s player","/tag @s remove huggy","/playanimation @s animation.huggy_wuggy_bd.non","/stopsound @a","/title @s actionbar §lYou are back as a player","/effect @s clear","/clear @s hw_bd:huggy_remove","/clear @s hw_bd:hunt_mode","/clear @s hw_bd:passive_mode","/clear @s hw_bd:huggy_become","/clear @s hw_bd:jumpscare","/clear @s hw_bd:statue","/gamerule commandblockoutput false","/gamerule sendcommandfeedback false","/give @s hw_bd:huggy_become","/gamerule commandblockoutput true","/gamerule sendcommandfeedback true"]}},"animation.huggy_target":{"animation_length":0.1,"loop":true,"timeline":{"0.0":["/effect @s[tag=huggy] regeneration 0 0 true","/effect @s[tag=huggy] night_vision 9999999 255 true","/effect @s[tag=huggy] resistance 9999999 2 true","/effect @s[tag=huggy] saturation 9999999 255 true"]}},"animation.hunt_mode_use":{"animation_length":0.1,"loop":true,"timeline":{"0.0":["@s bd:is_hunt_mode","/clear @s[tag=huggy] hw_bd:hunt_mode","/clear @s[tag=huggy] hw_bd:statue","/gamerule commandblockoutput false","/gamerule sendcommandfeedback false","/give @s[tag=huggy] hw_bd:passive_mode","/give @s[tag=huggy] hw_bd:jumpscare","/effect @s[tag=huggy] weakness 0 0 true","/effect @s[tag=huggy] slowness 0 0 true","/gamerule commandblockoutput true","/gamerule sendcommandfeedback true"]}},"animation.passive_mode_use":{"animation_length":0.1,"loop":true,"timeline":{"0.0":["@s bd:is_passive_mode","/clear @s[tag=huggy] hw_bd:jumpscare","/clear @s[tag=huggy] hw_bd:passive_mode","/gamerule commandblockoutput false","/gamerule sendcommandfeedback false","/effect @s[tag=huggy] night_vision 0 0 true","/effect @s[tag=huggy] regeneration 10 4 true","/give @s[tag=huggy] hw_bd:statue","/give @s[tag=huggy] hw_bd:hunt_mode","/gamerule commandblockoutput true","/gamerule sendcommandfeedback true"]}},"animation.player_spawn":{"animation_length":0.1,"loop":false,"timeline":{"0.0":["@s player","/tag @s remove huggy","/gamemode c @s","/playanimation @s animation.huggy_wuggy_bd.non","/stopsound @s","/effect @s clear","/clear @s hw_bd:huggy_remove","/clear @s hw_bd:hunt_mode","/clear @s hw_bd:passive_mode","/clear @s hw_bd:huggy_become","/clear @s hw_bd:jumpscare","/clear @s hw_bd:statue","/gamerule commandblockoutput false","/gamerule sendcommandfeedback false","/give @s hw_bd:huggy_become","/gamerule commandblockoutput true","/gamerule sendcommandfeedback true"]}},"animation.vent_speed":{"animation_length":0.01,"loop":true,"timeline":{"0.0":["/stopsound @s mob.huggy_wuggy.step","/execute @s[tag=huggy] ~~~ effect @s slowness 0 0 true","/execute @s[tag=huggy] ~~~ effect @s speed 1 0 true"]}}},"format_version":"1.8.0"}