{"animations":{"animation.jumpscare":{"animation_length":1.3,"loop":false,"timeline":{"0.0":["/playanimation @a[tag=huggy,r=2] animation.huggy_wuggy_bd.jumpscare","/function jumpscare"],"0.8":["/function jumpscare3"]}},"animation.vent_jumpscare":{"animation_length":1.3,"loop":false,"timeline":{"0.0":["/playanimation @a[tag=huggy,r=2] animation.huggy_wuggy_bd.non","/playanimation @a[tag=huggy,r=2] animation.huggy_wuggy_bd.jumpscare2","/playanimation @a[tag=huggy,r=2] animation.huggy_wuggy_bd.jumpscare2_leg","/function jumpscare_vent"],"0.8":["/function jumpscare3_vent"]}}},"format_version":"1.10.0"}