{
	"format_version": "1.10.0",
	"animation_controllers": {
	  "controller.animation.mommy_stretch_jn": {
		"initial_state": "default",
		"states": {
		  "default": {
			"transitions": [
			  {
				"stretch": "!query.has_rider"
			  }
			]
		  },
		  "stretch": {
			"transitions": [
			  {
				"default": "3.0"
			  }
			],
			"on_entry": [
				"/function jn/summonarm"
			 ]
		  }
		}
	  },
	  "controller.animation.mommy_catch_jn": {
		"initial_state": "default",
		"states": {
		  "default": {
			"transitions": [
			  {
				"back1": "query.has_rider"
			  }
			]
		  },
		  "back1": {
			"transitions": [
			  {
				"default": "!query.has_rider"
			  },
			  {
				"back2": "query.has_rider"
			  }
			],
			"on_entry": [
				"/function jn/handback"
			 ]
		  },
		  "back2": {
			"transitions": [
			  {
				"default": "!query.has_rider"
			  },
			  {
				"back1": "1.0"
			  }
			]
		  }
		}
	  },
	  "controller.animation.mommy_grab_jn": {
		"initial_state": "default",
		"states": {
		  "default": {
			"transitions": [
			  {
				"attack": "variable.attack_time > 0"
			  }
			]
		  },
		  "attack": {
			"transitions": [
			  {
				"default": "1.0"
			  }
			],
			"on_entry": [
				"/execute @s ~ ~ ~ ride @e[r=3,type=!jn:mommyarm,type=!jn:mommyarm2,type=!jn:mll,type=!jn:grabpack_entity] start_riding @s"
			 ]
		  }
		}
	  },
	  "controller.animation.mommy_catch2_jn": {
		"initial_state": "default",
		"states": {
		  "default": {
			"transitions": [
			  {
				"back1": "query.has_target && !query.has_rider"
			  }
			]
		  },
		  "back1": {
			"transitions": [
			  {
				"default": "!query.has_target"
			  },
			  {
				"default": "query.has_rider"
			  },
			  {
				"back2": "1.0"
			  }
			],
			"on_entry": [
				"/function jn/mommyhand_moveto"
			 ]
		  },
		  "back2": {
			"transitions": [
			  {
				"default": "!query.has_target"
			  },
			  {
				"default": "query.has_rider"
			  },
			  {
				"back1": "1.0"
			  }
			]
		  }
		}
	  }
  }
}