{
  "format_version": "1.10.0",
  "animation_controllers": {
    "controller.animation.mesin_boba_boba": {
      "initial_state": "default",
      "states": {
        "default": {
          "transitions": [
            {
              "boba": "q.get_name \u003d\u003d \u0027mixue\u0027 \u0026\u0026 q.is_sneaking"
            }
          ]
        },
        "boba": {
          "transitions": [
            {
              "default": "q.get_name \u003d\u003d \u0027mesin boba\u0027 \u0026\u0026 q.is_sneaking"
            }
          ],
          "on_entry": [
            "/function boba"
          ]
        }
      }
    }
  }
}