{
	"resource_pack-name": "vanilla",
	"texture_name": "atlas.items",
	"texture_data": {
		"broomstick_s": {
			"textures": "textures/items/broomstick_s"
		},
		"broomstick_a": {
			"textures": "textures/items/broomstick_a"
		},
		"broomstick_b": {
			"textures": "textures/items/broomstick_b"
		},
		"broomstick_d": {
			"textures": "textures/items/broomstick_d"
		},
		"broomstick_o": {
			"textures": "textures/items/broomstick_o"
		},
		"broomstick_j": {
			"textures": "textures/items/broomstick_j"
		},
		"broomstick_w": {
			"textures": "textures/items/broomstick_w"
		},
		"broomstick_c": {
			"textures": "textures/items/broomstick_c"
		},
		"bag_of_change": {
			"textures": "textures/items/boc"
		},
		"magical_broom_tip": {
			"textures": "textures/items/magical_broom_tip"
		},
  "blumel_flor": {
   "textures": "textures/items/blumel_flor"
  },
  "blumel_tronco": {
   "textures": "textures/items/blumel_tronco"
  },
  "blumel_feet": {
   "textures": "textures/items/blumel_feet"
  }
	}
}
