{
	"format_version": "1.12.0",
	"minecraft:geometry": [
		{
			"description": {
				"identifier": "geometry.huggy_old1_jn",
				"texture_width": 128,
				"texture_height": 128,
				"visible_bounds_width": 11,
				"visible_bounds_height": 6,
				"visible_bounds_offset": [0, 2, 0]
			},
			"bones": [
				{
					"name": "body",
					"pivot": [0, 32, 0],
					"cubes": [
						{"origin": [-4, 32, -2], "size": [8, 12, 4], "uv": [0, 24]}
					]
				},
				{
					"name": "head",
					"parent": "body",
					"pivot": [0, 44, 0],
					"cubes": [
						{"origin": [-4, 44, -4], "size": [8, 1, 8], "uv": [0, 15]},
						{"origin": [-4.5, 45, -4], "size": [9, 1, 8], "uv": [0, 80]},
						{"origin": [-5.45, 46, -4], "size": [11, 2, 8], "uv": [0, 70]},
						{"origin": [-7, 48, -4], "size": [14, 7, 8], "uv": [0, 0]},
						{"origin": [-10.9, 54, -4], "size": [7, 1, 8], "pivot": [0, 10, 0], "rotation": [0, 0, 5], "uv": [24, 25]},
						{"origin": [3.9, 54, -4], "size": [7, 1, 8], "pivot": [0, 10, 0], "rotation": [0, 0, -5], "uv": [24, 25]}
					]
				},
				{
					"name": "eye1",
					"parent": "head",
					"pivot": [-4, 44, 0],
					"cubes": [
						{"origin": [-4.5, 48.6, -4.5], "size": [3.5, 3.5, 1], "uv": [0, 19]},
						{"origin": [-4.25, 48.9, -4.6], "size": [3, 3, 1], "uv": [0, 15]}
					]
				},
				{
					"name": "eye0",
					"parent": "head",
					"pivot": [6, 44, 0],
					"cubes": [
						{"origin": [0.5, 49, -4.5], "size": [3.5, 3.5, 1], "uv": [0, 19]},
						{"origin": [0.75, 49.25, -4.6], "size": [3, 3, 1], "uv": [0, 15]}
					]
				},
				{
					"name": "topjaw",
					"parent": "head",
					"pivot": [0, 44, 0],
					"cubes": [
						{"origin": [-5, 44, -4.01], "size": [10, 6, 0], "uv": [56, 45]}
					]
				},
				{
					"name": "arm0",
					"parent": "body",
					"pivot": [-5.5, 42, 0],
					"cubes": [
						{"origin": [-7, 35, -2], "size": [3, 9, 4], "uv": [42, 38]}
					]
				},
				{
					"name": "subarm2",
					"parent": "arm0",
					"pivot": [-5.5, 35, 0],
					"cubes": [
						{"origin": [-7, 27, -2], "size": [3, 8, 4], "uv": [28, 42]}
					]
				},
				{
					"name": "subarm0",
					"parent": "subarm2",
					"pivot": [-5.5, 27, 0],
					"cubes": [
						{"origin": [-7, 19, -2], "size": [3, 8, 4], "uv": [28, 42]}
					]
				},
				{
					"name": "subarm3",
					"parent": "subarm0",
					"pivot": [-5.5, 19, 0],
					"cubes": [
						{"origin": [-7, 11, -2], "size": [3, 8, 4], "uv": [28, 42]}
					]
				},
				{
					"name": "hand0",
					"parent": "subarm3",
					"pivot": [-5.5, 11, 0],
					"cubes": [
						{"origin": [-6.5, 6, -1.5], "size": [2, 5, 3], "uv": [66, 59]}
					]
				},
				{
					"name": "thumb0",
					"parent": "hand0",
					"pivot": [-5.5, 10, -1.5],
					"cubes": [
						{"origin": [-6, 9.5, -3.5], "size": [1, 1, 2], "uv": [20, 24]}
					]
				},
				{
					"name": "arm1",
					"parent": "body",
					"pivot": [5.5, 42, 0],
					"cubes": [
						{"origin": [4, 35, -2], "size": [3, 9, 4], "uv": [42, 38]}
					]
				},
				{
					"name": "subarm4",
					"parent": "arm1",
					"pivot": [5.5, 35, 0],
					"cubes": [
						{"origin": [4, 27, -2], "size": [3, 8, 4], "uv": [28, 42]}
					]
				},
				{
					"name": "subarm5",
					"parent": "subarm4",
					"pivot": [5.5, 27, 0],
					"cubes": [
						{"origin": [4, 19, -2], "size": [3, 8, 4], "uv": [28, 42]}
					]
				},
				{
					"name": "subarm6",
					"parent": "subarm5",
					"pivot": [5.5, 19, 0],
					"cubes": [
						{"origin": [4, 11, -2], "size": [3, 8, 4], "uv": [28, 42]}
					]
				},
				{
					"name": "hand2",
					"parent": "subarm6",
					"pivot": [5.5, 11, 0],
					"cubes": [
						{"origin": [4.5, 6, -1.5], "size": [2, 5, 3], "uv": [66, 59]}
					]
				},
				{
					"name": "thumb2",
					"parent": "hand2",
					"pivot": [5.5, 10, -1.5],
					"cubes": [
						{"origin": [5, 9.5, -3.5], "size": [1, 1, 2], "uv": [20, 24]}
					]
				},
				{
					"name": "leg0",
					"parent": "body",
					"pivot": [-2, 32, 0],
					"cubes": [
						{"origin": [-3.5, 25, -2], "size": [3, 7, 4], "uv": [38, 59]}
					]
				},
				{
					"name": "subleg3",
					"parent": "leg0",
					"pivot": [-2, 25, 0],
					"cubes": [
						{"origin": [-3.5, 17, -2], "size": [3, 8, 4], "uv": [56, 26]}
					]
				},
				{
					"name": "subleg0",
					"parent": "subleg3",
					"pivot": [-2, 17, 0],
					"cubes": [
						{"origin": [-3.5, 9, -2], "size": [3, 8, 4], "uv": [56, 26]}
					]
				},
				{
					"name": "subleg2",
					"parent": "subleg0",
					"pivot": [-2, 9, 0],
					"cubes": [
						{"origin": [-3.5, 1, -2], "size": [3, 8, 4], "uv": [56, 26]}
					]
				},
				{
					"name": "foot2",
					"parent": "subleg2",
					"pivot": [-2, 1, 0],
					"cubes": [
						{"origin": [-3.5, 0, -3], "size": [3, 2, 5], "uv": [66, 21]}
					]
				},
				{
					"name": "foothumb2",
					"parent": "foot2",
					"pivot": [-0.5, 1, 1],
					"cubes": [
						{"origin": [-0.5, 0, 0.5], "size": [2, 1, 1], "uv": [24, 31]}
					]
				},
				{
					"name": "leg1",
					"parent": "body",
					"pivot": [2, 32, 0],
					"cubes": [
						{"origin": [0.5, 25, -2], "size": [3, 7, 4], "uv": [52, 55]}
					]
				},
				{
					"name": "subleg5",
					"parent": "leg1",
					"pivot": [2, 25, 0],
					"cubes": [
						{"origin": [0.5, 17, -2], "size": [3, 8, 4], "uv": [54, 7]}
					]
				},
				{
					"name": "subleg1",
					"parent": "subleg5",
					"pivot": [2, 17, 0],
					"cubes": [
						{"origin": [0.5, 9, -2], "size": [3, 8, 4], "uv": [54, 7]}
					]
				},
				{
					"name": "subleg4",
					"parent": "subleg1",
					"pivot": [2, 9, 0],
					"cubes": [
						{"origin": [0.5, 2, -2], "size": [3, 7, 4], "uv": [54, 7]}
					]
				},
				{
					"name": "foot1",
					"parent": "subleg4",
					"pivot": [2, 1, 0],
					"cubes": [
						{"origin": [0.5, 0, -3], "size": [3, 2, 5], "uv": [20, 63]}
					]
				},
				{
					"name": "foothumb1",
					"parent": "foot1",
					"pivot": [0.5, -8, 1],
					"cubes": [
						{"origin": [-1.5, 0, 0.5], "size": [2, 1, 1], "uv": [24, 29]}
					]
				},
				{
					"name": "bow",
					"parent": "body",
					"pivot": [0, 42, -2],
					"cubes": [
						{"origin": [-3, 42, -2.2], "size": [3, 2, 0], "pivot": [0, 42, -2], "rotation": [0, 0, -25], "uv": [24, 27]},
						{"origin": [0, 42, -2.2], "size": [3, 2, 0], "pivot": [0, 42, -2], "rotation": [0, 0, 25], "uv": [26, 25]},
						{"origin": [-1.5, 38, -2.2], "size": [3, 4, 0], "uv": [24, 15]}
					]
				}
			]
		}
	]
}