{
   "mob.figure.ambient": {
      "category": " neutral",
      "sounds": [
         "sounds/mob/figure/ambient"
      ]
   },
   "mob.figure.growl": {
      "category": " neutral",
      "sounds": [
         "sounds/mob/figure/growl"
      ]
   },
   "mob.figure.cutscene": {
      "category": " neutral",
      "sounds": [
         "sounds/mob/figure/cutscene"
      ]
   },
   "mob.figure.cutscene2": {
      "category": " neutral",
      "sounds": [
         "sounds/mob/figure/cutscene2"
      ]
   },
   "mob.figure.cutscene3": {
      "category": " neutral",
      "sounds": [
         "sounds/mob/figure/cutscene3"
      ]
   },
   "mob.figure.library": {
      "category": " neutral",
      "sounds": [
         "sounds/mob/figure/library"
      ]
   },
   "mob.figure.heartbeat2": {
      "category": " neutral",
      "sounds": [
         "sounds/mob/figure/heartbeat2"
      ]
   },
   "mob.screech.psst": {
      "category": " neutral",
      "sounds": [
         "sounds/mob/screech/psst"
      ]
   },
   "mob.glitch.error": {
      "category": " neutral",
      "sounds": [
         "sounds/mob/glitch/error"
      ]
   },
   "mob.eyes.eyeballs": {
      "category": " neutral",
      "sounds": [
         "sounds/mob/eyes/eyeballs"
      ]
   },
   "mob.timothy.jump": {
      "category": " neutral",
      "sounds": [
         "sounds/mob/timothy/jump"
      ]
   },
   "mob.screech.scream": {
      "category": " neutral",
      "sounds": [
         "sounds/mob/screech/scream"
      ]
   },
   "mob.screech.attack": {
      "category": " neutral",
      "sounds": [
         "sounds/mob/screech/attack"
      ]
   },
   "mob.figure.roar": {
      "category": " neutral",
      "sounds": [
         "sounds/mob/figure/roar"
      ]
   },
   "mob.figure.step": {
      "category": " neutral",
      "sounds": [
         "sounds/mob/figure/step"
      ]
   },
   "mob.seek.chase": {
      "category": "music",
      "sounds": [
         "sounds/mob/seek/chase"
      ],
      "min_distance": 512
   },
   "mob.seek.bad_chase": {
      "category": "music",
      "sounds": [
         "sounds/mob/seek/bad_chase"
      ],
      "min_distance": 512
   },
   "mob.seek.spawn": {
      "category": "music",
      "sounds": [
         "sounds/mob/seek/spawn"
      ],
      "min_distance": 512
   },
   "mob.seek.attack": {
      "category": " neutral",
      "sounds": [
         "sounds/mob/seek/attack"
      ]
   },
   "mob.seek.scream_far": {
      "category": " neutral",
      "sounds": [
         "sounds/mob/seek/scream_far"
      ]
   },
   "mob.rush.incoming": {
      "category": " neutral",
      "sounds": [
         "sounds/mob/rush/incoming"
      ]
   },
   "mob.rush.fuse": {
      "category": " neutral",
      "sounds": [
         "sounds/mob/rush/fuse"
      ]
   },
   "mob.depth.scare": {
      "category": " neutral",
      "sounds": [
         "sounds/mob/depth/scare"
      ]
   },
   "mob.depth.chased": {
      "category": " neutral",
      "sounds": [
         "sounds/mob/depth/chased"
      ]
   },
   "mob.depth.spawn": {
      "category": " neutral",
      "sounds": [
         "sounds/mob/depth/spawn"
      ]
   },
   "mob.silence.spawn2": {
      "category": " neutral",
      "sounds": [
         "sounds/mob/silence/spawn2"
      ]
   },
   "mob.silence.idle": {
      "category": " neutral",
      "sounds": [
         "sounds/mob/silence/idle"
      ]
   },
   "mob.silence.kill": {
      "category": " neutral",
      "sounds": [
         "sounds/mob/silence/kill"
      ]
   },
   "mob.greed.damage": {
      "category": " neutral",
      "sounds": [
         "sounds/mob/greed/damage"
      ]
   },
   "mob.rush.incoming2": {
      "category": " neutral",
      "sounds": [
         "sounds/mob/rush/incoming2"
      ]
   },
   "mob.ambush.incoming3": {
      "category": " neutral",
      "sounds": [
         "sounds/mob/ambush/incoming3"
      ]
   },
   "mob.ambush.speed": {
      "category": " neutral",
      "sounds": [
         "sounds/mob/ambush/speed"
      ]
   },
   "mob.ambush.fast": {
      "category": " neutral",
      "sounds": [
         "sounds/mob/ambush/fast"
      ]
   },
   "mob.jack.loud": {
      "category": " neutral",
      "sounds": [
         "sounds/mob/jack/loud"
      ]
   },
   "mob.eyes.idle": {
      "category": " neutral",
      "sounds": [
         "sounds/mob/eyes/idle"
      ]
   },
   "mob.halt.coming": {
      "category": " neutral",
      "sounds": [
         "sounds/mob/halt/coming"
      ]
   },
   "mob.closet.hide": {
      "category": "neutral",
      "max_distance": 512,
      "sounds": [
         "sounds/mob/closet/hide"
      ]
   },
   "mob.hide.getout": {
      "category": "neutral",
      "max_distance": 512,
      "sounds": [
         "sounds/mob/hide/getout"
      ]
   },
   "mob.bed.hidden": {
      "category": "neutral",
      "max_distance": 512,
      "sounds": [
         "sounds/mob/bed/hidden"
      ]
   },
   "mob.bed.out": {
      "category": "neutral",
      "max_distance": 512,
      "sounds": [
         "sounds/mob/bed/out"
      ]
   },
   "mob.closet.expose": {
      "category": "neutral",
      "max_distance": 512,
      "sounds": [
         "sounds/mob/closet/expose"
      ]
   },
   "mob.elevator.jam": {
      "category": "music",
      "min_distance": 512,
      "sounds": [
         {
            "name": "sounds/mob/elevator/jam",
            "volume": 0.75
         }
      ]
   },
   "mob.elevator.shut": {
      "category": "music",
      "min_distance": 512,
      "sounds": [
         {
            "name": "sounds/mob/elevator/shut",
            "volume": 0.75
         }
      ]
   },
   "mob.elevator.dawn_of_the_door": {
      "category": "music",
      "min_distance": 512,
      "sounds": [
         {
            "name": "sounds/mob/elevator/dawn_of_the_door",
            "volume": 0.75
         }
      ]
   },
   "mob.elevator.unhinged": {
      "category": "music",
      "min_distance": 512,
      "sounds": [
         {
            "name": "sounds/mob/elevator/unhinged",
            "volume": 0.75
         }
      ]
   },
   "mob.closet.trap": {
      "category": "music",
      "min_distance": 512,
      "sounds": [
         {
            "name": "sounds/mob/closet/trap",
            "volume": 0.75
         }
      ]
   },
   "mob.trollface.troll": {
      "category": "music",
      "min_distance": 512,
      "sounds": [
         {
            "name": "sounds/mob/trollface/troll",
            "volume": 0.75
         }
      ]
   },
   "mob.a_60.secret": {
      "category": "music",
      "min_distance": 512,
      "sounds": [
         {
            "name": "sounds/mob/a_60/secret",
            "volume": 0.75
         }
      ]
   },
   "mob.closet.drawer": {
      "category": "music",
      "min_distance": 512,
      "sounds": [
         {
            "name": "sounds/mob/closet/drawer",
            "volume": 0.75
         }
      ]
   },
   "mob.closet.light": {
      "category": "music",
      "min_distance": 512,
      "sounds": [
         {
            "name": "sounds/mob/closet/light",
            "volume": 0.75
         }
      ]
   },
   "mob.closet.nolight": {
      "category": "music",
      "min_distance": 512,
      "sounds": [
         {
            "name": "sounds/mob/closet/nolight",
            "volume": 0.75
         }
      ]
   },
   "hotel_door.open": {
      "category": "neutral",
      "max_distance": 8,
      "sounds": [
         "sounds/mob/hotel_door/hotel_door_open"
      ]
   },
   "hotel_door.close": {
      "category": "neutral",
      "max_distance": 8,
      "sounds": [
         "sounds/mob/hotel_door/hotel_door_close"
      ]
   },
   "hotel_door.close": {
      "category": "neutral",
      "max_distance": 8,
      "sounds": [
         "sounds/mob/hotel_door/hotel_door_close"
      ]
   }
}