{
  "format_version": "1.8.0",
  "geometry.ball": {
    "texturewidth": 32,
    "textureheight": 20,
    "visible_bounds_width": 3,
    "visible_bounds_height": 2,
    "visible_bounds_offset": [
      0,
      0,
      0
    ],
    "bones": [
      {
        "name": "ball",
        "pivot": [
          0,
          4,
          0
        ],
        "cubes": [
          {
            "origin": [
              -4,
              1,
              -3
            ],
            "size": [
              8,
              6,
              6
            ],
            "uv": [
              0,
              0
            ]
          },
          {
            "origin": [
              -3,
              7,
              -3
            ],
            "size": [
              6,
              1,
              6
            ],
            "uv": [
              0,
              13
            ],
            "inflate": 0.01
          },
          {
            "origin": [
              -3,
              0,
              -3
            ],
            "size": [
              6,
              1,
              6
            ],
            "uv": [
              0,
              13
            ],
            "inflate": 0.01
          },
          {
            "origin": [
              -3,
              1,
              -4
            ],
            "size": [
              6,
              6,
              1
            ],
            "uv": [
              18,
              12
            ]
          },
          {
            "origin": [
              -3,
              1,
              3
            ],
            "size": [
              6,
              6,
              1
            ],
            "uv": [
              18,
              12
            ]
          }
        ]
      }
    ]
  }
}
