{
  "format_version": "1.8.0",
  "geometry.cat": {
    "visible_bounds_width": 2.5,
    "visible_bounds_height": 1,
    "visible_bounds_offset": [
      0,
      0.5,
      0
    ],
    "texturewidth": 64,
    "textureheight": 32,
    "bones": [
      {
        "pivot": [
          0.0,
          9.0,
          -9.0
        ],
        "locators": {
          "lead": [
            0.0,
            9.0,
            -9.0
          ]
        },
        "cubes": [
          {
            "origin": [
              -2.5,
              7.0,
              -12.0
            ],
            "size": [
              5.0,
              4.0,
              5.0
            ],
            "uv": [
              0.0,
              0.0
            ]
          },
          {
            "origin": [
              -1.5,
              7.01562,
              -13.0
            ],
            "size": [
              3.0,
              2.0,
              2.0
            ],
            "uv": [
              0.0,
              24.0
            ]
          },
          {
            "origin": [
              -2.0,
              11.0,
              -9.0
            ],
            "size": [
              1.0,
              1.0,
              2.0
            ],
            "uv": [
              0.0,
              10.0
            ]
          },
          {
            "origin": [
              1.0,
              11.0,
              -9.0
            ],
            "size": [
              1.0,
              1.0,
              2.0
            ],
            "uv": [
              6.0,
              10.0
            ]
          }
        ],
        "name": "head",
        "parent": "body"
      },
      {
        "pivot": [
          0.0,
          7.0,
          1.0
        ],
        "bind_pose_rotation": [
          90.0,
          0.0,
          0.0
        ],
        "cubes": [
          {
            "origin": [
              -2.0,
              -1,
              -2.0
            ],
            "size": [
              4.0,
              16.0,
              6.0
            ],
            "uv": [
              20.0,
              0.0
            ]
          }
        ],
        "name": "body"
      },
      {
        "pivot": [
          0.0,
          9.0,
          8.0
        ],
        "bind_pose_rotation": [
          90.0,
          0.0,
          0.0
        ],
        "cubes": [
          {
            "origin": [
              -0.5,
              1.0,
              8.0
            ],
            "size": [
              1.0,
              8.0,
              1.0
            ],
            "uv": [
              0.0,
              15.0
            ]
          }
        ],
        "name": "tail1",
        "parent": "body"
      },
      {
        "pivot": [
          0.0,
          9.0,
          16.0
        ],
        "bind_pose_rotation": [
          90.0,
          0.0,
          0.0
        ],
        "cubes": [
          {
            "origin": [
              -0.5,
              1.0,
              16.0
            ],
            "size": [
              1.0,
              8.0,
              1.0
            ],
            "uv": [
              4.0,
              15.0
            ],
            "inflate": 0.0,
            "mirror": false
          }
        ],
        "name": "tail2",
        "parent": "tail1"
      },
      {
        "pivot": [
          1.1,
          6.0,
          7.0
        ],
        "cubes": [
          {
            "origin": [
              0.1,
              0.0,
              6.0
            ],
            "size": [
              2.0,
              6.0,
              2.0
            ],
            "uv": [
              8.0,
              13.0
            ],
            "inflate": 0.0,
            "mirror": false
          }
        ],
        "name": "backLegL",
        "parent": "body"
      },
      {
        "pivot": [
          -1.1,
          6.0,
          7.0
        ],
        "cubes": [
          {
            "origin": [
              -2.1,
              0.0,
              6.0
            ],
            "size": [
              2.0,
              6.0,
              2.0
            ],
            "uv": [
              8.0,
              13.0
            ],
            "inflate": 0.0,
            "mirror": false
          }
        ],
        "name": "backLegR",
        "parent": "body"
      },
      {
        "pivot": [
          1.2,
          10.0,
          -4.0
        ],
        "cubes": [
          {
            "origin": [
              0.2,
              0.2,
              -5.0
            ],
            "size": [
              2.0,
              10.0,
              2.0
            ],
            "uv": [
              40.0,
              0.0
            ],
            "inflate": 0.0,
            "mirror": false
          }
        ],
        "name": "frontLegL",
        "parent": "body"
      },
      {
        "pivot": [
          -1.2,
          10.0,
          -4.0
        ],
        "cubes": [
          {
            "origin": [
              -2.2,
              0.2,
              -5.0
            ],
            "size": [
              2.0,
              10.0,
              2.0
            ],
            "uv": [
              40.0,
              0.0
            ],
            "inflate": 0.0,
            "mirror": false
          }
        ],
        "name": "frontLegR",
        "parent": "body"
      },
      {
        "name": "rightArm",
        "parent": "head",
        "pivot": [
          0,
          6,
          -6
        ]
      },
      {
        "name": "rightItem",
        "parent": "rightArm",
        "pivot": [
          0,
          6,
          -6
        ]
      },
      {
        "name": "leftArm",
        "parent": "head",
        "pivot": [
          0,
          6,
          -6
        ]
      },
      {
        "name": "leftItem",
        "parent": "leftArm",
        "pivot": [
          0,
          6,
          -6
        ],
        "scale": [
          0,
          0,
          0
        ]
      }
    ]
  }
}
