{
  "format_version": "1.8.0",
  "minecraft:client_entity": {
    "description": {
      "identifier": "ta:falco",
      "materials": {
        "default": "pig"
      },
      "textures": {
        "default": "textures/ff_pet/falco"
      },
      "geometry": {
        "default": "geometry.falco"
      },
      "scripts": {
        "pre_animation": [
          "variable.state \u003d query.is_dancing ? 3 : (query.is_sitting ? 2 : (!query.is_on_ground \u0026\u0026 !query.is_jumping \u0026\u0026 !query.is_riding ? 0 : 1));",
          "variable.dance.x \u003d Math.cos(query.life_time * 57.3 * 20.0);",
          "variable.dance.y \u003d -Math.sin(query.life_time * 57.3 * 20.0);",
          "variable.wing_flap \u003d ((math.sin(query.wing_flap_position * 57.3) + 1) * query.wing_flap_speed);"
        ]
      },
      "animations": {
        "sitting": "animation.falco",
        "flying": "animation.falco.gerak"
      },
      "animation_controllers": [
        {
          "setup": "controller.animation.parrot.setup"
        },
        {
          "move": "controller.animation.parrot.move"
        }
      ],
      "render_controllers": [
        "controller.render.pet"
      ],
      "spawn_egg": {
        "texture": "falco",
        "texture_index": 0
      }
    }
  }
}