{
  "format_version": "1.10.0",
  "minecraft:client_entity": {
    "description": {
      "identifier": "ta:mechanical_pup",
      "materials": {
        "default": "pig"
      },
      "textures": {
        "default": "textures/ff_pet/mechanical_pup"
      },
      "geometry": {
        "default": "geometry.mechanical_pup"
      },
      "animations": {
        "walk": "animation.mechanical.gerak",
        "setup": "animation.mechanical",
        "move": "controller.animation.bergerak",
        "look_at_target": "controller.animation.bergerak"
      },
      "scripts": {
        "animate": [
          "setup",
          "move",
          "look_at_target"
        ]
      },
      "render_controllers": [
        "controller.render.pet"
      ],
      "spawn_egg": {
        "texture": "mechanical_pup",
        "texture_index": 0
      }
    }
  }
}