{
    "pools": [
        {
            "rolls": 1,
            "entries": [
                {
                    "type": "item",
                    "name": "stk:belly",
                    "weight": 1,
                    "functions": [
                        {
                            "function": "set_count",
                            "count": {
                                "min": 40,
                                "max": 45                       }
                        },
                        {
                            "function": "looting_enchant",
                            "count": {
                                "min": 2,
                                "max": 3                                               }
                        }
                    ]
                }
            ]
        }
    ]
}
