{
  "format_version": "1.10.0",
  "animation_controllers": {
    "controller.animation.jumpscare2": {
      "states": {
        "default": {
          "transitions": [
            {
              "huggy_wuggy": "(1.0)"
            }
          ],
          "on_entry": [
                  "/execute @e[r=2.1,type=!player] ~~~ tp @s ~ ~0.15 ~",
                  "/kill @e[type=!player,r=2]",
                  "/effect @e[r=3] blindness 2 2 true",
                  "/gamerule commandblockoutput false",
                  "/gamerule sendcommandfeedback false"
          ]
        },
        "huggy_wuggy": {
          "transitions": [
            {
              "default": "query.get_equipped_item_name == 'jumpscare2' && query.is_using_item"
            }
          ],
          "on_entry": [
                  "/execute @e[r=2.1,type=!player] ~~~ tp @s ~ ~0.15 ~",
                  "/kill @e[type=!player,r=2]",
                  "/effect @e[r=3] blindness 2 2 true",
                  "/gamerule commandblockoutput false",
                  "/gamerule sendcommandfeedback false"
          ]
        }
      }
    }
  }
}