{
  "format_version": "1.10.0",
  "animation_controllers": {
    "controller.animation.regeneration": {
      "states": {
        "default": {
          "transitions": [
            {
              "huggy_wuggy": "(1.0)"
            }
          ],
          "on_entry": [
          "/function regeneration"
          ]
        },
        "huggy_wuggy": {
          "transitions": [
            {
              "default": "query.get_equipped_item_name == 'regeneration' && query.is_using_item"
            }
          ],
          "on_entry": [
          "/function regeneration"
          ]
        }
      }
    }
  }
}