{
	"format_version": "1.16.0",
	"minecraft:attachable": {
		"description": {
			"identifier": "minecraft:honey_bottle",
			"materials": {
				"default": "entity_alphatest"
			},
			"textures": {
				"default": "textures/entity/cigar"
			},
			"geometry": {
				"default": "geometry.cigar"
			},
			"particle_effects": {
                "smoke_cigar": "minecraft:smoke_cigar"
            },
            "sound_effects": {
                "cigar.smoke": "cigar.smoke"
            },
			"animations": {
			"bow_first_person": "controller.animation.bow.first_person",
				"bow_third_person": "controller.animation.bow.third_person",
				"cigar_smoke": "controller.animation.cigar.smoke",
				"wield": "animation.bow.wield",
				"cigar": "animation.cigar.smoke",
				"thirdperson_main_hand": "animation.bow.wield_third_person"
			},
			"scripts": {
				"animate": [
				"bow_first_person",
				"bow_third_person",
				"cigar_smoke"
				]
			},
			"render_controllers": ["controller.render.default"]
		}
	}
}