{
  "resource_pack_name": "vanilla",
  "texture_name": "atlas.items",
  "texture_data": {
    "huggy_wuggy": {
      "textures": [
        "textures/items/huggy_wuggy"
      ]
    },
    "huggy_wuggy_st": {
      "textures": [
        "textures/items/huggy_st"
      ]
    },
	"baka": {
      "textures": [
        "textures/items/amongus"
      ]
    },
	"huggy_fur": {
      "textures": [
        "textures/items/huggy_fur"
      ]
    },
	"kissy_missy": {
      "textures": [
        "textures/items/kissy_missy"
      ]
    },
	"mommy": {
      "textures": [
        "textures/items/mommy"
      ]
    },
	"green_pack": {
      "textures": [
        "textures/items/items/green_pack"
      ]
    },
	"og_pack": {
      "textures": [
        "textures/items/items/og_pack"
      ]
    },
	"red_star": {
      "textures": [
        "textures/items/red_star"
      ]
    },
	"void_block": {
      "textures": [
        "textures/blocks/void_block"
      ]
    },
	"void_ore": {
      "textures": [
        "textures/blocks/void_ore"
      ]
    },
	"void_helmet": {
      "textures": [
        "textures/items/void_helmet"
      ]
    },
	"void_leggings": {
      "textures": [
        "textures/items/void_leggings"
      ]
    },
	"void_chestplate": {
      "textures": [
        "textures/items/void_chestplate"
      ]
    },
	"void_ingot": {
      "textures": [
        "textures/items/void_ingot"
      ]
    },
	"void_fragment": {
      "textures": [
        "textures/items/void_fragment"
      ]
    },
	"void_boots": {
      "textures": [
        "textures/items/void_boots"
      ]
    },
	"cartoon_cat": {
      "textures": [
        "textures/items/eggs/cat"
      ]
    },
	"cartoon_hand": {
      "textures": [
        "textures/items/eggs/hand"
      ]
    },
	"amongus": {
      "textures": [
        "textures/items/eggs/amongus"
     ]
    },
	"timmy": {
      "textures": [
        "textures/items/eggs/timmy"
     ]
    },
	"hide": {
      "textures": [
        "textures/items/eggs/hidebehind"
      ]
    }
  }
}