{
    "format_version": "1.10.0",
    "minecraft:client_entity": {
        "description": {
            "identifier": "en:mini_rod_mechanic_rest",
            "materials": {
                "default": "zombie"
            },
            "textures": {
                "default": "textures\/entities\/minirod_mechanic"
            },
            "geometry": {
                "default": "geometry.minirod_mechanic_electrify"
            },
            "animations": {
                "walk": "animation.minirod.walk",
                "idle": "animation.minirod.electrify",
                "has_target": "animation.minirod.run",
                "attack": "animation.minirod.electrify",
                "death": "animation.irongolem.death",
                "look_at_target": "animation.iron_golem.look_at_target",
                "general": "controller.animation.mob.general"
            },
            "scripts": {
                "pre_animation": [
                    "variable.modified_tcos0 = Math.clamp(((Math.cos(query.modified_distance_moved * 13.5) * Math.min(query.modified_move_speed, 0.6) \/ variable.gliding_speed_value) * 25.0), -12.5, 12.5);",
                    "variable.attack_time = math.sin(variable.attack_time * 25);"
                ],
                "animate": [
                    "general",
                    {
                        "look_at_target": "query.is_alive"
                    },
                    {
                        "death": "!query.is_alive"
                    }
                ]
            },
            "render_controllers": [
                "controller.render.default"
            ]
        }
    }
}