{
	"format_version": "1.12.0",
	"minecraft:geometry": [
		{
			"description": {
				"identifier": "geometry.adabted_long_arm",
				"texture_width": 256,
				"texture_height": 80,
				"visible_bounds_width": 6,
				"visible_bounds_height": 5,
				"visible_bounds_offset": [0, 1.5, 0]
			},
			"bones": [
				{
					"name": "Leg1",
					"pivot": [-3.64715, 22.31495, 4.97917],
					"cubes": [
						{"origin": [-9, -2, -2], "size": [2, 3, 1], "pivot": [-6, 0, 0], "rotation": [-52.46216, 11.68546, 3.97448], "uv": [0, 0]}
					]
				},
				{
					"name": "Leg2",
					"pivot": [5.6681, 22.28341, 4.97383]
				},
				{
					"name": "Body",
					"pivot": [9, 0, 0],
					"cubes": [
						{"origin": [-2, 19, 2], "size": [4, 6, 5], "uv": [28, 15]}
					]
				},
				{
					"name": "bone36",
					"parent": "Body",
					"pivot": [0, 25, 5],
					"cubes": [
						{"origin": [-2, 25, 2], "size": [4, 6, 3], "pivot": [0, 25, 5], "rotation": [35, 0, 0], "uv": [25, 17]}
					]
				},
				{
					"name": "bone37",
					"parent": "bone36",
					"pivot": [0, 28, 1],
					"cubes": [
						{"origin": [-6, 28, -2], "size": [12, 12, 7], "pivot": [0, 28, 1], "rotation": [37.5, 0, 0], "uv": [83, 5]}
					]
				},
				{
					"name": "bone17",
					"parent": "bone37",
					"pivot": [-5, 33, -6],
					"cubes": [
						{"origin": [-4, 32, -6], "size": [0, 2, 5], "uv": [0, 0]}
					]
				},
				{
					"name": "bone58",
					"parent": "bone37",
					"pivot": [5, 37, -4],
					"cubes": [
						{"origin": [2, 36, -9], "size": [5, 5, 8], "pivot": [5, 37, -4], "rotation": [-27.5, 0, 0], "uv": [0, 0]}
					]
				},
				{
					"name": "bone59",
					"parent": "bone58",
					"pivot": [5, 40, -2],
					"cubes": [
						{"origin": [2, 39, -3], "size": [4, 10, 4], "pivot": [5, 40, -2], "rotation": [17.5, 0, 30], "uv": [130, 9]}
					]
				},
				{
					"name": "bone60",
					"parent": "bone59",
					"pivot": [7, 46, -2],
					"cubes": [
						{"origin": [5, 48, -8], "size": [13, 5, 8], "pivot": [7, 46, -2], "rotation": [6.35472, -8.79674, 23.27195], "uv": [104, 10]}
					]
				},
				{
					"name": "bone61",
					"parent": "bone60",
					"pivot": [19, 45, -3],
					"cubes": [
						{"origin": [19, 41, -5], "size": [14, 5, 5], "pivot": [19, 45, -3], "rotation": [0, 0, 42.5], "uv": [111, 10]}
					]
				},
				{
					"name": "bone62",
					"parent": "bone61",
					"pivot": [28, 34, -3],
					"cubes": [
						{"origin": [28, 32, -4], "size": [13, 3, 3], "pivot": [28, 34, -3], "rotation": [0, 0, 60], "uv": [224, 21]}
					]
				},
				{
					"name": "bone63",
					"parent": "bone62",
					"pivot": [34, 22, -3],
					"cubes": [
						{"origin": [33, 16, -4], "size": [3, 7, 3], "uv": [224, 24]}
					]
				},
				{
					"name": "bone64",
					"parent": "bone63",
					"pivot": [34, 16, -3],
					"cubes": [
						{"origin": [32, 9, -5], "size": [5, 7, 5], "uv": [80, 23]}
					]
				},
				{
					"name": "bone65",
					"parent": "bone64",
					"pivot": [34, 9, -3],
					"cubes": [
						{"origin": [33, 4, -4], "size": [2, 5, 2], "uv": [76, 7]}
					]
				},
				{
					"name": "bone66",
					"parent": "bone65",
					"pivot": [34, 4, -3],
					"cubes": [
						{"origin": [33, -1, -3], "size": [1, 5, 1], "uv": [0, 0]}
					]
				},
				{
					"name": "bone45",
					"parent": "bone37",
					"pivot": [5, 38, -7],
					"cubes": [
						{"origin": [5, 31, -8], "size": [4, 9, 4], "pivot": [5, 38, -7], "rotation": [-23.75529, -30.17615, -23.75529], "uv": [132, 34]}
					]
				},
				{
					"name": "bone46",
					"parent": "bone45",
					"pivot": [10, 33, -8]
				},
				{
					"name": "bone47",
					"parent": "bone46",
					"pivot": [10, 33, -8],
					"cubes": [
						{"origin": [8, 25, -9], "size": [4, 9, 4], "pivot": [10, 33, -8], "rotation": [-25, 0, 0], "uv": [133, 32]}
					]
				},
				{
					"name": "bone48",
					"parent": "bone47",
					"pivot": [10, 25, -10],
					"cubes": [
						{"origin": [9, 15, -11], "size": [2, 11, 2], "pivot": [10, 25, -10], "rotation": [-1.6229, -1.9318, 7.09089], "uv": [114, 10]}
					]
				},
				{
					"name": "bone49",
					"parent": "bone48",
					"pivot": [9, 15, -10],
					"cubes": [
						{"origin": [8, 5, -11], "size": [2, 10, 0], "uv": [82, 9]}
					]
				},
				{
					"name": "bone44",
					"parent": "bone37",
					"pivot": [-5, 38, -5],
					"cubes": [
						{"origin": [-8, 37, -7], "size": [5, 5, 7], "pivot": [-5, 38, -5], "rotation": [-30, 0, 0], "uv": [124, 7]}
					]
				},
				{
					"name": "bone50",
					"parent": "bone44",
					"pivot": [-5, 41, -2],
					"cubes": [
						{"origin": [-7, 40, -4], "size": [4, 8, 5], "pivot": [-5, 41, -2], "rotation": [0, 0, -30], "uv": [126, 6]}
					]
				},
				{
					"name": "bone51",
					"parent": "bone50",
					"pivot": [-8, 47, -2],
					"cubes": [
						{"origin": [-14, 47, -4], "size": [13, 5, 8], "pivot": [-8, 47, -2], "rotation": [-15.3141, 17.2294, -31.5667], "uv": [103, 11]}
					]
				},
				{
					"name": "bone52",
					"parent": "bone51",
					"pivot": [-14, 46, 2],
					"cubes": [
						{"origin": [-28, 42, 1], "size": [14, 5, 4], "pivot": [-14, 46, 2], "rotation": [0, 12.5, -50], "uv": [106, 14]}
					]
				},
				{
					"name": "bone53",
					"parent": "bone52",
					"pivot": [-21, 34, 6],
					"cubes": [
						{"origin": [-22, 22, 5], "size": [3, 13, 3], "pivot": [-21, 34, 6], "rotation": [0, 0, 20], "uv": [223, 21]}
					]
				},
				{
					"name": "bone54",
					"parent": "bone53",
					"pivot": [-24, 23, 6],
					"cubes": [
						{"origin": [-26, 17, 5], "size": [3, 6, 2], "uv": [147, 24]}
					]
				},
				{
					"name": "bone55",
					"parent": "bone54",
					"pivot": [-24, 17, 6],
					"cubes": [
						{"origin": [-27, 9, 4], "size": [5, 8, 4], "uv": [82, 22]}
					]
				},
				{
					"name": "bone56",
					"parent": "bone55",
					"pivot": [-24, 9, 6],
					"cubes": [
						{"origin": [-26, 4, 5], "size": [2, 5, 2], "uv": [114, 14]}
					]
				},
				{
					"name": "bone57",
					"parent": "bone56",
					"pivot": [-24, 4, 6],
					"cubes": [
						{"origin": [-25, -1, 6], "size": [1, 5, 1], "uv": [0, 0]}
					]
				},
				{
					"name": "bone38",
					"parent": "bone37",
					"pivot": [0, 37, -6],
					"cubes": [
						{"origin": [-4, 36, -9], "size": [8, 9, 6], "pivot": [0, 37, -6], "rotation": [32.5, 0, 0], "uv": [101, 29]}
					]
				},
				{
					"name": "bone",
					"parent": "bone38",
					"pivot": [-2, 38, -10]
				},
				{
					"name": "bone2",
					"parent": "bone",
					"pivot": [-2, 38, -14],
					"cubes": [
						{"origin": [-3, 35.71792, -16.085], "size": [0, 1, 2], "pivot": [-3, 35.7953, -14.17869], "rotation": [31.32977, -35.63104, -19.52546], "uv": [0, 0]}
					]
				},
				{
					"name": "bone40",
					"parent": "bone38",
					"pivot": [-5, 37, -6],
					"cubes": [
						{"origin": [-9, 31, -7], "size": [4, 9, 4], "pivot": [-5, 37, -6], "rotation": [-39.10406, 18.17696, 20.99692], "uv": [132, 34]}
					]
				},
				{
					"name": "bone41",
					"parent": "bone40",
					"pivot": [-10, 33, -8],
					"cubes": [
						{"origin": [-12, 25, -11], "size": [3, 9, 4], "pivot": [-10, 33, -8], "rotation": [-28.32159, -13.27207, 7.05309], "uv": [133, 33]}
					]
				},
				{
					"name": "bone42",
					"parent": "bone41",
					"pivot": [-10, 27, -12],
					"cubes": [
						{"origin": [-11, 16, -13], "size": [2, 10, 2], "uv": [116, 10]}
					]
				},
				{
					"name": "bone43",
					"parent": "bone42",
					"pivot": [-10, 16, -12],
					"cubes": [
						{"origin": [-11, 5, -12], "size": [2, 11, 0], "uv": [155, 0]}
					]
				},
				{
					"name": "bone39",
					"parent": "bone38",
					"pivot": [0, 43, -10],
					"cubes": [
						{"origin": [-2, 42, -12], "size": [4, 6, 4], "pivot": [0, 43, -10], "rotation": [-7.5, 0, 0], "uv": [36, 51]}
					]
				},
				{
					"name": "bone30",
					"parent": "Body",
					"pivot": [-2, 22, 5],
					"cubes": [
						{"origin": [-3, 20, 2], "size": [1, 5, 5], "pivot": [-2, 22, 5], "rotation": [35, 0, 0], "uv": [0, 0]}
					]
				},
				{
					"name": "bone31",
					"parent": "bone30",
					"pivot": [-3, 22, 5],
					"cubes": [
						{"origin": [-6, 13, 4], "size": [3, 11, 3], "pivot": [-3, 22, 5], "rotation": [-57.5, 0, 0], "uv": [39, 47]}
					]
				},
				{
					"name": "bone32",
					"parent": "bone31",
					"pivot": [-8, 17, 0],
					"cubes": [
						{"origin": [-9, 8, -2], "size": [3, 10, 2], "pivot": [-8, 17, 0], "rotation": [50, 0, 0], "uv": [40, 47]}
					]
				},
				{
					"name": "bone33",
					"parent": "bone32",
					"pivot": [-7, 10, 5],
					"cubes": [
						{"origin": [-8, 2, 4], "size": [3, 9, 2], "uv": [37, 52]}
					]
				},
				{
					"name": "bone34",
					"parent": "bone33",
					"pivot": [-6, 2, 5],
					"cubes": [
						{"origin": [-9, 1, -1], "size": [5, 2, 6], "pivot": [-6, 2, 5], "rotation": [7.5, 0, 0], "uv": [20, 18]}
					]
				},
				{
					"name": "bone67",
					"parent": "bone34",
					"pivot": [-8, 2, 0],
					"cubes": [
						{"origin": [-9, 1, -3], "size": [2, 1, 2], "pivot": [-8, 2, 0], "rotation": [30, 0, 0], "uv": [28, 20]}
					]
				},
				{
					"name": "bone35",
					"parent": "bone34",
					"pivot": [-5, 1, 0],
					"cubes": [
						{"origin": [-6, 1, -2], "size": [2, 1, 3], "pivot": [-5, 1, 0], "rotation": [32.72348, -6.3202, -4.04618], "uv": [51, 23]}
					]
				},
				{
					"name": "bone21",
					"pivot": [0, 22, 5]
				},
				{
					"name": "bone29",
					"parent": "bone21",
					"pivot": [0, 22, 5]
				},
				{
					"name": "bone22",
					"parent": "bone21",
					"pivot": [2, 22, 5],
					"cubes": [
						{"origin": [2, 20, 2], "size": [1, 5, 5], "pivot": [2, 22, 5], "rotation": [37.5, 0, 0], "uv": [0, 0]}
					]
				},
				{
					"name": "bone23",
					"parent": "bone22",
					"pivot": [3, 22, 5],
					"cubes": [
						{"origin": [3, 13, 4], "size": [3, 10, 3], "pivot": [3, 22, 5], "rotation": [-55, 0, 0], "uv": [37, 52]}
					]
				},
				{
					"name": "bone24",
					"parent": "bone23",
					"pivot": [5, 17, -1],
					"cubes": [
						{"origin": [6, 8, -2], "size": [3, 10, 2], "pivot": [5, 17, -1], "rotation": [49.52973, 2.81636, 0.02964], "uv": [39, 50]}
					]
				},
				{
					"name": "bone25",
					"parent": "bone24",
					"pivot": [7, 11, 5],
					"cubes": [
						{"origin": [5, 2, 4], "size": [3, 9, 2], "uv": [111, 11]}
					]
				},
				{
					"name": "bone26",
					"parent": "bone25",
					"pivot": [7, 3, 4],
					"cubes": [
						{"origin": [4, 1, 0], "size": [5, 2, 5], "pivot": [7, 3, 4], "rotation": [15, 0, 0], "uv": [23, 15]}
					]
				},
				{
					"name": "bone28",
					"parent": "bone26",
					"pivot": [8, 2, 0],
					"cubes": [
						{"origin": [7, 2, -3], "size": [2, 1, 3], "pivot": [8, 2, 0], "rotation": [45, 0, 0], "uv": [23, 22]}
					]
				},
				{
					"name": "bone27",
					"parent": "bone26",
					"pivot": [5, 2, 0],
					"cubes": [
						{"origin": [4, 2, -3], "size": [2, 1, 3], "pivot": [5, 2, 0], "rotation": [40, 0, 0], "uv": [31, 16]}
					]
				}
			]
		}
	]
}