{
	"format_version": "1.12.0",
	"minecraft:geometry": [
		{
			"description": {
				"identifier": "geometry.adabted_yellow_eye",
				"texture_width": 128,
				"texture_height": 128,
				"visible_bounds_width": 7,
				"visible_bounds_height": 8,
				"visible_bounds_offset": [0, 3, 0]
			},
			"bones": [
				{
					"name": "bb_main",
					"pivot": [0, 0, 0],
					"cubes": [
						{"origin": [2, 15, -10], "size": [7, 2, 2], "pivot": [0, 0, 0], "rotation": [0, -25, 0], "uv": [88, 66]},
						{"origin": [2, 10, -7], "size": [7, 2, 2], "pivot": [0, 0, 0], "rotation": [0, -25, 0], "uv": [104, 67]},
						{"origin": [-1, 2, -6], "size": [6, 2, 2], "pivot": [0, 0, 0], "rotation": [0, -62.5, 0], "uv": [81, 66]},
						{"origin": [-2, 2, 1], "size": [6, 2, 2], "pivot": [0, 0, 0], "rotation": [-180, -70, 180], "uv": [81, 66]},
						{"origin": [-5, 15, -7], "size": [6, 2, 2], "pivot": [0, 0, 0], "rotation": [0, 12.5, 0], "uv": [100, 66]},
						{"origin": [-5, 9, -3], "size": [6, 2, 2], "pivot": [0, 0, 0], "rotation": [0, 12.5, 0], "uv": [79, 78]}
					]
				},
				{
					"name": "bone",
					"pivot": [0, 14, 0],
					"cubes": [
						{"origin": [-2, 17, -5], "size": [8, 5, 8], "uv": [49, 40]}
					]
				},
				{
					"name": "bone3",
					"parent": "bone",
					"pivot": [2, 17, -2],
					"cubes": [
						{"origin": [1, 13, -3], "size": [2, 4, 4], "pivot": [2, 17, -2], "rotation": [15, 0, 0], "uv": [25, 51]}
					]
				},
				{
					"name": "bone4",
					"parent": "bone3",
					"pivot": [2, 13, -1],
					"cubes": [
						{"origin": [0, 10, -3], "size": [4, 3, 6], "pivot": [2, 13, -1], "rotation": [22.5, 0, 0], "uv": [54, 45]}
					]
				},
				{
					"name": "bone8",
					"parent": "bone4",
					"pivot": [2, 10, 0],
					"cubes": [
						{"origin": [1, 8, 0], "size": [2, 3, 2], "pivot": [2, 10, 0], "rotation": [27.5, 0, 0], "uv": [42, 37]}
					]
				},
				{
					"name": "bone9",
					"parent": "bone8",
					"pivot": [2, 9, 2],
					"cubes": [
						{"origin": [1, 6, 1], "size": [1, 3, 1], "pivot": [2, 9, 2], "rotation": [25, 0, 0], "uv": [0, 0]}
					]
				},
				{
					"name": "bone7",
					"parent": "bone",
					"pivot": [2, 14, 0]
				},
				{
					"name": "bone6",
					"parent": "bone",
					"pivot": [6, 16, 0]
				},
				{
					"name": "bone5",
					"parent": "bone",
					"pivot": [-2, 15, 0]
				},
				{
					"name": "bone2",
					"parent": "bone",
					"pivot": [0, 23, 0],
					"cubes": [
						{"origin": [-3, 22, -6], "size": [10, 7, 10], "uv": [2, 4]}
					]
				},
				{
					"name": "bone20",
					"parent": "bone2",
					"pivot": [2, 23, 4],
					"cubes": [
						{"origin": [1, 23, 4], "size": [1, 1, 4], "pivot": [2, 23, 4], "rotation": [-27.5, 0, 0], "uv": [81, 68]}
					]
				},
				{
					"name": "bone22",
					"parent": "bone20",
					"pivot": [2, 22, 8],
					"cubes": [
						{"origin": [1, 20, 8], "size": [3, 2, 7], "pivot": [2, 22, 8], "rotation": [-27.5, 0, 0], "uv": [67, 60]}
					]
				},
				{
					"name": "bone33",
					"parent": "bone22",
					"pivot": [1, 19, 13],
					"cubes": [
						{"origin": [-6, 19, 12], "size": [7, 2, 2], "pivot": [1, 19, 13], "rotation": [0, 0, -40], "uv": [81, 67]}
					]
				},
				{
					"name": "bone34",
					"parent": "bone33",
					"pivot": [-5, 15, 13],
					"cubes": [
						{"origin": [-6, 14, -2], "size": [2, 2, 16], "pivot": [-5, 15, 13], "rotation": [17.5, 0, 0], "uv": [73, 64]}
					]
				},
				{
					"name": "bone31",
					"parent": "bone22",
					"pivot": [1, 21, 9],
					"cubes": [
						{"origin": [-6, 20, 8], "size": [7, 2, 2], "pivot": [1, 21, 9], "rotation": [0, 0, -15], "uv": [96, 66]}
					]
				},
				{
					"name": "bone32",
					"parent": "bone31",
					"pivot": [-5, 19, 9],
					"cubes": [
						{"origin": [-6, 18, -5], "size": [2, 2, 14], "pivot": [-5, 19, 9], "rotation": [12.5, 0, 0], "uv": [73, 66]}
					]
				},
				{
					"name": "bone27",
					"parent": "bone22",
					"pivot": [4, 19, 12],
					"cubes": [
						{"origin": [4, 19, 12], "size": [7, 2, 2], "pivot": [4, 19, 12], "rotation": [0, 0, 45], "uv": [81, 66]}
					]
				},
				{
					"name": "bone28",
					"parent": "bone27",
					"pivot": [9, 15, 12],
					"cubes": [
						{"origin": [8, 14, -3], "size": [2, 2, 15], "pivot": [9, 15, 12], "rotation": [17.5, 0, 0], "uv": [72, 65]}
					]
				},
				{
					"name": "bone25",
					"parent": "bone22",
					"pivot": [4, 20, 8],
					"cubes": [
						{"origin": [4, 20, 8], "size": [7, 2, 2], "pivot": [4, 20, 8], "rotation": [0, 0, 12.5], "uv": [102, 66]}
					]
				},
				{
					"name": "bone26",
					"parent": "bone25",
					"pivot": [11, 20, 8],
					"cubes": [
						{"origin": [10, 18, -5], "size": [2, 2, 14], "pivot": [11, 20, 8], "rotation": [12.5, 0, 0], "uv": [73, 67]}
					]
				},
				{
					"name": "bone23",
					"parent": "bone22",
					"pivot": [2, 17, 13],
					"cubes": [
						{"origin": [1, 17, 13], "size": [3, 2, 5], "pivot": [2, 17, 13], "rotation": [-22.5, 0, 0], "uv": [80, 74]}
					]
				},
				{
					"name": "bone35",
					"parent": "bone23",
					"pivot": [1, 17, 18],
					"cubes": [
						{"origin": [-6, 16, 17], "size": [7, 2, 2], "pivot": [1, 17, 18], "rotation": [0, 0, -60], "uv": [95, 66]}
					]
				},
				{
					"name": "bone36",
					"parent": "bone35",
					"pivot": [-2, 11, 18],
					"cubes": [
						{"origin": [-4, 9, 1], "size": [2, 2, 18], "pivot": [-2, 11, 18], "rotation": [25, 0, 0], "uv": [71, 63]}
					]
				},
				{
					"name": "bone29",
					"parent": "bone23",
					"pivot": [4, 17, 17],
					"cubes": [
						{"origin": [4, 16, 17], "size": [7, 2, 2], "pivot": [4, 17, 17], "rotation": [0, 0, 67.5], "uv": [81, 67]}
					]
				},
				{
					"name": "bone30",
					"parent": "bone29",
					"pivot": [7, 11, 17],
					"cubes": [
						{"origin": [6, 10, 0], "size": [2, 2, 17], "pivot": [7, 11, 17], "rotation": [27.5, 0, 0], "uv": [72, 65]}
					]
				},
				{
					"name": "bone24",
					"parent": "bone23",
					"pivot": [2, 16, 17],
					"cubes": [
						{"origin": [1, 15, 18], "size": [3, 2, 4], "pivot": [2, 16, 17], "rotation": [-12.5, 0, 0], "uv": [104, 62]}
					]
				},
				{
					"name": "bone21",
					"parent": "bone20",
					"pivot": [3, 23, 4],
					"cubes": [
						{"origin": [3, 23, 4], "size": [1, 1, 4], "pivot": [3, 23, 4], "rotation": [-42.5, 0, 0], "uv": [81, 72]}
					]
				},
				{
					"name": "bone15",
					"parent": "bone2",
					"pivot": [-3, 29, -2],
					"cubes": [
						{"origin": [-6, 28, -2], "size": [3, 3, 4], "pivot": [-3, 29, -2], "rotation": [27.5862, 4.28453, 32.73785], "uv": [22, 0]}
					]
				},
				{
					"name": "bone16",
					"parent": "bone15",
					"pivot": [-5, 30, -1],
					"cubes": [
						{"origin": [-9, 29, -2], "size": [4, 4, 4], "pivot": [-5, 30, -1], "rotation": [0, 0, 20], "uv": [65, 29]}
					]
				},
				{
					"name": "bone17",
					"parent": "bone16",
					"pivot": [-6, 29, -1],
					"cubes": [
						{"origin": [-8, 25, -1], "size": [3, 5, 2], "pivot": [-6, 29, -1], "rotation": [0, 0, 15], "uv": [67, 30]}
					]
				},
				{
					"name": "bone18",
					"parent": "bone17",
					"pivot": [-7, 25, -1],
					"cubes": [
						{"origin": [-8, 17, -1], "size": [2, 8, 2], "uv": [57, 40]}
					]
				},
				{
					"name": "bone19",
					"parent": "bone18",
					"pivot": [-7, 17, -1],
					"cubes": [
						{"origin": [-8, 9, -1], "size": [1, 8, 1], "uv": [39, 30]}
					]
				},
				{
					"name": "bone10",
					"parent": "bone2",
					"pivot": [7, 29, -1],
					"cubes": [
						{"origin": [7, 29, -3], "size": [3, 3, 4], "pivot": [7, 29, -1], "rotation": [25, 0, -27.5], "uv": [66, 30]}
					]
				},
				{
					"name": "bone11",
					"parent": "bone10",
					"pivot": [8, 33, -1],
					"cubes": [
						{"origin": [8, 33, -3], "size": [4, 4, 4], "pivot": [8, 33, -1], "rotation": [0, 0, 60], "uv": [64, 30]}
					]
				},
				{
					"name": "bone12",
					"parent": "bone11",
					"pivot": [11, 30, -1],
					"cubes": [
						{"origin": [10, 25, -2], "size": [3, 5, 2], "pivot": [11, 30, -1], "rotation": [0, 2.5, -17.5], "uv": [68, 30]},
						{"origin": [10, 30, -1], "size": [1, 1, 1], "uv": [0, 8]}
					]
				},
				{
					"name": "bone13",
					"parent": "bone12",
					"pivot": [12, 25, -1],
					"cubes": [
						{"origin": [12, 17, -2], "size": [2, 8, 2], "uv": [57, 43]}
					]
				},
				{
					"name": "bone14",
					"parent": "bone13",
					"pivot": [12, 17, -1],
					"cubes": [
						{"origin": [12, 9, -1], "size": [1, 8, 1], "uv": [39, 31]}
					]
				}
			]
		}
	]
}