{
	"format_version": "1.12.0",
	"minecraft:geometry": [
		{
			"description": {
				"identifier": "geometry.big_spider2",
				"texture_width": 256,
				"texture_height": 256,
				"visible_bounds_width": 10,
				"visible_bounds_height": 5.5,
				"visible_bounds_offset": [0, 2.25, 0]
			},
			"bones": [
				{
					"name": "bone",
					"pivot": [23, 0, 27],
					"rotation": [177.5, 0, 180]
				},
				{
					"name": "Leg6",
					"parent": "bone",
					"pivot": [36.55213, 51.4228, 54.29695],
					"rotation": [-0.00598, 47.49981, -0.03461],
					"cubes": [
						{"origin": [-5.6819, -0.98471, 52.80526], "size": [2, 36, 1], "pivot": [0.3181, 0.01529, 52.80526], "rotation": [0, 0, 7.5], "uv": [18, 144]},
						{"origin": [-28.6819, 20.01529, 51.80526], "size": [3, 32, 3], "pivot": [0.3181, 0.01529, 52.80526], "rotation": [0, 0, 52.5], "uv": [84, 130]},
						{"origin": [-58.6819, 9.01529, 51.80526], "size": [3, 17, 3], "pivot": [0.3181, 0.01529, 52.80526], "rotation": [0, 0, 105], "uv": [156, 23]}
					]
				},
				{
					"name": "Leg5",
					"parent": "bone",
					"pivot": [36.71549, 50.31561, 42.53344],
					"rotation": [0, -17.5, 0],
					"cubes": [
						{"origin": [-9.02329, -1, 41.92135], "size": [2, 36, 1], "pivot": [-3.02329, 0, 41.92135], "rotation": [0, 0, 7.5], "uv": [24, 144]},
						{"origin": [-32.02329, 20, 40.92135], "size": [3, 31, 3], "pivot": [-3.02329, 0, 41.92135], "rotation": [0, 0, 52.5], "uv": [96, 130]},
						{"origin": [-62.02329, 8, 40.92135], "size": [3, 19, 3], "pivot": [-3.02329, 0, 41.92135], "rotation": [0, 0, 105], "uv": [48, 151]}
					]
				},
				{
					"name": "Leg8",
					"parent": "bone",
					"pivot": [39.63632, 46.3395, 38.51006],
					"rotation": [0.05606, -57.5053, -0.20798],
					"cubes": [
						{"origin": [-2.73647, -0.9287, 38.77797], "size": [2, 36, 1], "pivot": [3.26353, 0.0713, 38.77797], "rotation": [0, 0, 7.5], "uv": [120, 143]},
						{"origin": [-20.73647, 27.0713, 37.77797], "size": [3, 38, 3], "pivot": [3.26353, 0.0713, 38.77797], "rotation": [0, 0, 40], "uv": [48, 110]},
						{"origin": [-55.73647, -39.9287, 37.77797], "size": [3, 22, 3], "pivot": [3.26353, 0.0713, 38.77797], "rotation": [0, 0, 145], "uv": [12, 0]}
					]
				},
				{
					"name": "Leg7",
					"parent": "bone",
					"pivot": [37.40773, 50.41708, 48.53973],
					"rotation": [0, 12.49994, -0.00003],
					"cubes": [
						{"origin": [-8.46417, -0.99998, 46.31751], "size": [2, 36, 1], "pivot": [-2.46417, 0.00002, 46.31751], "rotation": [0, 0, 7.5], "uv": [12, 144]},
						{"origin": [-31.46417, 20.00002, 45.31751], "size": [3, 32, 3], "pivot": [-2.46417, 0.00002, 46.31751], "rotation": [0, 0, 52.5], "uv": [72, 130]},
						{"origin": [-61.46417, 9.00002, 45.31751], "size": [3, 17, 3], "pivot": [-2.46417, 0.00002, 46.31751], "rotation": [0, 0, 105], "uv": [153, 109]}
					]
				},
				{
					"name": "bone2",
					"pivot": [21, 0, 23],
					"rotation": [-0.07629, 2.3244, 0.91576]
				},
				{
					"name": "Leg1",
					"parent": "bone2",
					"pivot": [-6.15224, 47.61334, 4.19575],
					"rotation": [0, -7.5, 0],
					"cubes": [
						{"origin": [-53.45925, -1, 3.38471], "size": [2, 36, 1], "pivot": [-47.45925, 0, 3.38471], "rotation": [0, 0, 7.5], "uv": [126, 144]},
						{"origin": [-76.45925, 20, 2.38471], "size": [3, 30, 3], "pivot": [-47.45925, 0, 3.38471], "rotation": [0, 0, 52.5], "uv": [0, 144]},
						{"origin": [-104.45925, 7, 2.38471], "size": [3, 20, 3], "pivot": [-47.45925, 0, 3.38471], "rotation": [0, 0, 105], "uv": [144, 144]}
					]
				},
				{
					"name": "Leg2",
					"parent": "bone2",
					"pivot": [-6.14388, 46.61334, -1.43677],
					"rotation": [0, -45, 0],
					"cubes": [
						{"origin": [-51.33128, -1, -1.22966], "size": [2, 36, 1], "pivot": [-45.33128, 0, -1.22966], "rotation": [0, 0, 7.5], "uv": [42, 144]},
						{"origin": [-74.33128, 20, -2.22966], "size": [3, 30, 3], "pivot": [-45.33128, 0, -1.22966], "rotation": [0, 0, 52.5], "uv": [132, 30]},
						{"origin": [-102.33128, 7, -2.22966], "size": [3, 20, 3], "pivot": [-45.33128, 0, -1.22966], "rotation": [0, 0, 105], "uv": [132, 144]}
					]
				},
				{
					"name": "Leg4",
					"parent": "bone2",
					"pivot": [-3.41583, 44.17815, 11.63424],
					"rotation": [0, 52.5, 0],
					"cubes": [
						{"origin": [-48.28791, -1, 9.2137], "size": [2, 36, 1], "pivot": [-42.28791, 0, 9.2137], "rotation": [0, 0, 7.5], "uv": [30, 144]},
						{"origin": [-66.28791, 27, 8.2137], "size": [3, 38, 3], "pivot": [-42.28791, 0, 9.2137], "rotation": [0, 0, 40], "uv": [60, 127]},
						{"origin": [-101.28791, -40, 8.2137], "size": [3, 23, 3], "pivot": [-42.28791, 0, 9.2137], "rotation": [0, 0, 145], "uv": [0, 0]}
					]
				},
				{
					"name": "Leg3",
					"parent": "bone2",
					"pivot": [-4.42801, 43.61334, 10.56033],
					"rotation": [0, 17.5, 0],
					"cubes": [
						{"origin": [-51.96077, -1, 7.36287], "size": [2, 36, 1], "pivot": [-45.96077, 0, 7.36287], "rotation": [0, 0, 7.5], "uv": [36, 144]},
						{"origin": [-74.96077, 20, 6.36287], "size": [3, 30, 3], "pivot": [-45.96077, 0, 7.36287], "rotation": [0, 0, 52.5], "uv": [108, 130]},
						{"origin": [-102.96077, 7, 6.36287], "size": [3, 20, 3], "pivot": [-45.96077, 0, 7.36287], "rotation": [0, 0, 105], "uv": [144, 27]}
					]
				},
				{
					"name": "1",
					"pivot": [-1.97914, 45.12321, -16.49298],
					"cubes": [
						{"origin": [-5, 46, 4], "size": [5, 4, 1], "pivot": [0, 0, 0], "rotation": [22.5, 0, 0], "uv": [0, 73]},
						{"origin": [-2, 46, -1], "size": [2, 4, 5], "pivot": [0, 0, 0], "rotation": [22.5, 0, 0], "uv": [101, 0]},
						{"origin": [-3, 46, -2], "size": [3, 4, 2], "pivot": [0, 0, 0], "rotation": [22.5, 0, 0], "uv": [74, 110]},
						{"origin": [-3, 46, 0], "size": [3, 4, 8], "pivot": [0, 0, 0], "rotation": [24.14867, -20.70481, -9.00717], "uv": [148, 0]}
					]
				},
				{
					"name": "2",
					"pivot": [3.90413, 44.89164, -16.89846],
					"rotation": [-46.26664, -2.39545, 179.94614],
					"cubes": [
						{"origin": [0.88327, 45.76843, 3.59452], "size": [5, 4, 1], "pivot": [5.88327, -0.23157, -0.40548], "rotation": [22.5, 0, 0], "uv": [0, 68]},
						{"origin": [3.88327, 45.76843, -1.40548], "size": [2, 4, 5], "pivot": [5.88327, -0.23157, -0.40548], "rotation": [22.5, 0, 0], "uv": [71, 68]},
						{"origin": [2.88327, 45.76843, -2.40548], "size": [3, 4, 2], "pivot": [5.88327, -0.23157, -0.40548], "rotation": [22.5, 0, 0], "uv": [101, 9]},
						{"origin": [2.88327, 45.76843, -0.40548], "size": [3, 4, 8], "pivot": [5.88327, -0.23157, -0.40548], "rotation": [24.14867, -20.70481, -9.00717], "uv": [60, 110]}
					]
				},
				{
					"name": "Arm",
					"pivot": [-5.1027, 45.99222, -7.35022],
					"cubes": [
						{"origin": [18, 35, -7], "size": [14, 3, 4], "pivot": [0, 0, 0], "rotation": [12.94534, -7.53561, -51.50417], "uv": [116, 117]},
						{"origin": [10, 31, -11], "size": [14, 4, 4], "pivot": [0, 0, 0], "rotation": [84.88645, -40.42309, -120.92409], "uv": [140, 59]},
						{"origin": [-7, 33, -13], "size": [10, 1, 4], "pivot": [0, 0, 0], "rotation": [111.0241, -41.52313, -158.15908], "uv": [144, 50]}
					]
				},
				{
					"name": "Arm2",
					"pivot": [6.78185, 47.04049, -10.34302],
					"rotation": [-109.23838, 8.8859, -164.00403],
					"cubes": [
						{"origin": [27.69303, 35.53827, -8.65322], "size": [18, 3, 4], "pivot": [9.69303, 0.53827, -1.65322], "rotation": [12.94534, -7.53561, -51.50417], "uv": [101, 23]},
						{"origin": [19.69303, 31.53827, -12.65322], "size": [14, 4, 4], "pivot": [9.69303, 0.53827, -1.65322], "rotation": [84.88645, -40.42309, -120.92409], "uv": [116, 109]},
						{"origin": [2.69303, 33.53827, -14.65322], "size": [10, 1, 4], "pivot": [9.69303, 0.53827, -1.65322], "rotation": [111.0241, -41.52313, -158.15908], "uv": [0, 26]}
					]
				},
				{
					"name": "Eye",
					"pivot": [0, 0, 0],
					"cubes": [
						{"origin": [-6, 51, 3], "size": [2, 1, 2], "pivot": [0, 0, 0], "rotation": [10, 0, 0], "uv": [80, 68]},
						{"origin": [0, 51, 3], "size": [2, 1, 2], "pivot": [0, 0, 0], "rotation": [10, 0, 0], "uv": [0, 78]},
						{"origin": [-3, 51, 0], "size": [2, 1, 2], "pivot": [0, 0, 0], "rotation": [10, 0, 0], "uv": [22, 23]},
						{"origin": [6, 51, 3], "size": [2, 1, 2], "pivot": [0, 0, 0], "rotation": [10, 0, 0], "uv": [71, 77]},
						{"origin": [3, 51, 0], "size": [2, 1, 2], "pivot": [0, 0, 0], "rotation": [10, 0, 0], "uv": [21, 0]}
					]
				},
				{
					"name": "bone3",
					"pivot": [0.33966, 45.86019, 14.13013],
					"cubes": [
						{"origin": [-7, 36, 1], "size": [15, 25, 9], "pivot": [0, 0, 0], "rotation": [-17.5, 0, 0], "uv": [0, 110]},
						{"origin": [-5, 40, 6], "size": [11, 14, 6], "pivot": [0, 0, 0], "rotation": [-7.5, 0, 0], "uv": [125, 124]},
						{"origin": [-17, 36, 1], "size": [29, 29, 13], "pivot": [0, 0, 0], "rotation": [-62.47765, 2.21738, 1.15495], "uv": [0, 68]},
						{"origin": [-19, 29, -13], "size": [35, 37, 31], "pivot": [0, 0, 0], "rotation": [-47.44676, 0.81002, 1.84311], "uv": [0, 0]},
						{"origin": [-13, 34, -6], "size": [28, 31, 10], "pivot": [0, 0, 0], "rotation": [-32.5, 0, 0], "uv": [84, 68]}
					]
				},
				{
					"name": "bone4",
					"pivot": [0, 0, 0],
					"cubes": [
						{"origin": [-7, 43, -6], "size": [16, 8, 15], "pivot": [0, 0, 0], "rotation": [10, 0, 0], "uv": [101, 0]},
						{"origin": [-7, 44, -14], "size": [16, 6, 15], "pivot": [0, 0, 0], "rotation": [-15, 0, 0], "uv": [69, 109]}
					]
				}
			]
		}
	]
}