{
	"format_version": "1.12.0",
	"minecraft:geometry": [
		{
			"description": {
				"identifier": "geometry.bomb",
				"texture_width": 64,
				"texture_height": 64,
				"visible_bounds_width": 2,
				"visible_bounds_height": 3.5,
				"visible_bounds_offset": [0, 1.25, 0]
			},
			"bones": [
				{
					"name": "bone10",
					"pivot": [0, 0, 0]
				},
				{
					"name": "bone9",
					"parent": "bone10",
					"pivot": [-2.1, 16.05, 6.09924],
					"rotation": [-162.5, 0, -180],
					"cubes": [
						{"origin": [-2.2, 12, 6.5], "size": [0.2, 2.1, 0.2], "pivot": [-2.05, 13.05, 6.05], "rotation": [10, 0, 0], "uv": [0, 0]},
						{"origin": [-2.2, 14, 6.5], "size": [0.2, 2.1, 0.2], "pivot": [-2.05, 15.05, 6.05], "rotation": [-10, 0, 0], "uv": [0, 0]},
						{"origin": [-2.2, 15.8, 6.5], "size": [0.2, 2.1, 0.2], "pivot": [-2.05, 17.05, 6.05], "rotation": [10, 0, 0], "uv": [0, 0]},
						{"origin": [-2.2, 18, 6.5], "size": [0.2, 2.1, 0.2], "pivot": [-2.05, 19.05, 6.05], "rotation": [-10, 0, 0], "uv": [0, 0]}
					]
				},
				{
					"name": "bone8",
					"parent": "bone10",
					"pivot": [-1.1, 16.05, 6.09924],
					"rotation": [-170, 0, -180],
					"cubes": [
						{"origin": [-1.2, 12, 6.5], "size": [0.2, 2.1, 0.2], "pivot": [-1.05, 13.05, 6.05], "rotation": [10, 0, 0], "uv": [0, 0]},
						{"origin": [-1.2, 14, 6.5], "size": [0.2, 2.1, 0.2], "pivot": [-1.05, 15.05, 6.05], "rotation": [-10, 0, 0], "uv": [0, 0]},
						{"origin": [-1.2, 15.8, 6.5], "size": [0.2, 2.1, 0.2], "pivot": [-1.05, 17.05, 6.05], "rotation": [10, 0, 0], "uv": [0, 0]},
						{"origin": [-1.2, 18, 6.5], "size": [0.2, 2.1, 0.2], "pivot": [-1.05, 19.05, 6.05], "rotation": [-10, 0, 0], "uv": [0, 0]}
					]
				},
				{
					"name": "bone7",
					"parent": "bone10",
					"pivot": [-0.1, 16.05, 6.09924],
					"rotation": [-165, 0, -180],
					"cubes": [
						{"origin": [-0.2, 12, 6.5], "size": [0.2, 2.1, 0.2], "pivot": [-0.05, 13.05, 6.05], "rotation": [10, 0, 0], "uv": [0, 0]},
						{"origin": [-0.2, 14, 6.5], "size": [0.2, 2.1, 0.2], "pivot": [-0.05, 15.05, 6.05], "rotation": [-10, 0, 0], "uv": [0, 0]},
						{"origin": [-0.2, 15.8, 6.5], "size": [0.2, 2.1, 0.2], "pivot": [-0.05, 17.05, 6.05], "rotation": [10, 0, 0], "uv": [0, 0]},
						{"origin": [-0.2, 18, 6.5], "size": [0.2, 2.1, 0.2], "pivot": [-0.05, 19.05, 6.05], "rotation": [-10, 0, 0], "uv": [0, 0]}
					]
				},
				{
					"name": "bone6",
					"parent": "bone10",
					"pivot": [0.9, 16.05, 6.09924],
					"rotation": [-167.5, 0, -180],
					"cubes": [
						{"origin": [0.8, 12, 6.5], "size": [0.2, 2.1, 0.2], "pivot": [0.95, 13.05, 6.05], "rotation": [10, 0, 0], "uv": [0, 0]},
						{"origin": [0.8, 14, 6.5], "size": [0.2, 2.1, 0.2], "pivot": [0.95, 15.05, 6.05], "rotation": [-10, 0, 0], "uv": [0, 0]},
						{"origin": [0.8, 15.8, 6.5], "size": [0.2, 2.1, 0.2], "pivot": [0.95, 17.05, 6.05], "rotation": [10, 0, 0], "uv": [0, 0]},
						{"origin": [0.8, 18, 6.5], "size": [0.2, 2.1, 0.2], "pivot": [0.95, 19.05, 6.05], "rotation": [-10, 0, 0], "uv": [0, 0]}
					]
				},
				{
					"name": "bone5",
					"parent": "bone10",
					"pivot": [0.9, 16.05, -4.90076],
					"rotation": [7.5, 0, 0],
					"cubes": [
						{"origin": [0.8, 12, -4.5], "size": [0.2, 2.1, 0.2], "pivot": [0.95, 13.05, -4.95], "rotation": [10, 0, 0], "uv": [0, 0]},
						{"origin": [0.8, 14, -4.5], "size": [0.2, 2.1, 0.2], "pivot": [0.95, 15.05, -4.95], "rotation": [-10, 0, 0], "uv": [0, 0]},
						{"origin": [0.8, 15.8, -4.5], "size": [0.2, 2.1, 0.2], "pivot": [0.95, 17.05, -4.95], "rotation": [10, 0, 0], "uv": [0, 0]},
						{"origin": [0.8, 18, -4.5], "size": [0.2, 2.1, 0.2], "pivot": [0.95, 19.05, -4.95], "rotation": [-10, 0, 0], "uv": [0, 0]}
					]
				},
				{
					"name": "bone4",
					"parent": "bone10",
					"pivot": [-2.1, 16.05, -4.90076],
					"rotation": [10, 0, 0],
					"cubes": [
						{"origin": [-2.2, 12, -4.5], "size": [0.2, 2.1, 0.2], "pivot": [-2.05, 13.05, -4.95], "rotation": [10, 0, 0], "uv": [0, 0]},
						{"origin": [-2.2, 14, -4.5], "size": [0.2, 2.1, 0.2], "pivot": [-2.05, 15.05, -4.95], "rotation": [-10, 0, 0], "uv": [0, 0]},
						{"origin": [-2.2, 15.8, -4.5], "size": [0.2, 2.1, 0.2], "pivot": [-2.05, 17.05, -4.95], "rotation": [10, 0, 0], "uv": [0, 0]},
						{"origin": [-2.2, 18, -4.5], "size": [0.2, 2.1, 0.2], "pivot": [-2.05, 19.05, -4.95], "rotation": [-10, 0, 0], "uv": [0, 0]}
					]
				},
				{
					"name": "bone3",
					"parent": "bone10",
					"pivot": [-1.1, 16.05, -4.90076],
					"rotation": [15, 0, 0],
					"cubes": [
						{"origin": [-1.2, 12, -4.5], "size": [0.2, 2.1, 0.2], "pivot": [-1.05, 13.05, -4.95], "rotation": [10, 0, 0], "uv": [0, 0]},
						{"origin": [-1.2, 14, -4.5], "size": [0.2, 2.1, 0.2], "pivot": [-1.05, 15.05, -4.95], "rotation": [-10, 0, 0], "uv": [0, 0]},
						{"origin": [-1.2, 15.8, -4.5], "size": [0.2, 2.1, 0.2], "pivot": [-1.05, 17.05, -4.95], "rotation": [10, 0, 0], "uv": [0, 0]},
						{"origin": [-1.2, 18, -4.5], "size": [0.2, 2.1, 0.2], "pivot": [-1.05, 19.05, -4.95], "rotation": [-10, 0, 0], "uv": [0, 0]}
					]
				},
				{
					"name": "bone2",
					"parent": "bone10",
					"pivot": [-0.1, 16.05, -4.90076],
					"rotation": [10, 0, 0],
					"cubes": [
						{"origin": [-0.2, 12, -4.5], "size": [0.2, 2.1, 0.2], "pivot": [-0.05, 13.05, -4.95], "rotation": [10, 0, 0], "uv": [0, 0]},
						{"origin": [-0.2, 14, -4.5], "size": [0.2, 2.1, 0.2], "pivot": [-0.05, 15.05, -4.95], "rotation": [-10, 0, 0], "uv": [0, 0]},
						{"origin": [-0.2, 15.8, -4.5], "size": [0.2, 2.1, 0.2], "pivot": [-0.05, 17.05, -4.95], "rotation": [10, 0, 0], "uv": [0, 0]},
						{"origin": [-0.2, 18, -4.5], "size": [0.2, 2.1, 0.2], "pivot": [-0.05, 19.05, -4.95], "rotation": [-10, 0, 0], "uv": [0, 0]}
					]
				},
				{
					"name": "bone",
					"parent": "bone10",
					"pivot": [0, 0, 0],
					"cubes": [
						{"origin": [-5, 0, -4], "size": [9, 13, 9], "uv": [0, 0]},
						{"origin": [-4.5, 0, -5], "size": [8, 12, 2], "pivot": [-0.5, 6, -4], "rotation": [-7.5, 0, 0], "uv": [36, 14]},
						{"origin": [-4.5, 0, 4], "size": [8, 12, 2], "pivot": [-0.5, 6, 5], "rotation": [7.5, 0, 0], "uv": [36, 0]},
						{"origin": [-6, 1, -3], "size": [2, 11, 7], "pivot": [-5, 6.5, 0.5], "rotation": [0, 0, 7.5], "uv": [18, 22]},
						{"origin": [3, 1, -3], "size": [2, 11, 7], "pivot": [4.5, 6.5, 0.5], "rotation": [0, 0, -7.5], "uv": [0, 22]},
						{"origin": [-2.5, 12, -1.5], "size": [4, 4, 4], "pivot": [-0.5, 14, 0.5], "rotation": [-7.5, 0, 0], "uv": [36, 28]},
						{"origin": [-2, 15, -0.8], "size": [3, 4, 3], "pivot": [-0.5, 16.5, 1], "rotation": [-2.5, 0, 0], "uv": [11, 22]},
						{"origin": [-1.5, 18, -0.3], "size": [2, 4, 2], "pivot": [-0.5, 20, 0.7], "rotation": [7.5, 0, 0], "uv": [0, 0]},
						{"origin": [-1, 21, -0.2], "size": [1, 3, 1.5], "pivot": [-0.5, 22.5, 0.55], "rotation": [-5, 0, 0], "uv": [0, 22]}
					]
				}
			]
		}
	]
}