{
	"format_version": "1.12.0",
	"minecraft:geometry": [
		{
			"description": {
				"identifier": "geometry.Buglin",
				"texture_width": 32,
				"texture_height": 32,
				"visible_bounds_width": 2,
				"visible_bounds_height": 1.5,
				"visible_bounds_offset": [0, 0.25, 0]
			},
			"bones": [
				{
					"name": "Frente",
					"pivot": [0, 0, -2],
					"rotation": [0, 180, 0]
				},
				{
					"name": "bone",
					"parent": "Frente",
					"pivot": [0, 0, -2],
					"cubes": [
						{"origin": [-3, -1, -4], "size": [6, 5, 3], "uv": [0, 0]},
						{"origin": [-0.3, 3.05, -2], "size": [0.8, 1, 0.8], "pivot": [0.1, 4.5, -1.5], "rotation": [5, 0, 0], "uv": [0, 0]},
						{"origin": [-2.3, 3.05, -2], "size": [0.8, 1, 0.8], "pivot": [-1.9, 4.5, -1.5], "rotation": [5, 0, 0], "uv": [0, 0]},
						{"origin": [1.7, 3.05, -2], "size": [0.8, 1, 0.8], "pivot": [2.1, 4.5, -1.5], "rotation": [5, 0, 0], "uv": [0, 0]},
						{"origin": [3.7, 4.48, -2], "size": [0.8, 1, 0.8], "pivot": [2.1, 4.5, -1.5], "rotation": [5, 0, 90], "uv": [0, 0]},
						{"origin": [5.2, 4.48, -2], "size": [0.8, 1, 0.8], "pivot": [2.1, 4.5, -1.5], "rotation": [5, 0, 90], "uv": [0, 0]},
						{"origin": [-4.5, 4.48, -2], "size": [0.8, 1, 0.8], "pivot": [-2.1, 4.5, -1.5], "rotation": [5, 0, -90], "uv": [0, 0]},
						{"origin": [-6, 4.48, -2], "size": [0.8, 1, 0.8], "pivot": [-2.1, 4.5, -1.5], "rotation": [5, 0, -90], "uv": [0, 0]}
					]
				},
				{
					"name": "bone2",
					"parent": "bone",
					"pivot": [0, 0, -2],
					"cubes": [
						{"origin": [-2.5, -0.2, -1.5], "size": [5, 3, 2], "uv": [0, 14]}
					]
				},
				{
					"name": "bone3",
					"parent": "bone2",
					"pivot": [0, 0, -2],
					"cubes": [
						{"origin": [-2, 0, 0], "size": [4, 2, 2], "uv": [14, 16]},
						{"origin": [-1, 0, 1.5], "size": [2, 1, 1], "uv": [11, 9]},
						{"origin": [-1.5, 1.05, 1], "size": [0.6, 1, 0.6], "pivot": [1.1, 2.5, 1.5], "rotation": [10, 0, 0], "uv": [0, 0]},
						{"origin": [0.9, 1.05, 1], "size": [0.6, 1, 0.6], "pivot": [1.1, 2.5, 1.5], "rotation": [10, 0, 0], "uv": [0, 0]}
					]
				},
				{
					"name": "Cola",
					"pivot": [0, 0, -2],
					"rotation": [0, 180, 0]
				},
				{
					"name": "bone10",
					"parent": "Cola",
					"pivot": [0, 0, -3],
					"cubes": [
						{"origin": [-2.5, -0.2, -5.5], "size": [5, 3, 2], "uv": [12, 11]}
					]
				},
				{
					"name": "bone11",
					"parent": "bone10",
					"pivot": [0, 0, -3],
					"cubes": [
						{"origin": [-2, 0, -8], "size": [4, 2, 3], "uv": [0, 8]},
						{"origin": [0.7, 1.46, -7], "size": [0.8, 1, 0.8], "pivot": [2.1, 4.5, -1.5], "rotation": [5, 0, 0], "uv": [0, 0]},
						{"origin": [-1.5, 1.46, -7], "size": [0.8, 1, 0.8], "pivot": [0.1, 4.5, -1.5], "rotation": [5, 0, 0], "uv": [0, 0]},
						{"origin": [-6, 3.9, -7], "size": [0.8, 1, 0.8], "pivot": [-2.1, 4.5, -1.5], "rotation": [5, 0, -90], "uv": [0, 0]},
						{"origin": [5.2, 3.9, -7], "size": [0.8, 1, 0.8], "pivot": [2.1, 4.5, -1.5], "rotation": [5, 0, 90], "uv": [0, 0]}
					]
				},
				{
					"name": "bone12",
					"parent": "bone11",
					"pivot": [0.1, 4.5, -1.5],
					"cubes": [
						{"origin": [-1.5, 0.5, -10.5], "size": [3, 1, 3], "pivot": [0.1, 1.5, -8], "rotation": [-2.5, 0, 0], "uv": [15, 5]}
					]
				}
			]
		}
	]
}