{
	"format_version": "1.12.0",
	"minecraft:geometry": [
		{
			"description": {
				"identifier": "geometry.head_infected_chicken",
				"texture_width": 64,
				"texture_height": 32,
				"visible_bounds_width": 3,
				"visible_bounds_height": 3,
				"visible_bounds_offset": [0, 0.5, 0]
			},
			"bones": [
				{
					"name": "body",
					"pivot": [0, 8, 0]
				},
				{
					"name": "head",
					"pivot": [0, 9, -4],
					"cubes": [
						{"origin": [-2, -7, -6], "size": [4, 6, 3], "pivot": [0, 0, 0], "rotation": [20, 0, -180], "uv": [0, 0]}
					],
					"locators": {
						"lead": [0, 9, -4]
					}
				},
				{
					"name": "comb",
					"parent": "head",
					"pivot": [0, 9, -4]
				},
				{
					"name": "beak",
					"parent": "head",
					"pivot": [0, 9, -4],
					"cubes": [
						{"origin": [-2, -5, -9], "size": [4, 2, 2], "pivot": [0, 0, 0], "rotation": [35, 0, -180], "uv": [14, 0]}
					]
				},
				{
					"name": "bone",
					"parent": "beak",
					"pivot": [0, 11, -6],
					"cubes": [
						{"origin": [-2, 13, -11], "size": [4, 2, 2], "pivot": [0, 11, -6], "rotation": [-64.97437, 1.43364, -177.95169], "uv": [0, 0]}
					]
				},
				{
					"name": "leg0",
					"pivot": [-2, 5, 1]
				},
				{
					"name": "wing0",
					"pivot": [-3, 11, 0]
				},
				{
					"name": "bone2",
					"parent": "wing0",
					"pivot": [-4, 9, 0],
					"cubes": [
						{"origin": [-14, 9, -2], "size": [12, 1, 1], "pivot": [-4, 9, 0], "rotation": [0, 0, 30], "uv": [0, 0]}
					]
				},
				{
					"name": "bone3",
					"parent": "bone2",
					"pivot": [-14, 15, 1],
					"cubes": [
						{"origin": [-12, 0, -2], "size": [1, 15, 1], "uv": [0, 0]}
					]
				},
				{
					"name": "wing1",
					"pivot": [3, 11, 0]
				},
				{
					"name": "bone4",
					"parent": "wing1",
					"pivot": [3, 9, 0],
					"cubes": [
						{"origin": [1, 8, -3], "size": [11, 1, 1], "pivot": [3, 9, 0], "rotation": [0, 0, -30], "uv": [0, 0]}
					]
				},
				{
					"name": "bone5",
					"parent": "bone4",
					"pivot": [13, 16, 0],
					"cubes": [
						{"origin": [11, -1, -3], "size": [1, 15, 1], "uv": [0, 0]}
					]
				}
			]
		}
	]
}