{
	"format_version": "1.12.0",
	"minecraft:geometry": [
		{
			"description": {
				"identifier": "geometry.head_infected_wolf",
				"texture_width": 64,
				"texture_height": 64,
				"visible_bounds_width": 3,
				"visible_bounds_height": 2.5,
				"visible_bounds_offset": [0, 0.75, 0]
			},
			"bones": [
				{
					"name": "All",
					"pivot": [0, 6, 0]
				},
				{
					"name": "Cabeza",
					"parent": "All",
					"pivot": [0, -2, 5],
					"cubes": [
						{"origin": [-3, 1, -6], "size": [6, 6, 4], "pivot": [0, -2, 5], "rotation": [-17.5, 0, 0], "uv": [0, 0]},
						{"origin": [-2.5, 4.87183, -0.737], "size": [5, 3, 3], "pivot": [0, 6, 0], "rotation": [-10, 0, 0], "uv": [0, 10]},
						{"origin": [-0.5, 5.87183, 2], "size": [1, 1, 2], "pivot": [0, 6, 0], "rotation": [-7.5, 0, 0], "uv": [27, 18]},
						{"origin": [-1, 5.9, 3.5], "size": [2, 1, 1], "pivot": [0, 6, 0], "rotation": [-6.5, 0, 0], "uv": [0, 30]},
						{"origin": [-1, 5.3, 9.5], "size": [2, 1, 1], "pivot": [0, 6, 0], "rotation": [-0.5, 0, 0], "uv": [28, 15]},
						{"origin": [-0.5, 5.4, 8], "size": [1, 1, 2], "pivot": [0, 6, 0], "rotation": [-1.5, 0, 0], "uv": [6, 16]},
						{"origin": [-1, 5.6, 7.5], "size": [2, 1, 1], "pivot": [0, 6, 0], "rotation": [-2.5, 0, 0], "uv": [12, 29]},
						{"origin": [-0.5, 5.65, 6], "size": [1, 1, 2], "pivot": [0, 6, 0], "rotation": [-3.5, 0, 0], "uv": [18, 13]},
						{"origin": [-1, 5.8, 5.5], "size": [2, 1, 1], "pivot": [0, 6, 0], "rotation": [-4.5, 0, 0], "uv": [28, 29]},
						{"origin": [-0.5, 5.8, 4], "size": [1, 1, 2], "pivot": [0, 6, 0], "rotation": [-5.5, 0, 0], "uv": [26, 9]},
						{"origin": [-2.1, 6.2, 2.263], "size": [1, 1, 4], "pivot": [0, 6, 0], "rotation": [-9.99671, -2.02809, 2.89592], "uv": [12, 12]},
						{"origin": [0.5, 5.2, 1.7], "size": [1, 1, 4], "pivot": [0, 6, 0], "rotation": [-18.77384, 13.53026, -15.52287], "uv": [0, 16]},
						{"origin": [2.5, 4.87183, 2.263], "size": [0, 3, 1], "pivot": [0, 6, 0], "rotation": [-10, 0, 0], "uv": [18, 28]},
						{"origin": [-2.5, 4.87183, 2.263], "size": [0, 3, 1], "pivot": [0, 6, 0], "rotation": [-10, 0, 0], "uv": [0, 9]},
						{"origin": [-2.5, 7.87183, 2.263], "size": [5, 0, 1], "pivot": [0, 6, 0], "rotation": [-10, 0, 0], "uv": [17, 12]},
						{"origin": [-2.5, 4.87183, 2.263], "size": [5, 0, 1], "pivot": [0, 6, 0], "rotation": [-10, 0, 0], "uv": [12, 11]},
						{"origin": [1.4, 2.8, -2.91302], "size": [2, 2, 1], "pivot": [2, 3, -4], "rotation": [-17.35932, -2.24944, -7.15656], "uv": [28, 5]},
						{"origin": [-3.3, 1.9, -2.86674], "size": [2, 2, 1], "pivot": [-1, 3, -3], "rotation": [-17.35932, 2.24944, 7.15656], "uv": [28, 12]},
						{"origin": [-1.5, 6.6, -4.1], "size": [3, 3, 2], "pivot": [0, 8, -2], "rotation": [-22.5, 0, 0], "uv": [10, 17]},
						{"origin": [-1.5, 6.6, -6.1], "size": [3, 2, 2], "pivot": [0, 8, -2], "rotation": [-22.5, 0, 0], "uv": [16, 0]}
					]
				},
				{
					"name": "Mandibula",
					"parent": "All",
					"pivot": [0, 9, -3],
					"cubes": [
						{"origin": [-1, 10.53816, -5.1], "size": [2, 1, 3], "pivot": [0, 11, -4], "rotation": [-52.5, 0, 0], "uv": [17, 7]},
						{"origin": [-0.9, 10, -4], "size": [0, 1, 1], "pivot": [0, 11, -4], "rotation": [-52.5, 0, 0], "uv": [15, 9]},
						{"origin": [-0.8, 10, -4.7], "size": [0, 1, 1], "pivot": [0, 11, -4], "rotation": [-58.66856, -21.75204, 31.33144], "uv": [13, 11]},
						{"origin": [0.8, 10, -4.7], "size": [0, 1, 1], "pivot": [0, 11, -4], "rotation": [-58.66856, 21.75204, -31.33144], "uv": [13, 9]},
						{"origin": [0.9, 10, -4], "size": [0, 1, 1], "pivot": [0, 11, -4], "rotation": [-52.5, 0, 0], "uv": [6, 15]}
					]
				},
				{
					"name": "BasePataDer1",
					"parent": "All",
					"pivot": [0, -2, 5],
					"cubes": [
						{"origin": [-3.2, 6, -2.7], "size": [1, 1, 1], "uv": [31, 2]},
						{"origin": [-3, 6.2, -2.7], "size": [1, 6, 1], "pivot": [-3, 6, -2], "rotation": [14.36764, -5.93639, -41.7212], "uv": [24, 20]}
					]
				},
				{
					"name": "BasePataIzq1",
					"parent": "All",
					"pivot": [0, -2, 5],
					"cubes": [
						{"origin": [2.2, 6, -2.7], "size": [1, 1, 1], "uv": [31, 0]},
						{"origin": [2, 6.2, -2.7], "size": [1, 6, 1], "pivot": [3, 6, -2], "rotation": [14.36764, 5.93639, 41.7212], "uv": [24, 13]}
					]
				},
				{
					"name": "BasePataDer2",
					"parent": "All",
					"pivot": [0, -2, 5],
					"cubes": [
						{"origin": [-2.7, 4.7, 0.9], "size": [1, 1, 1], "pivot": [0, -2, 5], "rotation": [-2.5, 0, 0], "uv": [30, 8]},
						{"origin": [-2.5, 5.00282, 1.06961], "size": [1, 8, 1], "pivot": [-2, 5, 2], "rotation": [-21.32084, 34.18059, -26.37121], "uv": [8, 22]}
					]
				},
				{
					"name": "BasePataIzq2",
					"parent": "All",
					"pivot": [0, -2, 5],
					"cubes": [
						{"origin": [1.7, 4.7, 0.9], "size": [1, 1, 1], "pivot": [0, -2, 5], "rotation": [-2.5, 0, 0], "uv": [20, 4]},
						{"origin": [1.5, 5.00282, 1.06961], "size": [1, 8, 1], "pivot": [2, 5, 2], "rotation": [-21.32084, -34.18059, 26.37121], "uv": [4, 21]}
					]
				},
				{
					"name": "PataDer1",
					"parent": "All",
					"pivot": [-7, 11, -4],
					"cubes": [
						{"origin": [-7.34013, 10.99722, -4.25236], "size": [1, 4, 1], "pivot": [-7, 11, -2], "rotation": [4.17439, 14.9633, -137.92386], "uv": [24, 27]},
						{"origin": [-9.34852, 7.4, -4.44954], "size": [1, 6, 1], "pivot": [-9, 8, -4], "rotation": [-10.58043, 11.42246, 162.96655], "uv": [16, 22]},
						{"origin": [-8.7, 2.9, -3.61694], "size": [1, 3, 1], "pivot": [-8, 3, -4], "rotation": [-1.32147, 15.46687, -158.65177], "uv": [28, 25]}
					]
				},
				{
					"name": "PataIz1",
					"parent": "All",
					"pivot": [7, 11, -4],
					"cubes": [
						{"origin": [6.34013, 10.99722, -4.25236], "size": [1, 4, 1], "pivot": [7, 11, -2], "rotation": [4.17439, -14.9633, 137.92386], "uv": [27, 0]},
						{"origin": [8.34852, 7.4, -4.44954], "size": [1, 6, 1], "pivot": [9, 8, -4], "rotation": [-10.58043, -11.42246, -162.96655], "uv": [12, 22]},
						{"origin": [7.7, 2.9, -3.61694], "size": [1, 3, 1], "pivot": [8, 3, -4], "rotation": [-1.32147, -15.46687, 158.65177], "uv": [0, 16]}
					]
				},
				{
					"name": "PataDer2",
					"parent": "All",
					"pivot": [-4, 12, 4],
					"cubes": [
						{"origin": [-4, 12, 3.4421], "size": [1, 5, 1], "pivot": [-4, 12, 4], "rotation": [-28.87859, -28.34606, -122.30581], "uv": [20, 26]},
						{"origin": [-7.60387, 8.6, 5.74146], "size": [1, 8, 1], "pivot": [-7, 9, 7], "rotation": [19.70412, -35.05683, 156.47409], "uv": [0, 21]},
						{"origin": [-5.9, 1.00569, 3.77001], "size": [1, 3, 1], "pivot": [-6, 2, 4], "rotation": [-3.57702, -39.45211, -165.96374], "uv": [28, 21]}
					]
				},
				{
					"name": "PataIzq2",
					"parent": "All",
					"pivot": [4, 12, 4],
					"cubes": [
						{"origin": [3, 12, 3.4421], "size": [1, 5, 1], "pivot": [4, 12, 4], "rotation": [-28.87859, 28.34606, 122.30581], "uv": [24, 4]},
						{"origin": [6.60387, 8.6, 5.74146], "size": [1, 8, 1], "pivot": [7, 9, 7], "rotation": [19.70412, 35.05683, -156.47409], "uv": [20, 17]},
						{"origin": [4.9, 1.00569, 3.77001], "size": [1, 3, 1], "pivot": [6, 2, 4], "rotation": [-3.57702, 39.45211, 165.96374], "uv": [0, 0]}
					]
				}
			]
		}
	]
}