{
	"format_version": "1.12.0",
	"minecraft:geometry": [
		{
			"description": {
				"identifier": "geometry.head_infected_sheep",
				"texture_width": 64,
				"texture_height": 64,
				"visible_bounds_width": 3,
				"visible_bounds_height": 3.5,
				"visible_bounds_offset": [0, 1.25, 0]
			},
			"bones": [
				{
					"name": "All",
					"pivot": [0, 9, 0]
				},
				{
					"name": "Cabeza",
					"parent": "All",
					"pivot": [0, -3, -3],
					"cubes": [
						{"origin": [-3, 5, -7], "size": [6, 4, 8], "pivot": [0, 8, -3], "rotation": [-7.5, 0, 0], "uv": [0, 0]},
						{"origin": [-3, 9, -3], "size": [6, 2, 4], "pivot": [0, 8, -3], "rotation": [-7.5, 0, 0], "uv": [16, 16]},
						{"origin": [-4, 7.53, 3.3], "size": [8, 0, 2], "pivot": [0, 5, 1], "rotation": [12.5, 0, 0], "uv": [18, 5]},
						{"origin": [-4, 7.53, 1.3], "size": [8, 4, 2], "pivot": [0, 5, 1], "rotation": [12.5, 0, 0], "uv": [0, 12]},
						{"origin": [-3.1, 11.6, 0.5], "size": [1, 1, 5], "pivot": [0, 11, 8], "rotation": [27, -5, -5], "uv": [21, 24]},
						{"origin": [2.9, 12, 1.5], "size": [1, 1, 5], "pivot": [0, 9, 9], "rotation": [25, 7.5, 0], "uv": [9, 24]},
						{"origin": [4, 7.53, 3.3], "size": [0, 4, 2], "pivot": [0, 5, 1], "rotation": [12.5, 0, 0], "uv": [24, 28]},
						{"origin": [-4, 11.53, 3.3], "size": [8, 0, 2], "pivot": [0, 5, 1], "rotation": [12.5, 0, 0], "uv": [0, 52]},
						{"origin": [-4, 7.53, 3.3], "size": [0, 4, 2], "pivot": [0, 5, 1], "rotation": [12.5, 0, 0], "uv": [28, 22]},
						{"origin": [-2.5, 9.05, 0.15], "size": [5, 2, 3], "pivot": [0, 16, -2], "rotation": [-30, 0, 0], "uv": [20, 0]},
						{"origin": [-3.6, 9.3, -3.3], "size": [1, 1, 1], "pivot": [0, 7, -2], "rotation": [-27.5, 0, 0], "uv": [0, 45]}
					]
				},
				{
					"name": "Columna",
					"parent": "Cabeza",
					"pivot": [0, 10.5, 3],
					"rotation": [27.5, 0, 0],
					"cubes": [
						{"origin": [-0.5, 9.7, 0.6], "size": [1, 1, 2], "pivot": [0, 9, 3], "rotation": [-1, 0, 0], "uv": [34, 26]},
						{"origin": [-1, 9.75, 2.6], "size": [2, 1, 1], "pivot": [0, 9, 3], "rotation": [-1, 0, 0], "uv": [39, 35]},
						{"origin": [-0.5, 9.7, 3.2], "size": [1, 1, 2], "uv": [37, 51]},
						{"origin": [-1, 9.75, 4.6], "size": [2, 1, 1], "uv": [39, 28]},
						{"origin": [-0.5, 9.7, 5.2], "size": [1, 1, 2], "pivot": [0, 9, 5], "rotation": [1, 0, 0], "uv": [33, 0]},
						{"origin": [-1, 9.75, 6.6], "size": [2, 1, 1], "pivot": [0, 9, 5], "rotation": [1, 0, 0], "uv": [38, 33]},
						{"origin": [-0.5, 9.728, 7.2003], "size": [1, 1, 2], "pivot": [0, 9, 7], "rotation": [2, 0, 0], "uv": [32, 16]},
						{"origin": [-1, 9.7849, 8.6003], "size": [2, 1, 1], "pivot": [0, 9, 7], "rotation": [2, 0, 0], "uv": [38, 17]},
						{"origin": [-0.5, 9.84, 9.2021], "size": [1, 1, 2], "pivot": [0, 9, 10], "rotation": [3, 0, 0], "uv": [31, 11]},
						{"origin": [-1, 9.8896, 10.6021], "size": [2, 1, 1], "pivot": [0, 9, 10], "rotation": [3, 0, 0], "uv": [8, 27]}
					]
				},
				{
					"name": "Mandibula",
					"parent": "All",
					"pivot": [0, 11, -1],
					"rotation": [15, 0, 0],
					"cubes": [
						{"origin": [-2.5, 7.33407, 4.64118], "size": [5, 5, 2], "pivot": [0, -2.96593, -3.25882], "rotation": [32.5, 0, 0], "uv": [0, 20]},
						{"origin": [2.35, 10.83407, 4.04118], "size": [0, 1, 1], "pivot": [0, -2.96593, -3.25882], "rotation": [32.5, 0, 0], "uv": [17, 13]},
						{"origin": [-2.35, 10.83407, 4.04118], "size": [0, 1, 1], "pivot": [0, -2.96593, -3.25882], "rotation": [32.5, 0, 0], "uv": [0, 13]},
						{"origin": [-0.5, 12.13407, 3.94118], "size": [1, 0, 1], "pivot": [0, -2.96593, -3.25882], "rotation": [32.5, 0, 0], "uv": [0, 13]},
						{"origin": [1, 12.13407, 3.94118], "size": [1, 0, 1], "pivot": [0, -2.96593, -3.25882], "rotation": [32.5, 0, 0], "uv": [0, 12]},
						{"origin": [-1.95, 12.13407, 3.94118], "size": [1, 0, 1], "pivot": [0, -2.96593, -3.25882], "rotation": [32.5, 0, 0], "uv": [2, 0]}
					]
				},
				{
					"name": "BasePataIzq1",
					"parent": "All",
					"pivot": [0, -4, -3],
					"cubes": [
						{"origin": [2.7, 9.2, 2.7], "size": [1, 7, 1], "pivot": [3.5, 9.8, 3.5], "rotation": [-20, -15, 45], "uv": [4, 0]},
						{"origin": [2.6, 9.2, 2.5], "size": [1, 1, 1], "pivot": [3, 10, 2.5], "rotation": [-10, 0, 0], "uv": [40, 21]}
					]
				},
				{
					"name": "BasePataDer1",
					"parent": "All",
					"pivot": [0, -4, -3],
					"cubes": [
						{"origin": [-3.7, 9.2, 2.7], "size": [1, 7, 1], "pivot": [-3.5, 9.8, 3.5], "rotation": [-20, 15, -45], "uv": [0, 0]},
						{"origin": [-3.6, 9.2, 2.5], "size": [1, 1, 1], "pivot": [-3, 10, 2.5], "rotation": [-10, 0, 0], "uv": [40, 19]}
					]
				},
				{
					"name": "BasePataIzq2",
					"parent": "All",
					"pivot": [-1, -3, -3],
					"cubes": [
						{"origin": [2.2, 5.94709, -2.21179], "size": [1, 1, 1], "pivot": [3, 6, -2], "rotation": [-2.5, 0, 0], "uv": [40, 14]},
						{"origin": [-1.3, 0.8, -1.55], "size": [1, 6, 1], "pivot": [6.5, 0, -3], "rotation": [-7.5, -5, 52.5], "uv": [20, 30]}
					]
				},
				{
					"name": "BasePataDer2",
					"parent": "All",
					"pivot": [1, -3, -3],
					"cubes": [
						{"origin": [-3.2, 5.94709, -2.21179], "size": [1, 1, 1], "pivot": [-3, 6, -2], "rotation": [-2.5, 0, 0], "uv": [40, 4]},
						{"origin": [0.3, 0.8, -1.55], "size": [1, 6, 1], "pivot": [-6.5, 0, -3], "rotation": [-7.5, 5, -52.5], "uv": [16, 30]}
					]
				},
				{
					"name": "BasePataIzq3",
					"parent": "All",
					"pivot": [-1, -3, -3],
					"cubes": [
						{"origin": [2.2, 6.4, -5.1], "size": [1, 1, 1], "pivot": [-1, -3, -3], "rotation": [7.5, 0, 0], "uv": [35, 11]},
						{"origin": [2.21798, 7.29603, -6.36318], "size": [1, 6, 1], "pivot": [2.5, 7, -6], "rotation": [12.5, 15, 62.5], "uv": [12, 30]}
					]
				},
				{
					"name": "BasePataDer3",
					"parent": "All",
					"pivot": [1, -3, -3],
					"cubes": [
						{"origin": [-3.2, 6.4, -5.1], "size": [1, 1, 1], "pivot": [1, -3, -3], "rotation": [7.5, 0, 0], "uv": [12, 20]},
						{"origin": [-3.21798, 7.29603, -6.36318], "size": [1, 6, 1], "pivot": [-2.5, 7, -6], "rotation": [12.5, -15, -62.5], "uv": [8, 30]}
					]
				},
				{
					"name": "PataIzq3",
					"parent": "All",
					"pivot": [8, 10, -7],
					"rotation": [-17.5, 10, 0],
					"cubes": [
						{"origin": [7, 7.54628, -7.49929], "size": [4, 1, 1], "pivot": [9.5, 8.04628, -6.69929], "rotation": [15, -5, 50], "uv": [28, 9]},
						{"origin": [9.7, 2.54628, -7.09929], "size": [1, 5, 1], "pivot": [10.5, 6.04628, -5.69929], "rotation": [17.5, 0, 25], "uv": [24, 35]},
						{"origin": [8.2, 0.34628, -6.14929], "size": [1, 3, 1], "pivot": [9.5, 3.04628, -5.69929], "rotation": [17.5, 10, -10], "uv": [39, 10]}
					]
				},
				{
					"name": "PataDer3",
					"parent": "All",
					"pivot": [-8, 10, -7],
					"rotation": [-17.5, -10, 0],
					"cubes": [
						{"origin": [-11, 7.54628, -7.49929], "size": [4, 1, 1], "pivot": [-9.5, 8.04628, -6.69929], "rotation": [15, 5, -50], "uv": [28, 7]},
						{"origin": [-10.7, 2.54628, -7.09929], "size": [1, 5, 1], "pivot": [-10.5, 6.04628, -5.69929], "rotation": [17.5, 0, -25], "uv": [32, 29]},
						{"origin": [-9.2, 0.34628, -6.14929], "size": [1, 3, 1], "pivot": [-9.5, 3.04628, -5.69929], "rotation": [17.5, -10, 10], "uv": [39, 0]}
					]
				},
				{
					"name": "PataDer2",
					"parent": "All",
					"pivot": [-7, 10, -1],
					"rotation": [-17.5, 17.5, 0],
					"cubes": [
						{"origin": [-10.45372, 6.95586, -1.18608], "size": [4, 1, 1], "pivot": [-9.45372, 7.95586, -0.98608], "rotation": [15, 5, -50], "uv": [16, 26]},
						{"origin": [-10.15372, 2.15586, -0.78608], "size": [1, 5, 1], "pivot": [-10.45372, 5.95586, 0.01392], "rotation": [17.5, 0, -25], "uv": [32, 22]},
						{"origin": [-8.65372, 0.25586, 0.16392], "size": [1, 3, 1], "pivot": [-9.45372, 2.95586, 0.01392], "rotation": [12.5, -10, 10], "uv": [38, 37]}
					]
				},
				{
					"name": "PataIzq2",
					"parent": "All",
					"pivot": [7, 10, -1],
					"rotation": [-17.5, -17.5, 0],
					"cubes": [
						{"origin": [6.45372, 6.95586, -1.18608], "size": [4, 1, 1], "pivot": [9.45372, 7.95586, -0.98608], "rotation": [15, -5, 50], "uv": [16, 24]},
						{"origin": [9.15372, 2.15586, -0.78608], "size": [1, 5, 1], "pivot": [10.45372, 5.95586, 0.01392], "rotation": [17.5, 0, 25], "uv": [28, 30]},
						{"origin": [7.65372, 0.25586, 0.16392], "size": [1, 3, 1], "pivot": [9.45372, 2.95586, 0.01392], "rotation": [12.5, 10, -10], "uv": [34, 38]}
					]
				},
				{
					"name": "PataIzq1",
					"parent": "All",
					"pivot": [7, 15, 5],
					"cubes": [
						{"origin": [3.2, 15.7, 2.7], "size": [7, 1, 1], "pivot": [3.5, 9.8, 3.5], "rotation": [-20, -15, 45], "uv": [14, 22]},
						{"origin": [11.70062, 2.23466, 6.86356], "size": [1, 8, 1], "pivot": [12.5, 10.8, 7.5], "rotation": [-12.5, -22.5, 20], "uv": [4, 27]},
						{"origin": [9.67443, 0.1, 5.21247], "size": [1, 3, 1], "pivot": [10.5, 2.8, 5.5], "rotation": [2.5, -22.5, -12.5], "uv": [28, 38]}
					]
				},
				{
					"name": "PataDer1",
					"parent": "All",
					"pivot": [-7, 15, 5],
					"cubes": [
						{"origin": [-10.2, 15.7, 2.7], "size": [7, 1, 1], "pivot": [-3.5, 9.8, 3.5], "rotation": [-20, 15, -45], "uv": [20, 14]},
						{"origin": [-12.70062, 2.23466, 6.86356], "size": [1, 8, 1], "pivot": [-12.5, 10.8, 7.5], "rotation": [-12.5, 22.5, -20], "uv": [0, 27]},
						{"origin": [-10.67443, 0.1, 5.21247], "size": [1, 3, 1], "pivot": [-10.5, 2.8, 5.5], "rotation": [2.5, 22.5, 12.5], "uv": [38, 23]}
					]
				},
				{
					"name": "BaseTentaculoDer",
					"parent": "All",
					"pivot": [0, 5, -2],
					"cubes": [
						{"origin": [-2.1, 9.36345, -3.75299], "size": [1, 2, 1], "pivot": [-1, 10, -3], "rotation": [60, 25, -15], "uv": [4, 40]}
					]
				},
				{
					"name": "BaseTentaculoIzq",
					"parent": "All",
					"pivot": [0, 5, -2],
					"cubes": [
						{"origin": [1.1, 9.36345, -3.75299], "size": [1, 2, 1], "pivot": [1, 10, -3], "rotation": [60, -25, 15], "uv": [0, 40]}
					]
				},
				{
					"name": "TentaculoIzq",
					"parent": "All",
					"pivot": [-2, 10, -4],
					"cubes": [
						{"origin": [-2.79181, 9.54024, -4.25983], "size": [1, 3, 1], "pivot": [-3, 10, -4], "rotation": [42.5, 25, -15], "uv": [38, 6]},
						{"origin": [-4.10618, 11.4989, -6.45], "size": [1, 3, 1], "pivot": [-3, 12, -6], "rotation": [72.5, 25, -15], "uv": [20, 37]},
						{"origin": [-5.18599, 13.2, -8.5], "size": [1, 3, 1], "pivot": [-3, 13, -8], "rotation": [112.5, 25, -15], "uv": [16, 37]},
						{"origin": [-5.81123, 10.52777, -10.3], "size": [1, 3, 1], "pivot": [-5, 11, -10], "rotation": [147.5, 25, -15], "uv": [12, 37]},
						{"origin": [-6.49995, 7.85479, -13.95], "size": [1, 3, 1], "pivot": [-6, 8, -13], "rotation": [102.5, 25, -15], "uv": [8, 37]},
						{"origin": [-5.76471, 8.76619, -11.21089], "size": [1, 3, 1], "pivot": [-5, 9, -11], "rotation": [122.5, 25, -15], "uv": [36, 29]}
					]
				},
				{
					"name": "TentaculoDer",
					"parent": "All",
					"pivot": [2, 10, -4],
					"cubes": [
						{"origin": [1.79181, 9.54024, -4.25983], "size": [1, 3, 1], "pivot": [3, 10, -4], "rotation": [42.5, -25, 15], "uv": [36, 19]},
						{"origin": [3.10618, 11.4989, -6.45], "size": [1, 3, 1], "pivot": [3, 12, -6], "rotation": [72.5, -25, 15], "uv": [36, 13]},
						{"origin": [4.18599, 13.2, -8.5], "size": [1, 3, 1], "pivot": [3, 13, -8], "rotation": [112.5, -25, 15], "uv": [4, 36]},
						{"origin": [4.81123, 10.52777, -10.3], "size": [1, 3, 1], "pivot": [5, 11, -10], "rotation": [147.5, -25, 15], "uv": [0, 36]},
						{"origin": [5.49995, 7.85479, -13.95], "size": [1, 3, 1], "pivot": [6, 8, -13], "rotation": [102.5, -25, 15], "uv": [35, 34]},
						{"origin": [4.76471, 8.76619, -11.21089], "size": [1, 3, 1], "pivot": [5, 9, -11], "rotation": [122.5, -25, 15], "uv": [31, 35]}
					]
				}
			]
		}
	]
}