{
	"format_version": "1.12.0",
	"minecraft:geometry": [
		{
			"description": {
				"identifier": "geometry.infected_humanv2",
				"texture_width": 64,
				"texture_height": 55,
				"visible_bounds_width": 3,
				"visible_bounds_height": 3.5,
				"visible_bounds_offset": [0, 1.25, 0]
			},
			"bones": [
				{
					"name": "PiernaDer",
					"pivot": [-2, 13, 0],
					"cubes": [
						{"origin": [-4.5, 0, -2], "size": [4, 7, 4], "uv": [20, 17]},
						{"origin": [-4, 6.3, -1.5], "size": [3, 6, 3], "pivot": [-3, 7, 0], "rotation": [-12.5, 0, 0], "uv": [0, 19]},
						{"origin": [-4.5, 7.8, 0.5], "size": [1, 2, 1], "pivot": [-3, 9, 0], "rotation": [-30, 0, 0], "uv": [11, 19]}
					]
				},
				{
					"name": "PiernaIzq",
					"pivot": [2, 13, 0],
					"cubes": [
						{"origin": [0.5, 0, -2], "size": [4, 7, 4], "uv": [36, 19]},
						{"origin": [1, 6.3, -1.5], "size": [3, 6, 3], "pivot": [3, 7, 0], "rotation": [-12.5, 0, 0], "uv": [44, 10]},
						{"origin": [2.5, 8.5, -1.3], "size": [1, 2, 1], "pivot": [3, 10, 0], "rotation": [-12.5, 0, 25], "uv": [12, 19]}
					]
				},
				{
					"name": "Cuerpo",
					"pivot": [0, 19, 0],
					"cubes": [
						{"origin": [-3.5, 11.85, -1.7], "size": [7, 2, 5], "uv": [0, 12]},
						{"origin": [-3, 13.9, -1.2], "size": [6, 6, 4], "uv": [32, 0]},
						{"origin": [-2, 15, 1.3], "size": [3, 4, 1], "pivot": [1, 17, -1], "rotation": [-2.5, 0, 20], "uv": [0, 0]},
						{"origin": [-2.5, 14.35, -1.8], "size": [2, 2, 1], "pivot": [-1, 15, -1], "rotation": [2.5, -7.5, 25], "uv": [11, 19]},
						{"origin": [-4.5, 20, -5.15], "size": [9, 5, 7], "inflate": -0.4, "pivot": [-1, 28, 2], "rotation": [20, 0, 0], "uv": [0, 0]},
						{"origin": [-2, 21, 5.7], "size": [4, 3, 4], "pivot": [0, 0, -1], "rotation": [20, 0, 0], "uv": [28, 10]}
					]
				},
				{
					"name": "Cabeza",
					"pivot": [0, 26, -1],
					"cubes": [
						{"origin": [-4, 25, -2.1], "size": [8, 2, 4], "uv": [0, 40]},
						{"origin": [-4, 27, -6.1], "size": [8, 6, 8], "uv": [25, 37]}
					]
				},
				{
					"name": "Mandibula",
					"pivot": [0, 26, -1],
					"cubes": [
						{"origin": [-3.5, 25.3, -5.7], "size": [7, 2, 5], "pivot": [0, 26, -1], "rotation": [20, 0, 0], "uv": [0, 46]}
					]
				},
				{
					"name": "Dientes",
					"parent": "Mandibula",
					"pivot": [0, 26, -1],
					"cubes": [
						{"origin": [-0.5, 26.9, -5.5], "size": [1, 1, 0], "pivot": [0, 26, -1], "rotation": [20, 0, 0], "uv": [17, 27]},
						{"origin": [-2, 26.9, -5.5], "size": [1, 1, 0], "pivot": [0, 26, -1], "rotation": [20, 0, 0], "uv": [15, 27]},
						{"origin": [1, 26.9, -5.5], "size": [1, 1, 0], "pivot": [0, 26, -1], "rotation": [20, 0, 0], "uv": [17, 27]},
						{"origin": [2.4, 26.9, -5.5], "size": [1, 1, 0], "pivot": [0, 26, -1], "rotation": [20, 0, 0], "uv": [54, 24]},
						{"origin": [-3.4, 26.9, -5.5], "size": [1, 1, 0], "pivot": [0, 26, -1], "rotation": [20, 0, 0], "uv": [17, 25]},
						{"origin": [-3.4, 26.9, -5.3], "size": [0, 1, 1], "pivot": [0, 26, -1], "rotation": [20, 0, 0], "uv": [15, 24]},
						{"origin": [3.4, 26.9, -5.3], "size": [0, 1, 1], "pivot": [0, 26, -1], "rotation": [20, 0, 0], "uv": [54, 23]}
					]
				},
				{
					"name": "BrazoIzq",
					"pivot": [4, 22, 0],
					"cubes": [
						{"origin": [5.78, 21, -0.3], "size": [6, 2, 2], "pivot": [6, 22, 1], "rotation": [17.5, -7.5, 67.5], "uv": [0, 32]},
						{"origin": [6.78, 22.8, 0.2], "size": [3, 1, 1], "pivot": [6, 22, 1], "rotation": [17.5, -7.5, 72.5], "uv": [11, 19]},
						{"origin": [4.1, 20.7, -2], "size": [3, 3, 4], "pivot": [5, 23, 0], "rotation": [20, -7.5, 22.5], "uv": [32, 30]},
						{"origin": [6.1, 10.8, -0.3101], "size": [3, 7, 3], "pivot": [8, 17, 1], "rotation": [-2.5, 7.5, 0], "uv": [18, 28]},
						{"origin": [8.3, 14, 1.4], "size": [1, 1, 1], "pivot": [8, 17, 1], "rotation": [-2.5, 7.5, 0], "uv": [0, 4]},
						{"origin": [9.1, 14.2, 1.69186], "size": [3, 1, 0], "pivot": [9, 14.5, 2], "rotation": [-2.5, 7.5, 40], "uv": [13, 22]},
						{"origin": [11, 8.95, 1.31368], "size": [1, 4, 0], "pivot": [11, 12.5, 2], "rotation": [-2.5, 2.5, -10], "uv": [1, 13]},
						{"origin": [7.6, 12.3, -0.5], "size": [1, 1, 1], "pivot": [8, 17, 1], "rotation": [-2.5, 7.5, 0], "uv": [0, 4]},
						{"origin": [7.38, 12.8827, -3.6], "size": [1, 0, 3], "pivot": [8, 13, -1], "rotation": [40, 7.5, -17.5], "uv": [33, 20]},
						{"origin": [7.71521, 6.155, -2.85], "size": [1, 5, 0], "pivot": [8, 11, -3], "rotation": [0, 7.5, -17.5], "uv": [58, 14]}
					]
				},
				{
					"name": "BrazoDer",
					"pivot": [-4, 22, 0],
					"cubes": [
						{"origin": [-11.78, 21, -0.3], "size": [6, 2, 2], "pivot": [-6, 22, 1], "rotation": [17.5, 7.5, -67.5], "uv": [0, 28]},
						{"origin": [-7.1, 20.7, -2], "size": [3, 3, 4], "pivot": [-5, 23, 0], "rotation": [20, 7.5, -22.5], "uv": [32, 30]},
						{"origin": [-9.1, 10.8, -0.3101], "size": [3, 7, 3], "pivot": [-8, 17, 1], "rotation": [-2.5, -7.5, 0], "uv": [16, 30]},
						{"origin": [-9.7, 14.84039, 0.2], "size": [1, 2, 2], "pivot": [-8, 14, 0], "rotation": [7.5, -7.5, 2.5], "uv": [6, 46]},
						{"origin": [-9.3, 14, 1.4], "size": [1, 1, 1], "pivot": [-8, 17, 1], "rotation": [-2.5, -7.5, 0], "uv": [0, 4]},
						{"origin": [-12.1, 14.2, 1.69186], "size": [3, 1, 0], "pivot": [-9, 14.5, 2], "rotation": [-2.5, -7.5, -40], "uv": [0, 5]},
						{"origin": [-12, 8.95, 1.31368], "size": [1, 4, 0], "pivot": [-11, 12.5, 2], "rotation": [-2.5, -2.5, 10], "uv": [56, 20]},
						{"origin": [-8.6, 12.3, -0.5], "size": [1, 1, 1], "pivot": [-8, 17, 1], "rotation": [-2.5, -7.5, 0], "uv": [0, 4]},
						{"origin": [-8.38, 12.8827, -3.6], "size": [1, 0, 3], "pivot": [-8, 13, -1], "rotation": [40, -7.5, 17.5], "uv": [33, 20]},
						{"origin": [-8.71521, 6.155, -2.85], "size": [1, 5, 0], "pivot": [-8, 11, -3], "rotation": [0, -7.5, 17.5], "uv": [59, 24]}
					]
				}
			]
		}
	]
}