{
	"format_version": "1.12.0",
	"minecraft:geometry": [
		{
			"description": {
				"identifier": "geometry.infected_human",
				"texture_width": 64,
				"texture_height": 64,
				"visible_bounds_width": 4,
				"visible_bounds_height": 3.5,
				"visible_bounds_offset": [0, 1.25, 0]
			},
			"bones": [
				{
					"name": "PiernaDer",
					"pivot": [-2, 13, 0],
					"cubes": [
						{"origin": [-4.5, 0, -2], "size": [4, 7, 4], "uv": [16, 34]},
						{"origin": [-4, 6.3, -1.5], "size": [3, 6, 3], "pivot": [-3, 7, 0], "rotation": [-12.5, 0, 0], "uv": [29, 44]},
						{"origin": [-4.5, 7.8, 0.5], "size": [1, 2, 1], "pivot": [-3, 9, 0], "rotation": [-30, 0, 0], "uv": [24, 14]}
					]
				},
				{
					"name": "PiernaIzq",
					"pivot": [2, 13, 0],
					"cubes": [
						{"origin": [0.5, 0, -2], "size": [4, 7, 4], "uv": [0, 31]},
						{"origin": [1, 6.3, -1.5], "size": [3, 6, 3], "pivot": [3, 7, 0], "rotation": [-12.5, 0, 0], "uv": [0, 42]},
						{"origin": [2.5, 7.5, -1.3], "size": [1, 3, 1], "pivot": [3, 10, 0], "rotation": [-12.5, 0, 25], "uv": [24, 0]}
					]
				},
				{
					"name": "Cuerpo",
					"pivot": [0, 19, 1],
					"cubes": [
						{"origin": [-3.5, 11.85, -0.7], "size": [7, 2, 4], "uv": [0, 25]},
						{"origin": [-3, 13.45, -0.2], "size": [6, 6, 3], "uv": [22, 25]},
						{"origin": [-2, 15, 2.3], "size": [3, 4, 1], "pivot": [1, 17, 0], "rotation": [-2.5, 0, 20], "uv": [0, 0]},
						{"origin": [-2.5, 14.35, -0.8], "size": [2, 2, 1], "pivot": [-1, 15, 0], "rotation": [0, -7.5, 25], "uv": [18, 25]},
						{"origin": [-4.5, 20, -4.15], "size": [9, 5, 6], "pivot": [-1, 28, 3], "rotation": [20, 0, 0], "uv": [0, 14]},
						{"origin": [-2.5, 22, 6.7], "size": [5, 2, 4], "pivot": [0, 0, 0], "rotation": [20, 0, 0], "uv": [32, 6]}
					]
				},
				{
					"name": "Cabeza",
					"pivot": [0, 26, 0],
					"cubes": [
						{"origin": [-4, 25, -1.1], "size": [8, 2, 4], "uv": [24, 0]},
						{"origin": [-4, 27, -5.1], "size": [8, 6, 8], "uv": [0, 0]}
					]
				},
				{
					"name": "Mandibula",
					"pivot": [0, 26, 0],
					"cubes": [
						{"origin": [-3.5, 25.3, -4.7], "size": [7, 2, 4], "pivot": [0, 26, 0], "rotation": [20, 0, 0], "uv": [24, 14]}
					]
				},
				{
					"name": "Dientes",
					"parent": "Mandibula",
					"pivot": [0, 26, 0],
					"cubes": [
						{"origin": [-0.5, 26.9, -4.5], "size": [1, 1, 0], "pivot": [0, 26, 0], "rotation": [20, 0, 0], "uv": [4, 15]},
						{"origin": [-2, 26.9, -4.5], "size": [1, 1, 0], "pivot": [0, 26, 0], "rotation": [20, 0, 0], "uv": [0, 15]},
						{"origin": [1, 26.9, -4.5], "size": [1, 1, 0], "pivot": [0, 26, 0], "rotation": [20, 0, 0], "uv": [4, 14]},
						{"origin": [2.4, 26.9, -4.5], "size": [1, 1, 0], "pivot": [0, 26, 0], "rotation": [20, 0, 0], "uv": [0, 14]},
						{"origin": [-3.4, 26.9, -4.5], "size": [1, 1, 0], "pivot": [0, 26, 0], "rotation": [20, 0, 0], "uv": [0, 7]},
						{"origin": [-3.4, 26.9, -4.3], "size": [0, 1, 1], "pivot": [0, 26, 0], "rotation": [20, 0, 0], "uv": [0, 5]},
						{"origin": [3.4, 26.9, -4.3], "size": [0, 1, 1], "pivot": [0, 26, 0], "rotation": [20, 0, 0], "uv": [0, 4]}
					]
				},
				{
					"name": "BrazoIzq",
					"pivot": [4, 22, 1],
					"cubes": [
						{"origin": [5.78, 21, 0.7], "size": [6, 2, 2], "pivot": [6, 22, 2], "rotation": [17.5, -7.5, 67.5], "uv": [44, 0]},
						{"origin": [6.78, 22.8, 1.2], "size": [3, 1, 1], "pivot": [6, 22, 2], "rotation": [17.5, -7.5, 72.5], "uv": [24, 6]},
						{"origin": [4.1, 20.75, -1], "size": [3, 3, 4], "pivot": [5, 23, 1], "rotation": [20, -7.5, 22.5], "uv": [41, 30]},
						{"origin": [6.1, 10.8, 0.6899], "size": [3, 7, 3], "pivot": [8, 17, 2], "rotation": [-2.5, 7.5, 0], "uv": [40, 20]},
						{"origin": [8.3, 14, 2.4], "size": [1, 1, 1], "pivot": [8, 17, 2], "rotation": [-2.5, 7.5, 0], "uv": [18, 31]},
						{"origin": [9.1, 14.2, 2.69186], "size": [3, 1, 0], "pivot": [9, 14.5, 3], "rotation": [-2.5, 7.5, 40], "uv": [0, 19]},
						{"origin": [11, 8.95, 2.31368], "size": [1, 4, 0], "pivot": [11, 12.5, 3], "rotation": [-2.5, 2.5, -10], "uv": [2, 31]},
						{"origin": [7.6, 12.3, 0.5], "size": [1, 1, 1], "pivot": [8, 17, 2], "rotation": [-2.5, 7.5, 0], "uv": [12, 31]},
						{"origin": [7.38, 12.8827, -2.6], "size": [1, 0, 3], "pivot": [8, 13, 0], "rotation": [40, 7.5, -17.5], "uv": [2, 5]},
						{"origin": [7.71521, 6.155, -1.85], "size": [1, 5, 0], "pivot": [8, 11, -2], "rotation": [0, 7.5, -17.5], "uv": [16, 31]}
					]
				},
				{
					"name": "BrazoDer",
					"pivot": [-4, 22, 1],
					"rotation": [-7.5, 0, 0],
					"cubes": [
						{"origin": [-11.78, 21, 0.7], "size": [6, 2, 2], "pivot": [-6, 22, 2], "rotation": [17.5, 7.5, -67.5], "uv": [42, 12]},
						{"origin": [-7.1, 20.75, -1], "size": [3, 3, 4], "pivot": [-5, 23, 1], "rotation": [20, 7.5, -22.5], "uv": [40, 40]},
						{"origin": [-9.1, 10.8, 0.6899], "size": [3, 7, 3], "pivot": [-8, 17, 2], "rotation": [-2.5, -7.5, 0], "uv": [32, 34]},
						{"origin": [-9.7, 14.84039, 1.2], "size": [1, 2, 2], "pivot": [-8, 14, 1], "rotation": [7.5, -7.5, 2.5], "uv": [0, 14]},
						{"origin": [-9.3, 14, 2.4], "size": [1, 1, 1], "pivot": [-8, 17, 2], "rotation": [-2.5, -7.5, 0], "uv": [0, 27]},
						{"origin": [-12.1, 14.2, 2.69186], "size": [3, 1, 0], "pivot": [-9, 14.5, 3], "rotation": [-2.5, -7.5, -40], "uv": [0, 18]},
						{"origin": [-12, 8.95, 2.31368], "size": [1, 4, 0], "pivot": [-11, 12.5, 3], "rotation": [-2.5, -2.5, 10], "uv": [0, 31]},
						{"origin": [-8.6, 12.3, 0.5], "size": [1, 1, 1], "pivot": [-8, 17, 2], "rotation": [-2.5, -7.5, 0], "uv": [0, 25]},
						{"origin": [-8.38, 12.8827, -2.6], "size": [1, 0, 3], "pivot": [-8, 13, 0], "rotation": [40, -7.5, 17.5], "uv": [0, 5]},
						{"origin": [-8.71521, 6.155, -1.85], "size": [1, 5, 0], "pivot": [-8, 11, -2], "rotation": [0, -7.5, 17.5], "uv": [30, 20]}
					]
				}
			]
		}
	]
}20]}
					]
				}
			]
		}
	]
}