{
	"format_version": "1.12.0",
	"minecraft:geometry": [
		{
			"description": {
				"identifier": "geometry.overlord",
				"texture_width": 112,
				"texture_height": 112,
				"visible_bounds_width": 6,
				"visible_bounds_height": 5,
				"visible_bounds_offset": [0, 1.5, 0]
			},
			"bones": [
				{
					"name": "Leg1",
					"pivot": [-6.5, 21.25, -4.4],
					"cubes": [
						{"origin": [-8, 0, -8.8], "size": [3, 2.5, 2.8], "uv": [93, 33]}
					]
				},
				{
					"name": "bone2",
					"parent": "Leg1",
					"pivot": [2, 0, 0],
					"cubes": [
						{"origin": [-7.5, 2, -8.2], "size": [2, 9, 1.8], "uv": [89, 91]}
					]
				},
				{
					"name": "bone3",
					"parent": "bone2",
					"pivot": [2, 0, 0],
					"cubes": [
						{"origin": [-7.5, 9.70021, -10.69437], "size": [2.3, 8, 2], "pivot": [-7, 13, -9], "rotation": [32.5, 0, 0], "uv": [75, 84]}
					]
				},
				{
					"name": "bone7",
					"parent": "bone3",
					"pivot": [2, 0, 0],
					"cubes": [
						{"origin": [-7.2, 9.44365, -9.82843], "size": [1.5, 7, 2], "pivot": [-7, 13, -9], "rotation": [45, 0, 0], "uv": [30, 92]}
					]
				},
				{
					"name": "bone6",
					"parent": "bone3",
					"pivot": [-6.5, 20.06181, -5.41255],
					"cubes": [
						{"origin": [-7.5, 14.47487, -10.6487], "size": [2, 8, 4], "pivot": [-7, 18, -9], "rotation": [-47.5, 0, 0], "uv": [12, 67]}
					]
				},
				{
					"name": "bone12",
					"parent": "bone6",
					"pivot": [2, 0, 0],
					"cubes": [
						{"origin": [-7, 19, -8], "size": [4, 5, 6], "uv": [30, 46]}
					]
				},
				{
					"name": "Leg2",
					"pivot": [6.5, 22.25, -4.4],
					"cubes": [
						{"origin": [5, 0, -8.8], "size": [3, 2.5, 2.8], "uv": [93, 4]}
					]
				},
				{
					"name": "bone8",
					"parent": "Leg2",
					"pivot": [15, 0, 0],
					"cubes": [
						{"origin": [5.5, 2, -8.2], "size": [2, 9, 1.8], "uv": [83, 91]}
					]
				},
				{
					"name": "bone9",
					"parent": "bone8",
					"pivot": [15, 0, 0],
					"cubes": [
						{"origin": [5.1, 9.70021, -10.69437], "size": [2.4, 8, 2], "pivot": [7, 13, -9], "rotation": [32.5, 0, 0], "uv": [18, 84]}
					]
				},
				{
					"name": "bone10",
					"parent": "bone9",
					"pivot": [15, 0, 0],
					"cubes": [
						{"origin": [5.8, 9.44365, -9.82843], "size": [1.5, 7, 2], "pivot": [7, 13, -9], "rotation": [45, 0, 0], "uv": [24, 92]}
					]
				},
				{
					"name": "bone11",
					"parent": "bone9",
					"pivot": [15, 0, 0],
					"cubes": [
						{"origin": [5.5, 14.47487, -10.6487], "size": [2, 8, 4], "pivot": [7, 18, -9], "rotation": [-47.5, 0, 0], "uv": [65, 38]}
					]
				},
				{
					"name": "bone13",
					"parent": "bone11",
					"pivot": [15, 0, 0],
					"cubes": [
						{"origin": [3, 19, -8], "size": [4, 5, 6], "uv": [38, 0]}
					]
				},
				{
					"name": "Body",
					"pivot": [0, 0, 0],
					"cubes": [
						{"origin": [-3.5, 17.00928, -7.33094], "size": [7, 8, 8], "pivot": [0, 20, -3], "rotation": [-55, 0, 0], "uv": [0, 39]}
					]
				},
				{
					"name": "bone22",
					"parent": "Body",
					"pivot": [0, 20, -3],
					"cubes": [
						{"origin": [1, 21, -3], "size": [4, 8, 4], "pivot": [3, 27, -1], "rotation": [24.97911, -1.05627, 14.76603], "uv": [46, 56]}
					]
				},
				{
					"name": "bone21",
					"parent": "Body",
					"pivot": [0, 20, -3],
					"cubes": [
						{"origin": [-5, 21, -3], "size": [4, 8, 4], "pivot": [-3, 27, -1], "rotation": [24.97911, 1.05627, -14.76603], "uv": [18, 55]}
					]
				},
				{
					"name": "bone14",
					"parent": "Body",
					"pivot": [0, 20, -4],
					"cubes": [
						{"origin": [-3, 14.01404, -1.55124], "size": [6, 7, 3], "pivot": [0, 17, 0], "rotation": [-27.5, 0, 0], "uv": [0, 55]}
					]
				},
				{
					"name": "bone15",
					"parent": "bone14",
					"pivot": [0, 16, 1],
					"cubes": [
						{"origin": [-3, 13.5, 0.5], "size": [6, 7.5, 10], "uv": [32, 29]}
					]
				},
				{
					"name": "bone16",
					"parent": "bone15",
					"pivot": [0, 17, 6],
					"cubes": [
						{"origin": [-5, 13, 5], "size": [10, 13, 9], "uv": [0, 0]}
					]
				},
				{
					"name": "bone17",
					"parent": "bone16",
					"pivot": [0, 17, 6],
					"cubes": [
						{"origin": [-5, 17, -4], "size": [10, 6, 11], "pivot": [0, 21, 2], "rotation": [-17.5, 0, 0], "uv": [0, 22]}
					]
				},
				{
					"name": "bone18",
					"parent": "bone17",
					"pivot": [0, 21, 2],
					"cubes": [
						{"origin": [-4, 15.3855, 11.73364], "size": [8, 6, 11], "pivot": [0, 18, 16], "rotation": [10, 0, 0], "uv": [31, 11]}
					]
				},
				{
					"name": "bone20",
					"parent": "bone18",
					"pivot": [0, 18, 16],
					"cubes": [
						{"origin": [3.95281, 16.95547, 6], "size": [5, 5, 5], "pivot": [6, 19, 8], "rotation": [0, 0, -11], "uv": [54, 28]}
					]
				},
				{
					"name": "bone19",
					"parent": "bone18",
					"pivot": [0, 18, 16],
					"cubes": [
						{"origin": [-9, 17, 6], "size": [5, 5, 5], "pivot": [-6, 19, 8], "rotation": [0, 0, 11], "uv": [50, 46]}
					]
				},
				{
					"name": "Leg3",
					"pivot": [-8.5, 17.25, 7.6],
					"cubes": [
						{"origin": [-10, 0, 6.2], "size": [3, 2.5, 2.8], "uv": [92, 58]}
					]
				},
				{
					"name": "bone4",
					"parent": "Leg3",
					"pivot": [0, -1, 15],
					"cubes": [
						{"origin": [-9.5, 1, 6.8], "size": [2, 9, 1.8], "uv": [69, 91]}
					]
				},
				{
					"name": "bone5",
					"parent": "bone4",
					"pivot": [0, -1, 15],
					"cubes": [
						{"origin": [-9.5, 8.70021, 4.30563], "size": [2.3, 8, 2], "pivot": [-9, 12, 6], "rotation": [32.5, 0, 0], "uv": [0, 83]}
					]
				},
				{
					"name": "bone23",
					"parent": "bone5",
					"pivot": [0, -1, 15],
					"cubes": [
						{"origin": [-9.2, 8.44365, 5.17157], "size": [1.5, 7, 2], "pivot": [-9, 12, 6], "rotation": [45, 0, 0], "uv": [12, 92]}
					]
				},
				{
					"name": "bone24",
					"parent": "bone5",
					"pivot": [0, -1, 15],
					"cubes": [
						{"origin": [-9.5, 13.47487, 4.3513], "size": [2, 8, 4], "pivot": [-9, 17, 6], "rotation": [-47.5, 0, 0], "uv": [0, 65]}
					]
				},
				{
					"name": "bone25",
					"parent": "bone24",
					"pivot": [0, -1, 15]
				},
				{
					"name": "Leg4",
					"pivot": [8.5, 18.25, 7.6],
					"cubes": [
						{"origin": [7, 0, 6.2], "size": [3, 2.5, 2.8], "uv": [92, 52]}
					]
				},
				{
					"name": "bone26",
					"parent": "Leg4",
					"pivot": [17, -1, 15],
					"cubes": [
						{"origin": [7.5, 1, 6.8], "size": [2, 9, 1.8], "uv": [43, 91]}
					]
				},
				{
					"name": "bone27",
					"parent": "bone26",
					"pivot": [17, -1, 15],
					"cubes": [
						{"origin": [7.1, 8.70021, 4.30563], "size": [2.4, 8, 2], "pivot": [9, 12, 6], "rotation": [32.5, 0, 0], "uv": [67, 81]}
					]
				},
				{
					"name": "bone28",
					"parent": "bone27",
					"pivot": [17, -1, 15],
					"cubes": [
						{"origin": [7.8, 8.44365, 5.17157], "size": [1.5, 7, 2], "pivot": [9, 12, 6], "rotation": [45, 0, 0], "uv": [6, 92]}
					]
				},
				{
					"name": "bone29",
					"parent": "bone27",
					"pivot": [17, -1, 15],
					"cubes": [
						{"origin": [7.5, 13.47487, 4.3513], "size": [2, 8, 4], "pivot": [9, 17, 6], "rotation": [-47.5, 0, 0], "uv": [34, 57]}
					]
				},
				{
					"name": "bone30",
					"parent": "bone29",
					"pivot": [17, -1, 15]
				},
				{
					"name": "Leg5",
					"pivot": [-5.5, 19.25, 18.6],
					"cubes": [
						{"origin": [-7, 0, 17.2], "size": [3, 2.5, 2.8], "uv": [91, 48]}
					]
				},
				{
					"name": "bone31",
					"parent": "Leg5",
					"pivot": [3, -1, 26],
					"cubes": [
						{"origin": [-6.5, 1, 17.8], "size": [2, 9, 1.8], "uv": [37, 91]}
					]
				},
				{
					"name": "bone32",
					"parent": "bone31",
					"pivot": [3, -1, 26],
					"cubes": [
						{"origin": [-6.5, 8.70021, 15.30563], "size": [2.3, 8, 2], "pivot": [-6, 12, 17], "rotation": [32.5, 0, 0], "uv": [41, 81]}
					]
				},
				{
					"name": "bone33",
					"parent": "bone32",
					"pivot": [3, -1, 26],
					"cubes": [
						{"origin": [-6.2, 8.44365, 16.17157], "size": [1.5, 7, 2], "pivot": [-6, 12, 17], "rotation": [45, 0, 0], "uv": [89, 63]}
					]
				},
				{
					"name": "bone34",
					"parent": "bone32",
					"pivot": [3, -1, 26],
					"cubes": [
						{"origin": [-6.5, 13.47487, 15.3513], "size": [3, 8, 4], "pivot": [-6, 17, 17], "rotation": [-47.5, 0, 0], "uv": [62, 56]}
					]
				},
				{
					"name": "bone35",
					"parent": "bone34",
					"pivot": [3, -1, 26]
				},
				{
					"name": "Leg6",
					"pivot": [5.5, 19.25, 18.6],
					"cubes": [
						{"origin": [4, 0, 17.2], "size": [3, 2.5, 2.8], "uv": [89, 0]}
					]
				},
				{
					"name": "bone36",
					"parent": "Leg6",
					"pivot": [14, -1, 26],
					"cubes": [
						{"origin": [4.5, 1, 17.8], "size": [2, 9, 1.8], "uv": [91, 23]}
					]
				},
				{
					"name": "bone37",
					"parent": "bone36",
					"pivot": [14, -1, 26],
					"cubes": [
						{"origin": [4.1, 8.70021, 15.30563], "size": [2.4, 8, 2], "pivot": [6, 12, 17], "rotation": [32.5, 0, 0], "uv": [0, 22]}
					]
				},
				{
					"name": "bone38",
					"parent": "bone37",
					"pivot": [14, -1, 26],
					"cubes": [
						{"origin": [4.8, 8.44365, 16.17157], "size": [1.5, 7, 2], "pivot": [6, 12, 17], "rotation": [45, 0, 0], "uv": [0, 0]}
					]
				},
				{
					"name": "bone39",
					"parent": "bone37",
					"pivot": [14, -1, 26],
					"cubes": [
						{"origin": [3.5, 13.47487, 15.3513], "size": [3, 8, 4], "pivot": [6, 17, 17], "rotation": [-47.5, 0, 0], "uv": [58, 0]}
					]
				},
				{
					"name": "bone40",
					"parent": "bone39",
					"pivot": [14, -1, 26]
				},
				{
					"name": "Bigtail1",
					"pivot": [-7, 31, -2],
					"rotation": [0, 0, -47.5],
					"cubes": [
						{"origin": [-8, 27, -3], "size": [2, 3, 2], "pivot": [-7, 28, -2], "rotation": [27.5, 0, 0], "uv": [96, 13]},
						{"origin": [-8, 29.4, -3.9], "size": [2, 2.1, 1.7], "pivot": [-7, 31, -3], "rotation": [10, 0, 0], "uv": [42, 57]},
						{"origin": [-8.2, 30.8, -4.5], "size": [2.4, 3, 2.4], "pivot": [-7, 31, -2], "rotation": [-12.5, 0, 0], "uv": [95, 95]},
						{"origin": [-8.4, 32.5, -5.5], "size": [2.8, 4.5, 2.8], "pivot": [-7, 31, -2], "rotation": [-35, 0, 0], "uv": [91, 84]},
						{"origin": [-8.6, 34.6, -7.7], "size": [3.2, 5, 3.2], "pivot": [-7, 31, -2], "rotation": [-60, 0, 0], "uv": [21, 76]},
						{"origin": [-8.4, 37.7, 2.70133], "size": [2.8, 2.8, 4], "pivot": [-7, 38, 5], "rotation": [10, 0, 0], "uv": [81, 80]},
						{"origin": [-8.2, 38.5, 5.4], "size": [2.4, 2.4, 4], "pivot": [-7, 31, -2], "rotation": [-2.5, 0, 0], "uv": [81, 74]},
						{"origin": [-8, 41.3, 6], "size": [2, 2, 4], "pivot": [-7, 31, -2], "rotation": [-17.5, 0, 0], "uv": [81, 68]},
						{"origin": [-8, 39.7, 11], "size": [2, 1.8, 4], "pivot": [-7, 31, -2], "rotation": [-10, 0, 0], "uv": [87, 43]},
						{"origin": [-8, 35.9, 16], "size": [2, 1.8, 3], "pivot": [-7, 31, -2], "rotation": [2.5, 0, 0], "uv": [50, 68]},
						{"origin": [-8, 33.3, 19], "size": [2, 1.5, 4], "pivot": [-7, 31, -2], "rotation": [10, 0, 0], "uv": [26, 87]},
						{"origin": [-8, 39, 22], "size": [2, 1, 5], "pivot": [-7, 38, 25], "rotation": [20, 0, 0], "uv": [59, 75]}
					]
				},
				{
					"name": "Bigtail2",
					"pivot": [7, 31, -2],
					"rotation": [0, 0, 45],
					"cubes": [
						{"origin": [6, 27, -3], "size": [2, 3, 2], "pivot": [7, 28, -2], "rotation": [27.5, 0, 0], "uv": [95, 90]},
						{"origin": [6, 29.4, -3.9], "size": [2, 2.1, 1.7], "pivot": [7, 31, -3], "rotation": [10, 0, 0], "uv": [15, 55]},
						{"origin": [5.8, 30.8, -4.5], "size": [2.4, 3, 2.4], "pivot": [7, 31, -2], "rotation": [-12.5, 0, 0], "uv": [95, 67]},
						{"origin": [5.6, 32.5, -5.5], "size": [2.8, 4.5, 2.8], "pivot": [7, 31, -2], "rotation": [-35, 0, 0], "uv": [91, 78]},
						{"origin": [5.4, 34.6, -7.7], "size": [3.2, 5, 3.2], "pivot": [7, 31, -2], "rotation": [-60, 0, 0], "uv": [47, 75]},
						{"origin": [5.6, 37.7, 2.70133], "size": [2.8, 2.8, 4], "pivot": [7, 38, 5], "rotation": [10, 0, 0], "uv": [55, 81]},
						{"origin": [5.8, 38.5, 5.4], "size": [2.4, 2.4, 4], "pivot": [7, 31, -2], "rotation": [-2.5, 0, 0], "uv": [29, 81]},
						{"origin": [6, 41.3, 6], "size": [2, 2, 4], "pivot": [7, 31, -2], "rotation": [-17.5, 0, 0], "uv": [79, 47]},
						{"origin": [6, 39.7, 11], "size": [2, 1.8, 4], "pivot": [7, 31, -2], "rotation": [-10, 0, 0], "uv": [83, 86]},
						{"origin": [6, 35.9, 16], "size": [2, 1.8, 3], "pivot": [7, 31, -2], "rotation": [2.5, 0, 0], "uv": [68, 14]},
						{"origin": [6, 33.3, 19], "size": [2, 1.5, 4], "pivot": [7, 31, -2], "rotation": [10, 0, 0], "uv": [86, 10]},
						{"origin": [6, 39, 22], "size": [2, 1, 5], "pivot": [7, 38, 25], "rotation": [20, 0, 0], "uv": [33, 75]}
					]
				},
				{
					"name": "Bigtail3",
					"pivot": [-8, 25, -2],
					"rotation": [0, 0, -110],
					"cubes": [
						{"origin": [-9, 21, -3], "size": [2, 3, 2], "pivot": [-8, 22, -2], "rotation": [27.5, 0, 0], "uv": [95, 62]},
						{"origin": [-9, 23.4, -3.9], "size": [2, 2.1, 1.7], "pivot": [-8, 25, -3], "rotation": [10, 0, 0], "uv": [30, 47]},
						{"origin": [-9.2, 24.8, -4.5], "size": [2.4, 3, 2.4], "pivot": [-8, 25, -2], "rotation": [-12.5, 0, 0], "uv": [95, 40]},
						{"origin": [-9.4, 26.5, -5.5], "size": [2.8, 4.5, 2.8], "pivot": [-8, 25, -2], "rotation": [-35, 0, 0], "uv": [91, 72]},
						{"origin": [-9.6, 28.6, -7.7], "size": [3.2, 5, 3.2], "pivot": [-8, 25, -2], "rotation": [-60, 0, 0], "uv": [74, 33]},
						{"origin": [-9.4, 31.7, 2.70133], "size": [2.8, 2.8, 4], "pivot": [-8, 32, 5], "rotation": [10, 0, 0], "uv": [8, 79]},
						{"origin": [-9.2, 32.5, 5.4], "size": [2.4, 2.4, 4], "pivot": [-8, 25, -2], "rotation": [-2.5, 0, 0], "uv": [78, 23]},
						{"origin": [-9, 35.3, 6], "size": [2, 2, 4], "pivot": [-8, 25, -2], "rotation": [-17.5, 0, 0], "uv": [78, 12]},
						{"origin": [-9, 33.7, 11], "size": [2, 1.8, 4], "pivot": [-8, 25, -2], "rotation": [-10, 0, 0], "uv": [85, 37]},
						{"origin": [-9, 29.9, 16], "size": [2, 1.8, 3], "pivot": [-8, 25, -2], "rotation": [2.5, 0, 0], "uv": [52, 0]},
						{"origin": [-9, 27.3, 19], "size": [2, 1.5, 4], "pivot": [-8, 25, -2], "rotation": [10, 0, 0], "uv": [85, 5]},
						{"origin": [-9, 33, 22], "size": [2, 1, 5], "pivot": [-8, 32, 25], "rotation": [20, 0, 0], "uv": [72, 0]}
					]
				},
				{
					"name": "Bigtail4",
					"pivot": [7, 25, -2],
					"rotation": [0, 0, 110],
					"cubes": [
						{"origin": [6, 21, -3], "size": [2, 3, 3], "pivot": [7, 22, -2], "rotation": [27.5, 0, 0], "uv": [59, 88]},
						{"origin": [6, 23.4, -3.9], "size": [2, 2.1, 2.7], "pivot": [7, 25, -3], "rotation": [10, 0, 0], "uv": [58, 56]},
						{"origin": [5.8, 24.8, -4.5], "size": [2.4, 3, 3.4], "pivot": [7, 25, -2], "rotation": [-12.5, 0, 0], "uv": [49, 87]},
						{"origin": [5.6, 26.5, -5.5], "size": [2.8, 4.5, 3.8], "pivot": [7, 25, -2], "rotation": [-35, 0, 0], "uv": [8, 85]},
						{"origin": [5.4, 28.6, -7.7], "size": [3.2, 5, 4.2], "pivot": [7, 25, -2], "rotation": [-60, 0, 0], "uv": [24, 67]},
						{"origin": [5.6, 31.7, 2.70133], "size": [2.8, 2.8, 5], "pivot": [7, 32, 5], "rotation": [10, 0, 0], "uv": [55, 68]},
						{"origin": [5.8, 32.5, 5.4], "size": [2.4, 2.4, 5], "pivot": [7, 25, -2], "rotation": [-2.5, 0, 0], "uv": [41, 68]},
						{"origin": [6, 35.3, 6], "size": [2, 2, 5], "pivot": [7, 25, -2], "rotation": [-17.5, 0, 0], "uv": [68, 7]},
						{"origin": [6, 33.7, 11], "size": [2, 1.8, 5], "pivot": [7, 25, -2], "rotation": [-10, 0, 0], "uv": [70, 50]},
						{"origin": [6, 29.9, 16], "size": [2, 1.8, 4], "pivot": [7, 25, -2], "rotation": [2.5, 0, 0], "uv": [84, 58]},
						{"origin": [6, 27.3, 19], "size": [2, 1.5, 5], "pivot": [7, 25, -2], "rotation": [10, 0, 0], "uv": [69, 27]},
						{"origin": [6, 33, 22], "size": [2, 1, 6], "pivot": [7, 32, 25], "rotation": [20, 0, 0], "uv": [58, 12]}
					]
				},
				{
					"name": "Bigtail5",
					"pivot": [-4, 26, 3],
					"cubes": [
						{"origin": [-5, 22, 2], "size": [2, 3, 2], "pivot": [-4, 23, 3], "rotation": [27.5, 0, 0], "uv": [95, 8]},
						{"origin": [-5, 24.4, 1.1], "size": [2, 2.1, 1.7], "pivot": [-4, 26, 2], "rotation": [10, 0, 0], "uv": [38, 0]},
						{"origin": [-5.2, 25.8, 0.5], "size": [2.4, 3, 2.4], "pivot": [-4, 26, 3], "rotation": [-12.5, 0, 0], "uv": [75, 94]},
						{"origin": [-5.4, 27.5, -0.5], "size": [2.8, 4.5, 2.8], "pivot": [-4, 26, 3], "rotation": [-35, 0, 0], "uv": [89, 16]},
						{"origin": [-5.6, 29.6, -2.7], "size": [3.2, 5, 3.2], "pivot": [-4, 26, 3], "rotation": [-60, 0, 0], "uv": [69, 68]},
						{"origin": [-5.4, 32.7, 7.70133], "size": [2.8, 2.8, 4], "pivot": [-4, 33, 10], "rotation": [10, 0, 0], "uv": [77, 41]},
						{"origin": [-5.2, 33.5, 10.4], "size": [2.4, 2.4, 4], "pivot": [-4, 26, 3], "rotation": [-2.5, 0, 0], "uv": [77, 6]},
						{"origin": [-5, 36.3, 11], "size": [2, 2, 4], "pivot": [-4, 26, 3], "rotation": [-17.5, 0, 0], "uv": [0, 77]},
						{"origin": [-5, 34.7, 16], "size": [2, 1.8, 4], "pivot": [-4, 26, 3], "rotation": [-10, 0, 0], "uv": [84, 53]},
						{"origin": [-5, 30.9, 21], "size": [2, 1.8, 3], "pivot": [-4, 26, 3], "rotation": [2.5, 0, 0], "uv": [44, 46]},
						{"origin": [-5, 28.3, 24], "size": [2, 1.5, 4], "pivot": [-4, 26, 3], "rotation": [10, 0, 0], "uv": [83, 29]},
						{"origin": [-5, 34, 27], "size": [2, 1, 5], "pivot": [-4, 33, 30], "rotation": [20, 0, 0], "uv": [22, 41]}
					]
				},
				{
					"name": "Bigtail6",
					"pivot": [3, 26, 3],
					"cubes": [
						{"origin": [2, 22, 2], "size": [2, 3, 2], "pivot": [3, 23, 3], "rotation": [27.5, 0, 0], "uv": [57, 94]},
						{"origin": [2, 24.4, 1.1], "size": [2, 2.1, 1.7], "pivot": [3, 26, 2], "rotation": [10, 0, 0], "uv": [29, 6]},
						{"origin": [1.8, 25.8, 0.5], "size": [2.4, 3, 2.4], "pivot": [3, 26, 3], "rotation": [-12.5, 0, 0], "uv": [49, 93]},
						{"origin": [1.6, 27.5, -0.5], "size": [2.8, 4.5, 2.8], "pivot": [3, 26, 3], "rotation": [-35, 0, 0], "uv": [0, 39]},
						{"origin": [1.4, 29.6, -2.7], "size": [3.2, 5, 3.2], "pivot": [3, 26, 3], "rotation": [-60, 0, 0], "uv": [69, 19]},
						{"origin": [1.6, 32.7, 7.70133], "size": [2.8, 2.8, 4], "pivot": [3, 33, 10], "rotation": [10, 0, 0], "uv": [73, 76]},
						{"origin": [1.8, 33.5, 10.4], "size": [2.4, 2.4, 4], "pivot": [3, 26, 3], "rotation": [-2.5, 0, 0], "uv": [76, 62]},
						{"origin": [2, 36.3, 11], "size": [2, 2, 4], "pivot": [3, 26, 3], "rotation": [-17.5, 0, 0], "uv": [76, 56]},
						{"origin": [2, 34.7, 16], "size": [2, 1.8, 4], "pivot": [3, 26, 3], "rotation": [-10, 0, 0], "uv": [81, 18]},
						{"origin": [2, 30.9, 21], "size": [2, 1.8, 3], "pivot": [3, 26, 3], "rotation": [2.5, 0, 0], "uv": [31, 28]},
						{"origin": [2, 28.3, 24], "size": [2, 1.5, 4], "pivot": [3, 26, 3], "rotation": [10, 0, 0], "uv": [81, 0]},
						{"origin": [2, 34, 27], "size": [2, 1, 5], "pivot": [3, 33, 30], "rotation": [20, 0, 0], "uv": [29, 0]}
					]
				}
			]
		}
	]
}