{
	"format_version": "1.12.0",
	"minecraft:geometry": [
		{
			"description": {
				"identifier": "geometry.reeker2",
				"texture_width": 128,
				"texture_height": 110,
				"visible_bounds_width": 6,
				"visible_bounds_height": 4.5,
				"visible_bounds_offset": [0, 1.75, 0]
			},
			"bones": [
				{
					"name": "bone2",
					"pivot": [0, 29, 2],
					"cubes": [
						{
							"origin": [-3, 44, -27],
							"size": [6, 5, 8],
							"pivot": [0, 44, -17],
							"rotation": [127.5, 0, 0],
							"uv": {
								"north": {"uv": [101, 8], "uv_size": [6, 5]},
								"east": {"uv": [93, 8], "uv_size": [8, 5]},
								"south": {"uv": [115, 8], "uv_size": [6, 5]},
								"west": {"uv": [107, 8], "uv_size": [8, 5]},
								"up": {"uv": [101, 0], "uv_size": [6, 8]},
								"down": {"uv": [107, 8], "uv_size": [6, -8]}
							}
						},
						{
							"origin": [-8, 49, -34],
							"size": [16, 12, 13],
							"pivot": [0, 44, -17],
							"rotation": [167.5, 0, 0],
							"uv": {
								"north": {"uv": [61, 13], "uv_size": [16, 12]},
								"east": {"uv": [48, 13], "uv_size": [13, 12]},
								"south": {"uv": [90, 13], "uv_size": [16, 12]},
								"west": {"uv": [77, 13], "uv_size": [13, 12]},
								"up": {"uv": [61, 0], "uv_size": [16, 13]},
								"down": {"uv": [77, 13], "uv_size": [16, -13]}
							}
						},
						{
							"origin": [-6, 54, -41],
							"size": [12, 9, 12],
							"pivot": [0, 44, -17],
							"rotation": [180, 0, 0],
							"uv": {
								"north": {"uv": [12, 12], "uv_size": [12, 9]},
								"east": {"uv": [0, 12], "uv_size": [12, 9]},
								"south": {"uv": [36, 12], "uv_size": [12, 9]},
								"west": {"uv": [24, 12], "uv_size": [12, 9]},
								"up": {"uv": [12, 0], "uv_size": [12, 12]},
								"down": {"uv": [24, 12], "uv_size": [12, -12]}
							}
						},
						{
							"origin": [-5, 61.5, -45],
							"size": [10, 7, 11],
							"pivot": [0, 44, -17],
							"rotation": [-162.5, 0, 0],
							"uv": {
								"north": {"uv": [11, 32], "uv_size": [10, 7]},
								"east": {"uv": [0, 32], "uv_size": [11, 7]},
								"south": {"uv": [32, 32], "uv_size": [10, 7]},
								"west": {"uv": [21, 32], "uv_size": [11, 7]},
								"up": {"uv": [11, 21], "uv_size": [10, 11]},
								"down": {"uv": [21, 32], "uv_size": [10, -11]}
							}
						}
					]
				},
				{
					"name": "bone",
					"parent": "bone2",
					"pivot": [0, 41, -17],
					"cubes": [
						{
							"origin": [-4, 43, -23],
							"size": [8, 6, 8],
							"uv": {
								"north": {"uv": [50, 33], "uv_size": [8, 6]},
								"east": {"uv": [42, 33], "uv_size": [8, 6]},
								"south": {"uv": [66, 33], "uv_size": [8, 6]},
								"west": {"uv": [58, 33], "uv_size": [8, 6]},
								"up": {"uv": [50, 25], "uv_size": [8, 8]},
								"down": {"uv": [58, 33], "uv_size": [8, -8]}
							}
						},
						{
							"origin": [-4, 40, -19],
							"size": [8, 3, 4],
							"uv": {
								"north": {"uv": [40, 6], "uv_size": [8, 3]},
								"east": {"uv": [36, 6], "uv_size": [4, 3]},
								"south": {"uv": [52, 6], "uv_size": [8, 3]},
								"west": {"uv": [48, 6], "uv_size": [4, 3]},
								"up": {"uv": [40, 2], "uv_size": [8, 4]},
								"down": {"uv": [48, 6], "uv_size": [8, -4]}
							}
						},
						{
							"origin": [-3.5, 40, -24],
							"size": [7, 2, 6],
							"pivot": [0, 43, -17],
							"rotation": [15, 0, 0],
							"uv": {
								"north": {"uv": [106, 25], "uv_size": [7, 2]},
								"east": {"uv": [100, 25], "uv_size": [6, 2]},
								"south": {"uv": [119, 25], "uv_size": [7, 2]},
								"west": {"uv": [113, 25], "uv_size": [6, 2]},
								"up": {"uv": [106, 19], "uv_size": [7, 6]},
								"down": {"uv": [113, 25], "uv_size": [7, -6]}
							}
						},
						{
							"origin": [3.6, 42.4, -22.5],
							"size": [0, 2, 1],
							"pivot": [0, 43, -17],
							"rotation": [15, 0, 12.5],
							"uv": {
								"north": {"uv": [101, 20], "uv_size": [0, 2]},
								"east": {"uv": [100, 20], "uv_size": [1, 2]},
								"south": {"uv": [102, 20], "uv_size": [0, 2]},
								"west": {"uv": [101, 20], "uv_size": [1, 2]},
								"up": {"uv": [101, 19], "uv_size": [0, 1]},
								"down": {"uv": [101, 20], "uv_size": [0, -1]}
							}
						},
						{
							"origin": [-3.6, 42.4, -22.5],
							"size": [0, 2, 1],
							"pivot": [0, 43, -17],
							"rotation": [15, 0, -12.5],
							"uv": {
								"north": {"uv": [101, 20], "uv_size": [0, 2]},
								"east": {"uv": [100, 20], "uv_size": [1, 2]},
								"south": {"uv": [102, 20], "uv_size": [0, 2]},
								"west": {"uv": [101, 20], "uv_size": [1, 2]},
								"up": {"uv": [101, 19], "uv_size": [0, 1]},
								"down": {"uv": [101, 20], "uv_size": [0, -1]}
							}
						},
						{
							"origin": [1.5, 43, -24],
							"size": [1, 2, 0],
							"pivot": [0, 43, -17],
							"rotation": [25, 0, 0],
							"uv": {
								"north": {"uv": [116, 1], "uv_size": [1, 2]},
								"east": {"uv": [116, 1], "uv_size": [0, 2]},
								"south": {"uv": [117, 1], "uv_size": [1, 2]},
								"west": {"uv": [117, 1], "uv_size": [0, 2]},
								"up": {"uv": [116, 1], "uv_size": [1, 0]},
								"down": {"uv": [117, 1], "uv_size": [1, 0]}
							}
						},
						{
							"origin": [-0.5, 43, -24],
							"size": [1, 2, 0],
							"pivot": [0, 43, -17],
							"rotation": [25, 0, 0],
							"uv": {
								"north": {"uv": [116, 1], "uv_size": [1, 2]},
								"east": {"uv": [116, 1], "uv_size": [0, 2]},
								"south": {"uv": [117, 1], "uv_size": [1, 2]},
								"west": {"uv": [117, 1], "uv_size": [0, 2]},
								"up": {"uv": [116, 1], "uv_size": [1, 0]},
								"down": {"uv": [117, 1], "uv_size": [1, 0]}
							}
						},
						{
							"origin": [-2.5, 43, -24],
							"size": [1, 2, 0],
							"pivot": [0, 43, -17],
							"rotation": [25, 0, 0],
							"uv": {
								"north": {"uv": [116, 1], "uv_size": [1, 2]},
								"east": {"uv": [116, 1], "uv_size": [0, 2]},
								"south": {"uv": [117, 1], "uv_size": [1, 2]},
								"west": {"uv": [117, 1], "uv_size": [0, 2]},
								"up": {"uv": [116, 1], "uv_size": [1, 0]},
								"down": {"uv": [117, 1], "uv_size": [1, 0]}
							}
						}
					]
				},
				{
					"name": "bone3",
					"parent": "bone2",
					"pivot": [2.5, 32, 2.5],
					"rotation": [0, 10, 55],
					"cubes": [
						{
							"origin": [-13, 21, 0],
							"size": [5, 6, 5],
							"pivot": [-10, 37, 0],
							"rotation": [0, 0, -90],
							"uv": {
								"north": {"uv": [74, 41], "uv_size": [5, 6]},
								"east": {"uv": [69, 41], "uv_size": [5, 6]},
								"south": {"uv": [84, 41], "uv_size": [5, 6]},
								"west": {"uv": [79, 41], "uv_size": [5, 6]},
								"up": {"uv": [74, 36], "uv_size": [5, 5]},
								"down": {"uv": [79, 41], "uv_size": [5, -5]}
							}
						}
					]
				},
				{
					"name": "bone4",
					"parent": "bone3",
					"pivot": [2.5, 38, 2.5],
					"rotation": [0, -17.5, 0],
					"cubes": [
						{
							"origin": [1, 38, 1],
							"size": [3, 11, 3],
							"uv": {
								"north": {"uv": [97, 30], "uv_size": [3, 11]},
								"east": {"uv": [94, 30], "uv_size": [3, 11]},
								"south": {"uv": [103, 30], "uv_size": [3, 11]},
								"west": {"uv": [100, 30], "uv_size": [3, 11]},
								"up": {"uv": [97, 27], "uv_size": [3, 3]},
								"down": {"uv": [100, 30], "uv_size": [3, -3]}
							}
						}
					]
				},
				{
					"name": "bone5",
					"parent": "bone4",
					"pivot": [2.5, 48, 2.5],
					"rotation": [55, 0, 0],
					"cubes": [
						{
							"origin": [1.5, 10, -4],
							"size": [2, 14, 3],
							"pivot": [-10, 36, 0],
							"rotation": [180, 0, 0],
							"uv": {
								"north": {"uv": [109, 30], "uv_size": [2, 14]},
								"east": {"uv": [106, 30], "uv_size": [3, 14]},
								"south": {"uv": [114, 30], "uv_size": [2, 14]},
								"west": {"uv": [111, 30], "uv_size": [3, 14]},
								"up": {"uv": [109, 27], "uv_size": [2, 3]},
								"down": {"uv": [111, 30], "uv_size": [2, -3]}
							}
						}
					]
				},
				{
					"name": "bone6",
					"parent": "bone5",
					"pivot": [2.5, 62, 2.5],
					"rotation": [42.5, 0, 0],
					"cubes": [
						{
							"origin": [1, 61.98255, 1.50008],
							"size": [3, 13, 2],
							"uv": {
								"north": {"uv": [118, 29], "uv_size": [3, 13]},
								"east": {"uv": [116, 29], "uv_size": [2, 13]},
								"south": {"uv": [123, 29], "uv_size": [3, 13]},
								"west": {"uv": [121, 29], "uv_size": [2, 13]},
								"up": {"uv": [118, 27], "uv_size": [3, 2]},
								"down": {"uv": [121, 29], "uv_size": [3, -2]}
							}
						}
					]
				},
				{
					"name": "bone7",
					"parent": "bone6",
					"pivot": [2.5, 75, 2.5],
					"rotation": [50, 0, 0],
					"cubes": [
						{
							"origin": [0.5, -9, -3.5],
							"size": [4, 6, 2],
							"pivot": [-10, 36, 0],
							"rotation": [180, 0, 0],
							"uv": {
								"north": {"uv": [34, 41], "uv_size": [4, 6]},
								"east": {"uv": [32, 41], "uv_size": [2, 6]},
								"south": {"uv": [40, 41], "uv_size": [4, 6]},
								"west": {"uv": [38, 41], "uv_size": [2, 6]},
								"up": {"uv": [34, 39], "uv_size": [4, 2]},
								"down": {"uv": [38, 41], "uv_size": [4, -2]}
							}
						},
						{
							"origin": [29.5, 40.5, 6.5],
							"size": [2, 4, 2],
							"pivot": [-10, 36, 0],
							"rotation": [-125, 0, -90],
							"uv": {
								"north": {"uv": [54, 41], "uv_size": [2, 4]},
								"east": {"uv": [52, 41], "uv_size": [2, 4]},
								"south": {"uv": [58, 41], "uv_size": [2, 4]},
								"west": {"uv": [56, 41], "uv_size": [2, 4]},
								"up": {"uv": [54, 39], "uv_size": [2, 2]},
								"down": {"uv": [56, 41], "uv_size": [2, -2]}
							}
						},
						{
							"origin": [30, 38.5, 6.5],
							"size": [1, 2, 0],
							"pivot": [-10, 36, 0],
							"rotation": [-125, 0, -90],
							"uv": {
								"north": {"uv": [36, 10], "uv_size": [1, 2]},
								"east": {"uv": [36, 10], "uv_size": [0, 2]},
								"south": {"uv": [37, 10], "uv_size": [1, 2]},
								"west": {"uv": [37, 10], "uv_size": [0, 2]},
								"up": {"uv": [36, 10], "uv_size": [1, 0]},
								"down": {"uv": [37, 10], "uv_size": [1, 0]}
							}
						},
						{
							"origin": [15, -3, -18.5],
							"size": [2, 5, 2],
							"pivot": [-10, 36, 0],
							"rotation": [-157.5, 0, -20],
							"uv": {
								"north": {"uv": [46, 41], "uv_size": [2, 5]},
								"east": {"uv": [44, 41], "uv_size": [2, 5]},
								"south": {"uv": [50, 41], "uv_size": [2, 5]},
								"west": {"uv": [48, 41], "uv_size": [2, 5]},
								"up": {"uv": [46, 39], "uv_size": [2, 2]},
								"down": {"uv": [48, 41], "uv_size": [2, -2]}
							}
						},
						{
							"origin": [15.5, 0, -26.5],
							"size": [1, 2, 0],
							"pivot": [-10, 36, 0],
							"rotation": [-145, 0, -20],
							"uv": {
								"north": {"uv": [37, 10], "uv_size": [1, 2]},
								"east": {"uv": [37, 10], "uv_size": [0, 2]},
								"south": {"uv": [38, 10], "uv_size": [1, 2]},
								"west": {"uv": [38, 10], "uv_size": [0, 2]},
								"up": {"uv": [37, 10], "uv_size": [1, 0]},
								"down": {"uv": [38, 10], "uv_size": [1, 0]}
							}
						},
						{
							"origin": [-13.5, -11, -21.5],
							"size": [2, 5, 2],
							"pivot": [-10, 36, 0],
							"rotation": [-157.5, 0, 20],
							"uv": {
								"north": {"uv": [46, 41], "uv_size": [2, 5]},
								"east": {"uv": [44, 41], "uv_size": [2, 5]},
								"south": {"uv": [50, 41], "uv_size": [2, 5]},
								"west": {"uv": [48, 41], "uv_size": [2, 5]},
								"up": {"uv": [46, 39], "uv_size": [2, 2]},
								"down": {"uv": [48, 41], "uv_size": [2, -2]}
							}
						},
						{
							"origin": [-13, -7, -31],
							"size": [1, 2, 0],
							"pivot": [-10, 36, 0],
							"rotation": [-145, 0, 20],
							"uv": {
								"north": {"uv": [37, 10], "uv_size": [1, 2]},
								"east": {"uv": [37, 10], "uv_size": [0, 2]},
								"south": {"uv": [38, 10], "uv_size": [1, 2]},
								"west": {"uv": [38, 10], "uv_size": [0, 2]},
								"up": {"uv": [37, 10], "uv_size": [1, 0]},
								"down": {"uv": [38, 10], "uv_size": [1, 0]}
							}
						}
					]
				},
				{
					"name": "bone8",
					"parent": "bone2",
					"pivot": [-2.5, 31, 2.5],
					"rotation": [0, -10, -55],
					"cubes": [
						{
							"origin": [-18, 20, 0],
							"size": [5, 6, 5],
							"pivot": [-15, 36, 0],
							"rotation": [0, 0, -90],
							"uv": {
								"north": {"uv": [74, 41], "uv_size": [5, 6]},
								"east": {"uv": [69, 41], "uv_size": [5, 6]},
								"south": {"uv": [84, 41], "uv_size": [5, 6]},
								"west": {"uv": [79, 41], "uv_size": [5, 6]},
								"up": {"uv": [74, 36], "uv_size": [5, 5]},
								"down": {"uv": [79, 41], "uv_size": [5, -5]}
							}
						}
					]
				},
				{
					"name": "bone9",
					"parent": "bone8",
					"pivot": [-1.5, 37, 2.5],
					"rotation": [0, 17.5, 0],
					"cubes": [
						{
							"origin": [-3, 37, 1],
							"size": [3, 11, 3],
							"uv": {
								"north": {"uv": [97, 30], "uv_size": [3, 11]},
								"east": {"uv": [94, 30], "uv_size": [3, 11]},
								"south": {"uv": [103, 30], "uv_size": [3, 11]},
								"west": {"uv": [100, 30], "uv_size": [3, 11]},
								"up": {"uv": [97, 27], "uv_size": [3, 3]},
								"down": {"uv": [100, 30], "uv_size": [3, -3]}
							}
						}
					]
				},
				{
					"name": "bone10",
					"parent": "bone9",
					"pivot": [-1.5, 47, 2.5],
					"rotation": [55, 0, 0],
					"cubes": [
						{
							"origin": [-2.5, 9, -4],
							"size": [2, 14, 3],
							"pivot": [-14, 35, 0],
							"rotation": [180, 0, 0],
							"uv": {
								"north": {"uv": [109, 30], "uv_size": [2, 14]},
								"east": {"uv": [106, 30], "uv_size": [3, 14]},
								"south": {"uv": [114, 30], "uv_size": [2, 14]},
								"west": {"uv": [111, 30], "uv_size": [3, 14]},
								"up": {"uv": [109, 27], "uv_size": [2, 3]},
								"down": {"uv": [111, 30], "uv_size": [2, -3]}
							}
						}
					]
				},
				{
					"name": "bone11",
					"parent": "bone10",
					"pivot": [-1.5, 61, 2.5],
					"rotation": [42.5, 0, 0],
					"cubes": [
						{
							"origin": [-3, 60.98255, 1.50008],
							"size": [3, 13, 2],
							"uv": {
								"north": {"uv": [118, 29], "uv_size": [3, 13]},
								"east": {"uv": [116, 29], "uv_size": [2, 13]},
								"south": {"uv": [123, 29], "uv_size": [3, 13]},
								"west": {"uv": [121, 29], "uv_size": [2, 13]},
								"up": {"uv": [118, 27], "uv_size": [3, 2]},
								"down": {"uv": [121, 29], "uv_size": [3, -2]}
							}
						}
					]
				},
				{
					"name": "bone12",
					"parent": "bone11",
					"pivot": [-1.5, 74, 2.5],
					"rotation": [50, 0, 0],
					"cubes": [
						{
							"origin": [-3.5, -10, -3.5],
							"size": [4, 6, 2],
							"pivot": [-14, 35, 0],
							"rotation": [180, 0, 0],
							"uv": {
								"north": {"uv": [34, 41], "uv_size": [4, 6]},
								"east": {"uv": [32, 41], "uv_size": [2, 6]},
								"south": {"uv": [40, 41], "uv_size": [4, 6]},
								"west": {"uv": [38, 41], "uv_size": [2, 6]},
								"up": {"uv": [34, 39], "uv_size": [4, 2]},
								"down": {"uv": [38, 41], "uv_size": [4, -2]}
							}
						},
						{
							"origin": [-55.5, 25.5, -14],
							"size": [2, 4, 2],
							"pivot": [-14, 35, 0],
							"rotation": [-125, 0, 90],
							"uv": {
								"north": {"uv": [54, 41], "uv_size": [2, 4]},
								"east": {"uv": [52, 41], "uv_size": [2, 4]},
								"south": {"uv": [58, 41], "uv_size": [2, 4]},
								"west": {"uv": [56, 41], "uv_size": [2, 4]},
								"up": {"uv": [54, 39], "uv_size": [2, 2]},
								"down": {"uv": [56, 41], "uv_size": [2, -2]}
							}
						},
						{
							"origin": [-55, 27.5, -16],
							"size": [1, 2, 0],
							"pivot": [-14, 35, 0],
							"rotation": [-110, 0, 90],
							"uv": {
								"north": {"uv": [37, 10], "uv_size": [1, 2]},
								"east": {"uv": [37, 10], "uv_size": [0, 2]},
								"south": {"uv": [38, 10], "uv_size": [1, 2]},
								"west": {"uv": [38, 10], "uv_size": [0, 2]},
								"up": {"uv": [37, 10], "uv_size": [1, 0]},
								"down": {"uv": [38, 10], "uv_size": [1, 0]}
							}
						},
						{
							"origin": [11, -4, -18.5],
							"size": [2, 5, 2],
							"pivot": [-14, 35, 0],
							"rotation": [-157.5, 0, -20],
							"uv": {
								"north": {"uv": [46, 41], "uv_size": [2, 5]},
								"east": {"uv": [44, 41], "uv_size": [2, 5]},
								"south": {"uv": [50, 41], "uv_size": [2, 5]},
								"west": {"uv": [48, 41], "uv_size": [2, 5]},
								"up": {"uv": [46, 39], "uv_size": [2, 2]},
								"down": {"uv": [48, 41], "uv_size": [2, -2]}
							}
						},
						{
							"origin": [11.5, -1, -26.5],
							"size": [1, 2, 0],
							"pivot": [-14, 35, 0],
							"rotation": [-145, 0, -20],
							"uv": {
								"north": {"uv": [37, 10], "uv_size": [1, 2]},
								"east": {"uv": [37, 10], "uv_size": [0, 2]},
								"south": {"uv": [38, 10], "uv_size": [1, 2]},
								"west": {"uv": [38, 10], "uv_size": [0, 2]},
								"up": {"uv": [37, 10], "uv_size": [1, 0]},
								"down": {"uv": [38, 10], "uv_size": [1, 0]}
							}
						},
						{
							"origin": [-17.5, -12, -21.5],
							"size": [2, 5, 2],
							"pivot": [-14, 35, 0],
							"rotation": [-157.5, 0, 20],
							"uv": {
								"north": {"uv": [46, 41], "uv_size": [2, 5]},
								"east": {"uv": [44, 41], "uv_size": [2, 5]},
								"south": {"uv": [50, 41], "uv_size": [2, 5]},
								"west": {"uv": [48, 41], "uv_size": [2, 5]},
								"up": {"uv": [46, 39], "uv_size": [2, 2]},
								"down": {"uv": [48, 41], "uv_size": [2, -2]}
							}
						},
						{
							"origin": [-17, -8, -31],
							"size": [1, 2, 0],
							"pivot": [-14, 35, 0],
							"rotation": [-145, 0, 20],
							"uv": {
								"north": {"uv": [37, 10], "uv_size": [1, 2]},
								"east": {"uv": [37, 10], "uv_size": [0, 2]},
								"south": {"uv": [38, 10], "uv_size": [1, 2]},
								"west": {"uv": [38, 10], "uv_size": [0, 2]},
								"up": {"uv": [37, 10], "uv_size": [1, 0]},
								"down": {"uv": [38, 10], "uv_size": [1, 0]}
							}
						}
					]
				},
				{
					"name": "bone13",
					"parent": "bone2",
					"pivot": [-5, 30, 9],
					"cubes": [
						{
							"origin": [-10, 15.3, -11.8],
							"size": [5, 17, 6],
							"pivot": [0, 24, 0],
							"rotation": [172.5, 0, 0],
							"uv": {
								"north": {"uv": [72, 54], "uv_size": [5, 17]},
								"east": {"uv": [77, 54], "uv_size": [6, 17]},
								"south": {"uv": [83, 54], "uv_size": [5, 17]},
								"west": {"uv": [77, 54], "uv_size": [6, 17]},
								"up": {"uv": [82, 54], "uv_size": [-5, -6]},
								"down": {"uv": [77, 54], "uv_size": [-5, -6]}
							}
						},
						{
							"origin": [-9.1, 9.3, -12.8],
							"size": [3, 8, 8],
							"pivot": [0, 24, 0],
							"rotation": [172.67583, -1.61888, -12.39638],
							"uv": {
								"north": {"uv": [72, 54], "uv_size": [3, 10]},
								"east": {"uv": [77, 54], "uv_size": [6, 17]},
								"south": {"uv": [83, 54], "uv_size": [5, 17]},
								"west": {"uv": [77, 54], "uv_size": [6, 17]},
								"up": {"uv": [82, 54], "uv_size": [-5, -6]},
								"down": {"uv": [77, 54], "uv_size": [-5, -6]}
							}
						},
						{
							"origin": [-9, 3, 15.6],
							"size": [3, 13, 3],
							"pivot": [0, 24, 0],
							"rotation": [-5, 0, 0],
							"uv": {
								"north": {"uv": [117, 61], "uv_size": [3, 13]},
								"east": {"uv": [114, 61], "uv_size": [3, 13]},
								"south": {"uv": [113, 61], "uv_size": [3, 13]},
								"west": {"uv": [111, 61], "uv_size": [3, 13]},
								"up": {"uv": [111, 64], "uv_size": [-3, -3]},
								"down": {"uv": [113, 61], "uv_size": [-3, -3]}
							}
						},
						{
							"origin": [-10.2, 0, 13.6],
							"size": [4.5, 4, 4.5],
							"uv": {
								"north": {"uv": [40, 71], "uv_size": [4.5, 4]},
								"east": {"uv": [40, 71], "uv_size": [4.5, 4]},
								"south": {"uv": [40, 71], "uv_size": [4.5, 4]},
								"west": {"uv": [40, 71], "uv_size": [4.5, 4]},
								"up": {"uv": [44.5, 75], "uv_size": [-4.5, -4]},
								"down": {"uv": [44.5, 75], "uv_size": [-4.5, -4]}
							}
						},
						{
							"origin": [-9.5, 5.3, -8.8],
							"size": [4, 10, 3],
							"pivot": [0, 24, 0],
							"rotation": [80, 0, 0],
							"uv": {
								"north": {"uv": [69, 80], "uv_size": [4, 10]},
								"east": {"uv": [69, 80], "uv_size": [3, 10]},
								"south": {"uv": [69, 80], "uv_size": [4, 10]},
								"west": {"uv": [76, 80], "uv_size": [3, 10]},
								"up": {"uv": [76, 81], "uv_size": [-4, -3]},
								"down": {"uv": [80, 80], "uv_size": [-4, -3]}
							}
						}
					]
				},
				{
					"name": "bone14",
					"parent": "bone2",
					"pivot": [8.00376, 30.35687, -14.01664],
					"rotation": [15, 0, 0],
					"cubes": [
						{
							"origin": [7, 15.39218, -34.72496],
							"size": [5, 12, 5],
							"pivot": [17, 24.09218, -22.92496],
							"rotation": [172.5, 0, 0],
							"uv": {
								"north": {"uv": [72, 54], "uv_size": [5, 17]},
								"east": {"uv": [77, 54], "uv_size": [6, 17]},
								"south": {"uv": [83, 54], "uv_size": [5, 17]},
								"west": {"uv": [77, 54], "uv_size": [6, 17]},
								"up": {"uv": [82, 54], "uv_size": [-5, -6]},
								"down": {"uv": [77, 54], "uv_size": [-5, -6]}
							}
						},
						{
							"origin": [12.98289, 2.40357, -18.98576],
							"size": [5, 11, 2],
							"pivot": [17, 24.09218, -22.92496],
							"rotation": [-15.15492, -33.97453, 8.94096],
							"uv": {
								"north": {"uv": [72, 54], "uv_size": [5, 17]},
								"east": {"uv": [77, 54], "uv_size": [6, 17]},
								"south": {"uv": [83, 54], "uv_size": [5, 17]},
								"west": {"uv": [77, 54], "uv_size": [6, 17]},
								"up": {"uv": [82, 54], "uv_size": [-5, -6]},
								"down": {"uv": [77, 54], "uv_size": [-5, -6]}
							}
						},
						{
							"origin": [14.38289, 10.40357, -15.98576],
							"size": [2, 2, 3],
							"pivot": [17, 24.09218, -22.92496],
							"rotation": [-20.20781, -36.8408, 8.43717],
							"uv": {
								"north": {"uv": [72, 54], "uv_size": [5, 17]},
								"east": {"uv": [77, 54], "uv_size": [6, 17]},
								"south": {"uv": [83, 54], "uv_size": [5, 17]},
								"west": {"uv": [77, 54], "uv_size": [6, 17]},
								"up": {"uv": [82, 54], "uv_size": [-5, -6]},
								"down": {"uv": [77, 54], "uv_size": [-5, -6]}
							}
						},
						{
							"origin": [8.4, 12.79218, -35.72496],
							"size": [3, 7, 7],
							"pivot": [17, 24.09218, -22.92496],
							"rotation": [172.67583, 1.61888, 12.39638],
							"uv": {
								"north": {"uv": [72, 54], "uv_size": [3, 10]},
								"east": {"uv": [77, 54], "uv_size": [6, 17]},
								"south": {"uv": [83, 54], "uv_size": [5, 17]},
								"west": {"uv": [77, 54], "uv_size": [6, 17]},
								"up": {"uv": [82, 54], "uv_size": [-5, -6]},
								"down": {"uv": [77, 54], "uv_size": [-5, -6]}
							}
						},
						{
							"origin": [10, 8.56002, -6.92496],
							"size": [3, 14, 2],
							"pivot": [17, 24.09218, -13.92496],
							"rotation": [-41.41475, -33.34617, 14.23508],
							"uv": {
								"north": {"uv": [117, 60], "uv_size": [3, 14]},
								"east": {"uv": [117, 60], "uv_size": [2, 14]},
								"south": {"uv": [117, 60], "uv_size": [3, 14]},
								"west": {"uv": [117, 60], "uv_size": [2, 14]},
								"up": {"uv": [120, 74], "uv_size": [-3, -14]},
								"down": {"uv": [120, 62], "uv_size": [-3, -2]}
							}
						}
					]
				},
				{
					"name": "bone15",
					"parent": "bone2",
					"pivot": [4.98927, 28.84477, 9.49658],
					"cubes": [
						{
							"origin": [5, 15.3, -11.8],
							"size": [5, 17, 6],
							"pivot": [15, 24, 0],
							"rotation": [172.5, 0, 0],
							"uv": {
								"north": {"uv": [72, 54], "uv_size": [5, 17]},
								"east": {"uv": [77, 54], "uv_size": [6, 17]},
								"south": {"uv": [83, 54], "uv_size": [5, 17]},
								"west": {"uv": [77, 54], "uv_size": [6, 17]},
								"up": {"uv": [82, 54], "uv_size": [-5, -6]},
								"down": {"uv": [77, 54], "uv_size": [-5, -6]}
							}
						},
						{
							"origin": [6.2, 12.5, -12.8],
							"size": [3, 8, 8],
							"pivot": [15, 24, 0],
							"rotation": [172.67583, 1.61888, 12.39638],
							"uv": {
								"north": {"uv": [72, 54], "uv_size": [3, 10]},
								"east": {"uv": [77, 54], "uv_size": [6, 17]},
								"south": {"uv": [83, 54], "uv_size": [5, 17]},
								"west": {"uv": [77, 54], "uv_size": [6, 17]},
								"up": {"uv": [82, 54], "uv_size": [-5, -6]},
								"down": {"uv": [77, 54], "uv_size": [-5, -6]}
							}
						},
						{
							"origin": [6, 3, 15.6],
							"size": [3, 13, 3],
							"pivot": [15, 24, 0],
							"rotation": [-5, 0, 0],
							"uv": {
								"north": {"uv": [117, 61], "uv_size": [3, 13]},
								"east": {"uv": [114, 61], "uv_size": [3, 13]},
								"south": {"uv": [113, 61], "uv_size": [3, 13]},
								"west": {"uv": [111, 61], "uv_size": [3, 13]},
								"up": {"uv": [111, 64], "uv_size": [-3, -3]},
								"down": {"uv": [113, 61], "uv_size": [-3, -3]}
							}
						},
						{
							"origin": [5.7, 0, 13.6],
							"size": [4.5, 4, 4.5],
							"uv": {
								"north": {"uv": [40, 71], "uv_size": [4.5, 4]},
								"east": {"uv": [40, 71], "uv_size": [4.5, 4]},
								"south": {"uv": [40, 71], "uv_size": [4.5, 4]},
								"west": {"uv": [40, 71], "uv_size": [4.5, 4]},
								"up": {"uv": [44.5, 75], "uv_size": [-4.5, -4]},
								"down": {"uv": [44.5, 75], "uv_size": [-4.5, -4]}
							}
						},
						{
							"origin": [5.5, 5.3, -8.8],
							"size": [4, 10, 3],
							"pivot": [15, 24, 0],
							"rotation": [80, 0, 0],
							"uv": {
								"north": {"uv": [69, 80], "uv_size": [4, 10]},
								"east": {"uv": [69, 80], "uv_size": [3, 10]},
								"south": {"uv": [69, 80], "uv_size": [4, 10]},
								"west": {"uv": [76, 80], "uv_size": [3, 10]},
								"up": {"uv": [76, 81], "uv_size": [-4, -3]},
								"down": {"uv": [80, 80], "uv_size": [-4, -3]}
							}
						}
					]
				},
				{
					"name": "bone16",
					"parent": "bone2",
					"pivot": [-8.53762, 30.2307, -11.71614],
					"rotation": [15, 0, 0],
					"cubes": [
						{
							"origin": [-12, 15.98329, -34.61392],
							"size": [5, 12, 5],
							"pivot": [-2, 24.68329, -22.81392],
							"rotation": [172.5, 0, 0],
							"uv": {
								"north": {"uv": [72, 54], "uv_size": [5, 17]},
								"east": {"uv": [77, 54], "uv_size": [6, 17]},
								"south": {"uv": [83, 54], "uv_size": [5, 17]},
								"west": {"uv": [77, 54], "uv_size": [6, 17]},
								"up": {"uv": [82, 54], "uv_size": [-5, -6]},
								"down": {"uv": [77, 54], "uv_size": [-5, -6]}
							}
						},
						{
							"origin": [-14.00188, 3.062, -27.45187],
							"size": [5, 11, 2],
							"pivot": [-2, 24.68329, -22.81392],
							"rotation": [-15.49846, 31.1104, -9.96925],
							"uv": {
								"north": {"uv": [72, 54], "uv_size": [5, 17]},
								"east": {"uv": [77, 54], "uv_size": [6, 17]},
								"south": {"uv": [83, 54], "uv_size": [5, 17]},
								"west": {"uv": [77, 54], "uv_size": [6, 17]},
								"up": {"uv": [82, 54], "uv_size": [-5, -6]},
								"down": {"uv": [77, 54], "uv_size": [-5, -6]}
							}
						},
						{
							"origin": [-13.32319, 10.78739, -24.77352],
							"size": [2, 2, 3],
							"pivot": [-2, 24.68329, -22.81392],
							"rotation": [-21.92857, 30.21123, -12.67169],
							"uv": {
								"north": {"uv": [72, 54], "uv_size": [5, 17]},
								"east": {"uv": [77, 54], "uv_size": [6, 17]},
								"south": {"uv": [83, 54], "uv_size": [5, 17]},
								"west": {"uv": [77, 54], "uv_size": [6, 17]},
								"up": {"uv": [82, 54], "uv_size": [-5, -6]},
								"down": {"uv": [77, 54], "uv_size": [-5, -6]}
							}
						},
						{
							"origin": [-11.7, 10.38329, -35.61392],
							"size": [3, 7, 7],
							"pivot": [-2, 24.68329, -22.81392],
							"rotation": [172.67583, 1.61888, -12.3964],
							"uv": {
								"north": {"uv": [72, 54], "uv_size": [3, 10]},
								"east": {"uv": [77, 54], "uv_size": [6, 17]},
								"south": {"uv": [83, 54], "uv_size": [5, 17]},
								"west": {"uv": [77, 54], "uv_size": [6, 17]},
								"up": {"uv": [82, 54], "uv_size": [-5, -6]},
								"down": {"uv": [77, 54], "uv_size": [-5, -6]}
							}
						},
						{
							"origin": [-9.87906, 6.58798, -15.80158],
							"size": [3, 14, 2],
							"pivot": [-2, 24.68329, -13.81392],
							"rotation": [-42.57395, 29.00182, -15.18607],
							"uv": {
								"north": {"uv": [117, 60], "uv_size": [3, 14]},
								"east": {"uv": [117, 60], "uv_size": [2, 14]},
								"south": {"uv": [117, 60], "uv_size": [3, 14]},
								"west": {"uv": [117, 60], "uv_size": [2, 14]},
								"up": {"uv": [120, 74], "uv_size": [-3, -14]},
								"down": {"uv": [120, 62], "uv_size": [-3, -2]}
							}
						}
					]
				}
			]
		}
	]
}