{
	"format_version": "1.12.0",
	"minecraft:geometry": [
		{
			"description": {
				"identifier": "geometry.t1",
				"texture_width": 112,
				"texture_height": 112,
				"visible_bounds_width": 6,
				"visible_bounds_height": 5,
				"visible_bounds_offset": [0, 1.5, 0]
			},
			"bones": [
				{
					"name": "Bigtail6",
					"pivot": [1, 5, 3],
					"rotation": [137.5, 0, 0],
					"cubes": [
						{"origin": [0, 1, 2], "size": [2, 3, 2], "pivot": [1, 2, 3], "rotation": [27.5, 0, 0], "uv": [57, 94]},
						{"origin": [0, 3.4, 1.1], "size": [2, 2.1, 1.7], "pivot": [1, 5, 2], "rotation": [10, 0, 0], "uv": [29, 6]},
						{"origin": [-0.2, 4.8, 0.5], "size": [2.4, 3, 2.4], "pivot": [1, 5, 3], "rotation": [-12.5, 0, 0], "uv": [49, 93]},
						{"origin": [-0.4, 6.5, -0.5], "size": [2.8, 4.5, 2.8], "pivot": [1, 5, 3], "rotation": [-35, 0, 0], "uv": [0, 39]},
						{"origin": [-0.6, 8.6, -2.7], "size": [3.2, 5, 3.2], "pivot": [1, 5, 3], "rotation": [-60, 0, 0], "uv": [69, 19]},
						{"origin": [-0.4, 11.7, 7.70133], "size": [2.8, 2.8, 4], "pivot": [1, 12, 10], "rotation": [10, 0, 0], "uv": [73, 76]},
						{"origin": [-0.2, 12.5, 10.4], "size": [2.4, 2.4, 4], "pivot": [1, 5, 3], "rotation": [-2.5, 0, 0], "uv": [76, 62]},
						{"origin": [0, 15.3, 11], "size": [2, 2, 4], "pivot": [1, 5, 3], "rotation": [-17.5, 0, 0], "uv": [76, 56]},
						{"origin": [0, 13.7, 16], "size": [2, 1.8, 4], "pivot": [1, 5, 3], "rotation": [-10, 0, 0], "uv": [81, 18]},
						{"origin": [0, 9.9, 21], "size": [2, 1.8, 3], "pivot": [1, 5, 3], "rotation": [2.5, 0, 0], "uv": [31, 28]},
						{"origin": [0, 7.3, 24], "size": [2, 1.5, 4], "pivot": [1, 5, 3], "rotation": [10, 0, 0], "uv": [81, 0]},
						{"origin": [0, 13, 27], "size": [2, 1, 5], "pivot": [1, 12, 30], "rotation": [20, 0, 0], "uv": [29, 0]}
					]
				}
			]
		}
	]
}