{
    "format_version": "1.10.0",
    "animations": {
        "animation.mini_hug_time": {
            "timeline": {
				"0.0": [
					"/execute as @s at @s run camerashake add @a[r=5,c=1] 0.05 1 rotational"
                ],
                "0.3": [
					"/execute as @s at @s run ride @e[type=!bd:huggy_wuggy_bd,type=!bd:mini_huggy_wuggy_bd,type=!bd:mommy_long_bd,type=!item,family=!inanimate,c=1] start_riding @s[c=1,r=2.5] teleport_rider until_full"
                ]
            },
            "animation_length": 2
        },
		"animation.mini_huggy_knock_time": {
            "timeline": {
				"0.0": [
					"@s bd:stop_knock_resistance"
                ]
            },
            "animation_length": 0.3
        },
		"animation.mini_huggy_knock_time2": {
            "animation_length": 1.0
        },
		"animation.mini_hug_cooldown_time": {
            "timeline": {
            },
            "animation_length": 3.5
        },
		"animation.mini_hug_skill_back": {
            "timeline": {
            },
            "animation_length": 10
        },
		"animation.mini_hug_time_kill": {
            "timeline": {
                "0.2": [
					"/execute as @s at @s run effect @a[m=!c,r=5,c=1] blindness 7 7 true",
					"/execute as @s at @s run effect @a[m=!c,r=5,c=1] night_vision 3 7 true",
					"/gamerule showdeathmessages false"
                ],
				"0.8": [
					"/execute as @s at @s run damage @e[type=!bd:mini_huggy_hug,type=!bd:mini_huggy_hug2,type=!bd:huggy_wuggy_bd,type=!bd:mini_huggy_wuggy_bd,family=!inanimate,family=!undead,family=!zombie,type=!player,r=5,c=1] 30 entity_attack entity @s",
					"/execute as @s at @s run damage @a[r=5,c=1] 30 entity_attack entity @s",
					"/execute as @s at @s run particle bd:huggy_blood ~~0.1~",
					"/function huggy_message"
                ],
				"0.9": [
					"/gamerule showdeathmessages true"
                ]
            },
            "animation_length": 2
        },
		"animation.mini_hug_time_killa": {
            "timeline": {
                "0.2": [
					"/execute as @s at @s run effect @a[m=!c,r=5,c=1] blindness 7 7 true",
					"/execute as @s at @s run effect @a[m=!c,r=5,c=1] night_vision 3 7 true",
					"/gamerule showdeathmessages false"
                ],
				"0.8": [
					"/execute as @s at @s run damage @e[type=!bd:mini_huggy_hug,type=!bd:mini_huggy_hug2,type=!bd:huggy_wuggy_bd,type=!bd:mini_huggy_wuggy_bd,family=!inanimate,family=!undead,family=!zombie,type=!player,r=5,c=1] 30 entity_attack entity @s",
					"/execute as @s at @s run damage @a[r=5,c=1] 30 entity_attack entity @s",
					"/execute as @s at @s run particle bd:huggy_blood ~~0.1~",
					"/function huggy_message2"
                ],
				"0.9": [
					"/gamerule showdeathmessages true"
                ]
            },
            "animation_length": 2
        },
		"animation.mini_hug_time_kill_undead": {
            "timeline": {
				"0.8": [
					"@s bd:kill_undead"
                ],
				"0.9": [
					"@s bd:unkill_undead"
                ]
            },
            "animation_length": 2
        },
		"animation.mini_hug_time_kill2": {
            "timeline": {
				"0.0": [
					"/gamerule sendcommandfeedback false"
                ],
				"0.8": [
					"/effect @s instant_health 1 0"
                ],
				"1.3": [
					"/execute as @s at @s run ride @a[m=!c,r=5,c=1] stop_riding"
                ],
				"1.9": [
					"@s bd:stop_hug",
					"/tag @s remove fall_back"
                ]
            },
            "animation_length": 2
        },
		"animation.mini_hug_look": {
            "timeline": {
				"0.05": [
					"/execute as @s at @s run summon bd:huggy_look ~~2.5~",
					"/execute as @s at @s run effect @s slowness 2 100 true"
                ]
            },
            "animation_length": 1
        },
		"animation.mini_huggy_calm": {
            "timeline": {
				"39": [
					"@s bd:passive_mode"
                ]
            },
            "animation_length": 61
        },
		"animation.mini_huggy_hug2": {
            "timeline": {
                "0.0": [
					"/execute as @s at @s run effect @s weakness 1 255 true",
					"/execute as @s at @s run ride @a[c=1,m=!c,r=5] start_riding @s[c=1,r=2.5] teleport_rider until_full"
                ]
            },
            "animation_length": 0.01,
			"loop": true
        },
		"animation.mini_huggy_speed": {
            "timeline": {
                "0.0": [
					"/execute as @s at @s run effect @s slowness 1 1 true"
                ]
            },
            "animation_length": 0.01,
			"loop": true
        },
		"animation.mini_huggy_speed2": {
            "timeline": {
                "30": [
					"/execute as @s at @s run effect @s speed 100 3 true"
                ],
				"60": [
					"/execute as @s at @s run effect @s speed 100 4 true"
                ],
				"90": [
					"/execute as @s at @s run effect @s speed 100 6 true"
                ],
				"120": [
					"/execute as @s at @s run effect @s speed 100 8 true"
                ],
				"160": [
					"/execute as @s at @s run effect @s speed 100 10 true"
                ]
            },
            "animation_length": 161,
			"loop": true
        },
		"animation.mini_huggy_look": {
            "timeline": {
				"0.0": [
					"/execute as @s at @s run tp @s ~~~ facing @s"
                ]
            },
            "animation_length": 0.01,
			"loop": true
        },
		"animation.mini_huggy_duck_other": {
            "timeline": {
                "0.0": [
					"/function mini_dusking_other"
                ]
            },
            "animation_length": 0.01,
			"loop": true
        },
		"animation.mini_huggy_hug": {
            "timeline": {
                "0.0": [
					"/execute as @s at @s run ride @e[type=!bd:mini_huggy_hug,type=!bd:mini_huggy_hug2,type=!bd:huggy_wuggy_bd,type=!bd:mini_huggy_wuggy_bd,type=!bd:mommy_long_bd,type=!item,family=!inanimate,type=!player,c=1,r=2.5] start_riding @s[c=1,r=5] teleport_rider until_full"
                ]
            },
            "animation_length": 0.01,
			"loop": true
        }
    }
}