{
	"format_version": "1.12.0",
	"minecraft:geometry": [
		{
			"description": {
				"identifier": "geometry.x16",
				"texture_width": 64,
				"texture_height": 64,
				"visible_bounds_width": 6,
				"visible_bounds_height": 4.5,
				"visible_bounds_offset": [0, 1.75, 0]
			},
			"bones": [
				{
					"name": "root",
					"pivot": [0, 0, 0]
				},
				{
					"name": "waist",
					"parent": "root",
					"pivot": [0, 12, 0]
				},
				{
					"name": "body",
					"parent": "waist",
					"pivot": [0, 24, 0]
				},
				{
					"name": "head",
					"parent": "body",
					"pivot": [0, 24, 0]
				},
				{
					"name": "hat",
					"parent": "head",
					"pivot": [0, 24, 0]
				},
				{
					"name": "cape",
					"parent": "body",
					"pivot": [0, 24, 3]
				},
				{
					"name": "leftArm",
					"parent": "body",
					"pivot": [5, 22, 0]
				},
				{
					"name": "rightArm",
					"parent": "body",
					"pivot": [-5, 22, 0]
				},
				{
					"name": "X16",
					"parent": "rightArm",
					"pivot": [-0.875, 9.25, 0]
				},
				{
					"name": "bone2",
					"parent": "X16",
					"pivot": [-0.875, 9.25, 0]
				},
				{
					"name": "bone4",
					"parent": "bone2",
					"pivot": [-0.76562, 8.88658, 5.60939],
					"cubes": [
						{
							"origin": [-0.65625, 7.92054, -2.52229],
							"size": [0, 2.8125, 5.71875],
							"pivot": [-0.76562, 10.42054, 2.38396],
							"rotation": [2.5, 0, 0],
							"uv": {
								"north": {"uv": [0, 0], "uv_size": [0, 3]},
								"east": {"uv": [0, 26], "uv_size": [5.5, 3]},
								"south": {"uv": [0, 0], "uv_size": [0, 3]},
								"west": {"uv": [26, 0], "uv_size": [5.5, 3]},
								"up": {"uv": [0, 0], "uv_size": [0, 5.5]},
								"down": {"uv": [0, 5.5], "uv_size": [0, -5.5]}
							}
						},
						{
							"origin": [-0.5625, 7.92054, -2.52229],
							"size": [-0.125, 2.8125, 5.71875],
							"pivot": [-0.76562, 10.42054, 2.38396],
							"rotation": [2.5, 0, 0],
							"uv": {
								"north": {"uv": [20, 34], "uv_size": [0.5, 3]},
								"east": {"uv": [26, 3], "uv_size": [5.5, 3]},
								"south": {"uv": [21, 34], "uv_size": [0.5, 3]},
								"west": {"uv": [26, 6], "uv_size": [5.5, 3]},
								"up": {"uv": [32, 33], "uv_size": [0.5, 5.5]},
								"down": {"uv": [33, 38.5], "uv_size": [0.5, -5.5]}
							}
						},
						{
							"origin": [-1.84375, -0.67592, 0.85939],
							"size": [2.15625, 7.34375, 2.3125],
							"pivot": [-0.76562, 8.88658, 5.60939],
							"rotation": [-90, 0, 0],
							"uv": {
								"north": {"uv": [21, 24], "uv_size": [2, 7.5]},
								"east": {"uv": [18, 18], "uv_size": [2.5, 7.5]},
								"south": {"uv": [6, 26], "uv_size": [2, 7.5]},
								"west": {"uv": [19, 0], "uv_size": [2.5, 7.5]},
								"up": {"uv": [32, 0], "uv_size": [2, 2.5]},
								"down": {"uv": [32, 5.5], "uv_size": [2, -2.5]}
							}
						},
						{
							"origin": [-0.125, 11.35533, -7.51561],
							"size": [0.71875, 8.21875, 0.6875],
							"pivot": [-0.76562, 12.48033, -8.23436],
							"rotation": [-89.90755, -0.27277, 45.01642],
							"uv": {
								"north": {"uv": [13, 32], "uv_size": [0.5, 8]},
								"east": {"uv": [14, 32], "uv_size": [0.5, 8]},
								"south": {"uv": [24, 32], "uv_size": [0.5, 8]},
								"west": {"uv": [25, 32], "uv_size": [0.5, 8]},
								"up": {"uv": [0, 35], "uv_size": [0.5, 0.5]},
								"down": {"uv": [1, 35.5], "uv_size": [0.5, -0.5]}
							}
						}
					]
				},
				{
					"name": "bone",
					"parent": "bone4",
					"pivot": [-0.76562, 12.48033, -8.23436],
					"cubes": [
						{
							"origin": [-1.28125, 10.85533, -8.76561],
							"size": [1.03125, 8.71875, 1.0625],
							"pivot": [-0.76562, 12.48033, -8.23436],
							"rotation": [-89.90755, -0.27277, 45.01642],
							"uv": {
								"north": {"uv": [29, 17], "uv_size": [1, 8.5]},
								"east": {"uv": [29, 26], "uv_size": [1, 8.5]},
								"south": {"uv": [30, 17], "uv_size": [1, 8.5]},
								"west": {"uv": [26, 30], "uv_size": [1, 8.5]},
								"up": {"uv": [10, 31], "uv_size": [1, 1]},
								"down": {"uv": [20, 32], "uv_size": [1, -1]}
							}
						}
					],
					"locators": {
						"flash_2": [-0.75, 12.40625, -9.84375]
					}
				},
				{
					"name": "bone5",
					"parent": "bone4",
					"pivot": [-0.76562, 8.88658, 5.60939],
					"cubes": [
						{
							"origin": [-2.0313, -5.92592, 0.82814],
							"size": [2.5313, 17.8125, 2.375],
							"pivot": [-0.76562, 8.88658, 5.60939],
							"rotation": [-90, 0, 0],
							"uv": {
								"north": {"uv": [0, 0], "uv_size": [2.5, 18]},
								"east": {"uv": [3, 0], "uv_size": [2.5, 18]},
								"south": {"uv": [6, 0], "uv_size": [2.5, 18]},
								"west": {"uv": [9, 0], "uv_size": [2.5, 18]},
								"up": {"uv": [15, 31], "uv_size": [2.5, 2.5]},
								"down": {"uv": [31, 19.5], "uv_size": [2.5, -2.5]}
							}
						},
						{
							"origin": [-2.03125, 10.82408, 0.20314],
							"size": [2.53125, 0, 0.78125],
							"pivot": [-0.76562, 8.88658, 5.60939],
							"rotation": [-90, 0, 0],
							"uv": {
								"north": {"uv": [0, 0], "uv_size": [2.5, 0]},
								"east": {"uv": [0, 0], "uv_size": [1, 0]},
								"south": {"uv": [0, 0], "uv_size": [2.5, 0]},
								"west": {"uv": [0, 0], "uv_size": [1, 0]},
								"up": {"uv": [33, 25], "uv_size": [2.5, 1]},
								"down": {"uv": [34, 1], "uv_size": [2.5, -1]}
							}
						},
						{
							"origin": [-2.03125, -4.98842, 0.20314],
							"size": [2.53125, 0, 0.78125],
							"pivot": [-0.76562, 8.88658, 5.60939],
							"rotation": [-90, 0, 0],
							"uv": {
								"north": {"uv": [0, 0], "uv_size": [2.5, 0]},
								"east": {"uv": [0, 0], "uv_size": [1, 0]},
								"south": {"uv": [0, 0], "uv_size": [2.5, 0]},
								"west": {"uv": [0, 0], "uv_size": [1, 0]},
								"up": {"uv": [34, 1], "uv_size": [2.5, 1]},
								"down": {"uv": [34, 3], "uv_size": [2.5, -1]}
							}
						}
					]
				},
				{
					"name": "Bullet",
					"parent": "bone5",
					"pivot": [-0.76562, 8.88658, 5.60939],
					"cubes": [
						{
							"origin": [-1.2813, 7.44908, 1.48439],
							"size": [1.0313, 2.75, 1],
							"pivot": [-0.76562, 8.88658, 5.60939],
							"rotation": [-90, 0, 0],
							"uv": {
								"north": {"uv": [3, 33], "uv_size": [1, 3]},
								"east": {"uv": [4, 33], "uv_size": [1, 3]},
								"south": {"uv": [5, 33], "uv_size": [1, 3]},
								"west": {"uv": [33, 22], "uv_size": [1, 3]},
								"up": {"uv": [22, 34], "uv_size": [1, 1]},
								"down": {"uv": [34, 35], "uv_size": [1, -1]}
							}
						}
					]
				},
				{
					"name": "bone6",
					"parent": "bone4",
					"pivot": [-0.39062, 3.3572, 8.52304],
					"cubes": [
						{
							"origin": [-1.875, 2.82595, 4.96054],
							"size": [2.21875, 9.125, 3.65625],
							"inflate": 0.002,
							"pivot": [-0.39062, 3.3572, 8.52304],
							"rotation": [22.5, 0, 0],
							"uv": {
								"north": {"uv": [22, 0], "uv_size": [2, 9]},
								"east": {"uv": [15, 0], "uv_size": [3.5, 9]},
								"south": {"uv": [24, 0], "uv_size": [2, 9]},
								"west": {"uv": [15, 9], "uv_size": [3.5, 9]},
								"up": {"uv": [30, 30], "uv_size": [2, 3.5]},
								"down": {"uv": [8, 34.5], "uv_size": [2, -3.5]}
							}
						},
						{
							"origin": [-1.875, 1.68443, 4.65735],
							"size": [2.21875, 1.21875, 4.53125],
							"inflate": 0.002,
							"pivot": [-0.39062, -5.69057, 9.09485],
							"rotation": [2.5, 0, 0],
							"uv": {
								"north": {"uv": [19, 16], "uv_size": [2, 1]},
								"east": {"uv": [32, 16], "uv_size": [4.5, 1]},
								"south": {"uv": [19, 17], "uv_size": [2, 1]},
								"west": {"uv": [32, 26], "uv_size": [4.5, 1]},
								"up": {"uv": [22, 9], "uv_size": [2, 4.5]},
								"down": {"uv": [24, 31.5], "uv_size": [2, -4.5]}
							}
						}
					]
				},
				{
					"name": "bone3",
					"parent": "bone2",
					"pivot": [-0.75781, 8.79778, 3.64342],
					"cubes": [
						{
							"origin": [-2.0625, 2.15625, 4.15625],
							"size": [2.59375, 1.0625, 5.5],
							"uv": {
								"north": {"uv": [34, 3], "uv_size": [2.5, 1]},
								"east": {"uv": [31, 20], "uv_size": [5.5, 1]},
								"south": {"uv": [34, 4], "uv_size": [2.5, 1]},
								"west": {"uv": [31, 21], "uv_size": [5.5, 1]},
								"up": {"uv": [26, 9], "uv_size": [2.5, 5.5]},
								"down": {"uv": [26, 20.5], "uv_size": [2.5, -5.5]}
							}
						},
						{
							"origin": [-2.0625, 3.91625, 3.62126],
							"size": [2.59375, 1.0625, 4.9375],
							"pivot": [0, 0.51, -0.09749],
							"rotation": [-10, 0, 0],
							"uv": {
								"north": {"uv": [34, 5], "uv_size": [2.5, 1]},
								"east": {"uv": [32, 6], "uv_size": [5, 1]},
								"south": {"uv": [10, 34], "uv_size": [2.5, 1]},
								"west": {"uv": [32, 7], "uv_size": [5, 1]},
								"up": {"uv": [18, 26], "uv_size": [2.5, 5]},
								"down": {"uv": [26, 26], "uv_size": [2.5, -5]}
							}
						},
						{
							"origin": [-2.0625, 2.70095, 7.52304],
							"size": [2.59375, 8.875, 1.9375],
							"inflate": 0.001,
							"pivot": [-0.39062, 3.3572, 8.52304],
							"rotation": [27.5, 0, 0],
							"uv": {
								"north": {"uv": [8, 18], "uv_size": [2.5, 9]},
								"east": {"uv": [24, 9], "uv_size": [2, 9]},
								"south": {"uv": [15, 18], "uv_size": [2.5, 9]},
								"west": {"uv": [24, 18], "uv_size": [2, 9]},
								"up": {"uv": [32, 8], "uv_size": [2.5, 2]},
								"down": {"uv": [10, 34], "uv_size": [2.5, -2]}
							}
						},
						{
							"origin": [-2.0625, 6.91783, 5.10939],
							"size": [2.59375, 3.9375, 1.9375],
							"inflate": -0.001,
							"pivot": [-0.76562, 8.88658, 5.60939],
							"rotation": [5, 0, 0],
							"uv": {
								"north": {"uv": [26, 26], "uv_size": [2.5, 4]},
								"east": {"uv": [30, 26], "uv_size": [2, 4]},
								"south": {"uv": [8, 27], "uv_size": [2.5, 4]},
								"west": {"uv": [27, 30], "uv_size": [2, 4]},
								"up": {"uv": [32, 10], "uv_size": [2.5, 2]},
								"down": {"uv": [32, 14], "uv_size": [2.5, -2]}
							}
						},
						{
							"origin": [-2.0625, 7.98033, 5.10939],
							"size": [2.59375, 3.3125, 1.3125],
							"inflate": -0.002,
							"pivot": [-0.76562, 8.88658, 5.60939],
							"rotation": [-27.5, 0, 0],
							"uv": {
								"north": {"uv": [29, 9], "uv_size": [2.5, 3.5]},
								"east": {"uv": [18, 31], "uv_size": [1.5, 3.5]},
								"south": {"uv": [29, 13], "uv_size": [2.5, 3.5]},
								"west": {"uv": [31, 22], "uv_size": [1.5, 3.5]},
								"up": {"uv": [32, 27], "uv_size": [2.5, 1.5]},
								"down": {"uv": [32, 30.5], "uv_size": [2.5, -1.5]}
							}
						},
						{
							"origin": [-2.125, 8.10533, 3.20314],
							"size": [2.71875, 3.78125, 0.65625],
							"pivot": [-0.76562, 8.88658, 5.60939],
							"rotation": [-90, 0, 0],
							"uv": {
								"north": {"uv": [15, 27], "uv_size": [2.5, 4]},
								"east": {"uv": [6, 34], "uv_size": [0.5, 4]},
								"south": {"uv": [12, 28], "uv_size": [2.5, 4]},
								"west": {"uv": [7, 34], "uv_size": [0.5, 4]},
								"up": {"uv": [34, 22], "uv_size": [2.5, 0.5]},
								"down": {"uv": [34, 23.5], "uv_size": [2.5, -0.5]}
							}
						},
						{
							"origin": [-2.125, -5.67592, 3.20314],
							"size": [2.71875, 13.8125, 1.0625],
							"pivot": [-0.76562, 8.88658, 5.60939],
							"rotation": [-90, 0, 0],
							"uv": {
								"north": {"uv": [12, 0], "uv_size": [2.5, 14]},
								"east": {"uv": [11, 18], "uv_size": [1, 14]},
								"south": {"uv": [12, 14], "uv_size": [2.5, 14]},
								"west": {"uv": [23, 24], "uv_size": [1, 14]},
								"up": {"uv": [15, 34], "uv_size": [2.5, 1]},
								"down": {"uv": [34, 18], "uv_size": [2.5, -1]}
							}
						},
						{
							"origin": [-2.0625, 4.13845, 4.77304],
							"size": [2.59375, 7.6875, 4.03125],
							"inflate": 0.002,
							"pivot": [-0.39062, 3.3572, 8.52304],
							"rotation": [22.5, 0, 0],
							"uv": {
								"north": {"uv": [19, 8], "uv_size": [2.5, 7.5]},
								"east": {"uv": [0, 18], "uv_size": [4, 7.5]},
								"south": {"uv": [21, 16], "uv_size": [2.5, 7.5]},
								"west": {"uv": [4, 18], "uv_size": [4, 7.5]},
								"up": {"uv": [0, 29], "uv_size": [2.5, 4]},
								"down": {"uv": [3, 33], "uv_size": [2.5, -4]}
							}
						},
						{
							"origin": [-2.0625, 10.01429, 1.60271],
							"size": [2.59375, 0.71875, 1.78125],
							"pivot": [-0.76562, 10.42054, 2.38396],
							"rotation": [22.5, 0, 0],
							"uv": {
								"north": {"uv": [34, 24], "uv_size": [2.5, 0.5]},
								"east": {"uv": [27, 34], "uv_size": [2, 0.5]},
								"south": {"uv": [34, 33], "uv_size": [2.5, 0.5]},
								"west": {"uv": [30, 34], "uv_size": [2, 0.5]},
								"up": {"uv": [32, 14], "uv_size": [2.5, 2]},
								"down": {"uv": [20, 34], "uv_size": [2.5, -2]}
							}
						},
						{
							"origin": [-2.0625, 3.57595, 6.21054],
							"size": [2.59375, 1.09375, 1.25],
							"pivot": [-0.39062, 3.3572, 8.52304],
							"rotation": [22.5, 0, 0],
							"uv": {
								"north": {"uv": [34, 18], "uv_size": [2.5, 1]},
								"east": {"uv": [22, 14], "uv_size": [1.5, 1]},
								"south": {"uv": [34, 19], "uv_size": [2.5, 1]},
								"west": {"uv": [22, 15], "uv_size": [1.5, 1]},
								"up": {"uv": [32, 31], "uv_size": [2.5, 1.5]},
								"down": {"uv": [0, 34.5], "uv_size": [2.5, -1.5]}
							}
						}
					]
				},
				{
					"name": "jacket",
					"parent": "body",
					"pivot": [0, 24, 0]
				},
				{
					"name": "leftLeg",
					"parent": "root",
					"pivot": [1.9, 12, 0]
				},
				{
					"name": "leftPants",
					"parent": "leftLeg",
					"pivot": [1.9, 12, 0]
				},
				{
					"name": "rightLeg",
					"parent": "root",
					"pivot": [-1.9, 12, 0]
				},
				{
					"name": "rightPants",
					"parent": "rightLeg",
					"pivot": [-1.9, 12, 0]
				}
			]
		}
	]
}
