{
  "format_version": "1.8.0",
  "minecraft:entity": {
    "description": {
      "identifier": "escape_run:infection",
      "is_spawnable": true,
      "is_summonable": true,
      "is_experimental": false
    },
    "component_groups": {
      "minecraft:spider_jockey": {
        "minecraft:addrider": {
          "entity_type": "minecraft:skeleton"
        },
        "minecraft:rideable": {
          "seat_count": 1,
          "family_types": [
            "skeleton"
          ],
          "seats": {
            "position": [
              0.0,
              0.3,
              -0.1
            ]
          }
        }
      },
      "minecraft:spider_stray_jockey": {
        "minecraft:addrider": {
          "entity_type": "minecraft:skeleton.stray"
        },
        "minecraft:rideable": {
          "seat_count": 1,
          "family_types": [
            "skeleton"
          ],
          "seats": {
            "position": [
              0.0,
              0.3,
              -0.1
            ]
          }
        }
      },
      "minecraft:spider_wither_jockey": {
        "minecraft:addrider": {
          "entity_type": "minecraft:skeleton.wither"
        },
        "minecraft:rideable": {
          "seat_count": 1,
          "family_types": [
            "skeleton"
          ],
          "seats": {
            "position": [
              0.0,
              0.25,
              -0.1
            ]
          }
        }
      },
      "minecraft:spider_neutral": {
        "minecraft:environment_sensor": {
          "on_environment": {
            "filters": {
              "test": "is_brightness",
              "operator": "<",
              "value": 0.49
            },
            "event": "minecraft:become_hostile"
          }
        },
        "minecraft:on_target_acquired": {
          "event": "minecraft:become_angry"
        }
      },
      "minecraft:spider_hostile": {
        "minecraft:environment_sensor": {
          "on_environment": {
            "filters": {
              "test": "is_brightness",
              "operator": ">",
              "value": 0.49
            },
            "event": "minecraft:become_neutral"
          }
        },
        "minecraft:behavior.nearest_attackable_target": {
          "priority": 3,
          "within_radius": 25,
          "must_reach": false,
          "entity_types": [
            {
              "filters": {
                "any_of": [
                  {
                    "test": "is_family",
                    "subject": "other",
                    "value": "illager"
                  },
                  {
                    "test": "is_family",
                    "subject": "other",
                    "value": "irongolem"
                  },
                  {
                    "test": "is_family",
                    "subject": "other",
                    "value": "pillager"
                  },
                  {
                    "test": "is_family",
                    "subject": "other",
                    "value": "player"
                  },
                  {
                    "test": "is_family",
                    "subject": "other",
                    "value": "polarbear"
                  },
                  {
                    "test": "is_family",
                    "subject": "other",
                    "value": "silverfish"
                  },
                  {
                    "test": "is_family",
                    "subject": "other",
                    "value": "skeleton"
                  },
                  {
                    "test": "is_family",
                    "subject": "other",
                    "value": "skeletonhorse"
                  },
                  {
                    "test": "is_family",
                    "subject": "other",
                    "value": "slime"
                  },
                  {
                    "test": "is_family",
                    "subject": "other",
                    "value": "snowgolem"
                  },
                  {
                    "test": "is_family",
                    "subject": "other",
                    "value": "spider"
                  },
                  {
                    "test": "is_family",
                    "subject": "other",
                    "value": "undead"
                  },
                  {
                    "test": "is_family",
                    "subject": "other",
                    "value": "vex"
                  },
                  {
                    "test": "is_family",
                    "subject": "other",
                    "value": "villager"
                  },
                  {
                    "test": "is_family",
                    "subject": "other",
                    "value": "zombie"
                  },
                  {
                    "test": "is_family",
                    "subject": "other",
                    "value": "zombie_pigman"
                  },
                  {
                    "test": "is_family",
                    "subject": "other",
                    "value": "zombie_villager"
                  },
                  {
                    "test": "is_family",
                    "subject": "other",
                    "value": "zombiehorse"
                  }
                ]
              },
              "max_dist": 10,
              "must_see": false
            }
          ],
          "must_see": false,
          "speed_multiplier": 1.0
        },
        "minecraft:behavior.leap_at_target": {
          "priority": 4,
          "yd": 0.4,
          "must_be_on_ground": false
        },
        "minecraft:behavior.melee_attack": {
          "priority": 3,
          "speed_multiplier": 1.0,
          "track_target": true,
          "random_stop_interval": 100,
          "reach_multiplier": 0.8
        }
      },
      "minecraft:spider_angry": {
        "minecraft:angry": {
          "duration": 10,
          "duration_delta": 3,
          "calm_event": {
            "event": "minecraft:on_calm",
            "target": "self"
          }
        },
        "minecraft:behavior.nearest_attackable_target": {
          "priority": 3,
          "within_radius": 25,
          "must_reach": false,
          "entity_types": [
            {
              "filters": {
                "any_of": [
                  {
                    "test": "is_family",
                    "subject": "other",
                    "value": "illager"
                  },
                  {
                    "test": "is_family",
                    "subject": "other",
                    "value": "irongolem"
                  },
                  {
                    "test": "is_family",
                    "subject": "other",
                    "value": "pillager"
                  },
                  {
                    "test": "is_family",
                    "subject": "other",
                    "value": "player"
                  },
                  {
                    "test": "is_family",
                    "subject": "other",
                    "value": "polarbear"
                  },
                  {
                    "test": "is_family",
                    "subject": "other",
                    "value": "silverfish"
                  },
                  {
                    "test": "is_family",
                    "subject": "other",
                    "value": "skeleton"
                  },
                  {
                    "test": "is_family",
                    "subject": "other",
                    "value": "skeletonhorse"
                  },
                  {
                    "test": "is_family",
                    "subject": "other",
                    "value": "slime"
                  },
                  {
                    "test": "is_family",
                    "subject": "other",
                    "value": "snowgolem"
                  },
                  {
                    "test": "is_family",
                    "subject": "other",
                    "value": "spider"
                  },
                  {
                    "test": "is_family",
                    "subject": "other",
                    "value": "undead"
                  },
                  {
                    "test": "is_family",
                    "subject": "other",
                    "value": "vex"
                  },
                  {
                    "test": "is_family",
                    "subject": "other",
                    "value": "villager"
                  },
                  {
                    "test": "is_family",
                    "subject": "other",
                    "value": "zombie"
                  },
                  {
                    "test": "is_family",
                    "subject": "other",
                    "value": "zombie_pigman"
                  },
                  {
                    "test": "is_family",
                    "subject": "other",
                    "value": "zombie_villager"
                  },
                  {
                    "test": "is_family",
                    "subject": "other",
                    "value": "zombiehorse"
                  }
                ]
              },
              "max_dist": 10,
              "must_see": false
            }
          ],
          "must_see": false,
          "speed_multiplier": 1.0
        },
        "minecraft:behavior.leap_at_target": {
          "priority": 4,
          "yd": 0.4,
          "must_be_on_ground": false
        },
        "minecraft:behavior.melee_attack": {
          "priority": 3,
          "speed_multiplier": 1.0,
          "track_target": true,
          "reach_multiplier": 1.4
        }
      },
      "minecraft:spider_poison_easy": {},
      "minecraft:spider_poison_normal": {},
      "minecraft:spider_poison_hard": {}
    },
    "components": {
      "minecraft:type_family": {
        "family": [
          "infected1"
        ]
      },
      "minecraft:nameable": {
        "alwaysShow": false,
        "allowNameTagRenaming": false
      },
      "minecraft:loot": {
        "table": "loot_tables/entities/spider.json"
      },
      "minecraft:collision_box": {
        "width": 0.7,
        "height": 0.5
      },
      "minecraft:health": {
        "value": 10,
        "max": 10
      },
      "minecraft:movement": {
        "value": 0.3
      },
      "minecraft:navigation.climb": {
        "can_path_over_water": true
      },
      "minecraft:movement.basic": {},
      "minecraft:jump.static": {},
      "minecraft:can_climb": {},
      "minecraft:behavior.float": {
        "priority": 1
      },
      "minecraft:behavior.mount_pathing": {
        "priority": 5,
        "speed_multiplier": 1.25,
        "target_dist": 0.0,
        "track_target": true
      },
      "minecraft:behavior.random_stroll": {
        "priority": 6,
        "speed_multiplier": 0.8
      },
      "minecraft:behavior.look_at_player": {
        "priority": 7,
        "look_distance": 6.0,
        "probability": 0.02
      },
      "minecraft:behavior.random_look_around": {
        "priority": 7
      },
      "minecraft:behavior.hurt_by_target": {
        "priority": 3
      },
      "minecraft:physics": {},
      "minecraft:experience_reward": {
        "on_death": "query.last_hit_by_player ? 10 : 0"
      },
      "minecraft:flying_speed": {
        "value": 0.02
      },
      "minecraft:scale": {
        "value": 0.75
      },
      "minecraft:attack": {
        "damage": 5,
        "effect_name": "nausea",
        "effect_duration": 30
      },
      "minecraft:behavior.melee_attack": {
        "priority": 2,
        "speed_multiplier": 1.0,
        "target_dist": 0.0,
        "max_dist": 3,
        "random_stop_interval": 100,
        "track_target": true,
        "reach_multiplier": 1.4
      },
      "minecraft:behavior.nearest_attackable_target": {
        "priority": 3,
        "within_radius": 25,
        "must_reach": false,
        "entity_types": [
          {
            "filters": {
              "any_of": [
                {
                  "test": "is_family",
                  "subject": "other",
                  "value": "illager"
                },
                {
                  "test": "is_family",
                  "subject": "other",
                  "value": "irongolem"
                },
                {
                  "test": "is_family",
                  "subject": "other",
                  "value": "pillager"
                },
                {
                  "test": "is_family",
                  "subject": "other",
                  "value": "player"
                },
                {
                  "test": "is_family",
                  "subject": "other",
                  "value": "polarbear"
                },
                {
                  "test": "is_family",
                  "subject": "other",
                  "value": "silverfish"
                },
                {
                  "test": "is_family",
                  "subject": "other",
                  "value": "skeleton"
                },
                {
                  "test": "is_family",
                  "subject": "other",
                  "value": "skeletonhorse"
                },
                {
                  "test": "is_family",
                  "subject": "other",
                  "value": "slime"
                },
                {
                  "test": "is_family",
                  "subject": "other",
                  "value": "snowgolem"
                },
                {
                  "test": "is_family",
                  "subject": "other",
                  "value": "spider"
                },
                {
                  "test": "is_family",
                  "subject": "other",
                  "value": "undead"
                },
                {
                  "test": "is_family",
                  "subject": "other",
                  "value": "vex"
                },
                {
                  "test": "is_family",
                  "subject": "other",
                  "value": "villager"
                },
                {
                  "test": "is_family",
                  "subject": "other",
                  "value": "zombie"
                },
                {
                  "test": "is_family",
                  "subject": "other",
                  "value": "zombie_pigman"
                },
                {
                  "test": "is_family",
                  "subject": "other",
                  "value": "zombie_villager"
                },
                {
                  "test": "is_family",
                  "subject": "other",
                  "value": "zombiehorse"
                }
              ]
            },
            "max_dist": 10,
            "must_see": false
          }
        ],
        "must_see": false,
        "speed_multiplier": 1.0
      },
      "minecraft:behavior.owner_hurt_by_target": {
        "priority": 1
      },
      "minecraft:behavior.owner_hurt_target": {
        "priority": 2
      },
      "minecraft:fall_damage": {
        "value": 0.0
      }
    },
    "events": {
      "minecraft:entity_spawned": {
        "randomize": [
          {
            "weight": 1,
            "randomize": [
              {
                "weight": 80,
                "filters": {
                  "all_of": [
                    {
                      "test": "is_daytime",
                      "value": false
                    },
                    {
                      "test": "is_snow_covered",
                      "value": true
                    },
                    {
                      "test": "is_underground",
                      "value": false
                    }
                  ]
                },
                "remove": {},
                "add": {
                  "component_groups": [
                    "minecraft:spider_stray_jockey",
                    "minecraft:spider_neutral"
                  ]
                }
              },
              {
                "weight": 80,
                "filters": {
                  "test": "is_biome",
                  "value": "the_nether"
                },
                "remove": {},
                "add": {
                  "component_groups": [
                    "minecraft:spider_wither_jockey",
                    "minecraft:spider_neutral"
                  ]
                }
              },
              {
                "weight": 20,
                "filters": {
                  "all_of": [
                    {
                      "test": "is_daytime",
                      "value": false
                    },
                    {
                      "test": "is_underground",
                      "value": true
                    }
                  ]
                },
                "remove": {},
                "add": {
                  "component_groups": [
                    "minecraft:spider_jockey",
                    "minecraft:spider_neutral"
                  ]
                }
              }
            ]
          },
          {
            "weight": 99,
            "remove": {},
            "add": {
              "component_groups": [
                "minecraft:spider_neutral"
              ]
            }
          }
        ]
      },
      "minecraft:become_hostile": {
        "sequence": [
          {
            "remove": {
              "component_groups": [
                "minecraft:spider_neutral"
              ]
            },
            "add": {
              "component_groups": [
                "minecraft:spider_hostile"
              ]
            }
          },
          {
            "filters": {
              "test": "is_difficulty",
              "value": "easy"
            },
            "remove": {
              "component_groups": [
                "minecraft:spider_poison_hard",
                "minecraft:spider_poison_normal"
              ]
            },
            "add": {
              "component_groups": [
                "minecraft:spider_poison_easy"
              ]
            }
          },
          {
            "filters": {
              "test": "is_difficulty",
              "value": "normal"
            },
            "remove": {
              "component_groups": [
                "minecraft:spider_poison_easy",
                "minecraft:spider_poison_hard"
              ]
            },
            "add": {
              "component_groups": [
                "minecraft:spider_poison_normal"
              ]
            }
          },
          {
            "filters": {
              "test": "is_difficulty",
              "value": "hard"
            },
            "remove": {
              "component_groups": [
                "minecraft:spider_poison_easy",
                "minecraft:spider_poison_normal"
              ]
            },
            "add": {
              "component_groups": [
                "minecraft:spider_poison_hard"
              ]
            }
          }
        ]
      },
      "minecraft:become_neutral": {
        "remove": {
          "component_groups": [
            "minecraft:spider_hostile"
          ]
        },
        "add": {
          "component_groups": [
            "minecraft:spider_neutral"
          ]
        }
      },
      "minecraft:become_angry": {
        "sequence": [
          {
            "remove": {
              "component_groups": [
                "minecraft:spider_neutral"
              ]
            },
            "add": {
              "component_groups": [
                "minecraft:spider_angry"
              ]
            }
          },
          {
            "filters": {
              "test": "is_difficulty",
              "value": "easy"
            },
            "remove": {
              "component_groups": [
                "minecraft:spider_poison_hard",
                "minecraft:spider_poison_normal"
              ]
            },
            "add": {
              "component_groups": [
                "minecraft:spider_poison_easy"
              ]
            }
          },
          {
            "filters": {
              "test": "is_difficulty",
              "value": "normal"
            },
            "remove": {
              "component_groups": [
                "minecraft:spider_poison_easy",
                "minecraft:spider_poison_hard"
              ]
            },
            "add": {
              "component_groups": [
                "minecraft:spider_poison_normal"
              ]
            }
          },
          {
            "filters": {
              "test": "is_difficulty",
              "value": "hard"
            },
            "remove": {
              "component_groups": [
                "minecraft:spider_poison_easy",
                "minecraft:spider_poison_normal"
              ]
            },
            "add": {
              "component_groups": [
                "minecraft:spider_poison_hard"
              ]
            }
          }
        ]
      },
      "minecraft:on_calm": {
        "remove": {
          "component_groups": [
            "minecraft:spider_angry"
          ]
        },
        "add": {
          "component_groups": [
            "minecraft:spider_neutral"
          ]
        }
      }
    }
  }
}