{
  "resource_pack_name": "Turtaajalh",
  "texture_name": "atlas.items",
  "texture_data": {
    "parachute_halloween": {
      "textures": "textures/items/parachute_halloween"
    },
    "parachute_bee": {
      "textures": "textures/items/parachute_bee"
    },
    "parachute_creeper": {
      "textures": "textures/items/parachute_creeper"
    },
    "parachute_spider": {
      "textures": "textures/items/parachute_spider"
    },
    "parachute_zombie": {
      "textures": "textures/items/parachute_zombie"
    },
    "parachute_ender_dragon": {
      "textures": "textures/items/parachute_ender_dragon"
    }
  }
}