{
  "format_version": "1.16.100",
  "minecraft:item": {
    "description": {
      "identifier": "gun:mssr_emp",
      "category": "Commands"
    },
    "components": {
      "minecraft:stacked_by_data": true,
      "minecraft:hand_equipped": true,
      "minecraft:max_stack_size": 1,
      "minecraft:use_duration": 999999,
      "minecraft:food": {
        "can_always_eat": true
      },
      "minecraft:cooldown": {
        "category": "chorusfruit",
        "duration": 0.2
      },
      "minecraft:render_offsets": {
        "main_hand": {
          "first_person": {
            "scale": [
              0.0,
              0.0,
              0.0
            ]
          },
          "third_person": {
            "scale": [
              0.0,
              0.0,
              0.0
            ]
          }
        }
      },
      "minecraft:display_name": {
        "value": "Mssr §c[Empty]"
      },
      "minecraft:icon": {
        "texture": "mssr_emp"
      },
      "minecraft:can_destroy_in_creative": false
    }
  }
}