{
"entity.buglin.death": {
    "category": "hostil",
    "sounds": [
      "sounds/srpmob/buglin/buglin_death"
    ]
  },
  "entity.buglin.hurt": {
    "category": "hostil",
    "sounds": [
      "sounds/srpmob/buglin/buglin_hurt"
    ]
  },
  "entity.buglin.idle": {
    "category": "hostil",
    "sounds": [
      "sounds/srpmob/buglin/buglin_growl"
    ]
  },
"entity.rupter.death": {
    "category": "hostil",
    "sounds": [
      "sounds/srpmob/rupter/rupter_death"
    ]
  },
  "entity.rupter.hurt": {
    "category": "hostil",
    "sounds": [
      "sounds/srpmob/rupter/rupter_hurt"
    ]
  },
  "entity.rupter.idle": {
    "category": "hostil",
    "sounds": [
      "sounds/srpmob/rupter/rupter_growl"
    ]
  },
"entity.dweller.death": {
    "category": "hostil",
    "sounds": [
      "sounds/srpmob/rupter/ler_death"
    ]
  },
  "entity.dweller.hurt": {
    "category": "hostil",
    "sounds": [
      "sounds/srpmob/rupter/ler_hurt"
    ]
  },
  "entity.dweller.idle": {
    "category": "hostil",
    "sounds": [
      "sounds/srpmob/rupter/ler_growl"
    ]
  },
"entity.infected_pig.death": {
    "category": "hostil",
    "sounds": [
      "sounds/srpmob/infected_animals/infectedanimal_death"
    ]
  },
  "entity.infected_pig.hurt": {
    "category": "hostil",
    "sounds": [
      "sounds/srpmob/infected_animals/infectedanimal_hurt"
    ]
  },
  "entity.infected_pig.idle": {
    "category": "hostil",
    "sounds": [
      "sounds/srpmob/infected_animals/infectedanimal_growl"
    ]
  },
"entity.infected_cow.death": {
    "category": "hostil",
    "sounds": [
      "sounds/srpmob/infected_animals/infectedanimal_death"
    ]
  },
  "entity.infected_cow.hurt": {
    "category": "hostil",
    "sounds": [
      "sounds/srpmob/infected_animals/infectedanimal_hurt"
    ]
  },
  "entity.infected_cow.idle": {
    "category": "hostil",
    "sounds": [
      "sounds/srpmob/infected_animals/infectedanimal_growl"
    ]
  },
"entity.infected_horse.death": {
    "category": "hostil",
    "sounds": [
      "sounds/srpmob/infected_animals/infectedanimal_death"
    ]
  },
  "entity.infected_horse.hurt": {
    "category": "hostil",
    "sounds": [
      "sounds/srpmob/infected_animals/infectedanimal_hurt"
    ]
  },
  "entity.infected_horse.idle": {
    "category": "hostil",
    "sounds": [
      "sounds/srpmob/infected_animals/infectedanimal_growl"
    ]
  },
"entity.infected_sheep.death": {
    "category": "hostil",
    "sounds": [
      "sounds/srpmob/infected_animals/infectedanimal_death"
    ]
  },
  "entity.infected_sheep.hurt": {
    "category": "hostil",
    "sounds": [
      "sounds/srpmob/infected_animals/infectedanimal_hurt"
    ]
  },
  "entity.infected_sheep.idle": {
    "category": "hostil",
    "sounds": [
      "sounds/srpmob/infected_animals/infectedanimal_growl"
    ]
  },
"entity.infected_wolf.death": {
    "category": "hostil",
    "sounds": [
      "sounds/srpmob/infected_animals/infectedanimal_death"
    ]
  },
  "entity.infected_wolf.hurt": {
    "category": "hostil",
    "sounds": [
      "sounds/srpmob/infected_animals/infectedanimal_hurt"
    ]
  },
  "entity.infected_wolf.idle": {
    "category": "hostil",
    "sounds": [
      "sounds/srpmob/infected_animals/infectedanimal_growl"
    ]
  },
"entity.infected_villager.death": {
    "category": "hostil",
    "sounds": [
      "sounds/srpmob/infected_human/infectedhuman_death"
    ]
  },
  "entity.infected_villager.hurt": {
    "category": "hostil",
    "sounds": [
      "sounds/srpmob/infected_human/infectedhuman_hurt"
    ]
  },
  "entity.infected_villager.idle": {
    "category": "hostil",
    "sounds": [
      "sounds/srpmob/infected_human/infectedhuman_growl"
    ]
  },
"entity.infected_evoker.death": {
    "category": "hostil",
    "sounds": [
      "sounds/srpmob/infected_human/infectedhuman_death"
    ]
  },
  "entity.infected_evoker.hurt": {
    "category": "hostil",
    "sounds": [
      "sounds/srpmob/infected_human/infectedhuman_hurt"
    ]
  },
  "entity.infected_evoker.idle": {
    "category": "hostil",
    "sounds": [
      "sounds/srpmob/infected_human/infectedhuman_growl"
    ]
  },
"entity.infected_vindicater.death": {
    "category": "hostil",
    "sounds": [
      "sounds/srpmob/infected_human/infectedhuman_death"
    ]
  },
  "entity.infected_vindicater.hurt": {
    "category": "hostil",
    "sounds": [
      "sounds/srpmob/infected_human/infectedhuman_hurt"
    ]
  },
  "entity.infected_vindicater.idle": {
    "category": "hostil",
    "sounds": [
      "sounds/srpmob/infected_human/infectedhuman_growl"
    ]
  },
"entity.infected_pill.death": {
    "category": "hostil",
    "sounds": [
      "sounds/srpmob/infected_human/infectedhuman_death"
    ]
  },
  "entity.infected_pill.hurt": {
    "category": "hostil",
    "sounds": [
      "sounds/srpmob/infected_human/infectedhuman_hurt"
    ]
  },
  "entity.infected_pill.idle": {
    "category": "hostil",
    "sounds": [
      "sounds/srpmob/infected_human/infectedhuman_growl"
    ]
  },
"entity.infected_witch.death": {
    "category": "hostil",
    "sounds": [
      "sounds/srpmob/infected_human/infectedhuman_death"
    ]
  },
  "entity.infected_witch.hurt": {
    "category": "hostil",
    "sounds": [
      "sounds/srpmob/infected_human/infectedhuman_hurt"
    ]
  },
  "entity.infected_witch.idle": {
    "category": "hostil",
    "sounds": [
      "sounds/srpmob/infected_human/infectedhuman_growl"
    ]
  },
"entity.arachnida.death": {
    "category": "hostil",
    "sounds": [
      "sounds/srpmob/infected_human/infectedhuman_death"
    ]
  },
  "entity.arachnida.hurt": {
    "category": "hostil",
    "sounds": [
      "sounds/srpmob/infected_human/infectedhuman_hurt"
    ]
  },
  "entity.arachnida.idle": {
    "category": "hostil",
    "sounds": [
      "sounds/srpmob/infected_human/infectedhuman_growl"
    ]
  },
"entity.adap_arachnida.death": {
    "category": "hostil",
    "sounds": [
      "sounds/srpmob/infected_human/infectedhuman_death"
    ]
  },
  "entity.adap_arachnida.hurt": {
    "category": "hostil",
    "sounds": [
      "sounds/srpmob/infected_human/infectedhuman_hurt"
    ]
  },
  "entity.adap_arachnida.idle": {
    "category": "hostil",
    "sounds": [
      "sounds/srpmob/infected_human/infectedhuman_growl"
    ]
  },
  "entity.infected_villagerv2.death": {
    "category": "hostil",
    "sounds": [
      "sounds/srpmob/infected_human/infectedhuman_death"
    ]
  },
  "entity.infected_villagerv2.hurt": {
    "category": "hostil",
    "sounds": [
      "sounds/srpmob/infected_human/infectedhuman_hurt"
    ]
  },
  "entity.infected_villagerv2.idle": {
    "category": "hostil",
    "sounds": [
      "sounds/srpmob/infected_human/infectedhuman_growl"
    ]
  },
"entity.infected_human.death": {
    "category": "hostil",
    "sounds": [
      "sounds/srpmob/infected_human/infectedhuman_death"
    ]
  },
  "entity.infected_human.hurt": {
    "category": "hostil",
    "sounds": [
      "sounds/srpmob/infected_human/infectedhuman_hurt"
    ]
  },
  "entity.infected_human.idle": {
    "category": "hostil",
    "sounds": [
      "sounds/srpmob/infected_human/infectedhuman_growl"
    ]
  },
  "entity.infected_humanv2.death": {
    "category": "hostil",
    "sounds": [
      "sounds/srpmob/infected_human/infectedhuman_death"
    ]
  },
  "entity.infected_humanv2.hurt": {
    "category": "hostil",
    "sounds": [
      "sounds/srpmob/infected_human/infectedhuman_hurt"
    ]
  },
  "entity.infected_humanv2.idle": {
    "category": "hostil",
    "sounds": [
      "sounds/srpmob/infected_human/infectedhuman_growl"
    ]
  },
"entity.head_infected_pig.death": {
    "category": "hostil",
    "sounds": [
      "sounds/srpmob/infected_head/infectedhead_death"
    ]
  },
  "entity.head_infected_pig.hurt": {
    "category": "hostil",
    "sounds": [
      "sounds/srpmob/infected_head/infectedhead_hurt"
    ]
  },
  "entity.head_infected_pig.idle": {
    "category": "hostil",
    "sounds": [
      "sounds/srpmob/infected_head/infectedhead_growl"
    ]
  },
  "entity.head_infected_sheep.death": {
    "category": "hostil",
    "sounds": [
      "sounds/srpmob/infected_head/infectedhead_death"
    ]
  },
  "entity.head_infected_sheep.hurt": {
    "category": "hostil",
    "sounds": [
      "sounds/srpmob/infected_head/infectedhead_hurt"
    ]
  },
  "entity.head_infected_sheep.idle": {
    "category": "hostil",
    "sounds": [
      "sounds/srpmob/infected_head/infectedhead_growl"
    ]
  },
  "entity.head_infected_cow.death": {
    "category": "hostil",
    "sounds": [
      "sounds/srpmob/infected_head/infectedhead_death"
    ]
  },
  "entity.head_infected_cow.hurt": {
    "category": "hostil",
    "sounds": [
      "sounds/srpmob/infected_head/infectedhead_hurt"
    ]
  },
  "entity.head_infected_cow.idle": {
    "category": "hostil",
    "sounds": [
      "sounds/srpmob/infected_head/infectedhead_growl"
    ]
  },
  "entity.head_infected_wolf.death": {
    "category": "hostil",
    "sounds": [
      "sounds/srpmob/infected_head/infectedhead_death"
    ]
  },
  "entity.head_infected_wolf.hurt": {
    "category": "hostil",
    "sounds": [
      "sounds/srpmob/infected_head/infectedhead_hurt"
    ]
  },
  "entity.head_infected_wolf.idle": {
    "category": "hostil",
    "sounds": [
      "sounds/srpmob/infected_head/infectedhead_growl"
    ]
  },
  "entity.warden.death": {
    "category": "hostil",
    "sounds": [
      "sounds/srpmob/warden/den_death"
    ]
  },
  "entity.warden.hurt": {
    "category": "hostil",
    "sounds": [
      "sounds/srpmob/warden/den_hurt"
    ]
  },
  "entity.warden.idle": {
    "category": "hostil",
    "sounds": [
      "sounds/srpmob/warden/den_growl"
    ]
  },
    "entity.head_infected_villager.death": {
    "category": "hostil",
    "sounds": [
      "sounds/srpmob/infected_head/infectedhead_death"
    ]
  },
  "entity.head_infected_villager.hurt": {
    "category": "hostil",
    "sounds": [
      "sounds/srpmob/infected_head/infectedhead_hurt"
    ]
  },
  "entity.head_infected_villager.idle": {
    "category": "hostil",
    "sounds": [
      "sounds/srpmob/infected_head/infectedhead_growl"
    ]
  },
"entity.summoner.death": {
    "category": "hostil",
    "sounds": [
      "sounds/srpmob/reeker/mon_death"
    ]
  },
  "entity.summoner.hurt": {
    "category": "hostil",
    "sounds": [
      "sounds/srpmob/reeker/mon_hurt"
    ]
  },
  "entity.summoner.idle": {
    "category": "hostil",
    "sounds": [
      "sounds/srpmob/reeker/mon_growl"
    ]
  },
"entity.long_arm.death": {
    "category": "hostil",
    "sounds": [
      "sounds/srpmob/reeker/arm_death"
    ]
  },
  "entity.long_arm.hurt": {
    "category": "hostil",
    "sounds": [
      "sounds/srpmob/reeker/arm_hurt"
    ]
  },
  "entity.long_arm.idle": {
    "category": "hostil",
    "sounds": [
      "sounds/srpmob/reeker/arm_growl"
    ]
  },
"entity.long_arm2.death": {
    "category": "hostil",
    "sounds": [
      "sounds/srpmob/reeker/arm_death"
    ]
  },
  "entity.long_arm2.hurt": {
    "category": "hostil",
    "sounds": [
      "sounds/srpmob/reeker/arm_hurt"
    ]
  },
  "entity.long_arm2.idle": {
    "category": "hostil",
    "sounds": [
      "sounds/srpmob/reeker/arm_growl"
    ]
  },
"entity.reeker.death": {
    "category": "hostil",
    "sounds": [
      "sounds/srpmob/reeker/ker_death"
    ]
  },
  "entity.reeker.hurt": {
    "category": "hostil",
    "sounds": [
      "sounds/srpmob/reeker/ker_hurt"
    ]
  },
  "entity.reeker.idle": {
    "category": "hostil",
    "sounds": [
      "sounds/srpmob/reeker/ker_grow"
    ]
  },
"entity.reeker2.death": {
    "category": "hostil",
    "sounds": [
      "sounds/srpmob/reeker/ker_death"
    ]
  },
  "entity.reeker2.hurt": {
    "category": "hostil",
    "sounds": [
      "sounds/srpmob/reeker/ker_hurt"
    ]
  },
  "entity.reeker2.idle": {
    "category": "hostil",
    "sounds": [
      "sounds/srpmob/reeker/ker_grow"
    ]
  },
"entity.infected_skeleton.death": {
    "category": "hostil",
    "sounds": [
      "sounds/srpmob/infected_human/infectedhuman_death"
    ]
  },
  "entity.infected_skeleton.hurt": {
    "category": "hostil",
    "sounds": [
      "sounds/srpmob/infected_human/infectedhuman_hurt"
    ]
  },
  "entity.infected_skeleton.idle": {
    "category": "hostil",
    "sounds": [
      "sounds/srpmob/infected_human/infectedhuman_growl"
    ]
  },
"entity.infected_chicken.death": {
    "category": "hostil",
    "sounds": [
      "sounds/srpmob/infecte_danimals/infectedanimal_death"
    ]
  },
  "entity.infected_chicken.hurt": {
    "category": "hostil",
    "sounds": [
      "sounds/srpmob/infected_animals/infectedanimal_hurt"
    ]
  },
  "entity.infected_chicken.idle": {
    "category": "hostil",
    "sounds": [
      "sounds/srpmob/infected_animals/infectedanimal_growl"
    ]
  },
"entity.head_infected_chicken.death": {
    "category": "hostil",
    "sounds": [
      "sounds/srpmob/infected_head/infectedhead_death"
    ]
  },
  "entity.head_infected_chicken.hurt": {
    "category": "hostil",
    "sounds": [
      "sounds/srpmob/infected_head/infectedhead_hurt"
    ]
  },
  "entity.head_infected_chicken.idle": {
    "category": "hostil",
    "sounds": [
      "sounds/srpmob/infected_head/infectedhead_growl"
    ]
  },
  "entity.head_infected_villager.idle": {
    "category": "hostil",
    "sounds": [
      "sounds/srpmob/infected_head/infectedhead_growl"
    ]
  },
"entity.infected_skeletonv2.death": {
    "category": "hostil",
    "sounds": [
      "sounds/srpmob/infected_human/infectedhuman_death"
    ]
  },
  "entity.infected_skeletonv2.hurt": {
    "category": "hostil",
    "sounds": [
      "sounds/srpmob/infected_human/infectedhuman_hurt"
    ]
  },
  "entity.infected_skeletonv2.idle": {
    "category": "hostil",
    "sounds": [
      "sounds/srpmob/infected_human/infectedhuman_growl"
    ]
  },
"entity.adabted_summoner.death": {
    "category": "hostil",
    "sounds": [
      "sounds/srpmob/ted/amon_death"
    ]
  },
  "entity.adabted_summoner.hurt": {
    "category": "hostil",
    "sounds": [
      "sounds/srpmob/ted/amon_hurt"
    ]
  },
  "entity.adabted_summoner.idle": {
    "category": "hostil",
    "sounds": [
      "sounds/srpmob/ted/amon_growl"
    ]
  },
"entity.flesh.death": {
    "category": "hostil",
    "sounds": [
      "sounds/srpmob/flesh/moving_flesh_death"
    ]
  },
  "entity.flesh.hurt": {
    "category": "hostil",
    "sounds": [
      "sounds/srpmob/flesh/moving_flesh_hurt"
    ]
  },
  "entity.flesh.idle": {
    "category": "hostil",
    "sounds": [
      "sounds/srpmob/flesh/moving_flesh_growl"
    ]
  },
"entity.flesh2.death": {
    "category": "hostil",
    "sounds": [
      "sounds/srpmob/flesh/moving_flesh_death"
    ]
  },
  "entity.flesh2.hurt": {
    "category": "hostil",
    "sounds": [
      "sounds/srpmob/flesh/moving_flesh_hurt"
    ]
  },
  "entity.flesh2.idle": {
    "category": "hostil",
    "sounds": [
      "sounds/srpmob/flesh/moving_flesh_growl"
    ]
  },
"entity.flesh3.death": {
    "category": "hostil",
    "sounds": [
      "sounds/srpmob/flesh/moving_flesh_death"
    ]
  },
  "entity.flesh3.hurt": {
    "category": "hostil",
    "sounds": [
      "sounds/srpmob/flesh/moving_flesh_hurt"
    ]
  },
  "entity.flesh3.idle": {
    "category": "hostil",
    "sounds": [
      "sounds/srpmob/flesh/moving_flesh_growl"
    ]
  },
"entity.adabted_long_arm.death": {
    "category": "hostil",
    "sounds": [
      "sounds/srpmob/ted/aarm_death"
    ]
  },
  "entity.adabted_long_arm.hurt": {
    "category": "hostil",
    "sounds": [
      "sounds/srpmob/ted/aarm_hurt"
    ]
  },
  "entity.adabted_long_arm.idle": {
    "category": "hostil",
    "sounds": [
      "sounds/srpmob/ted/aarm_growl"
    ]
  },
"entity.adabted_reeker.death": {
    "category": "hostil",
    "sounds": [
      "sounds/srpmob/terd/aker_death"
    ]
  },
  "entity.adabted_reeker.hurt": {
    "category": "hostil",
    "sounds": [
      "sounds/srpmob/ted/aker_hurt"
    ]
  },
  "entity.adabted_reeker.idle": {
    "category": "hostil",
    "sounds": [
      "sounds/srpmob/ted/aker_growl"
    ]
  },
"entity.infected_bear.death": {
    "category": "hostil",
    "sounds": [
      "sounds/srpmob/infected_animals/infectedanimal_death"
    ]
  },
  "entity.infected_bear.hurt": {
    "category": "hostil",
    "sounds": [
      "sounds/srpmob/infected_animals/infectedanimal_hurt"
    ]
  },
  "entity.infected_bear.idle": {
    "category": "hostil",
    "sounds": [
      "sounds/srpmob/infected_animals/infectedanimal_growl"
    ]
  },
"entity.yellow_eye.death": {
    "category": "hostil",
    "sounds": [
      "sounds/srpmob/reeker/eye_death"
    ]
  },
  "entity.yellow_eye.hurt": {
    "category": "hostil",
    "sounds": [
      "sounds/srpmob/reeker/eye_hurt"
    ]
  },
  "entity.yellow_eye.idle": {
    "category": "hostil",
    "sounds": [
      "sounds/srpmob/reeker/eye_growl"
    ]
  },
"entity.adabted_yellow_eye.death": {
    "category": "hostil",
    "sounds": [
      "sounds/srpmob/ted/aeye_death"
    ]
  },
  "entity.adabted_yellow_eye.hurt": {
    "category": "hostil",
    "sounds": [
      "sounds/srpmob/ted/aeye_hurt"
    ]
  },
  "entity.adabted_yellow_eye.idle": {
    "category": "hostil",
    "sounds": [
      "sounds/srpmob/ted/aeye_growl"
    ]
  },
"entity.red_eye.death": {
    "category": "hostil",
    "sounds": [
      "sounds/srpmob/ted/aeye_death"
    ]
  },
  "entity.red_eye.hurt": {
    "category": "hostil",
    "sounds": [
      "sounds/srpmob/ted/aeye_hurt"
    ]
  },
  "entity.red_eye.idle": {
    "category": "hostil",
    "sounds": [
      "sounds/srpmob/ted/aeye_growl"
    ]
  },
"entity.manducater.death": {
    "category": "hostil",
    "sounds": [
      "sounds/srpmob/cater/u_death"
    ]
  },
  "entity.manducater.hurt": {
    "category": "hostil",
    "sounds": [
      "sounds/srpmob/cater/u_hurt"
    ]
  },
  "entity.manducater.idle": {
    "category": "hostil",
    "sounds": [
      "sounds/srpmob/cater/u_growl"
    ]
  },
"entity.manducater2.death": {
    "category": "hostil",
    "sounds": [
      "sounds/srpmob/cater/u_death"
    ]
  },
  "entity.manducater2.hurt": {
    "category": "hostil",
    "sounds": [
      "sounds/srpmob/cater/u_hurt"
    ]
  },
  "entity.manducater2.idle": {
    "category": "hostil",
    "sounds": [
      "sounds/srpmob/cater/u_growl"
    ]
  },
"entity.rupter2.death": {
    "category": "hostil",
    "sounds": [
      "sounds/srpmob/rupter/rupter_death"
    ]
  },
  "entity.rupter2.hurt": {
    "category": "hostil",
    "sounds": [
      "sounds/srpmob/rupter/rupter_hurt"
    ]
  },
  "entity.rupter2.idle": {
    "category": "hostil",
    "sounds": [
      "sounds/srpmob/rupter/rupter_growl"
    ]
  },
"entity.adabted_manducater.death": {
    "category": "hostil",
    "sounds": [
      "sounds/srpmob/ted/au_death"
    ]
  },
  "entity.adabted_manducater.hurt": {
    "category": "hostil",
    "sounds": [
      "sounds/srpmob/ted/au_hurt"
    ]
  },
  "entity.adabted_manducater.idle": {
    "category": "hostil",
    "sounds": [
      "sounds/srpmob/ted/au_growl"
    ]
  },
"entity.bolster.death": {
    "category": "hostil",
    "sounds": [
      "sounds/srpmob/reeker/bos_death"
    ]
  },
  "entity.bolster.hurt": {
    "category": "hostil",
    "sounds": [
      "sounds/srpmob/reeker/bos_hurt"
    ]
  },
  "entity.bolster.idle": {
    "category": "hostil",
    "sounds": [
      "sounds/srpmob/reeker/bos_growl"
    ]
  },
"entity.adabted_bolster.death": {
    "category": "hostil",
    "sounds": [
      "sounds/srpmob/ted/abos_death"
    ]
  },
  "entity.adabted_bolster.hurt": {
    "category": "hostil",
    "sounds": [
      "sounds/srpmob/ted/abos_hurt"
    ]
  },
  "entity.adabted_bolster.idle": {
    "category": "hostil",
    "sounds": [
      "sounds/srpmob/ted/abos_growl"
    ]
  },
"entity.infected_spider.death": {
    "category": "hostil",
    "sounds": [
      "sounds/srpmob/spider/death"
    ]
  },
  "entity.infected_spider.hurt": {
    "category": "hostil",
    "sounds": [
      "sounds/srpmob/spider/hurt"
    ]
  },
  "entity.infected_spider.idle": {
    "category": "hostil",
    "sounds": [
      "sounds/srpmob/spider/say"
    ]
  },
"entity.big_spider.death": {
    "category": "hostil",
    "sounds": [
      "sounds/srpmob/spider/death"
    ]
  },
  "entity.big_spider.hurt": {
    "category": "hostil",
    "sounds": [
      "sounds/srpmob/spider/hurt"
    ]
  },
  "entity.big_spider.idle": {
    "category": "hostil",
    "sounds": [
      "sounds/srpmob/spider/big_growl"
    ]
  },
"entity.big_spider2.death": {
    "category": "hostil",
    "sounds": [
      "sounds/srpmob/spider/death"
    ]
  },
  "entity.big_spider2.hurt": {
    "category": "hostil",
    "sounds": [
      "sounds/srpmob/spider/hurt"
    ]
  },
  "entity.big_spider2.idle": {
    "category": "hostil",
    "sounds": [
      "sounds/srpmob/spider/big_growl"
    ]
  },
"entity.big_moving_flesh.death": {
    "category": "hostil",
    "sounds": [
      "sounds/srpmob/flesh/moving_flesh_death"
    ]
  },
  "entity.big_moving_flesh.hurt": {
    "category": "hostil",
    "sounds": [
      "sounds/srpmob/flesh/moving_flesh_hurt"
    ]
  },
 "entity.ifenderman.death": {
    "category": "hostil",
    "sounds": [
      "sounds/srpmob/infected_human/infectedhuman_death"
    ]
  },
  "entity.ifenderman.hurt": {
    "category": "hostil",
    "sounds": [
      "sounds/srpmob/infected_human/infectedhuman_hurt"
    ]
  },
  "entity.ifenderman.idle": {
    "category": "hostil",
    "sounds": [
      "sounds/srpmob/infected_human/infectedhuman_growl"
    ]
  },
 "entity.host.death": {
    "category": "hostil",
    "sounds": [
      "sounds/srpmob/infected_human/infectedhuman_death"
    ]
  },
  "entity.host.hurt": {
    "category": "hostil",
    "sounds": [
      "sounds/srpmob/infected_human/infectedhuman_hurt"
    ]
  },
  "entity.host.idle": {
    "category": "hostil",
    "sounds": [
      "sounds/srpmob/infected_human/infectedhuman_growl"
    ]
  },
 "entity.beckon1.death": {
    "category": "hostil",
    "sounds": [
      "sounds/srpmob/beck/kon_death"
    ]
  },
  "entity.beckon1.hurt": {
    "category": "hostil",
    "sounds": [
      "sounds/srpmob/beck/kon_hurt"
    ]
  },
  "entity.beckon1.idle": {
    "category": "hostil",
    "sounds": [
      "sounds/srpmob/beck/kon_growl"
    ]
  },
 "entity.beckon2.death": {
    "category": "hostil",
    "sounds": [
      "sounds/srpmob/beck/con_death"
    ]
  },
  "entity.beckon2.hurt": {
    "category": "hostil",
    "sounds": [
      "sounds/srpmob/beck/con_hurt"
    ]
  },
  "entity.beckon2.idle": {
    "category": "hostil",
    "sounds": [
      "sounds/srpmob/beck/con_growl"
    ]
  },
 "entity.beckon3.death": {
    "category": "hostil",
    "sounds": [
      "sounds/srpmob/beck/xon_death"
    ]
  },
  "entity.beckon3.hurt": {
    "category": "hostil",
    "sounds": [
      "sounds/srpmob/beck/xon_hurt"
    ]
  },
  "entity.beckon3.idle": {
    "category": "hostil",
    "sounds": [
      "sounds/srpmob/beck/xon_growl"
    ]
  },
 "entity.overlord.death": {
    "category": "hostil",
    "sounds": [
      "sounds/srpmob/beck/lord_death"
    ]
  },
  "entity.overlord.hurt": {
    "category": "hostil",
    "sounds": [
      "sounds/srpmob/beck/lord_hurt"
    ]
  },
  "entity.overlord.idle": {
    "category": "hostil",
    "sounds": [
      "sounds/srpmob/beck/lord_growl"
    ]
  },
 "entity.overlord2.death": {
    "category": "hostil",
    "sounds": [
      "sounds/srpmob/beck/lord_death"
    ]
  },
  "entity.overlord2.hurt": {
    "category": "hostil",
    "sounds": [
      "sounds/srpmob/beck/lord_hurt"
    ]
  },
  "entity.overlord2.idle": {
    "category": "hostil",
    "sounds": [
      "sounds/srpmob/beck/lord_growl"
    ]
  },
 "entity.bomb.death": {
    "category": "hostil",
    "sounds": [
      "sounds/srpmob/beck/bomb_death"
    ]
  },
 "entity.bomb3.death": {
    "category": "hostil",
    "sounds": [
      "sounds/srpmob/beck/bomb_death"
    ]
  },
 "entity.bomb2.death": {
    "category": "hostil",
    "sounds": [
      "sounds/srpmob/beck/bomb_death"
    ]
  },
 "entity.t2.idle": {
    "category": "hostil",
    "sounds": [
      "sounds/srpmob/beck/bomb_death"
    ]
  },
 "entity.t1.idle": {
    "category": "hostil",
    "sounds": [
      "sounds/srpmob/beck/bomb_death"
    ]
  },
 "entity.dread.death": {
    "category": "hostil",
    "sounds": [
      "sounds/srpmob/beck/dread_death"
    ]
  },
  "entity.dread.hurt": {
    "category": "hostil",
    "sounds": [
      "sounds/srpmob/beck/dread_hurt"
    ]
  },
  "entity.dread.idle": {
    "category": "hostil",
    "sounds": [
      "sounds/srpmob/beck/dread_growl"
    ]
  },
"entity.dread2.death": {
    "category": "hostil",
    "sounds": [
      "sounds/srpmob/beck/dread_death"
    ]
  },
  "entity.dread2.hurt": {
    "category": "hostil",
    "sounds": [
      "sounds/srpmob/beck/dread_hurt"
    ]
  },
  "entity.dread2.idle": {
    "category": "hostil",
    "sounds": [
      "sounds/srpmob/beck/dread_growl"
    ]
  },
 "entity.beckon4.death": {
    "category": "hostil",
    "sounds": [
      "sounds/srpmob/beck/xon_death"
    ]
  },
  "entity.beckon4.hurt": {
    "category": "hostil",
    "sounds": [
      "sounds/srpmob/beck/xon_hurt"
    ]
  },
  "entity.beckon4.idle": {
    "category": "hostil",
    "sounds": [
      "sounds/srpmob/beck/xon_growl"
    ]
  },
  "entity.big_moving_flesh.idle": {
    "category": "hostil",
    "sounds": [
      "sounds/srpmob/flesh/moving_flesh_growl"
    ]
  }
}  }
}ds": [
      "sounds/srpmob/beck/xon_death"
    ]
  },
  "entity.beckon4.hurt": {
    "category": "hostil",
    "sounds": [
      "sounds/srpmob/beck/xon_hurt"
    ]
  },
  "entity.beckon4.idle": {
    "category": "hostil",
    "sounds": [
      "sounds/srpmob/beck/xon_growl"
    ]
  },
  "entity.big_moving_flesh.idle": {
    "category": "hostil",
    "sounds": [
      "sounds/srpmob/flesh/moving_flesh_growl"
    ]
  }
}  }
}}
}