{
	"format_version": "1.12.0",
	"minecraft:geometry": [
		{
			"description": {
				"identifier": "geometry.Boxy_boo_ag1",
				"texture_width": 128,
				"texture_height": 128,
				"visible_bounds_width": 8,
				"visible_bounds_height": 7,
				"visible_bounds_offset": [0, 2.5, 0]
			},
			"bones": [
				{
					"name": "All",
					"pivot": [0, 0, 0]
				},
				{
					"name": "Box",
					"parent": "All",
					"pivot": [0, 22, 0],
					"cubes": [
						{"origin": [-7, 22, -7], "size": [14, 14, 14], "uv": [0, 0]}
					]
				},
				{
					"name": "D",
					"parent": "Box",
					"pivot": [0, 36, 7],
					"cubes": [
						{"origin": [-7, 36, 7], "size": [14, 14, 2], "uv": [42, 51]}
					]
				},
				{
					"name": "Neck",
					"parent": "Box",
					"pivot": [0, 36, 0],
					"cubes": [
						{"origin": [-2, 36, -2], "size": [4, 6, 4], "uv": [0, 88]}
					]
				},
				{
					"name": "Neck2",
					"parent": "Neck",
					"pivot": [0, 42, 0],
					"cubes": [
						{"origin": [-2, 42, -2], "size": [4, 6, 4], "uv": [86, 87]}
					]
				},
				{
					"name": "Head",
					"parent": "Neck2",
					"pivot": [0, 48, 0],
					"cubes": [
						{"origin": [-6, 48, -6], "size": [12, 6, 11], "uv": [35, 34]},
						{"origin": [-6, 48, 5], "size": [12, 12, 1], "uv": [68, 12]},
						{"origin": [-5.5, 54, -5.5], "size": [11, 2, 10], "uv": [0, 45]},
						{"origin": [-6.5, 53, 5], "size": [13, 2, 2], "pivot": [0, 54, 6], "rotation": [-45, 0, 0], "uv": [70, 32]}
					]
				},
				{
					"name": "Mouth",
					"parent": "Head",
					"pivot": [0, 54, 5],
					"cubes": [
						{"origin": [-6, 54, -6], "size": [12, 6, 11], "uv": [0, 28]},
						{"origin": [-5.5, 52, -5.5], "size": [11, 2, 10], "uv": [42, 0]},
						{"origin": [-5, 55, -6.1], "size": [3, 3, 2], "uv": [14, 72]},
						{"origin": [-4.5, 55.5, -7], "size": [2, 2, 2], "inflate": 0.4, "uv": [0, 57]},
						{"origin": [-4, 56, -7.8], "size": [1, 1, 2], "inflate": -0.3, "pivot": [-3.5, 56.5, -6], "rotation": [0, 0, 45], "uv": [68, 25]},
						{"origin": [3, 56, -7.8], "size": [1, 1, 2], "inflate": -0.3, "pivot": [3.5, 56.5, -6], "rotation": [0, 0, 45], "uv": [35, 59]},
						{"origin": [2.5, 55.5, -7], "size": [2, 2, 2], "inflate": 0.4, "uv": [42, 0]},
						{"origin": [2, 55, -6.1], "size": [3, 3, 2], "uv": [56, 12]}
					]
				},
				{
					"name": "R",
					"parent": "Box",
					"pivot": [-7, 34.5, 5.5],
					"cubes": [
						{"origin": [-15, 34, 5], "size": [8, 1, 1], "uv": [35, 32]},
						{"origin": [-15, 31, 5], "size": [1, 3, 1], "uv": [0, 0]},
						{"origin": [-16, 31, 5], "size": [1, 1, 1], "uv": [0, 7]},
						{"origin": [-22, 30.5, 4.5], "size": [6, 2, 2], "uv": [21, 57]}
					]
				},
				{
					"name": "Arm",
					"parent": "Box",
					"pivot": [-7, 29, 0],
					"cubes": [
						{"origin": [-13, 27, -2], "size": [6, 4, 4], "uv": [0, 80]}
					]
				},
				{
					"name": "Arm2",
					"parent": "Arm",
					"pivot": [-13, 29, 0],
					"cubes": [
						{"origin": [-19, 27, -2], "size": [6, 4, 4], "uv": [74, 79]}
					]
				},
				{
					"name": "Arm3",
					"parent": "Arm2",
					"pivot": [-19, 29, 0],
					"cubes": [
						{"origin": [-25, 27, -2], "size": [6, 4, 4], "uv": [38, 78]}
					]
				},
				{
					"name": "Arm8",
					"parent": "Arm3",
					"pivot": [-25, 29, 0],
					"cubes": [
						{"origin": [-31, 27, -2], "size": [6, 4, 4], "uv": [70, 63]}
					]
				},
				{
					"name": "Hand",
					"parent": "Arm8",
					"pivot": [-31, 29, 0],
					"cubes": [
						{"origin": [-37, 27, -3], "size": [6, 4, 6], "uv": [96, 57], "mirror": true},
						{"origin": [-34, 28, 1], "size": [3, 2, 2], "pivot": [-31, 29, 3], "rotation": [0, 35, 0], "uv": [27, 62], "mirror": true},
						{"origin": [-34, 28, -3], "size": [3, 2, 2], "pivot": [-31, 29, -3], "rotation": [0, -35, 0], "uv": [27, 62], "mirror": true},
						{"origin": [-36, 28, 2], "size": [2, 2, 0], "pivot": [-31, 29, 3], "rotation": [0, 35, 0], "uv": [0, 4], "mirror": true},
						{"origin": [-36, 28, -2], "size": [2, 2, 0], "pivot": [-31, 29, -3], "rotation": [0, -35, 0], "uv": [0, 4], "mirror": true},
						{"origin": [-39, 28, 0.5], "size": [3, 2, 2], "pivot": [-37, 29, 1.5], "rotation": [0, 0, -20], "uv": [4, 0], "mirror": true},
						{"origin": [-39, 28, -2.5], "size": [3, 2, 2], "pivot": [-37, 29, -1.5], "rotation": [0, 0, -20], "uv": [4, 0], "mirror": true},
						{"origin": [-41, 28, 1.5], "size": [2, 2, 0], "pivot": [-37, 29, 1.5], "rotation": [0, 0, -20], "uv": [4, 4], "mirror": true},
						{"origin": [-41, 28, -1.5], "size": [2, 2, 0], "pivot": [-37, 29, -1.5], "rotation": [0, 0, -20], "uv": [4, 4], "mirror": true}
					]
				},
				{
					"name": "Arm4",
					"parent": "Box",
					"pivot": [7, 29, 0],
					"cubes": [
						{"origin": [7, 27, -2], "size": [6, 4, 4], "uv": [22, 74]}
					]
				},
				{
					"name": "Arm5",
					"parent": "Arm4",
					"pivot": [13, 29, 0],
					"cubes": [
						{"origin": [13, 27, -2], "size": [6, 4, 4], "uv": [74, 0]}
					]
				},
				{
					"name": "Arm6",
					"parent": "Arm5",
					"pivot": [19, 29, 0],
					"cubes": [
						{"origin": [19, 27, -2], "size": [6, 4, 4], "uv": [70, 71]}
					]
				},
				{
					"name": "Arm7",
					"parent": "Arm6",
					"pivot": [25, 29, 0],
					"cubes": [
						{"origin": [25, 27, -2], "size": [6, 4, 4], "uv": [26, 66]}
					]
				},
				{
					"name": "Hand2",
					"parent": "Arm7",
					"pivot": [31, 29, 0],
					"cubes": [
						{"origin": [31, 27, -3], "size": [6, 4, 6], "uv": [96, 57]},
						{"origin": [31, 28, 1], "size": [3, 2, 2], "pivot": [31, 29, 3], "rotation": [0, -35, 0], "uv": [27, 62]},
						{"origin": [31, 28, -3], "size": [3, 2, 2], "pivot": [31, 29, -3], "rotation": [0, 35, 0], "uv": [27, 62]},
						{"origin": [34, 28, 2], "size": [2, 2, 0], "pivot": [31, 29, 3], "rotation": [0, -35, 0], "uv": [0, 4]},
						{"origin": [34, 28, -2], "size": [2, 2, 0], "pivot": [31, 29, -3], "rotation": [0, 35, 0], "uv": [0, 4]},
						{"origin": [36, 28, 0.5], "size": [3, 2, 2], "pivot": [37, 29, 1.5], "rotation": [0, 0, 20], "uv": [4, 0]},
						{"origin": [36, 28, -2.5], "size": [3, 2, 2], "pivot": [37, 29, -1.5], "rotation": [0, 0, 20], "uv": [4, 0]},
						{"origin": [39, 28, 1.5], "size": [2, 2, 0], "pivot": [37, 29, 1.5], "rotation": [0, 0, 20], "uv": [4, 4]},
						{"origin": [39, 28, -1.5], "size": [2, 2, 0], "pivot": [37, 29, -1.5], "rotation": [0, 0, 20], "uv": [4, 4]}
					]
				},
				{
					"name": "D2",
					"parent": "Box",
					"pivot": [-7, 32, 0],
					"cubes": [
						{"origin": [-10, 30.1, -4], "size": [3, 2, 8], "uv": [73, 43]}
					]
				},
				{
					"name": "D4",
					"parent": "Box",
					"pivot": [7, 32, 0],
					"cubes": [
						{"origin": [7, 30.1, -4], "size": [3, 2, 8], "uv": [56, 71]}
					]
				},
				{
					"name": "D3",
					"parent": "Box",
					"pivot": [-7, 26, 0],
					"cubes": [
						{"origin": [-10, 25.9, -4], "size": [3, 2, 8], "uv": [0, 70]}
					]
				},
				{
					"name": "D5",
					"parent": "Box",
					"pivot": [7, 26, 0],
					"cubes": [
						{"origin": [7, 25.9, -4], "size": [3, 2, 8], "uv": [42, 67]}
					]
				},
				{
					"name": "Leg",
					"parent": "All",
					"pivot": [-3, 22, 0],
					"cubes": [
						{"origin": [-5, 16, -2], "size": [4, 6, 4], "uv": [70, 87]}
					]
				},
				{
					"name": "Leg2",
					"parent": "Leg",
					"pivot": [-3, 16, 0],
					"cubes": [
						{"origin": [-5, 10, -2], "size": [4, 6, 4], "uv": [87, 36]}
					]
				},
				{
					"name": "Leg3",
					"parent": "Leg2",
					"pivot": [-3, 10, 0],
					"cubes": [
						{"origin": [-5, 4, -2], "size": [4, 6, 4], "uv": [86, 53]}
					]
				},
				{
					"name": "Foot",
					"parent": "Leg3",
					"pivot": [-3, 4, 0],
					"cubes": [
						{"origin": [-6, 0, -5], "size": [6, 4, 9], "uv": [0, 57]},
						{"origin": [-6, 0, -9], "size": [0, 4, 4], "uv": [42, 0]},
						{"origin": [0, 0, -9], "size": [0, 4, 4], "uv": [0, 41]},
						{"origin": [-3, 0, -9], "size": [0, 4, 4], "uv": [35, 30]}
					]
				},
				{
					"name": "Leg4",
					"parent": "All",
					"pivot": [3, 22, 0],
					"cubes": [
						{"origin": [1, 16, -2], "size": [4, 6, 4], "uv": [36, 86]}
					]
				},
				{
					"name": "Leg5",
					"parent": "Leg4",
					"pivot": [3, 16, 0],
					"cubes": [
						{"origin": [1, 10, -2], "size": [4, 6, 4], "uv": [20, 82]}
					]
				},
				{
					"name": "Leg6",
					"parent": "Leg5",
					"pivot": [3, 10, 0],
					"cubes": [
						{"origin": [1, 4, -2], "size": [4, 6, 4], "uv": [58, 81]}
					]
				},
				{
					"name": "Foot2",
					"parent": "Leg6",
					"pivot": [3, 4, 0],
					"cubes": [
						{"origin": [0, 0, -5], "size": [6, 4, 9], "uv": [47, 19]},
						{"origin": [6, 0, -9], "size": [0, 4, 4], "uv": [35, 24]},
						{"origin": [0, 0, -9], "size": [0, 4, 4], "uv": [0, 28]},
						{"origin": [3, 0, -9], "size": [0, 4, 4], "uv": [0, 24]}
					]
				}
			]
		}
	]
}