{
	"format_version": "1.12.0",
	"minecraft:geometry": [
		{
			"description": {
				"identifier": "geometry.Huggy_wuggy_ag1",
				"texture_width": 128,
				"texture_height": 128,
				"visible_bounds_width": 3,
				"visible_bounds_height": 5.5,
				"visible_bounds_offset": [0, 2.25, 0]
			},
			"bones": [
				{
					"name": "All",
					"pivot": [0, 0, 0]
				},
				{
					"name": "Body",
					"parent": "All",
					"pivot": [0, 38, 0],
					"cubes": [
						{"origin": [-5, 38, -3], "size": [10, 6, 6], "uv": [0, 48]},
						{"origin": [-5, 36, -3], "size": [10, 2, 6], "uv": [46, 32]}
					]
				},
				{
					"name": "Torso",
					"parent": "Body",
					"pivot": [0, 44, 0],
					"cubes": [
						{"origin": [-5, 44, -3], "size": [10, 6, 6], "uv": [38, 20]},
						{"origin": [-5, 42, -3], "size": [10, 8, 0], "pivot": [-0.5, 50, -3], "rotation": [-10, 0, 0], "uv": [0, 60]}
					]
				},
				{
					"name": "Arm",
					"parent": "Torso",
					"pivot": [-6.5, 48, 0],
					"cubes": [
						{"origin": [-8, 44, -2], "size": [3, 6, 4], "uv": [86, 19]}
					]
				},
				{
					"name": "Arm2",
					"parent": "Arm",
					"pivot": [-6.5, 44, 0],
					"cubes": [
						{"origin": [-8, 38, -2], "size": [3, 6, 4], "uv": [86, 9]}
					]
				},
				{
					"name": "Arm7",
					"parent": "Arm2",
					"pivot": [-6.5, 38, 0],
					"cubes": [
						{"origin": [-8, 32, -2], "size": [3, 6, 4], "uv": [14, 83]}
					]
				},
				{
					"name": "Arm4",
					"parent": "Arm7",
					"pivot": [-6.5, 32, 0],
					"cubes": [
						{"origin": [-8, 26, -2], "size": [3, 6, 4], "uv": [80, 66]}
					]
				},
				{
					"name": "Arm5",
					"parent": "Arm4",
					"pivot": [-6.5, 26, 0],
					"cubes": [
						{"origin": [-8, 20, -2], "size": [3, 6, 4], "uv": [56, 80]}
					]
				},
				{
					"name": "Arm3",
					"parent": "Arm5",
					"pivot": [-6, 20, 0],
					"cubes": [
						{"origin": [-8, 14, -2], "size": [3, 6, 4], "uv": [85, 47]},
						{"origin": [-8, 10, -2], "size": [0, 6, 4], "pivot": [-8, 16, 0], "rotation": [0, 0, 5], "uv": [36, 86]},
						{"origin": [-5, 10, -2], "size": [0, 6, 4], "pivot": [-5, 16, 0], "rotation": [0, 0, -5], "uv": [28, 86]},
						{"origin": [-8, 12, -2], "size": [0, 6, 4], "pivot": [-8, 18, 0], "rotation": [0, 0, 15], "uv": [0, 84]},
						{"origin": [-5, 12, -2], "size": [0, 6, 4], "pivot": [-5, 18, 0], "rotation": [0, 0, -15], "uv": [20, 38]},
						{"origin": [-8, 12, 2], "size": [3, 6, 0], "pivot": [-6.5, 18, 2], "rotation": [15, 0, 0], "uv": [8, 88]},
						{"origin": [-8, 12, -2], "size": [3, 6, 0], "pivot": [-6.5, 18, -2], "rotation": [-15, 0, 0], "uv": [70, 80]},
						{"origin": [-8, 10, 2], "size": [3, 6, 0], "pivot": [-6.5, 16, 2], "rotation": [5, 0, 0], "uv": [64, 17]},
						{"origin": [-8, 10, -2], "size": [3, 6, 0], "pivot": [-6.5, 16, -2], "rotation": [-5, 0, 0], "uv": [36, 63]}
					]
				},
				{
					"name": "Hand",
					"parent": "Arm3",
					"pivot": [-6, 14, 0],
					"cubes": [
						{"origin": [-7.5, 10, -2], "size": [2, 4, 4], "uv": [86, 33]},
						{"origin": [-7.5, 10.4704, -0.94661], "size": [2, 3, 1], "pivot": [-6, 25.4704, 2.05339], "rotation": [-10, 0, 0], "uv": [54, 49]},
						{"origin": [-13.70096, 6.1423, -2], "size": [2, 3, 4], "pivot": [-12.20096, 21.1423, 0], "rotation": [0, 0, -30], "uv": [66, 86]}
					]
				},
				{
					"name": "Arm6",
					"parent": "Torso",
					"pivot": [6.5, 48, 0],
					"cubes": [
						{"origin": [5, 44, -2], "size": [3, 6, 4], "uv": [42, 80]}
					]
				},
				{
					"name": "Arm8",
					"parent": "Arm6",
					"pivot": [6.5, 44, 0],
					"cubes": [
						{"origin": [5, 38, -2], "size": [3, 6, 4], "uv": [28, 80]}
					]
				},
				{
					"name": "Arm9",
					"parent": "Arm8",
					"pivot": [6.5, 38, 0],
					"cubes": [
						{"origin": [5, 32, -2], "size": [3, 6, 4], "uv": [0, 78]}
					]
				},
				{
					"name": "Arm10",
					"parent": "Arm9",
					"pivot": [6.5, 32, 0],
					"cubes": [
						{"origin": [5, 26, -2], "size": [3, 6, 4], "uv": [76, 76]}
					]
				},
				{
					"name": "Arm11",
					"parent": "Arm10",
					"pivot": [6.5, 26, 0],
					"cubes": [
						{"origin": [5, 20, -2], "size": [3, 6, 4], "uv": [76, 3]}
					]
				},
				{
					"name": "Arm12",
					"parent": "Arm11",
					"pivot": [6, 20, 0],
					"cubes": [
						{"origin": [5, 14, -2], "size": [3, 6, 4], "uv": [75, 56]},
						{"origin": [8, 10, -2], "size": [0, 6, 4], "pivot": [8, 16, 0], "rotation": [0, 0, -5], "uv": [0, 38]},
						{"origin": [5, 10, -2], "size": [0, 6, 4], "pivot": [5, 16, 0], "rotation": [0, 0, 5], "uv": [30, 25]},
						{"origin": [8, 12, -2], "size": [0, 6, 4], "pivot": [8, 18, 0], "rotation": [0, 0, -15], "uv": [0, 25]},
						{"origin": [5, 12, -2], "size": [0, 6, 4], "pivot": [5, 18, 0], "rotation": [0, 0, 15], "uv": [0, 12]},
						{"origin": [5, 12, 2], "size": [3, 6, 0], "pivot": [6.5, 18, 2], "rotation": [15, 0, 0], "uv": [54, 40]},
						{"origin": [5, 12, -2], "size": [3, 6, 0], "pivot": [6.5, 18, -2], "rotation": [-15, 0, 0], "uv": [0, 48]},
						{"origin": [5, 10, 2], "size": [3, 6, 0], "pivot": [6.5, 16, 2], "rotation": [5, 0, 0], "uv": [46, 32]},
						{"origin": [5, 10, -2], "size": [3, 6, 0], "pivot": [6.5, 16, -2], "rotation": [-5, 0, 0], "uv": [38, 20]}
					]
				},
				{
					"name": "Hand2",
					"parent": "Arm12",
					"pivot": [6, 14, 0],
					"cubes": [
						{"origin": [11.70096, 6.1423, -2], "size": [2, 3, 4], "pivot": [12.20096, 21.1423, 0], "rotation": [0, 0, 30], "uv": [86, 0]},
						{"origin": [5.5, 10.4704, -0.94661], "size": [2, 3, 1], "pivot": [6, 25.4704, 2.05339], "rotation": [-10, 0, 0], "uv": [36, 0]},
						{"origin": [5.5, 10, -2], "size": [2, 4, 4], "uv": [28, 0]}
					]
				},
				{
					"name": "Head",
					"parent": "Torso",
					"pivot": [0, 50, 0],
					"cubes": [
						{"origin": [-5, 50, -4], "size": [10, 8, 8], "uv": [0, 0]},
						{"origin": [-6, 49.9, -4.1], "size": [12, 6, 1], "uv": [53, 53]},
						{"origin": [-5, 51, -4], "size": [4, 12, 8], "inflate": -0.1, "pivot": [-2, 50, 0], "rotation": [0, 0, -25], "uv": [36, 0]},
						{"origin": [1, 51, -4], "size": [4, 12, 8], "inflate": -0.1, "pivot": [2, 50, 0], "rotation": [0, 0, 25], "uv": [30, 34]},
						{"origin": [-6.69587, 57.1999, -4], "size": [11, 5, 8], "inflate": -0.2, "pivot": [-6.69587, 62.1999, 0], "rotation": [0, 0, 10], "uv": [0, 29]},
						{"origin": [-4.30413, 57.1999, -4], "size": [11, 5, 8], "inflate": -0.2, "pivot": [6.69587, 62.1999, 0], "rotation": [0, 0, -10], "uv": [0, 16]}
					]
				},
				{
					"name": "Mouth",
					"parent": "Head",
					"pivot": [0, 53, -3.7],
					"cubes": [
						{"origin": [-6, 50, -4.2], "size": [12, 6, 1], "uv": [52, 0]}
					]
				},
				{
					"name": "Eye",
					"parent": "Head",
					"pivot": [-2.5, 56.5, -3.15],
					"cubes": [
						{"origin": [-4, 55, -4.5], "size": [3, 3, 3], "uv": [78, 86]},
						{"origin": [-4, 55, -4.8], "size": [3, 3, 3], "inflate": -0.2, "uv": [73, 47]}
					]
				},
				{
					"name": "Eye2",
					"parent": "Head",
					"pivot": [2.5, 56.5, -3.15],
					"cubes": [
						{"origin": [1, 55, -4.5], "size": [3, 3, 3], "uv": [40, 54]},
						{"origin": [1, 55, -4.8], "size": [3, 3, 3], "inflate": -0.2, "uv": [8, 42]}
					]
				},
				{
					"name": "Leg",
					"parent": "All",
					"pivot": [-3, 38, 0],
					"cubes": [
						{"origin": [-5, 32, -2], "size": [4, 6, 4], "uv": [74, 37]}
					]
				},
				{
					"name": "Leg2",
					"parent": "Leg",
					"pivot": [-3, 32, 0],
					"cubes": [
						{"origin": [-5, 26, -2], "size": [4, 6, 4], "uv": [16, 73]}
					]
				},
				{
					"name": "Leg4",
					"parent": "Leg2",
					"pivot": [-3, 26, 0],
					"cubes": [
						{"origin": [-5, 20, -2], "size": [4, 6, 4], "uv": [64, 70]}
					]
				},
				{
					"name": "Leg5",
					"parent": "Leg4",
					"pivot": [-3, 20, 0],
					"cubes": [
						{"origin": [-5, 14, -2], "size": [4, 6, 4], "uv": [48, 70]}
					]
				},
				{
					"name": "Leg6",
					"parent": "Leg5",
					"pivot": [-3, 14, 0],
					"cubes": [
						{"origin": [-5, 8, -2], "size": [4, 6, 4], "uv": [32, 70]}
					]
				},
				{
					"name": "Leg3",
					"parent": "Leg6",
					"pivot": [-3, 8, 0],
					"cubes": [
						{"origin": [-5, 2, -2], "size": [4, 6, 4], "uv": [72, 27]}
					]
				},
				{
					"name": "Foot",
					"parent": "Leg3",
					"pivot": [-3, 2, 0],
					"cubes": [
						{"origin": [-5, 0, -5], "size": [4, 2, 7], "uv": [54, 40]},
						{"origin": [0.26111, 0, -2.4146], "size": [1, 2, 3], "pivot": [-2.73889, 12, -6.4146], "rotation": [0, -10, 0], "uv": [30, 17]}
					]
				},
				{
					"name": "Leg7",
					"parent": "All",
					"pivot": [3, 38, 0],
					"cubes": [
						{"origin": [1, 32, -2], "size": [4, 6, 4], "uv": [70, 17]}
					]
				},
				{
					"name": "Leg8",
					"parent": "Leg7",
					"pivot": [3, 32, 0],
					"cubes": [
						{"origin": [1, 26, -2], "size": [4, 6, 4], "uv": [0, 68]}
					]
				},
				{
					"name": "Leg9",
					"parent": "Leg8",
					"pivot": [3, 26, 0],
					"cubes": [
						{"origin": [1, 20, -2], "size": [4, 6, 4], "uv": [20, 63]}
					]
				},
				{
					"name": "Leg10",
					"parent": "Leg9",
					"pivot": [3, 20, 0],
					"cubes": [
						{"origin": [1, 14, -2], "size": [4, 6, 4], "uv": [59, 60]}
					]
				},
				{
					"name": "Leg11",
					"parent": "Leg10",
					"pivot": [3, 14, 0],
					"cubes": [
						{"origin": [1, 8, -2], "size": [4, 6, 4], "uv": [43, 60]}
					]
				},
				{
					"name": "Leg12",
					"parent": "Leg11",
					"pivot": [3, 8, 0],
					"cubes": [
						{"origin": [1, 2, -2], "size": [4, 6, 4], "uv": [60, 7]}
					]
				},
				{
					"name": "Foot2",
					"parent": "Leg12",
					"pivot": [3, 2, 0],
					"cubes": [
						{"origin": [1, 0, -5], "size": [4, 2, 7], "uv": [25, 54]},
						{"origin": [-1.26111, 0, -2.4146], "size": [1, 2, 3], "pivot": [2.73889, 12, -6.4146], "rotation": [0, 10, 0], "uv": [0, 0]}
					]
				}
			]
		}
	]
}