{
	"format_version": "1.12.0",
	"minecraft:geometry": [
		{
			"description": {
				"identifier": "geometry.Mll_hand_ag1",
				"texture_width": 32,
				"texture_height": 32,
				"visible_bounds_width": 2,
				"visible_bounds_height": 2.5,
				"visible_bounds_offset": [0, 0.75, 0]
			},
			"bones": [
				{
					"name": "Hand",
					"pivot": [0, 0, 0],
					"cubes": [
						{"origin": [-2, 0, -2], "size": [4, 1, 4], "uv": [0, 0]},
						{"origin": [-1.5, 1, -1], "size": [3, 4, 2], "uv": [0, 5]}
					],
					"locators": {
						"arm": [0, 0, 0]
					}
				},
				{
					"name": "Finger",
					"parent": "Hand",
					"pivot": [1.5, 2, 0],
					"cubes": [
						{"origin": [1.5, 1, -0.5], "size": [1, 6, 1], "uv": [0, 18]},
						{"origin": [1.5, 7, -0.5], "size": [1, 6, 1], "pivot": [2, 7, 0.5], "rotation": [40, 0, 0], "uv": [16, 12]}
					]
				},
				{
					"name": "Finger2",
					"parent": "Hand",
					"pivot": [1, 5.48837, 0.09431],
					"cubes": [
						{"origin": [0.5, 5, -0.5], "size": [1, 6, 1], "uv": [14, 5]},
						{"origin": [0.5, 11, -0.5], "size": [1, 6, 1], "pivot": [1, 11, 0.5], "rotation": [40, 0, 0], "uv": [12, 12]}
					]
				},
				{
					"name": "Finger3",
					"parent": "Hand",
					"pivot": [0, 5.48837, 0.09431],
					"cubes": [
						{"origin": [-0.5, 5, -0.5], "size": [1, 6, 1], "uv": [8, 12]},
						{"origin": [-0.5, 11, -0.5], "size": [1, 6, 1], "pivot": [0, 11, 0.5], "rotation": [40, 0, 0], "uv": [4, 11]}
					]
				},
				{
					"name": "Finger4",
					"parent": "Hand",
					"pivot": [-1, 5.48837, 0.09431],
					"cubes": [
						{"origin": [-1.5, 5, -0.5], "size": [1, 6, 1], "uv": [0, 11]},
						{"origin": [-1.5, 11, -0.5], "size": [1, 6, 1], "pivot": [-1, 11, 0.5], "rotation": [40, 0, 0], "uv": [10, 5]}
					]
				}
			]
		}
	]
}