{
	"format_version": "1.12.0",
	"minecraft:geometry": [
		{
			"description": {
				"identifier": "geometry.Mommy_long_legs_ag1",
				"texture_width": 128,
				"texture_height": 128,
				"visible_bounds_width": 11,
				"visible_bounds_height": 3.5,
				"visible_bounds_offset": [0, 1.25, 0]
			},
			"bones": [
				{
					"name": "All",
					"pivot": [0, 0, 0]
				},
				{
					"name": "Body",
					"parent": "All",
					"pivot": [0, 6, 22],
					"cubes": [
						{"origin": [-5.5, 0.5, 10], "size": [11, 11, 12], "uv": [0, 0]}
					]
				},
				{
					"name": "Waist",
					"parent": "Body",
					"pivot": [0, 6, 10]
				},
				{
					"name": "Waist2",
					"parent": "Waist",
					"pivot": [0, 6, 10],
					"cubes": [
						{"origin": [-1.5, 4.5, 8], "size": [3, 3, 2], "uv": [99, 25]}
					]
				},
				{
					"name": "Waist3",
					"parent": "Waist2",
					"pivot": [0, 6, 8],
					"cubes": [
						{"origin": [-1.5, 4.5, 5], "size": [3, 3, 3], "uv": [32, 89]}
					]
				},
				{
					"name": "Waist4",
					"parent": "Waist3",
					"pivot": [0, 6, 5],
					"cubes": [
						{"origin": [-1.5, 4.5, 2], "size": [3, 3, 3], "uv": [50, 77]}
					]
				},
				{
					"name": "Torso",
					"parent": "Waist4",
					"pivot": [0, 6, 2],
					"cubes": [
						{"origin": [-4, 3, -4], "size": [8, 6, 6], "uv": [28, 77]},
						{"origin": [-2, 4, -5], "size": [4, 4, 1], "uv": [93, 97]}
					]
				},
				{
					"name": "Neck",
					"parent": "Torso",
					"pivot": [0, 6, -5],
					"cubes": [
						{"origin": [-1.5, 4.5, -13], "size": [3, 3, 8], "uv": [65, 93]}
					]
				},
				{
					"name": "Neck2",
					"parent": "Neck",
					"pivot": [0, 6, -13],
					"cubes": [
						{"origin": [-1.5, 4.5, -21], "size": [3, 3, 8], "uv": [93, 60]}
					]
				},
				{
					"name": "Neck3",
					"parent": "Neck2",
					"pivot": [0, 6, -21],
					"cubes": [
						{"origin": [-1.5, 4.5, -29], "size": [3, 3, 8], "uv": [93, 48]}
					]
				},
				{
					"name": "Head",
					"parent": "Neck3",
					"pivot": [0, 6, -29],
					"cubes": [
						{"origin": [-7, 6, -37], "size": [14, 14, 8], "uv": [0, 23]},
						{"origin": [-6, 12, -37.5], "size": [5, 5, 8], "uv": [84, 12]},
						{"origin": [1, 12, -37.5], "size": [5, 5, 8], "uv": [0, 80]},
						{"origin": [-6, 12, -37.8], "size": [5, 5, 8], "inflate": -0.2, "uv": [82, 80]},
						{"origin": [1, 12, -37.8], "size": [5, 5, 8], "inflate": -0.2, "uv": [56, 80]},
						{"origin": [-8, 20, -35], "size": [4, 2, 4], "pivot": [-6, 20, -33], "rotation": [0, 0, -45], "uv": [76, 14]},
						{"origin": [-24, 22, -35], "size": [20, 12, 0], "pivot": [-6, 20, -33], "rotation": [0, 0, -45], "uv": [44, 35]},
						{"origin": [-25.70711, 21.87868, -33], "size": [20, 12, 0], "pivot": [-7, 22, -33], "rotation": [0, 0, -70], "uv": [44, 35]},
						{"origin": [-25.70711, 21.87868, -31], "size": [20, 12, 0], "pivot": [-7, 22, -33], "rotation": [0, 0, -90], "uv": [44, 35]},
						{"origin": [-6, 17, -37.1], "size": [1, 2, 0], "pivot": [-6, 17, -37], "rotation": [0, 0, -20], "uv": [6, 2]},
						{"origin": [5, 17, -37.1], "size": [1, 2, 0], "pivot": [6, 17, -37], "rotation": [0, 0, 20], "uv": [6, 0]},
						{"origin": [-4, 17, -37.1], "size": [1, 2, 0], "uv": [2, 2]},
						{"origin": [3, 17, -37.1], "size": [1, 2, 0], "uv": [2, 0]},
						{"origin": [-2, 17, -37.1], "size": [1, 2, 0], "pivot": [-1, 17, -37], "rotation": [0, 0, 20], "uv": [0, 2]},
						{"origin": [1, 17, -37.1], "size": [1, 2, 0], "pivot": [1, 17, -37], "rotation": [0, 0, -20], "uv": [0, 0]},
						{"origin": [-7, 20, -38], "size": [15, 2, 3], "pivot": [-7, 20, -37], "rotation": [0, 0, 5], "uv": [0, 45]},
						{"origin": [-1, 20, -38], "size": [9, 7, 3], "uv": [41, 93]}
					]
				},
				{
					"name": "Mouth",
					"parent": "Head",
					"pivot": [0, 10, -37],
					"cubes": [
						{"origin": [-6, 6, -37.1], "size": [12, 6, 2], "uv": [84, 39]}
					]
				},
				{
					"name": "Arm",
					"parent": "Torso",
					"pivot": [-4, 6, -1],
					"cubes": [
						{"origin": [-18, 4.5, -2.5], "size": [14, 3, 3], "uv": [62, 74]}
					]
				},
				{
					"name": "Arm2",
					"parent": "Arm",
					"pivot": [-18, 6, -1],
					"cubes": [
						{"origin": [-32, 4.5, -2.5], "size": [14, 3, 3], "uv": [74, 6]}
					]
				},
				{
					"name": "Arm3",
					"parent": "Arm2",
					"pivot": [-32, 6, -1],
					"cubes": [
						{"origin": [-46, 4.5, -2.5], "size": [14, 3, 3], "uv": [74, 0]}
					]
				},
				{
					"name": "Arm4",
					"parent": "Arm3",
					"pivot": [-46, 6, -1],
					"cubes": [
						{"origin": [-60, 4.5, -2.5], "size": [14, 3, 3], "uv": [0, 74]},
						{"origin": [-61, 4, -3], "size": [1, 4, 4], "uv": [0, 93]}
					]
				},
				{
					"name": "Hand",
					"parent": "Arm4",
					"pivot": [-61, 6, -1],
					"cubes": [
						{"origin": [-65, 4.5, -2], "size": [4, 3, 2], "uv": [58, 18]}
					]
				},
				{
					"name": "Finger",
					"parent": "Hand",
					"pivot": [-65, 4.5, -1],
					"cubes": [
						{"origin": [-71, 4.5, -1.5], "size": [6, 1, 1], "uv": [79, 97]}
					]
				},
				{
					"name": "Finger2",
					"parent": "Finger",
					"pivot": [-71, 4.5, -1.5],
					"cubes": [
						{"origin": [-77, 4.5, -1.5], "size": [6, 1, 1], "uv": [96, 78]}
					]
				},
				{
					"name": "Finger7",
					"parent": "Hand",
					"pivot": [-61.5, 4, -1],
					"cubes": [
						{"origin": [-67, 3.5, -1.5], "size": [6, 1, 1], "uv": [96, 76]}
					]
				},
				{
					"name": "Finger8",
					"parent": "Finger7",
					"pivot": [-67, 3.5, -1.5],
					"cubes": [
						{"origin": [-73, 3.5, -1.5], "size": [6, 1, 1], "uv": [96, 71]}
					]
				},
				{
					"name": "Finger3",
					"parent": "Hand",
					"pivot": [-65, 5.5, -1],
					"cubes": [
						{"origin": [-71, 5.5, -1.5], "size": [6, 1, 1], "uv": [93, 95]}
					]
				},
				{
					"name": "Finger4",
					"parent": "Finger3",
					"pivot": [-71, 5.5, -1.5],
					"cubes": [
						{"origin": [-77, 5.5, -1.5], "size": [6, 1, 1], "uv": [79, 95]}
					]
				},
				{
					"name": "Finger5",
					"parent": "Hand",
					"pivot": [-65, 7.5, -1],
					"cubes": [
						{"origin": [-71, 6.5, -1.5], "size": [6, 1, 1], "uv": [6, 95]}
					]
				},
				{
					"name": "Finger6",
					"parent": "Finger5",
					"pivot": [-71, 7.5, -1.5],
					"cubes": [
						{"origin": [-77, 6.5, -1.5], "size": [6, 1, 1], "uv": [93, 93]}
					]
				},
				{
					"name": "Arm5",
					"parent": "Torso",
					"pivot": [4, 6, -1],
					"cubes": [
						{"origin": [4, 4.5, -2.5], "size": [14, 3, 3], "uv": [31, 71]}
					]
				},
				{
					"name": "Arm6",
					"parent": "Arm5",
					"pivot": [18, 6, -1],
					"cubes": [
						{"origin": [18, 4.5, -2.5], "size": [14, 3, 3], "uv": [62, 68]}
					]
				},
				{
					"name": "Arm7",
					"parent": "Arm6",
					"pivot": [32, 6, -1],
					"cubes": [
						{"origin": [32, 4.5, -2.5], "size": [14, 3, 3], "uv": [0, 68]}
					]
				},
				{
					"name": "Arm8",
					"parent": "Arm7",
					"pivot": [46, 6, -1],
					"cubes": [
						{"origin": [46, 4.5, -2.5], "size": [14, 3, 3], "uv": [31, 65]},
						{"origin": [60, 4, -3], "size": [1, 4, 4], "uv": [74, 80]}
					]
				},
				{
					"name": "Hand2",
					"parent": "Arm8",
					"pivot": [61, 6, -1],
					"cubes": [
						{"origin": [61, 4.5, -2], "size": [4, 3, 2], "uv": [46, 18]}
					]
				},
				{
					"name": "Finger9",
					"parent": "Hand2",
					"pivot": [65, 4.5, -1],
					"cubes": [
						{"origin": [65, 4.5, -1.5], "size": [6, 1, 1], "uv": [79, 93]}
					]
				},
				{
					"name": "Finger10",
					"parent": "Finger9",
					"pivot": [71, 4.5, -1.5],
					"cubes": [
						{"origin": [71, 4.5, -1.5], "size": [6, 1, 1], "uv": [93, 74]}
					]
				},
				{
					"name": "Finger11",
					"parent": "Hand2",
					"pivot": [61.5, 4, -1],
					"cubes": [
						{"origin": [61, 3.5, -1.5], "size": [6, 1, 1], "uv": [6, 93]}
					]
				},
				{
					"name": "Finger12",
					"parent": "Finger11",
					"pivot": [67, 3.5, -1.5],
					"cubes": [
						{"origin": [67, 3.5, -1.5], "size": [6, 1, 1], "uv": [41, 89]}
					]
				},
				{
					"name": "Finger13",
					"parent": "Hand2",
					"pivot": [65, 5.5, -1],
					"cubes": [
						{"origin": [65, 5.5, -1.5], "size": [6, 1, 1], "uv": [77, 48]}
					]
				},
				{
					"name": "Finger14",
					"parent": "Finger13",
					"pivot": [71, 5.5, -1.5],
					"cubes": [
						{"origin": [71, 5.5, -1.5], "size": [6, 1, 1], "uv": [77, 12]}
					]
				},
				{
					"name": "Finger15",
					"parent": "Hand2",
					"pivot": [65, 6.5, -1],
					"cubes": [
						{"origin": [65, 6.5, -1.5], "size": [6, 1, 1], "uv": [70, 20]}
					]
				},
				{
					"name": "Finger16",
					"parent": "Finger15",
					"pivot": [71, 6.5, -1.5],
					"cubes": [
						{"origin": [71, 6.5, -1.5], "size": [6, 1, 1], "uv": [64, 47]}
					]
				},
				{
					"name": "Leg",
					"parent": "All",
					"pivot": [6, 6, 23.5],
					"cubes": [
						{"origin": [4, 4.5, 22], "size": [14, 3, 3], "uv": [64, 50]}
					]
				},
				{
					"name": "Leg2",
					"parent": "Leg",
					"pivot": [18, 6, 23.5],
					"cubes": [
						{"origin": [18, 4.5, 22], "size": [14, 3, 3], "uv": [62, 62]}
					]
				},
				{
					"name": "Leg3",
					"parent": "Leg2",
					"pivot": [32, 6, 23.5],
					"cubes": [
						{"origin": [32, 4.5, 22], "size": [14, 3, 3], "uv": [62, 56]}
					]
				},
				{
					"name": "Leg4",
					"parent": "Leg3",
					"pivot": [46, 6, 23.5],
					"cubes": [
						{"origin": [46, 4.5, 22], "size": [14, 3, 3], "uv": [0, 62]}
					]
				},
				{
					"name": "Leg5",
					"parent": "Leg4",
					"pivot": [60, 6, 23.5],
					"cubes": [
						{"origin": [60, 4.5, 22], "size": [14, 3, 3], "uv": [31, 59]},
						{"origin": [74, 4, 21.5], "size": [1, 4, 4], "uv": [18, 80]}
					]
				},
				{
					"name": "Foot",
					"parent": "Leg5",
					"pivot": [74, 6, 23.5],
					"cubes": [
						{"origin": [75, 3.5, 16.5], "size": [3, 5, 9], "uv": [17, 89]}
					]
				},
				{
					"name": "Leg6",
					"parent": "All",
					"pivot": [-6, 6, 23.5],
					"cubes": [
						{"origin": [-18, 4.5, 22], "size": [14, 3, 3], "uv": [0, 56]}
					]
				},
				{
					"name": "Leg7",
					"parent": "Leg6",
					"pivot": [-18, 6, 23.5],
					"cubes": [
						{"origin": [-32, 4.5, 22], "size": [14, 3, 3], "uv": [31, 53]}
					]
				},
				{
					"name": "Leg8",
					"parent": "Leg7",
					"pivot": [-32, 6, 23.5],
					"cubes": [
						{"origin": [-46, 4.5, 22], "size": [14, 3, 3], "uv": [0, 50]}
					]
				},
				{
					"name": "Leg9",
					"parent": "Leg8",
					"pivot": [-46, 6, 23.5],
					"cubes": [
						{"origin": [-60, 4.5, 22], "size": [14, 3, 3], "uv": [33, 47]}
					]
				},
				{
					"name": "Leg10",
					"parent": "Leg9",
					"pivot": [-60, 6, 23.5],
					"cubes": [
						{"origin": [-74, 4.5, 22], "size": [14, 3, 3], "uv": [46, 12]},
						{"origin": [-75, 4, 21.5], "size": [1, 4, 4], "uv": [0, 0]}
					]
				},
				{
					"name": "Foot2",
					"parent": "Leg10",
					"pivot": [-74, 6, 23.5],
					"cubes": [
						{"origin": [-78, 3.5, 16.5], "size": [3, 5, 9], "uv": [84, 25]}
					]
				}
			]
		}
	]
}