{
	"format_version": "1.10.0",
	"particle_effect": {
		"description": {
			"identifier": "kuraputi:c_particle",
			"basic_render_parameters": {
				"material": "particles_alpha",
				"texture": "textures/particle/c_particle"
			}
		},
		"components": {
			"minecraft:emitter_rate_steady": {
				"spawn_rate": 20,
				"max_particles": 20
			},
			"minecraft:emitter_lifetime_looping": {
				"active_time": 1.5
			},
			"minecraft:emitter_shape_sphere": {
				"radius": 15,
				"direction": ["5 * Math.random(-1.0, 1.0)", "5 * Math.random(-1.0, 1.0)", "5 * Math.random(-1.0, 1.0)"]
			},
			"minecraft:particle_lifetime_expression": {
				"max_lifetime": "Math.random(2.0, 3.0)"
			},
			"minecraft:particle_initial_speed": 1,
			"minecraft:particle_motion_dynamic": {
				"linear_acceleration": [0, 0.75, 0]
			},
			"minecraft:particle_appearance_billboard": {
				"size": [0.08, 0.08],
				"facing_camera_mode": "rotate_xyz",
				"uv": {
					"texture_width": 16,
					"texture_height": 16,
					"flipbook": {
						"size_UV": [8, 8],
						"step_UV": [8, 0],
						"frames_per_second": 8,
						"max_frame": 8,
						"stretch_to_lifetime": true
					}
				}
			},
			"minecraft:particle_appearance_lighting": {},
			"minecraft:particle_appearance_tinting": {
				"color": ["Math.clamp(variable.particle_random_1 * 0.3 + 0.7, 0, 1)", "Math.clamp(variable.particle_random_1 * 0.3 + 0.7, 0, 1)", "Math.clamp(variable.particle_random_1 * 0.3 + 0.7, 0, 1)", 0]
			}
		}
	}
}
