{
  "format_version": "1.10.0",
  "minecraft:client_entity": {
    "description": {
      "identifier": "among:huggy_dead",
      "materials": {
        "default": "npc"
      },
      "textures": {
        "default": "textures/entity/huggy"
      },
      "geometry": {
        "default": "geometry.huggy_wuggy"
      },
      "animations": {
        "huggy_wuggy_d_general": "animation.huggy_wuggy_d.general",
        "fall": "animation.huggy_wuggy.fall",

        "general": "controller.animation.huggy_wuggy_d.general"
	    },
      "scripts": {
        "animate": [
          "general"
        ]
      },
      "render_controllers": [
        "controller.render.zombie"
      ],
      "spawn_egg": {
        "texture": "huggy_wuggy",
        "texture_index": 2
      }
    }
  }
}