{
	"format_version": "1.12.0",
	"minecraft:geometry": [
		{
			"description": {
				"identifier": "geometry.choo_choo_charles",
				"texture_width": 128,
				"texture_height": 128,
				"visible_bounds_width": 8,
				"visible_bounds_height": 4.5,
				"visible_bounds_offset": [0, 1.75, 0]
			},
			"bones": [
				{
					"name": "tudo_0",
					"pivot": [0, 7, 0]
				},
				{
					"name": "tudo_1",
					"parent": "tudo_0",
					"pivot": [0, 7, 0]
				},
				{
					"name": "corpo",
					"parent": "tudo_1",
					"pivot": [0, 20, 0],
					"cubes": [
						{
							"origin": [-15, 7, -47],
							"size": [30, 7, 45],
							"uv": {
								"north": {"uv": [30, 52], "uv_size": [30, 7]},
								"east": {"uv": [0, 45], "uv_size": [33, 7]},
								"west": {"uv": [33, 45], "uv_size": [-33, 7]},
								"up": {"uv": [98, 114], "uv_size": [-30, -33]},
								"down": {"uv": [128, 114], "uv_size": [-30, -33]}
							}
						}
					]
				},
				{
					"name": "choo_cabine",
					"parent": "corpo",
					"pivot": [0, 44, 1],
					"cubes": [
						{
							"origin": [17, 41, -1],
							"size": [3, 11, 3],
							"uv": {
								"north": {"uv": [18, 22], "uv_size": [3, 11]},
								"east": {"uv": [18, 22], "uv_size": [3, 11]},
								"south": {"uv": [18, 22], "uv_size": [3, 11]},
								"west": {"uv": [18, 22], "uv_size": [3, 11]},
								"up": {"uv": [21, 36], "uv_size": [-3, -3]},
								"down": {"uv": [21, 36], "uv_size": [-3, -3]}
							}
						},
						{
							"origin": [-20, 41, -1],
							"size": [3, 11, 3],
							"uv": {
								"north": {"uv": [18, 22], "uv_size": [3, 11]},
								"east": {"uv": [18, 22], "uv_size": [3, 11]},
								"south": {"uv": [18, 22], "uv_size": [3, 11]},
								"west": {"uv": [18, 22], "uv_size": [3, 11]},
								"up": {"uv": [21, 36], "uv_size": [-3, -3]},
								"down": {"uv": [21, 36], "uv_size": [-3, -3]}
							}
						}
					]
				},
				{
					"name": "cabine",
					"parent": "corpo",
					"pivot": [0, 20, 0],
					"cubes": [
						{
							"origin": [-18, 48.3, -4],
							"size": [18, 0, 42],
							"pivot": [-1, 48.3, 14],
							"rotation": [0, 0, -7.5],
							"uv": {
								"up": {"uv": [121, 42], "uv_size": [-18, -42]}
							}
						},
						{
							"origin": [0, 48.3, -4],
							"size": [18, 0, 42],
							"pivot": [1, 48.3, 14],
							"rotation": [0, 0, 7.5],
							"uv": {
								"up": {"uv": [103, 0], "uv_size": [18, 42]}
							}
						},
						{
							"origin": [-17, 7, -2],
							"size": [34, 39, 38],
							"uv": {
								"north": {"uv": [94, 42], "uv_size": [34, 39]},
								"east": {"uv": [65, 0], "uv_size": [38, 39]},
								"south": {"uv": [26, 59], "uv_size": [34, 39]},
								"west": {"uv": [65, 0], "uv_size": [38, 39]},
								"up": {"uv": [94, 79], "uv_size": [-34, -38]},
								"down": {"uv": [94, 79], "uv_size": [-34, -38]}
							}
						},
						{
							"origin": [-7, -2, 37],
							"size": [14, 11, 0],
							"pivot": [0, 8, 36],
							"rotation": [37.5, 0, 0],
							"uv": {
								"south": {"uv": [0, 64], "uv_size": [14, 11]}
							}
						}
					]
				},
				{
					"name": "torso",
					"parent": "corpo",
					"pivot": [0, 25, -2],
					"cubes": [
						{
							"origin": [-10, 14, -43],
							"size": [20, 22, 20],
							"uv": {
								"east": {"uv": [19, 75], "uv_size": [-19, 22]},
								"west": {"uv": [0, 75], "uv_size": [19, 22]},
								"up": {"uv": [20, 116], "uv_size": [-20, -19]}
							}
						},
						{
							"origin": [-12, 14, -23],
							"size": [24, 24, 22],
							"uv": {
								"north": {"uv": [41, 0], "uv_size": [24, 24]},
								"east": {"uv": [21, 1], "uv_size": [17, 24]},
								"west": {"uv": [38, 1], "uv_size": [-17, 24]},
								"up": {"uv": [62, 41], "uv_size": [-24, -17]}
							}
						}
					]
				},
				{
					"name": "face",
					"parent": "torso",
					"pivot": [0, 25, -32],
					"cubes": [
						{
							"origin": [-10, 14, -44],
							"size": [20, 22, 1],
							"uv": {
								"north": {"uv": [0, 0], "uv_size": [20, 22]},
								"east": {"uv": [21, 0], "uv_size": [-1, 22]},
								"west": {"uv": [20, 0], "uv_size": [1, 22]},
								"up": {"uv": [41, 1], "uv_size": [-20, -1]},
								"down": {"uv": [21, 0], "uv_size": [20, 1]}
							}
						}
					]
				},
				{
					"name": "choo",
					"parent": "torso",
					"pivot": [0, 36, -25],
					"cubes": [
						{
							"origin": [-2, 36, -37],
							"size": [4, 19, 4],
							"uv": {
								"north": {"uv": [14, 22], "uv_size": [4, 19]},
								"east": {"uv": [14, 22], "uv_size": [4, 19]},
								"south": {"uv": [14, 22], "uv_size": [4, 19]},
								"west": {"uv": [14, 22], "uv_size": [4, 19]},
								"up": {"uv": [22, 43], "uv_size": [-4, -4]}
							}
						}
					],
					"locators": {
						"smash": [0, 56, -35]
					}
				},
				{
					"name": "pernas_0",
					"parent": "tudo_1",
					"pivot": [0, 7, -14]
				},
				{
					"name": "perna_0",
					"parent": "pernas_0",
					"pivot": [-10, 20, -37],
					"rotation": [0, 0, 55],
					"cubes": [
						{
							"origin": [-39, 18, -40],
							"size": [29, 6, 6],
							"uv": {
								"north": {"uv": [0, 52], "uv_size": [29, 6]},
								"east": {"uv": [0, 58], "uv_size": [6, 6]},
								"south": {"uv": [29, 52], "uv_size": [-29, 6]},
								"west": {"uv": [0, 58], "uv_size": [6, 6]},
								"up": {"uv": [0, 52], "uv_size": [29, 6]},
								"down": {"uv": [0, 58], "uv_size": [29, -6]}
							}
						}
					]
				},
				{
					"name": "perna_1",
					"parent": "perna_0",
					"pivot": [-40, 21, -37],
					"rotation": [0, 0, -102.5],
					"cubes": [
						{
							"origin": [-68.42642, 18.18085, -39.5],
							"size": [29.1, 5, 5],
							"uv": {
								"north": {"uv": [0, 52], "uv_size": [29, 6]},
								"east": {"uv": [0, 58], "uv_size": [6, 6]},
								"south": {"uv": [29, 52], "uv_size": [-29, 6]},
								"west": {"uv": [0, 58], "uv_size": [6, 6]},
								"up": {"uv": [0, 52], "uv_size": [29, 6]},
								"down": {"uv": [0, 58], "uv_size": [29, -6]}
							}
						}
					]
				},
				{
					"name": "perna_2",
					"parent": "perna_1",
					"pivot": [-67, 21, -37],
					"rotation": [0, 0, -40],
					"cubes": [
						{
							"origin": [-95.42642, 18.18085, -39],
							"size": [29.1, 4, 4],
							"uv": {
								"north": {"uv": [0, 52], "uv_size": [29, 6]},
								"east": {"uv": [0, 58], "uv_size": [6, 6]},
								"south": {"uv": [29, 52], "uv_size": [-29, 6]},
								"west": {"uv": [0, 58], "uv_size": [6, 6]},
								"up": {"uv": [0, 52], "uv_size": [29, 6]},
								"down": {"uv": [0, 58], "uv_size": [29, -6]}
							}
						}
					]
				},
				{
					"name": "perna_3",
					"parent": "pernas_0",
					"pivot": [-10, 20, -26],
					"rotation": [0, 0, 55],
					"cubes": [
						{
							"origin": [-39, 18, -29],
							"size": [29, 6, 6],
							"uv": {
								"north": {"uv": [0, 52], "uv_size": [29, 6]},
								"east": {"uv": [0, 58], "uv_size": [6, 6]},
								"south": {"uv": [29, 52], "uv_size": [-29, 6]},
								"west": {"uv": [0, 58], "uv_size": [6, 6]},
								"up": {"uv": [0, 52], "uv_size": [29, 6]},
								"down": {"uv": [0, 58], "uv_size": [29, -6]}
							}
						}
					]
				},
				{
					"name": "perna_4",
					"parent": "perna_3",
					"pivot": [-40, 21, -26],
					"rotation": [0, 0, -102.5],
					"cubes": [
						{
							"origin": [-68.42642, 18.18085, -28.5],
							"size": [29, 5, 5],
							"uv": {
								"north": {"uv": [0, 52], "uv_size": [29, 6]},
								"east": {"uv": [0, 58], "uv_size": [6, 6]},
								"south": {"uv": [29, 52], "uv_size": [-29, 6]},
								"west": {"uv": [0, 58], "uv_size": [6, 6]},
								"up": {"uv": [0, 52], "uv_size": [29, 6]},
								"down": {"uv": [0, 58], "uv_size": [29, -6]}
							}
						}
					]
				},
				{
					"name": "perna_5",
					"parent": "perna_4",
					"pivot": [-67, 21, -26],
					"rotation": [0, 0, -40],
					"cubes": [
						{
							"origin": [-95.42642, 18.18085, -28],
							"size": [29.1, 4, 4],
							"uv": {
								"north": {"uv": [0, 52], "uv_size": [29, 6]},
								"east": {"uv": [0, 58], "uv_size": [6, 6]},
								"south": {"uv": [29, 52], "uv_size": [-29, 6]},
								"west": {"uv": [0, 58], "uv_size": [6, 6]},
								"up": {"uv": [0, 52], "uv_size": [29, 6]},
								"down": {"uv": [0, 58], "uv_size": [29, -6]}
							}
						}
					]
				},
				{
					"name": "perna_6",
					"parent": "pernas_0",
					"pivot": [-13, 20, -16],
					"rotation": [0, 0, 55],
					"cubes": [
						{
							"origin": [-42, 18, -19],
							"size": [29, 6, 6],
							"uv": {
								"north": {"uv": [0, 52], "uv_size": [29, 6]},
								"east": {"uv": [0, 58], "uv_size": [6, 6]},
								"south": {"uv": [29, 52], "uv_size": [-29, 6]},
								"west": {"uv": [0, 58], "uv_size": [6, 6]},
								"up": {"uv": [0, 52], "uv_size": [29, 6]},
								"down": {"uv": [0, 58], "uv_size": [29, -6]}
							}
						}
					]
				},
				{
					"name": "perna_7",
					"parent": "perna_6",
					"pivot": [-43, 21, -16],
					"rotation": [0, 0, -102.5],
					"cubes": [
						{
							"origin": [-71.42642, 18.18085, -18.5],
							"size": [29, 5, 5],
							"uv": {
								"north": {"uv": [0, 52], "uv_size": [29, 6]},
								"east": {"uv": [0, 58], "uv_size": [6, 6]},
								"south": {"uv": [29, 52], "uv_size": [-29, 6]},
								"west": {"uv": [0, 58], "uv_size": [6, 6]},
								"up": {"uv": [0, 52], "uv_size": [29, 6]},
								"down": {"uv": [0, 58], "uv_size": [29, -6]}
							}
						}
					]
				},
				{
					"name": "perna_8",
					"parent": "perna_7",
					"pivot": [-70, 21, -16],
					"rotation": [0, 0, -40],
					"cubes": [
						{
							"origin": [-98.42642, 18.18085, -18],
							"size": [29.1, 4, 4],
							"uv": {
								"north": {"uv": [0, 52], "uv_size": [29, 6]},
								"east": {"uv": [0, 58], "uv_size": [6, 6]},
								"south": {"uv": [29, 52], "uv_size": [-29, 6]},
								"west": {"uv": [0, 58], "uv_size": [6, 6]},
								"up": {"uv": [0, 52], "uv_size": [29, 6]},
								"down": {"uv": [0, 58], "uv_size": [29, -6]}
							}
						}
					]
				},
				{
					"name": "perna_9",
					"parent": "pernas_0",
					"pivot": [-13, 20, -5],
					"rotation": [0, 0, 55],
					"cubes": [
						{
							"origin": [-42, 18, -8],
							"size": [29, 6, 6],
							"uv": {
								"north": {"uv": [0, 52], "uv_size": [29, 6]},
								"east": {"uv": [0, 58], "uv_size": [6, 6]},
								"south": {"uv": [29, 52], "uv_size": [-29, 6]},
								"west": {"uv": [0, 58], "uv_size": [6, 6]},
								"up": {"uv": [0, 52], "uv_size": [29, 6]},
								"down": {"uv": [0, 58], "uv_size": [29, -6]}
							}
						}
					]
				},
				{
					"name": "perna_10",
					"parent": "perna_9",
					"pivot": [-43, 21, -5],
					"rotation": [0, 0, -102.5],
					"cubes": [
						{
							"origin": [-71.42642, 18.18085, -7.5],
							"size": [29, 5, 5],
							"uv": {
								"north": {"uv": [0, 52], "uv_size": [29, 6]},
								"east": {"uv": [0, 58], "uv_size": [6, 6]},
								"south": {"uv": [29, 52], "uv_size": [-29, 6]},
								"west": {"uv": [0, 58], "uv_size": [6, 6]},
								"up": {"uv": [0, 52], "uv_size": [29, 6]},
								"down": {"uv": [0, 58], "uv_size": [29, -6]}
							}
						}
					]
				},
				{
					"name": "perna_11",
					"parent": "perna_10",
					"pivot": [-70, 21, -5],
					"rotation": [0, 0, -40],
					"cubes": [
						{
							"origin": [-98.42642, 18.18085, -7],
							"size": [29.1, 4, 4],
							"uv": {
								"north": {"uv": [0, 52], "uv_size": [29, 6]},
								"east": {"uv": [0, 58], "uv_size": [6, 6]},
								"south": {"uv": [29, 52], "uv_size": [-29, 6]},
								"west": {"uv": [0, 58], "uv_size": [6, 6]},
								"up": {"uv": [0, 52], "uv_size": [29, 6]},
								"down": {"uv": [0, 58], "uv_size": [29, -6]}
							}
						}
					]
				},
				{
					"name": "pernas_1",
					"parent": "tudo_1",
					"pivot": [0, 7, -14],
					"rotation": [0, 180, 0]
				},
				{
					"name": "perna_12",
					"parent": "pernas_1",
					"pivot": [-12, 20, -23],
					"rotation": [0, 0, 55],
					"cubes": [
						{
							"origin": [-41, 18, -26],
							"size": [29, 6, 6],
							"uv": {
								"north": {"uv": [0, 52], "uv_size": [29, 6]},
								"east": {"uv": [0, 58], "uv_size": [6, 6]},
								"south": {"uv": [29, 52], "uv_size": [-29, 6]},
								"west": {"uv": [0, 58], "uv_size": [6, 6]},
								"up": {"uv": [0, 52], "uv_size": [29, 6]},
								"down": {"uv": [0, 58], "uv_size": [29, -6]}
							}
						}
					]
				},
				{
					"name": "perna_13",
					"parent": "perna_12",
					"pivot": [-42, 21, -23],
					"rotation": [0, 0, -102.5],
					"cubes": [
						{
							"origin": [-70.42642, 18.18085, -25.5],
							"size": [29, 5, 5],
							"uv": {
								"north": {"uv": [0, 52], "uv_size": [29, 6]},
								"east": {"uv": [0, 58], "uv_size": [6, 6]},
								"south": {"uv": [29, 52], "uv_size": [-29, 6]},
								"west": {"uv": [0, 58], "uv_size": [6, 6]},
								"up": {"uv": [0, 52], "uv_size": [29, 6]},
								"down": {"uv": [0, 58], "uv_size": [29, -6]}
							}
						}
					]
				},
				{
					"name": "perna_14",
					"parent": "perna_13",
					"pivot": [-69, 21, -23],
					"rotation": [0, 0, -40],
					"cubes": [
						{
							"origin": [-97.42642, 18.18085, -25],
							"size": [29, 4, 4],
							"uv": {
								"north": {"uv": [0, 52], "uv_size": [29, 6]},
								"east": {"uv": [0, 58], "uv_size": [6, 6]},
								"south": {"uv": [29, 52], "uv_size": [-29, 6]},
								"west": {"uv": [0, 58], "uv_size": [6, 6]},
								"up": {"uv": [0, 52], "uv_size": [29, 6]},
								"down": {"uv": [0, 58], "uv_size": [29, -6]}
							}
						}
					]
				},
				{
					"name": "perna_15",
					"parent": "pernas_1",
					"pivot": [-12, 20, -12],
					"rotation": [0, 0, 55],
					"cubes": [
						{
							"origin": [-41, 18, -15],
							"size": [29, 6, 6],
							"uv": {
								"north": {"uv": [0, 52], "uv_size": [29, 6]},
								"east": {"uv": [0, 58], "uv_size": [6, 6]},
								"south": {"uv": [29, 52], "uv_size": [-29, 6]},
								"west": {"uv": [0, 58], "uv_size": [6, 6]},
								"up": {"uv": [0, 52], "uv_size": [29, 6]},
								"down": {"uv": [0, 58], "uv_size": [29, -6]}
							}
						}
					]
				},
				{
					"name": "perna_16",
					"parent": "perna_15",
					"pivot": [-42, 21, -12],
					"rotation": [0, 0, -102.5],
					"cubes": [
						{
							"origin": [-70.42642, 18.18085, -14.5],
							"size": [29, 5, 5],
							"uv": {
								"north": {"uv": [0, 52], "uv_size": [29, 6]},
								"east": {"uv": [0, 58], "uv_size": [6, 6]},
								"south": {"uv": [29, 52], "uv_size": [-29, 6]},
								"west": {"uv": [0, 58], "uv_size": [6, 6]},
								"up": {"uv": [0, 52], "uv_size": [29, 6]},
								"down": {"uv": [0, 58], "uv_size": [29, -6]}
							}
						}
					]
				},
				{
					"name": "perna_17",
					"parent": "perna_16",
					"pivot": [-69, 21, -12],
					"rotation": [0, 0, -40],
					"cubes": [
						{
							"origin": [-97.42642, 18.18085, -14],
							"size": [29, 4, 4],
							"uv": {
								"north": {"uv": [0, 52], "uv_size": [29, 6]},
								"east": {"uv": [0, 58], "uv_size": [6, 6]},
								"south": {"uv": [29, 52], "uv_size": [-29, 6]},
								"west": {"uv": [0, 58], "uv_size": [6, 6]},
								"up": {"uv": [0, 52], "uv_size": [29, 6]},
								"down": {"uv": [0, 58], "uv_size": [29, -6]}
							}
						}
					]
				},
				{
					"name": "perna_18",
					"parent": "pernas_1",
					"pivot": [-8, 20, -3],
					"rotation": [0, 0, 55],
					"cubes": [
						{
							"origin": [-37, 18, -6],
							"size": [29, 6, 6],
							"uv": {
								"north": {"uv": [0, 52], "uv_size": [29, 6]},
								"east": {"uv": [0, 58], "uv_size": [6, 6]},
								"south": {"uv": [29, 52], "uv_size": [-29, 6]},
								"west": {"uv": [0, 58], "uv_size": [6, 6]},
								"up": {"uv": [0, 52], "uv_size": [29, 6]},
								"down": {"uv": [0, 58], "uv_size": [29, -6]}
							}
						}
					]
				},
				{
					"name": "perna_19",
					"parent": "perna_18",
					"pivot": [-38, 21, -3],
					"rotation": [0, 0, -102.5],
					"cubes": [
						{
							"origin": [-66.42642, 18.18085, -5.5],
							"size": [29, 5, 5],
							"uv": {
								"north": {"uv": [0, 52], "uv_size": [29, 6]},
								"east": {"uv": [0, 58], "uv_size": [6, 6]},
								"south": {"uv": [29, 52], "uv_size": [-29, 6]},
								"west": {"uv": [0, 58], "uv_size": [6, 6]},
								"up": {"uv": [0, 52], "uv_size": [29, 6]},
								"down": {"uv": [0, 58], "uv_size": [29, -6]}
							}
						}
					]
				},
				{
					"name": "perna_20",
					"parent": "perna_19",
					"pivot": [-65, 21, -3],
					"rotation": [0, 0, -40],
					"cubes": [
						{
							"origin": [-93.42642, 18.18085, -5],
							"size": [29, 4, 4],
							"uv": {
								"north": {"uv": [0, 52], "uv_size": [29, 6]},
								"east": {"uv": [0, 58], "uv_size": [6, 6]},
								"south": {"uv": [29, 52], "uv_size": [-29, 6]},
								"west": {"uv": [0, 58], "uv_size": [6, 6]},
								"up": {"uv": [0, 52], "uv_size": [29, 6]},
								"down": {"uv": [0, 58], "uv_size": [29, -6]}
							}
						}
					]
				},
				{
					"name": "perna_21",
					"parent": "pernas_1",
					"pivot": [-10, 20, 8],
					"rotation": [0, 0, 55],
					"cubes": [
						{
							"origin": [-39, 18, 5],
							"size": [29, 6, 6],
							"uv": {
								"north": {"uv": [0, 52], "uv_size": [29, 6]},
								"east": {"uv": [0, 58], "uv_size": [6, 6]},
								"south": {"uv": [29, 52], "uv_size": [-29, 6]},
								"west": {"uv": [0, 58], "uv_size": [6, 6]},
								"up": {"uv": [0, 52], "uv_size": [29, 6]},
								"down": {"uv": [0, 58], "uv_size": [29, -6]}
							}
						}
					]
				},
				{
					"name": "perna_22",
					"parent": "perna_21",
					"pivot": [-40, 21, 8],
					"rotation": [0, 0, -102.5],
					"cubes": [
						{
							"origin": [-68.42642, 18.18085, 5.5],
							"size": [29, 5, 5],
							"uv": {
								"north": {"uv": [0, 52], "uv_size": [29, 6]},
								"east": {"uv": [0, 58], "uv_size": [6, 6]},
								"south": {"uv": [29, 52], "uv_size": [-29, 6]},
								"west": {"uv": [0, 58], "uv_size": [6, 6]},
								"up": {"uv": [0, 52], "uv_size": [29, 6]},
								"down": {"uv": [0, 58], "uv_size": [29, -6]}
							}
						}
					]
				},
				{
					"name": "perna_23",
					"parent": "perna_22",
					"pivot": [-67, 21, 8],
					"rotation": [0, 0, -40],
					"cubes": [
						{
							"origin": [-95.42642, 18.18085, 6],
							"size": [29, 4, 4],
							"uv": {
								"north": {"uv": [0, 52], "uv_size": [29, 6]},
								"east": {"uv": [0, 58], "uv_size": [6, 6]},
								"south": {"uv": [29, 52], "uv_size": [-29, 6]},
								"west": {"uv": [0, 58], "uv_size": [6, 6]},
								"up": {"uv": [0, 52], "uv_size": [29, 6]},
								"down": {"uv": [0, 58], "uv_size": [29, -6]}
							}
						}
					]
				}
			]
		}
	]
}