{
"format_version": "1.12.0",
"minecraft:geometry": [
{
"description": {
"identifier": "geometry.gun_rifle",
"texture_width": 64,
"texture_height": 64,
"visible_bounds_width": 3,
"visible_bounds_height": 2.5,
"visible_bounds_offset": [0, 0.75, 0]
},
"bones": [
{
"name": "RightArm",
"pivot": [-5, 22, 0]
},
{
"name": "ccb_3d_item",
"parent": "RightArm",
"pivot": [-6, 14, 0],
"cubes": [
{
"origin": [-7, 9, -1],
"size": [2, 7, 2],
"uv": {
"north": {"uv": [2, 0], "uv_size": [2, 7]},
"east": {"uv": [0, 0], "uv_size": [2, 7]},
"south": {"uv": [2, 0], "uv_size": [2, 7]},
"west": {"uv": [0, 0], "uv_size": [2, 7]},
"up": {"uv": [6, 2], "uv_size": [-2, -2]},
"down": {"uv": [6, 2], "uv_size": [-2, -2]}
}
},
{
"origin": [-6, 3, -0.5],
"size": [0, 6, 1],
"pivot": [-6, 9, 0],
"rotation": [0, -90, 0],
"uv": {
"north": {"uv": [0, 0], "uv_size": [0, 6]},
"east": {"uv": [0, 0], "uv_size": [1, 6]},
"south": {"uv": [0, 0], "uv_size": [0, 6]},
"west": {"uv": [0, 0], "uv_size": [1, 6]},
"up": {"uv": [0, 1], "uv_size": [0, -1]},
"down": {"uv": [0, 1], "uv_size": [0, -1]}
}
},
{
"origin": [-6, 3, -0.5],
"size": [0, 6, 1],
"uv": {
"north": {"uv": [0, 0], "uv_size": [0, 6]},
"east": {"uv": [0, 0], "uv_size": [1, 6]},
"south": {"uv": [0, 0], "uv_size": [0, 6]},
"west": {"uv": [0, 0], "uv_size": [1, 6]},
"up": {"uv": [0, 1], "uv_size": [0, -1]},
"down": {"uv": [0, 1], "uv_size": [0, -1]}
}
},
{
"origin": [-6.5, 1, -0.5],
"size": [1, 2, 1],
"uv": {
"north": {"uv": [0, 0], "uv_size": [1, 2]},
"east": {"uv": [0, 0], "uv_size": [1, 2]},
"south": {"uv": [0, 0], "uv_size": [1, 2]},
"west": {"uv": [0, 0], "uv_size": [1, 2]},
"up": {"uv": [1, 1], "uv_size": [-1, -1]},
"down": {"uv": [1, 1], "uv_size": [-1, -1]}
}
},
{
"origin": [-7, 13, 1],
"size": [2, 2, 3],
"uv": {
"north": {"uv": [0, 0], "uv_size": [2, 2]},
"east": {"uv": [0, 0], "uv_size": [3, 2]},
"south": {"uv": [0, 0], "uv_size": [2, 2]},
"west": {"uv": [0, 0], "uv_size": [3, 2]},
"up": {"uv": [2, 3], "uv_size": [-2, -3]},
"down": {"uv": [2, 3], "uv_size": [-2, -3]}
}
},
{
"origin": [-8, 10, 0],
"size": [4, 0, 4],
"uv": {
"up": {"uv": [4, 11], "uv_size": [-4, -4]}
}
},
{
"origin": [-6.1, 16, -2],
"size": [0, 6, 4],
"pivot": [-6, 16, 0],
"rotation": [-25, 0, 0],
"uv": {
"west": {"uv": [4, 6], "uv_size": [4, 6]}
}
},
{
"origin": [-7, 15, -2],
"size": [0, 6, 4],
"pivot": [-7, 15, 0],
"rotation": [0, 0, -15],
"uv": {
"west": {"uv": [10, 0], "uv_size": [4, 6]}
}
},
{
"origin": [-4.9981, 14.91276, -2],
"size": [0, 6, 4],
"pivot": [-5, 15, 0],
"rotation": [0, 0, 15],
"uv": {
"west": {"uv": [10, 0], "uv_size": [4, 6]}
}
},
{
"origin": [-5.5, 11, -4],
"size": [4, 0, 6],
"uv": {
"up": {"uv": [6, 6], "uv_size": [4, -6]}
}
},
{
"origin": [-10.5, 11, -4],
"size": [4, 0, 6],
"uv": {
"up": {"uv": [10, 6], "uv_size": [-4, -6]}
}
}
]
}
]
}
]
}