{
  "format_version": "1.8.0",
  "minecraft:entity": {
    "description": {
      "identifier": "boss:ammo",
      "is_spawnable": false,
      "is_summonable": true,
      "is_experimental": false,
      "runtime_identifier": "minecraft:snowball"
    },
    "component_groups": {
      "m": {
        "minecraft:scale": {
          "value": 10
        },
        "minecraft:projectile": {
          "particle": "explode",
          "onHit": {
            "mob_effect": {
              "effect": "levitation",
              "durationeasy": 42,
              "durationnormal": 42,
              "durationhard": 42,
              "amplifier": 10
            },
            "impact_damage": {
              "damage": 100,
              "knockback": false
            }
          },
          "power": 3.5,
          "catchFire": true,
          "offset": [
            0,
            1.45,
            0
          ],
          "gravity": 0,
          "uncertaintyBase": 0
        }
      }
    },
    "components": {
      "minecraft:health": {
        "value": 20,
        "min": 20,
        "max": 20
      },
      "minecraft:type_family": {
        "family": [
          "inanimate"
        ]
      },
      "minecraft:explode": {
        "fuseLength": 1.5,
        "fuseLit": true,
        "power": 0,
        "causesFire": true,
        "fireAffectedByGriefing": true,
        "destroyAffectedByGriefing": true
      },
      "minecraft:damage_sensor": [
        {
          "cause": "all",
          "deals_damage": false
        }
      ],
      "minecraft:collision_box": {
        "width": 0,
        "height": 0
      },
      "minecraft:projectile": {
        "particle": "explode",
        "onHit": {
          "impact_damage": {
            "damage": 100000000,
            "knockback": false
          }
        },
        "particle_on_hit": {
          "particle_type": "lava",
          "num_particles": 8,
          "on_entity_hit": true,
          "on_other_hit": true
        },
        "power": 7.6,
        "catchFire": true,
        "offset": [
          0,
          1.45,
          0
        ],
        "gravity": 0,
        "uncertaintyBase": 0
      }
    },
    "event": {
      "m": {
        "randomize": [
          {
            "weight": 15
          },
          {
            "weight": 1,
            "add": {
              "component_groups": [
                "m"
              ]
            }
          }
        ]
      }
    }
  }
}
