{
  "format_version": "1.12.0",
  "minecraft:entity": {
    "description": {
      "identifier": "boss:hero_stone",
      "is_spawnable": false,
      "animations": {
        "dermensch": "controller.animation.raining_rocks"
      },
      "scripts": {
        "animate": [
          "dermensch"
        ]
      },
      "is_summonable": true,
      "is_experimental": false
    },
    "component_groups": {
      "minecraft:exploding": {
        "minecraft:explode": {
          "fuse_length": 0,
          "fuse_lit": true,
          "power": 5,
          "causes_fire": true,
          "destroy_affected_by_griefing": true
        }
      }
    },
    "components": {
      "minecraft:explode": {
        "fuse_length": 5,
        "fuse_lit": true,
        "power": 5,
        "causes_fire": true,
        "destroy_affected_by_griefing": true
      },
      "minecraft:health": {
        "value": 1,
        "max": 1,
        "min": 1
      },
      "minecraft:scale": {
        "value": 2.2
      },
      "minecraft:is_charged": {},
      "minecraft:collision_box": {
        "width": 0,
        "height": 0
      },
      "minecraft:type_family": {
        "family": [
          "inanimate",
          "herobrine",
          "rock"
        ]
      },
      "minecraft:behavior.knockback_roar": {
        "priority": 1,
        "duration": 2,
        "attack_time": 2,
        "knockback_damage": 200000,
        "knockback_strength": 3.5,
        "knockback_range": 6,
        "knockback_filters": {
          "test": "is_family",
          "subject": "other",
          "operator": "!=",
          "value": "herobrine"
        },
        "cooldown_time": 2
      },
      "minecraft:damage_sensor": [
        {
          "cause": "all",
          "deals_damage": false
        }
      ],
      "minecraft:projectile": {
        "on_hit": {
          "stick_in_ground": {
            "shake_time": 0.3
          },
          "definition_event": {
            "affect_projectile": true,
            "event_trigger": {
              "event": "minecraft:explode",
              "target": "self"
            }
          },
          "impact_damage": {
            "damage": 100000000,
            "knockback": true,
            "catch_fire": true
          },
          "particle_on_hit": {
            "particle_type": "lava",
            "num_particles": 8,
            "on_entity_hit": true,
            "on_other_hit": true
          },
          "catch_fire": {}
        },
        "power": 6,
        "gravity": 0.04,
        "offset": [
          0,
          1,
          0
        ],
        "inertia": 1,
        "liquid_inertia": 1,
        "semi_random_diff_damage": true
      },
      "minecraft:physics": {},
      "minecraft:pushable": {
        "is_pushable": true,
        "is_pushable_by_piston": true
      }
    },
    "events": {
      "minecraft:explode": {
        "add": {
          "component_groups": [
            "minecraft:exploding"
          ]
        }
      }
    }
  }
}
