{
  "format_version": "1.8.0",
  "minecraft:entity": {
    "description": {
      "identifier": "boss:herobrine_bedrock_multiple_spike",
      "is_spawnable": false,
      "is_summonable": true,
      "animations": {
        "dermensch": "controller.animation.tptime"
      },
      "scripts": {
        "animate": [
          "dermensch"
        ]
      },
      "is_experimental": false
    },
    "component_groups": {
      "from_explosion": {
        "minecraft:explode": {
          "fuseLength": {
            "range_min": 5,
            "range_max": 5
          },
          "fuseLit": true,
          "power": 0,
          "causesFire": false
        }
      }
    },
    "components": {
      "minecraft:type_family": {
        "family": [
          "herobrine",
          "inanimate"
        ]
      },
      "minecraft:area_attack": {
        "damage_range": 6,
        "damage_per_tick": 2000000000,
        "cause": "contact",
        "entity_filter": {
          "all_of": [
            {
              "test": "is_family",
              "subject": "other",
              "operator": "!=",
              "value": "herobrine"
            },
            {
              "test": "is_family",
              "subject": "other",
              "operator": "!=",
              "value": "inanimate"
            }
          ]
        }
      },
      "minecraft:damage_sensor": {
        "deals_damage": false
      },
      "minecraft:collision_box": {
        "width": 0,
        "height": 0.9
      },
      "minecraft:health": {
        "value": 9999,
        "max": 9999,
        "min": 9999
      },
      "minecraft:is_charged": {},
      "minecraft:explode": {
        "fuseLength": 6.2,
        "fuseLit": true,
        "power": 0,
        "causesFire": false
      },
      "minecraft:physics": {},
      "minecraft:scale": {
        "value": 1.2
      },
      "minecraft:behavior.knockback_roar": {
        "priority": 1,
        "duration": 6,
        "attack_time": 0.1,
        "knockback_damage": 1000000,
        "knockback_strength": 0,
        "knockback_range": 10,
        "knockback_filters": {
          "all_of": [
            {
              "test": "is_family",
              "subject": "other",
              "operator": "!=",
              "value": "herobrine"
            }
          ]
        },
        "damage_filters": {
          "all_of": [
            {
              "test": "is_family",
              "subject": "other",
              "operator": "!=",
              "value": "herobrine"
            },
            {
              "test": "is_family",
              "subject": "other",
              "operator": "!=",
              "value": "inanimate"
            }
          ]
        }
      }
    },
    "events": {
      "from_explosion": {
        "add": {
          "component_groups": [
            "from_explosion"
          ]
        }
      }
    }
  }
}
