{
  "format_version": "1.8.0",
  "minecraft:entity": {
    "description": {
      "identifier": "boss:herobrine_arm_blaster",
      "is_spawnable": false,
      "is_summonable": true,
      "is_experimental": false,
      "runtime_identifier": "boss:hero_laser"
    },
    "components": {
      "minecraft:spell_effects": {
        "add_effects": [
          {
            "effect": "levitation",
            "amplifier": 2,
            "visible": true,
            "ambient": true,
            "duration": 999999
          }
        ]
      },
      "minecraft:explode": {
        "fuseLength": 4.5,
        "fuseLit": true,
        "power": 0,
        "causesFire": false,
        "destroyAffectedByGriefing": true
      },
      "minecraft:shooter": {
        "def": "boss:ammo"
      },
      "minecraft:behavior.ranged_attack": {
        "priority": 2,
        "charge_charged_trigger": 1,
        "charge_shoot_trigger": 1,
        "attack_radius": 60,
        "burst_shots": 10000,
        "burst_interval": 0.2
      },
      "minecraft:fire_immune": true,
      "minecraft:behavior.nearest_attackable_target": {
        "priority": 3,
        "within_radius": 1250,
          "entity_types": [
            {
              "filters": {
                "all_of": [
                {
                  "test": "is_family",
                  "subject": "other",
                  "operator": "!=",
                  "value": "herobrine"
                },
                {
                  "test": "is_family",
                  "subject": "other",
                  "operator": "!=",
                  "value": "inanimate"
                }
              ]
            },
            "max_dist": 1250
          }
        ],
        "must_see": true
      },
      "minecraft:fall_damage": {
        "value": 0
      },
      "minecraft:knockback_resistance": {
        "value": 1
      },
      "minecraft:nameable": {},
      "minecraft:type_family": {
        "family": [
          "inanimate",
          "herobrine",
          "bedrock",
          "herolaser"
        ]
      },
      "minecraft:variant": {
        "value": 0
      },
      "minecraft:breathable": {
        "totalSupply": 15,
        "suffocateTime": 0
      },
      "minecraft:collision_box": {
        "width": 0.5,
        "height": 0.6
      },
      "minecraft:health": {
        "value": 1,
        "min": 1,
        "max": 1
      },
      "minecraft:attack": {
        "damage": 12
      },
      "minecraft:movement": {
        "value": 0.3
      },
      "minecraft:navigation.walk": {
        "can_path_over_water": true
      },
      "minecraft:movement.basic": {},
      "minecraft:jump.static": {},
      "minecraft:follow_range": {
        "value": 60
      },
      "minecraft:behavior.float": {
        "priority": 0
      },
      "minecraft:behavior.hurt_by_target": {
        "priority": 1,
        "entity_types": {
          "filters": {
            "test": "is_family",
            "subject": "other",
            "operator": "!=",
            "value": "herobrine"
          }
        }
      },
      "minecraft:physics": {}
    }
  }
}
