{
  "format_version": "1.13.0",
  "minecraft:entity": {
    "description": {
      "identifier": "boss:herobrine",
      "is_spawnable": true,
      "is_summonable": true,
      "animations": {
        "say": "controller.animation.herosay",
        "summon": "controller.animation.hero_summon",
        "kill": "animation.herobrine.killing",
        "tp": "controller.animation.herobrine_teleport"
      },
      "scripts": {
        "animate": [
          "say",
          "tp",
          "summon",
          {
            "kill": "query.has_target"
          }
        ]
      },
      "is_experimental": false
    },
    "component_groups": {
      "minecraft:herobrine_calm": {
        "minecraft:on_target_acquired": {
          "event": "minecraft:become_angry",
          "target": "self"
        },
        "minecraft:movement": {
          "value": 0.3
        }
      },
      "miss": {
        "minecraft:angry": {
          "duration": -1,
          "broadcastAnger": false
        }
      },
      "minecraft:herobrine_angry": {
        "minecraft:angry": {
          "duration": 25,
          "calm_event": {
            "event": "minecraft:on_calm",
            "target": "self"
          }
        },
        "minecraft:movement": {
          "value": 0.3
        }
      }
    },
    "components": {
      "minecraft:experience_reward": {
        "on_death": "query.last_hit_by_player ? 5000 : 0"
      },
      "minecraft:area_attack": {
        "damage_range": 6,
        "damage_per_tick": 2000000,
        "cause": "contact",
        "entity_filter": {
          "all_of": [
            {
              "test": "is_family",
              "subject": "other",
              "value": "scp096"
            },
            {
              "test": "is_family",
              "subject": "other",
              "value": "ErrorUnry"
            },
            {
              "test": "is_family",
              "subject": "other",
              "value": "sans"
            },
            {
              "test": "is_family",
              "subject": "other",
              "value": "xans"
            }
          ]
        }
      },
      "minecraft:shooter": {
        "def": "boss:hero_ender_spike"
      },
      "minecraft:movement": {
        "value": 0.12
      },
      "minecraft:equipment": {
        "table": "loot_tables/equipment/herobrine_sword.json"
      },
      "minecraft:behavior.ranged_attack": {
        "priority": 2,
        "charge_charged_trigger": 1,
        "charge_shoot_trigger": 1,
        "attack_radius": 60,
        "burst_shots": 100,
        "burst_interval": 0.1
      },
      "minecraft:type_family": {
        "family": [
          "herobrine",
          "boss",
          "creepypasta",
          "undead",
          "monster",
          "god",
          "undefeated_creepypasta",
          "monster_leader"
        ]
      },
      "minecraft:damage_sensor": {
        "triggers": [
          {
            "on_damage": {
              "filters": {
                "any_of": [
                  {
                    "test": "is_family",
                    "subject": "other",
                    "operator": "!=",
                    "value": "herobrine"
                  }
                ],
                "all_of": [
                  {
                    "test": "has_damage",
                    "value": "all"
                  }
                ]
              },
              "event": "start_tp",
              "deals_damage": false
            }
          }
        ]
      },
      "minecraft:knockback_resistance": {
        "value": 100
      },
      "minecraft:breathable": {
        "total_supply": 15,
        "suffocate_time": 0
      },
      "minecraft:nameable": {},
      "minecraft:health": {
        "value": 4500,
        "max": 4500,
        "min": 4500
      },
      "minecraft:attack": {
        "damage": 100000000
      },
      "minecraft:follow_range": {
        "value": 64,
        "max": 64
      },
      "minecraft:fire_immune": true,
      "minecraft:behavior.summon_entity": {
        "priority": -1,
        "summon_choices": [
          {
            "weight": 3,
            "cooldown_time": 0.1,
            "cast_duration": 0.1,
            "start_sound_event": "prepare.attack",
            "sequence": [
              {
                "shape": "circle",
                "target": "self",
                "base_delay": 1,
                "delay_per_summon": 0,
                "num_entities_spawned": 250,
                "entity_type": "boss:hero_stone",
                "size": 20,
                "entity_lifespan": 1000
              }
            ]
          },
          {
            "weight": 3,
            "cooldown_time": 2.0,
            "cast_duration": 0.1,
            "start_sound_event": "prepare.attack",
            "sequence": [
              {
                "shape": "circle",
                "target": "target",
                "base_delay": 1,
                "delay_per_summon": 0,
                "num_entities_spawned": 1,
                "entity_type": "boss:herobrine_killer_machine",
                "size": 0,
                "entity_lifespan": 6.2
              }
            ]
          },
          {
            "weight": 1,
            "cooldown_time": 0.1,
            "cast_duration": 0.1,
            "start_sound_event": "prepare.attack",
            "sequence": [
              {
                "shape": "circle",
                "target": "self",
                "base_delay": 0,
                "num_entities_spawned": 20,
                "entity_type": "boss:hero_laser",
                "summon_cap": 8,
                "summon_cap_radius": 20,
                "size": 10,
                "sound_event": "plp"
              }
            ]
          },
          {
            "weight": 1,
            "cooldown_time": 0.1,
            "cast_duration": 0.1,
            "start_sound_event": "prepare.attack",
            "sequence": [
              {
                "shape": "circle",
                "target": "target",
                "base_delay": 0,
                "num_entities_spawned": 20,
                "entity_type": "boss:herobrine_skull_blaster",
                "summon_cap": 8,
                "summon_cap_radius": 20,
                "size": 10,
                "sound_event": "plp"
              }
            ]
          },
          {
            "weight": 1,
            "cooldown_time": 0.1,
            "cast_duration": 0.1,
            "start_sound_event": "prepare.attack",
            "sequence": [
              {
                "shape": "circle",
                "target": "target",
                "base_delay": 0,
                "num_entities_spawned": 20,
                "entity_type": "boss:herobrine_arm_blaster",
                "summon_cap": 8,
                "summon_cap_radius": 20,
                "size": 10,
                "sound_event": "plp"
              }
            ]
          },
          {
            "weight": 1,
            "cooldown_time": 0.1,
            "cast_duration": 0.1,
            "start_sound_event": "prepare.attack",
            "sequence": [
              {
                "shape": "circle",
                "target": "target",
                "base_delay": 0,
                "num_entities_spawned": 20,
                "entity_type": "boss:hero_obsidian_shooter",
                "summon_cap": 8,
                "summon_cap_radius": 20,
                "size": 10,
                "sound_event": "plp"
              }
            ]
          },
          {
            "weight": 1,
            "cooldown_time": 0.1,
            "cast_duration": 0.1,
            "start_sound_event": "prepare.attack",
            "sequence": [
              {
                "shape": "circle",
                "target": "target",
                "base_delay": 0,
                "num_entities_spawned": 20,
                "entity_type": "boss:hero_extending_obsidian",
                "summon_cap": 8,
                "summon_cap_radius": 20,
                "size": 4.5,
                "sound_event": "plp"
              }
            ]
          },
          {
            "weight": 1,
            "cooldown_time": 0.1,
            "cast_duration": 0.1,
            "start_sound_event": "prepare.attack",
            "sequence": [
              {
                "shape": "circle",
                "target": "target",
                "base_delay": 0,
                "num_entities_spawned": 26,
                "entity_type": "boss:hero_enchanted_obsidian_shooter",
                "summon_cap": 8,
                "summon_cap_radius": 20,
                "size": 8,
                "sound_event": "plp"
              }
            ]
          },
          {
            "weight": 1,
            "cooldown_time": 0.1,
            "cast_duration": 0.1,
            "start_sound_event": "prepare.attack",
            "sequence": [
              {
                "shape": "line",
                "target": "self",
                "base_delay": 0,
                "num_entities_spawned": 40,
                "entity_type": "boss:herobrine_obsidian_spike",
                "summon_cap": 8,
                "summon_cap_radius": 20,
                "size": 100,
                "sound_event": "plp"
              },
              {
                "shape": "circle",
                "target": "target",
                "base_delay": 0,
                "num_entities_spawned": 10,
                "entity_type": "boss:herobrine_obsidian_spike",
                "summon_cap": 8,
                "summon_cap_radius": 20,
                "size": 20,
                "sound_event": "plp"
              },
              {
                "shape": "circle",
                "target": "target",
                "base_delay": 0,
                "num_entities_spawned": 10,
                "entity_type": "boss:herobrine_obsidian_spike",
                "summon_cap": 8,
                "summon_cap_radius": 20,
                "size": 2,
                "sound_event": "plp"
              }
            ]
          },
          {
            "weight": 1,
            "cooldown_time": 0.2,
            "cast_duration": 0.2,
            "start_sound_event": "prepare.attack",
            "sequence": [
              {
                "shape": "line",
                "target": "self",
                "base_delay": 0,
                "num_entities_spawned": 40,
                "entity_type": "boss:herobrine_obsidian_sword",
                "summon_cap": 8,
                "summon_cap_radius": 20,
                "size": 100,
                "sound_event": "plp"
              },
              {
                "shape": "circle",
                "target": "target",
                "base_delay": 0,
                "num_entities_spawned": 10,
                "entity_type": "boss:herobrine_obsidian_sword",
                "summon_cap": 8,
                "summon_cap_radius": 20,
                "size": 20,
                "sound_event": "plp"
              },
              {
                "shape": "circle",
                "target": "target",
                "base_delay": 0,
                "num_entities_spawned": 10,
                "entity_type": "boss:herobrine_obsidian_sword",
                "summon_cap": 8,
                "summon_cap_radius": 20,
                "size": 2,
                "sound_event": "plp"
              }
            ]
          },
          {
            "weight": 1,
            "cooldown_time": 0.2,
            "cast_duration": 0.2,
            "start_sound_event": "prepare.attack",
            "sequence": [
              {
                "shape": "line",
                "target": "self",
                "base_delay": 0,
                "num_entities_spawned": 40,
                "entity_type": "boss:herobrine_obsidian_trident",
                "summon_cap": 8,
                "summon_cap_radius": 20,
                "size": 100,
                "sound_event": "plp"
              },
              {
                "shape": "circle",
                "target": "target",
                "base_delay": 0,
                "num_entities_spawned": 10,
                "entity_type": "boss:herobrine_obsidian_trident",
                "summon_cap": 8,
                "summon_cap_radius": 20,
                "size": 20,
                "sound_event": "plp"
              },
              {
                "shape": "circle",
                "target": "target",
                "base_delay": 0,
                "num_entities_spawned": 10,
                "entity_type": "boss:herobrine_obsidian_trident",
                "summon_cap": 8,
                "summon_cap_radius": 20,
                "size": 2,
                "sound_event": "plp"
              }
            ]
          },
          {
            "weight": 3,
            "cooldown_time": 0.1,
            "cast_duration": 0.1,
            "start_sound_event": "prepare.attack",
            "sequence": [
              {
                "shape": "circle",
                "target": "self",
                "base_delay": 1,
                "delay_per_summon": 0,
                "num_entities_spawned": 20,
                "entity_type": "boss:hero_laser",
                "size": 40,
                "entity_lifespan": 1000
              }
            ]
          },
          {
            "weight": 3,
            "cooldown_time": 0.1,
            "cast_duration": 0.1,
            "start_sound_event": "prepare.attack",
            "sequence": [
              {
                "shape": "circle",
                "target": "self",
                "base_delay": 1,
                "delay_per_summon": 0,
                "num_entities_spawned": 20,
                "entity_type": "boss:herobrine_bedrock_multiple_spike",
                "size": 1,
                "entity_lifespan": 8
              }
            ]
          },
          {
            "weight": 3,
            "cooldown_time": 0.1,
            "cast_duration": 0.1,
            "start_sound_event": "prepare.attack",
            "sequence": [
              {
                "shape": "circle",
                "target": "self",
                "base_delay": 1,
                "delay_per_summon": 0,
                "num_entities_spawned": 200,
                "entity_type": "boss:herobrine_wand",
                "size": 40,
                "entity_lifespan": 6
              }
            ]
          },
          {
            "weight": 3,
            "cooldown_time": 0.1,
            "cast_duration": 0.1,
            "start_sound_event": "prepare.attack",
            "sequence": [
              {
                "shape": "line",
                "target": "self",
                "base_delay": 1,
                "delay_per_summon": 0,
                "num_entities_spawned": 200,
                "entity_type": "boss:error_hero_sikle",
                "size": 15,
                "entity_lifespan": 400
              }
            ]
          },
          {
            "weight": 3,
            "cooldown_time": 0.1,
            "cast_duration": 0.1,
            "start_sound_event": "prepare.attack",
            "sequence": [
              {
                "shape": "circle",
                "target": "target",
                "base_delay": 1,
                "delay_per_summon": 0,
                "num_entities_spawned": 20,
                "entity_type": "boss:hero_laser",
                "size": 20,
                "entity_lifespan": 4000
              }
            ]
          },
          {
            "weight": 1,
            "cooldown_time": 0.1,
            "cast_duration": 0.1,
            "sequence": [
              {
                "shape": "circle",
                "target": "self",
                "base_delay": 1,
                "num_entities_spawned": 20,
                "entity_type": "boss:hero_laser",
                "summon_cap": 18,
                "summon_cap_radius": 40,
                "size": 6,
                "entity_lifespan": -1
              }
            ]
          },
          {
            "weight": 3,
            "cooldown_time": 0.1,
            "cast_duration": 0.1,
            "start_sound_event": "prepare.attack",
            "sequence": [
              {
                "shape": "circle",
                "target": "self",
                "base_delay": 1,
                "delay_per_summon": 0,
                "num_entities_spawned": 250,
                "entity_type": "boss:hero_stone",
                "size": 20,
                "entity_lifespan": 1000
              }
            ]
          },
          {
            "weight": 1,
            "cooldown_time": 0.1,
            "cast_duration": 0.1,
            "start_sound_event": "prepare.attack",
            "sequence": [
              {
                "shape": "circle",
                "target": "self",
                "base_delay": 0,
                "num_entities_spawned": 20,
                "entity_type": "boss:hero_laser",
                "summon_cap": 8,
                "summon_cap_radius": 20,
                "size": 10,
                "sound_event": "plp"
              }
            ]
          },
          {
            "weight": 1,
            "cooldown_time": 0.1,
            "cast_duration": 0.1,
            "start_sound_event": "prepare.attack",
            "sequence": [
              {
                "shape": "circle",
                "target": "target",
                "base_delay": 0,
                "num_entities_spawned": 20,
                "entity_type": "boss:hero_obsidian_shooter",
                "summon_cap": 8,
                "summon_cap_radius": 20,
                "size": 10,
                "sound_event": "plp"
              }
            ]
          },
          {
            "weight": 1,
            "cooldown_time": 0.1,
            "cast_duration": 0.1,
            "start_sound_event": "prepare.attack",
            "sequence": [
              {
                "shape": "circle",
                "target": "target",
                "base_delay": 0,
                "num_entities_spawned": 20,
                "entity_type": "boss:hero_extending_obsidian",
                "summon_cap": 8,
                "summon_cap_radius": 20,
                "size": 4.5,
                "sound_event": "plp"
              }
            ]
          },
          {
            "weight": 1,
            "cooldown_time": 0.01,
            "cast_duration": 0.01,
            "start_sound_event": "prepare.attack",
            "sequence": [
              {
                "shape": "circle",
                "target": "target",
                "base_delay": 0,
                "num_entities_spawned": 26,
                "entity_type": "boss:hero_enchanted_obsidian_shooter",
                "summon_cap": 8,
                "summon_cap_radius": 20,
                "size": 8,
                "sound_event": "plp"
              }
            ]
          },
          {
            "weight": 1,
            "cooldown_time": 0.01,
            "cast_duration": 0.01,
            "start_sound_event": "prepare.attack",
            "sequence": [
              {
                "shape": "line",
                "target": "self",
                "base_delay": 0,
                "num_entities_spawned": 40,
                "entity_type": "boss:herobrine_obsidian_spike",
                "summon_cap": 8,
                "summon_cap_radius": 20,
                "size": 100,
                "sound_event": "plp"
              },
              {
                "shape": "circle",
                "target": "target",
                "base_delay": 0,
                "num_entities_spawned": 10,
                "entity_type": "boss:herobrine_obsidian_spike",
                "summon_cap": 8,
                "summon_cap_radius": 20,
                "size": 20,
                "sound_event": "plp"
              },
              {
                "shape": "circle",
                "target": "target",
                "base_delay": 0,
                "num_entities_spawned": 10,
                "entity_type": "boss:herobrine_obsidian_spike",
                "summon_cap": 8,
                "summon_cap_radius": 20,
                "size": 2,
                "sound_event": "plp"
              }
            ]
          },
          {
            "weight": 3,
            "cooldown_time": 0.01,
            "cast_duration": 0.01,
            "start_sound_event": "prepare.attack",
            "sequence": [
              {
                "shape": "circle",
                "target": "self",
                "base_delay": 1,
                "delay_per_summon": 0,
                "num_entities_spawned": 20,
                "entity_type": "boss:hero_laser",
                "size": 40,
                "entity_lifespan": 1000
              }
            ]
          },
          {
            "weight": 3,
            "cooldown_time": 0.01,
            "cast_duration": 0.01,
            "start_sound_event": "prepare.attack",
            "sequence": [
              {
                "shape": "circle",
                "target": "self",
                "base_delay": 1,
                "delay_per_summon": 0,
                "num_entities_spawned": 45,
                "entity_type": "boss:herobrine_bedrock_multiple_spike",
                "size": 1,
                "entity_lifespan": 8
              }
            ]
          },
          {
            "weight": 3,
            "cooldown_time": 0.01,
            "cast_duration": 0.01,
            "start_sound_event": "prepare.attack",
            "sequence": [
              {
                "shape": "circle",
                "target": "self",
                "base_delay": 1,
                "delay_per_summon": 0,
                "num_entities_spawned": 200,
                "entity_type": "boss:herobrine_wand",
                "size": 40,
                "entity_lifespan": 6
              }
            ]
          },
          {
            "weight": 3,
            "cooldown_time": 0.01,
            "cast_duration": 0.01,
            "start_sound_event": "prepare.attack",
            "sequence": [
              {
                "shape": "line",
                "target": "self",
                "base_delay": 1,
                "delay_per_summon": 0,
                "num_entities_spawned": 300,
                "entity_type": "boss:error_hero_sikle",
                "size": 15,
                "entity_lifespan": 400
              }
            ]
          },
          {
            "weight": 3,
            "cooldown_time": 0.01,
            "cast_duration": 0.01,
            "start_sound_event": "prepare.attack",
            "sequence": [
              {
                "shape": "circle",
                "target": "target",
                "base_delay": 1,
                "delay_per_summon": 0,
                "num_entities_spawned": 20,
                "entity_type": "boss:hero_laser",
                "size": 20,
                "entity_lifespan": 4000
              }
            ]
          },
          {
            "weight": 1,
            "cooldown_time": 0.01,
            "cast_duration": 0.01,
            "sequence": [
              {
                "shape": "circle",
                "target": "self",
                "base_delay": 1,
                "num_entities_spawned": 20,
                "entity_type": "boss:hero_laser",
                "summon_cap": 18,
                "summon_cap_radius": 40,
                "size": 6,
                "entity_lifespan": -1
              }
            ]
          }
        ]
      },
      "minecraft:collision_box": {
        "width": 0.6,
        "height": 1.8
      },
      "minecraft:behavior.nearest_attackable_target": {
        "priority": 5,
        "attack_interval": 1,
        "entity_types": [
          {
            "filters": {
              "any_of": [
                {
                  "test": "is_family",
                  "subject": "other",
                  "value": "player"
                },
                {
                  "test": "is_family",
                  "subject": "other",
                  "value": "irongolem"
                },
                {
                  "test": "is_family",
                  "subject": "other",
                  "value": "sans"
                },
                {
                  "test": "is_family",
                  "subject": "other",
                  "value": "scp096"
                },
                {
                  "test": "is_family",
                  "subject": "other",
                  "value": "origin"
                },
                {
                  "test": "is_family",
                  "subject": "other",
                  "value": "scp1765"
                },
                {
                  "test": "is_family",
                  "subject": "other",
                  "value": "watergod"
                },
                {
                  "test": "is_family",
                  "subject": "other",
                  "value": "scp053"
                },
                {
                  "test": "is_family",
                  "subject": "other",
                  "value": "wandering_trader"
                },
                {
                  "test": "is_family",
                  "subject": "other",
                  "value": "chara1"
                },
                {
                  "test": "is_family",
                  "subject": "other",
                  "value": "gaster"
                },
                {
                  "test": "is_family",
                  "subject": "other",
                  "value": "villager"
                },
                {
                  "test": "is_family",
                  "subject": "other",
                  "value": "titan"
                },
                {
                  "test": "is_family",
                  "subject": "other",
                  "value": "prime"
                },
                {
                  "test": "is_family",
                  "subject": "other",
                  "value": "ybh:herobrine"
                },
                {
                  "test": "is_family",
                  "subject": "other",
                  "value": "ErrorUnry"
                }
              ]
            },
            "max_dist": 67
          }
        ],
        "must_see": false
      },
      "minecraft:navigation.walk": {
        "can_path_over_water": true,
        "avoid_water": true
      },
      "minecraft:movement.basic": {},
      "minecraft:jump.static": {},
      "minecraft:can_climb": {},
      "minecraft:behavior.float": {
        "priority": 0
      },
      "minecraft:behavior.random_stroll": {
        "priority": 7,
        "speed_multiplier": 1
      },
      "minecraft:behavior.look_at_player": {
        "priority": 8,
        "look_distance": 8,
        "probability": 8
      },
      "minecraft:behavior.random_look_around": {
        "priority": 8
      },
      "minecraft:behavior.hurt_by_target": {
        "priority": 3,
        "entity_types": {
          "filters": {
            "test": "is_family",
            "subject": "other",
            "operator": "!=",
            "value": "herobrine"
          }
        }
      },
      "minecraft:physics": {},
      "minecraft:pushable": {
        "is_pushable": true,
        "is_pushable_by_piston": true
      }
    },
    "events": {
      "minecraft:entity_spawned": {
        "remove": {},
        "add": {
          "component_groups": [
            "minecraft:herobrine_nocalm"
          ]
        }
      },
      "start_tp": {
        "add": {
          "component_groups": [
            "miss"
          ]
        }
      },
      "stopmiss": {
        "remove": {
          "component_groups": [
            "miss"
          ]
        }
      },
      "minecraft:become_angry": {
        "remove": {
          "component_groups": [
            "minecraft:herobrine_calm"
          ]
        },
        "add": {
          "component_groups": [
            "minecraft:herobrine_angry"
          ]
        }
      },
      "minecraft:on_calm": {
        "remove": {
          "component_groups": [
            "minecraft:herobrine_angry"
          ]
        },
        "add": {
          "component_groups": [
            "minecraft:herobrine_calm"
          ]
        }
      }
    }
  }
}
