{
  "format_version": "1.10.0",
  "minecraft:client_entity": {
    "description": {
      "identifier": "minecraft:player",
      "materials": {
        "default": "entity_alphatest",
        "cape": "entity_alphatest",
        "animated": "player_animated"
      },
      "textures": {
        "default": "textures/entity/steve",
        "cape": "textures/entity/cape_invisible",
        "emote": "textures/entity/emote"
      },
      "geometry": {
        "default": "geometry.humanoid.custom",
        "cape": "geometry.cape",
        "emote": "geometry.emote"
      },
      "scripts": {
        "scale": "0.9375",
        "initialize": [
          "variable.is_holding_right \u003d 0.0;",
          "variable.is_blinking \u003d 0.0;",
          "variable.last_blink_time \u003d 0.0;",
          "variable.hand_bob \u003d 0.0;"
        ],
        "pre_animation": [
          "variable.helmet_layer_visible \u003d 1.0;",
          "variable.leg_layer_visible \u003d 1.0;",
          "variable.boot_layer_visible \u003d 1.0;",
          "variable.chest_layer_visible \u003d 1.0;",
          "variable.attack_body_rot_y \u003d Math.sin(360*Math.sqrt(variable.attack_time)) * 5.0;",
          "variable.tcos0 \u003d (math.cos(query.modified_distance_moved * 38.17) * query.modified_move_speed / variable.gliding_speed_value) * 57.3;",
          "variable.first_person_rotation_factor \u003d math.sin((1 - variable.attack_time) * 180.0);",
          "variable.hand_bob \u003d query.life_time \u003c 0.01 ? 0.0 : variable.hand_bob + ((query.is_on_ground \u0026\u0026 query.is_alive ? math.clamp(math.sqrt(math.pow(query.position_delta(0), 2.0) + math.pow(query.position_delta(2), 2.0)), 0.0, 0.1) : 0.0) - variable.hand_bob) * 0.02;",
          "variable.map_angle \u003d math.clamp(1 - variable.player_x_rotation / 45.1, 0.0, 1.0);",
          "variable.item_use_normalized \u003d query.main_hand_item_use_duration / query.main_hand_item_max_duration;"
        ],
        "animate": [
          "root",
          {
            "emote_dab": "query.get_equipped_item_name \u003d\u003d \u0027emote_dab\u0027 \u0026\u0026 query.is_sneaking"
          },
          {
            "emote_applause": "query.get_equipped_item_name \u003d\u003d \u0027emote_applause\u0027 \u0026\u0026 query.is_sneaking"
          },
          {
            "emote_hello": "query.get_equipped_item_name \u003d\u003d \u0027emote_hello\u0027 \u0026\u0026 query.is_sneaking"
          },
          {
            "emote_shoot_dance": "query.get_equipped_item_name \u003d\u003d \u0027emote_shoot_dance\u0027 \u0026\u0026 query.is_sneaking"
          },
          {
            "emote_lol": "query.get_equipped_item_name \u003d\u003d \u0027emote_lol\u0027 \u0026\u0026 query.is_sneaking"
          },
          {
            "emote_dangerous_game": "query.get_equipped_item_name \u003d\u003d \u0027emote_dangerous_game\u0027 \u0026\u0026 query.is_sneaking"
          },
          {
            "emote_ffwc_throne": "query.get_equipped_item_name \u003d\u003d \u0027emote_ffwc_throne\u0027 \u0026\u0026 query.is_sneaking"
          },
          {
            "emote_pirates_flag": "query.get_equipped_item_name \u003d\u003d \u0027emote_pirates_flag\u0027 \u0026\u0026 query.is_sneaking"
          },
          {
            "emote_top_dj": "query.get_equipped_item_name \u003d\u003d \u0027emote_top_dj\u0027 \u0026\u0026 query.is_sneaking"
          },
          {
            "emote_i_heart_you": "query.get_equipped_item_name \u003d\u003d \u0027emote_i_heart_you\u0027 \u0026\u0026 query.is_sneaking"
          },
          {
            "emote_selfie": "query.get_equipped_item_name \u003d\u003d \u0027emote_selfie\u0027 \u0026\u0026 query.is_sneaking"
          },
          {
            "emote_flowers_of_love": "query.get_equipped_item_name \u003d\u003d \u0027emote_flowers_of_love\u0027 \u0026\u0026 query.is_sneaking"
          },
          {
            "emote_dracos_summon": "query.get_equipped_item_name \u003d\u003d \u0027emote_dracos_summon\u0027 \u0026\u0026 query.is_sneaking"
          },
          {
            "emote_tea_time": "query.get_equipped_item_name \u003d\u003d \u0027emote_tea_time\u0027 \u0026\u0026 query.is_sneaking"
          },
          {
            "emote_lets_go": "query.get_equipped_item_name \u003d\u003d \u0027emote_lets_go\u0027 \u0026\u0026 query.is_sneaking"
          },
          {
            "emote_furious_slam": "query.get_equipped_item_name \u003d\u003d \u0027emote_furious_slam\u0027 \u0026\u0026 query.is_sneaking"
          },
          {
            "emote_doggie": "query.get_equipped_item_name \u003d\u003d \u0027emote_doggie\u0027 \u0026\u0026 query.is_sneaking"
          },
          {
            "emote_why_oh_why": "query.get_equipped_item_name \u003d\u003d \u0027emote_why_oh_why\u0027 \u0026\u0026 query.is_sneaking"
          },
          {
            "emote_feeding_time": "query.get_equipped_item_name \u003d\u003d \u0027emote_feeding_time\u0027 \u0026\u0026 query.is_sneaking"
          },
          {
            "emote_predator_pulse": "query.get_equipped_item_name \u003d\u003d \u0027emote_predator_pulse\u0027 \u0026\u0026 query.is_sneaking"
          },
          {
            "emote_cobra_dance": "query.get_equipped_item_name \u003d\u003d \u0027emote_cobra_dance\u0027 \u0026\u0026 query.is_sneaking"
          },
          {
            "emote_im_saitama": "query.get_equipped_item_name \u003d\u003d \u0027emote_im_saitama\u0027 \u0026\u0026 query.is_sneaking"
          },
          {
            "emote_more_practice": "query.get_equipped_item_name \u003d\u003d \u0027emote_more_practice\u0027 \u0026\u0026 query.is_sneaking"
          },
          {
            "emote_draco_soul": "query.get_equipped_item_name \u003d\u003d \u0027emote_draco_soul\u0027 \u0026\u0026 query.is_sneaking"
          },
          {
            "emote_cobra_rising": "query.get_equipped_item_name \u003d\u003d \u0027emote_cobra_rising\u0027 \u0026\u0026 query.is_sneaking"
          },
          {
            "emote_good_game": "query.get_equipped_item_name \u003d\u003d \u0027emote_good_game\u0027 \u0026\u0026 query.is_sneaking"
          }
        ]
      },
      "animations": {
        "root": "controller.animation.player.root",
        "base_controller": "controller.animation.player.base",
        "hudplayer": "controller.animation.player.hudplayer",
        "humanoid_base_pose": "animation.humanoid.base_pose",
        "look_at_target": "controller.animation.humanoid.look_at_target",
        "look_at_target_ui": "animation.player.look_at_target.ui",
        "look_at_target_default": "animation.humanoid.look_at_target.default",
        "look_at_target_gliding": "animation.humanoid.look_at_target.gliding",
        "look_at_target_swimming": "animation.humanoid.look_at_target.swimming",
        "look_at_target_inverted": "animation.player.look_at_target.inverted",
        "cape": "animation.player.cape",
        "move.arms": "animation.player.move.arms",
        "move.legs": "animation.player.move.legs",
        "swimming": "animation.player.swim",
        "swimming.legs": "animation.player.swim.legs",
        "riding.arms": "animation.player.riding.arms",
        "riding.legs": "animation.player.riding.legs",
        "holding": "animation.player.holding",
        "brandish_spear": "animation.humanoid.brandish_spear",
        "charging": "animation.humanoid.charging",
        "attack.positions": "animation.player.attack.positions",
        "attack.rotations": "animation.player.attack.rotations",
        "sneaking": "animation.player.sneaking",
        "bob": "animation.player.bob",
        "damage_nearby_mobs": "animation.humanoid.damage_nearby_mobs",
        "bow_and_arrow": "animation.humanoid.bow_and_arrow",
        "use_item_progress": "animation.humanoid.use_item_progress",
        "skeleton_attack": "animation.skeleton.attack",
        "sleeping": "animation.player.sleeping",
        "first_person_base_pose": "animation.player.first_person.base_pose",
        "first_person_empty_hand": "animation.player.first_person.empty_hand",
        "first_person_swap_item": "animation.player.first_person.swap_item",
        "first_person_attack_controller": "controller.animation.player.first_person_attack",
        "first_person_attack_rotation": "animation.player.first_person.attack_rotation",
        "first_person_vr_attack_rotation": "animation.player.first_person.vr_attack_rotation",
        "first_person_walk": "animation.player.first_person.walk",
        "first_person_map_controller": "controller.animation.player.first_person_map",
        "first_person_map_hold": "animation.player.first_person.map_hold",
        "first_person_map_hold_attack": "animation.player.first_person.map_hold_attack",
        "first_person_map_hold_off_hand": "animation.player.first_person.map_hold_off_hand",
        "first_person_map_hold_main_hand": "animation.player.first_person.map_hold_main_hand",
        "first_person_crossbow_equipped": "animation.player.first_person.crossbow_equipped",
        "third_person_crossbow_equipped": "animation.player.crossbow_equipped",
        "third_person_bow_equipped": "animation.player.bow_equipped",
        "crossbow_hold": "animation.player.crossbow_hold",
        "crossbow_controller": "controller.animation.player.crossbow",
        "shield_block_main_hand": "animation.player.shield_block_main_hand",
        "shield_block_off_hand": "animation.player.shield_block_off_hand",
        "emote_dab": "animation.emote.dab",
        "emote_applause": "animation.emote.applause",
        "emote_hello": "animation.emote.hello",
        "emote_shoot_dance": "animation.emote.shoot_dance",
        "emote_lol": "animation.emote.lol",
        "emote_dangerous_game": "animation.emote.dangerous_game",
        "emote_ffwc_throne": "animation.emote.ffwc_throne",
        "emote_pirates_flag": "animation.emote.pirates_flag",
        "emote_top_dj": "animation.emote.top_dj",
        "emote_i_heart_you": "animation.emote.i_heart_you",
        "emote_selfie": "animation.emote.selfie",
        "emote_flowers_of_love": "animation.emote.flowers_of_love",
        "emote_dracos_summon": "animation.emote.dracos_summon",
        "emote_tea_time": "animation.emote.tea_time",
        "emote_lets_go": "animation.emote.lets_go",
        "emote_furious_slam": "animation.emote.furious_slam",
        "emote_doggie": "animation.emote.doggie",
        "emote_why_oh_why": "animation.emote.why_oh_why",
        "emote_feeding_time": "animation.emote.feeding_time",
        "emote_predator_pulse": "animation.emote.predator_pulse",
        "emote_cobra_dance": "animation.emote.cobra_dance",
        "emote_im_saitama": "animation.emote.im_saitama",
        "emote_more_practice": "animation.emote.more_practice",
        "emote_draco_soul": "animation.emote.draco_soul",
        "emote_cobra_rising": "animation.emote.cobra_rising",
        "emote_good_game": "animation.emote.good_game"
      },
      "render_controllers": [
        {
          "controller.render.player.first_person": "variable.is_first_person"
        },
        {
          "controller.render.player.third_person": "!variable.is_first_person \u0026\u0026 !variable.map_face_icon"
        },
        {
          "controller.render.player.map": "variable.map_face_icon"
        },
        {
          "controller.render.emote_ffwc_throne": "query.get_equipped_item_name \u003d\u003d \u0027emote_ffwc_throne\u0027 \u0026\u0026 query.is_sneaking"
        },
        {
          "controller.render.emote_pirates_flag": "query.get_equipped_item_name \u003d\u003d \u0027emote_pirates_flag\u0027 \u0026\u0026 query.is_sneaking"
        },
        {
          "controller.render.emote_top_dj": "query.get_equipped_item_name \u003d\u003d \u0027emote_top_dj\u0027 \u0026\u0026 query.is_sneaking"
        },
        {
          "controller.render.emote_i_heart_you": "query.get_equipped_item_name \u003d\u003d \u0027emote_i_heart_you\u0027 \u0026\u0026 query.is_sneaking"
        },
        {
          "controller.render.emote_selfie": "query.get_equipped_item_name \u003d\u003d \u0027emote_selfie\u0027 \u0026\u0026 query.is_sneaking"
        },
        {
          "controller.render.emote_flowers_of_love": "query.get_equipped_item_name \u003d\u003d \u0027emote_flowers_of_love\u0027 \u0026\u0026 query.is_sneaking"
        },
        {
          "controller.render.emote_dracos_summon": "query.get_equipped_item_name \u003d\u003d \u0027emote_dracos_summon\u0027 \u0026\u0026 query.is_sneaking"
        },
        {
          "controller.render.emote_tea_time": "query.get_equipped_item_name \u003d\u003d \u0027emote_tea_time\u0027 \u0026\u0026 query.is_sneaking"
        },
        {
          "controller.render.emote_lets_go": "query.get_equipped_item_name \u003d\u003d \u0027emote_lets_go\u0027 \u0026\u0026 query.is_sneaking"
        },
        {
          "controller.render.emote_doggie": "query.get_equipped_item_name \u003d\u003d \u0027emote_doggie\u0027 \u0026\u0026 query.is_sneaking"
        },
        {
          "controller.render.emote_feeding_time": "query.get_equipped_item_name \u003d\u003d \u0027emote_feeding_time\u0027 \u0026\u0026 query.is_sneaking"
        },
        {
          "controller.render.emote_predator_pulse": "query.get_equipped_item_name \u003d\u003d \u0027emote_predator_pulse\u0027 \u0026\u0026 query.is_sneaking"
        },
        {
          "controller.render.emote_cobra_dance": "query.get_equipped_item_name \u003d\u003d \u0027emote_cobra_dance\u0027 \u0026\u0026 query.is_sneaking"
        },
        {
          "controller.render.emote_im_saitama": "query.get_equipped_item_name \u003d\u003d \u0027emote_im_saitama\u0027 \u0026\u0026 query.is_sneaking"
        },
        {
          "controller.render.emote_more_practice": "query.get_equipped_item_name \u003d\u003d \u0027emote_more_practice\u0027 \u0026\u0026 query.is_sneaking"
        },
        {
          "controller.render.emote_draco_soul": "query.get_equipped_item_name \u003d\u003d \u0027emote_draco_soul\u0027 \u0026\u0026 query.is_sneaking"
        },
        {
          "controller.render.emote_cobra_rising": "query.get_equipped_item_name \u003d\u003d \u0027emote_cobra_rising\u0027 \u0026\u0026 query.is_sneaking"
        },
        {
          "controller.render.emote_good_game": "query.get_equipped_item_name \u003d\u003d \u0027emote_good_game\u0027 \u0026\u0026 query.is_sneaking"
        }
      ],
      "enable_attachables": true
    }
  }
}