{
	"format_version": "1.12.0",
	"minecraft:geometry": [
		{
			"description": {
				"identifier": "geometry.armor_stand",
				"texture_width": 84,
				"texture_height": 84,
				"visible_bounds_width": 8,
				"visible_bounds_height": 5.5,
				"visible_bounds_offset": [0, 2.25, 0]
			},
			"bones": [
				{
					"name": "waist",
					"pivot": [0, 0, 0]
				},
				{
					"name": "body",
					"parent": "waist",
					"pivot": [0, 32.4, 0],
					"cubes": [
						{"origin": [-3.5, 40.4, -2], "size": [7, 4, 4], "uv": [0, 51]},
						{"origin": [-2.8, 40.1, -2.3], "size": [5.6, 5.6, 4.6], "uv": [23, 51]},
						{"origin": [-2.8, 40.1, -2.7], "size": [5.6, 5.6, 0], "pivot": [0, 45, -3], "rotation": [-5, 0, 0], "uv": [69, 73]},
						{"origin": [-5.8, 39.5, -2.5], "size": [7.6, 4.6, 0], "pivot": [-2, 42.8, -2.3], "rotation": [-15, 20, 0], "uv": [66, 32]},
						{"origin": [-0.8, 39.5, -2.5], "size": [7.6, 4.6, 0], "pivot": [0, 42.8, -2.3], "rotation": [-20, -7.5, 0], "uv": [66, 32]},
						{"origin": [-5.80761, 35.01823, -4.05794], "size": [7.6, 4.6, 0], "pivot": [-2, 35.8, -2.3], "rotation": [-25, 15, 0], "uv": [66, 32]},
						{"origin": [-0.78858, 35.2024, -3.66299], "size": [7.6, 4.6, 0], "pivot": [3, 35.8, -2.3], "rotation": [-17.5, 0, 0], "uv": [66, 32]},
						{"origin": [-0.78858, 37.43381, -2.15946], "size": [7.6, 4.6, 0], "pivot": [3, 40.8, -2.3], "rotation": [-55, 0, 0], "uv": [66, 32]},
						{"origin": [-3.78858, 36.2024, -3.66299], "size": [7.6, 4.6, 0], "pivot": [3, 35.8, -2.3], "rotation": [-12.5, 0, 0], "uv": [66, 32]},
						{"origin": [-2.8, 38.66903, -2.95658], "size": [7.6, 4.6, 0], "pivot": [1, 40.8, -3.3], "rotation": [-32.5, 0, 0], "uv": [66, 32]},
						{"origin": [-4.3, 37.62618, -2.6997], "size": [8.6, 4.6, 0], "pivot": [0, 40.52618, -2.6997], "rotation": [-12.5, 0, 0], "uv": [66, 32]},
						{"origin": [-4.3, 31.55507, -2.34902], "size": [8.6, 4.6, 0], "pivot": [0, 37.52618, -2.6997], "rotation": [-12.5, 5, 0], "uv": [66, 32]},
						{"origin": [-0.3, 31.53136, -2.56546], "size": [8.6, 4.6, 0], "pivot": [0, 36.52618, -2.6997], "rotation": [-12.5, -5, 0], "uv": [66, 32]},
						{"origin": [-5.3, 33.62618, -1.6997], "size": [8.6, 4.6, 0], "pivot": [0, 40.52618, -2.6997], "rotation": [-17.5, 2.5, 0], "uv": [66, 32]},
						{"origin": [-2.29144, 29.73767, -3.85061], "size": [8.6, 4.6, 0], "pivot": [1, 30.52618, -2.6997], "rotation": [-22.5, -12.5, 0], "uv": [66, 32]},
						{"origin": [-5.29144, 29.73767, -3.85061], "size": [8.6, 4.6, 0], "pivot": [1, 30.52618, -2.6997], "rotation": [-22.5, 0, 0], "uv": [66, 32]},
						{"origin": [-1.3, 33.62618, -1.6997], "size": [8.6, 4.6, 0], "pivot": [0, 40.52618, -2.6997], "rotation": [-17.5, -5, 0], "uv": [66, 32]},
						{"origin": [-1.3, 38.62618, -2.6997], "size": [8.6, 4.6, 0], "pivot": [0, 40.52618, -2.6997], "rotation": [-12.5, 0, 0], "uv": [66, 32]},
						{"origin": [-4, 32.4, -2.7], "size": [8, 8, 5], "uv": [0, 63]},
						{"origin": [-3.3, 32.1, -2], "size": [6.6, 7.6, 3.6], "uv": [27, 63]}
					]
				},
				{
					"name": "head",
					"parent": "body",
					"pivot": [0, 44.4, 0],
					"cubes": [
						{"origin": [-4, 51.4, -2], "size": [8, 3, 4], "uv": [2, 19]},
						{"origin": [-4, 46.4, -3], "size": [7, 7, 6], "uv": [0, 21]},
						{"origin": [-2.26758, 44.12991, -3.43934], "size": [2, 2, 1], "pivot": [0, 44.91391, -3.26844], "rotation": [2.40268, -2.48373, 12.32275], "uv": [10, 55]},
						{"origin": [-6.26758, 44.14569, -3.6], "size": [12, 10, 0], "pivot": [0, 44.91391, -3.26844], "rotation": [-0.56512, -0.36313, -0.17352], "uv": [56, 12]},
						{"origin": [-0.80752, 44.17567, -3.40946], "size": [3, 2, 1], "pivot": [-1, 44.91391, -3.26844], "rotation": [-2.66531, 3.23857, -7.32522], "uv": [8, 57]},
						{"origin": [-2.3, 46.1, -3.3], "size": [3.6, 7.6, 6.6], "uv": [1, 67]},
						{"origin": [-2.3, 45.1, -2.3], "size": [3.6, 1.6, 5.6], "uv": [2, 70]},
						{"origin": [1.69752, 48.88903, -3.3], "size": [5, 5.6, 6.6], "pivot": [4, 55, 1], "rotation": [0, 0, 12.5], "uv": [3, 65]},
						{"origin": [-0.35828, 44.11156, -3.3], "size": [3, 5, 6.6], "pivot": [3, 45, 0], "rotation": [0, 0, 37.5], "uv": [3, 65]},
						{"origin": [-7.21396, 48.56206, -3.3], "size": [5, 5.6, 6.6], "pivot": [-5, 54, 0], "rotation": [0, 0, -15], "uv": [7, 66]},
						{"origin": [-5.69512, 43.0988, -3.3], "size": [3, 5, 6.6], "pivot": [-6, 48, 0], "rotation": [0, 0, -42.5], "uv": [7, 66]},
						{"origin": [-7.21396, 54.16206, -2.3], "size": [5, 3, 0], "pivot": [-5, 54, 0], "rotation": [0, 0, -15], "uv": [65, 47], "mirror": true},
						{"origin": [-11.64317, 54.02872, 1.5177], "size": [4, 3, 0], "pivot": [-6, 57, 1], "rotation": [0, 25, -45], "uv": [67, 39]},
						{"origin": [-10.64317, 54.02872, -1.4823], "size": [4, 3, 0], "pivot": [-6, 57, 1], "rotation": [0, 25, -45], "uv": [67, 39]},
						{"origin": [-9.64317, 49.80463, -0.25109], "size": [4, 3, 0], "pivot": [-8, 51, 1], "rotation": [-57.5, -102.5, 0], "uv": [67, 39]},
						{"origin": [-11.64317, 48.80463, 0.74891], "size": [4, 3, 0], "pivot": [-8, 51, 1], "rotation": [-55, -107.5, 0], "uv": [67, 39]},
						{"origin": [-11.64317, 50.80463, -0.25109], "size": [4, 3, 0], "pivot": [-8, 51, 1], "rotation": [-55, -107.5, 0], "uv": [67, 39]},
						{"origin": [-9.78202, 48.60296, -3.61192], "size": [4, 3, 0], "pivot": [-8, 50, -2], "rotation": [-52.5, -90, 0], "uv": [67, 39]},
						{"origin": [-5.78202, 48.60296, -3.61192], "size": [4, 3, 0], "pivot": [-8, 50, -2], "rotation": [-52.5, -90, 0], "uv": [67, 39]},
						{"origin": [-7.64317, 48.56602, 1.13672], "size": [4, 3, 0], "pivot": [-6, 49, 1], "rotation": [-42.5, -90, 0], "uv": [67, 39]},
						{"origin": [-9.46886, 45.00975, 1.33467], "size": [4, 3, 0], "pivot": [-7, 48, 1], "rotation": [-103.95346, -85.02358, 29.05888], "uv": [67, 39]},
						{"origin": [-7.38997, 48.06573, -0.39292], "size": [4, 3, 0], "pivot": [-5, 48, -1], "rotation": [-35, -100, 0], "uv": [67, 39]},
						{"origin": [6.26595, 50.0067, -1.4161], "size": [4, 3, 0], "pivot": [8, 53, -2], "rotation": [35, -85, 2.5], "uv": [67, 39], "mirror": true},
						{"origin": [8.26595, 51.0067, -0.4161], "size": [4, 3, 0], "pivot": [8, 53, -2], "rotation": [35, -85, 2.5], "uv": [67, 39]},
						{"origin": [4.26215, 48.63717, 0.65309], "size": [4, 3, 0], "pivot": [6, 49, 0], "rotation": [37.5, -85, 2.5], "uv": [67, 39], "mirror": true},
						{"origin": [6.26215, 51.63717, 2.65309], "size": [4, 3, 0], "pivot": [6, 49, 0], "rotation": [37.5, -85, 2.5], "uv": [67, 39], "mirror": true},
						{"origin": [3.33781, 48.93767, -2.32899], "size": [4, 3, 0], "pivot": [5, 49, -2], "rotation": [25, -85, 0], "uv": [67, 39], "mirror": true},
						{"origin": [6.33781, 47.93767, -2.32899], "size": [4, 3, 0], "pivot": [5, 49, -2], "rotation": [47.5, -85, 0], "uv": [67, 39], "mirror": true},
						{"origin": [4.25827, 45.345, -0.2522], "size": [4, 3, 0], "pivot": [6, 48, 0], "rotation": [-112.5, -72.5, 180], "uv": [67, 39], "mirror": true},
						{"origin": [5.25827, 50.345, 1.7478], "size": [4, 3, 0], "pivot": [6, 48, 0], "rotation": [40, -107.5, 0], "uv": [67, 39], "mirror": true},
						{"origin": [7.33781, 48.93767, -1.32899], "size": [4, 3, 0], "pivot": [5, 48, -2], "rotation": [25, -85, 2.5], "uv": [67, 39], "mirror": true},
						{"origin": [-10.64317, 51.56602, -0.86328], "size": [4, 3, 0], "pivot": [-6, 49, 1], "rotation": [-42.5, -90, 0], "uv": [67, 39]},
						{"origin": [-7.64317, 52.56602, -0.86328], "size": [4, 3, 0], "pivot": [-6, 49, 1], "rotation": [-42.5, -90, 0], "uv": [67, 39]},
						{"origin": [-5.40463, 54.71377, -2.3], "size": [3, 3, 0], "pivot": [-3, 55, -2], "rotation": [0, 22.5, -32.5], "uv": [65, 47]},
						{"origin": [-7.21396, 54.16206, -0.3], "size": [5, 3, 0], "pivot": [-5, 54, 0], "rotation": [0, 0, -15], "uv": [66, 39], "mirror": true},
						{"origin": [-6.40463, 53.71377, 1.7], "size": [5, 3, 0], "pivot": [-3, 55, 2], "rotation": [12.5, 30, -15], "uv": [66, 39], "mirror": true},
						{"origin": [-6.40463, 53.71377, -4.3], "size": [5, 3, 0], "pivot": [-1, 55, -2], "rotation": [0, 95, 0], "uv": [66, 39], "mirror": true},
						{"origin": [-6.40463, 52.71377, -7.3], "size": [5, 3, 0], "pivot": [-1, 55, -2], "rotation": [0, 95, 0], "uv": [66, 39], "mirror": true},
						{"origin": [-3.40463, 53.71377, -5.3], "size": [5, 3, 0], "pivot": [-1, 55, -2], "rotation": [0, 95, 0], "uv": [66, 39], "mirror": true},
						{"origin": [-7.21396, 54.16206, -1.3], "size": [5, 3, 0], "pivot": [-5, 54, 0], "rotation": [0, 22.5, -15], "uv": [65, 47], "mirror": true},
						{"origin": [-8.2821, 53.64442, -2.3], "size": [5, 3, 0], "pivot": [-7, 54, -2], "rotation": [20, 20, -25], "uv": [65, 47], "mirror": true},
						{"origin": [-6.2821, 48.64442, -2.3], "size": [2, 2, 0], "pivot": [-6, 49, -2], "rotation": [0, 0, -77.5], "uv": [68, 48]},
						{"origin": [-7.2821, 50.64442, -1.3], "size": [2, 2, 0], "pivot": [-6, 51, -1], "rotation": [0, 0, -95], "uv": [68, 48]},
						{"origin": [-7.2821, 50.64442, 0.7], "size": [2, 2, 0], "pivot": [-6, 51, 1], "rotation": [0, 0, -90], "uv": [68, 48]},
						{"origin": [-6.32768, 47.12348, 0.7], "size": [2, 2, 0], "pivot": [-6, 48, 1], "rotation": [0, 0, -85], "uv": [68, 48]},
						{"origin": [-6.32768, 47.12348, -1.3], "size": [2, 2, 0], "pivot": [-6, 48, 1], "rotation": [0, 0, -85], "uv": [68, 48]},
						{"origin": [-6.32768, 47.12348, 3.7], "size": [2, 2, 0], "pivot": [-6, 48, 1], "rotation": [-25, 0, -77.5], "uv": [68, 48]},
						{"origin": [-10.19807, 43.30703, 5.94595], "size": [3, 5, 0], "pivot": [-11, 50, 1], "rotation": [-27.5, 0, -77.5], "uv": [68, 39]},
						{"origin": [-0.32768, 45.12348, 3.7], "size": [3, 5, 0], "pivot": [-6, 48, 1], "rotation": [-25, 0, -77.5], "uv": [68, 39]},
						{"origin": [4.62644, 49.14569, 2.21874], "size": [3, 5, 0], "pivot": [4, 53, 3], "rotation": [-165, 0, -105], "uv": [68, 39]},
						{"origin": [2.41278, 47.11942, 4.44536], "size": [4, 4, 0], "pivot": [4, 51, 5], "rotation": [-19.30423, 3.1622, 24.81197], "uv": [67, 38]},
						{"origin": [0.62644, 50.98968, 3.36146], "size": [4, 4, 0], "pivot": [3, 52, 4], "rotation": [-5, 0, 0], "uv": [67, 38]},
						{"origin": [-4.37356, 50.98968, 3.36146], "size": [4, 4, 0], "pivot": [3, 52, 4], "rotation": [-5, 0, 0], "uv": [67, 38]},
						{"origin": [-1.37356, 52.05045, 4.05605], "size": [4, 4, 0], "pivot": [1, 56, 4], "rotation": [-12.5, 0, 0], "uv": [67, 38]},
						{"origin": [-1.37356, 47.93193, 3.97386], "size": [4, 4, 0], "pivot": [1, 51, 4], "rotation": [-15, 0, 0], "uv": [67, 38]},
						{"origin": [-4.37356, 45.86378, 4.45622], "size": [4, 4, 0], "pivot": [-2, 49, 4], "rotation": [-22.5, 0, 0], "uv": [67, 38]},
						{"origin": [0.08303, 46.48049, 5.17811], "size": [3, 5, 0], "pivot": [2, 54, 5], "rotation": [-157.5, 0, -77.5], "uv": [68, 30]},
						{"origin": [-4.32768, 49.12348, 2.7], "size": [2, 2, 0], "pivot": [-6, 48, 1], "rotation": [-25, 0, -77.5], "uv": [68, 48]},
						{"origin": [-2.32768, 49.12348, 2.7], "size": [2, 2, 0], "pivot": [-6, 48, 1], "rotation": [-25, 0, -77.5], "uv": [68, 48]},
						{"origin": [-2.32768, 50.12348, 2.7], "size": [2, 2, 0], "pivot": [-6, 48, 1], "rotation": [-25, 0, -77.5], "uv": [68, 48]},
						{"origin": [-6.32768, 46.12348, -2.3], "size": [2, 2, 0], "pivot": [-6, 48, 1], "rotation": [-25, 0, -77.5], "uv": [68, 48]},
						{"origin": [-5.32768, 47.12348, 2.7], "size": [2, 2, 0], "pivot": [-6, 48, 1], "rotation": [0, 0, -95], "uv": [68, 48]},
						{"origin": [-9.2821, 48.64442, 0.7], "size": [2, 2, 0], "pivot": [-6, 51, 1], "rotation": [0, 0, -90], "uv": [68, 48]},
						{"origin": [-4.43248, 53.71336, -2.66359], "size": [5, 3, 0], "pivot": [-2, 53, -4], "rotation": [20, 10, 0], "uv": [65, 47], "mirror": true},
						{"origin": [-4.43248, 52.71336, -3.66359], "size": [5, 3, 0], "pivot": [-2, 53, -4], "rotation": [50, 10, 0], "uv": [65, 47], "mirror": true},
						{"origin": [-5.43248, 51.71336, -4.66359], "size": [5, 3, 0], "pivot": [-2, 53, -4], "rotation": [50, 10, 0], "uv": [65, 47], "mirror": true},
						{"origin": [-6.47805, 49.59987, -3.79665], "size": [5, 3, 0], "pivot": [-5, 51, -4], "rotation": [25, 10, 0], "uv": [65, 47], "mirror": true},
						{"origin": [1.52195, 52.59987, -0.79665], "size": [5, 3, 0], "pivot": [-5, 51, -4], "rotation": [25, 10, 0], "uv": [67, 39]},
						{"origin": [1.86271, 47.59987, -3.69158], "size": [5, 3, 0], "pivot": [4, 45, -4], "rotation": [-5, 0, 0], "uv": [67, 32]},
						{"origin": [-6.47805, 52.59987, -1.79665], "size": [5, 3, 0], "pivot": [-5, 51, -4], "rotation": [25, 10, 0], "uv": [67, 39], "mirror": true},
						{"origin": [-6.47805, 51.59987, -2.79665], "size": [5, 3, 0], "pivot": [-5, 51, -4], "rotation": [25, 10, 0], "uv": [65, 47], "mirror": true},
						{"origin": [-5.43248, 51.71336, -0.66359], "size": [5, 3, 0], "pivot": [-2, 53, -4], "rotation": [20, 10, 0], "uv": [68, 39], "mirror": true},
						{"origin": [-6.47805, 53.41458, -1.49002], "size": [5, 3, 0], "pivot": [-5, 51, -4], "rotation": [20, 10, 0], "uv": [65, 47], "mirror": true},
						{"origin": [-2.83302, 53.06154, -1.81897], "size": [5, 3, 0], "pivot": [-2, 54, -2], "rotation": [20, 20, 42.5], "uv": [65, 47], "mirror": true},
						{"origin": [1.33015, 54.11581, 0.90001], "size": [5, 3, 0], "pivot": [-2, 55, -2], "rotation": [20, 20, 10], "uv": [65, 47], "mirror": true},
						{"origin": [0.33015, 54.11581, -0.09999], "size": [5, 3, 0], "pivot": [2, 55, 0], "rotation": [0, 45, 0], "uv": [67, 39]},
						{"origin": [-3.55833, 53.03202, 2.8971], "size": [5, 3, 0], "pivot": [-1, 54, 3], "rotation": [0, 15, 0], "uv": [67, 39], "mirror": true},
						{"origin": [-2.5692, 53.03202, 1.87504], "size": [5, 3, 0], "pivot": [-1, 54, 1], "rotation": [0, -32.5, 0], "uv": [67, 39], "mirror": true},
						{"origin": [-3.5692, 53.03202, -2.12496], "size": [5, 3, 0], "pivot": [0, 54, -2], "rotation": [0, -37.5, 0], "uv": [67, 39], "mirror": true},
						{"origin": [-1.5692, 54.03202, -0.12496], "size": [5, 3, 0], "pivot": [0, 54, -2], "rotation": [-17.5, -37.5, 0], "uv": [67, 39], "mirror": true},
						{"origin": [-2.5692, 53.03202, -2.12496], "size": [5, 3, 0], "pivot": [0, 54, -2], "rotation": [0, 45, 0], "uv": [66, 39]},
						{"origin": [-4.5692, 54.03202, -0.12496], "size": [5, 3, 0], "pivot": [0, 56, -2], "rotation": [-15, 45, 0], "uv": [66, 39]},
						{"origin": [1.33015, 54.11581, -3.09999], "size": [3, 3, 0], "uv": [68, 47]},
						{"origin": [3.33015, 54.11581, -1.09999], "size": [3, 3, 0], "pivot": [6, 55, -2], "rotation": [0, 0, 2.5], "uv": [68, 47]},
						{"origin": [-0.6746, 53.33391, -1.09999], "size": [3, 3, 0], "pivot": [1, 55, -1], "rotation": [0, -20, -27.5], "uv": [68, 47]},
						{"origin": [3.3254, 53.33391, 1.90001], "size": [3, 3, 0], "pivot": [1, 55, -1], "rotation": [0, -20, -7.5], "uv": [68, 47]},
						{"origin": [3.3254, 53.33391, 0.90001], "size": [3, 3, 0], "pivot": [1, 55, -1], "rotation": [0, -20, -7.5], "uv": [68, 47]},
						{"origin": [0.32309, 53.44732, -2.97079], "size": [3, 3, 0], "pivot": [2, 53, -3], "rotation": [40, 17.5, -10], "uv": [68, 47]},
						{"origin": [2.32309, 51.44732, -3.97079], "size": [3, 3, 0], "pivot": [2, 53, -3], "rotation": [52.5, 17.5, -10], "uv": [68, 47]},
						{"origin": [1.32309, 51.44732, -3.97079], "size": [3, 3, 0], "pivot": [2, 53, -3], "rotation": [40, 17.5, -10], "uv": [68, 47]},
						{"origin": [4.3254, 53.33391, -3.09999], "size": [3, 3, 0], "pivot": [1, 55, -1], "rotation": [0, -20, -7.5], "uv": [68, 47]},
						{"origin": [4.76372, 53.97798, 1.73176], "size": [3, 3, 0], "pivot": [6, 54, 2], "rotation": [0, -20, 22.5], "uv": [68, 47]},
						{"origin": [1.76372, 52.97798, 1.73176], "size": [3, 3, 0], "pivot": [6, 54, 2], "rotation": [0, -20, 22.5], "uv": [68, 47]},
						{"origin": [1.76372, 52.97798, 3.73176], "size": [3, 3, 0], "pivot": [6, 54, 2], "rotation": [0, -20, 22.5], "uv": [68, 47], "mirror": true},
						{"origin": [-0.23628, 51.97798, 3.73176], "size": [3, 3, 0], "pivot": [6, 54, 2], "rotation": [0, -20, 22.5], "uv": [66, 39]},
						{"origin": [0.39427, 54.12603, -1.39712], "size": [3, 3, 0], "pivot": [3, 54, -1], "rotation": [0, -45, 22.5], "uv": [66, 39]},
						{"origin": [3.32678, 54.74335, -0.15805], "size": [3, 3, 0], "pivot": [4, 54, 1], "rotation": [0, -45, 22.5], "uv": [66, 39], "mirror": true},
						{"origin": [5.606, 52.97798, 2.7343], "size": [3, 3, 0], "pivot": [6, 54, 3], "rotation": [10, -45, 10], "uv": [66, 39], "mirror": true},
						{"origin": [3.606, 52.97798, 0.7343], "size": [5, 3, 0], "pivot": [5, 54, 1], "rotation": [0, -27.5, 42.5], "uv": [67, 39], "mirror": true},
						{"origin": [4.606, 51.97798, 0.7343], "size": [5, 3, 0], "pivot": [5, 54, 1], "rotation": [0, -27.5, 42.5], "uv": [67, 39], "mirror": true},
						{"origin": [2.606, 50.97798, -3.2657], "size": [5, 3, 0], "pivot": [5, 54, 1], "rotation": [0, -27.5, 42.5], "uv": [67, 39], "mirror": true},
						{"origin": [3.606, 50.97798, -2.2657], "size": [5, 3, 0], "pivot": [5, 54, 1], "rotation": [0, -27.5, 42.5], "uv": [67, 39], "mirror": true},
						{"origin": [1.14449, 46.72115, 0.62994], "size": [5, 3, 0], "pivot": [4, 47, -1], "rotation": [-20.99692, -18.17696, 118.39594], "uv": [67, 47], "mirror": true},
						{"origin": [1.01046, 48.40165, 0.60602], "size": [5, 3, 0], "pivot": [5, 48, 1], "rotation": [0, -27.5, 67.5], "uv": [67, 47], "mirror": true},
						{"origin": [0.01046, 48.40165, -1.39398], "size": [5, 3, 0], "pivot": [5, 48, 1], "rotation": [0, -27.5, 67.5], "uv": [67, 47], "mirror": true},
						{"origin": [-14.23731, 48.33596, -0.86783], "size": [5, 3, 0], "pivot": [-9, 48, 1], "rotation": [0, -27.5, 92.5], "uv": [67, 56]},
						{"origin": [-11.23731, 49.33596, -0.86783], "size": [5, 3, 0], "pivot": [-9, 48, 1], "rotation": [0, -27.5, 82.5], "uv": [67, 56]},
						{"origin": [2.85154, 45.33502, -0.56605], "size": [5, 3, 0], "pivot": [7, 49, 0], "rotation": [20, -80, 42.5], "uv": [67, 39], "mirror": true},
						{"origin": [3.91281, 51.6268, 3.75414], "size": [5, 3, 0], "pivot": [7, 54, 4], "rotation": [-15, -12.5, 60], "uv": [67, 39], "mirror": true},
						{"origin": [5.91281, 49.6268, 3.75414], "size": [5, 3, 0], "pivot": [7, 54, 4], "rotation": [-15, -12.5, 60], "uv": [67, 39]},
						{"origin": [3.94178, 50.36408, -2.73686], "size": [5, 3, 0], "pivot": [7, 53, -3], "rotation": [0, -17.5, 50], "uv": [67, 39], "mirror": true},
						{"origin": [1.606, 53.97798, -2.2657], "size": [5, 3, 0], "pivot": [5, 54, 1], "rotation": [0, -27.5, 42.5], "uv": [66, 39]},
						{"origin": [2.606, 52.97798, -0.2657], "size": [3, 3, 0], "pivot": [6, 54, 3], "rotation": [0, -45, 10], "uv": [66, 39], "mirror": true},
						{"origin": [5.1728, 53.92395, -2.53938], "size": [3, 3, 0], "pivot": [6, 54, -3], "rotation": [2.5, -25, 12.5], "uv": [68, 47]},
						{"origin": [3.1728, 52.92395, -3.53938], "size": [3, 3, 0], "pivot": [6, 54, -3], "rotation": [12.5, 0, 12.5], "uv": [68, 47]},
						{"origin": [3.49978, 50.99472, -2.85861], "size": [3, 3, 0], "pivot": [5, 51, -3], "rotation": [42.5, 0, 12.5], "uv": [68, 47]},
						{"origin": [1.07799, 53.31404, -3.39867], "size": [3, 3, 0], "pivot": [2, 54, -3], "rotation": [12.5, 0, 12.5], "uv": [68, 47]},
						{"origin": [-0.16216, 52.47851, -3.14051], "size": [3, 3, 0], "pivot": [1, 53, -3], "rotation": [12.5, 0, 12.5], "uv": [68, 47]},
						{"origin": [-7.11165, 52.32314, -3.7004], "size": [3, 3, 0], "pivot": [-6, 54, -3], "rotation": [32.5, 0, 12.5], "uv": [67, 40], "mirror": true},
						{"origin": [5.1728, 52.92395, -3.53938], "size": [3, 3, 0], "pivot": [6, 54, -3], "rotation": [12.5, 0, 27.5], "uv": [68, 47]},
						{"origin": [2.02344, 54.65526, -2.88165], "size": [3, 3, 0], "pivot": [3, 55, -3], "rotation": [2.5, -25, 12.5], "uv": [67, 47]},
						{"origin": [1.02344, 52.65526, -1.88165], "size": [3, 3, 0], "pivot": [3, 55, -3], "rotation": [2.5, -25, 12.5], "uv": [67, 47], "mirror": true},
						{"origin": [-3.66985, 53.11581, -1.09999], "size": [5, 3, 0], "pivot": [-2, 55, -2], "rotation": [0, 0, 42.5], "uv": [65, 47], "mirror": true},
						{"origin": [-8.2821, 52.64442, -0.3], "size": [5, 3, 0], "pivot": [-7, 54, -2], "rotation": [20, 5, -30], "uv": [65, 47], "mirror": true},
						{"origin": [-8.2821, 52.64442, -0.3], "size": [5, 3, 0], "pivot": [-7, 54, -2], "rotation": [20, 5, -30], "uv": [65, 47], "mirror": true},
						{"origin": [-9.2821, 51.64442, 1.7], "size": [5, 3, 0], "pivot": [-7, 54, -2], "rotation": [22.5, 10, -42.5], "uv": [65, 47], "mirror": true}
					]
				},
				{
					"name": "rightarm",
					"parent": "body",
					"pivot": [-3.5, 43, 0.1],
					"rotation": [20, 90, 90],
					"cubes": [
						{"origin": [-5, 35, -1.4], "size": [2, 9, 3], "uv": [0, 34]},
						{"origin": [-5.3, 34.7, -1.7], "size": [1.6, 9.6, 3.6], "uv": [14, 68]}
					]
				},
				{
					"name": "rightarmpeice",
					"parent": "rightarm",
					"pivot": [-4.5, 35, 0.1],
					"rotation": [-22.5, 0, 0],
					"cubes": [
						{"origin": [-5, 26, -1.4], "size": [2, 9, 3], "uv": [0, 19]},
						{"origin": [-5.3, 25.7, -1.7], "size": [1.6, 9.6, 3.6], "uv": [16, 65]}
					]
				},
				{
					"name": "rightarmpeice2",
					"parent": "rightarmpeice",
					"pivot": [-4.5, 27, 0.1],
					"rotation": [-67.5, 0, 0],
					"cubes": [
						{"origin": [-5, 15, -1.4], "size": [2, 12, 3], "uv": [0, 29]},
						{"origin": [-5.3, 14.7, -1.7], "size": [1.6, 12.6, 3.6], "uv": [17, 67]}
					]
				},
				{
					"name": "righthand",
					"parent": "rightarmpeice2",
					"pivot": [-4.5, 15, 0.1],
					"cubes": [
						{"origin": [-5.5, 10, -1.9], "size": [2, 5, 4], "uv": [1, 1]},
						{"origin": [-5.77937, 11.21228, -1.28823], "size": [2, 3, 2], "pivot": [-4, 14.5, -0.4], "rotation": [-52.06754, -17.64427, -1.46635], "uv": [10, 0]}
					]
				},
				{
					"name": "leftarm",
					"parent": "body",
					"pivot": [3.5, 43, 0.1],
					"rotation": [0, -12.5, -7.5],
					"cubes": [
						{"origin": [3, 35, -1.4], "size": [2, 9, 3], "uv": [0, 49], "mirror": true},
						{"origin": [3.7, 34.7, -1.7], "size": [1.6, 9.6, 3.6], "uv": [16, 67], "mirror": true}
					]
				},
				{
					"name": "leftarmpeice",
					"parent": "leftarm",
					"pivot": [4.5, 35, 0.1],
					"rotation": [0, 0, 5],
					"cubes": [
						{"origin": [3, 26, -1.4], "size": [2, 9, 3], "uv": [9, 29], "mirror": true},
						{"origin": [3.7, 25.7, -1.7], "size": [1.6, 9.6, 3.6], "uv": [23, 63], "mirror": true}
					]
				},
				{
					"name": "leftarmpeice2",
					"parent": "leftarmpeice",
					"pivot": [4.5, 26, 0.1],
					"rotation": [0, 0, 2.5],
					"cubes": [
						{"origin": [3, 14, -1.4], "size": [2, 12, 3], "uv": [0, 30], "mirror": true},
						{"origin": [3.7, 13.7, -1.7], "size": [1.6, 12.6, 3.6], "uv": [26, 65], "mirror": true}
					]
				},
				{
					"name": "lefthand",
					"parent": "leftarmpeice2",
					"pivot": [4.5, 14, 0.1],
					"cubes": [
						{"origin": [3.5, 9, -1.9], "size": [2, 5, 4], "uv": [3, 1], "mirror": true},
						{"origin": [3.33027, 9.88511, -2.0528], "size": [2, 3, 2], "pivot": [4, 12.5, -0.4], "rotation": [-54.56754, 0.14427, 6.46635], "uv": [12, 2], "mirror": true}
					]
				},
				{
					"name": "rightleg",
					"parent": "waist",
					"pivot": [-2.2, 32, 0.1],
					"rotation": [-2.5, 20, 0],
					"cubes": [
						{"origin": [-3.7, 22, -1.4], "size": [3, 11, 3], "uv": [12, 33]},
						{"origin": [-3, 20.7, -1.7], "size": [1.6, 12.6, 3.6], "uv": [0, 37]}
					]
				},
				{
					"name": "rightlegpeice",
					"parent": "rightleg",
					"pivot": [-2.2, 22, 0.1],
					"rotation": [2.5, 0, 0],
					"cubes": [
						{"origin": [-3.7, 13, -1.4], "size": [3, 9, 3], "uv": [2, 22]},
						{"origin": [-3, 12.7, -1.7], "size": [1.6, 8.6, 3.6], "uv": [0, 46]}
					]
				},
				{
					"name": "rightlegpeice2",
					"parent": "rightlegpeice",
					"pivot": [-2.2, 13, 0.1],
					"cubes": [
						{"origin": [-3.7, 1, -1.4], "size": [3, 12, 3], "uv": [0, 24]},
						{"origin": [-3, 0.7, -1.7], "size": [1.6, 12.6, 3.6], "uv": [0, 36]}
					]
				},
				{
					"name": "rightfoot",
					"parent": "rightlegpeice2",
					"pivot": [-2.2, 1, 0.1],
					"rotation": [-90, 0, 0],
					"cubes": [
						{"origin": [-3.2, -5, -1.6], "size": [2, 8, 4], "pivot": [-2.06002, -1.84251, 0.24669], "rotation": [0, -90, 0], "uv": [5, 0]},
						{"origin": [-2.2, -2, -0.6], "size": [2, 3, 2], "pivot": [-1.06002, 0.15749, 0.24669], "rotation": [-37.5, -90, 0], "uv": [5, 0]}
					]
				},
				{
					"name": "leftleg",
					"parent": "waist",
					"pivot": [2.2, 32, 0.1],
					"rotation": [-2.5, -20, 0],
					"cubes": [
						{"origin": [0.7, 22, -1.4], "size": [3, 11, 3], "uv": [15, 46], "mirror": true},
						{"origin": [1.4, 20.7, -1.7], "size": [1.6, 12.6, 3.6], "uv": [0, 30], "mirror": true}
					]
				},
				{
					"name": "leftlegpeice",
					"parent": "leftleg",
					"pivot": [2.2, 22, 0.1],
					"rotation": [2.5, 0, 0],
					"cubes": [
						{"origin": [0.7, 13, -1.4], "size": [3, 9, 3], "uv": [0, 23], "mirror": true},
						{"origin": [1.4, 12.7, -1.7], "size": [1.6, 8.6, 3.6], "uv": [0, 28], "mirror": true}
					]
				},
				{
					"name": "leftlegpeice2",
					"parent": "leftlegpeice",
					"pivot": [2.2, 13, 0.1],
					"cubes": [
						{"origin": [0.7, 1, -1.4], "size": [3, 12, 3], "uv": [0, 26], "mirror": true},
						{"origin": [1.4, 0.7, -1.7], "size": [1.6, 12.6, 3.6], "uv": [0, 45], "mirror": true}
					]
				},
				{
					"name": "leftfoot",
					"parent": "leftlegpeice2",
					"pivot": [2.2, 1, 0.1],
					"rotation": [-90, 0, 0],
					"cubes": [
						{"origin": [1.2, -5, -1.6], "size": [2, 8, 4], "pivot": [2.06002, -1.84251, 0.24669], "rotation": [0, 90, 0], "uv": [6, 1], "mirror": true},
						{"origin": [0.2, -2, -0.6], "size": [2, 3, 2], "pivot": [1.06002, 0.15749, 0.24669], "rotation": [-37.5, 90, 0], "uv": [6, 1], "mirror": true}
					]
				}
			]
		}
	]
}