{
   "format_version": "1.10.0",
   "animation_controllers": {
      "controller.animation.a60_jumpscare": {
         "states": {
            "default": {
               "transitions": [
                  {
                     "jumpscare": "(1.0)"
                  }
               ],
               "on_entry": []
            },
            "jumpscare": {
               "transitions": [
                  {
                     "default": "(1.0)"
                  }
               ],
               "on_entry": [
                  "/execute @e[type=r:a60_jumpscare] ~~~ effect @e[type=!secret:a_60,r=2] slowness 1 6 true",
                  "/execute @e[type=r:a60_jumpscare]~~~ effect @e[type=!secret:a_60,r=2] blindness 5",
                  "/execute @s ~ ~ ~ tp @e[type=!r:grabbed,type=!secret:a_60,type=!r:a60_jumpscare,type=!doors:ambush,type=!r:ambush_jumpscare,type=!r:rush_jumpscare,type=!r:grabbed2,type=!r:grab_new,type=!doors:figure3,type=!doors:figure4,type=!doors:figure2,type=!doors:figure,type=!doors:rush,type=!doors:eyes,type=!doors:jack,type=!doors:closet,type=!doors:closet2,type=!doors:hotel_plant,type=!doors:grandfather_clock,type=!doors:chair,type=!doors:chair2,type=!doors:title,type=!doors:seek_s,type=!doors:seek,type=!r:figurekill,type=!item,type=!arrow,c=1,r=5] ^ ^0.5 ^1 facing @s",
                  "/execute @s ~ ~ ~ execute @a[r=5] ~ ~ ~ particle r:a60_jumpscare ^ ^0.5 ^1",
                  "/tp @e[type=!doors:shadow,r=2] ~~~ facing @e[type=secret:a_60]",
                  "/tp @e[type=secret:a_60,r=2] ~~~ facing @p"
               ]
            }
         }
      },
      "controller.animation.a60_see": {
         "states": {
            "default": {
               "on_entry": [
                  "/execute @s ~~~ playanimation @e[type=!doors:seek,type=!doors:rush,type=!doors:seek_s,type=!doors:jack,type=!doors:screech,type=!doors:eyes,r=3] animation.A_60.attack",
                  "/playsound mob.a_60.secret @a[r=25]"
               ],
               "transitions": [
                  {
                     "see": "query.has_target"
                  }
               ]
            },
            "see": {
               "on_entry": [
                  "/playsound mob.a60.secret @a",
                  "/playsound mob.a60.secret @a[r=25]",
                  "/camerashake add @a 0.2 8 positional",
                  "/camerashake add @a 0.2 8 positional",
                  "/playsound mob.a_60.secret @a[r=30]"
               ],
               "transitions": [
                  {
                     "default": "!query.has_target"
                  }
               ]
            }
         }
      }
   }
}