{
   "format_version": "1.10.0",
   "animation_controllers": {
      "controller.animation.ambush_jumpscare": {
         "states": {
            "default": {
               "transitions": [
                  {
                     "jumpscare": "(1.0)"
                  }
               ],
               "on_entry": []
            },
            "jumpscare": {
               "transitions": [
                  {
                     "default": "(1.0)"
                  }
               ],
               "on_entry": [
                  "/execute @e[type=r:ambush_jumpscare] ~~~ effect @e[type=!doors:ambush,r=2] slowness 1 6 true",
                  "/execute @e[type=r:ambush_jumpscare]~~~ effect @e[type=!doors:ambush,r=2] blindness 5",
                  "/execute @s ~ ~ ~ tp @e[type=!r:grabbed,type=!doors:ambush,type=!r:ambush_jumpscare,type=!r:rush_jumpscare,type=!r:grabbed2,type=!r:grab_new,type=!doors:figure3,type=!doors:figure4,type=!doors:figure2,type=!doors:closet2,type=!secret:a_60,type=!doors:figure,type=!doors:rush,type=!doors:eyes,type=!doors:jack,type=!doors:closet,type=!doors:closet2,type=!doors:chair,type=!doors:chair2,type=!doors:hotel_plant,type=!doors:grandfather_clock,type=!doors:title,type=!doors:seek_s,type=!doors:seek,type=!doors:red_ambush,type=!r:figurekill,type=!item,type=!arrow,c=1,r=5] ^ ^0.5 ^1 facing @s",
                  "/execute @s ~ ~ ~ execute @a[r=5] ~ ~ ~ particle r:ambush_jumpscare ^ ^0.5 ^1",
                  "/execute @e[type=doors:red_ambush,c=1] ~ ~ ~ execute @a[r=5] ~ ~ ~ particle r:red_jumpscare ^ ^0.5 ^1",
                  "/tp @e[type=!doors:shadow,r=2] ~~~ facing @e[type=doors:ambush]",
                  "/tp @e[type=doors:ambush,r=2] ~~~ facing @p"
               ]
            }
         }
      },
      "controller.animation.ambush_see": {
         "states": {
            "default": {
               "on_entry": [
                  "/execute @s ~~~ playanimation @e[type=!doors:seek,type=!doors:rush,type=!doors:seek_s,type=!doors:jack,type=!doors:screech,type=!doors:eyes,r=3] animation.ambush.attack",
                  "/playsound mob.ambush.speed @a"
               ],
               "transitions": [
                  {
                     "see": "query.has_target"
                  }
               ]
            },
            "see": {
               "on_entry": [
                  "/camerashake add @a 0.2 8 positional",
                  "/camerashake add @a 0.2 8 positional",
                  "/camerashake add @a 0.2 8 positional",
                  "/playsound mob.ambush.speed @a[r=30]",
                  "/playsound mob.ambush.speed @a[r=25]",
                  "/effect @a darkness 66",
                  "/title @a actionbar §lINCOMING!!!"
               ],
               "transitions": [
                  {
                     "default": "!query.has_target"
                  }
               ]
            }
         }
      },
      "controller.animation.ambush_see3": {
         "states": {
            "default": {
               "on_entry": [],
               "transitions": [
                  {
                     "see3": "query.has_target"
                  }
               ]
            },
            "see3": {
               "on_entry": [
                  "/playsound mob.ambush.incoming3 @ar=25]",
                  "/camerashake add @a 0.2 8 positional",
                  "/camerashake add @a 0.2 8 positional",
                  "/camerashake add @a 0.2 8 positional",
                  "/title @a actionbar §lINCOMING!!!",
                  "/effect @a darkness 66",
                  "/playsound mob.ambush.speed @a[r=30]"
               ],
               "transitions": [
                  {
                     "default": "!query.has_target"
                  }
               ]
            }
         }
      }
   }
}