{
   "format_version": "1.10.0",
   "animation_controllers": {
      "controller.animation.hide_closet": {
         "states": {
            "default": {
               "transitions": [
                  {
                     "hide": "query.has_rider"
                  },
                  {
                     "not_hide": "!query.has_rider"
                  }
               ]
            },
            "hide": {
               "transitions": [
                  {
                     "default": "!query.has_rider"
                  }
               ],
               "on_entry": [
                  "/execute @s ~~~ effect @e[type=!doors:closet,type=!doors:jack,type=!doors:screech,type=!doors:halt,type=!doors:seek,type=!doors:seek_s,type=!doors:figure,type=!doors:figure2,type=!doors:figure3,type=!doors:figure4,type=!doors:closet_bad,type=!doors:wardrobe,type=!doors:bed,type=!doors:bed2,type=!doors:closet_bad,type=!doors:rush,type=!doors:ambush,r=3,c=1] invisibility 100000 1 true",
                  "/summon r:player2",
                  "/effect @p invisibility 10000 255 true",
                  "/effect @p resistance 10000 255 true",
                  "/effect @e[type=doors:silence] slowness 10000 255 true",
                  "/execute @e[type=doors:seek] ~~~ summon r:get_out",
                  "/summon r:hide1",
                  "/execute @e[type=doors:seek] ~~~ summon r:get_out",
                  "/playsound mob.closet.hide @a",
                  "/execute @e[tag=!closet] ~~~ tag @a[c=1,r=3] add closet",
                  "/effect @p resistance 10000 255 true",
                  "/kill @e[type=doors:screech]",
                  "/effect @e[type=!player,r=5] slowness 10000 255 true",
                  "/effect @e[type=doors:figure] slowness 10000 255 true",
                  "/effect @e[type=doors:figure2] slowness 10000 255 true",
                  "/effect @e[type=doors:figure3] slowness 10000 255 true",
                  "/effect @e[type=doors:figure4] slowness 10000 255 true",
                  "/execute @e[type=doors:figure,c=1] ~~~ function figure_minigame",
                  "/execute @e[type=doors:figure2,c=1] ~~~ function figure_minigame",
                  "/execute @e[type=doors:figure3,c=1] ~~~ function figure_minigame",
                  "/execute @e[type=doors:figure4,c=1] ~~~ function figure_minigame",
                  "/execute @e[type=doors:rush] ~~~ summon r:spare",
                  "/execute @e[type=doors:ambush] ~~~ summon r:spare2",
                  "/execute @e[type=doors:seek] ~~~ summon r:get_out",
                  "/execute @e[type=doors:seek] ~~~ summon r:get_out",
                  "/kill @e[type=r:jack_spawn]"
               ]
            },
            "not_hide": {
               "transitions": [
                  {
                     "default": "query.has_rider"
                  }
               ],
               "on_entry": [
                  "/execute @s ~~~ effect @e[type=!doors:closet,type=!doors:jack,type=!doors:seek,type=!doors:seek_s,r=3] invisibility 0 0 true",
                  "/execute @e[tag=closet] ~~~ tag @a[c=1,r=3] remove closet",
                  "/kill @e[type=r:player2]",
                  "/effect @e[type=doors:figure] clear",
                  "/effect @e[type=doors:figure2] clear",
                  "/effect @e[type=doors:figure3] clear",
                  "/effect @e[type=doors:figure4] clear",
                  "/summon r:jack_spawn",
                  "/kill @e[type=r:hide1]",
                  "/kill @e[type=r:hide2]",
                  "/effect @e clear",
                  "/effect @p clear",
                  "/playsound mob.closet.expose @a"
               ]
            }
         }
      },
      "controller.animation.closet_remove": {
         "states": {
            "default": {
               "on_entry": [
                  "/kill @e[type=r:player2]",
                  "/kill @e[type=r:hide1]",
                  "/kill @e[type=r:jack_spawn]",
                  "/gamerule commandblockoutput false",
                  "/gamerule sendcommandfeedback false"
               ],
               "transitions": [
                  {
                     "remove": "query.has_target"
                  }
               ]
            },
            "remove": {
               "on_entry": [],
               "transitions": [
                  {
                     "default": "!query.has_target"
                  }
               ]
            }
         }
      }
   }
}