{
   "format_version": "1.10.0",
   "animation_controllers": {
      "controller.animation.hide_elevator": {
         "states": {
            "default": {
               "transitions": [
                  {
                     "hide": "query.has_rider"
                  },
                  {
                     "not_hide": "!query.has_rider"
                  }
               ]
            },
            "hide": {
               "transitions": [
                  {
                     "default": "!query.has_rider"
                  }
               ],
               "on_entry": [
                  "/summon r:wait",
                  "/playsound mob.elevator.jam @a",
                  "/effect @p resistance 10000 255 true"
               ]
            },
            "not_hide": {
               "transitions": [
                  {
                     "default": "query.has_rider"
                  }
               ],
               "on_entry": [
                  "/kill @e[type=r:wait]",
                  "/effect @e clear",
                  "/playsound mob.elevator.shut @a",
                  "/stopsound @a mob.elevator.jam"
               ]
            }
         }
      },
      "controller.animation.elevator_remove": {
         "states": {
            "default": {
               "on_entry": [
                  "/kill @e[type=r:wait]",
                  "/tp @s ~~~ facing @p",
                  "/tp @s ~~~ facing @p",
                  "/stopsound mob.elevator.jam @a"
               ],
               "transitions": [
                  {
                     "remove": "query.has_target"
                  }
               ]
            },
            "remove": {
               "on_entry": [],
               "transitions": [
                  {
                     "default": "!query.has_target"
                  }
               ]
            }
         }
      },
      "controller.animation.elevator_tp": {
         "states": {
            "default": {
               "on_entry": [
                  "/tp @p @e[type=r:wait3]"
               ],
               "transitions": [
                  {
                     "tp": "query.has_target"
                  }
               ]
            },
            "tp": {
               "on_entry": [],
               "transitions": [
                  {
                     "default": "!query.has_target"
                  }
               ]
            }
         }
      }
   }
}