{
   "format_version": "1.10.0",
   "animation_controllers": {
      "controller.animation.figure_stay": {
         "states": {
            "default": {
               "transitions": [
                  {
                     "stay": "(1.0)"
                  }
               ]
            },
            "stay": {
               "transitions": [
                  {
                     "default": "(1.0)"
                  }
               ],
               "on_entry": [
                  "/effect @s speed 1 2 true",
                  "/effect @s slowness 1 2 true",
                  "/effect @s resistance 10000 255 true",
                  "/effect @e[type=!player,r=3] slowness 1 1 true",
                  "/execute @e[type=r:save] ~~~ event entity @e[type=doors:figure,r=3] minecraft:emerged",
                  "/execute @e[type=r:save] ~~~ event entity @e[type=doors:figure2,r=3] minecraft:emerged",
                  "/execute @e[type=r:save] ~~~ event entity @e[type=doors:figure3,r=3] minecraft:emerged",
                  "/execute @e[type=r:save] ~~~ event entity @e[type=doors:figure4,r=3] minecraft:emerged",
                  "/execute @e[type=r:save] ~~~ effect @e[type=!player,r=3] clear"
               ]
            }
         }
      }
   }
}