{
   "format_version": "1.10.0",
   "animation_controllers": {
      "controller.animation.jumpscare_figure": {
         "initial_state": "default",
         "states": {
            "default": {
               "transitions": [
                  {
                     "attack": "variable.attack_time > 0 && !query.is_stunned"
                  },
                  {
                     "add": "query.has_rider && !query.is_stunned"
                  }
               ]
            },
            "attack": {
               "transitions": [
                  {
                     "default": "1.0"
                  }
               ],
               "on_entry": [
                  "/function jumpscare",
                  "/tag @s add figure"
               ]
            },
            "add": {
               "transitions": [
                  {
                     "default": "1.0"
                  }
               ],
               "on_entry": [
                  "/scoreboard objectives add figure dummy",
                  "/scoreboard players add @e[r=3,type=!doors:figure] figure 1",
                  "/execute @e[scores={figure=45..1000}] ~ ~ ~ function jumpscare_stop",
                  "/execute @e[scores={figure=45..1000}] ~ ~ ~ tag @e[type=doors:figure,r=2] remove figure",
                  "/scoreboard players set @a[scores={figure=45..1000}] figure 0"
               ]
            }
         }
      }
   }
}