{
   "format_version": "1.10.0",
   "animation_controllers": {
      "controller.animation.figure_eye": {
         "states": {
            "default": {
               "on_entry": [
                  "/camerashake add @a 0.2 1 positional"
               ],
               "transitions": [
                  {
                     "eye": "query.has_target"
                  }
               ]
            },
            "eye": {
               "on_entry": [
                  "/playsound mob.figure.roar @a[r=30]"
               ],
               "transitions": [
                  {
                     "default": "!query.has_target"
                  }
               ]
            }
         }
      }
   }
}