{
   "format_version": "1.10.0",
   "animation_controllers": {
      "controller.animation.glitch_see": {
         "states": {
            "default": {
               "on_entry": [
                  "/tp @s @e[type=r:glitch_clip]"
               ],
               "transitions": [
                  {
                     "see": "query.has_target"
                  }
               ]
            },
            "see": {
               "on_entry": [
                  "/playsound mob.glitch.error @a"
               ],
               "transitions": [
                  {
                     "default": "!query.has_target"
                  }
               ]
            }
         }
      },
      "controller.animation.glitch_attack": {
         "states": {
            "attack": {
               "on_entry": [
                  "/event entity @e[type=doors:glitch] minecraft:remove",
                  "/tp @a @e[type=r:glitch_clip2]",
                  "/damage @a 3 entity_attack",
                  "/playsound mob.glitch.error @a",
                  "/kill @e[type=r:glitch_clip2]"
               ],
               "transitions": [
                  {
                     "default": "variable.attack_time > 0"
                  }
               ]
            },
            "default": {
               "on_entry": [],
               "transitions": [
                  {
                     "attack": "variable.attack_time > 0"
                  }
               ]
            }
         }
      },
      "controller.animation.glitch_attacking": {
         "states": {
            "attacking": {
               "on_entry": [
                  "/execute @s ~~~ tp @e[type=!player,type=!doors:light_circle,type=!doors:glitch,type=!doors:glitch_fight,type=!doors:title,type=!doors:guiding_light,type=!doors:closet,type=!doors:closet2,type=!doors:hotel_plant,type=!doors:crucifix,type=!doors:grandfather_clock,type=!doors:chair,type=!doors:closet_bad,type=!doors:wardrobe,type=!r:resistance_steve,type=!r:resistance_alex,type=!doors:chair2,type=!doors:hotel_door,type=!doors:skeleton_door,type=!doors:door50,type=!item,r=3] -999999 99999 999999",
                  "/playsound mob.glitch.error @a",
                  "/playanimation @s animation.glitch.death"
               ],
               "transitions": [
                  {
                     "default": "variable.attack_time > 0"
                  }
               ]
            },
            "default": {
               "on_entry": [],
               "transitions": [
                  {
                     "attacking": "variable.attack_time > 0"
                  }
               ]
            }
         }
      }
   }
}