{
   "format_version": "1.10.0",
   "animation_controllers": {
      "controller.animation.greed_hide": {
         "states": {
            "default": {
               "on_entry": [
                  "/effect @e[type=doors:greed] invisibility 10000 255 true"
               ],
               "transitions": [
                  {
                     "hide": "query.has_target"
                  }
               ]
            },
            "hide": {
               "on_entry": [],
               "transitions": [
                  {
                     "default": "!query.has_target"
                  }
               ]
            }
         }
      }
   }
}