{
	"format_version": "1.10.0",
	"animation_controllers": {
                "controller.animation.jumpscare": {
			"states": {
				"default": {
					"transitions": [
						{
							"jumpscare": "variable.is_attacking"
						}
					],
					"on_entry": [
                                                "/ride @p[r=3]start_riding @s teleport_rider",
                                                "/execute @a[r=3,c=1] ~~~ tp @p ^^^0.1 facing @s"
					]
				},
				"jumpscare": {
					"transitions": [
						{
							"default": "!variable.is_attacking"
						}
					],
					"on_entry": [
                                                "/ride @p[r=3]start_riding @s teleport_rider",
                                                "/execute @a[r=3,c=1] ~~~ tp @p ^^^0.1 facing @s"
					]
				}
			}
		}
	}
}