{
	"format_version": "1.10.0",
	"animation_controllers": {
                "controller.animation.rush.lights": {
			"states": {
				"default": {
					"transitions": [
						{
							"lights": "query.has_target"
						}
					],
					"on_entry": [
                                                "/fill ~-13 ~-4 ~-20 fill ~30 ~ ~30 ~ ~30 ~ glowstone 0 replace redstone_lamp",
                                                "/fill ~-13 ~-4 ~-20 fill ~30 ~ ~30 ~ ~30 ~ redstone_lamp 0 replace redstone_lamp",
                                                "/fill ~-13 ~-4 ~-20 fill ~30 ~ ~30 ~ ~30 ~ torch 0 replace air",
                                                "/fill ~-13 ~-4 ~-20 fill ~30 ~ ~30 ~ ~30 ~ lantern 0 replace air",
                                                "/fill ~-13 ~-4 ~-20 fill ~30 ~ ~30 ~ ~30 ~ redstone_block 0 replace air"
					]
				},
				"lights": {
					"transitions": [
						{
							"default": "!query_has.target"
						}
					],
					"on_entry": [
                                                "/fill ~-13 ~-4 ~-20 fill ~30 ~ ~30 ~ ~30 ~ glowstone 0 replace redstone_lamp",
                                                "/fill ~-13 ~-4 ~-20 fill ~30 ~ ~30 ~ ~30 ~ redstone_lamp 0 replace redstone_lamp",
                                                "/fill ~-13 ~-4 ~-20 fill ~30 ~ ~30 ~ ~30 ~ torch 0 replace air",
                                                "/fill ~-13 ~-4 ~-20 fill ~30 ~ ~30 ~ ~30 ~ lantern 0 replace air",
                                                "/fill ~-13 ~-4 ~-20 fill ~30 ~ ~30 ~ ~30 ~ redstone_block 0 replace air"
					]
				}
			}
		}
	}
}