{
   "animation_controllers": {
      "controller.animation.light_trap": {
         "states": {
            "default": {
               "on_entry": [
                  "/execute @s ~~~ effect @e[type=!player,r=3] slowness 1 2 true",
                  "/particle r:guide_light",
                  "/particle r:light_fire",
                  "/execute @e[type=r:banish] ~~~ title @p actionbar §l§bMonster banished"
               ],
               "transitions": [
                  {
                     "trap": "(1.0)"
                  }
               ]
            },
            "trap": {
               "on_entry": [],
               "transitions": [
                  {
                     "default": "(1.0)"
                  }
               ]
            }
         }
      },
      "controller.animation.light_trap2": {
         "states": {
            "default": {
               "on_entry": [
                  "/execute @s ~~~ kill @e[type=!doors:light_circle,type=!doors:title,type=!doors:closet,type=!r:blue_chain,type=!doors:closet2,type=!doors:chair,type=!doors:chair2,type=!doors:crucifix,type=!doors:rush,type=!doors:seek_d,type=!doors:figure_d,type=!doors:figure_d2,type=!doors:jack,type=!doors:halt,type=!doors:ambush,type=!doors:silence,type=!doors:screech,type=!doors:screech_d,type=!doors:depth,type=!doors:rush2,type=!doors:ambush2,type=!doors:depth2,type=!doors:closet_bad,type=!doors:wardrobe,type=!r:resistance_steve,type=!r:resistance_alex,type=!doors:door50,type=!doors:hotel_door,type=!doors:skeleton_door,type=!doors:title,type=!doors:red_ambush,type=!doors:timothy,type=!doors:timothy_d,type=!doors:trollface,type=!doors:trollface,type=!doors:red_ambush,type=!doors:red_ambush,type=!doors:jack,type=!doors:eyes,type=!secret:a_60,type=!doors:hotel_plant,type=!doors:elevator,type=!doors:grandfather_clock,type=!doors:drawer,type=!doors:drawer2,type=!player,r=3]",
                  "/effect @e[type=!player,r=3] clear",
                  "/execute @s ~~~ tp @e[type=!player,type=!doors:light_circle,type=!doors:glitch,type=!doors:title,type=!doors:guiding_light,type=!doors:closet,type=!doors:closet2,type=!doors:hotel_plant,type=!doors:crucifix,type=!doors:grandfather_clock,type=!doors:chair,type=!doors:closet_bad,type=!doors:wardrobe,type=!r:resistance_steve,type=!r:resistance_alex,type=!doors:chair2,type=!doors:hotel_door,type=!doors:skeleton_door,type=!doors:drawer,type=!doors:drawer2,type=!doors:door50,type=!item,r=3] -999999 99999 999999"
               ],
               "transitions": [
                  {
                     "trap2": "(1.0)"
                  }
               ]
            },
            "trap2": {
               "on_entry": [],
               "transitions": [
                  {
                     "default": "(1.0)"
                  }
               ]
            }
         }
      },
      "controller.animation.light_trap3": {
         "states": {
            "default": {
               "on_entry": [
                  "/tp @e[type=!player,type=!doors:crucifix,type=!doors:light_circle,type=!r:blue_chain,type=!doors:drawer,type=!doors:drawer2,type=!doors:closet,type=!doors:grandfather_clock,type=!doors:hotel_plant,type=!doors:figure_plush,type=!doors:seek_plush,type=!doors:rush_plush,type=!doors:ambush_plush,type=!doors:halt_plush,type=!doors:screech_plush,type=!doors:xmas_figure,type=!doors:xmas_eyes,type=!doors:xmas_seek,type=!doors:xmas_screech,type=!doors:closet2,type=!doors:wardrobe,type=!doors:closet_bad,type=!doors:skeleton_door,type=!doors:hotel_door,type=!doors:door50,r=5] @e[type=doors:light_circle]",
                  "/particle r:light_form",
                  "/particle r:light_fire",
                  "/tp @e[type=r:blue_chain,r=2] @e[type=doors:light_circle]"
               ],
               "transitions": [
                  {
                     "trap3": "(1.0)"
                  }
               ]
            },
            "trap3": {
               "on_entry": [],
               "transitions": [
                  {
                     "default": "(1.0)"
                  }
               ]
            }
         }
      },
      "controller.animation.light_trap4": {
         "states": {
            "default": {
               "on_entry": [
                  "/tp @e[type=doors:crucifix,r=2] @p",
                  "/playsound mob.closet.trap @a",
                  "/camerashake add @a 0.2 8 positional"
               ],
               "transitions": [
                  {
                     "trap4": "query.has_target"
                  }
               ]
            },
            "trap4": {
               "on_entry": [
                  "/camerashake add @a 0.2 8 positional"
               ],
               "transitions": [
                  {
                     "default": "!query.has_target"
                  }
               ]
            }
         }
      }
   },
   "format_version": "1.10.0"
}