{
   "format_version": "1.10.0",
   "animation_controllers": {
      "controller.animation.lock_block": {
         "states": {
            "default": {
               "on_entry": [
                  "/execute @s ~~~ fill ~~~ ~~1~ barrier"
               ],
               "transitions": [
                  {
                     "block": "query.has_target"
                  }
               ]
            },
            "block": {
               "on_entry": [],
               "transitions": [
                  {
                     "default": "!query.has_target"
                  }
               ]
            }
         }
      }
   }
}