{
   "format_version": "1.10.0",
   "animation_controllers": {
      "controller.animation.path_hit2": {
         "states": {
            "default": {
               "transitions": [
                  {
                     "hit2": "(1.0)"
                  }
               ],
               "on_entry": []
            },
            "hit2": {
               "transitions": [
                  {
                     "default": "(1.0)"
                  }
               ],
               "on_entry": [
                  "/execute @s ~ ~ ~ execute @a[r=5] ~ ~ ~ particle r:ambush_jumpscare ^ ^0.5 ^1"
               ]
            }
         }
      },
      "controller.animation.path_hit": {
         "states": {
            "default": {
               "transitions": [
                  {
                     "hit": "(1.0)"
                  }
               ],
               "on_entry": []
            },
            "hit": {
               "transitions": [
                  {
                     "default": "(1.0)"
                  }
               ],
               "on_entry": [
                  "/execute @s ~ ~ ~ execute @a[r=5] ~ ~ ~ particle r:rush_jumpscare ^ ^0.5 ^1"
               ]
            }
         }
      }
   }
}