{
   "format_version": "1.10.0",
   "animation_controllers": {
      "controller.animation.rush_jumpscare": {
         "states": {
            "default": {
               "transitions": [
                  {
                     "jumpscare": "(1.0)"
                  }
               ],
               "on_entry": []
            },
            "jumpscare": {
               "transitions": [
                  {
                     "default": "(1.0)"
                  }
               ],
               "on_entry": [
                  "/execute @e[type=r:rush_jumpscare] ~~~ effect @e[type=!doors:rush,r=2] slowness 1 6 true",
                  "/execute @e[type=r:rush_jumpscare]~~~ effect @e[type=!doors:rush,r=2] blindness 5",
                  "/execute @s ~ ~ ~ tp @e[type=!r:grabbed,type=!doors:ambush,type=!r:rush_jumpscare,type=!r:grabbed2,type=!r:grab_new,type=!doors:figure3,type=!doors:figure4,type=!doors:figure2,type=!doors:figure,type=!doors:rush,type=!doors:hotel_plant,type=!doors:grandfather_clock,type=!doors:chair,type=!doors:chair2,type=!doors:eyes,type=!doors:jack,type=!doors:closet2,type=!secret:a_60,type=!doors:closet,type=!doors:title,type=!doors:seek_s,type=!doors:seek,type=!r:figurekill,type=!item,type=!arrow,c=1,r=5] ^ ^0.5 ^1 facing @s",
                  "/playsound mob.rush.incoming2 @a",
                  "/tp @e[type=!doors:shadow,r=2] ~~~ facing @e[type=doors:rush]",
                  "/tp @e[type=doors:rush,r=2] ~~~ facing @p",
                  "/playsound mob.rush.incoming @a[r=10]"
               ]
            }
         }
      },
      "controller.animation.rush_see": {
         "states": {
            "default": {
               "on_entry": [
                  "/execute @s ~~~ playanimation @e[type=!doors:seek,type=!doors:ambush,type=!doors:seek_s,type=!doors:jack,type=!doors:screech,type=!doors:eyes,r=3] animation.rush.attack"
               ],
               "transitions": [
                  {
                     "see": "query.has_target"
                  }
               ]
            },
            "see": {
               "on_entry": [
                  "/camerashake add @a 0.2 8 positional",
                  "/camerashake add @a 0.2 8 positional",
                  "/camerashake add @a 0.2 8 positional",
                  "/playsound mob.rush.incoming @a",
                  "/playsound mob.rush.incoming @a[r=25]",
                  "/playsound mob.rush.incoming @a[r=30]",
                  "/title @a actionbar §lINCOMING!!!",
                  "/effect @a darkness 66"
               ],
               "transitions": [
                  {
                     "default": "!query.has_target"
                  }
               ]
            }
         }
      },
      "controller.animation.rush_see2": {
         "states": {
            "default": {
               "on_entry": [],
               "transitions": [
                  {
                     "see2": "query.has_target"
                  }
               ]
            },
            "see2": {
               "on_entry": [
                  "/playsound mob.rush.incoming @a[r=30]",
                  "/camerashake add @a 0.2 8 positional",
                  "/camerashake add @a 0.2 8 positional",
                  "/camerashake add @a 0.2 8 positional",
                  "/camerashake add @a 0.2 8 positional",
                  "/title @a actionbar §lINCOMING!!!",
                  "/effect @a darkness 66"
               ],
               "transitions": [
                  {
                     "default": "!query.has_target"
                  }
               ]
            }
         }
      }
   }
}