{
   "format_version": "1.10.0",
   "animation_controllers": {
      "controller.animation.hand_grab": {
         "states": {
            "default": {
               "transitions": [
                  {
                     "grab": "(1.0)"
                  }
               ],
               "on_entry": []
            },
            "grab": {
               "transitions": [
                  {
                     "default": "(1.0)"
                  }
               ],
               "on_entry": [
                  "/execute @e[type=r:hand_grab] ~~~ effect @e[type=!doors:seek_hand,r=2] slowness 1 6 true",
                  "/execute @e[type=r:hand_grab] ~~~ effect @e[type=!doors:seek_hand,r=2] blindness 1 10 true",
                  "/execute @s ~ ~ ~ tp @e[type=!r:grabbed,type=!r:hand_grab2,type=!r:grabbed2,type=!r:grab_new,type=!doors:seek_hand,type=!doors:seek_eye,type=!r:hand_grab,type=!doors:figure3,type=!doors:figure4,type=!doors:figure2,type=!doors:closet,type=!doors:figure,type=!doors:closet2,type=!secret:a_60,type=!doors:rush,type=!doors:eyes,type=!doors:hotel_plant,type=!doors:grandfather_clock,type=!doors:chair,type=!doors:chair2,type=!doors:jack,type=!doors:seek_s,type=!doors:bed,type=!doors:closet2,type=!doors:hotel_plant,type=!doors:grandfather_clock,type=!doors:nightmare_seek,type=!doors:xmas_seek,type=!doors:red_ambush,type=!doors:seek,type=!r:figurekill,type=!item,type=!arrow,c=1,r=5] ^ ^0.5 ^1 facing @s",
                  "/tp @s ~~~ facing @p",
                  "/execute @e[type=r:hand_grab] ~~~ effect @e[type=doors:seek_hand,c=1] slowness 1 25 true"
               ]
            }
         }
      },
      "controller.animation.seek_jumpscare": {
         "states": {
            "default": {
               "transitions": [
                  {
                     "jumpscare": "(1.0)"
                  }
               ],
               "on_entry": [
                  "/execute @s ~ ~ ~ execute @a[r=5] ~ ~ ~ particle r:seek_jumpscare ^ ^0.5 ^1",
                  "/stopsound @a mob.seek.chase"
               ]
            },
            "jumpscare": {
               "transitions": [
                  {
                     "default": "(1.0)"
                  }
               ],
               "on_entry": [
                  "/execute @s ~ ~ ~ execute @a[r=5] ~ ~ ~ particle r:seek_jumpscare ^ ^0.5 ^1"
               ]
            }
         }
      },
      "controller.animation.hand_tp": {
         "states": {
            "default": {
               "transitions": [
                  {
                     "tp": "(1.0)"
                  }
               ],
               "on_entry": [
                  "/tp @e[type=r:hand_grab] @e[type=doors:seek_hand,r=2] ~ ~1 ~",
                  "/tp @e[type=r:handkill] @e[type=doors:seek_hand,r=2]"
               ]
            },
            "tp": {
               "transitions": [
                  {
                     "default": "(1.0)"
                  }
               ],
               "on_entry": []
            }
         }
      },
      "controller.animation.hand_kill": {
         "states": {
            "default": {
               "transitions": [
                  {
                     "kill": "(1.0)"
                  }
               ],
               "on_entry": []
            },
            "kill": {
               "transitions": [
                  {
                     "default": "(1.0)"
                  }
               ],
               "on_entry": [
                  "/tp @e[type=r:hand_grab] @e[type=doors:seek_hand,r=2]",
                  "/kill @e[type=!doors:figure,type=!doors:closet2,type=!doors:hotel_plant,type=!doors:red_ambush,type=!doors:grandfather_clock,type=!doors:bed,type=!doors:screech,type=!doors:seek_hand,type=!doors:seek_eye,type=!doors:figure2,type=!doors:closet,type=!doors:seek,type=!doors:seek_s,type=!doors:eyes,type=!doors:rush,type=!r:grab_new,type=!doors:figure3,type=!doors:halt,type=!doors:shadow,type=!doors:screech,type=!doors:ambush,type=!doors:rush,type=!doors:windows,type=!doors:title,type=!r:turn,type=!r:turn2,type=!r:turn3,type=!doors:closet2,type=!secret:a_60,type=!r:turn4,type=!doors:timothy,type=!doors:depth,type=!doors:silence,type=!doors:greed,type=!doors:nightmare_seek,type=!doors:xmas_seek,type=!r:light,type=!doors:glitch,type=!doors:guiding_light,type=!doors:figure4,type=!r:shake,type=!doors:jack,r=2]"
               ]
            }
         }
      },
      "controller.animation.hand_see": {
         "states": {
            "default": {
               "on_entry": [
                  "/playsound mob.seek.scream_far @a",
                  "/playsound mob.seek.bang @a"
               ],
               "transitions": [
                  {
                     "see": "query.has_target"
                  }
               ]
            },
            "see": {
               "on_entry": [],
               "transitions": [
                  {
                     "default": "!query.has_target"
                  }
               ]
            }
         }
      },
      "controller.animation.seek_grabbed": {
         "states": {
            "default": {
               "on_entry": [
                  "/execute @s ~~~ playanimation @e[type=!doors:seek_d,type=!doors:seek_s,type=!doors:jack,type=!doors:rush,type=!doors:eyes,r=3] animation.seek.jumpscare",
                  "/playsound mob.seek.attack @a",
                  "/tp @e[type=!doors:shadow,r=2] ~~~ facing @e[type=doors:seek]",
                  "/tp @e[type=doors:seek,r=2] ~~~ facing @p",
                  "/camerashake add @a 0.2 3 positional",
                  "/execute @s ~ ~ ~ execute @a[r=5] ~ ~ ~ particle r:seek_jumpscare ^ ^0.5 ^1",
                  "/summon r:jumpscare",
                  "/execute @s ~ ~ ~ execute @a[r=5] ~ ~ ~ particle r:seek_jumpscare ^ ^0.5 ^1",
                  "/execute @s ~ ~ ~ execute @a[r=5] ~ ~ ~ particle r:seek_jumpscare ^ ^0.5 ^1"
               ],
               "transitions": [
                  {
                     "grabbed": "query.has_target"
                  }
               ]
            },
            "grabbed": {
               "on_entry": [
                  "/execute @s ~ ~ ~ execute @a[r=5] ~ ~ ~ particle r:seek_jumpscare ^ ^0.5 ^1",
                  "/tp @e[type=r:hand_grab2,c=1] @e[type=doors:seek,r=2]",
                  "/execute @s ~ ~ ~ execute @a[r=5] ~ ~ ~ particle r:seek_jumpscare ^ ^0.5 ^1",
                  "/execute @s ~ ~ ~ execute @a[r=5] ~ ~ ~ particle r:seek_jumpscare ^ ^0.5 ^1",
                  "/execute @e[type=r:hand_grab2] ~~~ effect @e[type=!doors:seek_hand,r=2] blindness 5"
               ],
               "transitions": [
                  {
                     "default": "!query.has_target"
                  }
               ]
            }
         }
      }
   }
}