{
   "animation_controllers": {
      "controller.animation.solid": {
         "states": {
            "default": {
               "on_entry": [
                  "/execute @s ~~~ fill ~~~ ~~1~ barrier"
               ],
               "transitions": [
                  {
                     "solid": "(1.0)"
                  }
               ]
            },
            "solid": {
               "on_entry": [],
               "transitions": [
                  {
                     "default": "(1.0)"
                  }
               ]
            }
         }
      }
   },
   "format_version": "1.10.0"
}