{
   "format_version": "1.10.0",
   "animation_controllers": {
      "controller.animation.hide_attack": {
         "states": {
            "attack": {
               "on_entry": [
                  "/event entity @e[type=doors:ambush,r=2] minecraft:remove",
                  "/event entity @e[type=doors:ambush2,r=2] minecraft:remove",
                  "/event entity @e[type=doors:rush,r=2] minecraft:remove",
                  "/event entity @e[type=doors:rush2,r=2] minecraft:remove",
                  "/event entity @e[type=doors:depth,r=2] minecraft:remove",
                  "/event entity @e[type=doors:depth2,r=2] minecraft:remove",
                  "/event entity @e[type=secret:a_60,r=2] minecraft:remove"
               ],
               "transitions": [
                  {
                     "default": "variable.attack_time > 0"
                  }
               ]
            },
            "default": {
               "on_entry": [],
               "transitions": [
                  {
                     "attack": "variable.attack_time > 0"
                  }
               ]
            }
         }
      },
      "controller.animation.hide_vanish": {
         "states": {
            "default": {
               "transitions": [
                  {
                     "vanish": "(1.0)"
                  }
               ],
               "on_entry": [
                  "/event entity @e[type=doors:ambush,r=8] minecraft:remove",
                  "/event entity @e[type=doors:red_ambush,r=8] minecraft:remove",
                  "/event entity @e[type=doors:depth,r=6] minecraft:remove",
                  "/event entity @e[type=doors:rush,r=8] minecraft:remove",
                  "/event entity @e[type=doors:rush,r=8] minecraft:remove",
                  "/event entity @e[type=secret:a_60,r=5] minecraft:remove",
                  "/event entity @e[type=doors:trollface,r=5] minecraft:remove"
               ]
            },
            "vanish": {
               "transitions": [
                  {
                     "default": "(1.0)"
                  }
               ],
               "on_entry": [
                  "/function remove_light"
               ]
            }
         }
      },
      "controller.animation.hide_vanish2": {
         "states": {
            "default": {
               "transitions": [
                  {
                     "vanish2": "(1.0)"
                  }
               ],
               "on_entry": [
                  "/event entity @e[type=doors:ambush2,r=6] minecraft:remove",
                  "/event entity @e[type=doors:ambush_bad2,r=6] minecraft:remove",
                  "/event entity @e[type=doors:red_ambush2,r=6] minecraft:remove",
                  "/event entity @e[type=doors:depth2,r=6] minecraft:remove",
                  "/event entity @e[type=doors:rush2,r=6] minecraft:remove",
                  "/event entity @e[type=doors:rush_bad2,r=6] minecraft:remove",
                  "/event entity @e[type=secret:a_602,r=5] minecraft:remove",
                  "/event entity @e[type=doors:trollface2,r=5] minecraft:remove"
               ]
            },
            "vanish2": {
               "transitions": [
                  {
                     "default": "(1.0)"
                  }
               ],
               "on_entry": [
                  "/function remove_light"
               ]
            }
         }
      }
   }
}