{
	"format_version": "1.12.0",
	"minecraft:geometry": [
		{
			"description": {
				"identifier": "geometry.mommy_hand_tail_back_bd",
				"texture_width": 128,
				"texture_height": 128,
				"visible_bounds_width": 5,
				"visible_bounds_height": 16,
				"visible_bounds_offset": [0, 6, 0]
			},
			"bones": [
				{
					"name": "all",
					"pivot": [0, 5, 1]
				},
				{
					"name": "all2",
					"parent": "all",
					"pivot": [0, 5, 1]
				},
				{
					"name": "lefthand9",
					"parent": "all2",
					"pivot": [0, 5, -1.5],
					"rotation": [-90, -80, -90],
					"cubes": [
						{"origin": [-2, 4, -4.5], "size": [4, 1, 6], "uv": [74, 31]},
						{"origin": [-0.9, 2, -4], "size": [2, 2, 5], "uv": [86, 55]},
						{"origin": [-0.9, 0, -4], "size": [2, 2, 5], "uv": [86, 55]}
					]
				},
				{
					"name": "leftarm10",
					"parent": "lefthand9",
					"pivot": [0.7, 0, 0.3],
					"rotation": [9.99527, 0.21782, -2.4905],
					"cubes": [
						{"origin": [-0.3, -7, -0.2], "size": [1, 7, 1], "uv": [20, 75]}
					]
				},
				{
					"name": "leftarm11",
					"parent": "leftarm10",
					"pivot": [0.7, -7, 0.3],
					"rotation": [0, 0, 10],
					"cubes": [
						{"origin": [-0.3, -14, -0.2], "size": [1, 7, 1], "uv": [16, 99]}
					]
				},
				{
					"name": "leftarm13",
					"parent": "lefthand9",
					"pivot": [0.7, 0, -0.9],
					"rotation": [7.44081, 0.54094, -12.48848],
					"cubes": [
						{"origin": [-0.3, -7, -1.4], "size": [1, 7, 1], "inflate": 0.1, "uv": [106, 32]}
					]
				},
				{
					"name": "leftarm14",
					"parent": "leftarm13",
					"pivot": [0.7, -7, -0.9],
					"rotation": [0, 0, 22.5],
					"cubes": [
						{"origin": [-0.3, -14, -1.4], "size": [1, 7, 1], "inflate": 0.1, "uv": [111, 32]}
					]
				},
				{
					"name": "leftarm16",
					"parent": "lefthand9",
					"pivot": [0.7, 0, -2.1],
					"rotation": [2.47864, -0.32621, -2.50706],
					"cubes": [
						{"origin": [-0.3, -7, -2.6], "size": [1, 7, 1], "inflate": 0.1, "uv": [21, 99]}
					]
				},
				{
					"name": "leftarm17",
					"parent": "leftarm16",
					"pivot": [0.7, -7.2, -2.1],
					"rotation": [0, 0, 7.5],
					"cubes": [
						{"origin": [-0.3, -14.2, -2.6], "size": [1, 7, 1], "inflate": 0.1, "uv": [33, 47]}
					]
				},
				{
					"name": "leftarm19",
					"parent": "lefthand9",
					"pivot": [0.7, 0, -3.3],
					"rotation": [-4.98107, 0.43523, 4.98107],
					"cubes": [
						{"origin": [-0.3, -7, -3.8], "size": [1, 7, 1], "inflate": 0.1, "uv": [116, 32]}
					]
				},
				{
					"name": "leftarm20",
					"parent": "leftarm19",
					"pivot": [0.7, -7, -3.3],
					"rotation": [0, 0, 7.5],
					"cubes": [
						{"origin": [-0.3, -14, -3.8], "size": [1, 7, 1], "inflate": 0.1, "uv": [121, 32]}
					]
				},
				{
					"name": "leftarm22",
					"parent": "lefthand9",
					"pivot": [-0.3, 2, -2.9],
					"rotation": [-30.40773, -24.1782, 13.51584],
					"cubes": [
						{"origin": [-1.3, -2, -4], "size": [1, 4, 1], "inflate": 0.1, "uv": [106, 41]}
					]
				},
				{
					"name": "leftarm23",
					"parent": "leftarm22",
					"pivot": [-0.8, -2.1, -4.1],
					"rotation": [15, 0, 0],
					"cubes": [
						{"origin": [-1.3, -8.2, -4], "size": [1, 6, 1], "inflate": 0.1, "uv": [0, 24]}
					]
				},
				{
					"name": "all3",
					"parent": "all2",
					"pivot": [0, 5, 0],
					"cubes": [
						{"origin": [-0.5, 2, 1], "size": [2, 12, 2], "pivot": [0, 5, 2.5], "rotation": [-90, 0, -90], "uv": [53, 75]},
						{"origin": [-0.5, 14, 1], "size": [2, 12, 2], "pivot": [0, 5, 2.5], "rotation": [-90, 0, -90], "uv": [53, 75]}
					]
				}
			]
		}
	]
}