{
	"format_version": "1.12.0",
	"minecraft:geometry": [
		{
			"description": {
				"identifier": "geometry.mommy_long_angy_bd",
				"texture_width": 128,
				"texture_height": 128,
				"visible_bounds_width": 8,
				"visible_bounds_height": 16,
				"visible_bounds_offset": [0, 6, 0]
			},
			"bones": [
				{
					"name": "rota",
					"pivot": [0, 0, 0]
				},
				{
					"name": "all",
					"parent": "rota",
					"pivot": [0, 0, 0]
				},
				{
					"name": "downpart",
					"parent": "all",
					"pivot": [0, 52, 0.5],
					"locators": {
						"_null_right_leg_con": [-3, 0, -24],
						"_null_left_leg_con": [3, 0, -24]
					}
				},
				{
					"name": "leftleg_ro",
					"parent": "downpart",
					"pivot": [2.5, 52, -1.5]
				},
				{
					"name": "leftleg",
					"parent": "leftleg_ro",
					"pivot": [2.5, 52, -1.5],
					"cubes": [
						{"origin": [1, 40, -3], "size": [2, 12, 2], "uv": [41, 75]}
					]
				},
				{
					"name": "leftleg2",
					"parent": "leftleg",
					"pivot": [2.5, 40, -1.5],
					"cubes": [
						{"origin": [1, 28, -3], "size": [2, 12, 2], "uv": [28, 75]}
					]
				},
				{
					"name": "leftleg3",
					"parent": "leftleg2",
					"pivot": [2.5, 28, -1.5],
					"cubes": [
						{"origin": [1, 16, -3], "size": [2, 12, 2], "uv": [107, 17]}
					]
				},
				{
					"name": "leftleg5",
					"parent": "leftleg3",
					"pivot": [2.5, 16, -1.5],
					"cubes": [
						{"origin": [1, 4, -3], "size": [2, 12, 2], "uv": [107, 17]}
					]
				},
				{
					"name": "leftleg4",
					"parent": "leftleg5",
					"pivot": [2.5, 4, -1.5],
					"cubes": [
						{"origin": [0.5, -7.5, -3.5], "size": [3, 2, 3], "uv": [77, 1]},
						{"origin": [1, -10, -3], "size": [2, 3, 2], "inflate": 0.1, "uv": [94, 1]},
						{"origin": [1, -8, -3], "size": [2, 12, 2], "uv": [28, 75]}
					]
				},
				{
					"name": "leftleg11",
					"parent": "leftleg4",
					"pivot": [2, -8, -1.5],
					"cubes": [
						{"origin": [0, -12, -3], "size": [4, 3, 3], "uv": [80, 23]}
					]
				},
				{
					"name": "leftleg9",
					"parent": "leftleg11",
					"pivot": [2.5, -12, -3],
					"cubes": [
						{"origin": [0, -12, -8], "size": [4, 3, 5], "inflate": 0.01, "uv": [61, 93]}
					]
				},
				{
					"name": "rightleg_ro",
					"parent": "downpart",
					"pivot": [-2.5, 52, -1.5]
				},
				{
					"name": "rightleg5",
					"parent": "rightleg_ro",
					"pivot": [-2.5, 52, -1.5],
					"cubes": [
						{"origin": [-3, 40, -3], "size": [2, 12, 2], "uv": [41, 75], "mirror": true}
					]
				},
				{
					"name": "rightleg6",
					"parent": "rightleg5",
					"pivot": [-2.5, 40, -1.5],
					"cubes": [
						{"origin": [-3, 28, -3], "size": [2, 12, 2], "uv": [28, 75], "mirror": true}
					]
				},
				{
					"name": "rightleg7",
					"parent": "rightleg6",
					"pivot": [-2.5, 28, -1.5],
					"cubes": [
						{"origin": [-3, 16, -3], "size": [2, 12, 2], "uv": [107, 17], "mirror": true}
					]
				},
				{
					"name": "rightleg2",
					"parent": "rightleg7",
					"pivot": [-2.5, 16, -1.5],
					"cubes": [
						{"origin": [-3, 4, -3], "size": [2, 12, 2], "uv": [107, 17], "mirror": true}
					]
				},
				{
					"name": "rightleg8",
					"parent": "rightleg2",
					"pivot": [-2.5, 4, -1.5],
					"cubes": [
						{"origin": [-3, -8, -3], "size": [2, 12, 2], "uv": [28, 75], "mirror": true},
						{"origin": [-3.5, -7.5, -3.5], "size": [3, 2, 3], "uv": [77, 1], "mirror": true},
						{"origin": [-3, -10, -3], "size": [2, 3, 2], "inflate": 0.1, "uv": [94, 1], "mirror": true}
					]
				},
				{
					"name": "rightleg10",
					"parent": "rightleg8",
					"pivot": [-2, -8, -1.5],
					"cubes": [
						{"origin": [-4, -12, -3], "size": [4, 3, 3], "uv": [80, 23], "mirror": true}
					]
				},
				{
					"name": "rightleg1",
					"parent": "rightleg10",
					"pivot": [-2.5, -12, -3],
					"cubes": [
						{"origin": [-4, -12, -8], "size": [4, 3, 5], "inflate": 0.01, "uv": [61, 93], "mirror": true}
					]
				},
				{
					"name": "body",
					"parent": "all",
					"pivot": [0, 53, -2],
					"cubes": [
						{"origin": [-4.5, 60.13132, -5.29898], "size": [9, 3, 10], "pivot": [0, 61.63132, -0.29898], "rotation": [10, 0, 0], "uv": [38, 14]},
						{"origin": [-6, 49, -5.7], "size": [12, 12, 11], "pivot": [0, 55, -0.2], "rotation": [0, -45, 0], "uv": [0, 0]}
					]
				},
				{
					"name": "body6",
					"parent": "body",
					"pivot": [0, 53.5, -1.5],
					"cubes": [
						{"origin": [-1.5, 59, -3], "size": [3, 3, 3], "uv": [26, 90]},
						{"origin": [-1.5, 56, -3], "size": [3, 3, 3], "uv": [26, 90]},
						{"origin": [-1.5, 53, -3], "size": [3, 3, 3], "uv": [39, 90]}
					]
				},
				{
					"name": "body5",
					"parent": "body6",
					"pivot": [0, 63, -1.5],
					"cubes": [
						{"origin": [-1.5, 62, -3], "size": [3, 9, 3], "uv": [39, 90]}
					]
				},
				{
					"name": "body4",
					"parent": "body5",
					"pivot": [0, 71, -1.5],
					"cubes": [
						{"origin": [-1.5, 71, -3], "size": [3, 3, 3], "uv": [26, 90]}
					]
				},
				{
					"name": "body3",
					"parent": "body4",
					"pivot": [0, 74, -1.5],
					"cubes": [
						{"origin": [-1.5, 74, -3], "size": [3, 9, 3], "uv": [89, 75]}
					]
				},
				{
					"name": "body2",
					"parent": "body3",
					"pivot": [0, 84, -1.6],
					"cubes": [
						{"origin": [-2, 88, -4.2], "size": [4, 1, 4], "pivot": [2, 85, -2], "rotation": [20, 0, 0], "uv": [89, 30]}
					],
					"locators": {
						"_null_left-hand-con": [6, 30, -2],
						"_null_right-hand-con": [-5, 30, -2]
					}
				},
				{
					"name": "body7",
					"parent": "body2",
					"pivot": [0, 84.9316, -2.18794],
					"cubes": [
						{"origin": [-4, 82, -5.2], "size": [8, 6, 6], "pivot": [2, 85, -2], "rotation": [20, 0, 0], "uv": [0, 56]}
					]
				},
				{
					"name": "lefthand_ro",
					"parent": "body2",
					"pivot": [4, 86, -2]
				},
				{
					"name": "lefthand",
					"parent": "lefthand_ro",
					"pivot": [4, 86, -2],
					"cubes": [
						{"origin": [4, 75, -4], "size": [2, 12, 2], "uv": [67, 75]}
					]
				},
				{
					"name": "lefthand2",
					"parent": "lefthand",
					"pivot": [5.5, 75, -2.5],
					"cubes": [
						{"origin": [4, 63, -4], "size": [2, 12, 2], "uv": [54, 75]}
					]
				},
				{
					"name": "lefthand3",
					"parent": "lefthand2",
					"pivot": [5.5, 63, -2.5],
					"cubes": [
						{"origin": [4, 51, -4], "size": [2, 12, 2], "uv": [107, 1]}
					]
				},
				{
					"name": "lefthand5",
					"parent": "lefthand3",
					"pivot": [5.5, 51, -2.5],
					"cubes": [
						{"origin": [4, 39, -4], "size": [2, 12, 2], "uv": [107, 1]}
					]
				},
				{
					"name": "lefthand4",
					"parent": "lefthand5",
					"pivot": [5.5, 39, -2.5],
					"cubes": [
						{"origin": [4, 27, -4], "size": [2, 12, 2], "uv": [54, 75]}
					]
				},
				{
					"name": "lefthand_cotay",
					"parent": "lefthand4",
					"pivot": [5.5, 27, -3]
				},
				{
					"name": "lefthand9",
					"parent": "lefthand_cotay",
					"pivot": [5.5, 27, -3],
					"cubes": [
						{"origin": [3.5, 26, -6], "size": [4, 1, 6], "uv": [74, 31]},
						{"origin": [4.6, 24, -5.5], "size": [2, 2, 5], "uv": [86, 55]},
						{"origin": [4.6, 22, -5.5], "size": [2, 2, 5], "uv": [86, 55]}
					]
				},
				{
					"name": "leftarm10",
					"parent": "lefthand9",
					"pivot": [6.2, 22, -1.2],
					"rotation": [9.99527, 0.21782, -2.4905],
					"cubes": [
						{"origin": [5.2, 15, -1.7], "size": [1, 7, 1], "uv": [20, 75]}
					]
				},
				{
					"name": "leftarm11",
					"parent": "leftarm10",
					"pivot": [6.2, 15, -1.2],
					"rotation": [0, 0, 10],
					"cubes": [
						{"origin": [5.2, 8, -1.7], "size": [1, 7, 1], "uv": [16, 99]}
					]
				},
				{
					"name": "leftarm13",
					"parent": "lefthand9",
					"pivot": [6.2, 22, -2.4],
					"rotation": [7.44081, 0.54094, -12.48848],
					"cubes": [
						{"origin": [5.2, 15, -2.9], "size": [1, 7, 1], "inflate": 0.1, "uv": [106, 32]}
					]
				},
				{
					"name": "leftarm14",
					"parent": "leftarm13",
					"pivot": [6.2, 15, -2.4],
					"rotation": [0, 0, 22.5],
					"cubes": [
						{"origin": [5.2, 8, -2.9], "size": [1, 7, 1], "inflate": 0.1, "uv": [111, 32]}
					]
				},
				{
					"name": "leftarm16",
					"parent": "lefthand9",
					"pivot": [6.2, 22, -3.6],
					"rotation": [2.47864, -0.32621, -2.50706],
					"cubes": [
						{"origin": [5.2, 15, -4.1], "size": [1, 7, 1], "inflate": 0.1, "uv": [21, 99]}
					]
				},
				{
					"name": "leftarm17",
					"parent": "leftarm16",
					"pivot": [6.2, 14.8, -3.6],
					"rotation": [0, 0, 7.5],
					"cubes": [
						{"origin": [5.2, 7.8, -4.1], "size": [1, 7, 1], "inflate": 0.1, "uv": [33, 47]}
					]
				},
				{
					"name": "leftarm19",
					"parent": "lefthand9",
					"pivot": [6.2, 22, -4.8],
					"rotation": [-4.98107, 0.43523, 4.98107],
					"cubes": [
						{"origin": [5.2, 15, -5.3], "size": [1, 7, 1], "inflate": 0.1, "uv": [116, 32]}
					]
				},
				{
					"name": "leftarm20",
					"parent": "leftarm19",
					"pivot": [6.2, 15, -4.8],
					"rotation": [0, 0, 7.5],
					"cubes": [
						{"origin": [5.2, 8, -5.3], "size": [1, 7, 1], "inflate": 0.1, "uv": [121, 32]}
					]
				},
				{
					"name": "leftarm22",
					"parent": "lefthand9",
					"pivot": [5.2, 24, -4.4],
					"rotation": [-30.40773, -24.1782, 13.51584],
					"cubes": [
						{"origin": [4.2, 20, -5.5], "size": [1, 4, 1], "inflate": 0.1, "uv": [106, 41]}
					]
				},
				{
					"name": "leftarm23",
					"parent": "leftarm22",
					"pivot": [4.7, 19.9, -5.6],
					"rotation": [15, 0, 0],
					"cubes": [
						{"origin": [4.2, 13.8, -5.5], "size": [1, 6, 1], "inflate": 0.1, "uv": [0, 24]}
					]
				},
				{
					"name": "righthand_ro",
					"parent": "body2",
					"pivot": [-4, 86, -2]
				},
				{
					"name": "righthand5",
					"parent": "righthand_ro",
					"pivot": [-4, 86, -2],
					"cubes": [
						{"origin": [-6, 75, -4], "size": [2, 12, 2], "uv": [67, 75], "mirror": true}
					]
				},
				{
					"name": "righthand6",
					"parent": "righthand5",
					"pivot": [-5.5, 75, -2.5],
					"cubes": [
						{"origin": [-6, 63, -4], "size": [2, 12, 2], "uv": [54, 75], "mirror": true}
					]
				},
				{
					"name": "righthand7",
					"parent": "righthand6",
					"pivot": [-5.5, 63, -2.5],
					"cubes": [
						{"origin": [-6, 51, -4], "size": [2, 12, 2], "uv": [107, 1], "mirror": true}
					]
				},
				{
					"name": "righthand2",
					"parent": "righthand7",
					"pivot": [-5.5, 51, -2.5],
					"cubes": [
						{"origin": [-6, 39, -4], "size": [2, 12, 2], "uv": [107, 1], "mirror": true}
					]
				},
				{
					"name": "righthand8",
					"parent": "righthand2",
					"pivot": [-5.5, 39, -2.5],
					"cubes": [
						{"origin": [-6, 27, -4], "size": [2, 12, 2], "uv": [54, 75], "mirror": true}
					]
				},
				{
					"name": "righthand_cotay",
					"parent": "righthand8",
					"pivot": [-5.5, 27, -3]
				},
				{
					"name": "righthand10",
					"parent": "righthand_cotay",
					"pivot": [-5.5, 27, -3],
					"cubes": [
						{"origin": [-7.5, 26, -6], "size": [4, 1, 6], "uv": [74, 31], "mirror": true},
						{"origin": [-6.6, 24, -5.5], "size": [2, 2, 5], "uv": [86, 55], "mirror": true},
						{"origin": [-6.6, 22, -5.5], "size": [2, 2, 5], "uv": [86, 55], "mirror": true}
					]
				},
				{
					"name": "rightarm",
					"parent": "righthand10",
					"pivot": [-6.2, 22, -1.2],
					"rotation": [9.99527, -0.21782, 2.4905],
					"cubes": [
						{"origin": [-6.2, 15, -1.7], "size": [1, 7, 1], "uv": [20, 75], "mirror": true}
					]
				},
				{
					"name": "rightarm3",
					"parent": "rightarm",
					"pivot": [-6.2, 15, -1.2],
					"rotation": [0, 0, -10],
					"cubes": [
						{"origin": [-6.2, 8, -1.7], "size": [1, 7, 1], "uv": [16, 99], "mirror": true}
					]
				},
				{
					"name": "rightarm4",
					"parent": "righthand10",
					"pivot": [-6.2, 22, -2.4],
					"rotation": [7.44081, -0.54094, 12.48848],
					"cubes": [
						{"origin": [-6.2, 15, -2.9], "size": [1, 7, 1], "inflate": 0.1, "uv": [106, 32], "mirror": true}
					]
				},
				{
					"name": "rightarm5",
					"parent": "rightarm4",
					"pivot": [-6.2, 15, -2.4],
					"rotation": [0, 0, -22.5],
					"cubes": [
						{"origin": [-6.2, 8, -2.9], "size": [1, 7, 1], "inflate": 0.1, "uv": [111, 32], "mirror": true}
					]
				},
				{
					"name": "rightarm6",
					"parent": "righthand10",
					"pivot": [-6.2, 22, -3.6],
					"rotation": [2.47864, 0.32621, 2.50706],
					"cubes": [
						{"origin": [-6.2, 15, -4.1], "size": [1, 7, 1], "inflate": 0.1, "uv": [21, 99], "mirror": true}
					]
				},
				{
					"name": "rightarm7",
					"parent": "rightarm6",
					"pivot": [-6.2, 14.8, -3.6],
					"rotation": [0, 0, -7.5],
					"cubes": [
						{"origin": [-6.2, 7.8, -4.1], "size": [1, 7, 1], "inflate": 0.1, "uv": [33, 47], "mirror": true}
					]
				},
				{
					"name": "rightarm8",
					"parent": "righthand10",
					"pivot": [-6.2, 22, -4.8],
					"rotation": [-4.98107, -0.43523, -4.98107],
					"cubes": [
						{"origin": [-6.2, 15, -5.3], "size": [1, 7, 1], "inflate": 0.1, "uv": [116, 32], "mirror": true}
					]
				},
				{
					"name": "rightarm9",
					"parent": "rightarm8",
					"pivot": [-6.2, 15, -4.8],
					"rotation": [0, 0, -7.5],
					"cubes": [
						{"origin": [-6.2, 8, -5.3], "size": [1, 7, 1], "inflate": 0.1, "uv": [121, 32], "mirror": true}
					]
				},
				{
					"name": "rightarm1",
					"parent": "righthand10",
					"pivot": [-5.2, 24, -4.4],
					"rotation": [-30.40773, 24.1782, -13.51584],
					"cubes": [
						{"origin": [-5.2, 20, -5.5], "size": [1, 4, 1], "inflate": 0.1, "uv": [106, 41], "mirror": true}
					]
				},
				{
					"name": "rightarm15",
					"parent": "rightarm1",
					"pivot": [-4.7, 19.9, -5.6],
					"rotation": [15, 0, 0],
					"cubes": [
						{"origin": [-5.2, 13.8, -5.5], "size": [1, 6, 1], "inflate": 0.1, "uv": [0, 24], "mirror": true}
					]
				},
				{
					"name": "neck",
					"parent": "body2",
					"pivot": [0, 89, -3.5],
					"cubes": [
						{"origin": [-1, 88, -4.5], "size": [2, 6, 2], "uv": [52, 90]}
					],
					"locators": {
						"_null_head_con": [0, 110, -2]
					}
				},
				{
					"name": "neck2",
					"parent": "neck",
					"pivot": [0, 94, -3.5],
					"cubes": [
						{"origin": [-1, 94, -4.5], "size": [2, 8, 2], "uv": [85, 97]}
					]
				},
				{
					"name": "neck3",
					"parent": "neck2",
					"pivot": [0, 102, -3.5],
					"cubes": [
						{"origin": [-1, 102, -4.5], "size": [2, 6, 2], "uv": [94, 97]}
					]
				},
				{
					"name": "neck4",
					"parent": "neck3",
					"pivot": [0, 108, -3.5],
					"cubes": [
						{"origin": [-1, 108, -4.5], "size": [2, 8, 2], "uv": [119, 1]}
					]
				},
				{
					"name": "neck5",
					"parent": "neck4",
					"pivot": [0, 116, -3.5],
					"cubes": [
						{"origin": [-1, 116, -4.5], "size": [2, 8, 2], "uv": [119, 12]}
					]
				},
				{
					"name": "head",
					"parent": "neck5",
					"pivot": [-0.5, 125, -3.5],
					"cubes": [
						{"origin": [-7, 122, -8.5], "size": [14, 13, 9], "uv": [0, 24]},
						{"origin": [-7, 123.1, -8], "size": [14, 5, 2], "inflate": -0.01, "uv": [29, 61]},
						{"origin": [-7, 128, -8], "size": [14, 5, 2], "uv": [67, 7]}
					]
				},
				{
					"name": "hair",
					"parent": "head",
					"pivot": [0, 126.29307, -4.3978],
					"cubes": [
						{"origin": [-1.5, 133, -7.5], "size": [10, 9, 3], "inflate": 0.01, "pivot": [2.5, 136, -5.5], "rotation": [-22.5, 0, 0], "uv": [62, 61]},
						{"origin": [-7.5, 134, -9.5], "size": [15, 2, 4], "uv": [36, 0]},
						{"origin": [-7.5, 123, -5.5], "size": [15, 13, 7], "uv": [40, 40]},
						{"origin": [-8.40212, 134.13885, -4.5], "size": [3, 5, 4], "pivot": [-7.40212, 135.13885, -3.5], "rotation": [-9.36302, -31.26463, 35.12528], "uv": [85, 87]}
					]
				},
				{
					"name": "bone",
					"parent": "hair",
					"pivot": [-7, 136.74558, -2.84699],
					"cubes": [
						{"origin": [-8.5, 124.88443, -2.94487], "size": [2, 12, 2], "pivot": [-7, 136.74558, -2.84699], "rotation": [-8.45862, 5.35354, 32.10382], "uv": [17, 84]},
						{"origin": [-14.12213, 119.43192, -2.49568], "size": [2, 8, 2], "inflate": -0.01, "pivot": [-12.62213, 139.29307, -2.3978], "rotation": [-9.99068, 0.43398, 2.46207], "uv": [0, 0]}
					]
				},
				{
					"name": "bone2",
					"parent": "hair",
					"pivot": [-7, 136.74558, -2.84699],
					"cubes": [
						{"origin": [-8.5, 124.88443, -2.94487], "size": [3, 13, 2], "pivot": [-7, 136.74558, -2.84699], "rotation": [27.44689, 21.11485, 51.36158], "uv": [85, 39]},
						{"origin": [-16.35711, 116.80927, 2.14006], "size": [3, 13, 2], "inflate": -0.01, "pivot": [-14.85711, 141.67042, 2.23794], "rotation": [-1.66344, 34.08521, -6.86033], "uv": [85, 39]}
					]
				},
				{
					"name": "bone3",
					"parent": "hair",
					"pivot": [-7, 136.74558, -2.84699],
					"cubes": [
						{"origin": [-8.5, 123.88443, -2.94487], "size": [3, 14, 2], "pivot": [-7, 136.74558, -2.84699], "rotation": [5.99629, 5.90316, 19.14314], "uv": [78, 74]},
						{"origin": [-14.90633, 117.81438, -2.95295], "size": [3, 9, 2], "inflate": -0.01, "pivot": [-6.40633, 135.67553, -2.85507], "rotation": [1.87455, 8.19667, -13.53199], "uv": [89, 63]}
					]
				},
				{
					"name": "eye",
					"parent": "head",
					"pivot": [-3.5, 129.5, -7.3],
					"cubes": [
						{"origin": [-6, 127, -8.8], "size": [5, 5, 3], "inflate": -0.5, "uv": [0, 86]}
					]
				},
				{
					"name": "pupil",
					"parent": "eye",
					"pivot": [-3.5, 129.5, -8.5],
					"cubes": [
						{"origin": [-6, 127, -9.9], "size": [5, 5, 2], "inflate": -0.75, "pivot": [-3.5, 129.5, -8.5], "rotation": [-180, 0, 0], "uv": [0, 103]}
					]
				},
				{
					"name": "eye2",
					"parent": "head",
					"pivot": [3.5, 129.5, -7.3],
					"cubes": [
						{"origin": [1, 127, -8.8], "size": [5, 5, 3], "inflate": -0.5, "uv": [0, 86]}
					]
				},
				{
					"name": "pupil2",
					"parent": "eye2",
					"pivot": [3.5, 129.5, -6.5],
					"cubes": [
						{"origin": [1, 127, -5.9], "size": [5, 5, 2], "inflate": -0.75, "pivot": [3.5, 129.5, -6.5], "rotation": [-180, 0, 0], "uv": [0, 103]}
					]
				},
				{
					"name": "all_eyelid",
					"parent": "head",
					"pivot": [0, 128.5, -5.3]
				},
				{
					"name": "eyelid",
					"parent": "all_eyelid",
					"pivot": [3.5, 129.5, -5.3],
					"rotation": [-90, 0, 0],
					"cubes": [
						{"origin": [1, 127, -8.8], "size": [5, 5, 4], "inflate": -0.4, "uv": [0, 76]},
						{"origin": [2.8, 125.8, -9.3], "size": [1.5, 2, 2], "inflate": -0.4, "uv": [1, 77]},
						{"origin": [4.5, 125.8, -9.3], "size": [1.5, 2, 2], "inflate": -0.4, "pivot": [5.5, 127, -7.8], "rotation": [0, -12.5, 0], "uv": [1, 77]},
						{"origin": [1, 125.8, -9.3], "size": [1.5, 2, 2], "inflate": -0.4, "pivot": [1.5, 127, -7.8], "rotation": [0, 12.5, 0], "uv": [1, 77]}
					]
				},
				{
					"name": "eyelid2",
					"parent": "all_eyelid",
					"pivot": [-3.5, 130.5, -5.3],
					"rotation": [-90, 0, 0],
					"cubes": [
						{"origin": [-6, 128, -7.8], "size": [5, 5, 4], "inflate": -0.4, "uv": [0, 76]},
						{"origin": [-6, 126.8, -8.3], "size": [1.5, 2, 2], "inflate": -0.4, "pivot": [-5.5, 128, -6.8], "rotation": [0, 12.5, 0], "uv": [1, 77]},
						{"origin": [-4.2, 126.8, -8.3], "size": [1.5, 2, 2], "inflate": -0.4, "uv": [1, 77]},
						{"origin": [-2.5, 126.8, -8.3], "size": [1.5, 2, 2], "inflate": -0.4, "pivot": [-1.5, 128, -6.8], "rotation": [0, -12.5, 0], "uv": [1, 77]}
					]
				},
				{
					"name": "all_mouth",
					"parent": "head",
					"pivot": [0, 128, -7.8]
				},
				{
					"name": "mouth3",
					"parent": "all_mouth",
					"pivot": [0, 129, -7.8],
					"cubes": [
						{"origin": [-7, 124, -8.6], "size": [14, 4, 2], "uv": [0, 69]}
					]
				},
				{
					"name": "mouth5",
					"parent": "all_mouth",
					"pivot": [0, 128, -7.8],
					"cubes": [
						{"origin": [-7, 122, -8.425], "size": [14, 6, 2], "uv": [96, 47]}
					]
				},
				{
					"name": "mouth4",
					"parent": "all_mouth",
					"pivot": [0, 121, -7.8],
					"cubes": [
						{"origin": [-7, 121, -8.6], "size": [14, 5, 2], "uv": [67, 15]}
					]
				},
				{
					"name": "mouth2",
					"parent": "all_mouth",
					"pivot": [0, 129, -8.8],
					"cubes": [
						{"origin": [-7, 123, -8.6], "size": [14, 5, 2], "uv": [47, 29]}
					]
				},
				{
					"name": "mouth",
					"parent": "all_mouth",
					"pivot": [0, 129, -8.6],
					"cubes": [
						{"origin": [-7, 123, -8.4], "size": [14, 6, 2], "uv": [0, 47]}
					]
				}
			]
		}
	]
}