{
	"format_version": "1.12.0",
	"minecraft:geometry": [
		{
			"description": {
				"identifier": "geometry.mommy_hand_bd",
				"texture_width": 128,
				"texture_height": 128,
				"visible_bounds_width": 5,
				"visible_bounds_height": 16,
				"visible_bounds_offset": [0, 6, 0]
			},
			"bones": [
				{
					"name": "head",
					"pivot": [0, 5, -4]
				},
				{
					"name": "lefthand9",
					"parent": "head",
					"pivot": [0, 5, -14.1],
					"rotation": [-90, -80, -90],
					"cubes": [
						{"origin": [-2, 4, -17.1], "size": [4, 1, 6], "uv": [74, 31]},
						{"origin": [-0.9, 2, -16.6], "size": [2, 2, 5], "uv": [86, 55]},
						{"origin": [-0.9, 0, -16.6], "size": [2, 2, 5], "uv": [86, 55]}
					]
				},
				{
					"name": "leftarm10",
					"parent": "lefthand9",
					"pivot": [0.7, 0, -12.3],
					"rotation": [9.99527, 0.21782, -2.4905],
					"cubes": [
						{"origin": [-0.3, -7, -12.8], "size": [1, 7, 1], "uv": [20, 75]}
					]
				},
				{
					"name": "leftarm11",
					"parent": "leftarm10",
					"pivot": [0.7, -7, -12.3],
					"rotation": [0, 0, 10],
					"cubes": [
						{"origin": [-0.3, -14, -12.8], "size": [1, 7, 1], "uv": [16, 99]}
					]
				},
				{
					"name": "leftarm13",
					"parent": "lefthand9",
					"pivot": [0.7, 0, -13.5],
					"rotation": [7.44081, 0.54094, -12.48848],
					"cubes": [
						{"origin": [-0.3, -7, -14], "size": [1, 7, 1], "inflate": 0.1, "uv": [106, 32]}
					]
				},
				{
					"name": "leftarm14",
					"parent": "leftarm13",
					"pivot": [0.7, -7, -13.5],
					"rotation": [0, 0, 22.5],
					"cubes": [
						{"origin": [-0.3, -14, -14], "size": [1, 7, 1], "inflate": 0.1, "uv": [111, 32]}
					]
				},
				{
					"name": "leftarm16",
					"parent": "lefthand9",
					"pivot": [0.7, 0, -14.7],
					"rotation": [2.47864, -0.32621, -2.50706],
					"cubes": [
						{"origin": [-0.3, -7, -15.2], "size": [1, 7, 1], "inflate": 0.1, "uv": [21, 99]}
					]
				},
				{
					"name": "leftarm17",
					"parent": "leftarm16",
					"pivot": [0.7, -7.2, -14.7],
					"rotation": [0, 0, 7.5],
					"cubes": [
						{"origin": [-0.3, -14.2, -15.2], "size": [1, 7, 1], "inflate": 0.1, "uv": [33, 47]}
					]
				},
				{
					"name": "leftarm19",
					"parent": "lefthand9",
					"pivot": [0.7, 0, -15.9],
					"rotation": [-4.98107, 0.43523, 4.98107],
					"cubes": [
						{"origin": [-0.3, -7, -16.4], "size": [1, 7, 1], "inflate": 0.1, "uv": [116, 32]}
					]
				},
				{
					"name": "leftarm20",
					"parent": "leftarm19",
					"pivot": [0.7, -7, -15.9],
					"rotation": [0, 0, 7.5],
					"cubes": [
						{"origin": [-0.3, -14, -16.4], "size": [1, 7, 1], "inflate": 0.1, "uv": [121, 32]}
					]
				},
				{
					"name": "leftarm22",
					"parent": "lefthand9",
					"pivot": [-0.3, 2, -15.5],
					"rotation": [-30.40773, -24.1782, 13.51584],
					"cubes": [
						{"origin": [-1.3, -2, -16.6], "size": [1, 4, 1], "inflate": 0.1, "uv": [106, 41]}
					]
				},
				{
					"name": "leftarm23",
					"parent": "leftarm22",
					"pivot": [-0.8, -2.1, -16.7],
					"rotation": [15, 0, 0],
					"cubes": [
						{"origin": [-1.3, -8.2, -16.6], "size": [1, 6, 1], "inflate": 0.1, "uv": [0, 24]}
					]
				},
				{
					"name": "bone",
					"parent": "head",
					"pivot": [0, 5, -14.1],
					"cubes": [
						{"origin": [-1.5, -7, -2.6], "size": [2, 6, 2], "pivot": [0, 6, -1.1], "rotation": [-90, 0, -90], "uv": [54, 75]}
					]
				}
			]
		}
	]
}