{
	"format_version": "1.12.0",
	"minecraft:geometry": [
		{
			"description": {
				"identifier": "geometry.mommy_hand_tail_bd",
				"texture_width": 128,
				"texture_height": 128,
				"visible_bounds_width": 5,
				"visible_bounds_height": 16,
				"visible_bounds_offset": [0, 6, 0]
			},
			"bones": [
				{
					"name": "all",
					"pivot": [0, 5, 0],
					"cubes": [
						{"origin": [-0.5, 2, 1], "size": [2, 11, 2], "pivot": [0, 5, 2.5], "rotation": [-90, 0, -90], "uv": [54, 75]}
					]
				}
			]
		}
	]
}