{"entity_sounds":{"entities":{"jtartz:herobrine_pig":{"volume":1.0,"pitch":[0.8,1.2],"events":{"ambient":"mob.pig.say","hurt":"mob.pig.say","death":"mob.pig.death","step":{"sound":"mob.pig.step","volume":0.15,"pitch":1.0}}},"jtartz:herobrine_chicken":{"volume":1.0,"pitch":[0.8,1.2],"events":{"ambient":"mob.chicken.say","hurt":"mob.chicken.hurt","death":"mob.chicken.hurt","step":{"sound":"mob.chicken.step","volume":0.15,"pitch":1.0},"plop":"mob.hbchicken.plop"}},"jtartz:herobrine_cow":{"volume":1.0,"pitch":[0.8,1.2],"events":{"ambient":"mob.cow.say","hurt":"mob.cow.hurt","death":"mob.cow.hurt","step":{"sound":"mob.cow.step","volume":0.15,"pitch":1.0}}},"jtartz:hb_delay":{"volume":0.0,"pitch":[0.8,1.2],"events":{"ambient":"","hurt":"","death":"","step":{"sound":"","volume":0.15,"pitch":1.0}}},"jtartz:todhb":{"volume":0.0,"pitch":[0.8,1.2],"events":{"ambient":"","hurt":"","death":"","step":{"sound":"","volume":0.15,"pitch":1.0}}},"jtartz:hbstalker":{"volume":0.0,"pitch":[0.8,1.2],"events":{"ambient":"","hurt":"","death":"","step":{"sound":"","volume":0.15,"pitch":1.0}}},"jtartz:curseactivate":{"volume":0.0,"pitch":[0.8,1.2],"events":{"ambient":"","hurt":"","death":"","step":{"sound":"","volume":0.15,"pitch":1.0}}},"jtartz:hb_curse_forcestart":{"volume":0.0,"pitch":[0.8,1.2],"events":{"ambient":"","hurt":"","death":"","step":{"sound":"","volume":0.15,"pitch":1.0}}},"jtartz:hb_curse":{"volume":1.0,"pitch":[0.8,1.2],"events":{"throw":{"sound":"random.bow","volume":0.5,"pitch":[0.33,0.5]},"hurt":"game.player.hurt","death":"game.player.die","hurt.in.water":"game.player.hurt","death.in.water":"","attack.nodamage":"game.player.attack.nodamage","attack.strong":"game.player.attack.strong","elderguardian.curse":{"sound":"mob.elderguardian.curse","volume":1.0,"pitch":1.0}}},"jtartz:hb_stare":{"volume":1.0,"pitch":[0.8,1.2],"events":{"throw":{"sound":"random.bow","volume":0.5,"pitch":[0.33,0.5]},"hurt":"game.player.hurt","death":"","hurt.in.water":"game.player.hurt","death.in.water":"","attack.nodamage":"game.player.attack.nodamage","attack.strong":"game.player.attack.strong","elderguardian.curse":{"sound":"mob.elderguardian.curse","volume":1.0,"pitch":1.0}}},"jtartz:hb_delay":{"volume":0.0,"pitch":[0.8,1.2],"events":{"ambient":"","hurt":"","death":"","step":{"sound":"","volume":0.15,"pitch":1.0}}},"a:delaytick":{"volume":0.0,"pitch":[0.8,1.2],"events":{"ambient":"","hurt":"","death":"","step":{"sound":"","volume":0.15,"pitch":1.0}}},"jtartz:hb_curse":{"volume":1.08,"pitch":[0.3,1.2],"events":{"ambient":"","hurt":"","plop":"ambient.herobrine.appears","death":"","step":{"sound":"","volume":1.0,"pitch":1.0}}}}}}
