{"format_version":"1.10.0","minecraft:client_entity":{"description":{"identifier":"yg:happy","materials":{"default":"enderman"},"textures":{"default":"textures/entity/pamobile/yg_happy/default.png","angry":"textures/entity/pamobile/yg_happy/angry.png","tame":"textures/entity/pamobile/yg_happy/tame.png"},"geometry":{"default":"geometry.yg_happy"},"scripts":{"animate":["move","general","attack_controllers","looking_at"],"pre_animation":["variable.attack = Math.sin(variable.attack_time * 30.0);"]},"animations":{"attack":"animation.yg_happy.attack","attack_controllers":"controller.animation.yg_happy.attack","general":"controller.animation.yg_happy.general","gazo_general":"animation.yg_happy.general","looking":"animation.yg_happy.looking","looking_at":"controller.animation.yg_happy.looking_at","move":"controller.animation.yg_happy.move","moving":"animation.yg_happy.move"},"render_controllers":["controller.render.wolf"],"spawn_egg":{"base_color":"#D5E6E5","overlay_color":"#15BBC7"}}}}