{
  "format_version": "1.12.0",
  "minecraft:geometry": [
    {
      "description": {
        "identifier": "geometry.yg_happy",
        "texture_width": 128,
        "texture_height": 128,
        "visible_bounds_width": 3,
        "visible_bounds_height": 4.5,
        "visible_bounds_offset": [
          0,
          1.75,
          0
        ]
      },
      "bones": [
        {
          "name": "Root",
          "pivot": [
            0,
            32,
            0
          ]
        },
        {
          "name": "Body",
          "pivot": [
            0,
            9.66667,
            0
          ],
          "cubes": [
            {
              "origin": [
                -5.0,
                13.0,
                -4.0
              ],
              "size": [
                10.0,
                17.0,
                8.0
              ],
              "uv": [
                0,
                21
              ],
              "inflate": 0
            },
            {
              "origin": [
                -5.0,
                0.0,
                -4.0
              ],
              "size": [
                10.0,
                1.0,
                8.0
              ],
              "uv": [
                31,
                0
              ],
              "inflate": 0
            },
            {
              "origin": [
                -5.5,
                1.0,
                -4.5
              ],
              "size": [
                11.0,
                12.0,
                9.0
              ],
              "uv": [
                0,
                0
              ],
              "inflate": 0
            }
          ],
          "parent": "Root"
        },
        {
          "name": "Legs",
          "pivot": [
            0,
            1,
            0
          ],
          "parent": "Body"
        },
        {
          "name": "bone",
          "pivot": [
            0,
            1,
            -4
          ],
          "cubes": [
            {
              "origin": [
                -2.0,
                0.32466,
                -7.96444
              ],
              "size": [
                4.0,
                2.0,
                5.0
              ],
              "pivot": [
                0.0,
                1.32466,
                -5.46444
              ],
              "rotation": [
                -12.5,
                0.0,
                0.0
              ],
              "uv": [
                44,
                63
              ],
              "inflate": 0
            },
            {
              "origin": [
                -2.12,
                0.37288,
                -11.5449
              ],
              "size": [
                4.24,
                2.12,
                4.24
              ],
              "pivot": [
                0.0,
                1.43288,
                -9.4249
              ],
              "rotation": [
                12.5,
                0.0,
                0.0
              ],
              "uv": [
                70,
                46
              ],
              "inflate": 0
            },
            {
              "origin": [
                -1.5,
                -0.21644,
                -13.35378
              ],
              "size": [
                3.0,
                2.0,
                2.0
              ],
              "pivot": [
                0.0,
                0.78356,
                -12.35378
              ],
              "rotation": [
                12.5,
                0.0,
                0.0
              ],
              "uv": [
                72,
                40
              ],
              "inflate": 0
            }
          ],
          "parent": "Legs"
        },
        {
          "name": "bone2",
          "pivot": [
            -4,
            1,
            -4
          ],
          "cubes": [
            {
              "origin": [
                -6.77672,
                0.32466,
                -7.17571
              ],
              "size": [
                4.0,
                2.0,
                5.0
              ],
              "pivot": [
                -4.77672,
                1.32466,
                -4.67571
              ],
              "rotation": [
                -12.5,
                0.0,
                0.0
              ],
              "uv": [
                13,
                60
              ],
              "inflate": 0
            },
            {
              "origin": [
                -6.89672,
                0.37288,
                -10.75617
              ],
              "size": [
                4.24,
                2.12,
                4.24
              ],
              "pivot": [
                -4.77672,
                1.43288,
                -8.63617
              ],
              "rotation": [
                12.5,
                0.0,
                0.0
              ],
              "uv": [
                68,
                13
              ],
              "inflate": 0
            },
            {
              "origin": [
                -6.27672,
                -0.21644,
                -12.56505
              ],
              "size": [
                3.0,
                2.0,
                2.0
              ],
              "pivot": [
                -4.77672,
                0.78356,
                -11.56505
              ],
              "rotation": [
                12.5,
                0.0,
                0.0
              ],
              "uv": [
                72,
                32
              ],
              "inflate": 0
            }
          ],
          "parent": "Legs",
          "rotation": [
            0,
            27.5,
            0
          ]
        },
        {
          "name": "bone3",
          "pivot": [
            4,
            1,
            -4
          ],
          "cubes": [
            {
              "origin": [
                2.77672,
                0.32466,
                -7.17571
              ],
              "size": [
                4.0,
                2.0,
                5.0
              ],
              "pivot": [
                4.77672,
                1.32466,
                -4.67571
              ],
              "rotation": [
                -12.5,
                0.0,
                0.0
              ],
              "uv": [
                59,
                0
              ],
              "inflate": 0
            },
            {
              "origin": [
                2.65672,
                0.37288,
                -10.75617
              ],
              "size": [
                4.24,
                2.12,
                4.24
              ],
              "pivot": [
                4.77672,
                1.43288,
                -8.63617
              ],
              "rotation": [
                12.5,
                0.0,
                0.0
              ],
              "uv": [
                68,
                7
              ],
              "inflate": 0
            },
            {
              "origin": [
                3.27672,
                -0.21644,
                -12.56505
              ],
              "size": [
                3.0,
                2.0,
                2.0
              ],
              "pivot": [
                4.77672,
                0.78356,
                -11.56505
              ],
              "rotation": [
                12.5,
                0.0,
                0.0
              ],
              "uv": [
                72,
                0
              ],
              "inflate": 0
            }
          ],
          "parent": "Legs",
          "rotation": [
            0,
            -27.5,
            0
          ]
        },
        {
          "name": "bone4",
          "pivot": [
            4,
            1,
            4
          ],
          "cubes": [
            {
              "origin": [
                2.77672,
                0.32466,
                2.17571
              ],
              "size": [
                4.0,
                2.0,
                5.0
              ],
              "pivot": [
                4.77672,
                1.32466,
                4.67571
              ],
              "rotation": [
                12.5,
                0.0,
                0.0
              ],
              "uv": [
                57,
                58
              ],
              "inflate": 0
            },
            {
              "origin": [
                2.65672,
                0.37288,
                6.51617
              ],
              "size": [
                4.24,
                2.12,
                4.24
              ],
              "pivot": [
                4.77672,
                1.43288,
                8.63617
              ],
              "rotation": [
                -12.5,
                0.0,
                0.0
              ],
              "uv": [
                28,
                67
              ],
              "inflate": 0
            },
            {
              "origin": [
                3.27672,
                -0.21644,
                10.56505
              ],
              "size": [
                3.0,
                2.0,
                2.0
              ],
              "pivot": [
                4.77672,
                0.78356,
                11.56505
              ],
              "rotation": [
                -12.5,
                0.0,
                0.0
              ],
              "uv": [
                62,
                71
              ],
              "inflate": 0
            }
          ],
          "parent": "Legs",
          "rotation": [
            0,
            27.5,
            0
          ]
        },
        {
          "name": "bone5",
          "pivot": [
            -4,
            1,
            4
          ],
          "cubes": [
            {
              "origin": [
                -6.77672,
                0.32466,
                2.17571
              ],
              "size": [
                4.0,
                2.0,
                5.0
              ],
              "pivot": [
                -4.77672,
                1.32466,
                4.67571
              ],
              "rotation": [
                12.5,
                0.0,
                0.0
              ],
              "uv": [
                57,
                51
              ],
              "inflate": 0
            },
            {
              "origin": [
                -6.89672,
                0.37288,
                6.51617
              ],
              "size": [
                4.24,
                2.12,
                4.24
              ],
              "pivot": [
                -4.77672,
                1.43288,
                8.63617
              ],
              "rotation": [
                -12.5,
                0.0,
                0.0
              ],
              "uv": [
                12,
                67
              ],
              "inflate": 0
            },
            {
              "origin": [
                -6.27672,
                -0.21644,
                10.56505
              ],
              "size": [
                3.0,
                2.0,
                2.0
              ],
              "pivot": [
                -4.77672,
                0.78356,
                11.56505
              ],
              "rotation": [
                -12.5,
                0.0,
                0.0
              ],
              "uv": [
                70,
                52
              ],
              "inflate": 0
            }
          ],
          "parent": "Legs",
          "rotation": [
            0,
            -27.5,
            0
          ]
        },
        {
          "name": "bone6",
          "pivot": [
            5,
            1,
            0
          ],
          "cubes": [
            {
              "origin": [
                3.0,
                0.32466,
                -3.96444
              ],
              "size": [
                4.0,
                2.0,
                5.0
              ],
              "pivot": [
                5.0,
                1.32466,
                -1.46444
              ],
              "rotation": [
                -12.5,
                0.0,
                0.0
              ],
              "uv": [
                0,
                57
              ],
              "inflate": 0
            },
            {
              "origin": [
                2.88,
                0.37288,
                -7.5449
              ],
              "size": [
                4.24,
                2.12,
                4.24
              ],
              "pivot": [
                5.0,
                1.43288,
                -5.4249
              ],
              "rotation": [
                12.5,
                0.0,
                0.0
              ],
              "uv": [
                62,
                65
              ],
              "inflate": 0
            },
            {
              "origin": [
                3.5,
                -0.21644,
                -9.35378
              ],
              "size": [
                3.0,
                2.0,
                2.0
              ],
              "pivot": [
                5.0,
                0.78356,
                -8.35378
              ],
              "rotation": [
                12.5,
                0.0,
                0.0
              ],
              "uv": [
                52,
                70
              ],
              "inflate": 0
            }
          ],
          "parent": "Legs",
          "rotation": [
            0,
            -90,
            0
          ]
        },
        {
          "name": "bone7",
          "pivot": [
            -5,
            1,
            0
          ],
          "cubes": [
            {
              "origin": [
                -7.0,
                0.0,
                -4.0
              ],
              "size": [
                4.0,
                2.0,
                5.0
              ],
              "pivot": [
                -5.0,
                1.0,
                0.0
              ],
              "rotation": [
                -12.5,
                0.0,
                0.0
              ],
              "uv": [
                44,
                56
              ],
              "inflate": 0
            },
            {
              "origin": [
                -7.12,
                0.37288,
                -7.5449
              ],
              "size": [
                4.24,
                2.12,
                4.24
              ],
              "pivot": [
                -5.0,
                1.43288,
                -5.4249
              ],
              "rotation": [
                12.5,
                0.0,
                0.0
              ],
              "uv": [
                64,
                26
              ],
              "inflate": 0
            },
            {
              "origin": [
                -6.5,
                -0.21644,
                -9.35378
              ],
              "size": [
                3.0,
                2.0,
                2.0
              ],
              "pivot": [
                -5.0,
                0.78356,
                -8.35378
              ],
              "rotation": [
                12.5,
                0.0,
                0.0
              ],
              "uv": [
                21,
                46
              ],
              "inflate": 0
            }
          ],
          "parent": "Legs",
          "rotation": [
            0,
            90,
            0
          ]
        },
        {
          "name": "bone8",
          "pivot": [
            0,
            1,
            4
          ],
          "cubes": [
            {
              "origin": [
                -2.0,
                0.32466,
                2.96444
              ],
              "size": [
                4.0,
                2.0,
                5.0
              ],
              "pivot": [
                0.0,
                1.32466,
                5.46444
              ],
              "rotation": [
                12.5,
                0.0,
                0.0
              ],
              "uv": [
                31,
                60
              ],
              "inflate": 0
            },
            {
              "origin": [
                -2.12,
                0.37288,
                7.3049
              ],
              "size": [
                4.24,
                2.12,
                4.24
              ],
              "pivot": [
                0.0,
                1.43288,
                9.4249
              ],
              "rotation": [
                -12.5,
                0.0,
                0.0
              ],
              "uv": [
                40,
                70
              ],
              "inflate": 0
            },
            {
              "origin": [
                -1.5,
                -0.21644,
                11.35378
              ],
              "size": [
                3.0,
                2.0,
                2.0
              ],
              "pivot": [
                0.0,
                0.78356,
                12.35378
              ],
              "rotation": [
                -12.5,
                0.0,
                0.0
              ],
              "uv": [
                72,
                36
              ],
              "inflate": 0
            }
          ],
          "parent": "Legs"
        },
        {
          "name": "Head",
          "pivot": [
            0,
            30,
            0
          ],
          "cubes": [
            {
              "origin": [
                -5.2,
                29.72,
                -4.16
              ],
              "size": [
                10.4,
                16.56,
                8.32
              ],
              "uv": [
                36,
                26
              ],
              "inflate": 0
            },
            {
              "origin": [
                -4.5,
                43.0,
                -5.0
              ],
              "size": [
                4.0,
                4.0,
                1.0
              ],
              "uv": [
                70,
                58
              ],
              "inflate": 0
            },
            {
              "origin": [
                0.5,
                43.0,
                -5.0
              ],
              "size": [
                4.0,
                4.0,
                1.0
              ],
              "uv": [
                26,
                60
              ],
              "inflate": 0
            },
            {
              "origin": [
                0.91,
                43.41,
                -5.03
              ],
              "size": [
                3.18,
                3.18,
                1.06
              ],
              "uv": [
                0,
                4
              ],
              "inflate": 0
            },
            {
              "origin": [
                -4.09,
                43.41,
                -5.03
              ],
              "size": [
                3.18,
                3.18,
                1.06
              ],
              "uv": [
                0,
                0
              ],
              "inflate": 0
            },
            {
              "origin": [
                -7.0336,
                45.588,
                -4.6592
              ],
              "size": [
                14.0672,
                5.824,
                9.3184
              ],
              "uv": [
                31,
                12
              ],
              "inflate": 0
            }
          ],
          "parent": "Body"
        },
        {
          "name": "Rightarm",
          "pivot": [
            -5.5,
            29,
            0
          ],
          "cubes": [
            {
              "origin": [
                -8.0,
                22.0,
                -1.5
              ],
              "size": [
                3.0,
                8.0,
                3.0
              ],
              "uv": [
                0,
                64
              ],
              "inflate": 0
            }
          ],
          "parent": "Body"
        },
        {
          "name": "bone9",
          "pivot": [
            -6.5,
            22,
            0
          ],
          "cubes": [
            {
              "origin": [
                -8.0,
                14.0,
                -1.5
              ],
              "size": [
                3.0,
                8.0,
                3.0
              ],
              "uv": [
                0,
                64
              ],
              "inflate": 0
            }
          ],
          "parent": "Rightarm"
        },
        {
          "name": "bone10",
          "pivot": [
            -6.5,
            14,
            0
          ],
          "cubes": [
            {
              "origin": [
                -8.0,
                6.0,
                -1.5
              ],
              "size": [
                3.0,
                8.0,
                3.0
              ],
              "uv": [
                0,
                64
              ],
              "inflate": 0
            }
          ],
          "parent": "bone9"
        },
        {
          "name": "bone11",
          "pivot": [
            -6.5,
            6,
            0
          ],
          "cubes": [
            {
              "origin": [
                -9.0,
                5.0,
                -2.5
              ],
              "size": [
                5.0,
                1.0,
                5.0
              ],
              "uv": [
                42,
                50
              ],
              "inflate": 0
            },
            {
              "origin": [
                -10.0,
                2.0,
                -3.5
              ],
              "size": [
                7.0,
                3.0,
                7.0
              ],
              "uv": [
                21,
                50
              ],
              "inflate": 0
            },
            {
              "origin": [
                -10.42,
                -2.24,
                -3.92
              ],
              "size": [
                7.84,
                4.48,
                7.84
              ],
              "uv": [
                0,
                46
              ],
              "inflate": 0
            }
          ],
          "parent": "bone10"
        },
        {
          "name": "Leftarm",
          "pivot": [
            5.5,
            29,
            0
          ],
          "cubes": [
            {
              "origin": [
                5.0,
                22.0,
                -1.5
              ],
              "size": [
                3.0,
                8.0,
                3.0
              ],
              "uv": [
                0,
                64
              ],
              "inflate": 0
            }
          ],
          "parent": "Body"
        },
        {
          "name": "bone12",
          "pivot": [
            6.5,
            22,
            0
          ],
          "cubes": [
            {
              "origin": [
                5.0,
                14.0,
                -1.5
              ],
              "size": [
                3.0,
                8.0,
                3.0
              ],
              "uv": [
                0,
                64
              ],
              "inflate": 0
            }
          ],
          "parent": "Leftarm"
        },
        {
          "name": "bone13",
          "pivot": [
            6.5,
            14,
            0
          ],
          "cubes": [
            {
              "origin": [
                5.0,
                6.0,
                -1.5
              ],
              "size": [
                3.0,
                8.0,
                3.0
              ],
              "uv": [
                0,
                64
              ],
              "inflate": 0
            }
          ],
          "parent": "bone12"
        },
        {
          "name": "bone14",
          "pivot": [
            6.5,
            6,
            0
          ],
          "cubes": [
            {
              "origin": [
                4.0,
                5.0,
                -2.5
              ],
              "size": [
                5.0,
                1.0,
                5.0
              ],
              "uv": [
                42,
                50
              ],
              "inflate": 0
            },
            {
              "origin": [
                3.0,
                2.0,
                -3.5
              ],
              "size": [
                7.0,
                3.0,
                7.0
              ],
              "uv": [
                21,
                50
              ],
              "inflate": 0
            },
            {
              "origin": [
                2.58,
                -2.24,
                -3.92
              ],
              "size": [
                7.84,
                4.48,
                7.84
              ],
              "uv": [
                0,
                46
              ],
              "inflate": 0
            }
          ],
          "parent": "bone13"
        }
      ]
    }
  ]
}