{
	"format_version": "1.12.0",
	"minecraft:geometry": [
		{
			"description": {
				"identifier": "geometry.head_infected_cow",
				"texture_width": 64,
				"texture_height": 46,
				"visible_bounds_width": 3,
				"visible_bounds_height": 3.5,
				"visible_bounds_offset": [0, 1.25, 0]
			},
			"bones": [
				{
					"name": "All",
					"pivot": [0, 9, 0]
				},
				{
					"name": "Cabeza",
					"parent": "All",
					"pivot": [0, -3, -3],
					"cubes": [
						{"origin": [-4, 4, -5], "size": [8, 8, 6], "pivot": [0, 8, -3], "rotation": [7.5, 0, -180], "uv": [22, 0]},
						{"origin": [3.9, 1.90369, -3.53066], "size": [1, 3, 1], "pivot": [0, 4, -4], "rotation": [12.5, 0, -180], "uv": [28, 29]},
						{"origin": [-4.9, 1.90369, -3.4], "size": [1, 3, 1], "pivot": [0, 4, -4], "rotation": [7.5, 0, 180], "uv": [28, 29], "mirror": true},
						{"origin": [-3.5, 5.53, 3.8], "size": [7, 0, 2], "pivot": [0, 5, 1], "rotation": [12.5, 0, 0], "uv": [44, 25], "mirror": true},
						{"origin": [-3.5, 5.53, -0.2], "size": [7, 5, 4], "pivot": [0, 5, 1], "rotation": [12.5, 0, 0], "uv": [0, 18], "mirror": true},
						{"origin": [-3.1, 9.6, 2], "size": [1, 1, 5], "pivot": [0, 11, 8], "rotation": [27, -5, -5], "uv": [0, 27], "mirror": true},
						{"origin": [1.9, 10, 3], "size": [1, 1, 5], "pivot": [0, 9, 9], "rotation": [25, 7.5, 0], "uv": [0, 27], "mirror": true},
						{"origin": [-1, 8.75, 3.1], "size": [2, 1, 1], "pivot": [0, 9, 3], "rotation": [-1, 0, 0], "uv": [42, 20], "mirror": true},
						{"origin": [-0.5, 8.7, 1.6], "size": [1, 1, 2], "pivot": [0, 9, 3], "rotation": [-1, 0, 0], "uv": [24, 37], "mirror": true},
						{"origin": [-0.5, 8.7, 3.6], "size": [1, 1, 2], "uv": [45, 21], "mirror": true},
						{"origin": [-1, 8.75, 5.1], "size": [2, 1, 1], "uv": [42, 20], "mirror": true},
						{"origin": [-1, 8.75, 7.1], "size": [2, 1, 1], "pivot": [0, 9, 5], "rotation": [1, 0, 0], "uv": [44, 22], "mirror": true},
						{"origin": [-0.5, 8.7, 5.6], "size": [1, 1, 2], "pivot": [0, 9, 5], "rotation": [1, 0, 0], "uv": [45, 22], "mirror": true},
						{"origin": [-1, 8.7849, 9.1003], "size": [2, 1, 1], "pivot": [0, 9, 7], "rotation": [2, 0, 0], "uv": [43, 22], "mirror": true},
						{"origin": [-0.5, 8.728, 7.6003], "size": [1, 1, 2], "pivot": [0, 9, 7], "rotation": [2, 0, 0], "uv": [42, 22], "mirror": true},
						{"origin": [-1, 8.8896, 11.10213], "size": [2, 1, 1], "pivot": [0, 9, 10], "rotation": [3, 0, 0], "uv": [44, 22], "mirror": true},
						{"origin": [-0.5, 8.84, 9.6021], "size": [1, 1, 2], "pivot": [0, 9, 10], "rotation": [3, 0, 0], "uv": [45, 21], "mirror": true},
						{"origin": [3.5, 5.53, 3.8], "size": [0, 5, 2], "pivot": [0, 5, 1], "rotation": [12.5, 0, 0], "uv": [44, 25], "mirror": true},
						{"origin": [-3.5, 10.53, 3.8], "size": [7, 0, 2], "pivot": [0, 5, 1], "rotation": [12.5, 0, 0], "uv": [44, 25], "mirror": true},
						{"origin": [-3.5, 5.53, 3.8], "size": [0, 5, 2], "pivot": [0, 5, 1], "rotation": [12.5, 0, 0], "uv": [53, 25]},
						{"origin": [-2.5, 9.88013, -1.94808], "size": [5, 3, 3], "pivot": [0, 11, 1], "rotation": [-35, 0, 0], "uv": [0, 38]}
					]
				},
				{
					"name": "Mandibula",
					"parent": "All",
					"pivot": [0, 12, 1],
					"rotation": [-10, 0, 0],
					"cubes": [
						{"origin": [-3.5, -18.7, -18.1], "size": [7, 2, 5], "pivot": [0, -4, -3], "rotation": [52.5, 0, -180], "uv": [22, 20], "mirror": true},
						{"origin": [3.35, 10.8, 7.7], "size": [0, 1, 1], "pivot": [0, -4, -3], "rotation": [32.5, 0, 0], "uv": [21, 18]},
						{"origin": [-3.35, 10.8, 7.7], "size": [0, 1, 1], "pivot": [0, -4, -3], "rotation": [32.5, 0, 0], "uv": [21, 18], "mirror": true},
						{"origin": [-0.5, 12.1, 7.7], "size": [1, 0, 1], "pivot": [0, -4, -3], "rotation": [32.5, 0, 0], "uv": [20, 19]},
						{"origin": [1, 12.1, 7.7], "size": [1, 0, 1], "pivot": [0, -4, -3], "rotation": [32.5, 0, 0], "uv": [20, 19]},
						{"origin": [-1.95, 12.1, 7.7], "size": [1, 0, 1], "pivot": [0, -4, -3], "rotation": [32.5, 0, 0], "uv": [20, 19]},
						{"origin": [-3.4, 12.1, 7.7], "size": [1, 0, 1], "pivot": [0, -4, -3], "rotation": [32.5, 0, 0], "uv": [20, 19]},
						{"origin": [2.4, 12.1, 7.7], "size": [1, 0, 1], "pivot": [0, -4, -3], "rotation": [32.5, 0, 0], "uv": [20, 19]}
					]
				},
				{
					"name": "BasePataIzq1",
					"parent": "All",
					"pivot": [0, -4, -4],
					"cubes": [
						{"origin": [2.7, 9.2, 1.7], "size": [1, 7, 1], "pivot": [3.5, 9.8, 2.5], "rotation": [-20, -15, 45], "uv": [13, 32]},
						{"origin": [2.6, 9.2, 1.5], "size": [1, 1, 1], "pivot": [3, 10, 1.5], "rotation": [-10, 0, 0], "uv": [13, 32]}
					]
				},
				{
					"name": "BasePataDer1",
					"parent": "All",
					"pivot": [0, -4, -4],
					"cubes": [
						{"origin": [-3.7, 9.2, 1.7], "size": [1, 7, 1], "pivot": [-3.5, 9.8, 2.5], "rotation": [-20, 15, -45], "uv": [18, 36], "mirror": true},
						{"origin": [-3.6, 9.2, 1.5], "size": [1, 1, 1], "pivot": [-3, 10, 1.5], "rotation": [-10, 0, 0], "uv": [13, 32], "mirror": true}
					]
				},
				{
					"name": "BasePataIzq2",
					"parent": "All",
					"pivot": [0, -3, -3],
					"cubes": [
						{"origin": [3.2, 5.94709, -2.21179], "size": [1, 1, 1], "pivot": [4, 6, -2], "rotation": [-2.5, 0, 0], "uv": [13, 31]},
						{"origin": [-0.3, 0.8, -1.55], "size": [1, 6, 1], "pivot": [7.5, 0, -3], "rotation": [-7.5, -5, 52.5], "uv": [13, 33]}
					]
				},
				{
					"name": "BasePataDer2",
					"parent": "All",
					"pivot": [0, -3, -3],
					"cubes": [
						{"origin": [-4.2, 5.94709, -2.21179], "size": [1, 1, 1], "pivot": [-4, 6, -2], "rotation": [-2.5, 0, 0], "uv": [13, 32], "mirror": true},
						{"origin": [-0.7, 0.8, -1.55], "size": [1, 6, 1], "pivot": [-7.5, 0, -3], "rotation": [-7.5, 5, -52.5], "uv": [13, 32], "mirror": true}
					]
				},
				{
					"name": "BasePataIzq3",
					"parent": "All",
					"pivot": [0, -3, -1],
					"cubes": [
						{"origin": [3.2, 6.4, -3.1], "size": [1, 1, 1], "pivot": [0, -3, -1], "rotation": [7.5, 0, 0], "uv": [13, 32]},
						{"origin": [3.21798, 7.29603, -4.36318], "size": [1, 6, 1], "pivot": [3.5, 7, -4], "rotation": [12.5, 15, 62.5], "uv": [13, 32]}
					]
				},
				{
					"name": "BasePataDer3",
					"parent": "All",
					"pivot": [0, -3, -1],
					"cubes": [
						{"origin": [-4.2, 6.4, -3.1], "size": [1, 1, 1], "pivot": [0, -3, -1], "rotation": [7.5, 0, 0], "uv": [13, 32], "mirror": true},
						{"origin": [-4.21798, 7.29603, -4.36318], "size": [1, 6, 1], "pivot": [-3.5, 7, -4], "rotation": [12.5, -15, -62.5], "uv": [13, 32], "mirror": true}
					]
				},
				{
					"name": "PataIzq3",
					"parent": "All",
					"pivot": [9, 10, -5],
					"rotation": [-17.5, 10, 0],
					"cubes": [
						{"origin": [8, 7.54628, -5.49929], "size": [4, 1, 1], "pivot": [10.5, 8.04628, -4.69929], "rotation": [15, -5, 50], "uv": [18, 36]},
						{"origin": [10.7, 2.54628, -5.0993], "size": [1, 5, 1], "pivot": [11.5, 6.04628, -3.69929], "rotation": [17.5, 0, 25], "uv": [13, 32]},
						{"origin": [9.2, 0.34628, -4.14929], "size": [1, 3, 1], "pivot": [10.5, 3.04628, -3.69929], "rotation": [17.5, 10, -10], "uv": [13, 32]}
					]
				},
				{
					"name": "PataDer3",
					"parent": "All",
					"pivot": [-9, 10, -5],
					"rotation": [-17.5, -10, 0],
					"cubes": [
						{"origin": [-12, 7.54628, -5.49929], "size": [4, 1, 1], "pivot": [-10.5, 8.04628, -4.69929], "rotation": [15, 5, -50], "uv": [12, 34], "mirror": true},
						{"origin": [-11.7, 2.54628, -5.09929], "size": [1, 5, 1], "pivot": [-11.5, 6.04628, -3.69929], "rotation": [17.5, 0, -25], "uv": [13, 32], "mirror": true},
						{"origin": [-10.2, 0.34628, -4.14929], "size": [1, 3, 1], "pivot": [-10.5, 3.04628, -3.69929], "rotation": [17.5, -10, 10], "uv": [13, 32], "mirror": true}
					]
				},
				{
					"name": "PataDer2",
					"parent": "All",
					"pivot": [-8, 10, -1],
					"rotation": [-17.5, 17.5, 0],
					"cubes": [
						{"origin": [-11.45372, 6.95586, -1.18608], "size": [4, 1, 1], "pivot": [-10.45372, 7.95586, -0.98608], "rotation": [15, 5, -50], "uv": [18, 36], "mirror": true},
						{"origin": [-11.15372, 2.15586, -0.78608], "size": [1, 5, 1], "pivot": [-11.45372, 5.95586, 0.01392], "rotation": [17.5, 0, -25], "uv": [13, 32], "mirror": true},
						{"origin": [-9.65372, 0.25586, 0.16392], "size": [1, 3, 1], "pivot": [-10.45372, 2.95586, 0.01392], "rotation": [12.5, -10, 10], "uv": [13, 32], "mirror": true}
					]
				},
				{
					"name": "PataIzq2",
					"parent": "All",
					"pivot": [8, 10, -1],
					"rotation": [-17.5, -17.5, 0],
					"cubes": [
						{"origin": [7.45372, 6.95586, -1.18608], "size": [4, 1, 1], "pivot": [10.45372, 7.95586, -0.98608], "rotation": [15, -5, 50], "uv": [18, 36]},
						{"origin": [10.15372, 2.15586, -0.78608], "size": [1, 5, 1], "pivot": [11.45372, 5.95586, 0.01392], "rotation": [17.5, 0, 25], "uv": [18, 36]},
						{"origin": [8.65372, 0.25586, 0.16392], "size": [1, 3, 1], "pivot": [10.45372, 2.95586, 0.01392], "rotation": [12.5, 10, -10], "uv": [13, 32]}
					]
				},
				{
					"name": "PataIzq1",
					"parent": "All",
					"pivot": [7, 15, 4],
					"cubes": [
						{"origin": [3.2, 15.7, 1.7], "size": [7, 1, 1], "pivot": [3.5, 9.8, 2.5], "rotation": [-20, -15, 45], "uv": [18, 36]},
						{"origin": [11.70062, 2.23466, 5.86356], "size": [1, 8, 1], "pivot": [12.5, 10.8, 6.5], "rotation": [-12.5, -22.5, 20], "uv": [13, 33]},
						{"origin": [9.67443, 0.1, 4.2125], "size": [1, 3, 1], "pivot": [10.5, 2.8, 4.5], "rotation": [2.5, -22.5, -12.5], "uv": [13, 32]}
					]
				},
				{
					"name": "PataDer1",
					"parent": "All",
					"pivot": [-7, 15, 4],
					"cubes": [
						{"origin": [-10.2, 15.7, 1.7], "size": [7, 1, 1], "pivot": [-3.5, 9.8, 2.5], "rotation": [-20, 15, -45], "uv": [18, 36], "mirror": true},
						{"origin": [-12.70062, 2.23466, 5.86356], "size": [1, 8, 1], "pivot": [-12.5, 10.8, 6.5], "rotation": [-12.5, 22.5, -20], "uv": [13, 32], "mirror": true},
						{"origin": [-10.67443, 0.1, 4.21247], "size": [1, 3, 1], "pivot": [-10.5, 2.8, 4.5], "rotation": [2.5, 22.5, 12.5], "uv": [19, 40], "mirror": true}
					]
				},
				{
					"name": "BaseTentaculoIzq",
					"parent": "All",
					"pivot": [0, 9, 0],
					"cubes": [
						{"origin": [-2.1, 13.36345, -2.75299], "size": [1, 2, 1], "pivot": [-1, 14, -1], "rotation": [60, 25, -15], "uv": [13, 32]}
					]
				},
				{
					"name": "BaseTentaculoIzq2",
					"parent": "All",
					"pivot": [0, 9, 0],
					"cubes": [
						{"origin": [1.1, 13.36345, -2.75299], "size": [1, 2, 1], "pivot": [1, 14, -1], "rotation": [60, -25, 15], "uv": [13, 32], "mirror": true}
					]
				},
				{
					"name": "TentaculoIzq",
					"parent": "All",
					"pivot": [-2, 13, -2],
					"cubes": [
						{"origin": [-2.79181, 12.54024, -2.25983], "size": [1, 3, 1], "pivot": [-3, 13, -2], "rotation": [42.5, 25, -15], "uv": [13, 32]},
						{"origin": [-4.10618, 14.4989, -4.45], "size": [1, 3, 1], "pivot": [-3, 15, -4], "rotation": [72.5, 25, -15], "uv": [13, 32]},
						{"origin": [-5.18599, 16.2, -6.5], "size": [1, 3, 1], "pivot": [-3, 16, -6], "rotation": [112.5, 25, -15], "uv": [13, 32]},
						{"origin": [-5.81123, 13.52777, -8.3], "size": [1, 3, 1], "pivot": [-5, 14, -8], "rotation": [147.5, 25, -15], "uv": [13, 32]},
						{"origin": [-6.49995, 10.85479, -11.95], "size": [1, 3, 1], "pivot": [-6, 11, -11], "rotation": [102.5, 25, -15], "uv": [13, 32]},
						{"origin": [-5.76471, 11.76619, -9.21089], "size": [1, 3, 1], "pivot": [-5, 12, -9], "rotation": [122.5, 25, -15], "uv": [13, 32]}
					]
				},
				{
					"name": "TentaculoDer",
					"parent": "All",
					"pivot": [2, 13, -2],
					"cubes": [
						{"origin": [1.79181, 12.54024, -2.25983], "size": [1, 3, 1], "pivot": [3, 13, -2], "rotation": [42.5, -25, 15], "uv": [13, 32], "mirror": true},
						{"origin": [3.10618, 14.4989, -4.45], "size": [1, 3, 1], "pivot": [3, 15, -4], "rotation": [72.5, -25, 15], "uv": [13, 32], "mirror": true},
						{"origin": [4.18599, 16.2, -6.5], "size": [1, 3, 1], "pivot": [3, 16, -6], "rotation": [112.5, -25, 15], "uv": [13, 32], "mirror": true},
						{"origin": [4.81123, 13.52777, -8.3], "size": [1, 3, 1], "pivot": [5, 14, -8], "rotation": [147.5, -25, 15], "uv": [13, 32], "mirror": true},
						{"origin": [5.49995, 10.85479, -11.95], "size": [1, 3, 1], "pivot": [6, 11, -11], "rotation": [102.5, -25, 15], "uv": [13, 32], "mirror": true},
						{"origin": [4.76471, 11.76619, -9.21089], "size": [1, 3, 1], "pivot": [5, 12, -9], "rotation": [122.5, -25, 15], "uv": [13, 32], "mirror": true}
					]
				}
			]
		}
	]
}