{
	"format_version": "1.12.0",
	"minecraft:geometry": [
		{
			"description": {
				"identifier": "geometry.Rupter",
				"texture_width": 64,
				"texture_height": 64,
				"visible_bounds_width": 4,
				"visible_bounds_height": 3.5,
				"visible_bounds_offset": [0, 1.25, 0]
			},
			"bones": [
				{
					"name": "PataIzq1",
					"pivot": [2, 7, -1],
					"cubes": [
						{"origin": [1.65, 4.2, -1.94], "size": [1, 3, 1], "pivot": [2, 6, -1], "rotation": [-15, -52.5, -2.5], "uv": [0, 26]},
						{"origin": [1.65, 4.47, -3], "size": [4, 1, 1], "pivot": [4, 6, -3], "rotation": [0, 37.5, -1], "uv": [32, 10]},
						{"origin": [4.33, -0.26, -3.4], "size": [2, 7, 1], "pivot": [6, 3, -3], "rotation": [-9, -52.5, 2], "uv": [23, 33]}
					]
				},
				{
					"name": "All",
					"pivot": [0, -1, 0]
				},
				{
					"name": "bone",
					"parent": "All",
					"pivot": [0, -1, 0],
					"cubes": [
						{"origin": [-4, 7, -4], "size": [8, 8, 8], "pivot": [0, -1, 0], "rotation": [-5, 0, 0], "uv": [0, 0]}
					]
				},
				{
					"name": "bone2",
					"parent": "bone",
					"pivot": [0, -1, 0],
					"cubes": [
						{"origin": [-7.66194, 8, 0.91317], "size": [5, 4, 4], "pivot": [-4, 10, 2], "rotation": [2.5, 17.5, -15], "uv": [0, 26]}
					]
				},
				{
					"name": "bone3",
					"parent": "bone2",
					"pivot": [-8, 10, 2],
					"cubes": [
						{"origin": [-10.5, 7.72, 3.24], "size": [4, 2, 2], "pivot": [-8, 9, 4], "rotation": [-2.5, 17.5, -30], "uv": [30, 29]}
					]
				},
				{
					"name": "bone5",
					"parent": "bone3",
					"pivot": [0, -1, 0],
					"cubes": [
						{"origin": [2.66194, 8, 0.91317], "size": [5, 4, 4], "pivot": [4, 10, 2], "rotation": [2.5, -17.5, 15], "uv": [24, 0]}
					]
				},
				{
					"name": "bone6",
					"parent": "bone5",
					"pivot": [8, 10, 2],
					"cubes": [
						{"origin": [6.5, 7.72, 3.24], "size": [4, 2, 2], "pivot": [8, 9, 4], "rotation": [-2.5, -17.5, 30], "uv": [18, 29]}
					]
				},
				{
					"name": "bone4",
					"parent": "bone6",
					"pivot": [0, 14, 4],
					"rotation": [-17.5, 0, 0],
					"cubes": [
						{"origin": [-3, 10.5412, 7.69344], "size": [6, 5, 5], "pivot": [8, 8.5412, 6.69344], "rotation": [40, 0, 0], "uv": [0, 16]},
						{"origin": [-2.5, 14.14618, 8.2], "size": [5, 3, 5], "pivot": [0, 15, 8], "rotation": [22.5, 0, 0], "uv": [17, 21]}
					]
				},
				{
					"name": "bone7",
					"parent": "bone4",
					"pivot": [2, -1, 0]
				},
				{
					"name": "bone8",
					"parent": "bone4",
					"pivot": [0, 15, 8],
					"cubes": [
						{"origin": [-1.5, 16.6783, 12.1], "size": [3, 2, 4], "pivot": [0, 18, 13], "rotation": [10, 0, 0], "uv": [28, 12]}
					]
				},
				{
					"name": "bone9",
					"parent": "bone8",
					"pivot": [0, 18, 13],
					"cubes": [
						{"origin": [-6, 10.25295, -0.65502], "size": [3, 1, 1], "pivot": [-5, 12, -1], "rotation": [42.5, -5, -40], "uv": [40, 29]},
						{"origin": [-6.4, 10.1, -0.6], "size": [2, 1, 1], "pivot": [-5, 12, -1], "rotation": [30, -37.5, -7.5], "uv": [21, 41]}
					]
				},
				{
					"name": "bone10",
					"parent": "bone9",
					"pivot": [-7, 11, -1],
					"rotation": [-160, -25, 0],
					"cubes": [
						{"origin": [-10.21892, 8.49394, -1.13341], "size": [3, 1, 1], "pivot": [-9.71892, 10.49394, -2.53341], "rotation": [-7.5, 10, -47.5], "uv": [40, 23]},
						{"origin": [-9.21892, 13.89394, -2.36341], "size": [3, 1, 1], "pivot": [-4.71892, 10.49394, -2.53341], "rotation": [-15, 2.5, -82.5], "uv": [8, 40]}
					]
				},
				{
					"name": "bone11",
					"parent": "bone10",
					"pivot": [-9.71892, 4.49394, -1.53341],
					"rotation": [42.5, -5, -12.5],
					"cubes": [
						{"origin": [-10.51949, 4.9736, 0.46897], "size": [3, 1, 1], "pivot": [-7.71892, 4.49394, 0.46659], "rotation": [40, -17.5, -40], "uv": [0, 40]},
						{"origin": [-12.79992, 3.66916, -0.03341], "size": [3, 1, 1], "pivot": [-9.71892, 2.49394, 0.46659], "rotation": [40, 2.5, -15], "uv": [29, 39]}
					]
				},
				{
					"name": "bone12",
					"parent": "bone9",
					"pivot": [0, 18, 13],
					"cubes": [
						{"origin": [3, 10.25295, -0.65502], "size": [3, 1, 1], "pivot": [5, 12, -1], "rotation": [42.5, 5, 40], "uv": [36, 38]},
						{"origin": [4.4, 10.1, -0.6], "size": [2, 1, 1], "pivot": [5, 12, -1], "rotation": [30, 37.5, 7.5], "uv": [15, 41]}
					]
				},
				{
					"name": "bone13",
					"parent": "bone12",
					"pivot": [7, 11, -1],
					"rotation": [-160, 25, 0],
					"cubes": [
						{"origin": [7.21892, 8.49394, -1.13341], "size": [3, 1, 1], "pivot": [9.71892, 10.49394, -2.53341], "rotation": [-7.5, -10, 47.5], "uv": [38, 20]},
						{"origin": [6.21892, 13.89394, -2.36341], "size": [3, 1, 1], "pivot": [4.71892, 10.49394, -2.53341], "rotation": [-15, -2.5, 82.5], "uv": [38, 18]}
					]
				},
				{
					"name": "bone14",
					"parent": "bone13",
					"pivot": [9.71892, 4.49394, -1.53341],
					"rotation": [42.5, 5, 12.5],
					"cubes": [
						{"origin": [7.51949, 4.9736, 0.46897], "size": [3, 1, 1], "pivot": [7.71892, 4.49394, 0.46659], "rotation": [40, 17.5, 40], "uv": [38, 14]},
						{"origin": [9.79992, 3.66916, -0.03341], "size": [3, 1, 1], "pivot": [9.71892, 2.49394, 0.46659], "rotation": [40, -2.5, 15], "uv": [38, 12]}
					]
				},
				{
					"name": "bone15",
					"parent": "bone12",
					"pivot": [-3, 13, -4],
					"rotation": [-10, -32.5, 5],
					"cubes": [
						{"origin": [-3.49485, 7.51297, -2.97219], "size": [3, 1, 1], "pivot": [-2.49485, 9.26002, -3.31717], "rotation": [42.5, -5, -40], "uv": [8, 38]},
						{"origin": [-3.89485, 7.36002, -2.91717], "size": [2, 1, 1], "pivot": [-2.49485, 9.26002, -3.31717], "rotation": [30, -37.5, -7.5], "uv": [41, 9]}
					]
				},
				{
					"name": "bone16",
					"parent": "bone15",
					"pivot": [-4.49485, 8.26002, -3.31717],
					"rotation": [-160, -25, 0],
					"cubes": [
						{"origin": [-6.2931, 4.92631, -3.31736], "size": [3, 1, 1], "pivot": [-7.21377, 6.75396, -0.85058], "rotation": [-7.5, 10, -47.5], "uv": [38, 2]},
						{"origin": [-6.71377, 11.15396, -4.68058], "size": [3, 1, 1], "pivot": [-2.21377, 7.75396, -4.85058], "rotation": [-15, 2.5, -82.5], "uv": [38, 0]}
					]
				},
				{
					"name": "bone17",
					"parent": "bone16",
					"pivot": [-7.21377, 1.75396, -3.85058],
					"rotation": [42.5, -5, -12.5],
					"cubes": [
						{"origin": [-8.01434, 2.23362, -1.84819], "size": [3, 1, 1], "pivot": [-5.21377, 1.75396, -1.85058], "rotation": [40, -17.5, -40], "uv": [0, 38]},
						{"origin": [-10.29476, 0.92919, -2.35058], "size": [3, 1, 1], "pivot": [-7.21377, -0.24604, -1.85058], "rotation": [40, 2.5, -15], "uv": [29, 37]}
					]
				},
				{
					"name": "bone18",
					"parent": "bone12",
					"pivot": [3, 13, -4],
					"rotation": [-10, 32.5, -5],
					"cubes": [
						{"origin": [0.49485, 7.51297, -2.97219], "size": [3, 1, 1], "pivot": [2.49485, 9.26002, -3.31717], "rotation": [42.5, 5, 40], "uv": [37, 27]},
						{"origin": [1.89485, 7.36002, -2.91717], "size": [2, 1, 1], "pivot": [2.49485, 9.26002, -3.31717], "rotation": [30, 37.5, 7.5], "uv": [41, 7]}
					]
				},
				{
					"name": "bone19",
					"parent": "bone18",
					"pivot": [4.49485, 8.26002, -3.31717],
					"rotation": [-160, 25, 0],
					"cubes": [
						{"origin": [4.71377, 5.75396, -3.45058], "size": [3, 1, 1], "pivot": [7.21377, 7.75396, -4.85058], "rotation": [-7.5, -10, 47.5], "uv": [37, 25]},
						{"origin": [3.71377, 11.15396, -4.68058], "size": [3, 1, 1], "pivot": [2.21377, 7.75396, -4.85058], "rotation": [-15, -2.5, 82.5], "uv": [36, 36]}
					]
				},
				{
					"name": "bone20",
					"parent": "bone19",
					"pivot": [7.21377, 1.75396, -3.85058],
					"rotation": [42.5, 5, 12.5],
					"cubes": [
						{"origin": [5.01434, 2.23362, -1.84819], "size": [3, 1, 1], "pivot": [5.21377, 1.75396, -1.85058], "rotation": [40, 17.5, 40], "uv": [36, 34]},
						{"origin": [7.29476, 0.92919, -2.35058], "size": [3, 1, 1], "pivot": [7.21377, -0.24604, -1.85058], "rotation": [40, -2.5, 15], "uv": [8, 36]}
					]
				},
				{
					"name": "bone21",
					"parent": "bone12",
					"pivot": [0, 10, -2],
					"rotation": [-40, 57.5, -10],
					"cubes": [
						{"origin": [-2.40882, 7.45173, 0.96497], "size": [3, 1, 1], "pivot": [-5, 8, -1], "rotation": [42.5, 5, 40], "uv": [0, 36]},
						{"origin": [-1.10515, 4.36002, -0.5], "size": [2, 1, 1], "pivot": [-0.50515, 6.26002, -1.31717], "rotation": [30, 37.5, 7.5], "uv": [36, 40]}
					]
				},
				{
					"name": "bone22",
					"parent": "bone21",
					"pivot": [1.49485, 5.26002, -0.31717],
					"rotation": [-160, 25, 0],
					"cubes": [
						{"origin": [2.13639, 2.44398, 0.01824], "size": [3, 1, 1], "pivot": [4.63639, 4.44398, -0.99893], "rotation": [-7.5, -10, 47.5], "uv": [29, 35]},
						{"origin": [1.13639, 7.84398, -1.23176], "size": [3, 1, 1], "pivot": [-0.36361, 4.44398, -0.99893], "rotation": [-15, -2.5, 82.5], "uv": [8, 34]}
					]
				},
				{
					"name": "bone23",
					"parent": "bone22",
					"pivot": [4.63639, -1.55602, 0.00107],
					"rotation": [42.5, 5, 12.5],
					"cubes": [
						{"origin": [2.43696, -0.71604, 2.00346], "size": [3, 1, 1], "pivot": [2.63639, -1.55602, 2.00107], "rotation": [40, 17.5, 40], "uv": [0, 34]},
						{"origin": [4.71738, -2.01604, 1.50107], "size": [3, 1, 1], "pivot": [4.63639, -3.55602, 2.00107], "rotation": [40, -2.5, 15], "uv": [29, 33]}
					]
				},
				{
					"name": "PataIzq2",
					"pivot": [2, 7, 3],
					"cubes": [
						{"origin": [0.2, 3.7, 1.9], "size": [1, 3, 1], "pivot": [2, 6, 1], "rotation": [15, 52.5, -2.5], "uv": [24, 0]},
						{"origin": [2.68, 4.37, 3.4], "size": [4, 1, 1], "pivot": [4, 6, 3], "rotation": [0, -37.5, -3.5], "uv": [32, 8]},
						{"origin": [3, -0.26, 3.4], "size": [2, 7, 1], "pivot": [6, 3, 3], "rotation": [4, 52.5, -3], "uv": [17, 33]}
					]
				},
				{
					"name": "PataDer1",
					"pivot": [-2, 7, -1],
					"cubes": [
						{"origin": [-2.65, 4.2, -1.94], "size": [1, 3, 1], "pivot": [-2, 6, -1], "rotation": [-15, 52.5, 2.5], "uv": [0, 26], "mirror": true},
						{"origin": [-5.65, 4.47, -3], "size": [4, 1, 1], "pivot": [-4, 6, -3], "rotation": [0, -37.5, 1], "uv": [32, 10], "mirror": true},
						{"origin": [-6.33, -0.26, -3.4], "size": [2, 7, 1], "pivot": [-6, 3, -3], "rotation": [-9, 52.5, -2], "uv": [23, 33], "mirror": true}
					]
				},
				{
					"name": "PataDer2",
					"pivot": [-2, 7, 3],
					"cubes": [
						{"origin": [-6.68, 4.37, 3.4], "size": [4, 1, 1], "pivot": [-4, 6, 3], "rotation": [0, 37.5, 3.5], "uv": [17, 16]},
						{"origin": [-1.2, 3.7, 1.9], "size": [1, 3, 1], "pivot": [-2, 6, 1], "rotation": [15, -52.5, 2.5], "uv": [0, 16]},
						{"origin": [-5, -0.26, 3.4], "size": [2, 7, 1], "pivot": [-6, 3, 3], "rotation": [4, -52.5, 3], "uv": [0, 0]}
					]
				}
			]
		}
	]
}