{
  "format_version":"1.16.100",
  "animation_controllers":{
    "controller.animation.kairouseki_entity":{
      "states":{
        "default":{
          "transitions":[
            {"1":"query.has_target"}
          ]
        },
        "1":{
          "transitions":[
            {"2":"(1.0)"}
          ],
          "on_entry":[
            "/replaceitem entity @e[r=3,c=1,family=mob] slot.weapon.mainhand 0 op_asa:kairouseki"
          ]
        },
        "2":{
          "on_entry":[
            "/tag @s add despawn"
          ]
        }
      }
    }
  }
}