{
  "format_version":"1.16.100",
  "animation_controllers":{
    "controller.animation.mess":{
      "states":{
        "default":{
          "transitions":[
            {"target_player":"(q.target -> query.owner_identifier) == 'minecraft:player'"},
            {"dead":"!q.is_alive"}
          ]
        },
        "target_player":{
          "transitions":[
            {"default":"(q.target -> query.owner_identifier) != 'minecraft:player'"},
            {"dead_bounty":"!q.is_alive"}
          ],
          "on_entry":[
            "/tell @p[hasitem={item=op_asa:kenbunshoku1,location=slot.weapon.mainhand}] §l§c!§r"
          ]
        },
        "dead":{
          "on_entry":[
            "/execute @s[family=in_mess] ~~~ clear @p[tag=opeope] op_asa:heart 0 1"
          ]
        },
        "dead_bounty":{
          "on_entry":[
            "/execute @s[family=in_mess] ~~~ clear @p[tag=opeope] op_asa:heart 0 1",
            "/execute @s[type=op_asa:ace] ~~~ scoreboard players add @p[tag=kaizoku,r=16] bounty1 75000000",
            "/execute @s[type=op_asa:ace] ~~~ scoreboard players add @p[tag=kaizoku,r=16] bounty2 2",
            "/execute @s[type=op_asa:akainu] ~~~ scoreboard players add @p[tag=kaizoku,r=16] bounty2 10",
            "/execute @s[type=op_asa:aokizi] ~~~ scoreboard players add @p[tag=kaizoku,r=16] bounty2 10",
            "/execute @s[type=op_asa:big_mam] ~~~ scoreboard players add @p[tag=kaizoku,r=16] bounty1 94000000",
            "/execute @s[type=op_asa:big_mam] ~~~ scoreboard players add @p[tag=kaizoku,r=16] bounty2 21",
            "/execute @s[type=op_asa:brook] ~~~ scoreboard players add @p[tag=kaizoku,r=16] bounty1 16500000",
            "/execute @s[type=op_asa:chopper] ~~~ scoreboard players add @p[tag=kaizoku,r=16] bounty1 25",
            "/execute @s[type=op_asa:crocodile] ~~~ scoreboard players add @p[tag=kaizoku,r=16] bounty1 40500000",
            "/execute @s[type=op_asa:doframingo] ~~~ scoreboard players add @p[tag=kaizoku,r=16] bounty1 70000000",
            "/execute @s[type=op_asa:doframingo] ~~~ scoreboard players add @p[tag=kaizoku,r=16] bounty2 1",
            "/execute @s[type=op_asa:franky] ~~~ scoreboard players add @p[tag=kaizoku,r=16] bounty1 2200000",
            "/execute @s[type=op_asa:fujitora] ~~~ scoreboard players add @p[tag=kaizoku,r=16] bounty2 10",
            "/execute @s[type=op_asa:hokinsu] ~~~ scoreboard players add @p[tag=kaizoku,r=16] bounty1 60000000",
            "/execute @s[type=op_asa:hokinsu] ~~~ scoreboard players add @p[tag=kaizoku,r=16] bounty2 1",
            "/execute @s[type=op_asa:jinbe] ~~~ scoreboard players add @p[tag=kaizoku,r=16] bounty1 19000000",
            "/execute @s[type=op_asa:jinbe] ~~~ scoreboard players add @p[tag=kaizoku,r=16] bounty2 2",
            "/execute @s[type=op_asa:kaido] ~~~ scoreboard players add @p[tag=kaizoku,r=16] bounty1 5550000",
            "/execute @s[type=op_asa:kaido] ~~~ scoreboard players add @p[tag=kaizoku,r=16] bounty2 23",
            "/execute @s[type=op_asa:kaigun] ~~~ scoreboard players add @p[tag=kaizoku,r=16] bounty1 10000",
            "/execute @s[type=op_asa:kaigun2] ~~~ scoreboard players add @p[tag=kaizoku,r=16] bounty1 1000000",
            "/execute @s[type=op_asa:kaizoku] ~~~ scoreboard players add @p[tag=kaizoku,r=16] bounty1 1000",
            "/execute @s[type=op_asa:kaizoku2] ~~~ scoreboard players add @p[tag=kaizoku,r=16] bounty1 10000",
            "/execute @s[type=op_asa:kaizoku3] ~~~ scoreboard players add @p[tag=kaizoku,r=16] bounty1 1000",
            "/execute @s[type=op_asa:kaizoku4] ~~~ scoreboard players add @p[tag=kaizoku,r=16] bounty1 10000",
            "/execute @s[type=op_asa:katakuri] ~~~ scoreboard players add @p[tag=kaizoku,r=16] bounty1 28500000",
            "/execute @s[type=op_asa:katakuri] ~~~ scoreboard players add @p[tag=kaizoku,r=16] bounty2 5",
            "/execute @s[type=op_asa:kid] ~~~ scoreboard players add @p[tag=kaizoku,r=16] bounty1 35000000",
            "/execute @s[type=op_asa:kid] ~~~ scoreboard players add @p[tag=kaizoku,r=16] bounty2 2",
            "/execute @s[type=op_asa:kizaru] ~~~ scoreboard players add @p[tag=kaizoku,r=16] bounty2 10",
            "/execute @s[type=op_asa:law] ~~~ scoreboard players add @p[tag=kaizoku,r=16] bounty1 20000000",
            "/execute @s[type=op_asa:law] ~~~ scoreboard players add @p[tag=kaizoku,r=16] bounty2 2",
            "/execute @s[type=op_asa:law2] ~~~ scoreboard players add @p[tag=kaizoku,r=16] bounty1 20000000",
            "/execute @s[type=op_asa:law2] ~~~ scoreboard players add @p[tag=kaizoku,r=16] bounty2 2",
            "/execute @s[type=op_asa:law3] ~~~ scoreboard players add @p[tag=kaizoku,r=16] bounty1 50000000",
            "/execute @s[type=op_asa:law3] ~~~ scoreboard players add @p[tag=kaizoku,r=16] bounty2 2",
            "/execute @s[type=op_asa:luccy1] ~~~ scoreboard players add @p[tag=kaizoku,r=16] bounty1 50000000",
            "/execute @s[type=op_asa:luccy1] ~~~ scoreboard players add @p[tag=kaizoku,r=16] bounty2 2",
            "/execute @s[type=op_asa:luccy2] ~~~ scoreboard players add @p[tag=kaizoku,r=16] bounty1 2000000",
            "/execute @s[type=op_asa:luccy2] ~~~ scoreboard players add @p[tag=kaizoku,r=16] bounty2 6",
            "/execute @s[type=op_asa:luffy] ~~~ scoreboard players add @p[tag=kaizoku,r=16] bounty2 2",
            "/execute @s[type=op_asa:gia4] ~~~ scoreboard players add @p[tag=kaizoku,r=16] bounty2 2",
            "/execute @s[type=op_asa:luffy_weakness] ~~~ scoreboard players add @p[tag=kaizoku,r=16] bounty2 2",
            "/execute @s[type=op_asa:luffy2] ~~~ scoreboard players add @p[tag=kaizoku,r=16] bounty1 50000000",
            "/execute @s[type=op_asa:luffy2] ~~~ scoreboard players add @p[tag=kaizoku,r=16] bounty2 7",
            "/execute @s[type=op_asa:malco] ~~~ scoreboard players add @p[tag=kaizoku,r=16] bounty1 87000000",
            "/execute @s[type=op_asa:malco] ~~~ scoreboard players add @p[tag=kaizoku,r=16] bounty2 6",
            "/execute @s[type=op_asa:nami] ~~~ scoreboard players add @p[tag=kaizoku,r=16] bounty1 8000000",
            "/execute @s[type=op_asa:robin] ~~~ scoreboard players add @p[tag=kaizoku,r=16] bounty1 40000000",
            "/execute @s[type=op_asa:sabo] ~~~ scoreboard players add @p[tag=kaizoku,r=16] bounty1 2000000",
            "/execute @s[type=op_asa:sabo] ~~~ scoreboard players add @p[tag=kaizoku,r=16] bounty2 6",
            "/execute @s[type=op_asa:sanji] ~~~ scoreboard players add @p[tag=kaizoku,r=16] bounty1 38500000",
            "/execute @s[type=op_asa:sirohige] ~~~ scoreboard players add @p[tag=kaizoku,r=16] bounty1 23000000",
            "/execute @s[type=op_asa:sirohige] ~~~ scoreboard players add @p[tag=kaizoku,r=16] bounty2 25",
            "/execute @s[type=op_asa:syankusu] ~~~ scoreboard players add @p[tag=kaizoku,r=16] bounty1 24450000",
            "/execute @s[type=op_asa:syankusu] ~~~ scoreboard players add @p[tag=kaizoku,r=16] bounty2 20",
            "/execute @s[type=op_asa:trabol] ~~~ scoreboard players add @p[tag=kaizoku,r=16] bounty1 49500000",
            "/execute @s[type=op_asa:usopp] ~~~ scoreboard players add @p[tag=kaizoku,r=16] bounty1 15000000",
            "/execute @s[type=op_asa:zoro] ~~~ scoreboard players add @p[tag=kaizoku,r=16] bounty1 60000000",
            "/execute @s[type=op_asa:zoro2] ~~~ scoreboard players add @p[tag=kaizoku,r=16] bounty1 60000000",
            "/execute @s[type=op_asa:zoro2] ~~~ scoreboard players add @p[tag=kaizoku,r=16] bounty2 1"
          ]
        }
      }
    }
  }
}