{
  "format_version":"1.16.100",
  "animation_controllers":{
    "controller.animation.yomi_end":{
      "states":{
        "default":{
          "transitions":[
            {"state0":"(1.0)"}
          ]
        },
        "state0":{
          "transitions":[
            {"end1":"query.has_any_family('yomi_end') == 1.0"},
            {"dead":"!query.is_alive"}
          ],
          "on_entry":[
            "/tag @p[tag=yomiyomi] add yomiyomi2"
          ]
        },
        "dead":{
          "on_entry":[
            "/kill @p[tag=yomiyomi2]"
          ]
        },
        "end1":{
          "transitions":[
            {"end2":"(1.0)"}
          ],
          "on_entry":[
            "/tag @p[tag=yomiyomi2] add yomiyomi2_out"
          ],
          "on_exit":[
            "/effect @p[tag=yomiyomi2_out] invisibility 1000000 0 true",
            "/tp @p[tag=yomiyomi2_out] @s"
          ]
        },
        "end2":{
          "transitions":[
            {"end3":"query.has_any_family('yomi_end2') == 1.0"}
          ],
          "on_entry":[
            "/tag @p[tag=yomiyomi2_out] remove yomiyomi2"
          ],
          "on_exit":[
            "/tag @p[tag=yomiyomi2_out] remove yomiyomi2_out"
          ]
        },
        "end3":{
          "transitions":[
            {"end4":"(1.0)"}
          ],
          "on_entry":[
            "/effect @s invisibility 1000000 0 true",
            "/effect @p[tag=yomiyomi] invisibility 0 1 true"
          ]
        },
        "end4":{
          "on_entry":[
            "/tag @s add yomi2_end3"
          ]
        }
      }
    }
  }
}