{
	"format_version": "1.12.0",
	"minecraft:geometry": [
		{
			"description": {
				"identifier": "geometry.emote",
				"texture_width": 256,
				"texture_height": 256,
				"visible_bounds_width": 6,
				"visible_bounds_height": 118,
				"visible_bounds_offset": [0, -54, 0]
			},
			"bones": [
				{
					"name": "root",
					"pivot": [0, 0, 0]
				},
				{
					"name": "waist",
					"parent": "root",
					"pivot": [0, 12, 0]
				},
				{
					"name": "body",
					"parent": "waist",
					"pivot": [0, 24, 0]
				},
				{
					"name": "head",
					"parent": "body",
					"pivot": [0, 24, 0]
				},
				{
					"name": "im_saitama",
					"parent": "head",
					"pivot": [0, -999, 0],
					"cubes": [
						{"origin": [-5, -991, -5], "size": [10, 1, 10], "uv": [134, 76]},
						{"origin": [-5, -999, -5], "size": [10, 1, 10], "uv": [134, 76]},
						{"origin": [-5, -991, -5], "size": [10, 2, 10], "inflate": -0.3, "uv": [134, 76]},
						{"origin": [-5, -1000, -5], "size": [10, 2, 10], "inflate": -0.3, "uv": [134, 76]},
						{"origin": [-5, -990, -5], "size": [10, 2, 10], "inflate": -0.7, "uv": [134, 76]},
						{"origin": [-5, -990, -5], "size": [10, 3, 10], "inflate": -1, "uv": [134, 76]},
						{"origin": [-5, -1001, -5], "size": [10, 3, 10], "inflate": -1, "uv": [134, 76]},
						{"origin": [-5, -992, -5], "size": [10, 1, 10], "inflate": 0.3, "uv": [134, 76]},
						{"origin": [-5, -998, -5], "size": [10, 1, 10], "inflate": 0.3, "uv": [134, 76]},
						{"origin": [-5, -997, -5], "size": [10, 5, 10], "inflate": 0.5, "uv": [135, 89]}
					]
				},
				{
					"name": "leftArm",
					"parent": "body",
					"pivot": [5, 22, 0]
				},
				{
					"name": "tinju_kiri",
					"parent": "leftArm",
					"pivot": [7, -987, 0],
					"cubes": [
						{"origin": [4, -988, -2], "size": [4, 4, 4], "inflate": 0.2, "uv": [76, 0]}
					]
				},
				{
					"name": "rightArm",
					"parent": "body",
					"pivot": [-5, 22, 0]
				},
				{
					"name": "tinju_kanan",
					"parent": "rightArm",
					"pivot": [-6, -998, 0],
					"cubes": [
						{"origin": [-8, -999, -2], "size": [4, 4, 4], "inflate": 0.2, "uv": [76, 0]}
					]
				},
				{
					"name": "emote",
					"pivot": [0, 0, 0]
				},
				{
					"name": "Kursi",
					"parent": "emote",
					"pivot": [0, -1000, 11],
					"cubes": [
						{"origin": [-5, -1000, 5], "size": [10, 9, 1], "uv": [8, 102]},
						{"origin": [-5, -991, 15], "size": [10, 9, 1], "uv": [8, 102]},
						{"origin": [-29, -1005, 15], "size": [7, 10, 1], "pivot": [0, -1000, -8], "rotation": [0, 0, 90], "uv": [47, 117]},
						{"origin": [-31, -995, 15], "size": [9, 2, 1], "pivot": [0, -1000, -8], "rotation": [0, 0, 90], "uv": [64, 125]},
						{"origin": [11, -995, -22], "size": [14, 5, 3], "pivot": [0, -1000, -8], "rotation": [0, -90, -90], "uv": [4, 80], "mirror": true},
						{"origin": [-25, -995, -22], "size": [14, 5, 3], "pivot": [0, -1000, -8], "rotation": [0, 90, 90], "uv": [4, 80]},
						{"origin": [-22, -994, -23], "size": [10, 3, 1], "pivot": [0, -1000, -8], "rotation": [0, 90, 90], "uv": [58, 99]},
						{"origin": [12, -994, -23], "size": [10, 3, 1], "pivot": [0, -1000, -8], "rotation": [0, -90, -90], "uv": [58, 99], "mirror": true},
						{"origin": [13, -995, -19], "size": [11, 3, 11], "pivot": [0, -1000, -8], "rotation": [0, -90, -90], "uv": [49, 91], "mirror": true},
						{"origin": [-24, -995, -19], "size": [11, 3, 11], "pivot": [0, -1000, -8], "rotation": [0, 90, 90], "uv": [49, 91]},
						{"origin": [-27, -995, -13], "size": [16, 5, 5], "pivot": [0, -1000, -8], "rotation": [0, 90, 90], "uv": [0, 79]},
						{"origin": [11, -995, -13], "size": [16, 5, 5], "pivot": [0, -1000, -8], "rotation": [0, -90, -90], "uv": [0, 79], "mirror": true},
						{"origin": [-25, -1008, -39], "size": [1, 16, 31], "pivot": [0, -1000, -8], "rotation": [0, 90, 90], "uv": [64, 77]},
						{"origin": [-26, -1009, -39], "size": [1, 18, 30], "pivot": [0, -1000, -8], "rotation": [0, 90, 90], "uv": [64, 39]},
						{"origin": [-28, -1009, -16], "size": [2, 18, 8], "pivot": [0, -1000, -8], "rotation": [0, 90, 90], "uv": [65, 97]},
						{"origin": [-28, -1009, -24], "size": [2, 18, 8], "pivot": [0, -1000, -8], "rotation": [0, 90, 90], "uv": [65, 97]},
						{"origin": [-28, -1009, -40], "size": [2, 18, 8], "pivot": [0, -1000, -8], "rotation": [0, 90, 90], "uv": [65, 97]},
						{"origin": [-28, -1009, -32], "size": [2, 18, 8], "pivot": [0, -1000, -8], "rotation": [0, 90, 90], "uv": [65, 97]},
						{"origin": [-26, -973.3354, -21.90071], "size": [1, 11, 2], "pivot": [0, -1000, -8], "rotation": [50, 90, 90], "uv": [98, 72]},
						{"origin": [25, -973.3354, -21.90071], "size": [1, 11, 2], "pivot": [0, -1000, -8], "rotation": [50, -90, -90], "uv": [98, 72], "mirror": true},
						{"origin": [-26, -980.17308, -18.95979], "size": [1, 14, 2], "pivot": [0, -1000, -8], "rotation": [50, 90, 90], "uv": [99, 70]},
						{"origin": [25, -981.17308, -18.95979], "size": [1, 14, 2], "pivot": [0, -1000, -8], "rotation": [50, -90, -90], "uv": [99, 70], "mirror": true},
						{"origin": [-26, -984.76934, -15.10306], "size": [1, 14, 2], "pivot": [0, -1000, -8], "rotation": [50, 90, 90], "uv": [99, 70]},
						{"origin": [25, -984.76934, -15.10306], "size": [1, 14, 2], "pivot": [0, -1000, -8], "rotation": [50, -90, -90], "uv": [99, 70], "mirror": true},
						{"origin": [-26, -989.36561, -11.24634], "size": [1, 14, 2], "pivot": [0, -1000, -8], "rotation": [50, 90, 90], "uv": [99, 70]},
						{"origin": [25, -989.36561, -11.24636], "size": [1, 14, 2], "pivot": [0, -1000, -8], "rotation": [50, -90, -90], "uv": [99, 70], "mirror": true},
						{"origin": [-2, -1008, 6], "size": [2, 16, 11], "pivot": [0, -1000, -8], "rotation": [0, 0, 90], "uv": [56, 82]},
						{"origin": [-2, -1008, 17], "size": [2, 16, 2], "pivot": [0, -1000, -8], "rotation": [0, 0, 90], "uv": [65, 106]},
						{"origin": [-19.67767, -1011.77817, 15], "size": [3, 2, 1], "pivot": [0, -1000, -8], "rotation": [0, 0, 135], "uv": [64, 125]},
						{"origin": [-24, -995, 15], "size": [3, 2, 1], "pivot": [0, -1000, -8], "rotation": [0, 0, 90], "uv": [64, 125]},
						{"origin": [21, -995, 15], "size": [3, 2, 1], "pivot": [0, -1000, -8], "rotation": [0, 0, -90], "uv": [64, 125], "mirror": true},
						{"origin": [16.67767, -1011.77817, 15], "size": [3, 2, 1], "pivot": [0, -1000, -8], "rotation": [0, 0, -135], "uv": [64, 125], "mirror": true},
						{"origin": [22, -995, 15], "size": [9, 2, 1], "pivot": [0, -1000, -8], "rotation": [0, 0, -90], "uv": [64, 125], "mirror": true},
						{"origin": [9, -995, 15], "size": [10, 2, 1], "pivot": [0, -1000, -8], "rotation": [0, 0, -90], "uv": [64, 125], "mirror": true},
						{"origin": [-19, -995, 15], "size": [10, 2, 1], "pivot": [0, -1000, -8], "rotation": [0, 0, 90], "uv": [64, 125]},
						{"origin": [-31, -1005, 15], "size": [2, 10, 1], "pivot": [0, -1000, -8], "rotation": [0, 0, 90], "uv": [49, 105]},
						{"origin": [-18.72792, -988.27208, 15], "size": [7, 7, 1], "pivot": [0, -1000, -8], "rotation": [0, 0, 45], "uv": [30, 112]},
						{"origin": [-16.6066, -990.3934, 15], "size": [7, 7, 1], "pivot": [0, -1000, -8], "rotation": [0, 0, 45], "uv": [30, 120]},
						{"origin": [-5, -992, 6], "size": [10, 1, 10], "uv": [1, 91]},
						{"origin": [-6.42843, -1000, -8.58579], "size": [7, 0, 7], "pivot": [0, -1000, -8], "rotation": [0, 45, 0], "uv": [5, 121]},
						{"origin": [-5, -1000, -4], "size": [10, 0, 9], "uv": [0, 112]}
					]
				},
				{
					"name": "Bendera",
					"parent": "emote",
					"pivot": [18, -977, 0],
					"cubes": [
						{"origin": [17, -957, 0], "size": [1, 5, 1], "uv": [128, 5]},
						{"origin": [13, -957, 0], "size": [1, 4, 1], "uv": [128, 5]},
						{"origin": [21, -957, 0], "size": [1, 4, 1], "uv": [128, 4]},
						{"origin": [16.5, -952, 0], "size": [2, 4, 1], "uv": [127, 3]},
						{"origin": [12.5, -953, 0], "size": [2, 4, 1], "uv": [127, 2]},
						{"origin": [20.5, -953, 0], "size": [2, 4, 1], "uv": [126, 3]},
						{"origin": [17, -1003, 0], "size": [1, 7, 1], "uv": [95, 0]},
						{"origin": [17, -996, 0], "size": [1, 30, 1], "uv": [95, 0]},
						{"origin": [14.5, -964, -3], "size": [6, 4, 6], "uv": [101, 1]},
						{"origin": [11, -960, -5], "size": [13, 2, 10], "uv": [101, 23]},
						{"origin": [13, -958, -2], "size": [9, 1, 7], "uv": [106, 26]},
						{"origin": [13, -958, -5], "size": [9, 3, 3], "uv": [113, 27]},
						{"origin": [11, -963, -1], "size": [3, 3, 2], "uv": [108, 1]},
						{"origin": [21, -963, -1], "size": [3, 3, 2], "uv": [108, 1]},
						{"origin": [8.5, -961, -0.5], "size": [19, 1, 1], "uv": [101, 0]},
						{"origin": [11.5, -965, -1], "size": [2, 2, 2], "uv": [106, 14]},
						{"origin": [21.5, -965, -1], "size": [2, 2, 2], "uv": [105, 16]},
						{"origin": [15.5, -967, -2], "size": [4, 3, 4], "uv": [101, 13]}
					]
				},
				{
					"name": "kibar",
					"parent": "Bendera",
					"pivot": [3, 48, 0],
					"cubes": [
						{"origin": [19.5, -981, -2], "size": [5, 16, 1], "uv": [134, 39]},
						{"origin": [10.5, -981, -2], "size": [5, 16, 1], "uv": [99, 39]},
						{"origin": [15.5, -983, -2], "size": [4, 16, 1], "uv": [118, 40]}
					]
				},
				{
					"name": "Dj",
					"parent": "emote",
					"pivot": [-1, -1002, -13],
					"cubes": [
						{"origin": [-11, -1001, -15], "size": [21, 1, 9], "uv": [120, 12]},
						{"origin": [-6, -1000, -15], "size": [10, 1, 2], "uv": [157, 3]},
						{"origin": [-6, -999, -15], "size": [10, 1, 2], "uv": [99, 73]},
						{"origin": [-8, -1000, -18], "size": [2, 1, 3], "pivot": [-11, -999, -14], "rotation": [0, -47.5, 0], "uv": [99, 73]},
						{"origin": [4, -1000, -18], "size": [2, 1, 3], "pivot": [9, -999, -14], "rotation": [0, 42.5, 0], "uv": [99, 73], "mirror": true},
						{"origin": [-11, -1003, -15], "size": [21, 2, 9], "uv": [119, 11]},
						{"origin": [-4, -1004, -17], "size": [6, 4, 2], "uv": [131, 14]},
						{"origin": [10, -1002, -15], "size": [7, 1, 9], "uv": [142, 0]},
						{"origin": [13, -1000.9, -14.5], "size": [1, 1, 2], "uv": [146, 7]},
						{"origin": [-15, -1000.9, -14.5], "size": [1, 1, 2], "uv": [146, 7], "mirror": true},
						{"origin": [11, -1000.9, -14.5], "size": [1, 1, 2], "uv": [146, 7]},
						{"origin": [-13, -1000.9, -14.5], "size": [1, 1, 2], "uv": [146, 7], "mirror": true},
						{"origin": [15, -1000.9, -14.5], "size": [1, 1, 2], "uv": [146, 7]},
						{"origin": [-17, -1000.9, -14.5], "size": [1, 1, 2], "uv": [146, 7], "mirror": true},
						{"origin": [-18, -1000.9, -12], "size": [35, 1, 5], "uv": [136, 3]},
						{"origin": [-11, -1000.8, -12], "size": [5, 1, 5], "uv": [139, 25]},
						{"origin": [4, -1000.8, -12], "size": [5, 1, 5], "uv": [139, 25]},
						{"origin": [-6, -998.9, -13], "size": [10, 1, 3], "pivot": [-1, -998, -14], "rotation": [-22.5, 0, 0], "uv": [135, 13]},
						{"origin": [-9, -1004, -15], "size": [17, 1, 9], "uv": [142, 0]},
						{"origin": [-18, -1002, -15], "size": [7, 1, 9], "uv": [142, 0]},
						{"origin": [-10, -1002, -16], "size": [6, 1, 1], "uv": [152, 5]},
						{"origin": [-10, -1002, -6], "size": [6, 1, 1], "uv": [152, 5]},
						{"origin": [2, -1002, -6], "size": [6, 1, 1], "uv": [152, 5], "mirror": true},
						{"origin": [2, -1002, -16], "size": [6, 1, 1], "uv": [152, 5], "mirror": true},
						{"origin": [-20, -1002, -15], "size": [2, 2, 9], "uv": [70, 74]},
						{"origin": [17, -1002, -15], "size": [2, 2, 9], "uv": [70, 74]},
						{"origin": [-18, -1001, -15], "size": [7, 1, 9], "uv": [120, 12]},
						{"origin": [10, -1001, -15], "size": [7, 1, 9], "uv": [120, 12], "mirror": true}
					]
				},
				{
					"name": "Love",
					"parent": "emote",
					"pivot": [0, -985, -13]
				},
				{
					"name": "Love1",
					"parent": "Love",
					"pivot": [0, -984, -10],
					"cubes": [
						{"origin": [-1, -989, -10], "size": [1, 1, 1], "uv": [144, 106]},
						{"origin": [-2, -988, -10], "size": [3, 1, 1], "uv": [144, 106]},
						{"origin": [-3, -987, -10], "size": [5, 1, 1], "uv": [144, 106]},
						{"origin": [-4, -986, -10], "size": [7, 1, 1], "uv": [144, 106]},
						{"origin": [-5, -985, -10], "size": [9, 2, 1], "uv": [144, 106]},
						{"origin": [-4, -983, -10], "size": [3, 1, 1], "uv": [144, 106]},
						{"origin": [0, -983, -10], "size": [3, 1, 1], "uv": [144, 106]}
					]
				},
				{
					"name": "Love2",
					"parent": "Love",
					"pivot": [0, -983, -12],
					"cubes": [
						{"origin": [-1, -987, -12], "size": [2, 1, 1], "uv": [144, 106]},
						{"origin": [-2, -986, -12], "size": [4, 1, 1], "uv": [144, 106]},
						{"origin": [-3, -985, -12], "size": [6, 1, 1], "uv": [144, 106]},
						{"origin": [-4, -984, -12], "size": [8, 2, 1], "uv": [144, 106]},
						{"origin": [-3, -982, -12], "size": [2, 1, 1], "uv": [144, 106]},
						{"origin": [1, -982, -12], "size": [2, 1, 1], "uv": [144, 106]}
					]
				},
				{
					"name": "Love3",
					"parent": "Love",
					"pivot": [0, -983, -14],
					"cubes": [
						{"origin": [0, -986, -14], "size": [1, 1, 1], "uv": [144, 106]},
						{"origin": [-1, -985, -14], "size": [3, 1, 1], "uv": [144, 106]},
						{"origin": [-2, -984, -14], "size": [5, 1, 1], "uv": [144, 106]},
						{"origin": [-3, -983, -14], "size": [7, 2, 1], "uv": [144, 106]},
						{"origin": [-2, -981, -14], "size": [2, 1, 1], "uv": [144, 106]},
						{"origin": [1, -981, -14], "size": [2, 1, 1], "uv": [144, 106]}
					]
				},
				{
					"name": "Love4",
					"parent": "Love",
					"pivot": [0, -983, -14],
					"cubes": [
						{"origin": [0, -986, -14], "size": [1, 1, 1], "uv": [144, 106]},
						{"origin": [-1, -985, -14], "size": [3, 1, 1], "uv": [144, 106]},
						{"origin": [-2, -984, -14], "size": [5, 1, 1], "uv": [144, 106]},
						{"origin": [-3, -983, -14], "size": [7, 2, 1], "uv": [144, 106]},
						{"origin": [-2, -981, -14], "size": [2, 1, 1], "uv": [144, 106]},
						{"origin": [1, -981, -14], "size": [2, 1, 1], "uv": [144, 106]}
					]
				},
				{
					"name": "handphone",
					"parent": "emote",
					"pivot": [-4, -993, -52]
				},
				{
					"name": "hp",
					"parent": "handphone",
					"pivot": [-7, -997, -53],
					"cubes": [
						{"origin": [-9, -998, -53], "size": [3, 5, 1], "uv": [100, 60]}
					]
				},
				{
					"name": "logo",
					"parent": "handphone",
					"pivot": [0, -990, -52],
					"cubes": [
						{"origin": [3, -991, -52], "size": [1, 5, 0], "uv": [128, 71], "mirror": true},
						{"origin": [-4, -991, -52], "size": [1, 5, 0], "uv": [128, 71]},
						{"origin": [-3, -991, -52], "size": [6, 5, 0], "uv": [111, 60]},
						{"origin": [-5.5, -985.7, -52.1], "size": [5, 5, 0], "pivot": [-2, -987, -52], "rotation": [0, 0, 42.5], "uv": [125, 60]},
						{"origin": [-1.8, -990.5, -52.1], "size": [5, 5, 0], "pivot": [2, -992, -55], "rotation": [0, 0, 42.5], "uv": [134, 69]},
						{"origin": [-3, -990.9, -52.1], "size": [5, 5, 0], "pivot": [-2, -992, -55], "rotation": [0, 0, -47.5], "uv": [134, 69], "mirror": true},
						{"origin": [-5.5, -992.3, -52.1], "size": [5, 5, 0], "pivot": [-2, -994, -55], "rotation": [0, 0, 42.5], "uv": [138, 60]},
						{"origin": [-5, -992.7, -51.9], "size": [5, 5, 0], "pivot": [-2, -994, -52], "rotation": [0, 0, 42.5], "uv": [112, 59]}
					]
				},
				{
					"name": "Bunga",
					"parent": "emote",
					"pivot": [0, -996, -10],
					"cubes": [
						{"origin": [-1.7, -993, -11.8], "size": [2.5, 1, 2.5], "uv": [155, 39]},
						{"origin": [-1, -999, -11], "size": [1, 6, 1], "uv": [150, 33]},
						{"origin": [0, -996, -11], "size": [2, 2, 1], "uv": [156, 39]},
						{"origin": [-2, -992.5, -12], "size": [3, 2, 3], "uv": [110, 59]}
					]
				},
				{
					"name": "ak_draco",
					"parent": "emote",
					"pivot": [-6, -1006, -21],
					"rotation": [-2.5, 0, 0],
					"cubes": [
						{"origin": [-7, -957.91934, -418.31037], "size": [2.5, 4, 1], "pivot": [-5.8, 8.72004, -74.65959], "rotation": [22.5, 0, 0], "uv": [6, 134]},
						{"origin": [-272.19942, -922.7998, -405.59181], "size": [1, 2, 1], "pivot": [-6.8, 9.72004, -74.65959], "rotation": [22.5, 0, -15], "uv": [0, 128]},
						{"origin": [259.69942, -922.7998, -405.59181], "size": [1, 2, 1], "pivot": [-4.2, 9.72004, -74.65959], "rotation": [22.5, 0, 15], "uv": [0, 128], "mirror": true},
						{"origin": [-52.61042, -776.56744, -728.47149], "size": [1, 1.5, 1], "pivot": [-7.8, 11.72004, -74.65959], "rotation": [42.5, 0, -2.5], "uv": [0, 128]},
						{"origin": [40.11042, -776.56744, -728.47149], "size": [1, 1.5, 1], "pivot": [-4.2, 11.72004, -74.65959], "rotation": [42.5, 0, 2.5], "uv": [0, 128], "mirror": true},
						{"origin": [-52.81042, 49.81193, -1098.40777], "size": [1, 1.5, 1], "pivot": [-7.8, 11.72004, -75.65959], "rotation": [95, 0, -2.5], "uv": [0, 128]},
						{"origin": [40.31042, 49.81193, -1098.40777], "size": [1, 1.5, 1], "pivot": [-4.2, 11.72004, -75.65959], "rotation": [95, 0, 2.5], "uv": [0, 128], "mirror": true},
						{"origin": [-6.8, -1016.27996, -66.45959], "size": [2, 2, 1], "pivot": [-5.8, 7.72004, -73.65959], "rotation": [2.5, 0, 0], "uv": [0, 133]},
						{"origin": [-6.3, -1003, -22.5], "size": [1, 3, 1], "uv": [0, 149]},
						{"origin": [-6.4, -1002, -23], "size": [1.2, 3, 1], "uv": [0, 133]},
						{"origin": [-6.5, -1014, -23], "size": [1.5, 12, 1], "uv": [0, 133]},
						{"origin": [-6.5, -1014, -22], "size": [1.5, 12, 1], "uv": [0, 114]},
						{"origin": [-6.3, -961.99106, -373.90631], "size": [1, 1.5, 2.3], "pivot": [-6, 16.72004, -72.65959], "rotation": [20, 0, 0], "uv": [4, 134]},
						{"origin": [-6.3, -891.34681, 405.38007], "size": [1, 1.5, 4], "pivot": [-6, 13.72004, -73.65959], "rotation": [-25, 0, 0], "uv": [5, 134]}
					]
				},
				{
					"name": "sayap_kanan",
					"parent": "ak_draco",
					"pivot": [0, -1.27996, -44.65959],
					"cubes": [
						{"origin": [16.3298, -1008, -30.22107], "size": [3, 1, 1], "pivot": [-7, 14.72004, -74.65959], "rotation": [0, -30, 0], "uv": [7, 141]},
						{"origin": [-380.2384, -847.8333, -487.28864], "size": [5, 1, 1], "pivot": [-10, 14.72004, -76.65959], "rotation": [0, -137.5, 32.5], "uv": [7, 141]},
						{"origin": [-382.88699, -306.22063, -971.6742], "size": [4, 3, 1], "pivot": [-11, 13.72004, -73.65959], "rotation": [45, -137.5, 32.5], "uv": [0, 148]}
					]
				},
				{
					"name": "sayap_kiri",
					"parent": "ak_draco",
					"pivot": [0, -1.27996, -44.65959],
					"cubes": [
						{"origin": [-30.8298, -1008, -30.22107], "size": [3, 1, 1], "pivot": [-5, 14.72004, -74.65959], "rotation": [0, 30, 0], "uv": [7, 141]},
						{"origin": [-380.26573, -823.04317, 374.36383], "size": [5, 1, 1], "pivot": [-2, 14.72004, -76.65959], "rotation": [0, -45, -35], "uv": [7, 141]},
						{"origin": [366.88699, -305.22063, -972.31625], "size": [4, 3, 1], "pivot": [-1, 14.72004, -73.65959], "rotation": [45, 137.5, -32.5], "uv": [0, 148], "mirror": true}
					]
				},
				{
					"name": "kursi2",
					"parent": "emote",
					"pivot": [0, -1040, 0]
				},
				{
					"name": "meja",
					"parent": "kursi2",
					"pivot": [0, -1040, -9],
					"cubes": [
						{"origin": [-6, -1038, -15], "size": [12, 1, 12], "uv": [26, 132]},
						{"origin": [-6, -1038, -13], "size": [1, 1, 10], "pivot": [-5, -1038, -3], "rotation": [90, 0, 0], "uv": [35, 132]},
						{"origin": [5, -1038, -24], "size": [1, 1, 10], "pivot": [6, -1038, -14], "rotation": [90, 0, 0], "uv": [35, 132]},
						{"origin": [5, -1038, -13], "size": [1, 1, 10], "pivot": [6, -1038, -3], "rotation": [90, 0, 0], "uv": [35, 132]},
						{"origin": [-6, -1038, -24], "size": [1, 1, 10], "pivot": [-5, -1038, -14], "rotation": [90, 0, 0], "uv": [35, 132]}
					]
				},
				{
					"name": "kursii",
					"parent": "kursi2",
					"pivot": [0, -1043, 2],
					"cubes": [
						{"origin": [-4, -1048, -2], "size": [1, 6, 1], "uv": [35, 133]},
						{"origin": [3, -1048, -2], "size": [1, 6, 1], "uv": [35, 133]},
						{"origin": [3, -1048, 4], "size": [1, 6, 1], "uv": [35, 133]},
						{"origin": [-4, -1042, -2], "size": [8, 1, 7], "uv": [36, 137]},
						{"origin": [-4, -1048, 4], "size": [1, 6, 1], "uv": [35, 133]}
					]
				},
				{
					"name": "gelas",
					"parent": "kursi2",
					"pivot": [-2, -1035, -8],
					"cubes": [
						{"origin": [-3, -1036.5, -9], "size": [1, 3, 1], "inflate": -0.3, "uv": [35, 132]},
						{"origin": [-4.5, -1037, -9], "size": [1, 2, 1], "inflate": -0.3, "pivot": [-3, -1037, -8], "rotation": [0, 0, 90], "uv": [35, 132]},
						{"origin": [-4.5, -1035, -9], "size": [1, 2, 1], "inflate": -0.3, "pivot": [-3, -1035, -8], "rotation": [0, 0, 90], "uv": [35, 132]},
						{"origin": [-1, -1036, -9], "size": [1, 2, 1], "inflate": 0.5, "uv": [21, 132]}
					]
				},
				{
					"name": "tongkat",
					"parent": "emote",
					"pivot": [0, -986, -6],
					"cubes": [
						{"origin": [-6, -989, -6], "size": [1, 13, 1], "inflate": 0.5, "uv": [44, 78]},
						{"origin": [6, -989, -6], "size": [1, 13, 1], "inflate": 0.5, "uv": [49, 78]}
					]
				},
				{
					"name": "shiba",
					"parent": "emote",
					"pivot": [19.5, -1031, 0],
					"rotation": [0, 90, 0]
				},
				{
					"name": "head2",
					"parent": "shiba",
					"pivot": [19.5, -1023, -5],
					"rotation": [-25, 0, 0],
					"cubes": [
						{"origin": [17.5, -1026.34523, -10.81262], "size": [4, 3, 4], "uv": [106, 138]},
						{"origin": [16.5, -1024.32696, -9.70293], "size": [6, 6.4, 5.2], "pivot": [20, -1023.48656, 16.89092], "rotation": [5, 0, 0], "uv": [106, 126]}
					]
				},
				{
					"name": "head3",
					"parent": "head2",
					"pivot": [20, -1024.48656, 16.89092],
					"cubes": [
						{"origin": [18, -1023.26666, -12.56091], "size": [3, 2, 2], "pivot": [20, -1024.48656, 16.89092], "rotation": [5, 0, 0], "uv": [109, 140]},
						{"origin": [19, -1022.16666, -12.66091], "size": [1, 1, 1], "pivot": [20, -1024.48656, 16.89092], "rotation": [5, 0, 0], "uv": [72, 93]}
					]
				},
				{
					"name": "head4",
					"parent": "head2",
					"pivot": [20, -1026.48656, 17.89092],
					"rotation": [-5, 0, 0],
					"cubes": [
						{"origin": [18.5, -1015.87964, -9.6012], "size": [2, 1, 2], "pivot": [20, -1026.48656, 17.89092], "rotation": [27.5, 0, 0], "uv": [107, 146]}
					]
				},
				{
					"name": "head5",
					"parent": "head2",
					"pivot": [20, -1023.48656, 16.89092],
					"rotation": [-15, 10, -5],
					"cubes": [
						{"origin": [21.42209, -1025.90081, -8.85249], "size": [1.5, 3, 1], "pivot": [20, -1023.48656, 16.89092], "rotation": [5, 0, 0], "uv": [101, 131]}
					]
				},
				{
					"name": "head6",
					"parent": "head2",
					"pivot": [19, -1023.48656, 16.89092],
					"rotation": [-15, -10, 5],
					"cubes": [
						{"origin": [16.07791, -1025.90081, -8.85249], "size": [1.5, 3, 1], "pivot": [19, -1023.48656, 16.89092], "rotation": [5, 0, 0], "uv": [101, 131]}
					]
				},
				{
					"name": "lidah",
					"parent": "head2",
					"pivot": [19.5, -1023.48656, -2.10908],
					"cubes": [
						{"origin": [18.5, -1017.37741, -11.49271], "size": [2, 0, 2], "pivot": [20, -1024.48656, -1.10908], "rotation": [50, 0, 0], "uv": [100, 128]}
					]
				},
				{
					"name": "body2",
					"parent": "shiba",
					"pivot": [20, -1025, 0],
					"cubes": [
						{"origin": [17, -1028, 2], "size": [5, 5, 4], "uv": [129, 129]},
						{"origin": [17.5, -1027.2, 5.7], "size": [4, 4, 1], "uv": [120, 133]}
					]
				},
				{
					"name": "body3",
					"parent": "body2",
					"pivot": [20, -1032, 14],
					"cubes": [
						{"origin": [17.5, -1026.7, -5], "size": [4, 4.5, 7], "uv": [123, 125]}
					]
				},
				{
					"name": "body4",
					"parent": "body2",
					"pivot": [20, -1030, 5],
					"rotation": [-10, 0, 0],
					"cubes": [
						{"origin": [17, -1026.51853, -7.21711], "size": [5, 5.4, 5], "uv": [130, 126]}
					]
				},
				{
					"name": "body5",
					"parent": "body2",
					"pivot": [20, -1032, 19],
					"cubes": [
						{"origin": [16, -1027.7, -9], "size": [7, 8, 2], "pivot": [20, -1034, -4], "rotation": [-17.5, 0, 0], "uv": [87, 139]}
					]
				},
				{
					"name": "body6",
					"parent": "body2",
					"pivot": [20, -1033, 22],
					"rotation": [-5, 0, 0],
					"cubes": [
						{"origin": [18, -1028.34311, -4.92389], "size": [3, 4, 11], "uv": [120, 125]},
						{"origin": [18, -1025.3844, 6.03425], "size": [3, 1, 3], "uv": [89, 142]},
						{"origin": [18, -1026.38059, 6.12141], "size": [3, 1, 1], "uv": [89, 145]}
					]
				},
				{
					"name": "body8",
					"parent": "body2",
					"pivot": [20, -1033, 17],
					"rotation": [-25, 0, 0],
					"cubes": [
						{"origin": [17.36, -1034.45237, -8.12616], "size": [4.3, 4, 6], "uv": [130, 125]}
					]
				},
				{
					"name": "sayap_kanan_shiba",
					"parent": "body2",
					"pivot": [16.5, -1024, 1],
					"cubes": [
						{"origin": [21.5, -1019.7, 0], "size": [1, 4.5, 1.2], "pivot": [26, -1029, -1], "rotation": [0, 0, -37.5], "uv": [96, 132]},
						{"origin": [-0.5, -1023.7, 0], "size": [1, 7.5, 1.2], "pivot": [4, -1030, -1], "rotation": [0, 0, 65], "uv": [132, 127]},
						{"origin": [-1.5, -1022.7, 0.1], "size": [1, 7.5, 1], "pivot": [3, -1029, -1], "rotation": [0, 0, 82.5], "uv": [124, 142]},
						{"origin": [-1.5, -1021, 0.1], "size": [1, 6.5, 1], "pivot": [3, -1028, -1], "rotation": [0, 0, 82.5], "uv": [124, 143]},
						{"origin": [-2, -1016.7, 0.1], "size": [1, 3.5, 1], "pivot": [2, -1027, -1], "rotation": [0, 0, 82.5], "uv": [124, 143]}
					]
				},
				{
					"name": "sayap_kiri_shiba",
					"parent": "body2",
					"pivot": [22.5, -1024, 0],
					"cubes": [
						{"origin": [16.5, -1019.7, 0], "size": [1, 4.5, 1.2], "pivot": [13, -1029, -1], "rotation": [0, 0, 37.5], "uv": [96, 132], "mirror": true},
						{"origin": [38.5, -1023.7, 0], "size": [1, 7.5, 1.2], "pivot": [35, -1030, -1], "rotation": [0, 0, -65], "uv": [131, 126], "mirror": true},
						{"origin": [39.5, -1022.7, 0.1], "size": [1, 7.5, 1], "pivot": [36, -1029, -1], "rotation": [0, 0, -82.5], "uv": [124, 141], "mirror": true},
						{"origin": [39.5, -1021, 0.1], "size": [1, 6.5, 1], "pivot": [36, -1028, -1], "rotation": [0, 0, -82.5], "uv": [124, 142], "mirror": true},
						{"origin": [40, -1016.7, 0.1], "size": [1, 3.5, 1], "pivot": [37, -1027, -1], "rotation": [0, 0, -82.5], "uv": [124, 144], "mirror": true}
					]
				},
				{
					"name": "leg1",
					"parent": "shiba",
					"pivot": [17, -1025, 4],
					"cubes": [
						{"origin": [16.5, -1032, 2], "size": [2, 1, 3], "uv": [131, 143]}
					]
				},
				{
					"name": "leg1a",
					"parent": "leg1",
					"pivot": [20, -1031, 19],
					"rotation": [-10, 0, 0],
					"cubes": [
						{"origin": [17, -1034.47296, 3.85384], "size": [1, 5, 1.5], "uv": [124, 141]}
					]
				},
				{
					"name": "leg1b",
					"parent": "leg1",
					"pivot": [20, -1029, 19],
					"rotation": [10, 0, 0],
					"cubes": [
						{"origin": [16.5, -1026.52704, 3.85384], "size": [2, 5, 2.5], "uv": [121, 133]}
					]
				},
				{
					"name": "leg2",
					"parent": "shiba",
					"pivot": [22, -1025, 4],
					"cubes": [
						{"origin": [20.5, -1032, 2], "size": [2, 1, 3], "uv": [131, 143]}
					]
				},
				{
					"name": "leg2a",
					"parent": "leg2",
					"pivot": [19, -1031, 19],
					"rotation": [-10, 0, 0],
					"cubes": [
						{"origin": [21, -1034.47296, 3.85384], "size": [1, 5, 1.5], "uv": [125, 142]}
					]
				},
				{
					"name": "leg2b",
					"parent": "leg2",
					"pivot": [19, -1029, 19],
					"rotation": [10, 0, 0],
					"cubes": [
						{"origin": [20.5, -1026.52704, 3.85384], "size": [2, 5, 2.5], "uv": [123, 131]}
					]
				},
				{
					"name": "leg3",
					"parent": "shiba",
					"pivot": [17, -1026, -5],
					"cubes": [
						{"origin": [16.5, -1032, -6.5], "size": [2, 1, 2.5], "uv": [132, 144]}
					]
				},
				{
					"name": "leg3a",
					"parent": "leg3",
					"pivot": [15, -1031, 10],
					"rotation": [-10, 0, 0],
					"cubes": [
						{"origin": [17, -1034.47296, -5.14616], "size": [1, 5, 1.5], "uv": [124, 142]}
					]
				},
				{
					"name": "leg3b",
					"parent": "leg3",
					"pivot": [15, -1029, 10],
					"rotation": [10, 0, 0],
					"cubes": [
						{"origin": [16.6, -1026.82704, -5.14616], "size": [2, 4, 2.5], "uv": [123, 133]}
					]
				},
				{
					"name": "leg4",
					"parent": "shiba",
					"pivot": [22, -1026, -5],
					"cubes": [
						{"origin": [20.5, -1032, -6.5], "size": [2, 1, 2.5], "uv": [132, 144]}
					]
				},
				{
					"name": "leg4a",
					"parent": "leg4",
					"pivot": [18, -1031, 10],
					"rotation": [-10, 0, 0],
					"cubes": [
						{"origin": [21, -1034.47296, -5.14616], "size": [1, 5, 1.5], "uv": [124, 142]}
					]
				},
				{
					"name": "leg4b",
					"parent": "leg4",
					"pivot": [18, -1029, 10],
					"rotation": [10, 0, 0],
					"cubes": [
						{"origin": [20.4, -1026.82704, -5.14616], "size": [2, 4, 2.5], "uv": [121, 133]}
					]
				},
				{
					"name": "scar_megalodon",
					"parent": "emote",
					"pivot": [-6, -990, -21],
					"rotation": [-2.5, 0, 0],
					"cubes": [
						{"origin": [-6.3, -987, -22.5], "size": [1, 3, 1], "uv": [99, 99]},
						{"origin": [-6.3, -984.26795, -22], "size": [1, 3, 1], "pivot": [-6, -985.93695, -21.93964], "rotation": [32.5, 0, 0], "uv": [111, 92]},
						{"origin": [-6.3, -986.31183, -19.37105], "size": [1, 2, 1], "pivot": [-6, -985.93695, -21.93964], "rotation": [90, 0, 0], "uv": [111, 93]},
						{"origin": [-6.3, -984.86793, -22.58724], "size": [1, 3, 1], "pivot": [-6, -983.93885, -22.02688], "rotation": [-27.5, 0, 0], "uv": [111, 97]},
						{"origin": [-6.4, -986, -23], "size": [1.2, 2, 1], "uv": [99, 98]},
						{"origin": [-6.4, -983.95828, -22.8], "size": [1.2, 1, 1], "uv": [105, 93]},
						{"origin": [-6.7, -990.95162, -22.49466], "size": [1.8, 1, 1], "uv": [105, 93]},
						{"origin": [-6.7, -987.95448, -22.62552], "size": [1.8, 1, 1], "uv": [105, 93]},
						{"origin": [-6.5, -996, -23], "size": [1.5, 10, 1], "uv": [99, 90]},
						{"origin": [-6.3, -991.37358, -23.13628], "size": [1, 3, 3], "pivot": [-6, -990.43558, -23.06996], "rotation": [37.5, 0, 0], "uv": [118, 90]},
						{"origin": [-6.3, -994.33103, -24.8], "size": [1, 3, 3], "pivot": [-6, -990.43558, -23.06996], "rotation": [32.5, 0, 0], "uv": [118, 90]},
						{"origin": [-6.5, -998, -22], "size": [1.5, 12, 1], "uv": [128, 90]},
						{"origin": [-6.3, -945.99106, -373.90631], "size": [1, 1.5, 2.3], "pivot": [-6, 32.72004, -72.65959], "rotation": [20, 0, 0], "uv": [103, 100]},
						{"origin": [-6.3, -875.34681, 405.38007], "size": [1, 1.5, 4], "pivot": [-6, 29.72004, -73.65959], "rotation": [-25, 0, 0], "uv": [100, 98]}
					]
				},
				{
					"name": "predator_pulse",
					"parent": "emote",
					"pivot": [0, -1092, 0]
				},
				{
					"name": "ular",
					"parent": "predator_pulse",
					"pivot": [0, -1092, 0]
				},
				{
					"name": "kepala",
					"parent": "ular",
					"pivot": [-13, -1065, 4],
					"cubes": [
						{"origin": [-16, -1063.5113, 0.44281], "size": [6, 1, 4], "pivot": [-13, -1063, 0], "rotation": [-30, 0, 0], "uv": [0, 162]},
						{"origin": [-15.8, -1064.43288, -2.34741], "size": [5.5, 1, 3], "pivot": [-13, -1063, -2], "rotation": [15, 0, 0], "uv": [0, 162]},
						{"origin": [-15, -1065.65155, -3.3], "size": [4, 1, 2], "pivot": [-13, -1065, -3], "rotation": [50, 0, 0], "uv": [0, 162]}
					]
				},
				{
					"name": "badan1",
					"parent": "ular",
					"pivot": [-13, -1071, 8],
					"cubes": [
						{"origin": [-15, -1066.3, 3], "size": [4, 1, 8], "pivot": [-13, -1066, 4], "rotation": [-52.5, 0, 0], "uv": [0, 162]}
					]
				},
				{
					"name": "badan2",
					"parent": "ular",
					"pivot": [-13, -1072, 9],
					"cubes": [
						{"origin": [-12.48058, -1072.76778, 7.36526], "size": [15, 1, 3], "pivot": [-12, -1072, 9], "rotation": [-62.5, -15, 52.5], "uv": [0, 162]}
					]
				},
				{
					"name": "badan3",
					"parent": "ular",
					"pivot": [-2, -1081, 14],
					"rotation": [0, 50, 0],
					"cubes": [
						{"origin": [-2.02227, -1083.86402, 11.19759], "size": [15, 1, 3], "pivot": [-1, -1083, 13], "rotation": [-52.5, -30, 17.5], "uv": [0, 162]}
					]
				},
				{
					"name": "badan4",
					"parent": "ular",
					"pivot": [13, -1084, 8],
					"rotation": [0, 97.5, 0],
					"cubes": [
						{"origin": [13.00599, -1087.77422, 3.69894], "size": [15, 1, 2.5], "pivot": [13, -1088, 6], "rotation": [-52.5, -30, 10], "uv": [0, 162]}
					]
				},
				{
					"name": "badan5",
					"parent": "ular",
					"pivot": [16, -1089, -7],
					"rotation": [0, 162.5, 0],
					"cubes": [
						{"origin": [14.61599, -1089.77422, -9.54951], "size": [15, 1, 2], "pivot": [14.61, -1090, -7.24846], "rotation": [-52.5, -32.5, 10], "uv": [0, 162]}
					]
				},
				{
					"name": "badan6",
					"parent": "ular",
					"pivot": [6, -1091, -19],
					"rotation": [0, 162.5, 0],
					"cubes": [
						{"origin": [4.61599, -1091.77422, -21.54951], "size": [15, 1, 1.5], "pivot": [4.61, -1092, -19.24846], "rotation": [-50, 27.5, 2.5], "uv": [0, 162]}
					]
				},
				{
					"name": "badan7",
					"parent": "ular",
					"pivot": [-9, -1092, -15],
					"rotation": [-7.5, -147.5, -10],
					"cubes": [
						{"origin": [-10.38401, -1092.77422, -17.54951], "size": [15, 1, 1], "pivot": [-10.39, -1093, -15.24846], "rotation": [-52.5, 27.5, 0], "uv": [0, 162]}
					]
				},
				{
					"name": "lingkaran",
					"parent": "predator_pulse",
					"pivot": [0, -1091, 0]
				},
				{
					"name": "lingkaran1",
					"parent": "lingkaran",
					"pivot": [0, -1108, 0],
					"cubes": [
						{"origin": [-3.48097, -1109, -11.5], "size": [6.96193, 0, 23], "pivot": [0, -1108, 0], "rotation": [0, 45, 0], "uv": [57, 164]},
						{"origin": [-3.48097, -1109, -11.5], "size": [6.96193, 0, 23], "pivot": [0, -1108, 0], "rotation": [0, 22.5, 0], "uv": [2, 164]},
						{"origin": [-3.48097, -1109, -11.5], "size": [6.96193, 0, 23], "uv": [16, 164]},
						{"origin": [-3.48097, -1109, -11.5], "size": [6.96193, 0, 23], "pivot": [0, -1108, 0], "rotation": [0, -22.5, 0], "uv": [30, 164]},
						{"origin": [-3.48097, -1109, -11.5], "size": [6.96193, 0, 23], "pivot": [0, -1108, 0], "rotation": [0, -45, 0], "uv": [43, 164]},
						{"origin": [-11.5, -1109, -3.48097], "size": [23, 0, 6.96193], "pivot": [0, -1108, 0], "rotation": [0, 22.5, 0], "uv": [0, 201]},
						{"origin": [-11.5, -1109, -3.48097], "size": [23, 0, 6.96193], "uv": [0, 209]},
						{"origin": [-11.5, -1109, -3.48097], "size": [23, 0, 6.96193], "pivot": [0, -1108, 0], "rotation": [0, -22.5, 0], "uv": [0, 217]}
					]
				},
				{
					"name": "lingkaran2",
					"parent": "lingkaran",
					"pivot": [0, -1108, 0],
					"cubes": [
						{"origin": [-3.48097, -1109, -17.5], "size": [6.96193, 0, 2], "pivot": [0, -1108, 0], "rotation": [0, 45, 0], "uv": [0, 175]},
						{"origin": [-3.48097, -1109, 15.5], "size": [6.96193, 0, 2], "pivot": [0, -1108, 0], "rotation": [0, 45, 0], "uv": [0, 175]},
						{"origin": [-3.48097, -1109, 15.5], "size": [6.96193, 0, 2], "pivot": [0, -1108, 0], "rotation": [0, 22.5, 0], "uv": [0, 175]},
						{"origin": [-3.48097, -1109, -17.5], "size": [6.96193, 0, 2], "pivot": [0, -1108, 0], "rotation": [0, 22.5, 0], "uv": [0, 175]},
						{"origin": [-3.48097, -1109, -17.5], "size": [6.96193, 0, 2], "uv": [0, 175]},
						{"origin": [-3.48097, -1109, 15.5], "size": [6.96193, 0, 2], "uv": [0, 175]},
						{"origin": [-3.48097, -1109, -17.5], "size": [6.96193, 0, 2], "pivot": [0, -1108, 0], "rotation": [0, -22.5, 0], "uv": [0, 175]},
						{"origin": [-3.48097, -1109, 15.5], "size": [6.96193, 0, 2], "pivot": [0, -1108, 0], "rotation": [0, -22.5, 0], "uv": [0, 175]},
						{"origin": [-3.48097, -1109, -17.5], "size": [6.96193, 0, 2], "pivot": [0, -1108, 0], "rotation": [0, -45, 0], "uv": [0, 175]},
						{"origin": [-3.48097, -1109, 15.5], "size": [6.96193, 0, 2], "pivot": [0, -1108, 0], "rotation": [0, -45, 0], "uv": [0, 175]},
						{"origin": [15.5, -1109, -3.48097], "size": [2, 0, 6.96193], "pivot": [0, -1108, 0], "rotation": [0, 22.5, 0], "uv": [0, 175]},
						{"origin": [-17.5, -1109, -3.48097], "size": [2, 0, 6.96193], "pivot": [0, -1108, 0], "rotation": [0, 22.5, 0], "uv": [0, 175]},
						{"origin": [15.5, -1109, -3.48097], "size": [2, 0, 6.96193], "uv": [0, 175]},
						{"origin": [-17.5, -1109, -3.48097], "size": [2, 0, 6.96193], "uv": [0, 175]},
						{"origin": [15.5, -1109, -3.48097], "size": [2, 0, 6.96193], "pivot": [0, -1108, 0], "rotation": [0, -22.5, 0], "uv": [0, 175]},
						{"origin": [-17.5, -1109, -3.48097], "size": [2, 0, 6.96193], "pivot": [0, -1108, 0], "rotation": [0, -22.5, 0], "uv": [0, 175]}
					]
				},
				{
					"name": "lingkaran3",
					"parent": "lingkaran",
					"pivot": [0, -1108, 0],
					"cubes": [
						{"origin": [-3.48097, -1109, -14.5], "size": [6.96193, 0, 2], "pivot": [0, -1108, 0], "rotation": [0, 45, 0], "uv": [0, 185]},
						{"origin": [-3.48097, -1109, 12.5], "size": [6.96193, 0, 2], "pivot": [0, -1108, 0], "rotation": [0, 45, 0], "uv": [0, 185]},
						{"origin": [-3.48097, -1109, 12.5], "size": [6.96193, 0, 2], "pivot": [0, -1108, 0], "rotation": [0, 22.5, 0], "uv": [0, 185]},
						{"origin": [-3.48097, -1109, -14.5], "size": [6.96193, 0, 2], "pivot": [0, -1108, 0], "rotation": [0, 22.5, 0], "uv": [0, 185]},
						{"origin": [-3.48097, -1109, -14.5], "size": [6.96193, 0, 2], "uv": [0, 185]},
						{"origin": [-3.48097, -1109, 12.5], "size": [6.96193, 0, 2], "uv": [0, 185]},
						{"origin": [-3.48097, -1109, -14.5], "size": [6.96193, 0, 2], "pivot": [0, -1108, 0], "rotation": [0, -22.5, 0], "uv": [0, 185]},
						{"origin": [-3.48097, -1109, 12.5], "size": [6.96193, 0, 2], "pivot": [0, -1108, 0], "rotation": [0, -22.5, 0], "uv": [0, 185]},
						{"origin": [-3.48097, -1109, -14.5], "size": [6.96193, 0, 2], "pivot": [0, -1108, 0], "rotation": [0, -45, 0], "uv": [0, 185]},
						{"origin": [-3.48097, -1109, 12.5], "size": [6.96193, 0, 2], "pivot": [0, -1108, 0], "rotation": [0, -45, 0], "uv": [0, 185]},
						{"origin": [12.5, -1109, -3.48097], "size": [2, 0, 6.96193], "pivot": [0, -1108, 0], "rotation": [0, 22.5, 0], "uv": [0, 185]},
						{"origin": [-14.5, -1109, -3.48097], "size": [2, 0, 6.96193], "pivot": [0, -1108, 0], "rotation": [0, 22.5, 0], "uv": [0, 185]},
						{"origin": [12.5, -1109, -3.48097], "size": [2, 0, 6.96193], "uv": [0, 185]},
						{"origin": [-14.5, -1109, -3.48097], "size": [2, 0, 6.96193], "uv": [0, 185]},
						{"origin": [12.5, -1109, -3.48097], "size": [2, 0, 6.96193], "pivot": [0, -1108, 0], "rotation": [0, -22.5, 0], "uv": [0, 185]},
						{"origin": [-14.5, -1109, -3.48097], "size": [2, 0, 6.96193], "pivot": [0, -1108, 0], "rotation": [0, -22.5, 0], "uv": [0, 185]}
					]
				},
				{
					"name": "lingkaran4",
					"parent": "lingkaran",
					"pivot": [0, -1109, 0],
					"cubes": [
						{"origin": [-3.48097, -1109.1, -17.5], "size": [6.96193, 0, 35], "pivot": [0, -1109, 0], "rotation": [0, 45, 0], "uv": [21, 191]},
						{"origin": [-3.48097, -1109.1, -17.5], "size": [6.96193, 0, 35], "pivot": [0, -1109, 0], "rotation": [0, 22.5, 0], "uv": [21, 191]},
						{"origin": [-3.48097, -1109.1, -17.5], "size": [6.96193, 0, 35], "uv": [21, 191]},
						{"origin": [-3.48097, -1109.1, -17.5], "size": [6.96193, 0, 35], "pivot": [0, -1109, 0], "rotation": [0, -22.5, 0], "uv": [21, 191]},
						{"origin": [-3.48097, -1109.1, -17.5], "size": [6.96193, 0, 35], "pivot": [0, -1109, 0], "rotation": [0, -45, 0], "uv": [21, 191]},
						{"origin": [-17.5, -1109.1, -3.48097], "size": [35, 0, 6.96193], "pivot": [0, -1109, 0], "rotation": [0, 22.5, 0], "uv": [21, 191]},
						{"origin": [-17.5, -1109.1, -3.48097], "size": [35, 0, 6.96193], "uv": [21, 191]},
						{"origin": [-17.5, -1109.1, -3.48097], "size": [35, 0, 6.96193], "pivot": [0, -1109, 0], "rotation": [0, -22.5, 0], "uv": [21, 191]}
					]
				},
				{
					"name": "more_practice",
					"parent": "emote",
					"pivot": [25, -995, -1],
					"cubes": [
						{"origin": [20, -995, -4], "size": [6, 2, 7], "uv": [57, 195]},
						{"origin": [20, -966, -4], "size": [6, 2, 7], "uv": [62, 166]},
						{"origin": [20, -982, -4], "size": [6, 2, 7], "uv": [62, 166]},
						{"origin": [22.3, -993, -1.3], "size": [1.5, 11, 1.5], "uv": [150, 61]},
						{"origin": [20, -980, -4], "size": [6, 14, 7], "uv": [57, 195]}
					]
				},
				{
					"name": "sg_draco",
					"parent": "emote",
					"pivot": [0, -1029, 0]
				},
				{
					"name": "crystal",
					"parent": "sg_draco",
					"pivot": [9, -1002, -9],
					"cubes": [
						{"origin": [8, -1003, -9], "size": [2, 2.1, 1], "uv": [18, 152]},
						{"origin": [8.8, -1002.2, -9], "size": [2, 2, 1], "inflate": -0.3, "pivot": [9, -1002, -9], "rotation": [0, 0, -45], "uv": [18, 152]},
						{"origin": [8.8, -1002.2, -8.7], "size": [2, 2, 1], "inflate": -0.3, "pivot": [9, -1002, -9], "rotation": [0, 0, -45], "uv": [18, 152]},
						{"origin": [8.8, -1002.2, -9.3], "size": [2, 2, 1], "inflate": -0.3, "pivot": [9, -1002, -9], "rotation": [0, 0, -45], "uv": [18, 152]},
						{"origin": [7.3, -1003.7, -9], "size": [2, 2, 1], "inflate": -0.3, "pivot": [9, -1002, -9], "rotation": [0, 0, -45], "uv": [18, 152]},
						{"origin": [7.3, -1003.7, -8.7], "size": [2, 2, 1], "inflate": -0.3, "pivot": [9, -1002, -9], "rotation": [0, 0, -45], "uv": [18, 152]},
						{"origin": [7.3, -1003.7, -9.3], "size": [2, 2, 1], "inflate": -0.3, "pivot": [9, -1002, -9], "rotation": [0, 0, -45], "uv": [18, 152]},
						{"origin": [8, -1003, -8], "size": [2, 2.1, 1], "uv": [18, 152]},
						{"origin": [8.8, -1002.2, -8], "size": [2, 2, 1], "inflate": -0.3, "pivot": [9, -1002, -8], "rotation": [0, 0, -45], "uv": [18, 152]},
						{"origin": [8.8, -1002.2, -7.7], "size": [2, 2, 1], "inflate": -0.3, "pivot": [9, -1002, -8], "rotation": [0, 0, -45], "uv": [18, 152]},
						{"origin": [8.8, -1002.2, -8.3], "size": [2, 2, 1], "inflate": -0.3, "pivot": [9, -1002, -8], "rotation": [0, 0, -45], "uv": [18, 152]},
						{"origin": [7.3, -1003.7, -7.7], "size": [2, 2, 1], "inflate": -0.3, "pivot": [9, -1002, -8], "rotation": [0, 0, -45], "uv": [18, 152]},
						{"origin": [7.3, -1003.7, -8], "size": [2, 2, 1], "inflate": -0.3, "pivot": [9, -1002, -8], "rotation": [0, 0, -45], "uv": [18, 152]},
						{"origin": [7.3, -1003.7, -8.3], "size": [2, 2, 1], "inflate": -0.3, "pivot": [9, -1002, -8], "rotation": [0, 0, -45], "uv": [18, 152]}
					]
				},
				{
					"name": "senjata",
					"parent": "sg_draco",
					"pivot": [-3, -1021, -14],
					"cubes": [
						{"origin": [-5, -1025, -14], "size": [3, 4, 1], "pivot": [-3, -1022, -14], "rotation": [15, 0, 0], "uv": [27, 149]},
						{"origin": [-5.1, -1022, -14], "size": [1, 1, 1], "pivot": [-5, -1022, -14], "rotation": [57.5, 0, -17.5], "uv": [21, 154]},
						{"origin": [-5.40071, -1020.71243, -14.80436], "size": [1, 1, 1], "inflate": -0.1, "pivot": [-5, -1021, -14], "rotation": [72.5, 0, -17.5], "uv": [21, 154]},
						{"origin": [-5.40071, -1021.2, -15.4], "size": [1, 1, 1], "inflate": -0.2, "pivot": [-5, -1021, -15], "rotation": [100, 0, -17.5], "uv": [21, 154]},
						{"origin": [-5.40071, -1020.7, -15.4], "size": [1, 1, 1], "inflate": -0.3, "pivot": [-5, -1021, -15], "rotation": [110, 0, -17.5], "uv": [21, 154]},
						{"origin": [-6.40071, -1022.3, -17.4], "size": [1, 1, 1], "inflate": -0.3, "pivot": [-5, -1021, -15], "rotation": [110, 17.5, -17.5], "uv": [21, 154]},
						{"origin": [-2.6, -1023, -16], "size": [1, 1, 1], "pivot": [5, -1022, -14], "rotation": [57.5, 0, 17.5], "uv": [21, 154], "mirror": true},
						{"origin": [-2.62328, -1020.47112, -14.90071], "size": [1, 1, 1], "inflate": -0.1, "pivot": [-2, -1021, -14], "rotation": [77.5, 0, 17.5], "uv": [21, 154], "mirror": true},
						{"origin": [-2.62328, -1020.9, -15.5], "size": [1, 1, 1], "inflate": -0.2, "pivot": [-2, -1021, -15], "rotation": [102.5, 0, 17.5], "uv": [21, 154], "mirror": true},
						{"origin": [-2.62328, -1020.4, -15.5], "size": [1, 1, 1], "inflate": -0.3, "pivot": [-2, -1021, -15], "rotation": [107.5, 0, 17.5], "uv": [21, 154], "mirror": true},
						{"origin": [-2.62328, -1023.4, -14.5], "size": [1, 1, 1], "inflate": -0.3, "pivot": [-2, -1021, -15], "rotation": [22.5, 12.5, 12.5], "uv": [21, 154], "mirror": true},
						{"origin": [-4.8, -1024, -13.2], "size": [2.6, 3, 1], "pivot": [0, -1021, -12], "rotation": [27.5, 0, 0], "uv": [27, 149]},
						{"origin": [-4.6, -1021.6, -14.1], "size": [2.2, 3, 1], "uv": [27, 149]},
						{"origin": [-4, -1014.3, -14.6], "size": [1, 4.6, 2], "inflate": -0.4, "pivot": [-3.5, -1013, -14], "rotation": [25, 0, 0], "uv": [20, 151]},
						{"origin": [-4, -1011.8, -13.61764], "size": [1, 2.8, 1.5], "inflate": -0.4, "pivot": [-3.5, -1011, -13], "rotation": [67.5, 0, 0], "uv": [20, 151]},
						{"origin": [-4.6, -1021.6, -13.1], "size": [2.2, 3, 1], "uv": [28, 154]},
						{"origin": [-4.6, -1018.7, -14.1], "size": [2.2, 4, 1], "inflate": -0.1, "uv": [27, 149]},
						{"origin": [-4.6, -1015, -14.1], "size": [2.2, 2, 1], "inflate": -0.2, "uv": [27, 149]},
						{"origin": [-4, -1013.4, -13.8], "size": [1, 3, 1], "inflate": -0.1, "pivot": [-4, -1013, -13], "rotation": [25, 0, 0], "uv": [27, 149]},
						{"origin": [-4, -1012.3, -12.9], "size": [1, 2, 1], "inflate": -0.3, "pivot": [-4, -1011, -12], "rotation": [-40, 0, 0], "uv": [27, 149]},
						{"origin": [-4, -1012.9, -12.4], "size": [1, 2.7, 1], "inflate": -0.4, "pivot": [-3, -1010, -12], "rotation": [-10, 0, 0], "uv": [27, 149]},
						{"origin": [-4, -1012.5, -12], "size": [1, 1.5, 1], "inflate": -0.4, "pivot": [-3, -1012, -12], "rotation": [-125, 0, 0], "uv": [27, 149]},
						{"origin": [-4, -1011.6, -13.8], "size": [1, 1.8, 1], "inflate": -0.2, "pivot": [-4, -1011, -13], "rotation": [72.5, 0, 0], "uv": [27, 149]},
						{"origin": [-4.6, -1015, -13.5], "size": [2.2, 2, 1], "inflate": -0.2, "uv": [29, 156]},
						{"origin": [-4.6, -1016.58335, -12.6], "size": [2.2, 2, 1], "inflate": -0.2, "pivot": [-3, -1015, -12], "rotation": [92.5, 0, 0], "uv": [29, 151]},
						{"origin": [-4.6, -1018.7, -13.3], "size": [2.2, 4, 1.1], "inflate": -0.1, "uv": [29, 155]},
						{"origin": [-2.8, -1017.7, -13.6], "size": [1, 1, 2.1], "inflate": -0.1, "pivot": [-2, -1016, -13], "rotation": [20, -22.5, 0], "uv": [29, 149]},
						{"origin": [-3.5, -1017.67209, -13.1], "size": [1, 1, 2.1], "inflate": -0.2, "pivot": [-3, -1017, -11], "rotation": [-70, -17.5, -7.5], "uv": [29, 149]},
						{"origin": [-5.30635, -1017.67605, -13.11575], "size": [1, 1, 2.1], "inflate": -0.1, "pivot": [-5, -1017, -13], "rotation": [20, 27.5, 0], "uv": [29, 149], "mirror": true},
						{"origin": [-4.5, -1017.06929, -13.2], "size": [1, 1, 2.1], "inflate": -0.2, "pivot": [-5, -1017, -11], "rotation": [-70, 27.5, 10], "uv": [29, 149], "mirror": true}
					]
				},
				{
					"name": "sayap_kiri2",
					"parent": "senjata",
					"pivot": [-3, -1019, -14],
					"cubes": [
						{"origin": [-3, -1019, -14], "size": [4, 1, 1], "inflate": -0.2, "pivot": [-3, -1018, -14], "rotation": [0, 32.5, 17.5], "uv": [29, 149]},
						{"origin": [-3, -1019.6, -16.01208], "size": [4, 1, 1], "inflate": -0.3, "pivot": [0, -1019, -16], "rotation": [32.5, 2.5, 110], "uv": [29, 149]},
						{"origin": [-3, -1021.4, -16.01208], "size": [4, 2.5, 1], "inflate": -0.4, "pivot": [0, -1019, -16], "rotation": [32.5, 2.5, 110], "uv": [16, 155]},
						{"origin": [-6.3, -1020.7, -14.53514], "size": [3, 2.5, 1], "inflate": -0.4, "pivot": [-3, -1019, -16], "rotation": [32.5, 0, 110], "uv": [16, 155]},
						{"origin": [-2, -1021.7, -16.01208], "size": [3, 1, 1], "inflate": -0.3, "pivot": [0, -1019, -16], "rotation": [32.5, 2.5, 110], "uv": [29, 149]}
					]
				},
				{
					"name": "sayap_kanan2",
					"parent": "senjata",
					"pivot": [-4, -1019, -14],
					"cubes": [
						{"origin": [-8, -1019, -14], "size": [4, 1, 1], "inflate": -0.2, "pivot": [-4, -1018, -14], "rotation": [0, -32.5, -17.5], "uv": [29, 149], "mirror": true},
						{"origin": [-8, -1019.6, -16.01208], "size": [4, 1, 1], "inflate": -0.3, "pivot": [-7, -1019, -16], "rotation": [32.5, -2.5, -110], "uv": [29, 149], "mirror": true},
						{"origin": [-8, -1021.4, -16.01208], "size": [4, 2.5, 1], "inflate": -0.4, "pivot": [-7, -1019, -16], "rotation": [32.5, -2.5, -110], "uv": [16, 155], "mirror": true},
						{"origin": [-3.7, -1020.7, -14.53514], "size": [3, 2.5, 1], "inflate": -0.4, "pivot": [-4, -1019, -16], "rotation": [32.5, 0, -110], "uv": [16, 155], "mirror": true},
						{"origin": [-8, -1021.7, -16.01208], "size": [3, 1, 1], "inflate": -0.3, "pivot": [-7, -1019, -16], "rotation": [32.5, -2.5, -110], "uv": [29, 149], "mirror": true}
					]
				},
				{
					"name": "mp40_cobra",
					"parent": "emote",
					"pivot": [0, -1011, -10]
				},
				{
					"name": "senjata2",
					"parent": "mp40_cobra",
					"pivot": [0, -1011, -10]
				},
				{
					"name": "1",
					"parent": "senjata2",
					"pivot": [0, -1011, -10],
					"cubes": [
						{"origin": [-2, -1010, -10], "size": [3, 5, 1], "uv": [8, 163]},
						{"origin": [-2, -1010, -9.4], "size": [3, 5, 1], "uv": [8, 163]},
						{"origin": [-1.7, -1005, -10], "size": [2.4, 3, 1], "uv": [61, 197]},
						{"origin": [-1.5, -1002, -10], "size": [2, 3, 1.8], "uv": [61, 197]},
						{"origin": [-1.5, -1001.6, -7.91276], "size": [2, 1, 2], "inflate": -0.3, "pivot": [0, -1004, -8], "rotation": [-92.5, 0, 0], "uv": [61, 197]},
						{"origin": [-1.5, -1004.9981, -7.91276], "size": [2, 2, 1.8], "pivot": [0, -1004, -8], "rotation": [-92.5, 0, 0], "uv": [61, 197]},
						{"origin": [-2.5, -1006.2, -5.91276], "size": [1, 1, 1], "inflate": -0.2, "pivot": [0, -1004, -8], "rotation": [-92.5, 0, 0], "uv": [61, 197]},
						{"origin": [0.5, -1006.2, -5.91276], "size": [1, 1, 1], "inflate": -0.2, "pivot": [0, -1004, -8], "rotation": [-92.5, 0, 0], "uv": [61, 197]},
						{"origin": [0.5, -1010.96172, -9], "size": [1, 2, 1], "inflate": -0.3, "pivot": [0, -1010, -8], "rotation": [-72.5, 0, 0], "uv": [116, 8]},
						{"origin": [-2.5, -1010.96172, -9], "size": [1, 2, 1], "inflate": -0.3, "pivot": [0, -1010, -8], "rotation": [-72.5, 0, 0], "uv": [116, 8]},
						{"origin": [-1.5, -1003.9981, -7.91276], "size": [2, 3, 1], "inflate": -0.3, "pivot": [0, -1004, -8], "rotation": [-92.5, 0, 0], "uv": [71, 168]},
						{"origin": [-1.5, -1003.9981, -6.91276], "size": [2, 3, 1], "inflate": -0.3, "pivot": [0, -1004, -8], "rotation": [-92.5, 0, 0], "uv": [71, 168]},
						{"origin": [-1.5, -1003.9981, -7.5], "size": [2, 3, 1.2], "inflate": -0.3, "pivot": [0, -1004, -8], "rotation": [-92.5, 0, 0], "uv": [66, 205]},
						{"origin": [-1.5, -999.2, -7.7], "size": [2, 3, 0.8], "inflate": -0.1, "pivot": [0, -996, -8], "rotation": [-25, 0, 0], "uv": [61, 197]},
						{"origin": [-1.5, -999.15476, -9.8], "size": [2, 3, 0.8], "inflate": -0.1, "pivot": [0, -996, -10], "rotation": [-5, 0, 0], "uv": [61, 197]},
						{"origin": [-1.5, -996.2, -11.8], "size": [2, 3, 0.8], "inflate": -0.1, "pivot": [0, -994, -9], "rotation": [82.5, 0, 0], "uv": [61, 197]},
						{"origin": [-1.5, -1000, -8.5], "size": [2, 3, 1], "inflate": -0.1, "pivot": [0, -1001, -10], "rotation": [-90, 0, 0], "uv": [61, 197]},
						{"origin": [-1.5, -1001, -6.133], "size": [2, 3, 1], "inflate": -0.2, "pivot": [1, -1001, -6], "rotation": [-172.5, 0, 0], "uv": [61, 197]},
						{"origin": [-1.5, -999.88658, -9.83039], "size": [2, 3, 1], "inflate": -0.3, "pivot": [0, -999, -7], "rotation": [95, 0, 0], "uv": [61, 197]},
						{"origin": [-1.9, -1006, -9.27886], "size": [2.8, 4.2, 1.3], "inflate": -0.2, "uv": [140, 13]},
						{"origin": [-1.9, -1003, -9.27886], "size": [2.8, 4.2, 1], "inflate": -0.3, "uv": [140, 13]},
						{"origin": [-1.9, -1010, -9.27886], "size": [2.8, 5.2, 1.3], "inflate": -0.2, "uv": [140, 13]}
					]
				},
				{
					"name": "2",
					"parent": "senjata2",
					"pivot": [0, -1011, -10],
					"rotation": [7.5, 0, 0],
					"cubes": [
						{"origin": [-2, -1010, -10], "size": [3, 5, 1], "pivot": [0, -1011, -10], "rotation": [2.5, 0, 0], "uv": [8, 163]},
						{"origin": [-1.8, -1005.2, -9.3], "size": [2.6, 2.8, 1], "uv": [8, 163]},
						{"origin": [-2, -1005, -11], "size": [3, 3.5, 1], "inflate": -0.2, "pivot": [0, -1001, -9], "rotation": [62.5, 0, 0], "uv": [8, 163]},
						{"origin": [-2, -1005.8, -12.2], "size": [3, 2.5, 1], "inflate": -0.2, "pivot": [0, -1001, -9], "rotation": [82.5, 0, 0], "uv": [8, 163]}
					]
				},
				{
					"name": "background",
					"parent": "mp40_cobra",
					"pivot": [0, -1011, -10]
				},
				{
					"name": "3",
					"parent": "background",
					"pivot": [0, -989, 3],
					"cubes": [
						{"origin": [-3.5, -989, 5], "size": [7, 1, 1], "inflate": -0.3, "uv": [133, 17]},
						{"origin": [-4.1, -989.7, 5], "size": [7, 1, 1], "inflate": -0.3, "pivot": [3, -989, 3], "rotation": [0, 0, 140], "uv": [133, 17]},
						{"origin": [0.3, -983.3, 5], "size": [7, 1, 1], "inflate": -0.3, "pivot": [7, -984, 5], "rotation": [0, 0, 117.5], "uv": [133, 17]},
						{"origin": [-2.2, -983.3, 5], "size": [3.5, 1, 1], "inflate": -0.3, "pivot": [7, -984, 5], "rotation": [0, 0, 117.5], "uv": [133, 17]},
						{"origin": [6.16473, -977.2663, 5], "size": [6, 1, 1], "inflate": -0.3, "pivot": [12, -977, 5], "rotation": [0, 0, 62.5], "uv": [133, 17]},
						{"origin": [3.43345, -980, 5], "size": [2, 1, 1], "inflate": -0.3, "pivot": [3, -978, 5], "rotation": [0, 0, 90], "uv": [133, 17]},
						{"origin": [3.43345, -981.82146, 5], "size": [2, 1, 1], "inflate": -0.3, "pivot": [3, -978, 5], "rotation": [0, 0, 90], "uv": [133, 17]},
						{"origin": [5.56956, -974.1, 5], "size": [3, 1, 1], "inflate": -0.3, "pivot": [8, -973, 5], "rotation": [0, 2.5, 160], "uv": [133, 17]},
						{"origin": [-19.99947, -974.06981, 5], "size": [15, 2, 1], "inflate": -0.3, "pivot": [-6, -973, 5], "rotation": [0, 0, -179.5], "uv": [133, 17]},
						{"origin": [4.1, -974.96506, 5], "size": [6, 6, 1], "inflate": -0.3, "pivot": [6, -974, 5], "rotation": [0, 0, -164.5], "uv": [134, 14]},
						{"origin": [-2, -971.2, 5], "size": [7, 6, 1], "inflate": -0.3, "pivot": [1, -972, 5], "rotation": [0, 0, -179.5], "uv": [134, 14]},
						{"origin": [-2.83888, -976.3, 4.9], "size": [4, 3, 1.2], "inflate": -0.3, "pivot": [-2, -975, 5], "rotation": [0, 0, -162], "uv": [69, 169]},
						{"origin": [0.15427, -976.2652, 4.9], "size": [4, 3, 1.2], "inflate": -0.3, "pivot": [3, -975, 5], "rotation": [0, 0, 163], "uv": [69, 169]},
						{"origin": [-3.84573, -972.2652, 4.9], "size": [3, 3, 1], "inflate": -0.3, "pivot": [3, -975, 5], "rotation": [0, 0, 163], "uv": [69, 169]},
						{"origin": [-0.84573, -969.2652, 4.9], "size": [3, 3, 1], "inflate": -0.3, "pivot": [3, -975, 5], "rotation": [0, 0, 163], "uv": [69, 169]},
						{"origin": [3.15427, -967.2652, 4.9], "size": [3, 3, 1], "inflate": -0.3, "pivot": [3, -975, 5], "rotation": [0, 0, 163], "uv": [69, 169]},
						{"origin": [-8.45538, -985.03562, 4.9], "size": [3, 3, 1], "inflate": -0.3, "pivot": [-7, -982, 5], "rotation": [0, 0, -164.5], "uv": [69, 169]},
						{"origin": [-12.45538, -982.4, 4.9], "size": [3, 3, 1], "inflate": -0.3, "pivot": [-7, -982, 5], "rotation": [0, 0, -164.5], "uv": [69, 169]},
						{"origin": [-5.45538, -988.03562, 4.9], "size": [3, 3, 1], "inflate": -0.3, "pivot": [-7, -982, 5], "rotation": [0, 0, -164.5], "uv": [69, 169]},
						{"origin": [1.26031, -978.13944, 5], "size": [4.5, 1.8, 1], "inflate": -0.3, "pivot": [2, -978, 5], "rotation": [0, 0, -179.5], "uv": [134, 14]},
						{"origin": [-11.76019, -983.11706, 5], "size": [6, 6, 1], "inflate": -0.3, "pivot": [-6, -978, 5], "rotation": [0, 0, 170.5], "uv": [134, 14]}
					]
				},
				{
					"name": "4",
					"parent": "background",
					"pivot": [-3, -988, 3],
					"rotation": [0, 0, -130],
					"cubes": [
						{"origin": [-3.7, -988, 5], "size": [7, 1, 1], "inflate": -0.3, "pivot": [-3, -988, 6], "rotation": [0, 0, -15], "uv": [133, 17]},
						{"origin": [1.8, -986.7, 5], "size": [7, 1, 1], "inflate": -0.3, "pivot": [3, -987, 5], "rotation": [0, 0, 17.5], "uv": [133, 17]},
						{"origin": [7.56885, -989.19821, 5], "size": [4, 1, 1], "inflate": -0.3, "pivot": [11, -989, 5], "rotation": [0, 0, 17.5], "uv": [133, 17]},
						{"origin": [12.25362, -994.76566, 5], "size": [6.7, 1, 1], "inflate": -0.3, "pivot": [13, -994, 6], "rotation": [0, 0, -112.5], "uv": [133, 17]},
						{"origin": [8.08812, -995.172, 5], "size": [3.2, 1, 1], "inflate": -0.3, "pivot": [11, -995, 6], "rotation": [0, 0, 155], "uv": [133, 17]}
					]
				}
			]
		}
	]
}