{
	"format_version": "1.12.0",
	"minecraft:geometry": [
		{
			"description": {
				"identifier": "geometry.infected_wolf",
				"texture_width": 64,
				"texture_height": 64,
				"visible_bounds_width": 3,
				"visible_bounds_height": 2.5,
				"visible_bounds_offset": [0, 0.75, 0]
			},
			"bones": [
				{
					"name": "Cabeza",
					"pivot": [0, 11, -8],
					"cubes": [
						{"origin": [-3, 8, -12], "size": [6, 6, 4], "uv": [18, 18]},
						{"origin": [-1.5, 8.9, -14.9], "size": [3, 2, 3], "pivot": [0, 10, -12], "rotation": [5, 0, 0], "uv": [0, 28]},
						{"origin": [0.97, 13.5, -10.5], "size": [2, 2, 1], "pivot": [2, 13.5, -10], "rotation": [0, 0, 12.5], "uv": [20, 35]},
						{"origin": [-3.03, 13.25, -10.5], "size": [2, 2, 1], "pivot": [-2, 13.25, -10], "rotation": [0, 0, -17.5], "uv": [16, 12]}
					]
				},
				{
					"name": "Mandibula",
					"pivot": [0, 9, -11],
					"cubes": [
						{"origin": [-1, 8, -14.5], "size": [2, 1, 4], "pivot": [0, 8, -11], "rotation": [22.5, 0, 0], "uv": [10, 24]}
					]
				},
				{
					"name": "Dientes",
					"parent": "Mandibula",
					"pivot": [0, 8, -14],
					"cubes": [
						{"origin": [-0.62, 7.1, -14.33002], "size": [0, 1, 1], "pivot": [0, 8, -14], "rotation": [22.5, -35, -7.5], "uv": [37, 27]},
						{"origin": [0.62, 7.1, -14.33002], "size": [0, 1, 1], "pivot": [0, 8, -14], "rotation": [22.5, 35, 7.5], "uv": [11, 37]},
						{"origin": [-0.95, 7.25, -13.5], "size": [0, 1, 1], "pivot": [0, 8, -14], "rotation": [22.7, 0, 0], "uv": [7, 37]},
						{"origin": [0.95, 7.25, -13.5], "size": [0, 1, 1], "pivot": [0, 8, -14], "rotation": [22.7, 0, 0], "uv": [34, 36]}
					]
				},
				{
					"name": "Cuerpo",
					"pivot": [0, 10, 1],
					"cubes": [
						{"origin": [-2.5, 7.4, -11], "size": [5, 4, 2], "pivot": [0, -2, -1], "rotation": [-10, 0, 0], "uv": [0, 22]},
						{"origin": [-3.5, 7.9, -7.52], "size": [7, 6, 6], "pivot": [0, 10, -7], "rotation": [-12.5, 0, 0], "uv": [0, 0]},
						{"origin": [-2, 8.15, -2], "size": [4, 4, 6], "uv": [0, 12]},
						{"origin": [-3, 7.65, 3.0633], "size": [6, 5, 4], "pivot": [0, 10, 5], "rotation": [10, 0, 0], "uv": [22, 8]},
						{"origin": [-2.5, 8.25, 5.5], "size": [5, 4, 2], "pivot": [0, 12, 6], "rotation": [22.5, 0, 0], "uv": [20, 0]}
					]
				},
				{
					"name": "Detalles",
					"parent": "Cuerpo",
					"pivot": [0, 12, 6],
					"cubes": [
						{"origin": [-2.6, 13.13478, -5.6], "size": [3, 1, 2], "pivot": [-1, 14, -5], "rotation": [-12.5, -27.5, 17.5], "uv": [32, 4]},
						{"origin": [-1, 11.7, 0.5], "size": [1, 1, 1], "uv": [36, 30]},
						{"origin": [0.5, 11.9, -0.2], "size": [1, 1, 1], "uv": [34, 28]},
						{"origin": [0.5, 12, 1.2], "size": [1, 1, 1], "uv": [34, 20]},
						{"origin": [-3.1, 8.5, -1.2], "size": [2, 2, 2], "uv": [34, 0]},
						{"origin": [-2.8, 8.5, 1.2], "size": [1, 1, 1], "uv": [6, 33]},
						{"origin": [1.7, 10.5, 1.5], "size": [1, 1, 1], "uv": [32, 0]},
						{"origin": [1.7, 8.8, -1], "size": [1, 1, 1], "uv": [9, 29]},
						{"origin": [2, 10.2, 0], "size": [1, 1, 1], "uv": [26, 28]},
						{"origin": [-1.5, 7.5, -1.5], "size": [1, 1, 1], "uv": [26, 6]},
						{"origin": [-1.9, 7.2, 0], "size": [1, 1, 1], "uv": [12, 22]}
					]
				},
				{
					"name": "Cola",
					"pivot": [0, 12, 8],
					"cubes": [
						{"origin": [-0.5, 6.44645, 7.39905], "size": [1, 6, 1], "pivot": [0, 12, 8], "rotation": [35, 0, 0], "uv": [16, 34]}
					]
				},
				{
					"name": "PataIzq1",
					"pivot": [-1.5, 8, -5],
					"cubes": [
						{"origin": [-2.5, 5, -5.9], "size": [2, 3, 2], "uv": [0, 33]},
						{"origin": [-2.5, 0, -5.9], "size": [2, 1, 2], "uv": [34, 33]},
						{"origin": [-2, 1, -5.4], "size": [1, 4, 1], "uv": [0, 12]}
					]
				},
				{
					"name": "PataDer1",
					"pivot": [1.5, 8, -5],
					"cubes": [
						{"origin": [0.5, 5, -5.9], "size": [2, 3, 2], "uv": [12, 29]},
						{"origin": [0.5, 0, -5.9], "size": [2, 1, 2], "uv": [34, 17]},
						{"origin": [1, 1, -5.4], "size": [1, 4, 1], "uv": [0, 0]}
					]
				},
				{
					"name": "PatqIzq2",
					"pivot": [1.5, 8, 5.5],
					"cubes": [
						{"origin": [0.5, 3.6, 4.4], "size": [2, 5, 2], "uv": [28, 28]},
						{"origin": [0.5, 0, 4.4], "size": [2, 1, 2], "uv": [8, 34]},
						{"origin": [1, 1, 4.9], "size": [1, 3, 1], "uv": [30, 35]}
					]
				},
				{
					"name": "PataDer2",
					"pivot": [-1.5, 8, 5.5],
					"cubes": [
						{"origin": [-2.5, 3.6, 4.4], "size": [2, 5, 2], "uv": [20, 28]},
						{"origin": [-2.5, 0, 4.4], "size": [2, 1, 2], "uv": [16, 15]},
						{"origin": [-2, 1, 4.9], "size": [1, 3, 1], "uv": [26, 35]}
					]
				}
			]
		}
	]
}