{
	"format_version": "1.12.0",
	"minecraft:geometry": [
		{
			"description": {
				"identifier": "geometry.infected_cow",
				"texture_width": 75,
				"texture_height": 75,
				"visible_bounds_width": 3,
				"visible_bounds_height": 3.5,
				"visible_bounds_offset": [0, 1.25, 0]
			},
			"bones": [
				{
					"name": "Cabeza",
					"pivot": [0, 19, -9],
					"cubes": [
						{"origin": [-4, 15, -17], "size": [8, 8, 6], "pivot": [0, 2, -5], "rotation": [-7.5, 0, 0], "uv": [0, 0]},
						{"origin": [3.8, 23, -12.31884], "size": [1, 3, 1], "pivot": [5, 23, -12], "rotation": [-15, 0, -2.5], "uv": [0, 0]},
						{"origin": [-4.8, 23, -12.31884], "size": [1, 3, 1], "pivot": [-5, 23, -12], "rotation": [-15, 0, 2.5], "uv": [28, 0], "mirror": true}
					]
				},
				{
					"name": "Mandibula",
					"pivot": [0, 16, -10],
					"rotation": [2.5, 0, 0],
					"cubes": [
						{"origin": [-3.5, 14.8, -14.5], "size": [7, 2, 5], "pivot": [0, 16, -9], "rotation": [15, 0, 0], "uv": [0, 14]}
					]
				},
				{
					"name": "Dientes",
					"parent": "Mandibula",
					"pivot": [0, 16, -9],
					"cubes": [
						{"origin": [-0.5, 16.3, -14.9], "size": [1, 1, 0], "pivot": [3, 18, -9], "rotation": [15, 0, 0], "uv": [22, 0]},
						{"origin": [2.4, 16.3, -14.9], "size": [1, 1, 0], "pivot": [3, 18, -9], "rotation": [15, 0, 0], "uv": [22, 0]},
						{"origin": [-3.4, 16.3, -14.7], "size": [0, 1, 1], "pivot": [3, 18, -9], "rotation": [15, 0, 0], "uv": [23, 2]},
						{"origin": [-3.4, 16.3, -14.9], "size": [1, 1, 0], "pivot": [3, 18, -9], "rotation": [15, 0, 0], "uv": [22, 0]},
						{"origin": [-2, 16.3, -14.9], "size": [1, 1, 0], "pivot": [3, 18, -9], "rotation": [15, 0, 0], "uv": [22, 0]},
						{"origin": [1, 16.3, -14.9], "size": [1, 1, 0], "pivot": [3, 18, -9], "rotation": [15, 0, 0], "uv": [22, 0]},
						{"origin": [3.4, 16.3, -14.7], "size": [0, 1, 1], "pivot": [-3, 18, -9], "rotation": [15, 0, 0], "uv": [23, 2], "mirror": true},
						{"origin": [1, 16.3, -14.9], "size": [1, 1, 0], "pivot": [3, 18, -9], "rotation": [15, 0, 0], "uv": [22, 0]}
					]
				},
				{
					"name": "Cuerpo",
					"pivot": [0, 16, 0],
					"cubes": [
						{"origin": [-3.5, 16.5, -9.8], "size": [7, 5, 2], "pivot": [0, 19, -8], "rotation": [-20, 0, 0], "uv": [0, 21]},
						{"origin": [-6, 12.5, -7.8], "size": [12, 10, 7], "pivot": [0, 19, -8], "rotation": [-20, 0, 0], "uv": [0, 28]},
						{"origin": [0.17303, 21.1, -5.81601], "size": [4, 1, 4], "pivot": [2, 22, -4], "rotation": [-17.5, 15, -2.5], "uv": [19, 14]},
						{"origin": [-4, 12, -3.1], "size": [8, 7, 8], "pivot": [0, 16, -3], "rotation": [2.5, 0, 0], "uv": [0, 45]},
						{"origin": [-6, 10.9, 4.7], "size": [12, 9, 5], "uv": [0, 60]},
						{"origin": [-8, 13, 9.6], "size": [3, 4, 1], "pivot": [0, 2, -5], "rotation": [0, 0, 37.5], "uv": [24, 22]},
						{"origin": [-4.8, 16, -0.5], "size": [1, 1, 1], "uv": [30, 7]},
						{"origin": [-4.7, 14, -1], "size": [1, 1, 1], "uv": [30, 7]},
						{"origin": [1.5, 11.3, -2], "size": [1, 1, 1], "uv": [30, 7]},
						{"origin": [3.8, 17, 3.5], "size": [1, 1, 1], "pivot": [0, 2, -5], "rotation": [2.5, 0, 0], "uv": [30, 7]},
						{"origin": [1, 18.5, 2], "size": [2, 1, 2], "pivot": [0, 2, -5], "rotation": [2.5, 0, 0], "uv": [29, 49]},
						{"origin": [4, 13, -2], "size": [1, 1, 1], "uv": [30, 7]},
						{"origin": [3.8, 15, 3.5], "size": [1, 1, 1], "pivot": [0, 2, -5], "rotation": [2.5, 0, 0], "uv": [30, 10]}
					]
				},
				{
					"name": "PataIzq1",
					"pivot": [4, 13, -6],
					"cubes": [
						{"origin": [2.1, 7, -8.5], "size": [4, 6, 4], "uv": [53, 0]},
						{"origin": [2.8, 1.2, -8], "size": [3, 6, 3], "uv": [57, 10]},
						{"origin": [2.3, 0, -8.5], "size": [4, 2, 4], "uv": [53, 19]}
					]
				},
				{
					"name": "PataIDer1",
					"pivot": [-4, 13, -6],
					"cubes": [
						{"origin": [-6.1, 7, -8.5], "size": [4, 6, 4], "uv": [37, 0], "mirror": true},
						{"origin": [-5.8, 1.2, -8], "size": [3, 6, 3], "uv": [37, 10], "mirror": true},
						{"origin": [-6.3, 0, -8.5], "size": [4, 2, 4], "uv": [37, 19], "mirror": true}
					]
				},
				{
					"name": "PataIDer2",
					"pivot": [-4, 13, 7],
					"cubes": [
						{"origin": [-6.1, 6, 4.7], "size": [4, 7, 4], "uv": [59, 27], "mirror": true},
						{"origin": [-5.6, 1.2, 5.2], "size": [3, 5, 3], "uv": [63, 38], "mirror": true},
						{"origin": [-6.1, 0, 4.7], "size": [4, 2, 4], "uv": [59, 46], "mirror": true}
					]
				},
				{
					"name": "PataIzq2",
					"pivot": [4, 13, 7],
					"cubes": [
						{"origin": [2.1, 6, 4.7], "size": [4, 7, 4], "uv": [43, 27]},
						{"origin": [2.6, 1.2, 5.2], "size": [3, 5, 3], "uv": [47, 38]},
						{"origin": [2.1, 0, 4.7], "size": [4, 2, 4], "uv": [43, 46]}
					]
				}
			]
		}
	]
}