{
  "format_version": "1.10.0",
  "animation_controllers": {
    "controller.animation.climb": {
      "states": {
        "default": {
          "transitions": [
            {
              "scp096": "(1.0)"
            }
          ],
          "on_entry": [
          "/function climb"
          ]
        },
        "scp096": {
          "transitions": [
            {
              "default": "query.is_sneaking && !query.ground_speed >= 0.1 && query.head_x_rotation(-85) <= 0 && !query.head_x_rotation(-85) >= -70"
            }
          ],
          "on_entry": [
          "/function climb"
          ]
        }
      }
    }
  }
}