{
  "format_version": "1.10.0",
  "animation_controllers": {
    "controller.animation.jump": {
      "states": {
        "default": {
          "transitions": [
            {
              "scp096": "(1.0)"
            }
          ],
          "on_entry": [
         "/execute @a ~~~ tp @a ^^^1",
         "/gamerule sendcommandfeedback false",
         "/gamerule commandblockoutput false"
          ]
        },
        "scp096": {
          "transitions": [
            {
              "default": "query.get_equipped_item_name == 'jump' && query.is_using_item"
            }
          ],
          "on_entry": [
          "/execute @a ~~~ tp @a ^^^1",
          "/gamerule sendcommandfeedback false",
          "/gamerule commandblockoutput false"
          ]
        }
      }
    }
  }
}