{
  "format_version": "1.10.0",
  "animation_controllers": {
    "controller.animation.killing1": {
      "states": {
        "default": {
          "transitions": [
            {
              "scp096": "(1.0)"
            }
          ],
          "on_entry": [
          "/execute @p ~~~ playanimation @e[type=!player,r=10] animation.player_bd.lying a 1",
          "/ride @e[type=!player,r=10] start_riding @e[type=player,r=10] teleport_rider",
          "/execute @e[type=!player,r=10] ~~~ tp @s ^^^0.010 facing @p",
          "/execute @p ~~~ kill @e[type=!player,r=3]",
          "/execute @p ~~~ tp @e[type=!player,r=2] -999999999 -99999999 -9999999",
          "/gamerule sendcommandfeedback false",
          "/gamerule commandblockoutput false"
          ]
        },
        "scp096": {
          "transitions": [
            {
              "default": "query.get_equipped_item_name == 'killing1' && query.is_using_item"
            }
          ],
          "on_entry": [
          "/execute @p ~~~ playanimation @e[type=!player,r=10] animation.player_bd.lying a 1",
          "/ride @e[type=!player,r=10] start_riding @e[type=player,r=10] teleport_rider",
          "/execute @e[type=!player,r=10] ~~~ tp @s ^^^0.010 facing @p",
          "/execute @p ~~~ kill @e[type=!player,r=3]",
          "/execute @p ~~~ tp @e[type=!player,r=2] -999999999 -99999999 -9999999",
          "/gamerule sendcommandfeedback false",
          "/gamerule commandblockoutput false"
          ]
        }
      }
    }
  }
}