{
  "format_version": "1.16.0",
  "minecraft:entity": {
    "description": {
      "identifier": "op_asa:furnace",
      "is_spawnable": true,
      "is_summonable": true,
      "is_experimental": false,
      "scripts":{
        "animate":["1"]
      },
      "animations":{
        "1":"controller.animation.homies_furnace"
      }
    },
    "component_groups":{
      "op_asa:wild":{
        "minecraft:tameable": {
          "probability": 1,
          "tame_items": "op_asa:homies_tame",
          "tame_event": {
            "event": "op_asa:on_tame",
            "target": "self"
          }
        }
      },
      "op_asa:mam":{
        "minecraft:type_family": {
          "family": ["sorusoru","mam","sorusoru1"]
        },
        "minecraft:is_baby":{},
        "minecraft:behavior.nearest_attackable_target": {
          "priority": 1,
          "must_see": true,
          "reselect_targets": true,
          "entity_types": [
            {
              "filters":{
                "all_of": [
                  { "test": "is_family", "subject": "other", "value": "player" }
                ]
              },
              "max_dist": 32
            }
          ]
        },
        "minecraft:behavior.hurt_by_target": {
          "entity_types": {
            "filters": {
                "test": "is_family",
                "subject": "other",
                "operator": "!=",
                "value": "waza"
            }
          },
          "priority": 1
        },
        "minecraft:behavior.random_stroll": {
          "priority": 6,
          "speed_multiplier": 1
        }
      },
      "op_asa:tame":{
        "minecraft:type_family": {
          "family": ["sorusoru","player","sorusoru1"]
        },
        "minecraft:behavior.stay_while_sitting": {
          "priority": 0
        },
        "minecraft:behavior.owner_hurt_target": {
          "priority": 1
        },
        "minecraft:behavior.follow_owner": {
          "priority": 2,
          "speed_multiplier": 1.0,
          "start_distance": 4,
          "stop_distance": 3
        },
        "minecraft:behavior.owner_hurt_by_target": {
          "priority": 3
        },
        "minecraft:is_tamed": {},
        "minecraft:sittable": {},
        "minecraft:healable": {
          "items": [
            {
              "item":"op_asa:soul",
              "heal_amount":1
            }
          ]
        }
      },
      "op_asa:canbake":{
        "minecraft:variant":{
          "value":2
        },
        "minecraft:interact": {
          "interactions": [
            {
              "on_interact": {
                "filters": {
                  "all_of": [
                    {
                      "any_of":[
                        // food
                        {
                          "test": "has_equipment",
                          "subject": "other",
                          "domain": "hand",
                          "value": "chicken"
                        },
                        {
                          "test": "has_equipment",
                          "subject": "other",
                          "domain": "hand",
                          "value": "porkchop"
                        },
                        {
                          "test": "has_equipment",
                          "subject": "other",
                          "domain": "hand",
                          "value": "beef"
                        },
                        {
                          "test": "has_equipment",
                          "subject": "other",
                          "domain": "hand",
                          "value": "muttonraw"
                        },
                        {
                          "test": "has_equipment",
                          "subject": "other",
                          "domain": "hand",
                          "value": "rabbit"
                        },
                        {
                          "test": "has_equipment",
                          "subject": "other",
                          "domain": "hand",
                          "value": "fish"
                        },
                        {
                          "test": "has_equipment",
                          "subject": "other",
                          "domain": "hand",
                          "value": "salmon"
                        },
                        {
                          "test": "has_equipment",
                          "subject": "other",
                          "domain": "hand",
                          "value": "potato"
                        },
                        // ore
                        {
                          "test": "has_equipment",
                          "subject": "other",
                          "domain": "hand",
                          "value": "gold_ore"
                        },
                        {
                          "test": "has_equipment",
                          "subject": "other",
                          "domain": "hand",
                          "value": "iron_ore"
                        },
                        {
                          "test": "has_equipment",
                          "subject": "other",
                          "domain": "hand",
                          "value": "coal_ore"
                        },
                        // log
                        {
                          "test": "has_equipment",
                          "subject": "other",
                          "domain": "hand",
                          "value": "log"
                        },
                        {
                          "test": "has_equipment",
                          "subject": "other",
                          "domain": "hand",
                          "value": "log:1"
                        },
                        {
                          "test": "has_equipment",
                          "subject": "other",
                          "domain": "hand",
                          "value": "log:2"
                        },
                        {
                          "test": "has_equipment",
                          "subject": "other",
                          "domain": "hand",
                          "value": "log:3"
                        },
                        {
                          "test": "has_equipment",
                          "subject": "other",
                          "domain": "hand",
                          "value": "log2"
                        },
                        {
                          "test": "has_equipment",
                          "subject": "other",
                          "domain": "hand",
                          "value": "log2:1"
                        },
                        {
                          "test": "has_equipment",
                          "subject": "other",
                          "domain": "hand",
                          "value": "crimson_stem"
                        },
                        {
                          "test": "has_equipment",
                          "subject": "other",
                          "domain": "hand",
                          "value": "warped_stem"
                        },
                        // other
                        {
                          "test": "has_equipment",
                          "subject": "other",
                          "domain": "hand",
                          "value": "sand"
                        },
                        {
                          "test": "has_equipment",
                          "subject": "other",
                          "domain": "hand",
                          "value": "sponge:1"
                        }
                      ]
                    },
                    {
                      "test": "is_family",
                      "subject": "other",
                      "value": "player"
                    }
                  ]
                },
                "event":"op_asa:bake"
              },
              "cooldown": 0.0,
              "cooldown_after_being_attacked": 0,
              "hurt_item": 0,
              "swing": false,
              "use_item": false,
              "interact_text": "action.interact.homies_furnace"
            }
          ]
        }
      },
      "op_asa:nobake":{
        "minecraft:variant":{
          "value":1
        }
      }
    },
    
    "components": {
      "minecraft:movement": {
        "value": 0.15
      },
      "minecraft:health": {
        "value": 20,
        "max": 20
      },
      "minecraft:attack":{
        "damage":3
      },
      "minecraft:collision_box": {
        "width":0.5,
        "height":0.6
      },
      "minecraft:knockback_resistance": {
        "value": 0.8
      },
      "minecraft:behavior.equip_item": {
        "priority": 5
      },
      "minecraft:navigation.walk": {
        "is_amphibious": true,
        "can_pass_doors":false,
        "can_break_doors":false,
        "can_walk":true,
        "can_open_doors": false,
        "can_path_over_water": true,
        "avoid_water": true
      },
      "minecraft:behavior.melee_attack": {
      },
      "minecraft:nameable": {
      },
      "minecraft:type_family": {
        "family": ["sorusoru","sorusoru1"]
      },
      "minecraft:movement.basic": {
      },
      "minecraft:jump.static": {},
      "minecraft:can_climb": {
      },
      "minecraft:hurt_on_condition": {
        "damage_conditions": [
          {
            "filters": {
              "test": "in_lava",
              "subject": "self",
              "operator": "==",
              "value": true
            },
            "cause": "lava",
            "damage_per_tick": 4
          },
          {
            "filters": { "test": "in_water", "operator": "==", "value": true },
            "cause": "drowning",
            "damage_per_tick": 1
          }
        ]
      },
      "minecraft:breathable": {
        "total_supply": 15,
        "suffocate_time": 0
      },
      "minecraft:behavior.look_at_player": {
        "priority": 9,
        "look_distance": 10,
        "probability": 0.02
      },
      "minecraft:behavior.random_look_around":{
        "priority":7,
        "speed_multiplier":1
      },
      "minecraft:physics": {
      },
      "minecraft:pushable": {
        "is_pushable": true,
        "is_pushable_by_piston": true
      },
      "minecraft:conditional_bandwidth_optimization": {
      },
      "minecraft:persistent":{
      }
    },
    "events":{
      "minecraft:entity_spawned":{
        "add":{
          "component_groups":[
            "op_asa:wild"
          ]
        },
        "run_command":{
          "command":"give @p op_asa:homies_tame"
        }
      },
      "op_asa:on_tame":{
        "remove":{
          "component_groups":[
            "op_asa:wild"
          ]
        },
        "add": {
          "component_groups": [
            "op_asa:tame"
          ]
        }
      },
      "op_asa:canbake":{
        "remove":{
          "component_groups":[
            "op_asa:nobake"
          ]
        },
        "add":{
          "component_groups":[
            "op_asa:canbake"
          ]
        }
      },
      "op_asa:nobake":{
        "remove":{
          "component_groups":[
            "op_asa:canbake"
          ]
        },
        "add":{
          "component_groups":[
            "op_asa:nobake"
          ]
        }
      },
      "op_asa:bake":{
        "sequence":[
          {
            "filters": {
              "test": "has_equipment","subject":"other","value": "chicken"
            },
            "sequence":[
              {
                "run_command":{
                  "command":"clear @s chicken 0 1",
                  "target":"other"
                }
              },
              {
                "run_command":{
                  "command":"give @s cooked_chicken 1",
                  "target":"other"
                }
              }
            ]
          },
          {
            "filters": {
              "test": "has_equipment","subject":"other","value": "porkchop"
            },
            "sequence":[
              {
                "run_command":{
                  "command":"clear @s porkchop 0 1",
                  "target":"other"
                }
              },
              {
                "run_command":{
                  "command":"give @s cooked_porkchop 1",
                  "target":"other"
                }
              }
            ]
          },
          {
            "filters": {
              "test": "has_equipment","subject":"other","value": "beef"
            },
            "sequence":[
              {
                "run_command":{
                  "command":"clear @s beef 0 1",
                  "target":"other"
                }
              },
              {
                "run_command":{
                  "command":"give @s cooked_beef 1",
                  "target":"other"
                }
              }
            ]
          },
          {
            "filters": {
              "test": "has_equipment","subject":"other","value": "muttonraw"
            },
            "sequence":[
              {
                "run_command":{
                  "command":"clear @s muttonraw 0 1",
                  "target":"other"
                }
              },
              {
                "run_command":{
                  "command":"give @s muttoncooked 1",
                  "target":"other"
                }
              }
            ]
          },
          {
            "filters": {
              "test": "has_equipment","subject":"other","value": "rabbit"
            },
            "sequence":[
              {
                "run_command":{
                  "command":"clear @s rabbit 0 1",
                  "target":"other"
                }
              },
              {
                "run_command":{
                  "command":"give @s cooked_rabbit 1",
                  "target":"other"
                }
              }
            ]
          },
          {
            "filters": {
              "test": "has_equipment","subject":"other","value": "fish"
            },
            "sequence":[
              {
                "run_command":{
                  "command":"clear @s fish 0 1",
                  "target":"other"
                }
              },
              {
                "run_command":{
                  "command":"give @s cooked_fish 1",
                  "target":"other"
                }
              }
            ]
          },
          {
            "filters": {
              "test": "has_equipment","subject":"other","value": "salmon"
            },
            "sequence":[
              {
                "run_command":{
                  "command":"clear @s salmon 0 1",
                  "target":"other"
                }
              },
              {
                "run_command":{
                  "command":"give @s cooked_salmon 1",
                  "target":"other"
                }
              }
            ]
          },
          {
            "filters": {
              "test": "has_equipment","subject":"other","value": "potato"
            },
            "sequence":[
              {
                "run_command":{
                  "command":"clear @s potato 0 1",
                  "target":"other"
                }
              },
              {
                "run_command":{
                  "command":"give @s baked_potato 1",
                  "target":"other"
                }
              }
            ]
          },
          {
            "filters": {
              "test": "has_equipment","subject":"other","value": "gold_ore"
            },
            "sequence":[
              {
                "run_command":{
                  "command":"clear @s gold_ore 0 1",
                  "target":"other"
                }
              },
              {
                "run_command":{
                  "command":"give @s gold_ingot 1",
                  "target":"other"
                }
              }
            ]
          },
          {
            "filters": {
              "test": "has_equipment","subject":"other","value": "iron_ore"
            },
            "sequence":[
              {
                "run_command":{
                  "command":"clear @s iron_ore 0 1",
                  "target":"other"
                }
              },
              {
                "run_command":{
                  "command":"give @s iron_ingot 1",
                  "target":"other"
                }
              }
            ]
          },
          {
            "filters": {
              "test": "has_equipment","subject":"other","value": "log"
            },
            "sequence":[
              {
                "run_command":{
                  "command":"clear @s log 0 1",
                  "target":"other"
                }
              },
              {
                "run_command":{
                  "command":"give @s coal 1 1",
                  "target":"other"
                }
              }
            ]
          },
          {
            "filters": {
              "test": "has_equipment","subject":"other","value": "log:1"
            },
            "sequence":[
              {
                "run_command":{
                  "command":"clear @s log 1 1",
                  "target":"other"
                }
              },
              {
                "run_command":{
                  "command":"give @s coal 1 1",
                  "target":"other"
                }
              }
            ]
          },
          {
            "filters": {
              "test": "has_equipment","subject":"other","value": "log:2"
            },
            "sequence":[
              {
                "run_command":{
                  "command":"clear @s log 2 1",
                  "target":"other"
                }
              },
              {
                "run_command":{
                  "command":"give @s coal 1 1",
                  "target":"other"
                }
              }
            ]
          },
          {
            "filters": {
              "test": "has_equipment","subject":"other","value": "log:3"
            },
            "sequence":[
              {
                "run_command":{
                  "command":"clear @s log 3 1",
                  "target":"other"
                }
              },
              {
                "run_command":{
                  "command":"give @s coal 1 1",
                  "target":"other"
                }
              }
            ]
          },
          {
            "filters": {
              "test": "has_equipment","subject":"other","value": "log2"
            },
            "sequence":[
              {
                "run_command":{
                  "command":"clear @s log2 0 1",
                  "target":"other"
                }
              },
              {
                "run_command":{
                  "command":"give @s coal 1 1",
                  "target":"other"
                }
              }
            ]
          },
          {
            "filters": {
              "test": "has_equipment","subject":"other","value": "log2:1"
            },
            "sequence":[
              {
                "run_command":{
                  "command":"clear @s log2 1 1",
                  "target":"other"
                }
              },
              {
                "run_command":{
                  "command":"give @s coal 1 1",
                  "target":"other"
                }
              }
            ]
          },
          {
            "filters": {
              "test": "has_equipment","subject":"other","value": "crimson_stem"
            },
            "sequence":[
              {
                "run_command":{
                  "command":"clear @s crimson_stem 0 1",
                  "target":"other"
                }
              },
              {
                "run_command":{
                  "command":"give @s coal 1 1",
                  "target":"other"
                }
              }
            ]
          },
          {
            "filters": {
              "test": "has_equipment","subject":"other","value": "warped_stem"
            },
            "sequence":[
              {
                "run_command":{
                  "command":"clear @s warped_stem 0 1",
                  "target":"other"
                }
              },
              {
                "run_command":{
                  "command":"give @s coal 1 1",
                  "target":"other"
                }
              }
            ]
          },
          {
            "filters": {
              "test": "has_equipment","subject":"other","value": "sand"
            },
            "sequence":[
              {
                "run_command":{
                  "command":"clear @s sand 0 1",
                  "target":"other"
                }
              },
              {
                "run_command":{
                  "command":"give @s glass 1",
                  "target":"other"
                }
              }
            ]
          },
          {
            "filters": {
              "test": "has_equipment","subject":"other","value": "sponge:1"
            },
            "sequence":[
              {
                "run_command":{
                  "command":"clear @s sponge 1 1",
                  "target":"other"
                }
              },
              {
                "run_command":{
                  "command":"give @s sponge 1 0",
                  "target":"other"
                }
              }
            ]
          }
        ]
      }
    }
}}
