{
  "format_version": "1.12",
  "minecraft:recipe_shaped": {
    "description": {
      "identifier": "sandy_net_gun_25a9a0d1"
    },
    "tags": [
      "crafting_table"
    ],
    "pattern": [
      "  A",
      "BCD",
      " EC"
    ],
    "key": {
      "A": {
        "item": "minecraft:redstone",
        "data": 0
      },
      "B": {
        "item": "minecraft:diamond",
        "data": 0
      },
      "C": {
        "item": "minecraft:iron_ingot",
        "data": 0
      },
      "D": {
        "item": "minecraft:bow",
        "data": 0
      },
      "E": {
        "item": "minecraft:iron_nugget",
        "data": 0
      }
    },
    "result": {
      "item": "sb:sandy_net_gun",
      "count": 1
    }
  }
}