{"entity_sounds":{"entities":{"yg:charles":{"events":{"attack":{"pitch":1,"sound":"mob.yg_charles.attack","volume":50},"death":"mob.yg_charles.death","hurt":"mob.yg_charles.hurt","step":{"pitch":1,"sound":"mob.yg_charles.step","volume":10}},"pitch":[1],"volume":50},"yg:hell_charles":{"events":{"attack":{"pitch":1,"sound":"mob.yg_charles.attack","volume":50},"death":"mob.yg_charles.death","hurt":"mob.yg_charles.hurt","step":{"pitch":1,"sound":"mob.yg_charles.step","volume":10}},"pitch":[1],"volume":50}}}}