{
	"format_version": "1.10.0",
	"particle_effect": {
		"description": {
			"identifier": "bd:huggy_watering",
			"basic_render_parameters": {
				"material": "particles_blend",
				"texture": "textures/particle/particles"
			}
		},
		"components": {
			"minecraft:emitter_local_space": {
				"position": true,
				"rotation": false
			},
			"minecraft:emitter_rate_steady": {
				"spawn_rate": 5,
				"max_particles": 10
			},
			"minecraft:emitter_lifetime_looping": {
				"active_time": 4
			},
			"minecraft:emitter_shape_box": {
				"half_dimensions": [0.3, 0, 0.3],
				"direction": ["2+Math.random(-1, 1)/2", "-16-Math.random(0, 8)", "Math.random(-1, 1)/2"]
			},
			"minecraft:particle_lifetime_expression": {
				"max_lifetime": 1
			},
			"minecraft:particle_expire_if_not_in_blocks": ["minecraft:air"],
			"minecraft:particle_initial_speed": "-3+Math.random(0, 5)",
			"minecraft:particle_motion_dynamic": {
				"linear_drag_coefficient": "3+Math.random(0, 1)"
			},
			"minecraft:particle_appearance_billboard": {
				"size": [0.02, 0.2],
				"facing_camera_mode": "lookat_y",
				"uv": {
					"texture_width": 128,
					"texture_height": 128,
					"uv": ["8 * (0.125 * (math.floor(variable.particle_random_2*7)*8))", 80],
					"uv_size": [8, 8]
				}
			},
			"minecraft:particle_appearance_lighting": {},
			"minecraft:particle_appearance_tinting": {
				"color": [0, 0.32549, 1, 0.5098]
			}
		}
	}
}